#{"t_start": 1785403729.9199169, "env_id": "Go2Locomotion-v0"}
r,l,t
-188.480807,826,21.306604
-8.997487,103,21.946614
-9.299941,108,22.649242
13.055246,74,23.100682
2.242164,55,23.456821
-13.625591,70,23.890661
-5.418742,60,24.25961
-6.414827,64,24.660245
13.474496,59,25.021172
-66.464226,46,25.280126
-11.619756,43,25.539927
-0.681626,64,25.943698
-5.095105,42,26.215908
-5.871552,43,26.458753
-31.454139,59,26.844234
-79.227758,76,27.328035
-14.953879,61,27.759923
7.526677,51,28.085639
-19.318523,43,28.365798
-5.72643,80,28.827609
-32.605871,75,29.809083
-28.492368,52,30.139578
-46.714727,121,30.895212
31.434773,102,31.556234
-2.056959,69,32.003062
14.475566,94,32.562926
11.744935,86,33.154976
1.590423,60,33.489423
3.051859,39,33.755328
-56.662475,109,34.454142
-0.107562,80,34.945174
6.109203,55,35.293396
0.528857,44,35.580572
-10.981688,81,36.067827
-6.494024,64,36.454785
-4.970123,56,36.80826
-7.2741,98,37.397586
-25.278106,43,37.653149
-20.174008,80,38.151944
-10.449077,85,38.654397
3.783301,66,39.09489
-7.804551,71,39.545864
-4.816126,78,40.043429
-9.803716,75,40.507853
-51.859582,87,41.037816
0.971497,103,41.688998
-9.94543,58,42.088454
-44.261866,127,46.224875
-55.940333,155,47.184206
24.477018,186,48.35673
1.451601,47,48.645693
-17.588313,59,49.025638
5.022005,62,49.388853
15.757149,74,49.858201
-26.662343,55,50.197255
19.787401,138,51.019641
-42.174872,86,51.538162
-37.639771,77,51.989113
2.954118,78,52.448318
0.122897,74,52.895146
-18.218458,93,53.468378
19.149868,84,53.99129
16.444834,61,54.378073
-3.791657,66,54.771245
-87.504692,99,55.385667
33.501425,116,56.126043
37.023779,213,57.402145
9.031919,79,57.916567
-16.523848,138,61.875406
26.670382,166,62.878539
6.712249,91,63.424286
65.681036,495,66.489345
32.559372,96,67.060636
34.163008,207,68.370284
8.823855,91,68.926766
-12.787673,58,69.279296
3.933767,135,70.092103
63.71806,435,72.741643
25.336121,200,80.695897
-51.252968,165,81.705773
33.075967,237,83.156127
53.967512,167,84.168599
-1.029557,49,84.485641
48.207442,154,85.432602
-4.709984,94,85.971937
-117.140656,272,87.6073
70.233986,228,88.970239
18.398359,216,90.246861
34.546251,169,91.31949
60.464199,257,92.88488
82.532424,317,100.443554
44.206144,114,101.117088
18.842286,176,102.160673
56.730736,294,103.883225
11.176706,166,104.848971
-12.518154,76,105.316162
-47.511384,246,106.831285
51.571534,254,108.318941
-77.503189,277,109.936109
28.442675,273,118.471953
-39.792785,206,119.688025
20.479602,96,120.243946
61.50381,367,122.345316
75.979404,535,125.316754
19.721303,254,126.704836
33.244279,286,128.235785
40.866355,360,139.227428
-118.466621,232,140.524619
12.132424,189,141.588044
36.769712,390,143.693183
28.816749,277,145.155792
101.448508,1000,159.225632
-84.467363,304,160.810734
29.98322,160,161.651472
-62.978168,140,162.368563
39.887374,386,164.391484
95.42393,1000,179.533643
84.048503,1000,184.590056
108.640912,875,189.018123
-29.438336,67,199.099577
89.184596,956,204.003885
92.317152,1000,209.053273
25.890612,101,218.635458
5.140258,124,219.274945
75.580407,594,222.253385
69.945925,647,225.462032
23.381315,131,226.115052
18.419724,137,226.818712
15.173052,432,235.700799
106.259653,1000,241.331416
63.535105,633,244.65747
-54.978333,134,245.344635
70.651074,842,257.290778
93.275326,990,262.328969
33.396564,176,263.258748
30.727837,267,273.852651
103.850761,1000,279.163855
43.188544,202,280.278292
111.470737,1000,295.48543
53.136932,628,298.735616
23.916365,175,299.628358
75.403078,793,303.602717
78.427468,689,317.001272
20.169769,261,318.342482
100.547111,1000,323.707909
35.222526,276,325.106707
99.505012,1000,338.017483
35.572406,177,338.904085
41.71568,189,339.861268
101.019848,1000,354.087376
66.032386,521,356.774835
103.881107,1000,361.940514
80.388933,710,373.299529
146.28974,1000,378.288921
54.174014,429,380.393245
103.52182,1000,396.032946
39.089198,1000,401.13511
4.564216,745,413.979562
84.04641,863,418.324756
79.012274,387,420.265618
59.662738,1000,434.735683
-14.071905,434,436.991207
30.398031,231,438.146742
44.902256,386,440.107696
117.755658,1000,453.350067
25.628885,99,453.852242
61.973251,557,456.704073
-46.240103,93,457.190198
100.417661,1000,470.41887
92.395253,1000,475.341966
100.368878,1000,489.932614
102.873852,1000,494.906022
81.521778,1000,507.147831
-19.822228,1000,512.160942
89.761035,1000,527.271539
98.065248,1000,532.232949
97.861649,1000,547.24841
91.840211,1000,552.418856
-49.814449,125,553.045373
-25.901545,13,553.109117
144.359486,1000,566.539964
94.92917,717,570.278352
28.964405,214,571.388248
21.547465,186,572.390146
62.074457,424,574.706699
5.356745,80,575.11635
38.392544,168,584.904072
-33.435912,246,586.211032
44.605434,300,587.786528
45.654665,398,589.903502
94.139429,1000,594.90417
104.685966,1000,610.857068
112.299607,1000,616.045499
96.82284,1000,631.416646
74.928346,1000,636.703173
38.554681,285,646.623584
21.762582,212,647.727023
95.327934,1000,652.935604
41.990181,279,654.428157
15.733913,99,654.972425
51.813247,457,665.525029
-69.702008,275,666.962095
42.374307,292,668.524009
-18.522186,160,669.352745
37.350279,387,671.345711
55.831208,263,672.756804
100.328902,1000,687.665748
102.918892,1000,692.691451
8.172107,66,693.023914
99.301521,1000,706.836952
12.99773,66,707.194959
-22.748699,136,707.915222
98.005224,1000,713.026506
88.616309,1000,726.193769
91.453489,1000,731.380067
30.781301,191,732.370183
83.700576,1000,745.808533
46.741023,374,747.779543
61.198802,1000,762.772428
60.639235,1000,768.040089
91.513482,1000,780.857745
46.283708,264,782.240504
11.595204,56,782.534236
-3.524257,1000,787.466902
92.249132,1000,801.770616
80.010966,1000,806.924188
-91.481737,365,808.776752
78.248293,1000,823.442314
61.868568,1000,828.559147
85.509733,1000,842.56639
57.889119,267,843.966537
62.361326,1000,849.08615
13.452254,140,849.799693
84.464045,1000,863.150525
62.467068,375,865.174576
92.384616,1000,880.138748
147.111859,1000,885.373456
101.069265,1000,900.520286
90.203698,1000,905.923197
98.702792,1000,920.920821
17.128736,60,921.246694
67.634126,479,923.778415
70.846903,405,925.961842
60.362108,475,928.455608
-3.120345,209,929.530738
15.859417,51,929.809658
6.651925,64,930.139498
82.474328,423,941.754905
103.909962,1000,946.874807
10.81738,70,947.255734
83.298462,1000,962.951036
30.228089,283,964.377527
94.434607,1000,969.484721
62.268484,494,977.486994
63.199948,427,979.707534
74.754228,402,981.729287
21.299273,363,983.559921
49.579277,377,985.538878
59.895453,437,987.966805
12.128931,1000,1002.880605
77.271183,325,1004.658107
29.203519,128,1005.306816
73.991475,1000,1019.70324
93.321836,1000,1024.994603
67.096322,525,1027.748174
97.952542,1000,1042.62783
51.799047,605,1045.870263
67.790509,249,1047.143853
90.51098,597,1058.218037
102.162319,888,1063.017776
89.230595,1000,1076.947166
25.374725,189,1077.962556
86.849254,1000,1083.140864
100.538,872,1096.619549
110.67598,1000,1101.795309
50.106321,307,1103.273682
19.026956,1000,1117.013862
-46.326029,78,1117.460693
11.536898,79,1117.867229
26.664198,190,1118.851431
97.261835,614,1122.040309
33.21843,219,1123.198339
28.517197,395,1125.228334
92.401863,1000,1140.505688
75.356488,1000,1145.856819
-37.438608,173,1155.908781
85.422173,1000,1161.23909
98.018708,1000,1166.46072
-10.893559,56,1175.657223
29.644467,230,1176.863607
86.6415,1000,1182.125362
49.603314,308,1183.813654
34.64686,166,1184.753722
-109.826867,246,1186.116141
64.755382,321,1197.232042
55.842498,263,1198.64277
-9.037615,271,1200.087482
134.336225,1000,1205.425943
14.676171,131,1206.091053
51.44871,1000,1221.065058
8.171538,55,1221.340217
51.675434,373,1223.264393
48.445416,270,1224.630681
15.06088,132,1225.293425
53.340267,1000,1239.096342
73.537427,251,1240.365213
31.69622,129,1241.004848
22.485109,95,1241.485745
40.9834,1000,1254.365338
99.296727,1000,1259.640232
-5.933896,155,1260.427781
93.991683,430,1262.593178
88.268384,1000,1277.655445
101.444248,1000,1282.972095
66.688284,1000,1299.742825
73.908882,317,1301.420252
79.865096,417,1303.68563
96.296626,1000,1317.651658
33.574846,179,1318.573045
98.54266,1000,1323.79437
-59.36398,1000,1338.478593
55.706342,384,1340.427839
7.813166,69,1340.782146
64.078587,282,1342.239969
27.370186,209,1343.386056
-53.631404,117,1344.040526
30.984486,1000,1358.193707
14.828818,171,1359.115958
58.051639,360,1361.006242
95.522417,1000,1366.545964
74.814451,1000,1381.694509
39.050484,301,1383.367314
63.547653,328,1385.110747
-3.103836,313,1386.727775
20.935704,127,1387.351485
56.18695,519,1399.093717
94.294755,1000,1404.381545
121.336304,1000,1418.67506
14.929665,107,1419.283707
129.932794,1000,1424.617277
106.8146,1000,1436.962696
24.940757,363,1438.944347
44.378134,694,1442.720294
28.20478,260,1444.083345
43.975159,363,1454.036414
59.273911,157,1454.877499
83.313089,829,1459.3476
39.202618,122,1459.992102
94.059332,1000,1475.488069
86.771791,341,1477.368469
84.45091,560,1480.588568
16.486721,99,1481.130224
26.700929,717,1485.141323
74.65634,485,1498.334404
59.360119,318,1500.067542
95.132001,1000,1505.366714
65.920035,1000,1521.022956
90.373353,711,1524.82166
68.389384,1000,1537.524728
11.622061,117,1538.154894
83.522776,1000,1543.480062
95.99275,1000,1558.977567
20.2387,99,1559.523237
86.802243,735,1563.572039
48.353676,413,1565.921197
-35.403136,243,1567.308127
12.259409,108,1567.955171
1.739564,42,1568.219817
52.657421,340,1579.584209
25.053612,224,1580.860756
89.958721,253,1582.331595
39.872458,273,1583.938066
90.024043,366,1586.001928
58.571478,320,1587.886883
99.810457,860,1600.674056
42.631238,153,1601.536902
-23.574139,103,1602.133384
31.795913,91,1602.676549
23.181768,76,1603.107198
43.050146,162,1604.076247
15.540559,164,1605.059501
24.160684,217,1606.312374
120.539634,510,1609.290612
-13.415745,188,1619.581853
60.172055,366,1621.724875
11.576902,172,1622.70563
12.943645,204,1623.867966
151.992171,783,1628.337902
2.625088,243,1629.726338
2.84118,165,1630.68337
8.04816,70,1639.555376
-0.871119,143,1640.390258
78.015886,556,1643.643749
2.693772,214,1644.892928
58.414098,514,1647.921547
-29.163792,118,1648.6003
8.446538,121,1649.32608
-2.110946,78,1649.768094
-92.431699,895,1662.282134
63.237934,344,1664.32039
26.495215,165,1665.265753
17.600079,86,1665.765879
33.715062,122,1666.485339
58.852817,510,1669.43142
-22.675503,200,1680.877333
23.142252,322,1682.825834
18.063694,152,1683.714907
-8.028565,142,1684.529327
-2.216405,123,1685.201873
62.181675,218,1686.456939
15.630579,125,1687.200213
48.525616,154,1688.099339
2.109086,322,1689.931058
-25.589791,173,1690.93663
-35.358506,164,1691.911603
62.88252,421,1701.921674
51.660006,285,1703.604158
30.883099,173,1704.629384
22.895131,180,1705.70784
58.725846,384,1707.997721
52.267614,390,1710.257902
-18.601545,1000,1724.301854
32.372407,268,1725.840962
4.552705,133,1726.592197
26.039561,265,1728.118298
70.715317,424,1730.612004
35.41715,233,1731.969938
92.910949,256,1743.081174
28.935896,140,1743.896261
11.338518,145,1744.797407
4.77106,126,1745.566766
-64.560836,185,1746.700851
27.928657,179,1747.725603
98.895269,1000,1753.590502
71.856043,269,1764.120334
16.744008,77,1764.59736
85.864042,296,1766.289756
76.872348,628,1770.046734
95.685312,740,1774.355786
33.218445,159,1784.529207
24.425809,158,1785.473118
17.191886,157,1786.444735
93.389829,1000,1792.190619
21.957509,190,1793.286173
-2.216655,162,1794.265
145.113294,709,1806.528236
37.850088,133,1807.296642
23.785095,185,1808.372855
11.346725,410,1810.69275
94.915001,416,1813.150455
72.998703,535,1816.25523
-43.826935,171,1825.877278
23.164015,207,1827.099675
7.329744,75,1827.589541
44.393701,246,1829.063146
80.813125,630,1832.832004
34.652277,215,1834.080857
18.805147,105,1834.732089
-5.650926,196,1835.932424
-154.107393,1000,1848.026431
109.761446,585,1851.432231
40.758836,250,1852.965618
110.524687,1000,1867.804168
25.158161,208,1869.020892
95.555375,294,1870.64604
28.056004,214,1871.931146
16.283183,203,1873.131833
-39.631728,171,1874.139408
54.105732,212,1875.385718
66.760392,218,1884.239104
19.76966,142,1885.044261
33.317686,289,1886.804547
16.797738,182,1887.920661
-17.637528,44,1888.148852
109.68014,1000,1893.924428
130.244279,353,1896.00046
25.505993,194,1904.793445
40.435142,208,1905.978451
-36.69786,863,1911.113444
61.627766,310,1912.99328
42.722137,431,1915.535449
113.967652,1000,1929.261416
-291.04789,1000,1935.005949
30.199741,94,1943.886528
-8.641976,100,1944.429444
61.311987,677,1948.445368
54.535287,513,1951.262378
7.466169,108,1951.829779
10.318473,132,1952.542945
16.533758,82,1953.042964
43.628175,514,1963.39756
23.141034,102,1963.966852
108.598292,605,1967.470417
24.773551,1000,1973.219963
-17.437383,69,1973.647025
21.141075,109,1974.259257
-38.431087,76,1974.690204
40.886968,316,1984.337708
-19.633726,1000,1990.217066
0.32917,485,1993.098816
238.552078,1000,2007.985934
237.783331,1000,2013.810432
145.871059,700,2027.38911
60.508948,253,2028.878599
20.048103,194,2030.023641
37.805562,280,2031.589124
26.208483,220,2032.883005
39.67712,225,2034.228111
107.001444,1000,2050.337386
58.308568,153,2051.222471
44.342408,263,2052.777924
-21.956579,190,2053.868606
34.692137,246,2055.247411
2.812841,46,2055.535559
134.731728,1000,2071.357276
29.032203,220,2072.705018
69.01333,413,2075.142633
-36.880821,106,2075.776027
18.497297,233,2077.172307
103.145628,542,2080.349628
73.9545,1000,2093.982872
18.912924,97,2094.541165
36.406402,274,2096.182899
99.876532,1000,2112.167195
22.335805,116,2112.85572
-17.363953,212,2114.143914
139.735481,1000,2120.138648
55.07941,449,2122.777852
100.338614,1000,2138.713066
-30.949117,133,2139.556054
-26.917564,86,2140.040072
18.851294,105,2140.628413
29.439462,149,2141.507301
56.884059,119,2142.219213
26.900502,172,2143.20618
83.227383,229,2144.502192
96.687587,265,2154.860835
58.15517,205,2156.058767
20.704314,177,2157.113235
0.485754,155,2158.073073
-22.25818,51,2158.382402
17.145224,175,2159.448097
26.454064,112,2160.108624
45.350808,263,2161.680834
26.251196,193,2162.825561
-77.16591,212,2164.073696
44.510668,219,2165.410537
96.35418,901,2179.623559
27.146783,221,2180.944161
117.542622,1000,2186.897156
-100.508452,1000,2202.018452
36.974538,220,2203.359402
9.270675,67,2203.744792
27.737176,147,2204.577821
-12.289924,43,2204.845781
30.453394,164,2205.79127
4.899893,93,2206.367322
171.958999,1000,2220.912824
15.837133,66,2221.353754
26.900058,204,2222.577597
-56.888822,156,2223.495554
169.816861,1000,2229.401723
215.700497,1000,2245.89426
182.051081,1000,2252.003246
21.052424,82,2252.488037
53.379464,207,2262.110574
29.978411,198,2263.320778
8.783713,168,2264.331468
27.185139,90,2264.893497
77.843813,719,2269.135968
31.324295,175,2270.190773
52.743153,256,2271.69794
52.448329,349,2284.042236
-29.318174,47,2284.333632
219.816762,756,2288.856903
214.64468,1000,2294.879183
24.31422,162,2304.039954
-7.070901,82,2304.534608
56.249781,311,2306.442119
-0.554273,308,2308.360771
65.860041,222,2309.667507
77.646257,226,2311.074267
11.82809,50,2311.396214
263.785551,1000,2327.238651
157.691449,1000,2333.348641
-81.277871,245,2334.839138
38.888776,198,2336.035726
7.300286,58,2336.386004
65.197872,219,2337.751717
37.212514,238,2350.192677
50.668294,244,2351.672287
320.857577,1000,2357.680242
-15.209507,201,2358.885323
41.574829,232,2360.276768
19.640577,120,2361.01005
161.070493,344,2374.6067
307.022013,1000,2380.589993
99.313295,280,2382.238198
86.371693,305,2384.087171
203.872422,1000,2398.353731
12.666414,80,2398.828209
11.511633,130,2399.609129
33.665691,201,2400.823988
80.421247,312,2402.756187
41.081422,212,2404.049687
-8.438786,109,2404.740042
74.977103,179,2405.846294
66.986044,216,2415.668986
73.769954,230,2417.145934
-30.955567,196,2418.386976
22.819557,162,2419.364196
27.11196,198,2420.591254
-64.628161,206,2421.894359
161.325056,1000,2435.466495
32.831772,220,2436.862341
54.319617,265,2438.421915
275.849293,1000,2444.458504
60.467921,318,2446.358364
18.679262,88,2446.905946
71.444213,238,2459.863252
176.840406,1000,2465.837603
65.665551,291,2467.551234
254.307221,1000,2481.176638
-35.618359,84,2481.71335
177.437262,1000,2487.792262
62.01397,245,2489.288376
53.041,240,2490.740836
49.379576,232,2500.106301
66.74056,283,2501.83107
36.404841,161,2502.791825
-23.410476,154,2503.757757
57.191473,198,2504.944221
41.775125,350,2507.020201
47.566358,218,2508.386824
43.216779,243,2509.86027
43.876029,195,2511.034351
-49.563825,208,2522.782595
24.699059,265,2524.398833
101.536458,332,2526.388444
13.974087,142,2527.243053
-21.370916,224,2528.652374
47.487789,227,2530.008536
-42.310027,1000,2543.879132
63.719977,355,2546.030684
-188.455721,1000,2552.098081
-60.788308,121,2552.812193
36.518638,200,2553.986576
-47.962003,198,2565.373747
26.682074,202,2566.567052
-58.627874,143,2567.423601
64.307954,226,2568.733043
-35.19591,229,2570.136306
32.551437,204,2571.336526
80.641664,364,2573.541052
82.644268,275,2575.195537
107.08532,290,2576.972009
116.29901,407,2588.659311
53.179983,338,2590.671629
117.649666,434,2593.291412
35.056754,126,2594.05054
83.836853,263,2595.627398
49.685672,224,2596.96843
158.373551,543,2610.262051
41.611962,255,2611.81031
91.406499,338,2613.809455
34.565818,553,2617.124392
60.761543,248,2618.626719
89.807374,365,2620.813533
91.915091,341,2630.842048
150.251501,348,2632.978437
8.853743,78,2633.445617
87.414221,237,2634.894875
-140.185686,519,2638.079482
38.394441,80,2638.579674
32.572873,179,2639.621328
-15.896921,54,2639.940685
109.863607,332,2651.049097
40.30861,188,2652.185162
108.738958,357,2654.370735
109.247116,351,2656.492706
84.684801,358,2658.681319
-8.252744,258,2660.217784
-33.923915,47,2660.507229
-81.017793,272,2662.125715
117.41678,380,2674.324559
51.56126,228,2675.653007
75.471903,315,2677.554325
-46.3498,173,2678.607831
106.628311,409,2681.032791
35.261396,197,2682.250428
-58.034951,238,2683.651341
109.760753,362,2696.367375
106.193058,283,2698.081854
55.039902,252,2699.595425
64.946102,386,2701.824895
35.113109,315,2703.675146
39.777789,231,2705.041711
74.16429,266,2706.593012
56.107681,240,2717.040772
74.637508,221,2718.348869
70.62358,204,2719.555186
128.202104,390,2721.854242
13.659208,200,2723.047892
-42.70638,266,2724.627423
66.836131,218,2725.88128
12.90737,180,2726.95231
94.542396,218,2728.293099
66.580125,262,2738.264039
96.837853,227,2739.603822
60.875126,228,2740.98057
37.553578,206,2742.203899
62.587699,215,2743.49231
145.558077,407,2745.974593
82.670434,386,2748.304385
70.044775,233,2749.667876
59.587621,264,2759.353942
84.73761,274,2761.009167
22.728729,151,2761.91222
37.11442,179,2762.976651
74.392216,146,2763.845144
-64.519352,434,2766.421393
76.191595,235,2767.814776
69.743894,216,2769.053126
142.274997,372,2779.782264
15.311325,68,2780.194779
133.144764,496,2783.184676
120.308458,322,2785.123942
104.273502,375,2787.325281
-127.158194,467,2790.174474
60.731121,222,2802.329861
50.386192,177,2803.463099
104.090447,276,2805.146334
54.99278,228,2806.580402
-17.511174,215,2807.995119
115.312015,383,2810.235317
70.861728,279,2812.119722
35.253601,175,2813.160744
148.724058,461,2826.904534
123.041541,354,2829.008045
106.128126,378,2831.231671
164.910281,432,2833.809029
35.483318,123,2834.548127
10.122705,71,2834.995493
176.732271,561,2846.947888
40.024568,133,2847.855268
126.844964,388,2850.167282
-82.603904,234,2851.528044
26.89504,150,2852.46255
132.376271,466,2855.271016
45.89825,189,2856.395048
45.470365,285,2858.096489
58.444098,188,2866.832877
46.377552,200,2868.023107
-33.700149,59,2868.38615
74.900639,156,2869.342081
62.548429,207,2870.580912
133.853544,486,2873.501243
45.133128,167,2874.475912
48.016153,191,2875.633943
34.800932,182,2876.761641
68.59587,198,2878.063269
126.53988,350,2891.20891
-65.734823,153,2892.124457
108.184533,350,2894.264404
51.401916,214,2895.597051
125.225097,493,2898.601298
-28.732036,64,2898.995281
-14.327546,222,2900.367076
-16.724331,52,2900.685902
18.27987,313,2912.096893
159.587202,297,2913.920146
16.749298,94,2914.519189
109.73846,291,2916.271817
70.34357,172,2917.336226
172.454865,364,2919.583073
41.030891,175,2920.610571
24.027861,138,2921.49192
26.427627,212,2922.755905
-39.02896,61,2923.116441
67.579643,418,2935.310649
79.054629,217,2936.633097
33.960485,174,2937.691158
45.930718,228,2939.212475
32.314719,185,2940.34341
41.898501,233,2941.751146
86.313865,229,2943.114246
11.610399,206,2944.376235
66.698855,207,2945.672808
71.039814,236,2957.567931
39.401781,216,2958.877708
39.278308,156,2959.779435
53.031679,243,2961.228628
121.041005,423,2963.730811
99.220081,388,2966.035215
82.00556,262,2967.558386
58.644443,246,2969.07959
121.110466,261,2980.491021
44.359398,178,2981.542586
91.955216,253,2983.064454
43.817501,169,2984.088864
195.952482,596,2987.623009
55.327118,197,2988.760451
68.399538,205,2989.979078
38.440509,194,3000.386109
162.859506,1000,3006.466928
41.315707,213,3007.741354
65.639435,232,3009.162597
46.422719,236,3010.592842
-39.159946,86,3011.089741
68.9412,256,3012.687027
131.314749,325,3024.419828
50.950767,238,3025.883789
26.433309,230,3027.295646
33.93642,194,3028.526524
32.77803,111,3029.153154
29.932988,164,3030.197458
17.606687,235,3031.661249
32.198745,165,3032.649399
85.526505,221,3033.994784
27.074965,347,3044.75542
39.230304,167,3045.78594
-35.202358,115,3046.455601
71.303823,203,3047.720214
53.667947,204,3048.958844
163.711863,695,3053.167341
60.256408,224,3054.494834
44.805103,136,3055.306239
76.750715,254,3066.395998
56.243838,239,3067.843311
66.920455,253,3069.321323
49.307736,223,3070.623763
88.492731,213,3071.909802
52.511641,312,3073.785737
15.995953,82,3074.260286
185.126215,375,3076.567805
101.599743,582,3088.704012
26.430225,261,3090.252298
21.629515,83,3090.716838
28.679755,310,3092.516195
7.717504,183,3093.602175
127.1254,449,3096.230697
31.503361,168,3097.252447
32.294894,250,3098.702556
27.786358,168,3109.841773
33.960105,249,3111.318126
70.802136,344,3113.282037
19.742857,117,3113.981982
19.098738,202,3115.172294
41.137325,190,3116.308551
15.790191,94,3116.88164
59.118224,375,3119.17382
2.331151,57,3119.477016
-33.727797,70,3119.919767
63.765146,379,3129.702622
10.786096,69,3130.120644
75.470817,279,3131.757008
60.258479,198,3132.938936
-154.39664,438,3135.536901
167.622807,455,3138.257758
69.249444,242,3139.687152
32.744875,225,3148.232766
15.715932,82,3148.769107
-23.25012,158,3149.719713
59.895831,273,3151.358173
58.768231,243,3152.823957
95.577206,236,3154.264795
37.041098,206,3155.487237
51.716223,203,3156.713047
60.946475,207,3157.956163
-44.376426,168,3159.003435
17.325289,180,3160.090744
34.924508,196,3168.987723
93.038565,271,3170.631128
28.82647,151,3171.554967
9.880249,53,3171.845755
-5.772393,209,3173.122277
31.7964,192,3174.276822
10.671531,223,3175.583611
-2.690386,630,3179.41885
36.050357,198,3189.562954
150.56939,639,3193.401016
34.057227,182,3194.496821
92.983207,344,3196.572409
34.890557,209,3197.817173
56.268163,215,3199.134293
61.894182,317,3201.047291
51.980335,201,3212.062984
74.756504,276,3213.721573
33.726407,223,3215.079029
177.764762,785,3219.901189
51.193208,211,3221.193901
87.87053,327,3223.178438
88.279669,402,3233.114711
56.432508,321,3235.066217
102.957664,310,3236.986995
27.624373,248,3238.585483
74.218749,296,3240.409826
44.813222,284,3242.105839
55.604645,255,3243.675138
62.783481,218,3253.485834
180.783174,429,3256.111918
70.746606,421,3258.643235
74.753713,258,3260.182043
19.960234,108,3260.85524
79.088485,229,3262.23966
21.708934,136,3263.11589
108.396743,248,3264.569032
22.156859,89,3274.224625
38.928471,174,3275.315056
44.287277,246,3276.816392
42.445448,220,3278.174888
49.143219,217,3279.511803
63.847056,180,3280.649927
21.590233,109,3281.317928
185.430995,521,3284.520277
22.832298,232,3285.949301
112.729939,408,3297.653435
-11.393527,177,3298.817972
143.702286,627,3302.681881
30.256947,185,3303.820426
166.167976,765,3308.518882
136.309714,468,3319.543363
106.518081,453,3322.35457
49.954738,228,3323.723844
94.906879,289,3325.508781
62.222731,366,3327.717282
20.543235,101,3328.421825
33.766639,164,3337.610201
202.658737,1000,3343.7618
42.891471,172,3344.834397
95.762935,329,3346.897126
75.141264,236,3348.347629
89.788234,440,3358.558496
27.844841,146,3359.45525
53.367347,320,3361.404986
59.315164,231,3362.807842
249.694497,821,3367.765107
232.870839,679,3378.955855
-45.622585,207,3380.214857
58.535381,263,3381.823246
12.63339,107,3382.474396
-170.071392,270,3384.123213
89.951977,341,3386.212948
-223.243896,776,3398.986593
45.284789,268,3400.542225
311.117903,1000,3406.421069
71.968534,1000,3421.033585
66.331335,269,3422.66091
157.773664,652,3426.649208
-136.951857,322,3428.629468
-3.494707,203,3429.827272
173.290744,460,3441.35847
51.801761,175,3442.433645
62.511063,225,3443.754041
26.286734,157,3444.732092
34.57401,226,3446.106915
110.856681,496,3449.247386
78.811921,262,3450.841299
49.723769,306,3461.885914
65.279865,200,3463.086299
99.651291,364,3465.282749
107.212117,305,3467.087704
106.258114,384,3469.382109
-103.588772,231,3470.778379
100.811121,361,3472.985056
165.906227,427,3483.122712
57.513644,379,3485.457902
160.267951,381,3487.780295
192.753595,795,3492.520118
79.656382,299,3501.897618
47.32758,288,3503.616088
375.085945,1000,3509.650207
71.578309,308,3511.543125
179.715957,1000,3526.192806
247.690176,1000,3532.276239
-8.016441,92,3532.878829
98.810653,251,3534.399805
-14.734175,238,3545.523081
14.920932,286,3547.286008
49.55776,424,3549.925362
70.69001,233,3551.328419
28.827426,109,3551.980503
70.137249,265,3553.581945
-95.82556,287,3555.371534
86.625335,352,3565.304347
84.378565,1000,3571.508422
12.323077,118,3572.224489
48.426693,265,3573.808069
46.536323,274,3575.45384
40.168241,308,3586.554428
99.825259,346,3588.685129
96.398449,318,3590.658389
157.081226,500,3593.713816
53.804952,469,3596.546205
18.480766,168,3597.608473
36.79256,162,3598.690301
492.704451,1000,3611.124404
77.384767,174,3612.18768
-1.581348,210,3613.475141
31.414612,149,3614.369077
419.295318,1000,3627.587123
-47.620007,163,3628.697245
62.234406,295,3630.424595
47.747787,194,3631.608392
84.982674,343,3633.711791
49.61473,206,3634.952268
45.443065,195,3636.147242
133.220612,480,3646.531457
51.584382,229,3647.961729
69.374493,252,3649.533917
21.444477,136,3650.372233
105.612627,748,3654.990567
141.513055,325,3656.992587
36.688033,123,3666.989679
42.54336,383,3669.38286
40.373132,229,3670.748413
3.805674,51,3671.065193
-26.278895,117,3671.789137
143.964862,610,3675.523313
55.191075,493,3678.555591
94.583335,646,3690.66101
251.517368,569,3694.193645
-98.959099,499,3697.289722
92.186578,423,3699.844977
-25.74589,663,3711.381697
72.404437,390,3713.693779
16.488804,100,3714.301405
-14.968281,106,3714.957339
62.220454,326,3716.980384
71.314494,389,3719.418931
38.311262,242,3730.361094
895.208994,1000,3736.51993
61.385179,234,3737.962167
47.800748,223,3739.343082
124.519704,498,3747.562962
-10.993131,255,3749.259341
6.103164,72,3749.673016
443.117019,1000,3755.80522
50.043869,246,3757.34054
3.995593,74,3757.802734
55.367991,217,3759.168932
-2.427565,175,3760.221205
57.732822,254,3768.997726
245.492637,1000,3775.120894
47.68449,248,3776.673205
66.567613,1000,3790.519504
104.63878,210,3791.771158
35.200533,220,3793.115707
50.732092,305,3794.968439
41.209438,266,3796.606622
89.025286,569,3800.136959
33.595567,200,3809.356801
94.136459,313,3811.308261
-34.642706,48,3811.618221
125.941465,174,3812.7211
80.850185,376,3815.042093
58.691753,285,3816.874487
71.790029,246,3818.428438
63.705663,236,3819.900139
52.424281,418,3831.038986
13.231454,216,3832.367291
117.986217,684,3836.644745
51.767455,303,3838.599586
500.233815,1000,3852.948444
20.610118,171,3853.98912
57.562245,197,3855.20152
125.630272,261,3856.780969
92.623638,400,3859.189812
91.756694,233,3860.645949
99.875454,466,3868.527809
-11.517065,585,3872.221107
-0.947162,289,3873.994628
133.745242,251,3875.561309
118.801543,981,3886.995798
-44.990176,262,3888.570406
-30.586392,258,3890.14201
213.524752,529,3893.444133
55.737999,234,3894.888842
132.520574,830,3906.970743
-169.309828,594,3910.731241
3.313255,67,3911.139375
-236.356002,676,3915.338892
530.078703,1000,3927.630368
44.427319,268,3929.334122
57.783257,337,3931.366072
101.857268,594,3935.031495
255.52239,410,3946.446099
119.390257,695,3950.830727
56.693009,501,3953.902255
48.71707,199,3955.115366
48.004259,249,3956.634319
52.496262,393,3967.187618
84.74298,321,3969.174491
797.475328,1000,3975.407765
609.268485,1000,3991.261141
441.991428,607,3994.997243
64.032456,213,3996.29252
73.608206,272,3997.971559
44.812633,355,4000.197436
44.77129,125,4000.966522
91.710365,298,4011.842054
165.516538,405,4014.342596
565.466771,1000,4020.51743
133.757456,506,4023.650757
426.37776,1000,4041.847126
298.998182,611,4045.582804
52.519304,189,4046.745674
-30.104507,55,4047.092977
56.10134,411,4058.635912
73.187172,326,4060.640227
67.82821,363,4062.843736
54.628876,274,4064.56211
666.927985,1000,4079.722136
45.772434,269,4081.356354
67.670381,281,4083.087506
77.771348,470,4085.864733
-6.72515,68,4086.267958
13.542087,72,4086.689682
65.644753,323,4088.62616
72.802867,332,4090.663944
304.200205,1000,4105.71222
53.260337,353,4107.830492
65.723155,346,4109.945234
25.087714,163,4110.942231
25.986125,107,4111.56282
35.542112,147,4112.47399
93.020377,452,4125.135162
206.677472,636,4128.979977
60.95372,341,4131.022919
538.610362,1000,4147.563323
398.715166,1000,4153.584976
33.257135,246,4155.082261
122.408496,971,4170.83765
101.398108,355,4172.996645
119.54579,235,4174.416713
58.588845,324,4176.423863
67.755084,294,4178.235373
-254.530843,776,4193.751638
203.167101,1000,4199.986575
54.337506,310,4201.924181
109.442655,1000,4217.864553
590.051079,1000,4223.999452
28.975304,131,4224.789776
601.51461,1000,4242.698678
88.003716,483,4245.635751
73.658799,347,4247.760805
230.539491,786,4264.154885
4.924383,62,4264.549262
81.795853,290,4266.298957
89.250531,216,4267.641624
99.656206,209,4268.886095
516.725093,1000,4286.732559
55.682323,269,4288.469392
100.876321,342,4290.549834
744.775744,1000,4296.687069
34.067392,280,4298.350329
78.815989,262,4310.176761
35.97062,104,4310.850391
-4.818812,241,4312.382615
76.294838,292,4314.197534
45.008297,264,4315.830064
57.733614,248,4317.325895
38.264365,315,4319.359325
50.427751,252,4320.870314
626.381052,1000,4339.451825
260.362042,474,4342.351815
165.560365,774,4356.517352
192.227513,774,4361.262976
52.622082,346,4363.383728
75.013582,294,4365.177835
265.863363,910,4378.20727
101.870193,202,4379.473418
82.512352,660,4383.455173
46.345873,193,4384.626611
52.053914,268,4386.243684
72.657972,396,4388.67895
67.15217,459,4401.207433
81.050258,259,4402.78372
62.704815,402,4405.239372
98.354535,318,4407.2156
131.033627,281,4409.033814
74.878394,429,4420.736803
118.387431,776,4425.569134
305.533418,421,4428.113137
72.508391,364,4430.289607
350.81967,573,4442.344689
109.224568,604,4446.157071
148.150477,307,4448.027853
63.879112,261,4449.611619
599.792397,1000,4465.386479
-136.868681,332,4467.427176
63.944284,237,4468.971549
548.059977,1000,4475.109922
80.550311,266,4485.198601
112.008956,565,4488.675617
83.553506,135,4489.513742
33.806161,337,4491.580232
64.35135,495,4494.585797
-271.999904,851,4510.232351
136.27885,806,4515.210873
745.858962,1000,4532.963979
360.387642,1000,4539.197112
321.977749,1000,4553.413732
16.977049,97,4554.00391
70.777711,203,4555.244572
67.516339,649,4559.370047
527.355791,1000,4574.218301
41.33458,203,4575.543574
19.59174,118,4576.284024
17.595156,117,4577.020302
58.724113,398,4579.491118
-34.350617,54,4579.833014
128.648459,354,4582.027472
63.42395,155,4582.993354
26.326316,159,4583.972567
47.626055,255,4585.585152
30.38479,331,4595.667026
23.923657,123,4596.428687
237.438985,1000,4602.75144
675.223217,1000,4619.090304
65.42075,412,4621.641279
-15.189066,126,4622.442568
13.008622,64,4622.832194
190.95716,405,4625.393007
81.944143,391,4627.859487
14.586644,129,4628.665189
68.877521,329,4640.913165
50.33092,247,4642.428823
354.148414,885,4647.895483
163.441206,886,4653.42884
783.561814,1000,4668.665187
-58.355518,56,4669.016856
85.4626,216,4670.318846
155.042866,524,4673.504112
57.730308,277,4686.20298
60.266533,243,4687.737494
152.529017,327,4689.839862
814.641849,1000,4695.954642
108.296691,433,4698.593908
145.411224,659,4711.323124
71.270949,640,4715.261006
180.190543,441,4718.008017
157.14917,417,4731.249734
-107.628801,325,4733.267474
25.887124,163,4734.249774
102.746745,238,4735.741715
776.369116,1000,4741.902972
74.426349,445,4754.470905
91.769902,439,4757.127311
75.972815,443,4759.859854
233.110326,655,4763.895441
7.00983,88,4764.433005
42.199359,209,4765.724816
33.061545,211,4777.876399
80.328896,394,4780.229688
-59.035586,155,4781.172194
274.961963,1000,4787.360081
89.80948,489,4801.342298
159.509018,660,4805.454544
110.692394,206,4806.710085
28.431891,163,4807.697339
395.978184,1000,4823.701181
122.565947,252,4825.293508
60.313617,244,4826.788114
109.829847,1000,4832.89445
83.810215,198,4834.129432
20.583326,96,4834.700704
-15.654872,76,4835.172792
210.372152,468,4848.148349
150.239632,1000,4854.378648
54.605744,333,4856.448608
19.702071,105,4857.121589
83.429181,438,4870.115379
151.139365,321,4872.113951
50.010186,261,4873.737117
87.265925,458,4876.56212
-111.479045,676,4880.729725
208.385923,1000,4896.904338
168.851152,294,4898.715636
727.01567,1000,4917.91588
91.773378,468,4920.820528
103.527847,616,4924.555772
94.097162,365,4926.819213
-100.14046,274,4928.484164
28.708052,270,4941.135327
179.467312,414,4943.645127
57.854736,411,4946.178886
382.103604,1000,4952.4419
677.320986,1000,4970.804493
78.088122,435,4973.509697
638.382181,1000,4992.401346
69.382165,424,4995.050793
125.366715,536,4998.392518
104.369713,409,5000.969735
153.411199,1000,5016.579834
444.502361,1000,5022.792102
504.87336,1000,5038.323134
817.494065,1000,5044.707219
-275.763665,1000,5062.998186
67.478474,250,5064.549255
56.884348,247,5066.128622
68.216074,322,5068.165169
45.538574,217,5069.616411
632.908919,1000,5087.456402
-108.914318,312,5089.431921
31.450035,300,5091.352224
268.846149,575,5095.036987
43.825262,280,5096.795949
-41.984245,276,5108.541262
34.451499,210,5109.877337
76.066645,247,5111.434703
175.212036,1000,5117.753313
-445.393705,1000,5133.420817
155.357028,550,5136.85104
833.98794,1000,5154.908171
69.067169,274,5156.672027
84.797641,384,5159.095193
51.259009,279,5160.79696
71.795401,192,5161.972105
12.292071,67,5162.378938
46.911926,195,5163.609037
157.513838,315,5165.581894
119.674032,250,5179.155531
136.591866,372,5181.544713
511.827763,857,5186.931066
27.091874,94,5187.533297
29.905814,189,5188.779804
56.316997,341,5190.825388
128.046205,552,5203.307155
19.748919,116,5203.991593
246.178651,348,5206.227567
70.92389,490,5209.298916
327.659441,1000,5226.670956
34.048355,191,5227.87382
614.27594,1000,5234.221736
45.297972,322,5236.21836
197.548081,391,5250.13346
113.760106,244,5251.676388
71.998285,591,5255.312504
133.688715,683,5259.570356
-93.813015,351,5261.699373
25.527411,116,5273.501863
-55.112452,257,5275.079955
69.45723,275,5276.772482
92.754335,252,5278.390972
26.209738,291,5280.253373
276.958065,764,5284.991766
103.753991,249,5296.811728
123.874102,317,5298.807916
34.268893,326,5300.904374
19.603464,151,5301.838307
-57.538281,186,5302.997404
46.028535,320,5305.005602
706.694575,1000,5321.954953
71.603087,287,5323.765116
48.14278,255,5325.364797
399.371111,1000,5331.638811
122.733328,344,5346.849653
52.311074,234,5348.361008
512.660876,1000,5354.486288
88.013833,321,5356.50224
889.515683,1000,5373.931584
185.671668,508,5377.096956
-294.564362,1000,5395.914853
622.603936,1000,5402.303264
449.202451,1000,5419.949796
37.326251,1000,5426.127372
775.148701,1000,5443.575498
-54.282581,231,5444.985089
60.686523,234,5446.473588
138.726788,799,5451.521215
-1.291839,247,5453.033114
-314.375376,1000,5470.70625
57.234178,267,5472.34338
1077.850294,1000,5478.577255
743.737936,1000,5495.126254
43.32823,228,5496.5369
384.044111,725,5501.02848
57.490849,294,5502.884637
265.2306,707,5517.358281
109.571344,180,5518.526181
56.658549,244,5520.050041
10.178974,75,5520.494046
102.881383,318,5522.463734
3.752703,49,5522.798599
24.426852,110,5523.439756
713.440674,1000,5539.836246
612.821703,848,5545.046674
495.363899,1000,5561.049131
96.921414,207,5562.355831
-161.530035,693,5566.722324
67.24085,254,5568.316897
38.365313,277,5570.024015
55.255289,213,5571.336473
37.865514,130,5585.776809
-162.312461,408,5588.304384
657.66718,1000,5594.61428
689.743291,1000,5613.103663
43.459157,179,5614.223153
47.391037,293,5616.032223
56.964773,251,5617.608083
52.054641,358,5619.845252
1103.528559,1000,5636.257282
144.183754,401,5638.868234
274.158806,656,5642.892306
47.249032,245,5644.385286
724.241967,1000,5660.822835
54.616188,329,5662.86218
158.412022,317,5664.867268
90.741079,223,5666.212712
58.754791,222,5667.611087
55.734146,317,5679.947624
129.268361,768,5684.766343
127.211084,273,5686.451281
231.491822,810,5691.554628
43.838434,299,5703.508751
138.130952,481,5706.510478
52.386907,290,5708.295674
100.923989,324,5710.322632
64.405836,295,5712.146781
41.067501,285,5713.881046
34.250208,144,5726.341103
124.429831,270,5728.053927
70.626459,377,5730.457901
33.089237,277,5732.14083
118.739385,405,5734.578091
64.149578,316,5736.542367
120.183579,279,5738.33227
51.787311,503,5752.322645
63.649768,448,5755.08792
-10.810709,423,5757.68386
922.131515,1000,5776.197155
211.652154,336,5778.320257
195.53583,1000,5784.520844
-104.561501,402,5787.012384
32.362854,253,5799.9897
50.609747,286,5801.78236
46.660147,363,5804.040819
218.390801,366,5806.32685
-14.14317,402,5808.820894
843.464062,1000,5825.734106
89.861701,411,5828.27888
84.668406,392,5830.698423
749.965535,1000,5846.111395
61.258924,356,5848.319212
96.33697,451,5851.195207
193.326713,325,5853.24984
37.9526,319,5855.220921
143.884992,224,5856.591641
140.466825,412,5869.167047
77.295607,236,5870.663456
263.635438,473,5873.629217
759.796427,1000,5879.959706
90.202067,335,5894.329268
312.153413,783,5899.296407
297.196951,474,5902.241331
99.058293,306,5904.151332
-76.457239,1000,5920.545071
77.934358,329,5922.630329
81.782013,304,5924.500853
76.386423,400,5927.044153
192.979848,980,5944.425127
155.662278,381,5946.798832
-17.534385,280,5948.521042
702.913779,1000,5966.11165
728.558101,1000,5972.403531
385.532797,1000,5989.938338
107.426158,401,5992.440773
222.401,1000,5998.836525
54.365505,297,6012.023266
62.163668,292,6013.864768
570.632748,1000,6020.086379
464.009303,1000,6038.045091
230.388195,460,6040.970137
834.889012,1000,6047.164119
45.312433,265,6048.844905
100.484993,278,6061.182963
696.890412,1000,6067.420649
-54.688521,232,6068.908295
100.538223,179,6070.029538
115.798539,285,6071.802563
127.028232,479,6087.554707
157.223433,1000,6093.7642
912.151737,1000,6111.172407
437.424586,1000,6117.510045
87.912071,299,6119.508432
43.020799,215,6120.873267
92.460022,282,6134.110546
737.363525,1000,6140.492234
300.318248,1000,6146.779827
276.527712,871,6163.776719
-85.790357,237,6165.291835
66.651772,261,6166.938607
72.507527,227,6168.33993
350.614005,1000,6186.780176
74.400397,645,6190.870402
88.75658,254,6192.486489
126.746901,327,6194.589873
68.795091,240,6196.136148
98.590078,216,6208.198772
74.650495,360,6210.568083
543.210536,1000,6216.884347
-46.697482,583,6232.598989
72.402932,220,6234.018418
68.534154,195,6235.25181
565.920634,1000,6241.685402
48.630562,179,6242.78941
79.562351,212,6244.157944
727.514113,1000,6262.17551
45.009234,257,6263.785923
38.467212,234,6265.256498
75.340346,231,6266.740038
117.839443,327,6268.836684
-105.42526,273,6281.351068
852.803684,1000,6287.680226
320.506193,1000,6304.550428
71.044393,308,6306.544787
49.647583,317,6308.560832
789.599054,1000,6314.93118
56.648812,271,6316.622718
98.40437,263,6330.294407
174.864581,337,6332.405038
9.34341,68,6332.830952
-0.516341,165,6333.905357
160.84233,357,6336.160907
119.115156,283,6337.942352
233.896598,460,6340.775827
23.432333,114,6341.502567
51.3215,167,6354.19392
52.077686,161,6355.254411
66.787121,244,6356.791682
13.329796,131,6357.626076
597.378772,1000,6364.014953
66.982478,242,6365.55777
40.566307,179,6366.67561
46.696451,182,6378.909687
82.339973,178,6380.03821
137.172925,301,6381.897028
864.28402,1000,6388.078344
2.400411,204,6389.419803
67.810402,228,6402.013907
561.319646,1000,6408.244373
53.287676,238,6409.745843
55.749209,222,6411.180246
59.77594,253,6412.728622
533.323957,1000,6430.233178
300.966882,1000,6436.484339
29.065236,244,6437.981375
70.609483,270,6451.071811
191.561141,533,6454.39972
-67.431702,415,6457.059017
-92.32475,305,6458.92757
104.972968,303,6460.822582
610.812405,1000,6477.573039
-18.774236,246,6479.20773
61.560238,222,6480.556244
-65.138117,311,6482.493323
88.058564,253,6484.092144
571.992875,1000,6501.002624
14.203372,480,6504.009717
108.029746,427,6506.713145
833.213671,1000,6525.846099
8.622095,139,6526.673647
137.263829,414,6529.266875
65.906153,378,6531.618507
127.309939,329,6533.647851
86.979149,1000,6550.488597
54.025924,143,6551.397869
68.004953,230,6552.825016
-205.518675,705,6557.16256
189.031007,550,6573.625845
631.808056,1000,6579.986027
199.885809,389,6582.426256
497.504278,1000,6599.390458
73.245949,188,6600.593293
32.521331,175,6601.717825
95.151658,682,6605.978931
86.264584,301,6607.859425
1065.564458,1000,6626.45437
80.544283,259,6628.056408
141.427375,304,6630.085403
622.436076,1000,6647.731401
450.572237,1000,6654.02282
165.042082,334,6656.105885
148.41012,336,6669.786731
402.890434,628,6673.703453
67.236227,371,6676.060025
634.651204,1000,6695.025725
56.880356,167,6696.066428
531.426828,1000,6702.395824
-255.313759,1000,6721.031446
47.574298,274,6722.763055
83.112433,209,6724.039936
149.838864,1000,6730.238033
753.157034,1000,6748.231309
590.226183,1000,6754.612113
100.187939,533,6770.98734
42.76331,261,6772.610876
788.555581,1000,6779.040328
-69.994056,215,6780.374851
62.606452,189,6781.532459
66.469426,259,6783.120617
689.161887,1000,6799.626147
15.477116,176,6800.751781
91.792837,189,6801.936532
108.822113,273,6803.623125
84.007413,174,6804.730974
603.000525,869,6821.920323
-188.166312,252,6823.509582
43.962971,171,6824.589967
-58.041994,147,6825.500724
95.864143,247,6827.057008
63.841248,341,6829.179102
25.471313,131,6829.982135
568.70981,1000,6847.122303
585.324008,1000,6853.47648
61.506705,189,6854.672173
32.714915,247,6867.278507
104.464978,163,6868.303699
331.684698,567,6871.956944
80.637259,235,6873.456322
674.040575,1000,6888.567283
12.67599,177,6889.723827
24.209377,325,6891.796168
-18.262298,202,6893.07887
921.658409,1000,6899.510856
8.668067,209,6900.822442
834.314363,1000,6917.709522
164.438689,710,6922.274004
1.177568,314,6924.30949
103.812037,207,6936.692711
-22.000128,53,6937.054657
162.699417,1000,6943.465966
784.030627,1000,6961.67265
-118.645923,1000,6967.990989
229.562526,527,6971.313921
101.370894,547,6986.815383
68.477184,301,6988.789582
153.258754,440,6991.667524
87.628174,251,6993.261206
9.844459,164,6994.319314
464.215946,1000,7012.01039
20.122163,182,7013.177967
61.355322,254,7014.808057
69.858535,265,7016.480427
19.600361,163,7017.533537
549.868377,1000,7035.385194
64.79041,176,7036.51955
4.315009,178,7037.652668
66.321013,192,7038.86315
75.035268,215,7040.225935
865.37348,1000,7046.549121
165.442398,342,7061.383349
94.596927,187,7062.595455
1082.61687,995,7068.931219
120.757016,316,7070.980285
28.713622,218,7072.37598
972.286349,1000,7089.431973
703.09967,1000,7095.786883
603.333109,1000,7113.9094
45.564557,277,7115.652581
1151.076635,1000,7132.457331
20.522116,62,7132.873116
33.553919,200,7134.15438
64.925559,272,7135.855883
327.708028,1000,7142.304606
2.493089,80,7142.798278
-19.544183,228,7144.278319
65.390447,155,7145.236531
-29.550352,195,7157.667558
-41.994601,109,7158.379555
569.90924,1000,7164.676228
70.382392,227,7166.146912
65.780243,213,7167.471004
209.710226,395,7179.56812
309.804899,436,7182.330113
29.736773,187,7183.513703
446.518506,1000,7189.895828
1119.989383,1000,7205.377503
589.993066,1000,7211.773647
269.98239,1000,7227.956321
25.766741,143,7228.875383
1005.838258,1000,7235.216665
490.438813,1000,7252.329979
64.11444,137,7253.202552
597.459264,1000,7259.661437
47.114592,153,7260.609762
-3.078693,39,7260.875986
-0.269224,253,7272.174924
68.059721,134,7273.050245
-51.371516,180,7274.206399
469.056919,1000,7280.472555
508.70263,1000,7298.421647
73.840614,180,7299.569523
549.512465,1000,7305.957437
784.2389,1000,7325.988186
-9.5496,220,7327.395318
-284.100963,1000,7333.841267
41.736075,113,7334.573053
312.79118,1000,7354.455431
942.411803,1000,7360.738519
55.373644,115,7361.479248
40.866152,234,7375.951849
348.535459,464,7378.948938
-106.356025,524,7382.321168
197.614645,904,7402.49251
-6.728338,128,7403.309442
485.497061,1000,7409.876626
-15.247063,264,7411.510763
37.803676,195,7412.747354
799.963109,1000,7429.258366
14.533385,155,7430.230401
131.188264,262,7431.910272
25.790604,122,7432.701742
679.575855,1000,7447.703597
-108.058458,550,7451.183964
232.489191,659,7455.333203
648.020276,1000,7471.955937
-68.91764,185,7473.123804
-17.564619,193,7474.332604
75.498396,252,7475.925303
613.104608,1000,7482.33511
69.3499,192,7492.92257
707.760548,1000,7499.38412
86.724114,264,7501.033333
53.271522,205,7502.34785
727.312322,1000,7519.756409
15.792802,186,7520.95156
-20.959005,124,7521.738597
559.843585,1000,7528.146849
736.675133,1000,7545.045928
21.978674,135,7545.896575
560.485683,1000,7552.217926
709.996598,1000,7566.456662
107.76747,219,7567.814719
4.536213,357,7570.102221
405.660203,942,7586.12286
14.705492,360,7588.436671
791.338459,1000,7594.831905
643.178162,1000,7609.527982
435.64005,1000,7615.874443
754.586258,1000,7630.178112
81.659592,188,7631.365245
79.309652,201,7632.662872
-159.691821,571,7636.362699
45.06699,118,7637.123313
20.148524,232,7638.626717
20.371688,190,7639.856936
291.949191,701,7655.10761
221.012315,1000,7661.467482
557.094298,1000,7674.762765
-615.698712,1000,7681.200867
630.90737,1000,7696.467778
7.328344,160,7697.496209
-79.449324,222,7698.889808
208.947105,1000,7705.239504
198.54892,1000,7721.026011
761.495072,1000,7727.417524
493.516921,1000,7738.721502
631.852304,1000,7745.174007
73.384068,409,7757.485481
402.050965,1000,7763.81559
55.00626,236,7765.308669
740.360394,1000,7776.876303
78.393932,153,7777.86988
22.484312,219,7779.279347
652.933888,1000,7785.627033
77.519829,199,7786.930456
421.689579,1000,7800.591522
80.323137,216,7801.94899
42.866891,150,7802.919613
64.02536,249,7804.515131
52.605027,437,7807.305988
115.3469,229,7816.022419
41.632209,258,7817.698791
551.703226,1000,7824.145924
179.790608,529,7827.459527
84.463641,238,7838.532656
48.830395,167,7839.564407
-20.080415,167,7840.640357
569.469576,1000,7846.890991
56.327733,384,7849.276756
95.987926,422,7859.411484
-280.206957,784,7864.383016
219.270513,1000,7870.769495
766.759524,1000,7884.434865
40.747957,134,7885.277523
42.169114,387,7887.705541
620.90534,1000,7904.560084
1103.24915,1000,7910.927898
926.164534,1000,7926.19944
-45.12542,380,7928.587539
52.774741,234,7930.094083
477.696372,1000,7936.437476
87.851252,207,7947.290057
150.673282,627,7951.353422
98.735545,231,7952.816669
472.271094,1000,7959.189962
101.266529,304,7969.746126
83.1079,191,7970.989815
77.143704,183,7972.153497
68.497871,219,7973.517846
850.813411,1000,7979.96807
619.101286,1000,7991.119625
57.829657,146,7992.067374
-492.399423,1000,7998.344118
241.642774,562,8008.981494
59.705822,174,8010.163628
654.76397,1000,8016.467044
152.714957,384,8018.88234
80.650739,218,8027.141071
43.305339,150,8028.107217
813.367852,1000,8034.541568
54.333652,178,8035.667783
35.578816,176,8036.814964
-12.049922,99,8037.477164
108.584133,250,8047.670585
-14.101945,161,8048.633389
65.541744,151,8049.598252
46.270493,206,8050.903579
178.378164,324,8052.930617
63.73506,230,8054.350068
30.900756,113,8055.073132
532.108944,1000,8068.485855
-107.634692,375,8070.967521
-24.937284,145,8071.854984
743.938939,1000,8078.181018
80.156036,222,8079.588772
28.33995,789,8096.312351
79.091151,171,8097.411403
76.849513,288,8099.34808
-28.735122,213,8100.679766
268.319171,371,8103.028014
86.745909,181,8104.170324
158.062125,583,8114.206266
438.497134,1000,8120.579903
58.569761,217,8121.949511
8.352851,107,8122.596532
48.371466,225,8124.01974
55.383944,170,8129.788838
784.926243,1000,8136.161401
701.370073,1000,8150.135368
19.595538,145,8151.059494
-35.269986,204,8152.371118
801.669574,1000,8158.78744
58.579206,196,8160.132985
113.907746,200,8161.388947
109.837973,367,8169.324446
372.024525,1000,8175.606355
49.760027,112,8176.334785
-21.707731,91,8176.93696
134.608535,726,8181.612441
-59.316174,203,8189.709572
68.807557,177,8190.835553
199.349526,532,8194.195369
-51.028794,1000,8200.504214
52.97197,178,8209.777699
2.420217,119,8210.514198
62.728248,138,8211.430153
36.48734,140,8212.319442
961.621976,1000,8218.664546
124.846505,410,8221.329269
819.185265,1000,8235.828742
53.85783,155,8236.841225
29.686214,164,8237.874412
40.569675,204,8239.210759
186.614649,467,8242.153579
94.187864,227,8243.533219
61.840549,154,8250.793411
174.442091,347,8252.979991
725.078805,1000,8259.404243
227.11156,661,8270.86736
154.497898,450,8273.737843
96.549644,252,8275.349355
87.089216,221,8276.756278
405.62032,815,8281.986753
645.936276,1000,8298.243319
100.505451,284,8300.017306
321.185331,1000,8306.427645
-4.968436,131,8316.45867
804.330847,1000,8322.794858
68.968989,225,8324.174508
82.113999,220,8325.577661
17.040762,142,8326.456698
674.700949,1000,8341.478011
849.559412,1000,8347.860797
219.531188,1000,8361.490077
166.933746,337,8363.599071
-577.163175,1000,8370.103829
642.237622,1000,8381.837815
85.565915,142,8382.718601
142.30835,310,8384.717874
-102.112599,442,8387.52065
70.974584,198,8388.844822
-316.086844,981,8405.025692
-62.221261,180,8406.141983
85.019874,180,8407.298325
281.337656,1000,8420.670856
118.898371,254,8422.273733
55.393531,534,8425.635596
86.726212,151,8426.620895
29.949671,165,8427.635695
72.266102,223,8429.032713
157.222616,396,8431.582931
127.328581,1000,8444.372865
203.033175,1000,8450.64512
-12.696904,80,8451.144425
-27.70086,138,8459.913904
8.724068,148,8460.919287
43.147715,191,8462.144288
8.50669,341,8464.281322
646.435469,1000,8470.584515
811.006161,1000,8485.895346
620.854886,1000,8492.381815
746.420461,1000,8504.785639
426.801757,1000,8511.093039
253.21825,651,8524.81471
38.382105,147,8525.799158
-23.720199,171,8526.872969
716.00544,1000,8533.297696
39.78738,178,8534.445432
276.668483,315,8542.945204
539.035193,1000,8549.40194
23.850347,321,8551.432499
639.355016,1000,8564.073874
14.843906,96,8564.671277
47.227502,236,8566.190208
1028.193308,1000,8572.574847
30.357561,112,8573.293033
711.294432,1000,8587.048505
77.5004,211,8588.39074
-132.273504,691,8592.782947
113.1049,262,8594.432457
12.991523,122,8595.212212
433.75477,1000,8611.322187
-289.149262,1000,8617.643072
20.671385,130,8629.610848
79.379779,164,8630.636851
75.603884,158,8631.663974
-75.294531,165,8632.691372
82.687154,302,8634.622845
-275.062501,1000,8641.080667
60.784455,201,8642.385545
711.699631,1000,8656.718051
103.969468,243,8658.286237
347.634097,1000,8674.456224
28.432565,106,8675.1148
31.137559,103,8675.768192
55.050872,399,8678.34766
-48.575256,184,8679.487219
89.46363,170,8680.566274
1147.617413,1000,8694.159904
80.231137,211,8695.567746
68.506469,287,8697.405383
16.795675,105,8698.074737
-106.59859,268,8699.885676
814.338439,1000,8706.231404
622.536219,1000,8717.954875
108.938411,327,8720.018899
333.177974,1000,8734.049498
423.183467,747,8738.843949
749.495019,1000,8745.19347
138.923847,315,8752.290611
43.838508,199,8753.586294
-27.495848,511,8756.803808
482.758974,507,8760.126042
46.47399,294,8762.012649
44.506088,183,8763.193677
1028.265962,1000,8776.290201
358.494123,1000,8782.6309
30.673065,93,8783.198523
26.112515,151,8790.63593
-194.931242,554,8794.194374
553.825031,1000,8800.581848
266.773913,390,8803.054119
58.945638,179,8811.937436
97.352864,213,8813.290505
79.246567,238,8814.826811
131.379786,178,8815.976951
-93.295046,1000,8822.445006
103.129936,676,8837.750368
-94.521075,310,8839.709729
67.971219,246,8841.3003
149.690393,572,8844.89487
89.906255,275,8846.659119
620.468747,1000,8862.903224
626.230747,1000,8869.32673
629.396996,1000,8884.740736
972.204412,1000,8891.097639
156.000782,500,8901.3687
73.096676,194,8902.640006
174.145976,1000,8909.016775
97.052379,299,8910.992093
44.311848,185,8912.166214
747.698567,1000,8927.295902
50.618032,224,8928.692392
703.727652,1000,8935.067966
820.466686,1000,8948.260994
77.866674,207,8949.578945
-160.106696,442,8952.42269
128.154004,364,8954.722384
-39.175283,245,8963.200506
195.471236,1000,8969.77109
31.378432,184,8970.923227
911.700625,1000,8988.249345
404.264132,887,8993.950012
1001.872359,1000,9007.42094
74.179707,188,9008.654563
353.943978,1000,9015.093609
378.086755,1000,9030.858618
152.513304,345,9033.073369
44.84562,127,9033.882816
14.920996,192,9035.118486
38.441038,155,9036.090345
-61.871012,244,9037.658153
10.965221,213,9039.010613
112.607232,212,9040.340832
125.627351,1000,9055.448085
1002.697443,1000,9061.927129
768.047419,1000,9076.21843
33.329397,159,9077.236313
867.788243,1000,9083.531133
24.739373,89,9084.120636
67.353402,166,9085.149069
799.43008,1000,9099.992361
671.85853,1000,9106.35423
55.207454,170,9113.747617
164.881548,1000,9120.30116
587.397321,1000,9134.297223
760.899258,1000,9140.747837
91.545544,248,9142.31441
36.637989,103,9142.986385
851.54576,1000,9156.15285
84.42893,126,9156.957685
60.219272,195,9158.208299
805.386146,1000,9164.642452
81.256323,143,9165.544524
106.757771,294,9174.467381
62.305973,144,9175.376242
54.865498,149,9176.307162
84.241701,130,9177.12883
39.683737,144,9178.065383
162.613007,424,9180.847714
45.333305,178,9182.006262
73.367391,168,9183.093211
-43.267418,159,9184.085185
84.611578,292,9185.951641
-28.546214,130,9186.766828
-93.58313,503,9195.413429
62.777083,231,9196.854625
-130.838651,400,9199.375201
935.539526,1000,9214.447946
836.278925,1000,9220.905388
74.956673,208,9222.188504
165.113427,281,9223.970526
75.764462,236,9225.482549
61.034906,156,9226.446633
597.555491,1000,9240.814238
530.269841,1000,9247.196213
26.189983,128,9248.02623
98.120735,223,9256.314043
493.64081,1000,9262.656681
41.146293,193,9263.861581
76.807118,245,9265.434893
-45.886939,153,9266.394809
175.539494,522,9275.323721
178.292955,484,9278.400587
657.756975,1000,9284.795627
806.655779,1000,9300.414392
65.68553,205,9301.704104
294.590857,1000,9308.123991
642.10018,1000,9320.369878
92.775535,136,9321.28698
-333.899925,869,9326.827956
-75.16447,119,9327.579189
90.073469,199,9335.675912
875.121656,1000,9342.130109
76.554784,193,9343.364807
148.654787,246,9344.972651
79.009727,231,9346.466955
196.385836,689,9358.893697
28.36216,115,9359.732229
79.469883,160,9360.699849
636.650502,1000,9367.038687
807.016685,1000,9380.580356
1075.204431,1000,9386.965626
759.363912,1000,9402.30915
62.075945,168,9403.350523
-178.58444,576,9407.007437
-607.772078,1000,9425.160711
52.32542,157,9426.13321
-51.186506,118,9426.906709
491.616778,1000,9433.314712
50.321809,157,9434.288979
7.562924,161,9435.321584
437.881382,1000,9448.94621
14.298425,147,9449.991857
70.665877,154,9450.94782
-187.543876,643,9455.016016
98.654505,254,9456.62728
804.756203,1000,9470.972781
725.94257,1000,9477.354458
114.717481,227,9487.263046
70.11227,753,9492.115346
145.669772,1000,9498.451304
73.942828,206,9506.191292
90.919588,222,9507.613965
164.431608,288,9509.549774
608.391671,1000,9515.877742
-171.592535,401,9518.451636
580.177241,1000,9532.552719
710.451877,1000,9538.942595
78.672486,312,9549.647051
481.322475,1000,9555.952981
32.224817,183,9557.126056
127.951563,308,9559.092234
79.457573,161,9560.064646
603.691151,1000,9574.924424
52.198016,151,9575.873536
36.32438,124,9576.677369
166.972086,411,9579.282716
4.224097,153,9580.22586
303.108999,551,9589.903546
79.187431,409,9592.511038
138.195026,1000,9598.784413
61.72729,666,9610.393457
83.247547,294,9612.295455
55.028244,146,9613.197347
83.536027,219,9614.603861
13.481008,262,9616.250298
244.852296,1000,9630.893077
81.019476,191,9632.133981
370.169452,1000,9638.553555
88.780303,168,9639.627507
477.226715,1000,9654.022294
1147.898443,1000,9660.508914
937.094002,1000,9676.360802
57.562014,222,9677.796115
-16.207659,152,9678.7398
577.979411,1000,9685.154773
676.735219,1000,9700.682569
73.431843,154,9701.693183
415.798344,1000,9708.057684
28.012579,150,9709.057697
164.629161,428,9718.705107
604.062437,1000,9725.180075
699.939213,1000,9737.32935
50.178397,177,9738.463504
203.469581,636,9742.467341
687.20115,1000,9757.912605
84.71414,305,9759.871779
424.652222,1000,9766.186616
-18.674105,118,9766.939476
191.033258,1000,9781.919206
260.442051,1000,9788.31092
828.492667,1000,9804.033322
-79.635415,190,9805.272862
439.469424,1000,9811.712354
69.59426,168,9812.737579
60.021218,203,9814.053251
12.259282,171,9824.914761
766.152434,1000,9831.349076
164.96243,1000,9837.70929
353.681691,1000,9851.663233
78.01641,197,9852.919951
563.29094,1000,9868.3771
170.218791,323,9870.54242
94.269512,259,9872.184893
453.329179,1000,9878.588936
76.066084,224,9880.002066
292.022385,694,9890.139033
346.227964,1000,9896.479477
59.930504,211,9897.817299
523.459003,1000,9911.447767
724.427402,1000,9917.881797
30.704859,202,9919.162449
-36.338792,125,9928.383368
795.015771,1000,9934.892777
-272.001273,870,9940.443805
24.882836,211,9948.936158
40.110666,154,9949.917778
114.428811,359,9952.220223
1013.703223,1000,9958.581933
64.427274,253,9960.289784
41.268109,204,9961.579389
239.420852,433,9975.738103
53.707697,230,9977.237495
-273.536353,1000,9983.613377
105.27318,303,9985.533237
78.029481,191,9995.129693
-218.355803,790,10000.22654
406.958997,1000,10006.566226
728.659288,1000,10019.514668
769.551666,1000,10025.927585
85.667986,241,10034.786755
73.765117,657,10038.98418
76.536562,204,10040.356802
971.049678,1000,10046.705787
-35.246692,209,10056.116111
-23.995074,101,10056.768179
80.662369,237,10058.307261
41.419938,135,10059.147074
151.548499,301,10061.076121
74.987688,161,10062.080229
11.862543,166,10063.144012
-0.354038,155,10064.099536
293.170714,501,10067.309134
65.473792,265,10077.318511
206.838939,1000,10083.816293
113.470598,189,10084.98916
265.66197,747,10089.721357
467.385246,1000,10102.691097
-230.250877,778,10107.587236
550.997912,1000,10121.869016
132.41045,158,10122.874372
36.125051,153,10123.88866
79.433869,228,10125.331301
-41.789323,84,10125.858854
741.202101,1000,10137.063725
38.21932,111,10137.770991
66.034988,195,10139.002662
649.552659,1000,10145.443983
-14.504025,125,10146.195678
41.651035,135,10147.095859
277.707365,1000,10160.734149
769.397105,1000,10167.09217
41.831755,139,10167.97165
485.999489,1000,10182.430544
64.800411,188,10183.59991
-501.456384,1000,10189.895173
207.540941,566,10201.574317
38.552164,127,10202.385859
814.4533,1000,10208.766931
339.330799,1000,10225.82383
24.829449,184,10227.011286
207.15639,1000,10233.488125
648.846378,1000,10247.317117
207.345341,1000,10253.678136
93.185544,179,10254.854484
494.077745,469,10267.214164
462.288481,471,10270.161047
1173.73793,1000,10276.440943
134.062792,831,10288.476743
350.457708,889,10294.238025
44.402737,107,10294.931666
-49.398783,181,10296.055272
652.398892,1000,10308.91806
687.955236,1000,10315.290932
612.881616,1000,10329.38928
94.323059,284,10331.231435
828.206227,1000,10337.544052
-4.636915,116,10348.74421
12.108181,114,10349.480811
1029.614693,1000,10355.953776
1040.968095,1000,10370.17969
-121.922773,169,10371.249792
307.925473,1000,10377.523672
66.180177,213,10378.880749
356.872847,1000,10395.055506
-245.595912,720,10399.640076
141.7383,1000,10412.525421
113.98709,547,10416.018115
15.61084,406,10418.602758
-66.767871,183,10419.776194
1031.838662,1000,10434.410486
77.919182,191,10435.634518
23.198562,253,10437.225877
668.022689,1000,10443.537252
1038.480595,1000,10457.801044
216.97793,1000,10464.060398
783.716658,1000,10478.143754
-330.161382,1000,10484.447302
53.241515,123,10485.220129
-10.295353,67,10485.64691
223.499007,457,10494.813868
967.267915,1000,10501.248168
65.244756,197,10502.484776
65.414944,138,10503.362267
70.161095,143,10504.259896
-73.303653,86,10504.796955
748.430102,1000,10516.788342
104.258354,211,10518.099314
226.864093,841,10523.443841
41.966772,189,10524.673128
1133.402787,1000,10538.489368
65.955286,148,10539.42424
108.805537,260,10541.07627
60.743202,181,10542.234036
689.779114,1000,10553.068526
532.945592,996,10559.29764
15.824546,110,10560.088861
528.256876,1000,10575.914579
67.955583,174,10576.979003
53.945945,221,10578.393571
69.361205,208,10579.698568
220.757387,875,10585.210498
528.365636,1000,10600.896498
49.441361,189,10602.094601
98.567472,209,10603.436541
181.071978,598,10607.228873
555.433613,1000,10621.524152
-20.973898,132,10622.34622
136.226116,326,10624.412171
112.4748,221,10625.793055
885.112782,1000,10640.958123
66.288542,179,10642.083578
-154.892145,1000,10648.326295
111.712773,269,10650.102064
157.407375,361,10662.767558
103.200518,401,10665.302456
559.081553,1000,10671.552607
938.704572,1000,10685.622777
43.030809,165,10686.634696
53.757693,284,10688.426011
-151.764931,269,10690.1093
157.609505,304,10692.045632
69.124414,268,10693.728753
144.10834,513,10705.531991
-103.94625,1000,10711.841672
65.045465,125,10712.628412
152.137096,980,10727.848927
601.817513,1000,10734.1785
71.666071,172,10735.300236
-233.126234,489,10744.456963
43.32911,305,10746.41816
65.045958,171,10747.518615
30.888737,119,10748.272722
599.209975,1000,10754.593735
69.358408,176,10755.668319
104.374522,252,10757.26908
53.373348,240,10763.997507
47.774725,169,10765.092746
166.269698,330,10767.220613
639.304825,1000,10773.626966
1212.728903,1000,10789.4741
47.487309,156,10790.498085
74.600888,222,10791.888155
57.221762,149,10792.803448
54.865463,107,10793.492504
77.866192,229,10794.954059
-26.941046,165,10795.985656
693.843287,1000,10808.841332
773.020545,1000,10815.217669
815.919726,1000,10828.686702
60.19148,176,10829.886982
28.23083,255,10831.561837
937.799943,1000,10837.85501
60.088986,146,10847.064278
503.280214,1000,10853.426698
272.428319,646,10857.558951
88.013707,232,10859.040897
-90.210527,361,10870.984962
726.310364,1000,10877.36389
82.74363,209,10878.738203
929.688288,1000,10893.805046
244.515736,327,10895.853455
78.343713,188,10897.060483
33.57581,341,10899.263822
613.224974,1000,10912.958853
430.876124,1000,10919.344442
54.287603,226,10920.857235
-73.985388,319,10922.861138
469.572351,1000,10936.557896
754.012776,1000,10942.968063
441.931166,1000,10959.510025
118.541298,321,10961.600279
75.003774,188,10962.866589
279.698238,1000,10976.859313
265.947954,1000,10983.589307
798.158748,1000,10997.628255
379.094893,1000,11003.993698
18.568435,172,11005.057719
63.540371,229,11006.514225
551.219408,1000,11021.401908
49.999269,137,11022.262042
53.337454,148,11023.195034
1.151449,99,11023.840288
171.756362,1000,11030.149737
-213.045605,550,11043.055407
58.884902,245,11044.607801
88.422606,350,11046.829615
819.871976,1000,11053.218436
899.491806,1000,11067.998189
12.216417,408,11070.712781
57.49881,125,11071.499296
97.687085,210,11072.820875
119.696115,201,11074.062648
21.993049,172,11080.715856
721.382868,1000,11087.058784
77.446016,156,11088.083592
25.03437,199,11089.354432
371.054583,802,11103.887637
41.88723,198,11105.216128
27.159305,261,11106.886186
152.560842,581,11110.603204
72.467314,177,11111.701939
154.394774,454,11114.601693
150.740711,457,11125.091404
45.458293,159,11126.096004
80.987764,249,11127.682325
64.776968,200,11128.944107
59.992415,155,11130.047405
49.071993,218,11131.426519
520.96871,1000,11145.122792
78.441899,150,11146.087749
179.904235,290,11147.909902
110.527131,316,11149.937204
136.092502,298,11151.869436
29.174101,278,11153.636041
798.329651,1000,11168.99313
97.010427,182,11170.158531
26.470121,179,11171.312887
62.927171,282,11173.108063
114.676915,235,11174.634025
212.407239,601,11178.498159
58.941726,128,11179.312183
49.868533,189,11188.802387
430.87017,1000,11195.165145
35.886267,272,11196.899419
-10.158846,235,11198.396183
693.299392,1000,11212.756061
348.744244,1000,11219.151143
1129.767067,1000,11235.201513
75.592136,255,11236.814103
-541.064207,1000,11243.190378
-113.912845,190,11244.399373
51.550602,210,11254.065956
709.027986,1000,11260.484514
79.947329,192,11261.711349
-277.874565,614,11265.62653
101.370695,951,11279.194417
102.993868,261,11281.021792
343.595453,1000,11294.828137
713.30167,1000,11301.260018
50.400959,186,11302.440854
19.583734,285,11304.218939
809.007979,1000,11318.456575
20.323423,95,11319.065992
762.195137,1000,11325.410836
-162.28249,546,11336.469196
825.602296,1000,11342.984394
87.457452,292,11344.865181
49.558448,187,11346.056428
59.36611,167,11347.081172
99.774924,165,11348.164806
340.391956,1000,11363.161891
996.798058,1000,11369.519948
418.222421,1000,11387.225181
-89.900026,248,11388.769142
64.75091,239,11390.281946
1035.327045,1000,11406.477425
180.521427,380,11408.942535
715.073569,1000,11415.294822
664.620604,1000,11431.419305
580.306825,844,11436.740698
71.877973,185,11437.918851
176.120219,482,11450.713699
651.50998,1000,11457.024897
64.736196,403,11459.617275
29.363768,296,11461.504389
73.098771,136,11462.348598
703.737308,1000,11477.169892
11.937669,97,11477.76739
272.411235,1000,11484.09864
41.897457,237,11493.372029
-71.772915,273,11495.107284
197.157242,1000,11501.45811
123.29041,1000,11515.994315
902.022393,1000,11522.430656
41.497916,172,11523.54645
790.066522,1000,11541.528959
59.797759,190,11542.752777
158.423659,307,11544.720858
54.896969,133,11545.560423
653.923623,1000,11561.203025
96.063374,155,11562.165912
82.395825,180,11563.340377
-2.395852,317,11565.35282
4.819919,515,11568.648221
59.683152,164,11569.694624
390.924492,1000,11586.553708
-39.79991,298,11588.492873
521.839369,1000,11594.937404
955.114428,1000,11607.157403
100.239741,276,11608.902206
972.678019,1000,11615.422436
585.057846,1000,11630.674549
-50.343504,136,11631.522845
-13.991966,169,11632.584522
232.350689,906,11643.870483
53.170838,111,11644.588112
735.005059,1000,11651.033084
34.831205,91,11651.601218
31.120543,128,11652.423269
78.594457,268,11654.143567
621.385822,1000,11669.902612
987.272187,1000,11676.37109
47.62119,206,11677.653139
128.296629,386,11688.49998
49.356542,146,11689.420064
81.335863,218,11690.836445
627.509282,1000,11697.250909
59.488993,172,11698.356658
853.575085,1000,11713.282889
495.693448,1000,11719.641363
7.502214,327,11721.717763
96.258974,218,11729.76818
60.181615,146,11730.812285
560.107746,1000,11737.214732
215.768886,578,11740.820185
57.584697,210,11742.159269
144.479453,563,11754.620205
16.088013,160,11755.634577
573.458012,1000,11762.054049
178.217916,1000,11774.969055
312.547509,1000,11781.304978
760.22771,1000,11795.882014
106.482907,244,11797.467407
389.347651,1000,11803.909519
681.952094,1000,11820.130978
-4.496033,138,11821.008851
520.948372,1000,11827.388321
40.980987,127,11837.660961
690.032929,1000,11844.037969
403.234756,749,11848.798652
834.293053,1000,11864.236713
727.087383,1000,11870.52965
-78.403504,392,11881.460504
760.478108,1000,11887.923881
37.194485,132,11888.78507
25.905428,192,11890.011357
858.390468,1000,11903.493237
69.901712,248,11905.047132
-13.768074,105,11905.726743
45.620442,94,11906.349282
744.426758,1000,11912.726718
40.746475,126,11913.528477
100.992805,240,11923.558515
177.216901,369,11925.929074
75.039545,150,11926.898937
68.251838,152,11927.870809
-92.454266,291,11929.776601
719.08108,1000,11943.08147
40.266215,172,11944.158727
453.238668,1000,11950.59569
46.561834,228,11951.999875
-69.908583,249,11953.571817
886.105527,1000,11969.658412
59.359626,133,11970.592445
50.472719,189,11971.78003
673.920925,1000,11978.133692
797.879358,1000,11993.154519
350.372876,1000,11999.575746
676.128052,1000,12014.370506
192.677708,583,12018.114261
87.644166,263,12019.772752
-291.287802,1000,12033.891629
566.222625,1000,12040.275959
164.394607,347,12042.469856
-2.020992,98,12052.692507
206.520027,431,12055.484256
355.202664,1000,12061.934291
-130.284172,562,12065.55488
-70.902421,191,12075.10596
37.86864,179,12076.274197
322.213757,1000,12082.647134
69.863209,1000,12098.850546
22.861817,166,12099.916631
-15.695609,526,12103.279445
786.653383,1000,12109.682331
37.380176,119,12119.108438
345.54104,1000,12125.619503
884.680425,1000,12142.471418
17.020618,63,12142.906763
87.188079,312,12144.917174
91.659413,118,12145.64978
854.412321,1000,12152.167599
130.510679,1000,12167.303874
58.50081,196,12168.55136
105.981668,250,12170.161488
-84.343458,1000,12176.510325
563.3173,1000,12191.256725
1095.231746,1000,12197.610441
93.200119,216,12208.846976
-20.867406,179,12210.061444
-22.635158,150,12211.099375
18.75837,94,12211.673589
654.628193,1000,12217.994096
806.842111,1000,12232.233485
876.925279,1000,12238.606776
133.981135,598,12242.524127
33.249382,152,12250.7735
59.911826,177,12251.931576
73.21069,206,12253.226713
438.152378,1000,12259.591512
571.97775,753,12273.440263
-8.524961,115,12274.176395
75.109669,220,12275.58647
60.667356,209,12276.907357
76.486828,372,12279.271283
675.545005,1000,12293.107685
11.662468,210,12294.496064
922.623586,933,12300.540366
1062.890024,1000,12313.332621
704.857526,1000,12319.679106
196.850318,902,12334.983505
199.52061,584,12338.750219
144.033198,389,12341.271452
433.831565,1000,12347.632236
-105.773762,320,12359.235591
65.188856,218,12360.766672
488.294881,1000,12367.148836
673.861537,1000,12380.531986
487.097548,897,12386.305737
117.707832,255,12387.950423
43.570429,139,12388.845851
49.56571,152,12389.821836
624.935619,1000,12406.194518
200.407482,478,12409.277301
710.818041,1000,12423.79106
696.967812,1000,12430.242126
-464.382645,1000,12447.080191
36.081178,90,12447.635644
192.433122,552,12451.30835
51.14362,319,12453.345773
61.164005,175,12454.426716
93.631216,228,12455.899835
80.986403,259,12457.540927
309.061004,1000,12473.22969
1082.368617,1000,12479.612762
113.125578,394,12490.811195
943.941817,1000,12497.336629
452.04457,1000,12512.504523
-333.622115,911,12518.354546
57.117546,166,12519.387584
32.874092,575,12523.070346
28.349335,316,12525.081625
904.353427,1000,12541.880103
617.067556,1000,12548.251044
744.259726,1000,12563.578423
76.32553,196,12564.797138
76.691225,166,12565.85974
26.277141,120,12566.622491
167.409894,491,12569.713909
717.82701,1000,12585.515669
283.640093,373,12587.939552
54.094019,340,12590.118279
50.698111,105,12590.817252
55.050997,224,12592.229211
462.691143,792,12606.343804
441.87519,1000,12612.774474
20.065541,119,12613.553694
21.99909,161,12614.602417
-5.157946,115,12615.290914
31.214863,122,12627.740729
45.316424,211,12629.122095
77.655849,501,12632.369246
775.618263,1000,12638.721477
-20.26675,72,12639.175895
15.581802,208,12649.505544
1199.281043,1000,12655.953643
660.638083,1000,12670.826767
-39.477499,94,12671.444879
75.664128,255,12673.087399
745.222813,1000,12679.56784
639.511821,1000,12695.678904
15.012645,244,12697.289031
393.151196,1000,12703.718212
58.008966,190,12704.930403
797.353532,1000,12718.177939
539.828411,1000,12724.641623
119.209313,482,12739.788238
-58.081364,302,12741.668193
649.973562,1000,12748.093429
53.371313,143,12748.977671
3.209107,117,12749.720848
48.375608,150,12750.764735
1035.233564,1000,12764.958738
649.079567,1000,12771.35041
57.468581,252,12785.544886
65.929503,176,12786.677019
644.228712,1000,12793.045257
164.986798,463,12795.99207
940.97913,1000,12809.207155
683.719645,1000,12815.66184
-556.968201,1000,12830.173944
96.901962,186,12831.373004
68.119162,177,12832.516975
137.947962,305,12834.427237
23.579001,108,12835.134741
33.93367,127,12835.968458
912.275774,1000,12851.036238
-79.570248,460,12853.983489
69.750405,145,12854.913608
282.870277,1000,12861.276585
63.499673,140,12869.736955
112.848547,378,12872.226915
912.594049,1000,12878.64628
23.312823,98,12879.249786
51.14248,139,12880.129154
73.000202,284,12881.973417
378.433176,1000,12898.567008
889.063289,1000,12905.094483
525.758046,1000,12920.666615
114.339138,205,12921.945639
27.418221,99,12922.549958
567.454976,1000,12937.248578
806.078586,1000,12943.613807
27.513457,128,12944.427516
527.397217,1000,12956.630155
806.615253,1000,12963.10506
508.883202,1000,12976.983952
826.262761,1000,12983.434758
53.464245,111,12984.14629
-82.427521,431,12986.905238
689.156596,1000,13000.825358
675.735793,1000,13007.288679
-17.787142,138,13008.166393
209.054279,884,13021.937938
33.52027,138,13022.793618
379.926098,394,13025.299023
119.170658,341,13027.455095
950.0573,1000,13039.724258
109.789178,217,13041.118683
18.024494,326,13043.230242
-59.202685,274,13045.00677
768.535113,1000,13060.004117
693.654771,1000,13066.414979
26.160794,124,13067.198736
-9.044827,254,13068.811667
-135.100395,345,13070.956632
48.492323,162,13079.283271
688.890213,1000,13085.783684
281.284357,739,13090.509068
103.812655,369,13103.000645
59.282872,169,13104.061656
70.245059,298,13105.982793
241.779339,708,13110.598945
67.803992,218,13112.013722
38.569861,230,13113.434655
56.961447,180,13114.595437
-25.008731,212,13123.989712
32.901303,95,13124.622636
824.057127,1000,13131.013266
-10.931405,251,13132.621417
954.619027,1000,13149.729544
32.052461,195,13151.012061
99.107907,312,13153.000241
63.759697,319,13155.018053
58.809377,262,13156.68263
-150.483069,145,13157.591983
-168.695233,551,13170.660356
61.556395,205,13171.967978
77.887754,200,13173.235064
323.789325,596,13177.035229
26.962375,173,13178.137051
1011.098662,1000,13192.735031
20.613919,79,13193.226288
780.521986,1000,13199.648628
38.276238,230,13201.184754
1025.200583,1000,13216.009836
556.833847,1000,13222.457652
94.711796,184,13223.594083
23.892187,123,13224.385581
144.412709,286,13236.820634
71.512481,308,13238.812088
33.034104,141,13239.718055
102.020966,294,13241.594749
815.954711,1000,13248.029397
589.421804,1000,13264.353718
793.666827,1000,13270.752284
930.127928,1000,13287.137295
1107.072091,1000,13293.651851
732.428538,1000,13309.445102
204.068377,1000,13315.870397
17.467524,84,13316.40035
208.754031,1000,13331.883871
862.757706,1000,13338.237174
646.553996,1000,13351.000198
125.609564,377,13353.400232
834.597799,1000,13359.777302
85.151069,182,13373.962714
-63.63228,95,13374.607834
639.255755,1000,13381.141111
58.479765,149,13382.11805
-620.031525,1000,13400.885672
281.823923,1000,13407.311479
66.337998,207,13408.640957
125.561959,202,13409.928345
84.27934,181,13411.21158
51.300703,198,13422.782229
-35.159948,303,13424.750895
-550.72322,1000,13431.075222
205.840138,1000,13446.915488
169.214112,351,13449.163536
-49.269292,493,13452.279184
701.617459,1000,13469.542523
85.177213,408,13472.231831
58.773963,186,13473.413208
847.821722,1000,13479.785737
31.6085,85,13480.321354
48.382577,171,13481.436706
691.696135,1000,13501.096219
602.844557,1000,13507.513963
469.640352,1000,13524.326442
788.934575,1000,13530.832207
740.417797,1000,13546.133577
333.721099,517,13549.419569
557.336398,1000,13565.584998
101.09822,237,13567.107994
-95.101668,232,13568.55644
427.868191,1000,13575.021452
1190.64806,1000,13590.524705
49.794383,229,13592.075154
13.458503,103,13592.744979
60.913738,725,13597.400026
671.427758,1000,13613.860634
36.35585,124,13614.64273
57.324327,209,13615.958825
718.440315,1000,13636.600456
802.990782,1000,13643.058847
15.034456,263,13644.713062
106.593911,234,13646.251999
28.544341,94,13646.851831
38.519962,98,13647.491302
79.246818,206,13648.80811
87.19128,190,13658.947262
3.612006,150,13659.906904
1086.277296,1000,13666.327477
52.846845,154,13667.295702
33.512878,127,13668.099631
-10.074059,346,13670.336864
900.342349,1000,13688.353986
993.037745,1000,13694.754007
793.545145,1000,13710.137027
106.14674,414,13712.829214
-220.338363,1000,13731.343151
45.52184,147,13732.28823
25.133641,87,13732.838218
29.888745,85,13733.42097
467.808559,1000,13739.858956
-127.929634,669,13755.179584
-143.192324,418,13757.809438
635.421621,1000,13764.269423
118.573698,325,13766.334789
44.103634,233,13779.392045
4.119019,97,13780.012341
45.225184,272,13781.748681
-24.901618,83,13782.301162
60.792411,266,13784.002962
-208.277722,483,13787.058304
154.838581,194,13788.293523
76.626921,206,13789.622391
59.502982,265,13791.284116
132.426873,439,13804.639681
619.538347,1000,13811.017907
33.114143,281,13812.851272
727.231684,1000,13832.186105
764.538492,1000,13838.545924
788.692764,1000,13856.427032
177.781475,298,13858.315804
567.002635,1000,13864.810693
96.792715,157,13865.801771
83.180491,202,13878.816895
97.089321,249,13880.462316
27.229413,202,13881.756242
860.632903,1000,13888.103974
428.819791,1000,13905.404592
41.286586,161,13906.408784
62.035771,196,13907.629877
689.756685,1000,13914.044294
75.124015,359,13926.336562
24.811815,114,13927.048576
33.959138,166,13928.130781
773.561595,1000,13934.538062
299.495552,1000,13947.703791
125.222684,542,13951.220964
53.732217,134,13952.072302
32.947726,218,13953.407919
27.861001,245,13954.962341
761.027244,1000,13970.843158
23.442007,106,13971.488481
69.320522,150,13972.48114
756.764974,1000,13978.894213
504.115872,1000,13995.808401
56.6709,138,13996.70049
86.81338,1000,14003.121897
74.582431,151,14004.080388
91.188035,176,14014.139177
-149.5643,503,14017.37929
-124.110547,1000,14023.670912
1117.201276,1000,14038.60152
39.608093,331,14040.813295
613.189402,1000,14047.219554
11.914285,230,14056.366225
754.67949,1000,14062.716134
-1.184104,146,14063.639439
753.58827,1000,14078.846821
-155.669193,610,14082.704899
392.573166,1000,14089.044167
47.991007,166,14090.116177
857.481403,1000,14105.57013
390.731503,1000,14111.955506
367.203828,1000,14127.47938
4.316915,122,14128.254818
21.910781,125,14129.067856
-310.27992,829,14134.426728
429.688516,1000,14150.278678
88.102354,209,14151.593409
47.441618,125,14152.38748
122.699954,355,14154.691007
194.993603,694,14168.320312
47.387478,233,14169.855508
440.520135,876,14175.46078
70.194148,948,14191.326102
29.534346,157,14192.323644
627.435512,1000,14198.753736
387.619219,1000,14216.593857
68.942026,269,14218.286863
71.443742,170,14219.380708
676.862087,1000,14225.818913
-23.250327,284,14227.609478
119.587578,314,14239.128951
54.072054,149,14240.069767
65.411475,229,14241.541858
439.412175,1000,14247.932566
57.556603,172,14249.015762
-18.667368,116,14249.763022
78.185033,174,14259.178801
16.939179,72,14259.637127
-272.613904,568,14263.264213
34.897123,551,14266.743723
18.143099,291,14268.633999
242.384773,1000,14285.275748
9.31919,111,14285.949562
780.764126,1000,14292.395298
788.996541,1000,14307.439173
265.458915,1000,14313.889564
-0.852012,678,14328.60987
103.554638,260,14330.269274
616.520477,1000,14336.591853
116.632552,389,14339.072895
58.541117,145,14339.970868
806.804257,1000,14354.527883
840.478839,1000,14360.852371
45.832333,205,14371.138626
103.465384,157,14372.161333
386.862604,911,14377.981473
522.514192,1000,14395.028088
755.245154,1000,14401.488759
117.069037,345,14403.716684
512.377145,1000,14419.890552
40.16842,134,14420.756532
188.485611,487,14423.89307
98.030627,288,14425.758368
67.443618,123,14426.552968
41.566775,139,14427.498827
47.910892,1000,14441.904424
876.659179,1000,14448.375818
61.595444,176,14449.509158
107.420786,912,14466.821131
719.694096,1000,14473.221068
285.049561,1000,14489.851624
97.942206,300,14491.871372
-21.356893,179,14493.014098
-9.878985,150,14493.947642
722.952956,1000,14510.439749
66.484109,121,14511.167073
593.901295,1000,14517.551057
111.333519,216,14518.91503
-14.387693,169,14520.001391
355.314901,460,14533.189952
-15.001084,334,14535.357341
-68.892509,79,14535.902252
624.492816,1000,14542.309627
-99.392179,133,14543.160544
27.247985,160,14544.203705
44.989603,131,14545.034235
-69.725617,59,14545.425903
266.867894,1000,14563.799745
574.086812,1000,14570.193164
555.128035,1000,14589.817177
183.927774,1000,14596.234432
-35.082435,543,14612.185806
52.002036,96,14612.775585
78.782991,212,14614.142746
-541.022714,1000,14620.525978
609.105797,1000,14638.809318
606.441806,1000,14645.308479
125.014257,400,14647.861908
727.348273,1000,14665.906685
75.38049,235,14667.432153
60.953752,152,14668.393535
550.66634,1000,14684.593291
-4.155842,254,14686.199489
963.423521,1000,14692.602543
35.908936,126,14693.413961
146.43476,1000,14713.057502
479.358689,1000,14719.456
-8.203865,59,14719.838338
102.435368,432,14732.140451
45.552317,302,14734.039446
45.395004,250,14735.646702
278.255507,470,14738.648348
156.853354,307,14740.536915
116.693782,255,14742.12728
70.25853,291,14743.997547
83.491997,250,14754.657238
73.856928,220,14756.051569
818.278505,1000,14762.479941
902.695667,1000,14781.164638
158.481206,461,14784.182668
458.347413,1000,14790.623086
390.05174,1000,14808.67721
42.16304,93,14809.253806
-197.501409,849,14814.688169
567.391247,1000,14830.29249
604.274787,1000,14836.756019
112.333067,297,14838.624616
722.677471,1000,14854.393759
634.556977,1000,14860.77587
91.743399,476,14876.37448
18.429346,114,14877.120056
339.178178,1000,14883.64904
43.708749,157,14884.648845
-19.07609,263,14886.312252
875.484495,1000,14904.019116
579.039997,1000,14910.455084
85.988729,442,14926.908392
688.137421,1000,14933.419803
-18.009178,407,14936.018436
-7.0595,113,14936.769016
188.925207,286,14938.632391
34.821872,132,14949.949073
155.625147,301,14951.856408
44.763648,374,14954.264244
40.837437,197,14955.516783
48.097724,258,14957.158953
-5.06745,98,14957.810284
151.436762,266,14959.5448
51.450272,162,14960.60269
-37.066508,99,14961.219091
-27.629847,110,14961.93372
119.885965,225,14974.006675
45.147032,134,14974.87636
61.73059,177,14976.005839
14.748059,150,14976.968397
-142.792248,403,14979.5672
168.595248,242,14981.093027
57.871584,201,14982.354798
10.06621,173,14983.426249
626.119029,1000,14998.460618
104.45883,436,15001.395626
167.619971,1000,15007.745075
-74.444682,191,15019.449423
664.98661,1000,15025.884322
55.512806,164,15026.949711
178.231172,306,15028.859344
53.447081,181,15030.018938
54.470639,173,15031.243609
50.788642,488,15043.313586
48.045639,194,15044.53481
241.43946,570,15048.15964
52.282297,161,15049.156222
80.179414,256,15050.791439
202.118722,1000,15067.233032
138.21681,414,15069.844558
104.216808,228,15071.335872
15.123387,71,15071.786041
225.655255,1000,15088.073789
29.588779,104,15088.761874
-161.110929,395,15091.355943
-577.594923,1000,15097.761755
57.088702,783,15114.858286
58.42123,216,15116.211837
79.233617,197,15117.541126
549.288801,1000,15124.034611
743.411837,1000,15140.11856
830.29464,1000,15146.50888
102.884516,295,15157.526629
2.531446,154,15158.531623
84.421855,179,15159.70914
-14.64713,81,15160.217829
63.531228,319,15162.272108
117.523602,184,15163.465223
-306.067234,1000,15169.918676
18.223321,57,15170.294755
1065.574974,1000,15184.666955
328.445346,780,15189.690032
56.10813,146,15190.601138
53.004496,159,15191.59306
68.007937,204,15203.283209
-20.601497,88,15203.840788
167.921625,290,15205.723632
18.195605,1000,15212.258713
50.3185,136,15213.131275
-115.600223,560,15226.857018
186.602501,1000,15233.288056
-6.198558,329,15235.371234
129.534241,200,15236.632302
706.933761,1000,15254.614511
1155.645021,1000,15260.974446
34.548264,168,15262.076575
197.396111,358,15272.951499
231.304147,1000,15279.423168
788.658745,1000,15295.395729
109.255732,384,15297.899221
127.411854,240,15299.41803
149.650662,315,15301.535625
772.64025,1000,15319.028285
-89.767078,189,15320.236811
764.496272,1000,15326.678502
-4.291987,91,15327.244077
589.110984,1000,15344.349751
1.412528,184,15345.49316
120.470397,248,15347.114156
62.908502,149,15348.099258
-79.595268,281,15349.863852
463.939414,1000,15365.351199
-28.589905,166,15366.389202
813.521803,1000,15372.787154
1035.333678,1000,15387.595088
9.069171,95,15388.179727
49.559559,189,15389.395725
21.703386,114,15390.139312
987.836726,1000,15396.632418
760.610534,1000,15413.816811
44.313086,128,15414.652004
47.524228,285,15416.451264
67.724562,204,15417.803816
-25.290206,102,15418.430644
63.327305,250,15420.046324
802.272505,1000,15436.339651
36.483217,435,15439.157674
500.297906,1000,15445.546884
51.431186,99,15446.217685
839.156511,1000,15462.100543
655.354009,1000,15468.538414
-8.998052,156,15479.533126
140.152126,404,15482.271817
218.696721,466,15485.268208
18.939609,137,15486.141812
-84.320597,231,15487.659988
56.85321,140,15488.529425
69.474648,179,15489.66355
-173.634117,686,15504.844385
-143.444585,425,15507.561242
72.819925,454,15510.434161
-152.974319,252,15512.15186
-85.829987,151,15513.101152
621.53561,1000,15529.466892
53.044659,186,15530.66049
452.204777,1000,15537.119244
60.759048,185,15538.329496
562.920137,1000,15554.286649
-10.625426,130,15555.111788
-115.653813,435,15557.892162
615.212357,1000,15575.278397
15.810363,281,15577.06074
59.874281,205,15578.367144
-32.283519,473,15581.436873
-43.962494,163,15582.481134
-90.323133,233,15583.983592
501.160962,1000,15599.08618
33.824021,184,15600.253019
144.167942,367,15602.695986
181.681776,274,15604.414396
739.047775,1000,15620.837335
83.232581,208,15622.178883
42.202663,156,15623.206276
845.810551,1000,15629.567338
48.042479,152,15630.561631
69.66862,137,15639.30708
19.191701,582,15643.066672
28.825344,177,15644.213761
909.599588,1000,15650.681309
611.684825,1000,15668.916987
108.461991,334,15671.050379
454.795229,1000,15685.696862
-618.484006,1000,15692.213159
57.042105,492,15695.338203
-25.057242,75,15695.799004
9.205425,118,15696.564576
99.354358,224,15698.014831
64.393714,291,15710.574835
842.769099,1000,15717.000069
35.529673,103,15717.651863
31.95023,522,15721.003304
172.724223,346,15731.040016
51.209395,173,15732.156218
16.342422,272,15733.888507
-178.177292,838,15739.289833
543.552282,1000,15754.657115
55.081261,153,15755.621132
790.661156,1000,15762.05581
679.384896,1000,15775.244396
86.91531,133,15776.106882
456.61297,1000,15782.659488
69.411804,218,15784.04558
344.462637,1000,15800.177361
219.889648,775,15805.159091
174.886984,249,15806.757294
20.25296,159,15807.770476
32.403845,117,15808.526603
-113.360076,83,15817.670517
-68.285883,203,15818.976786
344.101231,1000,15825.363874
1024.475994,1000,15839.516331
10.030397,80,15840.01218
504.251193,1000,15846.558845
-74.29687,327,15848.61564
407.852348,691,15862.161055
453.998066,1000,15868.580549
63.073165,215,15869.98959
47.902809,128,15870.818988
227.031482,1000,15886.075178
66.445466,229,15887.569678
72.25675,273,15889.310241
-29.121096,268,15891.03641
-57.578795,216,15892.439064
-1.679348,128,15893.267122
748.571359,1000,15907.267586
99.099199,234,15908.789451
732.34435,1000,15915.265566
89.128683,286,15927.064618
604.782375,1000,15933.63963
818.305523,1000,15950.037597
30.687637,165,15951.116481
195.472156,473,15954.145905
537.288792,1000,15960.585341
659.643957,1000,15977.377288
217.724145,1000,15983.848995
-11.669573,171,15984.980103
491.090487,1000,16001.003412
481.357369,1000,16007.462312
18.26509,60,16007.852662
195.245445,351,16019.343498
30.835054,263,16021.143374
-121.892932,320,16023.204271
100.509599,297,16025.08532
30.319972,176,16026.19776
934.099918,1000,16041.511218
434.683138,1000,16047.955993
309.869076,1000,16062.705057
96.514778,668,16066.974333
72.162558,234,16068.486673
792.244811,1000,16074.973485
30.532005,143,16086.58957
83.646277,208,16087.932384
169.310246,407,16090.575084
73.339133,229,16092.06734
485.431778,1000,16098.510334
160.696184,315,16113.068159
537.326267,1000,16119.415162
461.282343,1000,16135.797213
46.54545,138,16136.680684
412.425669,1000,16143.21225
549.797621,1000,16161.548059
1.092965,132,16162.381552
778.911143,1000,16168.857874
700.707054,1000,16185.671648
-4.506518,81,16186.203556
654.651783,1000,16192.539708
136.745165,398,16195.106436
-119.046677,580,16211.977867
-62.643158,91,16212.530513
774.511367,1000,16218.867921
94.352162,879,16237.1134
41.265367,229,16238.570499
21.713151,177,16239.71583
836.308816,1000,16246.0968
501.153677,1000,16264.660117
32.29435,192,16265.878329
-31.657673,375,16268.25308
562.475339,1000,16284.540089
-69.185448,431,16287.279525
143.732358,364,16289.615022
57.889691,130,16290.451999
124.357947,230,16292.02712
448.45379,1000,16307.699471
765.617034,1000,16314.201985
570.168679,1000,16329.134434
609.249528,1000,16335.53402
63.906136,258,16337.180509
826.028269,1000,16355.02641
97.80359,444,16357.861585
32.061188,114,16358.59327
614.029591,1000,16364.975005
68.616627,183,16376.059431
-147.736883,359,16378.375781
348.271836,632,16382.484239
853.384001,1000,16398.968977
-209.337292,564,16402.592029
28.599406,209,16403.937253
-4.194967,168,16405.042912
576.817554,1000,16411.511977
79.190606,226,16422.858392
-38.438208,325,16424.948502
619.701972,1000,16431.355694
78.375827,225,16432.795901
794.007926,1000,16450.18156
-35.448942,422,16452.865388
836.970482,1000,16469.665285
98.050756,228,16471.235282
108.468987,1000,16477.640203
36.334964,80,16478.142048
939.056492,1000,16495.56821
923.589844,1000,16502.09479
44.809425,528,16505.427632
-33.980605,82,16505.931985
-92.222835,397,16519.724573
504.632833,1000,16526.151129
126.301102,360,16528.42332
17.975993,270,16530.12242
519.399533,634,16545.056557
112.276804,238,16546.58802
43.101354,140,16547.499571
-36.82455,86,16548.034983
90.096738,172,16549.142597
65.747105,216,16550.513271
91.576686,257,16552.15805
124.381041,336,16554.273381
96.495138,206,16564.318142
51.43184,155,16565.31471
27.405615,95,16565.928458
126.166803,425,16568.629167
167.712988,1000,16575.029407
-9.574534,137,16575.907386
-26.733268,66,16576.324209
53.60766,167,16588.678188
56.840974,172,16589.756789
103.587704,275,16591.665834
893.436749,1000,16598.086415
-26.743844,84,16598.662276
49.336835,123,16599.42212
-29.71465,132,16600.322634
202.994608,250,16611.165533
40.902126,104,16611.836028
44.340917,174,16612.95901
73.945446,150,16613.908883
841.550042,1000,16620.357445
-109.918904,328,16622.527065
147.936194,361,16635.291862
-35.11266,59,16635.675283
-12.860632,82,16636.245742
36.728734,74,16636.706969
-0.443408,122,16637.492593
66.550506,151,16638.447291
1.748125,221,16639.894276
860.530139,1000,16646.282572
438.682562,686,16661.902288
-19.555101,175,16663.032258
989.921021,1000,16669.446183
530.099569,1000,16686.181554
869.104952,1000,16692.603724
-170.264611,452,16708.133756
61.8972,191,16709.379323
84.975801,312,16711.443862
60.734621,255,16713.040941
272.932233,364,16715.373038
682.001676,1000,16732.141853
59.142899,261,16733.838301
-50.602713,186,16735.03175
85.197731,201,16736.300763
728.719617,1000,16742.728344
813.315052,1000,16761.116743
-70.006799,191,16762.341635
488.431541,1000,16768.816725
-484.951369,1000,16784.654127
337.013535,1000,16791.095043
73.985763,144,16791.993773
31.7111,89,16801.378921
780.937221,1000,16807.792113
74.541626,135,16808.658122
698.643397,1000,16824.576305
89.049268,223,16825.972558
49.879092,192,16827.206835
22.252684,550,16830.786785
42.624906,182,16832.050728
770.039244,1000,16845.98644
-132.682413,282,16847.784552
778.84134,1000,16854.279743
104.706581,230,16855.755378
913.372325,1000,16870.749701
63.465137,170,16871.817157
-22.155135,1000,16878.27416
601.139816,1000,16895.613196
607.667437,1000,16901.934051
24.497668,87,16902.512359
27.348344,93,16903.077112
639.269358,1000,16918.660352
43.789275,112,16919.344562
665.021584,1000,16925.840616
56.228391,202,16933.641884
53.135974,116,16934.412055
-47.817606,241,16935.98624
-3.228742,79,16936.48074
104.635146,198,16937.748354
560.419715,1000,16944.163667
-31.624832,95,16944.748177
71.616815,138,16945.623232
-29.875842,125,16958.241322
550.822375,1000,16964.706527
618.765561,1000,16979.723133
80.47533,217,16981.166051
75.092267,165,16982.351087
-10.479696,199,16983.598166
142.454109,282,16985.389744
-37.446623,111,16986.125421
678.842116,1000,16992.547082
47.84574,114,17001.033659
514.888272,1000,17007.510323
1092.515127,1000,17022.722077
88.677733,212,17024.069482
860.355032,1000,17030.426511
-26.847836,122,17031.216668
69.163804,138,17032.125043
638.213521,1000,17047.47064
40.399755,114,17048.209685
355.961303,1000,17054.677838
107.363236,309,17056.647098
1128.824986,1000,17070.910856
593.455179,801,17076.181734
-297.049217,468,17088.224898
11.786722,153,17089.214804
4.885196,96,17089.871483
395.795511,1000,17096.300529
56.343563,353,17098.600682
-2.629826,100,17099.225098
200.829315,721,17110.816604
-18.124475,146,17111.736613
2.565365,104,17112.413956
1027.411839,1000,17118.819318
66.057206,203,17120.100271
96.37854,211,17131.40357
226.682571,365,17133.720725
42.083653,122,17134.516383
643.116919,1000,17141.057559
40.030245,155,17142.035167
73.016654,239,17143.571743
368.981311,1000,17160.002793
79.053046,1000,17166.478117
843.890161,1000,17181.798428
-2.949411,422,17184.51503
802.360325,1000,17201.398003
106.177449,172,17202.510031
40.065633,127,17203.319676
521.625776,775,17208.237659
239.995402,1000,17224.589366
779.097877,1000,17230.999713
818.176515,1000,17244.886128
60.988858,155,17245.868901
112.056224,1000,17252.358818
932.799881,1000,17268.431702
-7.058279,71,17268.895494
82.897866,266,17270.601843
43.866223,154,17271.552761
10.186874,231,17273.048543
206.859951,1000,17279.403184
919.721085,1000,17297.198267
709.482811,1000,17303.531942
34.12239,89,17312.023139
324.618087,569,17315.696627
812.742909,1000,17322.11992
86.37844,168,17323.181396
379.967692,724,17336.328186
909.69733,1000,17342.786225
25.716154,102,17343.471159
780.663193,1000,17360.827592
56.751948,160,17361.880271
8.024293,73,17362.347406
-11.319192,160,17363.360391
473.020562,840,17368.817168
67.744299,135,17369.676572
206.332045,357,17379.977616
32.469227,94,17380.621768
36.872102,292,17382.475043
100.647426,224,17383.949388
74.972696,269,17385.681181
-45.455879,1000,17401.861193
41.328487,106,17402.527861
-1.331651,167,17403.631408
988.162527,1000,17410.112791
41.45554,168,17411.163681
-0.407702,57,17411.535634
34.380852,186,17412.730139
525.463591,1000,17427.016172
-23.252406,109,17427.711813
62.989807,132,17428.565387
93.465293,366,17430.908887
874.629932,1000,17445.81245
43.155441,190,17447.030631
43.780805,380,17449.472244
938.113949,1000,17455.89678
4.614601,156,17456.920626
35.264342,249,17465.671905
78.676265,804,17470.847791
661.002306,1000,17477.300072
81.156634,212,17487.845113
14.95371,92,17488.457021
677.029939,1000,17494.933076
-10.476558,96,17495.559659
21.655488,127,17496.37394
75.190832,142,17497.282786
249.432171,400,17499.845957
-23.279904,240,17512.989829
108.887934,286,17514.849351
-30.033928,160,17515.889759
261.934385,1000,17522.457613
60.17062,274,17524.229088
-14.897137,120,17524.992734
44.435299,161,17535.568194
82.268583,401,17538.150747
502.513444,1000,17544.612121
-8.007729,94,17545.201793
578.920798,1000,17562.23246
107.889084,244,17563.801761
493.240396,1000,17570.286159
495.141126,1000,17583.303414
228.908618,1000,17589.791737
-55.473916,135,17590.6685
186.622573,330,17603.202871
767.153126,1000,17609.642322
411.472606,1000,17628.370785
637.916769,1000,17634.838055
55.586848,186,17636.043096
-28.304149,84,17636.579668
88.240022,168,17637.668506
498.345317,1000,17653.749388
686.276476,1000,17660.197861
-39.42257,76,17660.677232
-85.327774,208,17662.012565
57.092297,426,17673.429482
740.950936,1000,17679.877024
1091.006322,1000,17697.265167
-86.367678,215,17698.677739
-93.455662,148,17699.614699
422.298144,966,17705.964022
117.188931,231,17707.461213
756.959345,1000,17723.66589
742.821066,1000,17730.088513
435.836661,1000,17747.107613
472.113545,1000,17753.53068
318.651714,721,17767.845845
85.031676,269,17769.635894
410.489845,1000,17776.069355
22.074235,175,17777.202346
105.728387,212,17778.553746
351.8352,1000,17794.586637
851.341153,1000,17801.024195
686.395388,1000,17818.182392
15.742139,87,17818.780565
110.058396,286,17820.588731
518.514817,1000,17837.310055
37.145847,93,17837.916224
856.250732,1000,17844.398688
59.337853,148,17845.338486
678.975292,1000,17862.152305
-25.746722,183,17863.355169
-120.279927,1000,17869.797926
859.352419,1000,17886.867135
134.650793,270,17888.617045
1104.17867,1000,17895.096992
-5.851727,350,17906.503422
9.211884,279,17908.297255
45.203241,1000,17914.827098
10.823984,93,17915.446268
39.324111,170,17916.506822
725.30307,1000,17935.302394
26.911888,72,17935.775772
463.46681,1000,17942.337307
-39.608056,208,17943.674982
31.353667,184,17944.848089
-1.238464,69,17956.55756
-27.111377,156,17957.588341
-37.755803,89,17958.194142
411.721475,1000,17964.598629
63.876104,271,17966.321759
-394.929633,1000,17984.69249
389.847018,1000,17991.177935
580.509559,1000,18009.205255
817.231889,1000,18015.656531
-106.927075,455,18018.63161
20.381687,425,18032.591686
312.359471,408,18035.199574
842.102707,1000,18041.62086
90.249446,312,18043.646384
875.039481,1000,18063.233446
36.671016,123,18064.014106
21.826547,81,18064.530479
49.771857,159,18065.57232
-75.967909,254,18067.199987
14.551907,144,18068.111958
58.281134,228,18069.626741
630.483549,1000,18087.818192
14.515803,214,18089.233313
-33.048269,238,18090.746408
603.955614,1000,18108.181133
56.42546,223,18109.605815
26.053627,66,18110.069114
-15.591696,110,18110.748351
591.1854,1000,18117.173164
260.856864,1000,18134.635504
46.094072,124,18135.43222
50.230934,143,18136.390593
29.350986,163,18137.41918
160.064062,282,18139.237358
761.033871,1000,18155.223598
26.352748,176,18156.372604
536.43989,1000,18162.83581
103.276201,195,18164.095046
311.579616,853,18178.960554
248.986829,672,18183.401356
653.959047,1000,18203.032034
54.246246,166,18204.133279
-41.993582,300,18206.047459
805.627627,1000,18212.586258
40.990842,183,18213.750943
915.770625,1000,18231.528093
43.4566,140,18232.416246
806.117489,1000,18238.818765
793.492976,1000,18256.302915
205.334284,514,18259.656443
387.962483,1000,18277.355092
94.988059,188,18278.561632
228.657472,873,18284.175233
-14.963421,136,18285.037353
-19.74636,71,18285.48048
32.610294,160,18286.504084
27.13161,80,18287.010402
-30.022036,48,18287.337064
-23.436505,196,18288.580855
131.908929,337,18301.252246
687.815455,1000,18307.812515
-54.332601,179,18308.961549
55.265409,190,18310.203513
796.432037,1000,18326.634833
-66.585331,111,18327.36045
712.023617,1000,18333.863442
402.35076,1000,18348.68171
719.78402,1000,18355.101213
45.909234,170,18356.210088
38.04391,114,18356.89507
56.323509,102,18370.126148
-19.481202,139,18371.024908
645.945396,1000,18377.520299
2.780322,113,18378.21489
503.047507,1000,18397.796278
335.91693,1000,18404.247198
812.353223,1000,18419.276944
-165.070309,420,18422.118123
-49.899491,154,18423.095539
37.209947,134,18423.950869
-26.571484,82,18424.503337
31.859994,246,18426.100765
977.794201,1000,18444.346112
27.246983,177,18445.482359
105.855819,340,18447.63426
262.42021,384,18450.13346
75.236315,309,18452.201607
16.73596,298,18454.096363
230.277268,382,18469.135569
23.759385,82,18469.665339
219.165083,517,18472.967561
82.615978,209,18474.290982
68.474221,127,18475.101348
130.796955,316,18477.127619
21.212547,135,18477.974287
82.361857,286,18479.835177
520.898343,1000,18498.346661
520.591824,1000,18504.782815
-62.370953,170,18505.880302
531.000395,1000,18521.636885
41.386063,134,18522.48971
-82.180354,193,18523.720785
-61.584189,180,18524.887865
49.740309,137,18525.766794
788.49723,1000,18540.211578
633.837624,1000,18546.791849
332.165319,839,18561.922398
57.852535,118,18562.700096
30.844141,110,18563.381133
40.286055,86,18563.94844
36.65322,127,18564.760699
134.348424,1000,18571.090342
45.466268,137,18572.056531
531.598913,1000,18588.457022
115.847402,266,18590.17793
110.760046,240,18591.737738
-1.113124,56,18592.110562
598.278527,1000,18611.56163
151.365926,297,18613.505132
98.806795,272,18615.268311
-40.134869,1000,18621.748377
-31.432254,220,18623.126639
565.301925,1000,18639.962797
46.829594,85,18640.504127
28.537403,254,18642.148047
170.072287,413,18644.853933
556.244449,1000,18661.731521
1112.34064,1000,18668.242394
82.698108,322,18670.30823
699.30741,1000,18686.427018
134.258138,372,18688.80189
21.862593,176,18689.956793
-141.379399,301,18691.973588
141.809006,249,18693.566033
291.810249,458,18706.618102
-7.179829,128,18707.434585
525.791229,1000,18713.883808
-11.063429,99,18714.491091
167.06959,443,18727.833407
20.041922,207,18729.167963
60.964048,212,18730.540193
494.095771,1000,18736.901884
537.793786,1000,18754.002356
230.196126,481,18757.085
46.877355,125,18757.891277
32.454847,260,18759.534931
625.682252,1000,18778.038769
447.341989,1000,18784.601005
372.726212,1000,18799.259351
70.775329,214,18800.660404
333.42832,574,18804.348773
656.287113,1000,18810.782382
705.055215,1000,18825.632997
8.158769,233,18827.090684
-59.55532,257,18828.782157
83.336823,146,18829.731856
166.717985,274,18831.496971
-33.315221,86,18832.048389
-3.893964,70,18832.539407
100.879844,827,18846.678918
202.176761,278,18848.491839
-17.912186,475,18851.533882
884.895929,1000,18866.903065
76.975523,192,18868.125177
84.774079,287,18869.927768
15.480744,183,18871.12931
45.924169,125,18872.028046
573.109372,1000,18889.065773
64.61957,163,18890.114187
575.934582,1000,18896.610071
-19.708243,61,18897.000071
-226.30244,1000,18911.827077
712.514158,1000,18918.336509
1.88699,106,18919.036906
939.203344,1000,18936.149372
72.815229,154,18937.177152
384.444903,1000,18943.613348
443.739645,1000,18958.906427
18.646492,230,18960.383004
-71.25733,100,18961.02194
62.921347,280,18962.936162
12.675072,112,18963.633784
78.172235,483,18966.762494
13.105426,129,18967.591493
897.290274,1000,18986.338045
71.076705,130,18987.183923
94.693993,268,18988.906131
885.147025,1000,19004.92254
470.005885,940,19011.049784
541.783269,1000,19029.66946
-9.595683,84,19030.185982
796.943462,1000,19036.590551
12.410376,79,19037.106173
3.530381,159,19038.120146
-530.734693,1000,19052.81164
-32.583294,58,19053.194041
0.206794,91,19053.762976
443.12276,1000,19060.273947
119.227815,345,19062.478159
81.014252,185,19063.695979
406.714958,1000,19082.483725
-7.95235,241,19084.019798
115.580867,221,19085.428373
470.651015,1000,19101.579911
25.301076,91,19102.138735
35.735428,440,19104.966172
430.190458,1000,19111.4312
53.587389,138,19120.912711
74.696195,201,19122.229714
50.747939,131,19123.076012
181.388801,344,19125.293541
236.018249,473,19128.390474
781.036623,1000,19146.24631
274.147791,637,19150.354742
31.666427,171,19151.447483
74.404046,204,19152.720136
577.6593,1000,19170.300355
40.548312,194,19171.548802
677.641978,1000,19178.001803
730.68505,1000,19195.126655
55.531869,128,19195.9513
175.621478,336,19198.125489
111.573055,187,19199.345273
94.726695,191,19200.587677
121.376921,262,19202.373912
8.58695,64,19202.779492
378.685385,1000,19219.394007
68.268919,146,19220.323479
-89.38636,410,19223.001569
36.703818,125,19223.805218
605.685922,1000,19230.20676
681.967331,1000,19248.309055
79.545094,721,19252.976717
116.731581,360,19264.038229
42.610057,140,19264.903054
-45.239616,89,19265.465867
145.416162,300,19267.44232
62.305201,220,19268.817891
1234.252482,1000,19275.291433
-56.141841,1000,19292.872
-24.066438,200,19294.135407
718.354861,1000,19300.535085
135.901203,176,19311.069869
109.038015,280,19312.877306
-104.190809,476,19315.889248
60.551631,167,19316.988779
208.78476,364,19319.304391
97.194374,218,19320.741105
322.505414,864,19337.297512
468.564499,570,19340.987218
513.060087,1000,19347.483431
737.592873,1000,19361.903776
494.27583,1000,19368.396764
-26.400402,241,19378.897239
484.825689,1000,19385.363736
17.597005,111,19386.080787
4.874181,177,19387.230242
-31.5354,176,19388.369378
39.22139,151,19389.309728
119.616565,186,19390.513849
826.221436,1000,19409.348676
705.08154,1000,19415.809162
1009.944013,1000,19434.219477
-155.18389,375,19436.63289
364.311671,718,19441.227074
84.009163,321,19452.113652
130.026043,1000,19458.567303
2.553511,114,19459.325618
834.096327,1000,19476.216834
683.660791,1000,19482.631418
29.424005,100,19483.287855
514.994508,1000,19497.681649
416.054267,1000,19504.21486
418.7045,1000,19520.942837
105.074191,408,19523.592078
395.529793,707,19528.189231
288.433058,1000,19543.915451
-2.244806,123,19544.738696
-4.637391,234,19546.289217
20.21965,79,19546.800205
1163.38715,1000,19553.232826
18.274311,333,19567.697557
656.010179,1000,19574.163679
564.780812,1000,19580.617687
71.884906,144,19591.477005
477.126952,1000,19598.135762
427.00525,1000,19616.701174
350.783508,1000,19623.337881
86.761066,295,19625.242789
439.573637,1000,19641.882561
508.650638,1000,19648.383334
594.940387,1000,19665.460446
207.236603,441,19668.291398
594.416412,1000,19674.753966
766.27179,1000,19692.841552
-22.112767,72,19693.316905
-37.751349,89,19693.869762
818.402004,1000,19700.359013
-19.443579,50,19700.692682
519.343316,1000,19716.95259
79.221008,157,19717.98763
128.325582,232,19719.480559
721.756597,1000,19737.606497
65.894346,207,19738.930761
-33.549679,166,19740.022963
59.686821,221,19741.423042
204.681941,939,19747.530071
42.353848,222,19748.950798
51.865302,111,19749.675874
472.554168,1000,19768.041612
544.302308,1000,19774.50191
454.681199,1000,19793.964689
938.949442,1000,19800.439842
-9.004555,185,19812.913224
3.50576,98,19813.559693
108.064867,270,19815.296967
50.178678,208,19816.614823
140.228803,302,19818.579539
897.727552,1000,19824.989995
-32.221835,66,19825.409673
62.665027,147,19838.657504
114.820283,284,19840.513705
-5.336034,55,19840.833989
1033.242171,1000,19847.309317
579.945344,1000,19864.330496
185.90663,343,19866.515662
544.197408,1000,19873.028248
809.578666,1000,19889.834636
873.275963,1000,19896.360012
92.22245,193,19897.608965
85.987295,350,19909.71742
96.673649,244,19911.311311
44.905795,118,19912.076032
9.149552,211,19913.415737
793.827889,1000,19919.873815
-4.163369,71,19920.32663
1030.546198,1000,19937.631832
53.36978,176,19938.721185
469.369726,1000,19945.139864
838.992686,1000,19963.126959
25.672713,146,19964.025967
472.977749,1000,19981.052773
398.088176,1000,19987.595585
296.743926,680,19992.014954
978.113972,1000,20008.948156
48.294729,263,20010.722668
878.272127,1000,20017.249155
370.695101,1000,20033.769552
71.105846,185,20034.957629
712.903582,1000,20041.411278
-57.955086,142,20053.074691
615.109848,1000,20059.560502
-9.851487,180,20060.75145
621.472922,1000,20079.857926
543.185265,1000,20086.26095
56.558286,131,20087.112657
837.285093,1000,20105.35006
13.391719,167,20106.399065
1244.059,1000,20112.832034
-10.006413,81,20113.347123
78.368038,416,20116.079608
166.281099,777,20132.543612
84.990237,221,20133.940711
77.003425,222,20135.391721
1064.586081,1000,20153.366631
65.67704,157,20154.36815
70.951319,157,20155.368157
106.925017,200,20156.703175
132.768087,258,20158.403135
672.469067,1000,20164.900362
608.030943,1000,20182.107029
-33.322544,68,20182.536829
-25.873121,75,20183.000852
601.263704,1000,20189.434964
117.098701,325,20202.144482
716.657905,1000,20208.562402
295.722313,517,20211.915954
667.403574,1000,20228.869362
236.240425,398,20231.43364
513.649401,1000,20247.537979
502.009886,1000,20254.085736
226.387028,1000,20270.470666
274.799804,366,20272.870194
524.332566,1000,20279.348648
280.375971,1000,20297.526216
235.986613,1000,20303.918249
280.953499,1000,20321.39219
155.790739,261,20323.12314
383.178967,1000,20329.557989
131.828014,219,20330.969157
270.047359,451,20344.89853
-337.736249,1000,20351.330528
-55.706539,243,20352.870607
386.427524,1000,20373.406594
29.587691,264,20375.082489
-201.871006,1000,20381.5204
211.781116,652,20395.486295
0.013655,95,20396.094564
1001.756985,1000,20402.673941
293.069738,1000,20418.924475
27.495888,449,20421.811797
118.98258,523,20425.197863
615.557497,1000,20443.845052
92.682616,292,20445.745163
86.814683,269,20447.510681
875.823056,1000,20453.966932
594.66703,1000,20470.903339
379.473892,1000,20477.317915
577.937699,1000,20496.033887
923.884668,1000,20502.473195
123.061832,310,20504.467456
480.18892,1000,20521.671542
106.960266,198,20523.049818
813.177151,1000,20540.860028
501.394488,1000,20547.400087
250.183913,382,20549.865485
402.45979,1000,20569.377194
892.535607,1000,20575.773327
183.674123,301,20577.706098
464.395639,1000,20597.266499
332.182017,542,20600.778692
415.877054,1000,20619.573537
304.014757,1000,20626.014959
47.900073,192,20627.234853
-97.328048,180,20628.394731
191.729325,1000,20647.408741
300.413281,1000,20653.828032
725.490414,1000,20673.164798
-560.326211,1000,20679.599342
542.158476,1000,20697.378623
472.311477,1000,20703.945368
597.709669,1000,20723.808662
637.463221,1000,20730.304058
0.958841,179,20731.468489
64.867392,174,20732.654823
715.484058,1000,20752.646594
548.345471,1000,20759.137223
136.693067,300,20761.060286
388.063357,1000,20780.930365
53.075825,348,20783.141229
437.934964,1000,20802.804708
31.704213,245,20804.410171
-33.345687,174,20805.563031
888.750893,1000,20811.991642
327.207297,595,20828.47874
476.115533,1000,20834.906645
490.560191,1000,20853.701941
483.887163,923,20859.649531
-20.635194,150,20860.635937
686.405156,1000,20879.236024
836.959215,1000,20885.827114
504.354563,1000,20905.740894
654.981797,1000,20912.28657
71.099572,274,20914.054222
680.264454,1000,20934.68528
181.561805,459,20937.642387
29.823848,106,20938.343736
-19.039456,132,20939.194621
756.648939,1000,20945.743443
554.810677,1000,20963.138746
-75.33291,222,20964.573908
781.866898,1000,20984.63096
29.771918,123,20985.442581
526.141539,1000,20991.899842
507.583648,1000,21011.234399
137.437237,403,21013.881816
95.058944,173,21014.98194
102.828116,241,21016.54073
554.607905,1000,21034.197909
4.244668,185,21035.413429
-16.881748,312,21037.425889
997.182942,1000,21043.854054
569.51727,1000,21062.034557
619.59061,1000,21068.4849
657.366394,1000,21085.135845
689.492119,1000,21091.607565
595.381046,1000,21110.67507
306.580974,972,21116.990684
-889.622565,1000,21135.319957
-259.022026,1000,21141.824492
143.645388,335,21143.976863
743.793844,1000,21162.896078
910.882844,1000,21169.358637
991.534891,1000,21185.252036
-36.35694,93,21185.825159
55.721656,137,21186.714318
57.782131,187,21187.925872
824.070962,1000,21194.380298
433.194089,1000,21210.446547
36.217512,491,21213.674054
662.839317,1000,21235.053126
185.996702,1000,21241.581488
492.902199,1000,21260.407225
267.702941,1000,21266.895292
279.284046,1000,21284.664286
428.257008,1000,21291.184841
364.269308,1000,21309.77991
49.359293,158,21310.800635
155.545059,327,21312.922147
110.958253,149,21313.944444
169.853297,601,21317.82197
644.202445,1000,21335.818294
14.510951,211,21337.169837
-30.056082,70,21337.619868
748.033488,1000,21344.064399
-1.195628,121,21344.808244
615.507201,1000,21364.505536
368.161917,1000,21370.906959
516.641085,1000,21391.702896
189.332774,656,21395.983128
791.252253,1000,21414.043801
433.470124,1000,21420.5663
9.806663,139,21421.454767
562.344717,1000,21439.387654
751.229403,1000,21445.828321
211.525108,1000,21465.503754
444.836799,1000,21471.960957
624.76886,1000,21490.041754
-42.209892,116,21490.796546
113.725895,311,21492.794428
99.397437,398,21495.370132
231.649898,438,21498.198286
16.572823,1000,21515.957026
-44.73674,152,21516.915441
-55.756917,305,21518.905819
1073.457225,1000,21525.335045
390.407648,1000,21543.44017
80.92992,225,21544.859704
-50.222452,111,21545.575288
744.445409,1000,21565.637355
624.367729,1000,21572.196912
782.138341,1000,21593.11506
1002.605191,1000,21599.624928
31.184112,103,21600.270952
677.533444,1000,21621.642064
796.468578,1000,21628.108501
-44.444855,330,21630.231986
38.200968,223,21631.649158
259.606358,1000,21650.629581
609.751894,1000,21657.020251
-22.669367,104,21657.712942
438.138395,1000,21677.891645
-76.827245,226,21679.343025
416.217792,1000,21685.816018
646.935612,1000,21705.4297
-42.729792,143,21706.387361
752.155421,1000,21726.601155
612.219106,1000,21733.142612
725.233764,1000,21752.531359
104.528295,374,21754.966405
43.707679,147,21755.957834
44.892426,431,21758.705615
990.690095,1000,21765.21399
219.583413,704,21782.654969
-572.210481,1000,21789.138499
695.189527,1000,21808.599284
804.009847,1000,21815.154213
183.448743,1000,21834.483413
754.491894,1000,21840.940381
59.810208,220,21842.495229
51.435663,270,21844.219859
4.394195,99,21858.873303
535.605894,1000,21865.364657
570.223141,1000,21885.284723
48.366336,251,21886.937067
1017.050868,1000,21893.448212
13.260755,152,21894.448261
57.061757,148,21895.389409
85.949154,176,21896.564423
22.159697,309,21898.52889
682.558063,1000,21916.879631
182.638963,743,21921.725983
-313.717423,1000,21941.198567
113.100325,277,21943.024421
65.242699,1000,21949.46081
383.128896,1000,21969.355423
508.532957,1000,21975.825011
791.021364,1000,21993.961811
83.157692,164,21995.039473
854.470103,1000,22001.424785
714.089475,1000,22019.123021
669.100763,1000,22025.721683
917.673756,1000,22047.533571
-18.537855,1000,22054.073817
524.44614,1000,22070.827396
135.352382,422,22073.58828
-68.840487,195,22074.849987
-46.11911,119,22075.628951
-193.182517,491,22092.203653
1100.428458,1000,22098.680056
362.352992,1000,22117.833605
126.863463,274,22119.589684
87.37052,216,22120.984421
102.007643,760,22125.875273
-25.605482,113,22126.616666
612.330679,1000,22146.180562
-241.080052,1000,22152.645226
737.478214,1000,22172.846671
462.445525,1000,22179.217846
-101.029794,1000,22199.784982
149.723331,286,22201.650857
1073.021655,1000,22208.13254
287.238446,1000,22229.054438
750.679122,1000,22235.640531
659.463247,1000,22254.907877
202.999932,455,22257.810727
543.724065,1000,22264.394892
638.367676,1000,22284.621261
116.845731,403,22287.206206
648.10473,1000,22304.574851
33.243913,107,22305.255994
98.61131,200,22306.532935
-73.35197,229,22308.028139
717.59578,1000,22314.476494
965.142852,1000,22332.990383
448.118881,1000,22339.492631
341.256804,1000,22359.447751
-79.524645,1000,22365.973962
53.523906,143,22366.876628
583.247185,1000,22385.541677
875.408402,1000,22391.99963
993.059614,1000,22410.247
543.051908,1000,22416.804873
234.36697,624,22435.258325
914.06165,1000,22441.673896
930.980154,1000,22458.796693
192.812529,513,22462.123591
336.239946,1000,22468.586214
80.030893,341,22485.649862
485.489616,1000,22492.14347
562.559351,943,22498.204699
745.201967,1000,22515.130229
-110.56729,154,22516.078299
-41.028315,95,22516.713391
671.270529,1000,22535.571261
726.000499,1000,22542.03651
440.270955,1000,22559.630937
475.101685,1000,22566.152112
451.23679,1000,22580.558513
97.3793,261,22582.290328
-3.745568,117,22583.061235
405.277434,1000,22589.435986
107.14392,308,22591.455529
235.119045,580,22607.548234
115.268814,619,22611.518724
-17.14298,110,22612.246819
79.51346,111,22612.943813
-127.745095,300,22614.894002
758.746809,1000,22630.114805
1129.979078,1000,22636.513507
419.072278,960,22652.595819
138.504841,357,22654.928208
65.476192,166,22655.972804
-29.132946,63,22656.377074
62.405106,179,22657.530657
44.591139,102,22658.193664
-22.318896,152,22659.147273
101.321754,159,22660.206671
49.778193,285,22662.061211
887.529564,1000,22678.735442
662.260974,1000,22685.174622
640.798056,1000,22703.180593
-613.38921,1000,22709.632404
506.384172,1000,22728.705121
787.477997,1000,22735.103999
407.921879,1000,22753.442357
162.174304,1000,22759.888098
-78.312411,140,22760.777859
-41.263911,187,22761.980238
690.117387,1000,22781.585808
110.414868,181,22782.765778
71.734237,1000,22789.198027
-610.507155,1000,22807.565564
71.11442,177,22808.708516
-107.432868,287,22810.565359
-202.731006,1000,22828.459515
77.477941,302,22830.384204
546.741009,1000,22836.937959
162.021138,327,22839.064
362.128436,1000,22856.525322
41.700464,292,22858.399431
686.730984,1000,22879.959951
-8.78411,149,22880.925719
470.124022,1000,22887.427174
796.041646,1000,22906.92676
543.691999,1000,22913.35667
39.680848,224,22914.825617
389.853874,590,22929.879717
603.939971,1000,22936.370943
486.045265,1000,22942.841002
359.902328,890,22962.357904
185.864704,1000,22968.85151
180.802703,492,22985.307218
107.030665,389,22987.836117
-22.686092,1000,22994.31406
155.696315,346,23007.490034
-7.439849,106,23008.171676
1150.568961,1000,23014.666177
83.658046,180,23015.818191
490.261414,1000,23034.656511
22.272154,108,23035.357034
-118.461219,112,23036.096538
767.593121,1000,23042.582024
982.288887,1000,23061.745278
96.747541,416,23064.411031
-68.569021,200,23065.761355
-96.421187,216,23067.124335
756.166421,1000,23082.044691
687.320651,1000,23088.419107
648.504972,1000,23104.334166
76.400249,174,23105.475626
45.34313,126,23106.247874
572.790423,1000,23112.691689
286.185767,1000,23129.492944
429.378554,1000,23136.010352
79.508249,157,23137.051233
659.288176,1000,23155.881885
864.438073,1000,23162.283479
56.453541,150,23163.332807
-24.32284,1000,23180.751454
321.090029,1000,23187.249815
1122.427197,1000,23206.159943
620.259525,1000,23212.626385
-52.167032,115,23213.368795
-149.944757,325,23215.461799
595.823008,1000,23235.69645
89.327754,172,23236.812572
813.855378,1000,23258.346637
-7.327121,133,23259.203219
198.716265,303,23261.190851
89.603151,200,23262.456997
163.332354,215,23263.833282
570.968715,767,23268.775845
630.411067,1000,23288.441751
56.207112,135,23289.30376
453.156048,1000,23295.665087
926.050113,1000,23315.359045
419.801531,1000,23321.821503
338.571068,1000,23339.177303
750.043254,1000,23345.729004
791.884897,1000,23362.625087
163.175523,659,23366.885459
-37.434519,267,23368.596856
241.748322,821,23382.007357
11.7259,154,23382.98819
-104.663709,330,23385.094144
496.736239,1000,23391.623436
-92.441888,232,23405.966111
587.708828,1000,23412.386288
-98.233147,1000,23418.746418
898.169913,1000,23435.830666
806.365813,1000,23442.287049
173.082476,545,23457.535226
77.044248,240,23459.064504
302.373449,674,23463.53764
580.540185,1000,23480.215161
23.325275,293,23482.068286
1071.388105,1000,23488.490763
-168.597915,1000,23509.085784
545.499238,1000,23515.620601
10.877499,206,23516.936259
736.177216,1000,23532.677716
690.265901,1000,23539.039416
133.953367,224,23540.489358
-77.570059,314,23555.469067
831.623957,1000,23561.930782
81.881573,217,23563.357111
631.668498,1000,23581.24717
407.913718,505,23584.630496
703.599231,1000,23591.052172
56.657309,167,23605.677886
131.942569,226,23607.13967
12.192437,290,23609.041647
599.171363,1000,23615.473017
799.557186,1000,23633.78298
751.027467,1000,23640.230814
528.908896,1000,23658.533759
76.344788,218,23659.949376
-56.239688,168,23660.997901
500.999184,1000,23667.402727
209.341995,290,23681.389551
-7.415266,27,23681.589834
265.147165,436,23684.419252
776.345616,1000,23690.824058
-23.735296,129,23691.647458
-96.174337,122,23692.440137
343.877415,1000,23711.664286
707.791195,1000,23718.061682
998.845308,1000,23735.412813
84.096493,332,23737.547986
114.227632,255,23739.177624
352.297651,636,23743.310854
474.364675,1000,23759.250795
-28.382239,57,23759.633737
50.938747,359,23761.9135
312.141249,738,23766.785276
58.745729,308,23781.577062
555.826994,1000,23787.953743
105.871192,207,23789.264891
758.780245,1000,23804.863505
804.831701,1000,23811.294139
568.271595,1000,23828.702273
835.740618,1000,23835.16862
91.974273,220,23836.555656
221.900958,1000,23855.692378
787.913462,1000,23862.116927
578.896698,791,23878.643479
98.469099,148,23879.599296
34.93964,207,23880.949068
697.039211,1000,23887.457794
863.731104,1000,23905.423707
-159.233068,342,23907.600156
5.783101,49,23907.92538
644.32906,1000,23914.449272
682.446833,1000,23932.273063
950.5862,1000,23938.697651
630.191032,1000,23958.547189
569.715396,1000,23964.96387
169.152555,275,23978.610323
448.28768,1000,23985.165185
488.625356,1000,24007.327598
195.067273,277,24009.11131
506.313511,1000,24015.56743
463.189233,1000,24032.499458
498.884946,1000,24039.031874
565.122544,1000,24056.065835
572.648861,1000,24062.458581
1023.608184,1000,24077.174047
55.915193,472,24080.214564
943.983516,1000,24086.665459
-200.995736,492,24101.497775
534.887955,1000,24107.919258
93.437093,254,24109.55171
662.464685,1000,24126.531695
610.295536,1000,24132.869554
72.440245,187,24134.080528
-25.90197,54,24134.43045
340.89049,1000,24151.688186
564.279429,1000,24158.200298
21.501945,191,24159.422162
409.303815,1000,24178.140675
101.759157,1000,24184.678651
7.469049,49,24184.997776
-408.359935,1000,24204.823623
668.036144,1000,24211.249269
-16.805359,93,24211.877819
147.635803,389,24227.830907
528.623767,1000,24234.296291
154.519115,420,24236.971525
371.07867,1000,24255.133565
670.382471,1000,24261.553966
444.764738,1000,24280.744487
203.273211,458,24283.706369
791.734706,1000,24290.143559
902.557948,1000,24311.235944
50.662114,112,24311.958168
842.407838,1000,24318.373939
556.369226,1000,24338.913311
364.962299,830,24344.215984
581.868242,1000,24364.497287
-62.020092,1000,24370.823062
-1.256524,45,24371.096571
635.682631,1000,24389.122257
1146.720271,1000,24395.674868
148.728673,1000,24415.94037
481.403718,1000,24422.380311
1180.950958,1000,24442.992696
596.717528,1000,24449.493014
67.073924,231,24450.974107
62.88911,254,24465.906552
63.05391,704,24470.473661
770.822288,1000,24476.881835
762.761104,1000,24498.158175
593.286945,1000,24504.614326
313.50893,1000,24522.959447
51.922113,260,24524.649595
245.249251,1000,24531.038437
840.374605,1000,24548.028154
462.304455,1000,24554.363957
929.186085,1000,24571.607585
635.89146,1000,24578.126592
449.485466,1000,24597.793774
1101.635468,1000,24604.310675
769.184027,1000,24623.764768
593.841891,1000,24630.287605
472.883073,1000,24650.556377
20.214196,160,24651.558093
622.706712,1000,24657.966558
77.231645,140,24658.854143
994.84233,1000,24679.986082
696.75671,1000,24686.394974
489.120253,840,24706.644153
810.402178,1000,24713.039705
395.668422,1000,24732.049328
566.519719,1000,24738.490663
637.870162,1000,24761.297721
204.228236,1000,24767.659225
898.214873,1000,24788.848643
71.334771,1000,24795.24234
199.525065,1000,24815.793877
583.417019,1000,24822.174128
100.611542,421,24824.856103
29.776769,267,24841.006294
664.091467,962,24847.314672
584.365687,1000,24869.074416
918.974307,1000,24875.630642
-138.819146,1000,24882.068161
831.172133,1000,24901.749599
-12.029493,444,24904.667229
735.221079,1000,24925.169717
441.676194,1000,24931.539855
491.714844,1000,24953.739789
693.960756,1000,24960.162801
359.454971,1000,24983.430786
-84.260262,335,24985.547124
-171.199587,1000,24991.965866
-54.590655,594,25010.776841
864.037973,1000,25017.154752
342.029644,1000,25036.08021
284.854404,800,25041.162849
817.636,1000,25047.517646
73.594961,300,25065.002705
719.997389,1000,25071.454755
463.602247,1000,25091.143189
-47.492406,103,25091.802628
321.32252,1000,25098.118331
432.349103,1000,25119.220404
596.666319,1000,25125.685882
707.965344,1000,25148.046926
590.231602,1000,25154.394588
647.428308,1000,25174.400388
422.477698,1000,25180.925062
832.761978,1000,25202.643445
188.447158,1000,25209.144112
-56.184546,312,25211.120073
136.112879,281,25212.910976
352.877729,876,25232.870852
-35.446968,338,25235.148512
1016.721015,1000,25241.535615
832.103826,1000,25262.209078
9.046633,53,25262.54228
806.431778,1000,25269.002055
-4.835205,217,25270.379043
1067.643034,1000,25290.025256
33.007873,233,25291.500908
481.618895,1000,25311.851231
301.593439,1000,25318.301704
808.892763,1000,25337.581176
241.216891,1000,25343.909601
579.3984,1000,25365.305401
389.532362,1000,25371.68779
643.213999,1000,25393.175551
873.275253,1000,25399.586675
312.988148,1000,25405.954269
548.671116,1000,25426.581939
643.029317,1000,25432.892741
172.599602,352,25449.654825
429.467013,1000,25456.065538
665.843223,1000,25476.030924
928.245837,1000,25482.439947
467.632379,1000,25503.796231
310.230294,1000,25510.202276
538.85841,1000,25530.072398
596.514812,1000,25536.534907
57.684908,1000,25557.428129
692.363116,1000,25563.940051
602.581691,1000,25583.545795
531.148232,1000,25589.904572
278.438391,1000,25596.41079
495.213135,1000,25613.617189
43.85703,153,25614.611146
680.022419,1000,25632.864699
660.428114,1000,25639.265392
761.581567,1000,25660.696748
-206.702578,458,25663.646649
93.507319,284,25665.493724
-18.73224,1000,25671.927076
88.105623,258,25673.589311
815.937005,1000,25692.842581
102.297458,384,25695.284737
701.118636,1000,25715.443046
570.011728,1000,25721.880056
573.86631,1000,25742.59853
539.7181,1000,25749.131652
644.924596,1000,25770.31078
-131.032742,409,25772.975349
692.907737,1000,25779.420474
94.504993,155,25780.42901
1225.30724,1000,25801.137352
456.945927,494,25804.42423
56.480698,282,25806.206602
482.07994,1000,25823.655074
-158.919473,1000,25830.00819
290.921801,306,25831.924812
-61.733137,200,25833.342155
986.542623,1000,25855.770113
290.916255,1000,25862.151902
509.614227,1000,25883.209207
735.812609,1000,25889.645298
638.782348,1000,25909.119761
664.65088,1000,25915.467458
10.218194,110,25916.18908
8.834346,149,25930.46885
18.834501,233,25932.033479
812.366453,1000,25938.487051
663.76981,1000,25959.749719
-228.138151,831,25965.020883
921.463872,1000,25986.038989
940.276765,1000,25992.425379
806.264332,1000,25998.853262
431.263524,1000,26017.951841
65.33398,120,26018.721413
57.513261,185,26019.86243
555.183681,1000,26039.008208
123.475036,140,26039.907642
832.839561,1000,26046.403204
401.160509,1000,26066.297494
15.111107,164,26067.317678
2.513977,208,26068.607849
737.957109,1000,26075.104022
901.071592,1000,26092.648404
514.429737,1000,26098.982101
833.514468,1000,26118.463422
522.904013,921,26124.327531
83.629465,319,26126.359162
759.383076,1000,26145.540343
746.556199,1000,26151.838919
392.272967,1000,26172.145253
657.379014,1000,26178.627962
219.792128,1000,26200.458865
766.977752,1000,26206.92013
627.371621,1000,26228.653245
77.277442,201,26229.957837
456.132352,1000,26236.376591
674.174884,1000,26259.027051
591.60539,1000,26265.440138
307.667306,1000,26286.400792
179.420484,350,26288.66137
724.250233,1000,26311.482198
303.830663,572,26315.282643
482.032119,1000,26321.59999
-571.773229,1000,26341.312567
810.083555,1000,26347.759845
244.719935,1000,26368.817319
584.806537,869,26374.391489
1020.519602,1000,26394.812983
21.956477,184,26396.017035
282.893795,1000,26402.38173
650.067352,1000,26421.818593
-314.147307,377,26424.251128
-13.391985,317,26426.291613
922.775778,1000,26448.725952
787.523602,1000,26455.062402
1114.812144,1000,26475.45731
524.318959,1000,26481.913768
59.877936,151,26482.925433
763.422267,1000,26503.856263
553.643001,1000,26510.304022
650.210441,1000,26532.267066
420.123845,1000,26538.663558
853.316221,1000,26560.288342
82.093054,268,26562.052606
799.872805,1000,26568.52744
880.565837,1000,26587.344356
602.846215,1000,26593.813134
91.763809,228,26595.292398
-114.267824,1000,26616.812615
78.443225,320,26618.844719
686.681479,1000,26625.282572
830.867186,1000,26646.115259
115.90701,1000,26652.458597
301.226441,1000,26672.587377
637.355749,810,26677.77044
464.361608,1000,26697.50735
426.507854,1000,26703.940137
36.867343,169,26705.00659
80.569629,309,26706.962233
715.743651,1000,26728.921849
60.142908,1000,26735.360117
763.795808,1000,26755.594846
427.146392,1000,26761.952155
632.421909,1000,26782.434587
774.920354,1000,26788.874514
735.060432,1000,26809.142705
383.072503,1000,26815.520074
404.017513,1000,26836.605108
713.553237,1000,26842.904866
81.263513,385,26859.248431
658.900029,1000,26865.653471
-54.964324,114,26866.382178
543.978412,1000,26885.501613
381.393622,1000,26891.854996
722.796049,1000,26912.023515
115.428743,330,26914.217109
-196.683915,1000,26920.554365
618.40005,1000,26940.204197
216.292987,1000,26946.725515
78.578173,177,26947.811763
167.388006,1000,26968.080351
730.277939,1000,26974.587505
825.30544,1000,26994.99143
46.431466,215,26996.365143
799.375033,1000,27002.620525
855.582532,1000,27023.170861
1053.391158,1000,27029.52998
876.917392,1000,27048.77757
52.464718,308,27050.725075
472.185783,1000,27057.072212
301.917394,1000,27077.319804
772.514355,1000,27083.711889
105.666356,191,27084.924485
1080.437698,1000,27105.407552
695.681305,1000,27111.802325
114.878877,1000,27130.647854
993.034027,1000,27137.001634
-189.382357,1000,27159.231027
103.42533,849,27164.612243
921.532953,1000,27185.713492
-881.140734,1000,27192.069325
46.196896,144,27193.003041
163.263652,290,27208.404256
774.044625,1000,27214.942091
73.640588,194,27216.146751
-96.238754,288,27217.917269
713.765852,1000,27235.826492
92.429577,185,27237.009901
666.750021,1000,27243.410661
938.108385,1000,27263.764233
471.207235,1000,27270.156041
80.214873,145,27271.07036
720.724242,1000,27291.111109
1148.369437,1000,27297.475597
754.757578,1000,27320.230909
26.300029,125,27321.016968
160.358363,342,27323.176193
53.935049,289,27325.046165
540.68739,1000,27346.673308
142.180018,306,27348.644314
734.016833,1000,27355.034112
630.873546,1000,27375.472618
683.712404,1000,27381.915685
-17.650178,172,27383.054706
728.895341,1000,27404.797226
608.583011,1000,27411.190344
871.622503,996,27431.230897
-98.354245,370,27433.54502
-675.160868,1000,27454.019764
473.709796,1000,27460.386834
-233.836641,1000,27466.674174
473.209128,1000,27487.258795
988.857451,1000,27493.594412
-138.935479,1000,27514.493583
913.212738,1000,27520.88409
683.258067,1000,27539.083511
458.664857,1000,27545.575006
343.536722,1000,27565.595505
106.359709,250,27567.146001
-1.614108,1000,27587.769472
374.964597,497,27590.974614
76.490292,324,27593.059937
649.375424,1000,27599.450755
702.351993,1000,27617.953603
1134.588549,1000,27624.390792
521.117412,1000,27643.138791
627.744627,1000,27649.521775
-183.381916,1000,27668.964444
744.744253,1000,27675.316739
685.925311,1000,27696.388396
54.359792,593,27700.121139
530.557153,1000,27721.511552
7.265492,1000,27727.952719
688.71854,1000,27747.278657
353.960567,1000,27753.80673
668.866383,1000,27775.917442
184.036379,1000,27782.347703
650.166857,1000,27802.69919
84.930135,263,27804.350332
761.127716,1000,27810.632504
648.861241,1000,27831.041633
521.304929,1000,27837.439351
-9.092078,395,27839.912775
673.011254,1000,27860.307998
581.842845,1000,27866.723037
2.993794,1000,27887.004812
573.326135,1000,27893.349146
763.094408,1000,27913.025624
136.249153,1000,27919.365494
-87.018473,84,27919.921862
731.117677,1000,27939.704491
97.636865,252,27941.294491
80.324501,215,27942.70184
913.168899,1000,27949.084785
555.60043,1000,27971.471824
674.222684,1000,27977.848551
-11.308549,347,27995.362305
1009.130884,1000,28001.748896
553.408802,1000,28020.804743
653.445149,1000,28027.257987
-75.314819,1000,28047.15994
270.60316,1000,28053.557337
917.12265,1000,28074.595813
795.291511,1000,28080.849344
884.017526,1000,28102.196725
626.988471,1000,28108.589807
148.403917,290,28110.396174
622.423472,1000,28132.736772
702.115518,1000,28139.072227
100.621873,1000,28158.24968
-9.381277,345,28160.444392
706.339502,1000,28166.855222
796.146382,1000,28187.946458
890.630008,1000,28194.240618
645.243226,1000,28214.182543
-41.130032,93,28214.752586
698.423303,1000,28221.118443
899.570635,1000,28240.182138
-172.016468,908,28245.90303
45.443732,336,28248.048163
329.275956,1000,28268.971415
594.153858,1000,28275.275884
867.001742,1000,28295.719534
936.428372,1000,28302.10744
849.32507,1000,28323.675498
-55.209367,174,28324.882985
692.769385,1000,28331.27206
830.569465,1000,28351.542385
-315.143022,1000,28358.006825
972.251902,1000,28377.530149
223.677901,1000,28383.887706
1058.125674,1000,28404.430761
-113.36865,91,28404.981716
68.120868,243,28406.545527
945.727574,1000,28412.943399
579.733051,1000,28434.073418
15.57776,83,28434.598921
1031.592202,1000,28455.724985
-351.421847,1000,28462.147597
862.613159,1000,28468.467
739.13821,1000,28488.436512
544.763323,1000,28494.770899
413.563959,1000,28516.06123
1047.497816,1000,28522.448475
662.23483,1000,28540.780149
765.901753,1000,28547.139493
1098.204984,1000,28568.89857
804.818092,1000,28575.209875
420.400165,1000,28595.025075
754.675382,1000,28601.350091
-185.229961,264,28617.874192
22.176648,1000,28624.415401
650.971124,1000,28630.819103
871.798166,1000,28651.660641
821.202498,1000,28658.094562
629.113307,1000,28679.223795
406.176609,1000,28685.702047
-131.473441,79,28686.241621
788.648839,1000,28702.284643
880.858479,1000,28708.676392
102.284496,1000,28730.077682
848.862749,1000,28736.493565
42.1904,110,28737.196947
747.26717,1000,28756.772114
170.469987,1000,28763.173586
-315.659595,895,28784.060218
157.045749,1000,28790.439714
84.170351,265,28804.364416
678.456366,1000,28810.756268
67.657166,179,28811.895694
20.411954,159,28812.933268
20.836956,530,28816.340351
83.09576,196,28831.90599
148.276952,306,28833.935625
624.016556,1000,28840.32565
602.839836,1000,28860.112738
878.007527,1000,28866.625553
868.853755,1000,28886.597732
107.965938,281,28888.432444
551.355933,1000,28894.849908
166.959421,1000,28915.057086
333.956249,1000,28921.476581
-16.763478,155,28922.457738
448.306674,929,28942.676925
1202.002491,1000,28948.985785
622.406122,1000,28971.308688
821.406485,1000,28977.706682
415.535039,1000,28997.309048
55.204846,239,28998.849326
280.769157,580,29002.54651
488.095616,1000,29023.432302
974.000177,1000,29029.771659
892.747867,1000,29051.520002
717.921169,1000,29057.883312
861.638695,1000,29078.557816
872.26656,1000,29084.946447
482.671416,1000,29104.667814
-563.115447,1000,29111.093374
179.479697,316,29113.098671
536.74435,1000,29133.393992
777.917205,1000,29139.823897
661.161887,1000,29159.635228
11.59217,147,29160.565408
-11.805307,84,29161.087428
788.2289,1000,29167.614885
561.896086,1000,29186.515613
123.237417,242,29188.034632
717.71254,1000,29194.520743
17.495562,207,29195.817192
706.477166,1000,29218.077369
-294.139762,1000,29224.50969
905.886719,1000,29244.812832
161.284454,1000,29251.199743
485.753965,1000,29271.166405
-59.30946,242,29272.720882
50.66043,1000,29279.048177
229.043852,448,29297.816839
324.39722,1000,29304.15403
180.815003,1000,29326.239671
579.592913,1000,29332.588826
251.565968,1000,29354.468552
973.462121,1000,29360.81953
575.789446,1000,29380.17697
-110.37552,162,29381.251313
694.428344,1000,29387.622916
45.46236,277,29389.346071
160.638666,392,29404.421579
710.685431,1000,29410.801377
514.927604,1000,29417.107892
-92.169553,137,29431.2939
1160.254705,1000,29437.722622
143.730351,1000,29459.543323
-86.853957,209,29460.866806
902.338784,1000,29467.283029
466.583819,618,29471.143387
688.152758,1000,29492.329623
710.740841,1000,29498.75393
1027.832707,1000,29521.75099
252.71881,1000,29528.229859
698.566831,1000,29547.948618
510.350933,1000,29554.393119
380.344496,1000,29575.285354
702.180509,1000,29581.542231
880.72928,1000,29603.049141
105.771,404,29605.585134
17.386215,308,29607.548406
-141.012469,1000,29629.392082
949.144322,1000,29635.651721
95.77728,1000,29655.700824
471.905131,1000,29662.091832
310.977144,1000,29683.667234
733.867348,1000,29689.992202
547.640075,1000,29710.474943
731.662068,1000,29716.792166
-62.695743,443,29719.603781
512.898475,1000,29741.23973
1109.216755,1000,29747.580409
-13.550912,215,29748.959771
1070.754997,1000,29771.262001
114.228399,1000,29777.609234
581.373695,1000,29798.730191
159.923645,242,29800.277415
752.587343,1000,29806.615262
510.615116,1000,29826.865699
744.979308,1000,29833.239829
-839.696454,1000,29853.387076
907.953036,1000,29859.787915
-421.225029,1000,29882.266184
45.421856,244,29883.816864
-512.873786,1000,29890.20345
66.08506,227,29906.775594
635.47403,1000,29913.14745
404.865348,1000,29934.026171
195.054087,332,29936.143661
888.750129,1000,29942.512561
392.914304,1000,29964.203059
-45.819689,195,29965.451194
724.058171,1000,29971.759784
323.103025,1000,29994.100318
248.690302,710,29998.609714
549.25632,1000,30020.755069
735.681251,1000,30027.089056
855.571819,1000,30048.398837
840.27961,1000,30054.767806
732.793987,1000,30075.849072
695.447493,1000,30082.242793
649.196682,1000,30103.417665
-11.319493,844,30108.820713
1069.321825,1000,30115.181318
-419.745536,1000,30137.612025
-214.710097,1000,30143.943355
809.201101,1000,30164.896021
711.381905,1000,30171.251313
590.644737,1000,30192.485316
739.821157,1000,30198.849644
-44.286708,125,30199.63193
695.287979,1000,30220.410309
549.695842,1000,30226.720748
515.070338,1000,30248.861595
618.153061,1000,30255.214172
777.399738,1000,30275.824631
501.853639,1000,30282.239573
887.373714,1000,30301.80497
789.246657,1000,30308.221514
677.361183,1000,30327.735453
59.221437,236,30329.210181
277.270701,1000,30335.691508
1027.571641,1000,30355.120787
-118.839797,262,30356.821683
234.085463,1000,30377.515686
570.399468,1000,30383.902635
503.567,612,30387.751118
226.850841,1000,30409.690696
908.845879,1000,30416.098283
-143.057875,327,30418.192561
846.459484,1000,30440.984235
878.690843,1000,30447.397497
956.50547,1000,30469.028319
460.00291,1000,30475.309521
-33.192079,235,30491.104068
-24.467058,143,30492.007476
852.32135,1000,30498.40233
781.141119,1000,30519.678285
1082.646537,1000,30526.089307
557.092897,1000,30547.798081
57.058248,187,30549.009635
226.086666,1000,30555.340828
991.803337,1000,30575.844037
360.922347,1000,30582.21125
856.014477,1000,30603.243941
717.760919,1000,30609.686475
558.684851,1000,30631.784494
763.066843,1000,30638.295585
18.962931,193,30639.547831
730.095813,1000,30659.044403
702.071734,1000,30665.459522
969.389041,1000,30684.868692
737.687699,1000,30691.20285
932.351842,1000,30711.662286
120.956573,247,30713.238269
431.150057,1000,30719.619772
-311.62572,425,30722.318004
632.733694,1000,30744.289021
520.267601,1000,30750.605072
-221.866129,981,30772.965812
216.552913,1000,30779.384287
240.106751,440,30796.576156
879.524277,1000,30803.012678
1.519285,223,30804.402312
917.606158,1000,30826.069785
898.576487,1000,30832.444603
455.792822,1000,30853.290087
-69.761187,260,30854.955158
-13.729621,160,30855.999556
705.19638,1000,30862.32704
592.022554,1000,30884.44749
119.667452,334,30886.56616
361.211525,1000,30892.954453
436.251653,1000,30915.031158
739.847249,1000,30921.331167
803.114454,1000,30942.607414
671.530371,1000,30948.884801
113.295278,322,30966.6112
-118.499817,1000,30973.014046
-156.650149,1000,30993.420457
-84.207013,128,30994.28613
455.931986,1000,31000.640163
430.301189,1000,31022.496396
267.451146,610,31026.490091
162.090002,431,31029.205074
966.649547,1000,31050.491839
106.362244,226,31051.912699
425.669906,1000,31058.331447
842.771725,1000,31078.157827
113.33748,395,31080.663781
1055.136032,1000,31087.06032
1182.636592,1000,31109.083388
696.486579,1000,31115.59717
446.982051,1000,31136.282354
669.163537,1000,31142.686795
790.208793,1000,31163.195179
-21.131001,263,31164.862199
962.488974,1000,31171.166287
690.598426,1000,31192.730273
907.138291,1000,31199.139224
374.585283,1000,31220.184936
-55.626471,305,31222.160818
-41.762097,123,31222.957221
796.247782,1000,31243.738592
396.032259,1000,31250.120596
848.087735,1000,31270.680813
696.641037,1000,31277.048555
691.673457,1000,31297.494932
786.927492,1000,31303.929133
897.282659,1000,31324.424825
56.154559,98,31325.11955
95.361886,190,31326.344629
869.285602,1000,31332.691441
786.162044,1000,31350.955785
67.839109,210,31352.274553
681.029495,1000,31358.673891
649.082703,1000,31379.876398
478.046284,1000,31386.334247
847.536342,1000,31408.3165
281.564125,1000,31414.722872
126.210218,531,31418.098062
404.519887,1000,31437.740246
339.915865,1000,31444.123968
688.080742,1000,31466.808325
286.06326,1000,31473.186553
713.768499,1000,31495.94787
579.062544,1000,31502.367512
105.934547,237,31503.883454
702.688221,1000,31525.901561
73.375665,1000,31532.28493
737.141507,1000,31553.414886
649.321488,1000,31559.815459
397.512329,1000,31582.315064
797.596157,1000,31588.653482
-142.686658,368,31605.212725
-99.798888,244,31606.762965
602.338585,1000,31613.221344
850.22026,1000,31635.041287
864.837243,1000,31641.378537
746.811219,1000,31663.894584
793.41956,1000,31670.253721
-207.73171,312,31672.198763
838.485213,1000,31693.97498
869.017873,1000,31700.316926
916.88302,1000,31721.333717
1056.694196,1000,31727.693541
967.347625,1000,31748.64492
708.208287,1000,31754.969573
827.365142,1000,31773.936889
2.058363,58,31774.356129
476.548401,1000,31780.727063
1064.146185,1000,31800.904807
539.203274,1000,31807.350745
477.717029,1000,31827.572435
628.358027,1000,31833.984319
707.731888,1000,31854.282708
-84.068092,1000,31860.666938
593.090233,1000,31880.727921
344.246963,1000,31887.063529
314.912516,1000,31906.363267
525.672602,1000,31912.7742
631.767589,1000,31932.179427
-54.219736,117,31932.927751
359.141695,585,31936.644074
894.343574,1000,31943.102797
-47.764943,172,31958.810191
997.768237,1000,31965.114523
-268.91047,453,31967.969309
815.539183,1000,31989.013432
797.669373,1000,31995.311774
594.359682,1000,32014.758702
1166.545228,1000,32021.084569
296.279181,1000,32041.41775
868.143494,1000,32047.902207
567.333205,1000,32068.869587
-7.050861,106,32069.516082
673.770705,1000,32076.029818
839.323798,1000,32096.086249
445.043465,1000,32102.463558
870.55728,1000,32123.423306
108.998359,1000,32129.752999
85.992463,286,32131.625561
585.017752,1000,32152.965456
721.49137,1000,32159.263761
788.170603,1000,32181.297737
825.87647,1000,32187.628896
71.727257,269,32189.361658
486.484725,1000,32210.87931
834.074711,1000,32217.294113
71.604768,245,32218.854725
616.661322,1000,32240.844746
735.058004,1000,32247.239417
607.868979,1000,32268.088629
180.497076,325,32270.150365
718.220839,1000,32291.427017
73.075813,148,32292.401817
638.512689,1000,32298.733232
503.355984,1000,32321.024984
800.490978,1000,32327.322301
1085.514759,1000,32346.816374
913.616126,1000,32353.139257
-448.252676,1000,32373.435347
1156.422102,1000,32379.951405
51.476131,285,32381.736428
548.919179,1000,32401.8262
602.195927,1000,32408.262569
270.040243,1000,32430.23978
373.096193,1000,32436.714915
14.10431,219,32438.092524
866.953275,1000,32459.13143
581.681797,1000,32465.619209
808.60736,1000,32484.112689
922.243689,1000,32490.486055
511.395912,1000,32510.816707
249.518661,1000,32517.199847
120.603098,269,32518.925728
707.850111,1000,32538.614151
-43.742493,164,32539.651819
-89.415568,104,32540.346823
292.502488,451,32543.207392
68.295169,286,32545.058215
1204.794767,1000,32564.201179
858.225928,1000,32570.628913
585.470522,1000,32590.607697
509.55238,810,32595.759829
93.971627,291,32597.606036
720.865624,1000,32616.896
997.87537,1000,32623.273642
63.49047,209,32624.583049
1136.435187,1000,32644.084559
621.029024,1000,32650.501297
439.924179,1000,32670.080653
318.483235,1000,32676.560239
629.260379,1000,32697.98973
702.569711,1000,32704.346933
894.52315,1000,32722.463316
644.680369,1000,32728.763762
298.105884,1000,32749.129995
-81.447245,246,32750.696206
549.641135,1000,32757.005128
712.296757,1000,32778.225369
81.052464,215,32779.589576
1085.283098,1000,32785.944403
3.296736,103,32801.699291
713.171069,1000,32808.061275
365.432609,1000,32827.429434
647.215069,1000,32833.830127
925.793873,1000,32840.270312
497.682917,1000,32859.225218
1048.660532,1000,32865.659182
435.916771,1000,32887.105311
986.057861,1000,32893.405615
114.50143,453,32910.64897
724.083522,1000,32917.095783
554.875645,1000,32939.454794
634.23495,1000,32945.874244
122.009051,668,32950.156291
374.895232,1000,32969.972606
513.057371,1000,32976.419739
787.919475,1000,32997.944236
165.635954,1000,33004.271913
806.426218,1000,33025.336526
14.957591,211,33026.67039
4.055677,162,33027.741223
282.460236,1000,33048.641739
261.48421,1000,33055.035247
972.850438,1000,33075.210886
159.14625,1000,33081.592258
38.506355,179,33082.747849
-92.154003,1000,33103.542005
175.289414,529,33106.900604
834.931256,1000,33113.281353
-139.790185,208,33114.576627
-61.987017,162,33126.616676
972.119345,1000,33133.001078
-423.690025,571,33136.590482
289.562353,1000,33156.601259
497.946171,1000,33162.931668
1055.105489,1000,33181.528002
219.342692,429,33184.279085
-5.229569,124,33185.123885
659.349039,1000,33204.32438
783.058675,1000,33210.689396
18.548263,144,33211.598949
78.562175,383,33214.057707
731.652694,1000,33233.876539
828.926109,1000,33240.234017
503.063493,1000,33261.785489
588.849674,1000,33268.120874
798.027275,1000,33288.480518
742.218114,1000,33294.882583
813.334818,1000,33314.701798
796.643611,1000,33321.070834
89.951163,197,33322.333374
489.069552,729,33342.490258
619.891236,1000,33348.873768
64.841783,366,33351.228662
425.084031,1000,33372.528028
-120.912071,1000,33378.908191
955.11079,1000,33399.310536
8.835629,268,33401.02887
239.53059,1000,33407.360466
797.684541,1000,33429.299334
1120.905009,1000,33435.600683
655.447909,1000,33455.905391
382.532273,1000,33462.208444
-107.550183,451,33479.958235
747.223616,1000,33486.45171
971.249814,1000,33508.37569
565.365233,1000,33514.713639
507.031556,1000,33521.049185
-35.732652,1000,33540.352309
627.536202,1000,33546.786616
85.879504,345,33563.780532
885.122902,1000,33570.131002
184.484119,207,33571.441167
479.615694,1000,33593.903943
502.182074,1000,33600.2393
963.66722,1000,33621.120095
34.639794,255,33622.740851
82.467004,361,33625.002162
32.91887,165,33626.076396
751.548,1000,33647.255818
723.092016,1000,33653.706234
501.366802,1000,33676.127649
-60.634517,54,33676.476503
111.287374,1000,33682.803905
-65.104055,314,33684.790883
905.589493,1000,33707.212777
787.434336,1000,33713.57442
598.433288,766,33733.286967
804.504021,1000,33739.5824
131.254219,206,33740.890715
1044.233051,1000,33760.190055
97.946355,466,33763.130749
634.991522,1000,33769.455411
297.616025,555,33788.663422
960.196792,1000,33794.948407
135.833097,1000,33816.839125
758.53748,1000,33823.168896
781.253032,1000,33844.559525
333.004087,1000,33851.070148
-159.768347,363,33853.322982
510.418817,1000,33874.03404
654.26565,1000,33880.527886
704.949618,1000,33901.36772
400.887488,1000,33907.841158
567.472236,1000,33928.673727
476.688684,968,33934.849913
773.283478,1000,33956.062738
737.425852,1000,33962.450831
695.05573,1000,33981.980773
676.502438,1000,33988.265806
138.361641,448,33991.122519
485.764246,1000,34013.490314
-21.818625,1000,34019.800666
904.881397,1000,34041.684917
71.426527,241,34043.225831
533.325283,1000,34049.576917
-56.176533,1000,34069.115969
450.052221,1000,34075.50849
773.224512,1000,34096.910578
413.944281,1000,34103.315637
558.476038,1000,34124.651223
699.812068,1000,34130.998235
487.034444,1000,34153.335738
0.327581,1000,34159.566915
559.306998,1000,34181.311087
448.402414,1000,34187.640249
69.624346,198,34188.889119
191.320549,876,34209.387269
600.504454,1000,34215.704964
152.732788,433,34233.76296
676.863163,1000,34240.17748
79.959309,173,34241.281323
563.042521,1000,34262.926316
738.887578,1000,34269.379537
877.283799,839,34274.749048
657.375333,1000,34295.233617
260.834475,1000,34301.517417
-220.620673,681,34320.696831
767.434898,1000,34327.154001
536.898459,1000,34347.949525
313.218916,1000,34354.2666
933.39761,1000,34375.106889
56.806394,376,34377.491295
609.250703,1000,34383.761905
875.530082,1000,34404.114053
354.326164,1000,34410.416668
85.641668,204,34411.682952
727.614669,1000,34433.686528
-56.381261,143,34434.63127
55.958142,350,34436.84425
605.577119,1000,34458.969043
40.109536,302,34460.885974
478.260912,1000,34467.209817
289.356604,1000,34489.522288
551.589008,1000,34495.906601
852.278553,1000,34518.859713
608.208313,1000,34525.272989
75.941331,1000,34545.716522
-553.546804,1000,34552.079477
733.31191,1000,34571.364759
564.876817,1000,34577.682016
520.278593,1000,34597.329665
763.809562,1000,34603.67101
826.113869,1000,34625.854097
26.620602,182,34627.008193
55.606057,228,34628.445724
-0.118502,156,34629.459038
563.004374,1000,34635.782205
70.335469,1000,34656.815138
779.826295,1000,34663.141861
857.474951,1000,34685.806512
418.466029,1000,34692.154028
662.58995,1000,34711.581021
705.767659,1000,34717.975112
1019.211733,1000,34739.339042
294.796903,1000,34745.750926
758.539723,1000,34764.348
756.517772,1000,34770.734016
687.863552,1000,34791.321366
365.208744,1000,34797.68797
437.036884,1000,34819.168643
721.123094,1000,34825.472511
76.495002,1000,34847.017943
596.726457,1000,34853.345893
61.498159,158,34854.39599
526.329274,1000,34874.940731
-83.371738,301,34876.79416
1034.513053,1000,34883.173134
326.435063,880,34902.65239
1182.409138,1000,34909.029849
712.759942,1000,34929.137103
745.918399,1000,34935.520133
780.764825,1000,34956.847003
47.924835,260,34958.499115
685.65869,1000,34964.872397
381.776738,1000,34985.832903
-33.693133,257,34987.438449
539.408616,1000,35006.478511
832.323784,1000,35012.874027
85.102599,218,35014.240057
-87.615377,393,35016.799395
534.989452,1000,35037.763268
950.040373,1000,35044.12232
803.492717,1000,35064.671111
730.216815,1000,35070.988128
829.852172,1000,35092.080952
-431.752635,1000,35098.462946
491.253907,1000,35117.770479
567.548541,1000,35124.101012
704.980161,1000,35145.104668
1204.118498,1000,35151.510688
1062.190084,1000,35170.898138
192.926849,618,35174.895524
1177.729899,1000,35196.983065
-671.654515,1000,35203.359777
322.363875,1000,35225.423228
206.907556,228,35226.851892
960.793214,1000,35233.199386
830.509107,1000,35255.396131
913.783105,1000,35261.710996
786.184756,1000,35281.239023
560.527669,879,35286.914958
630.407366,1000,35293.307034
-6.798751,140,35309.736727
-115.001363,1000,35316.30004
740.313728,1000,35337.273674
945.425724,1000,35343.635139
621.102632,1000,35363.964385
786.472807,1000,35370.296704
930.428334,1000,35376.741046
725.670661,1000,35396.765653
421.489175,614,35400.622509
132.47682,559,35417.01459
59.571191,214,35418.355144
862.422602,1000,35424.620094
28.974546,414,35427.210482
103.288625,1000,35447.669314
99.190309,397,35450.164883
824.640201,1000,35470.68291
717.716468,1000,35477.036457
489.802509,1000,35483.36896
539.347899,1000,35503.836441
487.637278,1000,35510.125671
111.952273,515,35528.540764
76.788077,303,35530.469937
903.699342,1000,35536.828208
828.601305,1000,35558.132182
823.055435,1000,35564.464561
667.767668,1000,35584.752974
620.442938,1000,35591.094284
506.959545,1000,35611.978571
1002.293954,1000,35618.413981
-80.43607,96,35619.013456
987.775507,1000,35638.89639
795.462271,1000,35645.283246
680.796677,1000,35666.452992
492.521327,1000,35672.75966
742.148115,1000,35692.823418
1203.058133,1000,35699.141853
433.95147,1000,35719.712453
858.843608,1000,35726.086603
924.901937,1000,35747.678688
-47.777152,233,35749.131719
765.206721,1000,35755.514145
470.646967,1000,35777.16449
929.316387,1000,35783.456872
274.854397,1000,35804.665205
540.548536,1000,35810.962675
553.488114,1000,35831.732566
549.072482,1000,35838.090143
888.454303,1000,35857.321881
742.564323,1000,35863.692616
668.687945,1000,35883.998032
645.132591,1000,35890.384574
763.627278,1000,35911.00238
-69.668752,67,35911.41432
631.228739,1000,35917.857923
582.120699,1000,35938.261066
221.87062,531,35941.639165
251.657479,570,35945.311307
-166.238615,399,35947.892953
59.760882,142,35963.004091
96.738597,1000,35969.361047
237.458772,1000,35975.839546
-7.219256,145,35992.782405
553.048681,1000,35999.103307
892.249867,1000,36020.503126
695.305009,1000,36026.780477
45.135416,1000,36044.872145
477.707783,1000,36051.251549
792.515967,1000,36057.656912
81.464,1000,36076.818837
873.511367,1000,36083.12871
368.20909,1000,36105.245202
683.528065,1000,36111.581664
570.763461,1000,36132.712154
84.463912,156,36133.727252
803.701598,1000,36140.090903
696.580746,1000,36161.42624
901.833771,1000,36167.726197
278.212987,1000,36189.443819
809.102242,1000,36195.697745
434.785868,1000,36216.284417
-289.409472,1000,36222.56547
808.859572,1000,36241.812319
-70.670733,283,36243.586416
979.47582,1000,36264.469731
291.409327,1000,36270.813268
301.837195,1000,36292.566026
129.379453,849,36297.948876
965.490664,1000,36304.30699
25.727467,180,36318.656509
809.403879,1000,36324.973558
568.913209,1000,36331.380544
1015.387855,1000,36351.326221
272.002286,1000,36357.682077
107.656746,319,36375.731266
473.627438,1000,36382.08497
46.336256,1000,36403.308474
319.955982,1000,36409.713894
240.116193,1000,36429.687158
984.322447,1000,36436.075938
810.705334,1000,36458.065325
670.079528,1000,36464.328784
971.448134,1000,36485.33439
609.305968,1000,36491.704561
956.152274,1000,36498.092344
65.013823,118,36515.239286
1054.575464,1000,36521.680392
734.246044,1000,36542.318832
161.453885,1000,36548.752554
479.957609,1000,36569.349124
155.261119,602,36573.145375
1029.876449,1000,36579.578379
-36.056238,345,36581.754299
674.628646,1000,36603.509294
8.852657,314,36605.613916
377.189032,1000,36626.976388
-155.776304,1000,36633.319856
842.318068,1000,36654.815975
777.499492,1000,36661.190676
576.314932,1000,36683.665998
-231.408399,990,36689.92622
