#{"t_start": 1785403730.7276745, "env_id": "Go2Locomotion-v0"}
r,l,t
-166.745238,726,19.912379
-61.207603,186,21.044739
-20.009421,70,21.492151
-9.104334,85,22.00978
-31.362188,70,22.438022
-22.407034,96,23.067045
-2.374586,45,23.311146
-22.569927,64,23.709104
3.509659,82,24.241531
-4.036196,49,24.543299
-4.980613,48,24.810045
3.208108,59,25.180471
-31.108331,51,25.506093
-27.45964,75,25.977466
-78.932685,100,26.673246
-9.669388,58,27.054559
6.988651,50,27.331224
-13.033024,49,27.646643
-20.345845,76,28.08429
-80.162276,52,28.940794
8.68393,53,29.274836
13.177703,46,29.563812
-64.750304,58,29.939395
-28.094487,62,30.330916
13.153236,79,30.821378
11.318054,99,31.432575
-19.558678,53,31.76177
8.432002,52,32.108145
-1.775624,57,32.480693
1.50805,84,32.999727
-8.868961,67,33.421157
2.760562,72,33.86029
-12.249123,65,34.277475
-1.012714,89,34.854739
-8.375057,74,35.301896
-18.845006,65,35.69286
6.099222,89,36.243149
11.108578,56,36.584318
5.245627,43,36.839763
4.015215,56,37.20004
-32.951085,65,37.592026
10.319553,69,38.018054
-3.287112,53,38.350694
-31.630786,52,38.693773
-17.432506,94,39.282191
5.351627,88,39.814245
7.28372,74,40.304577
2.647623,82,40.80828
0.928108,91,41.391383
-13.061086,80,45.233734
-6.629006,88,45.797981
-7.406693,58,46.161931
6.599454,58,46.537966
-17.18443,50,46.825905
7.293295,78,47.343863
-17.205874,61,47.712117
10.747306,59,48.087272
3.607234,70,48.503323
4.188803,74,48.96895
-19.555203,72,49.405208
-142.547599,96,49.9721
-2.593476,59,50.330681
-38.112962,95,50.903258
7.361566,60,51.248771
2.115893,78,51.709465
11.661905,59,52.069177
-104.153455,124,52.840866
-7.78841,73,53.280193
2.119399,78,53.76732
10.709731,70,54.19056
24.230838,132,55.023745
56.409075,142,55.912024
2.009479,105,56.533157
7.610092,69,56.962104
-17.86284,101,60.70279
43.496846,68,61.127054
24.137387,109,61.796383
21.699206,108,62.436623
61.215335,154,63.373013
-32.725387,66,63.771416
46.430204,172,64.822309
30.722845,112,65.545811
27.698627,151,66.474687
28.213686,340,68.567028
1.83155,157,69.51977
-41.486955,169,70.540905
33.892258,142,71.403831
28.985371,96,72.04024
-5.496766,61,72.403052
-45.137913,123,79.864556
3.883143,112,80.533436
2.119,137,81.386853
15.992155,76,81.866824
-11.288177,79,82.337219
20.22417,322,84.322014
64.987471,226,85.659271
5.019,143,86.53443
80.440489,447,89.198292
19.953358,195,90.411259
28.788499,209,91.690904
12.570134,95,92.246097
32.204352,180,98.997158
38.390066,281,100.669268
14.305221,178,101.713431
39.21013,291,103.411356
-119.700088,296,105.186774
-97.137654,352,107.270872
79.883408,323,109.182751
82.386061,345,118.157007
55.103555,332,120.076267
15.657402,126,120.791435
66.928297,386,122.97229
19.282319,57,123.282202
144.283508,918,128.294939
83.521311,308,139.01115
-184.627339,264,140.473242
17.926243,150,141.312827
37.222817,493,143.946752
48.377923,529,146.730542
30.738573,348,157.328885
35.032027,126,158.005167
25.086071,199,159.078234
21.024227,139,159.808161
34.266441,289,161.30389
74.498016,313,162.947046
38.940815,141,163.674181
8.08467,83,164.129037
60.073491,640,167.348867
41.240319,259,178.726106
50.410969,300,180.272781
92.306806,788,184.233669
-79.797727,1000,199.052742
84.069813,900,203.668262
93.815428,1000,217.767992
50.933255,271,219.156362
-16.049697,71,219.502225
91.268338,1000,224.483931
41.702593,408,226.543413
43.890759,617,236.519199
41.25151,317,238.433673
18.095826,581,241.556519
45.781948,709,245.199647
25.003771,383,254.792563
15.423194,74,255.191501
9.320426,386,257.131624
75.405291,641,260.405109
27.632339,217,261.522078
69.183957,556,273.656957
54.002261,722,277.480998
74.837041,604,280.664263
52.719888,492,283.171118
77.791061,611,296.452519
78.110422,742,300.193712
37.097956,204,301.235845
102.867551,1000,316.198823
-17.10186,130,316.861634
26.169714,103,317.397066
41.492568,325,319.114637
29.921227,177,320.057868
107.30106,353,322.007223
11.879489,250,323.287842
72.103988,287,324.751218
22.377664,422,334.768875
97.089941,1000,339.805782
45.429442,272,341.227252
18.274556,473,352.721191
83.860762,794,356.865915
76.924488,932,361.630822
56.937273,598,372.393265
52.22419,1000,377.403607
28.235319,211,378.432498
80.249208,1000,394.072986
95.676635,1000,399.095757
20.568035,992,413.236056
97.149167,1000,418.280783
79.446392,1000,432.685784
33.510521,267,434.094931
17.985847,113,434.65258
17.457148,121,435.278536
34.302106,280,436.714345
31.821775,166,437.566441
2.368566,292,439.049011
52.430003,484,449.580455
77.753474,1000,454.733608
70.060023,1000,468.022034
97.523773,1000,472.989671
93.428398,1000,487.532198
21.497992,110,488.080204
103.167973,1000,493.087755
98.130034,1000,505.318195
16.826004,97,505.788395
-56.849267,121,506.402792
86.048413,1000,511.412938
22.893469,137,512.090239
173.466992,1000,527.216836
89.069729,1000,532.155781
95.037954,1000,547.212519
-118.387767,407,549.325354
-26.252344,114,549.931667
12.434191,85,550.351829
28.539506,315,551.969504
134.385178,1000,565.38225
-12.553898,297,566.950635
54.024247,237,568.188926
96.630836,1000,573.512729
29.438695,208,574.583443
113.654549,658,586.968457
59.54595,378,588.97846
28.674034,123,589.581601
96.543955,1000,605.339257
23.813356,1000,610.592525
121.680415,944,615.453162
26.451761,209,626.57465
35.502499,173,627.568298
14.822151,128,628.231635
36.790455,285,629.783988
101.939636,1000,635.032047
21.555069,205,636.11037
104.839876,1000,649.777928
36.65608,365,651.684409
34.287821,374,653.689302
15.253255,104,654.229077
27.914384,301,655.796488
108.661102,1000,669.218751
36.078562,339,670.994014
72.019954,386,672.96929
53.309856,1000,687.89493
117.19779,1000,692.910244
45.175108,265,694.253322
27.09799,77,694.634036
5.62278,49,694.895473
92.824487,1000,708.798657
92.089862,1000,713.889391
92.776422,1000,727.083739
54.569885,1000,732.252532
-173.290765,252,741.837373
14.063591,90,742.306457
25.931932,222,743.480011
47.348979,1000,748.628713
76.702678,283,750.10551
87.252041,1000,765.155949
118.485133,1000,770.34565
105.882031,1000,783.17712
91.279051,1000,788.100957
62.431844,1000,802.471255
-53.363003,200,803.536557
22.528324,189,804.488304
-30.018352,79,804.879955
11.883085,76,805.252805
45.198552,1000,819.905929
89.933123,1000,825.007317
52.53098,368,826.905968
-61.625553,261,828.254664
98.682884,1000,842.281485
106.836045,1000,847.422422
67.38889,1000,860.689517
-123.280745,291,862.256335
102.983399,526,865.152736
-93.467505,382,867.219267
49.655161,281,878.230019
70.381927,334,880.035669
107.568998,1000,885.224365
68.312272,404,887.329112
30.758565,93,887.808329
-31.50268,50,888.062821
34.819928,280,899.481121
90.259113,1000,904.903163
73.278379,390,906.99918
62.065917,1000,921.957152
84.432727,1000,927.291077
34.953113,371,929.209256
115.842514,360,940.484595
84.803276,483,942.954592
94.754079,1000,948.225699
13.363898,77,948.628504
39.103757,143,949.378257
73.773051,755,963.653625
87.555472,1000,968.756556
23.731563,140,969.514052
114.642911,1000,980.076613
82.807838,1000,985.270339
52.669661,334,987.118116
61.18532,329,998.49579
97.761278,346,1000.302811
85.392908,1000,1005.687653
67.477188,439,1016.928581
-30.363006,94,1017.477603
21.86263,75,1017.886263
88.249875,368,1019.974757
24.697515,109,1020.528841
27.725332,86,1020.982414
96.119958,458,1023.38422
63.743551,1000,1038.303938
24.575749,450,1040.637405
14.400632,92,1041.113436
91.334285,1000,1046.361482
117.351623,491,1056.811223
77.286352,466,1059.426488
88.664649,1000,1064.747103
98.209316,737,1077.283751
49.031886,623,1080.452278
108.197489,803,1084.666225
82.229698,1000,1098.826644
49.034727,341,1100.576886
102.05515,1000,1105.566765
69.376357,462,1116.638441
66.851745,461,1119.000125
95.936228,1000,1124.204434
75.784815,992,1139.43985
74.082109,269,1140.863915
17.247454,96,1141.399979
28.387868,184,1142.38696
58.120058,385,1144.48594
44.315402,457,1156.028167
21.224019,1000,1161.33683
34.147643,199,1162.352834
107.188942,1000,1176.477926
54.194151,230,1177.728328
68.106533,331,1179.482137
97.898355,1000,1184.867991
38.965652,301,1195.925483
62.303324,330,1197.677183
61.038136,282,1199.192543
57.640909,446,1201.626384
77.353183,1000,1216.642897
43.348234,106,1217.226747
-18.137998,68,1217.578243
87.240928,1000,1222.683695
7.074103,69,1223.022562
73.413119,1000,1236.751461
87.892973,272,1238.206
12.561728,78,1238.588833
67.192714,300,1240.089274
-18.320519,87,1240.543205
61.479477,240,1241.84959
95.351425,258,1243.238671
91.276484,1000,1255.988738
-51.918326,69,1256.353523
98.563066,1000,1261.553117
50.452801,274,1263.010592
97.439231,1000,1278.113046
59.477009,1000,1283.353049
24.510831,332,1296.578118
99.724398,1000,1301.910192
-32.818683,76,1302.312386
-189.95693,580,1305.543837
44.169022,242,1306.778413
73.402546,1000,1320.631882
44.053062,248,1321.922368
53.237988,370,1323.84941
17.113205,91,1324.301972
36.955024,250,1325.610474
89.557854,625,1338.341037
60.041488,302,1339.865311
73.424121,318,1341.506208
12.731935,595,1344.716016
86.947034,290,1346.234864
26.72252,196,1356.139083
67.037254,235,1357.409869
110.628611,1000,1362.821909
59.692319,674,1376.166863
105.372625,1000,1381.756368
22.409239,259,1383.144857
55.292171,292,1384.671578
52.45302,270,1386.059257
62.450316,353,1396.804431
38.421496,224,1398.069666
97.987335,251,1399.426525
95.369642,1000,1404.686383
33.155172,329,1406.479726
112.871423,1000,1420.781462
38.185229,626,1424.130554
12.607519,88,1424.586699
48.649298,329,1426.252804
27.579318,260,1434.742105
45.039894,454,1437.204282
54.640001,193,1438.224046
68.916304,346,1440.173023
29.728556,189,1441.167571
99.563385,1000,1454.491361
-29.709012,46,1454.744234
-1.263208,40,1454.979682
76.155218,305,1456.618055
69.801231,1000,1461.945682
27.026383,224,1463.192843
29.306798,396,1475.451444
29.940591,738,1479.621647
51.517832,572,1482.957098
37.233484,141,1483.674404
60.417993,315,1485.383065
1.980881,165,1496.759547
100.912273,1000,1502.199746
23.936849,290,1503.715616
52.899345,862,1518.638407
18.588386,56,1518.921475
73.631156,591,1522.058033
37.374607,303,1523.668694
7.651032,70,1524.114619
88.197662,1000,1536.772846
105.496241,624,1540.11521
41.038867,225,1541.324319
58.624309,330,1543.111999
83.496306,843,1557.700212
36.380357,131,1558.424584
48.765499,412,1560.660616
4.324894,60,1560.997958
50.438132,467,1563.599614
15.449982,337,1565.554545
58.622768,449,1577.571153
-16.385159,62,1577.947753
41.565841,294,1579.612844
63.996812,393,1581.887492
-62.468876,349,1583.94107
-86.752992,243,1585.324491
38.743499,322,1587.209294
51.421069,307,1588.961906
135.958919,387,1599.01199
41.676097,280,1600.624139
-133.235062,579,1604.027895
59.573375,178,1605.072138
37.323432,290,1606.771263
62.038361,318,1608.605821
40.826857,513,1620.789507
-18.677608,56,1621.109179
9.528603,141,1621.931569
89.216759,510,1624.806682
22.331096,162,1625.767714
94.485521,996,1639.977997
-66.005669,189,1641.065077
24.926307,114,1641.708879
72.654455,631,1645.431935
8.699068,52,1645.737345
-9.91603,43,1645.973105
23.184818,98,1646.545331
96.282735,1000,1659.701218
22.201222,198,1660.848987
7.362238,124,1661.61219
89.113553,341,1663.593406
76.60327,211,1664.81006
72.503884,320,1666.687834
26.332706,639,1680.669214
-30.678915,129,1681.470221
43.462233,153,1682.387568
81.934412,319,1684.203794
67.559699,482,1686.99793
-105.90142,287,1688.660652
19.307366,174,1689.644947
-35.641612,65,1689.999627
16.100179,72,1690.447133
40.544947,267,1699.49811
-38.128618,142,1700.37102
-108.330283,303,1702.192025
33.686966,273,1703.793575
19.225761,148,1704.651069
29.032942,261,1706.213092
26.22314,179,1707.291307
41.67815,206,1708.501028
36.941957,225,1709.804061
-92.615405,234,1711.180676
39.417696,184,1720.438093
37.076866,153,1721.352292
62.236385,270,1722.900761
30.49542,179,1723.94608
79.889687,351,1725.945519
41.771476,207,1727.169813
10.198585,62,1727.493562
39.291258,176,1728.526657
-49.784311,252,1730.004362
18.852541,198,1731.178624
15.503281,105,1741.372202
71.145151,457,1744.124064
23.631698,165,1745.143499
70.540821,322,1747.067712
100.851578,1000,1752.891681
36.818274,189,1762.946161
8.039156,87,1763.496877
66.442256,298,1765.188262
9.131546,98,1765.802677
91.159921,437,1768.394741
10.483576,185,1769.513435
18.282279,159,1770.407477
33.620772,246,1771.832765
32.936149,160,1772.776646
74.689845,1000,1787.928058
33.079877,181,1788.953088
28.717941,215,1790.189413
94.819195,371,1792.337142
11.494539,94,1792.883626
63.876598,691,1805.05128
12.588009,148,1805.947355
12.480317,87,1806.435161
29.814134,183,1807.493984
79.120071,356,1809.511314
20.917796,191,1810.596774
33.114556,236,1812.007513
-85.253338,228,1813.353012
-184.254103,457,1824.61423
39.675291,227,1825.963567
23.998147,138,1826.816072
108.591486,605,1830.450722
76.460432,392,1832.770337
86.699975,1000,1844.839967
72.174336,1000,1850.760655
23.230849,251,1852.30542
16.796152,171,1853.331135
-4.007561,63,1853.693807
31.298507,197,1863.913323
41.119213,235,1865.299904
138.799145,1000,1870.950664
124.626276,993,1884.409367
34.468833,302,1886.195365
48.752609,305,1888.034124
69.128503,387,1890.22666
90.572557,224,1891.540528
93.233947,1000,1904.986081
30.196023,80,1905.491691
24.38634,118,1906.151984
152.476103,1000,1912.170888
-3.759338,85,1912.66583
65.647284,332,1914.632573
33.087886,202,1923.899923
42.840116,375,1925.995246
58.624148,362,1928.021644
110.007268,448,1930.601327
112.60439,1000,1944.693628
35.582475,375,1946.932571
118.170143,1000,1952.42988
40.163393,268,1953.958159
72.284749,524,1964.441711
8.594288,50,1964.721039
46.947689,134,1965.489923
-33.222623,90,1965.996062
62.390021,536,1969.05803
52.22383,630,1972.694523
95.385276,252,1981.914842
130.917812,1000,1987.861761
79.542191,326,1989.74959
159.294783,762,2003.210121
67.447002,282,2004.878412
61.181341,253,2006.409204
35.204286,228,2007.769372
22.654958,333,2009.652066
13.776038,70,2010.042923
53.750151,527,2013.149945
12.433679,505,2025.607448
6.620953,64,2025.980842
84.344045,351,2028.040164
35.819177,223,2029.339919
162.571498,1000,2035.161545
14.099178,233,2046.71989
46.730152,307,2048.593227
178.160673,1000,2054.371659
23.393287,228,2055.708997
6.153813,87,2056.246017
7.13473,204,2057.473583
-39.986571,88,2057.973431
44.8914,249,2069.347045
77.91103,240,2070.789979
172.641463,1000,2076.758013
6.411867,81,2077.236229
34.282088,221,2078.520016
67.830234,946,2091.771969
-56.324528,1000,2097.847624
120.661666,1000,2113.771548
68.541763,260,2115.329999
41.489289,276,2117.003462
-10.169246,135,2117.796822
100.351522,1000,2133.730196
65.96309,441,2136.363802
5.574468,188,2137.484446
44.443571,112,2138.142007
134.798553,1000,2143.930015
308.876519,1000,2158.718044
31.403542,206,2159.918048
30.378522,236,2161.358618
-38.958161,241,2162.786024
-5.761494,73,2163.213158
56.819691,199,2164.400294
-14.171258,83,2164.895222
-346.500225,1000,2179.719292
171.690475,1000,2185.675599
184.116213,1000,2200.805235
28.800945,266,2202.396889
-9.132467,174,2203.412256
-176.306668,126,2204.144228
115.531561,1000,2218.703264
32.558485,190,2219.847755
132.750988,604,2223.456376
-24.346948,157,2224.392834
5.328135,175,2225.421917
120.628835,661,2239.77817
67.702836,273,2241.406127
82.496928,293,2243.211808
29.747495,216,2244.522033
37.743176,232,2245.964926
-26.414221,46,2246.219054
29.40758,186,2247.380749
13.297767,90,2247.956107
49.130328,243,2249.399678
208.716297,1000,2263.819124
47.853839,244,2265.252272
43.065134,178,2266.290767
-56.906377,175,2267.313833
4.761874,170,2268.358354
47.939439,273,2269.980021
279.049537,1000,2286.240363
-130.97603,352,2288.320477
38.679613,233,2289.742598
14.44946,178,2290.827287
165.207446,401,2293.220919
74.101662,261,2294.827276
35.711627,215,2304.316185
68.179603,315,2306.189261
6.843851,125,2306.992218
95.203076,371,2309.24082
5.921086,232,2310.686595
49.84211,183,2311.793322
22.179645,163,2312.786508
209.780314,1000,2328.672845
44.1323,221,2330.014585
36.547686,226,2331.394058
110.026433,405,2333.829442
40.260918,189,2334.977969
-35.855862,198,2336.179532
-86.567345,240,2337.696652
-53.955181,220,2349.990896
77.258326,303,2351.827648
51.228528,228,2353.233507
223.301908,1000,2359.198833
109.832152,371,2372.997962
17.590677,79,2373.483383
12.299352,91,2374.045355
107.452293,379,2376.302733
-68.64523,302,2378.042494
46.593427,205,2379.315858
37.723725,247,2380.787984
21.680986,107,2381.411283
-69.893588,265,2382.998657
302.584522,1000,2397.28184
41.094136,228,2398.615597
49.05662,230,2400.032505
35.898709,268,2401.680027
41.992961,228,2403.099551
74.03602,327,2405.119013
-30.969925,72,2405.561581
14.537758,109,2414.743061
46.858295,206,2416.054089
93.853344,336,2418.154416
-63.030153,176,2419.254229
45.817202,215,2420.554121
58.750646,209,2421.855875
85.818435,299,2423.684584
87.121182,326,2425.702431
12.459392,167,2426.724373
128.131331,281,2435.911265
41.723058,218,2437.232026
56.412911,237,2438.616726
277.821033,1000,2444.688007
31.834193,219,2446.013885
169.819301,1000,2463.575043
197.672548,1000,2469.465784
73.284108,264,2478.698816
76.638834,246,2480.182925
-48.808898,93,2480.72453
51.484567,202,2481.96694
55.886869,193,2483.093895
0.159525,255,2484.646796
32.70611,122,2485.387394
56.051022,236,2486.883613
70.958099,176,2487.962629
57.66415,195,2489.152159
147.771409,547,2500.405764
27.763667,206,2501.640317
258.071071,1000,2507.719571
-51.808188,360,2509.897025
49.066781,231,2521.768721
76.957873,389,2524.154786
52.412679,223,2525.505153
240.248655,1000,2531.583147
69.440324,263,2533.165645
5.675041,76,2533.602157
290.40267,1000,2547.533251
0.032576,50,2547.831522
68.515437,258,2549.396446
38.991835,241,2550.853916
30.506101,160,2551.818111
20.236308,282,2553.473079
-119.49084,336,2565.663975
18.146295,200,2566.837557
6.244454,209,2568.095166
22.302184,169,2569.084461
47.553101,275,2570.747212
125.679143,292,2572.499219
38.697343,210,2573.746364
66.752836,194,2574.918041
121.124565,294,2585.925003
36.859777,175,2587.032192
35.724551,214,2588.304692
14.242353,208,2589.545184
105.166675,390,2591.876575
83.625388,266,2593.511829
89.034502,312,2595.355804
56.656554,216,2596.656946
90.518796,196,2597.806559
44.499637,131,2608.653555
39.170218,225,2610.002082
68.161002,216,2611.329645
32.261335,195,2612.502976
106.637374,369,2614.685928
33.315475,187,2615.809004
46.220662,170,2616.809143
38.961021,225,2618.193636
33.899215,197,2619.375911
107.629267,376,2629.593041
-21.852938,41,2629.822345
144.858208,373,2632.139895
19.770456,165,2633.173501
50.19233,216,2634.45505
22.873592,181,2635.548752
40.480126,229,2637.000212
-9.107092,94,2637.543951
152.010016,444,2640.201674
-24.251352,53,2640.539547
24.591811,138,2650.474697
130.664328,319,2652.401268
51.518925,203,2653.629089
46.663159,146,2654.504112
107.495747,286,2656.265829
50.744623,225,2657.618459
95.819705,208,2658.898281
75.982346,202,2660.09967
106.310255,261,2661.636776
47.941667,275,2673.210936
105.785206,302,2675.000036
109.298095,311,2676.886694
93.680202,305,2678.693974
23.009868,187,2679.806659
112.875987,315,2681.694678
88.911125,345,2683.795789
131.078127,342,2696.356484
129.195928,352,2698.534713
-76.374632,186,2699.58666
41.919749,283,2701.226961
39.846734,255,2702.732211
44.949527,249,2704.194601
-1.04659,252,2705.667185
5.722141,218,2706.946272
120.09033,436,2718.572604
85.732564,248,2720.044377
48.225824,239,2721.404946
109.298363,388,2723.741755
2.140332,83,2724.225602
58.675238,209,2725.434801
162.064966,367,2727.683767
44.384486,148,2736.948008
37.28398,213,2738.200835
-4.66868,244,2739.640963
159.168955,490,2742.604451
3.273292,180,2743.72456
63.709429,191,2744.865545
-18.557175,219,2746.179193
91.480986,330,2748.130336
60.795872,336,2758.288115
99.909417,351,2760.353744
4.723808,197,2761.542573
100.008194,336,2763.530136
73.34282,217,2764.856136
97.816905,295,2766.553741
73.212058,289,2768.255298
51.608093,202,2777.947273
44.020088,190,2779.097041
34.271858,225,2780.487477
48.064371,174,2781.474433
92.850665,326,2783.447185
118.677554,314,2785.330272
61.477319,212,2786.623337
98.649775,179,2787.725386
27.675399,183,2788.788287
82.413947,265,2801.184243
3.294578,240,2802.72356
17.094729,173,2803.812977
52.967857,223,2805.137753
33.806905,96,2805.781958
40.897696,175,2806.986255
78.420878,196,2808.11792
66.121625,261,2809.658699
41.146074,204,2811.026002
154.929401,469,2824.829746
-63.016654,207,2826.097594
7.371243,223,2827.445848
32.066264,122,2828.154775
141.967423,500,2831.089039
63.934229,237,2832.492327
48.665952,251,2833.987238
17.348162,94,2834.59253
59.953657,265,2836.168028
79.67542,212,2846.058071
148.255749,480,2849.037781
51.819716,190,2850.14006
45.666452,230,2851.51412
65.543593,220,2852.860124
60.378658,219,2854.179423
47.753091,211,2855.414936
178.03837,500,2866.035711
99.043653,288,2867.794805
61.001732,196,2868.969165
67.666291,227,2870.301356
21.020746,84,2870.828187
41.605281,228,2872.165105
39.238959,211,2873.457067
31.183233,190,2874.570965
50.728412,227,2875.983
38.911843,189,2877.232743
101.0868,355,2890.408566
-28.095063,80,2890.884054
43.715042,180,2891.982386
22.796048,108,2892.624665
53.081577,170,2893.690773
-3.970135,49,2894.000233
-34.094163,92,2894.547501
157.080028,490,2897.573145
58.652578,198,2898.77746
46.362092,152,2899.683954
75.005416,317,2911.111246
98.260564,405,2913.659152
-88.766153,299,2915.451452
11.949828,183,2916.58074
39.8227,225,2917.979822
57.346963,194,2919.15851
98.152425,226,2920.52023
6.266552,281,2922.22847
31.622711,226,2933.228765
34.398605,176,2934.33446
133.925956,307,2936.187026
119.184981,338,2938.378063
-34.548799,216,2939.676496
81.90634,344,2941.75387
1.354583,175,2942.801549
73.497827,224,2944.209224
98.772027,307,2956.567351
70.903534,260,2958.115681
56.987397,306,2959.943962
24.427199,296,2961.669978
78.679869,274,2963.292693
85.632037,255,2964.78673
97.162956,385,2967.105815
90.839558,211,2978.218001
59.901285,205,2979.436948
32.354255,160,2980.380089
-72.65687,200,2981.631986
-21.699806,52,2981.912362
113.366639,377,2984.17764
66.371557,288,2985.874765
113.66627,425,2988.368465
165.975332,1000,3003.670587
63.556435,165,3004.705994
10.667384,242,3006.125808
53.174683,234,3007.55506
57.926945,240,3009.016329
40.712528,238,3010.46359
28.557148,180,3011.552926
75.085308,292,3023.123408
66.285761,204,3024.344741
101.036764,358,3026.532711
38.489196,237,3027.987377
16.64177,90,3028.556243
-43.751159,193,3029.766611
126.146585,310,3031.674496
-44.115814,188,3032.807353
12.285711,75,3033.253203
84.452585,241,3043.400899
-28.825092,69,3043.815689
54.808359,240,3045.251484
25.257881,185,3046.357361
44.899907,225,3047.771121
150.433536,563,3051.163839
71.333247,191,3052.334123
58.078205,286,3054.038311
-69.015209,188,3055.163414
40.501915,157,3065.656639
21.96104,237,3067.088184
47.389303,302,3068.864686
72.898786,171,3069.851833
29.881978,300,3071.633973
63.63038,166,3072.651003
97.222755,253,3074.197437
80.364989,240,3075.628286
54.501914,345,3086.295446
126.075702,428,3088.945501
-54.030416,142,3089.776034
89.184205,230,3091.073348
101.587976,454,3093.733658
58.104395,181,3094.803719
29.803148,145,3095.681946
48.044636,351,3097.753099
-75.961476,159,3108.850455
52.953313,211,3110.068292
105.344598,259,3111.596434
68.688998,276,3113.181165
28.78667,157,3114.141656
86.14559,247,3115.569492
57.071951,243,3117.053791
-100.464491,213,3118.366383
-67.077055,197,3119.508275
112.576872,248,3128.52916
33.7421,220,3129.821092
77.654194,316,3131.703144
129.15027,605,3135.26856
-8.67786,214,3136.588534
38.709557,231,3137.939975
35.102178,152,3138.858615
35.250074,157,3139.792683
31.606729,188,3148.136433
45.849627,223,3149.525056
71.036552,189,3150.673175
16.591844,186,3151.758669
42.703405,231,3153.166322
74.437062,306,3155.00747
-102.185507,132,3155.813275
20.930435,153,3156.724291
134.451915,343,3158.832321
49.565503,229,3167.905742
128.631504,257,3169.466122
14.825187,110,3170.133767
62.546637,163,3171.132646
38.169471,168,3172.123401
-39.03087,220,3173.457847
34.817397,219,3174.74174
143.449629,558,3178.16225
89.825115,296,3188.867493
-31.113847,42,3189.146269
26.8777,144,3189.990433
58.665318,276,3191.67301
133.335477,406,3194.094081
67.267255,251,3195.629779
32.986845,204,3196.842885
4.877302,48,3197.148683
64.65764,330,3199.098418
78.119349,535,3212.150694
74.285776,212,3213.456903
90.078027,224,3214.776176
-61.753239,64,3215.175313
-99.708534,232,3216.609034
56.204507,618,3220.408568
39.144446,267,3222.068637
47.095872,283,3231.230411
36.048232,239,3232.685876
63.695778,232,3234.086255
-18.104383,241,3235.58992
13.653213,104,3236.235577
72.561858,288,3238.091586
99.168777,349,3240.243979
159.461065,469,3243.082987
-3.55219,272,3253.195868
60.724627,191,3254.365661
50.28312,245,3255.8439
64.788843,267,3257.473135
98.234122,276,3259.153075
59.110374,239,3260.572598
-35.183376,213,3261.919818
-137.774605,195,3263.08999
88.714551,382,3274.524292
289.69896,1000,3280.676303
110.678087,471,3283.606743
135.716985,534,3296.049502
-32.73506,1000,3302.347075
33.812913,209,3303.591371
19.207137,188,3304.745195
92.389369,401,3307.22221
35.280822,180,3316.444395
59.573658,380,3318.797023
499.160785,1000,3324.938339
88.087634,194,3326.110217
22.843911,236,3327.635472
-14.500014,170,3336.862371
55.032177,205,3338.117279
73.878738,427,3340.782511
65.853491,141,3341.6401
14.694947,148,3342.534848
31.367279,197,3343.737232
18.051676,239,3345.246094
-26.291727,326,3347.260393
46.42092,240,3348.729035
59.137827,246,3357.762811
198.72257,941,3363.458533
221.065394,1000,3376.574305
360.334116,1000,3382.723716
21.466076,110,3383.363967
-0.218079,67,3383.755423
46.117686,308,3385.638321
161.02009,578,3397.24319
139.729574,418,3399.710757
64.929813,282,3401.370162
135.313858,577,3404.77193
-99.386142,305,3406.560924
81.659523,176,3407.62178
132.620562,586,3419.7399
83.622535,265,3421.369854
61.763789,235,3422.794842
20.4864,175,3423.81233
201.646725,359,3426.060598
47.93683,274,3427.708477
56.594053,267,3429.297056
68.433506,237,3439.496082
151.722294,506,3442.549341
121.360312,421,3445.129388
112.262134,452,3448.009603
51.647253,455,3450.770099
87.998214,353,3462.055717
160.151296,396,3464.47068
93.478819,320,3466.397125
69.444128,257,3467.925483
73.734521,189,3469.068791
42.07051,240,3470.472263
125.531454,479,3480.991997
54.317074,248,3482.482908
4.409088,249,3484.020778
34.352411,192,3485.209909
40.032693,199,3486.401854
99.536203,276,3488.055957
163.212783,1000,3501.614624
134.703867,974,3507.495088
100.11048,358,3509.637715
70.692232,228,3511.054942
269.069306,593,3523.180527
55.188434,357,3525.38517
30.987975,174,3526.418182
43.677038,276,3528.130139
10.12074,89,3528.653371
29.812215,169,3529.694143
109.565779,251,3531.238213
81.808867,426,3533.828769
120.865279,371,3545.783906
149.043005,683,3550.021796
194.411564,1000,3563.898258
54.383465,306,3565.748578
77.249328,323,3567.821853
10.215736,48,3568.112394
-20.745505,70,3568.536202
-69.308185,217,3569.896867
44.536813,292,3571.648952
20.586727,166,3572.643399
52.394141,326,3574.608056
39.851695,283,3576.347157
35.855991,259,3587.135669
381.284408,810,3592.143866
83.345877,287,3593.870965
35.401443,230,3595.276822
47.513722,275,3596.954018
69.715433,1000,3609.508311
96.095221,423,3612.103427
104.435882,198,3613.315843
5.287485,103,3613.913928
-160.22868,751,3625.60224
30.177553,190,3626.768241
91.577707,350,3628.939948
111.15383,369,3631.199796
157.028788,712,3635.519556
152.293374,543,3646.327673
125.614031,1000,3652.51742
26.009177,128,3653.283204
42.558259,197,3654.534424
-132.116999,308,3656.393912
71.969163,209,3666.976595
-219.236224,686,3671.151686
-16.538148,218,3672.524118
1.823125,88,3673.04746
74.728664,516,3676.223664
50.642644,246,3677.726543
50.108445,253,3687.469139
-27.430661,103,3688.093005
60.936403,375,3690.349938
71.726513,305,3692.25872
49.401827,307,3694.153109
58.491957,237,3695.634223
21.395564,176,3696.688649
42.12487,292,3698.490649
54.273588,372,3708.156684
52.557958,283,3709.908444
74.694697,340,3711.997077
55.424782,236,3713.408676
79.02993,251,3714.964872
56.57428,192,3716.149231
67.502468,432,3718.859078
119.325579,314,3730.223544
-41.827758,148,3731.140276
68.343687,240,3732.627053
72.181712,214,3733.928036
56.621663,247,3735.447582
128.844693,495,3738.523944
35.878138,178,3739.595111
-15.900716,147,3740.47839
-11.312016,164,3741.444963
176.053532,933,3752.491961
72.626595,220,3753.860017
45.211015,205,3755.150365
42.245435,240,3756.613175
63.543882,269,3758.320353
61.530104,267,3767.204843
28.17482,246,3768.680876
179.624491,901,3774.180449
5.234088,77,3774.662857
65.278014,386,3777.073061
93.905051,350,3779.264122
10.553993,62,3787.204595
-9.802226,133,3788.040781
-72.433813,408,3790.57066
177.555852,878,3795.962509
121.390972,327,3797.972043
53.891366,218,3799.319275
59.576082,314,3809.273328
48.489863,389,3811.67633
56.113189,213,3813.00025
52.695952,403,3815.556001
-69.85472,256,3817.18559
69.672882,263,3818.839467
46.499138,264,3828.988857
76.800406,343,3831.142572
66.349071,243,3832.649445
30.595382,209,3833.951194
83.37357,291,3835.782171
131.107916,388,3838.227194
48.437394,219,3839.560195
69.815356,222,3840.935592
50.504415,240,3850.650904
72.863624,238,3852.104905
95.378877,271,3853.767545
200.574862,479,3856.687369
8.566188,259,3858.241768
22.336344,102,3858.878365
111.271232,336,3860.943633
307.819423,547,3869.375346
5.809317,263,3871.03219
62.270603,328,3873.057426
76.131133,207,3874.327114
78.324727,323,3876.330447
83.288762,280,3878.025294
55.304171,300,3879.899192
55.525392,537,3888.546079
501.954144,1000,3894.762973
61.205443,285,3896.55311
46.545517,253,3898.179745
107.056842,271,3906.749079
41.272625,208,3908.042154
66.224832,575,3911.619894
39.854504,281,3913.356188
133.041611,619,3917.233607
9.79806,336,3925.418184
31.637237,282,3927.153379
36.397748,275,3928.896979
126.657122,683,3933.060887
547.369483,1000,3948.164162
44.808784,211,3949.500978
-76.049879,218,3950.848696
451.123588,1000,3956.982176
51.518712,332,3967.169014
177.567043,1000,3973.368337
33.312101,286,3975.189233
46.664131,304,3977.053094
53.207649,307,3978.895166
27.854713,275,3990.326737
118.282874,288,3992.094452
52.763155,205,3993.330048
135.097831,1000,3999.503635
143.30798,361,4010.802262
62.82257,527,4014.042367
115.961251,854,4019.318347
154.527272,425,4021.948025
75.274905,185,4035.123806
63.805537,381,4037.513751
66.742625,341,4039.587599
537.984248,1000,4045.724951
43.310227,248,4047.312313
62.748121,356,4058.414183
-214.856677,547,4061.805805
131.355553,527,4065.033231
287.58318,582,4068.592517
92.645718,369,4079.935977
-295.157071,651,4083.829341
43.302476,310,4085.680715
73.381803,404,4088.097668
76.215088,488,4100.043137
-541.54495,1000,4106.092579
237.360953,791,4110.909553
54.865601,454,4123.612345
-21.787322,69,4123.995505
42.773334,622,4127.770596
27.715789,152,4128.667076
42.468574,304,4130.519086
447.506636,1000,4147.027067
-83.144785,335,4149.07927
271.428933,675,4153.123687
91.876117,766,4167.652035
64.616586,759,4172.243148
17.434045,102,4172.897165
506.82505,1000,4179.043411
234.696845,421,4192.364173
526.885999,729,4196.841076
174.04266,439,4199.611977
107.550105,326,4201.648516
519.695148,1000,4217.635033
77.905701,603,4221.28902
148.604853,1000,4239.216075
118.334565,567,4242.66807
629.749239,1000,4248.783647
401.00585,705,4264.666152
19.651215,295,4266.476791
623.770221,1000,4272.495201
50.823609,220,4285.632021
124.118795,1000,4291.881538
60.869956,334,4293.916603
78.840005,570,4297.358416
95.33318,216,4308.876309
91.36954,1000,4315.167498
95.57123,299,4316.961774
105.795555,572,4320.511808
111.826507,221,4334.305883
45.324782,263,4335.938499
501.829468,1000,4342.053239
286.026815,1000,4357.624811
61.564023,331,4359.651008
82.003248,183,4360.785835
52.005033,167,4361.797354
80.290731,313,4363.729259
100.015068,297,4365.548776
40.194835,129,4366.342155
753.50791,1000,4379.925724
118.674314,482,4382.806485
48.207711,240,4384.255448
173.236816,618,4397.693495
109.210298,476,4400.639838
110.028917,377,4402.964384
223.93485,761,4407.760273
9.453102,423,4419.420321
4.113074,95,4420.003106
645.433324,1000,4426.203039
548.962489,1000,4440.781428
78.780115,496,4443.902388
872.592172,1000,4450.051752
-63.429043,159,4451.014414
-24.30812,73,4451.45278
95.390808,453,4463.881448
9.865923,106,4464.547323
76.601831,178,4465.656257
159.266248,262,4467.269325
61.14893,625,4471.133669
78.169506,453,4473.951052
106.444718,365,4484.662894
109.879106,951,4490.495584
105.311206,399,4492.938026
110.538177,505,4495.995996
57.535838,258,4508.027879
79.502949,505,4511.12469
514.582746,1000,4517.23351
24.620233,187,4518.394557
34.175612,262,4531.670592
59.24613,305,4533.600718
55.62879,408,4536.107589
95.188246,340,4538.236285
85.20701,193,4539.439478
777.359675,1000,4553.611145
86.220307,400,4556.060976
44.492954,166,4557.131634
34.985222,261,4558.856182
36.555246,185,4560.023192
58.952076,206,4561.293257
123.717668,208,4562.588748
658.044531,1000,4577.486892
2.848781,37,4577.730592
6.46482,69,4578.151388
36.859053,266,4579.786734
265.7569,470,4582.715962
47.660713,222,4584.135298
19.90498,245,4585.674042
55.02786,254,4595.260818
56.107982,210,4596.567565
127.770371,309,4598.535315
33.321701,171,4599.589376
145.773224,313,4601.576799
30.030097,128,4602.374995
89.10431,586,4606.005258
-38.106607,217,4617.42523
218.88047,1000,4623.737901
55.305525,278,4625.52492
49.507445,280,4627.234683
72.490871,330,4629.291279
201.746785,1000,4645.715868
36.289041,284,4647.506608
117.793423,683,4651.728957
20.265108,203,4661.855683
20.002974,87,4662.429994
86.754556,564,4666.006744
80.252348,152,4666.996156
-25.953506,319,4668.960627
-3.886064,80,4669.439083
448.515065,944,4686.244003
236.445116,464,4689.167042
157.02074,749,4693.767579
933.139431,1000,4708.576237
8.493235,556,4711.971382
-117.366361,238,4713.454934
59.274364,317,4715.428465
70.961635,337,4717.506729
226.647778,485,4731.140399
840.726288,1000,4737.309627
-30.40256,431,4740.008807
651.820187,1000,4755.942397
70.003834,407,4758.473161
252.811352,1000,4764.583296
150.07407,537,4778.704584
122.201756,424,4781.262618
103.520851,290,4783.052758
553.862987,1000,4800.263323
266.822993,552,4803.654143
77.73365,488,4806.674036
1104.151991,1000,4822.647886
126.333772,255,4824.24602
184.28312,635,4828.212712
27.272123,106,4828.868804
173.9565,659,4832.820026
82.959022,216,4834.169452
76.529821,214,4845.512887
55.709962,220,4846.931255
209.962815,309,4848.850606
74.574067,310,4850.789098
35.395469,317,4852.755484
41.388422,178,4853.87574
55.616532,225,4855.265076
237.588533,645,4869.562301
72.702524,428,4872.220296
-11.747814,308,4874.125154
75.9174,411,4876.65976
671.645839,1000,4892.928422
17.154563,91,4893.44508
74.175651,281,4895.150151
31.651882,125,4895.932465
93.901331,217,4897.238026
196.606097,1000,4916.438884
33.564488,425,4919.074342
85.841237,330,4921.143614
80.810049,429,4923.708911
50.903198,406,4926.235655
72.782904,555,4940.574852
438.882789,1000,4946.706151
-328.91061,1000,4965.189152
58.966315,365,4967.426522
707.111406,1000,4973.61893
14.65251,268,4975.271229
336.446556,1000,4994.204048
281.799238,1000,5000.436405
721.49839,1000,5016.074019
50.924823,350,5018.196215
201.886028,553,5021.66471
25.163827,85,5022.183939
633.287351,1000,5037.815967
65.482396,282,5039.584084
140.948501,271,5041.316391
144.694705,1000,5059.581833
426.445492,1000,5065.884677
1071.872801,1000,5083.8094
34.555916,222,5085.212641
749.968514,1000,5091.610991
72.056789,200,5092.885185
337.201646,700,5107.299092
683.45247,1000,5113.591243
110.96517,1000,5129.391158
81.615859,237,5130.847993
55.178859,223,5132.205797
630.461816,1000,5138.466025
43.159294,247,5140.016064
579.175821,1000,5158.108525
21.322251,179,5159.209366
52.308329,230,5160.627082
34.709273,237,5162.079676
135.803254,292,5163.936407
120.801344,186,5165.094203
635.107068,1000,5183.407252
138.741046,497,5186.541544
86.454578,213,5187.96095
64.129236,296,5189.725043
32.929036,419,5201.355626
159.860524,655,5205.486207
670.726357,1000,5211.798821
87.081322,287,5224.64178
44.872779,192,5225.863181
-38.853802,69,5226.292576
108.325442,262,5227.936847
160.287621,597,5231.777993
26.42809,180,5232.863528
88.856441,325,5234.882356
131.149154,319,5236.874657
-47.810168,301,5250.236558
665.637353,975,5256.280621
114.913774,1000,5273.54348
90.762806,319,5275.514298
140.268882,262,5277.138527
69.451871,289,5279.046365
69.359176,817,5284.070793
110.209556,480,5297.390329
-95.371626,338,5299.53238
62.53292,360,5301.795543
-79.365447,245,5303.337194
166.22739,344,5305.451157
84.097032,222,5306.833057
80.272765,451,5320.385989
921.58904,1000,5326.696685
-24.135148,66,5327.105024
76.877168,714,5331.570444
626.624994,1000,5350.838276
59.474875,313,5352.758298
66.85554,620,5356.651611
715.250722,1000,5374.018246
533.62201,1000,5380.330135
669.580748,1000,5399.235901
97.330972,316,5401.217123
87.887255,285,5403.022629
52.217364,346,5405.175214
763.126996,1000,5422.766458
62.342718,284,5424.513973
11.798664,66,5424.927683
155.919581,577,5428.702968
197.177953,1000,5445.989577
109.903173,331,5448.062126
778.647426,1000,5454.352324
608.972883,1000,5471.963255
228.864414,1000,5478.196732
248.870904,1000,5494.740658
52.194217,214,5496.077085
34.763572,236,5497.543427
47.810361,219,5498.883567
37.912233,185,5500.051459
246.128352,372,5512.528977
29.987019,186,5513.698093
135.368759,351,5515.820126
768.579775,1000,5522.062256
767.010109,1000,5538.393369
188.656645,1000,5544.573414
71.842717,438,5547.294217
-67.623594,210,5558.359593
10.070212,66,5558.761193
66.961871,311,5560.728902
49.497547,249,5562.311927
60.600203,250,5563.864262
-17.593059,263,5565.53411
81.173584,210,5566.849842
212.776178,397,5569.314963
700.0352,1000,5589.172241
67.400897,312,5591.115567
103.789801,271,5592.832144
89.3733,1000,5611.368941
598.127664,1000,5617.584756
88.041871,296,5619.436879
79.577978,284,5621.210826
254.181062,1000,5637.647488
60.053655,223,5639.108714
-30.397353,242,5640.587454
-98.396047,1000,5656.916642
42.254746,208,5658.21453
242.206993,1000,5664.500897
515.598084,716,5679.288517
10.415006,141,5680.172936
27.512388,207,5681.459258
56.817926,247,5683.010731
-92.27675,447,5685.801967
5.252285,106,5686.48654
508.283891,1000,5702.88716
43.4311,265,5704.525736
143.553886,377,5706.874199
124.405211,305,5708.731334
664.172449,1000,5726.491961
72.717325,677,5730.763574
64.439221,368,5732.972246
147.845133,410,5735.51778
125.521123,440,5749.111526
162.557699,287,5750.915561
95.941819,321,5752.912988
158.744328,301,5754.792612
69.698953,352,5756.934575
63.472862,356,5759.236156
101.634675,398,5761.656187
100.107624,361,5776.193199
41.080416,225,5777.603893
72.46102,349,5779.795041
93.354845,339,5781.875607
31.87577,150,5782.782372
75.052779,336,5784.906751
37.397401,190,5786.081841
137.156859,210,5798.755625
36.188316,268,5800.448638
66.735148,311,5802.393871
31.476727,109,5803.082771
665.585652,1000,5809.296047
468.065254,1000,5826.211388
32.902581,302,5828.085294
92.151983,220,5829.433417
-138.122355,473,5832.338939
534.661306,1000,5847.856401
22.536137,184,5849.005979
109.26872,379,5851.364065
46.125468,259,5852.966697
47.37683,217,5854.290745
665.533608,1000,5870.55883
117.09453,333,5872.626475
117.1638,291,5874.452887
-71.411128,239,5875.911417
327.583838,1000,5894.604533
77.667255,260,5896.240092
89.706485,300,5898.137182
-265.868497,1000,5904.339585
13.192828,353,5916.779078
118.921651,296,5918.624318
133.37471,308,5920.518829
84.900402,286,5922.315554
891.304463,1000,5939.791977
44.155044,312,5941.770549
140.298405,765,5946.542673
68.38819,311,5948.473099
-316.09197,1000,5966.061867
-185.40946,562,5969.641546
251.232431,1000,5987.164981
185.936826,468,5990.061205
464.994219,1000,5996.363794
80.84735,404,5998.976194
56.567517,288,6012.145287
14.434205,95,6012.729294
232.033162,381,6015.119684
134.812609,294,6016.959677
44.659663,183,6018.083031
173.995268,608,6021.815687
169.629254,1000,6039.855436
74.828106,173,6040.963356
164.590552,354,6043.166033
123.123591,305,6045.043525
729.217308,1000,6061.942107
-28.92665,211,6063.258302
72.913867,335,6065.31045
60.198838,209,6066.605255
69.08541,375,6068.972716
714.57232,1000,6088.061953
426.697339,741,6092.580768
693.207123,1000,6110.004649
86.961851,230,6111.435181
-83.442233,241,6112.949931
37.55123,181,6114.097487
-63.115754,259,6115.720117
595.44823,1000,6133.663316
84.603994,272,6135.402058
155.206025,348,6137.628103
250.348583,503,6140.766146
518.697243,1000,6158.532701
456.036021,1000,6164.920828
181.384136,358,6167.159343
146.503396,600,6182.981737
-1.243679,195,6184.272232
112.330767,244,6185.850392
-212.848622,554,6189.345668
688.615926,1000,6206.444446
26.157937,140,6207.34179
715.931416,1000,6213.765753
274.633358,547,6217.200634
71.849449,269,6218.902624
84.351096,287,6232.776745
31.00532,188,6233.981346
116.071026,251,6235.561274
857.53014,1000,6241.960801
44.386446,182,6243.114767
28.218875,138,6243.983007
284.750153,468,6258.727901
55.417563,230,6260.140282
0.905371,1000,6266.418792
56.886149,199,6267.662804
469.230664,1000,6284.849277
43.494709,192,6286.069809
107.949359,323,6288.082944
573.509828,1000,6305.031973
-89.75742,273,6306.768541
103.353726,407,6309.361364
19.770792,205,6310.660212
578.403851,1000,6328.983264
194.452119,666,6333.191479
792.741759,1000,6339.454723
808.209515,1000,6357.421267
80.432769,188,6358.710407
73.824569,194,6359.939794
48.680551,202,6361.216532
585.700315,1000,6378.605479
260.241125,1000,6384.836168
16.538105,90,6385.389073
667.213947,1000,6402.834699
-277.446765,1000,6409.054454
-63.368498,258,6410.69704
34.820319,265,6412.385527
151.098006,359,6425.788328
17.410672,252,6427.405122
150.910723,416,6430.056748
43.539503,122,6430.83956
841.146363,1000,6436.995854
60.180092,191,6449.581545
264.223802,1000,6455.902107
762.47402,1000,6462.101508
90.785646,228,6474.032185
433.591135,514,6477.265749
131.220467,362,6479.611255
173.990471,503,6482.715578
656.270952,1000,6499.656931
51.886241,205,6500.945588
78.557876,361,6503.202065
669.872164,1000,6522.354057
479.85042,1000,6528.573231
75.839198,321,6530.557903
67.643983,160,6531.579204
939.032107,1000,6548.347215
67.581457,284,6550.178786
85.862437,278,6551.92337
343.695626,1000,6571.092996
115.037083,299,6572.963975
56.991088,271,6574.742858
65.386696,267,6576.42232
73.49207,195,6577.647141
104.234881,340,6579.780231
294.724312,1000,6596.691173
47.836549,188,6597.936825
605.407561,1000,6604.225616
62.401988,141,6605.139824
131.003872,538,6620.741929
462.124834,1000,6627.097159
503.652506,1000,6644.809474
60.168772,190,6646.039411
91.646704,250,6647.643595
3.361162,247,6649.192008
161.991777,365,6651.497309
15.77678,128,6652.300825
611.593486,1000,6670.091825
85.793523,216,6671.430211
116.536354,359,6673.675778
11.063288,179,6674.828856
16.472416,184,6675.994227
646.854494,1000,6694.983828
79.062684,215,6696.324767
92.389493,397,6698.826132
701.646373,1000,6705.164377
512.497076,951,6723.436968
246.249105,1000,6729.608619
55.114388,226,6730.992102
73.055682,300,6744.589379
17.890244,186,6745.784646
49.894898,220,6747.206038
35.842629,249,6748.886297
221.780563,811,6753.936044
254.669684,1000,6773.259676
31.564284,292,6775.112546
83.801415,210,6776.440847
76.29792,221,6777.854249
448.371132,774,6782.705215
510.733188,1000,6799.213709
847.370036,1000,6805.520848
55.484106,279,6818.986663
821.374671,1000,6825.291207
90.573149,449,6828.090961
107.958447,224,6829.463273
56.098798,146,6830.36132
94.787924,313,6843.162574
300.800146,768,6848.039925
336.204045,1000,6865.419387
10.214846,91,6865.990258
24.528381,147,6866.951908
38.744924,174,6868.083698
20.940142,222,6869.509513
744.980216,1000,6875.79719
-40.104445,161,6876.831972
979.994014,1000,6892.059443
-561.497611,1000,6898.442014
545.4937,1000,6915.331082
156.551551,478,6918.355129
361.85192,1000,6935.885559
93.242244,182,6937.088682
-0.591085,208,6938.414581
43.597247,130,6939.250426
717.183681,1000,6945.706316
0.794625,131,6946.536282
281.00031,1000,6964.606684
112.73055,222,6966.045582
68.529049,146,6966.959041
1094.000019,1000,6985.323059
-126.450301,393,6987.864203
35.801334,144,6988.876154
252.364259,457,6991.780406
62.404428,162,6992.816616
-97.220863,140,6993.691077
510.549819,1000,7011.422912
60.847115,242,7012.963395
-33.797306,198,7014.248375
5.301734,127,7015.012324
464.347711,1000,7021.418028
-48.807325,108,7022.11122
124.993276,294,7035.448563
79.613458,258,7037.078303
44.810968,127,7037.8812
106.110238,312,7039.867511
426.65522,1000,7046.185097
294.696908,1000,7065.259152
48.770037,167,7066.298039
235.183343,1000,7083.377793
-115.45237,141,7084.263435
75.30552,245,7085.864332
657.636721,1000,7092.227644
61.010027,215,7093.626495
879.103233,1000,7111.676641
63.106166,213,7113.079314
613.891931,1000,7119.410494
115.688009,308,7131.812155
49.122816,283,7133.647512
19.027824,246,7135.174392
65.494619,141,7136.091453
62.06,155,7137.046507
482.531074,1000,7143.530909
49.820465,251,7156.323741
-32.262797,74,7156.782726
183.580353,1000,7163.100824
53.783352,208,7164.434794
105.485052,264,7166.093163
43.523323,180,7167.23801
748.36737,1000,7183.165424
735.64667,1000,7189.534682
67.550763,228,7190.982386
218.079734,1000,7206.487314
389.491221,447,7209.319961
65.798988,234,7210.845209
-279.784331,842,7225.989265
104.868568,280,7227.767874
-81.274363,165,7228.908329
463.601652,1000,7235.215609
89.695978,234,7247.459363
4.317575,495,7250.585385
-113.019037,158,7251.579016
67.178743,145,7252.533758
58.613241,238,7254.025288
69.149717,195,7255.261936
46.410801,131,7256.081186
794.19597,1000,7272.260869
-48.355157,630,7276.25674
692.458021,1000,7282.486414
64.322536,266,7295.855976
56.638378,181,7296.958516
1083.252448,1000,7303.336719
515.729875,1000,7323.357204
74.145442,250,7325.012224
27.311987,156,7326.00057
67.323582,238,7327.561923
637.517736,656,7331.76708
33.759072,272,7333.492471
55.715836,190,7348.286972
411.373068,1000,7354.613222
58.010175,212,7355.927917
64.973715,207,7357.187581
681.003303,1000,7376.517572
134.410737,443,7379.426723
693.630702,1000,7385.819997
569.908349,1000,7406.644574
-8.485488,242,7408.304468
643.20688,1000,7424.767298
130.048115,787,7429.786506
55.755965,205,7431.101931
112.415243,1000,7437.53166
35.629508,150,7447.064522
46.519067,187,7448.253021
151.033072,1000,7454.600712
21.794793,224,7456.024427
705.587507,1000,7472.610536
587.117263,775,7477.53051
91.158652,237,7479.050832
44.914452,191,7480.285909
781.552225,1000,7496.015328
70.537496,449,7498.947625
20.073601,194,7500.170725
50.72266,380,7502.569547
689.566027,1000,7520.02307
22.581577,157,7520.996977
649.162588,1000,7527.408616
52.46896,115,7528.210682
697.961417,1000,7545.041441
266.234099,298,7546.927128
56.747217,202,7548.204261
51.830756,225,7549.646791
57.655891,124,7550.430849
380.802448,1000,7564.608687
-12.028217,64,7565.016474
579.941744,1000,7571.399614
88.898053,397,7583.933041
41.008338,145,7584.862934
85.411521,225,7586.312589
92.958664,158,7587.317398
49.858428,111,7588.05246
113.461993,237,7589.649117
-51.621131,270,7591.334207
135.074097,264,7592.977494
142.341121,444,7595.771735
855.43907,1000,7610.51907
41.897669,160,7611.51228
483.452991,486,7614.58233
71.06409,169,7615.644781
5.545847,135,7616.501102
-4.499549,103,7617.193916
-93.351969,289,7626.970845
7.946564,80,7627.480603
68.563051,141,7628.369247
393.078302,1000,7634.804178
74.511171,240,7636.335179
-30.221183,84,7636.904958
41.061431,176,7638.000455
63.152593,189,7639.225446
15.082404,81,7650.538584
41.709783,105,7651.166865
96.674284,234,7652.691852
21.779609,129,7653.524553
-3.793755,78,7654.002908
879.374666,1000,7660.412737
11.248125,190,7661.607756
42.664811,164,7662.593853
64.381532,185,7670.712347
46.475535,167,7671.795918
16.676382,87,7672.326669
4.553233,316,7674.369425
130.425948,266,7676.051726
299.345272,561,7679.708086
158.289066,380,7682.066956
634.741026,1000,7697.400294
67.724382,179,7698.520347
74.494742,208,7699.862006
143.215502,401,7702.405859
59.216611,215,7703.748473
58.089129,155,7704.749826
133.53122,406,7716.70236
97.343939,366,7719.059297
113.792628,289,7720.882148
642.018328,1000,7727.298053
337.843707,1000,7738.723028
14.584476,101,7739.334033
-16.033234,93,7739.945396
86.997641,209,7741.269208
49.490965,159,7742.280363
-111.569317,216,7743.665324
-72.911001,341,7755.50607
54.050867,208,7756.844587
52.002854,162,7757.900531
65.147432,210,7759.227881
640.341052,1000,7765.548797
1165.152605,1000,7777.115372
872.364358,1000,7783.477724
10.338296,133,7784.331272
68.691219,131,7785.183834
2.942026,133,7786.05728
642.916775,1000,7799.721254
360.144924,1000,7806.091289
-1.189143,93,7806.711495
91.290167,206,7815.256451
711.574633,1000,7821.721977
659.845772,1000,7837.586112
127.685625,302,7839.515491
156.759888,562,7843.03247
161.277961,431,7845.763173
-42.43127,144,7846.651249
-58.837034,190,7847.819492
964.558996,1000,7861.572488
-68.511525,224,7863.020914
-24.865642,56,7863.38079
897.107796,1000,7869.735837
0.65038,107,7877.637349
99.133766,200,7878.928398
65.002105,187,7880.130859
375.564061,1000,7886.522127
101.935091,229,7887.958646
-16.821043,71,7888.495572
74.720623,248,7890.045979
42.22231,129,7901.319868
41.819116,180,7902.479465
201.59259,275,7904.194327
98.164015,348,7906.436183
-31.976512,162,7907.45174
88.254851,196,7908.695728
21.880821,129,7909.509565
71.884584,214,7910.894637
527.090078,1000,7926.134621
305.940417,1000,7932.514534
845.414128,1000,7948.478602
-27.194395,141,7949.372914
445.353211,1000,7955.739098
63.351751,212,7957.070166
50.315246,123,7957.86509
24.236689,184,7967.647047
126.219541,576,7971.345528
81.032062,258,7972.971726
61.083041,209,7974.28339
98.867361,326,7976.339241
617.193728,1000,7987.639796
84.832683,256,7989.254565
40.203668,161,7990.261436
-7.969234,97,7990.892978
14.632281,173,7991.961463
56.470275,127,7992.746659
-61.121644,220,7994.148172
597.138584,1000,8007.503448
65.520882,137,8008.49866
426.613183,1000,8014.802519
159.295687,469,8017.785559
-147.285361,608,8028.507094
-27.297178,56,8028.863599
98.977812,404,8031.440482
106.402556,211,8032.832395
24.409991,145,8033.758975
92.849639,265,8035.461861
-76.124652,136,8036.341587
361.140687,454,8047.796423
695.384533,770,8052.642432
172.720921,705,8057.096043
1061.157094,1000,8070.593547
86.363529,173,8071.674237
550.859501,1000,8077.973071
69.200427,324,8091.791806
36.965749,124,8092.576506
42.859362,212,8093.900531
-80.622581,212,8095.278449
500.245164,1000,8101.666255
60.920678,420,8104.303201
197.367335,667,8114.886951
480.867587,800,8120.030999
-26.117414,102,8120.64375
12.897822,218,8122.026323
30.539671,218,8123.381973
1048.392343,1000,8134.473327
83.432308,179,8135.605824
53.046823,133,8136.438878
-8.092963,134,8137.271835
38.490288,89,8137.814739
502.195552,1000,8151.871067
78.289838,231,8153.34786
34.29631,156,8154.363645
36.129989,76,8154.836005
313.003723,985,8161.203678
57.869464,167,8162.234803
-24.899799,183,8169.01384
85.182695,227,8170.440398
700.362177,1000,8176.769118
495.09388,1000,8190.016967
1186.487212,1000,8196.339927
606.410375,1000,8210.807284
38.202539,244,8212.371428
223.347369,1000,8218.79408
-120.209218,247,8220.324823
155.592636,354,8230.787248
109.033099,276,8232.529287
406.94619,911,8238.303607
253.669535,1000,8250.871134
742.181388,1000,8257.303385
27.446669,119,8258.061375
636.542327,1000,8271.688664
79.511083,200,8272.949066
98.756901,282,8274.770421
83.883496,302,8276.63919
-50.132312,143,8277.569875
64.179621,203,8278.953267
190.145986,661,8292.955643
81.982772,194,8294.214501
499.546989,1000,8300.642719
64.892051,162,8301.635576
76.779335,242,8303.185858
7.70273,144,8304.096455
102.570035,331,8315.446406
-48.105374,206,8316.751503
177.899187,682,8321.033203
603.801224,1000,8327.3265
513.200869,1000,8342.387444
70.026186,213,8343.720513
182.391745,466,8346.684185
703.882654,1000,8360.32197
10.873898,133,8361.158412
149.415761,327,8363.213745
480.86373,1000,8369.72338
-11.143539,207,8376.437697
104.589519,254,8378.053159
73.04157,297,8379.930221
707.194023,1000,8386.278112
35.133346,189,8387.485175
511.129273,1000,8403.827811
48.369089,197,8405.089661
-124.240165,656,8409.242264
542.641882,1000,8422.599064
972.733607,1000,8428.959093
603.83007,1000,8441.732917
197.50622,208,8443.054517
-31.737842,85,8443.622628
135.353613,484,8446.646131
64.387281,167,8447.685402
199.526382,349,8449.859959
-2.91545,94,8450.481984
722.868711,1000,8464.742531
518.936867,1000,8471.054163
-176.658348,390,8482.518103
32.846511,199,8483.757311
646.672654,1000,8490.245537
114.852154,451,8493.118736
89.009677,239,8500.632596
202.887732,1000,8506.976701
67.991985,383,8509.423131
72.375395,183,8510.585192
545.851683,1000,8526.577011
65.41214,213,8527.947052
51.757148,292,8529.769619
521.049647,1000,8542.690384
210.139431,446,8545.559755
923.999666,1000,8552.035655
-69.511089,187,8553.252003
91.940405,199,8554.512908
393.803666,681,8565.04777
-33.016289,200,8566.3036
555.492778,1000,8572.678507
104.417157,183,8573.845162
50.250131,147,8582.189747
68.75545,169,8583.318676
-557.943196,1000,8589.663617
139.05539,312,8591.615514
859.669115,1000,8607.594878
993.117133,1000,8614.082278
42.327904,218,8615.448509
67.645535,167,8616.517599
103.413024,271,8629.353519
80.347884,183,8630.527812
55.319764,145,8631.438279
142.574388,420,8634.124521
53.997577,196,8635.377605
40.915629,219,8636.754775
1028.360731,1000,8651.160733
92.707449,345,8653.380701
90.983545,182,8654.55448
615.330706,1000,8660.920046
60.229121,235,8662.379111
664.484823,1000,8678.607949
111.88333,228,8680.015739
65.418059,187,8681.1924
2.95537,157,8682.196357
163.135436,677,8693.791546
543.191169,1000,8700.295931
53.138681,195,8701.564975
492.993515,1000,8713.309389
61.747876,180,8714.425974
91.308304,196,8715.69698
145.603358,354,8717.915638
23.293376,155,8718.8829
228.677243,319,8720.921543
118.299573,300,8722.847654
5.983225,137,8723.711451
71.050026,161,8732.368317
508.505938,1000,8738.756309
21.201744,94,8739.364295
55.706199,212,8740.69394
-29.965887,173,8741.810642
12.4221,126,8742.612396
68.699614,132,8743.460135
718.258482,1000,8754.96127
242.164996,493,8758.018867
441.239892,543,8761.617511
-70.432547,175,8762.706381
908.309885,1000,8775.851373
85.271022,215,8777.187964
166.565304,211,8778.539819
113.826801,250,8780.130433
58.141068,168,8781.166766
30.067536,404,8790.230344
769.478324,1000,8796.61935
165.539995,329,8798.701356
677.799395,1000,8812.839199
73.846402,162,8813.886268
761.942438,1000,8820.364289
-220.713264,376,8822.779613
635.446272,1000,8840.131255
605.020179,1000,8846.464702
116.706159,398,8858.921226
-73.888352,212,8860.242633
-19.004078,93,8860.805425
320.172057,649,8864.931234
-9.694567,147,8865.907401
925.41788,1000,8881.297069
1079.072678,1000,8887.754332
105.632482,223,8889.150284
985.094736,1000,8902.628522
33.989717,134,8903.483272
110.533465,191,8904.699158
-33.12405,169,8905.805514
421.13797,1000,8912.244872
379.304123,791,8926.015864
48.509319,220,8927.410141
350.647819,1000,8933.773293
-117.384304,411,8943.16093
50.283632,326,8945.23215
622.329626,1000,8951.672477
-9.674431,88,8952.213358
1087.852149,1000,8965.563822
89.299146,218,8966.954779
-60.332054,199,8968.239201
714.3617,1000,8974.705778
706.294921,1000,8992.126865
751.742117,1000,8998.563883
672.570701,961,9011.73425
4.135716,167,9012.834795
745.611674,1000,9028.562041
-9.284416,1000,9034.987042
4.961783,42,9035.27264
648.375268,1000,9050.355883
178.670388,1000,9056.730831
-67.81413,292,9058.707491
573.947079,1000,9072.969979
430.571971,1000,9079.393834
-14.08178,158,9080.372063
87.291831,614,9084.220429
48.886173,161,9093.747894
53.374438,123,9094.492748
468.102465,1000,9100.849669
81.6668,158,9101.886379
51.610222,156,9102.850251
31.123158,177,9103.976168
124.955538,254,9105.596557
56.456593,130,9112.741028
35.655018,127,9113.585138
44.593941,176,9114.680655
47.183584,92,9115.28761
58.741179,147,9116.22647
364.0654,436,9119.152866
-12.312619,100,9119.792632
-174.899826,522,9123.100249
-108.919506,266,9124.772144
62.038926,129,9133.225639
676.059558,1000,9139.719536
114.642836,245,9141.252229
-7.433338,169,9142.326665
65.779942,111,9143.04361
209.518143,702,9154.319028
135.948996,316,9156.362083
118.004552,194,9157.601253
-33.530858,57,9157.976102
31.716712,120,9158.704265
1161.272551,1000,9165.141645
192.154576,472,9175.151587
926.944822,1000,9181.63525
67.039791,191,9182.867234
694.363973,1000,9194.661161
26.141428,149,9195.607104
54.767349,151,9196.535259
63.573961,274,9198.299109
72.131599,190,9199.514719
-127.134129,1000,9214.544201
68.618024,287,9216.391777
708.115029,1000,9222.769352
689.048827,1000,9237.004853
740.392384,1000,9243.547137
57.93576,168,9244.585014
732.588301,1000,9257.859554
40.324283,109,9258.552881
187.138176,468,9261.482671
718.031757,1000,9273.442008
-85.409877,220,9274.844395
12.309931,199,9276.080759
110.314139,199,9277.336876
77.732886,134,9278.198536
0.030023,126,9279.00163
857.187688,1000,9285.463717
182.23806,688,9299.057986
85.790398,336,9301.177846
-5.492355,123,9301.970866
52.72242,354,9304.220955
1063.789358,1000,9316.548385
26.738812,127,9317.357239
254.631518,651,9321.511312
752.042296,1000,9334.726161
141.462587,329,9336.839649
703.339194,1000,9343.242591
112.619209,324,9345.39983
82.537938,198,9346.710048
102.442167,221,9356.054367
95.351303,305,9358.046754
711.703659,1000,9364.423506
104.670557,245,9365.976989
539.847472,1000,9379.529761
52.361727,153,9380.479089
-570.268609,1000,9386.91138
493.85451,1000,9402.245222
683.200462,1000,9408.570293
71.481689,185,9409.746337
543.151705,1000,9427.931387
516.346037,1000,9434.270633
41.842534,143,9435.214004
63.499242,189,9443.644635
114.571972,264,9445.347701
37.49044,177,9446.44011
752.778429,1000,9452.924862
-103.136922,481,9463.929467
93.121898,198,9465.212283
65.740996,231,9466.671992
261.561642,1000,9473.029015
100.82353,236,9474.558048
718.535618,1000,9489.393095
80.655274,208,9490.712279
675.485555,1000,9497.099194
32.710744,317,9505.519722
50.025529,173,9506.667324
181.492598,338,9508.903743
-212.981764,1000,9515.248396
71.789757,235,9516.717957
556.257909,1000,9530.86246
687.406243,1000,9537.23327
252.178982,1000,9552.278268
282.381215,1000,9558.631202
95.045304,224,9559.999208
84.052242,151,9569.484168
-20.347391,210,9570.807842
218.115028,1000,9577.192322
49.880922,182,9578.302508
71.642381,176,9579.413785
42.306838,170,9580.508332
-28.959171,88,9581.055137
65.71341,246,9588.776403
-217.361431,641,9592.849114
-111.936105,302,9594.73805
755.423751,1000,9601.075814
722.221396,1000,9614.788981
569.23085,1000,9621.128881
28.4108,142,9630.37861
549.411354,1000,9636.75286
120.468466,278,9638.584944
73.864023,184,9639.770035
72.456324,182,9640.944598
718.912268,1000,9655.280059
116.743749,284,9657.138488
57.385898,538,9660.60863
106.108911,318,9662.645002
73.078881,221,9664.032797
54.295048,174,9674.668527
22.215568,166,9675.745209
214.003929,1000,9682.122021
79.864332,242,9683.666945
27.161484,137,9684.523512
113.971064,249,9686.106603
61.367932,206,9696.641257
54.561,116,9697.381111
-26.286332,99,9698.018924
99.166871,201,9699.281628
84.714954,1000,9705.676598
852.74951,1000,9719.115248
174.718383,299,9721.001657
194.05294,405,9723.570489
95.104282,177,9724.698075
41.2279,221,9726.067061
61.691704,283,9727.886989
20.630437,248,9735.250547
79.527726,216,9736.62984
203.673961,592,9740.410942
44.535885,152,9741.384894
65.725525,202,9742.659178
49.470778,161,9743.661662
50.360102,174,9744.795139
9.365623,118,9745.540322
85.433072,310,9747.489857
42.107248,201,9757.859288
99.899197,294,9759.712236
605.012707,1000,9766.068201
87.989907,204,9767.351267
648.949302,1000,9782.348432
28.49974,186,9783.519356
104.881915,198,9784.779773
67.723662,568,9788.417532
47.85827,204,9789.714526
143.541797,245,9791.302267
191.057321,1000,9807.007451
1070.581431,1000,9813.425223
676.384373,1000,9829.666878
566.217221,1000,9836.02082
259.578758,1000,9849.991075
1071.788318,1000,9856.355079
118.008213,349,9867.640997
29.937328,233,9869.262794
514.904746,1000,9875.593652
746.023615,1000,9887.722402
536.660522,1000,9894.055266
35.054219,140,9894.945472
11.170796,1000,9908.560071
885.319317,1000,9915.007926
748.863655,1000,9929.957243
614.848164,1000,9936.279833
98.635648,301,9938.242914
86.523246,358,9947.640279
688.198417,1000,9954.01577
5.435483,148,9954.948899
75.947504,202,9956.28757
63.443382,209,9957.602044
717.658702,1000,9975.484341
26.994654,217,9976.873358
-235.964599,639,9980.973065
230.93437,513,9984.21777
770.167755,1000,9999.010614
582.862123,1000,10005.366913
139.158324,330,10014.029019
762.77544,1000,10020.454198
756.106258,1000,10034.174588
-27.708229,101,10034.800046
70.769853,237,10036.342461
68.39179,169,10037.389179
538.04915,1000,10043.823009
469.000826,1000,10058.280071
-492.690933,1000,10064.589954
-19.961845,161,10065.644353
489.193537,1000,10080.442214
72.487693,197,10081.725502
64.438305,199,10082.996808
91.232828,381,10085.39293
46.856316,146,10086.305939
31.915212,412,10088.918087
51.465655,168,10096.569148
72.204181,182,10097.717819
850.359226,1000,10104.084804
695.767207,1000,10118.313022
99.57216,218,10119.695053
64.822883,205,10121.036041
101.992206,426,10123.781577
376.034488,1000,10134.96956
100.715803,236,10136.497921
64.5457,142,10137.382328
33.99108,163,10138.386085
102.253146,1000,10144.825969
50.406411,1000,10158.476957
106.472493,235,10159.976487
59.885261,145,10160.931344
118.82627,275,10162.674625
74.284196,152,10163.622156
1052.475293,1000,10178.074297
717.482558,1000,10184.400108
107.280392,254,10185.977862
-5.646191,140,10186.896107
131.505267,565,10198.436049
8.274069,181,10199.652095
165.989272,409,10202.285055
16.690062,180,10203.433697
108.15246,164,10204.460809
108.618703,346,10206.685283
77.654886,271,10208.410182
581.760832,1000,10225.472396
37.084982,487,10228.592721
76.821854,205,10229.983509
202.035597,579,10233.668835
46.448321,194,10242.435114
61.340525,196,10243.681714
-4.903944,113,10244.405751
185.569873,434,10247.123732
712.395393,1000,10253.464245
793.23636,1000,10269.210566
352.908318,1000,10275.493926
62.750717,206,10276.808891
121.631865,406,10286.17075
-5.302932,209,10287.479486
581.43408,1000,10293.902789
316.822446,528,10303.752995
38.553324,176,10304.882966
631.960645,1000,10311.247493
64.800187,201,10312.517794
434.206462,1000,10326.692916
79.951989,375,10329.015667
-477.636709,1000,10335.385475
339.065617,1000,10352.308262
-81.833408,287,10354.110445
754.95741,1000,10360.537647
162.501107,477,10371.388536
105.540779,371,10373.705295
614.312855,1000,10380.127658
121.446189,200,10381.396291
31.587438,129,10391.949997
33.965698,90,10392.505085
234.545222,1000,10398.87248
5.757715,171,10399.949636
-483.879548,1000,10412.860507
131.892913,254,10414.464516
72.880908,193,10415.701699
518.71005,1000,10422.060031
61.349472,226,10423.470252
209.815006,295,10433.662548
582.047074,1000,10440.053282
599.093146,1000,10454.218762
608.363798,1000,10460.525887
226.256068,1000,10474.610732
117.999603,251,10476.163961
60.737816,208,10477.516785
793.635396,1000,10483.77901
60.051864,196,10485.014533
-246.488954,1000,10497.621054
78.547807,139,10498.495387
584.252055,1000,10504.976086
-52.929773,76,10505.456257
52.330619,152,10512.028898
102.629653,282,10513.837589
86.49392,176,10514.914452
108.998244,350,10517.144194
661.188451,1000,10523.494986
89.218014,187,10524.693074
68.165126,154,10533.146106
602.357355,1000,10539.488647
96.490606,276,10541.269578
902.465539,1000,10552.054242
-73.721475,296,10553.9265
63.987311,272,10555.634002
48.606329,183,10556.785247
1043.342924,1000,10572.657459
65.89317,245,10574.235399
46.490275,181,10575.34612
70.752025,186,10576.52851
667.7475,1000,10582.813156
176.791589,547,10595.625049
145.034132,446,10598.466006
269.610111,1000,10604.79627
52.574139,291,10606.68512
125.417668,161,10615.553154
70.427404,328,10617.611349
0.174494,44,10617.914989
853.315134,1000,10624.335937
271.671374,1000,10639.483012
353.638616,1000,10645.759452
44.754778,216,10647.092697
776.37712,1000,10663.883683
213.672692,1000,10670.094748
79.376754,360,10672.37269
664.890052,1000,10686.431305
62.883648,140,10687.285229
711.310658,1000,10693.613674
145.888491,1000,10708.428533
601.416599,1000,10714.84834
72.78235,177,10724.983537
133.794269,306,10726.858416
259.886072,1000,10733.218686
279.089961,766,10744.164075
420.49719,1000,10750.553653
861.301587,1000,10762.001087
83.984333,202,10763.293414
-31.112838,194,10764.531616
68.535456,193,10765.76682
659.147369,1000,10772.244818
85.392254,238,10773.755452
712.566921,1000,10789.582363
441.853153,1000,10795.937647
36.838472,265,10804.054807
44.550815,177,10805.199507
116.640307,314,10807.224671
94.001872,232,10808.670535
1037.406136,1000,10815.083639
108.309582,332,10824.225266
961.024233,1000,10830.785419
142.332295,324,10832.815856
145.426188,508,10836.048847
582.920773,1000,10850.651624
-42.26934,153,10851.63518
176.818904,370,10854.00311
76.062196,202,10855.284091
7.167458,80,10855.790992
393.30663,1000,10871.853597
86.966943,227,10873.261893
830.08452,1000,10879.666936
23.282073,131,10880.507562
80.992517,1000,10895.547303
1.649076,99,10896.195418
30.546039,106,10896.88409
573.257589,1000,10910.578345
155.491698,423,10913.271378
18.768121,227,10914.722028
42.304333,365,10917.072786
-83.937443,264,10918.726755
684.266068,1000,10932.441185
-32.576922,171,10933.567916
562.660459,1000,10939.957397
625.671918,1000,10956.300544
1045.313411,1000,10963.037426
97.382603,172,10964.116329
-53.67166,125,10964.883692
625.185843,1000,10979.177995
2.6797,90,10979.79021
-52.369895,176,10980.959482
420.345013,1000,10987.565515
408.000726,1000,11001.317272
609.340641,1000,11007.67197
463.497646,1000,11022.543517
810.977609,1000,11028.894908
268.012289,1000,11044.654806
550.732562,1000,11051.016809
12.797111,148,11051.981427
83.861306,282,11062.226258
943.195518,1000,11068.581043
60.243708,130,11069.504905
55.249446,139,11070.36764
81.276066,191,11071.593909
21.606674,170,11072.609803
91.332765,246,11074.17351
51.708602,166,11080.789553
16.627484,331,11082.874166
117.798227,1000,11089.305291
807.813755,1000,11105.12727
67.518661,242,11106.672881
104.747063,286,11108.528235
466.363914,1000,11114.852525
868.625442,1000,11128.8386
-49.266193,210,11130.255136
748.480411,1000,11143.937376
33.840088,249,11145.549371
363.662602,1000,11151.940626
68.206329,231,11153.408845
29.779579,154,11154.344445
7.773472,70,11154.785348
-597.527069,1000,11170.204647
305.236906,1000,11176.664447
97.277598,218,11178.04599
42.068048,332,11188.43743
57.9041,171,11189.635496
406.245782,1000,11195.872511
18.152641,145,11196.807072
82.943661,269,11198.511226
62.425926,148,11199.429167
-0.496495,125,11208.226365
-95.915611,528,11211.619889
-89.745964,424,11214.346805
20.327976,163,11215.404162
79.742924,179,11216.492247
-30.912798,196,11217.788802
701.022637,1000,11233.79854
567.410333,1000,11240.196149
91.064046,215,11241.562815
806.631752,1000,11256.301998
253.697986,1000,11262.645664
66.899586,183,11263.825224
81.460067,293,11273.253046
-226.885357,680,11277.559288
253.311018,845,11283.12127
104.286116,255,11284.768489
165.900525,718,11296.76883
125.643698,261,11298.456526
346.628395,1000,11304.815172
634.796147,1000,11319.025623
76.27252,245,11320.566285
62.648974,214,11321.915881
-32.583915,556,11325.476747
712.742651,1000,11339.581116
1242.57858,1000,11345.916098
67.860701,190,11347.140642
616.622542,1000,11362.168942
40.429529,122,11362.946473
943.820549,1000,11369.337983
-105.765959,418,11383.293914
78.477213,206,11384.591343
93.602198,250,11386.178682
501.574335,1000,11392.547939
653.853609,1000,11408.74714
78.781605,176,11409.894427
58.048134,142,11410.797826
102.748844,294,11412.680071
55.829052,115,11413.412953
17.124179,130,11414.230371
45.078779,117,11414.963403
75.244033,181,11416.071044
534.252654,1000,11432.219548
120.733686,256,11433.838131
55.144785,135,11434.668761
44.975907,171,11435.774315
57.240735,161,11436.768917
-356.696652,1000,11452.831198
563.941017,1000,11459.275796
43.197024,196,11460.490316
90.050436,154,11461.430924
265.248564,1000,11476.246024
68.661745,193,11477.471007
851.163795,1000,11483.760754
56.460144,285,11493.351859
37.809554,129,11494.188397
192.96573,535,11497.551946
66.889643,235,11499.061335
73.855948,290,11500.878746
114.449557,234,11502.401121
527.972074,1000,11516.929223
224.110638,450,11519.905665
760.750505,1000,11537.841777
655.904469,1000,11544.271241
783.537811,1000,11550.703498
47.459641,136,11560.761557
-32.56075,124,11561.551573
191.23633,576,11565.23139
836.060328,1000,11571.650878
323.775777,1000,11588.509895
65.394198,226,11589.956681
96.263195,220,11591.405481
693.399837,1000,11603.613045
137.656786,339,11605.820788
70.043676,279,11607.566061
59.338772,154,11608.542949
569.258528,1000,11615.067807
118.388659,1000,11630.316069
-90.617852,1000,11636.696806
54.889539,218,11643.579911
1169.949068,1000,11649.995587
38.022527,165,11651.072067
498.442464,1000,11666.806306
692.963444,1000,11673.292513
686.172215,1000,11688.035178
113.294853,275,11689.785451
533.891047,1000,11696.242723
814.572759,1000,11711.131874
131.351068,345,11713.336945
98.435072,214,11714.674618
72.22093,186,11715.854502
29.848127,80,11716.380305
51.185745,92,11716.992878
624.79349,1000,11730.104558
729.530331,1000,11736.506197
683.724299,1000,11751.666232
56.896894,137,11752.549979
212.441851,329,11754.670369
611.266524,1000,11761.053612
-7.37994,174,11762.178563
77.091447,236,11770.206144
319.182111,1000,11776.557508
43.869612,175,11777.682539
353.153704,1000,11792.210264
31.478039,90,11792.783349
39.267057,109,11793.493759
720.433999,1000,11799.995538
475.226066,573,11803.665948
867.528638,1000,11819.873382
149.929741,402,11822.401042
476.168555,964,11838.053804
-11.791035,89,11838.609629
178.834013,488,11841.759457
-32.013652,275,11843.498828
44.242478,130,11844.310548
13.084952,92,11844.877902
125.389615,1000,11860.312562
-56.409842,191,11861.535681
90.316356,299,11863.439994
945.859446,1000,11869.73389
459.299741,959,11884.332123
538.602845,1000,11890.795022
115.508326,305,11892.703209
285.473082,573,11903.476353
11.062536,253,11905.054558
76.21461,256,11906.685318
16.232741,91,11907.282831
-11.319139,208,11908.581907
306.928747,1000,11923.511666
89.565225,216,11924.886714
96.084322,227,11926.375441
1.21097,139,11927.267066
300.031192,603,11931.130074
-11.621675,118,11931.882559
93.245762,286,11933.703273
793.907924,1000,11947.035352
689.14701,1000,11953.400505
299.432198,1000,11969.53165
53.272425,180,11970.671844
57.657295,320,11972.69551
-105.512318,244,11974.236619
741.263746,1000,11989.328243
336.457621,1000,11995.648124
138.594251,1000,12010.450827
-31.023598,121,12011.226371
60.70295,212,12012.5824
127.294774,403,12015.15657
856.637125,1000,12029.226612
274.43189,1000,12035.721441
33.336423,143,12036.611166
47.882274,154,12037.573902
799.727727,1000,12053.550493
588.777143,1000,12060.082362
1042.2919,1000,12074.793119
31.017894,205,12076.113723
42.099081,118,12076.879164
602.409353,1000,12083.261254
57.722343,277,12085.039402
761.199506,1000,12101.216888
92.976295,215,12102.587584
744.398877,1000,12108.992152
129.937087,600,12121.617981
35.728001,111,12122.325538
35.872247,357,12124.632247
178.55548,1000,12130.999223
215.315556,379,12143.903951
33.299316,223,12145.378748
66.744024,191,12146.590452
960.61998,1000,12153.037042
483.632839,1000,12168.214222
37.860764,90,12168.766402
53.845303,167,12169.856543
-54.359679,120,12170.635345
42.157706,129,12171.462914
806.05372,1000,12186.172493
-30.879929,116,12186.928051
757.776593,1000,12193.298661
74.934149,122,12194.094738
37.418176,201,12195.358587
417.330331,1000,12211.676964
-374.646593,977,12217.872065
-32.107207,199,12219.12932
123.344398,419,12229.6086
61.935905,351,12231.882853
719.584734,1000,12238.260369
186.724361,426,12241.08828
912.043668,1000,12254.760217
137.797211,338,12256.923366
85.417967,233,12258.397454
70.575036,160,12259.385248
146.601225,363,12261.709538
63.833257,162,12271.809342
651.625053,1000,12278.167746
1099.884185,1000,12292.030814
63.652043,230,12293.497938
70.199007,268,12295.225222
-17.231679,284,12297.083414
731.999992,1000,12303.465557
61.584932,197,12304.759406
-161.965952,523,12314.543554
85.9215,283,12316.329819
393.83936,1000,12322.734306
87.317337,249,12324.317715
-3.534212,62,12334.212234
-41.824518,381,12336.674156
674.954959,1000,12343.114751
-154.024585,787,12357.689217
-173.389241,490,12360.91774
-238.402413,988,12367.279035
603.229336,1000,12380.638679
14.418163,185,12381.837619
829.768427,1000,12388.269979
44.724064,168,12389.338305
54.042145,280,12401.169211
761.848524,1000,12407.51061
39.144651,213,12408.879528
-147.913131,482,12411.941534
596.308437,1000,12426.538373
612.072646,1000,12432.902302
886.318284,1000,12449.868784
29.229626,154,12450.893576
162.884259,658,12455.071924
17.542336,148,12456.001485
109.469264,276,12457.755141
22.588732,77,12467.554021
139.992314,392,12470.052089
-282.250664,792,12475.093897
841.473743,1000,12490.208967
605.122699,1000,12496.68836
49.988751,170,12497.782284
322.415391,460,12500.724525
19.627704,104,12501.393695
936.109755,1000,12516.550427
1009.708625,1000,12522.975273
182.354581,666,12537.489945
717.562982,1000,12543.997412
103.307671,212,12545.331661
-218.437816,963,12560.433791
-128.602748,405,12563.032599
342.25104,1000,12569.350222
53.877891,226,12580.169916
713.66159,1000,12586.610275
1147.267827,1000,12602.032221
-7.20502,124,12602.842397
876.612596,1000,12609.30941
55.773995,303,12611.27121
760.424093,1000,12629.318774
715.105857,1000,12635.737207
109.911741,269,12637.448406
-15.057848,50,12637.773946
19.297936,69,12638.209516
24.599609,126,12639.016481
87.609445,178,12649.173044
56.138858,216,12650.550768
52.196182,165,12651.629452
186.501334,449,12654.511101
-36.000213,107,12655.186872
-167.021516,535,12658.593806
159.375635,888,12672.796395
634.036159,1000,12679.252609
258.846813,814,12694.21846
1077.101852,1000,12700.657381
391.512047,1000,12713.92345
368.894503,1000,12720.429287
265.951913,969,12738.623717
382.308031,1000,12744.990326
-18.463013,219,12746.411674
31.567696,112,12747.143675
39.827458,182,12748.251908
23.360744,116,12748.993243
638.872149,1000,12763.290565
530.166982,1000,12769.667091
133.083616,339,12771.882376
37.638654,157,12785.429983
163.108798,1000,12791.807865
206.665758,270,12793.523426
389.191885,820,12805.545072
36.159365,147,12806.481275
-86.658401,283,12808.336545
379.216967,1000,12814.791249
-241.138815,1000,12829.298403
868.905441,1000,12835.752833
762.747229,1000,12850.758212
34.169315,102,12851.448268
-18.101548,73,12851.906846
913.915123,1000,12858.295167
329.017158,1000,12872.310025
570.205202,1000,12878.708036
919.446313,1000,12895.304578
604.709921,1000,12901.842637
76.989863,429,12904.595374
575.098362,1000,12920.125201
30.974056,110,12920.820594
37.673312,196,12922.062747
846.536535,1000,12936.761488
840.377751,1000,12943.083479
12.106693,192,12944.297989
53.212027,157,12945.314994
6.176341,128,12946.115234
597.775517,1000,12958.33034
46.415005,165,12959.420334
343.622301,1000,12965.841305
66.771923,213,12967.197672
267.781489,1000,12981.210186
66.451885,196,12982.458575
39.995308,110,12983.126578
503.227844,1000,12997.07779
32.877918,374,12999.479278
-24.722821,59,12999.853902
-16.044449,66,13000.280219
583.537157,1000,13006.702412
55.659643,184,13007.867278
1224.329768,1000,13022.384823
570.928526,1000,13028.774551
-38.630011,179,13029.882771
176.503658,329,13037.824773
47.550558,161,13038.890608
-184.727403,637,13042.986548
215.011712,1000,13058.047688
162.715763,290,13059.894452
30.383276,66,13060.306229
42.734737,441,13063.114981
100.412084,320,13065.171478
480.89216,1000,13078.792481
390.779266,1000,13085.24822
1175.106928,1000,13101.819163
153.328697,325,13103.889117
729.934988,1000,13110.394616
79.462141,264,13112.05979
301.388053,1000,13126.481088
868.407429,1000,13132.885432
650.208605,1000,13150.04278
749.594243,1000,13156.368912
820.973812,1000,13172.306407
53.676092,246,13173.894146
-79.200128,385,13176.350663
532.220843,734,13181.00976
29.753053,118,13181.778983
-23.062152,204,13191.239372
-125.640173,343,13193.450427
109.343088,215,13194.830058
55.215898,163,13195.867655
64.641358,186,13197.063425
-12.076247,296,13198.962159
496.35349,1000,13213.874418
956.557478,1000,13220.283304
79.478789,222,13221.724959
-148.908654,557,13235.826549
32.707906,232,13237.340171
856.704132,1000,13243.783923
65.696226,261,13245.462194
775.620641,1000,13261.775409
43.817255,112,13262.496382
623.676616,1000,13268.937113
383.27995,1000,13285.285384
74.88164,214,13286.670077
80.666274,200,13287.941583
122.976109,320,13290.102868
1133.488029,1000,13305.924226
73.215119,271,13307.667431
55.960772,123,13308.440241
366.365202,737,13313.163547
561.015116,1000,13328.635293
-98.53179,384,13331.100811
-286.225845,781,13336.065884
498.458107,1000,13348.738716
525.678074,1000,13355.16772
32.068813,96,13355.799416
21.143536,108,13356.478615
1066.550595,1000,13375.95868
508.69087,1000,13382.494998
634.182906,1000,13401.280381
670.76165,1000,13407.711004
608.960755,1000,13424.566529
-222.439444,1000,13430.855689
2.220224,307,13432.814976
597.352914,1000,13448.691768
66.055998,165,13449.7178
66.969932,234,13451.231799
593.596159,1000,13468.452316
29.02385,71,13468.947464
-14.960622,176,13470.130059
810.579664,1000,13476.497299
153.866085,433,13479.26827
33.663979,86,13479.810394
-30.698268,241,13494.420853
679.705582,1000,13500.986642
37.959325,213,13502.387672
91.028426,427,13505.116034
105.010405,316,13507.16273
755.279497,1000,13523.958695
-6.686934,246,13525.546121
115.197363,214,13526.91172
-92.672086,848,13541.313615
594.691866,1000,13547.722724
732.436342,1000,13563.891255
360.186744,508,13567.13658
516.046908,1000,13573.550527
596.346653,1000,13589.05922
691.756903,1000,13595.557426
-56.678739,144,13596.512106
1106.481656,1000,13612.9563
27.127258,178,13614.068618
58.411015,295,13615.989031
-37.186628,123,13616.795642
308.765824,1000,13637.409961
589.504533,1000,13643.833354
135.510765,368,13646.236815
99.209649,224,13647.65441
37.651455,149,13657.531546
66.967494,212,13658.915124
149.736343,695,13663.365286
240.65997,725,13667.998271
32.931866,252,13669.602794
265.949228,914,13687.093755
402.796076,1000,13693.476893
-80.819449,213,13694.81803
742.052471,1000,13710.298679
850.007841,1000,13716.591218
-3.251097,70,13717.079066
64.876617,119,13729.98294
58.507656,134,13730.824459
541.622328,1000,13737.311649
540.93762,1000,13754.755748
-79.277434,128,13755.590075
670.034463,1000,13761.964824
-368.486209,1000,13779.961784
67.127686,359,13782.283938
54.109273,288,13784.101813
848.830929,1000,13790.444152
16.072302,219,13802.351064
85.269758,292,13804.253249
600.830811,1000,13810.633252
72.376475,233,13812.150163
628.03693,1000,13831.526366
26.924271,105,13832.165495
-98.397147,283,13833.977236
738.759181,1000,13840.362853
0.94347,133,13841.188545
693.057644,1000,13859.061599
42.222468,223,13860.570742
99.269198,281,13862.356698
83.840184,247,13863.956345
73.480542,221,13865.354046
-187.601106,485,13880.258198
44.804913,139,13881.139224
-35.110165,72,13881.581529
760.189494,1000,13887.951741
71.333841,127,13888.768303
840.885057,1000,13905.997909
193.563836,555,13909.541303
824.181591,1000,13925.948276
-27.910714,95,13926.553145
51.055878,135,13927.407646
71.206272,187,13928.609313
32.398704,174,13929.727221
-7.115179,68,13930.164454
569.065808,1000,13936.512
698.79652,1000,13949.701677
40.441426,148,13950.694082
-32.484695,87,13951.283911
-94.065783,167,13952.29912
904.480473,1000,13968.155955
110.822019,212,13969.492897
103.749128,231,13970.970151
790.455711,1000,13977.433267
341.11109,842,13993.334043
85.11194,228,13994.760798
-145.531485,360,13997.092082
222.497673,1000,14003.518858
336.013773,1000,14018.808006
816.353741,1000,14025.151444
26.282639,102,14025.77052
245.174021,463,14037.312417
111.43396,295,14039.168927
32.435447,87,14039.802776
38.536187,214,14041.21118
-54.784173,85,14041.742727
35.832605,122,14042.515179
85.009234,177,14043.650543
863.377493,1000,14057.732501
-15.212094,234,14059.178188
37.276143,161,14060.217949
803.168901,1000,14066.572204
493.508218,1000,14081.774384
-2.07998,33,14081.960697
452.631536,1000,14088.304035
46.466748,181,14089.461675
1179.602808,1000,14104.9478
-82.661608,208,14106.263861
59.950987,147,14107.182442
73.903113,142,14108.077201
287.067069,1000,14123.660014
315.534735,491,14126.797542
93.6615,358,14129.057623
56.376414,141,14130.019672
765.652151,672,14134.33702
935.571943,1000,14150.180785
-87.511116,514,14153.470315
586.671024,1000,14169.093094
720.241702,1000,14175.495347
24.844471,129,14176.308205
752.394541,1000,14192.525551
210.428253,709,14197.091669
617.192747,1000,14214.933506
-9.859465,509,14218.16263
868.223738,1000,14224.593499
-314.310932,1000,14240.460363
1081.361239,1000,14246.862791
177.410521,1000,14261.539619
-56.160583,270,14263.254029
767.459714,1000,14269.638584
95.492418,172,14270.760025
715.031191,1000,14287.426225
-39.705127,213,14288.797627
-152.7784,1000,14303.76375
731.483971,1000,14310.267181
699.139841,1000,14327.043433
76.334585,271,14328.758476
78.283854,250,14330.34303
391.009997,1000,14336.679923
92.516222,253,14338.2996
650.862174,1000,14352.810153
497.202259,1000,14359.17542
714.718073,1000,14374.563205
818.884381,1000,14380.93965
84.24242,247,14382.518942
-99.483952,170,14394.251747
21.624207,202,14395.529349
460.089036,1000,14402.033131
587.952866,1000,14418.200264
559.910504,1000,14424.662094
48.480342,198,14425.956168
706.648763,1000,14440.370295
62.104382,130,14441.247049
1055.749205,1000,14447.678104
158.968942,604,14463.061528
915.695023,1000,14469.406946
1041.677385,1000,14486.089982
-113.097924,343,14488.263681
452.997933,1000,14494.707687
43.282931,120,14495.484377
1077.931618,1000,14511.936407
216.99012,513,14515.204302
57.779487,140,14516.127937
891.201672,1000,14532.754515
-91.886173,158,14533.811003
543.105289,1000,14540.241746
1205.545153,1000,14558.583579
91.679205,252,14560.21311
167.213276,592,14564.022377
349.888779,1000,14583.618234
729.291586,1000,14590.045524
277.67899,1000,14596.490021
-91.889732,115,14609.574982
155.17344,482,14612.739223
61.970727,295,14614.657375
48.093326,308,14616.633668
582.232478,1000,14634.852061
52.815125,278,14636.658518
118.774047,478,14639.702676
59.816038,192,14641.025561
255.580479,835,14646.371462
9.520297,100,14647.020004
747.796292,1000,14665.064064
772.023767,1000,14671.546577
229.880301,516,14684.558872
529.846265,1000,14690.948807
311.879264,1000,14710.647609
20.495158,122,14711.404308
23.934352,190,14712.597089
183.66349,315,14714.597893
76.004086,293,14716.505049
562.173159,1000,14732.406038
40.292381,119,14733.170799
-71.545007,338,14735.318422
744.640621,1000,14741.622228
191.421911,432,14753.44521
952.748084,1000,14759.764235
58.538402,233,14761.353128
801.595788,1000,14780.079131
784.06379,1000,14786.529347
-117.486882,217,14787.967367
308.19786,611,14803.458481
654.606662,1000,14809.897296
108.827084,250,14811.484551
254.085092,341,14813.636991
104.369603,402,14816.203554
75.034638,296,14827.340549
457.993741,1000,14833.805027
166.07264,769,14847.972349
-119.806665,295,14849.866226
51.724857,197,14851.201518
765.867987,1000,14857.570152
945.638407,1000,14876.569882
37.14898,95,14877.164286
129.797494,229,14878.660119
61.429276,112,14879.35436
58.906228,229,14880.919464
18.792374,58,14881.289959
65.623015,375,14883.712133
834.642168,1000,14901.367001
50.924876,249,14902.969436
100.209176,135,14903.810918
30.009637,89,14904.398541
480.936969,1000,14910.945973
-99.764046,122,14925.238284
43.744863,173,14926.392963
38.378972,148,14927.34457
196.205005,397,14929.957236
13.537834,77,14930.446394
569.58929,1000,14936.870245
61.966348,207,14948.687732
846.297569,1000,14955.096172
589.612721,1000,14961.556406
89.665391,630,14976.267818
56.401153,178,14977.38225
140.926396,888,14982.981966
-5.772374,221,14984.428104
535.18167,1000,14999.451483
69.57276,146,15000.52179
576.794609,1000,15006.872096
934.762455,1000,15023.79254
661.279836,1000,15030.286882
88.241983,198,15040.465189
856.074951,1000,15046.827365
685.711145,1000,15063.225845
7.899467,262,15064.920474
712.052557,1000,15071.318558
-23.196821,227,15072.729326
135.102736,1000,15089.071965
855.640025,1000,15095.552968
552.015439,1000,15114.033056
781.358037,1000,15120.578831
577.896561,1000,15136.643388
-135.869532,547,15140.154362
62.543805,181,15141.346486
128.069609,315,15143.351916
61.032399,318,15145.380734
-247.692361,1000,15160.942582
58.32542,173,15162.066324
8.516914,1000,15168.529382
104.900436,290,15178.258002
313.844191,1000,15184.792215
17.496489,349,15187.010087
-159.812094,935,15203.320574
110.711461,378,15205.783142
-57.508835,153,15206.774047
475.058819,1000,15213.305754
748.508639,1000,15229.806788
65.884153,164,15230.877341
141.707725,358,15233.169878
934.111208,1000,15251.103891
57.742319,240,15252.665475
22.332663,212,15254.015513
1162.192839,1000,15260.413669
650.065198,1000,15275.445629
-3.595199,67,15275.88729
602.783611,894,15281.623976
-12.764292,92,15282.256194
6.432481,217,15283.656507
872.821577,1000,15299.637653
49.34909,207,15301.040296
-103.551407,294,15302.938742
70.32769,172,15304.007914
49.28738,125,15304.815476
844.512943,1000,15322.298011
54.83457,129,15323.123623
-88.445744,171,15324.250216
257.494684,1000,15330.759019
720.206584,1000,15347.779862
31.810071,373,15350.160867
28.400562,107,15350.828256
74.360648,197,15352.102978
363.656675,1000,15367.540475
176.510122,406,15370.130332
122.745111,252,15371.739322
52.962113,358,15374.087343
-66.398532,200,15375.364009
607.252482,1000,15390.211313
808.79582,1000,15396.631281
21.575206,249,15398.213361
64.722355,297,15410.899696
91.87665,301,15412.854744
79.527029,159,15413.865804
8.848079,251,15415.47901
155.611127,353,15417.719599
-94.702477,308,15419.71193
14.629048,96,15420.436656
699.055736,1000,15436.602562
62.111658,268,15438.372469
-118.723984,742,15443.117768
-114.416972,447,15455.484413
799.403452,1000,15461.922333
255.172128,1000,15468.319144
81.760738,190,15479.554441
170.072511,333,15481.839112
36.054597,216,15483.222849
719.359431,1000,15489.631637
57.045186,257,15491.293607
767.995859,1000,15508.433675
-23.14393,42,15508.704105
49.698468,156,15509.683277
492.406985,1000,15526.141427
-154.267592,672,15530.437948
829.768077,1000,15536.898301
5.087341,77,15537.392441
20.920665,225,15548.452745
740.339767,1000,15554.8042
84.755745,248,15556.388183
778.593471,1000,15573.787568
167.193839,422,15576.487274
136.421452,351,15578.717052
-24.111583,326,15580.825377
516.402941,1000,15595.998572
85.322014,226,15597.42944
51.673362,141,15598.300738
168.476069,380,15600.810229
47.032656,319,15602.82547
164.589699,1000,15619.24843
-311.652141,1000,15625.691205
271.62538,871,15639.109312
27.157864,183,15640.284009
36.317274,318,15642.34407
1.970516,245,15643.929668
171.716518,671,15648.28056
709.68997,1000,15666.518853
678.426542,1000,15672.995936
-83.867519,126,15673.796556
-106.098343,296,15675.659982
737.533981,1000,15690.416979
551.580027,1000,15696.744946
768.15573,1000,15713.886724
122.575718,406,15716.481611
37.546992,78,15717.011242
31.012886,85,15717.536654
489.911706,1000,15731.789754
765.458185,1000,15738.188213
144.710529,303,15740.146146
13.840724,103,15740.824648
1.364228,71,15741.274996
30.534026,96,15741.877644
739.06093,1000,15757.26341
27.533263,96,15757.849858
993.602616,1000,15764.272389
768.598756,1000,15777.506175
36.062522,102,15778.146327
15.503509,72,15778.615085
559.532942,1000,15794.783259
720.134564,1000,15801.29348
30.059832,100,15801.909713
135.950116,202,15803.212964
247.822499,1000,15818.239645
84.471224,203,15819.498384
44.30523,482,15822.613518
48.752652,174,15823.717925
-155.814861,657,15827.984912
33.213407,99,15828.58768
65.649724,187,15837.497454
29.259299,269,15839.219681
550.163345,1000,15845.767479
-44.369651,117,15846.507711
-50.982361,206,15847.802717
-41.043272,159,15848.793976
97.520333,217,15850.186426
-4.351786,74,15859.784541
1187.043846,1000,15866.225072
-29.014209,176,15867.348621
4.435501,129,15868.185846
-21.014001,250,15869.793658
87.462807,236,15871.390476
153.930679,337,15882.315482
27.784637,334,15884.472695
24.180317,562,15888.087159
-132.841098,384,15890.580081
-134.789559,722,15902.775721
-131.98494,267,15904.544124
1.958925,173,15905.623858
717.015977,975,15911.970432
358.400985,802,15927.098364
516.069205,1000,15933.649268
32.621814,126,15934.473754
63.92627,268,15936.179494
32.806173,156,15937.170023
62.093205,160,15938.20813
65.172852,144,15949.118165
732.697372,1000,15955.585592
841.223848,1000,15962.038985
97.776077,198,15973.5946
140.502339,436,15976.403497
76.648104,179,15977.549506
76.246717,185,15978.731096
42.502855,102,15979.409521
107.43816,158,15980.417537
-48.500437,282,15982.268653
105.140849,299,15984.246682
627.034057,1000,16000.266676
459.688843,1000,16006.722503
70.132112,156,16007.741767
5.445403,174,16018.0456
-27.789171,75,16018.568664
211.818781,475,16021.722701
536.400809,1000,16028.12928
42.361276,105,16028.788847
-22.817932,97,16029.446327
26.128453,211,16030.810669
627.622508,1000,16046.123954
128.106301,306,16048.123877
-163.541159,384,16050.685645
-20.301594,98,16051.288007
-13.820344,1000,16065.919154
41.012159,409,16068.529781
-92.078547,233,16070.058883
812.319525,1000,16087.212642
850.20835,1000,16093.700417
104.346338,382,16096.170545
360.770696,811,16113.891883
-31.208345,55,16114.207552
860.992475,1000,16120.612021
686.092717,1000,16136.993767
968.970217,1000,16143.476158
-30.553001,63,16143.891272
650.999393,1000,16162.260294
23.085287,94,16162.846679
83.068644,171,16163.943772
19.906121,182,16165.131359
12.87536,117,16165.897932
-25.614433,387,16168.410994
695.902712,1000,16185.202277
107.9265,202,16186.52961
660.69008,1000,16192.870855
22.536794,88,16193.450655
44.854829,128,16194.269534
83.79401,188,16195.482327
-157.79244,440,16211.410924
63.223584,164,16212.463942
-289.679678,721,16216.988796
49.126093,113,16217.728944
49.012761,114,16218.481867
573.736083,1000,16237.467005
626.865018,1000,16243.8635
-24.421276,66,16244.291958
778.537613,1000,16262.887718
385.843142,901,16268.607955
518.858636,1000,16284.85805
-23.924063,85,16285.434587
67.693421,384,16287.886235
44.121238,374,16290.340443
131.092537,1000,16306.024576
50.067476,168,16307.13713
464.899605,1000,16313.594394
107.584501,223,16315.059878
-200.693342,560,16327.115994
1194.665527,1000,16333.535921
102.8629,226,16335.018325
740.148823,1000,16352.799635
-308.191835,1000,16359.242928
76.485828,205,16360.536589
665.381673,1000,16376.847823
805.394199,1000,16383.323958
-25.801424,99,16383.930319
-25.038811,76,16384.414045
53.889973,147,16385.38969
19.551854,78,16385.874285
84.522573,395,16398.5191
106.260604,305,16400.500476
60.46207,229,16401.920388
675.685177,1000,16408.365179
286.561315,1000,16424.794639
213.774334,1000,16431.153685
29.158657,76,16431.637892
1044.690156,1000,16449.027508
75.35359,162,16450.090348
-4.359165,80,16450.584381
58.629348,269,16452.313374
659.030694,1000,16469.111667
26.431092,300,16471.12126
931.362646,1000,16477.533964
170.244247,1000,16494.962494
49.753841,108,16495.618284
321.961985,656,16499.80973
24.288698,105,16500.598024
352.270098,722,16505.175009
-101.21337,125,16505.961702
37.481789,137,16518.154519
677.662843,1000,16524.538727
-3.659765,154,16525.541961
763.70996,1000,16542.711156
73.831145,219,16544.157109
22.495588,144,16545.065767
44.101118,132,16545.904189
661.918011,1000,16552.324595
38.312826,109,16552.986276
45.907674,136,16553.848853
846.863466,1000,16568.953369
36.722696,68,16569.389145
166.529547,298,16571.298969
376.467891,531,16574.695044
67.831213,152,16575.654143
582.141673,1000,16593.478752
1103.610031,1000,16599.981475
127.675255,241,16610.754867
45.306049,188,16611.952401
78.433197,203,16613.253775
45.462282,78,16613.781832
-6.669982,103,16614.413671
59.444992,271,16616.176629
-13.67332,75,16616.660586
-21.200375,96,16617.251624
164.7725,357,16619.580788
3.059018,76,16620.045023
33.665651,78,16620.627337
-7.88537,206,16621.932465
214.195199,732,16637.145667
-137.613541,1000,16643.535953
523.21346,1000,16661.167441
-75.130112,327,16663.253292
216.561523,1000,16669.707349
42.461978,183,16670.92483
121.296991,351,16683.449127
-27.656849,189,16684.653093
95.921788,250,16686.24445
564.541683,1000,16692.675363
8.76378,175,16693.777356
12.856443,102,16694.44699
46.277121,114,16707.83441
464.536195,862,16713.392161
161.692426,1000,16719.794512
211.636834,1000,16736.601612
-126.01855,412,16739.207899
220.714705,1000,16757.635513
49.903677,121,16758.383138
253.872283,501,16761.604303
879.29098,1000,16768.079088
85.017854,391,16780.046309
139.037526,274,16781.798111
818.227707,1000,16788.20869
146.272779,310,16790.20686
138.372785,673,16803.299021
7.763067,158,16804.340239
15.284882,110,16805.011061
38.510223,153,16806.008168
77.749461,156,16807.008544
-4.408555,68,16807.44971
627.369323,1000,16823.353205
13.608398,82,16823.878272
-192.391732,694,16828.357044
15.492091,528,16831.816506
45.773794,214,16833.197339
536.481677,1000,16847.124568
7.890605,77,16847.654608
353.972917,1000,16854.116731
395.447566,1000,16869.129898
574.998856,1000,16875.565659
52.521927,129,16876.39208
873.189299,1000,16893.731281
832.367857,1000,16900.085143
776.682701,1000,16915.587542
-12.961364,88,16916.17232
467.742626,434,16918.922863
837.22168,1000,16931.92413
-65.033727,124,16932.735867
491.675519,1000,16939.209872
10.335359,104,16939.854113
-30.450295,63,16940.256848
-54.790129,206,16941.561916
70.033533,191,16942.788627
133.880618,302,16944.715506
-18.841795,54,16956.871837
80.267812,104,16957.572338
698.050958,1000,16963.98751
64.066993,165,16965.068979
722.801742,1000,16980.083007
67.542905,177,16981.365104
80.195844,310,16983.338292
140.181373,361,16985.667767
4.024255,169,16986.733608
63.803828,184,16987.926543
34.88416,97,16988.579756
36.279913,161,16989.608139
4.120202,65,16990.024817
-20.817155,51,16990.365342
34.371727,93,16990.976995
-9.374814,83,16991.502579
-23.754778,58,16999.602253
403.939532,1000,17006.048558
181.185251,1000,17012.628333
1028.173893,1000,17027.659235
7.050001,86,17028.212977
544.29839,1000,17043.569476
53.706839,130,17044.415974
535.637904,1000,17050.827453
-145.636827,137,17051.692477
1055.083723,1000,17065.979251
103.677623,184,17067.172784
62.755875,186,17068.388796
538.110047,1000,17074.889866
53.298992,160,17075.931865
450.858026,1000,17091.471596
62.482421,131,17092.305875
627.597384,1000,17098.740722
248.238296,1000,17112.093293
120.4685,400,17114.674644
41.039237,117,17115.424386
606.79334,1000,17131.786146
43.652812,124,17132.536751
883.888301,1000,17139.059081
487.445192,1000,17155.454859
8.754559,57,17155.84159
732.269068,1000,17162.347414
75.133633,320,17164.395937
108.755447,156,17165.425015
883.624599,1000,17180.699165
-9.636262,47,17181.021795
0.909024,48,17181.336674
749.918738,1000,17187.712665
22.13868,91,17188.327565
-17.172031,71,17199.262001
903.562828,1000,17205.666112
689.859107,798,17210.735533
95.034734,308,17222.628571
38.291489,96,17223.232215
291.496928,557,17226.845512
125.895821,430,17229.625422
76.052224,143,17230.525066
100.465923,171,17231.650022
39.819353,215,17233.0417
44.811134,124,17233.829478
-57.132435,1000,17247.671209
44.037906,146,17248.604822
882.934993,1000,17255.145958
454.361498,1000,17271.14258
494.952397,1000,17277.545657
28.793464,170,17278.594914
678.01589,1000,17296.390379
-31.694246,76,17296.874414
7.838456,130,17297.704275
99.161957,260,17299.329168
663.534307,1000,17313.64562
817.06823,1000,17320.083219
766.162172,1000,17334.956457
54.089713,174,17336.07282
1.101549,298,17337.990688
630.94484,1000,17344.486537
74.037386,193,17345.732958
-82.545057,275,17358.471037
48.584102,105,17359.118372
311.609346,1000,17365.582008
246.33411,625,17369.615784
607.938765,1000,17384.092463
64.702413,137,17384.966887
31.769205,172,17386.072355
654.32483,1000,17402.288608
551.778985,1000,17408.738018
35.182854,254,17410.368624
152.228682,1000,17424.64606
70.376693,190,17425.87506
-24.701384,118,17426.661107
-18.428165,56,17427.029339
768.084742,1000,17433.517701
651.592381,1000,17448.30178
85.392961,275,17450.073754
50.055683,160,17451.132779
225.089128,1000,17464.684586
37.592224,106,17465.38041
78.617345,166,17466.424394
4.292411,44,17466.72524
100.43587,208,17468.04876
620.117025,1000,17474.546999
381.228668,767,17488.663479
-8.913845,81,17489.176935
159.961431,438,17492.068395
395.231571,1000,17498.493381
508.562058,1000,17516.514702
67.166447,236,17518.056876
-80.121628,150,17519.022897
66.64426,143,17520.009986
334.848259,1000,17536.053264
105.756879,316,17538.117088
133.320764,516,17541.421013
521.264723,1000,17558.43205
77.866899,148,17559.390237
40.399079,103,17560.077374
90.852497,249,17561.672451
63.767253,134,17562.53952
491.109336,1000,17568.975861
54.136394,152,17569.980182
528.015972,1000,17583.001253
765.173008,1000,17589.50645
803.931468,1000,17606.359144
23.601724,101,17606.987936
758.918544,1000,17613.589964
114.681673,340,17627.931189
109.325571,182,17629.125403
666.457317,1000,17635.588088
165.3605,458,17638.533002
906.744019,1000,17654.638567
28.687124,158,17655.664475
726.12696,1000,17662.096569
216.147096,422,17673.452544
39.788153,170,17674.556136
1089.155746,1000,17680.988799
158.269263,343,17683.256282
320.5897,1000,17700.690176
87.523089,188,17701.945142
150.745792,478,17705.027644
883.137227,1000,17721.22193
29.232012,178,17722.392685
29.573673,157,17723.428666
-64.09752,107,17724.076059
-20.29047,121,17724.859519
502.155679,1000,17731.356807
25.54408,92,17731.925797
-35.600802,159,17743.435617
-34.496103,81,17743.955516
1.335692,402,17746.555914
49.787786,173,17747.697308
460.849073,825,17753.015225
70.105436,164,17754.043981
1007.512498,1000,17770.195252
64.241072,160,17771.258042
-57.307191,196,17772.50327
739.304372,1000,17788.379088
524.642337,1000,17794.976291
836.712763,1000,17812.102976
3.304166,248,17813.690561
286.737002,612,17817.688189
82.138508,168,17818.780831
62.617516,146,17819.697224
796.626717,1000,17836.383674
78.838257,229,17837.876019
-34.159231,338,17840.054466
37.422222,113,17840.78864
-5.895269,106,17841.509407
239.262064,1000,17847.93279
77.166768,405,17860.92682
37.177009,115,17861.697279
-28.897856,231,17863.193597
77.622541,130,17864.045194
42.396881,173,17865.165074
38.071866,88,17865.715385
406.516711,1000,17872.188591
500.630183,1000,17889.202187
79.205671,224,17890.663498
629.571219,1000,17906.332499
630.8694,1000,17912.827891
771.439422,1000,17931.59452
-264.237877,734,17936.336225
-528.553156,1000,17942.904188
16.743251,112,17943.617796
57.849788,128,17955.707042
-427.995303,1000,17962.175886
665.942558,1000,17968.582278
26.309367,139,17981.411229
418.190455,1000,17987.888476
175.024465,370,17990.290986
25.38269,124,17991.04775
707.321014,1000,18009.106759
-15.270699,230,18010.611405
7.400484,130,18011.440025
79.861179,194,18012.681507
67.916244,169,18013.742069
770.224366,1000,18031.471161
-549.135532,1000,18037.908908
620.082596,1000,18057.425033
30.313336,127,18058.249961
-4.191874,170,18059.363286
46.513769,118,18060.131129
17.428876,256,18061.848328
15.166821,148,18062.760453
-243.825764,759,18067.630157
42.829528,131,18068.490752
113.99064,221,18081.654286
640.77309,1000,18088.15614
117.896102,351,18090.442197
83.748848,221,18091.926454
213.071895,1000,18109.287782
190.043892,450,18112.171125
790.003295,1000,18118.558015
1.553424,97,18130.221206
101.160495,382,18132.731349
69.71199,162,18133.744521
31.991709,95,18134.381851
341.636572,512,18137.660132
39.227523,211,18139.000915
406.348118,1000,18155.042581
668.693896,1000,18161.444969
610.324867,1000,18177.312467
50.950723,131,18178.146558
-33.235048,130,18178.994117
157.6413,1000,18185.592818
108.848514,211,18186.935387
335.958406,1000,18206.595376
-34.26978,163,18207.620322
39.655011,202,18208.893903
57.433757,220,18210.323242
-16.905814,340,18212.578376
-48.588418,154,18213.53724
719.386982,1000,18231.327821
65.357022,178,18232.459598
57.705407,194,18233.730196
94.513314,241,18235.278844
80.711944,221,18236.675987
128.100746,641,18251.857237
789.684923,1000,18258.326826
880.842093,1000,18275.973188
125.627558,179,18277.149314
-4.617899,162,18278.226241
742.608039,1000,18284.625717
-9.070821,252,18286.229794
972.747695,1000,18303.27954
92.412002,250,18304.875151
-45.879258,1000,18311.367857
63.055877,155,18322.404028
84.485753,225,18323.820045
69.945379,140,18324.739291
54.844424,176,18325.826388
44.783457,82,18326.386139
140.915833,226,18327.802813
876.884735,1000,18334.309674
85.138751,1000,18349.149251
751.966258,1000,18355.556104
50.403779,204,18369.400492
194.621189,505,18372.662228
28.007235,151,18373.610213
230.144564,430,18376.446509
-24.185941,1000,18396.022444
24.211913,176,18397.134078
840.932201,1000,18403.586497
-63.835464,243,18405.17241
54.694212,150,18406.137366
91.811206,309,18408.136694
755.927719,1000,18423.292017
400.207245,1000,18429.7077
978.915903,1000,18447.967687
-62.079357,234,18449.496182
575.964732,760,18454.383418
133.828704,244,18468.552984
858.38783,819,18473.813502
34.205763,111,18474.528418
1020.475282,1000,18481.019088
190.646536,548,18496.55657
-34.215356,96,18497.206898
39.657572,142,18498.106224
69.968536,270,18499.816461
66.896564,194,18501.073324
52.375043,160,18502.067324
97.177296,212,18503.460347
51.804938,107,18504.126298
2.912796,125,18504.923558
192.988107,1000,18520.720519
-11.612234,77,18521.203465
716.14214,1000,18527.658453
914.389301,1000,18542.161301
453.254402,1000,18548.659542
70.351971,193,18549.92217
819.352488,1000,18566.038685
51.010637,413,18568.642513
72.958619,128,18569.462678
390.926365,1000,18585.915617
137.101566,243,18587.496877
825.948113,1000,18593.95417
36.88292,76,18594.440477
92.298059,288,18596.305388
53.841793,214,18610.692466
88.476424,207,18612.073143
699.291641,1000,18618.526489
22.683854,93,18619.146551
21.28964,89,18619.712863
26.348332,303,18621.669619
59.793164,304,18633.949919
594.374168,1000,18640.426868
966.518185,1000,18657.300314
264.879419,1000,18663.829309
19.55534,129,18664.679884
527.799736,1000,18680.800024
-24.12985,556,18684.37591
52.445407,153,18685.348566
53.352756,145,18686.28652
121.591678,218,18687.722697
-81.689612,418,18690.381137
66.24286,150,18691.445606
527.780915,1000,18707.951422
333.01224,1000,18714.40342
728.333672,1000,18731.318168
38.678832,185,18732.508451
85.435234,206,18733.849728
17.687292,123,18734.623267
-67.849453,110,18735.285271
95.213058,176,18736.409426
673.14355,1000,18753.504998
-287.890423,1000,18759.878115
613.485918,1000,18778.415843
-59.415967,127,18779.217559
387.691788,1000,18785.726479
130.884684,342,18787.939145
43.32376,286,18798.028946
75.933268,227,18799.503632
542.12188,1000,18805.925403
47.549687,111,18806.653296
581.450698,1000,18821.50745
194.966782,396,18824.060332
61.114218,221,18825.454799
56.293783,120,18826.226814
466.233022,1000,18841.552131
57.990099,149,18842.509221
14.489136,75,18842.970428
64.112013,156,18844.018954
723.520019,1000,18850.473738
41.585832,126,18851.244721
276.818107,486,18863.289873
92.835727,214,18864.678567
631.119294,1000,18871.199115
119.296706,1000,18888.232934
0.673441,92,18888.818317
858.59991,1000,18895.325177
60.324175,217,18896.714164
243.615322,713,18909.684717
40.929829,109,18910.408364
168.383991,526,18913.789403
805.170237,1000,18920.334088
221.058337,825,18936.337219
32.659456,139,18937.20926
103.464138,236,18938.732273
532.271363,1000,18945.231106
272.17275,700,18958.525982
618.465071,1000,18965.070602
112.035481,326,18967.186082
426.277159,1000,18985.894955
24.247793,69,18986.376153
83.050885,199,18987.656495
198.829816,374,18990.097646
538.837853,1000,19006.108365
385.624076,717,19010.77087
54.46245,294,19012.70468
530.528806,1000,19031.264172
-26.49594,80,19031.779446
113.561417,225,19033.178774
117.29728,197,19034.426791
62.184132,139,19035.349845
52.022293,209,19036.711061
626.186289,1000,19051.375846
715.097907,1000,19057.878599
-35.800879,95,19058.520008
357.685087,513,19061.81931
215.179984,1000,19080.494961
31.123146,181,19081.756353
468.713569,1000,19088.227298
48.527176,133,19098.722638
357.22632,1000,19105.135574
55.730476,124,19105.934874
448.491057,1000,19121.013852
594.147388,1000,19127.529749
55.971657,104,19128.181154
-35.503964,195,19129.426816
77.654366,238,19130.973533
114.0446,257,19132.651306
-33.163527,390,19146.590428
-303.416562,1000,19152.963109
-537.767492,1000,19170.51415
670.71967,1000,19177.016527
65.682911,133,19177.865353
4.112921,144,19178.798109
69.299582,210,19180.174566
-3.648578,151,19181.132811
773.116362,1000,19198.273882
50.524749,394,19200.877338
645.877567,1000,19217.479436
498.898882,1000,19223.952599
461.958167,1000,19242.000406
19.462404,208,19243.356028
164.135226,271,19245.093077
956.76959,1000,19251.603271
584.558662,1000,19266.761354
296.364005,1000,19273.199243
-192.959921,1000,19290.685954
-98.587152,289,19292.612061
552.797276,1000,19299.059366
476.000767,1000,19314.798572
755.859204,1000,19321.360428
499.831124,1000,19338.731042
597.957366,1000,19345.214512
-3.516642,247,19346.801629
525.250789,1000,19361.262961
79.535206,212,19362.617786
238.146375,1000,19378.048823
35.982867,98,19378.656744
104.75428,332,19380.815087
135.706659,428,19383.611196
34.940056,211,19384.948312
80.05472,152,19385.938179
19.619666,63,19386.358152
120.265483,254,19387.991368
48.839428,166,19389.015596
897.589353,1000,19407.908649
-88.409182,215,19409.258305
68.722595,153,19410.257071
675.850517,1000,19428.608593
857.525656,1000,19435.112287
-31.751611,129,19435.932254
938.683289,1000,19451.144258
898.142169,1000,19457.639257
751.212403,1000,19474.548991
526.439813,1000,19480.959123
359.107385,1000,19495.315574
612.255968,1000,19501.911093
507.547963,1000,19508.317863
778.386635,1000,19525.137376
6.533559,63,19525.544987
67.029093,212,19526.903591
432.96043,1000,19542.617216
12.136954,534,19546.128985
53.662914,103,19546.821619
72.015772,368,19549.163792
-24.54388,143,19550.126193
274.916912,882,19568.098522
21.362041,269,19569.807191
-25.786931,109,19570.489385
-7.44698,73,19570.993051
1089.354752,1000,19577.454722
108.21349,324,19579.544178
-12.909078,51,19579.880402
613.180975,1000,19596.465598
680.285686,1000,19602.893732
-225.390975,490,19618.263471
683.106742,1000,19624.837317
71.153912,211,19626.166396
28.188807,234,19627.66414
247.697898,499,19641.114591
599.128768,1000,19647.618745
54.998186,289,19649.463359
469.884212,1000,19666.571742
-17.136041,249,19668.155273
-202.859555,1000,19674.62338
660.302224,1000,19692.698236
339.79715,666,19697.023183
8.402238,100,19697.64209
434.291759,1000,19713.984514
106.109183,227,19715.420783
-6.698619,140,19716.343983
696.623927,1000,19722.774381
48.104621,99,19723.422721
685.564571,1000,19741.618153
-1.14943,186,19742.818091
652.447618,1000,19761.13798
-20.645071,375,19763.570734
45.551708,135,19764.425457
84.713948,202,19765.730799
364.661402,1000,19772.248898
418.129863,1000,19791.665846
496.404915,1000,19798.122764
35.949294,96,19798.713561
81.092488,196,19799.983016
442.97181,1000,19817.751399
41.644853,142,19818.649134
157.05448,492,19821.817555
-43.394655,86,19822.348511
838.587193,1000,19841.115539
72.833206,201,19842.399642
122.917402,476,19845.491575
171.847129,1000,19862.486553
382.185166,1000,19868.949541
524.974406,1000,19885.771325
634.69942,1000,19892.341688
-321.951002,1000,19908.644179
989.095712,1000,19915.090915
5.083589,70,19915.532192
878.09932,1000,19932.836759
421.901886,1000,19939.243958
571.460346,1000,19957.238491
-100.690747,118,19958.007108
55.937243,147,19958.930405
635.781924,912,19964.760872
93.540589,170,19965.831185
555.990348,796,19981.68322
64.840828,146,19982.602767
42.987966,613,19986.56096
510.929105,1000,19993.020577
141.987796,333,20005.65292
728.032383,1000,20012.267428
343.660176,705,20016.816272
786.27023,1000,20033.334346
198.687704,834,20038.718392
-85.591263,195,20039.985575
-34.078404,654,20054.941072
50.71839,126,20055.756033
554.52112,1000,20062.258577
866.874463,1000,20081.318244
460.45154,1000,20087.778156
-54.943388,130,20088.622976
-161.066098,355,20102.673915
46.886802,180,20103.84821
-515.551444,1000,20110.264259
955.997559,1000,20128.090456
14.947435,85,20128.674428
868.191762,1000,20135.165309
52.872128,401,20137.745385
548.18562,1000,20155.744642
187.396706,1000,20162.329792
725.692345,1000,20179.54695
-33.761203,88,20180.095778
563.581434,1000,20186.518439
853.988629,1000,20203.543236
335.225753,1000,20209.993632
802.414746,1000,20226.934148
440.169172,1000,20233.421571
775.423444,1000,20249.536628
827.688248,1000,20256.044046
323.801183,1000,20272.460809
837.429959,1000,20278.950249
359.002531,1000,20297.122891
-97.460041,1000,20303.506574
889.083246,1000,20320.999956
76.603595,188,20322.215698
66.246587,178,20323.380875
610.806054,1000,20329.834585
961.476994,1000,20347.276257
472.57225,1000,20353.714463
670.52656,1000,20374.216466
53.887427,227,20375.661004
916.932881,1000,20382.141668
-48.566313,116,20382.908072
185.19392,592,20396.445574
927.699418,1000,20403.007438
813.996688,1000,20419.251889
140.435979,419,20421.992506
98.664946,218,20423.36999
576.878182,1000,20442.03
619.246626,1000,20448.502089
652.981627,1000,20465.430259
103.094841,227,20466.945257
320.441758,1000,20473.35647
261.607105,1000,20492.062309
425.800445,1000,20498.522686
138.710659,299,20500.444879
576.012531,1000,20517.618331
-112.925743,436,20520.402149
622.507244,1000,20526.954413
144.412812,351,20540.642334
1045.611792,1000,20547.130197
-29.937734,212,20548.537652
144.283179,430,20551.332337
636.253135,1000,20570.822676
-137.955267,323,20572.879357
358.320745,1000,20592.402293
277.845188,1000,20598.845308
599.876964,1000,20617.630037
268.347514,1000,20624.077447
185.695089,477,20627.143251
161.521315,318,20629.202897
16.253758,137,20630.077597
841.101963,1000,20649.108434
190.113993,664,20653.362926
539.393396,1000,20672.694357
289.31232,1000,20679.124833
350.798616,1000,20696.902946
141.63799,1000,20703.425321
142.787024,560,20707.033578
114.066793,224,20721.945254
-184.046861,654,20726.197623
-7.642653,81,20726.69868
825.089641,1000,20733.258604
129.751612,403,20749.36656
689.410504,1000,20755.871973
1.179174,213,20757.229908
722.121255,1000,20777.126135
566.929673,1000,20783.538058
45.166198,208,20784.943488
453.196175,1000,20804.563045
59.417663,427,20807.349513
844.632704,1000,20826.379395
-77.276706,244,20827.973254
68.09918,207,20829.332525
348.913196,1000,20835.751778
29.066941,257,20837.440425
104.763931,350,20852.019913
23.608593,200,20853.318246
380.0933,1000,20859.736649
21.317395,261,20861.427032
937.080994,1000,20880.076357
131.045506,301,20882.108917
581.277991,1000,20888.603145
712.651767,1000,20908.500407
41.081501,164,20909.571914
99.386699,250,20911.24104
83.81967,216,20912.668171
-15.439292,126,20913.488984
-33.395866,91,20914.060151
887.160172,1000,20934.692933
763.425076,1000,20941.23131
335.555407,1000,20958.632391
826.749351,1000,20965.096889
1074.183565,1000,20985.167027
638.276241,1000,20991.617647
337.605417,1000,21010.996779
174.105021,553,21014.567422
99.400299,218,21015.992584
-37.583477,323,21018.097612
679.307535,1000,21035.697003
236.884312,1000,21042.168204
666.212879,1000,21060.324647
182.200178,1000,21066.824773
569.974807,1000,21083.468309
684.683299,1000,21089.922499
765.085967,1000,21108.997915
227.346983,489,21112.174181
-16.011265,329,21114.321461
534.143755,1000,21132.625989
55.061523,166,21133.697047
-75.34088,278,21135.544949
637.611764,1000,21141.986415
47.852523,341,21144.184401
523.527393,1000,21163.102131
59.501713,239,21164.652116
183.319412,518,21168.031458
167.15119,317,21170.083366
697.007826,1000,21185.929657
676.876841,1000,21192.38681
511.875855,1000,21208.448065
385.779865,1000,21214.968001
100.006671,233,21216.510864
675.137988,1000,21237.909992
46.265334,149,21238.863045
-14.705859,134,21239.723282
95.691441,272,21241.556448
153.360971,264,21243.246025
61.922348,169,21244.354992
748.436257,1000,21263.155506
-116.949377,1000,21269.674327
135.544895,1000,21287.407061
89.581841,211,21288.785233
39.163644,131,21289.637695
18.510172,178,21290.802904
-240.147178,1000,21309.418225
-14.95111,116,21310.178341
553.947267,1000,21316.675592
421.680323,1000,21334.647258
601.805146,1000,21341.090094
108.727004,251,21342.70823
783.647788,1000,21362.429244
-25.964003,144,21363.329411
265.3095,792,21368.390421
68.77737,225,21369.82108
-33.883014,279,21371.617978
121.138899,323,21388.022612
733.693228,1000,21394.530356
540.174661,1000,21412.644602
107.958295,247,21414.227097
30.60249,180,21415.352864
387.466705,1000,21421.981959
105.403472,136,21422.834028
1077.480035,1000,21440.659231
494.862867,1000,21447.173121
-80.113556,283,21449.033654
734.756083,1000,21468.606814
92.599821,385,21471.094372
95.888993,261,21472.780266
-67.368391,156,21473.747048
-92.721743,229,21475.236267
65.105203,628,21490.954847
1054.914094,1000,21497.435067
58.693893,598,21512.573897
231.12601,492,21515.754491
69.562325,295,21517.682366
630.751607,1000,21524.114368
-267.10572,1000,21542.226673
53.997903,178,21543.362353
813.809492,1000,21549.775325
179.698308,276,21565.19073
391.138504,1000,21571.802269
73.948045,182,21572.971253
148.940345,314,21575.009834
520.954839,1000,21595.873929
1107.657066,1000,21602.459045
-51.553064,303,21604.408194
493.691646,1000,21625.649144
134.277326,1000,21632.178211
580.257206,1000,21651.069429
946.902964,1000,21657.472604
216.097304,1000,21677.666668
59.041532,133,21678.529166
324.484596,1000,21685.002844
4.934325,499,21701.427516
380.200575,1000,21707.851386
587.361111,1000,21728.160084
195.215376,349,21730.403189
64.341294,169,21731.508505
580.387609,1000,21737.986202
59.861541,159,21751.93695
-29.830783,805,21757.202581
-624.546936,1000,21763.649784
-6.50336,157,21764.693837
296.767831,1000,21784.025014
295.564159,1000,21790.512533
388.43664,1000,21810.004942
927.36238,1000,21816.540313
907.8347,1000,21835.867249
712.546317,1000,21842.415275
402.13371,1000,21862.919441
837.461808,1000,21869.387812
725.544293,1000,21889.358038
69.326015,219,21890.827205
665.367056,1000,21897.287804
1076.974877,1000,21915.62595
-65.292941,513,21918.962979
-175.830316,483,21922.110863
344.983197,1000,21941.586021
350.588853,1000,21948.072869
-78.384559,757,21966.376403
353.186752,1000,21972.840753
45.978534,151,21973.863422
478.083459,1000,21991.96845
137.273742,342,21994.198528
53.444533,138,21995.075637
71.14975,136,21995.939188
738.472816,1000,22013.565766
68.679449,260,22015.2705
532.713992,1000,22021.831999
876.261951,1000,22043.696155
31.57466,120,22044.476979
491.448572,1000,22050.900534
196.281631,1000,22067.763822
335.212229,1000,22074.263966
682.311533,1000,22094.147712
958.933929,1000,22100.610526
587.986021,1000,22119.709724
198.033878,369,22122.121241
723.737364,1000,22128.602149
53.400591,141,22129.509966
414.967066,1000,22149.073303
-65.480473,268,22150.807047
706.28792,1000,22170.848871
454.895734,1000,22177.345967
64.620681,251,22178.951011
1172.932729,1000,22199.560548
424.132393,1000,22206.017423
906.268096,1000,22226.978647
59.630035,759,22231.987757
225.909453,564,22235.623122
-96.851246,534,22251.915932
615.507142,1000,22258.378288
226.242439,394,22260.919401
95.419326,292,22262.858545
654.56555,1000,22283.088924
1099.684208,1000,22289.532022
287.920303,1000,22306.884961
562.429571,1000,22313.338581
514.038952,1000,22331.842711
-42.004286,138,22332.791753
585.354647,950,22338.906781
569.101484,1000,22358.908553
212.956815,293,22360.80803
243.012246,482,22363.929435
598.046522,1000,22382.614452
57.385446,137,22383.501322
323.373918,1000,22389.906788
623.923344,1000,22408.193649
82.604582,275,22409.953891
73.076901,262,22411.799874
431.439211,1000,22418.203624
127.946759,402,22435.192329
671.071114,1000,22441.76743
-12.287591,117,22442.534399
-590.85486,1000,22459.485241
99.439977,193,22460.798326
-615.195544,1000,22467.269459
695.804472,1000,22488.633668
513.372226,1000,22495.04569
64.353102,247,22496.647884
188.973512,373,22509.510659
-100.970528,1000,22515.94125
23.800184,114,22516.651614
87.605327,515,22520.016551
446.885847,1000,22538.870992
888.900957,1000,22545.345936
386.998912,846,22562.044201
186.684852,253,22563.657346
529.83668,1000,22570.066507
40.938273,522,22581.453339
670.508868,1000,22587.830032
-75.493985,287,22589.727674
-28.859753,68,22590.170236
166.228905,1000,22608.983335
505.478698,1000,22615.418676
-31.42621,65,22615.826632
984.08893,1000,22631.036544
-2.520726,163,22632.059221
433.285105,1000,22638.473008
675.519625,1000,22654.879317
3.119452,100,22655.493859
102.823294,398,22658.024576
60.720671,203,22659.375351
489.296499,1000,22676.061724
797.64569,1000,22682.543336
568.411773,1000,22700.482085
680.221303,1000,22706.951713
515.868708,1000,22726.063115
569.627778,1000,22732.422002
106.258146,269,22734.146091
37.128066,196,22735.438627
-46.932931,92,22736.016143
190.681964,427,22750.725924
533.515817,1000,22757.100983
659.625327,1000,22776.688644
581.159241,1000,22783.187375
-159.158279,334,22785.355025
87.632943,251,22786.967062
87.295566,268,22788.671577
605.156786,1000,22806.98229
72.731134,158,22808.021071
142.624966,429,22810.836566
-59.797122,135,22811.715205
342.191466,1000,22829.55531
279.938492,1000,22836.109841
439.608122,1000,22853.564636
957.847387,1000,22860.032973
506.519534,1000,22881.622807
139.371256,1000,22888.122589
59.618983,269,22889.863748
687.487356,1000,22909.307763
695.017824,1000,22915.770027
216.100648,361,22929.382154
527.836396,1000,22935.819684
400.39277,1000,22956.058718
-36.934422,248,22957.691288
631.734933,1000,22964.142298
54.902656,403,22966.783003
77.499201,211,22968.135917
649.867642,1000,22987.952825
1055.432521,1000,22994.363645
38.674349,166,22995.437788
45.920427,176,23007.537869
62.39071,185,23008.666442
633.842811,1000,23015.185497
454.274956,1000,23034.06202
-41.020948,1000,23040.474247
101.646764,260,23042.248883
-1.546971,350,23044.500536
650.854072,1000,23063.626151
121.30505,1000,23070.038602
583.647344,1000,23084.993425
139.206386,285,23086.81828
588.103694,1000,23102.677449
499.015047,1000,23109.136352
548.557212,1000,23115.515927
17.434625,189,23127.121624
762.76713,1000,23133.706812
144.433353,325,23135.788827
17.635458,195,23137.043745
52.306379,128,23137.860403
591.092923,1000,23156.690717
423.131777,1000,23163.195113
-3.923266,154,23164.187281
724.451206,1000,23181.616371
1088.435335,1000,23188.102902
756.836669,1000,23207.032666
14.092508,278,23208.852203
-5.755484,166,23209.899259
612.489534,1000,23230.152238
50.993239,152,23231.120052
-41.502191,175,23232.264066
503.229276,1000,23238.693646
106.973062,371,23241.043549
967.652888,1000,23262.610032
438.41292,1000,23269.068835
-25.70054,209,23283.635793
-186.026396,1000,23290.061481
369.191808,1000,23296.407915
175.923366,535,23313.143184
790.827973,1000,23319.547075
153.739364,311,23321.568931
468.047168,1000,23338.958863
1074.561275,1000,23345.488449
77.237892,180,23346.650377
148.093475,1000,23363.580324
364.174186,1000,23369.976166
666.694479,1000,23384.542594
-59.707777,1000,23391.069273
355.649815,1000,23410.341746
66.2095,1000,23416.714305
647.626674,1000,23433.788034
659.436013,1000,23440.224406
913.05986,1000,23458.421443
67.140829,122,23459.204383
479.312578,1000,23465.677939
654.506088,1000,23482.407325
39.026791,137,23483.296144
658.755721,1000,23489.692503
319.350515,1000,23510.336067
342.349094,1000,23516.831592
98.89093,165,23517.869924
863.883039,1000,23533.604762
230.15288,424,23536.34604
184.702925,331,23538.427311
671.058641,1000,23557.801584
14.084187,126,23558.605624
473.448049,1000,23565.094381
58.150464,751,23581.432613
516.041351,1000,23587.939214
903.880625,1000,23607.961151
1004.195747,1000,23614.431546
13.970122,266,23616.130088
143.880662,211,23617.432922
394.074069,1000,23635.817124
565.027044,1000,23642.299789
880.381561,1000,23660.540642
397.558237,685,23664.932937
452.670444,1000,23683.480795
122.492402,303,23685.420113
600.8836,1000,23691.885259
145.049787,455,23707.612644
-130.887875,394,23710.118212
-22.705519,13,23710.191094
331.661828,1000,23716.613057
-9.795529,136,23717.48624
370.088623,1000,23734.843367
214.283694,536,23738.277952
657.515547,1000,23754.251175
856.306818,1000,23760.671026
56.010872,196,23761.993422
870.44377,1000,23781.271578
807.952974,1000,23787.656326
22.723885,97,23788.287665
490.707822,1000,23803.885118
630.214283,1000,23810.287184
-275.317096,1000,23827.714346
140.56567,270,23829.449116
382.21771,1000,23835.90967
545.225396,1000,23855.002498
155.180406,429,23857.731841
450.897564,1000,23864.18062
162.932329,344,23877.851546
1104.762163,1000,23884.405729
485.407055,1000,23902.342736
64.098719,308,23904.319347
62.40355,200,23905.606225
574.543862,1000,23912.112091
7.397024,114,23912.856765
108.426819,544,23927.782305
-165.648716,1000,23934.187444
50.462617,115,23934.931955
598.98253,1000,23954.787965
704.538111,1000,23961.206238
113.994458,1000,23979.49708
126.988284,380,23982.025074
169.059573,1000,23988.459498
461.330554,1000,24010.677721
709.142472,1000,24017.098666
-329.198522,1000,24034.147375
1117.887606,1000,24040.575118
592.062148,1000,24057.596823
62.480014,202,24058.878314
555.704718,1000,24065.360632
260.006494,779,24078.593135
848.631125,1000,24085.044695
25.718157,76,24085.530014
422.394889,1000,24103.701931
648.559101,1000,24110.074585
165.722353,181,24111.274666
370.287223,1000,24128.209042
353.140734,1000,24134.540755
-130.945846,495,24148.52433
10.644465,110,24149.264924
649.199053,1000,24155.772591
425.172063,1000,24174.475559
792.182579,1000,24180.980219
84.174753,383,24183.532128
98.928356,224,24184.923364
709.304993,1000,24204.76709
138.539451,337,24206.940073
625.90141,1000,24226.858518
-132.469199,1000,24233.293034
77.901081,150,24234.272996
105.761509,304,24236.199824
101.75776,232,24237.72302
707.420854,1000,24255.898287
509.21576,1000,24262.279899
708.093853,1000,24281.495469
540.654146,1000,24287.886818
479.946017,1000,24309.038456
-108.333591,792,24314.099031
497.101398,1000,24334.654008
52.870625,104,24335.338015
948.645459,1000,24341.691306
-38.534572,83,24342.256939
73.702451,118,24342.987357
688.478775,1000,24363.276284
111.330226,244,24364.844242
14.457827,150,24365.784106
579.961177,1000,24372.119264
755.608905,1000,24390.121813
117.193683,359,24392.581446
1153.346512,1000,24412.865969
681.598182,1000,24419.258909
68.382993,211,24420.641592
772.311276,1000,24441.262453
49.325562,1000,24447.743273
532.217641,1000,24467.482255
-179.52914,1000,24473.908955
721.034081,1000,24495.167046
-852.946817,1000,24501.628886
445.484422,1000,24520.024675
90.752549,387,24522.491992
752.521029,1000,24528.924919
474.584389,1000,24545.846072
274.202558,1000,24552.263022
420.944299,1000,24569.481555
-86.409085,379,24571.86156
35.658419,138,24572.891326
118.759466,398,24575.450784
290.343099,597,24592.490786
395.340115,1000,24598.955092
84.381381,311,24600.964455
794.756644,1000,24620.479671
288.633017,584,24624.238943
90.360008,246,24625.842974
130.707965,320,24627.913451
920.432322,1000,24648.220266
109.105463,186,24649.422871
-73.20791,342,24651.596338
700.426351,1000,24658.006726
48.897032,253,24674.35045
-47.878383,65,24674.763227
638.218224,1000,24681.170966
166.957531,442,24683.996254
-39.533727,138,24684.868273
514.268583,1000,24706.171222
758.099249,1000,24712.566106
1112.649419,1000,24731.572759
701.269338,1000,24738.020014
503.848533,1000,24760.779657
105.515391,305,24762.725073
234.114084,1000,24769.148256
586.271802,1000,24790.334041
188.405902,285,24792.118178
655.895199,1000,24812.703966
610.502555,1000,24819.040248
522.0364,1000,24839.872064
1073.425442,1000,24846.41829
274.493239,1000,24868.216965
28.158122,169,24869.333082
-69.288863,82,24869.853231
720.428723,1000,24876.397695
365.97029,1000,24896.056906
384.341061,1000,24902.588541
218.711587,1000,24923.062924
64.276386,386,24925.554208
686.937736,1000,24931.914093
686.142694,1000,24954.118642
379.067915,1000,24960.501783
886.481478,1000,24983.78379
659.496378,1000,24990.195863
270.123116,581,25008.922543
471.25867,1000,25015.284397
-94.355358,66,25015.70778
7.33406,1000,25034.627105
-65.746881,1000,25041.026218
153.484491,719,25045.561262
472.532588,1000,25067.580615
528.131218,1000,25074.008101
695.441091,1000,25093.653364
1.733868,125,25094.434891
212.018306,1000,25100.755557
818.493661,1000,25121.955059
706.754954,1000,25128.329738
495.728705,1000,25150.717933
565.03825,1000,25157.029392
537.466094,1000,25177.099908
491.176479,1000,25183.580168
894.232199,1000,25205.436083
635.046064,1000,25211.779802
1220.78585,1000,25232.647682
618.580743,1000,25239.075402
537.260138,1000,25259.722822
494.297752,1000,25266.182534
645.210567,1000,25285.786414
548.430544,1000,25292.259772
374.114467,1000,25312.569213
239.224077,424,25315.275311
581.918967,1000,25321.675638
-534.753447,1000,25340.941852
523.061017,1000,25347.296818
95.187982,151,25348.288837
567.736339,1000,25369.621809
116.228493,269,25371.363239
711.764015,1000,25392.888523
276.424365,1000,25399.295463
223.969454,416,25401.924539
873.35363,1000,25422.491902
773.669106,1000,25428.85163
654.929226,1000,25449.75832
-168.681825,1000,25456.202723
502.409155,1000,25476.121096
673.579659,1000,25482.508687
93.597236,193,25483.73343
44.256731,1000,25505.141213
849.075672,1000,25511.538853
855.871505,1000,25531.380946
453.971592,1000,25537.858131
1046.218444,1000,25558.799312
98.414774,469,25561.767468
179.120054,299,25563.78617
873.578374,1000,25583.42426
883.888012,1000,25589.728117
-25.592044,162,25590.816932
-8.198335,292,25592.764508
180.39015,370,25595.144417
734.788872,1000,25612.340032
-117.657765,112,25613.083473
722.385356,1000,25619.42285
79.238504,132,25632.152612
54.529541,172,25633.266472
-136.944327,1000,25639.667399
1043.234232,1000,25661.139795
110.548048,227,25662.596444
553.411083,973,25668.856545
300.012872,475,25671.907513
658.845798,1000,25691.189827
519.130909,1000,25697.551864
832.570934,1000,25717.67518
602.207033,1000,25724.178684
481.712389,1000,25744.937253
83.998761,153,25745.941513
32.925054,81,25746.450287
58.140818,150,25747.412314
71.636274,366,25749.799368
165.419919,441,25752.599151
602.098306,1000,25773.924491
473.281833,1000,25780.279088
432.492503,1000,25801.040874
89.332438,343,25803.32254
555.037243,1000,25820.746111
898.984456,1000,25827.147959
622.672705,1000,25849.664783
294.324517,1000,25856.039791
-86.916574,1000,25877.050261
637.467943,1000,25883.484349
668.720247,1000,25902.983347
606.004838,1000,25909.36032
511.089735,1000,25915.769596
-35.963432,340,25931.317142
716.120238,1000,25937.772604
-101.026241,195,25939.018885
356.614559,1000,25960.287359
-49.850047,691,25964.648647
67.681575,272,25966.429002
-38.322591,1000,25987.416447
771.919447,1000,25993.844649
161.612421,364,25996.186731
37.421226,150,25997.146235
-160.926454,1000,26016.217418
821.652387,1000,26022.571376
891.446696,1000,26041.791944
20.298162,244,26043.436724
1023.553771,1000,26049.756494
-58.600304,867,26068.784007
-46.29371,142,26069.678415
746.900913,1000,26076.161712
681.686885,1000,26093.709094
767.986172,1000,26100.044511
757.774974,1000,26119.508667
484.355464,1000,26125.887119
455.013019,1000,26145.080392
517.438277,1000,26151.374069
989.188981,1000,26171.679701
26.83151,241,26173.268635
902.080716,1000,26179.677353
689.053691,1000,26201.589735
410.308097,1000,26208.012459
850.904323,1000,26229.725003
698.407288,1000,26236.184294
892.7946,1000,26258.794357
-76.806893,112,26259.502986
722.511771,1000,26265.920231
995.786299,1000,26286.895454
660.896918,1000,26293.244597
15.495107,249,26311.35658
398.672074,1000,26317.862594
491.762198,1000,26337.469564
27.154561,131,26338.313105
647.141715,1000,26344.828806
354.994028,1000,26365.850568
915.566755,1000,26372.191205
-53.079471,237,26373.806617
881.258899,1000,26394.193367
603.241348,1000,26400.624656
2.471264,218,26402.023674
974.838273,1000,26421.432562
572.603977,1000,26427.857204
485.53583,1000,26450.263472
-46.928375,349,26452.510077
885.779201,1000,26458.831892
812.732451,1000,26479.290542
-174.113454,1000,26485.744405
669.242027,1000,26506.689971
121.617212,302,26508.668508
585.566429,1000,26530.603023
687.851276,1000,26537.041363
984.544039,1000,26543.43875
393.596788,614,26562.709611
822.841297,1000,26569.068944
1041.141687,1000,26587.977916
901.202809,1000,26594.385225
665.265209,1000,26615.945118
406.23189,1000,26622.352363
-103.644555,1000,26643.221616
757.282167,1000,26649.567159
1046.859877,1000,26669.688468
207.470951,1000,26676.08582
142.9511,367,26678.421843
-250.434915,1000,26698.13675
386.964316,736,26702.869857
68.197896,212,26704.227426
-578.283312,1000,26726.1868
805.078984,1000,26732.616116
431.59402,1000,26752.843017
517.297384,1000,26759.221683
65.705792,266,26760.884489
859.866746,1000,26781.414455
604.714468,1000,26787.807827
419.098436,1000,26808.115209
69.710324,187,26809.314178
906.610967,1000,26815.660963
931.896008,1000,26836.714167
888.346405,1000,26843.067471
471.488406,1000,26863.327725
55.334211,162,26864.368194
527.695612,1000,26870.749067
-14.919037,129,26884.318138
7.602092,1000,26890.673232
76.798746,174,26891.803658
-87.899603,158,26892.781516
861.706223,1000,26913.045459
525.563228,1000,26919.419386
-152.509133,1000,26939.020212
1032.538481,1000,26945.538531
643.103696,1000,26965.763423
854.764899,1000,26972.176768
440.047705,1000,26992.699265
113.697295,323,26994.775584
764.550893,1000,27001.021905
439.507245,1000,27021.56272
186.786105,303,27023.490247
375.154193,1000,27029.806314
688.730649,1000,27049.094508
-65.747347,272,27050.823689
708.05901,1000,27057.153563
696.273124,1000,27077.4002
583.647542,1000,27083.795394
931.555263,1000,27104.323537
28.651532,294,27106.182387
442.267766,1000,27125.011068
635.619839,1000,27131.399344
631.076324,1000,27153.53925
466.074169,1000,27159.990932
131.263904,235,27161.449678
755.787015,1000,27182.446857
797.489615,1000,27188.928235
571.210614,1000,27208.867496
-162.274002,880,27214.607148
838.46115,1000,27232.441157
709.632694,1000,27238.792739
-43.519729,152,27239.789811
72.521539,179,27240.886872
885.434524,1000,27261.31569
671.365282,1000,27267.707334
638.985451,1000,27287.68117
456.696446,1000,27294.082851
596.098396,1000,27316.863176
415.756986,1000,27323.186871
59.318794,146,27324.150651
563.768328,1000,27345.773293
896.004834,1000,27352.202317
699.138668,1000,27372.59498
57.184032,148,27373.577607
500.459643,1000,27379.991035
750.428493,1000,27401.799182
400.379101,669,27406.069736
32.289634,1000,27426.140073
820.810133,1000,27432.498566
626.114643,1000,27438.793076
838.750604,1000,27459.297561
42.63692,93,27459.87179
792.790019,1000,27480.330718
763.738254,1000,27486.787153
412.335933,1000,27493.111452
32.268489,1000,27514.015195
2.844853,133,27514.843723
16.09702,296,27516.746016
10.160913,339,27518.913647
135.293771,1000,27537.123894
679.775828,1000,27543.617835
636.616853,1000,27563.644401
341.084015,604,27567.432811
63.54838,155,27568.436994
503.779349,1000,27589.07396
83.424707,319,27591.115986
934.048569,1000,27597.519587
-384.497319,1000,27616.007239
528.796575,1000,27622.445622
745.814992,1000,27641.229882
-4.10874,153,27642.207489
396.651945,1000,27648.594579
775.651992,1000,27667.991965
979.924201,1000,27674.386156
657.712753,1000,27695.455635
500.150184,1000,27701.746783
866.844513,1000,27723.255069
189.46644,1000,27729.577792
596.691331,1000,27748.975254
-37.562518,231,27750.474993
489.157024,1000,27756.897015
653.619173,1000,27779.094834
18.744381,220,27780.475574
34.240964,271,27782.255653
854.536952,1000,27802.539672
679.67223,1000,27808.873854
-72.270327,1000,27829.205225
1080.984245,1000,27835.643845
1061.609827,1000,27855.987213
60.240365,197,27857.25204
211.437449,419,27859.924982
661.903555,1000,27866.337507
898.516644,1000,27886.614495
290.607962,816,27891.783202
110.589102,325,27893.880737
186.126633,312,27909.163736
434.081665,1000,27915.507171
136.695248,247,27917.092276
522.360231,1000,27936.834693
596.320961,1000,27943.253012
178.208505,365,27945.598443
434.988026,1000,27967.991179
868.823097,1000,27974.380181
820.163885,1000,27996.046387
793.577066,1000,28002.402062
62.673847,1000,28021.49283
1030.494198,1000,28027.929261
384.062873,1000,28047.861363
586.916224,1000,28054.310184
394.31552,1000,28075.225692
670.558465,1000,28081.540557
259.968231,1000,28102.88778
721.024544,1000,28109.222065
290.774968,1000,28131.566127
581.291227,1000,28137.937344
506.778853,1000,28157.060494
-108.079368,449,28159.946477
30.330194,173,28161.067797
574.805553,1000,28167.418882
858.28793,1000,28188.531247
23.307062,142,28189.424234
832.481067,1000,28195.753735
825.121769,1000,28215.698488
542.233625,1000,28222.025116
1046.351303,1000,28241.047946
636.945113,1000,28247.388482
613.304871,1000,28268.302352
-270.787433,656,28272.458024
868.724826,1000,28292.780389
-657.151765,1000,28299.255967
52.735288,111,28299.938297
701.757264,1000,28321.517542
-21.037748,112,28322.256476
97.882309,295,28324.222624
905.540517,1000,28330.604603
-455.187757,1000,28350.929437
526.814993,1000,28357.338125
858.757441,1000,28376.90188
4.971964,132,28377.718625
-113.704122,155,28378.67709
950.120415,1000,28399.210736
883.881171,1000,28405.605478
529.987843,1000,28412.00517
95.024187,253,28428.372122
1152.478139,1000,28434.753675
680.563258,1000,28455.856144
231.342837,690,28460.290551
815.845537,1000,28466.652816
94.373295,158,28467.63446
447.779469,1000,28487.605759
590.758318,1000,28493.899627
509.331623,1000,28515.231546
714.077121,1000,28521.619293
13.260851,271,28535.324566
-167.92011,431,28538.095098
740.415067,1000,28544.404261
-299.053421,544,28563.32675
782.00125,1000,28569.597396
956.832472,1000,28589.214433
87.630218,179,28590.384447
126.56146,212,28591.767228
745.138776,1000,28598.209509
486.493267,1000,28619.430167
206.132781,1000,28625.978395
753.649122,1000,28646.855347
283.961953,746,28651.553287
435.190026,1000,28672.686725
329.714972,1000,28679.151993
-2.19728,161,28680.155592
613.082298,1000,28696.33028
484.115961,1000,28702.740235
-70.768873,177,28703.868987
966.606445,1000,28725.228762
413.130049,1000,28731.642982
60.26484,129,28732.470804
947.593706,1000,28752.111841
803.667902,1000,28758.512774
719.356825,1000,28780.027891
641.618873,1000,28786.42083
-39.145274,142,28787.313771
85.38665,147,28788.23062
148.051015,322,28790.302778
903.293571,1000,28808.958544
542.043516,1000,28815.394208
759.451356,1000,28836.132196
635.838175,1000,28842.494666
624.621081,1000,28862.367318
1199.19536,1000,28868.851291
634.967985,1000,28888.843097
850.739473,1000,28895.252092
705.079551,1000,28915.475212
29.274676,127,28916.287617
402.214214,1000,28922.727928
22.909776,1000,28943.359087
32.876071,179,28944.490079
441.094317,1000,28950.845217
528.135041,1000,28973.185154
1099.518326,1000,28979.56742
44.612979,134,28980.414437
44.706828,211,28994.947354
67.715318,184,28996.138331
61.111038,441,28998.983336
-60.305196,197,29000.236561
89.263283,210,29001.547557
503.790738,1000,29022.427072
88.447002,442,29025.224497
14.851574,621,29029.207372
460.587594,1000,29050.917736
625.515623,1000,29057.327678
978.247206,1000,29078.00526
51.400245,152,29078.95646
663.442957,1000,29085.333815
-53.238381,383,29087.749356
65.173063,189,29088.935875
300.405254,1000,29108.732718
575.451428,1000,29115.135475
533.754489,1000,29135.505256
654.080621,1000,29141.819374
664.453683,1000,29161.687975
571.816127,1000,29168.169918
-62.112391,1000,29187.065266
838.875003,1000,29193.550246
40.506909,1000,29215.758806
153.636544,570,29219.380701
582.924187,1000,29239.744087
870.993221,1000,29246.107941
206.367306,575,29249.782678
389.943765,1000,29269.792039
-78.733938,1000,29276.153899
119.311138,1000,29298.396472
81.347278,214,29299.783566
467.669942,1000,29306.117584
549.534906,1000,29328.2009
847.995994,1000,29334.485971
694.374445,1000,29356.412375
622.427502,1000,29362.785411
984.548987,1000,29382.150226
221.243454,427,29384.877217
733.632836,1000,29403.828502
981.760413,1000,29410.166413
576.795233,1000,29429.799775
902.882912,1000,29436.220722
346.550108,1000,29442.530893
205.884264,1000,29464.475887
355.037339,1000,29470.760179
557.666359,1000,29491.935122
439.906107,1000,29498.359462
693.699446,1000,29521.354313
487.058148,1000,29527.841372
125.053276,218,29542.54698
1116.349422,1000,29548.953609
23.330089,294,29550.774752
12.287362,297,29552.67183
858.245285,1000,29573.664832
625.625499,1000,29579.948749
496.832184,1000,29601.431562
356.506784,1000,29607.791523
117.232606,249,29609.364684
699.033987,1000,29631.165534
612.543884,1000,29637.480069
659.557395,1000,29657.492233
633.874617,1000,29663.876388
44.760011,222,29665.261214
809.347904,1000,29686.857026
67.475014,269,29688.543562
1028.981112,1000,29709.060277
290.593201,1000,29715.383545
-273.974046,358,29717.621914
420.878624,1000,29739.247365
28.82906,314,29741.257895
788.825405,1000,29747.584369
511.73229,1000,29769.929421
135.976667,265,29771.614455
666.640751,1000,29777.968727
815.729691,1000,29799.082853
941.996866,1000,29805.427927
35.330524,1000,29825.706578
1186.448432,1000,29832.044085
857.932582,1000,29852.188525
86.2221,1000,29858.5973
85.053136,260,29860.235289
1116.405252,1000,29882.706689
974.851365,1000,29889.132664
886.881906,1000,29910.592237
804.615563,1000,29916.977484
225.943622,505,29934.724924
919.276856,1000,29941.075602
967.074322,1000,29962.750611
488.956859,1000,29969.103354
355.274317,1000,29991.388042
-35.480144,103,29992.063412
547.597727,1000,29998.450321
556.390411,1000,30020.55509
-554.82816,1000,30026.934279
944.264063,1000,30048.204233
716.72294,1000,30054.560927
69.789932,204,30055.841069
90.195977,242,30057.371277
114.011646,1000,30078.531193
333.504522,1000,30084.916035
647.516365,1000,30106.090933
26.468431,1000,30112.498885
527.348672,1000,30134.895802
433.23912,1000,30141.267485
320.336818,1000,30162.205037
759.279334,1000,30168.532919
116.442582,488,30186.523296
770.356831,1000,30192.875963
467.374892,1000,30199.230437
565.989712,1000,30220.003714
39.310497,1000,30226.330422
23.690602,280,30243.886685
239.916824,382,30246.316227
646.345383,1000,30252.670482
754.350449,1000,30273.211627
1001.910237,1000,30279.644073
686.586959,1000,30299.266484
913.831792,1000,30305.707741
738.75059,1000,30325.155723
839.024641,1000,30331.557169
437.579179,1000,30351.073539
1073.328112,1000,30357.44231
49.446437,215,30358.813958
37.994838,255,30360.409528
1103.056451,1000,30381.181141
596.007883,1000,30387.517308
185.263823,1000,30409.419932
201.499124,1000,30415.832317
43.965684,413,30434.941805
-84.787358,222,30436.367738
100.462179,1000,30442.737502
31.840972,1000,30464.366375
554.823536,1000,30470.66889
-185.689703,153,30471.626992
92.241287,498,30474.800821
575.695059,1000,30495.490425
52.931096,231,30496.931305
821.19438,1000,30518.247897
558.681644,1000,30524.6089
-706.761796,1000,30546.335675
378.963975,1000,30552.740505
119.507115,482,30555.752967
-10.446069,264,30557.408116
-29.359399,116,30558.146797
-79.198644,131,30558.984937
831.346432,1000,30579.553909
881.325173,1000,30585.887575
654.011389,1000,30606.986901
83.620116,692,30611.396571
-35.36816,256,30613.024781
293.873173,1000,30635.283659
719.618834,1000,30641.672616
1099.574111,1000,30661.140566
-19.346461,194,30662.388608
404.180872,1000,30668.808371
-10.437836,1000,30688.196189
990.556794,1000,30694.715565
299.862429,454,30711.539573
109.681111,1000,30717.899994
389.794575,1000,30739.868663
537.243192,1000,30746.245892
1011.039518,1000,30768.645747
155.803015,287,30770.521328
100.302679,216,30771.88203
840.502125,1000,30778.327513
145.493713,1000,30799.102146
1157.56292,1000,30805.491184
361.117415,1000,30827.159149
118.98497,249,30828.750292
69.219926,323,30830.798747
929.094521,1000,30851.621807
324.778425,1000,30858.025108
371.746228,1000,30880.083792
39.781436,311,30882.073563
875.572373,1000,30888.472285
721.322198,1000,30910.551152
36.894296,181,30911.677839
553.681866,1000,30918.030463
-122.899371,264,30919.691041
1308.091095,1000,30940.958481
655.467145,1000,30947.25198
231.490416,512,30966.179328
567.625497,1000,30972.590371
713.267487,1000,30992.996531
101.716393,276,30994.797562
336.244574,1000,31001.159267
12.571046,196,31002.402139
-47.244966,327,31004.475666
603.825942,1000,31026.402222
970.099025,1000,31032.778996
789.060894,1000,31054.146914
-199.314725,1000,31060.435169
615.095058,1000,31080.274297
474.792616,1000,31086.684151
515.577798,1000,31108.698152
653.752127,1000,31115.206609
526.962364,1000,31135.889807
480.1273,1000,31142.292645
61.357591,1000,31162.828646
361.104054,722,31167.370015
84.784309,325,31169.434372
648.344998,1000,31190.985324
-48.341904,1000,31197.354131
31.966711,221,31198.785167
576.091306,1000,31219.838659
735.728042,1000,31226.294121
22.406127,1000,31247.091224
329.569038,1000,31253.432623
690.670652,1000,31273.970758
-298.447966,1000,31280.310618
907.001008,1000,31300.825223
698.993626,1000,31307.257644
24.327044,224,31308.654626
882.609589,1000,31329.239419
332.237418,1000,31335.545113
395.125315,1000,31353.884045
1135.482065,1000,31360.245966
1092.620053,1000,31381.390366
-227.563031,1000,31387.841865
750.961373,1000,31409.858509
-105.236915,396,31412.363965
59.716666,751,31417.175803
-463.832262,1000,31436.847152
-94.82489,148,31437.782915
739.952158,1000,31444.273575
300.275012,1000,31466.85138
504.501721,1000,31473.242669
409.892605,1000,31496.00329
420.122829,1000,31502.445919
715.515032,1000,31524.437843
814.98321,1000,31530.843967
975.504449,1000,31551.93297
1015.035631,1000,31558.343544
107.097337,189,31559.533163
537.544042,1000,31582.0658
543.049628,1000,31588.369814
71.015095,280,31604.394431
6.070887,154,31605.381068
13.797624,292,31607.281141
530.407976,983,31613.587853
724.006123,1000,31635.407669
1166.412833,1000,31641.756775
753.921103,1000,31664.260995
-128.838439,808,31669.351871
1075.623024,1000,31691.150458
99.57912,205,31692.42645
250.807959,491,31695.538948
700.656497,1000,31701.881364
528.196421,1000,31722.900387
674.591011,1000,31729.276947
474.814329,1000,31750.194808
731.050858,1000,31756.541501
90.423978,220,31770.565241
833.893985,1000,31776.979686
556.624993,1000,31797.168267
45.868382,158,31798.161037
1006.338615,1000,31804.608852
618.743749,1000,31824.78441
-76.829861,241,31826.346602
-61.945143,415,31829.030637
107.788642,252,31830.625668
43.235614,221,31832.019428
846.677639,1000,31852.379251
89.445287,204,31853.67875
217.414334,1000,31860.055196
843.979874,1000,31880.076754
-134.546782,114,31880.79865
825.167018,1000,31887.184471
772.710424,1000,31906.472813
495.025969,1000,31912.844858
620.304307,1000,31932.265857
-324.432607,1000,31938.645347
651.886726,1000,31959.696516
54.294564,133,31960.529658
915.138649,1000,31966.82611
133.716343,1000,31987.866984
610.459521,1000,31994.200832
-412.592001,977,32013.393308
1217.744437,1000,32019.801428
421.643943,1000,32040.125367
803.041056,1000,32046.622518
52.863636,196,32047.85373
473.44476,660,32066.649752
929.541195,1000,32073.066037
-195.083183,1000,32093.178231
388.217303,1000,32099.577852
332.973573,1000,32120.534484
765.85678,1000,32126.880301
911.522525,1000,32133.307155
590.160011,1000,32154.627486
712.202375,1000,32160.920603
290.68214,1000,32182.992363
63.578394,1000,32189.281515
778.970471,1000,32210.848568
460.685733,1000,32217.256528
827.266276,1000,32239.253307
776.956373,1000,32245.622351
148.181316,441,32262.925494
755.427752,1000,32269.251933
677.096742,1000,32290.566076
926.25815,1000,32296.960685
310.227632,1000,32319.194532
983.808872,1000,32325.525216
-13.728791,131,32326.361344
715.757544,1000,32345.847539
81.791224,271,32347.566888
540.225725,1000,32353.83771
314.540311,1000,32374.320893
-139.024632,562,32377.904463
595.268324,1000,32384.319628
405.778217,1000,32404.386914
1015.217114,1000,32410.788236
480.119988,943,32432.411847
779.498513,1000,32438.840362
880.240585,1000,32459.918984
636.951009,1000,32466.312798
367.118015,1000,32484.878648
901.498966,1000,32491.251267
-26.254615,1000,32511.599468
722.973389,1000,32517.98412
-101.898959,170,32519.082251
669.485962,1000,32538.744246
801.593968,1000,32545.152755
1076.538497,1000,32564.305638
462.795539,1000,32570.723502
532.108161,1000,32590.724698
733.7947,1000,32597.025875
851.106095,1000,32616.359725
1172.468208,1000,32622.73436
556.133345,1000,32642.194025
110.892768,334,32644.418275
329.072994,1000,32650.752131
423.100073,1000,32670.367039
-477.708423,1000,32676.771976
-50.463889,110,32677.477011
-536.111854,1000,32698.95963
558.640432,1000,32705.350973
609.222313,1000,32723.399757
1100.122119,1000,32729.686502
839.908015,1000,32750.060928
662.394054,1000,32756.424024
146.552676,332,32773.339539
539.719276,1000,32779.737487
763.053375,1000,32801.196881
813.119397,1000,32807.552571
-15.378449,234,32809.0064
807.8906,1000,32828.427982
591.031746,1000,32834.826029
600.127585,1000,32853.715033
542.461743,1000,32860.211982
170.800255,1000,32881.602305
677.368799,1000,32888.06524
447.285796,1000,32908.69235
529.313382,1000,32915.168511
499.283307,1000,32937.516653
376.479666,803,32942.633715
911.487898,1000,32949.080572
745.640616,1000,32968.936971
404.051404,1000,32975.346606
22.89415,227,32991.985419
176.43077,568,32995.58794
878.135548,1000,33001.956773
474.398625,935,33022.597305
417.439831,1000,33028.944946
528.412336,1000,33049.864485
140.678082,428,33052.626235
696.680092,1000,33058.948842
754.701997,1000,33079.161916
331.595317,1000,33085.56016
597.151567,1000,33106.346425
700.270991,1000,33112.681803
-130.530411,1000,33130.072072
-109.421662,1000,33136.373549
491.686401,1000,33156.36519
-32.610292,1000,33162.737936
870.502485,1000,33181.315452
-115.46363,1000,33187.779138
62.058904,444,33203.439643
417.999405,1000,33209.808391
756.239883,1000,33216.232289
501.036457,1000,33235.991722
98.41318,243,33237.563392
120.468897,1000,33259.094109
566.21488,1000,33265.452763
-182.61166,300,33267.329213
493.983657,1000,33287.689038
414.693081,1000,33294.092433
161.70822,408,33296.710981
1097.116194,1000,33316.521174
1000.463958,1000,33322.882782
851.644108,1000,33344.789133
220.244425,1000,33351.173011
701.308701,1000,33372.478919
632.694358,1000,33378.854109
-187.753759,1000,33399.238303
664.116941,1000,33405.623093
-19.339853,139,33406.498578
296.916598,1000,33428.436255
197.957937,491,33431.531498
318.72183,1000,33451.705758
431.809258,1000,33458.123557
1228.029541,1000,33479.328607
29.533129,130,33480.167998
363.879763,1000,33486.635509
714.771787,1000,33508.601461
-74.818764,1000,33514.942043
-11.175254,1000,33534.190486
399.642361,1000,33540.581779
815.856857,1000,33561.789311
800.705202,1000,33568.131907
-64.365962,238,33569.675107
977.474631,1000,33592.068932
682.794979,1000,33598.476725
83.139747,153,33599.42586
380.21125,1000,33620.305749
-84.147388,359,33622.555417
104.091484,292,33624.429242
128.204222,255,33626.063907
845.561988,1000,33647.27229
640.199801,1000,33653.698481
900.768847,1000,33676.110567
585.923826,1000,33682.48074
-46.387152,172,33683.527229
1014.210447,1000,33705.956201
454.798482,1000,33712.283986
538.857319,1000,33733.463349
1044.380275,1000,33739.817396
919.10056,1000,33759.090748
14.244411,302,33761.032992
938.080678,1000,33767.351655
590.792006,1000,33789.323993
598.341455,1000,33795.634904
768.353517,1000,33817.534965
960.625537,1000,33823.872348
80.274949,296,33825.774811
987.461368,1000,33847.254138
716.308781,1000,33853.621379
870.407601,1000,33874.424211
-75.461769,190,33875.626478
256.88057,1000,33881.973103
-109.419465,172,33883.077003
867.562234,1000,33904.018308
191.710181,526,33907.403716
444.442411,1000,33928.193959
-12.894195,172,33929.295955
646.360002,1000,33935.756983
54.26617,135,33936.595066
61.082583,585,33955.154576
480.150728,1000,33961.543927
850.858713,1000,33981.035022
532.17623,1000,33987.354745
707.445545,1000,34009.670166
745.204635,1000,34016.039972
-204.541036,663,34020.232168
303.744361,909,34041.575755
898.126626,1000,34047.918375
642.656261,1000,34067.462525
-44.289195,400,34069.991495
547.652632,1000,34091.45324
1054.583007,1000,34097.774567
245.001504,1000,34104.227144
938.186874,1000,34125.504978
-16.189948,123,34126.283386
930.98067,1000,34148.661059
713.220266,1000,34154.967907
643.164053,1000,34161.190377
1101.945835,1000,34182.947126
699.641268,1000,34189.286975
603.137908,1000,34210.548715
681.891356,1000,34216.863055
106.304991,407,34234.877479
572.796013,1000,34241.202301
965.646535,1000,34262.873081
44.276,142,34263.754054
634.504566,1000,34270.207653
706.199552,1000,34290.735485
-86.398672,295,34292.562948
846.134175,1000,34298.889329
1074.724826,1000,34320.122651
842.868467,1000,34326.556488
688.930381,1000,34347.326769
426.220527,1000,34353.685949
-89.547472,1000,34374.482726
482.839335,1000,34380.820155
888.452888,1000,34401.160328
656.152966,1000,34407.415466
895.191352,1000,34429.459011
-9.444408,216,34430.806852
210.24936,1000,34437.155433
394.136196,1000,34459.283646
418.160876,1000,34465.590463
77.544394,1000,34487.909167
72.858725,180,34489.066162
878.315162,1000,34495.45299
886.402965,1000,34518.394929
674.211032,1000,34524.779326
898.779091,1000,34545.253674
125.56159,341,34547.387858
1003.565851,1000,34553.729552
-11.288058,87,34554.258171
837.901182,1000,34573.59522
864.929041,1000,34579.919868
598.409663,1000,34599.558633
343.533776,1000,34605.936419
135.854157,231,34623.131975
736.878735,1000,34629.586108
985.511826,1000,34650.459476
127.418208,400,34653.030787
1024.681732,1000,34659.441612
57.172128,162,34660.461099
938.689022,1000,34683.068433
597.361995,1000,34689.469115
270.935361,1000,34708.893928
676.145088,1000,34715.367321
86.991192,269,34717.035781
700.795083,1000,34738.370959
760.797545,1000,34744.816104
386.645033,1000,34763.41058
571.035066,1000,34769.756045
193.885903,412,34786.624326
708.610734,1000,34793.005201
579.623138,1000,34814.451572
311.426423,1000,34820.838328
785.465681,1000,34827.119581
911.184415,1000,34848.668334
871.501895,1000,34855.070924
456.859091,1000,34875.550231
727.654465,1000,34881.928618
772.753294,1000,34902.134796
779.01586,1000,34908.539609
401.43566,1000,34928.654675
795.685922,1000,34935.010028
457.496747,1000,34956.360222
614.448389,1000,34962.728612
81.585676,191,34963.947634
210.922567,1000,34984.920202
911.723069,1000,34991.247221
125.778396,247,35005.509269
83.8304,184,35006.682098
515.116293,1000,35013.036186
766.527542,1000,35034.061919
989.828746,1000,35040.373294
530.2883,1000,35060.974813
815.26612,1000,35067.324091
469.67294,1000,35088.373855
723.074637,1000,35094.750801
35.868547,124,35095.55232
88.990716,186,35096.731583
603.210719,1000,35115.983393
66.795326,192,35117.21864
798.662018,1000,35123.594201
817.613858,1000,35144.603158
541.740518,1000,35150.976025
699.557917,1000,35170.397479
856.568814,1000,35176.80497
709.955153,1000,35198.934074
988.419941,1000,35205.274141
692.739816,1000,35227.317115
332.915745,1000,35233.65554
299.822767,1000,35255.888143
485.865136,1000,35262.162169
186.25979,250,35263.744109
614.445508,1000,35283.290737
608.204618,1000,35289.771449
1029.10989,1000,35311.692864
421.413086,1000,35318.218127
348.188002,1000,35339.170012
939.167814,1000,35345.705969
881.787444,1000,35365.919577
98.302249,196,35367.155493
72.650065,201,35368.423496
829.929254,1000,35374.852294
-31.647096,235,35389.979027
725.177164,1000,35396.355621
822.260005,1000,35402.609157
414.0073,1000,35421.806677
131.443603,188,35422.978629
198.483369,326,35425.00551
260.495839,1000,35445.458642
788.244877,1000,35451.727084
34.593662,235,35453.230379
713.902798,1000,35473.726635
746.499328,1000,35480.093085
676.073845,1000,35500.580441
527.420294,1000,35506.868532
775.661904,1000,35528.371588
780.229016,1000,35534.718037
611.00206,1000,35556.033082
744.151651,1000,35562.384137
-87.644301,213,35563.707963
838.53758,1000,35583.99333
514.966431,1000,35590.339459
440.239987,1000,35611.217639
601.535085,1000,35617.656062
890.533196,1000,35637.520592
-13.445608,179,35638.644672
141.747057,1000,35645.119115
649.211771,1000,35666.200895
-73.751026,257,35667.81484
699.676822,1000,35674.156115
886.015612,1000,35694.235328
956.037323,1000,35700.532216
519.127803,1000,35721.154926
680.725883,1000,35727.466406
-28.870584,263,35744.393464
815.613219,1000,35750.727559
57.78108,188,35751.909583
1010.159557,1000,35773.598156
603.826299,1000,35779.897845
522.377022,1000,35801.079536
699.873456,1000,35807.437669
492.315632,1000,35828.15373
871.275868,1000,35834.509405
752.393912,1000,35853.735004
696.417105,1000,35860.131236
603.743851,1000,35880.400308
519.035173,1000,35886.838337
548.718743,1000,35893.124144
40.813388,175,35908.548321
61.025109,161,35909.5589
628.024086,1000,35916.024981
-207.900983,1000,35936.42931
-101.818864,190,35937.634319
497.273626,720,35942.229938
884.78568,1000,35962.841446
13.599599,1000,35969.226828
422.165998,1000,35991.741101
449.275585,1000,35998.026629
276.418457,467,36001.023556
958.443071,1000,36022.386127
526.644996,1000,36028.624293
46.005983,281,36030.391226
854.649037,1000,36048.587877
838.149599,1000,36054.939569
635.930682,1000,36074.142035
813.280877,1000,36080.50617
434.05987,1000,36102.554494
774.963853,1000,36108.902536
240.590354,1000,36130.058464
748.812124,1000,36136.414712
461.963911,1000,36157.758207
678.257565,1000,36164.064724
647.367203,1000,36185.853652
641.589223,1000,36192.104823
111.741738,354,36194.277054
94.801144,1000,36214.902594
-34.272706,1000,36221.148211
892.255059,1000,36240.375488
258.622583,1000,36246.835027
852.194612,1000,36267.596977
764.297723,1000,36273.941194
807.448412,1000,36295.723806
527.071397,1000,36302.038034
187.748697,459,36318.155938
148.080693,641,36322.219012
547.872047,1000,36328.613303
367.940563,1000,36348.589925
897.821696,1000,36354.911875
566.051707,1000,36377.316804
429.798649,717,36381.833647
70.417119,1000,36403.114148
-107.11532,1000,36409.46372
683.056284,1000,36429.454483
960.632792,1000,36435.866684
29.311525,272,36437.572492
481.423479,984,36459.442414
731.988872,1000,36465.738044
829.166642,1000,36486.756426
953.921979,1000,36493.074328
930.519077,1000,36515.994875
531.087432,1000,36522.300655
570.330876,1000,36542.98249
534.815058,1000,36549.382493
-312.383118,491,36552.415754
-94.971231,194,36553.644196
905.496381,1000,36574.338429
333.996858,1000,36580.756413
29.230545,360,36598.410632
298.687223,1000,36604.880766
855.897834,1000,36626.246261
745.265281,1000,36632.585105
145.752202,1000,36654.122741
134.058487,245,36655.676881
864.634785,1000,36662.031217
955.76593,1000,36684.484907
375.03685,1000,36690.800807
