#{"t_start": 1785403730.7012053, "env_id": "Go2Locomotion-v0"}
r,l,t
-109.93987,544,18.82194
-29.554755,294,20.610735
12.24802,91,21.166102
-43.169398,97,21.80632
-16.009579,95,22.37374
1.267429,58,22.75209
6.841776,114,23.460824
-62.559399,59,23.831414
-4.242795,66,24.233845
0.237794,56,24.575747
1.174282,59,24.906499
9.55773,66,25.312827
14.15983,49,25.629344
-6.119686,57,25.998518
-75.299722,93,26.638835
-18.597773,65,27.075052
-6.492963,61,27.459464
-5.925009,60,27.792512
1.695828,59,28.133548
-18.076518,46,28.956918
-4.819428,51,29.278744
-18.472119,53,29.606152
-13.733144,48,29.924171
11.823014,74,30.38549
16.704282,89,30.933647
-25.576949,52,31.280829
-8.839846,38,31.491419
12.307907,70,31.96188
-21.47125,44,32.22294
-21.180259,52,32.562064
-12.295244,50,32.884242
-26.898305,58,33.261648
28.773209,80,33.750532
-4.460815,59,34.12224
4.420938,57,34.483631
-12.046729,111,35.176309
9.027937,59,35.515609
5.971513,64,35.89831
8.347498,70,36.367661
2.741046,59,36.701306
14.995213,110,37.382402
1.416379,62,37.754539
2.286491,48,38.061715
-10.842548,68,38.483804
-15.368428,56,38.852039
2.171641,99,39.461809
-7.325389,108,40.149777
-1.17474,70,40.573386
36.196227,164,44.990836
16.80824,83,45.499375
-0.389821,58,45.866478
4.268121,53,46.200586
14.134927,105,46.845212
7.098831,47,47.144796
25.343422,68,47.576151
-6.307846,71,48.003109
13.025893,100,48.625655
19.022763,109,49.319851
24.979427,110,49.963318
2.68253,116,50.676193
8.986573,65,51.046098
28.592656,52,51.351023
26.231599,89,51.872244
-2.318039,53,52.199343
2.716167,56,52.563056
-9.121793,66,52.958364
20.847119,190,54.128153
-27.869492,213,55.465139
-26.613889,71,55.895645
-33.521746,79,56.368515
38.345244,72,56.81595
3.984754,96,57.401261
-2.805284,69,60.940315
-30.954402,75,61.416631
12.760046,221,62.74387
-5.689133,349,64.870527
43.080632,160,65.886087
60.374102,387,68.285845
4.664894,92,68.825038
21.829997,211,70.115644
70.016018,244,71.630152
28.903997,143,72.502691
-14.66307,184,80.345927
57.989664,177,81.423316
32.092766,181,82.516605
-13.504468,61,82.903342
-35.328439,79,83.380929
23.009821,207,84.667558
11.406025,112,85.309777
37.638891,372,87.547197
-24.292842,136,88.353081
-35.295322,173,89.387481
-120.58037,320,91.372818
58.060389,149,92.272805
18.462651,204,99.188434
16.525459,357,101.282312
-1.287591,139,102.094688
61.503119,307,103.878462
40.310429,245,105.360418
16.691555,127,106.156056
35.430756,93,106.66959
79.851824,375,108.885817
16.245,219,117.103451
51.041582,310,118.955683
55.928399,345,120.906833
37.640523,343,122.833836
65.923147,668,126.527967
58.148017,373,137.52054
27.489786,241,138.87373
71.737095,183,139.903562
61.048783,580,143.072093
-79.256753,582,146.125085
35.877484,331,147.871115
1.111504,105,148.388723
-61.109946,414,159.411111
-82.349546,402,161.502888
48.546669,329,163.221611
40.103473,174,164.150867
31.74923,247,165.414683
75.393608,1000,180.534339
98.586485,1000,185.586945
47.82304,701,198.889162
101.115253,1000,203.990457
-28.487873,70,204.347107
2.810774,83,204.769714
96.212197,1000,218.891898
49.51858,452,221.164352
58.595115,909,225.68069
111.567093,1000,237.878845
11.676089,96,238.393644
-4.593437,440,240.739123
98.475516,642,244.104221
82.310948,720,255.424553
-9.632074,226,256.580617
19.408511,352,258.37962
26.883167,715,262.005468
-114.92164,638,274.620377
89.28661,743,278.547637
3.440001,177,279.513911
113.017004,1000,294.720802
-36.657222,52,294.991949
31.544943,778,298.986697
99.171243,1000,304.09534
100.940358,1000,319.061888
35.219908,264,320.497446
80.235997,1000,333.586211
46.630954,323,335.232385
76.439078,922,339.884544
64.645013,453,342.232897
29.48242,161,343.047469
40.920559,401,354.184397
45.748489,204,355.230245
-45.896478,226,356.386146
77.706128,930,361.201043
-37.29828,409,370.967396
29.5583,134,371.668767
39.447544,202,372.735429
108.301255,1000,377.72559
113.357994,949,393.059614
14.705156,106,393.586072
78.297919,1000,398.619751
3.732795,341,400.398907
121.16159,1000,414.516418
105.34941,1000,419.578429
94.315614,1000,434.029276
90.183822,1000,439.147882
47.776731,508,449.839446
80.270766,1000,454.943156
36.760877,179,455.897409
36.607261,330,457.580245
-34.445469,47,457.841803
71.09151,901,470.57182
110.954561,1000,475.464029
108.15859,1000,490.047958
96.235781,1000,495.007154
80.168494,1000,507.326086
109.701043,1000,512.260834
4.191311,136,512.982983
65.709163,832,527.234548
21.675662,169,528.062573
53.581128,602,531.04757
48.435037,589,533.945792
55.600807,1000,549.090851
-45.872714,120,549.715818
93.522791,1000,554.770272
37.591988,327,564.837791
-0.819387,228,565.991359
158.633764,1000,571.222799
19.92167,190,572.252332
108.33358,1000,586.477636
19.737844,112,587.092798
-3.440349,47,587.324936
-57.048997,1000,592.377469
30.894196,146,593.109905
43.425235,314,605.470723
2.328484,81,605.905261
22.904866,253,607.213975
39.68106,231,608.400748
53.715132,330,610.158224
18.561707,361,612.069627
22.081395,100,612.561388
50.964408,481,615.060939
0.097051,84,615.466805
105.51064,1000,630.871124
19.405664,99,631.380123
-3.537113,44,631.635452
95.0226,1000,645.32976
48.238695,305,646.911623
112.58821,1000,652.120852
16.085505,215,653.273018
8.930606,66,653.622295
53.237026,454,655.99468
97.663788,1000,669.423529
1.720087,215,670.51054
-23.754261,172,671.460926
6.10053,185,672.411587
3.25257,114,672.978164
111.570873,1000,687.90624
-15.796327,75,688.29512
-45.735791,249,689.525931
74.736434,1000,694.559704
15.139247,130,703.956945
36.78048,293,705.45074
-0.478133,223,706.599612
60.613321,1000,711.761512
95.665069,1000,724.919501
-6.067295,59,725.211231
22.585897,207,726.30423
-9.761286,94,726.773641
-95.512422,241,728.009314
-3.546299,537,730.801567
56.156192,327,732.477332
-50.086777,124,741.37165
72.15314,270,742.816651
92.560412,1000,748.003726
75.839435,265,749.35426
56.568467,309,750.947669
95.805054,1000,766.072428
104.873252,1000,771.16443
59.464828,279,780.373224
-1.056406,53,780.651623
56.035087,363,782.482561
67.338446,1000,787.419
18.262795,109,787.970894
60.219067,320,789.590483
24.209426,130,799.510182
91.855054,1000,804.639225
28.317369,1000,809.731878
-54.683605,1000,824.391004
43.137074,228,825.557323
26.294728,191,826.540069
48.170801,361,828.411099
91.304521,1000,842.421103
56.716205,523,845.131371
96.012393,1000,858.315099
35.970304,1000,863.651896
50.639088,254,865.094131
106.935613,1000,879.993244
77.706909,1000,885.18514
88.195439,293,886.709318
95.009559,1000,901.945358
66.356165,368,903.959814
123.506928,1000,909.151451
94.842828,1000,924.281405
93.383054,1000,929.552275
95.074226,479,941.420394
23.268513,136,942.128223
-95.234977,574,945.062166
-47.910526,327,946.753774
21.588635,157,947.637003
-47.661804,72,948.029602
79.797874,594,961.53189
88.035783,1000,966.658455
91.934263,1000,977.264959
97.160814,1000,982.312006
107.197337,1000,997.36495
58.9602,379,999.317013
90.320438,1000,1004.645431
36.836362,200,1005.759693
-104.423773,385,1007.745645
-80.072755,344,1018.642111
61.331758,385,1020.75628
78.309062,381,1022.744576
92.567394,424,1024.962116
72.56138,407,1027.092803
88.782413,1000,1041.965273
6.317372,69,1042.311299
84.47643,1000,1047.641578
92.657177,1000,1060.926154
-62.786423,321,1062.662688
76.148714,583,1065.734404
86.942864,1000,1079.54563
64.788488,762,1083.537798
108.016082,1000,1097.68665
105.151536,1000,1102.750148
94.972865,1000,1116.516379
86.871208,505,1119.132809
34.276374,75,1119.534455
106.646334,525,1122.309921
17.082789,132,1122.96879
50.22184,323,1124.645205
20.760666,99,1135.109938
62.978187,363,1137.024633
36.689878,184,1137.973018
67.942356,247,1139.354264
47.868941,271,1140.785631
35.28011,223,1141.969987
51.466849,262,1143.392445
41.221151,331,1145.175918
88.42624,1000,1159.633686
117.225757,290,1161.177672
15.196942,269,1162.582468
102.583153,1000,1176.686141
-121.603354,312,1178.336016
19.088857,244,1179.644938
28.631132,107,1180.215892
45.831351,284,1181.692442
127.447093,1000,1196.567171
95.060923,1000,1201.988879
99.245695,1000,1217.007032
59.194577,264,1218.356741
40.899038,325,1220.001084
87.438676,1000,1225.111086
22.578348,499,1236.29341
66.968095,382,1238.306522
55.923074,355,1240.076936
77.865764,452,1242.488477
62.085863,205,1243.58884
2.578582,84,1244.017244
97.040132,1000,1256.878641
98.246139,1000,1261.984802
31.475374,79,1262.408246
75.786207,1000,1277.499016
84.826809,886,1282.184578
78.256646,1000,1298.956984
82.392309,256,1300.3317
83.755727,652,1303.8772
83.402847,1000,1317.762507
41.779744,355,1319.603217
85.565092,1000,1324.844671
8.474897,88,1325.298283
9.643539,72,1325.657664
50.534561,356,1337.009024
27.645999,249,1338.267935
33.687057,181,1339.193304
91.006932,1000,1344.483684
39.181566,340,1346.261547
86.454539,1000,1360.446206
56.024298,649,1364.016075
2.515847,48,1364.295195
-203.706046,658,1377.663591
22.122228,239,1378.944978
25.450276,86,1379.385336
1.36429,289,1381.012355
60.244084,258,1382.43282
-56.514742,135,1383.162254
56.386956,1000,1397.276396
75.643764,1000,1402.6369
99.531239,1000,1416.929906
107.173729,1000,1422.261226
34.895324,227,1423.502858
40.429067,281,1424.970399
23.198706,213,1426.077059
100.565548,1000,1438.54033
35.803203,431,1440.908252
13.176443,93,1441.400857
46.975793,315,1443.053308
69.033832,209,1444.17471
20.418243,387,1454.264006
53.433877,553,1457.245212
95.062336,1000,1462.592424
105.146872,1000,1478.199688
12.515809,83,1478.695263
38.906119,432,1481.21024
68.598603,355,1483.250836
51.44081,502,1496.38121
29.06553,1000,1501.872746
56.536042,269,1503.281222
8.921212,923,1518.485039
-3.110966,115,1519.124324
62.220209,663,1522.626249
87.338006,328,1524.436503
60.535442,657,1528.008978
89.936561,1000,1540.6233
62.058689,589,1543.811566
51.462528,491,1546.454643
33.430759,387,1558.599058
1.877868,66,1558.962615
50.744746,355,1560.923038
35.193644,421,1563.248604
59.265258,236,1564.598751
29.894931,196,1565.723322
-65.038783,215,1567.00111
38.475102,217,1577.652936
19.929462,125,1578.393688
44.834197,276,1579.976202
66.54162,363,1582.094983
43.092241,274,1583.673113
98.77392,355,1585.705979
49.313543,377,1587.914149
68.047963,669,1599.561501
100.570532,510,1602.545667
74.586799,510,1605.531394
26.144272,196,1606.699759
6.830634,82,1607.167665
-65.882435,214,1608.411628
28.430673,256,1619.0962
75.407988,894,1624.21389
12.755478,180,1625.220598
150.621212,658,1629.054642
11.969499,163,1629.962087
83.88357,753,1642.839633
-18.784677,207,1644.051791
-8.661276,55,1644.382528
18.947288,79,1644.822659
80.712545,645,1648.622487
76.633982,568,1659.180295
21.352141,167,1660.186865
1.060979,36,1660.37511
19.373833,112,1661.049519
75.124704,601,1664.599942
-44.117758,156,1665.489928
-16.947625,48,1665.772715
66.187263,583,1669.162909
23.223668,164,1680.380557
80.480015,437,1682.997459
35.309057,175,1683.995532
16.54724,144,1684.790037
21.956432,183,1685.841432
31.23135,178,1686.924475
24.700872,179,1687.961009
22.432818,160,1688.862504
42.172066,277,1690.468543
49.264417,236,1691.8572
82.238768,404,1701.778409
62.113502,373,1703.963548
43.268794,320,1705.872336
-1.413389,133,1706.635078
-11.444413,163,1707.642888
33.8585,221,1708.926434
92.837834,983,1722.856352
31.138843,220,1724.121164
64.789559,438,1726.640096
17.407037,120,1727.337409
57.444553,414,1729.732718
22.866796,118,1730.449043
34.867496,254,1741.509871
40.66585,156,1742.48674
92.044156,692,1746.608651
32.333988,183,1747.70804
20.885655,86,1748.215721
56.522207,364,1750.351722
39.595689,231,1751.693009
128.525755,321,1762.524642
26.310422,170,1763.548054
-72.379594,251,1764.98296
73.99812,327,1766.940778
-2.57286,98,1767.486198
46.91638,221,1768.83371
22.044413,124,1769.574682
57.599926,443,1772.142558
102.973365,773,1785.993137
84.580139,633,1789.631931
123.205263,523,1792.653153
52.212683,415,1795.119666
93.555192,797,1807.849876
14.603299,205,1808.992732
-65.708792,271,1810.542403
30.764703,198,1811.730678
42.578955,252,1813.191661
-13.24383,146,1814.033613
-84.181321,357,1824.73194
87.995507,780,1829.433985
22.469455,141,1830.265145
32.482759,336,1832.284518
81.878137,651,1836.169189
92.904572,1000,1848.24172
105.095257,990,1854.099985
67.933983,245,1864.650401
19.199504,92,1865.153883
131.042743,1000,1870.837816
16.085613,93,1871.393017
31.149631,225,1872.743859
10.532566,64,1873.127443
-15.823122,234,1874.475895
115.771335,790,1886.749807
-14.372327,254,1888.258586
112.088357,1000,1894.00777
16.276986,158,1894.964079
49.693011,186,1903.709309
39.668235,155,1904.569739
42.600415,241,1905.985519
-4.756631,80,1906.443325
26.971685,217,1907.774719
11.939711,118,1908.448319
-8.68359,68,1908.848068
25.51294,161,1909.827476
21.865898,226,1911.172947
30.515114,236,1912.612671
25.733037,202,1913.782199
59.977129,571,1925.140027
117.586451,1000,1930.851522
-36.921764,88,1931.349931
20.478263,93,1931.928563
19.269108,103,1932.514623
34.681584,196,1933.608573
15.474032,130,1934.321236
77.263038,460,1945.367578
103.307737,608,1948.876638
56.185954,487,1951.513293
38.440168,396,1953.73076
58.138303,573,1964.500864
49.866025,443,1967.052963
-8.401328,348,1969.019979
37.498879,296,1970.739405
20.972525,142,1971.552444
122.484002,1000,1985.201035
-27.268195,53,1985.48702
-52.241029,120,1986.198158
-50.466705,329,1988.137237
232.50669,1000,2002.981238
107.468837,651,2006.871998
23.41226,204,2008.042342
34.705049,384,2010.228894
107.525716,408,2012.674525
76.300496,560,2025.445194
67.533694,342,2027.418476
13.120736,77,2027.869916
47.351337,366,2030.008771
18.980911,152,2030.855405
34.437984,267,2032.413061
55.045495,157,2033.381786
57.302066,344,2035.36755
41.447259,259,2047.116318
62.20516,223,2048.48733
30.037911,221,2049.744898
34.049136,239,2051.178016
126.923973,1000,2057.000733
86.852958,191,2058.139143
26.280687,276,2069.665742
127.995655,1000,2075.628222
196.505083,1000,2089.166425
14.512199,238,2090.595861
16.336898,99,2091.158583
51.482966,192,2092.30069
5.5904,73,2092.78017
1.243292,93,2093.329668
-26.871962,144,2094.184323
23.036238,150,2095.11148
135.034705,1000,2111.069338
-19.012613,53,2111.385906
96.715811,1000,2117.412138
76.832786,287,2119.106361
-275.207395,1000,2135.087532
113.575393,1000,2140.917523
77.825058,700,2153.771465
13.188792,176,2154.827638
-6.369766,41,2155.08552
128.635084,1000,2161.074744
232.646932,1000,2175.917388
138.248218,1000,2181.903736
184.723908,1000,2196.96074
15.819716,174,2198.015294
-35.80677,1000,2203.967915
25.644709,225,2205.275377
7.135994,53,2205.601732
92.010649,285,2207.308153
25.936585,141,2216.677979
103.104414,262,2218.320685
-59.662777,191,2219.45415
16.112087,149,2220.341003
77.752645,180,2221.428574
-0.203716,72,2221.870445
19.676739,185,2222.973201
136.999415,1000,2228.857013
99.57362,1000,2245.375768
18.732203,55,2245.714571
72.562233,713,2250.090681
69.515719,179,2251.167511
9.137699,53,2251.49171
22.405932,145,2260.697704
230.651812,1000,2266.692803
9.595441,186,2267.769393
209.281301,1000,2284.055314
5.905341,56,2284.404058
51.581165,225,2285.698209
59.293646,220,2287.033549
-15.708931,155,2287.940834
119.426572,304,2289.798404
65.865399,167,2290.821439
17.892652,180,2291.894406
-55.999415,171,2292.909291
76.142074,341,2303.158153
-65.646664,304,2305.004764
33.646446,189,2306.14535
36.263049,213,2307.513685
63.254511,261,2309.077607
86.515366,317,2311.028191
48.068897,266,2312.637523
-81.120921,1000,2328.490073
49.202929,212,2329.817291
176.493718,1000,2335.853238
114.80569,301,2337.744698
108.301777,413,2351.210442
60.659386,230,2352.617031
88.49473,269,2354.234995
88.61709,246,2355.721764
17.042093,116,2356.405692
69.482919,326,2358.377041
120.754506,441,2361.031637
58.057718,199,2373.762538
39.158053,192,2374.940757
31.627862,185,2376.041697
24.932719,302,2377.800802
118.670314,529,2380.970242
82.151107,528,2384.145686
30.809659,207,2393.59226
-8.708175,107,2394.243446
72.256431,351,2396.345279
33.882016,212,2397.657449
78.057043,327,2399.636856
224.970553,1000,2414.285007
86.088727,429,2417.001027
29.969233,216,2418.377069
47.489956,234,2419.791774
75.42533,283,2421.54694
44.46622,240,2422.99944
49.797182,211,2424.31901
-94.351253,279,2426.050315
218.934395,1000,2439.574416
51.694594,246,2441.071458
62.001939,311,2442.902016
40.388462,191,2444.087922
0.08712,225,2445.437107
60.002177,232,2458.369171
55.809072,287,2460.108115
59.568903,276,2461.755709
51.791374,233,2463.187239
254.026927,1000,2469.076787
30.021173,210,2470.323595
136.975453,268,2479.58273
44.285014,179,2480.659525
21.877077,158,2481.615704
42.009177,170,2482.619828
-78.163625,188,2483.76667
34.361929,174,2484.840745
309.159475,1000,2498.896817
66.212185,190,2500.054683
-10.333524,224,2501.431229
78.512831,221,2502.754095
212.490802,1000,2508.81648
35.292208,196,2509.99127
20.784099,147,2510.870312
86.671819,311,2523.283528
48.865929,283,2525.024417
101.44607,322,2526.96824
194.081916,1000,2532.979738
80.816845,255,2542.382067
40.395434,256,2543.913044
70.318635,311,2545.798761
45.898524,250,2547.373715
64.363347,193,2548.52306
84.751851,222,2549.852437
29.611972,237,2551.284867
127.115753,454,2553.970865
8.65639,68,2564.575463
5.774258,223,2565.930373
86.956365,258,2567.418442
4.947035,60,2567.773755
57.22979,194,2568.947315
106.337839,298,2570.692849
60.144129,344,2572.790243
76.289143,270,2574.419901
77.167392,251,2575.936664
109.367416,493,2588.173704
-73.558239,180,2589.212298
-41.061131,140,2590.091802
7.689039,225,2591.431558
344.178426,1000,2597.415407
59.676333,225,2608.802722
36.805959,184,2609.928151
108.10526,311,2611.805929
-54.341461,265,2613.370687
42.608222,254,2614.876411
16.041594,113,2615.550503
6.52479,62,2615.940835
74.573353,373,2618.205705
43.542525,212,2619.472524
93.39517,311,2629.287367
15.555465,157,2630.233897
48.837384,174,2631.31705
61.416895,244,2632.842636
63.768577,318,2634.764669
48.587461,232,2636.150089
22.699307,154,2637.1447
2.63454,51,2637.460984
147.623039,425,2639.962246
104.627016,334,2651.078276
54.111136,241,2652.562729
65.283995,274,2654.245999
61.563488,263,2655.856121
-31.631517,278,2657.528198
14.545094,190,2658.672879
-16.418691,165,2659.664207
-69.468553,87,2660.189138
80.303096,339,2662.173975
25.098532,106,2672.790185
95.332757,264,2674.31458
49.183058,182,2675.407539
58.400749,225,2676.756259
129.340918,325,2678.708886
99.873134,410,2681.169677
105.201428,308,2683.042168
94.57659,260,2695.100533
99.343719,428,2697.693925
-29.725977,14,2697.804492
69.783967,245,2699.229387
113.67635,368,2701.368079
58.457447,268,2702.937871
67.76118,224,2704.264753
-23.829509,53,2704.565745
38.976186,209,2705.793703
124.469752,256,2716.334435
98.073782,287,2718.023168
-13.495258,81,2718.535861
87.513692,271,2720.139307
107.817527,349,2722.152691
19.938132,94,2722.720848
-114.597456,247,2724.21252
46.314809,232,2725.542242
75.772442,257,2727.121489
41.811779,280,2737.221146
34.865899,170,2738.196539
45.798649,208,2739.446114
18.13679,171,2740.440985
48.494567,177,2741.516304
239.096099,1000,2747.567729
41.283116,228,2748.907587
120.820823,948,2762.695424
52.488114,286,2764.407999
102.346962,439,2766.958925
48.420516,233,2768.328581
170.694623,541,2780.117087
78.075035,222,2781.396817
20.531128,209,2782.655733
66.663777,309,2784.522475
65.516913,226,2785.89083
102.451772,595,2789.461908
112.115274,445,2803.064286
58.777587,292,2804.785865
68.884048,236,2806.450526
27.439092,138,2807.245639
-70.814632,183,2808.313715
39.478148,170,2809.324933
63.622084,253,2811.001756
72.261885,331,2813.034964
63.259857,226,2825.31763
36.802157,233,2826.756211
38.573432,240,2828.175873
32.427492,221,2829.449387
41.073892,205,2830.64866
110.77994,322,2832.607823
92.189732,222,2833.909099
40.346593,150,2834.811522
55.720663,319,2836.713856
-8.588115,225,2846.717014
176.894764,827,2851.741297
46.708094,197,2852.928621
66.37392,259,2854.49491
45.628312,222,2855.791557
-73.585076,185,2856.907074
51.293501,229,2865.921676
48.597862,148,2866.795604
51.924398,231,2868.20739
-132.800538,459,2870.940132
31.999858,261,2872.498137
104.935089,242,2873.959661
37.4707,189,2875.111759
-155.586391,199,2876.333027
153.470284,463,2890.222931
-48.757432,187,2891.372989
16.860077,291,2893.171664
73.51203,208,2894.443404
-63.698794,240,2895.926461
-27.310259,177,2896.985492
-48.691121,166,2898.033057
140.124556,512,2901.129243
43.318617,218,2911.973964
-22.415836,130,2912.784598
38.355077,240,2914.255398
-42.954333,97,2914.839458
68.358308,423,2917.439784
74.104386,247,2918.94851
54.181717,187,2920.092091
27.02201,198,2921.276626
27.574452,222,2922.637278
-94.046288,408,2934.784347
57.558059,210,2936.02169
97.378504,394,2938.561642
43.486165,150,2939.501685
158.192643,524,2942.651213
-24.419552,75,2943.109615
67.743477,252,2944.651637
76.432999,316,2957.069733
79.00186,270,2958.658251
35.187934,136,2959.455447
90.014838,323,2961.370992
60.035644,225,2962.729867
-71.510206,199,2963.909114
45.788789,216,2965.16957
-190.096738,271,2966.7606
-85.276143,237,2968.233353
57.595521,242,2979.500109
53.041184,268,2981.121236
113.208431,305,2982.962652
43.890881,188,2984.095483
79.055241,226,2985.387695
47.539589,219,2986.722899
5.069644,198,2987.873995
34.497895,200,2989.068471
-6.10863,45,2989.35585
63.192552,151,2990.245809
66.938166,279,3001.197623
59.704172,170,3002.185449
47.773568,398,3004.616211
95.93601,199,3005.847338
137.799766,481,3008.739154
39.3119,202,3009.946589
104.961783,296,3011.791152
52.513626,224,3022.918207
124.502809,295,3024.705056
-24.419654,14,3024.780453
49.959269,226,3026.175751
84.370836,294,3027.97874
28.503361,122,3028.718565
60.052284,202,3029.981703
83.74806,234,3031.428696
49.325488,189,3032.571802
120.757258,216,3033.847821
80.659835,312,3044.442136
-53.14979,123,3045.194259
67.444298,249,3046.696787
59.185377,214,3048.004355
28.663077,124,3048.762733
40.560423,245,3050.211775
43.310322,190,3051.376284
-95.483937,473,3054.226921
-6.575423,198,3064.987621
94.685602,212,3066.269653
90.217909,245,3067.73692
55.268108,178,3068.739293
70.99262,366,3070.933276
97.883923,265,3072.487034
136.55383,372,3074.760992
76.208217,351,3076.941012
175.997256,675,3089.568654
-35.789137,54,3089.887081
39.163637,214,3091.104791
103.951254,499,3094.038135
106.963345,241,3095.461638
63.94682,285,3097.14824
103.99477,270,3108.910738
92.592213,314,3110.767979
146.562208,279,3112.351166
69.411537,219,3113.634355
92.154056,383,3115.898561
73.224008,200,3117.135066
103.113322,322,3119.042876
-15.722638,76,3119.511755
37.722038,135,3127.851463
87.063564,279,3129.51041
104.598939,393,3131.832797
2.704241,50,3132.147587
96.42252,257,3133.667143
30.146506,303,3135.469923
62.300826,193,3136.63145
49.343133,192,3137.772422
34.071794,173,3138.780298
23.906185,243,3147.44602
39.384011,171,3148.506804
37.426283,213,3149.794963
23.225338,150,3150.72841
88.284422,335,3152.73614
64.000714,211,3153.995679
105.644759,475,3156.887399
49.745929,217,3158.198608
-192.092459,1000,3171.957143
78.107126,268,3173.550075
23.446274,130,3174.328384
-42.880234,73,3174.751265
-6.985059,47,3175.04831
21.731646,160,3175.976049
-111.473092,1000,3191.020299
29.412814,229,3192.369476
37.380919,196,3193.53684
80.14803,302,3195.382321
47.696225,261,3196.949774
67.54397,246,3198.431948
82.759992,241,3199.899373
39.985708,193,3210.847302
91.789163,237,3212.317647
63.377863,226,3213.651348
-12.027139,224,3215.024235
62.147531,232,3216.420423
101.782797,510,3219.593583
-69.847073,183,3220.720317
34.918506,194,3221.895682
36.069975,215,3223.185951
8.273688,89,3231.210306
71.333536,260,3232.785413
92.053381,214,3234.085743
67.637768,222,3235.485213
125.530135,284,3237.317221
96.173794,413,3239.863024
47.262719,212,3241.120533
171.013178,530,3252.812204
37.524218,191,3253.982477
45.583127,205,3255.226769
40.815826,251,3256.736868
15.583299,109,3257.418329
-56.199481,172,3258.484969
134.088593,286,3260.172422
-73.663468,178,3261.281705
119.012982,384,3263.614958
93.282271,273,3274.366029
0.184386,208,3275.644867
32.621382,174,3276.732747
59.342098,233,3278.187809
31.446765,195,3279.397713
42.871866,160,3280.364388
19.339533,119,3281.092647
25.96712,167,3282.150859
40.559164,243,3283.645836
254.740193,638,3296.76534
-24.443803,182,3297.919519
22.80844,174,3299.007767
-34.386602,149,3299.917223
91.060533,407,3302.471842
63.179211,322,3304.430658
163.261585,499,3307.516124
338.904151,899,3321.183715
37.133737,204,3322.434291
45.483716,135,3323.243922
97.912516,349,3325.368245
125.916467,458,3328.257275
186.28767,1000,3342.588197
71.366689,200,3343.808085
114.585496,336,3345.952534
131.75519,469,3348.795886
39.702736,211,3357.600112
74.130182,310,3359.524245
139.532036,636,3363.363695
24.606141,206,3364.634543
149.387633,372,3366.882098
38.372984,393,3369.281328
205.35192,828,3381.364147
37.178168,77,3381.82456
195.879322,751,3386.395201
65.386766,294,3388.236938
80.928844,245,3397.76825
151.600147,318,3399.602514
42.310951,278,3401.269456
-81.781069,276,3402.918931
58.635172,315,3404.749478
196.784983,531,3407.866795
166.22305,726,3420.891182
109.072501,227,3422.249657
229.580753,1000,3428.35905
48.292127,220,3429.640373
58.670602,205,3439.677402
32.474015,250,3441.148845
52.712911,207,3442.428042
258.35714,682,3446.594592
35.327994,246,3448.17535
43.981857,256,3449.724732
-25.160523,206,3450.981318
72.537229,543,3463.446
67.08935,176,3464.51755
113.047413,239,3465.925362
60.676954,243,3467.386601
55.314391,252,3468.899386
9.315078,68,3469.331002
79.93496,165,3470.311999
49.540229,225,3471.676901
25.589239,189,3472.8078
94.248208,245,3481.883628
106.455851,305,3483.737745
110.053227,540,3487.03538
49.473095,290,3488.772348
148.294276,538,3491.95453
36.573377,209,3500.810388
18.052642,239,3502.223378
37.799409,225,3503.563008
145.99414,767,3508.251657
95.549755,249,3509.770402
218.371472,390,3512.158564
61.085879,220,3522.001866
87.569908,216,3523.285263
88.924743,300,3525.151875
219.136277,831,3530.211298
-6.814613,151,3531.127291
117.664454,577,3544.392641
55.116015,419,3546.934447
102.357016,577,3550.494024
42.388725,330,3552.458212
17.12841,112,3553.16475
17.836362,112,3553.87398
56.85452,362,3556.005527
82.317681,289,3565.638046
59.692712,266,3567.360148
34.77208,273,3569.003072
263.441166,1000,3575.071633
150.048198,374,3586.571053
32.492023,320,3588.572095
-49.542991,106,3589.200322
41.98244,342,3591.316369
47.861108,213,3592.615596
222.492201,722,3597.000531
294.246006,1000,3609.554336
-258.466601,732,3614.007112
16.767553,119,3614.741295
24.89581,205,3616.019873
25.578908,112,3616.684205
69.709319,259,3625.349552
-3.193815,46,3625.63923
49.79276,204,3626.880167
157.941232,548,3630.293715
138.62507,570,3633.74768
96.837568,206,3635.001379
105.644819,404,3644.934065
160.148629,919,3650.66009
50.510336,230,3652.069975
77.398946,378,3654.368544
349.226006,824,3668.712471
23.323282,97,3669.270792
50.548776,254,3670.8271
220.141358,427,3673.471583
48.882723,235,3674.938824
-63.954696,417,3677.466024
-136.721683,636,3689.51248
45.339396,357,3691.763283
56.757114,235,3693.176588
57.360116,209,3694.491394
49.606615,240,3695.93965
123.566473,672,3707.450439
126.568443,669,3711.595976
84.949158,252,3713.085548
-450.388135,855,3718.452247
95.68916,233,3729.287246
139.03019,532,3732.59356
86.950593,826,3737.701289
66.975039,228,3739.059084
92.047547,371,3741.31097
71.016577,306,3748.522452
57.248224,209,3749.752707
-46.392202,134,3750.565023
55.656377,247,3752.095618
-304.686086,1000,3758.334275
30.274198,186,3759.445428
31.525739,177,3767.761135
60.682391,260,3769.337001
-65.04362,238,3770.79688
44.221214,193,3771.973378
169.491797,459,3774.800919
216.895097,1000,3788.639003
165.392609,478,3791.560122
55.538079,272,3793.251794
155.605749,360,3795.41325
22.667531,242,3796.928042
51.161748,293,3798.75387
53.726511,222,3808.119398
48.18313,208,3809.404075
54.916187,279,3811.161273
66.956831,227,3812.545192
42.584962,196,3813.764934
60.115844,418,3816.440682
93.171564,320,3818.453189
56.899126,436,3829.713544
52.825281,213,3831.035749
198.66504,362,3833.295352
70.887712,423,3835.907529
24.587979,132,3836.702866
46.251294,241,3838.277131
21.425672,273,3839.940685
486.557019,1000,3854.330015
65.461919,326,3856.314957
46.451296,246,3857.793955
51.849014,241,3859.277116
117.492821,767,3869.089249
90.673031,266,3870.720721
106.938074,256,3872.321006
85.725388,413,3874.860658
120.641045,396,3877.281667
76.508139,281,3879.050198
36.505605,206,3885.682369
71.994595,279,3887.385991
-55.924474,236,3888.82613
239.602777,1000,3895.05584
25.418723,265,3896.684027
168.669209,439,3906.358981
49.8875,240,3907.837096
-136.051503,596,3911.571866
35.033388,195,3912.786453
145.83767,404,3915.326901
-128.951909,440,3924.128434
46.858517,272,3925.806079
5.658742,67,3926.208091
54.465069,303,3928.139398
104.154951,425,3930.751079
54.705504,286,3932.484756
817.925807,1000,3947.597096
268.483159,621,3951.428568
71.42178,307,3953.314443
30.714822,132,3954.119693
32.191528,276,3955.831427
5.510266,54,3956.13217
51.726577,256,3957.79675
84.524236,228,3967.278512
50.097545,254,3968.860817
99.686024,253,3970.431188
61.053836,245,3971.975464
42.000498,277,3973.692524
65.505309,234,3975.174397
543.489922,1000,3990.986943
61.06347,267,3992.665463
100.366156,599,3996.307898
12.806309,110,3997.007892
49.591114,358,3999.203639
745.79406,1000,4014.432711
275.7497,1000,4020.600517
-6.34793,199,4021.864836
-69.007054,260,4035.510868
57.164821,192,4036.719223
296.830306,1000,4042.816367
438.324662,1000,4057.9686
73.946492,277,4059.660596
306.473596,757,4064.330323
50.726133,303,4066.210438
137.777414,898,4080.744148
46.589693,211,4082.020026
48.33106,518,4085.094329
54.508748,347,4087.169036
527.645426,1000,4102.23063
108.314989,590,4105.790987
139.070582,529,4109.028243
98.164232,242,4110.489448
315.332208,1000,4126.446549
80.805123,327,4128.407402
10.159909,62,4128.778258
-22.746529,1000,4145.287395
127.277486,741,4149.793137
-121.372206,1000,4155.843238
75.808835,486,4168.682374
78.043354,252,4170.211566
6.006356,57,4170.536857
57.537675,307,4172.387643
74.389336,371,4174.654954
138.389238,730,4179.176613
291.34362,641,4193.84677
868.774647,1000,4200.087111
-87.348811,1000,4216.064065
85.83554,249,4217.628033
717.313349,1000,4223.70657
136.181507,1000,4241.60849
72.720588,691,4245.827991
191.841253,322,4247.80725
216.157847,921,4265.029817
170.26561,556,4268.403715
175.149301,485,4271.32425
102.605465,458,4285.904673
98.970251,457,4288.806168
-120.07916,479,4291.708444
22.146486,192,4292.896104
55.190963,268,4294.531034
-7.759151,105,4295.162085
60.783753,345,4297.232169
70.647538,493,4310.524917
-63.508298,195,4311.752222
30.145175,1000,4318.047878
13.146738,146,4318.91434
20.082494,264,4320.484552
60.306087,329,4334.929898
108.239126,317,4336.87842
78.327114,383,4339.231216
77.787429,439,4341.940415
103.405878,196,4343.144907
516.040869,777,4357.328457
72.026285,431,4359.990312
615.772634,1000,4366.126765
70.370375,305,4367.980909
96.831711,466,4378.294713
42.097387,436,4380.900325
137.908337,467,4383.761091
671.081524,1000,4399.541054
50.496683,463,4402.418517
-77.635648,259,4403.995204
-25.719246,164,4404.969266
78.07852,477,4408.057905
179.749712,318,4410.01377
132.322471,570,4422.632751
32.552673,128,4423.440974
71.724198,382,4425.768578
768.838152,1000,4431.835688
144.421582,351,4442.548256
-64.772229,186,4443.712019
61.63147,311,4445.608356
21.767918,121,4446.351898
60.962979,417,4448.912408
519.330093,1000,4464.676929
118.908154,177,4465.786444
30.132003,172,4466.847894
169.429336,307,4468.811674
73.536111,440,4471.479055
14.826653,125,4472.264388
389.04198,1000,4486.877666
56.945313,315,4488.811657
55.616592,407,4491.304166
46.759295,422,4493.866654
87.704134,752,4508.924462
77.745275,373,4511.237876
59.38779,392,4513.643843
-30.51014,236,4515.045654
64.553417,565,4518.507673
57.548051,375,4532.505412
81.436315,512,4535.699965
-13.489451,101,4536.323315
562.679817,1000,4542.557861
95.998927,1000,4556.707791
151.605398,279,4558.539387
56.063973,499,4561.671922
3.60869,309,4563.615322
262.717783,1000,4578.50038
243.255655,491,4581.504603
106.747565,239,4583.031137
28.09845,292,4584.889274
47.70967,223,4594.223241
51.242055,174,4595.356861
776.993559,1000,4601.651489
82.385533,456,4604.475234
450.332375,1000,4620.832216
55.905188,233,4622.312517
55.480382,324,4624.363198
-84.040557,216,4625.719929
51.728821,346,4627.876966
-62.814528,177,4628.953807
9.32299,65,4629.359579
41.904777,258,4641.145259
36.704047,386,4643.554466
298.343031,808,4648.636952
78.497038,291,4650.434725
60.035489,270,4652.092227
50.71072,212,4662.277642
74.072633,224,4663.721627
418.127018,710,4668.219616
168.292421,1000,4674.323786
142.39178,239,4686.819283
587.203254,1000,4693.04556
769.536653,1000,4707.841736
32.347108,267,4709.511807
77.27147,294,4711.280961
129.11029,573,4714.800999
-22.779966,61,4715.179687
125.146732,254,4716.762354
-10.354916,211,4718.04717
195.043041,1000,4734.920946
76.754928,392,4737.306617
97.347977,218,4738.691941
89.987199,182,4739.797086
-0.773894,169,4740.83079
-0.903551,74,4741.274038
57.824017,215,4742.54784
116.875807,500,4755.500946
257.438934,1000,4761.62264
64.798658,238,4763.110188
1077.695892,1000,4780.018623
26.18985,212,4781.353446
170.087972,562,4784.777815
177.349433,318,4786.769345
88.266267,471,4800.689304
162.994708,263,4802.320621
248.750247,738,4806.847059
94.958449,201,4808.08316
55.191422,305,4809.935895
126.694842,352,4821.994282
183.403503,1000,4828.204801
47.287642,199,4829.410212
49.814318,100,4830.013694
-20.226344,73,4830.441247
44.341803,188,4831.575153
121.477029,306,4833.45098
61.551864,351,4845.629934
63.155414,1000,4851.932002
77.19759,246,4853.458794
185.959417,317,4855.445327
588.117345,1000,4871.902759
764.446933,1000,4878.090105
259.492778,870,4893.54594
615.13265,1000,4899.61879
-11.709692,120,4900.35639
686.169869,1000,4919.614271
82.30309,349,4921.743937
16.464225,102,4922.359182
774.817865,1000,4928.464303
153.544802,737,4943.951122
186.115745,601,4947.729717
85.983667,472,4950.694265
161.528224,1000,4969.013209
65.380039,713,4973.42223
855.582159,1000,4992.360501
37.04564,306,4994.264594
-176.963867,556,4997.762576
74.438291,286,4999.528414
93.512339,252,5001.124734
307.538847,1000,5016.748532
58.748847,292,5018.504292
87.484305,265,5020.133711
82.119262,268,5021.816079
68.299588,353,5024.040916
1126.902431,1000,5039.694412
553.669416,1000,5045.966114
105.663668,462,5060.851211
76.152133,208,5062.194046
151.942122,399,5064.67948
76.806914,316,5066.67994
46.522907,256,5068.40052
65.099886,379,5070.799257
252.516549,1000,5088.638815
82.67479,273,5090.409063
25.07796,199,5091.677093
64.786795,276,5093.433728
298.349777,1000,5109.778695
51.759725,1000,5116.043054
89.033467,834,5130.730122
21.089991,167,5131.760982
64.46718,241,5133.272688
40.824083,239,5134.727268
75.238518,280,5136.524976
6.263916,335,5138.602458
12.329997,85,5139.123764
206.956343,651,5155.045091
57.029265,200,5156.290536
805.030336,1000,5162.490737
42.665839,344,5164.676164
126.806202,272,5178.374116
21.614965,185,5179.559392
33.456374,228,5180.997335
71.684122,208,5182.345502
44.384803,199,5183.588691
204.321105,712,5188.109742
38.100461,246,5189.60164
161.258059,390,5201.018018
43.134742,217,5202.366726
9.393578,228,5203.824169
51.423279,282,5205.600052
63.342556,240,5207.129091
44.942817,244,5208.673133
4.880652,222,5210.046381
79.079633,253,5211.642838
130.61432,467,5225.627003
78.908116,201,5226.934653
134.312968,300,5228.810047
584.726156,1000,5235.120672
86.21157,328,5248.651338
81.763506,342,5250.768036
317.783584,467,5253.680915
20.051343,114,5254.351666
103.96485,265,5256.031627
51.634765,356,5258.230164
21.625892,107,5258.90457
931.431731,1000,5276.110079
83.296598,327,5278.278372
172.068595,606,5282.009797
739.078051,1000,5298.56827
123.97013,279,5300.309746
346.184506,417,5302.937958
45.467558,196,5304.168425
754.114298,1000,5321.114197
228.123963,657,5325.254799
-409.634285,1000,5331.5348
-114.602275,250,5346.135085
-309.28598,810,5351.182264
234.96893,1000,5357.357287
124.088595,524,5371.845382
84.225884,281,5373.578601
209.411314,1000,5379.872608
771.908258,1000,5398.786597
97.385817,258,5400.388087
23.976644,334,5402.471462
600.009523,1000,5420.115983
37.872457,187,5421.254332
82.766585,374,5423.577798
50.26191,264,5425.227197
61.471792,364,5427.648566
87.134608,312,5429.592863
198.1117,1000,5446.880712
876.187208,1000,5453.192907
-170.759251,1000,5470.820729
48.050175,247,5472.327536
760.230268,1000,5478.585257
-9.729183,115,5489.542904
44.840884,263,5491.230686
43.672778,243,5492.77908
34.016687,221,5494.123485
-270.260784,1000,5500.362141
535.702001,826,5515.623459
106.773629,500,5518.709692
-348.0252,1000,5524.920237
190.216213,364,5537.361056
48.298642,208,5538.645239
189.593655,457,5541.479593
46.935763,219,5542.796462
163.042206,402,5545.303919
27.405092,115,5546.008884
74.957421,99,5546.61097
183.62538,716,5560.846484
69.535721,242,5562.390181
52.693466,212,5563.691972
590.434538,1000,5569.9937
26.836554,262,5585.19801
818.561351,1000,5591.463446
754.448739,1000,5610.010887
-80.68833,675,5614.212544
652.798465,1000,5620.488232
455.029448,1000,5636.863982
98.10072,1000,5643.136382
823.85808,1000,5659.509734
107.493761,252,5661.080561
203.380848,504,5664.249065
74.747781,207,5665.513089
61.410682,240,5667.007982
-131.818789,339,5679.481564
67.528752,264,5681.187485
66.413746,294,5682.989697
40.516234,240,5684.498892
581.805728,1000,5690.785388
190.842453,723,5705.386728
38.005668,98,5705.97592
676.878621,1000,5712.196314
84.17479,382,5726.109553
92.340086,365,5728.499647
269.395283,437,5731.15809
47.048741,748,5735.70364
54.828852,251,5737.301352
116.715045,481,5751.167635
112.417486,350,5753.324447
118.470988,234,5754.797932
58.037057,356,5756.960975
780.368318,1000,5775.478558
78.737849,276,5777.215291
112.58102,245,5778.76367
59.701242,242,5780.261644
54.172143,225,5781.634886
67.955755,191,5782.814745
82.742743,262,5784.438182
81.076419,223,5785.842755
61.907624,272,5798.912447
156.711747,488,5801.993466
79.03087,370,5804.301263
225.435397,818,5809.379183
145.70327,348,5822.186736
84.641431,353,5824.408921
1046.423574,1000,5830.616854
1052.356025,1000,5846.046112
320.423326,699,5850.483764
548.168168,1000,5866.671168
85.37063,250,5868.243656
40.139965,221,5869.648259
48.296477,312,5871.557359
5.792682,70,5871.997953
114.533017,265,5873.664384
90.505224,308,5875.548459
758.660819,1000,5894.247493
57.521709,251,5895.822829
20.563718,74,5896.291553
131.36182,226,5897.734937
4.186812,150,5898.658109
712.819781,1000,5915.0833
79.982521,449,5917.903603
1010.662888,1000,5924.106715
13.259202,316,5926.09138
33.365451,423,5940.011408
276.682003,1000,5946.242559
61.486107,328,5948.305533
57.826963,168,5949.310879
381.539516,1000,5966.905163
98.18189,299,5968.817237
175.30974,426,5971.512839
85.504068,235,5972.982844
59.485772,188,5974.163386
140.008428,547,5988.837005
104.73727,530,5992.175987
302.746557,1000,5998.537504
109.648878,323,6011.911026
-9.622444,281,6013.693657
37.180443,154,6014.63658
104.1309,408,6017.159683
391.198201,1000,6023.335055
943.228526,1000,6041.423228
-29.426975,344,6043.555926
25.366424,78,6044.029713
120.314555,341,6046.155634
88.501779,168,6047.183865
20.934423,579,6061.418816
269.645858,1000,6067.690133
102.077511,564,6071.229898
87.425399,283,6085.721613
-72.697669,284,6087.521968
43.371972,277,6089.297318
176.613088,1000,6095.480332
153.832144,370,6108.96653
589.157753,1000,6115.233229
78.08235,206,6116.522933
698.122511,1000,6134.467004
373.95989,1000,6140.779363
-106.871136,353,6143.016247
70.657581,455,6145.910548
137.894057,216,6158.685683
109.590874,285,6160.541764
384.471115,544,6163.982523
-110.884206,279,6165.756809
71.825938,237,6167.235044
171.415637,475,6170.241355
691.740281,1000,6188.667585
885.528498,1000,6195.071889
-51.992798,162,6206.827143
58.490153,204,6208.229387
81.481277,364,6210.451376
42.391768,344,6212.672263
41.849889,763,6217.502851
92.940755,205,6218.802557
60.233588,175,6231.956515
69.269242,445,6234.772734
-8.208427,192,6235.990222
92.572883,236,6237.467507
122.076036,252,6239.152503
766.068449,1000,6257.215522
117.876346,421,6259.909714
97.229388,346,6262.050464
99.981049,238,6263.53957
514.585261,1000,6280.676071
79.337604,264,6282.328807
106.41794,447,6285.164841
90.435741,237,6286.692215
277.246415,845,6292.023323
697.40137,1000,6308.976719
125.749691,206,6310.294618
148.597217,354,6312.539738
426.250672,667,6328.718861
189.43789,1000,6335.102355
150.30104,1000,6341.320163
132.680269,452,6355.834511
131.33445,242,6357.376143
718.591432,1000,6363.802123
924.961847,1000,6381.138362
128.736745,264,6382.785084
22.442298,102,6383.388246
63.526667,237,6384.900168
37.031947,149,6385.815436
84.531144,236,6387.250398
59.261959,212,6388.638959
553.033967,1000,6406.065563
134.298928,414,6408.632078
61.368907,231,6410.111425
429.78583,1000,6427.571162
49.637409,122,6428.324811
319.067017,524,6431.688266
89.089545,311,6433.599941
85.727781,292,6435.406597
409.064567,1000,6453.082899
51.725079,152,6454.000857
61.902031,272,6455.703755
264.20291,449,6458.52804
144.979463,469,6461.460288
704.545602,1000,6478.290759
63.636266,212,6479.603864
123.943672,282,6481.33158
808.369527,1000,6498.288178
151.164571,569,6501.823242
497.583099,1000,6508.176786
96.557689,297,6522.833858
673.710449,1000,6529.046517
585.832281,1000,6545.769673
74.659546,323,6547.849887
72.315716,250,6549.429798
101.898035,173,6550.554467
45.577186,272,6552.26214
-167.406998,576,6555.803531
463.595646,1000,6575.112655
180.722762,742,6579.774008
579.983076,1000,6596.681436
117.937582,288,6598.566689
111.585689,398,6601.088128
28.577839,230,6602.537307
122.64626,311,6604.480936
16.104346,86,6604.993984
149.779586,323,6607.050439
75.773493,221,6620.677765
99.712833,274,6622.436043
81.534682,240,6623.97483
71.007972,224,6625.380799
91.314341,227,6626.805757
90.4601,347,6629.059545
846.743684,1000,6646.745434
108.482631,190,6647.969016
110.574743,491,6651.067554
-2.851215,136,6651.914338
74.980439,223,6653.269492
28.645439,85,6653.786543
111.136498,250,6655.355516
-132.878085,215,6656.74129
668.47053,1000,6674.538123
70.266417,230,6676.010304
699.756262,1000,6694.998288
180.261088,1000,6701.279484
434.698226,726,6705.887908
70.142641,242,6719.691818
689.996625,1000,6725.918188
208.324609,407,6728.428278
46.616732,206,6729.761535
73.384875,289,6731.503774
7.692227,96,6743.832765
855.02945,1000,6750.287153
80.688394,428,6752.965049
52.394068,229,6754.376906
606.669592,1000,6773.70597
146.125092,557,6777.244985
62.060393,235,6778.799218
40.280767,217,6780.171978
87.893962,176,6781.256926
442.425591,1000,6797.695043
97.144848,272,6799.392703
50.023021,261,6801.07482
70.854213,272,6802.752232
84.012699,236,6804.218805
-73.745825,167,6805.291146
151.299459,1000,6823.337224
43.153757,139,6824.191901
155.666436,273,6825.892035
48.086599,188,6827.066455
79.649107,318,6829.049113
480.768365,1000,6846.191593
525.258244,1000,6852.499267
134.8668,400,6866.101418
713.566752,1000,6872.473314
167.576455,1000,6887.621558
77.119467,248,6889.217627
632.061472,1000,6895.534077
82.8856,231,6897.012679
56.83649,235,6898.625073
792.44444,1000,6915.477
-13.128322,121,6916.247147
16.641774,343,6918.416566
527.096808,1000,6935.944333
75.632028,235,6937.500779
64.667982,249,6939.103878
24.075474,158,6940.101481
553.400456,1000,6946.543784
783.294176,1000,6964.617536
61.140086,188,6965.820206
90.207986,235,6967.31084
345.19908,674,6971.568574
780.714635,1000,6990.108071
49.668235,452,6992.964121
-47.792503,169,6994.050092
-127.618803,196,6995.26331
32.530435,206,6996.583181
56.335337,191,6997.807224
38.735953,192,7010.381616
123.454076,238,7011.926748
-79.748263,1000,7018.3336
259.755419,541,7021.752807
25.200778,169,7034.328525
61.985469,289,7036.141758
-57.903576,127,7036.949913
227.491456,1000,7043.253604
-95.480924,237,7044.762262
-64.535607,262,7046.394881
503.635089,1000,7065.47109
79.338897,283,7067.251837
27.945137,207,7068.618132
74.64021,144,7069.53962
70.468546,210,7070.876686
62.180717,216,7072.300519
72.061473,178,7084.046756
77.485663,128,7084.86006
96.205098,339,7087.072243
-93.274857,383,7089.508958
110.407606,275,7091.260914
98.279619,357,7093.565073
1.568497,206,7094.858565
100.619432,240,7108.05497
-7.598675,80,7108.601092
733.063094,1000,7114.966582
1110.232164,1000,7131.781
78.608092,292,7133.66737
63.655967,191,7134.875338
49.617533,356,7137.097132
594.205103,1000,7143.578846
54.804685,300,7156.647297
-91.898094,242,7158.198078
-164.340774,1000,7164.536272
553.100478,1000,7180.416228
209.161356,1000,7186.798189
43.165186,105,7187.477795
105.557829,261,7189.144618
406.222106,1000,7204.623598
1010.219636,1000,7211.022847
189.517608,767,7225.680702
63.142017,240,7227.244849
84.658652,296,7229.176451
42.985709,138,7230.075145
145.738009,628,7234.004842
516.208496,1000,7251.107442
110.755446,1000,7257.472089
52.913344,184,7258.755666
754.080524,1000,7274.78515
30.826368,211,7276.110967
1.547649,38,7276.369859
740.88142,1000,7282.637228
841.978019,1000,7300.6197
183.87434,404,7303.200865
135.146054,389,7305.745155
234.802124,1000,7325.724117
47.84424,193,7326.985713
193.334937,1000,7333.414499
638.333993,1000,7353.339246
-0.940335,181,7354.447145
152.779564,335,7356.56787
-95.71073,280,7358.288561
129.373484,547,7374.755099
107.682408,379,7377.120874
70.515838,247,7378.784284
79.375686,204,7380.119976
157.944011,963,7386.278954
203.545583,466,7403.675527
607.559266,1000,7410.145366
31.263202,128,7410.948188
45.34019,218,7412.362436
31.664017,242,7413.906808
60.871296,202,7425.322448
139.094778,337,7427.449349
270.007684,1000,7433.873491
191.377393,476,7436.91195
59.0434,266,7447.184155
-29.22391,86,7447.757673
-55.191682,266,7449.440839
-3.020871,157,7450.425074
11.322156,112,7451.151094
97.523334,211,7452.461416
127.644134,364,7454.777385
29.890312,217,7456.164875
52.465471,154,7457.17316
82.412736,186,7458.38475
49.594965,131,7459.222592
604.623939,1000,7475.691308
-4.084268,155,7476.72769
52.506667,202,7478.001343
54.871499,404,7480.58197
84.497741,145,7481.531988
-79.243978,1000,7497.26127
824.83582,1000,7503.670183
33.519106,312,7516.727333
551.93371,958,7522.851357
612.524045,1000,7529.312327
78.279431,124,7540.558081
55.53444,293,7542.454545
759.063026,1000,7548.763713
437.849299,1000,7562.962444
66.166308,250,7564.56017
8.294144,229,7565.995099
-169.327016,490,7569.105895
83.255549,175,7570.254625
519.385339,1000,7586.661365
149.553344,1000,7593.050925
21.919046,266,7594.709966
1045.35866,1000,7609.455014
64.306499,170,7610.552471
9.273413,111,7611.230005
11.767175,126,7612.021762
191.998727,511,7615.254504
236.846354,458,7618.235289
-53.645074,145,7627.051035
91.244024,181,7628.215734
56.5244,193,7629.462662
730.077655,1000,7635.877614
388.432469,1000,7653.074825
723.76054,1000,7659.452863
325.536289,1000,7672.717372
750.207085,1000,7679.197412
-75.853185,274,7680.891186
244.037427,306,7682.790431
556.904734,1000,7698.114694
54.079662,162,7699.153733
-26.639417,89,7699.702338
217.717335,550,7703.205127
-17.791633,84,7703.738356
29.178468,105,7704.404821
620.044792,1000,7720.157671
-50.938951,169,7721.2431
39.104834,133,7722.100197
874.194357,1000,7733.351545
46.618343,227,7734.796443
682.821775,1000,7741.341515
61.40198,234,7742.856718
549.448727,1000,7758.905121
155.799691,201,7760.174714
4.805362,65,7760.572333
8.037754,63,7760.97414
298.792698,392,7763.448891
790.139436,1000,7774.993716
207.332722,426,7777.746304
281.99563,345,7779.943589
15.305108,187,7781.135549
363.947494,1000,7794.693194
271.842134,1000,7801.173908
187.296234,271,7802.927132
264.006338,877,7815.780749
115.682764,308,7817.763791
254.93472,521,7821.132208
78.354539,218,7822.552003
27.901508,167,7823.588073
764.221344,1000,7839.478469
192.737485,705,7843.881492
10.291916,143,7844.782217
76.68115,177,7845.909035
542.42125,1000,7859.640002
663.57228,1000,7865.986855
4.870078,120,7866.757913
73.6091,147,7867.699034
-81.548089,61,7868.080974
37.266792,169,7869.177092
180.604918,539,7879.810799
18.455742,110,7880.53305
518.611237,1000,7886.919125
35.945632,112,7887.60719
226.131092,1000,7904.485998
-52.406659,137,7905.351784
894.236991,1000,7911.733381
515.396328,1000,7926.941416
-20.210685,43,7927.240618
241.595833,310,7929.233756
799.589446,1000,7935.581954
51.861885,161,7946.150332
-109.733262,819,7951.423539
5.591556,147,7952.358685
629.7871,1000,7967.324387
-35.455427,172,7968.394442
213.327014,741,7973.141497
375.276601,729,7977.754012
47.00817,188,7979.046131
54.125002,167,7980.12392
540.016897,1000,7991.303078
51.968505,175,7992.371573
62.54681,138,7993.262226
6.365176,133,7994.101485
56.865295,171,7995.14734
352.760921,1000,8008.648451
46.078021,148,8009.561877
-47.671513,131,8010.371743
853.084341,1000,8016.730707
119.827168,582,8027.279594
-116.46262,432,8030.052991
106.012796,236,8031.544941
27.353153,163,8032.611867
95.869618,285,8034.427693
704.860943,1000,8049.403293
37.831678,110,8050.111584
66.739305,266,8051.76138
67.7656,122,8052.551502
51.568245,121,8053.301296
60.561825,171,8054.357008
44.440112,221,8055.778545
-27.753336,45,8056.081705
73.33194,209,8057.386695
63.755392,257,8058.994413
93.707554,270,8067.774788
86.395751,144,8068.78617
63.69086,271,8070.52597
153.638808,417,8073.113837
92.57384,375,8075.469817
45.441489,190,8076.663598
107.686884,259,8078.331578
112.428678,276,8091.830325
757.927047,1000,8098.196878
698.486426,1000,8104.525995
71.510981,224,8112.305733
65.124948,274,8114.052412
506.147494,1000,8120.47047
70.456006,248,8122.017179
123.318277,1000,8133.05551
52.24063,209,8134.407233
506.179764,1000,8140.643141
758.135713,1000,8154.77884
-143.512846,394,8157.273067
-34.808519,82,8157.790075
118.334974,377,8160.288799
1046.492678,1000,8172.19387
3.8006,138,8173.065167
341.883394,511,8176.330487
-84.900894,186,8177.526137
60.524714,199,8178.815632
89.145001,206,8180.140702
38.116002,182,8188.025575
-56.460566,133,8188.968683
1220.834498,1000,8195.313621
670.754419,1000,8209.738676
64.516691,234,8211.247271
4.387666,48,8211.567859
130.973403,241,8213.099362
146.813574,621,8217.040962
721.954996,1000,8231.642244
11.744099,181,8232.803933
212.839087,515,8236.049258
-81.625982,183,8237.232661
18.103577,222,8238.624469
60.435593,202,8239.900663
-60.692748,141,8240.783961
-107.792163,613,8250.904546
11.392022,80,8251.409928
755.840821,1000,8257.832639
195.424759,1000,8271.497442
423.155676,1000,8277.802326
306.738552,1000,8294.103821
934.453713,1000,8300.498664
434.754668,1000,8316.065922
63.334618,151,8317.025389
191.332201,1000,8323.324706
57.164196,208,8324.61482
-13.8599,1000,8339.669801
82.884826,212,8340.998717
208.417309,432,8343.747214
-126.77611,378,8346.144605
257.323677,661,8357.655802
339.619787,500,8360.805138
53.632053,1000,8367.180599
100.131659,584,8376.410984
554.00954,1000,8382.728139
7.03668,158,8383.762012
83.800788,1000,8400.074222
89.875939,215,8401.4646
693.15204,1000,8407.80671
638.468865,1000,8421.183976
101.789022,274,8422.881378
405.054193,1000,8429.270981
793.46823,1000,8442.047942
109.040777,319,8444.067119
120.755329,294,8445.900312
56.070063,207,8447.196084
138.068838,340,8449.338475
88.74091,168,8450.380045
110.012294,295,8460.207756
95.042032,220,8461.59737
-4.276961,176,8462.711734
633.688701,1000,8469.034097
44.981132,597,8481.784941
306.644892,497,8484.938014
618.302536,1000,8491.422753
45.46919,127,8492.210833
344.281263,1000,8504.613291
591.776802,1000,8510.957637
-27.911656,95,8511.543134
60.542946,402,8523.702531
82.054372,170,8524.770166
128.609738,199,8526.058967
600.762193,1000,8532.48036
958.554158,1000,8545.386068
128.944086,433,8548.120262
67.882047,334,8550.346608
43.8527,166,8551.391791
51.59032,149,8552.34285
36.025959,179,8553.513557
614.344222,1000,8566.115891
7.787051,155,8567.073499
65.274116,101,8567.734682
221.789125,415,8570.37345
464.037579,1000,8584.186
82.373616,300,8586.078561
290.96734,550,8589.550964
999.839499,1000,8605.502195
10.199164,127,8606.321911
-584.255076,1000,8612.813154
62.62208,196,8614.075571
138.016863,282,8615.836642
84.096721,447,8629.80061
570.054014,1000,8636.191903
212.167583,1000,8650.544135
604.595112,1000,8656.996726
611.367514,1000,8673.135439
667.912047,1000,8679.515655
-237.897214,966,8685.632831
57.495447,223,8694.37474
661.326504,1000,8700.856945
293.469274,453,8703.762466
688.819625,1000,8715.487358
68.255395,223,8716.868002
187.085786,588,8720.644069
625.072301,1000,8734.63556
34.577112,157,8735.652425
440.386461,1000,8741.991433
832.127853,1000,8753.515003
14.025838,132,8754.353537
35.654363,133,8755.181844
382.883729,1000,8761.631272
949.621278,1000,8774.759407
127.136125,194,8775.974306
65.816493,172,8777.067667
-53.568006,177,8778.193849
834.988768,1000,8790.976571
131.264364,252,8792.611322
22.473363,242,8794.166743
60.115144,164,8795.235945
44.033501,169,8796.288043
748.288214,1000,8802.673123
713.282053,1000,8816.804894
170.660407,350,8819.150735
-28.069921,274,8820.862553
115.941504,552,8835.39499
12.603371,202,8836.677258
580.442113,1000,8843.074959
109.300618,181,8844.199739
58.692992,131,8845.0323
799.015224,1000,8861.266636
690.17041,1000,8867.669681
71.544883,185,8868.870514
292.638814,1000,8884.251216
87.388287,221,8885.683556
90.31861,224,8887.103676
207.038878,1000,8900.560269
157.202219,661,8904.79499
37.309462,157,8905.832182
801.458654,1000,8912.271271
197.95777,1000,8927.378142
858.181413,1000,8933.736186
67.732297,199,8941.752633
770.670397,1000,8948.153145
816.526233,1000,8954.549022
36.1058,220,8962.884327
495.825175,1000,8969.436579
534.317311,1000,8986.769105
23.303268,169,8987.839311
689.069598,1000,8994.246546
336.888613,1000,9007.76503
76.205515,192,9009.005106
107.488055,318,9011.054897
535.094531,1000,9017.414028
97.404492,1000,9033.211902
148.432338,241,9034.761919
-444.188032,1000,9041.109226
-26.477659,323,9051.881215
-442.122101,1000,9058.296824
644.303317,1000,9072.670252
726.31891,1000,9079.078311
747.285654,1000,9093.851809
21.322637,95,9094.443961
30.072056,112,9095.167221
151.052422,259,9096.810409
53.886174,183,9097.982635
-45.800783,336,9100.080962
50.72318,122,9100.86315
104.476869,272,9102.581464
522.473265,1000,9115.314164
364.449807,1000,9121.827442
-8.834435,151,9122.775388
39.648399,150,9123.714883
67.638897,171,9124.804663
796.361242,1000,9138.936349
594.007626,1000,9145.228882
23.423234,174,9153.171611
-64.142002,176,9154.314892
290.338356,1000,9160.708456
186.450105,362,9163.051903
41.874251,167,9164.142577
54.679851,197,9165.397147
46.029564,94,9165.986565
42.87886,139,9173.886417
22.757691,152,9174.877064
133.432214,1000,9181.327667
60.600844,151,9182.318655
67.170468,215,9183.670552
680.301481,1000,9195.481563
384.825325,1000,9201.817818
-345.188159,1000,9216.880104
66.247801,174,9218.028135
37.393471,121,9218.757187
79.797204,175,9219.903609
75.71521,116,9220.655518
5.320147,138,9221.505042
366.68655,419,9224.209524
-289.337686,849,9237.422511
91.961808,185,9238.712702
75.343828,178,9239.882588
330.131841,1000,9246.22556
-9.516544,420,9255.839476
37.276104,166,9256.868236
44.8515,609,9260.72412
6.720833,104,9261.401395
51.133103,218,9262.745224
317.475145,445,9265.584268
82.278781,181,9266.731796
108.230334,516,9275.633007
251.101928,1000,9281.985582
514.804881,1000,9297.495139
106.597809,1000,9304.026371
85.905029,202,9305.310274
80.486089,288,9307.131413
1107.428493,1000,9319.425541
1.700619,147,9320.36232
977.332775,1000,9326.763245
-613.698471,1000,9340.041674
737.197367,1000,9346.508548
39.45899,267,9356.16763
746.148904,1000,9362.63536
32.277497,161,9363.626133
713.146843,1000,9377.172146
60.859204,136,9378.020407
64.818726,135,9378.880117
-67.553737,116,9379.625637
689.840396,1000,9386.042681
556.825625,1000,9401.354517
57.647464,153,9402.347509
262.551845,1000,9408.669293
92.195705,138,9409.581327
12.053479,145,9410.481086
-16.263771,245,9423.83046
47.082213,119,9424.596129
47.222221,203,9425.895132
-65.970655,124,9426.685347
41.749811,94,9427.28586
82.116387,137,9428.145291
965.770851,1000,9434.523423
40.499666,138,9435.405897
257.170966,605,9446.482923
64.016863,182,9447.646183
112.620824,497,9450.911957
-83.976797,262,9452.596986
53.766768,124,9453.371887
717.819632,1000,9467.709331
332.362437,1000,9474.048619
79.093591,221,9475.502424
50.335542,220,9476.903151
80.206316,161,9486.381199
24.87381,171,9487.477001
60.641653,406,9490.08879
64.950832,201,9491.376881
530.943653,946,9497.401971
63.492446,192,9504.997711
915.522822,1000,9511.473834
45.611661,203,9512.775092
53.117752,174,9513.876954
126.87272,405,9516.449931
102.838892,361,9526.457098
140.169606,310,9528.45976
909.307475,1000,9534.868847
261.875197,479,9537.890246
63.816084,421,9549.313349
929.783614,1000,9555.607888
10.322945,111,9556.324171
69.678647,221,9557.7488
56.591366,197,9558.980696
-113.473637,403,9569.995348
530.603253,1000,9576.3884
619.169914,1000,9588.845136
59.585675,182,9590.028782
149.720131,673,9594.265837
20.314307,113,9594.951146
-18.215295,116,9595.68347
616.868508,1000,9609.425413
88.608482,190,9610.649691
105.116908,158,9611.64121
860.14133,1000,9617.966148
5.795074,161,9618.973521
35.322592,158,9619.998287
71.959807,275,9630.04325
325.132714,1000,9636.465117
35.694804,131,9637.312759
11.126137,185,9638.525581
988.684857,1000,9652.891146
76.994841,155,9653.903502
34.889998,161,9654.898872
-91.839161,265,9656.598703
47.317147,143,9657.555833
694.0225,1000,9663.963695
558.762783,1000,9679.880244
-251.48921,756,9684.702005
1232.815767,1000,9700.243377
154.059533,344,9702.475433
225.285089,384,9704.923787
25.281707,145,9705.832298
77.143599,174,9706.96453
71.163091,246,9708.513212
111.26551,329,9717.595363
64.148436,171,9718.705768
86.090924,147,9719.730794
711.92703,1000,9726.020484
-153.735617,542,9735.264014
107.658412,371,9737.61857
70.964081,174,9738.749853
76.448807,156,9739.786481
-0.48035,125,9740.563297
69.94394,218,9741.91141
70.377407,141,9742.805623
750.961908,1000,9758.261859
70.259035,219,9759.638095
689.533996,1000,9765.989357
30.456914,230,9767.421471
122.03578,388,9769.903216
440.569433,1000,9784.879465
672.308174,1000,9791.301272
116.900723,313,9802.658697
368.090172,422,9805.327135
-347.558037,1000,9811.756275
68.65576,128,9812.568137
-58.355865,191,9813.763892
66.788711,175,9824.700029
761.454362,1000,9831.107616
56.897003,144,9832.007279
-364.375109,1000,9845.994348
-16.103335,148,9846.920476
29.205363,130,9847.729995
-59.562934,151,9848.711647
983.025426,1000,9855.040046
292.313077,1000,9870.628794
1026.875063,1000,9877.020699
64.382482,236,9878.519124
69.339283,878,9889.818836
-20.44523,139,9890.675971
64.060484,203,9891.976992
373.433814,1000,9898.334558
649.9231,1000,9912.039861
48.405707,141,9912.94828
60.238645,588,9916.688204
849.729434,1000,9931.637104
26.861843,177,9932.73165
899.118286,1000,9939.12533
-572.336019,1000,9952.65752
126.138291,333,9954.764127
793.977848,1000,9972.649851
757.449592,1000,9979.03536
444.936067,1000,9993.771997
800.395418,1000,10000.178991
39.456648,176,10001.32979
785.380194,1000,10014.266451
664.25489,1000,10020.643461
346.809277,912,10033.805799
5.100216,119,10034.548641
768.019488,1000,10040.976631
278.146349,713,10045.53802
50.490868,172,10046.62804
63.56568,134,10055.569836
437.661789,813,10060.763585
739.86113,1000,10067.082803
51.861989,294,10077.315282
55.924935,288,10079.244787
1101.014171,1000,10085.586051
833.202939,1000,10098.526633
54.186005,140,10099.424845
547.032481,1000,10105.787504
510.06332,1000,10120.010665
77.668369,180,10121.168247
684.541222,1000,10127.575679
44.039639,189,10128.780266
252.552708,1000,10140.012773
630.271411,1000,10146.393745
397.133043,1000,10160.030622
76.680982,309,10162.008703
51.340762,122,10162.792146
76.288845,286,10164.629432
64.954143,180,10165.72876
61.242634,162,10166.771768
790.656413,1000,10181.226508
122.695035,495,10184.311557
940.656659,1000,10198.630414
-30.480097,223,10200.116524
127.672708,448,10202.981655
93.559052,283,10204.800883
447.15841,1000,10221.888201
38.63052,146,10222.83492
24.328409,224,10224.216211
94.905142,278,10226.041598
185.038704,1000,10232.477653
146.394732,348,10242.242625
62.259726,216,10243.605693
41.205339,118,10244.359334
51.129342,107,10245.046524
299.741636,1000,10251.33673
329.764167,556,10264.278021
38.45656,121,10265.064116
108.055465,546,10268.504455
42.150707,372,10270.854664
894.013342,1000,10283.922795
33.542271,128,10284.758818
65.008689,189,10285.95916
621.844585,1000,10292.356584
406.423717,1000,10305.211124
866.822363,1000,10311.584671
53.940404,144,10312.487168
-38.158256,192,10313.717771
85.715329,273,10315.448513
539.099476,1000,10329.577052
634.942646,1000,10335.906422
-115.651437,369,10348.725003
-73.613112,130,10349.662541
42.965647,324,10351.712773
68.038161,135,10352.545819
94.787544,173,10353.663425
630.286926,1000,10360.072875
64.688423,438,10370.664472
80.809885,198,10371.959008
-8.420348,126,10372.745146
66.690979,212,10374.065555
65.041675,202,10375.308739
-105.766606,100,10375.941355
-17.074093,183,10377.070198
78.465031,202,10378.396284
119.23488,238,10379.970151
944.838977,1000,10396.088212
76.570412,200,10397.350712
49.608788,135,10398.210771
-13.865069,308,10400.131089
105.492051,268,10401.816579
106.953822,207,10403.129686
39.219462,126,10403.921285
238.05248,1000,10416.886769
954.694645,1000,10423.247293
5.432426,126,10432.35244
-19.619769,205,10433.640067
-67.143819,141,10434.531556
160.141128,297,10436.423075
-16.159142,128,10437.227266
162.458209,1000,10443.544646
363.907691,1000,10457.781121
520.720431,1000,10464.015664
711.846269,1000,10478.146066
273.4488,1000,10484.445504
50.666827,146,10485.351696
64.700208,138,10486.201744
797.883882,1000,10498.859012
437.642375,1000,10505.278642
64.263585,220,10512.330024
131.978608,618,10516.242386
837.078313,1000,10522.55904
158.179459,324,10524.646303
1184.148085,1000,10538.471813
47.056222,151,10539.425941
62.815276,149,10540.395766
588.002435,1000,10551.177715
262.919718,305,10553.132795
626.831443,1000,10559.486696
102.408707,189,10560.609274
35.432547,160,10561.636899
603.374572,1000,10577.511224
97.854994,305,10579.404212
96.211425,450,10582.216962
700.359242,1000,10597.926785
109.58387,316,10599.945953
-29.639785,1000,10606.290826
25.070965,129,10607.125754
67.134565,171,10616.044549
96.986083,264,10617.693751
97.171769,245,10619.355916
1214.570008,1000,10625.68316
-28.130408,523,10637.827058
53.958732,134,10638.675007
550.01296,1000,10644.970567
117.69395,249,10646.518282
137.827233,250,10648.081736
796.421912,1000,10664.809294
-84.629266,246,10666.359412
519.007639,1000,10672.638386
659.826,1000,10686.666214
26.037478,205,10687.941252
60.566064,170,10689.023936
92.233821,161,10690.058462
1003.521163,1000,10704.915769
62.491723,1000,10711.262555
653.182478,1000,10726.592936
747.667506,1000,10732.913712
77.164624,285,10734.77947
83.945081,171,10735.846862
529.412914,931,10747.841958
747.339107,1000,10754.121869
84.910595,240,10755.648562
47.49892,132,10756.482748
349.823524,1000,10768.10146
506.654119,1000,10774.530977
57.859965,166,10785.033737
77.087884,187,10786.230002
707.41112,1000,10792.596907
754.338781,1000,10805.385149
70.918944,274,10807.171082
931.149972,1000,10813.550832
325.168337,1000,10827.008037
131.769245,390,10829.609576
102.901166,346,10831.79373
127.503429,323,10833.818393
776.658034,1000,10848.445676
608.111212,1000,10854.84392
-66.537685,273,10856.594187
-64.758719,281,10858.360145
186.985861,679,10872.357862
-4.226805,202,10873.634707
816.082394,1000,10880.045713
56.883682,154,10881.023871
333.823461,1000,10896.092297
10.389747,213,10897.43155
464.439417,1000,10911.172
793.949949,1000,10917.529854
736.166048,1000,10931.216233
41.434192,158,10932.204795
192.36469,1000,10938.658057
998.545471,1000,10954.823341
34.268206,150,10955.889169
72.659592,158,10956.989961
812.143418,1000,10963.705858
71.485773,179,10964.813531
486.730856,1000,10979.002968
455.668976,1000,10985.69474
592.428601,1000,10999.599514
147.760494,496,11002.692841
379.312191,1000,11017.52281
74.376517,149,11018.467763
27.931039,152,11019.462779
73.713421,295,11021.360516
33.72662,128,11022.173018
49.751462,178,11023.301883
188.936102,849,11028.664574
76.928904,220,11030.086571
72.960489,187,11040.641013
315.357225,1000,11047.019359
444.693664,1000,11061.868365
535.790651,1000,11068.223829
774.827108,1000,11080.158906
576.660158,1000,11086.540301
54.64563,141,11087.436591
24.217838,119,11088.195751
612.821346,1000,11104.06997
50.276494,134,11104.92685
52.402603,260,11106.57433
106.400013,204,11107.879458
15.504297,310,11109.874054
111.038287,303,11111.795541
117.684777,269,11113.496533
1010.190233,1000,11127.427483
66.764968,248,11129.047844
121.885336,306,11131.048322
570.447341,1000,11144.770236
524.448251,1000,11151.158329
645.042627,1000,11166.510501
124.408591,338,11168.662283
1.708192,531,11172.056152
46.453909,170,11173.149371
581.480248,1000,11187.889856
992.957815,1000,11194.209419
123.64072,355,11196.497256
210.980615,500,11199.666098
115.246163,341,11209.859006
429.924873,1000,11216.25443
-4.098844,155,11217.224378
718.890656,1000,11233.283162
237.612096,1000,11239.630575
317.755448,833,11253.277651
101.89842,271,11255.046223
540.704661,1000,11261.402875
64.532497,165,11262.47255
47.965768,185,11263.664403
884.176533,1000,11277.554081
-50.16149,172,11278.655731
686.418773,1000,11285.214866
246.458143,774,11297.595885
36.109614,188,11298.813812
1028.781097,1000,11305.120039
56.833032,163,11306.199636
93.925311,254,11315.601889
145.111021,313,11317.643132
-8.8961,133,11318.509392
576.094133,1000,11324.828911
39.729026,154,11325.834059
3.144927,165,11326.858616
66.824638,229,11335.927052
759.039025,1000,11342.451955
116.406485,260,11344.100396
262.516008,1000,11359.116106
-20.431114,201,11360.382053
56.874168,147,11361.3224
85.616099,160,11362.334655
707.774177,1000,11368.694599
-5.640371,219,11381.396024
136.610758,322,11383.461757
-77.54944,329,11385.538764
42.738024,177,11386.666313
151.405531,356,11388.946518
178.436238,577,11392.612222
29.917618,250,11403.971293
808.050698,1000,11410.436601
34.104434,195,11411.666867
152.609709,417,11414.326295
19.295014,247,11415.875655
-130.69849,510,11428.763747
918.372789,1000,11435.203767
629.334091,1000,11451.278725
1104.672827,1000,11457.62827
51.215833,118,11458.344831
86.457161,217,11459.820005
422.696017,1000,11474.540745
236.062767,1000,11480.888977
628.024989,1000,11495.007692
33.004847,303,11496.878503
54.869256,150,11497.864363
615.896,1000,11504.237655
920.961854,1000,11518.749843
-30.104455,225,11520.304945
49.915847,165,11521.314939
36.075039,135,11522.175287
84.242356,168,11523.270732
-543.299188,1000,11541.266578
152.342462,613,11545.18604
-50.55862,205,11546.478563
100.181193,228,11547.933588
636.287576,1000,11563.561312
91.866563,272,11565.315798
675.042996,1000,11571.7399
432.859462,1000,11588.595127
779.971759,1000,11595.093387
-24.876598,119,11595.839828
388.212269,1000,11608.014413
49.022493,146,11608.947889
-101.000309,349,11611.302423
399.138253,1000,11626.496086
95.868158,191,11627.716261
481.798735,1000,11634.146518
61.93019,194,11635.394067
-27.633211,378,11643.263999
59.848574,225,11644.7279
-69.15626,157,11645.75312
77.28649,1000,11652.200103
549.892428,1000,11667.8916
171.828257,577,11671.691733
12.125832,145,11672.602447
1109.367462,1000,11687.347296
283.246472,810,11692.566942
499.407463,1000,11698.945885
68.533073,408,11710.113058
180.516473,1000,11716.451825
-40.73792,279,11718.251972
67.03711,244,11719.842292
119.280562,252,11721.400666
63.040887,163,11729.094892
721.707649,1000,11735.618936
95.645336,392,11738.062871
447.116872,1000,11753.248855
-39.951983,557,11756.840372
979.387203,1000,11763.240414
13.901831,98,11770.378537
-152.766848,650,11774.525113
64.551448,208,11775.877306
34.684633,115,11776.572833
731.318383,1000,11783.00132
43.533524,131,11791.932668
657.07835,1000,11798.436693
660.592826,1000,11814.608696
756.656054,1000,11821.041892
77.50417,834,11826.366521
57.042785,135,11827.211826
943.343185,1000,11843.089092
685.68799,1000,11849.52697
1005.28917,1000,11864.843338
-356.689518,1000,11871.201624
12.035578,298,11881.529273
372.66652,741,11886.301483
0.409824,133,11887.159831
172.267109,294,11889.075453
684.246912,1000,11902.521904
5.09497,131,11903.354216
20.042338,233,11904.855205
141.143157,308,11906.825219
55.663917,116,11907.52323
497.607332,778,11912.55792
88.533381,640,11925.131701
23.986954,415,11927.820955
62.039716,222,11929.264527
216.424465,1000,11942.545534
718.713389,1000,11948.974929
1026.289729,1000,11955.273369
76.410808,214,11966.325696
948.016116,1000,11972.777765
80.666507,1000,11987.812534
513.33799,1000,11994.192281
101.383025,252,11995.827386
241.068579,1000,12010.5832
37.846185,168,12011.673367
1052.003441,1000,12018.085728
318.811467,1000,12032.242481
296.003421,386,12034.676575
20.919106,86,12035.256112
107.700174,247,12036.786347
71.348753,189,12037.983621
-623.19243,1000,12053.968919
119.896909,448,12056.881516
-101.748219,297,12058.785662
-370.386855,1000,12073.561738
54.18824,214,12074.976125
310.386547,1000,12081.33601
26.270817,101,12082.015696
-303.95614,745,12096.52479
-167.18611,715,12101.132997
249.79285,458,12104.060485
860.707224,1000,12119.138346
38.717627,140,12120.160123
-132.685057,1000,12126.517895
156.140634,299,12128.467854
-21.057262,142,12129.361054
61.60349,227,12130.817724
-8.327264,94,12141.860429
32.02204,116,12142.604162
-381.911918,1000,12149.087495
549.918407,1000,12164.240144
404.24997,1000,12170.685502
210.553152,834,12175.995913
94.091676,243,12185.924625
183.037186,1000,12192.252808
660.742354,1000,12208.503045
-129.700335,385,12211.082487
651.704362,1000,12217.364108
25.475506,92,12217.972737
795.012885,1000,12232.208112
99.361203,243,12233.712725
71.846855,162,12234.772311
93.018894,338,12236.943735
692.985855,1000,12250.7268
107.024593,1000,12257.079299
62.216624,470,12260.056302
781.930605,1000,12275.483996
-135.078151,873,12281.024523
427.04718,1000,12294.967306
81.976588,397,12297.508109
71.405291,268,12299.200108
144.776321,487,12302.37792
585.642813,1000,12315.181587
-131.152495,1000,12321.58544
23.797555,106,12322.275498
34.119046,158,12323.246339
14.405161,159,12324.239334
138.192333,281,12335.575199
114.610804,222,12336.994169
777.198552,1000,12343.45843
68.380008,207,12344.739305
127.890762,433,12357.040084
821.602299,1000,12363.607705
810.598516,1000,12370.030001
24.393806,156,12377.941502
-38.574567,176,12379.05001
61.244771,498,12382.301986
530.522451,1000,12388.730967
172.005819,427,12401.463977
83.66964,224,12402.931543
377.765761,1000,12409.280549
115.531858,307,12411.2126
813.237224,1000,12425.806721
88.355291,261,12427.496412
87.404966,157,12428.517531
-154.924139,551,12432.005488
2.232614,143,12432.903915
52.566545,123,12433.688712
161.18523,262,12445.812201
118.818188,270,12447.552713
36.955381,138,12448.425818
115.828925,276,12450.318279
552.281074,1000,12456.703036
-60.193818,440,12468.824266
80.832992,195,12470.051462
61.214666,228,12471.481069
85.369144,186,12472.668887
-2.173918,528,12476.054153
54.827268,186,12477.251651
1126.181758,1000,12492.403787
38.068366,195,12493.678035
150.814155,362,12496.026987
-3.413693,131,12496.867754
362.220008,1000,12512.000686
778.187559,1000,12518.434287
930.846523,1000,12535.080649
679.703264,1000,12541.605352
39.22975,106,12542.297872
590.881445,991,12557.531817
38.821907,350,12559.783666
89.975053,237,12561.277369
56.88644,179,12562.430081
102.281496,540,12565.841552
559.240483,1000,12581.568347
61.201529,160,12582.626983
27.201852,1000,12589.032406
-274.382577,1000,12604.484351
1038.047414,1000,12610.957023
153.525356,680,12626.948881
897.969207,1000,12633.406574
383.939611,1000,12648.802593
44.298809,149,12649.75314
593.580592,1000,12656.177032
946.121983,1000,12671.062595
65.328326,231,12672.569124
1005.781338,1000,12678.999591
252.443943,1000,12695.154616
62.011213,146,12696.091044
725.03832,1000,12702.546858
688.880911,1000,12715.827324
18.681258,1000,12722.258949
835.444637,1000,12740.692433
-53.209821,189,12741.884146
733.402408,1000,12748.256948
-152.13624,1000,12762.546054
-133.439945,908,12768.33542
69.252203,171,12769.417616
610.511174,1000,12788.379567
359.195314,1000,12794.787572
145.121091,814,12806.785063
333.772925,760,12811.741508
60.547495,147,12812.673087
67.139205,140,12813.566663
-549.746566,1000,12828.096663
73.919603,216,12829.442296
135.274074,287,12831.302704
735.92903,1000,12837.690761
195.761858,552,12849.897415
41.146276,99,12850.509451
48.766319,118,12851.287745
829.1682,1000,12857.689018
101.257761,302,12859.636312
18.802991,109,12860.270593
61.607541,149,12868.818184
76.026172,215,12870.253196
1076.718358,1000,12876.652253
53.906632,181,12877.838594
812.213955,1000,12894.426514
53.454952,238,12895.946506
940.126327,1000,12902.454804
701.862041,1000,12918.067499
250.035217,1000,12924.361426
636.057382,1000,12939.073171
298.414442,1000,12945.402763
-21.334226,68,12945.82993
35.626686,125,12946.608837
1086.391741,1000,12958.894007
425.749163,1000,12965.281214
55.054047,168,12966.360486
-45.289198,267,12975.642521
436.953606,1000,12982.08553
138.2812,256,12983.720295
1019.160716,1000,12997.602586
84.296151,349,12999.874985
34.884351,143,13000.78021
698.727837,1000,13007.25228
92.21039,246,13008.750626
933.578477,1000,13023.285132
19.573574,106,13023.960664
-24.785096,478,13026.985241
64.867595,360,13029.319682
433.238964,1000,13041.548007
37.239355,181,13042.725154
67.621566,186,13043.940122
751.258985,1000,13058.986387
47.096421,384,13061.440875
240.585896,667,13065.693681
52.260788,186,13066.873981
598.898995,1000,13080.606869
79.309937,266,13082.307733
326.399478,1000,13088.704982
105.661661,177,13089.81538
1047.239433,1000,13106.34554
41.642592,174,13107.458878
-240.393458,306,13109.390051
424.003833,1000,13123.937245
876.072282,1000,13130.368236
62.463422,259,13132.012234
742.910196,1000,13149.097281
1144.281254,1000,13155.498501
93.938727,1000,13171.416335
54.742704,281,13173.20675
890.773205,1000,13179.609072
442.080518,1000,13194.150725
45.378079,167,13195.244153
380.976717,1000,13201.702394
579.711153,1000,13216.547164
70.205129,208,13217.874578
-296.198552,993,13224.259486
380.064543,1000,13241.269629
77.47423,243,13242.828144
69.896793,321,13244.864091
70.780006,184,13246.05667
35.801809,172,13247.194269
20.297173,88,13247.728086
84.297354,300,13259.50279
488.269226,1000,13266.018022
934.666506,1000,13282.380714
53.095442,162,13283.437649
28.621962,141,13284.317968
1190.598485,1000,13290.823941
5.321705,203,13292.123755
88.921312,397,13294.657794
35.722742,283,13305.898192
67.41744,179,13307.033432
82.381674,236,13308.540122
156.453133,396,13311.083903
-292.64328,810,13316.286509
499.139716,1000,13331.70669
765.631807,1000,13338.118492
254.76425,678,13348.733771
185.533901,965,13354.952295
146.345948,332,13357.097941
65.444861,134,13357.961033
-162.585342,658,13375.189597
30.08678,108,13375.911683
671.329593,1000,13382.410274
18.835713,222,13383.841967
40.13957,175,13384.966172
961.924325,1000,13403.783333
283.666276,781,13408.777024
44.04018,246,13410.468132
48.107005,237,13422.291932
465.169927,1000,13428.664353
445.419459,1000,13444.491775
142.536605,1000,13450.883832
6.619664,212,13452.217877
758.648068,1000,13469.48741
-15.648869,222,13470.975708
-132.274947,426,13473.706519
-102.762199,512,13476.95071
760.427614,1000,13496.442782
60.483991,185,13497.599731
504.178001,1000,13504.190403
23.151237,1000,13521.02538
351.621186,745,13525.772962
806.153447,1000,13541.180549
147.220584,277,13542.928393
49.194574,133,13543.768129
821.055772,1000,13550.236377
91.988364,339,13552.388886
6.338347,39,13552.646707
771.832057,1000,13568.790784
745.505786,1000,13575.195704
425.796736,1000,13590.819427
801.053095,1000,13597.208066
315.784203,1000,13613.664366
-27.166312,100,13614.319421
653.938915,1000,13620.831338
1184.861636,1000,13641.403951
184.386369,435,13644.179957
-7.445359,77,13644.673609
49.517628,142,13645.591599
50.97537,250,13647.206161
887.684844,1000,13662.537674
212.422843,1000,13668.93378
111.286606,367,13682.909238
864.36301,1000,13689.325286
823.633706,1000,13704.714412
861.804194,1000,13711.158394
61.011729,220,13712.521758
81.452207,241,13714.058669
462.318817,1000,13732.64051
-40.262769,83,13733.17402
741.565788,1000,13739.658415
-1.277159,143,13740.626278
210.314636,539,13754.982963
618.989528,1000,13761.402964
404.500672,883,13778.628973
-172.872117,316,13780.666131
869.480151,1000,13787.031407
-28.498641,493,13790.162388
256.116403,1000,13807.118522
13.502042,505,13810.305933
-0.796568,409,13812.950131
-42.633456,206,13814.258837
46.454108,480,13830.350178
128.225789,304,13832.230443
519.30441,1000,13838.611885
48.887245,201,13839.925776
50.197442,346,13853.587495
39.189871,158,13854.58076
36.959984,252,13856.189699
98.21681,263,13857.874507
25.863137,79,13858.383394
369.721387,763,13863.335753
1.221541,100,13863.993842
73.037637,247,13865.58005
6.374923,109,13877.981499
777.811382,1000,13884.420322
104.512348,266,13886.077887
129.942836,445,13888.932052
38.398027,78,13889.406923
513.679816,1000,13906.692887
395.015866,1000,13913.092165
-44.766519,81,13913.610383
33.917152,141,13914.494234
-518.070208,1000,13930.915902
53.937301,164,13931.944933
15.150318,66,13932.373941
78.205636,455,13935.246425
91.783443,167,13936.321543
47.933837,210,13937.635983
24.702015,169,13945.583987
45.603131,173,13946.685585
-27.29275,169,13947.726357
86.705335,289,13949.557751
-0.617364,37,13949.80543
-23.427611,65,13950.265159
31.693041,146,13951.231753
674.162537,1000,13957.500316
44.546193,203,13968.313018
150.066948,512,13971.571309
67.801761,205,13972.916407
41.438152,256,13974.561313
8.549334,88,13975.133253
355.154535,1000,13992.082865
44.492259,136,13992.931391
705.552378,1000,13999.329456
-32.357013,60,13999.710899
66.557152,158,14000.751148
670.803896,1000,14016.043764
743.866529,1000,14022.390645
673.396383,1000,14037.332228
161.624064,476,14040.448553
-4.600916,53,14040.794966
15.448063,68,14041.237744
-50.836541,552,14044.760534
267.826625,1000,14058.782756
949.662021,1000,14065.17678
59.882173,146,14066.097394
139.656859,555,14078.477529
490.093433,1000,14084.782377
47.447291,221,14086.196419
99.689764,530,14089.548898
49.396334,174,14099.687118
-80.073297,240,14101.336458
55.388309,106,14101.986552
78.49451,194,14103.212301
76.971432,344,14105.402488
-11.81596,455,14108.299779
18.469592,63,14108.698944
110.001579,461,14111.640387
21.829043,66,14112.067867
102.140754,261,14122.906952
39.338392,123,14123.691985
701.977588,1000,14130.167732
62.133891,201,14131.447581
712.738,1000,14147.21361
743.160605,1000,14153.640378
569.336987,1000,14169.301867
318.906893,1000,14175.66524
776.538686,1000,14191.90187
-0.9657,55,14192.257773
741.14973,1000,14198.629155
58.972797,169,14199.719502
348.014792,425,14213.932086
100.415526,373,14216.292825
56.441268,164,14217.335923
872.040669,1000,14223.771363
14.737412,280,14225.535106
638.016301,1000,14241.439075
38.944895,154,14242.391221
1118.62989,1000,14248.809629
20.614327,113,14249.508735
939.537759,1000,14264.187283
53.687,253,14265.799825
27.104384,112,14266.515888
1022.919886,1000,14283.157512
371.878022,1000,14289.593625
36.818959,133,14290.432263
-33.158792,93,14291.042195
22.279686,210,14292.369315
59.828381,315,14302.970719
795.670232,1000,14309.412578
78.848728,163,14310.541379
-166.253837,547,14314.001462
411.421961,1000,14330.755704
63.659974,179,14331.884501
34.782335,116,14332.639232
526.904768,1000,14338.952194
121.177173,508,14350.372271
130.231865,275,14352.157784
-2.350957,88,14352.694713
122.067149,260,14354.329871
53.386663,193,14355.558224
-8.001119,228,14357.021596
630.520432,1000,14372.368973
705.280941,1000,14378.763876
139.196793,1000,14395.769463
743.917457,1000,14402.272606
1.400395,159,14403.312111
73.268223,137,14404.185563
-184.572219,478,14417.003635
-8.226842,1000,14423.457744
1097.200318,1000,14437.89906
64.037817,171,14439.014233
77.761945,167,14440.111073
244.21026,427,14442.859024
43.678495,367,14445.220204
60.311987,166,14446.312841
677.916077,1000,14464.180586
17.644329,220,14465.607412
582.196082,1000,14472.016563
85.209998,280,14473.812091
280.364599,1000,14490.506296
62.816045,110,14491.21541
99.317618,326,14493.274136
57.212842,133,14494.104333
-32.467323,258,14495.741264
81.547604,268,14497.475759
293.822531,1000,14513.926241
133.607095,276,14515.68739
43.888593,169,14516.781655
87.421619,296,14518.677785
728.269269,1000,14535.351039
30.020505,70,14535.798465
211.238732,1000,14542.249844
828.41055,1000,14560.607803
122.974203,1000,14567.030194
136.9735,436,14569.818545
591.687779,1000,14589.454506
371.89411,1000,14595.869056
586.46878,1000,14614.736923
45.785297,726,14619.346833
97.156625,274,14621.112548
33.883728,71,14621.549866
41.088279,348,14635.668827
58.575131,268,14637.353277
-373.287683,1000,14643.864626
575.355332,1000,14661.949821
16.451917,233,14663.407575
388.2751,1000,14669.871681
83.28569,326,14671.978828
575.823085,1000,14688.100196
83.539253,199,14689.368681
55.533591,251,14690.964671
159.37449,349,14693.191465
286.127568,489,14709.659874
64.318493,209,14710.951722
630.741015,1000,14717.329876
-59.635589,258,14718.979536
-22.351383,216,14720.351922
23.928288,198,14731.136068
605.292156,1000,14737.52264
20.444158,94,14738.099402
94.993973,279,14739.867573
682.528536,1000,14755.253289
455.864155,843,14760.675917
75.381363,213,14762.041172
55.355907,225,14763.452561
158.574067,1000,14782.225152
60.008985,493,14785.422281
-141.261943,595,14789.25909
225.221757,320,14791.379461
53.2939,139,14803.808595
-56.169272,357,14806.121465
756.605417,1000,14812.478601
188.372418,247,14814.064566
236.563907,421,14826.014025
643.846972,1000,14832.418645
537.424322,1000,14848.088931
627.223192,1000,14854.584608
51.934995,147,14855.499673
57.452559,582,14859.220063
735.265326,1000,14878.226873
64.673595,121,14878.970109
661.63812,1000,14885.477657
885.637215,1000,14903.179671
-3.745296,268,14904.884871
924.833421,1000,14911.414296
52.041717,557,14928.571817
115.585935,259,14930.246225
712.502595,1000,14936.709078
226.408811,1000,14953.595965
52.02736,232,14955.088386
418.464686,796,14960.240729
103.864863,264,14972.569878
76.739144,1000,14978.975443
10.901685,100,14979.595694
693.055287,1000,14994.514026
440.217883,1000,15001.116642
-125.432909,377,15003.514497
-43.912343,115,15004.263687
50.269792,394,15006.766629
95.218221,197,15018.511623
365.129582,1000,15024.937119
934.412458,1000,15040.309421
103.815824,326,15042.411263
68.026406,156,15043.418898
81.364645,257,15045.04983
802.778105,1000,15051.384816
137.977996,692,15065.873627
-13.893279,223,15067.288324
56.43212,155,15068.262652
34.057014,138,15069.131358
761.445627,1000,15075.518948
705.70116,1000,15091.968688
486.177113,1000,15098.353051
49.152973,227,15111.910785
791.853092,1000,15118.304352
78.332828,269,15120.125206
88.47091,222,15121.556592
100.481408,246,15123.150358
83.337421,247,15134.384117
869.548623,1000,15140.806118
315.387733,584,15144.528612
12.973774,97,15145.161908
-763.774868,1000,15160.758896
85.83854,348,15162.997349
620.051821,1000,15169.447765
742.663028,1000,15183.826193
-198.013532,601,15187.706465
200.767737,258,15189.332431
43.013804,188,15190.52546
423.434352,1000,15207.316969
72.093571,209,15208.702763
-24.023315,165,15209.72501
123.060975,257,15211.477561
480.731378,1000,15228.012397
355.546264,644,15232.173089
61.319501,153,15233.127993
98.590731,315,15235.118793
85.454027,244,15236.692815
615.01017,1000,15254.661447
-73.337699,298,15256.531971
67.684351,161,15257.58608
706.57168,1000,15272.592346
-117.239683,172,15273.702407
31.402978,1000,15280.166852
797.084097,1000,15296.126825
41.00246,142,15297.079057
56.553129,278,15298.864088
93.050034,256,15300.603099
141.987091,307,15302.572689
-54.700724,130,15303.393868
808.562214,1000,15320.835521
609.991111,1000,15327.293126
269.406363,1000,15344.397026
752.949305,1000,15350.804703
63.062821,239,15352.363555
151.37953,287,15354.180605
314.08268,1000,15369.623943
115.283662,374,15372.016432
543.515064,1000,15386.827449
59.806509,200,15388.100016
613.156693,1000,15394.591514
929.605271,1000,15411.765807
707.078728,1000,15418.233659
391.703157,539,15421.752936
21.270385,78,15422.238902
745.946618,1000,15438.472841
257.913607,1000,15444.871413
733.776291,1000,15460.821599
-14.639871,76,15461.28753
-130.743517,288,15463.158798
157.955119,318,15465.212779
-77.233698,62,15465.610576
514.951317,1000,15482.130457
30.747593,163,15483.203636
182.730465,285,15485.012158
24.879494,163,15486.088135
38.102352,265,15487.768363
5.601016,95,15488.347923
-14.41847,235,15489.862499
729.328711,1000,15507.066367
33.71726,127,15507.880574
1044.132145,1000,15514.311812
31.684459,115,15515.059027
245.453041,440,15527.851989
870.220328,1000,15534.305501
985.90007,1000,15550.328366
24.534588,123,15551.106538
387.742097,820,15556.319114
28.651961,135,15557.177669
-58.526146,292,15559.070346
23.25376,79,15559.557866
807.635504,1000,15576.94185
72.783632,251,15578.515291
125.109454,298,15580.456717
47.832421,164,15581.545532
455.42234,838,15595.629527
58.10176,190,15596.87369
37.803978,139,15597.754359
70.848894,168,15598.811245
539.394536,1000,15605.221096
-71.643442,283,15607.064034
222.776012,1000,15623.484179
51.375084,214,15624.876412
-104.435938,476,15627.908726
65.420663,157,15628.881984
-73.776497,42,15629.15987
623.092252,1000,15643.492054
18.031587,141,15644.395783
442.763171,1000,15650.887622
78.57606,174,15663.773326
645.729536,1000,15670.215394
281.53176,1000,15684.857337
-9.694063,77,15685.373765
21.759868,209,15686.734982
15.054365,170,15687.830838
876.226123,1000,15694.261826
23.293869,166,15695.329534
109.003569,380,15697.755934
43.977323,170,15709.550363
-10.513626,278,15711.36976
632.640664,1000,15717.741865
-419.270365,574,15721.474663
889.960281,1000,15735.663483
51.70717,80,15736.175435
290.671643,913,15742.07884
97.811565,192,15752.233039
103.418982,1000,15758.659612
101.617277,1000,15771.790238
76.852318,173,15772.956776
98.59085,184,15774.13366
98.561262,260,15775.79846
638.664337,1000,15782.36926
28.117847,112,15783.09576
60.394529,150,15784.061742
50.373784,177,15794.821188
108.913982,215,15796.221816
120.326488,241,15797.789196
-108.130156,382,15800.266894
96.461943,253,15801.89538
152.114081,403,15804.473528
976.724134,1000,15819.472966
873.494263,1000,15825.937254
72.478897,183,15827.086081
-33.235872,106,15827.775049
-25.872793,72,15828.236892
62.747356,492,15839.115719
25.939063,223,15840.619955
154.899631,326,15842.707282
607.41949,1000,15849.103571
191.424297,514,15861.519523
965.187188,1000,15867.983611
858.004239,1000,15883.237227
10.395994,95,15883.863152
-111.669971,273,15885.62366
51.61402,160,15886.672731
137.884024,209,15887.991111
133.752611,276,15889.781733
634.876156,1000,15903.807982
-28.781923,177,15904.962034
1017.059286,1000,15911.401849
-53.20112,61,15911.799182
679.333983,1000,15928.234346
704.837101,1000,15934.748623
517.377826,1000,15951.192302
849.861233,1000,15957.643862
45.549418,272,15959.369021
26.534225,115,15960.134432
238.321559,320,15972.53009
-24.366057,73,15973.008878
35.598693,93,15973.568741
806.600964,1000,15979.999546
17.149596,110,15980.73481
545.488091,1000,15996.749021
188.721134,467,15999.821427
60.567182,220,16001.247691
64.448306,107,16001.978733
710.704502,1000,16008.37402
-84.174333,78,16018.12768
54.434243,155,16019.140012
69.085466,276,16021.013664
611.589528,1000,16027.399729
133.877133,290,16029.259208
16.180249,282,16039.937114
-170.405798,549,16043.494274
20.056559,95,16044.118123
622.475932,1000,16050.64799
53.782332,166,16051.724393
485.025911,934,16065.932998
222.564502,689,16070.352456
960.091368,1000,16087.546491
104.131358,1000,16094.026778
1125.939827,1000,16112.950548
16.287255,70,16113.397811
-22.979489,78,16113.918379
105.083871,224,16115.314184
854.399453,1000,16121.746311
88.165982,273,16123.508042
676.365667,1000,16139.866471
1064.481383,1000,16146.357338
84.632507,271,16160.056879
-181.089827,484,16163.137314
46.576664,246,16164.716883
79.603522,225,16166.160223
750.822267,1000,16183.000428
19.188141,241,16184.571576
1056.69704,1000,16190.919407
634.143831,1000,16210.508801
810.288139,1000,16216.808986
319.66405,1000,16235.79397
698.692346,1000,16242.209753
-45.316823,43,16242.506578
29.429855,130,16243.336217
-1.21521,93,16243.908743
464.333949,1000,16262.520457
135.044898,1000,16268.843481
910.169265,1000,16285.137207
-36.363124,75,16285.602329
269.940709,816,16290.92932
888.395862,1000,16306.615207
-54.544452,151,16307.590066
578.296899,1000,16314.093102
34.746537,121,16314.839901
-1.854317,82,16315.393084
233.338581,349,16317.606193
229.020312,436,16328.919384
29.502319,175,16330.048987
1056.272379,1000,16336.439751
367.3009,1000,16354.28693
958.337164,1000,16360.692411
41.313185,106,16361.351652
720.645195,1000,16377.667485
145.458691,899,16383.470094
-82.968612,118,16384.23581
31.0014,117,16384.988411
-78.500631,212,16386.326345
7.043366,134,16387.180774
44.733107,154,16398.276898
144.593015,268,16400.045869
-107.670077,261,16401.699264
1262.719956,1000,16408.105448
83.62353,175,16409.233818
708.206859,1000,16425.652977
68.918401,157,16426.625473
1017.209443,1000,16433.072569
4.524343,313,16445.993979
571.351047,1000,16452.424124
-64.368084,176,16453.559266
589.852299,1000,16470.439429
648.548604,1000,16476.848257
553.59348,1000,16494.270524
-15.278934,154,16495.259527
70.077612,172,16496.34985
629.656372,1000,16502.86784
72.365616,304,16504.76472
-27.047176,73,16505.213189
-12.465016,82,16505.762337
-36.359703,67,16517.445879
691.008461,1000,16523.84557
262.296103,654,16528.005072
925.981884,1000,16545.239006
39.863758,96,16545.868636
32.89279,171,16546.966603
1096.806554,1000,16553.347106
29.129241,94,16553.975521
25.067257,69,16563.088566
-9.221498,386,16565.597483
663.844506,1000,16571.942163
822.114498,1000,16589.631706
-7.714969,46,16589.94499
636.531301,1000,16596.483965
45.772067,181,16597.659384
858.745095,1000,16613.385293
38.579023,134,16614.230746
93.756082,199,16615.501903
69.934346,136,16616.364908
63.629574,144,16617.284209
712.621461,1000,16634.283339
159.971641,1000,16640.700133
684.733978,1000,16658.326683
74.948512,327,16660.426281
41.659961,139,16661.305474
811.600613,1000,16667.75791
68.98022,261,16669.421633
87.167796,452,16682.624223
117.593698,215,16684.047729
541.21778,1000,16690.391478
88.554325,245,16691.995326
692.503996,1000,16711.170887
-55.774348,128,16711.962205
234.431395,857,16717.390988
678.107532,832,16733.124331
161.942081,466,16736.085
939.961882,1000,16742.547155
47.9828,180,16743.699485
69.480716,175,16756.73261
94.517229,279,16758.547939
25.398466,66,16758.974106
-27.537101,67,16759.419612
-26.091026,83,16759.948111
-77.582862,203,16761.244287
723.994215,1000,16767.713884
46.918895,150,16768.66644
2.984802,147,16779.103131
148.009629,1000,16785.47939
135.272049,304,16787.43599
101.492349,214,16788.798756
133.402779,306,16790.769001
77.000231,319,16801.586698
66.656917,189,16802.81424
114.737455,209,16804.163575
205.399079,497,16807.368386
23.248577,128,16808.199651
307.539638,595,16812.02019
75.245452,634,16825.545264
811.078467,1000,16832.075709
-11.230752,120,16832.845452
64.802554,193,16834.035104
385.925618,1000,16848.002826
141.859541,480,16851.145977
185.469629,323,16853.23351
549.388624,1000,16868.251509
-6.225869,68,16868.686076
495.995034,1000,16875.129938
16.656638,117,16875.889232
851.056193,1000,16893.23206
175.029785,321,16895.269956
55.100926,251,16896.862117
771.516423,1000,16912.318652
-20.196193,169,16913.422025
-53.036187,95,16914.014048
42.552455,394,16916.59127
141.286953,413,16919.208474
79.751253,179,16920.377926
45.293908,156,16921.412163
23.598759,103,16922.081463
340.400561,1000,16935.074808
1.436528,80,16935.586971
868.856918,1000,16941.97238
-33.993633,107,16942.664982
75.330552,164,16943.720633
-44.588561,87,16944.265755
58.560544,169,16957.166001
132.155635,293,16959.042791
41.950674,1000,16965.496018
113.444926,234,16966.981635
-0.232986,98,16967.639108
138.745615,1000,16982.780782
60.466361,186,16983.977139
925.584748,1000,16990.421826
708.353447,1000,17004.627828
-18.795892,1000,17011.172025
338.680585,519,17023.177068
-11.301901,118,17023.889801
1117.906929,1000,17030.300955
-57.265927,159,17031.28319
18.363527,177,17032.416426
72.228451,440,17044.22567
59.535593,165,17045.299183
225.904267,1000,17051.697293
-6.146473,104,17052.378692
884.991868,1000,17066.655689
207.169054,354,17068.939876
507.127492,1000,17075.473835
80.23761,214,17076.836893
512.440895,1000,17092.374182
913.219247,1000,17098.809646
85.259406,294,17107.629167
104.815852,260,17109.313725
249.85102,1000,17115.753273
159.576641,925,17131.592441
-361.788853,1000,17138.113375
43.771519,146,17139.034849
80.77496,220,17140.445867
158.727918,1000,17156.861696
45.814596,131,17157.702827
-112.595942,212,17159.066404
177.344518,1000,17165.569556
88.239287,437,17177.303885
763.485324,1000,17183.653909
278.307343,1000,17200.583609
44.347695,97,17201.205362
-31.087726,89,17201.774636
2.041704,120,17202.544564
57.844143,562,17206.128244
59.469947,275,17207.850002
-54.009012,180,17209.006388
31.782663,112,17209.727597
-2.939247,129,17210.56902
298.764303,699,17224.941065
897.18433,1000,17231.406127
-11.462498,103,17232.102654
133.190992,531,17242.908299
30.660661,385,17245.39588
89.915063,177,17246.535348
946.09034,1000,17253.008603
309.39004,1000,17269.084662
97.474896,172,17270.198046
135.555581,475,17273.205386
678.137838,1000,17290.924097
69.013362,1000,17297.358597
129.020461,337,17299.509671
57.873313,190,17300.715278
82.520002,221,17302.103075
636.054842,1000,17316.45353
-5.976214,96,17317.046064
36.15903,214,17318.445523
-90.288688,69,17318.891037
796.921512,1000,17333.751556
37.95052,111,17334.479295
-72.494455,50,17334.809546
56.847327,734,17339.485278
692.904924,1000,17356.951915
41.984644,124,17357.76306
-16.983383,102,17358.405284
183.529284,383,17360.871074
808.709233,1000,17367.342031
109.323475,468,17378.378666
164.792387,296,17380.299778
88.969888,298,17382.223161
-22.200155,276,17384.012485
78.433178,167,17385.057714
81.942823,179,17386.20388
7.252481,146,17387.185286
668.225838,1000,17403.366147
866.741579,1000,17409.85099
26.456927,155,17410.820151
14.5528,86,17411.390476
496.946233,1000,17425.644091
22.020584,165,17426.73664
8.008938,245,17428.321478
-13.108287,65,17428.735555
20.496351,220,17430.122773
367.962438,1000,17445.024978
801.057621,1000,17451.436852
94.285173,259,17453.106101
-11.597431,72,17453.554556
31.451016,161,17454.613274
72.696238,119,17455.385733
8.437454,81,17455.890074
23.916604,77,17456.387341
-34.836362,108,17464.221114
716.494448,1000,17470.726464
-148.413476,1000,17477.122686
35.383535,159,17487.362615
45.64184,120,17488.152014
524.599904,1000,17494.599394
-3.753949,117,17495.354186
11.909328,128,17496.180642
12.844279,90,17496.748672
48.322514,181,17497.910557
101.922378,271,17511.272004
42.257778,304,17513.226948
1038.850489,1000,17519.730024
411.311326,815,17534.620303
-72.777718,185,17535.83266
435.348736,1000,17542.242695
26.570185,129,17543.085154
724.084756,1000,17560.116527
611.732838,1000,17566.516136
111.816358,334,17568.726941
98.500342,208,17570.058844
1170.653304,1000,17583.122514
70.993943,141,17584.041698
1088.963285,1000,17590.487354
25.105096,67,17590.914879
5.198557,106,17602.030595
206.451709,513,17605.332715
5.881693,82,17605.833635
94.619619,276,17607.642816
-33.993344,211,17608.980568
550.07063,1000,17627.743441
30.595954,84,17628.282439
162.611425,338,17630.459027
-234.564836,862,17636.02726
36.249273,162,17637.04944
37.015378,109,17637.77397
70.233945,156,17638.76497
491.776242,1000,17654.901004
-7.208608,121,17655.680153
681.36937,1000,17662.074297
824.886995,1000,17677.180709
713.795148,1000,17683.682323
1175.276403,1000,17701.170871
982.42509,1000,17707.61175
31.636937,97,17708.225679
59.003135,230,17719.456892
693.195163,1000,17725.939225
101.036839,349,17728.161648
-82.73075,179,17729.30226
664.079133,1000,17746.319886
63.447473,113,17747.020996
301.791815,661,17751.333146
203.419733,460,17754.272434
614.071587,1000,17770.380867
489.325694,1000,17776.845037
278.693421,1000,17792.876295
53.531039,102,17793.518835
-7.728751,61,17793.915433
66.819549,193,17795.158339
133.715091,246,17796.753869
50.622293,140,17797.651255
479.4113,1000,17814.83976
205.970648,468,17817.838558
-18.194087,61,17818.225801
61.446892,144,17819.138328
57.06948,217,17820.572606
-16.076903,92,17821.210391
859.400642,1000,17837.853974
-26.651928,53,17838.209238
1069.639407,1000,17844.668535
182.629658,438,17847.49029
24.356329,107,17848.195291
76.057083,150,17859.467755
-13.359964,178,17860.650406
337.034588,1000,17867.161211
64.816336,176,17868.259441
597.192366,1000,17885.339948
232.251261,638,17889.452927
45.458907,119,17890.227699
1147.14107,1000,17905.864242
799.588271,1000,17912.402724
-14.55695,59,17912.785516
29.106573,119,17913.558735
652.367258,1000,17932.326885
396.508811,1000,17938.784542
-70.139363,193,17940.013541
971.189922,1000,17957.868252
563.935976,1000,17964.28538
-66.50121,408,17966.920908
121.531072,242,17968.45631
814.473312,1000,17986.832813
522.238619,1000,17993.311133
-73.918758,284,18006.730033
52.712911,271,18008.466605
-8.099803,59,18008.836153
744.887083,1000,18015.314583
589.255791,1000,18033.009015
726.646185,737,18037.720773
686.011441,1000,18057.270977
897.765566,1000,18063.743787
40.25956,199,18065.059968
50.644998,249,18066.618019
-92.181058,398,18069.222997
215.831305,1000,18087.418125
21.388519,1000,18093.963361
-96.384892,265,18106.571564
-130.468405,322,18108.65573
123.174815,218,18110.046449
646.191201,1000,18116.477504
259.132703,425,18130.231192
950.891834,1000,18136.693239
12.512416,162,18137.732665
478.404179,1000,18153.738832
257.518681,1000,18160.16316
689.543755,1000,18176.006928
757.187905,1000,18182.577598
690.208543,1000,18202.208624
726.03078,1000,18208.686201
-8.581522,62,18209.084687
39.266686,161,18210.096447
-7.851413,59,18210.473259
-26.979686,78,18211.059523
75.875676,143,18211.978119
-65.40689,200,18213.275475
41.165632,157,18214.256262
191.301065,283,18227.389182
941.679575,1000,18233.85518
638.161472,1000,18251.326878
97.146284,285,18253.166237
63.627313,133,18254.009674
291.350467,1000,18260.510121
58.496221,190,18261.757339
110.288951,181,18262.918004
-92.83719,187,18275.319393
82.86805,241,18276.856461
907.821622,1000,18283.333158
5.245838,83,18283.853332
1044.138269,1000,18300.852749
945.48975,1000,18307.325758
-6.886173,118,18308.045535
50.096797,203,18309.400538
809.802259,1000,18325.830531
45.984136,150,18326.809285
154.227029,245,18328.351285
204.442715,518,18331.753013
-34.815719,117,18332.514075
772.291646,1000,18347.353508
658.310562,1000,18353.788959
76.879745,186,18354.948421
903.585094,1000,18373.95033
37.215003,89,18374.520252
30.607087,300,18376.492844
1001.395149,1000,18396.070341
-23.473822,95,18396.659034
3.743671,75,18397.143578
590.584851,1000,18403.596342
53.364775,170,18404.719462
35.677538,111,18405.398867
-48.839666,385,18407.896974
664.800453,1000,18423.051796
72.547025,197,18424.319569
325.014513,449,18427.224356
-10.979784,79,18427.715877
68.352898,211,18429.105626
39.593943,150,18430.046535
209.942301,556,18445.467641
420.044487,1000,18451.938916
789.001151,1000,18470.963231
947.424637,1000,18477.341194
80.469966,209,18478.669038
-504.211374,1000,18497.233221
57.89012,138,18498.109455
61.818158,167,18499.159665
-195.456134,700,18503.642536
101.995635,232,18505.146095
41.866089,103,18505.793074
429.803665,1000,18521.578325
368.291979,1000,18528.033823
141.223797,337,18538.150789
46.692645,158,18539.167768
22.963034,137,18540.077247
-36.623391,106,18540.784247
-75.394623,201,18542.139277
160.547157,205,18543.499672
122.45424,247,18545.05618
-52.196309,106,18545.752467
-133.053273,311,18547.790121
-10.933141,65,18548.20166
469.077759,1000,18564.356551
62.443657,175,18565.439601
42.451563,382,18567.874878
43.958772,252,18569.494461
547.646573,1000,18585.94868
152.799538,257,18587.612051
15.935241,84,18588.140989
817.979818,1000,18594.642146
95.727408,391,18610.174108
649.710779,1000,18616.660441
86.276335,263,18618.363259
54.088844,153,18619.340639
115.391759,230,18620.842156
78.304286,1000,18637.628714
-21.116602,267,18639.330979
17.785857,201,18640.679218
94.156883,266,18642.397923
55.886186,189,18643.623619
997.014172,1000,18660.429573
226.700216,420,18663.250084
-18.319259,168,18664.337424
1004.849208,1000,18680.464819
11.957597,140,18681.369063
-29.664523,342,18683.57057
570.404183,1000,18690.000415
429.758015,1000,18706.61762
217.86075,488,18709.7626
-109.437025,1000,18716.179295
597.624805,1000,18733.126489
113.890954,195,18734.354085
1221.545902,1000,18751.380587
726.055621,1000,18757.815322
81.681919,164,18758.87379
14.103052,118,18759.581992
13.525493,89,18760.168025
747.659616,1000,18778.666282
477.848729,1000,18785.21656
79.473266,217,18786.628098
84.561782,161,18787.620448
427.594534,1000,18802.36266
41.529734,131,18803.198533
29.070023,145,18804.112453
-18.900462,45,18804.40833
44.183747,143,18805.323121
89.437988,170,18806.439969
1041.466747,1000,18821.24528
807.083659,1000,18827.698307
0.108529,112,18828.436219
28.825965,753,18842.120225
735.773866,1000,18848.5919
718.167252,1000,18863.966306
462.35272,1000,18870.358124
-31.369277,120,18871.230808
210.578381,506,18874.483214
53.170301,158,18875.475891
542.543426,1000,18892.592673
11.181713,232,18894.109458
-28.023914,123,18894.913839
679.761313,1000,18909.69984
196.182036,400,18912.282155
95.085892,200,18913.597632
299.059775,1000,18920.101822
620.219943,1000,18937.230582
668.813328,1000,18943.682466
585.575511,1000,18958.964869
50.687852,317,18961.10068
319.805828,1000,18967.563792
673.43076,1000,18986.272772
10.823713,157,18987.322722
447.59501,1000,19003.313636
-10.800003,128,19004.15155
-54.440787,257,19005.830515
952.712682,1000,19012.369905
616.986782,1000,19030.921463
40.838444,125,19031.734104
594.671687,1000,19038.135252
178.734522,492,19041.323228
670.561976,1000,19056.048503
597.094487,1000,19062.485413
185.688413,464,19077.671697
43.83514,157,19078.719142
49.748045,151,19079.70348
-11.059784,61,19080.103464
300.345326,687,19084.606308
-24.181165,49,19084.928882
526.605508,1000,19101.036694
128.484749,264,19102.733064
-2.383981,311,19104.720021
30.458576,290,19106.601327
247.9658,460,19109.567806
79.654271,158,19110.576332
399.775131,1000,19125.68374
288.656447,1000,19132.169388
317.343077,744,19148.384575
261.736853,743,19153.099519
716.66953,1000,19170.688561
95.089502,345,19172.985687
685.754854,1000,19179.417188
514.851399,1000,19196.490978
54.541699,127,19197.320896
35.537001,106,19198.017951
963.906321,1000,19204.595843
986.735431,1000,19221.181991
496.088692,1000,19227.603378
-38.14601,110,19228.284787
498.778204,1000,19246.406124
47.090052,141,19247.299763
30.606994,132,19248.160847
463.910964,1000,19263.378298
905.797265,1000,19269.838684
29.713738,288,19271.64625
72.191668,162,19272.710068
11.67489,89,19273.272823
6.667315,49,19273.605563
1079.157161,1000,19291.138073
342.989053,695,19295.607331
-28.164564,69,19296.052015
103.548696,342,19298.273335
167.821397,1000,19314.027168
982.341837,1000,19320.474388
-2.628995,163,19321.640096
692.177803,1000,19338.977042
131.651742,334,19341.15953
59.339467,165,19342.236378
36.198515,129,19343.063473
-1.087905,191,19344.316983
37.815122,211,19345.672454
276.296618,1000,19360.125752
743.567242,1000,19366.567649
646.65037,1000,19382.070522
-18.967306,113,19382.778646
40.730025,124,19383.567135
40.285078,108,19384.22864
-157.58035,292,19386.106194
49.934603,161,19387.163038
-5.824147,138,19388.050768
-42.951171,119,19388.803752
62.801692,187,19390.019373
17.909399,57,19390.34212
786.950999,1000,19409.214573
687.588394,670,19413.541537
5.965476,130,19414.415805
19.541482,172,19415.474704
512.434051,1000,19433.886404
757.388185,1000,19440.274259
166.165973,376,19451.528126
6.511032,64,19451.942998
328.039617,1000,19458.43754
99.284572,239,19460.028896
41.920932,108,19460.703493
22.089343,117,19461.464618
26.575553,150,19462.441726
70.884902,199,19474.126834
117.70953,1000,19480.541641
54.801711,166,19481.631291
402.410809,1000,19496.000344
-166.451393,435,19498.795278
62.006653,292,19500.693776
634.857783,1000,19507.212729
-2.950332,120,19507.981277
144.537978,456,19521.217498
127.163995,363,19523.606764
103.094723,290,19525.512252
777.903867,1000,19532.048294
54.409094,153,19542.191125
53.582121,152,19543.181866
-15.540659,57,19543.567974
123.137928,322,19545.688816
32.90918,224,19547.172621
73.099006,193,19548.408856
571.599767,1000,19567.132676
116.936219,345,19569.364183
1141.058931,1000,19575.83043
-118.37489,111,19576.551251
97.346604,389,19579.045101
756.448972,1000,19595.629382
101.950986,364,19597.990591
371.750902,1000,19616.600422
-252.819728,1000,19623.227395
685.155368,1000,19639.81005
603.785122,1000,19646.330523
485.90784,1000,19663.397371
79.735331,275,19665.210615
761.645595,1000,19671.644125
63.317417,163,19672.703949
513.799998,1000,19690.792788
-121.85013,218,19692.183198
693.216894,1000,19698.666715
396.413904,1000,19714.955068
641.994845,1000,19721.412062
145.271858,441,19735.932256
431.870872,1000,19742.444912
655.297496,1000,19748.865522
-169.751804,866,19766.332694
564.02429,807,19771.624191
817.330151,1000,19791.063648
107.603907,304,19792.985771
15.634005,63,19793.373317
21.467921,97,19794.031722
750.014695,1000,19811.807339
878.949786,1000,19818.224848
690.73776,1000,19824.64883
544.575,1000,19843.385129
1002.895123,1000,19849.857874
624.067055,1000,19866.887532
725.203643,1000,19873.348413
22.21458,58,19873.732753
52.467034,107,19884.766965
252.393419,1000,19891.364272
58.516715,122,19892.107316
-41.93166,90,19892.703391
562.535239,1000,19908.986829
116.758638,189,19910.216556
612.373343,1000,19916.658627
765.171163,1000,19933.990096
723.329508,1000,19940.336813
237.302368,435,19943.149319
722.12984,1000,19961.154876
306.332564,1000,19967.498028
58.46885,432,19980.901867
106.607015,289,19982.886142
168.547739,1000,19989.313303
24.301946,109,19990.027824
846.789747,1000,20007.020686
-37.649043,77,20007.514406
59.537999,227,20008.968264
2.563245,251,20010.609164
1159.64497,1000,20017.174197
1066.186582,1000,20033.65171
500.775284,1000,20040.135505
935.746204,1000,20057.382504
86.478666,284,20059.208137
224.091712,773,20064.156586
202.551387,377,20079.270241
714.480591,1000,20085.716045
456.654377,1000,20103.934634
618.080911,1000,20110.35333
637.806834,1000,20128.222116
62.096439,269,20129.937617
95.954548,288,20131.877796
633.896948,1000,20138.284381
671.971184,1000,20156.347302
47.723612,170,20157.437451
-10.164935,61,20157.833417
133.779471,350,20160.106802
130.423084,330,20162.317501
128.459933,487,20176.125747
136.876652,460,20179.184801
48.021601,172,20180.261435
485.641968,1000,20186.682875
233.03968,513,20200.581357
1159.314853,1000,20207.050682
637.818776,1000,20223.982579
-95.770382,420,20226.71085
144.886859,294,20228.593963
489.70852,1000,20235.0761
692.54882,1000,20251.244498
215.342381,1000,20257.678997
-11.715082,129,20258.496545
780.561779,1000,20274.943829
756.402759,1000,20281.486905
973.519351,1000,20299.575382
400.836637,1000,20305.93797
356.597284,1000,20323.487811
417.711616,1000,20329.939259
557.734594,1000,20347.423383
755.302745,1000,20353.829999
-603.2726,1000,20374.32649
495.291022,1000,20380.761874
-29.722106,207,20382.133196
263.249466,1000,20398.313954
100.907892,321,20400.388806
387.850315,1000,20416.759524
908.359471,1000,20423.225207
55.309483,196,20424.467471
420.566388,1000,20443.119383
1014.574783,1000,20449.617301
57.556702,114,20450.36149
814.021067,1000,20467.273123
1072.755532,1000,20473.726192
547.642268,1000,20492.44206
806.169396,1000,20498.894946
529.058364,1000,20516.064758
57.289686,165,20517.102214
49.922959,163,20518.150183
700.25942,1000,20524.688967
49.347246,189,20525.916242
151.663213,422,20540.035805
322.844252,1000,20546.579081
324.24081,803,20551.800776
17.444517,119,20552.548508
206.237415,1000,20572.038202
247.571233,1000,20578.385142
761.563717,1000,20597.996336
83.162336,260,20599.662234
40.163645,417,20602.346488
69.818477,413,20604.984052
322.359823,1000,20623.82452
50.864273,129,20624.67035
479.69134,1000,20643.616794
823.371381,1000,20650.079819
107.143671,349,20652.301533
947.309457,1000,20671.658677
192.263657,1000,20678.117589
464.386246,1000,20695.851965
150.551922,238,20697.406952
740.518432,1000,20703.953086
-26.014953,91,20704.517994
45.444222,187,20705.726154
77.242848,208,20707.055106
30.686137,258,20722.171051
1149.231656,1000,20728.672974
104.082658,380,20731.167817
118.171263,360,20733.503131
1064.927617,1000,20753.502808
72.177343,227,20754.999455
4.354979,69,20755.453494
-182.608702,507,20758.733508
262.780737,437,20774.920582
-113.527763,226,20776.431514
904.53857,1000,20782.867215
51.245947,228,20784.336568
57.569235,158,20785.403692
402.706445,1000,20805.01987
738.678075,1000,20811.495074
819.178839,1000,20830.570357
55.881154,245,20832.127864
1016.113215,1000,20838.604344
-7.994905,152,20839.566786
84.698895,177,20853.034065
249.876232,1000,20859.501139
15.528676,169,20860.54116
57.755147,117,20861.299919
793.704063,1000,20879.984874
213.434596,725,20884.743833
-34.819941,131,20885.595479
-103.982781,354,20887.938416
-0.033948,139,20888.833528
26.270036,110,20889.561898
54.314957,152,20890.53973
-220.589985,740,20908.747245
522.130141,1000,20915.274651
614.868499,1000,20935.901189
279.40707,1000,20942.470457
64.539914,210,20943.843566
701.040735,1000,20961.208223
408.419475,1000,20967.666945
91.78357,156,20968.665837
-169.685267,105,20982.938682
608.934755,1000,20989.46058
73.939136,210,20990.776605
70.816019,235,20992.282452
-57.221621,162,20993.303936
734.091102,1000,21012.722651
608.174474,1000,21019.186341
61.052843,130,21020.019599
666.154575,1000,21037.656772
108.194628,250,21039.287442
543.943992,1000,21045.70265
437.065627,1000,21063.94904
176.106576,563,21067.55313
825.079915,1000,21084.20325
167.89469,595,21088.017338
271.564665,554,21091.731134
820.151939,1000,21110.702466
37.391542,139,21111.579258
578.612665,1000,21118.132308
782.950844,1000,21136.45131
150.150022,380,21138.913004
115.026236,331,21141.048769
43.321565,139,21141.929335
462.558341,1000,21160.856131
20.599726,134,21161.716448
1027.202123,1000,21168.185468
110.923142,249,21169.80498
81.454348,212,21171.158468
-44.731734,93,21181.088206
-15.004664,109,21181.894787
56.897073,172,21182.990024
585.872945,863,21188.605852
-149.083007,279,21190.386454
360.276076,1000,21206.392139
604.485751,1000,21212.938808
62.914136,135,21213.834777
639.783645,1000,21235.182503
-60.365943,173,21236.334323
498.858587,1000,21242.874343
25.869618,159,21243.929815
787.920335,1000,21262.724785
-18.075011,1000,21269.228307
808.84812,1000,21286.975651
439.085594,1000,21293.428197
453.366568,1000,21312.081578
-37.569604,82,21312.615432
80.645293,175,21313.782552
89.292616,200,21315.073816
886.43994,1000,21333.039333
370.68723,1000,21339.483138
615.023489,1000,21359.102143
-42.182118,90,21359.668477
841.936552,1000,21366.181752
544.179584,1000,21386.949139
926.751496,1000,21393.430325
996.691623,1000,21411.515689
520.019267,1000,21418.003038
13.244317,89,21418.571785
-629.928698,1000,21436.542545
125.30649,262,21438.221811
-63.996328,189,21439.425436
-61.026228,234,21440.895049
658.568636,1000,21447.456362
40.532734,241,21449.02467
-4.067111,1000,21468.598
272.73652,245,21470.198815
927.676347,1000,21488.313699
-9.058762,97,21488.913807
-41.801285,132,21489.768506
275.437482,1000,21496.246576
97.78713,275,21497.983971
104.291015,340,21500.210956
792.756687,1000,21517.935393
781.502387,1000,21524.408092
81.826269,233,21537.436939
192.929173,373,21539.837875
-70.098351,74,21540.316302
383.248189,1000,21546.845613
559.603663,1000,21566.949397
565.329546,1000,21573.522792
64.25855,165,21574.606709
480.116334,1000,21595.465921
734.438449,1000,21602.055115
533.477715,1000,21623.30386
682.442377,1000,21629.743423
374.206447,1000,21648.720658
415.783432,1000,21655.164327
652.4962,1000,21675.298634
785.35661,1000,21681.778955
461.916813,1000,21701.448684
662.196728,1000,21707.872623
702.618325,1000,21728.17961
616.319632,839,21733.612638
203.770266,1000,21753.052019
53.650171,212,21754.411104
811.470416,1000,21760.863584
332.563107,1000,21780.131236
27.574938,185,21781.358075
404.710986,952,21787.631129
-8.929139,101,21788.242947
598.929406,1000,21807.739922
455.188073,1000,21814.301625
262.15803,611,21831.089641
54.445942,179,21832.242052
81.537047,244,21833.839825
446.935448,1000,21840.284869
824.391019,1000,21860.897575
570.735063,1000,21867.387586
324.064109,778,21885.869087
757.12587,1000,21892.430842
128.082217,403,21895.023361
46.394963,174,21896.184843
270.008922,1000,21914.457937
1032.097877,1000,21920.9909
325.766463,1000,21940.463257
830.977074,1000,21946.936733
-36.662049,103,21947.625709
347.95291,946,21967.123533
694.302005,1000,21973.637278
290.216202,1000,21991.792521
232.200771,556,21995.336531
609.214145,1000,22012.995068
59.102872,203,22014.298159
722.275953,1000,22020.774701
98.229105,271,22022.622269
9.56935,333,22024.774252
244.080298,716,22044.762492
794.744472,1000,22051.247673
446.152047,1000,22068.102216
493.220104,1000,22074.563578
942.739264,1000,22094.498131
455.098106,588,22098.254469
44.939991,107,22098.950249
34.963227,1000,22118.092963
-9.526168,65,22118.506659
750.419118,1000,22124.9682
886.010101,1000,22144.533444
685.963887,1000,22151.002813
88.774244,298,22152.914418
-21.726394,123,22153.723718
51.04017,250,22155.334645
-81.457296,233,22170.441435
699.229331,1000,22176.938887
74.936424,218,22178.322214
80.166282,231,22179.826474
720.16262,1000,22200.442821
457.145939,1000,22206.901563
539.114596,1000,22227.845519
52.533022,233,22229.381237
-36.949658,166,22230.429312
893.974075,1000,22236.962894
-62.668096,278,22251.60545
30.377056,265,22253.298156
121.2957,1000,22259.790391
460.990872,1000,22280.094459
867.243714,1000,22286.520911
477.812385,1000,22303.892827
406.344889,754,22308.770576
282.108578,531,22312.174366
-101.852276,355,22314.438217
176.763578,1000,22333.011514
423.995759,1000,22339.478868
37.625991,107,22340.148207
216.986965,1000,22360.157786
171.818576,422,22362.90887
787.396699,1000,22381.460334
642.759071,1000,22387.996259
732.534077,1000,22406.262934
184.462548,1000,22412.83604
208.524902,508,22416.102221
338.690642,1000,22436.970838
777.528626,1000,22443.507969
-61.221777,146,22444.473263
-4.544958,255,22446.076443
795.961348,1000,22463.155771
14.143595,113,22463.889992
610.014864,1000,22485.213879
-35.254055,95,22485.823194
209.181449,331,22487.986824
82.950062,653,22492.201753
882.368554,1000,22509.107836
35.170505,471,22512.121759
61.089286,216,22513.548967
-124.083591,458,22516.458206
757.872952,1000,22535.338415
614.290051,1000,22541.774791
689.419903,1000,22559.403947
881.698259,1000,22565.876949
752.680428,1000,22580.324314
712.608185,1000,22586.753766
33.766703,101,22587.392424
171.011253,218,22588.835412
945.519508,1000,22607.623974
593.650558,1000,22614.081436
-8.673925,100,22614.703944
762.887887,1000,22629.927732
568.586986,1000,22636.357578
211.083303,553,22639.861764
-45.586202,142,22650.643185
-61.488637,54,22650.963211
71.401761,1000,22657.510863
379.877739,968,22673.999071
59.75598,262,22675.701197
-89.144274,237,22677.22806
-27.036224,98,22677.837498
636.84577,1000,22684.307741
1072.531351,1000,22702.317621
-49.366488,121,22703.109002
76.363549,222,22704.516272
727.533103,1000,22710.950906
62.749506,254,22725.25921
29.624871,143,22726.170204
-129.937303,355,22728.425757
350.620273,1000,22734.833813
86.76125,171,22735.95082
-5.425328,113,22736.675913
462.384365,1000,22755.028812
-65.812869,143,22755.933467
683.02918,1000,22762.37596
561.834053,1000,22781.984715
452.646323,800,22787.156099
531.347515,1000,22805.500902
207.801905,1000,22811.959873
-0.418268,154,22812.983932
76.879953,180,22825.493568
432.504386,1000,22832.10476
145.730999,254,22833.720386
795.15991,1000,22851.161867
590.684389,1000,22857.635502
581.180654,1000,22879.195953
761.624875,1000,22885.717377
79.304394,243,22887.25797
370.580639,664,22904.54587
654.826193,1000,22911.021567
636.688393,1000,22917.470305
37.229194,252,22930.40809
613.192007,1000,22936.862765
48.150021,150,22937.82401
445.683399,1000,22958.084382
-15.32192,135,22958.95032
49.202229,165,22959.994617
203.082379,1000,22966.490945
797.390873,1000,22986.291662
89.585908,230,22987.766835
655.211229,1000,22994.23302
355.946275,1000,23011.560876
56.643623,228,23013.126468
129.115717,1000,23019.58092
117.475039,307,23033.936794
587.991642,1000,23040.387736
113.082385,166,23041.484902
-4.088596,1000,23060.663692
-23.64347,139,23061.561988
425.863561,1000,23068.013436
-13.531117,158,23069.036269
664.4573,1000,23083.955819
-23.352165,318,23085.98537
388.356988,1000,23092.420278
121.72687,1000,23108.316527
42.964426,846,23113.742629
511.008278,1000,23130.561971
406.071316,1000,23137.092103
69.088445,180,23138.246938
125.223449,387,23153.179445
271.902095,1000,23159.555517
778.956395,1000,23177.035257
-129.890469,368,23179.428466
-163.621916,1000,23185.892065
478.83142,1000,23204.826742
811.987157,1000,23211.304537
297.722609,361,23213.597017
-530.428346,1000,23233.875429
481.70121,1000,23240.273009
-934.584997,668,23259.698507
1034.135764,1000,23266.159209
146.164654,351,23268.394291
485.843816,1000,23288.078863
893.630983,1000,23294.439002
15.619303,830,23313.020546
63.82138,173,23314.136018
897.385559,1000,23320.595774
594.056096,1000,23337.940339
528.327869,1000,23344.514811
571.839064,1000,23361.414337
49.237205,238,23362.94733
277.302493,1000,23369.380424
-53.2347,181,23370.566723
543.642655,1000,23385.071529
1014.239871,1000,23391.622406
-225.910001,685,23408.906915
702.712436,1000,23415.231133
514.754254,1000,23432.35068
659.61649,1000,23438.723866
110.747986,195,23439.994516
-747.358031,1000,23458.183232
212.807438,1000,23464.706236
590.036683,1000,23481.375645
457.987956,1000,23487.803586
154.967088,1000,23508.433197
670.502988,1000,23514.927409
69.200225,137,23515.808266
367.210815,1000,23531.528512
817.887791,1000,23537.953431
148.001357,242,23539.46725
98.513328,323,23554.49199
538.905848,1000,23560.998917
45.408507,174,23562.145829
-52.376313,259,23563.784998
1102.277529,1000,23581.704978
711.50828,1000,23588.243207
647.70597,1000,23608.272091
594.954816,1000,23614.703568
45.596458,177,23615.836721
733.366917,1000,23634.154466
842.994075,1000,23640.551821
24.301697,95,23641.189225
344.801663,1000,23659.497122
384.614803,1000,23665.905913
587.793877,1000,23684.492077
673.121481,1000,23690.899759
-217.835583,1000,23710.139032
-53.08961,193,23711.369022
-15.158261,974,23717.608642
679.078782,1000,23734.971895
511.294767,1000,23741.402517
494.918182,1000,23757.350817
71.540846,181,23758.524081
864.135681,1000,23765.081586
-26.886214,1000,23784.263201
-80.880951,127,23785.078402
-142.517351,126,23785.899786
105.165923,231,23787.392309
788.38475,1000,23802.937377
771.472254,1000,23809.362324
42.718174,190,23810.593638
-288.175966,1000,23828.041794
27.117139,175,23829.135016
773.829073,1000,23835.592873
668.944413,1000,23854.725747
-110.56389,289,23856.532045
-8.214838,69,23856.974493
780.057574,1000,23863.418001
664.746418,1000,23881.296732
-544.981885,1000,23887.840329
931.827681,1000,23905.81189
24.262543,783,23910.805218
345.533936,639,23926.438586
564.622515,1000,23932.830559
105.981509,265,23934.568039
164.35168,350,23936.803461
743.663817,1000,23956.695102
78.217791,219,23958.068709
623.38482,1000,23964.4971
563.838129,1000,23982.899133
994.210134,1000,23989.335198
1093.371229,999,24011.535024
115.159198,395,24014.060509
620.415077,1000,24030.968622
28.163827,189,24032.30738
507.421856,1000,24038.740122
183.047482,349,24041.003638
90.646519,195,24042.261918
909.70988,1000,24059.248501
104.55334,233,24060.759704
904.058228,1000,24075.422003
443.242302,1000,24081.883347
617.519665,1000,24100.0108
748.330785,1000,24106.421691
196.162557,567,24110.088313
675.590935,1000,24127.028005
720.060274,1000,24133.388854
11.706078,378,24135.821626
402.482898,1000,24153.190719
634.415253,1000,24159.623695
-165.941394,1000,24178.32565
480.772742,1000,24184.849233
476.815376,820,24203.528565
340.660538,1000,24209.956106
375.580309,892,24229.192654
807.637712,1000,24235.624715
625.699601,993,24253.677216
320.451438,1000,24260.177516
113.757658,421,24262.838668
673.257153,1000,24282.071306
534.024869,1000,24288.492342
32.575702,98,24289.111294
602.210629,1000,24310.248401
38.173291,254,24311.863
74.472251,260,24313.530536
986.285164,1000,24334.092366
-0.361359,192,24335.333019
841.818387,1000,24341.682021
5.947629,235,24343.217493
644.989683,1000,24363.45912
63.288821,181,24364.622782
590.967418,1000,24370.973634
-159.020659,1000,24388.996184
870.004371,1000,24395.504107
873.573979,1000,24415.823801
1012.179377,1000,24422.301709
452.224441,1000,24442.85731
-64.389663,155,24443.829672
34.141072,205,24445.196774
94.964086,196,24446.464023
535.326895,1000,24466.210322
91.8259,326,24468.310426
-4.652184,207,24469.687039
988.092753,1000,24476.09423
865.30779,1000,24497.371541
654.907637,1000,24503.828067
426.277067,1000,24522.173561
293.059839,454,24525.113041
154.5106,1000,24541.945984
-267.366368,1000,24548.482626
127.874525,319,24550.531472
368.196319,1000,24567.647272
-4.401368,1000,24574.221571
52.910717,1000,24593.874937
520.231673,1000,24600.311912
199.997897,1000,24619.851778
737.564987,1000,24626.297146
52.985344,454,24629.267102
937.466121,1000,24649.536913
96.551005,230,24651.025436
530.101335,1000,24657.397599
518.336208,1000,24678.540859
-560.539343,1000,24684.922789
939.941157,1000,24706.227222
1094.477062,1000,24712.618801
326.679222,1000,24731.626182
753.973418,1000,24738.07402
607.941233,1000,24760.87445
351.227994,1000,24767.2371
-136.86847,198,24768.491099
537.613515,1000,24789.698709
55.810001,267,24791.382351
853.882156,1000,24811.867147
468.078034,1000,24818.303504
1137.525302,1000,24824.738271
172.543012,299,24841.094224
371.982795,1000,24847.61124
470.047583,1000,24869.420154
-149.669777,1000,24875.963212
514.217584,1000,24895.609763
648.808414,1000,24902.084918
105.420536,263,24903.826686
768.881077,1000,24924.285715
636.10751,1000,24930.697005
75.700385,262,24932.480917
75.765748,326,24934.546576
1071.365343,1000,24956.65856
657.118046,1000,24963.187193
987.763633,1000,24986.35068
470.432136,1000,24992.863252
163.658571,1000,25014.103352
761.127299,1000,25020.530799
443.847051,1000,25039.416224
685.006728,1000,25045.744026
571.908969,1000,25067.768391
383.489192,1000,25074.234338
812.807723,1000,25093.841584
580.06834,1000,25100.181889
292.894255,1000,25121.308579
-2.653334,81,25121.880634
22.752394,50,25122.168313
17.634941,285,25124.024304
621.437823,1000,25146.347553
702.424936,1000,25152.748843
621.735016,1000,25159.066952
681.345416,1000,25179.205966
984.668292,1000,25185.616039
150.677069,291,25202.977656
278.354162,1000,25209.32113
-120.701918,171,25210.405654
-97.214777,573,25214.065516
67.402514,557,25231.997448
174.027592,479,25235.167409
672.142236,1000,25241.54214
914.43065,1000,25262.255435
483.467885,1000,25268.677375
557.016879,1000,25288.32817
594.834676,1000,25294.798805
707.008159,1000,25315.104185
17.248023,72,25315.547944
708.64922,1000,25321.958661
1099.339065,1000,25341.173282
511.18725,1000,25347.580926
612.931307,1000,25368.913531
26.917163,233,25370.428548
323.660275,1000,25376.881738
33.771242,277,25393.736534
228.765233,721,25398.334817
68.551799,155,25399.338986
-171.24248,735,25403.995282
32.372984,364,25420.454259
306.573937,1000,25426.914298
-71.476981,331,25429.022105
353.561006,1000,25449.884091
182.986447,1000,25456.32838
488.61236,1000,25476.278725
763.405858,1000,25482.630625
123.045482,252,25484.237445
214.987094,397,25486.745034
682.037839,1000,25508.175037
390.776812,1000,25514.600812
896.861072,1000,25534.531392
150.623824,445,25537.379717
819.860122,1000,25558.293535
621.079784,1000,25564.736521
354.693444,1000,25584.403344
671.391901,1000,25590.767835
456.482264,1000,25607.991814
-92.621107,251,25609.614732
565.278152,1000,25616.063898
17.438435,320,25618.096795
-43.112728,716,25634.556744
-413.035238,1000,25640.920922
732.95293,1000,25662.405941
847.726909,1000,25668.865539
414.794369,1000,25688.124594
371.493631,1000,25694.514007
106.31211,484,25697.61085
853.068387,1000,25717.737406
133.783515,197,25718.999952
173.251505,1000,25725.492037
52.984244,192,25741.012887
-68.300991,1000,25747.541878
78.405045,240,25749.076457
721.797203,1000,25770.272653
809.504691,1000,25776.779532
304.808059,1000,25797.468673
408.765322,1000,25804.004515
594.872552,1000,25821.445552
717.574584,1000,25827.79041
977.814939,1000,25850.362022
648.342913,1000,25856.687623
-92.877876,1000,25877.730143
697.130139,1000,25884.183851
363.270848,1000,25903.644149
558.14387,1000,25910.025688
753.217267,1000,25929.788914
742.319361,1000,25936.256866
426.977512,1000,25957.552878
813.4141,1000,25963.891775
962.850021,1000,25970.291106
937.934884,1000,25991.323614
335.204246,817,25996.535838
596.438873,1000,26015.660046
115.741295,261,26017.319971
167.388543,335,26019.427912
172.440717,1000,26038.575406
119.435189,220,26039.995815
206.329022,827,26045.359113
1130.521494,1000,26065.265541
688.975611,1000,26071.59542
687.114107,1000,26089.233644
457.122477,1000,26095.634771
252.454265,688,26099.974669
-97.966792,1000,26119.438238
597.972218,1000,26125.823166
756.553105,1000,26144.972598
12.434838,209,26146.345798
150.942645,1000,26152.630874
815.344331,1000,26172.956293
831.772788,1000,26179.422001
722.888173,1000,26201.294657
270.988245,1000,26207.717462
1259.702925,1000,26229.440436
282.255399,1000,26235.892833
607.912554,1000,26258.542007
435.031285,1000,26264.915879
941.06571,1000,26285.914572
-595.011997,1000,26292.275653
234.915686,1000,26315.292626
329.509966,424,26317.9809
11.466342,51,26318.310879
46.637372,170,26319.350063
100.547745,226,26320.783802
15.298493,211,26322.119281
601.760288,1000,26341.822913
87.710185,193,26343.172244
611.07586,1000,26349.49637
875.923242,1000,26370.530568
152.449852,1000,26377.037861
582.526899,1000,26397.432758
643.668307,1000,26403.912801
88.515813,205,26418.153548
-330.319042,1000,26424.597972
-83.117588,225,26426.019922
856.387869,1000,26448.457897
551.878138,1000,26454.783489
986.68027,1000,26475.179072
867.694602,1000,26481.695632
479.403908,1000,26502.637165
45.462485,175,26503.76074
845.911782,1000,26510.209372
220.40964,1000,26532.148913
547.860835,1000,26538.573968
753.540576,1000,26560.211868
837.143964,1000,26566.691514
266.71841,1000,26585.534587
763.583525,1000,26591.982397
769.166107,1000,26613.549078
440.661227,1000,26619.939304
701.520748,1000,26640.728073
628.84199,1000,26647.186956
-121.30178,1000,26667.264385
77.625397,1000,26673.716845
1003.700323,1000,26680.060589
59.045154,321,26695.461725
767.124844,1000,26701.728614
446.338257,1000,26723.804137
1210.080162,1000,26730.187627
880.078605,1000,26750.492953
234.859771,1000,26756.855435
880.462002,1000,26777.31199
-128.594546,217,26778.693906
846.498106,1000,26785.149217
87.590111,304,26787.081291
-29.55105,199,26788.327708
23.500167,79,26788.855273
1068.386789,1000,26809.136789
-126.140262,565,26812.726607
118.478027,1000,26833.825721
254.005009,1000,26840.154612
4.464388,193,26841.372939
812.479118,1000,26861.658057
244.734559,1000,26868.040907
685.42378,1000,26887.137887
36.585372,229,26888.6001
147.179942,1000,26894.998261
579.202397,1000,26915.181801
315.190006,1000,26921.589402
684.307921,1000,26941.191634
888.34515,1000,26947.685142
911.40331,1000,26967.978897
29.836874,1000,26974.432876
363.834048,1000,26994.87923
361.236385,1000,27001.170422
55.29954,270,27002.973103
654.021482,1000,27023.365252
654.470535,1000,27029.720803
29.7173,174,27030.826871
561.310156,1000,27050.082397
1015.962605,1000,27056.426589
389.331149,1000,27076.711063
589.692943,1000,27083.065898
489.599099,1000,27103.585915
638.199617,1000,27109.925662
782.187341,1000,27128.768521
640.551448,1000,27135.161375
712.792155,1000,27157.356262
149.271401,372,27159.747491
465.039621,1000,27180.728166
5.903436,89,27181.288552
100.528613,261,27183.057149
179.898442,1000,27189.426759
414.549374,1000,27209.351605
800.77622,1000,27215.842437
-115.591679,299,27217.728547
916.813912,1000,27235.590604
778.305748,1000,27241.972604
111.030404,1000,27262.387464
-117.001547,1000,27268.738803
574.131049,1000,27288.77323
63.071988,195,27290.009807
614.628033,1000,27296.419147
793.420936,1000,27319.136566
171.095283,328,27321.211534
976.455996,1000,27327.6412
748.979697,1000,27349.305563
446.864715,1000,27355.612415
17.221389,134,27356.448585
652.876535,1000,27376.976185
423.42878,1000,27383.450898
1102.509662,1000,27405.186496
375.864605,607,27409.072369
718.271623,1000,27429.114825
940.224779,1000,27435.451308
848.771717,1000,27455.922045
-68.317654,207,27457.221952
486.067137,1000,27463.555673
912.280721,1000,27484.114621
419.652908,1000,27490.461662
609.731422,1000,27511.239632
400.681732,741,27516.061129
-531.356693,1000,27534.318187
501.373131,1000,27540.656749
924.849296,1000,27560.785573
952.556181,1000,27567.121361
212.773227,285,27568.950475
-59.169497,250,27570.522665
910.312056,1000,27591.189292
633.255001,1000,27597.591464
176.644108,363,27611.979612
19.568851,234,27613.504792
-62.527369,1000,27619.927289
475.167106,904,27638.075515
670.890534,1000,27644.518908
338.802758,414,27647.123388
751.438096,1000,27666.565289
948.666297,1000,27672.917847
407.364623,1000,27694.010816
711.949078,1000,27700.344564
710.395787,1000,27721.710399
133.315151,270,27723.505607
70.874099,210,27724.871279
90.719188,303,27726.776906
1075.273025,1000,27746.117356
755.432236,1000,27752.552251
904.722179,1000,27774.727426
575.880612,1000,27781.171246
842.690808,1000,27801.505847
-200.187428,1000,27807.819139
460.502946,1000,27814.27668
577.750625,1000,27834.572469
352.866003,1000,27840.91216
636.141784,1000,27861.357988
919.796662,1000,27867.723715
393.052958,1000,27888.005936
767.210487,1000,27894.409483
909.884531,1000,27914.016733
813.137782,1000,27920.384696
2.565148,196,27921.630445
700.729151,1000,27941.428728
664.4437,1000,27947.83814
487.454051,1000,27970.23332
-9.388584,171,27971.292012
145.797676,319,27973.346646
723.073561,1000,27995.023238
146.399426,426,27997.740945
25.407284,269,27999.451942
205.062498,664,28003.659783
10.876557,229,28005.122979
984.537887,1000,28024.332507
55.696394,179,28025.41589
458.158359,1000,28045.344336
604.594601,1000,28051.728267
384.235965,556,28055.351236
-157.678251,1000,28076.277992
528.033396,1000,28082.545521
906.632109,1000,28103.906408
174.871779,1000,28110.283356
733.030712,1000,28132.568779
40.333949,224,28134.0035
-39.221487,85,28134.545362
649.662064,1000,28140.915724
503.438558,1000,28160.083395
1109.976074,1000,28166.475911
781.786415,1000,28187.583457
633.698064,1000,28193.877089
975.390965,1000,28213.821297
400.242741,1000,28220.18848
850.448296,1000,28239.211181
661.885533,1000,28245.540823
78.357244,186,28246.732309
-1337.26865,1000,28267.624221
662.87487,1000,28273.954591
966.146684,1000,28294.408364
681.49954,1000,28300.75819
638.676905,1000,28322.343686
872.506335,1000,28328.770908
746.929272,1000,28349.112202
681.039746,1000,28355.581619
706.261305,1000,28375.122652
12.948895,117,28375.866112
725.175038,1000,28382.164455
-1.525058,137,28383.072867
727.046493,1000,28403.621746
856.863757,1000,28409.989358
541.96618,1000,28431.110409
11.96792,249,28432.727028
681.277316,1000,28439.069239
506.735911,1000,28460.252979
1011.173744,1000,28466.618763
-375.981092,1000,28486.500354
-102.465485,112,28487.255506
978.785983,1000,28493.602893
-119.447087,211,28509.871415
-791.186788,1000,28516.255578
334.501283,1000,28534.565826
344.964766,1000,28540.961896
593.125973,1000,28547.2944
18.381678,113,28563.473774
772.506209,1000,28569.781973
65.097503,263,28571.429156
611.919732,1000,28591.112455
740.781342,1000,28597.552638
859.127831,1000,28618.791014
81.64874,166,28619.844799
164.141499,325,28621.93616
485.616931,1000,28628.456685
984.046309,1000,28649.320682
-128.716511,404,28651.855453
857.578991,1000,28673.00722
482.996474,1000,28679.415534
19.462922,83,28679.970148
1074.117003,1000,28696.109938
831.167287,1000,28702.555222
-64.493986,178,28703.692748
725.600498,1000,28725.013347
64.279876,360,28727.328729
645.92373,1000,28733.757467
557.137213,1000,28753.402632
880.138916,1000,28759.807714
408.839302,1000,28781.306638
682.107002,1000,28787.688972
735.010243,1000,28806.365427
380.82824,1000,28812.706223
-111.80629,1000,28833.571654
60.392735,279,28835.313355
842.723696,1000,28841.668843
737.442214,1000,28861.484974
199.106307,360,28863.914283
946.670065,1000,28870.347155
-534.966784,1000,28890.263167
963.284639,1000,28896.721674
483.6335,1000,28916.955313
638.307702,1000,28923.454028
396.774613,1000,28944.012677
443.458973,1000,28950.309777
145.185321,501,28969.446298
76.920055,1000,28975.902614
773.082788,1000,28995.487895
878.418389,1000,29001.84896
955.741416,1000,29022.7398
-98.170677,255,29024.345746
566.75549,1000,29030.705397
731.597465,1000,29052.443857
834.972175,1000,29058.870718
-11.22424,164,29059.889731
712.78327,1000,29080.568074
547.386873,1000,29086.874505
739.79755,1000,29106.671582
767.332144,1000,29113.072397
719.388725,1000,29133.472125
837.647311,1000,29139.800203
92.184356,307,29141.739937
778.574263,1000,29161.556737
338.226556,1000,29168.085397
687.545853,1000,29186.978235
450.980114,1000,29193.42312
41.623981,278,29195.206783
760.313907,1000,29217.430207
774.541949,1000,29223.904088
494.861662,1000,29244.162913
69.645306,322,29246.200145
355.28268,1000,29266.275765
5.406832,109,29266.972588
909.480453,1000,29273.265936
421.624151,1000,29295.485077
46.233051,143,29296.40657
396.322613,1000,29302.806395
846.374486,1000,29324.893825
328.202753,1000,29331.204791
-46.726832,167,29332.26113
34.544851,1000,29354.161096
79.374232,418,29356.819284
3.245022,168,29357.880487
993.132203,1000,29364.229702
199.955718,259,29378.886572
840.348294,1000,29385.281094
406.180305,1000,29404.185008
688.841747,1000,29410.567396
527.451627,1000,29430.224151
1031.4418,1000,29436.61744
77.142559,233,29438.120979
437.507233,1000,29459.948499
429.12821,1000,29466.324808
38.184374,274,29468.099002
-18.032134,175,29469.160869
191.657154,1000,29490.316293
627.47828,1000,29496.750808
106.348716,1000,29519.744794
474.610009,1000,29526.198797
481.773089,1000,29545.935039
983.794996,1000,29552.276119
1.874275,1000,29573.258382
33.328775,181,29574.382693
-18.156256,1000,29580.691234
-46.782984,1000,29602.191288
485.597512,1000,29608.516708
304.069474,1000,29630.335485
609.755061,1000,29636.650029
251.992047,1000,29656.652843
289.128832,1000,29663.053121
723.37363,1000,29684.607738
50.591849,238,29686.124485
201.071763,1000,29692.474867
468.584972,1000,29712.922669
468.584271,1000,29719.260249
146.436413,487,29737.606497
493.864236,1000,29743.980215
238.048416,506,29747.193332
938.832682,1000,29769.51982
188.251754,1000,29775.82764
392.99643,1000,29796.993145
763.142339,1000,29803.362328
909.004413,1000,29823.595853
584.738867,1000,29829.975209
-81.014663,1000,29850.078803
941.663289,1000,29856.521514
649.19868,1000,29879.008328
-32.402381,134,29879.849909
-232.485469,1000,29886.286191
880.134623,1000,29907.717771
180.089071,294,29909.593165
13.029505,77,29910.083086
-546.211778,1000,29916.465858
644.012291,1000,29937.346493
711.38246,1000,29943.783023
878.496127,1000,29965.366051
650.498203,1000,29971.694868
-39.014015,207,29973.010087
590.712962,1000,29995.353482
930.930838,1000,30001.704084
904.419835,1000,30023.816502
743.217956,1000,30030.209885
84.939109,201,30046.383073
1052.848895,1000,30052.798009
739.999308,1000,30059.067008
486.497462,1000,30080.248036
105.969683,170,30081.30792
704.687133,1000,30102.53253
685.212988,1000,30108.904863
912.054694,1000,30131.321811
495.504966,1000,30137.703916
467.2077,1000,30158.661762
621.454354,1000,30164.976381
378.14754,1000,30171.34664
-78.100721,123,30187.010395
815.282386,1000,30193.341992
507.271569,1000,30214.140704
750.836062,1000,30220.478712
421.553858,1000,30226.799205
735.44134,1000,30248.938899
810.668072,1000,30255.315431
630.485281,1000,30275.898386
692.150304,1000,30282.321191
664.670908,1000,30301.860277
485.833989,1000,30308.300252
134.802391,561,30325.013414
625.666021,1000,30331.365104
-129.161715,213,30332.73695
92.655036,473,30348.851633
-510.34951,1000,30355.29582
47.998401,211,30356.630442
53.167776,269,30358.320801
864.993464,1000,30379.060046
-59.542375,425,30381.805793
886.752132,1000,30388.110803
895.856564,1000,30410.05376
827.155992,1000,30416.42954
447.436814,1000,30439.270164
62.758081,169,30440.353229
6.509748,1000,30446.723962
519.426882,1000,30468.358074
106.440155,216,30469.689142
57.524821,1000,30490.322931
630.030485,1000,30496.725572
1177.157206,1000,30517.988483
677.844294,1000,30524.393818
448.487437,1000,30530.751893
405.871238,1000,30552.491762
514.94143,1000,30558.814852
-232.56325,1000,30579.340258
215.412858,439,30582.123491
57.28072,177,30583.237888
753.463713,1000,30604.393874
839.106596,1000,30610.716687
22.926722,1000,30632.872846
428.084016,1000,30639.35048
831.202099,1000,30658.839495
716.428629,1000,30665.297468
1067.691366,1000,30684.668548
149.184816,292,30686.523909
-103.075375,243,30688.083604
744.202242,1000,30694.561922
673.321748,1000,30714.885902
232.936655,829,30720.170537
769.001034,1000,30742.111082
-160.506794,534,30745.529952
856.673582,1000,30767.908648
-21.463933,181,30769.094074
1145.483621,1000,30775.527075
218.239782,361,30777.874626
78.130076,129,30778.693898
-40.59939,367,30795.393065
-34.574732,117,30796.156888
661.752915,1000,30802.567473
299.99706,1000,30824.183097
-12.714465,84,30824.749058
756.149234,1000,30831.094296
52.219964,189,30832.304713
-30.06841,268,30833.997094
715.398126,1000,30854.881561
548.519003,1000,30861.262856
-308.871317,1000,30883.345562
751.63595,1000,30889.741624
102.264665,650,30909.547407
813.246045,1000,30915.940117
718.944403,1000,30937.105802
866.041778,1000,30943.51902
702.593228,1000,30965.512912
568.234401,1000,30971.86004
-187.499748,1000,30992.289351
536.040661,1000,30998.712837
151.854762,446,31001.510799
570.941346,1000,31023.429634
114.074658,354,31025.747823
168.109309,299,31027.627566
10.863141,203,31028.914426
486.891257,1000,31050.19939
776.925642,1000,31056.613886
657.020381,1000,31076.398353
706.204243,1000,31082.780059
839.738022,1000,31104.813126
552.585377,1000,31111.223631
3.473382,1000,31132.030744
914.355825,1000,31138.43284
975.693773,1000,31158.921097
169.5404,1000,31165.322416
42.09731,247,31166.879599
-649.203541,1000,31188.363806
177.803255,437,31191.164901
226.207494,416,31193.832985
353.646697,1000,31214.837867
221.708127,259,31216.522004
1020.658474,1000,31222.986248
1206.093927,1000,31243.762649
521.465858,1000,31250.133081
765.055798,1000,31270.706686
111.034245,231,31272.142758
1187.344222,1000,31278.533141
285.472868,1000,31299.022905
819.239825,1000,31305.375932
645.308071,1000,31326.004196
57.337211,294,31327.836308
82.165994,227,31329.316445
465.81858,1000,31335.657518
788.179255,1000,31353.962374
368.775495,1000,31360.325685
430.192725,891,31380.818453
661.180425,1000,31387.221503
101.633715,1000,31409.223353
687.439174,1000,31415.667942
439.731689,1000,31435.278377
587.441799,1000,31441.667622
164.874157,1000,31464.318301
667.416972,1000,31470.731626
63.360207,285,31472.585162
863.797042,1000,31495.305575
-22.7231,1000,31501.768936
31.185944,211,31503.090597
596.175575,1000,31525.109453
945.038424,1000,31531.491002
59.045258,107,31546.885341
784.759156,1000,31553.315171
118.886635,311,31555.28823
1064.87599,1000,31577.827561
110.698901,203,31579.113743
690.698408,1000,31585.444436
321.160308,1000,31606.063278
435.79651,1000,31612.481323
-271.828096,1000,31634.300146
877.481527,1000,31640.637836
-506.07402,1000,31663.156941
120.250899,272,31664.877062
141.221133,279,31666.670773
810.981482,1000,31672.975055
229.21941,622,31692.362963
727.499398,1000,31698.694189
1095.5817,1000,31719.732718
1057.165169,1000,31726.074003
52.113246,278,31727.835927
856.769154,1000,31748.776122
809.835656,1000,31755.110161
624.346184,1000,31774.169801
451.652828,1000,31780.534494
544.530093,1000,31800.671606
1109.435929,1000,31807.12366
727.611239,1000,31827.374239
652.022327,1000,31833.835613
176.352871,1000,31854.087995
657.992972,1000,31860.415613
1274.729212,1000,31880.484982
701.066331,1000,31886.874046
836.158097,1000,31906.140446
49.454717,137,31907.04634
854.878224,1000,31913.393539
416.635781,1000,31932.840393
1236.802512,1000,31939.189707
623.690839,1000,31960.237934
686.076995,1000,31966.570195
17.463415,200,31967.810293
803.318247,1000,31988.837842
338.238128,1000,31995.170226
825.45067,1000,32014.608334
858.66156,1000,32020.916742
584.058249,1000,32041.280729
856.639129,1000,32047.750694
656.141313,1000,32068.68766
-190.805071,1000,32075.201583
1042.216924,1000,32095.219033
370.416726,1000,32101.632516
775.178639,1000,32122.593502
867.674963,1000,32128.928214
26.788637,388,32131.44012
480.656566,1000,32152.782024
678.001621,1000,32159.088767
612.318106,1000,32181.108468
-8.134509,175,32182.237256
817.302718,1000,32188.581878
817.280242,1000,32210.098162
1119.578517,1000,32216.512686
728.049608,1000,32238.546834
-63.52685,88,32239.107
77.50188,537,32242.481596
379.485418,1000,32263.3678
992.896427,1000,32269.683165
886.169586,1000,32291.013643
516.094119,1000,32297.396625
-235.519138,1000,32319.626088
-213.586857,1000,32325.956733
176.285764,1000,32345.440824
666.692017,1000,32351.765788
395.184763,1000,32372.082124
843.704596,1000,32378.543949
765.542855,1000,32398.646017
1122.75432,1000,32405.066121
878.475783,1000,32411.425034
455.38876,1000,32433.456599
641.405805,1000,32439.888089
-69.290959,1000,32460.941002
125.496265,195,32462.178099
1048.725695,1000,32480.802935
-145.371634,143,32481.705124
-7.777038,174,32482.818379
652.988207,1000,32489.158261
657.954855,1000,32509.491963
577.780668,1000,32515.888453
815.658525,1000,32535.538666
779.873643,1000,32541.962535
646.260198,1000,32561.19222
76.536067,220,32562.568381
19.163312,1000,32568.967907
545.908891,1000,32588.944088
-200.142183,1000,32595.300551
690.160914,1000,32614.647092
-217.793457,277,32616.363484
231.625025,1000,32622.703488
726.465846,1000,32642.199033
565.276256,1000,32648.674842
832.446062,1000,32668.17961
978.64071,1000,32674.688793
694.463324,1000,32696.12872
82.687521,178,32697.241814
-28.605387,205,32698.5812
687.24103,1000,32704.967716
-59.246644,240,32718.133885
730.442039,1000,32724.533764
964.584032,1000,32744.846984
-2.927899,1000,32751.206576
456.2146,1000,32757.535193
259.58129,1000,32778.747872
-11.806398,248,32780.324726
984.320239,1000,32801.823918
90.50437,1000,32808.142525
792.359051,1000,32827.527727
109.781051,1000,32833.902888
54.505064,120,32834.675397
637.234486,1000,32853.587321
-57.452942,1000,32860.105647
887.455448,1000,32881.451642
535.548639,1000,32887.956704
1064.527936,1000,32908.546943
175.21298,1000,32915.061788
702.354274,1000,32937.410744
858.966178,1000,32943.733377
298.859033,1000,32963.690207
-532.013152,1000,32970.078801
429.062859,1000,32976.484699
-71.192815,243,32993.223514
943.617478,1000,32999.568613
108.680113,247,33001.110385
485.654862,1000,33022.214568
190.703191,693,33026.592542
943.342004,1000,33047.537693
632.922778,1000,33053.902011
727.000554,1000,33074.05921
133.741046,440,33076.917781
130.319813,448,33079.765721
32.273771,415,33082.394797
407.234503,1000,33103.18639
597.068764,1000,33109.522237
545.105283,1000,33126.95058
-190.446567,1000,33133.307881
828.99545,1000,33153.159154
382.761062,1000,33159.605524
360.731929,1000,33178.141317
701.189662,1000,33184.638053
72.218717,588,33188.354373
17.893252,101,33189.000106
-58.787598,293,33203.736171
703.709475,1000,33210.061564
762.154593,1000,33229.870405
-154.24474,1000,33236.253911
591.642032,1000,33242.616864
-30.717645,234,33259.344232
67.331313,169,33260.379821
674.540148,1000,33266.745903
-76.34225,300,33268.643497
399.706407,1000,33288.980729
74.570378,159,33290.013539
207.692024,367,33292.320911
582.944442,1000,33312.18883
117.685087,303,33314.144959
587.610749,1000,33320.47357
718.930478,1000,33342.394714
444.886439,713,33346.926824
918.114753,1000,33368.273019
193.228692,1000,33374.632807
222.2953,1000,33381.006979
166.94527,1000,33401.43042
1092.351401,1000,33407.760104
630.588424,1000,33429.696903
214.885565,627,33433.637091
-352.19137,664,33451.70315
4.035987,667,33456.050219
524.81239,1000,33462.327667
316.460343,1000,33483.613109
1029.461402,1000,33489.997753
533.331981,1000,33511.973747
403.738891,1000,33518.334599
1133.884722,1000,33537.588027
14.162758,207,33538.950491
15.052383,281,33540.720709
57.647019,179,33541.871255
424.206808,1000,33563.074631
533.009694,1000,33569.433363
673.778288,1000,33591.875978
491.373223,1000,33598.245402
413.683481,1000,33619.088012
1169.007539,1000,33625.445144
715.382204,1000,33646.625778
68.51687,225,33648.117585
647.61093,1000,33654.540151
114.187262,401,33657.11838
660.810924,1000,33679.483617
364.399441,1000,33685.841353
916.232473,1000,33708.220406
649.066288,1000,33714.565604
368.133514,675,33733.701901
261.478831,259,33735.360016
876.349846,1000,33741.70552
39.50614,1000,33760.991951
834.770345,1000,33767.273612
801.819336,1000,33789.28174
452.36729,1000,33795.591374
688.895542,1000,33817.456692
832.719045,1000,33823.830608
549.740789,1000,33845.344089
642.318109,1000,33851.683278
482.857054,1000,33872.387936
303.370263,1000,33878.812216
62.010548,442,33881.633436
775.024185,1000,33902.523802
727.158955,1000,33908.986461
74.697514,340,33925.582884
103.224749,295,33927.488548
221.323277,563,33931.024627
387.029577,1000,33937.491228
443.105318,1000,33958.72308
860.281731,1000,33965.173422
736.881212,1000,33984.548373
-102.887678,188,33985.748953
67.996186,319,33987.754036
108.416277,514,33991.036573
721.711334,1000,34013.346993
398.249664,1000,34019.702887
145.037201,361,34037.547493
716.62165,1000,34043.909385
441.499895,1000,34063.403125
318.20917,1000,34069.806605
220.140309,1000,34076.154626
620.386273,1000,34097.582647
-258.304537,392,34100.089916
405.14807,1000,34121.45393
107.198664,414,34124.061843
1083.72012,1000,34130.448468
246.012183,445,34149.28591
-4.513159,191,34150.508446
3.753796,191,34151.700322
244.920462,468,34154.602605
-7.469995,267,34156.270728
886.051838,1000,34177.981255
724.950901,1000,34184.271734
743.913749,1000,34205.551649
389.996674,1000,34211.921056
592.219171,1000,34233.549994
627.652407,1000,34239.968474
1062.245728,1000,34261.582868
228.015469,376,34263.978924
859.558775,1000,34270.45972
378.778449,1000,34290.990623
369.277303,1000,34297.270577
90.465069,260,34298.910107
553.796644,1000,34320.142055
598.418898,1000,34326.577091
-141.847757,435,34329.268602
261.508957,615,34347.675826
197.845444,1000,34354.065573
856.163628,1000,34374.842607
417.316771,1000,34381.163031
421.059361,1000,34401.468487
562.475953,1000,34407.765836
734.562193,1000,34429.80509
965.466805,1000,34436.108906
951.664953,1000,34458.233334
280.942563,1000,34464.59045
352.253938,1000,34486.872356
685.797032,1000,34493.259337
68.176237,201,34494.543768
328.42762,1000,34517.509351
669.494906,1000,34523.898837
893.472228,1000,34544.383899
-329.013559,1000,34550.681042
957.182672,1000,34569.980707
589.136432,1000,34576.341026
550.257079,1000,34595.954463
40.03323,109,34596.643129
637.505657,1000,34603.013053
52.48219,492,34606.118938
563.796648,1000,34628.304498
713.025082,1000,34634.663956
158.357709,1000,34655.668397
955.30408,1000,34661.99163
641.572356,1000,34684.653729
679.666527,1000,34690.995708
426.641941,1000,34710.434608
704.295447,1000,34716.826292
-230.953726,1000,34738.201886
92.147495,263,34739.863318
255.216829,1000,34746.292137
-61.88903,220,34759.905855
472.362713,1000,34766.281297
788.884803,1000,34786.864545
209.736145,605,34790.758589
188.220442,641,34794.84012
603.604476,1000,34816.276734
496.888458,1000,34822.627094
897.51235,1000,34844.157798
114.081985,1000,34850.470887
835.462078,1000,34871.032838
251.037713,426,34873.771185
526.471039,1000,34880.094827
1010.918224,1000,34900.330544
856.741172,1000,34906.671549
804.275753,1000,34926.840193
513.542292,1000,34933.205417
837.29899,1000,34954.520023
812.55624,1000,34960.871119
607.26184,1000,34981.85468
745.403882,1000,34988.188396
774.169035,1000,35007.260573
49.34626,452,35010.149233
920.807133,1000,35016.570784
-239.02435,599,35034.961632
875.902135,1000,35041.318382
166.537943,1000,35061.85978
823.203606,1000,35068.201593
446.017003,1000,35089.272164
680.025517,1000,35095.652948
656.856514,1000,35114.91622
170.862009,1000,35121.290136
8.1285,518,35124.585945
696.936719,1000,35145.591506
633.326114,1000,35152.020709
821.051374,1000,35171.381167
86.054555,432,35174.19035
895.342051,1000,35196.319374
399.977739,592,35200.077081
828.693019,1000,35206.429617
96.280389,311,35208.367247
541.606199,1000,35230.431364
704.324466,1000,35236.786614
131.608056,283,35254.406309
584.209197,1000,35260.757153
260.639892,1000,35280.254737
764.37041,1000,35286.731493
30.860735,405,35289.327426
503.051336,1000,35311.252846
76.376358,693,35315.844651
904.394828,1000,35336.77753
57.829596,236,35338.290541
652.350304,1000,35344.81462
737.473008,1000,35365.003933
798.938863,1000,35371.354025
1135.467825,1000,35391.482628
808.569742,1000,35397.755646
176.971577,380,35400.160696
1150.830329,1000,35419.385155
342.325172,1000,35425.58206
997.481154,1000,35446.039724
311.650893,555,35449.551425
-102.296594,165,35450.556425
838.360413,1000,35471.08908
442.354666,1000,35477.401897
-61.087346,594,35481.20945
93.113509,1000,35501.661867
46.41711,267,35503.366619
-34.299499,456,35506.23812
927.364859,1000,35527.704603
321.495029,1000,35534.048908
507.446784,1000,35555.40617
61.347369,309,35557.328996
745.335277,1000,35563.662782
447.52021,1000,35583.948408
33.376292,244,35585.544801
-73.965987,111,35586.243567
824.075008,1000,35592.565513
450.828659,1000,35613.415599
774.38526,1000,35619.851102
730.286649,1000,35639.701382
72.01056,201,35640.970734
340.214398,1000,35662.163758
340.735516,546,35665.684821
839.47728,1000,35671.988372
-29.26016,212,35673.319179
147.950787,443,35689.885273
163.299318,350,35692.083683
79.251014,160,35693.112509
682.681696,1000,35699.40642
55.068398,213,35700.774616
847.178516,1000,35721.357659
971.391875,1000,35727.713498
520.905432,1000,35749.307803
623.97705,1000,35755.654849
928.485658,1000,35777.299318
-139.724924,359,35779.539519
800.079661,1000,35800.727298
696.362164,1000,35807.085015
645.469724,1000,35827.787723
247.052235,1000,35834.139916
689.83222,1000,35853.361787
737.852689,1000,35859.757254
-1443.986182,1000,35866.153063
593.875512,1000,35886.478815
758.325289,1000,35892.773725
801.84231,1000,35913.457185
533.189122,1000,35919.885803
716.555068,1000,35940.27635
146.189318,303,35942.233202
666.155107,1000,35962.845396
467.369491,1000,35969.229839
-20.035552,1000,35991.743379
680.640235,1000,35998.031516
842.559096,1000,36019.408561
-10.568809,126,36020.235811
798.037228,1000,36026.488461
121.530337,457,36029.36922
908.842353,1000,36047.528157
219.019334,1000,36053.915005
-154.645913,589,36070.512454
444.085086,1000,36076.867281
69.803341,1000,36098.876303
453.36843,1000,36105.283469
19.715801,549,36108.704602
615.730719,1000,36129.86412
847.763004,1000,36136.266184
655.821253,1000,36157.563232
117.681103,346,36159.799198
-4.94604,314,36161.801835
568.13102,1000,36183.405385
750.244802,1000,36189.801198
519.007825,1000,36210.216407
-27.812523,343,36212.422603
57.353535,134,36213.268575
877.13008,1000,36219.670727
368.470629,516,36235.799276
77.060451,266,36237.489349
718.972553,1000,36243.765819
77.541432,304,36245.810556
52.671081,330,36247.902445
-35.277316,236,36263.84889
-18.98363,265,36265.516786
817.973329,1000,36271.896915
85.741833,325,36273.934199
571.200707,1000,36295.718128
390.219749,1000,36302.030264
517.639949,1000,36321.593069
628.621131,1000,36327.948223
-103.620706,180,36329.106023
27.884805,219,36330.524378
428.5304,1000,36350.464926
758.149755,1000,36356.820893
-167.622622,1000,36379.174412
62.246906,203,36380.482776
-58.947696,168,36381.52017
837.182685,1000,36402.797881
362.74996,1000,36409.191919
-198.805194,1000,36429.128065
627.252024,1000,36435.551179
320.550463,595,36439.279312
546.009849,738,36459.636909
1029.819101,1000,36465.90381
489.838728,1000,36486.958058
393.316657,1000,36493.239633
310.757878,1000,36516.158727
927.883548,1000,36522.510832
629.102526,1000,36543.141607
796.558541,1000,36549.542952
-66.948201,1000,36570.185993
92.876177,583,36573.880368
716.892751,1000,36580.247267
893.277364,1000,36602.012798
785.575919,1000,36608.427765
566.915321,1000,36629.844723
672.121425,1000,36636.27734
108.799059,509,36654.59457
1039.872349,1000,36660.94118
608.622472,1000,36683.398461
791.45388,1000,36689.760482
