#{"t_start": 1785403728.269589, "env_id": "Go2Locomotion-v0"}
r,l,t
-121.800992,742,22.461035
-21.39356,87,22.974808
-20.388494,92,23.553364
-110.432243,73,24.019994
-14.552156,66,24.429403
-13.547379,87,24.953823
-24.350048,72,25.446442
6.436361,70,25.873224
18.95266,86,26.391674
-15.706389,46,26.684413
6.294103,52,27.003034
26.383829,79,27.486351
-4.074868,35,27.677339
27.356729,89,28.266267
-28.869477,59,28.644704
10.131268,69,29.116066
-20.004977,79,29.621728
-0.015327,47,29.924192
-40.887326,89,30.435998
-48.545142,77,31.427889
1.551138,45,31.716373
1.882908,45,32.001881
-29.93601,62,32.398903
-3.396299,53,32.699315
-3.9082,47,33.005879
-20.304083,52,33.341519
-21.247208,52,33.690176
-19.535099,45,33.979171
-7.183947,67,34.39526
7.295673,68,34.84046
10.385261,43,35.079416
7.003452,84,35.641973
2.687812,52,35.939735
-1.44906,73,36.42488
-66.871607,56,36.746708
13.316282,85,37.301648
2.107407,50,37.609615
5.817676,66,38.013216
-49.924334,76,38.476857
4.526696,59,38.843817
0.785007,48,39.116234
2.529147,69,39.563295
-28.320773,53,39.865779
16.637478,96,40.465759
-8.754026,71,40.90471
-101.860627,98,41.515217
-8.889551,77,42.033502
-4.854793,57,42.391195
3.35302,71,42.827412
23.622039,77,43.304188
11.197528,68,43.759969
-20.954937,60,47.47832
30.895468,64,47.877353
20.146233,134,48.714353
-12.326592,56,49.076014
2.243284,56,49.422215
14.667725,88,49.96575
3.156653,75,50.418939
-18.106066,53,50.762551
4.709907,56,51.093804
35.507035,77,51.578727
-1.814416,94,52.162764
0.409088,44,52.409832
22.689039,96,53.007687
24.185522,91,53.521819
8.330403,71,53.937648
0.748083,175,55.018952
11.927607,63,55.396387
23.890695,69,55.815464
-6.267986,53,56.158743
-38.448967,71,56.586762
0.999732,52,56.923037
51.893258,158,57.902909
-34.540921,119,58.622367
-8.125491,49,58.912355
-8.074122,75,59.388877
53.807007,123,63.259105
11.90403,60,63.633606
70.04306,188,64.780234
10.146514,135,65.592122
-10.825522,83,66.073922
34.013448,169,67.130776
-42.363901,66,67.539546
43.237662,154,68.491177
20.855897,114,69.194401
47.225546,1000,75.329404
-19.216252,127,82.83422
-43.59964,94,83.406586
-12.004952,208,84.688083
8.654868,129,85.483892
-92.230984,112,86.16595
13.27439,249,87.658038
63.497032,233,89.073807
43.909357,207,90.30265
23.7814,135,91.090159
17.504532,155,92.053484
41.518641,220,93.422297
-83.200817,251,100.611156
-3.121491,381,102.855189
32.372065,214,104.131351
40.512494,201,105.303192
-0.489641,449,107.950106
-6.602754,180,109.046122
19.724177,125,109.775754
45.57929,349,111.847764
31.987193,231,120.134531
31.930191,183,121.211389
89.808334,432,123.675977
47.743759,384,125.836994
35.500258,380,127.936157
33.505515,402,130.103314
49.60061,465,141.679325
25.804173,259,143.105033
10.888675,176,144.100421
109.079815,593,147.237982
40.448173,403,149.37572
5.039687,83,149.806504
9.701889,295,160.135017
39.61411,234,161.385004
20.438113,162,162.245181
22.562802,189,163.227097
45.741015,468,165.664007
-15.553117,135,166.386185
95.49089,1000,181.505045
54.213708,719,185.143265
64.718532,1000,190.213819
59.804851,713,203.629242
-61.676153,120,204.251803
37.534724,170,205.100457
89.41984,820,209.244395
-0.862243,198,210.200955
32.947362,1000,224.319942
31.285671,346,226.041871
144.572993,1000,237.823407
-23.491587,725,241.967347
-11.268331,322,243.700474
69.474546,386,245.712079
56.129914,135,246.409644
3.988136,52,246.675566
83.845318,650,257.651042
18.428869,234,258.848888
104.321154,579,261.787103
34.954798,393,263.791695
62.91129,456,266.160065
8.053225,197,276.407023
6.902417,421,278.666303
24.150577,414,280.853097
28.950063,173,281.777812
107.826184,1000,297.033031
91.807384,1000,302.133131
108.672291,1000,317.05589
96.487353,1000,322.306092
10.666953,323,324.068648
38.290942,1000,337.06319
16.77559,120,337.66951
80.752467,1000,342.722254
35.952983,321,344.389526
15.096636,495,356.008589
110.764648,1000,361.151749
61.562889,463,363.532729
28.979327,647,374.581707
102.014137,1000,379.572922
96.419534,1000,395.16283
-17.60676,77,395.559044
94.858142,1000,400.581382
55.624203,699,413.261985
5.046908,94,413.733453
21.458001,152,414.500669
29.293252,114,415.085917
98.180378,1000,420.115289
84.832598,1000,434.530879
31.863518,303,436.080538
10.483484,90,436.57284
99.987419,1000,441.668569
106.286262,1000,454.911521
95.215424,1000,460.017664
36.959287,320,461.653609
109.444555,656,473.145915
97.355143,1000,478.037196
9.760088,81,478.431874
115.530402,1000,493.029026
117.745732,1000,497.980346
12.676613,1000,510.310923
95.448267,1000,515.275157
108.543371,881,529.771979
98.666515,1000,534.714284
106.829042,1000,549.76556
119.492438,1000,554.927093
81.390437,1000,568.354015
26.261096,248,569.682695
39.107891,194,570.685242
105.812166,1000,576.013363
37.273316,276,577.436
15.323126,51,586.619438
65.913085,427,588.8818
52.357404,274,590.356908
30.95845,265,591.718135
10.450074,99,592.203833
102.601878,1000,607.969008
22.205347,1000,613.2433
-104.911907,301,614.789583
66.348386,643,618.085442
127.01375,1000,633.475482
33.789334,264,634.877302
83.717759,258,636.233939
-53.846068,267,637.635872
38.133669,444,648.425156
29.80724,243,649.669766
20.442917,110,650.249523
33.778502,333,651.985599
31.263668,106,652.536994
-43.517623,217,653.661114
97.772708,1000,667.117367
120.824516,1000,672.337004
13.068098,259,673.732318
14.301266,169,674.595058
119.994757,1000,689.525063
177.346589,1000,694.532873
81.702626,268,695.900152
110.486311,1000,709.764382
34.648399,306,711.336881
85.321565,1000,716.445349
47.284536,459,726.816879
39.74388,321,728.487432
8.692496,329,730.163644
23.722488,157,730.968567
0.055589,214,732.120718
92.402553,1000,745.56004
-17.59758,45,745.818898
72.443948,320,747.456272
92.488053,1000,752.633917
-5.585827,42,752.838991
56.636734,297,764.226758
98.166974,1000,769.504008
97.469596,1000,774.532918
-14.119978,232,783.542776
86.228583,1000,788.498018
98.794347,1000,802.79815
69.693554,1000,807.933818
9.11297,76,808.31988
-12.384036,1000,823.013319
61.564841,1000,828.075787
0.920902,140,828.804205
47.816392,318,830.428493
33.105656,1000,844.45419
99.512654,1000,849.582866
73.000066,1000,862.869078
92.883964,1000,868.302643
109.745039,621,881.190302
25.987052,289,882.729068
89.000205,1000,887.914254
90.853628,1000,903.087541
79.865482,391,905.221774
92.081442,1000,910.525232
61.579106,289,921.801957
96.882044,1000,927.11503
76.05615,1000,932.382569
98.775903,419,943.928569
53.696297,323,945.575381
9.999867,414,947.71604
54.253457,380,949.725154
63.864881,181,950.727126
73.761602,1000,966.275639
74.783088,547,969.099013
93.677784,1000,979.704
75.272211,455,982.02513
44.494075,192,982.9917
98.011546,1000,988.179833
94.598605,1000,1003.159611
104.534101,413,1005.387395
87.013598,325,1007.116375
70.084259,395,1009.258643
89.635978,1000,1023.64386
43.695393,324,1025.330719
84.298344,464,1027.791215
59.124157,401,1029.866462
72.174776,354,1041.431685
46.429537,834,1045.729761
92.52937,981,1058.784249
14.386818,89,1059.256664
70.512043,861,1063.973922
123.457427,463,1066.455958
89.223512,551,1069.348181
63.293175,1000,1083.153303
147.205629,1000,1088.385281
85.384502,1000,1102.520408
84.81035,1000,1107.541148
8.593137,93,1108.003067
5.866062,58,1116.936945
97.377847,1000,1122.172038
26.060316,112,1122.773901
31.536092,224,1123.91759
74.306363,1000,1139.064709
78.921638,938,1144.09339
60.872811,289,1145.66769
36.141031,433,1147.969674
67.235767,314,1158.807417
-0.425984,65,1159.145449
18.613524,80,1159.547717
87.922464,1000,1164.826636
95.173262,1000,1178.94992
35.986179,313,1180.631764
29.555779,114,1181.231127
50.005316,375,1183.20287
12.444058,61,1183.533688
-30.118574,283,1185.062125
2.758131,53,1185.348046
89.177326,1000,1200.18541
87.386793,1000,1205.607362
90.457522,1000,1220.581533
88.125611,1000,1225.67382
69.878763,1000,1239.415263
99.22899,1000,1244.638498
65.381113,1000,1257.434674
61.00134,240,1258.680558
88.785483,1000,1263.88871
118.466872,363,1265.799267
52.686896,1000,1280.906125
15.836992,127,1281.591311
62.373732,391,1283.659167
95.806517,1000,1300.358814
49.179124,208,1301.488375
83.540033,376,1303.472708
97.652573,610,1306.82249
35.241519,70,1307.209909
73.993517,370,1309.167024
50.703503,310,1319.417666
43.477265,381,1321.372318
70.248462,345,1323.201472
8.123536,66,1323.552
43.333191,332,1325.283686
104.038345,1000,1339.951046
14.728441,88,1340.409083
99.614774,1000,1345.657336
108.451604,1000,1359.807932
57.513144,385,1361.863147
58.944046,1000,1367.284405
97.755545,1000,1382.501884
91.194017,319,1384.30606
35.114063,227,1385.538495
4.380032,1000,1399.646192
60.279146,597,1402.905394
59.641183,293,1404.429248
50.678995,338,1406.20291
71.566694,302,1407.818556
21.27141,153,1408.666588
60.122273,320,1419.296106
106.835902,1000,1424.64749
43.516101,329,1426.412347
18.686158,92,1426.929531
76.874182,947,1438.984457
22.996061,121,1439.67365
73.521303,258,1441.068047
99.059626,1000,1446.436844
70.687148,686,1458.184197
94.420884,1000,1463.457312
61.19953,469,1466.061492
81.039353,1000,1481.726339
19.120059,153,1482.602111
17.798003,94,1483.165253
34.468956,406,1485.525192
17.703184,804,1500.372701
40.82581,1000,1505.714043
61.242183,300,1507.268196
82.645507,837,1522.075901
84.624566,1000,1527.456206
29.77092,128,1528.121559
115.59542,305,1529.806497
57.335261,620,1540.441698
71.215339,808,1544.714498
89.114983,446,1547.125153
65.645557,327,1548.914104
12.092609,93,1559.449597
48.705599,247,1560.827184
86.524134,636,1564.330519
39.759092,300,1565.982511
98.342213,327,1567.847382
92.141487,333,1569.822875
50.716133,398,1581.522422
77.324613,394,1583.803053
92.819772,392,1586.07446
91.825391,433,1588.536456
76.572778,682,1600.283772
-36.618892,408,1602.66829
35.41079,210,1603.874819
39.501498,335,1605.843887
33.783232,168,1606.847647
66.667138,212,1608.071344
-72.572535,182,1609.16791
-93.547194,315,1610.989646
-7.15038,163,1621.136249
31.968613,369,1623.275128
123.977225,868,1628.247864
21.948983,149,1629.10488
-34.401031,71,1629.480302
126.077692,590,1641.399004
94.763892,360,1643.466677
43.883808,329,1645.388221
-26.401702,51,1645.680907
-64.866345,188,1646.804542
13.375105,170,1647.801919
11.976438,94,1648.327876
7.321524,135,1649.107029
49.979708,186,1650.224159
-12.590358,93,1650.801956
-40.367868,60,1651.150069
34.396743,240,1652.489841
14.242285,174,1660.778773
66.704006,1000,1666.694892
27.635686,112,1667.316872
7.722569,148,1668.194637
-26.309754,247,1669.643657
27.969897,186,1670.7077
-6.969488,141,1671.534008
60.54043,513,1684.864027
54.116477,354,1686.869189
28.03334,190,1687.957988
-54.349128,451,1690.592163
17.144222,137,1691.372564
68.765304,569,1702.173965
-6.942199,71,1702.613266
-16.932283,178,1703.694937
65.171985,1000,1709.649343
56.387139,490,1712.474172
78.115838,797,1725.339663
4.065385,85,1725.82873
25.253271,180,1726.882111
35.178171,249,1728.298685
83.625048,561,1731.543915
93.682639,349,1733.612089
-27.037163,140,1743.993093
51.812725,104,1744.65314
70.898015,622,1748.415706
-2.526536,176,1749.424173
26.134136,182,1750.495467
31.378633,195,1751.614724
67.243767,567,1754.94944
60.296873,402,1766.305206
58.97308,396,1768.611252
27.898872,208,1769.819859
28.087994,150,1770.70795
22.614239,174,1771.775633
30.360202,271,1773.336829
31.021469,134,1774.10085
117.208196,1000,1789.310421
30.200585,205,1790.462194
54.613199,225,1791.75159
-6.288392,87,1792.244775
33.822306,279,1793.843066
53.057507,341,1795.85095
47.246055,206,1797.102739
43.95571,409,1807.552747
97.921121,827,1812.31418
31.481628,198,1813.457521
53.173187,220,1814.780076
34.051849,225,1816.070536
72.891617,598,1828.21625
46.583322,178,1829.292095
48.859197,303,1831.10658
80.877112,663,1835.084453
7.614291,176,1836.08522
60.159611,193,1837.2765
38.627804,214,1838.553939
13.576226,85,1845.186882
83.468389,1000,1851.141531
103.365697,895,1856.43531
35.664985,169,1866.489669
-36.995481,182,1867.566321
-23.944958,85,1868.043027
233.455135,1000,1873.75721
31.282647,238,1875.182686
42.186389,394,1877.488969
19.073115,175,1886.093482
-5.495828,239,1887.472162
77.523528,827,1892.331099
36.832561,209,1893.570489
53.670325,230,1894.871489
62.027023,315,1896.729218
-65.322621,226,1905.717326
-28.087505,73,1906.157903
130.259664,1000,1912.03792
119.254219,316,1913.930569
23.515694,236,1915.367597
222.056941,1000,1929.185842
152.573301,1000,1934.923898
16.269355,98,1935.485467
-89.453054,618,1947.339232
22.633826,346,1949.420307
11.436934,107,1949.990471
68.15218,433,1952.413747
17.503686,184,1953.397662
-34.444339,58,1953.71975
16.677976,143,1954.503961
23.148364,101,1955.074574
141.774623,1000,1968.251367
54.291159,350,1970.27875
64.348481,939,1975.700288
-43.586748,96,1976.233454
84.659333,819,1988.854126
51.418123,288,1990.540206
40.362297,295,1992.261612
46.742001,314,1994.123175
43.55226,248,1995.601511
48.198205,191,2005.669863
123.155259,1000,2011.5756
96.285935,671,2015.496577
65.789333,329,2026.92678
53.556875,238,2028.307267
32.089282,253,2029.770458
125.150469,1000,2035.599578
52.852,280,2037.232732
-85.216645,228,2038.536201
138.125212,1000,2054.706683
-41.521017,217,2055.932761
142.65152,611,2059.526254
44.801754,369,2071.621245
37.974275,297,2073.366692
-4.434569,186,2074.486346
122.125369,1000,2080.452168
39.241698,261,2081.952744
43.366587,225,2090.915684
38.516726,244,2092.375336
116.143696,1000,2098.38358
27.385525,258,2099.981963
66.861308,324,2101.851993
60.338561,261,2113.421693
161.255835,833,2118.426688
64.081984,736,2122.795907
24.44595,108,2123.437585
31.16729,127,2124.180233
4.035944,83,2124.652977
122.494196,1000,2140.636727
107.975417,297,2142.406461
118.726831,1000,2156.975234
16.076484,59,2157.332813
19.610481,145,2158.218303
8.257657,949,2163.896708
27.438098,228,2165.255066
38.731553,178,2166.336257
19.414663,182,2167.43382
169.647285,1000,2182.217184
86.659689,331,2184.212131
71.38407,242,2185.609284
36.799565,207,2186.825001
147.126283,1000,2202.007466
64.899424,398,2204.370262
217.999953,1000,2210.315686
230.555078,1000,2224.889874
165.59105,1000,2230.789308
97.562395,698,2245.437309
133.37874,290,2247.235428
134.525513,731,2251.702803
24.085651,114,2252.41196
200.004737,1000,2266.782468
23.556963,178,2267.825213
47.150508,243,2269.253607
-28.21046,240,2270.711546
36.249693,206,2271.928555
12.05525,159,2272.858014
101.257133,394,2285.49978
-50.668823,187,2286.613452
236.859321,1000,2292.617202
40.483073,191,2293.767636
35.357189,219,2295.056924
39.577582,102,2295.684685
-31.102155,254,2297.255788
20.163498,180,2306.503056
-11.316792,155,2307.443353
31.593903,160,2308.427467
-84.233001,206,2309.71507
44.463132,199,2310.916224
4.12837,48,2311.199001
141.397485,457,2313.99016
-22.216792,73,2314.427523
39.035303,170,2315.490232
44.021041,151,2316.404195
-115.547188,379,2328.480762
105.48491,520,2331.665455
260.113648,1000,2337.739616
25.508326,154,2338.654752
43.008068,242,2340.183093
43.896847,246,2352.654558
25.115994,278,2354.319426
-3.071658,60,2354.689034
-10.370688,136,2355.502269
-22.113056,90,2356.085737
93.234866,319,2358.004689
16.733299,165,2358.960061
35.678432,202,2360.181122
49.100818,272,2361.824069
-7.159065,104,2362.434228
87.032192,198,2363.62389
12.194681,77,2375.669422
219.833366,1000,2381.586448
33.808332,241,2383.066899
102.386584,248,2384.512109
71.657564,370,2386.785415
-55.382134,310,2396.816868
48.753141,299,2398.604747
38.68701,159,2399.643487
26.269127,122,2400.373259
254.344336,1000,2406.480303
75.402708,260,2408.086196
104.415478,1000,2422.840409
127.113138,342,2424.933109
11.368966,99,2425.564337
53.68916,253,2427.110805
36.020799,250,2428.688949
35.675169,217,2437.451145
60.976699,222,2438.796127
25.926251,157,2439.739022
46.211149,246,2441.215132
40.326212,214,2442.518554
-21.945027,716,2446.826657
30.909266,306,2448.671756
39.599107,175,2461.278258
22.16249,245,2462.749978
59.904193,326,2464.729043
-127.010647,1000,2470.587243
10.076809,89,2471.153767
117.384993,278,2472.80684
39.26966,204,2481.660476
232.83474,827,2486.656261
299.072826,988,2492.712441
27.253194,190,2501.837315
36.979371,201,2503.05872
78.319763,248,2504.575225
69.668261,245,2506.028764
87.436043,268,2507.664844
58.400739,220,2508.973997
57.183675,210,2510.25357
56.797554,298,2512.066152
-21.738192,66,2512.457008
28.299595,288,2524.73933
74.557993,269,2526.372099
136.605965,1000,2532.430415
39.620646,166,2533.422678
46.585529,289,2535.127567
66.997021,261,2544.592719
61.848563,316,2546.468965
312.925267,1000,2552.56224
49.685213,153,2553.465167
89.588164,272,2555.114139
-130.105625,227,2556.436167
46.560145,249,2568.118671
63.210598,215,2569.406095
123.780627,236,2570.772903
-30.132567,92,2571.353625
70.658433,229,2572.692012
27.033594,231,2574.109368
92.953616,328,2576.073812
68.55611,232,2577.475578
51.417604,227,2578.844351
51.949504,237,2589.537694
127.107255,492,2592.496931
32.311765,205,2593.73057
-27.213934,98,2594.283945
80.043019,305,2596.135185
60.179105,222,2597.487423
10.202412,72,2597.916906
123.692201,229,2599.249106
78.234526,215,2610.609372
34.442244,159,2611.550531
143.611647,460,2614.316224
82.164353,354,2616.429689
46.818122,324,2618.369056
15.622603,163,2619.322166
-8.542551,298,2621.150605
98.632279,256,2622.706528
41.978769,220,2631.931868
57.428328,304,2633.822882
40.698393,191,2635.007565
97.841956,338,2637.052098
54.833204,349,2639.176247
64.736768,208,2640.459542
134.658418,381,2642.74488
-24.201157,61,2643.123741
-38.049728,61,2652.597459
66.579548,179,2653.683739
44.31209,141,2654.533404
-35.911802,185,2655.65519
42.065059,287,2657.392047
53.406528,183,2658.505873
24.698657,173,2659.594882
47.702799,207,2660.815443
64.668076,274,2662.479541
31.879162,175,2663.499146
58.617036,263,2675.009598
121.944718,392,2677.309541
35.260907,135,2678.136415
46.409791,221,2679.468239
78.926587,227,2680.851071
60.576441,264,2682.419879
14.424382,245,2683.896408
94.948377,267,2685.503548
80.67949,209,2686.750445
55.623948,436,2699.93286
137.351476,372,2702.143592
140.446963,391,2704.393929
84.066141,198,2705.554642
3.106239,80,2706.013557
36.321447,231,2707.367497
128.752236,309,2709.164497
90.454402,208,2719.446401
92.507656,248,2720.934575
33.562217,207,2722.154616
44.478655,304,2723.941674
105.572502,324,2725.853409
55.036421,260,2727.379116
139.863749,300,2729.127337
-37.468981,266,2739.203636
8.74272,205,2740.401808
37.658554,210,2741.647108
64.149322,224,2742.996813
52.401602,274,2744.631795
68.944234,142,2745.502485
78.657707,585,2749.047656
116.370021,325,2750.944395
34.756323,264,2760.634137
57.502899,260,2762.198818
103.287193,222,2763.545859
44.12146,227,2764.87596
139.966996,332,2766.878907
90.272948,247,2768.350947
7.693382,216,2769.604216
44.306644,232,2770.966514
64.706241,219,2780.743372
-22.258765,319,2782.694501
88.080085,283,2784.3453
117.817888,448,2787.052166
141.583768,508,2790.152683
52.487405,229,2791.500094
56.426797,230,2803.670965
-15.987003,164,2804.755678
121.213577,224,2806.168628
63.249031,283,2807.86017
54.345391,219,2809.343977
63.895257,216,2810.617008
108.790331,349,2812.724945
3.084813,113,2813.515939
41.407392,136,2814.374771
61.3653,219,2815.715773
41.945507,186,2827.744825
18.130839,97,2828.374353
119.810416,493,2831.280475
40.127231,165,2832.232608
-129.762695,239,2833.647266
132.172915,403,2836.052626
77.320786,278,2837.755166
36.781049,188,2838.878581
77.036279,245,2848.947647
147.008985,635,2852.816946
98.658025,267,2854.429295
133.757967,372,2856.681631
-58.316697,152,2857.603397
119.579247,448,2867.868151
24.809519,175,2868.937631
12.891061,87,2869.47588
71.952372,204,2870.703573
31.057045,201,2871.896285
207.128074,466,2874.667943
98.366147,374,2876.931775
136.167802,307,2878.821649
35.363778,217,2880.202125
31.438133,209,2892.508864
30.478196,222,2893.847153
42.541313,243,2895.343208
51.361999,179,2896.459202
4.093369,283,2898.176224
-19.312074,40,2898.432504
-82.688354,205,2899.692381
69.808308,289,2901.435012
138.984527,403,2913.408759
-39.411939,67,2913.825649
19.538101,145,2914.741157
25.723227,203,2915.977873
-57.094341,196,2917.157001
42.62615,231,2918.591495
13.142634,97,2919.16541
25.304142,229,2920.588069
71.188366,191,2921.747344
67.005246,225,2923.143752
76.057291,215,2924.425363
82.838314,428,2936.690079
11.609781,128,2937.466922
135.536824,373,2939.833168
40.16765,180,2940.945076
58.79728,201,2942.158601
86.299499,305,2943.983301
71.147823,308,2945.889114
113.381064,295,2947.712103
131.380508,478,2961.038755
107.583105,434,2963.618829
96.333958,620,2967.261029
25.024202,204,2968.480208
33.769239,89,2968.982191
-34.692446,162,2970.053285
53.323717,267,2981.444327
184.985824,761,2986.029019
35.078437,161,2986.967974
115.653693,543,2990.191455
141.235327,1000,3005.41074
16.585386,175,3006.518338
10.048153,74,3006.962297
91.865676,354,3009.113222
56.322797,207,3010.364612
44.137796,215,3011.645688
35.242303,163,3012.637228
28.330906,104,3013.256646
53.035854,135,3014.133735
32.762112,211,3025.192661
-53.006927,109,3025.847181
-54.264539,228,3027.206621
54.549971,162,3028.206431
-31.810304,118,3028.89665
76.558595,299,3030.76072
56.106069,185,3031.920941
100.192868,276,3033.602911
26.786255,190,3034.759371
-53.552974,530,3046.675686
98.518461,253,3048.212241
57.868273,193,3049.383784
54.387432,194,3050.567033
79.463905,290,3052.285085
-40.031031,59,3052.634993
25.86281,201,3053.85814
76.777697,236,3055.313954
44.802349,231,3056.7159
-32.820217,88,3057.229365
35.107512,205,3068.009146
22.515102,206,3069.249546
45.685963,256,3070.738754
138.984326,351,3072.841959
50.412749,324,3074.750794
86.705105,293,3076.528379
107.042586,230,3077.938265
102.576671,186,3079.088751
140.766943,271,3089.233063
12.876338,74,3089.767111
51.70834,277,3091.439776
62.620318,372,3093.565432
105.255558,323,3095.492974
87.528005,252,3096.934652
16.97752,318,3098.82158
45.738907,330,3110.956291
20.505406,257,3112.456485
34.725671,139,3113.283769
79.136236,216,3114.505527
113.104217,365,3116.67111
126.061397,257,3118.190961
37.466784,212,3119.461497
96.866808,189,3120.626803
152.65807,906,3133.521594
106.232214,310,3135.380657
-37.54923,186,3136.482312
-207.803855,878,3141.713781
38.354354,326,3150.899403
40.205081,230,3152.284518
86.152929,266,3153.912669
65.00608,216,3155.205982
63.653456,250,3156.704868
37.013152,181,3157.807972
29.080688,184,3158.924309
22.272729,105,3159.538409
14.656224,170,3160.599176
65.04096,172,3161.643929
46.537757,228,3170.706238
22.383151,147,3171.602637
35.040918,159,3172.570345
31.676304,122,3173.312504
54.961252,204,3174.531999
39.420142,189,3175.652446
122.8127,488,3178.580389
40.136427,158,3179.567967
47.271827,242,3181.034327
-77.010279,191,3191.136914
110.924204,233,3192.523702
41.267599,226,3193.88091
31.693789,200,3195.082842
59.883739,225,3196.456462
150.821994,638,3200.314199
201.65755,578,3213.594707
71.934804,446,3216.28599
93.613662,523,3219.476568
96.062682,349,3221.620993
78.275707,249,3223.16774
20.90641,87,3223.67894
45.414348,250,3225.199734
114.317846,406,3235.15041
52.406783,260,3236.740902
68.704717,206,3238.014268
77.92308,229,3239.484058
-64.051317,185,3240.639017
30.636611,241,3242.120883
60.328762,266,3243.718505
26.385387,77,3244.22539
68.525461,376,3254.975992
80.443757,396,3257.393772
19.912431,98,3257.965906
34.922503,179,3259.058861
15.362396,84,3259.566445
84.746686,239,3261.02767
88.970902,419,3263.580005
80.871134,370,3265.792243
64.629887,236,3276.352164
35.809114,228,3277.778132
224.936113,1000,3283.924157
38.29527,187,3285.086803
142.303695,470,3287.932686
38.594422,163,3298.150447
126.396787,1000,3304.443598
219.825299,1000,3318.662982
97.718557,304,3320.555124
126.388877,475,3323.479709
64.555953,205,3324.773753
80.695294,263,3326.367126
-349.637421,1000,3340.725779
-3.088645,193,3341.916441
-17.460233,190,3343.104298
52.90177,207,3344.40781
128.215337,353,3346.557219
130.254399,364,3348.845531
68.623939,892,3361.832125
62.37778,251,3363.363307
50.133667,205,3364.585233
98.898953,203,3365.801754
76.440122,245,3367.319029
37.698602,114,3368.014281
16.998371,438,3370.692142
72.520195,293,3379.467617
153.3747,509,3382.614397
56.421296,255,3384.138442
-30.470363,228,3385.560687
141.885123,447,3388.26451
59.899055,227,3389.676421
60.76335,260,3391.205324
79.411573,256,3400.820013
43.367475,182,3401.883876
36.18108,168,3402.882315
68.520516,282,3404.54639
76.686012,241,3405.995739
23.532602,86,3406.483824
102.399344,403,3408.811727
19.404439,270,3410.450392
11.780606,73,3410.892578
162.761633,706,3423.780117
40.045272,175,3424.847499
20.013196,66,3425.232112
34.411863,191,3426.376707
232.846106,798,3431.24222
-9.005946,198,3432.399455
70.498355,294,3442.969477
38.254159,158,3443.912064
123.420066,477,3446.810913
272.361476,1000,3453.005716
82.966526,256,3463.736396
88.168783,381,3466.014275
105.337406,446,3468.709566
217.843981,510,3471.78711
79.551644,262,3473.334888
78.63464,381,3483.229467
105.05441,329,3485.216441
34.435986,297,3487.061924
44.10925,245,3488.55733
88.756483,279,3490.229144
151.222535,461,3492.955139
40.835251,235,3494.364993
102.034848,284,3503.695366
31.807209,229,3505.015796
155.248186,493,3507.945596
12.67922,75,3508.403543
35.892669,223,3509.806223
-1.569224,191,3510.958771
211.858332,822,3524.511222
79.23655,229,3525.898832
56.390833,167,3526.902043
20.854047,335,3528.993568
75.7687,306,3530.827125
156.663368,1000,3546.69909
120.231073,505,3549.757006
10.005117,150,3550.665992
91.36605,319,3552.638547
59.272781,1000,3566.519551
184.742195,718,3570.995938
136.458361,539,3574.311152
42.901017,288,3575.996727
42.618465,251,3577.542977
-196.736571,310,3588.657201
117.449859,328,3590.692646
8.763742,186,3591.844646
114.72958,351,3593.96663
-71.641987,232,3595.391843
3.724402,114,3596.108073
31.592575,169,3597.107146
74.534425,253,3598.636864
34.181032,223,3600.148409
53.696895,266,3607.975671
133.4506,503,3611.146129
31.708924,157,3612.094142
141.471311,644,3616.031752
38.821654,186,3617.174273
37.221365,127,3617.943382
-183.54106,217,3619.308071
32.7936,221,3627.723251
284.429615,1000,3633.892072
-67.239655,210,3635.145539
161.251991,409,3637.615485
60.102444,271,3646.779261
61.470139,288,3648.531557
585.541895,1000,3654.761085
52.320444,202,3655.95261
129.956049,512,3659.103709
-50.89651,85,3668.865489
107.606674,429,3671.539027
102.370515,415,3674.056683
-69.07646,148,3675.003457
55.303847,231,3676.39888
47.331115,193,3677.589261
-55.831665,219,3678.955286
154.208749,442,3689.84968
-20.27922,186,3690.96874
101.124997,256,3692.530607
64.388426,230,3693.948247
60.389392,256,3695.521987
19.444272,133,3696.315218
307.662867,689,3700.586215
71.476286,501,3711.040961
161.300568,353,3713.252456
34.935306,193,3714.382806
323.296666,1000,3720.608253
145.137223,564,3733.507586
61.497981,272,3735.169967
44.579757,228,3736.58976
46.647276,318,3738.554091
70.626627,245,3740.053878
55.719739,287,3741.802551
22.541831,73,3742.239542
-107.008421,254,3743.778314
72.103016,252,3750.663722
65.515203,301,3752.468518
52.101593,235,3753.880102
68.892155,266,3755.575871
50.830764,290,3757.359324
77.968236,336,3759.442877
69.067462,233,3760.905431
29.670826,185,3769.289458
107.702552,554,3772.661902
75.222918,208,3773.90855
44.961957,221,3775.245499
50.83077,197,3776.459654
-135.758626,295,3778.309388
54.658896,252,3779.973165
36.814553,253,3781.496552
17.372124,215,3790.386921
26.331326,340,3792.474375
194.216338,874,3797.819447
26.477205,132,3798.644946
123.801357,477,3801.618198
146.657342,341,3811.72724
-5.210255,56,3812.079772
41.716066,238,3813.564822
200.564444,437,3816.253333
11.084043,314,3818.242183
70.806184,236,3819.75243
68.836515,410,3822.344524
57.439098,269,3832.553883
5.794679,153,3833.491684
54.215826,301,3835.359552
66.124481,251,3836.963413
56.88289,280,3838.648697
45.160764,266,3840.371167
53.43619,253,3841.915478
63.119783,291,3843.722047
61.716236,717,3856.329597
82.639743,213,3857.642205
61.946935,269,3859.267319
94.963865,314,3861.164532
91.977415,224,3862.581687
102.345219,292,3864.323294
150.213594,477,3872.386403
165.753071,598,3876.068487
60.842109,214,3877.393204
240.397582,956,3888.685081
-52.26249,241,3890.143759
22.031754,120,3890.880011
18.549685,84,3891.377997
320.36072,866,3896.77002
53.013524,242,3898.292501
18.271368,251,3899.935392
-110.959242,157,3907.71869
474.796203,1000,3913.98748
52.975182,210,3915.291815
383.556005,1000,3927.641684
105.833476,603,3931.376011
99.021803,468,3934.209275
39.305479,106,3934.875104
28.912515,87,3935.385563
408.794043,1000,3950.523241
123.408613,435,3953.23794
124.701963,649,3957.196024
116.900863,432,3959.960135
59.111606,225,3969.366362
51.072279,342,3971.521438
66.711815,290,3973.31058
-32.199535,499,3976.430686
10.816252,628,3980.302848
607.7766,1000,3996.121965
37.133173,259,3997.70826
61.343365,299,3999.571944
202.725308,555,4003.038733
71.987565,631,4015.962337
220.174057,844,4021.20141
40.258767,247,4022.721438
439.700457,1000,4040.915094
-1.383539,333,4042.931748
521.686326,1000,4049.091215
50.130805,342,4060.17817
62.961741,301,4062.047761
49.28541,257,4063.626704
66.816044,270,4065.267453
36.071706,231,4066.715348
37.869033,228,4068.098098
186.728184,1000,4083.274614
206.590514,861,4088.456185
37.169606,236,4089.824349
59.668613,279,4091.535801
104.217223,548,4103.840244
91.068686,413,4106.376991
106.382062,567,4109.788959
203.32656,662,4113.797834
169.926152,1000,4129.75337
48.43063,331,4131.778077
55.595655,356,4133.932032
169.344082,1000,4150.46767
147.681586,899,4155.881085
49.497896,376,4158.162938
333.252132,577,4171.551062
-21.926679,14,4171.632414
78.989568,1000,4177.701638
444.693652,1000,4194.591674
94.584087,266,4196.241727
96.42495,207,4197.541006
29.539019,317,4199.486595
-38.41957,298,4201.367105
88.487252,183,4202.507259
59.647428,325,4204.536384
99.339254,398,4216.759754
109.252325,323,4218.75321
94.717882,312,4220.700523
174.977633,518,4223.833416
-88.623847,201,4225.088605
69.757144,417,4227.627043
77.422001,403,4241.872773
11.803,298,4243.69516
62.248363,297,4245.530648
-106.304407,635,4249.396814
40.41522,609,4264.689457
64.931683,408,4267.193107
167.816741,445,4269.89536
46.538608,261,4271.47848
66.477519,400,4273.928028
58.100675,396,4288.08558
188.511739,987,4294.219411
60.44925,390,4296.613443
-39.601776,62,4296.989536
644.988885,1000,4313.354128
65.970393,155,4314.314206
43.651572,237,4315.812909
74.136312,355,4318.008952
323.837448,688,4322.257175
-3.26473,182,4323.359571
146.451134,1000,4341.94186
70.947114,205,4343.215805
55.528826,212,4344.496318
60.372561,255,4346.063709
62.754497,403,4357.965438
63.6887,361,4360.174474
86.924982,405,4362.695778
77.432622,413,4365.182885
58.301028,315,4367.128388
68.505809,319,4369.106265
106.151895,828,4381.62921
98.420041,331,4383.604817
83.6746,592,4387.167686
139.385128,535,4400.117937
155.779904,276,4401.857853
125.947729,280,4403.548882
638.698304,1000,4409.734877
4.639328,90,4410.363207
41.400782,311,4412.282357
108.006796,804,4426.367754
203.616237,534,4429.573671
465.275021,981,4444.143095
96.361114,188,4445.337464
3.735675,317,4447.268281
-36.487007,162,4448.284141
632.191666,1000,4454.404354
-60.806748,319,4466.032289
-85.685477,418,4468.582389
95.913781,494,4471.667738
58.423675,307,4473.544188
86.540798,232,4474.960714
58.305738,358,4477.199992
-114.184407,367,4487.935648
83.474216,1000,4494.041812
659.108108,1000,4510.58735
-5.219937,198,4511.815325
47.518243,181,4512.94961
120.961319,315,4514.889724
38.993342,363,4517.07911
72.508614,457,4519.876949
60.306387,316,4521.812891
61.781968,158,4534.453385
821.270157,1000,4540.685936
86.074927,1000,4554.87903
73.245006,297,4556.724115
-4.436054,114,4557.433183
45.376472,223,4558.785982
209.742082,292,4560.731038
64.557524,345,4562.88675
52.361841,274,4564.568109
65.799236,304,4566.498774
269.172079,503,4578.277346
633.234542,861,4583.58723
589.045973,1000,4597.894485
51.126398,234,4599.377064
24.542676,239,4600.852777
-90.855969,715,4605.390396
15.071115,59,4605.710562
-47.033949,179,4606.835419
-55.831066,163,4607.866485
136.45541,326,4619.954139
50.750636,574,4623.589464
-138.06225,357,4625.806343
0.540122,176,4626.950693
50.797851,280,4628.72327
67.717648,231,4630.125508
120.519158,292,4631.970316
44.108755,225,4643.532961
753.539527,1000,4649.762515
71.324951,396,4652.253055
-11.782413,54,4652.595316
61.490592,299,4654.448202
146.226175,428,4665.99523
519.989635,1000,4672.280922
28.483292,286,4674.001093
45.757689,317,4675.96209
103.609014,259,4688.551129
45.621216,242,4690.075205
198.057385,424,4692.755317
-17.726251,72,4693.194288
70.554547,239,4694.671354
104.56596,240,4696.097961
35.849386,259,4697.692951
54.80795,383,4700.020357
41.926071,277,4710.470194
63.360668,313,4712.373047
737.023232,1000,4718.51322
50.861429,264,4720.139321
597.006889,1000,4737.003006
-146.306633,487,4740.073877
293.786899,1000,4755.950569
712.514482,1000,4762.106643
162.531048,1000,4779.148661
111.714771,482,4781.997818
180.896219,339,4784.075206
83.053393,424,4786.685714
67.538561,215,4788.016754
659.967708,1000,4805.219907
144.617631,520,4808.418395
60.865131,423,4811.028397
77.360556,567,4824.372307
104.660287,267,4826.030942
-183.572432,736,4830.602701
26.44533,114,4831.309088
-48.407533,355,4833.452044
80.643425,463,4836.246064
81.067878,361,4848.511013
42.792083,189,4849.700199
570.279799,1000,4855.964128
159.705302,264,4857.608468
108.316731,270,4859.279938
115.694883,1000,4875.783805
15.734955,79,4876.252494
741.508337,1000,4882.431322
48.384774,327,4894.558947
55.293319,378,4896.820637
94.819184,216,4898.132087
130.698506,383,4900.471778
89.284251,235,4901.930072
26.356079,154,4902.852673
1076.846182,1000,4922.112648
119.594906,626,4925.936522
664.532404,1000,4943.014596
74.582196,327,4945.002141
57.032684,298,4946.835707
-38.400305,333,4948.876595
53.936416,327,4951.008028
76.153313,367,4953.284153
107.588849,1000,4971.644256
-71.632283,382,4973.997635
52.920189,260,4975.625238
192.363938,372,4977.931055
577.375698,1000,4996.836052
344.486354,1000,5003.105761
540.375534,1000,5018.702737
-42.26845,261,5020.336159
72.024504,407,5022.835841
137.540236,590,5026.531248
57.964752,361,5038.030057
633.751335,1000,5044.42558
22.28916,116,5045.177833
125.064048,234,5046.659233
93.480513,401,5049.16459
59.188103,362,5063.451386
158.577421,317,5065.442987
662.63559,1000,5071.8292
640.399127,1000,5089.700985
51.918322,336,5091.824749
136.120251,410,5094.473186
252.232811,1000,5110.778129
47.867828,992,5117.062676
154.225206,437,5119.828552
178.413236,448,5132.099746
214.044169,737,5136.626743
64.313779,299,5138.502343
86.294049,240,5140.038879
70.182847,175,5141.099341
102.628322,204,5142.364362
839.231503,1000,5160.50156
125.653993,381,5162.830386
394.662233,1000,5181.099147
321.561633,1000,5187.421066
54.810205,228,5188.862234
28.076254,230,5190.33122
126.413313,252,5191.858717
240.249668,459,5203.741313
39.332143,254,5205.341368
724.872052,1000,5211.644603
618.527458,1000,5229.022942
22.41501,128,5229.817453
9.763521,65,5230.229172
244.024456,1000,5236.517311
-86.758467,407,5239.094081
106.828907,877,5255.985433
130.250465,229,5257.429483
148.298425,409,5259.963104
74.662665,489,5262.984564
557.827432,1000,5280.359411
-263.914156,399,5282.800592
863.09287,1000,5299.353342
126.317597,383,5301.769309
291.688814,1000,5307.976254
88.045841,545,5322.135964
52.570371,255,5323.746978
52.345735,346,5325.901119
6.655943,83,5326.389444
62.912358,226,5327.83249
101.094608,171,5328.947492
5.145569,64,5329.356263
119.241215,410,5331.90124
28.461033,146,5332.80397
4.6893,182,5333.956079
77.90858,266,5348.651375
24.647382,585,5352.297164
74.581858,311,5354.198811
135.385553,1000,5371.671096
102.603366,319,5373.633034
85.848267,294,5375.427712
40.003011,171,5376.477585
60.084681,411,5379.086725
160.128579,663,5383.23591
105.174684,289,5397.59706
569.302894,1000,5403.984127
182.492561,471,5406.926231
47.202075,268,5408.640885
77.168425,272,5421.689804
85.031262,326,5423.687869
341.876988,1000,5430.064722
37.62983,218,5431.451863
142.203494,682,5446.734646
728.021227,1000,5453.011176
546.842997,1000,5470.688167
95.566049,275,5472.389596
125.090903,308,5474.306445
49.136153,236,5475.753109
99.800135,270,5477.419422
606.074566,1000,5493.982967
-37.31691,371,5496.274447
42.669519,142,5497.184039
44.06663,187,5498.327204
51.897904,257,5499.909092
51.792367,219,5501.290354
111.525835,271,5502.982267
35.214264,330,5515.186859
62.059114,305,5517.078779
44.614331,294,5518.873592
79.884822,312,5520.856199
104.771698,442,5523.54766
211.952496,1000,5539.943151
52.639187,244,5541.470401
642.02443,1000,5547.607952
603.763039,1000,5563.635493
101.23233,202,5564.904723
65.313804,284,5566.694225
72.162882,246,5568.264741
81.926294,242,5569.757068
499.775332,1000,5589.584723
108.895725,268,5591.275595
667.322374,1000,5597.54865
132.122216,312,5611.777497
161.641679,250,5613.371179
155.053028,630,5617.213987
97.130576,397,5619.760659
65.246616,187,5620.921413
130.340572,234,5622.355043
29.1289,116,5623.092528
53.530453,221,5624.469923
268.788001,1000,5640.962599
22.663056,239,5642.454044
129.261916,276,5644.14044
159.529987,308,5646.013773
605.662374,1000,5662.452659
905.996729,1000,5668.659812
51.679755,281,5680.767375
63.937362,380,5683.179948
525.145962,1000,5689.395364
59.333778,297,5691.270651
62.558844,197,5692.492475
100.462762,257,5704.245099
35.685452,231,5705.650807
55.180073,322,5707.695806
1206.238158,1000,5713.864407
141.20048,342,5715.963596
319.425771,630,5731.544907
167.358366,838,5736.644532
72.080727,231,5738.075294
193.495136,509,5752.104198
110.095892,524,5755.383054
637.778893,1000,5761.658465
116.67854,420,5764.201643
102.130381,401,5779.010189
42.210249,87,5779.545572
202.272377,790,5784.438656
31.581979,184,5785.566368
539.318822,1000,5803.236514
1.988004,148,5804.129084
279.404738,396,5806.593058
174.833753,400,5809.118863
87.770682,337,5811.20016
38.302121,146,5812.113745
38.831413,266,5824.363781
567.023598,1000,5830.662631
133.706743,266,5832.298174
1022.058601,1000,5847.702353
-14.13152,279,5849.447644
147.277194,515,5852.722991
103.326996,295,5854.56462
140.285989,274,5856.252628
175.23216,242,5857.762396
295.698084,522,5871.028445
121.273677,455,5873.867216
45.610274,196,5875.079252
59.381718,228,5876.504126
200.705043,336,5878.599344
69.575677,279,5880.429926
-8.659975,65,5880.854049
17.752422,140,5881.72623
62.611503,273,5895.744112
926.563636,1000,5902.009358
116.222037,264,5903.656559
71.451181,313,5905.612194
77.069194,379,5918.157486
156.493022,680,5922.420434
21.115229,130,5923.22845
49.645387,337,5925.306905
259.35602,1000,5942.858994
156.532892,820,5947.980854
141.493366,261,5949.613972
695.878921,1000,5967.144223
78.638986,344,5969.307885
116.887596,306,5971.290116
728.869269,1000,5977.544825
73.018627,340,5990.925929
696.765379,1000,5997.203898
389.244416,1000,6014.94182
70.325502,330,6016.999472
43.968145,214,6018.314123
67.725615,242,6019.819814
851.133488,1000,6026.00993
499.664663,1000,6044.048357
80.723241,300,6045.937496
878.015257,1000,6062.765204
36.940092,215,6064.126652
40.53286,174,6065.239477
51.151283,192,6066.422892
58.534912,310,6068.317139
22.474016,127,6069.109455
519.388538,1000,6088.132346
125.566606,573,6091.774193
29.938432,149,6092.6659
93.144686,156,6093.637942
80.783302,171,6094.66613
520.550926,1000,6112.084219
72.085454,227,6113.499854
78.877395,237,6114.978135
202.546754,379,6117.376103
16.488126,184,6118.538957
69.997745,209,6119.876865
6.237988,179,6121.13518
84.800956,313,6123.077169
185.877453,487,6137.693644
167.496709,316,6139.6986
771.909399,1000,6145.980704
759.632558,1000,6163.791142
31.276394,142,6164.696808
122.94091,415,6167.345546
67.796961,444,6170.152385
74.045356,174,6171.229706
32.338271,155,6172.214633
46.879866,172,6185.288614
215.224707,502,6188.564338
104.329974,231,6190.035014
22.718392,145,6190.961401
362.315094,473,6193.94793
204.807225,516,6197.294235
41.712499,138,6208.860138
42.836363,147,6209.800036
58.667836,173,6211.012141
113.939827,287,6212.768553
68.673596,291,6214.640966
70.245192,231,6216.080336
590.398786,1000,6234.477141
67.191574,193,6235.689384
11.606031,222,6237.072432
90.475767,564,6240.763392
1.909931,239,6242.270424
50.150818,168,6243.342151
798.213208,1000,6261.396025
972.024783,1000,6267.670277
578.889967,1000,6284.801351
70.453339,192,6286.007933
-68.945244,225,6287.461502
77.831029,239,6288.997983
38.285253,180,6290.114177
61.220488,185,6291.241658
49.115602,216,6292.647331
166.829945,366,6294.992315
50.222766,187,6306.706226
62.29019,230,6308.196165
35.406645,733,6312.867989
67.867439,201,6314.162117
135.943961,369,6316.459509
23.237558,223,6317.887889
190.720883,806,6334.954339
47.418815,275,6336.744492
67.179505,238,6338.224728
-132.507131,516,6341.442752
33.925936,137,6342.291085
-24.495298,110,6342.966877
61.619496,193,6355.841249
18.686489,105,6356.520766
75.37344,214,6357.872243
95.469631,238,6359.387729
49.477979,208,6360.798317
247.373583,542,6364.24615
-39.841583,223,6365.627333
63.881602,156,6366.633557
510.887547,1000,6383.952716
47.313435,201,6385.21834
642.234971,927,6391.020121
-268.538671,1000,6408.449863
98.618867,242,6409.924485
84.039899,211,6411.275291
136.346884,244,6412.831436
33.641589,246,6414.34024
-60.848643,213,6415.713629
754.623987,931,6432.747355
84.572237,367,6435.082397
1041.235173,1000,6452.670287
75.546407,294,6454.505572
84.612452,262,6456.124858
699.578454,1000,6462.417556
1.292263,187,6463.583424
56.55712,212,6475.348605
465.863454,1000,6481.724893
197.253265,522,6484.976903
-107.755944,860,6501.017761
713.921684,1000,6507.293824
51.364306,321,6509.287254
88.029144,210,6510.689577
21.958806,237,6524.966724
401.038209,1000,6531.22072
133.085306,317,6533.189752
404.992683,669,6547.803601
-523.004465,1000,6554.219919
680.262583,1000,6560.367553
57.516466,143,6574.291741
18.108073,378,6576.662535
27.20046,357,6578.942176
21.984865,123,6579.725391
957.189087,1000,6586.052677
116.623983,261,6598.274103
169.256576,287,6600.066484
142.91675,312,6602.138462
738.215214,1000,6608.422239
269.557063,1000,6626.993345
527.874999,1000,6633.364538
288.419048,1000,6651.020891
21.890229,213,6652.405704
75.878563,231,6653.823603
56.720986,300,6655.70283
597.184735,1000,6673.513934
18.115194,101,6674.112526
220.412544,1000,6680.451714
616.876407,1000,6699.468866
390.102514,1000,6705.749231
700.308005,1000,6724.394614
78.535692,232,6725.793089
552.629365,1000,6732.000445
86.714742,770,6748.548219
1023.143896,1000,6754.962526
645.19273,1000,6774.236653
918.930716,1000,6780.66346
697.130348,1000,6797.101605
170.781728,459,6799.976315
224.801011,1000,6806.216944
161.331567,1000,6824.26855
-21.679795,215,6825.62483
83.328025,297,6827.48764
63.671829,245,6829.03185
576.666904,1000,6846.082309
78.207024,164,6847.124282
76.678336,179,6848.273326
162.979076,373,6850.676572
3.710368,149,6851.611356
56.035574,145,6852.519074
97.49542,323,6854.560568
68.445456,208,6855.884416
66.137558,262,6868.57966
71.61727,234,6870.051187
74.361775,246,6871.68192
243.021891,842,6876.954996
497.527591,1000,6892.166451
549.656006,1000,6898.522969
602.182008,1000,6915.438019
35.599006,137,6916.316314
56.73683,128,6917.125544
81.165392,190,6918.350531
36.914409,162,6919.39209
529.931524,1000,6925.823084
50.05704,208,6938.250437
90.25944,250,6939.888489
59.022349,233,6941.348123
-93.595783,212,6942.744796
103.961611,273,6944.489942
650.220136,1000,6962.641706
58.38456,170,6963.756262
24.362862,210,6965.062551
119.998894,276,6966.820751
53.732224,102,6967.436962
37.755753,223,6968.889467
124.954636,318,6970.882772
50.922578,187,6972.077026
-0.506468,112,6972.747191
88.398219,274,6974.522193
100.877484,336,6988.705359
629.152748,1000,6995.182117
79.49741,228,6996.604807
667.865901,1000,7014.348565
198.663809,332,7016.460806
17.986543,118,7017.211141
-115.426103,304,7019.151356
675.607789,1000,7037.004987
226.492181,1000,7043.354585
24.441188,403,7045.860196
519.434756,1000,7064.931472
67.933429,243,7066.484009
614.929329,1000,7072.864932
703.266233,1000,7089.928997
99.708169,191,7091.15751
94.674119,263,7092.829373
460.899756,1000,7110.888019
62.293617,177,7112.026166
33.685916,178,7113.171939
769.866082,1000,7119.60484
83.420254,277,7121.323109
172.811642,549,7135.281332
80.392399,191,7136.495423
136.313204,545,7139.909878
79.206909,229,7141.479141
94.605503,351,7143.686395
-110.682761,328,7145.776277
591.268131,1000,7163.35202
281.426147,416,7165.958304
6.52866,125,7166.727631
29.038991,125,7167.537309
588.644851,1000,7183.464821
289.999313,598,7187.259061
91.175859,182,7188.416729
18.491379,180,7189.564228
51.129182,181,7190.724152
615.301696,1000,7206.212001
529.369839,1000,7212.581249
523.315282,1000,7228.777195
646.771492,1000,7235.141707
96.64423,270,7236.857377
743.949309,1000,7253.968493
79.940673,279,7255.72543
50.03602,192,7256.948544
327.497728,1000,7273.089723
142.644147,221,7274.544741
790.064867,802,7279.611013
530.210459,1000,7297.533946
-64.403426,149,7298.464763
7.990587,89,7299.004408
881.672004,1000,7305.370543
308.951126,1000,7325.396459
138.310457,341,7327.610449
73.881636,215,7328.992356
-53.92704,273,7330.807925
58.099468,170,7331.860179
141.195413,517,7335.16214
704.256249,1000,7355.10267
36.29392,128,7355.911145
43.374637,373,7358.261543
1.026671,268,7359.896122
-82.18334,223,7361.281828
52.632049,208,7362.642013
-9.562994,107,7363.303369
716.272341,1000,7382.725582
33.547606,161,7383.786084
51.038864,162,7384.793344
659.056113,1000,7405.635374
-101.217516,253,7407.262339
-13.603992,197,7408.529139
67.245733,189,7409.738346
947.458386,1000,7416.155003
96.090081,255,7427.917619
10.506765,182,7429.066918
-110.575964,380,7431.489849
1064.94223,1000,7437.954968
79.83989,187,7439.141333
-155.905618,1000,7454.054422
160.496646,347,7456.25785
-399.722058,1000,7472.837884
77.310739,328,7474.913697
462.993374,1000,7481.282933
119.187127,253,7482.909777
96.312779,164,7483.964406
100.702786,336,7495.478639
76.64787,242,7497.045592
85.380416,278,7498.793199
90.31362,215,7500.147356
969.768096,1000,7506.54067
144.279142,362,7519.938622
48.057844,172,7521.018339
80.158818,259,7522.67706
81.260364,219,7524.089328
-61.823698,269,7525.801167
37.168487,148,7526.746664
86.423049,186,7527.920803
41.909536,150,7528.869036
764.765449,1000,7545.827996
93.420996,176,7546.951617
36.399167,165,7547.966442
90.807511,229,7549.421713
27.915349,186,7550.604894
76.164407,139,7551.479104
-7.023934,188,7552.664663
57.209099,152,7553.610156
-70.794539,286,7563.231913
2.614109,540,7566.720692
809.977724,1000,7573.112252
47.468429,130,7573.930003
135.455779,263,7575.607528
82.010523,459,7588.546074
29.306218,184,7589.735039
77.842465,229,7591.305501
89.875767,225,7592.714901
-105.261128,394,7595.164445
82.334135,222,7596.566308
-109.236635,138,7597.432281
101.222986,265,7599.100571
5.541055,276,7609.208624
59.714739,164,7610.279712
806.491757,1000,7616.633591
42.874769,156,7617.609673
851.565864,1000,7631.951942
215.988438,425,7634.605607
355.208659,1000,7641.104806
4.561642,72,7641.572622
324.171454,1000,7658.781091
-1.364195,144,7659.688289
115.137354,198,7660.934888
11.461416,241,7662.484306
868.434121,1000,7675.705261
-29.67373,81,7676.26481
665.958409,1000,7682.670338
58.035391,176,7683.765913
5.222562,56,7684.122026
21.707657,201,7685.363389
78.649785,143,7695.260195
8.942488,105,7695.948104
-206.982572,1000,7702.299808
60.831886,236,7703.779151
-89.179483,289,7705.615242
754.91285,1000,7721.343558
55.380472,166,7722.428867
124.469726,358,7724.748026
-31.633765,97,7725.349614
5.39259,212,7726.703694
29.553721,102,7727.368836
688.087457,1000,7738.641273
800.717046,1000,7745.129056
123.244207,514,7758.078095
467.317352,1000,7764.457457
956.428506,1000,7775.982648
575.570738,1000,7782.382262
-26.428114,225,7783.831847
-90.263763,118,7784.579258
84.069877,483,7787.649181
49.442931,241,7796.351872
710.25528,1000,7802.847645
72.838273,179,7803.98935
11.633018,151,7804.970269
101.888391,273,7806.699013
-83.978584,141,7807.611604
403.824829,1000,7821.300753
49.892474,232,7822.772929
867.190392,1000,7829.144227
176.029101,270,7840.397818
-56.003109,142,7841.291559
-95.612948,297,7843.177558
87.873532,207,7844.450773
-13.230925,198,7845.686833
-166.414888,1000,7851.988112
-39.808318,159,7860.316196
760.836966,1000,7866.781286
-459.508922,1000,7880.389596
31.295062,355,7882.654461
-40.542747,122,7883.45078
891.971853,1000,7889.827673
132.244042,281,7891.677508
568.713261,891,7907.766851
-19.787696,126,7908.570925
477.79453,1000,7914.952107
115.758623,303,7925.715564
73.992383,190,7926.946579
1013.53691,1000,7933.338079
-7.459072,172,7934.45282
650.09675,1000,7950.278361
524.485306,900,7956.071041
61.014496,230,7957.567338
530.509054,1000,7972.596309
-1.571919,118,7973.313927
9.610903,137,7974.220289
623.475285,1000,7980.523404
95.153383,165,7981.676321
120.80172,375,7988.90728
25.731782,169,7989.942961
42.50673,105,7990.613678
668.908056,1000,7996.934952
362.510906,1000,8010.301317
775.903421,1000,8016.717796
54.811047,222,8018.113431
1026.617312,1000,8031.340141
109.06336,468,8034.33053
162.079642,259,8035.99353
56.151464,162,8037.059889
107.391708,161,8038.084909
127.60087,388,8040.578816
278.867499,767,8053.968398
15.617876,126,8054.774764
807.933932,1000,8061.090917
21.696326,119,8061.839834
160.248297,315,8071.034801
457.730763,1000,8077.29366
24.596577,170,8078.360619
48.724153,435,8081.162483
38.912149,306,8094.860452
-140.865098,238,8096.32404
651.694615,1000,8102.782541
59.243191,172,8103.8703
99.648787,294,8105.693638
170.814714,580,8115.702765
61.851304,172,8116.805775
402.415092,1000,8123.198011
-326.258427,792,8132.915653
80.211391,151,8133.865489
24.039269,241,8135.398551
-227.249895,647,8139.459431
-240.343495,998,8153.473973
36.940024,155,8154.471703
18.647665,139,8155.368928
9.800233,87,8155.957754
303.59879,1000,8162.380477
810.494543,1000,8174.305293
17.691456,127,8175.090331
9.82158,158,8176.084269
623.943222,1000,8182.534689
821.478615,1000,8195.705616
51.530493,138,8196.572023
423.567844,1000,8202.884381
889.092461,1000,8217.379838
-5.426644,163,8218.43317
65.550375,166,8219.479272
44.152743,114,8220.208682
76.896865,290,8222.135836
127.672693,293,8223.915754
47.559077,242,8233.684777
169.9635,821,8238.895387
26.972956,111,8239.624669
102.546562,362,8241.897713
742.176238,1000,8254.468973
6.87386,98,8255.080105
61.032443,243,8256.655994
-66.297352,178,8257.799426
36.290485,193,8259.036573
82.053073,371,8261.432531
-56.300158,275,8263.152047
-141.801928,388,8272.89857
83.792814,244,8274.456547
551.801065,1000,8280.875528
72.537991,261,8282.551527
113.012096,234,8284.024969
-79.497356,341,8296.057808
82.60562,254,8297.691233
-6.21421,181,8298.829307
94.26915,537,8302.272178
-357.942984,1000,8317.824734
62.702258,252,8319.435526
660.286898,1000,8325.733194
1066.165613,1000,8340.705554
74.016275,669,8344.991846
8.250927,133,8345.832803
229.822274,720,8350.436537
906.965075,1000,8364.033519
44.586482,196,8365.269208
48.110986,273,8366.996643
159.362116,490,8370.142967
465.822255,1000,8382.015073
-12.844931,124,8382.805926
616.971877,1000,8389.148136
154.837097,317,8401.169029
42.551686,216,8402.512253
714.336688,1000,8408.896974
57.53776,172,8410.004402
918.960067,1000,8423.335859
151.662736,514,8426.565629
412.669847,1000,8432.932489
340.380606,586,8443.073204
124.302708,287,8444.945278
101.717365,389,8447.378849
381.470475,1000,8461.548102
10.762932,182,8462.75214
591.372514,1000,8469.111819
82.993245,162,8470.088715
84.314503,283,8471.885067
828.760057,1000,8487.183397
947.585239,1000,8493.661646
84.244753,206,8494.989223
111.425854,429,8503.766762
-34.503252,196,8505.021181
907.040034,1000,8511.34844
37.414429,146,8512.26707
84.325663,449,8515.107267
653.034093,1000,8531.129465
164.677829,710,8535.666392
85.619463,206,8536.969913
843.230728,1000,8549.880576
10.770732,151,8550.870966
23.885313,237,8552.427753
53.195422,164,8553.451311
658.962758,1000,8566.078156
774.53816,1000,8572.432487
381.398576,1000,8586.251358
-49.621366,139,8587.122797
2.380474,232,8588.590895
255.551772,1000,8594.9253
50.535026,150,8595.901733
671.735386,1000,8611.960953
284.410056,688,8616.346234
22.21839,123,8617.128118
87.717764,238,8618.638124
54.923097,167,8619.676927
-14.05476,1000,8637.189733
-1.362152,102,8637.858064
634.901483,1000,8644.288367
-90.885997,341,8654.436902
41.864518,199,8655.723397
824.567148,1000,8662.073968
270.618143,1000,8678.273372
260.071855,870,8683.790067
227.272777,1000,8697.43616
119.50151,261,8699.129462
-10.071315,276,8700.987455
60.932233,178,8702.100675
51.138453,172,8703.218436
553.414208,1000,8714.953688
226.540583,479,8717.99578
56.423908,220,8719.403517
68.053145,165,8720.424958
79.329684,173,8721.532068
681.107221,1000,8735.562942
-35.815382,147,8736.505874
126.442103,526,8739.846378
887.667638,1000,8746.226886
462.381832,896,8757.043252
127.643048,681,8761.427678
73.515878,154,8762.416285
108.202514,249,8764.020045
-47.610017,107,8764.683197
754.521226,1000,8777.825347
511.06469,1000,8784.153548
67.385134,171,8785.212638
-88.350468,298,8793.601157
1.966884,185,8794.79905
111.970539,353,8797.031605
59.6554,125,8797.8579
41.375976,229,8799.314586
-12.96334,214,8800.660007
222.741387,926,8814.3234
46.783128,172,8815.408759
45.610873,164,8816.466993
19.473747,141,8817.362132
82.397639,253,8818.971584
78.898239,266,8820.681391
78.704591,224,8822.225548
55.742464,204,8823.51787
52.899679,209,8824.845649
41.196677,143,8825.750979
87.619972,263,8838.403596
77.042966,210,8839.769027
-14.335674,206,8841.066587
888.088277,1000,8847.438806
984.369306,1000,8863.66993
12.914016,356,8865.951824
135.594041,1000,8872.368499
220.013493,1000,8887.75878
569.349798,1000,8894.13353
56.967693,198,8902.476776
-22.637144,94,8903.067872
21.266071,499,8906.29344
35.93712,215,8907.648188
-11.531933,286,8909.499547
599.193363,1000,8924.626512
1052.3286,1000,8931.034184
-285.723097,809,8936.1919
743.518824,1000,8949.336381
886.145579,1000,8955.730331
-157.264913,1000,8969.122936
887.479473,1000,8975.564336
92.994834,253,8977.185652
1170.952921,1000,8994.606475
156.96816,510,8997.837734
29.918813,155,8998.821415
51.347783,175,8999.972304
127.737885,340,9009.200863
659.323035,1000,9015.648349
182.749555,529,9019.011119
802.125259,1000,9034.812452
308.84127,341,9036.975456
762.433289,1000,9043.36092
-9.129681,133,9052.918006
-9.357718,29,9053.083575
22.429908,505,9056.328777
161.751854,348,9058.5745
-6.015159,28,9058.737466
15.195634,72,9059.183981
62.895748,122,9059.964109
670.470784,1000,9074.342515
22.360487,111,9075.019833
302.510889,605,9078.926402
898.881013,1000,9085.228458
655.48103,1000,9100.081168
74.075745,194,9101.30444
-24.395433,155,9102.300395
111.045477,249,9103.855721
199.073884,1000,9116.576921
68.762335,265,9118.273168
4.274835,122,9119.061022
109.208053,272,9120.799709
457.888535,1000,9127.258486
-51.010589,136,9135.758362
-23.682297,118,9136.518079
1.654856,170,9137.629243
83.728181,151,9138.604542
14.234104,307,9140.618634
65.156815,199,9141.892922
829.845578,1000,9148.219404
7.918877,130,9155.892209
893.853266,1000,9162.281522
91.306858,185,9163.471679
117.692583,307,9165.456957
24.120167,238,9166.992532
89.132034,310,9175.961929
250.467954,342,9178.175
1.192423,157,9179.156178
452.411495,1000,9185.646759
816.859269,1000,9197.402569
82.665201,498,9200.562576
127.3127,180,9201.718352
108.806982,263,9203.402854
58.75532,132,9204.251155
102.756938,333,9206.378623
123.019772,241,9216.585288
258.547084,302,9218.51843
25.236406,196,9219.775995
-11.714831,138,9220.666772
56.528509,171,9221.783529
516.962575,1000,9228.103558
835.626778,1000,9242.471639
669.704777,1000,9248.853862
673.455446,1000,9262.075958
164.746638,397,9264.613616
963.45984,1000,9276.547579
126.639433,568,9280.152013
367.641252,1000,9286.596178
192.020446,400,9298.190608
55.224674,244,9299.781711
57.922974,252,9301.529804
76.526286,195,9302.770179
87.249845,158,9303.743224
1038.322034,1000,9310.172885
34.530518,186,9317.279396
125.556744,525,9320.603391
48.982518,116,9321.346945
-4.909637,320,9323.414405
243.271862,1000,9329.747776
429.463945,1000,9343.041179
-9.968814,161,9344.051216
883.284492,1000,9358.513971
788.134619,1000,9364.984162
794.533292,1000,9378.476079
-11.329939,189,9379.674682
32.18292,106,9380.355718
592.516206,1000,9386.775146
-57.473339,195,9388.010022
50.986678,207,9389.338387
-35.723191,136,9390.185693
680.357673,1000,9405.536112
879.311649,1000,9411.855838
81.659146,195,9413.076385
109.065146,290,9426.739059
104.886163,232,9428.186295
-55.789504,163,9429.252167
39.187893,123,9430.05645
22.534549,119,9430.806036
-38.582277,780,9435.784886
171.328484,277,9437.518243
477.485742,1000,9451.252664
656.225895,1000,9457.604342
1010.589146,1000,9471.913571
112.460294,437,9474.695598
686.98556,1000,9489.612173
583.926588,1000,9495.928926
193.742884,1000,9508.751588
450.80751,1000,9515.201912
-61.265154,159,9516.221725
79.067683,178,9517.348784
-127.544301,339,9519.489188
149.206968,218,9528.580603
241.792878,1000,9535.00529
89.179264,239,9536.522833
49.207749,159,9537.533482
538.11705,1000,9552.64754
84.925742,383,9555.030891
73.756543,159,9556.015617
-37.826096,152,9557.010355
52.509037,115,9557.760743
831.074761,1000,9572.531779
6.677835,138,9573.409121
662.757444,1000,9579.788482
35.910921,171,9580.88151
338.79872,1000,9593.373287
292.142484,719,9597.8632
887.674089,1000,9611.601774
-148.89865,389,9614.091826
12.425963,191,9615.282316
67.544189,176,9616.406169
73.324867,162,9617.404281
373.094439,1000,9623.749588
85.934299,182,9633.267277
86.556708,204,9634.563907
694.836985,1000,9641.010084
-107.484848,157,9641.99901
51.964435,219,9643.425218
32.539238,137,9644.288474
52.27218,136,9645.145936
602.938555,1000,9659.558352
8.440137,707,9664.124228
-50.715665,166,9665.165057
-48.234454,149,9666.096952
34.5478,152,9676.602929
138.208316,244,9678.170779
777.517735,1000,9684.545645
67.183325,249,9686.131924
-32.228662,162,9687.169621
666.144238,1000,9702.712323
36.517091,175,9703.846616
22.415932,188,9705.0513
64.373668,185,9706.219394
69.163554,206,9707.532665
57.121908,151,9708.478834
718.194985,1000,9721.963404
142.83318,525,9725.272547
-123.998345,524,9728.565746
67.583039,172,9729.669289
683.911,1000,9741.878929
123.273076,501,9745.041336
56.431953,150,9745.985915
-58.123182,182,9747.155016
114.33744,249,9748.72023
556.980025,1000,9764.13255
-8.874776,112,9764.859428
131.577824,264,9766.529646
936.487836,1000,9781.488603
478.970634,1000,9787.846067
536.540217,1000,9803.639117
55.043234,276,9805.369507
522.519675,1000,9811.847312
-136.996379,321,9813.847606
852.187715,1000,9830.065602
222.706792,603,9833.905879
85.037522,316,9835.927734
81.786968,181,9837.067124
67.586255,242,9838.640968
181.067202,261,9847.877435
46.693072,88,9848.432506
448.041481,1000,9854.800502
266.241984,1000,9870.21647
88.539141,257,9871.965047
100.054398,217,9873.3656
87.136987,326,9875.425402
35.228338,160,9876.440587
446.071989,1000,9888.590295
301.050583,1000,9894.935292
106.704304,301,9896.790081
627.317243,1000,9910.451771
792.82434,1000,9916.908764
42.601539,126,9917.698031
-55.753009,145,9918.614479
336.603018,1000,9933.534822
117.368712,293,9935.417699
430.207106,568,9939.01084
45.485183,141,9939.933868
84.88025,189,9941.139411
647.284654,1000,9954.66739
74.901001,285,9956.452383
146.939626,322,9958.519357
44.63944,146,9959.436755
89.187403,253,9961.051757
648.166347,1000,9978.951452
231.254603,1000,9985.36633
619.709325,1000,10000.080653
294.716986,1000,10006.507863
-31.138782,166,10007.533172
66.734098,143,10008.458149
43.457303,172,10016.110845
51.544759,145,10017.068377
-81.946526,188,10018.261493
67.120015,282,10020.023645
75.996215,173,10021.127204
167.692539,208,10022.5114
61.313287,197,10023.76028
-23.394079,121,10024.541632
458.737982,1000,10038.268897
-151.597572,406,10040.855581
751.312802,1000,10047.245195
239.862374,555,10058.871772
625.548685,1000,10065.235163
-73.543003,184,10066.386827
104.923138,353,10068.639648
41.017109,162,10069.681501
80.08963,267,10079.721009
42.778602,196,10080.967442
2.163856,139,10081.953746
69.081703,171,10083.059521
29.332398,121,10083.82585
58.795358,220,10085.20405
41.077793,131,10086.010096
-1.165781,101,10086.671481
181.641857,399,10089.181021
634.202044,813,10100.946611
741.891017,1000,10107.301436
318.420377,1000,10121.54328
624.518218,1000,10127.985432
-30.382171,103,10128.608672
343.225455,1000,10139.810014
955.474228,1000,10146.216667
159.003079,357,10148.485912
66.153839,257,10150.099233
477.905759,1000,10163.802131
705.968945,1000,10170.113017
48.100576,154,10179.165774
77.611143,218,10180.595204
87.374895,377,10182.980712
92.012301,280,10184.736488
199.306828,409,10187.343088
1045.66051,1000,10201.713627
69.67321,209,10203.072531
626.038356,1000,10209.416547
48.248888,245,10210.989134
-127.407483,635,10225.745357
-32.844806,120,10226.51072
199.102137,362,10228.846285
66.992421,193,10230.082756
23.606183,340,10232.328285
20.055426,151,10233.254956
797.065272,1000,10247.172676
-45.877192,131,10247.988036
-213.115076,611,10251.805812
74.139462,170,10252.909218
892.417906,1000,10268.706666
43.25264,133,10269.542413
842.213134,1000,10275.762383
91.64748,182,10276.910826
47.279029,142,10277.813916
5.66849,92,10278.429578
466.224122,1000,10291.648714
721.796111,1000,10297.998352
58.947546,137,10298.862525
1118.779519,1000,10311.716999
47.167338,244,10313.27554
73.358359,189,10314.473274
-0.42076,226,10315.892989
678.633243,1000,10330.053745
74.522253,130,10330.864656
-1.206573,142,10331.754643
88.612181,170,10332.864012
-71.380595,1000,10339.179552
-162.242707,1000,10356.101208
23.308261,134,10356.945187
16.546032,107,10357.653612
140.257083,255,10359.268296
-336.038486,1000,10373.48799
764.383892,1000,10379.764077
699.000934,1000,10395.972709
49.689212,175,10397.056135
76.591058,116,10397.804415
-0.04344,107,10398.498238
78.415248,192,10399.717419
177.539987,421,10402.338203
787.413248,1000,10415.288638
108.346915,302,10417.210437
452.091198,1000,10423.545999
276.09483,632,10435.852731
14.09901,99,10436.509959
-54.555467,207,10437.811115
52.071655,416,10440.428646
27.401833,235,10441.967578
141.458238,368,10444.278729
136.844758,518,10447.526689
150.831095,340,10457.596936
689.543882,1000,10463.87142
194.267666,637,10467.869451
252.537594,1000,10481.977209
-72.787289,168,10483.022213
69.079335,328,10485.090692
57.297826,201,10486.336331
96.329097,195,10487.608342
134.187573,1000,10500.181662
629.467876,1000,10506.641079
74.087098,152,10507.612667
27.262346,114,10508.353036
393.362387,1000,10520.285512
160.99707,224,10521.682914
800.231451,1000,10535.554013
135.202899,520,10538.861463
388.817241,1000,10545.176796
75.08373,226,10546.635354
898.980759,1000,10557.433907
-90.075293,204,10558.727817
-207.965218,648,10562.839557
616.643075,1000,10578.702542
579.369075,1000,10584.950084
301.06374,1000,10600.67433
17.765675,181,10601.820318
711.951448,1000,10608.135104
25.826517,138,10609.017599
551.91418,1000,10623.317133
-47.469728,206,10624.600949
628.048494,1000,10639.776363
180.888866,364,10642.110927
-140.027548,397,10644.57024
46.53493,240,10646.051493
83.480991,175,10647.164782
787.423841,1000,10663.891127
147.630778,181,10665.075406
495.931476,1000,10671.305056
763.783689,1000,10685.357706
102.397913,154,10686.312058
758.8037,1000,10692.60723
-14.105711,155,10693.573333
386.477548,405,10696.15047
37.622804,144,10705.625798
101.611709,186,10706.79824
66.210627,178,10707.935599
921.558636,1000,10714.237645
65.752739,202,10715.511411
90.611157,160,10716.544886
554.517299,1000,10731.855333
785.161927,1000,10738.247558
519.329376,1000,10750.673682
49.732517,245,10752.218269
59.280751,150,10753.17573
566.021227,1000,10764.678906
60.010926,137,10765.547698
103.938087,396,10768.066936
776.506583,1000,10774.551218
445.188119,1000,10790.363247
613.436481,1000,10796.70559
845.989147,1000,10809.518919
87.454019,274,10811.28859
51.742479,161,10812.304667
619.213444,1000,10818.68475
-42.225281,103,10819.320554
855.720845,1000,10832.942262
124.126758,517,10836.182813
958.042846,1000,10850.811277
9.231509,1000,10857.162756
226.178007,1000,10873.212351
399.099162,658,10877.390639
467.152926,930,10883.381081
403.572224,1000,10898.405287
35.144656,247,10899.988547
215.97163,417,10902.649953
775.859558,1000,10916.359119
211.983261,419,10919.048478
686.288677,1000,10925.503645
442.572281,1000,10939.162255
-8.71554,175,10940.286215
669.625932,1000,10956.450843
511.166556,1000,10963.283234
601.425709,1000,10977.269653
33.931965,179,10978.485979
627.350761,1000,10985.21839
-111.722007,274,10987.000456
720.827427,1000,11000.989596
1127.09634,1000,11007.352509
283.047396,742,11020.497344
444.399895,1000,11026.892312
316.877372,1000,11042.63874
117.626517,319,11044.684007
54.994024,190,11045.894704
765.320971,1000,11052.241022
116.927864,255,11053.875568
858.712922,1000,11068.704167
77.098594,200,11069.95741
70.301402,173,11071.067824
-54.436239,132,11072.006154
785.207612,1000,11083.834059
601.568821,1000,11090.231461
68.540066,375,11092.649898
73.01784,186,11093.852114
-146.593611,571,11106.940211
34.02311,111,11107.628015
57.251003,183,11108.784307
158.232559,1000,11115.185155
856.796212,1000,11129.149032
521.710879,1000,11135.547487
32.936703,166,11136.599505
740.4812,1000,11150.327921
78.2077,260,11152.012493
-55.418935,253,11153.639166
266.391448,1000,11168.988925
146.740053,422,11171.705464
109.543179,295,11173.578342
446.427589,1000,11180.035969
178.234002,583,11192.133698
63.330028,198,11193.380231
-212.366557,727,11197.892332
683.378093,669,11202.145567
149.523359,276,11211.92482
371.328943,1000,11218.327665
78.689895,158,11219.304133
698.34441,1000,11235.364576
969.431893,1000,11241.751516
109.655732,203,11243.061398
42.557336,428,11245.743821
-51.881114,244,11255.63619
203.433864,413,11258.326449
40.215017,145,11259.236517
72.689967,211,11260.567181
568.804796,1000,11266.955223
27.669608,179,11275.649175
85.620924,188,11276.843969
-194.392341,840,11282.304998
376.847808,812,11287.506778
663.660561,1000,11301.367152
211.808184,741,11306.061737
742.051367,1000,11320.269578
-254.923548,869,11325.80354
471.347115,1000,11339.772221
-276.967037,722,11344.500893
824.278433,1000,11359.501718
109.064604,424,11362.209859
94.867127,213,11363.57051
87.168396,294,11365.437862
205.366248,495,11368.584601
739.468574,1000,11386.272904
403.305744,1000,11392.619515
-186.277564,668,11406.630831
849.139309,1000,11413.123327
1064.513837,1000,11429.09122
40.117135,142,11429.995891
11.575317,114,11430.736573
159.434328,1000,11437.156852
30.902621,116,11437.915383
774.744155,1000,11453.984519
446.311682,1000,11460.2962
51.685714,124,11461.083883
482.033551,1000,11475.907169
239.546329,1000,11482.233284
20.452185,163,11483.282799
-70.017881,236,11484.790533
68.489562,162,11485.793509
54.557791,111,11494.250396
205.802911,423,11496.96896
312.916477,1000,11503.286928
297.310376,727,11516.108787
166.815246,1000,11522.54943
18.703989,156,11523.546513
117.758458,258,11525.199106
47.196182,144,11526.109241
99.398732,558,11541.303058
53.915691,168,11542.361097
-27.404519,270,11544.075907
89.279819,224,11545.518153
812.00317,1000,11551.996341
29.007232,94,11552.579651
71.504511,171,11562.850068
80.737539,319,11564.889683
63.954058,183,11566.066411
169.26215,355,11568.300399
130.474847,381,11570.752924
50.695542,566,11574.421842
-167.429305,540,11588.277927
381.054856,455,11591.20192
44.563424,1000,11597.711334
723.595071,1000,11609.891486
30.960856,115,11610.60476
618.085185,1000,11617.117511
-103.772359,296,11627.852337
-14.25434,481,11630.903763
646.515045,1000,11637.343322
834.750054,1000,11649.20947
1090.068994,1000,11655.658322
-131.403155,458,11658.584163
356.68452,1000,11674.419957
43.936238,145,11675.332681
88.668123,365,11677.657066
709.939283,1000,11692.382774
66.760155,169,11693.498486
61.191349,223,11694.951582
463.283413,1000,11701.325471
731.042231,1000,11716.239254
830.328162,1000,11722.631528
-154.492298,605,11733.251989
466.409534,1000,11739.627487
699.8836,1000,11754.782156
12.944896,100,11755.446035
290.142112,728,11760.061773
49.63268,105,11760.750327
-74.551842,49,11761.070784
762.698711,1000,11774.016695
518.392047,1000,11780.387282
761.713825,1000,11794.869868
105.595816,253,11796.517644
838.05227,1000,11803.011899
34.981928,296,11804.942305
55.745044,157,11805.913697
-101.377654,356,11817.969586
665.643085,1000,11824.387686
84.661545,265,11826.066593
820.98489,1000,11841.930551
62.34704,139,11842.80206
140.880461,448,11845.677526
34.227576,98,11846.317091
200.965951,455,11849.183201
51.22371,216,11850.544395
91.656905,275,11852.40701
21.481994,333,11863.499199
949.789674,1000,11869.802841
162.784285,401,11872.379248
69.609443,206,11873.693823
157.96462,1000,11888.527851
38.218084,110,11889.236385
34.250446,193,11890.505852
968.862359,1000,11903.977291
70.728371,146,11904.917194
6.856866,119,11905.677331
49.394626,209,11906.998568
858.894684,1000,11913.422233
131.777132,350,11915.627948
506.072025,1000,11930.593121
32.269671,201,11931.859274
93.662305,202,11933.140298
409.046131,1000,11946.484878
541.700616,1000,11952.853624
314.515892,874,11968.063628
245.927648,1000,11974.549238
585.939499,1000,11989.563485
9.438271,230,11991.051277
772.572241,1000,11997.410787
62.400611,171,11998.48512
88.465495,243,12000.054137
59.887219,290,12002.016398
87.664457,509,12013.566442
139.469371,433,12016.326156
92.479806,217,12017.737734
41.120262,222,12019.148059
64.917227,241,12020.672748
137.577172,249,12022.277888
839.259453,1000,12036.39718
-109.443746,1000,12042.783598
93.294871,250,12044.371449
46.620261,293,12055.852974
261.778372,974,12062.193272
-85.215555,678,12066.498309
-0.573137,209,12076.1968
-62.528164,285,12078.017551
836.817555,1000,12084.430525
199.354011,775,12099.161505
174.086617,534,12102.559273
587.201188,837,12107.898484
50.37184,128,12108.713079
-96.843971,240,12110.259163
-9.455914,187,12111.474896
47.980903,243,12121.798892
58.35194,198,12123.103274
19.436133,95,12123.689161
-51.743407,1000,12130.103924
55.361566,153,12131.070889
354.431563,623,12145.518512
43.583907,261,12147.209977
3.645657,316,12149.234862
-36.104921,108,12149.953367
187.269139,1000,12156.368839
-15.914345,224,12166.574702
408.313097,1000,12172.981698
883.859389,1000,12187.732265
59.489923,227,12189.20524
908.971312,1000,12195.543562
-55.908221,225,12197.000526
562.133032,1000,12213.325331
738.862648,1000,12219.646723
915.279808,1000,12233.885699
161.402027,1000,12240.258649
20.186272,94,12240.868492
124.676079,251,12242.584146
460.850052,1000,12256.199693
-150.42765,210,12257.576352
213.101744,591,12261.31654
48.849043,145,12262.212337
270.144702,811,12276.486252
432.447471,1000,12282.77312
377.53146,1000,12296.721166
79.191103,225,12298.192638
161.473854,1000,12304.598015
40.261626,170,12305.682456
563.141753,1000,12318.491853
648.170994,1000,12324.898123
-24.873207,113,12325.613347
617.364563,1000,12341.530563
745.660117,1000,12347.94727
60.462321,189,12349.163608
-19.322369,171,12359.803541
160.557993,382,12362.382394
-4.029133,510,12365.642778
-23.141519,632,12369.709557
101.359937,184,12370.870683
692.454956,1000,12384.263925
25.616728,95,12384.899339
-44.226333,176,12386.001369
-17.767384,200,12387.277328
50.089601,170,12388.367814
527.025699,973,12404.631415
663.463399,1000,12411.004407
46.992004,152,12411.938986
79.91981,258,12413.59492
78.353293,469,12424.761088
78.050818,205,12426.085806
466.994501,1000,12432.487117
28.552091,207,12433.847261
55.04847,212,12435.16988
175.723354,418,12448.311619
153.405712,669,12452.692534
295.576744,564,12456.299042
46.139605,160,12457.299905
55.90617,182,12458.467187
60.17467,175,12459.583631
957.046635,1000,12475.230932
77.566783,212,12476.609384
-168.919676,965,12482.885425
448.525322,557,12495.132443
577.813533,1000,12501.53856
-171.475347,550,12513.819819
45.053862,182,12515.008353
411.147847,1000,12521.387838
418.724343,1000,12538.06003
95.404448,279,12539.861463
78.353114,191,12541.08851
391.739713,1000,12547.58103
63.586887,225,12548.982487
129.893124,309,12559.924553
92.002668,274,12561.668763
860.778904,1000,12568.013973
275.784083,371,12570.374944
79.510742,234,12571.949034
-41.797036,293,12583.110876
53.348591,137,12583.974425
-556.476282,1000,12590.448123
42.011441,234,12591.964036
-8.416942,73,12592.433053
862.952656,1000,12607.828508
49.15415,171,12608.942074
849.479928,1000,12615.412606
9.264594,236,12616.886271
79.713544,242,12630.119523
165.949131,953,12636.266121
256.937004,923,12651.121671
97.304221,320,12653.177985
187.92847,454,12656.077625
417.620924,1000,12662.606071
160.445043,365,12673.366383
298.360351,405,12675.981975
15.375159,123,12676.772018
575.038848,1000,12683.216614
-62.642733,169,12684.27734
118.951683,334,12696.169053
4.983597,164,12697.208829
732.309726,1000,12703.695658
686.135368,1000,12716.926464
179.713869,533,12720.36293
399.347759,1000,12726.78074
75.7023,244,12728.335244
83.578174,274,12742.138867
1067.46779,1000,12748.535142
-9.276386,76,12749.007284
45.463914,206,12750.309891
632.164335,1000,12764.579643
48.093648,124,12765.384593
52.674453,258,12767.030885
49.646166,177,12768.191236
54.181728,196,12769.438084
453.801828,1000,12788.397038
-113.926278,294,12790.258836
-18.339168,135,12791.098567
-110.338226,1000,12797.508317
713.600511,1000,12810.687065
57.738842,197,12812.041939
773.399795,1000,12818.426694
-256.526975,1000,12832.948538
802.22319,1000,12839.35033
147.106425,464,12851.003308
-11.704434,116,12851.712385
47.943297,128,12852.532283
631.627501,1000,12858.925094
26.484837,109,12859.632623
777.770794,1000,12873.641563
96.077535,497,12876.827805
41.538116,283,12878.651498
170.234638,432,12881.387568
50.500628,164,12882.455689
247.010542,371,12895.05378
604.168898,1000,12901.47084
58.647139,194,12902.828823
67.840315,139,12903.726113
445.204871,747,12917.689226
417.329024,1000,12924.012073
471.982787,1000,12938.670364
-27.414545,131,12939.554655
-135.713482,614,12943.436798
969.376435,1000,12949.744852
2.294484,210,12956.959859
412.95033,1000,12963.478271
-33.3061,290,12965.272347
-2.110674,427,12967.963679
589.13216,768,12980.467355
143.902041,428,12983.244779
59.82411,185,12984.391601
22.283317,111,12985.103766
1029.409993,1000,12999.035173
677.974644,1000,13005.463115
88.406402,196,13006.71773
685.236991,1000,13021.161923
-338.555059,1000,13027.625673
756.79629,1000,13039.814671
3.273447,119,13040.597987
16.791972,186,13041.83395
67.07405,177,13042.967409
78.480971,224,13044.363218
24.644348,79,13044.904026
75.896288,210,13046.264583
91.985324,240,13047.827775
592.006296,1000,13062.813361
220.980824,434,13065.581695
-20.183609,162,13066.639473
418.593744,761,13071.434954
29.321871,111,13072.141814
345.093235,1000,13085.906386
48.498663,205,13087.209616
90.22706,251,13088.804273
0.628435,212,13090.146502
-97.398808,291,13092.05842
771.436165,1000,13108.566162
658.880391,1000,13115.035271
757.151753,1000,13129.518167
-27.280049,143,13130.429008
497.753243,717,13134.986017
341.752707,1000,13152.135837
-8.385582,123,13152.937067
94.975895,238,13154.41422
68.394735,236,13155.919374
18.611727,84,13156.438394
544.402162,1000,13172.375217
748.496462,1000,13178.779898
1166.208714,1000,13193.319259
878.047086,1000,13199.740926
89.87124,164,13200.767379
28.334844,501,13204.063076
196.288436,303,13214.422834
44.796197,152,13215.378047
540.543274,1000,13221.832438
178.912235,786,13226.845417
-1.651799,178,13238.575839
70.47985,149,13239.524673
-398.629302,1000,13245.964274
-81.277924,213,13247.314055
252.90367,468,13250.356539
679.442612,1000,13266.661242
229.384083,550,13270.224828
436.703466,1000,13286.604351
-148.648277,389,13289.0819
39.71615,177,13290.175571
71.537636,183,13291.358421
111.824567,353,13293.7273
15.651957,83,13294.249398
414.662999,1000,13310.103557
1118.238947,1000,13316.472414
9.855507,144,13317.427552
24.066301,125,13318.192345
456.030947,1000,13333.67626
36.546984,176,13334.811042
-7.020432,122,13335.593274
-103.024192,437,13338.378667
1057.528437,1000,13351.017903
-42.133662,151,13352.031353
-12.723074,146,13353.020636
251.023627,869,13358.516669
16.104574,59,13358.910491
791.85601,1000,13378.392978
33.390547,124,13379.189658
-120.606166,422,13381.925375
-47.313382,337,13384.18801
87.942396,155,13385.149252
6.227936,76,13385.625607
1043.827403,1000,13404.465983
152.599425,335,13406.60921
99.059333,239,13408.118279
143.939253,323,13410.20944
0.119646,163,13411.282435
153.930181,387,13424.181095
15.747131,370,13426.526648
91.599299,282,13428.348869
38.200354,136,13429.192991
954.906314,1000,13435.538322
881.561694,1000,13451.363529
958.599146,1000,13457.795569
753.71809,1000,13475.075115
-115.226076,459,13478.023802
689.977801,1000,13497.436343
944.508369,1000,13504.050888
144.661791,572,13507.746086
175.536379,419,13520.796658
919.851429,1000,13527.229643
230.982607,1000,13542.631316
272.868689,629,13546.618547
16.860818,244,13548.212924
37.820056,206,13549.502763
523.21582,831,13554.856546
-41.281602,202,13565.893332
55.370119,193,13567.136995
13.207247,53,13567.452939
802.529361,1000,13573.877976
-118.114146,341,13576.064449
690.790489,1000,13591.572322
-442.595324,1000,13598.110724
245.426808,514,13611.45662
659.088685,1000,13617.809366
371.682415,1000,13638.489751
35.833451,159,13639.503226
33.564875,164,13640.561846
648.047098,1000,13647.000165
435.601074,1000,13662.326656
-1.792823,136,13663.187307
27.999529,76,13663.719312
39.257221,100,13664.324153
62.605499,191,13665.560007
774.157817,1000,13671.972435
11.798724,303,13685.510073
105.001889,216,13686.947341
155.301147,452,13689.824139
422.951035,1000,13696.174213
105.315343,397,13707.768151
910.109097,1000,13714.160148
688.091882,1000,13732.699518
56.401232,145,13733.600665
454.333936,1000,13740.087348
1022.882128,1000,13757.488535
109.819422,421,13760.181641
64.407243,226,13761.661218
41.697307,121,13762.397251
176.074522,501,13765.636102
114.523988,297,13767.54639
104.258308,354,13781.360105
737.666829,1000,13787.780809
45.2418,186,13788.958552
-28.321345,172,13790.068247
806.778068,1000,13806.945418
-73.941495,229,13808.443263
450.590485,1000,13814.844107
878.476894,1000,13834.185868
67.583008,154,13835.189032
156.546504,784,13840.14678
321.063598,455,13843.089418
639.292657,1000,13860.953582
81.73677,198,13862.264078
226.789263,651,13866.44605
731.161831,1000,13884.597007
79.381249,213,13885.977104
50.664746,131,13886.802335
76.715486,182,13887.948278
617.599503,558,13891.471928
651.867331,1000,13908.75509
799.508778,1000,13915.143362
-160.492978,744,13929.891796
446.936484,1000,13936.294711
1095.199926,1000,13949.463828
22.76322,139,13950.375006
766.136524,1000,13956.722308
-636.575639,1000,13972.603138
621.719714,1000,13979.0578
125.095933,205,13980.359577
-125.306446,374,13993.251632
36.13903,116,13993.991183
67.15995,241,13995.537995
-517.832679,1000,14001.96759
777.265406,1000,14017.269282
783.685565,1000,14023.637175
-27.680521,129,14024.447808
27.738846,63,14024.84081
90.775005,312,14026.821327
15.924494,70,14027.262239
52.931615,176,14036.939121
29.386608,100,14037.555351
75.808947,204,14038.87836
237.245991,1000,14045.358564
996.192533,1000,14059.466707
771.90503,1000,14065.781569
480.731933,1000,14081.00284
16.67299,81,14081.502557
93.58036,212,14082.858534
716.420995,1000,14089.168259
-118.196528,296,14091.060148
438.877755,1000,14106.527721
826.747194,1000,14112.887008
114.92291,1000,14128.476955
36.74813,107,14129.120109
91.355557,357,14131.415241
389.768223,1000,14147.266285
149.548289,252,14148.922057
46.589199,133,14149.773872
49.297994,127,14150.586752
170.133034,342,14152.771101
62.352609,135,14153.613358
537.813447,1000,14169.260689
26.083958,316,14171.329369
1020.384969,1000,14177.683948
74.464164,168,14178.761524
-10.471882,82,14179.26471
32.788368,670,14193.394076
653.393234,1000,14199.790286
-134.256406,625,14203.749278
466.059553,1000,14221.628837
450.579144,1000,14228.045293
48.193452,146,14229.00028
485.202842,1000,14244.852176
841.205348,1000,14251.272139
17.78022,165,14260.599699
-24.142892,293,14262.483394
72.928126,1000,14268.862291
-105.923439,283,14270.673815
48.710987,229,14272.159716
19.129862,73,14272.626773
181.174177,350,14285.091266
236.76218,1000,14291.531673
99.721837,203,14292.807817
89.178842,258,14294.447755
386.287137,785,14308.083201
611.491033,1000,14314.581966
844.329867,1000,14331.320416
-413.408257,622,14335.241197
55.786197,204,14336.518707
620.931577,1000,14351.065213
751.046157,1000,14357.448324
494.794141,1000,14372.768097
815.097876,1000,14379.174584
4.883816,239,14380.711697
700.217736,1000,14397.716814
831.754103,1000,14404.219535
907.13519,1000,14420.433825
-115.124146,119,14421.16659
-117.165697,215,14422.574205
68.384753,130,14423.401536
63.45002,177,14424.541929
53.863875,234,14426.030177
790.187392,1000,14440.510134
389.021512,1000,14446.957431
91.071267,216,14448.367931
384.791137,887,14465.554963
16.192329,97,14466.156893
-83.842666,167,14467.237425
17.74214,148,14468.166687
-109.315957,224,14469.601414
69.260281,265,14471.29987
284.181085,1000,14477.663521
163.565147,356,14490.232804
166.840085,326,14492.327188
266.605358,617,14496.30624
113.737319,291,14498.136786
627.599311,1000,14514.635707
126.424553,380,14517.063215
778.74833,1000,14523.553244
26.341448,121,14524.295076
-101.217832,161,14535.499757
296.869691,1000,14541.957529
33.857545,104,14542.638124
441.925597,1000,14560.975651
106.224346,310,14562.985755
743.554432,1000,14569.408146
-339.596349,910,14588.411527
460.323137,1000,14594.857047
54.209353,154,14595.838537
74.9939,263,14597.562499
845.437792,1000,14616.388961
438.324667,978,14622.623782
831.428409,1000,14640.903669
-33.895416,838,14646.35922
18.133482,125,14647.157672
124.76514,281,14648.948829
422.627375,1000,14667.020559
437.646475,1000,14673.561864
46.632861,197,14684.466888
112.941687,254,14686.1201
754.102761,1000,14692.469906
413.053832,1000,14712.214077
493.164185,1000,14718.557608
907.000247,1000,14734.456916
1007.971629,1000,14740.826514
598.197477,1000,14756.209049
653.266157,1000,14762.624363
65.048033,183,14763.797358
573.969202,1000,14782.522635
26.50406,105,14783.15612
121.029904,282,14785.018295
-60.812361,1000,14791.459357
39.203632,119,14792.219941
-1.25768,127,14793.124524
778.752555,1000,14811.086267
16.545487,132,14811.921525
225.175831,1000,14818.27978
226.300683,1000,14833.94166
51.139362,257,14835.62567
64.422565,139,14836.510183
93.366469,581,14840.166842
392.182932,900,14855.307495
224.850012,1000,14861.703891
771.246642,1000,14880.710221
84.251722,186,14881.920081
60.681216,286,14883.809494
58.945915,230,14885.300647
-73.279092,278,14887.06899
60.776086,192,14888.294499
-59.258807,139,14889.178129
730.447469,1000,14906.864094
748.910359,1000,14913.41082
52.159747,128,14927.742033
309.586785,1000,14934.267287
-29.733358,223,14935.698211
-14.633133,64,14936.116419
346.128119,1000,14953.015848
474.77726,1000,14959.438331
841.766154,1000,14976.528745
814.386324,1000,14982.907114
58.977621,152,14983.844769
74.449739,238,14985.36425
-200.411233,678,14998.323804
27.091554,115,14999.032649
170.686019,415,15001.752677
789.785832,1000,15008.264142
-64.467276,297,15020.606955
93.217641,214,15022.03601
953.596318,1000,15028.40595
645.369709,1000,15043.824143
-10.6909,308,15045.795502
361.607385,1000,15052.120329
-88.485505,117,15052.87548
-31.102696,180,15054.030218
224.583916,1000,15070.472923
113.292762,232,15071.921105
485.33383,1000,15078.302319
110.969687,240,15089.805892
87.096979,1000,15096.261155
638.720247,1000,15114.774572
687.936561,1000,15121.161482
560.798286,1000,15137.342345
758.328042,1000,15143.805999
176.230406,395,15146.312623
85.787178,538,15149.735144
-22.578225,107,15159.569994
151.628266,239,15161.150227
31.239646,200,15162.433999
-139.154515,374,15164.8448
737.366515,1000,15171.259608
49.728353,221,15180.585046
-58.596387,212,15181.963796
235.224381,341,15184.23488
140.027147,953,15190.325796
33.587227,85,15190.892689
60.329391,214,15192.229131
43.262818,98,15192.819589
227.199752,730,15207.89056
199.246809,273,15209.678702
-57.714062,252,15211.308695
649.976585,1000,15227.959782
-45.31277,1000,15234.340965
108.20059,329,15236.444555
452.875437,982,15254.291344
26.924362,107,15254.948476
13.668503,158,15255.982301
53.077429,172,15257.094534
489.265574,1000,15263.471147
506.390668,1000,15278.549713
37.991908,127,15279.363557
-68.126516,140,15280.253994
868.257794,1000,15296.221112
316.186383,1000,15302.759976
7.65482,275,15304.537897
411.831848,1000,15322.003135
-79.501026,302,15323.929231
-43.208451,89,15324.481405
469.709241,1000,15330.930049
28.702865,121,15331.71234
142.938776,275,15333.579692
124.161915,1000,15350.592128
818.837521,1000,15356.992986
7.119624,140,15366.959924
483.547473,1000,15373.313627
70.76701,257,15374.964361
-99.611636,282,15376.821481
347.023704,1000,15391.562329
70.300803,272,15393.402533
649.995741,1000,15399.817595
-6.215353,144,15400.731815
25.651337,120,15412.270362
873.984343,1000,15418.723633
54.659848,137,15419.590733
94.45255,334,15421.734858
66.607157,159,15422.861023
-248.128663,1000,15439.028189
71.533286,302,15440.993474
121.63968,319,15443.069042
-105.581404,216,15444.430059
61.25246,191,15445.64532
310.425494,1000,15461.602501
-566.449607,1000,15468.027623
642.241799,1000,15484.54562
660.87938,1000,15490.970337
81.470824,224,15492.380615
44.407072,217,15493.811555
183.283385,394,15507.125486
-99.625005,829,15512.375729
267.171657,494,15515.65486
52.665654,100,15516.257958
552.705841,1000,15532.650296
673.160555,1000,15539.062207
159.628482,356,15550.978331
677.514045,1000,15557.368887
575.213095,1000,15563.722319
130.035309,1000,15581.121504
902.750977,1000,15587.523166
-33.176245,264,15597.985758
32.097271,105,15598.643572
1078.729194,1000,15605.091096
502.048625,1000,15621.481414
56.242114,239,15623.015302
1235.146744,1000,15629.463826
609.814215,1000,15643.722936
881.236311,1000,15650.221457
760.185285,1000,15668.463192
418.531359,1000,15674.903927
36.412604,86,15675.477958
-39.846453,47,15675.751787
2.31002,113,15676.471467
830.747156,1000,15691.120199
-173.312326,495,15694.392215
-7.929166,57,15694.719414
23.111809,126,15695.526901
-154.2709,202,15696.832284
71.374091,170,15697.884316
65.459545,145,15698.801888
71.696821,170,15699.894877
852.019495,1000,15717.04214
54.354265,140,15717.933244
-105.941672,426,15720.673292
-5.799057,70,15721.116008
94.048957,177,15722.206568
14.419318,95,15722.933631
-249.997649,684,15735.079819
297.652759,1000,15741.481041
260.317185,441,15744.326668
734.915652,1000,15759.712121
5.875243,157,15760.694044
39.067302,91,15761.304799
611.79367,751,15766.079553
1022.534572,1000,15779.306313
377.731097,1000,15785.876238
573.659403,1000,15801.957399
88.868677,419,15804.679281
-238.671876,1000,15819.67037
-26.71221,71,15820.163453
657.974296,1000,15826.555086
93.272849,190,15827.780332
-122.816824,391,15830.285624
48.036246,168,15831.369646
156.266988,253,15840.709051
54.233481,132,15841.559616
281.932499,714,15846.232738
123.211659,414,15848.904712
17.662971,81,15849.403725
203.545565,346,15851.579049
463.5918,1000,15867.115995
36.438412,79,15867.625595
112.926517,292,15869.542901
17.238299,107,15870.208076
87.187062,279,15872.03168
62.123703,163,15873.142249
-97.599255,338,15875.285968
179.389796,777,15889.110609
661.051367,980,15895.393768
35.064541,93,15895.964251
911.954353,1000,15910.021258
570.061554,1000,15916.507438
-13.944907,199,15917.790107
128.479218,306,15929.748295
135.756342,351,15932.013332
25.401029,174,15933.229955
80.936021,202,15934.514934
511.95288,1000,15940.964091
337.153222,1000,15957.376963
128.787102,288,15959.269186
126.536544,279,15961.015265
19.626716,158,15962.010725
82.723727,175,15963.261193
922.526781,1000,15979.931125
591.90696,1000,15986.428599
760.655291,1000,16002.452991
-5.994703,100,16003.134681
807.508519,1000,16009.575621
1022.569054,1000,16025.344626
60.069281,167,16026.398257
685.555522,1000,16032.844446
145.789422,256,16043.33112
-151.669548,337,16045.514119
47.612868,155,16046.528694
1065.876398,1000,16053.055736
613.195263,1000,16067.688334
77.550594,299,16069.631207
81.148342,162,16070.642603
360.471799,1000,16087.800619
-24.07872,58,16088.202966
42.446915,289,16090.068123
219.992981,1000,16096.550562
41.617285,233,16098.075814
31.184367,136,16098.931584
599.025568,1000,16117.814034
31.087506,94,16118.448003
997.448814,1000,16124.837818
732.780295,1000,16141.198785
15.764692,90,16141.746746
57.93593,245,16143.454051
332.721458,818,16148.711463
104.487514,247,16162.226783
890.670935,1000,16168.678625
-158.549954,554,16172.213321
813.404068,1000,16189.065142
84.055273,161,16190.072798
659.231051,1000,16196.447198
68.347308,230,16197.942158
775.52967,1000,16217.407709
77.323546,264,16219.053828
87.625772,264,16220.752864
145.634559,459,16223.725279
51.209008,109,16224.390739
-56.682918,381,16239.45142
612.02709,1000,16245.850857
8.848004,141,16246.752432
33.447088,462,16249.704953
384.019398,1000,16268.271963
102.590386,230,16269.739405
589.578397,1000,16285.978795
32.805264,93,16286.601727
759.297388,1000,16293.076211
483.598281,1000,16308.752543
962.956406,1000,16315.221018
998.420612,1000,16330.149178
797.20716,1000,16336.614252
281.740754,436,16339.407948
63.170087,203,16340.691936
139.359693,1000,16358.507768
632.079853,1000,16364.910604
861.383414,1000,16381.218656
6.482155,104,16381.855943
141.758648,316,16383.971421
844.476787,1000,16400.480892
990.785688,1000,16406.899614
782.193479,1000,16413.407007
536.225589,639,16427.408848
83.535219,275,16429.147875
70.593929,142,16430.054427
3.211965,69,16430.501872
421.658773,1000,16447.842308
-28.370418,67,16448.273205
-23.164833,131,16449.121816
-96.687755,1000,16455.568848
976.870123,1000,16472.381425
420.263793,1000,16478.871871
457.854167,1000,16496.284231
-441.956239,1000,16502.669692
747.140316,1000,16520.40701
137.186216,394,16522.924162
1009.221202,1000,16529.317241
1032.625742,1000,16546.536849
-27.392155,169,16547.625443
237.300085,1000,16554.048767
26.72989,241,16555.592141
1082.452181,1000,16570.655605
94.999603,233,16572.156715
43.211785,276,16573.89975
25.930318,129,16574.726978
78.62947,316,16576.759578
777.455523,1000,16594.59115
82.877907,366,16596.914225
406.479717,805,16602.143853
-115.67624,174,16612.532843
680.236077,1000,16618.921631
904.486765,1000,16625.422122
35.163907,103,16636.594761
160.704077,338,16638.767706
354.713599,1000,16645.157723
604.293081,1000,16662.802368
67.471284,149,16663.737612
472.920685,1000,16670.191294
762.3851,1000,16686.934581
1114.69866,1000,16693.276757
523.350618,1000,16712.3979
133.292355,456,16715.369656
72.347665,181,16716.526135
238.640376,424,16719.167159
-165.482975,143,16720.131141
107.856008,193,16721.369254
612.662013,1000,16738.13697
54.418602,126,16738.950554
596.712609,1000,16745.403411
728.10714,1000,16763.804926
212.163992,332,16765.929799
707.17965,1000,16781.816014
-171.970685,772,16786.746603
-32.624471,74,16787.252184
2.961714,111,16787.945373
1043.237814,1000,16803.163524
42.266858,126,16803.95819
785.188748,1000,16810.431217
547.440991,1000,16826.304761
69.148718,279,16828.117542
-503.345149,1000,16834.600565
-1.555803,175,16835.72633
604.79295,1000,16849.69732
5.423896,105,16850.342864
27.106878,150,16851.35382
716.731144,1000,16857.813836
-32.60502,139,16858.709223
609.920867,1000,16873.694435
44.525405,160,16874.711166
97.777641,208,16876.084823
1040.892845,1000,16893.423591
37.078958,86,16894.003136
750.284456,1000,16900.320936
91.931847,237,16901.844333
63.857607,161,16902.843766
-21.114353,189,16904.049184
59.731696,182,16905.20394
15.911816,81,16914.888853
56.034322,126,16915.691808
-22.503837,62,16916.060452
1255.651347,1000,16922.477982
-12.722519,71,16922.988392
691.265289,1000,16935.977048
820.717108,1000,16942.385761
-7.135949,215,16943.776894
66.511386,141,16944.679826
783.210349,1000,16962.918
313.637676,1000,16969.344965
79.014571,278,16971.178703
-5.4882,134,16972.061129
63.128735,231,16982.055935
582.530536,1000,16988.634927
913.927069,871,17001.990712
65.729868,178,17003.125643
63.572893,139,17004.052653
45.198982,252,17005.665801
47.572182,167,17006.76313
1132.018989,1000,17013.344458
134.473134,268,17015.04935
-33.722034,207,17024.99156
21.641267,77,17025.496997
45.422432,127,17026.300213
-0.668682,172,17027.394002
601.016092,856,17032.869353
64.887033,126,17033.663254
233.792948,1000,17049.054643
279.13968,1000,17055.513013
111.255302,222,17056.934615
109.090819,204,17058.243152
86.911944,152,17067.023343
636.531697,1000,17073.582297
1028.510309,1000,17079.994148
44.151669,112,17089.788441
83.947447,164,17090.848944
478.309416,1000,17097.348909
421.931851,1000,17110.664994
823.461915,1000,17117.121881
853.167377,1000,17133.4692
51.45047,119,17134.245477
491.100959,1000,17140.726152
628.266662,1000,17157.127349
46.165725,116,17157.870569
75.343968,178,17159.004342
631.218891,1000,17165.539294
1021.923784,1000,17180.881229
-312.848343,602,17184.707628
134.904688,1000,17201.613447
-23.453423,127,17202.444384
109.863821,224,17203.8453
481.642501,1000,17210.217045
-14.622176,64,17210.629021
497.112045,1000,17226.954725
12.820983,99,17227.592718
303.263192,575,17231.33119
182.615567,1000,17245.177266
86.366256,136,17246.059165
908.553344,1000,17252.431235
38.072039,187,17253.729326
460.558265,1000,17269.806612
949.524485,1000,17276.177266
-29.250131,603,17280.058045
639.749318,1000,17297.835225
488.347202,1000,17304.170682
18.166278,68,17304.589928
138.383579,361,17314.832114
47.133624,115,17315.576153
-49.201926,209,17316.923144
56.014746,122,17317.712504
32.979153,114,17318.45545
-256.850819,1000,17324.844631
-116.233001,304,17335.255769
917.892759,1000,17341.694478
76.988854,215,17343.14163
52.417564,178,17344.300049
29.048623,97,17344.909015
198.002672,686,17360.274094
205.957085,439,17363.115112
1124.718261,1000,17369.535966
-89.736106,234,17371.062397
49.77298,146,17371.983159
123.595956,217,17381.447053
9.187129,166,17382.496767
52.512256,125,17383.303634
75.293567,203,17384.63453
14.981966,143,17385.566108
66.181621,256,17387.221933
349.729201,1000,17393.60312
153.41271,1000,17409.879
100.511744,227,17411.356436
857.407017,1000,17425.568576
9.719817,218,17427.005995
50.460351,149,17427.959774
15.338022,88,17428.502777
-26.562741,213,17429.921122
37.953739,152,17430.885914
30.959668,104,17431.565129
-36.935213,126,17432.374775
11.881858,246,17434.02231
-20.669001,89,17434.620908
-92.572313,328,17436.706107
337.351449,603,17448.927411
-81.556669,200,17450.192784
45.110339,204,17451.558584
-17.2347,54,17451.90676
968.456167,1000,17458.324804
-0.432407,130,17459.157409
-14.17599,113,17467.045278
23.917987,213,17468.397064
910.947125,1000,17474.905403
50.177412,165,17475.941208
841.053333,1000,17491.576794
1029.364689,1000,17498.058569
-19.159198,103,17498.699639
162.197014,364,17501.05417
583.538195,1000,17519.116709
1039.337312,1000,17525.673725
-26.475254,121,17526.44832
341.898175,1000,17542.472997
34.449274,278,17544.248972
771.723257,1000,17561.253661
89.045044,198,17562.556157
76.140374,178,17563.711009
-20.187622,53,17564.017393
15.360666,165,17565.092033
-99.330153,140,17565.986109
-5.366928,197,17567.242886
424.569991,1000,17580.175852
718.657036,1000,17586.811404
94.529091,256,17588.459714
91.948931,339,17590.636672
563.277652,1000,17607.5079
26.811126,79,17608.016051
400.349968,1000,17614.567489
704.252894,1000,17633.211613
598.149193,1000,17639.664457
680.182974,1000,17655.754919
139.234068,372,17658.169852
-60.154227,249,17659.777194
22.857585,161,17660.767865
739.97217,1000,17675.890809
58.646694,102,17676.56603
28.933121,437,17679.320006
346.667693,1000,17685.840814
13.498897,118,17686.606626
18.406759,88,17687.149638
6.24065,164,17699.140173
-82.403618,211,17700.507451
291.160908,858,17706.182413
19.33689,112,17706.872694
621.714336,1000,17723.097062
872.263076,1000,17729.556084
-7.039912,159,17730.552969
2.530725,477,17733.704494
40.028352,178,17745.274946
69.999404,278,17747.10894
579.6725,1000,17753.566218
-67.354445,209,17754.920648
356.515403,1000,17771.029815
451.767283,1000,17777.52335
31.964235,84,17778.043651
137.239238,1000,17794.055221
33.149665,86,17794.588841
5.82965,212,17795.963884
97.338334,223,17797.425253
25.488544,76,17797.905327
546.912206,1000,17815.046216
297.608631,1000,17821.502288
241.003117,1000,17838.209734
645.263279,1000,17844.717511
76.130071,374,17847.101543
-25.996712,230,17848.60572
-116.843482,213,17849.953712
17.01206,139,17850.845619
695.808359,1000,17867.722723
-68.177537,254,17869.339767
298.76255,564,17872.983661
560.847264,1000,17890.070205
183.488663,1000,17896.507431
-33.873602,122,17897.295111
183.174045,777,17911.494758
139.440503,244,17913.100755
1208.587734,1000,17919.575515
113.374401,195,17920.825369
808.874166,1000,17939.603302
590.542407,1000,17946.157394
6.379298,81,17946.664485
883.551196,1000,17964.436075
-86.369713,126,17965.254712
157.091113,1000,17983.564063
658.732305,1000,17990.041242
77.137151,185,17991.227358
67.341166,1000,18009.322022
40.342799,388,18011.798233
78.010531,220,18013.199244
111.955688,300,18015.135422
96.968168,217,18016.518795
25.095554,506,18019.839632
11.337593,147,18020.781347
871.437551,1000,18038.445418
301.532106,632,18042.493866
-270.973108,1000,18062.037086
-47.371663,255,18063.752281
-50.010866,74,18064.251297
1.570761,194,18065.466469
66.840637,130,18066.306948
145.363495,260,18067.969222
716.684554,1000,18086.187176
253.535082,1000,18092.65092
83.862641,289,18094.568849
236.436993,686,18109.896554
66.900407,275,18111.667873
829.543666,1000,18118.095367
-18.400055,111,18118.818393
141.082205,413,18132.463104
712.647541,913,18138.414891
33.898456,128,18139.249586
791.988841,1000,18155.180434
1053.844915,1000,18161.692055
40.220813,208,18162.980214
10.560616,304,18164.982865
638.120675,1000,18180.775906
59.948951,175,18181.936154
20.965651,112,18182.653542
1090.657106,1000,18189.25112
9.535963,104,18189.910357
40.720229,102,18190.583204
928.653344,1000,18210.189151
632.613173,1000,18216.671843
56.721607,169,18229.096216
736.942811,1000,18235.529907
64.339377,146,18236.496497
503.961281,1000,18253.928514
394.057271,1000,18260.415124
845.214527,1000,18278.054651
-27.959237,61,18278.457105
652.301516,1000,18284.940016
-62.260535,131,18285.78756
54.852911,156,18286.798165
36.82281,108,18287.454929
524.21987,1000,18304.49352
-53.435354,172,18305.610895
81.960264,328,18307.69133
-20.34431,68,18308.129416
26.958827,103,18308.795061
525.133759,1000,18325.321011
54.106859,154,18326.285517
-31.775088,85,18326.849001
-10.734918,128,18327.664182
1078.219342,1000,18334.125156
101.098845,235,18335.639689
89.78641,162,18336.65612
27.632962,164,18346.130951
253.124002,582,18349.872203
715.129636,1000,18356.307325
1100.608118,1000,18375.25857
24.958063,404,18377.920107
65.080977,203,18379.243457
223.169238,499,18382.446316
490.200723,702,18400.090809
-18.526065,165,18401.133114
4.363993,139,18402.023093
240.9721,531,18405.46748
-43.899302,345,18407.700097
-68.483986,225,18409.186337
-7.200375,87,18409.723713
28.791795,89,18410.287101
6.412194,122,18411.069788
22.912538,350,18421.935168
605.405295,1000,18428.479566
-247.139444,667,18432.778135
72.912094,155,18445.61947
107.959487,352,18447.884898
8.559134,178,18448.973326
85.76062,213,18450.373535
81.52925,154,18451.358953
855.073744,1000,18457.85369
42.012997,308,18472.447399
555.948387,1000,18478.794886
3.882672,101,18479.454333
151.349457,1000,18497.939493
170.713204,257,18499.619681
-305.554277,715,18504.228919
22.000313,422,18506.916551
29.782612,379,18518.703659
90.18873,208,18520.044883
122.280129,334,18522.20133
-4.392025,215,18523.576457
43.436452,90,18524.134323
-246.808873,1000,18530.59443
511.274103,1000,18545.136315
-45.122845,68,18545.579419
6.587939,207,18546.893688
379.321975,531,18550.337608
1105.392216,1000,18566.499383
-30.158212,64,18566.900598
165.507095,464,18569.834916
25.32501,123,18570.633242
19.00013,233,18572.134995
77.37284,185,18573.377021
17.362778,69,18573.838572
814.343015,1000,18590.196407
7.19604,77,18590.690042
41.369919,108,18591.413413
-24.265284,59,18591.793776
872.382864,1000,18598.273733
250.630575,434,18614.10354
621.097709,1000,18620.563824
929.854592,1000,18637.388756
-10.221939,515,18640.719396
83.577844,211,18642.062188
461.388055,814,18647.341334
-131.250445,364,18660.095536
-74.635637,197,18661.370502
636.978507,1000,18667.92215
143.438473,662,18672.176355
409.906905,1000,18688.269206
35.379517,183,18689.452752
-63.178725,208,18690.790807
-501.911765,1000,18707.408037
82.646368,159,18708.414038
762.682196,1000,18714.843981
20.337749,74,18715.332039
851.68123,1000,18732.255553
490.327737,1000,18738.619838
773.463534,1000,18755.719695
629.94112,1000,18762.131145
642.560965,1000,18780.620612
10.545095,190,18781.838326
-8.262689,164,18782.907017
56.581888,106,18783.667743
56.894238,176,18784.804238
88.013338,236,18786.347255
390.13449,1000,18801.053777
11.937359,93,18801.62502
821.162294,1000,18808.067736
987.315677,1000,18822.883964
219.996985,1000,18829.338382
997.192542,1000,18844.672013
21.229216,71,18845.128307
-12.036946,80,18845.628931
27.590326,82,18846.160367
-2.353976,143,18847.085543
67.381771,162,18848.143179
-142.289212,385,18850.609818
57.920782,162,18851.647821
61.307182,130,18852.47222
-319.71716,1000,18867.847946
41.890059,110,18868.561013
397.740015,645,18872.686501
56.582697,132,18873.630535
-56.832095,165,18874.690919
274.664687,1000,18891.724383
61.069308,149,18892.730719
-21.208423,161,18893.767801
41.254506,127,18894.582079
44.783992,275,18896.358546
1071.420879,1000,18911.170715
559.231044,1000,18917.7112
67.603742,315,18919.711658
809.455281,1000,18936.860391
69.616635,205,18938.173981
-102.568243,379,18940.619525
182.165007,593,18944.456823
52.227785,101,18945.127042
859.215355,1000,18960.427722
154.041551,323,18962.484645
881.183551,1000,18969.000897
695.111602,1000,18987.739887
-12.388784,73,18988.229108
215.465116,391,18990.733452
35.278984,119,18991.520166
50.746797,145,18992.461936
996.62736,1000,19008.514719
-0.602831,51,19008.861829
113.19364,324,19010.964704
727.250359,1000,19017.447691
839.490621,1000,19035.963281
-51.684768,112,19036.688428
-38.226753,200,19037.963036
32.61998,150,19038.935095
609.103294,1000,19053.64239
-164.587182,684,19058.095231
84.088512,207,19059.431037
120.451856,262,19061.121617
71.430435,176,19062.269957
-7.712394,61,19062.664843
-36.605305,144,19063.576314
-41.596547,133,19064.429771
33.367018,170,19077.709038
0.424869,41,19077.96195
78.230996,269,19079.712941
1055.425889,1000,19086.289649
-247.376998,1000,19102.434669
1061.207315,1000,19108.826156
194.032588,412,19111.505837
138.772698,782,19125.176542
282.952598,1000,19131.666454
479.133647,1000,19149.549465
741.603419,1000,19155.908009
35.389233,91,19156.474967
602.630901,1000,19174.18253
102.911291,172,19175.289651
4.162488,106,19175.942667
15.109404,86,19176.51065
62.402172,298,19178.387239
667.119501,1000,19195.493913
155.451902,291,19197.347887
99.310587,188,19198.566738
103.978199,248,19200.183923
66.752407,189,19201.419397
57.355768,262,19203.115149
539.034166,1000,19219.798394
520.084171,1000,19226.275398
496.295314,555,19229.803565
18.694926,146,19230.775934
93.404667,261,19244.064146
476.914239,1000,19250.540245
288.628221,922,19256.543037
47.093943,178,19266.374425
668.489343,1000,19272.823319
605.407958,1000,19290.270994
35.000448,88,19290.830307
50.601511,185,19292.032969
348.601987,1000,19298.597486
901.719058,1000,19314.363271
44.258445,184,19315.545438
-118.739969,433,19318.313062
-10.363176,107,19318.980843
-35.975348,110,19319.694588
42.416118,172,19320.824912
257.019958,573,19324.603202
30.724444,100,19325.216242
435.733574,910,19342.057743
17.421942,94,19342.65041
244.548046,498,19345.887743
-62.388672,244,19347.488232
175.216762,292,19349.343068
45.167032,136,19358.160416
969.543297,1000,19364.677537
-596.356775,1000,19380.094396
56.427406,138,19380.985102
446.463466,913,19386.910399
34.865763,98,19387.554229
-4.098547,57,19387.885128
29.737982,111,19388.597729
85.141115,180,19389.769273
30.181449,370,19392.147455
9.107199,157,19393.132627
24.910488,109,19406.269146
679.009484,1000,19412.71172
612.18202,1000,19431.062258
753.801365,1000,19437.565703
723.948858,1000,19444.031064
42.053275,130,19453.604431
175.877134,337,19455.811119
810.579443,1000,19462.301607
213.069891,608,19476.647036
861.800742,1000,19483.101197
257.026828,821,19488.363921
3.623124,35,19488.605758
807.185037,1000,19502.990904
1128.676255,1000,19509.513657
-136.713591,416,19522.492546
72.612357,146,19523.421763
110.560689,329,19525.576297
-10.929392,253,19527.233313
584.385333,1000,19533.821965
-82.583888,83,19534.331384
29.546556,66,19543.875185
712.942778,1000,19550.457572
42.870936,154,19551.431655
65.733114,339,19553.609837
79.991833,256,19555.262972
-113.346165,1000,19574.021222
387.935958,1000,19580.495757
555.832174,1000,19597.032467
707.03236,1000,19603.528577
634.229257,1000,19622.135033
245.994608,549,19625.830362
132.160733,268,19627.51825
53.664523,186,19628.70978
706.600048,1000,19645.432486
8.926717,133,19646.288424
775.742636,1000,19652.731514
-34.316163,70,19653.215465
119.822891,235,19654.783965
419.254355,1000,19671.802022
29.799013,79,19672.31185
-22.624321,59,19672.688145
-63.930503,78,19673.177105
711.035673,1000,19691.259162
883.694186,1000,19697.708515
112.886864,372,19700.118394
867.106969,1000,19716.461871
-545.437414,1000,19722.873453
693.31541,1000,19741.011272
199.330358,392,19743.583773
976.643447,1000,19750.044375
-162.140946,402,19764.509359
47.491615,184,19765.713344
27.826504,95,19766.352342
278.692647,654,19770.54767
35.032596,192,19771.779397
576.221053,1000,19791.253881
523.851599,1000,19797.703957
660.525922,1000,19815.51455
106.180003,247,19817.062123
827.563923,1000,19823.504683
812.302916,1000,19842.241037
987.518208,1000,19848.680936
-368.193874,1000,19865.70219
35.673918,86,19866.23031
793.39534,1000,19872.724691
618.079229,1000,19889.586486
248.844602,532,19893.013686
-251.108855,405,19895.672162
53.269654,116,19896.421253
-95.073669,1000,19912.770564
-16.436409,53,19913.079768
144.288546,325,19915.200084
80.10523,151,19916.163028
-28.828475,60,19916.551709
574.272878,1000,19922.977347
836.703381,1000,19940.261522
-31.333279,128,19941.064266
475.013575,1000,19959.068375
624.214458,1000,19965.425687
853.478702,1000,19971.815826
131.031821,317,19984.609696
864.206174,1000,19991.06771
3.52148,346,19993.306716
-1.714864,69,19993.746678
1.867146,73,19994.206416
225.028062,636,20008.835514
649.638996,1000,20015.431729
-36.532866,140,20016.321571
58.816952,261,20018.00315
165.544146,567,20031.705083
119.211133,224,20033.137904
50.79101,161,20034.194071
796.095722,1000,20040.644832
-11.437445,267,20042.407113
40.15073,297,20055.013603
-47.401395,99,20055.693209
521.402143,1000,20062.175987
31.241202,244,20063.754732
-38.510144,352,20066.014396
88.327072,221,20080.093249
105.583713,256,20081.744351
48.046253,152,20082.744985
804.205967,1000,20089.156982
-71.944104,162,20090.219236
140.525769,380,20092.691689
671.828256,1000,20110.857285
-62.703897,208,20112.219693
83.697769,240,20113.742884
9.016267,143,20114.702218
837.721214,1000,20132.504564
1183.882428,1000,20139.033398
411.971669,684,20154.995957
110.317093,498,20158.198731
302.552225,643,20162.380359
-16.181426,97,20163.018191
1039.1006,1000,20180.267766
111.683538,276,20182.090547
763.557872,1000,20188.484506
256.772531,819,20204.36182
8.663396,113,20205.097957
76.671539,371,20207.499017
-229.961312,510,20210.779502
762.064163,1000,20227.71454
127.719429,294,20229.628906
-97.843841,269,20231.377533
-101.784645,474,20234.440871
106.778551,275,20236.226507
-8.564148,115,20236.981671
322.111602,714,20251.218441
-33.029652,362,20253.559731
541.388507,1000,20260.067375
824.727754,1000,20276.499
1092.068358,1000,20282.947343
285.668856,1000,20301.145441
267.931289,1000,20307.507179
433.03709,1000,20325.028209
597.906444,1000,20331.504144
201.031786,1000,20348.935665
212.772286,711,20353.550783
71.287283,99,20354.146433
46.044594,394,20356.692451
728.277106,1000,20377.192034
-14.467628,90,20377.756725
569.129919,1000,20384.240682
490.606282,761,20398.889434
480.669302,1000,20405.408141
-330.940306,1000,20421.693043
16.510571,144,20422.617151
690.526894,1000,20429.064551
89.346885,160,20430.093243
54.357817,232,20431.617324
221.034315,329,20445.927215
43.026986,195,20447.182143
-51.063366,159,20448.259118
736.652649,1000,20454.670618
792.775765,1000,20471.673653
512.892542,678,20476.032668
-46.694397,86,20476.55637
-24.379094,70,20476.998266
1142.946666,1000,20495.735447
271.599252,490,20498.876957
929.814622,1000,20505.301336
85.519958,353,20518.338199
392.619851,1000,20524.865616
741.876981,1000,20542.729266
-35.278699,122,20543.53677
649.807643,1000,20550.012831
534.294018,1000,20569.568548
918.170886,1000,20575.958928
374.913913,1000,20595.490673
153.646567,526,20598.889517
53.556762,192,20600.13063
331.224229,1000,20606.555017
965.892431,1000,20625.400611
707.944818,1000,20631.792847
72.585025,245,20645.929699
794.757704,1000,20652.40094
504.079899,1000,20658.804947
23.724253,286,20673.463734
628.086928,1000,20679.982852
618.273839,1000,20697.774312
568.17419,1000,20704.341029
50.722641,163,20705.365411
696.264174,1000,20725.255364
93.953732,234,20726.760982
116.299509,339,20728.991678
250.900326,498,20732.222944
-95.131991,325,20734.405497
599.145965,1000,20754.357053
905.217419,1000,20760.847393
-163.282796,300,20762.81185
357.060868,1000,20782.637935
721.935127,1000,20789.128335
1.620792,702,20806.855346
1047.777494,1000,20813.280742
393.944838,1000,20832.379061
942.057249,1000,20838.852626
-5.529852,140,20839.757205
9.58436,286,20841.571943
200.28143,459,20856.868274
80.254548,198,20858.178932
143.211045,313,20860.157809
714.17775,1000,20866.572461
747.021252,1000,20885.336637
-95.974636,397,20887.926968
-139.241294,274,20889.703045
1020.906241,1000,20909.622877
-96.144995,253,20911.267864
436.227891,881,20917.049599
144.41914,1000,20937.6535
131.704945,387,20940.139636
627.068637,1000,20946.737282
260.91704,1000,20964.10452
416.014376,1000,20970.565747
33.079862,119,20971.347187
65.583273,175,20986.080745
-32.694046,80,20986.593155
732.584619,1000,20993.066399
853.626172,1000,21012.375064
792.146756,1000,21018.903621
47.229523,237,21020.448144
64.86206,146,21021.394941
1034.02756,1000,21038.992712
300.714297,1000,21045.461786
305.639731,1000,21063.631659
42.589664,202,21064.998379
412.459501,1000,21071.375815
732.163355,1000,21088.010088
468.864403,1000,21094.61849
-33.547436,92,21095.203246
988.284065,1000,21114.191233
85.132884,156,21115.201631
446.980606,1000,21121.739101
739.305852,1000,21140.015106
297.449131,1000,21146.499762
105.435672,331,21161.060104
467.168495,1000,21167.550278
237.132538,539,21171.039632
492.342227,1000,21186.93427
63.874851,226,21188.372052
-34.104283,175,21189.513687
469.839831,1000,21195.966502
-66.640442,223,21206.947695
146.504087,451,21209.88241
828.004004,1000,21216.429359
326.153952,839,21236.77221
683.124958,1000,21243.293568
128.736895,280,21245.161266
2.384001,99,21245.82094
427.554533,1000,21264.584164
1.046676,158,21265.621596
-16.373447,131,21266.44684
63.803596,769,21271.507645
724.896599,1000,21289.206207
994.916328,1000,21295.707612
704.66407,846,21313.319432
-4.423503,184,21314.532204
798.39131,1000,21321.064774
563.918038,1000,21339.00518
878.626892,1000,21345.455269
380.49353,1000,21365.18153
-42.745699,87,21365.715033
671.818074,1000,21372.101447
480.588511,1000,21392.888779
857.146998,1000,21399.365865
620.323624,1000,21417.444313
61.000701,138,21418.359783
164.792713,367,21420.721645
78.384353,192,21421.983246
50.110472,125,21422.812633
-2.165288,38,21423.067626
162.00694,315,21425.175939
772.862688,1000,21442.967195
515.618046,1000,21449.510165
44.100974,186,21450.741761
463.502296,1000,21470.363687
-111.871658,299,21472.255248
598.046482,1000,21490.377982
264.124876,1000,21496.841378
611.420927,1000,21514.565901
53.010688,193,21515.8026
-75.133557,1000,21522.262378
-118.786094,265,21523.971127
133.159489,447,21526.863255
553.701325,1000,21544.968864
921.803305,1000,21551.357267
240.879107,344,21567.202266
217.749563,317,21569.292633
-20.289516,1000,21575.869228
49.510346,150,21576.830993
158.994084,254,21578.482673
665.18796,1000,21599.337057
1.828531,159,21600.410934
19.625135,186,21601.589145
828.117171,1000,21622.944439
42.996104,353,21625.256708
786.105705,1000,21631.688351
176.913054,1000,21650.654185
187.161157,593,21654.456326
108.729763,273,21656.188772
262.513546,743,21674.718498
28.897868,320,21676.768932
701.372699,1000,21683.27343
282.746427,495,21686.432662
689.969118,1000,21706.094189
194.859832,278,21707.871747
159.00624,427,21710.64378
569.391727,1000,21730.955235
-220.043837,574,21734.671221
872.653935,1000,21741.095251
372.66873,1000,21760.556909
472.773909,1000,21767.023182
544.777192,1000,21786.40118
469.240805,1000,21792.881443
812.998899,1000,21812.333751
-33.970359,200,21813.607292
537.182027,1000,21833.034184
43.637745,402,21835.623863
-31.321247,418,21838.355673
275.449993,591,21842.160413
33.557317,156,21843.197374
194.073723,1000,21863.779396
-104.615629,353,21866.083675
484.450969,1000,21872.500197
5.768951,74,21872.961844
509.99139,1000,21893.010003
22.165911,154,21894.024226
286.939233,479,21897.099895
520.513834,1000,21915.430971
185.944767,473,21918.519297
432.038755,1000,21925.027061
602.260514,1000,21944.49124
710.483376,1000,21950.986603
205.929837,445,21967.253351
361.668772,1000,21973.739465
133.833557,215,21975.141661
374.981202,1000,21993.193114
74.592274,240,21994.820844
197.381586,285,21996.68576
-85.428081,306,21998.623292
152.98138,264,22000.363567
567.185894,1000,22017.979632
381.840854,1000,22024.559545
784.822689,1000,22046.390077
740.544293,1000,22052.852868
132.501339,296,22054.869674
764.460508,1000,22071.611049
573.803667,1000,22078.114781
380.168095,1000,22098.037914
1205.419419,1000,22104.459096
871.160578,1000,22123.585066
-18.800889,158,22124.617316
94.057667,752,22129.464933
35.357621,249,22131.101031
70.917754,136,22131.980703
482.120526,1000,22151.544142
-34.30426,209,22152.89038
524.832762,700,22157.406565
708.836069,1000,22177.548357
1068.622921,1000,22183.93565
141.950704,325,22200.168775
658.95506,1000,22206.689036
6.283625,368,22209.061596
662.940776,1000,22229.966669
78.777587,290,22231.876832
763.717582,1000,22238.386118
33.523889,78,22238.909714
624.063325,1000,22258.180483
-440.253884,1000,22264.759312
497.726203,1000,22284.941507
498.774751,1000,22291.40752
538.856756,1000,22308.785362
467.535234,1000,22315.203373
-57.853407,240,22316.751061
-33.000581,114,22317.503707
112.990907,389,22332.044201
751.401612,1000,22338.579215
444.751022,1000,22358.568504
56.012423,219,22359.992363
355.990557,1000,22366.438813
-28.277906,152,22367.46928
6.313748,346,22369.665196
309.04766,1000,22388.334059
770.03524,1000,22394.747454
22.328778,98,22395.408915
-94.021061,253,22408.870299
671.172747,1000,22415.388649
81.769533,1000,22436.259083
1250.961589,1000,22442.703578
26.420368,130,22443.568367
840.739378,1000,22460.646641
498.171329,1000,22467.169945
145.053632,474,22470.208626
233.020827,1000,22491.57044
386.819727,1000,22498.025639
88.58794,180,22499.15722
995.735603,1000,22516.084787
503.962959,1000,22522.514675
517.416853,1000,22541.373999
-31.272319,64,22541.781944
602.346556,1000,22548.268347
189.444254,324,22561.495536
-5.684439,1000,22568.011174
304.328267,498,22571.158601
416.322544,1000,22585.663149
822.779587,1000,22592.101074
619.013206,1000,22610.877675
-33.855259,305,22612.829242
885.874692,1000,22619.333
579.319606,1000,22634.485568
48.597333,255,22636.127261
532.433594,1000,22642.532071
554.925033,1000,22658.895653
36.076887,140,22659.816517
913.624515,1000,22676.497265
42.252149,149,22677.49065
370.268271,796,22682.560661
971.669389,1000,22689.074391
935.035602,1000,22707.034596
20.887513,284,22708.88746
482.603757,1000,22727.957102
931.090323,1000,22734.351339
41.98284,327,22736.45982
34.566167,1000,22754.83977
1236.830614,1000,22761.224033
88.379046,295,22763.139455
859.599994,1000,22782.755444
474.167787,1000,22789.214072
720.692917,1000,22807.553425
50.741705,214,22808.919531
73.572535,216,22810.332467
943.615942,1000,22828.160353
742.895352,1000,22834.798169
535.72943,1000,22841.223614
699.966975,1000,22858.689931
644.302824,1000,22865.262714
838.127817,1000,22886.707554
774.225158,1000,22893.242672
752.803584,1000,22912.717506
558.110904,1000,22919.117741
48.906788,279,22932.232223
402.726066,1000,22938.6605
268.508241,1000,22958.927116
207.698566,1000,22965.37078
70.195767,148,22966.366527
-386.517925,1000,22986.118842
268.645401,298,22988.052484
1104.391184,1000,22994.550456
54.901707,192,22995.793507
82.968276,561,23010.303778
381.020911,1000,23016.812162
544.992933,1000,23035.667385
811.211789,1000,23042.084956
627.797796,1000,23061.308817
630.726908,1000,23067.817298
74.736319,218,23069.184798
78.171857,248,23070.765894
-28.47177,154,23071.725845
380.302255,1000,23086.685673
82.615461,223,23088.092428
426.031024,1000,23094.530586
-34.555636,137,23095.397224
270.668548,735,23109.625971
750.251029,1000,23116.001595
621.39894,1000,23132.849396
627.340392,1000,23139.344234
99.954003,332,23141.501293
45.727726,152,23154.909736
180.19263,1000,23161.327255
-42.584259,149,23162.279493
108.738298,216,23163.630714
721.349893,1000,23181.146148
556.486534,1000,23187.633492
80.182439,1000,23206.526219
380.017074,1000,23213.038762
522.889302,1000,23233.240157
392.789158,1000,23239.684178
419.776655,1000,23261.241252
289.811303,1000,23267.650731
426.770894,969,23287.143126
295.397369,1000,23293.561013
30.403778,92,23294.159613
775.40869,1000,23313.686032
73.654355,199,23315.069779
478.59197,1000,23321.49122
949.279439,1000,23338.899241
381.642736,1000,23345.433176
50.199696,201,23346.713645
564.801879,1000,23363.659736
924.077643,1000,23370.097689
102.532602,321,23372.15343
424.567096,1000,23386.686003
647.021467,1000,23393.216882
366.470201,1000,23412.485965
115.317851,233,23413.987197
71.606321,388,23416.430302
57.705276,208,23417.739904
350.460176,1000,23434.863246
772.071713,1000,23441.280858
-15.704646,424,23444.002256
723.742857,1000,23462.189783
664.135694,1000,23468.693118
5.278022,98,23469.306432
-75.808296,1000,23486.046616
590.89089,1000,23492.409277
273.417248,608,23510.536973
139.282705,1000,23517.027396
167.04646,248,23518.628267
965.124165,1000,23534.369546
919.554075,1000,23540.772985
768.367205,1000,23560.138896
23.025957,137,23561.012662
800.679552,1000,23567.501063
432.154928,1000,23585.566171
-77.59707,258,23587.22275
107.484085,288,23589.040436
604.696394,1000,23609.051558
-21.999713,249,23610.671985
651.108813,770,23615.649967
-323.372959,793,23632.603297
64.915436,149,23633.550118
-21.635728,77,23634.083832
75.906146,225,23635.489238
-112.135084,1000,23641.939983
544.945704,1000,23660.242554
515.20445,1000,23666.654052
91.547094,235,23668.17078
282.899804,1000,23686.720233
811.952226,1000,23693.163267
528.564507,1000,23712.370363
734.937566,1000,23718.783028
518.111822,1000,23736.161206
508.064678,1000,23742.57561
306.361402,1000,23758.512686
673.765125,1000,23765.092861
42.128575,1000,23784.283618
747.163859,1000,23790.702826
163.239336,299,23792.613004
166.325781,339,23803.939443
58.889703,160,23804.950911
470.405561,1000,23811.388257
40.826844,178,23812.557855
862.043061,1000,23829.940643
516.100156,1000,23836.416679
854.959228,1000,23855.544851
75.879067,197,23856.803675
651.12967,1000,23863.180644
652.726193,1000,23881.11708
997.628341,1000,23887.667783
1215.421191,1000,23905.577604
231.237028,689,23910.008103
-82.096328,297,23911.919749
-41.064621,90,23912.475244
502.483047,1000,23930.467461
309.67758,1000,23936.830658
-136.589483,266,23938.537877
316.513946,327,23940.669527
154.590208,399,23956.666734
-113.031416,527,23960.047376
93.251698,292,23961.928984
95.155126,204,23963.233916
832.95105,1000,23981.511283
-64.72498,80,23982.063799
-52.680447,356,23984.414878
732.427873,1000,23990.849361
-85.344746,145,23991.79921
13.121216,272,24009.260289
398.031498,1000,24015.739748
61.115499,169,24016.830388
-182.995942,1000,24033.758981
74.915097,183,24035.04038
100.289427,183,24036.218182
-114.567002,209,24037.546752
773.641849,1000,24044.041455
612.449269,1000,24060.996447
48.26697,154,24061.992355
743.317863,1000,24068.440308
73.768369,257,24078.320899
215.934217,1000,24084.765918
42.376236,173,24085.906575
106.810541,318,24087.953315
85.930617,231,24089.417208
558.677423,1000,24107.582235
796.931271,1000,24114.03794
517.697384,1000,24130.921938
1016.034418,1000,24137.297895
-243.80551,1000,24154.663732
101.133334,313,24156.63599
284.709504,1000,24163.092016
-40.025916,152,24176.297409
552.128179,1000,24182.801079
251.640717,1000,24202.632368
60.384301,162,24203.67975
-22.312709,287,24205.574244
56.218322,211,24206.935653
79.000615,233,24208.470022
828.373123,1000,24214.97909
556.836737,1000,24234.818484
188.487065,507,24238.067614
55.210923,241,24239.636676
315.046955,1000,24257.776196
398.821651,1000,24264.210741
792.499915,1000,24283.38887
56.029793,1000,24289.824943
76.421307,351,24292.085013
146.432831,420,24309.496133
-114.119823,1000,24315.897337
106.978667,222,24317.312153
-65.675515,234,24318.826003
913.910506,1000,24339.345904
900.513422,1000,24345.753292
37.831742,154,24346.761736
129.329655,321,24362.581995
25.985457,178,24363.682268
167.508371,370,24366.165997
640.480771,1000,24372.496833
372.087456,1000,24390.49637
356.157236,1000,24397.05013
98.345828,1000,24417.354249
179.170766,351,24419.584914
41.950493,98,24420.248001
713.449098,1000,24426.711387
732.7258,1000,24447.273673
692.26419,1000,24453.716356
1194.375881,1000,24473.504809
683.337423,1000,24479.990509
815.208719,1000,24501.206588
499.091448,1000,24507.633559
-45.231093,274,24521.366748
-138.044785,338,24523.550863
167.484172,460,24526.515571
62.531277,194,24527.763225
602.757054,1000,24544.606627
421.612418,1000,24551.08998
969.844451,1000,24568.214432
733.095306,1000,24574.769627
405.496765,1000,24581.238423
985.404905,1000,24600.910202
563.774025,1000,24607.37347
-26.0667,1000,24626.887943
831.36883,1000,24633.357181
719.284718,1000,24653.618683
231.086461,988,24659.918648
65.373976,195,24661.170217
776.049018,1000,24682.333548
97.790568,1000,24688.729481
107.508576,337,24705.78356
703.429513,1000,24712.158625
1183.876181,1000,24731.159666
364.151271,1000,24737.598964
289.626106,1000,24760.413024
459.501107,1000,24766.7881
520.345173,1000,24787.962577
154.437122,292,24789.827607
-130.257562,384,24792.277036
446.346757,1000,24798.653671
25.411004,144,24799.561271
613.078875,1000,24820.137113
526.146332,1000,24826.526461
598.580629,1000,24847.524383
109.849374,610,24851.480471
-50.563565,53,24851.786243
591.897223,1000,24873.570366
868.660526,1000,24880.095689
578.482394,1000,24899.781179
730.491221,1000,24906.282051
122.773333,726,24924.987997
209.683903,1000,24931.414524
830.01888,1000,24953.589571
311.529504,1000,24959.999698
587.533533,1000,24983.272354
506.966162,1000,24989.668353
89.695741,237,24991.197926
761.438764,1000,25012.632241
-649.498636,1000,25018.977556
-216.746371,472,25022.019232
470.720683,1000,25040.877035
831.496562,1000,25047.242304
856.579,1000,25069.243901
52.08001,1000,25075.684854
138.59464,505,25092.140885
597.368579,1000,25098.513411
410.437755,1000,25104.869343
676.545051,1000,25126.06555
678.144931,1000,25132.441813
1059.233088,1000,25154.806586
-72.940684,238,25156.316967
726.590496,1000,25176.327311
147.637226,466,25179.348655
259.588826,537,25182.820185
161.39821,368,25185.187618
332.142531,1000,25207.046196
601.768919,1000,25213.390807
829.657901,1000,25234.145249
649.446747,1000,25240.686851
110.073163,327,25242.751561
137.885198,204,25244.028128
920.813042,1000,25264.754023
1123.732411,1000,25271.16105
623.512398,1000,25290.810402
696.069216,1000,25297.280643
1081.093318,1000,25317.588525
65.406928,1000,25323.985519
-45.109357,142,25324.982259
-309.653913,1000,25344.091136
462.816134,1000,25350.510449
267.647819,746,25370.254139
413.038103,1000,25376.649013
76.519612,189,25377.869532
-64.410899,691,25397.41638
898.057718,1000,25403.798403
952.018454,1000,25424.330925
590.606205,1000,25430.752712
415.769143,781,25450.181276
31.917675,264,25451.89148
658.313606,1000,25458.348751
795.84209,1000,25478.285736
315.692404,791,25483.338021
326.192112,1000,25504.609119
654.028138,1000,25511.099976
304.081016,350,25513.370639
11.560226,152,25514.334136
329.674915,1000,25534.173748
75.433542,274,25536.028504
578.810055,1000,25542.411926
59.236523,154,25543.421145
734.761028,1000,25564.325729
739.15675,1000,25570.742222
526.82581,1000,25590.367816
171.531727,619,25594.312339
915.135464,1000,25611.609998
602.038627,1000,25618.051843
648.338981,1000,25636.29245
789.641871,1000,25642.686195
192.461897,355,25644.902269
45.681818,207,25646.243046
98.787418,228,25662.799493
612.77663,1000,25669.254455
-713.964267,1000,25688.544108
592.180573,821,25693.788601
21.039748,1000,25700.156785
91.324553,291,25715.788342
719.563833,1000,25722.185651
626.542055,1000,25742.957388
86.159509,1000,25749.439973
181.316732,1000,25770.651822
144.211746,359,25772.980514
578.450933,1000,25779.451314
239.882205,538,25782.903696
833.574825,1000,25803.638288
10.294799,134,25804.483016
428.564838,1000,25810.950371
749.012795,1000,25828.434283
1138.380547,1000,25834.800571
610.178928,1000,25857.320536
778.597342,1000,25863.701323
519.558578,1000,25884.754678
113.312477,359,25887.069597
648.678035,1000,25906.52744
549.605412,1000,25912.925525
64.29836,592,25916.694757
-513.950292,1000,25936.525959
373.956348,1000,25942.962743
-10.57194,351,25960.075348
38.576924,856,25965.506649
476.987717,1000,25971.894866
772.08415,1000,25992.91286
1042.022625,1000,25999.326742
754.27908,1000,26018.435693
1082.803008,1000,26024.763064
0.497129,1000,26043.987033
971.839509,1000,26050.431871
911.269422,1000,26070.259361
85.59502,213,26071.639663
36.007408,205,26072.932796
768.678319,1000,26090.589675
89.167023,317,26092.585422
462.25573,1000,26098.97286
728.326326,1000,26118.420528
-61.797962,93,26119.000313
108.251871,760,26123.857092
-29.535923,154,26124.828514
946.903527,1000,26144.034392
154.676745,1000,26150.388519
5.853262,140,26151.261971
161.227909,264,26152.91968
748.238676,1000,26173.212703
516.213692,1000,26179.6467
434.229022,1000,26201.53029
56.164765,240,26203.109524
-217.805179,1000,26209.496822
749.77134,1000,26231.246388
722.954397,1000,26237.712887
314.024722,1000,26260.32137
730.43368,1000,26266.727952
773.070431,1000,26287.71365
823.850796,1000,26294.065058
61.821088,302,26295.986628
493.214674,1000,26318.989662
781.207703,1000,26325.327193
-178.656241,494,26341.774176
40.446073,203,26343.09397
203.291606,1000,26349.571184
895.424579,1000,26370.598279
896.983826,1000,26377.061901
654.548189,1000,26397.445916
218.084575,513,26400.734585
279.338712,1000,26407.201305
524.188482,1000,26426.586623
803.763778,1000,26432.937778
-44.290451,143,26449.938097
112.542757,250,26451.504641
1070.963064,1000,26457.868242
643.939279,1000,26478.298222
1000.473227,1000,26484.740056
75.364723,230,26486.224118
753.371636,1000,26507.192381
0.830694,156,26508.181437
661.664026,1000,26514.618858
791.3979,1000,26536.600157
900.720401,1000,26542.990581
351.657489,1000,26564.667343
485.175568,1000,26571.094934
508.578422,1000,26589.981611
28.045818,269,26591.722985
531.591907,1000,26598.140843
967.878165,1000,26619.670882
-164.929531,242,26621.223527
61.982086,155,26622.198884
577.69428,1000,26643.026553
115.967032,251,26644.624998
815.829679,1000,26651.072278
82.821442,591,26654.794441
497.357265,1000,26674.902839
612.625623,1000,26681.345234
468.129501,1000,26701.048723
49.294513,222,26702.417428
666.664579,1000,26708.891262
-8.61681,186,26725.648429
-1.490962,413,26728.291579
455.629103,1000,26734.65249
103.620732,266,26736.452529
-81.441711,262,26751.965237
684.709702,1000,26758.344477
917.290533,1000,26764.656523
612.377704,1000,26785.189517
1238.385566,1000,26791.564047
912.4279,1000,26811.885766
584.927758,1000,26818.278235
339.663085,665,26837.188905
444.089444,1000,26843.546074
560.860959,1000,26863.785751
185.710083,1000,26870.171277
745.457533,1000,26889.317918
-87.290834,114,26889.999185
-393.988632,1000,26896.383278
591.965822,1000,26916.618488
84.520189,191,26917.850543
-151.971418,998,26924.187978
601.98735,1000,26943.836278
198.251411,1000,26950.292786
755.736895,1000,26970.579973
-688.357054,1000,26977.069594
957.865127,1000,26997.469647
388.316829,1000,27003.76613
614.717225,1000,27024.303487
899.457694,1000,27030.613853
164.168527,1000,27049.9104
838.253572,1000,27056.231483
373.097947,1000,27076.507849
12.130477,204,27077.778523
29.832242,267,27079.4681
26.080066,1000,27085.860858
927.587997,1000,27106.384774
474.546508,1000,27112.72881
763.757109,1000,27131.563568
992.78421,1000,27137.956616
711.731147,1000,27160.159252
408.385597,988,27166.455839
351.67038,1000,27187.515671
651.662595,1000,27193.907979
3.228701,287,27195.703501
801.7229,1000,27215.823731
251.650864,1000,27222.115382
360.640486,1000,27239.994733
1123.996114,1000,27246.492567
995.2365,1000,27266.766484
837.552821,1000,27273.139565
739.080296,1000,27293.188715
141.334903,459,27296.09957
716.69335,1000,27318.892381
58.889852,238,27320.373197
446.772192,1000,27326.748432
-300.174756,1000,27348.417623
-16.239121,232,27349.881705
75.856231,206,27351.189762
265.751819,616,27355.154713
904.387599,1000,27375.602988
48.438877,319,27377.659554
64.318877,202,27378.951186
566.289616,1000,27385.367761
690.759024,1000,27407.130421
156.438459,428,27409.895763
-47.247893,278,27411.641038
-61.122385,248,27413.22338
593.502459,1000,27433.282612
96.996524,220,27434.663357
-40.00045,74,27435.13183
926.401079,1000,27455.599155
932.143236,1000,27461.928432
897.281756,1000,27468.259935
825.552633,1000,27488.843826
463.942556,1000,27495.179324
779.166058,1000,27516.080537
19.47188,94,27516.65852
694.58219,1000,27523.037679
563.754083,1000,27541.28097
-89.298119,299,27543.148028
101.583568,263,27544.832526
-63.678834,207,27546.298746
724.639794,1000,27566.280668
350.092163,1000,27572.608573
747.77846,1000,27593.26582
511.926905,1000,27599.678832
763.016857,1000,27618.208273
876.60028,1000,27624.601394
516.4023,1000,27643.379213
896.195078,1000,27649.773598
1004.982343,1000,27669.177087
494.8915,1000,27675.576634
-39.738105,269,27677.289007
823.958206,1000,27698.369656
595.461904,1000,27704.65554
968.174406,1000,27726.150488
555.698498,1000,27732.526865
746.202393,1000,27751.868596
715.3919,1000,27758.344389
536.893129,1000,27780.504304
383.166388,1000,27787.011825
347.316599,949,27806.892136
557.697262,1000,27813.212779
469.645291,1000,27833.630384
823.685895,1000,27839.975261
801.000766,1000,27860.331312
422.811532,798,27865.472474
-121.143082,392,27867.965618
1233.101537,1000,27888.255906
840.160771,1000,27894.589527
21.294919,166,27895.692985
51.237496,93,27896.277749
35.838115,212,27897.6693
323.670819,544,27914.35362
816.528612,1000,27920.743551
540.242631,1000,27940.512144
1150.969955,1000,27946.897326
197.855819,644,27967.022197
751.420979,1000,27973.431656
89.19722,182,27974.56327
842.628403,1000,27996.241615
994.287111,1000,28002.61853
237.881097,372,28005.012225
607.59627,1000,28024.063412
-196.230044,1000,28030.500567
283.607667,1000,28050.426547
1206.900588,1000,28056.882737
863.211891,1000,28077.834031
786.004827,1000,28084.109727
131.730894,348,28086.41355
568.218426,1000,28107.673378
-4.958808,87,28108.245087
2.382729,126,28109.044129
1099.195672,1000,28115.417426
-33.736381,521,28134.645466
671.434537,1000,28141.014945
-73.553646,200,28142.279412
500.366546,1000,28161.477394
-552.390818,1000,28167.848006
1006.046807,1000,28188.937533
567.049292,1000,28195.282757
692.054742,1000,28215.148527
966.55624,1000,28221.548237
661.216662,1000,28240.626465
90.095488,163,28241.624327
764.810277,1000,28247.949715
917.805175,1000,28268.857059
1135.685465,1000,28275.201462
798.012822,1000,28295.626406
99.90816,384,28298.072439
40.499406,1000,28304.434804
-1.337168,177,28305.576549
712.604805,1000,28327.253828
749.036711,1000,28333.600885
767.942117,1000,28353.923891
543.110113,1000,28360.380552
99.632998,466,28376.520215
633.491742,1000,28382.811906
30.187759,198,28384.094095
780.535905,1000,28404.615004
473.477122,1000,28411.030212
129.703473,229,28412.483257
723.018247,1000,28433.603157
683.992512,1000,28439.998149
732.938293,1000,28461.141139
847.949736,1000,28467.522298
713.337918,1000,28487.392422
33.224486,229,28488.872916
-66.825388,80,28489.395005
89.735231,145,28490.372496
-1.57419,174,28491.438649
79.412382,214,28492.793796
682.819582,1000,28514.061959
315.066067,1000,28520.454181
741.843613,1000,28538.867651
615.924987,1000,28545.161046
717.141567,1000,28566.970845
657.333937,1000,28573.245644
-21.859333,129,28574.052851
-367.098189,1000,28593.740692
522.985533,1000,28600.214026
76.897572,1000,28621.410929
788.38798,1000,28627.968814
77.209021,240,28629.523575
971.254179,1000,28650.346243
859.874299,1000,28656.793865
437.878745,1000,28677.896083
501.027404,1000,28684.2866
766.225855,1000,28700.458363
514.380217,1000,28706.821608
-15.435865,144,28707.772623
476.855017,1000,28729.094051
775.725531,1000,28735.582051
515.261959,1000,28755.214924
583.927132,1000,28761.583875
970.055098,1000,28783.138312
348.650738,1000,28789.481828
125.494166,218,28790.884519
311.274827,1000,28809.536035
301.587997,1000,28815.918681
-363.323507,494,28833.416556
526.255731,1000,28839.849738
852.235194,1000,28846.219646
1045.737665,1000,28866.1994
369.519334,1000,28872.587761
446.994596,1000,28892.549465
758.183053,1000,28899.007574
602.481095,1000,28919.194424
110.582807,266,28920.890097
227.260554,368,28923.2816
-126.862782,1000,28943.949592
970.639165,1000,28950.264372
1284.642982,1000,28972.580298
-36.741278,192,28973.831993
1256.4372,1000,28980.240183
810.94017,1000,28999.818822
791.204289,1000,29006.219109
1042.825794,1000,29027.039028
677.727027,1000,29033.438766
241.508668,387,29035.922889
590.6584,1000,29057.645569
529.219758,1000,29064.012042
-75.123422,401,29080.876889
104.407046,264,29082.563828
181.849663,1000,29088.876277
871.24698,1000,29108.680711
513.971726,1000,29115.083061
-43.159219,1000,29135.385127
927.962101,1000,29141.804013
595.005295,1000,29161.568084
538.187155,1000,29168.109616
368.98062,1000,29187.010845
834.230602,1000,29193.3462
861.440038,1000,29215.696271
652.022031,1000,29222.08949
53.531896,186,29223.282344
782.571165,1000,29243.641805
141.922313,309,29245.615419
848.177338,1000,29252.001755
670.259769,1000,29271.963103
934.573139,1000,29278.317783
413.823321,1000,29300.55451
-38.41872,153,29301.575219
916.198465,1000,29307.896894
504.546449,1000,29329.967709
99.832458,1000,29336.306378
33.44515,205,29337.602007
782.544791,1000,29359.520491
935.535887,1000,29365.864567
732.972345,1000,29385.245965
904.648415,1000,29391.557586
124.728436,361,29406.480781
615.285824,1000,29412.856332
-345.251703,1000,29432.466887
1021.205421,1000,29438.91176
825.82496,1000,29460.71519
623.885111,1000,29467.137501
605.422162,1000,29473.461277
63.183677,223,29489.664571
78.840526,259,29491.306782
70.351836,1000,29497.733514
710.160226,1000,29520.768919
326.09888,1000,29527.189236
843.816062,1000,29546.94043
393.63187,1000,29553.256199
98.433957,209,29554.615317
343.522916,1000,29575.54869
937.522642,1000,29581.863426
794.037708,1000,29603.370333
704.693153,1000,29609.67654
424.315647,1000,29631.541022
885.338798,1000,29637.839077
-412.807551,1000,29657.835346
488.798708,1000,29664.233352
-49.926356,181,29665.395106
30.785257,126,29666.185677
600.68076,1000,29687.744349
962.262142,1000,29694.085433
133.687809,300,29695.985588
-26.063934,444,29712.948224
395.71593,1000,29719.259207
1056.654748,1000,29740.873805
615.677324,1000,29747.224967
275.748125,635,29751.252028
420.722092,1000,29773.606237
835.75152,1000,29779.916748
-219.372252,626,29798.684228
737.675424,1000,29805.039643
-157.855831,1000,29825.197345
416.991622,1000,29831.661937
809.223384,1000,29851.734623
-86.523728,274,29853.507864
739.375038,1000,29859.988296
-51.801064,337,29862.100825
617.321532,1000,29884.58001
55.792131,107,29885.216463
601.079031,1000,29891.644295
582.573246,1000,29913.101217
472.38661,535,29916.591877
-790.552389,1000,29937.410915
42.398421,335,29939.589004
543.618224,1000,29945.975136
594.537629,1000,29967.61778
729.657696,1000,29973.947201
988.423532,1000,29996.25077
74.124623,1000,30002.607718
315.430763,1000,30024.736739
539.58345,1000,30031.088028
210.209067,434,30048.773975
609.074572,1000,30055.150735
825.986899,1000,30061.460075
491.730563,1000,30082.639711
122.154571,277,30084.405656
268.270521,1000,30105.620606
872.593906,1000,30111.941788
31.603197,135,30112.807507
475.054028,1000,30135.295458
421.830932,490,30138.398354
714.162769,1000,30144.726053
789.803172,1000,30165.682752
73.170504,286,30167.476897
980.302068,1000,30173.842006
352.978247,1000,30195.10045
513.662235,1000,30201.414305
325.919912,1000,30222.192706
711.658089,1000,30228.557513
253.729764,1000,30250.647105
630.855044,1000,30257.033629
211.434811,265,30272.870068
97.923055,282,30274.656551
88.157721,547,30278.225842
15.195599,327,30280.317661
-136.06503,203,30281.605171
5.690081,230,30283.09759
665.617953,1000,30302.669734
1004.224549,1000,30309.098022
56.36852,223,30310.486212
60.829906,263,30325.289676
-37.618983,262,30326.98299
744.34298,1000,30333.347576
84.980201,171,30334.452137
721.442528,1000,30353.968154
140.114828,323,30356.049456
466.802514,1000,30362.385961
350.328959,1000,30383.161866
173.057972,1000,30389.493008
781.802346,1000,30411.389863
804.523302,1000,30417.804733
484.386997,1000,30440.640041
826.503296,1000,30447.023464
516.337844,1000,30468.68051
857.377109,1000,30474.946262
745.420186,1000,30495.610921
478.062162,1000,30502.015531
424.530617,1000,30523.259939
651.969354,1000,30529.692336
795.166468,1000,30551.385661
-76.246161,1000,30557.740579
691.224175,1000,30578.269563
802.513723,1000,30584.600072
399.00826,1000,30605.664898
880.25433,1000,30612.09497
1004.468523,1000,30634.196559
983.645644,1000,30640.706081
828.143761,1000,30660.172808
296.237186,1000,30666.639232
28.204281,372,30669.008039
939.899554,1000,30688.381177
566.51099,1000,30694.771391
803.418449,1000,30715.219754
507.559339,1000,30721.555916
-63.174789,368,30723.923788
673.933545,1000,30745.89351
234.959904,554,30749.386106
51.803869,1000,30771.835655
653.532873,1000,30778.280408
130.504972,187,30779.489174
823.684041,1000,30800.250266
944.742503,1000,30806.642371
-20.326882,274,30808.403089
759.702672,1000,30830.06359
356.082888,1000,30836.384058
674.324546,1000,30857.26653
764.096806,1000,30863.647
820.886174,1000,30885.731561
-24.979425,281,30887.553524
508.808135,1000,30893.900593
773.401697,1000,30915.979115
451.133731,1000,30922.273367
345.999142,1000,30943.538395
690.013023,1000,30949.88131
140.17945,346,30967.733604
998.330617,1000,30974.116608
736.546202,1000,30994.505649
673.315868,1000,31000.969036
460.600074,1000,31022.762233
840.535614,1000,31029.238041
479.897731,1000,31035.60924
1016.667775,1000,31056.958739
499.492237,1000,31063.256448
504.308742,1000,31083.102345
-650.567276,1000,31089.510188
762.679663,1000,31111.536049
24.406641,509,31114.802999
914.578926,1000,31135.606976
18.28649,1000,31141.996485
226.096098,1000,31162.476154
-282.534622,1000,31168.843152
954.437848,1000,31190.35904
688.807959,1000,31196.738091
20.140069,288,31198.561994
753.399336,1000,31219.652699
624.983069,1000,31226.073029
788.76536,1000,31246.886998
22.489588,227,31248.358818
722.023,1000,31254.663539
706.450472,1000,31275.246568
1128.108323,1000,31281.624689
121.915179,328,31283.712438
620.438279,1000,31304.186892
149.589666,1000,31310.596006
607.729275,1000,31331.182388
1031.479871,1000,31337.492256
72.197463,265,31351.069889
519.413005,710,31355.564836
964.744189,1000,31362.009616
420.280171,1000,31383.203125
1015.752993,1000,31389.608886
111.242966,375,31407.617694
446.276181,553,31411.166462
700.819951,1000,31417.574535
767.498672,1000,31437.200485
773.733756,1000,31443.604399
285.215705,641,31463.994298
-144.149871,371,31466.315134
728.973386,1000,31472.721948
403.826994,1000,31495.505863
851.828416,1000,31501.905691
1040.51517,1000,31523.956087
226.711055,1000,31530.359969
738.6837,1000,31551.451668
649.335333,1000,31557.823118
237.240576,731,31578.650634
867.905632,1000,31585.006615
488.87502,1000,31591.317402
874.513885,1000,31611.990858
849.594217,1000,31618.421352
529.573078,1000,31640.183119
23.506936,329,31642.273584
-40.162716,414,31644.938742
130.620373,336,31647.059821
868.522933,1000,31669.568958
824.901859,1000,31675.879104
718.211182,1000,31697.644415
706.676129,1000,31703.986129
40.85645,158,31719.690851
647.721942,1000,31726.013258
137.625448,215,31727.371336
976.999042,1000,31748.328191
-58.643731,116,31749.069475
732.427477,1000,31755.40408
213.971918,398,31757.93919
62.980712,200,31759.227247
-311.004531,1000,31778.252175
563.236648,1000,31784.607405
-43.697692,66,31785.01371
280.916517,1000,31805.172724
614.875207,1000,31811.637271
0.583864,205,31826.766078
290.703702,325,31828.864096
787.892821,1000,31835.278383
95.730009,321,31837.424884
927.261023,1000,31857.674172
803.217306,1000,31863.971185
213.836395,305,31865.972466
899.196553,1000,31886.011191
295.760258,564,31889.563412
394.567247,1000,31908.890732
-130.98278,1000,31915.261616
555.795381,1000,31934.686043
244.881687,1000,31941.067168
397.574305,1000,31962.113967
733.537595,1000,31968.411332
319.549968,1000,31989.441408
-36.008152,240,31990.97999
988.587315,1000,31997.274638
879.341733,1000,32016.720064
366.168014,1000,32023.010362
458.13656,584,32040.711504
397.088447,1000,32047.200453
163.059943,1000,32053.540692
633.191179,1000,32074.532825
-40.081261,1000,32081.008641
-188.290624,1000,32101.108012
591.477823,1000,32107.495996
255.466487,1000,32128.41766
835.452119,1000,32134.821357
865.320803,1000,32156.106241
918.869703,1000,32162.443334
-377.256089,1000,32184.467944
-659.972696,1000,32190.804378
665.878099,1000,32212.367243
717.089127,1000,32218.73711
822.561375,1000,32240.809294
445.282446,1000,32247.165455
81.319684,179,32248.261409
382.44607,1000,32269.113746
517.71386,1000,32275.501703
866.290882,1000,32296.777611
595.329798,1000,32303.130224
73.448918,1000,32325.406223
1081.214865,1000,32331.716594
192.863584,693,32349.263188
163.034463,605,32353.089602
-12.916633,124,32353.872294
905.312479,1000,32374.171748
641.088551,1000,32380.67787
105.938403,1000,32387.04988
1113.086863,1000,32407.145413
296.134323,320,32409.190952
799.546986,1000,32431.159779
104.235235,1000,32437.668946
718.804374,1000,32458.673213
805.677899,1000,32465.067685
285.096772,1000,32483.680479
1022.067396,1000,32490.073261
677.624344,1000,32510.355228
408.038311,1000,32516.769573
626.00818,1000,32536.405797
649.42425,1000,32542.844306
-4.575985,172,32543.92848
408.448387,1000,32563.106286
-100.642821,1000,32569.50388
632.226765,1000,32589.489352
-13.193572,59,32589.881473
36.692618,1000,32596.23965
98.103683,215,32597.627929
630.258736,1000,32616.923714
620.003182,1000,32623.237471
193.332887,1000,32642.720799
883.929108,1000,32649.210761
-43.582868,126,32650.020368
-69.058805,456,32652.872809
127.51154,608,32669.971426
730.321037,1000,32676.395066
-162.156633,428,32679.141918
671.676905,1000,32700.623833
353.266428,1000,32707.010112
69.109044,207,32708.310896
700.918669,1000,32726.35621
-43.263945,169,32727.436554
505.576993,1000,32747.753937
68.997405,219,32749.161163
59.309912,200,32750.428054
483.164036,1000,32756.791508
636.425112,1000,32777.946275
333.275351,1000,32784.303721
491.131475,1000,32805.773074
873.355886,1000,32812.130116
-50.69638,187,32813.308632
251.233165,1000,32832.771726
791.26645,1000,32839.142587
861.732043,1000,32858.117735
891.851433,1000,32864.521976
724.401356,1000,32885.902811
982.251966,1000,32892.372384
698.194885,1000,32912.997722
515.726652,1000,32919.486209
953.217602,1000,32941.841768
104.657462,251,32943.431191
750.04034,1000,32949.886213
640.612138,1000,32969.737599
-18.819465,270,32971.442902
212.152659,1000,32977.889621
487.875667,1000,32999.37163
-114.018936,294,33001.270203
469.422409,1000,33022.307477
256.691695,1000,33028.665357
1114.75261,1000,33049.606563
525.756999,1000,33055.982341
518.917261,1000,33062.305051
439.520836,1000,33082.555389
1138.272772,1000,33088.925845
-91.287167,274,33105.052779
-96.498303,1000,33111.4354
786.877484,1000,33128.851984
181.342513,347,33131.027986
665.52701,1000,33137.393013
670.41415,1000,33157.33672
71.509091,998,33163.676211
582.333178,1000,33182.2647
892.898296,1000,33188.714694
-129.366159,249,33190.307774
606.55555,1000,33209.490719
526.69023,1000,33215.863749
671.74195,1000,33235.683995
-4.211462,377,33238.096267
672.749827,1000,33244.476588
447.179499,1000,33266.004237
-46.021053,1000,33272.337298
635.614579,1000,33292.685704
-80.86411,246,33294.268212
105.863808,223,33295.714695
122.921611,345,33297.914049
757.372,1000,33317.768642
94.776027,158,33318.746654
-110.648742,395,33321.230102
887.309275,1000,33343.164868
467.47498,1000,33349.553136
99.978457,591,33353.327754
908.815986,1000,33374.62249
32.645214,197,33375.913146
590.149965,1000,33382.25307
77.741568,171,33383.357908
-378.130433,1000,33403.744328
448.250913,1000,33410.113549
139.569193,267,33427.39225
-56.619471,58,33427.759638
935.309307,1000,33434.077373
581.657585,1000,33454.257658
589.895717,1000,33460.666567
686.589454,1000,33481.912728
667.464211,1000,33488.3644
608.339782,1000,33510.322941
627.673201,1000,33516.711974
975.718953,1000,33535.908106
816.489974,1000,33542.311178
60.360316,682,33546.668274
823.911444,1000,33567.838744
785.345457,1000,33574.231425
756.096047,1000,33596.645609
-26.71314,375,33599.058517
625.867553,1000,33605.415137
283.293235,1000,33626.244379
245.688182,848,33631.679924
-26.124369,1000,33652.887836
784.248014,1000,33659.321739
825.766028,1000,33681.720263
904.561793,1000,33688.034475
728.316552,1000,33710.442027
120.139144,541,33713.876978
-48.059356,1000,33735.070188
742.05096,1000,33741.410273
699.580294,1000,33760.666333
692.911811,1000,33767.036725
778.963377,1000,33788.975768
-0.138246,318,33791.003695
1120.86958,1000,33797.323982
600.164254,1000,33819.217558
-150.500653,421,33821.868033
392.432693,612,33825.784523
954.585759,1000,33847.240155
489.307564,1000,33853.643796
19.725808,214,33854.969784
794.54725,1000,33875.681117
715.286833,1000,33882.17338
883.706697,1000,33903.013069
759.429827,1000,33909.487607
794.279942,1000,33930.27457
701.114541,1000,33936.724534
812.345782,1000,33957.933926
2.247126,1000,33964.282491
523.382081,1000,33983.80871
694.647636,1000,33990.13093
83.900049,257,33991.765034
468.438941,1000,34014.110736
665.937672,1000,34020.449225
-125.371603,428,34023.191265
1048.123333,1000,34045.042238
1141.379516,1000,34051.425316
-262.184045,240,34066.112481
207.641385,434,34068.860148
916.468702,1000,34075.237456
1034.381059,1000,34096.683455
846.974893,1000,34103.037063
-146.148703,352,34105.316453
556.481415,1000,34126.606715
584.776283,1000,34132.993073
551.368943,1000,34155.336926
623.877864,1000,34161.568392
549.681093,1000,34183.304106
-117.108414,130,34184.13994
699.705823,1000,34190.458709
82.988986,506,34208.589346
880.081619,1000,34214.942506
727.81586,1000,34236.684937
91.869329,194,34237.923357
752.510651,1000,34244.22424
625.190029,1000,34265.860642
290.780801,1000,34272.358526
607.276374,1000,34292.844773
1078.625086,1000,34299.158942
-56.817535,379,34301.562904
-1.952003,227,34302.958318
774.151665,1000,34324.227457
951.943745,1000,34330.62305
620.377776,1000,34351.406749
823.858988,1000,34357.863854
270.01558,1000,34378.583525
1066.260725,1000,34384.882187
49.152829,114,34385.603232
70.639034,1000,34405.919787
981.581183,1000,34412.217145
708.509795,1000,34434.266155
902.431318,1000,34440.566988
471.339196,931,34462.262499
828.044434,1000,34468.595256
655.411771,1000,34490.908717
942.692039,1000,34497.319693
-79.164616,237,34498.810434
896.976139,1000,34521.778339
1164.436268,1000,34528.163444
117.012584,390,34544.770007
-58.998118,128,34545.608536
927.050119,1000,34551.880074
81.091865,208,34553.239223
625.242612,1000,34572.499693
-19.328924,238,34574.022883
605.923907,1000,34580.351806
35.774494,205,34581.630065
888.791309,1000,34601.267406
419.74224,1000,34607.632911
420.573002,1000,34629.838423
513.932784,1000,34636.169975
537.39984,1000,34657.209092
733.832586,1000,34663.531609
949.14972,1000,34686.085734
202.37299,717,34690.714339
937.928809,1000,34710.136705
561.197444,1000,34716.53336
750.213978,1000,34737.952035
618.037629,1000,34744.267217
654.848595,1000,34762.954638
-85.694081,491,34766.040058
762.629178,1000,34772.428049
908.542754,1000,34793.017486
160.116306,443,34795.860206
579.154036,1000,34817.314575
975.233377,1000,34823.678478
1003.646903,1000,34845.127395
-73.25125,1000,34851.533097
69.172488,177,34852.660626
525.274296,1000,34873.159246
1108.133413,1000,34879.520933
243.59112,1000,34899.797
440.12238,1000,34906.114666
846.153944,1000,34926.20663
678.340694,1000,34932.600114
28.422376,243,34934.175579
410.765342,826,34954.318388
52.664395,177,34955.446171
77.428259,394,34958.038713
181.355569,1000,34964.400215
769.266667,1000,34985.33496
909.915487,1000,34991.728264
453.965956,1000,35010.791617
925.801233,1000,35017.21269
196.662819,434,35019.951836
864.808894,1000,35040.900464
888.301614,1000,35047.31234
489.616952,1000,35067.821336
985.130747,1000,35074.103643
698.240181,1000,35095.234329
106.402023,415,35097.904231
563.323579,1000,35117.123302
953.130069,1000,35123.547341
380.36936,1000,35144.540224
482.045589,1000,35150.876483
1017.998771,1000,35170.335093
317.449849,1000,35176.728517
-72.08346,288,35178.590597
133.084539,1000,35200.69698
101.886397,244,35202.230936
387.092046,1000,35208.579087
845.598317,1000,35230.638835
408.435596,1000,35236.955548
-14.143532,405,35239.509405
91.978188,260,35257.048732
271.204122,607,35260.871047
677.399004,1000,35267.233937
446.120446,618,35284.304658
466.684474,1000,35290.797647
-460.565244,740,35311.036172
624.575696,1000,35317.611946
395.418534,1000,35338.561197
345.05102,1000,35344.937148
144.134988,611,35348.9659
175.762721,377,35351.376889
710.109046,1000,35371.538132
759.236375,1000,35377.977277
920.945374,1000,35398.008218
-331.654286,674,35402.240653
334.120733,1000,35421.452675
-153.784135,306,35423.348017
85.590709,463,35426.211252
216.528948,598,35429.974272
1107.714026,1000,35450.421277
738.874552,1000,35456.70386
652.428759,1000,35477.243421
53.433714,1000,35483.614035
-103.765394,187,35484.815104
40.590863,189,35500.075728
218.247441,1000,35506.434511
257.217442,748,35511.169214
6.036354,1000,35532.626649
619.607411,1000,35538.987349
757.273643,1000,35560.336122
622.175568,1000,35566.641416
88.332826,187,35567.819752
565.8951,1000,35588.180583
914.878271,1000,35594.495824
810.541211,1000,35615.334229
1061.470058,1000,35621.777624
155.405188,250,35636.895743
74.815914,142,35637.799398
691.003205,1000,35644.124631
248.987863,1000,35665.316432
975.687922,1000,35671.65962
-139.377273,418,35674.282533
453.122667,1000,35694.385207
262.522325,504,35697.567688
1196.973959,1000,35703.874486
1028.402999,1000,35724.477785
35.313785,166,35725.558905
687.727278,1000,35747.092547
258.563974,1000,35753.464622
415.447318,1000,35775.105784
-74.334627,143,35776.040231
660.226525,1000,35782.341888
272.214148,785,35787.337526
-198.329897,458,35805.093913
776.298865,1000,35811.404565
790.040914,1000,35832.157494
702.225757,1000,35838.526617
-140.83087,328,35840.57999
32.247019,176,35841.706426
172.091001,1000,35860.964705
448.305158,1000,35867.333849
584.243065,1000,35887.685271
636.682837,1000,35894.003523
-161.608792,361,35910.575114
1073.128432,1000,35916.970403
168.386725,1000,35937.400831
622.323745,1000,35943.796071
481.108527,1000,35950.185757
1182.853704,1000,35970.804108
-122.63616,607,35974.643068
789.83919,1000,35997.133569
19.91505,117,35997.87252
965.245824,1000,36004.204105
845.279115,1000,36025.587304
710.372954,1000,36031.82431
1061.26878,1000,36049.986456
770.710184,1000,36056.368712
674.737617,1000,36075.544074
82.677613,333,36077.682244
406.853069,743,36082.375893
81.94985,1000,36104.466671
627.428898,1000,36110.805598
576.564736,1000,36131.916721
-252.617199,1000,36138.316913
767.740854,1000,36159.633679
-21.176861,429,36162.367453
631.903883,1000,36168.716261
903.356876,1000,36190.411466
28.90832,117,36191.14225
225.348646,676,36195.382269
759.978006,1000,36215.85452
-113.976309,496,36219.062829
32.257741,231,36220.545841
1029.07924,1000,36239.722294
553.209834,1000,36246.037892
862.770772,1000,36266.930786
624.724244,1000,36273.279201
438.321067,1000,36295.044737
167.38336,596,36298.812696
643.463909,1000,36305.163138
621.131869,1000,36324.689895
428.090728,1000,36331.083873
4.187767,102,36331.753863
60.065424,216,36333.101442
573.035431,1000,36353.095802
797.905257,1000,36359.41515
576.60807,1000,36381.800667
621.900911,1000,36388.168399
-591.751079,1000,36409.438777
884.960586,1000,36415.733437
459.449827,1000,36435.761191
603.253457,1000,36442.090664
58.958107,438,36460.564743
909.824443,1000,36466.847355
190.658484,304,36468.752829
577.881654,1000,36489.792393
576.297243,1000,36496.132158
998.182327,1000,36518.999269
-0.873457,199,36520.243055
-127.573791,391,36522.721759
565.423069,1000,36529.07706
205.707631,625,36547.48704
907.792133,1000,36553.723377
456.148727,1000,36574.371314
-22.829626,486,36577.575451
758.632233,1000,36583.848657
776.125043,1000,36605.601951
238.566317,1000,36611.998257
735.83053,1000,36633.432548
789.144006,1000,36639.871865
957.87678,1000,36661.310295
356.394951,1000,36667.780297
106.393092,421,36686.459553
492.395933,1000,36692.773263
