#{"t_start": 1785403728.0349202, "env_id": "Go2Locomotion-v0"}
r,l,t
-459.624262,898,23.662667
-5.040067,109,24.328512
15.548694,65,24.733874
-12.880426,59,25.097695
-19.581087,101,25.756038
4.458815,92,26.301831
-3.327371,56,26.652163
-95.217529,104,27.297634
11.269339,68,27.721155
6.269503,102,28.328368
-23.470912,55,28.690418
-24.275585,55,29.042265
-59.638988,53,29.446682
-2.390768,54,29.791468
-18.448774,44,30.029413
4.502649,42,30.306403
-2.780791,39,30.540772
-3.338929,45,30.789855
12.908913,50,31.634822
11.893857,50,31.952173
2.271086,39,32.203159
-5.656397,48,32.468082
-6.936541,46,32.776322
0.624423,54,33.130178
-0.121742,49,33.442365
-45.59113,71,33.899595
13.582972,48,34.169198
-36.316176,103,34.837589
-1.547659,93,35.450073
1.258344,77,35.935014
-35.185841,53,36.272754
11.166021,89,36.813792
-0.224531,56,37.168769
-44.497312,63,37.565906
-10.683095,57,37.915625
-3.492073,82,38.404671
-18.612135,48,38.712794
-15.066319,41,38.955581
5.396992,58,39.305042
6.051552,120,40.044147
24.710924,78,40.50865
-16.219129,68,40.932756
-24.469292,89,41.520277
-4.447664,87,42.05941
-127.292471,104,42.721615
18.726444,89,43.257441
0.264591,46,43.558794
3.296894,73,44.042242
2.722465,76,47.856945
-1.163481,80,48.378311
9.378587,106,49.029473
4.923919,75,49.489908
-26.828029,69,49.921365
8.417488,105,50.57873
59.255573,165,51.61906
6.114402,55,51.961137
14.75447,56,52.278484
-21.611908,60,52.637318
9.165923,74,53.08012
-36.46933,85,53.597658
1.033974,100,54.172619
-0.073918,85,54.694381
18.727833,74,55.164483
29.370003,66,55.557097
25.522158,128,56.352956
13.694809,72,56.785589
5.022252,79,57.277484
14.918406,91,57.874873
4.343329,52,58.171405
-8.098006,103,58.798541
-22.868092,67,59.201549
32.853605,154,63.275619
-2.267506,80,63.773172
-26.747791,185,64.903994
23.51014,65,65.282933
-25.998707,81,65.77905
23.169723,124,66.527233
-49.661292,191,67.709926
40.345325,188,68.877572
8.897917,144,69.776486
6.743286,75,70.256701
17.928648,73,70.685754
-7.442371,89,71.234933
30.658941,153,72.163534
95.219407,451,74.929311
1.358354,210,82.92457
26.30253,120,83.659084
58.339115,313,85.575882
0.943613,86,86.131969
61.792417,237,87.541589
39.494386,227,88.89948
55.26695,166,89.90404
26.792041,276,91.53539
44.376173,290,93.332357
51.221909,241,94.800067
-68.480722,158,101.439746
-43.629335,97,102.006375
83.8615,302,103.794564
15.234002,124,104.522177
6.651609,352,106.557935
-75.448702,232,107.964592
41.580104,237,109.391878
-117.106634,378,111.607358
56.064801,429,121.07111
-273.376654,371,123.203076
85.592123,712,127.203248
-304.909719,473,129.767196
11.126296,82,130.209001
-67.094265,198,140.272259
28.921745,280,141.855947
-34.236227,377,143.962493
62.231681,687,147.610577
93.990355,576,150.632865
41.74198,413,161.615373
53.087383,783,165.721092
104.336872,1000,180.857569
82.414992,1000,185.926836
21.487262,100,186.431386
44.750223,223,187.575714
103.044619,1000,202.410641
32.934316,164,203.267092
-32.13394,55,203.551253
10.820849,554,206.356672
75.173147,774,210.235936
23.048682,238,220.52152
17.908214,72,220.904759
10.393211,1000,225.887681
63.764847,849,230.163356
-3.521902,547,240.047457
23.783272,558,243.017529
-42.210425,70,243.389637
51.011032,680,246.940931
70.047697,634,257.829659
33.563354,248,259.102941
-28.915614,239,260.309052
80.257726,634,263.533266
95.317515,592,275.818698
94.290276,756,279.843584
-8.895114,85,280.291946
33.292217,362,282.249415
49.284782,520,284.887707
11.810725,99,285.393258
106.982464,1000,300.660442
66.470026,585,303.602903
97.669696,640,306.897106
41.96292,130,317.354475
50.640926,379,319.316135
30.582323,437,321.603347
44.073645,293,323.181397
29.192522,217,324.385633
29.723028,121,325.025009
37.189104,371,326.930023
101.850467,1000,339.837161
-19.681676,1000,344.965141
33.020732,183,354.973559
79.697839,732,358.730467
91.069748,1000,363.903796
43.793158,419,373.720188
108.373638,1000,378.777656
33.531567,254,380.07487
117.500863,753,394.37063
119.629781,1000,399.4172
90.97712,733,403.214891
12.845635,86,403.667495
92.237022,1000,417.730375
42.026615,405,419.813543
66.693758,640,423.048673
97.195674,1000,437.507051
54.432258,293,439.021514
47.828357,391,441.016032
64.261795,478,443.452727
-35.487788,486,454.04877
43.474437,255,455.347452
70.249724,487,457.828175
45.522263,457,460.180891
27.903289,157,461.013149
19.34783,165,461.828256
-46.185974,94,470.441437
29.251028,244,471.707548
78.740517,870,475.987453
94.688074,1000,490.549064
3.081497,69,490.89541
10.199883,93,491.361885
39.826691,342,493.085581
53.635842,1000,498.02643
98.899465,1000,510.361118
94.862216,1000,515.325548
97.388255,1000,530.408777
13.272476,84,530.818517
95.672431,1000,535.759524
44.709687,389,537.676329
-62.94642,148,548.48874
36.162866,505,551.074594
55.114251,425,553.282799
115.052584,1000,558.286268
90.947622,683,570.262486
86.965449,881,574.889144
52.145458,336,576.716036
22.011654,110,577.277309
91.089574,1000,591.503027
93.827887,1000,596.48857
107.510359,1000,612.424481
111.898471,1000,617.654242
26.61936,1000,632.995361
100.049078,1000,638.259446
104.529691,1000,651.937285
107.163048,1000,657.193126
65.301082,1000,670.64785
90.845331,1000,675.795041
13.555333,72,676.157661
36.381827,194,677.142185
95.29907,1000,692.06765
22.611284,244,693.293524
47.14201,339,694.986951
86.273934,1000,708.810619
18.697863,129,709.47753
30.192244,287,710.977938
93.226717,1000,716.100982
24.230997,176,724.991765
-26.623845,37,725.178853
50.772688,1000,730.347036
37.634657,248,731.673091
-6.24517,209,732.752528
8.135892,126,733.390996
104.667788,1000,746.854356
0.992323,51,747.107733
110.315565,1000,752.274953
88.97731,1000,767.340852
31.333703,248,768.677552
40.202645,254,769.999505
14.423305,80,770.418597
-6.720905,49,770.689337
94.667354,1000,783.507001
101.920714,1000,788.464598
64.749649,267,789.792113
25.215732,269,791.143296
95.807336,1000,805.551195
-29.137574,47,805.785881
23.731459,137,806.490093
54.94204,1000,811.555712
-1.040779,38,811.753041
-70.152075,127,812.408224
9.519618,73,822.303501
55.144843,295,823.898472
60.171398,371,825.759368
90.015535,1000,830.867177
-43.366365,48,831.125473
81.795479,1000,845.133311
88.108074,1000,850.275512
75.02319,356,860.138635
110.353532,1000,865.44165
58.38705,298,867.06896
6.205104,77,867.513001
70.913603,779,881.275179
42.601618,316,882.969798
84.282912,1000,888.152684
66.576184,755,902.033286
-5.073119,129,902.730721
89.877427,423,905.000542
49.119258,406,907.246342
15.922989,102,907.755009
72.692575,325,909.513585
102.563626,1000,924.48626
67.079088,324,926.192873
66.077468,321,927.925264
17.889233,85,928.357579
66.428538,350,930.221236
12.484134,149,930.975665
77.521855,285,932.493133
49.245972,1000,947.010643
29.382425,228,948.200977
111.738735,614,951.476054
27.483428,116,952.098279
19.736989,88,952.541867
103.517568,636,966.199314
86.783965,773,970.182189
91.515794,1000,980.802087
93.56756,1000,985.844327
96.848024,336,987.633386
10.677057,83,988.089634
9.864903,66,988.433491
31.439387,155,989.315444
92.844718,1000,1004.226107
-116.86268,297,1005.86232
87.713386,1000,1020.181978
74.346483,575,1023.360204
30.077651,220,1024.491998
75.46983,1000,1029.730865
92.101987,391,1041.499285
50.166115,308,1043.088596
89.989395,1000,1048.333534
45.025015,612,1059.400815
81.737248,1000,1064.813675
91.20406,1000,1078.780503
91.21373,788,1082.843048
64.960249,1000,1088.067692
123.287711,1000,1102.226885
98.356891,1000,1107.208391
74.637501,539,1118.652297
45.077394,491,1121.20712
94.964206,452,1123.583181
22.107999,177,1124.51258
1.432475,47,1124.773805
9.659897,166,1125.591467
92.23228,1000,1140.757378
91.733634,1000,1146.20787
63.4799,427,1148.438833
46.236627,345,1159.439275
-59.229563,237,1160.667559
44.900821,250,1162.039543
95.459306,1000,1167.307442
47.600612,234,1177.400921
121.087606,1000,1182.676089
60.83419,328,1184.384196
55.00694,350,1186.318014
-39.866622,68,1186.705863
73.802653,293,1197.738531
14.564646,1000,1203.071321
99.766266,353,1205.034383
70.897864,569,1207.958956
51.944545,343,1219.576134
54.983752,338,1221.302568
47.815453,254,1222.585198
13.336086,82,1223.012891
81.821044,1000,1228.128689
47.456897,274,1238.079622
109.194061,1000,1243.284661
91.737396,1000,1256.169591
74.244689,207,1257.252648
81.471286,1000,1262.487704
59.685621,1000,1277.437047
-19.975217,493,1280.086501
17.645826,179,1281.053986
100.487252,1000,1286.288453
4.019962,138,1287.043371
-30.441565,60,1298.789392
-27.70532,1000,1304.121243
86.051545,1000,1318.075241
46.228914,298,1319.737055
115.44586,1000,1324.950209
53.790329,676,1328.453455
24.577862,81,1338.291952
50.99333,121,1338.974951
-49.045138,1000,1344.135687
22.275493,133,1344.878775
24.792214,172,1345.82772
52.097109,389,1347.851997
111.796884,1000,1362.05916
6.661736,71,1362.434555
26.851686,84,1362.863872
58.297125,469,1365.437245
36.154638,489,1368.143508
45.026114,298,1379.498756
4.582122,41,1379.709137
74.417009,1000,1385.201188
1.256559,56,1385.527263
98.054123,1000,1399.613921
22.989622,161,1400.550892
24.743604,170,1401.480772
109.333028,1000,1406.740376
26.538976,120,1407.386108
43.065757,302,1409.041928
-14.76373,767,1422.105391
0.501313,104,1422.626075
43.915853,1000,1427.943611
-61.652525,162,1428.776231
33.835667,141,1436.591594
88.457441,1000,1442.029132
76.087695,1000,1447.339183
46.284426,201,1456.465132
71.973299,1000,1461.840319
80.071798,411,1464.004046
43.814853,519,1476.907063
-80.976317,398,1479.138896
46.331917,810,1483.763948
5.718522,60,1484.099438
100.489285,1000,1500.159265
108.76511,400,1502.319056
17.135447,93,1502.811592
15.168385,135,1503.521292
53.299789,404,1505.692833
-4.906974,73,1506.057437
75.57027,1000,1521.713783
24.728748,157,1522.545015
114.62639,1000,1527.92033
74.261851,981,1540.491182
64.036356,712,1544.289143
78.997925,840,1548.824045
55.766015,593,1562.131073
18.30873,59,1562.453086
73.370157,508,1565.239394
61.675666,469,1567.915102
52.954718,233,1569.237998
31.663608,267,1580.231628
-31.97394,265,1581.767587
38.246585,316,1583.60068
12.951364,94,1584.13314
45.455402,299,1585.878266
10.695897,143,1586.705792
30.089685,286,1588.338895
24.864408,370,1590.477679
46.21078,284,1599.887788
65.054395,245,1601.34394
-23.440394,239,1602.712344
45.797698,401,1605.086405
72.602656,617,1608.685934
43.905843,836,1622.749159
95.739789,527,1625.806548
16.614759,103,1626.353837
90.131235,640,1630.01769
78.658156,705,1642.586074
114.398558,418,1645.014801
3.909918,108,1645.639689
69.28519,559,1648.905351
39.259656,180,1650.010296
47.407393,162,1650.921976
91.116862,332,1652.841974
-85.523641,218,1661.382714
83.997819,572,1664.787494
37.314104,301,1666.558627
100.162401,344,1668.541755
-20.999725,54,1668.861085
84.896082,385,1671.084652
96.583071,386,1683.639878
136.874229,312,1685.522169
15.489913,127,1686.248347
-24.378793,139,1687.009885
80.391573,825,1691.77132
28.933705,143,1692.590725
43.145664,229,1693.970974
28.901798,142,1702.260685
22.251653,185,1703.384346
107.521927,323,1705.313172
17.043695,86,1705.827711
9.214102,60,1706.182884
-5.476648,99,1706.78331
70.114202,256,1708.29482
87.792566,381,1710.560128
84.504918,755,1723.141453
103.034001,500,1726.05363
-33.502284,149,1726.944324
45.047674,217,1728.15971
51.035613,181,1729.214329
-121.64519,382,1731.415617
-68.498657,160,1732.339246
67.682266,346,1743.975721
20.654255,165,1744.973921
13.903963,167,1745.964671
35.12954,178,1747.059695
-43.329863,194,1748.23179
55.194044,394,1750.553261
-50.123116,104,1751.133732
9.584458,194,1752.266789
100.980723,1000,1767.085846
57.070553,253,1768.593023
13.389495,87,1769.083844
74.018013,312,1770.942489
35.245896,158,1771.918846
8.896436,141,1772.723916
7.004596,109,1773.370611
125.091192,1000,1788.51017
46.138662,166,1789.518154
-110.366004,432,1791.969346
10.249955,145,1792.79976
36.974087,203,1793.967488
18.953554,80,1794.411663
-30.62593,74,1794.858116
-45.338476,310,1796.675314
120.846954,631,1808.48444
21.61021,206,1809.668253
65.001142,413,1812.050262
98.732885,463,1814.736377
63.727247,502,1817.694114
77.371875,506,1829.280515
-34.628169,208,1830.566721
33.497832,219,1831.88396
66.486906,721,1836.14556
42.087437,255,1837.719732
17.066037,1000,1849.771607
49.013286,319,1851.650193
12.495531,74,1852.090703
-73.905793,192,1853.224056
49.205593,97,1853.772827
-100.292436,266,1855.404185
114.618575,1000,1870.245705
99.864403,843,1875.12083
15.816521,243,1876.578261
62.184162,240,1877.991426
18.4907,92,1886.085714
42.248442,1000,1891.981854
169.495204,1000,1897.789971
-6.312156,273,1907.012555
143.239969,1000,1912.951003
-188.071097,501,1915.966463
130.294976,1000,1929.760978
72.867196,391,1932.009114
108.678281,1000,1946.028996
25.498621,236,1947.430314
39.911964,259,1948.945372
25.642587,364,1951.076829
100.998998,1000,1956.554222
-23.955635,111,1957.168421
31.13376,83,1965.136454
139.967423,960,1970.656392
133.377239,1000,1976.430727
50.334286,393,1986.530413
161.432205,1000,1992.408206
113.305085,1000,2007.249973
9.835101,54,2007.588512
17.80846,96,2008.192425
38.936556,265,2009.774435
-35.548691,258,2011.264777
11.764122,88,2011.768156
39.598718,290,2013.434839
26.096528,266,2015.018921
7.96749,336,2016.940739
119.926598,1000,2032.306071
47.920882,121,2033.000955
116.328417,410,2035.36666
39.826532,297,2037.142743
1.925015,72,2037.539762
27.306485,128,2038.301152
-44.69492,210,2049.750197
55.222194,817,2054.587079
29.873212,293,2056.263732
3.047561,99,2056.800383
53.370887,383,2059.063436
44.390596,373,2071.200421
2.45616,123,2071.927676
36.150713,189,2073.053907
67.639828,333,2075.033674
23.537403,105,2075.679594
63.895655,232,2077.034448
44.892477,279,2078.702774
113.148714,1000,2092.257982
29.883284,201,2093.441213
182.3189,1000,2099.480048
53.636534,257,2101.036545
23.995205,148,2101.884119
47.902249,342,2113.925261
-322.688885,1000,2119.914807
34.364273,224,2121.255504
30.51976,243,2122.719917
68.405658,214,2123.975217
44.397246,232,2135.358596
39.29823,202,2136.584199
123.491996,1000,2142.464249
28.449737,199,2143.601678
5.141224,74,2144.076564
-135.276085,368,2146.153369
73.126983,325,2156.862956
34.389301,214,2158.14825
27.349508,250,2159.680567
76.90695,202,2160.906519
51.082405,247,2162.350562
176.596757,1000,2168.318667
79.426078,428,2179.746251
154.358552,1000,2185.670545
34.578494,225,2186.987389
40.916864,175,2188.045824
50.956717,216,2189.33559
85.248117,299,2200.300067
36.399525,167,2201.310714
-42.484659,119,2201.982026
33.914544,131,2202.78593
13.552684,153,2203.715687
173.711334,1000,2209.612751
146.571224,1000,2224.196515
84.461332,262,2225.775258
35.517427,253,2227.255795
2.912179,149,2228.14319
39.548354,161,2229.112157
65.023736,447,2242.162759
152.420158,1000,2248.271625
48.180417,184,2249.345431
-69.975265,109,2250.069729
24.630415,164,2251.091732
26.250164,294,2252.851514
160.507538,1000,2267.27081
232.511839,1000,2273.195997
60.165272,171,2274.189207
-86.148565,91,2274.75192
-35.21322,57,2285.346014
105.717133,299,2287.154901
26.692441,181,2288.223676
198.220182,1000,2294.251385
44.270151,445,2296.93843
19.230181,167,2306.088323
21.391942,200,2307.325467
72.294417,190,2308.463546
98.698329,340,2310.59827
57.957093,263,2312.191298
112.774829,470,2315.03847
52.127392,240,2316.528198
37.204249,188,2317.690335
9.052521,133,2328.235909
86.49879,497,2331.294509
85.849976,419,2333.829613
-7.951048,195,2335.002131
84.238429,271,2336.636377
111.273855,430,2339.25618
48.687495,218,2351.619274
51.358734,328,2353.609515
79.688853,426,2356.167624
78.29421,276,2357.865323
-47.853092,174,2358.856639
35.049017,256,2360.414373
42.604057,227,2361.769056
42.019366,230,2363.189545
29.777577,183,2375.800653
209.34936,1000,2381.762548
42.215653,231,2383.189969
66.942096,275,2384.782902
47.192512,279,2386.49743
85.524433,269,2396.303852
11.071162,227,2397.654707
21.782564,107,2398.29115
89.560521,299,2400.140306
89.392513,350,2402.268869
88.014784,372,2404.563455
147.985494,391,2406.975129
33.97745,218,2408.309629
47.347706,226,2418.24451
-80.124496,211,2419.574635
31.645958,218,2420.920295
30.85042,184,2422.066096
39.683322,195,2423.252853
74.186298,250,2424.790474
26.72884,214,2426.147984
99.029922,452,2428.945101
-53.363471,135,2437.190651
301.904474,1000,2443.240802
51.585356,322,2445.167438
-140.912665,180,2446.287056
128.734762,511,2449.358222
-383.555037,1000,2466.916506
48.048074,235,2468.288191
75.511888,287,2469.94504
12.921272,80,2470.385494
-19.218361,848,2483.140879
11.535269,72,2483.61633
46.293157,263,2485.176673
50.787288,214,2486.468608
-89.821374,247,2487.976171
39.553561,158,2488.913111
46.136182,261,2490.538555
66.030824,197,2491.786621
46.424053,252,2493.248367
40.76032,261,2502.85266
92.575364,305,2504.678809
25.444731,250,2506.198279
76.224332,314,2508.081114
58.244298,239,2509.537017
79.344381,293,2511.297004
46.57208,260,2512.910795
108.463698,335,2525.43605
32.224446,251,2526.972522
-58.88464,863,2532.202503
49.741446,223,2533.549625
60.005151,262,2535.123739
89.507012,294,2544.710732
112.936235,335,2546.775926
-223.637331,1000,2552.830945
43.949524,227,2554.194232
8.423654,46,2554.445325
86.356392,245,2555.900533
60.097543,275,2567.77444
-72.56107,310,2569.574842
282.641996,1000,2575.554053
-7.032837,47,2575.853888
133.01963,336,2577.863619
85.714539,309,2588.985873
-17.003361,104,2589.609484
-66.878156,236,2591.035812
43.919621,218,2592.3695
-3.045805,192,2593.515684
40.130457,126,2594.280866
102.877147,534,2597.479928
296.246024,1000,2613.54359
31.867533,220,2614.839383
83.736365,518,2617.905793
101.3297,377,2620.174578
-51.45361,108,2620.856544
42.95496,213,2622.128881
69.163673,210,2631.305622
97.975331,263,2632.920874
103.196606,258,2634.528369
35.542587,195,2635.724697
9.222185,124,2636.481121
2.912743,54,2636.799035
48.237062,140,2637.643772
46.932756,156,2638.602116
66.352509,309,2640.512606
43.712048,186,2641.624064
26.552229,166,2642.595542
33.143887,189,2652.852981
109.724127,298,2654.669629
87.737919,279,2656.351661
101.46565,251,2657.880773
49.241187,384,2660.216483
54.187934,168,2661.243682
32.430508,176,2662.256591
46.196368,206,2663.535432
22.649502,77,2663.975585
110.810497,380,2676.172729
44.524309,200,2677.349821
68.216191,217,2678.633613
-28.259885,70,2679.055493
43.651189,216,2680.386353
121.054467,294,2682.11765
2.013525,49,2682.418687
199.54449,952,2698.656793
37.025035,237,2700.138445
84.689374,299,2701.881785
54.071963,315,2703.705774
65.891145,209,2704.949466
30.997344,136,2705.753242
7.130413,354,2707.799602
73.322565,216,2709.097259
57.925284,253,2719.620095
126.61937,301,2721.390741
-74.598847,216,2722.695518
122.46948,336,2724.653399
41.332304,177,2725.699451
-47.848641,243,2727.116536
78.358942,210,2728.380084
-3.929588,273,2730.039833
67.450667,276,2740.085529
70.430676,257,2741.587816
54.343864,251,2743.082293
58.366191,231,2744.491308
28.079903,239,2745.957878
65.456367,181,2747.015851
54.465678,200,2748.256764
6.395511,74,2748.704953
54.554369,192,2749.864926
38.95252,238,2751.228064
-44.982977,272,2761.008042
38.555514,259,2762.554028
53.458421,224,2763.874321
114.111963,324,2765.800436
57.429118,308,2767.653829
159.985043,457,2770.297292
45.864255,248,2771.807466
39.917492,222,2781.625659
-113.315266,254,2783.176385
25.763228,341,2785.196049
203.334419,561,2788.569592
64.716614,233,2789.99037
-59.878795,238,2791.396764
67.257845,215,2792.660807
84.775245,168,2804.53105
51.388985,254,2806.174168
15.125773,218,2807.432099
29.521086,166,2808.530321
44.621654,227,2809.992619
90.844425,311,2811.819201
-20.48189,68,2812.216846
40.526112,205,2813.631086
-83.689859,224,2815.008636
111.95675,330,2827.928146
43.833564,212,2829.25675
-75.622373,40,2829.474422
-21.195871,150,2830.368512
78.883566,322,2832.25738
52.904627,256,2833.76194
43.594983,201,2834.968719
51.132974,249,2836.455331
-10.552115,78,2836.943653
-59.568151,250,2838.424846
179.620839,691,2851.293247
136.577502,405,2853.681202
-74.924958,214,2854.964832
44.008076,255,2856.508376
123.986718,456,2859.229598
57.184963,227,2868.190455
55.033709,594,2871.787515
49.086122,302,2873.596725
52.310343,196,2874.766146
140.565032,435,2877.391553
38.130561,166,2878.375777
107.034656,369,2891.731631
50.265116,223,2893.120961
68.199738,227,2894.478948
67.79957,306,2896.373872
-0.627971,185,2897.508633
118.724394,416,2900.048455
75.13352,310,2901.949748
50.381638,209,2903.21194
63.04234,224,2914.094996
40.178429,162,2915.105039
19.24761,59,2915.463789
68.706865,285,2917.216711
47.821915,176,2918.310638
94.011767,353,2920.44661
57.351382,200,2921.664848
40.32946,212,2922.984164
-39.543731,405,2925.408724
80.051895,212,2936.344494
53.180912,214,2937.641767
83.569722,257,2939.248413
51.322632,249,2940.857623
124.587531,423,2943.436791
89.987194,185,2944.534147
93.758601,229,2945.927864
46.303117,177,2947.027428
75.56023,228,2958.907277
35.06143,170,2959.915523
70.710517,264,2961.511764
2.569933,215,2962.776421
79.426718,226,2964.094872
58.639342,195,2965.295813
55.442096,284,2966.95245
64.616589,210,2968.160659
-25.943135,47,2968.450497
42.589819,177,2969.496106
47.71229,318,2981.299089
51.356688,237,2982.688471
41.419154,161,2983.691684
-56.539844,210,2984.934953
94.255554,293,2986.710719
144.447668,711,2990.892999
116.136304,358,2993.022478
35.612672,231,3003.671744
163.939276,329,3005.639412
33.756701,214,3007.000018
111.256457,239,3008.408526
96.769943,311,3010.299481
98.353883,301,3012.132449
9.911924,227,3013.483036
46.93542,231,3024.708418
10.060192,86,3025.228685
125.500442,352,3027.363012
31.482483,182,3028.471005
56.186592,195,3029.673357
19.384815,178,3030.789947
53.040346,187,3031.905214
36.996867,164,3032.937639
-170.671658,426,3035.541829
43.012396,235,3036.905077
67.920453,119,3046.342752
67.623196,311,3048.240956
84.805788,250,3049.762489
-23.145018,15,3049.842502
15.14914,85,3050.400418
60.549419,186,3051.500681
59.446289,186,3052.597672
72.143762,398,3055.048791
134.892297,299,3056.820984
11.898873,213,3067.666848
3.356417,80,3068.155406
23.933546,269,3069.767766
16.269639,135,3070.550472
13.535537,169,3071.55417
58.350801,252,3073.055633
24.518637,220,3074.327439
172.515296,343,3076.425875
39.409436,311,3078.294748
96.969269,353,3089.007429
9.761519,73,3089.427522
50.271107,339,3091.531978
22.851284,66,3091.923905
12.307571,68,3092.317683
172.699469,311,3094.112146
80.201139,337,3096.129062
70.782077,342,3098.116296
30.38904,137,3098.929691
75.26922,473,3111.858975
2.6303,200,3113.063239
40.421134,228,3114.376465
72.2767,212,3115.587719
21.960901,256,3117.101116
23.18683,107,3117.746357
40.007644,209,3118.969392
53.166147,153,3119.999405
84.957123,289,3121.662075
126.98854,372,3131.404651
54.683045,166,3132.410372
69.560323,196,3133.56954
68.200072,205,3134.796244
46.16239,241,3136.228925
163.259961,345,3138.252655
34.600338,202,3139.462797
43.493691,241,3140.917509
68.517994,207,3142.126695
48.000541,207,3150.584944
17.306756,167,3151.624108
55.698773,213,3152.889885
114.997899,272,3154.572232
17.171151,103,3155.153604
58.348055,159,3156.144746
-27.716669,66,3156.544323
65.556201,172,3157.546471
126.47204,615,3161.294743
43.989528,234,3170.433521
20.952633,212,3171.723092
84.334994,271,3173.323572
66.838816,227,3174.717272
6.61799,217,3175.993652
33.954357,207,3177.220968
48.038932,218,3178.53789
90.254409,246,3180.113879
75.896583,284,3181.757395
-57.049622,153,3191.683794
14.538541,271,3193.292768
83.727447,254,3194.821003
9.501052,58,3195.172539
99.602309,290,3196.892015
57.362002,197,3198.088112
44.035311,314,3199.985789
51.797156,217,3201.3034
113.388507,289,3203.029513
-39.484466,234,3214.260194
60.104212,251,3215.786443
49.688852,244,3217.224519
50.598196,175,3218.290207
106.723336,203,3219.535147
56.146572,206,3220.848149
19.605493,72,3221.295403
73.516688,587,3224.886054
33.040213,220,3233.653601
39.582007,250,3235.188853
43.1593,218,3236.545043
113.931204,377,3238.867543
96.147527,246,3240.453844
97.42725,286,3242.226438
17.649994,139,3243.062219
85.637172,289,3244.841473
-66.257062,107,3245.469788
110.363049,434,3256.578774
66.620226,296,3258.38728
-63.793119,179,3259.444815
47.814326,209,3260.764094
191.240067,712,3265.075358
70.62294,273,3266.709794
116.63305,362,3278.057818
101.06354,299,3279.86469
16.302497,77,3280.367716
21.25889,90,3280.92111
35.299218,184,3282.072282
220.023603,696,3286.357655
59.48545,419,3298.068421
33.751656,188,3299.259051
9.947888,60,3299.642255
33.250008,163,3300.725629
49.5524,221,3302.069288
153.160004,546,3305.476411
130.171966,520,3308.665275
182.272248,593,3320.419938
52.600339,272,3322.104696
-28.090351,58,3322.45938
92.292438,358,3324.67849
6.651443,296,3326.454814
34.311087,196,3327.712864
17.260828,67,3328.116531
56.207508,244,3329.569137
41.757896,180,3330.742571
50.967323,204,3340.162967
42.019142,194,3341.363995
26.395995,187,3342.524099
125.599429,382,3344.889045
58.198882,189,3346.054066
60.851062,242,3347.562573
61.220619,259,3349.178627
45.897285,218,3350.520148
132.304844,466,3360.905157
22.39845,230,3362.290571
54.424539,183,3363.404951
5.495727,77,3363.85668
40.715997,301,3365.69205
146.890002,668,3369.768402
59.180796,316,3371.701068
58.911716,282,3380.430297
94.326463,527,3383.658251
91.581164,356,3385.84448
119.25415,424,3388.378422
257.811551,1000,3402.47322
-43.31446,87,3402.970982
100.020255,320,3404.872452
35.950806,624,3408.551578
26.011027,213,3409.783845
76.478711,414,3420.914316
94.81622,290,3422.633186
145.515205,408,3425.149036
73.729109,260,3426.694406
-100.069618,293,3428.507855
104.049014,545,3431.806618
-19.119621,116,3432.502509
26.511978,217,3442.560135
61.71685,252,3444.096611
75.713167,208,3445.32902
46.651826,275,3447.027936
82.64824,446,3449.855534
97.911859,322,3451.823852
43.898138,326,3453.811213
16.741386,105,3463.598449
207.242104,700,3467.806827
159.125054,726,3472.223141
48.044257,220,3473.501643
29.084772,505,3484.152125
79.492933,197,3485.329754
13.444388,215,3486.644018
47.560803,247,3488.165385
56.341743,480,3491.076055
37.97821,132,3491.865189
108.865171,577,3495.270396
197.600461,1000,3508.814358
135.561021,455,3511.666209
48.092258,395,3514.080885
-116.906598,386,3524.962598
62.837455,162,3525.913026
37.203078,265,3527.539923
-110.031388,285,3529.297905
78.907166,378,3531.611051
153.067722,797,3536.470432
46.713575,227,3547.569633
56.154035,284,3549.281684
24.132805,145,3550.208309
374.21455,1000,3556.298379
32.135516,223,3557.673176
-75.781787,183,3558.713687
40.458181,296,3568.383512
56.806861,170,3569.450272
127.402765,421,3572.085314
21.072718,104,3572.729264
108.822793,571,3576.164707
125.167984,616,3589.156542
73.961046,300,3591.009349
91.233908,363,3593.226116
132.673759,408,3595.716814
-390.491939,992,3608.115326
542.011633,1000,3614.294112
-26.964615,129,3615.097364
55.395575,220,3616.463768
21.390339,112,3617.158584
56.278256,206,3618.395427
-14.392897,205,3619.661318
26.811223,141,3627.612367
73.81301,225,3628.979771
49.690203,218,3630.396217
156.817139,603,3634.058244
639.432847,1000,3647.591349
532.096727,1000,3653.814927
55.148899,255,3655.37566
59.441648,184,3656.485636
-224.944581,608,3669.47587
45.152581,226,3670.903556
59.44543,210,3672.175377
91.110368,218,3673.478473
129.029251,497,3676.548211
44.545397,196,3677.755043
54.827098,256,3679.320141
110.434641,524,3690.695296
120.828789,503,3693.793087
-97.012777,227,3695.210323
80.752611,244,3696.713796
124.267577,762,3701.41069
62.254797,256,3710.351144
-40.870626,391,3712.795781
686.501011,1000,3718.882533
123.084063,398,3721.367099
66.552163,190,3731.979122
39.954647,212,3733.304861
-78.916375,185,3734.466509
79.100089,418,3736.999418
35.562837,219,3738.372988
204.792327,487,3741.360653
19.044392,82,3741.837644
60.266459,302,3743.676095
13.297408,113,3749.580711
62.123308,259,3751.280261
47.625556,254,3752.804767
40.709927,209,3754.068781
64.000204,547,3757.505275
35.6996,164,3758.495625
51.387838,253,3760.076382
74.976833,292,3761.897771
21.142723,92,3769.689939
60.148231,473,3772.569273
32.10639,144,3773.435943
-20.552503,239,3774.912352
260.669189,1000,3781.149633
192.71876,411,3791.268138
-23.033492,220,3792.615817
26.833912,77,3793.070439
-3.428374,107,3793.726071
20.759127,428,3796.369196
8.045893,435,3799.051649
18.091086,175,3800.091366
42.760922,249,3801.648398
41.500381,229,3811.074493
22.859093,200,3812.325303
71.550144,179,3813.429606
-79.781031,223,3814.807724
-6.840005,72,3815.245697
52.185881,336,3817.383643
-9.384808,72,3817.826993
12.431268,119,3818.597085
-23.286026,334,3820.704119
-816.364734,1000,3835.439275
-44.540696,66,3835.852947
89.233586,426,3838.531044
42.884432,224,3839.964715
36.069947,252,3841.506972
149.694922,281,3843.246825
75.84451,360,3853.668586
52.64229,374,3855.968786
55.033112,300,3857.824073
-45.303376,185,3858.955365
129.825995,685,3863.147539
70.570117,308,3864.981597
52.842474,242,3871.574139
63.108812,141,3872.454531
425.025933,1000,3878.65609
143.671459,251,3880.189557
51.720226,264,3881.825652
57.630874,233,3888.66924
111.741259,779,3893.422755
134.878052,1000,3899.657628
367.312472,1000,3912.809768
33.823215,233,3914.264591
1.497732,83,3914.770679
-194.516895,791,3919.689822
-117.145298,349,3927.996847
60.027358,181,3929.092412
13.426236,80,3929.564595
124.047885,1000,3935.748613
63.671604,326,3937.764357
50.00841,254,3948.221
342.918683,1000,3954.435529
-50.847819,300,3956.287675
64.213572,223,3957.632447
13.699045,71,3958.103223
97.131018,545,3969.576387
58.958477,260,3971.177297
-14.699163,69,3971.615995
198.738667,412,3974.20153
15.62338,70,3974.642829
64.036596,337,3976.742037
482.719897,1000,3992.606356
11.368611,76,3993.065926
106.95627,552,3996.418974
59.462316,343,3998.551939
125.077475,400,4001.032417
589.885344,1000,4016.255993
600.383473,1000,4022.429097
78.668017,398,4024.917974
-1.67255,160,4037.920011
233.826047,956,4043.806641
139.386655,493,4046.85887
657.411362,1000,4061.972228
145.910053,1000,4068.143205
176.455848,432,4070.783491
401.145575,1000,4085.894992
60.399641,235,4087.302851
148.117562,1000,4102.291197
126.087278,358,4104.484787
39.712499,235,4105.926143
70.190974,295,4107.690903
1.453764,172,4108.726786
-183.168881,1000,4124.767401
70.979459,567,4128.166067
64.956247,310,4130.005212
-9.458717,360,4132.186271
-179.076993,1000,4148.710992
175.169381,1000,4154.73517
75.926199,262,4156.328552
59.992113,316,4158.249134
56.479726,154,4159.205726
608.805785,1000,4175.116141
68.66821,364,4177.344011
-6.758059,324,4179.355346
57.615891,325,4181.376329
604.314486,1000,4198.25836
89.278773,340,4200.435005
-8.506952,772,4205.200818
78.079073,526,4218.21714
212.539582,389,4220.667847
-106.99804,262,4222.256075
69.237631,329,4224.251189
49.656548,221,4225.585049
132.366235,394,4227.990571
108.245422,213,4241.109636
72.709939,355,4243.260701
66.155119,308,4245.136656
48.624817,99,4245.765687
82.891703,266,4247.390863
102.885425,232,4248.752223
166.646072,422,4251.392001
192.269779,543,4266.268042
167.9061,637,4270.146409
123.401912,1000,4276.185159
36.423943,175,4289.072628
330.272213,1000,4295.276702
-77.871198,215,4296.616373
68.230018,320,4298.560358
119.738062,519,4311.92038
62.177182,328,4313.987077
22.145342,164,4315.040215
-0.821067,134,4315.88788
58.960023,376,4318.19878
690.600731,1000,4336.758857
85.338826,234,4338.218225
13.579837,60,4338.601969
28.918863,180,4339.713742
33.393434,239,4341.154664
96.920913,214,4342.496538
63.973535,376,4344.822862
93.829561,843,4359.411559
137.718358,354,4361.535669
591.452861,1000,4367.705596
176.135636,578,4378.576539
163.8639,521,4381.885401
106.99171,413,4384.343243
77.98494,302,4386.190062
58.732213,297,4388.011387
81.852138,439,4400.33355
94.231217,413,4402.918188
573.949813,1000,4409.07286
99.879387,383,4411.530882
115.582226,445,4423.355487
87.171316,321,4425.358341
74.154284,474,4428.255545
96.990428,340,4430.271937
163.843463,546,4433.640236
135.142076,437,4444.880309
122.932029,477,4447.833061
14.719912,469,4450.713547
129.217014,1000,4466.482874
443.41833,1000,4472.685444
775.138102,1000,4487.283724
102.79962,604,4491.027259
131.266277,999,4497.122564
60.273794,433,4510.199147
61.948832,398,4512.680966
70.574845,361,4514.884553
617.108802,1000,4521.001163
58.759855,469,4535.572512
1.37824,82,4536.077105
75.686763,315,4538.03198
115.648472,558,4541.498799
-43.077749,716,4545.975379
182.338972,355,4556.145638
60.286382,319,4558.115078
-90.049702,248,4559.666569
43.136157,435,4562.455961
47.979884,289,4564.279057
50.457288,248,4565.830477
609.265637,1000,4580.687677
-135.691015,471,4583.614169
187.376564,463,4586.524114
171.733731,546,4597.961646
63.575166,275,4599.679798
310.423337,438,4602.45937
9.881911,69,4602.878856
117.891047,411,4605.458812
91.893142,1000,4621.802321
60.58599,386,4624.222008
45.141861,209,4625.514854
103.200263,203,4626.800303
58.097699,206,4628.130567
53.91032,267,4629.779411
-126.295827,354,4631.967722
45.402286,82,4632.458797
220.382067,960,4648.625298
273.028564,1000,4654.858441
-89.007038,262,4665.377944
255.229073,681,4669.739214
231.790224,752,4674.353569
40.505774,289,4676.114779
-5.238074,120,4676.863871
47.753737,249,4689.408704
51.902113,272,4691.103711
939.433807,1000,4697.292257
84.215915,282,4698.99409
124.606589,243,4700.480321
-39.724292,504,4712.288483
41.881506,244,4713.786604
43.04687,242,4715.22397
-1.760456,54,4715.565964
43.878112,276,4717.305365
12.942916,117,4717.99948
766.339692,1000,4734.868935
33.674035,74,4735.312033
79.48745,330,4737.352677
98.86128,183,4738.481778
99.096039,443,4741.257984
61.6064,318,4743.177878
54.771355,273,4744.811454
70.984093,510,4757.820139
-57.231961,208,4759.103098
628.573297,1000,4765.202819
26.048187,127,4765.997929
70.680402,270,4767.672872
107.098751,388,4780.852111
169.669372,1000,4786.968261
0.639013,315,4788.946625
283.409052,540,4803.254969
145.078286,572,4806.807532
88.830494,217,4808.158397
53.211932,265,4809.782678
92.734266,293,4811.588224
58.882139,306,4813.428636
71.953794,636,4827.246677
48.99503,234,4828.693804
76.996038,410,4831.254858
57.510098,233,4832.667113
-344.06251,1000,4848.841689
72.285821,487,4851.886026
88.414336,280,4853.650875
64.506135,268,4855.309747
655.513417,1000,4871.768134
16.536207,232,4873.228415
62.023053,414,4875.792915
62.099783,371,4878.094145
96.636567,582,4881.671625
120.937906,585,4895.370274
132.760693,297,4897.145746
227.798354,328,4899.165118
681.063968,1000,4905.294168
108.241029,577,4921.957411
664.357455,1000,4928.073698
80.151423,1000,4945.141281
92.874205,474,4948.060147
664.376798,741,4952.719686
638.673391,1000,4971.096849
88.010017,425,4973.690765
495.779189,1000,4992.58022
6.351031,63,4992.99648
550.475789,1000,4999.254761
47.033505,376,5001.568057
103.806426,1000,5017.223382
-49.371035,1000,5023.41674
667.452096,1000,5038.897543
115.868102,326,5041.071778
140.78823,358,5043.342923
-66.010991,273,5045.050231
72.932584,134,5045.89035
-636.70561,1000,5064.185286
-107.653101,1000,5070.595956
330.410812,1000,5088.400867
786.872318,1000,5094.810262
78.358282,465,5097.763282
61.915938,300,5109.625342
86.899076,213,5110.991248
247.394081,806,5116.084532
52.548084,432,5118.829674
5.728021,107,5119.474645
-31.827529,47,5119.782206
53.063047,283,5121.567446
-92.188419,267,5132.722335
61.1802,386,5135.09347
365.038597,1000,5141.311944
749.454076,1000,5159.388786
2.575126,231,5160.858415
45.691831,288,5162.646665
29.208727,223,5163.989995
53.329438,267,5165.703484
693.284368,831,5182.94467
-37.873015,513,5186.188152
114.476221,272,5187.89886
-155.200309,376,5190.278855
79.729957,294,5192.071482
63.553318,224,5193.455225
52.501361,218,5203.817478
835.312377,1000,5210.160213
552.495977,1000,5227.482126
23.514224,196,5228.755809
54.960185,204,5230.035008
560.312675,1000,5236.333914
328.735817,1000,5254.064697
262.036785,829,5259.208817
69.489068,301,5261.094329
6.736025,271,5262.751832
95.768634,352,5275.953537
50.922167,297,5277.806171
1110.39215,1000,5284.13532
70.444165,273,5285.805069
187.736439,411,5298.644701
758.436971,1000,5304.93714
59.081974,276,5306.662836
38.078546,204,5307.916069
106.430454,271,5309.647317
942.317844,1000,5326.598652
134.02405,342,5328.79831
583.592786,1000,5348.043507
722.068866,1000,5354.306132
-0.745008,78,5354.766629
6.826824,137,5355.602085
72.871326,425,5358.285321
-107.421836,300,5371.366345
208.641757,564,5374.838988
80.61008,488,5377.861683
177.099939,441,5380.673687
784.957129,1000,5399.521911
37.633308,1000,5405.851988
-109.48107,216,5407.237583
59.054537,289,5409.031017
44.544146,237,5421.885315
62.218596,222,5423.238303
668.891048,1000,5429.51576
14.505595,268,5431.297842
122.220737,763,5447.084514
11.833877,126,5447.874135
106.905195,553,5451.361914
180.549874,545,5454.780403
70.237549,249,5456.347816
65.61216,233,5469.180367
158.927128,1000,5475.3895
651.933054,1000,5481.664276
68.849325,264,5493.574286
775.865692,1000,5499.834024
27.005203,112,5500.500931
48.173226,395,5502.999481
38.775741,113,5503.671886
702.075079,1000,5519.984229
573.759029,1000,5526.254012
71.892632,243,5527.727187
62.428582,586,5541.528749
71.507116,326,5543.600943
971.259396,1000,5549.71097
33.650592,207,5560.757282
33.960898,115,5561.485748
267.333566,1000,5567.78548
3.322885,55,5568.150362
642.981842,1000,5587.960466
88.571572,225,5589.395128
112.264636,343,5591.538945
183.984166,834,5596.767615
1.971609,60,5597.144158
62.637023,313,5599.089632
807.416081,1000,5617.601679
368.315915,698,5621.986056
-298.130725,471,5634.988489
39.119713,205,5636.320642
1200.935672,1000,5642.688604
-58.238781,139,5643.551356
36.257685,116,5644.257244
501.22484,1000,5660.579296
22.977598,241,5662.10359
744.008346,1000,5668.357342
10.446677,59,5668.731226
228.510659,1000,5685.296189
119.940382,475,5688.302689
229.714179,335,5690.384714
728.674718,1000,5706.789781
64.413809,223,5708.141195
79.58426,448,5710.930303
107.460399,272,5712.626278
42.914805,245,5714.122211
82.67846,475,5728.63922
71.739763,1000,5734.863252
101.418739,374,5737.152535
61.196104,261,5738.770369
74.89048,363,5751.883125
17.112974,280,5753.639636
65.488277,158,5754.650369
109.984652,919,5760.323019
221.821394,387,5762.781502
116.037454,1000,5781.289876
-52.619236,102,5781.903036
322.632104,1000,5788.098504
-66.062664,235,5800.932238
6.8614,99,5801.55866
80.090929,191,5802.776714
488.534414,1000,5809.026248
101.149924,222,5810.376071
104.504931,240,5811.899423
102.683078,243,5813.414564
349.042053,550,5827.473291
29.835156,120,5828.22095
232.340914,525,5831.492025
386.684467,1000,5846.874041
-168.177681,482,5849.929966
721.848989,1000,5856.179182
31.46703,111,5856.874618
53.361575,316,5858.833368
-31.630756,226,5870.234828
61.868073,292,5872.090364
770.443174,1000,5878.321124
832.550096,1000,5896.983571
682.807085,1000,5903.264889
90.130033,241,5904.790874
-54.578159,65,5905.194548
52.557159,184,5906.331207
76.039127,372,5918.822423
102.481158,198,5920.072233
220.760302,585,5923.72669
50.667037,335,5925.793948
83.153269,404,5928.323908
93.060045,339,5941.689958
42.867501,262,5943.375645
73.124137,476,5946.331178
58.082606,330,5948.375312
74.574616,400,5950.848765
-40.453878,87,5951.415361
117.235152,479,5965.721709
92.19377,217,5967.111292
387.430936,1000,5973.389573
81.61203,272,5975.092133
-188.174514,1000,5992.621416
124.962733,248,5994.18804
363.085409,1000,6000.567913
75.478781,258,6002.184336
80.848134,346,6015.695444
727.241811,1000,6021.916695
42.577223,213,6023.216662
43.651836,357,6025.437333
74.202114,320,6039.199927
131.18817,249,6040.743355
60.017852,244,6042.295223
97.88275,386,6044.708521
81.313864,330,6046.761775
-39.07841,609,6050.570259
-511.529835,1000,6067.437636
462.020573,1000,6073.684291
594.502295,1000,6092.71515
106.94853,378,6095.049428
37.693688,320,6097.015168
68.907092,264,6098.684906
75.213342,380,6112.213793
527.224799,1000,6118.478474
109.177245,234,6119.996634
110.286186,181,6121.26767
111.185571,334,6123.327642
48.114806,93,6123.920914
483.156121,1000,6141.772622
304.607186,897,6147.414186
44.283941,235,6160.359429
641.040762,1000,6166.755918
276.464645,389,6169.206963
727.333982,1000,6187.587913
92.804799,302,6189.51987
277.626296,826,6194.774805
691.4082,1000,6211.92398
-69.849795,468,6214.904406
171.402075,270,6216.616751
49.184921,182,6217.773266
-40.83844,162,6218.777094
28.865701,204,6220.09099
53.191314,167,6221.131319
1175.536806,1000,6239.515596
76.827714,154,6240.520206
30.027669,188,6241.763041
28.801655,179,6242.899196
230.50334,404,6245.441338
965.464776,1000,6263.512935
43.355088,153,6264.443732
449.370289,1000,6270.797667
13.757134,300,6283.503609
35.330998,247,6285.022517
782.015956,1000,6291.342066
705.625067,1000,6308.303667
160.456586,439,6311.10778
54.496827,237,6312.59834
33.880044,112,6313.326357
81.200865,247,6314.887154
312.448943,1000,6333.175704
474.624854,1000,6339.517389
72.105526,267,6341.155787
47.319445,248,6342.703428
63.318293,375,6356.738983
-118.759254,286,6358.540209
618.165597,1000,6364.970835
726.906974,1000,6382.367579
58.3882,149,6383.291036
151.377194,593,6386.931215
214.693767,728,6391.531188
572.240313,1000,6408.927794
428.108578,1000,6415.217334
989.836239,1000,6432.740303
25.850989,216,6434.082834
880.636694,1000,6440.269888
321.53035,1000,6457.950378
1211.376528,1000,6464.20926
-20.186884,183,6475.824725
119.202433,189,6477.020529
394.366324,1000,6483.322243
709.441118,1000,6500.26928
656.660731,1000,6506.539723
84.49419,231,6507.971586
672.105957,1000,6527.162759
72.749592,345,6529.263421
609.91377,1000,6535.471896
74.526726,293,6537.275266
392.314847,1000,6554.159838
49.390645,156,6555.119439
183.113258,295,6556.924335
200.526354,857,6575.256244
107.9664,345,6577.488532
60.611949,197,6578.727229
112.014313,332,6580.808935
260.970667,335,6582.903108
361.828209,532,6586.307336
673.226789,1000,6603.28195
47.466958,190,6604.457778
247.231461,445,6607.242223
66.219883,268,6608.92887
78.191556,239,6622.646623
702.7079,1000,6629.031321
97.185908,285,6630.902257
28.069424,222,6632.325871
53.649115,144,6633.205307
589.479679,1000,6650.907782
451.048436,1000,6657.151021
833.840391,1000,6674.979753
104.773157,1000,6681.246803
387.098544,1000,6700.260971
162.037035,304,6702.18835
390.467696,1000,6708.464707
258.016394,1000,6727.05562
-364.216612,1000,6733.224311
634.117502,1000,6751.38189
385.083995,1000,6757.669639
62.415225,226,6759.084502
-58.980328,1000,6778.385915
10.346715,286,6780.239453
45.383009,152,6781.264352
112.758428,270,6782.945912
-79.737727,311,6784.85095
28.815459,135,6795.861477
717.56333,1000,6802.197322
23.38088,142,6803.080256
630.475808,1000,6821.088234
106.300969,406,6823.653481
43.212027,186,6824.830039
458.965078,1000,6831.072755
27.146963,153,6832.038799
665.422674,1000,6849.142028
36.97204,167,6850.210709
582.200922,1000,6856.5663
23.843137,187,6868.789572
228.530638,491,6871.954283
115.233918,219,6873.360476
29.010556,205,6874.642052
760.641927,1000,6889.757433
467.802232,1000,6896.14293
0.281295,71,6896.588894
-89.726251,197,6897.813246
-28.072215,174,6898.926949
65.681438,183,6900.092858
53.562809,110,6900.901271
138.160256,562,6914.930632
74.344056,262,6916.613724
836.153876,1000,6923.036083
159.665103,531,6926.454937
832.557717,1000,6943.998239
130.225507,201,6945.266936
50.347375,160,6946.317101
676.98184,1000,6964.464103
40.647429,165,6965.518696
464.709667,1000,6971.844953
95.275878,311,6973.785849
121.496715,429,6988.548424
77.406774,306,6990.539807
98.242366,187,6991.839739
614.908368,1000,6998.127688
445.658658,1000,7015.917674
563.670947,1000,7022.327559
113.491949,292,7024.14545
665.206363,1000,7041.995476
177.452183,465,7044.896744
30.846642,134,7045.722711
51.998837,166,7046.820513
257.281913,538,7062.881718
548.732305,1000,7069.267118
99.997869,397,7071.814278
-32.509638,264,7073.510112
193.838227,405,7086.741574
727.285013,1000,7093.15704
27.213248,176,7094.285741
1004.102343,1000,7112.343225
77.71094,240,7113.88274
84.561256,245,7115.477004
152.739607,421,7118.152909
451.274217,1000,7134.958843
101.26604,280,7136.766146
79.297545,322,7138.790615
534.224615,730,7143.494925
1126.363492,1000,7161.079013
94.585787,271,7162.790834
92.285183,156,7163.76941
60.095585,219,7165.175164
7.37936,113,7165.892755
303.426389,1000,7181.783565
190.592665,552,7185.287253
9.157142,182,7186.46193
259.90949,1000,7192.802294
-27.317076,227,7203.36024
52.297242,288,7205.211015
242.221531,1000,7211.575563
654.124826,1000,7227.760367
547.797861,1000,7234.143176
707.807468,1000,7251.283492
84.665103,186,7252.448266
429.725788,845,7257.82461
95.368158,198,7259.06953
160.851895,597,7262.933753
93.197178,182,7273.778938
12.403679,133,7274.656363
-6.425856,81,7275.208602
536.849436,1000,7281.485058
15.83167,129,7282.297009
-62.368202,281,7284.081485
63.775636,244,7285.564447
-49.397404,144,7298.158229
21.826327,181,7299.267376
98.248655,205,7300.603061
49.586592,289,7302.426011
40.462688,596,7306.202247
24.305063,148,7307.206159
878.288338,1000,7327.196202
42.543441,135,7328.096296
56.79012,326,7330.218997
-176.260782,536,7333.644163
-66.754326,248,7335.233735
68.92459,391,7351.311027
-29.754372,214,7352.631704
119.18729,1000,7358.952659
313.771464,1000,7378.263425
82.431745,208,7379.554608
70.448042,198,7380.886694
273.005834,250,7382.496322
-125.772565,1000,7388.860982
945.742836,1000,7409.718689
123.641268,325,7411.910466
130.133681,309,7413.84444
707.614217,1000,7430.345436
-603.908556,1000,7436.735801
943.497088,1000,7451.724989
-51.782933,194,7452.96266
173.228268,1000,7459.330416
3.554737,133,7460.18556
105.740359,194,7461.438315
124.975853,766,7476.461918
99.261946,241,7477.967133
69.230297,179,7479.13243
86.047063,215,7480.515942
517.968129,1000,7496.271094
52.002959,184,7497.459917
67.629434,136,7498.309979
210.527173,1000,7504.733591
82.470906,262,7506.375824
132.7236,407,7520.006928
-51.437099,228,7521.503721
80.204272,180,7522.66529
669.300092,1000,7529.017892
217.502057,588,7543.31359
743.676704,1000,7549.674261
62.864148,194,7550.904015
-6.768758,119,7551.666189
45.788104,182,7552.814814
27.999648,172,7553.872901
101.612053,259,7563.330851
43.297437,143,7564.268862
669.611599,1000,7570.61332
-9.976139,1000,7587.060264
-144.417309,451,7589.947873
40.782394,147,7590.938731
108.763275,369,7593.322179
23.257853,82,7593.812562
-42.847248,208,7595.146001
94.870788,200,7596.38241
26.198744,133,7597.213064
62.635956,314,7599.199073
313.763999,1000,7613.921319
617.803912,1000,7620.290066
709.329993,1000,7634.577451
96.182334,172,7635.671025
129.407544,287,7637.572591
2.582593,71,7638.043647
44.077997,162,7639.058516
743.900322,1000,7656.258936
558.496772,1000,7662.671636
17.496228,159,7663.657943
-42.504869,90,7664.23506
-95.351619,289,7672.950957
45.636105,162,7674.00842
645.570628,1000,7680.362308
128.201293,369,7682.792426
-29.773842,185,7683.940347
282.30375,1000,7699.262965
32.371437,85,7699.781369
603.726507,1000,7706.112453
17.364569,176,7707.229496
581.800549,1000,7723.013354
56.289322,224,7724.423158
64.972862,169,7725.534844
14.975224,71,7725.980922
32.826088,129,7726.821896
265.808973,972,7737.870456
15.784068,148,7738.865519
727.896423,1000,7745.352668
767.117426,1000,7761.434422
3.569652,118,7762.187755
490.609889,1000,7768.476286
442.044019,741,7778.390741
55.930167,148,7779.345135
43.608813,172,7780.470575
113.097685,491,7783.611239
768.117674,1000,7797.143185
171.837057,433,7799.940112
47.178523,135,7800.797729
298.182533,1000,7807.280062
561.769437,1000,7820.936867
669.916885,1000,7827.371797
185.579652,755,7841.692761
372.027866,837,7846.933683
47.954019,175,7848.055887
3.998787,172,7849.105175
472.742882,1000,7862.848821
-354.708932,1000,7869.237581
67.781416,240,7870.748343
7.834757,50,7871.075442
631.090372,1000,7884.730413
600.629013,1000,7891.131532
46.12892,339,7903.733735
604.389282,1000,7910.080257
82.569617,198,7911.33709
81.575648,226,7912.780149
88.704429,276,7914.529963
536.688707,1000,7929.782737
63.152639,95,7930.386871
40.266453,190,7931.59502
173.326019,796,7936.667156
42.296224,139,7937.540195
965.423961,1000,7953.475774
-28.964776,106,7954.177186
5.009436,243,7955.73789
103.145144,227,7957.14395
56.901695,170,7958.240511
-131.617204,609,7970.742041
55.397818,151,7971.705413
176.82161,405,7974.300048
533.822964,1000,7980.64075
25.40527,136,7981.595367
70.569301,137,7982.468054
856.057741,1000,7993.648516
766.586011,1000,7999.912238
771.270944,1000,8013.378594
631.168949,1000,8019.741424
21.031677,179,8027.693685
-4.880112,145,8028.616791
102.987149,366,8030.965801
27.031816,300,8032.878604
29.565064,154,8033.90492
5.353595,142,8034.802787
109.80962,158,8035.801815
1041.425512,1000,8050.806206
83.2392,216,8052.154082
662.30911,1000,8058.470174
228.257243,500,8061.623588
65.033433,159,8069.718888
76.386579,240,8071.328796
-285.579381,902,8076.98859
557.681108,1000,8095.105016
719.386245,1000,8101.504038
36.316753,227,8102.96575
137.548221,274,8104.671135
9.058049,169,8105.751948
388.37659,1000,8118.427851
98.67089,175,8119.558863
601.728554,1000,8125.878851
56.08666,188,8131.797001
99.2295,325,8133.87979
65.422014,276,8135.610315
599.868614,1000,8141.904405
95.03127,189,8143.084724
138.972893,424,8153.455472
340.149966,1000,8159.885871
11.218674,142,8160.794023
62.518304,146,8161.802608
212.478507,506,8164.994927
124.390527,365,8172.903488
826.474084,1000,8179.276773
306.462652,1000,8192.480737
74.07728,140,8193.365077
73.732214,216,8194.774606
86.823358,174,8195.865931
512.173939,1000,8202.146151
215.081796,1000,8216.660479
60.632154,269,8218.370365
76.367458,311,8220.365683
15.694846,127,8221.255651
585.15082,1000,8235.729418
669.671736,1000,8242.1
122.531364,249,8243.678721
62.921804,169,8244.754347
771.772923,1000,8257.33107
98.456151,265,8259.037906
621.828791,1000,8272.685776
-101.648852,427,8275.432411
105.108425,249,8277.024901
36.635824,176,8278.104821
672.754777,1000,8284.548327
133.862927,509,8297.636029
126.220983,523,8300.978497
189.089967,445,8303.813722
1.034264,160,8304.85138
894.052568,1000,8320.413748
65.583921,192,8321.626934
93.77667,173,8322.73619
93.829072,216,8324.074151
-120.798017,504,8327.219735
95.686218,183,8328.378131
-32.371182,139,8329.250495
276.725324,1000,8344.313972
109.637922,252,8345.910871
628.290496,1000,8352.283405
122.021568,446,8362.359689
161.182173,483,8365.423346
9.008094,228,8366.837907
69.142248,182,8368.02709
101.753817,264,8369.708206
-54.485755,116,8370.449927
132.783713,478,8379.040847
940.695844,1000,8385.35624
655.429995,1000,8401.729012
54.053712,144,8402.630239
317.22351,432,8405.368435
217.196504,929,8411.273191
757.135834,1000,8424.628847
334.331399,1000,8430.934612
31.219402,179,8432.10704
-553.68658,1000,8444.893211
81.898716,253,8446.50566
375.934554,1000,8452.782508
23.25476,175,8461.768908
49.062968,179,8462.955822
-4.588472,114,8463.692338
-7.094512,47,8464.00457
901.317149,1000,8470.291792
905.178096,1000,8485.617926
46.515233,168,8486.68933
17.980035,344,8488.858836
8.848803,163,8489.924814
-41.511133,95,8490.496026
957.335424,1000,8503.010118
80.798372,278,8504.806889
44.496468,199,8506.051371
-3.051748,1000,8512.393359
-50.372369,188,8513.587021
56.988336,253,8515.192087
220.4604,377,8527.134732
30.543652,159,8528.198239
24.780663,167,8529.277919
357.275669,1000,8535.662003
35.187112,147,8536.593751
-47.300011,221,8538.011564
119.473148,300,8546.461601
-61.32369,172,8547.551827
-40.272944,153,8548.537738
952.6136,1000,8554.97789
-567.419298,1000,8567.600368
-80.542025,274,8569.316181
426.051307,1000,8575.698797
216.888784,1000,8589.478727
39.526645,175,8590.592155
-20.266749,202,8591.871643
191.473961,1000,8607.816968
491.853852,1000,8614.351356
46.379076,421,8616.983854
20.759425,138,8617.85451
-85.575378,1000,8635.333485
98.281816,263,8637.017164
299.905042,1000,8643.502014
6.540104,1000,8657.835068
291.449589,755,8662.619593
325.35473,1000,8678.833071
55.531717,321,8680.883614
85.084223,308,8682.824089
798.922804,1000,8696.436328
2.51615,198,8697.709213
-16.267955,60,8698.094619
-60.745584,280,8699.921897
159.336324,1000,8706.400703
592.847222,1000,8718.126209
778.936727,1000,8724.497199
138.025417,1000,8738.480211
25.862447,212,8739.822654
-10.163527,154,8740.825908
806.86829,1000,8747.175529
67.035905,275,8754.045665
665.633715,1000,8760.356246
50.92516,201,8761.792972
85.466107,172,8762.843423
17.340065,215,8764.248572
469.599754,1000,8777.379965
-38.601272,115,8778.098281
23.786385,101,8778.750426
-7.227333,298,8780.605018
45.518781,119,8781.352442
219.204153,397,8783.861703
30.891995,182,8785.027834
876.436638,1000,8797.918992
706.063566,1000,8804.26083
39.445256,162,8805.31269
16.792457,162,8814.055165
45.891107,159,8815.097186
653.288905,1000,8821.62237
-30.796338,96,8822.208328
-189.210732,481,8825.299541
3.939574,43,8825.549961
55.347034,197,8837.755533
577.549149,1000,8844.179763
182.082135,460,8847.060776
13.838458,49,8847.384056
13.202485,228,8848.805839
99.195438,252,8850.413596
843.256299,1000,8866.685888
92.225623,332,8868.792349
687.713869,1000,8884.22223
99.272283,312,8886.241849
-14.719918,104,8886.892376
476.955576,1000,8893.269401
73.950756,174,8894.38449
23.715121,124,8895.164365
96.24663,308,8904.224795
33.916459,222,8905.672783
102.114569,633,8909.722522
861.423359,1000,8924.850967
69.035912,207,8926.210352
612.805746,1000,8932.565143
1203.813554,1000,8945.722063
84.518951,503,8948.933047
74.773738,161,8949.961347
48.8343,268,8951.675565
225.142459,1000,8964.995209
948.59952,1000,8971.571195
85.291309,212,8972.881045
37.362283,170,8973.956892
207.032268,1000,8991.326656
408.070382,1000,8997.725979
733.058783,1000,9011.257605
315.083189,678,9015.589786
630.823277,1000,9031.337693
30.13427,370,9033.747963
944.286616,1000,9040.122025
945.554532,1000,9055.216638
195.491014,735,9059.887475
818.806616,1000,9074.255088
77.337433,221,9075.680759
52.039149,198,9076.951162
46.797106,148,9077.935999
113.068878,618,9081.85962
-31.033961,1000,9096.634498
85.726811,226,9098.097886
10.957703,76,9098.565588
695.572373,1000,9104.884511
-59.312513,229,9106.352046
972.797581,1000,9119.103763
91.826283,280,9120.900557
110.947781,316,9123.007648
113.195181,324,9125.062349
379.705531,1000,9139.126335
58.660294,177,9140.247347
567.420206,1000,9146.634581
79.262223,215,9147.96165
17.821798,141,9155.710369
-34.739362,1000,9162.118793
213.909982,405,9164.740943
104.499959,271,9166.482699
482.490789,1000,9179.84971
1111.16754,1000,9186.350785
253.372833,803,9196.906421
571.238484,1000,9203.231558
56.55192,151,9204.234486
39.957699,253,9205.817309
891.217151,1000,9220.893672
-30.433713,185,9222.091762
96.712539,183,9223.274536
1091.687624,1000,9237.435752
89.810295,194,9238.715969
287.09404,846,9244.231083
-23.156732,209,9245.557782
366.929665,1000,9258.837999
45.974295,428,9261.519798
-3.044041,138,9262.370912
327.770628,908,9268.15793
73.143812,215,9269.497416
780.037653,1000,9281.484204
707.365687,1000,9287.896208
-24.087335,293,9298.823941
17.322138,334,9300.990606
978.459046,1000,9307.503001
108.5236,269,9309.217477
129.78044,266,9310.918158
678.888782,1000,9323.219904
328.532515,1000,9329.573725
550.8203,1000,9342.851998
908.620604,1000,9349.373107
923.56159,1000,9363.778093
201.01013,526,9367.087981
37.649309,106,9367.769188
48.876084,130,9368.5947
-266.193089,906,9381.520174
101.508354,210,9382.889769
-119.798993,500,9386.041365
48.480992,119,9386.827116
665.254688,1000,9402.17366
736.971091,1000,9408.508014
50.93894,137,9409.411611
65.931885,149,9410.344854
66.022477,160,9411.342987
563.050094,1000,9429.510016
618.967982,1000,9435.909315
57.632703,247,9437.471571
729.829542,1000,9451.067514
55.441261,142,9452.080709
19.607806,247,9453.636948
1210.407517,1000,9467.979578
61.339928,282,9469.758237
88.345674,260,9471.397115
224.838629,1000,9477.810252
153.711594,592,9490.060495
65.110422,209,9491.373759
556.211489,1000,9497.730471
56.518693,226,9499.199908
15.419225,156,9500.195323
24.887295,123,9500.981949
99.434039,227,9508.857227
60.411599,185,9510.030552
64.925631,211,9511.480352
226.006947,518,9514.773372
27.835287,118,9515.541763
71.955833,680,9519.810155
124.352624,360,9529.840464
104.379856,276,9531.619516
670.942788,1000,9538.008862
682.674558,1000,9553.081125
-22.17726,173,9554.169849
58.205749,157,9555.164928
-43.926158,155,9556.124424
-3.572012,83,9556.643848
102.998768,196,9557.897146
32.339239,181,9559.048889
733.239678,1000,9573.880279
52.871189,174,9574.987697
10.885087,64,9575.39405
5.8501,236,9576.877815
644.12439,1000,9583.22335
437.166328,1000,9595.743312
661.92945,1000,9602.066418
496.866121,990,9615.715116
29.18515,195,9616.948146
86.4131,146,9617.852123
83.219248,291,9619.667106
52.472853,152,9620.665201
67.227402,170,9621.758329
102.452606,213,9623.107111
41.822415,246,9632.997078
98.632431,257,9634.640228
250.624958,570,9638.280351
98.148223,277,9640.053557
-143.79694,448,9642.961138
158.826274,334,9645.075038
585.243239,1000,9659.482894
587.842756,1000,9665.907934
97.941223,243,9676.962333
-47.410672,141,9677.865899
647.469812,1000,9684.273634
400.931483,1000,9699.865422
103.2079,323,9701.892937
42.546173,184,9703.085118
589.24454,1000,9709.440075
727.078652,1000,9722.889776
60.411994,165,9723.903812
80.757889,177,9725.043775
643.203077,1000,9731.389374
1208.213423,1000,9743.537776
298.877319,617,9747.482569
826.880566,1000,9762.925025
623.191033,1000,9769.231697
298.45448,1000,9784.208974
59.281943,253,9785.835089
87.497112,257,9787.462713
29.718989,298,9789.382596
365.748102,1000,9805.123272
63.232353,163,9806.171526
966.577325,1000,9812.597018
1014.703124,1000,9828.765347
1053.059372,1000,9835.17993
57.245537,111,9835.862308
49.801496,126,9836.676124
81.883463,233,9838.172708
82.389121,126,9838.975487
212.181634,424,9849.273804
709.640074,1000,9855.606232
361.620821,1000,9871.089861
55.17191,202,9872.455547
49.292571,110,9873.169282
988.834017,1000,9879.503587
735.005149,1000,9891.627942
-393.600486,1000,9897.967596
153.227285,518,9908.499983
88.683759,389,9911.022829
128.819847,293,9912.87105
54.492688,146,9913.837159
-59.057708,147,9914.791496
85.868442,199,9916.08461
776.415645,1000,9930.896591
617.5581,1000,9937.347714
106.956716,361,9939.693302
185.828337,188,9940.892785
6.183668,299,9942.78397
663.505082,1000,9956.290101
72.853511,272,9958.01694
499.750743,1000,9975.883911
115.100914,267,9977.597256
458.788114,1000,9984.035804
24.519676,92,9984.605294
470.60362,1000,9999.357033
424.208084,1000,10005.746237
-242.209028,698,10016.749061
-101.71153,281,10018.563927
-17.803016,1000,10024.954072
850.084873,1000,10038.688104
69.098321,154,10039.643641
-13.832179,134,10040.542942
178.169712,555,10044.081467
352.059065,1000,10058.558609
1212.767585,1000,10064.890527
844.597735,1000,10079.613233
506.844274,1000,10086.078556
120.897037,316,10088.082299
54.866125,155,10089.049937
469.92351,618,10099.546966
156.767703,707,10104.089931
199.494987,1000,10110.376187
60.877749,185,10111.628959
68.447497,260,10121.10707
75.375009,118,10121.863814
517.98289,1000,10128.303758
765.89414,1000,10139.461147
76.802958,211,10140.8225
89.448785,275,10142.624502
236.595423,1000,10149.005434
63.414975,326,10158.329169
200.548722,638,10162.426177
610.171795,1000,10168.757932
-54.95226,126,10169.560596
80.290868,220,10179.007155
38.260415,132,10179.879084
515.986261,1000,10186.199763
126.566443,261,10187.86028
476.467686,1000,10202.266564
791.762029,1000,10208.656205
143.90332,401,10211.201413
167.305354,1000,10228.306593
85.952192,216,10229.675426
29.714872,127,10230.486121
698.964185,1000,10244.477997
701.050323,1000,10250.755486
59.400654,110,10251.468854
152.441651,470,10254.458036
33.565863,96,10255.082237
689.433799,1000,10270.817638
820.503542,1000,10277.069009
5.296996,79,10277.557001
93.199015,194,10278.813776
68.584977,261,10287.264067
826.729093,1000,10293.683064
774.404115,1000,10306.558349
1186.013781,1000,10312.89882
-74.901335,148,10313.858041
153.239581,254,10315.47851
61.224374,198,10316.739709
44.105897,128,10317.557973
66.725137,182,10318.686297
49.406508,127,10327.278102
111.75422,689,10331.637775
753.870984,1000,10338.006886
5.574376,110,10338.70953
825.927135,1000,10355.591913
69.253944,167,10356.67232
50.454847,173,10357.794977
87.866477,179,10358.909109
49.37822,118,10359.646607
53.531597,152,10360.657608
740.135988,1000,10374.848717
-170.278547,406,10377.397174
83.714207,166,10378.411837
111.979638,346,10380.632532
-26.031226,137,10381.545837
1147.209504,1000,10397.667297
764.354752,1000,10403.986069
-63.083568,127,10404.803097
107.381105,234,10406.289314
73.723737,183,10414.00722
59.993842,196,10415.264707
481.776777,1000,10421.650352
-56.485647,177,10422.789593
52.161103,274,10424.490044
674.279108,1000,10439.141614
-2.270511,196,10440.356483
57.849193,147,10441.261401
56.691064,1000,10447.644431
75.552773,186,10456.736312
77.641887,217,10458.110451
88.348491,231,10459.58973
143.398867,1000,10465.808613
-123.726286,583,10477.298424
340.802183,537,10480.687939
34.456575,232,10482.106606
15.576048,107,10482.799344
1085.672744,1000,10489.098439
-38.670996,134,10496.246004
585.342657,1000,10502.650017
407.492325,1000,10514.645699
401.944121,1000,10520.970746
70.17549,186,10522.146105
709.776025,1000,10535.976807
950.605062,1000,10542.361145
110.526175,203,10543.639187
747.601494,1000,10554.461106
52.658579,115,10555.165019
-165.296355,592,10558.921008
86.540651,187,10560.09364
84.721837,172,10561.140723
151.054191,610,10565.037599
676.68719,1000,10580.884562
97.128105,185,10582.052131
74.992097,197,10583.265245
676.976733,1000,10598.960144
123.666197,248,10600.543071
94.207645,306,10602.499986
76.659218,332,10604.596218
5.722129,336,10606.702865
19.704173,116,10607.438262
-8.057036,130,10608.275132
486.949456,1000,10622.596011
52.394356,224,10623.971931
619.437545,1000,10630.344899
455.181975,1000,10645.420093
67.866193,208,10646.767624
66.320475,177,10647.849561
-428.551467,722,10652.481338
67.010378,221,10664.209312
638.448305,1000,10670.517312
765.550778,1000,10684.522983
89.658495,224,10685.949329
57.628035,133,10686.793324
14.021245,258,10688.419454
85.782178,164,10689.451583
-24.901051,188,10690.597442
9.838612,57,10690.956733
129.247353,308,10692.912652
116.702478,306,10694.844108
123.969182,319,10705.42773
103.036252,458,10708.316291
106.726212,194,10709.526871
612.122904,1000,10715.898234
18.4535,119,10716.6504
693.469143,1000,10731.922969
99.475354,255,10733.567954
313.661943,1000,10739.95769
7.335059,111,10746.728514
-98.429247,229,10748.19596
497.504505,1000,10754.533787
93.587625,168,10755.554421
12.295924,389,10758.01507
385.40936,615,10767.127096
74.396726,189,10768.339641
762.253556,1000,10774.821767
77.41724,212,10776.144412
60.878291,129,10776.969762
1086.670345,1000,10792.829999
88.790482,331,10794.901439
91.059963,148,10795.831628
732.340976,1000,10808.669664
365.660323,516,10811.958767
213.952889,457,10814.891278
239.145747,365,10817.235571
74.282037,276,10818.951174
1014.589057,1000,10832.567121
-264.916509,1000,10838.875535
63.95373,264,10848.785262
162.936212,356,10851.076009
15.660856,320,10853.133708
781.760051,1000,10859.491891
60.062944,383,10871.558117
-122.289639,382,10874.00504
-59.49454,181,10875.182566
699.110772,1000,10881.575395
37.594058,193,10882.808135
148.35465,297,10893.429928
745.994533,1000,10899.75037
-7.871809,138,10900.64313
-37.695468,200,10901.899232
-2.515327,138,10902.804642
652.173805,1000,10916.507238
-17.863204,107,10917.200189
6.193077,97,10917.804852
-10.836883,189,10919.01508
858.10148,1000,10925.449671
549.008671,1000,10939.159817
312.962717,1000,10945.528651
112.875896,358,10957.584966
632.72146,1000,10964.452332
68.592275,142,10965.449239
113.057596,286,10967.202378
43.330611,307,10969.18147
152.166813,407,10979.371377
262.160401,473,10982.728987
90.292552,279,10984.496332
723.586545,1000,10998.561193
390.446301,493,11001.701465
281.001705,961,11007.795636
22.506173,225,11009.230742
789.912305,1000,11024.114685
100.818761,246,11025.651528
214.739098,1000,11031.996864
440.12968,1000,11047.759017
420.642379,806,11052.87903
435.584061,1000,11067.744092
162.17071,439,11070.505588
788.758228,1000,11076.884727
23.976384,142,11083.367075
11.681074,107,11084.01972
625.976984,1000,11090.410363
25.226037,106,11091.101194
114.985594,241,11092.635806
-299.185641,1000,11108.487352
240.142055,1000,11114.880704
94.455857,160,11115.865383
556.937995,1000,11129.84136
517.57348,1000,11136.219346
46.494703,243,11137.767441
977.046133,1000,11151.553998
74.694884,255,11153.198901
786.392526,1000,11168.516679
40.139056,179,11169.687751
699.70624,1000,11176.092828
55.343965,169,11177.174479
709.486046,1000,11191.980548
558.337636,1000,11198.251089
53.319822,139,11199.118382
118.105751,209,11200.426937
77.602134,220,11201.848653
293.933766,440,11212.640301
538.532558,1000,11219.037248
39.196102,130,11219.863943
486.057397,1000,11235.922101
-24.278698,133,11236.768104
1046.912132,1000,11243.125644
86.053937,189,11244.330812
26.634423,135,11245.178291
726.53628,1000,11259.940274
205.606048,533,11263.322397
129.400503,266,11265.033427
36.778448,123,11265.787848
364.505102,1000,11279.719247
80.975633,173,11280.829384
710.434161,1000,11287.349207
-30.537057,201,11296.058796
522.676644,1000,11302.475563
150.191788,242,11304.009159
224.340479,550,11307.514577
131.333163,297,11317.160908
939.785761,1000,11323.602486
475.34642,1000,11329.950928
774.380176,1000,11344.054037
7.23265,199,11345.33501
644.989893,1000,11360.365835
61.845619,137,11361.235629
438.282654,533,11364.592739
1134.666984,1000,11370.958059
42.213881,180,11372.203308
86.062704,351,11385.684335
34.315065,142,11386.577494
73.385867,213,11387.948672
92.046045,227,11389.365183
32.737318,275,11391.140298
725.282544,1000,11407.250606
697.103151,1000,11413.726602
-506.135331,1000,11429.679941
386.864313,1000,11436.162251
755.410957,1000,11452.208918
652.768824,1000,11458.532598
80.95981,315,11460.543625
52.51813,171,11461.642293
645.743283,1000,11476.461448
32.817746,150,11477.415223
115.810738,202,11478.696351
68.879177,163,11479.751863
43.67809,171,11480.809951
49.374369,145,11481.747518
431.589049,1000,11495.808385
543.678156,1000,11502.184546
755.179581,1000,11516.675226
546.694367,1000,11523.15873
69.309461,206,11524.441143
41.553308,143,11525.35799
72.403884,219,11526.785568
-106.314578,266,11528.480534
423.093486,1000,11546.498368
-20.504706,109,11547.16906
147.87023,636,11551.196401
887.215558,1000,11566.864622
160.79224,482,11569.914862
-302.902818,1000,11586.79902
132.149166,1000,11593.261697
90.980467,251,11594.895867
295.948369,1000,11607.099556
427.218501,689,11611.50785
218.601876,1000,11618.022995
-31.493333,314,11628.868166
27.716559,104,11629.501374
640.474501,1000,11635.923008
50.662954,176,11637.064346
79.112594,281,11638.859915
75.049537,189,11640.055056
61.821559,171,11646.64589
399.342252,1000,11653.054441
-100.725219,288,11654.931401
-161.353517,379,11657.36068
87.857579,249,11668.240785
719.175742,1000,11674.7548
312.257697,1000,11681.076967
452.373536,566,11693.136846
630.298136,1000,11699.540744
16.126731,167,11700.608527
357.603782,1000,11715.489543
528.087193,1000,11721.889858
72.085308,172,11723.001203
53.678343,249,11731.206157
67.940802,312,11733.347356
-2.653422,126,11734.145411
1158.007235,1000,11740.482981
764.789534,1000,11755.69748
1.405311,111,11756.416648
54.968448,139,11757.3124
98.681206,187,11758.528808
669.5115,1000,11764.895649
815.853138,1000,11777.794878
55.727591,145,11778.714142
99.99413,227,11780.174433
42.694336,125,11780.97551
124.269061,501,11784.134536
885.449345,1000,11798.73581
-34.804073,177,11799.865307
-171.575455,629,11803.980404
54.008069,132,11804.831362
58.370312,136,11805.679146
43.068812,202,11806.93938
692.558479,1000,11823.174335
68.067369,246,11824.714181
991.666042,1000,11840.562984
-13.711896,195,11841.798605
43.88147,127,11842.611159
571.549821,1000,11848.999202
5.063106,33,11849.181538
262.359354,620,11862.215449
54.869388,161,11863.225574
944.696327,1000,11869.575486
48.500146,446,11872.387431
336.144121,1000,11887.266133
592.2653,1000,11893.685624
490.977357,1000,11907.149315
547.4761,1000,11913.573803
102.588979,407,11916.140389
73.721954,304,11926.591551
61.365682,201,11927.866313
38.70775,487,11931.016677
218.774558,1000,11937.387678
762.576113,1000,11950.765412
967.172565,1000,11957.061659
69.562204,261,11968.40295
757.996044,1000,11974.883226
80.420518,170,11975.982176
-76.497298,306,11977.885319
152.773709,287,11979.729766
82.213881,225,11989.830185
70.807071,396,11992.390857
38.640401,128,11993.196197
1068.161174,1000,11999.554535
29.405428,163,12000.606388
1022.413368,1000,12015.380955
1048.063664,1000,12021.785341
59.382488,325,12023.86832
-87.06488,320,12033.688072
28.148784,357,12035.953132
446.365281,1000,12042.301465
122.816102,296,12044.206444
75.764345,164,12054.8545
940.881236,1000,12061.256078
293.181296,1000,12076.065284
126.373092,212,12077.433071
560.318266,1000,12083.840075
-151.995467,432,12086.585574
718.071379,1000,12102.773781
523.139108,1000,12109.161012
26.911517,92,12109.735216
56.583417,158,12110.780164
75.972243,320,12121.540603
78.292089,1000,12128.002061
69.421674,291,12129.8803
869.044895,1000,12146.734541
30.539537,216,12148.157201
610.587584,1000,12154.615955
-336.295614,1000,12169.768679
630.258666,1000,12176.15268
131.75902,343,12178.338001
-216.356586,1000,12193.084106
735.761086,1000,12199.440108
55.349931,158,12200.471141
48.375754,147,12211.252544
133.764075,430,12214.126108
605.416976,1000,12220.413521
20.119459,936,12234.242465
82.842329,338,12236.368888
-85.005091,456,12239.303512
22.167275,183,12240.487876
125.640939,398,12243.155066
716.7426,1000,12256.775287
-330.816824,456,12259.694112
78.585243,296,12261.567726
89.625897,216,12262.914823
-43.540605,663,12276.239987
-164.900765,1000,12282.538624
797.523269,1000,12296.482594
345.473934,1000,12302.937119
665.506981,1000,12315.753959
-94.694264,335,12317.885261
109.354549,252,12319.484398
117.574284,582,12323.202659
278.711456,691,12337.114888
54.223395,242,12338.686744
54.937765,447,12341.583624
853.778049,1000,12347.996543
626.158819,1000,12364.042937
31.739071,243,12365.594033
45.783037,146,12366.521834
2.548339,74,12367.004134
876.658955,1000,12380.349855
1124.819699,1000,12386.842489
40.865965,141,12387.733794
-55.405557,1000,12404.177017
628.252926,1000,12410.536945
122.005941,428,12413.235265
42.138247,199,12414.515965
1099.599755,1000,12429.122718
35.398414,557,12432.660582
-157.658592,575,12436.321925
188.121511,1000,12453.304765
403.067648,503,12456.516369
125.005266,362,12458.795674
913.416517,1000,12474.471189
455.068508,1000,12480.906039
22.396876,143,12481.797558
1188.425234,1000,12496.9696
-4.356669,167,12498.052416
-191.593884,412,12500.710021
-9.935274,102,12501.338695
167.336985,332,12503.459334
38.068772,130,12504.271633
76.844335,155,12514.048408
39.417245,139,12514.944262
25.805097,350,12517.179601
218.597276,1000,12523.589074
-82.672191,184,12524.784455
95.68899,367,12537.352015
9.91247,143,12538.294616
148.478732,199,12539.575667
70.056023,270,12541.317494
792.851293,728,12546.085574
-53.455321,554,12549.578589
598.912123,1000,12564.947723
96.450728,266,12566.608684
-118.733199,493,12569.737446
149.062765,400,12572.369379
164.148098,329,12583.742414
107.280311,297,12585.684432
991.738806,1000,12592.094403
45.621132,343,12594.32304
677.038515,1000,12609.725859
462.005597,1000,12616.201785
70.118598,187,12629.042609
303.53073,721,12633.744397
46.781341,266,12635.425663
545.298646,1000,12641.778723
41.661692,91,12651.34854
68.286372,183,12652.545337
132.366911,353,12654.828104
-8.856232,87,12655.368993
115.008215,287,12657.226916
972.162269,1000,12663.706428
48.732435,149,12673.073597
927.123108,1000,12679.55485
724.527115,1000,12695.668546
-55.720023,259,12697.351345
220.226962,505,12700.656385
30.108718,133,12701.506311
38.160501,328,12703.594142
469.886132,1000,12716.858644
638.412048,1000,12723.317667
800.317561,1000,12741.741362
169.14265,340,12743.881546
751.554212,1000,12750.295243
25.881389,135,12751.145609
45.398463,211,12752.568856
29.167583,100,12753.207799
99.393472,332,12763.116453
33.642239,154,12764.10053
365.141536,1000,12770.516275
-3.856482,247,12772.059048
522.866646,1000,12791.024189
506.005645,1000,12797.433835
592.078578,1000,12810.637707
33.735411,184,12811.818211
30.029681,298,12813.782125
697.371795,1000,12820.166652
145.524502,275,12830.06164
770.095567,1000,12836.458453
57.479232,107,12837.114523
81.234814,178,12838.295393
72.071951,183,12839.468364
595.244777,1000,12854.532455
640.927885,1000,12860.925176
0.141995,84,12861.495547
70.544386,165,12862.502565
420.832406,1000,12876.538265
763.681694,1000,12882.899012
1235.822577,1000,12899.528561
44.806705,154,12900.508965
730.101836,1000,12907.031303
-4.396201,256,12917.886469
573.276821,1000,12924.212923
243.469019,1000,12938.869497
65.889686,155,12939.888423
59.177621,116,12940.649058
108.716176,681,12944.923914
384.918448,455,12947.804637
117.544113,518,12951.029365
69.586472,147,12957.915099
65.756195,118,12958.687456
1.488888,87,12959.219217
88.487911,220,12960.611079
-48.176032,230,12962.102676
76.578446,182,12963.370289
65.662458,181,12964.521723
-220.874511,636,12968.518555
295.449244,1000,12982.504734
262.932609,1000,12988.88589
803.41625,1000,13002.81455
325.543708,770,13007.785705
-74.920739,97,13008.427544
1011.513735,1000,13022.965653
-26.406554,411,13025.533498
122.049661,368,13027.894
-230.563822,843,13039.065932
94.398392,281,13040.89591
334.13172,740,13045.675214
89.816074,294,13047.618812
22.422028,99,13048.226513
27.449583,111,13048.95903
30.062613,181,13050.134805
113.478159,344,13060.897976
104.218686,184,13062.092505
706.014681,1000,13068.509291
604.239994,1000,13082.055147
233.794993,521,13085.504739
391.480819,1000,13091.921853
76.370163,146,13092.856101
59.629284,197,13104.225497
475.942125,1000,13110.638138
62.396856,305,13112.707271
60.074976,146,13113.613638
275.434701,1000,13128.047407
55.952497,217,13129.436908
51.010363,136,13130.305876
327.627712,1000,13136.715024
593.450566,1000,13153.826781
79.761569,308,13155.788292
601.853526,1000,13171.576754
224.151687,732,13176.368017
456.158432,623,13180.339438
64.784856,172,13181.447734
56.319574,132,13182.298925
864.846688,1000,13196.839752
114.091481,239,13198.392117
56.868631,175,13199.533392
1028.753153,1000,13205.9635
31.665318,115,13215.146823
53.104601,119,13215.902479
714.817229,1000,13222.351774
80.439778,169,13223.413782
-31.451095,149,13224.3919
-3.480173,150,13225.330167
42.916126,238,13226.871317
21.472139,111,13227.558273
17.078163,94,13238.754963
728.787214,1000,13245.219598
641.7675,1000,13261.431597
108.094405,1000,13267.949252
646.911475,1000,13274.366079
1152.351,1000,13290.706092
635.278231,1000,13297.234702
103.120424,1000,13313.034867
775.28632,1000,13319.457797
91.295495,193,13329.708863
468.959612,1000,13336.165316
1028.472242,1000,13348.746742
6.202167,204,13350.071765
42.080179,316,13352.108335
-247.043806,1000,13358.570499
1085.73464,1000,13378.056437
315.168235,1000,13384.574131
22.988372,201,13385.837794
416.154643,1000,13404.676794
730.326434,1000,13411.10853
115.104163,351,13413.43012
53.319546,435,13426.555892
68.473935,376,13428.95147
-43.748404,129,13429.759646
159.86741,252,13431.339042
158.631588,417,13433.973104
35.662578,221,13435.396174
154.271382,358,13447.14137
781.603346,1000,13453.536452
705.507001,1000,13470.753023
39.461608,106,13471.440442
754.639917,1000,13477.916678
38.819256,380,13480.32963
521.862162,1000,13499.798407
445.013322,1000,13506.39297
291.204953,1000,13523.226632
-275.756994,1000,13529.616473
110.19133,289,13531.487419
-14.777104,71,13531.929507
5.477803,236,13542.414896
47.459187,141,13543.318794
56.529854,251,13544.944014
45.396197,140,13545.825849
-25.772032,109,13546.52229
83.545918,483,13549.611265
30.504394,135,13550.467449
779.649299,1000,13566.639634
102.612165,712,13571.186903
361.206818,1000,13577.632308
56.804962,267,13588.365255
88.835856,299,13590.316663
67.311597,214,13591.712223
915.503572,1000,13598.213327
33.761174,147,13599.181576
80.07031,307,13611.16717
849.220459,1000,13617.569542
860.622621,1000,13638.239546
748.316873,1000,13644.647477
801.223395,1000,13651.083795
600.990121,1000,13666.446403
111.993335,388,13668.937431
89.048362,227,13670.352842
668.389647,1000,13688.40614
570.394576,1000,13694.746635
713.561934,1000,13710.1848
67.804222,214,13711.5095
48.622363,293,13713.466182
5.019206,90,13714.024619
-163.053888,337,13716.181
50.686877,371,13718.480528
531.296991,1000,13737.12714
697.970654,1000,13743.653093
49.844481,135,13744.522599
36.701377,128,13745.321774
43.735467,126,13757.078113
24.846897,97,13757.670733
83.550617,382,13760.10327
-622.02755,1000,13766.555636
81.620183,267,13768.25034
704.734429,1000,13786.243065
-49.057143,62,13786.639071
20.958002,58,13787.015888
43.693765,259,13788.653617
-43.392187,196,13789.906579
56.823045,214,13791.249091
283.473599,1000,13808.184598
83.859675,402,13810.72218
656.385698,1000,13817.15317
87.103197,375,13832.463631
1.080692,85,13833.080535
-10.085282,146,13833.977719
58.848383,293,13835.85761
47.195281,222,13837.238838
74.288117,261,13838.893211
60.000738,163,13839.945567
671.2585,1000,13857.797426
51.544968,187,13858.990808
19.212895,68,13859.419366
394.180238,1000,13865.917888
97.406566,150,13866.862014
0.210083,69,13867.304324
459.717342,1000,13885.485533
-37.592928,135,13886.337897
-91.943275,499,13889.496373
975.184314,1000,13906.808603
56.177465,231,13908.250842
-52.918954,83,13908.752315
-67.242779,563,13912.337784
49.102416,145,13913.256936
192.149705,535,13916.70641
-145.757903,385,13929.176265
82.105861,187,13930.366875
-34.687826,42,13930.612008
-160.749808,1000,13937.000084
900.726372,1000,13950.217272
53.776822,114,13950.909872
126.788372,241,13952.456065
963.313678,1000,13958.83233
2.995054,140,13959.723058
89.144161,276,13970.98059
824.783459,1000,13977.394915
887.021389,1000,13994.352771
591.424843,1000,14000.731494
-200.012158,392,14003.241636
83.785331,214,14004.632809
-3.765185,96,14005.214997
746.619104,1000,14020.58118
25.094571,55,14020.928488
-199.142796,656,14025.046596
289.13056,1000,14039.989104
398.113343,1000,14046.441741
779.675519,1000,14060.520892
497.294145,1000,14066.855317
581.80442,1000,14082.07872
39.216171,164,14083.11623
25.005386,102,14083.730783
861.16167,1000,14090.077005
1044.012471,1000,14105.547034
1060.749175,1000,14111.902177
39.822985,88,14112.450281
-6.484178,137,14113.368691
95.236019,196,14114.626229
-30.803376,168,14124.84599
16.252061,129,14125.67484
104.664275,213,14127.062996
471.42057,1000,14133.494934
44.972201,215,14134.89286
40.617834,242,14136.388917
-44.714985,134,14146.664685
689.484632,1000,14153.081967
128.81137,274,14154.821572
-41.761895,204,14156.170595
517.347421,1000,14171.793365
181.903906,252,14173.389858
900.666347,1000,14179.787054
613.008093,1000,14196.014086
779.325501,1000,14202.405953
379.331542,1000,14220.274054
766.842988,1000,14226.673536
163.476072,431,14229.426444
-136.098929,723,14243.544651
1132.993691,1000,14249.929924
-97.62088,91,14250.494823
1117.414292,1000,14265.196346
43.666159,230,14266.67447
1073.403054,1000,14273.056504
-267.679262,784,14288.270675
30.080658,268,14290.065014
70.33329,167,14291.126746
871.90208,1000,14306.102499
58.948872,167,14307.158261
205.935237,523,14310.579151
343.77891,1000,14316.998985
807.521813,1000,14333.769189
380.238563,1000,14340.115728
211.965975,697,14352.692399
172.719345,717,14357.26692
39.48913,157,14358.247254
157.154357,231,14359.729259
31.017058,486,14362.797413
-11.608879,561,14375.382938
797.841119,1000,14381.781077
813.873837,1000,14398.781033
140.893283,399,14401.366657
14.937701,156,14402.350198
875.765839,1000,14408.826538
260.887954,451,14421.541276
509.264263,1000,14427.97593
124.371741,348,14430.25765
-11.688445,104,14430.911529
53.474051,142,14431.828827
185.055536,408,14442.446496
171.009443,473,14445.504352
573.906907,1000,14451.925979
164.04383,421,14466.144366
88.263955,285,14467.934703
278.758649,1000,14474.378073
151.125732,780,14489.592622
37.736443,155,14490.569932
-112.025343,1000,14497.013154
-24.012838,195,14498.247983
331.41827,1000,14514.74845
-100.799554,128,14515.560743
659.595287,859,14521.026502
918.66973,1000,14537.731704
29.094218,185,14538.890938
66.081547,206,14540.257267
457.486882,1000,14546.63589
69.74965,160,14547.684707
70.37301,120,14560.363258
-44.93451,113,14561.070747
482.740109,1000,14567.551913
749.589902,1000,14587.148717
79.928793,205,14588.468115
122.639916,391,14590.978901
4.079617,106,14591.666652
-25.872153,111,14592.360351
66.950734,264,14594.113565
657.426474,1000,14612.934704
-143.582508,481,14616.017287
107.155876,827,14621.329401
-79.8697,190,14622.536547
385.274585,1000,14640.781934
972.595143,1000,14647.279031
36.756103,174,14648.412754
403.220343,1000,14666.442807
717.093223,1000,14672.978345
108.396995,265,14674.621746
830.851197,1000,14690.746418
-26.399122,83,14691.255925
718.520685,1000,14697.636989
10.190329,51,14711.290838
59.913686,478,14714.332657
670.975562,1000,14720.690474
1007.709572,1000,14736.619868
-13.605849,267,14738.321278
695.737576,1000,14744.612318
31.262301,153,14745.576752
1104.217308,1000,14760.995511
423.157567,1000,14767.434316
522.518834,1000,14786.194758
500.503269,1000,14792.740262
28.257312,77,14793.248103
24.022869,132,14794.078844
441.634676,1000,14812.049452
874.40296,1000,14818.406042
986.111521,1000,14834.067752
618.918432,1000,14840.423706
221.518914,389,14852.221216
30.932868,385,14854.808238
-20.096175,346,14857.00456
28.989267,329,14859.088184
181.533104,313,14861.090998
48.409133,210,14862.421639
586.036457,1000,14881.427744
176.486935,799,14886.622766
95.558418,420,14889.321433
465.212772,1000,14907.002786
23.460001,137,14907.886402
37.962268,118,14908.66365
-16.837327,397,14911.249375
70.299725,442,14927.679907
21.601053,130,14928.529484
682.898342,1000,14934.994934
66.619889,259,14936.656001
-264.863735,667,14951.450941
119.461294,382,14953.923456
808.190078,1000,14960.296695
759.319647,1000,14977.406251
54.421176,160,14978.411661
562.184336,1000,14984.781483
210.854709,1000,14999.799177
37.444232,438,15002.70334
450.890476,1000,15009.119123
123.1153,220,15021.020378
140.875505,251,15022.654405
227.401084,1000,15029.030991
152.257001,334,15031.131832
100.061305,385,15033.699177
68.537004,177,15043.759642
-712.462425,1000,15050.149441
177.113712,553,15053.635517
913.981356,1000,15070.06799
146.025936,589,15073.844882
61.503137,197,15075.080169
34.342669,123,15075.864986
137.637904,324,15077.918503
573.678071,1000,15094.359947
929.20101,1000,15100.790487
973.321512,1000,15119.256506
83.47754,196,15120.52776
67.56649,193,15121.752393
-42.630147,201,15123.144413
31.4138,342,15125.358427
18.354373,220,15126.75825
981.607352,1000,15142.841527
-35.720092,343,15145.042523
-170.844069,275,15146.78218
35.632753,100,15147.429156
814.345338,1000,15163.03119
253.075924,888,15168.757019
32.020091,160,15169.759848
27.769848,135,15170.625179
14.483489,82,15171.158113
691.694628,1000,15185.59147
481.831671,1000,15191.976392
-43.994168,306,15204.231078
475.242732,1000,15210.732578
919.416281,1000,15227.378898
57.804373,173,15228.470045
785.638395,1000,15234.905798
908.419062,1000,15252.791283
59.939347,183,15254.006427
52.893055,133,15254.871428
655.308013,1000,15261.240136
79.510268,293,15263.132345
818.707967,1000,15278.163718
643.652623,1000,15284.615116
-108.492392,255,15286.288863
-706.407399,1000,15302.268309
-9.783516,457,15305.282993
780.05507,1000,15322.723023
18.223434,73,15323.222592
-105.4716,128,15324.034185
-19.15519,66,15324.467808
92.372731,193,15325.699211
94.821937,189,15326.924483
494.021643,1000,15333.433032
198.571165,1000,15350.456059
695.151362,1000,15356.847958
42.086667,105,15357.533636
54.614468,148,15367.508447
677.127233,1000,15373.900183
8.095308,573,15377.609633
57.018086,213,15378.962316
331.363113,621,15391.305178
353.544339,1000,15397.8372
26.091865,84,15398.368261
242.322914,536,15412.539525
65.073549,165,15413.612462
25.418137,215,15414.979099
664.505446,1000,15421.436779
149.603121,253,15423.149126
339.426016,1000,15439.314621
100.098371,202,15440.660814
148.232547,346,15442.891599
91.497745,401,15445.428913
618.456433,1000,15461.40087
-43.669321,89,15461.94559
44.132501,158,15462.966439
127.296664,312,15464.964893
991.307253,1000,15481.371199
83.481227,224,15482.947126
158.984146,253,15484.581643
106.382989,271,15486.329515
163.317852,685,15490.727039
790.081532,1000,15507.905762
31.891978,829,15513.261585
47.158244,141,15514.155587
432.290655,1000,15530.52583
49.404852,121,15531.304055
37.242178,137,15532.169257
64.523739,199,15533.45763
-43.663523,269,15535.181489
204.105413,437,15538.002679
22.737857,177,15539.143613
227.226153,744,15553.560633
1065.290285,1000,15559.882447
64.924606,225,15561.347752
-68.30723,60,15561.737469
595.458751,1000,15579.071446
86.987126,558,15582.676758
89.798361,294,15584.600566
207.868765,311,15586.586467
436.797751,1000,15601.682997
44.614663,110,15602.392845
83.389579,487,15605.548611
-26.679544,57,15605.915521
-101.56405,1000,15622.345531
102.923536,208,15623.684808
416.294714,1000,15630.105504
18.271233,84,15630.626316
116.694902,305,15632.569364
199.364147,394,15642.972755
83.892941,258,15644.646741
144.178475,406,15647.245768
137.879018,461,15650.290774
236.716581,1000,15668.500564
405.768743,1000,15674.976623
382.277412,704,15687.671056
-40.887417,133,15688.550864
-29.161672,48,15688.873088
52.828304,97,15689.486796
-11.246524,165,15690.552969
47.063794,105,15691.188204
659.749251,1000,15697.658324
227.345709,404,15700.227278
32.608727,99,15711.61553
43.978742,389,15714.11284
429.047976,911,15719.921471
789.02951,1000,15734.164583
51.790221,265,15735.859753
552.022103,1000,15742.314435
194.868532,1000,15757.641129
713.085494,1000,15764.069041
-86.169248,80,15764.572197
462.735882,1000,15777.816771
61.790706,151,15778.765302
142.297779,329,15780.883244
71.938478,147,15781.87282
36.629662,151,15782.874003
292.820682,731,15787.621548
-140.625369,543,15800.794793
726.390702,1000,15807.213194
822.99801,1000,15822.210889
448.396542,1000,15828.67864
74.023546,130,15829.517551
47.057164,114,15830.249533
75.863047,221,15831.644485
239.827869,484,15842.487989
686.34434,1000,15848.976562
317.286385,1000,15864.490297
841.124771,1000,15870.915631
24.717316,275,15872.710869
47.70382,169,15873.844558
106.087908,331,15884.760492
962.325069,1000,15891.190607
-29.926613,402,15893.771401
1069.532466,1000,15907.808521
-163.604999,297,15909.746395
47.040079,214,15911.104071
781.688207,1000,15917.576758
742.22669,1000,15934.095769
485.617194,1000,15940.529209
-134.828184,1000,15956.967126
778.871882,1000,15963.49061
155.892562,696,15978.192564
-34.593685,341,15980.371383
9.690543,60,15980.767391
0.530981,67,15981.183068
49.758671,217,15982.608745
369.340245,1000,15998.642986
104.786384,210,16000.017996
72.355785,216,16001.413879
25.613963,155,16002.411831
276.113894,615,16006.442122
663.80244,1000,16022.139192
48.436275,113,16022.873124
84.019752,346,16025.164029
787.26473,1000,16031.5394
819.383307,1000,16046.880572
824.190612,1000,16053.44591
543.117978,1000,16068.036455
-2.521361,70,16068.474681
113.081513,255,16070.123733
36.450741,410,16072.793603
-323.698034,1000,16089.945837
58.195507,180,16091.113271
686.540017,1000,16097.614198
740.579144,1000,16116.550211
720.374705,1000,16122.914806
497.634354,1000,16139.30815
161.709394,378,16141.717443
48.812607,206,16143.126724
764.67382,1000,16149.571126
890.138058,1000,16167.89924
525.512991,1000,16174.412578
43.975135,148,16185.687778
710.511621,1000,16192.102345
35.939863,99,16192.715221
11.451698,280,16194.531161
51.027787,165,16195.557761
-16.993894,60,16195.944489
-94.771277,166,16197.016392
92.04864,1000,16216.521034
47.841155,242,16218.031062
236.60006,479,16221.115679
22.95478,130,16221.947557
51.424983,104,16222.580237
61.255776,153,16223.586223
-7.767481,131,16224.416745
-559.991891,1000,16243.409808
176.450618,310,16245.387698
-23.832731,199,16246.65257
-18.115128,69,16247.104896
442.81069,1000,16265.696679
212.16281,518,16268.977008
66.863475,217,16270.378886
632.026795,1000,16286.613607
1001.484062,1000,16293.112828
843.359346,1000,16308.780915
47.231941,284,16310.657196
53.422682,140,16311.550676
245.138275,1000,16318.045187
101.828773,238,16319.545041
37.141834,117,16320.290762
375.689588,1000,16335.24887
421.728927,1000,16341.610673
-8.479705,167,16342.680684
-184.174968,1000,16360.52713
-77.174863,1000,16366.9051
-51.023221,54,16367.256799
40.107696,115,16377.911804
156.510241,682,16382.267495
510.660275,1000,16388.716287
394.279009,1000,16405.272253
118.593686,302,16407.229269
489.259991,1000,16413.696571
963.007633,1000,16429.981754
798.86322,1000,16436.419761
-30.279013,55,16436.783674
64.804783,266,16449.403844
618.64145,1000,16455.849806
1.128347,184,16457.058848
875.283678,1000,16473.95094
543.256754,1000,16480.325725
192.569585,348,16482.607988
79.291244,205,16483.931957
267.219454,548,16498.367909
906.875479,1000,16504.900776
951.215331,1000,16522.538167
78.397921,162,16523.566192
65.142687,178,16524.712422
-50.415268,123,16525.497719
1094.107476,1000,16531.844001
-23.585019,129,16532.672972
99.066765,278,16545.287225
210.725005,1000,16551.705631
57.92845,114,16552.438086
223.159499,993,16567.500512
66.397832,128,16568.330668
38.017482,189,16569.524171
-41.204809,156,16570.511057
65.66809,237,16572.024115
16.313425,102,16572.65339
574.401625,1000,16590.330234
742.597119,1000,16596.903875
874.22897,1000,16603.356623
-75.307119,220,16614.04014
53.20521,177,16615.189981
184.302459,279,16616.954144
-13.365884,74,16617.421602
-37.727198,173,16618.550849
-19.357939,56,16618.904747
84.711241,303,16620.83606
674.022751,1000,16637.831072
50.324405,148,16638.77521
45.150963,170,16639.87939
71.785639,209,16641.200156
1145.6262,1000,16647.639106
204.113104,482,16661.925214
124.918156,432,16664.696648
111.837668,1000,16671.144128
559.224265,1000,16687.848945
-23.356445,90,16688.437688
673.478444,1000,16694.832127
693.61014,1000,16714.002553
64.647209,164,16715.037493
-35.111669,78,16715.537775
66.267343,233,16716.989964
660.457884,1000,16733.74072
31.076681,94,16734.379728
-48.41749,90,16734.96039
798.354959,1000,16741.373141
-217.728849,761,16746.250153
516.443562,1000,16764.654273
49.255461,142,16765.553906
450.909658,1000,16781.471033
58.835905,183,16782.667295
9.197057,67,16783.095286
283.8736,1000,16789.460523
910.028674,1000,16804.680423
-59.228763,120,16805.456681
47.0147,169,16806.569309
62.900826,232,16808.03116
827.864468,1000,16814.511478
714.161589,1000,16830.407831
11.958242,199,16831.68999
968.998096,1000,16838.073884
-16.613542,1000,16852.145328
939.206874,1000,16858.600295
160.435835,410,16869.787229
953.391841,1000,16876.26294
181.417196,342,16878.471281
1040.926755,1000,16895.76623
119.606835,258,16897.440516
49.99214,128,16898.252089
427.520856,1000,16904.575889
849.18301,1000,16920.148985
-0.096266,302,16922.040674
35.493705,121,16922.813499
53.936703,191,16924.115994
-13.225969,74,16924.616392
323.546132,547,16934.612226
572.586941,1000,16941.094762
44.321564,114,16941.79321
419.383995,1000,16960.017682
559.067737,1000,16966.48193
26.923697,181,16967.654226
469.033218,1000,16982.666239
454.809486,714,16987.353262
630.975677,1000,16993.828673
26.274339,282,17003.367853
-19.253854,155,17004.388663
533.388524,1000,17010.839546
68.06347,200,17012.159825
70.775096,154,17013.209927
43.871522,118,17014.023054
68.099239,234,17015.491508
183.802303,309,17026.112248
173.25765,1000,17032.51503
837.802887,1000,17047.906141
-12.799329,138,17048.777931
53.826068,1000,17055.182445
681.631102,1000,17069.464628
-22.070682,106,17070.167377
860.803924,1000,17076.690671
42.542163,231,17078.175857
121.550232,1000,17093.678739
50.234782,94,17094.304791
-26.530601,61,17094.698194
670.707727,1000,17101.133971
639.230906,1000,17114.48979
58.628233,157,17115.523537
371.463329,1000,17121.909168
-93.441735,166,17132.840235
2.414073,167,17133.982516
195.250258,1000,17140.490382
-45.288228,183,17141.676607
885.730693,1000,17158.073281
486.390054,1000,17164.574889
67.129444,149,17165.527307
802.665604,1000,17180.878323
57.346381,113,17181.607893
696.984903,1000,17187.963585
41.765607,95,17188.594361
-19.777002,91,17189.16588
843.574312,1000,17206.063838
160.157324,897,17211.770318
895.802669,1000,17228.142113
-14.920997,136,17229.020857
589.855906,1000,17235.455239
45.395377,144,17236.402874
91.141176,172,17237.48692
54.443462,192,17246.127979
-20.500994,45,17246.423647
696.845859,1000,17252.844178
37.202959,161,17253.947665
16.354947,218,17255.38196
523.218305,1000,17271.411
1.025551,886,17277.069975
66.383955,210,17278.391948
104.360111,219,17279.832646
624.375788,1000,17297.565554
703.503236,1000,17303.935266
616.315789,1000,17318.286372
60.375405,198,17319.548728
51.409374,128,17320.368997
18.313961,74,17320.83374
-34.521475,82,17321.353856
38.853937,120,17322.132312
-26.305626,144,17323.0407
730.811405,1000,17337.959993
433.434936,1000,17344.461501
301.894431,1000,17361.819111
765.070668,1000,17368.28366
-96.827715,73,17368.747642
34.435879,161,17369.764418
-70.860282,186,17370.971078
-194.793563,461,17382.002042
70.460703,145,17382.936941
-43.965206,110,17383.654287
343.109935,1000,17390.071898
998.724278,1000,17406.295202
10.56149,251,17407.944628
31.623686,69,17408.393772
87.217665,157,17409.376274
-28.318928,64,17409.790884
54.617884,123,17410.593465
95.714727,334,17412.717881
489.540542,1000,17426.982362
33.47287,136,17427.860418
74.55782,415,17430.586069
70.636202,306,17432.50526
48.116999,156,17433.636967
-5.655598,132,17434.471743
-32.738106,94,17435.059012
48.162243,295,17436.960333
63.611356,150,17437.9187
744.030513,1000,17452.72008
63.062946,245,17454.319177
737.665198,1000,17467.859864
53.951321,242,17469.438523
34.983732,145,17470.354538
39.139257,106,17471.053421
84.489586,232,17472.585119
-99.577076,191,17473.824937
890.410831,1000,17489.406048
11.942786,185,17490.627922
434.056371,1000,17497.116969
22.291292,164,17498.149677
-10.297553,118,17498.910665
43.007016,207,17500.233759
32.638737,197,17501.542945
634.041443,1000,17519.573642
351.1589,1000,17526.156779
138.167404,302,17537.656221
44.323297,201,17538.941427
555.148524,1000,17545.367647
285.808385,519,17548.72527
88.512088,228,17560.740684
-26.122436,240,17562.332348
457.346053,1000,17568.739078
-29.49808,55,17569.093933
914.980645,1000,17582.075539
62.2929,204,17583.48079
571.38138,1000,17589.974999
94.940755,225,17591.412717
19.400601,68,17591.85013
889.12068,1000,17608.722931
-207.610579,1000,17615.267846
6.277326,201,17616.616881
576.003844,1000,17635.202963
-144.261314,348,17637.476045
396.025238,1000,17653.556539
169.510984,528,17657.015824
49.710309,179,17658.125123
22.59182,240,17659.67744
502.885963,890,17665.378994
703.537781,1000,17680.499712
52.145851,221,17681.899862
413.058732,1000,17699.320954
-89.156621,250,17700.947901
601.863945,1000,17707.485258
42.985536,152,17708.49407
958.156379,1000,17724.683012
8.198411,103,17725.372049
50.300861,131,17726.220379
6.209256,46,17726.522198
-5.154559,172,17727.592396
38.523721,119,17728.366106
144.027755,631,17732.391295
542.972101,811,17748.190818
20.44257,142,17749.112239
300.501186,505,17752.397898
42.888581,221,17753.801483
170.773519,1000,17769.916623
194.941907,285,17771.765716
686.786759,1000,17778.233563
-21.895682,178,17779.375041
107.237435,324,17790.896426
36.873619,141,17791.815537
-27.700748,223,17793.290296
461.791101,1000,17799.827034
284.474458,1000,17816.985241
633.453521,1000,17823.482792
256.328373,474,17826.552894
56.423922,221,17827.947112
56.218068,534,17841.633401
-79.117908,247,17843.18856
243.573775,1000,17849.679767
49.486079,133,17850.535046
18.450268,157,17861.875584
38.851528,126,17862.711134
48.577777,156,17863.728226
109.870351,270,17865.497341
-25.266685,85,17866.082425
645.844711,1000,17872.488701
327.625828,1000,17889.583391
93.436465,207,17890.909968
524.082065,1000,17897.384347
541.159861,1000,17912.988254
2.400846,139,17913.973465
40.684798,85,17914.53748
38.472694,140,17915.427593
1014.258709,1000,17934.184204
804.635958,1000,17940.643058
657.512845,1000,17958.458571
605.277192,938,17964.512966
-10.249261,261,17966.238336
494.77784,1000,17984.541787
97.165494,153,17985.536741
62.221006,167,17986.608357
852.354156,1000,17993.094102
275.852343,1000,18011.123073
44.456547,210,18012.484879
-70.406946,180,18013.654968
161.079286,1000,18020.12729
951.217852,1000,18037.793599
14.571691,150,18038.749393
45.17889,102,18039.414257
-130.943083,1000,18045.802863
615.701575,1000,18065.423385
-40.86668,106,18066.110975
287.568545,1000,18084.286383
81.647091,259,18085.990093
316.983471,1000,18092.460688
93.136116,207,18093.879638
-51.987289,126,18094.678942
85.322609,161,18095.716824
532.772959,1000,18113.04874
358.384784,1000,18119.476862
-0.028249,246,18121.06661
896.658001,1000,18138.532582
16.11608,208,18139.908863
847.752372,1000,18155.84945
798.108924,1000,18162.320723
538.127188,1000,18178.11828
116.5442,314,18180.188071
-431.632353,1000,18186.769108
863.978378,1000,18206.403806
451.609363,646,18210.595271
3.049675,63,18210.982605
6.737427,230,18212.421425
89.465142,237,18214.050682
19.405436,76,18214.54258
-2.955345,151,18215.525795
26.415497,107,18216.168006
248.740632,1000,18233.95783
590.088182,1000,18240.352707
46.60195,143,18241.298636
706.09889,1000,18258.768138
695.637877,1000,18265.281371
494.060862,1000,18282.958588
854.722888,1000,18289.339577
41.206769,134,18290.181636
643.678598,1000,18307.244222
61.320296,157,18308.210594
34.717302,114,18308.984829
144.047634,236,18310.52161
-23.486782,160,18311.537854
24.457068,85,18312.112322
600.125583,1000,18328.542536
76.758234,133,18329.386113
43.740767,186,18330.580971
907.082549,1000,18337.091761
133.549963,316,18347.533997
668.680037,1000,18353.942717
914.051771,1000,18372.931222
10.583585,227,18374.40452
79.58763,170,18375.466412
635.481662,1000,18381.959954
908.259244,1000,18401.543313
36.34351,289,18403.375362
17.461887,218,18404.759469
72.648029,245,18406.360898
593.219637,1000,18421.434234
-5.943936,57,18421.805246
100.66068,693,18426.381377
-134.930474,476,18429.453727
260.578093,1000,18447.729526
290.74126,1000,18454.195019
40.012427,107,18454.894945
64.823871,200,18456.148629
152.827288,523,18472.091466
47.617442,142,18473.03811
-91.316412,1000,18479.39801
63.085211,165,18480.459777
900.201304,1000,18498.972855
-37.583588,197,18500.240526
41.765413,435,18503.043689
164.334915,799,18508.192099
56.723202,194,18518.770251
554.242093,1000,18525.171942
-6.358688,267,18526.930884
53.815764,129,18527.761188
528.418673,1000,18542.160778
38.906097,149,18543.138439
116.739235,223,18544.670928
-1.132328,121,18545.454784
677.180559,1000,18551.9603
958.477496,1000,18568.046234
49.28314,121,18568.835563
49.920879,95,18569.445625
598.586282,1000,18575.898267
19.536494,112,18586.5581
-31.093261,76,18587.038619
19.017109,94,18587.668379
51.027865,188,18588.859239
71.177734,183,18590.049451
70.131314,250,18591.679681
534.197277,1000,18598.151994
-22.203579,136,18599.023226
50.568668,124,18612.853388
-33.486241,365,18615.236728
1139.908586,1000,18621.678981
-25.094692,69,18622.125266
-58.596192,473,18625.184454
842.977518,1000,18641.976433
815.264434,1000,18648.461284
269.934836,632,18662.936114
24.102316,128,18663.862723
92.128749,187,18665.055007
101.897692,356,18667.368237
184.536169,850,18682.526253
104.729372,250,18684.164664
161.854405,525,18687.499313
145.63919,377,18689.956139
520.550769,1000,18706.536819
88.31145,280,18708.371701
917.575599,1000,18714.750731
24.879022,102,18715.439304
53.341959,186,18716.640605
95.709181,219,18718.049967
57.321662,133,18718.885222
53.39473,237,18730.918016
26.284975,56,18731.285463
345.768936,713,18735.867428
90.391824,191,18737.07811
228.213619,540,18740.502174
-27.518433,338,18753.243484
646.414783,1000,18759.758946
537.48239,1000,18766.121353
337.291169,523,18781.594587
181.617982,253,18783.223659
51.801327,183,18784.501754
36.128666,112,18785.235743
-547.060222,1000,18791.63149
158.720705,1000,18806.354497
755.626451,1000,18812.823329
81.168083,178,18822.313084
136.386103,784,18827.41139
-54.335955,131,18828.24671
-33.161183,85,18828.7822
31.155868,79,18829.274375
573.83484,1000,18844.590748
852.448788,1000,18851.027859
68.045672,138,18851.968452
734.923257,1000,18867.289454
842.407574,1000,18873.810225
-138.154011,339,18875.966035
43.663798,104,18876.657591
248.006479,413,18889.889772
983.149632,1000,18896.418498
850.449691,1000,18902.850348
110.199533,194,18912.46311
-46.523044,199,18913.795779
537.924878,1000,18920.26789
889.885989,1000,18937.415999
100.148656,204,18938.73579
82.386478,199,18940.001681
52.598692,246,18941.58582
550.61865,1000,18948.122453
-10.905978,119,18957.6085
627.429359,1000,18964.199046
57.716632,150,18965.144609
751.465246,1000,18983.874588
35.300151,120,18984.660511
42.165895,100,18985.323087
160.041998,284,18987.125777
456.936275,1000,18993.721751
655.966115,1000,19009.654198
81.589377,143,19010.573867
970.054425,1000,19017.114098
55.014096,359,19031.549747
619.344993,1000,19037.900606
-73.887753,52,19038.241609
475.501215,1000,19052.865964
841.214982,1000,19059.434249
54.645583,145,19060.403668
786.915242,1000,19079.011082
441.3613,1000,19085.600616
-477.789162,1000,19101.703937
790.781219,1000,19108.13952
809.83911,1000,19123.228712
430.036978,943,19129.310919
507.787997,1000,19135.81682
1221.515405,1000,19153.655936
484.10206,1000,19159.981271
287.317592,656,19175.513193
-53.464679,230,19176.947632
86.244368,197,19178.20383
186.503542,516,19181.518431
63.696918,160,19182.575682
80.804239,220,19183.966479
55.604996,130,19184.791401
124.018989,206,19196.818151
-25.082077,105,19197.471509
44.787669,178,19198.635786
88.714577,195,19199.896702
776.571249,1000,19206.478119
-53.234687,103,19207.115503
37.442506,77,19207.613293
716.315236,1000,19224.229796
53.478503,290,19226.10898
498.307793,1000,19244.101941
1.855157,223,19245.589032
-541.339956,1000,19252.051515
72.761726,163,19253.131463
56.075355,152,19254.097811
5.578975,209,19255.48693
57.76551,204,19256.800937
690.460576,1000,19271.932773
208.49245,448,19274.807507
425.176605,1000,19292.273309
84.613512,219,19293.779199
74.859027,163,19294.855809
874.281734,1000,19301.28506
991.896947,1000,19317.038741
46.237786,265,19318.733041
29.404068,141,19319.670092
-23.117665,110,19320.356163
155.836603,489,19323.563881
402.105494,1000,19340.942206
-0.213467,79,19341.491845
773.800188,1000,19347.973446
30.390697,74,19348.479965
819.241375,1000,19362.896218
142.391996,210,19364.233911
29.599649,109,19364.949164
469.355028,1000,19380.369702
75.181726,233,19381.874561
703.287979,1000,19388.349966
-40.9989,105,19389.046
572.82783,1000,19407.855021
128.072201,975,19414.240348
489.894311,1000,19432.528012
32.003086,196,19433.796633
825.484898,1000,19440.273897
637.590076,1000,19455.484664
79.965173,1000,19461.998491
-83.8199,430,19464.788786
650.486077,1000,19481.600544
653.491276,1000,19488.068436
775.909213,1000,19502.470043
-22.140812,61,19502.860157
102.605049,258,19504.616783
475.737694,736,19509.344572
682.125126,1000,19526.131246
6.942849,198,19527.411558
677.50476,1000,19533.960742
75.527212,335,19545.287022
650.559653,1000,19551.802761
127.695749,437,19554.626936
311.766911,436,19569.738617
865.834346,1000,19576.237346
147.766127,381,19578.684527
-107.892451,142,19579.587049
19.324691,74,19580.064142
56.132204,224,19581.478255
99.047799,285,19593.288151
964.576466,1000,19599.94607
-19.271466,52,19600.260679
122.672747,283,19602.115926
-106.721996,182,19603.293895
3.825611,120,19604.013033
464.242582,1000,19622.680563
77.298102,188,19624.007101
89.8234,280,19625.804155
123.507404,304,19627.74504
-4.433346,182,19628.916466
225.791779,542,19642.595338
589.730926,1000,19649.120312
-51.819767,190,19650.35928
-7.308868,148,19651.298668
-76.825009,58,19651.674201
861.889545,1000,19668.773304
497.694562,1000,19675.243286
297.981333,1000,19693.294019
155.062983,1000,19699.773433
913.718937,1000,19716.082239
332.58623,689,19720.499056
25.531367,451,19723.416971
85.326372,288,19725.301953
918.924424,1000,19743.385294
139.839255,267,19745.239983
-155.931024,291,19747.085808
34.71784,73,19747.550749
59.586188,105,19748.232346
-22.270158,143,19749.114645
738.402003,1000,19767.491025
-30.961998,78,19767.987985
353.82518,782,19772.99405
75.261966,148,19774.025861
843.087485,1000,19793.449651
558.041225,1000,19799.938237
70.713729,114,19800.631795
-32.45527,84,19801.192581
34.191412,196,19802.457912
-11.016352,63,19802.868592
592.343634,1000,19820.597296
711.665539,1000,19827.005389
58.618717,149,19840.257038
53.918334,263,19841.989671
86.753859,438,19844.798671
765.700933,1000,19851.258497
85.205608,504,19865.087497
-51.504237,216,19866.447191
834.952665,1000,19872.940179
30.382155,95,19873.539685
217.293962,738,19888.705082
-112.755847,303,19890.676685
103.255294,395,19893.227276
41.228607,144,19894.224493
89.382955,172,19895.339423
31.864261,114,19896.065401
88.034871,179,19897.176552
114.885268,268,19898.935666
122.652357,341,19910.998884
255.072226,1000,19917.433137
646.649401,1000,19934.749298
3.187979,196,19936.014004
634.176094,1000,19942.399623
535.560556,1000,19960.402055
455.251719,1000,19966.770194
-32.808103,66,19967.201715
284.230552,368,19969.56257
159.470364,472,19983.178456
829.337862,1000,19989.759779
772.248038,1000,19996.20734
-62.547845,140,20007.61281
66.881844,182,20008.782691
833.620211,1000,20015.391314
51.873389,135,20016.240798
630.60316,1000,20032.768423
917.006584,1000,20039.192938
594.223781,1000,20056.426407
900.327549,1000,20062.953984
152.114404,332,20065.061134
40.669349,259,20066.709751
367.485495,960,20085.576555
62.814753,153,20086.533009
137.376588,734,20091.293035
57.976133,231,20092.772176
-55.42229,511,20107.845092
79.995455,590,20111.641095
-53.248136,527,20115.029453
684.729044,1000,20132.841076
19.740967,77,20133.371914
168.532022,395,20136.006711
580.205208,1000,20142.360572
-76.481336,455,20156.914504
388.946635,1000,20163.382983
-24.076044,194,20164.719223
109.628912,198,20165.990159
77.455286,236,20167.525803
839.807014,1000,20184.712451
841.746022,1000,20191.101427
75.384433,209,20203.100499
665.053057,1000,20209.515766
181.843212,1000,20226.498284
103.65673,356,20228.776368
135.657256,289,20230.646984
363.233137,1000,20237.105492
662.734473,1000,20253.208549
433.121233,1000,20259.765785
40.47457,67,20260.185878
461.864966,897,20275.931133
547.46603,1000,20282.374213
22.352945,84,20282.951603
-35.507531,81,20283.457858
779.960993,1000,20301.659347
972.67729,1000,20307.970361
85.489723,290,20309.83793
326.680977,1000,20327.391227
105.487452,147,20328.370987
334.214891,587,20332.160599
788.488711,1000,20349.59302
280.203729,1000,20356.025676
-55.665893,358,20358.355864
592.653433,1000,20378.824077
795.046577,1000,20385.305453
814.835413,1000,20401.537267
282.737851,459,20404.571213
-45.772178,137,20405.432029
75.551542,187,20406.627623
854.673683,1000,20422.890817
118.168803,797,20428.037872
967.188088,1000,20446.739424
22.511661,179,20447.866398
-92.707512,417,20450.60312
-1.214395,100,20451.217024
78.554397,328,20453.360772
-23.175651,191,20454.582299
50.82263,171,20455.670242
554.580466,1000,20472.652824
459.217373,1000,20479.029006
195.450266,1000,20497.777851
442.672555,1000,20504.221639
970.731861,1000,20521.361543
754.886955,1000,20527.902726
567.613517,1000,20545.831608
677.760526,1000,20552.29728
438.999385,1000,20571.83707
350.068613,1000,20578.196081
282.653368,1000,20597.789298
178.759118,1000,20604.210578
117.001676,809,20621.759477
702.174525,1000,20628.238292
613.3374,1000,20647.235162
75.692804,239,20648.753018
412.20328,1000,20655.19798
101.287242,137,20656.085504
518.75781,1000,20675.41416
960.93813,1000,20681.848514
875.71548,1000,20699.626452
653.249531,1000,20706.188297
124.448574,334,20708.321709
568.88399,1000,20728.21781
884.48327,1000,20734.795138
-129.892688,310,20750.300726
73.499654,275,20752.071827
308.095089,542,20755.602716
517.245189,1000,20762.062699
-7.34053,94,20762.701565
24.939229,136,20776.970982
585.140893,1000,20783.402676
790.771155,1000,20789.902188
1.02684,288,20804.937032
989.276735,1000,20811.394078
290.974645,664,20815.728823
97.9591,1000,20834.759134
841.532179,1000,20841.237823
901.812786,1000,20859.989476
805.092756,1000,20866.39669
41.301632,193,20867.659082
405.940567,1000,20886.420043
246.328503,1000,20892.942942
-21.991311,80,20906.893014
641.026596,1000,20913.31481
84.948007,225,20914.904524
57.873987,193,20916.144168
741.357794,1000,20936.743556
227.458875,1000,20943.235764
-88.094442,114,20944.048161
732.475185,1000,20961.418954
40.56175,169,20962.530606
-147.580584,509,20965.806419
47.811973,113,20966.542789
195.312626,465,20969.547194
660.784717,1000,20989.635503
69.611197,127,20990.461697
67.57996,240,20992.001309
-66.858669,122,20992.772918
723.452029,1000,21012.120049
191.674074,409,21014.772044
100.280697,733,21019.557259
-7.81792,144,21020.47699
235.851224,515,21023.841623
243.119522,1000,21041.446273
451.800351,1000,21047.846812
20.028973,126,21048.642046
384.210694,1000,21066.922499
672.78204,1000,21073.320514
32.309107,295,21085.431097
1140.640088,1000,21091.883549
67.63932,354,21094.262189
137.123085,266,21095.990515
242.631629,426,21111.264631
-64.268702,142,21112.175189
87.232623,260,21113.867899
288.353135,359,21116.213048
-20.585402,1000,21122.740595
32.12419,156,21135.528764
186.23753,506,21138.842749
463.754515,1000,21145.331288
511.707761,837,21163.164547
363.312461,1000,21169.624506
67.355814,213,21171.044577
23.159454,220,21172.454412
-20.728888,70,21172.898815
588.125881,1000,21188.784127
-14.039392,255,21190.443243
460.00831,1000,21196.852768
326.817653,690,21210.905474
423.024292,1000,21217.462368
100.995227,283,21219.300212
94.002791,257,21235.828027
-1.041042,166,21236.927991
153.130514,510,21240.269804
446.134204,1000,21246.786338
51.544443,159,21247.826705
949.68467,1000,21266.609672
-153.116047,279,21268.419225
390.671153,1000,21286.201712
427.330049,1000,21292.710285
252.781278,1000,21311.300905
178.140034,1000,21317.822044
-123.650798,354,21320.122385
100.266107,195,21321.402786
534.94212,1000,21339.378268
452.218358,1000,21345.788
89.756039,333,21347.926172
897.683215,1000,21367.61134
422.575834,1000,21374.050992
412.141919,1000,21394.882423
-614.483082,1000,21401.286537
163.248585,735,21417.668026
-24.2969,184,21418.849396
136.928171,305,21420.853172
436.375937,1000,21438.821552
40.11727,150,21439.783744
361.972602,1000,21446.23012
231.710513,1000,21465.89271
469.372026,1000,21472.350594
435.806513,1000,21490.469931
734.483502,1000,21496.905597
440.806428,1000,21514.660137
64.064395,319,21516.703504
-35.538514,161,21517.718942
212.82737,658,21522.004858
724.238849,1000,21539.951592
290.255033,1000,21546.530056
75.928732,331,21548.639422
-109.8362,1000,21568.732659
60.144589,99,21569.354635
665.604943,1000,21575.984136
752.09909,1000,21596.818898
207.120408,461,21599.83575
-8.354184,97,21600.449851
973.008551,1000,21607.029282
467.769067,1000,21628.2328
-92.807041,222,21629.714467
752.477599,1000,21648.653739
-107.693584,470,21651.70675
660.308864,1000,21658.109066
670.652274,1000,21678.296231
1016.864457,1000,21684.773305
819.5584,893,21703.749184
608.759771,1000,21710.168102
784.611179,1000,21730.45768
692.554755,1000,21736.967368
902.865713,1000,21756.356503
25.92263,159,21757.404379
56.129904,139,21758.307439
813.892675,1000,21764.767168
-101.222686,1000,21784.056856
137.855165,404,21786.744655
22.509385,242,21788.325896
54.03994,184,21789.523883
22.368419,461,21792.478157
28.651733,107,21793.195418
622.859656,1000,21812.688882
35.352233,240,21814.256869
787.558799,1000,21833.630588
75.284339,134,21834.485581
627.464941,1000,21840.985971
545.53553,1000,21861.535823
-24.606719,258,21863.225367
358.831153,1000,21869.70132
-89.987503,464,21872.675779
1020.850192,1000,21892.712546
104.805338,1000,21899.17653
606.650807,1000,21917.497257
231.41685,1000,21924.022686
755.447259,1000,21943.494968
318.281138,1000,21949.974838
438.556214,1000,21969.873502
-71.308203,170,21970.952324
165.246165,461,21973.942836
907.420137,1000,21992.02248
123.045736,708,21996.662794
42.679759,272,21998.396257
-46.509661,85,21998.980875
206.204948,540,22002.420223
756.398013,1000,22020.109292
130.351166,389,22022.617536
91.049749,336,22024.884097
772.564057,1000,22046.753655
-11.199678,75,22047.229543
899.470322,1000,22053.657701
-20.105063,254,22055.377354
-153.5857,1000,22072.16206
185.392743,1000,22078.666484
917.162584,1000,22098.55042
451.737291,1000,22105.020202
-7.599479,192,22106.232721
905.750659,1000,22125.404979
-90.149831,299,22127.307662
635.088517,1000,22146.866509
692.252365,1000,22153.32917
549.739312,1000,22173.415126
60.380437,161,22174.59165
133.436426,284,22176.373327
95.297912,241,22177.902332
109.464361,697,22182.369081
119.048121,453,22185.273392
-147.49668,407,22202.036414
-70.124771,120,22202.837016
-95.772418,279,22204.687232
-104.637339,151,22205.667617
-73.451248,109,22206.335835
196.040362,363,22208.662708
120.008712,388,22211.213259
105.912816,238,22212.762406
305.702417,1000,22233.692235
429.337329,1000,22240.17911
-155.631058,121,22240.971876
109.755283,306,22255.811107
419.675105,1000,22262.257399
536.649283,1000,22282.549259
-23.201422,72,22283.021003
821.904765,1000,22289.482882
631.377506,1000,22306.832824
185.804182,1000,22313.289948
-75.811939,1000,22331.779617
-33.70748,113,22332.476035
1.540153,1000,22339.010973
85.145193,233,22340.537332
89.545594,236,22342.026927
72.654698,258,22343.686007
708.770264,1000,22363.698892
505.852703,1000,22370.195296
481.511518,1000,22388.821419
607.172959,1000,22395.283347
92.260435,223,22408.532142
689.612763,1000,22415.099891
-27.872077,100,22415.752936
223.286085,390,22418.257117
81.240809,355,22420.531285
616.450794,1000,22441.40889
486.656229,1000,22447.973148
140.865802,290,22460.357618
47.053712,112,22461.104666
-8.677621,286,22462.94713
643.862236,1000,22469.459259
153.675655,262,22471.156871
8.503208,126,22471.971727
-64.092474,168,22487.910031
343.862846,1000,22494.402791
264.93082,1000,22511.287086
32.102775,279,22513.070643
-87.473695,121,22513.86108
580.184957,1000,22520.311005
626.628266,1000,22539.150161
532.395351,1000,22545.6297
925.720465,1000,22563.232648
132.078838,409,22565.955573
806.876499,1000,22572.356637
585.184399,1000,22586.793485
478.510246,1000,22593.258271
1029.414326,1000,22612.021386
360.209277,549,22615.577296
569.994613,1000,22630.804064
-79.307165,219,22632.203886
90.985765,358,22634.518084
552.515969,1000,22640.893048
162.303216,247,22642.48065
-16.663938,100,22652.962001
584.601105,1000,22659.500333
406.681197,1000,22665.975962
73.576247,144,22677.12959
800.48329,1000,22683.53861
236.809777,590,22687.390929
148.06214,263,22689.081864
118.773474,162,22701.701736
29.642387,104,22702.338214
37.289811,169,22703.43937
935.520328,1000,22709.895314
1023.49864,1000,22728.963288
-19.937596,230,22730.466936
-292.355017,417,22733.090611
479.637816,1000,22739.518393
340.04784,1000,22757.904269
939.508226,1000,22764.298592
725.066579,1000,22783.913354
-251.971304,176,22785.074768
477.919429,1000,22791.496105
711.961043,1000,22809.851866
500.428306,1000,22816.334659
67.224375,190,22828.923233
-334.258629,1000,22835.538813
396.761383,1000,22852.942747
751.763276,1000,22859.435425
616.273857,1000,22880.993682
770.703687,1000,22887.509395
687.770832,1000,22893.991071
153.811912,491,22910.161041
433.342472,1000,22916.588737
706.216768,1000,22934.341984
793.604728,1000,22940.811842
50.735444,121,22941.612317
-141.838538,151,22942.580286
152.50785,1000,22962.815782
868.834295,1000,22969.275816
175.492487,392,22971.811793
592.504432,1000,22991.624935
0.966869,137,22992.495692
444.770021,1000,23009.904333
114.371796,512,23013.152724
546.609451,1000,23019.648881
116.080414,283,23021.49673
-91.32229,224,23035.314597
78.59829,291,23037.219531
344.064228,1000,23043.649515
849.263529,1000,23062.872193
167.421033,951,23069.027412
-20.917214,156,23070.011943
25.741953,126,23070.806036
749.366587,1000,23085.744908
-32.919768,330,23087.844423
589.857457,1000,23094.285868
-34.435546,256,23105.361017
919.764862,1000,23111.817771
545.506523,1000,23118.197068
143.550215,297,23130.523379
10.572757,71,23130.974523
789.543267,1000,23137.49831
264.440693,514,23140.798657
562.317675,1000,23159.670073
-9.233832,99,23160.319381
647.730129,1000,23166.809536
26.98009,109,23167.524399
351.917933,1000,23184.946617
1031.506963,1000,23191.391847
851.038874,1000,23210.370079
132.568562,192,23211.607701
60.223937,225,23213.040137
475.852695,1000,23233.28755
67.19288,578,23237.019511
70.602231,239,23238.559799
-4.701294,167,23239.591319
-3.053862,95,23240.233289
408.388298,715,23259.913071
242.165967,570,23263.621467
657.293896,1000,23270.061427
832.212079,1000,23289.709693
86.486142,190,23290.920287
259.634397,953,23297.014896
247.778052,811,23315.489341
818.766137,1000,23321.871483
109.173839,197,23323.160568
667.90661,1000,23340.546779
602.277449,1000,23347.116597
660.631743,1000,23364.015924
37.252438,450,23366.900937
624.962773,1000,23373.34492
913.729464,1000,23387.904058
-38.95189,92,23388.507137
675.272858,1000,23407.853018
117.401006,512,23411.180001
118.862317,251,23412.790404
408.833059,1000,23419.11568
987.720675,1000,23436.235103
93.396159,216,23437.598328
583.003036,1000,23444.052713
163.019157,1000,23462.201328
599.718467,1000,23468.704839
338.868694,1000,23485.442702
537.387256,1000,23491.813003
479.364888,533,23509.464264
139.730666,644,23513.655328
380.297206,1000,23520.08807
-6.846774,98,23530.001326
82.028882,242,23531.591398
684.384361,1000,23537.987711
565.047705,718,23542.562158
-1.10968,45,23542.862891
-17.213375,91,23556.414555
489.486523,837,23561.81537
73.80085,157,23562.837322
976.830109,1000,23580.752654
-43.199811,78,23581.259305
655.587541,1000,23587.857364
537.928025,1000,23607.79213
150.333857,264,23609.505323
586.342935,1000,23615.99331
139.684412,434,23618.777571
491.903558,1000,23637.060273
997.037023,1000,23643.501992
-36.447219,82,23644.01848
50.016058,320,23657.972333
-513.12304,1000,23664.422192
166.083418,285,23666.217643
61.377669,285,23668.050999
108.469836,349,23670.251218
531.931564,1000,23688.861312
42.605094,241,23690.424241
752.789565,1000,23709.651872
628.065182,1000,23716.046433
507.60041,1000,23733.277226
160.1226,451,23736.314346
525.310446,1000,23742.71883
342.447273,1000,23758.675264
654.89398,1000,23765.211347
162.346639,545,23768.727949
178.881853,370,23783.913853
345.427813,640,23788.009376
89.600946,238,23789.509544
835.055047,1000,23805.077895
88.577179,180,23806.249867
326.04775,1000,23812.648345
104.15639,254,23814.292745
86.580198,302,23816.281941
89.827589,1000,23833.689406
374.831592,1000,23840.091092
37.601175,133,23840.972875
-13.190361,141,23854.485183
696.163268,1000,23860.951556
0.579577,112,23861.678898
311.162945,1000,23879.591895
413.572472,1000,23886.125133
48.544648,134,23886.9783
290.865062,1000,23904.950517
713.873948,1000,23911.365695
132.278023,298,23913.246789
-20.991611,98,23913.890673
179.807904,289,23915.839347
119.106946,298,23929.183801
-1.459182,34,23929.431984
1064.696451,1000,23935.814057
640.417523,1000,23955.671049
828.745007,1000,23962.083889
716.72704,1000,23980.404255
644.166454,1000,23986.961919
684.340569,1000,24009.078929
475.542607,1000,24015.569336
188.698085,359,24017.888368
341.819472,1000,24034.912502
-644.266206,1000,24041.344959
457.963354,1000,24058.365367
525.218644,1000,24064.891945
1103.045248,1000,24079.493608
419.564537,1000,24085.91081
191.231064,1000,24104.076055
624.06277,1000,24110.487341
-4.46283,130,24111.319579
114.210554,208,24112.653188
493.932686,1000,24129.575138
1190.066825,1000,24135.96208
595.267452,1000,24153.210011
627.023933,1000,24159.722897
114.07487,473,24162.796886
96.539304,359,24177.324618
-70.971089,272,24179.121744
334.479724,526,24182.540896
887.929238,1000,24189.001091
747.555423,1000,24208.867653
1223.960967,1000,24215.416249
315.302696,1000,24235.215282
588.402327,1000,24241.666374
571.794528,1000,24259.846203
427.304545,1000,24266.209736
457.522787,1000,24285.44706
621.186253,1000,24291.841166
915.594851,1000,24312.978245
412.543256,1000,24319.401496
695.840488,1000,24339.924836
705.246257,1000,24346.328846
658.764463,1000,24366.618599
809.512768,1000,24372.906405
81.953155,1000,24390.939353
207.649308,1000,24397.453661
478.140338,1000,24417.761936
674.167503,1000,24424.199234
384.792269,1000,24444.812967
175.038492,410,24447.459376
606.20213,1000,24453.901507
521.283404,1000,24473.68267
59.13184,260,24475.353403
-76.599438,163,24476.407733
49.635332,128,24477.237902
905.497493,1000,24498.478679
58.019458,167,24499.580931
724.746149,1000,24505.997772
-16.587046,304,24507.946828
775.702842,1000,24526.359947
69.517675,123,24527.15362
68.003539,170,24528.226684
896.188772,1000,24545.177317
963.339417,1000,24551.59373
85.243982,202,24552.879203
718.953655,1000,24570.014673
261.952713,725,24574.765384
-6.487083,176,24575.9212
863.075838,1000,24595.600379
5.296192,211,24596.962901
823.237935,1000,24603.403677
385.720445,1000,24622.95545
58.032417,116,24623.682276
865.801095,1000,24630.141385
804.343353,1000,24650.457365
183.626305,333,24652.608161
120.531928,575,24656.266085
-103.164371,210,24657.598698
713.678091,1000,24678.73595
559.760178,1000,24685.137971
361.955142,1000,24706.446651
747.355697,1000,24712.82574
409.368323,1000,24731.830843
567.2979,1000,24738.269244
1096.844151,1000,24761.080333
451.888286,1000,24767.446942
873.991194,1000,24788.638082
-593.484086,1000,24794.995255
512.33337,1000,24815.576563
1084.979935,1000,24821.95097
188.704825,402,24824.536938
575.36278,1000,24845.524093
117.788841,200,24846.806273
890.932592,1000,24853.233402
23.527226,1000,24875.1206
739.146068,1000,24881.548263
767.351849,1000,24901.202348
177.952009,400,24903.778774
873.452479,1000,24910.244451
415.918493,1000,24930.766595
14.170611,1000,24937.230349
16.506312,152,24953.901319
769.669045,1000,24960.305884
25.271713,227,24961.777732
229.291246,550,24965.373205
912.905104,1000,24988.561272
281.39536,1000,24995.095791
1040.887223,1000,25016.349171
719.199957,1000,25022.761358
714.160333,1000,25041.65428
25.927502,314,25043.671337
567.349143,1000,25049.989326
414.998807,1000,25072.038759
767.546985,1000,25078.457625
382.642638,1000,25098.042921
753.729818,1000,25104.41096
-152.625797,1000,25125.586976
831.864922,1000,25131.953789
783.70373,1000,25154.373508
762.149001,1000,25160.646425
714.990758,1000,25180.791522
391.911954,1000,25187.192379
816.480359,1000,25209.065317
425.870313,1000,25215.439118
695.492436,1000,25236.283695
91.689927,171,25237.394744
709.637754,1000,25243.784698
541.888478,1000,25264.440557
186.650058,644,25268.629027
96.583855,229,25270.108498
-13.393973,248,25271.674958
220.053975,1000,25291.299729
822.401744,1000,25297.789587
110.216729,697,25316.144549
898.649305,1000,25322.527409
1065.600358,1000,25341.80123
837.170941,1000,25348.167939
477.275255,1000,25369.515379
198.532607,785,25374.585173
122.71542,252,25376.203168
1041.072369,1000,25397.694921
65.807724,303,25399.651606
706.311266,1000,25406.023403
870.434684,1000,25426.568542
-181.072758,497,25429.782017
701.75196,1000,25450.612376
-520.242891,1000,25457.036677
903.939009,1000,25476.981312
688.424518,1000,25483.372143
565.005235,1000,25504.673046
877.540306,1000,25511.171612
355.161358,362,25513.476146
1018.160784,1000,25533.322304
558.724115,1000,25539.850419
-171.161205,1000,25560.722157
311.538735,1000,25567.208601
576.260912,1000,25586.826539
106.039391,271,25588.569089
14.073192,169,25589.597789
775.660496,1000,25596.117344
107.617219,296,25598.03455
49.60424,288,25610.593032
1068.512542,1000,25617.089307
611.430653,1000,25635.301994
-79.149657,248,25636.909795
109.078504,256,25638.531004
503.547592,1000,25644.891119
99.382233,318,25646.912597
29.796473,460,25664.97977
-240.407696,633,25669.064924
-150.583705,616,25673.053669
-54.591302,367,25675.389738
437.011575,1000,25694.649234
423.357424,1000,25700.981438
595.683969,1000,25721.157822
890.957016,1000,25727.646009
692.239347,1000,25748.419979
-171.128006,1000,25754.85875
395.552901,1000,25776.186421
714.052863,1000,25782.539803
629.222271,1000,25803.2857
87.483139,403,25805.965915
45.646961,198,25807.217251
859.85914,1000,25824.666988
891.775434,1000,25831.039857
-112.319676,312,25832.981358
216.514456,1000,25855.559814
127.700633,260,25857.214504
102.569342,220,25858.624795
-100.238717,272,25860.360185
774.894186,1000,25881.357819
-19.511989,167,25882.457037
237.781284,1000,25888.892791
-45.773026,149,25889.840087
-368.409168,1000,25909.340475
784.543402,1000,25915.657337
525.115448,1000,25935.502132
503.4059,1000,25941.907326
645.050747,1000,25963.167962
1004.286413,1000,25969.568026
843.779982,1000,25990.548669
533.737373,1000,25996.979923
383.31301,1000,26016.144171
567.332005,1000,26022.451926
804.248975,1000,26041.602432
137.284666,1000,26048.070723
38.886113,546,26051.561776
400.05916,1000,26071.430999
647.64568,1000,26077.885892
783.871332,1000,26095.444184
264.360887,1000,26101.758272
796.603647,1000,26121.25089
695.172551,728,26125.879936
257.435844,1000,26145.084385
1037.246196,1000,26151.433398
80.432875,334,26153.523496
513.983606,1000,26173.826152
68.614178,221,26175.238715
95.610339,166,26176.337922
700.972716,1000,26198.188369
767.896814,1000,26204.658027
509.727681,1000,26211.043594
786.129636,1000,26232.80698
156.642327,277,26234.602527
375.87458,1000,26257.23987
82.78346,462,26260.195557
593.821386,1000,26266.608449
474.661494,1000,26287.628065
525.683936,1000,26293.947706
921.51817,1000,26316.989695
750.521997,1000,26323.271709
1080.416472,1000,26342.971304
22.850594,197,26344.217095
140.512287,667,26348.606752
-189.664651,487,26351.66123
459.791871,1000,26372.704165
331.745516,1000,26379.176239
1053.333072,1000,26399.598553
61.67719,239,26401.147567
873.624425,1000,26407.568388
-46.912186,126,26421.323423
324.295,936,26427.364397
665.632554,1000,26449.778089
610.978897,1000,26456.152363
467.649648,1000,26462.530974
547.383002,1000,26482.964006
156.19933,200,26484.314497
531.632181,1000,26505.260112
125.292063,1000,26511.687271
783.193528,1000,26533.603154
802.668284,1000,26540.072681
-53.860681,304,26542.012376
-123.751349,308,26543.970746
659.497977,1000,26565.686599
624.775784,1000,26572.080791
598.435445,1000,26590.998199
287.185048,1000,26597.392958
136.533149,272,26599.11014
547.76446,1000,26620.675352
715.203402,1000,26627.10693
317.171293,1000,26647.944876
773.152732,1000,26654.286551
870.10119,1000,26674.412755
145.432335,361,26676.774395
51.769946,194,26677.999514
-38.736078,256,26679.60703
673.830543,1000,26699.345102
103.642618,206,26700.626823
332.782729,1000,26707.093875
1249.857278,1000,26729.0124
401.508421,1000,26735.478379
797.170793,1000,26755.714778
-503.464603,1000,26762.046892
767.662567,1000,26782.552728
-23.350264,114,26783.286866
480.334801,1000,26789.691816
583.26379,1000,26809.990448
68.798227,164,26811.012423
437.28442,1000,26817.389958
643.44046,1000,26838.472672
811.838673,1000,26844.774266
78.601577,616,26862.629197
-142.73296,1000,26869.011668
109.890382,228,26870.447045
-16.48785,1000,26889.58833
14.478823,264,26891.250237
1008.531457,1000,26897.610304
358.748219,1000,26917.830729
267.992667,540,26921.310102
1040.069763,1000,26940.88431
938.510257,1000,26947.43769
350.4062,1000,26967.628168
110.113232,433,26970.434251
-101.787891,129,26971.259394
440.533773,1000,26977.747598
928.545776,1000,26998.131791
-183.613097,1000,27004.425267
686.591648,1000,27024.978017
169.235444,362,27027.24847
-10.185355,125,27028.045527
768.847225,1000,27047.326033
137.20314,228,27048.787965
487.775789,1000,27055.121256
441.931819,746,27059.835454
1031.936852,1000,27080.081968
113.38881,287,27081.93859
999.649372,1000,27102.367949
380.747891,1000,27108.821505
110.741692,258,27110.462616
876.70979,1000,27129.311269
744.265782,1000,27135.654117
253.922067,1000,27157.834474
199.946806,541,27161.309074
432.299247,575,27164.954635
732.821149,1000,27186.078336
-26.98815,141,27186.953252
669.896309,1000,27193.340103
792.171911,1000,27213.312451
545.025221,961,27219.506097
881.785503,1000,27237.372071
855.117505,1000,27243.739164
73.540168,147,27244.670756
744.639768,1000,27265.086129
113.989442,297,27266.957516
631.783059,875,27272.537947
933.294497,1000,27292.571802
413.529365,1000,27298.9386
638.219742,1000,27321.701729
711.055924,1000,27328.080799
-40.992034,184,27329.243301
807.373478,1000,27350.888968
749.502326,1000,27357.282621
103.063073,257,27358.90048
807.062821,1000,27379.386146
432.212792,1000,27385.86089
986.229258,1000,27407.632744
739.056941,1000,27413.981075
469.73135,1000,27434.027423
412.852396,1000,27440.340548
91.48253,156,27441.336589
768.062035,1000,27461.802408
12.94887,141,27462.733645
374.103686,1000,27483.153167
439.849238,1000,27489.610373
739.5596,1000,27510.381204
831.763055,1000,27516.84027
214.727833,1000,27523.217824
524.763661,1000,27541.422914
-84.317689,191,27542.630994
3.112351,253,27544.25041
540.818176,1000,27564.395033
78.520994,1000,27570.743644
628.322336,1000,27591.376428
78.989814,168,27592.457598
-329.814382,1000,27598.870887
751.133926,1000,27617.35962
772.062015,1000,27623.786246
166.768504,1000,27642.528625
647.727758,1000,27648.948748
632.722194,1000,27668.359168
903.933937,1000,27674.718952
699.430691,1000,27695.838195
80.542104,212,27697.15638
419.473202,1000,27703.484322
33.603689,375,27705.901191
153.595346,340,27723.046691
439.254264,1000,27729.539527
17.914539,253,27731.139934
364.122456,1000,27750.46283
584.893112,1000,27756.970017
1005.928422,1000,27779.09501
421.521161,1000,27785.585363
741.323496,1000,27805.851812
713.06205,1000,27812.134926
-41.022574,126,27812.931469
609.627287,1000,27833.369072
665.146511,1000,27839.727809
369.495931,1000,27860.069244
584.356508,1000,27866.498494
53.77104,179,27867.645564
140.13123,416,27870.293561
733.424948,1000,27890.572534
416.042553,1000,27896.943951
693.262822,1000,27916.588206
614.936291,1000,27922.954768
764.417876,1000,27942.725388
523.514752,1000,27949.141678
10.749278,1000,27971.524918
-108.144466,152,27972.514195
1045.993356,1000,27978.842694
853.738119,1000,28000.541385
688.472391,1000,28006.914849
250.696107,635,28023.683838
1044.591432,1000,28030.091201
879.802743,1000,28050.050208
796.953409,1000,28056.519281
961.744355,1000,28077.426983
287.849405,1000,28083.738791
1265.321219,1000,28105.057354
667.055938,1000,28111.420182
797.903559,1000,28133.747127
821.207034,1000,28140.10402
520.102483,1000,28159.25095
962.238403,1000,28165.668947
283.339532,669,28169.925011
1000.946195,1000,28191.036447
45.662635,97,28191.638437
768.985742,1000,28197.958571
665.815733,1000,28217.869597
634.22361,1000,28224.234942
629.647314,1000,28243.261175
513.839364,1000,28249.584508
933.180457,1000,28270.521862
667.8668,1000,28276.811527
728.010414,1000,28297.263556
1021.108293,1000,28303.65156
1195.865619,1000,28325.192619
77.236449,1000,28331.676739
439.936217,1000,28352.009617
-74.972997,277,28353.766165
-177.430629,251,28355.380135
815.931933,1000,28374.93645
-5.54277,122,28375.730399
433.465788,1000,28382.080679
621.637184,1000,28402.632167
66.88731,208,28403.943507
-14.641284,153,28404.897676
-37.852325,292,28406.784067
382.020234,1000,28413.173943
549.299918,1000,28434.29232
1038.664909,1000,28440.674407
37.144792,115,28441.43042
138.411723,1000,28462.573186
1096.568507,1000,28468.948407
208.402325,1000,28488.82606
185.869642,314,28490.86769
59.070678,164,28491.923315
905.656284,1000,28513.155521
909.517941,1000,28519.542382
641.587413,1000,28537.933057
-336.459293,1000,28544.253561
-79.029894,286,28546.103339
820.234376,1000,28567.865876
-162.806813,402,28570.412971
791.026548,1000,28576.718527
862.143398,1000,28596.533891
822.865725,1000,28602.850379
811.252208,1000,28624.101935
482.200496,1000,28630.630654
331.401733,1000,28651.472467
742.336029,1000,28657.917767
-47.422936,421,28675.273442
149.125229,364,28677.630437
1001.083835,1000,28684.041248
418.308316,1000,28700.213164
405.883018,1000,28706.608062
120.213457,237,28708.115804
1096.122725,1000,28729.480439
796.740489,1000,28735.927472
967.286719,1000,28755.562556
-133.925949,481,28758.602319
767.857768,1000,28765.003784
-359.414626,1000,28786.573787
-304.534256,425,28789.241434
405.260753,1000,28807.901731
842.073473,1000,28814.260287
319.796272,1000,28835.031265
522.861606,1000,28841.467322
639.541028,1000,28861.242422
652.060283,1000,28867.774799
-70.530035,109,28868.477726
1005.652333,1000,28888.447885
298.701611,378,28890.880332
682.91664,1000,28897.33322
545.082591,1000,28917.513974
1075.670424,1000,28923.939587
114.99102,1000,28944.607291
1078.462121,1000,28950.913527
922.143752,1000,28973.236508
330.950375,1000,28979.669196
395.800519,1000,28999.234188
-24.159941,264,29000.922647
385.21638,1000,29007.328756
621.55676,1000,29028.160827
630.990067,1000,29034.560618
804.932188,1000,29056.290441
225.218904,1000,29062.661106
112.737969,1000,29083.342139
-22.680229,152,29084.294141
921.573013,1000,29090.62563
205.343723,1000,29110.439242
649.771857,1000,29116.805328
629.417773,1000,29137.221936
1166.972127,1000,29143.544881
467.406945,1000,29163.352781
-5.069687,1000,29169.875405
256.759075,466,29172.825282
295.410895,584,29189.066785
620.175729,1000,29195.44977
457.442645,1000,29217.753894
350.874199,1000,29224.147098
744.407041,1000,29244.541118
695.256852,1000,29250.882482
80.158037,301,29252.812477
741.016496,1000,29272.816746
14.603467,80,29273.311867
167.599396,443,29276.145071
36.049978,197,29277.382721
924.521489,1000,29299.638293
1111.703677,1000,29305.981272
812.039581,1000,29328.066112
939.523933,1000,29334.367092
1032.132918,1000,29356.296628
-272.514777,1000,29362.644655
860.896669,1000,29382.003898
385.275398,1000,29388.390068
635.618548,1000,29407.336818
706.833768,1000,29413.671844
649.52359,1000,29433.336145
250.823142,1000,29439.735815
594.084844,1000,29461.549426
-110.799733,1000,29467.974922
987.257341,1000,29489.090168
742.073029,1000,29495.440218
647.231341,1000,29518.511472
590.943663,1000,29524.874643
872.946897,1000,29531.353127
854.179077,1000,29551.06175
418.160775,1000,29557.499432
530.422664,1000,29578.362676
-178.96582,526,29581.670094
-171.337973,1000,29603.158978
215.534877,511,29606.422056
376.670743,1000,29612.750636
658.030927,1000,29634.541191
922.244042,1000,29640.82558
8.755852,203,29655.771174
93.242966,1000,29662.164984
872.633888,1000,29668.54441
47.902572,794,29688.807326
1121.913992,1000,29695.161491
507.018597,1000,29715.609939
180.679906,532,29718.987878
-55.831868,215,29720.333077
-116.424249,204,29721.624793
538.905774,1000,29743.257398
818.82268,1000,29749.644848
893.190259,1000,29771.928385
-762.490231,1000,29778.27481
781.87288,1000,29799.383932
1238.177244,1000,29805.760982
982.796376,1000,29825.9955
749.423979,1000,29832.370516
85.723025,1000,29852.479297
12.874075,179,29853.63736
-362.598876,1000,29860.076357
750.133428,1000,29882.552412
-1209.218884,1000,29888.985263
719.386777,1000,29910.418713
212.375403,419,29913.098761
709.891479,1000,29919.440674
256.592097,1000,29940.364933
347.776559,1000,29946.802491
766.263536,1000,29968.371523
752.744055,1000,29974.71244
89.630184,205,29976.085082
657.130852,1000,29998.358706
299.475745,1000,30004.665249
666.694767,1000,30026.823191
749.30322,1000,30033.21665
679.824243,1000,30054.503303
-156.698161,1000,30060.806404
-42.332193,226,30077.017417
-30.603691,221,30078.454874
69.560028,305,30080.412714
136.182557,1000,30086.762527
329.909482,1000,30107.962492
-452.43159,1000,30114.355201
329.373427,1000,30136.773382
414.733047,1000,30143.13916
919.958073,1000,30164.076657
-56.427794,112,30164.790164
450.381523,1000,30171.122504
548.282396,1000,30192.346936
-46.434681,311,30194.330659
697.485905,1000,30200.694434
791.873115,1000,30221.420825
662.858701,1000,30227.752977
107.604111,160,30228.81881
268.328721,605,30248.38421
943.174715,1000,30254.779545
212.589555,1000,30275.282548
40.771293,257,30277.006691
1124.380204,1000,30283.409111
33.842662,238,30284.946722
689.971276,1000,30304.485769
1039.704925,1000,30310.925954
290.133314,1000,30330.438552
772.889627,1000,30336.887202
1284.746558,1000,30356.333582
1018.658608,1000,30362.675311
35.042131,152,30363.661246
807.700006,1000,30384.393388
-398.055116,1000,30390.737916
852.228624,1000,30412.679679
383.008935,1000,30419.056104
-1.912744,356,30437.833405
892.352912,1000,30444.159631
668.02959,1000,30465.811665
923.72112,1000,30472.167621
625.15883,1000,30492.744266
687.402516,1000,30499.154361
268.266811,1000,30520.43942
124.262613,248,30521.998968
993.162963,1000,30528.410375
495.03438,1000,30550.135982
41.37664,556,30553.66873
198.987335,426,30556.38683
1043.838357,1000,30576.854095
747.054937,1000,30583.235603
976.137197,1000,30604.250187
574.240357,1000,30610.703802
620.127172,1000,30632.798716
-469.292083,705,30637.412717
854.214845,1000,30643.845113
-111.675355,191,30645.064967
1041.692033,1000,30664.500813
-53.482619,542,30668.057464
1054.403587,1000,30687.477314
847.293364,1000,30693.803075
561.707605,1000,30714.247587
566.843483,1000,30720.607238
27.939627,179,30721.743313
238.831471,414,30724.419959
598.288341,1000,30746.347842
907.004196,1000,30752.70465
466.933648,1000,30775.17186
1208.336845,1000,30781.588439
997.066496,1000,30802.404424
491.033797,1000,30808.769248
525.875507,1000,30830.426093
715.439617,1000,30836.78951
470.655175,1000,30857.638492
949.173987,1000,30864.016245
323.602608,1000,30886.137695
604.965109,1000,30892.49847
833.723496,1000,30914.575087
1113.080772,1000,30920.876313
595.292392,1000,30942.120384
406.506795,1000,30948.502437
731.321175,1000,30970.471131
-121.745996,335,30972.632146
720.127531,1000,30979.016833
96.348641,242,30994.581
-73.758384,1000,31001.048639
445.494754,1000,31007.341995
597.560145,1000,31029.307855
183.898351,333,31031.422399
121.948986,215,31032.792024
-147.946544,314,31034.775698
27.177116,1000,31056.044832
128.935187,368,31058.464194
646.982344,1000,31078.217916
801.318089,1000,31084.615882
1134.965091,1000,31106.667775
612.927072,1000,31113.06245
-643.011943,1000,31133.861075
263.557548,1000,31140.270896
147.936511,322,31142.322982
490.74917,1000,31162.794971
-777.634586,797,31167.930044
74.665811,217,31169.280984
-174.82157,1000,31190.799834
870.58659,1000,31197.144308
1123.219325,1000,31218.208306
660.182024,1000,31224.641831
1084.873311,1000,31245.455105
822.938623,1000,31251.847507
-383.254797,1000,31272.370791
-10.618449,202,31273.648627
37.920389,184,31274.821767
447.546614,1000,31281.212223
886.614175,1000,31301.701709
678.578058,1000,31308.054703
728.915676,1000,31328.684479
535.074315,1000,31335.015968
418.528637,1000,31353.284418
963.283011,1000,31359.667845
277.118785,1000,31380.831297
406.835403,1000,31387.333848
32.418362,101,31387.992829
28.1313,297,31389.819616
240.672627,1000,31411.824348
910.894246,1000,31418.234971
881.736007,1000,31437.876741
17.116586,260,31439.547969
195.799116,405,31442.097594
523.221698,1000,31464.797114
572.476339,1000,31471.194948
887.863636,1000,31493.914156
802.403188,1000,31500.358159
626.260247,1000,31522.407318
887.773929,1000,31528.773647
797.538461,1000,31549.894762
297.885635,1000,31556.271547
41.482758,132,31557.143809
763.05492,1000,31579.683699
483.611899,1000,31586.013196
737.159476,1000,31606.560959
456.526645,1000,31613.025819
814.654124,1000,31634.81757
342.124343,1000,31641.200592
531.145638,1000,31663.731131
321.026167,636,31667.764108
649.174042,1000,31674.080468
-1145.431503,1000,31695.856183
741.086208,1000,31702.1975
623.776819,1000,31723.21473
72.409125,324,31725.25776
43.958084,159,31726.272863
809.668568,1000,31732.624891
840.053553,1000,31753.581734
18.4082,135,31754.436057
1028.064695,1000,31773.390451
696.148651,1000,31779.79875
12.011101,97,31780.439016
-110.606271,218,31781.813883
-62.688884,339,31783.99727
101.231521,320,31799.837874
74.31891,161,31800.850293
637.974871,1000,31807.296849
21.723587,147,31808.223818
-206.793563,1000,31828.45781
599.553778,1000,31834.810602
315.213018,1000,31855.174622
464.024277,1000,31861.575566
130.784367,1000,31881.579593
615.143027,1000,31887.945765
716.084623,1000,31907.248277
805.522235,1000,31913.629019
509.740926,1000,31933.081181
558.591304,1000,31939.409765
773.590125,1000,31960.451021
136.977866,379,31962.880657
-35.446301,137,31963.727654
814.867912,1000,31970.063595
968.783781,1000,31991.074486
160.951199,425,31993.767541
286.517583,1000,32000.141734
877.730492,1000,32019.475361
805.841153,1000,32025.880535
759.737892,1000,32046.216101
684.442347,1000,32052.647102
317.997835,673,32071.573177
986.138247,1000,32078.043498
93.161456,345,32080.268905
91.48822,718,32098.487984
-71.673144,145,32099.409832
1034.800106,1000,32105.820443
688.487254,1000,32126.765548
738.220566,1000,32133.146975
578.536609,1000,32154.528911
944.685022,1000,32160.778824
104.89586,1000,32182.832392
632.936767,1000,32189.154674
682.651207,1000,32210.742819
870.878609,1000,32217.091352
332.046374,716,32237.3564
31.031951,273,32239.095654
675.629172,1000,32245.415068
308.925162,1000,32266.257525
705.61101,1000,32272.600391
61.164231,224,32274.037498
118.373317,704,32293.490724
726.179739,1000,32299.82918
565.991844,1000,32322.110277
856.458637,1000,32328.392813
319.096639,1000,32347.890074
732.491454,1000,32354.256881
170.743259,1000,32374.523758
587.189042,1000,32381.025918
573.970446,1000,32401.122445
713.831481,1000,32407.49582
387.341722,1000,32413.91007
508.761123,1000,32435.893548
772.886682,1000,32442.32604
733.773463,1000,32463.419513
280.713812,613,32467.360652
542.77997,1000,32485.904668
612.460562,1000,32492.280453
-50.665108,240,32493.781174
961.680539,1000,32514.158431
159.92833,1000,32520.53681
901.760079,1000,32540.20028
458.822702,1000,32546.61512
675.900585,1000,32565.766719
510.710032,1000,32572.184314
707.685481,1000,32592.19645
487.006708,1000,32598.511867
721.902475,1000,32617.851717
1078.292553,1000,32624.185281
658.10479,1000,32643.663386
551.69112,1000,32650.14473
470.961643,1000,32669.656085
675.62743,1000,32676.041896
197.98211,1000,32697.567205
-24.844779,379,32700.022782
884.566648,1000,32706.337861
481.864782,1000,32724.448422
-176.948305,179,32725.602799
897.942578,1000,32731.900794
184.994295,1000,32752.260982
209.555995,331,32754.348554
-98.026783,461,32757.270783
467.733839,1000,32778.473917
1016.983403,1000,32784.793172
164.566648,363,32787.120738
51.302496,256,32803.89116
58.096435,201,32805.159154
1142.873187,1000,32811.51437
822.450313,1000,32830.926551
196.041628,1000,32837.288928
541.591968,1000,32856.194752
498.286059,1000,32862.676539
809.594266,1000,32884.064305
1004.853588,1000,32890.565522
342.313322,1000,32911.157862
720.373975,1000,32917.673018
602.686357,1000,32940.017857
527.780246,1000,32946.328474
551.310598,1000,32966.297216
-57.459407,1000,32972.646908
884.766977,1000,32979.094332
315.74484,1000,33000.618217
-12.079476,213,33001.971159
455.778208,1000,33023.06699
619.293088,1000,33029.371206
975.366689,1000,33050.317715
972.192258,1000,33056.681497
-2.403512,290,33058.52589
642.889766,1000,33078.739798
650.768781,770,33083.657699
625.590645,1000,33104.383116
817.256956,1000,33110.792048
498.33105,1000,33128.176031
227.873621,1000,33134.528633
441.532954,1000,33140.840742
540.050751,1000,33160.815765
903.934464,1000,33167.212785
972.881843,1000,33185.822687
109.72355,257,33187.536645
980.073382,1000,33206.711113
324.984751,1000,33213.06884
701.372436,1000,33232.885175
1191.28549,1000,33239.26785
322.180722,1000,33260.842969
814.871213,1000,33267.155617
773.165381,1000,33273.486667
813.501724,1000,33293.890013
904.723971,1000,33300.288547
571.212344,1000,33320.10299
-98.666553,298,33322.020426
559.481631,1000,33343.883925
108.468935,1000,33350.279983
34.701693,1000,33371.599056
33.55255,287,33373.458188
1001.090996,1000,33379.825765
238.497036,1000,33400.189907
783.991182,1000,33406.577477
1001.103136,1000,33428.486064
-324.086028,1000,33434.81191
66.039594,198,33436.051678
699.74137,1000,33456.296627
10.942937,243,33457.934067
532.156164,1000,33464.197683
460.212471,1000,33485.475886
695.256547,1000,33491.864972
933.445405,1000,33513.850214
1182.523424,1000,33520.201883
-46.398774,1000,33539.468198
539.222107,1000,33545.841276
130.404295,321,33547.951327
-2.781419,177,33563.864685
232.566262,1000,33570.209576
236.038403,1000,33576.622843
1206.967159,1000,33599.078838
-61.859841,201,33600.352712
78.804882,1000,33621.127066
-127.19908,435,33623.948223
-338.48337,1000,33630.327363
52.703437,246,33631.896016
306.102416,1000,33653.105273
678.49016,1000,33659.539416
72.749272,293,33661.375728
761.959954,1000,33683.766237
423.851221,1000,33690.116235
-177.505628,1000,33712.507114
561.003268,1000,33718.819837
99.719606,505,33736.913291
323.846737,829,33742.15549
656.056596,1000,33761.423265
-274.887556,1000,33767.78317
84.9085,133,33768.611313
-31.054392,158,33769.631199
373.95467,1000,33791.603362
102.099211,679,33795.906314
356.125944,1000,33817.73207
750.562283,1000,33824.117045
226.850462,1000,33845.479883
780.648844,1000,33851.979966
978.186494,1000,33858.311168
456.300735,1000,33879.113163
127.230893,289,33880.941961
-408.782052,1000,33901.852881
222.558547,310,33903.822
445.662521,1000,33910.262115
136.992347,1000,33931.086113
-195.504118,331,33933.179322
665.686152,1000,33939.625845
190.987208,1000,33960.809819
925.247554,1000,33967.311663
617.567947,1000,33986.694465
454.304377,839,33991.999449
868.418962,1000,34014.344046
82.637455,341,34016.518366
55.962417,1000,34022.832746
990.630122,1000,34044.72442
425.750935,1000,34051.075566
723.003694,1000,34070.629269
1071.539581,1000,34077.012983
512.814147,1000,34098.398275
621.64054,1000,34104.807833
592.917352,1000,34126.151589
451.0709,1000,34132.499445
575.683783,1000,34154.850276
95.857028,163,34155.849635
759.721885,1000,34162.129156
-260.21649,1000,34183.877065
62.283317,279,34185.610189
-556.937977,1000,34191.948355
620.383326,1000,34213.208702
106.573781,1000,34219.524025
522.23156,1000,34241.270395
801.720788,1000,34247.64886
444.407307,1000,34269.405451
580.249404,1000,34275.743394
153.135646,1000,34296.184061
989.726433,1000,34302.549691
22.525586,655,34321.562541
598.385581,1000,34327.994377
51.063176,407,34330.566306
757.355968,1000,34351.357041
420.830014,1000,34357.803403
1044.535874,1000,34378.567482
825.950839,1000,34384.831657
258.873621,1000,34405.169692
314.549208,1000,34411.472536
373.054807,1000,34433.476952
450.383065,1000,34439.82509
-18.471411,223,34441.203632
-9.645183,145,34442.169075
-52.224562,142,34458.844384
1002.374914,1000,34465.146434
612.879257,1000,34487.454156
750.439166,1000,34493.854625
503.976645,1000,34500.216878
73.248444,1000,34523.214449
618.828463,1000,34529.559046
8.860074,107,34544.353186
863.013203,1000,34550.699523
235.022044,1000,34556.981708
-98.512755,1000,34576.321504
-9.633378,197,34577.563771
869.167688,1000,34597.208391
585.260693,1000,34603.546683
130.557854,578,34607.195156
879.591119,1000,34629.398898
449.140377,1000,34635.788905
-497.342869,1000,34656.662965
175.653976,1000,34663.079645
208.812004,1000,34685.688691
802.314907,1000,34692.091009
941.438673,1000,34711.513209
818.466815,1000,34717.952262
753.079036,1000,34739.320024
819.680652,1000,34745.631367
1117.521712,1000,34764.29481
612.104683,1000,34770.671178
10.61523,161,34771.666567
645.675752,1000,34792.307741
697.972682,1000,34798.677728
342.455108,1000,34820.10779
677.760744,1000,34826.453316
752.727497,1000,34847.989642
899.090118,1000,34854.324571
862.246311,1000,34874.884401
285.266993,1000,34881.198754
82.176292,388,34883.719411
813.045174,1000,34903.922556
642.766208,1000,34910.319656
812.424003,1000,34930.402979
296.329585,1000,34936.790613
583.189498,1000,34958.138794
501.807075,1000,34964.459208
508.744951,1000,34985.439882
773.121008,1000,34991.825846
154.478003,578,35008.177429
1048.208657,1000,35014.528694
-55.448193,233,35016.017335
-54.609408,267,35017.79879
598.706641,1000,35038.74577
282.672779,1000,35045.060334
681.191853,1000,35065.647497
20.272956,176,35066.784081
134.190694,546,35070.197644
336.409992,1000,35091.300451
715.580757,1000,35097.639175
706.563214,1000,35116.892119
646.400517,1000,35123.311545
734.301082,1000,35144.328039
889.838932,1000,35150.655947
1005.374048,1000,35170.121035
292.066765,704,35174.608508
47.627684,296,35176.50014
834.103298,1000,35198.618552
210.771384,710,35203.155362
-34.374187,177,35204.274943
681.094736,1000,35210.598333
410.64068,1000,35232.657609
794.44929,1000,35239.018199
214.108313,1000,35261.167947
140.454351,224,35262.635408
361.517591,1000,35268.927332
46.633246,225,35283.545711
1084.441681,1000,35290.000361
699.087045,1000,35311.927432
227.033997,1000,35318.500881
862.508426,1000,35339.432326
186.803036,895,35345.153412
978.56122,1000,35351.661312
847.204063,1000,35371.863601
617.900894,1000,35378.264742
789.022031,1000,35398.294989
615.045919,1000,35404.540094
689.80606,906,35423.191031
457.516216,1000,35429.39988
303.379205,1000,35449.870279
-140.885981,132,35450.687982
813.474894,1000,35456.97188
608.417707,1000,35477.51173
552.165023,1000,35483.882836
723.324453,1000,35504.336313
443.511127,1000,35510.652155
482.926067,1000,35532.15319
156.120665,547,35535.613614
-6.02619,78,35536.089997
680.766977,1000,35557.441495
709.448279,1000,35563.785794
271.703745,1000,35584.023779
-346.257785,812,35589.249266
31.839335,126,35590.035403
76.788322,247,35591.5924
61.821148,1000,35612.414861
777.384347,1000,35618.854705
57.737495,106,35619.542417
953.102468,1000,35639.404123
92.237106,319,35641.402433
129.202061,1000,35647.877642
760.694873,1000,35669.003964
1031.080929,1000,35675.273745
578.140194,1000,35695.377967
787.52091,1000,35701.674127
32.917337,282,35703.481297
604.250623,1000,35724.059292
639.933451,1000,35730.414152
264.347095,378,35748.048806
530.421142,1000,35754.402319
585.491553,1000,35776.027785
366.735926,1000,35782.389645
684.179695,1000,35803.534413
849.066722,1000,35809.89338
911.800682,1000,35830.641448
398.876987,1000,35836.956737
804.260281,1000,35856.17988
152.663399,954,35862.308246
43.543093,211,35863.637393
685.465429,1000,35883.934776
-31.891469,201,35885.210603
20.669416,119,35885.975103
134.991619,735,35890.690845
824.748361,1000,35911.29396
382.298881,1000,35917.771069
81.737614,301,35919.653189
370.343365,1000,35940.06333
505.117818,1000,35946.409202
914.630319,1000,35967.084618
-57.979443,242,35968.642385
120.095413,1000,35975.010773
99.117572,537,35994.541057
671.023953,1000,36000.864477
1085.101914,1000,36022.210904
810.051366,1000,36028.534023
499.269299,1000,36034.796837
516.156401,1000,36053.001131
269.103555,1000,36059.415406
937.306435,1000,36078.53925
847.977383,1000,36084.889765
-6.516108,1000,36107.008465
981.74998,1000,36113.292439
755.789677,1000,36134.470697
146.196854,1000,36140.815726
1023.483527,1000,36162.169675
682.991318,1000,36168.512266
79.567663,279,36185.559741
798.139183,1000,36191.978745
82.773043,1000,36198.196789
229.574145,496,36215.536559
4.686828,1000,36221.935911
748.23411,1000,36241.1161
43.980766,1000,36247.535185
607.08152,1000,36268.355833
-36.406117,108,36268.999496
629.590538,1000,36275.375913
426.560976,1000,36297.13529
653.14255,1000,36303.45553
316.535375,1000,36323.031395
-59.428341,196,36324.268672
348.096364,1000,36330.622287
101.346913,230,36332.104875
527.017948,1000,36352.075456
770.048582,1000,36358.399843
775.029225,1000,36380.811305
62.257121,1000,36387.111419
569.242388,1000,36408.433146
222.124776,1000,36414.760015
744.298619,1000,36434.741601
648.893382,1000,36441.110976
861.501506,1000,36463.125766
246.237846,1000,36469.388691
639.311521,1000,36490.424478
431.386929,1000,36496.727383
456.847644,1000,36519.62218
-209.082371,1000,36525.97752
673.187148,1000,36546.626825
538.526032,1000,36553.032683
949.235905,1000,36573.656554
38.67987,230,36575.081912
-7.788744,180,36576.244003
-200.917225,1000,36582.657096
990.401708,1000,36604.395263
184.117365,1000,36610.804073
548.229166,1000,36632.261817
567.989453,1000,36638.656176
140.719009,1000,36660.106751
140.447406,442,36662.916896
390.101748,1000,36685.345866
372.741273,1000,36691.713568
