#{"t_start": 1785403727.3357008, "env_id": "Go2Locomotion-v0"}
r,l,t
-276.13361,783,23.642795
13.368864,170,24.671712
-53.337429,286,26.490404
7.964369,71,26.919955
-6.496236,48,27.233196
-16.682326,47,27.488142
-14.87438,59,27.858704
-62.502204,68,28.265609
-0.529689,51,28.58762
8.947856,81,29.087081
14.501966,71,29.576585
0.155082,61,29.991921
-11.206435,48,30.294317
5.237218,59,30.663808
2.913451,51,30.988218
1.591575,60,31.343953
-8.446003,49,32.174462
-5.866162,61,32.555555
-29.620745,72,32.987921
-15.424522,56,33.350976
-14.591639,43,33.596295
-1.318661,50,33.923332
-14.729738,44,34.213608
-13.9543,46,34.524218
-20.012012,54,34.829816
-0.9647,49,35.135381
8.806893,54,35.494282
-15.054142,57,35.867929
7.057601,58,36.232915
1.97552,74,36.699616
-12.688638,66,37.110158
1.500788,64,37.511477
9.22766,50,37.831863
-31.866376,121,38.581535
2.752803,85,39.090054
-12.188206,62,39.485114
-19.99533,85,39.991958
16.02512,83,40.516037
15.928452,66,40.915301
-2.224844,56,41.233165
-2.874553,60,41.612585
-69.673294,97,42.247172
-8.211149,70,42.690212
-36.501008,90,43.234872
-2.513545,73,43.720243
16.755412,91,44.273445
9.660066,46,44.604801
16.780363,67,48.361339
7.328059,76,48.832037
-1.704949,51,49.155069
-33.435022,78,49.64081
2.980388,90,50.192574
38.882845,94,50.80454
-30.865209,154,51.7457
-5.986256,79,52.211482
-35.703435,65,52.629627
1.18,68,53.059951
20.14836,58,53.38631
-16.243387,46,53.668312
11.174884,68,54.085026
-13.617773,76,54.515944
51.074655,121,55.231019
-63.967419,90,55.817323
-25.844244,65,56.205778
-69.94883,64,56.592858
68.722954,145,57.483837
23.802318,100,58.135627
-34.251753,126,58.914588
-89.992942,131,59.689249
-70.114006,129,60.501361
-9.964568,53,60.798494
-0.261858,61,64.295685
10.221741,73,64.7586
-21.458433,205,65.991152
-24.768969,86,66.517482
-9.746713,77,66.968557
-14.547408,76,67.42856
-23.688205,55,67.789288
9.194621,325,69.791812
-31.709813,297,71.651673
-6.375188,57,71.987718
79.636394,366,74.213405
21.389091,277,75.921336
14.640349,105,83.286086
22.195619,162,84.278526
40.061335,153,85.233373
-24.014157,89,85.755724
5.125076,56,86.113306
65.830348,236,87.532162
-60.88193,125,88.28539
23.862824,140,89.143469
-35.880579,215,90.436943
23.964132,243,91.868692
12.755553,160,92.819644
-40.887775,259,94.449412
-2.411187,108,95.108843
28.106045,182,101.878579
-16.921479,316,103.737446
28.500578,211,104.990057
45.643079,163,105.964355
29.557765,136,106.734749
46.575804,349,108.808429
-17.34735,293,110.564557
59.433625,475,113.340971
-37.71509,131,121.067196
37.813965,216,122.353779
9.782115,263,123.837789
-44.845218,83,124.309013
103.063602,1000,129.872734
71.737008,771,143.102321
16.437516,103,143.673691
-44.651034,58,143.981527
15.321937,132,144.731535
-4.088899,415,146.956544
-0.346031,868,151.500047
49.49741,538,163.153374
21.493576,158,163.963535
4.416327,520,166.680728
48.859511,558,169.561208
45.00771,380,181.513339
58.397275,1000,186.584445
85.030411,1000,191.6413
41.342535,1000,206.520968
99.147255,1000,211.567178
26.022541,203,221.688606
115.236751,1000,226.661576
71.096815,931,238.009916
64.771943,558,241.333061
11.147509,134,242.027708
-19.711203,426,244.30875
3.571979,266,245.7312
7.659272,152,246.509383
4.62693,269,247.883286
-88.690927,417,257.60282
79.616818,725,261.363789
15.600498,206,262.40802
13.531129,113,262.969967
67.389274,609,266.097722
28.033623,326,277.027482
70.525948,573,280.071664
81.807296,662,283.595222
46.941742,251,284.880282
72.677475,1000,300.171586
87.74722,743,303.879631
-86.691337,493,306.377049
238.29811,1000,321.374051
-4.508374,944,326.433674
107.396286,1000,339.390881
90.416573,1000,344.453355
20.586492,118,345.066959
15.916134,109,345.634594
21.343731,130,346.304298
60.787757,290,356.851755
133.847402,1000,362.017552
32.78736,484,364.513655
37.943546,426,374.367258
30.794492,188,375.364106
27.440029,181,376.310526
14.317855,166,377.141074
91.620793,1000,382.082252
41.172803,460,394.945421
97.624964,1000,400.006841
47.163476,187,400.948151
19.683959,149,401.709014
96.837467,965,415.74393
100.911906,1000,420.784936
103.495338,1000,435.19494
37.938584,217,436.301597
33.473544,298,437.84738
32.659657,176,438.740023
4.712619,74,439.141654
58.712402,477,441.585605
71.843474,488,444.066296
-1.120197,1000,457.272882
68.243328,1000,462.417686
39.984959,112,471.111114
101.649702,1000,476.110013
12.556233,803,480.116833
82.630171,1000,494.680385
-91.619543,1000,499.611397
-67.020467,286,508.293186
103.651227,1000,513.379049
98.7721,1000,518.318295
-56.848224,853,532.678786
98.649941,1000,537.625965
46.650222,480,550.086273
103.644766,1000,555.261508
15.970787,170,556.098694
82.460492,1000,569.531071
13.938628,246,570.860238
164.637248,1000,576.150583
130.352339,1000,590.335081
55.811194,279,591.838382
67.931971,290,593.285663
34.20386,1000,609.084613
32.618591,232,610.281068
28.704281,167,611.142692
42.165515,318,612.78185
1.930798,63,613.135943
99.399767,1000,618.36336
-42.825442,1000,633.70295
53.867811,271,635.140541
-33.02401,124,635.79718
-81.587166,304,637.401612
23.510662,172,638.304595
51.694241,303,639.892
9.222257,231,649.543628
35.737497,148,650.310769
36.160704,283,651.783965
52.926995,169,652.682974
98.785679,1000,657.927644
-72.86696,308,667.70515
20.782021,348,669.537961
38.526443,305,671.167355
33.867669,302,672.727938
67.605793,323,674.417445
26.849658,251,675.72562
-19.573304,1000,690.637446
14.894081,113,691.213551
28.904474,289,692.672449
29.641518,185,693.607914
56.371725,297,695.074757
20.580854,83,695.501941
94.80397,1000,709.289622
31.115838,326,711.012939
45.812296,326,712.701862
95.442698,1000,725.799583
49.258886,261,727.166133
93.536581,1000,732.361252
47.003675,237,733.579583
32.570008,290,735.07849
37.703145,292,744.841751
88.033732,1000,750.064596
91.286536,1000,765.052418
22.945114,139,765.772289
0.245827,45,766.008212
35.482473,289,767.518042
114.626623,1000,772.772394
95.224962,1000,785.591843
6.82065,60,785.889188
99.014036,1000,790.829284
29.72138,313,792.409924
12.644404,89,792.856547
22.430593,252,803.408432
43.975153,300,804.902725
-10.80283,179,805.85797
99.699267,1000,810.989034
99.458495,1000,825.658751
56.77256,430,827.838564
64.864775,316,829.455636
76.532031,1000,843.436213
93.916365,1000,848.629897
73.418224,1000,861.79943
97.879617,1000,867.154411
57.648282,292,868.793912
122.433671,222,869.977765
92.108566,1000,884.849991
106.173076,1000,890.039753
25.495977,101,890.567964
66.601699,1000,905.838012
73.803303,396,907.998508
99.961453,1000,922.964862
70.205322,359,924.889617
87.697587,396,926.973753
21.881965,210,928.102233
95.650819,1000,933.368545
54.278189,339,944.51963
98.458407,1000,949.65832
72.666833,414,951.897225
62.551254,1000,967.475754
103.199478,1000,972.590981
81.7245,404,980.111736
61.061671,460,982.495657
50.30497,363,984.325024
61.969274,403,986.352067
25.171244,303,987.962482
92.337537,1000,1002.974717
49.259676,289,1004.483923
51.777186,341,1006.333087
90.587779,1000,1020.630573
-160.135587,505,1023.489156
73.312528,495,1026.062989
87.900228,1000,1040.997632
91.45462,1000,1046.162138
13.22707,122,1046.8411
33.647701,130,1047.583474
57.44004,339,1049.320116
98.705604,1000,1062.60948
96.480856,1000,1067.912931
91.868847,1000,1081.794294
96.181733,899,1086.471314
-0.614384,49,1086.730082
-119.974457,1000,1100.848337
67.583674,1000,1105.930344
77.953365,568,1108.818739
2.251542,429,1119.680597
58.6789,525,1122.396601
38.181275,366,1124.351173
63.777657,432,1126.556738
99.193257,1000,1141.78305
76.948767,247,1143.124985
38.493144,215,1144.255104
90.271743,1000,1158.797688
36.794701,327,1160.494869
97.577599,1000,1165.815745
31.261057,191,1166.818397
53.009024,258,1168.17962
48.749864,331,1178.772176
22.25608,753,1182.742825
42.766681,335,1184.504047
7.484656,66,1184.867757
22.014578,103,1185.389553
0.869121,55,1185.694186
72.849829,1000,1200.585816
47.261653,240,1201.856711
3.403859,49,1202.099854
48.692399,324,1203.847174
19.850826,93,1204.360647
71.230945,1000,1219.436853
74.020374,1000,1224.563531
38.348159,216,1225.680538
84.60363,357,1227.497889
19.411361,294,1229.021778
10.765319,1000,1242.781074
21.028182,85,1243.207279
53.133811,302,1244.784652
44.300485,340,1246.630797
56.097049,377,1248.528569
71.102735,273,1257.600471
4.811691,48,1257.851144
41.840219,1000,1263.081264
12.24936,55,1263.377171
96.945341,1000,1278.335292
47.368143,222,1279.519509
41.607783,226,1280.738186
83.363172,1000,1286.002933
62.24494,1000,1302.790616
86.202785,1000,1308.235756
26.498231,302,1309.810275
66.6501,324,1320.110931
72.085635,306,1321.691175
79.655128,316,1323.375146
4.857698,57,1323.668664
82.074228,1000,1328.87773
26.800728,254,1339.655545
79.198082,1000,1344.814102
61.229938,240,1346.143429
60.778874,633,1349.480854
54.888985,389,1360.435387
27.127261,228,1361.633996
85.632778,1000,1367.057442
98.64125,1000,1382.282259
20.268611,1000,1387.70346
-73.071379,232,1388.921651
86.86829,1000,1403.176483
73.060531,1000,1408.435884
31.714913,243,1409.768697
33.824716,149,1419.463379
30.801995,234,1420.739841
11.117824,72,1421.124203
5.54702,119,1421.796859
64.068394,288,1423.30965
54.240135,350,1425.17987
65.482429,1000,1437.548611
68.056828,310,1439.18321
85.410872,1000,1444.654377
12.146744,439,1446.970297
88.161402,1000,1460.335664
97.939848,1000,1465.695371
18.844945,141,1466.455189
73.163741,435,1478.949402
77.259552,1000,1484.647602
67.418177,1000,1500.661016
69.512162,504,1503.393457
72.063727,291,1504.950795
147.344607,418,1507.180945
22.292751,248,1508.473825
78.18421,287,1509.962207
68.628108,965,1525.469697
65.060114,1000,1530.881017
100.421775,1000,1543.544384
27.345603,147,1544.341114
84.942853,1000,1549.726233
45.785246,201,1560.849345
-20.273804,308,1562.558976
53.541745,355,1564.480215
66.051435,403,1566.759809
18.576467,125,1567.453671
49.557681,427,1569.897936
62.615854,300,1581.063626
47.855797,349,1583.070833
12.676602,82,1583.569303
28.812541,300,1585.284765
35.037562,156,1586.215466
37.796598,338,1588.166564
76.94702,549,1591.342113
32.951501,204,1592.494777
34.14646,380,1602.504565
78.323257,418,1604.915162
40.993884,205,1606.171371
33.091203,194,1607.308222
14.148242,154,1608.186617
42.336875,221,1609.466195
21.264049,305,1611.248866
66.974849,581,1623.815986
96.809498,616,1627.345696
114.949023,1000,1633.111496
21.393234,137,1642.386312
22.869703,190,1643.500963
15.286428,143,1644.30395
9.431665,181,1645.357182
29.714636,161,1646.299823
19.577237,545,1649.488774
32.903169,156,1650.430084
83.669334,351,1652.497015
72.976833,517,1662.75867
70.357737,285,1664.425779
30.147811,186,1665.535885
31.977231,191,1666.644633
57.853481,394,1668.937493
16.825464,142,1669.803219
26.041455,188,1670.851128
-26.495398,125,1671.572905
18.987832,132,1672.337568
12.721048,80,1672.849586
84.613708,321,1685.044931
30.796145,181,1686.122221
23.201936,120,1686.772971
11.199596,134,1687.544624
54.938935,199,1688.675958
77.483173,747,1693.002167
69.28856,549,1703.74078
43.130533,317,1705.634076
38.287327,280,1707.275559
63.33104,465,1710.011362
41.462781,192,1711.166082
23.26104,77,1711.66559
77.710556,501,1714.567912
64.431669,461,1725.439565
5.853118,187,1726.554617
21.496384,167,1727.487105
32.635656,114,1728.147304
39.692144,215,1729.36707
86.868846,342,1731.359026
66.5287,515,1734.394526
53.309772,324,1745.911167
-30.645989,301,1747.726103
93.564307,323,1749.660037
58.464551,718,1753.903098
35.582577,185,1754.955426
13.329982,73,1755.387766
57.137915,239,1765.726192
22.881335,208,1766.971942
12.63549,93,1767.49616
34.124764,149,1768.353744
53.956503,404,1770.74305
11.220089,1000,1776.656228
49.459458,291,1787.588774
34.403206,190,1788.749914
5.365492,85,1789.241925
21.859439,161,1790.221539
112.596382,1000,1795.966391
78.450389,279,1797.606988
71.5359,530,1808.80689
47.36578,156,1809.731224
-93.260139,154,1810.603697
70.178193,472,1813.287304
26.259825,147,1814.162923
57.94044,226,1815.475148
77.616592,167,1816.469335
67.467866,529,1828.146052
-34.57985,159,1829.120216
0.592805,224,1830.488389
99.557269,1000,1836.4493
85.238422,332,1838.46408
32.498801,85,1838.951144
22.816188,125,1839.674347
-31.731855,231,1847.189008
-30.990229,55,1847.505735
125.114131,1000,1853.421162
-36.07576,89,1853.963553
33.49668,227,1855.324896
27.918344,230,1856.717051
9.344885,77,1857.153976
103.808718,631,1869.886576
116.587072,1000,1875.6012
25.046347,150,1876.531937
2.441616,52,1876.854221
39.881605,178,1877.856238
13.782655,88,1878.387028
107.564374,1000,1891.86583
16.066414,77,1892.324887
99.532648,444,1894.876227
-23.902204,250,1896.285776
-7.430883,68,1896.724172
95.371365,592,1907.826103
100.684297,1000,1913.748447
152.280693,1000,1927.746399
44.627652,285,1929.339817
47.284642,444,1931.831034
165.041491,1000,1937.575216
-58.025183,189,1946.972176
0.537798,88,1947.481503
63.497502,210,1948.760698
18.79111,182,1949.798826
33.146643,256,1951.299465
6.12473,59,1951.642123
-1.313073,87,1952.1432
60.151885,469,1954.671189
21.13962,876,1967.123875
104.437366,1000,1972.819443
58.443896,342,1974.828536
27.123328,148,1975.679201
191.424908,1000,1989.338187
58.991526,366,1991.472318
125.60983,724,1995.739996
19.841474,98,1996.307527
2.086953,59,1996.656159
21.698502,86,2006.130945
37.435867,254,2007.608425
53.048552,358,2009.777291
152.42019,1000,2015.627375
127.590631,1000,2030.914984
100.379698,1000,2036.780927
69.518575,263,2038.291427
115.30037,1000,2054.451747
57.15214,196,2055.594754
42.657974,263,2057.071984
222.412348,1000,2072.854924
37.088289,228,2074.231918
40.341382,298,2076.024821
56.308778,379,2078.271482
56.985556,227,2079.599492
40.52795,201,2080.809011
140.346042,1000,2094.37613
44.749481,638,2098.210042
45.210882,278,2099.856172
35.483652,279,2101.602842
68.739523,481,2114.40615
105.118993,1000,2120.430454
7.299957,448,2123.098961
-40.945255,190,2124.208765
114.843806,1000,2140.155994
-126.618212,176,2141.185455
-22.366168,171,2142.231811
71.975653,287,2143.87541
17.137007,53,2144.178301
-19.59504,153,2145.084014
38.890261,213,2146.317222
114.542925,1000,2161.021025
133.696618,579,2164.484978
16.151327,80,2164.98265
226.941107,1000,2179.809146
117.469771,1000,2185.758775
-15.654598,177,2186.797509
29.02639,162,2187.727528
155.775542,1000,2202.906741
42.776452,175,2203.971987
22.566421,163,2204.912013
86.411511,350,2206.993168
177.044027,1000,2221.506576
136.656004,1000,2227.503586
-6.427635,95,2228.043106
36.990939,183,2229.137033
145.742813,1000,2245.534263
0.514794,171,2246.598073
36.158593,194,2247.783081
23.896502,142,2248.650812
81.848735,315,2250.612457
68.022443,296,2252.374885
274.233582,1000,2266.805185
22.875919,87,2267.322648
-25.53853,101,2267.951155
171.54759,1000,2273.878855
40.703994,240,2275.277727
55.181561,148,2286.449226
158.36048,1000,2292.427739
-44.626732,149,2293.353567
102.483827,637,2297.146178
102.812926,243,2306.803479
23.879962,139,2307.64835
-103.347391,215,2308.986524
67.530496,309,2310.911642
21.582224,148,2311.796341
39.726797,244,2313.283843
3.582662,159,2314.238716
71.342094,430,2316.87596
214.997505,1000,2332.777986
69.744262,237,2334.177975
74.247138,260,2335.748977
-76.081678,191,2336.908014
172.5991,1000,2354.017625
2.49735,324,2355.976771
342.484439,1000,2361.995611
29.514989,189,2363.135686
1.146527,51,2363.413195
11.797482,73,2363.892521
113.802692,352,2377.541374
140.272795,433,2380.102184
56.628291,204,2381.300465
50.078444,240,2382.765729
75.628429,345,2384.80762
97.189834,309,2386.67713
232.100675,1000,2400.942707
46.411814,216,2402.232128
-231.106729,237,2403.687098
60.208917,212,2404.980077
-19.850999,190,2406.136788
57.891624,304,2408.042704
218.568837,1000,2422.779773
11.224229,151,2423.727607
36.948513,191,2424.8973
8.608227,94,2425.452672
115.98821,263,2427.076879
207.729409,1000,2440.666531
-46.463469,88,2441.175306
-131.07724,384,2443.515412
-13.40328,72,2443.938275
46.068282,236,2445.371344
-1.578921,1000,2462.945579
259.146272,1000,2468.884202
66.852032,318,2470.740828
114.743775,814,2483.301974
37.400166,102,2483.914686
163.445783,289,2485.640257
22.756993,186,2486.75998
22.440676,191,2487.922046
42.282076,305,2489.780031
46.687116,185,2490.937431
-41.535668,162,2491.933068
257.863959,955,2505.691184
54.087179,291,2507.470927
68.953185,297,2509.222262
42.560398,183,2510.338128
48.840179,245,2511.837324
151.138598,325,2513.798279
-18.136209,51,2514.109532
56.529749,257,2526.182591
-18.598905,275,2527.841385
202.98969,1000,2533.918387
-57.895407,123,2534.667446
-116.103932,236,2536.046633
114.972115,292,2545.684341
6.680931,82,2546.167583
0.755,60,2546.524314
46.337102,240,2547.970973
-15.261075,208,2549.229447
78.981319,273,2550.925468
46.75158,241,2552.378485
63.08584,220,2553.729882
37.805453,253,2555.23444
-7.603156,189,2556.351221
49.970724,208,2567.782832
105.291138,243,2569.252592
44.574187,248,2570.651417
96.119275,265,2572.275619
78.35136,214,2573.538413
-15.394585,229,2574.939714
231.226113,1000,2590.19195
-24.674939,100,2590.817606
66.362404,260,2592.358908
35.656022,219,2593.683303
44.548155,260,2595.223062
42.137024,246,2596.716997
121.37694,293,2598.496215
-32.848851,204,2599.691997
50.420505,233,2601.081971
5.995674,69,2611.558782
56.725723,293,2613.308041
86.264425,407,2615.791086
-9.010552,61,2616.143878
38.693754,199,2617.312327
55.212959,282,2618.966282
17.059646,118,2619.69774
55.51718,263,2621.275744
140.838508,385,2623.62165
104.512151,237,2632.990547
45.024836,178,2634.039436
30.556254,159,2635.070176
83.845858,349,2637.196533
33.963051,188,2638.323429
19.635821,205,2639.602738
-73.900732,381,2641.923928
123.177768,291,2643.642366
167.623259,505,2655.8164
89.628601,263,2657.404344
-48.112618,117,2658.132112
40.813116,181,2659.241348
-55.085851,164,2660.235087
152.899617,482,2663.124566
180.636506,528,2676.229985
239.721435,711,2680.445236
44.258511,200,2681.649216
54.657735,158,2682.611427
47.724228,223,2683.917088
35.928974,207,2685.151985
-31.945865,44,2685.435317
42.816004,236,2686.859145
95.044248,375,2699.63618
150.798187,486,2702.551715
87.041012,298,2704.287699
-23.311972,206,2705.485365
130.835688,312,2707.320189
157.989241,404,2709.679523
63.547762,260,2720.237112
61.097369,282,2721.946516
68.277645,188,2723.06403
61.738803,265,2724.601914
125.057825,432,2727.171612
71.209478,271,2728.757322
95.374911,328,2730.747127
79.452338,494,2742.084335
90.82556,194,2743.23659
19.423066,214,2744.508881
60.499739,233,2745.920786
-121.22652,189,2747.096251
80.16063,202,2748.296419
-37.531589,230,2749.668061
106.561605,366,2751.846206
-47.4415,1000,2765.96189
4.60598,377,2768.215172
64.460184,214,2769.460604
100.350398,359,2771.563816
43.186269,163,2772.536779
93.019569,263,2782.5849
32.746207,197,2783.786802
20.701278,95,2784.363435
60.154421,211,2785.609195
139.950995,420,2788.155586
62.022847,235,2789.529764
87.169508,466,2792.365867
46.054813,174,2793.373919
103.637916,330,2806.32002
30.810531,147,2807.211395
-68.712759,172,2808.236508
97.799952,250,2809.931102
36.800831,191,2811.039146
83.25989,263,2812.600669
38.970671,239,2814.165791
34.153502,141,2815.043522
-54.539721,171,2816.095239
352.252453,1000,2833.016415
93.574773,215,2834.268493
-29.163734,125,2835.008168
-156.083408,527,2838.176905
23.936088,156,2839.129091
98.011954,249,2849.257286
15.047199,171,2850.28221
63.93445,200,2851.552836
39.804181,165,2852.539216
121.192606,413,2854.976295
-34.796018,57,2855.331961
40.3588,220,2856.680914
98.532943,332,2858.658802
116.988318,449,2868.939745
69.114696,180,2870.050966
62.774852,259,2871.621113
90.313377,218,2872.908822
-37.092323,80,2873.414785
55.965925,198,2874.597412
69.84612,290,2876.305384
105.080428,239,2877.76032
42.97506,197,2878.956441
171.8589,366,2892.283117
83.628316,151,2893.196911
-49.38168,194,2894.378239
17.534671,71,2894.810021
60.309874,315,2896.750402
34.542343,158,2897.735872
35.651002,222,2899.081929
63.40859,191,2900.262742
-189.944269,156,2901.20258
28.085281,105,2901.853237
109.097447,286,2903.622986
32.514235,143,2904.468744
122.466709,251,2915.543106
-10.651123,174,2916.582992
26.018217,179,2917.678752
30.137585,201,2918.906071
8.585216,60,2919.276804
78.143717,267,2920.907966
35.804837,246,2922.411834
46.194754,186,2923.547739
44.02577,155,2924.504858
63.46336,242,2925.931146
-150.291608,585,2939.180935
-8.485397,39,2939.387569
16.527653,89,2939.977705
71.873489,216,2941.4037
-16.219181,169,2942.449735
35.801104,202,2943.656924
193.442576,547,2946.961309
73.180612,209,2948.267481
80.345225,293,2960.507937
-177.553531,662,2964.417539
223.915053,1000,2970.360616
7.684722,70,2970.821818
70.161893,198,2981.815091
53.164168,236,2983.238174
78.590461,401,2985.649403
-12.532947,253,2987.166426
23.767241,169,2988.179086
28.614316,186,2989.266871
39.951447,223,2990.60175
63.343176,196,2991.727669
55.139505,176,2992.810496
55.735442,214,3003.294606
53.168996,276,3005.013987
67.705872,334,3007.027621
87.292156,270,3008.682919
47.527207,168,3009.692807
21.164617,120,3010.422927
69.18527,198,3011.624801
-56.727275,107,3012.236852
76.176439,187,3013.366114
116.367056,331,3025.207772
56.720688,418,3027.727348
22.692093,183,3028.845007
60.028624,205,3030.065171
13.823122,206,3031.365602
79.330266,257,3032.954282
6.981032,61,3033.336979
37.315744,196,3034.530105
42.683414,182,3035.645325
48.68715,188,3036.779048
-71.294851,164,3046.453306
71.361661,244,3047.958115
27.983288,150,3048.858284
28.85729,178,3049.93749
-85.723643,198,3051.156344
80.462627,229,3052.509586
167.067154,489,3055.479502
60.81056,184,3056.597153
66.382204,210,3057.848861
63.348895,226,3068.785479
33.159518,237,3070.191884
71.105539,231,3071.54604
64.175834,286,3073.224213
97.838464,290,3074.949857
32.674902,215,3076.238223
135.394386,402,3078.718771
91.010772,225,3080.076258
65.539472,248,3090.103719
117.642446,351,3092.274643
75.900428,220,3093.575662
66.256797,248,3095.017448
-126.404048,273,3096.604697
-5.413175,230,3097.970713
18.907685,197,3099.133394
44.874951,322,3101.052084
175.308863,474,3113.9716
38.128432,299,3115.701481
59.952076,219,3116.983945
24.129383,123,3117.713161
39.039465,227,3119.075386
82.814288,196,3120.227664
49.165352,319,3122.184142
63.187717,277,3131.344518
72.498448,286,3133.070596
68.517051,191,3134.196784
48.926464,148,3135.071972
131.143257,318,3136.963658
87.536025,220,3138.247838
37.710827,189,3139.370971
17.413184,175,3140.437861
-15.575769,140,3141.261292
56.550197,208,3142.481745
41.986757,182,3150.796371
47.91494,193,3151.978887
97.70897,257,3153.530424
37.46423,240,3155.000142
74.641827,215,3156.278183
34.600731,225,3157.642675
103.073772,307,3159.500973
86.935637,259,3161.081373
117.796937,294,3162.831024
60.868597,179,3171.638331
-17.341433,194,3172.827353
44.202304,233,3174.241089
-38.889025,68,3174.640761
48.895477,186,3175.759617
16.512956,185,3176.875535
49.426472,250,3178.371224
60.652947,221,3179.662799
20.324806,162,3180.747445
105.637987,280,3182.372243
74.227771,306,3193.195948
94.812324,323,3195.127121
-7.811645,66,3195.525523
57.904118,292,3197.258907
89.946063,237,3198.707897
-98.162199,170,3199.743131
9.591991,73,3200.172735
398.048859,1000,3215.988947
47.143166,185,3217.095344
70.156579,211,3218.408847
46.330643,230,3219.792152
51.642488,213,3221.120077
90.590846,216,3222.460834
309.157284,1000,3236.036902
100.222277,302,3237.857001
27.209084,139,3238.718414
63.3412,287,3240.584466
88.63386,293,3242.425129
49.230114,231,3243.798454
91.425229,404,3246.250375
60.036039,299,3256.54361
139.394318,371,3258.811182
79.418726,192,3259.967972
28.67863,210,3261.238479
-90.58892,203,3262.453942
5.489186,170,3263.490869
64.583275,276,3265.18189
55.380623,166,3266.193352
34.466113,190,3267.347212
48.548952,190,3277.613813
36.715872,204,3278.866448
74.476583,330,3280.880325
44.653397,250,3282.453431
288.772458,1000,3288.603914
28.42861,221,3299.136027
36.314523,202,3300.414627
33.32803,152,3301.42444
-22.007032,158,3302.384079
105.154142,387,3304.781496
23.349701,146,3305.721248
55.242387,207,3306.953426
78.764779,193,3308.136847
-25.099124,202,3309.396224
48.381793,224,3310.756042
28.890389,162,3319.881541
142.131161,466,3322.759115
145.245395,427,3325.398717
43.415688,254,3326.942365
-50.87378,121,3327.698183
78.022117,348,3329.80073
166.915516,654,3342.062082
19.268836,79,3342.577905
57.566536,219,3343.931912
332.077369,851,3349.182335
26.735368,151,3350.149101
197.492129,1000,3363.763673
174.721573,451,3366.476891
29.731405,135,3367.341832
32.284945,201,3368.560925
40.228799,156,3369.486246
51.96649,344,3371.573281
83.070423,292,3380.382867
79.224235,306,3382.276973
44.829378,324,3384.259528
155.56972,1000,3390.31838
43.268212,231,3391.749313
160.098835,1000,3405.751583
52.407677,249,3407.238157
53.136037,386,3409.484269
10.047815,261,3411.023042
78.944789,307,3421.493563
39.408779,262,3423.053483
94.640771,282,3424.773316
45.899463,242,3426.235714
28.795293,113,3426.9234
13.359555,79,3427.382214
94.076975,271,3429.071087
-8.658694,57,3429.42636
84.278908,270,3431.051102
31.920433,141,3431.894967
15.476855,84,3432.406486
34.070101,190,3442.299272
68.99171,209,3443.567613
130.645386,490,3446.525368
73.344188,217,3447.84299
1.433394,264,3449.484933
88.701855,264,3451.197949
7.789574,71,3451.601372
4.255086,170,3452.640869
130.98501,387,3464.170498
53.197503,194,3465.343531
52.466621,237,3466.777071
10.146238,82,3467.258732
40.768383,272,3468.890233
206.437022,476,3471.765861
110.994543,252,3473.27376
58.479421,264,3474.889038
37.943982,215,3476.162575
49.893544,287,3485.493047
-78.243185,242,3486.93263
8.072136,186,3488.099303
192.466979,444,3490.80178
106.351748,309,3492.645396
118.508298,356,3494.754073
42.132965,220,3496.048917
35.957257,174,3504.718157
202.367296,766,3509.26011
127.555642,368,3511.575504
-72.605438,185,3512.65731
39.255596,120,3513.393383
134.714532,483,3524.882015
24.304347,200,3526.11137
212.409987,1000,3532.224272
41.665998,267,3533.839785
29.776981,117,3534.572865
124.773468,717,3548.643632
41.52156,332,3550.680199
12.64708,202,3551.915548
45.278672,299,3553.772053
39.207683,282,3555.435201
133.436412,418,3558.024916
122.276493,429,3568.40039
9.85113,294,3570.237668
44.337321,285,3572.040884
49.832934,241,3573.525285
76.485815,251,3575.056642
43.509852,303,3576.868436
-86.709781,263,3578.475564
120.832337,545,3591.0533
37.35352,278,3592.770878
126.628087,499,3595.834318
23.445175,285,3597.553905
57.965105,263,3599.125885
63.553736,290,3601.04987
55.832,262,3608.855398
-52.05789,177,3609.98774
26.817807,118,3610.695138
173.108841,394,3613.166542
68.514386,227,3614.526317
175.491529,480,3617.496063
27.666561,146,3618.373345
32.779835,115,3619.07859
48.991663,259,3627.770382
16.566784,213,3629.048912
141.500882,639,3632.997506
84.123841,251,3634.535706
-16.405562,44,3634.814131
5.758611,130,3635.610403
95.934973,275,3637.256208
3.942581,81,3637.721727
25.614282,142,3638.626554
21.780878,199,3639.815007
-134.042265,604,3651.023844
512.507131,1000,3657.199316
119.140032,515,3669.620419
3.483926,134,3670.461689
43.996622,203,3671.717983
-201.97969,209,3672.983078
26.040409,283,3674.718064
79.191257,246,3676.256474
-66.654539,1000,3690.470434
3.795634,242,3692.012804
46.009535,214,3693.302859
43.229254,434,3696.006847
-143.166264,292,3697.824529
-47.187017,245,3699.299696
61.319678,207,3700.611513
54.646326,218,3701.928978
57.038754,264,3710.9051
94.305076,601,3714.683005
37.39415,152,3715.553623
3.444778,69,3715.958185
96.896433,479,3718.943799
50.745716,207,3720.205288
126.238636,612,3733.419226
382.42793,1000,3739.610904
85.559745,275,3741.305196
113.666029,492,3744.289095
45.5471,238,3751.082559
103.594193,961,3756.992369
110.164644,564,3760.490951
76.131139,500,3770.784013
214.918208,848,3775.963511
185.669126,643,3779.940544
122.720757,491,3790.566339
14.148545,228,3792.011254
50.682297,263,3793.627314
19.735937,157,3794.560635
47.232919,210,3795.888485
201.956745,791,3800.715967
141.975502,578,3812.314965
89.928352,211,3813.61
-53.067285,232,3815.056516
-65.119911,203,3816.323349
89.339153,329,3818.373195
55.34746,301,3820.305138
76.492959,181,3821.451737
69.574129,338,3823.586788
619.299351,1000,3838.351665
62.643025,235,3839.748826
38.092035,170,3840.898174
65.973172,244,3842.39976
11.828147,78,3842.866108
51.85026,202,3844.094058
95.995583,275,3854.043259
37.272417,324,3856.041755
50.340313,204,3857.262431
-39.881702,69,3857.701509
74.430428,313,3859.612629
439.82345,1000,3865.680054
92.550317,215,3872.116224
35.944455,255,3873.700704
30.729993,458,3876.532898
112.397436,744,3881.136412
64.342008,344,3883.254747
49.387249,226,3890.016212
57.942524,324,3892.010735
91.437045,385,3894.388059
2.185984,56,3894.697484
95.867761,206,3896.005986
505.637386,1000,3909.140359
318.9793,801,3914.175333
30.80953,238,3915.613464
60.163121,268,3917.331924
189.370903,568,3920.868954
47.707413,377,3929.251092
329.801992,1000,3935.437819
44.077877,226,3936.841551
154.896021,565,3949.200036
171.334976,845,3954.531181
559.803297,1000,3960.66695
103.138763,500,3971.850472
625.576716,1000,3978.125074
73.999618,388,3980.497845
16.904518,209,3981.757864
54.032443,239,3992.957887
66.840565,252,3994.511559
126.614597,1000,4000.62128
587.400201,1000,4015.87276
-105.472247,475,4018.763798
187.99997,906,4024.425117
31.211605,128,4025.210038
61.897773,167,4026.229447
32.554126,381,4040.635586
78.285969,540,4043.946512
1.83728,62,4044.293481
40.422537,251,4045.838253
284.31304,566,4049.323499
51.462994,414,4060.885512
23.236436,118,4061.612188
28.226318,285,4063.365605
49.445281,278,4065.053401
84.496894,367,4067.323823
243.232411,438,4070.028498
49.802338,248,4071.532342
93.993081,335,4082.628171
87.006543,302,4084.477304
112.81497,429,4087.023354
95.550433,298,4088.817814
126.800146,1000,4103.826317
61.321908,373,4106.127555
159.861123,1000,4112.176153
20.305465,93,4112.749367
33.997536,216,4114.038204
69.543117,528,4127.165125
115.419576,538,4130.425105
412.598713,506,4133.483074
67.141244,1000,4149.978809
139.593324,1000,4156.03631
61.620251,346,4158.125789
7.23355,68,4158.538085
211.433162,383,4170.666907
44.785568,308,4172.621313
21.029686,144,4173.465909
87.837735,492,4176.464118
72.738775,291,4178.253893
66.943666,269,4179.914419
93.671901,336,4182.004307
164.706108,392,4195.109503
583.007421,1000,4201.379359
83.043605,511,4204.535116
73.715298,249,4206.089275
57.858118,327,4217.88536
-16.353419,449,4220.658171
984.030462,1000,4226.746807
178.361933,413,4241.055146
645.58213,1000,4247.204815
48.737139,349,4249.2943
173.293381,379,4251.63575
75.54345,594,4266.841431
-14.370246,492,4269.863325
22.924097,117,4270.584779
48.011734,364,4272.75228
54.621116,370,4275.005531
68.687123,303,4276.812267
76.311428,332,4290.696588
84.967496,350,4292.911409
37.824459,258,4294.484875
55.657612,336,4296.537836
58.780263,352,4298.65572
110.984373,567,4312.316465
59.294405,291,4314.182916
61.175606,259,4315.813818
-31.418557,258,4317.422107
556.524518,1000,4323.566029
132.429868,495,4339.033836
146.452458,890,4344.53061
-14.482488,83,4345.019196
286.998199,479,4347.96628
108.248969,389,4359.793804
-174.195187,1000,4365.910664
61.469809,352,4368.060887
31.09512,162,4369.082884
84.919782,425,4378.986397
6.850077,117,4379.717503
171.154707,505,4382.930643
115.051069,303,4384.765021
129.893104,675,4388.832573
117.902979,513,4401.648134
297.700973,470,4404.57056
53.894672,188,4405.739816
587.700691,1000,4411.97311
83.409118,583,4424.629089
43.158022,196,4425.85989
40.861219,331,4427.903402
-10.74196,104,4428.561167
165.347839,548,4431.845387
-41.500215,179,4432.917322
20.772008,123,4433.685206
931.561237,1000,4448.445073
128.7181,1000,4454.582587
65.430285,323,4466.19929
83.167163,423,4468.784175
68.414944,384,4471.230563
45.516132,286,4472.966743
201.846186,457,4475.765339
-10.933415,60,4476.132895
48.278803,328,4478.174268
31.608734,132,4487.416591
57.431111,350,4489.620407
-105.73982,314,4491.50202
87.210984,539,4494.842698
10.939377,136,4495.670394
30.982526,382,4497.962462
558.572278,1000,4514.582382
53.283027,586,4518.16687
121.178525,502,4521.222363
932.33663,1000,4539.087972
69.64049,1000,4545.336101
76.545731,389,4555.711602
590.21373,1000,4562.017823
61.469091,252,4563.572989
312.847203,1000,4578.462175
-158.125392,361,4580.728709
222.642717,366,4582.96025
199.236066,1000,4589.236546
82.34045,517,4600.477727
67.368005,283,4602.303379
-14.86165,111,4602.970985
182.799477,1000,4609.235399
101.3026,234,4620.728796
672.748893,1000,4627.058111
138.924472,1000,4643.524835
516.40838,1000,4649.703467
-8.836257,199,4651.054479
43.075948,199,4652.266544
289.476827,341,4654.338565
171.64234,1000,4669.540403
109.446076,203,4670.818347
678.939656,1000,4676.921206
175.545827,495,4691.002174
-38.378626,251,4692.603705
-158.769356,283,4694.338062
150.686939,486,4697.309255
121.197667,1000,4712.158468
58.019327,448,4714.905061
20.716695,104,4715.494179
28.826585,144,4716.416043
63.242675,300,4718.239064
54.686228,301,4720.128022
49.606254,292,4721.952344
626.62945,1000,4738.779284
511.856697,1000,4744.929311
139.111372,273,4756.411573
75.055685,173,4757.507084
98.034045,306,4759.401367
904.809557,1000,4765.489814
138.679323,285,4767.285632
65.328297,782,4782.862866
120.759727,310,4784.773523
109.912638,210,4786.045533
634.106213,1000,4803.25502
55.765644,302,4805.087001
212.729676,706,4809.4447
93.712644,192,4810.621638
15.72549,251,4812.160754
85.687309,515,4815.292498
718.447652,1000,4831.436532
62.444979,232,4832.862626
67.181094,307,4834.657756
715.890234,1000,4850.876371
1207.015786,1000,4857.151443
72.889944,226,4858.546349
66.206513,432,4871.498509
89.283515,377,4873.855373
475.229833,1000,4880.03993
43.974981,359,4882.251339
68.489924,369,4894.653684
74.719255,430,4897.227322
210.578176,1000,4903.339501
79.192313,415,4905.892582
25.075174,128,4919.742176
103.535126,598,4923.443692
37.474588,209,4924.746428
666.129568,1000,4930.845443
64.099074,332,4943.852858
589.081382,1000,4949.983353
45.757564,298,4951.910885
65.252701,329,4953.937059
162.159286,313,4968.0413
93.787748,223,4969.473599
120.833787,1000,4975.599412
530.072917,1000,4994.536888
105.749952,216,4995.859617
92.459417,617,4999.716771
589.758921,1000,5015.358322
76.563627,305,5017.241156
67.208422,518,5020.508652
86.04886,345,5022.593821
69.554588,285,5024.352936
102.649261,233,5025.850271
-4.703543,215,5027.172395
80.217986,267,5038.09053
97.668871,212,5039.415689
45.050139,285,5041.319106
47.333846,347,5043.529633
59.153662,355,5045.748152
398.99871,781,5062.682612
629.255304,1000,5068.945426
129.217516,318,5071.027969
49.205053,274,5072.778754
253.780053,549,5087.757216
149.590611,1000,5094.161014
66.59452,320,5096.210075
780.078212,1000,5112.5205
48.817271,1000,5118.823762
-281.924684,787,5133.228673
12.227262,94,5133.841887
33.772641,134,5134.646654
43.779148,263,5136.270856
131.993007,323,5138.271603
83.407606,287,5140.068254
351.123364,945,5157.778344
139.644631,488,5160.847512
14.713864,90,5161.46021
16.943145,81,5161.93257
257.705793,632,5165.840321
30.703242,223,5167.271358
146.279349,1000,5185.571224
733.111452,1000,5191.913072
79.773019,201,5193.110386
52.777828,214,5203.452477
416.842377,1000,5209.75948
334.485931,1000,5216.069785
101.211867,202,5228.38048
70.546196,282,5230.154324
812.077805,1000,5236.502594
25.706843,140,5237.357713
95.249725,443,5240.130111
105.059084,391,5254.044162
108.038539,937,5259.868784
-8.552054,229,5261.273407
9.850418,284,5263.038624
20.984096,153,5263.964895
597.634107,1000,5281.339929
69.394003,461,5284.187609
144.354048,733,5299.008894
207.627056,635,5303.024601
383.974226,1000,5309.268201
-187.527752,527,5323.286168
250.204404,1000,5329.592417
176.326092,373,5331.961203
169.291241,432,5334.625222
117.336786,204,5348.933491
60.278884,289,5350.785419
78.384807,666,5354.901287
74.211164,228,5356.26496
40.062196,232,5357.737163
47.648798,184,5358.896924
324.158923,773,5374.896082
736.854921,1000,5381.128546
46.224335,245,5382.666649
147.046405,333,5384.745624
-44.093731,264,5399.013071
575.277836,1000,5405.354563
100.437632,462,5408.241459
183.423459,452,5422.428641
125.699276,273,5424.141971
105.900059,1000,5430.388337
123.766364,378,5432.86547
49.561135,184,5434.008551
539.903509,1000,5451.323492
346.548955,770,5456.168876
8.531431,61,5456.547614
632.095947,1000,5474.176079
57.04877,384,5476.516441
49.370452,199,5477.742552
711.529352,1000,5494.302914
135.18546,325,5496.365338
233.319048,872,5501.774979
121.314121,512,5504.980239
-132.413194,936,5520.837769
73.586172,606,5524.674185
444.396526,1000,5541.034806
160.505707,657,5545.134831
100.57789,333,5547.149996
165.454655,560,5550.629282
725.390182,1000,5566.649692
568.294353,1000,5572.94385
72.059429,256,5588.113563
59.869489,267,5589.789968
-7.788381,97,5590.40841
41.373913,243,5591.904127
424.335134,721,5596.466112
107.321578,307,5598.33914
625.54251,1000,5616.87851
55.845207,251,5618.410518
366.314924,1000,5624.717309
118.752623,286,5636.579447
120.263869,313,5638.571983
-85.832268,222,5639.955391
-20.935694,293,5641.894912
290.533557,377,5644.243431
280.950076,787,5659.184422
56.78957,637,5663.219748
30.495858,200,5664.452213
539.452049,1000,5670.688167
88.945008,201,5682.303078
17.367606,84,5682.825449
15.005925,100,5683.470891
103.21725,547,5686.906013
-100.240154,282,5688.652824
92.53341,338,5690.76016
511.060594,1000,5707.160438
93.031035,264,5708.784415
61.968434,281,5710.522829
497.232877,1000,5716.718439
352.214762,1000,5734.552675
139.923439,182,5735.626944
51.338434,265,5737.271088
77.814485,101,5737.879299
52.527206,257,5739.474336
25.433204,110,5740.191453
43.695713,293,5752.813946
98.338883,517,5756.098173
129.153911,521,5759.314646
34.31276,157,5760.262422
73.232399,317,5762.311469
800.928004,1000,5780.785627
213.063394,420,5783.380595
124.104637,268,5785.029146
706.559844,1000,5802.647977
123.474117,249,5804.229582
57.482677,283,5805.966225
57.447098,285,5807.753269
214.63315,644,5811.761797
72.306988,278,5813.499987
633.32561,1000,5830.398898
81.339583,418,5832.966251
670.229389,1000,5848.369986
902.990177,1000,5854.70095
-11.643966,61,5855.08033
80.249137,317,5857.048729
-113.224229,156,5857.99438
72.735677,171,5859.065948
18.378073,245,5870.612781
168.839608,266,5872.287998
74.11065,376,5874.636806
73.695528,380,5876.946465
40.215543,296,5878.803544
69.654278,208,5880.090142
96.440461,232,5881.683125
683.908969,1000,5900.284189
96.323456,439,5902.987391
64.306233,213,5904.348146
161.16513,817,5919.648232
63.518346,331,5921.711504
48.053007,236,5923.128923
50.134738,158,5924.144076
28.107305,388,5926.552036
89.617325,376,5928.925033
97.629666,307,5942.087397
59.463684,171,5943.138193
-106.709323,284,5944.967627
223.309261,457,5947.808074
27.573994,108,5948.481139
23.174469,323,5950.510361
145.389036,623,5954.312494
775.874194,1000,5972.004634
902.708389,1000,5978.280937
58.081477,196,5990.787196
619.287014,1000,5997.00034
83.021333,314,5998.987346
121.290821,399,6001.591017
200.875096,294,6014.764855
51.45238,224,6016.213052
76.336578,320,6018.220251
48.262526,230,6019.620962
132.428085,375,6021.935538
56.574165,231,6023.392798
78.086085,269,6025.033601
-77.218362,207,6026.300514
17.627411,167,6039.09541
767.554553,1000,6045.395498
116.759297,418,6048.017082
99.680595,1000,6064.833361
65.347446,1000,6071.108591
180.622066,1000,6090.122811
77.127643,197,6091.427629
-52.127979,148,6092.318924
263.127861,962,6098.236404
749.677162,1000,6115.679348
293.145985,612,6119.525746
664.842269,1000,6137.475381
-76.960867,414,6140.092607
471.259812,1000,6146.41362
105.508435,588,6161.576105
86.893006,289,6163.446546
83.01456,158,6164.440501
667.851515,1000,6170.772397
249.849435,1000,6189.168641
-43.91713,177,6190.307377
81.733965,352,6192.556173
663.036121,1000,6198.925213
507.770991,1000,6216.062636
157.816751,428,6218.785745
173.492685,488,6221.852695
102.514776,1000,6240.238075
93.640934,350,6242.529141
59.453228,243,6244.058652
43.531254,152,6245.05663
751.702598,1000,6263.093213
316.379456,1000,6269.379781
22.925771,237,6270.830068
-20.351916,216,6272.265876
89.247164,185,6284.25449
48.855087,189,6285.429612
78.35162,182,6286.587189
79.546278,275,6288.331503
55.015189,286,6290.141232
6.731285,206,6291.428648
540.160951,1000,6308.371481
971.634582,1000,6314.741905
10.45222,193,6315.948138
25.389964,206,6317.252079
142.839327,238,6318.762003
33.1219,281,6332.522321
-16.403991,125,6333.32198
1017.929999,1000,6339.665366
163.843028,1000,6357.539203
102.608959,257,6359.176287
135.111086,249,6360.759437
531.313847,823,6366.063165
43.914487,195,6367.286617
-53.5959,151,6368.236096
338.663148,863,6384.729812
-22.626131,204,6385.968747
136.844288,334,6388.04089
61.874981,206,6389.349689
230.858558,468,6392.29411
-7.117224,112,6392.988977
73.320502,232,6405.591148
118.350805,308,6407.53284
-31.090624,90,6408.085741
-25.296191,159,6409.107775
923.884743,1000,6415.39627
84.962609,218,6416.760264
41.153254,211,6429.226988
894.625853,1000,6435.580013
72.920246,297,6437.448421
65.701507,289,6439.194732
38.189767,303,6441.056031
11.031271,137,6453.325796
67.728597,253,6454.919579
285.538593,1000,6461.21572
24.513895,210,6462.519868
59.182071,254,6464.092636
850.791439,1000,6480.814476
62.518381,121,6481.684697
56.332496,159,6482.656651
68.023821,218,6483.99118
-274.130843,1000,6500.937356
95.754913,269,6502.617054
56.857731,182,6503.773505
108.609021,786,6508.675085
-225.601262,593,6512.453281
73.902543,171,6526.327227
-79.018991,266,6528.030541
78.883544,186,6529.159627
-38.687235,186,6530.325803
54.132481,241,6531.824443
-108.285131,294,6533.620958
141.556977,624,6537.506995
69.094712,219,6549.418695
900.472463,1000,6555.747716
60.924808,234,6557.178581
96.108545,265,6558.813617
258.435231,1000,6578.123139
178.481112,369,6580.423944
56.958575,135,6581.302293
849.144876,1000,6598.165964
697.270779,1000,6604.607102
171.596213,558,6608.047334
36.256402,116,6608.78878
132.985206,326,6610.852743
118.283645,305,6625.021943
40.168697,179,6626.175612
57.294544,191,6627.396593
129.558658,264,6629.061255
171.783085,781,6634.035037
-34.110599,167,6635.083389
-106.464499,362,6648.762155
596.851902,1000,6655.054227
83.991427,147,6655.96063
71.620555,205,6657.27165
-10.200999,120,6658.028602
227.690346,1000,6675.812638
222.052871,454,6678.688375
41.925657,125,6679.464896
52.420267,208,6680.769386
171.595478,461,6683.695179
736.874451,1000,6702.670184
64.296798,355,6704.924045
227.065067,360,6707.183814
15.492461,118,6707.946631
128.38404,1000,6726.541181
101.369714,327,6728.541109
328.780972,1000,6734.732434
-195.116015,1000,6752.891468
827.694341,1000,6759.178247
53.50107,191,6773.394193
139.125109,357,6775.620037
578.788086,1000,6782.037431
717.728065,1000,6798.476244
81.136185,209,6799.781084
474.60191,1000,6806.060339
51.143887,274,6807.787864
62.422183,238,6820.982034
8.840059,71,6821.438657
117.188911,561,6824.957098
208.325096,456,6827.870872
-35.539017,216,6829.205749
797.728012,1000,6846.304919
820.6562,1000,6852.625653
95.186488,408,6855.234073
665.615488,1000,6872.642482
21.476931,263,6874.299136
-67.536153,184,6875.457146
13.619144,112,6876.17545
141.14194,393,6878.650509
512.430465,1000,6893.850801
1.440012,157,6894.839931
-33.55319,116,6895.585462
-145.000633,326,6897.617064
87.341917,202,6898.88957
12.979118,139,6899.759696
-26.080364,181,6900.912479
144.007105,322,6903.063916
27.236978,94,6914.176953
422.896597,1000,6920.525662
166.753101,379,6922.980675
376.457811,896,6939.83006
258.33169,1000,6946.278074
66.842771,1000,6964.483299
9.460756,166,6965.497943
22.304542,144,6966.400367
7.086519,165,6967.430184
72.163749,287,6969.252125
368.490839,1000,6975.596415
768.549261,1000,6994.134614
793.113933,1000,7000.443465
758.71138,1000,7018.204825
92.436491,254,7019.810022
94.653812,297,7021.784121
84.043124,371,7024.076975
67.98975,163,7025.129927
442.405581,1000,7042.987124
837.850676,1000,7049.270489
96.854077,564,7065.55302
382.544799,1000,7071.934739
7.721651,205,7073.25656
49.287613,347,7075.48043
107.191438,240,7087.64997
560.678345,1000,7094.075426
89.3227,248,7095.63106
488.143902,929,7113.26512
181.660141,447,7116.137935
61.754897,215,7117.487894
179.660449,304,7119.432819
980.038852,1000,7136.27021
39.234567,304,7138.154695
782.529334,1000,7144.601699
1101.157362,1000,7162.173463
279.977338,434,7164.910025
881.165004,1000,7171.227918
64.313807,246,7182.398048
33.437699,225,7183.775158
47.433675,474,7186.835909
26.379269,232,7188.286124
83.264421,200,7189.57933
-26.536825,101,7190.196732
66.059026,270,7191.906239
846.14669,1000,7207.449119
70.142943,199,7208.700974
165.868513,464,7211.631595
4.756627,219,7213.051398
50.347578,167,7214.100758
10.36912,102,7214.790271
33.566484,210,7216.115965
11.785071,131,7216.945674
906.679083,1000,7233.172256
-19.347302,173,7234.253483
55.439194,332,7236.350067
-57.146892,152,7237.313005
63.768912,172,7238.432262
325.543659,672,7253.397333
49.859216,142,7254.335603
403.015367,1000,7260.659611
-64.595791,156,7261.781374
746.755501,1000,7277.817132
43.752147,144,7278.75408
295.622042,650,7282.832963
-13.242696,175,7283.904109
217.783254,801,7300.606974
69.637886,259,7302.251537
922.485559,1000,7308.678914
224.123207,692,7326.639789
815.446855,1000,7333.150826
409.924593,500,7336.358294
645.745342,1000,7356.288199
71.275577,201,7357.543651
107.78741,169,7358.590553
66.490996,179,7359.705942
695.331112,1000,7379.019572
143.686904,372,7381.391675
42.887037,131,7382.286125
-153.356963,545,7385.756193
779.020616,1000,7406.596225
73.283353,245,7408.173929
146.850091,274,7409.922041
982.967217,1000,7416.352473
245.963231,430,7429.228322
150.064756,604,7433.08975
82.202897,167,7434.152838
317.643996,1000,7440.571744
438.465536,1000,7455.500978
303.156797,533,7458.908289
591.055199,1000,7475.462159
929.3562,1000,7481.837933
18.208488,183,7483.008753
764.438376,1000,7498.785425
653.807279,1000,7505.166609
41.281175,244,7506.710381
140.694711,241,7508.230439
-95.004302,282,7521.110817
0.003417,549,7524.631013
105.323998,473,7527.649397
58.254419,128,7528.452728
36.563524,203,7529.745545
6.816819,176,7530.883173
68.755826,182,7532.143546
655.445924,1000,7548.97436
127.086983,362,7551.236783
58.304882,210,7552.552974
29.9309,172,7553.646275
9.8098,165,7554.707125
753.865806,1000,7568.903063
15.505285,216,7570.284103
802.627262,1000,7576.646097
88.21438,191,7587.883483
41.358439,224,7589.331698
33.743838,140,7590.2167
52.978298,273,7592.057069
63.599629,277,7593.845406
-28.536116,168,7594.8613
-46.467267,494,7597.954821
-66.817057,195,7599.190944
72.861271,223,7608.936794
78.877519,252,7610.546964
23.903784,179,7611.702931
9.881671,203,7612.999563
117.473982,588,7616.751324
77.627511,308,7618.67275
614.897031,1000,7633.012259
587.342048,1000,7639.471956
808.882591,1000,7656.623945
59.355056,229,7658.100187
53.276325,180,7659.273593
601.876989,1000,7665.589519
52.654862,196,7673.749743
57.472979,195,7674.999741
51.193642,118,7675.747358
226.332799,581,7679.459727
431.251827,1000,7685.838021
-158.368319,253,7696.440445
-401.492332,1000,7702.796904
212.954865,266,7704.497194
1237.264244,1000,7720.193484
116.599078,251,7721.802184
673.373038,1000,7728.23775
6.767148,200,7729.507198
41.51003,108,7730.209375
7.869737,148,7735.951595
595.345471,1000,7742.546142
-19.543196,47,7742.816207
486.641083,1000,7758.881959
949.029554,1000,7765.263365
-145.280455,419,7767.887689
-0.49367,233,7769.378238
36.892958,342,7771.538033
-50.516686,125,7777.520091
662.410961,1000,7783.94275
-49.507173,152,7784.899915
69.454123,175,7786.020345
333.703919,1000,7799.558629
28.24888,173,7800.692002
-622.609348,1000,7807.177954
62.041046,283,7808.99715
529.339979,1000,7822.675594
56.153249,397,7825.233779
1.322797,149,7826.183276
746.060105,1000,7842.058546
90.15471,149,7842.99295
407.936122,1000,7849.286634
125.864574,507,7852.44383
661.6198,1000,7866.216598
343.443327,1000,7872.610026
22.131379,467,7882.78233
23.574705,142,7883.740127
24.189315,97,7884.352955
276.628021,1000,7890.728949
35.746395,106,7891.378489
9.463043,124,7892.256646
-11.027808,219,7893.645146
64.496033,201,7905.36724
889.28429,1000,7911.755605
-365.833221,1000,7926.94717
24.806054,88,7927.532377
85.886645,181,7928.668075
561.893806,1000,7935.067627
83.734018,268,7936.749669
27.885785,142,7937.63155
80.777567,187,7938.810653
23.854359,112,7949.092633
75.411702,218,7950.437167
74.19405,166,7951.516775
63.872895,181,7952.759337
551.200869,1000,7959.126121
76.387639,210,7960.442748
35.17146,166,7961.491622
747.796175,1000,7976.484908
43.501991,166,7977.554336
598.251045,1000,7988.799485
79.047538,246,7990.387865
22.738603,126,7991.175191
754.102294,1000,7997.489814
33.431305,257,7999.100818
-22.322228,93,7999.672326
-31.238729,179,8000.826714
-48.416532,180,8008.979196
999.687142,1000,8015.407191
1110.376727,1000,8028.5666
706.66992,1000,8035.023808
62.275016,173,8036.110992
707.087703,1000,8051.123909
-194.968221,973,8057.231542
-73.850909,1000,8070.673434
242.475893,262,8072.402492
96.533417,262,8074.039517
88.025362,352,8076.22912
99.957355,411,8078.830156
101.673887,382,8081.262529
729.330107,1000,8099.334715
9.904171,88,8099.922825
42.281643,263,8101.610802
697.056859,1000,8114.295662
70.501702,175,8115.382818
14.803466,118,8116.1568
123.032802,267,8117.856521
22.376772,213,8119.264768
172.302186,824,8124.501108
89.355528,373,8126.80882
53.614698,326,8133.6078
-8.064574,139,8134.530004
-14.404521,167,8135.562156
-171.716509,610,8139.424282
67.869698,181,8140.564256
13.875093,185,8141.684255
902.83715,1000,8155.752004
-5.72969,88,8156.324928
239.807331,1000,8162.804691
48.949145,202,8164.073399
64.133052,159,8165.086196
60.9835,131,8171.522392
595.185336,1000,8177.801719
511.161233,1000,8184.264245
48.988123,141,8191.964851
-460.644973,1000,8198.312586
140.868243,336,8200.424967
911.234134,1000,8214.915408
105.650368,1000,8221.260238
64.90595,161,8222.386095
27.427195,159,8223.345148
152.658625,1000,8237.86753
266.606859,1000,8244.252945
52.672433,219,8245.605674
69.442092,186,8253.014232
14.510198,137,8253.874665
620.124193,1000,8260.308893
54.861448,165,8261.338583
47.518587,1000,8275.009433
15.228015,74,8275.460417
108.148532,266,8277.14624
8.110312,155,8278.16238
65.175069,135,8279.005999
318.916773,604,8282.904384
568.456171,1000,8299.128945
650.667663,1000,8305.488427
-3.530319,169,8306.582834
-5.058819,158,8307.611371
64.078957,268,8318.511965
-10.444736,201,8319.805602
653.854318,1000,8326.116853
102.693758,314,8328.039903
35.88646,122,8328.806087
13.123337,136,8329.666965
-455.211778,1000,8344.733632
1.702604,164,8345.784201
40.902311,179,8346.885914
-177.724884,603,8350.777289
1140.084936,1000,8364.346208
30.375139,208,8365.686707
86.672117,274,8367.403289
533.058676,1000,8379.326079
2.411343,140,8380.219962
-607.44868,1000,8386.530993
743.334406,1000,8402.890775
88.904595,400,8405.414582
89.934716,236,8406.927666
242.692835,1000,8413.301812
946.08317,798,8425.355582
101.370958,422,8428.038979
66.725738,204,8429.328167
739.232695,1000,8442.106912
-443.954261,935,8448.032924
438.260215,1000,8462.227151
-80.377762,111,8462.931256
0.970285,91,8463.550691
17.792848,118,8464.303413
158.316696,243,8465.856698
-9.738429,102,8466.476184
61.819194,191,8467.693511
113.681689,605,8471.51421
540.043034,1000,8486.819171
541.470331,1000,8493.283611
312.904666,747,8504.089202
55.647575,294,8505.959189
92.114486,169,8507.033886
29.196591,193,8508.249186
75.413406,261,8509.87829
128.923277,332,8511.976946
139.782301,479,8515.045246
42.538613,186,8516.18844
939.100012,1000,8532.223411
76.280953,210,8533.538709
889.167198,1000,8546.435423
866.780429,1000,8552.927193
96.96648,169,8553.97221
23.648085,68,8554.412303
-25.586043,98,8555.057647
128.088261,333,8557.211467
-62.995784,105,8557.888442
91.804414,346,8566.284221
28.970807,155,8567.261969
111.932465,256,8568.890389
594.050001,1000,8575.277594
549.615616,1000,8589.066644
-57.62122,204,8590.362438
21.941496,110,8591.076399
74.286737,193,8592.308402
190.925415,639,8596.355604
330.735361,1000,8612.410822
1254.125292,1000,8618.781725
72.62064,193,8620.012223
151.678935,390,8633.608263
0.127747,91,8634.1603
81.472508,200,8635.458289
17.067488,225,8636.875389
162.426296,402,8639.435487
763.644573,1000,8653.832786
588.25749,1000,8660.283223
35.234513,266,8661.981723
-420.743567,1000,8678.108416
45.665035,149,8679.0972
65.002108,186,8680.297092
517.631539,1000,8686.578321
-10.825714,160,8687.624974
608.933722,1000,8701.301007
-2.382985,231,8702.881919
75.389515,216,8704.25361
94.811051,226,8705.735255
55.169644,122,8706.514814
760.442863,1000,8718.198011
30.001726,152,8719.182264
709.980201,1000,8725.519766
29.422507,161,8726.562633
56.125524,124,8727.35041
942.307369,1000,8741.348693
70.88613,297,8743.239863
54.312945,401,8745.782346
8.247384,103,8746.469311
702.277359,1000,8757.959976
457.190301,1000,8764.367505
878.925965,1000,8777.54427
-12.635596,142,8778.43243
23.978746,128,8779.233213
40.457204,139,8780.095204
-16.14472,107,8780.781247
28.597565,133,8781.621748
90.518923,181,8782.761224
61.995479,183,8783.939392
14.327236,153,8784.887271
881.920139,1000,8797.764628
64.797155,196,8799.039667
644.400522,1000,8805.357095
757.397896,1000,8819.502636
77.311274,203,8820.793619
65.389104,239,8822.453404
-13.781381,163,8823.460431
257.759638,1000,8840.83211
152.807588,734,8845.550707
-219.791478,1000,8861.754339
269.001814,1000,8868.107335
40.149097,107,8868.761688
291.118685,348,8871.041228
665.442024,1000,8886.467715
116.526855,654,8890.648081
62.112155,196,8891.924234
649.19052,1000,8905.345941
62.080418,252,8906.964622
952.157794,1000,8913.43008
120.798132,497,8925.299624
515.066251,1000,8931.676811
449.35603,1000,8938.071734
723.471703,1000,8951.242532
620.950657,1000,8957.594628
71.183032,142,8965.465037
64.907929,193,8966.741767
80.38484,442,8969.528888
74.229362,179,8970.699516
794.795158,1000,8977.184228
4.6608,358,8990.406425
892.318205,1000,8996.859367
96.184547,264,8998.515071
-60.016872,865,9011.175326
452.145823,1000,9017.57799
608.803007,911,9032.808664
238.084982,986,9039.098873
118.745728,252,9040.715821
677.335364,1000,9055.806286
25.166859,249,9057.366968
30.9567,68,9057.794412
-34.348745,137,9058.701701
233.024994,422,9061.386762
63.600893,164,9062.555502
61.807917,228,9063.959232
45.811479,115,9064.703051
1101.878507,1000,9079.031195
100.877171,402,9081.586362
459.389998,1000,9096.355242
-9.111816,387,9098.841729
75.523374,160,9099.838381
-39.978774,210,9101.204873
73.585736,570,9104.776426
692.544582,1000,9117.498949
89.284194,172,9118.607286
53.512375,126,9119.42081
-36.27597,108,9120.087769
648.408241,1000,9126.582591
39.361255,195,9127.809762
693.272266,1000,9141.9301
49.343393,121,9142.709586
520.182593,1000,9149.00245
48.38349,163,9156.899718
177.633717,1000,9163.290175
18.207136,132,9164.13352
533.12903,1000,9177.581364
35.22991,168,9178.664253
3.937148,61,9179.058424
91.732439,144,9179.962578
-37.07984,278,9181.722713
262.000864,975,9188.01717
54.961786,142,9188.941437
124.132379,242,9195.889722
595.790733,1000,9202.24896
344.62337,1000,9217.335456
838.599783,1000,9223.735834
377.418051,1000,9237.93475
124.363977,209,9239.271473
-17.525988,106,9239.943704
132.799371,409,9242.664292
71.809805,169,9243.762641
810.6532,1000,9250.157884
-22.613457,217,9258.405758
147.303839,366,9260.759261
460.18309,1000,9267.043331
450.866003,1000,9279.026967
225.300625,1000,9285.421668
122.435329,1000,9300.893947
153.510449,889,9306.685124
69.310689,182,9307.862875
109.811997,383,9310.319453
47.600112,128,9311.139579
-86.069666,1000,9323.386962
57.313339,242,9324.969357
38.244386,78,9325.453954
39.572715,190,9326.678332
98.841288,280,9328.501713
599.143714,1000,9341.692513
39.096368,136,9342.614896
76.974712,190,9343.820922
21.209036,162,9344.844474
117.083573,309,9346.838526
70.010384,149,9347.804854
186.03401,521,9359.128023
108.609202,184,9360.332123
-81.183291,154,9361.370592
857.389122,1000,9367.745332
68.386064,183,9368.902314
-17.175561,123,9369.692544
82.571558,278,9371.453465
103.560791,204,9379.939091
-67.243138,187,9381.126477
-0.759145,154,9382.096945
-135.551259,155,9383.06791
103.657318,331,9385.211047
58.148606,162,9386.227614
431.15513,1000,9401.57491
4.023585,139,9402.471852
74.617303,149,9403.416378
-524.633269,1000,9409.785272
102.715766,320,9411.820722
74.461752,226,9413.228182
289.001842,484,9428.104243
487.168091,1000,9434.525749
707.246996,1000,9448.099246
60.592271,150,9449.049663
684.798502,1000,9455.527772
29.437571,215,9456.875975
94.62491,174,9457.97706
394.626196,1000,9472.319218
23.966315,126,9473.118017
220.668895,1000,9479.500392
368.089363,891,9493.663373
191.287146,329,9495.766351
49.630033,180,9496.885452
870.205779,1000,9509.710356
-7.022549,1000,9516.198056
2.291428,228,9517.606109
655.063348,1000,9531.714016
-45.202968,224,9533.137855
45.173219,182,9534.303244
77.75009,181,9535.461155
-410.512471,1000,9541.840501
182.372283,1000,9556.858828
8.893619,152,9557.857448
934.063295,1000,9572.627652
84.713588,176,9573.779942
808.968312,1000,9580.167624
40.188822,160,9581.152513
55.001952,246,9582.697657
42.033707,121,9583.467756
108.850075,265,9585.146824
608.243933,1000,9597.636419
735.50121,1000,9603.970628
38.683022,440,9614.146527
-231.778987,667,9618.329651
61.704505,296,9620.213272
796.331819,1000,9634.941202
340.216072,1000,9641.317968
-335.819159,1000,9655.73187
118.441381,350,9657.971592
528.376358,1000,9664.415536
750.265854,1000,9680.327729
815.62356,1000,9686.70358
681.320467,1000,9702.27119
83.917493,302,9704.205382
626.756433,912,9710.019926
33.649225,139,9710.907016
894.887111,1000,9724.339535
-42.484433,1000,9730.65103
14.34458,150,9731.625442
68.919421,174,9738.481056
478.796159,720,9743.157324
30.023356,640,9747.188914
91.903801,254,9748.813018
61.35474,198,9750.046103
351.703194,1000,9765.464782
809.607974,1000,9771.824721
809.086284,1000,9786.811008
98.969084,419,9789.468613
269.006,447,9792.332324
110.414012,280,9794.108704
237.300904,574,9807.135056
74.266289,194,9808.366644
-69.282099,342,9810.571404
-9.164824,109,9811.287521
84.509367,305,9813.266316
882.751586,1000,9829.429643
393.42155,1000,9835.848266
841.041339,1000,9849.790495
-29.442481,144,9850.69725
368.959401,1000,9857.060382
106.741626,254,9858.669078
98.003774,292,9860.550583
55.469232,196,9870.888413
77.740061,206,9872.296154
557.679996,1000,9878.635185
75.635555,187,9879.824766
29.231141,170,9880.932415
171.319831,501,9889.880319
697.592111,1000,9896.189496
185.385784,1000,9909.811486
-40.810033,129,9910.650445
30.398161,97,9911.284093
36.573006,144,9912.185848
106.97749,254,9913.82478
69.410166,202,9915.143233
50.182169,134,9916.003147
76.353535,288,9917.870155
61.382455,130,9918.681469
-15.266725,136,9919.546515
477.218934,1000,9934.468173
146.850249,343,9936.676466
724.2659,757,9941.51399
-162.238785,510,9951.884443
876.03356,1000,9958.238578
21.962881,237,9959.780084
209.34329,310,9961.761058
44.560932,490,9976.329877
23.31449,116,9977.087441
276.374847,1000,9983.522406
60.718453,159,9984.522057
859.346014,1000,9999.259073
-16.617287,80,9999.775234
76.128754,190,10000.98383
-34.949112,217,10002.408449
372.637767,1000,10008.76496
52.552325,213,10010.092221
737.035939,1000,10023.109283
945.457173,1000,10029.46361
65.420584,196,10038.069581
79.794577,197,10039.337853
83.054623,182,10040.504762
773.583518,1000,10046.898418
18.816106,197,10048.156958
51.834463,287,10049.982424
49.75878,122,10058.852565
-80.061499,462,10061.790075
164.014828,572,10065.420593
73.243124,166,10066.489111
653.082623,1000,10081.183825
597.23119,1000,10087.634836
583.845608,1000,10100.519361
-4.677186,228,10102.005098
71.318384,566,10105.638127
42.067938,134,10106.488603
479.954066,1000,10120.688179
650.142207,1000,10127.118367
526.810783,1000,10138.305641
948.033199,1000,10144.727723
163.380323,486,10147.814437
740.461783,1000,10161.460075
68.098506,178,10162.572715
835.525738,1000,10168.966789
29.278165,160,10169.9919
1023.688043,1000,10184.409554
64.92798,333,10186.4896
53.041009,179,10187.634534
727.929659,1000,10201.947831
73.265649,268,10203.732625
2.898186,245,10205.316825
-18.691875,176,10206.446273
-122.682564,437,10209.197783
538.897139,1000,10226.300313
202.092774,444,10229.135427
419.541658,1000,10235.611622
216.45626,1000,10249.441895
-6.775213,79,10249.927169
464.361876,1000,10256.289836
-95.537353,116,10257.055074
60.564695,212,10267.767879
-1.591346,95,10268.406423
80.887625,170,10269.468841
-16.999288,97,10270.104245
733.812531,1000,10276.32979
120.282019,300,10278.217527
91.571341,159,10279.265999
-95.696249,164,10280.295118
13.698169,140,10287.967531
-35.449187,132,10288.811708
913.778255,1000,10295.237182
51.521871,176,10296.362475
76.144158,175,10297.485565
224.088542,359,10299.75653
893.51096,1000,10312.611322
97.030563,178,10313.739212
127.475349,297,10315.60938
126.594028,283,10317.443699
-19.825235,277,10319.203928
-161.875311,469,10329.952371
849.396832,1000,10336.324926
105.472892,362,10338.613513
-13.332261,93,10339.172799
35.133078,158,10340.206962
970.249189,1000,10357.085436
531.625338,1000,10363.500622
21.403173,168,10372.405987
94.878208,197,10373.630451
75.986205,241,10375.167393
82.582835,143,10376.054821
38.572889,176,10377.159026
71.834139,180,10378.289395
9.036144,46,10378.587642
384.890355,1000,10385.002067
30.22516,148,10395.704338
677.81623,1000,10402.032077
57.377263,169,10403.098672
180.39502,345,10405.259603
4.869613,245,10406.825998
1063.063864,1000,10419.77866
-26.565999,118,10420.552787
537.229638,1000,10426.855769
51.102719,204,10436.452427
-115.910159,136,10437.35763
112.323026,434,10440.058222
255.393851,1000,10446.416915
90.313185,256,10448.028966
716.989297,1000,10462.269775
386.473587,1000,10468.497052
67.534233,310,10478.269873
67.566845,206,10479.548235
100.123604,191,10480.772951
-23.171388,112,10481.484687
13.452147,157,10482.443209
57.597936,172,10483.536226
361.450765,1000,10489.835356
121.833321,362,10498.395091
27.725597,127,10499.200673
575.231135,1000,10505.637038
-304.872569,1000,10517.658785
227.475128,1000,10523.928193
776.924529,1000,10537.810485
775.988721,1000,10544.18439
695.976626,1000,10554.961257
815.230075,1000,10561.272776
101.396724,251,10562.926981
71.165098,172,10563.952991
21.170369,122,10564.726367
68.904106,129,10565.528282
309.329275,1000,10581.416147
181.950916,1000,10587.708691
966.083761,1000,10603.399826
34.383886,126,10604.198953
-292.920794,1000,10610.566956
735.325946,1000,10624.800863
633.147991,874,10630.370061
395.523295,1000,10645.497665
584.942215,1000,10651.73089
951.354809,1000,10668.498279
-29.664897,140,10669.363278
41.125346,137,10670.222587
108.871414,223,10671.651463
9.321271,729,10676.192781
776.911363,1000,10690.258123
26.28804,131,10691.077871
32.516593,144,10691.970655
-141.532246,764,10696.804349
-25.111897,114,10706.091654
871.864964,1000,10712.370348
258.583292,1000,10718.748865
-70.610401,302,10729.665237
219.64452,355,10731.865852
293.145687,1000,10738.285582
84.438778,180,10739.432685
1030.770764,1000,10751.81979
65.308184,332,10753.966559
31.001383,160,10754.951556
60.084182,159,10755.962984
760.08338,1000,10767.459475
564.276135,1000,10773.955443
590.433535,1000,10789.75034
286.148572,1000,10796.110105
579.875787,1000,10808.950455
400.235364,1000,10815.328441
92.70807,247,10816.914822
73.168529,182,10818.076732
666.395696,1000,10831.542959
562.1413,1000,10837.967126
191.569245,752,10851.011377
1.57402,339,10853.167623
701.902443,1000,10859.562673
159.406747,321,10861.614627
285.269355,1000,10877.641843
481.943447,1000,10884.032266
158.633657,461,10895.666027
-54.594175,237,10897.190026
68.1643,160,10898.209469
271.611042,705,10902.699023
62.024062,141,10903.577893
27.513754,165,10904.593978
-51.920085,186,10905.780996
528.522694,1000,10919.555782
62.612678,173,10920.678755
-39.08279,132,10921.518749
27.783626,113,10922.185817
70.658834,179,10923.429628
73.298825,207,10924.756758
670.57771,1000,10938.409313
869.774872,1000,10944.800435
26.690457,139,10945.695673
77.748008,206,10946.990127
-80.065847,222,10958.192417
851.319157,1000,10965.050409
97.669994,226,10966.579639
502.984802,1000,10980.515625
205.904382,960,10986.98036
651.323212,1000,11001.041988
515.341917,1000,11007.400309
83.945502,201,11008.65978
4.459078,226,11010.067925
822.587221,1000,11024.954461
878.931871,1000,11031.298101
117.975783,513,11043.930409
499.901894,1000,11050.303596
997.304924,1000,11065.151568
52.102292,153,11066.129715
57.288579,155,11067.128371
522.50027,1000,11073.520728
119.487837,229,11075.003526
145.824202,482,11083.556779
47.80787,366,11085.876069
742.108364,1000,11092.300138
303.236702,1000,11108.118441
69.22812,179,11109.269845
149.376352,539,11112.744264
94.375299,194,11113.979651
543.542778,1000,11127.889225
-22.619173,205,11129.192187
81.084241,153,11130.185321
513.507882,1000,11136.577106
-3.966056,741,11148.694142
-11.497886,281,11150.465485
67.190792,212,11151.844179
938.098299,1000,11158.178088
-50.854964,160,11159.207898
553.996536,1000,11174.601695
782.612637,1000,11181.059283
-92.704722,223,11190.78397
52.880441,124,11191.58027
148.474483,276,11193.416097
588.095379,1000,11199.643342
144.863608,360,11201.948952
-36.140695,129,11202.760751
541.833003,1000,11217.185341
754.935475,1000,11223.669146
889.114441,1000,11239.579009
330.97175,1000,11245.977486
-67.315536,175,11247.058583
652.823964,1000,11261.817169
60.549393,157,11262.802028
64.326656,163,11263.86134
99.612301,192,11265.079827
73.777988,124,11265.866973
71.235061,185,11267.056073
-308.985434,1000,11280.946351
-129.538752,616,11285.03176
131.827808,573,11288.707941
478.663555,1000,11302.561546
25.257604,148,11303.487314
693.765,1000,11317.605884
219.416596,378,11320.032199
29.938114,147,11321.028308
-116.193481,277,11322.798081
270.998284,770,11327.668085
1070.25774,1000,11341.681031
153.336977,1000,11348.127599
129.735864,489,11351.262286
55.745203,280,11361.689146
800.866849,1000,11368.049783
15.674619,194,11369.265486
273.518832,1000,11386.995823
-144.626844,326,11389.058022
120.829819,1000,11395.381768
73.972004,160,11396.414273
125.136416,301,11408.12073
131.659934,335,11410.289567
789.717449,1000,11416.683178
169.347094,268,11418.394455
22.42515,89,11418.943416
40.209825,127,11419.751963
458.24472,1000,11435.870233
-12.398116,122,11436.66208
-39.51604,351,11438.867135
108.414007,246,11440.410358
103.73904,229,11441.831989
527.783385,1000,11457.920875
758.213401,1000,11464.318199
529.000883,1000,11479.081419
48.544864,118,11479.840244
58.629455,161,11480.881482
131.90643,373,11483.241117
660.155125,1000,11497.313975
86.663248,240,11498.835344
169.683815,727,11503.449578
81.834321,152,11504.4332
112.526531,208,11505.763012
90.874972,205,11507.073629
-167.709591,1000,11521.596913
98.419929,448,11524.523576
630.134407,1000,11542.517287
76.630978,233,11544.015232
972.156429,1000,11550.406389
76.322287,144,11551.30529
210.217513,425,11554.094656
92.773903,277,11565.037334
79.47129,191,11566.27463
-58.323348,419,11568.919704
512.552062,935,11574.965723
73.020943,237,11586.866571
80.447254,303,11588.828261
566.112279,1000,11595.309712
290.066925,630,11599.421124
-161.088808,469,11608.176533
59.800468,203,11609.462695
461.761238,1000,11615.951914
828.423649,1000,11631.206922
136.804945,597,11635.012583
123.820638,314,11637.033498
28.374758,119,11637.803376
64.659296,303,11639.725461
706.188503,1000,11651.617011
651.436744,1000,11658.071578
67.121839,140,11658.953281
20.264602,197,11669.523906
628.127135,1000,11676.047303
131.393743,320,11678.075773
543.834172,1000,11692.794479
73.555513,179,11693.97233
738.585118,1000,11700.408773
-25.840867,188,11701.59939
113.862641,316,11703.669354
49.65394,150,11713.097543
54.583309,214,11714.457963
1.014717,91,11715.057303
-11.53561,274,11716.778959
56.599963,128,11717.588229
100.594283,298,11719.510061
94.167785,762,11724.342511
832.808927,1000,11737.504633
53.933638,113,11738.234998
-27.643779,186,11739.42718
67.388394,203,11740.68995
-14.284415,230,11742.130016
76.650162,185,11743.259627
132.415035,299,11754.015016
88.709662,258,11755.686622
105.904373,276,11757.460924
905.432365,1000,11763.896442
127.363502,246,11765.458647
1119.171278,1000,11778.362909
67.743298,171,11779.428443
629.198116,1000,11785.840592
444.745517,1000,11800.374399
454.036563,1000,11806.847352
676.645868,1000,11823.095858
941.625853,1000,11829.422011
614.231459,1000,11845.294543
690.256683,1000,11851.656128
61.117638,210,11853.097563
147.128429,271,11863.766147
-1.032867,69,11864.198642
347.229226,1000,11870.53926
65.047539,296,11872.395153
-103.963246,422,11875.105002
41.786669,156,11884.521528
-91.846235,352,11886.833293
-68.974705,372,11889.210548
681.361008,1000,11895.613421
80.357617,179,11896.72876
65.482497,149,11904.763228
609.36013,1000,11911.152551
34.981016,91,11911.755582
46.112846,214,11913.193138
729.092657,1000,11928.037701
80.135466,195,11929.292406
93.867209,362,11931.630246
116.943061,294,11933.52087
88.561275,282,11935.301433
153.465448,1000,11948.635169
44.008322,183,11949.804082
-90.568382,810,11954.949083
499.506983,1000,11970.992398
55.376473,209,11972.336378
105.976111,453,11975.288863
662.468131,1000,11990.338246
968.315246,1000,11996.709295
84.659434,379,11999.097005
-161.618677,353,12001.371962
-30.400015,1000,12016.192659
37.290457,149,12017.126052
780.84112,1000,12023.537759
57.252826,1000,12037.648838
53.070116,235,12039.173883
43.816675,125,12039.955032
94.188279,217,12041.314697
796.78744,1000,12057.300945
-68.703293,248,12058.925328
-82.785074,304,12060.856529
5.140152,79,12061.380934
151.451284,504,12064.670827
76.539297,188,12065.880107
774.574058,1000,12080.624974
21.805238,119,12081.375966
95.939798,366,12083.706451
62.460968,176,12084.813126
105.237939,1000,12101.018577
652.779871,1000,12107.426614
-89.755349,419,12110.060346
15.267684,70,12110.510136
57.459887,145,12111.477274
133.233976,405,12122.847278
687.837058,1000,12129.263808
-54.023085,359,12131.563963
-21.862831,106,12132.243874
674.447823,1000,12149.093656
65.667243,217,12150.514354
354.754569,978,12156.824992
-205.363549,1000,12171.998065
680.414038,1000,12178.346894
173.246393,295,12188.618999
636.994617,1000,12194.99803
69.900981,261,12196.669467
590.540876,1000,12212.993962
476.920671,1000,12219.326538
78.520921,247,12220.894396
110.010575,306,12222.849068
173.057096,350,12232.896378
22.153716,191,12234.13575
838.330719,1000,12240.540532
48.948697,131,12241.378347
20.158173,123,12242.164757
693.329522,1000,12255.907623
1081.019947,1000,12262.270597
511.679838,1000,12277.732075
377.392441,973,12283.868638
805.265325,1000,12297.778088
283.57931,467,12300.805727
643.165524,1000,12307.189296
731.331944,1000,12320.042248
567.423243,1000,12326.434189
44.829005,91,12326.997707
102.537716,839,12341.89075
33.486055,168,12343.00239
-156.716674,997,12349.358484
104.373472,370,12361.27414
33.11058,135,12362.141215
123.241881,280,12364.078111
523.724331,1000,12370.461843
900.682791,1000,12383.85633
-189.616545,1000,12390.263016
13.826367,173,12391.397015
-175.224478,1000,12407.799148
703.375196,1000,12414.130585
813.933936,1000,12428.743854
775.545493,1000,12435.161613
26.35599,109,12435.817283
639.884902,1000,12452.674205
793.623553,1000,12459.190245
34.651153,247,12460.724003
186.434038,462,12472.996808
-56.558868,97,12473.59688
17.353572,147,12474.524
-38.079718,127,12475.321689
118.009824,269,12477.066427
133.646443,263,12478.755469
-13.189337,156,12479.757628
921.46669,1000,12494.888807
797.801567,1000,12501.327387
-96.935296,257,12502.967221
-91.659246,263,12504.685295
876.841081,1000,12519.84058
533.407793,1000,12526.260289
92.279367,250,12538.075045
436.668689,1000,12544.618075
430.316786,1000,12550.982755
33.901033,178,12561.093166
127.35663,373,12563.493042
1042.547235,1000,12569.790809
469.978719,1000,12585.577572
110.223751,287,12587.384519
-3.60613,177,12588.536529
12.727535,146,12589.464056
793.307947,1000,12604.919068
51.769377,135,12605.790776
748.337787,1000,12612.265126
622.929421,1000,12630.314977
50.567981,260,12631.994964
39.217023,196,12633.337886
-31.308989,212,12634.693488
969.202133,1000,12640.998247
-61.591178,256,12642.64032
931.188396,1000,12658.090852
748.451098,1000,12664.594464
904.584159,1000,12679.438562
754.605632,1000,12685.882155
589.876422,1000,12702.098294
726.565498,1000,12708.444723
75.277378,226,12716.780782
892.663199,1000,12723.254353
-215.215013,550,12726.746528
-214.899904,1000,12745.167409
-252.479425,628,12749.166878
168.240768,264,12750.850431
916.234995,1000,12765.114383
188.938281,1000,12771.529869
526.360902,1000,12790.484259
-95.452249,212,12791.836138
70.658952,225,12793.241879
-76.756335,185,12794.439769
66.183235,864,12799.978326
668.399365,1000,12813.242824
741.527039,1000,12819.633585
123.333994,359,12830.043602
59.075911,257,12831.695026
1004.548034,1000,12838.092566
39.488124,180,12839.280218
60.690733,128,12840.094081
-38.830761,208,12841.394235
-137.806871,216,12851.431525
44.13915,142,12852.366056
7.628343,64,12852.774444
43.645538,111,12853.459208
162.574096,671,12857.774435
-86.126232,106,12858.443768
650.605897,1000,12872.375758
717.713067,1000,12878.853033
64.014529,307,12880.820844
111.863077,243,12882.347377
78.97453,215,12883.759007
90.840707,224,12895.388079
-237.556148,855,12900.895047
-5.246415,1000,12907.383757
42.673225,202,12917.905632
681.064652,1000,12924.218667
22.203829,98,12924.854606
431.320547,1000,12939.510122
28.882479,89,12940.106938
134.219765,330,12942.219279
-13.655904,185,12943.397583
153.133086,282,12945.169056
-44.547436,176,12946.272923
46.695455,189,12947.480323
74.361215,622,12951.338676
9.948171,71,12957.724892
992.221967,1000,12964.211458
5.843258,219,12965.613137
173.825872,378,12967.997334
64.374832,114,12968.672779
70.690148,406,12978.874588
640.541477,1000,12985.280187
836.424785,1000,12999.22252
118.123214,260,13000.853364
52.556246,153,13001.8256
514.310562,1000,13008.287683
46.784515,135,13009.160033
303.290278,837,13022.533548
392.164885,1000,13028.998422
827.766181,1000,13041.199705
239.287329,1000,13047.682431
27.941492,163,13048.748697
24.989021,85,13049.290323
51.582734,141,13050.191208
-6.20119,134,13051.046522
196.609978,581,13063.361737
73.113843,270,13065.105754
883.969372,1000,13071.456051
93.732355,161,13072.480705
39.480525,133,13073.316146
426.857565,1000,13087.043582
386.145133,1000,13093.485642
289.0144,598,13107.412257
46.9183,124,13108.207373
88.800402,155,13109.234665
102.663519,408,13111.811611
1235.864538,1000,13126.338373
238.177403,399,13128.881124
49.843015,201,13130.184006
301.621577,380,13132.615148
38.855715,170,13133.727078
-9.796246,133,13134.579948
15.689548,47,13134.854553
69.4186,152,13135.822693
-78.497518,280,13137.606069
392.239874,1000,13154.751433
34.727977,88,13155.2883
-31.457328,451,13158.148253
63.437134,210,13159.51547
493.011085,1000,13175.409976
782.607777,1000,13181.808769
660.481019,1000,13196.37128
115.54598,259,13198.01255
748.212542,1000,13204.515929
61.012008,185,13205.708561
50.364831,167,13215.193941
87.806273,158,13216.198039
104.344944,204,13217.502833
86.822702,161,13218.548136
995.179109,1000,13224.952296
58.118287,148,13225.924935
400.720989,1000,13242.911379
726.74307,1000,13249.340469
15.163251,120,13250.132831
88.078278,398,13262.506748
793.319839,1000,13269.0183
15.569375,135,13269.878012
390.346394,559,13273.467113
849.391762,1000,13289.813272
41.950212,299,13291.745902
869.468501,1000,13298.225616
160.719571,313,13309.645639
674.011734,1000,13316.062699
994.344682,1000,13331.540329
47.849542,112,13332.237546
553.550688,1000,13338.644649
555.491255,1000,13351.296445
615.365187,1000,13357.729292
93.25123,396,13360.277238
-16.6756,77,13360.81535
17.714982,68,13361.25507
853.667318,1000,13380.658574
80.592509,157,13381.712492
88.322707,1000,13388.182665
-15.874713,57,13388.548616
40.645335,121,13401.734643
65.127652,138,13402.624546
737.06261,1000,13409.035142
77.910178,292,13410.908154
374.289726,1000,13427.758837
604.641532,1000,13434.090452
558.645349,1000,13449.910706
213.563797,1000,13456.32144
-112.849221,203,13457.626521
-44.495892,178,13458.782589
61.439371,217,13460.136937
86.974907,360,13473.397307
29.869991,98,13473.9928
234.413785,697,13478.432943
581.677984,1000,13497.890539
555.100903,1000,13504.496814
-36.400515,64,13504.907467
80.169059,352,13507.153714
694.640059,1000,13523.987889
79.717674,151,13524.940489
70.170628,239,13526.48621
15.261126,263,13528.162587
557.445774,1000,13543.563312
77.015625,222,13544.966587
124.904439,252,13546.581975
127.471197,280,13548.364863
33.581834,250,13549.98504
52.591029,179,13551.121314
59.481423,309,13553.133075
54.464884,205,13554.433968
453.531463,1000,13570.56732
1.11997,79,13571.06254
77.643346,141,13571.965127
-224.995191,671,13576.312126
376.101856,1000,13591.786442
-12.033314,612,13595.826069
165.526222,471,13598.844749
-25.519296,165,13599.917039
194.418587,663,13614.21189
654.51704,1000,13620.625854
233.190578,421,13623.391379
2.833543,238,13639.061405
-128.214415,434,13641.852465
374.028698,1000,13648.254141
-211.073267,643,13661.351892
13.869497,72,13661.805136
76.011849,278,13663.589961
44.087025,180,13664.747803
293.19882,570,13668.397846
15.919198,159,13669.410233
192.708047,426,13672.139607
110.834402,301,13685.674958
-247.274771,747,13690.479193
12.764431,177,13691.611799
615.04736,1000,13697.999531
48.847563,212,13708.374375
546.848288,1000,13714.808145
760.806829,1000,13733.297322
727.43643,1000,13739.765209
523.260336,1000,13746.230992
490.780382,1000,13763.583963
865.683108,1000,13770.033464
97.775016,162,13782.608109
365.506661,1000,13789.019819
87.805809,243,13790.577829
491.032845,1000,13807.435038
218.502354,767,13812.337998
524.037396,1000,13831.662583
69.296771,406,13834.341477
81.954539,368,13836.67209
662.128432,1000,13843.092616
-249.387348,836,13859.863676
798.921818,1000,13866.326226
313.312734,1000,13884.521185
44.247258,96,13885.093044
119.336251,376,13887.504333
823.374902,1000,13893.957191
629.535401,1000,13911.123646
268.909725,1000,13917.507103
57.27993,100,13928.139635
16.042391,117,13928.910112
347.057822,1000,13935.304978
44.041174,362,13937.604239
45.481479,1000,13950.782326
157.317264,302,13952.69875
8.287251,56,13953.050929
-35.198856,83,13953.641668
874.314963,1000,13959.968333
8.046379,74,13960.437727
179.920888,442,13972.763075
408.552749,1000,13979.203081
214.422338,1000,13996.099274
93.384573,348,13998.335659
238.228886,469,14001.346179
523.728849,1000,14016.688922
66.334054,146,14017.622672
-117.111144,1000,14023.99645
750.375836,1000,14038.851715
33.058518,76,14039.347067
160.643574,399,14041.910723
740.868409,1000,14048.379142
57.636175,147,14049.342012
637.901008,1000,14063.362746
377.235897,1000,14069.759933
764.436328,1000,14084.903434
92.340076,208,14086.260422
824.395272,1000,14092.566853
51.716369,130,14093.399699
438.908282,1000,14108.876752
134.160913,485,14111.977324
93.498617,257,14113.619431
93.630917,300,14115.5232
225.869291,627,14128.710267
102.164378,309,14130.671231
61.19096,485,14133.841104
-42.271086,295,14135.733963
103.946628,338,14137.863081
798.674646,1000,14153.709179
75.012795,141,14154.583952
1311.044528,1000,14170.233996
184.350092,561,14173.849941
52.484714,115,14174.565111
-7.220005,50,14174.884505
535.79455,1000,14181.292269
175.722634,259,14192.596023
55.772707,168,14193.798821
829.208645,1000,14200.242437
1148.316285,1000,14218.133054
72.991806,617,14222.012601
338.712316,681,14226.435214
608.613153,1000,14242.322556
896.869304,1000,14248.691939
474.043405,1000,14263.380431
65.914577,196,14264.607688
92.377684,312,14266.609367
827.936699,1000,14272.98886
1043.997234,1000,14289.634894
-1.769344,102,14290.327163
59.226238,157,14291.334992
3.897755,84,14291.860105
3.848868,175,14292.984193
990.966206,1000,14307.982088
-7.84111,195,14309.245473
730.439604,1000,14315.707818
611.33747,1000,14332.484803
100.394411,176,14333.605014
756.18837,1000,14339.898085
52.509722,238,14341.427653
63.190297,265,14351.260869
68.63665,147,14352.23301
544.539356,1000,14358.565798
9.109621,133,14359.413906
166.926998,182,14360.574865
-308.575294,800,14374.675911
63.357215,205,14375.982473
500.534137,1000,14382.341505
61.900889,232,14383.858051
66.374443,156,14384.841511
-11.517471,106,14385.525263
23.964125,225,14397.611639
28.988029,240,14399.111989
85.777823,229,14400.580892
120.438604,398,14403.135147
149.52985,352,14405.492445
-19.571256,176,14406.590212
531.08235,1000,14422.799465
-41.029349,93,14423.431432
501.727041,1000,14429.880248
831.249692,1000,14444.323088
-69.296214,419,14447.032844
5.09658,68,14447.465013
66.997402,259,14449.116218
76.342363,156,14450.154956
505.235979,1000,14468.020636
-274.669083,900,14473.819254
121.348571,288,14475.661327
-220.192031,1000,14492.286392
5.895915,152,14493.27417
57.931897,162,14494.389667
578.835486,1000,14500.696061
679.112096,1000,14517.18929
941.131568,1000,14523.668146
423.887663,589,14537.631606
31.61614,131,14538.486838
965.103208,1000,14544.894013
31.358941,119,14545.66871
42.763844,160,14546.707391
213.958676,439,14561.443513
334.981706,940,14567.49162
46.612829,963,14573.656871
600.875847,1000,14593.296788
57.464989,269,14595.032407
116.098462,251,14596.638715
617.935998,1000,14615.507959
20.394094,293,14617.362691
83.500577,1000,14623.756906
2.888014,198,14625.004323
57.685638,178,14638.035321
303.617906,618,14641.976949
53.020273,179,14643.128102
66.976048,331,14645.326838
356.149743,463,14648.325401
105.537112,307,14650.256223
58.998969,169,14663.004322
13.608112,149,14663.95471
614.592987,1000,14670.383841
74.140613,255,14672.017115
43.618214,329,14674.228444
724.990581,1000,14690.292665
1079.371622,1000,14696.670935
49.444534,226,14698.137781
75.791005,254,14713.086231
913.057473,1000,14719.395775
31.108866,259,14721.082277
278.034235,1000,14736.991132
830.852037,1000,14743.316309
43.099079,223,14744.690687
621.385346,1000,14760.14111
118.880038,284,14761.90512
39.512662,131,14762.73077
446.546596,1000,14769.218833
47.961405,262,14783.217875
45.119034,303,14785.177913
87.829225,335,14787.332552
588.644303,1000,14793.8896
-541.96516,1000,14811.813797
922.626332,1000,14818.226917
54.945358,111,14818.932198
887.456663,1000,14834.545898
891.682572,1000,14840.946659
-127.591543,370,14852.618072
204.159512,381,14855.157612
-1.2757,545,14858.589351
27.345899,85,14859.171521
103.905567,367,14861.484433
107.828034,281,14863.305274
106.800055,285,14877.674697
730.005999,1000,14884.216473
190.425923,489,14887.326738
44.059772,263,14889.001409
223.594401,464,14903.277044
106.501266,286,14905.110659
334.38257,1000,14911.567251
-23.838617,281,14913.391171
75.681676,362,14929.29931
228.640342,485,14932.438797
871.824079,1000,14938.916235
893.058158,1000,14955.834098
-32.906587,69,14956.272828
-27.622605,1000,14962.688034
207.6275,679,14977.721584
-247.185846,758,14982.584499
21.211902,185,14983.734742
59.365589,194,14984.955251
45.551455,88,14985.497417
112.48646,308,14987.467874
266.317652,1000,15002.53519
61.09267,246,15004.192902
464.53612,1000,15010.575078
31.61642,103,15021.730336
664.285876,1000,15028.124078
36.669849,216,15029.533841
65.016996,171,15030.596161
991.306368,1000,15046.032137
740.576177,1000,15052.389065
105.682626,349,15054.593308
43.722353,142,15055.492021
552.27342,1000,15071.924335
717.18535,1000,15078.272364
790.562909,1000,15094.71102
118.096133,192,15095.945352
-45.69929,111,15096.662506
298.323812,387,15099.166665
690.344658,1000,15117.63721
316.081791,559,15121.225777
-49.47784,175,15122.350494
62.445598,241,15124.00407
32.395573,193,15125.235257
45.936727,138,15126.122792
33.736228,90,15126.68257
24.967923,208,15137.69299
473.301091,1000,15144.111207
217.347794,395,15146.627526
52.357747,133,15147.475343
556.903104,803,15161.799883
631.917244,1000,15168.260196
563.224024,1000,15182.576204
635.093668,1000,15189.076791
967.879399,1000,15205.818771
-43.165812,103,15206.463464
12.353962,54,15206.794003
-406.547751,325,15208.901874
683.59758,1000,15215.484957
63.805473,138,15216.356215
328.36883,1000,15232.850938
91.382958,271,15234.635119
550.488419,1000,15240.992905
5.902981,201,15253.787755
-2.995097,247,15255.421508
59.177775,140,15256.32066
491.928049,1000,15262.723342
300.257562,1000,15277.771032
903.451538,1000,15284.182732
691.499173,845,15299.199224
74.506803,245,15300.768809
51.688352,144,15301.726205
1.220818,61,15302.11925
72.847062,175,15303.214039
795.818919,1000,15309.723194
176.528436,1000,15327.218256
176.751887,371,15329.575701
-95.885781,98,15330.230019
72.936493,165,15331.256944
0.99385,123,15332.04163
1015.041156,1000,15349.18162
75.197955,193,15350.420724
760.893902,1000,15356.857165
69.073722,140,15357.740065
12.823979,167,15367.819141
644.831964,1000,15374.218059
43.144936,177,15375.364106
799.438485,1000,15390.13158
437.83389,1000,15396.679669
440.857023,1000,15413.84289
-6.220223,173,15414.927366
139.54265,227,15416.406941
79.864436,369,15418.796742
-55.33732,144,15419.713288
53.901804,94,15420.294097
486.346547,1000,15436.566528
-121.260103,269,15438.314907
-126.078408,321,15440.374518
717.297088,1000,15446.823721
84.632506,234,15448.34477
692.328443,1000,15464.247704
43.768059,143,15465.144505
21.384601,66,15465.569991
54.120721,226,15467.033363
44.549256,129,15467.862804
-21.968575,63,15468.272457
-27.870906,189,15469.493915
483.849877,1000,15486.06285
52.944771,142,15486.974361
706.551283,1000,15493.334817
60.847797,219,15494.778598
99.680749,281,15507.354422
3.878489,111,15508.080658
614.429228,1000,15514.555636
715.361775,1000,15530.887133
80.810571,211,15532.260406
62.32084,486,15535.371053
77.329083,476,15538.451087
57.747544,189,15539.662737
7.269904,182,15540.813317
131.190457,270,15552.183301
627.507663,1000,15558.517269
412.859632,432,15561.299893
2.487729,224,15562.714271
143.197346,387,15576.204366
100.51307,253,15577.772574
400.123528,1000,15584.211899
68.712487,130,15585.057873
56.617149,115,15585.806368
19.993295,236,15587.318103
670.972045,1000,15602.415232
368.216369,1000,15608.869968
3.957422,441,15621.696984
719.026107,1000,15628.112738
1002.792874,1000,15642.409844
63.027538,248,15644.003603
47.585548,157,15644.999848
767.66252,934,15651.082797
471.689661,1000,15669.325961
608.326988,1000,15675.767015
23.680075,397,15678.290636
149.411373,382,15688.964868
830.895268,1000,15695.475358
81.555724,175,15696.599514
589.04357,1000,15713.683256
29.09928,117,15714.431763
28.333964,270,15716.162125
547.112581,1000,15722.552536
785.407041,1000,15736.815844
30.694447,137,15737.687891
799.573647,1000,15744.107104
60.682017,178,15745.259559
479.012869,1000,15760.643727
102.326627,177,15761.785032
45.600634,346,15763.979137
-14.750639,58,15764.352824
61.707096,132,15765.184939
1053.189215,1000,15778.422411
52.548486,111,15779.098646
50.052966,209,15780.462619
947.652261,1000,15787.004246
33.158678,197,15788.282173
26.832475,77,15798.386056
689.303496,1000,15804.893927
-4.123984,113,15805.625404
439.547662,1000,15820.615643
12.881196,92,15821.233729
1066.904317,1000,15827.661589
127.630148,1000,15841.763233
654.168861,1000,15848.310396
690.901393,1000,15863.76056
136.617062,386,15866.225955
-22.264823,65,15866.64643
105.211221,294,15868.558228
505.87356,1000,15875.092327
46.894878,157,15876.087201
-50.126882,180,15886.024174
16.598439,58,15886.411159
80.229944,234,15887.937135
510.020904,1000,15894.354465
3.782707,416,15897.026947
48.610325,201,15905.891064
862.274153,1000,15912.347734
128.84068,293,15914.268535
83.708156,283,15916.079419
698.079672,1000,15932.538469
91.483511,218,15934.008732
-7.399941,146,15934.981403
488.249678,1000,15941.373031
37.583559,151,15952.347143
74.99655,161,15953.387536
685.984393,1000,15959.864816
-105.763008,314,15961.856133
-37.271349,266,15963.600305
3.007319,59,15964.053109
43.109613,197,15965.26896
71.736225,1000,15981.973779
-489.541735,536,15985.473934
61.973216,277,15987.274882
18.886526,168,15988.392592
56.64312,125,15998.681321
-34.811512,305,16000.681953
138.799037,233,16002.183157
134.981957,343,16004.457874
104.509407,246,16006.024147
-407.708789,1000,16021.698341
81.743714,176,16022.871658
56.738832,154,16023.952013
-85.444592,283,16025.772061
169.123223,281,16027.561205
83.308746,243,16029.105221
558.634351,1000,16044.384939
186.095331,281,16046.237538
-22.528728,70,16046.688401
1103.991225,1000,16053.154319
1073.729081,1000,16067.833587
119.042708,257,16069.487891
29.388488,168,16070.59143
188.674341,480,16073.666524
566.010279,1000,16090.858659
69.203541,221,16092.276611
745.088105,1000,16098.752825
43.488867,145,16099.674438
336.031037,1000,16118.596886
287.925785,1000,16125.022698
-65.388341,70,16125.474401
59.686715,170,16126.543461
-186.906625,230,16137.982072
331.040157,1000,16144.468318
102.779379,295,16146.373665
52.134946,164,16147.44203
651.957751,1000,16165.763798
764.638355,1000,16172.236204
773.055495,1000,16189.06822
619.546669,1000,16195.415214
70.404983,270,16197.128364
911.835243,1000,16216.676265
460.368553,996,16223.010144
919.877137,1000,16242.0088
90.183922,285,16243.853413
25.957137,76,16244.317017
495.26408,1000,16250.695964
771.265346,1000,16269.259774
205.656885,659,16273.446986
579.144626,1000,16289.738268
50.321814,189,16290.959844
198.152978,742,16295.774956
65.170645,359,16298.029837
599.19696,1000,16313.817299
492.132456,1000,16320.264676
559.100471,1000,16335.205838
647.061438,1000,16341.608087
738.084423,1000,16359.423675
53.346767,179,16360.568265
44.288117,530,16363.951301
37.472018,246,16365.527116
117.797206,334,16367.655871
278.895128,1000,16384.06149
11.861856,195,16385.285776
114.757787,255,16386.911958
107.312931,281,16388.700228
61.531806,177,16389.833343
993.782976,1000,16406.391531
110.780635,243,16407.966636
-1.313598,141,16408.856882
271.679302,686,16413.27175
876.6004,1000,16429.640898
842.974092,1000,16436.068873
587.690606,1000,16453.405627
459.372714,564,16457.046602
-35.204934,174,16458.195452
381.981473,1000,16475.063865
160.875475,280,16476.853538
120.249663,329,16478.958502
434.729958,693,16483.430343
90.28995,224,16484.862005
620.218347,1000,16502.222999
378.256494,1000,16508.720398
8.338387,193,16521.211518
72.760015,192,16522.438811
13.840597,106,16523.096004
134.51243,754,16527.942503
170.756333,285,16529.764344
844.153071,1000,16546.954304
290.637377,473,16550.034819
731.511048,1000,16556.390985
93.135736,196,16557.648544
53.511948,139,16567.226264
37.718079,78,16567.7639
532.389122,1000,16574.113926
1204.098271,1000,16591.800508
35.957058,151,16592.74799
56.804796,234,16594.393653
8.163388,114,16595.140241
839.948072,1000,16601.565366
-585.216481,1000,16617.279108
42.880819,85,16617.811169
91.202276,234,16619.324779
116.650716,213,16620.677565
272.652289,1000,16637.677266
637.386616,1000,16644.133624
95.882715,207,16645.442739
378.416998,1000,16663.041452
81.409639,166,16664.129181
598.201884,1000,16670.56216
36.500379,203,16671.857665
697.404501,1000,16688.563794
1249.051143,1000,16694.976733
586.901319,1000,16714.165168
-55.508583,198,16715.398959
114.952989,209,16716.712895
34.873068,105,16717.402167
608.509389,1000,16723.75853
522.352099,1000,16740.56171
1070.108773,1000,16747.01093
47.501602,252,16760.586431
543.930369,1000,16767.004062
-28.979378,103,16767.688273
647.157616,1000,16783.568005
58.257419,202,16784.903722
25.499007,340,16787.051312
85.92262,235,16788.57367
-36.953074,266,16790.266617
380.930044,1000,16805.441289
756.618176,1000,16811.910423
96.55932,259,16813.597425
1081.853026,1000,16829.47942
184.111484,305,16831.429195
12.358733,52,16831.765592
456.690558,546,16835.359051
783.551898,1000,16849.272595
66.998378,194,16850.522769
722.15626,1000,16857.026701
879.334255,1000,16872.028842
821.838489,1000,16878.471853
41.383472,116,16879.227093
11.799317,1000,16896.567498
-4.629089,63,16896.973118
-102.18827,239,16898.455961
796.553511,1000,16904.812602
141.660755,302,16915.880103
-84.711905,305,16917.820256
293.521662,595,16921.662188
726.457272,1000,16928.110745
76.64225,174,16935.75632
36.899803,82,16936.277396
9.193669,131,16937.128893
27.384816,71,16937.638177
186.772837,572,16941.309332
792.223658,1000,16947.688196
1118.85994,1000,16965.959104
897.568834,1000,16972.401046
7.654368,312,16982.957437
79.117811,143,16983.968879
-17.417154,96,16984.669714
421.874627,1000,16991.086021
-164.201999,455,16994.033321
71.766475,284,17003.57928
845.301233,1000,17010.058299
114.457051,266,17011.775689
-62.284697,1000,17026.953603
43.570614,280,17028.713756
37.585068,135,17029.595457
-124.313142,297,17031.503269
6.137176,103,17032.125928
37.280951,92,17032.749118
103.143374,279,17034.51092
628.028317,1000,17049.902323
31.275659,110,17050.570086
21.743334,61,17050.963763
-29.125221,65,17051.374054
625.176135,1000,17057.858599
105.048686,283,17059.689046
124.74901,175,17068.612758
23.0291,121,17069.40205
459.643002,1000,17075.955433
60.147098,185,17077.160668
886.83542,1000,17092.648924
982.341824,1000,17099.107979
24.75458,84,17099.64397
882.469226,1000,17113.036245
454.835919,1000,17119.421945
683.203972,1000,17135.765505
51.837111,331,17137.900939
-70.321348,150,17138.903168
23.684452,106,17139.565809
535.305466,1000,17146.063614
1050.768341,1000,17162.460545
71.042568,142,17163.382289
35.163149,130,17164.294068
343.580441,547,17167.794156
28.87858,72,17168.253349
34.752741,250,17169.871298
722.510356,1000,17185.195365
674.571253,1000,17191.609242
82.415513,195,17203.354601
971.896033,1000,17209.695009
45.245453,98,17210.338583
70.594819,174,17211.404759
732.499867,651,17225.502038
762.033609,1000,17231.970045
58.507665,113,17232.70312
36.159595,120,17233.465931
39.250123,108,17234.176934
-60.000295,590,17237.980562
19.23966,1000,17251.785234
92.016323,658,17256.122873
714.11474,1000,17272.160194
619.192225,1000,17278.534273
695.771743,1000,17296.32811
-65.531819,190,17297.547883
48.960607,108,17298.215657
57.303478,144,17299.13357
55.907422,128,17299.954405
-20.687532,256,17301.587539
1001.760416,1000,17315.86364
506.12988,1000,17322.31052
-20.608067,203,17323.602693
59.572717,200,17324.88532
-59.788152,134,17325.743193
2.881662,433,17336.990693
1.527267,120,17337.780877
48.11103,149,17338.728113
-2.321991,100,17339.376804
508.057266,1000,17345.853611
46.683739,124,17346.637778
1017.620819,1000,17364.054268
563.115376,1000,17370.47399
839.633632,1000,17384.974693
91.221403,197,17386.247417
13.456946,140,17387.146035
-2.13023,754,17391.982564
20.622073,131,17392.831448
4.943629,142,17393.739908
40.858326,143,17404.438922
489.972653,1000,17410.912399
103.860176,158,17411.949842
98.006782,203,17413.250479
111.20984,681,17425.43733
494.96775,1000,17431.898687
475.346091,1000,17438.417572
43.6383,112,17447.513867
94.095574,190,17448.738116
51.300432,184,17449.876283
629.324824,1000,17456.345109
-19.623689,69,17456.776704
3.201581,149,17457.718717
39.095183,135,17458.629854
887.856729,1000,17472.190964
576.456967,1000,17478.67713
38.855509,105,17479.321206
775.155256,1000,17495.038173
-1.199961,72,17495.489984
8.811334,151,17496.473245
819.286763,1000,17502.869199
31.79776,141,17515.368577
310.788047,1000,17521.849858
-1.9924,110,17522.585474
76.630736,201,17523.965152
147.428934,443,17526.836273
140.708615,1000,17542.811838
687.777315,1000,17549.27362
56.478451,182,17550.45023
-146.539325,312,17563.035617
396.15127,1000,17569.443189
364.607095,471,17572.532157
23.357875,81,17573.042481
313.985387,834,17585.007456
731.074855,1000,17591.500322
36.252635,84,17592.036571
707.097473,1000,17608.910748
106.941744,279,17610.693476
192.880364,423,17613.457167
780.717091,1000,17632.170201
167.507061,509,17635.455843
-106.693436,133,17636.305039
351.813925,527,17639.675891
250.646927,639,17653.451185
258.722913,514,17656.789104
-63.410713,187,17658.019275
-15.842036,489,17661.153955
86.660333,330,17663.256097
1096.839657,1000,17678.374345
-9.033475,125,17679.164043
8.307308,144,17680.086787
358.629491,814,17685.390348
571.572393,986,17702.674362
883.888805,1000,17709.239665
929.871477,1000,17725.436473
470.681305,1000,17731.872959
50.167942,132,17732.704359
886.148148,1000,17749.725831
138.932211,314,17751.781508
111.423097,325,17753.8722
196.047577,1000,17769.932999
116.458316,259,17771.62669
612.781487,1000,17778.107918
104.370065,186,17779.311862
64.433037,174,17780.435522
316.096653,484,17793.002188
-12.840875,167,17794.178479
-17.38981,106,17794.839221
614.63834,1000,17801.325583
-188.318719,1000,17818.506559
672.883578,1000,17824.985759
334.682979,889,17840.920001
259.487127,1000,17847.406585
17.598917,91,17847.983316
103.146297,184,17849.173068
715.396919,1000,17866.006696
-12.770393,100,17866.652185
61.958456,180,17867.829488
281.670133,1000,17874.281621
102.362806,317,17886.947471
740.293939,1000,17893.356033
85.217532,158,17894.404618
64.199346,284,17896.235611
-103.806989,432,17899.03282
279.629427,543,17911.721599
-45.204117,171,17912.823499
-16.971501,187,17914.059366
669.815572,1000,17920.531266
103.469241,212,17921.881276
142.84572,387,17936.71672
74.465008,171,17937.834132
-103.435518,101,17938.472908
383.736137,1000,17945.035446
352.729807,1000,17962.804463
491.638083,1000,17969.192281
93.561571,234,17970.707622
83.528332,194,17971.937229
32.303358,138,17984.765201
991.698023,1000,17991.237617
35.228959,85,17991.768521
110.60147,267,17993.493773
1079.431142,1000,18011.568516
440.647653,690,18016.000635
-194.186461,1000,18033.545175
10.422286,198,18034.959118
62.763053,168,18036.055601
-10.928933,380,18038.505239
119.401613,274,18040.249611
24.285717,86,18040.781988
41.935421,168,18041.874773
60.106206,126,18042.683294
771.826665,1000,18062.25751
637.996799,1000,18068.704684
-28.37498,58,18069.077062
-415.074015,1000,18087.333942
-53.159565,129,18088.158454
1159.807644,1000,18094.683734
306.692182,1000,18112.033056
107.108427,337,18114.187522
-13.406108,117,18114.931084
884.773191,1000,18121.367646
320.792825,1000,18138.84678
522.551619,1000,18145.299221
-17.834725,172,18155.935804
150.516674,285,18157.791506
558.633295,1000,18164.233379
741.242724,1000,18180.059552
1078.512889,1000,18186.653472
42.65164,156,18187.695667
47.626204,152,18188.655873
359.809006,1000,18208.290513
612.7432,1000,18214.790741
7.352769,184,18215.970424
569.384263,1000,18233.743275
96.084543,155,18234.727546
839.703784,1000,18241.163023
767.625616,939,18258.231599
-29.817242,197,18259.49561
-174.07785,392,18262.076622
8.046202,117,18262.810866
50.507249,126,18263.632032
85.809443,1000,18281.304888
679.826049,1000,18287.762805
-124.18797,331,18289.870088
29.407611,86,18290.397181
519.139482,1000,18307.452324
918.026093,1000,18313.913579
44.302297,151,18314.92445
70.331086,167,18325.998038
-57.763077,118,18326.768333
138.979005,319,18328.780155
514.456406,1000,18335.284277
36.009291,112,18336.008922
12.873197,78,18336.498057
770.594921,1000,18351.317411
-41.315444,81,18351.872616
17.416577,215,18353.234963
118.54556,181,18354.402348
42.56755,141,18355.287839
-46.299171,129,18356.103586
-33.912927,132,18356.955985
1132.717641,1000,18375.952915
56.865213,364,18378.297072
35.331158,127,18379.126901
836.577993,1000,18385.590912
60.751537,130,18399.546853
622.422824,1000,18405.993152
70.656551,189,18407.218692
308.897173,792,18420.912547
853.662982,1000,18427.494345
441.078655,1000,18433.893231
-3.577372,73,18446.210764
-136.952097,383,18448.670391
85.000485,365,18451.002797
178.779321,954,18457.200901
58.674219,250,18458.816992
485.492613,755,18476.249797
38.102502,303,18478.154699
60.297448,160,18479.198436
119.58683,836,18484.663817
-123.170027,293,18498.541013
43.644052,145,18499.475869
-59.542522,213,18500.840157
572.962989,1000,18507.270058
68.765622,171,18508.337522
41.250732,223,18509.807009
988.468689,1000,18525.577926
426.666398,1000,18532.015276
771.385705,1000,18546.551442
-8.590618,172,18547.662875
711.912328,1000,18563.820061
770.364171,1000,18570.233178
541.803133,1000,18576.686024
30.184888,110,18587.343336
837.411964,1000,18593.83911
946.539524,1000,18613.287112
72.785892,157,18614.332283
-48.4795,159,18615.340145
12.549892,99,18616.004443
50.40005,109,18616.734211
-9.241939,251,18618.313896
-46.015361,240,18619.866446
70.33939,195,18621.138501
61.859303,188,18622.352624
901.207828,1000,18639.182746
895.045439,1000,18645.623331
469.480991,1000,18662.486281
909.29104,1000,18669.084041
39.155625,126,18669.879294
5.034232,287,18671.702965
-54.800866,222,18673.134359
-192.541454,735,18687.51936
517.989655,1000,18693.994687
25.370662,69,18694.511397
164.684593,1000,18710.999774
74.165331,314,18713.02299
161.758756,1000,18719.481846
59.064884,127,18730.788891
-34.257837,258,18732.441137
644.595004,1000,18738.857752
306.028555,1000,18755.89323
63.717669,204,18757.208341
769.071135,1000,18763.603318
41.488213,286,18765.43027
114.08973,221,18766.838107
-302.674363,1000,18785.494378
461.512596,880,18791.113188
924.331142,1000,18805.844444
479.455378,1000,18812.318549
784.304532,1000,18827.119675
227.589695,534,18830.565067
75.54675,199,18831.85003
192.115216,390,18834.390543
95.340753,1000,18849.662472
18.812988,111,18850.391455
116.060842,254,18852.016794
45.939765,126,18852.846465
816.175033,1000,18868.209811
233.013932,530,18871.57701
435.401095,1000,18878.124486
808.633757,1000,18895.191564
23.773679,136,18896.062584
-187.904318,516,18899.381631
302.462124,1000,18914.237229
775.053043,1000,18920.75212
-43.010052,100,18921.380799
-53.530777,179,18922.54348
27.903047,105,18923.252956
97.155073,244,18924.807127
35.406353,168,18936.56301
640.991611,1000,18943.017163
492.905094,1000,18958.256297
64.565983,119,18959.049187
535.590343,1000,18965.613222
76.178419,166,18966.660406
79.576725,284,18968.504196
1218.283445,1000,18987.192716
-9.700114,1000,18993.711275
129.170023,144,18994.721121
674.090769,1000,19010.692578
595.57532,1000,19017.234201
192.362274,394,19031.87026
149.523423,290,19033.697839
13.517499,1000,19040.139193
32.380474,95,19040.733663
31.724875,107,19041.444888
135.035806,297,19043.363519
735.080832,1000,19058.058287
38.83078,80,19058.609544
52.237296,233,19060.093474
66.850815,152,19061.102107
-58.829576,281,19062.892483
242.050964,573,19078.766437
52.065975,315,19080.834241
580.388412,1000,19087.408437
825.162851,1000,19103.508711
113.067205,234,19105.033184
32.192172,60,19105.424106
134.992595,287,19107.236789
361.715636,1000,19113.694791
342.015534,681,19126.690717
212.573448,1000,19133.179077
38.982131,186,19134.387356
73.861836,172,19135.518661
-39.671975,89,19136.094284
206.471262,520,19150.866534
41.509263,154,19151.879715
-6.898438,174,19152.960885
731.388832,1000,19159.301098
70.091268,653,19174.782226
233.99246,704,19179.271888
3.712643,104,19179.952668
725.436368,1000,19197.033413
37.747376,145,19197.984957
-211.018943,1000,19204.547288
613.62612,1000,19221.158379
84.151496,168,19222.269769
647.071562,1000,19228.666232
356.412643,1000,19246.748528
978.453894,1000,19253.212556
153.012332,234,19254.736064
902.768423,1000,19269.930418
655.512801,1000,19276.336141
320.631105,565,19290.966742
50.136005,148,19291.932347
37.554799,168,19293.030927
-54.478624,84,19293.573523
-24.403679,82,19294.14497
842.724293,1000,19300.644324
45.402661,162,19301.689528
-36.688468,210,19303.026673
-47.579557,220,19313.860023
111.633128,197,19315.102259
106.620457,134,19315.95941
33.853949,107,19316.606324
-18.393426,74,19317.111666
796.051133,1000,19323.520656
58.875066,168,19324.711847
112.489457,251,19326.309846
-98.142813,149,19338.185612
49.639592,104,19338.886798
45.890389,144,19339.802037
-73.008501,396,19342.342651
362.265363,1000,19348.867041
25.425284,307,19358.775932
698.758827,1000,19365.262422
-147.341806,424,19368.034459
-67.466555,203,19369.340864
850.630076,1000,19384.843661
774.724543,1000,19391.199574
-4.880545,72,19391.641858
12.350284,100,19392.289907
1.189513,65,19392.710891
7.782576,65,19393.131848
47.201061,160,19394.133957
-1.68643,32,19406.759766
771.497864,1000,19413.224261
602.063148,1000,19419.658846
41.837241,162,19432.649884
173.390629,1000,19439.087756
913.279692,1000,19454.35314
-45.953383,114,19455.093486
608.684408,1000,19461.542816
774.783744,1000,19478.445931
117.223323,346,19480.644047
575.169979,958,19486.831334
6.327475,267,19488.58828
-12.657667,69,19489.030402
64.04331,168,19490.099644
96.084936,487,19501.175815
53.718305,325,19503.273083
813.623718,1000,19509.827375
466.464478,1000,19526.568363
448.747805,1000,19533.065934
74.100772,145,19533.990206
-36.896426,93,19534.719472
839.678378,1000,19550.374104
225.12951,376,19552.800859
719.275829,1000,19571.55243
-85.560789,746,19576.365832
575.987783,1000,19582.822041
76.424417,242,19594.384372
603.226092,1000,19600.965942
36.225595,97,19601.618602
298.263519,1000,19620.196223
201.771448,533,19623.695713
-74.094011,276,19625.574891
-40.670673,87,19626.112077
435.337774,695,19630.550355
112.543893,267,19642.480968
-23.948847,86,19643.054807
63.852377,428,19645.887486
728.619365,1000,19652.332635
68.009049,151,19653.341094
730.030386,1000,19670.401526
693.596764,1000,19676.855262
116.186119,380,19679.318733
631.858358,1000,19697.386132
55.790564,137,19698.25859
85.270224,154,19699.268497
565.805052,1000,19715.594857
39.546342,117,19716.33187
826.72079,1000,19722.785637
681.890093,1000,19740.933265
-48.144293,117,19741.644717
-16.197454,141,19742.58996
95.380493,210,19743.927368
71.134349,137,19744.89596
68.150747,256,19746.542871
-21.961736,78,19747.042548
367.729062,1000,19765.35492
64.467641,130,19766.187426
34.38483,68,19766.632222
191.531347,593,19770.44077
626.25293,1000,19776.950747
59.261849,113,19790.674699
793.783243,1000,19797.103104
503.420482,1000,19803.582208
72.185783,182,19816.076569
719.072684,1000,19822.492753
38.085828,122,19823.280115
126.027295,332,19825.386549
577.127481,852,19843.197909
12.84214,131,19844.042278
88.193727,160,19845.056157
519.675958,1000,19851.526664
67.035603,149,19852.465698
709.320222,1000,19869.483984
580.10334,1000,19876.002884
752.045602,1000,19892.79998
94.132299,200,19894.094606
87.426496,234,19895.700597
59.074567,126,19896.496758
11.501539,182,19897.664716
18.027151,274,19899.415963
-2.422054,237,19900.970627
831.95403,1000,19917.265224
134.960466,556,19920.841977
1130.321922,1000,19938.179446
505.702529,1000,19944.521385
243.715373,964,19962.312879
182.228307,1000,19968.685285
1192.673778,1000,19985.838593
71.292512,195,19987.09215
152.941775,1000,19993.530791
658.114537,1000,20010.516081
55.513818,139,20011.403619
158.607233,391,20013.955747
696.767627,1000,20020.52404
110.585168,1000,20036.99902
-31.624232,205,20038.347873
55.521229,188,20039.557323
118.827647,528,20042.98192
593.812627,1000,20060.187185
163.640539,315,20062.232492
-190.205758,407,20064.882275
51.704755,236,20066.372167
731.124831,1000,20085.487029
623.01156,1000,20091.94585
-94.769482,260,20093.630023
576.629821,1000,20111.795997
60.430965,237,20113.327701
112.961941,287,20115.201529
-32.269847,219,20116.602221
-53.111406,222,20118.036514
787.322807,1000,20135.965042
855.369516,1000,20142.364954
658.486427,1000,20160.403895
118.107758,352,20162.709851
51.849376,635,20166.879435
15.228464,132,20167.721592
-4.288406,298,20180.361697
-45.390891,604,20184.27674
1171.21751,1000,20190.717666
-17.966101,175,20191.793874
65.98842,172,20203.540584
619.588294,1000,20209.995151
94.17446,361,20212.288174
1030.288228,1000,20229.280417
-86.952675,270,20230.99937
137.494327,336,20233.177252
151.203122,398,20235.768809
88.227748,292,20237.649596
-35.792284,254,20239.305599
26.180226,178,20250.056741
236.440716,1000,20256.565956
852.330187,1000,20272.988374
64.422823,214,20274.375587
809.449528,1000,20280.847611
166.898751,1000,20299.074288
886.565078,1000,20305.445643
76.837357,248,20307.037544
496.263182,1000,20324.566305
365.676718,448,20327.448778
606.298179,1000,20333.861997
330.676573,521,20348.284049
231.705825,771,20353.254747
64.175317,242,20354.772282
23.205114,223,20356.223973
3.82574,230,20357.684668
167.929729,323,20373.732236
568.725381,1000,20380.271447
25.952312,177,20381.412344
511.510439,1000,20397.625027
814.797752,1000,20404.077686
73.489007,204,20405.475391
81.511445,195,20406.723669
37.131149,195,20407.966083
65.590988,182,20409.146933
34.798389,161,20420.043891
48.196435,93,20420.64215
612.561708,1000,20427.090284
166.214988,320,20429.130127
805.331182,1000,20447.785041
36.716938,299,20449.76901
1230.829274,1000,20456.216771
110.955477,189,20457.463095
573.928948,1000,20474.395419
289.786217,1000,20480.792183
548.009598,1000,20499.550723
111.170473,244,20501.07697
696.587414,1000,20518.270148
-305.809014,1000,20524.836821
330.422686,1000,20531.23985
81.173492,170,20543.752186
69.00673,206,20545.09493
781.653135,1000,20551.61884
615.596187,1000,20571.118411
752.413022,1000,20577.540432
735.322226,1000,20597.099628
73.60154,211,20598.455318
678.903377,1000,20604.878232
610.676203,1000,20623.655028
1039.47344,1000,20630.113268
765.832334,1000,20649.102704
-32.036163,1000,20655.548273
808.526007,1000,20674.904156
-32.571297,167,20675.938558
447.445594,938,20682.015532
322.217497,605,20685.850445
568.935193,1000,20703.702911
418.891146,898,20709.548343
345.977554,760,20727.921098
511.830109,1000,20734.432236
120.038883,274,20736.253582
18.145077,136,20737.12267
75.354081,210,20751.975369
373.470364,1000,20758.475755
55.642335,131,20759.3317
1191.295441,1000,20779.231201
-495.445537,1000,20785.634212
425.001854,1000,20805.293104
694.505003,1000,20811.772685
127.503219,356,20814.072802
105.564056,309,20816.098004
63.920338,196,20829.928492
19.171378,79,20830.45898
85.171395,469,20833.480028
117.725925,1000,20839.947591
157.083457,233,20841.481114
237.249089,377,20856.224804
-6.834582,336,20858.399439
-24.78022,158,20859.395381
631.417405,1000,20865.810488
16.314588,210,20867.147709
140.757791,370,20881.761602
199.254201,347,20883.989295
697.211334,1000,20890.590635
492.08918,1000,20910.514077
723.720734,1000,20917.045235
354.290699,574,20920.798192
-83.120043,295,20936.835553
-32.868988,339,20938.999851
94.317719,287,20940.890071
91.225124,239,20942.400111
93.86497,205,20943.788253
715.902934,1000,20961.228363
1209.843193,1000,20967.676689
19.870737,237,20969.230734
364.059187,1000,20989.289982
412.882975,1000,20995.728807
406.911727,1000,21015.092969
28.770669,159,21016.151858
-58.724647,127,21016.984144
-22.359397,112,21017.715707
154.902102,329,21019.841812
576.63774,1000,21037.461118
181.628753,1000,21043.933539
930.065078,1000,21062.066271
676.809279,1000,21068.59737
177.075808,997,21085.197887
-116.77157,1000,21091.650129
696.188744,1000,21098.22174
-22.405525,77,21111.229188
-41.830988,222,21112.676375
968.333076,1000,21119.140111
402.703594,1000,21137.48027
457.721762,1000,21143.987743
419.561042,1000,21162.855813
-12.119214,186,21164.06644
-0.252379,99,21164.712487
394.390831,1000,21171.186239
-44.012249,140,21172.128246
796.843014,1000,21187.972615
85.249967,240,21189.532353
214.614362,476,21192.611197
-173.107827,254,21194.253469
94.149712,297,21196.153126
-55.152879,112,21196.881474
81.69761,304,21208.426545
47.475963,194,21209.675661
176.77615,497,21212.878027
545.68232,800,21218.14978
712.33254,1000,21239.503363
108.708461,217,21240.961348
38.613097,177,21242.112524
252.64289,578,21245.927438
18.405132,145,21246.857552
99.654523,231,21248.316269
56.729844,150,21261.632134
131.624909,196,21262.901835
26.47545,148,21263.862031
113.529606,216,21265.276093
61.555552,130,21266.107458
484.309952,1000,21272.61233
845.615643,1000,21290.358075
20.645522,269,21292.111959
101.704622,333,21294.272802
55.875478,121,21295.049766
1176.299366,1000,21313.678916
14.021435,144,21314.596768
442.501806,1000,21321.115465
819.919322,1000,21339.072233
924.198489,1000,21345.561309
196.324961,306,21347.513188
571.113408,1000,21367.168949
856.219324,1000,21373.575418
832.226444,1000,21394.403176
635.561308,1000,21400.846231
214.118552,344,21414.71696
86.509678,196,21415.998819
397.332704,787,21421.055139
-22.281073,154,21422.061148
10.704636,207,21423.465461
62.009749,195,21424.75802
986.751862,1000,21442.583315
20.748341,454,21445.50238
544.860795,1000,21452.063704
-205.768327,527,21468.62415
175.899271,1000,21475.064006
-28.676364,201,21476.326614
-75.089512,179,21477.470384
9.274232,1000,21495.587991
997.65158,1000,21502.04781
-27.115806,125,21502.862578
122.083744,422,21516.915027
755.488694,1000,21523.329571
93.617687,215,21524.754386
432.656783,1000,21542.724862
667.915888,1000,21549.255689
515.519399,1000,21569.310292
49.037122,180,21570.496774
636.003435,1000,21577.116865
206.254924,1000,21597.93875
118.963199,265,21599.684844
31.794145,356,21601.97735
77.95543,212,21603.358242
-30.640742,312,21605.490333
-34.899147,75,21606.003058
-30.277793,225,21607.423243
71.021372,250,21623.832398
273.452711,1000,21630.301204
-35.287555,186,21631.479647
917.08428,1000,21650.447458
849.88726,1000,21656.869817
70.103355,161,21657.908241
99.947545,261,21659.582466
547.8919,1000,21679.755941
355.520651,1000,21686.246325
143.146944,1000,21705.887038
1010.69582,1000,21712.346164
795.666596,1000,21732.637047
629.646092,1000,21739.103806
631.26529,1000,21758.553215
739.94228,1000,21765.001577
875.548606,1000,21784.263251
902.726293,1000,21790.887838
32.282905,287,21792.70356
-60.73883,136,21793.574199
94.195943,244,21808.182793
88.284611,1000,21814.645732
44.870742,238,21816.220048
882.82025,1000,21835.576612
442.112509,1000,21842.080783
-112.57013,1000,21862.661665
299.702272,1000,21869.160401
399.129108,1000,21889.037489
792.548463,1000,21895.589784
-200.59166,1000,21913.886824
28.563684,98,21914.506684
473.066585,1000,21921.077811
62.138794,152,21922.036872
554.102641,1000,21941.537969
81.299702,273,21943.314177
423.061799,1000,21949.789476
683.756972,1000,21969.641785
879.39706,1000,21976.143698
33.420472,253,21977.805827
352.628362,1000,21995.940176
55.422612,210,21997.282474
213.422242,580,22001.029186
652.096979,1000,22018.668557
516.359213,1000,22025.230265
671.148507,1000,22047.093588
269.003211,837,22052.481551
43.283081,135,22053.355603
950.361681,1000,22070.227731
40.451345,102,22070.851612
402.498359,1000,22077.351991
110.680239,239,22078.916611
109.328436,286,22080.750537
150.63503,420,22096.927588
64.560363,128,22097.753828
388.216232,833,22103.097975
84.553365,515,22106.429955
320.852784,548,22122.629383
-196.114727,592,22126.443359
292.930616,1000,22132.936007
-22.716454,149,22146.962501
333.202479,1000,22153.456591
205.669647,469,22156.450843
674.663495,1000,22176.653405
102.293875,251,22178.233445
-34.211472,82,22178.741034
742.641344,1000,22185.177753
166.696841,214,22186.533709
632.377007,828,22206.099033
-38.154998,456,22208.992934
781.195891,1000,22229.954931
441.268621,834,22235.444632
903.733454,1000,22254.740595
260.202428,527,22258.131153
-29.522172,107,22258.778713
96.3528,413,22261.490441
-117.436723,300,22263.454068
-14.122988,1000,22283.717695
-56.677403,360,22286.059549
726.38215,1000,22292.484399
617.159671,1000,22309.852339
1010.920027,1000,22316.312242
610.559196,1000,22334.815631
261.417852,1000,22341.32012
345.839355,1000,22361.321134
-111.512381,441,22364.120191
55.209751,178,22365.291486
594.808864,1000,22383.866022
188.918404,566,22387.654825
104.953958,418,22390.315817
51.017422,102,22390.975003
494.353935,1000,22409.241843
744.533869,1000,22415.810056
-96.210029,295,22417.714663
-72.908609,222,22419.126563
-78.800978,1000,22440.003146
834.330981,1000,22446.544832
841.627937,1000,22463.562952
-10.657004,58,22463.932629
784.792115,1000,22470.455769
1010.496973,1000,22491.788458
-762.475869,1000,22498.239614
74.561607,203,22499.537948
-41.981692,97,22500.182326
696.923582,1000,22517.071954
742.661889,1000,22523.500537
-89.386891,285,22537.742761
93.182264,178,22538.892116
-12.809101,83,22539.412707
-97.465157,464,22542.453203
425.817381,1000,22548.885985
234.236092,1000,22566.590904
127.397239,403,22569.139164
88.748044,249,22570.747416
53.584842,167,22571.820326
72.277776,169,22572.88475
69.66019,203,22574.178193
79.803411,476,22585.302725
126.933759,478,22588.332782
26.079938,335,22590.50977
200.378879,1000,22609.325387
581.608128,1000,22615.771179
59.686203,189,22616.980649
63.250938,161,22618.010133
49.885514,135,22618.895376
468.667224,1000,22634.104586
807.630772,1000,22640.508963
619.680019,1000,22656.87829
993.49581,1000,22663.322552
85.164252,221,22664.744287
307.201013,1000,22681.432638
7.614827,92,22681.998497
164.02582,391,22684.51483
234.348009,402,22687.173276
-21.540316,74,22687.622813
91.157061,568,22702.831962
236.011825,290,22704.683634
1230.001995,1000,22711.13575
930.737717,1000,22730.268825
43.725199,1000,22736.619428
1100.607764,1000,22754.997196
507.08666,1000,22761.380863
89.775566,311,22763.397562
934.659963,1000,22782.994424
641.725211,1000,22789.498392
659.989959,1000,22807.798275
276.142174,1000,22814.291121
745.081188,1000,22832.140126
97.625872,266,22833.908805
454.960476,1000,22840.422184
-104.211831,1000,22857.871851
430.259688,1000,22864.339385
94.019643,332,22881.592068
428.912354,1000,22888.062814
524.363841,1000,22894.593204
647.014641,1000,22914.047927
829.64308,1000,22920.451388
62.705494,131,22932.574981
202.08873,453,22935.509032
-72.293147,209,22936.887345
-23.22565,81,22937.393486
628.126964,1000,22943.870193
857.020887,1000,22964.10821
546.129325,1000,22970.608082
697.659366,1000,22990.368656
511.617198,1000,22996.847873
70.043175,523,23011.137325
1044.786359,1000,23017.643691
89.954184,199,23018.914898
79.454841,164,23019.962523
1061.624694,1000,23038.824718
81.525162,206,23040.145097
892.279778,1000,23046.683401
526.998095,1000,23065.83534
734.756612,1000,23072.232163
544.541717,1000,23087.194787
66.563653,161,23088.189158
455.135373,734,23092.891864
499.775226,1000,23108.797211
596.239178,1000,23115.241164
837.434596,1000,23132.037474
984.774262,1000,23138.559875
177.121521,322,23140.629778
417.554025,1000,23159.496383
52.80109,117,23160.252424
53.972567,176,23161.344546
125.24746,399,23163.938402
-5.109244,108,23164.591602
521.267426,1000,23182.109331
197.8052,673,23186.484868
722.808697,1000,23205.32405
-373.605647,1000,23211.900143
139.674159,361,23214.197234
505.964429,1000,23234.449248
678.080684,1000,23240.88624
-3.881936,170,23241.956295
564.209725,1000,23263.524915
688.587252,1000,23269.964556
1216.003185,1000,23289.630552
120.07363,251,23291.220415
507.274954,1000,23297.629975
99.141,309,23299.599016
-49.010096,303,23314.680553
629.737775,1000,23321.204114
48.389821,209,23322.546646
550.121992,1000,23339.955604
403.793008,1000,23346.489259
487.318864,1000,23363.430075
776.359065,1000,23369.868496
201.396814,1000,23384.393821
388.738096,1000,23390.863964
119.929173,281,23392.700743
71.333583,233,23394.224972
125.230545,418,23409.794361
639.034735,1000,23416.171694
703.633483,1000,23433.09271
-45.343498,182,23434.293224
494.458778,1000,23440.801368
874.892118,1000,23458.996352
424.888119,1000,23465.569787
397.997089,1000,23482.217313
603.368077,1000,23488.644953
149.991292,231,23490.077841
74.817156,200,23491.367687
250.502355,1000,23512.002557
585.200327,1000,23518.530309
666.326169,1000,23534.226204
712.241641,1000,23540.661245
12.510932,315,23542.656909
236.995242,827,23560.946187
640.353925,1000,23567.397811
898.54312,1000,23585.44511
786.413554,1000,23591.885494
1046.045657,1000,23611.872826
545.860678,1000,23618.345189
569.987465,1000,23636.654199
979.515854,1000,23643.065733
774.959702,1000,23661.402671
550.119597,1000,23667.779395
750.319317,1000,23686.371748
305.929742,1000,23692.809064
719.773523,1000,23712.030622
212.110495,1000,23718.431109
491.846466,1000,23735.793574
425.729066,1000,23742.191691
1208.384466,1000,23758.173155
97.700448,166,23759.211649
656.937117,1000,23765.781022
-49.567102,1000,23785.014863
67.951582,231,23786.463588
-28.362303,112,23787.191335
89.836509,219,23788.571465
4.245108,66,23789.000304
-44.971239,110,23789.720517
497.067791,1000,23805.292518
30.949433,80,23805.787873
963.546012,1000,23812.22764
766.684508,1000,23829.625445
-78.594082,401,23832.247241
519.324357,1000,23838.671035
643.576593,1000,23857.792889
292.636429,768,23862.696969
762.15548,1000,23880.575448
99.806003,370,23882.986696
877.770712,1000,23889.523602
896.481605,1000,23907.481028
512.741938,1000,23913.865616
84.240589,175,23915.000818
110.653585,295,23916.975138
308.012769,1000,23934.839348
60.396492,187,23936.032549
66.787537,173,23937.151889
507.443511,1000,23957.001373
230.704274,727,23961.688912
-24.197186,1000,23968.077322
386.979465,1000,23986.527922
883.690747,1000,23992.968199
98.990026,467,24011.689482
-87.463504,1000,24018.146096
873.746265,1000,24035.077907
-121.136187,308,24037.1568
109.998594,185,24038.338506
480.507809,1000,24044.79483
973.156504,1000,24061.796129
126.717915,366,24064.151415
-37.356202,242,24065.824049
554.273739,1000,24080.382734
187.817551,456,24083.314419
271.01865,1000,24089.778815
63.863878,166,24090.872546
87.452618,246,24104.108162
-30.60576,341,24106.357449
674.396239,1000,24112.703199
607.725099,1000,24129.691731
795.4448,1000,24136.06759
736.022672,1000,24153.2783
85.47817,730,24158.09252
775.466908,1000,24176.786328
1010.353745,1000,24183.270555
443.288713,1000,24203.081516
18.751985,102,24203.731284
72.482045,171,24204.866777
-119.396738,328,24207.011283
98.044965,222,24208.436451
199.949807,411,24211.121635
775.014907,1000,24230.986142
412.069701,1000,24237.455068
37.881509,163,24238.520506
-386.866341,1000,24256.60975
615.991267,1000,24263.111268
92.255549,618,24267.019765
813.866594,1000,24286.260914
489.017281,1000,24292.69578
819.207333,1000,24313.792474
-26.255215,58,24314.177675
616.587924,1000,24320.591056
-33.564756,80,24321.08229
696.910356,785,24340.25088
804.280231,1000,24346.663409
-1.242486,1000,24366.942
347.161583,1000,24373.241268
1043.418404,1000,24391.281496
768.537321,1000,24397.827067
801.045941,1000,24418.091383
295.86542,1000,24424.529397
331.182982,641,24442.842201
-275.072519,1000,24449.268533
-77.883204,1000,24469.054844
-66.291811,1000,24475.514411
865.323177,1000,24496.72902
80.166838,329,24498.844219
779.445552,1000,24505.337549
411.412391,1000,24523.726829
670.52054,1000,24530.129268
563.16321,1000,24547.075341
113.526477,309,24549.062943
1054.864443,1000,24555.442098
298.258533,307,24557.380703
943.515036,1000,24574.625672
41.45674,157,24575.70842
148.109801,448,24578.60161
658.459374,1000,24598.291435
42.448645,111,24599.003912
56.453512,159,24600.013016
-13.267785,275,24601.768515
729.081284,1000,24608.271764
847.943487,1000,24627.783651
777.2185,1000,24634.255872
55.39224,276,24649.862852
616.037492,1000,24656.253324
136.913064,297,24658.181185
360.586477,1000,24679.266231
844.624648,1000,24685.719423
425.188979,767,24705.500883
193.054773,1000,24711.903261
477.905659,1000,24730.86298
406.298148,1000,24737.348667
140.95514,558,24740.942022
860.74024,1000,24763.7069
651.536891,1000,24770.107844
620.541097,1000,24791.298831
475.297356,1000,24797.646687
602.570882,1000,24818.236912
383.321098,1000,24824.583378
27.000109,191,24825.803329
19.097004,201,24827.132791
14.649352,94,24827.719175
823.31072,1000,24848.715857
117.934918,395,24851.234511
256.236665,1000,24873.00546
856.732218,1000,24879.54311
711.371094,1000,24899.240043
166.390904,406,24901.838864
817.753653,1000,24908.335226
16.447691,198,24909.59552
818.545076,1000,24930.079537
1093.306576,1000,24936.583946
73.541538,211,24937.917274
283.794455,1000,24960.030605
454.858347,1000,24966.558711
534.05547,1000,24989.721376
126.498257,1000,24996.235216
1030.935966,1000,25017.475644
711.474611,1000,25023.904013
120.965053,279,25038.173365
108.39041,239,25039.694646
722.636478,1000,25046.085838
132.878991,191,25047.301175
130.824771,1000,25069.231288
874.497547,1000,25075.711582
662.056022,1000,25095.400463
212.698313,1000,25101.701771
89.122303,280,25103.490304
684.084589,1000,25124.619192
410.627184,1000,25131.031635
993.086384,1000,25153.437133
317.786999,572,25157.022179
61.161931,251,25158.610942
418.859743,1000,25178.665282
761.022763,1000,25185.16317
127.200915,228,25186.591219
77.539016,1000,25208.468185
104.705784,1000,25214.805372
927.076551,1000,25235.582936
608.872087,1000,25242.092777
61.308459,191,25243.30442
48.473421,172,25244.36405
458.061182,670,25262.973624
1040.111084,1000,25269.40152
856.470548,1000,25289.042441
637.483404,1000,25295.459955
751.669395,1000,25315.777291
-3.291223,300,25317.714852
358.643014,1000,25324.149081
1094.864524,1000,25343.369689
-98.723718,298,25345.260797
575.053423,1000,25351.674469
661.290229,1000,25373.006804
98.751578,209,25374.364807
397.101922,1000,25395.86407
-224.709414,1000,25402.306673
-20.015201,253,25403.903536
512.840102,1000,25424.417064
-87.408745,272,25426.212442
911.739933,1000,25432.568438
1052.305419,1000,25453.463141
-182.243441,477,25456.507666
459.043998,1000,25462.956563
744.137313,1000,25482.857945
706.804898,1000,25489.226314
128.991185,1000,25510.649354
580.243075,1000,25517.035495
665.944156,1000,25537.0
382.998544,1000,25543.427187
-73.055427,746,25562.664146
656.985906,1000,25569.137605
709.912435,1000,25588.794693
188.663316,414,25591.374542
863.995298,1000,25597.913577
659.384555,1000,25615.069802
1076.432145,1000,25621.480558
891.376127,1000,25639.733112
552.070239,1000,25646.099581
642.462628,1000,25667.643005
140.36152,238,25669.146149
718.115249,1000,25675.612917
709.571782,1000,25694.878805
730.146877,1000,25701.208008
-88.403764,226,25716.415618
744.036896,1000,25722.827932
-31.213619,189,25724.081301
-16.328805,1000,25744.813719
56.795659,190,25746.139125
-572.04188,1000,25752.579534
532.757826,1000,25773.731334
152.147892,200,25775.033752
575.490718,1000,25781.512156
338.033612,1000,25802.257336
718.164254,1000,25808.740284
13.579238,313,25810.719791
-251.798928,1000,25828.192257
-654.527263,1000,25834.504247
344.450775,1000,25857.086127
679.501975,1000,25863.462484
113.88337,290,25865.28205
790.129101,1000,25886.371945
49.077972,207,25887.705713
733.222857,1000,25907.202414
-0.337808,201,25908.4801
899.096759,1000,25914.82132
563.622555,1000,25934.646887
437.173492,1000,25941.100698
-4.825149,313,25943.103476
86.225852,186,25944.268578
-6.992168,1000,25965.52193
42.52684,258,25967.165379
571.673929,1000,25973.569726
7.855016,131,25989.016552
617.811685,1000,25995.417773
520.77661,1000,26014.436468
840.678087,1000,26020.94373
-24.667033,1000,26027.256396
184.04856,1000,26046.578188
854.222192,1000,26052.918505
606.613051,1000,26072.750225
672.866157,1000,26079.248141
1000.640942,1000,26096.779278
523.423942,1000,26103.120268
956.219086,1000,26122.603305
47.440081,259,26124.264332
579.119725,1000,26143.399841
-68.198123,1000,26149.812423
-884.294492,1000,26169.985601
342.456524,1000,26176.433391
556.590278,1000,26182.895671
598.691665,1000,26204.766066
740.987439,1000,26211.188973
666.325285,1000,26232.945748
1004.846164,1000,26239.367128
886.158963,1000,26262.015438
814.081148,1000,26268.431069
-45.710311,1000,26289.380625
264.191772,575,26293.044623
59.159402,153,26294.037661
614.882497,1000,26317.022949
928.088302,1000,26323.365187
484.919612,1000,26342.998125
1156.754869,1000,26349.520836
828.216029,1000,26370.549999
102.699571,1000,26376.975898
643.537623,1000,26397.397203
785.407043,1000,26403.841546
360.562514,1000,26423.21848
1005.044343,1000,26429.662771
43.101287,170,26430.75308
687.554976,1000,26453.168601
383.532416,1000,26459.516672
290.314263,1000,26479.913259
279.368789,1000,26486.391966
41.30191,217,26487.744773
1029.237189,1000,26508.742098
542.853534,1000,26515.185353
161.03686,268,26516.891353
88.775066,166,26517.937469
56.475036,123,26534.258364
828.378432,1000,26540.729149
473.422016,1000,26562.325335
306.244785,609,26566.327296
868.127766,1000,26572.723375
-130.562351,795,26590.265674
29.760101,201,26591.565661
799.263672,1000,26598.009471
916.802074,1000,26619.577993
828.059388,1000,26625.950135
689.40499,1000,26646.843452
1311.249954,1000,26653.1547
867.973204,1000,26673.277622
82.757421,192,26674.494423
830.852842,1000,26680.924437
-87.154624,1000,26700.621756
862.898624,1000,26707.066694
381.390378,1000,26729.030473
-273.973058,1000,26735.355247
169.615466,1000,26755.686099
712.367117,1000,26762.030291
38.254216,79,26762.563215
556.578075,1000,26783.015275
34.068414,177,26784.166262
539.956731,1000,26790.608102
934.92235,1000,26810.86565
-155.371746,313,26812.860413
384.362123,1000,26819.26061
121.065159,200,26835.177493
714.150517,1000,26841.589481
-209.325494,1000,26861.784426
925.730497,1000,26868.191788
388.872727,1000,26874.546982
42.790697,124,26888.096833
292.376303,1000,26894.449301
585.015156,1000,26914.619371
80.209461,1000,26921.058242
666.026527,1000,26940.651409
900.964983,1000,26947.225854
27.542332,340,26949.378578
199.981546,373,26951.730429
-167.586722,852,26971.061413
96.510058,338,26973.237087
829.953363,1000,26979.697789
137.672094,178,26994.880064
574.025994,1000,27001.213497
631.749902,1000,27007.626095
760.15274,1000,27028.063499
-79.694941,240,27029.550251
201.030596,1000,27048.857687
576.326501,1000,27055.205912
450.889442,1000,27075.436193
76.121437,1000,27081.787228
355.738034,1000,27102.190833
905.834933,1000,27108.672815
-129.0243,1000,27127.506437
675.205184,1000,27133.849539
66.098076,299,27135.787998
743.329726,1000,27157.96944
-9.615477,1000,27164.359585
646.770565,1000,27185.352414
-37.972898,364,27187.773886
-104.420146,251,27189.329804
1027.956874,1000,27195.718684
22.620026,112,27196.439656
162.754685,304,27211.975458
651.367504,1000,27218.447541
498.893971,1000,27236.292819
436.606796,1000,27242.641017
-242.64764,1000,27263.071513
778.449223,1000,27269.458748
72.244563,244,27271.018329
819.182604,1000,27290.994997
-1.490109,1000,27297.390354
810.459451,1000,27320.135237
3.849931,292,27321.997476
308.750256,689,27326.390411
-61.396747,77,27326.87132
110.34009,1000,27348.531641
909.744539,1000,27354.929657
37.487541,1000,27375.35426
327.502689,1000,27381.773181
290.450346,571,27385.440035
620.845525,1000,27407.246002
329.34601,561,27410.84356
-35.112799,209,27412.156029
114.352357,623,27429.837178
577.422031,1000,27436.14481
392.376482,1000,27456.619795
59.25003,142,27457.508817
1165.146687,1000,27463.879513
892.256668,1000,27484.30711
721.96759,1000,27490.748109
429.40936,781,27495.705021
848.606107,1000,27516.621291
1003.611954,1000,27523.002845
85.638042,1000,27541.209123
459.727621,1000,27547.684333
134.099034,237,27549.162236
-37.422335,109,27563.49064
1031.837852,1000,27569.895014
419.323418,1000,27590.490949
370.198843,1000,27596.921543
516.808973,1000,27615.367642
498.438191,1000,27621.810251
1106.253206,1000,27628.270217
59.947356,272,27642.330955
932.75249,1000,27648.767804
980.568206,1000,27668.114175
75.569867,145,27669.083692
851.004307,1000,27675.441288
341.049951,1000,27696.559923
-48.29215,89,27697.096268
62.917136,1000,27703.433713
851.106327,1000,27724.831249
611.859225,1000,27731.267914
434.019215,1000,27750.606913
-51.84676,80,27751.118447
616.412023,1000,27757.631484
716.589381,1000,27779.755669
68.749352,1000,27786.232095
788.303553,1000,27806.509058
154.639646,401,27809.014161
781.747197,1000,27815.31727
760.383043,1000,27835.783285
90.170016,253,27837.377968
-42.963317,473,27840.352611
836.11796,1000,27860.734455
66.780783,160,27861.774974
674.711759,1000,27868.161824
1122.162432,1000,27888.468627
720.300225,1000,27894.79069
134.615102,1000,27914.479384
406.647363,1000,27920.848902
432.52381,1000,27940.591563
67.912348,1000,27947.0049
883.714658,1000,27969.455074
882.184519,1000,27975.794142
486.284324,1000,27997.484304
30.379425,182,27998.64659
242.095232,1000,28004.989217
534.305255,1000,28024.077483
600.005834,1000,28030.533476
995.634928,1000,28050.455141
987.141779,1000,28056.920962
625.797389,1000,28077.837131
911.83608,1000,28084.134638
305.889913,1000,28105.489805
726.774918,1000,28111.817566
226.005357,622,28115.781558
68.467515,350,28133.937487
526.503164,1000,28140.328189
1012.598323,1000,28159.481917
780.365708,1000,28165.882707
721.311336,1000,28186.99038
15.364972,103,28187.667369
388.619658,1000,28193.982192
620.956118,1000,28213.840182
11.662457,1000,28220.236221
24.81633,1000,28239.25956
-26.500431,163,28240.331279
406.506486,482,28243.371069
1108.683585,1000,28249.71953
717.426176,1000,28270.604184
975.986146,1000,28276.940238
376.7866,1000,28297.386719
817.432197,1000,28303.73291
45.538176,85,28304.307703
673.310188,1000,28325.852806
277.427223,803,28331.057836
-17.841444,65,28331.479544
18.268764,118,28332.245044
173.602168,448,28349.02255
-22.617785,91,28349.595732
783.68292,1000,28356.01929
774.042244,1000,28375.57772
24.514176,219,28377.026346
111.689951,265,28378.729133
488.707596,1000,28385.019605
-90.045768,256,28386.725504
845.480789,1000,28407.188822
537.257366,1000,28413.605341
924.069926,1000,28434.688915
416.327802,485,28437.831723
590.874734,1000,28458.962211
-49.430769,203,28460.267756
211.011565,703,28464.75839
714.441987,1000,28471.080326
1113.070705,1000,28491.049467
594.034556,1000,28497.386176
723.936769,1000,28518.672182
215.609637,846,28524.031252
782.957615,1000,28542.438646
1024.727411,1000,28548.790172
-206.02591,1000,28570.53953
98.306291,1000,28576.861534
615.712304,1000,28596.688818
511.323603,1000,28602.965286
538.033242,1000,28624.246146
-93.829178,1000,28630.744321
-383.365496,1000,28651.632262
765.061509,1000,28658.070316
869.671203,1000,28679.124164
663.537735,1000,28685.574787
436.408051,1000,28701.738333
490.475335,1000,28708.095495
961.064016,1000,28729.47737
1002.981667,1000,28735.889626
1127.932809,1000,28755.532759
618.114162,1000,28761.935386
8.580648,1000,28783.448123
767.738541,1000,28789.841649
812.877337,1000,28808.499314
-27.827962,1000,28814.862521
673.649016,1000,28835.631166
42.695943,168,28836.764631
905.998516,1000,28843.111163
883.626419,1000,28862.946919
567.738238,1000,28869.422776
796.27297,1000,28889.42236
4.38724,76,28889.900798
57.333683,155,28890.937418
948.285036,1000,28897.352622
314.325723,1000,28917.564218
795.352494,1000,28923.941916
472.108652,1000,28944.626113
98.705294,252,28946.234391
662.158437,1000,28952.569365
1067.199005,1000,28974.881375
300.987961,514,28978.17388
466.136552,791,28983.246463
113.071844,226,28997.861474
639.05904,1000,29004.305067
802.127836,1000,29025.099148
-33.645793,1000,29031.505111
732.501617,1000,29053.247261
229.265532,1000,29059.609591
83.542446,287,29061.473527
190.728231,524,29064.802052
1133.735082,1000,29085.481231
519.28798,1000,29091.775794
745.94093,1000,29111.609091
602.301134,1000,29117.971734
564.996273,1000,29138.368587
23.715868,316,29140.381259
717.722165,1000,29146.701181
-62.14177,105,29160.782859
762.864742,1000,29167.354328
821.052609,1000,29186.209043
348.002077,1000,29192.580387
609.757509,1000,29199.063166
328.608002,1000,29221.291962
16.433435,253,29222.896211
792.765199,1000,29243.256036
804.053009,1000,29249.666338
730.503176,1000,29269.697388
582.519908,1000,29276.02089
575.183137,1000,29298.249731
395.409017,1000,29304.626131
776.948438,1000,29326.649631
-138.004703,201,29327.966809
472.127225,1000,29334.335601
11.447217,302,29336.20641
601.416826,1000,29358.141067
492.600223,989,29364.407722
662.190047,1000,29383.807593
-8.293981,205,29385.091203
624.501562,1000,29391.462144
234.976533,1000,29410.380457
129.798364,451,29413.238731
-12.924581,170,29414.333344
868.736548,1000,29434.00171
-49.750321,324,29436.049179
-519.111588,982,29442.347921
1117.06844,1000,29464.170759
666.790337,1000,29470.557147
957.122207,1000,29491.691207
655.141516,1000,29498.129751
1014.105003,1000,29521.11641
502.54483,1000,29527.581359
109.825438,468,29530.552091
177.478125,1000,29550.318917
427.964635,1000,29556.665362
694.777495,1000,29577.600719
671.239439,1000,29583.917457
688.587753,1000,29605.375803
649.018708,1000,29611.740741
-133.356579,1000,29633.562036
73.798984,243,29635.051418
89.103636,239,29636.556951
618.80214,1000,29656.532751
782.642996,1000,29662.921222
-49.632041,124,29663.723872
624.051953,1000,29685.322647
705.986223,1000,29691.676947
1029.190871,1000,29712.131622
95.09112,631,29716.130532
-442.359216,1000,29722.479338
360.487094,1000,29744.069711
281.849069,1000,29750.454443
919.917766,1000,29772.780777
974.34817,1000,29779.080973
876.512309,1000,29800.243174
571.997508,1000,29806.575964
281.958828,1000,29826.841578
548.196034,1000,29833.230071
720.9051,1000,29853.293237
649.966284,1000,29859.776237
287.340931,491,29862.90219
757.093856,1000,29885.341809
513.312216,1000,29891.766766
47.180491,171,29892.814676
552.617746,1000,29914.298933
-91.803473,351,29916.550997
-112.299018,1000,29937.438086
421.848961,958,29943.562299
874.831708,1000,29965.215244
149.65894,275,29966.961363
413.217876,1000,29973.31032
682.747838,1000,29995.601352
104.145623,278,29997.419016
-239.447794,920,30003.237632
834.706355,1000,30025.409379
371.106762,1000,30031.702622
612.018563,1000,30053.069193
629.448919,1000,30059.387801
880.90342,1000,30080.495243
931.273292,1000,30086.897624
320.279188,813,30106.904483
82.100928,173,30107.968138
716.201576,1000,30114.364039
532.00868,1000,30136.802891
-222.016218,1000,30143.159579
668.940652,1000,30164.125381
111.571779,228,30165.550535
-468.6253,1000,30171.881065
-52.938185,217,30173.233407
915.354675,1000,30194.521305
562.141117,1000,30200.869312
-468.302648,1000,30221.61433
86.015171,302,30223.524379
620.286555,1000,30229.89661
282.034581,1000,30251.985648
7.73171,50,30252.317979
687.448083,1000,30258.694023
422.865392,1000,30279.276428
632.195379,1000,30285.700419
980.012541,1000,30305.239242
51.082533,283,30307.160939
379.707956,1000,30326.552241
92.194124,336,30328.751358
698.593316,1000,30335.112257
257.67162,1000,30354.641756
636.774858,1000,30361.041764
150.920536,1000,30381.729535
1081.388247,1000,30388.11549
33.629447,289,30389.911219
436.422109,1000,30411.87236
356.13986,1000,30418.272605
684.251228,1000,30441.120104
734.875815,1000,30447.490596
800.726436,1000,30469.139266
124.161449,1000,30475.411957
-154.058247,326,30477.483208
701.1638,1000,30498.154033
76.91115,597,30501.950575
964.78898,1000,30523.25521
364.382127,1000,30529.643898
48.263254,268,30531.37752
450.390804,1000,30553.074202
648.21033,1000,30559.419593
641.289881,1000,30579.920929
444.248145,697,30584.364698
-203.389109,1000,30605.377662
-29.628641,340,30607.631221
236.941051,1000,30613.993577
672.462904,1000,30636.154159
160.875692,296,30638.098121
341.973428,1000,30644.530038
974.977111,1000,30663.964864
81.530575,1000,30670.436989
615.437399,1000,30689.827371
790.908186,1000,30696.199605
599.291557,1000,30716.629861
487.143502,1000,30723.01506
-79.38462,172,30724.084317
472.859723,1000,30746.068213
625.986134,1000,30752.433478
524.032825,1000,30774.86321
370.179118,1000,30781.317963
811.327933,1000,30802.079087
-51.928353,258,30803.724257
644.063608,1000,30810.114136
584.17404,1000,30831.792073
537.698386,1000,30838.112313
1019.350127,1000,30859.019369
1150.097208,1000,30865.391712
884.720098,1000,30887.462218
61.31976,186,30888.658758
802.880146,1000,30895.041015
314.064789,435,30913.458999
654.24276,1000,30919.834561
525.965632,1000,30941.063798
499.599677,1000,30947.421834
599.498172,1000,30969.428516
369.263256,1000,30975.839471
455.825117,1000,30996.194279
692.883715,1000,31002.642704
692.979038,1000,31024.451216
14.48284,227,31025.926927
659.494328,1000,31032.396711
635.820437,1000,31053.638703
869.535768,1000,31060.056616
593.330068,1000,31079.878931
148.595466,1000,31086.217826
590.106238,1000,31108.255761
115.498059,350,31110.494052
597.551304,1000,31117.012625
715.72044,1000,31137.726943
270.533043,1000,31144.112484
823.098254,1000,31164.601061
262.890845,1000,31170.936687
723.012437,1000,31192.491385
569.422779,1000,31198.875247
-17.113651,221,31200.287849
611.18134,1000,31221.378555
-102.49941,245,31222.945485
286.533842,1000,31229.363501
56.83589,140,31230.242824
-96.524797,228,31246.097466
98.495773,235,31247.636475
580.170536,1000,31253.958605
204.444287,359,31256.263063
-58.838292,167,31257.328329
22.791971,152,31272.462939
50.012454,157,31273.458637
512.147972,1000,31279.859736
607.564908,1000,31300.310971
1124.041297,1000,31306.699884
710.278215,1000,31327.293067
-28.17946,350,31329.51904
36.195721,150,31330.495808
-42.25292,189,31331.695224
500.585724,1000,31338.019419
625.958659,1000,31356.283019
752.594453,1000,31362.687388
710.517211,1000,31383.87415
915.517912,1000,31390.326485
102.366957,263,31391.983603
891.095243,1000,31413.957207
341.880449,1000,31420.398242
644.133951,1000,31440.071846
700.693837,1000,31446.410938
345.348263,737,31467.419446
1109.928911,1000,31473.784456
848.249845,1000,31496.560024
-7.093691,189,31497.773
307.223572,741,31502.561871
418.684443,1000,31524.565262
278.601923,616,31528.500081
-51.309109,145,31529.425372
-330.196082,1000,31550.544608
724.233344,1000,31556.921883
539.86753,1000,31579.47584
799.007569,1000,31585.834509
389.781176,675,31590.094541
826.175751,1000,31610.730208
749.123763,1000,31617.131439
123.408804,363,31619.46849
837.77604,1000,31641.26896
-313.803389,1000,31647.612753
-431.231104,416,31666.418329
967.575657,1000,31672.732703
435.976303,1000,31694.530821
1014.274251,1000,31700.856082
809.757493,1000,31721.895138
573.421765,720,31726.462938
571.463984,1000,31732.793603
73.679196,283,31749.187575
-172.737236,943,31755.166259
883.437638,1000,31774.122144
1211.519974,1000,31780.570166
683.498043,1000,31800.723398
547.031661,1000,31807.174267
717.272169,1000,31813.512144
661.863473,1000,31833.756146
870.103686,1000,31840.278649
123.536736,260,31855.777036
-49.446957,237,31857.27154
667.041002,1000,31863.637659
198.32284,1000,31883.705167
352.13861,628,31887.689608
513.591745,1000,31894.065329
285.434158,1000,31913.394381
367.076208,1000,31919.745335
547.40644,1000,31939.163298
792.854593,1000,31945.614166
-88.765284,126,31960.993175
508.289015,1000,31967.320126
714.955996,1000,31973.671991
382.810693,1000,31994.653547
-190.193134,217,31996.034316
573.545881,1000,32015.387614
637.777843,1000,32021.779186
828.391857,1000,32042.127284
464.941719,1000,32048.602668
692.978867,1000,32069.553923
852.752186,1000,32075.987422
432.086528,1000,32082.405802
485.423128,1000,32102.493638
393.859388,932,32108.464609
234.360259,1000,32129.38292
212.456733,463,32132.309524
642.72318,1000,32153.720474
737.514145,1000,32160.030225
942.59054,1000,32182.034772
692.819256,1000,32188.422928
599.771785,1000,32209.909148
395.372706,1000,32216.275101
388.705705,1000,32238.376806
636.668568,1000,32244.665281
-154.617695,1000,32265.525141
846.613026,1000,32271.907963
845.280962,1000,32293.173772
386.168205,1000,32299.581158
-184.37842,1000,32305.880161
788.186556,1000,32328.147243
1060.147306,1000,32334.526812
939.106712,1000,32353.977937
233.87894,1000,32360.286433
895.720986,1000,32380.766513
230.74366,682,32385.090831
938.414847,1000,32405.168263
1036.466785,1000,32411.579108
861.591842,1000,32433.590946
652.823202,1000,32440.069049
1002.454166,1000,32461.049981
334.296605,589,32464.878613
781.916248,1000,32471.254092
694.947716,1000,32489.84136
784.753447,1000,32496.166729
703.113469,1000,32516.530908
1092.609099,1000,32522.931077
965.412834,1000,32542.614977
608.223302,1000,32548.999024
557.357648,1000,32568.188274
528.136745,1000,32574.576614
51.103541,1000,32594.574103
225.087515,1000,32600.869768
676.70347,1000,32620.212903
618.421094,1000,32626.592192
564.093692,1000,32646.043896
618.175079,1000,32652.509019
846.457642,1000,32672.075869
223.670969,1000,32678.530862
782.689517,1000,32699.985543
-106.420967,193,32701.217631
-235.533966,1000,32707.616382
647.887336,1000,32725.656351
529.914908,1000,32731.986964
148.948792,971,32752.148606
481.892462,1000,32758.464721
16.282764,228,32759.934132
682.583603,1000,32781.146876
933.469826,1000,32787.458565
-124.255335,187,32788.655121
451.635833,1000,32810.154895
765.49971,1000,32816.486101
1011.755246,1000,32835.918397
424.460915,1000,32842.356971
113.019735,254,32856.426152
748.582576,1000,32862.913922
759.517376,1000,32884.324442
-73.260213,240,32885.877467
874.869946,1000,32892.322756
84.773904,314,32894.285655
755.766264,1000,32914.982518
717.481385,1000,32921.424179
1140.81485,1000,32943.767801
693.097046,1000,32950.246236
-16.475875,182,32951.406966
-17.06195,135,32952.266493
390.156741,1000,32972.087526
-143.041282,358,32974.365797
363.740268,584,32978.16503
140.548978,239,32979.689486
800.945872,1000,33001.165693
118.172936,1000,33007.612365
86.542273,274,33024.006356
55.978184,286,33025.847529
765.553633,1000,33032.148241
20.950026,246,33033.745565
56.28471,1000,33054.693281
1045.962098,1000,33061.008041
860.055123,1000,33081.243024
936.305418,1000,33087.640855
695.008984,1000,33108.405169
419.939231,1000,33114.752741
490.220555,1000,33132.162892
828.276108,1000,33138.480062
294.438751,1000,33158.46784
175.004341,1000,33164.773832
236.396332,366,33167.127805
389.409451,1000,33185.746835
516.48075,1000,33192.144349
312.929773,1000,33211.36217
-589.164087,1000,33217.842969
590.031546,1000,33237.539108
762.06971,1000,33243.927806
373.610805,1000,33265.489951
574.319889,1000,33271.811965
849.518712,1000,33292.191292
742.524029,1000,33298.553264
975.223948,1000,33318.406317
529.987324,1000,33324.801332
314.566078,1000,33346.660972
140.333932,278,33348.45555
-145.063495,373,33350.795913
78.1589,176,33351.946686
582.462313,1000,33373.286336
715.957469,1000,33379.618802
133.78205,1000,33400.0287
586.369134,1000,33406.412037
549.200052,1000,33428.350196
633.165227,1000,33434.660806
45.7658,298,33436.559168
3.582855,360,33438.784768
753.759869,1000,33459.131997
-91.716667,312,33461.083434
369.29487,707,33465.554577
326.252754,1000,33486.801718
194.777866,1000,33493.221909
578.674106,1000,33515.205531
413.138664,1000,33521.515243
852.052324,1000,33540.810841
112.572515,199,33542.077348
335.549959,1000,33548.529883
558.6925,1000,33569.670076
1009.479697,1000,33576.037254
905.395634,1000,33598.525151
140.672359,1000,33604.823458
67.212603,392,33621.785105
103.342969,192,33623.031146
17.796014,372,33625.421152
505.160707,1000,33631.798349
1013.860632,1000,33652.99622
537.319317,1000,33659.447314
743.588944,1000,33681.841447
-4.710551,404,33684.387233
484.813003,1000,33690.739111
26.53405,244,33708.32373
452.863427,1000,33714.693548
65.833969,307,33716.638753
744.805811,1000,33737.806853
-30.063143,168,33738.878655
683.423196,1000,33745.264528
799.355065,1000,33764.504821
902.223376,1000,33770.829456
1072.253466,1000,33792.844074
866.701987,1000,33799.10986
248.940257,1000,33821.009567
602.987345,1000,33827.351232
434.270789,1000,33848.863248
660.941433,1000,33855.242664
652.389943,1000,33875.907957
964.084026,1000,33882.376832
692.624621,1000,33903.27069
858.477507,1000,33909.718043
1289.698411,1000,33930.526642
748.012126,1000,33936.842783
192.765353,307,33938.908742
803.5801,1000,33960.117341
804.431092,1000,33966.474349
745.9488,1000,33985.973126
246.560736,389,33988.434348
1022.159099,1000,33994.790112
846.870034,1000,34017.09894
-136.282695,224,34018.546778
216.926347,1000,34040.413511
927.549676,1000,34046.784258
-27.414384,408,34049.39911
244.831654,1000,34068.907442
1.823791,167,34069.986916
142.092159,816,34075.171603
619.011771,1000,34096.604639
966.639711,1000,34102.971217
444.430853,1000,34124.305492
831.956869,1000,34130.663717
653.937819,1000,34153.06532
682.489835,1000,34159.303883
633.710985,1000,34180.990103
331.238999,1000,34187.33879
682.282554,1000,34208.585785
272.260278,1000,34214.934143
389.895746,1000,34236.564418
97.805115,284,34238.495212
1187.510925,1000,34244.789306
38.436286,267,34246.540616
730.114897,1000,34268.239765
48.091792,145,34269.191364
72.597385,180,34270.318582
538.095495,1000,34276.68639
94.07784,330,34292.935449
407.098639,1000,34299.253898
385.526012,1000,34320.370037
133.300234,322,34322.453492
78.390726,260,34324.137937
678.747699,1000,34330.551037
1028.104354,1000,34351.368692
-125.702217,1000,34357.791348
595.789729,1000,34378.533642
1034.210296,1000,34384.846723
537.988138,1000,34405.163625
-58.612935,149,34406.115957
734.771329,1000,34412.374972
-189.493952,1000,34434.419901
974.276556,1000,34440.73307
804.530371,1000,34462.855929
1149.680668,1000,34469.21147
829.107342,1000,34491.484936
470.324963,1000,34497.89861
538.538444,1000,34520.864416
123.72162,409,34523.499875
638.855742,1000,34529.847373
995.554682,1000,34550.28095
153.497755,1000,34556.630397
781.783119,1000,34575.90697
602.044965,1000,34582.232403
884.238135,1000,34601.914029
751.834642,1000,34608.238145
1015.685352,1000,34630.440884
795.431252,1000,34636.820796
1283.196286,1000,34657.805232
-65.240944,1000,34664.131767
1132.660748,1000,34686.681225
-5.709786,332,34688.928977
910.089681,1000,34695.246752
177.844518,537,34711.733522
625.798427,1000,34718.15964
-572.072549,1000,34739.54376
897.11462,1000,34745.81926
199.961591,1000,34764.500726
975.840795,1000,34770.879185
798.98704,1000,34791.460688
-128.368327,98,34792.111865
348.338775,1000,34798.490985
17.525758,190,34799.6503
1145.336316,1000,34821.13291
965.681249,1000,34827.481806
60.220796,406,34830.032779
-23.157495,547,34848.697966
727.584541,1000,34855.034445
856.242172,1000,34875.594383
318.783098,1000,34881.953791
699.305933,1000,34902.169338
874.896464,1000,34908.540334
858.583108,1000,34928.692392
603.582269,1000,34935.036212
734.033973,1000,34956.292691
801.475201,1000,34962.709745
1043.068256,1000,34983.689877
471.506032,1000,34990.07614
1132.370582,1000,35009.075608
417.45881,1000,35015.468572
1.507119,190,35016.678163
956.289947,1000,35037.657728
103.624226,377,35040.066494
960.714988,1000,35046.430638
559.51838,1000,35066.974604
525.786573,1000,35073.296275
893.76219,1000,35094.427246
-39.671209,272,35096.138643
923.952149,1000,35102.523764
941.365585,1000,35121.774909
641.887512,963,35127.919451
919.969198,1000,35148.921428
65.777112,418,35151.549498
656.852294,1000,35171.013707
495.722707,1000,35177.439452
123.983828,288,35179.268196
772.266626,1000,35201.402398
582.660309,1000,35207.712957
838.778541,1000,35229.782039
769.149334,1000,35236.122675
805.633325,1000,35258.326496
522.680064,1000,35264.629702
356.742394,1000,35284.160406
809.044837,1000,35290.615223
138.817987,355,35292.918954
559.285079,1000,35314.797834
311.341508,1000,35321.338449
1201.052384,1000,35342.32932
81.583203,288,35344.159582
246.708263,452,35347.039981
615.483681,1000,35367.39048
509.842941,1000,35373.713036
784.846708,1000,35393.806824
69.54109,225,35395.269107
962.785763,1000,35401.561441
91.482143,259,35403.202201
733.176712,1000,35422.411596
339.609329,1000,35428.605118
756.985475,1000,35449.049333
784.242733,1000,35455.360636
32.044365,1000,35475.875315
716.61836,1000,35482.218199
52.720691,672,35500.530869
433.112122,1000,35506.942281
921.670589,1000,35528.43616
10.250009,185,35529.640241
46.520386,282,35531.378073
618.38303,1000,35537.73022
354.815519,1000,35559.040093
69.909932,279,35560.84023
320.867678,1000,35567.135217
997.150305,1000,35587.420052
941.881104,1000,35593.807238
767.475704,1000,35614.642332
348.121717,1000,35621.083623
651.992761,1000,35640.950419
448.928632,1000,35647.307508
852.084485,1000,35668.528066
-113.127595,394,35671.008278
710.401414,1000,35677.296701
583.657865,1000,35697.380089
249.964151,1000,35703.724886
-198.387617,1000,35724.285858
70.711043,193,35725.516541
863.549823,1000,35731.86243
275.997994,1000,35753.475907
510.753792,1000,35759.823478
1201.189037,1000,35781.461215
724.545813,1000,35787.767869
-13.592941,176,35803.72485
595.871994,1000,35810.079309
969.03861,1000,35816.398744
690.094898,1000,35837.13145
1023.070295,1000,35843.504193
126.810917,289,35858.273848
-701.693411,1000,35864.610385
68.413813,599,35868.406589
-96.575109,209,35869.738881
130.88493,765,35888.617788
609.657627,1000,35894.934612
-56.161686,147,35895.82275
637.329375,1000,35916.498584
82.11273,188,35917.707494
784.555796,1000,35938.174393
613.073817,1000,35944.537133
-113.332756,143,35945.442641
772.936521,1000,35966.101523
854.113219,1000,35972.48452
-388.291962,1000,35994.951317
1027.387593,1000,36001.283937
771.975318,1000,36022.652639
669.077155,1000,36028.958659
687.743331,1000,36035.257143
316.042337,1000,36053.416224
1226.052992,1000,36059.833163
795.279447,1000,36079.002721
711.90376,1000,36085.301586
597.555658,1000,36107.416861
-122.737944,306,36109.374072
979.871591,1000,36130.45635
1110.747857,1000,36136.836987
909.57197,1000,36158.202461
613.919901,1000,36164.546572
399.606129,1000,36186.169855
619.962477,1000,36192.550759
885.268337,1000,36198.813413
937.11425,1000,36219.427181
551.202147,1000,36225.672446
879.705898,1000,36244.92384
140.747077,1000,36251.377314
860.476619,1000,36272.143732
675.649211,1000,36278.581832
506.357076,1000,36300.222915
725.375989,1000,36306.58105
-91.467149,217,36307.992995
962.897228,1000,36327.500167
-7.794767,421,36330.2117
782.362582,1000,36350.14889
653.578349,1000,36356.535414
545.298666,1000,36378.933948
534.221227,1000,36385.231355
135.235737,1000,36406.511264
669.080408,1000,36412.860982
-40.9222,1000,36432.852354
605.271852,1000,36439.264319
-108.796832,1000,36461.218077
735.616857,1000,36467.518432
301.287178,1000,36488.576954
729.860972,1000,36494.846986
14.076576,233,36496.33882
169.627656,1000,36519.215756
662.365603,1000,36525.573791
824.312577,1000,36546.256631
130.937861,385,36548.786223
90.742526,285,36550.560182
81.991171,308,36552.498611
1018.000714,1000,36573.099931
1015.834022,1000,36579.524083
717.802067,1000,36601.244857
841.145429,1000,36607.584419
704.316086,1000,36629.093925
765.66205,1000,36635.432714
499.860617,1000,36656.928152
-83.293034,274,36658.673052
1143.544237,1000,36665.038549
848.711243,1000,36687.499289
519.334481,1000,36693.812546
