#{"t_start": 1785403729.393392, "env_id": "Go2Locomotion-v0"}
r,l,t
-145.183328,725,21.241212
-111.879147,82,21.725317
-265.642158,232,23.186638
-19.129255,99,23.778744
12.75819,115,24.50811
-9.647032,75,24.964527
-11.998145,80,25.446653
14.931511,51,25.772787
6.764298,50,26.071562
0.590896,51,26.406834
1.56549,60,26.776819
-9.787762,45,27.069555
-10.658085,40,27.306691
-5.318164,58,27.677683
-29.702779,59,28.114881
-31.933104,87,28.639189
-38.92825,68,29.057024
-17.094293,60,29.406889
-32.107142,79,30.458307
-5.458651,46,30.709007
-9.955906,70,31.133595
-4.87098,70,31.579778
1.453112,46,31.880941
-7.790322,58,32.252885
-11.70322,56,32.621365
-1.744816,59,32.983401
-4.636514,48,33.301518
-18.767674,68,33.744328
-47.24035,47,34.005661
7.642666,55,34.361838
29.796973,62,34.755021
4.649988,67,35.166926
7.950719,84,35.722717
4.381087,51,36.018048
6.406191,58,36.378541
13.995105,76,36.866302
-1.380774,53,37.159414
8.73329,100,37.799191
-0.814433,85,38.296561
-6.558627,64,38.701006
-62.353297,87,39.243672
39.643016,87,39.78082
3.545685,41,40.05607
30.075738,75,40.534299
12.950938,67,40.953931
-22.201045,91,41.506328
-3.173446,73,41.951196
10.064529,56,42.309575
-3.50437,99,46.316
8.594949,64,46.719338
-21.153748,73,47.1667
13.401855,80,47.669565
-3.20295,59,48.037755
8.572587,63,48.430607
-19.733722,68,48.85536
4.999048,61,49.230787
9.328306,93,49.816143
21.236349,127,50.61277
11.854548,80,51.088823
-6.307602,86,51.593387
-20.284912,37,51.839101
-115.404933,62,52.191901
-10.101668,88,52.698971
-13.417131,71,53.116352
-0.946922,76,53.575585
12.455574,60,53.963532
24.839074,67,54.361797
3.913827,62,54.740055
-7.189198,62,55.135137
22.265014,86,55.690969
13.047977,107,56.340876
-10.022385,78,56.846358
0.001454,48,57.121693
-15.194236,77,57.57578
31.424427,137,58.443426
31.65481,226,62.924641
15.761408,81,63.424212
23.704743,149,64.335814
17.987374,88,64.847569
36.873307,116,65.578875
47.91442,152,66.504939
1.390795,133,67.331821
34.869106,107,67.994333
51.050306,323,69.985241
23.965003,158,70.960751
31.589427,146,71.835859
19.146977,144,72.708558
-14.683292,126,73.513534
56.945091,280,81.922135
1.128361,299,83.756767
21.634484,216,85.088492
-30.913415,88,85.64589
37.120278,245,87.104784
55.486124,186,88.231805
24.291648,153,89.134846
33.596792,249,90.61127
34.693775,218,91.966566
-23.183055,411,100.144296
-23.210417,179,101.168489
-48.175932,140,102.02017
-18.32104,106,102.640797
65.594689,250,104.115006
19.408717,121,104.807721
25.313961,193,105.954261
34.256185,254,107.513463
-109.127663,288,109.21307
13.511793,180,110.247637
10.181907,78,110.715608
40.473277,334,119.615267
49.103053,355,121.651781
60.291864,464,124.28985
-29.902156,61,124.623559
-16.651273,85,125.090451
94.871985,537,128.036278
18.707763,269,129.495343
-66.380495,264,139.941729
46.285492,218,141.167635
25.245171,208,142.327206
-56.197961,289,143.895277
42.11743,338,145.683628
72.105434,843,158.881021
13.352792,96,159.410391
39.818454,507,162.077843
80.621177,1000,167.264118
108.043569,1000,182.370024
73.344638,990,187.383206
102.621789,1000,202.25123
46.504814,188,203.214929
16.592027,87,203.639679
53.059928,1000,208.683447
95.965248,1000,222.800139
29.344743,555,225.551297
84.047282,1000,237.426026
21.886494,378,239.676567
25.228952,184,240.659106
76.675008,681,244.270874
82.593931,833,256.165343
-15.731735,155,256.986428
55.653011,583,259.955641
40.390372,541,262.693064
49.567862,444,265.002525
179.415747,782,278.352215
48.061548,608,281.595001
84.626912,730,295.427644
38.286539,641,298.778977
8.573585,80,299.17257
22.773772,147,299.919425
66.58246,554,302.691454
41.131888,427,304.869864
97.074565,1000,319.871932
49.38672,281,321.374793
-54.65586,136,322.094239
96.686357,1000,335.185331
21.314598,84,335.613968
-59.133167,149,336.38192
64.179998,1000,341.409533
56.165684,488,343.937427
51.202244,1000,358.208575
28.339916,107,358.733649
55.929195,468,361.134145
93.341543,772,372.78524
89.542364,941,377.509096
96.751138,1000,393.072773
100.229833,1000,398.124372
70.600203,569,401.035299
124.954281,1000,415.195321
92.544333,1000,420.227282
28.570147,207,421.276648
24.915222,265,431.889207
-0.966099,290,433.470656
99.693806,1000,438.601277
48.248979,395,440.604593
89.524364,1000,453.84806
51.645274,440,456.068243
73.718157,680,459.605078
97.740615,1000,472.78124
102.089329,1000,477.671855
105.955467,1000,492.295004
54.543417,311,493.842657
97.543348,1000,498.78833
-29.449417,54,506.301806
93.543388,1000,511.379386
105.741579,1000,516.327686
96.594522,1000,531.412851
98.005819,1000,536.340918
62.916025,1000,551.562429
6.989283,98,552.044762
35.342319,377,553.958591
69.328799,314,555.535245
-43.818055,341,565.65996
-16.650098,148,566.413946
101.804734,1000,571.597177
40.776904,141,572.354121
30.791898,165,573.23658
44.48121,305,574.918114
43.289803,302,585.400858
51.097116,288,586.921256
101.568196,1000,592.091509
28.966479,214,593.158686
150.177461,1000,609.028511
-3.223975,217,610.13768
124.507636,1000,615.444726
28.685195,225,616.544399
16.072721,310,628.218937
111.59464,1000,633.556963
67.408535,499,636.190052
89.58632,1000,649.835126
98.376664,1000,655.12783
-63.812538,296,656.663443
36.580326,263,666.217058
49.097318,1000,671.415101
28.418487,186,672.419636
23.421687,148,673.205672
27.200813,243,674.422074
-27.272259,53,674.697313
14.782597,73,675.065548
98.991699,1000,689.981818
40.370211,1000,695.008723
62.79766,291,705.221617
57.961444,1000,710.406941
95.021315,1000,715.490798
11.641735,56,723.776278
90.924643,1000,728.947684
35.646592,291,730.490801
40.709373,515,733.144185
34.136641,241,742.621762
17.781822,258,744.010391
99.573273,1000,749.199882
-42.057234,289,750.666351
32.766516,306,752.244304
39.131869,216,763.216692
24.502856,210,764.310905
60.503892,323,766.014896
13.511093,66,766.365371
32.619067,368,768.324582
43.61253,1000,773.353746
30.612307,322,782.82727
91.502075,1000,787.76668
72.421541,288,789.205344
33.196733,312,790.784572
43.877972,275,801.441029
88.00157,1000,806.56691
60.874121,241,807.826834
62.704083,489,810.294071
10.34202,233,821.001146
42.674334,1000,826.135206
43.511831,120,826.759165
169.406903,1000,840.738572
60.85896,557,843.656245
51.782864,358,845.497506
25.37245,166,846.363217
94.942704,1000,859.547303
29.028618,231,860.763676
53.148654,330,862.528288
52.226922,1000,867.952365
63.413636,1000,882.822139
85.089419,1000,888.012405
35.619796,195,889.017246
96.696566,1000,904.28914
96.20295,1000,909.595624
-119.203862,426,921.58724
96.654663,378,923.603505
-62.046057,135,924.319638
38.99529,1000,929.611593
72.346886,523,941.755645
113.813105,815,945.926646
71.44197,358,947.791658
20.101175,128,948.48836
-11.324166,346,950.346562
118.864637,788,964.794684
65.788078,393,966.844363
98.969293,1000,971.978801
51.337134,378,979.381943
45.665975,289,980.835708
35.213067,230,981.987007
80.353091,1000,987.211943
15.326198,95,987.707218
-93.514056,271,998.858634
22.727795,525,1001.61669
143.987174,359,1003.516213
30.937384,137,1004.262221
55.479921,373,1006.26931
81.857575,1000,1020.670776
96.333845,1000,1025.915294
23.880495,146,1026.717859
102.265949,441,1038.712523
78.602008,480,1041.234092
20.60826,108,1041.782595
82.92145,1000,1047.028058
96.792237,1000,1060.282744
25.644962,732,1064.194165
143.653067,453,1066.600507
102.721258,607,1078.445769
87.701653,759,1082.335776
23.069127,101,1082.862975
73.593675,808,1087.079134
53.664867,602,1099.149097
135.783588,1000,1104.205104
126.263129,742,1116.649323
29.260275,185,1117.613604
-46.738992,105,1118.169502
22.847186,386,1120.150547
53.99955,490,1122.741114
52.94079,422,1124.918826
52.11318,558,1137.760269
86.444299,1000,1143.143262
-19.029953,226,1144.356977
73.615708,423,1146.626791
93.776761,1000,1161.094238
17.147351,94,1161.582133
34.875903,176,1162.521114
87.083891,1000,1176.63353
24.359626,131,1177.326718
92.556465,1000,1182.586484
68.128301,236,1183.890806
93.665781,222,1185.089947
-49.708844,370,1196.569197
93.594046,1000,1201.918795
-40.96403,235,1203.187179
58.655775,272,1204.675741
40.192384,319,1206.287333
-19.087931,220,1217.242076
65.223749,1000,1222.375463
39.767295,232,1223.572729
68.070081,1000,1237.272838
72.331706,1000,1242.472162
42.241721,224,1243.669793
12.594729,68,1244.040154
28.805961,167,1244.924422
73.712918,1000,1257.692009
94.823825,1000,1262.892166
91.363341,1000,1277.954726
77.727416,258,1279.375387
33.955672,117,1279.970438
95.153056,1000,1285.243528
80.742232,285,1298.196935
108.786052,1000,1303.537521
-1.487588,47,1303.814865
89.389534,641,1307.321117
46.247571,280,1317.333841
65.675389,1000,1322.618929
90.063679,1000,1337.251915
18.631649,324,1338.981997
25.577123,1000,1344.192152
42.119532,189,1345.199925
98.398858,1000,1359.387227
14.264469,62,1359.710485
89.787175,1000,1365.112435
95.546574,1000,1380.334168
47.337331,1000,1385.782928
4.748034,98,1386.290493
53.418801,1000,1400.515844
23.833682,342,1402.311041
24.586073,124,1402.968006
91.386174,1000,1417.204386
134.041905,1000,1422.595492
110.552037,1000,1427.839589
48.080759,366,1436.91507
70.081438,885,1441.767373
0.632227,67,1442.111401
35.267402,460,1444.533736
98.973559,1000,1457.924094
57.444466,446,1460.284355
92.021293,1000,1475.771909
22.74847,1000,1481.43319
86.982784,1000,1497.451408
20.39543,86,1497.923819
-22.862444,114,1498.598737
85.295276,476,1501.199435
121.462939,387,1503.276283
87.244005,1000,1518.84322
20.699936,1000,1524.211872
25.190248,187,1525.225387
33.720111,74,1525.657832
113.509582,1000,1538.343121
-24.872044,764,1542.434282
8.446644,44,1542.659336
81.957571,973,1557.871708
57.655219,261,1559.389068
17.447691,151,1560.201879
56.01312,301,1561.852808
51.368153,384,1563.994779
13.577239,70,1564.372215
15.717095,239,1565.734234
39.036679,333,1567.644171
64.563113,322,1578.930678
72.177074,311,1580.742243
107.978174,981,1586.390942
34.823757,300,1588.163583
81.893153,521,1598.931325
-30.287141,247,1600.385776
10.577735,227,1601.684329
-16.570682,249,1603.150493
-10.40705,40,1603.393006
5.394211,78,1603.849153
66.816244,371,1606.030335
97.987982,1000,1621.044114
-105.405625,609,1624.563849
7.609103,69,1624.941
28.949668,186,1625.990933
9.085013,143,1626.806929
88.458115,787,1631.324065
6.824477,81,1640.312191
-12.095124,74,1640.738653
67.048134,554,1643.928053
23.905841,163,1644.905157
-86.923518,146,1645.759376
23.661675,196,1646.889138
51.38507,390,1649.187822
-59.32903,176,1650.238494
34.273429,215,1651.460186
61.07878,403,1661.115435
8.20345,137,1661.90816
17.335392,208,1663.14975
99.837636,333,1665.084907
24.454966,198,1666.25487
73.821313,581,1669.623847
62.343074,469,1682.688787
-0.236705,95,1683.229391
-45.458385,158,1684.193411
22.332534,195,1685.289343
5.455931,148,1686.104148
62.649836,270,1687.701281
25.429969,134,1688.489537
54.539545,348,1690.462343
15.579754,197,1691.588706
12.817292,69,1692.01228
-23.281815,203,1693.212908
50.44826,285,1702.43264
2.464066,168,1703.410764
52.354031,178,1704.477636
-56.464731,124,1705.200533
20.957253,129,1705.957233
76.046729,443,1708.615112
47.115151,290,1710.322317
21.905561,108,1710.918237
74.192199,402,1721.492428
12.400409,70,1721.905365
-79.177914,221,1723.179488
88.30147,241,1724.587656
22.209114,103,1725.184025
53.708248,176,1726.174502
91.563451,694,1730.178709
42.998227,332,1732.145702
10.030201,160,1742.666011
64.146353,281,1744.355582
7.897407,76,1744.793452
28.086456,189,1745.946023
45.869385,142,1746.831721
31.691008,201,1748.02637
44.685125,261,1749.552785
29.388245,190,1750.657579
-31.988689,102,1751.255111
35.001277,207,1752.504804
-137.228459,396,1763.739473
104.754968,326,1765.642931
21.707296,194,1766.774908
95.20848,517,1769.846136
16.34069,154,1770.768074
88.214578,376,1772.9455
78.608914,482,1785.026594
83.121749,481,1787.908429
-114.312934,285,1789.555542
37.556945,181,1790.586559
18.491191,173,1791.567142
35.271675,322,1793.437684
115.397295,1000,1807.414657
13.12168,145,1808.238314
88.582727,712,1812.321803
24.909463,165,1813.31569
102.807046,1000,1827.805975
151.998868,852,1832.916597
22.381137,165,1833.880914
84.888147,345,1835.986022
159.3031,1000,1848.038877
59.65328,408,1850.472345
-141.174631,391,1852.768837
20.431145,64,1853.168912
-94.432969,398,1855.50607
117.721015,1000,1870.29594
112.383232,1000,1876.150725
59.525169,269,1885.329999
144.588083,529,1888.509234
89.168553,897,1893.652558
15.034538,141,1894.484853
-22.881731,94,1895.053215
22.458717,111,1895.680447
34.588786,204,1904.504005
163.643389,1000,1910.435175
32.85811,257,1911.967818
18.057603,90,1912.529806
-25.675965,119,1913.224663
42.242395,278,1914.891519
104.50559,1000,1928.655259
40.617833,124,1929.365679
60.178888,340,1931.358904
24.975604,169,1932.287507
-11.865874,153,1933.216017
43.81841,262,1934.70136
73.35779,972,1948.662896
71.767416,422,1951.016575
140.876852,1000,1964.039788
-72.721891,352,1966.090299
97.860187,385,1968.322739
-70.439512,509,1971.230709
148.695764,1000,1984.820439
61.551307,268,1986.386128
-79.976421,66,1986.77828
51.870356,319,1988.648376
30.157445,217,1989.931553
30.076851,221,1991.211841
105.08382,1000,2006.101109
46.933521,283,2007.793342
42.928261,248,2009.253978
37.125343,215,2010.505277
-10.017974,105,2011.072977
26.834414,232,2012.449448
-1.448019,37,2012.649398
75.867702,402,2015.035038
44.765367,371,2026.688647
32.873964,220,2027.969539
40.565576,264,2029.514576
53.259512,794,2034.110003
11.833707,68,2034.526459
1.342063,140,2035.38706
63.155895,233,2036.701049
34.443417,210,2048.170086
105.544361,1000,2054.048579
208.340235,1000,2069.82433
32.548758,196,2070.98486
33.904715,311,2072.835227
198.207642,1000,2078.781639
170.399687,712,2090.645538
36.66419,279,2092.297445
135.869639,1000,2098.36348
23.431955,170,2099.354249
34.465244,272,2100.904
-61.772503,258,2112.455937
36.993496,228,2113.818561
-42.112415,86,2114.347747
147.47631,1000,2120.354248
25.303381,191,2121.485341
-35.987791,126,2122.219232
31.537253,109,2122.882646
63.71247,232,2134.270078
8.254184,66,2134.668139
40.041794,186,2135.776708
29.576121,244,2137.224689
-92.989798,313,2139.05347
164.894461,1000,2144.889984
194.889165,1000,2159.651332
23.561916,202,2160.819001
18.712153,165,2161.831806
51.97232,301,2163.629465
46.533737,156,2164.541962
-165.263902,1000,2179.358932
-95.244825,76,2179.819201
5.888342,62,2180.187946
43.363662,243,2181.66824
36.815225,224,2183.002113
3.611649,203,2184.160447
33.443416,208,2185.411287
236.650694,1000,2200.532359
147.697021,1000,2206.481646
153.488001,1000,2221.016968
141.473788,1000,2227.002473
-11.923434,90,2227.524276
17.941626,99,2228.136869
35.969281,274,2229.721542
142.45008,856,2245.362836
-103.189413,284,2247.077419
76.982077,241,2248.601735
4.570149,137,2249.431256
25.812671,163,2250.42548
100.215348,236,2251.831022
277.601621,1000,2266.238169
-1.798567,105,2266.817766
16.724779,66,2267.231782
230.370689,767,2271.770904
30.352676,191,2272.906587
24.28648,193,2284.32201
26.429059,132,2285.166532
41.667133,184,2286.259286
161.973377,1000,2292.248132
70.824975,276,2293.88819
92.342927,357,2296.087128
75.535885,311,2306.151312
79.539497,274,2307.787003
-30.43645,49,2308.114357
46.574587,217,2309.442677
-61.825432,219,2310.794899
-48.527742,232,2312.192237
110.210009,476,2315.125781
23.337512,184,2316.26154
110.082319,440,2328.640807
246.492026,1000,2334.762854
29.437109,183,2335.87372
58.036498,218,2337.183722
53.28491,245,2338.727434
76.765243,458,2352.48229
88.661713,383,2354.796661
32.430898,239,2356.258386
-85.012157,204,2357.449454
-52.126017,215,2358.775355
33.512092,220,2360.076246
43.618774,245,2361.56251
48.247486,241,2374.573172
41.631618,296,2376.33881
34.957694,256,2377.846194
61.618591,311,2379.680741
44.79915,261,2381.250953
54.167545,212,2382.535787
-65.158488,194,2383.685241
-52.607766,226,2385.061829
116.005763,327,2395.223666
21.212045,210,2396.443264
112.05163,297,2398.292604
99.934693,376,2400.567389
86.673731,293,2402.376329
104.278992,312,2404.262115
-16.565136,148,2405.218087
118.280462,248,2406.749525
88.142015,284,2417.018122
-64.536239,195,2418.255146
47.508207,330,2420.298494
82.274283,395,2422.719878
46.56351,230,2424.154845
-16.168689,161,2425.165055
-258.894141,664,2436.69969
-29.035308,214,2437.970111
29.58594,190,2439.111201
245.106342,1000,2445.189304
23.916436,115,2445.885597
27.590871,253,2447.389714
124.650102,1000,2464.946411
-20.352787,1000,2470.843086
188.165097,1000,2484.474798
64.326567,391,2486.883097
-42.081355,124,2487.635943
38.619672,198,2488.870801
9.632495,74,2489.339962
51.283366,186,2490.476361
-23.543946,103,2491.052689
72.497239,260,2500.62217
79.711377,286,2502.363846
69.425833,463,2505.161782
63.82371,335,2507.165134
137.967743,235,2508.609171
65.415973,325,2510.577278
37.83443,188,2511.714652
307.249227,1000,2528.30531
85.835862,278,2529.988116
26.317211,214,2531.287096
51.247191,189,2532.411464
53.749897,294,2534.178108
56.868849,176,2543.086431
-56.973936,244,2544.543927
136.801054,312,2546.418159
105.056485,244,2547.922206
-23.50002,195,2549.135362
-39.204957,256,2550.6888
73.496688,339,2552.712834
-62.51674,215,2554.013414
41.559673,220,2555.293925
59.042389,234,2566.900529
41.106493,261,2568.425769
90.184954,307,2570.264472
-11.310822,239,2571.697798
46.928643,258,2573.265061
20.145734,207,2574.488471
131.03735,213,2575.769336
97.655479,385,2587.306082
47.123887,248,2588.843488
53.386313,241,2590.283636
32.795257,228,2591.660874
196.700115,474,2594.517011
13.76121,84,2595.009621
93.729823,339,2597.035054
22.051508,266,2598.589186
40.70839,194,2609.851034
206.559876,1000,2615.813165
202.180145,338,2617.828474
23.444183,161,2618.815413
38.185613,224,2620.168445
-199.898521,700,2632.351212
128.048931,362,2634.609942
23.030281,118,2635.317439
150.493459,490,2638.34626
-63.89696,269,2639.947131
138.596963,458,2651.80873
44.698663,217,2653.108526
136.683467,481,2656.048585
131.637041,309,2657.939369
134.883246,380,2660.232375
37.68281,201,2661.428036
35.525068,259,2662.954455
154.438964,468,2675.6562
-40.691069,296,2677.452202
151.168543,291,2679.193122
69.097309,136,2680.0013
-36.620124,268,2681.628912
9.674493,65,2682.018274
71.60405,245,2683.45873
66.981734,219,2684.7898
42.269658,163,2685.759743
55.894024,248,2697.763154
-8.671737,50,2698.074107
40.908929,234,2699.526833
168.340955,427,2701.992787
104.125542,233,2703.36213
76.810444,422,2705.833296
78.897783,341,2707.838061
84.573979,358,2719.01477
63.724275,215,2720.29125
199.08925,850,2725.281952
78.191558,265,2726.829827
157.000006,458,2729.590227
112.186964,420,2740.506333
73.428378,224,2741.854928
71.636154,226,2743.192063
-23.476073,116,2743.898963
68.059241,230,2745.292969
46.562294,229,2746.671726
64.843089,193,2747.867903
88.865145,202,2749.037507
120.23746,316,2759.036887
65.679778,282,2760.751969
26.245894,160,2761.676238
58.54763,130,2762.470972
26.171873,216,2763.737876
45.070733,232,2765.132303
-29.800774,129,2765.905914
139.665731,382,2768.145729
53.475319,219,2769.405831
66.801602,200,2779.118685
36.763455,210,2780.378022
78.653039,268,2781.995745
78.340242,416,2784.509825
-87.423165,286,2786.20063
49.529002,168,2787.220515
33.727592,221,2788.574543
84.117724,270,2790.155967
43.701987,176,2791.209534
135.404623,423,2804.731784
2.764986,175,2805.734138
76.207335,298,2807.751769
-67.738153,262,2809.262078
69.576808,253,2810.757548
49.604946,159,2811.833956
55.906704,202,2813.137
118.962136,287,2814.843425
64.025129,200,2827.015796
-23.57873,154,2827.966509
-72.853509,163,2828.918615
55.645898,238,2830.293266
-11.461459,102,2830.916405
46.945051,176,2831.930228
71.436407,224,2833.283502
88.061643,248,2834.771788
35.208732,264,2836.351251
54.611756,196,2837.52781
45.278196,173,2847.20549
39.055416,232,2848.683573
74.222068,187,2849.785686
79.905616,274,2851.390955
71.916669,181,2852.487394
153.689675,450,2855.202909
30.10528,127,2855.959359
7.241597,75,2856.435308
99.560935,251,2857.90736
-67.79666,153,2858.85202
44.205215,152,2867.359682
59.553471,168,2868.381001
48.191027,227,2869.725886
42.201667,231,2871.13065
33.001755,168,2872.145753
-88.355519,195,2873.309498
59.764237,405,2875.733309
23.85748,128,2876.512793
128.939086,304,2878.468379
-7.748279,118,2890.184309
23.362067,175,2891.229098
29.307693,162,2892.241213
-40.347559,61,2892.615076
-43.407287,157,2893.554371
72.559344,238,2895.035441
-22.08362,50,2895.349603
53.131232,294,2897.127539
101.690108,246,2898.648763
35.114749,218,2900.007129
33.559324,214,2901.290846
129.029178,532,2914.064839
40.322043,178,2915.159674
51.990976,219,2916.449062
106.347224,262,2918.117388
-28.050528,37,2918.323039
38.252926,228,2919.744341
-64.688933,170,2920.74206
-63.377963,164,2921.768263
92.336131,243,2923.236796
83.306446,398,2935.295167
-105.976686,365,2937.52111
128.640319,376,2939.922752
71.354198,292,2941.699605
53.022849,190,2942.828779
50.333088,148,2943.72549
-60.01993,199,2944.955841
-20.936571,111,2945.645786
88.471993,365,2958.363399
36.008936,101,2958.94688
43.868161,292,2960.679694
94.972873,305,2962.498003
44.266741,422,2964.984876
85.566531,223,2966.318265
65.940897,277,2967.906728
176.117084,672,2981.852932
49.126511,199,2983.056127
199.068858,808,2987.827477
42.233957,219,2989.140389
86.278244,217,2990.422604
51.738237,192,2991.57954
-60.256327,210,3002.104937
46.522888,164,3003.085684
-35.303689,50,3003.385323
105.537698,302,3005.250401
114.248473,210,3006.524242
44.997648,186,3007.634926
31.596476,149,3008.519497
101.291996,340,3010.569929
-123.244062,579,3023.896142
35.922788,181,3024.972323
78.438231,294,3026.782304
62.07877,211,3028.032618
78.652867,488,3031.107271
24.642155,175,3032.193596
53.857764,137,3033.025547
82.821203,256,3034.564708
114.183882,309,3045.123359
-71.675468,243,3046.576593
53.056624,218,3047.905639
63.515451,199,3049.13308
133.997029,422,3051.627461
71.923698,233,3053.075537
105.730039,299,3054.895561
59.296891,281,3056.556183
123.496246,389,3068.457378
38.085032,189,3069.560877
141.330028,258,3071.087218
137.492782,493,3074.02726
-144.912445,225,3075.393418
42.527036,197,3076.583444
77.650961,290,3078.375158
47.313446,277,3088.648365
58.887667,325,3090.581949
33.57098,116,3091.259238
-8.123086,230,3092.592318
85.364531,296,3094.311103
-95.063935,258,3095.819193
65.527043,163,3096.799273
66.798076,147,3097.663855
11.848639,259,3099.208056
68.184523,190,3110.464605
35.943205,222,3111.796504
-16.254599,151,3112.656055
67.597091,163,3113.604758
32.846254,131,3114.375076
155.427465,436,3116.970468
62.15909,218,3118.25239
95.879149,282,3119.966805
50.08653,236,3121.358649
16.33527,67,3129.298482
31.187476,152,3130.184042
192.836234,592,3133.756241
73.833992,313,3135.608174
3.401487,57,3135.943446
-13.056647,503,3138.914461
25.850734,199,3140.092447
30.169723,203,3148.526358
36.157839,169,3149.54447
33.485727,205,3150.834257
24.055408,130,3151.605135
270.903246,773,3156.266348
53.888204,296,3158.040779
14.621684,87,3158.584768
77.633814,350,3160.689965
16.781502,115,3169.1098
136.613229,262,3170.701286
18.134292,439,3173.346902
37.010666,242,3174.803487
41.664096,204,3176.007712
-10.145759,231,3177.355193
-6.410114,199,3178.678746
23.905216,300,3180.411537
45.677703,229,3190.780279
123.701017,287,3192.482975
54.356964,234,3193.896578
45.331694,141,3194.7279
58.073093,195,3195.917596
-80.656468,202,3197.132576
69.31612,246,3198.621039
75.378731,236,3200.03552
50.871517,197,3201.232319
96.663779,230,3212.43874
121.19054,294,3214.195554
38.708105,221,3215.5491
153.482168,456,3218.329484
73.544417,301,3220.171734
94.350349,241,3221.664125
21.450479,106,3222.336543
16.815806,95,3222.884962
61.659224,197,3224.080572
43.809118,251,3233.062459
-33.616416,58,3233.434228
46.864743,214,3234.768168
34.949824,110,3235.404789
129.553511,397,3237.841369
40.436091,231,3239.380676
34.812037,186,3240.538078
82.786091,402,3242.94876
63.353764,273,3253.126711
130.211466,574,3256.61267
154.839501,786,3261.350638
43.799502,301,3263.175242
266.100109,1000,3278.403111
-4.655063,218,3279.777579
-36.729792,74,3280.241206
55.055359,236,3281.672362
155.550621,500,3284.750455
-45.457105,214,3286.082342
48.251852,225,3296.609079
43.987664,225,3298.058939
69.399906,304,3299.973707
103.46095,253,3301.535485
33.305304,183,3302.679672
3.450452,187,3303.839699
-72.143108,218,3305.141878
3.233144,190,3306.321257
208.524412,702,3318.770006
201.355982,1000,3324.927106
39.879635,224,3326.341294
168.516973,572,3329.846876
-32.06122,224,3339.436359
103.384732,383,3341.81792
45.848246,192,3342.996034
28.415509,182,3344.120685
92.615583,318,3346.089046
69.06964,366,3348.345471
38.004945,206,3349.615176
95.318451,358,3359.311686
65.485957,315,3361.245329
72.623122,296,3363.070904
45.225356,210,3364.31439
44.824422,277,3365.998196
37.956622,174,3367.060937
18.273683,110,3367.736341
143.621689,524,3377.927127
45.801746,232,3379.382354
24.066433,229,3380.757112
32.189489,247,3382.282511
-20.757879,101,3382.89946
42.289838,201,3384.130554
-9.053957,184,3385.238056
67.370674,246,3386.745239
147.362785,684,3398.954843
106.062319,371,3401.133195
-13.818064,311,3402.989694
9.902823,68,3403.387684
126.131638,444,3406.002841
47.667975,218,3407.268647
41.226086,286,3408.976099
234.023687,1000,3423.614104
15.383598,97,3424.212881
49.305759,228,3425.561706
188.370731,679,3429.741937
37.100716,222,3431.068469
69.084758,266,3441.437762
59.756605,228,3442.804147
51.563166,286,3444.529968
185.094381,656,3448.665931
-19.887617,240,3450.106725
86.08851,388,3452.477787
-23.846481,211,3462.915375
80.926182,202,3464.142896
82.459556,237,3465.570264
108.745182,318,3467.480872
122.242023,551,3470.824144
103.647698,370,3473.01596
-52.008078,202,3474.219413
-46.34952,231,3483.21842
99.790152,299,3485.040809
31.405377,132,3485.863452
54.5537,244,3487.361049
166.296705,513,3490.442779
42.988219,262,3491.975641
56.456991,153,3492.867226
46.158708,180,3493.942104
35.737165,272,3503.173104
40.464199,195,3504.333926
12.078125,106,3504.949454
73.830261,162,3505.912876
244.704799,744,3510.472235
226.418859,1000,3525.105341
272.345551,1000,3531.195793
37.094293,250,3532.73389
117.291537,250,3534.269008
37.57223,229,3545.422964
63.77032,307,3547.213981
147.227551,417,3549.813455
185.424039,590,3553.382372
11.482382,77,3553.837981
50.91269,291,3555.666238
106.873336,293,3565.248839
-15.592238,494,3568.261857
128.549786,688,3572.549527
94.509014,521,3575.672523
109.818304,273,3577.346291
105.598426,658,3590.650871
64.156926,333,3592.671741
-82.044236,285,3594.394851
75.137365,357,3596.586774
-27.259183,201,3597.808158
140.040786,579,3607.710169
41.766841,199,3608.951228
24.736164,193,3610.156451
57.822004,249,3611.691162
-0.806903,80,3612.156811
51.634948,198,3613.372643
43.194273,181,3614.492909
86.070805,193,3615.667945
52.149153,212,3616.980689
467.760631,1000,3630.225209
-89.853925,233,3631.649833
43.790815,197,3632.848717
-16.623381,144,3633.715488
98.420723,175,3634.767226
41.139152,171,3635.821956
39.854616,235,3637.229957
19.215301,116,3637.932761
-3.040034,60,3645.796462
35.559003,203,3647.036865
108.292238,403,3649.569951
70.584604,322,3651.57749
60.006954,403,3654.043036
118.515334,308,3655.927713
34.605141,199,3657.141433
125.06498,433,3669.09798
28.959851,175,3670.136665
25.686574,128,3670.925581
27.603468,116,3671.627477
-9.896201,46,3671.917526
-74.784823,189,3673.079982
15.412152,180,3674.211211
79.582363,356,3676.373152
-45.649462,200,3677.597262
238.692,646,3689.707606
67.081913,245,3691.204124
149.351983,562,3694.698002
194.288025,1000,3708.20752
64.540223,328,3710.257276
54.815415,212,3711.591632
-34.98276,482,3714.506509
51.91384,310,3716.397166
57.796864,229,3717.823161
170.770585,724,3731.73615
151.706108,362,3733.990568
66.463784,262,3735.590923
49.307387,273,3737.277488
71.322043,235,3738.753578
57.739925,194,3739.936829
29.597061,511,3748.233228
14.26063,93,3748.90005
41.901426,178,3749.994404
-18.381177,50,3750.297472
37.365966,222,3751.618007
10.340289,69,3752.075111
79.498866,349,3754.224651
9.834284,82,3754.738698
158.736785,424,3757.381262
149.166355,819,3769.664367
-52.172573,1000,3775.752434
10.82197,162,3776.797162
161.654531,1000,3790.623566
187.433081,1000,3796.699029
-25.605712,84,3797.21544
22.925723,274,3798.933298
106.04718,410,3809.463119
53.248133,250,3811.024252
55.165841,221,3812.376686
111.437401,320,3814.374856
101.946761,400,3816.913007
14.378785,217,3818.28227
37.211798,151,3819.220594
73.389554,217,3820.627573
115.741233,352,3831.314236
67.524981,334,3833.422075
42.64979,225,3834.803511
480.090269,1000,3841.06582
43.268048,147,3841.947537
227.209849,555,3853.62481
70.529874,195,3854.793442
50.435216,187,3855.957467
25.229885,228,3857.312317
84.994734,321,3859.254227
67.335363,336,3861.357269
438.124416,1000,3872.560124
30.785826,194,3873.768908
167.161946,455,3876.589013
-51.484332,226,3877.994566
147.206221,335,3880.054437
17.467495,135,3880.869308
27.030915,111,3886.945919
98.420036,449,3889.700492
91.05573,278,3891.398643
58.357514,248,3892.935292
68.188214,433,3895.639573
710.957295,1000,3908.82335
-69.524493,168,3909.848673
106.741079,608,3913.646322
8.866633,263,3915.297707
47.385239,238,3916.764213
52.773866,305,3918.651034
-199.119177,767,3929.527634
80.836292,584,3933.089992
47.115033,275,3934.795319
50.855011,343,3936.905811
71.149899,300,3947.675474
52.750595,338,3949.788016
16.454904,274,3951.499034
88.44838,254,3953.04701
8.215102,298,3954.888679
96.566087,737,3959.472743
-63.795562,192,3968.72094
52.213404,336,3970.839219
47.612346,290,3972.6242
-48.487812,130,3973.44187
71.909655,262,3975.070242
71.277832,388,3977.494312
547.592855,663,3991.270552
164.850237,919,3996.884245
37.98544,220,3998.278706
45.766603,265,3999.916111
147.288026,1000,4015.111549
43.665278,296,4016.926728
156.707857,641,4020.931649
313.353984,488,4023.957
-19.38212,353,4038.181158
170.129363,403,4040.627008
176.469222,715,4045.064363
178.503376,347,4047.152553
140.25694,771,4060.895264
-47.196184,653,4064.899669
47.995104,287,4066.694182
-161.142136,437,4069.365462
59.029938,298,4080.225521
53.482214,206,4081.483748
18.289242,100,4082.097218
49.411883,333,4084.113592
64.246979,339,4086.10327
119.276969,1000,4101.10484
34.121401,272,4102.771302
52.281123,319,4104.719687
353.527955,1000,4110.786564
176.054155,275,4112.423379
147.111019,764,4126.991274
447.053416,1000,4133.06173
509.926749,1000,4149.560635
101.690917,1000,4155.597655
75.455936,304,4157.460291
-115.128182,919,4172.885944
-11.005384,83,4173.366229
51.107878,328,4175.398408
105.654604,728,4179.902149
227.893318,724,4195.07865
620.065088,1000,4201.313125
135.55928,1000,4217.298021
139.507582,205,4218.56806
63.234697,284,4220.296034
70.397329,731,4224.777501
33.235179,187,4225.881624
75.006282,321,4239.672202
51.036172,350,4241.792216
75.182036,314,4243.7004
53.204091,272,4245.376862
55.935644,438,4248.022466
71.665732,430,4250.69467
96.9304,245,4263.774764
6.453575,55,4264.082856
401.643484,1000,4270.190326
75.85991,444,4272.878963
55.419305,389,4287.001498
32.238782,162,4288.016567
77.986587,455,4290.894882
1118.520616,1000,4296.987401
21.174613,75,4297.439943
64.091968,289,4299.197902
-153.342557,218,4310.739049
38.420524,202,4312.053754
68.216879,681,4316.289066
91.67872,318,4318.226243
120.627702,324,4320.293841
771.297734,1000,4338.842646
147.751831,838,4343.987089
67.691972,439,4346.670899
46.64802,274,4357.783588
79.325511,314,4359.685473
586.880859,1000,4365.838269
52.357395,221,4367.193796
76.995172,349,4376.665515
-14.759158,306,4378.55316
61.506449,608,4382.349688
7.923533,77,4382.808432
81.496894,509,4385.884682
89.290048,422,4388.511824
174.409553,584,4401.762115
53.427625,361,4403.948357
96.142122,180,4405.066874
83.470056,544,4408.437481
187.37155,366,4410.761667
103.717416,417,4422.430129
286.661886,494,4425.52301
139.205394,795,4430.307129
478.328892,1000,4445.037132
266.334361,444,4447.783256
113.900025,438,4450.423549
67.494487,367,4452.695468
94.804229,414,4464.906384
36.99608,219,4466.222395
33.560923,223,4467.633617
-185.5666,502,4470.718281
51.219891,254,4472.260588
124.785235,160,4473.271079
70.880159,414,4475.82735
65.717193,375,4486.611996
65.405096,458,4489.405206
147.64725,283,4491.174883
40.516386,566,4494.622293
-76.484009,1000,4511.176168
18.770647,143,4512.05315
30.553452,224,4513.445087
120.20791,539,4516.702711
620.239137,1000,4534.565977
59.981304,416,4537.13436
21.839027,151,4538.079164
94.280799,274,4539.7665
67.805361,533,4543.10041
26.384356,134,4543.982767
-100.223107,269,4553.604486
91.688905,235,4555.017279
91.836307,333,4557.105941
-119.512029,238,4558.577458
-29.252541,58,4559.027009
10.483871,1000,4565.307945
32.626548,193,4575.101326
59.948683,346,4577.285867
6.684622,123,4578.068782
-1.643884,93,4578.653575
-66.373747,1000,4584.863907
1002.168251,1000,4599.162792
0.754308,194,4600.386829
37.676503,209,4601.679736
-10.850138,191,4602.906402
178.739921,388,4605.314165
68.516143,658,4619.539012
-30.882406,143,4620.425027
65.386939,219,4621.771156
-26.83592,186,4622.952708
114.690133,1000,4629.235978
16.592134,55,4629.580593
134.52512,291,4641.578768
659.711604,1000,4647.800459
50.108333,249,4649.422257
72.649318,314,4651.335242
494.509769,1000,4666.466582
225.183185,374,4668.842636
63.833632,253,4670.390954
-36.347113,243,4671.893456
79.709202,324,4673.851974
47.826194,237,4675.343193
139.991968,475,4689.286798
392.77796,1000,4695.467534
78.584585,248,4696.962173
98.839834,282,4698.702811
240.469393,784,4712.191123
107.013179,328,4714.194854
739.179311,1000,4720.409059
98.969365,251,4732.632746
125.228029,565,4736.129326
59.925458,335,4738.171668
33.417969,175,4739.324722
40.753438,230,4740.6913
88.013649,378,4742.971688
555.504266,859,4758.110527
-52.649815,345,4760.221681
78.490748,371,4762.482232
203.946264,618,4766.291548
67.444001,361,4779.32809
100.470307,1000,4785.434557
447.208225,1000,4802.61308
70.076065,256,4804.196887
108.679074,481,4807.182861
161.939217,1000,4813.26262
708.282425,1000,4829.40714
-106.722121,1000,4835.468826
712.510797,1000,4851.750394
893.994442,1000,4857.990265
569.437697,1000,4874.495518
138.854581,1000,4880.63625
84.993412,355,4892.9527
180.931334,462,4895.715575
27.925785,151,4896.623436
721.985829,1000,4902.775019
773.052078,1000,4922.052512
89.871464,493,4925.001174
64.243845,1000,4942.130505
991.070773,1000,4948.221855
54.650854,313,4950.274085
770.684309,1000,4968.655669
66.343141,341,4970.709641
75.679931,352,4972.906884
399.296032,1000,4991.792543
382.106331,865,4997.205472
90.091762,455,5000.056672
443.195819,1000,5015.706181
78.506036,277,5017.412907
59.061218,415,5019.942355
191.08243,391,5022.40501
451.326746,1000,5037.895175
89.735115,305,5039.944352
170.818207,1000,5046.245659
175.768281,392,5060.708878
24.689115,103,5061.325103
-332.283792,1000,5067.636294
75.968364,221,5069.105739
43.420058,253,5070.71444
17.478643,242,5072.251055
46.895347,300,5085.650565
614.602066,1000,5092.01317
11.127506,96,5092.655645
251.505463,735,5097.316333
870.909219,1000,5113.633211
1253.143771,1000,5119.968506
81.269219,305,5131.293597
61.890099,285,5133.053844
-73.296697,590,5136.714722
-7.629661,69,5137.145528
850.137951,1000,5155.243012
-48.268454,253,5156.826004
10.169257,66,5157.255318
22.46514,73,5157.693626
101.278129,236,5159.233708
54.482277,226,5160.587563
42.641766,221,5161.954164
30.145573,227,5163.346824
533.016611,1000,5181.67452
23.415693,163,5182.698999
30.394861,162,5183.736889
947.244903,1000,5190.067974
810.476136,1000,5205.260645
48.690062,296,5207.170264
197.119565,442,5209.951698
654.312779,1000,5227.279023
132.130907,453,5230.143061
668.390534,1000,5236.458888
78.398029,373,5250.278348
-63.52579,218,5251.603202
72.746345,466,5254.52715
19.676541,87,5255.052761
255.2762,445,5257.822406
106.48802,719,5262.242831
121.38798,262,5274.934425
66.177987,318,5276.901564
75.096593,283,5278.683731
89.226208,316,5280.696572
95.580003,882,5286.165523
55.938003,138,5297.326604
9.846544,129,5298.148215
111.028727,243,5299.679735
91.142253,315,5301.65873
60.132319,433,5304.391107
77.5281,351,5306.550705
63.709193,372,5308.938296
557.95748,1000,5325.886083
561.560712,1000,5332.159775
70.195689,375,5347.556066
139.396966,226,5349.00546
93.626471,228,5350.393053
103.941046,330,5352.450107
162.455435,550,5355.821371
153.409632,793,5371.989618
42.868475,341,5374.102269
27.736543,103,5374.749326
690.89736,1000,5380.993737
38.249395,189,5382.17309
68.229091,338,5396.86457
622.054563,1000,5403.244149
227.760489,309,5405.181042
89.477086,801,5421.530927
719.632826,1000,5427.797496
670.313875,1000,5445.203897
67.257348,403,5447.703476
78.601236,254,5449.317073
42.344301,195,5450.54674
287.512525,519,5453.797864
78.788669,292,5455.639416
105.820407,242,5468.51032
40.745484,191,5469.716437
736.478117,1000,5475.928912
48.231038,208,5477.218624
53.833211,213,5478.581227
77.804161,282,5480.335745
172.164249,478,5493.597943
802.059861,1000,5499.81139
22.757627,137,5500.682544
134.515744,230,5502.130373
32.002165,190,5503.32082
52.462281,213,5514.784393
81.472729,326,5516.765371
911.089386,1000,5522.983739
53.417981,194,5524.206034
83.479605,385,5536.720965
142.313264,671,5540.907824
629.653099,1000,5547.063173
52.965084,174,5548.158826
28.48794,164,5549.244205
129.689787,443,5561.707912
55.22136,442,5564.493779
616.59634,1000,5570.789641
20.702846,204,5585.628591
72.621387,315,5587.609013
674.882198,1000,5593.857562
49.218055,205,5595.183678
-97.210386,310,5597.070413
81.179821,199,5610.622066
102.20406,209,5611.946269
101.761167,465,5614.813955
78.868181,341,5616.887309
749.170971,1000,5623.20482
97.561477,245,5634.850363
24.016633,94,5635.423848
187.510813,683,5639.821806
108.188965,398,5642.285859
82.33491,267,5643.90552
120.803213,297,5645.733018
651.898918,1000,5662.161487
101.588352,351,5664.347381
16.277092,59,5664.716214
-170.7479,1000,5681.317909
138.664831,364,5683.551909
99.92034,338,5685.711527
187.062965,666,5689.863914
664.110951,1000,5706.25221
44.777244,261,5707.858334
82.99292,305,5709.765199
48.22296,162,5710.762181
-98.429041,255,5712.337651
34.828727,209,5713.616475
167.04843,457,5727.990301
-28.316902,365,5730.370232
11.71976,77,5730.821294
319.538755,446,5733.53791
186.789016,618,5737.355814
122.623123,342,5739.48403
123.575484,429,5753.026685
378.62652,648,5757.034384
95.655893,259,5758.615403
1.297998,56,5758.996391
111.374679,237,5760.537993
64.580176,224,5761.858561
214.85943,572,5777.707161
-20.77168,206,5779.006064
64.672798,180,5780.139191
45.667064,204,5781.384904
32.744506,145,5782.307323
424.079073,590,5785.95981
102.364328,409,5799.850342
41.854545,223,5801.307203
26.525479,128,5802.111452
589.010068,1000,5808.305602
120.611329,399,5810.829167
636.781797,1000,5827.700251
86.837756,360,5829.945721
804.425451,1000,5845.31931
-50.665851,340,5847.451493
82.950135,204,5848.728551
65.693636,337,5850.880276
18.216324,529,5854.196636
37.544048,199,5855.418958
250.884314,418,5868.007209
60.82676,256,5869.614699
27.265405,259,5871.241849
26.832199,169,5872.314279
114.438045,324,5874.315441
116.023716,469,5877.213791
132.882296,256,5878.824041
99.390401,365,5893.510678
155.692936,364,5895.82912
98.568597,233,5897.259305
767.177792,1000,5903.547814
115.154835,349,5905.685754
790.413258,1000,5922.137094
-14.299091,1000,5928.4006
136.09767,472,5942.6295
-21.53382,114,5943.333384
866.053836,1000,5949.522925
-68.7986,266,5951.188916
-50.426061,142,5952.068113
38.00484,244,5964.957271
170.058103,395,5967.419305
-11.985063,109,5968.103567
134.678394,546,5971.565925
497.128433,1000,5989.126985
121.790449,1000,5995.353064
712.324601,1000,6013.090754
101.809064,220,6014.451923
-558.209002,1000,6020.678944
115.550677,486,6023.689569
158.204549,1000,6041.709084
107.39036,359,6043.980897
144.540256,389,6046.368177
793.043722,1000,6063.262676
181.000106,291,6065.054894
766.707371,1000,6071.326657
824.518711,1000,6090.350653
102.481348,294,6092.158977
55.038833,154,6093.084471
-25.868523,101,6093.738996
75.556759,255,6095.308039
130.208504,437,6098.068803
278.11968,552,6112.623192
207.238592,291,6114.502012
235.244234,691,6118.887108
80.293311,222,6120.388436
102.478364,492,6134.974401
132.418434,320,6137.022574
1011.250919,1000,6143.304331
515.060378,1000,6161.099415
70.552567,243,6162.66096
956.899055,1000,6168.971982
170.175947,318,6170.977867
69.444015,301,6184.927942
23.720087,460,6187.890175
-200.504382,506,6191.115582
66.377249,174,6192.231418
64.041377,301,6194.173135
77.745814,216,6195.546715
722.424661,1000,6212.677429
77.24879,129,6213.509237
827.068253,1000,6219.820916
21.326249,283,6233.669797
107.143829,288,6235.484778
35.930193,236,6236.982644
57.155748,211,6238.31814
63.161908,266,6240.078356
631.128434,1000,6258.148803
703.426148,1000,6264.464687
547.68188,1000,6281.564397
67.690031,245,6283.130958
772.850827,1000,6289.445769
46.130668,161,6290.459278
166.119166,328,6292.528469
601.942497,1000,6309.497969
772.943555,1000,6315.855485
389.645461,1000,6334.151217
115.215028,348,6336.396719
28.172408,141,6337.277843
113.251981,283,6339.002932
89.331643,315,6340.952523
222.590149,1000,6358.969718
58.178857,187,6360.248234
536.996737,1000,6366.556443
264.399352,869,6383.06731
67.273273,271,6384.715827
22.867227,110,6385.421381
73.984444,205,6386.713406
723.797989,1000,6404.158785
708.602893,1000,6410.379453
115.403649,225,6411.831046
-78.745263,258,6413.450026
240.915443,1000,6430.956446
67.678369,227,6432.368803
119.264005,426,6435.051047
66.167933,243,6436.550282
163.7382,284,6438.273695
46.569545,220,6451.024197
56.562508,183,6452.196619
57.38873,180,6453.335063
84.434185,312,6455.293196
48.777437,146,6456.196127
7.602156,202,6457.481645
-102.924039,278,6459.232802
68.89101,191,6460.429017
608.508452,1000,6477.117105
645.216044,1000,6483.463844
88.790745,165,6484.51729
163.398062,541,6498.545189
-75.59874,248,6500.114985
79.217967,308,6502.051927
501.268136,1000,6508.262951
66.913688,429,6523.84787
966.819551,1000,6530.102811
79.834499,424,6532.711144
62.212625,305,6534.602263
198.699296,394,6547.576558
47.631973,115,6548.320252
179.734363,289,6550.188172
45.499719,198,6551.447401
64.984258,143,6552.345466
505.715505,1000,6558.494183
59.2275,264,6573.187998
88.662951,299,6575.068878
83.241562,213,6576.446366
-23.020085,113,6577.139232
1086.226111,1000,6583.453626
96.337408,229,6584.928273
55.418832,258,6597.13284
-49.217241,114,6597.816098
59.308285,149,6598.794157
639.779947,1000,6605.138836
15.551438,245,6606.681518
-44.653022,649,6623.012377
589.428067,1000,6629.449956
35.777267,147,6630.356186
80.8557,241,6631.877445
284.158537,581,6646.903223
56.797865,208,6648.214733
74.293717,169,6649.31744
161.631989,712,6653.772403
491.682896,1000,6671.60524
26.889365,87,6672.09962
586.148732,1000,6678.43325
203.515731,1000,6697.391109
217.189245,991,6703.661459
27.505439,1000,6722.278949
83.897091,286,6724.074213
606.829693,1000,6730.265852
40.26428,218,6731.592896
128.407807,375,6745.654776
32.978365,228,6747.096739
730.337533,1000,6753.52447
311.407073,607,6757.325178
77.206669,240,6771.848059
61.649876,233,6773.323224
50.597422,265,6774.988824
588.62325,1000,6781.403999
79.904092,420,6783.954254
77.295823,158,6795.152529
532.145587,680,6799.432013
195.767965,735,6804.054545
88.081968,319,6806.075931
335.216365,1000,6824.075561
54.48752,242,6825.602395
-300.349869,995,6842.606684
58.586997,204,6843.93236
528.917554,1000,6850.260822
361.78561,587,6853.992333
74.222587,242,6855.490566
256.667188,1000,6872.939213
15.146881,100,6873.58697
159.134341,366,6875.847582
-20.753258,107,6876.565037
203.819791,1000,6891.762521
37.928306,148,6892.700722
67.047077,201,6893.973747
108.958657,709,6898.427886
10.420933,214,6899.921659
757.493761,1000,6916.772657
4.161075,115,6917.508868
36.111467,185,6918.68324
93.885732,260,6920.362507
725.053148,1000,6937.897913
345.788708,938,6943.906182
729.496682,1000,6962.112501
150.415412,302,6964.026648
198.118599,398,6966.517848
23.679463,180,6967.679433
808.99816,1000,6973.980313
67.411376,197,6987.256498
85.44816,307,6989.265853
99.927746,349,6991.60925
504.739852,1000,6997.909371
4.197968,142,6998.808161
849.065652,1000,7016.562196
-27.42809,186,7017.739377
476.985794,562,7021.369558
276.859365,745,7037.553545
75.039744,238,7039.068593
-92.722639,275,7040.814704
750.104296,1000,7047.14235
342.269328,622,7063.789618
39.180595,189,7064.998731
51.071624,147,7065.900962
195.006001,355,7068.140441
118.946713,421,7070.877331
52.810709,171,7071.99382
100.001563,246,7073.587827
-63.328781,165,7085.259923
61.950527,90,7085.854709
62.39647,193,7087.101702
83.279963,147,7088.023407
787.266797,1000,7094.393229
793.677212,1000,7112.475201
799.632385,1000,7118.909906
45.270709,207,7120.191622
42.58684,153,7121.141896
509.747397,1000,7137.936954
580.189437,645,7142.130174
222.303035,495,7145.295492
69.018219,253,7158.104949
95.553652,193,7159.325448
14.315819,225,7160.737746
41.958626,127,7161.551338
484.288304,1000,7167.877823
298.801652,911,7183.242415
24.10057,194,7184.476601
719.013322,1000,7190.845701
81.552248,231,7192.311037
108.327112,252,7203.017448
287.366165,1000,7209.403208
223.370863,1000,7225.58062
233.264793,417,7228.243533
-4.636769,96,7228.876921
76.178468,264,7230.618126
954.029171,1000,7236.935072
49.658065,266,7249.361282
204.469421,1000,7255.70973
3.727892,179,7256.843354
85.513692,263,7258.510665
128.066584,349,7260.805908
545.40842,1000,7276.892582
8.124745,72,7277.342327
818.261859,1000,7283.611622
593.647799,1000,7301.594871
41.862971,214,7302.957733
658.132888,1000,7322.905241
6.350204,149,7323.897912
769.219057,1000,7330.385857
375.446909,1000,7350.355613
117.251091,221,7351.726715
47.159764,151,7352.714113
73.893526,201,7353.988199
73.936488,229,7355.440076
66.62465,154,7356.398761
74.992912,1000,7375.669961
619.444247,1000,7382.097829
40.262641,246,7383.674184
423.407368,1000,7404.516066
313.30422,1000,7410.972905
758.905254,1000,7427.490773
303.822822,1000,7433.877693
961.17298,1000,7448.846585
74.711838,185,7450.029082
52.543312,206,7451.341133
991.222483,1000,7457.70192
194.719686,1000,7474.290467
39.497182,149,7475.198451
423.042728,1000,7481.575806
61.229429,177,7482.706503
1077.853047,1000,7498.46976
371.096264,1000,7504.88179
-4.812685,152,7505.808922
1037.648052,1000,7523.298317
431.677398,699,7527.73111
525.834495,1000,7544.690544
79.815832,323,7546.728807
981.643903,1000,7553.058496
-11.713733,182,7561.994625
117.833954,255,7563.681606
34.421221,164,7564.711782
292.869165,377,7567.123958
933.22475,1000,7573.498688
52.731511,250,7585.106968
246.576215,356,7587.373225
44.412108,171,7588.480921
788.053647,1000,7594.853805
532.734843,1000,7609.573075
567.57548,1000,7615.917326
54.98671,165,7616.955269
633.206971,1000,7631.295288
72.362601,126,7632.088031
688.776426,1000,7638.526787
9.104524,117,7639.282212
161.926238,344,7652.27148
233.18645,672,7656.56579
340.443058,525,7659.924854
225.11246,403,7662.492081
206.920363,1000,7675.76434
-4.797778,148,7676.725677
649.080825,1000,7683.091983
809.633293,1000,7698.413465
-96.456711,264,7700.097947
193.029466,1000,7715.793748
465.89281,1000,7722.193523
34.314816,205,7723.50451
982.754244,1000,7734.763155
25.789368,109,7735.482132
321.624111,428,7738.228174
259.395494,827,7743.631155
-11.973718,264,7745.29509
84.139103,261,7756.669645
30.887307,193,7757.914262
73.032222,151,7758.858124
673.89375,1000,7765.232875
72.892815,298,7767.069337
-38.137099,92,7767.655297
51.035973,188,7768.85124
45.322194,246,7775.594967
67.95435,164,7776.662006
46.461866,249,7778.280337
34.320483,173,7779.407678
523.298847,624,7783.339463
-18.868404,107,7784.030838
76.471867,215,7785.375279
-295.676976,940,7798.607434
-143.296125,482,7801.804952
61.123482,142,7802.690104
178.529965,312,7804.681301
-72.024214,174,7805.756496
27.186032,138,7806.699
81.708987,251,7808.269735
795.534191,1000,7821.970856
77.995023,501,7825.189905
21.393512,133,7826.030819
33.624777,155,7826.997347
192.221824,386,7838.968211
78.269536,182,7840.124465
222.03755,359,7842.397249
-59.324673,160,7843.373322
-47.727387,151,7844.350777
20.053415,161,7845.334338
90.954773,224,7846.772886
1.245783,113,7847.496452
691.589552,1000,7861.190672
596.480488,1000,7867.575866
33.606259,91,7868.149247
31.049635,136,7869.021753
1220.607308,1000,7882.659654
181.284351,818,7887.862116
590.211457,1000,7904.716252
402.598228,1000,7911.078595
45.550015,113,7911.811184
898.296645,1000,7927.046865
441.67988,1000,7933.43406
-119.528127,180,7934.575908
140.807049,211,7935.884733
596.617216,1000,7951.862839
49.650251,182,7953.034034
834.462963,1000,7959.375765
-144.969678,390,7970.460441
313.176631,1000,7976.825862
40.549269,177,7977.967056
58.455757,191,7979.185985
11.86925,127,7980.093731
42.881095,146,7981.01634
75.412365,225,7987.248539
385.326266,1000,7993.589
850.401783,1000,8006.915321
109.506451,366,8009.254972
736.686168,1000,8015.676527
97.5338,219,8017.051925
496.758965,1000,8030.273723
72.19883,178,8031.423192
-105.707468,494,8034.609674
36.806438,188,8035.82706
788.250501,1000,8050.76189
58.250512,168,8051.832047
56.152117,152,8052.763443
80.176715,146,8053.685052
165.671617,1000,8060.000542
-255.444259,664,8071.36766
-137.569363,356,8073.608388
727.898597,1000,8079.961066
692.985287,1000,8098.014345
132.882093,262,8099.751489
823.559769,1000,8112.390521
311.56799,1000,8118.829913
-26.083893,213,8120.196568
46.65264,183,8121.34338
18.608697,212,8122.651293
77.433328,165,8123.69918
722.115737,1000,8134.742479
55.535318,133,8135.581764
134.176342,586,8139.300058
325.977384,912,8152.748101
108.159963,187,8153.965478
94.506258,466,8156.918704
814.610079,1000,8163.389487
157.809588,410,8171.554845
62.785609,158,8172.574054
107.607328,232,8174.005509
107.492563,314,8176.016706
1162.665646,1000,8189.176018
-40.106292,116,8189.988882
23.782716,78,8190.518572
-10.135399,48,8190.78506
1030.235485,1000,8197.146222
168.180562,429,8199.835261
240.031207,1000,8214.307591
56.443127,176,8215.429421
729.387245,1000,8221.863018
152.112945,471,8233.038172
470.487042,1000,8239.405533
659.073044,1000,8251.922802
61.545101,203,8253.250409
51.399472,152,8254.217379
730.035299,1000,8260.657929
533.35696,1000,8274.252894
47.275603,129,8275.070689
177.079293,426,8277.787809
56.560036,219,8279.151052
80.819168,209,8280.597125
54.94869,210,8281.907377
492.379267,1000,8298.135566
22.275513,211,8299.496991
104.978245,442,8302.315159
52.740552,145,8303.23945
535.514023,1000,8318.835677
-75.421724,368,8321.131347
7.165604,230,8322.581738
238.199976,822,8327.749813
915.965397,1000,8342.772932
-88.609261,128,8343.58248
291.143508,874,8349.180134
53.759741,179,8350.324997
507.300337,1000,8363.88311
157.485105,275,8365.643215
-133.917129,528,8369.017312
39.842019,180,8370.280373
730.393624,1000,8381.997333
75.70203,205,8383.342302
779.091004,1000,8389.768556
1105.534892,1000,8406.030951
-59.37197,170,8407.137345
769.399215,1000,8420.475695
9.855891,123,8421.263211
-39.981574,181,8422.423681
233.564205,1000,8428.707722
657.060752,1000,8441.522118
46.019064,212,8442.86022
663.332131,1000,8449.168655
256.435501,618,8461.002898
938.323801,1000,8467.323325
126.261212,557,8470.839759
18.001745,159,8471.874047
7.716771,89,8472.424355
84.047656,1000,8487.768564
68.136509,178,8488.868
446.843939,1000,8501.374799
104.457338,261,8503.069808
71.710738,223,8504.497833
58.950755,227,8505.909546
33.674838,173,8507.003013
-27.952208,217,8508.348545
1020.835924,1000,8524.297342
61.81294,209,8525.631819
404.126374,1000,8532.074103
42.057075,182,8533.24606
41.768956,108,8533.909226
114.853638,330,8536.003711
12.97353,401,8545.10735
67.080386,176,8546.221907
38.318886,200,8547.513303
70.149174,169,8548.562797
50.19616,218,8550.067201
-52.864875,156,8551.030317
403.504045,1000,8563.647506
605.02401,1000,8570.013802
745.531161,1000,8583.814237
491.862366,1000,8590.19597
146.509467,790,8595.188367
19.797412,1000,8611.249531
31.278468,213,8612.653021
44.397878,182,8613.812164
17.190972,136,8614.671144
103.173509,201,8615.923282
99.275133,162,8616.926353
-18.156395,144,8617.87694
88.984951,242,8630.495651
-10.500729,111,8631.2086
320.733019,1000,8637.598566
99.525042,270,8639.317847
75.261588,209,8640.753369
-143.834672,252,8642.332049
169.962399,402,8652.861596
53.578424,182,8654.012476
62.048433,135,8654.871896
80.706119,216,8656.290214
224.934569,695,8660.715314
99.430143,285,8662.484802
38.572183,135,8663.336929
860.900741,1000,8679.569334
73.559895,221,8680.936451
44.771152,213,8682.295486
99.095194,280,8684.056726
110.930288,268,8685.760179
104.618001,259,8694.681544
62.682047,152,8695.700832
71.529727,180,8696.823802
125.512841,269,8698.585259
0.474104,201,8699.971764
-69.636114,270,8701.658587
576.903508,1000,8713.416384
719.342127,1000,8719.747564
19.714713,190,8720.944086
13.361241,141,8721.851697
48.92022,109,8722.562915
73.406676,178,8723.703758
82.952128,228,8725.172551
32.546503,159,8733.779646
30.526816,105,8734.480879
733.592715,1000,8740.832151
-29.194843,144,8741.777724
11.354796,139,8742.658708
142.082389,633,8751.785481
85.55702,160,8752.799652
59.521751,173,8753.938153
77.343182,892,8759.567289
-159.91001,155,8760.652593
102.671654,335,8762.775487
39.614192,172,8763.889566
1203.895025,1000,8777.026082
71.556227,194,8778.252229
-25.577469,68,8778.673879
89.055931,203,8779.943617
-38.352995,171,8781.042398
693.671949,1000,8793.867611
132.068584,686,8798.259098
45.923126,154,8799.223839
-11.642632,249,8800.810186
-7.923172,213,8802.196588
74.297431,234,8803.658799
809.435697,1000,8817.803413
-58.008162,213,8819.156794
823.388893,1000,8836.632448
767.470979,1000,8843.010095
105.225809,258,8844.637496
216.011293,540,8848.084983
128.452864,324,8860.013613
510.583334,1000,8866.384845
948.851583,1000,8881.763592
542.181015,1000,8888.213433
731.876729,1000,8901.637702
61.811535,173,8902.771364
104.124819,348,8905.029827
52.540558,189,8906.231915
774.224617,1000,8912.660176
707.152523,1000,8927.785596
91.453721,335,8929.902522
-34.483741,90,8930.458727
624.116768,1000,8943.599905
-5.6498,222,8945.050244
-19.906281,53,8945.36883
155.459031,388,8947.827713
215.329306,1000,8954.244566
56.364366,193,8955.468558
406.723397,1000,8968.874197
57.907027,242,8970.542817
-76.775069,275,8972.241298
-73.762759,249,8973.823634
559.242273,1000,8991.192137
109.259272,343,8993.440476
54.374275,199,8994.692393
75.427146,246,8996.248135
652.3868,1000,9009.736864
9.919592,153,9010.753353
-29.951526,201,9012.031788
250.876828,1000,9018.400128
319.819206,1000,9034.196893
714.088387,1000,9040.607444
-292.217061,189,9041.804255
60.217821,189,9051.711305
101.237698,252,9053.327466
-2.226646,38,9053.548099
132.08484,297,9055.465318
502.215903,1000,9061.906996
487.78683,1000,9076.240122
762.667376,1000,9082.607489
-174.768863,676,9095.318175
27.959592,122,9096.101554
1181.126313,1000,9102.451559
65.297344,170,9103.505616
669.270088,1000,9116.241517
41.511317,180,9117.403837
791.220795,1000,9123.864595
890.926258,1000,9137.93436
708.471306,694,9142.413053
77.744579,156,9143.37525
787.069465,1000,9156.571317
860.858887,1000,9163.005705
160.512466,388,9165.488861
-16.224481,130,9166.329544
31.914506,150,9167.271101
-23.683495,138,9175.168151
51.114112,127,9175.976168
771.39912,1000,9182.464277
480.129679,702,9186.914676
86.826294,174,9193.443679
1120.320061,1000,9199.791777
491.533161,1000,9214.85704
611.184814,1000,9221.268292
-195.589102,451,9224.114856
-137.860341,1000,9238.351792
70.31018,179,9239.516136
90.818654,142,9240.520641
592.96923,1000,9246.936644
240.215766,324,9255.848974
326.306051,1000,9262.185724
377.240185,1000,9268.530332
429.764943,789,9279.136879
254.148443,1000,9285.575273
55.821125,126,9286.398883
157.38722,359,9297.755283
84.343634,318,9299.798917
60.864962,248,9301.481742
105.806931,180,9302.624511
63.309864,199,9303.876213
75.434929,264,9305.593945
410.264835,1000,9317.919707
28.373722,133,9318.758262
59.387026,128,9319.557657
383.179485,1000,9325.992101
48.289685,147,9326.915087
22.540468,111,9327.623406
32.231276,78,9328.100069
-23.977627,145,9335.847855
876.810225,803,9341.036264
16.153539,194,9342.282136
-50.746254,144,9343.199705
84.211865,243,9344.762572
222.155883,386,9347.306072
597.282221,1000,9361.765413
827.323243,1000,9368.075439
735.935644,1000,9381.619283
770.387317,1000,9388.008949
101.183379,204,9389.328128
17.948883,180,9399.367801
134.361583,334,9401.560572
74.190119,168,9402.610379
624.724776,1000,9408.970125
83.242792,166,9409.997672
22.870431,200,9411.298942
27.058204,180,9424.205979
589.399166,1000,9430.606309
53.812987,171,9431.722275
70.436383,178,9432.813278
341.844802,1000,9446.434165
-27.617547,142,9447.326745
671.316611,1000,9453.821414
63.282777,199,9455.060575
421.496318,1000,9469.395528
512.913422,1000,9475.757437
709.734179,1000,9490.636206
98.188408,247,9492.221952
339.11645,425,9494.880112
-273.781001,1000,9507.708633
687.549611,1000,9514.194743
47.82244,130,9515.010115
-105.798514,362,9517.262308
942.13306,1000,9531.398314
156.733895,506,9534.621901
37.997298,113,9535.347812
652.921373,1000,9550.422844
12.924583,152,9551.430265
-67.015696,592,9555.128606
294.496265,1000,9561.457181
422.821847,1000,9576.304954
52.37299,167,9577.380821
46.957489,142,9578.278163
47.968411,156,9579.244591
-272.93063,547,9582.718871
138.610177,237,9590.393218
245.418711,1000,9596.671048
259.036282,1000,9610.402184
72.461742,146,9611.341398
73.387095,171,9612.45687
798.63853,1000,9618.758916
505.973354,1000,9633.445563
869.578249,1000,9639.890741
708.610262,1000,9654.249533
-40.95633,127,9655.063091
84.896922,218,9656.461378
-267.420214,1000,9662.899556
220.5011,334,9665.068291
735.580577,1000,9680.937067
813.227772,1000,9687.323576
52.686136,134,9697.386624
63.38403,157,9698.373852
715.58944,1000,9704.740549
51.278523,160,9705.787849
780.024144,1000,9719.112997
114.5721,493,9722.34792
95.349305,205,9723.648279
42.226066,183,9724.816275
324.573594,1000,9736.951597
94.777481,155,9737.936942
167.379075,558,9741.521325
47.37212,239,9742.988073
13.6936,132,9743.821281
542.505112,655,9748.005444
130.558591,246,9758.667975
60.957185,256,9760.30597
784.672978,1000,9766.61493
65.242823,228,9768.078687
531.133681,1000,9783.026647
695.342614,1000,9789.410638
10.235043,226,9790.883444
868.071642,1000,9806.611725
94.417398,260,9808.261509
-98.460838,138,9809.143927
1128.631237,1000,9825.355661
1014.595876,1000,9831.78819
70.77707,178,9832.899956
61.094357,233,9834.394769
669.184829,1000,9848.383691
58.589852,140,9849.246834
30.637726,131,9850.073424
30.87654,117,9850.845528
109.223928,190,9852.043004
857.443716,1000,9858.370796
314.59134,1000,9873.95358
145.991121,421,9876.648476
43.927591,189,9877.809314
19.241773,137,9878.724315
91.139626,280,9880.516971
96.377303,224,9887.697966
-213.220221,769,9892.562
48.845244,183,9893.693225
-19.871153,369,9896.026179
74.403179,148,9896.949836
165.630654,383,9899.413033
44.304654,140,9907.573861
-8.682801,104,9908.216984
657.242436,1000,9914.688724
126.689824,282,9916.456358
878.121119,1000,9931.40582
38.73282,101,9932.030877
245.065525,738,9936.733432
93.862458,271,9938.476274
972.253972,1000,9951.995598
263.233573,1000,9958.385294
-103.516222,283,9960.273817
398.163476,818,9976.898639
67.273259,172,9977.985654
21.538697,109,9978.682897
-52.997468,154,9979.696083
95.331552,199,9980.964903
49.929506,119,9981.698379
633.141745,1000,9996.460925
70.749964,554,10000.018284
666.275402,1000,10006.385478
81.742731,331,10015.092832
-156.578189,471,10018.066679
1119.818147,1000,10024.50697
776.474366,1000,10038.194345
-2.46626,242,10039.759076
-9.232303,134,10040.62625
808.359319,1000,10047.031843
-48.481999,152,10047.968439
882.824044,1000,10062.443594
512.678157,1000,10068.768503
951.852582,1000,10083.598424
551.666271,1000,10089.954631
72.095135,225,10097.934255
665.971433,1000,10104.336713
751.995164,1000,10118.493343
577.957435,1000,10124.963142
73.640445,272,10126.685211
60.646353,181,10127.829922
62.550324,185,10128.993796
788.744824,1000,10140.259153
55.521296,172,10141.33989
961.941883,1000,10147.721812
56.206521,211,10149.01907
339.46258,452,10159.196436
303.790361,1000,10165.599621
690.181803,1000,10180.003728
57.170142,149,10180.975889
58.081198,138,10181.843315
989.821074,1000,10188.185363
120.544849,275,10189.907151
22.229912,214,10199.213478
230.911204,469,10202.328012
1.255094,162,10203.337643
0.748288,243,10204.879173
16.32312,147,10205.813321
825.231313,1000,10222.937339
68.855106,247,10224.485945
99.339445,307,10226.411529
456.106353,1000,10232.893482
110.899668,230,10234.385581
634.25405,1000,10248.196075
708.04953,1000,10254.575363
534.96038,1000,10270.335263
727.331739,1000,10276.566298
52.761235,149,10277.508533
771.517269,1000,10290.740316
65.045208,447,10293.583713
60.521746,155,10294.591775
264.843525,1000,10307.417492
638.776013,1000,10313.77606
78.652345,324,10315.846391
58.803541,139,10316.729115
725.950472,1000,10330.857419
60.05213,129,10331.68964
123.246733,362,10333.987719
179.669689,1000,10350.898757
896.239285,1000,10357.260578
519.524977,1000,10371.457316
13.700852,1000,10377.736711
43.843606,171,10378.806695
55.486669,314,10380.908594
-60.928597,199,10382.15176
99.430777,192,10393.1388
67.674343,199,10394.42963
501.140732,1000,10400.731856
623.083378,1000,10413.676931
281.682828,603,10417.485347
145.643214,229,10418.973103
78.865963,256,10420.600414
73.241947,187,10421.790913
306.248913,683,10434.38377
81.859745,205,10435.71274
353.656928,1000,10442.055897
107.401169,238,10443.548688
414.149912,561,10454.99624
101.596318,272,10456.730493
443.676192,981,10462.863007
263.812832,1000,10476.958879
77.366395,186,10478.133432
205.433544,650,10482.222726
-9.445958,161,10483.266891
966.289895,1000,10495.840336
23.810288,103,10496.483683
32.869274,161,10497.482195
28.630847,110,10498.185162
47.721468,179,10499.322517
168.172354,559,10502.976798
64.51625,154,10503.947092
76.770962,294,10505.81871
130.204382,272,10513.18543
119.183169,175,10514.312217
25.554503,119,10515.024996
56.944704,417,10517.683845
218.584865,424,10520.35518
82.307376,282,10522.136273
465.703052,1000,10536.012516
56.856349,320,10538.044957
92.00113,244,10539.563162
644.632141,1000,10545.908781
719.569892,1000,10556.731474
57.059524,183,10557.845683
34.00563,186,10559.013636
107.429419,229,10560.557598
43.556505,120,10561.292943
169.713188,288,10563.056937
23.376754,111,10563.771314
472.725772,1000,10579.657891
486.634686,1000,10585.915473
833.759555,1000,10601.64122
81.7714,198,10602.884734
96.725589,285,10604.671231
83.392356,248,10606.235963
66.910193,193,10607.467739
111.334575,308,10617.314472
383.644558,823,10622.595682
71.17078,192,10623.809943
3.708512,189,10625.014279
43.766578,199,10626.265864
102.283453,206,10627.569081
107.925872,310,10629.5537
570.934785,1000,10644.665365
267.819187,732,10649.239208
151.405785,837,10664.983199
927.896879,1000,10671.242937
86.212645,256,10672.861714
74.46649,161,10673.84211
331.932843,541,10685.028593
70.332331,214,10686.36206
-148.608689,451,10689.17926
1165.995949,1000,10704.067907
1065.317899,1000,10710.414681
80.794247,211,10711.749876
973.976515,1000,10727.048782
252.107194,607,10730.867618
411.835911,1000,10737.301055
73.286235,447,10746.204609
463.284641,909,10751.97256
19.593818,133,10752.80428
826.992556,1000,10764.277226
517.801448,1000,10770.773152
-4.691129,135,10771.628519
89.321701,214,10773.011026
17.207118,117,10773.714895
636.389631,1000,10789.57621
304.767821,540,10792.964614
948.717846,1000,10805.784467
71.646076,240,10807.344638
40.963176,150,10808.282555
-29.233285,131,10809.125448
303.778019,695,10813.584678
797.413266,1000,10827.035177
781.620862,1000,10833.508813
220.48301,650,10837.615835
994.741822,1000,10852.256521
844.769426,1000,10858.656065
451.141315,1000,10874.646069
415.553629,1000,10881.052317
94.189423,168,10882.154394
545.295693,1000,10897.186107
63.363471,258,10898.824758
55.525717,188,10900.034625
69.796472,171,10901.136381
97.002696,197,10902.356723
546.174515,1000,10916.127498
203.520709,1000,10922.5431
-4.646825,191,10923.751306
43.841907,136,10924.61552
130.946348,1000,10938.311908
603.241873,1000,10944.713963
89.011026,245,10956.021288
478.806951,1000,10962.878494
1021.37547,1000,10976.896554
687.877135,1000,10983.658514
71.781378,202,10984.922327
253.476563,697,10989.570782
-52.679324,124,10997.834821
901.51615,1000,11004.186412
631.253389,1000,11018.980246
-97.921139,278,11020.782555
-4.148234,213,11022.170632
49.816316,331,11024.260167
101.386848,225,11025.685876
672.635911,1000,11041.38871
13.348072,108,11042.072142
558.472814,1000,11048.513657
-5.888269,172,11049.588028
-43.406944,139,11050.487575
35.383943,139,11051.353451
886.899257,1000,11066.181304
205.749263,496,11069.312892
44.957729,146,11070.229604
540.159041,1000,11082.190961
882.021918,1000,11088.586312
845.650223,1000,11104.384647
48.408463,190,11105.628343
132.935263,255,11107.262183
160.350561,554,11110.819239
89.945518,414,11113.433655
74.749308,149,11114.398518
47.186688,291,11116.220264
465.207469,626,11127.811385
548.313129,1000,11134.252257
363.994035,1000,11147.960437
339.950248,1000,11154.386075
803.911904,1000,11169.750019
732.906243,1000,11176.163363
121.154569,258,11177.820956
15.579798,505,11189.329307
9.178575,99,11189.982275
72.904484,196,11191.320985
-210.115217,619,11195.130868
209.367769,1000,11209.479486
920.787546,1000,11215.930485
881.218077,1000,11222.389882
849.375262,1000,11238.290167
818.751457,1000,11244.706575
759.963675,1000,11259.422361
822.951434,1000,11265.805285
229.83797,1000,11279.692367
-194.511248,719,11284.455649
1102.698586,1000,11298.275164
348.47469,1000,11304.643653
17.170133,71,11305.092308
-59.12688,238,11306.620379
51.066525,122,11307.420758
95.007551,268,11316.903927
36.437231,127,11317.713983
-536.392479,1000,11324.089238
127.338194,322,11326.14969
810.089773,1000,11340.159018
960.501961,1000,11346.637964
45.13846,137,11347.496193
804.440156,1000,11362.517907
734.842765,1000,11368.844508
782.769841,1000,11386.576168
13.500347,243,11388.138077
79.876915,204,11389.412748
-61.599151,312,11391.391575
328.974493,1000,11407.551832
19.802621,143,11408.463198
808.309132,1000,11414.888078
-159.091758,653,11428.660395
-11.397819,158,11429.67679
42.178938,127,11430.56426
98.421418,1000,11436.919087
106.043332,229,11438.371127
96.250352,236,11439.875542
635.755604,1000,11455.918174
62.468329,188,11457.112571
109.583206,413,11459.759317
101.072964,269,11461.519743
771.557022,1000,11476.257838
-200.516382,712,11480.802591
92.297055,255,11482.409485
751.009045,1000,11496.491931
40.48498,170,11497.565335
97.702866,310,11499.556393
-16.829483,155,11500.524643
624.22625,1000,11515.061553
-110.969384,368,11517.382094
75.408585,317,11519.393039
638.733574,1000,11525.89132
694.541923,1000,11543.911397
122.00391,578,11547.580293
30.512854,143,11548.478904
621.873051,1000,11564.138225
542.43051,1000,11570.520208
151.15632,679,11585.312484
-105.335327,870,11590.897038
114.330117,456,11593.891662
1145.843386,1000,11606.106871
793.322488,1000,11612.604446
86.021734,195,11613.837668
115.105148,645,11626.794145
790.426083,1000,11633.214669
90.622231,240,11634.732202
110.532155,404,11637.349905
770.455634,1000,11649.208669
57.662636,179,11650.364931
-45.409419,144,11651.291429
73.381052,231,11652.793315
597.487112,1000,11668.500272
99.089913,322,11670.68788
651.863885,1000,11677.048006
181.16959,431,11679.749188
76.108922,187,11689.369702
732.520242,1000,11695.779517
821.416179,1000,11710.71865
62.929231,255,11712.350315
576.118143,1000,11718.720795
77.336868,214,11720.0876
473.625259,1000,11733.232936
808.053466,1000,11739.551683
352.843057,1000,11754.772049
-96.32458,175,11755.92101
521.768071,1000,11762.310604
48.714949,166,11763.381215
154.519188,354,11772.147454
-203.924989,584,11775.862295
651.373379,621,11779.823448
60.408085,163,11780.867902
1097.085753,1000,11795.398509
0.434737,61,11795.787867
-90.298663,317,11797.845332
443.37381,1000,11804.330583
960.57957,1000,11820.507579
40.579875,106,11821.213082
25.606788,196,11822.440732
-99.808872,1000,11838.297394
886.885713,1000,11844.66978
506.977912,1000,11851.143491
49.128801,120,11860.860983
-38.306031,232,11862.345643
138.934713,247,11863.908161
342.945792,1000,11870.230682
-106.92758,510,11881.903432
1019.811835,1000,11888.365131
771.177089,1000,11894.730568
46.49131,158,11902.852953
496.685433,1000,11909.2051
71.002199,215,11910.667643
811.828187,1000,11925.481347
143.572823,435,11928.313224
789.128351,1000,11934.722637
47.190191,138,11935.588296
-152.419331,746,11947.323302
834.766405,1000,11953.662156
109.580801,261,11955.307967
93.837838,212,11966.347111
-14.550978,149,11967.285493
487.53992,1000,11973.767968
968.032871,1000,11988.770344
-104.136856,218,11990.211927
136.231279,310,11992.139408
47.031647,131,11993.005058
718.785575,1000,11999.367932
839.184045,1000,12014.184479
158.87183,556,12017.719444
27.302077,141,12018.658716
330.736603,1000,12032.801865
47.611006,109,12033.497939
642.760614,1000,12039.850885
34.3085,141,12040.74459
543.625305,1000,12056.715431
53.309452,163,12057.803289
49.939892,205,12059.102434
428.56958,1000,12065.579419
226.580377,1000,12080.274525
896.424218,1000,12086.711776
1083.485005,1000,12102.902772
1137.755766,1000,12109.260565
820.871378,1000,12124.461845
745.748011,1000,12130.89806
155.846688,649,12145.518955
58.790664,192,12146.760617
215.579517,1000,12153.219814
-77.479742,482,12165.026398
49.158976,761,12169.934385
77.689286,238,12171.436533
686.013569,1000,12177.821202
771.786657,1000,12192.564083
-4.567807,206,12193.875033
38.284887,173,12195.000448
-42.195448,233,12196.459996
11.938626,212,12197.833902
381.459878,1000,12214.123275
288.645955,1000,12220.474714
-36.711732,376,12230.709909
-602.620575,1000,12237.07211
58.732894,137,12237.96911
73.317904,254,12239.58777
82.055497,224,12241.152303
-86.11051,762,12253.301919
25.626479,329,12255.367103
135.38807,211,12256.698924
1149.598574,1000,12263.073726
795.517159,1000,12278.534302
81.709963,322,12280.537866
201.786007,460,12283.474179
505.750548,1000,12297.378085
601.497604,1000,12303.826515
450.886329,1000,12316.673125
98.758055,366,12318.963442
943.330459,1000,12325.356085
255.23455,1000,12341.342635
58.03787,203,12342.654207
59.157539,221,12344.067418
60.230271,551,12347.557509
106.16643,280,12358.87628
311.905876,584,12362.739834
1131.70908,1000,12369.163737
327.68774,552,12379.635508
654.492677,1000,12386.091257
700.562054,1000,12402.541548
-92.968149,319,12404.577628
1.720497,232,12406.00774
102.445784,260,12407.707992
51.862502,156,12408.689478
38.551686,245,12410.247424
-24.612174,442,12413.067523
381.601866,628,12425.266969
736.79283,1000,12431.663333
215.893941,963,12448.247602
71.69833,225,12449.68887
110.865494,854,12455.273762
28.677657,557,12458.837636
927.529977,1000,12474.47194
302.918301,665,12478.771655
759.66937,1000,12493.891385
60.843659,191,12495.151086
94.941689,175,12496.289481
30.385022,105,12496.966851
2.038395,202,12498.260583
752.212829,1000,12513.435896
46.165228,116,12514.152586
48.947988,127,12514.966708
38.71286,110,12515.684965
721.739772,1000,12522.085043
29.199436,209,12523.431005
-16.899922,172,12524.544798
766.979935,1000,12541.294801
660.185902,1000,12547.679146
837.333514,1000,12562.994366
738.902182,1000,12569.332233
932.105032,1000,12585.118088
66.998884,256,12586.773895
50.278012,123,12587.565816
464.261623,1000,12602.975006
653.866913,1000,12609.448502
339.073848,732,12614.155619
18.480684,205,12615.494323
-108.931268,151,12628.10432
413.249202,1000,12634.563905
-0.874427,178,12635.668697
823.190093,1000,12651.074976
156.264601,473,12654.092265
365.656206,1000,12660.483997
400.785938,1000,12675.467624
91.450718,186,12676.640794
805.812953,1000,12683.067642
26.645471,164,12684.152555
772.022709,1000,12700.322325
93.602236,161,12701.362946
-120.959973,415,12703.993438
59.617571,188,12705.194601
73.371216,353,12714.314659
511.496069,1000,12720.75338
754.311993,1000,12727.164317
34.792853,274,12740.965357
33.914919,95,12741.595857
37.85977,233,12743.030271
96.97454,322,12745.103557
809.540248,1000,12751.574635
323.740143,789,12764.405708
251.765603,1000,12770.783435
57.625177,166,12771.871878
49.435706,197,12773.176063
421.630116,1000,12792.065303
-70.287755,83,12792.631733
49.121531,107,12793.287547
124.043758,600,12797.150619
132.505173,215,12798.500735
64.52263,155,12806.259536
123.00478,270,12808.024657
3.031598,171,12809.109682
526.420781,1000,12815.604973
600.351484,1000,12830.130375
-235.150011,1000,12836.51451
393.689676,650,12849.328866
27.687092,165,12850.395766
67.163554,199,12851.664471
29.050092,289,12853.534153
-21.723632,78,12854.020654
58.91206,204,12855.339179
41.615895,106,12855.984151
30.199174,109,12856.666248
694.429468,1000,12870.618199
97.700641,148,12871.637803
-72.42667,453,12874.557896
45.627967,130,12875.379771
178.775224,405,12877.972877
-45.804715,448,12880.849772
59.6064,353,12893.303836
-29.592387,106,12893.986376
35.576969,337,12896.139423
35.632631,116,12896.894444
967.508133,1000,12903.429683
35.092809,108,12904.098207
742.126462,1000,12919.701079
11.461834,83,12920.214819
147.903033,593,12923.931421
42.598179,162,12924.974071
-27.550764,174,12926.066338
715.425161,1000,12940.775302
908.693812,1000,12947.111113
-44.186947,530,12956.332413
719.149832,1000,12962.833461
-19.156302,76,12963.312436
0.555723,120,12964.058776
79.859207,703,12968.51342
162.779491,304,12978.041758
45.649894,112,12978.741271
86.696756,290,12980.623722
-258.306939,780,12985.602235
976.061882,1000,12999.540807
558.322853,1000,13005.97271
42.042112,265,13007.706172
68.589219,196,13008.949688
25.077786,171,13009.988602
27.579789,152,13019.026051
650.552632,1000,13025.464339
118.910851,349,13027.722863
558.388222,1000,13039.938977
55.581911,150,13040.951273
987.197881,1000,13047.373694
-271.990635,1000,13062.379897
119.689206,521,13065.705377
153.301886,409,13068.302418
62.164118,147,13069.260727
-74.561388,243,13070.780321
54.547821,165,13071.813375
66.565035,218,13080.468838
955.392659,1000,13086.946176
387.772185,1000,13103.508477
138.492561,289,13105.341465
2.981721,106,13106.037063
881.362378,1000,13112.535105
47.509662,184,13113.662068
849.314818,1000,13128.133767
816.843301,1000,13134.526748
71.067732,211,13135.877796
1195.048081,1000,13153.008999
127.917219,321,13155.04522
164.175654,414,13157.663528
719.172222,1000,13173.604914
88.06145,311,13175.609407
76.562515,152,13176.550362
119.901795,254,13178.16806
641.519302,1000,13192.754322
36.36463,145,13193.67109
61.485944,187,13194.854195
692.918362,1000,13201.33936
-113.675351,468,13204.346092
476.487114,1000,13219.171326
695.840159,1000,13225.596436
549.983014,1000,13242.653883
33.832134,127,13243.464703
173.652777,742,13248.196422
225.13833,671,13262.4247
842.952311,1000,13268.828884
18.506602,312,13270.817337
730.269281,1000,13287.198794
26.679436,116,13287.948678
55.542795,349,13290.167666
163.528395,443,13293.092866
512.639774,1000,13308.9474
22.45763,148,13309.871483
49.149529,141,13310.775497
934.154476,1000,13317.202513
998.927479,1000,13332.639724
311.656014,1000,13339.031884
722.620776,1000,13351.79787
587.503382,1000,13358.150027
24.459519,101,13358.828389
819.661212,1000,13378.248104
563.919157,1000,13384.782606
551.792412,1000,13403.625978
32.34902,264,13405.314339
72.956748,179,13406.456676
834.532515,1000,13423.270706
694.179086,1000,13429.63546
43.318841,151,13430.5805
6.885018,287,13432.423912
39.446427,220,13433.798502
255.137506,860,13448.782374
25.073152,215,13450.143573
729.190334,1000,13456.573471
20.524436,118,13457.279938
786.461297,1000,13474.618006
121.563869,325,13476.670461
130.623125,466,13479.614825
298.568856,1000,13499.125452
24.086935,1000,13505.721315
125.416691,463,13519.070089
-29.520852,104,13519.724416
58.32694,199,13521.053464
918.434786,1000,13527.43363
120.275159,365,13529.78808
195.780391,1000,13545.162897
47.091368,148,13546.117214
30.479816,129,13546.958859
46.727268,162,13547.97285
519.298061,1000,13564.098951
186.733176,525,13567.480097
-37.876301,79,13567.962443
107.401136,344,13570.196279
551.371309,1000,13576.597063
73.869704,206,13586.983844
673.977292,1000,13593.533646
863.12645,1000,13610.01787
918.544846,1000,13616.407584
5.26719,135,13617.286204
387.812564,1000,13637.910434
128.594287,264,13639.600547
161.427138,293,13641.511499
54.542225,190,13642.739335
691.123013,1000,13649.181535
-59.451864,261,13659.760093
214.944039,489,13662.876325
667.601949,1000,13669.304679
97.77372,387,13671.755387
272.085899,667,13687.673257
16.566275,177,13688.807042
118.388435,229,13690.279608
81.725686,259,13691.908026
60.106126,165,13692.933352
741.320045,1000,13708.392626
40.942059,123,13709.171164
429.334146,1000,13715.575334
10.302173,309,13717.487458
157.954997,265,13731.408965
37.621303,134,13732.246134
1066.092579,1000,13738.691768
714.274023,1000,13756.138075
-64.25238,817,13761.363113
628.996668,1000,13767.773583
76.443899,235,13780.848436
61.484454,233,13782.370507
840.280156,1000,13788.724947
559.462987,1000,13805.63109
31.696415,295,13807.509411
-141.676536,529,13810.895674
298.218672,796,13815.990287
833.674066,1000,13835.344605
-136.137093,318,13837.370792
1197.628752,1000,13855.200455
70.963092,143,13856.148547
456.028044,1000,13862.596844
427.153677,1000,13880.804842
975.165776,1000,13887.111894
79.914569,218,13888.52556
608.727325,754,13904.240925
136.75162,269,13905.964911
58.920968,113,13906.702888
-20.350612,311,13908.609044
591.697856,1000,13915.031211
204.59641,684,13929.415335
955.219131,1000,13935.761335
985.040856,1000,13948.976667
64.856084,102,13949.634035
25.735429,72,13950.082534
-26.581304,87,13950.623445
35.417107,122,13951.465407
19.823709,116,13952.222121
78.64422,246,13953.762371
-223.952966,553,13957.227318
837.720746,1000,13973.124655
-30.264272,205,13974.423311
24.593282,173,13975.556072
54.706954,157,13976.562016
55.140091,133,13977.425201
110.137623,248,13979.016493
62.405676,228,13980.509619
707.55554,1000,13997.380775
700.892066,1000,14003.803575
470.389518,834,14018.081872
12.5578,177,14019.226636
7.866156,157,14020.194163
19.629739,358,14022.467593
67.863063,165,14023.480455
-49.368905,88,14024.061438
141.543604,760,14037.469456
921.427874,1000,14043.917806
19.864512,168,14045.004332
-109.926877,243,14046.557035
68.148256,223,14047.969901
30.110847,200,14056.942358
452.530148,1000,14063.296252
47.507461,140,14064.182703
120.985533,296,14066.082268
265.286333,1000,14081.260441
81.714312,334,14083.397012
42.563555,530,14086.734417
71.600739,337,14088.850305
-156.997596,546,14101.459603
101.508628,248,14103.061307
92.850534,181,14104.17602
-20.034508,97,14104.814572
52.931655,148,14105.736144
63.254084,314,14107.727363
388.538057,646,14111.833385
-18.018763,118,14112.604358
819.065586,1000,14128.171496
-118.410073,378,14130.587775
530.411561,1000,14146.403057
-47.727134,248,14148.043093
718.007096,1000,14154.46392
68.302684,219,14155.855957
419.115455,1000,14171.498847
590.224273,1000,14177.853431
49.421705,243,14179.430176
34.134665,91,14180.040017
503.264663,1000,14196.230524
702.259313,1000,14202.601189
144.342228,467,14217.090561
29.270838,110,14217.803062
-48.933891,738,14222.530438
557.964249,1000,14238.414546
120.364168,266,14240.110471
-161.521551,345,14242.337668
25.877606,284,14244.12732
-365.396204,635,14248.190398
774.222659,1000,14262.867917
98.427462,336,14265.013324
176.437395,1000,14271.38938
-108.357542,309,14283.607205
574.885297,1000,14290.068204
314.820855,935,14304.624497
295.062809,557,14308.197497
-136.024868,83,14308.771784
1231.572816,1000,14315.199478
53.863917,174,14316.319767
100.088034,508,14329.944554
3.471141,234,14331.414168
44.494171,108,14332.095345
12.913109,79,14332.58793
42.492327,154,14333.576652
637.234167,1000,14339.900289
782.098344,1000,14354.449751
39.873086,150,14355.381109
195.754966,464,14358.358026
120.349432,402,14360.906044
566.090398,1000,14376.302879
768.88627,1000,14382.67781
816.814392,1000,14399.704546
28.878687,125,14400.510931
338.343694,661,14404.816206
663.593378,1000,14421.038671
595.120436,1000,14427.482725
352.525762,866,14441.066644
591.507175,1000,14447.545317
150.914781,290,14449.392432
357.165178,958,14467.005804
225.625735,1000,14473.448752
780.624714,1000,14490.018981
764.45946,1000,14496.485852
85.172785,241,14498.022118
71.60223,143,14498.919956
47.974236,152,14499.85552
54.358106,155,14511.016591
116.538475,828,14516.281513
71.125496,165,14517.308728
619.573745,1000,14533.972102
-52.058983,87,14534.520354
513.462904,1000,14541.015733
222.404828,1000,14559.298196
1034.769106,1000,14565.766788
219.054161,945,14585.012636
12.147854,510,14588.313977
35.461669,129,14589.138225
420.948708,1000,14595.544519
629.294726,1000,14614.406692
686.504292,1000,14620.819282
669.493688,1000,14639.061337
-11.149163,355,14641.429327
-126.669657,625,14645.454848
-71.688497,147,14646.386534
72.182726,194,14647.628491
131.824951,267,14660.973884
64.630528,157,14662.011611
645.203141,1000,14668.403372
-13.79092,60,14668.78687
911.061186,1000,14684.988638
55.004427,681,14689.296328
-98.520117,285,14691.142903
996.76639,1000,14710.841018
64.564343,163,14711.892848
521.220159,1000,14718.242032
688.436333,1000,14734.145292
257.808097,1000,14740.499528
233.769556,1000,14755.926408
64.487286,232,14757.355222
12.459788,167,14758.437616
32.611436,188,14759.606456
36.369544,149,14760.539509
63.228281,374,14763.011554
-6.366387,72,14763.46108
179.072669,599,14767.293159
130.360625,368,14781.961446
835.637966,1000,14788.489958
346.704142,635,14792.625863
56.297281,151,14805.121908
68.116846,200,14806.396691
275.149365,1000,14812.811546
669.19214,1000,14828.410173
-160.689775,296,14830.317315
-23.816589,103,14830.987377
9.885256,344,14833.1993
60.411738,229,14834.711869
687.1014,1000,14850.325711
267.934957,1000,14856.812344
-12.520907,88,14857.369243
151.111335,283,14859.199064
51.156332,188,14860.405086
74.268129,222,14861.807911
59.498527,190,14875.585008
145.499454,667,14879.870365
50.506586,96,14880.504671
126.611995,266,14882.285428
807.412355,1000,14899.95936
69.242113,198,14901.248761
174.292199,641,14905.344302
520.153174,1000,14911.892193
-37.834999,93,14912.503242
15.512024,52,14926.350017
660.77191,1000,14932.825213
52.78763,176,14933.979959
620.858058,1000,14950.905703
36.82094,273,14952.655613
441.67519,1000,14959.070264
47.795822,149,14960.043265
658.27091,1000,14977.121695
96.882725,306,14979.069896
24.233324,126,14979.87546
438.833766,1000,14986.223763
22.467928,134,14995.644946
-51.095173,111,14996.374595
717.705333,1000,15002.927033
83.973569,349,15005.171243
-55.155675,224,15006.578909
109.670676,255,15008.206466
76.467658,190,15019.909695
39.490944,195,15021.177085
172.040965,272,15022.962577
63.264751,178,15024.058183
29.054686,146,15025.020399
1139.469135,1000,15031.437554
560.440329,942,15046.414283
53.582784,167,15047.492644
790.874222,1000,15053.835767
63.828914,417,15066.56241
434.383198,738,15071.254066
22.804007,104,15071.932442
481.221067,1000,15088.261653
130.539047,213,15089.607259
530.208469,1000,15096.069752
719.652062,1000,15114.565689
831.690231,1000,15120.996189
-16.969523,133,15121.957457
738.750337,1000,15138.025006
-168.067073,1000,15144.44759
40.094375,146,15145.36372
24.030719,113,15146.089406
62.729786,135,15146.954941
58.984498,227,15148.428563
62.80028,162,15158.585574
532.265906,1000,15165.059011
40.882181,128,15165.892651
178.502309,477,15168.927844
777.967819,1000,15183.38509
229.713662,421,15186.082145
-17.594368,70,15186.521828
37.540727,206,15187.835457
-50.899595,153,15188.804607
99.16656,190,15190.007908
57.219814,338,15202.50365
-118.466515,1000,15208.981701
-379.908259,1000,15215.505456
54.153321,312,15227.63766
603.612818,1000,15234.037602
68.789928,196,15235.280981
842.321375,1000,15253.231699
25.361916,179,15254.388676
804.428594,1000,15260.760764
59.665238,401,15263.374493
57.997129,170,15273.007846
123.691174,234,15274.552709
132.745785,333,15276.698812
96.840705,244,15278.286797
36.48603,224,15279.704522
-47.209895,115,15280.452185
448.06749,1000,15296.436479
-106.5896,351,15298.698972
50.508583,142,15299.644018
64.781781,116,15300.358977
355.597988,1000,15306.86486
74.58736,181,15308.049647
30.513685,112,15319.837122
-53.267106,132,15320.672744
38.678366,91,15321.23995
141.738952,563,15324.85608
72.746247,150,15325.818239
794.898845,1000,15332.356941
461.715644,1000,15349.328353
846.907043,960,15355.499923
340.7662,1000,15370.944832
-31.466135,233,15372.438994
379.506989,1000,15387.201378
9.767418,236,15388.728392
236.456539,540,15392.282942
887.734206,1000,15398.6975
85.167099,183,15399.866799
138.123995,267,15412.346226
113.432828,276,15414.108243
66.213111,208,15415.489748
2.356337,55,15415.849346
550.941382,1000,15422.326788
46.994732,113,15423.061058
89.121516,315,15434.828839
-18.858656,149,15435.806266
30.5746,89,15436.410743
195.145893,1000,15442.83726
-27.572892,78,15443.320842
638.003074,1000,15459.276145
-0.521318,216,15460.637157
619.810461,1000,15467.056287
79.682346,200,15468.33879
-87.737211,153,15469.33935
386.551288,668,15483.745351
59.66969,139,15484.643045
212.22222,1000,15491.046438
-31.679249,757,15506.713255
714.071204,1000,15513.141232
990.904973,1000,15529.522118
254.711958,1000,15535.968486
-16.129333,88,15536.519513
67.330575,183,15537.695585
-644.403171,1000,15553.693459
63.408428,246,15555.250332
188.685313,414,15557.906472
190.531796,1000,15575.2627
420.083116,577,15578.945693
77.670928,263,15580.631531
59.870469,314,15582.679467
114.913865,214,15584.074391
8.754162,99,15584.683772
76.132775,173,15585.793903
496.096976,1000,15600.929271
40.844147,138,15601.89833
28.129624,108,15602.553105
224.686784,453,15605.428718
660.766446,1000,15621.850119
30.019273,116,15622.624122
144.724432,371,15625.000759
60.743948,141,15625.894546
154.642652,552,15629.446392
3.38446,177,15630.537476
59.495207,113,15631.266688
772.892697,1000,15645.609584
630.222252,1000,15652.061083
857.353,1000,15670.322191
107.156018,232,15671.806735
87.793612,264,15673.53813
957.989311,1000,15688.155874
50.849962,122,15688.935658
-99.834387,380,15691.380341
33.24255,77,15691.954731
10.426534,81,15692.483793
941.518008,1000,15698.814457
42.947012,70,15699.263512
789.544211,1000,15716.410486
22.182702,109,15717.124388
186.893522,1000,15731.329486
57.505385,147,15732.287654
740.835676,1000,15738.700215
662.87359,1000,15754.050416
795.90045,1000,15760.482034
-75.984167,202,15761.806526
-140.066937,428,15764.51575
717.780235,1000,15777.75067
858.153608,1000,15784.305627
252.814971,1000,15800.396942
41.893383,345,15802.65271
59.492063,162,15803.676287
894.22485,1000,15818.698024
56.773773,201,15819.977633
804.174947,1000,15826.419277
-18.481056,79,15826.917803
67.983491,189,15828.139524
198.507423,418,15830.789717
53.243745,159,15839.544195
-18.376324,60,15839.934466
857.263095,1000,15846.43709
67.541026,173,15847.545218
50.136092,150,15848.47675
652.404942,1000,15863.989193
70.412117,199,15865.265259
957.860806,1000,15871.827062
45.87753,167,15872.858261
56.303575,148,15873.834612
49.158928,134,15883.467546
350.466362,614,15887.419467
482.516351,1000,15893.859266
68.492416,218,15895.225242
862.455561,1000,15909.290043
-140.457916,922,15915.234159
87.413115,240,15916.808585
129.38455,399,15929.339813
85.4758,210,15930.750361
-8.377827,101,15931.378198
599.150451,1000,15937.901503
41.684166,121,15938.685735
39.115596,136,15939.547795
177.066848,309,15951.546385
103.686688,289,15953.381452
35.038194,125,15954.189948
40.055968,204,15955.48873
726.734444,1000,15962.048157
408.78327,1000,15978.723284
1139.626339,1000,15985.211545
869.026569,1000,16001.239819
-81.172732,133,16002.115451
-12.972356,118,16002.896488
121.950988,313,16004.925998
23.601813,85,16005.465028
34.367977,78,16005.960207
48.753919,111,16006.674293
84.985248,1000,16022.477043
50.11327,127,16023.271283
71.889378,172,16024.352085
605.789917,1000,16030.780582
46.049475,110,16031.507149
439.932549,1000,16046.797913
-28.713468,65,16047.211947
52.308731,136,16048.073715
301.090393,448,16050.974904
718.655923,1000,16065.69993
107.243118,510,16068.978368
70.219528,222,16070.397201
178.756259,346,16072.643999
-4.482298,255,16074.310086
39.258058,131,16075.154873
60.879347,184,16087.046026
486.526418,1000,16093.513494
47.719125,111,16094.2432
79.322488,172,16095.359549
766.072499,1000,16114.280339
72.871392,216,16115.677656
657.685622,1000,16122.049916
85.264971,199,16123.328341
34.265887,131,16124.211921
702.671799,1000,16140.521463
30.745179,136,16141.411939
578.821685,1000,16147.941196
88.629637,298,16161.8041
104.309723,276,16163.559677
110.863964,340,16165.718246
71.539617,296,16167.655674
637.455245,1000,16184.459856
44.935519,121,16185.243994
8.581203,116,16186.001455
63.016385,379,16188.439702
893.849394,1000,16194.815033
39.786891,119,16195.578837
511.746319,1000,16215.0896
92.368021,251,16216.649693
52.518613,521,16219.980919
71.266948,218,16221.385549
-122.536946,453,16236.886633
70.65941,288,16238.726772
57.385648,343,16240.954976
677.372285,1000,16247.300239
344.567405,1000,16265.891291
95.913608,297,16267.748141
1090.010388,1000,16274.15729
-35.066301,76,16284.484462
42.09935,407,16287.138488
66.259046,646,16291.276057
76.123729,320,16293.384662
38.070304,337,16295.507682
78.504406,173,16296.630882
32.855007,129,16306.746532
45.997798,129,16307.588857
21.783055,51,16307.928875
128.326241,330,16310.067048
65.243485,179,16311.199584
521.863462,1000,16317.694115
-38.347845,136,16318.555175
318.792064,654,16331.236494
15.258544,81,16331.775361
-52.774527,198,16333.064685
38.643674,211,16334.385258
48.887668,146,16335.318735
86.738403,239,16336.865068
537.816371,1000,16354.698011
808.675216,1000,16361.086219
61.352859,174,16362.208969
189.228567,370,16364.568601
6.314437,105,16365.251894
60.099351,222,16376.575028
103.009097,229,16378.044384
283.738463,960,16384.246971
113.032739,290,16386.084998
35.535868,137,16386.964927
685.68451,1000,16403.499057
575.90542,1000,16409.9021
597.487689,1000,16426.320996
47.640837,318,16428.322962
578.399923,1000,16434.795071
403.828664,1000,16452.121594
692.276003,1000,16458.584524
2.885494,191,16470.151846
806.918834,1000,16476.686391
-113.261302,556,16480.232409
-36.095691,276,16482.059621
21.562696,63,16482.467175
32.804889,134,16494.260273
2.221435,84,16494.80955
-26.209695,290,16496.664105
613.808874,1000,16503.164653
711.609168,1000,16520.792139
151.224364,325,16522.891746
84.658178,363,16525.189911
133.179187,913,16530.989202
236.536848,816,16547.088892
2.555693,103,16547.739711
723.777767,1000,16554.146104
502.514936,1000,16569.217872
727.084273,1000,16575.617903
603.497235,1000,16593.448123
49.164306,137,16594.320034
319.326593,1000,16600.760554
82.10447,405,16612.649832
-24.28658,104,16613.292861
62.939498,165,16614.36983
62.224527,178,16615.514284
64.344873,356,16617.775938
52.742166,281,16619.618045
-97.00639,440,16622.53147
931.556079,1000,16639.39207
276.703445,1000,16645.836231
1009.351956,1000,16663.427395
68.515149,152,16664.426382
-57.460519,408,16667.046217
577.592519,1000,16683.79129
219.617914,1000,16690.154677
-70.912118,247,16691.737326
137.783001,301,16693.705401
141.285957,253,16695.333942
66.414187,253,16709.59847
72.791802,148,16710.552371
774.732663,1000,16716.986638
-24.469633,158,16717.963719
46.65142,138,16718.859526
54.55365,186,16720.056175
24.135352,61,16720.450779
670.853549,1000,16737.256385
17.334884,118,16738.024689
495.255812,1000,16744.443025
906.127524,1000,16762.834308
67.731587,189,16764.052619
70.429717,130,16764.892671
297.663629,1000,16780.817608
-23.063876,95,16781.406489
554.456676,1000,16787.815809
-135.183042,403,16790.40009
605.437747,1000,16805.631189
527.761126,1000,16812.064173
-16.649226,100,16812.726287
42.781146,132,16813.562321
65.20719,118,16814.332293
90.953663,145,16824.693908
56.653991,157,16825.688714
509.219489,1000,16832.24027
-26.225803,65,16832.651172
5.099122,74,16833.112115
193.655224,433,16835.811286
128.242206,215,16837.185735
-31.322774,74,16845.256411
-60.380956,122,16846.03089
-12.284973,153,16847.037633
69.332558,126,16847.850347
45.437929,141,16848.755123
59.681367,160,16849.80937
282.62416,713,16854.421378
61.390251,136,16855.313844
-573.639653,1000,16870.275176
27.750914,123,16871.064054
89.383036,214,16872.471914
84.944693,208,16873.81319
99.791417,178,16874.965472
59.255077,174,16876.071238
853.048202,1000,16893.421897
-54.927761,1000,16899.785117
105.97391,253,16901.396969
24.022726,214,16902.737536
799.773146,1000,16918.31584
422.715296,1000,16924.732642
1174.017099,1000,16937.749329
36.111089,152,16938.697457
-136.800572,1000,16945.112462
654.419929,1000,16963.337168
930.129381,1000,16969.810867
68.092842,167,16970.923624
-80.43807,195,16980.700548
-122.414735,114,16981.478676
747.476122,1000,16987.982637
519.923268,1000,17002.20467
1072.142267,1000,17008.642075
939.826479,1000,17023.831319
14.53327,124,17024.639998
75.690333,225,17026.040052
825.620681,1000,17032.454071
126.428532,283,17034.27584
682.938616,1000,17049.632727
443.772878,1000,17056.114036
970.147367,1000,17070.359519
61.594528,148,17071.320713
675.027505,1000,17077.831232
569.924102,1000,17093.37235
29.109451,293,17095.287089
857.354148,1000,17108.629088
872.548304,1000,17115.081655
-24.242796,268,17116.781654
70.41916,134,17117.647676
11.175141,232,17119.150729
506.972835,1000,17135.458045
-14.476461,188,17136.694757
58.25334,166,17137.785607
90.208853,180,17138.985949
94.103962,184,17140.184098
-58.561126,185,17141.353179
74.444456,202,17142.692631
7.305436,169,17143.746213
1051.795562,1000,17160.177255
88.763676,204,17161.45256
-11.79187,160,17162.592152
47.974011,174,17163.687104
-58.55737,1000,17179.031899
196.152131,1000,17185.426123
19.843554,85,17185.953197
-4.257472,129,17186.782428
185.028233,322,17188.849231
586.021333,1000,17205.752853
126.792588,198,17207.013456
807.000578,1000,17213.364746
884.810784,1000,17229.76437
719.277111,1000,17236.176188
101.919391,258,17245.286573
248.456885,1000,17251.662911
54.716913,484,17254.881759
212.890168,518,17267.807518
79.509946,305,17269.809609
655.290475,1000,17276.157645
448.493081,920,17293.425926
778.319339,1000,17299.828493
908.092595,1000,17314.105155
-114.754743,155,17315.084916
859.129869,1000,17321.521826
385.074435,1000,17336.396959
-39.516248,54,17336.74703
50.537221,128,17337.558259
66.980934,161,17338.599744
88.163789,268,17340.315801
73.347373,154,17341.289732
853.355004,1000,17358.766481
48.58778,156,17359.758143
315.011233,425,17362.514159
798.282048,1000,17368.978745
266.101076,652,17381.207574
-13.3786,264,17382.905962
556.11083,1000,17389.354883
619.961516,1000,17405.561432
73.468817,464,17408.598653
440.94164,1000,17414.990005
472.174114,1000,17429.299299
683.330956,1000,17435.775132
58.683556,137,17445.03902
171.985384,308,17447.000668
75.071149,213,17448.377388
126.100628,194,17449.628723
105.538372,208,17450.969103
90.176781,235,17452.508104
133.949149,474,17455.536665
68.697179,186,17456.740295
-104.550301,412,17466.510995
921.986035,1000,17473.003135
-14.712616,393,17475.540501
-27.311864,67,17475.971137
111.634957,326,17478.041859
-124.092775,304,17489.21438
-60.099348,389,17491.706352
28.18786,89,17492.399933
63.263183,338,17494.524321
61.191737,163,17495.547954
11.737652,73,17496.044386
35.664571,101,17496.668732
-18.050872,72,17497.127757
560.576998,1000,17515.210234
622.353808,1000,17521.672659
110.209956,177,17522.909432
744.30905,1000,17538.912878
607.762205,1000,17545.325377
819.167627,1000,17562.35723
-555.3055,1000,17568.825307
571.103666,1000,17581.755761
192.917,556,17585.465827
-46.557187,59,17585.846259
660.573084,1000,17602.720259
220.238363,316,17604.800793
-81.996592,183,17605.939727
981.059204,1000,17612.517295
43.606934,153,17613.477516
61.266793,194,17614.727096
101.279922,252,17628.507436
26.996612,144,17629.480259
63.689218,286,17631.300601
599.406607,1000,17637.765125
59.164214,141,17638.672626
42.988914,524,17651.701949
48.423954,138,17652.591689
-3.890935,217,17654.00905
45.1281,138,17654.902333
666.674195,1000,17661.294368
28.055318,165,17662.37634
-24.71317,161,17663.4415
737.010606,1000,17678.514629
923.442634,1000,17685.011748
-11.697811,345,17698.130943
23.154144,173,17699.273303
61.618853,199,17700.565793
-75.457382,147,17701.509273
-94.596014,310,17703.623636
63.005268,1000,17710.090583
81.340459,492,17722.990732
45.255376,323,17725.075694
-105.321542,166,17726.154448
43.513222,193,17727.392486
-23.970579,71,17727.841491
51.398883,114,17728.589929
431.141599,1000,17745.570192
733.980938,1000,17752.021894
86.036343,154,17753.033803
-28.452438,52,17753.330371
120.599853,211,17754.720299
-41.15367,78,17755.20618
104.597592,186,17756.404177
-10.530512,91,17756.969117
-25.159515,112,17767.364045
813.007751,1000,17773.85402
2.520815,263,17775.573603
711.358196,1000,17791.435956
119.892718,383,17794.016469
500.47616,1000,17800.494023
615.280282,1000,17817.659211
33.546648,112,17818.353877
-3.397237,70,17818.804796
4.926068,143,17819.75886
-42.641012,100,17820.376566
57.395273,350,17822.724386
985.575283,1000,17839.334651
-80.724965,178,17840.49565
61.002833,213,17841.853203
68.653385,190,17843.109587
-53.858464,106,17843.805726
69.209828,247,17845.409217
-36.894232,78,17845.90887
14.462115,181,17847.078811
535.31107,1000,17863.912293
8.631165,67,17864.368764
97.922235,351,17866.624533
397.995802,1000,17873.081254
146.360224,518,17887.014963
244.358837,1000,17893.494186
325.059855,1000,17909.120519
-44.963672,184,17910.310792
33.470627,156,17911.296999
485.375403,1000,17917.809368
49.322855,178,17918.964612
1030.083755,1000,17937.732955
657.684992,1000,17944.299753
803.384991,1000,17962.048533
841.686121,1000,17968.449123
852.588053,1000,17986.828826
70.664453,175,17987.972075
28.124002,136,17988.853102
29.054462,95,17989.442364
136.727162,340,17991.671489
3.853329,371,17994.030523
60.758907,119,17994.801855
82.442103,190,18007.632294
-20.13085,50,18007.968433
84.328848,162,18009.021837
57.70463,226,18010.45253
164.707063,322,18012.524306
41.795954,93,18013.142058
142.0062,1000,18019.618953
115.564929,250,18032.425756
-192.429526,309,18034.431185
671.718511,1000,18040.868377
862.99035,1000,18060.409605
88.905372,413,18063.155488
381.305671,1000,18069.530964
646.499169,1000,18087.782326
806.21149,1000,18094.318532
701.553984,1000,18111.649617
-5.928949,1000,18118.070493
952.743036,1000,18135.547857
71.845487,220,18136.982801
625.971055,1000,18143.400454
746.036046,1000,18159.42061
-28.047034,126,18160.248401
857.261691,1000,18166.696707
479.833327,1000,18182.597653
28.014568,73,18183.067698
-4.116825,140,18184.028464
48.607003,114,18184.734655
631.344347,1000,18204.364484
63.862195,207,18205.709195
-130.015742,532,18209.185166
816.232607,1000,18215.620612
-34.966571,443,18229.833547
505.530041,1000,18236.26338
488.314059,1000,18253.712923
783.727436,1000,18260.200162
414.29511,1000,18277.897999
38.665199,159,18278.902089
398.173319,1000,18285.368805
65.833201,180,18286.505173
34.617782,115,18287.198745
34.266432,130,18288.041955
39.426638,96,18288.666573
42.985806,193,18300.434222
895.202566,1000,18306.945729
18.903231,86,18307.508528
573.342984,1000,18324.042816
776.768307,1000,18330.400604
27.8327,122,18331.201924
-13.978333,228,18332.752133
30.41629,87,18333.287618
700.298228,1000,18348.131261
38.650663,218,18349.531147
201.088737,409,18352.137822
247.094809,624,18356.143008
601.825313,1000,18375.137412
51.386148,216,18376.54098
842.357254,1000,18383.006123
128.718024,1000,18402.5371
65.555446,204,18403.88994
27.613335,104,18404.537881
802.329157,1000,18419.606119
-44.854106,337,18421.779945
37.666473,179,18423.049277
74.621857,266,18424.752316
19.161645,81,18425.264625
230.261916,1000,18431.712715
413.211282,1000,18449.987673
95.412169,400,18452.637206
672.287046,1000,18471.60354
450.416508,1000,18477.996325
149.400477,323,18480.057285
270.747334,487,18495.303262
311.451493,542,18498.782997
69.87257,262,18500.467457
229.578543,368,18502.830642
43.544787,140,18503.707494
48.786537,128,18504.541628
-12.56442,202,18505.834285
66.773699,130,18506.667446
75.994436,285,18517.869482
279.635514,1000,18524.258805
371.281255,1000,18538.661654
131.438382,224,18540.166884
665.47359,1000,18546.710553
549.792133,1000,18562.907323
214.303773,1000,18569.253256
585.816606,1000,18585.685351
-272.261946,1000,18592.18311
538.492577,1000,18611.640581
-104.109543,368,18614.03846
272.533183,589,18617.839741
464.653019,1000,18634.658204
-1.436618,675,18639.019382
264.74192,433,18641.814142
42.515905,112,18642.556005
488.55471,1000,18659.429575
-18.987184,205,18660.755875
711.695407,1000,18667.296214
19.736927,96,18667.922813
383.626988,1000,18684.042684
-18.504416,348,18686.236367
118.139432,653,18690.47084
71.384984,211,18691.844895
189.432674,536,18705.440688
783.381886,1000,18711.887463
1090.040966,1000,18728.794957
35.022981,287,18730.65967
516.614412,1000,18737.026622
59.613496,228,18738.493452
60.370146,160,18739.512624
6.535433,225,18740.994603
124.633185,280,18753.406008
88.556999,126,18754.224459
101.765287,277,18756.006928
51.167056,153,18756.996372
51.946517,183,18758.190835
87.346513,229,18759.631003
666.582216,1000,18778.102792
114.316997,358,18780.438087
347.276997,925,18786.478158
45.602175,144,18787.384531
48.410654,112,18788.112866
582.478551,1000,18802.828032
300.033268,1000,18809.260406
0.627859,97,18809.901619
-410.712001,1000,18824.708652
752.916921,1000,18831.166188
67.21176,150,18832.133561
42.343389,339,18843.175874
127.487948,331,18845.324774
858.398317,1000,18851.738441
849.727952,1000,18867.124543
862.173319,1000,18873.61763
685.118447,1000,18890.65278
105.141596,298,18892.624702
588.250983,1000,18899.105457
70.38645,235,18900.600576
43.204927,161,18909.989101
421.207024,1000,18916.489612
130.365812,315,18918.536267
-14.769882,100,18919.203573
863.392533,1000,18936.35525
8.988349,81,18936.857792
122.090937,248,18938.469468
-132.051415,187,18939.671347
116.782341,905,18945.548561
179.175634,378,18956.771273
230.64521,588,18960.571232
391.999172,1000,18967.086612
752.950871,1000,18985.810293
85.48797,203,18987.143628
93.059757,283,18988.9911
-17.402152,62,18989.388322
62.126125,204,18990.707981
52.333393,220,18992.159799
6.961723,239,18993.768712
-626.794198,826,19008.598239
104.333221,372,19011.035062
73.090714,139,19011.927903
1255.320765,1000,19030.544141
1005.924326,1000,19036.894157
44.57436,129,19037.746065
115.30452,273,19039.503842
28.92292,101,19040.164348
47.649451,102,19040.83781
36.525063,205,19042.148497
7.952696,256,19051.94054
56.551738,272,19053.785818
-19.792872,103,19054.475476
554.55079,1000,19060.934621
26.280829,90,19061.545587
70.682331,165,19062.584053
914.159,1000,19081.292904
828.314736,1000,19087.844305
667.878775,1000,19103.920678
61.66414,204,19105.217166
613.128504,1000,19111.676916
590.712042,1000,19126.782955
725.422533,1000,19133.233121
80.943372,306,19146.635797
376.806796,1000,19153.054671
568.088326,1000,19170.590345
645.076549,1000,19177.099963
138.613861,212,19178.43566
725.797556,1000,19195.560467
254.213551,1000,19202.023509
692.072701,1000,19218.710469
73.240739,191,19219.962646
110.041606,152,19220.923438
808.022116,1000,19227.368824
22.491698,82,19227.884183
-97.739483,202,19229.178549
679.593364,1000,19247.294642
473.123394,1000,19253.783099
236.497663,591,19266.286955
49.112195,97,19266.907768
452.113192,1000,19273.357995
85.053458,244,19274.949426
-93.538765,488,19289.091503
566.813761,1000,19295.631641
107.257425,348,19297.896575
859.381883,1000,19313.665697
84.231309,168,19314.748134
823.114786,1000,19321.152753
150.804104,331,19323.396061
705.756214,1000,19340.749329
1155.204241,1000,19347.255981
169.962386,379,19357.662166
659.116667,1000,19364.122576
503.052099,934,19379.12135
52.39249,121,19379.907526
27.309036,183,19381.113733
159.020407,221,19382.607774
417.787193,1000,19388.998284
-73.190728,289,19390.817102
642.714296,1000,19409.692338
452.364117,1000,19416.162591
760.533575,1000,19434.526977
-128.50437,247,19436.123187
26.572621,79,19436.617096
37.83635,91,19437.221913
42.617695,246,19438.837385
790.449438,1000,19454.040736
-24.055108,423,19456.822273
621.540649,1000,19463.272915
138.594207,1000,19480.115586
106.136777,371,19482.522221
8.422001,86,19483.066746
-59.249731,260,19484.739048
617.531463,1000,19499.13434
111.043663,314,19501.167398
232.926807,472,19504.290864
29.037867,87,19504.8741
900.257981,1000,19521.570923
-6.436341,54,19521.917647
538.235603,1000,19528.459163
60.581671,168,19529.517431
71.301824,754,19543.625442
78.427242,217,19545.054623
-38.334423,123,19545.867704
102.406426,278,19547.722116
212.846419,355,19549.985981
327.894988,1000,19568.760896
43.338872,137,19569.635581
839.907877,1000,19576.124372
73.43151,293,19577.980413
651.294247,1000,19594.535975
-69.472881,349,19596.780974
362.377593,1000,19603.282763
374.647277,1000,19621.941041
-78.029595,697,19626.49332
-34.12328,489,19629.616064
156.357723,373,19642.300967
-90.423661,130,19643.137754
720.803818,1000,19649.635425
504.432249,1000,19666.700107
141.5239,314,19668.721686
334.109839,711,19673.316547
4.226363,49,19673.634345
82.602749,183,19674.814347
1083.856454,1000,19692.885518
20.171309,485,19696.040899
-37.793114,128,19696.854014
583.689281,1000,19713.164781
-12.183282,314,19715.225672
644.66121,1000,19721.637727
344.432279,940,19739.381701
727.229222,967,19745.696414
489.559304,1000,19764.012625
66.112201,217,19765.408889
125.53265,273,19767.165434
104.360473,333,19769.291046
453.69522,1000,19788.794312
425.91656,1000,19795.258268
972.248791,1000,19801.687714
84.841006,184,19814.201184
860.114291,1000,19820.651758
73.460061,204,19821.956491
822.73517,1000,19840.678456
39.87425,166,19841.726208
106.603519,305,19843.710918
787.384463,1000,19850.175508
77.382083,151,19851.142214
91.807955,200,19862.984549
92.629537,427,19865.737985
454.869027,796,19870.889427
659.304927,1000,19887.7413
968.581762,1000,19894.251906
517.010198,1000,19910.581364
711.504542,1000,19917.039855
571.7164,1000,19934.310217
39.626022,133,19935.165802
685.621406,1000,19941.562641
43.6994,128,19942.386242
-27.226711,671,19958.309431
454.474657,1000,19964.641759
990.770772,1000,19981.673425
200.505937,376,19984.221044
108.712445,249,19985.823697
774.859656,1000,19992.277227
-51.188716,371,19994.687119
-113.290871,90,20005.707194
694.724105,1000,20012.28704
-84.418959,177,20013.513229
847.392712,1000,20029.937229
549.651067,1000,20036.436429
-153.068688,464,20039.440024
60.523085,166,20040.534674
435.734143,1000,20057.764508
48.928041,159,20058.787511
4.448665,119,20059.55341
276.264055,1000,20065.950317
365.710319,685,20083.0499
164.98028,409,20085.726188
46.837562,141,20086.621153
966.017728,1000,20104.832365
519.381016,1000,20111.258777
357.572083,554,20114.857123
100.666047,253,20116.516178
663.077324,1000,20134.386249
420.126819,1000,20140.788661
459.146972,1000,20158.885983
-14.158702,218,20160.276724
17.920493,96,20160.873947
-210.566095,1000,20178.140166
27.735373,438,20180.999529
792.186682,1000,20187.432302
903.346654,1000,20204.451459
97.011637,209,20205.780589
138.291686,276,20207.593107
61.014963,421,20210.264203
245.427338,1000,20227.257014
5.171548,56,20227.614218
732.625945,1000,20234.04569
599.46505,1000,20250.173961
170.425758,351,20252.515638
66.128103,241,20254.046595
-112.917119,1000,20260.52323
280.300045,1000,20276.952752
738.892817,1000,20283.496155
403.200369,1000,20301.578336
432.712949,1000,20307.89542
519.578622,1000,20325.488484
117.674217,395,20328.044799
122.372943,232,20329.547425
269.859309,951,20346.691124
-42.744043,116,20347.446292
341.80043,1000,20353.846055
-393.806228,1000,20374.362425
264.707453,1000,20380.778466
17.182232,166,20381.878099
406.225034,1000,20398.104544
-56.861427,304,20400.049685
57.911531,130,20400.8738
5.166096,477,20404.047105
103.185716,405,20406.634887
136.168466,404,20419.094121
101.935301,256,20420.718855
-17.54895,95,20421.354512
949.459947,1000,20427.795902
606.20483,1000,20446.464475
-59.167693,205,20447.802099
77.432959,260,20449.476902
652.106345,1000,20455.95246
491.468615,1000,20472.911083
-15.411492,123,20473.702532
-16.185148,112,20474.380294
415.543078,775,20479.36837
57.613791,199,20492.922073
290.539914,880,20498.590249
230.075312,1000,20505.02836
-124.374462,435,20518.583972
1179.010685,1000,20525.074512
127.477094,740,20541.278871
201.295277,1000,20547.829836
831.669266,1000,20567.326098
-6.049039,159,20568.382851
261.641583,651,20572.565092
84.284164,307,20574.526557
387.374723,1000,20594.025692
167.383245,279,20595.880544
751.53779,1000,20602.265312
519.263316,1000,20621.0566
-190.511564,222,20622.486609
91.802719,269,20624.275233
641.536798,1000,20630.668229
683.175835,1000,20649.680802
25.81359,179,20650.8554
810.407277,1000,20657.256187
876.606043,1000,20676.595655
109.579243,197,20677.868752
202.546342,1000,20695.65632
334.202278,724,20700.332803
-50.079876,149,20701.28189
126.336817,1000,20707.809653
473.661965,495,20724.48438
21.127642,127,20725.300893
-12.384182,151,20726.258979
114.725165,425,20729.034951
676.719851,1000,20749.061298
-313.041143,1000,20755.548805
48.592876,177,20756.720461
1059.920137,1000,20776.547192
706.64264,1000,20783.025954
742.599845,1000,20802.640656
53.617081,1000,20809.166431
312.465228,1000,20828.223572
581.095448,1000,20834.678891
683.500095,1000,20853.462533
400.504728,1000,20859.944226
903.656868,1000,20866.327465
78.081776,154,20879.549134
120.450304,1000,20886.090549
553.304372,1000,20906.048469
1088.552976,1000,20912.472952
880.27019,1000,20933.193111
88.319696,302,20935.154297
61.520395,724,20939.828274
-99.018384,480,20943.071444
711.641113,1000,20960.405354
190.392308,376,20962.864657
444.75037,813,20968.106131
50.94832,151,20969.068244
38.594556,193,20970.3234
42.451579,102,20984.585253
-6.203751,76,20985.073426
30.377943,78,20985.59057
127.182708,207,20986.913241
14.156151,183,20988.093692
62.611057,143,20989.055956
437.39118,1000,20995.465865
-18.782357,498,21011.597458
618.116747,1000,21018.114776
847.259718,1000,21035.724887
-12.9672,201,21037.007568
154.645515,1000,21043.478056
412.086272,1000,21061.63395
543.912569,1000,21068.135015
473.647541,1000,21084.781276
-57.059935,224,21086.167444
117.868206,215,21087.593927
-22.470868,88,21088.146571
511.084709,1000,21094.756691
14.114113,251,21108.895644
107.545661,380,21111.348728
39.991253,111,21112.049953
38.090228,200,21113.32606
744.250087,1000,21119.865619
652.380629,1000,21138.184183
770.164057,1000,21144.634347
864.530959,1000,21163.547957
86.356493,247,21165.154035
25.30356,252,21166.785029
496.8917,1000,21182.591686
125.424926,217,21184.090211
67.906794,180,21185.252188
718.331945,1000,21191.707429
-65.405701,540,21195.185335
-53.278301,190,21205.975179
17.516081,248,21207.54922
602.087468,1000,21214.134308
-169.430632,311,21216.142308
979.391765,1000,21237.544894
200.486933,432,21240.327596
86.592087,247,21241.939975
106.968311,221,21243.46842
533.563121,1000,21262.233424
779.495316,1000,21268.744018
124.722377,299,21270.716665
-25.366403,161,21271.744268
774.522893,1000,21289.490575
-72.853713,224,21290.936517
142.982003,314,21292.969466
-104.44831,135,21293.843482
-10.576213,205,21295.136064
586.001446,815,21312.58071
109.174399,319,21314.692918
-470.319831,1000,21321.198574
95.377722,278,21334.45346
235.184428,575,21338.19788
16.489776,132,21339.023064
79.081736,262,21340.715497
549.092817,1000,21360.321245
841.356862,1000,21366.812881
414.91561,1000,21373.250032
291.9623,1000,21394.109123
122.485467,287,21395.910747
784.872845,1000,21414.026915
-37.611926,179,21415.183372
628.28193,1000,21421.671257
93.066517,289,21423.636402
625.097731,1000,21441.411314
696.059109,1000,21447.946741
-113.822913,209,21449.319232
837.991993,1000,21468.932322
299.932404,1000,21475.340831
32.718917,1000,21493.455677
403.800964,1000,21499.914261
92.62835,275,21501.694697
361.610312,1000,21519.46224
529.318788,1000,21525.890017
130.227569,264,21539.116713
1135.496311,1000,21545.677423
380.155344,1000,21565.711541
-0.505667,252,21567.383744
428.599893,1000,21573.975192
5.600442,503,21577.248685
-57.950969,204,21592.931276
617.639335,1000,21599.433558
590.987885,1000,21620.780901
102.291894,249,21622.39541
-58.723504,1000,21628.861937
785.954598,1000,21647.83551
39.370386,148,21648.777155
254.537565,431,21651.553514
720.268137,1000,21657.964551
587.531497,1000,21678.149542
593.108585,1000,21684.622386
294.496264,678,21702.192196
711.647358,1000,21708.649103
76.865127,201,21709.939058
9.989943,1000,21730.266529
40.217903,118,21730.985342
851.966752,1000,21737.467672
126.768509,196,21738.726228
290.649775,1000,21758.180827
818.80148,1000,21764.635702
124.625378,1000,21784.009155
904.070472,1000,21790.490319
377.409818,1000,21809.943111
522.201692,1000,21816.514681
85.909647,226,21817.970536
139.276659,200,21832.136229
624.024016,1000,21838.593607
45.157214,192,21839.830889
404.517347,1000,21860.438525
976.753193,1000,21866.908637
37.221765,269,21868.656894
593.743769,1000,21888.568461
67.731505,196,21889.855001
41.694914,98,21890.523283
272.663371,651,21894.75039
-65.827273,248,21896.367727
646.733855,1000,21914.695364
77.468902,273,21916.478851
-8.838236,321,21918.579153
581.477001,948,21937.729629
27.87512,117,21938.46024
200.460748,1000,21944.959398
91.67198,260,21946.64032
705.164737,1000,21966.514703
461.592475,1000,21972.986933
511.316765,1000,21991.074356
791.418807,1000,21997.615198
828.226989,1000,22015.233875
38.720108,155,22016.24597
883.375577,1000,22022.717165
298.029338,1000,22044.683607
511.04959,1000,22051.135249
-0.433452,104,22051.774387
-62.232681,138,22052.671947
403.118331,1000,22069.529885
39.681669,150,22070.485002
-78.883714,70,22070.926766
541.154935,1000,22077.437974
526.484116,1000,22097.354067
-187.735665,1000,22103.790085
871.796517,1000,22122.927063
-158.687721,453,22125.856072
199.946374,452,22128.769841
89.582869,186,22129.98671
368.083941,697,22147.565602
659.427573,1000,22154.008308
-605.670387,1000,22174.224742
561.908077,1000,22180.595877
95.061607,286,22182.417648
871.190422,1000,22203.117119
5.489355,88,22203.663787
509.281597,1000,22210.122609
333.871521,1000,22231.023232
116.255706,373,22233.51781
78.044455,204,22234.8307
300.748673,1000,22254.143839
582.79975,1000,22260.617806
674.85753,1000,22280.860012
322.507461,1000,22287.353395
218.196724,660,22291.621946
662.214066,1000,22308.958347
-59.19937,156,22309.957393
597.892029,1000,22316.412947
879.150398,1000,22334.980047
399.607102,1000,22341.415457
848.427844,1000,22361.425488
243.059445,1000,22367.883287
284.393551,1000,22386.551455
157.115234,291,22388.43128
602.464887,1000,22406.688967
48.069369,149,22407.678044
172.419803,1000,22414.201393
641.065002,1000,22435.063188
691.341387,1000,22441.477401
909.332515,1000,22458.60144
75.018846,342,22460.796953
674.673241,1000,22467.343211
104.662341,274,22469.090361
-6.046459,121,22469.88645
844.217003,1000,22491.227522
616.72785,1000,22497.654374
718.20159,1000,22514.590258
139.406212,1000,22521.011553
110.964881,274,22522.766918
814.039193,1000,22541.667363
89.791894,1000,22548.108426
757.530553,1000,22565.775616
104.335776,217,22567.146416
602.652296,1000,22581.589674
300.540048,1000,22588.022601
-5.262662,102,22588.66404
905.92661,1000,22607.510627
82.16805,208,22608.846462
198.362121,380,22611.277575
56.656911,170,22612.389049
67.902238,152,22613.355722
1011.384673,1000,22628.546784
-21.743494,239,22630.103072
245.871267,505,22633.347748
625.291396,1000,22639.764651
-24.225573,96,22640.360347
105.46568,300,22652.135969
50.66783,112,22652.920916
383.325383,860,22658.485935
33.32934,89,22659.07212
150.062906,298,22660.979003
733.783974,1000,22677.695973
14.120939,251,22679.31169
-25.661265,60,22679.702141
53.755035,241,22681.237561
634.254568,1000,22687.698493
698.803106,1000,22705.714436
689.682778,1000,22712.102421
31.701285,139,22725.700014
607.98675,1000,22732.062178
46.679084,238,22733.614025
119.856578,449,22736.499928
155.09122,278,22738.261887
328.926149,1000,22756.647623
873.334304,1000,22763.083523
139.742723,245,22777.771692
689.958235,1000,22784.268001
52.948832,205,22785.598794
49.290999,253,22787.223162
5.647886,35,22787.469754
-13.789042,206,22788.790235
-9.706814,61,22789.179085
38.204646,309,22802.959759
-14.728952,124,22803.850911
-513.760237,1000,22810.289783
89.209763,287,22812.188205
528.124829,1000,22830.034068
69.376228,287,22831.925366
689.750675,1000,22838.44076
54.412153,197,22839.754753
716.133266,1000,22857.178271
524.806276,1000,22863.761034
197.788806,1000,22885.193459
864.625522,1000,22891.737301
194.94693,504,22907.975228
557.582829,1000,22914.454666
-98.490405,1000,22932.169065
-150.014494,1000,22938.625918
1084.593882,1000,22958.863437
76.999192,164,22959.936104
532.541436,970,22966.213044
340.594699,1000,22986.005123
947.162672,1000,22992.466946
1131.571958,1000,23009.838472
406.975451,1000,23016.350811
768.36961,1000,23035.188293
27.076849,287,23037.054215
385.974616,1000,23043.570263
452.181985,1000,23062.704231
587.008778,1000,23069.158849
51.175676,310,23071.091619
12.992125,144,23072.04488
972.04476,1000,23086.966498
643.667062,1000,23093.4048
47.915905,117,23094.154827
442.209438,1000,23110.045719
808.684048,1000,23116.435393
-83.990798,260,23128.482708
711.812866,1000,23135.067165
1001.785999,1000,23153.903849
-8.453228,101,23154.578715
-85.010916,268,23156.281095
86.070348,232,23157.787661
-16.800342,109,23158.443665
239.590916,433,23161.239303
582.280748,1000,23178.727699
267.728431,1000,23185.172456
-339.834029,1000,23204.067726
45.526016,202,23205.406435
46.719725,109,23206.134149
381.253355,1000,23212.612083
395.791102,1000,23232.842287
95.578993,178,23234.008269
680.454777,1000,23240.440147
146.948025,248,23241.991773
438.627441,1000,23263.555365
426.931336,1000,23270.010727
162.866539,282,23285.049884
328.306693,1000,23291.478805
-258.47402,1000,23297.820388
11.595996,194,23312.229399
-14.198206,117,23313.018874
126.502702,266,23314.801234
773.12227,1000,23321.251298
311.37793,1000,23338.635191
600.109654,1000,23345.170777
586.144902,1000,23362.102541
836.551457,1000,23368.546804
592.422305,1000,23383.083921
-140.02196,85,23383.618374
150.660958,361,23385.944658
1020.419647,1000,23392.467772
258.870946,1000,23411.742157
512.968784,1000,23418.110846
617.908429,1000,23435.224224
269.847906,500,23438.378018
537.954604,1000,23456.578293
45.183642,254,23458.206251
-584.922184,1000,23464.767506
-185.73489,452,23467.632951
323.378748,664,23482.173589
14.264485,55,23482.539715
499.769384,1000,23488.962329
627.302398,1000,23509.555565
420.83872,1000,23516.089468
560.851664,1000,23531.773911
-34.560132,85,23532.344569
445.072656,1000,23538.743975
132.986965,264,23540.451248
222.147319,374,23555.76958
74.389777,276,23557.577044
236.417847,1000,23564.042471
979.551534,1000,23581.982179
374.229343,721,23586.736446
-3.605794,105,23587.411419
34.38914,378,23589.833705
-10.251269,66,23590.260321
43.157632,123,23591.057981
-65.74418,265,23606.291541
938.107,1000,23612.702505
463.26716,1000,23619.155514
842.133609,1000,23637.525318
16.118063,1000,23644.026885
263.816018,352,23658.114182
608.965628,947,23664.200534
-45.948711,294,23666.040642
702.321199,1000,23684.627676
510.152189,1000,23691.023492
827.343752,1000,23710.289517
642.584621,1000,23716.684294
475.71098,1000,23734.017153
494.578442,1000,23740.466332
81.171581,369,23742.865921
-15.059774,79,23743.353087
699.477121,1000,23759.304655
561.032641,1000,23765.840091
-26.22945,85,23766.401086
-9.057307,135,23767.263447
166.442601,438,23782.843587
360.106913,1000,23789.267668
961.611464,1000,23804.840282
727.990981,1000,23811.237706
447.611998,1000,23828.674113
55.821251,248,23830.28963
614.18413,1000,23836.711708
-53.489626,147,23837.682537
179.421567,333,23839.788991
-148.488884,201,23853.788125
157.549408,831,23859.097041
98.163488,338,23861.248527
322.287777,709,23865.81912
-214.280396,971,23883.698485
-51.775557,1000,23890.075897
195.431079,481,23904.717562
355.045029,519,23908.035289
589.33247,1000,23914.572537
22.778606,144,23926.898882
781.055913,1000,23933.30805
72.781951,250,23934.902007
825.022955,1000,23954.781189
-109.580142,1000,23961.222063
909.161379,1000,23979.48425
97.412372,497,23982.780252
152.263071,481,23985.886322
338.964708,906,24007.437475
837.612783,1000,24013.903172
692.150349,1000,24020.357817
40.51432,142,24031.748256
-118.510552,192,24033.003519
101.680463,167,24034.189801
-9.041017,220,24035.575189
86.807225,158,24036.62068
1083.918964,1000,24043.063863
934.291825,1000,24060.056541
900.72201,1000,24066.503311
-38.270447,112,24067.22023
659.484372,1000,24081.906847
389.081849,1000,24088.321117
502.253127,1000,24106.485082
578.618077,1000,24112.943067
830.464381,1000,24129.824145
1044.096912,1000,24136.203152
503.524155,1000,24153.567573
667.114224,1000,24159.96584
685.91465,1000,24178.686072
537.330107,1000,24185.223684
892.171815,1000,24205.027699
33.778881,1000,24211.499144
835.488362,1000,24231.403109
843.504569,1000,24237.842922
717.571585,1000,24256.020507
778.82059,1000,24262.419109
820.036977,1000,24281.636775
557.174262,1000,24288.037563
1100.325419,1000,24309.197197
223.006049,986,24315.518636
698.892077,1000,24336.043452
938.861319,1000,24342.433136
-18.026429,160,24343.437017
666.887685,1000,24363.727012
-588.236279,1000,24370.081596
119.053558,1000,24388.067423
748.300535,1000,24394.629332
773.258691,1000,24414.881253
620.967502,1000,24421.306112
687.390615,1000,24441.97032
6.735436,882,24447.619337
38.404481,222,24449.096621
32.392293,132,24449.959023
954.663995,1000,24469.712097
966.58094,1000,24476.116368
45.562876,192,24477.361012
284.626456,1000,24498.639326
115.691717,1000,24505.056529
741.897359,1000,24523.441358
726.068358,1000,24529.877627
8.504878,160,24530.870472
1056.860749,1000,24547.843612
277.140109,1000,24554.197788
889.056225,1000,24571.433125
525.273972,791,24576.603309
-448.935482,1000,24596.290931
986.885047,1000,24602.72445
132.526663,232,24604.274456
910.533056,1000,24623.757122
78.104593,327,24625.86148
878.331484,1000,24632.376965
717.84419,1000,24652.595208
550.151055,1000,24659.003493
431.142189,1000,24680.167485
-40.467498,219,24681.570352
234.251243,466,24684.522762
137.959022,208,24685.838273
1074.19332,1000,24707.143209
996.81094,1000,24713.534248
-494.205914,1000,24732.546721
199.64413,1000,24738.990168
750.670145,1000,24761.796683
754.799579,1000,24768.159425
909.058739,1000,24789.34693
829.901646,1000,24795.699121
2.636408,767,24814.779415
-81.643088,136,24815.693661
780.145697,1000,24822.024548
311.329508,1000,24842.898746
-0.3257,1000,24849.42868
531.561784,1000,24871.220635
733.837179,1000,24877.76774
76.721854,293,24879.609963
493.897246,1000,24899.325948
668.00351,1000,24905.822554
-63.566132,220,24907.213138
757.544751,1000,24927.742359
32.514248,1000,24934.206809
799.054679,1000,24956.298304
82.213663,612,24960.206224
-253.756177,1000,24983.515536
33.020477,295,24985.392564
635.892445,1000,24991.759997
972.106161,1000,25013.203136
-202.999725,1000,25019.597786
-38.786242,178,25020.703424
532.186344,1000,25039.601167
709.892165,1000,25045.964521
988.908283,1000,25067.919188
596.394599,1000,25074.410576
569.94521,1000,25094.035776
735.934058,1000,25100.374652
914.556211,1000,25121.520922
572.146803,1000,25127.913744
127.256029,232,25129.390797
159.248777,396,25147.877093
524.4227,1000,25154.306401
982.288936,1000,25160.600212
7.684507,162,25175.329356
138.02187,280,25177.139159
546.376614,1000,25183.610209
340.447442,601,25187.420782
737.964718,1000,25209.28667
912.112552,1000,25215.675364
629.682586,783,25235.164472
366.020485,1000,25241.513604
290.618394,663,25260.050433
-36.361128,228,25261.524738
1261.725401,1000,25267.970494
48.689534,357,25270.252401
656.305235,1000,25289.874017
67.652917,186,25291.069695
87.469614,241,25292.623696
180.385095,1000,25312.940056
591.715752,1000,25319.377089
-9.043539,215,25320.731426
785.54212,1000,25340.027356
1036.022397,1000,25346.392022
514.098516,1000,25367.727907
635.456401,1000,25374.172067
850.052746,1000,25395.695138
863.151261,1000,25402.043545
28.809313,173,25403.164984
736.640365,1000,25423.731753
527.283086,1000,25430.098705
176.267879,1000,25451.000168
375.870636,1000,25457.408673
880.530611,1000,25477.356139
479.046054,1000,25483.750038
564.09988,1000,25505.106994
397.20339,1000,25511.530599
436.098486,533,25514.928962
685.000936,1000,25534.896978
259.991437,1000,25541.280857
105.263625,669,25560.092698
-97.257163,514,25563.364801
783.587756,1000,25569.814309
231.483955,1000,25589.403471
26.643954,127,25590.199553
429.933689,1000,25596.761045
75.831901,219,25608.877174
208.362941,1000,25615.373372
-33.588935,188,25616.570894
481.971312,1000,25634.791562
490.677454,1000,25641.188142
-92.048478,283,25642.949131
1240.398757,1000,25664.48729
861.149529,1000,25670.955706
514.589524,1000,25690.197485
49.37683,309,25692.192401
139.147539,300,25694.103841
777.517177,1000,25714.175448
556.556545,1000,25720.632587
814.910224,1000,25741.389788
559.811491,953,25747.605125
896.470775,1000,25754.005414
522.649539,1000,25775.324748
355.517618,1000,25781.718693
-75.814309,214,25797.379952
496.378248,1000,25803.891534
309.715142,1000,25821.333181
929.319636,1000,25827.743664
792.271719,1000,25834.171253
130.224336,1000,25856.620846
859.688429,1000,25863.005118
449.270699,1000,25884.058264
759.269842,1000,25890.498359
39.351572,394,25906.090545
578.475161,1000,25912.466187
727.764212,1000,25932.241729
353.751687,1000,25938.698067
502.457905,1000,25960.012023
108.430747,176,25961.076809
539.118743,1000,25967.460458
1098.2958,1000,25988.490098
409.802095,787,25993.529864
258.977572,1000,26012.526632
830.33658,1000,26019.015135
788.639336,1000,26038.107484
694.869665,1000,26044.650318
131.211446,1000,26050.996372
-48.972504,224,26065.911382
219.400571,1000,26072.266138
425.109986,1000,26089.937735
558.310238,1000,26096.299325
535.549443,1000,26115.727235
807.615505,1000,26122.141322
636.191403,1000,26141.275039
77.086386,230,26142.794701
186.746828,1000,26149.107426
10.335894,203,26150.422744
878.681403,1000,26170.649907
811.608385,1000,26177.117947
888.859702,1000,26198.969917
952.167948,1000,26205.442069
71.201162,263,26207.109416
604.945763,1000,26228.849863
103.107348,224,26230.269071
974.330125,1000,26236.731347
850.072287,1000,26259.38695
911.825617,1000,26265.758662
713.650459,1000,26286.769172
1162.037612,1000,26293.088167
-21.444569,1000,26316.132552
718.748608,1000,26322.44861
621.633455,1000,26342.120682
724.940414,1000,26348.601984
678.122041,1000,26369.666095
619.899694,1000,26376.095376
816.506254,1000,26396.521306
817.162529,1000,26402.886766
544.923978,1000,26422.322578
918.6099,1000,26428.755058
363.581621,1000,26451.165406
108.8843,404,26453.765286
618.799869,1000,26460.078
647.045941,1000,26480.544381
108.20522,1000,26486.962594
671.747929,1000,26507.938876
852.636501,1000,26514.378558
207.704273,1000,26536.349626
572.231034,1000,26542.731697
480.263176,1000,26564.497779
-45.97448,143,26565.40489
526.841083,1000,26571.732825
563.967931,1000,26590.670238
110.052804,260,26592.351806
45.007925,151,26593.357001
-40.959689,249,26594.911063
693.994097,1000,26616.481002
109.681577,1000,26622.877476
57.626332,618,26626.81995
967.507816,1000,26647.676594
-78.505399,164,26648.735557
53.60716,148,26649.658304
930.816903,1000,26669.724103
895.819103,1000,26676.176104
779.362278,1000,26695.882533
993.198584,1000,26702.174095
428.617586,1000,26724.236589
778.726695,1000,26730.614457
-0.220481,1000,26750.927871
564.597303,1000,26757.303762
452.823571,1000,26763.615536
254.818551,449,26780.595231
30.103831,120,26781.389309
1049.796789,1000,26787.821059
364.1103,573,26805.390927
850.812929,1000,26811.77636
800.332708,1000,26832.772408
1005.497721,1000,26839.197826
859.557246,1000,26845.512652
-97.795539,256,26861.057781
-12.073799,130,26861.873383
763.647567,1000,26868.266571
-2.305261,1000,26887.412408
-421.044244,1000,26893.738818
-285.689439,1000,26913.925167
547.120257,1000,26920.367585
801.544268,1000,26939.970941
628.662695,1000,26946.490176
349.698346,1000,26966.698434
-711.633998,1000,26973.125471
-291.892868,1000,26993.650005
950.978386,1000,26999.965154
971.386435,1000,27020.462839
971.61619,1000,27026.825378
752.75105,1000,27046.071897
814.559695,1000,27052.446862
163.977065,1000,27058.72341
23.692564,76,27073.182858
-93.954804,258,27074.830272
288.416823,1000,27081.136844
761.152502,1000,27101.626636
781.182597,1000,27108.0691
846.774132,1000,27126.864891
73.386957,152,27127.864288
529.512396,1000,27134.209738
876.054245,1000,27156.382475
811.054759,1000,27162.7784
843.846893,1000,27183.775337
11.423442,166,27184.956869
956.815768,1000,27191.287258
731.941053,1000,27211.270751
780.139147,1000,27217.735706
653.538509,1000,27235.579627
830.609687,1000,27241.954233
205.96899,676,27246.32987
830.789303,1000,27266.683158
400.040993,1000,27273.028486
737.762962,1000,27293.044748
212.067801,821,27298.313965
667.215265,1000,27321.054198
625.382691,1000,27327.421388
90.3035,1000,27349.077877
353.567737,1000,27355.469679
796.033637,1000,27375.910679
436.514711,1000,27382.347584
1231.648253,1000,27404.119668
670.441608,1000,27410.515277
63.690166,302,27412.458366
360.77675,1000,27432.459924
489.132767,1000,27438.819927
1115.785776,1000,27459.297834
684.285316,1000,27465.613852
796.155197,1000,27486.184587
282.516218,1000,27492.493695
659.701785,1000,27513.307623
944.798372,1000,27519.799301
279.993866,1000,27538.008235
1175.525777,1000,27544.493112
-79.683934,137,27545.359428
-27.225487,128,27546.173694
956.634294,1000,27566.20075
1302.945853,1000,27572.500152
-89.423144,111,27573.225757
798.244524,1000,27593.934923
827.085706,1000,27600.284541
63.004707,192,27613.58983
108.073245,217,27615.029173
484.170133,1000,27621.416831
1048.208019,1000,27640.211278
100.046476,276,27641.953944
726.499163,1000,27648.369462
379.336635,1000,27667.814316
56.106883,213,27669.166653
114.048811,1000,27675.56673
-6.598491,106,27676.211686
60.4769,233,27677.731387
-256.568973,1000,27698.727857
102.026451,382,27701.14175
14.611856,142,27702.054181
920.885967,1000,27723.434149
648.397136,1000,27729.893187
760.100263,1000,27749.262105
-75.516216,179,27750.388571
29.186423,164,27751.459582
66.697557,263,27753.142563
713.295272,1000,27759.578142
784.520336,1000,27781.755275
893.59123,1000,27788.255379
79.515417,186,27803.303297
709.59065,1000,27809.584269
129.06893,333,27811.715431
1098.035014,1000,27832.126303
760.928165,1000,27838.470495
110.078152,211,27839.789767
721.343969,1000,27860.210467
104.925936,215,27861.578385
698.863351,1000,27867.989859
580.878885,1000,27888.222314
831.25822,1000,27894.628687
266.309325,504,27911.13566
924.599482,1000,27917.442867
741.428751,1000,27937.23828
804.53358,1000,27943.657316
704.369175,1000,27966.027176
-21.814076,182,27967.219929
601.875981,1000,27973.607562
661.957832,1000,27995.251175
849.278964,1000,28001.625691
520.523949,1000,28020.698675
128.947586,866,28026.305228
14.065032,106,28026.974317
560.331055,1000,28046.911721
700.463881,1000,28053.26197
-88.718152,1000,28074.311525
132.497833,347,28076.49313
255.826691,1000,28082.805907
231.707768,324,28084.939804
400.653079,1000,28106.228466
973.104707,1000,28112.551786
-35.254817,228,28114.009587
288.090063,1000,28136.310951
781.470863,1000,28142.680767
-97.066808,507,28158.718831
752.457558,1000,28165.087754
583.002871,1000,28186.223121
189.576532,1000,28192.553881
1152.546478,1000,28212.399623
-25.042453,1000,28218.812872
644.941161,1000,28237.850664
552.693018,1000,28244.155941
25.799702,212,28245.525232
823.677236,1000,28266.456142
-513.089151,1000,28272.807163
564.344155,1000,28293.065821
910.755146,1000,28299.53327
-39.356308,667,28303.794685
-76.234281,102,28304.469633
624.757789,1000,28326.145446
843.398732,1000,28332.492262
705.333428,1000,28352.815323
513.114284,1000,28359.270531
1008.345137,1000,28378.776141
374.596483,1000,28385.185617
1139.867771,1000,28405.648576
538.461892,1000,28412.081297
564.126279,1000,28433.205995
824.156059,1000,28439.542697
206.011902,474,28457.378629
913.579378,1000,28463.744918
-166.301965,1000,28483.601387
611.629367,1000,28490.06281
592.899071,1000,28511.303245
539.364669,1000,28517.683564
429.084035,1000,28535.999748
798.33075,1000,28542.391699
18.546024,231,28543.877547
104.608589,286,28545.683785
1019.517687,1000,28567.47628
829.487967,1000,28573.753804
811.95778,1000,28593.470892
703.438256,1000,28599.899442
881.691305,1000,28621.134878
-63.51924,216,28622.533501
713.238449,1000,28629.032335
278.668121,1000,28649.91791
823.787417,1000,28656.35694
505.165716,1000,28677.428187
115.011067,386,28679.90137
985.576899,1000,28686.434012
707.676229,1000,28702.468731
614.888596,1000,28708.855045
725.696735,1000,28730.255169
932.64093,1000,28736.681789
176.123693,1000,28756.281772
825.580096,1000,28762.699319
299.915978,1000,28784.221722
332.713851,434,28786.99509
657.350692,1000,28805.634426
660.978438,1000,28811.999266
179.495176,1000,28832.755256
680.967961,1000,28839.163689
924.658154,1000,28858.992862
640.667723,1000,28865.515793
923.326131,1000,28871.898294
310.263356,1000,28891.861142
726.084888,1000,28898.323539
592.523947,1000,28918.510879
373.981955,1000,28925.054375
292.9596,944,28945.250221
1047.262883,1000,28951.549113
659.894763,1000,28973.929734
838.91785,1000,28980.26901
588.064128,1000,28999.906971
581.293754,1000,29006.300153
349.462796,534,29024.176163
538.238801,1000,29030.541136
112.810647,674,29034.846396
326.482204,1000,29056.572628
476.78687,1000,29062.940984
853.446956,1000,29083.608437
-3.908535,239,29085.140352
750.734301,1000,29091.455873
97.764572,322,29106.96312
27.974581,147,29107.887554
442.726011,723,29112.494996
95.514948,216,29113.859587
622.671861,1000,29134.204443
65.760271,197,29135.540655
-93.520587,59,29135.907655
743.283438,1000,29142.234648
392.488183,909,29161.468276
71.155515,226,29162.909218
485.553927,1000,29169.432248
-53.429568,93,29170.0363
659.016733,1000,29188.90924
375.743561,1000,29195.381423
925.004861,1000,29217.616427
564.196277,1000,29223.969599
24.07754,136,29224.926165
433.868768,1000,29245.233185
-188.479651,446,29248.058486
609.135217,1000,29268.081061
48.543722,283,29269.895739
924.265829,1000,29276.204324
767.856201,1000,29298.459275
58.923311,1000,29304.836045
715.477864,1000,29326.882849
719.305659,1000,29333.227367
578.628765,1000,29355.152897
833.967119,1000,29361.463042
627.72786,1000,29380.863929
839.54209,1000,29387.210837
580.27916,1000,29406.164524
617.578783,1000,29412.525544
1075.058713,1000,29432.155599
676.083375,1000,29438.599227
54.378975,233,29440.079665
153.208789,1000,29461.870356
462.220546,1000,29468.289304
-87.62951,1000,29489.390842
549.457026,1000,29495.827647
1020.480084,1000,29518.858999
271.892876,686,29523.186617
429.533239,1000,29529.673247
21.762354,119,29543.763809
607.041322,1000,29550.170408
-13.055523,1000,29556.572946
864.876136,1000,29577.43727
148.943651,223,29578.835841
354.779597,1000,29600.295716
46.792349,203,29601.578444
1131.927664,1000,29607.945357
912.075649,1000,29629.746082
223.795962,1000,29636.046278
969.368145,1000,29656.095421
74.05309,375,29658.444281
-115.385079,1000,29664.838938
641.640055,1000,29686.434278
649.797795,1000,29692.729912
867.390581,1000,29713.243741
670.299767,1000,29719.57617
-244.253272,342,29721.729294
882.266899,1000,29743.354146
914.040189,1000,29749.693094
49.61979,114,29750.421844
455.290864,1000,29772.77401
1210.559682,1000,29779.076273
712.758574,1000,29800.234095
554.36635,1000,29806.550693
881.489064,1000,29826.821405
930.101646,1000,29833.20463
454.026182,1000,29853.304902
-18.048187,209,29854.757194
1069.235914,1000,29861.060387
936.560435,1000,29883.545959
91.738951,216,29885.001818
559.534671,1000,29906.407886
567.746692,1000,29912.756383
536.153581,1000,29933.66715
27.441198,91,29934.242765
140.101721,452,29937.185788
66.600441,1000,29943.503054
1094.501257,1000,29965.19804
-34.924281,206,29966.514477
126.864026,317,29968.504076
608.687336,1000,29990.797213
194.226108,499,29993.951436
396.759811,762,29998.816732
601.6596,1000,30020.965592
206.353501,461,30023.869761
1028.449106,1000,30030.262374
1221.672874,1000,30051.562501
804.644423,1000,30057.881725
655.910096,1000,30079.04728
913.374309,1000,30085.397703
61.32173,196,30086.662998
461.481395,1000,30107.835979
849.886326,1000,30114.243845
337.814286,1000,30136.632169
989.596383,1000,30143.011137
733.783755,1000,30163.935205
1240.741829,1000,30170.26384
-52.256077,283,30172.057884
260.840336,363,30189.276159
-193.031042,1000,30195.649225
559.753851,1000,30216.391937
687.465217,1000,30222.748134
970.666969,1000,30244.82131
799.080816,1000,30251.201983
607.776732,1000,30271.734488
641.873971,1000,30278.193286
347.944862,1000,30297.790978
1098.238582,1000,30304.15786
548.346339,795,30309.251701
594.661877,1000,30328.766088
671.762571,1000,30335.210107
320.326865,505,30351.473758
672.416644,1000,30357.897079
119.749512,286,30359.687232
573.38408,1000,30380.429134
527.642138,1000,30386.789497
522.956196,1000,30408.714981
642.273984,1000,30415.09055
218.148559,1000,30437.987825
734.246632,1000,30444.307712
74.821526,159,30445.353101
355.177875,1000,30466.955699
700.367199,1000,30473.275761
323.714552,1000,30493.945724
93.436922,169,30494.984144
861.059723,1000,30501.396543
864.720984,1000,30522.64904
-488.243498,1000,30529.074027
55.747703,1000,30550.808619
177.31315,705,30555.282381
920.082156,1000,30575.728595
867.830514,1000,30582.147604
621.049382,1000,30603.156653
30.139776,202,30604.46167
-36.820768,1000,30610.856278
1028.917229,1000,30633.005015
535.949157,1000,30639.513163
-221.858232,1000,30658.977466
596.443036,1000,30665.441608
-52.807516,224,30666.844242
185.733023,1000,30686.276316
156.069731,317,30688.276047
965.92474,1000,30694.722949
726.412955,1000,30715.062647
725.160844,1000,30721.454546
98.573887,256,30723.098575
899.538476,1000,30745.027624
650.18311,1000,30751.382434
692.696178,1000,30773.852981
58.823847,250,30775.471492
42.759294,169,30776.53748
532.764339,1000,30797.3562
1044.729867,1000,30803.740846
997.603516,1000,30825.385005
964.854208,1000,30831.784497
615.588225,1000,30852.599433
76.284178,572,30856.264846
277.483165,506,30859.497408
434.448677,1000,30881.588845
1127.66727,1000,30887.964021
210.042611,462,30890.935689
544.367269,1000,30912.979265
661.656961,1000,30919.332054
779.502645,1000,30940.556166
791.335474,1000,30946.910731
482.894631,1000,30968.919569
71.550461,310,30970.888773
1016.107106,1000,30977.278895
1017.723235,1000,30997.753539
858.773395,1000,31004.083821
705.959391,1000,31026.02694
-425.313079,1000,31032.412576
157.235937,310,31034.374428
683.677342,1000,31055.695836
779.626283,1000,31062.025408
917.574836,1000,31081.831637
965.177792,1000,31088.283129
951.292471,1000,31110.304955
691.336783,1000,31116.760756
770.869088,1000,31137.488488
587.613608,1000,31143.887821
738.315835,1000,31164.380523
894.28602,1000,31170.723281
983.401525,1000,31192.235946
119.727333,177,31193.370866
481.552892,1000,31199.777508
300.503393,1000,31220.827206
987.48363,1000,31227.290215
-63.51707,206,31228.590302
346.632961,551,31246.526992
98.714254,238,31248.067281
881.919924,1000,31254.394004
808.282975,1000,31274.94484
686.150963,1000,31281.318661
-253.578758,1000,31301.78854
877.163836,1000,31308.219913
553.211704,1000,31328.736287
-707.324319,1000,31335.121082
55.516818,114,31335.838902
596.040513,1000,31354.066823
78.599962,1000,31360.515252
4.886245,88,31361.05126
-274.088644,1000,31382.244662
-42.745631,1000,31388.697031
13.00604,370,31406.627756
833.296326,1000,31413.016457
679.342631,1000,31432.680695
14.755543,196,31433.939678
719.277264,1000,31440.313137
440.243136,1000,31463.014553
19.977336,234,31464.518874
815.844397,1000,31470.87265
1069.883246,1000,31493.667946
99.948162,259,31495.316178
773.832132,1000,31501.762784
524.052598,1000,31523.761954
967.164331,1000,31530.186135
975.211303,1000,31551.241468
870.927567,1000,31557.641928
806.256386,1000,31580.203138
673.040925,1000,31586.490211
1158.341353,1000,31607.121711
607.596962,1000,31613.577784
88.109516,260,31615.235441
648.500827,1000,31637.009796
526.381446,1000,31643.400358
749.747388,1000,31665.911163
680.183473,1000,31672.223544
127.029759,208,31673.514567
54.938838,193,31674.748953
345.575819,591,31693.949614
295.270537,463,31696.861516
-77.571483,145,31697.778399
53.501665,256,31699.384618
26.065134,1000,31720.458904
673.673257,1000,31726.752775
823.442468,1000,31747.714265
627.495593,1000,31754.072885
-136.830079,579,31757.748491
165.246025,317,31772.376735
626.303813,1000,31778.781974
386.873188,1000,31798.983633
518.155622,1000,31805.431142
-33.070907,91,31805.989123
657.811108,1000,31826.202595
-190.489693,113,31826.91306
-49.710007,211,31828.293738
-143.423226,231,31829.74212
115.904208,1000,31836.255411
826.343854,1000,31856.504689
765.86101,1000,31862.802917
341.849336,1000,31882.890073
-2.832354,237,31884.366598
775.562909,1000,31890.762617
53.131112,220,31905.065154
46.049636,185,31906.232466
645.008768,1000,31912.641032
143.230767,1000,31932.089031
79.981593,149,31933.022755
655.402565,1000,31939.398602
305.718131,838,31959.416051
723.083494,1000,31965.716727
46.055038,165,31966.774567
289.406214,1000,31987.7676
43.761959,187,31988.953537
919.4725,1000,31995.289866
-566.842254,1000,32014.654574
1166.562896,1000,32021.02396
795.88761,1000,32041.38544
755.552532,1000,32047.877088
618.155629,1000,32068.816998
610.285471,1000,32075.32983
219.410201,1000,32095.344736
865.693123,1000,32101.743616
593.206864,1000,32122.716857
764.201528,1000,32129.044014
613.895712,1000,32150.458535
550.675977,1000,32156.801504
813.243103,1000,32178.760543
1070.425432,1000,32185.163784
551.632077,1000,32191.449631
415.127198,472,32209.679457
524.832182,1000,32216.007346
885.397569,1000,32238.111181
190.947587,355,32240.362315
-81.174655,149,32241.271181
441.160749,1000,32247.658221
664.576896,1000,32268.471597
588.996878,1000,32274.865576
905.797756,1000,32296.125177
725.250654,1000,32302.477285
704.433298,1000,32324.760595
58.218022,256,32326.380042
-738.810443,1000,32332.709939
453.110878,1000,32352.204638
-333.206768,785,32357.126546
681.231152,1000,32377.610075
676.951714,1000,32383.960272
-52.704297,184,32385.147044
389.966179,1000,32405.261875
581.279897,1000,32411.661859
572.582996,1000,32433.650492
-4.818193,128,32434.463298
-30.271151,257,32436.197924
26.960107,164,32437.230966
46.894504,135,32438.092067
83.69656,583,32456.428859
688.398013,1000,32462.866638
79.642589,218,32464.245262
56.987951,236,32465.824484
836.11277,1000,32484.330661
770.842131,1000,32490.70424
1033.113929,1000,32511.059532
612.36151,1000,32517.407803
139.637889,275,32519.194141
109.384564,246,32520.735795
394.695315,1000,32540.451431
-63.573341,210,32541.791686
-4.678742,185,32542.951251
16.805519,252,32544.576911
627.369666,1000,32563.788597
803.529184,1000,32570.141163
819.324686,1000,32590.159394
-116.273185,266,32591.840815
469.977132,1000,32598.188923
498.635613,1000,32617.474235
177.136821,185,32618.656405
53.589873,189,32619.842468
669.997068,1000,32626.223595
828.068988,1000,32645.849707
-295.289644,1000,32652.136678
138.864172,1000,32671.752513
354.375896,1000,32678.159307
31.896912,210,32694.597282
63.178225,350,32696.812585
173.06898,560,32700.402193
98.83049,206,32701.692118
14.30422,160,32702.732981
244.826773,1000,32720.783561
594.793207,1000,32727.15644
352.810327,1000,32747.499796
650.366852,1000,32753.836697
191.51578,445,32756.651483
447.333492,1000,32777.860471
-66.582763,1000,32784.195779
757.951575,1000,32805.682294
66.174242,863,32811.141775
881.226755,1000,32830.579891
687.944684,1000,32836.992121
-47.274232,1000,32855.944417
783.239136,1000,32862.36327
790.694773,1000,32883.76762
238.053796,1000,32890.213712
803.67698,1000,32910.861124
609.032006,1000,32917.309177
997.947027,1000,32939.667044
59.255861,226,32941.113009
-212.962358,1000,32947.555851
319.421374,1000,32967.406702
-970.214604,1000,32973.733318
220.212302,475,32976.861929
348.566036,847,32997.397555
1164.056768,1000,33003.761259
-74.390917,678,33022.779015
398.967076,1000,33029.125056
1133.686398,1000,33050.079718
798.976167,1000,33056.423343
552.153613,1000,33076.627239
255.255734,1000,33082.989737
-36.065808,299,33084.917367
-86.60688,258,33086.564801
590.579763,1000,33107.348026
19.459826,227,33108.773498
1064.196289,1000,33115.133161
55.242968,264,33127.853702
560.990241,1000,33134.215729
119.496571,457,33137.074683
207.143158,1000,33157.038404
524.93998,1000,33163.416235
315.373547,1000,33182.01285
779.726723,1000,33188.437894
614.256776,1000,33207.61175
545.340351,1000,33214.025878
268.013651,557,33217.623064
221.178399,607,33234.876282
1204.569498,1000,33241.241772
161.038974,232,33242.705667
630.959633,1000,33264.297056
87.26985,437,33267.037154
112.862951,200,33268.344238
79.99564,317,33270.336057
270.867653,1000,33290.663723
190.402287,390,33293.154542
361.037654,1000,33313.010563
107.553528,322,33315.079794
612.480422,1000,33321.449652
99.104825,436,33324.216265
124.050109,394,33342.272644
813.669292,1000,33348.615627
76.7232,349,33350.874466
143.403089,260,33352.525754
364.335404,1000,33373.82992
183.350512,1000,33380.206704
-23.100664,389,33396.685363
1207.738445,1000,33403.122109
-194.330444,161,33404.096515
806.284425,1000,33426.061234
161.211284,451,33428.924695
701.132173,1000,33435.185629
859.762801,1000,33455.526823
567.247271,1000,33461.824628
508.793894,1000,33483.053494
-74.671326,330,33485.179044
956.635019,1000,33491.580746
51.374148,223,33508.635956
910.559337,1000,33514.926577
573.315358,1000,33521.331038
696.259694,1000,33540.589117
-213.748278,1000,33547.021481
537.508531,1000,33568.202668
672.143015,1000,33574.538114
26.494923,234,33592.084921
457.810902,1000,33598.527036
90.296937,1000,33619.307714
593.592546,1000,33625.701082
638.283861,1000,33632.082691
552.238671,1000,33653.324841
223.407093,668,33657.627143
435.344699,1000,33679.984544
313.97145,507,33683.211031
29.130054,292,33685.074146
63.268697,207,33686.383488
81.546713,1000,33708.799418
60.2396,112,33709.480088
58.301152,1000,33715.824248
617.369736,1000,33737.03329
-14.123566,278,33738.801935
108.387228,203,33740.061287
268.385974,1000,33759.347471
497.404117,1000,33765.689124
-170.198141,158,33766.699858
713.784819,1000,33788.647091
488.791316,1000,33794.995737
115.644979,1000,33816.884267
115.221554,502,33820.010741
673.700649,1000,33826.41114
311.638746,1000,33847.930897
281.635661,1000,33854.241634
586.686312,1000,33874.959511
874.713518,1000,33881.448483
751.62525,1000,33902.267714
515.207692,1000,33908.755191
58.137256,1000,33929.547113
1025.365696,1000,33935.995561
597.266151,1000,33957.216257
978.313542,1000,33963.555943
-35.351569,256,33965.192272
708.960424,1000,33984.683215
-43.010741,356,33986.962493
6.236193,135,33987.803287
1094.131175,1000,34010.076356
731.170132,1000,34016.484304
-209.522535,336,34018.599605
805.188999,1000,34040.484802
791.63815,1000,34046.838779
669.848873,1000,34066.374156
537.872906,1000,34072.766056
89.775167,439,34075.528412
540.375292,1000,34096.954918
750.659194,1000,34103.363446
734.589261,1000,34124.672104
31.228553,120,34125.442858
458.96893,1000,34131.830533
844.475783,1000,34154.129666
55.359229,197,34155.395094
80.594817,175,34156.476356
778.854064,1000,34178.137155
812.981866,1000,34184.490466
302.406238,1000,34190.802994
127.761589,885,34211.372561
948.51404,1000,34217.688137
170.714602,354,34235.243116
90.024391,287,34237.179156
704.216252,1000,34243.482352
181.771768,1000,34265.126616
-90.806884,225,34266.639393
-98.537776,306,34268.615865
361.470771,1000,34274.990756
657.537776,1000,34295.425153
-129.418097,367,34297.765916
-26.650741,171,34298.858704
954.084744,1000,34320.020745
1263.640062,1000,34326.499977
1006.492045,1000,34347.2789
693.238847,1000,34353.57885
94.831131,698,34358.131382
47.790327,1000,34378.85852
731.089312,1000,34385.165766
553.587055,1000,34405.496566
667.424289,1000,34411.768161
1159.679025,1000,34433.788081
-132.578138,271,34435.537258
536.610945,876,34441.066955
642.306419,1000,34463.20175
514.16102,1000,34469.549373
802.93583,1000,34491.861634
924.195253,1000,34498.26122
480.767098,1000,34521.21956
425.158671,1000,34527.567777
714.733158,1000,34548.040556
704.153437,1000,34554.363145
1042.343014,1000,34573.670369
502.70542,1000,34579.995035
24.572097,296,34595.065904
741.518507,1000,34601.554143
822.845072,1000,34607.882357
4.477918,1000,34630.063385
210.753305,1000,34636.428983
499.204436,1000,34657.412471
1072.542429,1000,34663.74082
1032.177643,1000,34686.449099
521.58887,1000,34692.75275
601.4025,1000,34712.181899
-591.69213,1000,34718.575642
1230.947986,1000,34739.9385
807.959718,1000,34746.393302
597.644099,1000,34764.947138
297.03655,1000,34771.338908
652.144648,1000,34791.966491
690.979548,1000,34798.286395
932.053689,1000,34819.771438
847.757314,1000,34826.075526
973.216035,994,34847.585242
-58.246179,1000,34853.953405
487.003283,1000,34874.476861
74.9631,1000,34880.840196
284.301817,1000,34901.044632
306.775499,737,34905.744509
94.865009,517,34909.056893
532.717682,1000,34929.182677
137.988392,1000,34935.530922
818.178673,1000,34956.87736
1049.021958,1000,34963.240696
738.069185,1000,34984.180053
627.730642,1000,34990.565579
805.47882,1000,35009.591723
142.629561,481,35012.66612
543.196057,1000,35033.648543
826.663082,1000,35040.009539
104.574588,190,35041.217544
398.454007,947,35061.460243
-86.533326,285,35063.256666
815.710047,1000,35069.600495
478.726626,1000,35090.716505
742.490442,1000,35097.052457
552.87162,1000,35116.318265
85.422457,188,35117.52962
939.444673,1000,35123.882333
446.738787,1000,35144.9114
533.263225,1000,35151.277028
774.801783,1000,35170.693874
966.03313,1000,35177.133369
-50.982917,520,35180.468235
762.441048,1000,35202.532497
-504.461818,1000,35208.855273
95.411296,1000,35230.922095
716.530303,1000,35237.271038
655.184345,1000,35259.443919
1019.468097,1000,35265.795901
326.824179,1000,35285.293231
144.912149,502,35288.6048
517.216147,1000,35310.536004
397.866057,683,35314.953908
442.24888,1000,35321.371098
749.735708,1000,35342.415133
792.91331,1000,35348.880474
519.869531,1000,35369.096332
1186.435612,1000,35375.456461
790.898698,1000,35395.523265
119.443562,299,35397.426859
521.412789,1000,35403.722248
1094.954817,1000,35422.879956
63.949806,139,35423.744935
982.982927,1000,35444.127523
599.409372,1000,35450.488535
7.581524,278,35452.208801
488.708928,1000,35472.751659
394.73246,1000,35479.054495
743.843335,1000,35499.523828
850.871774,1000,35505.901266
843.644589,1000,35527.362731
901.872861,1000,35533.695746
-28.047368,423,35536.360587
503.667573,1000,35557.710843
781.221181,1000,35564.057335
985.792432,1000,35584.297743
655.570719,1000,35590.682438
522.428601,1000,35611.55774
742.836811,1000,35617.950734
886.656739,1000,35637.854514
85.66196,133,35638.69316
644.650052,1000,35645.002354
642.272546,1000,35666.230764
925.147454,1000,35672.547977
612.234602,1000,35692.607054
61.010623,238,35694.129043
854.637732,1000,35700.461475
734.67441,1000,35721.024077
983.048616,1000,35727.396369
680.091186,1000,35748.9942
509.520353,1000,35755.333036
290.69323,1000,35776.985631
880.080686,1000,35783.267585
691.416663,1000,35804.464585
215.999611,1000,35810.825126
79.942873,1000,35831.549281
171.458672,320,35833.563411
426.895122,1000,35839.926607
520.135614,1000,35859.230694
957.755153,1000,35865.539555
-507.697024,1000,35885.931763
584.341277,1000,35892.22709
399.008488,1000,35912.864227
840.937549,1000,35919.317965
428.553741,1000,35939.686757
50.166693,222,35941.119796
381.911154,1000,35947.542892
51.446161,156,35948.541037
1072.688426,1000,35969.133121
966.7255,1000,35975.498
-42.957671,186,35992.809806
180.480343,1000,35999.138865
58.342554,115,35999.82695
917.183752,1000,36021.237367
230.928986,1000,36027.542889
429.630114,1000,36045.600584
547.78048,1000,36052.026007
77.425025,348,36054.233912
66.401934,1000,36073.440841
178.714419,1000,36079.787948
994.912328,1000,36101.847701
-5.854814,89,36102.450407
852.64831,1000,36108.714632
36.463092,78,36109.2162
832.122761,1000,36130.371289
214.196595,1000,36136.769322
-58.027432,316,36138.786551
122.048193,470,36156.719135
725.775056,1000,36163.1107
962.045529,1000,36184.713198
51.352673,1000,36191.109017
880.764069,1000,36211.523748
681.192799,1000,36217.937748
695.590756,1000,36237.14732
73.786245,173,36238.223202
39.83698,1000,36244.55148
0.679625,1000,36265.439466
694.633897,1000,36271.769331
801.849365,1000,36293.550766
218.616296,491,36296.682122
477.090686,1000,36302.985545
64.080272,268,36304.675578
689.886048,1000,36324.23901
418.530462,1000,36330.645086
915.972342,1000,36350.572998
319.879687,1000,36356.938107
664.246059,1000,36379.348888
336.553932,1000,36385.649148
583.363179,1000,36406.970226
628.231675,1000,36413.261801
844.957679,1000,36433.281509
528.71259,1000,36439.647166
876.906599,1000,36461.617158
542.882327,1000,36467.927491
32.854154,302,36469.864644
-65.86554,399,36487.07778
657.390011,1000,36493.380057
470.330145,1000,36516.262682
312.008466,1000,36522.61953
111.148255,379,36525.014156
776.850003,1000,36545.662208
839.366337,1000,36552.051784
-131.687116,572,36569.96126
631.832226,1000,36576.426193
896.765398,1000,36582.701035
728.017651,1000,36604.453518
540.209899,1000,36610.85162
710.908324,1000,36632.28285
606.161053,1000,36638.724083
774.497739,1000,36660.160731
932.711113,1000,36666.632829
698.662534,1000,36688.9987
513.224652,1000,36695.264133
