══════════════════════════════════════════
[3/3] SAC 8env  seed=456
started: 2026年 07月 29日 星期三 10:07:11 CST
run_tag: sac8env-20260729_084955-seed456
══════════════════════════════════════════
CUDA available: NVIDIA GeForce RTX 4070 Laptop GPU

=== Training variant: mlp ===
Using cuda device
mlp before training: mean_reward=-191.09 +/- 128.89
Logging to runs/lunarlander_parallel_baseline/sac8env-20260729_084955-seed456/mlp_1
---------------------------------
| rollout/           |          |
|    ep_len_mean     | 86.5     |
|    ep_rew_mean     | -159     |
| time/              |          |
|    episodes        | 4        |
|    fps             | 9055     |
|    time_elapsed    | 0        |
|    total_timesteps | 752      |
---------------------------------
---------------------------------
| rollout/           |          |
|    ep_len_mean     | 98.2     |
|    ep_rew_mean     | -144     |
| time/              |          |
|    episodes        | 8        |
|    fps             | 9010     |
|    time_elapsed    | 0        |
|    total_timesteps | 1104     |
---------------------------------
---------------------------------
| rollout/           |          |
|    ep_len_mean     | 98.5     |
|    ep_rew_mean     | -204     |
| time/              |          |
|    episodes        | 12       |
|    fps             | 9635     |
|    time_elapsed    | 0        |
|    total_timesteps | 1592     |
---------------------------------
---------------------------------
| rollout/           |          |
|    ep_len_mean     | 100      |
|    ep_rew_mean     | -209     |
| time/              |          |
|    episodes        | 16       |
|    fps             | 10166    |
|    time_elapsed    | 0        |
|    total_timesteps | 2064     |
---------------------------------
---------------------------------
| rollout/           |          |
|    ep_len_mean     | 104      |
|    ep_rew_mean     | -192     |
| time/              |          |
|    episodes        | 20       |
|    fps             | 10600    |
|    time_elapsed    | 0        |
|    total_timesteps | 2584     |
---------------------------------
---------------------------------
| rollout/           |          |
|    ep_len_mean     | 105      |
|    ep_rew_mean     | -200     |
| time/              |          |
|    episodes        | 24       |
|    fps             | 10710    |
|    time_elapsed    | 0        |
|    total_timesteps | 2896     |
---------------------------------
---------------------------------
| rollout/           |          |
|    ep_len_mean     | 106      |
|    ep_rew_mean     | -202     |
| time/              |          |
|    episodes        | 28       |
|    fps             | 10886    |
|    time_elapsed    | 0        |
|    total_timesteps | 3536     |
---------------------------------
---------------------------------
| rollout/           |          |
|    ep_len_mean     | 107      |
|    ep_rew_mean     | -212     |
| time/              |          |
|    episodes        | 32       |
|    fps             | 10908    |
|    time_elapsed    | 0        |
|    total_timesteps | 3808     |
---------------------------------
---------------------------------
| rollout/           |          |
|    ep_len_mean     | 108      |
|    ep_rew_mean     | -197     |
| time/              |          |
|    episodes        | 36       |
|    fps             | 11062    |
|    time_elapsed    | 0        |
|    total_timesteps | 4512     |
---------------------------------
---------------------------------
| rollout/           |          |
|    ep_len_mean     | 111      |
|    ep_rew_mean     | -193     |
| time/              |          |
|    episodes        | 40       |
|    fps             | 11108    |
|    time_elapsed    | 0        |
|    total_timesteps | 4856     |
---------------------------------
---------------------------------
| rollout/           |          |
|    ep_len_mean     | 111      |
|    ep_rew_mean     | -183     |
| time/              |          |
|    episodes        | 44       |
|    fps             | 11133    |
|    time_elapsed    | 0        |
|    total_timesteps | 5080     |
---------------------------------
---------------------------------
| rollout/           |          |
|    ep_len_mean     | 111      |
|    ep_rew_mean     | -192     |
| time/              |          |
|    episodes        | 48       |
|    fps             | 11211    |
|    time_elapsed    | 0        |
|    total_timesteps | 5744     |
---------------------------------
---------------------------------
| rollout/           |          |
|    ep_len_mean     | 110      |
|    ep_rew_mean     | -198     |
| time/              |          |
|    episodes        | 52       |
|    fps             | 11200    |
|    time_elapsed    | 0        |
|    total_timesteps | 6024     |
---------------------------------
---------------------------------
| rollout/           |          |
|    ep_len_mean     | 110      |
|    ep_rew_mean     | -205     |
| time/              |          |
|    episodes        | 56       |
|    fps             | 11242    |
|    time_elapsed    | 0        |
|    total_timesteps | 6504     |
---------------------------------
---------------------------------
| rollout/           |          |
|    ep_len_mean     | 109      |
|    ep_rew_mean     | -201     |
| time/              |          |
|    episodes        | 60       |
|    fps             | 11275    |
|    time_elapsed    | 0        |
|    total_timesteps | 6904     |
---------------------------------
---------------------------------
| rollout/           |          |
|    ep_len_mean     | 108      |
|    ep_rew_mean     | -194     |
| time/              |          |
|    episodes        | 64       |
|    fps             | 11335    |
|    time_elapsed    | 0        |
|    total_timesteps | 7424     |
---------------------------------
---------------------------------
| rollout/           |          |
|    ep_len_mean     | 108      |
|    ep_rew_mean     | -194     |
| time/              |          |
|    episodes        | 68       |
|    fps             | 11192    |
|    time_elapsed    | 0        |
|    total_timesteps | 7760     |
---------------------------------
---------------------------------
| rollout/           |          |
|    ep_len_mean     | 110      |
|    ep_rew_mean     | -197     |
| time/              |          |
|    episodes        | 72       |
|    fps             | 11234    |
|    time_elapsed    | 0        |
|    total_timesteps | 8232     |
---------------------------------
---------------------------------
| rollout/           |          |
|    ep_len_mean     | 108      |
|    ep_rew_mean     | -199     |
| time/              |          |
|    episodes        | 76       |
|    fps             | 11203    |
|    time_elapsed    | 0        |
|    total_timesteps | 8800     |
---------------------------------
---------------------------------
| rollout/           |          |
|    ep_len_mean     | 109      |
|    ep_rew_mean     | -203     |
| time/              |          |
|    episodes        | 80       |
|    fps             | 11204    |
|    time_elapsed    | 0        |
|    total_timesteps | 9128     |
---------------------------------
---------------------------------
| rollout/           |          |
|    ep_len_mean     | 109      |
|    ep_rew_mean     | -209     |
| time/              |          |
|    episodes        | 84       |
|    fps             | 11225    |
|    time_elapsed    | 0        |
|    total_timesteps | 9488     |
---------------------------------
---------------------------------
| rollout/           |          |
|    ep_len_mean     | 108      |
|    ep_rew_mean     | -208     |
| time/              |          |
|    episodes        | 88       |
|    fps             | 11280    |
|    time_elapsed    | 0        |
|    total_timesteps | 9992     |
---------------------------------
Eval num_timesteps=10000, episode_reward=-206.71 +/- 98.12
Episode length: 170.20 +/- 95.11
---------------------------------
| eval/              |          |
|    mean_ep_length  | 170      |
|    mean_reward     | -207     |
| time/              |          |
|    total_timesteps | 10000    |
---------------------------------
New best mean reward!
---------------------------------
| rollout/           |          |
|    ep_len_mean     | 110      |
|    ep_rew_mean     | -206     |
| time/              |          |
|    episodes        | 92       |
|    fps             | 2304     |
|    time_elapsed    | 4        |
|    total_timesteps | 10712    |
| train/             |          |
|    actor_loss      | 1.84     |
|    critic_loss     | 32.7     |
|    ent_coef        | 0.628    |
|    ent_coef_loss   | -1.14    |
|    learning_rate   | 0.000714 |
|    n_updates       | 704      |
---------------------------------
---------------------------------
| rollout/           |          |
|    ep_len_mean     | 111      |
|    ep_rew_mean     | -205     |
| time/              |          |
|    episodes        | 96       |
|    fps             | 1691     |
|    time_elapsed    | 6        |
|    total_timesteps | 11128    |
| train/             |          |
|    actor_loss      | 2.19     |
|    critic_loss     | 27.1     |
|    ent_coef        | 0.49     |
|    ent_coef_loss   | -1.53    |
|    learning_rate   | 0.000714 |
|    n_updates       | 1120     |
---------------------------------
---------------------------------
| rollout/           |          |
|    ep_len_mean     | 119      |
|    ep_rew_mean     | -198     |
| time/              |          |
|    episodes        | 100      |
|    fps             | 709      |
|    time_elapsed    | 19       |
|    total_timesteps | 14016    |
| train/             |          |
|    actor_loss      | -14.8    |
|    critic_loss     | 7.77     |
|    ent_coef        | 0.175    |
|    ent_coef_loss   | -0.431   |
|    learning_rate   | 0.00071  |
|    n_updates       | 4008     |
---------------------------------
---------------------------------
| rollout/           |          |
|    ep_len_mean     | 138      |
|    ep_rew_mean     | -192     |
| time/              |          |
|    episodes        | 104      |
|    fps             | 576      |
|    time_elapsed    | 27       |
|    total_timesteps | 15712    |
| train/             |          |
|    actor_loss      | -21.1    |
|    critic_loss     | 15       |
|    ent_coef        | 0.133    |
|    ent_coef_loss   | -0.456   |
|    learning_rate   | 0.000707 |
|    n_updates       | 5704     |
---------------------------------
---------------------------------
| rollout/           |          |
|    ep_len_mean     | 152      |
|    ep_rew_mean     | -186     |
| time/              |          |
|    episodes        | 108      |
|    fps             | 451      |
|    time_elapsed    | 42       |
|    total_timesteps | 19032    |
| train/             |          |
|    actor_loss      | -23.4    |
|    critic_loss     | 16.7     |
|    ent_coef        | 0.113    |
|    ent_coef_loss   | -0.106   |
|    learning_rate   | 0.000702 |
|    n_updates       | 9024     |
---------------------------------
Eval num_timesteps=20000, episode_reward=135.28 +/- 131.30
Episode length: 389.90 +/- 96.24
---------------------------------
| eval/              |          |
|    mean_ep_length  | 390      |
|    mean_reward     | 135      |
| time/              |          |
|    total_timesteps | 20000    |
| train/             |          |
|    actor_loss      | -20.8    |
|    critic_loss     | 20       |
|    ent_coef        | 0.125    |
|    ent_coef_loss   | 0.114    |
|    learning_rate   | 0.000701 |
|    n_updates       | 9992     |
---------------------------------
New best mean reward!
---------------------------------
| rollout/           |          |
|    ep_len_mean     | 173      |
|    ep_rew_mean     | -173     |
| time/              |          |
|    episodes        | 112      |
|    fps             | 402      |
|    time_elapsed    | 52       |
|    total_timesteps | 21048    |
| train/             |          |
|    actor_loss      | -18.4    |
|    critic_loss     | 11.4     |
|    ent_coef        | 0.135    |
|    ent_coef_loss   | -0.188   |
|    learning_rate   | 0.000699 |
|    n_updates       | 11040    |
---------------------------------
---------------------------------
| rollout/           |          |
|    ep_len_mean     | 189      |
|    ep_rew_mean     | -163     |
| time/              |          |
|    episodes        | 116      |
|    fps             | 378      |
|    time_elapsed    | 60       |
|    total_timesteps | 22888    |
| train/             |          |
|    actor_loss      | -18.9    |
|    critic_loss     | 10.5     |
|    ent_coef        | 0.149    |
|    ent_coef_loss   | 0.179    |
|    learning_rate   | 0.000697 |
|    n_updates       | 12880    |
---------------------------------
---------------------------------
| rollout/           |          |
|    ep_len_mean     | 209      |
|    ep_rew_mean     | -151     |
| time/              |          |
|    episodes        | 120      |
|    fps             | 356      |
|    time_elapsed    | 70       |
|    total_timesteps | 25032    |
| train/             |          |
|    actor_loss      | -19.2    |
|    critic_loss     | 17.8     |
|    ent_coef        | 0.142    |
|    ent_coef_loss   | 0.0311   |
|    learning_rate   | 0.000693 |
|    n_updates       | 15024    |
---------------------------------
---------------------------------
| rollout/           |          |
|    ep_len_mean     | 227      |
|    ep_rew_mean     | -131     |
| time/              |          |
|    episodes        | 124      |
|    fps             | 336      |
|    time_elapsed    | 82       |
|    total_timesteps | 27640    |
| train/             |          |
|    actor_loss      | -20      |
|    critic_loss     | 25.3     |
|    ent_coef        | 0.139    |
|    ent_coef_loss   | 0.027    |
|    learning_rate   | 0.00069  |
|    n_updates       | 17632    |
---------------------------------
---------------------------------
| rollout/           |          |
|    ep_len_mean     | 243      |
|    ep_rew_mean     | -120     |
| time/              |          |
|    episodes        | 128      |
|    fps             | 329      |
|    time_elapsed    | 87       |
|    total_timesteps | 28792    |
| train/             |          |
|    actor_loss      | -19.5    |
|    critic_loss     | 25.5     |
|    ent_coef        | 0.139    |
|    ent_coef_loss   | 0.0553   |
|    learning_rate   | 0.000688 |
|    n_updates       | 18784    |
---------------------------------
Eval num_timesteps=30000, episode_reward=105.78 +/- 123.18
Episode length: 272.10 +/- 127.63
---------------------------------
| eval/              |          |
|    mean_ep_length  | 272      |
|    mean_reward     | 106      |
| time/              |          |
|    total_timesteps | 30000    |
| train/             |          |
|    actor_loss      | -21.4    |
|    critic_loss     | 26.8     |
|    ent_coef        | 0.135    |
|    ent_coef_loss   | 0.128    |
|    learning_rate   | 0.000686 |
|    n_updates       | 19992    |
---------------------------------
---------------------------------
| rollout/           |          |
|    ep_len_mean     | 249      |
|    ep_rew_mean     | -108     |
| time/              |          |
|    episodes        | 132      |
|    fps             | 317      |
|    time_elapsed    | 95       |
|    total_timesteps | 30480    |
| train/             |          |
|    actor_loss      | -22.6    |
|    critic_loss     | 6.47     |
|    ent_coef        | 0.135    |
|    ent_coef_loss   | -0.127   |
|    learning_rate   | 0.000686 |
|    n_updates       | 20472    |
---------------------------------
---------------------------------
| rollout/           |          |
|    ep_len_mean     | 265      |
|    ep_rew_mean     | -100     |
| time/              |          |
|    episodes        | 136      |
|    fps             | 309      |
|    time_elapsed    | 105      |
|    total_timesteps | 32496    |
| train/             |          |
|    actor_loss      | -24.6    |
|    critic_loss     | 19.1     |
|    ent_coef        | 0.118    |
|    ent_coef_loss   | -0.0101  |
|    learning_rate   | 0.000683 |
|    n_updates       | 22488    |
---------------------------------
---------------------------------
| rollout/           |          |
|    ep_len_mean     | 277      |
|    ep_rew_mean     | -90.3    |
| time/              |          |
|    episodes        | 140      |
|    fps             | 299      |
|    time_elapsed    | 117      |
|    total_timesteps | 35136    |
| train/             |          |
|    actor_loss      | -24.7    |
|    critic_loss     | 8.59     |
|    ent_coef        | 0.111    |
|    ent_coef_loss   | -0.342   |
|    learning_rate   | 0.000679 |
|    n_updates       | 25128    |
---------------------------------
---------------------------------
| rollout/           |          |
|    ep_len_mean     | 300      |
|    ep_rew_mean     | -79.6    |
| time/              |          |
|    episodes        | 144      |
|    fps             | 296      |
|    time_elapsed    | 121      |
|    total_timesteps | 36072    |
| train/             |          |
|    actor_loss      | -24.7    |
|    critic_loss     | 16.3     |
|    ent_coef        | 0.109    |
|    ent_coef_loss   | 0.148    |
|    learning_rate   | 0.000677 |
|    n_updates       | 26064    |
---------------------------------
---------------------------------
| rollout/           |          |
|    ep_len_mean     | 306      |
|    ep_rew_mean     | -64.7    |
| time/              |          |
|    episodes        | 148      |
|    fps             | 290      |
|    time_elapsed    | 132      |
|    total_timesteps | 38536    |
| train/             |          |
|    actor_loss      | -23.4    |
|    critic_loss     | 19.7     |
|    ent_coef        | 0.101    |
|    ent_coef_loss   | 0.0591   |
|    learning_rate   | 0.000674 |
|    n_updates       | 28528    |
---------------------------------
Eval num_timesteps=40000, episode_reward=123.44 +/- 99.13
Episode length: 499.40 +/- 282.92
---------------------------------
| eval/              |          |
|    mean_ep_length  | 499      |
|    mean_reward     | 123      |
| time/              |          |
|    total_timesteps | 40000    |
| train/             |          |
|    actor_loss      | -22.5    |
|    critic_loss     | 18.2     |
|    ent_coef        | 0.103    |
|    ent_coef_loss   | -0.234   |
|    learning_rate   | 0.000672 |
|    n_updates       | 29992    |
---------------------------------
---------------------------------
| rollout/           |          |
|    ep_len_mean     | 329      |
|    ep_rew_mean     | -47.7    |
| time/              |          |
|    episodes        | 152      |
|    fps             | 281      |
|    time_elapsed    | 144      |
|    total_timesteps | 40776    |
| train/             |          |
|    actor_loss      | -22.5    |
|    critic_loss     | 6.87     |
|    ent_coef        | 0.097    |
|    ent_coef_loss   | 0.204    |
|    learning_rate   | 0.00067  |
|    n_updates       | 30768    |
---------------------------------
---------------------------------
| rollout/           |          |
|    ep_len_mean     | 349      |
|    ep_rew_mean     | -27.5    |
| time/              |          |
|    episodes        | 156      |
|    fps             | 278      |
|    time_elapsed    | 153      |
|    total_timesteps | 42656    |
| train/             |          |
|    actor_loss      | -22.8    |
|    critic_loss     | 13       |
|    ent_coef        | 0.104    |
|    ent_coef_loss   | -0.0331  |
|    learning_rate   | 0.000668 |
|    n_updates       | 32648    |
---------------------------------
---------------------------------
| rollout/           |          |
|    ep_len_mean     | 359      |
|    ep_rew_mean     | -15.8    |
| time/              |          |
|    episodes        | 160      |
|    fps             | 274      |
|    time_elapsed    | 162      |
|    total_timesteps | 44656    |
| train/             |          |
|    actor_loss      | -23.2    |
|    critic_loss     | 13.8     |
|    ent_coef        | 0.107    |
|    ent_coef_loss   | -0.0539  |
|    learning_rate   | 0.000665 |
|    n_updates       | 34648    |
---------------------------------
---------------------------------
| rollout/           |          |
|    ep_len_mean     | 367      |
|    ep_rew_mean     | -11.3    |
| time/              |          |
|    episodes        | 164      |
|    fps             | 271      |
|    time_elapsed    | 171      |
|    total_timesteps | 46624    |
| train/             |          |
|    actor_loss      | -23.3    |
|    critic_loss     | 8.71     |
|    ent_coef        | 0.104    |
|    ent_coef_loss   | 0.113    |
|    learning_rate   | 0.000662 |
|    n_updates       | 36616    |
---------------------------------
---------------------------------
| rollout/           |          |
|    ep_len_mean     | 389      |
|    ep_rew_mean     | 1.68     |
| time/              |          |
|    episodes        | 168      |
|    fps             | 269      |
|    time_elapsed    | 177      |
|    total_timesteps | 48032    |
| train/             |          |
|    actor_loss      | -22.6    |
|    critic_loss     | 8.13     |
|    ent_coef        | 0.11     |
|    ent_coef_loss   | 0.178    |
|    learning_rate   | 0.00066  |
|    n_updates       | 38024    |
---------------------------------
---------------------------------
| rollout/           |          |
|    ep_len_mean     | 396      |
|    ep_rew_mean     | 12.4     |
| time/              |          |
|    episodes        | 172      |
|    fps             | 268      |
|    time_elapsed    | 184      |
|    total_timesteps | 49560    |
| train/             |          |
|    actor_loss      | -23.9    |
|    critic_loss     | 13.5     |
|    ent_coef        | 0.0986   |
|    ent_coef_loss   | -0.161   |
|    learning_rate   | 0.000658 |
|    n_updates       | 39552    |
---------------------------------
Eval num_timesteps=50000, episode_reward=137.03 +/- 114.35
Episode length: 488.80 +/- 154.35
---------------------------------
| eval/              |          |
|    mean_ep_length  | 489      |
|    mean_reward     | 137      |
| time/              |          |
|    total_timesteps | 50000    |
| train/             |          |
|    actor_loss      | -21.3    |
|    critic_loss     | 5.99     |
|    ent_coef        | 0.0965   |
|    ent_coef_loss   | 0.289    |
|    learning_rate   | 0.000657 |
|    n_updates       | 39992    |
---------------------------------
New best mean reward!
---------------------------------
| rollout/           |          |
|    ep_len_mean     | 416      |
|    ep_rew_mean     | 27.9     |
| time/              |          |
|    episodes        | 176      |
|    fps             | 263      |
|    time_elapsed    | 196      |
|    total_timesteps | 51712    |
| train/             |          |
|    actor_loss      | -22.3    |
|    critic_loss     | 12.2     |
|    ent_coef        | 0.105    |
|    ent_coef_loss   | 0.0396   |
|    learning_rate   | 0.000655 |
|    n_updates       | 41704    |
---------------------------------
---------------------------------
| rollout/           |          |
|    ep_len_mean     | 430      |
|    ep_rew_mean     | 46.9     |
| time/              |          |
|    episodes        | 180      |
|    fps             | 261      |
|    time_elapsed    | 204      |
|    total_timesteps | 53416    |
| train/             |          |
|    actor_loss      | -22      |
|    critic_loss     | 12.1     |
|    ent_coef        | 0.107    |
|    ent_coef_loss   | -0.295   |
|    learning_rate   | 0.000652 |
|    n_updates       | 43408    |
---------------------------------
---------------------------------
| rollout/           |          |
|    ep_len_mean     | 442      |
|    ep_rew_mean     | 65.6     |
| time/              |          |
|    episodes        | 184      |
|    fps             | 260      |
|    time_elapsed    | 211      |
|    total_timesteps | 54936    |
| train/             |          |
|    actor_loss      | -21.6    |
|    critic_loss     | 11.3     |
|    ent_coef        | 0.101    |
|    ent_coef_loss   | -0.00539 |
|    learning_rate   | 0.00065  |
|    n_updates       | 44928    |
---------------------------------
---------------------------------
| rollout/           |          |
|    ep_len_mean     | 454      |
|    ep_rew_mean     | 77.6     |
| time/              |          |
|    episodes        | 188      |
|    fps             | 258      |
|    time_elapsed    | 219      |
|    total_timesteps | 56712    |
| train/             |          |
|    actor_loss      | -22.5    |
|    critic_loss     | 19.8     |
|    ent_coef        | 0.0966   |
|    ent_coef_loss   | -0.119   |
|    learning_rate   | 0.000647 |
|    n_updates       | 46704    |
---------------------------------
---------------------------------
| rollout/           |          |
|    ep_len_mean     | 460      |
|    ep_rew_mean     | 92.6     |
| time/              |          |
|    episodes        | 192      |
|    fps             | 257      |
|    time_elapsed    | 225      |
|    total_timesteps | 57984    |
| train/             |          |
|    actor_loss      | -23.5    |
|    critic_loss     | 8.32     |
|    ent_coef        | 0.0949   |
|    ent_coef_loss   | 0.264    |
|    learning_rate   | 0.000645 |
|    n_updates       | 47976    |
---------------------------------
---------------------------------
| rollout/           |          |
|    ep_len_mean     | 470      |
|    ep_rew_mean     | 106      |
| time/              |          |
|    episodes        | 196      |
|    fps             | 256      |
|    time_elapsed    | 230      |
|    total_timesteps | 59136    |
| train/             |          |
|    actor_loss      | -23.2    |
|    critic_loss     | 9.16     |
|    ent_coef        | 0.094    |
|    ent_coef_loss   | -0.0586  |
|    learning_rate   | 0.000644 |
|    n_updates       | 49128    |
---------------------------------
Eval num_timesteps=60000, episode_reward=166.07 +/- 109.93
Episode length: 344.10 +/- 93.15
---------------------------------
| eval/              |          |
|    mean_ep_length  | 344      |
|    mean_reward     | 166      |
| time/              |          |
|    total_timesteps | 60000    |
| train/             |          |
|    actor_loss      | -23.2    |
|    critic_loss     | 6.37     |
|    ent_coef        | 0.0966   |
|    ent_coef_loss   | 0.0368   |
|    learning_rate   | 0.000642 |
|    n_updates       | 49992    |
---------------------------------
New best mean reward!
---------------------------------
| rollout/           |          |
|    ep_len_mean     | 468      |
|    ep_rew_mean     | 112      |
| time/              |          |
|    episodes        | 200      |
|    fps             | 254      |
|    time_elapsed    | 237      |
|    total_timesteps | 60480    |
| train/             |          |
|    actor_loss      | -23.5    |
|    critic_loss     | 15.7     |
|    ent_coef        | 0.0943   |
|    ent_coef_loss   | 0.123    |
|    learning_rate   | 0.000642 |
|    n_updates       | 50472    |
---------------------------------
---------------------------------
| rollout/           |          |
|    ep_len_mean     | 464      |
|    ep_rew_mean     | 117      |
| time/              |          |
|    episodes        | 204      |
|    fps             | 253      |
|    time_elapsed    | 243      |
|    total_timesteps | 61720    |
| train/             |          |
|    actor_loss      | -23.9    |
|    critic_loss     | 20.2     |
|    ent_coef        | 0.0856   |
|    ent_coef_loss   | -0.238   |
|    learning_rate   | 0.00064  |
|    n_updates       | 51712    |
---------------------------------
---------------------------------
| rollout/           |          |
|    ep_len_mean     | 458      |
|    ep_rew_mean     | 124      |
| time/              |          |
|    episodes        | 208      |
|    fps             | 252      |
|    time_elapsed    | 246      |
|    total_timesteps | 62456    |
| train/             |          |
|    actor_loss      | -24.6    |
|    critic_loss     | 17.9     |
|    ent_coef        | 0.0845   |
|    ent_coef_loss   | -0.0655  |
|    learning_rate   | 0.000639 |
|    n_updates       | 52448    |
---------------------------------
---------------------------------
| rollout/           |          |
|    ep_len_mean     | 440      |
|    ep_rew_mean     | 125      |
| time/              |          |
|    episodes        | 212      |
|    fps             | 252      |
|    time_elapsed    | 251      |
|    total_timesteps | 63424    |
| train/             |          |
|    actor_loss      | -26.1    |
|    critic_loss     | 12.4     |
|    ent_coef        | 0.0893   |
|    ent_coef_loss   | 0.0539   |
|    learning_rate   | 0.000637 |
|    n_updates       | 53416    |
---------------------------------
---------------------------------
| rollout/           |          |
|    ep_len_mean     | 427      |
|    ep_rew_mean     | 129      |
| time/              |          |
|    episodes        | 216      |
|    fps             | 251      |
|    time_elapsed    | 256      |
|    total_timesteps | 64520    |
| train/             |          |
|    actor_loss      | -26.6    |
|    critic_loss     | 17.6     |
|    ent_coef        | 0.0864   |
|    ent_coef_loss   | 0.377    |
|    learning_rate   | 0.000636 |
|    n_updates       | 54512    |
---------------------------------
---------------------------------
| rollout/           |          |
|    ep_len_mean     | 412      |
|    ep_rew_mean     | 132      |
| time/              |          |
|    episodes        | 220      |
|    fps             | 251      |
|    time_elapsed    | 260      |
|    total_timesteps | 65424    |
| train/             |          |
|    actor_loss      | -26.9    |
|    critic_loss     | 8.81     |
|    ent_coef        | 0.0966   |
|    ent_coef_loss   | -0.109   |
|    learning_rate   | 0.000634 |
|    n_updates       | 55416    |
---------------------------------
---------------------------------
| rollout/           |          |
|    ep_len_mean     | 397      |
|    ep_rew_mean     | 125      |
| time/              |          |
|    episodes        | 224      |
|    fps             | 250      |
|    time_elapsed    | 265      |
|    total_timesteps | 66456    |
| train/             |          |
|    actor_loss      | -27.7    |
|    critic_loss     | 5.96     |
|    ent_coef        | 0.103    |
|    ent_coef_loss   | -0.121   |
|    learning_rate   | 0.000633 |
|    n_updates       | 56448    |
---------------------------------
---------------------------------
| rollout/           |          |
|    ep_len_mean     | 387      |
|    ep_rew_mean     | 130      |
| time/              |          |
|    episodes        | 228      |
|    fps             | 249      |
|    time_elapsed    | 272      |
|    total_timesteps | 68080    |
| train/             |          |
|    actor_loss      | -27.2    |
|    critic_loss     | 13       |
|    ent_coef        | 0.095    |
|    ent_coef_loss   | 0.0807   |
|    learning_rate   | 0.000631 |
|    n_updates       | 58072    |
---------------------------------
---------------------------------
| rollout/           |          |
|    ep_len_mean     | 399      |
|    ep_rew_mean     | 129      |
| time/              |          |
|    episodes        | 232      |
|    fps             | 248      |
|    time_elapsed    | 279      |
|    total_timesteps | 69504    |
| train/             |          |
|    actor_loss      | -27.4    |
|    critic_loss     | 14       |
|    ent_coef        | 0.0979   |
|    ent_coef_loss   | 0.356    |
|    learning_rate   | 0.000629 |
|    n_updates       | 59496    |
---------------------------------
Eval num_timesteps=70000, episode_reward=155.70 +/- 132.64
Episode length: 245.00 +/- 100.16
---------------------------------
| eval/              |          |
|    mean_ep_length  | 245      |
|    mean_reward     | 156      |
| time/              |          |
|    total_timesteps | 70000    |
| train/             |          |
|    actor_loss      | -29.7    |
|    critic_loss     | 18.4     |
|    ent_coef        | 0.0995   |
|    ent_coef_loss   | 0.0805   |
|    learning_rate   | 0.000628 |
|    n_updates       | 59992    |
---------------------------------
---------------------------------
| rollout/           |          |
|    ep_len_mean     | 391      |
|    ep_rew_mean     | 131      |
| time/              |          |
|    episodes        | 236      |
|    fps             | 247      |
|    time_elapsed    | 283      |
|    total_timesteps | 70200    |
| train/             |          |
|    actor_loss      | -28.2    |
|    critic_loss     | 13.5     |
|    ent_coef        | 0.1      |
|    ent_coef_loss   | -0.0213  |
|    learning_rate   | 0.000628 |
|    n_updates       | 60192    |
---------------------------------
---------------------------------
| rollout/           |          |
|    ep_len_mean     | 382      |
|    ep_rew_mean     | 132      |
| time/              |          |
|    episodes        | 240      |
|    fps             | 247      |
|    time_elapsed    | 289      |
|    total_timesteps | 71448    |
| train/             |          |
|    actor_loss      | -28.7    |
|    critic_loss     | 8.08     |
|    ent_coef        | 0.0968   |
|    ent_coef_loss   | 0.128    |
|    learning_rate   | 0.000626 |
|    n_updates       | 61440    |
---------------------------------
---------------------------------
| rollout/           |          |
|    ep_len_mean     | 364      |
|    ep_rew_mean     | 131      |
| time/              |          |
|    episodes        | 244      |
|    fps             | 246      |
|    time_elapsed    | 293      |
|    total_timesteps | 72384    |
| train/             |          |
|    actor_loss      | -28.7    |
|    critic_loss     | 11.8     |
|    ent_coef        | 0.0947   |
|    ent_coef_loss   | -0.166   |
|    learning_rate   | 0.000624 |
|    n_updates       | 62376    |
---------------------------------
---------------------------------
| rollout/           |          |
|    ep_len_mean     | 365      |
|    ep_rew_mean     | 135      |
| time/              |          |
|    episodes        | 248      |
|    fps             | 246      |
|    time_elapsed    | 296      |
|    total_timesteps | 73192    |
| train/             |          |
|    actor_loss      | -29.7    |
|    critic_loss     | 13.2     |
|    ent_coef        | 0.0951   |
|    ent_coef_loss   | 0.153    |
|    learning_rate   | 0.000623 |
|    n_updates       | 63184    |
---------------------------------
---------------------------------
| rollout/           |          |
|    ep_len_mean     | 347      |
|    ep_rew_mean     | 136      |
| time/              |          |
|    episodes        | 252      |
|    fps             | 245      |
|    time_elapsed    | 304      |
|    total_timesteps | 74888    |
| train/             |          |
|    actor_loss      | -29.7    |
|    critic_loss     | 14       |
|    ent_coef        | 0.0954   |
|    ent_coef_loss   | -0.625   |
|    learning_rate   | 0.000621 |
|    n_updates       | 64880    |
---------------------------------
---------------------------------
| rollout/           |          |
|    ep_len_mean     | 339      |
|    ep_rew_mean     | 132      |
| time/              |          |
|    episodes        | 256      |
|    fps             | 245      |
|    time_elapsed    | 311      |
|    total_timesteps | 76408    |
| train/             |          |
|    actor_loss      | -29.2    |
|    critic_loss     | 14.8     |
|    ent_coef        | 0.0997   |
|    ent_coef_loss   | -0.114   |
|    learning_rate   | 0.000618 |
|    n_updates       | 66400    |
---------------------------------
---------------------------------
| rollout/           |          |
|    ep_len_mean     | 341      |
|    ep_rew_mean     | 132      |
| time/              |          |
|    episodes        | 260      |
|    fps             | 244      |
|    time_elapsed    | 315      |
|    total_timesteps | 77312    |
| train/             |          |
|    actor_loss      | -28.9    |
|    critic_loss     | 12.9     |
|    ent_coef        | 0.0979   |
|    ent_coef_loss   | -0.166   |
|    learning_rate   | 0.000617 |
|    n_updates       | 67304    |
---------------------------------
---------------------------------
| rollout/           |          |
|    ep_len_mean     | 340      |
|    ep_rew_mean     | 135      |
| time/              |          |
|    episodes        | 264      |
|    fps             | 244      |
|    time_elapsed    | 321      |
|    total_timesteps | 78512    |
| train/             |          |
|    actor_loss      | -28.7    |
|    critic_loss     | 17       |
|    ent_coef        | 0.0951   |
|    ent_coef_loss   | 0.173    |
|    learning_rate   | 0.000615 |
|    n_updates       | 68504    |
---------------------------------
---------------------------------
| rollout/           |          |
|    ep_len_mean     | 324      |
|    ep_rew_mean     | 137      |
| time/              |          |
|    episodes        | 268      |
|    fps             | 244      |
|    time_elapsed    | 327      |
|    total_timesteps | 79992    |
| train/             |          |
|    actor_loss      | -30      |
|    critic_loss     | 7.76     |
|    ent_coef        | 0.097    |
|    ent_coef_loss   | -0.0457  |
|    learning_rate   | 0.000613 |
|    n_updates       | 69984    |
---------------------------------
Eval num_timesteps=80000, episode_reward=253.44 +/- 18.83
Episode length: 359.20 +/- 158.30
---------------------------------
| eval/              |          |
|    mean_ep_length  | 359      |
|    mean_reward     | 253      |
| time/              |          |
|    total_timesteps | 80000    |
| train/             |          |
|    actor_loss      | -30.3    |
|    critic_loss     | 14       |
|    ent_coef        | 0.097    |
|    ent_coef_loss   | 0.14     |
|    learning_rate   | 0.000613 |
|    n_updates       | 69992    |
---------------------------------
New best mean reward!
---------------------------------
| rollout/           |          |
|    ep_len_mean     | 323      |
|    ep_rew_mean     | 148      |
| time/              |          |
|    episodes        | 272      |
|    fps             | 242      |
|    time_elapsed    | 332      |
|    total_timesteps | 80656    |
| train/             |          |
|    actor_loss      | -30.7    |
|    critic_loss     | 15.5     |
|    ent_coef        | 0.0974   |
|    ent_coef_loss   | 0.189    |
|    learning_rate   | 0.000612 |
|    n_updates       | 70648    |
---------------------------------
---------------------------------
| rollout/           |          |
|    ep_len_mean     | 310      |
|    ep_rew_mean     | 149      |
| time/              |          |
|    episodes        | 276      |
|    fps             | 242      |
|    time_elapsed    | 337      |
|    total_timesteps | 81904    |
| train/             |          |
|    actor_loss      | -29.8    |
|    critic_loss     | 12.1     |
|    ent_coef        | 0.0956   |
|    ent_coef_loss   | -0.167   |
|    learning_rate   | 0.00061  |
|    n_updates       | 71896    |
---------------------------------
---------------------------------
| rollout/           |          |
|    ep_len_mean     | 303      |
|    ep_rew_mean     | 151      |
| time/              |          |
|    episodes        | 280      |
|    fps             | 241      |
|    time_elapsed    | 343      |
|    total_timesteps | 83192    |
| train/             |          |
|    actor_loss      | -29.7    |
|    critic_loss     | 11.9     |
|    ent_coef        | 0.104    |
|    ent_coef_loss   | -0.236   |
|    learning_rate   | 0.000609 |
|    n_updates       | 73184    |
---------------------------------
---------------------------------
| rollout/           |          |
|    ep_len_mean     | 300      |
|    ep_rew_mean     | 156      |
| time/              |          |
|    episodes        | 284      |
|    fps             | 241      |
|    time_elapsed    | 348      |
|    total_timesteps | 84168    |
| train/             |          |
|    actor_loss      | -30.7    |
|    critic_loss     | 11.5     |
|    ent_coef        | 0.0961   |
|    ent_coef_loss   | 0.357    |
|    learning_rate   | 0.000607 |
|    n_updates       | 74160    |
---------------------------------
---------------------------------
| rollout/           |          |
|    ep_len_mean     | 296      |
|    ep_rew_mean     | 162      |
| time/              |          |
|    episodes        | 288      |
|    fps             | 241      |
|    time_elapsed    | 355      |
|    total_timesteps | 85688    |
| train/             |          |
|    actor_loss      | -31.6    |
|    critic_loss     | 8.57     |
|    ent_coef        | 0.0901   |
|    ent_coef_loss   | -0.106   |
|    learning_rate   | 0.000605 |
|    n_updates       | 75680    |
---------------------------------
---------------------------------
| rollout/           |          |
|    ep_len_mean     | 300      |
|    ep_rew_mean     | 163      |
| time/              |          |
|    episodes        | 292      |
|    fps             | 240      |
|    time_elapsed    | 361      |
|    total_timesteps | 87104    |
| train/             |          |
|    actor_loss      | -30.8    |
|    critic_loss     | 15.8     |
|    ent_coef        | 0.0922   |
|    ent_coef_loss   | -0.00631 |
|    learning_rate   | 0.000603 |
|    n_updates       | 77096    |
---------------------------------
---------------------------------
| rollout/           |          |
|    ep_len_mean     | 295      |
|    ep_rew_mean     | 167      |
| time/              |          |
|    episodes        | 296      |
|    fps             | 240      |
|    time_elapsed    | 365      |
|    total_timesteps | 87856    |
| train/             |          |
|    actor_loss      | -32.4    |
|    critic_loss     | 26.8     |
|    ent_coef        | 0.0887   |
|    ent_coef_loss   | -0.00849 |
|    learning_rate   | 0.000602 |
|    n_updates       | 77848    |
---------------------------------
---------------------------------
| rollout/           |          |
|    ep_len_mean     | 294      |
|    ep_rew_mean     | 173      |
| time/              |          |
|    episodes        | 300      |
|    fps             | 240      |
|    time_elapsed    | 373      |
|    total_timesteps | 89608    |
| train/             |          |
|    actor_loss      | -33.2    |
|    critic_loss     | 14.8     |
|    ent_coef        | 0.0888   |
|    ent_coef_loss   | 0.125    |
|    learning_rate   | 0.000599 |
|    n_updates       | 79600    |
---------------------------------
Eval num_timesteps=90000, episode_reward=177.41 +/- 116.38
Episode length: 233.70 +/- 59.59
---------------------------------
| eval/              |          |
|    mean_ep_length  | 234      |
|    mean_reward     | 177      |
| time/              |          |
|    total_timesteps | 90000    |
| train/             |          |
|    actor_loss      | -33      |
|    critic_loss     | 11.4     |
|    ent_coef        | 0.0902   |
|    ent_coef_loss   | -0.138   |
|    learning_rate   | 0.000599 |
|    n_updates       | 79992    |
---------------------------------
---------------------------------
| rollout/           |          |
|    ep_len_mean     | 290      |
|    ep_rew_mean     | 171      |
| time/              |          |
|    episodes        | 304      |
|    fps             | 239      |
|    time_elapsed    | 377      |
|    total_timesteps | 90336    |
| train/             |          |
|    actor_loss      | -32.3    |
|    critic_loss     | 16.8     |
|    ent_coef        | 0.0918   |
|    ent_coef_loss   | 0.118    |
|    learning_rate   | 0.000598 |
|    n_updates       | 80328    |
---------------------------------
---------------------------------
| rollout/           |          |
|    ep_len_mean     | 288      |
|    ep_rew_mean     | 174      |
| time/              |          |
|    episodes        | 308      |
|    fps             | 239      |
|    time_elapsed    | 381      |
|    total_timesteps | 91224    |
| train/             |          |
|    actor_loss      | -34      |
|    critic_loss     | 17.9     |
|    ent_coef        | 0.0887   |
|    ent_coef_loss   | -0.27    |
|    learning_rate   | 0.000597 |
|    n_updates       | 81216    |
---------------------------------
---------------------------------
| rollout/           |          |
|    ep_len_mean     | 290      |
|    ep_rew_mean     | 182      |
| time/              |          |
|    episodes        | 312      |
|    fps             | 238      |
|    time_elapsed    | 387      |
|    total_timesteps | 92568    |
| train/             |          |
|    actor_loss      | -34.9    |
|    critic_loss     | 11.2     |
|    ent_coef        | 0.0882   |
|    ent_coef_loss   | 0.0969   |
|    learning_rate   | 0.000595 |
|    n_updates       | 82560    |
---------------------------------
---------------------------------
| rollout/           |          |
|    ep_len_mean     | 292      |
|    ep_rew_mean     | 181      |
| time/              |          |
|    episodes        | 316      |
|    fps             | 238      |
|    time_elapsed    | 392      |
|    total_timesteps | 93696    |
| train/             |          |
|    actor_loss      | -35.2    |
|    critic_loss     | 12.8     |
|    ent_coef        | 0.0891   |
|    ent_coef_loss   | 0.221    |
|    learning_rate   | 0.000593 |
|    n_updates       | 83688    |
---------------------------------
---------------------------------
| rollout/           |          |
|    ep_len_mean     | 291      |
|    ep_rew_mean     | 176      |
| time/              |          |
|    episodes        | 320      |
|    fps             | 238      |
|    time_elapsed    | 401      |
|    total_timesteps | 95536    |
| train/             |          |
|    actor_loss      | -35.6    |
|    critic_loss     | 11.2     |
|    ent_coef        | 0.0934   |
|    ent_coef_loss   | -0.178   |
|    learning_rate   | 0.000591 |
|    n_updates       | 85528    |
---------------------------------
---------------------------------
| rollout/           |          |
|    ep_len_mean     | 298      |
|    ep_rew_mean     | 184      |
| time/              |          |
|    episodes        | 324      |
|    fps             | 237      |
|    time_elapsed    | 407      |
|    total_timesteps | 96848    |
| train/             |          |
|    actor_loss      | -36.9    |
|    critic_loss     | 8.11     |
|    ent_coef        | 0.0869   |
|    ent_coef_loss   | 0.0131   |
|    learning_rate   | 0.000589 |
|    n_updates       | 86840    |
---------------------------------
---------------------------------
| rollout/           |          |
|    ep_len_mean     | 301      |
|    ep_rew_mean     | 184      |
| time/              |          |
|    episodes        | 328      |
|    fps             | 237      |
|    time_elapsed    | 416      |
|    total_timesteps | 98984    |
| train/             |          |
|    actor_loss      | -37.1    |
|    critic_loss     | 10.2     |
|    ent_coef        | 0.0879   |
|    ent_coef_loss   | -0.0275  |
|    learning_rate   | 0.000585 |
|    n_updates       | 88976    |
---------------------------------
---------------------------------
| rollout/           |          |
|    ep_len_mean     | 304      |
|    ep_rew_mean     | 191      |
| time/              |          |
|    episodes        | 332      |
|    fps             | 237      |
|    time_elapsed    | 421      |
|    total_timesteps | 99992    |
| train/             |          |
|    actor_loss      | -37.8    |
|    critic_loss     | 14.6     |
|    ent_coef        | 0.0856   |
|    ent_coef_loss   | 0.132    |
|    learning_rate   | 0.000584 |
|    n_updates       | 89984    |
---------------------------------
Eval num_timesteps=100000, episode_reward=141.12 +/- 144.30
Episode length: 344.90 +/- 98.17
---------------------------------
| eval/              |          |
|    mean_ep_length  | 345      |
|    mean_reward     | 141      |
| time/              |          |
|    total_timesteps | 100000   |
| train/             |          |
|    actor_loss      | -36.8    |
|    critic_loss     | 13.5     |
|    ent_coef        | 0.0858   |
|    ent_coef_loss   | 0.519    |
|    learning_rate   | 0.000584 |
|    n_updates       | 89992    |
---------------------------------
---------------------------------
| rollout/           |          |
|    ep_len_mean     | 301      |
|    ep_rew_mean     | 192      |
| time/              |          |
|    episodes        | 336      |
|    fps             | 236      |
|    time_elapsed    | 426      |
|    total_timesteps | 100944   |
| train/             |          |
|    actor_loss      | -37.5    |
|    critic_loss     | 8.82     |
|    ent_coef        | 0.0866   |
|    ent_coef_loss   | -0.176   |
|    learning_rate   | 0.000583 |
|    n_updates       | 90936    |
---------------------------------
---------------------------------
| rollout/           |          |
|    ep_len_mean     | 304      |
|    ep_rew_mean     | 196      |
| time/              |          |
|    episodes        | 340      |
|    fps             | 236      |
|    time_elapsed    | 433      |
|    total_timesteps | 102320   |
| train/             |          |
|    actor_loss      | -38.3    |
|    critic_loss     | 13.8     |
|    ent_coef        | 0.0872   |
|    ent_coef_loss   | -0.0497  |
|    learning_rate   | 0.000581 |
|    n_updates       | 92312    |
---------------------------------
---------------------------------
| rollout/           |          |
|    ep_len_mean     | 306      |
|    ep_rew_mean     | 199      |
| time/              |          |
|    episodes        | 344      |
|    fps             | 235      |
|    time_elapsed    | 438      |
|    total_timesteps | 103368   |
| train/             |          |
|    actor_loss      | -38      |
|    critic_loss     | 12.2     |
|    ent_coef        | 0.0869   |
|    ent_coef_loss   | -0.00743 |
|    learning_rate   | 0.000579 |
|    n_updates       | 93360    |
---------------------------------
---------------------------------
| rollout/           |          |
|    ep_len_mean     | 310      |
|    ep_rew_mean     | 199      |
| time/              |          |
|    episodes        | 348      |
|    fps             | 235      |
|    time_elapsed    | 443      |
|    total_timesteps | 104632   |
| train/             |          |
|    actor_loss      | -38.6    |
|    critic_loss     | 9.75     |
|    ent_coef        | 0.0813   |
|    ent_coef_loss   | -0.0761  |
|    learning_rate   | 0.000577 |
|    n_updates       | 94624    |
---------------------------------
---------------------------------
| rollout/           |          |
|    ep_len_mean     | 313      |
|    ep_rew_mean     | 202      |
| time/              |          |
|    episodes        | 352      |
|    fps             | 235      |
|    time_elapsed    | 448      |
|    total_timesteps | 105576   |
| train/             |          |
|    actor_loss      | -38.4    |
|    critic_loss     | 10.1     |
|    ent_coef        | 0.0846   |
|    ent_coef_loss   | 0.0306   |
|    learning_rate   | 0.000576 |
|    n_updates       | 95568    |
---------------------------------
---------------------------------
| rollout/           |          |
|    ep_len_mean     | 307      |
|    ep_rew_mean     | 209      |
| time/              |          |
|    episodes        | 356      |
|    fps             | 235      |
|    time_elapsed    | 453      |
|    total_timesteps | 106624   |
| train/             |          |
|    actor_loss      | -39.7    |
|    critic_loss     | 17.4     |
|    ent_coef        | 0.0892   |
|    ent_coef_loss   | 0.256    |
|    learning_rate   | 0.000574 |
|    n_updates       | 96616    |
---------------------------------
---------------------------------
| rollout/           |          |
|    ep_len_mean     | 299      |
|    ep_rew_mean     | 210      |
| time/              |          |
|    episodes        | 360      |
|    fps             | 235      |
|    time_elapsed    | 458      |
|    total_timesteps | 107720   |
| train/             |          |
|    actor_loss      | -39.4    |
|    critic_loss     | 8.59     |
|    ent_coef        | 0.0878   |
|    ent_coef_loss   | -0.161   |
|    learning_rate   | 0.000573 |
|    n_updates       | 97712    |
---------------------------------
---------------------------------
| rollout/           |          |
|    ep_len_mean     | 302      |
|    ep_rew_mean     | 215      |
| time/              |          |
|    episodes        | 364      |
|    fps             | 234      |
|    time_elapsed    | 463      |
|    total_timesteps | 108856   |
| train/             |          |
|    actor_loss      | -39.9    |
|    critic_loss     | 8.46     |
|    ent_coef        | 0.0833   |
|    ent_coef_loss   | 0.137    |
|    learning_rate   | 0.000571 |
|    n_updates       | 98848    |
---------------------------------
Eval num_timesteps=110000, episode_reward=220.93 +/- 81.98
Episode length: 313.90 +/- 74.38
---------------------------------
| eval/              |          |
|    mean_ep_length  | 314      |
|    mean_reward     | 221      |
| time/              |          |
|    total_timesteps | 110000   |
| train/             |          |
|    actor_loss      | -41.5    |
|    critic_loss     | 13       |
|    ent_coef        | 0.0816   |
|    ent_coef_loss   | 0.000715 |
|    learning_rate   | 0.000569 |
|    n_updates       | 99992    |
---------------------------------
---------------------------------
| rollout/           |          |
|    ep_len_mean     | 301      |
|    ep_rew_mean     | 213      |
| time/              |          |
|    episodes        | 368      |
|    fps             | 234      |
|    time_elapsed    | 471      |
|    total_timesteps | 110328   |
| train/             |          |
|    actor_loss      | -39.8    |
|    critic_loss     | 26.4     |
|    ent_coef        | 0.0817   |
|    ent_coef_loss   | 0.198    |
|    learning_rate   | 0.000569 |
|    n_updates       | 100320   |
---------------------------------
---------------------------------
| rollout/           |          |
|    ep_len_mean     | 301      |
|    ep_rew_mean     | 212      |
| time/              |          |
|    episodes        | 372      |
|    fps             | 233      |
|    time_elapsed    | 475      |
|    total_timesteps | 111296   |
| train/             |          |
|    actor_loss      | -41.2    |
|    critic_loss     | 9.55     |
|    ent_coef        | 0.0859   |
|    ent_coef_loss   | -0.167   |
|    learning_rate   | 0.000568 |
|    n_updates       | 101288   |
---------------------------------
---------------------------------
| rollout/           |          |
|    ep_len_mean     | 304      |
|    ep_rew_mean     | 211      |
| time/              |          |
|    episodes        | 376      |
|    fps             | 233      |
|    time_elapsed    | 479      |
|    total_timesteps | 112184   |
| train/             |          |
|    actor_loss      | -41.4    |
|    critic_loss     | 18.9     |
|    ent_coef        | 0.0809   |
|    ent_coef_loss   | -0.0371  |
|    learning_rate   | 0.000566 |
|    n_updates       | 102176   |
---------------------------------
---------------------------------
| rollout/           |          |
|    ep_len_mean     | 302      |
|    ep_rew_mean     | 211      |
| time/              |          |
|    episodes        | 380      |
|    fps             | 233      |
|    time_elapsed    | 485      |
|    total_timesteps | 113496   |
| train/             |          |
|    actor_loss      | -40.1    |
|    critic_loss     | 21.9     |
|    ent_coef        | 0.0827   |
|    ent_coef_loss   | 0.343    |
|    learning_rate   | 0.000564 |
|    n_updates       | 103488   |
---------------------------------
---------------------------------
| rollout/           |          |
|    ep_len_mean     | 297      |
|    ep_rew_mean     | 212      |
| time/              |          |
|    episodes        | 384      |
|    fps             | 233      |
|    time_elapsed    | 492      |
|    total_timesteps | 114928   |
| train/             |          |
|    actor_loss      | -40.2    |
|    critic_loss     | 8.32     |
|    ent_coef        | 0.0784   |
|    ent_coef_loss   | 0.234    |
|    learning_rate   | 0.000562 |
|    n_updates       | 104920   |
---------------------------------
---------------------------------
| rollout/           |          |
|    ep_len_mean     | 298      |
|    ep_rew_mean     | 209      |
| time/              |          |
|    episodes        | 388      |
|    fps             | 233      |
|    time_elapsed    | 497      |
|    total_timesteps | 116072   |
| train/             |          |
|    actor_loss      | -41.6    |
|    critic_loss     | 10       |
|    ent_coef        | 0.0791   |
|    ent_coef_loss   | 0.0395   |
|    learning_rate   | 0.000561 |
|    n_updates       | 106064   |
---------------------------------
---------------------------------
| rollout/           |          |
|    ep_len_mean     | 299      |
|    ep_rew_mean     | 209      |
| time/              |          |
|    episodes        | 392      |
|    fps             | 233      |
|    time_elapsed    | 500      |
|    total_timesteps | 116848   |
| train/             |          |
|    actor_loss      | -41.4    |
|    critic_loss     | 12.9     |
|    ent_coef        | 0.0855   |
|    ent_coef_loss   | 0.268    |
|    learning_rate   | 0.000559 |
|    n_updates       | 106840   |
---------------------------------
---------------------------------
| rollout/           |          |
|    ep_len_mean     | 297      |
|    ep_rew_mean     | 211      |
| time/              |          |
|    episodes        | 396      |
|    fps             | 233      |
|    time_elapsed    | 503      |
|    total_timesteps | 117552   |
| train/             |          |
|    actor_loss      | -42.5    |
|    critic_loss     | 9.48     |
|    ent_coef        | 0.0801   |
|    ent_coef_loss   | 0.267    |
|    learning_rate   | 0.000558 |
|    n_updates       | 107544   |
---------------------------------
---------------------------------
| rollout/           |          |
|    ep_len_mean     | 296      |
|    ep_rew_mean     | 210      |
| time/              |          |
|    episodes        | 400      |
|    fps             | 233      |
|    time_elapsed    | 508      |
|    total_timesteps | 118576   |
| train/             |          |
|    actor_loss      | -42.9    |
|    critic_loss     | 12.2     |
|    ent_coef        | 0.0791   |
|    ent_coef_loss   | -0.106   |
|    learning_rate   | 0.000557 |
|    n_updates       | 108568   |
---------------------------------
---------------------------------
| rollout/           |          |
|    ep_len_mean     | 291      |
|    ep_rew_mean     | 217      |
| time/              |          |
|    episodes        | 404      |
|    fps             | 232      |
|    time_elapsed    | 513      |
|    total_timesteps | 119576   |
| train/             |          |
|    actor_loss      | -41.8    |
|    critic_loss     | 9.39     |
|    ent_coef        | 0.0782   |
|    ent_coef_loss   | 0.273    |
|    learning_rate   | 0.000555 |
|    n_updates       | 109568   |
---------------------------------
Eval num_timesteps=120000, episode_reward=246.47 +/- 66.51
Episode length: 249.00 +/- 51.13
---------------------------------
| eval/              |          |
|    mean_ep_length  | 249      |
|    mean_reward     | 246      |
| time/              |          |
|    total_timesteps | 120000   |
| train/             |          |
|    actor_loss      | -42.9    |
|    critic_loss     | 13.3     |
|    ent_coef        | 0.0776   |
|    ent_coef_loss   | 0.348    |
|    learning_rate   | 0.000555 |
|    n_updates       | 109992   |
---------------------------------
---------------------------------
| rollout/           |          |
|    ep_len_mean     | 291      |
|    ep_rew_mean     | 214      |
| time/              |          |
|    episodes        | 408      |
|    fps             | 232      |
|    time_elapsed    | 517      |
|    total_timesteps | 120280   |
| train/             |          |
|    actor_loss      | -42.7    |
|    critic_loss     | 14.2     |
|    ent_coef        | 0.0797   |
|    ent_coef_loss   | -0.0514  |
|    learning_rate   | 0.000554 |
|    n_updates       | 110272   |
---------------------------------
---------------------------------
| rollout/           |          |
|    ep_len_mean     | 290      |
|    ep_rew_mean     | 213      |
| time/              |          |
|    episodes        | 412      |
|    fps             | 232      |
|    time_elapsed    | 521      |
|    total_timesteps | 121160   |
| train/             |          |
|    actor_loss      | -42.5    |
|    critic_loss     | 7.06     |
|    ent_coef        | 0.0822   |
|    ent_coef_loss   | -0.284   |
|    learning_rate   | 0.000553 |
|    n_updates       | 111152   |
---------------------------------
---------------------------------
| rollout/           |          |
|    ep_len_mean     | 289      |
|    ep_rew_mean     | 217      |
| time/              |          |
|    episodes        | 416      |
|    fps             | 232      |
|    time_elapsed    | 525      |
|    total_timesteps | 121936   |
| train/             |          |
|    actor_loss      | -42.8    |
|    critic_loss     | 14.4     |
|    ent_coef        | 0.0828   |
|    ent_coef_loss   | -0.139   |
|    learning_rate   | 0.000552 |
|    n_updates       | 111928   |
---------------------------------
---------------------------------
| rollout/           |          |
|    ep_len_mean     | 289      |
|    ep_rew_mean     | 217      |
| time/              |          |
|    episodes        | 420      |
|    fps             | 232      |
|    time_elapsed    | 531      |
|    total_timesteps | 123416   |
| train/             |          |
|    actor_loss      | -44.6    |
|    critic_loss     | 8.81     |
|    ent_coef        | 0.0847   |
|    ent_coef_loss   | -0.324   |
|    learning_rate   | 0.00055  |
|    n_updates       | 113408   |
---------------------------------
---------------------------------
| rollout/           |          |
|    ep_len_mean     | 286      |
|    ep_rew_mean     | 215      |
| time/              |          |
|    episodes        | 424      |
|    fps             | 231      |
|    time_elapsed    | 537      |
|    total_timesteps | 124664   |
| train/             |          |
|    actor_loss      | -42.6    |
|    critic_loss     | 13.9     |
|    ent_coef        | 0.0887   |
|    ent_coef_loss   | 0.38     |
|    learning_rate   | 0.000548 |
|    n_updates       | 114656   |
---------------------------------
---------------------------------
| rollout/           |          |
|    ep_len_mean     | 284      |
|    ep_rew_mean     | 214      |
| time/              |          |
|    episodes        | 428      |
|    fps             | 231      |
|    time_elapsed    | 541      |
|    total_timesteps | 125560   |
| train/             |          |
|    actor_loss      | -43.4    |
|    critic_loss     | 12.5     |
|    ent_coef        | 0.085    |
|    ent_coef_loss   | -0.0541  |
|    learning_rate   | 0.000547 |
|    n_updates       | 115552   |
---------------------------------
---------------------------------
| rollout/           |          |
|    ep_len_mean     | 270      |
|    ep_rew_mean     | 216      |
| time/              |          |
|    episodes        | 432      |
|    fps             | 231      |
|    time_elapsed    | 545      |
|    total_timesteps | 126504   |
| train/             |          |
|    actor_loss      | -45.2    |
|    critic_loss     | 15.5     |
|    ent_coef        | 0.0863   |
|    ent_coef_loss   | 0.0246   |
|    learning_rate   | 0.000545 |
|    n_updates       | 116496   |
---------------------------------
---------------------------------
| rollout/           |          |
|    ep_len_mean     | 270      |
|    ep_rew_mean     | 215      |
| time/              |          |
|    episodes        | 436      |
|    fps             | 231      |
|    time_elapsed    | 551      |
|    total_timesteps | 127800   |
| train/             |          |
|    actor_loss      | -43.4    |
|    critic_loss     | 16.3     |
|    ent_coef        | 0.0846   |
|    ent_coef_loss   | 0.231    |
|    learning_rate   | 0.000543 |
|    n_updates       | 117792   |
---------------------------------
---------------------------------
| rollout/           |          |
|    ep_len_mean     | 271      |
|    ep_rew_mean     | 214      |
| time/              |          |
|    episodes        | 440      |
|    fps             | 231      |
|    time_elapsed    | 557      |
|    total_timesteps | 129240   |
| train/             |          |
|    actor_loss      | -44.7    |
|    critic_loss     | 18.9     |
|    ent_coef        | 0.079    |
|    ent_coef_loss   | 0.676    |
|    learning_rate   | 0.000541 |
|    n_updates       | 119232   |
---------------------------------
Eval num_timesteps=130000, episode_reward=4.80 +/- 241.52
Episode length: 246.80 +/- 75.34
---------------------------------
| eval/              |          |
|    mean_ep_length  | 247      |
|    mean_reward     | 4.8      |
| time/              |          |
|    total_timesteps | 130000   |
| train/             |          |
|    actor_loss      | -44      |
|    critic_loss     | 10.8     |
|    ent_coef        | 0.078    |
|    ent_coef_loss   | -0.0449  |
|    learning_rate   | 0.00054  |
|    n_updates       | 119992   |
---------------------------------
---------------------------------
| rollout/           |          |
|    ep_len_mean     | 271      |
|    ep_rew_mean     | 211      |
| time/              |          |
|    episodes        | 444      |
|    fps             | 231      |
|    time_elapsed    | 562      |
|    total_timesteps | 130120   |
| train/             |          |
|    actor_loss      | -44      |
|    critic_loss     | 7.57     |
|    ent_coef        | 0.0781   |
|    ent_coef_loss   | -0.0446  |
|    learning_rate   | 0.00054  |
|    n_updates       | 120112   |
---------------------------------
---------------------------------
| rollout/           |          |
|    ep_len_mean     | 266      |
|    ep_rew_mean     | 214      |
| time/              |          |
|    episodes        | 448      |
|    fps             | 231      |
|    time_elapsed    | 566      |
|    total_timesteps | 131000   |
| train/             |          |
|    actor_loss      | -43      |
|    critic_loss     | 17.9     |
|    ent_coef        | 0.0836   |
|    ent_coef_loss   | -0.205   |
|    learning_rate   | 0.000539 |
|    n_updates       | 120992   |
---------------------------------
---------------------------------
| rollout/           |          |
|    ep_len_mean     | 263      |
|    ep_rew_mean     | 213      |
| time/              |          |
|    episodes        | 452      |
|    fps             | 231      |
|    time_elapsed    | 571      |
|    total_timesteps | 132056   |
| train/             |          |
|    actor_loss      | -42.8    |
|    critic_loss     | 11       |
|    ent_coef        | 0.08     |
|    ent_coef_loss   | -0.299   |
|    learning_rate   | 0.000537 |
|    n_updates       | 122048   |
---------------------------------
---------------------------------
| rollout/           |          |
|    ep_len_mean     | 263      |
|    ep_rew_mean     | 207      |
| time/              |          |
|    episodes        | 456      |
|    fps             | 231      |
|    time_elapsed    | 577      |
|    total_timesteps | 133504   |
| train/             |          |
|    actor_loss      | -44      |
|    critic_loss     | 8.66     |
|    ent_coef        | 0.0785   |
|    ent_coef_loss   | -0.237   |
|    learning_rate   | 0.000535 |
|    n_updates       | 123496   |
---------------------------------
---------------------------------
| rollout/           |          |
|    ep_len_mean     | 265      |
|    ep_rew_mean     | 207      |
| time/              |          |
|    episodes        | 460      |
|    fps             | 231      |
|    time_elapsed    | 580      |
|    total_timesteps | 134104   |
| train/             |          |
|    actor_loss      | -42.4    |
|    critic_loss     | 13.3     |
|    ent_coef        | 0.0785   |
|    ent_coef_loss   | -0.314   |
|    learning_rate   | 0.000534 |
|    n_updates       | 124096   |
---------------------------------
---------------------------------
| rollout/           |          |
|    ep_len_mean     | 262      |
|    ep_rew_mean     | 205      |
| time/              |          |
|    episodes        | 464      |
|    fps             | 231      |
|    time_elapsed    | 585      |
|    total_timesteps | 135376   |
| train/             |          |
|    actor_loss      | -43.6    |
|    critic_loss     | 9.7      |
|    ent_coef        | 0.0774   |
|    ent_coef_loss   | -0.169   |
|    learning_rate   | 0.000532 |
|    n_updates       | 125368   |
---------------------------------
---------------------------------
| rollout/           |          |
|    ep_len_mean     | 263      |
|    ep_rew_mean     | 208      |
| time/              |          |
|    episodes        | 468      |
|    fps             | 231      |
|    time_elapsed    | 590      |
|    total_timesteps | 136424   |
| train/             |          |
|    actor_loss      | -43.4    |
|    critic_loss     | 8.23     |
|    ent_coef        | 0.078    |
|    ent_coef_loss   | 0.27     |
|    learning_rate   | 0.000531 |
|    n_updates       | 126416   |
---------------------------------
---------------------------------
| rollout/           |          |
|    ep_len_mean     | 263      |
|    ep_rew_mean     | 207      |
| time/              |          |
|    episodes        | 472      |
|    fps             | 231      |
|    time_elapsed    | 596      |
|    total_timesteps | 137824   |
| train/             |          |
|    actor_loss      | -43      |
|    critic_loss     | 11.7     |
|    ent_coef        | 0.078    |
|    ent_coef_loss   | 0.37     |
|    learning_rate   | 0.000529 |
|    n_updates       | 127816   |
---------------------------------
---------------------------------
| rollout/           |          |
|    ep_len_mean     | 260      |
|    ep_rew_mean     | 207      |
| time/              |          |
|    episodes        | 476      |
|    fps             | 231      |
|    time_elapsed    | 600      |
|    total_timesteps | 138800   |
| train/             |          |
|    actor_loss      | -43      |
|    critic_loss     | 16.1     |
|    ent_coef        | 0.0784   |
|    ent_coef_loss   | -0.0966  |
|    learning_rate   | 0.000527 |
|    n_updates       | 128792   |
---------------------------------
---------------------------------
| rollout/           |          |
|    ep_len_mean     | 260      |
|    ep_rew_mean     | 205      |
| time/              |          |
|    episodes        | 480      |
|    fps             | 231      |
|    time_elapsed    | 603      |
|    total_timesteps | 139552   |
| train/             |          |
|    actor_loss      | -43.1    |
|    critic_loss     | 17.7     |
|    ent_coef        | 0.0809   |
|    ent_coef_loss   | 0.246    |
|    learning_rate   | 0.000526 |
|    n_updates       | 129544   |
---------------------------------
Eval num_timesteps=140000, episode_reward=264.00 +/- 22.23
Episode length: 256.80 +/- 43.89
---------------------------------
| eval/              |          |
|    mean_ep_length  | 257      |
|    mean_reward     | 264      |
| time/              |          |
|    total_timesteps | 140000   |
| train/             |          |
|    actor_loss      | -42.1    |
|    critic_loss     | 15.1     |
|    ent_coef        | 0.0806   |
|    ent_coef_loss   | -0.00773 |
|    learning_rate   | 0.000526 |
|    n_updates       | 129992   |
---------------------------------
New best mean reward!
---------------------------------
| rollout/           |          |
|    ep_len_mean     | 265      |
|    ep_rew_mean     | 198      |
| time/              |          |
|    episodes        | 484      |
|    fps             | 230      |
|    time_elapsed    | 608      |
|    total_timesteps | 140512   |
| train/             |          |
|    actor_loss      | -42.5    |
|    critic_loss     | 11.7     |
|    ent_coef        | 0.0809   |
|    ent_coef_loss   | -0.215   |
|    learning_rate   | 0.000525 |
|    n_updates       | 130504   |
---------------------------------
---------------------------------
| rollout/           |          |
|    ep_len_mean     | 261      |
|    ep_rew_mean     | 199      |
| time/              |          |
|    episodes        | 488      |
|    fps             | 230      |
|    time_elapsed    | 612      |
|    total_timesteps | 141384   |
| train/             |          |
|    actor_loss      | -43.1    |
|    critic_loss     | 9.08     |
|    ent_coef        | 0.0792   |
|    ent_coef_loss   | -0.0115  |
|    learning_rate   | 0.000524 |
|    n_updates       | 131376   |
---------------------------------
---------------------------------
| rollout/           |          |
|    ep_len_mean     | 254      |
|    ep_rew_mean     | 198      |
| time/              |          |
|    episodes        | 492      |
|    fps             | 230      |
|    time_elapsed    | 618      |
|    total_timesteps | 142704   |
| train/             |          |
|    actor_loss      | -43.5    |
|    critic_loss     | 11.3     |
|    ent_coef        | 0.0829   |
|    ent_coef_loss   | -0.0114  |
|    learning_rate   | 0.000522 |
|    n_updates       | 132696   |
---------------------------------
---------------------------------
| rollout/           |          |
|    ep_len_mean     | 256      |
|    ep_rew_mean     | 198      |
| time/              |          |
|    episodes        | 496      |
|    fps             | 230      |
|    time_elapsed    | 625      |
|    total_timesteps | 144232   |
| train/             |          |
|    actor_loss      | -43.6    |
|    critic_loss     | 13.3     |
|    ent_coef        | 0.0821   |
|    ent_coef_loss   | -0.22    |
|    learning_rate   | 0.000519 |
|    n_updates       | 134224   |
---------------------------------
---------------------------------
| rollout/           |          |
|    ep_len_mean     | 261      |
|    ep_rew_mean     | 196      |
| time/              |          |
|    episodes        | 500      |
|    fps             | 230      |
|    time_elapsed    | 627      |
|    total_timesteps | 144808   |
| train/             |          |
|    actor_loss      | -43.7    |
|    critic_loss     | 7.19     |
|    ent_coef        | 0.084    |
|    ent_coef_loss   | -0.2     |
|    learning_rate   | 0.000519 |
|    n_updates       | 134800   |
---------------------------------
---------------------------------
| rollout/           |          |
|    ep_len_mean     | 265      |
|    ep_rew_mean     | 194      |
| time/              |          |
|    episodes        | 504      |
|    fps             | 230      |
|    time_elapsed    | 633      |
|    total_timesteps | 146104   |
| train/             |          |
|    actor_loss      | -44.4    |
|    critic_loss     | 11.2     |
|    ent_coef        | 0.0811   |
|    ent_coef_loss   | 0.121    |
|    learning_rate   | 0.000517 |
|    n_updates       | 136096   |
---------------------------------
---------------------------------
| rollout/           |          |
|    ep_len_mean     | 264      |
|    ep_rew_mean     | 197      |
| time/              |          |
|    episodes        | 508      |
|    fps             | 230      |
|    time_elapsed    | 637      |
|    total_timesteps | 146968   |
| train/             |          |
|    actor_loss      | -43.2    |
|    critic_loss     | 27.2     |
|    ent_coef        | 0.0792   |
|    ent_coef_loss   | 0.122    |
|    learning_rate   | 0.000515 |
|    n_updates       | 136960   |
---------------------------------
---------------------------------
| rollout/           |          |
|    ep_len_mean     | 265      |
|    ep_rew_mean     | 200      |
| time/              |          |
|    episodes        | 512      |
|    fps             | 230      |
|    time_elapsed    | 642      |
|    total_timesteps | 148064   |
| train/             |          |
|    actor_loss      | -45.4    |
|    critic_loss     | 15.3     |
|    ent_coef        | 0.0787   |
|    ent_coef_loss   | 0.26     |
|    learning_rate   | 0.000514 |
|    n_updates       | 138056   |
---------------------------------
---------------------------------
| rollout/           |          |
|    ep_len_mean     | 266      |
|    ep_rew_mean     | 202      |
| time/              |          |
|    episodes        | 516      |
|    fps             | 230      |
|    time_elapsed    | 644      |
|    total_timesteps | 148656   |
| train/             |          |
|    actor_loss      | -44.5    |
|    critic_loss     | 12.4     |
|    ent_coef        | 0.0818   |
|    ent_coef_loss   | 0.126    |
|    learning_rate   | 0.000513 |
|    n_updates       | 138648   |
---------------------------------
Eval num_timesteps=150000, episode_reward=246.70 +/- 68.71
Episode length: 252.50 +/- 48.36
---------------------------------
| eval/              |          |
|    mean_ep_length  | 252      |
|    mean_reward     | 247      |
| time/              |          |
|    total_timesteps | 150000   |
| train/             |          |
|    actor_loss      | -43.5    |
|    critic_loss     | 10       |
|    ent_coef        | 0.0805   |
|    ent_coef_loss   | 0.223    |
|    learning_rate   | 0.000511 |
|    n_updates       | 139992   |
---------------------------------
---------------------------------
| rollout/           |          |
|    ep_len_mean     | 266      |
|    ep_rew_mean     | 205      |
| time/              |          |
|    episodes        | 520      |
|    fps             | 230      |
|    time_elapsed    | 651      |
|    total_timesteps | 150016   |
| train/             |          |
|    actor_loss      | -44.4    |
|    critic_loss     | 8.99     |
|    ent_coef        | 0.0807   |
|    ent_coef_loss   | -0.0107  |
|    learning_rate   | 0.000511 |
|    n_updates       | 140008   |
---------------------------------
---------------------------------
| rollout/           |          |
|    ep_len_mean     | 265      |
|    ep_rew_mean     | 209      |
| time/              |          |
|    episodes        | 524      |
|    fps             | 230      |
|    time_elapsed    | 654      |
|    total_timesteps | 150608   |
| train/             |          |
|    actor_loss      | -45.6    |
|    critic_loss     | 12.2     |
|    ent_coef        | 0.0831   |
|    ent_coef_loss   | -0.0301  |
|    learning_rate   | 0.00051  |
|    n_updates       | 140600   |
---------------------------------
---------------------------------
| rollout/           |          |
|    ep_len_mean     | 263      |
|    ep_rew_mean     | 209      |
| time/              |          |
|    episodes        | 528      |
|    fps             | 229      |
|    time_elapsed    | 659      |
|    total_timesteps | 151760   |
| train/             |          |
|    actor_loss      | -46.9    |
|    critic_loss     | 11.4     |
|    ent_coef        | 0.081    |
|    ent_coef_loss   | -0.128   |
|    learning_rate   | 0.000508 |
|    n_updates       | 141752   |
---------------------------------
---------------------------------
| rollout/           |          |
|    ep_len_mean     | 264      |
|    ep_rew_mean     | 210      |
| time/              |          |
|    episodes        | 532      |
|    fps             | 229      |
|    time_elapsed    | 665      |
|    total_timesteps | 153000   |
| train/             |          |
|    actor_loss      | -46      |
|    critic_loss     | 9.88     |
|    ent_coef        | 0.0849   |
|    ent_coef_loss   | 0.053    |
|    learning_rate   | 0.000507 |
|    n_updates       | 142992   |
---------------------------------
---------------------------------
| rollout/           |          |
|    ep_len_mean     | 264      |
|    ep_rew_mean     | 213      |
| time/              |          |
|    episodes        | 536      |
|    fps             | 229      |
|    time_elapsed    | 670      |
|    total_timesteps | 154072   |
| train/             |          |
|    actor_loss      | -46.3    |
|    critic_loss     | 8.84     |
|    ent_coef        | 0.0807   |
|    ent_coef_loss   | -0.0313  |
|    learning_rate   | 0.000505 |
|    n_updates       | 144064   |
---------------------------------
---------------------------------
| rollout/           |          |
|    ep_len_mean     | 265      |
|    ep_rew_mean     | 217      |
| time/              |          |
|    episodes        | 540      |
|    fps             | 229      |
|    time_elapsed    | 675      |
|    total_timesteps | 155232   |
| train/             |          |
|    actor_loss      | -44.4    |
|    critic_loss     | 14.1     |
|    ent_coef        | 0.082    |
|    ent_coef_loss   | 0.291    |
|    learning_rate   | 0.000503 |
|    n_updates       | 145224   |
---------------------------------
---------------------------------
| rollout/           |          |
|    ep_len_mean     | 263      |
|    ep_rew_mean     | 221      |
| time/              |          |
|    episodes        | 544      |
|    fps             | 229      |
|    time_elapsed    | 679      |
|    total_timesteps | 156024   |
| train/             |          |
|    actor_loss      | -46.8    |
|    critic_loss     | 12.5     |
|    ent_coef        | 0.0814   |
|    ent_coef_loss   | 0.0777   |
|    learning_rate   | 0.000502 |
|    n_updates       | 146016   |
---------------------------------
---------------------------------
| rollout/           |          |
|    ep_len_mean     | 263      |
|    ep_rew_mean     | 222      |
| time/              |          |
|    episodes        | 548      |
|    fps             | 229      |
|    time_elapsed    | 685      |
|    total_timesteps | 157328   |
| train/             |          |
|    actor_loss      | -47.1    |
|    critic_loss     | 13       |
|    ent_coef        | 0.0799   |
|    ent_coef_loss   | 0.287    |
|    learning_rate   | 0.0005   |
|    n_updates       | 147320   |
---------------------------------
---------------------------------
| rollout/           |          |
|    ep_len_mean     | 264      |
|    ep_rew_mean     | 224      |
| time/              |          |
|    episodes        | 552      |
|    fps             | 229      |
|    time_elapsed    | 690      |
|    total_timesteps | 158448   |
| train/             |          |
|    actor_loss      | -48.1    |
|    critic_loss     | 21.8     |
|    ent_coef        | 0.0781   |
|    ent_coef_loss   | 0.117    |
|    learning_rate   | 0.000499 |
|    n_updates       | 148440   |
---------------------------------
---------------------------------
| rollout/           |          |
|    ep_len_mean     | 263      |
|    ep_rew_mean     | 229      |
| time/              |          |
|    episodes        | 556      |
|    fps             | 229      |
|    time_elapsed    | 695      |
|    total_timesteps | 159400   |
| train/             |          |
|    actor_loss      | -47.2    |
|    critic_loss     | 8.15     |
|    ent_coef        | 0.0845   |
|    ent_coef_loss   | 0.115    |
|    learning_rate   | 0.000497 |
|    n_updates       | 149392   |
---------------------------------
Eval num_timesteps=160000, episode_reward=237.67 +/- 75.96
Episode length: 250.90 +/- 50.29
---------------------------------
| eval/              |          |
|    mean_ep_length  | 251      |
|    mean_reward     | 238      |
| time/              |          |
|    total_timesteps | 160000   |
| train/             |          |
|    actor_loss      | -47.8    |
|    critic_loss     | 14       |
|    ent_coef        | 0.0791   |
|    ent_coef_loss   | -0.458   |
|    learning_rate   | 0.000496 |
|    n_updates       | 149992   |
---------------------------------
---------------------------------
| rollout/           |          |
|    ep_len_mean     | 265      |
|    ep_rew_mean     | 233      |
| time/              |          |
|    episodes        | 560      |
|    fps             | 228      |
|    time_elapsed    | 703      |
|    total_timesteps | 160952   |
| train/             |          |
|    actor_loss      | -48      |
|    critic_loss     | 16.6     |
|    ent_coef        | 0.0741   |
|    ent_coef_loss   | -0.0623  |
|    learning_rate   | 0.000495 |
|    n_updates       | 150944   |
---------------------------------
---------------------------------
| rollout/           |          |
|    ep_len_mean     | 266      |
|    ep_rew_mean     | 231      |
| time/              |          |
|    episodes        | 564      |
|    fps             | 228      |
|    time_elapsed    | 707      |
|    total_timesteps | 161960   |
| train/             |          |
|    actor_loss      | -47.4    |
|    critic_loss     | 20.1     |
|    ent_coef        | 0.0799   |
|    ent_coef_loss   | -0.415   |
|    learning_rate   | 0.000494 |
|    n_updates       | 151952   |
---------------------------------
---------------------------------
| rollout/           |          |
|    ep_len_mean     | 267      |
|    ep_rew_mean     | 233      |
| time/              |          |
|    episodes        | 568      |
|    fps             | 228      |
|    time_elapsed    | 711      |
|    total_timesteps | 162760   |
| train/             |          |
|    actor_loss      | -46.9    |
|    critic_loss     | 12.3     |
|    ent_coef        | 0.0787   |
|    ent_coef_loss   | -0.0946  |
|    learning_rate   | 0.000492 |
|    n_updates       | 152752   |
---------------------------------
---------------------------------
| rollout/           |          |
|    ep_len_mean     | 265      |
|    ep_rew_mean     | 236      |
| time/              |          |
|    episodes        | 572      |
|    fps             | 228      |
|    time_elapsed    | 714      |
|    total_timesteps | 163488   |
| train/             |          |
|    actor_loss      | -47.7    |
|    critic_loss     | 9.18     |
|    ent_coef        | 0.0783   |
|    ent_coef_loss   | 0.168    |
|    learning_rate   | 0.000491 |
|    n_updates       | 153480   |
---------------------------------
---------------------------------
| rollout/           |          |
|    ep_len_mean     | 263      |
|    ep_rew_mean     | 237      |
| time/              |          |
|    episodes        | 576      |
|    fps             | 228      |
|    time_elapsed    | 720      |
|    total_timesteps | 164704   |
| train/             |          |
|    actor_loss      | -47.4    |
|    critic_loss     | 13.9     |
|    ent_coef        | 0.078    |
|    ent_coef_loss   | -0.0247  |
|    learning_rate   | 0.00049  |
|    n_updates       | 154696   |
---------------------------------
---------------------------------
| rollout/           |          |
|    ep_len_mean     | 264      |
|    ep_rew_mean     | 240      |
| time/              |          |
|    episodes        | 580      |
|    fps             | 228      |
|    time_elapsed    | 724      |
|    total_timesteps | 165688   |
| train/             |          |
|    actor_loss      | -47.5    |
|    critic_loss     | 11       |
|    ent_coef        | 0.0784   |
|    ent_coef_loss   | 0.249    |
|    learning_rate   | 0.000488 |
|    n_updates       | 155680   |
---------------------------------
---------------------------------
| rollout/           |          |
|    ep_len_mean     | 262      |
|    ep_rew_mean     | 246      |
| time/              |          |
|    episodes        | 584      |
|    fps             | 228      |
|    time_elapsed    | 731      |
|    total_timesteps | 167176   |
| train/             |          |
|    actor_loss      | -47.1    |
|    critic_loss     | 7.66     |
|    ent_coef        | 0.0775   |
|    ent_coef_loss   | -0.0537  |
|    learning_rate   | 0.000486 |
|    n_updates       | 157168   |
---------------------------------
---------------------------------
| rollout/           |          |
|    ep_len_mean     | 268      |
|    ep_rew_mean     | 247      |
| time/              |          |
|    episodes        | 588      |
|    fps             | 228      |
|    time_elapsed    | 734      |
|    total_timesteps | 168000   |
| train/             |          |
|    actor_loss      | -48.1    |
|    critic_loss     | 7.69     |
|    ent_coef        | 0.0842   |
|    ent_coef_loss   | -0.196   |
|    learning_rate   | 0.000485 |
|    n_updates       | 157992   |
---------------------------------
---------------------------------
| rollout/           |          |
|    ep_len_mean     | 267      |
|    ep_rew_mean     | 248      |
| time/              |          |
|    episodes        | 592      |
|    fps             | 228      |
|    time_elapsed    | 739      |
|    total_timesteps | 169000   |
| train/             |          |
|    actor_loss      | -46.9    |
|    critic_loss     | 9.19     |
|    ent_coef        | 0.0827   |
|    ent_coef_loss   | -0.0706  |
|    learning_rate   | 0.000483 |
|    n_updates       | 158992   |
---------------------------------
Eval num_timesteps=170000, episode_reward=264.51 +/- 11.12
Episode length: 251.80 +/- 33.67
---------------------------------
| eval/              |          |
|    mean_ep_length  | 252      |
|    mean_reward     | 265      |
| time/              |          |
|    total_timesteps | 170000   |
| train/             |          |
|    actor_loss      | -46.3    |
|    critic_loss     | 12.8     |
|    ent_coef        | 0.082    |
|    ent_coef_loss   | -0.333   |
|    learning_rate   | 0.000482 |
|    n_updates       | 159992   |
---------------------------------
New best mean reward!
---------------------------------
| rollout/           |          |
|    ep_len_mean     | 266      |
|    ep_rew_mean     | 248      |
| time/              |          |
|    episodes        | 596      |
|    fps             | 228      |
|    time_elapsed    | 745      |
|    total_timesteps | 170232   |
| train/             |          |
|    actor_loss      | -48.1    |
|    critic_loss     | 10.1     |
|    ent_coef        | 0.0806   |
|    ent_coef_loss   | -0.0929  |
|    learning_rate   | 0.000481 |
|    n_updates       | 160224   |
---------------------------------
---------------------------------
| rollout/           |          |
|    ep_len_mean     | 263      |
|    ep_rew_mean     | 252      |
| time/              |          |
|    episodes        | 600      |
|    fps             | 228      |
|    time_elapsed    | 749      |
|    total_timesteps | 171144   |
| train/             |          |
|    actor_loss      | -47.2    |
|    critic_loss     | 9.59     |
|    ent_coef        | 0.0791   |
|    ent_coef_loss   | -0.12    |
|    learning_rate   | 0.00048  |
|    n_updates       | 161136   |
---------------------------------
---------------------------------
| rollout/           |          |
|    ep_len_mean     | 262      |
|    ep_rew_mean     | 255      |
| time/              |          |
|    episodes        | 604      |
|    fps             | 228      |
|    time_elapsed    | 753      |
|    total_timesteps | 172104   |
| train/             |          |
|    actor_loss      | -48.4    |
|    critic_loss     | 5.61     |
|    ent_coef        | 0.0839   |
|    ent_coef_loss   | 0.0671   |
|    learning_rate   | 0.000479 |
|    n_updates       | 162096   |
---------------------------------
---------------------------------
| rollout/           |          |
|    ep_len_mean     | 262      |
|    ep_rew_mean     | 255      |
| time/              |          |
|    episodes        | 608      |
|    fps             | 228      |
|    time_elapsed    | 759      |
|    total_timesteps | 173288   |
| train/             |          |
|    actor_loss      | -48.8    |
|    critic_loss     | 7.75     |
|    ent_coef        | 0.0858   |
|    ent_coef_loss   | -0.0158  |
|    learning_rate   | 0.000477 |
|    n_updates       | 163280   |
---------------------------------
---------------------------------
| rollout/           |          |
|    ep_len_mean     | 262      |
|    ep_rew_mean     | 252      |
| time/              |          |
|    episodes        | 612      |
|    fps             | 228      |
|    time_elapsed    | 762      |
|    total_timesteps | 174032   |
| train/             |          |
|    actor_loss      | -49.1    |
|    critic_loss     | 13       |
|    ent_coef        | 0.0819   |
|    ent_coef_loss   | -0.0896  |
|    learning_rate   | 0.000476 |
|    n_updates       | 164024   |
---------------------------------
---------------------------------
| rollout/           |          |
|    ep_len_mean     | 263      |
|    ep_rew_mean     | 252      |
| time/              |          |
|    episodes        | 616      |
|    fps             | 228      |
|    time_elapsed    | 767      |
|    total_timesteps | 175160   |
| train/             |          |
|    actor_loss      | -49.5    |
|    critic_loss     | 21       |
|    ent_coef        | 0.0776   |
|    ent_coef_loss   | 0.248    |
|    learning_rate   | 0.000474 |
|    n_updates       | 165152   |
---------------------------------
---------------------------------
| rollout/           |          |
|    ep_len_mean     | 264      |
|    ep_rew_mean     | 254      |
| time/              |          |
|    episodes        | 620      |
|    fps             | 228      |
|    time_elapsed    | 771      |
|    total_timesteps | 176064   |
| train/             |          |
|    actor_loss      | -48.7    |
|    critic_loss     | 12.8     |
|    ent_coef        | 0.0782   |
|    ent_coef_loss   | -0.104   |
|    learning_rate   | 0.000473 |
|    n_updates       | 166056   |
---------------------------------
---------------------------------
| rollout/           |          |
|    ep_len_mean     | 262      |
|    ep_rew_mean     | 254      |
| time/              |          |
|    episodes        | 624      |
|    fps             | 227      |
|    time_elapsed    | 777      |
|    total_timesteps | 177216   |
| train/             |          |
|    actor_loss      | -49.2    |
|    critic_loss     | 12.4     |
|    ent_coef        | 0.077    |
|    ent_coef_loss   | -0.277   |
|    learning_rate   | 0.000471 |
|    n_updates       | 167208   |
---------------------------------
---------------------------------
| rollout/           |          |
|    ep_len_mean     | 263      |
|    ep_rew_mean     | 256      |
| time/              |          |
|    episodes        | 628      |
|    fps             | 227      |
|    time_elapsed    | 781      |
|    total_timesteps | 178128   |
| train/             |          |
|    actor_loss      | -49.6    |
|    critic_loss     | 10.7     |
|    ent_coef        | 0.0789   |
|    ent_coef_loss   | -0.159   |
|    learning_rate   | 0.00047  |
|    n_updates       | 168120   |
---------------------------------
---------------------------------
| rollout/           |          |
|    ep_len_mean     | 262      |
|    ep_rew_mean     | 258      |
| time/              |          |
|    episodes        | 632      |
|    fps             | 227      |
|    time_elapsed    | 787      |
|    total_timesteps | 179360   |
| train/             |          |
|    actor_loss      | -49.7    |
|    critic_loss     | 6.98     |
|    ent_coef        | 0.0845   |
|    ent_coef_loss   | -0.00974 |
|    learning_rate   | 0.000468 |
|    n_updates       | 169352   |
---------------------------------
---------------------------------
| rollout/           |          |
|    ep_len_mean     | 264      |
|    ep_rew_mean     | 258      |
| time/              |          |
|    episodes        | 636      |
|    fps             | 227      |
|    time_elapsed    | 790      |
|    total_timesteps | 179992   |
| train/             |          |
|    actor_loss      | -49.4    |
|    critic_loss     | 18.5     |
|    ent_coef        | 0.0815   |
|    ent_coef_loss   | 0.214    |
|    learning_rate   | 0.000467 |
|    n_updates       | 169984   |
---------------------------------
Eval num_timesteps=180000, episode_reward=267.01 +/- 14.55
Episode length: 283.30 +/- 37.65
---------------------------------
| eval/              |          |
|    mean_ep_length  | 283      |
|    mean_reward     | 267      |
| time/              |          |
|    total_timesteps | 180000   |
| train/             |          |
|    actor_loss      | -50.3    |
|    critic_loss     | 16.5     |
|    ent_coef        | 0.0816   |
|    ent_coef_loss   | 0.0211   |
|    learning_rate   | 0.000467 |
|    n_updates       | 169992   |
---------------------------------
New best mean reward!
---------------------------------
| rollout/           |          |
|    ep_len_mean     | 261      |
|    ep_rew_mean     | 258      |
| time/              |          |
|    episodes        | 640      |
|    fps             | 227      |
|    time_elapsed    | 799      |
|    total_timesteps | 181712   |
| train/             |          |
|    actor_loss      | -50.1    |
|    critic_loss     | 14.5     |
|    ent_coef        | 0.0798   |
|    ent_coef_loss   | 0.0911   |
|    learning_rate   | 0.000465 |
|    n_updates       | 171704   |
---------------------------------
---------------------------------
| rollout/           |          |
|    ep_len_mean     | 263      |
|    ep_rew_mean     | 258      |
| time/              |          |
|    episodes        | 644      |
|    fps             | 227      |
|    time_elapsed    | 802      |
|    total_timesteps | 182448   |
| train/             |          |
|    actor_loss      | -48.4    |
|    critic_loss     | 14.4     |
|    ent_coef        | 0.0782   |
|    ent_coef_loss   | -0.0314  |
|    learning_rate   | 0.000464 |
|    n_updates       | 172440   |
---------------------------------
---------------------------------
| rollout/           |          |
|    ep_len_mean     | 266      |
|    ep_rew_mean     | 257      |
| time/              |          |
|    episodes        | 648      |
|    fps             | 227      |
|    time_elapsed    | 809      |
|    total_timesteps | 184032   |
| train/             |          |
|    actor_loss      | -49.4    |
|    critic_loss     | 8.05     |
|    ent_coef        | 0.0837   |
|    ent_coef_loss   | -0.0622  |
|    learning_rate   | 0.000461 |
|    n_updates       | 174024   |
---------------------------------
---------------------------------
| rollout/           |          |
|    ep_len_mean     | 266      |
|    ep_rew_mean     | 256      |
| time/              |          |
|    episodes        | 652      |
|    fps             | 227      |
|    time_elapsed    | 814      |
|    total_timesteps | 185008   |
| train/             |          |
|    actor_loss      | -49.4    |
|    critic_loss     | 7.2      |
|    ent_coef        | 0.0822   |
|    ent_coef_loss   | 0.312    |
|    learning_rate   | 0.00046  |
|    n_updates       | 175000   |
---------------------------------
---------------------------------
| rollout/           |          |
|    ep_len_mean     | 267      |
|    ep_rew_mean     | 257      |
| time/              |          |
|    episodes        | 656      |
|    fps             | 227      |
|    time_elapsed    | 818      |
|    total_timesteps | 185912   |
| train/             |          |
|    actor_loss      | -47.7    |
|    critic_loss     | 11.3     |
|    ent_coef        | 0.0807   |
|    ent_coef_loss   | 0.16     |
|    learning_rate   | 0.000459 |
|    n_updates       | 175904   |
---------------------------------
---------------------------------
| rollout/           |          |
|    ep_len_mean     | 265      |
|    ep_rew_mean     | 258      |
| time/              |          |
|    episodes        | 660      |
|    fps             | 227      |
|    time_elapsed    | 822      |
|    total_timesteps | 186864   |
| train/             |          |
|    actor_loss      | -50.1    |
|    critic_loss     | 17.4     |
|    ent_coef        | 0.0817   |
|    ent_coef_loss   | -0.342   |
|    learning_rate   | 0.000457 |
|    n_updates       | 176856   |
---------------------------------
---------------------------------
| rollout/           |          |
|    ep_len_mean     | 261      |
|    ep_rew_mean     | 263      |
| time/              |          |
|    episodes        | 664      |
|    fps             | 227      |
|    time_elapsed    | 827      |
|    total_timesteps | 187992   |
| train/             |          |
|    actor_loss      | -51.1    |
|    critic_loss     | 15.6     |
|    ent_coef        | 0.0792   |
|    ent_coef_loss   | 0.0103   |
|    learning_rate   | 0.000456 |
|    n_updates       | 177984   |
---------------------------------
---------------------------------
| rollout/           |          |
|    ep_len_mean     | 264      |
|    ep_rew_mean     | 262      |
| time/              |          |
|    episodes        | 668      |
|    fps             | 227      |
|    time_elapsed    | 833      |
|    total_timesteps | 189264   |
| train/             |          |
|    actor_loss      | -52      |
|    critic_loss     | 17.9     |
|    ent_coef        | 0.0778   |
|    ent_coef_loss   | -0.174   |
|    learning_rate   | 0.000454 |
|    n_updates       | 179256   |
---------------------------------
---------------------------------
| rollout/           |          |
|    ep_len_mean     | 264      |
|    ep_rew_mean     | 262      |
| time/              |          |
|    episodes        | 672      |
|    fps             | 226      |
|    time_elapsed    | 836      |
|    total_timesteps | 189944   |
| train/             |          |
|    actor_loss      | -50.4    |
|    critic_loss     | 10.6     |
|    ent_coef        | 0.0792   |
|    ent_coef_loss   | 0.0606   |
|    learning_rate   | 0.000453 |
|    n_updates       | 179936   |
---------------------------------
Eval num_timesteps=190000, episode_reward=244.44 +/- 77.27
Episode length: 221.40 +/- 26.55
---------------------------------
| eval/              |          |
|    mean_ep_length  | 221      |
|    mean_reward     | 244      |
| time/              |          |
|    total_timesteps | 190000   |
| train/             |          |
|    actor_loss      | -49.9    |
|    critic_loss     | 6.52     |
|    ent_coef        | 0.0794   |
|    ent_coef_loss   | -0.0196  |
|    learning_rate   | 0.000453 |
|    n_updates       | 179992   |
---------------------------------
---------------------------------
| rollout/           |          |
|    ep_len_mean     | 269      |
|    ep_rew_mean     | 265      |
| time/              |          |
|    episodes        | 676      |
|    fps             | 226      |
|    time_elapsed    | 844      |
|    total_timesteps | 191472   |
| train/             |          |
|    actor_loss      | -50      |
|    critic_loss     | 26.7     |
|    ent_coef        | 0.0802   |
|    ent_coef_loss   | -0.0302  |
|    learning_rate   | 0.00045  |
|    n_updates       | 181464   |
---------------------------------
---------------------------------
| rollout/           |          |
|    ep_len_mean     | 271      |
|    ep_rew_mean     | 265      |
| time/              |          |
|    episodes        | 680      |
|    fps             | 226      |
|    time_elapsed    | 849      |
|    total_timesteps | 192424   |
| train/             |          |
|    actor_loss      | -50      |
|    critic_loss     | 7.96     |
|    ent_coef        | 0.0771   |
|    ent_coef_loss   | 0.0374   |
|    learning_rate   | 0.000449 |
|    n_updates       | 182416   |
---------------------------------
---------------------------------
| rollout/           |          |
|    ep_len_mean     | 268      |
|    ep_rew_mean     | 267      |
| time/              |          |
|    episodes        | 684      |
|    fps             | 226      |
|    time_elapsed    | 854      |
|    total_timesteps | 193504   |
| train/             |          |
|    actor_loss      | -50.4    |
|    critic_loss     | 12       |
|    ent_coef        | 0.0772   |
|    ent_coef_loss   | 0.208    |
|    learning_rate   | 0.000447 |
|    n_updates       | 183496   |
---------------------------------
---------------------------------
| rollout/           |          |
|    ep_len_mean     | 265      |
|    ep_rew_mean     | 268      |
| time/              |          |
|    episodes        | 688      |
|    fps             | 226      |
|    time_elapsed    | 859      |
|    total_timesteps | 194728   |
| train/             |          |
|    actor_loss      | -51.6    |
|    critic_loss     | 11.7     |
|    ent_coef        | 0.0772   |
|    ent_coef_loss   | 0.112    |
|    learning_rate   | 0.000446 |
|    n_updates       | 184720   |
---------------------------------
---------------------------------
| rollout/           |          |
|    ep_len_mean     | 266      |
|    ep_rew_mean     | 268      |
| time/              |          |
|    episodes        | 692      |
|    fps             | 226      |
|    time_elapsed    | 863      |
|    total_timesteps | 195592   |
| train/             |          |
|    actor_loss      | -52.3    |
|    critic_loss     | 9.18     |
|    ent_coef        | 0.0761   |
|    ent_coef_loss   | -0.405   |
|    learning_rate   | 0.000444 |
|    n_updates       | 185584   |
---------------------------------
---------------------------------
| rollout/           |          |
|    ep_len_mean     | 265      |
|    ep_rew_mean     | 268      |
| time/              |          |
|    episodes        | 696      |
|    fps             | 226      |
|    time_elapsed    | 868      |
|    total_timesteps | 196504   |
| train/             |          |
|    actor_loss      | -51.8    |
|    critic_loss     | 14.8     |
|    ent_coef        | 0.0785   |
|    ent_coef_loss   | -0.0536  |
|    learning_rate   | 0.000443 |
|    n_updates       | 186496   |
---------------------------------
---------------------------------
| rollout/           |          |
|    ep_len_mean     | 263      |
|    ep_rew_mean     | 265      |
| time/              |          |
|    episodes        | 700      |
|    fps             | 226      |
|    time_elapsed    | 873      |
|    total_timesteps | 197584   |
| train/             |          |
|    actor_loss      | -52.3    |
|    critic_loss     | 7.75     |
|    ent_coef        | 0.0771   |
|    ent_coef_loss   | -0.213   |
|    learning_rate   | 0.000442 |
|    n_updates       | 187576   |
---------------------------------
---------------------------------
| rollout/           |          |
|    ep_len_mean     | 260      |
|    ep_rew_mean     | 262      |
| time/              |          |
|    episodes        | 704      |
|    fps             | 226      |
|    time_elapsed    | 875      |
|    total_timesteps | 198152   |
| train/             |          |
|    actor_loss      | -53.3    |
|    critic_loss     | 10.9     |
|    ent_coef        | 0.0777   |
|    ent_coef_loss   | 0.047    |
|    learning_rate   | 0.000441 |
|    n_updates       | 188144   |
---------------------------------
---------------------------------
| rollout/           |          |
|    ep_len_mean     | 261      |
|    ep_rew_mean     | 255      |
| time/              |          |
|    episodes        | 708      |
|    fps             | 226      |
|    time_elapsed    | 880      |
|    total_timesteps | 199256   |
| train/             |          |
|    actor_loss      | -52.6    |
|    critic_loss     | 9.98     |
|    ent_coef        | 0.0754   |
|    ent_coef_loss   | 0.297    |
|    learning_rate   | 0.000439 |
|    n_updates       | 189248   |
---------------------------------
Eval num_timesteps=200000, episode_reward=269.64 +/- 16.03
Episode length: 232.40 +/- 33.33
---------------------------------
| eval/              |          |
|    mean_ep_length  | 232      |
|    mean_reward     | 270      |
| time/              |          |
|    total_timesteps | 200000   |
| train/             |          |
|    actor_loss      | -51.9    |
|    critic_loss     | 7.71     |
|    ent_coef        | 0.0773   |
|    ent_coef_loss   | -0.157   |
|    learning_rate   | 0.000438 |
|    n_updates       | 189992   |
---------------------------------
New best mean reward!
---------------------------------
| rollout/           |          |
|    ep_len_mean     | 260      |
|    ep_rew_mean     | 257      |
| time/              |          |
|    episodes        | 712      |
|    fps             | 225      |
|    time_elapsed    | 885      |
|    total_timesteps | 200016   |
| train/             |          |
|    actor_loss      | -53.3    |
|    critic_loss     | 9.63     |
|    ent_coef        | 0.0771   |
|    ent_coef_loss   | -0.175   |
|    learning_rate   | 0.000438 |
|    n_updates       | 190008   |
---------------------------------
---------------------------------
| rollout/           |          |
|    ep_len_mean     | 258      |
|    ep_rew_mean     | 256      |
| time/              |          |
|    episodes        | 716      |
|    fps             | 225      |
|    time_elapsed    | 889      |
|    total_timesteps | 200992   |
| train/             |          |
|    actor_loss      | -52.8    |
|    critic_loss     | 14.5     |
|    ent_coef        | 0.0792   |
|    ent_coef_loss   | -0.256   |
|    learning_rate   | 0.000437 |
|    n_updates       | 190984   |
---------------------------------
---------------------------------
| rollout/           |          |
|    ep_len_mean     | 259      |
|    ep_rew_mean     | 256      |
| time/              |          |
|    episodes        | 720      |
|    fps             | 225      |
|    time_elapsed    | 893      |
|    total_timesteps | 201944   |
| train/             |          |
|    actor_loss      | -53.8    |
|    critic_loss     | 11.6     |
|    ent_coef        | 0.0817   |
|    ent_coef_loss   | -0.0206  |
|    learning_rate   | 0.000435 |
|    n_updates       | 191936   |
---------------------------------
---------------------------------
| rollout/           |          |
|    ep_len_mean     | 258      |
|    ep_rew_mean     | 257      |
| time/              |          |
|    episodes        | 724      |
|    fps             | 225      |
|    time_elapsed    | 900      |
|    total_timesteps | 203440   |
| train/             |          |
|    actor_loss      | -51.8    |
|    critic_loss     | 13       |
|    ent_coef        | 0.0766   |
|    ent_coef_loss   | -0.0824  |
|    learning_rate   | 0.000433 |
|    n_updates       | 193432   |
---------------------------------
---------------------------------
| rollout/           |          |
|    ep_len_mean     | 257      |
|    ep_rew_mean     | 255      |
| time/              |          |
|    episodes        | 728      |
|    fps             | 225      |
|    time_elapsed    | 902      |
|    total_timesteps | 203776   |
| train/             |          |
|    actor_loss      | -53      |
|    critic_loss     | 10.3     |
|    ent_coef        | 0.0781   |
|    ent_coef_loss   | 0.0862   |
|    learning_rate   | 0.000432 |
|    n_updates       | 193768   |
---------------------------------
---------------------------------
| rollout/           |          |
|    ep_len_mean     | 259      |
|    ep_rew_mean     | 251      |
| time/              |          |
|    episodes        | 732      |
|    fps             | 225      |
|    time_elapsed    | 907      |
|    total_timesteps | 205008   |
| train/             |          |
|    actor_loss      | -52.8    |
|    critic_loss     | 8.99     |
|    ent_coef        | 0.0768   |
|    ent_coef_loss   | 0.00326  |
|    learning_rate   | 0.000431 |
|    n_updates       | 195000   |
---------------------------------
---------------------------------
| rollout/           |          |
|    ep_len_mean     | 254      |
|    ep_rew_mean     | 250      |
| time/              |          |
|    episodes        | 736      |
|    fps             | 225      |
|    time_elapsed    | 912      |
|    total_timesteps | 206096   |
| train/             |          |
|    actor_loss      | -53      |
|    critic_loss     | 10.9     |
|    ent_coef        | 0.078    |
|    ent_coef_loss   | -0.00419 |
|    learning_rate   | 0.000429 |
|    n_updates       | 196088   |
---------------------------------
---------------------------------
| rollout/           |          |
|    ep_len_mean     | 255      |
|    ep_rew_mean     | 250      |
| time/              |          |
|    episodes        | 740      |
|    fps             | 225      |
|    time_elapsed    | 913      |
|    total_timesteps | 206416   |
| train/             |          |
|    actor_loss      | -53.3    |
|    critic_loss     | 13.1     |
|    ent_coef        | 0.0782   |
|    ent_coef_loss   | 0.0463   |
|    learning_rate   | 0.000429 |
|    n_updates       | 196408   |
---------------------------------
---------------------------------
| rollout/           |          |
|    ep_len_mean     | 252      |
|    ep_rew_mean     | 251      |
| time/              |          |
|    episodes        | 744      |
|    fps             | 225      |
|    time_elapsed    | 917      |
|    total_timesteps | 207416   |
| train/             |          |
|    actor_loss      | -52.9    |
|    critic_loss     | 7.7      |
|    ent_coef        | 0.0757   |
|    ent_coef_loss   | -0.0756  |
|    learning_rate   | 0.000427 |
|    n_updates       | 197408   |
---------------------------------
---------------------------------
| rollout/           |          |
|    ep_len_mean     | 247      |
|    ep_rew_mean     | 252      |
| time/              |          |
|    episodes        | 748      |
|    fps             | 226      |
|    time_elapsed    | 920      |
|    total_timesteps | 208008   |
| train/             |          |
|    actor_loss      | -52.2    |
|    critic_loss     | 17.2     |
|    ent_coef        | 0.0777   |
|    ent_coef_loss   | 0.0427   |
|    learning_rate   | 0.000426 |
|    n_updates       | 198000   |
---------------------------------
---------------------------------
| rollout/           |          |
|    ep_len_mean     | 244      |
|    ep_rew_mean     | 251      |
| time/              |          |
|    episodes        | 752      |
|    fps             | 226      |
|    time_elapsed    | 925      |
|    total_timesteps | 209200   |
| train/             |          |
|    actor_loss      | -52.6    |
|    critic_loss     | 8.39     |
|    ent_coef        | 0.0725   |
|    ent_coef_loss   | 0.331    |
|    learning_rate   | 0.000425 |
|    n_updates       | 199192   |
---------------------------------
Eval num_timesteps=210000, episode_reward=255.89 +/- 88.28
Episode length: 231.80 +/- 54.06
---------------------------------
| eval/              |          |
|    mean_ep_length  | 232      |
|    mean_reward     | 256      |
| time/              |          |
|    total_timesteps | 210000   |
| train/             |          |
|    actor_loss      | -52.7    |
|    critic_loss     | 8.92     |
|    ent_coef        | 0.0747   |
|    ent_coef_loss   | -0.0103  |
|    learning_rate   | 0.000423 |
|    n_updates       | 199992   |
---------------------------------
---------------------------------
| rollout/           |          |
|    ep_len_mean     | 243      |
|    ep_rew_mean     | 250      |
| time/              |          |
|    episodes        | 756      |
|    fps             | 225      |
|    time_elapsed    | 929      |
|    total_timesteps | 210040   |
| train/             |          |
|    actor_loss      | -54      |
|    critic_loss     | 11.5     |
|    ent_coef        | 0.0747   |
|    ent_coef_loss   | -0.061   |
|    learning_rate   | 0.000423 |
|    n_updates       | 200032   |
---------------------------------
---------------------------------
| rollout/           |          |
|    ep_len_mean     | 243      |
|    ep_rew_mean     | 250      |
| time/              |          |
|    episodes        | 760      |
|    fps             | 225      |
|    time_elapsed    | 935      |
|    total_timesteps | 211184   |
| train/             |          |
|    actor_loss      | -53.1    |
|    critic_loss     | 9.96     |
|    ent_coef        | 0.073    |
|    ent_coef_loss   | 0.229    |
|    learning_rate   | 0.000422 |
|    n_updates       | 201176   |
---------------------------------
---------------------------------
| rollout/           |          |
|    ep_len_mean     | 241      |
|    ep_rew_mean     | 250      |
| time/              |          |
|    episodes        | 764      |
|    fps             | 225      |
|    time_elapsed    | 938      |
|    total_timesteps | 211992   |
| train/             |          |
|    actor_loss      | -52.5    |
|    critic_loss     | 13.4     |
|    ent_coef        | 0.0738   |
|    ent_coef_loss   | -0.132   |
|    learning_rate   | 0.000421 |
|    n_updates       | 201984   |
---------------------------------
---------------------------------
| rollout/           |          |
|    ep_len_mean     | 238      |
|    ep_rew_mean     | 251      |
| time/              |          |
|    episodes        | 768      |
|    fps             | 225      |
|    time_elapsed    | 942      |
|    total_timesteps | 212880   |
| train/             |          |
|    actor_loss      | -51.8    |
|    critic_loss     | 17.2     |
|    ent_coef        | 0.0719   |
|    ent_coef_loss   | 0.407    |
|    learning_rate   | 0.000419 |
|    n_updates       | 202872   |
---------------------------------
---------------------------------
| rollout/           |          |
|    ep_len_mean     | 238      |
|    ep_rew_mean     | 252      |
| time/              |          |
|    episodes        | 772      |
|    fps             | 225      |
|    time_elapsed    | 947      |
|    total_timesteps | 213976   |
| train/             |          |
|    actor_loss      | -53.4    |
|    critic_loss     | 13.6     |
|    ent_coef        | 0.0743   |
|    ent_coef_loss   | -0.172   |
|    learning_rate   | 0.000418 |
|    n_updates       | 203968   |
---------------------------------
---------------------------------
| rollout/           |          |
|    ep_len_mean     | 235      |
|    ep_rew_mean     | 252      |
| time/              |          |
|    episodes        | 776      |
|    fps             | 225      |
|    time_elapsed    | 950      |
|    total_timesteps | 214576   |
| train/             |          |
|    actor_loss      | -53.1    |
|    critic_loss     | 10.5     |
|    ent_coef        | 0.0706   |
|    ent_coef_loss   | 0.0999   |
|    learning_rate   | 0.000417 |
|    n_updates       | 204568   |
---------------------------------
---------------------------------
| rollout/           |          |
|    ep_len_mean     | 232      |
|    ep_rew_mean     | 251      |
| time/              |          |
|    episodes        | 780      |
|    fps             | 225      |
|    time_elapsed    | 956      |
|    total_timesteps | 215856   |
| train/             |          |
|    actor_loss      | -52.5    |
|    critic_loss     | 9.83     |
|    ent_coef        | 0.0705   |
|    ent_coef_loss   | 0.0191   |
|    learning_rate   | 0.000415 |
|    n_updates       | 205848   |
---------------------------------
---------------------------------
| rollout/           |          |
|    ep_len_mean     | 233      |
|    ep_rew_mean     | 251      |
| time/              |          |
|    episodes        | 784      |
|    fps             | 225      |
|    time_elapsed    | 961      |
|    total_timesteps | 216936   |
| train/             |          |
|    actor_loss      | -54.3    |
|    critic_loss     | 6.91     |
|    ent_coef        | 0.0734   |
|    ent_coef_loss   | -0.0276  |
|    learning_rate   | 0.000413 |
|    n_updates       | 206928   |
---------------------------------
---------------------------------
| rollout/           |          |
|    ep_len_mean     | 230      |
|    ep_rew_mean     | 251      |
| time/              |          |
|    episodes        | 788      |
|    fps             | 225      |
|    time_elapsed    | 966      |
|    total_timesteps | 218096   |
| train/             |          |
|    actor_loss      | -53.6    |
|    critic_loss     | 11.6     |
|    ent_coef        | 0.0725   |
|    ent_coef_loss   | -0.13    |
|    learning_rate   | 0.000412 |
|    n_updates       | 208088   |
---------------------------------
---------------------------------
| rollout/           |          |
|    ep_len_mean     | 234      |
|    ep_rew_mean     | 251      |
| time/              |          |
|    episodes        | 792      |
|    fps             | 225      |
|    time_elapsed    | 971      |
|    total_timesteps | 219256   |
| train/             |          |
|    actor_loss      | -54.1    |
|    critic_loss     | 15.2     |
|    ent_coef        | 0.0747   |
|    ent_coef_loss   | 0.0463   |
|    learning_rate   | 0.00041  |
|    n_updates       | 209248   |
---------------------------------
Eval num_timesteps=220000, episode_reward=276.33 +/- 18.89
Episode length: 253.20 +/- 34.57
---------------------------------
| eval/              |          |
|    mean_ep_length  | 253      |
|    mean_reward     | 276      |
| time/              |          |
|    total_timesteps | 220000   |
| train/             |          |
|    actor_loss      | -54.8    |
|    critic_loss     | 12       |
|    ent_coef        | 0.0711   |
|    ent_coef_loss   | 0.133    |
|    learning_rate   | 0.000409 |
|    n_updates       | 209992   |
---------------------------------
New best mean reward!
---------------------------------
| rollout/           |          |
|    ep_len_mean     | 234      |
|    ep_rew_mean     | 251      |
| time/              |          |
|    episodes        | 796      |
|    fps             | 225      |
|    time_elapsed    | 977      |
|    total_timesteps | 220160   |
| train/             |          |
|    actor_loss      | -54.3    |
|    critic_loss     | 4.89     |
|    ent_coef        | 0.0723   |
|    ent_coef_loss   | 0.254    |
|    learning_rate   | 0.000409 |
|    n_updates       | 210152   |
---------------------------------
---------------------------------
| rollout/           |          |
|    ep_len_mean     | 236      |
|    ep_rew_mean     | 253      |
| time/              |          |
|    episodes        | 800      |
|    fps             | 225      |
|    time_elapsed    | 981      |
|    total_timesteps | 221200   |
| train/             |          |
|    actor_loss      | -54.1    |
|    critic_loss     | 9.77     |
|    ent_coef        | 0.073    |
|    ent_coef_loss   | -0.103   |
|    learning_rate   | 0.000407 |
|    n_updates       | 211192   |
---------------------------------
---------------------------------
| rollout/           |          |
|    ep_len_mean     | 240      |
|    ep_rew_mean     | 255      |
| time/              |          |
|    episodes        | 804      |
|    fps             | 225      |
|    time_elapsed    | 984      |
|    total_timesteps | 221856   |
| train/             |          |
|    actor_loss      | -52.6    |
|    critic_loss     | 12.6     |
|    ent_coef        | 0.0761   |
|    ent_coef_loss   | 0.22     |
|    learning_rate   | 0.000406 |
|    n_updates       | 211848   |
---------------------------------
---------------------------------
| rollout/           |          |
|    ep_len_mean     | 236      |
|    ep_rew_mean     | 262      |
| time/              |          |
|    episodes        | 808      |
|    fps             | 225      |
|    time_elapsed    | 988      |
|    total_timesteps | 222632   |
| train/             |          |
|    actor_loss      | -54.6    |
|    critic_loss     | 13.4     |
|    ent_coef        | 0.0737   |
|    ent_coef_loss   | -0.0763  |
|    learning_rate   | 0.000405 |
|    n_updates       | 212624   |
---------------------------------
---------------------------------
| rollout/           |          |
|    ep_len_mean     | 236      |
|    ep_rew_mean     | 262      |
| time/              |          |
|    episodes        | 812      |
|    fps             | 225      |
|    time_elapsed    | 992      |
|    total_timesteps | 223552   |
| train/             |          |
|    actor_loss      | -54.5    |
|    critic_loss     | 7.56     |
|    ent_coef        | 0.0722   |
|    ent_coef_loss   | -0.365   |
|    learning_rate   | 0.000404 |
|    n_updates       | 213544   |
---------------------------------
---------------------------------
| rollout/           |          |
|    ep_len_mean     | 238      |
|    ep_rew_mean     | 265      |
| time/              |          |
|    episodes        | 816      |
|    fps             | 225      |
|    time_elapsed    | 996      |
|    total_timesteps | 224440   |
| train/             |          |
|    actor_loss      | -54      |
|    critic_loss     | 9.65     |
|    ent_coef        | 0.0732   |
|    ent_coef_loss   | 0.607    |
|    learning_rate   | 0.000402 |
|    n_updates       | 214432   |
---------------------------------
---------------------------------
| rollout/           |          |
|    ep_len_mean     | 237      |
|    ep_rew_mean     | 264      |
| time/              |          |
|    episodes        | 820      |
|    fps             | 225      |
|    time_elapsed    | 1003     |
|    total_timesteps | 225920   |
| train/             |          |
|    actor_loss      | -55.4    |
|    critic_loss     | 6.51     |
|    ent_coef        | 0.0696   |
|    ent_coef_loss   | -0.0498  |
|    learning_rate   | 0.0004   |
|    n_updates       | 215912   |
---------------------------------
---------------------------------
| rollout/           |          |
|    ep_len_mean     | 238      |
|    ep_rew_mean     | 264      |
| time/              |          |
|    episodes        | 824      |
|    fps             | 225      |
|    time_elapsed    | 1004     |
|    total_timesteps | 226160   |
| train/             |          |
|    actor_loss      | -55.3    |
|    critic_loss     | 13.9     |
|    ent_coef        | 0.0722   |
|    ent_coef_loss   | -0.216   |
|    learning_rate   | 0.0004   |
|    n_updates       | 216152   |
---------------------------------
---------------------------------
| rollout/           |          |
|    ep_len_mean     | 236      |
|    ep_rew_mean     | 266      |
| time/              |          |
|    episodes        | 828      |
|    fps             | 225      |
|    time_elapsed    | 1009     |
|    total_timesteps | 227416   |
| train/             |          |
|    actor_loss      | -55      |
|    critic_loss     | 8.58     |
|    ent_coef        | 0.0718   |
|    ent_coef_loss   | 0.019    |
|    learning_rate   | 0.000398 |
|    n_updates       | 217408   |
---------------------------------
---------------------------------
| rollout/           |          |
|    ep_len_mean     | 235      |
|    ep_rew_mean     | 270      |
| time/              |          |
|    episodes        | 832      |
|    fps             | 225      |
|    time_elapsed    | 1015     |
|    total_timesteps | 228608   |
| train/             |          |
|    actor_loss      | -55.6    |
|    critic_loss     | 12.5     |
|    ent_coef        | 0.0741   |
|    ent_coef_loss   | -0.145   |
|    learning_rate   | 0.000396 |
|    n_updates       | 218600   |
---------------------------------
---------------------------------
| rollout/           |          |
|    ep_len_mean     | 240      |
|    ep_rew_mean     | 271      |
| time/              |          |
|    episodes        | 836      |
|    fps             | 225      |
|    time_elapsed    | 1021     |
|    total_timesteps | 229952   |
| train/             |          |
|    actor_loss      | -55.9    |
|    critic_loss     | 12.3     |
|    ent_coef        | 0.074    |
|    ent_coef_loss   | 0.0872   |
|    learning_rate   | 0.000394 |
|    n_updates       | 219944   |
---------------------------------
Eval num_timesteps=230000, episode_reward=272.44 +/- 15.19
Episode length: 222.50 +/- 31.05
---------------------------------
| eval/              |          |
|    mean_ep_length  | 222      |
|    mean_reward     | 272      |
| time/              |          |
|    total_timesteps | 230000   |
| train/             |          |
|    actor_loss      | -56.5    |
|    critic_loss     | 9.58     |
|    ent_coef        | 0.0736   |
|    ent_coef_loss   | -0.303   |
|    learning_rate   | 0.000394 |
|    n_updates       | 219992   |
---------------------------------
---------------------------------
| rollout/           |          |
|    ep_len_mean     | 239      |
|    ep_rew_mean     | 271      |
| time/              |          |
|    episodes        | 840      |
|    fps             | 225      |
|    time_elapsed    | 1025     |
|    total_timesteps | 230712   |
| train/             |          |
|    actor_loss      | -55.8    |
|    critic_loss     | 8.49     |
|    ent_coef        | 0.0739   |
|    ent_coef_loss   | -0.102   |
|    learning_rate   | 0.000393 |
|    n_updates       | 220704   |
---------------------------------
---------------------------------
| rollout/           |          |
|    ep_len_mean     | 240      |
|    ep_rew_mean     | 271      |
| time/              |          |
|    episodes        | 844      |
|    fps             | 224      |
|    time_elapsed    | 1030     |
|    total_timesteps | 231720   |
| train/             |          |
|    actor_loss      | -54.8    |
|    critic_loss     | 7.69     |
|    ent_coef        | 0.0728   |
|    ent_coef_loss   | 0.00339  |
|    learning_rate   | 0.000392 |
|    n_updates       | 221712   |
---------------------------------
---------------------------------
| rollout/           |          |
|    ep_len_mean     | 240      |
|    ep_rew_mean     | 271      |
| time/              |          |
|    episodes        | 848      |
|    fps             | 224      |
|    time_elapsed    | 1032     |
|    total_timesteps | 232328   |
| train/             |          |
|    actor_loss      | -54.5    |
|    critic_loss     | 10.4     |
|    ent_coef        | 0.0715   |
|    ent_coef_loss   | -0.0364  |
|    learning_rate   | 0.000391 |
|    n_updates       | 222320   |
---------------------------------
---------------------------------
| rollout/           |          |
|    ep_len_mean     | 242      |
|    ep_rew_mean     | 271      |
| time/              |          |
|    episodes        | 852      |
|    fps             | 224      |
|    time_elapsed    | 1038     |
|    total_timesteps | 233472   |
| train/             |          |
|    actor_loss      | -53.8    |
|    critic_loss     | 7.9      |
|    ent_coef        | 0.0701   |
|    ent_coef_loss   | 0.399    |
|    learning_rate   | 0.000389 |
|    n_updates       | 223464   |
---------------------------------
---------------------------------
| rollout/           |          |
|    ep_len_mean     | 241      |
|    ep_rew_mean     | 271      |
| time/              |          |
|    episodes        | 856      |
|    fps             | 224      |
|    time_elapsed    | 1041     |
|    total_timesteps | 234152   |
| train/             |          |
|    actor_loss      | -54.7    |
|    critic_loss     | 6.27     |
|    ent_coef        | 0.0705   |
|    ent_coef_loss   | -0.163   |
|    learning_rate   | 0.000388 |
|    n_updates       | 224144   |
---------------------------------
---------------------------------
| rollout/           |          |
|    ep_len_mean     | 241      |
|    ep_rew_mean     | 270      |
| time/              |          |
|    episodes        | 860      |
|    fps             | 224      |
|    time_elapsed    | 1045     |
|    total_timesteps | 235184   |
| train/             |          |
|    actor_loss      | -54.7    |
|    critic_loss     | 9.2      |
|    ent_coef        | 0.0697   |
|    ent_coef_loss   | 0.0767   |
|    learning_rate   | 0.000387 |
|    n_updates       | 225176   |
---------------------------------
---------------------------------
| rollout/           |          |
|    ep_len_mean     | 242      |
|    ep_rew_mean     | 271      |
| time/              |          |
|    episodes        | 864      |
|    fps             | 224      |
|    time_elapsed    | 1050     |
|    total_timesteps | 236216   |
| train/             |          |
|    actor_loss      | -55.1    |
|    critic_loss     | 21.3     |
|    ent_coef        | 0.071    |
|    ent_coef_loss   | 0.0385   |
|    learning_rate   | 0.000385 |
|    n_updates       | 226208   |
---------------------------------
---------------------------------
| rollout/           |          |
|    ep_len_mean     | 242      |
|    ep_rew_mean     | 271      |
| time/              |          |
|    episodes        | 868      |
|    fps             | 224      |
|    time_elapsed    | 1054     |
|    total_timesteps | 236960   |
| train/             |          |
|    actor_loss      | -56      |
|    critic_loss     | 6.44     |
|    ent_coef        | 0.07     |
|    ent_coef_loss   | -0.131   |
|    learning_rate   | 0.000384 |
|    n_updates       | 226952   |
---------------------------------
---------------------------------
| rollout/           |          |
|    ep_len_mean     | 242      |
|    ep_rew_mean     | 271      |
| time/              |          |
|    episodes        | 872      |
|    fps             | 224      |
|    time_elapsed    | 1058     |
|    total_timesteps | 237824   |
| train/             |          |
|    actor_loss      | -55.4    |
|    critic_loss     | 9.83     |
|    ent_coef        | 0.0665   |
|    ent_coef_loss   | 0.0237   |
|    learning_rate   | 0.000383 |
|    n_updates       | 227816   |
---------------------------------
---------------------------------
| rollout/           |          |
|    ep_len_mean     | 242      |
|    ep_rew_mean     | 271      |
| time/              |          |
|    episodes        | 876      |
|    fps             | 224      |
|    time_elapsed    | 1063     |
|    total_timesteps | 238992   |
| train/             |          |
|    actor_loss      | -56.4    |
|    critic_loss     | 8.63     |
|    ent_coef        | 0.069    |
|    ent_coef_loss   | 0.134    |
|    learning_rate   | 0.000381 |
|    n_updates       | 228984   |
---------------------------------
---------------------------------
| rollout/           |          |
|    ep_len_mean     | 242      |
|    ep_rew_mean     | 271      |
| time/              |          |
|    episodes        | 880      |
|    fps             | 224      |
|    time_elapsed    | 1066     |
|    total_timesteps | 239688   |
| train/             |          |
|    actor_loss      | -54.7    |
|    critic_loss     | 14.1     |
|    ent_coef        | 0.0682   |
|    ent_coef_loss   | 0.21     |
|    learning_rate   | 0.00038  |
|    n_updates       | 229680   |
---------------------------------
Eval num_timesteps=240000, episode_reward=274.81 +/- 13.14
Episode length: 253.10 +/- 110.10
---------------------------------
| eval/              |          |
|    mean_ep_length  | 253      |
|    mean_reward     | 275      |
| time/              |          |
|    total_timesteps | 240000   |
| train/             |          |
|    actor_loss      | -56.4    |
|    critic_loss     | 11       |
|    ent_coef        | 0.0684   |
|    ent_coef_loss   | -0.104   |
|    learning_rate   | 0.00038  |
|    n_updates       | 229992   |
---------------------------------
---------------------------------
| rollout/           |          |
|    ep_len_mean     | 241      |
|    ep_rew_mean     | 272      |
| time/              |          |
|    episodes        | 884      |
|    fps             | 224      |
|    time_elapsed    | 1073     |
|    total_timesteps | 240888   |
| train/             |          |
|    actor_loss      | -55.6    |
|    critic_loss     | 13.8     |
|    ent_coef        | 0.0711   |
|    ent_coef_loss   | 0.197    |
|    learning_rate   | 0.000378 |
|    n_updates       | 230880   |
---------------------------------
---------------------------------
| rollout/           |          |
|    ep_len_mean     | 241      |
|    ep_rew_mean     | 272      |
| time/              |          |
|    episodes        | 888      |
|    fps             | 224      |
|    time_elapsed    | 1074     |
|    total_timesteps | 241192   |
| train/             |          |
|    actor_loss      | -56      |
|    critic_loss     | 5.47     |
|    ent_coef        | 0.0714   |
|    ent_coef_loss   | -0.0671  |
|    learning_rate   | 0.000378 |
|    n_updates       | 231184   |
---------------------------------
---------------------------------
| rollout/           |          |
|    ep_len_mean     | 236      |
|    ep_rew_mean     | 271      |
| time/              |          |
|    episodes        | 892      |
|    fps             | 224      |
|    time_elapsed    | 1080     |
|    total_timesteps | 242472   |
| train/             |          |
|    actor_loss      | -55.6    |
|    critic_loss     | 9.5      |
|    ent_coef        | 0.07     |
|    ent_coef_loss   | 0.195    |
|    learning_rate   | 0.000376 |
|    n_updates       | 232464   |
---------------------------------
---------------------------------
| rollout/           |          |
|    ep_len_mean     | 236      |
|    ep_rew_mean     | 272      |
| time/              |          |
|    episodes        | 896      |
|    fps             | 224      |
|    time_elapsed    | 1086     |
|    total_timesteps | 243704   |
| train/             |          |
|    actor_loss      | -56.3    |
|    critic_loss     | 10.4     |
|    ent_coef        | 0.0716   |
|    ent_coef_loss   | -0.151   |
|    learning_rate   | 0.000374 |
|    n_updates       | 233696   |
---------------------------------
---------------------------------
| rollout/           |          |
|    ep_len_mean     | 234      |
|    ep_rew_mean     | 272      |
| time/              |          |
|    episodes        | 900      |
|    fps             | 224      |
|    time_elapsed    | 1089     |
|    total_timesteps | 244360   |
| train/             |          |
|    actor_loss      | -57      |
|    critic_loss     | 9.63     |
|    ent_coef        | 0.07     |
|    ent_coef_loss   | -0.0497  |
|    learning_rate   | 0.000373 |
|    n_updates       | 234352   |
---------------------------------
---------------------------------
| rollout/           |          |
|    ep_len_mean     | 233      |
|    ep_rew_mean     | 271      |
| time/              |          |
|    episodes        | 904      |
|    fps             | 224      |
|    time_elapsed    | 1094     |
|    total_timesteps | 245472   |
| train/             |          |
|    actor_loss      | -55.6    |
|    critic_loss     | 16.2     |
|    ent_coef        | 0.0708   |
|    ent_coef_loss   | -0.198   |
|    learning_rate   | 0.000372 |
|    n_updates       | 235464   |
---------------------------------
---------------------------------
| rollout/           |          |
|    ep_len_mean     | 233      |
|    ep_rew_mean     | 272      |
| time/              |          |
|    episodes        | 908      |
|    fps             | 224      |
|    time_elapsed    | 1100     |
|    total_timesteps | 246744   |
| train/             |          |
|    actor_loss      | -57      |
|    critic_loss     | 15.2     |
|    ent_coef        | 0.069    |
|    ent_coef_loss   | 0.194    |
|    learning_rate   | 0.00037  |
|    n_updates       | 236736   |
---------------------------------
---------------------------------
| rollout/           |          |
|    ep_len_mean     | 235      |
|    ep_rew_mean     | 273      |
| time/              |          |
|    episodes        | 912      |
|    fps             | 224      |
|    time_elapsed    | 1102     |
|    total_timesteps | 247192   |
| train/             |          |
|    actor_loss      | -57.4    |
|    critic_loss     | 7.74     |
|    ent_coef        | 0.0695   |
|    ent_coef_loss   | -0.0893  |
|    learning_rate   | 0.000369 |
|    n_updates       | 237184   |
---------------------------------
---------------------------------
| rollout/           |          |
|    ep_len_mean     | 237      |
|    ep_rew_mean     | 273      |
| time/              |          |
|    episodes        | 916      |
|    fps             | 224      |
|    time_elapsed    | 1107     |
|    total_timesteps | 248296   |
| train/             |          |
|    actor_loss      | -56.6    |
|    critic_loss     | 12.2     |
|    ent_coef        | 0.0724   |
|    ent_coef_loss   | 0.304    |
|    learning_rate   | 0.000367 |
|    n_updates       | 238288   |
---------------------------------
---------------------------------
| rollout/           |          |
|    ep_len_mean     | 234      |
|    ep_rew_mean     | 270      |
| time/              |          |
|    episodes        | 920      |
|    fps             | 224      |
|    time_elapsed    | 1111     |
|    total_timesteps | 249184   |
| train/             |          |
|    actor_loss      | -57.4    |
|    critic_loss     | 9.67     |
|    ent_coef        | 0.0706   |
|    ent_coef_loss   | -0.193   |
|    learning_rate   | 0.000366 |
|    n_updates       | 239176   |
---------------------------------
Eval num_timesteps=250000, episode_reward=238.72 +/- 104.18
Episode length: 283.00 +/- 87.67
---------------------------------
| eval/              |          |
|    mean_ep_length  | 283      |
|    mean_reward     | 239      |
| time/              |          |
|    total_timesteps | 250000   |
| train/             |          |
|    actor_loss      | -57.9    |
|    critic_loss     | 7.77     |
|    ent_coef        | 0.0702   |
|    ent_coef_loss   | -0.435   |
|    learning_rate   | 0.000365 |
|    n_updates       | 239992   |
---------------------------------
---------------------------------
| rollout/           |          |
|    ep_len_mean     | 235      |
|    ep_rew_mean     | 270      |
| time/              |          |
|    episodes        | 924      |
|    fps             | 224      |
|    time_elapsed    | 1116     |
|    total_timesteps | 250176   |
| train/             |          |
|    actor_loss      | -58.3    |
|    critic_loss     | 6.5      |
|    ent_coef        | 0.0712   |
|    ent_coef_loss   | 0.0566   |
|    learning_rate   | 0.000365 |
|    n_updates       | 240168   |
---------------------------------
---------------------------------
| rollout/           |          |
|    ep_len_mean     | 237      |
|    ep_rew_mean     | 270      |
| time/              |          |
|    episodes        | 928      |
|    fps             | 224      |
|    time_elapsed    | 1120     |
|    total_timesteps | 251168   |
| train/             |          |
|    actor_loss      | -56.1    |
|    critic_loss     | 9.98     |
|    ent_coef        | 0.0755   |
|    ent_coef_loss   | 0.131    |
|    learning_rate   | 0.000363 |
|    n_updates       | 241160   |
---------------------------------
---------------------------------
| rollout/           |          |
|    ep_len_mean     | 236      |
|    ep_rew_mean     | 270      |
| time/              |          |
|    episodes        | 932      |
|    fps             | 224      |
|    time_elapsed    | 1124     |
|    total_timesteps | 251896   |
| train/             |          |
|    actor_loss      | -57.5    |
|    critic_loss     | 4.66     |
|    ent_coef        | 0.0722   |
|    ent_coef_loss   | -0.385   |
|    learning_rate   | 0.000362 |
|    n_updates       | 241888   |
---------------------------------
---------------------------------
| rollout/           |          |
|    ep_len_mean     | 233      |
|    ep_rew_mean     | 269      |
| time/              |          |
|    episodes        | 936      |
|    fps             | 224      |
|    time_elapsed    | 1128     |
|    total_timesteps | 253008   |
| train/             |          |
|    actor_loss      | -58.1    |
|    critic_loss     | 12.4     |
|    ent_coef        | 0.0727   |
|    ent_coef_loss   | -0.264   |
|    learning_rate   | 0.000361 |
|    n_updates       | 243000   |
---------------------------------
---------------------------------
| rollout/           |          |
|    ep_len_mean     | 233      |
|    ep_rew_mean     | 269      |
| time/              |          |
|    episodes        | 940      |
|    fps             | 224      |
|    time_elapsed    | 1131     |
|    total_timesteps | 253704   |
| train/             |          |
|    actor_loss      | -56.9    |
|    critic_loss     | 8.25     |
|    ent_coef        | 0.0736   |
|    ent_coef_loss   | 0.223    |
|    learning_rate   | 0.00036  |
|    n_updates       | 243696   |
---------------------------------
---------------------------------
| rollout/           |          |
|    ep_len_mean     | 234      |
|    ep_rew_mean     | 269      |
| time/              |          |
|    episodes        | 944      |
|    fps             | 224      |
|    time_elapsed    | 1136     |
|    total_timesteps | 254784   |
| train/             |          |
|    actor_loss      | -58      |
|    critic_loss     | 6.33     |
|    ent_coef        | 0.0748   |
|    ent_coef_loss   | -0.181   |
|    learning_rate   | 0.000358 |
|    n_updates       | 244776   |
---------------------------------
---------------------------------
| rollout/           |          |
|    ep_len_mean     | 233      |
|    ep_rew_mean     | 269      |
| time/              |          |
|    episodes        | 948      |
|    fps             | 224      |
|    time_elapsed    | 1140     |
|    total_timesteps | 255552   |
| train/             |          |
|    actor_loss      | -57.3    |
|    critic_loss     | 11.3     |
|    ent_coef        | 0.0723   |
|    ent_coef_loss   | 0.0221   |
|    learning_rate   | 0.000357 |
|    n_updates       | 245544   |
---------------------------------
---------------------------------
| rollout/           |          |
|    ep_len_mean     | 232      |
|    ep_rew_mean     | 268      |
| time/              |          |
|    episodes        | 952      |
|    fps             | 224      |
|    time_elapsed    | 1145     |
|    total_timesteps | 256632   |
| train/             |          |
|    actor_loss      | -58.6    |
|    critic_loss     | 6.91     |
|    ent_coef        | 0.0705   |
|    ent_coef_loss   | -0.181   |
|    learning_rate   | 0.000355 |
|    n_updates       | 246624   |
---------------------------------
---------------------------------
| rollout/           |          |
|    ep_len_mean     | 232      |
|    ep_rew_mean     | 266      |
| time/              |          |
|    episodes        | 956      |
|    fps             | 224      |
|    time_elapsed    | 1146     |
|    total_timesteps | 257008   |
| train/             |          |
|    actor_loss      | -57      |
|    critic_loss     | 7.44     |
|    ent_coef        | 0.0721   |
|    ent_coef_loss   | 0.124    |
|    learning_rate   | 0.000355 |
|    n_updates       | 247000   |
---------------------------------
---------------------------------
| rollout/           |          |
|    ep_len_mean     | 232      |
|    ep_rew_mean     | 266      |
| time/              |          |
|    episodes        | 960      |
|    fps             | 224      |
|    time_elapsed    | 1154     |
|    total_timesteps | 258560   |
| train/             |          |
|    actor_loss      | -57.8    |
|    critic_loss     | 6.85     |
|    ent_coef        | 0.0703   |
|    ent_coef_loss   | 0.0808   |
|    learning_rate   | 0.000353 |
|    n_updates       | 248552   |
---------------------------------
---------------------------------
| rollout/           |          |
|    ep_len_mean     | 232      |
|    ep_rew_mean     | 265      |
| time/              |          |
|    episodes        | 964      |
|    fps             | 224      |
|    time_elapsed    | 1159     |
|    total_timesteps | 259712   |
| train/             |          |
|    actor_loss      | -58.3    |
|    critic_loss     | 9.23     |
|    ent_coef        | 0.0727   |
|    ent_coef_loss   | -0.106   |
|    learning_rate   | 0.000351 |
|    n_updates       | 249704   |
---------------------------------
Eval num_timesteps=260000, episode_reward=268.16 +/- 22.94
Episode length: 220.30 +/- 28.06
---------------------------------
| eval/              |          |
|    mean_ep_length  | 220      |
|    mean_reward     | 268      |
| time/              |          |
|    total_timesteps | 260000   |
| train/             |          |
|    actor_loss      | -59      |
|    critic_loss     | 7.59     |
|    ent_coef        | 0.0714   |
|    ent_coef_loss   | -0.247   |
|    learning_rate   | 0.00035  |
|    n_updates       | 249992   |
---------------------------------
---------------------------------
| rollout/           |          |
|    ep_len_mean     | 232      |
|    ep_rew_mean     | 266      |
| time/              |          |
|    episodes        | 968      |
|    fps             | 223      |
|    time_elapsed    | 1164     |
|    total_timesteps | 260624   |
| train/             |          |
|    actor_loss      | -59      |
|    critic_loss     | 18.8     |
|    ent_coef        | 0.0713   |
|    ent_coef_loss   | 0.00291  |
|    learning_rate   | 0.00035  |
|    n_updates       | 250616   |
---------------------------------
---------------------------------
| rollout/           |          |
|    ep_len_mean     | 234      |
|    ep_rew_mean     | 266      |
| time/              |          |
|    episodes        | 972      |
|    fps             | 223      |
|    time_elapsed    | 1168     |
|    total_timesteps | 261632   |
| train/             |          |
|    actor_loss      | -58.9    |
|    critic_loss     | 11.8     |
|    ent_coef        | 0.0708   |
|    ent_coef_loss   | 0.0732   |
|    learning_rate   | 0.000348 |
|    n_updates       | 251624   |
---------------------------------
---------------------------------
| rollout/           |          |
|    ep_len_mean     | 234      |
|    ep_rew_mean     | 266      |
| time/              |          |
|    episodes        | 976      |
|    fps             | 223      |
|    time_elapsed    | 1174     |
|    total_timesteps | 262848   |
| train/             |          |
|    actor_loss      | -59.3    |
|    critic_loss     | 7.85     |
|    ent_coef        | 0.073    |
|    ent_coef_loss   | 0.0541   |
|    learning_rate   | 0.000346 |
|    n_updates       | 252840   |
---------------------------------
---------------------------------
| rollout/           |          |
|    ep_len_mean     | 236      |
|    ep_rew_mean     | 265      |
| time/              |          |
|    episodes        | 980      |
|    fps             | 223      |
|    time_elapsed    | 1176     |
|    total_timesteps | 263336   |
| train/             |          |
|    actor_loss      | -57.3    |
|    critic_loss     | 15.2     |
|    ent_coef        | 0.0726   |
|    ent_coef_loss   | 0.256    |
|    learning_rate   | 0.000346 |
|    n_updates       | 253328   |
---------------------------------
---------------------------------
| rollout/           |          |
|    ep_len_mean     | 234      |
|    ep_rew_mean     | 264      |
| time/              |          |
|    episodes        | 984      |
|    fps             | 223      |
|    time_elapsed    | 1182     |
|    total_timesteps | 264528   |
| train/             |          |
|    actor_loss      | -58.8    |
|    critic_loss     | 9.04     |
|    ent_coef        | 0.0672   |
|    ent_coef_loss   | -0.0746  |
|    learning_rate   | 0.000344 |
|    n_updates       | 254520   |
---------------------------------
---------------------------------
| rollout/           |          |
|    ep_len_mean     | 233      |
|    ep_rew_mean     | 264      |
| time/              |          |
|    episodes        | 988      |
|    fps             | 223      |
|    time_elapsed    | 1186     |
|    total_timesteps | 265336   |
| train/             |          |
|    actor_loss      | -59.1    |
|    critic_loss     | 19.4     |
|    ent_coef        | 0.0674   |
|    ent_coef_loss   | -0.274   |
|    learning_rate   | 0.000343 |
|    n_updates       | 255328   |
---------------------------------
---------------------------------
| rollout/           |          |
|    ep_len_mean     | 233      |
|    ep_rew_mean     | 265      |
| time/              |          |
|    episodes        | 992      |
|    fps             | 223      |
|    time_elapsed    | 1190     |
|    total_timesteps | 266248   |
| train/             |          |
|    actor_loss      | -58.6    |
|    critic_loss     | 10.9     |
|    ent_coef        | 0.0696   |
|    ent_coef_loss   | 0.0857   |
|    learning_rate   | 0.000341 |
|    n_updates       | 256240   |
---------------------------------
---------------------------------
| rollout/           |          |
|    ep_len_mean     | 237      |
|    ep_rew_mean     | 265      |
| time/              |          |
|    episodes        | 996      |
|    fps             | 223      |
|    time_elapsed    | 1194     |
|    total_timesteps | 267136   |
| train/             |          |
|    actor_loss      | -59.3    |
|    critic_loss     | 8.28     |
|    ent_coef        | 0.065    |
|    ent_coef_loss   | -0.323   |
|    learning_rate   | 0.00034  |
|    n_updates       | 257128   |
---------------------------------
---------------------------------
| rollout/           |          |
|    ep_len_mean     | 237      |
|    ep_rew_mean     | 265      |
| time/              |          |
|    episodes        | 1000     |
|    fps             | 223      |
|    time_elapsed    | 1198     |
|    total_timesteps | 268168   |
| train/             |          |
|    actor_loss      | -58.5    |
|    critic_loss     | 7.26     |
|    ent_coef        | 0.0669   |
|    ent_coef_loss   | 0.308    |
|    learning_rate   | 0.000338 |
|    n_updates       | 258160   |
---------------------------------
---------------------------------
| rollout/           |          |
|    ep_len_mean     | 234      |
|    ep_rew_mean     | 266      |
| time/              |          |
|    episodes        | 1004     |
|    fps             | 223      |
|    time_elapsed    | 1204     |
|    total_timesteps | 269296   |
| train/             |          |
|    actor_loss      | -59.3    |
|    critic_loss     | 8.09     |
|    ent_coef        | 0.0656   |
|    ent_coef_loss   | 0.185    |
|    learning_rate   | 0.000337 |
|    n_updates       | 259288   |
---------------------------------
Eval num_timesteps=270000, episode_reward=269.55 +/- 25.49
Episode length: 197.90 +/- 26.68
---------------------------------
| eval/              |          |
|    mean_ep_length  | 198      |
|    mean_reward     | 270      |
| time/              |          |
|    total_timesteps | 270000   |
| train/             |          |
|    actor_loss      | -59.2    |
|    critic_loss     | 7.85     |
|    ent_coef        | 0.0692   |
|    ent_coef_loss   | -0.0514  |
|    learning_rate   | 0.000336 |
|    n_updates       | 259992   |
---------------------------------
---------------------------------
| rollout/           |          |
|    ep_len_mean     | 238      |
|    ep_rew_mean     | 262      |
| time/              |          |
|    episodes        | 1008     |
|    fps             | 223      |
|    time_elapsed    | 1210     |
|    total_timesteps | 270552   |
| train/             |          |
|    actor_loss      | -58.2    |
|    critic_loss     | 15       |
|    ent_coef        | 0.0713   |
|    ent_coef_loss   | -0.443   |
|    learning_rate   | 0.000335 |
|    n_updates       | 260544   |
---------------------------------
---------------------------------
| rollout/           |          |
|    ep_len_mean     | 238      |
|    ep_rew_mean     | 261      |
| time/              |          |
|    episodes        | 1012     |
|    fps             | 223      |
|    time_elapsed    | 1216     |
|    total_timesteps | 271808   |
| train/             |          |
|    actor_loss      | -58      |
|    critic_loss     | 5.27     |
|    ent_coef        | 0.0703   |
|    ent_coef_loss   | -0.0993  |
|    learning_rate   | 0.000333 |
|    n_updates       | 261800   |
---------------------------------
---------------------------------
| rollout/           |          |
|    ep_len_mean     | 241      |
|    ep_rew_mean     | 261      |
| time/              |          |
|    episodes        | 1016     |
|    fps             | 223      |
|    time_elapsed    | 1218     |
|    total_timesteps | 272448   |
| train/             |          |
|    actor_loss      | -58.4    |
|    critic_loss     | 12.6     |
|    ent_coef        | 0.0705   |
|    ent_coef_loss   | 0.156    |
|    learning_rate   | 0.000332 |
|    n_updates       | 262440   |
---------------------------------
---------------------------------
| rollout/           |          |
|    ep_len_mean     | 246      |
|    ep_rew_mean     | 259      |
| time/              |          |
|    episodes        | 1020     |
|    fps             | 223      |
|    time_elapsed    | 1224     |
|    total_timesteps | 273872   |
| train/             |          |
|    actor_loss      | -59.3    |
|    critic_loss     | 7.02     |
|    ent_coef        | 0.0688   |
|    ent_coef_loss   | -0.263   |
|    learning_rate   | 0.00033  |
|    n_updates       | 263864   |
---------------------------------
---------------------------------
| rollout/           |          |
|    ep_len_mean     | 245      |
|    ep_rew_mean     | 259      |
| time/              |          |
|    episodes        | 1024     |
|    fps             | 223      |
|    time_elapsed    | 1227     |
|    total_timesteps | 274576   |
| train/             |          |
|    actor_loss      | -58.8    |
|    critic_loss     | 22       |
|    ent_coef        | 0.0695   |
|    ent_coef_loss   | 0.0348   |
|    learning_rate   | 0.000329 |
|    n_updates       | 264568   |
---------------------------------
---------------------------------
| rollout/           |          |
|    ep_len_mean     | 245      |
|    ep_rew_mean     | 259      |
| time/              |          |
|    episodes        | 1028     |
|    fps             | 223      |
|    time_elapsed    | 1233     |
|    total_timesteps | 275928   |
| train/             |          |
|    actor_loss      | -58.9    |
|    critic_loss     | 6.37     |
|    ent_coef        | 0.0719   |
|    ent_coef_loss   | 0.158    |
|    learning_rate   | 0.000327 |
|    n_updates       | 265920   |
---------------------------------
---------------------------------
| rollout/           |          |
|    ep_len_mean     | 245      |
|    ep_rew_mean     | 259      |
| time/              |          |
|    episodes        | 1032     |
|    fps             | 223      |
|    time_elapsed    | 1237     |
|    total_timesteps | 276728   |
| train/             |          |
|    actor_loss      | -57.9    |
|    critic_loss     | 8.33     |
|    ent_coef        | 0.0752   |
|    ent_coef_loss   | 0.376    |
|    learning_rate   | 0.000326 |
|    n_updates       | 266720   |
---------------------------------
---------------------------------
| rollout/           |          |
|    ep_len_mean     | 246      |
|    ep_rew_mean     | 261      |
| time/              |          |
|    episodes        | 1036     |
|    fps             | 223      |
|    time_elapsed    | 1243     |
|    total_timesteps | 278152   |
| train/             |          |
|    actor_loss      | -57.9    |
|    critic_loss     | 9.7      |
|    ent_coef        | 0.0706   |
|    ent_coef_loss   | 0.372    |
|    learning_rate   | 0.000324 |
|    n_updates       | 268144   |
---------------------------------
---------------------------------
| rollout/           |          |
|    ep_len_mean     | 248      |
|    ep_rew_mean     | 260      |
| time/              |          |
|    episodes        | 1040     |
|    fps             | 223      |
|    time_elapsed    | 1246     |
|    total_timesteps | 278824   |
| train/             |          |
|    actor_loss      | -58.4    |
|    critic_loss     | 15.6     |
|    ent_coef        | 0.0699   |
|    ent_coef_loss   | -0.107   |
|    learning_rate   | 0.000323 |
|    n_updates       | 268816   |
---------------------------------
---------------------------------
| rollout/           |          |
|    ep_len_mean     | 249      |
|    ep_rew_mean     | 260      |
| time/              |          |
|    episodes        | 1044     |
|    fps             | 223      |
|    time_elapsed    | 1250     |
|    total_timesteps | 279696   |
| train/             |          |
|    actor_loss      | -58.5    |
|    critic_loss     | 10.9     |
|    ent_coef        | 0.0692   |
|    ent_coef_loss   | 0.29     |
|    learning_rate   | 0.000322 |
|    n_updates       | 269688   |
---------------------------------
Eval num_timesteps=280000, episode_reward=276.73 +/- 13.52
Episode length: 212.50 +/- 34.51
---------------------------------
| eval/              |          |
|    mean_ep_length  | 212      |
|    mean_reward     | 277      |
| time/              |          |
|    total_timesteps | 280000   |
| train/             |          |
|    actor_loss      | -59      |
|    critic_loss     | 7.63     |
|    ent_coef        | 0.0697   |
|    ent_coef_loss   | -0.185   |
|    learning_rate   | 0.000321 |
|    n_updates       | 269992   |
---------------------------------
New best mean reward!
---------------------------------
| rollout/           |          |
|    ep_len_mean     | 249      |
|    ep_rew_mean     | 260      |
| time/              |          |
|    episodes        | 1048     |
|    fps             | 223      |
|    time_elapsed    | 1254     |
|    total_timesteps | 280416   |
| train/             |          |
|    actor_loss      | -57.8    |
|    critic_loss     | 13.2     |
|    ent_coef        | 0.069    |
|    ent_coef_loss   | -0.103   |
|    learning_rate   | 0.000321 |
|    n_updates       | 270408   |
---------------------------------
---------------------------------
| rollout/           |          |
|    ep_len_mean     | 248      |
|    ep_rew_mean     | 260      |
| time/              |          |
|    episodes        | 1052     |
|    fps             | 223      |
|    time_elapsed    | 1259     |
|    total_timesteps | 281528   |
| train/             |          |
|    actor_loss      | -58.9    |
|    critic_loss     | 6.51     |
|    ent_coef        | 0.066    |
|    ent_coef_loss   | 0.101    |
|    learning_rate   | 0.000319 |
|    n_updates       | 271520   |
---------------------------------
---------------------------------
| rollout/           |          |
|    ep_len_mean     | 249      |
|    ep_rew_mean     | 263      |
| time/              |          |
|    episodes        | 1056     |
|    fps             | 223      |
|    time_elapsed    | 1263     |
|    total_timesteps | 282288   |
| train/             |          |
|    actor_loss      | -60      |
|    critic_loss     | 7.51     |
|    ent_coef        | 0.0664   |
|    ent_coef_loss   | 0.267    |
|    learning_rate   | 0.000318 |
|    n_updates       | 272280   |
---------------------------------
---------------------------------
| rollout/           |          |
|    ep_len_mean     | 249      |
|    ep_rew_mean     | 263      |
| time/              |          |
|    episodes        | 1060     |
|    fps             | 223      |
|    time_elapsed    | 1267     |
|    total_timesteps | 283152   |
| train/             |          |
|    actor_loss      | -58.9    |
|    critic_loss     | 6.85     |
|    ent_coef        | 0.0691   |
|    ent_coef_loss   | 0.213    |
|    learning_rate   | 0.000317 |
|    n_updates       | 273144   |
---------------------------------
---------------------------------
| rollout/           |          |
|    ep_len_mean     | 249      |
|    ep_rew_mean     | 263      |
| time/              |          |
|    episodes        | 1064     |
|    fps             | 223      |
|    time_elapsed    | 1272     |
|    total_timesteps | 284360   |
| train/             |          |
|    actor_loss      | -59.7    |
|    critic_loss     | 15.6     |
|    ent_coef        | 0.0691   |
|    ent_coef_loss   | -0.243   |
|    learning_rate   | 0.000315 |
|    n_updates       | 274352   |
---------------------------------
---------------------------------
| rollout/           |          |
|    ep_len_mean     | 249      |
|    ep_rew_mean     | 262      |
| time/              |          |
|    episodes        | 1068     |
|    fps             | 223      |
|    time_elapsed    | 1276     |
|    total_timesteps | 285264   |
| train/             |          |
|    actor_loss      | -58.1    |
|    critic_loss     | 5.99     |
|    ent_coef        | 0.0685   |
|    ent_coef_loss   | -0.099   |
|    learning_rate   | 0.000314 |
|    n_updates       | 275256   |
---------------------------------
---------------------------------
| rollout/           |          |
|    ep_len_mean     | 246      |
|    ep_rew_mean     | 259      |
| time/              |          |
|    episodes        | 1072     |
|    fps             | 223      |
|    time_elapsed    | 1281     |
|    total_timesteps | 286360   |
| train/             |          |
|    actor_loss      | -59.6    |
|    critic_loss     | 17.5     |
|    ent_coef        | 0.0706   |
|    ent_coef_loss   | -0.133   |
|    learning_rate   | 0.000312 |
|    n_updates       | 276352   |
---------------------------------
---------------------------------
| rollout/           |          |
|    ep_len_mean     | 246      |
|    ep_rew_mean     | 259      |
| time/              |          |
|    episodes        | 1076     |
|    fps             | 223      |
|    time_elapsed    | 1282     |
|    total_timesteps | 286736   |
| train/             |          |
|    actor_loss      | -58.9    |
|    critic_loss     | 13.7     |
|    ent_coef        | 0.0683   |
|    ent_coef_loss   | -0.0102  |
|    learning_rate   | 0.000311 |
|    n_updates       | 276728   |
---------------------------------
---------------------------------
| rollout/           |          |
|    ep_len_mean     | 245      |
|    ep_rew_mean     | 260      |
| time/              |          |
|    episodes        | 1080     |
|    fps             | 223      |
|    time_elapsed    | 1290     |
|    total_timesteps | 288328   |
| train/             |          |
|    actor_loss      | -59.5    |
|    critic_loss     | 6.88     |
|    ent_coef        | 0.0717   |
|    ent_coef_loss   | -0.325   |
|    learning_rate   | 0.000309 |
|    n_updates       | 278320   |
---------------------------------
---------------------------------
| rollout/           |          |
|    ep_len_mean     | 247      |
|    ep_rew_mean     | 260      |
| time/              |          |
|    episodes        | 1084     |
|    fps             | 223      |
|    time_elapsed    | 1292     |
|    total_timesteps | 288792   |
| train/             |          |
|    actor_loss      | -57.6    |
|    critic_loss     | 9.6      |
|    ent_coef        | 0.0719   |
|    ent_coef_loss   | -0.384   |
|    learning_rate   | 0.000308 |
|    n_updates       | 278784   |
---------------------------------
Eval num_timesteps=290000, episode_reward=231.52 +/- 97.65
Episode length: 207.10 +/- 35.61
---------------------------------
| eval/              |          |
|    mean_ep_length  | 207      |
|    mean_reward     | 232      |
| time/              |          |
|    total_timesteps | 290000   |
| train/             |          |
|    actor_loss      | -58.6    |
|    critic_loss     | 14.8     |
|    ent_coef        | 0.0722   |
|    ent_coef_loss   | -0.165   |
|    learning_rate   | 0.000307 |
|    n_updates       | 279992   |
---------------------------------
---------------------------------
| rollout/           |          |
|    ep_len_mean     | 247      |
|    ep_rew_mean     | 260      |
| time/              |          |
|    episodes        | 1088     |
|    fps             | 223      |
|    time_elapsed    | 1298     |
|    total_timesteps | 290064   |
| train/             |          |
|    actor_loss      | -59      |
|    critic_loss     | 13       |
|    ent_coef        | 0.0723   |
|    ent_coef_loss   | 0.0108   |
|    learning_rate   | 0.000307 |
|    n_updates       | 280056   |
---------------------------------
---------------------------------
| rollout/           |          |
|    ep_len_mean     | 250      |
|    ep_rew_mean     | 260      |
| time/              |          |
|    episodes        | 1092     |
|    fps             | 223      |
|    time_elapsed    | 1301     |
|    total_timesteps | 290632   |
| train/             |          |
|    actor_loss      | -59.5    |
|    critic_loss     | 11       |
|    ent_coef        | 0.0753   |
|    ent_coef_loss   | 0.0744   |
|    learning_rate   | 0.000306 |
|    n_updates       | 280624   |
---------------------------------
---------------------------------
| rollout/           |          |
|    ep_len_mean     | 246      |
|    ep_rew_mean     | 260      |
| time/              |          |
|    episodes        | 1096     |
|    fps             | 223      |
|    time_elapsed    | 1306     |
|    total_timesteps | 291872   |
| train/             |          |
|    actor_loss      | -58.9    |
|    critic_loss     | 17.4     |
|    ent_coef        | 0.0752   |
|    ent_coef_loss   | -0.109   |
|    learning_rate   | 0.000304 |
|    n_updates       | 281864   |
---------------------------------
---------------------------------
| rollout/           |          |
|    ep_len_mean     | 247      |
|    ep_rew_mean     | 259      |
| time/              |          |
|    episodes        | 1100     |
|    fps             | 223      |
|    time_elapsed    | 1308     |
|    total_timesteps | 292328   |
| train/             |          |
|    actor_loss      | -60.3    |
|    critic_loss     | 10.2     |
|    ent_coef        | 0.075    |
|    ent_coef_loss   | -0.198   |
|    learning_rate   | 0.000303 |
|    n_updates       | 282320   |
---------------------------------
---------------------------------
| rollout/           |          |
|    ep_len_mean     | 246      |
|    ep_rew_mean     | 259      |
| time/              |          |
|    episodes        | 1104     |
|    fps             | 223      |
|    time_elapsed    | 1312     |
|    total_timesteps | 293440   |
| train/             |          |
|    actor_loss      | -58.5    |
|    critic_loss     | 10.7     |
|    ent_coef        | 0.0735   |
|    ent_coef_loss   | -0.234   |
|    learning_rate   | 0.000302 |
|    n_updates       | 283432   |
---------------------------------
---------------------------------
| rollout/           |          |
|    ep_len_mean     | 244      |
|    ep_rew_mean     | 260      |
| time/              |          |
|    episodes        | 1108     |
|    fps             | 223      |
|    time_elapsed    | 1316     |
|    total_timesteps | 294320   |
| train/             |          |
|    actor_loss      | -59.3    |
|    critic_loss     | 7.67     |
|    ent_coef        | 0.073    |
|    ent_coef_loss   | 0.206    |
|    learning_rate   | 0.0003   |
|    n_updates       | 284312   |
---------------------------------
---------------------------------
| rollout/           |          |
|    ep_len_mean     | 242      |
|    ep_rew_mean     | 261      |
| time/              |          |
|    episodes        | 1112     |
|    fps             | 223      |
|    time_elapsed    | 1319     |
|    total_timesteps | 294968   |
| train/             |          |
|    actor_loss      | -58.9    |
|    critic_loss     | 9.89     |
|    ent_coef        | 0.0699   |
|    ent_coef_loss   | 0.0848   |
|    learning_rate   | 0.000299 |
|    n_updates       | 284960   |
---------------------------------
---------------------------------
| rollout/           |          |
|    ep_len_mean     | 236      |
|    ep_rew_mean     | 262      |
| time/              |          |
|    episodes        | 1116     |
|    fps             | 223      |
|    time_elapsed    | 1323     |
|    total_timesteps | 295832   |
| train/             |          |
|    actor_loss      | -58.9    |
|    critic_loss     | 8.46     |
|    ent_coef        | 0.0709   |
|    ent_coef_loss   | 0.398    |
|    learning_rate   | 0.000298 |
|    n_updates       | 285824   |
---------------------------------
---------------------------------
| rollout/           |          |
|    ep_len_mean     | 231      |
|    ep_rew_mean     | 265      |
| time/              |          |
|    episodes        | 1120     |
|    fps             | 223      |
|    time_elapsed    | 1324     |
|    total_timesteps | 296224   |
| train/             |          |
|    actor_loss      | -60.2    |
|    critic_loss     | 7.95     |
|    ent_coef        | 0.0724   |
|    ent_coef_loss   | -0.0317  |
|    learning_rate   | 0.000298 |
|    n_updates       | 286216   |
---------------------------------
---------------------------------
| rollout/           |          |
|    ep_len_mean     | 229      |
|    ep_rew_mean     | 264      |
| time/              |          |
|    episodes        | 1124     |
|    fps             | 223      |
|    time_elapsed    | 1330     |
|    total_timesteps | 297552   |
| train/             |          |
|    actor_loss      | -61.6    |
|    critic_loss     | 7.2      |
|    ent_coef        | 0.0734   |
|    ent_coef_loss   | -0.0868  |
|    learning_rate   | 0.000296 |
|    n_updates       | 287544   |
---------------------------------
---------------------------------
| rollout/           |          |
|    ep_len_mean     | 229      |
|    ep_rew_mean     | 264      |
| time/              |          |
|    episodes        | 1128     |
|    fps             | 223      |
|    time_elapsed    | 1333     |
|    total_timesteps | 298136   |
| train/             |          |
|    actor_loss      | -60      |
|    critic_loss     | 12.5     |
|    ent_coef        | 0.0745   |
|    ent_coef_loss   | -0.0106  |
|    learning_rate   | 0.000295 |
|    n_updates       | 288128   |
---------------------------------
---------------------------------
| rollout/           |          |
|    ep_len_mean     | 227      |
|    ep_rew_mean     | 261      |
| time/              |          |
|    episodes        | 1132     |
|    fps             | 223      |
|    time_elapsed    | 1337     |
|    total_timesteps | 299152   |
| train/             |          |
|    actor_loss      | -60      |
|    critic_loss     | 7.25     |
|    ent_coef        | 0.0764   |
|    ent_coef_loss   | 0.0904   |
|    learning_rate   | 0.000293 |
|    n_updates       | 289144   |
---------------------------------
Eval num_timesteps=300000, episode_reward=275.45 +/- 22.25
Episode length: 235.70 +/- 43.49
---------------------------------
| eval/              |          |
|    mean_ep_length  | 236      |
|    mean_reward     | 275      |
| time/              |          |
|    total_timesteps | 300000   |
| train/             |          |
|    actor_loss      | -59.2    |
|    critic_loss     | 20.3     |
|    ent_coef        | 0.0729   |
|    ent_coef_loss   | 0.167    |
|    learning_rate   | 0.000292 |
|    n_updates       | 289992   |
---------------------------------
---------------------------------
| rollout/           |          |
|    ep_len_mean     | 225      |
|    ep_rew_mean     | 262      |
| time/              |          |
|    episodes        | 1136     |
|    fps             | 223      |
|    time_elapsed    | 1342     |
|    total_timesteps | 300200   |
| train/             |          |
|    actor_loss      | -58.3    |
|    critic_loss     | 10.2     |
|    ent_coef        | 0.073    |
|    ent_coef_loss   | -0.0621  |
|    learning_rate   | 0.000292 |
|    n_updates       | 290192   |
---------------------------------
---------------------------------
| rollout/           |          |
|    ep_len_mean     | 221      |
|    ep_rew_mean     | 262      |
| time/              |          |
|    episodes        | 1140     |
|    fps             | 223      |
|    time_elapsed    | 1345     |
|    total_timesteps | 300792   |
| train/             |          |
|    actor_loss      | -61.1    |
|    critic_loss     | 13.4     |
|    ent_coef        | 0.0721   |
|    ent_coef_loss   | -0.02    |
|    learning_rate   | 0.000291 |
|    n_updates       | 290784   |
---------------------------------
---------------------------------
| rollout/           |          |
|    ep_len_mean     | 218      |
|    ep_rew_mean     | 263      |
| time/              |          |
|    episodes        | 1144     |
|    fps             | 223      |
|    time_elapsed    | 1349     |
|    total_timesteps | 301808   |
| train/             |          |
|    actor_loss      | -60.2    |
|    critic_loss     | 10.6     |
|    ent_coef        | 0.0735   |
|    ent_coef_loss   | -0.149   |
|    learning_rate   | 0.000289 |
|    n_updates       | 291800   |
---------------------------------
---------------------------------
| rollout/           |          |
|    ep_len_mean     | 217      |
|    ep_rew_mean     | 261      |
| time/              |          |
|    episodes        | 1148     |
|    fps             | 223      |
|    time_elapsed    | 1354     |
|    total_timesteps | 302968   |
| train/             |          |
|    actor_loss      | -60      |
|    critic_loss     | 6.07     |
|    ent_coef        | 0.0721   |
|    ent_coef_loss   | 0.131    |
|    learning_rate   | 0.000288 |
|    n_updates       | 292960   |
---------------------------------
---------------------------------
| rollout/           |          |
|    ep_len_mean     | 219      |
|    ep_rew_mean     | 261      |
| time/              |          |
|    episodes        | 1152     |
|    fps             | 223      |
|    time_elapsed    | 1356     |
|    total_timesteps | 303480   |
| train/             |          |
|    actor_loss      | -60.7    |
|    critic_loss     | 8.92     |
|    ent_coef        | 0.07     |
|    ent_coef_loss   | -0.025   |
|    learning_rate   | 0.000287 |
|    n_updates       | 293472   |
---------------------------------
---------------------------------
| rollout/           |          |
|    ep_len_mean     | 219      |
|    ep_rew_mean     | 262      |
| time/              |          |
|    episodes        | 1156     |
|    fps             | 223      |
|    time_elapsed    | 1363     |
|    total_timesteps | 305016   |
| train/             |          |
|    actor_loss      | -59.7    |
|    critic_loss     | 6.33     |
|    ent_coef        | 0.0726   |
|    ent_coef_loss   | -0.0662  |
|    learning_rate   | 0.000285 |
|    n_updates       | 295008   |
---------------------------------
---------------------------------
| rollout/           |          |
|    ep_len_mean     | 226      |
|    ep_rew_mean     | 262      |
| time/              |          |
|    episodes        | 1160     |
|    fps             | 223      |
|    time_elapsed    | 1366     |
|    total_timesteps | 305680   |
| train/             |          |
|    actor_loss      | -59.6    |
|    critic_loss     | 9.67     |
|    ent_coef        | 0.071    |
|    ent_coef_loss   | 0.102    |
|    learning_rate   | 0.000284 |
|    n_updates       | 295672   |
---------------------------------
---------------------------------
| rollout/           |          |
|    ep_len_mean     | 224      |
|    ep_rew_mean     | 262      |
| time/              |          |
|    episodes        | 1164     |
|    fps             | 223      |
|    time_elapsed    | 1370     |
|    total_timesteps | 306672   |
| train/             |          |
|    actor_loss      | -58.9    |
|    critic_loss     | 13.1     |
|    ent_coef        | 0.0721   |
|    ent_coef_loss   | 0.0848   |
|    learning_rate   | 0.000282 |
|    n_updates       | 296664   |
---------------------------------
---------------------------------
| rollout/           |          |
|    ep_len_mean     | 223      |
|    ep_rew_mean     | 262      |
| time/              |          |
|    episodes        | 1168     |
|    fps             | 223      |
|    time_elapsed    | 1372     |
|    total_timesteps | 307216   |
| train/             |          |
|    actor_loss      | -61.5    |
|    critic_loss     | 3.08     |
|    ent_coef        | 0.0714   |
|    ent_coef_loss   | 0.0038   |
|    learning_rate   | 0.000281 |
|    n_updates       | 297208   |
---------------------------------
---------------------------------
| rollout/           |          |
|    ep_len_mean     | 221      |
|    ep_rew_mean     | 266      |
| time/              |          |
|    episodes        | 1172     |
|    fps             | 223      |
|    time_elapsed    | 1377     |
|    total_timesteps | 308240   |
| train/             |          |
|    actor_loss      | -60.2    |
|    critic_loss     | 11.4     |
|    ent_coef        | 0.069    |
|    ent_coef_loss   | 0.0173   |
|    learning_rate   | 0.00028  |
|    n_updates       | 298232   |
---------------------------------
---------------------------------
| rollout/           |          |
|    ep_len_mean     | 220      |
|    ep_rew_mean     | 266      |
| time/              |          |
|    episodes        | 1176     |
|    fps             | 223      |
|    time_elapsed    | 1381     |
|    total_timesteps | 309304   |
| train/             |          |
|    actor_loss      | -60.6    |
|    critic_loss     | 5.67     |
|    ent_coef        | 0.0696   |
|    ent_coef_loss   | 0.0159   |
|    learning_rate   | 0.000278 |
|    n_updates       | 299296   |
---------------------------------
Eval num_timesteps=310000, episode_reward=276.87 +/- 20.13
Episode length: 225.80 +/- 55.24
---------------------------------
| eval/              |          |
|    mean_ep_length  | 226      |
|    mean_reward     | 277      |
| time/              |          |
|    total_timesteps | 310000   |
| train/             |          |
|    actor_loss      | -60.6    |
|    critic_loss     | 7.13     |
|    ent_coef        | 0.07     |
|    ent_coef_loss   | 0.0599   |
|    learning_rate   | 0.000277 |
|    n_updates       | 299992   |
---------------------------------
New best mean reward!
---------------------------------
| rollout/           |          |
|    ep_len_mean     | 222      |
|    ep_rew_mean     | 264      |
| time/              |          |
|    episodes        | 1180     |
|    fps             | 223      |
|    time_elapsed    | 1386     |
|    total_timesteps | 310120   |
| train/             |          |
|    actor_loss      | -61      |
|    critic_loss     | 12.6     |
|    ent_coef        | 0.0698   |
|    ent_coef_loss   | -0.258   |
|    learning_rate   | 0.000277 |
|    n_updates       | 300112   |
---------------------------------
---------------------------------
| rollout/           |          |
|    ep_len_mean     | 220      |
|    ep_rew_mean     | 265      |
| time/              |          |
|    episodes        | 1184     |
|    fps             | 223      |
|    time_elapsed    | 1390     |
|    total_timesteps | 311064   |
| train/             |          |
|    actor_loss      | -60.1    |
|    critic_loss     | 8.1      |
|    ent_coef        | 0.0703   |
|    ent_coef_loss   | -0.0342  |
|    learning_rate   | 0.000276 |
|    n_updates       | 301056   |
---------------------------------
---------------------------------
| rollout/           |          |
|    ep_len_mean     | 220      |
|    ep_rew_mean     | 265      |
| time/              |          |
|    episodes        | 1188     |
|    fps             | 223      |
|    time_elapsed    | 1393     |
|    total_timesteps | 311768   |
| train/             |          |
|    actor_loss      | -60.1    |
|    critic_loss     | 8.71     |
|    ent_coef        | 0.0721   |
|    ent_coef_loss   | 0.0321   |
|    learning_rate   | 0.000275 |
|    n_updates       | 301760   |
---------------------------------
---------------------------------
| rollout/           |          |
|    ep_len_mean     | 218      |
|    ep_rew_mean     | 265      |
| time/              |          |
|    episodes        | 1192     |
|    fps             | 223      |
|    time_elapsed    | 1396     |
|    total_timesteps | 312480   |
| train/             |          |
|    actor_loss      | -61.1    |
|    critic_loss     | 7.3      |
|    ent_coef        | 0.0714   |
|    ent_coef_loss   | -0.0479  |
|    learning_rate   | 0.000274 |
|    n_updates       | 302472   |
---------------------------------
---------------------------------
| rollout/           |          |
|    ep_len_mean     | 217      |
|    ep_rew_mean     | 266      |
| time/              |          |
|    episodes        | 1196     |
|    fps             | 223      |
|    time_elapsed    | 1400     |
|    total_timesteps | 313328   |
| train/             |          |
|    actor_loss      | -61.5    |
|    critic_loss     | 11.8     |
|    ent_coef        | 0.0692   |
|    ent_coef_loss   | -0.295   |
|    learning_rate   | 0.000273 |
|    n_updates       | 303320   |
---------------------------------
---------------------------------
| rollout/           |          |
|    ep_len_mean     | 216      |
|    ep_rew_mean     | 267      |
| time/              |          |
|    episodes        | 1200     |
|    fps             | 223      |
|    time_elapsed    | 1403     |
|    total_timesteps | 313888   |
| train/             |          |
|    actor_loss      | -60.3    |
|    critic_loss     | 8.38     |
|    ent_coef        | 0.0688   |
|    ent_coef_loss   | 0.0232   |
|    learning_rate   | 0.000272 |
|    n_updates       | 303880   |
---------------------------------
---------------------------------
| rollout/           |          |
|    ep_len_mean     | 216      |
|    ep_rew_mean     | 267      |
| time/              |          |
|    episodes        | 1204     |
|    fps             | 223      |
|    time_elapsed    | 1407     |
|    total_timesteps | 314880   |
| train/             |          |
|    actor_loss      | -61.1    |
|    critic_loss     | 9.23     |
|    ent_coef        | 0.0693   |
|    ent_coef_loss   | 0.185    |
|    learning_rate   | 0.00027  |
|    n_updates       | 304872   |
---------------------------------
---------------------------------
| rollout/           |          |
|    ep_len_mean     | 214      |
|    ep_rew_mean     | 271      |
| time/              |          |
|    episodes        | 1208     |
|    fps             | 223      |
|    time_elapsed    | 1411     |
|    total_timesteps | 315664   |
| train/             |          |
|    actor_loss      | -61.2    |
|    critic_loss     | 10.1     |
|    ent_coef        | 0.0715   |
|    ent_coef_loss   | -0.0161  |
|    learning_rate   | 0.000269 |
|    n_updates       | 305656   |
---------------------------------
---------------------------------
| rollout/           |          |
|    ep_len_mean     | 213      |
|    ep_rew_mean     | 272      |
| time/              |          |
|    episodes        | 1212     |
|    fps             | 223      |
|    time_elapsed    | 1417     |
|    total_timesteps | 316912   |
| train/             |          |
|    actor_loss      | -61.9    |
|    critic_loss     | 8.35     |
|    ent_coef        | 0.0709   |
|    ent_coef_loss   | 0.216    |
|    learning_rate   | 0.000267 |
|    n_updates       | 306904   |
---------------------------------
---------------------------------
| rollout/           |          |
|    ep_len_mean     | 214      |
|    ep_rew_mean     | 271      |
| time/              |          |
|    episodes        | 1216     |
|    fps             | 223      |
|    time_elapsed    | 1419     |
|    total_timesteps | 317360   |
| train/             |          |
|    actor_loss      | -60.2    |
|    critic_loss     | 9.52     |
|    ent_coef        | 0.0717   |
|    ent_coef_loss   | -0.146   |
|    learning_rate   | 0.000267 |
|    n_updates       | 307352   |
---------------------------------
---------------------------------
| rollout/           |          |
|    ep_len_mean     | 216      |
|    ep_rew_mean     | 275      |
| time/              |          |
|    episodes        | 1220     |
|    fps             | 223      |
|    time_elapsed    | 1423     |
|    total_timesteps | 318392   |
| train/             |          |
|    actor_loss      | -61.5    |
|    critic_loss     | 8.4      |
|    ent_coef        | 0.0721   |
|    ent_coef_loss   | -0.0947  |
|    learning_rate   | 0.000265 |
|    n_updates       | 308384   |
---------------------------------
---------------------------------
| rollout/           |          |
|    ep_len_mean     | 216      |
|    ep_rew_mean     | 276      |
| time/              |          |
|    episodes        | 1224     |
|    fps             | 223      |
|    time_elapsed    | 1426     |
|    total_timesteps | 318928   |
| train/             |          |
|    actor_loss      | -60.9    |
|    critic_loss     | 16.5     |
|    ent_coef        | 0.0704   |
|    ent_coef_loss   | 0.108    |
|    learning_rate   | 0.000264 |
|    n_updates       | 308920   |
---------------------------------
Eval num_timesteps=320000, episode_reward=274.05 +/- 19.36
Episode length: 215.00 +/- 50.99
---------------------------------
| eval/              |          |
|    mean_ep_length  | 215      |
|    mean_reward     | 274      |
| time/              |          |
|    total_timesteps | 320000   |
| train/             |          |
|    actor_loss      | -61.6    |
|    critic_loss     | 12.5     |
|    ent_coef        | 0.0716   |
|    ent_coef_loss   | -0.228   |
|    learning_rate   | 0.000263 |
|    n_updates       | 309992   |
---------------------------------
---------------------------------
| rollout/           |          |
|    ep_len_mean     | 216      |
|    ep_rew_mean     | 275      |
| time/              |          |
|    episodes        | 1228     |
|    fps             | 223      |
|    time_elapsed    | 1432     |
|    total_timesteps | 320032   |
| train/             |          |
|    actor_loss      | -60.7    |
|    critic_loss     | 9.54     |
|    ent_coef        | 0.0714   |
|    ent_coef_loss   | 0.0927   |
|    learning_rate   | 0.000263 |
|    n_updates       | 310024   |
---------------------------------
---------------------------------
| rollout/           |          |
|    ep_len_mean     | 216      |
|    ep_rew_mean     | 278      |
| time/              |          |
|    episodes        | 1232     |
|    fps             | 223      |
|    time_elapsed    | 1434     |
|    total_timesteps | 320648   |
| train/             |          |
|    actor_loss      | -62      |
|    critic_loss     | 7.78     |
|    ent_coef        | 0.0694   |
|    ent_coef_loss   | 0.457    |
|    learning_rate   | 0.000262 |
|    n_updates       | 310640   |
---------------------------------
---------------------------------
| rollout/           |          |
|    ep_len_mean     | 216      |
|    ep_rew_mean     | 277      |
| time/              |          |
|    episodes        | 1236     |
|    fps             | 223      |
|    time_elapsed    | 1439     |
|    total_timesteps | 321568   |
| train/             |          |
|    actor_loss      | -62.5    |
|    critic_loss     | 7.86     |
|    ent_coef        | 0.0701   |
|    ent_coef_loss   | 0.0871   |
|    learning_rate   | 0.000261 |
|    n_updates       | 311560   |
---------------------------------
---------------------------------
| rollout/           |          |
|    ep_len_mean     | 216      |
|    ep_rew_mean     | 278      |
| time/              |          |
|    episodes        | 1240     |
|    fps             | 223      |
|    time_elapsed    | 1442     |
|    total_timesteps | 322320   |
| train/             |          |
|    actor_loss      | -63.2    |
|    critic_loss     | 7.54     |
|    ent_coef        | 0.07     |
|    ent_coef_loss   | -0.247   |
|    learning_rate   | 0.000259 |
|    n_updates       | 312312   |
---------------------------------
---------------------------------
| rollout/           |          |
|    ep_len_mean     | 216      |
|    ep_rew_mean     | 278      |
| time/              |          |
|    episodes        | 1244     |
|    fps             | 223      |
|    time_elapsed    | 1446     |
|    total_timesteps | 323272   |
| train/             |          |
|    actor_loss      | -61.1    |
|    critic_loss     | 8.79     |
|    ent_coef        | 0.0701   |
|    ent_coef_loss   | 0.258    |
|    learning_rate   | 0.000258 |
|    n_updates       | 313264   |
---------------------------------
---------------------------------
| rollout/           |          |
|    ep_len_mean     | 216      |
|    ep_rew_mean     | 280      |
| time/              |          |
|    episodes        | 1248     |
|    fps             | 223      |
|    time_elapsed    | 1450     |
|    total_timesteps | 324208   |
| train/             |          |
|    actor_loss      | -61.8    |
|    critic_loss     | 13.6     |
|    ent_coef        | 0.0706   |
|    ent_coef_loss   | 0.174    |
|    learning_rate   | 0.000257 |
|    n_updates       | 314200   |
---------------------------------
---------------------------------
| rollout/           |          |
|    ep_len_mean     | 217      |
|    ep_rew_mean     | 279      |
| time/              |          |
|    episodes        | 1252     |
|    fps             | 223      |
|    time_elapsed    | 1454     |
|    total_timesteps | 325088   |
| train/             |          |
|    actor_loss      | -61.8    |
|    critic_loss     | 12.4     |
|    ent_coef        | 0.0699   |
|    ent_coef_loss   | 0.101    |
|    learning_rate   | 0.000255 |
|    n_updates       | 315080   |
---------------------------------
---------------------------------
| rollout/           |          |
|    ep_len_mean     | 218      |
|    ep_rew_mean     | 279      |
| time/              |          |
|    episodes        | 1256     |
|    fps             | 223      |
|    time_elapsed    | 1457     |
|    total_timesteps | 325752   |
| train/             |          |
|    actor_loss      | -61.6    |
|    critic_loss     | 12.3     |
|    ent_coef        | 0.0709   |
|    ent_coef_loss   | -0.167   |
|    learning_rate   | 0.000254 |
|    n_updates       | 315744   |
---------------------------------
---------------------------------
| rollout/           |          |
|    ep_len_mean     | 209      |
|    ep_rew_mean     | 278      |
| time/              |          |
|    episodes        | 1260     |
|    fps             | 223      |
|    time_elapsed    | 1462     |
|    total_timesteps | 326840   |
| train/             |          |
|    actor_loss      | -61.7    |
|    critic_loss     | 10.8     |
|    ent_coef        | 0.0719   |
|    ent_coef_loss   | 0.00552  |
|    learning_rate   | 0.000253 |
|    n_updates       | 316832   |
---------------------------------
---------------------------------
| rollout/           |          |
|    ep_len_mean     | 209      |
|    ep_rew_mean     | 279      |
| time/              |          |
|    episodes        | 1264     |
|    fps             | 223      |
|    time_elapsed    | 1467     |
|    total_timesteps | 327968   |
| train/             |          |
|    actor_loss      | -61.2    |
|    critic_loss     | 10.5     |
|    ent_coef        | 0.0713   |
|    ent_coef_loss   | -0.249   |
|    learning_rate   | 0.000251 |
|    n_updates       | 317960   |
---------------------------------
---------------------------------
| rollout/           |          |
|    ep_len_mean     | 212      |
|    ep_rew_mean     | 280      |
| time/              |          |
|    episodes        | 1268     |
|    fps             | 223      |
|    time_elapsed    | 1472     |
|    total_timesteps | 328984   |
| train/             |          |
|    actor_loss      | -63.1    |
|    critic_loss     | 12.8     |
|    ent_coef        | 0.072    |
|    ent_coef_loss   | -0.183   |
|    learning_rate   | 0.00025  |
|    n_updates       | 318976   |
---------------------------------
Eval num_timesteps=330000, episode_reward=283.61 +/- 21.80
Episode length: 208.10 +/- 19.51
---------------------------------
| eval/              |          |
|    mean_ep_length  | 208      |
|    mean_reward     | 284      |
| time/              |          |
|    total_timesteps | 330000   |
| train/             |          |
|    actor_loss      | -62.4    |
|    critic_loss     | 8.62     |
|    ent_coef        | 0.0725   |
|    ent_coef_loss   | -0.131   |
|    learning_rate   | 0.000248 |
|    n_updates       | 319992   |
---------------------------------
New best mean reward!
---------------------------------
| rollout/           |          |
|    ep_len_mean     | 215      |
|    ep_rew_mean     | 279      |
| time/              |          |
|    episodes        | 1272     |
|    fps             | 223      |
|    time_elapsed    | 1477     |
|    total_timesteps | 330008   |
| train/             |          |
|    actor_loss      | -61.1    |
|    critic_loss     | 9.63     |
|    ent_coef        | 0.0725   |
|    ent_coef_loss   | 0.192    |
|    learning_rate   | 0.000248 |
|    n_updates       | 320000   |
---------------------------------
---------------------------------
| rollout/           |          |
|    ep_len_mean     | 216      |
|    ep_rew_mean     | 274      |
| time/              |          |
|    episodes        | 1276     |
|    fps             | 223      |
|    time_elapsed    | 1478     |
|    total_timesteps | 330264   |
| train/             |          |
|    actor_loss      | -62      |
|    critic_loss     | 14.9     |
|    ent_coef        | 0.0723   |
|    ent_coef_loss   | 0.113    |
|    learning_rate   | 0.000248 |
|    n_updates       | 320256   |
---------------------------------
---------------------------------
| rollout/           |          |
|    ep_len_mean     | 213      |
|    ep_rew_mean     | 276      |
| time/              |          |
|    episodes        | 1280     |
|    fps             | 223      |
|    time_elapsed    | 1484     |
|    total_timesteps | 331544   |
| train/             |          |
|    actor_loss      | -61.7    |
|    critic_loss     | 7.97     |
|    ent_coef        | 0.0705   |
|    ent_coef_loss   | 0.175    |
|    learning_rate   | 0.000246 |
|    n_updates       | 321536   |
---------------------------------
---------------------------------
| rollout/           |          |
|    ep_len_mean     | 213      |
|    ep_rew_mean     | 274      |
| time/              |          |
|    episodes        | 1284     |
|    fps             | 223      |
|    time_elapsed    | 1487     |
|    total_timesteps | 332080   |
| train/             |          |
|    actor_loss      | -62.2    |
|    critic_loss     | 6.46     |
|    ent_coef        | 0.0698   |
|    ent_coef_loss   | -0.0175  |
|    learning_rate   | 0.000245 |
|    n_updates       | 322072   |
---------------------------------
---------------------------------
| rollout/           |          |
|    ep_len_mean     | 213      |
|    ep_rew_mean     | 274      |
| time/              |          |
|    episodes        | 1288     |
|    fps             | 223      |
|    time_elapsed    | 1491     |
|    total_timesteps | 333056   |
| train/             |          |
|    actor_loss      | -61.9    |
|    critic_loss     | 11.8     |
|    ent_coef        | 0.0726   |
|    ent_coef_loss   | 0.164    |
|    learning_rate   | 0.000244 |
|    n_updates       | 323048   |
---------------------------------
---------------------------------
| rollout/           |          |
|    ep_len_mean     | 213      |
|    ep_rew_mean     | 274      |
| time/              |          |
|    episodes        | 1292     |
|    fps             | 223      |
|    time_elapsed    | 1495     |
|    total_timesteps | 333776   |
| train/             |          |
|    actor_loss      | -62.2    |
|    critic_loss     | 12.6     |
|    ent_coef        | 0.0733   |
|    ent_coef_loss   | -0.0667  |
|    learning_rate   | 0.000243 |
|    n_updates       | 323768   |
---------------------------------
---------------------------------
| rollout/           |          |
|    ep_len_mean     | 213      |
|    ep_rew_mean     | 274      |
| time/              |          |
|    episodes        | 1296     |
|    fps             | 223      |
|    time_elapsed    | 1499     |
|    total_timesteps | 334672   |
| train/             |          |
|    actor_loss      | -63.3    |
|    critic_loss     | 7.52     |
|    ent_coef        | 0.0721   |
|    ent_coef_loss   | -0.131   |
|    learning_rate   | 0.000241 |
|    n_updates       | 324664   |
---------------------------------
---------------------------------
| rollout/           |          |
|    ep_len_mean     | 214      |
|    ep_rew_mean     | 274      |
| time/              |          |
|    episodes        | 1300     |
|    fps             | 223      |
|    time_elapsed    | 1503     |
|    total_timesteps | 335520   |
| train/             |          |
|    actor_loss      | -61.9    |
|    critic_loss     | 10.4     |
|    ent_coef        | 0.0699   |
|    ent_coef_loss   | -0.139   |
|    learning_rate   | 0.00024  |
|    n_updates       | 325512   |
---------------------------------
---------------------------------
| rollout/           |          |
|    ep_len_mean     | 214      |
|    ep_rew_mean     | 273      |
| time/              |          |
|    episodes        | 1304     |
|    fps             | 223      |
|    time_elapsed    | 1507     |
|    total_timesteps | 336496   |
| train/             |          |
|    actor_loss      | -63.2    |
|    critic_loss     | 6.16     |
|    ent_coef        | 0.0715   |
|    ent_coef_loss   | -0.0356  |
|    learning_rate   | 0.000239 |
|    n_updates       | 326488   |
---------------------------------
---------------------------------
| rollout/           |          |
|    ep_len_mean     | 216      |
|    ep_rew_mean     | 273      |
| time/              |          |
|    episodes        | 1308     |
|    fps             | 223      |
|    time_elapsed    | 1511     |
|    total_timesteps | 337352   |
| train/             |          |
|    actor_loss      | -62.3    |
|    critic_loss     | 17.8     |
|    ent_coef        | 0.0718   |
|    ent_coef_loss   | 0.0633   |
|    learning_rate   | 0.000237 |
|    n_updates       | 327344   |
---------------------------------
---------------------------------
| rollout/           |          |
|    ep_len_mean     | 216      |
|    ep_rew_mean     | 273      |
| time/              |          |
|    episodes        | 1312     |
|    fps             | 223      |
|    time_elapsed    | 1515     |
|    total_timesteps | 338088   |
| train/             |          |
|    actor_loss      | -62.4    |
|    critic_loss     | 7.49     |
|    ent_coef        | 0.0704   |
|    ent_coef_loss   | 0.124    |
|    learning_rate   | 0.000236 |
|    n_updates       | 328080   |
---------------------------------
---------------------------------
| rollout/           |          |
|    ep_len_mean     | 216      |
|    ep_rew_mean     | 273      |
| time/              |          |
|    episodes        | 1316     |
|    fps             | 223      |
|    time_elapsed    | 1519     |
|    total_timesteps | 339080   |
| train/             |          |
|    actor_loss      | -61.6    |
|    critic_loss     | 9.09     |
|    ent_coef        | 0.0691   |
|    ent_coef_loss   | -0.507   |
|    learning_rate   | 0.000235 |
|    n_updates       | 329072   |
---------------------------------
Eval num_timesteps=340000, episode_reward=262.51 +/- 23.09
Episode length: 226.30 +/- 34.42
---------------------------------
| eval/              |          |
|    mean_ep_length  | 226      |
|    mean_reward     | 263      |
| time/              |          |
|    total_timesteps | 340000   |
| train/             |          |
|    actor_loss      | -62.9    |
|    critic_loss     | 10.5     |
|    ent_coef        | 0.0698   |
|    ent_coef_loss   | 0.113    |
|    learning_rate   | 0.000234 |
|    n_updates       | 329992   |
---------------------------------
---------------------------------
| rollout/           |          |
|    ep_len_mean     | 215      |
|    ep_rew_mean     | 272      |
| time/              |          |
|    episodes        | 1320     |
|    fps             | 223      |
|    time_elapsed    | 1524     |
|    total_timesteps | 340080   |
| train/             |          |
|    actor_loss      | -62.1    |
|    critic_loss     | 7.6      |
|    ent_coef        | 0.0698   |
|    ent_coef_loss   | 0.173    |
|    learning_rate   | 0.000233 |
|    n_updates       | 330072   |
---------------------------------
---------------------------------
| rollout/           |          |
|    ep_len_mean     | 216      |
|    ep_rew_mean     | 271      |
| time/              |          |
|    episodes        | 1324     |
|    fps             | 222      |
|    time_elapsed    | 1527     |
|    total_timesteps | 340736   |
| train/             |          |
|    actor_loss      | -63.1    |
|    critic_loss     | 8.49     |
|    ent_coef        | 0.0703   |
|    ent_coef_loss   | 0.0212   |
|    learning_rate   | 0.000233 |
|    n_updates       | 330728   |
---------------------------------
---------------------------------
| rollout/           |          |
|    ep_len_mean     | 217      |
|    ep_rew_mean     | 271      |
| time/              |          |
|    episodes        | 1328     |
|    fps             | 222      |
|    time_elapsed    | 1533     |
|    total_timesteps | 341960   |
| train/             |          |
|    actor_loss      | -62.5    |
|    critic_loss     | 11.3     |
|    ent_coef        | 0.0736   |
|    ent_coef_loss   | 0.222    |
|    learning_rate   | 0.000231 |
|    n_updates       | 331952   |
---------------------------------
---------------------------------
| rollout/           |          |
|    ep_len_mean     | 217      |
|    ep_rew_mean     | 269      |
| time/              |          |
|    episodes        | 1332     |
|    fps             | 222      |
|    time_elapsed    | 1538     |
|    total_timesteps | 343072   |
| train/             |          |
|    actor_loss      | -61.6    |
|    critic_loss     | 20       |
|    ent_coef        | 0.0715   |
|    ent_coef_loss   | -0.325   |
|    learning_rate   | 0.000229 |
|    n_updates       | 333064   |
---------------------------------
---------------------------------
| rollout/           |          |
|    ep_len_mean     | 217      |
|    ep_rew_mean     | 270      |
| time/              |          |
|    episodes        | 1336     |
|    fps             | 222      |
|    time_elapsed    | 1542     |
|    total_timesteps | 343896   |
| train/             |          |
|    actor_loss      | -62.5    |
|    critic_loss     | 6.27     |
|    ent_coef        | 0.0697   |
|    ent_coef_loss   | -0.25    |
|    learning_rate   | 0.000228 |
|    n_updates       | 333888   |
---------------------------------
---------------------------------
| rollout/           |          |
|    ep_len_mean     | 224      |
|    ep_rew_mean     | 270      |
| time/              |          |
|    episodes        | 1340     |
|    fps             | 222      |
|    time_elapsed    | 1545     |
|    total_timesteps | 344576   |
| train/             |          |
|    actor_loss      | -62.4    |
|    critic_loss     | 7.62     |
|    ent_coef        | 0.0713   |
|    ent_coef_loss   | -0.307   |
|    learning_rate   | 0.000227 |
|    n_updates       | 334568   |
---------------------------------
---------------------------------
| rollout/           |          |
|    ep_len_mean     | 224      |
|    ep_rew_mean     | 269      |
| time/              |          |
|    episodes        | 1344     |
|    fps             | 222      |
|    time_elapsed    | 1550     |
|    total_timesteps | 345520   |
| train/             |          |
|    actor_loss      | -62.6    |
|    critic_loss     | 14.1     |
|    ent_coef        | 0.0682   |
|    ent_coef_loss   | -0.15    |
|    learning_rate   | 0.000226 |
|    n_updates       | 335512   |
---------------------------------
---------------------------------
| rollout/           |          |
|    ep_len_mean     | 226      |
|    ep_rew_mean     | 270      |
| time/              |          |
|    episodes        | 1348     |
|    fps             | 222      |
|    time_elapsed    | 1555     |
|    total_timesteps | 346624   |
| train/             |          |
|    actor_loss      | -63.7    |
|    critic_loss     | 12.9     |
|    ent_coef        | 0.0708   |
|    ent_coef_loss   | -0.00208 |
|    learning_rate   | 0.000224 |
|    n_updates       | 336616   |
---------------------------------
---------------------------------
| rollout/           |          |
|    ep_len_mean     | 224      |
|    ep_rew_mean     | 269      |
| time/              |          |
|    episodes        | 1352     |
|    fps             | 222      |
|    time_elapsed    | 1559     |
|    total_timesteps | 347528   |
| train/             |          |
|    actor_loss      | -61.7    |
|    critic_loss     | 6.36     |
|    ent_coef        | 0.07     |
|    ent_coef_loss   | -0.192   |
|    learning_rate   | 0.000223 |
|    n_updates       | 337520   |
---------------------------------
---------------------------------
| rollout/           |          |
|    ep_len_mean     | 225      |
|    ep_rew_mean     | 270      |
| time/              |          |
|    episodes        | 1356     |
|    fps             | 222      |
|    time_elapsed    | 1562     |
|    total_timesteps | 348304   |
| train/             |          |
|    actor_loss      | -63.4    |
|    critic_loss     | 10.9     |
|    ent_coef        | 0.0713   |
|    ent_coef_loss   | 0.0488   |
|    learning_rate   | 0.000221 |
|    n_updates       | 338296   |
---------------------------------
---------------------------------
| rollout/           |          |
|    ep_len_mean     | 226      |
|    ep_rew_mean     | 269      |
| time/              |          |
|    episodes        | 1360     |
|    fps             | 222      |
|    time_elapsed    | 1567     |
|    total_timesteps | 349312   |
| train/             |          |
|    actor_loss      | -63.2    |
|    critic_loss     | 6.22     |
|    ent_coef        | 0.0726   |
|    ent_coef_loss   | -0.124   |
|    learning_rate   | 0.00022  |
|    n_updates       | 339304   |
---------------------------------
Eval num_timesteps=350000, episode_reward=255.44 +/- 34.37
Episode length: 240.00 +/- 39.89
---------------------------------
| eval/              |          |
|    mean_ep_length  | 240      |
|    mean_reward     | 255      |
| time/              |          |
|    total_timesteps | 350000   |
| train/             |          |
|    actor_loss      | -63.4    |
|    critic_loss     | 8.32     |
|    ent_coef        | 0.072    |
|    ent_coef_loss   | 0.205    |
|    learning_rate   | 0.000219 |
|    n_updates       | 339992   |
---------------------------------
---------------------------------
| rollout/           |          |
|    ep_len_mean     | 225      |
|    ep_rew_mean     | 268      |
| time/              |          |
|    episodes        | 1364     |
|    fps             | 222      |
|    time_elapsed    | 1572     |
|    total_timesteps | 350352   |
| train/             |          |
|    actor_loss      | -61.9    |
|    critic_loss     | 9.05     |
|    ent_coef        | 0.0725   |
|    ent_coef_loss   | -0.0205  |
|    learning_rate   | 0.000218 |
|    n_updates       | 340344   |
---------------------------------
---------------------------------
| rollout/           |          |
|    ep_len_mean     | 226      |
|    ep_rew_mean     | 267      |
| time/              |          |
|    episodes        | 1368     |
|    fps             | 222      |
|    time_elapsed    | 1576     |
|    total_timesteps | 351176   |
| train/             |          |
|    actor_loss      | -64      |
|    critic_loss     | 11.5     |
|    ent_coef        | 0.0721   |
|    ent_coef_loss   | -0.0131  |
|    learning_rate   | 0.000217 |
|    n_updates       | 341168   |
---------------------------------
---------------------------------
| rollout/           |          |
|    ep_len_mean     | 223      |
|    ep_rew_mean     | 267      |
| time/              |          |
|    episodes        | 1372     |
|    fps             | 222      |
|    time_elapsed    | 1580     |
|    total_timesteps | 351904   |
| train/             |          |
|    actor_loss      | -62.5    |
|    critic_loss     | 6.82     |
|    ent_coef        | 0.072    |
|    ent_coef_loss   | -0.184   |
|    learning_rate   | 0.000216 |
|    n_updates       | 341896   |
---------------------------------
---------------------------------
| rollout/           |          |
|    ep_len_mean     | 223      |
|    ep_rew_mean     | 272      |
| time/              |          |
|    episodes        | 1376     |
|    fps             | 222      |
|    time_elapsed    | 1583     |
|    total_timesteps | 352712   |
| train/             |          |
|    actor_loss      | -61.7    |
|    critic_loss     | 5.97     |
|    ent_coef        | 0.0727   |
|    ent_coef_loss   | 0.116    |
|    learning_rate   | 0.000215 |
|    n_updates       | 342704   |
---------------------------------
---------------------------------
| rollout/           |          |
|    ep_len_mean     | 223      |
|    ep_rew_mean     | 271      |
| time/              |          |
|    episodes        | 1380     |
|    fps             | 222      |
|    time_elapsed    | 1587     |
|    total_timesteps | 353560   |
| train/             |          |
|    actor_loss      | -63.2    |
|    critic_loss     | 6.73     |
|    ent_coef        | 0.0701   |
|    ent_coef_loss   | -0.21    |
|    learning_rate   | 0.000214 |
|    n_updates       | 343552   |
---------------------------------
---------------------------------
| rollout/           |          |
|    ep_len_mean     | 224      |
|    ep_rew_mean     | 272      |
| time/              |          |
|    episodes        | 1384     |
|    fps             | 222      |
|    time_elapsed    | 1593     |
|    total_timesteps | 354856   |
| train/             |          |
|    actor_loss      | -62.4    |
|    critic_loss     | 9.5      |
|    ent_coef        | 0.0693   |
|    ent_coef_loss   | -0.217   |
|    learning_rate   | 0.000212 |
|    n_updates       | 344848   |
---------------------------------
---------------------------------
| rollout/           |          |
|    ep_len_mean     | 224      |
|    ep_rew_mean     | 272      |
| time/              |          |
|    episodes        | 1388     |
|    fps             | 222      |
|    time_elapsed    | 1595     |
|    total_timesteps | 355184   |
| train/             |          |
|    actor_loss      | -63.5    |
|    critic_loss     | 8.7      |
|    ent_coef        | 0.0673   |
|    ent_coef_loss   | -0.324   |
|    learning_rate   | 0.000211 |
|    n_updates       | 345176   |
---------------------------------
---------------------------------
| rollout/           |          |
|    ep_len_mean     | 225      |
|    ep_rew_mean     | 273      |
| time/              |          |
|    episodes        | 1392     |
|    fps             | 222      |
|    time_elapsed    | 1602     |
|    total_timesteps | 356632   |
| train/             |          |
|    actor_loss      | -64      |
|    critic_loss     | 9.96     |
|    ent_coef        | 0.0687   |
|    ent_coef_loss   | -0.0348  |
|    learning_rate   | 0.000209 |
|    n_updates       | 346624   |
---------------------------------
---------------------------------
| rollout/           |          |
|    ep_len_mean     | 224      |
|    ep_rew_mean     | 272      |
| time/              |          |
|    episodes        | 1396     |
|    fps             | 222      |
|    time_elapsed    | 1605     |
|    total_timesteps | 357400   |
| train/             |          |
|    actor_loss      | -62.8    |
|    critic_loss     | 7.3      |
|    ent_coef        | 0.0684   |
|    ent_coef_loss   | 0.257    |
|    learning_rate   | 0.000208 |
|    n_updates       | 347392   |
---------------------------------
---------------------------------
| rollout/           |          |
|    ep_len_mean     | 226      |
|    ep_rew_mean     | 272      |
| time/              |          |
|    episodes        | 1400     |
|    fps             | 222      |
|    time_elapsed    | 1608     |
|    total_timesteps | 358064   |
| train/             |          |
|    actor_loss      | -64.3    |
|    critic_loss     | 10.4     |
|    ent_coef        | 0.0696   |
|    ent_coef_loss   | -0.0964  |
|    learning_rate   | 0.000207 |
|    n_updates       | 348056   |
---------------------------------
---------------------------------
| rollout/           |          |
|    ep_len_mean     | 226      |
|    ep_rew_mean     | 272      |
| time/              |          |
|    episodes        | 1404     |
|    fps             | 222      |
|    time_elapsed    | 1613     |
|    total_timesteps | 359080   |
| train/             |          |
|    actor_loss      | -63.6    |
|    critic_loss     | 10.6     |
|    ent_coef        | 0.0696   |
|    ent_coef_loss   | 0.141    |
|    learning_rate   | 0.000206 |
|    n_updates       | 349072   |
---------------------------------
Eval num_timesteps=360000, episode_reward=280.75 +/- 15.50
Episode length: 233.10 +/- 29.44
---------------------------------
| eval/              |          |
|    mean_ep_length  | 233      |
|    mean_reward     | 281      |
| time/              |          |
|    total_timesteps | 360000   |
| train/             |          |
|    actor_loss      | -63      |
|    critic_loss     | 8.69     |
|    ent_coef        | 0.0682   |
|    ent_coef_loss   | 0.0586   |
|    learning_rate   | 0.000204 |
|    n_updates       | 349992   |
---------------------------------
---------------------------------
| rollout/           |          |
|    ep_len_mean     | 225      |
|    ep_rew_mean     | 271      |
| time/              |          |
|    episodes        | 1408     |
|    fps             | 222      |
|    time_elapsed    | 1618     |
|    total_timesteps | 360032   |
| train/             |          |
|    actor_loss      | -63.4    |
|    critic_loss     | 7.79     |
|    ent_coef        | 0.0683   |
|    ent_coef_loss   | 0.151    |
|    learning_rate   | 0.000204 |
|    n_updates       | 350024   |
---------------------------------
---------------------------------
| rollout/           |          |
|    ep_len_mean     | 226      |
|    ep_rew_mean     | 270      |
| time/              |          |
|    episodes        | 1412     |
|    fps             | 222      |
|    time_elapsed    | 1623     |
|    total_timesteps | 361112   |
| train/             |          |
|    actor_loss      | -65.1    |
|    critic_loss     | 5.96     |
|    ent_coef        | 0.068    |
|    ent_coef_loss   | -0.0261  |
|    learning_rate   | 0.000203 |
|    n_updates       | 351104   |
---------------------------------
---------------------------------
| rollout/           |          |
|    ep_len_mean     | 226      |
|    ep_rew_mean     | 271      |
| time/              |          |
|    episodes        | 1416     |
|    fps             | 222      |
|    time_elapsed    | 1626     |
|    total_timesteps | 361712   |
| train/             |          |
|    actor_loss      | -64      |
|    critic_loss     | 7.89     |
|    ent_coef        | 0.069    |
|    ent_coef_loss   | 0.0221   |
|    learning_rate   | 0.000202 |
|    n_updates       | 351704   |
---------------------------------
---------------------------------
| rollout/           |          |
|    ep_len_mean     | 228      |
|    ep_rew_mean     | 269      |
| time/              |          |
|    episodes        | 1420     |
|    fps             | 222      |
|    time_elapsed    | 1630     |
|    total_timesteps | 362728   |
| train/             |          |
|    actor_loss      | -64.2    |
|    critic_loss     | 5.18     |
|    ent_coef        | 0.0691   |
|    ent_coef_loss   | -0.0205  |
|    learning_rate   | 0.0002   |
|    n_updates       | 352720   |
---------------------------------
---------------------------------
| rollout/           |          |
|    ep_len_mean     | 228      |
|    ep_rew_mean     | 269      |
| time/              |          |
|    episodes        | 1424     |
|    fps             | 222      |
|    time_elapsed    | 1635     |
|    total_timesteps | 363768   |
| train/             |          |
|    actor_loss      | -64.4    |
|    critic_loss     | 10.9     |
|    ent_coef        | 0.0691   |
|    ent_coef_loss   | -0.0176  |
|    learning_rate   | 0.000199 |
|    n_updates       | 353760   |
---------------------------------
---------------------------------
| rollout/           |          |
|    ep_len_mean     | 228      |
|    ep_rew_mean     | 270      |
| time/              |          |
|    episodes        | 1428     |
|    fps             | 222      |
|    time_elapsed    | 1641     |
|    total_timesteps | 365248   |
| train/             |          |
|    actor_loss      | -63.6    |
|    critic_loss     | 15.1     |
|    ent_coef        | 0.0702   |
|    ent_coef_loss   | -0.192   |
|    learning_rate   | 0.000197 |
|    n_updates       | 355240   |
---------------------------------
---------------------------------
| rollout/           |          |
|    ep_len_mean     | 233      |
|    ep_rew_mean     | 271      |
| time/              |          |
|    episodes        | 1432     |
|    fps             | 222      |
|    time_elapsed    | 1644     |
|    total_timesteps | 365936   |
| train/             |          |
|    actor_loss      | -62.1    |
|    critic_loss     | 14.3     |
|    ent_coef        | 0.0693   |
|    ent_coef_loss   | 0.115    |
|    learning_rate   | 0.000196 |
|    n_updates       | 355928   |
---------------------------------
---------------------------------
| rollout/           |          |
|    ep_len_mean     | 233      |
|    ep_rew_mean     | 270      |
| time/              |          |
|    episodes        | 1436     |
|    fps             | 222      |
|    time_elapsed    | 1650     |
|    total_timesteps | 367288   |
| train/             |          |
|    actor_loss      | -64      |
|    critic_loss     | 10       |
|    ent_coef        | 0.0693   |
|    ent_coef_loss   | -0.0359  |
|    learning_rate   | 0.000194 |
|    n_updates       | 357280   |
---------------------------------
---------------------------------
| rollout/           |          |
|    ep_len_mean     | 233      |
|    ep_rew_mean     | 271      |
| time/              |          |
|    episodes        | 1440     |
|    fps             | 222      |
|    time_elapsed    | 1653     |
|    total_timesteps | 368120   |
| train/             |          |
|    actor_loss      | -63.2    |
|    critic_loss     | 5.52     |
|    ent_coef        | 0.0697   |
|    ent_coef_loss   | -0.0365  |
|    learning_rate   | 0.000193 |
|    n_updates       | 358112   |
---------------------------------
---------------------------------
| rollout/           |          |
|    ep_len_mean     | 233      |
|    ep_rew_mean     | 270      |
| time/              |          |
|    episodes        | 1444     |
|    fps             | 222      |
|    time_elapsed    | 1656     |
|    total_timesteps | 368728   |
| train/             |          |
|    actor_loss      | -62.9    |
|    critic_loss     | 8.44     |
|    ent_coef        | 0.0678   |
|    ent_coef_loss   | 0.00628  |
|    learning_rate   | 0.000192 |
|    n_updates       | 358720   |
---------------------------------
---------------------------------
| rollout/           |          |
|    ep_len_mean     | 232      |
|    ep_rew_mean     | 270      |
| time/              |          |
|    episodes        | 1448     |
|    fps             | 222      |
|    time_elapsed    | 1662     |
|    total_timesteps | 369984   |
| train/             |          |
|    actor_loss      | -63.1    |
|    critic_loss     | 11       |
|    ent_coef        | 0.0681   |
|    ent_coef_loss   | 0.0397   |
|    learning_rate   | 0.00019  |
|    n_updates       | 359976   |
---------------------------------
Eval num_timesteps=370000, episode_reward=275.13 +/- 23.89
Episode length: 250.10 +/- 39.44
---------------------------------
| eval/              |          |
|    mean_ep_length  | 250      |
|    mean_reward     | 275      |
| time/              |          |
|    total_timesteps | 370000   |
| train/             |          |
|    actor_loss      | -62      |
|    critic_loss     | 7.01     |
|    ent_coef        | 0.068    |
|    ent_coef_loss   | 0.18     |
|    learning_rate   | 0.00019  |
|    n_updates       | 359992   |
---------------------------------
---------------------------------
| rollout/           |          |
|    ep_len_mean     | 232      |
|    ep_rew_mean     | 270      |
| time/              |          |
|    episodes        | 1452     |
|    fps             | 222      |
|    time_elapsed    | 1665     |
|    total_timesteps | 370464   |
| train/             |          |
|    actor_loss      | -63.3    |
|    critic_loss     | 15.1     |
|    ent_coef        | 0.0691   |
|    ent_coef_loss   | 0.0187   |
|    learning_rate   | 0.000189 |
|    n_updates       | 360456   |
---------------------------------
---------------------------------
| rollout/           |          |
|    ep_len_mean     | 233      |
|    ep_rew_mean     | 270      |
| time/              |          |
|    episodes        | 1456     |
|    fps             | 222      |
|    time_elapsed    | 1670     |
|    total_timesteps | 371560   |
| train/             |          |
|    actor_loss      | -64.4    |
|    critic_loss     | 4.49     |
|    ent_coef        | 0.0703   |
|    ent_coef_loss   | 0.0404   |
|    learning_rate   | 0.000188 |
|    n_updates       | 361552   |
---------------------------------
---------------------------------
| rollout/           |          |
|    ep_len_mean     | 233      |
|    ep_rew_mean     | 270      |
| time/              |          |
|    episodes        | 1460     |
|    fps             | 222      |
|    time_elapsed    | 1673     |
|    total_timesteps | 372200   |
| train/             |          |
|    actor_loss      | -63.8    |
|    critic_loss     | 17.3     |
|    ent_coef        | 0.0693   |
|    ent_coef_loss   | -0.0899  |
|    learning_rate   | 0.000187 |
|    n_updates       | 362192   |
---------------------------------
---------------------------------
| rollout/           |          |
|    ep_len_mean     | 233      |
|    ep_rew_mean     | 270      |
| time/              |          |
|    episodes        | 1464     |
|    fps             | 222      |
|    time_elapsed    | 1678     |
|    total_timesteps | 373256   |
| train/             |          |
|    actor_loss      | -63.4    |
|    critic_loss     | 15.7     |
|    ent_coef        | 0.0699   |
|    ent_coef_loss   | 0.0908   |
|    learning_rate   | 0.000185 |
|    n_updates       | 363248   |
---------------------------------
---------------------------------
| rollout/           |          |
|    ep_len_mean     | 231      |
|    ep_rew_mean     | 271      |
| time/              |          |
|    episodes        | 1468     |
|    fps             | 222      |
|    time_elapsed    | 1682     |
|    total_timesteps | 374408   |
| train/             |          |
|    actor_loss      | -63.6    |
|    critic_loss     | 7.59     |
|    ent_coef        | 0.069    |
|    ent_coef_loss   | 0.0648   |
|    learning_rate   | 0.000183 |
|    n_updates       | 364400   |
---------------------------------
---------------------------------
| rollout/           |          |
|    ep_len_mean     | 231      |
|    ep_rew_mean     | 272      |
| time/              |          |
|    episodes        | 1472     |
|    fps             | 222      |
|    time_elapsed    | 1686     |
|    total_timesteps | 375296   |
| train/             |          |
|    actor_loss      | -63.8    |
|    critic_loss     | 12.7     |
|    ent_coef        | 0.0681   |
|    ent_coef_loss   | -0.0764  |
|    learning_rate   | 0.000182 |
|    n_updates       | 365288   |
---------------------------------
---------------------------------
| rollout/           |          |
|    ep_len_mean     | 232      |
|    ep_rew_mean     | 271      |
| time/              |          |
|    episodes        | 1476     |
|    fps             | 222      |
|    time_elapsed    | 1691     |
|    total_timesteps | 376184   |
| train/             |          |
|    actor_loss      | -63.4    |
|    critic_loss     | 7.03     |
|    ent_coef        | 0.0684   |
|    ent_coef_loss   | 0.134    |
|    learning_rate   | 0.000181 |
|    n_updates       | 366176   |
---------------------------------
---------------------------------
| rollout/           |          |
|    ep_len_mean     | 233      |
|    ep_rew_mean     | 272      |
| time/              |          |
|    episodes        | 1480     |
|    fps             | 222      |
|    time_elapsed    | 1695     |
|    total_timesteps | 377112   |
| train/             |          |
|    actor_loss      | -64      |
|    critic_loss     | 9.17     |
|    ent_coef        | 0.0678   |
|    ent_coef_loss   | 0.0082   |
|    learning_rate   | 0.000179 |
|    n_updates       | 367104   |
---------------------------------
---------------------------------
| rollout/           |          |
|    ep_len_mean     | 235      |
|    ep_rew_mean     | 272      |
| time/              |          |
|    episodes        | 1484     |
|    fps             | 222      |
|    time_elapsed    | 1700     |
|    total_timesteps | 378208   |
| train/             |          |
|    actor_loss      | -63.8    |
|    critic_loss     | 5.29     |
|    ent_coef        | 0.0684   |
|    ent_coef_loss   | -0.14    |
|    learning_rate   | 0.000178 |
|    n_updates       | 368200   |
---------------------------------
---------------------------------
| rollout/           |          |
|    ep_len_mean     | 235      |
|    ep_rew_mean     | 272      |
| time/              |          |
|    episodes        | 1488     |
|    fps             | 222      |
|    time_elapsed    | 1703     |
|    total_timesteps | 378928   |
| train/             |          |
|    actor_loss      | -62.5    |
|    critic_loss     | 7.63     |
|    ent_coef        | 0.0701   |
|    ent_coef_loss   | 0.144    |
|    learning_rate   | 0.000177 |
|    n_updates       | 368920   |
---------------------------------
---------------------------------
| rollout/           |          |
|    ep_len_mean     | 236      |
|    ep_rew_mean     | 271      |
| time/              |          |
|    episodes        | 1492     |
|    fps             | 222      |
|    time_elapsed    | 1707     |
|    total_timesteps | 379808   |
| train/             |          |
|    actor_loss      | -65      |
|    critic_loss     | 5.17     |
|    ent_coef        | 0.0698   |
|    ent_coef_loss   | 0.0163   |
|    learning_rate   | 0.000175 |
|    n_updates       | 369800   |
---------------------------------
Eval num_timesteps=380000, episode_reward=276.65 +/- 21.58
Episode length: 233.90 +/- 25.68
---------------------------------
| eval/              |          |
|    mean_ep_length  | 234      |
|    mean_reward     | 277      |
| time/              |          |
|    total_timesteps | 380000   |
| train/             |          |
|    actor_loss      | -64      |
|    critic_loss     | 8.38     |
|    ent_coef        | 0.0698   |
|    ent_coef_loss   | 0.0734   |
|    learning_rate   | 0.000175 |
|    n_updates       | 369992   |
---------------------------------
---------------------------------
| rollout/           |          |
|    ep_len_mean     | 236      |
|    ep_rew_mean     | 271      |
| time/              |          |
|    episodes        | 1496     |
|    fps             | 222      |
|    time_elapsed    | 1713     |
|    total_timesteps | 380936   |
| train/             |          |
|    actor_loss      | -64.8    |
|    critic_loss     | 6.7      |
|    ent_coef        | 0.0698   |
|    ent_coef_loss   | -0.273   |
|    learning_rate   | 0.000174 |
|    n_updates       | 370928   |
---------------------------------
---------------------------------
| rollout/           |          |
|    ep_len_mean     | 234      |
|    ep_rew_mean     | 271      |
| time/              |          |
|    episodes        | 1500     |
|    fps             | 222      |
|    time_elapsed    | 1715     |
|    total_timesteps | 381528   |
| train/             |          |
|    actor_loss      | -64.8    |
|    critic_loss     | 20.4     |
|    ent_coef        | 0.0691   |
|    ent_coef_loss   | -0.27    |
|    learning_rate   | 0.000173 |
|    n_updates       | 371520   |
---------------------------------
---------------------------------
| rollout/           |          |
|    ep_len_mean     | 235      |
|    ep_rew_mean     | 271      |
| time/              |          |
|    episodes        | 1504     |
|    fps             | 222      |
|    time_elapsed    | 1719     |
|    total_timesteps | 382448   |
| train/             |          |
|    actor_loss      | -65.3    |
|    critic_loss     | 5.1      |
|    ent_coef        | 0.0689   |
|    ent_coef_loss   | 0.102    |
|    learning_rate   | 0.000172 |
|    n_updates       | 372440   |
---------------------------------
---------------------------------
| rollout/           |          |
|    ep_len_mean     | 235      |
|    ep_rew_mean     | 271      |
| time/              |          |
|    episodes        | 1508     |
|    fps             | 222      |
|    time_elapsed    | 1725     |
|    total_timesteps | 383688   |
| train/             |          |
|    actor_loss      | -64      |
|    critic_loss     | 6.86     |
|    ent_coef        | 0.0684   |
|    ent_coef_loss   | 0.0444   |
|    learning_rate   | 0.00017  |
|    n_updates       | 373680   |
---------------------------------
---------------------------------
| rollout/           |          |
|    ep_len_mean     | 236      |
|    ep_rew_mean     | 270      |
| time/              |          |
|    episodes        | 1512     |
|    fps             | 222      |
|    time_elapsed    | 1727     |
|    total_timesteps | 384200   |
| train/             |          |
|    actor_loss      | -64.9    |
|    critic_loss     | 11.5     |
|    ent_coef        | 0.0693   |
|    ent_coef_loss   | 0.335    |
|    learning_rate   | 0.000169 |
|    n_updates       | 374192   |
---------------------------------
---------------------------------
| rollout/           |          |
|    ep_len_mean     | 235      |
|    ep_rew_mean     | 270      |
| time/              |          |
|    episodes        | 1516     |
|    fps             | 222      |
|    time_elapsed    | 1733     |
|    total_timesteps | 385496   |
| train/             |          |
|    actor_loss      | -65.5    |
|    critic_loss     | 10       |
|    ent_coef        | 0.0698   |
|    ent_coef_loss   | -0.0893  |
|    learning_rate   | 0.000167 |
|    n_updates       | 375488   |
---------------------------------
---------------------------------
| rollout/           |          |
|    ep_len_mean     | 236      |
|    ep_rew_mean     | 271      |
| time/              |          |
|    episodes        | 1520     |
|    fps             | 222      |
|    time_elapsed    | 1737     |
|    total_timesteps | 386336   |
| train/             |          |
|    actor_loss      | -64.7    |
|    critic_loss     | 15.4     |
|    ent_coef        | 0.0692   |
|    ent_coef_loss   | 0.04     |
|    learning_rate   | 0.000166 |
|    n_updates       | 376328   |
---------------------------------
---------------------------------
| rollout/           |          |
|    ep_len_mean     | 238      |
|    ep_rew_mean     | 270      |
| time/              |          |
|    episodes        | 1524     |
|    fps             | 222      |
|    time_elapsed    | 1741     |
|    total_timesteps | 387272   |
| train/             |          |
|    actor_loss      | -64      |
|    critic_loss     | 6.33     |
|    ent_coef        | 0.068    |
|    ent_coef_loss   | -0.0291  |
|    learning_rate   | 0.000165 |
|    n_updates       | 377264   |
---------------------------------
---------------------------------
| rollout/           |          |
|    ep_len_mean     | 237      |
|    ep_rew_mean     | 270      |
| time/              |          |
|    episodes        | 1528     |
|    fps             | 222      |
|    time_elapsed    | 1744     |
|    total_timesteps | 387960   |
| train/             |          |
|    actor_loss      | -65.2    |
|    critic_loss     | 11.5     |
|    ent_coef        | 0.0688   |
|    ent_coef_loss   | -0.421   |
|    learning_rate   | 0.000164 |
|    n_updates       | 377952   |
---------------------------------
---------------------------------
| rollout/           |          |
|    ep_len_mean     | 232      |
|    ep_rew_mean     | 271      |
| time/              |          |
|    episodes        | 1532     |
|    fps             | 222      |
|    time_elapsed    | 1749     |
|    total_timesteps | 389000   |
| train/             |          |
|    actor_loss      | -65.8    |
|    critic_loss     | 6.45     |
|    ent_coef        | 0.0684   |
|    ent_coef_loss   | -0.113   |
|    learning_rate   | 0.000162 |
|    n_updates       | 378992   |
---------------------------------
---------------------------------
| rollout/           |          |
|    ep_len_mean     | 233      |
|    ep_rew_mean     | 271      |
| time/              |          |
|    episodes        | 1536     |
|    fps             | 222      |
|    time_elapsed    | 1753     |
|    total_timesteps | 389792   |
| train/             |          |
|    actor_loss      | -65.1    |
|    critic_loss     | 8.47     |
|    ent_coef        | 0.0675   |
|    ent_coef_loss   | -0.0354  |
|    learning_rate   | 0.000161 |
|    n_updates       | 379784   |
---------------------------------
Eval num_timesteps=390000, episode_reward=282.94 +/- 16.35
Episode length: 209.90 +/- 34.36
---------------------------------
| eval/              |          |
|    mean_ep_length  | 210      |
|    mean_reward     | 283      |
| time/              |          |
|    total_timesteps | 390000   |
| train/             |          |
|    actor_loss      | -64.6    |
|    critic_loss     | 6.62     |
|    ent_coef        | 0.0675   |
|    ent_coef_loss   | 0.181    |
|    learning_rate   | 0.000161 |
|    n_updates       | 379992   |
---------------------------------
---------------------------------
| rollout/           |          |
|    ep_len_mean     | 226      |
|    ep_rew_mean     | 270      |
| time/              |          |
|    episodes        | 1540     |
|    fps             | 222      |
|    time_elapsed    | 1759     |
|    total_timesteps | 391064   |
| train/             |          |
|    actor_loss      | -66      |
|    critic_loss     | 12.5     |
|    ent_coef        | 0.0677   |
|    ent_coef_loss   | -0.00833 |
|    learning_rate   | 0.000159 |
|    n_updates       | 381056   |
---------------------------------
---------------------------------
| rollout/           |          |
|    ep_len_mean     | 227      |
|    ep_rew_mean     | 271      |
| time/              |          |
|    episodes        | 1544     |
|    fps             | 222      |
|    time_elapsed    | 1761     |
|    total_timesteps | 391360   |
| train/             |          |
|    actor_loss      | -65.3    |
|    critic_loss     | 6.4      |
|    ent_coef        | 0.0672   |
|    ent_coef_loss   | -0.0935  |
|    learning_rate   | 0.000159 |
|    n_updates       | 381352   |
---------------------------------
---------------------------------
| rollout/           |          |
|    ep_len_mean     | 226      |
|    ep_rew_mean     | 271      |
| time/              |          |
|    episodes        | 1548     |
|    fps             | 222      |
|    time_elapsed    | 1766     |
|    total_timesteps | 392584   |
| train/             |          |
|    actor_loss      | -65.6    |
|    critic_loss     | 8.64     |
|    ent_coef        | 0.0665   |
|    ent_coef_loss   | -0.0622  |
|    learning_rate   | 0.000157 |
|    n_updates       | 382576   |
---------------------------------
---------------------------------
| rollout/           |          |
|    ep_len_mean     | 225      |
|    ep_rew_mean     | 271      |
| time/              |          |
|    episodes        | 1552     |
|    fps             | 222      |
|    time_elapsed    | 1768     |
|    total_timesteps | 392952   |
| train/             |          |
|    actor_loss      | -64.9    |
|    critic_loss     | 5.98     |
|    ent_coef        | 0.0666   |
|    ent_coef_loss   | 0.0434   |
|    learning_rate   | 0.000156 |
|    n_updates       | 382944   |
---------------------------------
---------------------------------
| rollout/           |          |
|    ep_len_mean     | 224      |
|    ep_rew_mean     | 271      |
| time/              |          |
|    episodes        | 1556     |
|    fps             | 222      |
|    time_elapsed    | 1773     |
|    total_timesteps | 394096   |
| train/             |          |
|    actor_loss      | -65.5    |
|    critic_loss     | 5.7      |
|    ent_coef        | 0.067    |
|    ent_coef_loss   | 0.0923   |
|    learning_rate   | 0.000155 |
|    n_updates       | 384088   |
---------------------------------
---------------------------------
| rollout/           |          |
|    ep_len_mean     | 223      |
|    ep_rew_mean     | 271      |
| time/              |          |
|    episodes        | 1560     |
|    fps             | 222      |
|    time_elapsed    | 1777     |
|    total_timesteps | 394816   |
| train/             |          |
|    actor_loss      | -64.8    |
|    critic_loss     | 15       |
|    ent_coef        | 0.0659   |
|    ent_coef_loss   | 0.122    |
|    learning_rate   | 0.000154 |
|    n_updates       | 384808   |
---------------------------------
---------------------------------
| rollout/           |          |
|    ep_len_mean     | 223      |
|    ep_rew_mean     | 271      |
| time/              |          |
|    episodes        | 1564     |
|    fps             | 222      |
|    time_elapsed    | 1781     |
|    total_timesteps | 395696   |
| train/             |          |
|    actor_loss      | -65.3    |
|    critic_loss     | 8.42     |
|    ent_coef        | 0.0667   |
|    ent_coef_loss   | -0.0827  |
|    learning_rate   | 0.000152 |
|    n_updates       | 385688   |
---------------------------------
---------------------------------
| rollout/           |          |
|    ep_len_mean     | 223      |
|    ep_rew_mean     | 271      |
| time/              |          |
|    episodes        | 1568     |
|    fps             | 222      |
|    time_elapsed    | 1784     |
|    total_timesteps | 396448   |
| train/             |          |
|    actor_loss      | -65.1    |
|    critic_loss     | 6.45     |
|    ent_coef        | 0.066    |
|    ent_coef_loss   | -0.403   |
|    learning_rate   | 0.000151 |
|    n_updates       | 386440   |
---------------------------------
---------------------------------
| rollout/           |          |
|    ep_len_mean     | 222      |
|    ep_rew_mean     | 271      |
| time/              |          |
|    episodes        | 1572     |
|    fps             | 222      |
|    time_elapsed    | 1788     |
|    total_timesteps | 397240   |
| train/             |          |
|    actor_loss      | -66.3    |
|    critic_loss     | 7.38     |
|    ent_coef        | 0.0664   |
|    ent_coef_loss   | -0.107   |
|    learning_rate   | 0.00015  |
|    n_updates       | 387232   |
---------------------------------
---------------------------------
| rollout/           |          |
|    ep_len_mean     | 220      |
|    ep_rew_mean     | 271      |
| time/              |          |
|    episodes        | 1576     |
|    fps             | 222      |
|    time_elapsed    | 1792     |
|    total_timesteps | 398128   |
| train/             |          |
|    actor_loss      | -66.6    |
|    critic_loss     | 11.6     |
|    ent_coef        | 0.0671   |
|    ent_coef_loss   | -0.0119  |
|    learning_rate   | 0.000149 |
|    n_updates       | 388120   |
---------------------------------
---------------------------------
| rollout/           |          |
|    ep_len_mean     | 219      |
|    ep_rew_mean     | 271      |
| time/              |          |
|    episodes        | 1580     |
|    fps             | 222      |
|    time_elapsed    | 1796     |
|    total_timesteps | 398976   |
| train/             |          |
|    actor_loss      | -64.8    |
|    critic_loss     | 8.01     |
|    ent_coef        | 0.0659   |
|    ent_coef_loss   | 0.00114  |
|    learning_rate   | 0.000148 |
|    n_updates       | 388968   |
---------------------------------
Eval num_timesteps=400000, episode_reward=277.49 +/- 17.58
Episode length: 210.60 +/- 22.27
---------------------------------
| eval/              |          |
|    mean_ep_length  | 211      |
|    mean_reward     | 277      |
| time/              |          |
|    total_timesteps | 400000   |
| train/             |          |
|    actor_loss      | -65.7    |
|    critic_loss     | 9.55     |
|    ent_coef        | 0.0659   |
|    ent_coef_loss   | 0.218    |
|    learning_rate   | 0.000146 |
|    n_updates       | 389992   |
---------------------------------
---------------------------------
| rollout/           |          |
|    ep_len_mean     | 216      |
|    ep_rew_mean     | 271      |
| time/              |          |
|    episodes        | 1584     |
|    fps             | 221      |
|    time_elapsed    | 1802     |
|    total_timesteps | 400072   |
| train/             |          |
|    actor_loss      | -66.4    |
|    critic_loss     | 6.62     |
|    ent_coef        | 0.0661   |
|    ent_coef_loss   | 0.00214  |
|    learning_rate   | 0.000146 |
|    n_updates       | 390064   |
---------------------------------
---------------------------------
| rollout/           |          |
|    ep_len_mean     | 216      |
|    ep_rew_mean     | 271      |
| time/              |          |
|    episodes        | 1588     |
|    fps             | 221      |
|    time_elapsed    | 1805     |
|    total_timesteps | 400672   |
| train/             |          |
|    actor_loss      | -66.7    |
|    critic_loss     | 6.6      |
|    ent_coef        | 0.0666   |
|    ent_coef_loss   | -0.0419  |
|    learning_rate   | 0.000145 |
|    n_updates       | 390664   |
---------------------------------
---------------------------------
| rollout/           |          |
|    ep_len_mean     | 217      |
|    ep_rew_mean     | 267      |
| time/              |          |
|    episodes        | 1592     |
|    fps             | 221      |
|    time_elapsed    | 1811     |
|    total_timesteps | 402048   |
| train/             |          |
|    actor_loss      | -66.3    |
|    critic_loss     | 5.83     |
|    ent_coef        | 0.0663   |
|    ent_coef_loss   | 0.0615   |
|    learning_rate   | 0.000143 |
|    n_updates       | 392040   |
---------------------------------
---------------------------------
| rollout/           |          |
|    ep_len_mean     | 220      |
|    ep_rew_mean     | 268      |
| time/              |          |
|    episodes        | 1596     |
|    fps             | 221      |
|    time_elapsed    | 1813     |
|    total_timesteps | 402576   |
| train/             |          |
|    actor_loss      | -65.7    |
|    critic_loss     | 6.83     |
|    ent_coef        | 0.0663   |
|    ent_coef_loss   | 0.0702   |
|    learning_rate   | 0.000142 |
|    n_updates       | 392568   |
---------------------------------
---------------------------------
| rollout/           |          |
|    ep_len_mean     | 219      |
|    ep_rew_mean     | 269      |
| time/              |          |
|    episodes        | 1600     |
|    fps             | 221      |
|    time_elapsed    | 1819     |
|    total_timesteps | 403824   |
| train/             |          |
|    actor_loss      | -65.5    |
|    critic_loss     | 8.22     |
|    ent_coef        | 0.0655   |
|    ent_coef_loss   | 0.101    |
|    learning_rate   | 0.00014  |
|    n_updates       | 393816   |
---------------------------------
---------------------------------
| rollout/           |          |
|    ep_len_mean     | 220      |
|    ep_rew_mean     | 269      |
| time/              |          |
|    episodes        | 1604     |
|    fps             | 221      |
|    time_elapsed    | 1823     |
|    total_timesteps | 404728   |
| train/             |          |
|    actor_loss      | -66.8    |
|    critic_loss     | 8.13     |
|    ent_coef        | 0.0659   |
|    ent_coef_loss   | -0.16    |
|    learning_rate   | 0.000139 |
|    n_updates       | 394720   |
---------------------------------
---------------------------------
| rollout/           |          |
|    ep_len_mean     | 224      |
|    ep_rew_mean     | 268      |
| time/              |          |
|    episodes        | 1608     |
|    fps             | 221      |
|    time_elapsed    | 1828     |
|    total_timesteps | 405664   |
| train/             |          |
|    actor_loss      | -66.2    |
|    critic_loss     | 9.02     |
|    ent_coef        | 0.0662   |
|    ent_coef_loss   | -0.095   |
|    learning_rate   | 0.000138 |
|    n_updates       | 395656   |
---------------------------------
---------------------------------
| rollout/           |          |
|    ep_len_mean     | 222      |
|    ep_rew_mean     | 269      |
| time/              |          |
|    episodes        | 1612     |
|    fps             | 221      |
|    time_elapsed    | 1830     |
|    total_timesteps | 406264   |
| train/             |          |
|    actor_loss      | -65.3    |
|    critic_loss     | 11.4     |
|    ent_coef        | 0.0651   |
|    ent_coef_loss   | -0.0265  |
|    learning_rate   | 0.000137 |
|    n_updates       | 396256   |
---------------------------------
---------------------------------
| rollout/           |          |
|    ep_len_mean     | 221      |
|    ep_rew_mean     | 270      |
| time/              |          |
|    episodes        | 1616     |
|    fps             | 221      |
|    time_elapsed    | 1836     |
|    total_timesteps | 407424   |
| train/             |          |
|    actor_loss      | -66.3    |
|    critic_loss     | 7.3      |
|    ent_coef        | 0.0643   |
|    ent_coef_loss   | -0.0997  |
|    learning_rate   | 0.000135 |
|    n_updates       | 397416   |
---------------------------------
---------------------------------
| rollout/           |          |
|    ep_len_mean     | 221      |
|    ep_rew_mean     | 270      |
| time/              |          |
|    episodes        | 1620     |
|    fps             | 221      |
|    time_elapsed    | 1839     |
|    total_timesteps | 408200   |
| train/             |          |
|    actor_loss      | -67      |
|    critic_loss     | 4.43     |
|    ent_coef        | 0.0645   |
|    ent_coef_loss   | 0.109    |
|    learning_rate   | 0.000134 |
|    n_updates       | 398192   |
---------------------------------
---------------------------------
| rollout/           |          |
|    ep_len_mean     | 219      |
|    ep_rew_mean     | 272      |
| time/              |          |
|    episodes        | 1624     |
|    fps             | 221      |
|    time_elapsed    | 1843     |
|    total_timesteps | 409048   |
| train/             |          |
|    actor_loss      | -66.4    |
|    critic_loss     | 6.3      |
|    ent_coef        | 0.0646   |
|    ent_coef_loss   | 0.143    |
|    learning_rate   | 0.000133 |
|    n_updates       | 399040   |
---------------------------------
---------------------------------
| rollout/           |          |
|    ep_len_mean     | 218      |
|    ep_rew_mean     | 272      |
| time/              |          |
|    episodes        | 1628     |
|    fps             | 221      |
|    time_elapsed    | 1847     |
|    total_timesteps | 409960   |
| train/             |          |
|    actor_loss      | -65.4    |
|    critic_loss     | 9.37     |
|    ent_coef        | 0.0659   |
|    ent_coef_loss   | 0.17     |
|    learning_rate   | 0.000131 |
|    n_updates       | 399952   |
---------------------------------
Eval num_timesteps=410000, episode_reward=279.14 +/- 18.67
Episode length: 200.70 +/- 17.96
---------------------------------
| eval/              |          |
|    mean_ep_length  | 201      |
|    mean_reward     | 279      |
| time/              |          |
|    total_timesteps | 410000   |
| train/             |          |
|    actor_loss      | -65.8    |
|    critic_loss     | 7.98     |
|    ent_coef        | 0.066    |
|    ent_coef_loss   | 0.29     |
|    learning_rate   | 0.000131 |
|    n_updates       | 399992   |
---------------------------------
---------------------------------
| rollout/           |          |
|    ep_len_mean     | 218      |
|    ep_rew_mean     | 272      |
| time/              |          |
|    episodes        | 1632     |
|    fps             | 221      |
|    time_elapsed    | 1852     |
|    total_timesteps | 410808   |
| train/             |          |
|    actor_loss      | -66.3    |
|    critic_loss     | 17.6     |
|    ent_coef        | 0.065    |
|    ent_coef_loss   | -0.251   |
|    learning_rate   | 0.00013  |
|    n_updates       | 400800   |
---------------------------------
---------------------------------
| rollout/           |          |
|    ep_len_mean     | 218      |
|    ep_rew_mean     | 272      |
| time/              |          |
|    episodes        | 1636     |
|    fps             | 221      |
|    time_elapsed    | 1856     |
|    total_timesteps | 411672   |
| train/             |          |
|    actor_loss      | -68.1    |
|    critic_loss     | 9.95     |
|    ent_coef        | 0.0643   |
|    ent_coef_loss   | -0.186   |
|    learning_rate   | 0.000129 |
|    n_updates       | 401664   |
---------------------------------
---------------------------------
| rollout/           |          |
|    ep_len_mean     | 218      |
|    ep_rew_mean     | 273      |
| time/              |          |
|    episodes        | 1640     |
|    fps             | 221      |
|    time_elapsed    | 1860     |
|    total_timesteps | 412648   |
| train/             |          |
|    actor_loss      | -67.1    |
|    critic_loss     | 7.59     |
|    ent_coef        | 0.065    |
|    ent_coef_loss   | 0.0169   |
|    learning_rate   | 0.000128 |
|    n_updates       | 402640   |
---------------------------------
---------------------------------
| rollout/           |          |
|    ep_len_mean     | 217      |
|    ep_rew_mean     | 273      |
| time/              |          |
|    episodes        | 1644     |
|    fps             | 221      |
|    time_elapsed    | 1863     |
|    total_timesteps | 413168   |
| train/             |          |
|    actor_loss      | -66.1    |
|    critic_loss     | 8.49     |
|    ent_coef        | 0.0645   |
|    ent_coef_loss   | 0.179    |
|    learning_rate   | 0.000127 |
|    n_updates       | 403160   |
---------------------------------
---------------------------------
| rollout/           |          |
|    ep_len_mean     | 218      |
|    ep_rew_mean     | 273      |
| time/              |          |
|    episodes        | 1648     |
|    fps             | 221      |
|    time_elapsed    | 1868     |
|    total_timesteps | 414216   |
| train/             |          |
|    actor_loss      | -66.5    |
|    critic_loss     | 6.56     |
|    ent_coef        | 0.064    |
|    ent_coef_loss   | 0.083    |
|    learning_rate   | 0.000125 |
|    n_updates       | 404208   |
---------------------------------
---------------------------------
| rollout/           |          |
|    ep_len_mean     | 219      |
|    ep_rew_mean     | 273      |
| time/              |          |
|    episodes        | 1652     |
|    fps             | 221      |
|    time_elapsed    | 1870     |
|    total_timesteps | 414736   |
| train/             |          |
|    actor_loss      | -66.6    |
|    critic_loss     | 5.53     |
|    ent_coef        | 0.065    |
|    ent_coef_loss   | -0.0255  |
|    learning_rate   | 0.000124 |
|    n_updates       | 404728   |
---------------------------------
---------------------------------
| rollout/           |          |
|    ep_len_mean     | 218      |
|    ep_rew_mean     | 272      |
| time/              |          |
|    episodes        | 1656     |
|    fps             | 221      |
|    time_elapsed    | 1875     |
|    total_timesteps | 415776   |
| train/             |          |
|    actor_loss      | -66.9    |
|    critic_loss     | 8.52     |
|    ent_coef        | 0.0657   |
|    ent_coef_loss   | 0.0674   |
|    learning_rate   | 0.000123 |
|    n_updates       | 405768   |
---------------------------------
---------------------------------
| rollout/           |          |
|    ep_len_mean     | 217      |
|    ep_rew_mean     | 272      |
| time/              |          |
|    episodes        | 1660     |
|    fps             | 221      |
|    time_elapsed    | 1877     |
|    total_timesteps | 416176   |
| train/             |          |
|    actor_loss      | -66.2    |
|    critic_loss     | 5.99     |
|    ent_coef        | 0.066    |
|    ent_coef_loss   | 0.15     |
|    learning_rate   | 0.000122 |
|    n_updates       | 406168   |
---------------------------------
---------------------------------
| rollout/           |          |
|    ep_len_mean     | 216      |
|    ep_rew_mean     | 273      |
| time/              |          |
|    episodes        | 1664     |
|    fps             | 221      |
|    time_elapsed    | 1882     |
|    total_timesteps | 417456   |
| train/             |          |
|    actor_loss      | -66.3    |
|    critic_loss     | 10.7     |
|    ent_coef        | 0.0651   |
|    ent_coef_loss   | -0.0334  |
|    learning_rate   | 0.000121 |
|    n_updates       | 407448   |
---------------------------------
---------------------------------
| rollout/           |          |
|    ep_len_mean     | 217      |
|    ep_rew_mean     | 273      |
| time/              |          |
|    episodes        | 1668     |
|    fps             | 221      |
|    time_elapsed    | 1884     |
|    total_timesteps | 417760   |
| train/             |          |
|    actor_loss      | -66.8    |
|    critic_loss     | 14.6     |
|    ent_coef        | 0.065    |
|    ent_coef_loss   | -0.0416  |
|    learning_rate   | 0.00012  |
|    n_updates       | 407752   |
---------------------------------
---------------------------------
| rollout/           |          |
|    ep_len_mean     | 216      |
|    ep_rew_mean     | 273      |
| time/              |          |
|    episodes        | 1672     |
|    fps             | 221      |
|    time_elapsed    | 1889     |
|    total_timesteps | 419016   |
| train/             |          |
|    actor_loss      | -66.8    |
|    critic_loss     | 8.96     |
|    ent_coef        | 0.064    |
|    ent_coef_loss   | -0.112   |
|    learning_rate   | 0.000118 |
|    n_updates       | 409008   |
---------------------------------
---------------------------------
| rollout/           |          |
|    ep_len_mean     | 216      |
|    ep_rew_mean     | 273      |
| time/              |          |
|    episodes        | 1676     |
|    fps             | 221      |
|    time_elapsed    | 1891     |
|    total_timesteps | 419392   |
| train/             |          |
|    actor_loss      | -66.8    |
|    critic_loss     | 7.44     |
|    ent_coef        | 0.0638   |
|    ent_coef_loss   | 0.168    |
|    learning_rate   | 0.000118 |
|    n_updates       | 409384   |
---------------------------------
Eval num_timesteps=420000, episode_reward=238.64 +/- 87.92
Episode length: 203.70 +/- 19.57
---------------------------------
| eval/              |          |
|    mean_ep_length  | 204      |
|    mean_reward     | 239      |
| time/              |          |
|    total_timesteps | 420000   |
| train/             |          |
|    actor_loss      | -67.2    |
|    critic_loss     | 8.14     |
|    ent_coef        | 0.064    |
|    ent_coef_loss   | 0.137    |
|    learning_rate   | 0.000117 |
|    n_updates       | 409992   |
---------------------------------
---------------------------------
| rollout/           |          |
|    ep_len_mean     | 216      |
|    ep_rew_mean     | 273      |
| time/              |          |
|    episodes        | 1680     |
|    fps             | 221      |
|    time_elapsed    | 1896     |
|    total_timesteps | 420440   |
| train/             |          |
|    actor_loss      | -67      |
|    critic_loss     | 5.84     |
|    ent_coef        | 0.0639   |
|    ent_coef_loss   | 0.145    |
|    learning_rate   | 0.000116 |
|    n_updates       | 410432   |
---------------------------------
---------------------------------
| rollout/           |          |
|    ep_len_mean     | 215      |
|    ep_rew_mean     | 273      |
| time/              |          |
|    episodes        | 1684     |
|    fps             | 221      |
|    time_elapsed    | 1898     |
|    total_timesteps | 420960   |
| train/             |          |
|    actor_loss      | -66      |
|    critic_loss     | 10.9     |
|    ent_coef        | 0.0646   |
|    ent_coef_loss   | 0.207    |
|    learning_rate   | 0.000115 |
|    n_updates       | 410952   |
---------------------------------
---------------------------------
| rollout/           |          |
|    ep_len_mean     | 215      |
|    ep_rew_mean     | 274      |
| time/              |          |
|    episodes        | 1688     |
|    fps             | 221      |
|    time_elapsed    | 1903     |
|    total_timesteps | 422088   |
| train/             |          |
|    actor_loss      | -67.1    |
|    critic_loss     | 6.83     |
|    ent_coef        | 0.0648   |
|    ent_coef_loss   | -0.0203  |
|    learning_rate   | 0.000114 |
|    n_updates       | 412080   |
---------------------------------
---------------------------------
| rollout/           |          |
|    ep_len_mean     | 212      |
|    ep_rew_mean     | 279      |
| time/              |          |
|    episodes        | 1692     |
|    fps             | 221      |
|    time_elapsed    | 1905     |
|    total_timesteps | 422488   |
| train/             |          |
|    actor_loss      | -67.3    |
|    critic_loss     | 10       |
|    ent_coef        | 0.0649   |
|    ent_coef_loss   | 0.211    |
|    learning_rate   | 0.000113 |
|    n_updates       | 412480   |
---------------------------------
---------------------------------
| rollout/           |          |
|    ep_len_mean     | 210      |
|    ep_rew_mean     | 279      |
| time/              |          |
|    episodes        | 1696     |
|    fps             | 221      |
|    time_elapsed    | 1910     |
|    total_timesteps | 423632   |
| train/             |          |
|    actor_loss      | -69.3    |
|    critic_loss     | 5.92     |
|    ent_coef        | 0.0654   |
|    ent_coef_loss   | -0.177   |
|    learning_rate   | 0.000112 |
|    n_updates       | 413624   |
---------------------------------
---------------------------------
| rollout/           |          |
|    ep_len_mean     | 210      |
|    ep_rew_mean     | 279      |
| time/              |          |
|    episodes        | 1700     |
|    fps             | 221      |
|    time_elapsed    | 1913     |
|    total_timesteps | 424264   |
| train/             |          |
|    actor_loss      | -67.6    |
|    critic_loss     | 6.4      |
|    ent_coef        | 0.0652   |
|    ent_coef_loss   | -0.0109  |
|    learning_rate   | 0.000111 |
|    n_updates       | 414256   |
---------------------------------
---------------------------------
| rollout/           |          |
|    ep_len_mean     | 208      |
|    ep_rew_mean     | 279      |
| time/              |          |
|    episodes        | 1704     |
|    fps             | 221      |
|    time_elapsed    | 1917     |
|    total_timesteps | 425216   |
| train/             |          |
|    actor_loss      | -67.9    |
|    critic_loss     | 9.14     |
|    ent_coef        | 0.0647   |
|    ent_coef_loss   | -0.00588 |
|    learning_rate   | 0.000109 |
|    n_updates       | 415208   |
---------------------------------
---------------------------------
| rollout/           |          |
|    ep_len_mean     | 204      |
|    ep_rew_mean     | 280      |
| time/              |          |
|    episodes        | 1708     |
|    fps             | 221      |
|    time_elapsed    | 1921     |
|    total_timesteps | 426200   |
| train/             |          |
|    actor_loss      | -68.2    |
|    critic_loss     | 8.76     |
|    ent_coef        | 0.0643   |
|    ent_coef_loss   | -0.118   |
|    learning_rate   | 0.000108 |
|    n_updates       | 416192   |
---------------------------------
---------------------------------
| rollout/           |          |
|    ep_len_mean     | 203      |
|    ep_rew_mean     | 280      |
| time/              |          |
|    episodes        | 1712     |
|    fps             | 221      |
|    time_elapsed    | 1924     |
|    total_timesteps | 426872   |
| train/             |          |
|    actor_loss      | -68      |
|    critic_loss     | 9.77     |
|    ent_coef        | 0.0647   |
|    ent_coef_loss   | -0.311   |
|    learning_rate   | 0.000107 |
|    n_updates       | 416864   |
---------------------------------
---------------------------------
| rollout/           |          |
|    ep_len_mean     | 204      |
|    ep_rew_mean     | 279      |
| time/              |          |
|    episodes        | 1716     |
|    fps             | 221      |
|    time_elapsed    | 1927     |
|    total_timesteps | 427592   |
| train/             |          |
|    actor_loss      | -67      |
|    critic_loss     | 8.78     |
|    ent_coef        | 0.0642   |
|    ent_coef_loss   | 0.229    |
|    learning_rate   | 0.000106 |
|    n_updates       | 417584   |
---------------------------------
---------------------------------
| rollout/           |          |
|    ep_len_mean     | 201      |
|    ep_rew_mean     | 280      |
| time/              |          |
|    episodes        | 1720     |
|    fps             | 221      |
|    time_elapsed    | 1930     |
|    total_timesteps | 428200   |
| train/             |          |
|    actor_loss      | -66.6    |
|    critic_loss     | 11.1     |
|    ent_coef        | 0.0637   |
|    ent_coef_loss   | -0.188   |
|    learning_rate   | 0.000105 |
|    n_updates       | 418192   |
---------------------------------
---------------------------------
| rollout/           |          |
|    ep_len_mean     | 200      |
|    ep_rew_mean     | 279      |
| time/              |          |
|    episodes        | 1724     |
|    fps             | 221      |
|    time_elapsed    | 1934     |
|    total_timesteps | 429224   |
| train/             |          |
|    actor_loss      | -68      |
|    critic_loss     | 4.98     |
|    ent_coef        | 0.0647   |
|    ent_coef_loss   | 0.0174   |
|    learning_rate   | 0.000103 |
|    n_updates       | 419216   |
---------------------------------
Eval num_timesteps=430000, episode_reward=280.73 +/- 18.74
Episode length: 226.50 +/- 66.55
---------------------------------
| eval/              |          |
|    mean_ep_length  | 226      |
|    mean_reward     | 281      |
| time/              |          |
|    total_timesteps | 430000   |
| train/             |          |
|    actor_loss      | -67.5    |
|    critic_loss     | 5.49     |
|    ent_coef        | 0.0654   |
|    ent_coef_loss   | -0.14    |
|    learning_rate   | 0.000102 |
|    n_updates       | 419992   |
---------------------------------
---------------------------------
| rollout/           |          |
|    ep_len_mean     | 201      |
|    ep_rew_mean     | 278      |
| time/              |          |
|    episodes        | 1728     |
|    fps             | 221      |
|    time_elapsed    | 1939     |
|    total_timesteps | 430192   |
| train/             |          |
|    actor_loss      | -68.5    |
|    critic_loss     | 9.07     |
|    ent_coef        | 0.0655   |
|    ent_coef_loss   | -0.0361  |
|    learning_rate   | 0.000102 |
|    n_updates       | 420184   |
---------------------------------
---------------------------------
| rollout/           |          |
|    ep_len_mean     | 203      |
|    ep_rew_mean     | 278      |
| time/              |          |
|    episodes        | 1732     |
|    fps             | 221      |
|    time_elapsed    | 1942     |
|    total_timesteps | 430896   |
| train/             |          |
|    actor_loss      | -67.5    |
|    critic_loss     | 5.75     |
|    ent_coef        | 0.0653   |
|    ent_coef_loss   | 0.0407   |
|    learning_rate   | 0.000101 |
|    n_updates       | 420888   |
---------------------------------
---------------------------------
| rollout/           |          |
|    ep_len_mean     | 201      |
|    ep_rew_mean     | 278      |
| time/              |          |
|    episodes        | 1736     |
|    fps             | 221      |
|    time_elapsed    | 1945     |
|    total_timesteps | 431616   |
| train/             |          |
|    actor_loss      | -67.9    |
|    critic_loss     | 12.1     |
|    ent_coef        | 0.0655   |
|    ent_coef_loss   | 0.119    |
|    learning_rate   | 9.99e-05 |
|    n_updates       | 421608   |
---------------------------------
---------------------------------
| rollout/           |          |
|    ep_len_mean     | 202      |
|    ep_rew_mean     | 278      |
| time/              |          |
|    episodes        | 1740     |
|    fps             | 221      |
|    time_elapsed    | 1950     |
|    total_timesteps | 432640   |
| train/             |          |
|    actor_loss      | -69      |
|    critic_loss     | 11.2     |
|    ent_coef        | 0.0652   |
|    ent_coef_loss   | -0.413   |
|    learning_rate   | 9.84e-05 |
|    n_updates       | 422632   |
---------------------------------
---------------------------------
| rollout/           |          |
|    ep_len_mean     | 202      |
|    ep_rew_mean     | 278      |
| time/              |          |
|    episodes        | 1744     |
|    fps             | 221      |
|    time_elapsed    | 1952     |
|    total_timesteps | 433096   |
| train/             |          |
|    actor_loss      | -68.6    |
|    critic_loss     | 7.38     |
|    ent_coef        | 0.065    |
|    ent_coef_loss   | -0.022   |
|    learning_rate   | 9.77e-05 |
|    n_updates       | 423088   |
---------------------------------
---------------------------------
| rollout/           |          |
|    ep_len_mean     | 201      |
|    ep_rew_mean     | 278      |
| time/              |          |
|    episodes        | 1748     |
|    fps             | 221      |
|    time_elapsed    | 1957     |
|    total_timesteps | 434104   |
| train/             |          |
|    actor_loss      | -70.3    |
|    critic_loss     | 6.26     |
|    ent_coef        | 0.0655   |
|    ent_coef_loss   | -0.0916  |
|    learning_rate   | 9.62e-05 |
|    n_updates       | 424096   |
---------------------------------
---------------------------------
| rollout/           |          |
|    ep_len_mean     | 200      |
|    ep_rew_mean     | 279      |
| time/              |          |
|    episodes        | 1752     |
|    fps             | 221      |
|    time_elapsed    | 1959     |
|    total_timesteps | 434584   |
| train/             |          |
|    actor_loss      | -69.1    |
|    critic_loss     | 7.11     |
|    ent_coef        | 0.0658   |
|    ent_coef_loss   | -0.125   |
|    learning_rate   | 9.55e-05 |
|    n_updates       | 424576   |
---------------------------------
---------------------------------
| rollout/           |          |
|    ep_len_mean     | 200      |
|    ep_rew_mean     | 279      |
| time/              |          |
|    episodes        | 1756     |
|    fps             | 221      |
|    time_elapsed    | 1964     |
|    total_timesteps | 435784   |
| train/             |          |
|    actor_loss      | -68.9    |
|    critic_loss     | 12.3     |
|    ent_coef        | 0.0654   |
|    ent_coef_loss   | -0.272   |
|    learning_rate   | 9.38e-05 |
|    n_updates       | 425776   |
---------------------------------
---------------------------------
| rollout/           |          |
|    ep_len_mean     | 201      |
|    ep_rew_mean     | 279      |
| time/              |          |
|    episodes        | 1760     |
|    fps             | 221      |
|    time_elapsed    | 1967     |
|    total_timesteps | 436272   |
| train/             |          |
|    actor_loss      | -68.7    |
|    critic_loss     | 9.99     |
|    ent_coef        | 0.0649   |
|    ent_coef_loss   | -0.0458  |
|    learning_rate   | 9.31e-05 |
|    n_updates       | 426264   |
---------------------------------
---------------------------------
| rollout/           |          |
|    ep_len_mean     | 202      |
|    ep_rew_mean     | 280      |
| time/              |          |
|    episodes        | 1764     |
|    fps             | 221      |
|    time_elapsed    | 1971     |
|    total_timesteps | 437288   |
| train/             |          |
|    actor_loss      | -68.7    |
|    critic_loss     | 12       |
|    ent_coef        | 0.0657   |
|    ent_coef_loss   | -0.12    |
|    learning_rate   | 9.16e-05 |
|    n_updates       | 427280   |
---------------------------------
---------------------------------
| rollout/           |          |
|    ep_len_mean     | 201      |
|    ep_rew_mean     | 279      |
| time/              |          |
|    episodes        | 1768     |
|    fps             | 221      |
|    time_elapsed    | 1977     |
|    total_timesteps | 438560   |
| train/             |          |
|    actor_loss      | -67.7    |
|    critic_loss     | 8.64     |
|    ent_coef        | 0.0645   |
|    ent_coef_loss   | -0.227   |
|    learning_rate   | 8.97e-05 |
|    n_updates       | 428552   |
---------------------------------
---------------------------------
| rollout/           |          |
|    ep_len_mean     | 203      |
|    ep_rew_mean     | 279      |
| time/              |          |
|    episodes        | 1772     |
|    fps             | 221      |
|    time_elapsed    | 1980     |
|    total_timesteps | 439192   |
| train/             |          |
|    actor_loss      | -68.4    |
|    critic_loss     | 6.82     |
|    ent_coef        | 0.064    |
|    ent_coef_loss   | -0.175   |
|    learning_rate   | 8.88e-05 |
|    n_updates       | 429184   |
---------------------------------
Eval num_timesteps=440000, episode_reward=278.67 +/- 15.44
Episode length: 199.50 +/- 19.31
---------------------------------
| eval/              |          |
|    mean_ep_length  | 200      |
|    mean_reward     | 279      |
| time/              |          |
|    total_timesteps | 440000   |
| train/             |          |
|    actor_loss      | -68.7    |
|    critic_loss     | 6.98     |
|    ent_coef        | 0.0637   |
|    ent_coef_loss   | 0.0821   |
|    learning_rate   | 8.76e-05 |
|    n_updates       | 429992   |
---------------------------------
---------------------------------
| rollout/           |          |
|    ep_len_mean     | 204      |
|    ep_rew_mean     | 279      |
| time/              |          |
|    episodes        | 1776     |
|    fps             | 221      |
|    time_elapsed    | 1986     |
|    total_timesteps | 440512   |
| train/             |          |
|    actor_loss      | -69.2    |
|    critic_loss     | 5.99     |
|    ent_coef        | 0.0644   |
|    ent_coef_loss   | 0.0343   |
|    learning_rate   | 8.69e-05 |
|    n_updates       | 430504   |
---------------------------------
---------------------------------
| rollout/           |          |
|    ep_len_mean     | 205      |
|    ep_rew_mean     | 280      |
| time/              |          |
|    episodes        | 1780     |
|    fps             | 221      |
|    time_elapsed    | 1987     |
|    total_timesteps | 440712   |
| train/             |          |
|    actor_loss      | -68.8    |
|    critic_loss     | 7.19     |
|    ent_coef        | 0.0643   |
|    ent_coef_loss   | 0.212    |
|    learning_rate   | 8.66e-05 |
|    n_updates       | 430704   |
---------------------------------
---------------------------------
| rollout/           |          |
|    ep_len_mean     | 204      |
|    ep_rew_mean     | 280      |
| time/              |          |
|    episodes        | 1784     |
|    fps             | 221      |
|    time_elapsed    | 1993     |
|    total_timesteps | 442120   |
| train/             |          |
|    actor_loss      | -68.6    |
|    critic_loss     | 14.1     |
|    ent_coef        | 0.0644   |
|    ent_coef_loss   | -0.132   |
|    learning_rate   | 8.45e-05 |
|    n_updates       | 432112   |
---------------------------------
---------------------------------
| rollout/           |          |
|    ep_len_mean     | 205      |
|    ep_rew_mean     | 280      |
| time/              |          |
|    episodes        | 1788     |
|    fps             | 221      |
|    time_elapsed    | 1996     |
|    total_timesteps | 442728   |
| train/             |          |
|    actor_loss      | -67.5    |
|    critic_loss     | 11       |
|    ent_coef        | 0.0646   |
|    ent_coef_loss   | -0.127   |
|    learning_rate   | 8.36e-05 |
|    n_updates       | 432720   |
---------------------------------
---------------------------------
| rollout/           |          |
|    ep_len_mean     | 208      |
|    ep_rew_mean     | 279      |
| time/              |          |
|    episodes        | 1792     |
|    fps             | 221      |
|    time_elapsed    | 1999     |
|    total_timesteps | 443536   |
| train/             |          |
|    actor_loss      | -67.2    |
|    critic_loss     | 7.11     |
|    ent_coef        | 0.0644   |
|    ent_coef_loss   | 0.386    |
|    learning_rate   | 8.24e-05 |
|    n_updates       | 433528   |
---------------------------------
---------------------------------
| rollout/           |          |
|    ep_len_mean     | 207      |
|    ep_rew_mean     | 278      |
| time/              |          |
|    episodes        | 1796     |
|    fps             | 221      |
|    time_elapsed    | 2004     |
|    total_timesteps | 444448   |
| train/             |          |
|    actor_loss      | -68      |
|    critic_loss     | 18.3     |
|    ent_coef        | 0.0641   |
|    ent_coef_loss   | -0.12    |
|    learning_rate   | 8.11e-05 |
|    n_updates       | 434440   |
---------------------------------
---------------------------------
| rollout/           |          |
|    ep_len_mean     | 207      |
|    ep_rew_mean     | 279      |
| time/              |          |
|    episodes        | 1800     |
|    fps             | 221      |
|    time_elapsed    | 2007     |
|    total_timesteps | 445184   |
| train/             |          |
|    actor_loss      | -68.9    |
|    critic_loss     | 8.89     |
|    ent_coef        | 0.0637   |
|    ent_coef_loss   | -0.0741  |
|    learning_rate   | 8e-05    |
|    n_updates       | 435176   |
---------------------------------
---------------------------------
| rollout/           |          |
|    ep_len_mean     | 207      |
|    ep_rew_mean     | 278      |
| time/              |          |
|    episodes        | 1804     |
|    fps             | 221      |
|    time_elapsed    | 2011     |
|    total_timesteps | 446152   |
| train/             |          |
|    actor_loss      | -68.4    |
|    critic_loss     | 10.2     |
|    ent_coef        | 0.0634   |
|    ent_coef_loss   | -0.0687  |
|    learning_rate   | 7.86e-05 |
|    n_updates       | 436144   |
---------------------------------
---------------------------------
| rollout/           |          |
|    ep_len_mean     | 208      |
|    ep_rew_mean     | 278      |
| time/              |          |
|    episodes        | 1808     |
|    fps             | 221      |
|    time_elapsed    | 2015     |
|    total_timesteps | 446864   |
| train/             |          |
|    actor_loss      | -68.2    |
|    critic_loss     | 5.53     |
|    ent_coef        | 0.063    |
|    ent_coef_loss   | -0.159   |
|    learning_rate   | 7.76e-05 |
|    n_updates       | 436856   |
---------------------------------
---------------------------------
| rollout/           |          |
|    ep_len_mean     | 208      |
|    ep_rew_mean     | 278      |
| time/              |          |
|    episodes        | 1812     |
|    fps             | 221      |
|    time_elapsed    | 2017     |
|    total_timesteps | 447448   |
| train/             |          |
|    actor_loss      | -68.6    |
|    critic_loss     | 7.39     |
|    ent_coef        | 0.0631   |
|    ent_coef_loss   | 0.198    |
|    learning_rate   | 7.67e-05 |
|    n_updates       | 437440   |
---------------------------------
---------------------------------
| rollout/           |          |
|    ep_len_mean     | 208      |
|    ep_rew_mean     | 278      |
| time/              |          |
|    episodes        | 1816     |
|    fps             | 221      |
|    time_elapsed    | 2023     |
|    total_timesteps | 448608   |
| train/             |          |
|    actor_loss      | -69.1    |
|    critic_loss     | 9.23     |
|    ent_coef        | 0.0636   |
|    ent_coef_loss   | -0.184   |
|    learning_rate   | 7.5e-05  |
|    n_updates       | 438600   |
---------------------------------
---------------------------------
| rollout/           |          |
|    ep_len_mean     | 208      |
|    ep_rew_mean     | 278      |
| time/              |          |
|    episodes        | 1820     |
|    fps             | 221      |
|    time_elapsed    | 2024     |
|    total_timesteps | 448904   |
| train/             |          |
|    actor_loss      | -69.4    |
|    critic_loss     | 7.72     |
|    ent_coef        | 0.0637   |
|    ent_coef_loss   | -0.0882  |
|    learning_rate   | 7.46e-05 |
|    n_updates       | 438896   |
---------------------------------
Eval num_timesteps=450000, episode_reward=269.58 +/- 16.17
Episode length: 200.30 +/- 37.24
---------------------------------
| eval/              |          |
|    mean_ep_length  | 200      |
|    mean_reward     | 270      |
| time/              |          |
|    total_timesteps | 450000   |
| train/             |          |
|    actor_loss      | -68      |
|    critic_loss     | 8.52     |
|    ent_coef        | 0.0642   |
|    ent_coef_loss   | 0.0798   |
|    learning_rate   | 7.3e-05  |
|    n_updates       | 439992   |
---------------------------------
---------------------------------
| rollout/           |          |
|    ep_len_mean     | 209      |
|    ep_rew_mean     | 278      |
| time/              |          |
|    episodes        | 1824     |
|    fps             | 221      |
|    time_elapsed    | 2031     |
|    total_timesteps | 450144   |
| train/             |          |
|    actor_loss      | -68      |
|    critic_loss     | 11       |
|    ent_coef        | 0.0641   |
|    ent_coef_loss   | 0.206    |
|    learning_rate   | 7.28e-05 |
|    n_updates       | 440136   |
---------------------------------
---------------------------------
| rollout/           |          |
|    ep_len_mean     | 208      |
|    ep_rew_mean     | 278      |
| time/              |          |
|    episodes        | 1828     |
|    fps             | 221      |
|    time_elapsed    | 2033     |
|    total_timesteps | 450744   |
| train/             |          |
|    actor_loss      | -69.1    |
|    critic_loss     | 8.94     |
|    ent_coef        | 0.0638   |
|    ent_coef_loss   | -0.14    |
|    learning_rate   | 7.19e-05 |
|    n_updates       | 440736   |
---------------------------------
---------------------------------
| rollout/           |          |
|    ep_len_mean     | 207      |
|    ep_rew_mean     | 279      |
| time/              |          |
|    episodes        | 1832     |
|    fps             | 221      |
|    time_elapsed    | 2039     |
|    total_timesteps | 451984   |
| train/             |          |
|    actor_loss      | -68.8    |
|    critic_loss     | 6.15     |
|    ent_coef        | 0.0636   |
|    ent_coef_loss   | 0.0838   |
|    learning_rate   | 7.01e-05 |
|    n_updates       | 441976   |
---------------------------------
---------------------------------
| rollout/           |          |
|    ep_len_mean     | 211      |
|    ep_rew_mean     | 279      |
| time/              |          |
|    episodes        | 1836     |
|    fps             | 221      |
|    time_elapsed    | 2043     |
|    total_timesteps | 452880   |
| train/             |          |
|    actor_loss      | -69      |
|    critic_loss     | 6.23     |
|    ent_coef        | 0.0639   |
|    ent_coef_loss   | 0.195    |
|    learning_rate   | 6.88e-05 |
|    n_updates       | 442872   |
---------------------------------
---------------------------------
| rollout/           |          |
|    ep_len_mean     | 210      |
|    ep_rew_mean     | 278      |
| time/              |          |
|    episodes        | 1840     |
|    fps             | 221      |
|    time_elapsed    | 2047     |
|    total_timesteps | 453728   |
| train/             |          |
|    actor_loss      | -68.7    |
|    critic_loss     | 11.9     |
|    ent_coef        | 0.0648   |
|    ent_coef_loss   | 0.167    |
|    learning_rate   | 6.76e-05 |
|    n_updates       | 443720   |
---------------------------------
---------------------------------
| rollout/           |          |
|    ep_len_mean     | 210      |
|    ep_rew_mean     | 278      |
| time/              |          |
|    episodes        | 1844     |
|    fps             | 221      |
|    time_elapsed    | 2052     |
|    total_timesteps | 454712   |
| train/             |          |
|    actor_loss      | -69.5    |
|    critic_loss     | 9.51     |
|    ent_coef        | 0.0647   |
|    ent_coef_loss   | -0.128   |
|    learning_rate   | 6.61e-05 |
|    n_updates       | 444704   |
---------------------------------
---------------------------------
| rollout/           |          |
|    ep_len_mean     | 213      |
|    ep_rew_mean     | 278      |
| time/              |          |
|    episodes        | 1848     |
|    fps             | 221      |
|    time_elapsed    | 2054     |
|    total_timesteps | 455240   |
| train/             |          |
|    actor_loss      | -68.8    |
|    critic_loss     | 6.76     |
|    ent_coef        | 0.0644   |
|    ent_coef_loss   | -0.0592  |
|    learning_rate   | 6.54e-05 |
|    n_updates       | 445232   |
---------------------------------
---------------------------------
| rollout/           |          |
|    ep_len_mean     | 214      |
|    ep_rew_mean     | 277      |
| time/              |          |
|    episodes        | 1852     |
|    fps             | 221      |
|    time_elapsed    | 2059     |
|    total_timesteps | 456472   |
| train/             |          |
|    actor_loss      | -68.8    |
|    critic_loss     | 6.74     |
|    ent_coef        | 0.0644   |
|    ent_coef_loss   | -0.0292  |
|    learning_rate   | 6.36e-05 |
|    n_updates       | 446464   |
---------------------------------
---------------------------------
| rollout/           |          |
|    ep_len_mean     | 214      |
|    ep_rew_mean     | 278      |
| time/              |          |
|    episodes        | 1856     |
|    fps             | 221      |
|    time_elapsed    | 2062     |
|    total_timesteps | 457024   |
| train/             |          |
|    actor_loss      | -67.4    |
|    critic_loss     | 7.11     |
|    ent_coef        | 0.0647   |
|    ent_coef_loss   | 0.0142   |
|    learning_rate   | 6.28e-05 |
|    n_updates       | 447016   |
---------------------------------
---------------------------------
| rollout/           |          |
|    ep_len_mean     | 213      |
|    ep_rew_mean     | 279      |
| time/              |          |
|    episodes        | 1860     |
|    fps             | 221      |
|    time_elapsed    | 2065     |
|    total_timesteps | 457864   |
| train/             |          |
|    actor_loss      | -69      |
|    critic_loss     | 7.57     |
|    ent_coef        | 0.0648   |
|    ent_coef_loss   | 0.11     |
|    learning_rate   | 6.15e-05 |
|    n_updates       | 447856   |
---------------------------------
---------------------------------
| rollout/           |          |
|    ep_len_mean     | 213      |
|    ep_rew_mean     | 278      |
| time/              |          |
|    episodes        | 1864     |
|    fps             | 221      |
|    time_elapsed    | 2069     |
|    total_timesteps | 458792   |
| train/             |          |
|    actor_loss      | -70.3    |
|    critic_loss     | 9.95     |
|    ent_coef        | 0.0649   |
|    ent_coef_loss   | -0.00563 |
|    learning_rate   | 6.02e-05 |
|    n_updates       | 448784   |
---------------------------------
---------------------------------
| rollout/           |          |
|    ep_len_mean     | 213      |
|    ep_rew_mean     | 278      |
| time/              |          |
|    episodes        | 1868     |
|    fps             | 221      |
|    time_elapsed    | 2072     |
|    total_timesteps | 459456   |
| train/             |          |
|    actor_loss      | -69.3    |
|    critic_loss     | 4.81     |
|    ent_coef        | 0.0652   |
|    ent_coef_loss   | -0.192   |
|    learning_rate   | 5.92e-05 |
|    n_updates       | 449448   |
---------------------------------
Eval num_timesteps=460000, episode_reward=279.25 +/- 13.69
Episode length: 203.70 +/- 32.20
---------------------------------
| eval/              |          |
|    mean_ep_length  | 204      |
|    mean_reward     | 279      |
| time/              |          |
|    total_timesteps | 460000   |
| train/             |          |
|    actor_loss      | -69.7    |
|    critic_loss     | 4.93     |
|    ent_coef        | 0.065    |
|    ent_coef_loss   | -0.0877  |
|    learning_rate   | 5.84e-05 |
|    n_updates       | 449992   |
---------------------------------
---------------------------------
| rollout/           |          |
|    ep_len_mean     | 211      |
|    ep_rew_mean     | 279      |
| time/              |          |
|    episodes        | 1872     |
|    fps             | 221      |
|    time_elapsed    | 2077     |
|    total_timesteps | 460472   |
| train/             |          |
|    actor_loss      | -69      |
|    critic_loss     | 6.25     |
|    ent_coef        | 0.0646   |
|    ent_coef_loss   | 0.0953   |
|    learning_rate   | 5.77e-05 |
|    n_updates       | 450464   |
---------------------------------
---------------------------------
| rollout/           |          |
|    ep_len_mean     | 211      |
|    ep_rew_mean     | 279      |
| time/              |          |
|    episodes        | 1876     |
|    fps             | 221      |
|    time_elapsed    | 2082     |
|    total_timesteps | 461544   |
| train/             |          |
|    actor_loss      | -68.5    |
|    critic_loss     | 6.53     |
|    ent_coef        | 0.0643   |
|    ent_coef_loss   | 0.173    |
|    learning_rate   | 5.62e-05 |
|    n_updates       | 451536   |
---------------------------------
---------------------------------
| rollout/           |          |
|    ep_len_mean     | 214      |
|    ep_rew_mean     | 279      |
| time/              |          |
|    episodes        | 1880     |
|    fps             | 221      |
|    time_elapsed    | 2085     |
|    total_timesteps | 462200   |
| train/             |          |
|    actor_loss      | -70.1    |
|    critic_loss     | 6.23     |
|    ent_coef        | 0.0644   |
|    ent_coef_loss   | -0.118   |
|    learning_rate   | 5.52e-05 |
|    n_updates       | 452192   |
---------------------------------
---------------------------------
| rollout/           |          |
|    ep_len_mean     | 214      |
|    ep_rew_mean     | 279      |
| time/              |          |
|    episodes        | 1884     |
|    fps             | 221      |
|    time_elapsed    | 2088     |
|    total_timesteps | 463000   |
| train/             |          |
|    actor_loss      | -69.6    |
|    critic_loss     | 4.63     |
|    ent_coef        | 0.0643   |
|    ent_coef_loss   | -0.0627  |
|    learning_rate   | 5.4e-05  |
|    n_updates       | 452992   |
---------------------------------
---------------------------------
| rollout/           |          |
|    ep_len_mean     | 213      |
|    ep_rew_mean     | 278      |
| time/              |          |
|    episodes        | 1888     |
|    fps             | 221      |
|    time_elapsed    | 2091     |
|    total_timesteps | 463688   |
| train/             |          |
|    actor_loss      | -69.1    |
|    critic_loss     | 5.54     |
|    ent_coef        | 0.0642   |
|    ent_coef_loss   | 0.135    |
|    learning_rate   | 5.3e-05  |
|    n_updates       | 453680   |
---------------------------------
---------------------------------
| rollout/           |          |
|    ep_len_mean     | 210      |
|    ep_rew_mean     | 278      |
| time/              |          |
|    episodes        | 1892     |
|    fps             | 221      |
|    time_elapsed    | 2096     |
|    total_timesteps | 464856   |
| train/             |          |
|    actor_loss      | -68.1    |
|    critic_loss     | 8.53     |
|    ent_coef        | 0.0641   |
|    ent_coef_loss   | 0.262    |
|    learning_rate   | 5.13e-05 |
|    n_updates       | 454848   |
---------------------------------
---------------------------------
| rollout/           |          |
|    ep_len_mean     | 211      |
|    ep_rew_mean     | 278      |
| time/              |          |
|    episodes        | 1896     |
|    fps             | 221      |
|    time_elapsed    | 2099     |
|    total_timesteps | 465528   |
| train/             |          |
|    actor_loss      | -69.7    |
|    critic_loss     | 6.87     |
|    ent_coef        | 0.0641   |
|    ent_coef_loss   | 0.0682   |
|    learning_rate   | 5.03e-05 |
|    n_updates       | 455520   |
---------------------------------
---------------------------------
| rollout/           |          |
|    ep_len_mean     | 211      |
|    ep_rew_mean     | 278      |
| time/              |          |
|    episodes        | 1900     |
|    fps             | 221      |
|    time_elapsed    | 2102     |
|    total_timesteps | 466376   |
| train/             |          |
|    actor_loss      | -68.8    |
|    critic_loss     | 5.73     |
|    ent_coef        | 0.0644   |
|    ent_coef_loss   | 0.236    |
|    learning_rate   | 4.91e-05 |
|    n_updates       | 456368   |
---------------------------------
---------------------------------
| rollout/           |          |
|    ep_len_mean     | 211      |
|    ep_rew_mean     | 279      |
| time/              |          |
|    episodes        | 1904     |
|    fps             | 221      |
|    time_elapsed    | 2106     |
|    total_timesteps | 467128   |
| train/             |          |
|    actor_loss      | -69      |
|    critic_loss     | 4.66     |
|    ent_coef        | 0.0644   |
|    ent_coef_loss   | -0.0771  |
|    learning_rate   | 4.8e-05  |
|    n_updates       | 457120   |
---------------------------------
---------------------------------
| rollout/           |          |
|    ep_len_mean     | 213      |
|    ep_rew_mean     | 279      |
| time/              |          |
|    episodes        | 1908     |
|    fps             | 221      |
|    time_elapsed    | 2110     |
|    total_timesteps | 468040   |
| train/             |          |
|    actor_loss      | -69.3    |
|    critic_loss     | 10.9     |
|    ent_coef        | 0.0641   |
|    ent_coef_loss   | -0.0789  |
|    learning_rate   | 4.67e-05 |
|    n_updates       | 458032   |
---------------------------------
---------------------------------
| rollout/           |          |
|    ep_len_mean     | 214      |
|    ep_rew_mean     | 279      |
| time/              |          |
|    episodes        | 1912     |
|    fps             | 221      |
|    time_elapsed    | 2114     |
|    total_timesteps | 468944   |
| train/             |          |
|    actor_loss      | -69.1    |
|    critic_loss     | 10.6     |
|    ent_coef        | 0.0641   |
|    ent_coef_loss   | 0.223    |
|    learning_rate   | 4.54e-05 |
|    n_updates       | 458936   |
---------------------------------
---------------------------------
| rollout/           |          |
|    ep_len_mean     | 213      |
|    ep_rew_mean     | 279      |
| time/              |          |
|    episodes        | 1916     |
|    fps             | 221      |
|    time_elapsed    | 2117     |
|    total_timesteps | 469624   |
| train/             |          |
|    actor_loss      | -69.7    |
|    critic_loss     | 5.28     |
|    ent_coef        | 0.064    |
|    ent_coef_loss   | -0.0704  |
|    learning_rate   | 4.44e-05 |
|    n_updates       | 459616   |
---------------------------------
Eval num_timesteps=470000, episode_reward=275.96 +/- 22.56
Episode length: 209.20 +/- 46.65
---------------------------------
| eval/              |          |
|    mean_ep_length  | 209      |
|    mean_reward     | 276      |
| time/              |          |
|    total_timesteps | 470000   |
| train/             |          |
|    actor_loss      | -69.5    |
|    critic_loss     | 6.53     |
|    ent_coef        | 0.0639   |
|    ent_coef_loss   | -0.119   |
|    learning_rate   | 4.38e-05 |
|    n_updates       | 459992   |
---------------------------------
---------------------------------
| rollout/           |          |
|    ep_len_mean     | 212      |
|    ep_rew_mean     | 278      |
| time/              |          |
|    episodes        | 1920     |
|    fps             | 221      |
|    time_elapsed    | 2121     |
|    total_timesteps | 470400   |
| train/             |          |
|    actor_loss      | -69.9    |
|    critic_loss     | 4.63     |
|    ent_coef        | 0.0639   |
|    ent_coef_loss   | -0.0686  |
|    learning_rate   | 4.32e-05 |
|    n_updates       | 460392   |
---------------------------------
---------------------------------
| rollout/           |          |
|    ep_len_mean     | 213      |
|    ep_rew_mean     | 278      |
| time/              |          |
|    episodes        | 1924     |
|    fps             | 221      |
|    time_elapsed    | 2124     |
|    total_timesteps | 471184   |
| train/             |          |
|    actor_loss      | -67.9    |
|    critic_loss     | 6.19     |
|    ent_coef        | 0.0635   |
|    ent_coef_loss   | -0.229   |
|    learning_rate   | 4.21e-05 |
|    n_updates       | 461176   |
---------------------------------
---------------------------------
| rollout/           |          |
|    ep_len_mean     | 212      |
|    ep_rew_mean     | 278      |
| time/              |          |
|    episodes        | 1928     |
|    fps             | 221      |
|    time_elapsed    | 2128     |
|    total_timesteps | 472040   |
| train/             |          |
|    actor_loss      | -69.4    |
|    critic_loss     | 6.98     |
|    ent_coef        | 0.0636   |
|    ent_coef_loss   | 0.0779   |
|    learning_rate   | 4.08e-05 |
|    n_updates       | 462032   |
---------------------------------
---------------------------------
| rollout/           |          |
|    ep_len_mean     | 212      |
|    ep_rew_mean     | 278      |
| time/              |          |
|    episodes        | 1932     |
|    fps             | 221      |
|    time_elapsed    | 2132     |
|    total_timesteps | 472984   |
| train/             |          |
|    actor_loss      | -69.2    |
|    critic_loss     | 10.2     |
|    ent_coef        | 0.0632   |
|    ent_coef_loss   | 0.0525   |
|    learning_rate   | 3.95e-05 |
|    n_updates       | 462976   |
---------------------------------
---------------------------------
| rollout/           |          |
|    ep_len_mean     | 208      |
|    ep_rew_mean     | 278      |
| time/              |          |
|    episodes        | 1936     |
|    fps             | 221      |
|    time_elapsed    | 2135     |
|    total_timesteps | 473640   |
| train/             |          |
|    actor_loss      | -69.7    |
|    critic_loss     | 7.03     |
|    ent_coef        | 0.0629   |
|    ent_coef_loss   | 0.171    |
|    learning_rate   | 3.85e-05 |
|    n_updates       | 463632   |
---------------------------------
---------------------------------
| rollout/           |          |
|    ep_len_mean     | 208      |
|    ep_rew_mean     | 277      |
| time/              |          |
|    episodes        | 1940     |
|    fps             | 221      |
|    time_elapsed    | 2139     |
|    total_timesteps | 474568   |
| train/             |          |
|    actor_loss      | -69.1    |
|    critic_loss     | 7.68     |
|    ent_coef        | 0.0629   |
|    ent_coef_loss   | 0.132    |
|    learning_rate   | 3.71e-05 |
|    n_updates       | 464560   |
---------------------------------
---------------------------------
| rollout/           |          |
|    ep_len_mean     | 208      |
|    ep_rew_mean     | 277      |
| time/              |          |
|    episodes        | 1944     |
|    fps             | 221      |
|    time_elapsed    | 2142     |
|    total_timesteps | 475304   |
| train/             |          |
|    actor_loss      | -68.9    |
|    critic_loss     | 5.61     |
|    ent_coef        | 0.063    |
|    ent_coef_loss   | -0.0477  |
|    learning_rate   | 3.61e-05 |
|    n_updates       | 465296   |
---------------------------------
---------------------------------
| rollout/           |          |
|    ep_len_mean     | 206      |
|    ep_rew_mean     | 277      |
| time/              |          |
|    episodes        | 1948     |
|    fps             | 221      |
|    time_elapsed    | 2145     |
|    total_timesteps | 475976   |
| train/             |          |
|    actor_loss      | -70.4    |
|    critic_loss     | 6.29     |
|    ent_coef        | 0.0628   |
|    ent_coef_loss   | -0.278   |
|    learning_rate   | 3.51e-05 |
|    n_updates       | 465968   |
---------------------------------
---------------------------------
| rollout/           |          |
|    ep_len_mean     | 205      |
|    ep_rew_mean     | 277      |
| time/              |          |
|    episodes        | 1952     |
|    fps             | 221      |
|    time_elapsed    | 2149     |
|    total_timesteps | 476904   |
| train/             |          |
|    actor_loss      | -69.1    |
|    critic_loss     | 9.21     |
|    ent_coef        | 0.0627   |
|    ent_coef_loss   | -0.116   |
|    learning_rate   | 3.37e-05 |
|    n_updates       | 466896   |
---------------------------------
---------------------------------
| rollout/           |          |
|    ep_len_mean     | 204      |
|    ep_rew_mean     | 277      |
| time/              |          |
|    episodes        | 1956     |
|    fps             | 221      |
|    time_elapsed    | 2152     |
|    total_timesteps | 477520   |
| train/             |          |
|    actor_loss      | -70.9    |
|    critic_loss     | 6.23     |
|    ent_coef        | 0.0626   |
|    ent_coef_loss   | 0.0234   |
|    learning_rate   | 3.28e-05 |
|    n_updates       | 467512   |
---------------------------------
---------------------------------
| rollout/           |          |
|    ep_len_mean     | 204      |
|    ep_rew_mean     | 276      |
| time/              |          |
|    episodes        | 1960     |
|    fps             | 221      |
|    time_elapsed    | 2155     |
|    total_timesteps | 478312   |
| train/             |          |
|    actor_loss      | -69.7    |
|    critic_loss     | 5.05     |
|    ent_coef        | 0.0626   |
|    ent_coef_loss   | -0.461   |
|    learning_rate   | 3.17e-05 |
|    n_updates       | 468304   |
---------------------------------
---------------------------------
| rollout/           |          |
|    ep_len_mean     | 204      |
|    ep_rew_mean     | 276      |
| time/              |          |
|    episodes        | 1964     |
|    fps             | 221      |
|    time_elapsed    | 2159     |
|    total_timesteps | 479192   |
| train/             |          |
|    actor_loss      | -70.8    |
|    critic_loss     | 4.02     |
|    ent_coef        | 0.0626   |
|    ent_coef_loss   | -0.21    |
|    learning_rate   | 3.04e-05 |
|    n_updates       | 469184   |
---------------------------------
Eval num_timesteps=480000, episode_reward=280.70 +/- 9.19
Episode length: 197.20 +/- 13.72
---------------------------------
| eval/              |          |
|    mean_ep_length  | 197      |
|    mean_reward     | 281      |
| time/              |          |
|    total_timesteps | 480000   |
| train/             |          |
|    actor_loss      | -69.8    |
|    critic_loss     | 9.61     |
|    ent_coef        | 0.0624   |
|    ent_coef_loss   | -0.00937 |
|    learning_rate   | 2.92e-05 |
|    n_updates       | 469992   |
---------------------------------
---------------------------------
| rollout/           |          |
|    ep_len_mean     | 204      |
|    ep_rew_mean     | 276      |
| time/              |          |
|    episodes        | 1968     |
|    fps             | 221      |
|    time_elapsed    | 2163     |
|    total_timesteps | 480048   |
| train/             |          |
|    actor_loss      | -69.4    |
|    critic_loss     | 6.12     |
|    ent_coef        | 0.0624   |
|    ent_coef_loss   | -0.00256 |
|    learning_rate   | 2.91e-05 |
|    n_updates       | 470040   |
---------------------------------
---------------------------------
| rollout/           |          |
|    ep_len_mean     | 205      |
|    ep_rew_mean     | 276      |
| time/              |          |
|    episodes        | 1972     |
|    fps             | 221      |
|    time_elapsed    | 2167     |
|    total_timesteps | 480888   |
| train/             |          |
|    actor_loss      | -70.7    |
|    critic_loss     | 6.5      |
|    ent_coef        | 0.0622   |
|    ent_coef_loss   | 0.107    |
|    learning_rate   | 2.79e-05 |
|    n_updates       | 470880   |
---------------------------------
---------------------------------
| rollout/           |          |
|    ep_len_mean     | 206      |
|    ep_rew_mean     | 276      |
| time/              |          |
|    episodes        | 1976     |
|    fps             | 221      |
|    time_elapsed    | 2170     |
|    total_timesteps | 481704   |
| train/             |          |
|    actor_loss      | -68.9    |
|    critic_loss     | 13.2     |
|    ent_coef        | 0.0622   |
|    ent_coef_loss   | 0.0727   |
|    learning_rate   | 2.67e-05 |
|    n_updates       | 471696   |
---------------------------------
---------------------------------
| rollout/           |          |
|    ep_len_mean     | 205      |
|    ep_rew_mean     | 276      |
| time/              |          |
|    episodes        | 1980     |
|    fps             | 221      |
|    time_elapsed    | 2174     |
|    total_timesteps | 482472   |
| train/             |          |
|    actor_loss      | -70.5    |
|    critic_loss     | 6.21     |
|    ent_coef        | 0.0623   |
|    ent_coef_loss   | 0.0398   |
|    learning_rate   | 2.56e-05 |
|    n_updates       | 472464   |
---------------------------------
---------------------------------
| rollout/           |          |
|    ep_len_mean     | 204      |
|    ep_rew_mean     | 276      |
| time/              |          |
|    episodes        | 1984     |
|    fps             | 221      |
|    time_elapsed    | 2178     |
|    total_timesteps | 483400   |
| train/             |          |
|    actor_loss      | -71      |
|    critic_loss     | 6.22     |
|    ent_coef        | 0.0624   |
|    ent_coef_loss   | -0.273   |
|    learning_rate   | 2.42e-05 |
|    n_updates       | 473392   |
---------------------------------
---------------------------------
| rollout/           |          |
|    ep_len_mean     | 204      |
|    ep_rew_mean     | 276      |
| time/              |          |
|    episodes        | 1988     |
|    fps             | 221      |
|    time_elapsed    | 2180     |
|    total_timesteps | 483960   |
| train/             |          |
|    actor_loss      | -69.8    |
|    critic_loss     | 5.92     |
|    ent_coef        | 0.0624   |
|    ent_coef_loss   | -0.283   |
|    learning_rate   | 2.34e-05 |
|    n_updates       | 473952   |
---------------------------------
---------------------------------
| rollout/           |          |
|    ep_len_mean     | 203      |
|    ep_rew_mean     | 276      |
| time/              |          |
|    episodes        | 1992     |
|    fps             | 221      |
|    time_elapsed    | 2185     |
|    total_timesteps | 485056   |
| train/             |          |
|    actor_loss      | -69.6    |
|    critic_loss     | 10.7     |
|    ent_coef        | 0.0625   |
|    ent_coef_loss   | -0.2     |
|    learning_rate   | 2.18e-05 |
|    n_updates       | 475048   |
---------------------------------
---------------------------------
| rollout/           |          |
|    ep_len_mean     | 203      |
|    ep_rew_mean     | 275      |
| time/              |          |
|    episodes        | 1996     |
|    fps             | 221      |
|    time_elapsed    | 2189     |
|    total_timesteps | 486032   |
| train/             |          |
|    actor_loss      | -69.5    |
|    critic_loss     | 7.25     |
|    ent_coef        | 0.0623   |
|    ent_coef_loss   | 0.104    |
|    learning_rate   | 2.04e-05 |
|    n_updates       | 476024   |
---------------------------------
---------------------------------
| rollout/           |          |
|    ep_len_mean     | 203      |
|    ep_rew_mean     | 275      |
| time/              |          |
|    episodes        | 2000     |
|    fps             | 221      |
|    time_elapsed    | 2192     |
|    total_timesteps | 486640   |
| train/             |          |
|    actor_loss      | -69.8    |
|    critic_loss     | 8.95     |
|    ent_coef        | 0.0623   |
|    ent_coef_loss   | 0.0141   |
|    learning_rate   | 1.95e-05 |
|    n_updates       | 476632   |
---------------------------------
---------------------------------
| rollout/           |          |
|    ep_len_mean     | 204      |
|    ep_rew_mean     | 272      |
| time/              |          |
|    episodes        | 2004     |
|    fps             | 221      |
|    time_elapsed    | 2196     |
|    total_timesteps | 487528   |
| train/             |          |
|    actor_loss      | -70.2    |
|    critic_loss     | 12.1     |
|    ent_coef        | 0.0624   |
|    ent_coef_loss   | 0.101    |
|    learning_rate   | 1.82e-05 |
|    n_updates       | 477520   |
---------------------------------
---------------------------------
| rollout/           |          |
|    ep_len_mean     | 202      |
|    ep_rew_mean     | 272      |
| time/              |          |
|    episodes        | 2008     |
|    fps             | 221      |
|    time_elapsed    | 2199     |
|    total_timesteps | 488216   |
| train/             |          |
|    actor_loss      | -70.3    |
|    critic_loss     | 8.44     |
|    ent_coef        | 0.0624   |
|    ent_coef_loss   | 0.0563   |
|    learning_rate   | 1.72e-05 |
|    n_updates       | 478208   |
---------------------------------
---------------------------------
| rollout/           |          |
|    ep_len_mean     | 201      |
|    ep_rew_mean     | 271      |
| time/              |          |
|    episodes        | 2012     |
|    fps             | 222      |
|    time_elapsed    | 2202     |
|    total_timesteps | 489040   |
| train/             |          |
|    actor_loss      | -70.3    |
|    critic_loss     | 7.97     |
|    ent_coef        | 0.0625   |
|    ent_coef_loss   | 0.0679   |
|    learning_rate   | 1.6e-05  |
|    n_updates       | 479032   |
---------------------------------
---------------------------------
| rollout/           |          |
|    ep_len_mean     | 201      |
|    ep_rew_mean     | 271      |
| time/              |          |
|    episodes        | 2016     |
|    fps             | 222      |
|    time_elapsed    | 2206     |
|    total_timesteps | 489856   |
| train/             |          |
|    actor_loss      | -70.2    |
|    critic_loss     | 9.81     |
|    ent_coef        | 0.0625   |
|    ent_coef_loss   | 0.102    |
|    learning_rate   | 1.48e-05 |
|    n_updates       | 479848   |
---------------------------------
Eval num_timesteps=490000, episode_reward=280.12 +/- 17.37
Episode length: 188.70 +/- 17.46
---------------------------------
| eval/              |          |
|    mean_ep_length  | 189      |
|    mean_reward     | 280      |
| time/              |          |
|    total_timesteps | 490000   |
| train/             |          |
|    actor_loss      | -69.7    |
|    critic_loss     | 10.8     |
|    ent_coef        | 0.0625   |
|    ent_coef_loss   | -0.0379  |
|    learning_rate   | 1.46e-05 |
|    n_updates       | 479992   |
---------------------------------
---------------------------------
| rollout/           |          |
|    ep_len_mean     | 202      |
|    ep_rew_mean     | 272      |
| time/              |          |
|    episodes        | 2020     |
|    fps             | 221      |
|    time_elapsed    | 2210     |
|    total_timesteps | 490656   |
| train/             |          |
|    actor_loss      | -69.7    |
|    critic_loss     | 6.08     |
|    ent_coef        | 0.0626   |
|    ent_coef_loss   | 0.108    |
|    learning_rate   | 1.37e-05 |
|    n_updates       | 480648   |
---------------------------------
---------------------------------
| rollout/           |          |
|    ep_len_mean     | 202      |
|    ep_rew_mean     | 272      |
| time/              |          |
|    episodes        | 2024     |
|    fps             | 221      |
|    time_elapsed    | 2215     |
|    total_timesteps | 491688   |
| train/             |          |
|    actor_loss      | -70.9    |
|    critic_loss     | 5.42     |
|    ent_coef        | 0.0626   |
|    ent_coef_loss   | -0.199   |
|    learning_rate   | 1.21e-05 |
|    n_updates       | 481680   |
---------------------------------
---------------------------------
| rollout/           |          |
|    ep_len_mean     | 204      |
|    ep_rew_mean     | 273      |
| time/              |          |
|    episodes        | 2028     |
|    fps             | 221      |
|    time_elapsed    | 2217     |
|    total_timesteps | 492176   |
| train/             |          |
|    actor_loss      | -70.5    |
|    critic_loss     | 5.69     |
|    ent_coef        | 0.0626   |
|    ent_coef_loss   | -0.0315  |
|    learning_rate   | 1.14e-05 |
|    n_updates       | 482168   |
---------------------------------
---------------------------------
| rollout/           |          |
|    ep_len_mean     | 202      |
|    ep_rew_mean     | 272      |
| time/              |          |
|    episodes        | 2032     |
|    fps             | 221      |
|    time_elapsed    | 2221     |
|    total_timesteps | 493112   |
| train/             |          |
|    actor_loss      | -69.7    |
|    critic_loss     | 8.42     |
|    ent_coef        | 0.0625   |
|    ent_coef_loss   | 0.166    |
|    learning_rate   | 1.01e-05 |
|    n_updates       | 483104   |
---------------------------------
---------------------------------
| rollout/           |          |
|    ep_len_mean     | 202      |
|    ep_rew_mean     | 273      |
| time/              |          |
|    episodes        | 2036     |
|    fps             | 221      |
|    time_elapsed    | 2224     |
|    total_timesteps | 493792   |
| train/             |          |
|    actor_loss      | -70.3    |
|    critic_loss     | 6.83     |
|    ent_coef        | 0.0625   |
|    ent_coef_loss   | -0.298   |
|    learning_rate   | 9.08e-06 |
|    n_updates       | 483784   |
---------------------------------
---------------------------------
| rollout/           |          |
|    ep_len_mean     | 202      |
|    ep_rew_mean     | 274      |
| time/              |          |
|    episodes        | 2040     |
|    fps             | 221      |
|    time_elapsed    | 2228     |
|    total_timesteps | 494712   |
| train/             |          |
|    actor_loss      | -70.5    |
|    critic_loss     | 8.67     |
|    ent_coef        | 0.0624   |
|    ent_coef_loss   | -0.332   |
|    learning_rate   | 7.73e-06 |
|    n_updates       | 484704   |
---------------------------------
---------------------------------
| rollout/           |          |
|    ep_len_mean     | 201      |
|    ep_rew_mean     | 274      |
| time/              |          |
|    episodes        | 2044     |
|    fps             | 221      |
|    time_elapsed    | 2232     |
|    total_timesteps | 495472   |
| train/             |          |
|    actor_loss      | -69.5    |
|    critic_loss     | 10.5     |
|    ent_coef        | 0.0624   |
|    ent_coef_loss   | 0.147    |
|    learning_rate   | 6.62e-06 |
|    n_updates       | 485464   |
---------------------------------
---------------------------------
| rollout/           |          |
|    ep_len_mean     | 202      |
|    ep_rew_mean     | 275      |
| time/              |          |
|    episodes        | 2048     |
|    fps             | 221      |
|    time_elapsed    | 2235     |
|    total_timesteps | 496168   |
| train/             |          |
|    actor_loss      | -69.2    |
|    critic_loss     | 7.49     |
|    ent_coef        | 0.0624   |
|    ent_coef_loss   | -0.0744  |
|    learning_rate   | 5.61e-06 |
|    n_updates       | 486160   |
---------------------------------
---------------------------------
| rollout/           |          |
|    ep_len_mean     | 203      |
|    ep_rew_mean     | 275      |
| time/              |          |
|    episodes        | 2052     |
|    fps             | 222      |
|    time_elapsed    | 2238     |
|    total_timesteps | 497048   |
| train/             |          |
|    actor_loss      | -70.9    |
|    critic_loss     | 4.04     |
|    ent_coef        | 0.0623   |
|    ent_coef_loss   | -0.0332  |
|    learning_rate   | 4.32e-06 |
|    n_updates       | 487040   |
---------------------------------
---------------------------------
| rollout/           |          |
|    ep_len_mean     | 202      |
|    ep_rew_mean     | 275      |
| time/              |          |
|    episodes        | 2056     |
|    fps             | 222      |
|    time_elapsed    | 2243     |
|    total_timesteps | 498080   |
| train/             |          |
|    actor_loss      | -69.9    |
|    critic_loss     | 17.4     |
|    ent_coef        | 0.0623   |
|    ent_coef_loss   | -0.0578  |
|    learning_rate   | 2.81e-06 |
|    n_updates       | 488072   |
---------------------------------
---------------------------------
| rollout/           |          |
|    ep_len_mean     | 204      |
|    ep_rew_mean     | 272      |
| time/              |          |
|    episodes        | 2060     |
|    fps             | 222      |
|    time_elapsed    | 2246     |
|    total_timesteps | 498840   |
| train/             |          |
|    actor_loss      | -69.9    |
|    critic_loss     | 8.03     |
|    ent_coef        | 0.0623   |
|    ent_coef_loss   | -0.0581  |
|    learning_rate   | 1.71e-06 |
|    n_updates       | 488832   |
---------------------------------
Eval num_timesteps=500000, episode_reward=276.25 +/- 17.68
Episode length: 227.20 +/- 59.81
---------------------------------
| eval/              |          |
|    mean_ep_length  | 227      |
|    mean_reward     | 276      |
| time/              |          |
|    total_timesteps | 500000   |
| train/             |          |
|    actor_loss      | -69.7    |
|    critic_loss     | 6.79     |
|    ent_coef        | 0.0623   |
|    ent_coef_loss   | 0.119    |
|    learning_rate   | 1.17e-08 |
|    n_updates       | 489992   |
---------------------------------
Wrapping the env in a DummyVecEnv.
mlp after training: mean_reward=286.49 +/- 19.25

=== Experiment complete ===
Summary: outputs/lunarlander_parallel_baseline/sac8env-20260729_084955-seed456/experiment_summary_mlp.json
mlp: final=286.49, best_eval=283.6116601
/home/leopold/anaconda3/envs/sac_sb3_demo/lib/python3.12/site-packages/pygame/pkgdata.py:25: UserWarning: pkg_resources is deprecated as an API. See https://setuptools.pypa.io/en/latest/pkg_resources.html. The pkg_resources package is slated for removal as early as 2025-11-30. Refrain from using this package or pin to Setuptools<81.
  from pkg_resources import resource_stream, resource_exists
/home/leopold/anaconda3/envs/sac_sb3_demo/lib/python3.12/site-packages/pygame/pkgdata.py:25: UserWarning: pkg_resources is deprecated as an API. See https://setuptools.pypa.io/en/latest/pkg_resources.html. The pkg_resources package is slated for removal as early as 2025-11-30. Refrain from using this package or pin to Setuptools<81.
  from pkg_resources import resource_stream, resource_exists
/home/leopold/anaconda3/envs/sac_sb3_demo/lib/python3.12/site-packages/pygame/pkgdata.py:25: UserWarning: pkg_resources is deprecated as an API. See https://setuptools.pypa.io/en/latest/pkg_resources.html. The pkg_resources package is slated for removal as early as 2025-11-30. Refrain from using this package or pin to Setuptools<81.
  from pkg_resources import resource_stream, resource_exists
/home/leopold/anaconda3/envs/sac_sb3_demo/lib/python3.12/site-packages/pygame/pkgdata.py:25: UserWarning: pkg_resources is deprecated as an API. See https://setuptools.pypa.io/en/latest/pkg_resources.html. The pkg_resources package is slated for removal as early as 2025-11-30. Refrain from using this package or pin to Setuptools<81.
  from pkg_resources import resource_stream, resource_exists
/home/leopold/anaconda3/envs/sac_sb3_demo/lib/python3.12/site-packages/pygame/pkgdata.py:25: UserWarning: pkg_resources is deprecated as an API. See https://setuptools.pypa.io/en/latest/pkg_resources.html. The pkg_resources package is slated for removal as early as 2025-11-30. Refrain from using this package or pin to Setuptools<81.
  from pkg_resources import resource_stream, resource_exists
/home/leopold/anaconda3/envs/sac_sb3_demo/lib/python3.12/site-packages/pygame/pkgdata.py:25: UserWarning: pkg_resources is deprecated as an API. See https://setuptools.pypa.io/en/latest/pkg_resources.html. The pkg_resources package is slated for removal as early as 2025-11-30. Refrain from using this package or pin to Setuptools<81.
  from pkg_resources import resource_stream, resource_exists
/home/leopold/anaconda3/envs/sac_sb3_demo/lib/python3.12/site-packages/pygame/pkgdata.py:25: UserWarning: pkg_resources is deprecated as an API. See https://setuptools.pypa.io/en/latest/pkg_resources.html. The pkg_resources package is slated for removal as early as 2025-11-30. Refrain from using this package or pin to Setuptools<81.
  from pkg_resources import resource_stream, resource_exists
/home/leopold/anaconda3/envs/sac_sb3_demo/lib/python3.12/site-packages/pygame/pkgdata.py:25: UserWarning: pkg_resources is deprecated as an API. See https://setuptools.pypa.io/en/latest/pkg_resources.html. The pkg_resources package is slated for removal as early as 2025-11-30. Refrain from using this package or pin to Setuptools<81.
  from pkg_resources import resource_stream, resource_exists
/home/leopold/anaconda3/envs/sac_sb3_demo/lib/python3.12/site-packages/pygame/pkgdata.py:25: UserWarning: pkg_resources is deprecated as an API. See https://setuptools.pypa.io/en/latest/pkg_resources.html. The pkg_resources package is slated for removal as early as 2025-11-30. Refrain from using this package or pin to Setuptools<81.
  from pkg_resources import resource_stream, resource_exists
/home/leopold/anaconda3/envs/sac_sb3_demo/lib/python3.12/site-packages/stable_baselines3/common/callbacks.py:418: UserWarning: Training and eval env are not of the same type<stable_baselines3.common.vec_env.subproc_vec_env.SubprocVecEnv object at 0x7a993e82a8a0> != <stable_baselines3.common.vec_env.dummy_vec_env.DummyVecEnv object at 0x7a991da8d4c0>
  warnings.warn("Training and eval env are not of the same type" f"{self.training_env} != {self.eval_env}")


