══════════════════════════════════════════
[1/3] SAC 8env  seed=42
started: 2026年 07月 29日 星期三 08:49:55 CST
run_tag: sac8env-20260729_084955-seed42
══════════════════════════════════════════
CUDA available: NVIDIA GeForce RTX 4070 Laptop GPU

=== Training variant: mlp ===
Using cuda device
mlp before training: mean_reward=-233.50 +/- 83.24
Logging to runs/lunarlander_parallel_baseline/sac8env-20260729_084955-seed42/mlp_1
---------------------------------
| rollout/           |          |
|    ep_len_mean     | 90.5     |
|    ep_rew_mean     | -190     |
| time/              |          |
|    episodes        | 4        |
|    fps             | 7578     |
|    time_elapsed    | 0        |
|    total_timesteps | 832      |
---------------------------------
---------------------------------
| rollout/           |          |
|    ep_len_mean     | 113      |
|    ep_rew_mean     | -211     |
| time/              |          |
|    episodes        | 8        |
|    fps             | 8023     |
|    time_elapsed    | 0        |
|    total_timesteps | 1216     |
---------------------------------
---------------------------------
| rollout/           |          |
|    ep_len_mean     | 110      |
|    ep_rew_mean     | -234     |
| time/              |          |
|    episodes        | 12       |
|    fps             | 8715     |
|    time_elapsed    | 0        |
|    total_timesteps | 1600     |
---------------------------------
---------------------------------
| rollout/           |          |
|    ep_len_mean     | 106      |
|    ep_rew_mean     | -212     |
| time/              |          |
|    episodes        | 16       |
|    fps             | 9079     |
|    time_elapsed    | 0        |
|    total_timesteps | 2040     |
---------------------------------
---------------------------------
| rollout/           |          |
|    ep_len_mean     | 104      |
|    ep_rew_mean     | -209     |
| time/              |          |
|    episodes        | 20       |
|    fps             | 9380     |
|    time_elapsed    | 0        |
|    total_timesteps | 2464     |
---------------------------------
---------------------------------
| rollout/           |          |
|    ep_len_mean     | 104      |
|    ep_rew_mean     | -214     |
| time/              |          |
|    episodes        | 24       |
|    fps             | 9630     |
|    time_elapsed    | 0        |
|    total_timesteps | 2880     |
---------------------------------
---------------------------------
| rollout/           |          |
|    ep_len_mean     | 104      |
|    ep_rew_mean     | -210     |
| time/              |          |
|    episodes        | 28       |
|    fps             | 9701     |
|    time_elapsed    | 0        |
|    total_timesteps | 3416     |
---------------------------------
---------------------------------
| rollout/           |          |
|    ep_len_mean     | 106      |
|    ep_rew_mean     | -205     |
| time/              |          |
|    episodes        | 32       |
|    fps             | 9853     |
|    time_elapsed    | 0        |
|    total_timesteps | 3792     |
---------------------------------
---------------------------------
| rollout/           |          |
|    ep_len_mean     | 106      |
|    ep_rew_mean     | -201     |
| time/              |          |
|    episodes        | 36       |
|    fps             | 9978     |
|    time_elapsed    | 0        |
|    total_timesteps | 4216     |
---------------------------------
---------------------------------
| rollout/           |          |
|    ep_len_mean     | 105      |
|    ep_rew_mean     | -214     |
| time/              |          |
|    episodes        | 40       |
|    fps             | 10063    |
|    time_elapsed    | 0        |
|    total_timesteps | 4608     |
---------------------------------
---------------------------------
| rollout/           |          |
|    ep_len_mean     | 106      |
|    ep_rew_mean     | -219     |
| time/              |          |
|    episodes        | 44       |
|    fps             | 10170    |
|    time_elapsed    | 0        |
|    total_timesteps | 4928     |
---------------------------------
---------------------------------
| rollout/           |          |
|    ep_len_mean     | 104      |
|    ep_rew_mean     | -222     |
| time/              |          |
|    episodes        | 48       |
|    fps             | 10232    |
|    time_elapsed    | 0        |
|    total_timesteps | 5288     |
---------------------------------
---------------------------------
| rollout/           |          |
|    ep_len_mean     | 103      |
|    ep_rew_mean     | -219     |
| time/              |          |
|    episodes        | 52       |
|    fps             | 10314    |
|    time_elapsed    | 0        |
|    total_timesteps | 5808     |
---------------------------------
---------------------------------
| rollout/           |          |
|    ep_len_mean     | 104      |
|    ep_rew_mean     | -220     |
| time/              |          |
|    episodes        | 56       |
|    fps             | 10390    |
|    time_elapsed    | 0        |
|    total_timesteps | 6232     |
---------------------------------
---------------------------------
| rollout/           |          |
|    ep_len_mean     | 105      |
|    ep_rew_mean     | -213     |
| time/              |          |
|    episodes        | 60       |
|    fps             | 10460    |
|    time_elapsed    | 0        |
|    total_timesteps | 6784     |
---------------------------------
---------------------------------
| rollout/           |          |
|    ep_len_mean     | 106      |
|    ep_rew_mean     | -214     |
| time/              |          |
|    episodes        | 64       |
|    fps             | 10479    |
|    time_elapsed    | 0        |
|    total_timesteps | 7056     |
---------------------------------
---------------------------------
| rollout/           |          |
|    ep_len_mean     | 106      |
|    ep_rew_mean     | -223     |
| time/              |          |
|    episodes        | 68       |
|    fps             | 10610    |
|    time_elapsed    | 0        |
|    total_timesteps | 7632     |
---------------------------------
---------------------------------
| rollout/           |          |
|    ep_len_mean     | 105      |
|    ep_rew_mean     | -222     |
| time/              |          |
|    episodes        | 72       |
|    fps             | 10678    |
|    time_elapsed    | 0        |
|    total_timesteps | 7888     |
---------------------------------
---------------------------------
| rollout/           |          |
|    ep_len_mean     | 105      |
|    ep_rew_mean     | -223     |
| time/              |          |
|    episodes        | 76       |
|    fps             | 10757    |
|    time_elapsed    | 0        |
|    total_timesteps | 8424     |
---------------------------------
---------------------------------
| rollout/           |          |
|    ep_len_mean     | 105      |
|    ep_rew_mean     | -225     |
| time/              |          |
|    episodes        | 80       |
|    fps             | 10833    |
|    time_elapsed    | 0        |
|    total_timesteps | 8800     |
---------------------------------
---------------------------------
| rollout/           |          |
|    ep_len_mean     | 105      |
|    ep_rew_mean     | -224     |
| time/              |          |
|    episodes        | 84       |
|    fps             | 10931    |
|    time_elapsed    | 0        |
|    total_timesteps | 9176     |
---------------------------------
---------------------------------
| rollout/           |          |
|    ep_len_mean     | 105      |
|    ep_rew_mean     | -233     |
| time/              |          |
|    episodes        | 88       |
|    fps             | 10898    |
|    time_elapsed    | 0        |
|    total_timesteps | 9528     |
---------------------------------
Eval num_timesteps=10000, episode_reward=-202.54 +/- 126.23
Episode length: 128.60 +/- 36.40
---------------------------------
| eval/              |          |
|    mean_ep_length  | 129      |
|    mean_reward     | -203     |
| time/              |          |
|    total_timesteps | 10000    |
---------------------------------
New best mean reward!
---------------------------------
| rollout/           |          |
|    ep_len_mean     | 105      |
|    ep_rew_mean     | -232     |
| time/              |          |
|    episodes        | 92       |
|    fps             | 5868     |
|    time_elapsed    | 1        |
|    total_timesteps | 10064    |
| train/             |          |
|    actor_loss      | 0.502    |
|    critic_loss     | 139      |
|    ent_coef        | 0.964    |
|    ent_coef_loss   | -0.12    |
|    learning_rate   | 0.000715 |
|    n_updates       | 56       |
---------------------------------
---------------------------------
| rollout/           |          |
|    ep_len_mean     | 105      |
|    ep_rew_mean     | -232     |
| time/              |          |
|    episodes        | 96       |
|    fps             | 2909     |
|    time_elapsed    | 3        |
|    total_timesteps | 10488    |
| train/             |          |
|    actor_loss      | 2.61     |
|    critic_loss     | 38.8     |
|    ent_coef        | 0.724    |
|    ent_coef_loss   | -0.872   |
|    learning_rate   | 0.000715 |
|    n_updates       | 480      |
---------------------------------
---------------------------------
| rollout/           |          |
|    ep_len_mean     | 107      |
|    ep_rew_mean     | -226     |
| time/              |          |
|    episodes        | 100      |
|    fps             | 1313     |
|    time_elapsed    | 8        |
|    total_timesteps | 11616    |
| train/             |          |
|    actor_loss      | 5.83     |
|    critic_loss     | 31.4     |
|    ent_coef        | 0.368    |
|    ent_coef_loss   | -1.58    |
|    learning_rate   | 0.000713 |
|    n_updates       | 1608     |
---------------------------------
---------------------------------
| rollout/           |          |
|    ep_len_mean     | 125      |
|    ep_rew_mean     | -222     |
| time/              |          |
|    episodes        | 104      |
|    fps             | 463      |
|    time_elapsed    | 39       |
|    total_timesteps | 18152    |
| train/             |          |
|    actor_loss      | -23.8    |
|    critic_loss     | 22.2     |
|    ent_coef        | 0.166    |
|    ent_coef_loss   | 0.328    |
|    learning_rate   | 0.000704 |
|    n_updates       | 8144     |
---------------------------------
---------------------------------
| rollout/           |          |
|    ep_len_mean     | 155      |
|    ep_rew_mean     | -220     |
| time/              |          |
|    episodes        | 108      |
|    fps             | 456      |
|    time_elapsed    | 40       |
|    total_timesteps | 18392    |
| train/             |          |
|    actor_loss      | -22.1    |
|    critic_loss     | 21       |
|    ent_coef        | 0.172    |
|    ent_coef_loss   | 0.208    |
|    learning_rate   | 0.000703 |
|    n_updates       | 8384     |
---------------------------------
Eval num_timesteps=20000, episode_reward=-238.40 +/- 92.91
Episode length: 349.10 +/- 182.69
---------------------------------
| eval/              |          |
|    mean_ep_length  | 349      |
|    mean_reward     | -238     |
| time/              |          |
|    total_timesteps | 20000    |
| train/             |          |
|    actor_loss      | -29.5    |
|    critic_loss     | 17.8     |
|    ent_coef        | 0.181    |
|    ent_coef_loss   | -0.548   |
|    learning_rate   | 0.000701 |
|    n_updates       | 9992     |
---------------------------------
---------------------------------
| rollout/           |          |
|    ep_len_mean     | 175      |
|    ep_rew_mean     | -215     |
| time/              |          |
|    episodes        | 112      |
|    fps             | 403      |
|    time_elapsed    | 50       |
|    total_timesteps | 20416    |
| train/             |          |
|    actor_loss      | -31.5    |
|    critic_loss     | 30.4     |
|    ent_coef        | 0.178    |
|    ent_coef_loss   | 0.127    |
|    learning_rate   | 0.0007   |
|    n_updates       | 10408    |
---------------------------------
---------------------------------
| rollout/           |          |
|    ep_len_mean     | 183      |
|    ep_rew_mean     | -212     |
| time/              |          |
|    episodes        | 116      |
|    fps             | 385      |
|    time_elapsed    | 56       |
|    total_timesteps | 21632    |
| train/             |          |
|    actor_loss      | -32.3    |
|    critic_loss     | 17.3     |
|    ent_coef        | 0.173    |
|    ent_coef_loss   | -0.108   |
|    learning_rate   | 0.000698 |
|    n_updates       | 11624    |
---------------------------------
---------------------------------
| rollout/           |          |
|    ep_len_mean     | 191      |
|    ep_rew_mean     | -215     |
| time/              |          |
|    episodes        | 120      |
|    fps             | 377      |
|    time_elapsed    | 59       |
|    total_timesteps | 22368    |
| train/             |          |
|    actor_loss      | -33      |
|    critic_loss     | 22.9     |
|    ent_coef        | 0.18     |
|    ent_coef_loss   | 0.203    |
|    learning_rate   | 0.000697 |
|    n_updates       | 12360    |
---------------------------------
---------------------------------
| rollout/           |          |
|    ep_len_mean     | 199      |
|    ep_rew_mean     | -210     |
| time/              |          |
|    episodes        | 124      |
|    fps             | 363      |
|    time_elapsed    | 65       |
|    total_timesteps | 23776    |
| train/             |          |
|    actor_loss      | -39      |
|    critic_loss     | 20.5     |
|    ent_coef        | 0.218    |
|    ent_coef_loss   | -0.121   |
|    learning_rate   | 0.000695 |
|    n_updates       | 13768    |
---------------------------------
---------------------------------
| rollout/           |          |
|    ep_len_mean     | 203      |
|    ep_rew_mean     | -206     |
| time/              |          |
|    episodes        | 128      |
|    fps             | 348      |
|    time_elapsed    | 73       |
|    total_timesteps | 25752    |
| train/             |          |
|    actor_loss      | -39.6    |
|    critic_loss     | 29.2     |
|    ent_coef        | 0.18     |
|    ent_coef_loss   | -0.0783  |
|    learning_rate   | 0.000692 |
|    n_updates       | 15744    |
---------------------------------
---------------------------------
| rollout/           |          |
|    ep_len_mean     | 218      |
|    ep_rew_mean     | -203     |
| time/              |          |
|    episodes        | 132      |
|    fps             | 325      |
|    time_elapsed    | 91       |
|    total_timesteps | 29632    |
| train/             |          |
|    actor_loss      | -32.5    |
|    critic_loss     | 19       |
|    ent_coef        | 0.14     |
|    ent_coef_loss   | -0.145   |
|    learning_rate   | 0.000687 |
|    n_updates       | 19624    |
---------------------------------
Eval num_timesteps=30000, episode_reward=-196.58 +/- 62.34
Episode length: 266.40 +/- 106.55
---------------------------------
| eval/              |          |
|    mean_ep_length  | 266      |
|    mean_reward     | -197     |
| time/              |          |
|    total_timesteps | 30000    |
| train/             |          |
|    actor_loss      | -32.3    |
|    critic_loss     | 11       |
|    ent_coef        | 0.137    |
|    ent_coef_loss   | -0.296   |
|    learning_rate   | 0.000686 |
|    n_updates       | 19992    |
---------------------------------
New best mean reward!
---------------------------------
| rollout/           |          |
|    ep_len_mean     | 248      |
|    ep_rew_mean     | -201     |
| time/              |          |
|    episodes        | 136      |
|    fps             | 319      |
|    time_elapsed    | 94       |
|    total_timesteps | 30272    |
| train/             |          |
|    actor_loss      | -32.4    |
|    critic_loss     | 12.1     |
|    ent_coef        | 0.135    |
|    ent_coef_loss   | -0.437   |
|    learning_rate   | 0.000686 |
|    n_updates       | 20264    |
---------------------------------
---------------------------------
| rollout/           |          |
|    ep_len_mean     | 258      |
|    ep_rew_mean     | -193     |
| time/              |          |
|    episodes        | 140      |
|    fps             | 313      |
|    time_elapsed    | 101      |
|    total_timesteps | 31696    |
| train/             |          |
|    actor_loss      | -32.5    |
|    critic_loss     | 9.64     |
|    ent_coef        | 0.116    |
|    ent_coef_loss   | -0.318   |
|    learning_rate   | 0.000684 |
|    n_updates       | 21688    |
---------------------------------
---------------------------------
| rollout/           |          |
|    ep_len_mean     | 270      |
|    ep_rew_mean     | -192     |
| time/              |          |
|    episodes        | 144      |
|    fps             | 308      |
|    time_elapsed    | 106      |
|    total_timesteps | 32784    |
| train/             |          |
|    actor_loss      | -30.6    |
|    critic_loss     | 10.8     |
|    ent_coef        | 0.122    |
|    ent_coef_loss   | -0.447   |
|    learning_rate   | 0.000682 |
|    n_updates       | 22776    |
---------------------------------
---------------------------------
| rollout/           |          |
|    ep_len_mean     | 299      |
|    ep_rew_mean     | -184     |
| time/              |          |
|    episodes        | 148      |
|    fps             | 289      |
|    time_elapsed    | 136      |
|    total_timesteps | 39464    |
| train/             |          |
|    actor_loss      | -14.4    |
|    critic_loss     | 17.4     |
|    ent_coef        | 0.0781   |
|    ent_coef_loss   | -0.124   |
|    learning_rate   | 0.000672 |
|    n_updates       | 29456    |
---------------------------------
Eval num_timesteps=40000, episode_reward=-135.68 +/- 189.27
Episode length: 459.80 +/- 245.40
---------------------------------
| eval/              |          |
|    mean_ep_length  | 460      |
|    mean_reward     | -136     |
| time/              |          |
|    total_timesteps | 40000    |
| train/             |          |
|    actor_loss      | -16.2    |
|    critic_loss     | 16.3     |
|    ent_coef        | 0.0815   |
|    ent_coef_loss   | 0.0537   |
|    learning_rate   | 0.000672 |
|    n_updates       | 29992    |
---------------------------------
New best mean reward!
---------------------------------
| rollout/           |          |
|    ep_len_mean     | 335      |
|    ep_rew_mean     | -180     |
| time/              |          |
|    episodes        | 152      |
|    fps             | 283      |
|    time_elapsed    | 143      |
|    total_timesteps | 40744    |
| train/             |          |
|    actor_loss      | -15.4    |
|    critic_loss     | 14.4     |
|    ent_coef        | 0.0883   |
|    ent_coef_loss   | -0.0604  |
|    learning_rate   | 0.000671 |
|    n_updates       | 30736    |
---------------------------------
---------------------------------
| rollout/           |          |
|    ep_len_mean     | 348      |
|    ep_rew_mean     | -171     |
| time/              |          |
|    episodes        | 156      |
|    fps             | 278      |
|    time_elapsed    | 157      |
|    total_timesteps | 43920    |
| train/             |          |
|    actor_loss      | -11.9    |
|    critic_loss     | 7.15     |
|    ent_coef        | 0.0916   |
|    ent_coef_loss   | -0.199   |
|    learning_rate   | 0.000666 |
|    n_updates       | 33912    |
---------------------------------
---------------------------------
| rollout/           |          |
|    ep_len_mean     | 382      |
|    ep_rew_mean     | -173     |
| time/              |          |
|    episodes        | 160      |
|    fps             | 274      |
|    time_elapsed    | 172      |
|    total_timesteps | 47384    |
| train/             |          |
|    actor_loss      | -9.4     |
|    critic_loss     | 11.5     |
|    ent_coef        | 0.0773   |
|    ent_coef_loss   | 0.0736   |
|    learning_rate   | 0.000661 |
|    n_updates       | 37376    |
---------------------------------
---------------------------------
| rollout/           |          |
|    ep_len_mean     | 408      |
|    ep_rew_mean     | -168     |
| time/              |          |
|    episodes        | 164      |
|    fps             | 271      |
|    time_elapsed    | 183      |
|    total_timesteps | 49760    |
| train/             |          |
|    actor_loss      | -8.32    |
|    critic_loss     | 14.4     |
|    ent_coef        | 0.0698   |
|    ent_coef_loss   | 0.449    |
|    learning_rate   | 0.000657 |
|    n_updates       | 39752    |
---------------------------------
Eval num_timesteps=50000, episode_reward=-140.22 +/- 130.56
Episode length: 769.60 +/- 265.82
---------------------------------
| eval/              |          |
|    mean_ep_length  | 770      |
|    mean_reward     | -140     |
| time/              |          |
|    total_timesteps | 50000    |
| train/             |          |
|    actor_loss      | -9.23    |
|    critic_loss     | 11.8     |
|    ent_coef        | 0.0698   |
|    ent_coef_loss   | 0.495    |
|    learning_rate   | 0.000657 |
|    n_updates       | 39992    |
---------------------------------
---------------------------------
| rollout/           |          |
|    ep_len_mean     | 420      |
|    ep_rew_mean     | -157     |
| time/              |          |
|    episodes        | 168      |
|    fps             | 265      |
|    time_elapsed    | 194      |
|    total_timesteps | 51456    |
| train/             |          |
|    actor_loss      | -7.95    |
|    critic_loss     | 8.37     |
|    ent_coef        | 0.0646   |
|    ent_coef_loss   | 0.0514   |
|    learning_rate   | 0.000655 |
|    n_updates       | 41448    |
---------------------------------
---------------------------------
| rollout/           |          |
|    ep_len_mean     | 435      |
|    ep_rew_mean     | -157     |
| time/              |          |
|    episodes        | 172      |
|    fps             | 261      |
|    time_elapsed    | 206      |
|    total_timesteps | 54080    |
| train/             |          |
|    actor_loss      | -6.37    |
|    critic_loss     | 7.34     |
|    ent_coef        | 0.0633   |
|    ent_coef_loss   | -0.215   |
|    learning_rate   | 0.000651 |
|    n_updates       | 44072    |
---------------------------------
---------------------------------
| rollout/           |          |
|    ep_len_mean     | 460      |
|    ep_rew_mean     | -152     |
| time/              |          |
|    episodes        | 176      |
|    fps             | 258      |
|    time_elapsed    | 223      |
|    total_timesteps | 57760    |
| train/             |          |
|    actor_loss      | -7.4     |
|    critic_loss     | 8.76     |
|    ent_coef        | 0.0726   |
|    ent_coef_loss   | -0.0468  |
|    learning_rate   | 0.000646 |
|    n_updates       | 47752    |
---------------------------------
Eval num_timesteps=60000, episode_reward=-125.96 +/- 84.31
Episode length: 884.20 +/- 242.95
---------------------------------
| eval/              |          |
|    mean_ep_length  | 884      |
|    mean_reward     | -126     |
| time/              |          |
|    total_timesteps | 60000    |
| train/             |          |
|    actor_loss      | -9.02    |
|    critic_loss     | 15.1     |
|    ent_coef        | 0.0677   |
|    ent_coef_loss   | 0.29     |
|    learning_rate   | 0.000642 |
|    n_updates       | 49992    |
---------------------------------
New best mean reward!
---------------------------------
| rollout/           |          |
|    ep_len_mean     | 483      |
|    ep_rew_mean     | -148     |
| time/              |          |
|    episodes        | 180      |
|    fps             | 253      |
|    time_elapsed    | 238      |
|    total_timesteps | 60296    |
| train/             |          |
|    actor_loss      | -8.95    |
|    critic_loss     | 20.3     |
|    ent_coef        | 0.0712   |
|    ent_coef_loss   | -0.0952  |
|    learning_rate   | 0.000642 |
|    n_updates       | 50288    |
---------------------------------
---------------------------------
| rollout/           |          |
|    ep_len_mean     | 510      |
|    ep_rew_mean     | -146     |
| time/              |          |
|    episodes        | 184      |
|    fps             | 252      |
|    time_elapsed    | 249      |
|    total_timesteps | 62888    |
| train/             |          |
|    actor_loss      | -9.28    |
|    critic_loss     | 26.6     |
|    ent_coef        | 0.0672   |
|    ent_coef_loss   | -0.507   |
|    learning_rate   | 0.000638 |
|    n_updates       | 52880    |
---------------------------------
---------------------------------
| rollout/           |          |
|    ep_len_mean     | 527      |
|    ep_rew_mean     | -135     |
| time/              |          |
|    episodes        | 188      |
|    fps             | 251      |
|    time_elapsed    | 254      |
|    total_timesteps | 63984    |
| train/             |          |
|    actor_loss      | -9.96    |
|    critic_loss     | 10.3     |
|    ent_coef        | 0.0696   |
|    ent_coef_loss   | -0.173   |
|    learning_rate   | 0.000637 |
|    n_updates       | 53976    |
---------------------------------
---------------------------------
| rollout/           |          |
|    ep_len_mean     | 547      |
|    ep_rew_mean     | -135     |
| time/              |          |
|    episodes        | 192      |
|    fps             | 250      |
|    time_elapsed    | 268      |
|    total_timesteps | 67272    |
| train/             |          |
|    actor_loss      | -7.58    |
|    critic_loss     | 12       |
|    ent_coef        | 0.0672   |
|    ent_coef_loss   | 0.184    |
|    learning_rate   | 0.000632 |
|    n_updates       | 57264    |
---------------------------------
---------------------------------
| rollout/           |          |
|    ep_len_mean     | 555      |
|    ep_rew_mean     | -132     |
| time/              |          |
|    episodes        | 196      |
|    fps             | 249      |
|    time_elapsed    | 276      |
|    total_timesteps | 68952    |
| train/             |          |
|    actor_loss      | -8.79    |
|    critic_loss     | 13.6     |
|    ent_coef        | 0.07     |
|    ent_coef_loss   | 0.0672   |
|    learning_rate   | 0.000629 |
|    n_updates       | 58944    |
---------------------------------
---------------------------------
| rollout/           |          |
|    ep_len_mean     | 569      |
|    ep_rew_mean     | -136     |
| time/              |          |
|    episodes        | 200      |
|    fps             | 249      |
|    time_elapsed    | 279      |
|    total_timesteps | 69768    |
| train/             |          |
|    actor_loss      | -9.79    |
|    critic_loss     | 7.16     |
|    ent_coef        | 0.0743   |
|    ent_coef_loss   | 0.191    |
|    learning_rate   | 0.000628 |
|    n_updates       | 59760    |
---------------------------------
Eval num_timesteps=70000, episode_reward=-86.57 +/- 93.58
Episode length: 198.80 +/- 160.81
---------------------------------
| eval/              |          |
|    mean_ep_length  | 199      |
|    mean_reward     | -86.6    |
| time/              |          |
|    total_timesteps | 70000    |
| train/             |          |
|    actor_loss      | -8.28    |
|    critic_loss     | 15.2     |
|    ent_coef        | 0.0731   |
|    ent_coef_loss   | -0.872   |
|    learning_rate   | 0.000628 |
|    n_updates       | 59992    |
---------------------------------
New best mean reward!
---------------------------------
| rollout/           |          |
|    ep_len_mean     | 571      |
|    ep_rew_mean     | -139     |
| time/              |          |
|    episodes        | 204      |
|    fps             | 248      |
|    time_elapsed    | 285      |
|    total_timesteps | 70920    |
| train/             |          |
|    actor_loss      | -8.1     |
|    critic_loss     | 5.97     |
|    ent_coef        | 0.075    |
|    ent_coef_loss   | 0.23     |
|    learning_rate   | 0.000626 |
|    n_updates       | 60912    |
---------------------------------
---------------------------------
| rollout/           |          |
|    ep_len_mean     | 568      |
|    ep_rew_mean     | -135     |
| time/              |          |
|    episodes        | 208      |
|    fps             | 245      |
|    time_elapsed    | 316      |
|    total_timesteps | 77472    |
| train/             |          |
|    actor_loss      | -7.68    |
|    critic_loss     | 4.56     |
|    ent_coef        | 0.0778   |
|    ent_coef_loss   | -0.0462  |
|    learning_rate   | 0.000617 |
|    n_updates       | 67464    |
---------------------------------
---------------------------------
| rollout/           |          |
|    ep_len_mean     | 583      |
|    ep_rew_mean     | -130     |
| time/              |          |
|    episodes        | 212      |
|    fps             | 244      |
|    time_elapsed    | 322      |
|    total_timesteps | 78920    |
| train/             |          |
|    actor_loss      | -8.25    |
|    critic_loss     | 8.23     |
|    ent_coef        | 0.0748   |
|    ent_coef_loss   | -0.63    |
|    learning_rate   | 0.000615 |
|    n_updates       | 68912    |
---------------------------------
Eval num_timesteps=80000, episode_reward=-73.28 +/- 48.68
Episode length: 914.40 +/- 193.36
---------------------------------
| eval/              |          |
|    mean_ep_length  | 914      |
|    mean_reward     | -73.3    |
| time/              |          |
|    total_timesteps | 80000    |
| train/             |          |
|    actor_loss      | -9.72    |
|    critic_loss     | 7.11     |
|    ent_coef        | 0.0783   |
|    ent_coef_loss   | -0.15    |
|    learning_rate   | 0.000613 |
|    n_updates       | 69992    |
---------------------------------
New best mean reward!
---------------------------------
| rollout/           |          |
|    ep_len_mean     | 612      |
|    ep_rew_mean     | -129     |
| time/              |          |
|    episodes        | 216      |
|    fps             | 239      |
|    time_elapsed    | 356      |
|    total_timesteps | 85472    |
| train/             |          |
|    actor_loss      | -9.79    |
|    critic_loss     | 6.77     |
|    ent_coef        | 0.0611   |
|    ent_coef_loss   | -0.00325 |
|    learning_rate   | 0.000605 |
|    n_updates       | 75464    |
---------------------------------
---------------------------------
| rollout/           |          |
|    ep_len_mean     | 640      |
|    ep_rew_mean     | -119     |
| time/              |          |
|    episodes        | 220      |
|    fps             | 239      |
|    time_elapsed    | 363      |
|    total_timesteps | 86920    |
| train/             |          |
|    actor_loss      | -9.74    |
|    critic_loss     | 5.92     |
|    ent_coef        | 0.0606   |
|    ent_coef_loss   | 0.0592   |
|    learning_rate   | 0.000603 |
|    n_updates       | 76912    |
---------------------------------
---------------------------------
| rollout/           |          |
|    ep_len_mean     | 640      |
|    ep_rew_mean     | -118     |
| time/              |          |
|    episodes        | 224      |
|    fps             | 238      |
|    time_elapsed    | 372      |
|    total_timesteps | 88800    |
| train/             |          |
|    actor_loss      | -10.5    |
|    critic_loss     | 7.79     |
|    ent_coef        | 0.0681   |
|    ent_coef_loss   | -0.0515  |
|    learning_rate   | 0.0006   |
|    n_updates       | 78792    |
---------------------------------
Eval num_timesteps=90000, episode_reward=-127.86 +/- 16.92
Episode length: 68.40 +/- 9.78
---------------------------------
| eval/              |          |
|    mean_ep_length  | 68.4     |
|    mean_reward     | -128     |
| time/              |          |
|    total_timesteps | 90000    |
| train/             |          |
|    actor_loss      | -11      |
|    critic_loss     | 14.1     |
|    ent_coef        | 0.0694   |
|    ent_coef_loss   | 0.696    |
|    learning_rate   | 0.000599 |
|    n_updates       | 79992    |
---------------------------------
---------------------------------
| rollout/           |          |
|    ep_len_mean     | 635      |
|    ep_rew_mean     | -119     |
| time/              |          |
|    episodes        | 228      |
|    fps             | 237      |
|    time_elapsed    | 385      |
|    total_timesteps | 91520    |
| train/             |          |
|    actor_loss      | -11.4    |
|    critic_loss     | 22       |
|    ent_coef        | 0.0699   |
|    ent_coef_loss   | -0.26    |
|    learning_rate   | 0.000596 |
|    n_updates       | 81512    |
---------------------------------
---------------------------------
| rollout/           |          |
|    ep_len_mean     | 648      |
|    ep_rew_mean     | -114     |
| time/              |          |
|    episodes        | 232      |
|    fps             | 236      |
|    time_elapsed    | 394      |
|    total_timesteps | 93472    |
| train/             |          |
|    actor_loss      | -12.2    |
|    critic_loss     | 12.2     |
|    ent_coef        | 0.0651   |
|    ent_coef_loss   | 0.33     |
|    learning_rate   | 0.000594 |
|    n_updates       | 83464    |
---------------------------------
---------------------------------
| rollout/           |          |
|    ep_len_mean     | 636      |
|    ep_rew_mean     | -111     |
| time/              |          |
|    episodes        | 236      |
|    fps             | 236      |
|    time_elapsed    | 399      |
|    total_timesteps | 94632    |
| train/             |          |
|    actor_loss      | -13.5    |
|    critic_loss     | 9.69     |
|    ent_coef        | 0.0664   |
|    ent_coef_loss   | -0.495   |
|    learning_rate   | 0.000592 |
|    n_updates       | 84624    |
---------------------------------
---------------------------------
| rollout/           |          |
|    ep_len_mean     | 652      |
|    ep_rew_mean     | -106     |
| time/              |          |
|    episodes        | 240      |
|    fps             | 236      |
|    time_elapsed    | 416      |
|    total_timesteps | 98376    |
| train/             |          |
|    actor_loss      | -10.5    |
|    critic_loss     | 8.46     |
|    ent_coef        | 0.0526   |
|    ent_coef_loss   | -0.23    |
|    learning_rate   | 0.000586 |
|    n_updates       | 88368    |
---------------------------------
Eval num_timesteps=100000, episode_reward=-40.39 +/- 34.31
Episode length: 1000.00 +/- 0.00
---------------------------------
| eval/              |          |
|    mean_ep_length  | 1e+03    |
|    mean_reward     | -40.4    |
| time/              |          |
|    total_timesteps | 100000   |
| train/             |          |
|    actor_loss      | -10.2    |
|    critic_loss     | 7.44     |
|    ent_coef        | 0.0501   |
|    ent_coef_loss   | -0.149   |
|    learning_rate   | 0.000584 |
|    n_updates       | 89992    |
---------------------------------
New best mean reward!
---------------------------------
| rollout/           |          |
|    ep_len_mean     | 672      |
|    ep_rew_mean     | -96.7    |
| time/              |          |
|    episodes        | 244      |
|    fps             | 233      |
|    time_elapsed    | 437      |
|    total_timesteps | 102160   |
| train/             |          |
|    actor_loss      | -10.6    |
|    critic_loss     | 4.12     |
|    ent_coef        | 0.0489   |
|    ent_coef_loss   | -0.394   |
|    learning_rate   | 0.000581 |
|    n_updates       | 92152    |
---------------------------------
---------------------------------
| rollout/           |          |
|    ep_len_mean     | 680      |
|    ep_rew_mean     | -95.7    |
| time/              |          |
|    episodes        | 248      |
|    fps             | 232      |
|    time_elapsed    | 456      |
|    total_timesteps | 106376   |
| train/             |          |
|    actor_loss      | -11.2    |
|    critic_loss     | 19.6     |
|    ent_coef        | 0.0566   |
|    ent_coef_loss   | 0.257    |
|    learning_rate   | 0.000575 |
|    n_updates       | 96368    |
---------------------------------
---------------------------------
| rollout/           |          |
|    ep_len_mean     | 676      |
|    ep_rew_mean     | -90.7    |
| time/              |          |
|    episodes        | 252      |
|    fps             | 232      |
|    time_elapsed    | 473      |
|    total_timesteps | 109944   |
| train/             |          |
|    actor_loss      | -12.2    |
|    critic_loss     | 5.3      |
|    ent_coef        | 0.0505   |
|    ent_coef_loss   | -0.0349  |
|    learning_rate   | 0.000569 |
|    n_updates       | 99936    |
---------------------------------
Eval num_timesteps=110000, episode_reward=-59.29 +/- 71.14
Episode length: 856.90 +/- 265.51
---------------------------------
| eval/              |          |
|    mean_ep_length  | 857      |
|    mean_reward     | -59.3    |
| time/              |          |
|    total_timesteps | 110000   |
| train/             |          |
|    actor_loss      | -14.4    |
|    critic_loss     | 4.65     |
|    ent_coef        | 0.0506   |
|    ent_coef_loss   | -0.381   |
|    learning_rate   | 0.000569 |
|    n_updates       | 99992    |
---------------------------------
---------------------------------
| rollout/           |          |
|    ep_len_mean     | 689      |
|    ep_rew_mean     | -93      |
| time/              |          |
|    episodes        | 256      |
|    fps             | 230      |
|    time_elapsed    | 494      |
|    total_timesteps | 113848   |
| train/             |          |
|    actor_loss      | -14.4    |
|    critic_loss     | 10.1     |
|    ent_coef        | 0.0521   |
|    ent_coef_loss   | 0.423    |
|    learning_rate   | 0.000564 |
|    n_updates       | 103840   |
---------------------------------
---------------------------------
| rollout/           |          |
|    ep_len_mean     | 682      |
|    ep_rew_mean     | -90.3    |
| time/              |          |
|    episodes        | 260      |
|    fps             | 229      |
|    time_elapsed    | 507      |
|    total_timesteps | 116296   |
| train/             |          |
|    actor_loss      | -14.6    |
|    critic_loss     | 6.91     |
|    ent_coef        | 0.0533   |
|    ent_coef_loss   | 0.28     |
|    learning_rate   | 0.00056  |
|    n_updates       | 106288   |
---------------------------------
---------------------------------
| rollout/           |          |
|    ep_len_mean     | 691      |
|    ep_rew_mean     | -88      |
| time/              |          |
|    episodes        | 264      |
|    fps             | 228      |
|    time_elapsed    | 520      |
|    total_timesteps | 118920   |
| train/             |          |
|    actor_loss      | -16.6    |
|    critic_loss     | 9.06     |
|    ent_coef        | 0.0543   |
|    ent_coef_loss   | -0.295   |
|    learning_rate   | 0.000556 |
|    n_updates       | 108912   |
---------------------------------
Eval num_timesteps=120000, episode_reward=-67.75 +/- 96.30
Episode length: 733.60 +/- 406.95
---------------------------------
| eval/              |          |
|    mean_ep_length  | 734      |
|    mean_reward     | -67.8    |
| time/              |          |
|    total_timesteps | 120000   |
| train/             |          |
|    actor_loss      | -15.7    |
|    critic_loss     | 9.34     |
|    ent_coef        | 0.0551   |
|    ent_coef_loss   | 0.115    |
|    learning_rate   | 0.000555 |
|    n_updates       | 109992   |
---------------------------------
---------------------------------
| rollout/           |          |
|    ep_len_mean     | 694      |
|    ep_rew_mean     | -84.2    |
| time/              |          |
|    episodes        | 268      |
|    fps             | 226      |
|    time_elapsed    | 543      |
|    total_timesteps | 123024   |
| train/             |          |
|    actor_loss      | -16.1    |
|    critic_loss     | 9        |
|    ent_coef        | 0.05     |
|    ent_coef_loss   | 0.154    |
|    learning_rate   | 0.00055  |
|    n_updates       | 113016   |
---------------------------------
---------------------------------
| rollout/           |          |
|    ep_len_mean     | 702      |
|    ep_rew_mean     | -80.9    |
| time/              |          |
|    episodes        | 272      |
|    fps             | 225      |
|    time_elapsed    | 552      |
|    total_timesteps | 124736   |
| train/             |          |
|    actor_loss      | -15.6    |
|    critic_loss     | 13.7     |
|    ent_coef        | 0.0579   |
|    ent_coef_loss   | 0.319    |
|    learning_rate   | 0.000548 |
|    n_updates       | 114728   |
---------------------------------
---------------------------------
| rollout/           |          |
|    ep_len_mean     | 695      |
|    ep_rew_mean     | -73.5    |
| time/              |          |
|    episodes        | 276      |
|    fps             | 225      |
|    time_elapsed    | 555      |
|    total_timesteps | 125472   |
| train/             |          |
|    actor_loss      | -15      |
|    critic_loss     | 8.62     |
|    ent_coef        | 0.0533   |
|    ent_coef_loss   | 0.41     |
|    learning_rate   | 0.000547 |
|    n_updates       | 115464   |
---------------------------------
---------------------------------
| rollout/           |          |
|    ep_len_mean     | 693      |
|    ep_rew_mean     | -65.3    |
| time/              |          |
|    episodes        | 280      |
|    fps             | 224      |
|    time_elapsed    | 576      |
|    total_timesteps | 129496   |
| train/             |          |
|    actor_loss      | -17.6    |
|    critic_loss     | 10.7     |
|    ent_coef        | 0.0718   |
|    ent_coef_loss   | 0.104    |
|    learning_rate   | 0.000541 |
|    n_updates       | 119488   |
---------------------------------
Eval num_timesteps=130000, episode_reward=56.86 +/- 123.02
Episode length: 769.60 +/- 314.94
---------------------------------
| eval/              |          |
|    mean_ep_length  | 770      |
|    mean_reward     | 56.9     |
| time/              |          |
|    total_timesteps | 130000   |
| train/             |          |
|    actor_loss      | -17.8    |
|    critic_loss     | 5.99     |
|    ent_coef        | 0.0726   |
|    ent_coef_loss   | -0.208   |
|    learning_rate   | 0.00054  |
|    n_updates       | 119992   |
---------------------------------
New best mean reward!
---------------------------------
| rollout/           |          |
|    ep_len_mean     | 690      |
|    ep_rew_mean     | -58.1    |
| time/              |          |
|    episodes        | 284      |
|    fps             | 223      |
|    time_elapsed    | 588      |
|    total_timesteps | 131424   |
| train/             |          |
|    actor_loss      | -17.7    |
|    critic_loss     | 12.7     |
|    ent_coef        | 0.0681   |
|    ent_coef_loss   | 0.0464   |
|    learning_rate   | 0.000538 |
|    n_updates       | 121416   |
---------------------------------
---------------------------------
| rollout/           |          |
|    ep_len_mean     | 692      |
|    ep_rew_mean     | -53.7    |
| time/              |          |
|    episodes        | 288      |
|    fps             | 223      |
|    time_elapsed    | 598      |
|    total_timesteps | 133552   |
| train/             |          |
|    actor_loss      | -17.5    |
|    critic_loss     | 11.2     |
|    ent_coef        | 0.0612   |
|    ent_coef_loss   | -0.49    |
|    learning_rate   | 0.000535 |
|    n_updates       | 123544   |
---------------------------------
---------------------------------
| rollout/           |          |
|    ep_len_mean     | 694      |
|    ep_rew_mean     | -48.3    |
| time/              |          |
|    episodes        | 292      |
|    fps             | 223      |
|    time_elapsed    | 614      |
|    total_timesteps | 137496   |
| train/             |          |
|    actor_loss      | -16.1    |
|    critic_loss     | 6.38     |
|    ent_coef        | 0.0569   |
|    ent_coef_loss   | -0.27    |
|    learning_rate   | 0.000529 |
|    n_updates       | 127488   |
---------------------------------
---------------------------------
| rollout/           |          |
|    ep_len_mean     | 706      |
|    ep_rew_mean     | -44.7    |
| time/              |          |
|    episodes        | 296      |
|    fps             | 223      |
|    time_elapsed    | 618      |
|    total_timesteps | 138272   |
| train/             |          |
|    actor_loss      | -17.1    |
|    critic_loss     | 8.92     |
|    ent_coef        | 0.0537   |
|    ent_coef_loss   | 0.0332   |
|    learning_rate   | 0.000528 |
|    n_updates       | 128264   |
---------------------------------
---------------------------------
| rollout/           |          |
|    ep_len_mean     | 695      |
|    ep_rew_mean     | -35.8    |
| time/              |          |
|    episodes        | 300      |
|    fps             | 223      |
|    time_elapsed    | 620      |
|    total_timesteps | 138768   |
| train/             |          |
|    actor_loss      | -15.4    |
|    critic_loss     | 12.6     |
|    ent_coef        | 0.0531   |
|    ent_coef_loss   | -0.232   |
|    learning_rate   | 0.000527 |
|    n_updates       | 128760   |
---------------------------------
Eval num_timesteps=140000, episode_reward=4.13 +/- 146.89
Episode length: 468.50 +/- 373.01
---------------------------------
| eval/              |          |
|    mean_ep_length  | 468      |
|    mean_reward     | 4.13     |
| time/              |          |
|    total_timesteps | 140000   |
| train/             |          |
|    actor_loss      | -15.8    |
|    critic_loss     | 18.2     |
|    ent_coef        | 0.0518   |
|    ent_coef_loss   | 0.54     |
|    learning_rate   | 0.000526 |
|    n_updates       | 129992   |
---------------------------------
---------------------------------
| rollout/           |          |
|    ep_len_mean     | 688      |
|    ep_rew_mean     | -24.4    |
| time/              |          |
|    episodes        | 304      |
|    fps             | 223      |
|    time_elapsed    | 631      |
|    total_timesteps | 140928   |
| train/             |          |
|    actor_loss      | -15.4    |
|    critic_loss     | 31.8     |
|    ent_coef        | 0.0469   |
|    ent_coef_loss   | -0.168   |
|    learning_rate   | 0.000524 |
|    n_updates       | 130920   |
---------------------------------
---------------------------------
| rollout/           |          |
|    ep_len_mean     | 673      |
|    ep_rew_mean     | -19.7    |
| time/              |          |
|    episodes        | 308      |
|    fps             | 223      |
|    time_elapsed    | 637      |
|    total_timesteps | 142328   |
| train/             |          |
|    actor_loss      | -14.1    |
|    critic_loss     | 9.64     |
|    ent_coef        | 0.0461   |
|    ent_coef_loss   | 0.0926   |
|    learning_rate   | 0.000522 |
|    n_updates       | 132320   |
---------------------------------
---------------------------------
| rollout/           |          |
|    ep_len_mean     | 645      |
|    ep_rew_mean     | -17.6    |
| time/              |          |
|    episodes        | 312      |
|    fps             | 223      |
|    time_elapsed    | 642      |
|    total_timesteps | 143528   |
| train/             |          |
|    actor_loss      | -14.3    |
|    critic_loss     | 16       |
|    ent_coef        | 0.0518   |
|    ent_coef_loss   | 0.0217   |
|    learning_rate   | 0.00052  |
|    n_updates       | 133520   |
---------------------------------
---------------------------------
| rollout/           |          |
|    ep_len_mean     | 615      |
|    ep_rew_mean     | -17.4    |
| time/              |          |
|    episodes        | 316      |
|    fps             | 223      |
|    time_elapsed    | 651      |
|    total_timesteps | 145600   |
| train/             |          |
|    actor_loss      | -12.3    |
|    critic_loss     | 15.7     |
|    ent_coef        | 0.0511   |
|    ent_coef_loss   | 0.277    |
|    learning_rate   | 0.000517 |
|    n_updates       | 135592   |
---------------------------------
---------------------------------
| rollout/           |          |
|    ep_len_mean     | 590      |
|    ep_rew_mean     | -22.1    |
| time/              |          |
|    episodes        | 320      |
|    fps             | 223      |
|    time_elapsed    | 654      |
|    total_timesteps | 146344   |
| train/             |          |
|    actor_loss      | -13.6    |
|    critic_loss     | 10.9     |
|    ent_coef        | 0.0495   |
|    ent_coef_loss   | 0.45     |
|    learning_rate   | 0.000516 |
|    n_updates       | 136336   |
---------------------------------
---------------------------------
| rollout/           |          |
|    ep_len_mean     | 582      |
|    ep_rew_mean     | -20.3    |
| time/              |          |
|    episodes        | 324      |
|    fps             | 223      |
|    time_elapsed    | 658      |
|    total_timesteps | 147104   |
| train/             |          |
|    actor_loss      | -14.2    |
|    critic_loss     | 10       |
|    ent_coef        | 0.0665   |
|    ent_coef_loss   | 0.0169   |
|    learning_rate   | 0.000515 |
|    n_updates       | 137096   |
---------------------------------
---------------------------------
| rollout/           |          |
|    ep_len_mean     | 582      |
|    ep_rew_mean     | -24      |
| time/              |          |
|    episodes        | 328      |
|    fps             | 223      |
|    time_elapsed    | 661      |
|    total_timesteps | 147792   |
| train/             |          |
|    actor_loss      | -15.5    |
|    critic_loss     | 11.2     |
|    ent_coef        | 0.0877   |
|    ent_coef_loss   | 0.244    |
|    learning_rate   | 0.000514 |
|    n_updates       | 137784   |
---------------------------------
---------------------------------
| rollout/           |          |
|    ep_len_mean     | 562      |
|    ep_rew_mean     | -26.7    |
| time/              |          |
|    episodes        | 332      |
|    fps             | 223      |
|    time_elapsed    | 663      |
|    total_timesteps | 148248   |
| train/             |          |
|    actor_loss      | -16.1    |
|    critic_loss     | 14.5     |
|    ent_coef        | 0.102    |
|    ent_coef_loss   | 0.255    |
|    learning_rate   | 0.000514 |
|    n_updates       | 138240   |
---------------------------------
---------------------------------
| rollout/           |          |
|    ep_len_mean     | 544      |
|    ep_rew_mean     | -33.5    |
| time/              |          |
|    episodes        | 336      |
|    fps             | 223      |
|    time_elapsed    | 666      |
|    total_timesteps | 149008   |
| train/             |          |
|    actor_loss      | -20.8    |
|    critic_loss     | 19       |
|    ent_coef        | 0.115    |
|    ent_coef_loss   | -0.0898  |
|    learning_rate   | 0.000512 |
|    n_updates       | 139000   |
---------------------------------
---------------------------------
| rollout/           |          |
|    ep_len_mean     | 517      |
|    ep_rew_mean     | -37.2    |
| time/              |          |
|    episodes        | 340      |
|    fps             | 223      |
|    time_elapsed    | 669      |
|    total_timesteps | 149808   |
| train/             |          |
|    actor_loss      | -20      |
|    critic_loss     | 12.3     |
|    ent_coef        | 0.106    |
|    ent_coef_loss   | -0.223   |
|    learning_rate   | 0.000511 |
|    n_updates       | 139800   |
---------------------------------
Eval num_timesteps=150000, episode_reward=-74.11 +/- 107.47
Episode length: 142.80 +/- 33.40
---------------------------------
| eval/              |          |
|    mean_ep_length  | 143      |
|    mean_reward     | -74.1    |
| time/              |          |
|    total_timesteps | 150000   |
| train/             |          |
|    actor_loss      | -21.1    |
|    critic_loss     | 12.2     |
|    ent_coef        | 0.1      |
|    ent_coef_loss   | -0.331   |
|    learning_rate   | 0.000511 |
|    n_updates       | 139992   |
---------------------------------
---------------------------------
| rollout/           |          |
|    ep_len_mean     | 494      |
|    ep_rew_mean     | -39.2    |
| time/              |          |
|    episodes        | 344      |
|    fps             | 223      |
|    time_elapsed    | 672      |
|    total_timesteps | 150224   |
| train/             |          |
|    actor_loss      | -19.4    |
|    critic_loss     | 16.9     |
|    ent_coef        | 0.0965   |
|    ent_coef_loss   | -0.124   |
|    learning_rate   | 0.000511 |
|    n_updates       | 140216   |
---------------------------------
---------------------------------
| rollout/           |          |
|    ep_len_mean     | 459      |
|    ep_rew_mean     | -41.7    |
| time/              |          |
|    episodes        | 348      |
|    fps             | 223      |
|    time_elapsed    | 674      |
|    total_timesteps | 150840   |
| train/             |          |
|    actor_loss      | -19.9    |
|    critic_loss     | 10.2     |
|    ent_coef        | 0.0848   |
|    ent_coef_loss   | 0.0589   |
|    learning_rate   | 0.00051  |
|    n_updates       | 140832   |
---------------------------------
---------------------------------
| rollout/           |          |
|    ep_len_mean     | 447      |
|    ep_rew_mean     | -46.2    |
| time/              |          |
|    episodes        | 352      |
|    fps             | 223      |
|    time_elapsed    | 679      |
|    total_timesteps | 151984   |
| train/             |          |
|    actor_loss      | -20.7    |
|    critic_loss     | 8.3      |
|    ent_coef        | 0.069    |
|    ent_coef_loss   | -0.241   |
|    learning_rate   | 0.000508 |
|    n_updates       | 141976   |
---------------------------------
---------------------------------
| rollout/           |          |
|    ep_len_mean     | 443      |
|    ep_rew_mean     | -44.6    |
| time/              |          |
|    episodes        | 356      |
|    fps             | 223      |
|    time_elapsed    | 709      |
|    total_timesteps | 158800   |
| train/             |          |
|    actor_loss      | -11.6    |
|    critic_loss     | 8.08     |
|    ent_coef        | 0.0473   |
|    ent_coef_loss   | 0.335    |
|    learning_rate   | 0.000498 |
|    n_updates       | 148792   |
---------------------------------
---------------------------------
| rollout/           |          |
|    ep_len_mean     | 452      |
|    ep_rew_mean     | -42.9    |
| time/              |          |
|    episodes        | 360      |
|    fps             | 223      |
|    time_elapsed    | 712      |
|    total_timesteps | 159488   |
| train/             |          |
|    actor_loss      | -11.9    |
|    critic_loss     | 13       |
|    ent_coef        | 0.0433   |
|    ent_coef_loss   | 0.436    |
|    learning_rate   | 0.000497 |
|    n_updates       | 149480   |
---------------------------------
Eval num_timesteps=160000, episode_reward=-135.76 +/- 94.22
Episode length: 527.70 +/- 332.35
---------------------------------
| eval/              |          |
|    mean_ep_length  | 528      |
|    mean_reward     | -136     |
| time/              |          |
|    total_timesteps | 160000   |
| train/             |          |
|    actor_loss      | -11.9    |
|    critic_loss     | 13.7     |
|    ent_coef        | 0.0471   |
|    ent_coef_loss   | 0.966    |
|    learning_rate   | 0.000496 |
|    n_updates       | 149992   |
---------------------------------
---------------------------------
| rollout/           |          |
|    ep_len_mean     | 429      |
|    ep_rew_mean     | -41      |
| time/              |          |
|    episodes        | 364      |
|    fps             | 223      |
|    time_elapsed    | 727      |
|    total_timesteps | 162560   |
| train/             |          |
|    actor_loss      | -10.4    |
|    critic_loss     | 10.3     |
|    ent_coef        | 0.056    |
|    ent_coef_loss   | 0.872    |
|    learning_rate   | 0.000493 |
|    n_updates       | 152552   |
---------------------------------
---------------------------------
| rollout/           |          |
|    ep_len_mean     | 431      |
|    ep_rew_mean     | -46.2    |
| time/              |          |
|    episodes        | 368      |
|    fps             | 223      |
|    time_elapsed    | 741      |
|    total_timesteps | 165600   |
| train/             |          |
|    actor_loss      | -9.59    |
|    critic_loss     | 6.58     |
|    ent_coef        | 0.0586   |
|    ent_coef_loss   | -0.0575  |
|    learning_rate   | 0.000488 |
|    n_updates       | 155592   |
---------------------------------
---------------------------------
| rollout/           |          |
|    ep_len_mean     | 432      |
|    ep_rew_mean     | -47.1    |
| time/              |          |
|    episodes        | 372      |
|    fps             | 223      |
|    time_elapsed    | 745      |
|    total_timesteps | 166616   |
| train/             |          |
|    actor_loss      | -11.4    |
|    critic_loss     | 6.99     |
|    ent_coef        | 0.0555   |
|    ent_coef_loss   | 0.253    |
|    learning_rate   | 0.000487 |
|    n_updates       | 156608   |
---------------------------------
Eval num_timesteps=170000, episode_reward=162.47 +/- 93.92
Episode length: 631.30 +/- 207.08
---------------------------------
| eval/              |          |
|    mean_ep_length  | 631      |
|    mean_reward     | 162      |
| time/              |          |
|    total_timesteps | 170000   |
| train/             |          |
|    actor_loss      | -10.3    |
|    critic_loss     | 8.01     |
|    ent_coef        | 0.056    |
|    ent_coef_loss   | -0.365   |
|    learning_rate   | 0.000482 |
|    n_updates       | 159992   |
---------------------------------
New best mean reward!
---------------------------------
| rollout/           |          |
|    ep_len_mean     | 441      |
|    ep_rew_mean     | -50.2    |
| time/              |          |
|    episodes        | 376      |
|    fps             | 222      |
|    time_elapsed    | 772      |
|    total_timesteps | 172072   |
| train/             |          |
|    actor_loss      | -10.4    |
|    critic_loss     | 6.62     |
|    ent_coef        | 0.0594   |
|    ent_coef_loss   | -0.137   |
|    learning_rate   | 0.000479 |
|    n_updates       | 162064   |
---------------------------------
---------------------------------
| rollout/           |          |
|    ep_len_mean     | 439      |
|    ep_rew_mean     | -49.4    |
| time/              |          |
|    episodes        | 380      |
|    fps             | 222      |
|    time_elapsed    | 781      |
|    total_timesteps | 174040   |
| train/             |          |
|    actor_loss      | -12.1    |
|    critic_loss     | 7.88     |
|    ent_coef        | 0.0615   |
|    ent_coef_loss   | 0.259    |
|    learning_rate   | 0.000476 |
|    n_updates       | 164032   |
---------------------------------
---------------------------------
| rollout/           |          |
|    ep_len_mean     | 451      |
|    ep_rew_mean     | -52.9    |
| time/              |          |
|    episodes        | 384      |
|    fps             | 222      |
|    time_elapsed    | 787      |
|    total_timesteps | 175368   |
| train/             |          |
|    actor_loss      | -12.3    |
|    critic_loss     | 12.1     |
|    ent_coef        | 0.0634   |
|    ent_coef_loss   | -0.0695  |
|    learning_rate   | 0.000474 |
|    n_updates       | 165360   |
---------------------------------
---------------------------------
| rollout/           |          |
|    ep_len_mean     | 439      |
|    ep_rew_mean     | -47      |
| time/              |          |
|    episodes        | 388      |
|    fps             | 222      |
|    time_elapsed    | 801      |
|    total_timesteps | 178288   |
| train/             |          |
|    actor_loss      | -14.7    |
|    critic_loss     | 10.7     |
|    ent_coef        | 0.0568   |
|    ent_coef_loss   | 0.0162   |
|    learning_rate   | 0.00047  |
|    n_updates       | 168280   |
---------------------------------
Eval num_timesteps=180000, episode_reward=227.88 +/- 87.46
Episode length: 353.80 +/- 137.91
---------------------------------
| eval/              |          |
|    mean_ep_length  | 354      |
|    mean_reward     | 228      |
| time/              |          |
|    total_timesteps | 180000   |
| train/             |          |
|    actor_loss      | -14.3    |
|    critic_loss     | 10.1     |
|    ent_coef        | 0.0579   |
|    ent_coef_loss   | 0.119    |
|    learning_rate   | 0.000467 |
|    n_updates       | 169992   |
---------------------------------
New best mean reward!
---------------------------------
| rollout/           |          |
|    ep_len_mean     | 439      |
|    ep_rew_mean     | -36.9    |
| time/              |          |
|    episodes        | 392      |
|    fps             | 221      |
|    time_elapsed    | 813      |
|    total_timesteps | 180600   |
| train/             |          |
|    actor_loss      | -15.8    |
|    critic_loss     | 8.73     |
|    ent_coef        | 0.0573   |
|    ent_coef_loss   | -0.229   |
|    learning_rate   | 0.000466 |
|    n_updates       | 170592   |
---------------------------------
---------------------------------
| rollout/           |          |
|    ep_len_mean     | 440      |
|    ep_rew_mean     | -29.5    |
| time/              |          |
|    episodes        | 396      |
|    fps             | 221      |
|    time_elapsed    | 816      |
|    total_timesteps | 181152   |
| train/             |          |
|    actor_loss      | -14.1    |
|    critic_loss     | 14.2     |
|    ent_coef        | 0.0517   |
|    ent_coef_loss   | -0.13    |
|    learning_rate   | 0.000466 |
|    n_updates       | 171144   |
---------------------------------
---------------------------------
| rollout/           |          |
|    ep_len_mean     | 445      |
|    ep_rew_mean     | -23.5    |
| time/              |          |
|    episodes        | 400      |
|    fps             | 221      |
|    time_elapsed    | 828      |
|    total_timesteps | 183848   |
| train/             |          |
|    actor_loss      | -15.3    |
|    critic_loss     | 9.16     |
|    ent_coef        | 0.0483   |
|    ent_coef_loss   | 0.526    |
|    learning_rate   | 0.000462 |
|    n_updates       | 173840   |
---------------------------------
---------------------------------
| rollout/           |          |
|    ep_len_mean     | 444      |
|    ep_rew_mean     | -20.8    |
| time/              |          |
|    episodes        | 404      |
|    fps             | 221      |
|    time_elapsed    | 835      |
|    total_timesteps | 185344   |
| train/             |          |
|    actor_loss      | -15.6    |
|    critic_loss     | 7.93     |
|    ent_coef        | 0.0491   |
|    ent_coef_loss   | -0.292   |
|    learning_rate   | 0.000459 |
|    n_updates       | 175336   |
---------------------------------
---------------------------------
| rollout/           |          |
|    ep_len_mean     | 445      |
|    ep_rew_mean     | -17.1    |
| time/              |          |
|    episodes        | 408      |
|    fps             | 221      |
|    time_elapsed    | 841      |
|    total_timesteps | 186536   |
| train/             |          |
|    actor_loss      | -15.2    |
|    critic_loss     | 8.81     |
|    ent_coef        | 0.0478   |
|    ent_coef_loss   | -0.262   |
|    learning_rate   | 0.000458 |
|    n_updates       | 176528   |
---------------------------------
---------------------------------
| rollout/           |          |
|    ep_len_mean     | 452      |
|    ep_rew_mean     | -13.2    |
| time/              |          |
|    episodes        | 412      |
|    fps             | 221      |
|    time_elapsed    | 849      |
|    total_timesteps | 188192   |
| train/             |          |
|    actor_loss      | -15.7    |
|    critic_loss     | 14.2     |
|    ent_coef        | 0.0483   |
|    ent_coef_loss   | -0.1     |
|    learning_rate   | 0.000455 |
|    n_updates       | 178184   |
---------------------------------
---------------------------------
| rollout/           |          |
|    ep_len_mean     | 455      |
|    ep_rew_mean     | -3.67    |
| time/              |          |
|    episodes        | 416      |
|    fps             | 221      |
|    time_elapsed    | 857      |
|    total_timesteps | 189920   |
| train/             |          |
|    actor_loss      | -15.5    |
|    critic_loss     | 8.81     |
|    ent_coef        | 0.0463   |
|    ent_coef_loss   | -0.206   |
|    learning_rate   | 0.000453 |
|    n_updates       | 179912   |
---------------------------------
Eval num_timesteps=190000, episode_reward=132.15 +/- 149.98
Episode length: 440.40 +/- 211.51
---------------------------------
| eval/              |          |
|    mean_ep_length  | 440      |
|    mean_reward     | 132      |
| time/              |          |
|    total_timesteps | 190000   |
| train/             |          |
|    actor_loss      | -15.8    |
|    critic_loss     | 5.61     |
|    ent_coef        | 0.0471   |
|    ent_coef_loss   | 0.197    |
|    learning_rate   | 0.000453 |
|    n_updates       | 179992   |
---------------------------------
---------------------------------
| rollout/           |          |
|    ep_len_mean     | 452      |
|    ep_rew_mean     | 9.18     |
| time/              |          |
|    episodes        | 420      |
|    fps             | 221      |
|    time_elapsed    | 867      |
|    total_timesteps | 191704   |
| train/             |          |
|    actor_loss      | -16.7    |
|    critic_loss     | 4.72     |
|    ent_coef        | 0.0466   |
|    ent_coef_loss   | 0.361    |
|    learning_rate   | 0.00045  |
|    n_updates       | 181696   |
---------------------------------
---------------------------------
| rollout/           |          |
|    ep_len_mean     | 467      |
|    ep_rew_mean     | 15.3     |
| time/              |          |
|    episodes        | 424      |
|    fps             | 221      |
|    time_elapsed    | 877      |
|    total_timesteps | 194008   |
| train/             |          |
|    actor_loss      | -15.8    |
|    critic_loss     | 8.43     |
|    ent_coef        | 0.0443   |
|    ent_coef_loss   | 0.334    |
|    learning_rate   | 0.000447 |
|    n_updates       | 184000   |
---------------------------------
---------------------------------
| rollout/           |          |
|    ep_len_mean     | 486      |
|    ep_rew_mean     | 30.8     |
| time/              |          |
|    episodes        | 428      |
|    fps             | 221      |
|    time_elapsed    | 887      |
|    total_timesteps | 196264   |
| train/             |          |
|    actor_loss      | -16.4    |
|    critic_loss     | 15.5     |
|    ent_coef        | 0.0443   |
|    ent_coef_loss   | 0.101    |
|    learning_rate   | 0.000443 |
|    n_updates       | 186256   |
---------------------------------
---------------------------------
| rollout/           |          |
|    ep_len_mean     | 498      |
|    ep_rew_mean     | 25.8     |
| time/              |          |
|    episodes        | 432      |
|    fps             | 221      |
|    time_elapsed    | 891      |
|    total_timesteps | 197064   |
| train/             |          |
|    actor_loss      | -16.2    |
|    critic_loss     | 6.84     |
|    ent_coef        | 0.0452   |
|    ent_coef_loss   | -0.263   |
|    learning_rate   | 0.000442 |
|    n_updates       | 187056   |
---------------------------------
---------------------------------
| rollout/           |          |
|    ep_len_mean     | 507      |
|    ep_rew_mean     | 33.8     |
| time/              |          |
|    episodes        | 436      |
|    fps             | 221      |
|    time_elapsed    | 900      |
|    total_timesteps | 199136   |
| train/             |          |
|    actor_loss      | -16      |
|    critic_loss     | 7.6      |
|    ent_coef        | 0.0488   |
|    ent_coef_loss   | 0.356    |
|    learning_rate   | 0.000439 |
|    n_updates       | 189128   |
---------------------------------
Eval num_timesteps=200000, episode_reward=155.89 +/- 121.84
Episode length: 451.40 +/- 256.32
---------------------------------
| eval/              |          |
|    mean_ep_length  | 451      |
|    mean_reward     | 156      |
| time/              |          |
|    total_timesteps | 200000   |
| train/             |          |
|    actor_loss      | -14.8    |
|    critic_loss     | 7.06     |
|    ent_coef        | 0.0472   |
|    ent_coef_loss   | -0.292   |
|    learning_rate   | 0.000438 |
|    n_updates       | 189992   |
---------------------------------
---------------------------------
| rollout/           |          |
|    ep_len_mean     | 515      |
|    ep_rew_mean     | 40.9     |
| time/              |          |
|    episodes        | 440      |
|    fps             | 220      |
|    time_elapsed    | 905      |
|    total_timesteps | 200112   |
| train/             |          |
|    actor_loss      | -13.7    |
|    critic_loss     | 8.19     |
|    ent_coef        | 0.0473   |
|    ent_coef_loss   | -0.305   |
|    learning_rate   | 0.000438 |
|    n_updates       | 190104   |
---------------------------------
---------------------------------
| rollout/           |          |
|    ep_len_mean     | 523      |
|    ep_rew_mean     | 46.4     |
| time/              |          |
|    episodes        | 444      |
|    fps             | 221      |
|    time_elapsed    | 916      |
|    total_timesteps | 202632   |
| train/             |          |
|    actor_loss      | -13.2    |
|    critic_loss     | 21.5     |
|    ent_coef        | 0.0439   |
|    ent_coef_loss   | -0.0416  |
|    learning_rate   | 0.000434 |
|    n_updates       | 192624   |
---------------------------------
---------------------------------
| rollout/           |          |
|    ep_len_mean     | 533      |
|    ep_rew_mean     | 59.4     |
| time/              |          |
|    episodes        | 448      |
|    fps             | 221      |
|    time_elapsed    | 928      |
|    total_timesteps | 205280   |
| train/             |          |
|    actor_loss      | -13.5    |
|    critic_loss     | 12.9     |
|    ent_coef        | 0.0481   |
|    ent_coef_loss   | 0.462    |
|    learning_rate   | 0.00043  |
|    n_updates       | 195272   |
---------------------------------
---------------------------------
| rollout/           |          |
|    ep_len_mean     | 532      |
|    ep_rew_mean     | 67.6     |
| time/              |          |
|    episodes        | 452      |
|    fps             | 221      |
|    time_elapsed    | 931      |
|    total_timesteps | 205840   |
| train/             |          |
|    actor_loss      | -12.5    |
|    critic_loss     | 9.02     |
|    ent_coef        | 0.0456   |
|    ent_coef_loss   | -0.162   |
|    learning_rate   | 0.000429 |
|    n_updates       | 195832   |
---------------------------------
---------------------------------
| rollout/           |          |
|    ep_len_mean     | 520      |
|    ep_rew_mean     | 68.8     |
| time/              |          |
|    episodes        | 456      |
|    fps             | 221      |
|    time_elapsed    | 940      |
|    total_timesteps | 207968   |
| train/             |          |
|    actor_loss      | -12.2    |
|    critic_loss     | 4.92     |
|    ent_coef        | 0.0464   |
|    ent_coef_loss   | -0.21    |
|    learning_rate   | 0.000426 |
|    n_updates       | 197960   |
---------------------------------
---------------------------------
| rollout/           |          |
|    ep_len_mean     | 490      |
|    ep_rew_mean     | 77.2     |
| time/              |          |
|    episodes        | 460      |
|    fps             | 221      |
|    time_elapsed    | 945      |
|    total_timesteps | 208880   |
| train/             |          |
|    actor_loss      | -15      |
|    critic_loss     | 5.79     |
|    ent_coef        | 0.0494   |
|    ent_coef_loss   | 0.0758   |
|    learning_rate   | 0.000425 |
|    n_updates       | 198872   |
---------------------------------
Eval num_timesteps=210000, episode_reward=131.42 +/- 168.73
Episode length: 361.80 +/- 227.57
---------------------------------
| eval/              |          |
|    mean_ep_length  | 362      |
|    mean_reward     | 131      |
| time/              |          |
|    total_timesteps | 210000   |
| train/             |          |
|    actor_loss      | -14.1    |
|    critic_loss     | 29.9     |
|    ent_coef        | 0.0468   |
|    ent_coef_loss   | 0.000814 |
|    learning_rate   | 0.000423 |
|    n_updates       | 199992   |
---------------------------------
---------------------------------
| rollout/           |          |
|    ep_len_mean     | 496      |
|    ep_rew_mean     | 79.5     |
| time/              |          |
|    episodes        | 464      |
|    fps             | 220      |
|    time_elapsed    | 953      |
|    total_timesteps | 210416   |
| train/             |          |
|    actor_loss      | -13.5    |
|    critic_loss     | 14       |
|    ent_coef        | 0.0494   |
|    ent_coef_loss   | 0.137    |
|    learning_rate   | 0.000423 |
|    n_updates       | 200408   |
---------------------------------
---------------------------------
| rollout/           |          |
|    ep_len_mean     | 485      |
|    ep_rew_mean     | 88.1     |
| time/              |          |
|    episodes        | 468      |
|    fps             | 220      |
|    time_elapsed    | 957      |
|    total_timesteps | 211480   |
| train/             |          |
|    actor_loss      | -13      |
|    critic_loss     | 11.7     |
|    ent_coef        | 0.0478   |
|    ent_coef_loss   | -0.496   |
|    learning_rate   | 0.000421 |
|    n_updates       | 201472   |
---------------------------------
---------------------------------
| rollout/           |          |
|    ep_len_mean     | 476      |
|    ep_rew_mean     | 100      |
| time/              |          |
|    episodes        | 472      |
|    fps             | 220      |
|    time_elapsed    | 965      |
|    total_timesteps | 213136   |
| train/             |          |
|    actor_loss      | -14.8    |
|    critic_loss     | 8.79     |
|    ent_coef        | 0.0483   |
|    ent_coef_loss   | -0.307   |
|    learning_rate   | 0.000419 |
|    n_updates       | 203128   |
---------------------------------
---------------------------------
| rollout/           |          |
|    ep_len_mean     | 456      |
|    ep_rew_mean     | 107      |
| time/              |          |
|    episodes        | 476      |
|    fps             | 220      |
|    time_elapsed    | 977      |
|    total_timesteps | 215576   |
| train/             |          |
|    actor_loss      | -13.1    |
|    critic_loss     | 10.7     |
|    ent_coef        | 0.0476   |
|    ent_coef_loss   | 0.131    |
|    learning_rate   | 0.000415 |
|    n_updates       | 205568   |
---------------------------------
---------------------------------
| rollout/           |          |
|    ep_len_mean     | 448      |
|    ep_rew_mean     | 114      |
| time/              |          |
|    episodes        | 480      |
|    fps             | 220      |
|    time_elapsed    | 982      |
|    total_timesteps | 216720   |
| train/             |          |
|    actor_loss      | -12.6    |
|    critic_loss     | 6.25     |
|    ent_coef        | 0.049    |
|    ent_coef_loss   | 0.0486   |
|    learning_rate   | 0.000414 |
|    n_updates       | 206712   |
---------------------------------
---------------------------------
| rollout/           |          |
|    ep_len_mean     | 423      |
|    ep_rew_mean     | 118      |
| time/              |          |
|    episodes        | 484      |
|    fps             | 220      |
|    time_elapsed    | 993      |
|    total_timesteps | 218968   |
| train/             |          |
|    actor_loss      | -15.9    |
|    critic_loss     | 9.22     |
|    ent_coef        | 0.0547   |
|    ent_coef_loss   | 0.0369   |
|    learning_rate   | 0.00041  |
|    n_updates       | 208960   |
---------------------------------
---------------------------------
| rollout/           |          |
|    ep_len_mean     | 440      |
|    ep_rew_mean     | 118      |
| time/              |          |
|    episodes        | 488      |
|    fps             | 220      |
|    time_elapsed    | 997      |
|    total_timesteps | 219872   |
| train/             |          |
|    actor_loss      | -16.5    |
|    critic_loss     | 18.1     |
|    ent_coef        | 0.0558   |
|    ent_coef_loss   | 0.329    |
|    learning_rate   | 0.000409 |
|    n_updates       | 209864   |
---------------------------------
Eval num_timesteps=220000, episode_reward=160.17 +/- 162.58
Episode length: 484.70 +/- 245.97
---------------------------------
| eval/              |          |
|    mean_ep_length  | 485      |
|    mean_reward     | 160      |
| time/              |          |
|    total_timesteps | 220000   |
| train/             |          |
|    actor_loss      | -17.2    |
|    critic_loss     | 10.5     |
|    ent_coef        | 0.0554   |
|    ent_coef_loss   | 0.107    |
|    learning_rate   | 0.000409 |
|    n_updates       | 209992   |
---------------------------------
---------------------------------
| rollout/           |          |
|    ep_len_mean     | 425      |
|    ep_rew_mean     | 118      |
| time/              |          |
|    episodes        | 492      |
|    fps             | 220      |
|    time_elapsed    | 1007     |
|    total_timesteps | 221656   |
| train/             |          |
|    actor_loss      | -17.8    |
|    critic_loss     | 6.89     |
|    ent_coef        | 0.0596   |
|    ent_coef_loss   | 0.025    |
|    learning_rate   | 0.000406 |
|    n_updates       | 211648   |
---------------------------------
---------------------------------
| rollout/           |          |
|    ep_len_mean     | 411      |
|    ep_rew_mean     | 122      |
| time/              |          |
|    episodes        | 496      |
|    fps             | 220      |
|    time_elapsed    | 1012     |
|    total_timesteps | 222704   |
| train/             |          |
|    actor_loss      | -19.7    |
|    critic_loss     | 6.99     |
|    ent_coef        | 0.0609   |
|    ent_coef_loss   | -0.219   |
|    learning_rate   | 0.000405 |
|    n_updates       | 212696   |
---------------------------------
---------------------------------
| rollout/           |          |
|    ep_len_mean     | 413      |
|    ep_rew_mean     | 120      |
| time/              |          |
|    episodes        | 500      |
|    fps             | 220      |
|    time_elapsed    | 1020     |
|    total_timesteps | 224664   |
| train/             |          |
|    actor_loss      | -18.5    |
|    critic_loss     | 13.4     |
|    ent_coef        | 0.0576   |
|    ent_coef_loss   | -0.154   |
|    learning_rate   | 0.000402 |
|    n_updates       | 214656   |
---------------------------------
---------------------------------
| rollout/           |          |
|    ep_len_mean     | 411      |
|    ep_rew_mean     | 124      |
| time/              |          |
|    episodes        | 504      |
|    fps             | 220      |
|    time_elapsed    | 1024     |
|    total_timesteps | 225624   |
| train/             |          |
|    actor_loss      | -20.5    |
|    critic_loss     | 11       |
|    ent_coef        | 0.0578   |
|    ent_coef_loss   | 0.239    |
|    learning_rate   | 0.000401 |
|    n_updates       | 215616   |
---------------------------------
---------------------------------
| rollout/           |          |
|    ep_len_mean     | 404      |
|    ep_rew_mean     | 124      |
| time/              |          |
|    episodes        | 508      |
|    fps             | 220      |
|    time_elapsed    | 1033     |
|    total_timesteps | 227544   |
| train/             |          |
|    actor_loss      | -20.7    |
|    critic_loss     | 8.54     |
|    ent_coef        | 0.0564   |
|    ent_coef_loss   | 0.201    |
|    learning_rate   | 0.000398 |
|    n_updates       | 217536   |
---------------------------------
---------------------------------
| rollout/           |          |
|    ep_len_mean     | 401      |
|    ep_rew_mean     | 128      |
| time/              |          |
|    episodes        | 512      |
|    fps             | 220      |
|    time_elapsed    | 1039     |
|    total_timesteps | 228768   |
| train/             |          |
|    actor_loss      | -19.8    |
|    critic_loss     | 6.86     |
|    ent_coef        | 0.0569   |
|    ent_coef_loss   | -0.0234  |
|    learning_rate   | 0.000396 |
|    n_updates       | 218760   |
---------------------------------
Eval num_timesteps=230000, episode_reward=172.68 +/- 173.59
Episode length: 431.20 +/- 205.67
---------------------------------
| eval/              |          |
|    mean_ep_length  | 431      |
|    mean_reward     | 173      |
| time/              |          |
|    total_timesteps | 230000   |
| train/             |          |
|    actor_loss      | -21.4    |
|    critic_loss     | 7.47     |
|    ent_coef        | 0.0604   |
|    ent_coef_loss   | 0.32     |
|    learning_rate   | 0.000394 |
|    n_updates       | 219992   |
---------------------------------
---------------------------------
| rollout/           |          |
|    ep_len_mean     | 408      |
|    ep_rew_mean     | 122      |
| time/              |          |
|    episodes        | 516      |
|    fps             | 219      |
|    time_elapsed    | 1048     |
|    total_timesteps | 230400   |
| train/             |          |
|    actor_loss      | -20.9    |
|    critic_loss     | 11.6     |
|    ent_coef        | 0.0588   |
|    ent_coef_loss   | 0.0376   |
|    learning_rate   | 0.000394 |
|    n_updates       | 220392   |
---------------------------------
---------------------------------
| rollout/           |          |
|    ep_len_mean     | 407      |
|    ep_rew_mean     | 124      |
| time/              |          |
|    episodes        | 520      |
|    fps             | 219      |
|    time_elapsed    | 1053     |
|    total_timesteps | 231664   |
| train/             |          |
|    actor_loss      | -21.2    |
|    critic_loss     | 11       |
|    ent_coef        | 0.0561   |
|    ent_coef_loss   | 0.366    |
|    learning_rate   | 0.000392 |
|    n_updates       | 221656   |
---------------------------------
---------------------------------
| rollout/           |          |
|    ep_len_mean     | 402      |
|    ep_rew_mean     | 130      |
| time/              |          |
|    episodes        | 524      |
|    fps             | 219      |
|    time_elapsed    | 1064     |
|    total_timesteps | 233960   |
| train/             |          |
|    actor_loss      | -21.9    |
|    critic_loss     | 5.37     |
|    ent_coef        | 0.0559   |
|    ent_coef_loss   | 0.159    |
|    learning_rate   | 0.000388 |
|    n_updates       | 223952   |
---------------------------------
---------------------------------
| rollout/           |          |
|    ep_len_mean     | 405      |
|    ep_rew_mean     | 123      |
| time/              |          |
|    episodes        | 528      |
|    fps             | 219      |
|    time_elapsed    | 1074     |
|    total_timesteps | 236096   |
| train/             |          |
|    actor_loss      | -21.9    |
|    critic_loss     | 10.5     |
|    ent_coef        | 0.0586   |
|    ent_coef_loss   | -0.239   |
|    learning_rate   | 0.000385 |
|    n_updates       | 226088   |
---------------------------------
---------------------------------
| rollout/           |          |
|    ep_len_mean     | 400      |
|    ep_rew_mean     | 139      |
| time/              |          |
|    episodes        | 532      |
|    fps             | 219      |
|    time_elapsed    | 1085     |
|    total_timesteps | 238432   |
| train/             |          |
|    actor_loss      | -21.4    |
|    critic_loss     | 8.13     |
|    ent_coef        | 0.0539   |
|    ent_coef_loss   | 0.176    |
|    learning_rate   | 0.000382 |
|    n_updates       | 228424   |
---------------------------------
---------------------------------
| rollout/           |          |
|    ep_len_mean     | 405      |
|    ep_rew_mean     | 136      |
| time/              |          |
|    episodes        | 536      |
|    fps             | 219      |
|    time_elapsed    | 1090     |
|    total_timesteps | 239464   |
| train/             |          |
|    actor_loss      | -19.8    |
|    critic_loss     | 6.82     |
|    ent_coef        | 0.0512   |
|    ent_coef_loss   | -0.315   |
|    learning_rate   | 0.00038  |
|    n_updates       | 229456   |
---------------------------------
Eval num_timesteps=240000, episode_reward=141.46 +/- 123.16
Episode length: 603.30 +/- 325.53
---------------------------------
| eval/              |          |
|    mean_ep_length  | 603      |
|    mean_reward     | 141      |
| time/              |          |
|    total_timesteps | 240000   |
| train/             |          |
|    actor_loss      | -19.8    |
|    critic_loss     | 8.91     |
|    ent_coef        | 0.0523   |
|    ent_coef_loss   | 0.195    |
|    learning_rate   | 0.00038  |
|    n_updates       | 229992   |
---------------------------------
---------------------------------
| rollout/           |          |
|    ep_len_mean     | 411      |
|    ep_rew_mean     | 142      |
| time/              |          |
|    episodes        | 540      |
|    fps             | 219      |
|    time_elapsed    | 1098     |
|    total_timesteps | 240744   |
| train/             |          |
|    actor_loss      | -19.8    |
|    critic_loss     | 6.91     |
|    ent_coef        | 0.0531   |
|    ent_coef_loss   | -0.257   |
|    learning_rate   | 0.000379 |
|    n_updates       | 230736   |
---------------------------------
---------------------------------
| rollout/           |          |
|    ep_len_mean     | 405      |
|    ep_rew_mean     | 149      |
| time/              |          |
|    episodes        | 544      |
|    fps             | 219      |
|    time_elapsed    | 1105     |
|    total_timesteps | 242280   |
| train/             |          |
|    actor_loss      | -20.9    |
|    critic_loss     | 9.66     |
|    ent_coef        | 0.052    |
|    ent_coef_loss   | -0.236   |
|    learning_rate   | 0.000376 |
|    n_updates       | 232272   |
---------------------------------
---------------------------------
| rollout/           |          |
|    ep_len_mean     | 402      |
|    ep_rew_mean     | 146      |
| time/              |          |
|    episodes        | 548      |
|    fps             | 219      |
|    time_elapsed    | 1110     |
|    total_timesteps | 243344   |
| train/             |          |
|    actor_loss      | -18.5    |
|    critic_loss     | 8.19     |
|    ent_coef        | 0.0512   |
|    ent_coef_loss   | 0.166    |
|    learning_rate   | 0.000375 |
|    n_updates       | 233336   |
---------------------------------
---------------------------------
| rollout/           |          |
|    ep_len_mean     | 393      |
|    ep_rew_mean     | 150      |
| time/              |          |
|    episodes        | 552      |
|    fps             | 219      |
|    time_elapsed    | 1117     |
|    total_timesteps | 244808   |
| train/             |          |
|    actor_loss      | -19.5    |
|    critic_loss     | 14.9     |
|    ent_coef        | 0.0511   |
|    ent_coef_loss   | -0.00743 |
|    learning_rate   | 0.000373 |
|    n_updates       | 234800   |
---------------------------------
---------------------------------
| rollout/           |          |
|    ep_len_mean     | 389      |
|    ep_rew_mean     | 160      |
| time/              |          |
|    episodes        | 556      |
|    fps             | 219      |
|    time_elapsed    | 1121     |
|    total_timesteps | 245784   |
| train/             |          |
|    actor_loss      | -19.3    |
|    critic_loss     | 8.69     |
|    ent_coef        | 0.0494   |
|    ent_coef_loss   | 0.0683   |
|    learning_rate   | 0.000371 |
|    n_updates       | 235776   |
---------------------------------
---------------------------------
| rollout/           |          |
|    ep_len_mean     | 391      |
|    ep_rew_mean     | 159      |
| time/              |          |
|    episodes        | 560      |
|    fps             | 219      |
|    time_elapsed    | 1130     |
|    total_timesteps | 247976   |
| train/             |          |
|    actor_loss      | -20.6    |
|    critic_loss     | 3.83     |
|    ent_coef        | 0.0535   |
|    ent_coef_loss   | -0.16    |
|    learning_rate   | 0.000368 |
|    n_updates       | 237968   |
---------------------------------
---------------------------------
| rollout/           |          |
|    ep_len_mean     | 386      |
|    ep_rew_mean     | 166      |
| time/              |          |
|    episodes        | 564      |
|    fps             | 219      |
|    time_elapsed    | 1131     |
|    total_timesteps | 248080   |
| train/             |          |
|    actor_loss      | -20.6    |
|    critic_loss     | 12.1     |
|    ent_coef        | 0.0532   |
|    ent_coef_loss   | -0.243   |
|    learning_rate   | 0.000368 |
|    n_updates       | 238072   |
---------------------------------
Eval num_timesteps=250000, episode_reward=74.87 +/- 200.37
Episode length: 509.80 +/- 283.83
---------------------------------
| eval/              |          |
|    mean_ep_length  | 510      |
|    mean_reward     | 74.9     |
| time/              |          |
|    total_timesteps | 250000   |
| train/             |          |
|    actor_loss      | -20.2    |
|    critic_loss     | 5.41     |
|    ent_coef        | 0.0541   |
|    ent_coef_loss   | -0.0881  |
|    learning_rate   | 0.000365 |
|    n_updates       | 239992   |
---------------------------------
---------------------------------
| rollout/           |          |
|    ep_len_mean     | 388      |
|    ep_rew_mean     | 173      |
| time/              |          |
|    episodes        | 568      |
|    fps             | 219      |
|    time_elapsed    | 1144     |
|    total_timesteps | 250608   |
| train/             |          |
|    actor_loss      | -18.9    |
|    critic_loss     | 8.72     |
|    ent_coef        | 0.0526   |
|    ent_coef_loss   | -0.0436  |
|    learning_rate   | 0.000364 |
|    n_updates       | 240600   |
---------------------------------
---------------------------------
| rollout/           |          |
|    ep_len_mean     | 383      |
|    ep_rew_mean     | 172      |
| time/              |          |
|    episodes        | 572      |
|    fps             | 219      |
|    time_elapsed    | 1148     |
|    total_timesteps | 251656   |
| train/             |          |
|    actor_loss      | -21.1    |
|    critic_loss     | 10.6     |
|    ent_coef        | 0.0542   |
|    ent_coef_loss   | -0.127   |
|    learning_rate   | 0.000363 |
|    n_updates       | 241648   |
---------------------------------
---------------------------------
| rollout/           |          |
|    ep_len_mean     | 381      |
|    ep_rew_mean     | 172      |
| time/              |          |
|    episodes        | 576      |
|    fps             | 219      |
|    time_elapsed    | 1154     |
|    total_timesteps | 252864   |
| train/             |          |
|    actor_loss      | -21.3    |
|    critic_loss     | 25.3     |
|    ent_coef        | 0.0566   |
|    ent_coef_loss   | 0.0518   |
|    learning_rate   | 0.000361 |
|    n_updates       | 242856   |
---------------------------------
---------------------------------
| rollout/           |          |
|    ep_len_mean     | 377      |
|    ep_rew_mean     | 173      |
| time/              |          |
|    episodes        | 580      |
|    fps             | 218      |
|    time_elapsed    | 1164     |
|    total_timesteps | 255048   |
| train/             |          |
|    actor_loss      | -20.4    |
|    critic_loss     | 6.27     |
|    ent_coef        | 0.0587   |
|    ent_coef_loss   | 0.272    |
|    learning_rate   | 0.000358 |
|    n_updates       | 245040   |
---------------------------------
---------------------------------
| rollout/           |          |
|    ep_len_mean     | 380      |
|    ep_rew_mean     | 178      |
| time/              |          |
|    episodes        | 584      |
|    fps             | 218      |
|    time_elapsed    | 1169     |
|    total_timesteps | 255976   |
| train/             |          |
|    actor_loss      | -21.9    |
|    critic_loss     | 7.11     |
|    ent_coef        | 0.0576   |
|    ent_coef_loss   | -0.0823  |
|    learning_rate   | 0.000356 |
|    n_updates       | 245968   |
---------------------------------
---------------------------------
| rollout/           |          |
|    ep_len_mean     | 372      |
|    ep_rew_mean     | 183      |
| time/              |          |
|    episodes        | 588      |
|    fps             | 218      |
|    time_elapsed    | 1177     |
|    total_timesteps | 257816   |
| train/             |          |
|    actor_loss      | -20.4    |
|    critic_loss     | 6.51     |
|    ent_coef        | 0.0547   |
|    ent_coef_loss   | -0.322   |
|    learning_rate   | 0.000354 |
|    n_updates       | 247808   |
---------------------------------
---------------------------------
| rollout/           |          |
|    ep_len_mean     | 374      |
|    ep_rew_mean     | 183      |
| time/              |          |
|    episodes        | 592      |
|    fps             | 218      |
|    time_elapsed    | 1179     |
|    total_timesteps | 258232   |
| train/             |          |
|    actor_loss      | -21.4    |
|    critic_loss     | 6.86     |
|    ent_coef        | 0.0531   |
|    ent_coef_loss   | -0.223   |
|    learning_rate   | 0.000353 |
|    n_updates       | 248224   |
---------------------------------
Eval num_timesteps=260000, episode_reward=120.02 +/- 194.05
Episode length: 451.00 +/- 171.96
---------------------------------
| eval/              |          |
|    mean_ep_length  | 451      |
|    mean_reward     | 120      |
| time/              |          |
|    total_timesteps | 260000   |
| train/             |          |
|    actor_loss      | -20.7    |
|    critic_loss     | 6.41     |
|    ent_coef        | 0.0532   |
|    ent_coef_loss   | 0.0257   |
|    learning_rate   | 0.00035  |
|    n_updates       | 249992   |
---------------------------------
---------------------------------
| rollout/           |          |
|    ep_len_mean     | 374      |
|    ep_rew_mean     | 184      |
| time/              |          |
|    episodes        | 596      |
|    fps             | 218      |
|    time_elapsed    | 1190     |
|    total_timesteps | 260288   |
| train/             |          |
|    actor_loss      | -20.1    |
|    critic_loss     | 18       |
|    ent_coef        | 0.054    |
|    ent_coef_loss   | -0.126   |
|    learning_rate   | 0.00035  |
|    n_updates       | 250280   |
---------------------------------
---------------------------------
| rollout/           |          |
|    ep_len_mean     | 370      |
|    ep_rew_mean     | 189      |
| time/              |          |
|    episodes        | 600      |
|    fps             | 218      |
|    time_elapsed    | 1199     |
|    total_timesteps | 262048   |
| train/             |          |
|    actor_loss      | -22.3    |
|    critic_loss     | 7.53     |
|    ent_coef        | 0.0525   |
|    ent_coef_loss   | 0.106    |
|    learning_rate   | 0.000347 |
|    n_updates       | 252040   |
---------------------------------
---------------------------------
| rollout/           |          |
|    ep_len_mean     | 376      |
|    ep_rew_mean     | 183      |
| time/              |          |
|    episodes        | 604      |
|    fps             | 218      |
|    time_elapsed    | 1201     |
|    total_timesteps | 262456   |
| train/             |          |
|    actor_loss      | -20.6    |
|    critic_loss     | 12.1     |
|    ent_coef        | 0.0537   |
|    ent_coef_loss   | 0.182    |
|    learning_rate   | 0.000347 |
|    n_updates       | 252448   |
---------------------------------
---------------------------------
| rollout/           |          |
|    ep_len_mean     | 375      |
|    ep_rew_mean     | 188      |
| time/              |          |
|    episodes        | 608      |
|    fps             | 218      |
|    time_elapsed    | 1210     |
|    total_timesteps | 264328   |
| train/             |          |
|    actor_loss      | -21      |
|    critic_loss     | 9.73     |
|    ent_coef        | 0.0596   |
|    ent_coef_loss   | -0.24    |
|    learning_rate   | 0.000344 |
|    n_updates       | 254320   |
---------------------------------
---------------------------------
| rollout/           |          |
|    ep_len_mean     | 373      |
|    ep_rew_mean     | 188      |
| time/              |          |
|    episodes        | 612      |
|    fps             | 218      |
|    time_elapsed    | 1219     |
|    total_timesteps | 266328   |
| train/             |          |
|    actor_loss      | -21.1    |
|    critic_loss     | 5.83     |
|    ent_coef        | 0.0659   |
|    ent_coef_loss   | -0.212   |
|    learning_rate   | 0.000341 |
|    n_updates       | 256320   |
---------------------------------
---------------------------------
| rollout/           |          |
|    ep_len_mean     | 366      |
|    ep_rew_mean     | 196      |
| time/              |          |
|    episodes        | 616      |
|    fps             | 218      |
|    time_elapsed    | 1224     |
|    total_timesteps | 267360   |
| train/             |          |
|    actor_loss      | -23.4    |
|    critic_loss     | 14.7     |
|    ent_coef        | 0.0655   |
|    ent_coef_loss   | -0.102   |
|    learning_rate   | 0.00034  |
|    n_updates       | 257352   |
---------------------------------
---------------------------------
| rollout/           |          |
|    ep_len_mean     | 370      |
|    ep_rew_mean     | 195      |
| time/              |          |
|    episodes        | 620      |
|    fps             | 218      |
|    time_elapsed    | 1230     |
|    total_timesteps | 268600   |
| train/             |          |
|    actor_loss      | -23.6    |
|    critic_loss     | 7.69     |
|    ent_coef        | 0.0633   |
|    ent_coef_loss   | -0.383   |
|    learning_rate   | 0.000338 |
|    n_updates       | 258592   |
---------------------------------
Eval num_timesteps=270000, episode_reward=145.81 +/- 125.55
Episode length: 594.00 +/- 332.82
---------------------------------
| eval/              |          |
|    mean_ep_length  | 594      |
|    mean_reward     | 146      |
| time/              |          |
|    total_timesteps | 270000   |
| train/             |          |
|    actor_loss      | -23.7    |
|    critic_loss     | 7.01     |
|    ent_coef        | 0.0599   |
|    ent_coef_loss   | 0.174    |
|    learning_rate   | 0.000336 |
|    n_updates       | 259992   |
---------------------------------
---------------------------------
| rollout/           |          |
|    ep_len_mean     | 374      |
|    ep_rew_mean     | 193      |
| time/              |          |
|    episodes        | 624      |
|    fps             | 217      |
|    time_elapsed    | 1241     |
|    total_timesteps | 270512   |
| train/             |          |
|    actor_loss      | -24.3    |
|    critic_loss     | 9.48     |
|    ent_coef        | 0.0569   |
|    ent_coef_loss   | -0.247   |
|    learning_rate   | 0.000335 |
|    n_updates       | 260504   |
---------------------------------
---------------------------------
| rollout/           |          |
|    ep_len_mean     | 359      |
|    ep_rew_mean     | 199      |
| time/              |          |
|    episodes        | 628      |
|    fps             | 217      |
|    time_elapsed    | 1248     |
|    total_timesteps | 272000   |
| train/             |          |
|    actor_loss      | -25      |
|    critic_loss     | 10       |
|    ent_coef        | 0.0585   |
|    ent_coef_loss   | 0.00689  |
|    learning_rate   | 0.000333 |
|    n_updates       | 261992   |
---------------------------------
---------------------------------
| rollout/           |          |
|    ep_len_mean     | 354      |
|    ep_rew_mean     | 196      |
| time/              |          |
|    episodes        | 632      |
|    fps             | 217      |
|    time_elapsed    | 1253     |
|    total_timesteps | 273048   |
| train/             |          |
|    actor_loss      | -24.6    |
|    critic_loss     | 8.37     |
|    ent_coef        | 0.0571   |
|    ent_coef_loss   | -0.223   |
|    learning_rate   | 0.000331 |
|    n_updates       | 263040   |
---------------------------------
---------------------------------
| rollout/           |          |
|    ep_len_mean     | 341      |
|    ep_rew_mean     | 195      |
| time/              |          |
|    episodes        | 636      |
|    fps             | 217      |
|    time_elapsed    | 1258     |
|    total_timesteps | 274104   |
| train/             |          |
|    actor_loss      | -24.6    |
|    critic_loss     | 9.51     |
|    ent_coef        | 0.0582   |
|    ent_coef_loss   | 0.259    |
|    learning_rate   | 0.00033  |
|    n_updates       | 264096   |
---------------------------------
---------------------------------
| rollout/           |          |
|    ep_len_mean     | 341      |
|    ep_rew_mean     | 194      |
| time/              |          |
|    episodes        | 640      |
|    fps             | 217      |
|    time_elapsed    | 1260     |
|    total_timesteps | 274464   |
| train/             |          |
|    actor_loss      | -24.5    |
|    critic_loss     | 8.28     |
|    ent_coef        | 0.0587   |
|    ent_coef_loss   | -0.0687  |
|    learning_rate   | 0.000329 |
|    n_updates       | 264456   |
---------------------------------
---------------------------------
| rollout/           |          |
|    ep_len_mean     | 333      |
|    ep_rew_mean     | 188      |
| time/              |          |
|    episodes        | 644      |
|    fps             | 217      |
|    time_elapsed    | 1268     |
|    total_timesteps | 276232   |
| train/             |          |
|    actor_loss      | -25.1    |
|    critic_loss     | 7.57     |
|    ent_coef        | 0.0582   |
|    ent_coef_loss   | -0.224   |
|    learning_rate   | 0.000327 |
|    n_updates       | 266224   |
---------------------------------
---------------------------------
| rollout/           |          |
|    ep_len_mean     | 336      |
|    ep_rew_mean     | 189      |
| time/              |          |
|    episodes        | 648      |
|    fps             | 217      |
|    time_elapsed    | 1274     |
|    total_timesteps | 277616   |
| train/             |          |
|    actor_loss      | -25.4    |
|    critic_loss     | 8.22     |
|    ent_coef        | 0.0615   |
|    ent_coef_loss   | 0.121    |
|    learning_rate   | 0.000325 |
|    n_updates       | 267608   |
---------------------------------
---------------------------------
| rollout/           |          |
|    ep_len_mean     | 341      |
|    ep_rew_mean     | 186      |
| time/              |          |
|    episodes        | 652      |
|    fps             | 217      |
|    time_elapsed    | 1280     |
|    total_timesteps | 278840   |
| train/             |          |
|    actor_loss      | -25.8    |
|    critic_loss     | 28.5     |
|    ent_coef        | 0.0582   |
|    ent_coef_loss   | -0.37    |
|    learning_rate   | 0.000323 |
|    n_updates       | 268832   |
---------------------------------
Eval num_timesteps=280000, episode_reward=247.09 +/- 23.36
Episode length: 297.70 +/- 55.00
----------------------------------
| eval/              |           |
|    mean_ep_length  | 298       |
|    mean_reward     | 247       |
| time/              |           |
|    total_timesteps | 280000    |
| train/             |           |
|    actor_loss      | -23.9     |
|    critic_loss     | 10.8      |
|    ent_coef        | 0.0591    |
|    ent_coef_loss   | -0.000544 |
|    learning_rate   | 0.000321  |
|    n_updates       | 269992    |
----------------------------------
New best mean reward!
---------------------------------
| rollout/           |          |
|    ep_len_mean     | 343      |
|    ep_rew_mean     | 186      |
| time/              |          |
|    episodes        | 656      |
|    fps             | 217      |
|    time_elapsed    | 1289     |
|    total_timesteps | 280536   |
| train/             |          |
|    actor_loss      | -25.5    |
|    critic_loss     | 9.39     |
|    ent_coef        | 0.0611   |
|    ent_coef_loss   | 0.175    |
|    learning_rate   | 0.00032  |
|    n_updates       | 270528   |
---------------------------------
---------------------------------
| rollout/           |          |
|    ep_len_mean     | 341      |
|    ep_rew_mean     | 191      |
| time/              |          |
|    episodes        | 660      |
|    fps             | 217      |
|    time_elapsed    | 1291     |
|    total_timesteps | 281088   |
| train/             |          |
|    actor_loss      | -24.7    |
|    critic_loss     | 5.79     |
|    ent_coef        | 0.0592   |
|    ent_coef_loss   | -0.272   |
|    learning_rate   | 0.00032  |
|    n_updates       | 271080   |
---------------------------------
---------------------------------
| rollout/           |          |
|    ep_len_mean     | 333      |
|    ep_rew_mean     | 192      |
| time/              |          |
|    episodes        | 664      |
|    fps             | 217      |
|    time_elapsed    | 1299     |
|    total_timesteps | 282760   |
| train/             |          |
|    actor_loss      | -26.1    |
|    critic_loss     | 6.09     |
|    ent_coef        | 0.0585   |
|    ent_coef_loss   | 0.29     |
|    learning_rate   | 0.000317 |
|    n_updates       | 272752   |
---------------------------------
---------------------------------
| rollout/           |          |
|    ep_len_mean     | 338      |
|    ep_rew_mean     | 188      |
| time/              |          |
|    episodes        | 668      |
|    fps             | 217      |
|    time_elapsed    | 1310     |
|    total_timesteps | 285080   |
| train/             |          |
|    actor_loss      | -24.1    |
|    critic_loss     | 9.5      |
|    ent_coef        | 0.0582   |
|    ent_coef_loss   | -0.11    |
|    learning_rate   | 0.000314 |
|    n_updates       | 275072   |
---------------------------------
---------------------------------
| rollout/           |          |
|    ep_len_mean     | 342      |
|    ep_rew_mean     | 193      |
| time/              |          |
|    episodes        | 672      |
|    fps             | 217      |
|    time_elapsed    | 1315     |
|    total_timesteps | 286256   |
| train/             |          |
|    actor_loss      | -23.5    |
|    critic_loss     | 13.4     |
|    ent_coef        | 0.0564   |
|    ent_coef_loss   | -0.404   |
|    learning_rate   | 0.000312 |
|    n_updates       | 276248   |
---------------------------------
---------------------------------
| rollout/           |          |
|    ep_len_mean     | 344      |
|    ep_rew_mean     | 198      |
| time/              |          |
|    episodes        | 676      |
|    fps             | 217      |
|    time_elapsed    | 1322     |
|    total_timesteps | 287888   |
| train/             |          |
|    actor_loss      | -25      |
|    critic_loss     | 6.67     |
|    ent_coef        | 0.0608   |
|    ent_coef_loss   | 0.00257  |
|    learning_rate   | 0.00031  |
|    n_updates       | 277880   |
---------------------------------
---------------------------------
| rollout/           |          |
|    ep_len_mean     | 357      |
|    ep_rew_mean     | 194      |
| time/              |          |
|    episodes        | 680      |
|    fps             | 217      |
|    time_elapsed    | 1327     |
|    total_timesteps | 288984   |
| train/             |          |
|    actor_loss      | -25.8    |
|    critic_loss     | 9.13     |
|    ent_coef        | 0.0618   |
|    ent_coef_loss   | -0.117   |
|    learning_rate   | 0.000308 |
|    n_updates       | 278976   |
---------------------------------
Eval num_timesteps=290000, episode_reward=212.63 +/- 125.92
Episode length: 313.40 +/- 153.35
---------------------------------
| eval/              |          |
|    mean_ep_length  | 313      |
|    mean_reward     | 213      |
| time/              |          |
|    total_timesteps | 290000   |
| train/             |          |
|    actor_loss      | -24.4    |
|    critic_loss     | 6.45     |
|    ent_coef        | 0.0571   |
|    ent_coef_loss   | 0.149    |
|    learning_rate   | 0.000307 |
|    n_updates       | 279992   |
---------------------------------
---------------------------------
| rollout/           |          |
|    ep_len_mean     | 352      |
|    ep_rew_mean     | 196      |
| time/              |          |
|    episodes        | 684      |
|    fps             | 217      |
|    time_elapsed    | 1334     |
|    total_timesteps | 290208   |
| train/             |          |
|    actor_loss      | -25.4    |
|    critic_loss     | 9.94     |
|    ent_coef        | 0.0582   |
|    ent_coef_loss   | 0.216    |
|    learning_rate   | 0.000306 |
|    n_updates       | 280200   |
---------------------------------
---------------------------------
| rollout/           |          |
|    ep_len_mean     | 342      |
|    ep_rew_mean     | 198      |
| time/              |          |
|    episodes        | 688      |
|    fps             | 217      |
|    time_elapsed    | 1340     |
|    total_timesteps | 291568   |
| train/             |          |
|    actor_loss      | -25.4    |
|    critic_loss     | 8.18     |
|    ent_coef        | 0.0586   |
|    ent_coef_loss   | 0.207    |
|    learning_rate   | 0.000304 |
|    n_updates       | 281560   |
---------------------------------
---------------------------------
| rollout/           |          |
|    ep_len_mean     | 342      |
|    ep_rew_mean     | 203      |
| time/              |          |
|    episodes        | 692      |
|    fps             | 217      |
|    time_elapsed    | 1348     |
|    total_timesteps | 293232   |
| train/             |          |
|    actor_loss      | -24.7    |
|    critic_loss     | 4.86     |
|    ent_coef        | 0.0575   |
|    ent_coef_loss   | -0.004   |
|    learning_rate   | 0.000302 |
|    n_updates       | 283224   |
---------------------------------
---------------------------------
| rollout/           |          |
|    ep_len_mean     | 343      |
|    ep_rew_mean     | 202      |
| time/              |          |
|    episodes        | 696      |
|    fps             | 217      |
|    time_elapsed    | 1353     |
|    total_timesteps | 294400   |
| train/             |          |
|    actor_loss      | -24      |
|    critic_loss     | 8.64     |
|    ent_coef        | 0.0576   |
|    ent_coef_loss   | -0.333   |
|    learning_rate   | 0.0003   |
|    n_updates       | 284392   |
---------------------------------
---------------------------------
| rollout/           |          |
|    ep_len_mean     | 346      |
|    ep_rew_mean     | 202      |
| time/              |          |
|    episodes        | 700      |
|    fps             | 217      |
|    time_elapsed    | 1359     |
|    total_timesteps | 295560   |
| train/             |          |
|    actor_loss      | -24.7    |
|    critic_loss     | 6.52     |
|    ent_coef        | 0.0566   |
|    ent_coef_loss   | 0.037    |
|    learning_rate   | 0.000298 |
|    n_updates       | 285552   |
---------------------------------
---------------------------------
| rollout/           |          |
|    ep_len_mean     | 338      |
|    ep_rew_mean     | 208      |
| time/              |          |
|    episodes        | 704      |
|    fps             | 217      |
|    time_elapsed    | 1362     |
|    total_timesteps | 296288   |
| train/             |          |
|    actor_loss      | -26.3    |
|    critic_loss     | 5.87     |
|    ent_coef        | 0.0571   |
|    ent_coef_loss   | -0.215   |
|    learning_rate   | 0.000297 |
|    n_updates       | 286280   |
---------------------------------
---------------------------------
| rollout/           |          |
|    ep_len_mean     | 337      |
|    ep_rew_mean     | 208      |
| time/              |          |
|    episodes        | 708      |
|    fps             | 217      |
|    time_elapsed    | 1369     |
|    total_timesteps | 297808   |
| train/             |          |
|    actor_loss      | -26.1    |
|    critic_loss     | 4.47     |
|    ent_coef        | 0.0562   |
|    ent_coef_loss   | 0.0436   |
|    learning_rate   | 0.000295 |
|    n_updates       | 287800   |
---------------------------------
---------------------------------
| rollout/           |          |
|    ep_len_mean     | 338      |
|    ep_rew_mean     | 209      |
| time/              |          |
|    episodes        | 712      |
|    fps             | 217      |
|    time_elapsed    | 1376     |
|    total_timesteps | 299232   |
| train/             |          |
|    actor_loss      | -26.8    |
|    critic_loss     | 5.45     |
|    ent_coef        | 0.0556   |
|    ent_coef_loss   | 0.196    |
|    learning_rate   | 0.000293 |
|    n_updates       | 289224   |
---------------------------------
Eval num_timesteps=300000, episode_reward=248.61 +/- 12.18
Episode length: 354.50 +/- 72.19
---------------------------------
| eval/              |          |
|    mean_ep_length  | 354      |
|    mean_reward     | 249      |
| time/              |          |
|    total_timesteps | 300000   |
| train/             |          |
|    actor_loss      | -26.2    |
|    critic_loss     | 14.2     |
|    ent_coef        | 0.0565   |
|    ent_coef_loss   | -0.162   |
|    learning_rate   | 0.000292 |
|    n_updates       | 289992   |
---------------------------------
New best mean reward!
---------------------------------
| rollout/           |          |
|    ep_len_mean     | 337      |
|    ep_rew_mean     | 210      |
| time/              |          |
|    episodes        | 716      |
|    fps             | 217      |
|    time_elapsed    | 1382     |
|    total_timesteps | 300312   |
| train/             |          |
|    actor_loss      | -26.2    |
|    critic_loss     | 10.8     |
|    ent_coef        | 0.0561   |
|    ent_coef_loss   | -0.0996  |
|    learning_rate   | 0.000292 |
|    n_updates       | 290304   |
---------------------------------
---------------------------------
| rollout/           |          |
|    ep_len_mean     | 335      |
|    ep_rew_mean     | 211      |
| time/              |          |
|    episodes        | 720      |
|    fps             | 217      |
|    time_elapsed    | 1392     |
|    total_timesteps | 302320   |
| train/             |          |
|    actor_loss      | -25.3    |
|    critic_loss     | 7.24     |
|    ent_coef        | 0.0562   |
|    ent_coef_loss   | -0.063   |
|    learning_rate   | 0.000289 |
|    n_updates       | 292312   |
---------------------------------
---------------------------------
| rollout/           |          |
|    ep_len_mean     | 332      |
|    ep_rew_mean     | 213      |
| time/              |          |
|    episodes        | 724      |
|    fps             | 217      |
|    time_elapsed    | 1393     |
|    total_timesteps | 302712   |
| train/             |          |
|    actor_loss      | -25      |
|    critic_loss     | 10.1     |
|    ent_coef        | 0.0559   |
|    ent_coef_loss   | -0.225   |
|    learning_rate   | 0.000288 |
|    n_updates       | 292704   |
---------------------------------
---------------------------------
| rollout/           |          |
|    ep_len_mean     | 332      |
|    ep_rew_mean     | 218      |
| time/              |          |
|    episodes        | 728      |
|    fps             | 217      |
|    time_elapsed    | 1402     |
|    total_timesteps | 304608   |
| train/             |          |
|    actor_loss      | -24.7    |
|    critic_loss     | 5.53     |
|    ent_coef        | 0.0537   |
|    ent_coef_loss   | -0.0162  |
|    learning_rate   | 0.000285 |
|    n_updates       | 294600   |
---------------------------------
---------------------------------
| rollout/           |          |
|    ep_len_mean     | 333      |
|    ep_rew_mean     | 222      |
| time/              |          |
|    episodes        | 732      |
|    fps             | 217      |
|    time_elapsed    | 1407     |
|    total_timesteps | 305720   |
| train/             |          |
|    actor_loss      | -25.7    |
|    critic_loss     | 13.4     |
|    ent_coef        | 0.0562   |
|    ent_coef_loss   | 0.278    |
|    learning_rate   | 0.000284 |
|    n_updates       | 295712   |
---------------------------------
---------------------------------
| rollout/           |          |
|    ep_len_mean     | 340      |
|    ep_rew_mean     | 236      |
| time/              |          |
|    episodes        | 736      |
|    fps             | 217      |
|    time_elapsed    | 1413     |
|    total_timesteps | 306808   |
| train/             |          |
|    actor_loss      | -27.1    |
|    critic_loss     | 13.1     |
|    ent_coef        | 0.0561   |
|    ent_coef_loss   | 0.116    |
|    learning_rate   | 0.000282 |
|    n_updates       | 296800   |
---------------------------------
---------------------------------
| rollout/           |          |
|    ep_len_mean     | 335      |
|    ep_rew_mean     | 239      |
| time/              |          |
|    episodes        | 740      |
|    fps             | 217      |
|    time_elapsed    | 1418     |
|    total_timesteps | 308008   |
| train/             |          |
|    actor_loss      | -27      |
|    critic_loss     | 5.04     |
|    ent_coef        | 0.0562   |
|    ent_coef_loss   | 0.0112   |
|    learning_rate   | 0.00028  |
|    n_updates       | 298000   |
---------------------------------
---------------------------------
| rollout/           |          |
|    ep_len_mean     | 338      |
|    ep_rew_mean     | 246      |
| time/              |          |
|    episodes        | 744      |
|    fps             | 217      |
|    time_elapsed    | 1423     |
|    total_timesteps | 309152   |
| train/             |          |
|    actor_loss      | -25.8    |
|    critic_loss     | 3.92     |
|    ent_coef        | 0.0582   |
|    ent_coef_loss   | 0.203    |
|    learning_rate   | 0.000279 |
|    n_updates       | 299144   |
---------------------------------
Eval num_timesteps=310000, episode_reward=189.95 +/- 120.79
Episode length: 352.30 +/- 193.21
---------------------------------
| eval/              |          |
|    mean_ep_length  | 352      |
|    mean_reward     | 190      |
| time/              |          |
|    total_timesteps | 310000   |
| train/             |          |
|    actor_loss      | -27      |
|    critic_loss     | 6.85     |
|    ent_coef        | 0.0559   |
|    ent_coef_loss   | 0.0948   |
|    learning_rate   | 0.000277 |
|    n_updates       | 299992   |
---------------------------------
---------------------------------
| rollout/           |          |
|    ep_len_mean     | 336      |
|    ep_rew_mean     | 248      |
| time/              |          |
|    episodes        | 748      |
|    fps             | 216      |
|    time_elapsed    | 1432     |
|    total_timesteps | 310648   |
| train/             |          |
|    actor_loss      | -27.3    |
|    critic_loss     | 7.16     |
|    ent_coef        | 0.0568   |
|    ent_coef_loss   | 0.105    |
|    learning_rate   | 0.000276 |
|    n_updates       | 300640   |
---------------------------------
---------------------------------
| rollout/           |          |
|    ep_len_mean     | 329      |
|    ep_rew_mean     | 252      |
| time/              |          |
|    episodes        | 752      |
|    fps             | 216      |
|    time_elapsed    | 1440     |
|    total_timesteps | 312400   |
| train/             |          |
|    actor_loss      | -27.4    |
|    critic_loss     | 6.52     |
|    ent_coef        | 0.0568   |
|    ent_coef_loss   | -0.161   |
|    learning_rate   | 0.000274 |
|    n_updates       | 302392   |
---------------------------------
---------------------------------
| rollout/           |          |
|    ep_len_mean     | 335      |
|    ep_rew_mean     | 248      |
| time/              |          |
|    episodes        | 756      |
|    fps             | 216      |
|    time_elapsed    | 1445     |
|    total_timesteps | 313480   |
| train/             |          |
|    actor_loss      | -27.1    |
|    critic_loss     | 9.82     |
|    ent_coef        | 0.0561   |
|    ent_coef_loss   | -0.353   |
|    learning_rate   | 0.000272 |
|    n_updates       | 303472   |
---------------------------------
---------------------------------
| rollout/           |          |
|    ep_len_mean     | 336      |
|    ep_rew_mean     | 247      |
| time/              |          |
|    episodes        | 760      |
|    fps             | 216      |
|    time_elapsed    | 1454     |
|    total_timesteps | 315344   |
| train/             |          |
|    actor_loss      | -26      |
|    critic_loss     | 4.9      |
|    ent_coef        | 0.0546   |
|    ent_coef_loss   | 0.0638   |
|    learning_rate   | 0.00027  |
|    n_updates       | 305336   |
---------------------------------
---------------------------------
| rollout/           |          |
|    ep_len_mean     | 338      |
|    ep_rew_mean     | 248      |
| time/              |          |
|    episodes        | 764      |
|    fps             | 216      |
|    time_elapsed    | 1458     |
|    total_timesteps | 316264   |
| train/             |          |
|    actor_loss      | -29.2    |
|    critic_loss     | 8.55     |
|    ent_coef        | 0.0532   |
|    ent_coef_loss   | 0.0884   |
|    learning_rate   | 0.000268 |
|    n_updates       | 306256   |
---------------------------------
---------------------------------
| rollout/           |          |
|    ep_len_mean     | 338      |
|    ep_rew_mean     | 249      |
| time/              |          |
|    episodes        | 768      |
|    fps             | 216      |
|    time_elapsed    | 1464     |
|    total_timesteps | 317648   |
| train/             |          |
|    actor_loss      | -27.8    |
|    critic_loss     | 10.2     |
|    ent_coef        | 0.0543   |
|    ent_coef_loss   | 0.272    |
|    learning_rate   | 0.000266 |
|    n_updates       | 307640   |
---------------------------------
---------------------------------
| rollout/           |          |
|    ep_len_mean     | 332      |
|    ep_rew_mean     | 248      |
| time/              |          |
|    episodes        | 772      |
|    fps             | 216      |
|    time_elapsed    | 1471     |
|    total_timesteps | 319088   |
| train/             |          |
|    actor_loss      | -28.3    |
|    critic_loss     | 6.01     |
|    ent_coef        | 0.0541   |
|    ent_coef_loss   | 0.0283   |
|    learning_rate   | 0.000264 |
|    n_updates       | 309080   |
---------------------------------
---------------------------------
| rollout/           |          |
|    ep_len_mean     | 332      |
|    ep_rew_mean     | 248      |
| time/              |          |
|    episodes        | 776      |
|    fps             | 216      |
|    time_elapsed    | 1472     |
|    total_timesteps | 319504   |
| train/             |          |
|    actor_loss      | -27.9    |
|    critic_loss     | 9.75     |
|    ent_coef        | 0.0546   |
|    ent_coef_loss   | -0.00227 |
|    learning_rate   | 0.000264 |
|    n_updates       | 309496   |
---------------------------------
Eval num_timesteps=320000, episode_reward=248.24 +/- 22.21
Episode length: 281.40 +/- 53.46
---------------------------------
| eval/              |          |
|    mean_ep_length  | 281      |
|    mean_reward     | 248      |
| time/              |          |
|    total_timesteps | 320000   |
| train/             |          |
|    actor_loss      | -26.6    |
|    critic_loss     | 7.43     |
|    ent_coef        | 0.0537   |
|    ent_coef_loss   | 0.234    |
|    learning_rate   | 0.000263 |
|    n_updates       | 309992   |
---------------------------------
---------------------------------
| rollout/           |          |
|    ep_len_mean     | 320      |
|    ep_rew_mean     | 252      |
| time/              |          |
|    episodes        | 780      |
|    fps             | 216      |
|    time_elapsed    | 1481     |
|    total_timesteps | 321104   |
| train/             |          |
|    actor_loss      | -29.6    |
|    critic_loss     | 5.36     |
|    ent_coef        | 0.0554   |
|    ent_coef_loss   | -0.207   |
|    learning_rate   | 0.000261 |
|    n_updates       | 311096   |
---------------------------------
---------------------------------
| rollout/           |          |
|    ep_len_mean     | 317      |
|    ep_rew_mean     | 250      |
| time/              |          |
|    episodes        | 784      |
|    fps             | 216      |
|    time_elapsed    | 1487     |
|    total_timesteps | 322656   |
| train/             |          |
|    actor_loss      | -28.5    |
|    critic_loss     | 9        |
|    ent_coef        | 0.0556   |
|    ent_coef_loss   | 0.349    |
|    learning_rate   | 0.000259 |
|    n_updates       | 312648   |
---------------------------------
---------------------------------
| rollout/           |          |
|    ep_len_mean     | 319      |
|    ep_rew_mean     | 249      |
| time/              |          |
|    episodes        | 788      |
|    fps             | 216      |
|    time_elapsed    | 1492     |
|    total_timesteps | 323800   |
| train/             |          |
|    actor_loss      | -30.2    |
|    critic_loss     | 8.96     |
|    ent_coef        | 0.0549   |
|    ent_coef_loss   | 0.203    |
|    learning_rate   | 0.000257 |
|    n_updates       | 313792   |
---------------------------------
---------------------------------
| rollout/           |          |
|    ep_len_mean     | 318      |
|    ep_rew_mean     | 249      |
| time/              |          |
|    episodes        | 792      |
|    fps             | 216      |
|    time_elapsed    | 1498     |
|    total_timesteps | 325112   |
| train/             |          |
|    actor_loss      | -28.7    |
|    critic_loss     | 5.3      |
|    ent_coef        | 0.0559   |
|    ent_coef_loss   | 0.117    |
|    learning_rate   | 0.000255 |
|    n_updates       | 315104   |
---------------------------------
---------------------------------
| rollout/           |          |
|    ep_len_mean     | 314      |
|    ep_rew_mean     | 249      |
| time/              |          |
|    episodes        | 796      |
|    fps             | 216      |
|    time_elapsed    | 1507     |
|    total_timesteps | 327128   |
| train/             |          |
|    actor_loss      | -28.1    |
|    critic_loss     | 19.8     |
|    ent_coef        | 0.055    |
|    ent_coef_loss   | -0.129   |
|    learning_rate   | 0.000252 |
|    n_updates       | 317120   |
---------------------------------
---------------------------------
| rollout/           |          |
|    ep_len_mean     | 318      |
|    ep_rew_mean     | 247      |
| time/              |          |
|    episodes        | 800      |
|    fps             | 216      |
|    time_elapsed    | 1510     |
|    total_timesteps | 327728   |
| train/             |          |
|    actor_loss      | -28.5    |
|    critic_loss     | 8.9      |
|    ent_coef        | 0.0551   |
|    ent_coef_loss   | 0.297    |
|    learning_rate   | 0.000252 |
|    n_updates       | 317720   |
---------------------------------
---------------------------------
| rollout/           |          |
|    ep_len_mean     | 314      |
|    ep_rew_mean     | 236      |
| time/              |          |
|    episodes        | 804      |
|    fps             | 216      |
|    time_elapsed    | 1514     |
|    total_timesteps | 328600   |
| train/             |          |
|    actor_loss      | -29.3    |
|    critic_loss     | 5.99     |
|    ent_coef        | 0.0554   |
|    ent_coef_loss   | 0.176    |
|    learning_rate   | 0.00025  |
|    n_updates       | 318592   |
---------------------------------
---------------------------------
| rollout/           |          |
|    ep_len_mean     | 317      |
|    ep_rew_mean     | 228      |
| time/              |          |
|    episodes        | 808      |
|    fps             | 216      |
|    time_elapsed    | 1519     |
|    total_timesteps | 329608   |
| train/             |          |
|    actor_loss      | -30.2    |
|    critic_loss     | 6.64     |
|    ent_coef        | 0.056    |
|    ent_coef_loss   | -0.0865  |
|    learning_rate   | 0.000249 |
|    n_updates       | 319600   |
---------------------------------
Eval num_timesteps=330000, episode_reward=233.69 +/- 64.95
Episode length: 379.60 +/- 208.54
---------------------------------
| eval/              |          |
|    mean_ep_length  | 380      |
|    mean_reward     | 234      |
| time/              |          |
|    total_timesteps | 330000   |
| train/             |          |
|    actor_loss      | -29.1    |
|    critic_loss     | 8.45     |
|    ent_coef        | 0.0551   |
|    ent_coef_loss   | 0.0035   |
|    learning_rate   | 0.000248 |
|    n_updates       | 319992   |
---------------------------------
---------------------------------
| rollout/           |          |
|    ep_len_mean     | 315      |
|    ep_rew_mean     | 228      |
| time/              |          |
|    episodes        | 812      |
|    fps             | 216      |
|    time_elapsed    | 1527     |
|    total_timesteps | 330904   |
| train/             |          |
|    actor_loss      | -28.9    |
|    critic_loss     | 7.81     |
|    ent_coef        | 0.0568   |
|    ent_coef_loss   | 0.0594   |
|    learning_rate   | 0.000247 |
|    n_updates       | 320896   |
---------------------------------
---------------------------------
| rollout/           |          |
|    ep_len_mean     | 316      |
|    ep_rew_mean     | 229      |
| time/              |          |
|    episodes        | 816      |
|    fps             | 216      |
|    time_elapsed    | 1532     |
|    total_timesteps | 331952   |
| train/             |          |
|    actor_loss      | -29      |
|    critic_loss     | 11.7     |
|    ent_coef        | 0.0575   |
|    ent_coef_loss   | -0.109   |
|    learning_rate   | 0.000245 |
|    n_updates       | 321944   |
---------------------------------
---------------------------------
| rollout/           |          |
|    ep_len_mean     | 314      |
|    ep_rew_mean     | 230      |
| time/              |          |
|    episodes        | 820      |
|    fps             | 216      |
|    time_elapsed    | 1536     |
|    total_timesteps | 332952   |
| train/             |          |
|    actor_loss      | -30.5    |
|    critic_loss     | 9.68     |
|    ent_coef        | 0.0549   |
|    ent_coef_loss   | 0.126    |
|    learning_rate   | 0.000244 |
|    n_updates       | 322944   |
---------------------------------
---------------------------------
| rollout/           |          |
|    ep_len_mean     | 310      |
|    ep_rew_mean     | 230      |
| time/              |          |
|    episodes        | 824      |
|    fps             | 216      |
|    time_elapsed    | 1542     |
|    total_timesteps | 334208   |
| train/             |          |
|    actor_loss      | -30.3    |
|    critic_loss     | 6.58     |
|    ent_coef        | 0.0562   |
|    ent_coef_loss   | -0.0369  |
|    learning_rate   | 0.000242 |
|    n_updates       | 324200   |
---------------------------------
---------------------------------
| rollout/           |          |
|    ep_len_mean     | 309      |
|    ep_rew_mean     | 225      |
| time/              |          |
|    episodes        | 828      |
|    fps             | 216      |
|    time_elapsed    | 1551     |
|    total_timesteps | 336032   |
| train/             |          |
|    actor_loss      | -30.2    |
|    critic_loss     | 11.9     |
|    ent_coef        | 0.0547   |
|    ent_coef_loss   | 0.0184   |
|    learning_rate   | 0.000239 |
|    n_updates       | 326024   |
---------------------------------
---------------------------------
| rollout/           |          |
|    ep_len_mean     | 305      |
|    ep_rew_mean     | 225      |
| time/              |          |
|    episodes        | 832      |
|    fps             | 216      |
|    time_elapsed    | 1562     |
|    total_timesteps | 338328   |
| train/             |          |
|    actor_loss      | -30.3    |
|    critic_loss     | 7.62     |
|    ent_coef        | 0.0546   |
|    ent_coef_loss   | -0.117   |
|    learning_rate   | 0.000236 |
|    n_updates       | 328320   |
---------------------------------
---------------------------------
| rollout/           |          |
|    ep_len_mean     | 321      |
|    ep_rew_mean     | 221      |
| time/              |          |
|    episodes        | 836      |
|    fps             | 216      |
|    time_elapsed    | 1566     |
|    total_timesteps | 339352   |
| train/             |          |
|    actor_loss      | -29.8    |
|    critic_loss     | 13.4     |
|    ent_coef        | 0.0554   |
|    ent_coef_loss   | 0.0902   |
|    learning_rate   | 0.000235 |
|    n_updates       | 329344   |
---------------------------------
Eval num_timesteps=340000, episode_reward=204.24 +/- 112.75
Episode length: 373.30 +/- 223.21
---------------------------------
| eval/              |          |
|    mean_ep_length  | 373      |
|    mean_reward     | 204      |
| time/              |          |
|    total_timesteps | 340000   |
| train/             |          |
|    actor_loss      | -28.4    |
|    critic_loss     | 14.7     |
|    ent_coef        | 0.057    |
|    ent_coef_loss   | -0.0943  |
|    learning_rate   | 0.000234 |
|    n_updates       | 329992   |
---------------------------------
---------------------------------
| rollout/           |          |
|    ep_len_mean     | 319      |
|    ep_rew_mean     | 221      |
| time/              |          |
|    episodes        | 840      |
|    fps             | 216      |
|    time_elapsed    | 1576     |
|    total_timesteps | 341272   |
| train/             |          |
|    actor_loss      | -30.7    |
|    critic_loss     | 11.1     |
|    ent_coef        | 0.0584   |
|    ent_coef_loss   | -0.03    |
|    learning_rate   | 0.000232 |
|    n_updates       | 331264   |
---------------------------------
---------------------------------
| rollout/           |          |
|    ep_len_mean     | 329      |
|    ep_rew_mean     | 218      |
| time/              |          |
|    episodes        | 844      |
|    fps             | 216      |
|    time_elapsed    | 1581     |
|    total_timesteps | 342288   |
| train/             |          |
|    actor_loss      | -31.2    |
|    critic_loss     | 6.84     |
|    ent_coef        | 0.0587   |
|    ent_coef_loss   | -0.0466  |
|    learning_rate   | 0.00023  |
|    n_updates       | 332280   |
---------------------------------
---------------------------------
| rollout/           |          |
|    ep_len_mean     | 328      |
|    ep_rew_mean     | 218      |
| time/              |          |
|    episodes        | 848      |
|    fps             | 216      |
|    time_elapsed    | 1587     |
|    total_timesteps | 343808   |
| train/             |          |
|    actor_loss      | -31.3    |
|    critic_loss     | 7.26     |
|    ent_coef        | 0.0603   |
|    ent_coef_loss   | 0.21     |
|    learning_rate   | 0.000228 |
|    n_updates       | 333800   |
---------------------------------
---------------------------------
| rollout/           |          |
|    ep_len_mean     | 328      |
|    ep_rew_mean     | 218      |
| time/              |          |
|    episodes        | 852      |
|    fps             | 216      |
|    time_elapsed    | 1595     |
|    total_timesteps | 345536   |
| train/             |          |
|    actor_loss      | -30.5    |
|    critic_loss     | 11.5     |
|    ent_coef        | 0.0627   |
|    ent_coef_loss   | -0.00463 |
|    learning_rate   | 0.000226 |
|    n_updates       | 335528   |
---------------------------------
---------------------------------
| rollout/           |          |
|    ep_len_mean     | 329      |
|    ep_rew_mean     | 223      |
| time/              |          |
|    episodes        | 856      |
|    fps             | 216      |
|    time_elapsed    | 1598     |
|    total_timesteps | 346128   |
| train/             |          |
|    actor_loss      | -32.3    |
|    critic_loss     | 6.7      |
|    ent_coef        | 0.0632   |
|    ent_coef_loss   | 0.24     |
|    learning_rate   | 0.000225 |
|    n_updates       | 336120   |
---------------------------------
---------------------------------
| rollout/           |          |
|    ep_len_mean     | 327      |
|    ep_rew_mean     | 220      |
| time/              |          |
|    episodes        | 860      |
|    fps             | 216      |
|    time_elapsed    | 1603     |
|    total_timesteps | 347376   |
| train/             |          |
|    actor_loss      | -31.8    |
|    critic_loss     | 4.95     |
|    ent_coef        | 0.0607   |
|    ent_coef_loss   | 0.0862   |
|    learning_rate   | 0.000223 |
|    n_updates       | 337368   |
---------------------------------
---------------------------------
| rollout/           |          |
|    ep_len_mean     | 326      |
|    ep_rew_mean     | 219      |
| time/              |          |
|    episodes        | 864      |
|    fps             | 216      |
|    time_elapsed    | 1608     |
|    total_timesteps | 348528   |
| train/             |          |
|    actor_loss      | -32.7    |
|    critic_loss     | 4.81     |
|    ent_coef        | 0.0598   |
|    ent_coef_loss   | 0.267    |
|    learning_rate   | 0.000221 |
|    n_updates       | 338520   |
---------------------------------
---------------------------------
| rollout/           |          |
|    ep_len_mean     | 328      |
|    ep_rew_mean     | 219      |
| time/              |          |
|    episodes        | 868      |
|    fps             | 216      |
|    time_elapsed    | 1614     |
|    total_timesteps | 349752   |
| train/             |          |
|    actor_loss      | -32.2    |
|    critic_loss     | 5.97     |
|    ent_coef        | 0.0591   |
|    ent_coef_loss   | 0.0375   |
|    learning_rate   | 0.000219 |
|    n_updates       | 339744   |
---------------------------------
Eval num_timesteps=350000, episode_reward=266.54 +/- 17.34
Episode length: 277.00 +/- 30.46
---------------------------------
| eval/              |          |
|    mean_ep_length  | 277      |
|    mean_reward     | 267      |
| time/              |          |
|    total_timesteps | 350000   |
| train/             |          |
|    actor_loss      | -32.3    |
|    critic_loss     | 6.12     |
|    ent_coef        | 0.0596   |
|    ent_coef_loss   | 0.0692   |
|    learning_rate   | 0.000219 |
|    n_updates       | 339992   |
---------------------------------
New best mean reward!
---------------------------------
| rollout/           |          |
|    ep_len_mean     | 322      |
|    ep_rew_mean     | 223      |
| time/              |          |
|    episodes        | 872      |
|    fps             | 216      |
|    time_elapsed    | 1620     |
|    total_timesteps | 350824   |
| train/             |          |
|    actor_loss      | -31.4    |
|    critic_loss     | 21.5     |
|    ent_coef        | 0.0602   |
|    ent_coef_loss   | -0.25    |
|    learning_rate   | 0.000218 |
|    n_updates       | 340816   |
---------------------------------
---------------------------------
| rollout/           |          |
|    ep_len_mean     | 322      |
|    ep_rew_mean     | 224      |
| time/              |          |
|    episodes        | 876      |
|    fps             | 216      |
|    time_elapsed    | 1626     |
|    total_timesteps | 352064   |
| train/             |          |
|    actor_loss      | -32.4    |
|    critic_loss     | 4.68     |
|    ent_coef        | 0.0591   |
|    ent_coef_loss   | -0.147   |
|    learning_rate   | 0.000216 |
|    n_updates       | 342056   |
---------------------------------
---------------------------------
| rollout/           |          |
|    ep_len_mean     | 320      |
|    ep_rew_mean     | 223      |
| time/              |          |
|    episodes        | 880      |
|    fps             | 216      |
|    time_elapsed    | 1630     |
|    total_timesteps | 352912   |
| train/             |          |
|    actor_loss      | -31.8    |
|    critic_loss     | 10.1     |
|    ent_coef        | 0.0593   |
|    ent_coef_loss   | -0.153   |
|    learning_rate   | 0.000215 |
|    n_updates       | 342904   |
---------------------------------
---------------------------------
| rollout/           |          |
|    ep_len_mean     | 321      |
|    ep_rew_mean     | 223      |
| time/              |          |
|    episodes        | 884      |
|    fps             | 216      |
|    time_elapsed    | 1636     |
|    total_timesteps | 354272   |
| train/             |          |
|    actor_loss      | -32.2    |
|    critic_loss     | 4.51     |
|    ent_coef        | 0.0593   |
|    ent_coef_loss   | -0.00138 |
|    learning_rate   | 0.000213 |
|    n_updates       | 344264   |
---------------------------------
---------------------------------
| rollout/           |          |
|    ep_len_mean     | 320      |
|    ep_rew_mean     | 224      |
| time/              |          |
|    episodes        | 888      |
|    fps             | 216      |
|    time_elapsed    | 1642     |
|    total_timesteps | 355560   |
| train/             |          |
|    actor_loss      | -34.2    |
|    critic_loss     | 5.9      |
|    ent_coef        | 0.062    |
|    ent_coef_loss   | -0.397   |
|    learning_rate   | 0.000211 |
|    n_updates       | 345552   |
---------------------------------
---------------------------------
| rollout/           |          |
|    ep_len_mean     | 320      |
|    ep_rew_mean     | 224      |
| time/              |          |
|    episodes        | 892      |
|    fps             | 216      |
|    time_elapsed    | 1647     |
|    total_timesteps | 356720   |
| train/             |          |
|    actor_loss      | -31.6    |
|    critic_loss     | 6.9      |
|    ent_coef        | 0.0606   |
|    ent_coef_loss   | 0.109    |
|    learning_rate   | 0.000209 |
|    n_updates       | 346712   |
---------------------------------
---------------------------------
| rollout/           |          |
|    ep_len_mean     | 324      |
|    ep_rew_mean     | 221      |
| time/              |          |
|    episodes        | 896      |
|    fps             | 216      |
|    time_elapsed    | 1653     |
|    total_timesteps | 358000   |
| train/             |          |
|    actor_loss      | -32.3    |
|    critic_loss     | 8.32     |
|    ent_coef        | 0.0615   |
|    ent_coef_loss   | 0.482    |
|    learning_rate   | 0.000207 |
|    n_updates       | 347992   |
---------------------------------
---------------------------------
| rollout/           |          |
|    ep_len_mean     | 316      |
|    ep_rew_mean     | 224      |
| time/              |          |
|    episodes        | 900      |
|    fps             | 216      |
|    time_elapsed    | 1657     |
|    total_timesteps | 358776   |
| train/             |          |
|    actor_loss      | -32.2    |
|    critic_loss     | 5.37     |
|    ent_coef        | 0.0618   |
|    ent_coef_loss   | 0.0601   |
|    learning_rate   | 0.000206 |
|    n_updates       | 348768   |
---------------------------------
Eval num_timesteps=360000, episode_reward=264.70 +/- 17.60
Episode length: 263.90 +/- 39.75
---------------------------------
| eval/              |          |
|    mean_ep_length  | 264      |
|    mean_reward     | 265      |
| time/              |          |
|    total_timesteps | 360000   |
| train/             |          |
|    actor_loss      | -32.3    |
|    critic_loss     | 4.65     |
|    ent_coef        | 0.0614   |
|    ent_coef_loss   | -0.113   |
|    learning_rate   | 0.000204 |
|    n_updates       | 349992   |
---------------------------------
---------------------------------
| rollout/           |          |
|    ep_len_mean     | 320      |
|    ep_rew_mean     | 234      |
| time/              |          |
|    episodes        | 904      |
|    fps             | 216      |
|    time_elapsed    | 1665     |
|    total_timesteps | 360304   |
| train/             |          |
|    actor_loss      | -32.1    |
|    critic_loss     | 6.44     |
|    ent_coef        | 0.0614   |
|    ent_coef_loss   | 0.0218   |
|    learning_rate   | 0.000204 |
|    n_updates       | 350296   |
---------------------------------
---------------------------------
| rollout/           |          |
|    ep_len_mean     | 318      |
|    ep_rew_mean     | 242      |
| time/              |          |
|    episodes        | 908      |
|    fps             | 216      |
|    time_elapsed    | 1669     |
|    total_timesteps | 361104   |
| train/             |          |
|    actor_loss      | -32.4    |
|    critic_loss     | 5.04     |
|    ent_coef        | 0.0611   |
|    ent_coef_loss   | -0.381   |
|    learning_rate   | 0.000203 |
|    n_updates       | 351096   |
---------------------------------
---------------------------------
| rollout/           |          |
|    ep_len_mean     | 316      |
|    ep_rew_mean     | 242      |
| time/              |          |
|    episodes        | 912      |
|    fps             | 216      |
|    time_elapsed    | 1675     |
|    total_timesteps | 362416   |
| train/             |          |
|    actor_loss      | -32.7    |
|    critic_loss     | 9.73     |
|    ent_coef        | 0.0595   |
|    ent_coef_loss   | -0.25    |
|    learning_rate   | 0.000201 |
|    n_updates       | 352408   |
---------------------------------
---------------------------------
| rollout/           |          |
|    ep_len_mean     | 315      |
|    ep_rew_mean     | 241      |
| time/              |          |
|    episodes        | 916      |
|    fps             | 216      |
|    time_elapsed    | 1679     |
|    total_timesteps | 363280   |
| train/             |          |
|    actor_loss      | -31.6    |
|    critic_loss     | 7.36     |
|    ent_coef        | 0.0597   |
|    ent_coef_loss   | 0.0815   |
|    learning_rate   | 0.0002   |
|    n_updates       | 353272   |
---------------------------------
---------------------------------
| rollout/           |          |
|    ep_len_mean     | 315      |
|    ep_rew_mean     | 241      |
| time/              |          |
|    episodes        | 920      |
|    fps             | 216      |
|    time_elapsed    | 1684     |
|    total_timesteps | 364344   |
| train/             |          |
|    actor_loss      | -32.6    |
|    critic_loss     | 13.5     |
|    ent_coef        | 0.0602   |
|    ent_coef_loss   | -0.0816  |
|    learning_rate   | 0.000198 |
|    n_updates       | 354336   |
---------------------------------
---------------------------------
| rollout/           |          |
|    ep_len_mean     | 315      |
|    ep_rew_mean     | 241      |
| time/              |          |
|    episodes        | 924      |
|    fps             | 216      |
|    time_elapsed    | 1689     |
|    total_timesteps | 365392   |
| train/             |          |
|    actor_loss      | -33.9    |
|    critic_loss     | 4.96     |
|    ent_coef        | 0.0593   |
|    ent_coef_loss   | -0.242   |
|    learning_rate   | 0.000197 |
|    n_updates       | 355384   |
---------------------------------
---------------------------------
| rollout/           |          |
|    ep_len_mean     | 316      |
|    ep_rew_mean     | 246      |
| time/              |          |
|    episodes        | 928      |
|    fps             | 216      |
|    time_elapsed    | 1696     |
|    total_timesteps | 367056   |
| train/             |          |
|    actor_loss      | -32.5    |
|    critic_loss     | 5.19     |
|    ent_coef        | 0.0592   |
|    ent_coef_loss   | 0.137    |
|    learning_rate   | 0.000194 |
|    n_updates       | 357048   |
---------------------------------
---------------------------------
| rollout/           |          |
|    ep_len_mean     | 317      |
|    ep_rew_mean     | 247      |
| time/              |          |
|    episodes        | 932      |
|    fps             | 216      |
|    time_elapsed    | 1698     |
|    total_timesteps | 367416   |
| train/             |          |
|    actor_loss      | -33.3    |
|    critic_loss     | 7.61     |
|    ent_coef        | 0.0583   |
|    ent_coef_loss   | -0.35    |
|    learning_rate   | 0.000194 |
|    n_updates       | 357408   |
---------------------------------
---------------------------------
| rollout/           |          |
|    ep_len_mean     | 300      |
|    ep_rew_mean     | 251      |
| time/              |          |
|    episodes        | 936      |
|    fps             | 216      |
|    time_elapsed    | 1707     |
|    total_timesteps | 369224   |
| train/             |          |
|    actor_loss      | -33.4    |
|    critic_loss     | 15.5     |
|    ent_coef        | 0.0578   |
|    ent_coef_loss   | 0.133    |
|    learning_rate   | 0.000191 |
|    n_updates       | 359216   |
---------------------------------
---------------------------------
| rollout/           |          |
|    ep_len_mean     | 298      |
|    ep_rew_mean     | 252      |
| time/              |          |
|    episodes        | 940      |
|    fps             | 216      |
|    time_elapsed    | 1709     |
|    total_timesteps | 369768   |
| train/             |          |
|    actor_loss      | -32.7    |
|    critic_loss     | 7.1      |
|    ent_coef        | 0.0576   |
|    ent_coef_loss   | 0.217    |
|    learning_rate   | 0.00019  |
|    n_updates       | 359760   |
---------------------------------
Eval num_timesteps=370000, episode_reward=270.18 +/- 18.83
Episode length: 280.80 +/- 45.86
---------------------------------
| eval/              |          |
|    mean_ep_length  | 281      |
|    mean_reward     | 270      |
| time/              |          |
|    total_timesteps | 370000   |
| train/             |          |
|    actor_loss      | -34.4    |
|    critic_loss     | 6.52     |
|    ent_coef        | 0.058    |
|    ent_coef_loss   | 0.18     |
|    learning_rate   | 0.00019  |
|    n_updates       | 359992   |
---------------------------------
New best mean reward!
---------------------------------
| rollout/           |          |
|    ep_len_mean     | 288      |
|    ep_rew_mean     | 255      |
| time/              |          |
|    episodes        | 944      |
|    fps             | 216      |
|    time_elapsed    | 1718     |
|    total_timesteps | 371416   |
| train/             |          |
|    actor_loss      | -33.1    |
|    critic_loss     | 16.7     |
|    ent_coef        | 0.0588   |
|    ent_coef_loss   | 0.116    |
|    learning_rate   | 0.000188 |
|    n_updates       | 361408   |
---------------------------------
---------------------------------
| rollout/           |          |
|    ep_len_mean     | 287      |
|    ep_rew_mean     | 255      |
| time/              |          |
|    episodes        | 948      |
|    fps             | 216      |
|    time_elapsed    | 1723     |
|    total_timesteps | 372552   |
| train/             |          |
|    actor_loss      | -32.7    |
|    critic_loss     | 4.18     |
|    ent_coef        | 0.0584   |
|    ent_coef_loss   | -0.00922 |
|    learning_rate   | 0.000186 |
|    n_updates       | 362544   |
---------------------------------
---------------------------------
| rollout/           |          |
|    ep_len_mean     | 286      |
|    ep_rew_mean     | 256      |
| time/              |          |
|    episodes        | 952      |
|    fps             | 216      |
|    time_elapsed    | 1730     |
|    total_timesteps | 373944   |
| train/             |          |
|    actor_loss      | -34.3    |
|    critic_loss     | 6.83     |
|    ent_coef        | 0.06     |
|    ent_coef_loss   | 0.209    |
|    learning_rate   | 0.000184 |
|    n_updates       | 363936   |
---------------------------------
---------------------------------
| rollout/           |          |
|    ep_len_mean     | 285      |
|    ep_rew_mean     | 255      |
| time/              |          |
|    episodes        | 956      |
|    fps             | 216      |
|    time_elapsed    | 1734     |
|    total_timesteps | 374800   |
| train/             |          |
|    actor_loss      | -33.7    |
|    critic_loss     | 6.3      |
|    ent_coef        | 0.0599   |
|    ent_coef_loss   | 0.0132   |
|    learning_rate   | 0.000183 |
|    n_updates       | 364792   |
---------------------------------
---------------------------------
| rollout/           |          |
|    ep_len_mean     | 286      |
|    ep_rew_mean     | 253      |
| time/              |          |
|    episodes        | 960      |
|    fps             | 216      |
|    time_elapsed    | 1739     |
|    total_timesteps | 375880   |
| train/             |          |
|    actor_loss      | -33.9    |
|    critic_loss     | 4.65     |
|    ent_coef        | 0.0627   |
|    ent_coef_loss   | -0.032   |
|    learning_rate   | 0.000181 |
|    n_updates       | 365872   |
---------------------------------
---------------------------------
| rollout/           |          |
|    ep_len_mean     | 285      |
|    ep_rew_mean     | 253      |
| time/              |          |
|    episodes        | 964      |
|    fps             | 216      |
|    time_elapsed    | 1744     |
|    total_timesteps | 376904   |
| train/             |          |
|    actor_loss      | -34.2    |
|    critic_loss     | 5.29     |
|    ent_coef        | 0.0618   |
|    ent_coef_loss   | -0.251   |
|    learning_rate   | 0.00018  |
|    n_updates       | 366896   |
---------------------------------
---------------------------------
| rollout/           |          |
|    ep_len_mean     | 284      |
|    ep_rew_mean     | 253      |
| time/              |          |
|    episodes        | 968      |
|    fps             | 216      |
|    time_elapsed    | 1750     |
|    total_timesteps | 378376   |
| train/             |          |
|    actor_loss      | -34.4    |
|    critic_loss     | 10.3     |
|    ent_coef        | 0.0596   |
|    ent_coef_loss   | 0.000603 |
|    learning_rate   | 0.000178 |
|    n_updates       | 368368   |
---------------------------------
---------------------------------
| rollout/           |          |
|    ep_len_mean     | 285      |
|    ep_rew_mean     | 253      |
| time/              |          |
|    episodes        | 972      |
|    fps             | 216      |
|    time_elapsed    | 1754     |
|    total_timesteps | 379128   |
| train/             |          |
|    actor_loss      | -34.6    |
|    critic_loss     | 7.06     |
|    ent_coef        | 0.0602   |
|    ent_coef_loss   | 0.0355   |
|    learning_rate   | 0.000176 |
|    n_updates       | 369120   |
---------------------------------
Eval num_timesteps=380000, episode_reward=259.96 +/- 17.17
Episode length: 263.70 +/- 27.63
---------------------------------
| eval/              |          |
|    mean_ep_length  | 264      |
|    mean_reward     | 260      |
| time/              |          |
|    total_timesteps | 380000   |
| train/             |          |
|    actor_loss      | -35.2    |
|    critic_loss     | 5.85     |
|    ent_coef        | 0.0601   |
|    ent_coef_loss   | -0.038   |
|    learning_rate   | 0.000175 |
|    n_updates       | 369992   |
---------------------------------
---------------------------------
| rollout/           |          |
|    ep_len_mean     | 285      |
|    ep_rew_mean     | 253      |
| time/              |          |
|    episodes        | 976      |
|    fps             | 215      |
|    time_elapsed    | 1762     |
|    total_timesteps | 380680   |
| train/             |          |
|    actor_loss      | -34.8    |
|    critic_loss     | 8.03     |
|    ent_coef        | 0.0616   |
|    ent_coef_loss   | -0.0404  |
|    learning_rate   | 0.000174 |
|    n_updates       | 370672   |
---------------------------------
---------------------------------
| rollout/           |          |
|    ep_len_mean     | 286      |
|    ep_rew_mean     | 254      |
| time/              |          |
|    episodes        | 980      |
|    fps             | 215      |
|    time_elapsed    | 1769     |
|    total_timesteps | 382080   |
| train/             |          |
|    actor_loss      | -36.1    |
|    critic_loss     | 5.5      |
|    ent_coef        | 0.0619   |
|    ent_coef_loss   | 0.0851   |
|    learning_rate   | 0.000172 |
|    n_updates       | 372072   |
---------------------------------
---------------------------------
| rollout/           |          |
|    ep_len_mean     | 288      |
|    ep_rew_mean     | 257      |
| time/              |          |
|    episodes        | 984      |
|    fps             | 215      |
|    time_elapsed    | 1774     |
|    total_timesteps | 383280   |
| train/             |          |
|    actor_loss      | -36.4    |
|    critic_loss     | 8        |
|    ent_coef        | 0.0626   |
|    ent_coef_loss   | 0.0903   |
|    learning_rate   | 0.00017  |
|    n_updates       | 373272   |
---------------------------------
---------------------------------
| rollout/           |          |
|    ep_len_mean     | 290      |
|    ep_rew_mean     | 256      |
| time/              |          |
|    episodes        | 988      |
|    fps             | 216      |
|    time_elapsed    | 1778     |
|    total_timesteps | 384112   |
| train/             |          |
|    actor_loss      | -35.9    |
|    critic_loss     | 5.5      |
|    ent_coef        | 0.0607   |
|    ent_coef_loss   | -0.209   |
|    learning_rate   | 0.000169 |
|    n_updates       | 374104   |
---------------------------------
---------------------------------
| rollout/           |          |
|    ep_len_mean     | 287      |
|    ep_rew_mean     | 257      |
| time/              |          |
|    episodes        | 992      |
|    fps             | 216      |
|    time_elapsed    | 1781     |
|    total_timesteps | 384912   |
| train/             |          |
|    actor_loss      | -35.7    |
|    critic_loss     | 5.36     |
|    ent_coef        | 0.0597   |
|    ent_coef_loss   | 0.0825   |
|    learning_rate   | 0.000168 |
|    n_updates       | 374904   |
---------------------------------
---------------------------------
| rollout/           |          |
|    ep_len_mean     | 283      |
|    ep_rew_mean     | 260      |
| time/              |          |
|    episodes        | 996      |
|    fps             | 216      |
|    time_elapsed    | 1787     |
|    total_timesteps | 386384   |
| train/             |          |
|    actor_loss      | -36      |
|    critic_loss     | 7.67     |
|    ent_coef        | 0.0587   |
|    ent_coef_loss   | 0.272    |
|    learning_rate   | 0.000166 |
|    n_updates       | 376376   |
---------------------------------
---------------------------------
| rollout/           |          |
|    ep_len_mean     | 282      |
|    ep_rew_mean     | 260      |
| time/              |          |
|    episodes        | 1000     |
|    fps             | 216      |
|    time_elapsed    | 1792     |
|    total_timesteps | 387472   |
| train/             |          |
|    actor_loss      | -34.9    |
|    critic_loss     | 5.88     |
|    ent_coef        | 0.0596   |
|    ent_coef_loss   | -0.0777  |
|    learning_rate   | 0.000164 |
|    n_updates       | 377464   |
---------------------------------
---------------------------------
| rollout/           |          |
|    ep_len_mean     | 286      |
|    ep_rew_mean     | 260      |
| time/              |          |
|    episodes        | 1004     |
|    fps             | 216      |
|    time_elapsed    | 1795     |
|    total_timesteps | 388128   |
| train/             |          |
|    actor_loss      | -36.9    |
|    critic_loss     | 12       |
|    ent_coef        | 0.0607   |
|    ent_coef_loss   | -0.0414  |
|    learning_rate   | 0.000163 |
|    n_updates       | 378120   |
---------------------------------
---------------------------------
| rollout/           |          |
|    ep_len_mean     | 283      |
|    ep_rew_mean     | 261      |
| time/              |          |
|    episodes        | 1008     |
|    fps             | 216      |
|    time_elapsed    | 1802     |
|    total_timesteps | 389600   |
| train/             |          |
|    actor_loss      | -36.1    |
|    critic_loss     | 8.63     |
|    ent_coef        | 0.0593   |
|    ent_coef_loss   | -0.00656 |
|    learning_rate   | 0.000161 |
|    n_updates       | 379592   |
---------------------------------
Eval num_timesteps=390000, episode_reward=272.42 +/- 16.13
Episode length: 257.20 +/- 65.96
---------------------------------
| eval/              |          |
|    mean_ep_length  | 257      |
|    mean_reward     | 272      |
| time/              |          |
|    total_timesteps | 390000   |
| train/             |          |
|    actor_loss      | -35.7    |
|    critic_loss     | 10.3     |
|    ent_coef        | 0.0586   |
|    ent_coef_loss   | -0.072   |
|    learning_rate   | 0.000161 |
|    n_updates       | 379992   |
---------------------------------
New best mean reward!
---------------------------------
| rollout/           |          |
|    ep_len_mean     | 283      |
|    ep_rew_mean     | 262      |
| time/              |          |
|    episodes        | 1012     |
|    fps             | 216      |
|    time_elapsed    | 1806     |
|    total_timesteps | 390512   |
| train/             |          |
|    actor_loss      | -36.9    |
|    critic_loss     | 14.9     |
|    ent_coef        | 0.0587   |
|    ent_coef_loss   | -0.153   |
|    learning_rate   | 0.00016  |
|    n_updates       | 380504   |
---------------------------------
---------------------------------
| rollout/           |          |
|    ep_len_mean     | 284      |
|    ep_rew_mean     | 262      |
| time/              |          |
|    episodes        | 1016     |
|    fps             | 216      |
|    time_elapsed    | 1811     |
|    total_timesteps | 391544   |
| train/             |          |
|    actor_loss      | -36.9    |
|    critic_loss     | 7.26     |
|    ent_coef        | 0.06     |
|    ent_coef_loss   | 0.297    |
|    learning_rate   | 0.000158 |
|    n_updates       | 381536   |
---------------------------------
---------------------------------
| rollout/           |          |
|    ep_len_mean     | 283      |
|    ep_rew_mean     | 262      |
| time/              |          |
|    episodes        | 1020     |
|    fps             | 216      |
|    time_elapsed    | 1816     |
|    total_timesteps | 392832   |
| train/             |          |
|    actor_loss      | -35.9    |
|    critic_loss     | 6.39     |
|    ent_coef        | 0.06     |
|    ent_coef_loss   | 0.15     |
|    learning_rate   | 0.000156 |
|    n_updates       | 382824   |
---------------------------------
---------------------------------
| rollout/           |          |
|    ep_len_mean     | 281      |
|    ep_rew_mean     | 263      |
| time/              |          |
|    episodes        | 1024     |
|    fps             | 216      |
|    time_elapsed    | 1819     |
|    total_timesteps | 393400   |
| train/             |          |
|    actor_loss      | -36.8    |
|    critic_loss     | 5.84     |
|    ent_coef        | 0.0604   |
|    ent_coef_loss   | -0.213   |
|    learning_rate   | 0.000156 |
|    n_updates       | 383392   |
---------------------------------
---------------------------------
| rollout/           |          |
|    ep_len_mean     | 280      |
|    ep_rew_mean     | 262      |
| time/              |          |
|    episodes        | 1028     |
|    fps             | 216      |
|    time_elapsed    | 1826     |
|    total_timesteps | 394992   |
| train/             |          |
|    actor_loss      | -37.4    |
|    critic_loss     | 13.1     |
|    ent_coef        | 0.0581   |
|    ent_coef_loss   | 0.169    |
|    learning_rate   | 0.000153 |
|    n_updates       | 384984   |
---------------------------------
---------------------------------
| rollout/           |          |
|    ep_len_mean     | 278      |
|    ep_rew_mean     | 262      |
| time/              |          |
|    episodes        | 1032     |
|    fps             | 216      |
|    time_elapsed    | 1828     |
|    total_timesteps | 395520   |
| train/             |          |
|    actor_loss      | -36.6    |
|    critic_loss     | 8.39     |
|    ent_coef        | 0.0581   |
|    ent_coef_loss   | 0.0301   |
|    learning_rate   | 0.000153 |
|    n_updates       | 385512   |
---------------------------------
---------------------------------
| rollout/           |          |
|    ep_len_mean     | 277      |
|    ep_rew_mean     | 262      |
| time/              |          |
|    episodes        | 1036     |
|    fps             | 216      |
|    time_elapsed    | 1834     |
|    total_timesteps | 397088   |
| train/             |          |
|    actor_loss      | -36.7    |
|    critic_loss     | 5.61     |
|    ent_coef        | 0.0593   |
|    ent_coef_loss   | 0.137    |
|    learning_rate   | 0.00015  |
|    n_updates       | 387080   |
---------------------------------
---------------------------------
| rollout/           |          |
|    ep_len_mean     | 276      |
|    ep_rew_mean     | 262      |
| time/              |          |
|    episodes        | 1040     |
|    fps             | 216      |
|    time_elapsed    | 1839     |
|    total_timesteps | 398080   |
| train/             |          |
|    actor_loss      | -35.4    |
|    critic_loss     | 5.95     |
|    ent_coef        | 0.0587   |
|    ent_coef_loss   | -0.0121  |
|    learning_rate   | 0.000149 |
|    n_updates       | 388072   |
---------------------------------
---------------------------------
| rollout/           |          |
|    ep_len_mean     | 283      |
|    ep_rew_mean     | 260      |
| time/              |          |
|    episodes        | 1044     |
|    fps             | 216      |
|    time_elapsed    | 1842     |
|    total_timesteps | 398864   |
| train/             |          |
|    actor_loss      | -35.9    |
|    critic_loss     | 7.4      |
|    ent_coef        | 0.0591   |
|    ent_coef_loss   | -0.0591  |
|    learning_rate   | 0.000148 |
|    n_updates       | 388856   |
---------------------------------
Eval num_timesteps=400000, episode_reward=216.92 +/- 98.88
Episode length: 419.50 +/- 300.11
---------------------------------
| eval/              |          |
|    mean_ep_length  | 420      |
|    mean_reward     | 217      |
| time/              |          |
|    total_timesteps | 400000   |
| train/             |          |
|    actor_loss      | -37.3    |
|    critic_loss     | 8.7      |
|    ent_coef        | 0.0592   |
|    ent_coef_loss   | -0.0626  |
|    learning_rate   | 0.000146 |
|    n_updates       | 389992   |
---------------------------------
---------------------------------
| rollout/           |          |
|    ep_len_mean     | 280      |
|    ep_rew_mean     | 260      |
| time/              |          |
|    episodes        | 1048     |
|    fps             | 216      |
|    time_elapsed    | 1852     |
|    total_timesteps | 400720   |
| train/             |          |
|    actor_loss      | -36.7    |
|    critic_loss     | 8.47     |
|    ent_coef        | 0.0589   |
|    ent_coef_loss   | -0.21    |
|    learning_rate   | 0.000145 |
|    n_updates       | 390712   |
---------------------------------
---------------------------------
| rollout/           |          |
|    ep_len_mean     | 282      |
|    ep_rew_mean     | 260      |
| time/              |          |
|    episodes        | 1052     |
|    fps             | 216      |
|    time_elapsed    | 1854     |
|    total_timesteps | 401232   |
| train/             |          |
|    actor_loss      | -36.3    |
|    critic_loss     | 8.21     |
|    ent_coef        | 0.059    |
|    ent_coef_loss   | -0.0239  |
|    learning_rate   | 0.000144 |
|    n_updates       | 391224   |
---------------------------------
---------------------------------
| rollout/           |          |
|    ep_len_mean     | 273      |
|    ep_rew_mean     | 263      |
| time/              |          |
|    episodes        | 1056     |
|    fps             | 216      |
|    time_elapsed    | 1861     |
|    total_timesteps | 402800   |
| train/             |          |
|    actor_loss      | -38.5    |
|    critic_loss     | 4.35     |
|    ent_coef        | 0.0603   |
|    ent_coef_loss   | 0.105    |
|    learning_rate   | 0.000142 |
|    n_updates       | 392792   |
---------------------------------
---------------------------------
| rollout/           |          |
|    ep_len_mean     | 272      |
|    ep_rew_mean     | 265      |
| time/              |          |
|    episodes        | 1060     |
|    fps             | 216      |
|    time_elapsed    | 1868     |
|    total_timesteps | 404424   |
| train/             |          |
|    actor_loss      | -38.1    |
|    critic_loss     | 6.09     |
|    ent_coef        | 0.0615   |
|    ent_coef_loss   | 0.0484   |
|    learning_rate   | 0.00014  |
|    n_updates       | 394416   |
---------------------------------
---------------------------------
| rollout/           |          |
|    ep_len_mean     | 271      |
|    ep_rew_mean     | 266      |
| time/              |          |
|    episodes        | 1064     |
|    fps             | 216      |
|    time_elapsed    | 1873     |
|    total_timesteps | 405432   |
| train/             |          |
|    actor_loss      | -36.2    |
|    critic_loss     | 5.78     |
|    ent_coef        | 0.0622   |
|    ent_coef_loss   | 0.0722   |
|    learning_rate   | 0.000138 |
|    n_updates       | 395424   |
---------------------------------
---------------------------------
| rollout/           |          |
|    ep_len_mean     | 277      |
|    ep_rew_mean     | 264      |
| time/              |          |
|    episodes        | 1068     |
|    fps             | 216      |
|    time_elapsed    | 1878     |
|    total_timesteps | 406568   |
| train/             |          |
|    actor_loss      | -37.5    |
|    critic_loss     | 9.16     |
|    ent_coef        | 0.0614   |
|    ent_coef_loss   | 0.0286   |
|    learning_rate   | 0.000136 |
|    n_updates       | 396560   |
---------------------------------
---------------------------------
| rollout/           |          |
|    ep_len_mean     | 285      |
|    ep_rew_mean     | 261      |
| time/              |          |
|    episodes        | 1072     |
|    fps             | 216      |
|    time_elapsed    | 1882     |
|    total_timesteps | 407480   |
| train/             |          |
|    actor_loss      | -36.8    |
|    critic_loss     | 9.95     |
|    ent_coef        | 0.06     |
|    ent_coef_loss   | -0.12    |
|    learning_rate   | 0.000135 |
|    n_updates       | 397472   |
---------------------------------
---------------------------------
| rollout/           |          |
|    ep_len_mean     | 282      |
|    ep_rew_mean     | 261      |
| time/              |          |
|    episodes        | 1076     |
|    fps             | 216      |
|    time_elapsed    | 1886     |
|    total_timesteps | 408400   |
| train/             |          |
|    actor_loss      | -35.3    |
|    critic_loss     | 14.4     |
|    ent_coef        | 0.0598   |
|    ent_coef_loss   | 0.023    |
|    learning_rate   | 0.000134 |
|    n_updates       | 398392   |
---------------------------------
---------------------------------
| rollout/           |          |
|    ep_len_mean     | 279      |
|    ep_rew_mean     | 261      |
| time/              |          |
|    episodes        | 1080     |
|    fps             | 216      |
|    time_elapsed    | 1892     |
|    total_timesteps | 409752   |
| train/             |          |
|    actor_loss      | -36.2    |
|    critic_loss     | 7.49     |
|    ent_coef        | 0.0593   |
|    ent_coef_loss   | -0.0177  |
|    learning_rate   | 0.000132 |
|    n_updates       | 399744   |
---------------------------------
Eval num_timesteps=410000, episode_reward=268.15 +/- 21.36
Episode length: 248.90 +/- 42.16
---------------------------------
| eval/              |          |
|    mean_ep_length  | 249      |
|    mean_reward     | 268      |
| time/              |          |
|    total_timesteps | 410000   |
| train/             |          |
|    actor_loss      | -36.3    |
|    critic_loss     | 5.59     |
|    ent_coef        | 0.0589   |
|    ent_coef_loss   | -0.16    |
|    learning_rate   | 0.000131 |
|    n_updates       | 399992   |
---------------------------------
---------------------------------
| rollout/           |          |
|    ep_len_mean     | 278      |
|    ep_rew_mean     | 261      |
| time/              |          |
|    episodes        | 1084     |
|    fps             | 216      |
|    time_elapsed    | 1896     |
|    total_timesteps | 410608   |
| train/             |          |
|    actor_loss      | -36.4    |
|    critic_loss     | 3.9      |
|    ent_coef        | 0.0586   |
|    ent_coef_loss   | -0.283   |
|    learning_rate   | 0.000131 |
|    n_updates       | 400600   |
---------------------------------
---------------------------------
| rollout/           |          |
|    ep_len_mean     | 272      |
|    ep_rew_mean     | 260      |
| time/              |          |
|    episodes        | 1088     |
|    fps             | 216      |
|    time_elapsed    | 1904     |
|    total_timesteps | 412352   |
| train/             |          |
|    actor_loss      | -36.9    |
|    critic_loss     | 6.91     |
|    ent_coef        | 0.0581   |
|    ent_coef_loss   | 0.12     |
|    learning_rate   | 0.000128 |
|    n_updates       | 402344   |
---------------------------------
---------------------------------
| rollout/           |          |
|    ep_len_mean     | 274      |
|    ep_rew_mean     | 254      |
| time/              |          |
|    episodes        | 1092     |
|    fps             | 216      |
|    time_elapsed    | 1906     |
|    total_timesteps | 412864   |
| train/             |          |
|    actor_loss      | -36.9    |
|    critic_loss     | 5.99     |
|    ent_coef        | 0.0588   |
|    ent_coef_loss   | -0.0975  |
|    learning_rate   | 0.000127 |
|    n_updates       | 402856   |
---------------------------------
---------------------------------
| rollout/           |          |
|    ep_len_mean     | 272      |
|    ep_rew_mean     | 251      |
| time/              |          |
|    episodes        | 1096     |
|    fps             | 216      |
|    time_elapsed    | 1915     |
|    total_timesteps | 414928   |
| train/             |          |
|    actor_loss      | -36.8    |
|    critic_loss     | 5.73     |
|    ent_coef        | 0.0581   |
|    ent_coef_loss   | -0.0667  |
|    learning_rate   | 0.000124 |
|    n_updates       | 404920   |
---------------------------------
---------------------------------
| rollout/           |          |
|    ep_len_mean     | 280      |
|    ep_rew_mean     | 249      |
| time/              |          |
|    episodes        | 1100     |
|    fps             | 216      |
|    time_elapsed    | 1918     |
|    total_timesteps | 415552   |
| train/             |          |
|    actor_loss      | -35.9    |
|    critic_loss     | 6.96     |
|    ent_coef        | 0.0582   |
|    ent_coef_loss   | -0.0166  |
|    learning_rate   | 0.000123 |
|    n_updates       | 405544   |
---------------------------------
---------------------------------
| rollout/           |          |
|    ep_len_mean     | 284      |
|    ep_rew_mean     | 243      |
| time/              |          |
|    episodes        | 1104     |
|    fps             | 216      |
|    time_elapsed    | 1923     |
|    total_timesteps | 416664   |
| train/             |          |
|    actor_loss      | -35.7    |
|    critic_loss     | 6.24     |
|    ent_coef        | 0.058    |
|    ent_coef_loss   | 0.0841   |
|    learning_rate   | 0.000122 |
|    n_updates       | 406656   |
---------------------------------
---------------------------------
| rollout/           |          |
|    ep_len_mean     | 285      |
|    ep_rew_mean     | 242      |
| time/              |          |
|    episodes        | 1108     |
|    fps             | 216      |
|    time_elapsed    | 1929     |
|    total_timesteps | 418224   |
| train/             |          |
|    actor_loss      | -36.9    |
|    critic_loss     | 11.7     |
|    ent_coef        | 0.0579   |
|    ent_coef_loss   | -0.265   |
|    learning_rate   | 0.000119 |
|    n_updates       | 408216   |
---------------------------------
---------------------------------
| rollout/           |          |
|    ep_len_mean     | 284      |
|    ep_rew_mean     | 242      |
| time/              |          |
|    episodes        | 1112     |
|    fps             | 216      |
|    time_elapsed    | 1934     |
|    total_timesteps | 419368   |
| train/             |          |
|    actor_loss      | -37.1    |
|    critic_loss     | 7.08     |
|    ent_coef        | 0.0575   |
|    ent_coef_loss   | 0.129    |
|    learning_rate   | 0.000118 |
|    n_updates       | 409360   |
---------------------------------
---------------------------------
| rollout/           |          |
|    ep_len_mean     | 283      |
|    ep_rew_mean     | 242      |
| time/              |          |
|    episodes        | 1116     |
|    fps             | 216      |
|    time_elapsed    | 1937     |
|    total_timesteps | 419960   |
| train/             |          |
|    actor_loss      | -36.4    |
|    critic_loss     | 7.99     |
|    ent_coef        | 0.0578   |
|    ent_coef_loss   | 0.145    |
|    learning_rate   | 0.000117 |
|    n_updates       | 409952   |
---------------------------------
Eval num_timesteps=420000, episode_reward=271.00 +/- 7.21
Episode length: 258.20 +/- 48.01
---------------------------------
| eval/              |          |
|    mean_ep_length  | 258      |
|    mean_reward     | 271      |
| time/              |          |
|    total_timesteps | 420000   |
| train/             |          |
|    actor_loss      | -36.8    |
|    critic_loss     | 10.5     |
|    ent_coef        | 0.058    |
|    ent_coef_loss   | 0.276    |
|    learning_rate   | 0.000117 |
|    n_updates       | 409992   |
---------------------------------
---------------------------------
| rollout/           |          |
|    ep_len_mean     | 283      |
|    ep_rew_mean     | 242      |
| time/              |          |
|    episodes        | 1120     |
|    fps             | 216      |
|    time_elapsed    | 1945     |
|    total_timesteps | 421544   |
| train/             |          |
|    actor_loss      | -35.2    |
|    critic_loss     | 9.04     |
|    ent_coef        | 0.0597   |
|    ent_coef_loss   | 0.269    |
|    learning_rate   | 0.000115 |
|    n_updates       | 411536   |
---------------------------------
---------------------------------
| rollout/           |          |
|    ep_len_mean     | 283      |
|    ep_rew_mean     | 242      |
| time/              |          |
|    episodes        | 1124     |
|    fps             | 216      |
|    time_elapsed    | 1947     |
|    total_timesteps | 422104   |
| train/             |          |
|    actor_loss      | -35.4    |
|    critic_loss     | 7.2      |
|    ent_coef        | 0.059    |
|    ent_coef_loss   | -0.132   |
|    learning_rate   | 0.000114 |
|    n_updates       | 412096   |
---------------------------------
---------------------------------
| rollout/           |          |
|    ep_len_mean     | 283      |
|    ep_rew_mean     | 242      |
| time/              |          |
|    episodes        | 1128     |
|    fps             | 216      |
|    time_elapsed    | 1955     |
|    total_timesteps | 423840   |
| train/             |          |
|    actor_loss      | -35.9    |
|    critic_loss     | 6.2      |
|    ent_coef        | 0.0583   |
|    ent_coef_loss   | -0.127   |
|    learning_rate   | 0.000111 |
|    n_updates       | 413832   |
---------------------------------
---------------------------------
| rollout/           |          |
|    ep_len_mean     | 293      |
|    ep_rew_mean     | 240      |
| time/              |          |
|    episodes        | 1132     |
|    fps             | 216      |
|    time_elapsed    | 1959     |
|    total_timesteps | 424744   |
| train/             |          |
|    actor_loss      | -37      |
|    critic_loss     | 4.85     |
|    ent_coef        | 0.0562   |
|    ent_coef_loss   | 0.118    |
|    learning_rate   | 0.00011  |
|    n_updates       | 414736   |
---------------------------------
---------------------------------
| rollout/           |          |
|    ep_len_mean     | 295      |
|    ep_rew_mean     | 240      |
| time/              |          |
|    episodes        | 1136     |
|    fps             | 216      |
|    time_elapsed    | 1966     |
|    total_timesteps | 426312   |
| train/             |          |
|    actor_loss      | -35.5    |
|    critic_loss     | 9.33     |
|    ent_coef        | 0.0567   |
|    ent_coef_loss   | 0.109    |
|    learning_rate   | 0.000108 |
|    n_updates       | 416304   |
---------------------------------
---------------------------------
| rollout/           |          |
|    ep_len_mean     | 296      |
|    ep_rew_mean     | 240      |
| time/              |          |
|    episodes        | 1140     |
|    fps             | 216      |
|    time_elapsed    | 1969     |
|    total_timesteps | 426792   |
| train/             |          |
|    actor_loss      | -37.1    |
|    critic_loss     | 9.45     |
|    ent_coef        | 0.0574   |
|    ent_coef_loss   | 0.398    |
|    learning_rate   | 0.000107 |
|    n_updates       | 416784   |
---------------------------------
---------------------------------
| rollout/           |          |
|    ep_len_mean     | 290      |
|    ep_rew_mean     | 242      |
| time/              |          |
|    episodes        | 1144     |
|    fps             | 216      |
|    time_elapsed    | 1976     |
|    total_timesteps | 428288   |
| train/             |          |
|    actor_loss      | -38.4    |
|    critic_loss     | 3.6      |
|    ent_coef        | 0.0575   |
|    ent_coef_loss   | -0.128   |
|    learning_rate   | 0.000105 |
|    n_updates       | 418280   |
---------------------------------
---------------------------------
| rollout/           |          |
|    ep_len_mean     | 290      |
|    ep_rew_mean     | 242      |
| time/              |          |
|    episodes        | 1148     |
|    fps             | 216      |
|    time_elapsed    | 1983     |
|    total_timesteps | 429888   |
| train/             |          |
|    actor_loss      | -37.2    |
|    critic_loss     | 6        |
|    ent_coef        | 0.0567   |
|    ent_coef_loss   | -0.251   |
|    learning_rate   | 0.000102 |
|    n_updates       | 419880   |
---------------------------------
Eval num_timesteps=430000, episode_reward=242.57 +/- 78.78
Episode length: 342.40 +/- 221.79
---------------------------------
| eval/              |          |
|    mean_ep_length  | 342      |
|    mean_reward     | 243      |
| time/              |          |
|    total_timesteps | 430000   |
| train/             |          |
|    actor_loss      | -34.5    |
|    critic_loss     | 9.91     |
|    ent_coef        | 0.0565   |
|    ent_coef_loss   | 0.166    |
|    learning_rate   | 0.000102 |
|    n_updates       | 419992   |
---------------------------------
---------------------------------
| rollout/           |          |
|    ep_len_mean     | 289      |
|    ep_rew_mean     | 241      |
| time/              |          |
|    episodes        | 1152     |
|    fps             | 216      |
|    time_elapsed    | 1992     |
|    total_timesteps | 431248   |
| train/             |          |
|    actor_loss      | -35.7    |
|    critic_loss     | 9.41     |
|    ent_coef        | 0.057    |
|    ent_coef_loss   | -0.0604  |
|    learning_rate   | 0.0001   |
|    n_updates       | 421240   |
---------------------------------
---------------------------------
| rollout/           |          |
|    ep_len_mean     | 296      |
|    ep_rew_mean     | 238      |
| time/              |          |
|    episodes        | 1156     |
|    fps             | 216      |
|    time_elapsed    | 2000     |
|    total_timesteps | 433008   |
| train/             |          |
|    actor_loss      | -36.8    |
|    critic_loss     | 10.1     |
|    ent_coef        | 0.0575   |
|    ent_coef_loss   | -0.135   |
|    learning_rate   | 9.78e-05 |
|    n_updates       | 423000   |
---------------------------------
---------------------------------
| rollout/           |          |
|    ep_len_mean     | 304      |
|    ep_rew_mean     | 238      |
| time/              |          |
|    episodes        | 1160     |
|    fps             | 216      |
|    time_elapsed    | 2007     |
|    total_timesteps | 434392   |
| train/             |          |
|    actor_loss      | -37.2    |
|    critic_loss     | 4.19     |
|    ent_coef        | 0.0571   |
|    ent_coef_loss   | 0.00271  |
|    learning_rate   | 9.58e-05 |
|    n_updates       | 424384   |
---------------------------------
---------------------------------
| rollout/           |          |
|    ep_len_mean     | 305      |
|    ep_rew_mean     | 238      |
| time/              |          |
|    episodes        | 1164     |
|    fps             | 216      |
|    time_elapsed    | 2011     |
|    total_timesteps | 435280   |
| train/             |          |
|    actor_loss      | -37.2    |
|    critic_loss     | 8.45     |
|    ent_coef        | 0.0576   |
|    ent_coef_loss   | 0.0171   |
|    learning_rate   | 9.45e-05 |
|    n_updates       | 425272   |
---------------------------------
---------------------------------
| rollout/           |          |
|    ep_len_mean     | 305      |
|    ep_rew_mean     | 239      |
| time/              |          |
|    episodes        | 1168     |
|    fps             | 216      |
|    time_elapsed    | 2021     |
|    total_timesteps | 437344   |
| train/             |          |
|    actor_loss      | -37.1    |
|    critic_loss     | 9.27     |
|    ent_coef        | 0.0582   |
|    ent_coef_loss   | 0.0262   |
|    learning_rate   | 9.15e-05 |
|    n_updates       | 427336   |
---------------------------------
---------------------------------
| rollout/           |          |
|    ep_len_mean     | 301      |
|    ep_rew_mean     | 241      |
| time/              |          |
|    episodes        | 1172     |
|    fps             | 216      |
|    time_elapsed    | 2024     |
|    total_timesteps | 438016   |
| train/             |          |
|    actor_loss      | -36.1    |
|    critic_loss     | 5.49     |
|    ent_coef        | 0.0579   |
|    ent_coef_loss   | 0.0639   |
|    learning_rate   | 9.05e-05 |
|    n_updates       | 428008   |
---------------------------------
---------------------------------
| rollout/           |          |
|    ep_len_mean     | 302      |
|    ep_rew_mean     | 236      |
| time/              |          |
|    episodes        | 1176     |
|    fps             | 216      |
|    time_elapsed    | 2033     |
|    total_timesteps | 439928   |
| train/             |          |
|    actor_loss      | -37.6    |
|    critic_loss     | 16.5     |
|    ent_coef        | 0.0572   |
|    ent_coef_loss   | 0.00718  |
|    learning_rate   | 8.77e-05 |
|    n_updates       | 429920   |
---------------------------------
Eval num_timesteps=440000, episode_reward=258.30 +/- 15.05
Episode length: 295.90 +/- 93.50
---------------------------------
| eval/              |          |
|    mean_ep_length  | 296      |
|    mean_reward     | 258      |
| time/              |          |
|    total_timesteps | 440000   |
| train/             |          |
|    actor_loss      | -37.5    |
|    critic_loss     | 9.35     |
|    ent_coef        | 0.0574   |
|    ent_coef_loss   | 0.0878   |
|    learning_rate   | 8.76e-05 |
|    n_updates       | 429992   |
---------------------------------
---------------------------------
| rollout/           |          |
|    ep_len_mean     | 303      |
|    ep_rew_mean     | 236      |
| time/              |          |
|    episodes        | 1180     |
|    fps             | 216      |
|    time_elapsed    | 2043     |
|    total_timesteps | 441880   |
| train/             |          |
|    actor_loss      | -37.5    |
|    critic_loss     | 9.18     |
|    ent_coef        | 0.0583   |
|    ent_coef_loss   | -0.0232  |
|    learning_rate   | 8.49e-05 |
|    n_updates       | 431872   |
---------------------------------
---------------------------------
| rollout/           |          |
|    ep_len_mean     | 311      |
|    ep_rew_mean     | 234      |
| time/              |          |
|    episodes        | 1184     |
|    fps             | 216      |
|    time_elapsed    | 2050     |
|    total_timesteps | 443352   |
| train/             |          |
|    actor_loss      | -38.7    |
|    critic_loss     | 10.3     |
|    ent_coef        | 0.058    |
|    ent_coef_loss   | 0.00179  |
|    learning_rate   | 8.27e-05 |
|    n_updates       | 433344   |
---------------------------------
---------------------------------
| rollout/           |          |
|    ep_len_mean     | 320      |
|    ep_rew_mean     | 231      |
| time/              |          |
|    episodes        | 1188     |
|    fps             | 216      |
|    time_elapsed    | 2058     |
|    total_timesteps | 445112   |
| train/             |          |
|    actor_loss      | -37.7    |
|    critic_loss     | 8.61     |
|    ent_coef        | 0.0575   |
|    ent_coef_loss   | 0.0107   |
|    learning_rate   | 8.01e-05 |
|    n_updates       | 435104   |
---------------------------------
---------------------------------
| rollout/           |          |
|    ep_len_mean     | 327      |
|    ep_rew_mean     | 235      |
| time/              |          |
|    episodes        | 1192     |
|    fps             | 216      |
|    time_elapsed    | 2062     |
|    total_timesteps | 445984   |
| train/             |          |
|    actor_loss      | -36.9    |
|    critic_loss     | 8.21     |
|    ent_coef        | 0.0577   |
|    ent_coef_loss   | -0.0315  |
|    learning_rate   | 7.89e-05 |
|    n_updates       | 435976   |
---------------------------------
---------------------------------
| rollout/           |          |
|    ep_len_mean     | 330      |
|    ep_rew_mean     | 237      |
| time/              |          |
|    episodes        | 1196     |
|    fps             | 216      |
|    time_elapsed    | 2071     |
|    total_timesteps | 447944   |
| train/             |          |
|    actor_loss      | -35.6    |
|    critic_loss     | 5.75     |
|    ent_coef        | 0.0582   |
|    ent_coef_loss   | 0.188    |
|    learning_rate   | 7.6e-05  |
|    n_updates       | 437936   |
---------------------------------
---------------------------------
| rollout/           |          |
|    ep_len_mean     | 330      |
|    ep_rew_mean     | 237      |
| time/              |          |
|    episodes        | 1200     |
|    fps             | 216      |
|    time_elapsed    | 2076     |
|    total_timesteps | 448912   |
| train/             |          |
|    actor_loss      | -37.4    |
|    critic_loss     | 8.32     |
|    ent_coef        | 0.0582   |
|    ent_coef_loss   | -0.0373  |
|    learning_rate   | 7.46e-05 |
|    n_updates       | 438904   |
---------------------------------
---------------------------------
| rollout/           |          |
|    ep_len_mean     | 323      |
|    ep_rew_mean     | 243      |
| time/              |          |
|    episodes        | 1204     |
|    fps             | 216      |
|    time_elapsed    | 2079     |
|    total_timesteps | 449664   |
| train/             |          |
|    actor_loss      | -37.9    |
|    critic_loss     | 10.7     |
|    ent_coef        | 0.0573   |
|    ent_coef_loss   | -0.0127  |
|    learning_rate   | 7.35e-05 |
|    n_updates       | 439656   |
---------------------------------
Eval num_timesteps=450000, episode_reward=247.37 +/- 80.32
Episode length: 305.90 +/- 59.59
---------------------------------
| eval/              |          |
|    mean_ep_length  | 306      |
|    mean_reward     | 247      |
| time/              |          |
|    total_timesteps | 450000   |
| train/             |          |
|    actor_loss      | -36.8    |
|    critic_loss     | 8.05     |
|    ent_coef        | 0.057    |
|    ent_coef_loss   | -0.154   |
|    learning_rate   | 7.3e-05  |
|    n_updates       | 439992   |
---------------------------------
---------------------------------
| rollout/           |          |
|    ep_len_mean     | 330      |
|    ep_rew_mean     | 242      |
| time/              |          |
|    episodes        | 1208     |
|    fps             | 216      |
|    time_elapsed    | 2086     |
|    total_timesteps | 450832   |
| train/             |          |
|    actor_loss      | -37.3    |
|    critic_loss     | 7.16     |
|    ent_coef        | 0.0563   |
|    ent_coef_loss   | 0.128    |
|    learning_rate   | 7.18e-05 |
|    n_updates       | 440824   |
---------------------------------
---------------------------------
| rollout/           |          |
|    ep_len_mean     | 329      |
|    ep_rew_mean     | 241      |
| time/              |          |
|    episodes        | 1212     |
|    fps             | 216      |
|    time_elapsed    | 2092     |
|    total_timesteps | 452304   |
| train/             |          |
|    actor_loss      | -36.8    |
|    critic_loss     | 7.57     |
|    ent_coef        | 0.0571   |
|    ent_coef_loss   | -0.0644  |
|    learning_rate   | 6.96e-05 |
|    n_updates       | 442296   |
---------------------------------
---------------------------------
| rollout/           |          |
|    ep_len_mean     | 332      |
|    ep_rew_mean     | 241      |
| time/              |          |
|    episodes        | 1216     |
|    fps             | 216      |
|    time_elapsed    | 2098     |
|    total_timesteps | 453536   |
| train/             |          |
|    actor_loss      | -37      |
|    critic_loss     | 11.5     |
|    ent_coef        | 0.0575   |
|    ent_coef_loss   | 0.294    |
|    learning_rate   | 6.78e-05 |
|    n_updates       | 443528   |
---------------------------------
---------------------------------
| rollout/           |          |
|    ep_len_mean     | 335      |
|    ep_rew_mean     | 241      |
| time/              |          |
|    episodes        | 1220     |
|    fps             | 216      |
|    time_elapsed    | 2104     |
|    total_timesteps | 454808   |
| train/             |          |
|    actor_loss      | -36.2    |
|    critic_loss     | 7.03     |
|    ent_coef        | 0.058    |
|    ent_coef_loss   | 0.0873   |
|    learning_rate   | 6.6e-05  |
|    n_updates       | 444800   |
---------------------------------
---------------------------------
| rollout/           |          |
|    ep_len_mean     | 335      |
|    ep_rew_mean     | 240      |
| time/              |          |
|    episodes        | 1224     |
|    fps             | 216      |
|    time_elapsed    | 2108     |
|    total_timesteps | 455592   |
| train/             |          |
|    actor_loss      | -36.9    |
|    critic_loss     | 5.54     |
|    ent_coef        | 0.0582   |
|    ent_coef_loss   | -0.233   |
|    learning_rate   | 6.48e-05 |
|    n_updates       | 445584   |
---------------------------------
---------------------------------
| rollout/           |          |
|    ep_len_mean     | 336      |
|    ep_rew_mean     | 235      |
| time/              |          |
|    episodes        | 1228     |
|    fps             | 216      |
|    time_elapsed    | 2117     |
|    total_timesteps | 457640   |
| train/             |          |
|    actor_loss      | -36.5    |
|    critic_loss     | 6.89     |
|    ent_coef        | 0.0578   |
|    ent_coef_loss   | 0.029    |
|    learning_rate   | 6.19e-05 |
|    n_updates       | 447632   |
---------------------------------
---------------------------------
| rollout/           |          |
|    ep_len_mean     | 334      |
|    ep_rew_mean     | 234      |
| time/              |          |
|    episodes        | 1232     |
|    fps             | 216      |
|    time_elapsed    | 2125     |
|    total_timesteps | 459344   |
| train/             |          |
|    actor_loss      | -36.2    |
|    critic_loss     | 6.09     |
|    ent_coef        | 0.0579   |
|    ent_coef_loss   | -0.0915  |
|    learning_rate   | 5.94e-05 |
|    n_updates       | 449336   |
---------------------------------
Eval num_timesteps=460000, episode_reward=274.81 +/- 9.48
Episode length: 274.10 +/- 60.80
---------------------------------
| eval/              |          |
|    mean_ep_length  | 274      |
|    mean_reward     | 275      |
| time/              |          |
|    total_timesteps | 460000   |
| train/             |          |
|    actor_loss      | -37.6    |
|    critic_loss     | 5.4      |
|    ent_coef        | 0.058    |
|    ent_coef_loss   | -0.00483 |
|    learning_rate   | 5.84e-05 |
|    n_updates       | 449992   |
---------------------------------
New best mean reward!
---------------------------------
| rollout/           |          |
|    ep_len_mean     | 334      |
|    ep_rew_mean     | 230      |
| time/              |          |
|    episodes        | 1236     |
|    fps             | 216      |
|    time_elapsed    | 2131     |
|    total_timesteps | 460472   |
| train/             |          |
|    actor_loss      | -36.2    |
|    critic_loss     | 9.81     |
|    ent_coef        | 0.0582   |
|    ent_coef_loss   | 0.158    |
|    learning_rate   | 5.77e-05 |
|    n_updates       | 450464   |
---------------------------------
---------------------------------
| rollout/           |          |
|    ep_len_mean     | 341      |
|    ep_rew_mean     | 225      |
| time/              |          |
|    episodes        | 1240     |
|    fps             | 216      |
|    time_elapsed    | 2137     |
|    total_timesteps | 461784   |
| train/             |          |
|    actor_loss      | -36.4    |
|    critic_loss     | 7.37     |
|    ent_coef        | 0.0584   |
|    ent_coef_loss   | 0.187    |
|    learning_rate   | 5.58e-05 |
|    n_updates       | 451776   |
---------------------------------
---------------------------------
| rollout/           |          |
|    ep_len_mean     | 340      |
|    ep_rew_mean     | 225      |
| time/              |          |
|    episodes        | 1244     |
|    fps             | 216      |
|    time_elapsed    | 2141     |
|    total_timesteps | 462704   |
| train/             |          |
|    actor_loss      | -37.2    |
|    critic_loss     | 6.09     |
|    ent_coef        | 0.0592   |
|    ent_coef_loss   | -0.254   |
|    learning_rate   | 5.45e-05 |
|    n_updates       | 452696   |
---------------------------------
---------------------------------
| rollout/           |          |
|    ep_len_mean     | 347      |
|    ep_rew_mean     | 222      |
| time/              |          |
|    episodes        | 1248     |
|    fps             | 216      |
|    time_elapsed    | 2145     |
|    total_timesteps | 463544   |
| train/             |          |
|    actor_loss      | -36.5    |
|    critic_loss     | 7.3      |
|    ent_coef        | 0.0594   |
|    ent_coef_loss   | 0.222    |
|    learning_rate   | 5.32e-05 |
|    n_updates       | 453536   |
---------------------------------
---------------------------------
| rollout/           |          |
|    ep_len_mean     | 345      |
|    ep_rew_mean     | 219      |
| time/              |          |
|    episodes        | 1252     |
|    fps             | 216      |
|    time_elapsed    | 2150     |
|    total_timesteps | 464624   |
| train/             |          |
|    actor_loss      | -36.5    |
|    critic_loss     | 5.85     |
|    ent_coef        | 0.0595   |
|    ent_coef_loss   | 0.137    |
|    learning_rate   | 5.17e-05 |
|    n_updates       | 454616   |
---------------------------------
---------------------------------
| rollout/           |          |
|    ep_len_mean     | 338      |
|    ep_rew_mean     | 222      |
| time/              |          |
|    episodes        | 1256     |
|    fps             | 216      |
|    time_elapsed    | 2154     |
|    total_timesteps | 465384   |
| train/             |          |
|    actor_loss      | -37.3    |
|    critic_loss     | 11.5     |
|    ent_coef        | 0.0596   |
|    ent_coef_loss   | -0.146   |
|    learning_rate   | 5.06e-05 |
|    n_updates       | 455376   |
---------------------------------
---------------------------------
| rollout/           |          |
|    ep_len_mean     | 330      |
|    ep_rew_mean     | 225      |
| time/              |          |
|    episodes        | 1260     |
|    fps             | 216      |
|    time_elapsed    | 2161     |
|    total_timesteps | 467032   |
| train/             |          |
|    actor_loss      | -36.1    |
|    critic_loss     | 7.62     |
|    ent_coef        | 0.0594   |
|    ent_coef_loss   | -0.0869  |
|    learning_rate   | 4.81e-05 |
|    n_updates       | 457024   |
---------------------------------
---------------------------------
| rollout/           |          |
|    ep_len_mean     | 331      |
|    ep_rew_mean     | 224      |
| time/              |          |
|    episodes        | 1264     |
|    fps             | 216      |
|    time_elapsed    | 2164     |
|    total_timesteps | 467568   |
| train/             |          |
|    actor_loss      | -36.3    |
|    critic_loss     | 8.45     |
|    ent_coef        | 0.0594   |
|    ent_coef_loss   | 0.0681   |
|    learning_rate   | 4.74e-05 |
|    n_updates       | 457560   |
---------------------------------
---------------------------------
| rollout/           |          |
|    ep_len_mean     | 324      |
|    ep_rew_mean     | 226      |
| time/              |          |
|    episodes        | 1268     |
|    fps             | 216      |
|    time_elapsed    | 2171     |
|    total_timesteps | 469088   |
| train/             |          |
|    actor_loss      | -35.5    |
|    critic_loss     | 7.97     |
|    ent_coef        | 0.059    |
|    ent_coef_loss   | -0.18    |
|    learning_rate   | 4.51e-05 |
|    n_updates       | 459080   |
---------------------------------
---------------------------------
| rollout/           |          |
|    ep_len_mean     | 321      |
|    ep_rew_mean     | 226      |
| time/              |          |
|    episodes        | 1272     |
|    fps             | 216      |
|    time_elapsed    | 2175     |
|    total_timesteps | 469984   |
| train/             |          |
|    actor_loss      | -36.1    |
|    critic_loss     | 7.07     |
|    ent_coef        | 0.059    |
|    ent_coef_loss   | 0.121    |
|    learning_rate   | 4.38e-05 |
|    n_updates       | 459976   |
---------------------------------
Eval num_timesteps=470000, episode_reward=226.32 +/- 99.40
Episode length: 252.60 +/- 67.19
---------------------------------
| eval/              |          |
|    mean_ep_length  | 253      |
|    mean_reward     | 226      |
| time/              |          |
|    total_timesteps | 470000   |
| train/             |          |
|    actor_loss      | -36.4    |
|    critic_loss     | 7.58     |
|    ent_coef        | 0.059    |
|    ent_coef_loss   | -0.0368  |
|    learning_rate   | 4.38e-05 |
|    n_updates       | 459992   |
---------------------------------
---------------------------------
| rollout/           |          |
|    ep_len_mean     | 321      |
|    ep_rew_mean     | 231      |
| time/              |          |
|    episodes        | 1276     |
|    fps             | 215      |
|    time_elapsed    | 2182     |
|    total_timesteps | 471408   |
| train/             |          |
|    actor_loss      | -36.6    |
|    critic_loss     | 6.47     |
|    ent_coef        | 0.0593   |
|    ent_coef_loss   | -0.052   |
|    learning_rate   | 4.18e-05 |
|    n_updates       | 461400   |
---------------------------------
---------------------------------
| rollout/           |          |
|    ep_len_mean     | 321      |
|    ep_rew_mean     | 231      |
| time/              |          |
|    episodes        | 1280     |
|    fps             | 215      |
|    time_elapsed    | 2185     |
|    total_timesteps | 472080   |
| train/             |          |
|    actor_loss      | -36.1    |
|    critic_loss     | 6.12     |
|    ent_coef        | 0.0591   |
|    ent_coef_loss   | 0.256    |
|    learning_rate   | 4.08e-05 |
|    n_updates       | 462072   |
---------------------------------
---------------------------------
| rollout/           |          |
|    ep_len_mean     | 313      |
|    ep_rew_mean     | 233      |
| time/              |          |
|    episodes        | 1284     |
|    fps             | 215      |
|    time_elapsed    | 2193     |
|    total_timesteps | 473736   |
| train/             |          |
|    actor_loss      | -37.4    |
|    critic_loss     | 7.95     |
|    ent_coef        | 0.0581   |
|    ent_coef_loss   | -0.122   |
|    learning_rate   | 3.84e-05 |
|    n_updates       | 463728   |
---------------------------------
---------------------------------
| rollout/           |          |
|    ep_len_mean     | 307      |
|    ep_rew_mean     | 236      |
| time/              |          |
|    episodes        | 1288     |
|    fps             | 215      |
|    time_elapsed    | 2194     |
|    total_timesteps | 474000   |
| train/             |          |
|    actor_loss      | -36.5    |
|    critic_loss     | 7.61     |
|    ent_coef        | 0.058    |
|    ent_coef_loss   | 0.0742   |
|    learning_rate   | 3.8e-05  |
|    n_updates       | 463992   |
---------------------------------
---------------------------------
| rollout/           |          |
|    ep_len_mean     | 296      |
|    ep_rew_mean     | 235      |
| time/              |          |
|    episodes        | 1292     |
|    fps             | 215      |
|    time_elapsed    | 2202     |
|    total_timesteps | 475600   |
| train/             |          |
|    actor_loss      | -36.3    |
|    critic_loss     | 4.97     |
|    ent_coef        | 0.0577   |
|    ent_coef_loss   | -0.335   |
|    learning_rate   | 3.56e-05 |
|    n_updates       | 465592   |
---------------------------------
---------------------------------
| rollout/           |          |
|    ep_len_mean     | 301      |
|    ep_rew_mean     | 234      |
| time/              |          |
|    episodes        | 1296     |
|    fps             | 215      |
|    time_elapsed    | 2204     |
|    total_timesteps | 476032   |
| train/             |          |
|    actor_loss      | -36.6    |
|    critic_loss     | 10.3     |
|    ent_coef        | 0.0577   |
|    ent_coef_loss   | -0.0505  |
|    learning_rate   | 3.5e-05  |
|    n_updates       | 466024   |
---------------------------------
---------------------------------
| rollout/           |          |
|    ep_len_mean     | 292      |
|    ep_rew_mean     | 236      |
| time/              |          |
|    episodes        | 1300     |
|    fps             | 215      |
|    time_elapsed    | 2210     |
|    total_timesteps | 477424   |
| train/             |          |
|    actor_loss      | -35.6    |
|    critic_loss     | 5.55     |
|    ent_coef        | 0.0572   |
|    ent_coef_loss   | -0.0275  |
|    learning_rate   | 3.3e-05  |
|    n_updates       | 467416   |
---------------------------------
---------------------------------
| rollout/           |          |
|    ep_len_mean     | 294      |
|    ep_rew_mean     | 237      |
| time/              |          |
|    episodes        | 1304     |
|    fps             | 215      |
|    time_elapsed    | 2217     |
|    total_timesteps | 478816   |
| train/             |          |
|    actor_loss      | -37.1    |
|    critic_loss     | 7.29     |
|    ent_coef        | 0.0574   |
|    ent_coef_loss   | -0.106   |
|    learning_rate   | 3.09e-05 |
|    n_updates       | 468808   |
---------------------------------
Eval num_timesteps=480000, episode_reward=227.02 +/- 100.83
Episode length: 224.50 +/- 43.11
---------------------------------
| eval/              |          |
|    mean_ep_length  | 224      |
|    mean_reward     | 227      |
| time/              |          |
|    total_timesteps | 480000   |
| train/             |          |
|    actor_loss      | -36.7    |
|    critic_loss     | 5.62     |
|    ent_coef        | 0.0572   |
|    ent_coef_loss   | -0.0299  |
|    learning_rate   | 2.92e-05 |
|    n_updates       | 469992   |
---------------------------------
---------------------------------
| rollout/           |          |
|    ep_len_mean     | 284      |
|    ep_rew_mean     | 238      |
| time/              |          |
|    episodes        | 1308     |
|    fps             | 215      |
|    time_elapsed    | 2226     |
|    total_timesteps | 480440   |
| train/             |          |
|    actor_loss      | -37.3    |
|    critic_loss     | 4.11     |
|    ent_coef        | 0.0572   |
|    ent_coef_loss   | 0.0861   |
|    learning_rate   | 2.86e-05 |
|    n_updates       | 470432   |
---------------------------------
---------------------------------
| rollout/           |          |
|    ep_len_mean     | 283      |
|    ep_rew_mean     | 235      |
| time/              |          |
|    episodes        | 1312     |
|    fps             | 215      |
|    time_elapsed    | 2230     |
|    total_timesteps | 481312   |
| train/             |          |
|    actor_loss      | -37.4    |
|    critic_loss     | 11.1     |
|    ent_coef        | 0.0574   |
|    ent_coef_loss   | -0.0545  |
|    learning_rate   | 2.73e-05 |
|    n_updates       | 471304   |
---------------------------------
---------------------------------
| rollout/           |          |
|    ep_len_mean     | 278      |
|    ep_rew_mean     | 232      |
| time/              |          |
|    episodes        | 1316     |
|    fps             | 215      |
|    time_elapsed    | 2236     |
|    total_timesteps | 482536   |
| train/             |          |
|    actor_loss      | -37.8    |
|    critic_loss     | 7.68     |
|    ent_coef        | 0.0574   |
|    ent_coef_loss   | -0.104   |
|    learning_rate   | 2.55e-05 |
|    n_updates       | 472528   |
---------------------------------
---------------------------------
| rollout/           |          |
|    ep_len_mean     | 283      |
|    ep_rew_mean     | 230      |
| time/              |          |
|    episodes        | 1320     |
|    fps             | 215      |
|    time_elapsed    | 2239     |
|    total_timesteps | 483400   |
| train/             |          |
|    actor_loss      | -38.1    |
|    critic_loss     | 6.37     |
|    ent_coef        | 0.0574   |
|    ent_coef_loss   | 0.0285   |
|    learning_rate   | 2.42e-05 |
|    n_updates       | 473392   |
---------------------------------
---------------------------------
| rollout/           |          |
|    ep_len_mean     | 289      |
|    ep_rew_mean     | 224      |
| time/              |          |
|    episodes        | 1324     |
|    fps             | 215      |
|    time_elapsed    | 2245     |
|    total_timesteps | 484704   |
| train/             |          |
|    actor_loss      | -38.6    |
|    critic_loss     | 4.72     |
|    ent_coef        | 0.0574   |
|    ent_coef_loss   | -0.0564  |
|    learning_rate   | 2.23e-05 |
|    n_updates       | 474696   |
---------------------------------
---------------------------------
| rollout/           |          |
|    ep_len_mean     | 289      |
|    ep_rew_mean     | 228      |
| time/              |          |
|    episodes        | 1328     |
|    fps             | 215      |
|    time_elapsed    | 2249     |
|    total_timesteps | 485720   |
| train/             |          |
|    actor_loss      | -36.5    |
|    critic_loss     | 9.47     |
|    ent_coef        | 0.0572   |
|    ent_coef_loss   | -0.0908  |
|    learning_rate   | 2.09e-05 |
|    n_updates       | 475712   |
---------------------------------
---------------------------------
| rollout/           |          |
|    ep_len_mean     | 281      |
|    ep_rew_mean     | 231      |
| time/              |          |
|    episodes        | 1332     |
|    fps             | 215      |
|    time_elapsed    | 2255     |
|    total_timesteps | 487032   |
| train/             |          |
|    actor_loss      | -36.2    |
|    critic_loss     | 4.39     |
|    ent_coef        | 0.0571   |
|    ent_coef_loss   | -0.0505  |
|    learning_rate   | 1.89e-05 |
|    n_updates       | 477024   |
---------------------------------
---------------------------------
| rollout/           |          |
|    ep_len_mean     | 288      |
|    ep_rew_mean     | 232      |
| time/              |          |
|    episodes        | 1336     |
|    fps             | 215      |
|    time_elapsed    | 2263     |
|    total_timesteps | 488704   |
| train/             |          |
|    actor_loss      | -35.6    |
|    critic_loss     | 4.72     |
|    ent_coef        | 0.0572   |
|    ent_coef_loss   | -0.109   |
|    learning_rate   | 1.65e-05 |
|    n_updates       | 478696   |
---------------------------------
---------------------------------
| rollout/           |          |
|    ep_len_mean     | 281      |
|    ep_rew_mean     | 237      |
| time/              |          |
|    episodes        | 1340     |
|    fps             | 215      |
|    time_elapsed    | 2266     |
|    total_timesteps | 489432   |
| train/             |          |
|    actor_loss      | -36.4    |
|    critic_loss     | 6.89     |
|    ent_coef        | 0.0572   |
|    ent_coef_loss   | -0.0178  |
|    learning_rate   | 1.54e-05 |
|    n_updates       | 479424   |
---------------------------------
Eval num_timesteps=490000, episode_reward=268.52 +/- 16.05
Episode length: 312.90 +/- 130.27
---------------------------------
| eval/              |          |
|    mean_ep_length  | 313      |
|    mean_reward     | 269      |
| time/              |          |
|    total_timesteps | 490000   |
| train/             |          |
|    actor_loss      | -35.2    |
|    critic_loss     | 7.7      |
|    ent_coef        | 0.0572   |
|    ent_coef_loss   | -0.109   |
|    learning_rate   | 1.46e-05 |
|    n_updates       | 479992   |
---------------------------------
---------------------------------
| rollout/           |          |
|    ep_len_mean     | 281      |
|    ep_rew_mean     | 236      |
| time/              |          |
|    episodes        | 1344     |
|    fps             | 215      |
|    time_elapsed    | 2272     |
|    total_timesteps | 490624   |
| train/             |          |
|    actor_loss      | -36.4    |
|    critic_loss     | 6.89     |
|    ent_coef        | 0.0572   |
|    ent_coef_loss   | 0.139    |
|    learning_rate   | 1.37e-05 |
|    n_updates       | 480616   |
---------------------------------
---------------------------------
| rollout/           |          |
|    ep_len_mean     | 276      |
|    ep_rew_mean     | 239      |
| time/              |          |
|    episodes        | 1348     |
|    fps             | 215      |
|    time_elapsed    | 2278     |
|    total_timesteps | 491944   |
| train/             |          |
|    actor_loss      | -36.1    |
|    critic_loss     | 6.31     |
|    ent_coef        | 0.0572   |
|    ent_coef_loss   | 0.043    |
|    learning_rate   | 1.18e-05 |
|    n_updates       | 481936   |
---------------------------------
---------------------------------
| rollout/           |          |
|    ep_len_mean     | 286      |
|    ep_rew_mean     | 240      |
| time/              |          |
|    episodes        | 1352     |
|    fps             | 215      |
|    time_elapsed    | 2284     |
|    total_timesteps | 493352   |
| train/             |          |
|    actor_loss      | -37.3    |
|    critic_loss     | 7.65     |
|    ent_coef        | 0.0573   |
|    ent_coef_loss   | 0.0757   |
|    learning_rate   | 9.72e-06 |
|    n_updates       | 483344   |
---------------------------------
---------------------------------
| rollout/           |          |
|    ep_len_mean     | 287      |
|    ep_rew_mean     | 240      |
| time/              |          |
|    episodes        | 1356     |
|    fps             | 216      |
|    time_elapsed    | 2290     |
|    total_timesteps | 494648   |
| train/             |          |
|    actor_loss      | -35.6    |
|    critic_loss     | 5.67     |
|    ent_coef        | 0.0573   |
|    ent_coef_loss   | 0.34     |
|    learning_rate   | 7.83e-06 |
|    n_updates       | 484640   |
---------------------------------
---------------------------------
| rollout/           |          |
|    ep_len_mean     | 288      |
|    ep_rew_mean     | 240      |
| time/              |          |
|    episodes        | 1360     |
|    fps             | 216      |
|    time_elapsed    | 2294     |
|    total_timesteps | 495608   |
| train/             |          |
|    actor_loss      | -35.8    |
|    critic_loss     | 9.4      |
|    ent_coef        | 0.0573   |
|    ent_coef_loss   | 0.0037   |
|    learning_rate   | 6.42e-06 |
|    n_updates       | 485600   |
---------------------------------
---------------------------------
| rollout/           |          |
|    ep_len_mean     | 285      |
|    ep_rew_mean     | 237      |
| time/              |          |
|    episodes        | 1364     |
|    fps             | 216      |
|    time_elapsed    | 2298     |
|    total_timesteps | 496520   |
| train/             |          |
|    actor_loss      | -36.6    |
|    critic_loss     | 8.72     |
|    ent_coef        | 0.0573   |
|    ent_coef_loss   | 0.0805   |
|    learning_rate   | 5.09e-06 |
|    n_updates       | 486512   |
---------------------------------
---------------------------------
| rollout/           |          |
|    ep_len_mean     | 284      |
|    ep_rew_mean     | 237      |
| time/              |          |
|    episodes        | 1368     |
|    fps             | 216      |
|    time_elapsed    | 2305     |
|    total_timesteps | 498136   |
| train/             |          |
|    actor_loss      | -35.9    |
|    critic_loss     | 5.88     |
|    ent_coef        | 0.0572   |
|    ent_coef_loss   | -0.168   |
|    learning_rate   | 2.73e-06 |
|    n_updates       | 488128   |
---------------------------------
---------------------------------
| rollout/           |          |
|    ep_len_mean     | 282      |
|    ep_rew_mean     | 238      |
| time/              |          |
|    episodes        | 1372     |
|    fps             | 216      |
|    time_elapsed    | 2309     |
|    total_timesteps | 498888   |
| train/             |          |
|    actor_loss      | -35.8    |
|    critic_loss     | 6.48     |
|    ent_coef        | 0.0572   |
|    ent_coef_loss   | -0.233   |
|    learning_rate   | 1.64e-06 |
|    n_updates       | 488880   |
---------------------------------
Eval num_timesteps=500000, episode_reward=236.81 +/- 90.72
Episode length: 338.50 +/- 226.23
---------------------------------
| eval/              |          |
|    mean_ep_length  | 338      |
|    mean_reward     | 237      |
| time/              |          |
|    total_timesteps | 500000   |
| train/             |          |
|    actor_loss      | -36.2    |
|    critic_loss     | 5.88     |
|    ent_coef        | 0.0572   |
|    ent_coef_loss   | -0.161   |
|    learning_rate   | 1.17e-08 |
|    n_updates       | 489992   |
---------------------------------
Wrapping the env in a DummyVecEnv.
mlp after training: mean_reward=221.23 +/- 110.91

=== Experiment complete ===
Summary: outputs/lunarlander_parallel_baseline/sac8env-20260729_084955-seed42/experiment_summary_mlp.json
mlp: final=221.23, best_eval=274.8087007
/home/leopold/anaconda3/envs/sac_sb3_demo/lib/python3.12/site-packages/pygame/pkgdata.py:25: UserWarning: pkg_resources is deprecated as an API. See https://setuptools.pypa.io/en/latest/pkg_resources.html. The pkg_resources package is slated for removal as early as 2025-11-30. Refrain from using this package or pin to Setuptools<81.
  from pkg_resources import resource_stream, resource_exists
/home/leopold/anaconda3/envs/sac_sb3_demo/lib/python3.12/site-packages/pygame/pkgdata.py:25: UserWarning: pkg_resources is deprecated as an API. See https://setuptools.pypa.io/en/latest/pkg_resources.html. The pkg_resources package is slated for removal as early as 2025-11-30. Refrain from using this package or pin to Setuptools<81.
  from pkg_resources import resource_stream, resource_exists
/home/leopold/anaconda3/envs/sac_sb3_demo/lib/python3.12/site-packages/pygame/pkgdata.py:25: UserWarning: pkg_resources is deprecated as an API. See https://setuptools.pypa.io/en/latest/pkg_resources.html. The pkg_resources package is slated for removal as early as 2025-11-30. Refrain from using this package or pin to Setuptools<81.
  from pkg_resources import resource_stream, resource_exists
/home/leopold/anaconda3/envs/sac_sb3_demo/lib/python3.12/site-packages/pygame/pkgdata.py:25: UserWarning: pkg_resources is deprecated as an API. See https://setuptools.pypa.io/en/latest/pkg_resources.html. The pkg_resources package is slated for removal as early as 2025-11-30. Refrain from using this package or pin to Setuptools<81.
  from pkg_resources import resource_stream, resource_exists
/home/leopold/anaconda3/envs/sac_sb3_demo/lib/python3.12/site-packages/pygame/pkgdata.py:25: UserWarning: pkg_resources is deprecated as an API. See https://setuptools.pypa.io/en/latest/pkg_resources.html. The pkg_resources package is slated for removal as early as 2025-11-30. Refrain from using this package or pin to Setuptools<81.
  from pkg_resources import resource_stream, resource_exists
/home/leopold/anaconda3/envs/sac_sb3_demo/lib/python3.12/site-packages/pygame/pkgdata.py:25: UserWarning: pkg_resources is deprecated as an API. See https://setuptools.pypa.io/en/latest/pkg_resources.html. The pkg_resources package is slated for removal as early as 2025-11-30. Refrain from using this package or pin to Setuptools<81.
  from pkg_resources import resource_stream, resource_exists
/home/leopold/anaconda3/envs/sac_sb3_demo/lib/python3.12/site-packages/pygame/pkgdata.py:25: UserWarning: pkg_resources is deprecated as an API. See https://setuptools.pypa.io/en/latest/pkg_resources.html. The pkg_resources package is slated for removal as early as 2025-11-30. Refrain from using this package or pin to Setuptools<81.
  from pkg_resources import resource_stream, resource_exists
/home/leopold/anaconda3/envs/sac_sb3_demo/lib/python3.12/site-packages/pygame/pkgdata.py:25: UserWarning: pkg_resources is deprecated as an API. See https://setuptools.pypa.io/en/latest/pkg_resources.html. The pkg_resources package is slated for removal as early as 2025-11-30. Refrain from using this package or pin to Setuptools<81.
  from pkg_resources import resource_stream, resource_exists
/home/leopold/anaconda3/envs/sac_sb3_demo/lib/python3.12/site-packages/pygame/pkgdata.py:25: UserWarning: pkg_resources is deprecated as an API. See https://setuptools.pypa.io/en/latest/pkg_resources.html. The pkg_resources package is slated for removal as early as 2025-11-30. Refrain from using this package or pin to Setuptools<81.
  from pkg_resources import resource_stream, resource_exists
/home/leopold/anaconda3/envs/sac_sb3_demo/lib/python3.12/site-packages/stable_baselines3/common/callbacks.py:418: UserWarning: Training and eval env are not of the same type<stable_baselines3.common.vec_env.subproc_vec_env.SubprocVecEnv object at 0x71da5cd27260> != <stable_baselines3.common.vec_env.dummy_vec_env.DummyVecEnv object at 0x71da3c61a060>
  warnings.warn("Training and eval env are not of the same type" f"{self.training_env} != {self.eval_env}")


