══════════════════════════════════════════
[2/3] SAC 8env  seed=123
started: 2026年 07月 29日 星期三 09:28:41 CST
run_tag: sac8env-20260729_084955-seed123
══════════════════════════════════════════
CUDA available: NVIDIA GeForce RTX 4070 Laptop GPU

=== Training variant: mlp ===
Using cuda device
mlp before training: mean_reward=-241.62 +/- 83.10
Logging to runs/lunarlander_parallel_baseline/sac8env-20260729_084955-seed123/mlp_1
---------------------------------
| rollout/           |          |
|    ep_len_mean     | 86.2     |
|    ep_rew_mean     | -288     |
| time/              |          |
|    episodes        | 4        |
|    fps             | 8369     |
|    time_elapsed    | 0        |
|    total_timesteps | 712      |
---------------------------------
---------------------------------
| rollout/           |          |
|    ep_len_mean     | 95.5     |
|    ep_rew_mean     | -268     |
| time/              |          |
|    episodes        | 8        |
|    fps             | 8762     |
|    time_elapsed    | 0        |
|    total_timesteps | 960      |
---------------------------------
---------------------------------
| rollout/           |          |
|    ep_len_mean     | 93.2     |
|    ep_rew_mean     | -241     |
| time/              |          |
|    episodes        | 12       |
|    fps             | 9307     |
|    time_elapsed    | 0        |
|    total_timesteps | 1544     |
---------------------------------
---------------------------------
| rollout/           |          |
|    ep_len_mean     | 94       |
|    ep_rew_mean     | -240     |
| time/              |          |
|    episodes        | 16       |
|    fps             | 9610     |
|    time_elapsed    | 0        |
|    total_timesteps | 1960     |
---------------------------------
---------------------------------
| rollout/           |          |
|    ep_len_mean     | 97.8     |
|    ep_rew_mean     | -237     |
| time/              |          |
|    episodes        | 20       |
|    fps             | 9462     |
|    time_elapsed    | 0        |
|    total_timesteps | 2464     |
---------------------------------
---------------------------------
| rollout/           |          |
|    ep_len_mean     | 99.2     |
|    ep_rew_mean     | -239     |
| time/              |          |
|    episodes        | 24       |
|    fps             | 9612     |
|    time_elapsed    | 0        |
|    total_timesteps | 2824     |
---------------------------------
---------------------------------
| rollout/           |          |
|    ep_len_mean     | 102      |
|    ep_rew_mean     | -239     |
| time/              |          |
|    episodes        | 28       |
|    fps             | 9821     |
|    time_elapsed    | 0        |
|    total_timesteps | 3360     |
---------------------------------
---------------------------------
| rollout/           |          |
|    ep_len_mean     | 104      |
|    ep_rew_mean     | -240     |
| time/              |          |
|    episodes        | 32       |
|    fps             | 9854     |
|    time_elapsed    | 0        |
|    total_timesteps | 3568     |
---------------------------------
---------------------------------
| rollout/           |          |
|    ep_len_mean     | 103      |
|    ep_rew_mean     | -226     |
| time/              |          |
|    episodes        | 36       |
|    fps             | 9838     |
|    time_elapsed    | 0        |
|    total_timesteps | 4120     |
---------------------------------
---------------------------------
| rollout/           |          |
|    ep_len_mean     | 102      |
|    ep_rew_mean     | -220     |
| time/              |          |
|    episodes        | 40       |
|    fps             | 9845     |
|    time_elapsed    | 0        |
|    total_timesteps | 4344     |
---------------------------------
---------------------------------
| rollout/           |          |
|    ep_len_mean     | 103      |
|    ep_rew_mean     | -223     |
| time/              |          |
|    episodes        | 44       |
|    fps             | 10012    |
|    time_elapsed    | 0        |
|    total_timesteps | 4992     |
---------------------------------
---------------------------------
| rollout/           |          |
|    ep_len_mean     | 103      |
|    ep_rew_mean     | -216     |
| time/              |          |
|    episodes        | 48       |
|    fps             | 9987     |
|    time_elapsed    | 0        |
|    total_timesteps | 5272     |
---------------------------------
---------------------------------
| rollout/           |          |
|    ep_len_mean     | 102      |
|    ep_rew_mean     | -206     |
| time/              |          |
|    episodes        | 52       |
|    fps             | 10056    |
|    time_elapsed    | 0        |
|    total_timesteps | 5584     |
---------------------------------
---------------------------------
| rollout/           |          |
|    ep_len_mean     | 103      |
|    ep_rew_mean     | -202     |
| time/              |          |
|    episodes        | 56       |
|    fps             | 10203    |
|    time_elapsed    | 0        |
|    total_timesteps | 6320     |
---------------------------------
---------------------------------
| rollout/           |          |
|    ep_len_mean     | 102      |
|    ep_rew_mean     | -203     |
| time/              |          |
|    episodes        | 60       |
|    fps             | 10232    |
|    time_elapsed    | 0        |
|    total_timesteps | 6520     |
---------------------------------
---------------------------------
| rollout/           |          |
|    ep_len_mean     | 104      |
|    ep_rew_mean     | -201     |
| time/              |          |
|    episodes        | 64       |
|    fps             | 10342    |
|    time_elapsed    | 0        |
|    total_timesteps | 7096     |
---------------------------------
---------------------------------
| rollout/           |          |
|    ep_len_mean     | 104      |
|    ep_rew_mean     | -206     |
| time/              |          |
|    episodes        | 68       |
|    fps             | 10386    |
|    time_elapsed    | 0        |
|    total_timesteps | 7472     |
---------------------------------
---------------------------------
| rollout/           |          |
|    ep_len_mean     | 104      |
|    ep_rew_mean     | -203     |
| time/              |          |
|    episodes        | 72       |
|    fps             | 10499    |
|    time_elapsed    | 0        |
|    total_timesteps | 7960     |
---------------------------------
---------------------------------
| rollout/           |          |
|    ep_len_mean     | 105      |
|    ep_rew_mean     | -198     |
| time/              |          |
|    episodes        | 76       |
|    fps             | 10528    |
|    time_elapsed    | 0        |
|    total_timesteps | 8216     |
---------------------------------
---------------------------------
| rollout/           |          |
|    ep_len_mean     | 104      |
|    ep_rew_mean     | -195     |
| time/              |          |
|    episodes        | 80       |
|    fps             | 10587    |
|    time_elapsed    | 0        |
|    total_timesteps | 8784     |
---------------------------------
---------------------------------
| rollout/           |          |
|    ep_len_mean     | 104      |
|    ep_rew_mean     | -199     |
| time/              |          |
|    episodes        | 84       |
|    fps             | 10598    |
|    time_elapsed    | 0        |
|    total_timesteps | 9056     |
---------------------------------
---------------------------------
| rollout/           |          |
|    ep_len_mean     | 105      |
|    ep_rew_mean     | -200     |
| time/              |          |
|    episodes        | 88       |
|    fps             | 10583    |
|    time_elapsed    | 0        |
|    total_timesteps | 9552     |
---------------------------------
Eval num_timesteps=10000, episode_reward=-219.74 +/- 105.94
Episode length: 110.40 +/- 45.09
---------------------------------
| eval/              |          |
|    mean_ep_length  | 110      |
|    mean_reward     | -220     |
| time/              |          |
|    total_timesteps | 10000    |
---------------------------------
New best mean reward!
---------------------------------
| rollout/           |          |
|    ep_len_mean     | 106      |
|    ep_rew_mean     | -200     |
| time/              |          |
|    episodes        | 92       |
|    fps             | 7502     |
|    time_elapsed    | 1        |
|    total_timesteps | 10008    |
---------------------------------
---------------------------------
| rollout/           |          |
|    ep_len_mean     | 107      |
|    ep_rew_mean     | -198     |
| time/              |          |
|    episodes        | 96       |
|    fps             | 1793     |
|    time_elapsed    | 6        |
|    total_timesteps | 11040    |
| train/             |          |
|    actor_loss      | 2.35     |
|    critic_loss     | 21.1     |
|    ent_coef        | 0.511    |
|    ent_coef_loss   | -1.51    |
|    learning_rate   | 0.000714 |
|    n_updates       | 1032     |
---------------------------------
---------------------------------
| rollout/           |          |
|    ep_len_mean     | 108      |
|    ep_rew_mean     | -196     |
| time/              |          |
|    episodes        | 100      |
|    fps             | 1383     |
|    time_elapsed    | 8        |
|    total_timesteps | 11504    |
| train/             |          |
|    actor_loss      | 4        |
|    critic_loss     | 32.7     |
|    ent_coef        | 0.393    |
|    ent_coef_loss   | -1.79    |
|    learning_rate   | 0.000713 |
|    n_updates       | 1496     |
---------------------------------
---------------------------------
| rollout/           |          |
|    ep_len_mean     | 121      |
|    ep_rew_mean     | -188     |
| time/              |          |
|    episodes        | 104      |
|    fps             | 575      |
|    time_elapsed    | 27       |
|    total_timesteps | 15608    |
| train/             |          |
|    actor_loss      | -9.02    |
|    critic_loss     | 12       |
|    ent_coef        | 0.136    |
|    ent_coef_loss   | 0.0515   |
|    learning_rate   | 0.000707 |
|    n_updates       | 5600     |
---------------------------------
---------------------------------
| rollout/           |          |
|    ep_len_mean     | 145      |
|    ep_rew_mean     | -178     |
| time/              |          |
|    episodes        | 108      |
|    fps             | 461      |
|    time_elapsed    | 40       |
|    total_timesteps | 18624    |
| train/             |          |
|    actor_loss      | -8.44    |
|    critic_loss     | 15       |
|    ent_coef        | 0.138    |
|    ent_coef_loss   | 0.36     |
|    learning_rate   | 0.000703 |
|    n_updates       | 8616     |
---------------------------------
Eval num_timesteps=20000, episode_reward=-57.73 +/- 101.67
Episode length: 667.40 +/- 323.85
---------------------------------
| eval/              |          |
|    mean_ep_length  | 667      |
|    mean_reward     | -57.7    |
| time/              |          |
|    total_timesteps | 20000    |
| train/             |          |
|    actor_loss      | -11.5    |
|    critic_loss     | 9.61     |
|    ent_coef        | 0.152    |
|    ent_coef_loss   | 0.137    |
|    learning_rate   | 0.000701 |
|    n_updates       | 9992     |
---------------------------------
New best mean reward!
---------------------------------
| rollout/           |          |
|    ep_len_mean     | 174      |
|    ep_rew_mean     | -172     |
| time/              |          |
|    episodes        | 112      |
|    fps             | 402      |
|    time_elapsed    | 50       |
|    total_timesteps | 20432    |
| train/             |          |
|    actor_loss      | -9.13    |
|    critic_loss     | 12.1     |
|    ent_coef        | 0.148    |
|    ent_coef_loss   | -0.221   |
|    learning_rate   | 0.0007   |
|    n_updates       | 10424    |
---------------------------------
---------------------------------
| rollout/           |          |
|    ep_len_mean     | 192      |
|    ep_rew_mean     | -164     |
| time/              |          |
|    episodes        | 116      |
|    fps             | 343      |
|    time_elapsed    | 72       |
|    total_timesteps | 24856    |
| train/             |          |
|    actor_loss      | -14.6    |
|    critic_loss     | 20.8     |
|    ent_coef        | 0.165    |
|    ent_coef_loss   | 0.243    |
|    learning_rate   | 0.000694 |
|    n_updates       | 14848    |
---------------------------------
---------------------------------
| rollout/           |          |
|    ep_len_mean     | 224      |
|    ep_rew_mean     | -152     |
| time/              |          |
|    episodes        | 120      |
|    fps             | 328      |
|    time_elapsed    | 81       |
|    total_timesteps | 26816    |
| train/             |          |
|    actor_loss      | -16.8    |
|    critic_loss     | 13.5     |
|    ent_coef        | 0.172    |
|    ent_coef_loss   | -0.161   |
|    learning_rate   | 0.000691 |
|    n_updates       | 16808    |
---------------------------------
---------------------------------
| rollout/           |          |
|    ep_len_mean     | 247      |
|    ep_rew_mean     | -142     |
| time/              |          |
|    episodes        | 124      |
|    fps             | 312      |
|    time_elapsed    | 94       |
|    total_timesteps | 29448    |
| train/             |          |
|    actor_loss      | -14.3    |
|    critic_loss     | 14.7     |
|    ent_coef        | 0.154    |
|    ent_coef_loss   | -0.122   |
|    learning_rate   | 0.000687 |
|    n_updates       | 19440    |
---------------------------------
Eval num_timesteps=30000, episode_reward=95.19 +/- 118.28
Episode length: 713.30 +/- 352.92
---------------------------------
| eval/              |          |
|    mean_ep_length  | 713      |
|    mean_reward     | 95.2     |
| time/              |          |
|    total_timesteps | 30000    |
| train/             |          |
|    actor_loss      | -15.2    |
|    critic_loss     | 10.4     |
|    ent_coef        | 0.151    |
|    ent_coef_loss   | -0.00548 |
|    learning_rate   | 0.000686 |
|    n_updates       | 19992    |
---------------------------------
New best mean reward!
---------------------------------
| rollout/           |          |
|    ep_len_mean     | 262      |
|    ep_rew_mean     | -124     |
| time/              |          |
|    episodes        | 128      |
|    fps             | 296      |
|    time_elapsed    | 106      |
|    total_timesteps | 31488    |
| train/             |          |
|    actor_loss      | -16.3    |
|    critic_loss     | 17.9     |
|    ent_coef        | 0.143    |
|    ent_coef_loss   | 0.0659   |
|    learning_rate   | 0.000684 |
|    n_updates       | 21480    |
---------------------------------
---------------------------------
| rollout/           |          |
|    ep_len_mean     | 275      |
|    ep_rew_mean     | -109     |
| time/              |          |
|    episodes        | 132      |
|    fps             | 291      |
|    time_elapsed    | 112      |
|    total_timesteps | 32840    |
| train/             |          |
|    actor_loss      | -16.8    |
|    critic_loss     | 14.7     |
|    ent_coef        | 0.14     |
|    ent_coef_loss   | -0.0402  |
|    learning_rate   | 0.000682 |
|    n_updates       | 22832    |
---------------------------------
---------------------------------
| rollout/           |          |
|    ep_len_mean     | 292      |
|    ep_rew_mean     | -104     |
| time/              |          |
|    episodes        | 136      |
|    fps             | 286      |
|    time_elapsed    | 119      |
|    total_timesteps | 34272    |
| train/             |          |
|    actor_loss      | -18.8    |
|    critic_loss     | 12.6     |
|    ent_coef        | 0.145    |
|    ent_coef_loss   | -0.257   |
|    learning_rate   | 0.00068  |
|    n_updates       | 24264    |
---------------------------------
---------------------------------
| rollout/           |          |
|    ep_len_mean     | 297      |
|    ep_rew_mean     | -97.1    |
| time/              |          |
|    episodes        | 140      |
|    fps             | 282      |
|    time_elapsed    | 125      |
|    total_timesteps | 35584    |
| train/             |          |
|    actor_loss      | -18.9    |
|    critic_loss     | 15.7     |
|    ent_coef        | 0.141    |
|    ent_coef_loss   | -0.0943  |
|    learning_rate   | 0.000678 |
|    n_updates       | 25576    |
---------------------------------
---------------------------------
| rollout/           |          |
|    ep_len_mean     | 307      |
|    ep_rew_mean     | -78.6    |
| time/              |          |
|    episodes        | 144      |
|    fps             | 279      |
|    time_elapsed    | 132      |
|    total_timesteps | 37160    |
| train/             |          |
|    actor_loss      | -19.7    |
|    critic_loss     | 23.1     |
|    ent_coef        | 0.148    |
|    ent_coef_loss   | 0.112    |
|    learning_rate   | 0.000676 |
|    n_updates       | 27152    |
---------------------------------
---------------------------------
| rollout/           |          |
|    ep_len_mean     | 316      |
|    ep_rew_mean     | -70.6    |
| time/              |          |
|    episodes        | 148      |
|    fps             | 277      |
|    time_elapsed    | 137      |
|    total_timesteps | 38224    |
| train/             |          |
|    actor_loss      | -18      |
|    critic_loss     | 12.7     |
|    ent_coef        | 0.143    |
|    ent_coef_loss   | -0.00811 |
|    learning_rate   | 0.000674 |
|    n_updates       | 28216    |
---------------------------------
---------------------------------
| rollout/           |          |
|    ep_len_mean     | 332      |
|    ep_rew_mean     | -65.4    |
| time/              |          |
|    episodes        | 152      |
|    fps             | 274      |
|    time_elapsed    | 143      |
|    total_timesteps | 39312    |
| train/             |          |
|    actor_loss      | -20.1    |
|    critic_loss     | 13.5     |
|    ent_coef        | 0.14     |
|    ent_coef_loss   | 0.139    |
|    learning_rate   | 0.000673 |
|    n_updates       | 29304    |
---------------------------------
Eval num_timesteps=40000, episode_reward=126.85 +/- 169.17
Episode length: 415.00 +/- 192.31
---------------------------------
| eval/              |          |
|    mean_ep_length  | 415      |
|    mean_reward     | 127      |
| time/              |          |
|    total_timesteps | 40000    |
| train/             |          |
|    actor_loss      | -20.1    |
|    critic_loss     | 12.1     |
|    ent_coef        | 0.142    |
|    ent_coef_loss   | -0.229   |
|    learning_rate   | 0.000672 |
|    n_updates       | 29992    |
---------------------------------
New best mean reward!
---------------------------------
| rollout/           |          |
|    ep_len_mean     | 335      |
|    ep_rew_mean     | -58.9    |
| time/              |          |
|    episodes        | 156      |
|    fps             | 268      |
|    time_elapsed    | 153      |
|    total_timesteps | 41176    |
| train/             |          |
|    actor_loss      | -19.2    |
|    critic_loss     | 13.9     |
|    ent_coef        | 0.142    |
|    ent_coef_loss   | -0.00893 |
|    learning_rate   | 0.00067  |
|    n_updates       | 31168    |
---------------------------------
---------------------------------
| rollout/           |          |
|    ep_len_mean     | 342      |
|    ep_rew_mean     | -47      |
| time/              |          |
|    episodes        | 160      |
|    fps             | 267      |
|    time_elapsed    | 156      |
|    total_timesteps | 41992    |
| train/             |          |
|    actor_loss      | -19.7    |
|    critic_loss     | 21.4     |
|    ent_coef        | 0.14     |
|    ent_coef_loss   | -0.00356 |
|    learning_rate   | 0.000669 |
|    n_updates       | 31984    |
---------------------------------
---------------------------------
| rollout/           |          |
|    ep_len_mean     | 352      |
|    ep_rew_mean     | -39.4    |
| time/              |          |
|    episodes        | 164      |
|    fps             | 266      |
|    time_elapsed    | 159      |
|    total_timesteps | 42552    |
| train/             |          |
|    actor_loss      | -20.9    |
|    critic_loss     | 13.4     |
|    ent_coef        | 0.145    |
|    ent_coef_loss   | 0.105    |
|    learning_rate   | 0.000668 |
|    n_updates       | 32544    |
---------------------------------
---------------------------------
| rollout/           |          |
|    ep_len_mean     | 356      |
|    ep_rew_mean     | -23.2    |
| time/              |          |
|    episodes        | 168      |
|    fps             | 264      |
|    time_elapsed    | 166      |
|    total_timesteps | 44160    |
| train/             |          |
|    actor_loss      | -19.8    |
|    critic_loss     | 18.8     |
|    ent_coef        | 0.143    |
|    ent_coef_loss   | 0.0566   |
|    learning_rate   | 0.000666 |
|    n_updates       | 34152    |
---------------------------------
---------------------------------
| rollout/           |          |
|    ep_len_mean     | 366      |
|    ep_rew_mean     | -8.35    |
| time/              |          |
|    episodes        | 172      |
|    fps             | 263      |
|    time_elapsed    | 171      |
|    total_timesteps | 45272    |
| train/             |          |
|    actor_loss      | -23.1    |
|    critic_loss     | 17.2     |
|    ent_coef        | 0.139    |
|    ent_coef_loss   | -0.0657  |
|    learning_rate   | 0.000664 |
|    n_updates       | 35264    |
---------------------------------
---------------------------------
| rollout/           |          |
|    ep_len_mean     | 370      |
|    ep_rew_mean     | -0.644   |
| time/              |          |
|    episodes        | 176      |
|    fps             | 262      |
|    time_elapsed    | 175      |
|    total_timesteps | 46144    |
| train/             |          |
|    actor_loss      | -23.1    |
|    critic_loss     | 22.2     |
|    ent_coef        | 0.145    |
|    ent_coef_loss   | -0.254   |
|    learning_rate   | 0.000663 |
|    n_updates       | 36136    |
---------------------------------
---------------------------------
| rollout/           |          |
|    ep_len_mean     | 375      |
|    ep_rew_mean     | 7.56     |
| time/              |          |
|    episodes        | 180      |
|    fps             | 261      |
|    time_elapsed    | 180      |
|    total_timesteps | 47032    |
| train/             |          |
|    actor_loss      | -22.7    |
|    critic_loss     | 28.4     |
|    ent_coef        | 0.137    |
|    ent_coef_loss   | 0.149    |
|    learning_rate   | 0.000661 |
|    n_updates       | 37024    |
---------------------------------
---------------------------------
| rollout/           |          |
|    ep_len_mean     | 379      |
|    ep_rew_mean     | 19.6     |
| time/              |          |
|    episodes        | 184      |
|    fps             | 260      |
|    time_elapsed    | 184      |
|    total_timesteps | 47912    |
| train/             |          |
|    actor_loss      | -23.3    |
|    critic_loss     | 14.9     |
|    ent_coef        | 0.131    |
|    ent_coef_loss   | 0.165    |
|    learning_rate   | 0.00066  |
|    n_updates       | 37904    |
---------------------------------
---------------------------------
| rollout/           |          |
|    ep_len_mean     | 387      |
|    ep_rew_mean     | 33.8     |
| time/              |          |
|    episodes        | 188      |
|    fps             | 259      |
|    time_elapsed    | 186      |
|    total_timesteps | 48464    |
| train/             |          |
|    actor_loss      | -24.2    |
|    critic_loss     | 16.9     |
|    ent_coef        | 0.135    |
|    ent_coef_loss   | 0.146    |
|    learning_rate   | 0.000659 |
|    n_updates       | 38456    |
---------------------------------
---------------------------------
| rollout/           |          |
|    ep_len_mean     | 386      |
|    ep_rew_mean     | 37.1     |
| time/              |          |
|    episodes        | 192      |
|    fps             | 258      |
|    time_elapsed    | 191      |
|    total_timesteps | 49416    |
| train/             |          |
|    actor_loss      | -24      |
|    critic_loss     | 15.1     |
|    ent_coef        | 0.139    |
|    ent_coef_loss   | -0.0836  |
|    learning_rate   | 0.000658 |
|    n_updates       | 39408    |
---------------------------------
Eval num_timesteps=50000, episode_reward=188.58 +/- 138.89
Episode length: 444.50 +/- 185.57
---------------------------------
| eval/              |          |
|    mean_ep_length  | 444      |
|    mean_reward     | 189      |
| time/              |          |
|    total_timesteps | 50000    |
| train/             |          |
|    actor_loss      | -24.4    |
|    critic_loss     | 17.5     |
|    ent_coef        | 0.142    |
|    ent_coef_loss   | 0.137    |
|    learning_rate   | 0.000657 |
|    n_updates       | 39992    |
---------------------------------
New best mean reward!
---------------------------------
| rollout/           |          |
|    ep_len_mean     | 390      |
|    ep_rew_mean     | 45.3     |
| time/              |          |
|    episodes        | 196      |
|    fps             | 256      |
|    time_elapsed    | 196      |
|    total_timesteps | 50192    |
| train/             |          |
|    actor_loss      | -23.3    |
|    critic_loss     | 26.1     |
|    ent_coef        | 0.141    |
|    ent_coef_loss   | 0.0999   |
|    learning_rate   | 0.000657 |
|    n_updates       | 40184    |
---------------------------------
---------------------------------
| rollout/           |          |
|    ep_len_mean     | 398      |
|    ep_rew_mean     | 53.5     |
| time/              |          |
|    episodes        | 200      |
|    fps             | 254      |
|    time_elapsed    | 204      |
|    total_timesteps | 52024    |
| train/             |          |
|    actor_loss      | -22.7    |
|    critic_loss     | 19.3     |
|    ent_coef        | 0.136    |
|    ent_coef_loss   | 0.112    |
|    learning_rate   | 0.000654 |
|    n_updates       | 42016    |
---------------------------------
---------------------------------
| rollout/           |          |
|    ep_len_mean     | 394      |
|    ep_rew_mean     | 63.1     |
| time/              |          |
|    episodes        | 204      |
|    fps             | 253      |
|    time_elapsed    | 208      |
|    total_timesteps | 53000    |
| train/             |          |
|    actor_loss      | -23.8    |
|    critic_loss     | 16       |
|    ent_coef        | 0.137    |
|    ent_coef_loss   | -0.184   |
|    learning_rate   | 0.000653 |
|    n_updates       | 42992    |
---------------------------------
---------------------------------
| rollout/           |          |
|    ep_len_mean     | 381      |
|    ep_rew_mean     | 72.1     |
| time/              |          |
|    episodes        | 208      |
|    fps             | 252      |
|    time_elapsed    | 217      |
|    total_timesteps | 54760    |
| train/             |          |
|    actor_loss      | -24.2    |
|    critic_loss     | 16.9     |
|    ent_coef        | 0.139    |
|    ent_coef_loss   | -0.102   |
|    learning_rate   | 0.00065  |
|    n_updates       | 44752    |
---------------------------------
---------------------------------
| rollout/           |          |
|    ep_len_mean     | 364      |
|    ep_rew_mean     | 84.3     |
| time/              |          |
|    episodes        | 212      |
|    fps             | 251      |
|    time_elapsed    | 223      |
|    total_timesteps | 56104    |
| train/             |          |
|    actor_loss      | -24      |
|    critic_loss     | 14.8     |
|    ent_coef        | 0.137    |
|    ent_coef_loss   | -0.0825  |
|    learning_rate   | 0.000648 |
|    n_updates       | 46096    |
---------------------------------
---------------------------------
| rollout/           |          |
|    ep_len_mean     | 357      |
|    ep_rew_mean     | 94       |
| time/              |          |
|    episodes        | 216      |
|    fps             | 249      |
|    time_elapsed    | 232      |
|    total_timesteps | 57976    |
| train/             |          |
|    actor_loss      | -27.3    |
|    critic_loss     | 20       |
|    ent_coef        | 0.137    |
|    ent_coef_loss   | -0.0754  |
|    learning_rate   | 0.000645 |
|    n_updates       | 47968    |
---------------------------------
---------------------------------
| rollout/           |          |
|    ep_len_mean     | 338      |
|    ep_rew_mean     | 101      |
| time/              |          |
|    episodes        | 220      |
|    fps             | 248      |
|    time_elapsed    | 241      |
|    total_timesteps | 59904    |
| train/             |          |
|    actor_loss      | -26.7    |
|    critic_loss     | 10.8     |
|    ent_coef        | 0.131    |
|    ent_coef_loss   | -0.13    |
|    learning_rate   | 0.000643 |
|    n_updates       | 49896    |
---------------------------------
Eval num_timesteps=60000, episode_reward=180.65 +/- 30.53
Episode length: 531.50 +/- 137.06
---------------------------------
| eval/              |          |
|    mean_ep_length  | 532      |
|    mean_reward     | 181      |
| time/              |          |
|    total_timesteps | 60000    |
| train/             |          |
|    actor_loss      | -27.2    |
|    critic_loss     | 14.8     |
|    ent_coef        | 0.13     |
|    ent_coef_loss   | -0.0955  |
|    learning_rate   | 0.000642 |
|    n_updates       | 49992    |
---------------------------------
---------------------------------
| rollout/           |          |
|    ep_len_mean     | 326      |
|    ep_rew_mean     | 107      |
| time/              |          |
|    episodes        | 224      |
|    fps             | 245      |
|    time_elapsed    | 253      |
|    total_timesteps | 62088    |
| train/             |          |
|    actor_loss      | -28.7    |
|    critic_loss     | 12.7     |
|    ent_coef        | 0.126    |
|    ent_coef_loss   | -0.255   |
|    learning_rate   | 0.000639 |
|    n_updates       | 52080    |
---------------------------------
---------------------------------
| rollout/           |          |
|    ep_len_mean     | 333      |
|    ep_rew_mean     | 106      |
| time/              |          |
|    episodes        | 228      |
|    fps             | 244      |
|    time_elapsed    | 261      |
|    total_timesteps | 63944    |
| train/             |          |
|    actor_loss      | -29.8    |
|    critic_loss     | 13.8     |
|    ent_coef        | 0.123    |
|    ent_coef_loss   | 0.1      |
|    learning_rate   | 0.000637 |
|    n_updates       | 53936    |
---------------------------------
---------------------------------
| rollout/           |          |
|    ep_len_mean     | 333      |
|    ep_rew_mean     | 110      |
| time/              |          |
|    episodes        | 232      |
|    fps             | 243      |
|    time_elapsed    | 271      |
|    total_timesteps | 66216    |
| train/             |          |
|    actor_loss      | -31.3    |
|    critic_loss     | 13.7     |
|    ent_coef        | 0.119    |
|    ent_coef_loss   | -0.126   |
|    learning_rate   | 0.000633 |
|    n_updates       | 56208    |
---------------------------------
---------------------------------
| rollout/           |          |
|    ep_len_mean     | 331      |
|    ep_rew_mean     | 119      |
| time/              |          |
|    episodes        | 236      |
|    fps             | 242      |
|    time_elapsed    | 278      |
|    total_timesteps | 67688    |
| train/             |          |
|    actor_loss      | -33.6    |
|    critic_loss     | 14       |
|    ent_coef        | 0.118    |
|    ent_coef_loss   | -0.112   |
|    learning_rate   | 0.000631 |
|    n_updates       | 57680    |
---------------------------------
---------------------------------
| rollout/           |          |
|    ep_len_mean     | 338      |
|    ep_rew_mean     | 127      |
| time/              |          |
|    episodes        | 240      |
|    fps             | 242      |
|    time_elapsed    | 285      |
|    total_timesteps | 69248    |
| train/             |          |
|    actor_loss      | -32.6    |
|    critic_loss     | 10.7     |
|    ent_coef        | 0.112    |
|    ent_coef_loss   | -0.0769  |
|    learning_rate   | 0.000629 |
|    n_updates       | 59240    |
---------------------------------
Eval num_timesteps=70000, episode_reward=216.46 +/- 98.70
Episode length: 302.90 +/- 126.54
---------------------------------
| eval/              |          |
|    mean_ep_length  | 303      |
|    mean_reward     | 216      |
| time/              |          |
|    total_timesteps | 70000    |
| train/             |          |
|    actor_loss      | -33.5    |
|    critic_loss     | 12.7     |
|    ent_coef        | 0.107    |
|    ent_coef_loss   | -0.00584 |
|    learning_rate   | 0.000628 |
|    n_updates       | 59992    |
---------------------------------
New best mean reward!
---------------------------------
| rollout/           |          |
|    ep_len_mean     | 336      |
|    ep_rew_mean     | 126      |
| time/              |          |
|    episodes        | 244      |
|    fps             | 240      |
|    time_elapsed    | 292      |
|    total_timesteps | 70552    |
| train/             |          |
|    actor_loss      | -31.9    |
|    critic_loss     | 10.5     |
|    ent_coef        | 0.107    |
|    ent_coef_loss   | 0.0844   |
|    learning_rate   | 0.000627 |
|    n_updates       | 60544    |
---------------------------------
---------------------------------
| rollout/           |          |
|    ep_len_mean     | 341      |
|    ep_rew_mean     | 133      |
| time/              |          |
|    episodes        | 248      |
|    fps             | 240      |
|    time_elapsed    | 297      |
|    total_timesteps | 71776    |
| train/             |          |
|    actor_loss      | -33      |
|    critic_loss     | 9.59     |
|    ent_coef        | 0.109    |
|    ent_coef_loss   | -0.0446  |
|    learning_rate   | 0.000625 |
|    n_updates       | 61768    |
---------------------------------
---------------------------------
| rollout/           |          |
|    ep_len_mean     | 336      |
|    ep_rew_mean     | 138      |
| time/              |          |
|    episodes        | 252      |
|    fps             | 240      |
|    time_elapsed    | 304      |
|    total_timesteps | 73216    |
| train/             |          |
|    actor_loss      | -32.2    |
|    critic_loss     | 15       |
|    ent_coef        | 0.115    |
|    ent_coef_loss   | 0.0879   |
|    learning_rate   | 0.000623 |
|    n_updates       | 63208    |
---------------------------------
---------------------------------
| rollout/           |          |
|    ep_len_mean     | 339      |
|    ep_rew_mean     | 148      |
| time/              |          |
|    episodes        | 256      |
|    fps             | 240      |
|    time_elapsed    | 308      |
|    total_timesteps | 74256    |
| train/             |          |
|    actor_loss      | -34.3    |
|    critic_loss     | 11.6     |
|    ent_coef        | 0.118    |
|    ent_coef_loss   | 0.16     |
|    learning_rate   | 0.000622 |
|    n_updates       | 64248    |
---------------------------------
---------------------------------
| rollout/           |          |
|    ep_len_mean     | 340      |
|    ep_rew_mean     | 154      |
| time/              |          |
|    episodes        | 260      |
|    fps             | 240      |
|    time_elapsed    | 315      |
|    total_timesteps | 75936    |
| train/             |          |
|    actor_loss      | -32.8    |
|    critic_loss     | 12.7     |
|    ent_coef        | 0.111    |
|    ent_coef_loss   | 0.118    |
|    learning_rate   | 0.000619 |
|    n_updates       | 65928    |
---------------------------------
---------------------------------
| rollout/           |          |
|    ep_len_mean     | 339      |
|    ep_rew_mean     | 155      |
| time/              |          |
|    episodes        | 264      |
|    fps             | 240      |
|    time_elapsed    | 323      |
|    total_timesteps | 77648    |
| train/             |          |
|    actor_loss      | -33.4    |
|    critic_loss     | 13.3     |
|    ent_coef        | 0.116    |
|    ent_coef_loss   | 0.0166   |
|    learning_rate   | 0.000617 |
|    n_updates       | 67640    |
---------------------------------
---------------------------------
| rollout/           |          |
|    ep_len_mean     | 344      |
|    ep_rew_mean     | 160      |
| time/              |          |
|    episodes        | 268      |
|    fps             | 239      |
|    time_elapsed    | 328      |
|    total_timesteps | 78728    |
| train/             |          |
|    actor_loss      | -33.7    |
|    critic_loss     | 13.1     |
|    ent_coef        | 0.12     |
|    ent_coef_loss   | -0.169   |
|    learning_rate   | 0.000615 |
|    n_updates       | 68720    |
---------------------------------
Eval num_timesteps=80000, episode_reward=229.42 +/- 52.72
Episode length: 422.00 +/- 108.55
---------------------------------
| eval/              |          |
|    mean_ep_length  | 422      |
|    mean_reward     | 229      |
| time/              |          |
|    total_timesteps | 80000    |
| train/             |          |
|    actor_loss      | -33.2    |
|    critic_loss     | 15.6     |
|    ent_coef        | 0.122    |
|    ent_coef_loss   | -0.0818  |
|    learning_rate   | 0.000613 |
|    n_updates       | 69992    |
---------------------------------
New best mean reward!
---------------------------------
| rollout/           |          |
|    ep_len_mean     | 345      |
|    ep_rew_mean     | 160      |
| time/              |          |
|    episodes        | 272      |
|    fps             | 238      |
|    time_elapsed    | 337      |
|    total_timesteps | 80488    |
| train/             |          |
|    actor_loss      | -35.7    |
|    critic_loss     | 22.8     |
|    ent_coef        | 0.118    |
|    ent_coef_loss   | -0.0165  |
|    learning_rate   | 0.000612 |
|    n_updates       | 70480    |
---------------------------------
---------------------------------
| rollout/           |          |
|    ep_len_mean     | 354      |
|    ep_rew_mean     | 166      |
| time/              |          |
|    episodes        | 276      |
|    fps             | 238      |
|    time_elapsed    | 340      |
|    total_timesteps | 81120    |
| train/             |          |
|    actor_loss      | -34.6    |
|    critic_loss     | 17.1     |
|    ent_coef        | 0.12     |
|    ent_coef_loss   | 0.0211   |
|    learning_rate   | 0.000612 |
|    n_updates       | 71112    |
---------------------------------
---------------------------------
| rollout/           |          |
|    ep_len_mean     | 357      |
|    ep_rew_mean     | 173      |
| time/              |          |
|    episodes        | 280      |
|    fps             | 237      |
|    time_elapsed    | 349      |
|    total_timesteps | 83104    |
| train/             |          |
|    actor_loss      | -35.2    |
|    critic_loss     | 16       |
|    ent_coef        | 0.115    |
|    ent_coef_loss   | 0.402    |
|    learning_rate   | 0.000609 |
|    n_updates       | 73096    |
---------------------------------
---------------------------------
| rollout/           |          |
|    ep_len_mean     | 363      |
|    ep_rew_mean     | 182      |
| time/              |          |
|    episodes        | 284      |
|    fps             | 237      |
|    time_elapsed    | 353      |
|    total_timesteps | 83952    |
| train/             |          |
|    actor_loss      | -35.4    |
|    critic_loss     | 14.3     |
|    ent_coef        | 0.117    |
|    ent_coef_loss   | -0.198   |
|    learning_rate   | 0.000607 |
|    n_updates       | 73944    |
---------------------------------
---------------------------------
| rollout/           |          |
|    ep_len_mean     | 363      |
|    ep_rew_mean     | 186      |
| time/              |          |
|    episodes        | 288      |
|    fps             | 237      |
|    time_elapsed    | 362      |
|    total_timesteps | 85992    |
| train/             |          |
|    actor_loss      | -34.6    |
|    critic_loss     | 12.3     |
|    ent_coef        | 0.111    |
|    ent_coef_loss   | -0.00331 |
|    learning_rate   | 0.000604 |
|    n_updates       | 75984    |
---------------------------------
---------------------------------
| rollout/           |          |
|    ep_len_mean     | 371      |
|    ep_rew_mean     | 201      |
| time/              |          |
|    episodes        | 292      |
|    fps             | 236      |
|    time_elapsed    | 365      |
|    total_timesteps | 86608    |
| train/             |          |
|    actor_loss      | -36.2    |
|    critic_loss     | 17.1     |
|    ent_coef        | 0.113    |
|    ent_coef_loss   | -0.0233  |
|    learning_rate   | 0.000604 |
|    n_updates       | 76600    |
---------------------------------
---------------------------------
| rollout/           |          |
|    ep_len_mean     | 375      |
|    ep_rew_mean     | 210      |
| time/              |          |
|    episodes        | 296      |
|    fps             | 236      |
|    time_elapsed    | 375      |
|    total_timesteps | 88848    |
| train/             |          |
|    actor_loss      | -35.9    |
|    critic_loss     | 12.4     |
|    ent_coef        | 0.109    |
|    ent_coef_loss   | -0.157   |
|    learning_rate   | 0.0006   |
|    n_updates       | 78840    |
---------------------------------
---------------------------------
| rollout/           |          |
|    ep_len_mean     | 376      |
|    ep_rew_mean     | 218      |
| time/              |          |
|    episodes        | 300      |
|    fps             | 236      |
|    time_elapsed    | 379      |
|    total_timesteps | 89640    |
| train/             |          |
|    actor_loss      | -36.6    |
|    critic_loss     | 10.4     |
|    ent_coef        | 0.108    |
|    ent_coef_loss   | 0.0125   |
|    learning_rate   | 0.000599 |
|    n_updates       | 79632    |
---------------------------------
Eval num_timesteps=90000, episode_reward=203.39 +/- 72.79
Episode length: 423.70 +/- 140.53
---------------------------------
| eval/              |          |
|    mean_ep_length  | 424      |
|    mean_reward     | 203      |
| time/              |          |
|    total_timesteps | 90000    |
| train/             |          |
|    actor_loss      | -36.5    |
|    critic_loss     | 14.1     |
|    ent_coef        | 0.105    |
|    ent_coef_loss   | 0.0337   |
|    learning_rate   | 0.000599 |
|    n_updates       | 79992    |
---------------------------------
---------------------------------
| rollout/           |          |
|    ep_len_mean     | 381      |
|    ep_rew_mean     | 221      |
| time/              |          |
|    episodes        | 304      |
|    fps             | 234      |
|    time_elapsed    | 389      |
|    total_timesteps | 91400    |
| train/             |          |
|    actor_loss      | -36      |
|    critic_loss     | 12.1     |
|    ent_coef        | 0.106    |
|    ent_coef_loss   | 0.126    |
|    learning_rate   | 0.000597 |
|    n_updates       | 81392    |
---------------------------------
---------------------------------
| rollout/           |          |
|    ep_len_mean     | 380      |
|    ep_rew_mean     | 220      |
| time/              |          |
|    episodes        | 308      |
|    fps             | 234      |
|    time_elapsed    | 397      |
|    total_timesteps | 93000    |
| train/             |          |
|    actor_loss      | -35.8    |
|    critic_loss     | 8.21     |
|    ent_coef        | 0.108    |
|    ent_coef_loss   | -0.119   |
|    learning_rate   | 0.000594 |
|    n_updates       | 82992    |
---------------------------------
---------------------------------
| rollout/           |          |
|    ep_len_mean     | 378      |
|    ep_rew_mean     | 220      |
| time/              |          |
|    episodes        | 312      |
|    fps             | 233      |
|    time_elapsed    | 405      |
|    total_timesteps | 94864    |
| train/             |          |
|    actor_loss      | -35      |
|    critic_loss     | 9.45     |
|    ent_coef        | 0.106    |
|    ent_coef_loss   | 0.0376   |
|    learning_rate   | 0.000592 |
|    n_updates       | 84856    |
---------------------------------
---------------------------------
| rollout/           |          |
|    ep_len_mean     | 380      |
|    ep_rew_mean     | 220      |
| time/              |          |
|    episodes        | 316      |
|    fps             | 233      |
|    time_elapsed    | 411      |
|    total_timesteps | 95968    |
| train/             |          |
|    actor_loss      | -35.8    |
|    critic_loss     | 12.4     |
|    ent_coef        | 0.105    |
|    ent_coef_loss   | -0.0988  |
|    learning_rate   | 0.00059  |
|    n_updates       | 85960    |
---------------------------------
---------------------------------
| rollout/           |          |
|    ep_len_mean     | 375      |
|    ep_rew_mean     | 218      |
| time/              |          |
|    episodes        | 320      |
|    fps             | 233      |
|    time_elapsed    | 417      |
|    total_timesteps | 97264    |
| train/             |          |
|    actor_loss      | -37.2    |
|    critic_loss     | 14.9     |
|    ent_coef        | 0.105    |
|    ent_coef_loss   | 0.00157  |
|    learning_rate   | 0.000588 |
|    n_updates       | 87256    |
---------------------------------
---------------------------------
| rollout/           |          |
|    ep_len_mean     | 377      |
|    ep_rew_mean     | 221      |
| time/              |          |
|    episodes        | 324      |
|    fps             | 232      |
|    time_elapsed    | 425      |
|    total_timesteps | 99048    |
| train/             |          |
|    actor_loss      | -37.5    |
|    critic_loss     | 8.92     |
|    ent_coef        | 0.104    |
|    ent_coef_loss   | -0.125   |
|    learning_rate   | 0.000585 |
|    n_updates       | 89040    |
---------------------------------
Eval num_timesteps=100000, episode_reward=186.73 +/- 126.77
Episode length: 427.50 +/- 120.03
---------------------------------
| eval/              |          |
|    mean_ep_length  | 428      |
|    mean_reward     | 187      |
| time/              |          |
|    total_timesteps | 100000   |
| train/             |          |
|    actor_loss      | -36.2    |
|    critic_loss     | 13.1     |
|    ent_coef        | 0.105    |
|    ent_coef_loss   | 0.326    |
|    learning_rate   | 0.000584 |
|    n_updates       | 89992    |
---------------------------------
---------------------------------
| rollout/           |          |
|    ep_len_mean     | 366      |
|    ep_rew_mean     | 222      |
| time/              |          |
|    episodes        | 328      |
|    fps             | 231      |
|    time_elapsed    | 431      |
|    total_timesteps | 100016   |
| train/             |          |
|    actor_loss      | -36.5    |
|    critic_loss     | 14.5     |
|    ent_coef        | 0.106    |
|    ent_coef_loss   | 0.116    |
|    learning_rate   | 0.000584 |
|    n_updates       | 90008    |
---------------------------------
---------------------------------
| rollout/           |          |
|    ep_len_mean     | 361      |
|    ep_rew_mean     | 218      |
| time/              |          |
|    episodes        | 332      |
|    fps             | 231      |
|    time_elapsed    | 440      |
|    total_timesteps | 101864   |
| train/             |          |
|    actor_loss      | -37.4    |
|    critic_loss     | 11.3     |
|    ent_coef        | 0.102    |
|    ent_coef_loss   | 0.152    |
|    learning_rate   | 0.000581 |
|    n_updates       | 91856    |
---------------------------------
---------------------------------
| rollout/           |          |
|    ep_len_mean     | 361      |
|    ep_rew_mean     | 215      |
| time/              |          |
|    episodes        | 336      |
|    fps             | 230      |
|    time_elapsed    | 447      |
|    total_timesteps | 103336   |
| train/             |          |
|    actor_loss      | -36.1    |
|    critic_loss     | 20.9     |
|    ent_coef        | 0.102    |
|    ent_coef_loss   | -0.0134  |
|    learning_rate   | 0.000579 |
|    n_updates       | 93328    |
---------------------------------
---------------------------------
| rollout/           |          |
|    ep_len_mean     | 360      |
|    ep_rew_mean     | 216      |
| time/              |          |
|    episodes        | 340      |
|    fps             | 230      |
|    time_elapsed    | 451      |
|    total_timesteps | 104328   |
| train/             |          |
|    actor_loss      | -37.2    |
|    critic_loss     | 10.3     |
|    ent_coef        | 0.102    |
|    ent_coef_loss   | -0.00873 |
|    learning_rate   | 0.000578 |
|    n_updates       | 94320    |
---------------------------------
---------------------------------
| rollout/           |          |
|    ep_len_mean     | 357      |
|    ep_rew_mean     | 218      |
| time/              |          |
|    episodes        | 344      |
|    fps             | 230      |
|    time_elapsed    | 456      |
|    total_timesteps | 105408   |
| train/             |          |
|    actor_loss      | -38.1    |
|    critic_loss     | 9.85     |
|    ent_coef        | 0.1      |
|    ent_coef_loss   | 0.0881   |
|    learning_rate   | 0.000576 |
|    n_updates       | 95400    |
---------------------------------
---------------------------------
| rollout/           |          |
|    ep_len_mean     | 352      |
|    ep_rew_mean     | 214      |
| time/              |          |
|    episodes        | 348      |
|    fps             | 230      |
|    time_elapsed    | 468      |
|    total_timesteps | 107888   |
| train/             |          |
|    actor_loss      | -38.2    |
|    critic_loss     | 9.18     |
|    ent_coef        | 0.0984   |
|    ent_coef_loss   | 0.123    |
|    learning_rate   | 0.000572 |
|    n_updates       | 97880    |
---------------------------------
---------------------------------
| rollout/           |          |
|    ep_len_mean     | 356      |
|    ep_rew_mean     | 217      |
| time/              |          |
|    episodes        | 352      |
|    fps             | 230      |
|    time_elapsed    | 474      |
|    total_timesteps | 109192   |
| train/             |          |
|    actor_loss      | -38.3    |
|    critic_loss     | 11.8     |
|    ent_coef        | 0.103    |
|    ent_coef_loss   | 0.0894   |
|    learning_rate   | 0.000571 |
|    n_updates       | 99184    |
---------------------------------
---------------------------------
| rollout/           |          |
|    ep_len_mean     | 356      |
|    ep_rew_mean     | 214      |
| time/              |          |
|    episodes        | 356      |
|    fps             | 230      |
|    time_elapsed    | 476      |
|    total_timesteps | 109632   |
| train/             |          |
|    actor_loss      | -38.2    |
|    critic_loss     | 11.8     |
|    ent_coef        | 0.1      |
|    ent_coef_loss   | -0.149   |
|    learning_rate   | 0.00057  |
|    n_updates       | 99624    |
---------------------------------
Eval num_timesteps=110000, episode_reward=200.46 +/- 93.08
Episode length: 329.70 +/- 100.22
---------------------------------
| eval/              |          |
|    mean_ep_length  | 330      |
|    mean_reward     | 200      |
| time/              |          |
|    total_timesteps | 110000   |
| train/             |          |
|    actor_loss      | -39      |
|    critic_loss     | 11.2     |
|    ent_coef        | 0.0995   |
|    ent_coef_loss   | 0.0945   |
|    learning_rate   | 0.000569 |
|    n_updates       | 99992    |
---------------------------------
---------------------------------
| rollout/           |          |
|    ep_len_mean     | 355      |
|    ep_rew_mean     | 214      |
| time/              |          |
|    episodes        | 360      |
|    fps             | 229      |
|    time_elapsed    | 485      |
|    total_timesteps | 111232   |
| train/             |          |
|    actor_loss      | -39.4    |
|    critic_loss     | 8.34     |
|    ent_coef        | 0.101    |
|    ent_coef_loss   | -0.0276  |
|    learning_rate   | 0.000568 |
|    n_updates       | 101224   |
---------------------------------
---------------------------------
| rollout/           |          |
|    ep_len_mean     | 355      |
|    ep_rew_mean     | 219      |
| time/              |          |
|    episodes        | 364      |
|    fps             | 228      |
|    time_elapsed    | 494      |
|    total_timesteps | 113080   |
| train/             |          |
|    actor_loss      | -39.1    |
|    critic_loss     | 16.9     |
|    ent_coef        | 0.0987   |
|    ent_coef_loss   | 0.253    |
|    learning_rate   | 0.000565 |
|    n_updates       | 103072   |
---------------------------------
---------------------------------
| rollout/           |          |
|    ep_len_mean     | 358      |
|    ep_rew_mean     | 217      |
| time/              |          |
|    episodes        | 368      |
|    fps             | 228      |
|    time_elapsed    | 497      |
|    total_timesteps | 113856   |
| train/             |          |
|    actor_loss      | -40      |
|    critic_loss     | 9.88     |
|    ent_coef        | 0.102    |
|    ent_coef_loss   | -0.0995  |
|    learning_rate   | 0.000564 |
|    n_updates       | 103848   |
---------------------------------
---------------------------------
| rollout/           |          |
|    ep_len_mean     | 357      |
|    ep_rew_mean     | 218      |
| time/              |          |
|    episodes        | 372      |
|    fps             | 228      |
|    time_elapsed    | 505      |
|    total_timesteps | 115440   |
| train/             |          |
|    actor_loss      | -39.1    |
|    critic_loss     | 13.7     |
|    ent_coef        | 0.103    |
|    ent_coef_loss   | -0.278   |
|    learning_rate   | 0.000561 |
|    n_updates       | 105432   |
---------------------------------
---------------------------------
| rollout/           |          |
|    ep_len_mean     | 351      |
|    ep_rew_mean     | 219      |
| time/              |          |
|    episodes        | 376      |
|    fps             | 228      |
|    time_elapsed    | 513      |
|    total_timesteps | 117192   |
| train/             |          |
|    actor_loss      | -39.7    |
|    critic_loss     | 10       |
|    ent_coef        | 0.101    |
|    ent_coef_loss   | -0.0148  |
|    learning_rate   | 0.000559 |
|    n_updates       | 107184   |
---------------------------------
---------------------------------
| rollout/           |          |
|    ep_len_mean     | 353      |
|    ep_rew_mean     | 220      |
| time/              |          |
|    episodes        | 380      |
|    fps             | 228      |
|    time_elapsed    | 518      |
|    total_timesteps | 118288   |
| train/             |          |
|    actor_loss      | -40      |
|    critic_loss     | 11.5     |
|    ent_coef        | 0.0983   |
|    ent_coef_loss   | 0.108    |
|    learning_rate   | 0.000557 |
|    n_updates       | 108280   |
---------------------------------
---------------------------------
| rollout/           |          |
|    ep_len_mean     | 351      |
|    ep_rew_mean     | 216      |
| time/              |          |
|    episodes        | 384      |
|    fps             | 227      |
|    time_elapsed    | 524      |
|    total_timesteps | 119616   |
| train/             |          |
|    actor_loss      | -39.4    |
|    critic_loss     | 16       |
|    ent_coef        | 0.102    |
|    ent_coef_loss   | -0.207   |
|    learning_rate   | 0.000555 |
|    n_updates       | 109608   |
---------------------------------
Eval num_timesteps=120000, episode_reward=125.41 +/- 159.06
Episode length: 414.10 +/- 219.83
---------------------------------
| eval/              |          |
|    mean_ep_length  | 414      |
|    mean_reward     | 125      |
| time/              |          |
|    total_timesteps | 120000   |
| train/             |          |
|    actor_loss      | -39.5    |
|    critic_loss     | 11.9     |
|    ent_coef        | 0.103    |
|    ent_coef_loss   | 0.0167   |
|    learning_rate   | 0.000555 |
|    n_updates       | 109992   |
---------------------------------
---------------------------------
| rollout/           |          |
|    ep_len_mean     | 354      |
|    ep_rew_mean     | 215      |
| time/              |          |
|    episodes        | 388      |
|    fps             | 227      |
|    time_elapsed    | 532      |
|    total_timesteps | 120952   |
| train/             |          |
|    actor_loss      | -40.1    |
|    critic_loss     | 12.9     |
|    ent_coef        | 0.103    |
|    ent_coef_loss   | -0.0027  |
|    learning_rate   | 0.000553 |
|    n_updates       | 110944   |
---------------------------------
---------------------------------
| rollout/           |          |
|    ep_len_mean     | 355      |
|    ep_rew_mean     | 216      |
| time/              |          |
|    episodes        | 392      |
|    fps             | 226      |
|    time_elapsed    | 537      |
|    total_timesteps | 121968   |
| train/             |          |
|    actor_loss      | -40.4    |
|    critic_loss     | 11.4     |
|    ent_coef        | 0.1      |
|    ent_coef_loss   | 0.0978   |
|    learning_rate   | 0.000552 |
|    n_updates       | 111960   |
---------------------------------
---------------------------------
| rollout/           |          |
|    ep_len_mean     | 351      |
|    ep_rew_mean     | 210      |
| time/              |          |
|    episodes        | 396      |
|    fps             | 226      |
|    time_elapsed    | 546      |
|    total_timesteps | 123888   |
| train/             |          |
|    actor_loss      | -40.1    |
|    critic_loss     | 8.03     |
|    ent_coef        | 0.103    |
|    ent_coef_loss   | 0.0293   |
|    learning_rate   | 0.000549 |
|    n_updates       | 113880   |
---------------------------------
---------------------------------
| rollout/           |          |
|    ep_len_mean     | 352      |
|    ep_rew_mean     | 203      |
| time/              |          |
|    episodes        | 400      |
|    fps             | 226      |
|    time_elapsed    | 553      |
|    total_timesteps | 125336   |
| train/             |          |
|    actor_loss      | -39.9    |
|    critic_loss     | 11.3     |
|    ent_coef        | 0.101    |
|    ent_coef_loss   | -0.0751  |
|    learning_rate   | 0.000547 |
|    n_updates       | 115328   |
---------------------------------
---------------------------------
| rollout/           |          |
|    ep_len_mean     | 348      |
|    ep_rew_mean     | 196      |
| time/              |          |
|    episodes        | 404      |
|    fps             | 226      |
|    time_elapsed    | 556      |
|    total_timesteps | 125992   |
| train/             |          |
|    actor_loss      | -40.6    |
|    critic_loss     | 11.9     |
|    ent_coef        | 0.103    |
|    ent_coef_loss   | -0.242   |
|    learning_rate   | 0.000546 |
|    n_updates       | 115984   |
---------------------------------
---------------------------------
| rollout/           |          |
|    ep_len_mean     | 350      |
|    ep_rew_mean     | 196      |
| time/              |          |
|    episodes        | 408      |
|    fps             | 226      |
|    time_elapsed    | 561      |
|    total_timesteps | 127096   |
| train/             |          |
|    actor_loss      | -38.4    |
|    critic_loss     | 19.7     |
|    ent_coef        | 0.106    |
|    ent_coef_loss   | -0.0882  |
|    learning_rate   | 0.000544 |
|    n_updates       | 117088   |
---------------------------------
---------------------------------
| rollout/           |          |
|    ep_len_mean     | 346      |
|    ep_rew_mean     | 197      |
| time/              |          |
|    episodes        | 412      |
|    fps             | 226      |
|    time_elapsed    | 569      |
|    total_timesteps | 128608   |
| train/             |          |
|    actor_loss      | -40.1    |
|    critic_loss     | 11       |
|    ent_coef        | 0.103    |
|    ent_coef_loss   | 0.192    |
|    learning_rate   | 0.000542 |
|    n_updates       | 118600   |
---------------------------------
---------------------------------
| rollout/           |          |
|    ep_len_mean     | 341      |
|    ep_rew_mean     | 196      |
| time/              |          |
|    episodes        | 416      |
|    fps             | 225      |
|    time_elapsed    | 573      |
|    total_timesteps | 129624   |
| train/             |          |
|    actor_loss      | -39.8    |
|    critic_loss     | 11.2     |
|    ent_coef        | 0.105    |
|    ent_coef_loss   | -0.286   |
|    learning_rate   | 0.000541 |
|    n_updates       | 119616   |
---------------------------------
Eval num_timesteps=130000, episode_reward=260.66 +/- 14.57
Episode length: 304.20 +/- 69.63
---------------------------------
| eval/              |          |
|    mean_ep_length  | 304      |
|    mean_reward     | 261      |
| time/              |          |
|    total_timesteps | 130000   |
| train/             |          |
|    actor_loss      | -40.8    |
|    critic_loss     | 15.4     |
|    ent_coef        | 0.109    |
|    ent_coef_loss   | -0.204   |
|    learning_rate   | 0.00054  |
|    n_updates       | 119992   |
---------------------------------
New best mean reward!
---------------------------------
| rollout/           |          |
|    ep_len_mean     | 342      |
|    ep_rew_mean     | 199      |
| time/              |          |
|    episodes        | 420      |
|    fps             | 225      |
|    time_elapsed    | 585      |
|    total_timesteps | 131896   |
| train/             |          |
|    actor_loss      | -40.3    |
|    critic_loss     | 10.8     |
|    ent_coef        | 0.107    |
|    ent_coef_loss   | 0.0717   |
|    learning_rate   | 0.000537 |
|    n_updates       | 121888   |
---------------------------------
---------------------------------
| rollout/           |          |
|    ep_len_mean     | 340      |
|    ep_rew_mean     | 198      |
| time/              |          |
|    episodes        | 424      |
|    fps             | 225      |
|    time_elapsed    | 587      |
|    total_timesteps | 132392   |
| train/             |          |
|    actor_loss      | -39.6    |
|    critic_loss     | 17.3     |
|    ent_coef        | 0.106    |
|    ent_coef_loss   | 0.0315   |
|    learning_rate   | 0.000537 |
|    n_updates       | 122384   |
---------------------------------
---------------------------------
| rollout/           |          |
|    ep_len_mean     | 341      |
|    ep_rew_mean     | 199      |
| time/              |          |
|    episodes        | 428      |
|    fps             | 225      |
|    time_elapsed    | 597      |
|    total_timesteps | 134504   |
| train/             |          |
|    actor_loss      | -39.6    |
|    critic_loss     | 11.9     |
|    ent_coef        | 0.104    |
|    ent_coef_loss   | 0.183    |
|    learning_rate   | 0.000534 |
|    n_updates       | 124496   |
---------------------------------
---------------------------------
| rollout/           |          |
|    ep_len_mean     | 342      |
|    ep_rew_mean     | 204      |
| time/              |          |
|    episodes        | 432      |
|    fps             | 225      |
|    time_elapsed    | 603      |
|    total_timesteps | 135864   |
| train/             |          |
|    actor_loss      | -40.1    |
|    critic_loss     | 15.8     |
|    ent_coef        | 0.109    |
|    ent_coef_loss   | -0.067   |
|    learning_rate   | 0.000532 |
|    n_updates       | 125856   |
---------------------------------
---------------------------------
| rollout/           |          |
|    ep_len_mean     | 340      |
|    ep_rew_mean     | 204      |
| time/              |          |
|    episodes        | 436      |
|    fps             | 225      |
|    time_elapsed    | 608      |
|    total_timesteps | 137176   |
| train/             |          |
|    actor_loss      | -41      |
|    critic_loss     | 7.86     |
|    ent_coef        | 0.108    |
|    ent_coef_loss   | 0.146    |
|    learning_rate   | 0.00053  |
|    n_updates       | 127168   |
---------------------------------
---------------------------------
| rollout/           |          |
|    ep_len_mean     | 339      |
|    ep_rew_mean     | 205      |
| time/              |          |
|    episodes        | 440      |
|    fps             | 225      |
|    time_elapsed    | 616      |
|    total_timesteps | 138896   |
| train/             |          |
|    actor_loss      | -39.8    |
|    critic_loss     | 10.9     |
|    ent_coef        | 0.106    |
|    ent_coef_loss   | 0.0329   |
|    learning_rate   | 0.000527 |
|    n_updates       | 128888   |
---------------------------------
Eval num_timesteps=140000, episode_reward=249.43 +/- 19.38
Episode length: 343.40 +/- 83.21
---------------------------------
| eval/              |          |
|    mean_ep_length  | 343      |
|    mean_reward     | 249      |
| time/              |          |
|    total_timesteps | 140000   |
| train/             |          |
|    actor_loss      | -39.4    |
|    critic_loss     | 19.9     |
|    ent_coef        | 0.106    |
|    ent_coef_loss   | -0.0196  |
|    learning_rate   | 0.000526 |
|    n_updates       | 129992   |
---------------------------------
---------------------------------
| rollout/           |          |
|    ep_len_mean     | 342      |
|    ep_rew_mean     | 205      |
| time/              |          |
|    episodes        | 444      |
|    fps             | 224      |
|    time_elapsed    | 624      |
|    total_timesteps | 140368   |
| train/             |          |
|    actor_loss      | -38.7    |
|    critic_loss     | 10.2     |
|    ent_coef        | 0.108    |
|    ent_coef_loss   | 0.202    |
|    learning_rate   | 0.000525 |
|    n_updates       | 130360   |
---------------------------------
---------------------------------
| rollout/           |          |
|    ep_len_mean     | 343      |
|    ep_rew_mean     | 209      |
| time/              |          |
|    episodes        | 448      |
|    fps             | 224      |
|    time_elapsed    | 630      |
|    total_timesteps | 141576   |
| train/             |          |
|    actor_loss      | -40.2    |
|    critic_loss     | 24.7     |
|    ent_coef        | 0.105    |
|    ent_coef_loss   | 0.255    |
|    learning_rate   | 0.000523 |
|    n_updates       | 131568   |
---------------------------------
---------------------------------
| rollout/           |          |
|    ep_len_mean     | 338      |
|    ep_rew_mean     | 209      |
| time/              |          |
|    episodes        | 452      |
|    fps             | 224      |
|    time_elapsed    | 636      |
|    total_timesteps | 142896   |
| train/             |          |
|    actor_loss      | -38.7    |
|    critic_loss     | 13.4     |
|    ent_coef        | 0.103    |
|    ent_coef_loss   | -0.0114  |
|    learning_rate   | 0.000521 |
|    n_updates       | 132888   |
---------------------------------
---------------------------------
| rollout/           |          |
|    ep_len_mean     | 342      |
|    ep_rew_mean     | 212      |
| time/              |          |
|    episodes        | 456      |
|    fps             | 224      |
|    time_elapsed    | 641      |
|    total_timesteps | 144088   |
| train/             |          |
|    actor_loss      | -39.3    |
|    critic_loss     | 12.7     |
|    ent_coef        | 0.104    |
|    ent_coef_loss   | -0.135   |
|    learning_rate   | 0.00052  |
|    n_updates       | 134080   |
---------------------------------
---------------------------------
| rollout/           |          |
|    ep_len_mean     | 343      |
|    ep_rew_mean     | 212      |
| time/              |          |
|    episodes        | 460      |
|    fps             | 224      |
|    time_elapsed    | 645      |
|    total_timesteps | 144928   |
| train/             |          |
|    actor_loss      | -40      |
|    critic_loss     | 21.6     |
|    ent_coef        | 0.105    |
|    ent_coef_loss   | 0.151    |
|    learning_rate   | 0.000518 |
|    n_updates       | 134920   |
---------------------------------
---------------------------------
| rollout/           |          |
|    ep_len_mean     | 341      |
|    ep_rew_mean     | 216      |
| time/              |          |
|    episodes        | 464      |
|    fps             | 224      |
|    time_elapsed    | 654      |
|    total_timesteps | 146936   |
| train/             |          |
|    actor_loss      | -41.3    |
|    critic_loss     | 11.6     |
|    ent_coef        | 0.0991   |
|    ent_coef_loss   | -0.0835  |
|    learning_rate   | 0.000515 |
|    n_updates       | 136928   |
---------------------------------
---------------------------------
| rollout/           |          |
|    ep_len_mean     | 342      |
|    ep_rew_mean     | 218      |
| time/              |          |
|    episodes        | 468      |
|    fps             | 224      |
|    time_elapsed    | 661      |
|    total_timesteps | 148432   |
| train/             |          |
|    actor_loss      | -41.1    |
|    critic_loss     | 17.6     |
|    ent_coef        | 0.102    |
|    ent_coef_loss   | -0.109   |
|    learning_rate   | 0.000513 |
|    n_updates       | 138424   |
---------------------------------
---------------------------------
| rollout/           |          |
|    ep_len_mean     | 342      |
|    ep_rew_mean     | 219      |
| time/              |          |
|    episodes        | 472      |
|    fps             | 224      |
|    time_elapsed    | 666      |
|    total_timesteps | 149408   |
| train/             |          |
|    actor_loss      | -41      |
|    critic_loss     | 18.6     |
|    ent_coef        | 0.0988   |
|    ent_coef_loss   | -0.168   |
|    learning_rate   | 0.000512 |
|    n_updates       | 139400   |
---------------------------------
Eval num_timesteps=150000, episode_reward=239.71 +/- 23.65
Episode length: 303.60 +/- 91.84
---------------------------------
| eval/              |          |
|    mean_ep_length  | 304      |
|    mean_reward     | 240      |
| time/              |          |
|    total_timesteps | 150000   |
| train/             |          |
|    actor_loss      | -40.3    |
|    critic_loss     | 15.4     |
|    ent_coef        | 0.0978   |
|    ent_coef_loss   | 0.0125   |
|    learning_rate   | 0.000511 |
|    n_updates       | 139992   |
---------------------------------
---------------------------------
| rollout/           |          |
|    ep_len_mean     | 342      |
|    ep_rew_mean     | 219      |
| time/              |          |
|    episodes        | 476      |
|    fps             | 223      |
|    time_elapsed    | 672      |
|    total_timesteps | 150488   |
| train/             |          |
|    actor_loss      | -41.9    |
|    critic_loss     | 21.6     |
|    ent_coef        | 0.0988   |
|    ent_coef_loss   | 0.148    |
|    learning_rate   | 0.00051  |
|    n_updates       | 140480   |
---------------------------------
---------------------------------
| rollout/           |          |
|    ep_len_mean     | 338      |
|    ep_rew_mean     | 220      |
| time/              |          |
|    episodes        | 480      |
|    fps             | 223      |
|    time_elapsed    | 675      |
|    total_timesteps | 151304   |
| train/             |          |
|    actor_loss      | -41.5    |
|    critic_loss     | 16.4     |
|    ent_coef        | 0.103    |
|    ent_coef_loss   | 0.157    |
|    learning_rate   | 0.000509 |
|    n_updates       | 141296   |
---------------------------------
---------------------------------
| rollout/           |          |
|    ep_len_mean     | 337      |
|    ep_rew_mean     | 224      |
| time/              |          |
|    episodes        | 484      |
|    fps             | 223      |
|    time_elapsed    | 683      |
|    total_timesteps | 153152   |
| train/             |          |
|    actor_loss      | -41.6    |
|    critic_loss     | 16.8     |
|    ent_coef        | 0.0936   |
|    ent_coef_loss   | 0.145    |
|    learning_rate   | 0.000506 |
|    n_updates       | 143144   |
---------------------------------
---------------------------------
| rollout/           |          |
|    ep_len_mean     | 335      |
|    ep_rew_mean     | 225      |
| time/              |          |
|    episodes        | 488      |
|    fps             | 223      |
|    time_elapsed    | 688      |
|    total_timesteps | 154112   |
| train/             |          |
|    actor_loss      | -42.7    |
|    critic_loss     | 16.5     |
|    ent_coef        | 0.0971   |
|    ent_coef_loss   | -0.275   |
|    learning_rate   | 0.000505 |
|    n_updates       | 144104   |
---------------------------------
---------------------------------
| rollout/           |          |
|    ep_len_mean     | 333      |
|    ep_rew_mean     | 225      |
| time/              |          |
|    episodes        | 492      |
|    fps             | 223      |
|    time_elapsed    | 693      |
|    total_timesteps | 155168   |
| train/             |          |
|    actor_loss      | -44      |
|    critic_loss     | 14.3     |
|    ent_coef        | 0.0954   |
|    ent_coef_loss   | -0.155   |
|    learning_rate   | 0.000503 |
|    n_updates       | 145160   |
---------------------------------
---------------------------------
| rollout/           |          |
|    ep_len_mean     | 334      |
|    ep_rew_mean     | 228      |
| time/              |          |
|    episodes        | 496      |
|    fps             | 223      |
|    time_elapsed    | 697      |
|    total_timesteps | 156152   |
| train/             |          |
|    actor_loss      | -41.9    |
|    critic_loss     | 11.7     |
|    ent_coef        | 0.0968   |
|    ent_coef_loss   | 0.0101   |
|    learning_rate   | 0.000502 |
|    n_updates       | 146144   |
---------------------------------
---------------------------------
| rollout/           |          |
|    ep_len_mean     | 329      |
|    ep_rew_mean     | 236      |
| time/              |          |
|    episodes        | 500      |
|    fps             | 223      |
|    time_elapsed    | 703      |
|    total_timesteps | 157352   |
| train/             |          |
|    actor_loss      | -44.3    |
|    critic_loss     | 8.65     |
|    ent_coef        | 0.0924   |
|    ent_coef_loss   | -0.102   |
|    learning_rate   | 0.0005   |
|    n_updates       | 147344   |
---------------------------------
---------------------------------
| rollout/           |          |
|    ep_len_mean     | 328      |
|    ep_rew_mean     | 244      |
| time/              |          |
|    episodes        | 504      |
|    fps             | 223      |
|    time_elapsed    | 707      |
|    total_timesteps | 158344   |
| train/             |          |
|    actor_loss      | -44.6    |
|    critic_loss     | 11       |
|    ent_coef        | 0.095    |
|    ent_coef_loss   | -0.0776  |
|    learning_rate   | 0.000499 |
|    n_updates       | 148336   |
---------------------------------
---------------------------------
| rollout/           |          |
|    ep_len_mean     | 323      |
|    ep_rew_mean     | 245      |
| time/              |          |
|    episodes        | 508      |
|    fps             | 223      |
|    time_elapsed    | 711      |
|    total_timesteps | 159176   |
| train/             |          |
|    actor_loss      | -43.3    |
|    critic_loss     | 9.03     |
|    ent_coef        | 0.0945   |
|    ent_coef_loss   | 0.0239   |
|    learning_rate   | 0.000498 |
|    n_updates       | 149168   |
---------------------------------
Eval num_timesteps=160000, episode_reward=272.79 +/- 18.06
Episode length: 249.70 +/- 32.48
---------------------------------
| eval/              |          |
|    mean_ep_length  | 250      |
|    mean_reward     | 273      |
| time/              |          |
|    total_timesteps | 160000   |
| train/             |          |
|    actor_loss      | -43.2    |
|    critic_loss     | 20.2     |
|    ent_coef        | 0.0949   |
|    ent_coef_loss   | -0.168   |
|    learning_rate   | 0.000496 |
|    n_updates       | 149992   |
---------------------------------
New best mean reward!
---------------------------------
| rollout/           |          |
|    ep_len_mean     | 320      |
|    ep_rew_mean     | 247      |
| time/              |          |
|    episodes        | 512      |
|    fps             | 223      |
|    time_elapsed    | 717      |
|    total_timesteps | 160320   |
| train/             |          |
|    actor_loss      | -44      |
|    critic_loss     | 8.19     |
|    ent_coef        | 0.0921   |
|    ent_coef_loss   | -0.0245  |
|    learning_rate   | 0.000496 |
|    n_updates       | 150312   |
---------------------------------
---------------------------------
| rollout/           |          |
|    ep_len_mean     | 320      |
|    ep_rew_mean     | 250      |
| time/              |          |
|    episodes        | 516      |
|    fps             | 223      |
|    time_elapsed    | 723      |
|    total_timesteps | 161576   |
| train/             |          |
|    actor_loss      | -44.9    |
|    critic_loss     | 11.3     |
|    ent_coef        | 0.0935   |
|    ent_coef_loss   | 0.0283   |
|    learning_rate   | 0.000494 |
|    n_updates       | 151568   |
---------------------------------
---------------------------------
| rollout/           |          |
|    ep_len_mean     | 317      |
|    ep_rew_mean     | 251      |
| time/              |          |
|    episodes        | 520      |
|    fps             | 223      |
|    time_elapsed    | 728      |
|    total_timesteps | 162600   |
| train/             |          |
|    actor_loss      | -45.6    |
|    critic_loss     | 10.6     |
|    ent_coef        | 0.0898   |
|    ent_coef_loss   | -0.18    |
|    learning_rate   | 0.000493 |
|    n_updates       | 152592   |
---------------------------------
---------------------------------
| rollout/           |          |
|    ep_len_mean     | 315      |
|    ep_rew_mean     | 252      |
| time/              |          |
|    episodes        | 524      |
|    fps             | 223      |
|    time_elapsed    | 733      |
|    total_timesteps | 163816   |
| train/             |          |
|    actor_loss      | -44.8    |
|    critic_loss     | 12.7     |
|    ent_coef        | 0.0896   |
|    ent_coef_loss   | -0.179   |
|    learning_rate   | 0.000491 |
|    n_updates       | 153808   |
---------------------------------
---------------------------------
| rollout/           |          |
|    ep_len_mean     | 309      |
|    ep_rew_mean     | 252      |
| time/              |          |
|    episodes        | 528      |
|    fps             | 223      |
|    time_elapsed    | 736      |
|    total_timesteps | 164536   |
| train/             |          |
|    actor_loss      | -43.9    |
|    critic_loss     | 8.69     |
|    ent_coef        | 0.0867   |
|    ent_coef_loss   | 0.498    |
|    learning_rate   | 0.00049  |
|    n_updates       | 154528   |
---------------------------------
---------------------------------
| rollout/           |          |
|    ep_len_mean     | 304      |
|    ep_rew_mean     | 253      |
| time/              |          |
|    episodes        | 532      |
|    fps             | 223      |
|    time_elapsed    | 744      |
|    total_timesteps | 166128   |
| train/             |          |
|    actor_loss      | -44.7    |
|    critic_loss     | 13       |
|    ent_coef        | 0.0874   |
|    ent_coef_loss   | -0.279   |
|    learning_rate   | 0.000487 |
|    n_updates       | 156120   |
---------------------------------
---------------------------------
| rollout/           |          |
|    ep_len_mean     | 296      |
|    ep_rew_mean     | 259      |
| time/              |          |
|    episodes        | 536      |
|    fps             | 223      |
|    time_elapsed    | 747      |
|    total_timesteps | 166800   |
| train/             |          |
|    actor_loss      | -46.1    |
|    critic_loss     | 8.62     |
|    ent_coef        | 0.0875   |
|    ent_coef_loss   | 0.114    |
|    learning_rate   | 0.000486 |
|    n_updates       | 156792   |
---------------------------------
---------------------------------
| rollout/           |          |
|    ep_len_mean     | 294      |
|    ep_rew_mean     | 259      |
| time/              |          |
|    episodes        | 540      |
|    fps             | 223      |
|    time_elapsed    | 754      |
|    total_timesteps | 168368   |
| train/             |          |
|    actor_loss      | -45.8    |
|    critic_loss     | 12.5     |
|    ent_coef        | 0.0857   |
|    ent_coef_loss   | -0.282   |
|    learning_rate   | 0.000484 |
|    n_updates       | 158360   |
---------------------------------
---------------------------------
| rollout/           |          |
|    ep_len_mean     | 291      |
|    ep_rew_mean     | 250      |
| time/              |          |
|    episodes        | 544      |
|    fps             | 223      |
|    time_elapsed    | 756      |
|    total_timesteps | 168720   |
| train/             |          |
|    actor_loss      | -44.9    |
|    critic_loss     | 8.31     |
|    ent_coef        | 0.085    |
|    ent_coef_loss   | 0.00505  |
|    learning_rate   | 0.000484 |
|    n_updates       | 158712   |
---------------------------------
Eval num_timesteps=170000, episode_reward=250.29 +/- 71.52
Episode length: 258.20 +/- 47.34
---------------------------------
| eval/              |          |
|    mean_ep_length  | 258      |
|    mean_reward     | 250      |
| time/              |          |
|    total_timesteps | 170000   |
| train/             |          |
|    actor_loss      | -46.7    |
|    critic_loss     | 10.1     |
|    ent_coef        | 0.0873   |
|    ent_coef_loss   | -0.0532  |
|    learning_rate   | 0.000482 |
|    n_updates       | 159992   |
---------------------------------
---------------------------------
| rollout/           |          |
|    ep_len_mean     | 285      |
|    ep_rew_mean     | 252      |
| time/              |          |
|    episodes        | 548      |
|    fps             | 222      |
|    time_elapsed    | 763      |
|    total_timesteps | 170056   |
| train/             |          |
|    actor_loss      | -45.3    |
|    critic_loss     | 19.1     |
|    ent_coef        | 0.086    |
|    ent_coef_loss   | 0.0564   |
|    learning_rate   | 0.000482 |
|    n_updates       | 160048   |
---------------------------------
---------------------------------
| rollout/           |          |
|    ep_len_mean     | 287      |
|    ep_rew_mean     | 252      |
| time/              |          |
|    episodes        | 552      |
|    fps             | 222      |
|    time_elapsed    | 768      |
|    total_timesteps | 171032   |
| train/             |          |
|    actor_loss      | -46      |
|    critic_loss     | 7.7      |
|    ent_coef        | 0.0848   |
|    ent_coef_loss   | -0.156   |
|    learning_rate   | 0.00048  |
|    n_updates       | 161024   |
---------------------------------
---------------------------------
| rollout/           |          |
|    ep_len_mean     | 281      |
|    ep_rew_mean     | 253      |
| time/              |          |
|    episodes        | 556      |
|    fps             | 222      |
|    time_elapsed    | 772      |
|    total_timesteps | 171976   |
| train/             |          |
|    actor_loss      | -47.5    |
|    critic_loss     | 7.13     |
|    ent_coef        | 0.0841   |
|    ent_coef_loss   | 0.231    |
|    learning_rate   | 0.000479 |
|    n_updates       | 161968   |
---------------------------------
---------------------------------
| rollout/           |          |
|    ep_len_mean     | 278      |
|    ep_rew_mean     | 254      |
| time/              |          |
|    episodes        | 560      |
|    fps             | 222      |
|    time_elapsed    | 775      |
|    total_timesteps | 172744   |
| train/             |          |
|    actor_loss      | -46.9    |
|    critic_loss     | 17.3     |
|    ent_coef        | 0.0819   |
|    ent_coef_loss   | -0.00396 |
|    learning_rate   | 0.000478 |
|    n_updates       | 162736   |
---------------------------------
---------------------------------
| rollout/           |          |
|    ep_len_mean     | 274      |
|    ep_rew_mean     | 254      |
| time/              |          |
|    episodes        | 564      |
|    fps             | 222      |
|    time_elapsed    | 779      |
|    total_timesteps | 173560   |
| train/             |          |
|    actor_loss      | -47.3    |
|    critic_loss     | 9.5      |
|    ent_coef        | 0.0837   |
|    ent_coef_loss   | 0.0775   |
|    learning_rate   | 0.000477 |
|    n_updates       | 163552   |
---------------------------------
---------------------------------
| rollout/           |          |
|    ep_len_mean     | 266      |
|    ep_rew_mean     | 255      |
| time/              |          |
|    episodes        | 568      |
|    fps             | 222      |
|    time_elapsed    | 783      |
|    total_timesteps | 174488   |
| train/             |          |
|    actor_loss      | -48.1    |
|    critic_loss     | 9.52     |
|    ent_coef        | 0.0839   |
|    ent_coef_loss   | -0.0475  |
|    learning_rate   | 0.000475 |
|    n_updates       | 164480   |
---------------------------------
---------------------------------
| rollout/           |          |
|    ep_len_mean     | 261      |
|    ep_rew_mean     | 255      |
| time/              |          |
|    episodes        | 572      |
|    fps             | 222      |
|    time_elapsed    | 785      |
|    total_timesteps | 175072   |
| train/             |          |
|    actor_loss      | -47.4    |
|    critic_loss     | 7.34     |
|    ent_coef        | 0.0832   |
|    ent_coef_loss   | 0.165    |
|    learning_rate   | 0.000474 |
|    n_updates       | 165064   |
---------------------------------
---------------------------------
| rollout/           |          |
|    ep_len_mean     | 257      |
|    ep_rew_mean     | 252      |
| time/              |          |
|    episodes        | 576      |
|    fps             | 222      |
|    time_elapsed    | 792      |
|    total_timesteps | 176440   |
| train/             |          |
|    actor_loss      | -48.9    |
|    critic_loss     | 10.6     |
|    ent_coef        | 0.0847   |
|    ent_coef_loss   | 0.186    |
|    learning_rate   | 0.000472 |
|    n_updates       | 166432   |
---------------------------------
---------------------------------
| rollout/           |          |
|    ep_len_mean     | 257      |
|    ep_rew_mean     | 252      |
| time/              |          |
|    episodes        | 580      |
|    fps             | 222      |
|    time_elapsed    | 794      |
|    total_timesteps | 177016   |
| train/             |          |
|    actor_loss      | -48.1    |
|    critic_loss     | 14.9     |
|    ent_coef        | 0.0846   |
|    ent_coef_loss   | -0.0404  |
|    learning_rate   | 0.000472 |
|    n_updates       | 167008   |
---------------------------------
---------------------------------
| rollout/           |          |
|    ep_len_mean     | 253      |
|    ep_rew_mean     | 252      |
| time/              |          |
|    episodes        | 584      |
|    fps             | 222      |
|    time_elapsed    | 801      |
|    total_timesteps | 178424   |
| train/             |          |
|    actor_loss      | -48.6    |
|    critic_loss     | 9.45     |
|    ent_coef        | 0.0808   |
|    ent_coef_loss   | -0.13    |
|    learning_rate   | 0.00047  |
|    n_updates       | 168416   |
---------------------------------
---------------------------------
| rollout/           |          |
|    ep_len_mean     | 251      |
|    ep_rew_mean     | 251      |
| time/              |          |
|    episodes        | 588      |
|    fps             | 222      |
|    time_elapsed    | 808      |
|    total_timesteps | 179744   |
| train/             |          |
|    actor_loss      | -48.5    |
|    critic_loss     | 7.74     |
|    ent_coef        | 0.0796   |
|    ent_coef_loss   | 0.0218   |
|    learning_rate   | 0.000468 |
|    n_updates       | 169736   |
---------------------------------
Eval num_timesteps=180000, episode_reward=258.37 +/- 18.18
Episode length: 222.50 +/- 33.69
---------------------------------
| eval/              |          |
|    mean_ep_length  | 222      |
|    mean_reward     | 258      |
| time/              |          |
|    total_timesteps | 180000   |
| train/             |          |
|    actor_loss      | -49.2    |
|    critic_loss     | 14.1     |
|    ent_coef        | 0.0818   |
|    ent_coef_loss   | 0.0142   |
|    learning_rate   | 0.000467 |
|    n_updates       | 169992   |
---------------------------------
---------------------------------
| rollout/           |          |
|    ep_len_mean     | 247      |
|    ep_rew_mean     | 252      |
| time/              |          |
|    episodes        | 592      |
|    fps             | 222      |
|    time_elapsed    | 816      |
|    total_timesteps | 181296   |
| train/             |          |
|    actor_loss      | -49.3    |
|    critic_loss     | 8.89     |
|    ent_coef        | 0.0812   |
|    ent_coef_loss   | -0.00909 |
|    learning_rate   | 0.000465 |
|    n_updates       | 171288   |
---------------------------------
---------------------------------
| rollout/           |          |
|    ep_len_mean     | 256      |
|    ep_rew_mean     | 254      |
| time/              |          |
|    episodes        | 596      |
|    fps             | 222      |
|    time_elapsed    | 820      |
|    total_timesteps | 182256   |
| train/             |          |
|    actor_loss      | -49.8    |
|    critic_loss     | 8.63     |
|    ent_coef        | 0.0807   |
|    ent_coef_loss   | -0.138   |
|    learning_rate   | 0.000464 |
|    n_updates       | 172248   |
---------------------------------
---------------------------------
| rollout/           |          |
|    ep_len_mean     | 259      |
|    ep_rew_mean     | 253      |
| time/              |          |
|    episodes        | 600      |
|    fps             | 221      |
|    time_elapsed    | 826      |
|    total_timesteps | 183496   |
| train/             |          |
|    actor_loss      | -50.9    |
|    critic_loss     | 9.63     |
|    ent_coef        | 0.0818   |
|    ent_coef_loss   | -0.178   |
|    learning_rate   | 0.000462 |
|    n_updates       | 173488   |
---------------------------------
---------------------------------
| rollout/           |          |
|    ep_len_mean     | 256      |
|    ep_rew_mean     | 253      |
| time/              |          |
|    episodes        | 604      |
|    fps             | 221      |
|    time_elapsed    | 830      |
|    total_timesteps | 184248   |
| train/             |          |
|    actor_loss      | -51.5    |
|    critic_loss     | 11.2     |
|    ent_coef        | 0.0833   |
|    ent_coef_loss   | 0.0321   |
|    learning_rate   | 0.000461 |
|    n_updates       | 174240   |
---------------------------------
---------------------------------
| rollout/           |          |
|    ep_len_mean     | 260      |
|    ep_rew_mean     | 252      |
| time/              |          |
|    episodes        | 608      |
|    fps             | 221      |
|    time_elapsed    | 834      |
|    total_timesteps | 185296   |
| train/             |          |
|    actor_loss      | -51.3    |
|    critic_loss     | 8.26     |
|    ent_coef        | 0.0806   |
|    ent_coef_loss   | -0.204   |
|    learning_rate   | 0.000459 |
|    n_updates       | 175288   |
---------------------------------
---------------------------------
| rollout/           |          |
|    ep_len_mean     | 262      |
|    ep_rew_mean     | 251      |
| time/              |          |
|    episodes        | 612      |
|    fps             | 221      |
|    time_elapsed    | 839      |
|    total_timesteps | 186368   |
| train/             |          |
|    actor_loss      | -50      |
|    critic_loss     | 8.11     |
|    ent_coef        | 0.08     |
|    ent_coef_loss   | -0.00133 |
|    learning_rate   | 0.000458 |
|    n_updates       | 176360   |
---------------------------------
---------------------------------
| rollout/           |          |
|    ep_len_mean     | 261      |
|    ep_rew_mean     | 247      |
| time/              |          |
|    episodes        | 616      |
|    fps             | 221      |
|    time_elapsed    | 847      |
|    total_timesteps | 188032   |
| train/             |          |
|    actor_loss      | -50.9    |
|    critic_loss     | 7.82     |
|    ent_coef        | 0.0805   |
|    ent_coef_loss   | 0.115    |
|    learning_rate   | 0.000455 |
|    n_updates       | 178024   |
---------------------------------
---------------------------------
| rollout/           |          |
|    ep_len_mean     | 260      |
|    ep_rew_mean     | 248      |
| time/              |          |
|    episodes        | 620      |
|    fps             | 221      |
|    time_elapsed    | 852      |
|    total_timesteps | 189080   |
| train/             |          |
|    actor_loss      | -51.4    |
|    critic_loss     | 13.9     |
|    ent_coef        | 0.0813   |
|    ent_coef_loss   | 0.0474   |
|    learning_rate   | 0.000454 |
|    n_updates       | 179072   |
---------------------------------
Eval num_timesteps=190000, episode_reward=233.42 +/- 65.31
Episode length: 258.50 +/- 76.42
---------------------------------
| eval/              |          |
|    mean_ep_length  | 258      |
|    mean_reward     | 233      |
| time/              |          |
|    total_timesteps | 190000   |
| train/             |          |
|    actor_loss      | -51.1    |
|    critic_loss     | 7.24     |
|    ent_coef        | 0.0804   |
|    ent_coef_loss   | -0.109   |
|    learning_rate   | 0.000453 |
|    n_updates       | 179992   |
---------------------------------
---------------------------------
| rollout/           |          |
|    ep_len_mean     | 257      |
|    ep_rew_mean     | 248      |
| time/              |          |
|    episodes        | 624      |
|    fps             | 221      |
|    time_elapsed    | 859      |
|    total_timesteps | 190376   |
| train/             |          |
|    actor_loss      | -51.2    |
|    critic_loss     | 8.41     |
|    ent_coef        | 0.0794   |
|    ent_coef_loss   | -0.0553  |
|    learning_rate   | 0.000452 |
|    n_updates       | 180368   |
---------------------------------
---------------------------------
| rollout/           |          |
|    ep_len_mean     | 269      |
|    ep_rew_mean     | 237      |
| time/              |          |
|    episodes        | 628      |
|    fps             | 221      |
|    time_elapsed    | 866      |
|    total_timesteps | 191952   |
| train/             |          |
|    actor_loss      | -50.4    |
|    critic_loss     | 8.81     |
|    ent_coef        | 0.0817   |
|    ent_coef_loss   | -0.247   |
|    learning_rate   | 0.00045  |
|    n_updates       | 181944   |
---------------------------------
---------------------------------
| rollout/           |          |
|    ep_len_mean     | 269      |
|    ep_rew_mean     | 233      |
| time/              |          |
|    episodes        | 632      |
|    fps             | 221      |
|    time_elapsed    | 867      |
|    total_timesteps | 192176   |
| train/             |          |
|    actor_loss      | -50.4    |
|    critic_loss     | 8.84     |
|    ent_coef        | 0.0811   |
|    ent_coef_loss   | -0.0614  |
|    learning_rate   | 0.000449 |
|    n_updates       | 182168   |
---------------------------------
---------------------------------
| rollout/           |          |
|    ep_len_mean     | 268      |
|    ep_rew_mean     | 233      |
| time/              |          |
|    episodes        | 636      |
|    fps             | 221      |
|    time_elapsed    | 873      |
|    total_timesteps | 193504   |
| train/             |          |
|    actor_loss      | -50.8    |
|    critic_loss     | 13.3     |
|    ent_coef        | 0.0807   |
|    ent_coef_loss   | 0.304    |
|    learning_rate   | 0.000447 |
|    n_updates       | 183496   |
---------------------------------
---------------------------------
| rollout/           |          |
|    ep_len_mean     | 265      |
|    ep_rew_mean     | 232      |
| time/              |          |
|    episodes        | 640      |
|    fps             | 221      |
|    time_elapsed    | 877      |
|    total_timesteps | 194336   |
| train/             |          |
|    actor_loss      | -52.2    |
|    critic_loss     | 12.5     |
|    ent_coef        | 0.0798   |
|    ent_coef_loss   | 0.0243   |
|    learning_rate   | 0.000446 |
|    n_updates       | 184328   |
---------------------------------
---------------------------------
| rollout/           |          |
|    ep_len_mean     | 265      |
|    ep_rew_mean     | 242      |
| time/              |          |
|    episodes        | 644      |
|    fps             | 221      |
|    time_elapsed    | 880      |
|    total_timesteps | 194976   |
| train/             |          |
|    actor_loss      | -51.9    |
|    critic_loss     | 13.3     |
|    ent_coef        | 0.0805   |
|    ent_coef_loss   | 0.0693   |
|    learning_rate   | 0.000445 |
|    n_updates       | 184968   |
---------------------------------
---------------------------------
| rollout/           |          |
|    ep_len_mean     | 265      |
|    ep_rew_mean     | 238      |
| time/              |          |
|    episodes        | 648      |
|    fps             | 221      |
|    time_elapsed    | 886      |
|    total_timesteps | 196280   |
| train/             |          |
|    actor_loss      | -50.9    |
|    critic_loss     | 6.89     |
|    ent_coef        | 0.0825   |
|    ent_coef_loss   | -0.186   |
|    learning_rate   | 0.000443 |
|    n_updates       | 186272   |
---------------------------------
---------------------------------
| rollout/           |          |
|    ep_len_mean     | 260      |
|    ep_rew_mean     | 239      |
| time/              |          |
|    episodes        | 652      |
|    fps             | 221      |
|    time_elapsed    | 890      |
|    total_timesteps | 197048   |
| train/             |          |
|    actor_loss      | -52      |
|    critic_loss     | 7.21     |
|    ent_coef        | 0.0824   |
|    ent_coef_loss   | -0.173   |
|    learning_rate   | 0.000442 |
|    n_updates       | 187040   |
---------------------------------
---------------------------------
| rollout/           |          |
|    ep_len_mean     | 260      |
|    ep_rew_mean     | 238      |
| time/              |          |
|    episodes        | 656      |
|    fps             | 221      |
|    time_elapsed    | 895      |
|    total_timesteps | 198128   |
| train/             |          |
|    actor_loss      | -50.9    |
|    critic_loss     | 10.7     |
|    ent_coef        | 0.0831   |
|    ent_coef_loss   | -0.0126  |
|    learning_rate   | 0.000441 |
|    n_updates       | 188120   |
---------------------------------
---------------------------------
| rollout/           |          |
|    ep_len_mean     | 261      |
|    ep_rew_mean     | 238      |
| time/              |          |
|    episodes        | 660      |
|    fps             | 221      |
|    time_elapsed    | 900      |
|    total_timesteps | 199352   |
| train/             |          |
|    actor_loss      | -51.2    |
|    critic_loss     | 8.86     |
|    ent_coef        | 0.0805   |
|    ent_coef_loss   | -0.036   |
|    learning_rate   | 0.000439 |
|    n_updates       | 189344   |
---------------------------------
Eval num_timesteps=200000, episode_reward=199.91 +/- 152.82
Episode length: 276.80 +/- 66.57
---------------------------------
| eval/              |          |
|    mean_ep_length  | 277      |
|    mean_reward     | 200      |
| time/              |          |
|    total_timesteps | 200000   |
| train/             |          |
|    actor_loss      | -51.1    |
|    critic_loss     | 9.49     |
|    ent_coef        | 0.0806   |
|    ent_coef_loss   | -0.136   |
|    learning_rate   | 0.000438 |
|    n_updates       | 189992   |
---------------------------------
---------------------------------
| rollout/           |          |
|    ep_len_mean     | 260      |
|    ep_rew_mean     | 236      |
| time/              |          |
|    episodes        | 664      |
|    fps             | 221      |
|    time_elapsed    | 907      |
|    total_timesteps | 200488   |
| train/             |          |
|    actor_loss      | -51.4    |
|    critic_loss     | 7.97     |
|    ent_coef        | 0.0833   |
|    ent_coef_loss   | -0.0122  |
|    learning_rate   | 0.000437 |
|    n_updates       | 190480   |
---------------------------------
---------------------------------
| rollout/           |          |
|    ep_len_mean     | 267      |
|    ep_rew_mean     | 235      |
| time/              |          |
|    episodes        | 668      |
|    fps             | 220      |
|    time_elapsed    | 910      |
|    total_timesteps | 201104   |
| train/             |          |
|    actor_loss      | -51.5    |
|    critic_loss     | 6.92     |
|    ent_coef        | 0.0823   |
|    ent_coef_loss   | -0.101   |
|    learning_rate   | 0.000436 |
|    n_updates       | 191096   |
---------------------------------
---------------------------------
| rollout/           |          |
|    ep_len_mean     | 267      |
|    ep_rew_mean     | 236      |
| time/              |          |
|    episodes        | 672      |
|    fps             | 220      |
|    time_elapsed    | 915      |
|    total_timesteps | 202232   |
| train/             |          |
|    actor_loss      | -52.4    |
|    critic_loss     | 7.16     |
|    ent_coef        | 0.0831   |
|    ent_coef_loss   | 0.155    |
|    learning_rate   | 0.000435 |
|    n_updates       | 192224   |
---------------------------------
---------------------------------
| rollout/           |          |
|    ep_len_mean     | 268      |
|    ep_rew_mean     | 238      |
| time/              |          |
|    episodes        | 676      |
|    fps             | 220      |
|    time_elapsed    | 920      |
|    total_timesteps | 203192   |
| train/             |          |
|    actor_loss      | -51.6    |
|    critic_loss     | 12.1     |
|    ent_coef        | 0.0828   |
|    ent_coef_loss   | -0.0368  |
|    learning_rate   | 0.000433 |
|    n_updates       | 193184   |
---------------------------------
---------------------------------
| rollout/           |          |
|    ep_len_mean     | 269      |
|    ep_rew_mean     | 236      |
| time/              |          |
|    episodes        | 680      |
|    fps             | 220      |
|    time_elapsed    | 926      |
|    total_timesteps | 204584   |
| train/             |          |
|    actor_loss      | -51.8    |
|    critic_loss     | 10.6     |
|    ent_coef        | 0.0814   |
|    ent_coef_loss   | 0.108    |
|    learning_rate   | 0.000431 |
|    n_updates       | 194576   |
---------------------------------
---------------------------------
| rollout/           |          |
|    ep_len_mean     | 271      |
|    ep_rew_mean     | 234      |
| time/              |          |
|    episodes        | 684      |
|    fps             | 220      |
|    time_elapsed    | 930      |
|    total_timesteps | 205312   |
| train/             |          |
|    actor_loss      | -52.2    |
|    critic_loss     | 9.43     |
|    ent_coef        | 0.0838   |
|    ent_coef_loss   | 0.307    |
|    learning_rate   | 0.00043  |
|    n_updates       | 195304   |
---------------------------------
---------------------------------
| rollout/           |          |
|    ep_len_mean     | 271      |
|    ep_rew_mean     | 231      |
| time/              |          |
|    episodes        | 688      |
|    fps             | 220      |
|    time_elapsed    | 935      |
|    total_timesteps | 206520   |
| train/             |          |
|    actor_loss      | -52.1    |
|    critic_loss     | 6.76     |
|    ent_coef        | 0.0858   |
|    ent_coef_loss   | -0.0294  |
|    learning_rate   | 0.000428 |
|    n_updates       | 196512   |
---------------------------------
---------------------------------
| rollout/           |          |
|    ep_len_mean     | 276      |
|    ep_rew_mean     | 231      |
| time/              |          |
|    episodes        | 692      |
|    fps             | 220      |
|    time_elapsed    | 941      |
|    total_timesteps | 207720   |
| train/             |          |
|    actor_loss      | -51.5    |
|    critic_loss     | 9.29     |
|    ent_coef        | 0.0873   |
|    ent_coef_loss   | 0.224    |
|    learning_rate   | 0.000427 |
|    n_updates       | 197712   |
---------------------------------
---------------------------------
| rollout/           |          |
|    ep_len_mean     | 267      |
|    ep_rew_mean     | 231      |
| time/              |          |
|    episodes        | 696      |
|    fps             | 220      |
|    time_elapsed    | 943      |
|    total_timesteps | 208096   |
| train/             |          |
|    actor_loss      | -51      |
|    critic_loss     | 7.94     |
|    ent_coef        | 0.0884   |
|    ent_coef_loss   | -0.0443  |
|    learning_rate   | 0.000426 |
|    n_updates       | 198088   |
---------------------------------
---------------------------------
| rollout/           |          |
|    ep_len_mean     | 261      |
|    ep_rew_mean     | 231      |
| time/              |          |
|    episodes        | 700      |
|    fps             | 220      |
|    time_elapsed    | 949      |
|    total_timesteps | 209536   |
| train/             |          |
|    actor_loss      | -52.4    |
|    critic_loss     | 8.14     |
|    ent_coef        | 0.0916   |
|    ent_coef_loss   | -0.0652  |
|    learning_rate   | 0.000424 |
|    n_updates       | 199528   |
---------------------------------
Eval num_timesteps=210000, episode_reward=243.66 +/- 14.84
Episode length: 254.30 +/- 83.91
---------------------------------
| eval/              |          |
|    mean_ep_length  | 254      |
|    mean_reward     | 244      |
| time/              |          |
|    total_timesteps | 210000   |
| train/             |          |
|    actor_loss      | -53.1    |
|    critic_loss     | 12.1     |
|    ent_coef        | 0.0882   |
|    ent_coef_loss   | 0.165    |
|    learning_rate   | 0.000423 |
|    n_updates       | 199992   |
---------------------------------
---------------------------------
| rollout/           |          |
|    ep_len_mean     | 262      |
|    ep_rew_mean     | 232      |
| time/              |          |
|    episodes        | 704      |
|    fps             | 220      |
|    time_elapsed    | 952      |
|    total_timesteps | 210136   |
| train/             |          |
|    actor_loss      | -52      |
|    critic_loss     | 9.92     |
|    ent_coef        | 0.0894   |
|    ent_coef_loss   | -0.03    |
|    learning_rate   | 0.000423 |
|    n_updates       | 200128   |
---------------------------------
---------------------------------
| rollout/           |          |
|    ep_len_mean     | 259      |
|    ep_rew_mean     | 232      |
| time/              |          |
|    episodes        | 708      |
|    fps             | 220      |
|    time_elapsed    | 958      |
|    total_timesteps | 211320   |
| train/             |          |
|    actor_loss      | -52.9    |
|    critic_loss     | 8.29     |
|    ent_coef        | 0.0914   |
|    ent_coef_loss   | 0.00635  |
|    learning_rate   | 0.000421 |
|    n_updates       | 201312   |
---------------------------------
---------------------------------
| rollout/           |          |
|    ep_len_mean     | 259      |
|    ep_rew_mean     | 232      |
| time/              |          |
|    episodes        | 712      |
|    fps             | 220      |
|    time_elapsed    | 962      |
|    total_timesteps | 212288   |
| train/             |          |
|    actor_loss      | -52.9    |
|    critic_loss     | 7.98     |
|    ent_coef        | 0.0903   |
|    ent_coef_loss   | -0.171   |
|    learning_rate   | 0.00042  |
|    n_updates       | 202280   |
---------------------------------
---------------------------------
| rollout/           |          |
|    ep_len_mean     | 256      |
|    ep_rew_mean     | 237      |
| time/              |          |
|    episodes        | 716      |
|    fps             | 220      |
|    time_elapsed    | 964      |
|    total_timesteps | 212816   |
| train/             |          |
|    actor_loss      | -53.2    |
|    critic_loss     | 8.05     |
|    ent_coef        | 0.0899   |
|    ent_coef_loss   | 0.139    |
|    learning_rate   | 0.000419 |
|    n_updates       | 202808   |
---------------------------------
---------------------------------
| rollout/           |          |
|    ep_len_mean     | 257      |
|    ep_rew_mean     | 235      |
| time/              |          |
|    episodes        | 720      |
|    fps             | 220      |
|    time_elapsed    | 973      |
|    total_timesteps | 214584   |
| train/             |          |
|    actor_loss      | -52.9    |
|    critic_loss     | 7.48     |
|    ent_coef        | 0.0937   |
|    ent_coef_loss   | -0.117   |
|    learning_rate   | 0.000417 |
|    n_updates       | 204576   |
---------------------------------
---------------------------------
| rollout/           |          |
|    ep_len_mean     | 258      |
|    ep_rew_mean     | 235      |
| time/              |          |
|    episodes        | 724      |
|    fps             | 220      |
|    time_elapsed    | 976      |
|    total_timesteps | 215360   |
| train/             |          |
|    actor_loss      | -53.7    |
|    critic_loss     | 10.5     |
|    ent_coef        | 0.0916   |
|    ent_coef_loss   | -0.0745  |
|    learning_rate   | 0.000416 |
|    n_updates       | 205352   |
---------------------------------
---------------------------------
| rollout/           |          |
|    ep_len_mean     | 247      |
|    ep_rew_mean     | 246      |
| time/              |          |
|    episodes        | 728      |
|    fps             | 220      |
|    time_elapsed    | 980      |
|    total_timesteps | 216176   |
| train/             |          |
|    actor_loss      | -53.6    |
|    critic_loss     | 8.63     |
|    ent_coef        | 0.095    |
|    ent_coef_loss   | -0.0197  |
|    learning_rate   | 0.000414 |
|    n_updates       | 206168   |
---------------------------------
---------------------------------
| rollout/           |          |
|    ep_len_mean     | 247      |
|    ep_rew_mean     | 250      |
| time/              |          |
|    episodes        | 732      |
|    fps             | 220      |
|    time_elapsed    | 986      |
|    total_timesteps | 217376   |
| train/             |          |
|    actor_loss      | -54      |
|    critic_loss     | 10.6     |
|    ent_coef        | 0.0948   |
|    ent_coef_loss   | -0.332   |
|    learning_rate   | 0.000413 |
|    n_updates       | 207368   |
---------------------------------
---------------------------------
| rollout/           |          |
|    ep_len_mean     | 247      |
|    ep_rew_mean     | 250      |
| time/              |          |
|    episodes        | 736      |
|    fps             | 220      |
|    time_elapsed    | 987      |
|    total_timesteps | 217664   |
| train/             |          |
|    actor_loss      | -52.7    |
|    critic_loss     | 8.7      |
|    ent_coef        | 0.0936   |
|    ent_coef_loss   | -0.15    |
|    learning_rate   | 0.000412 |
|    n_updates       | 207656   |
---------------------------------
---------------------------------
| rollout/           |          |
|    ep_len_mean     | 248      |
|    ep_rew_mean     | 250      |
| time/              |          |
|    episodes        | 740      |
|    fps             | 220      |
|    time_elapsed    | 994      |
|    total_timesteps | 219272   |
| train/             |          |
|    actor_loss      | -53.9    |
|    critic_loss     | 8.96     |
|    ent_coef        | 0.0923   |
|    ent_coef_loss   | -0.11    |
|    learning_rate   | 0.00041  |
|    n_updates       | 209264   |
---------------------------------
Eval num_timesteps=220000, episode_reward=255.87 +/- 13.78
Episode length: 240.50 +/- 42.48
---------------------------------
| eval/              |          |
|    mean_ep_length  | 240      |
|    mean_reward     | 256      |
| time/              |          |
|    total_timesteps | 220000   |
| train/             |          |
|    actor_loss      | -53.8    |
|    critic_loss     | 10.3     |
|    ent_coef        | 0.094    |
|    ent_coef_loss   | 0.0191   |
|    learning_rate   | 0.000409 |
|    n_updates       | 209992   |
---------------------------------
---------------------------------
| rollout/           |          |
|    ep_len_mean     | 248      |
|    ep_rew_mean     | 250      |
| time/              |          |
|    episodes        | 744      |
|    fps             | 220      |
|    time_elapsed    | 1000     |
|    total_timesteps | 220240   |
| train/             |          |
|    actor_loss      | -52.6    |
|    critic_loss     | 7.89     |
|    ent_coef        | 0.095    |
|    ent_coef_loss   | -0.164   |
|    learning_rate   | 0.000408 |
|    n_updates       | 210232   |
---------------------------------
---------------------------------
| rollout/           |          |
|    ep_len_mean     | 250      |
|    ep_rew_mean     | 253      |
| time/              |          |
|    episodes        | 748      |
|    fps             | 220      |
|    time_elapsed    | 1006     |
|    total_timesteps | 221504   |
| train/             |          |
|    actor_loss      | -54      |
|    critic_loss     | 13.5     |
|    ent_coef        | 0.0913   |
|    ent_coef_loss   | -0.1     |
|    learning_rate   | 0.000407 |
|    n_updates       | 211496   |
---------------------------------
---------------------------------
| rollout/           |          |
|    ep_len_mean     | 253      |
|    ep_rew_mean     | 253      |
| time/              |          |
|    episodes        | 752      |
|    fps             | 220      |
|    time_elapsed    | 1009     |
|    total_timesteps | 222144   |
| train/             |          |
|    actor_loss      | -52.8    |
|    critic_loss     | 12       |
|    ent_coef        | 0.0933   |
|    ent_coef_loss   | 0.0854   |
|    learning_rate   | 0.000406 |
|    n_updates       | 212136   |
---------------------------------
---------------------------------
| rollout/           |          |
|    ep_len_mean     | 254      |
|    ep_rew_mean     | 253      |
| time/              |          |
|    episodes        | 756      |
|    fps             | 220      |
|    time_elapsed    | 1014     |
|    total_timesteps | 223384   |
| train/             |          |
|    actor_loss      | -53.6    |
|    critic_loss     | 7.75     |
|    ent_coef        | 0.093    |
|    ent_coef_loss   | -0.00778 |
|    learning_rate   | 0.000404 |
|    n_updates       | 213376   |
---------------------------------
---------------------------------
| rollout/           |          |
|    ep_len_mean     | 254      |
|    ep_rew_mean     | 254      |
| time/              |          |
|    episodes        | 760      |
|    fps             | 220      |
|    time_elapsed    | 1018     |
|    total_timesteps | 224064   |
| train/             |          |
|    actor_loss      | -52.2    |
|    critic_loss     | 15.4     |
|    ent_coef        | 0.0905   |
|    ent_coef_loss   | -0.00253 |
|    learning_rate   | 0.000403 |
|    n_updates       | 214056   |
---------------------------------
---------------------------------
| rollout/           |          |
|    ep_len_mean     | 256      |
|    ep_rew_mean     | 256      |
| time/              |          |
|    episodes        | 764      |
|    fps             | 220      |
|    time_elapsed    | 1023     |
|    total_timesteps | 225344   |
| train/             |          |
|    actor_loss      | -52      |
|    critic_loss     | 6.94     |
|    ent_coef        | 0.0898   |
|    ent_coef_loss   | -0.0716  |
|    learning_rate   | 0.000401 |
|    n_updates       | 215336   |
---------------------------------
---------------------------------
| rollout/           |          |
|    ep_len_mean     | 250      |
|    ep_rew_mean     | 257      |
| time/              |          |
|    episodes        | 768      |
|    fps             | 220      |
|    time_elapsed    | 1026     |
|    total_timesteps | 225912   |
| train/             |          |
|    actor_loss      | -52.7    |
|    critic_loss     | 9.38     |
|    ent_coef        | 0.0895   |
|    ent_coef_loss   | 0.142    |
|    learning_rate   | 0.0004   |
|    n_updates       | 215904   |
---------------------------------
---------------------------------
| rollout/           |          |
|    ep_len_mean     | 250      |
|    ep_rew_mean     | 256      |
| time/              |          |
|    episodes        | 772      |
|    fps             | 220      |
|    time_elapsed    | 1032     |
|    total_timesteps | 227168   |
| train/             |          |
|    actor_loss      | -54.2    |
|    critic_loss     | 8.94     |
|    ent_coef        | 0.0904   |
|    ent_coef_loss   | -0.0104  |
|    learning_rate   | 0.000398 |
|    n_updates       | 217160   |
---------------------------------
---------------------------------
| rollout/           |          |
|    ep_len_mean     | 252      |
|    ep_rew_mean     | 257      |
| time/              |          |
|    episodes        | 776      |
|    fps             | 219      |
|    time_elapsed    | 1037     |
|    total_timesteps | 228296   |
| train/             |          |
|    actor_loss      | -52.9    |
|    critic_loss     | 15.6     |
|    ent_coef        | 0.0906   |
|    ent_coef_loss   | 0.054    |
|    learning_rate   | 0.000397 |
|    n_updates       | 218288   |
---------------------------------
---------------------------------
| rollout/           |          |
|    ep_len_mean     | 249      |
|    ep_rew_mean     | 258      |
| time/              |          |
|    episodes        | 780      |
|    fps             | 219      |
|    time_elapsed    | 1039     |
|    total_timesteps | 228608   |
| train/             |          |
|    actor_loss      | -53.9    |
|    critic_loss     | 9.72     |
|    ent_coef        | 0.09     |
|    ent_coef_loss   | 0.21     |
|    learning_rate   | 0.000396 |
|    n_updates       | 218600   |
---------------------------------
Eval num_timesteps=230000, episode_reward=221.61 +/- 150.11
Episode length: 239.90 +/- 34.72
---------------------------------
| eval/              |          |
|    mean_ep_length  | 240      |
|    mean_reward     | 222      |
| time/              |          |
|    total_timesteps | 230000   |
| train/             |          |
|    actor_loss      | -53.7    |
|    critic_loss     | 8.66     |
|    ent_coef        | 0.0916   |
|    ent_coef_loss   | 0.212    |
|    learning_rate   | 0.000394 |
|    n_updates       | 219992   |
---------------------------------
---------------------------------
| rollout/           |          |
|    ep_len_mean     | 249      |
|    ep_rew_mean     | 261      |
| time/              |          |
|    episodes        | 784      |
|    fps             | 219      |
|    time_elapsed    | 1047     |
|    total_timesteps | 230176   |
| train/             |          |
|    actor_loss      | -54.1    |
|    critic_loss     | 11       |
|    ent_coef        | 0.0926   |
|    ent_coef_loss   | -0.192   |
|    learning_rate   | 0.000394 |
|    n_updates       | 220168   |
---------------------------------
---------------------------------
| rollout/           |          |
|    ep_len_mean     | 247      |
|    ep_rew_mean     | 264      |
| time/              |          |
|    episodes        | 788      |
|    fps             | 219      |
|    time_elapsed    | 1048     |
|    total_timesteps | 230376   |
| train/             |          |
|    actor_loss      | -55.1    |
|    critic_loss     | 6.25     |
|    ent_coef        | 0.0921   |
|    ent_coef_loss   | 0.0714   |
|    learning_rate   | 0.000394 |
|    n_updates       | 220368   |
---------------------------------
---------------------------------
| rollout/           |          |
|    ep_len_mean     | 242      |
|    ep_rew_mean     | 264      |
| time/              |          |
|    episodes        | 792      |
|    fps             | 219      |
|    time_elapsed    | 1053     |
|    total_timesteps | 231616   |
| train/             |          |
|    actor_loss      | -56.1    |
|    critic_loss     | 8.61     |
|    ent_coef        | 0.0908   |
|    ent_coef_loss   | 0.137    |
|    learning_rate   | 0.000392 |
|    n_updates       | 221608   |
---------------------------------
---------------------------------
| rollout/           |          |
|    ep_len_mean     | 242      |
|    ep_rew_mean     | 264      |
| time/              |          |
|    episodes        | 796      |
|    fps             | 219      |
|    time_elapsed    | 1056     |
|    total_timesteps | 232272   |
| train/             |          |
|    actor_loss      | -55.2    |
|    critic_loss     | 15.9     |
|    ent_coef        | 0.0907   |
|    ent_coef_loss   | -0.0791  |
|    learning_rate   | 0.000391 |
|    n_updates       | 222264   |
---------------------------------
---------------------------------
| rollout/           |          |
|    ep_len_mean     | 241      |
|    ep_rew_mean     | 264      |
| time/              |          |
|    episodes        | 800      |
|    fps             | 219      |
|    time_elapsed    | 1062     |
|    total_timesteps | 233688   |
| train/             |          |
|    actor_loss      | -54.8    |
|    critic_loss     | 6.78     |
|    ent_coef        | 0.0863   |
|    ent_coef_loss   | -0.0725  |
|    learning_rate   | 0.000389 |
|    n_updates       | 223680   |
---------------------------------
---------------------------------
| rollout/           |          |
|    ep_len_mean     | 242      |
|    ep_rew_mean     | 264      |
| time/              |          |
|    episodes        | 804      |
|    fps             | 219      |
|    time_elapsed    | 1065     |
|    total_timesteps | 234392   |
| train/             |          |
|    actor_loss      | -54.9    |
|    critic_loss     | 7.97     |
|    ent_coef        | 0.0855   |
|    ent_coef_loss   | -0.196   |
|    learning_rate   | 0.000388 |
|    n_updates       | 224384   |
---------------------------------
---------------------------------
| rollout/           |          |
|    ep_len_mean     | 239      |
|    ep_rew_mean     | 264      |
| time/              |          |
|    episodes        | 808      |
|    fps             | 219      |
|    time_elapsed    | 1069     |
|    total_timesteps | 235104   |
| train/             |          |
|    actor_loss      | -53.6    |
|    critic_loss     | 14.4     |
|    ent_coef        | 0.0879   |
|    ent_coef_loss   | 0.0723   |
|    learning_rate   | 0.000387 |
|    n_updates       | 225096   |
---------------------------------
---------------------------------
| rollout/           |          |
|    ep_len_mean     | 240      |
|    ep_rew_mean     | 264      |
| time/              |          |
|    episodes        | 812      |
|    fps             | 219      |
|    time_elapsed    | 1074     |
|    total_timesteps | 236376   |
| train/             |          |
|    actor_loss      | -55.9    |
|    critic_loss     | 8.85     |
|    ent_coef        | 0.0881   |
|    ent_coef_loss   | 0.122    |
|    learning_rate   | 0.000385 |
|    n_updates       | 226368   |
---------------------------------
---------------------------------
| rollout/           |          |
|    ep_len_mean     | 239      |
|    ep_rew_mean     | 261      |
| time/              |          |
|    episodes        | 816      |
|    fps             | 219      |
|    time_elapsed    | 1076     |
|    total_timesteps | 236776   |
| train/             |          |
|    actor_loss      | -54.4    |
|    critic_loss     | 10.8     |
|    ent_coef        | 0.0848   |
|    ent_coef_loss   | 0.00801  |
|    learning_rate   | 0.000384 |
|    n_updates       | 226768   |
---------------------------------
---------------------------------
| rollout/           |          |
|    ep_len_mean     | 240      |
|    ep_rew_mean     | 261      |
| time/              |          |
|    episodes        | 820      |
|    fps             | 219      |
|    time_elapsed    | 1082     |
|    total_timesteps | 238024   |
| train/             |          |
|    actor_loss      | -55      |
|    critic_loss     | 10.5     |
|    ent_coef        | 0.0863   |
|    ent_coef_loss   | -0.181   |
|    learning_rate   | 0.000382 |
|    n_updates       | 228016   |
---------------------------------
---------------------------------
| rollout/           |          |
|    ep_len_mean     | 238      |
|    ep_rew_mean     | 261      |
| time/              |          |
|    episodes        | 824      |
|    fps             | 219      |
|    time_elapsed    | 1088     |
|    total_timesteps | 239376   |
| train/             |          |
|    actor_loss      | -55.8    |
|    critic_loss     | 9.9      |
|    ent_coef        | 0.0822   |
|    ent_coef_loss   | 0.181    |
|    learning_rate   | 0.000381 |
|    n_updates       | 229368   |
---------------------------------
Eval num_timesteps=240000, episode_reward=269.62 +/- 17.35
Episode length: 224.80 +/- 40.35
---------------------------------
| eval/              |          |
|    mean_ep_length  | 225      |
|    mean_reward     | 270      |
| time/              |          |
|    total_timesteps | 240000   |
| train/             |          |
|    actor_loss      | -56.2    |
|    critic_loss     | 18       |
|    ent_coef        | 0.0816   |
|    ent_coef_loss   | 0.0572   |
|    learning_rate   | 0.00038  |
|    n_updates       | 229992   |
---------------------------------
---------------------------------
| rollout/           |          |
|    ep_len_mean     | 239      |
|    ep_rew_mean     | 261      |
| time/              |          |
|    episodes        | 828      |
|    fps             | 219      |
|    time_elapsed    | 1094     |
|    total_timesteps | 240416   |
| train/             |          |
|    actor_loss      | -55.1    |
|    critic_loss     | 8.53     |
|    ent_coef        | 0.0828   |
|    ent_coef_loss   | 0.275    |
|    learning_rate   | 0.000379 |
|    n_updates       | 230408   |
---------------------------------
---------------------------------
| rollout/           |          |
|    ep_len_mean     | 239      |
|    ep_rew_mean     | 260      |
| time/              |          |
|    episodes        | 832      |
|    fps             | 219      |
|    time_elapsed    | 1098     |
|    total_timesteps | 241392   |
| train/             |          |
|    actor_loss      | -55.5    |
|    critic_loss     | 12.9     |
|    ent_coef        | 0.0865   |
|    ent_coef_loss   | 0.0884   |
|    learning_rate   | 0.000378 |
|    n_updates       | 231384   |
---------------------------------
---------------------------------
| rollout/           |          |
|    ep_len_mean     | 245      |
|    ep_rew_mean     | 261      |
| time/              |          |
|    episodes        | 836      |
|    fps             | 219      |
|    time_elapsed    | 1104     |
|    total_timesteps | 242680   |
| train/             |          |
|    actor_loss      | -56.1    |
|    critic_loss     | 8.5      |
|    ent_coef        | 0.0844   |
|    ent_coef_loss   | -0.204   |
|    learning_rate   | 0.000376 |
|    n_updates       | 232672   |
---------------------------------
---------------------------------
| rollout/           |          |
|    ep_len_mean     | 246      |
|    ep_rew_mean     | 261      |
| time/              |          |
|    episodes        | 840      |
|    fps             | 219      |
|    time_elapsed    | 1110     |
|    total_timesteps | 243896   |
| train/             |          |
|    actor_loss      | -55.1    |
|    critic_loss     | 7.55     |
|    ent_coef        | 0.0835   |
|    ent_coef_loss   | -0.371   |
|    learning_rate   | 0.000374 |
|    n_updates       | 233888   |
---------------------------------
---------------------------------
| rollout/           |          |
|    ep_len_mean     | 248      |
|    ep_rew_mean     | 261      |
| time/              |          |
|    episodes        | 844      |
|    fps             | 219      |
|    time_elapsed    | 1112     |
|    total_timesteps | 244464   |
| train/             |          |
|    actor_loss      | -56.5    |
|    critic_loss     | 5.69     |
|    ent_coef        | 0.0824   |
|    ent_coef_loss   | 0.176    |
|    learning_rate   | 0.000373 |
|    n_updates       | 234456   |
---------------------------------
---------------------------------
| rollout/           |          |
|    ep_len_mean     | 243      |
|    ep_rew_mean     | 262      |
| time/              |          |
|    episodes        | 848      |
|    fps             | 219      |
|    time_elapsed    | 1118     |
|    total_timesteps | 245792   |
| train/             |          |
|    actor_loss      | -56.4    |
|    critic_loss     | 6.28     |
|    ent_coef        | 0.0824   |
|    ent_coef_loss   | 0.0835   |
|    learning_rate   | 0.000371 |
|    n_updates       | 235784   |
---------------------------------
---------------------------------
| rollout/           |          |
|    ep_len_mean     | 242      |
|    ep_rew_mean     | 262      |
| time/              |          |
|    episodes        | 852      |
|    fps             | 219      |
|    time_elapsed    | 1123     |
|    total_timesteps | 246880   |
| train/             |          |
|    actor_loss      | -55.7    |
|    critic_loss     | 8.81     |
|    ent_coef        | 0.0835   |
|    ent_coef_loss   | 0.0469   |
|    learning_rate   | 0.00037  |
|    n_updates       | 236872   |
---------------------------------
---------------------------------
| rollout/           |          |
|    ep_len_mean     | 240      |
|    ep_rew_mean     | 261      |
| time/              |          |
|    episodes        | 856      |
|    fps             | 219      |
|    time_elapsed    | 1128     |
|    total_timesteps | 247800   |
| train/             |          |
|    actor_loss      | -56.9    |
|    critic_loss     | 8.21     |
|    ent_coef        | 0.0824   |
|    ent_coef_loss   | 0.13     |
|    learning_rate   | 0.000368 |
|    n_updates       | 237792   |
---------------------------------
---------------------------------
| rollout/           |          |
|    ep_len_mean     | 242      |
|    ep_rew_mean     | 260      |
| time/              |          |
|    episodes        | 860      |
|    fps             | 219      |
|    time_elapsed    | 1131     |
|    total_timesteps | 248456   |
| train/             |          |
|    actor_loss      | -57.5    |
|    critic_loss     | 5.64     |
|    ent_coef        | 0.0836   |
|    ent_coef_loss   | -0.0518  |
|    learning_rate   | 0.000367 |
|    n_updates       | 238448   |
---------------------------------
---------------------------------
| rollout/           |          |
|    ep_len_mean     | 242      |
|    ep_rew_mean     | 261      |
| time/              |          |
|    episodes        | 864      |
|    fps             | 219      |
|    time_elapsed    | 1135     |
|    total_timesteps | 249456   |
| train/             |          |
|    actor_loss      | -58.1    |
|    critic_loss     | 9.01     |
|    ent_coef        | 0.0812   |
|    ent_coef_loss   | 0.0116   |
|    learning_rate   | 0.000366 |
|    n_updates       | 239448   |
---------------------------------
Eval num_timesteps=250000, episode_reward=269.65 +/- 17.30
Episode length: 241.10 +/- 33.86
---------------------------------
| eval/              |          |
|    mean_ep_length  | 241      |
|    mean_reward     | 270      |
| time/              |          |
|    total_timesteps | 250000   |
| train/             |          |
|    actor_loss      | -58.2    |
|    critic_loss     | 7.01     |
|    ent_coef        | 0.083    |
|    ent_coef_loss   | -0.0305  |
|    learning_rate   | 0.000365 |
|    n_updates       | 239992   |
---------------------------------
---------------------------------
| rollout/           |          |
|    ep_len_mean     | 242      |
|    ep_rew_mean     | 260      |
| time/              |          |
|    episodes        | 868      |
|    fps             | 219      |
|    time_elapsed    | 1141     |
|    total_timesteps | 250544   |
| train/             |          |
|    actor_loss      | -58      |
|    critic_loss     | 10.1     |
|    ent_coef        | 0.0829   |
|    ent_coef_loss   | -0.144   |
|    learning_rate   | 0.000364 |
|    n_updates       | 240536   |
---------------------------------
---------------------------------
| rollout/           |          |
|    ep_len_mean     | 243      |
|    ep_rew_mean     | 257      |
| time/              |          |
|    episodes        | 872      |
|    fps             | 219      |
|    time_elapsed    | 1144     |
|    total_timesteps | 251096   |
| train/             |          |
|    actor_loss      | -56.9    |
|    critic_loss     | 8.85     |
|    ent_coef        | 0.0825   |
|    ent_coef_loss   | -0.04    |
|    learning_rate   | 0.000363 |
|    n_updates       | 241088   |
---------------------------------
---------------------------------
| rollout/           |          |
|    ep_len_mean     | 241      |
|    ep_rew_mean     | 258      |
| time/              |          |
|    episodes        | 876      |
|    fps             | 219      |
|    time_elapsed    | 1149     |
|    total_timesteps | 252072   |
| train/             |          |
|    actor_loss      | -56.7    |
|    critic_loss     | 7.65     |
|    ent_coef        | 0.0824   |
|    ent_coef_loss   | -0.0196  |
|    learning_rate   | 0.000362 |
|    n_updates       | 242064   |
---------------------------------
---------------------------------
| rollout/           |          |
|    ep_len_mean     | 242      |
|    ep_rew_mean     | 258      |
| time/              |          |
|    episodes        | 880      |
|    fps             | 219      |
|    time_elapsed    | 1153     |
|    total_timesteps | 252936   |
| train/             |          |
|    actor_loss      | -57.1    |
|    critic_loss     | 10.9     |
|    ent_coef        | 0.0802   |
|    ent_coef_loss   | 0.0623   |
|    learning_rate   | 0.000361 |
|    n_updates       | 242928   |
---------------------------------
---------------------------------
| rollout/           |          |
|    ep_len_mean     | 241      |
|    ep_rew_mean     | 258      |
| time/              |          |
|    episodes        | 884      |
|    fps             | 219      |
|    time_elapsed    | 1158     |
|    total_timesteps | 253904   |
| train/             |          |
|    actor_loss      | -56.3    |
|    critic_loss     | 6.71     |
|    ent_coef        | 0.0845   |
|    ent_coef_loss   | 0.0153   |
|    learning_rate   | 0.000359 |
|    n_updates       | 243896   |
---------------------------------
---------------------------------
| rollout/           |          |
|    ep_len_mean     | 241      |
|    ep_rew_mean     | 259      |
| time/              |          |
|    episodes        | 888      |
|    fps             | 219      |
|    time_elapsed    | 1164     |
|    total_timesteps | 255160   |
| train/             |          |
|    actor_loss      | -57.9    |
|    critic_loss     | 8.18     |
|    ent_coef        | 0.0797   |
|    ent_coef_loss   | 0.0435   |
|    learning_rate   | 0.000357 |
|    n_updates       | 245152   |
---------------------------------
---------------------------------
| rollout/           |          |
|    ep_len_mean     | 244      |
|    ep_rew_mean     | 260      |
| time/              |          |
|    episodes        | 892      |
|    fps             | 219      |
|    time_elapsed    | 1169     |
|    total_timesteps | 256224   |
| train/             |          |
|    actor_loss      | -56.7    |
|    critic_loss     | 10.3     |
|    ent_coef        | 0.0822   |
|    ent_coef_loss   | 0.0988   |
|    learning_rate   | 0.000356 |
|    n_updates       | 246216   |
---------------------------------
---------------------------------
| rollout/           |          |
|    ep_len_mean     | 247      |
|    ep_rew_mean     | 259      |
| time/              |          |
|    episodes        | 896      |
|    fps             | 219      |
|    time_elapsed    | 1173     |
|    total_timesteps | 257080   |
| train/             |          |
|    actor_loss      | -58.5    |
|    critic_loss     | 9.2      |
|    ent_coef        | 0.0819   |
|    ent_coef_loss   | 0.012    |
|    learning_rate   | 0.000355 |
|    n_updates       | 247072   |
---------------------------------
---------------------------------
| rollout/           |          |
|    ep_len_mean     | 247      |
|    ep_rew_mean     | 260      |
| time/              |          |
|    episodes        | 900      |
|    fps             | 219      |
|    time_elapsed    | 1178     |
|    total_timesteps | 258280   |
| train/             |          |
|    actor_loss      | -57.1    |
|    critic_loss     | 5.54     |
|    ent_coef        | 0.083    |
|    ent_coef_loss   | -0.00286 |
|    learning_rate   | 0.000353 |
|    n_updates       | 248272   |
---------------------------------
---------------------------------
| rollout/           |          |
|    ep_len_mean     | 246      |
|    ep_rew_mean     | 260      |
| time/              |          |
|    episodes        | 904      |
|    fps             | 219      |
|    time_elapsed    | 1182     |
|    total_timesteps | 259136   |
| train/             |          |
|    actor_loss      | -57.7    |
|    critic_loss     | 9.32     |
|    ent_coef        | 0.0822   |
|    ent_coef_loss   | 0.158    |
|    learning_rate   | 0.000352 |
|    n_updates       | 249128   |
---------------------------------
Eval num_timesteps=260000, episode_reward=284.74 +/- 13.35
Episode length: 214.20 +/- 35.87
---------------------------------
| eval/              |          |
|    mean_ep_length  | 214      |
|    mean_reward     | 285      |
| time/              |          |
|    total_timesteps | 260000   |
| train/             |          |
|    actor_loss      | -58.2    |
|    critic_loss     | 9.17     |
|    ent_coef        | 0.0823   |
|    ent_coef_loss   | 0.192    |
|    learning_rate   | 0.00035  |
|    n_updates       | 249992   |
---------------------------------
New best mean reward!
---------------------------------
| rollout/           |          |
|    ep_len_mean     | 248      |
|    ep_rew_mean     | 261      |
| time/              |          |
|    episodes        | 908      |
|    fps             | 219      |
|    time_elapsed    | 1188     |
|    total_timesteps | 260224   |
| train/             |          |
|    actor_loss      | -58.7    |
|    critic_loss     | 8.47     |
|    ent_coef        | 0.0815   |
|    ent_coef_loss   | 0.15     |
|    learning_rate   | 0.00035  |
|    n_updates       | 250216   |
---------------------------------
---------------------------------
| rollout/           |          |
|    ep_len_mean     | 247      |
|    ep_rew_mean     | 261      |
| time/              |          |
|    episodes        | 912      |
|    fps             | 219      |
|    time_elapsed    | 1189     |
|    total_timesteps | 260592   |
| train/             |          |
|    actor_loss      | -57.6    |
|    critic_loss     | 9.18     |
|    ent_coef        | 0.0825   |
|    ent_coef_loss   | -0.225   |
|    learning_rate   | 0.00035  |
|    n_updates       | 250584   |
---------------------------------
---------------------------------
| rollout/           |          |
|    ep_len_mean     | 246      |
|    ep_rew_mean     | 265      |
| time/              |          |
|    episodes        | 916      |
|    fps             | 219      |
|    time_elapsed    | 1195     |
|    total_timesteps | 261880   |
| train/             |          |
|    actor_loss      | -57.8    |
|    critic_loss     | 11.8     |
|    ent_coef        | 0.0844   |
|    ent_coef_loss   | -0.15    |
|    learning_rate   | 0.000348 |
|    n_updates       | 251872   |
---------------------------------
---------------------------------
| rollout/           |          |
|    ep_len_mean     | 248      |
|    ep_rew_mean     | 265      |
| time/              |          |
|    episodes        | 920      |
|    fps             | 219      |
|    time_elapsed    | 1199     |
|    total_timesteps | 262904   |
| train/             |          |
|    actor_loss      | -57.4    |
|    critic_loss     | 11.8     |
|    ent_coef        | 0.0829   |
|    ent_coef_loss   | -0.191   |
|    learning_rate   | 0.000346 |
|    n_updates       | 252896   |
---------------------------------
---------------------------------
| rollout/           |          |
|    ep_len_mean     | 248      |
|    ep_rew_mean     | 265      |
| time/              |          |
|    episodes        | 924      |
|    fps             | 219      |
|    time_elapsed    | 1202     |
|    total_timesteps | 263528   |
| train/             |          |
|    actor_loss      | -57.4    |
|    critic_loss     | 6.73     |
|    ent_coef        | 0.0806   |
|    ent_coef_loss   | -0.00551 |
|    learning_rate   | 0.000345 |
|    n_updates       | 253520   |
---------------------------------
---------------------------------
| rollout/           |          |
|    ep_len_mean     | 244      |
|    ep_rew_mean     | 266      |
| time/              |          |
|    episodes        | 928      |
|    fps             | 219      |
|    time_elapsed    | 1206     |
|    total_timesteps | 264360   |
| train/             |          |
|    actor_loss      | -57.4    |
|    critic_loss     | 9.51     |
|    ent_coef        | 0.0803   |
|    ent_coef_loss   | 0.00749  |
|    learning_rate   | 0.000344 |
|    n_updates       | 254352   |
---------------------------------
---------------------------------
| rollout/           |          |
|    ep_len_mean     | 241      |
|    ep_rew_mean     | 266      |
| time/              |          |
|    episodes        | 932      |
|    fps             | 219      |
|    time_elapsed    | 1211     |
|    total_timesteps | 265576   |
| train/             |          |
|    actor_loss      | -58.1    |
|    critic_loss     | 16.2     |
|    ent_coef        | 0.0798   |
|    ent_coef_loss   | 0.00989  |
|    learning_rate   | 0.000342 |
|    n_updates       | 255568   |
---------------------------------
---------------------------------
| rollout/           |          |
|    ep_len_mean     | 235      |
|    ep_rew_mean     | 266      |
| time/              |          |
|    episodes        | 936      |
|    fps             | 219      |
|    time_elapsed    | 1213     |
|    total_timesteps | 265936   |
| train/             |          |
|    actor_loss      | -58.7    |
|    critic_loss     | 13.1     |
|    ent_coef        | 0.0791   |
|    ent_coef_loss   | -0.202   |
|    learning_rate   | 0.000342 |
|    n_updates       | 255928   |
---------------------------------
---------------------------------
| rollout/           |          |
|    ep_len_mean     | 234      |
|    ep_rew_mean     | 266      |
| time/              |          |
|    episodes        | 940      |
|    fps             | 219      |
|    time_elapsed    | 1218     |
|    total_timesteps | 267032   |
| train/             |          |
|    actor_loss      | -57.8    |
|    critic_loss     | 14.3     |
|    ent_coef        | 0.0776   |
|    ent_coef_loss   | 0.015    |
|    learning_rate   | 0.00034  |
|    n_updates       | 257024   |
---------------------------------
---------------------------------
| rollout/           |          |
|    ep_len_mean     | 233      |
|    ep_rew_mean     | 265      |
| time/              |          |
|    episodes        | 944      |
|    fps             | 219      |
|    time_elapsed    | 1220     |
|    total_timesteps | 267592   |
| train/             |          |
|    actor_loss      | -59.2    |
|    critic_loss     | 7.91     |
|    ent_coef        | 0.079    |
|    ent_coef_loss   | -0.00392 |
|    learning_rate   | 0.000339 |
|    n_updates       | 257584   |
---------------------------------
---------------------------------
| rollout/           |          |
|    ep_len_mean     | 234      |
|    ep_rew_mean     | 266      |
| time/              |          |
|    episodes        | 948      |
|    fps             | 219      |
|    time_elapsed    | 1227     |
|    total_timesteps | 269080   |
| train/             |          |
|    actor_loss      | -59      |
|    critic_loss     | 9.72     |
|    ent_coef        | 0.076    |
|    ent_coef_loss   | 0.143    |
|    learning_rate   | 0.000337 |
|    n_updates       | 259072   |
---------------------------------
---------------------------------
| rollout/           |          |
|    ep_len_mean     | 233      |
|    ep_rew_mean     | 266      |
| time/              |          |
|    episodes        | 952      |
|    fps             | 219      |
|    time_elapsed    | 1229     |
|    total_timesteps | 269496   |
| train/             |          |
|    actor_loss      | -59.3    |
|    critic_loss     | 5.57     |
|    ent_coef        | 0.0771   |
|    ent_coef_loss   | -0.14    |
|    learning_rate   | 0.000337 |
|    n_updates       | 259488   |
---------------------------------
Eval num_timesteps=270000, episode_reward=275.11 +/- 16.42
Episode length: 239.80 +/- 93.73
---------------------------------
| eval/              |          |
|    mean_ep_length  | 240      |
|    mean_reward     | 275      |
| time/              |          |
|    total_timesteps | 270000   |
| train/             |          |
|    actor_loss      | -59.3    |
|    critic_loss     | 10.8     |
|    ent_coef        | 0.0788   |
|    ent_coef_loss   | 0.168    |
|    learning_rate   | 0.000336 |
|    n_updates       | 259992   |
---------------------------------
---------------------------------
| rollout/           |          |
|    ep_len_mean     | 234      |
|    ep_rew_mean     | 267      |
| time/              |          |
|    episodes        | 956      |
|    fps             | 219      |
|    time_elapsed    | 1235     |
|    total_timesteps | 270736   |
| train/             |          |
|    actor_loss      | -59.8    |
|    critic_loss     | 9.02     |
|    ent_coef        | 0.0773   |
|    ent_coef_loss   | 0.103    |
|    learning_rate   | 0.000335 |
|    n_updates       | 260728   |
---------------------------------
---------------------------------
| rollout/           |          |
|    ep_len_mean     | 232      |
|    ep_rew_mean     | 267      |
| time/              |          |
|    episodes        | 960      |
|    fps             | 219      |
|    time_elapsed    | 1238     |
|    total_timesteps | 271440   |
| train/             |          |
|    actor_loss      | -59.1    |
|    critic_loss     | 5.43     |
|    ent_coef        | 0.078    |
|    ent_coef_loss   | -0.0917  |
|    learning_rate   | 0.000334 |
|    n_updates       | 261432   |
---------------------------------
---------------------------------
| rollout/           |          |
|    ep_len_mean     | 230      |
|    ep_rew_mean     | 267      |
| time/              |          |
|    episodes        | 964      |
|    fps             | 219      |
|    time_elapsed    | 1244     |
|    total_timesteps | 272792   |
| train/             |          |
|    actor_loss      | -59.6    |
|    critic_loss     | 13.8     |
|    ent_coef        | 0.0757   |
|    ent_coef_loss   | -0.132   |
|    learning_rate   | 0.000332 |
|    n_updates       | 262784   |
---------------------------------
---------------------------------
| rollout/           |          |
|    ep_len_mean     | 231      |
|    ep_rew_mean     | 266      |
| time/              |          |
|    episodes        | 968      |
|    fps             | 219      |
|    time_elapsed    | 1249     |
|    total_timesteps | 273680   |
| train/             |          |
|    actor_loss      | -59.6    |
|    critic_loss     | 7.09     |
|    ent_coef        | 0.0749   |
|    ent_coef_loss   | -0.0691  |
|    learning_rate   | 0.00033  |
|    n_updates       | 263672   |
---------------------------------
---------------------------------
| rollout/           |          |
|    ep_len_mean     | 232      |
|    ep_rew_mean     | 271      |
| time/              |          |
|    episodes        | 972      |
|    fps             | 219      |
|    time_elapsed    | 1253     |
|    total_timesteps | 274672   |
| train/             |          |
|    actor_loss      | -60.2    |
|    critic_loss     | 7.59     |
|    ent_coef        | 0.0755   |
|    ent_coef_loss   | 0.0134   |
|    learning_rate   | 0.000329 |
|    n_updates       | 264664   |
---------------------------------
---------------------------------
| rollout/           |          |
|    ep_len_mean     | 232      |
|    ep_rew_mean     | 271      |
| time/              |          |
|    episodes        | 976      |
|    fps             | 219      |
|    time_elapsed    | 1257     |
|    total_timesteps | 275408   |
| train/             |          |
|    actor_loss      | -59.8    |
|    critic_loss     | 16.4     |
|    ent_coef        | 0.0766   |
|    ent_coef_loss   | -0.0875  |
|    learning_rate   | 0.000328 |
|    n_updates       | 265400   |
---------------------------------
---------------------------------
| rollout/           |          |
|    ep_len_mean     | 232      |
|    ep_rew_mean     | 271      |
| time/              |          |
|    episodes        | 980      |
|    fps             | 219      |
|    time_elapsed    | 1262     |
|    total_timesteps | 276472   |
| train/             |          |
|    actor_loss      | -60      |
|    critic_loss     | 11.3     |
|    ent_coef        | 0.075    |
|    ent_coef_loss   | 0.0303   |
|    learning_rate   | 0.000326 |
|    n_updates       | 266464   |
---------------------------------
---------------------------------
| rollout/           |          |
|    ep_len_mean     | 232      |
|    ep_rew_mean     | 271      |
| time/              |          |
|    episodes        | 984      |
|    fps             | 219      |
|    time_elapsed    | 1265     |
|    total_timesteps | 277168   |
| train/             |          |
|    actor_loss      | -60.3    |
|    critic_loss     | 11.5     |
|    ent_coef        | 0.0764   |
|    ent_coef_loss   | -0.117   |
|    learning_rate   | 0.000325 |
|    n_updates       | 267160   |
---------------------------------
---------------------------------
| rollout/           |          |
|    ep_len_mean     | 232      |
|    ep_rew_mean     | 270      |
| time/              |          |
|    episodes        | 988      |
|    fps             | 219      |
|    time_elapsed    | 1269     |
|    total_timesteps | 278096   |
| train/             |          |
|    actor_loss      | -59.7    |
|    critic_loss     | 6.93     |
|    ent_coef        | 0.0742   |
|    ent_coef_loss   | -0.0105  |
|    learning_rate   | 0.000324 |
|    n_updates       | 268088   |
---------------------------------
---------------------------------
| rollout/           |          |
|    ep_len_mean     | 229      |
|    ep_rew_mean     | 271      |
| time/              |          |
|    episodes        | 992      |
|    fps             | 219      |
|    time_elapsed    | 1273     |
|    total_timesteps | 279016   |
| train/             |          |
|    actor_loss      | -60      |
|    critic_loss     | 14.1     |
|    ent_coef        | 0.0747   |
|    ent_coef_loss   | -0.153   |
|    learning_rate   | 0.000323 |
|    n_updates       | 269008   |
---------------------------------
---------------------------------
| rollout/           |          |
|    ep_len_mean     | 227      |
|    ep_rew_mean     | 272      |
| time/              |          |
|    episodes        | 996      |
|    fps             | 219      |
|    time_elapsed    | 1277     |
|    total_timesteps | 279728   |
| train/             |          |
|    actor_loss      | -61.6    |
|    critic_loss     | 8.84     |
|    ent_coef        | 0.0748   |
|    ent_coef_loss   | 0.0926   |
|    learning_rate   | 0.000322 |
|    n_updates       | 269720   |
---------------------------------
Eval num_timesteps=280000, episode_reward=252.71 +/- 77.33
Episode length: 203.80 +/- 18.39
---------------------------------
| eval/              |          |
|    mean_ep_length  | 204      |
|    mean_reward     | 253      |
| time/              |          |
|    total_timesteps | 280000   |
| train/             |          |
|    actor_loss      | -62      |
|    critic_loss     | 7.3      |
|    ent_coef        | 0.0757   |
|    ent_coef_loss   | 0.015    |
|    learning_rate   | 0.000321 |
|    n_updates       | 269992   |
---------------------------------
---------------------------------
| rollout/           |          |
|    ep_len_mean     | 227      |
|    ep_rew_mean     | 272      |
| time/              |          |
|    episodes        | 1000     |
|    fps             | 218      |
|    time_elapsed    | 1281     |
|    total_timesteps | 280544   |
| train/             |          |
|    actor_loss      | -60.8    |
|    critic_loss     | 7.17     |
|    ent_coef        | 0.0746   |
|    ent_coef_loss   | -0.0379  |
|    learning_rate   | 0.00032  |
|    n_updates       | 270536   |
---------------------------------
---------------------------------
| rollout/           |          |
|    ep_len_mean     | 225      |
|    ep_rew_mean     | 272      |
| time/              |          |
|    episodes        | 1004     |
|    fps             | 218      |
|    time_elapsed    | 1284     |
|    total_timesteps | 281136   |
| train/             |          |
|    actor_loss      | -61.1    |
|    critic_loss     | 9.63     |
|    ent_coef        | 0.0739   |
|    ent_coef_loss   | -0.00274 |
|    learning_rate   | 0.00032  |
|    n_updates       | 271128   |
---------------------------------
---------------------------------
| rollout/           |          |
|    ep_len_mean     | 223      |
|    ep_rew_mean     | 271      |
| time/              |          |
|    episodes        | 1008     |
|    fps             | 218      |
|    time_elapsed    | 1291     |
|    total_timesteps | 282632   |
| train/             |          |
|    actor_loss      | -61.1    |
|    critic_loss     | 8.8      |
|    ent_coef        | 0.0752   |
|    ent_coef_loss   | 0.139    |
|    learning_rate   | 0.000317 |
|    n_updates       | 272624   |
---------------------------------
---------------------------------
| rollout/           |          |
|    ep_len_mean     | 223      |
|    ep_rew_mean     | 272      |
| time/              |          |
|    episodes        | 1012     |
|    fps             | 218      |
|    time_elapsed    | 1293     |
|    total_timesteps | 283136   |
| train/             |          |
|    actor_loss      | -61.7    |
|    critic_loss     | 6.31     |
|    ent_coef        | 0.0738   |
|    ent_coef_loss   | -0.0498  |
|    learning_rate   | 0.000317 |
|    n_updates       | 273128   |
---------------------------------
---------------------------------
| rollout/           |          |
|    ep_len_mean     | 223      |
|    ep_rew_mean     | 271      |
| time/              |          |
|    episodes        | 1016     |
|    fps             | 218      |
|    time_elapsed    | 1299     |
|    total_timesteps | 284344   |
| train/             |          |
|    actor_loss      | -61.6    |
|    critic_loss     | 14.9     |
|    ent_coef        | 0.0757   |
|    ent_coef_loss   | 0.186    |
|    learning_rate   | 0.000315 |
|    n_updates       | 274336   |
---------------------------------
---------------------------------
| rollout/           |          |
|    ep_len_mean     | 223      |
|    ep_rew_mean     | 272      |
| time/              |          |
|    episodes        | 1020     |
|    fps             | 218      |
|    time_elapsed    | 1303     |
|    total_timesteps | 285296   |
| train/             |          |
|    actor_loss      | -61.9    |
|    critic_loss     | 7.79     |
|    ent_coef        | 0.0765   |
|    ent_coef_loss   | -0.0207  |
|    learning_rate   | 0.000313 |
|    n_updates       | 275288   |
---------------------------------
---------------------------------
| rollout/           |          |
|    ep_len_mean     | 224      |
|    ep_rew_mean     | 272      |
| time/              |          |
|    episodes        | 1024     |
|    fps             | 218      |
|    time_elapsed    | 1308     |
|    total_timesteps | 286368   |
| train/             |          |
|    actor_loss      | -61.3    |
|    critic_loss     | 7.03     |
|    ent_coef        | 0.076    |
|    ent_coef_loss   | 0.102    |
|    learning_rate   | 0.000312 |
|    n_updates       | 276360   |
---------------------------------
---------------------------------
| rollout/           |          |
|    ep_len_mean     | 224      |
|    ep_rew_mean     | 273      |
| time/              |          |
|    episodes        | 1028     |
|    fps             | 218      |
|    time_elapsed    | 1312     |
|    total_timesteps | 287152   |
| train/             |          |
|    actor_loss      | -61.9    |
|    critic_loss     | 13.4     |
|    ent_coef        | 0.0749   |
|    ent_coef_loss   | 0.101    |
|    learning_rate   | 0.000311 |
|    n_updates       | 277144   |
---------------------------------
---------------------------------
| rollout/           |          |
|    ep_len_mean     | 225      |
|    ep_rew_mean     | 274      |
| time/              |          |
|    episodes        | 1032     |
|    fps             | 218      |
|    time_elapsed    | 1317     |
|    total_timesteps | 288192   |
| train/             |          |
|    actor_loss      | -61.3    |
|    critic_loss     | 7.48     |
|    ent_coef        | 0.0723   |
|    ent_coef_loss   | -0.048   |
|    learning_rate   | 0.000309 |
|    n_updates       | 278184   |
---------------------------------
---------------------------------
| rollout/           |          |
|    ep_len_mean     | 225      |
|    ep_rew_mean     | 274      |
| time/              |          |
|    episodes        | 1036     |
|    fps             | 218      |
|    time_elapsed    | 1322     |
|    total_timesteps | 289424   |
| train/             |          |
|    actor_loss      | -62.1    |
|    critic_loss     | 5.94     |
|    ent_coef        | 0.071    |
|    ent_coef_loss   | -0.113   |
|    learning_rate   | 0.000307 |
|    n_updates       | 279416   |
---------------------------------
Eval num_timesteps=290000, episode_reward=267.16 +/- 20.38
Episode length: 234.00 +/- 89.08
---------------------------------
| eval/              |          |
|    mean_ep_length  | 234      |
|    mean_reward     | 267      |
| time/              |          |
|    total_timesteps | 290000   |
| train/             |          |
|    actor_loss      | -61.9    |
|    critic_loss     | 5.17     |
|    ent_coef        | 0.0728   |
|    ent_coef_loss   | -0.0704  |
|    learning_rate   | 0.000307 |
|    n_updates       | 279992   |
---------------------------------
---------------------------------
| rollout/           |          |
|    ep_len_mean     | 226      |
|    ep_rew_mean     | 273      |
| time/              |          |
|    episodes        | 1040     |
|    fps             | 218      |
|    time_elapsed    | 1327     |
|    total_timesteps | 290152   |
| train/             |          |
|    actor_loss      | -61.8    |
|    critic_loss     | 6.56     |
|    ent_coef        | 0.0726   |
|    ent_coef_loss   | -0.293   |
|    learning_rate   | 0.000306 |
|    n_updates       | 280144   |
---------------------------------
---------------------------------
| rollout/           |          |
|    ep_len_mean     | 226      |
|    ep_rew_mean     | 273      |
| time/              |          |
|    episodes        | 1044     |
|    fps             | 218      |
|    time_elapsed    | 1331     |
|    total_timesteps | 291136   |
| train/             |          |
|    actor_loss      | -62.4    |
|    critic_loss     | 7.46     |
|    ent_coef        | 0.0719   |
|    ent_coef_loss   | -0.0129  |
|    learning_rate   | 0.000305 |
|    n_updates       | 281128   |
---------------------------------
---------------------------------
| rollout/           |          |
|    ep_len_mean     | 231      |
|    ep_rew_mean     | 272      |
| time/              |          |
|    episodes        | 1048     |
|    fps             | 218      |
|    time_elapsed    | 1334     |
|    total_timesteps | 291728   |
| train/             |          |
|    actor_loss      | -62.2    |
|    critic_loss     | 5.86     |
|    ent_coef        | 0.0719   |
|    ent_coef_loss   | 0.0187   |
|    learning_rate   | 0.000304 |
|    n_updates       | 281720   |
---------------------------------
---------------------------------
| rollout/           |          |
|    ep_len_mean     | 230      |
|    ep_rew_mean     | 271      |
| time/              |          |
|    episodes        | 1052     |
|    fps             | 218      |
|    time_elapsed    | 1339     |
|    total_timesteps | 292752   |
| train/             |          |
|    actor_loss      | -62.3    |
|    critic_loss     | 5.97     |
|    ent_coef        | 0.0723   |
|    ent_coef_loss   | 0.135    |
|    learning_rate   | 0.000303 |
|    n_updates       | 282744   |
---------------------------------
---------------------------------
| rollout/           |          |
|    ep_len_mean     | 232      |
|    ep_rew_mean     | 271      |
| time/              |          |
|    episodes        | 1056     |
|    fps             | 218      |
|    time_elapsed    | 1344     |
|    total_timesteps | 293968   |
| train/             |          |
|    actor_loss      | -62.6    |
|    critic_loss     | 7.11     |
|    ent_coef        | 0.0718   |
|    ent_coef_loss   | -0.117   |
|    learning_rate   | 0.000301 |
|    n_updates       | 283960   |
---------------------------------
---------------------------------
| rollout/           |          |
|    ep_len_mean     | 232      |
|    ep_rew_mean     | 268      |
| time/              |          |
|    episodes        | 1060     |
|    fps             | 218      |
|    time_elapsed    | 1348     |
|    total_timesteps | 294784   |
| train/             |          |
|    actor_loss      | -62.4    |
|    critic_loss     | 7.99     |
|    ent_coef        | 0.0727   |
|    ent_coef_loss   | -0.0748  |
|    learning_rate   | 0.0003   |
|    n_updates       | 284776   |
---------------------------------
---------------------------------
| rollout/           |          |
|    ep_len_mean     | 233      |
|    ep_rew_mean     | 268      |
| time/              |          |
|    episodes        | 1064     |
|    fps             | 218      |
|    time_elapsed    | 1352     |
|    total_timesteps | 295672   |
| train/             |          |
|    actor_loss      | -62.5    |
|    critic_loss     | 7.77     |
|    ent_coef        | 0.0721   |
|    ent_coef_loss   | -0.155   |
|    learning_rate   | 0.000298 |
|    n_updates       | 285664   |
---------------------------------
---------------------------------
| rollout/           |          |
|    ep_len_mean     | 230      |
|    ep_rew_mean     | 268      |
| time/              |          |
|    episodes        | 1068     |
|    fps             | 218      |
|    time_elapsed    | 1356     |
|    total_timesteps | 296608   |
| train/             |          |
|    actor_loss      | -61.8    |
|    critic_loss     | 6.15     |
|    ent_coef        | 0.0725   |
|    ent_coef_loss   | 0.208    |
|    learning_rate   | 0.000297 |
|    n_updates       | 286600   |
---------------------------------
---------------------------------
| rollout/           |          |
|    ep_len_mean     | 226      |
|    ep_rew_mean     | 268      |
| time/              |          |
|    episodes        | 1072     |
|    fps             | 218      |
|    time_elapsed    | 1360     |
|    total_timesteps | 297376   |
| train/             |          |
|    actor_loss      | -63.1    |
|    critic_loss     | 12.4     |
|    ent_coef        | 0.073    |
|    ent_coef_loss   | 0.0171   |
|    learning_rate   | 0.000296 |
|    n_updates       | 287368   |
---------------------------------
---------------------------------
| rollout/           |          |
|    ep_len_mean     | 229      |
|    ep_rew_mean     | 264      |
| time/              |          |
|    episodes        | 1076     |
|    fps             | 218      |
|    time_elapsed    | 1364     |
|    total_timesteps | 298208   |
| train/             |          |
|    actor_loss      | -61.8    |
|    critic_loss     | 12.1     |
|    ent_coef        | 0.0735   |
|    ent_coef_loss   | -0.0347  |
|    learning_rate   | 0.000295 |
|    n_updates       | 288200   |
---------------------------------
---------------------------------
| rollout/           |          |
|    ep_len_mean     | 228      |
|    ep_rew_mean     | 264      |
| time/              |          |
|    episodes        | 1080     |
|    fps             | 218      |
|    time_elapsed    | 1368     |
|    total_timesteps | 299024   |
| train/             |          |
|    actor_loss      | -62.2    |
|    critic_loss     | 7.87     |
|    ent_coef        | 0.073    |
|    ent_coef_loss   | -0.237   |
|    learning_rate   | 0.000293 |
|    n_updates       | 289016   |
---------------------------------
---------------------------------
| rollout/           |          |
|    ep_len_mean     | 228      |
|    ep_rew_mean     | 265      |
| time/              |          |
|    episodes        | 1084     |
|    fps             | 218      |
|    time_elapsed    | 1371     |
|    total_timesteps | 299856   |
| train/             |          |
|    actor_loss      | -62      |
|    critic_loss     | 10.5     |
|    ent_coef        | 0.0716   |
|    ent_coef_loss   | 0.101    |
|    learning_rate   | 0.000292 |
|    n_updates       | 289848   |
---------------------------------
Eval num_timesteps=300000, episode_reward=232.65 +/- 135.51
Episode length: 239.00 +/- 79.91
---------------------------------
| eval/              |          |
|    mean_ep_length  | 239      |
|    mean_reward     | 233      |
| time/              |          |
|    total_timesteps | 300000   |
| train/             |          |
|    actor_loss      | -62.2    |
|    critic_loss     | 8.88     |
|    ent_coef        | 0.0718   |
|    ent_coef_loss   | -0.00597 |
|    learning_rate   | 0.000292 |
|    n_updates       | 289992   |
---------------------------------
---------------------------------
| rollout/           |          |
|    ep_len_mean     | 227      |
|    ep_rew_mean     | 266      |
| time/              |          |
|    episodes        | 1088     |
|    fps             | 218      |
|    time_elapsed    | 1375     |
|    total_timesteps | 300600   |
| train/             |          |
|    actor_loss      | -62      |
|    critic_loss     | 5.53     |
|    ent_coef        | 0.0731   |
|    ent_coef_loss   | 0.271    |
|    learning_rate   | 0.000291 |
|    n_updates       | 290592   |
---------------------------------
---------------------------------
| rollout/           |          |
|    ep_len_mean     | 226      |
|    ep_rew_mean     | 266      |
| time/              |          |
|    episodes        | 1092     |
|    fps             | 218      |
|    time_elapsed    | 1380     |
|    total_timesteps | 301600   |
| train/             |          |
|    actor_loss      | -62.7    |
|    critic_loss     | 8.48     |
|    ent_coef        | 0.072    |
|    ent_coef_loss   | 0.0265   |
|    learning_rate   | 0.00029  |
|    n_updates       | 291592   |
---------------------------------
---------------------------------
| rollout/           |          |
|    ep_len_mean     | 226      |
|    ep_rew_mean     | 266      |
| time/              |          |
|    episodes        | 1096     |
|    fps             | 218      |
|    time_elapsed    | 1384     |
|    total_timesteps | 302536   |
| train/             |          |
|    actor_loss      | -61.5    |
|    critic_loss     | 14.6     |
|    ent_coef        | 0.0713   |
|    ent_coef_loss   | 0.18     |
|    learning_rate   | 0.000288 |
|    n_updates       | 292528   |
---------------------------------
---------------------------------
| rollout/           |          |
|    ep_len_mean     | 226      |
|    ep_rew_mean     | 267      |
| time/              |          |
|    episodes        | 1100     |
|    fps             | 218      |
|    time_elapsed    | 1388     |
|    total_timesteps | 303368   |
| train/             |          |
|    actor_loss      | -61.7    |
|    critic_loss     | 9.15     |
|    ent_coef        | 0.0715   |
|    ent_coef_loss   | 0.309    |
|    learning_rate   | 0.000287 |
|    n_updates       | 293360   |
---------------------------------
---------------------------------
| rollout/           |          |
|    ep_len_mean     | 227      |
|    ep_rew_mean     | 266      |
| time/              |          |
|    episodes        | 1104     |
|    fps             | 218      |
|    time_elapsed    | 1392     |
|    total_timesteps | 304184   |
| train/             |          |
|    actor_loss      | -62.8    |
|    critic_loss     | 7.15     |
|    ent_coef        | 0.0716   |
|    ent_coef_loss   | -0.0434  |
|    learning_rate   | 0.000286 |
|    n_updates       | 294176   |
---------------------------------
---------------------------------
| rollout/           |          |
|    ep_len_mean     | 227      |
|    ep_rew_mean     | 267      |
| time/              |          |
|    episodes        | 1108     |
|    fps             | 218      |
|    time_elapsed    | 1395     |
|    total_timesteps | 304832   |
| train/             |          |
|    actor_loss      | -61.5    |
|    critic_loss     | 4.68     |
|    ent_coef        | 0.0725   |
|    ent_coef_loss   | 0.0954   |
|    learning_rate   | 0.000285 |
|    n_updates       | 294824   |
---------------------------------
---------------------------------
| rollout/           |          |
|    ep_len_mean     | 226      |
|    ep_rew_mean     | 263      |
| time/              |          |
|    episodes        | 1112     |
|    fps             | 218      |
|    time_elapsed    | 1400     |
|    total_timesteps | 305904   |
| train/             |          |
|    actor_loss      | -62.5    |
|    critic_loss     | 13.8     |
|    ent_coef        | 0.0715   |
|    ent_coef_loss   | -0.121   |
|    learning_rate   | 0.000283 |
|    n_updates       | 295896   |
---------------------------------
---------------------------------
| rollout/           |          |
|    ep_len_mean     | 228      |
|    ep_rew_mean     | 263      |
| time/              |          |
|    episodes        | 1116     |
|    fps             | 218      |
|    time_elapsed    | 1404     |
|    total_timesteps | 306832   |
| train/             |          |
|    actor_loss      | -62.7    |
|    critic_loss     | 7.19     |
|    ent_coef        | 0.0725   |
|    ent_coef_loss   | 0.0221   |
|    learning_rate   | 0.000282 |
|    n_updates       | 296824   |
---------------------------------
---------------------------------
| rollout/           |          |
|    ep_len_mean     | 224      |
|    ep_rew_mean     | 263      |
| time/              |          |
|    episodes        | 1120     |
|    fps             | 218      |
|    time_elapsed    | 1409     |
|    total_timesteps | 307752   |
| train/             |          |
|    actor_loss      | -61.6    |
|    critic_loss     | 10       |
|    ent_coef        | 0.074    |
|    ent_coef_loss   | 0.0333   |
|    learning_rate   | 0.000281 |
|    n_updates       | 297744   |
---------------------------------
---------------------------------
| rollout/           |          |
|    ep_len_mean     | 227      |
|    ep_rew_mean     | 262      |
| time/              |          |
|    episodes        | 1124     |
|    fps             | 218      |
|    time_elapsed    | 1413     |
|    total_timesteps | 308656   |
| train/             |          |
|    actor_loss      | -63.9    |
|    critic_loss     | 12.1     |
|    ent_coef        | 0.0729   |
|    ent_coef_loss   | -0.38    |
|    learning_rate   | 0.000279 |
|    n_updates       | 298648   |
---------------------------------
---------------------------------
| rollout/           |          |
|    ep_len_mean     | 227      |
|    ep_rew_mean     | 262      |
| time/              |          |
|    episodes        | 1128     |
|    fps             | 218      |
|    time_elapsed    | 1418     |
|    total_timesteps | 309792   |
| train/             |          |
|    actor_loss      | -63.5    |
|    critic_loss     | 7.37     |
|    ent_coef        | 0.0737   |
|    ent_coef_loss   | -0.115   |
|    learning_rate   | 0.000278 |
|    n_updates       | 299784   |
---------------------------------
Eval num_timesteps=310000, episode_reward=278.03 +/- 11.86
Episode length: 245.90 +/- 76.99
---------------------------------
| eval/              |          |
|    mean_ep_length  | 246      |
|    mean_reward     | 278      |
| time/              |          |
|    total_timesteps | 310000   |
| train/             |          |
|    actor_loss      | -62.5    |
|    critic_loss     | 10.8     |
|    ent_coef        | 0.0734   |
|    ent_coef_loss   | -0.0561  |
|    learning_rate   | 0.000277 |
|    n_updates       | 299992   |
---------------------------------
---------------------------------
| rollout/           |          |
|    ep_len_mean     | 228      |
|    ep_rew_mean     | 261      |
| time/              |          |
|    episodes        | 1132     |
|    fps             | 218      |
|    time_elapsed    | 1424     |
|    total_timesteps | 310968   |
| train/             |          |
|    actor_loss      | -62.4    |
|    critic_loss     | 8.28     |
|    ent_coef        | 0.0721   |
|    ent_coef_loss   | 0.225    |
|    learning_rate   | 0.000276 |
|    n_updates       | 300960   |
---------------------------------
---------------------------------
| rollout/           |          |
|    ep_len_mean     | 227      |
|    ep_rew_mean     | 258      |
| time/              |          |
|    episodes        | 1136     |
|    fps             | 218      |
|    time_elapsed    | 1427     |
|    total_timesteps | 311544   |
| train/             |          |
|    actor_loss      | -62.8    |
|    critic_loss     | 9.15     |
|    ent_coef        | 0.0712   |
|    ent_coef_loss   | 0.2      |
|    learning_rate   | 0.000275 |
|    n_updates       | 301536   |
---------------------------------
---------------------------------
| rollout/           |          |
|    ep_len_mean     | 231      |
|    ep_rew_mean     | 259      |
| time/              |          |
|    episodes        | 1140     |
|    fps             | 218      |
|    time_elapsed    | 1432     |
|    total_timesteps | 312696   |
| train/             |          |
|    actor_loss      | -63.4    |
|    critic_loss     | 9.18     |
|    ent_coef        | 0.071    |
|    ent_coef_loss   | 0.0154   |
|    learning_rate   | 0.000273 |
|    n_updates       | 302688   |
---------------------------------
---------------------------------
| rollout/           |          |
|    ep_len_mean     | 233      |
|    ep_rew_mean     | 259      |
| time/              |          |
|    episodes        | 1144     |
|    fps             | 218      |
|    time_elapsed    | 1437     |
|    total_timesteps | 313688   |
| train/             |          |
|    actor_loss      | -64.3    |
|    critic_loss     | 8.39     |
|    ent_coef        | 0.0717   |
|    ent_coef_loss   | 0.407    |
|    learning_rate   | 0.000272 |
|    n_updates       | 303680   |
---------------------------------
---------------------------------
| rollout/           |          |
|    ep_len_mean     | 226      |
|    ep_rew_mean     | 261      |
| time/              |          |
|    episodes        | 1148     |
|    fps             | 218      |
|    time_elapsed    | 1441     |
|    total_timesteps | 314616   |
| train/             |          |
|    actor_loss      | -63      |
|    critic_loss     | 12.1     |
|    ent_coef        | 0.0712   |
|    ent_coef_loss   | 0.148    |
|    learning_rate   | 0.000271 |
|    n_updates       | 304608   |
---------------------------------
---------------------------------
| rollout/           |          |
|    ep_len_mean     | 228      |
|    ep_rew_mean     | 260      |
| time/              |          |
|    episodes        | 1152     |
|    fps             | 218      |
|    time_elapsed    | 1446     |
|    total_timesteps | 315560   |
| train/             |          |
|    actor_loss      | -63      |
|    critic_loss     | 8.42     |
|    ent_coef        | 0.0728   |
|    ent_coef_loss   | -0.0128  |
|    learning_rate   | 0.000269 |
|    n_updates       | 305552   |
---------------------------------
---------------------------------
| rollout/           |          |
|    ep_len_mean     | 226      |
|    ep_rew_mean     | 260      |
| time/              |          |
|    episodes        | 1156     |
|    fps             | 218      |
|    time_elapsed    | 1451     |
|    total_timesteps | 316592   |
| train/             |          |
|    actor_loss      | -63.9    |
|    critic_loss     | 8.19     |
|    ent_coef        | 0.0701   |
|    ent_coef_loss   | -0.127   |
|    learning_rate   | 0.000268 |
|    n_updates       | 306584   |
---------------------------------
---------------------------------
| rollout/           |          |
|    ep_len_mean     | 225      |
|    ep_rew_mean     | 263      |
| time/              |          |
|    episodes        | 1160     |
|    fps             | 218      |
|    time_elapsed    | 1454     |
|    total_timesteps | 317248   |
| train/             |          |
|    actor_loss      | -64      |
|    critic_loss     | 6.27     |
|    ent_coef        | 0.072    |
|    ent_coef_loss   | -0.131   |
|    learning_rate   | 0.000267 |
|    n_updates       | 307240   |
---------------------------------
---------------------------------
| rollout/           |          |
|    ep_len_mean     | 226      |
|    ep_rew_mean     | 256      |
| time/              |          |
|    episodes        | 1164     |
|    fps             | 218      |
|    time_elapsed    | 1458     |
|    total_timesteps | 318280   |
| train/             |          |
|    actor_loss      | -62.1    |
|    critic_loss     | 5.82     |
|    ent_coef        | 0.0716   |
|    ent_coef_loss   | -0.141   |
|    learning_rate   | 0.000265 |
|    n_updates       | 308272   |
---------------------------------
---------------------------------
| rollout/           |          |
|    ep_len_mean     | 226      |
|    ep_rew_mean     | 256      |
| time/              |          |
|    episodes        | 1168     |
|    fps             | 218      |
|    time_elapsed    | 1462     |
|    total_timesteps | 318984   |
| train/             |          |
|    actor_loss      | -63.8    |
|    critic_loss     | 8.57     |
|    ent_coef        | 0.0696   |
|    ent_coef_loss   | -0.0702  |
|    learning_rate   | 0.000264 |
|    n_updates       | 308976   |
---------------------------------
---------------------------------
| rollout/           |          |
|    ep_len_mean     | 226      |
|    ep_rew_mean     | 256      |
| time/              |          |
|    episodes        | 1172     |
|    fps             | 218      |
|    time_elapsed    | 1465     |
|    total_timesteps | 319800   |
| train/             |          |
|    actor_loss      | -63.2    |
|    critic_loss     | 10.9     |
|    ent_coef        | 0.0703   |
|    ent_coef_loss   | 0.235    |
|    learning_rate   | 0.000263 |
|    n_updates       | 309792   |
---------------------------------
Eval num_timesteps=320000, episode_reward=272.48 +/- 14.87
Episode length: 233.00 +/- 52.73
---------------------------------
| eval/              |          |
|    mean_ep_length  | 233      |
|    mean_reward     | 272      |
| time/              |          |
|    total_timesteps | 320000   |
| train/             |          |
|    actor_loss      | -64.4    |
|    critic_loss     | 9.02     |
|    ent_coef        | 0.0706   |
|    ent_coef_loss   | -0.154   |
|    learning_rate   | 0.000263 |
|    n_updates       | 309992   |
---------------------------------
---------------------------------
| rollout/           |          |
|    ep_len_mean     | 224      |
|    ep_rew_mean     | 260      |
| time/              |          |
|    episodes        | 1176     |
|    fps             | 218      |
|    time_elapsed    | 1471     |
|    total_timesteps | 320904   |
| train/             |          |
|    actor_loss      | -63.4    |
|    critic_loss     | 9.55     |
|    ent_coef        | 0.0712   |
|    ent_coef_loss   | 0.0507   |
|    learning_rate   | 0.000261 |
|    n_updates       | 310896   |
---------------------------------
---------------------------------
| rollout/           |          |
|    ep_len_mean     | 224      |
|    ep_rew_mean     | 259      |
| time/              |          |
|    episodes        | 1180     |
|    fps             | 218      |
|    time_elapsed    | 1475     |
|    total_timesteps | 321728   |
| train/             |          |
|    actor_loss      | -63.3    |
|    critic_loss     | 6.13     |
|    ent_coef        | 0.0728   |
|    ent_coef_loss   | -0.007   |
|    learning_rate   | 0.00026  |
|    n_updates       | 311720   |
---------------------------------
---------------------------------
| rollout/           |          |
|    ep_len_mean     | 227      |
|    ep_rew_mean     | 259      |
| time/              |          |
|    episodes        | 1184     |
|    fps             | 218      |
|    time_elapsed    | 1479     |
|    total_timesteps | 322576   |
| train/             |          |
|    actor_loss      | -64.7    |
|    critic_loss     | 8.26     |
|    ent_coef        | 0.0719   |
|    ent_coef_loss   | -0.244   |
|    learning_rate   | 0.000259 |
|    n_updates       | 312568   |
---------------------------------
---------------------------------
| rollout/           |          |
|    ep_len_mean     | 227      |
|    ep_rew_mean     | 258      |
| time/              |          |
|    episodes        | 1188     |
|    fps             | 218      |
|    time_elapsed    | 1482     |
|    total_timesteps | 323392   |
| train/             |          |
|    actor_loss      | -63.6    |
|    critic_loss     | 5.92     |
|    ent_coef        | 0.0704   |
|    ent_coef_loss   | -0.00765 |
|    learning_rate   | 0.000258 |
|    n_updates       | 313384   |
---------------------------------
---------------------------------
| rollout/           |          |
|    ep_len_mean     | 227      |
|    ep_rew_mean     | 257      |
| time/              |          |
|    episodes        | 1192     |
|    fps             | 218      |
|    time_elapsed    | 1486     |
|    total_timesteps | 324080   |
| train/             |          |
|    actor_loss      | -63.5    |
|    critic_loss     | 10.6     |
|    ent_coef        | 0.0711   |
|    ent_coef_loss   | 0.116    |
|    learning_rate   | 0.000257 |
|    n_updates       | 314072   |
---------------------------------
---------------------------------
| rollout/           |          |
|    ep_len_mean     | 226      |
|    ep_rew_mean     | 256      |
| time/              |          |
|    episodes        | 1196     |
|    fps             | 218      |
|    time_elapsed    | 1493     |
|    total_timesteps | 325600   |
| train/             |          |
|    actor_loss      | -63.5    |
|    critic_loss     | 7.58     |
|    ent_coef        | 0.0716   |
|    ent_coef_loss   | 0.17     |
|    learning_rate   | 0.000255 |
|    n_updates       | 315592   |
---------------------------------
---------------------------------
| rollout/           |          |
|    ep_len_mean     | 229      |
|    ep_rew_mean     | 255      |
| time/              |          |
|    episodes        | 1200     |
|    fps             | 218      |
|    time_elapsed    | 1495     |
|    total_timesteps | 326120   |
| train/             |          |
|    actor_loss      | -62.7    |
|    critic_loss     | 9.45     |
|    ent_coef        | 0.0714   |
|    ent_coef_loss   | -0.289   |
|    learning_rate   | 0.000254 |
|    n_updates       | 316112   |
---------------------------------
---------------------------------
| rollout/           |          |
|    ep_len_mean     | 230      |
|    ep_rew_mean     | 256      |
| time/              |          |
|    episodes        | 1204     |
|    fps             | 218      |
|    time_elapsed    | 1500     |
|    total_timesteps | 327248   |
| train/             |          |
|    actor_loss      | -62.4    |
|    critic_loss     | 9.84     |
|    ent_coef        | 0.0721   |
|    ent_coef_loss   | -0.0945  |
|    learning_rate   | 0.000252 |
|    n_updates       | 317240   |
---------------------------------
---------------------------------
| rollout/           |          |
|    ep_len_mean     | 231      |
|    ep_rew_mean     | 255      |
| time/              |          |
|    episodes        | 1208     |
|    fps             | 218      |
|    time_elapsed    | 1503     |
|    total_timesteps | 327928   |
| train/             |          |
|    actor_loss      | -64.1    |
|    critic_loss     | 9.32     |
|    ent_coef        | 0.0726   |
|    ent_coef_loss   | -0.133   |
|    learning_rate   | 0.000251 |
|    n_updates       | 317920   |
---------------------------------
---------------------------------
| rollout/           |          |
|    ep_len_mean     | 231      |
|    ep_rew_mean     | 259      |
| time/              |          |
|    episodes        | 1212     |
|    fps             | 218      |
|    time_elapsed    | 1507     |
|    total_timesteps | 328712   |
| train/             |          |
|    actor_loss      | -61.9    |
|    critic_loss     | 6.96     |
|    ent_coef        | 0.0719   |
|    ent_coef_loss   | -0.0382  |
|    learning_rate   | 0.00025  |
|    n_updates       | 318704   |
---------------------------------
---------------------------------
| rollout/           |          |
|    ep_len_mean     | 229      |
|    ep_rew_mean     | 256      |
| time/              |          |
|    episodes        | 1216     |
|    fps             | 218      |
|    time_elapsed    | 1512     |
|    total_timesteps | 329768   |
| train/             |          |
|    actor_loss      | -62.2    |
|    critic_loss     | 9.55     |
|    ent_coef        | 0.0729   |
|    ent_coef_loss   | -0.0267  |
|    learning_rate   | 0.000249 |
|    n_updates       | 319760   |
---------------------------------
Eval num_timesteps=330000, episode_reward=267.18 +/- 19.21
Episode length: 211.50 +/- 39.32
---------------------------------
| eval/              |          |
|    mean_ep_length  | 212      |
|    mean_reward     | 267      |
| time/              |          |
|    total_timesteps | 330000   |
| train/             |          |
|    actor_loss      | -64.2    |
|    critic_loss     | 8.16     |
|    ent_coef        | 0.0724   |
|    ent_coef_loss   | -0.189   |
|    learning_rate   | 0.000248 |
|    n_updates       | 319992   |
---------------------------------
---------------------------------
| rollout/           |          |
|    ep_len_mean     | 231      |
|    ep_rew_mean     | 256      |
| time/              |          |
|    episodes        | 1220     |
|    fps             | 217      |
|    time_elapsed    | 1518     |
|    total_timesteps | 330864   |
| train/             |          |
|    actor_loss      | -63.8    |
|    critic_loss     | 11.5     |
|    ent_coef        | 0.0705   |
|    ent_coef_loss   | -0.0922  |
|    learning_rate   | 0.000247 |
|    n_updates       | 320856   |
---------------------------------
---------------------------------
| rollout/           |          |
|    ep_len_mean     | 229      |
|    ep_rew_mean     | 256      |
| time/              |          |
|    episodes        | 1224     |
|    fps             | 217      |
|    time_elapsed    | 1520     |
|    total_timesteps | 331352   |
| train/             |          |
|    actor_loss      | -63.3    |
|    critic_loss     | 7.14     |
|    ent_coef        | 0.0708   |
|    ent_coef_loss   | -0.081   |
|    learning_rate   | 0.000246 |
|    n_updates       | 321344   |
---------------------------------
---------------------------------
| rollout/           |          |
|    ep_len_mean     | 228      |
|    ep_rew_mean     | 256      |
| time/              |          |
|    episodes        | 1228     |
|    fps             | 217      |
|    time_elapsed    | 1525     |
|    total_timesteps | 332456   |
| train/             |          |
|    actor_loss      | -63.2    |
|    critic_loss     | 6.77     |
|    ent_coef        | 0.07     |
|    ent_coef_loss   | -0.0868  |
|    learning_rate   | 0.000245 |
|    n_updates       | 322448   |
---------------------------------
---------------------------------
| rollout/           |          |
|    ep_len_mean     | 228      |
|    ep_rew_mean     | 256      |
| time/              |          |
|    episodes        | 1232     |
|    fps             | 217      |
|    time_elapsed    | 1529     |
|    total_timesteps | 333184   |
| train/             |          |
|    actor_loss      | -62.6    |
|    critic_loss     | 5.98     |
|    ent_coef        | 0.0705   |
|    ent_coef_loss   | 0.0897   |
|    learning_rate   | 0.000244 |
|    n_updates       | 323176   |
---------------------------------
---------------------------------
| rollout/           |          |
|    ep_len_mean     | 228      |
|    ep_rew_mean     | 259      |
| time/              |          |
|    episodes        | 1236     |
|    fps             | 217      |
|    time_elapsed    | 1532     |
|    total_timesteps | 334024   |
| train/             |          |
|    actor_loss      | -62.8    |
|    critic_loss     | 10       |
|    ent_coef        | 0.0705   |
|    ent_coef_loss   | 0.0482   |
|    learning_rate   | 0.000242 |
|    n_updates       | 324016   |
---------------------------------
---------------------------------
| rollout/           |          |
|    ep_len_mean     | 225      |
|    ep_rew_mean     | 259      |
| time/              |          |
|    episodes        | 1240     |
|    fps             | 217      |
|    time_elapsed    | 1537     |
|    total_timesteps | 335096   |
| train/             |          |
|    actor_loss      | -62.5    |
|    critic_loss     | 6.4      |
|    ent_coef        | 0.0699   |
|    ent_coef_loss   | -0.289   |
|    learning_rate   | 0.000241 |
|    n_updates       | 325088   |
---------------------------------
---------------------------------
| rollout/           |          |
|    ep_len_mean     | 222      |
|    ep_rew_mean     | 259      |
| time/              |          |
|    episodes        | 1244     |
|    fps             | 217      |
|    time_elapsed    | 1542     |
|    total_timesteps | 336008   |
| train/             |          |
|    actor_loss      | -63.9    |
|    critic_loss     | 9.58     |
|    ent_coef        | 0.0714   |
|    ent_coef_loss   | -0.0327  |
|    learning_rate   | 0.000239 |
|    n_updates       | 326000   |
---------------------------------
---------------------------------
| rollout/           |          |
|    ep_len_mean     | 223      |
|    ep_rew_mean     | 258      |
| time/              |          |
|    episodes        | 1248     |
|    fps             | 217      |
|    time_elapsed    | 1546     |
|    total_timesteps | 336984   |
| train/             |          |
|    actor_loss      | -62.8    |
|    critic_loss     | 10.6     |
|    ent_coef        | 0.0701   |
|    ent_coef_loss   | -0.0749  |
|    learning_rate   | 0.000238 |
|    n_updates       | 326976   |
---------------------------------
---------------------------------
| rollout/           |          |
|    ep_len_mean     | 222      |
|    ep_rew_mean     | 258      |
| time/              |          |
|    episodes        | 1252     |
|    fps             | 217      |
|    time_elapsed    | 1549     |
|    total_timesteps | 337672   |
| train/             |          |
|    actor_loss      | -63.9    |
|    critic_loss     | 11.6     |
|    ent_coef        | 0.071    |
|    ent_coef_loss   | -0.0961  |
|    learning_rate   | 0.000237 |
|    n_updates       | 327664   |
---------------------------------
---------------------------------
| rollout/           |          |
|    ep_len_mean     | 222      |
|    ep_rew_mean     | 258      |
| time/              |          |
|    episodes        | 1256     |
|    fps             | 217      |
|    time_elapsed    | 1553     |
|    total_timesteps | 338536   |
| train/             |          |
|    actor_loss      | -63.4    |
|    critic_loss     | 11.3     |
|    ent_coef        | 0.0708   |
|    ent_coef_loss   | 0.0796   |
|    learning_rate   | 0.000236 |
|    n_updates       | 328528   |
---------------------------------
---------------------------------
| rollout/           |          |
|    ep_len_mean     | 222      |
|    ep_rew_mean     | 259      |
| time/              |          |
|    episodes        | 1260     |
|    fps             | 217      |
|    time_elapsed    | 1557     |
|    total_timesteps | 339480   |
| train/             |          |
|    actor_loss      | -63.1    |
|    critic_loss     | 10.6     |
|    ent_coef        | 0.0698   |
|    ent_coef_loss   | -0.0804  |
|    learning_rate   | 0.000234 |
|    n_updates       | 329472   |
---------------------------------
Eval num_timesteps=340000, episode_reward=224.84 +/- 145.92
Episode length: 233.20 +/- 60.73
---------------------------------
| eval/              |          |
|    mean_ep_length  | 233      |
|    mean_reward     | 225      |
| time/              |          |
|    total_timesteps | 340000   |
| train/             |          |
|    actor_loss      | -63.1    |
|    critic_loss     | 8.11     |
|    ent_coef        | 0.0702   |
|    ent_coef_loss   | 0.143    |
|    learning_rate   | 0.000234 |
|    n_updates       | 329992   |
---------------------------------
---------------------------------
| rollout/           |          |
|    ep_len_mean     | 222      |
|    ep_rew_mean     | 267      |
| time/              |          |
|    episodes        | 1264     |
|    fps             | 217      |
|    time_elapsed    | 1563     |
|    total_timesteps | 340664   |
| train/             |          |
|    actor_loss      | -63.7    |
|    critic_loss     | 9.54     |
|    ent_coef        | 0.0689   |
|    ent_coef_loss   | -0.123   |
|    learning_rate   | 0.000233 |
|    n_updates       | 330656   |
---------------------------------
---------------------------------
| rollout/           |          |
|    ep_len_mean     | 224      |
|    ep_rew_mean     | 267      |
| time/              |          |
|    episodes        | 1268     |
|    fps             | 217      |
|    time_elapsed    | 1571     |
|    total_timesteps | 342360   |
| train/             |          |
|    actor_loss      | -64.2    |
|    critic_loss     | 7.34     |
|    ent_coef        | 0.0706   |
|    ent_coef_loss   | -0.0884  |
|    learning_rate   | 0.00023  |
|    n_updates       | 332352   |
---------------------------------
---------------------------------
| rollout/           |          |
|    ep_len_mean     | 224      |
|    ep_rew_mean     | 267      |
| time/              |          |
|    episodes        | 1272     |
|    fps             | 217      |
|    time_elapsed    | 1572     |
|    total_timesteps | 342760   |
| train/             |          |
|    actor_loss      | -63.1    |
|    critic_loss     | 5.96     |
|    ent_coef        | 0.0697   |
|    ent_coef_loss   | 0.165    |
|    learning_rate   | 0.00023  |
|    n_updates       | 332752   |
---------------------------------
---------------------------------
| rollout/           |          |
|    ep_len_mean     | 231      |
|    ep_rew_mean     | 259      |
| time/              |          |
|    episodes        | 1276     |
|    fps             | 217      |
|    time_elapsed    | 1577     |
|    total_timesteps | 343888   |
| train/             |          |
|    actor_loss      | -63.2    |
|    critic_loss     | 8.37     |
|    ent_coef        | 0.0691   |
|    ent_coef_loss   | -0.157   |
|    learning_rate   | 0.000228 |
|    n_updates       | 333880   |
---------------------------------
---------------------------------
| rollout/           |          |
|    ep_len_mean     | 231      |
|    ep_rew_mean     | 260      |
| time/              |          |
|    episodes        | 1280     |
|    fps             | 217      |
|    time_elapsed    | 1580     |
|    total_timesteps | 344440   |
| train/             |          |
|    actor_loss      | -62.9    |
|    critic_loss     | 11.2     |
|    ent_coef        | 0.0701   |
|    ent_coef_loss   | 0.135    |
|    learning_rate   | 0.000227 |
|    n_updates       | 334432   |
---------------------------------
---------------------------------
| rollout/           |          |
|    ep_len_mean     | 227      |
|    ep_rew_mean     | 259      |
| time/              |          |
|    episodes        | 1284     |
|    fps             | 218      |
|    time_elapsed    | 1585     |
|    total_timesteps | 345640   |
| train/             |          |
|    actor_loss      | -63.3    |
|    critic_loss     | 9.6      |
|    ent_coef        | 0.0693   |
|    ent_coef_loss   | 0.246    |
|    learning_rate   | 0.000225 |
|    n_updates       | 335632   |
---------------------------------
---------------------------------
| rollout/           |          |
|    ep_len_mean     | 227      |
|    ep_rew_mean     | 259      |
| time/              |          |
|    episodes        | 1288     |
|    fps             | 218      |
|    time_elapsed    | 1587     |
|    total_timesteps | 346232   |
| train/             |          |
|    actor_loss      | -63.9    |
|    critic_loss     | 9.61     |
|    ent_coef        | 0.0692   |
|    ent_coef_loss   | -0.101   |
|    learning_rate   | 0.000225 |
|    n_updates       | 336224   |
---------------------------------
---------------------------------
| rollout/           |          |
|    ep_len_mean     | 227      |
|    ep_rew_mean     | 259      |
| time/              |          |
|    episodes        | 1292     |
|    fps             | 218      |
|    time_elapsed    | 1591     |
|    total_timesteps | 347080   |
| train/             |          |
|    actor_loss      | -63.4    |
|    critic_loss     | 9.19     |
|    ent_coef        | 0.0688   |
|    ent_coef_loss   | -0.144   |
|    learning_rate   | 0.000223 |
|    n_updates       | 337072   |
---------------------------------
---------------------------------
| rollout/           |          |
|    ep_len_mean     | 228      |
|    ep_rew_mean     | 260      |
| time/              |          |
|    episodes        | 1296     |
|    fps             | 218      |
|    time_elapsed    | 1595     |
|    total_timesteps | 347904   |
| train/             |          |
|    actor_loss      | -61.9    |
|    critic_loss     | 9.32     |
|    ent_coef        | 0.0689   |
|    ent_coef_loss   | 0.21     |
|    learning_rate   | 0.000222 |
|    n_updates       | 337896   |
---------------------------------
---------------------------------
| rollout/           |          |
|    ep_len_mean     | 226      |
|    ep_rew_mean     | 261      |
| time/              |          |
|    episodes        | 1300     |
|    fps             | 218      |
|    time_elapsed    | 1597     |
|    total_timesteps | 348568   |
| train/             |          |
|    actor_loss      | -63.4    |
|    critic_loss     | 6.38     |
|    ent_coef        | 0.07     |
|    ent_coef_loss   | -0.239   |
|    learning_rate   | 0.000221 |
|    n_updates       | 338560   |
---------------------------------
---------------------------------
| rollout/           |          |
|    ep_len_mean     | 225      |
|    ep_rew_mean     | 261      |
| time/              |          |
|    episodes        | 1304     |
|    fps             | 218      |
|    time_elapsed    | 1603     |
|    total_timesteps | 349920   |
| train/             |          |
|    actor_loss      | -63.9    |
|    critic_loss     | 8.13     |
|    ent_coef        | 0.0702   |
|    ent_coef_loss   | 0.142    |
|    learning_rate   | 0.000219 |
|    n_updates       | 339912   |
---------------------------------
Eval num_timesteps=350000, episode_reward=263.77 +/- 15.52
Episode length: 220.80 +/- 41.59
---------------------------------
| eval/              |          |
|    mean_ep_length  | 221      |
|    mean_reward     | 264      |
| time/              |          |
|    total_timesteps | 350000   |
| train/             |          |
|    actor_loss      | -63.6    |
|    critic_loss     | 6.54     |
|    ent_coef        | 0.0706   |
|    ent_coef_loss   | -0.0571  |
|    learning_rate   | 0.000219 |
|    n_updates       | 339992   |
---------------------------------
---------------------------------
| rollout/           |          |
|    ep_len_mean     | 225      |
|    ep_rew_mean     | 260      |
| time/              |          |
|    episodes        | 1308     |
|    fps             | 218      |
|    time_elapsed    | 1606     |
|    total_timesteps | 350288   |
| train/             |          |
|    actor_loss      | -64.5    |
|    critic_loss     | 6.97     |
|    ent_coef        | 0.0706   |
|    ent_coef_loss   | -0.213   |
|    learning_rate   | 0.000219 |
|    n_updates       | 340280   |
---------------------------------
---------------------------------
| rollout/           |          |
|    ep_len_mean     | 227      |
|    ep_rew_mean     | 260      |
| time/              |          |
|    episodes        | 1312     |
|    fps             | 218      |
|    time_elapsed    | 1611     |
|    total_timesteps | 351552   |
| train/             |          |
|    actor_loss      | -64.1    |
|    critic_loss     | 7.01     |
|    ent_coef        | 0.069    |
|    ent_coef_loss   | -0.0981  |
|    learning_rate   | 0.000217 |
|    n_updates       | 341544   |
---------------------------------
---------------------------------
| rollout/           |          |
|    ep_len_mean     | 228      |
|    ep_rew_mean     | 263      |
| time/              |          |
|    episodes        | 1316     |
|    fps             | 218      |
|    time_elapsed    | 1617     |
|    total_timesteps | 352736   |
| train/             |          |
|    actor_loss      | -64.3    |
|    critic_loss     | 9.39     |
|    ent_coef        | 0.0694   |
|    ent_coef_loss   | -0.168   |
|    learning_rate   | 0.000215 |
|    n_updates       | 342728   |
---------------------------------
---------------------------------
| rollout/           |          |
|    ep_len_mean     | 226      |
|    ep_rew_mean     | 264      |
| time/              |          |
|    episodes        | 1320     |
|    fps             | 218      |
|    time_elapsed    | 1620     |
|    total_timesteps | 353536   |
| train/             |          |
|    actor_loss      | -64.6    |
|    critic_loss     | 8.77     |
|    ent_coef        | 0.0688   |
|    ent_coef_loss   | 0.179    |
|    learning_rate   | 0.000214 |
|    n_updates       | 343528   |
---------------------------------
---------------------------------
| rollout/           |          |
|    ep_len_mean     | 224      |
|    ep_rew_mean     | 263      |
| time/              |          |
|    episodes        | 1324     |
|    fps             | 218      |
|    time_elapsed    | 1624     |
|    total_timesteps | 354328   |
| train/             |          |
|    actor_loss      | -64.9    |
|    critic_loss     | 8.27     |
|    ent_coef        | 0.0685   |
|    ent_coef_loss   | 0.0339   |
|    learning_rate   | 0.000213 |
|    n_updates       | 344320   |
---------------------------------
---------------------------------
| rollout/           |          |
|    ep_len_mean     | 228      |
|    ep_rew_mean     | 263      |
| time/              |          |
|    episodes        | 1328     |
|    fps             | 218      |
|    time_elapsed    | 1628     |
|    total_timesteps | 355304   |
| train/             |          |
|    actor_loss      | -64.1    |
|    critic_loss     | 6.55     |
|    ent_coef        | 0.0687   |
|    ent_coef_loss   | 0.0385   |
|    learning_rate   | 0.000211 |
|    n_updates       | 345296   |
---------------------------------
---------------------------------
| rollout/           |          |
|    ep_len_mean     | 228      |
|    ep_rew_mean     | 263      |
| time/              |          |
|    episodes        | 1332     |
|    fps             | 218      |
|    time_elapsed    | 1632     |
|    total_timesteps | 356184   |
| train/             |          |
|    actor_loss      | -62.5    |
|    critic_loss     | 11.6     |
|    ent_coef        | 0.068    |
|    ent_coef_loss   | 0.245    |
|    learning_rate   | 0.00021  |
|    n_updates       | 346176   |
---------------------------------
---------------------------------
| rollout/           |          |
|    ep_len_mean     | 228      |
|    ep_rew_mean     | 263      |
| time/              |          |
|    episodes        | 1336     |
|    fps             | 218      |
|    time_elapsed    | 1637     |
|    total_timesteps | 357264   |
| train/             |          |
|    actor_loss      | -63.7    |
|    critic_loss     | 7.28     |
|    ent_coef        | 0.0702   |
|    ent_coef_loss   | 0.113    |
|    learning_rate   | 0.000208 |
|    n_updates       | 347256   |
---------------------------------
---------------------------------
| rollout/           |          |
|    ep_len_mean     | 227      |
|    ep_rew_mean     | 264      |
| time/              |          |
|    episodes        | 1340     |
|    fps             | 218      |
|    time_elapsed    | 1640     |
|    total_timesteps | 357856   |
| train/             |          |
|    actor_loss      | -62.4    |
|    critic_loss     | 7.84     |
|    ent_coef        | 0.0717   |
|    ent_coef_loss   | 0.216    |
|    learning_rate   | 0.000208 |
|    n_updates       | 347848   |
---------------------------------
---------------------------------
| rollout/           |          |
|    ep_len_mean     | 227      |
|    ep_rew_mean     | 264      |
| time/              |          |
|    episodes        | 1344     |
|    fps             | 218      |
|    time_elapsed    | 1647     |
|    total_timesteps | 359528   |
| train/             |          |
|    actor_loss      | -63.6    |
|    critic_loss     | 7.1      |
|    ent_coef        | 0.0712   |
|    ent_coef_loss   | -0.0209  |
|    learning_rate   | 0.000205 |
|    n_updates       | 349520   |
---------------------------------
Eval num_timesteps=360000, episode_reward=268.37 +/- 13.48
Episode length: 230.60 +/- 56.80
---------------------------------
| eval/              |          |
|    mean_ep_length  | 231      |
|    mean_reward     | 268      |
| time/              |          |
|    total_timesteps | 360000   |
| train/             |          |
|    actor_loss      | -64      |
|    critic_loss     | 10.2     |
|    ent_coef        | 0.0716   |
|    ent_coef_loss   | -0.289   |
|    learning_rate   | 0.000204 |
|    n_updates       | 349992   |
---------------------------------
---------------------------------
| rollout/           |          |
|    ep_len_mean     | 233      |
|    ep_rew_mean     | 261      |
| time/              |          |
|    episodes        | 1348     |
|    fps             | 218      |
|    time_elapsed    | 1651     |
|    total_timesteps | 360072   |
| train/             |          |
|    actor_loss      | -64.1    |
|    critic_loss     | 7.79     |
|    ent_coef        | 0.0714   |
|    ent_coef_loss   | 0.133    |
|    learning_rate   | 0.000204 |
|    n_updates       | 350064   |
---------------------------------
---------------------------------
| rollout/           |          |
|    ep_len_mean     | 233      |
|    ep_rew_mean     | 261      |
| time/              |          |
|    episodes        | 1352     |
|    fps             | 218      |
|    time_elapsed    | 1655     |
|    total_timesteps | 360976   |
| train/             |          |
|    actor_loss      | -64.2    |
|    critic_loss     | 7.8      |
|    ent_coef        | 0.0694   |
|    ent_coef_loss   | -0.23    |
|    learning_rate   | 0.000203 |
|    n_updates       | 350968   |
---------------------------------
---------------------------------
| rollout/           |          |
|    ep_len_mean     | 231      |
|    ep_rew_mean     | 260      |
| time/              |          |
|    episodes        | 1356     |
|    fps             | 218      |
|    time_elapsed    | 1658     |
|    total_timesteps | 361696   |
| train/             |          |
|    actor_loss      | -64.1    |
|    critic_loss     | 8.17     |
|    ent_coef        | 0.0685   |
|    ent_coef_loss   | 0.188    |
|    learning_rate   | 0.000202 |
|    n_updates       | 351688   |
---------------------------------
---------------------------------
| rollout/           |          |
|    ep_len_mean     | 232      |
|    ep_rew_mean     | 260      |
| time/              |          |
|    episodes        | 1360     |
|    fps             | 218      |
|    time_elapsed    | 1663     |
|    total_timesteps | 362784   |
| train/             |          |
|    actor_loss      | -64.8    |
|    critic_loss     | 6.23     |
|    ent_coef        | 0.0683   |
|    ent_coef_loss   | -0.0996  |
|    learning_rate   | 0.0002   |
|    n_updates       | 352776   |
---------------------------------
---------------------------------
| rollout/           |          |
|    ep_len_mean     | 232      |
|    ep_rew_mean     | 260      |
| time/              |          |
|    episodes        | 1364     |
|    fps             | 218      |
|    time_elapsed    | 1669     |
|    total_timesteps | 364088   |
| train/             |          |
|    actor_loss      | -63.6    |
|    critic_loss     | 6.29     |
|    ent_coef        | 0.0698   |
|    ent_coef_loss   | -0.0962  |
|    learning_rate   | 0.000198 |
|    n_updates       | 354080   |
---------------------------------
---------------------------------
| rollout/           |          |
|    ep_len_mean     | 232      |
|    ep_rew_mean     | 260      |
| time/              |          |
|    episodes        | 1368     |
|    fps             | 218      |
|    time_elapsed    | 1672     |
|    total_timesteps | 364744   |
| train/             |          |
|    actor_loss      | -65.4    |
|    critic_loss     | 7.64     |
|    ent_coef        | 0.0698   |
|    ent_coef_loss   | 0.119    |
|    learning_rate   | 0.000197 |
|    n_updates       | 354736   |
---------------------------------
---------------------------------
| rollout/           |          |
|    ep_len_mean     | 233      |
|    ep_rew_mean     | 260      |
| time/              |          |
|    episodes        | 1372     |
|    fps             | 218      |
|    time_elapsed    | 1677     |
|    total_timesteps | 365792   |
| train/             |          |
|    actor_loss      | -65      |
|    critic_loss     | 5.57     |
|    ent_coef        | 0.0687   |
|    ent_coef_loss   | -0.0984  |
|    learning_rate   | 0.000196 |
|    n_updates       | 355784   |
---------------------------------
---------------------------------
| rollout/           |          |
|    ep_len_mean     | 227      |
|    ep_rew_mean     | 262      |
| time/              |          |
|    episodes        | 1376     |
|    fps             | 218      |
|    time_elapsed    | 1680     |
|    total_timesteps | 366352   |
| train/             |          |
|    actor_loss      | -65      |
|    critic_loss     | 8.19     |
|    ent_coef        | 0.0691   |
|    ent_coef_loss   | -0.0373  |
|    learning_rate   | 0.000195 |
|    n_updates       | 356344   |
---------------------------------
---------------------------------
| rollout/           |          |
|    ep_len_mean     | 227      |
|    ep_rew_mean     | 262      |
| time/              |          |
|    episodes        | 1380     |
|    fps             | 218      |
|    time_elapsed    | 1685     |
|    total_timesteps | 367576   |
| train/             |          |
|    actor_loss      | -65.7    |
|    critic_loss     | 8.07     |
|    ent_coef        | 0.0689   |
|    ent_coef_loss   | -0.101   |
|    learning_rate   | 0.000193 |
|    n_updates       | 357568   |
---------------------------------
---------------------------------
| rollout/           |          |
|    ep_len_mean     | 226      |
|    ep_rew_mean     | 263      |
| time/              |          |
|    episodes        | 1384     |
|    fps             | 218      |
|    time_elapsed    | 1686     |
|    total_timesteps | 367848   |
| train/             |          |
|    actor_loss      | -65.6    |
|    critic_loss     | 8.73     |
|    ent_coef        | 0.0687   |
|    ent_coef_loss   | 0.00485  |
|    learning_rate   | 0.000193 |
|    n_updates       | 357840   |
---------------------------------
---------------------------------
| rollout/           |          |
|    ep_len_mean     | 228      |
|    ep_rew_mean     | 262      |
| time/              |          |
|    episodes        | 1388     |
|    fps             | 218      |
|    time_elapsed    | 1692     |
|    total_timesteps | 369080   |
| train/             |          |
|    actor_loss      | -64.8    |
|    critic_loss     | 9.72     |
|    ent_coef        | 0.0693   |
|    ent_coef_loss   | 0.0287   |
|    learning_rate   | 0.000191 |
|    n_updates       | 359072   |
---------------------------------
---------------------------------
| rollout/           |          |
|    ep_len_mean     | 228      |
|    ep_rew_mean     | 262      |
| time/              |          |
|    episodes        | 1392     |
|    fps             | 218      |
|    time_elapsed    | 1694     |
|    total_timesteps | 369608   |
| train/             |          |
|    actor_loss      | -64      |
|    critic_loss     | 9.81     |
|    ent_coef        | 0.069    |
|    ent_coef_loss   | 0.21     |
|    learning_rate   | 0.00019  |
|    n_updates       | 359600   |
---------------------------------
Eval num_timesteps=370000, episode_reward=272.37 +/- 11.65
Episode length: 254.40 +/- 95.26
---------------------------------
| eval/              |          |
|    mean_ep_length  | 254      |
|    mean_reward     | 272      |
| time/              |          |
|    total_timesteps | 370000   |
| train/             |          |
|    actor_loss      | -65.9    |
|    critic_loss     | 5.65     |
|    ent_coef        | 0.0688   |
|    ent_coef_loss   | -0.136   |
|    learning_rate   | 0.00019  |
|    n_updates       | 359992   |
---------------------------------
---------------------------------
| rollout/           |          |
|    ep_len_mean     | 226      |
|    ep_rew_mean     | 262      |
| time/              |          |
|    episodes        | 1396     |
|    fps             | 218      |
|    time_elapsed    | 1700     |
|    total_timesteps | 370688   |
| train/             |          |
|    actor_loss      | -64      |
|    critic_loss     | 10.8     |
|    ent_coef        | 0.0683   |
|    ent_coef_loss   | 0.467    |
|    learning_rate   | 0.000189 |
|    n_updates       | 360680   |
---------------------------------
---------------------------------
| rollout/           |          |
|    ep_len_mean     | 227      |
|    ep_rew_mean     | 262      |
| time/              |          |
|    episodes        | 1400     |
|    fps             | 218      |
|    time_elapsed    | 1702     |
|    total_timesteps | 371256   |
| train/             |          |
|    actor_loss      | -64.9    |
|    critic_loss     | 7.56     |
|    ent_coef        | 0.0701   |
|    ent_coef_loss   | 0.258    |
|    learning_rate   | 0.000188 |
|    n_updates       | 361248   |
---------------------------------
---------------------------------
| rollout/           |          |
|    ep_len_mean     | 226      |
|    ep_rew_mean     | 262      |
| time/              |          |
|    episodes        | 1404     |
|    fps             | 218      |
|    time_elapsed    | 1706     |
|    total_timesteps | 372152   |
| train/             |          |
|    actor_loss      | -64.7    |
|    critic_loss     | 11.1     |
|    ent_coef        | 0.0696   |
|    ent_coef_loss   | 0.262    |
|    learning_rate   | 0.000187 |
|    n_updates       | 362144   |
---------------------------------
---------------------------------
| rollout/           |          |
|    ep_len_mean     | 225      |
|    ep_rew_mean     | 261      |
| time/              |          |
|    episodes        | 1408     |
|    fps             | 218      |
|    time_elapsed    | 1710     |
|    total_timesteps | 372904   |
| train/             |          |
|    actor_loss      | -65.4    |
|    critic_loss     | 9.86     |
|    ent_coef        | 0.0694   |
|    ent_coef_loss   | -0.0826  |
|    learning_rate   | 0.000186 |
|    n_updates       | 362896   |
---------------------------------
---------------------------------
| rollout/           |          |
|    ep_len_mean     | 223      |
|    ep_rew_mean     | 261      |
| time/              |          |
|    episodes        | 1412     |
|    fps             | 218      |
|    time_elapsed    | 1713     |
|    total_timesteps | 373648   |
| train/             |          |
|    actor_loss      | -65.1    |
|    critic_loss     | 7.25     |
|    ent_coef        | 0.0688   |
|    ent_coef_loss   | -0.00637 |
|    learning_rate   | 0.000184 |
|    n_updates       | 363640   |
---------------------------------
---------------------------------
| rollout/           |          |
|    ep_len_mean     | 222      |
|    ep_rew_mean     | 261      |
| time/              |          |
|    episodes        | 1416     |
|    fps             | 218      |
|    time_elapsed    | 1718     |
|    total_timesteps | 374752   |
| train/             |          |
|    actor_loss      | -65      |
|    critic_loss     | 7.34     |
|    ent_coef        | 0.0682   |
|    ent_coef_loss   | 0.169    |
|    learning_rate   | 0.000183 |
|    n_updates       | 364744   |
---------------------------------
---------------------------------
| rollout/           |          |
|    ep_len_mean     | 222      |
|    ep_rew_mean     | 261      |
| time/              |          |
|    episodes        | 1420     |
|    fps             | 218      |
|    time_elapsed    | 1720     |
|    total_timesteps | 375224   |
| train/             |          |
|    actor_loss      | -64.8    |
|    critic_loss     | 9.28     |
|    ent_coef        | 0.0679   |
|    ent_coef_loss   | 0.361    |
|    learning_rate   | 0.000182 |
|    n_updates       | 365216   |
---------------------------------
---------------------------------
| rollout/           |          |
|    ep_len_mean     | 221      |
|    ep_rew_mean     | 261      |
| time/              |          |
|    episodes        | 1424     |
|    fps             | 218      |
|    time_elapsed    | 1726     |
|    total_timesteps | 376424   |
| train/             |          |
|    actor_loss      | -65.1    |
|    critic_loss     | 5.87     |
|    ent_coef        | 0.0687   |
|    ent_coef_loss   | -0.128   |
|    learning_rate   | 0.00018  |
|    n_updates       | 366416   |
---------------------------------
---------------------------------
| rollout/           |          |
|    ep_len_mean     | 218      |
|    ep_rew_mean     | 260      |
| time/              |          |
|    episodes        | 1428     |
|    fps             | 218      |
|    time_elapsed    | 1728     |
|    total_timesteps | 376912   |
| train/             |          |
|    actor_loss      | -64.6    |
|    critic_loss     | 11.1     |
|    ent_coef        | 0.0675   |
|    ent_coef_loss   | -0.0707  |
|    learning_rate   | 0.00018  |
|    n_updates       | 366904   |
---------------------------------
---------------------------------
| rollout/           |          |
|    ep_len_mean     | 218      |
|    ep_rew_mean     | 260      |
| time/              |          |
|    episodes        | 1432     |
|    fps             | 218      |
|    time_elapsed    | 1733     |
|    total_timesteps | 378056   |
| train/             |          |
|    actor_loss      | -65.1    |
|    critic_loss     | 15.7     |
|    ent_coef        | 0.0682   |
|    ent_coef_loss   | -0.0627  |
|    learning_rate   | 0.000178 |
|    n_updates       | 368048   |
---------------------------------
---------------------------------
| rollout/           |          |
|    ep_len_mean     | 217      |
|    ep_rew_mean     | 260      |
| time/              |          |
|    episodes        | 1436     |
|    fps             | 218      |
|    time_elapsed    | 1735     |
|    total_timesteps | 378376   |
| train/             |          |
|    actor_loss      | -64.9    |
|    critic_loss     | 8.14     |
|    ent_coef        | 0.0683   |
|    ent_coef_loss   | -0.0804  |
|    learning_rate   | 0.000178 |
|    n_updates       | 368368   |
---------------------------------
---------------------------------
| rollout/           |          |
|    ep_len_mean     | 217      |
|    ep_rew_mean     | 259      |
| time/              |          |
|    episodes        | 1440     |
|    fps             | 218      |
|    time_elapsed    | 1740     |
|    total_timesteps | 379576   |
| train/             |          |
|    actor_loss      | -64.7    |
|    critic_loss     | 12.2     |
|    ent_coef        | 0.0693   |
|    ent_coef_loss   | -0.112   |
|    learning_rate   | 0.000176 |
|    n_updates       | 369568   |
---------------------------------
Eval num_timesteps=380000, episode_reward=267.69 +/- 21.14
Episode length: 244.80 +/- 58.76
---------------------------------
| eval/              |          |
|    mean_ep_length  | 245      |
|    mean_reward     | 268      |
| time/              |          |
|    total_timesteps | 380000   |
| train/             |          |
|    actor_loss      | -66      |
|    critic_loss     | 6.36     |
|    ent_coef        | 0.07     |
|    ent_coef_loss   | -0.245   |
|    learning_rate   | 0.000175 |
|    n_updates       | 369992   |
---------------------------------
---------------------------------
| rollout/           |          |
|    ep_len_mean     | 217      |
|    ep_rew_mean     | 260      |
| time/              |          |
|    episodes        | 1444     |
|    fps             | 217      |
|    time_elapsed    | 1744     |
|    total_timesteps | 380232   |
| train/             |          |
|    actor_loss      | -65.7    |
|    critic_loss     | 9.74     |
|    ent_coef        | 0.0696   |
|    ent_coef_loss   | -0.219   |
|    learning_rate   | 0.000175 |
|    n_updates       | 370224   |
---------------------------------
---------------------------------
| rollout/           |          |
|    ep_len_mean     | 210      |
|    ep_rew_mean     | 263      |
| time/              |          |
|    episodes        | 1448     |
|    fps             | 217      |
|    time_elapsed    | 1749     |
|    total_timesteps | 381368   |
| train/             |          |
|    actor_loss      | -65.8    |
|    critic_loss     | 6.94     |
|    ent_coef        | 0.0688   |
|    ent_coef_loss   | 0.0326   |
|    learning_rate   | 0.000173 |
|    n_updates       | 371360   |
---------------------------------
---------------------------------
| rollout/           |          |
|    ep_len_mean     | 212      |
|    ep_rew_mean     | 263      |
| time/              |          |
|    episodes        | 1452     |
|    fps             | 217      |
|    time_elapsed    | 1754     |
|    total_timesteps | 382448   |
| train/             |          |
|    actor_loss      | -65.3    |
|    critic_loss     | 7.94     |
|    ent_coef        | 0.0686   |
|    ent_coef_loss   | -0.276   |
|    learning_rate   | 0.000172 |
|    n_updates       | 372440   |
---------------------------------
---------------------------------
| rollout/           |          |
|    ep_len_mean     | 213      |
|    ep_rew_mean     | 263      |
| time/              |          |
|    episodes        | 1456     |
|    fps             | 217      |
|    time_elapsed    | 1756     |
|    total_timesteps | 382848   |
| train/             |          |
|    actor_loss      | -65      |
|    critic_loss     | 3.95     |
|    ent_coef        | 0.0688   |
|    ent_coef_loss   | -0.259   |
|    learning_rate   | 0.000171 |
|    n_updates       | 372840   |
---------------------------------
---------------------------------
| rollout/           |          |
|    ep_len_mean     | 214      |
|    ep_rew_mean     | 263      |
| time/              |          |
|    episodes        | 1460     |
|    fps             | 217      |
|    time_elapsed    | 1762     |
|    total_timesteps | 384104   |
| train/             |          |
|    actor_loss      | -66.1    |
|    critic_loss     | 9.77     |
|    ent_coef        | 0.0687   |
|    ent_coef_loss   | -0.067   |
|    learning_rate   | 0.000169 |
|    n_updates       | 374096   |
---------------------------------
---------------------------------
| rollout/           |          |
|    ep_len_mean     | 213      |
|    ep_rew_mean     | 262      |
| time/              |          |
|    episodes        | 1464     |
|    fps             | 217      |
|    time_elapsed    | 1764     |
|    total_timesteps | 384504   |
| train/             |          |
|    actor_loss      | -65.1    |
|    critic_loss     | 8.4      |
|    ent_coef        | 0.0686   |
|    ent_coef_loss   | 0.0882   |
|    learning_rate   | 0.000169 |
|    n_updates       | 374496   |
---------------------------------
---------------------------------
| rollout/           |          |
|    ep_len_mean     | 211      |
|    ep_rew_mean     | 262      |
| time/              |          |
|    episodes        | 1468     |
|    fps             | 217      |
|    time_elapsed    | 1768     |
|    total_timesteps | 385520   |
| train/             |          |
|    actor_loss      | -65.5    |
|    critic_loss     | 6.86     |
|    ent_coef        | 0.0687   |
|    ent_coef_loss   | 0.147    |
|    learning_rate   | 0.000167 |
|    n_updates       | 375512   |
---------------------------------
---------------------------------
| rollout/           |          |
|    ep_len_mean     | 209      |
|    ep_rew_mean     | 262      |
| time/              |          |
|    episodes        | 1472     |
|    fps             | 217      |
|    time_elapsed    | 1773     |
|    total_timesteps | 386520   |
| train/             |          |
|    actor_loss      | -64.6    |
|    critic_loss     | 10.6     |
|    ent_coef        | 0.0684   |
|    ent_coef_loss   | -0.0506  |
|    learning_rate   | 0.000166 |
|    n_updates       | 376512   |
---------------------------------
---------------------------------
| rollout/           |          |
|    ep_len_mean     | 208      |
|    ep_rew_mean     | 266      |
| time/              |          |
|    episodes        | 1476     |
|    fps             | 217      |
|    time_elapsed    | 1777     |
|    total_timesteps | 387392   |
| train/             |          |
|    actor_loss      | -64.8    |
|    critic_loss     | 9.59     |
|    ent_coef        | 0.0693   |
|    ent_coef_loss   | 0.105    |
|    learning_rate   | 0.000164 |
|    n_updates       | 377384   |
---------------------------------
---------------------------------
| rollout/           |          |
|    ep_len_mean     | 209      |
|    ep_rew_mean     | 266      |
| time/              |          |
|    episodes        | 1480     |
|    fps             | 217      |
|    time_elapsed    | 1780     |
|    total_timesteps | 387984   |
| train/             |          |
|    actor_loss      | -65.9    |
|    critic_loss     | 6.89     |
|    ent_coef        | 0.0684   |
|    ent_coef_loss   | 0.0941   |
|    learning_rate   | 0.000164 |
|    n_updates       | 377976   |
---------------------------------
---------------------------------
| rollout/           |          |
|    ep_len_mean     | 211      |
|    ep_rew_mean     | 267      |
| time/              |          |
|    episodes        | 1484     |
|    fps             | 217      |
|    time_elapsed    | 1786     |
|    total_timesteps | 389232   |
| train/             |          |
|    actor_loss      | -66.5    |
|    critic_loss     | 8.7      |
|    ent_coef        | 0.0683   |
|    ent_coef_loss   | 0.0348   |
|    learning_rate   | 0.000162 |
|    n_updates       | 379224   |
---------------------------------
---------------------------------
| rollout/           |          |
|    ep_len_mean     | 210      |
|    ep_rew_mean     | 267      |
| time/              |          |
|    episodes        | 1488     |
|    fps             | 217      |
|    time_elapsed    | 1788     |
|    total_timesteps | 389752   |
| train/             |          |
|    actor_loss      | -66.1    |
|    critic_loss     | 6.91     |
|    ent_coef        | 0.0681   |
|    ent_coef_loss   | -0.124   |
|    learning_rate   | 0.000161 |
|    n_updates       | 379744   |
---------------------------------
Eval num_timesteps=390000, episode_reward=274.25 +/- 14.64
Episode length: 205.60 +/- 26.73
---------------------------------
| eval/              |          |
|    mean_ep_length  | 206      |
|    mean_reward     | 274      |
| time/              |          |
|    total_timesteps | 390000   |
| train/             |          |
|    actor_loss      | -66.1    |
|    critic_loss     | 7.82     |
|    ent_coef        | 0.0683   |
|    ent_coef_loss   | 0.243    |
|    learning_rate   | 0.000161 |
|    n_updates       | 379992   |
---------------------------------
---------------------------------
| rollout/           |          |
|    ep_len_mean     | 210      |
|    ep_rew_mean     | 267      |
| time/              |          |
|    episodes        | 1492     |
|    fps             | 217      |
|    time_elapsed    | 1795     |
|    total_timesteps | 391040   |
| train/             |          |
|    actor_loss      | -66.3    |
|    critic_loss     | 8.59     |
|    ent_coef        | 0.0675   |
|    ent_coef_loss   | -0.268   |
|    learning_rate   | 0.000159 |
|    n_updates       | 381032   |
---------------------------------
---------------------------------
| rollout/           |          |
|    ep_len_mean     | 210      |
|    ep_rew_mean     | 267      |
| time/              |          |
|    episodes        | 1496     |
|    fps             | 217      |
|    time_elapsed    | 1797     |
|    total_timesteps | 391480   |
| train/             |          |
|    actor_loss      | -64.4    |
|    critic_loss     | 11.2     |
|    ent_coef        | 0.0674   |
|    ent_coef_loss   | 0.0809   |
|    learning_rate   | 0.000158 |
|    n_updates       | 381472   |
---------------------------------
---------------------------------
| rollout/           |          |
|    ep_len_mean     | 210      |
|    ep_rew_mean     | 266      |
| time/              |          |
|    episodes        | 1500     |
|    fps             | 217      |
|    time_elapsed    | 1802     |
|    total_timesteps | 392552   |
| train/             |          |
|    actor_loss      | -67      |
|    critic_loss     | 6.79     |
|    ent_coef        | 0.0683   |
|    ent_coef_loss   | 0.0198   |
|    learning_rate   | 0.000157 |
|    n_updates       | 382544   |
---------------------------------
---------------------------------
| rollout/           |          |
|    ep_len_mean     | 211      |
|    ep_rew_mean     | 266      |
| time/              |          |
|    episodes        | 1504     |
|    fps             | 217      |
|    time_elapsed    | 1806     |
|    total_timesteps | 393504   |
| train/             |          |
|    actor_loss      | -65.2    |
|    critic_loss     | 5.14     |
|    ent_coef        | 0.0694   |
|    ent_coef_loss   | 0.0708   |
|    learning_rate   | 0.000155 |
|    n_updates       | 383496   |
---------------------------------
---------------------------------
| rollout/           |          |
|    ep_len_mean     | 214      |
|    ep_rew_mean     | 266      |
| time/              |          |
|    episodes        | 1508     |
|    fps             | 217      |
|    time_elapsed    | 1811     |
|    total_timesteps | 394592   |
| train/             |          |
|    actor_loss      | -66.6    |
|    critic_loss     | 8.85     |
|    ent_coef        | 0.0688   |
|    ent_coef_loss   | 0.0214   |
|    learning_rate   | 0.000154 |
|    n_updates       | 384584   |
---------------------------------
---------------------------------
| rollout/           |          |
|    ep_len_mean     | 216      |
|    ep_rew_mean     | 266      |
| time/              |          |
|    episodes        | 1512     |
|    fps             | 217      |
|    time_elapsed    | 1814     |
|    total_timesteps | 395232   |
| train/             |          |
|    actor_loss      | -66.5    |
|    critic_loss     | 8.07     |
|    ent_coef        | 0.069    |
|    ent_coef_loss   | -0.226   |
|    learning_rate   | 0.000153 |
|    n_updates       | 385224   |
---------------------------------
---------------------------------
| rollout/           |          |
|    ep_len_mean     | 216      |
|    ep_rew_mean     | 266      |
| time/              |          |
|    episodes        | 1516     |
|    fps             | 217      |
|    time_elapsed    | 1820     |
|    total_timesteps | 396400   |
| train/             |          |
|    actor_loss      | -66.7    |
|    critic_loss     | 10.4     |
|    ent_coef        | 0.0687   |
|    ent_coef_loss   | -0.131   |
|    learning_rate   | 0.000151 |
|    n_updates       | 386392   |
---------------------------------
---------------------------------
| rollout/           |          |
|    ep_len_mean     | 216      |
|    ep_rew_mean     | 266      |
| time/              |          |
|    episodes        | 1520     |
|    fps             | 217      |
|    time_elapsed    | 1823     |
|    total_timesteps | 397056   |
| train/             |          |
|    actor_loss      | -65.5    |
|    critic_loss     | 8.2      |
|    ent_coef        | 0.0684   |
|    ent_coef_loss   | -0.0416  |
|    learning_rate   | 0.00015  |
|    n_updates       | 387048   |
---------------------------------
---------------------------------
| rollout/           |          |
|    ep_len_mean     | 219      |
|    ep_rew_mean     | 267      |
| time/              |          |
|    episodes        | 1524     |
|    fps             | 217      |
|    time_elapsed    | 1827     |
|    total_timesteps | 397968   |
| train/             |          |
|    actor_loss      | -67.1    |
|    critic_loss     | 6.82     |
|    ent_coef        | 0.0685   |
|    ent_coef_loss   | -0.213   |
|    learning_rate   | 0.000149 |
|    n_updates       | 387960   |
---------------------------------
---------------------------------
| rollout/           |          |
|    ep_len_mean     | 220      |
|    ep_rew_mean     | 268      |
| time/              |          |
|    episodes        | 1528     |
|    fps             | 217      |
|    time_elapsed    | 1833     |
|    total_timesteps | 399152   |
| train/             |          |
|    actor_loss      | -65.4    |
|    critic_loss     | 7.02     |
|    ent_coef        | 0.0693   |
|    ent_coef_loss   | -0.03    |
|    learning_rate   | 0.000147 |
|    n_updates       | 389144   |
---------------------------------
---------------------------------
| rollout/           |          |
|    ep_len_mean     | 219      |
|    ep_rew_mean     | 268      |
| time/              |          |
|    episodes        | 1532     |
|    fps             | 217      |
|    time_elapsed    | 1835     |
|    total_timesteps | 399656   |
| train/             |          |
|    actor_loss      | -66.9    |
|    critic_loss     | 7.36     |
|    ent_coef        | 0.069    |
|    ent_coef_loss   | 0.111    |
|    learning_rate   | 0.000147 |
|    n_updates       | 389648   |
---------------------------------
Eval num_timesteps=400000, episode_reward=275.25 +/- 17.10
Episode length: 219.00 +/- 57.38
---------------------------------
| eval/              |          |
|    mean_ep_length  | 219      |
|    mean_reward     | 275      |
| time/              |          |
|    total_timesteps | 400000   |
| train/             |          |
|    actor_loss      | -66.8    |
|    critic_loss     | 8.11     |
|    ent_coef        | 0.069    |
|    ent_coef_loss   | -0.0364  |
|    learning_rate   | 0.000146 |
|    n_updates       | 389992   |
---------------------------------
---------------------------------
| rollout/           |          |
|    ep_len_mean     | 221      |
|    ep_rew_mean     | 268      |
| time/              |          |
|    episodes        | 1536     |
|    fps             | 217      |
|    time_elapsed    | 1842     |
|    total_timesteps | 400928   |
| train/             |          |
|    actor_loss      | -65.3    |
|    critic_loss     | 6.85     |
|    ent_coef        | 0.0694   |
|    ent_coef_loss   | 0.0834   |
|    learning_rate   | 0.000145 |
|    n_updates       | 390920   |
---------------------------------
---------------------------------
| rollout/           |          |
|    ep_len_mean     | 221      |
|    ep_rew_mean     | 269      |
| time/              |          |
|    episodes        | 1540     |
|    fps             | 217      |
|    time_elapsed    | 1844     |
|    total_timesteps | 401408   |
| train/             |          |
|    actor_loss      | -65.4    |
|    critic_loss     | 5.91     |
|    ent_coef        | 0.07     |
|    ent_coef_loss   | -0.0252  |
|    learning_rate   | 0.000144 |
|    n_updates       | 391400   |
---------------------------------
---------------------------------
| rollout/           |          |
|    ep_len_mean     | 220      |
|    ep_rew_mean     | 269      |
| time/              |          |
|    episodes        | 1544     |
|    fps             | 217      |
|    time_elapsed    | 1848     |
|    total_timesteps | 402288   |
| train/             |          |
|    actor_loss      | -66.2    |
|    critic_loss     | 14       |
|    ent_coef        | 0.0706   |
|    ent_coef_loss   | 0.0134   |
|    learning_rate   | 0.000143 |
|    n_updates       | 392280   |
---------------------------------
---------------------------------
| rollout/           |          |
|    ep_len_mean     | 220      |
|    ep_rew_mean     | 267      |
| time/              |          |
|    episodes        | 1548     |
|    fps             | 217      |
|    time_elapsed    | 1852     |
|    total_timesteps | 403080   |
| train/             |          |
|    actor_loss      | -66.1    |
|    critic_loss     | 6.01     |
|    ent_coef        | 0.0695   |
|    ent_coef_loss   | -0.0518  |
|    learning_rate   | 0.000142 |
|    n_updates       | 393072   |
---------------------------------
---------------------------------
| rollout/           |          |
|    ep_len_mean     | 217      |
|    ep_rew_mean     | 267      |
| time/              |          |
|    episodes        | 1552     |
|    fps             | 217      |
|    time_elapsed    | 1856     |
|    total_timesteps | 404040   |
| train/             |          |
|    actor_loss      | -65.9    |
|    critic_loss     | 5.12     |
|    ent_coef        | 0.0698   |
|    ent_coef_loss   | -0.281   |
|    learning_rate   | 0.00014  |
|    n_updates       | 394032   |
---------------------------------
---------------------------------
| rollout/           |          |
|    ep_len_mean     | 217      |
|    ep_rew_mean     | 267      |
| time/              |          |
|    episodes        | 1556     |
|    fps             | 217      |
|    time_elapsed    | 1860     |
|    total_timesteps | 404912   |
| train/             |          |
|    actor_loss      | -65.7    |
|    critic_loss     | 10.4     |
|    ent_coef        | 0.0697   |
|    ent_coef_loss   | 0.183    |
|    learning_rate   | 0.000139 |
|    n_updates       | 394904   |
---------------------------------
---------------------------------
| rollout/           |          |
|    ep_len_mean     | 216      |
|    ep_rew_mean     | 267      |
| time/              |          |
|    episodes        | 1560     |
|    fps             | 217      |
|    time_elapsed    | 1864     |
|    total_timesteps | 405776   |
| train/             |          |
|    actor_loss      | -66.6    |
|    critic_loss     | 11.7     |
|    ent_coef        | 0.0691   |
|    ent_coef_loss   | -0.141   |
|    learning_rate   | 0.000138 |
|    n_updates       | 395768   |
---------------------------------
---------------------------------
| rollout/           |          |
|    ep_len_mean     | 216      |
|    ep_rew_mean     | 267      |
| time/              |          |
|    episodes        | 1564     |
|    fps             | 217      |
|    time_elapsed    | 1866     |
|    total_timesteps | 406232   |
| train/             |          |
|    actor_loss      | -65.8    |
|    critic_loss     | 7.03     |
|    ent_coef        | 0.069    |
|    ent_coef_loss   | 0.143    |
|    learning_rate   | 0.000137 |
|    n_updates       | 396224   |
---------------------------------
---------------------------------
| rollout/           |          |
|    ep_len_mean     | 215      |
|    ep_rew_mean     | 266      |
| time/              |          |
|    episodes        | 1568     |
|    fps             | 217      |
|    time_elapsed    | 1871     |
|    total_timesteps | 407248   |
| train/             |          |
|    actor_loss      | -66      |
|    critic_loss     | 6.68     |
|    ent_coef        | 0.0682   |
|    ent_coef_loss   | -0.028   |
|    learning_rate   | 0.000135 |
|    n_updates       | 397240   |
---------------------------------
---------------------------------
| rollout/           |          |
|    ep_len_mean     | 214      |
|    ep_rew_mean     | 267      |
| time/              |          |
|    episodes        | 1572     |
|    fps             | 217      |
|    time_elapsed    | 1875     |
|    total_timesteps | 408096   |
| train/             |          |
|    actor_loss      | -65      |
|    critic_loss     | 6.3      |
|    ent_coef        | 0.0687   |
|    ent_coef_loss   | 0.153    |
|    learning_rate   | 0.000134 |
|    n_updates       | 398088   |
---------------------------------
---------------------------------
| rollout/           |          |
|    ep_len_mean     | 218      |
|    ep_rew_mean     | 267      |
| time/              |          |
|    episodes        | 1576     |
|    fps             | 217      |
|    time_elapsed    | 1881     |
|    total_timesteps | 409280   |
| train/             |          |
|    actor_loss      | -66.4    |
|    critic_loss     | 7.16     |
|    ent_coef        | 0.0688   |
|    ent_coef_loss   | 0.0703   |
|    learning_rate   | 0.000132 |
|    n_updates       | 399272   |
---------------------------------
Eval num_timesteps=410000, episode_reward=216.97 +/- 157.69
Episode length: 225.90 +/- 40.25
---------------------------------
| eval/              |          |
|    mean_ep_length  | 226      |
|    mean_reward     | 217      |
| time/              |          |
|    total_timesteps | 410000   |
| train/             |          |
|    actor_loss      | -65.8    |
|    critic_loss     | 8.75     |
|    ent_coef        | 0.0688   |
|    ent_coef_loss   | 0.17     |
|    learning_rate   | 0.000131 |
|    n_updates       | 399992   |
---------------------------------
---------------------------------
| rollout/           |          |
|    ep_len_mean     | 219      |
|    ep_rew_mean     | 267      |
| time/              |          |
|    episodes        | 1580     |
|    fps             | 217      |
|    time_elapsed    | 1887     |
|    total_timesteps | 410400   |
| train/             |          |
|    actor_loss      | -67.5    |
|    critic_loss     | 9.08     |
|    ent_coef        | 0.0684   |
|    ent_coef_loss   | -0.264   |
|    learning_rate   | 0.000131 |
|    n_updates       | 400392   |
---------------------------------
---------------------------------
| rollout/           |          |
|    ep_len_mean     | 221      |
|    ep_rew_mean     | 267      |
| time/              |          |
|    episodes        | 1584     |
|    fps             | 217      |
|    time_elapsed    | 1890     |
|    total_timesteps | 411104   |
| train/             |          |
|    actor_loss      | -67.4    |
|    critic_loss     | 7.48     |
|    ent_coef        | 0.0687   |
|    ent_coef_loss   | -0.0758  |
|    learning_rate   | 0.00013  |
|    n_updates       | 401096   |
---------------------------------
---------------------------------
| rollout/           |          |
|    ep_len_mean     | 221      |
|    ep_rew_mean     | 267      |
| time/              |          |
|    episodes        | 1588     |
|    fps             | 217      |
|    time_elapsed    | 1895     |
|    total_timesteps | 412192   |
| train/             |          |
|    actor_loss      | -65.8    |
|    critic_loss     | 6.29     |
|    ent_coef        | 0.0687   |
|    ent_coef_loss   | -0.105   |
|    learning_rate   | 0.000128 |
|    n_updates       | 402184   |
---------------------------------
---------------------------------
| rollout/           |          |
|    ep_len_mean     | 220      |
|    ep_rew_mean     | 268      |
| time/              |          |
|    episodes        | 1592     |
|    fps             | 217      |
|    time_elapsed    | 1897     |
|    total_timesteps | 412648   |
| train/             |          |
|    actor_loss      | -66.3    |
|    critic_loss     | 10.7     |
|    ent_coef        | 0.0689   |
|    ent_coef_loss   | -0.0332  |
|    learning_rate   | 0.000128 |
|    n_updates       | 402640   |
---------------------------------
---------------------------------
| rollout/           |          |
|    ep_len_mean     | 220      |
|    ep_rew_mean     | 268      |
| time/              |          |
|    episodes        | 1596     |
|    fps             | 217      |
|    time_elapsed    | 1903     |
|    total_timesteps | 413936   |
| train/             |          |
|    actor_loss      | -65.6    |
|    critic_loss     | 18.6     |
|    ent_coef        | 0.0689   |
|    ent_coef_loss   | -0.137   |
|    learning_rate   | 0.000126 |
|    n_updates       | 403928   |
---------------------------------
---------------------------------
| rollout/           |          |
|    ep_len_mean     | 221      |
|    ep_rew_mean     | 269      |
| time/              |          |
|    episodes        | 1600     |
|    fps             | 217      |
|    time_elapsed    | 1905     |
|    total_timesteps | 414344   |
| train/             |          |
|    actor_loss      | -66.3    |
|    critic_loss     | 9.55     |
|    ent_coef        | 0.0695   |
|    ent_coef_loss   | 0.408    |
|    learning_rate   | 0.000125 |
|    n_updates       | 404336   |
---------------------------------
---------------------------------
| rollout/           |          |
|    ep_len_mean     | 220      |
|    ep_rew_mean     | 269      |
| time/              |          |
|    episodes        | 1604     |
|    fps             | 217      |
|    time_elapsed    | 1909     |
|    total_timesteps | 415328   |
| train/             |          |
|    actor_loss      | -66.1    |
|    critic_loss     | 6.39     |
|    ent_coef        | 0.0699   |
|    ent_coef_loss   | -0.123   |
|    learning_rate   | 0.000124 |
|    n_updates       | 405320   |
---------------------------------
---------------------------------
| rollout/           |          |
|    ep_len_mean     | 217      |
|    ep_rew_mean     | 269      |
| time/              |          |
|    episodes        | 1608     |
|    fps             | 217      |
|    time_elapsed    | 1911     |
|    total_timesteps | 415792   |
| train/             |          |
|    actor_loss      | -65.6    |
|    critic_loss     | 10.9     |
|    ent_coef        | 0.0697   |
|    ent_coef_loss   | 0.018    |
|    learning_rate   | 0.000123 |
|    n_updates       | 405784   |
---------------------------------
---------------------------------
| rollout/           |          |
|    ep_len_mean     | 214      |
|    ep_rew_mean     | 269      |
| time/              |          |
|    episodes        | 1612     |
|    fps             | 217      |
|    time_elapsed    | 1916     |
|    total_timesteps | 416816   |
| train/             |          |
|    actor_loss      | -66      |
|    critic_loss     | 7.05     |
|    ent_coef        | 0.0676   |
|    ent_coef_loss   | 0.21     |
|    learning_rate   | 0.000121 |
|    n_updates       | 406808   |
---------------------------------
---------------------------------
| rollout/           |          |
|    ep_len_mean     | 214      |
|    ep_rew_mean     | 270      |
| time/              |          |
|    episodes        | 1616     |
|    fps             | 217      |
|    time_elapsed    | 1920     |
|    total_timesteps | 417512   |
| train/             |          |
|    actor_loss      | -66.3    |
|    critic_loss     | 9.56     |
|    ent_coef        | 0.0679   |
|    ent_coef_loss   | -0.269   |
|    learning_rate   | 0.00012  |
|    n_updates       | 407504   |
---------------------------------
---------------------------------
| rollout/           |          |
|    ep_len_mean     | 214      |
|    ep_rew_mean     | 269      |
| time/              |          |
|    episodes        | 1620     |
|    fps             | 217      |
|    time_elapsed    | 1923     |
|    total_timesteps | 418352   |
| train/             |          |
|    actor_loss      | -66.8    |
|    critic_loss     | 5.98     |
|    ent_coef        | 0.0681   |
|    ent_coef_loss   | 0.169    |
|    learning_rate   | 0.000119 |
|    n_updates       | 408344   |
---------------------------------
---------------------------------
| rollout/           |          |
|    ep_len_mean     | 213      |
|    ep_rew_mean     | 269      |
| time/              |          |
|    episodes        | 1624     |
|    fps             | 217      |
|    time_elapsed    | 1928     |
|    total_timesteps | 419376   |
| train/             |          |
|    actor_loss      | -65.4    |
|    critic_loss     | 9.11     |
|    ent_coef        | 0.0691   |
|    ent_coef_loss   | 0.304    |
|    learning_rate   | 0.000118 |
|    n_updates       | 409368   |
---------------------------------
Eval num_timesteps=420000, episode_reward=279.86 +/- 19.34
Episode length: 202.70 +/- 19.27
---------------------------------
| eval/              |          |
|    mean_ep_length  | 203      |
|    mean_reward     | 280      |
| time/              |          |
|    total_timesteps | 420000   |
| train/             |          |
|    actor_loss      | -67.6    |
|    critic_loss     | 7.74     |
|    ent_coef        | 0.0687   |
|    ent_coef_loss   | -0.061   |
|    learning_rate   | 0.000117 |
|    n_updates       | 409992   |
---------------------------------
---------------------------------
| rollout/           |          |
|    ep_len_mean     | 212      |
|    ep_rew_mean     | 270      |
| time/              |          |
|    episodes        | 1628     |
|    fps             | 217      |
|    time_elapsed    | 1933     |
|    total_timesteps | 420392   |
| train/             |          |
|    actor_loss      | -67.3    |
|    critic_loss     | 9.43     |
|    ent_coef        | 0.0688   |
|    ent_coef_loss   | -0.0278  |
|    learning_rate   | 0.000116 |
|    n_updates       | 410384   |
---------------------------------
---------------------------------
| rollout/           |          |
|    ep_len_mean     | 213      |
|    ep_rew_mean     | 269      |
| time/              |          |
|    episodes        | 1632     |
|    fps             | 217      |
|    time_elapsed    | 1936     |
|    total_timesteps | 421032   |
| train/             |          |
|    actor_loss      | -66.6    |
|    critic_loss     | 8.8      |
|    ent_coef        | 0.069    |
|    ent_coef_loss   | 0.418    |
|    learning_rate   | 0.000115 |
|    n_updates       | 411024   |
---------------------------------
---------------------------------
| rollout/           |          |
|    ep_len_mean     | 212      |
|    ep_rew_mean     | 268      |
| time/              |          |
|    episodes        | 1636     |
|    fps             | 217      |
|    time_elapsed    | 1939     |
|    total_timesteps | 421736   |
| train/             |          |
|    actor_loss      | -67.6    |
|    critic_loss     | 10.5     |
|    ent_coef        | 0.0689   |
|    ent_coef_loss   | 0.0698   |
|    learning_rate   | 0.000114 |
|    n_updates       | 411728   |
---------------------------------
---------------------------------
| rollout/           |          |
|    ep_len_mean     | 211      |
|    ep_rew_mean     | 267      |
| time/              |          |
|    episodes        | 1640     |
|    fps             | 217      |
|    time_elapsed    | 1943     |
|    total_timesteps | 422544   |
| train/             |          |
|    actor_loss      | -68.2    |
|    critic_loss     | 19.1     |
|    ent_coef        | 0.0687   |
|    ent_coef_loss   | -0.155   |
|    learning_rate   | 0.000113 |
|    n_updates       | 412536   |
---------------------------------
---------------------------------
| rollout/           |          |
|    ep_len_mean     | 210      |
|    ep_rew_mean     | 267      |
| time/              |          |
|    episodes        | 1644     |
|    fps             | 217      |
|    time_elapsed    | 1946     |
|    total_timesteps | 423232   |
| train/             |          |
|    actor_loss      | -66.3    |
|    critic_loss     | 5.89     |
|    ent_coef        | 0.0688   |
|    ent_coef_loss   | -0.145   |
|    learning_rate   | 0.000112 |
|    n_updates       | 413224   |
---------------------------------
---------------------------------
| rollout/           |          |
|    ep_len_mean     | 210      |
|    ep_rew_mean     | 269      |
| time/              |          |
|    episodes        | 1648     |
|    fps             | 217      |
|    time_elapsed    | 1950     |
|    total_timesteps | 424288   |
| train/             |          |
|    actor_loss      | -67.7    |
|    critic_loss     | 6.69     |
|    ent_coef        | 0.0679   |
|    ent_coef_loss   | -0.0682  |
|    learning_rate   | 0.000111 |
|    n_updates       | 414280   |
---------------------------------
---------------------------------
| rollout/           |          |
|    ep_len_mean     | 210      |
|    ep_rew_mean     | 269      |
| time/              |          |
|    episodes        | 1652     |
|    fps             | 217      |
|    time_elapsed    | 1952     |
|    total_timesteps | 424776   |
| train/             |          |
|    actor_loss      | -68.1    |
|    critic_loss     | 8.41     |
|    ent_coef        | 0.0678   |
|    ent_coef_loss   | -0.0464  |
|    learning_rate   | 0.00011  |
|    n_updates       | 414768   |
---------------------------------
---------------------------------
| rollout/           |          |
|    ep_len_mean     | 209      |
|    ep_rew_mean     | 270      |
| time/              |          |
|    episodes        | 1656     |
|    fps             | 217      |
|    time_elapsed    | 1958     |
|    total_timesteps | 425976   |
| train/             |          |
|    actor_loss      | -66.9    |
|    critic_loss     | 8.26     |
|    ent_coef        | 0.0689   |
|    ent_coef_loss   | -0.0238  |
|    learning_rate   | 0.000108 |
|    n_updates       | 415968   |
---------------------------------
---------------------------------
| rollout/           |          |
|    ep_len_mean     | 210      |
|    ep_rew_mean     | 270      |
| time/              |          |
|    episodes        | 1660     |
|    fps             | 217      |
|    time_elapsed    | 1960     |
|    total_timesteps | 426320   |
| train/             |          |
|    actor_loss      | -66.8    |
|    critic_loss     | 6.7      |
|    ent_coef        | 0.0686   |
|    ent_coef_loss   | 0.187    |
|    learning_rate   | 0.000108 |
|    n_updates       | 416312   |
---------------------------------
---------------------------------
| rollout/           |          |
|    ep_len_mean     | 210      |
|    ep_rew_mean     | 271      |
| time/              |          |
|    episodes        | 1664     |
|    fps             | 217      |
|    time_elapsed    | 1965     |
|    total_timesteps | 427560   |
| train/             |          |
|    actor_loss      | -66.9    |
|    critic_loss     | 8.43     |
|    ent_coef        | 0.068    |
|    ent_coef_loss   | 0.0689   |
|    learning_rate   | 0.000106 |
|    n_updates       | 417552   |
---------------------------------
---------------------------------
| rollout/           |          |
|    ep_len_mean     | 213      |
|    ep_rew_mean     | 271      |
| time/              |          |
|    episodes        | 1668     |
|    fps             | 217      |
|    time_elapsed    | 1969     |
|    total_timesteps | 428344   |
| train/             |          |
|    actor_loss      | -68.4    |
|    critic_loss     | 6.64     |
|    ent_coef        | 0.0674   |
|    ent_coef_loss   | 0.277    |
|    learning_rate   | 0.000105 |
|    n_updates       | 418336   |
---------------------------------
---------------------------------
| rollout/           |          |
|    ep_len_mean     | 213      |
|    ep_rew_mean     | 270      |
| time/              |          |
|    episodes        | 1672     |
|    fps             | 217      |
|    time_elapsed    | 1972     |
|    total_timesteps | 428968   |
| train/             |          |
|    actor_loss      | -67.7    |
|    critic_loss     | 10.6     |
|    ent_coef        | 0.0672   |
|    ent_coef_loss   | -0.0941  |
|    learning_rate   | 0.000104 |
|    n_updates       | 418960   |
---------------------------------
---------------------------------
| rollout/           |          |
|    ep_len_mean     | 210      |
|    ep_rew_mean     | 270      |
| time/              |          |
|    episodes        | 1676     |
|    fps             | 217      |
|    time_elapsed    | 1975     |
|    total_timesteps | 429736   |
| train/             |          |
|    actor_loss      | -67.5    |
|    critic_loss     | 6.45     |
|    ent_coef        | 0.067    |
|    ent_coef_loss   | -0.159   |
|    learning_rate   | 0.000103 |
|    n_updates       | 419728   |
---------------------------------
Eval num_timesteps=430000, episode_reward=271.26 +/- 28.64
Episode length: 228.90 +/- 52.68
---------------------------------
| eval/              |          |
|    mean_ep_length  | 229      |
|    mean_reward     | 271      |
| time/              |          |
|    total_timesteps | 430000   |
| train/             |          |
|    actor_loss      | -67.3    |
|    critic_loss     | 9.78     |
|    ent_coef        | 0.0669   |
|    ent_coef_loss   | 0.18     |
|    learning_rate   | 0.000102 |
|    n_updates       | 419992   |
---------------------------------
---------------------------------
| rollout/           |          |
|    ep_len_mean     | 207      |
|    ep_rew_mean     | 270      |
| time/              |          |
|    episodes        | 1680     |
|    fps             | 217      |
|    time_elapsed    | 1981     |
|    total_timesteps | 430672   |
| train/             |          |
|    actor_loss      | -66.5    |
|    critic_loss     | 10.2     |
|    ent_coef        | 0.0669   |
|    ent_coef_loss   | 0.312    |
|    learning_rate   | 0.000101 |
|    n_updates       | 420664   |
---------------------------------
---------------------------------
| rollout/           |          |
|    ep_len_mean     | 204      |
|    ep_rew_mean     | 270      |
| time/              |          |
|    episodes        | 1684     |
|    fps             | 217      |
|    time_elapsed    | 1985     |
|    total_timesteps | 431544   |
| train/             |          |
|    actor_loss      | -67.6    |
|    critic_loss     | 6.77     |
|    ent_coef        | 0.0667   |
|    ent_coef_loss   | 0.0447   |
|    learning_rate   | 0.0001   |
|    n_updates       | 421536   |
---------------------------------
---------------------------------
| rollout/           |          |
|    ep_len_mean     | 203      |
|    ep_rew_mean     | 270      |
| time/              |          |
|    episodes        | 1688     |
|    fps             | 217      |
|    time_elapsed    | 1989     |
|    total_timesteps | 432384   |
| train/             |          |
|    actor_loss      | -66.4    |
|    critic_loss     | 4.49     |
|    ent_coef        | 0.0664   |
|    ent_coef_loss   | -0.0407  |
|    learning_rate   | 9.87e-05 |
|    n_updates       | 422376   |
---------------------------------
---------------------------------
| rollout/           |          |
|    ep_len_mean     | 204      |
|    ep_rew_mean     | 269      |
| time/              |          |
|    episodes        | 1692     |
|    fps             | 217      |
|    time_elapsed    | 1991     |
|    total_timesteps | 432904   |
| train/             |          |
|    actor_loss      | -67.1    |
|    critic_loss     | 4.71     |
|    ent_coef        | 0.0665   |
|    ent_coef_loss   | -0.0743  |
|    learning_rate   | 9.8e-05  |
|    n_updates       | 422896   |
---------------------------------
---------------------------------
| rollout/           |          |
|    ep_len_mean     | 203      |
|    ep_rew_mean     | 269      |
| time/              |          |
|    episodes        | 1696     |
|    fps             | 217      |
|    time_elapsed    | 1995     |
|    total_timesteps | 433760   |
| train/             |          |
|    actor_loss      | -68.7    |
|    critic_loss     | 6.54     |
|    ent_coef        | 0.0663   |
|    ent_coef_loss   | -0.245   |
|    learning_rate   | 9.67e-05 |
|    n_updates       | 423752   |
---------------------------------
---------------------------------
| rollout/           |          |
|    ep_len_mean     | 201      |
|    ep_rew_mean     | 269      |
| time/              |          |
|    episodes        | 1700     |
|    fps             | 217      |
|    time_elapsed    | 2000     |
|    total_timesteps | 434768   |
| train/             |          |
|    actor_loss      | -68.6    |
|    critic_loss     | 10.1     |
|    ent_coef        | 0.0661   |
|    ent_coef_loss   | -0.0892  |
|    learning_rate   | 9.53e-05 |
|    n_updates       | 424760   |
---------------------------------
---------------------------------
| rollout/           |          |
|    ep_len_mean     | 202      |
|    ep_rew_mean     | 269      |
| time/              |          |
|    episodes        | 1704     |
|    fps             | 217      |
|    time_elapsed    | 2003     |
|    total_timesteps | 435504   |
| train/             |          |
|    actor_loss      | -67.7    |
|    critic_loss     | 14.3     |
|    ent_coef        | 0.0666   |
|    ent_coef_loss   | 0.0136   |
|    learning_rate   | 9.42e-05 |
|    n_updates       | 425496   |
---------------------------------
---------------------------------
| rollout/           |          |
|    ep_len_mean     | 203      |
|    ep_rew_mean     | 270      |
| time/              |          |
|    episodes        | 1708     |
|    fps             | 217      |
|    time_elapsed    | 2007     |
|    total_timesteps | 436328   |
| train/             |          |
|    actor_loss      | -67.2    |
|    critic_loss     | 7.13     |
|    ent_coef        | 0.0666   |
|    ent_coef_loss   | 0.34     |
|    learning_rate   | 9.3e-05  |
|    n_updates       | 426320   |
---------------------------------
---------------------------------
| rollout/           |          |
|    ep_len_mean     | 203      |
|    ep_rew_mean     | 270      |
| time/              |          |
|    episodes        | 1712     |
|    fps             | 217      |
|    time_elapsed    | 2010     |
|    total_timesteps | 437072   |
| train/             |          |
|    actor_loss      | -67.3    |
|    critic_loss     | 7.33     |
|    ent_coef        | 0.0661   |
|    ent_coef_loss   | -0.0732  |
|    learning_rate   | 9.19e-05 |
|    n_updates       | 427064   |
---------------------------------
---------------------------------
| rollout/           |          |
|    ep_len_mean     | 203      |
|    ep_rew_mean     | 271      |
| time/              |          |
|    episodes        | 1716     |
|    fps             | 217      |
|    time_elapsed    | 2014     |
|    total_timesteps | 438096   |
| train/             |          |
|    actor_loss      | -67.1    |
|    critic_loss     | 7.05     |
|    ent_coef        | 0.0665   |
|    ent_coef_loss   | 0.0929   |
|    learning_rate   | 9.04e-05 |
|    n_updates       | 428088   |
---------------------------------
---------------------------------
| rollout/           |          |
|    ep_len_mean     | 203      |
|    ep_rew_mean     | 271      |
| time/              |          |
|    episodes        | 1720     |
|    fps             | 217      |
|    time_elapsed    | 2017     |
|    total_timesteps | 438608   |
| train/             |          |
|    actor_loss      | -67.4    |
|    critic_loss     | 13.5     |
|    ent_coef        | 0.0666   |
|    ent_coef_loss   | 0.142    |
|    learning_rate   | 8.96e-05 |
|    n_updates       | 428600   |
---------------------------------
---------------------------------
| rollout/           |          |
|    ep_len_mean     | 202      |
|    ep_rew_mean     | 272      |
| time/              |          |
|    episodes        | 1724     |
|    fps             | 217      |
|    time_elapsed    | 2020     |
|    total_timesteps | 439552   |
| train/             |          |
|    actor_loss      | -67.5    |
|    critic_loss     | 5.85     |
|    ent_coef        | 0.0666   |
|    ent_coef_loss   | -0.0568  |
|    learning_rate   | 8.83e-05 |
|    n_updates       | 429544   |
---------------------------------
Eval num_timesteps=440000, episode_reward=290.04 +/- 14.61
Episode length: 205.80 +/- 34.85
---------------------------------
| eval/              |          |
|    mean_ep_length  | 206      |
|    mean_reward     | 290      |
| time/              |          |
|    total_timesteps | 440000   |
| train/             |          |
|    actor_loss      | -68      |
|    critic_loss     | 7.79     |
|    ent_coef        | 0.0663   |
|    ent_coef_loss   | 0.00855  |
|    learning_rate   | 8.76e-05 |
|    n_updates       | 429992   |
---------------------------------
New best mean reward!
---------------------------------
| rollout/           |          |
|    ep_len_mean     | 202      |
|    ep_rew_mean     | 271      |
| time/              |          |
|    episodes        | 1728     |
|    fps             | 217      |
|    time_elapsed    | 2025     |
|    total_timesteps | 440456   |
| train/             |          |
|    actor_loss      | -68.4    |
|    critic_loss     | 7.22     |
|    ent_coef        | 0.0661   |
|    ent_coef_loss   | -0.0991  |
|    learning_rate   | 8.69e-05 |
|    n_updates       | 430448   |
---------------------------------
---------------------------------
| rollout/           |          |
|    ep_len_mean     | 202      |
|    ep_rew_mean     | 271      |
| time/              |          |
|    episodes        | 1732     |
|    fps             | 217      |
|    time_elapsed    | 2028     |
|    total_timesteps | 441200   |
| train/             |          |
|    actor_loss      | -67.5    |
|    critic_loss     | 13       |
|    ent_coef        | 0.066    |
|    ent_coef_loss   | 0.0365   |
|    learning_rate   | 8.59e-05 |
|    n_updates       | 431192   |
---------------------------------
---------------------------------
| rollout/           |          |
|    ep_len_mean     | 203      |
|    ep_rew_mean     | 273      |
| time/              |          |
|    episodes        | 1736     |
|    fps             | 217      |
|    time_elapsed    | 2036     |
|    total_timesteps | 443000   |
| train/             |          |
|    actor_loss      | -68.2    |
|    critic_loss     | 6.47     |
|    ent_coef        | 0.0663   |
|    ent_coef_loss   | 0.00604  |
|    learning_rate   | 8.32e-05 |
|    n_updates       | 432992   |
---------------------------------
---------------------------------
| rollout/           |          |
|    ep_len_mean     | 204      |
|    ep_rew_mean     | 274      |
| time/              |          |
|    episodes        | 1740     |
|    fps             | 217      |
|    time_elapsed    | 2037     |
|    total_timesteps | 443336   |
| train/             |          |
|    actor_loss      | -67.7    |
|    critic_loss     | 5.11     |
|    ent_coef        | 0.0666   |
|    ent_coef_loss   | 0.0928   |
|    learning_rate   | 8.27e-05 |
|    n_updates       | 433328   |
---------------------------------
---------------------------------
| rollout/           |          |
|    ep_len_mean     | 210      |
|    ep_rew_mean     | 274      |
| time/              |          |
|    episodes        | 1744     |
|    fps             | 217      |
|    time_elapsed    | 2042     |
|    total_timesteps | 444512   |
| train/             |          |
|    actor_loss      | -69.6    |
|    critic_loss     | 9.52     |
|    ent_coef        | 0.0674   |
|    ent_coef_loss   | -0.0492  |
|    learning_rate   | 8.1e-05  |
|    n_updates       | 434504   |
---------------------------------
---------------------------------
| rollout/           |          |
|    ep_len_mean     | 209      |
|    ep_rew_mean     | 275      |
| time/              |          |
|    episodes        | 1748     |
|    fps             | 217      |
|    time_elapsed    | 2045     |
|    total_timesteps | 445032   |
| train/             |          |
|    actor_loss      | -67.9    |
|    critic_loss     | 4.02     |
|    ent_coef        | 0.0672   |
|    ent_coef_loss   | 0.0867   |
|    learning_rate   | 8.03e-05 |
|    n_updates       | 435024   |
---------------------------------
---------------------------------
| rollout/           |          |
|    ep_len_mean     | 210      |
|    ep_rew_mean     | 275      |
| time/              |          |
|    episodes        | 1752     |
|    fps             | 217      |
|    time_elapsed    | 2049     |
|    total_timesteps | 446120   |
| train/             |          |
|    actor_loss      | -68.3    |
|    critic_loss     | 8.49     |
|    ent_coef        | 0.0675   |
|    ent_coef_loss   | -0.0423  |
|    learning_rate   | 7.87e-05 |
|    n_updates       | 436112   |
---------------------------------
---------------------------------
| rollout/           |          |
|    ep_len_mean     | 210      |
|    ep_rew_mean     | 275      |
| time/              |          |
|    episodes        | 1756     |
|    fps             | 217      |
|    time_elapsed    | 2052     |
|    total_timesteps | 446640   |
| train/             |          |
|    actor_loss      | -68.3    |
|    critic_loss     | 5.6      |
|    ent_coef        | 0.0676   |
|    ent_coef_loss   | 0.102    |
|    learning_rate   | 7.79e-05 |
|    n_updates       | 436632   |
---------------------------------
---------------------------------
| rollout/           |          |
|    ep_len_mean     | 210      |
|    ep_rew_mean     | 275      |
| time/              |          |
|    episodes        | 1760     |
|    fps             | 217      |
|    time_elapsed    | 2056     |
|    total_timesteps | 447648   |
| train/             |          |
|    actor_loss      | -67.3    |
|    critic_loss     | 5.67     |
|    ent_coef        | 0.0678   |
|    ent_coef_loss   | -0.0324  |
|    learning_rate   | 7.64e-05 |
|    n_updates       | 437640   |
---------------------------------
---------------------------------
| rollout/           |          |
|    ep_len_mean     | 209      |
|    ep_rew_mean     | 275      |
| time/              |          |
|    episodes        | 1764     |
|    fps             | 217      |
|    time_elapsed    | 2059     |
|    total_timesteps | 448296   |
| train/             |          |
|    actor_loss      | -68.7    |
|    critic_loss     | 7.59     |
|    ent_coef        | 0.0676   |
|    ent_coef_loss   | 0.175    |
|    learning_rate   | 7.55e-05 |
|    n_updates       | 438288   |
---------------------------------
---------------------------------
| rollout/           |          |
|    ep_len_mean     | 207      |
|    ep_rew_mean     | 276      |
| time/              |          |
|    episodes        | 1768     |
|    fps             | 217      |
|    time_elapsed    | 2063     |
|    total_timesteps | 449376   |
| train/             |          |
|    actor_loss      | -68.1    |
|    critic_loss     | 6.34     |
|    ent_coef        | 0.0675   |
|    ent_coef_loss   | 0.0905   |
|    learning_rate   | 7.39e-05 |
|    n_updates       | 439368   |
---------------------------------
---------------------------------
| rollout/           |          |
|    ep_len_mean     | 208      |
|    ep_rew_mean     | 276      |
| time/              |          |
|    episodes        | 1772     |
|    fps             | 217      |
|    time_elapsed    | 2064     |
|    total_timesteps | 449552   |
| train/             |          |
|    actor_loss      | -68.5    |
|    critic_loss     | 9.16     |
|    ent_coef        | 0.0675   |
|    ent_coef_loss   | -0.207   |
|    learning_rate   | 7.37e-05 |
|    n_updates       | 439544   |
---------------------------------
Eval num_timesteps=450000, episode_reward=269.74 +/- 19.79
Episode length: 186.60 +/- 16.48
---------------------------------
| eval/              |          |
|    mean_ep_length  | 187      |
|    mean_reward     | 270      |
| time/              |          |
|    total_timesteps | 450000   |
| train/             |          |
|    actor_loss      | -69.5    |
|    critic_loss     | 11.2     |
|    ent_coef        | 0.0674   |
|    ent_coef_loss   | 0.219    |
|    learning_rate   | 7.3e-05  |
|    n_updates       | 439992   |
---------------------------------
---------------------------------
| rollout/           |          |
|    ep_len_mean     | 208      |
|    ep_rew_mean     | 277      |
| time/              |          |
|    episodes        | 1776     |
|    fps             | 217      |
|    time_elapsed    | 2071     |
|    total_timesteps | 451000   |
| train/             |          |
|    actor_loss      | -68.5    |
|    critic_loss     | 6.89     |
|    ent_coef        | 0.0676   |
|    ent_coef_loss   | 0.0333   |
|    learning_rate   | 7.16e-05 |
|    n_updates       | 440992   |
---------------------------------
---------------------------------
| rollout/           |          |
|    ep_len_mean     | 208      |
|    ep_rew_mean     | 277      |
| time/              |          |
|    episodes        | 1780     |
|    fps             | 217      |
|    time_elapsed    | 2074     |
|    total_timesteps | 451608   |
| train/             |          |
|    actor_loss      | -68      |
|    critic_loss     | 6.48     |
|    ent_coef        | 0.0678   |
|    ent_coef_loss   | 0.196    |
|    learning_rate   | 7.07e-05 |
|    n_updates       | 441600   |
---------------------------------
---------------------------------
| rollout/           |          |
|    ep_len_mean     | 210      |
|    ep_rew_mean     | 277      |
| time/              |          |
|    episodes        | 1784     |
|    fps             | 217      |
|    time_elapsed    | 2077     |
|    total_timesteps | 452400   |
| train/             |          |
|    actor_loss      | -68.8    |
|    critic_loss     | 6.86     |
|    ent_coef        | 0.0681   |
|    ent_coef_loss   | -0.0768  |
|    learning_rate   | 6.95e-05 |
|    n_updates       | 442392   |
---------------------------------
---------------------------------
| rollout/           |          |
|    ep_len_mean     | 209      |
|    ep_rew_mean     | 276      |
| time/              |          |
|    episodes        | 1788     |
|    fps             | 217      |
|    time_elapsed    | 2080     |
|    total_timesteps | 453048   |
| train/             |          |
|    actor_loss      | -69.1    |
|    critic_loss     | 6.24     |
|    ent_coef        | 0.0684   |
|    ent_coef_loss   | 0.0338   |
|    learning_rate   | 6.86e-05 |
|    n_updates       | 443040   |
---------------------------------
---------------------------------
| rollout/           |          |
|    ep_len_mean     | 208      |
|    ep_rew_mean     | 278      |
| time/              |          |
|    episodes        | 1792     |
|    fps             | 217      |
|    time_elapsed    | 2084     |
|    total_timesteps | 453936   |
| train/             |          |
|    actor_loss      | -68.9    |
|    critic_loss     | 5.63     |
|    ent_coef        | 0.0684   |
|    ent_coef_loss   | 0.0713   |
|    learning_rate   | 6.73e-05 |
|    n_updates       | 443928   |
---------------------------------
---------------------------------
| rollout/           |          |
|    ep_len_mean     | 209      |
|    ep_rew_mean     | 279      |
| time/              |          |
|    episodes        | 1796     |
|    fps             | 217      |
|    time_elapsed    | 2088     |
|    total_timesteps | 454672   |
| train/             |          |
|    actor_loss      | -68.6    |
|    critic_loss     | 6.78     |
|    ent_coef        | 0.0685   |
|    ent_coef_loss   | 0.128    |
|    learning_rate   | 6.62e-05 |
|    n_updates       | 444664   |
---------------------------------
---------------------------------
| rollout/           |          |
|    ep_len_mean     | 209      |
|    ep_rew_mean     | 280      |
| time/              |          |
|    episodes        | 1800     |
|    fps             | 217      |
|    time_elapsed    | 2092     |
|    total_timesteps | 455616   |
| train/             |          |
|    actor_loss      | -68.3    |
|    critic_loss     | 6.84     |
|    ent_coef        | 0.0687   |
|    ent_coef_loss   | 0.174    |
|    learning_rate   | 6.48e-05 |
|    n_updates       | 445608   |
---------------------------------
---------------------------------
| rollout/           |          |
|    ep_len_mean     | 209      |
|    ep_rew_mean     | 280      |
| time/              |          |
|    episodes        | 1804     |
|    fps             | 217      |
|    time_elapsed    | 2095     |
|    total_timesteps | 456192   |
| train/             |          |
|    actor_loss      | -68.3    |
|    critic_loss     | 6.41     |
|    ent_coef        | 0.0686   |
|    ent_coef_loss   | -0.0608  |
|    learning_rate   | 6.4e-05  |
|    n_updates       | 446184   |
---------------------------------
---------------------------------
| rollout/           |          |
|    ep_len_mean     | 208      |
|    ep_rew_mean     | 279      |
| time/              |          |
|    episodes        | 1808     |
|    fps             | 217      |
|    time_elapsed    | 2100     |
|    total_timesteps | 457368   |
| train/             |          |
|    actor_loss      | -70.3    |
|    critic_loss     | 6.79     |
|    ent_coef        | 0.0685   |
|    ent_coef_loss   | -0.221   |
|    learning_rate   | 6.23e-05 |
|    n_updates       | 447360   |
---------------------------------
---------------------------------
| rollout/           |          |
|    ep_len_mean     | 209      |
|    ep_rew_mean     | 279      |
| time/              |          |
|    episodes        | 1812     |
|    fps             | 217      |
|    time_elapsed    | 2105     |
|    total_timesteps | 458368   |
| train/             |          |
|    actor_loss      | -68.4    |
|    critic_loss     | 6.5      |
|    ent_coef        | 0.0682   |
|    ent_coef_loss   | -0.0047  |
|    learning_rate   | 6.08e-05 |
|    n_updates       | 448360   |
---------------------------------
---------------------------------
| rollout/           |          |
|    ep_len_mean     | 211      |
|    ep_rew_mean     | 279      |
| time/              |          |
|    episodes        | 1816     |
|    fps             | 217      |
|    time_elapsed    | 2108     |
|    total_timesteps | 459152   |
| train/             |          |
|    actor_loss      | -69.4    |
|    critic_loss     | 16.4     |
|    ent_coef        | 0.0682   |
|    ent_coef_loss   | -0.157   |
|    learning_rate   | 5.96e-05 |
|    n_updates       | 449144   |
---------------------------------
---------------------------------
| rollout/           |          |
|    ep_len_mean     | 212      |
|    ep_rew_mean     | 279      |
| time/              |          |
|    episodes        | 1820     |
|    fps             | 217      |
|    time_elapsed    | 2112     |
|    total_timesteps | 459968   |
| train/             |          |
|    actor_loss      | -68.8    |
|    critic_loss     | 6.13     |
|    ent_coef        | 0.0684   |
|    ent_coef_loss   | -0.218   |
|    learning_rate   | 5.85e-05 |
|    n_updates       | 449960   |
---------------------------------
Eval num_timesteps=460000, episode_reward=279.82 +/- 23.37
Episode length: 249.40 +/- 129.52
---------------------------------
| eval/              |          |
|    mean_ep_length  | 249      |
|    mean_reward     | 280      |
| time/              |          |
|    total_timesteps | 460000   |
| train/             |          |
|    actor_loss      | -69.4    |
|    critic_loss     | 8.64     |
|    ent_coef        | 0.0684   |
|    ent_coef_loss   | -0.0346  |
|    learning_rate   | 5.84e-05 |
|    n_updates       | 449992   |
---------------------------------
---------------------------------
| rollout/           |          |
|    ep_len_mean     | 213      |
|    ep_rew_mean     | 278      |
| time/              |          |
|    episodes        | 1824     |
|    fps             | 217      |
|    time_elapsed    | 2117     |
|    total_timesteps | 460864   |
| train/             |          |
|    actor_loss      | -68.4    |
|    critic_loss     | 5.6      |
|    ent_coef        | 0.0686   |
|    ent_coef_loss   | 0.138    |
|    learning_rate   | 5.72e-05 |
|    n_updates       | 450856   |
---------------------------------
---------------------------------
| rollout/           |          |
|    ep_len_mean     | 215      |
|    ep_rew_mean     | 279      |
| time/              |          |
|    episodes        | 1828     |
|    fps             | 217      |
|    time_elapsed    | 2121     |
|    total_timesteps | 461720   |
| train/             |          |
|    actor_loss      | -68.6    |
|    critic_loss     | 8.42     |
|    ent_coef        | 0.0685   |
|    ent_coef_loss   | 0.0834   |
|    learning_rate   | 5.59e-05 |
|    n_updates       | 451712   |
---------------------------------
---------------------------------
| rollout/           |          |
|    ep_len_mean     | 214      |
|    ep_rew_mean     | 279      |
| time/              |          |
|    episodes        | 1832     |
|    fps             | 217      |
|    time_elapsed    | 2125     |
|    total_timesteps | 462664   |
| train/             |          |
|    actor_loss      | -68.7    |
|    critic_loss     | 10       |
|    ent_coef        | 0.0686   |
|    ent_coef_loss   | 0.0614   |
|    learning_rate   | 5.45e-05 |
|    n_updates       | 452656   |
---------------------------------
---------------------------------
| rollout/           |          |
|    ep_len_mean     | 215      |
|    ep_rew_mean     | 278      |
| time/              |          |
|    episodes        | 1836     |
|    fps             | 217      |
|    time_elapsed    | 2128     |
|    total_timesteps | 463264   |
| train/             |          |
|    actor_loss      | -69.2    |
|    critic_loss     | 6.27     |
|    ent_coef        | 0.0688   |
|    ent_coef_loss   | 0.0348   |
|    learning_rate   | 5.36e-05 |
|    n_updates       | 453256   |
---------------------------------
---------------------------------
| rollout/           |          |
|    ep_len_mean     | 213      |
|    ep_rew_mean     | 278      |
| time/              |          |
|    episodes        | 1840     |
|    fps             | 217      |
|    time_elapsed    | 2134     |
|    total_timesteps | 464600   |
| train/             |          |
|    actor_loss      | -68.5    |
|    critic_loss     | 10.2     |
|    ent_coef        | 0.0688   |
|    ent_coef_loss   | -0.0601  |
|    learning_rate   | 5.17e-05 |
|    n_updates       | 454592   |
---------------------------------
---------------------------------
| rollout/           |          |
|    ep_len_mean     | 208      |
|    ep_rew_mean     | 278      |
| time/              |          |
|    episodes        | 1844     |
|    fps             | 217      |
|    time_elapsed    | 2137     |
|    total_timesteps | 465192   |
| train/             |          |
|    actor_loss      | -68.1    |
|    critic_loss     | 8.53     |
|    ent_coef        | 0.0687   |
|    ent_coef_loss   | -0.0349  |
|    learning_rate   | 5.08e-05 |
|    n_updates       | 455184   |
---------------------------------
---------------------------------
| rollout/           |          |
|    ep_len_mean     | 210      |
|    ep_rew_mean     | 278      |
| time/              |          |
|    episodes        | 1848     |
|    fps             | 217      |
|    time_elapsed    | 2141     |
|    total_timesteps | 465944   |
| train/             |          |
|    actor_loss      | -69.9    |
|    critic_loss     | 9.61     |
|    ent_coef        | 0.0689   |
|    ent_coef_loss   | 0.00975  |
|    learning_rate   | 4.97e-05 |
|    n_updates       | 455936   |
---------------------------------
---------------------------------
| rollout/           |          |
|    ep_len_mean     | 208      |
|    ep_rew_mean     | 277      |
| time/              |          |
|    episodes        | 1852     |
|    fps             | 217      |
|    time_elapsed    | 2144     |
|    total_timesteps | 466680   |
| train/             |          |
|    actor_loss      | -68.1    |
|    critic_loss     | 5.51     |
|    ent_coef        | 0.0689   |
|    ent_coef_loss   | -0.09    |
|    learning_rate   | 4.87e-05 |
|    n_updates       | 456672   |
---------------------------------
---------------------------------
| rollout/           |          |
|    ep_len_mean     | 209      |
|    ep_rew_mean     | 278      |
| time/              |          |
|    episodes        | 1856     |
|    fps             | 217      |
|    time_elapsed    | 2148     |
|    total_timesteps | 467512   |
| train/             |          |
|    actor_loss      | -69      |
|    critic_loss     | 8.13     |
|    ent_coef        | 0.0685   |
|    ent_coef_loss   | -0.11    |
|    learning_rate   | 4.74e-05 |
|    n_updates       | 457504   |
---------------------------------
---------------------------------
| rollout/           |          |
|    ep_len_mean     | 208      |
|    ep_rew_mean     | 278      |
| time/              |          |
|    episodes        | 1860     |
|    fps             | 217      |
|    time_elapsed    | 2152     |
|    total_timesteps | 468392   |
| train/             |          |
|    actor_loss      | -69.2    |
|    critic_loss     | 5.98     |
|    ent_coef        | 0.0685   |
|    ent_coef_loss   | -0.139   |
|    learning_rate   | 4.62e-05 |
|    n_updates       | 458384   |
---------------------------------
---------------------------------
| rollout/           |          |
|    ep_len_mean     | 209      |
|    ep_rew_mean     | 279      |
| time/              |          |
|    episodes        | 1864     |
|    fps             | 217      |
|    time_elapsed    | 2155     |
|    total_timesteps | 469024   |
| train/             |          |
|    actor_loss      | -69      |
|    critic_loss     | 8.34     |
|    ent_coef        | 0.0688   |
|    ent_coef_loss   | 0.0767   |
|    learning_rate   | 4.52e-05 |
|    n_updates       | 459016   |
---------------------------------
Eval num_timesteps=470000, episode_reward=262.94 +/- 14.64
Episode length: 183.10 +/- 11.76
---------------------------------
| eval/              |          |
|    mean_ep_length  | 183      |
|    mean_reward     | 263      |
| time/              |          |
|    total_timesteps | 470000   |
| train/             |          |
|    actor_loss      | -70.1    |
|    critic_loss     | 6.61     |
|    ent_coef        | 0.069    |
|    ent_coef_loss   | -0.244   |
|    learning_rate   | 4.38e-05 |
|    n_updates       | 459992   |
---------------------------------
---------------------------------
| rollout/           |          |
|    ep_len_mean     | 209      |
|    ep_rew_mean     | 280      |
| time/              |          |
|    episodes        | 1868     |
|    fps             | 217      |
|    time_elapsed    | 2160     |
|    total_timesteps | 470000   |
---------------------------------
---------------------------------
| rollout/           |          |
|    ep_len_mean     | 209      |
|    ep_rew_mean     | 280      |
| time/              |          |
|    episodes        | 1872     |
|    fps             | 217      |
|    time_elapsed    | 2163     |
|    total_timesteps | 470656   |
| train/             |          |
|    actor_loss      | -68.4    |
|    critic_loss     | 4.9      |
|    ent_coef        | 0.0692   |
|    ent_coef_loss   | 0.0648   |
|    learning_rate   | 4.29e-05 |
|    n_updates       | 460648   |
---------------------------------
---------------------------------
| rollout/           |          |
|    ep_len_mean     | 210      |
|    ep_rew_mean     | 280      |
| time/              |          |
|    episodes        | 1876     |
|    fps             | 217      |
|    time_elapsed    | 2167     |
|    total_timesteps | 471584   |
| train/             |          |
|    actor_loss      | -69.7    |
|    critic_loss     | 6.15     |
|    ent_coef        | 0.0692   |
|    ent_coef_loss   | -0.0305  |
|    learning_rate   | 4.15e-05 |
|    n_updates       | 461576   |
---------------------------------
---------------------------------
| rollout/           |          |
|    ep_len_mean     | 209      |
|    ep_rew_mean     | 280      |
| time/              |          |
|    episodes        | 1880     |
|    fps             | 217      |
|    time_elapsed    | 2171     |
|    total_timesteps | 472472   |
| train/             |          |
|    actor_loss      | -69.2    |
|    critic_loss     | 4.7      |
|    ent_coef        | 0.0693   |
|    ent_coef_loss   | -0.16    |
|    learning_rate   | 4.02e-05 |
|    n_updates       | 462464   |
---------------------------------
---------------------------------
| rollout/           |          |
|    ep_len_mean     | 208      |
|    ep_rew_mean     | 281      |
| time/              |          |
|    episodes        | 1884     |
|    fps             | 217      |
|    time_elapsed    | 2175     |
|    total_timesteps | 473208   |
| train/             |          |
|    actor_loss      | -69.4    |
|    critic_loss     | 7.14     |
|    ent_coef        | 0.069    |
|    ent_coef_loss   | 0.0195   |
|    learning_rate   | 3.91e-05 |
|    n_updates       | 463200   |
---------------------------------
---------------------------------
| rollout/           |          |
|    ep_len_mean     | 209      |
|    ep_rew_mean     | 281      |
| time/              |          |
|    episodes        | 1888     |
|    fps             | 217      |
|    time_elapsed    | 2179     |
|    total_timesteps | 474104   |
| train/             |          |
|    actor_loss      | -70      |
|    critic_loss     | 6.88     |
|    ent_coef        | 0.0689   |
|    ent_coef_loss   | 0.105    |
|    learning_rate   | 3.78e-05 |
|    n_updates       | 464096   |
---------------------------------
---------------------------------
| rollout/           |          |
|    ep_len_mean     | 210      |
|    ep_rew_mean     | 281      |
| time/              |          |
|    episodes        | 1892     |
|    fps             | 217      |
|    time_elapsed    | 2182     |
|    total_timesteps | 474768   |
| train/             |          |
|    actor_loss      | -68      |
|    critic_loss     | 6.49     |
|    ent_coef        | 0.0688   |
|    ent_coef_loss   | 0.21     |
|    learning_rate   | 3.69e-05 |
|    n_updates       | 464760   |
---------------------------------
---------------------------------
| rollout/           |          |
|    ep_len_mean     | 209      |
|    ep_rew_mean     | 281      |
| time/              |          |
|    episodes        | 1896     |
|    fps             | 217      |
|    time_elapsed    | 2186     |
|    total_timesteps | 475704   |
| train/             |          |
|    actor_loss      | -69.5    |
|    critic_loss     | 7.16     |
|    ent_coef        | 0.0689   |
|    ent_coef_loss   | 0.044    |
|    learning_rate   | 3.55e-05 |
|    n_updates       | 465696   |
---------------------------------
---------------------------------
| rollout/           |          |
|    ep_len_mean     | 209      |
|    ep_rew_mean     | 280      |
| time/              |          |
|    episodes        | 1900     |
|    fps             | 217      |
|    time_elapsed    | 2192     |
|    total_timesteps | 476968   |
| train/             |          |
|    actor_loss      | -69.5    |
|    critic_loss     | 5.49     |
|    ent_coef        | 0.0688   |
|    ent_coef_loss   | 0.0252   |
|    learning_rate   | 3.36e-05 |
|    n_updates       | 466960   |
---------------------------------
---------------------------------
| rollout/           |          |
|    ep_len_mean     | 213      |
|    ep_rew_mean     | 277      |
| time/              |          |
|    episodes        | 1904     |
|    fps             | 217      |
|    time_elapsed    | 2196     |
|    total_timesteps | 477992   |
| train/             |          |
|    actor_loss      | -70.1    |
|    critic_loss     | 6.93     |
|    ent_coef        | 0.0686   |
|    ent_coef_loss   | -0.0353  |
|    learning_rate   | 3.21e-05 |
|    n_updates       | 467984   |
---------------------------------
---------------------------------
| rollout/           |          |
|    ep_len_mean     | 214      |
|    ep_rew_mean     | 278      |
| time/              |          |
|    episodes        | 1908     |
|    fps             | 217      |
|    time_elapsed    | 2200     |
|    total_timesteps | 478760   |
| train/             |          |
|    actor_loss      | -68.3    |
|    critic_loss     | 7.99     |
|    ent_coef        | 0.0686   |
|    ent_coef_loss   | 0.124    |
|    learning_rate   | 3.1e-05  |
|    n_updates       | 468752   |
---------------------------------
---------------------------------
| rollout/           |          |
|    ep_len_mean     | 215      |
|    ep_rew_mean     | 279      |
| time/              |          |
|    episodes        | 1912     |
|    fps             | 217      |
|    time_elapsed    | 2204     |
|    total_timesteps | 479528   |
| train/             |          |
|    actor_loss      | -69.2    |
|    critic_loss     | 6.55     |
|    ent_coef        | 0.0686   |
|    ent_coef_loss   | -0.0365  |
|    learning_rate   | 2.99e-05 |
|    n_updates       | 469520   |
---------------------------------
Eval num_timesteps=480000, episode_reward=283.54 +/- 19.34
Episode length: 207.70 +/- 21.18
---------------------------------
| eval/              |          |
|    mean_ep_length  | 208      |
|    mean_reward     | 284      |
| time/              |          |
|    total_timesteps | 480000   |
| train/             |          |
|    actor_loss      | -69.3    |
|    critic_loss     | 8.05     |
|    ent_coef        | 0.0684   |
|    ent_coef_loss   | 0.0799   |
|    learning_rate   | 2.92e-05 |
|    n_updates       | 469992   |
---------------------------------
---------------------------------
| rollout/           |          |
|    ep_len_mean     | 214      |
|    ep_rew_mean     | 278      |
| time/              |          |
|    episodes        | 1916     |
|    fps             | 217      |
|    time_elapsed    | 2209     |
|    total_timesteps | 480568   |
| train/             |          |
|    actor_loss      | -69.2    |
|    critic_loss     | 7.13     |
|    ent_coef        | 0.0684   |
|    ent_coef_loss   | 0.318    |
|    learning_rate   | 2.84e-05 |
|    n_updates       | 470560   |
---------------------------------
---------------------------------
| rollout/           |          |
|    ep_len_mean     | 214      |
|    ep_rew_mean     | 279      |
| time/              |          |
|    episodes        | 1920     |
|    fps             | 217      |
|    time_elapsed    | 2212     |
|    total_timesteps | 481216   |
| train/             |          |
|    actor_loss      | -68.8    |
|    critic_loss     | 7.24     |
|    ent_coef        | 0.0684   |
|    ent_coef_loss   | -0.133   |
|    learning_rate   | 2.74e-05 |
|    n_updates       | 471208   |
---------------------------------
---------------------------------
| rollout/           |          |
|    ep_len_mean     | 212      |
|    ep_rew_mean     | 280      |
| time/              |          |
|    episodes        | 1924     |
|    fps             | 217      |
|    time_elapsed    | 2215     |
|    total_timesteps | 481864   |
| train/             |          |
|    actor_loss      | -70.1    |
|    critic_loss     | 5.8      |
|    ent_coef        | 0.0682   |
|    ent_coef_loss   | -0.116   |
|    learning_rate   | 2.65e-05 |
|    n_updates       | 471856   |
---------------------------------
---------------------------------
| rollout/           |          |
|    ep_len_mean     | 210      |
|    ep_rew_mean     | 280      |
| time/              |          |
|    episodes        | 1928     |
|    fps             | 217      |
|    time_elapsed    | 2219     |
|    total_timesteps | 482680   |
| train/             |          |
|    actor_loss      | -69.6    |
|    critic_loss     | 5.13     |
|    ent_coef        | 0.0679   |
|    ent_coef_loss   | -0.0808  |
|    learning_rate   | 2.53e-05 |
|    n_updates       | 472672   |
---------------------------------
---------------------------------
| rollout/           |          |
|    ep_len_mean     | 209      |
|    ep_rew_mean     | 280      |
| time/              |          |
|    episodes        | 1932     |
|    fps             | 217      |
|    time_elapsed    | 2224     |
|    total_timesteps | 483928   |
| train/             |          |
|    actor_loss      | -69.3    |
|    critic_loss     | 5.6      |
|    ent_coef        | 0.0678   |
|    ent_coef_loss   | -0.158   |
|    learning_rate   | 2.35e-05 |
|    n_updates       | 473920   |
---------------------------------
---------------------------------
| rollout/           |          |
|    ep_len_mean     | 208      |
|    ep_rew_mean     | 280      |
| time/              |          |
|    episodes        | 1936     |
|    fps             | 217      |
|    time_elapsed    | 2227     |
|    total_timesteps | 484456   |
| train/             |          |
|    actor_loss      | -69.1    |
|    critic_loss     | 4.71     |
|    ent_coef        | 0.0678   |
|    ent_coef_loss   | 0.21     |
|    learning_rate   | 2.27e-05 |
|    n_updates       | 474448   |
---------------------------------
---------------------------------
| rollout/           |          |
|    ep_len_mean     | 208      |
|    ep_rew_mean     | 280      |
| time/              |          |
|    episodes        | 1940     |
|    fps             | 217      |
|    time_elapsed    | 2232     |
|    total_timesteps | 485472   |
| train/             |          |
|    actor_loss      | -67.9    |
|    critic_loss     | 6.18     |
|    ent_coef        | 0.0677   |
|    ent_coef_loss   | -0.0387  |
|    learning_rate   | 2.12e-05 |
|    n_updates       | 475464   |
---------------------------------
---------------------------------
| rollout/           |          |
|    ep_len_mean     | 211      |
|    ep_rew_mean     | 280      |
| time/              |          |
|    episodes        | 1944     |
|    fps             | 217      |
|    time_elapsed    | 2234     |
|    total_timesteps | 485912   |
| train/             |          |
|    actor_loss      | -70.7    |
|    critic_loss     | 7.41     |
|    ent_coef        | 0.0677   |
|    ent_coef_loss   | -0.133   |
|    learning_rate   | 2.06e-05 |
|    n_updates       | 475904   |
---------------------------------
---------------------------------
| rollout/           |          |
|    ep_len_mean     | 209      |
|    ep_rew_mean     | 280      |
| time/              |          |
|    episodes        | 1948     |
|    fps             | 217      |
|    time_elapsed    | 2239     |
|    total_timesteps | 486992   |
| train/             |          |
|    actor_loss      | -69.4    |
|    critic_loss     | 5.47     |
|    ent_coef        | 0.0677   |
|    ent_coef_loss   | -0.0194  |
|    learning_rate   | 1.9e-05  |
|    n_updates       | 476984   |
---------------------------------
---------------------------------
| rollout/           |          |
|    ep_len_mean     | 210      |
|    ep_rew_mean     | 280      |
| time/              |          |
|    episodes        | 1952     |
|    fps             | 217      |
|    time_elapsed    | 2241     |
|    total_timesteps | 487552   |
| train/             |          |
|    actor_loss      | -71.1    |
|    critic_loss     | 7.02     |
|    ent_coef        | 0.0677   |
|    ent_coef_loss   | -0.343   |
|    learning_rate   | 1.82e-05 |
|    n_updates       | 477544   |
---------------------------------
---------------------------------
| rollout/           |          |
|    ep_len_mean     | 210      |
|    ep_rew_mean     | 280      |
| time/              |          |
|    episodes        | 1956     |
|    fps             | 217      |
|    time_elapsed    | 2247     |
|    total_timesteps | 488752   |
| train/             |          |
|    actor_loss      | -69.4    |
|    critic_loss     | 7.17     |
|    ent_coef        | 0.0676   |
|    ent_coef_loss   | 0.192    |
|    learning_rate   | 1.64e-05 |
|    n_updates       | 478744   |
---------------------------------
---------------------------------
| rollout/           |          |
|    ep_len_mean     | 211      |
|    ep_rew_mean     | 279      |
| time/              |          |
|    episodes        | 1960     |
|    fps             | 217      |
|    time_elapsed    | 2248     |
|    total_timesteps | 488952   |
| train/             |          |
|    actor_loss      | -69.4    |
|    critic_loss     | 5.66     |
|    ent_coef        | 0.0676   |
|    ent_coef_loss   | -0.185   |
|    learning_rate   | 1.61e-05 |
|    n_updates       | 478944   |
---------------------------------
Eval num_timesteps=490000, episode_reward=275.88 +/- 16.43
Episode length: 200.70 +/- 24.72
---------------------------------
| eval/              |          |
|    mean_ep_length  | 201      |
|    mean_reward     | 276      |
| time/              |          |
|    total_timesteps | 490000   |
| train/             |          |
|    actor_loss      | -69.9    |
|    critic_loss     | 20.5     |
|    ent_coef        | 0.0675   |
|    ent_coef_loss   | -0.313   |
|    learning_rate   | 1.46e-05 |
|    n_updates       | 479992   |
---------------------------------
---------------------------------
| rollout/           |          |
|    ep_len_mean     | 209      |
|    ep_rew_mean     | 279      |
| time/              |          |
|    episodes        | 1964     |
|    fps             | 217      |
|    time_elapsed    | 2254     |
|    total_timesteps | 490288   |
| train/             |          |
|    actor_loss      | -68.8    |
|    critic_loss     | 19.8     |
|    ent_coef        | 0.0675   |
|    ent_coef_loss   | -0.307   |
|    learning_rate   | 1.42e-05 |
|    n_updates       | 480280   |
---------------------------------
---------------------------------
| rollout/           |          |
|    ep_len_mean     | 209      |
|    ep_rew_mean     | 279      |
| time/              |          |
|    episodes        | 1968     |
|    fps             | 217      |
|    time_elapsed    | 2256     |
|    total_timesteps | 490632   |
| train/             |          |
|    actor_loss      | -69.8    |
|    critic_loss     | 10.9     |
|    ent_coef        | 0.0675   |
|    ent_coef_loss   | 0.0292   |
|    learning_rate   | 1.37e-05 |
|    n_updates       | 480624   |
---------------------------------
---------------------------------
| rollout/           |          |
|    ep_len_mean     | 208      |
|    ep_rew_mean     | 278      |
| time/              |          |
|    episodes        | 1972     |
|    fps             | 217      |
|    time_elapsed    | 2261     |
|    total_timesteps | 491712   |
| train/             |          |
|    actor_loss      | -68.3    |
|    critic_loss     | 6.97     |
|    ent_coef        | 0.0674   |
|    ent_coef_loss   | -0.0322  |
|    learning_rate   | 1.21e-05 |
|    n_updates       | 481704   |
---------------------------------
---------------------------------
| rollout/           |          |
|    ep_len_mean     | 208      |
|    ep_rew_mean     | 278      |
| time/              |          |
|    episodes        | 1976     |
|    fps             | 217      |
|    time_elapsed    | 2265     |
|    total_timesteps | 492560   |
| train/             |          |
|    actor_loss      | -70      |
|    critic_loss     | 3.92     |
|    ent_coef        | 0.0674   |
|    ent_coef_loss   | -0.0282  |
|    learning_rate   | 1.09e-05 |
|    n_updates       | 482552   |
---------------------------------
---------------------------------
| rollout/           |          |
|    ep_len_mean     | 209      |
|    ep_rew_mean     | 278      |
| time/              |          |
|    episodes        | 1980     |
|    fps             | 217      |
|    time_elapsed    | 2268     |
|    total_timesteps | 493344   |
| train/             |          |
|    actor_loss      | -69.4    |
|    critic_loss     | 5.37     |
|    ent_coef        | 0.0675   |
|    ent_coef_loss   | 0.305    |
|    learning_rate   | 9.73e-06 |
|    n_updates       | 483336   |
---------------------------------
---------------------------------
| rollout/           |          |
|    ep_len_mean     | 209      |
|    ep_rew_mean     | 278      |
| time/              |          |
|    episodes        | 1984     |
|    fps             | 217      |
|    time_elapsed    | 2272     |
|    total_timesteps | 494304   |
| train/             |          |
|    actor_loss      | -68.5    |
|    critic_loss     | 5.59     |
|    ent_coef        | 0.0675   |
|    ent_coef_loss   | 0.271    |
|    learning_rate   | 8.33e-06 |
|    n_updates       | 484296   |
---------------------------------
---------------------------------
| rollout/           |          |
|    ep_len_mean     | 210      |
|    ep_rew_mean     | 278      |
| time/              |          |
|    episodes        | 1988     |
|    fps             | 217      |
|    time_elapsed    | 2275     |
|    total_timesteps | 494936   |
| train/             |          |
|    actor_loss      | -69.4    |
|    critic_loss     | 9.37     |
|    ent_coef        | 0.0675   |
|    ent_coef_loss   | 0.0256   |
|    learning_rate   | 7.41e-06 |
|    n_updates       | 484928   |
---------------------------------
---------------------------------
| rollout/           |          |
|    ep_len_mean     | 211      |
|    ep_rew_mean     | 277      |
| time/              |          |
|    episodes        | 1992     |
|    fps             | 217      |
|    time_elapsed    | 2280     |
|    total_timesteps | 495944   |
| train/             |          |
|    actor_loss      | -69.9    |
|    critic_loss     | 9.77     |
|    ent_coef        | 0.0675   |
|    ent_coef_loss   | -0.0418  |
|    learning_rate   | 5.93e-06 |
|    n_updates       | 485936   |
---------------------------------
---------------------------------
| rollout/           |          |
|    ep_len_mean     | 211      |
|    ep_rew_mean     | 278      |
| time/              |          |
|    episodes        | 1996     |
|    fps             | 217      |
|    time_elapsed    | 2284     |
|    total_timesteps | 496752   |
| train/             |          |
|    actor_loss      | -68.6    |
|    critic_loss     | 7.78     |
|    ent_coef        | 0.0674   |
|    ent_coef_loss   | 0.0649   |
|    learning_rate   | 4.75e-06 |
|    n_updates       | 486744   |
---------------------------------
---------------------------------
| rollout/           |          |
|    ep_len_mean     | 210      |
|    ep_rew_mean     | 277      |
| time/              |          |
|    episodes        | 2000     |
|    fps             | 217      |
|    time_elapsed    | 2288     |
|    total_timesteps | 497704   |
| train/             |          |
|    actor_loss      | -69.4    |
|    critic_loss     | 5.65     |
|    ent_coef        | 0.0674   |
|    ent_coef_loss   | 0.107    |
|    learning_rate   | 3.36e-06 |
|    n_updates       | 487696   |
---------------------------------
---------------------------------
| rollout/           |          |
|    ep_len_mean     | 206      |
|    ep_rew_mean     | 280      |
| time/              |          |
|    episodes        | 2004     |
|    fps             | 217      |
|    time_elapsed    | 2291     |
|    total_timesteps | 498296   |
| train/             |          |
|    actor_loss      | -70.4    |
|    critic_loss     | 7.19     |
|    ent_coef        | 0.0674   |
|    ent_coef_loss   | 0.0131   |
|    learning_rate   | 2.5e-06  |
|    n_updates       | 488288   |
---------------------------------
---------------------------------
| rollout/           |          |
|    ep_len_mean     | 207      |
|    ep_rew_mean     | 279      |
| time/              |          |
|    episodes        | 2008     |
|    fps             | 217      |
|    time_elapsed    | 2295     |
|    total_timesteps | 499200   |
| train/             |          |
|    actor_loss      | -69      |
|    critic_loss     | 6.54     |
|    ent_coef        | 0.0674   |
|    ent_coef_loss   | 0.0409   |
|    learning_rate   | 1.18e-06 |
|    n_updates       | 489192   |
---------------------------------
---------------------------------
| rollout/           |          |
|    ep_len_mean     | 204      |
|    ep_rew_mean     | 278      |
| time/              |          |
|    episodes        | 2012     |
|    fps             | 217      |
|    time_elapsed    | 2298     |
|    total_timesteps | 499840   |
| train/             |          |
|    actor_loss      | -69.5    |
|    critic_loss     | 15.4     |
|    ent_coef        | 0.0674   |
|    ent_coef_loss   | -0.159   |
|    learning_rate   | 2.45e-07 |
|    n_updates       | 489832   |
---------------------------------
Eval num_timesteps=500000, episode_reward=272.61 +/- 13.06
Episode length: 217.60 +/- 57.05
---------------------------------
| eval/              |          |
|    mean_ep_length  | 218      |
|    mean_reward     | 273      |
| time/              |          |
|    total_timesteps | 500000   |
| train/             |          |
|    actor_loss      | -70.3    |
|    critic_loss     | 6.31     |
|    ent_coef        | 0.0674   |
|    ent_coef_loss   | 0.0647   |
|    learning_rate   | 1.17e-08 |
|    n_updates       | 489992   |
---------------------------------
Wrapping the env in a DummyVecEnv.
mlp after training: mean_reward=283.48 +/- 8.60

=== Experiment complete ===
Summary: outputs/lunarlander_parallel_baseline/sac8env-20260729_084955-seed123/experiment_summary_mlp.json
mlp: final=283.48, best_eval=290.04201090000004
/home/leopold/anaconda3/envs/sac_sb3_demo/lib/python3.12/site-packages/pygame/pkgdata.py:25: UserWarning: pkg_resources is deprecated as an API. See https://setuptools.pypa.io/en/latest/pkg_resources.html. The pkg_resources package is slated for removal as early as 2025-11-30. Refrain from using this package or pin to Setuptools<81.
  from pkg_resources import resource_stream, resource_exists
/home/leopold/anaconda3/envs/sac_sb3_demo/lib/python3.12/site-packages/pygame/pkgdata.py:25: UserWarning: pkg_resources is deprecated as an API. See https://setuptools.pypa.io/en/latest/pkg_resources.html. The pkg_resources package is slated for removal as early as 2025-11-30. Refrain from using this package or pin to Setuptools<81.
  from pkg_resources import resource_stream, resource_exists
/home/leopold/anaconda3/envs/sac_sb3_demo/lib/python3.12/site-packages/pygame/pkgdata.py:25: UserWarning: pkg_resources is deprecated as an API. See https://setuptools.pypa.io/en/latest/pkg_resources.html. The pkg_resources package is slated for removal as early as 2025-11-30. Refrain from using this package or pin to Setuptools<81.
  from pkg_resources import resource_stream, resource_exists
/home/leopold/anaconda3/envs/sac_sb3_demo/lib/python3.12/site-packages/pygame/pkgdata.py:25: UserWarning: pkg_resources is deprecated as an API. See https://setuptools.pypa.io/en/latest/pkg_resources.html. The pkg_resources package is slated for removal as early as 2025-11-30. Refrain from using this package or pin to Setuptools<81.
  from pkg_resources import resource_stream, resource_exists
/home/leopold/anaconda3/envs/sac_sb3_demo/lib/python3.12/site-packages/pygame/pkgdata.py:25: UserWarning: pkg_resources is deprecated as an API. See https://setuptools.pypa.io/en/latest/pkg_resources.html. The pkg_resources package is slated for removal as early as 2025-11-30. Refrain from using this package or pin to Setuptools<81.
  from pkg_resources import resource_stream, resource_exists
/home/leopold/anaconda3/envs/sac_sb3_demo/lib/python3.12/site-packages/pygame/pkgdata.py:25: UserWarning: pkg_resources is deprecated as an API. See https://setuptools.pypa.io/en/latest/pkg_resources.html. The pkg_resources package is slated for removal as early as 2025-11-30. Refrain from using this package or pin to Setuptools<81.
  from pkg_resources import resource_stream, resource_exists
/home/leopold/anaconda3/envs/sac_sb3_demo/lib/python3.12/site-packages/pygame/pkgdata.py:25: UserWarning: pkg_resources is deprecated as an API. See https://setuptools.pypa.io/en/latest/pkg_resources.html. The pkg_resources package is slated for removal as early as 2025-11-30. Refrain from using this package or pin to Setuptools<81.
  from pkg_resources import resource_stream, resource_exists
/home/leopold/anaconda3/envs/sac_sb3_demo/lib/python3.12/site-packages/pygame/pkgdata.py:25: UserWarning: pkg_resources is deprecated as an API. See https://setuptools.pypa.io/en/latest/pkg_resources.html. The pkg_resources package is slated for removal as early as 2025-11-30. Refrain from using this package or pin to Setuptools<81.
  from pkg_resources import resource_stream, resource_exists
/home/leopold/anaconda3/envs/sac_sb3_demo/lib/python3.12/site-packages/pygame/pkgdata.py:25: UserWarning: pkg_resources is deprecated as an API. See https://setuptools.pypa.io/en/latest/pkg_resources.html. The pkg_resources package is slated for removal as early as 2025-11-30. Refrain from using this package or pin to Setuptools<81.
  from pkg_resources import resource_stream, resource_exists
/home/leopold/anaconda3/envs/sac_sb3_demo/lib/python3.12/site-packages/stable_baselines3/common/callbacks.py:418: UserWarning: Training and eval env are not of the same type<stable_baselines3.common.vec_env.subproc_vec_env.SubprocVecEnv object at 0x700642fcbc80> != <stable_baselines3.common.vec_env.dummy_vec_env.DummyVecEnv object at 0x700633dead20>
  warnings.warn("Training and eval env are not of the same type" f"{self.training_env} != {self.eval_env}")


