══════════════════════════════════════════
[3/9] SAC  seed=456  device=cuda
started: 2026年 07月 28日 星期二 22:23:43 CST
run_tag: SAC-20260728_211032-seed456
══════════════════════════════════════════
CUDA available: NVIDIA GeForce RTX 4070 Laptop GPU

=== Training variant: mlp ===
Using cuda device
mlp before training: mean_reward=-190.00 +/- 75.70
Logging to runs/lunarlander_baseline/SAC-20260728_211032-seed456/mlp_1
---------------------------------
| rollout/           |          |
|    ep_len_mean     | 94       |
|    ep_rew_mean     | -146     |
| time/              |          |
|    episodes        | 4        |
|    fps             | 7929     |
|    time_elapsed    | 0        |
|    total_timesteps | 376      |
---------------------------------
---------------------------------
| rollout/           |          |
|    ep_len_mean     | 104      |
|    ep_rew_mean     | -161     |
| time/              |          |
|    episodes        | 8        |
|    fps             | 8150     |
|    time_elapsed    | 0        |
|    total_timesteps | 831      |
---------------------------------
---------------------------------
| rollout/           |          |
|    ep_len_mean     | 102      |
|    ep_rew_mean     | -172     |
| time/              |          |
|    episodes        | 12       |
|    fps             | 8233     |
|    time_elapsed    | 0        |
|    total_timesteps | 1222     |
---------------------------------
---------------------------------
| rollout/           |          |
|    ep_len_mean     | 108      |
|    ep_rew_mean     | -184     |
| time/              |          |
|    episodes        | 16       |
|    fps             | 8321     |
|    time_elapsed    | 0        |
|    total_timesteps | 1721     |
---------------------------------
---------------------------------
| rollout/           |          |
|    ep_len_mean     | 107      |
|    ep_rew_mean     | -193     |
| time/              |          |
|    episodes        | 20       |
|    fps             | 8364     |
|    time_elapsed    | 0        |
|    total_timesteps | 2143     |
---------------------------------
---------------------------------
| rollout/           |          |
|    ep_len_mean     | 109      |
|    ep_rew_mean     | -209     |
| time/              |          |
|    episodes        | 24       |
|    fps             | 8379     |
|    time_elapsed    | 0        |
|    total_timesteps | 2626     |
---------------------------------
---------------------------------
| rollout/           |          |
|    ep_len_mean     | 109      |
|    ep_rew_mean     | -220     |
| time/              |          |
|    episodes        | 28       |
|    fps             | 8378     |
|    time_elapsed    | 0        |
|    total_timesteps | 3063     |
---------------------------------
---------------------------------
| rollout/           |          |
|    ep_len_mean     | 111      |
|    ep_rew_mean     | -219     |
| time/              |          |
|    episodes        | 32       |
|    fps             | 8388     |
|    time_elapsed    | 0        |
|    total_timesteps | 3541     |
---------------------------------
---------------------------------
| rollout/           |          |
|    ep_len_mean     | 112      |
|    ep_rew_mean     | -210     |
| time/              |          |
|    episodes        | 36       |
|    fps             | 8401     |
|    time_elapsed    | 0        |
|    total_timesteps | 4049     |
---------------------------------
---------------------------------
| rollout/           |          |
|    ep_len_mean     | 115      |
|    ep_rew_mean     | -207     |
| time/              |          |
|    episodes        | 40       |
|    fps             | 8418     |
|    time_elapsed    | 0        |
|    total_timesteps | 4602     |
---------------------------------
---------------------------------
| rollout/           |          |
|    ep_len_mean     | 115      |
|    ep_rew_mean     | -214     |
| time/              |          |
|    episodes        | 44       |
|    fps             | 8425     |
|    time_elapsed    | 0        |
|    total_timesteps | 5058     |
---------------------------------
---------------------------------
| rollout/           |          |
|    ep_len_mean     | 114      |
|    ep_rew_mean     | -209     |
| time/              |          |
|    episodes        | 48       |
|    fps             | 8428     |
|    time_elapsed    | 0        |
|    total_timesteps | 5483     |
---------------------------------
---------------------------------
| rollout/           |          |
|    ep_len_mean     | 114      |
|    ep_rew_mean     | -203     |
| time/              |          |
|    episodes        | 52       |
|    fps             | 8428     |
|    time_elapsed    | 0        |
|    total_timesteps | 5945     |
---------------------------------
---------------------------------
| rollout/           |          |
|    ep_len_mean     | 113      |
|    ep_rew_mean     | -205     |
| time/              |          |
|    episodes        | 56       |
|    fps             | 8436     |
|    time_elapsed    | 0        |
|    total_timesteps | 6327     |
---------------------------------
---------------------------------
| rollout/           |          |
|    ep_len_mean     | 112      |
|    ep_rew_mean     | -212     |
| time/              |          |
|    episodes        | 60       |
|    fps             | 8436     |
|    time_elapsed    | 0        |
|    total_timesteps | 6706     |
---------------------------------
---------------------------------
| rollout/           |          |
|    ep_len_mean     | 111      |
|    ep_rew_mean     | -219     |
| time/              |          |
|    episodes        | 64       |
|    fps             | 8436     |
|    time_elapsed    | 0        |
|    total_timesteps | 7100     |
---------------------------------
---------------------------------
| rollout/           |          |
|    ep_len_mean     | 111      |
|    ep_rew_mean     | -220     |
| time/              |          |
|    episodes        | 68       |
|    fps             | 8435     |
|    time_elapsed    | 0        |
|    total_timesteps | 7539     |
---------------------------------
---------------------------------
| rollout/           |          |
|    ep_len_mean     | 111      |
|    ep_rew_mean     | -219     |
| time/              |          |
|    episodes        | 72       |
|    fps             | 8436     |
|    time_elapsed    | 0        |
|    total_timesteps | 7994     |
---------------------------------
---------------------------------
| rollout/           |          |
|    ep_len_mean     | 110      |
|    ep_rew_mean     | -212     |
| time/              |          |
|    episodes        | 76       |
|    fps             | 8438     |
|    time_elapsed    | 0        |
|    total_timesteps | 8394     |
---------------------------------
---------------------------------
| rollout/           |          |
|    ep_len_mean     | 111      |
|    ep_rew_mean     | -216     |
| time/              |          |
|    episodes        | 80       |
|    fps             | 8442     |
|    time_elapsed    | 1        |
|    total_timesteps | 8848     |
---------------------------------
---------------------------------
| rollout/           |          |
|    ep_len_mean     | 111      |
|    ep_rew_mean     | -212     |
| time/              |          |
|    episodes        | 84       |
|    fps             | 8437     |
|    time_elapsed    | 1        |
|    total_timesteps | 9357     |
---------------------------------
---------------------------------
| rollout/           |          |
|    ep_len_mean     | 111      |
|    ep_rew_mean     | -210     |
| time/              |          |
|    episodes        | 88       |
|    fps             | 8438     |
|    time_elapsed    | 1        |
|    total_timesteps | 9761     |
---------------------------------
Eval num_timesteps=10000, episode_reward=-206.10 +/- 122.29
Episode length: 122.70 +/- 80.72
---------------------------------
| eval/              |          |
|    mean_ep_length  | 123      |
|    mean_reward     | -206     |
| time/              |          |
|    total_timesteps | 10000    |
---------------------------------
New best mean reward!
---------------------------------
| rollout/           |          |
|    ep_len_mean     | 110      |
|    ep_rew_mean     | -210     |
| time/              |          |
|    episodes        | 92       |
|    fps             | 4687     |
|    time_elapsed    | 2        |
|    total_timesteps | 10093    |
| train/             |          |
|    actor_loss      | 0.00997  |
|    critic_loss     | 52.7     |
|    ent_coef        | 0.938    |
|    ent_coef_loss   | -0.203   |
|    learning_rate   | 0.000715 |
|    n_updates       | 92       |
---------------------------------
---------------------------------
| rollout/           |          |
|    ep_len_mean     | 111      |
|    ep_rew_mean     | -212     |
| time/              |          |
|    episodes        | 96       |
|    fps             | 2181     |
|    time_elapsed    | 4        |
|    total_timesteps | 10658    |
| train/             |          |
|    actor_loss      | 3.68     |
|    critic_loss     | 66.4     |
|    ent_coef        | 0.647    |
|    ent_coef_loss   | -1.07    |
|    learning_rate   | 0.000714 |
|    n_updates       | 657      |
---------------------------------
---------------------------------
| rollout/           |          |
|    ep_len_mean     | 128      |
|    ep_rew_mean     | -204     |
| time/              |          |
|    episodes        | 100      |
|    fps             | 836      |
|    time_elapsed    | 15       |
|    total_timesteps | 12817    |
| train/             |          |
|    actor_loss      | -2.92    |
|    critic_loss     | 17.3     |
|    ent_coef        | 0.226    |
|    ent_coef_loss   | -1.28    |
|    learning_rate   | 0.000711 |
|    n_updates       | 2816     |
---------------------------------
---------------------------------
| rollout/           |          |
|    ep_len_mean     | 157      |
|    ep_rew_mean     | -206     |
| time/              |          |
|    episodes        | 104      |
|    fps             | 518      |
|    time_elapsed    | 31       |
|    total_timesteps | 16111    |
| train/             |          |
|    actor_loss      | -10.2    |
|    critic_loss     | 5.96     |
|    ent_coef        | 0.13     |
|    ent_coef_loss   | 0.398    |
|    learning_rate   | 0.000706 |
|    n_updates       | 6110     |
---------------------------------
---------------------------------
| rollout/           |          |
|    ep_len_mean     | 181      |
|    ep_rew_mean     | -204     |
| time/              |          |
|    episodes        | 108      |
|    fps             | 442      |
|    time_elapsed    | 42       |
|    total_timesteps | 18937    |
| train/             |          |
|    actor_loss      | -11.3    |
|    critic_loss     | 9.96     |
|    ent_coef        | 0.133    |
|    ent_coef_loss   | -0.501   |
|    learning_rate   | 0.000702 |
|    n_updates       | 8936     |
---------------------------------
Eval num_timesteps=20000, episode_reward=-106.15 +/- 97.58
Episode length: 935.90 +/- 170.25
---------------------------------
| eval/              |          |
|    mean_ep_length  | 936      |
|    mean_reward     | -106     |
| time/              |          |
|    total_timesteps | 20000    |
| train/             |          |
|    actor_loss      | -6.23    |
|    critic_loss     | 16.5     |
|    ent_coef        | 0.129    |
|    ent_coef_loss   | 0.293    |
|    learning_rate   | 0.000701 |
|    n_updates       | 9999     |
---------------------------------
New best mean reward!
---------------------------------
| rollout/           |          |
|    ep_len_mean     | 217      |
|    ep_rew_mean     | -198     |
| time/              |          |
|    episodes        | 112      |
|    fps             | 365      |
|    time_elapsed    | 62       |
|    total_timesteps | 22937    |
| train/             |          |
|    actor_loss      | -16.2    |
|    critic_loss     | 8.94     |
|    ent_coef        | 0.137    |
|    ent_coef_loss   | -0.353   |
|    learning_rate   | 0.000697 |
|    n_updates       | 12936    |
---------------------------------
---------------------------------
| rollout/           |          |
|    ep_len_mean     | 252      |
|    ep_rew_mean     | -190     |
| time/              |          |
|    episodes        | 116      |
|    fps             | 338      |
|    time_elapsed    | 79       |
|    total_timesteps | 26937    |
| train/             |          |
|    actor_loss      | -8.27    |
|    critic_loss     | 18.1     |
|    ent_coef        | 0.149    |
|    ent_coef_loss   | 0.0895   |
|    learning_rate   | 0.000691 |
|    n_updates       | 16936    |
---------------------------------
---------------------------------
| rollout/           |          |
|    ep_len_mean     | 269      |
|    ep_rew_mean     | -185     |
| time/              |          |
|    episodes        | 120      |
|    fps             | 329      |
|    time_elapsed    | 88       |
|    total_timesteps | 29009    |
| train/             |          |
|    actor_loss      | -20      |
|    critic_loss     | 6.01     |
|    ent_coef        | 0.149    |
|    ent_coef_loss   | -0.105   |
|    learning_rate   | 0.000688 |
|    n_updates       | 19008    |
---------------------------------
Eval num_timesteps=30000, episode_reward=-2.77 +/- 173.16
Episode length: 561.20 +/- 312.19
---------------------------------
| eval/              |          |
|    mean_ep_length  | 561      |
|    mean_reward     | -2.77    |
| time/              |          |
|    total_timesteps | 30000    |
| train/             |          |
|    actor_loss      | -16.9    |
|    critic_loss     | 12.2     |
|    ent_coef        | 0.149    |
|    ent_coef_loss   | -0.279   |
|    learning_rate   | 0.000686 |
|    n_updates       | 19999    |
---------------------------------
New best mean reward!
---------------------------------
| rollout/           |          |
|    ep_len_mean     | 291      |
|    ep_rew_mean     | -174     |
| time/              |          |
|    episodes        | 124      |
|    fps             | 312      |
|    time_elapsed    | 101      |
|    total_timesteps | 31713    |
| train/             |          |
|    actor_loss      | -18.6    |
|    critic_loss     | 6.55     |
|    ent_coef        | 0.163    |
|    ent_coef_loss   | 0.491    |
|    learning_rate   | 0.000684 |
|    n_updates       | 21712    |
---------------------------------
---------------------------------
| rollout/           |          |
|    ep_len_mean     | 306      |
|    ep_rew_mean     | -171     |
| time/              |          |
|    episodes        | 128      |
|    fps             | 307      |
|    time_elapsed    | 109      |
|    total_timesteps | 33708    |
| train/             |          |
|    actor_loss      | -15.8    |
|    critic_loss     | 6.36     |
|    ent_coef        | 0.156    |
|    ent_coef_loss   | 0.0381   |
|    learning_rate   | 0.000681 |
|    n_updates       | 23707    |
---------------------------------
---------------------------------
| rollout/           |          |
|    ep_len_mean     | 310      |
|    ep_rew_mean     | -162     |
| time/              |          |
|    episodes        | 132      |
|    fps             | 305      |
|    time_elapsed    | 113      |
|    total_timesteps | 34566    |
| train/             |          |
|    actor_loss      | -17      |
|    critic_loss     | 18.6     |
|    ent_coef        | 0.138    |
|    ent_coef_loss   | -0.234   |
|    learning_rate   | 0.00068  |
|    n_updates       | 24565    |
---------------------------------
---------------------------------
| rollout/           |          |
|    ep_len_mean     | 336      |
|    ep_rew_mean     | -158     |
| time/              |          |
|    episodes        | 136      |
|    fps             | 298      |
|    time_elapsed    | 126      |
|    total_timesteps | 37691    |
| train/             |          |
|    actor_loss      | -19.6    |
|    critic_loss     | 20.9     |
|    ent_coef        | 0.136    |
|    ent_coef_loss   | 0.297    |
|    learning_rate   | 0.000675 |
|    n_updates       | 27690    |
---------------------------------
Eval num_timesteps=40000, episode_reward=37.30 +/- 112.06
Episode length: 749.60 +/- 333.09
---------------------------------
| eval/              |          |
|    mean_ep_length  | 750      |
|    mean_reward     | 37.3     |
| time/              |          |
|    total_timesteps | 40000    |
| train/             |          |
|    actor_loss      | -19.6    |
|    critic_loss     | 43.1     |
|    ent_coef        | 0.144    |
|    ent_coef_loss   | 0.85     |
|    learning_rate   | 0.000672 |
|    n_updates       | 29999    |
---------------------------------
New best mean reward!
---------------------------------
| rollout/           |          |
|    ep_len_mean     | 359      |
|    ep_rew_mean     | -149     |
| time/              |          |
|    episodes        | 140      |
|    fps             | 287      |
|    time_elapsed    | 140      |
|    total_timesteps | 40546    |
| train/             |          |
|    actor_loss      | -24.9    |
|    critic_loss     | 13.5     |
|    ent_coef        | 0.135    |
|    ent_coef_loss   | 0.0476   |
|    learning_rate   | 0.000671 |
|    n_updates       | 30545    |
---------------------------------
---------------------------------
| rollout/           |          |
|    ep_len_mean     | 383      |
|    ep_rew_mean     | -133     |
| time/              |          |
|    episodes        | 144      |
|    fps             | 284      |
|    time_elapsed    | 152      |
|    total_timesteps | 43392    |
| train/             |          |
|    actor_loss      | -26.5    |
|    critic_loss     | 11       |
|    ent_coef        | 0.136    |
|    ent_coef_loss   | 0.164    |
|    learning_rate   | 0.000667 |
|    n_updates       | 33391    |
---------------------------------
---------------------------------
| rollout/           |          |
|    ep_len_mean     | 404      |
|    ep_rew_mean     | -121     |
| time/              |          |
|    episodes        | 148      |
|    fps             | 281      |
|    time_elapsed    | 163      |
|    total_timesteps | 45925    |
| train/             |          |
|    actor_loss      | -23.7    |
|    critic_loss     | 7.86     |
|    ent_coef        | 0.132    |
|    ent_coef_loss   | 0.00167  |
|    learning_rate   | 0.000663 |
|    n_updates       | 35924    |
---------------------------------
---------------------------------
| rollout/           |          |
|    ep_len_mean     | 412      |
|    ep_rew_mean     | -110     |
| time/              |          |
|    episodes        | 152      |
|    fps             | 279      |
|    time_elapsed    | 168      |
|    total_timesteps | 47123    |
| train/             |          |
|    actor_loss      | -27.2    |
|    critic_loss     | 23.8     |
|    ent_coef        | 0.128    |
|    ent_coef_loss   | 0.287    |
|    learning_rate   | 0.000661 |
|    n_updates       | 37122    |
---------------------------------
---------------------------------
| rollout/           |          |
|    ep_len_mean     | 414      |
|    ep_rew_mean     | -98.5    |
| time/              |          |
|    episodes        | 156      |
|    fps             | 279      |
|    time_elapsed    | 171      |
|    total_timesteps | 47758    |
| train/             |          |
|    actor_loss      | -29.6    |
|    critic_loss     | 9.79     |
|    ent_coef        | 0.117    |
|    ent_coef_loss   | -0.376   |
|    learning_rate   | 0.00066  |
|    n_updates       | 37757    |
---------------------------------
---------------------------------
| rollout/           |          |
|    ep_len_mean     | 417      |
|    ep_rew_mean     | -86.9    |
| time/              |          |
|    episodes        | 160      |
|    fps             | 278      |
|    time_elapsed    | 173      |
|    total_timesteps | 48435    |
| train/             |          |
|    actor_loss      | -30.9    |
|    critic_loss     | 10.7     |
|    ent_coef        | 0.122    |
|    ent_coef_loss   | 0.307    |
|    learning_rate   | 0.000659 |
|    n_updates       | 38434    |
---------------------------------
---------------------------------
| rollout/           |          |
|    ep_len_mean     | 420      |
|    ep_rew_mean     | -78.2    |
| time/              |          |
|    episodes        | 164      |
|    fps             | 277      |
|    time_elapsed    | 176      |
|    total_timesteps | 49117    |
| train/             |          |
|    actor_loss      | -29.8    |
|    critic_loss     | 10.8     |
|    ent_coef        | 0.115    |
|    ent_coef_loss   | 0.142    |
|    learning_rate   | 0.000658 |
|    n_updates       | 39116    |
---------------------------------
Eval num_timesteps=50000, episode_reward=-103.81 +/- 137.33
Episode length: 241.50 +/- 233.80
---------------------------------
| eval/              |          |
|    mean_ep_length  | 242      |
|    mean_reward     | -104     |
| time/              |          |
|    total_timesteps | 50000    |
| train/             |          |
|    actor_loss      | -30      |
|    critic_loss     | 10.6     |
|    ent_coef        | 0.12     |
|    ent_coef_loss   | -0.306   |
|    learning_rate   | 0.000657 |
|    n_updates       | 39999    |
---------------------------------
---------------------------------
| rollout/           |          |
|    ep_len_mean     | 429      |
|    ep_rew_mean     | -70.6    |
| time/              |          |
|    episodes        | 168      |
|    fps             | 274      |
|    time_elapsed    | 184      |
|    total_timesteps | 50461    |
| train/             |          |
|    actor_loss      | -27.5    |
|    critic_loss     | 16.7     |
|    ent_coef        | 0.119    |
|    ent_coef_loss   | 0.222    |
|    learning_rate   | 0.000656 |
|    n_updates       | 40460    |
---------------------------------
---------------------------------
| rollout/           |          |
|    ep_len_mean     | 434      |
|    ep_rew_mean     | -67.3    |
| time/              |          |
|    episodes        | 172      |
|    fps             | 272      |
|    time_elapsed    | 188      |
|    total_timesteps | 51408    |
| train/             |          |
|    actor_loss      | -26.1    |
|    critic_loss     | 11.9     |
|    ent_coef        | 0.115    |
|    ent_coef_loss   | -0.258   |
|    learning_rate   | 0.000655 |
|    n_updates       | 41407    |
---------------------------------
---------------------------------
| rollout/           |          |
|    ep_len_mean     | 441      |
|    ep_rew_mean     | -61.7    |
| time/              |          |
|    episodes        | 176      |
|    fps             | 271      |
|    time_elapsed    | 193      |
|    total_timesteps | 52510    |
| train/             |          |
|    actor_loss      | -27.8    |
|    critic_loss     | 7.37     |
|    ent_coef        | 0.119    |
|    ent_coef_loss   | -0.871   |
|    learning_rate   | 0.000653 |
|    n_updates       | 42509    |
---------------------------------
---------------------------------
| rollout/           |          |
|    ep_len_mean     | 446      |
|    ep_rew_mean     | -53.6    |
| time/              |          |
|    episodes        | 180      |
|    fps             | 270      |
|    time_elapsed    | 197      |
|    total_timesteps | 53489    |
| train/             |          |
|    actor_loss      | -26.5    |
|    critic_loss     | 10.1     |
|    ent_coef        | 0.123    |
|    ent_coef_loss   | 0.0574   |
|    learning_rate   | 0.000652 |
|    n_updates       | 43488    |
---------------------------------
---------------------------------
| rollout/           |          |
|    ep_len_mean     | 459      |
|    ep_rew_mean     | -49      |
| time/              |          |
|    episodes        | 184      |
|    fps             | 269      |
|    time_elapsed    | 205      |
|    total_timesteps | 55271    |
| train/             |          |
|    actor_loss      | -27.1    |
|    critic_loss     | 14.1     |
|    ent_coef        | 0.146    |
|    ent_coef_loss   | -0.109   |
|    learning_rate   | 0.000649 |
|    n_updates       | 45270    |
---------------------------------
---------------------------------
| rollout/           |          |
|    ep_len_mean     | 473      |
|    ep_rew_mean     | -41.7    |
| time/              |          |
|    episodes        | 188      |
|    fps             | 268      |
|    time_elapsed    | 212      |
|    total_timesteps | 57024    |
| train/             |          |
|    actor_loss      | -23.6    |
|    critic_loss     | 7.8      |
|    ent_coef        | 0.142    |
|    ent_coef_loss   | 0.038    |
|    learning_rate   | 0.000647 |
|    n_updates       | 47023    |
---------------------------------
---------------------------------
| rollout/           |          |
|    ep_len_mean     | 485      |
|    ep_rew_mean     | -39.8    |
| time/              |          |
|    episodes        | 192      |
|    fps             | 267      |
|    time_elapsed    | 218      |
|    total_timesteps | 58560    |
| train/             |          |
|    actor_loss      | -26.8    |
|    critic_loss     | 14.6     |
|    ent_coef        | 0.141    |
|    ent_coef_loss   | -0.774   |
|    learning_rate   | 0.000645 |
|    n_updates       | 48559    |
---------------------------------
---------------------------------
| rollout/           |          |
|    ep_len_mean     | 492      |
|    ep_rew_mean     | -26.4    |
| time/              |          |
|    episodes        | 196      |
|    fps             | 266      |
|    time_elapsed    | 224      |
|    total_timesteps | 59825    |
| train/             |          |
|    actor_loss      | -23.6    |
|    critic_loss     | 11       |
|    ent_coef        | 0.139    |
|    ent_coef_loss   | -0.308   |
|    learning_rate   | 0.000643 |
|    n_updates       | 49824    |
---------------------------------
Eval num_timesteps=60000, episode_reward=-119.23 +/- 273.99
Episode length: 428.30 +/- 186.25
---------------------------------
| eval/              |          |
|    mean_ep_length  | 428      |
|    mean_reward     | -119     |
| time/              |          |
|    total_timesteps | 60000    |
| train/             |          |
|    actor_loss      | -24.4    |
|    critic_loss     | 6.81     |
|    ent_coef        | 0.133    |
|    ent_coef_loss   | 0.709    |
|    learning_rate   | 0.000642 |
|    n_updates       | 49999    |
---------------------------------
---------------------------------
| rollout/           |          |
|    ep_len_mean     | 488      |
|    ep_rew_mean     | -21.1    |
| time/              |          |
|    episodes        | 200      |
|    fps             | 264      |
|    time_elapsed    | 232      |
|    total_timesteps | 61571    |
| train/             |          |
|    actor_loss      | -26.1    |
|    critic_loss     | 7.07     |
|    ent_coef        | 0.123    |
|    ent_coef_loss   | 0.0628   |
|    learning_rate   | 0.00064  |
|    n_updates       | 51570    |
---------------------------------
---------------------------------
| rollout/           |          |
|    ep_len_mean     | 475      |
|    ep_rew_mean     | -7.41    |
| time/              |          |
|    episodes        | 204      |
|    fps             | 263      |
|    time_elapsed    | 241      |
|    total_timesteps | 63641    |
| train/             |          |
|    actor_loss      | -22.4    |
|    critic_loss     | 9.44     |
|    ent_coef        | 0.127    |
|    ent_coef_loss   | -0.7     |
|    learning_rate   | 0.000637 |
|    n_updates       | 53640    |
---------------------------------
---------------------------------
| rollout/           |          |
|    ep_len_mean     | 465      |
|    ep_rew_mean     | -2.23    |
| time/              |          |
|    episodes        | 208      |
|    fps             | 262      |
|    time_elapsed    | 249      |
|    total_timesteps | 65443    |
| train/             |          |
|    actor_loss      | -23.6    |
|    critic_loss     | 7.52     |
|    ent_coef        | 0.129    |
|    ent_coef_loss   | -0.221   |
|    learning_rate   | 0.000634 |
|    n_updates       | 55442    |
---------------------------------
---------------------------------
| rollout/           |          |
|    ep_len_mean     | 439      |
|    ep_rew_mean     | 8.66     |
| time/              |          |
|    episodes        | 212      |
|    fps             | 262      |
|    time_elapsed    | 254      |
|    total_timesteps | 66825    |
| train/             |          |
|    actor_loss      | -21.8    |
|    critic_loss     | 12.3     |
|    ent_coef        | 0.132    |
|    ent_coef_loss   | 0.583    |
|    learning_rate   | 0.000632 |
|    n_updates       | 56824    |
---------------------------------
---------------------------------
| rollout/           |          |
|    ep_len_mean     | 415      |
|    ep_rew_mean     | 13.6     |
| time/              |          |
|    episodes        | 216      |
|    fps             | 261      |
|    time_elapsed    | 261      |
|    total_timesteps | 68420    |
| train/             |          |
|    actor_loss      | -25.4    |
|    critic_loss     | 39.7     |
|    ent_coef        | 0.131    |
|    ent_coef_loss   | 0.555    |
|    learning_rate   | 0.00063  |
|    n_updates       | 58419    |
---------------------------------
Eval num_timesteps=70000, episode_reward=184.38 +/- 103.07
Episode length: 521.70 +/- 254.49
---------------------------------
| eval/              |          |
|    mean_ep_length  | 522      |
|    mean_reward     | 184      |
| time/              |          |
|    total_timesteps | 70000    |
| train/             |          |
|    actor_loss      | -26.1    |
|    critic_loss     | 11.4     |
|    ent_coef        | 0.129    |
|    ent_coef_loss   | -0.121   |
|    learning_rate   | 0.000628 |
|    n_updates       | 59999    |
---------------------------------
New best mean reward!
---------------------------------
| rollout/           |          |
|    ep_len_mean     | 415      |
|    ep_rew_mean     | 27.3     |
| time/              |          |
|    episodes        | 220      |
|    fps             | 259      |
|    time_elapsed    | 272      |
|    total_timesteps | 70489    |
| train/             |          |
|    actor_loss      | -29.7    |
|    critic_loss     | 7.53     |
|    ent_coef        | 0.13     |
|    ent_coef_loss   | -0.402   |
|    learning_rate   | 0.000627 |
|    n_updates       | 60488    |
---------------------------------
---------------------------------
| rollout/           |          |
|    ep_len_mean     | 406      |
|    ep_rew_mean     | 37.4     |
| time/              |          |
|    episodes        | 224      |
|    fps             | 258      |
|    time_elapsed    | 279      |
|    total_timesteps | 72336    |
| train/             |          |
|    actor_loss      | -29.2    |
|    critic_loss     | 11.7     |
|    ent_coef        | 0.12     |
|    ent_coef_loss   | -0.237   |
|    learning_rate   | 0.000624 |
|    n_updates       | 62335    |
---------------------------------
---------------------------------
| rollout/           |          |
|    ep_len_mean     | 400      |
|    ep_rew_mean     | 56.5     |
| time/              |          |
|    episodes        | 228      |
|    fps             | 257      |
|    time_elapsed    | 285      |
|    total_timesteps | 73707    |
| train/             |          |
|    actor_loss      | -24.4    |
|    critic_loss     | 12.6     |
|    ent_coef        | 0.12     |
|    ent_coef_loss   | -0.354   |
|    learning_rate   | 0.000622 |
|    n_updates       | 63706    |
---------------------------------
---------------------------------
| rollout/           |          |
|    ep_len_mean     | 406      |
|    ep_rew_mean     | 65.5     |
| time/              |          |
|    episodes        | 232      |
|    fps             | 257      |
|    time_elapsed    | 292      |
|    total_timesteps | 75170    |
| train/             |          |
|    actor_loss      | -26.3    |
|    critic_loss     | 7.01     |
|    ent_coef        | 0.115    |
|    ent_coef_loss   | -0.126   |
|    learning_rate   | 0.00062  |
|    n_updates       | 65169    |
---------------------------------
---------------------------------
| rollout/           |          |
|    ep_len_mean     | 387      |
|    ep_rew_mean     | 77.4     |
| time/              |          |
|    episodes        | 236      |
|    fps             | 257      |
|    time_elapsed    | 297      |
|    total_timesteps | 76359    |
| train/             |          |
|    actor_loss      | -27.2    |
|    critic_loss     | 10.2     |
|    ent_coef        | 0.113    |
|    ent_coef_loss   | -0.555   |
|    learning_rate   | 0.000619 |
|    n_updates       | 66358    |
---------------------------------
---------------------------------
| rollout/           |          |
|    ep_len_mean     | 371      |
|    ep_rew_mean     | 85.5     |
| time/              |          |
|    episodes        | 240      |
|    fps             | 256      |
|    time_elapsed    | 302      |
|    total_timesteps | 77656    |
| train/             |          |
|    actor_loss      | -28.7    |
|    critic_loss     | 26.8     |
|    ent_coef        | 0.106    |
|    ent_coef_loss   | 0.469    |
|    learning_rate   | 0.000617 |
|    n_updates       | 67655    |
---------------------------------
---------------------------------
| rollout/           |          |
|    ep_len_mean     | 357      |
|    ep_rew_mean     | 82.7     |
| time/              |          |
|    episodes        | 244      |
|    fps             | 256      |
|    time_elapsed    | 308      |
|    total_timesteps | 79096    |
| train/             |          |
|    actor_loss      | -23.6    |
|    critic_loss     | 32.4     |
|    ent_coef        | 0.111    |
|    ent_coef_loss   | -0.0149  |
|    learning_rate   | 0.000615 |
|    n_updates       | 69095    |
---------------------------------
Eval num_timesteps=80000, episode_reward=251.44 +/- 20.77
Episode length: 317.90 +/- 75.46
---------------------------------
| eval/              |          |
|    mean_ep_length  | 318      |
|    mean_reward     | 251      |
| time/              |          |
|    total_timesteps | 80000    |
| train/             |          |
|    actor_loss      | -22.8    |
|    critic_loss     | 15.5     |
|    ent_coef        | 0.111    |
|    ent_coef_loss   | -0.0375  |
|    learning_rate   | 0.000613 |
|    n_updates       | 69999    |
---------------------------------
New best mean reward!
---------------------------------
| rollout/           |          |
|    ep_len_mean     | 342      |
|    ep_rew_mean     | 86.5     |
| time/              |          |
|    episodes        | 248      |
|    fps             | 255      |
|    time_elapsed    | 313      |
|    total_timesteps | 80086    |
| train/             |          |
|    actor_loss      | -30.9    |
|    critic_loss     | 9.27     |
|    ent_coef        | 0.109    |
|    ent_coef_loss   | -0.517   |
|    learning_rate   | 0.000613 |
|    n_updates       | 70085    |
---------------------------------
---------------------------------
| rollout/           |          |
|    ep_len_mean     | 341      |
|    ep_rew_mean     | 91.4     |
| time/              |          |
|    episodes        | 252      |
|    fps             | 254      |
|    time_elapsed    | 318      |
|    total_timesteps | 81210    |
| train/             |          |
|    actor_loss      | -25.6    |
|    critic_loss     | 17.8     |
|    ent_coef        | 0.113    |
|    ent_coef_loss   | 0.124    |
|    learning_rate   | 0.000611 |
|    n_updates       | 71209    |
---------------------------------
---------------------------------
| rollout/           |          |
|    ep_len_mean     | 348      |
|    ep_rew_mean     | 94.2     |
| time/              |          |
|    episodes        | 256      |
|    fps             | 254      |
|    time_elapsed    | 324      |
|    total_timesteps | 82531    |
| train/             |          |
|    actor_loss      | -29.9    |
|    critic_loss     | 34.4     |
|    ent_coef        | 0.108    |
|    ent_coef_loss   | 0.277    |
|    learning_rate   | 0.00061  |
|    n_updates       | 72530    |
---------------------------------
---------------------------------
| rollout/           |          |
|    ep_len_mean     | 351      |
|    ep_rew_mean     | 105      |
| time/              |          |
|    episodes        | 260      |
|    fps             | 254      |
|    time_elapsed    | 328      |
|    total_timesteps | 83584    |
| train/             |          |
|    actor_loss      | -28.9    |
|    critic_loss     | 9.7      |
|    ent_coef        | 0.112    |
|    ent_coef_loss   | 0.0441   |
|    learning_rate   | 0.000608 |
|    n_updates       | 73583    |
---------------------------------
---------------------------------
| rollout/           |          |
|    ep_len_mean     | 355      |
|    ep_rew_mean     | 121      |
| time/              |          |
|    episodes        | 264      |
|    fps             | 254      |
|    time_elapsed    | 333      |
|    total_timesteps | 84651    |
| train/             |          |
|    actor_loss      | -29.7    |
|    critic_loss     | 26.2     |
|    ent_coef        | 0.116    |
|    ent_coef_loss   | -0.0237  |
|    learning_rate   | 0.000606 |
|    n_updates       | 74650    |
---------------------------------
---------------------------------
| rollout/           |          |
|    ep_len_mean     | 352      |
|    ep_rew_mean     | 133      |
| time/              |          |
|    episodes        | 268      |
|    fps             | 254      |
|    time_elapsed    | 337      |
|    total_timesteps | 85701    |
| train/             |          |
|    actor_loss      | -30.6    |
|    critic_loss     | 42.6     |
|    ent_coef        | 0.108    |
|    ent_coef_loss   | 0.0103   |
|    learning_rate   | 0.000605 |
|    n_updates       | 75700    |
---------------------------------
---------------------------------
| rollout/           |          |
|    ep_len_mean     | 355      |
|    ep_rew_mean     | 148      |
| time/              |          |
|    episodes        | 272      |
|    fps             | 253      |
|    time_elapsed    | 342      |
|    total_timesteps | 86872    |
| train/             |          |
|    actor_loss      | -31.4    |
|    critic_loss     | 23.5     |
|    ent_coef        | 0.109    |
|    ent_coef_loss   | -0.375   |
|    learning_rate   | 0.000603 |
|    n_updates       | 76871    |
---------------------------------
---------------------------------
| rollout/           |          |
|    ep_len_mean     | 355      |
|    ep_rew_mean     | 156      |
| time/              |          |
|    episodes        | 276      |
|    fps             | 253      |
|    time_elapsed    | 347      |
|    total_timesteps | 88053    |
| train/             |          |
|    actor_loss      | -30.4    |
|    critic_loss     | 16.6     |
|    ent_coef        | 0.109    |
|    ent_coef_loss   | 0.0825   |
|    learning_rate   | 0.000601 |
|    n_updates       | 78052    |
---------------------------------
---------------------------------
| rollout/           |          |
|    ep_len_mean     | 355      |
|    ep_rew_mean     | 168      |
| time/              |          |
|    episodes        | 280      |
|    fps             | 253      |
|    time_elapsed    | 351      |
|    total_timesteps | 88970    |
| train/             |          |
|    actor_loss      | -33.9    |
|    critic_loss     | 9.13     |
|    ent_coef        | 0.11     |
|    ent_coef_loss   | -0.15    |
|    learning_rate   | 0.0006   |
|    n_updates       | 78969    |
---------------------------------
Eval num_timesteps=90000, episode_reward=196.48 +/- 114.34
Episode length: 295.00 +/- 144.11
---------------------------------
| eval/              |          |
|    mean_ep_length  | 295      |
|    mean_reward     | 196      |
| time/              |          |
|    total_timesteps | 90000    |
| train/             |          |
|    actor_loss      | -36.9    |
|    critic_loss     | 20.8     |
|    ent_coef        | 0.102    |
|    ent_coef_loss   | -0.183   |
|    learning_rate   | 0.000599 |
|    n_updates       | 79999    |
---------------------------------
---------------------------------
| rollout/           |          |
|    ep_len_mean     | 353      |
|    ep_rew_mean     | 174      |
| time/              |          |
|    episodes        | 284      |
|    fps             | 251      |
|    time_elapsed    | 360      |
|    total_timesteps | 90551    |
| train/             |          |
|    actor_loss      | -34.1    |
|    critic_loss     | 39.8     |
|    ent_coef        | 0.1      |
|    ent_coef_loss   | 0.0321   |
|    learning_rate   | 0.000598 |
|    n_updates       | 80550    |
---------------------------------
---------------------------------
| rollout/           |          |
|    ep_len_mean     | 355      |
|    ep_rew_mean     | 176      |
| time/              |          |
|    episodes        | 288      |
|    fps             | 250      |
|    time_elapsed    | 368      |
|    total_timesteps | 92487    |
| train/             |          |
|    actor_loss      | -34.1    |
|    critic_loss     | 7.17     |
|    ent_coef        | 0.0997   |
|    ent_coef_loss   | -0.198   |
|    learning_rate   | 0.000595 |
|    n_updates       | 82486    |
---------------------------------
---------------------------------
| rollout/           |          |
|    ep_len_mean     | 351      |
|    ep_rew_mean     | 188      |
| time/              |          |
|    episodes        | 292      |
|    fps             | 250      |
|    time_elapsed    | 374      |
|    total_timesteps | 93652    |
| train/             |          |
|    actor_loss      | -33.7    |
|    critic_loss     | 23.7     |
|    ent_coef        | 0.102    |
|    ent_coef_loss   | 0.752    |
|    learning_rate   | 0.000593 |
|    n_updates       | 83651    |
---------------------------------
---------------------------------
| rollout/           |          |
|    ep_len_mean     | 348      |
|    ep_rew_mean     | 196      |
| time/              |          |
|    episodes        | 296      |
|    fps             | 249      |
|    time_elapsed    | 378      |
|    total_timesteps | 94601    |
| train/             |          |
|    actor_loss      | -34.1    |
|    critic_loss     | 7.33     |
|    ent_coef        | 0.094    |
|    ent_coef_loss   | -0.202   |
|    learning_rate   | 0.000592 |
|    n_updates       | 84600    |
---------------------------------
---------------------------------
| rollout/           |          |
|    ep_len_mean     | 345      |
|    ep_rew_mean     | 199      |
| time/              |          |
|    episodes        | 300      |
|    fps             | 248      |
|    time_elapsed    | 386      |
|    total_timesteps | 96087    |
| train/             |          |
|    actor_loss      | -34.9    |
|    critic_loss     | 7.56     |
|    ent_coef        | 0.0973   |
|    ent_coef_loss   | 0.654    |
|    learning_rate   | 0.00059  |
|    n_updates       | 86086    |
---------------------------------
---------------------------------
| rollout/           |          |
|    ep_len_mean     | 334      |
|    ep_rew_mean     | 198      |
| time/              |          |
|    episodes        | 304      |
|    fps             | 248      |
|    time_elapsed    | 390      |
|    total_timesteps | 96993    |
| train/             |          |
|    actor_loss      | -36.5    |
|    critic_loss     | 12.6     |
|    ent_coef        | 0.105    |
|    ent_coef_loss   | -0.419   |
|    learning_rate   | 0.000588 |
|    n_updates       | 86992    |
---------------------------------
---------------------------------
| rollout/           |          |
|    ep_len_mean     | 322      |
|    ep_rew_mean     | 204      |
| time/              |          |
|    episodes        | 308      |
|    fps             | 248      |
|    time_elapsed    | 393      |
|    total_timesteps | 97655    |
| train/             |          |
|    actor_loss      | -37.4    |
|    critic_loss     | 20.1     |
|    ent_coef        | 0.102    |
|    ent_coef_loss   | -0.246   |
|    learning_rate   | 0.000587 |
|    n_updates       | 87654    |
---------------------------------
---------------------------------
| rollout/           |          |
|    ep_len_mean     | 319      |
|    ep_rew_mean     | 196      |
| time/              |          |
|    episodes        | 312      |
|    fps             | 247      |
|    time_elapsed    | 398      |
|    total_timesteps | 98741    |
| train/             |          |
|    actor_loss      | -35.1    |
|    critic_loss     | 6.94     |
|    ent_coef        | 0.103    |
|    ent_coef_loss   | -0.197   |
|    learning_rate   | 0.000586 |
|    n_updates       | 88740    |
---------------------------------
Eval num_timesteps=100000, episode_reward=182.88 +/- 162.94
Episode length: 405.40 +/- 262.66
---------------------------------
| eval/              |          |
|    mean_ep_length  | 405      |
|    mean_reward     | 183      |
| time/              |          |
|    total_timesteps | 100000   |
| train/             |          |
|    actor_loss      | -32.3    |
|    critic_loss     | 11.9     |
|    ent_coef        | 0.102    |
|    ent_coef_loss   | -0.132   |
|    learning_rate   | 0.000584 |
|    n_updates       | 89999    |
---------------------------------
---------------------------------
| rollout/           |          |
|    ep_len_mean     | 318      |
|    ep_rew_mean     | 201      |
| time/              |          |
|    episodes        | 316      |
|    fps             | 246      |
|    time_elapsed    | 406      |
|    total_timesteps | 100201   |
| train/             |          |
|    actor_loss      | -32.1    |
|    critic_loss     | 13.5     |
|    ent_coef        | 0.102    |
|    ent_coef_loss   | 0.389    |
|    learning_rate   | 0.000584 |
|    n_updates       | 90200    |
---------------------------------
---------------------------------
| rollout/           |          |
|    ep_len_mean     | 308      |
|    ep_rew_mean     | 203      |
| time/              |          |
|    episodes        | 320      |
|    fps             | 246      |
|    time_elapsed    | 411      |
|    total_timesteps | 101280   |
| train/             |          |
|    actor_loss      | -34      |
|    critic_loss     | 17.4     |
|    ent_coef        | 0.11     |
|    ent_coef_loss   | 0.606    |
|    learning_rate   | 0.000582 |
|    n_updates       | 91279    |
---------------------------------
---------------------------------
| rollout/           |          |
|    ep_len_mean     | 297      |
|    ep_rew_mean     | 205      |
| time/              |          |
|    episodes        | 324      |
|    fps             | 246      |
|    time_elapsed    | 414      |
|    total_timesteps | 102058   |
| train/             |          |
|    actor_loss      | -35.5    |
|    critic_loss     | 16.5     |
|    ent_coef        | 0.116    |
|    ent_coef_loss   | -0.31    |
|    learning_rate   | 0.000581 |
|    n_updates       | 92057    |
---------------------------------
---------------------------------
| rollout/           |          |
|    ep_len_mean     | 292      |
|    ep_rew_mean     | 205      |
| time/              |          |
|    episodes        | 328      |
|    fps             | 246      |
|    time_elapsed    | 418      |
|    total_timesteps | 102894   |
| train/             |          |
|    actor_loss      | -36.1    |
|    critic_loss     | 11.3     |
|    ent_coef        | 0.113    |
|    ent_coef_loss   | 0.161    |
|    learning_rate   | 0.00058  |
|    n_updates       | 92893    |
---------------------------------
---------------------------------
| rollout/           |          |
|    ep_len_mean     | 287      |
|    ep_rew_mean     | 206      |
| time/              |          |
|    episodes        | 332      |
|    fps             | 245      |
|    time_elapsed    | 422      |
|    total_timesteps | 103831   |
| train/             |          |
|    actor_loss      | -38.9    |
|    critic_loss     | 12.1     |
|    ent_coef        | 0.121    |
|    ent_coef_loss   | -0.409   |
|    learning_rate   | 0.000578 |
|    n_updates       | 93830    |
---------------------------------
---------------------------------
| rollout/           |          |
|    ep_len_mean     | 286      |
|    ep_rew_mean     | 201      |
| time/              |          |
|    episodes        | 336      |
|    fps             | 245      |
|    time_elapsed    | 428      |
|    total_timesteps | 104970   |
| train/             |          |
|    actor_loss      | -35.5    |
|    critic_loss     | 8.32     |
|    ent_coef        | 0.112    |
|    ent_coef_loss   | 0.385    |
|    learning_rate   | 0.000577 |
|    n_updates       | 94969    |
---------------------------------
---------------------------------
| rollout/           |          |
|    ep_len_mean     | 283      |
|    ep_rew_mean     | 198      |
| time/              |          |
|    episodes        | 340      |
|    fps             | 244      |
|    time_elapsed    | 432      |
|    total_timesteps | 105953   |
| train/             |          |
|    actor_loss      | -34.6    |
|    critic_loss     | 11.7     |
|    ent_coef        | 0.115    |
|    ent_coef_loss   | 0.111    |
|    learning_rate   | 0.000575 |
|    n_updates       | 95952    |
---------------------------------
---------------------------------
| rollout/           |          |
|    ep_len_mean     | 287      |
|    ep_rew_mean     | 200      |
| time/              |          |
|    episodes        | 344      |
|    fps             | 243      |
|    time_elapsed    | 441      |
|    total_timesteps | 107794   |
| train/             |          |
|    actor_loss      | -35.5    |
|    critic_loss     | 25.9     |
|    ent_coef        | 0.118    |
|    ent_coef_loss   | 0.7      |
|    learning_rate   | 0.000573 |
|    n_updates       | 97793    |
---------------------------------
---------------------------------
| rollout/           |          |
|    ep_len_mean     | 293      |
|    ep_rew_mean     | 198      |
| time/              |          |
|    episodes        | 348      |
|    fps             | 243      |
|    time_elapsed    | 449      |
|    total_timesteps | 109433   |
| train/             |          |
|    actor_loss      | -32.5    |
|    critic_loss     | 10.4     |
|    ent_coef        | 0.12     |
|    ent_coef_loss   | 0.436    |
|    learning_rate   | 0.00057  |
|    n_updates       | 99432    |
---------------------------------
Eval num_timesteps=110000, episode_reward=262.60 +/- 21.97
Episode length: 260.80 +/- 90.33
---------------------------------
| eval/              |          |
|    mean_ep_length  | 261      |
|    mean_reward     | 263      |
| time/              |          |
|    total_timesteps | 110000   |
| train/             |          |
|    actor_loss      | -35.2    |
|    critic_loss     | 8.78     |
|    ent_coef        | 0.122    |
|    ent_coef_loss   | 0.637    |
|    learning_rate   | 0.000569 |
|    n_updates       | 99999    |
---------------------------------
New best mean reward!
---------------------------------
| rollout/           |          |
|    ep_len_mean     | 295      |
|    ep_rew_mean     | 198      |
| time/              |          |
|    episodes        | 352      |
|    fps             | 242      |
|    time_elapsed    | 457      |
|    total_timesteps | 110733   |
| train/             |          |
|    actor_loss      | -35.3    |
|    critic_loss     | 6.25     |
|    ent_coef        | 0.116    |
|    ent_coef_loss   | 0.246    |
|    learning_rate   | 0.000568 |
|    n_updates       | 100732   |
---------------------------------
---------------------------------
| rollout/           |          |
|    ep_len_mean     | 296      |
|    ep_rew_mean     | 203      |
| time/              |          |
|    episodes        | 356      |
|    fps             | 241      |
|    time_elapsed    | 463      |
|    total_timesteps | 112124   |
| train/             |          |
|    actor_loss      | -33.7    |
|    critic_loss     | 30.8     |
|    ent_coef        | 0.12     |
|    ent_coef_loss   | 0.0139   |
|    learning_rate   | 0.000566 |
|    n_updates       | 102123   |
---------------------------------
---------------------------------
| rollout/           |          |
|    ep_len_mean     | 297      |
|    ep_rew_mean     | 200      |
| time/              |          |
|    episodes        | 360      |
|    fps             | 241      |
|    time_elapsed    | 469      |
|    total_timesteps | 113245   |
| train/             |          |
|    actor_loss      | -34.5    |
|    critic_loss     | 10.1     |
|    ent_coef        | 0.121    |
|    ent_coef_loss   | 0.132    |
|    learning_rate   | 0.000565 |
|    n_updates       | 103244   |
---------------------------------
---------------------------------
| rollout/           |          |
|    ep_len_mean     | 305      |
|    ep_rew_mean     | 198      |
| time/              |          |
|    episodes        | 364      |
|    fps             | 240      |
|    time_elapsed    | 478      |
|    total_timesteps | 115133   |
| train/             |          |
|    actor_loss      | -37.6    |
|    critic_loss     | 10.7     |
|    ent_coef        | 0.128    |
|    ent_coef_loss   | 0.561    |
|    learning_rate   | 0.000562 |
|    n_updates       | 105132   |
---------------------------------
---------------------------------
| rollout/           |          |
|    ep_len_mean     | 307      |
|    ep_rew_mean     | 195      |
| time/              |          |
|    episodes        | 368      |
|    fps             | 240      |
|    time_elapsed    | 484      |
|    total_timesteps | 116381   |
| train/             |          |
|    actor_loss      | -38.2    |
|    critic_loss     | 6.92     |
|    ent_coef        | 0.131    |
|    ent_coef_loss   | 0.487    |
|    learning_rate   | 0.00056  |
|    n_updates       | 106380   |
---------------------------------
---------------------------------
| rollout/           |          |
|    ep_len_mean     | 304      |
|    ep_rew_mean     | 196      |
| time/              |          |
|    episodes        | 372      |
|    fps             | 239      |
|    time_elapsed    | 488      |
|    total_timesteps | 117306   |
| train/             |          |
|    actor_loss      | -33.3    |
|    critic_loss     | 6.48     |
|    ent_coef        | 0.125    |
|    ent_coef_loss   | 0.316    |
|    learning_rate   | 0.000559 |
|    n_updates       | 107305   |
---------------------------------
---------------------------------
| rollout/           |          |
|    ep_len_mean     | 302      |
|    ep_rew_mean     | 196      |
| time/              |          |
|    episodes        | 376      |
|    fps             | 239      |
|    time_elapsed    | 493      |
|    total_timesteps | 118297   |
| train/             |          |
|    actor_loss      | -38      |
|    critic_loss     | 14.9     |
|    ent_coef        | 0.127    |
|    ent_coef_loss   | -0.0375  |
|    learning_rate   | 0.000557 |
|    n_updates       | 108296   |
---------------------------------
---------------------------------
| rollout/           |          |
|    ep_len_mean     | 304      |
|    ep_rew_mean     | 197      |
| time/              |          |
|    episodes        | 380      |
|    fps             | 239      |
|    time_elapsed    | 498      |
|    total_timesteps | 119347   |
| train/             |          |
|    actor_loss      | -37.5    |
|    critic_loss     | 9.36     |
|    ent_coef        | 0.127    |
|    ent_coef_loss   | 0.107    |
|    learning_rate   | 0.000556 |
|    n_updates       | 109346   |
---------------------------------
Eval num_timesteps=120000, episode_reward=266.85 +/- 18.76
Episode length: 232.50 +/- 21.07
---------------------------------
| eval/              |          |
|    mean_ep_length  | 232      |
|    mean_reward     | 267      |
| time/              |          |
|    total_timesteps | 120000   |
| train/             |          |
|    actor_loss      | -32.3    |
|    critic_loss     | 13.5     |
|    ent_coef        | 0.122    |
|    ent_coef_loss   | 0.248    |
|    learning_rate   | 0.000555 |
|    n_updates       | 109999   |
---------------------------------
New best mean reward!
---------------------------------
| rollout/           |          |
|    ep_len_mean     | 298      |
|    ep_rew_mean     | 203      |
| time/              |          |
|    episodes        | 384      |
|    fps             | 238      |
|    time_elapsed    | 504      |
|    total_timesteps | 120378   |
| train/             |          |
|    actor_loss      | -34.4    |
|    critic_loss     | 25.7     |
|    ent_coef        | 0.122    |
|    ent_coef_loss   | 0.507    |
|    learning_rate   | 0.000554 |
|    n_updates       | 110377   |
---------------------------------
---------------------------------
| rollout/           |          |
|    ep_len_mean     | 291      |
|    ep_rew_mean     | 206      |
| time/              |          |
|    episodes        | 388      |
|    fps             | 238      |
|    time_elapsed    | 509      |
|    total_timesteps | 121541   |
| train/             |          |
|    actor_loss      | -34.1    |
|    critic_loss     | 12.9     |
|    ent_coef        | 0.126    |
|    ent_coef_loss   | 0.1      |
|    learning_rate   | 0.000553 |
|    n_updates       | 111540   |
---------------------------------
---------------------------------
| rollout/           |          |
|    ep_len_mean     | 289      |
|    ep_rew_mean     | 210      |
| time/              |          |
|    episodes        | 392      |
|    fps             | 238      |
|    time_elapsed    | 513      |
|    total_timesteps | 122529   |
| train/             |          |
|    actor_loss      | -37.1    |
|    critic_loss     | 9.07     |
|    ent_coef        | 0.121    |
|    ent_coef_loss   | -0.0732  |
|    learning_rate   | 0.000551 |
|    n_updates       | 112528   |
---------------------------------
---------------------------------
| rollout/           |          |
|    ep_len_mean     | 291      |
|    ep_rew_mean     | 210      |
| time/              |          |
|    episodes        | 396      |
|    fps             | 238      |
|    time_elapsed    | 518      |
|    total_timesteps | 123732   |
| train/             |          |
|    actor_loss      | -41      |
|    critic_loss     | 8.46     |
|    ent_coef        | 0.12     |
|    ent_coef_loss   | -0.378   |
|    learning_rate   | 0.000549 |
|    n_updates       | 113731   |
---------------------------------
---------------------------------
| rollout/           |          |
|    ep_len_mean     | 296      |
|    ep_rew_mean     | 211      |
| time/              |          |
|    episodes        | 400      |
|    fps             | 238      |
|    time_elapsed    | 526      |
|    total_timesteps | 125702   |
| train/             |          |
|    actor_loss      | -37.1    |
|    critic_loss     | 15.9     |
|    ent_coef        | 0.131    |
|    ent_coef_loss   | 0.366    |
|    learning_rate   | 0.000546 |
|    n_updates       | 115701   |
---------------------------------
---------------------------------
| rollout/           |          |
|    ep_len_mean     | 300      |
|    ep_rew_mean     | 214      |
| time/              |          |
|    episodes        | 404      |
|    fps             | 238      |
|    time_elapsed    | 532      |
|    total_timesteps | 126952   |
| train/             |          |
|    actor_loss      | -36.7    |
|    critic_loss     | 8.14     |
|    ent_coef        | 0.121    |
|    ent_coef_loss   | -0.336   |
|    learning_rate   | 0.000545 |
|    n_updates       | 116951   |
---------------------------------
---------------------------------
| rollout/           |          |
|    ep_len_mean     | 306      |
|    ep_rew_mean     | 217      |
| time/              |          |
|    episodes        | 408      |
|    fps             | 238      |
|    time_elapsed    | 537      |
|    total_timesteps | 128285   |
| train/             |          |
|    actor_loss      | -39.6    |
|    critic_loss     | 11.4     |
|    ent_coef        | 0.127    |
|    ent_coef_loss   | 0.0221   |
|    learning_rate   | 0.000543 |
|    n_updates       | 118284   |
---------------------------------
---------------------------------
| rollout/           |          |
|    ep_len_mean     | 305      |
|    ep_rew_mean     | 227      |
| time/              |          |
|    episodes        | 412      |
|    fps             | 238      |
|    time_elapsed    | 541      |
|    total_timesteps | 129261   |
| train/             |          |
|    actor_loss      | -42.1    |
|    critic_loss     | 10.7     |
|    ent_coef        | 0.121    |
|    ent_coef_loss   | 0.319    |
|    learning_rate   | 0.000541 |
|    n_updates       | 119260   |
---------------------------------
Eval num_timesteps=130000, episode_reward=244.18 +/- 73.42
Episode length: 337.80 +/- 223.22
---------------------------------
| eval/              |          |
|    mean_ep_length  | 338      |
|    mean_reward     | 244      |
| time/              |          |
|    total_timesteps | 130000   |
| train/             |          |
|    actor_loss      | -44      |
|    critic_loss     | 16       |
|    ent_coef        | 0.121    |
|    ent_coef_loss   | -0.506   |
|    learning_rate   | 0.00054  |
|    n_updates       | 119999   |
---------------------------------
---------------------------------
| rollout/           |          |
|    ep_len_mean     | 303      |
|    ep_rew_mean     | 226      |
| time/              |          |
|    episodes        | 416      |
|    fps             | 238      |
|    time_elapsed    | 548      |
|    total_timesteps | 130548   |
| train/             |          |
|    actor_loss      | -40.4    |
|    critic_loss     | 7.24     |
|    ent_coef        | 0.118    |
|    ent_coef_loss   | 0.753    |
|    learning_rate   | 0.000539 |
|    n_updates       | 120547   |
---------------------------------
---------------------------------
| rollout/           |          |
|    ep_len_mean     | 322      |
|    ep_rew_mean     | 219      |
| time/              |          |
|    episodes        | 420      |
|    fps             | 238      |
|    time_elapsed    | 560      |
|    total_timesteps | 133449   |
| train/             |          |
|    actor_loss      | -42.2    |
|    critic_loss     | 6.5      |
|    ent_coef        | 0.114    |
|    ent_coef_loss   | -0.0279  |
|    learning_rate   | 0.000535 |
|    n_updates       | 123448   |
---------------------------------
---------------------------------
| rollout/           |          |
|    ep_len_mean     | 326      |
|    ep_rew_mean     | 219      |
| time/              |          |
|    episodes        | 424      |
|    fps             | 238      |
|    time_elapsed    | 565      |
|    total_timesteps | 134653   |
| train/             |          |
|    actor_loss      | -41.6    |
|    critic_loss     | 13.9     |
|    ent_coef        | 0.114    |
|    ent_coef_loss   | 0.441    |
|    learning_rate   | 0.000533 |
|    n_updates       | 124652   |
---------------------------------
---------------------------------
| rollout/           |          |
|    ep_len_mean     | 331      |
|    ep_rew_mean     | 218      |
| time/              |          |
|    episodes        | 428      |
|    fps             | 237      |
|    time_elapsed    | 571      |
|    total_timesteps | 136021   |
| train/             |          |
|    actor_loss      | -39      |
|    critic_loss     | 12.7     |
|    ent_coef        | 0.114    |
|    ent_coef_loss   | -0.0195  |
|    learning_rate   | 0.000531 |
|    n_updates       | 126020   |
---------------------------------
---------------------------------
| rollout/           |          |
|    ep_len_mean     | 340      |
|    ep_rew_mean     | 216      |
| time/              |          |
|    episodes        | 432      |
|    fps             | 237      |
|    time_elapsed    | 580      |
|    total_timesteps | 137804   |
| train/             |          |
|    actor_loss      | -44.2    |
|    critic_loss     | 9.98     |
|    ent_coef        | 0.119    |
|    ent_coef_loss   | 0.000894 |
|    learning_rate   | 0.000529 |
|    n_updates       | 127803   |
---------------------------------
---------------------------------
| rollout/           |          |
|    ep_len_mean     | 338      |
|    ep_rew_mean     | 221      |
| time/              |          |
|    episodes        | 436      |
|    fps             | 237      |
|    time_elapsed    | 584      |
|    total_timesteps | 138786   |
| train/             |          |
|    actor_loss      | -44.4    |
|    critic_loss     | 19.4     |
|    ent_coef        | 0.111    |
|    ent_coef_loss   | -0.378   |
|    learning_rate   | 0.000527 |
|    n_updates       | 128785   |
---------------------------------
Eval num_timesteps=140000, episode_reward=165.63 +/- 173.67
Episode length: 355.20 +/- 229.95
---------------------------------
| eval/              |          |
|    mean_ep_length  | 355      |
|    mean_reward     | 166      |
| time/              |          |
|    total_timesteps | 140000   |
| train/             |          |
|    actor_loss      | -42.1    |
|    critic_loss     | 6.29     |
|    ent_coef        | 0.109    |
|    ent_coef_loss   | 0.308    |
|    learning_rate   | 0.000526 |
|    n_updates       | 129999   |
---------------------------------
---------------------------------
| rollout/           |          |
|    ep_len_mean     | 348      |
|    ep_rew_mean     | 222      |
| time/              |          |
|    episodes        | 440      |
|    fps             | 236      |
|    time_elapsed    | 594      |
|    total_timesteps | 140759   |
| train/             |          |
|    actor_loss      | -37.8    |
|    critic_loss     | 20.2     |
|    ent_coef        | 0.116    |
|    ent_coef_loss   | 0.264    |
|    learning_rate   | 0.000524 |
|    n_updates       | 130758   |
---------------------------------
---------------------------------
| rollout/           |          |
|    ep_len_mean     | 340      |
|    ep_rew_mean     | 229      |
| time/              |          |
|    episodes        | 444      |
|    fps             | 236      |
|    time_elapsed    | 599      |
|    total_timesteps | 141792   |
| train/             |          |
|    actor_loss      | -45.5    |
|    critic_loss     | 17.6     |
|    ent_coef        | 0.117    |
|    ent_coef_loss   | 0.326    |
|    learning_rate   | 0.000523 |
|    n_updates       | 131791   |
---------------------------------
---------------------------------
| rollout/           |          |
|    ep_len_mean     | 348      |
|    ep_rew_mean     | 225      |
| time/              |          |
|    episodes        | 448      |
|    fps             | 236      |
|    time_elapsed    | 609      |
|    total_timesteps | 144241   |
| train/             |          |
|    actor_loss      | -43      |
|    critic_loss     | 20.1     |
|    ent_coef        | 0.111    |
|    ent_coef_loss   | 0.36     |
|    learning_rate   | 0.000519 |
|    n_updates       | 134240   |
---------------------------------
---------------------------------
| rollout/           |          |
|    ep_len_mean     | 345      |
|    ep_rew_mean     | 225      |
| time/              |          |
|    episodes        | 452      |
|    fps             | 236      |
|    time_elapsed    | 613      |
|    total_timesteps | 145207   |
| train/             |          |
|    actor_loss      | -43.1    |
|    critic_loss     | 12.8     |
|    ent_coef        | 0.114    |
|    ent_coef_loss   | 0.0547   |
|    learning_rate   | 0.000518 |
|    n_updates       | 135206   |
---------------------------------
---------------------------------
| rollout/           |          |
|    ep_len_mean     | 343      |
|    ep_rew_mean     | 225      |
| time/              |          |
|    episodes        | 456      |
|    fps             | 236      |
|    time_elapsed    | 618      |
|    total_timesteps | 146396   |
| train/             |          |
|    actor_loss      | -42.9    |
|    critic_loss     | 16       |
|    ent_coef        | 0.112    |
|    ent_coef_loss   | 0.0565   |
|    learning_rate   | 0.000516 |
|    n_updates       | 136395   |
---------------------------------
---------------------------------
| rollout/           |          |
|    ep_len_mean     | 345      |
|    ep_rew_mean     | 227      |
| time/              |          |
|    episodes        | 460      |
|    fps             | 236      |
|    time_elapsed    | 624      |
|    total_timesteps | 147791   |
| train/             |          |
|    actor_loss      | -41.5    |
|    critic_loss     | 20.1     |
|    ent_coef        | 0.113    |
|    ent_coef_loss   | -0.278   |
|    learning_rate   | 0.000514 |
|    n_updates       | 137790   |
---------------------------------
---------------------------------
| rollout/           |          |
|    ep_len_mean     | 339      |
|    ep_rew_mean     | 225      |
| time/              |          |
|    episodes        | 464      |
|    fps             | 236      |
|    time_elapsed    | 629      |
|    total_timesteps | 149082   |
| train/             |          |
|    actor_loss      | -44      |
|    critic_loss     | 22.2     |
|    ent_coef        | 0.11     |
|    ent_coef_loss   | -0.102   |
|    learning_rate   | 0.000512 |
|    n_updates       | 139081   |
---------------------------------
Eval num_timesteps=150000, episode_reward=175.64 +/- 207.17
Episode length: 321.70 +/- 183.29
---------------------------------
| eval/              |          |
|    mean_ep_length  | 322      |
|    mean_reward     | 176      |
| time/              |          |
|    total_timesteps | 150000   |
| train/             |          |
|    actor_loss      | -44.9    |
|    critic_loss     | 7.77     |
|    ent_coef        | 0.111    |
|    ent_coef_loss   | 0.55     |
|    learning_rate   | 0.000511 |
|    n_updates       | 139999   |
---------------------------------
---------------------------------
| rollout/           |          |
|    ep_len_mean     | 336      |
|    ep_rew_mean     | 230      |
| time/              |          |
|    episodes        | 468      |
|    fps             | 236      |
|    time_elapsed    | 634      |
|    total_timesteps | 150011   |
| train/             |          |
|    actor_loss      | -45.5    |
|    critic_loss     | 7.52     |
|    ent_coef        | 0.111    |
|    ent_coef_loss   | 0.364    |
|    learning_rate   | 0.000511 |
|    n_updates       | 140010   |
---------------------------------
---------------------------------
| rollout/           |          |
|    ep_len_mean     | 336      |
|    ep_rew_mean     | 230      |
| time/              |          |
|    episodes        | 472      |
|    fps             | 236      |
|    time_elapsed    | 638      |
|    total_timesteps | 150938   |
| train/             |          |
|    actor_loss      | -41.5    |
|    critic_loss     | 9.12     |
|    ent_coef        | 0.105    |
|    ent_coef_loss   | -0.72    |
|    learning_rate   | 0.00051  |
|    n_updates       | 140937   |
---------------------------------
---------------------------------
| rollout/           |          |
|    ep_len_mean     | 337      |
|    ep_rew_mean     | 229      |
| time/              |          |
|    episodes        | 476      |
|    fps             | 236      |
|    time_elapsed    | 642      |
|    total_timesteps | 151972   |
| train/             |          |
|    actor_loss      | -47      |
|    critic_loss     | 8.86     |
|    ent_coef        | 0.108    |
|    ent_coef_loss   | 0.0463   |
|    learning_rate   | 0.000508 |
|    n_updates       | 141971   |
---------------------------------
---------------------------------
| rollout/           |          |
|    ep_len_mean     | 335      |
|    ep_rew_mean     | 231      |
| time/              |          |
|    episodes        | 480      |
|    fps             | 236      |
|    time_elapsed    | 646      |
|    total_timesteps | 152834   |
| train/             |          |
|    actor_loss      | -46.9    |
|    critic_loss     | 15.6     |
|    ent_coef        | 0.112    |
|    ent_coef_loss   | 0.286    |
|    learning_rate   | 0.000507 |
|    n_updates       | 142833   |
---------------------------------
---------------------------------
| rollout/           |          |
|    ep_len_mean     | 334      |
|    ep_rew_mean     | 231      |
| time/              |          |
|    episodes        | 484      |
|    fps             | 236      |
|    time_elapsed    | 650      |
|    total_timesteps | 153737   |
| train/             |          |
|    actor_loss      | -42.3    |
|    critic_loss     | 9.41     |
|    ent_coef        | 0.107    |
|    ent_coef_loss   | -0.0705  |
|    learning_rate   | 0.000506 |
|    n_updates       | 143736   |
---------------------------------
---------------------------------
| rollout/           |          |
|    ep_len_mean     | 336      |
|    ep_rew_mean     | 233      |
| time/              |          |
|    episodes        | 488      |
|    fps             | 236      |
|    time_elapsed    | 656      |
|    total_timesteps | 155162   |
| train/             |          |
|    actor_loss      | -44.1    |
|    critic_loss     | 31.2     |
|    ent_coef        | 0.108    |
|    ent_coef_loss   | -0.832   |
|    learning_rate   | 0.000503 |
|    n_updates       | 145161   |
---------------------------------
---------------------------------
| rollout/           |          |
|    ep_len_mean     | 343      |
|    ep_rew_mean     | 233      |
| time/              |          |
|    episodes        | 492      |
|    fps             | 236      |
|    time_elapsed    | 664      |
|    total_timesteps | 156832   |
| train/             |          |
|    actor_loss      | -46      |
|    critic_loss     | 16.7     |
|    ent_coef        | 0.11     |
|    ent_coef_loss   | -0.0477  |
|    learning_rate   | 0.000501 |
|    n_updates       | 146831   |
---------------------------------
---------------------------------
| rollout/           |          |
|    ep_len_mean     | 340      |
|    ep_rew_mean     | 233      |
| time/              |          |
|    episodes        | 496      |
|    fps             | 235      |
|    time_elapsed    | 668      |
|    total_timesteps | 157756   |
| train/             |          |
|    actor_loss      | -44      |
|    critic_loss     | 13       |
|    ent_coef        | 0.107    |
|    ent_coef_loss   | -0.057   |
|    learning_rate   | 0.0005   |
|    n_updates       | 147755   |
---------------------------------
---------------------------------
| rollout/           |          |
|    ep_len_mean     | 333      |
|    ep_rew_mean     | 236      |
| time/              |          |
|    episodes        | 500      |
|    fps             | 235      |
|    time_elapsed    | 674      |
|    total_timesteps | 159002   |
| train/             |          |
|    actor_loss      | -47      |
|    critic_loss     | 4.55     |
|    ent_coef        | 0.107    |
|    ent_coef_loss   | -0.382   |
|    learning_rate   | 0.000498 |
|    n_updates       | 149001   |
---------------------------------
Eval num_timesteps=160000, episode_reward=258.69 +/- 19.48
Episode length: 295.30 +/- 154.59
---------------------------------
| eval/              |          |
|    mean_ep_length  | 295      |
|    mean_reward     | 259      |
| time/              |          |
|    total_timesteps | 160000   |
| train/             |          |
|    actor_loss      | -40.8    |
|    critic_loss     | 7.71     |
|    ent_coef        | 0.107    |
|    ent_coef_loss   | -0.155   |
|    learning_rate   | 0.000496 |
|    n_updates       | 149999   |
---------------------------------
---------------------------------
| rollout/           |          |
|    ep_len_mean     | 336      |
|    ep_rew_mean     | 237      |
| time/              |          |
|    episodes        | 504      |
|    fps             | 235      |
|    time_elapsed    | 682      |
|    total_timesteps | 160532   |
| train/             |          |
|    actor_loss      | -51.9    |
|    critic_loss     | 9.96     |
|    ent_coef        | 0.106    |
|    ent_coef_loss   | 0.0539   |
|    learning_rate   | 0.000496 |
|    n_updates       | 150531   |
---------------------------------
---------------------------------
| rollout/           |          |
|    ep_len_mean     | 332      |
|    ep_rew_mean     | 239      |
| time/              |          |
|    episodes        | 508      |
|    fps             | 235      |
|    time_elapsed    | 686      |
|    total_timesteps | 161535   |
| train/             |          |
|    actor_loss      | -46.7    |
|    critic_loss     | 22       |
|    ent_coef        | 0.101    |
|    ent_coef_loss   | 0.32     |
|    learning_rate   | 0.000494 |
|    n_updates       | 151534   |
---------------------------------
---------------------------------
| rollout/           |          |
|    ep_len_mean     | 332      |
|    ep_rew_mean     | 239      |
| time/              |          |
|    episodes        | 512      |
|    fps             | 235      |
|    time_elapsed    | 690      |
|    total_timesteps | 162426   |
| train/             |          |
|    actor_loss      | -45.9    |
|    critic_loss     | 7.64     |
|    ent_coef        | 0.0993   |
|    ent_coef_loss   | 0.279    |
|    learning_rate   | 0.000493 |
|    n_updates       | 152425   |
---------------------------------
---------------------------------
| rollout/           |          |
|    ep_len_mean     | 328      |
|    ep_rew_mean     | 240      |
| time/              |          |
|    episodes        | 516      |
|    fps             | 235      |
|    time_elapsed    | 694      |
|    total_timesteps | 163351   |
| train/             |          |
|    actor_loss      | -44.8    |
|    critic_loss     | 15.2     |
|    ent_coef        | 0.101    |
|    ent_coef_loss   | -0.0683  |
|    learning_rate   | 0.000492 |
|    n_updates       | 153350   |
---------------------------------
---------------------------------
| rollout/           |          |
|    ep_len_mean     | 316      |
|    ep_rew_mean     | 243      |
| time/              |          |
|    episodes        | 520      |
|    fps             | 235      |
|    time_elapsed    | 701      |
|    total_timesteps | 165036   |
| train/             |          |
|    actor_loss      | -48.1    |
|    critic_loss     | 3.85     |
|    ent_coef        | 0.0995   |
|    ent_coef_loss   | 0.0203   |
|    learning_rate   | 0.000489 |
|    n_updates       | 155035   |
---------------------------------
---------------------------------
| rollout/           |          |
|    ep_len_mean     | 315      |
|    ep_rew_mean     | 242      |
| time/              |          |
|    episodes        | 524      |
|    fps             | 235      |
|    time_elapsed    | 705      |
|    total_timesteps | 166139   |
| train/             |          |
|    actor_loss      | -48.4    |
|    critic_loss     | 12.4     |
|    ent_coef        | 0.101    |
|    ent_coef_loss   | -0.81    |
|    learning_rate   | 0.000487 |
|    n_updates       | 156138   |
---------------------------------
---------------------------------
| rollout/           |          |
|    ep_len_mean     | 310      |
|    ep_rew_mean     | 243      |
| time/              |          |
|    episodes        | 528      |
|    fps             | 235      |
|    time_elapsed    | 709      |
|    total_timesteps | 166998   |
| train/             |          |
|    actor_loss      | -48.7    |
|    critic_loss     | 21.1     |
|    ent_coef        | 0.0992   |
|    ent_coef_loss   | -0.0281  |
|    learning_rate   | 0.000486 |
|    n_updates       | 156997   |
---------------------------------
---------------------------------
| rollout/           |          |
|    ep_len_mean     | 316      |
|    ep_rew_mean     | 239      |
| time/              |          |
|    episodes        | 532      |
|    fps             | 235      |
|    time_elapsed    | 719      |
|    total_timesteps | 169422   |
| train/             |          |
|    actor_loss      | -48.2    |
|    critic_loss     | 7.13     |
|    ent_coef        | 0.0986   |
|    ent_coef_loss   | -0.316   |
|    learning_rate   | 0.000483 |
|    n_updates       | 159421   |
---------------------------------
Eval num_timesteps=170000, episode_reward=259.81 +/- 53.62
Episode length: 267.60 +/- 169.67
---------------------------------
| eval/              |          |
|    mean_ep_length  | 268      |
|    mean_reward     | 260      |
| time/              |          |
|    total_timesteps | 170000   |
| train/             |          |
|    actor_loss      | -50.8    |
|    critic_loss     | 13       |
|    ent_coef        | 0.0998   |
|    ent_coef_loss   | 0.0366   |
|    learning_rate   | 0.000482 |
|    n_updates       | 159999   |
---------------------------------
---------------------------------
| rollout/           |          |
|    ep_len_mean     | 322      |
|    ep_rew_mean     | 237      |
| time/              |          |
|    episodes        | 536      |
|    fps             | 235      |
|    time_elapsed    | 727      |
|    total_timesteps | 171016   |
| train/             |          |
|    actor_loss      | -49.7    |
|    critic_loss     | 37.7     |
|    ent_coef        | 0.102    |
|    ent_coef_loss   | 0.0169   |
|    learning_rate   | 0.00048  |
|    n_updates       | 161015   |
---------------------------------
---------------------------------
| rollout/           |          |
|    ep_len_mean     | 311      |
|    ep_rew_mean     | 240      |
| time/              |          |
|    episodes        | 540      |
|    fps             | 235      |
|    time_elapsed    | 730      |
|    total_timesteps | 171846   |
| train/             |          |
|    actor_loss      | -48      |
|    critic_loss     | 8.36     |
|    ent_coef        | 0.103    |
|    ent_coef_loss   | -0.293   |
|    learning_rate   | 0.000479 |
|    n_updates       | 161845   |
---------------------------------
---------------------------------
| rollout/           |          |
|    ep_len_mean     | 309      |
|    ep_rew_mean     | 238      |
| time/              |          |
|    episodes        | 544      |
|    fps             | 235      |
|    time_elapsed    | 734      |
|    total_timesteps | 172649   |
| train/             |          |
|    actor_loss      | -53      |
|    critic_loss     | 20.3     |
|    ent_coef        | 0.102    |
|    ent_coef_loss   | -0.0338  |
|    learning_rate   | 0.000478 |
|    n_updates       | 162648   |
---------------------------------
---------------------------------
| rollout/           |          |
|    ep_len_mean     | 293      |
|    ep_rew_mean     | 245      |
| time/              |          |
|    episodes        | 548      |
|    fps             | 235      |
|    time_elapsed    | 737      |
|    total_timesteps | 173547   |
| train/             |          |
|    actor_loss      | -49.3    |
|    critic_loss     | 20       |
|    ent_coef        | 0.101    |
|    ent_coef_loss   | -0.189   |
|    learning_rate   | 0.000477 |
|    n_updates       | 163546   |
---------------------------------
---------------------------------
| rollout/           |          |
|    ep_len_mean     | 292      |
|    ep_rew_mean     | 244      |
| time/              |          |
|    episodes        | 552      |
|    fps             | 235      |
|    time_elapsed    | 741      |
|    total_timesteps | 174436   |
| train/             |          |
|    actor_loss      | -50.1    |
|    critic_loss     | 9.25     |
|    ent_coef        | 0.0968   |
|    ent_coef_loss   | 0.192    |
|    learning_rate   | 0.000475 |
|    n_updates       | 164435   |
---------------------------------
---------------------------------
| rollout/           |          |
|    ep_len_mean     | 288      |
|    ep_rew_mean     | 244      |
| time/              |          |
|    episodes        | 556      |
|    fps             | 235      |
|    time_elapsed    | 745      |
|    total_timesteps | 175217   |
| train/             |          |
|    actor_loss      | -53.7    |
|    critic_loss     | 24.3     |
|    ent_coef        | 0.0958   |
|    ent_coef_loss   | -0.554   |
|    learning_rate   | 0.000474 |
|    n_updates       | 165216   |
---------------------------------
---------------------------------
| rollout/           |          |
|    ep_len_mean     | 284      |
|    ep_rew_mean     | 245      |
| time/              |          |
|    episodes        | 560      |
|    fps             | 234      |
|    time_elapsed    | 750      |
|    total_timesteps | 176222   |
| train/             |          |
|    actor_loss      | -49.5    |
|    critic_loss     | 13.6     |
|    ent_coef        | 0.1      |
|    ent_coef_loss   | 0.484    |
|    learning_rate   | 0.000473 |
|    n_updates       | 166221   |
---------------------------------
---------------------------------
| rollout/           |          |
|    ep_len_mean     | 280      |
|    ep_rew_mean     | 248      |
| time/              |          |
|    episodes        | 564      |
|    fps             | 234      |
|    time_elapsed    | 754      |
|    total_timesteps | 177051   |
| train/             |          |
|    actor_loss      | -51.7    |
|    critic_loss     | 7.77     |
|    ent_coef        | 0.0957   |
|    ent_coef_loss   | -0.663   |
|    learning_rate   | 0.000472 |
|    n_updates       | 167050   |
---------------------------------
---------------------------------
| rollout/           |          |
|    ep_len_mean     | 280      |
|    ep_rew_mean     | 248      |
| time/              |          |
|    episodes        | 568      |
|    fps             | 234      |
|    time_elapsed    | 759      |
|    total_timesteps | 177994   |
| train/             |          |
|    actor_loss      | -48.2    |
|    critic_loss     | 7.83     |
|    ent_coef        | 0.101    |
|    ent_coef_loss   | 0.0495   |
|    learning_rate   | 0.00047  |
|    n_updates       | 167993   |
---------------------------------
---------------------------------
| rollout/           |          |
|    ep_len_mean     | 279      |
|    ep_rew_mean     | 248      |
| time/              |          |
|    episodes        | 572      |
|    fps             | 234      |
|    time_elapsed    | 763      |
|    total_timesteps | 178829   |
| train/             |          |
|    actor_loss      | -53.3    |
|    critic_loss     | 9.27     |
|    ent_coef        | 0.0967   |
|    ent_coef_loss   | 0.0205   |
|    learning_rate   | 0.000469 |
|    n_updates       | 168828   |
---------------------------------
---------------------------------
| rollout/           |          |
|    ep_len_mean     | 278      |
|    ep_rew_mean     | 249      |
| time/              |          |
|    episodes        | 576      |
|    fps             | 234      |
|    time_elapsed    | 767      |
|    total_timesteps | 179779   |
| train/             |          |
|    actor_loss      | -46.7    |
|    critic_loss     | 8.09     |
|    ent_coef        | 0.0889   |
|    ent_coef_loss   | 0.839    |
|    learning_rate   | 0.000468 |
|    n_updates       | 169778   |
---------------------------------
Eval num_timesteps=180000, episode_reward=262.45 +/- 27.19
Episode length: 256.90 +/- 31.28
---------------------------------
| eval/              |          |
|    mean_ep_length  | 257      |
|    mean_reward     | 262      |
| time/              |          |
|    total_timesteps | 180000   |
| train/             |          |
|    actor_loss      | -53.3    |
|    critic_loss     | 14.4     |
|    ent_coef        | 0.0874   |
|    ent_coef_loss   | -0.0171  |
|    learning_rate   | 0.000467 |
|    n_updates       | 169999   |
---------------------------------
---------------------------------
| rollout/           |          |
|    ep_len_mean     | 285      |
|    ep_rew_mean     | 246      |
| time/              |          |
|    episodes        | 580      |
|    fps             | 233      |
|    time_elapsed    | 776      |
|    total_timesteps | 181371   |
| train/             |          |
|    actor_loss      | -48.4    |
|    critic_loss     | 20.4     |
|    ent_coef        | 0.0925   |
|    ent_coef_loss   | 0.0988   |
|    learning_rate   | 0.000465 |
|    n_updates       | 171370   |
---------------------------------
---------------------------------
| rollout/           |          |
|    ep_len_mean     | 285      |
|    ep_rew_mean     | 246      |
| time/              |          |
|    episodes        | 584      |
|    fps             | 233      |
|    time_elapsed    | 780      |
|    total_timesteps | 182217   |
| train/             |          |
|    actor_loss      | -49.7    |
|    critic_loss     | 4.31     |
|    ent_coef        | 0.0937   |
|    ent_coef_loss   | -0.0925  |
|    learning_rate   | 0.000464 |
|    n_updates       | 172216   |
---------------------------------
---------------------------------
| rollout/           |          |
|    ep_len_mean     | 281      |
|    ep_rew_mean     | 249      |
| time/              |          |
|    episodes        | 588      |
|    fps             | 233      |
|    time_elapsed    | 785      |
|    total_timesteps | 183245   |
| train/             |          |
|    actor_loss      | -54.4    |
|    critic_loss     | 4.8      |
|    ent_coef        | 0.0999   |
|    ent_coef_loss   | 0.213    |
|    learning_rate   | 0.000462 |
|    n_updates       | 173244   |
---------------------------------
---------------------------------
| rollout/           |          |
|    ep_len_mean     | 272      |
|    ep_rew_mean     | 246      |
| time/              |          |
|    episodes        | 592      |
|    fps             | 233      |
|    time_elapsed    | 789      |
|    total_timesteps | 184047   |
| train/             |          |
|    actor_loss      | -47.1    |
|    critic_loss     | 4.76     |
|    ent_coef        | 0.0973   |
|    ent_coef_loss   | 0.193    |
|    learning_rate   | 0.000461 |
|    n_updates       | 174046   |
---------------------------------
---------------------------------
| rollout/           |          |
|    ep_len_mean     | 272      |
|    ep_rew_mean     | 247      |
| time/              |          |
|    episodes        | 596      |
|    fps             | 233      |
|    time_elapsed    | 793      |
|    total_timesteps | 184948   |
| train/             |          |
|    actor_loss      | -54.7    |
|    critic_loss     | 13.3     |
|    ent_coef        | 0.094    |
|    ent_coef_loss   | -0.00487 |
|    learning_rate   | 0.00046  |
|    n_updates       | 174947   |
---------------------------------
---------------------------------
| rollout/           |          |
|    ep_len_mean     | 268      |
|    ep_rew_mean     | 248      |
| time/              |          |
|    episodes        | 600      |
|    fps             | 233      |
|    time_elapsed    | 796      |
|    total_timesteps | 185807   |
| train/             |          |
|    actor_loss      | -49.3    |
|    critic_loss     | 43.7     |
|    ent_coef        | 0.0948   |
|    ent_coef_loss   | 0.0221   |
|    learning_rate   | 0.000459 |
|    n_updates       | 175806   |
---------------------------------
---------------------------------
| rollout/           |          |
|    ep_len_mean     | 261      |
|    ep_rew_mean     | 249      |
| time/              |          |
|    episodes        | 604      |
|    fps             | 233      |
|    time_elapsed    | 800      |
|    total_timesteps | 186653   |
| train/             |          |
|    actor_loss      | -50.5    |
|    critic_loss     | 7.23     |
|    ent_coef        | 0.0942   |
|    ent_coef_loss   | 0.143    |
|    learning_rate   | 0.000457 |
|    n_updates       | 176652   |
---------------------------------
---------------------------------
| rollout/           |          |
|    ep_len_mean     | 260      |
|    ep_rew_mean     | 249      |
| time/              |          |
|    episodes        | 608      |
|    fps             | 232      |
|    time_elapsed    | 804      |
|    total_timesteps | 187488   |
| train/             |          |
|    actor_loss      | -54.4    |
|    critic_loss     | 26       |
|    ent_coef        | 0.0941   |
|    ent_coef_loss   | 0.127    |
|    learning_rate   | 0.000456 |
|    n_updates       | 177487   |
---------------------------------
---------------------------------
| rollout/           |          |
|    ep_len_mean     | 259      |
|    ep_rew_mean     | 249      |
| time/              |          |
|    episodes        | 612      |
|    fps             | 232      |
|    time_elapsed    | 808      |
|    total_timesteps | 188331   |
| train/             |          |
|    actor_loss      | -53.6    |
|    critic_loss     | 10.1     |
|    ent_coef        | 0.0976   |
|    ent_coef_loss   | 0.359    |
|    learning_rate   | 0.000455 |
|    n_updates       | 178330   |
---------------------------------
---------------------------------
| rollout/           |          |
|    ep_len_mean     | 258      |
|    ep_rew_mean     | 248      |
| time/              |          |
|    episodes        | 616      |
|    fps             | 232      |
|    time_elapsed    | 813      |
|    total_timesteps | 189186   |
| train/             |          |
|    actor_loss      | -53      |
|    critic_loss     | 4.62     |
|    ent_coef        | 0.0945   |
|    ent_coef_loss   | -0.274   |
|    learning_rate   | 0.000454 |
|    n_updates       | 179185   |
---------------------------------
Eval num_timesteps=190000, episode_reward=275.64 +/- 16.94
Episode length: 220.60 +/- 10.53
---------------------------------
| eval/              |          |
|    mean_ep_length  | 221      |
|    mean_reward     | 276      |
| time/              |          |
|    total_timesteps | 190000   |
| train/             |          |
|    actor_loss      | -49.7    |
|    critic_loss     | 6.05     |
|    ent_coef        | 0.0925   |
|    ent_coef_loss   | -0.937   |
|    learning_rate   | 0.000453 |
|    n_updates       | 179999   |
---------------------------------
New best mean reward!
---------------------------------
| rollout/           |          |
|    ep_len_mean     | 250      |
|    ep_rew_mean     | 252      |
| time/              |          |
|    episodes        | 620      |
|    fps             | 232      |
|    time_elapsed    | 817      |
|    total_timesteps | 190077   |
| train/             |          |
|    actor_loss      | -53      |
|    critic_loss     | 3.07     |
|    ent_coef        | 0.0901   |
|    ent_coef_loss   | -0.0958  |
|    learning_rate   | 0.000452 |
|    n_updates       | 180076   |
---------------------------------
---------------------------------
| rollout/           |          |
|    ep_len_mean     | 248      |
|    ep_rew_mean     | 253      |
| time/              |          |
|    episodes        | 624      |
|    fps             | 232      |
|    time_elapsed    | 821      |
|    total_timesteps | 190946   |
| train/             |          |
|    actor_loss      | -52.4    |
|    critic_loss     | 7.9      |
|    ent_coef        | 0.0954   |
|    ent_coef_loss   | -0.511   |
|    learning_rate   | 0.000451 |
|    n_updates       | 180945   |
---------------------------------
---------------------------------
| rollout/           |          |
|    ep_len_mean     | 248      |
|    ep_rew_mean     | 253      |
| time/              |          |
|    episodes        | 628      |
|    fps             | 232      |
|    time_elapsed    | 824      |
|    total_timesteps | 191777   |
| train/             |          |
|    actor_loss      | -49.7    |
|    critic_loss     | 6.29     |
|    ent_coef        | 0.0944   |
|    ent_coef_loss   | 0.101    |
|    learning_rate   | 0.00045  |
|    n_updates       | 181776   |
---------------------------------
---------------------------------
| rollout/           |          |
|    ep_len_mean     | 241      |
|    ep_rew_mean     | 256      |
| time/              |          |
|    episodes        | 632      |
|    fps             | 232      |
|    time_elapsed    | 832      |
|    total_timesteps | 193487   |
| train/             |          |
|    actor_loss      | -53      |
|    critic_loss     | 15.5     |
|    ent_coef        | 0.092    |
|    ent_coef_loss   | 0.223    |
|    learning_rate   | 0.000448 |
|    n_updates       | 183486   |
---------------------------------
---------------------------------
| rollout/           |          |
|    ep_len_mean     | 243      |
|    ep_rew_mean     | 255      |
| time/              |          |
|    episodes        | 636      |
|    fps             | 232      |
|    time_elapsed    | 839      |
|    total_timesteps | 195351   |
| train/             |          |
|    actor_loss      | -49.1    |
|    critic_loss     | 29.1     |
|    ent_coef        | 0.0931   |
|    ent_coef_loss   | 0.145    |
|    learning_rate   | 0.000445 |
|    n_updates       | 185350   |
---------------------------------
---------------------------------
| rollout/           |          |
|    ep_len_mean     | 244      |
|    ep_rew_mean     | 255      |
| time/              |          |
|    episodes        | 640      |
|    fps             | 232      |
|    time_elapsed    | 843      |
|    total_timesteps | 196261   |
| train/             |          |
|    actor_loss      | -53.2    |
|    critic_loss     | 16.2     |
|    ent_coef        | 0.0913   |
|    ent_coef_loss   | 0.142    |
|    learning_rate   | 0.000443 |
|    n_updates       | 186260   |
---------------------------------
---------------------------------
| rollout/           |          |
|    ep_len_mean     | 253      |
|    ep_rew_mean     | 256      |
| time/              |          |
|    episodes        | 644      |
|    fps             | 232      |
|    time_elapsed    | 851      |
|    total_timesteps | 197945   |
| train/             |          |
|    actor_loss      | -56      |
|    critic_loss     | 20.7     |
|    ent_coef        | 0.0946   |
|    ent_coef_loss   | -0.42    |
|    learning_rate   | 0.000441 |
|    n_updates       | 187944   |
---------------------------------
---------------------------------
| rollout/           |          |
|    ep_len_mean     | 258      |
|    ep_rew_mean     | 255      |
| time/              |          |
|    episodes        | 648      |
|    fps             | 232      |
|    time_elapsed    | 856      |
|    total_timesteps | 199348   |
| train/             |          |
|    actor_loss      | -53.7    |
|    critic_loss     | 5.32     |
|    ent_coef        | 0.0954   |
|    ent_coef_loss   | -0.0686  |
|    learning_rate   | 0.000439 |
|    n_updates       | 189347   |
---------------------------------
Eval num_timesteps=200000, episode_reward=273.12 +/- 22.39
Episode length: 227.20 +/- 31.08
---------------------------------
| eval/              |          |
|    mean_ep_length  | 227      |
|    mean_reward     | 273      |
| time/              |          |
|    total_timesteps | 200000   |
| train/             |          |
|    actor_loss      | -51.6    |
|    critic_loss     | 8.05     |
|    ent_coef        | 0.0937   |
|    ent_coef_loss   | 0.125    |
|    learning_rate   | 0.000438 |
|    n_updates       | 189999   |
---------------------------------
---------------------------------
| rollout/           |          |
|    ep_len_mean     | 258      |
|    ep_rew_mean     | 256      |
| time/              |          |
|    episodes        | 652      |
|    fps             | 232      |
|    time_elapsed    | 861      |
|    total_timesteps | 200274   |
| train/             |          |
|    actor_loss      | -52.4    |
|    critic_loss     | 31.3     |
|    ent_coef        | 0.094    |
|    ent_coef_loss   | 0.146    |
|    learning_rate   | 0.000438 |
|    n_updates       | 190273   |
---------------------------------
---------------------------------
| rollout/           |          |
|    ep_len_mean     | 264      |
|    ep_rew_mean     | 257      |
| time/              |          |
|    episodes        | 656      |
|    fps             | 232      |
|    time_elapsed    | 867      |
|    total_timesteps | 201624   |
| train/             |          |
|    actor_loss      | -54.5    |
|    critic_loss     | 8.26     |
|    ent_coef        | 0.0978   |
|    ent_coef_loss   | -0.12    |
|    learning_rate   | 0.000436 |
|    n_updates       | 191623   |
---------------------------------
---------------------------------
| rollout/           |          |
|    ep_len_mean     | 270      |
|    ep_rew_mean     | 255      |
| time/              |          |
|    episodes        | 660      |
|    fps             | 232      |
|    time_elapsed    | 873      |
|    total_timesteps | 203175   |
| train/             |          |
|    actor_loss      | -54.1    |
|    critic_loss     | 10.4     |
|    ent_coef        | 0.0928   |
|    ent_coef_loss   | 0.736    |
|    learning_rate   | 0.000433 |
|    n_updates       | 193174   |
---------------------------------
---------------------------------
| rollout/           |          |
|    ep_len_mean     | 274      |
|    ep_rew_mean     | 254      |
| time/              |          |
|    episodes        | 664      |
|    fps             | 232      |
|    time_elapsed    | 879      |
|    total_timesteps | 204471   |
| train/             |          |
|    actor_loss      | -53      |
|    critic_loss     | 15.7     |
|    ent_coef        | 0.0973   |
|    ent_coef_loss   | -0.0497  |
|    learning_rate   | 0.000431 |
|    n_updates       | 194470   |
---------------------------------
---------------------------------
| rollout/           |          |
|    ep_len_mean     | 274      |
|    ep_rew_mean     | 253      |
| time/              |          |
|    episodes        | 668      |
|    fps             | 232      |
|    time_elapsed    | 882      |
|    total_timesteps | 205368   |
| train/             |          |
|    actor_loss      | -51.9    |
|    critic_loss     | 9.49     |
|    ent_coef        | 0.0969   |
|    ent_coef_loss   | 0.128    |
|    learning_rate   | 0.00043  |
|    n_updates       | 195367   |
---------------------------------
---------------------------------
| rollout/           |          |
|    ep_len_mean     | 275      |
|    ep_rew_mean     | 243      |
| time/              |          |
|    episodes        | 672      |
|    fps             | 232      |
|    time_elapsed    | 887      |
|    total_timesteps | 206361   |
| train/             |          |
|    actor_loss      | -53.3    |
|    critic_loss     | 16.1     |
|    ent_coef        | 0.093    |
|    ent_coef_loss   | -0.485   |
|    learning_rate   | 0.000429 |
|    n_updates       | 196360   |
---------------------------------
---------------------------------
| rollout/           |          |
|    ep_len_mean     | 285      |
|    ep_rew_mean     | 238      |
| time/              |          |
|    episodes        | 676      |
|    fps             | 232      |
|    time_elapsed    | 895      |
|    total_timesteps | 208289   |
| train/             |          |
|    actor_loss      | -50.8    |
|    critic_loss     | 28.6     |
|    ent_coef        | 0.104    |
|    ent_coef_loss   | 0.0446   |
|    learning_rate   | 0.000426 |
|    n_updates       | 198288   |
---------------------------------
---------------------------------
| rollout/           |          |
|    ep_len_mean     | 278      |
|    ep_rew_mean     | 239      |
| time/              |          |
|    episodes        | 680      |
|    fps             | 232      |
|    time_elapsed    | 898      |
|    total_timesteps | 209163   |
| train/             |          |
|    actor_loss      | -52.9    |
|    critic_loss     | 9.42     |
|    ent_coef        | 0.0978   |
|    ent_coef_loss   | -0.386   |
|    learning_rate   | 0.000425 |
|    n_updates       | 199162   |
---------------------------------
Eval num_timesteps=210000, episode_reward=263.72 +/- 42.15
Episode length: 297.00 +/- 144.14
---------------------------------
| eval/              |          |
|    mean_ep_length  | 297      |
|    mean_reward     | 264      |
| time/              |          |
|    total_timesteps | 210000   |
| train/             |          |
|    actor_loss      | -52.6    |
|    critic_loss     | 18.2     |
|    ent_coef        | 0.0967   |
|    ent_coef_loss   | -0.102   |
|    learning_rate   | 0.000423 |
|    n_updates       | 199999   |
---------------------------------
---------------------------------
| rollout/           |          |
|    ep_len_mean     | 278      |
|    ep_rew_mean     | 238      |
| time/              |          |
|    episodes        | 684      |
|    fps             | 232      |
|    time_elapsed    | 903      |
|    total_timesteps | 210054   |
| train/             |          |
|    actor_loss      | -50.2    |
|    critic_loss     | 12.6     |
|    ent_coef        | 0.0966   |
|    ent_coef_loss   | -0.0195  |
|    learning_rate   | 0.000423 |
|    n_updates       | 200053   |
---------------------------------
---------------------------------
| rollout/           |          |
|    ep_len_mean     | 277      |
|    ep_rew_mean     | 239      |
| time/              |          |
|    episodes        | 688      |
|    fps             | 232      |
|    time_elapsed    | 908      |
|    total_timesteps | 210990   |
| train/             |          |
|    actor_loss      | -49.7    |
|    critic_loss     | 7.34     |
|    ent_coef        | 0.0958   |
|    ent_coef_loss   | 0.735    |
|    learning_rate   | 0.000422 |
|    n_updates       | 200989   |
---------------------------------
---------------------------------
| rollout/           |          |
|    ep_len_mean     | 279      |
|    ep_rew_mean     | 243      |
| time/              |          |
|    episodes        | 692      |
|    fps             | 232      |
|    time_elapsed    | 913      |
|    total_timesteps | 211966   |
| train/             |          |
|    actor_loss      | -54.1    |
|    critic_loss     | 9.48     |
|    ent_coef        | 0.0956   |
|    ent_coef_loss   | 0.206    |
|    learning_rate   | 0.000421 |
|    n_updates       | 201965   |
---------------------------------
---------------------------------
| rollout/           |          |
|    ep_len_mean     | 286      |
|    ep_rew_mean     | 233      |
| time/              |          |
|    episodes        | 696      |
|    fps             | 231      |
|    time_elapsed    | 920      |
|    total_timesteps | 213516   |
| train/             |          |
|    actor_loss      | -51.9    |
|    critic_loss     | 11       |
|    ent_coef        | 0.0964   |
|    ent_coef_loss   | 0.464    |
|    learning_rate   | 0.000418 |
|    n_updates       | 203515   |
---------------------------------
---------------------------------
| rollout/           |          |
|    ep_len_mean     | 288      |
|    ep_rew_mean     | 231      |
| time/              |          |
|    episodes        | 700      |
|    fps             | 231      |
|    time_elapsed    | 925      |
|    total_timesteps | 214573   |
| train/             |          |
|    actor_loss      | -50.5    |
|    critic_loss     | 5.13     |
|    ent_coef        | 0.0929   |
|    ent_coef_loss   | -0.0956  |
|    learning_rate   | 0.000417 |
|    n_updates       | 204572   |
---------------------------------
---------------------------------
| rollout/           |          |
|    ep_len_mean     | 288      |
|    ep_rew_mean     | 232      |
| time/              |          |
|    episodes        | 704      |
|    fps             | 231      |
|    time_elapsed    | 929      |
|    total_timesteps | 215409   |
| train/             |          |
|    actor_loss      | -49.8    |
|    critic_loss     | 21.6     |
|    ent_coef        | 0.0917   |
|    ent_coef_loss   | -0.464   |
|    learning_rate   | 0.000416 |
|    n_updates       | 205408   |
---------------------------------
---------------------------------
| rollout/           |          |
|    ep_len_mean     | 295      |
|    ep_rew_mean     | 230      |
| time/              |          |
|    episodes        | 708      |
|    fps             | 231      |
|    time_elapsed    | 936      |
|    total_timesteps | 216983   |
| train/             |          |
|    actor_loss      | -50      |
|    critic_loss     | 8.16     |
|    ent_coef        | 0.0971   |
|    ent_coef_loss   | 0.646    |
|    learning_rate   | 0.000413 |
|    n_updates       | 206982   |
---------------------------------
---------------------------------
| rollout/           |          |
|    ep_len_mean     | 296      |
|    ep_rew_mean     | 231      |
| time/              |          |
|    episodes        | 712      |
|    fps             | 231      |
|    time_elapsed    | 940      |
|    total_timesteps | 217909   |
| train/             |          |
|    actor_loss      | -46.8    |
|    critic_loss     | 35.9     |
|    ent_coef        | 0.0961   |
|    ent_coef_loss   | 0.241    |
|    learning_rate   | 0.000412 |
|    n_updates       | 207908   |
---------------------------------
---------------------------------
| rollout/           |          |
|    ep_len_mean     | 297      |
|    ep_rew_mean     | 231      |
| time/              |          |
|    episodes        | 716      |
|    fps             | 231      |
|    time_elapsed    | 944      |
|    total_timesteps | 218863   |
| train/             |          |
|    actor_loss      | -49      |
|    critic_loss     | 24.4     |
|    ent_coef        | 0.0937   |
|    ent_coef_loss   | -0.0963  |
|    learning_rate   | 0.00041  |
|    n_updates       | 208862   |
---------------------------------
Eval num_timesteps=220000, episode_reward=259.67 +/- 23.94
Episode length: 283.30 +/- 102.82
---------------------------------
| eval/              |          |
|    mean_ep_length  | 283      |
|    mean_reward     | 260      |
| time/              |          |
|    total_timesteps | 220000   |
| train/             |          |
|    actor_loss      | -50.6    |
|    critic_loss     | 42.6     |
|    ent_coef        | 0.0953   |
|    ent_coef_loss   | 0.497    |
|    learning_rate   | 0.000409 |
|    n_updates       | 209999   |
---------------------------------
---------------------------------
| rollout/           |          |
|    ep_len_mean     | 300      |
|    ep_rew_mean     | 230      |
| time/              |          |
|    episodes        | 720      |
|    fps             | 231      |
|    time_elapsed    | 950      |
|    total_timesteps | 220052   |
| train/             |          |
|    actor_loss      | -47.8    |
|    critic_loss     | 12.4     |
|    ent_coef        | 0.0961   |
|    ent_coef_loss   | 0.884    |
|    learning_rate   | 0.000409 |
|    n_updates       | 210051   |
---------------------------------
---------------------------------
| rollout/           |          |
|    ep_len_mean     | 304      |
|    ep_rew_mean     | 229      |
| time/              |          |
|    episodes        | 724      |
|    fps             | 231      |
|    time_elapsed    | 956      |
|    total_timesteps | 221300   |
| train/             |          |
|    actor_loss      | -49.3    |
|    critic_loss     | 4.88     |
|    ent_coef        | 0.0971   |
|    ent_coef_loss   | 0.432    |
|    learning_rate   | 0.000407 |
|    n_updates       | 211299   |
---------------------------------
---------------------------------
| rollout/           |          |
|    ep_len_mean     | 309      |
|    ep_rew_mean     | 229      |
| time/              |          |
|    episodes        | 728      |
|    fps             | 231      |
|    time_elapsed    | 963      |
|    total_timesteps | 222703   |
| train/             |          |
|    actor_loss      | -49.7    |
|    critic_loss     | 6.94     |
|    ent_coef        | 0.0971   |
|    ent_coef_loss   | 0.626    |
|    learning_rate   | 0.000405 |
|    n_updates       | 212702   |
---------------------------------
---------------------------------
| rollout/           |          |
|    ep_len_mean     | 303      |
|    ep_rew_mean     | 230      |
| time/              |          |
|    episodes        | 732      |
|    fps             | 231      |
|    time_elapsed    | 968      |
|    total_timesteps | 223751   |
| train/             |          |
|    actor_loss      | -53.8    |
|    critic_loss     | 15.2     |
|    ent_coef        | 0.0909   |
|    ent_coef_loss   | -0.117   |
|    learning_rate   | 0.000403 |
|    n_updates       | 213750   |
---------------------------------
---------------------------------
| rollout/           |          |
|    ep_len_mean     | 294      |
|    ep_rew_mean     | 234      |
| time/              |          |
|    episodes        | 736      |
|    fps             | 230      |
|    time_elapsed    | 973      |
|    total_timesteps | 224796   |
| train/             |          |
|    actor_loss      | -53.8    |
|    critic_loss     | 13.7     |
|    ent_coef        | 0.0921   |
|    ent_coef_loss   | 0.07     |
|    learning_rate   | 0.000402 |
|    n_updates       | 214795   |
---------------------------------
---------------------------------
| rollout/           |          |
|    ep_len_mean     | 296      |
|    ep_rew_mean     | 230      |
| time/              |          |
|    episodes        | 740      |
|    fps             | 230      |
|    time_elapsed    | 978      |
|    total_timesteps | 225822   |
| train/             |          |
|    actor_loss      | -51.4    |
|    critic_loss     | 8.74     |
|    ent_coef        | 0.0943   |
|    ent_coef_loss   | 0.15     |
|    learning_rate   | 0.0004   |
|    n_updates       | 215821   |
---------------------------------
---------------------------------
| rollout/           |          |
|    ep_len_mean     | 288      |
|    ep_rew_mean     | 231      |
| time/              |          |
|    episodes        | 744      |
|    fps             | 230      |
|    time_elapsed    | 983      |
|    total_timesteps | 226772   |
| train/             |          |
|    actor_loss      | -48.4    |
|    critic_loss     | 12.3     |
|    ent_coef        | 0.0904   |
|    ent_coef_loss   | -0.145   |
|    learning_rate   | 0.000399 |
|    n_updates       | 216771   |
---------------------------------
---------------------------------
| rollout/           |          |
|    ep_len_mean     | 283      |
|    ep_rew_mean     | 231      |
| time/              |          |
|    episodes        | 748      |
|    fps             | 230      |
|    time_elapsed    | 987      |
|    total_timesteps | 227668   |
| train/             |          |
|    actor_loss      | -52.1    |
|    critic_loss     | 9.06     |
|    ent_coef        | 0.0884   |
|    ent_coef_loss   | -0.0279  |
|    learning_rate   | 0.000398 |
|    n_updates       | 217667   |
---------------------------------
---------------------------------
| rollout/           |          |
|    ep_len_mean     | 286      |
|    ep_rew_mean     | 230      |
| time/              |          |
|    episodes        | 752      |
|    fps             | 230      |
|    time_elapsed    | 993      |
|    total_timesteps | 228837   |
| train/             |          |
|    actor_loss      | -50      |
|    critic_loss     | 18.1     |
|    ent_coef        | 0.0885   |
|    ent_coef_loss   | -0.0409  |
|    learning_rate   | 0.000396 |
|    n_updates       | 218836   |
---------------------------------
---------------------------------
| rollout/           |          |
|    ep_len_mean     | 281      |
|    ep_rew_mean     | 232      |
| time/              |          |
|    episodes        | 756      |
|    fps             | 230      |
|    time_elapsed    | 997      |
|    total_timesteps | 229728   |
| train/             |          |
|    actor_loss      | -49.7    |
|    critic_loss     | 10.9     |
|    ent_coef        | 0.0911   |
|    ent_coef_loss   | 0.0537   |
|    learning_rate   | 0.000395 |
|    n_updates       | 219727   |
---------------------------------
Eval num_timesteps=230000, episode_reward=256.66 +/- 31.46
Episode length: 319.90 +/- 175.77
---------------------------------
| eval/              |          |
|    mean_ep_length  | 320      |
|    mean_reward     | 257      |
| time/              |          |
|    total_timesteps | 230000   |
| train/             |          |
|    actor_loss      | -51.2    |
|    critic_loss     | 25.3     |
|    ent_coef        | 0.0899   |
|    ent_coef_loss   | 0.488    |
|    learning_rate   | 0.000394 |
|    n_updates       | 219999   |
---------------------------------
---------------------------------
| rollout/           |          |
|    ep_len_mean     | 277      |
|    ep_rew_mean     | 234      |
| time/              |          |
|    episodes        | 760      |
|    fps             | 229      |
|    time_elapsed    | 1003     |
|    total_timesteps | 230836   |
| train/             |          |
|    actor_loss      | -48.7    |
|    critic_loss     | 20.7     |
|    ent_coef        | 0.0856   |
|    ent_coef_loss   | 0.0881   |
|    learning_rate   | 0.000393 |
|    n_updates       | 220835   |
---------------------------------
---------------------------------
| rollout/           |          |
|    ep_len_mean     | 276      |
|    ep_rew_mean     | 231      |
| time/              |          |
|    episodes        | 764      |
|    fps             | 229      |
|    time_elapsed    | 1009     |
|    total_timesteps | 232034   |
| train/             |          |
|    actor_loss      | -48.9    |
|    critic_loss     | 21.9     |
|    ent_coef        | 0.0857   |
|    ent_coef_loss   | 0.064    |
|    learning_rate   | 0.000391 |
|    n_updates       | 222033   |
---------------------------------
---------------------------------
| rollout/           |          |
|    ep_len_mean     | 276      |
|    ep_rew_mean     | 231      |
| time/              |          |
|    episodes        | 768      |
|    fps             | 229      |
|    time_elapsed    | 1014     |
|    total_timesteps | 232995   |
| train/             |          |
|    actor_loss      | -52.4    |
|    critic_loss     | 8.14     |
|    ent_coef        | 0.079    |
|    ent_coef_loss   | -0.46    |
|    learning_rate   | 0.00039  |
|    n_updates       | 222994   |
---------------------------------
---------------------------------
| rollout/           |          |
|    ep_len_mean     | 275      |
|    ep_rew_mean     | 242      |
| time/              |          |
|    episodes        | 772      |
|    fps             | 229      |
|    time_elapsed    | 1018     |
|    total_timesteps | 233888   |
| train/             |          |
|    actor_loss      | -51.8    |
|    critic_loss     | 11.7     |
|    ent_coef        | 0.0815   |
|    ent_coef_loss   | -0.318   |
|    learning_rate   | 0.000389 |
|    n_updates       | 223887   |
---------------------------------
---------------------------------
| rollout/           |          |
|    ep_len_mean     | 268      |
|    ep_rew_mean     | 246      |
| time/              |          |
|    episodes        | 776      |
|    fps             | 229      |
|    time_elapsed    | 1024     |
|    total_timesteps | 235047   |
| train/             |          |
|    actor_loss      | -54.5    |
|    critic_loss     | 23.9     |
|    ent_coef        | 0.0755   |
|    ent_coef_loss   | -0.661   |
|    learning_rate   | 0.000387 |
|    n_updates       | 225046   |
---------------------------------
---------------------------------
| rollout/           |          |
|    ep_len_mean     | 271      |
|    ep_rew_mean     | 246      |
| time/              |          |
|    episodes        | 780      |
|    fps             | 229      |
|    time_elapsed    | 1029     |
|    total_timesteps | 236217   |
| train/             |          |
|    actor_loss      | -51.7    |
|    critic_loss     | 6.72     |
|    ent_coef        | 0.0737   |
|    ent_coef_loss   | 0.0564   |
|    learning_rate   | 0.000385 |
|    n_updates       | 226216   |
---------------------------------
---------------------------------
| rollout/           |          |
|    ep_len_mean     | 271      |
|    ep_rew_mean     | 248      |
| time/              |          |
|    episodes        | 784      |
|    fps             | 229      |
|    time_elapsed    | 1032     |
|    total_timesteps | 237106   |
| train/             |          |
|    actor_loss      | -54.6    |
|    critic_loss     | 25       |
|    ent_coef        | 0.0756   |
|    ent_coef_loss   | 0.523    |
|    learning_rate   | 0.000384 |
|    n_updates       | 227105   |
---------------------------------
---------------------------------
| rollout/           |          |
|    ep_len_mean     | 277      |
|    ep_rew_mean     | 247      |
| time/              |          |
|    episodes        | 788      |
|    fps             | 229      |
|    time_elapsed    | 1039     |
|    total_timesteps | 238646   |
| train/             |          |
|    actor_loss      | -51.7    |
|    critic_loss     | 6.19     |
|    ent_coef        | 0.0794   |
|    ent_coef_loss   | 0.0416   |
|    learning_rate   | 0.000382 |
|    n_updates       | 228645   |
---------------------------------
---------------------------------
| rollout/           |          |
|    ep_len_mean     | 278      |
|    ep_rew_mean     | 247      |
| time/              |          |
|    episodes        | 792      |
|    fps             | 229      |
|    time_elapsed    | 1043     |
|    total_timesteps | 239764   |
| train/             |          |
|    actor_loss      | -54.7    |
|    critic_loss     | 32.6     |
|    ent_coef        | 0.08     |
|    ent_coef_loss   | 0.304    |
|    learning_rate   | 0.00038  |
|    n_updates       | 229763   |
---------------------------------
Eval num_timesteps=240000, episode_reward=274.00 +/- 17.15
Episode length: 293.50 +/- 123.09
---------------------------------
| eval/              |          |
|    mean_ep_length  | 294      |
|    mean_reward     | 274      |
| time/              |          |
|    total_timesteps | 240000   |
| train/             |          |
|    actor_loss      | -53.1    |
|    critic_loss     | 24.5     |
|    ent_coef        | 0.0792   |
|    ent_coef_loss   | 0.435    |
|    learning_rate   | 0.00038  |
|    n_updates       | 229999   |
---------------------------------
---------------------------------
| rollout/           |          |
|    ep_len_mean     | 271      |
|    ep_rew_mean     | 256      |
| time/              |          |
|    episodes        | 796      |
|    fps             | 229      |
|    time_elapsed    | 1048     |
|    total_timesteps | 240601   |
| train/             |          |
|    actor_loss      | -56.2    |
|    critic_loss     | 28.3     |
|    ent_coef        | 0.0818   |
|    ent_coef_loss   | -0.373   |
|    learning_rate   | 0.000379 |
|    n_updates       | 230600   |
---------------------------------
---------------------------------
| rollout/           |          |
|    ep_len_mean     | 269      |
|    ep_rew_mean     | 258      |
| time/              |          |
|    episodes        | 800      |
|    fps             | 229      |
|    time_elapsed    | 1052     |
|    total_timesteps | 241519   |
| train/             |          |
|    actor_loss      | -53.6    |
|    critic_loss     | 8.43     |
|    ent_coef        | 0.0805   |
|    ent_coef_loss   | 0.247    |
|    learning_rate   | 0.000377 |
|    n_updates       | 231518   |
---------------------------------
---------------------------------
| rollout/           |          |
|    ep_len_mean     | 269      |
|    ep_rew_mean     | 257      |
| time/              |          |
|    episodes        | 804      |
|    fps             | 229      |
|    time_elapsed    | 1055     |
|    total_timesteps | 242314   |
| train/             |          |
|    actor_loss      | -55      |
|    critic_loss     | 4.72     |
|    ent_coef        | 0.0813   |
|    ent_coef_loss   | 0.134    |
|    learning_rate   | 0.000376 |
|    n_updates       | 232313   |
---------------------------------
---------------------------------
| rollout/           |          |
|    ep_len_mean     | 264      |
|    ep_rew_mean     | 259      |
| time/              |          |
|    episodes        | 808      |
|    fps             | 229      |
|    time_elapsed    | 1060     |
|    total_timesteps | 243410   |
| train/             |          |
|    actor_loss      | -56.4    |
|    critic_loss     | 6.14     |
|    ent_coef        | 0.0806   |
|    ent_coef_loss   | 0.0802   |
|    learning_rate   | 0.000375 |
|    n_updates       | 233409   |
---------------------------------
---------------------------------
| rollout/           |          |
|    ep_len_mean     | 264      |
|    ep_rew_mean     | 259      |
| time/              |          |
|    episodes        | 812      |
|    fps             | 229      |
|    time_elapsed    | 1064     |
|    total_timesteps | 244287   |
| train/             |          |
|    actor_loss      | -57.3    |
|    critic_loss     | 4.32     |
|    ent_coef        | 0.0818   |
|    ent_coef_loss   | 0.515    |
|    learning_rate   | 0.000373 |
|    n_updates       | 234286   |
---------------------------------
---------------------------------
| rollout/           |          |
|    ep_len_mean     | 263      |
|    ep_rew_mean     | 259      |
| time/              |          |
|    episodes        | 816      |
|    fps             | 229      |
|    time_elapsed    | 1067     |
|    total_timesteps | 245144   |
| train/             |          |
|    actor_loss      | -58.6    |
|    critic_loss     | 9.39     |
|    ent_coef        | 0.0789   |
|    ent_coef_loss   | 0.208    |
|    learning_rate   | 0.000372 |
|    n_updates       | 235143   |
---------------------------------
---------------------------------
| rollout/           |          |
|    ep_len_mean     | 259      |
|    ep_rew_mean     | 260      |
| time/              |          |
|    episodes        | 820      |
|    fps             | 229      |
|    time_elapsed    | 1071     |
|    total_timesteps | 245977   |
| train/             |          |
|    actor_loss      | -54.4    |
|    critic_loss     | 16.6     |
|    ent_coef        | 0.0772   |
|    ent_coef_loss   | 0.671    |
|    learning_rate   | 0.000371 |
|    n_updates       | 235976   |
---------------------------------
---------------------------------
| rollout/           |          |
|    ep_len_mean     | 255      |
|    ep_rew_mean     | 261      |
| time/              |          |
|    episodes        | 824      |
|    fps             | 229      |
|    time_elapsed    | 1074     |
|    total_timesteps | 246796   |
| train/             |          |
|    actor_loss      | -54.8    |
|    critic_loss     | 8.49     |
|    ent_coef        | 0.0806   |
|    ent_coef_loss   | -0.0515  |
|    learning_rate   | 0.00037  |
|    n_updates       | 236795   |
---------------------------------
---------------------------------
| rollout/           |          |
|    ep_len_mean     | 250      |
|    ep_rew_mean     | 262      |
| time/              |          |
|    episodes        | 828      |
|    fps             | 229      |
|    time_elapsed    | 1078     |
|    total_timesteps | 247689   |
| train/             |          |
|    actor_loss      | -56.5    |
|    critic_loss     | 9.58     |
|    ent_coef        | 0.0795   |
|    ent_coef_loss   | 0.0331   |
|    learning_rate   | 0.000368 |
|    n_updates       | 237688   |
---------------------------------
---------------------------------
| rollout/           |          |
|    ep_len_mean     | 248      |
|    ep_rew_mean     | 263      |
| time/              |          |
|    episodes        | 832      |
|    fps             | 229      |
|    time_elapsed    | 1081     |
|    total_timesteps | 248527   |
| train/             |          |
|    actor_loss      | -57      |
|    critic_loss     | 32.4     |
|    ent_coef        | 0.0777   |
|    ent_coef_loss   | 0.0283   |
|    learning_rate   | 0.000367 |
|    n_updates       | 238526   |
---------------------------------
---------------------------------
| rollout/           |          |
|    ep_len_mean     | 246      |
|    ep_rew_mean     | 263      |
| time/              |          |
|    episodes        | 836      |
|    fps             | 229      |
|    time_elapsed    | 1085     |
|    total_timesteps | 249419   |
| train/             |          |
|    actor_loss      | -54.5    |
|    critic_loss     | 47.3     |
|    ent_coef        | 0.0773   |
|    ent_coef_loss   | -0.259   |
|    learning_rate   | 0.000366 |
|    n_updates       | 239418   |
---------------------------------
Eval num_timesteps=250000, episode_reward=266.72 +/- 22.01
Episode length: 199.60 +/- 21.28
---------------------------------
| eval/              |          |
|    mean_ep_length  | 200      |
|    mean_reward     | 267      |
| time/              |          |
|    total_timesteps | 250000   |
| train/             |          |
|    actor_loss      | -56.3    |
|    critic_loss     | 7.57     |
|    ent_coef        | 0.0746   |
|    ent_coef_loss   | -0.173   |
|    learning_rate   | 0.000365 |
|    n_updates       | 239999   |
---------------------------------
---------------------------------
| rollout/           |          |
|    ep_len_mean     | 247      |
|    ep_rew_mean     | 267      |
| time/              |          |
|    episodes        | 840      |
|    fps             | 229      |
|    time_elapsed    | 1090     |
|    total_timesteps | 250523   |
| train/             |          |
|    actor_loss      | -56      |
|    critic_loss     | 15.1     |
|    ent_coef        | 0.0778   |
|    ent_coef_loss   | 0.102    |
|    learning_rate   | 0.000364 |
|    n_updates       | 240522   |
---------------------------------
---------------------------------
| rollout/           |          |
|    ep_len_mean     | 246      |
|    ep_rew_mean     | 267      |
| time/              |          |
|    episodes        | 844      |
|    fps             | 229      |
|    time_elapsed    | 1094     |
|    total_timesteps | 251381   |
| train/             |          |
|    actor_loss      | -58.2    |
|    critic_loss     | 7.18     |
|    ent_coef        | 0.0759   |
|    ent_coef_loss   | -0.215   |
|    learning_rate   | 0.000363 |
|    n_updates       | 241380   |
---------------------------------
---------------------------------
| rollout/           |          |
|    ep_len_mean     | 246      |
|    ep_rew_mean     | 267      |
| time/              |          |
|    episodes        | 848      |
|    fps             | 229      |
|    time_elapsed    | 1098     |
|    total_timesteps | 252276   |
| train/             |          |
|    actor_loss      | -58.1    |
|    critic_loss     | 17.3     |
|    ent_coef        | 0.0768   |
|    ent_coef_loss   | -0.205   |
|    learning_rate   | 0.000362 |
|    n_updates       | 242275   |
---------------------------------
---------------------------------
| rollout/           |          |
|    ep_len_mean     | 246      |
|    ep_rew_mean     | 268      |
| time/              |          |
|    episodes        | 852      |
|    fps             | 229      |
|    time_elapsed    | 1103     |
|    total_timesteps | 253464   |
| train/             |          |
|    actor_loss      | -58.9    |
|    critic_loss     | 4.55     |
|    ent_coef        | 0.0814   |
|    ent_coef_loss   | -0.154   |
|    learning_rate   | 0.00036  |
|    n_updates       | 243463   |
---------------------------------
---------------------------------
| rollout/           |          |
|    ep_len_mean     | 246      |
|    ep_rew_mean     | 267      |
| time/              |          |
|    episodes        | 856      |
|    fps             | 229      |
|    time_elapsed    | 1106     |
|    total_timesteps | 254316   |
| train/             |          |
|    actor_loss      | -61.9    |
|    critic_loss     | 4.18     |
|    ent_coef        | 0.0793   |
|    ent_coef_loss   | -0.342   |
|    learning_rate   | 0.000359 |
|    n_updates       | 244315   |
---------------------------------
---------------------------------
| rollout/           |          |
|    ep_len_mean     | 244      |
|    ep_rew_mean     | 268      |
| time/              |          |
|    episodes        | 860      |
|    fps             | 229      |
|    time_elapsed    | 1110     |
|    total_timesteps | 255221   |
| train/             |          |
|    actor_loss      | -54.1    |
|    critic_loss     | 9.96     |
|    ent_coef        | 0.0736   |
|    ent_coef_loss   | 0.493    |
|    learning_rate   | 0.000357 |
|    n_updates       | 245220   |
---------------------------------
---------------------------------
| rollout/           |          |
|    ep_len_mean     | 239      |
|    ep_rew_mean     | 271      |
| time/              |          |
|    episodes        | 864      |
|    fps             | 229      |
|    time_elapsed    | 1113     |
|    total_timesteps | 255944   |
| train/             |          |
|    actor_loss      | -57.8    |
|    critic_loss     | 6.6      |
|    ent_coef        | 0.0734   |
|    ent_coef_loss   | 0.168    |
|    learning_rate   | 0.000356 |
|    n_updates       | 245943   |
---------------------------------
---------------------------------
| rollout/           |          |
|    ep_len_mean     | 238      |
|    ep_rew_mean     | 273      |
| time/              |          |
|    episodes        | 868      |
|    fps             | 229      |
|    time_elapsed    | 1117     |
|    total_timesteps | 256753   |
| train/             |          |
|    actor_loss      | -56.6    |
|    critic_loss     | 6.07     |
|    ent_coef        | 0.0756   |
|    ent_coef_loss   | -0.611   |
|    learning_rate   | 0.000355 |
|    n_updates       | 246752   |
---------------------------------
---------------------------------
| rollout/           |          |
|    ep_len_mean     | 237      |
|    ep_rew_mean     | 272      |
| time/              |          |
|    episodes        | 872      |
|    fps             | 229      |
|    time_elapsed    | 1120     |
|    total_timesteps | 257616   |
| train/             |          |
|    actor_loss      | -56.1    |
|    critic_loss     | 10.2     |
|    ent_coef        | 0.0781   |
|    ent_coef_loss   | 0.471    |
|    learning_rate   | 0.000354 |
|    n_updates       | 247615   |
---------------------------------
---------------------------------
| rollout/           |          |
|    ep_len_mean     | 234      |
|    ep_rew_mean     | 273      |
| time/              |          |
|    episodes        | 876      |
|    fps             | 229      |
|    time_elapsed    | 1124     |
|    total_timesteps | 258464   |
| train/             |          |
|    actor_loss      | -55.1    |
|    critic_loss     | 17.7     |
|    ent_coef        | 0.0784   |
|    ent_coef_loss   | 0.304    |
|    learning_rate   | 0.000353 |
|    n_updates       | 248463   |
---------------------------------
---------------------------------
| rollout/           |          |
|    ep_len_mean     | 234      |
|    ep_rew_mean     | 273      |
| time/              |          |
|    episodes        | 880      |
|    fps             | 229      |
|    time_elapsed    | 1129     |
|    total_timesteps | 259573   |
| train/             |          |
|    actor_loss      | -59.3    |
|    critic_loss     | 5.1      |
|    ent_coef        | 0.079    |
|    ent_coef_loss   | 0.00556  |
|    learning_rate   | 0.000351 |
|    n_updates       | 249572   |
---------------------------------
Eval num_timesteps=260000, episode_reward=265.85 +/- 17.58
Episode length: 270.40 +/- 151.00
---------------------------------
| eval/              |          |
|    mean_ep_length  | 270      |
|    mean_reward     | 266      |
| time/              |          |
|    total_timesteps | 260000   |
| train/             |          |
|    actor_loss      | -57.7    |
|    critic_loss     | 6.03     |
|    ent_coef        | 0.0767   |
|    ent_coef_loss   | 0.0882   |
|    learning_rate   | 0.00035  |
|    n_updates       | 249999   |
---------------------------------
---------------------------------
| rollout/           |          |
|    ep_len_mean     | 233      |
|    ep_rew_mean     | 272      |
| time/              |          |
|    episodes        | 884      |
|    fps             | 229      |
|    time_elapsed    | 1133     |
|    total_timesteps | 260403   |
| train/             |          |
|    actor_loss      | -58.1    |
|    critic_loss     | 14.1     |
|    ent_coef        | 0.0794   |
|    ent_coef_loss   | -0.132   |
|    learning_rate   | 0.00035  |
|    n_updates       | 250402   |
---------------------------------
---------------------------------
| rollout/           |          |
|    ep_len_mean     | 226      |
|    ep_rew_mean     | 273      |
| time/              |          |
|    episodes        | 888      |
|    fps             | 229      |
|    time_elapsed    | 1136     |
|    total_timesteps | 261202   |
| train/             |          |
|    actor_loss      | -57.5    |
|    critic_loss     | 13.3     |
|    ent_coef        | 0.0769   |
|    ent_coef_loss   | 0.307    |
|    learning_rate   | 0.000349 |
|    n_updates       | 251201   |
---------------------------------
---------------------------------
| rollout/           |          |
|    ep_len_mean     | 222      |
|    ep_rew_mean     | 272      |
| time/              |          |
|    episodes        | 892      |
|    fps             | 229      |
|    time_elapsed    | 1140     |
|    total_timesteps | 261963   |
| train/             |          |
|    actor_loss      | -59.2    |
|    critic_loss     | 4.62     |
|    ent_coef        | 0.077    |
|    ent_coef_loss   | 0.149    |
|    learning_rate   | 0.000348 |
|    n_updates       | 251962   |
---------------------------------
---------------------------------
| rollout/           |          |
|    ep_len_mean     | 222      |
|    ep_rew_mean     | 272      |
| time/              |          |
|    episodes        | 896      |
|    fps             | 229      |
|    time_elapsed    | 1143     |
|    total_timesteps | 262778   |
| train/             |          |
|    actor_loss      | -57.5    |
|    critic_loss     | 4.1      |
|    ent_coef        | 0.0768   |
|    ent_coef_loss   | 0.563    |
|    learning_rate   | 0.000346 |
|    n_updates       | 252777   |
---------------------------------
---------------------------------
| rollout/           |          |
|    ep_len_mean     | 221      |
|    ep_rew_mean     | 271      |
| time/              |          |
|    episodes        | 900      |
|    fps             | 229      |
|    time_elapsed    | 1147     |
|    total_timesteps | 263591   |
| train/             |          |
|    actor_loss      | -58.9    |
|    critic_loss     | 8.91     |
|    ent_coef        | 0.0757   |
|    ent_coef_loss   | -0.564   |
|    learning_rate   | 0.000345 |
|    n_updates       | 253590   |
---------------------------------
---------------------------------
| rollout/           |          |
|    ep_len_mean     | 220      |
|    ep_rew_mean     | 271      |
| time/              |          |
|    episodes        | 904      |
|    fps             | 229      |
|    time_elapsed    | 1151     |
|    total_timesteps | 264344   |
| train/             |          |
|    actor_loss      | -56      |
|    critic_loss     | 2.76     |
|    ent_coef        | 0.0752   |
|    ent_coef_loss   | -0.254   |
|    learning_rate   | 0.000344 |
|    n_updates       | 254343   |
---------------------------------
---------------------------------
| rollout/           |          |
|    ep_len_mean     | 218      |
|    ep_rew_mean     | 271      |
| time/              |          |
|    episodes        | 908      |
|    fps             | 229      |
|    time_elapsed    | 1155     |
|    total_timesteps | 265179   |
| train/             |          |
|    actor_loss      | -57.7    |
|    critic_loss     | 14.9     |
|    ent_coef        | 0.0754   |
|    ent_coef_loss   | 0.116    |
|    learning_rate   | 0.000343 |
|    n_updates       | 255178   |
---------------------------------
---------------------------------
| rollout/           |          |
|    ep_len_mean     | 217      |
|    ep_rew_mean     | 271      |
| time/              |          |
|    episodes        | 912      |
|    fps             | 229      |
|    time_elapsed    | 1158     |
|    total_timesteps | 265964   |
| train/             |          |
|    actor_loss      | -56.1    |
|    critic_loss     | 22.8     |
|    ent_coef        | 0.0739   |
|    ent_coef_loss   | 0.121    |
|    learning_rate   | 0.000342 |
|    n_updates       | 255963   |
---------------------------------
---------------------------------
| rollout/           |          |
|    ep_len_mean     | 217      |
|    ep_rew_mean     | 270      |
| time/              |          |
|    episodes        | 916      |
|    fps             | 229      |
|    time_elapsed    | 1162     |
|    total_timesteps | 266814   |
| train/             |          |
|    actor_loss      | -57.7    |
|    critic_loss     | 9.85     |
|    ent_coef        | 0.0749   |
|    ent_coef_loss   | -0.184   |
|    learning_rate   | 0.00034  |
|    n_updates       | 256813   |
---------------------------------
---------------------------------
| rollout/           |          |
|    ep_len_mean     | 217      |
|    ep_rew_mean     | 270      |
| time/              |          |
|    episodes        | 920      |
|    fps             | 229      |
|    time_elapsed    | 1165     |
|    total_timesteps | 267699   |
| train/             |          |
|    actor_loss      | -58.8    |
|    critic_loss     | 13.5     |
|    ent_coef        | 0.0753   |
|    ent_coef_loss   | 0.0542   |
|    learning_rate   | 0.000339 |
|    n_updates       | 257698   |
---------------------------------
---------------------------------
| rollout/           |          |
|    ep_len_mean     | 218      |
|    ep_rew_mean     | 271      |
| time/              |          |
|    episodes        | 924      |
|    fps             | 229      |
|    time_elapsed    | 1169     |
|    total_timesteps | 268584   |
| train/             |          |
|    actor_loss      | -58.5    |
|    critic_loss     | 5.28     |
|    ent_coef        | 0.0733   |
|    ent_coef_loss   | -0.382   |
|    learning_rate   | 0.000338 |
|    n_updates       | 258583   |
---------------------------------
---------------------------------
| rollout/           |          |
|    ep_len_mean     | 217      |
|    ep_rew_mean     | 271      |
| time/              |          |
|    episodes        | 928      |
|    fps             | 229      |
|    time_elapsed    | 1172     |
|    total_timesteps | 269352   |
| train/             |          |
|    actor_loss      | -59      |
|    critic_loss     | 4.77     |
|    ent_coef        | 0.073    |
|    ent_coef_loss   | 0.00642  |
|    learning_rate   | 0.000337 |
|    n_updates       | 259351   |
---------------------------------
Eval num_timesteps=270000, episode_reward=271.48 +/- 15.16
Episode length: 217.80 +/- 19.09
---------------------------------
| eval/              |          |
|    mean_ep_length  | 218      |
|    mean_reward     | 271      |
| time/              |          |
|    total_timesteps | 270000   |
| train/             |          |
|    actor_loss      | -58.8    |
|    critic_loss     | 10.1     |
|    ent_coef        | 0.076    |
|    ent_coef_loss   | -0.0104  |
|    learning_rate   | 0.000336 |
|    n_updates       | 259999   |
---------------------------------
---------------------------------
| rollout/           |          |
|    ep_len_mean     | 216      |
|    ep_rew_mean     | 271      |
| time/              |          |
|    episodes        | 932      |
|    fps             | 229      |
|    time_elapsed    | 1176     |
|    total_timesteps | 270144   |
| train/             |          |
|    actor_loss      | -59.9    |
|    critic_loss     | 11.4     |
|    ent_coef        | 0.0758   |
|    ent_coef_loss   | -0.286   |
|    learning_rate   | 0.000336 |
|    n_updates       | 260143   |
---------------------------------
---------------------------------
| rollout/           |          |
|    ep_len_mean     | 216      |
|    ep_rew_mean     | 271      |
| time/              |          |
|    episodes        | 936      |
|    fps             | 229      |
|    time_elapsed    | 1180     |
|    total_timesteps | 270975   |
| train/             |          |
|    actor_loss      | -59.9    |
|    critic_loss     | 4.37     |
|    ent_coef        | 0.0763   |
|    ent_coef_loss   | -0.21    |
|    learning_rate   | 0.000334 |
|    n_updates       | 260974   |
---------------------------------
---------------------------------
| rollout/           |          |
|    ep_len_mean     | 213      |
|    ep_rew_mean     | 271      |
| time/              |          |
|    episodes        | 940      |
|    fps             | 229      |
|    time_elapsed    | 1183     |
|    total_timesteps | 271798   |
| train/             |          |
|    actor_loss      | -62      |
|    critic_loss     | 20.7     |
|    ent_coef        | 0.0752   |
|    ent_coef_loss   | 0.246    |
|    learning_rate   | 0.000333 |
|    n_updates       | 261797   |
---------------------------------
---------------------------------
| rollout/           |          |
|    ep_len_mean     | 213      |
|    ep_rew_mean     | 271      |
| time/              |          |
|    episodes        | 944      |
|    fps             | 229      |
|    time_elapsed    | 1187     |
|    total_timesteps | 272676   |
| train/             |          |
|    actor_loss      | -58.6    |
|    critic_loss     | 3.55     |
|    ent_coef        | 0.0758   |
|    ent_coef_loss   | -0.498   |
|    learning_rate   | 0.000332 |
|    n_updates       | 262675   |
---------------------------------
---------------------------------
| rollout/           |          |
|    ep_len_mean     | 212      |
|    ep_rew_mean     | 272      |
| time/              |          |
|    episodes        | 948      |
|    fps             | 229      |
|    time_elapsed    | 1190     |
|    total_timesteps | 273462   |
| train/             |          |
|    actor_loss      | -59.2    |
|    critic_loss     | 26.4     |
|    ent_coef        | 0.0771   |
|    ent_coef_loss   | 0.544    |
|    learning_rate   | 0.000331 |
|    n_updates       | 263461   |
---------------------------------
---------------------------------
| rollout/           |          |
|    ep_len_mean     | 208      |
|    ep_rew_mean     | 271      |
| time/              |          |
|    episodes        | 952      |
|    fps             | 229      |
|    time_elapsed    | 1194     |
|    total_timesteps | 274240   |
| train/             |          |
|    actor_loss      | -61.9    |
|    critic_loss     | 7.17     |
|    ent_coef        | 0.0758   |
|    ent_coef_loss   | -0.328   |
|    learning_rate   | 0.00033  |
|    n_updates       | 264239   |
---------------------------------
---------------------------------
| rollout/           |          |
|    ep_len_mean     | 208      |
|    ep_rew_mean     | 272      |
| time/              |          |
|    episodes        | 956      |
|    fps             | 229      |
|    time_elapsed    | 1197     |
|    total_timesteps | 275137   |
| train/             |          |
|    actor_loss      | -60.4    |
|    critic_loss     | 11.6     |
|    ent_coef        | 0.0739   |
|    ent_coef_loss   | 1.11     |
|    learning_rate   | 0.000328 |
|    n_updates       | 265136   |
---------------------------------
---------------------------------
| rollout/           |          |
|    ep_len_mean     | 207      |
|    ep_rew_mean     | 271      |
| time/              |          |
|    episodes        | 960      |
|    fps             | 229      |
|    time_elapsed    | 1201     |
|    total_timesteps | 275880   |
| train/             |          |
|    actor_loss      | -61.5    |
|    critic_loss     | 5.6      |
|    ent_coef        | 0.0769   |
|    ent_coef_loss   | 0.3      |
|    learning_rate   | 0.000327 |
|    n_updates       | 265879   |
---------------------------------
---------------------------------
| rollout/           |          |
|    ep_len_mean     | 215      |
|    ep_rew_mean     | 268      |
| time/              |          |
|    episodes        | 964      |
|    fps             | 229      |
|    time_elapsed    | 1207     |
|    total_timesteps | 277417   |
| train/             |          |
|    actor_loss      | -59.5    |
|    critic_loss     | 12.3     |
|    ent_coef        | 0.0757   |
|    ent_coef_loss   | -0.171   |
|    learning_rate   | 0.000325 |
|    n_updates       | 267416   |
---------------------------------
---------------------------------
| rollout/           |          |
|    ep_len_mean     | 215      |
|    ep_rew_mean     | 268      |
| time/              |          |
|    episodes        | 968      |
|    fps             | 229      |
|    time_elapsed    | 1211     |
|    total_timesteps | 278256   |
| train/             |          |
|    actor_loss      | -61.4    |
|    critic_loss     | 34.3     |
|    ent_coef        | 0.074    |
|    ent_coef_loss   | 0.154    |
|    learning_rate   | 0.000324 |
|    n_updates       | 268255   |
---------------------------------
---------------------------------
| rollout/           |          |
|    ep_len_mean     | 214      |
|    ep_rew_mean     | 267      |
| time/              |          |
|    episodes        | 972      |
|    fps             | 229      |
|    time_elapsed    | 1214     |
|    total_timesteps | 279050   |
| train/             |          |
|    actor_loss      | -63.7    |
|    critic_loss     | 9.73     |
|    ent_coef        | 0.0739   |
|    ent_coef_loss   | -0.0288  |
|    learning_rate   | 0.000323 |
|    n_updates       | 269049   |
---------------------------------
---------------------------------
| rollout/           |          |
|    ep_len_mean     | 215      |
|    ep_rew_mean     | 268      |
| time/              |          |
|    episodes        | 976      |
|    fps             | 229      |
|    time_elapsed    | 1218     |
|    total_timesteps | 279981   |
| train/             |          |
|    actor_loss      | -59.9    |
|    critic_loss     | 3.08     |
|    ent_coef        | 0.0747   |
|    ent_coef_loss   | -0.443   |
|    learning_rate   | 0.000321 |
|    n_updates       | 269980   |
---------------------------------
Eval num_timesteps=280000, episode_reward=269.91 +/- 16.17
Episode length: 201.70 +/- 20.14
---------------------------------
| eval/              |          |
|    mean_ep_length  | 202      |
|    mean_reward     | 270      |
| time/              |          |
|    total_timesteps | 280000   |
| train/             |          |
|    actor_loss      | -57.4    |
|    critic_loss     | 33.9     |
|    ent_coef        | 0.0744   |
|    ent_coef_loss   | -0.288   |
|    learning_rate   | 0.000321 |
|    n_updates       | 269999   |
---------------------------------
---------------------------------
| rollout/           |          |
|    ep_len_mean     | 213      |
|    ep_rew_mean     | 268      |
| time/              |          |
|    episodes        | 980      |
|    fps             | 229      |
|    time_elapsed    | 1223     |
|    total_timesteps | 280828   |
| train/             |          |
|    actor_loss      | -62.6    |
|    critic_loss     | 7.01     |
|    ent_coef        | 0.0742   |
|    ent_coef_loss   | 0.114    |
|    learning_rate   | 0.00032  |
|    n_updates       | 270827   |
---------------------------------
---------------------------------
| rollout/           |          |
|    ep_len_mean     | 213      |
|    ep_rew_mean     | 269      |
| time/              |          |
|    episodes        | 984      |
|    fps             | 229      |
|    time_elapsed    | 1227     |
|    total_timesteps | 281660   |
| train/             |          |
|    actor_loss      | -62.1    |
|    critic_loss     | 6.98     |
|    ent_coef        | 0.0714   |
|    ent_coef_loss   | 0.458    |
|    learning_rate   | 0.000319 |
|    n_updates       | 271659   |
---------------------------------
---------------------------------
| rollout/           |          |
|    ep_len_mean     | 213      |
|    ep_rew_mean     | 268      |
| time/              |          |
|    episodes        | 988      |
|    fps             | 229      |
|    time_elapsed    | 1230     |
|    total_timesteps | 282482   |
| train/             |          |
|    actor_loss      | -59.1    |
|    critic_loss     | 20.8     |
|    ent_coef        | 0.073    |
|    ent_coef_loss   | -0.238   |
|    learning_rate   | 0.000318 |
|    n_updates       | 272481   |
---------------------------------
---------------------------------
| rollout/           |          |
|    ep_len_mean     | 213      |
|    ep_rew_mean     | 269      |
| time/              |          |
|    episodes        | 992      |
|    fps             | 229      |
|    time_elapsed    | 1233     |
|    total_timesteps | 283271   |
| train/             |          |
|    actor_loss      | -61.3    |
|    critic_loss     | 19       |
|    ent_coef        | 0.0732   |
|    ent_coef_loss   | 0.0997   |
|    learning_rate   | 0.000316 |
|    n_updates       | 273270   |
---------------------------------
---------------------------------
| rollout/           |          |
|    ep_len_mean     | 212      |
|    ep_rew_mean     | 269      |
| time/              |          |
|    episodes        | 996      |
|    fps             | 229      |
|    time_elapsed    | 1237     |
|    total_timesteps | 284005   |
| train/             |          |
|    actor_loss      | -60.1    |
|    critic_loss     | 3.53     |
|    ent_coef        | 0.0719   |
|    ent_coef_loss   | -0.0854  |
|    learning_rate   | 0.000315 |
|    n_updates       | 274004   |
---------------------------------
---------------------------------
| rollout/           |          |
|    ep_len_mean     | 213      |
|    ep_rew_mean     | 269      |
| time/              |          |
|    episodes        | 1000     |
|    fps             | 229      |
|    time_elapsed    | 1240     |
|    total_timesteps | 284870   |
| train/             |          |
|    actor_loss      | -60.8    |
|    critic_loss     | 10.1     |
|    ent_coef        | 0.0756   |
|    ent_coef_loss   | 0.219    |
|    learning_rate   | 0.000314 |
|    n_updates       | 274869   |
---------------------------------
---------------------------------
| rollout/           |          |
|    ep_len_mean     | 213      |
|    ep_rew_mean     | 270      |
| time/              |          |
|    episodes        | 1004     |
|    fps             | 229      |
|    time_elapsed    | 1244     |
|    total_timesteps | 285664   |
| train/             |          |
|    actor_loss      | -64.3    |
|    critic_loss     | 3.63     |
|    ent_coef        | 0.0766   |
|    ent_coef_loss   | 0.273    |
|    learning_rate   | 0.000313 |
|    n_updates       | 275663   |
---------------------------------
---------------------------------
| rollout/           |          |
|    ep_len_mean     | 213      |
|    ep_rew_mean     | 270      |
| time/              |          |
|    episodes        | 1008     |
|    fps             | 229      |
|    time_elapsed    | 1247     |
|    total_timesteps | 286475   |
| train/             |          |
|    actor_loss      | -63.3    |
|    critic_loss     | 7.88     |
|    ent_coef        | 0.0757   |
|    ent_coef_loss   | -0.586   |
|    learning_rate   | 0.000312 |
|    n_updates       | 276474   |
---------------------------------
---------------------------------
| rollout/           |          |
|    ep_len_mean     | 213      |
|    ep_rew_mean     | 271      |
| time/              |          |
|    episodes        | 1012     |
|    fps             | 229      |
|    time_elapsed    | 1251     |
|    total_timesteps | 287304   |
| train/             |          |
|    actor_loss      | -66.2    |
|    critic_loss     | 7.33     |
|    ent_coef        | 0.0745   |
|    ent_coef_loss   | -0.732   |
|    learning_rate   | 0.000311 |
|    n_updates       | 277303   |
---------------------------------
---------------------------------
| rollout/           |          |
|    ep_len_mean     | 214      |
|    ep_rew_mean     | 272      |
| time/              |          |
|    episodes        | 1016     |
|    fps             | 229      |
|    time_elapsed    | 1254     |
|    total_timesteps | 288230   |
| train/             |          |
|    actor_loss      | -63.4    |
|    critic_loss     | 4.05     |
|    ent_coef        | 0.0725   |
|    ent_coef_loss   | -0.335   |
|    learning_rate   | 0.000309 |
|    n_updates       | 278229   |
---------------------------------
---------------------------------
| rollout/           |          |
|    ep_len_mean     | 214      |
|    ep_rew_mean     | 272      |
| time/              |          |
|    episodes        | 1020     |
|    fps             | 229      |
|    time_elapsed    | 1258     |
|    total_timesteps | 289051   |
| train/             |          |
|    actor_loss      | -62      |
|    critic_loss     | 26       |
|    ent_coef        | 0.0719   |
|    ent_coef_loss   | 0.281    |
|    learning_rate   | 0.000308 |
|    n_updates       | 279050   |
---------------------------------
---------------------------------
| rollout/           |          |
|    ep_len_mean     | 213      |
|    ep_rew_mean     | 272      |
| time/              |          |
|    episodes        | 1024     |
|    fps             | 229      |
|    time_elapsed    | 1261     |
|    total_timesteps | 289856   |
| train/             |          |
|    actor_loss      | -62.2    |
|    critic_loss     | 6.16     |
|    ent_coef        | 0.0746   |
|    ent_coef_loss   | -0.278   |
|    learning_rate   | 0.000307 |
|    n_updates       | 279855   |
---------------------------------
Eval num_timesteps=290000, episode_reward=266.42 +/- 22.49
Episode length: 213.50 +/- 15.67
---------------------------------
| eval/              |          |
|    mean_ep_length  | 214      |
|    mean_reward     | 266      |
| time/              |          |
|    total_timesteps | 290000   |
| train/             |          |
|    actor_loss      | -65.6    |
|    critic_loss     | 10.3     |
|    ent_coef        | 0.0743   |
|    ent_coef_loss   | 0.367    |
|    learning_rate   | 0.000307 |
|    n_updates       | 279999   |
---------------------------------
---------------------------------
| rollout/           |          |
|    ep_len_mean     | 213      |
|    ep_rew_mean     | 272      |
| time/              |          |
|    episodes        | 1028     |
|    fps             | 229      |
|    time_elapsed    | 1265     |
|    total_timesteps | 290607   |
| train/             |          |
|    actor_loss      | -61.5    |
|    critic_loss     | 3.14     |
|    ent_coef        | 0.0753   |
|    ent_coef_loss   | 0.0386   |
|    learning_rate   | 0.000306 |
|    n_updates       | 280606   |
---------------------------------
---------------------------------
| rollout/           |          |
|    ep_len_mean     | 213      |
|    ep_rew_mean     | 273      |
| time/              |          |
|    episodes        | 1032     |
|    fps             | 229      |
|    time_elapsed    | 1269     |
|    total_timesteps | 291491   |
| train/             |          |
|    actor_loss      | -61.5    |
|    critic_loss     | 3.66     |
|    ent_coef        | 0.0773   |
|    ent_coef_loss   | 0.0123   |
|    learning_rate   | 0.000304 |
|    n_updates       | 281490   |
---------------------------------
---------------------------------
| rollout/           |          |
|    ep_len_mean     | 216      |
|    ep_rew_mean     | 273      |
| time/              |          |
|    episodes        | 1036     |
|    fps             | 229      |
|    time_elapsed    | 1274     |
|    total_timesteps | 292590   |
| train/             |          |
|    actor_loss      | -60.9    |
|    critic_loss     | 9.21     |
|    ent_coef        | 0.0751   |
|    ent_coef_loss   | 0.627    |
|    learning_rate   | 0.000303 |
|    n_updates       | 282589   |
---------------------------------
---------------------------------
| rollout/           |          |
|    ep_len_mean     | 216      |
|    ep_rew_mean     | 272      |
| time/              |          |
|    episodes        | 1040     |
|    fps             | 229      |
|    time_elapsed    | 1277     |
|    total_timesteps | 293360   |
| train/             |          |
|    actor_loss      | -60.8    |
|    critic_loss     | 8.75     |
|    ent_coef        | 0.0753   |
|    ent_coef_loss   | 0.387    |
|    learning_rate   | 0.000302 |
|    n_updates       | 283359   |
---------------------------------
---------------------------------
| rollout/           |          |
|    ep_len_mean     | 215      |
|    ep_rew_mean     | 272      |
| time/              |          |
|    episodes        | 1044     |
|    fps             | 229      |
|    time_elapsed    | 1280     |
|    total_timesteps | 294184   |
| train/             |          |
|    actor_loss      | -61.3    |
|    critic_loss     | 5.19     |
|    ent_coef        | 0.0766   |
|    ent_coef_loss   | 0.279    |
|    learning_rate   | 0.0003   |
|    n_updates       | 284183   |
---------------------------------
---------------------------------
| rollout/           |          |
|    ep_len_mean     | 215      |
|    ep_rew_mean     | 271      |
| time/              |          |
|    episodes        | 1048     |
|    fps             | 229      |
|    time_elapsed    | 1284     |
|    total_timesteps | 294985   |
| train/             |          |
|    actor_loss      | -65.4    |
|    critic_loss     | 5.46     |
|    ent_coef        | 0.0756   |
|    ent_coef_loss   | -0.82    |
|    learning_rate   | 0.000299 |
|    n_updates       | 284984   |
---------------------------------
---------------------------------
| rollout/           |          |
|    ep_len_mean     | 215      |
|    ep_rew_mean     | 271      |
| time/              |          |
|    episodes        | 1052     |
|    fps             | 229      |
|    time_elapsed    | 1287     |
|    total_timesteps | 295771   |
| train/             |          |
|    actor_loss      | -62.4    |
|    critic_loss     | 13.4     |
|    ent_coef        | 0.0733   |
|    ent_coef_loss   | -0.655   |
|    learning_rate   | 0.000298 |
|    n_updates       | 285770   |
---------------------------------
---------------------------------
| rollout/           |          |
|    ep_len_mean     | 214      |
|    ep_rew_mean     | 271      |
| time/              |          |
|    episodes        | 1056     |
|    fps             | 229      |
|    time_elapsed    | 1290     |
|    total_timesteps | 296577   |
| train/             |          |
|    actor_loss      | -64.8    |
|    critic_loss     | 4.53     |
|    ent_coef        | 0.072    |
|    ent_coef_loss   | -0.0557  |
|    learning_rate   | 0.000297 |
|    n_updates       | 286576   |
---------------------------------
---------------------------------
| rollout/           |          |
|    ep_len_mean     | 216      |
|    ep_rew_mean     | 272      |
| time/              |          |
|    episodes        | 1060     |
|    fps             | 229      |
|    time_elapsed    | 1294     |
|    total_timesteps | 297465   |
| train/             |          |
|    actor_loss      | -62.4    |
|    critic_loss     | 2.48     |
|    ent_coef        | 0.0721   |
|    ent_coef_loss   | -0.244   |
|    learning_rate   | 0.000296 |
|    n_updates       | 287464   |
---------------------------------
---------------------------------
| rollout/           |          |
|    ep_len_mean     | 208      |
|    ep_rew_mean     | 275      |
| time/              |          |
|    episodes        | 1064     |
|    fps             | 229      |
|    time_elapsed    | 1297     |
|    total_timesteps | 298263   |
| train/             |          |
|    actor_loss      | -60.1    |
|    critic_loss     | 6.34     |
|    ent_coef        | 0.0707   |
|    ent_coef_loss   | 0.0259   |
|    learning_rate   | 0.000295 |
|    n_updates       | 288262   |
---------------------------------
---------------------------------
| rollout/           |          |
|    ep_len_mean     | 209      |
|    ep_rew_mean     | 274      |
| time/              |          |
|    episodes        | 1068     |
|    fps             | 229      |
|    time_elapsed    | 1301     |
|    total_timesteps | 299115   |
| train/             |          |
|    actor_loss      | -62.8    |
|    critic_loss     | 12.4     |
|    ent_coef        | 0.0721   |
|    ent_coef_loss   | 0.247    |
|    learning_rate   | 0.000293 |
|    n_updates       | 289114   |
---------------------------------
---------------------------------
| rollout/           |          |
|    ep_len_mean     | 209      |
|    ep_rew_mean     | 276      |
| time/              |          |
|    episodes        | 1072     |
|    fps             | 229      |
|    time_elapsed    | 1304     |
|    total_timesteps | 299929   |
| train/             |          |
|    actor_loss      | -58.9    |
|    critic_loss     | 14       |
|    ent_coef        | 0.0764   |
|    ent_coef_loss   | 0.474    |
|    learning_rate   | 0.000292 |
|    n_updates       | 289928   |
---------------------------------
Eval num_timesteps=300000, episode_reward=285.59 +/- 11.96
Episode length: 212.20 +/- 9.56
---------------------------------
| eval/              |          |
|    mean_ep_length  | 212      |
|    mean_reward     | 286      |
| time/              |          |
|    total_timesteps | 300000   |
| train/             |          |
|    actor_loss      | -64.2    |
|    critic_loss     | 14.3     |
|    ent_coef        | 0.0767   |
|    ent_coef_loss   | -0.45    |
|    learning_rate   | 0.000292 |
|    n_updates       | 289999   |
---------------------------------
New best mean reward!
---------------------------------
| rollout/           |          |
|    ep_len_mean     | 216      |
|    ep_rew_mean     | 273      |
| time/              |          |
|    episodes        | 1076     |
|    fps             | 229      |
|    time_elapsed    | 1312     |
|    total_timesteps | 301574   |
| train/             |          |
|    actor_loss      | -65.2    |
|    critic_loss     | 8.04     |
|    ent_coef        | 0.0743   |
|    ent_coef_loss   | 0.247    |
|    learning_rate   | 0.00029  |
|    n_updates       | 291573   |
---------------------------------
---------------------------------
| rollout/           |          |
|    ep_len_mean     | 216      |
|    ep_rew_mean     | 273      |
| time/              |          |
|    episodes        | 1080     |
|    fps             | 229      |
|    time_elapsed    | 1316     |
|    total_timesteps | 302433   |
| train/             |          |
|    actor_loss      | -63.9    |
|    critic_loss     | 29.3     |
|    ent_coef        | 0.074    |
|    ent_coef_loss   | 0.213    |
|    learning_rate   | 0.000288 |
|    n_updates       | 292432   |
---------------------------------
---------------------------------
| rollout/           |          |
|    ep_len_mean     | 216      |
|    ep_rew_mean     | 274      |
| time/              |          |
|    episodes        | 1084     |
|    fps             | 229      |
|    time_elapsed    | 1319     |
|    total_timesteps | 303226   |
| train/             |          |
|    actor_loss      | -66.2    |
|    critic_loss     | 7.06     |
|    ent_coef        | 0.0748   |
|    ent_coef_loss   | -1.05    |
|    learning_rate   | 0.000287 |
|    n_updates       | 293225   |
---------------------------------
---------------------------------
| rollout/           |          |
|    ep_len_mean     | 216      |
|    ep_rew_mean     | 274      |
| time/              |          |
|    episodes        | 1088     |
|    fps             | 229      |
|    time_elapsed    | 1323     |
|    total_timesteps | 304037   |
| train/             |          |
|    actor_loss      | -68.1    |
|    critic_loss     | 18.7     |
|    ent_coef        | 0.0739   |
|    ent_coef_loss   | 0.45     |
|    learning_rate   | 0.000286 |
|    n_updates       | 294036   |
---------------------------------
---------------------------------
| rollout/           |          |
|    ep_len_mean     | 216      |
|    ep_rew_mean     | 275      |
| time/              |          |
|    episodes        | 1092     |
|    fps             | 229      |
|    time_elapsed    | 1326     |
|    total_timesteps | 304843   |
| train/             |          |
|    actor_loss      | -63.3    |
|    critic_loss     | 5.83     |
|    ent_coef        | 0.0722   |
|    ent_coef_loss   | 0.285    |
|    learning_rate   | 0.000285 |
|    n_updates       | 294842   |
---------------------------------
---------------------------------
| rollout/           |          |
|    ep_len_mean     | 216      |
|    ep_rew_mean     | 275      |
| time/              |          |
|    episodes        | 1096     |
|    fps             | 229      |
|    time_elapsed    | 1329     |
|    total_timesteps | 305597   |
| train/             |          |
|    actor_loss      | -65      |
|    critic_loss     | 4.48     |
|    ent_coef        | 0.0719   |
|    ent_coef_loss   | 0.0136   |
|    learning_rate   | 0.000284 |
|    n_updates       | 295596   |
---------------------------------
---------------------------------
| rollout/           |          |
|    ep_len_mean     | 215      |
|    ep_rew_mean     | 274      |
| time/              |          |
|    episodes        | 1100     |
|    fps             | 229      |
|    time_elapsed    | 1332     |
|    total_timesteps | 306374   |
| train/             |          |
|    actor_loss      | -63.4    |
|    critic_loss     | 5.14     |
|    ent_coef        | 0.073    |
|    ent_coef_loss   | -0.0946  |
|    learning_rate   | 0.000283 |
|    n_updates       | 296373   |
---------------------------------
---------------------------------
| rollout/           |          |
|    ep_len_mean     | 216      |
|    ep_rew_mean     | 274      |
| time/              |          |
|    episodes        | 1104     |
|    fps             | 229      |
|    time_elapsed    | 1336     |
|    total_timesteps | 307217   |
| train/             |          |
|    actor_loss      | -62.1    |
|    critic_loss     | 17.2     |
|    ent_coef        | 0.0722   |
|    ent_coef_loss   | 0.252    |
|    learning_rate   | 0.000281 |
|    n_updates       | 297216   |
---------------------------------
---------------------------------
| rollout/           |          |
|    ep_len_mean     | 220      |
|    ep_rew_mean     | 274      |
| time/              |          |
|    episodes        | 1108     |
|    fps             | 229      |
|    time_elapsed    | 1341     |
|    total_timesteps | 308456   |
| train/             |          |
|    actor_loss      | -62.9    |
|    critic_loss     | 5.22     |
|    ent_coef        | 0.0722   |
|    ent_coef_loss   | 0.319    |
|    learning_rate   | 0.00028  |
|    n_updates       | 298455   |
---------------------------------
---------------------------------
| rollout/           |          |
|    ep_len_mean     | 220      |
|    ep_rew_mean     | 274      |
| time/              |          |
|    episodes        | 1112     |
|    fps             | 229      |
|    time_elapsed    | 1345     |
|    total_timesteps | 309319   |
| train/             |          |
|    actor_loss      | -64.9    |
|    critic_loss     | 6.31     |
|    ent_coef        | 0.0748   |
|    ent_coef_loss   | 0.205    |
|    learning_rate   | 0.000278 |
|    n_updates       | 299318   |
---------------------------------
Eval num_timesteps=310000, episode_reward=274.84 +/- 11.90
Episode length: 255.70 +/- 139.33
---------------------------------
| eval/              |          |
|    mean_ep_length  | 256      |
|    mean_reward     | 275      |
| time/              |          |
|    total_timesteps | 310000   |
| train/             |          |
|    actor_loss      | -67.1    |
|    critic_loss     | 6.71     |
|    ent_coef        | 0.0748   |
|    ent_coef_loss   | -0.824   |
|    learning_rate   | 0.000277 |
|    n_updates       | 299999   |
---------------------------------
---------------------------------
| rollout/           |          |
|    ep_len_mean     | 219      |
|    ep_rew_mean     | 273      |
| time/              |          |
|    episodes        | 1116     |
|    fps             | 229      |
|    time_elapsed    | 1349     |
|    total_timesteps | 310135   |
| train/             |          |
|    actor_loss      | -62.3    |
|    critic_loss     | 3.18     |
|    ent_coef        | 0.0745   |
|    ent_coef_loss   | -0.188   |
|    learning_rate   | 0.000277 |
|    n_updates       | 300134   |
---------------------------------
---------------------------------
| rollout/           |          |
|    ep_len_mean     | 219      |
|    ep_rew_mean     | 274      |
| time/              |          |
|    episodes        | 1120     |
|    fps             | 229      |
|    time_elapsed    | 1353     |
|    total_timesteps | 310969   |
| train/             |          |
|    actor_loss      | -64.9    |
|    critic_loss     | 5.65     |
|    ent_coef        | 0.0739   |
|    ent_coef_loss   | 0.316    |
|    learning_rate   | 0.000276 |
|    n_updates       | 300968   |
---------------------------------
---------------------------------
| rollout/           |          |
|    ep_len_mean     | 219      |
|    ep_rew_mean     | 273      |
| time/              |          |
|    episodes        | 1124     |
|    fps             | 229      |
|    time_elapsed    | 1356     |
|    total_timesteps | 311753   |
| train/             |          |
|    actor_loss      | -61.9    |
|    critic_loss     | 12.4     |
|    ent_coef        | 0.0736   |
|    ent_coef_loss   | -0.505   |
|    learning_rate   | 0.000275 |
|    n_updates       | 301752   |
---------------------------------
---------------------------------
| rollout/           |          |
|    ep_len_mean     | 220      |
|    ep_rew_mean     | 273      |
| time/              |          |
|    episodes        | 1128     |
|    fps             | 229      |
|    time_elapsed    | 1359     |
|    total_timesteps | 312571   |
| train/             |          |
|    actor_loss      | -63.3    |
|    critic_loss     | 6.92     |
|    ent_coef        | 0.0748   |
|    ent_coef_loss   | -0.252   |
|    learning_rate   | 0.000274 |
|    n_updates       | 302570   |
---------------------------------
---------------------------------
| rollout/           |          |
|    ep_len_mean     | 220      |
|    ep_rew_mean     | 273      |
| time/              |          |
|    episodes        | 1132     |
|    fps             | 229      |
|    time_elapsed    | 1363     |
|    total_timesteps | 313465   |
| train/             |          |
|    actor_loss      | -65.3    |
|    critic_loss     | 7.5      |
|    ent_coef        | 0.0747   |
|    ent_coef_loss   | 0.118    |
|    learning_rate   | 0.000272 |
|    n_updates       | 303464   |
---------------------------------
---------------------------------
| rollout/           |          |
|    ep_len_mean     | 216      |
|    ep_rew_mean     | 273      |
| time/              |          |
|    episodes        | 1136     |
|    fps             | 229      |
|    time_elapsed    | 1366     |
|    total_timesteps | 314159   |
| train/             |          |
|    actor_loss      | -68.8    |
|    critic_loss     | 4.92     |
|    ent_coef        | 0.0741   |
|    ent_coef_loss   | -0.807   |
|    learning_rate   | 0.000271 |
|    n_updates       | 304158   |
---------------------------------
---------------------------------
| rollout/           |          |
|    ep_len_mean     | 217      |
|    ep_rew_mean     | 273      |
| time/              |          |
|    episodes        | 1140     |
|    fps             | 229      |
|    time_elapsed    | 1370     |
|    total_timesteps | 315040   |
| train/             |          |
|    actor_loss      | -66.7    |
|    critic_loss     | 11.3     |
|    ent_coef        | 0.074    |
|    ent_coef_loss   | -0.199   |
|    learning_rate   | 0.00027  |
|    n_updates       | 305039   |
---------------------------------
---------------------------------
| rollout/           |          |
|    ep_len_mean     | 221      |
|    ep_rew_mean     | 273      |
| time/              |          |
|    episodes        | 1144     |
|    fps             | 229      |
|    time_elapsed    | 1375     |
|    total_timesteps | 316257   |
| train/             |          |
|    actor_loss      | -63.7    |
|    critic_loss     | 16.2     |
|    ent_coef        | 0.075    |
|    ent_coef_loss   | 0.0088   |
|    learning_rate   | 0.000268 |
|    n_updates       | 306256   |
---------------------------------
---------------------------------
| rollout/           |          |
|    ep_len_mean     | 226      |
|    ep_rew_mean     | 273      |
| time/              |          |
|    episodes        | 1148     |
|    fps             | 229      |
|    time_elapsed    | 1381     |
|    total_timesteps | 317567   |
| train/             |          |
|    actor_loss      | -63.9    |
|    critic_loss     | 17.6     |
|    ent_coef        | 0.0758   |
|    ent_coef_loss   | 0.202    |
|    learning_rate   | 0.000266 |
|    n_updates       | 307566   |
---------------------------------
---------------------------------
| rollout/           |          |
|    ep_len_mean     | 226      |
|    ep_rew_mean     | 273      |
| time/              |          |
|    episodes        | 1152     |
|    fps             | 229      |
|    time_elapsed    | 1384     |
|    total_timesteps | 318370   |
| train/             |          |
|    actor_loss      | -61.8    |
|    critic_loss     | 29.3     |
|    ent_coef        | 0.0748   |
|    ent_coef_loss   | 0.024    |
|    learning_rate   | 0.000265 |
|    n_updates       | 308369   |
---------------------------------
---------------------------------
| rollout/           |          |
|    ep_len_mean     | 228      |
|    ep_rew_mean     | 273      |
| time/              |          |
|    episodes        | 1156     |
|    fps             | 229      |
|    time_elapsed    | 1388     |
|    total_timesteps | 319378   |
| train/             |          |
|    actor_loss      | -64.3    |
|    critic_loss     | 4.61     |
|    ent_coef        | 0.0757   |
|    ent_coef_loss   | 0.487    |
|    learning_rate   | 0.000264 |
|    n_updates       | 309377   |
---------------------------------
Eval num_timesteps=320000, episode_reward=277.13 +/- 12.97
Episode length: 208.80 +/- 17.14
---------------------------------
| eval/              |          |
|    mean_ep_length  | 209      |
|    mean_reward     | 277      |
| time/              |          |
|    total_timesteps | 320000   |
| train/             |          |
|    actor_loss      | -60.7    |
|    critic_loss     | 5.78     |
|    ent_coef        | 0.073    |
|    ent_coef_loss   | -0.0361  |
|    learning_rate   | 0.000263 |
|    n_updates       | 309999   |
---------------------------------
---------------------------------
| rollout/           |          |
|    ep_len_mean     | 228      |
|    ep_rew_mean     | 272      |
| time/              |          |
|    episodes        | 1160     |
|    fps             | 229      |
|    time_elapsed    | 1393     |
|    total_timesteps | 320303   |
| train/             |          |
|    actor_loss      | -65.8    |
|    critic_loss     | 3.23     |
|    ent_coef        | 0.0729   |
|    ent_coef_loss   | -0.865   |
|    learning_rate   | 0.000262 |
|    n_updates       | 310302   |
---------------------------------
---------------------------------
| rollout/           |          |
|    ep_len_mean     | 229      |
|    ep_rew_mean     | 273      |
| time/              |          |
|    episodes        | 1164     |
|    fps             | 229      |
|    time_elapsed    | 1396     |
|    total_timesteps | 321145   |
| train/             |          |
|    actor_loss      | -64.1    |
|    critic_loss     | 6.73     |
|    ent_coef        | 0.0721   |
|    ent_coef_loss   | 0.152    |
|    learning_rate   | 0.000261 |
|    n_updates       | 311144   |
---------------------------------
---------------------------------
| rollout/           |          |
|    ep_len_mean     | 228      |
|    ep_rew_mean     | 273      |
| time/              |          |
|    episodes        | 1168     |
|    fps             | 229      |
|    time_elapsed    | 1400     |
|    total_timesteps | 321927   |
| train/             |          |
|    actor_loss      | -67.7    |
|    critic_loss     | 4.99     |
|    ent_coef        | 0.0728   |
|    ent_coef_loss   | -1.34    |
|    learning_rate   | 0.00026  |
|    n_updates       | 311926   |
---------------------------------
---------------------------------
| rollout/           |          |
|    ep_len_mean     | 229      |
|    ep_rew_mean     | 272      |
| time/              |          |
|    episodes        | 1172     |
|    fps             | 229      |
|    time_elapsed    | 1403     |
|    total_timesteps | 322791   |
| train/             |          |
|    actor_loss      | -66.9    |
|    critic_loss     | 14.1     |
|    ent_coef        | 0.0744   |
|    ent_coef_loss   | -0.286   |
|    learning_rate   | 0.000259 |
|    n_updates       | 312790   |
---------------------------------
---------------------------------
| rollout/           |          |
|    ep_len_mean     | 220      |
|    ep_rew_mean     | 275      |
| time/              |          |
|    episodes        | 1176     |
|    fps             | 229      |
|    time_elapsed    | 1407     |
|    total_timesteps | 323610   |
| train/             |          |
|    actor_loss      | -67.6    |
|    critic_loss     | 14.5     |
|    ent_coef        | 0.0765   |
|    ent_coef_loss   | -0.174   |
|    learning_rate   | 0.000258 |
|    n_updates       | 313609   |
---------------------------------
---------------------------------
| rollout/           |          |
|    ep_len_mean     | 220      |
|    ep_rew_mean     | 275      |
| time/              |          |
|    episodes        | 1180     |
|    fps             | 229      |
|    time_elapsed    | 1410     |
|    total_timesteps | 324452   |
| train/             |          |
|    actor_loss      | -63.7    |
|    critic_loss     | 4.4      |
|    ent_coef        | 0.0772   |
|    ent_coef_loss   | 0.0251   |
|    learning_rate   | 0.000256 |
|    n_updates       | 314451   |
---------------------------------
---------------------------------
| rollout/           |          |
|    ep_len_mean     | 221      |
|    ep_rew_mean     | 275      |
| time/              |          |
|    episodes        | 1184     |
|    fps             | 229      |
|    time_elapsed    | 1414     |
|    total_timesteps | 325368   |
| train/             |          |
|    actor_loss      | -62.5    |
|    critic_loss     | 7.27     |
|    ent_coef        | 0.074    |
|    ent_coef_loss   | 0.402    |
|    learning_rate   | 0.000255 |
|    n_updates       | 315367   |
---------------------------------
---------------------------------
| rollout/           |          |
|    ep_len_mean     | 221      |
|    ep_rew_mean     | 275      |
| time/              |          |
|    episodes        | 1188     |
|    fps             | 229      |
|    time_elapsed    | 1418     |
|    total_timesteps | 326154   |
| train/             |          |
|    actor_loss      | -66.6    |
|    critic_loss     | 5.81     |
|    ent_coef        | 0.0746   |
|    ent_coef_loss   | 0.267    |
|    learning_rate   | 0.000254 |
|    n_updates       | 316153   |
---------------------------------
---------------------------------
| rollout/           |          |
|    ep_len_mean     | 221      |
|    ep_rew_mean     | 275      |
| time/              |          |
|    episodes        | 1192     |
|    fps             | 230      |
|    time_elapsed    | 1421     |
|    total_timesteps | 326984   |
| train/             |          |
|    actor_loss      | -63.5    |
|    critic_loss     | 15.7     |
|    ent_coef        | 0.0759   |
|    ent_coef_loss   | -0.0952  |
|    learning_rate   | 0.000253 |
|    n_updates       | 316983   |
---------------------------------
---------------------------------
| rollout/           |          |
|    ep_len_mean     | 222      |
|    ep_rew_mean     | 275      |
| time/              |          |
|    episodes        | 1196     |
|    fps             | 230      |
|    time_elapsed    | 1425     |
|    total_timesteps | 327795   |
| train/             |          |
|    actor_loss      | -66.3    |
|    critic_loss     | 4.78     |
|    ent_coef        | 0.0749   |
|    ent_coef_loss   | -0.357   |
|    learning_rate   | 0.000251 |
|    n_updates       | 317794   |
---------------------------------
---------------------------------
| rollout/           |          |
|    ep_len_mean     | 223      |
|    ep_rew_mean     | 275      |
| time/              |          |
|    episodes        | 1200     |
|    fps             | 230      |
|    time_elapsed    | 1428     |
|    total_timesteps | 328641   |
| train/             |          |
|    actor_loss      | -63.3    |
|    critic_loss     | 2.61     |
|    ent_coef        | 0.0741   |
|    ent_coef_loss   | -0.242   |
|    learning_rate   | 0.00025  |
|    n_updates       | 318640   |
---------------------------------
---------------------------------
| rollout/           |          |
|    ep_len_mean     | 222      |
|    ep_rew_mean     | 275      |
| time/              |          |
|    episodes        | 1204     |
|    fps             | 230      |
|    time_elapsed    | 1431     |
|    total_timesteps | 329406   |
| train/             |          |
|    actor_loss      | -64.6    |
|    critic_loss     | 9.92     |
|    ent_coef        | 0.0725   |
|    ent_coef_loss   | -0.239   |
|    learning_rate   | 0.000249 |
|    n_updates       | 319405   |
---------------------------------
Eval num_timesteps=330000, episode_reward=282.33 +/- 13.53
Episode length: 214.10 +/- 20.07
---------------------------------
| eval/              |          |
|    mean_ep_length  | 214      |
|    mean_reward     | 282      |
| time/              |          |
|    total_timesteps | 330000   |
| train/             |          |
|    actor_loss      | -64.6    |
|    critic_loss     | 4.9      |
|    ent_coef        | 0.0712   |
|    ent_coef_loss   | -0.379   |
|    learning_rate   | 0.000248 |
|    n_updates       | 319999   |
---------------------------------
---------------------------------
| rollout/           |          |
|    ep_len_mean     | 218      |
|    ep_rew_mean     | 275      |
| time/              |          |
|    episodes        | 1208     |
|    fps             | 229      |
|    time_elapsed    | 1436     |
|    total_timesteps | 330256   |
| train/             |          |
|    actor_loss      | -66.5    |
|    critic_loss     | 11.5     |
|    ent_coef        | 0.0713   |
|    ent_coef_loss   | 0.0783   |
|    learning_rate   | 0.000248 |
|    n_updates       | 320255   |
---------------------------------
---------------------------------
| rollout/           |          |
|    ep_len_mean     | 218      |
|    ep_rew_mean     | 275      |
| time/              |          |
|    episodes        | 1212     |
|    fps             | 229      |
|    time_elapsed    | 1440     |
|    total_timesteps | 331157   |
| train/             |          |
|    actor_loss      | -65.1    |
|    critic_loss     | 3.29     |
|    ent_coef        | 0.0703   |
|    ent_coef_loss   | 0.0287   |
|    learning_rate   | 0.000247 |
|    n_updates       | 321156   |
---------------------------------
---------------------------------
| rollout/           |          |
|    ep_len_mean     | 218      |
|    ep_rew_mean     | 276      |
| time/              |          |
|    episodes        | 1216     |
|    fps             | 229      |
|    time_elapsed    | 1443     |
|    total_timesteps | 331985   |
| train/             |          |
|    actor_loss      | -66.2    |
|    critic_loss     | 5.66     |
|    ent_coef        | 0.0713   |
|    ent_coef_loss   | -0.284   |
|    learning_rate   | 0.000245 |
|    n_updates       | 321984   |
---------------------------------
---------------------------------
| rollout/           |          |
|    ep_len_mean     | 218      |
|    ep_rew_mean     | 275      |
| time/              |          |
|    episodes        | 1220     |
|    fps             | 229      |
|    time_elapsed    | 1447     |
|    total_timesteps | 332801   |
| train/             |          |
|    actor_loss      | -67      |
|    critic_loss     | 10.9     |
|    ent_coef        | 0.0728   |
|    ent_coef_loss   | -0.134   |
|    learning_rate   | 0.000244 |
|    n_updates       | 322800   |
---------------------------------
---------------------------------
| rollout/           |          |
|    ep_len_mean     | 219      |
|    ep_rew_mean     | 275      |
| time/              |          |
|    episodes        | 1224     |
|    fps             | 229      |
|    time_elapsed    | 1451     |
|    total_timesteps | 333670   |
| train/             |          |
|    actor_loss      | -65.5    |
|    critic_loss     | 8.07     |
|    ent_coef        | 0.073    |
|    ent_coef_loss   | 0.233    |
|    learning_rate   | 0.000243 |
|    n_updates       | 323669   |
---------------------------------
---------------------------------
| rollout/           |          |
|    ep_len_mean     | 221      |
|    ep_rew_mean     | 276      |
| time/              |          |
|    episodes        | 1228     |
|    fps             | 229      |
|    time_elapsed    | 1456     |
|    total_timesteps | 334668   |
| train/             |          |
|    actor_loss      | -64.8    |
|    critic_loss     | 4.88     |
|    ent_coef        | 0.0709   |
|    ent_coef_loss   | -0.211   |
|    learning_rate   | 0.000241 |
|    n_updates       | 324667   |
---------------------------------
---------------------------------
| rollout/           |          |
|    ep_len_mean     | 220      |
|    ep_rew_mean     | 276      |
| time/              |          |
|    episodes        | 1232     |
|    fps             | 229      |
|    time_elapsed    | 1459     |
|    total_timesteps | 335483   |
| train/             |          |
|    actor_loss      | -65.2    |
|    critic_loss     | 15       |
|    ent_coef        | 0.0709   |
|    ent_coef_loss   | -0.326   |
|    learning_rate   | 0.00024  |
|    n_updates       | 325482   |
---------------------------------
---------------------------------
| rollout/           |          |
|    ep_len_mean     | 221      |
|    ep_rew_mean     | 276      |
| time/              |          |
|    episodes        | 1236     |
|    fps             | 229      |
|    time_elapsed    | 1463     |
|    total_timesteps | 336276   |
| train/             |          |
|    actor_loss      | -65.5    |
|    critic_loss     | 5.41     |
|    ent_coef        | 0.0719   |
|    ent_coef_loss   | 0.106    |
|    learning_rate   | 0.000239 |
|    n_updates       | 326275   |
---------------------------------
---------------------------------
| rollout/           |          |
|    ep_len_mean     | 220      |
|    ep_rew_mean     | 276      |
| time/              |          |
|    episodes        | 1240     |
|    fps             | 229      |
|    time_elapsed    | 1466     |
|    total_timesteps | 337043   |
| train/             |          |
|    actor_loss      | -61.5    |
|    critic_loss     | 16.7     |
|    ent_coef        | 0.0716   |
|    ent_coef_loss   | -0.0612  |
|    learning_rate   | 0.000238 |
|    n_updates       | 327042   |
---------------------------------
---------------------------------
| rollout/           |          |
|    ep_len_mean     | 216      |
|    ep_rew_mean     | 276      |
| time/              |          |
|    episodes        | 1244     |
|    fps             | 229      |
|    time_elapsed    | 1469     |
|    total_timesteps | 337826   |
| train/             |          |
|    actor_loss      | -65.7    |
|    critic_loss     | 18       |
|    ent_coef        | 0.0705   |
|    ent_coef_loss   | 0.16     |
|    learning_rate   | 0.000237 |
|    n_updates       | 327825   |
---------------------------------
---------------------------------
| rollout/           |          |
|    ep_len_mean     | 210      |
|    ep_rew_mean     | 276      |
| time/              |          |
|    episodes        | 1248     |
|    fps             | 229      |
|    time_elapsed    | 1473     |
|    total_timesteps | 338614   |
| train/             |          |
|    actor_loss      | -64.7    |
|    critic_loss     | 11.6     |
|    ent_coef        | 0.0712   |
|    ent_coef_loss   | -0.151   |
|    learning_rate   | 0.000236 |
|    n_updates       | 328613   |
---------------------------------
---------------------------------
| rollout/           |          |
|    ep_len_mean     | 211      |
|    ep_rew_mean     | 276      |
| time/              |          |
|    episodes        | 1252     |
|    fps             | 229      |
|    time_elapsed    | 1476     |
|    total_timesteps | 339434   |
| train/             |          |
|    actor_loss      | -66.9    |
|    critic_loss     | 6.43     |
|    ent_coef        | 0.0704   |
|    ent_coef_loss   | -0.102   |
|    learning_rate   | 0.000234 |
|    n_updates       | 329433   |
---------------------------------
Eval num_timesteps=340000, episode_reward=273.65 +/- 18.24
Episode length: 210.20 +/- 19.75
---------------------------------
| eval/              |          |
|    mean_ep_length  | 210      |
|    mean_reward     | 274      |
| time/              |          |
|    total_timesteps | 340000   |
| train/             |          |
|    actor_loss      | -63.2    |
|    critic_loss     | 61.8     |
|    ent_coef        | 0.071    |
|    ent_coef_loss   | 0.166    |
|    learning_rate   | 0.000234 |
|    n_updates       | 329999   |
---------------------------------
---------------------------------
| rollout/           |          |
|    ep_len_mean     | 210      |
|    ep_rew_mean     | 277      |
| time/              |          |
|    episodes        | 1256     |
|    fps             | 229      |
|    time_elapsed    | 1481     |
|    total_timesteps | 340330   |
| train/             |          |
|    actor_loss      | -66.7    |
|    critic_loss     | 7.43     |
|    ent_coef        | 0.0704   |
|    ent_coef_loss   | -0.159   |
|    learning_rate   | 0.000233 |
|    n_updates       | 330329   |
---------------------------------
---------------------------------
| rollout/           |          |
|    ep_len_mean     | 209      |
|    ep_rew_mean     | 278      |
| time/              |          |
|    episodes        | 1260     |
|    fps             | 229      |
|    time_elapsed    | 1484     |
|    total_timesteps | 341158   |
| train/             |          |
|    actor_loss      | -67.1    |
|    critic_loss     | 2.42     |
|    ent_coef        | 0.0693   |
|    ent_coef_loss   | -0.523   |
|    learning_rate   | 0.000232 |
|    n_updates       | 331157   |
---------------------------------
---------------------------------
| rollout/           |          |
|    ep_len_mean     | 208      |
|    ep_rew_mean     | 278      |
| time/              |          |
|    episodes        | 1264     |
|    fps             | 229      |
|    time_elapsed    | 1487     |
|    total_timesteps | 341970   |
| train/             |          |
|    actor_loss      | -69.4    |
|    critic_loss     | 4.35     |
|    ent_coef        | 0.0702   |
|    ent_coef_loss   | 0.265    |
|    learning_rate   | 0.000231 |
|    n_updates       | 331969   |
---------------------------------
---------------------------------
| rollout/           |          |
|    ep_len_mean     | 210      |
|    ep_rew_mean     | 279      |
| time/              |          |
|    episodes        | 1268     |
|    fps             | 229      |
|    time_elapsed    | 1491     |
|    total_timesteps | 342883   |
| train/             |          |
|    actor_loss      | -71      |
|    critic_loss     | 36.2     |
|    ent_coef        | 0.0691   |
|    ent_coef_loss   | -0.136   |
|    learning_rate   | 0.000229 |
|    n_updates       | 332882   |
---------------------------------
---------------------------------
| rollout/           |          |
|    ep_len_mean     | 210      |
|    ep_rew_mean     | 279      |
| time/              |          |
|    episodes        | 1272     |
|    fps             | 229      |
|    time_elapsed    | 1495     |
|    total_timesteps | 343782   |
| train/             |          |
|    actor_loss      | -66.5    |
|    critic_loss     | 3.37     |
|    ent_coef        | 0.0696   |
|    ent_coef_loss   | -0.255   |
|    learning_rate   | 0.000228 |
|    n_updates       | 333781   |
---------------------------------
---------------------------------
| rollout/           |          |
|    ep_len_mean     | 210      |
|    ep_rew_mean     | 278      |
| time/              |          |
|    episodes        | 1276     |
|    fps             | 229      |
|    time_elapsed    | 1499     |
|    total_timesteps | 344587   |
| train/             |          |
|    actor_loss      | -67.9    |
|    critic_loss     | 4.66     |
|    ent_coef        | 0.0712   |
|    ent_coef_loss   | -0.273   |
|    learning_rate   | 0.000227 |
|    n_updates       | 334586   |
---------------------------------
---------------------------------
| rollout/           |          |
|    ep_len_mean     | 210      |
|    ep_rew_mean     | 279      |
| time/              |          |
|    episodes        | 1280     |
|    fps             | 229      |
|    time_elapsed    | 1503     |
|    total_timesteps | 345437   |
| train/             |          |
|    actor_loss      | -68.6    |
|    critic_loss     | 8.17     |
|    ent_coef        | 0.0704   |
|    ent_coef_loss   | 0.193    |
|    learning_rate   | 0.000226 |
|    n_updates       | 335436   |
---------------------------------
---------------------------------
| rollout/           |          |
|    ep_len_mean     | 208      |
|    ep_rew_mean     | 275      |
| time/              |          |
|    episodes        | 1284     |
|    fps             | 229      |
|    time_elapsed    | 1506     |
|    total_timesteps | 346118   |
| train/             |          |
|    actor_loss      | -71.3    |
|    critic_loss     | 5.27     |
|    ent_coef        | 0.0692   |
|    ent_coef_loss   | -0.00392 |
|    learning_rate   | 0.000225 |
|    n_updates       | 336117   |
---------------------------------
---------------------------------
| rollout/           |          |
|    ep_len_mean     | 208      |
|    ep_rew_mean     | 275      |
| time/              |          |
|    episodes        | 1288     |
|    fps             | 229      |
|    time_elapsed    | 1510     |
|    total_timesteps | 346973   |
| train/             |          |
|    actor_loss      | -68      |
|    critic_loss     | 13.7     |
|    ent_coef        | 0.0687   |
|    ent_coef_loss   | -0.0854  |
|    learning_rate   | 0.000223 |
|    n_updates       | 336972   |
---------------------------------
---------------------------------
| rollout/           |          |
|    ep_len_mean     | 208      |
|    ep_rew_mean     | 275      |
| time/              |          |
|    episodes        | 1292     |
|    fps             | 229      |
|    time_elapsed    | 1513     |
|    total_timesteps | 347833   |
| train/             |          |
|    actor_loss      | -69.9    |
|    critic_loss     | 6.05     |
|    ent_coef        | 0.0676   |
|    ent_coef_loss   | -0.136   |
|    learning_rate   | 0.000222 |
|    n_updates       | 337832   |
---------------------------------
---------------------------------
| rollout/           |          |
|    ep_len_mean     | 207      |
|    ep_rew_mean     | 272      |
| time/              |          |
|    episodes        | 1296     |
|    fps             | 229      |
|    time_elapsed    | 1516     |
|    total_timesteps | 348508   |
| train/             |          |
|    actor_loss      | -66.5    |
|    critic_loss     | 2.71     |
|    ent_coef        | 0.0675   |
|    ent_coef_loss   | 0.211    |
|    learning_rate   | 0.000221 |
|    n_updates       | 338507   |
---------------------------------
---------------------------------
| rollout/           |          |
|    ep_len_mean     | 207      |
|    ep_rew_mean     | 272      |
| time/              |          |
|    episodes        | 1300     |
|    fps             | 229      |
|    time_elapsed    | 1520     |
|    total_timesteps | 349330   |
| train/             |          |
|    actor_loss      | -69.5    |
|    critic_loss     | 26.7     |
|    ent_coef        | 0.0672   |
|    ent_coef_loss   | 0.43     |
|    learning_rate   | 0.00022  |
|    n_updates       | 339329   |
---------------------------------
Eval num_timesteps=350000, episode_reward=279.62 +/- 12.34
Episode length: 210.10 +/- 17.34
---------------------------------
| eval/              |          |
|    mean_ep_length  | 210      |
|    mean_reward     | 280      |
| time/              |          |
|    total_timesteps | 350000   |
| train/             |          |
|    actor_loss      | -70.5    |
|    critic_loss     | 12.5     |
|    ent_coef        | 0.0689   |
|    ent_coef_loss   | 0.305    |
|    learning_rate   | 0.000219 |
|    n_updates       | 339999   |
---------------------------------
---------------------------------
| rollout/           |          |
|    ep_len_mean     | 207      |
|    ep_rew_mean     | 272      |
| time/              |          |
|    episodes        | 1304     |
|    fps             | 229      |
|    time_elapsed    | 1524     |
|    total_timesteps | 350135   |
| train/             |          |
|    actor_loss      | -67.3    |
|    critic_loss     | 2.98     |
|    ent_coef        | 0.0691   |
|    ent_coef_loss   | -0.369   |
|    learning_rate   | 0.000219 |
|    n_updates       | 340134   |
---------------------------------
---------------------------------
| rollout/           |          |
|    ep_len_mean     | 207      |
|    ep_rew_mean     | 272      |
| time/              |          |
|    episodes        | 1308     |
|    fps             | 229      |
|    time_elapsed    | 1527     |
|    total_timesteps | 350940   |
| train/             |          |
|    actor_loss      | -65.3    |
|    critic_loss     | 9.53     |
|    ent_coef        | 0.0685   |
|    ent_coef_loss   | 0.851    |
|    learning_rate   | 0.000218 |
|    n_updates       | 340939   |
---------------------------------
---------------------------------
| rollout/           |          |
|    ep_len_mean     | 207      |
|    ep_rew_mean     | 272      |
| time/              |          |
|    episodes        | 1312     |
|    fps             | 229      |
|    time_elapsed    | 1531     |
|    total_timesteps | 351827   |
| train/             |          |
|    actor_loss      | -66.3    |
|    critic_loss     | 5.12     |
|    ent_coef        | 0.0703   |
|    ent_coef_loss   | 0.414    |
|    learning_rate   | 0.000216 |
|    n_updates       | 341826   |
---------------------------------
---------------------------------
| rollout/           |          |
|    ep_len_mean     | 208      |
|    ep_rew_mean     | 273      |
| time/              |          |
|    episodes        | 1316     |
|    fps             | 229      |
|    time_elapsed    | 1535     |
|    total_timesteps | 352760   |
| train/             |          |
|    actor_loss      | -70.1    |
|    critic_loss     | 2.17     |
|    ent_coef        | 0.0719   |
|    ent_coef_loss   | -0.955   |
|    learning_rate   | 0.000215 |
|    n_updates       | 342759   |
---------------------------------
---------------------------------
| rollout/           |          |
|    ep_len_mean     | 208      |
|    ep_rew_mean     | 273      |
| time/              |          |
|    episodes        | 1320     |
|    fps             | 229      |
|    time_elapsed    | 1539     |
|    total_timesteps | 353555   |
| train/             |          |
|    actor_loss      | -71.3    |
|    critic_loss     | 12.9     |
|    ent_coef        | 0.0702   |
|    ent_coef_loss   | -0.572   |
|    learning_rate   | 0.000214 |
|    n_updates       | 343554   |
---------------------------------
---------------------------------
| rollout/           |          |
|    ep_len_mean     | 207      |
|    ep_rew_mean     | 273      |
| time/              |          |
|    episodes        | 1324     |
|    fps             | 229      |
|    time_elapsed    | 1543     |
|    total_timesteps | 354342   |
| train/             |          |
|    actor_loss      | -68.5    |
|    critic_loss     | 4.82     |
|    ent_coef        | 0.0698   |
|    ent_coef_loss   | 0.703    |
|    learning_rate   | 0.000213 |
|    n_updates       | 344341   |
---------------------------------
---------------------------------
| rollout/           |          |
|    ep_len_mean     | 205      |
|    ep_rew_mean     | 272      |
| time/              |          |
|    episodes        | 1328     |
|    fps             | 229      |
|    time_elapsed    | 1547     |
|    total_timesteps | 355188   |
| train/             |          |
|    actor_loss      | -71.1    |
|    critic_loss     | 6.27     |
|    ent_coef        | 0.0701   |
|    ent_coef_loss   | -0.741   |
|    learning_rate   | 0.000211 |
|    n_updates       | 345187   |
---------------------------------
---------------------------------
| rollout/           |          |
|    ep_len_mean     | 205      |
|    ep_rew_mean     | 271      |
| time/              |          |
|    episodes        | 1332     |
|    fps             | 229      |
|    time_elapsed    | 1551     |
|    total_timesteps | 356000   |
| train/             |          |
|    actor_loss      | -68      |
|    critic_loss     | 14.1     |
|    ent_coef        | 0.0686   |
|    ent_coef_loss   | 0.414    |
|    learning_rate   | 0.00021  |
|    n_updates       | 345999   |
---------------------------------
---------------------------------
| rollout/           |          |
|    ep_len_mean     | 206      |
|    ep_rew_mean     | 272      |
| time/              |          |
|    episodes        | 1336     |
|    fps             | 229      |
|    time_elapsed    | 1555     |
|    total_timesteps | 356908   |
| train/             |          |
|    actor_loss      | -68.9    |
|    critic_loss     | 11.1     |
|    ent_coef        | 0.0666   |
|    ent_coef_loss   | -0.704   |
|    learning_rate   | 0.000209 |
|    n_updates       | 346907   |
---------------------------------
---------------------------------
| rollout/           |          |
|    ep_len_mean     | 207      |
|    ep_rew_mean     | 273      |
| time/              |          |
|    episodes        | 1340     |
|    fps             | 229      |
|    time_elapsed    | 1559     |
|    total_timesteps | 357788   |
| train/             |          |
|    actor_loss      | -68.3    |
|    critic_loss     | 14.5     |
|    ent_coef        | 0.0677   |
|    ent_coef_loss   | -0.371   |
|    learning_rate   | 0.000208 |
|    n_updates       | 347787   |
---------------------------------
---------------------------------
| rollout/           |          |
|    ep_len_mean     | 206      |
|    ep_rew_mean     | 270      |
| time/              |          |
|    episodes        | 1344     |
|    fps             | 229      |
|    time_elapsed    | 1562     |
|    total_timesteps | 358429   |
| train/             |          |
|    actor_loss      | -68      |
|    critic_loss     | 9.88     |
|    ent_coef        | 0.0674   |
|    ent_coef_loss   | -0.00926 |
|    learning_rate   | 0.000207 |
|    n_updates       | 348428   |
---------------------------------
---------------------------------
| rollout/           |          |
|    ep_len_mean     | 207      |
|    ep_rew_mean     | 271      |
| time/              |          |
|    episodes        | 1348     |
|    fps             | 229      |
|    time_elapsed    | 1567     |
|    total_timesteps | 359309   |
| train/             |          |
|    actor_loss      | -70.7    |
|    critic_loss     | 11.1     |
|    ent_coef        | 0.0693   |
|    ent_coef_loss   | 0.302    |
|    learning_rate   | 0.000205 |
|    n_updates       | 349308   |
---------------------------------
Eval num_timesteps=360000, episode_reward=276.24 +/- 20.20
Episode length: 206.40 +/- 14.37
---------------------------------
| eval/              |          |
|    mean_ep_length  | 206      |
|    mean_reward     | 276      |
| time/              |          |
|    total_timesteps | 360000   |
| train/             |          |
|    actor_loss      | -68.8    |
|    critic_loss     | 19.8     |
|    ent_coef        | 0.0685   |
|    ent_coef_loss   | -0.314   |
|    learning_rate   | 0.000204 |
|    n_updates       | 349999   |
---------------------------------
---------------------------------
| rollout/           |          |
|    ep_len_mean     | 207      |
|    ep_rew_mean     | 271      |
| time/              |          |
|    episodes        | 1352     |
|    fps             | 229      |
|    time_elapsed    | 1571     |
|    total_timesteps | 360089   |
| train/             |          |
|    actor_loss      | -68.8    |
|    critic_loss     | 8.16     |
|    ent_coef        | 0.0687   |
|    ent_coef_loss   | 0.379    |
|    learning_rate   | 0.000204 |
|    n_updates       | 350088   |
---------------------------------
---------------------------------
| rollout/           |          |
|    ep_len_mean     | 206      |
|    ep_rew_mean     | 270      |
| time/              |          |
|    episodes        | 1356     |
|    fps             | 229      |
|    time_elapsed    | 1575     |
|    total_timesteps | 360895   |
| train/             |          |
|    actor_loss      | -67.8    |
|    critic_loss     | 4.01     |
|    ent_coef        | 0.0676   |
|    ent_coef_loss   | 0.0612   |
|    learning_rate   | 0.000203 |
|    n_updates       | 350894   |
---------------------------------
---------------------------------
| rollout/           |          |
|    ep_len_mean     | 206      |
|    ep_rew_mean     | 270      |
| time/              |          |
|    episodes        | 1360     |
|    fps             | 229      |
|    time_elapsed    | 1578     |
|    total_timesteps | 361736   |
| train/             |          |
|    actor_loss      | -68.8    |
|    critic_loss     | 3.23     |
|    ent_coef        | 0.065    |
|    ent_coef_loss   | 0.00423  |
|    learning_rate   | 0.000202 |
|    n_updates       | 351735   |
---------------------------------
---------------------------------
| rollout/           |          |
|    ep_len_mean     | 206      |
|    ep_rew_mean     | 269      |
| time/              |          |
|    episodes        | 1364     |
|    fps             | 229      |
|    time_elapsed    | 1582     |
|    total_timesteps | 362609   |
| train/             |          |
|    actor_loss      | -73.3    |
|    critic_loss     | 22.7     |
|    ent_coef        | 0.0654   |
|    ent_coef_loss   | -0.0919  |
|    learning_rate   | 0.000201 |
|    n_updates       | 352608   |
---------------------------------
---------------------------------
| rollout/           |          |
|    ep_len_mean     | 206      |
|    ep_rew_mean     | 268      |
| time/              |          |
|    episodes        | 1368     |
|    fps             | 229      |
|    time_elapsed    | 1586     |
|    total_timesteps | 363487   |
| train/             |          |
|    actor_loss      | -68.7    |
|    critic_loss     | 12.7     |
|    ent_coef        | 0.0665   |
|    ent_coef_loss   | 0.102    |
|    learning_rate   | 0.000199 |
|    n_updates       | 353486   |
---------------------------------
---------------------------------
| rollout/           |          |
|    ep_len_mean     | 205      |
|    ep_rew_mean     | 269      |
| time/              |          |
|    episodes        | 1372     |
|    fps             | 229      |
|    time_elapsed    | 1590     |
|    total_timesteps | 364283   |
| train/             |          |
|    actor_loss      | -70.1    |
|    critic_loss     | 5.2      |
|    ent_coef        | 0.0668   |
|    ent_coef_loss   | -0.178   |
|    learning_rate   | 0.000198 |
|    n_updates       | 354282   |
---------------------------------
---------------------------------
| rollout/           |          |
|    ep_len_mean     | 204      |
|    ep_rew_mean     | 269      |
| time/              |          |
|    episodes        | 1376     |
|    fps             | 229      |
|    time_elapsed    | 1593     |
|    total_timesteps | 365009   |
| train/             |          |
|    actor_loss      | -68.4    |
|    critic_loss     | 7.22     |
|    ent_coef        | 0.0666   |
|    ent_coef_loss   | -0.0562  |
|    learning_rate   | 0.000197 |
|    n_updates       | 355008   |
---------------------------------
---------------------------------
| rollout/           |          |
|    ep_len_mean     | 204      |
|    ep_rew_mean     | 269      |
| time/              |          |
|    episodes        | 1380     |
|    fps             | 229      |
|    time_elapsed    | 1597     |
|    total_timesteps | 365859   |
| train/             |          |
|    actor_loss      | -68.7    |
|    critic_loss     | 14.8     |
|    ent_coef        | 0.0673   |
|    ent_coef_loss   | 0.417    |
|    learning_rate   | 0.000196 |
|    n_updates       | 355858   |
---------------------------------
---------------------------------
| rollout/           |          |
|    ep_len_mean     | 206      |
|    ep_rew_mean     | 272      |
| time/              |          |
|    episodes        | 1384     |
|    fps             | 229      |
|    time_elapsed    | 1600     |
|    total_timesteps | 366700   |
| train/             |          |
|    actor_loss      | -69.1    |
|    critic_loss     | 7.01     |
|    ent_coef        | 0.0651   |
|    ent_coef_loss   | 0.099    |
|    learning_rate   | 0.000195 |
|    n_updates       | 356699   |
---------------------------------
---------------------------------
| rollout/           |          |
|    ep_len_mean     | 204      |
|    ep_rew_mean     | 269      |
| time/              |          |
|    episodes        | 1388     |
|    fps             | 229      |
|    time_elapsed    | 1603     |
|    total_timesteps | 367332   |
| train/             |          |
|    actor_loss      | -72.2    |
|    critic_loss     | 12.1     |
|    ent_coef        | 0.0642   |
|    ent_coef_loss   | -0.187   |
|    learning_rate   | 0.000194 |
|    n_updates       | 357331   |
---------------------------------
---------------------------------
| rollout/           |          |
|    ep_len_mean     | 204      |
|    ep_rew_mean     | 268      |
| time/              |          |
|    episodes        | 1392     |
|    fps             | 229      |
|    time_elapsed    | 1607     |
|    total_timesteps | 368183   |
| train/             |          |
|    actor_loss      | -67.4    |
|    critic_loss     | 3.52     |
|    ent_coef        | 0.0638   |
|    ent_coef_loss   | 0.368    |
|    learning_rate   | 0.000192 |
|    n_updates       | 358182   |
---------------------------------
---------------------------------
| rollout/           |          |
|    ep_len_mean     | 206      |
|    ep_rew_mean     | 272      |
| time/              |          |
|    episodes        | 1396     |
|    fps             | 229      |
|    time_elapsed    | 1610     |
|    total_timesteps | 369059   |
| train/             |          |
|    actor_loss      | -67.2    |
|    critic_loss     | 14       |
|    ent_coef        | 0.0635   |
|    ent_coef_loss   | -0.496   |
|    learning_rate   | 0.000191 |
|    n_updates       | 359058   |
---------------------------------
---------------------------------
| rollout/           |          |
|    ep_len_mean     | 205      |
|    ep_rew_mean     | 273      |
| time/              |          |
|    episodes        | 1400     |
|    fps             | 229      |
|    time_elapsed    | 1614     |
|    total_timesteps | 369850   |
| train/             |          |
|    actor_loss      | -65.4    |
|    critic_loss     | 2.57     |
|    ent_coef        | 0.0651   |
|    ent_coef_loss   | 0.591    |
|    learning_rate   | 0.00019  |
|    n_updates       | 359849   |
---------------------------------
Eval num_timesteps=370000, episode_reward=277.30 +/- 18.27
Episode length: 206.60 +/- 21.59
---------------------------------
| eval/              |          |
|    mean_ep_length  | 207      |
|    mean_reward     | 277      |
| time/              |          |
|    total_timesteps | 370000   |
| train/             |          |
|    actor_loss      | -71.8    |
|    critic_loss     | 4.46     |
|    ent_coef        | 0.065    |
|    ent_coef_loss   | 0.399    |
|    learning_rate   | 0.00019  |
|    n_updates       | 359999   |
---------------------------------
---------------------------------
| rollout/           |          |
|    ep_len_mean     | 206      |
|    ep_rew_mean     | 273      |
| time/              |          |
|    episodes        | 1404     |
|    fps             | 228      |
|    time_elapsed    | 1619     |
|    total_timesteps | 370691   |
| train/             |          |
|    actor_loss      | -71.1    |
|    critic_loss     | 6.11     |
|    ent_coef        | 0.065    |
|    ent_coef_loss   | -0.23    |
|    learning_rate   | 0.000189 |
|    n_updates       | 360690   |
---------------------------------
---------------------------------
| rollout/           |          |
|    ep_len_mean     | 206      |
|    ep_rew_mean     | 273      |
| time/              |          |
|    episodes        | 1408     |
|    fps             | 228      |
|    time_elapsed    | 1623     |
|    total_timesteps | 371500   |
| train/             |          |
|    actor_loss      | -72.3    |
|    critic_loss     | 3.16     |
|    ent_coef        | 0.0654   |
|    ent_coef_loss   | -0.47    |
|    learning_rate   | 0.000188 |
|    n_updates       | 361499   |
---------------------------------
---------------------------------
| rollout/           |          |
|    ep_len_mean     | 206      |
|    ep_rew_mean     | 273      |
| time/              |          |
|    episodes        | 1412     |
|    fps             | 228      |
|    time_elapsed    | 1627     |
|    total_timesteps | 372407   |
| train/             |          |
|    actor_loss      | -69.1    |
|    critic_loss     | 8.3      |
|    ent_coef        | 0.0663   |
|    ent_coef_loss   | -0.0185  |
|    learning_rate   | 0.000186 |
|    n_updates       | 362406   |
---------------------------------
---------------------------------
| rollout/           |          |
|    ep_len_mean     | 205      |
|    ep_rew_mean     | 272      |
| time/              |          |
|    episodes        | 1416     |
|    fps             | 228      |
|    time_elapsed    | 1631     |
|    total_timesteps | 373237   |
| train/             |          |
|    actor_loss      | -71.6    |
|    critic_loss     | 5.16     |
|    ent_coef        | 0.0674   |
|    ent_coef_loss   | 0.115    |
|    learning_rate   | 0.000185 |
|    n_updates       | 363236   |
---------------------------------
---------------------------------
| rollout/           |          |
|    ep_len_mean     | 205      |
|    ep_rew_mean     | 272      |
| time/              |          |
|    episodes        | 1420     |
|    fps             | 228      |
|    time_elapsed    | 1635     |
|    total_timesteps | 374091   |
| train/             |          |
|    actor_loss      | -72.7    |
|    critic_loss     | 6.68     |
|    ent_coef        | 0.0681   |
|    ent_coef_loss   | -0.175   |
|    learning_rate   | 0.000184 |
|    n_updates       | 364090   |
---------------------------------
---------------------------------
| rollout/           |          |
|    ep_len_mean     | 205      |
|    ep_rew_mean     | 272      |
| time/              |          |
|    episodes        | 1424     |
|    fps             | 228      |
|    time_elapsed    | 1639     |
|    total_timesteps | 374868   |
| train/             |          |
|    actor_loss      | -73.7    |
|    critic_loss     | 9.82     |
|    ent_coef        | 0.0689   |
|    ent_coef_loss   | 0.1      |
|    learning_rate   | 0.000183 |
|    n_updates       | 364867   |
---------------------------------
---------------------------------
| rollout/           |          |
|    ep_len_mean     | 205      |
|    ep_rew_mean     | 272      |
| time/              |          |
|    episodes        | 1428     |
|    fps             | 228      |
|    time_elapsed    | 1643     |
|    total_timesteps | 375725   |
| train/             |          |
|    actor_loss      | -71.6    |
|    critic_loss     | 28       |
|    ent_coef        | 0.0695   |
|    ent_coef_loss   | -0.152   |
|    learning_rate   | 0.000181 |
|    n_updates       | 365724   |
---------------------------------
---------------------------------
| rollout/           |          |
|    ep_len_mean     | 205      |
|    ep_rew_mean     | 272      |
| time/              |          |
|    episodes        | 1432     |
|    fps             | 228      |
|    time_elapsed    | 1647     |
|    total_timesteps | 376542   |
| train/             |          |
|    actor_loss      | -69.9    |
|    critic_loss     | 29.2     |
|    ent_coef        | 0.0678   |
|    ent_coef_loss   | 0.306    |
|    learning_rate   | 0.00018  |
|    n_updates       | 366541   |
---------------------------------
---------------------------------
| rollout/           |          |
|    ep_len_mean     | 204      |
|    ep_rew_mean     | 271      |
| time/              |          |
|    episodes        | 1436     |
|    fps             | 228      |
|    time_elapsed    | 1650     |
|    total_timesteps | 377354   |
| train/             |          |
|    actor_loss      | -73.4    |
|    critic_loss     | 17.7     |
|    ent_coef        | 0.0683   |
|    ent_coef_loss   | 0.0387   |
|    learning_rate   | 0.000179 |
|    n_updates       | 367353   |
---------------------------------
---------------------------------
| rollout/           |          |
|    ep_len_mean     | 205      |
|    ep_rew_mean     | 271      |
| time/              |          |
|    episodes        | 1440     |
|    fps             | 228      |
|    time_elapsed    | 1654     |
|    total_timesteps | 378300   |
| train/             |          |
|    actor_loss      | -72.4    |
|    critic_loss     | 12.9     |
|    ent_coef        | 0.0681   |
|    ent_coef_loss   | -0.287   |
|    learning_rate   | 0.000178 |
|    n_updates       | 368299   |
---------------------------------
---------------------------------
| rollout/           |          |
|    ep_len_mean     | 207      |
|    ep_rew_mean     | 275      |
| time/              |          |
|    episodes        | 1444     |
|    fps             | 228      |
|    time_elapsed    | 1658     |
|    total_timesteps | 379100   |
| train/             |          |
|    actor_loss      | -72.1    |
|    critic_loss     | 7.54     |
|    ent_coef        | 0.0681   |
|    ent_coef_loss   | -0.156   |
|    learning_rate   | 0.000177 |
|    n_updates       | 369099   |
---------------------------------
---------------------------------
| rollout/           |          |
|    ep_len_mean     | 206      |
|    ep_rew_mean     | 274      |
| time/              |          |
|    episodes        | 1448     |
|    fps             | 228      |
|    time_elapsed    | 1661     |
|    total_timesteps | 379939   |
| train/             |          |
|    actor_loss      | -71.3    |
|    critic_loss     | 5.51     |
|    ent_coef        | 0.0697   |
|    ent_coef_loss   | -0.111   |
|    learning_rate   | 0.000175 |
|    n_updates       | 369938   |
---------------------------------
Eval num_timesteps=380000, episode_reward=279.87 +/- 16.24
Episode length: 220.40 +/- 28.92
---------------------------------
| eval/              |          |
|    mean_ep_length  | 220      |
|    mean_reward     | 280      |
| time/              |          |
|    total_timesteps | 380000   |
| train/             |          |
|    actor_loss      | -71.6    |
|    critic_loss     | 5.01     |
|    ent_coef        | 0.0696   |
|    ent_coef_loss   | 1.13     |
|    learning_rate   | 0.000175 |
|    n_updates       | 369999   |
---------------------------------
---------------------------------
| rollout/           |          |
|    ep_len_mean     | 207      |
|    ep_rew_mean     | 274      |
| time/              |          |
|    episodes        | 1452     |
|    fps             | 228      |
|    time_elapsed    | 1666     |
|    total_timesteps | 380828   |
| train/             |          |
|    actor_loss      | -72.9    |
|    critic_loss     | 5.97     |
|    ent_coef        | 0.0689   |
|    ent_coef_loss   | -0.845   |
|    learning_rate   | 0.000174 |
|    n_updates       | 370827   |
---------------------------------
---------------------------------
| rollout/           |          |
|    ep_len_mean     | 208      |
|    ep_rew_mean     | 274      |
| time/              |          |
|    episodes        | 1456     |
|    fps             | 228      |
|    time_elapsed    | 1669     |
|    total_timesteps | 381658   |
| train/             |          |
|    actor_loss      | -72.8    |
|    critic_loss     | 6.89     |
|    ent_coef        | 0.0667   |
|    ent_coef_loss   | 0.348    |
|    learning_rate   | 0.000173 |
|    n_updates       | 371657   |
---------------------------------
---------------------------------
| rollout/           |          |
|    ep_len_mean     | 208      |
|    ep_rew_mean     | 274      |
| time/              |          |
|    episodes        | 1460     |
|    fps             | 228      |
|    time_elapsed    | 1673     |
|    total_timesteps | 382583   |
| train/             |          |
|    actor_loss      | -72.9    |
|    critic_loss     | 13.2     |
|    ent_coef        | 0.0657   |
|    ent_coef_loss   | -0.583   |
|    learning_rate   | 0.000171 |
|    n_updates       | 372582   |
---------------------------------
---------------------------------
| rollout/           |          |
|    ep_len_mean     | 208      |
|    ep_rew_mean     | 275      |
| time/              |          |
|    episodes        | 1464     |
|    fps             | 228      |
|    time_elapsed    | 1677     |
|    total_timesteps | 383433   |
| train/             |          |
|    actor_loss      | -71      |
|    critic_loss     | 5.53     |
|    ent_coef        | 0.0674   |
|    ent_coef_loss   | 0.233    |
|    learning_rate   | 0.00017  |
|    n_updates       | 373432   |
---------------------------------
---------------------------------
| rollout/           |          |
|    ep_len_mean     | 208      |
|    ep_rew_mean     | 275      |
| time/              |          |
|    episodes        | 1468     |
|    fps             | 228      |
|    time_elapsed    | 1680     |
|    total_timesteps | 384283   |
| train/             |          |
|    actor_loss      | -71.4    |
|    critic_loss     | 4.12     |
|    ent_coef        | 0.0664   |
|    ent_coef_loss   | -0.537   |
|    learning_rate   | 0.000169 |
|    n_updates       | 374282   |
---------------------------------
---------------------------------
| rollout/           |          |
|    ep_len_mean     | 208      |
|    ep_rew_mean     | 274      |
| time/              |          |
|    episodes        | 1472     |
|    fps             | 228      |
|    time_elapsed    | 1684     |
|    total_timesteps | 385123   |
| train/             |          |
|    actor_loss      | -71.8    |
|    critic_loss     | 14.2     |
|    ent_coef        | 0.0668   |
|    ent_coef_loss   | -0.631   |
|    learning_rate   | 0.000168 |
|    n_updates       | 375122   |
---------------------------------
---------------------------------
| rollout/           |          |
|    ep_len_mean     | 210      |
|    ep_rew_mean     | 274      |
| time/              |          |
|    episodes        | 1476     |
|    fps             | 228      |
|    time_elapsed    | 1688     |
|    total_timesteps | 385966   |
| train/             |          |
|    actor_loss      | -70.1    |
|    critic_loss     | 6.95     |
|    ent_coef        | 0.0666   |
|    ent_coef_loss   | 0.619    |
|    learning_rate   | 0.000166 |
|    n_updates       | 375965   |
---------------------------------
---------------------------------
| rollout/           |          |
|    ep_len_mean     | 209      |
|    ep_rew_mean     | 274      |
| time/              |          |
|    episodes        | 1480     |
|    fps             | 228      |
|    time_elapsed    | 1691     |
|    total_timesteps | 386760   |
| train/             |          |
|    actor_loss      | -74.7    |
|    critic_loss     | 13.5     |
|    ent_coef        | 0.066    |
|    ent_coef_loss   | -0.132   |
|    learning_rate   | 0.000165 |
|    n_updates       | 376759   |
---------------------------------
---------------------------------
| rollout/           |          |
|    ep_len_mean     | 209      |
|    ep_rew_mean     | 273      |
| time/              |          |
|    episodes        | 1484     |
|    fps             | 228      |
|    time_elapsed    | 1694     |
|    total_timesteps | 387558   |
| train/             |          |
|    actor_loss      | -72.3    |
|    critic_loss     | 11.6     |
|    ent_coef        | 0.0651   |
|    ent_coef_loss   | 0.253    |
|    learning_rate   | 0.000164 |
|    n_updates       | 377557   |
---------------------------------
---------------------------------
| rollout/           |          |
|    ep_len_mean     | 210      |
|    ep_rew_mean     | 276      |
| time/              |          |
|    episodes        | 1488     |
|    fps             | 228      |
|    time_elapsed    | 1698     |
|    total_timesteps | 388311   |
| train/             |          |
|    actor_loss      | -73.6    |
|    critic_loss     | 11.1     |
|    ent_coef        | 0.0654   |
|    ent_coef_loss   | -0.144   |
|    learning_rate   | 0.000163 |
|    n_updates       | 378310   |
---------------------------------
---------------------------------
| rollout/           |          |
|    ep_len_mean     | 210      |
|    ep_rew_mean     | 277      |
| time/              |          |
|    episodes        | 1492     |
|    fps             | 228      |
|    time_elapsed    | 1702     |
|    total_timesteps | 389230   |
| train/             |          |
|    actor_loss      | -71.9    |
|    critic_loss     | 9        |
|    ent_coef        | 0.0682   |
|    ent_coef_loss   | 0.0867   |
|    learning_rate   | 0.000162 |
|    n_updates       | 379229   |
---------------------------------
Eval num_timesteps=390000, episode_reward=277.56 +/- 28.62
Episode length: 271.20 +/- 92.16
---------------------------------
| eval/              |          |
|    mean_ep_length  | 271      |
|    mean_reward     | 278      |
| time/              |          |
|    total_timesteps | 390000   |
| train/             |          |
|    actor_loss      | -73.8    |
|    critic_loss     | 7.01     |
|    ent_coef        | 0.0684   |
|    ent_coef_loss   | -0.2     |
|    learning_rate   | 0.000161 |
|    n_updates       | 379999   |
---------------------------------
---------------------------------
| rollout/           |          |
|    ep_len_mean     | 210      |
|    ep_rew_mean     | 276      |
| time/              |          |
|    episodes        | 1496     |
|    fps             | 228      |
|    time_elapsed    | 1706     |
|    total_timesteps | 390050   |
| train/             |          |
|    actor_loss      | -73.6    |
|    critic_loss     | 5.87     |
|    ent_coef        | 0.0684   |
|    ent_coef_loss   | 0.284    |
|    learning_rate   | 0.000161 |
|    n_updates       | 380049   |
---------------------------------
---------------------------------
| rollout/           |          |
|    ep_len_mean     | 209      |
|    ep_rew_mean     | 271      |
| time/              |          |
|    episodes        | 1500     |
|    fps             | 228      |
|    time_elapsed    | 1709     |
|    total_timesteps | 390746   |
| train/             |          |
|    actor_loss      | -70.1    |
|    critic_loss     | 10.2     |
|    ent_coef        | 0.0687   |
|    ent_coef_loss   | 0.503    |
|    learning_rate   | 0.00016  |
|    n_updates       | 380745   |
---------------------------------
---------------------------------
| rollout/           |          |
|    ep_len_mean     | 209      |
|    ep_rew_mean     | 271      |
| time/              |          |
|    episodes        | 1504     |
|    fps             | 228      |
|    time_elapsed    | 1713     |
|    total_timesteps | 391600   |
| train/             |          |
|    actor_loss      | -71.2    |
|    critic_loss     | 15.8     |
|    ent_coef        | 0.066    |
|    ent_coef_loss   | -0.3     |
|    learning_rate   | 0.000158 |
|    n_updates       | 381599   |
---------------------------------
---------------------------------
| rollout/           |          |
|    ep_len_mean     | 210      |
|    ep_rew_mean     | 271      |
| time/              |          |
|    episodes        | 1508     |
|    fps             | 228      |
|    time_elapsed    | 1718     |
|    total_timesteps | 392468   |
| train/             |          |
|    actor_loss      | -73.7    |
|    critic_loss     | 8.61     |
|    ent_coef        | 0.0643   |
|    ent_coef_loss   | 0.66     |
|    learning_rate   | 0.000157 |
|    n_updates       | 382467   |
---------------------------------
---------------------------------
| rollout/           |          |
|    ep_len_mean     | 208      |
|    ep_rew_mean     | 270      |
| time/              |          |
|    episodes        | 1512     |
|    fps             | 228      |
|    time_elapsed    | 1721     |
|    total_timesteps | 393190   |
| train/             |          |
|    actor_loss      | -72.1    |
|    critic_loss     | 4.51     |
|    ent_coef        | 0.0644   |
|    ent_coef_loss   | -0.226   |
|    learning_rate   | 0.000156 |
|    n_updates       | 383189   |
---------------------------------
---------------------------------
| rollout/           |          |
|    ep_len_mean     | 208      |
|    ep_rew_mean     | 270      |
| time/              |          |
|    episodes        | 1516     |
|    fps             | 228      |
|    time_elapsed    | 1725     |
|    total_timesteps | 394056   |
| train/             |          |
|    actor_loss      | -71.8    |
|    critic_loss     | 6.01     |
|    ent_coef        | 0.0657   |
|    ent_coef_loss   | 0.681    |
|    learning_rate   | 0.000155 |
|    n_updates       | 384055   |
---------------------------------
---------------------------------
| rollout/           |          |
|    ep_len_mean     | 209      |
|    ep_rew_mean     | 269      |
| time/              |          |
|    episodes        | 1520     |
|    fps             | 228      |
|    time_elapsed    | 1729     |
|    total_timesteps | 394970   |
| train/             |          |
|    actor_loss      | -72.6    |
|    critic_loss     | 12.1     |
|    ent_coef        | 0.0676   |
|    ent_coef_loss   | 0.332    |
|    learning_rate   | 0.000153 |
|    n_updates       | 384969   |
---------------------------------
---------------------------------
| rollout/           |          |
|    ep_len_mean     | 210      |
|    ep_rew_mean     | 270      |
| time/              |          |
|    episodes        | 1524     |
|    fps             | 228      |
|    time_elapsed    | 1733     |
|    total_timesteps | 395872   |
| train/             |          |
|    actor_loss      | -71      |
|    critic_loss     | 2.68     |
|    ent_coef        | 0.0651   |
|    ent_coef_loss   | 0.655    |
|    learning_rate   | 0.000152 |
|    n_updates       | 385871   |
---------------------------------
---------------------------------
| rollout/           |          |
|    ep_len_mean     | 212      |
|    ep_rew_mean     | 264      |
| time/              |          |
|    episodes        | 1528     |
|    fps             | 228      |
|    time_elapsed    | 1737     |
|    total_timesteps | 396928   |
| train/             |          |
|    actor_loss      | -73.2    |
|    critic_loss     | 3.48     |
|    ent_coef        | 0.066    |
|    ent_coef_loss   | -0.505   |
|    learning_rate   | 0.00015  |
|    n_updates       | 386927   |
---------------------------------
---------------------------------
| rollout/           |          |
|    ep_len_mean     | 213      |
|    ep_rew_mean     | 265      |
| time/              |          |
|    episodes        | 1532     |
|    fps             | 228      |
|    time_elapsed    | 1741     |
|    total_timesteps | 397824   |
| train/             |          |
|    actor_loss      | -70.8    |
|    critic_loss     | 3.54     |
|    ent_coef        | 0.0648   |
|    ent_coef_loss   | -0.164   |
|    learning_rate   | 0.000149 |
|    n_updates       | 387823   |
---------------------------------
---------------------------------
| rollout/           |          |
|    ep_len_mean     | 213      |
|    ep_rew_mean     | 265      |
| time/              |          |
|    episodes        | 1536     |
|    fps             | 228      |
|    time_elapsed    | 1745     |
|    total_timesteps | 398690   |
| train/             |          |
|    actor_loss      | -75.8    |
|    critic_loss     | 15       |
|    ent_coef        | 0.064    |
|    ent_coef_loss   | 0.134    |
|    learning_rate   | 0.000148 |
|    n_updates       | 388689   |
---------------------------------
---------------------------------
| rollout/           |          |
|    ep_len_mean     | 212      |
|    ep_rew_mean     | 263      |
| time/              |          |
|    episodes        | 1540     |
|    fps             | 228      |
|    time_elapsed    | 1748     |
|    total_timesteps | 399507   |
| train/             |          |
|    actor_loss      | -71.6    |
|    critic_loss     | 8.68     |
|    ent_coef        | 0.0643   |
|    ent_coef_loss   | 0.612    |
|    learning_rate   | 0.000147 |
|    n_updates       | 389506   |
---------------------------------
Eval num_timesteps=400000, episode_reward=235.53 +/- 105.32
Episode length: 206.00 +/- 39.28
---------------------------------
| eval/              |          |
|    mean_ep_length  | 206      |
|    mean_reward     | 236      |
| time/              |          |
|    total_timesteps | 400000   |
| train/             |          |
|    actor_loss      | -75.8    |
|    critic_loss     | 2.99     |
|    ent_coef        | 0.0641   |
|    ent_coef_loss   | -0.347   |
|    learning_rate   | 0.000146 |
|    n_updates       | 389999   |
---------------------------------
---------------------------------
| rollout/           |          |
|    ep_len_mean     | 212      |
|    ep_rew_mean     | 262      |
| time/              |          |
|    episodes        | 1544     |
|    fps             | 228      |
|    time_elapsed    | 1752     |
|    total_timesteps | 400252   |
| train/             |          |
|    actor_loss      | -73.5    |
|    critic_loss     | 8.3      |
|    ent_coef        | 0.0639   |
|    ent_coef_loss   | -0.108   |
|    learning_rate   | 0.000146 |
|    n_updates       | 390251   |
---------------------------------
---------------------------------
| rollout/           |          |
|    ep_len_mean     | 212      |
|    ep_rew_mean     | 262      |
| time/              |          |
|    episodes        | 1548     |
|    fps             | 228      |
|    time_elapsed    | 1756     |
|    total_timesteps | 401103   |
| train/             |          |
|    actor_loss      | -75.8    |
|    critic_loss     | 2.66     |
|    ent_coef        | 0.0646   |
|    ent_coef_loss   | -0.561   |
|    learning_rate   | 0.000144 |
|    n_updates       | 391102   |
---------------------------------
---------------------------------
| rollout/           |          |
|    ep_len_mean     | 213      |
|    ep_rew_mean     | 261      |
| time/              |          |
|    episodes        | 1552     |
|    fps             | 228      |
|    time_elapsed    | 1760     |
|    total_timesteps | 402086   |
| train/             |          |
|    actor_loss      | -74.5    |
|    critic_loss     | 6.53     |
|    ent_coef        | 0.0632   |
|    ent_coef_loss   | -0.115   |
|    learning_rate   | 0.000143 |
|    n_updates       | 392085   |
---------------------------------
---------------------------------
| rollout/           |          |
|    ep_len_mean     | 212      |
|    ep_rew_mean     | 261      |
| time/              |          |
|    episodes        | 1556     |
|    fps             | 228      |
|    time_elapsed    | 1763     |
|    total_timesteps | 402845   |
| train/             |          |
|    actor_loss      | -73.6    |
|    critic_loss     | 3.81     |
|    ent_coef        | 0.0627   |
|    ent_coef_loss   | 0.125    |
|    learning_rate   | 0.000142 |
|    n_updates       | 392844   |
---------------------------------
---------------------------------
| rollout/           |          |
|    ep_len_mean     | 211      |
|    ep_rew_mean     | 260      |
| time/              |          |
|    episodes        | 1560     |
|    fps             | 228      |
|    time_elapsed    | 1767     |
|    total_timesteps | 403638   |
| train/             |          |
|    actor_loss      | -73.5    |
|    critic_loss     | 11       |
|    ent_coef        | 0.0641   |
|    ent_coef_loss   | 0.402    |
|    learning_rate   | 0.000141 |
|    n_updates       | 393637   |
---------------------------------
---------------------------------
| rollout/           |          |
|    ep_len_mean     | 211      |
|    ep_rew_mean     | 260      |
| time/              |          |
|    episodes        | 1564     |
|    fps             | 228      |
|    time_elapsed    | 1771     |
|    total_timesteps | 404502   |
| train/             |          |
|    actor_loss      | -74.3    |
|    critic_loss     | 3.26     |
|    ent_coef        | 0.0644   |
|    ent_coef_loss   | -0.293   |
|    learning_rate   | 0.000139 |
|    n_updates       | 394501   |
---------------------------------
---------------------------------
| rollout/           |          |
|    ep_len_mean     | 211      |
|    ep_rew_mean     | 260      |
| time/              |          |
|    episodes        | 1568     |
|    fps             | 228      |
|    time_elapsed    | 1774     |
|    total_timesteps | 405377   |
| train/             |          |
|    actor_loss      | -75      |
|    critic_loss     | 4.54     |
|    ent_coef        | 0.0647   |
|    ent_coef_loss   | 0.268    |
|    learning_rate   | 0.000138 |
|    n_updates       | 395376   |
---------------------------------
---------------------------------
| rollout/           |          |
|    ep_len_mean     | 211      |
|    ep_rew_mean     | 260      |
| time/              |          |
|    episodes        | 1572     |
|    fps             | 228      |
|    time_elapsed    | 1778     |
|    total_timesteps | 406255   |
| train/             |          |
|    actor_loss      | -74.2    |
|    critic_loss     | 8.82     |
|    ent_coef        | 0.066    |
|    ent_coef_loss   | 0.153    |
|    learning_rate   | 0.000137 |
|    n_updates       | 396254   |
---------------------------------
---------------------------------
| rollout/           |          |
|    ep_len_mean     | 211      |
|    ep_rew_mean     | 261      |
| time/              |          |
|    episodes        | 1576     |
|    fps             | 228      |
|    time_elapsed    | 1781     |
|    total_timesteps | 407079   |
| train/             |          |
|    actor_loss      | -72.7    |
|    critic_loss     | 5.93     |
|    ent_coef        | 0.064    |
|    ent_coef_loss   | -0.226   |
|    learning_rate   | 0.000136 |
|    n_updates       | 397078   |
---------------------------------
---------------------------------
| rollout/           |          |
|    ep_len_mean     | 212      |
|    ep_rew_mean     | 261      |
| time/              |          |
|    episodes        | 1580     |
|    fps             | 228      |
|    time_elapsed    | 1785     |
|    total_timesteps | 407976   |
| train/             |          |
|    actor_loss      | -71.9    |
|    critic_loss     | 10.3     |
|    ent_coef        | 0.0639   |
|    ent_coef_loss   | 0.0132   |
|    learning_rate   | 0.000134 |
|    n_updates       | 397975   |
---------------------------------
---------------------------------
| rollout/           |          |
|    ep_len_mean     | 212      |
|    ep_rew_mean     | 262      |
| time/              |          |
|    episodes        | 1584     |
|    fps             | 228      |
|    time_elapsed    | 1789     |
|    total_timesteps | 408783   |
| train/             |          |
|    actor_loss      | -72.4    |
|    critic_loss     | 12.4     |
|    ent_coef        | 0.0639   |
|    ent_coef_loss   | -1.04    |
|    learning_rate   | 0.000133 |
|    n_updates       | 398782   |
---------------------------------
---------------------------------
| rollout/           |          |
|    ep_len_mean     | 213      |
|    ep_rew_mean     | 262      |
| time/              |          |
|    episodes        | 1588     |
|    fps             | 228      |
|    time_elapsed    | 1793     |
|    total_timesteps | 409660   |
| train/             |          |
|    actor_loss      | -71.5    |
|    critic_loss     | 72.2     |
|    ent_coef        | 0.0647   |
|    ent_coef_loss   | 0.117    |
|    learning_rate   | 0.000132 |
|    n_updates       | 399659   |
---------------------------------
Eval num_timesteps=410000, episode_reward=267.31 +/- 17.68
Episode length: 203.50 +/- 21.41
---------------------------------
| eval/              |          |
|    mean_ep_length  | 204      |
|    mean_reward     | 267      |
| time/              |          |
|    total_timesteps | 410000   |
| train/             |          |
|    actor_loss      | -73.9    |
|    critic_loss     | 7.15     |
|    ent_coef        | 0.0647   |
|    ent_coef_loss   | -0.23    |
|    learning_rate   | 0.000131 |
|    n_updates       | 399999   |
---------------------------------
---------------------------------
| rollout/           |          |
|    ep_len_mean     | 213      |
|    ep_rew_mean     | 262      |
| time/              |          |
|    episodes        | 1592     |
|    fps             | 228      |
|    time_elapsed    | 1797     |
|    total_timesteps | 410482   |
| train/             |          |
|    actor_loss      | -72.4    |
|    critic_loss     | 4.74     |
|    ent_coef        | 0.0639   |
|    ent_coef_loss   | -0.427   |
|    learning_rate   | 0.000131 |
|    n_updates       | 400481   |
---------------------------------
---------------------------------
| rollout/           |          |
|    ep_len_mean     | 212      |
|    ep_rew_mean     | 262      |
| time/              |          |
|    episodes        | 1596     |
|    fps             | 228      |
|    time_elapsed    | 1800     |
|    total_timesteps | 411274   |
| train/             |          |
|    actor_loss      | -74      |
|    critic_loss     | 5.47     |
|    ent_coef        | 0.0642   |
|    ent_coef_loss   | 0.154    |
|    learning_rate   | 0.00013  |
|    n_updates       | 401273   |
---------------------------------
---------------------------------
| rollout/           |          |
|    ep_len_mean     | 214      |
|    ep_rew_mean     | 266      |
| time/              |          |
|    episodes        | 1600     |
|    fps             | 228      |
|    time_elapsed    | 1804     |
|    total_timesteps | 412103   |
| train/             |          |
|    actor_loss      | -73.3    |
|    critic_loss     | 4.21     |
|    ent_coef        | 0.0642   |
|    ent_coef_loss   | 0.31     |
|    learning_rate   | 0.000128 |
|    n_updates       | 402102   |
---------------------------------
---------------------------------
| rollout/           |          |
|    ep_len_mean     | 213      |
|    ep_rew_mean     | 266      |
| time/              |          |
|    episodes        | 1604     |
|    fps             | 228      |
|    time_elapsed    | 1807     |
|    total_timesteps | 412919   |
| train/             |          |
|    actor_loss      | -68      |
|    critic_loss     | 6.28     |
|    ent_coef        | 0.0645   |
|    ent_coef_loss   | 0.64     |
|    learning_rate   | 0.000127 |
|    n_updates       | 402918   |
---------------------------------
---------------------------------
| rollout/           |          |
|    ep_len_mean     | 212      |
|    ep_rew_mean     | 266      |
| time/              |          |
|    episodes        | 1608     |
|    fps             | 228      |
|    time_elapsed    | 1811     |
|    total_timesteps | 413718   |
| train/             |          |
|    actor_loss      | -72.6    |
|    critic_loss     | 13.7     |
|    ent_coef        | 0.0649   |
|    ent_coef_loss   | 0.0283   |
|    learning_rate   | 0.000126 |
|    n_updates       | 403717   |
---------------------------------
---------------------------------
| rollout/           |          |
|    ep_len_mean     | 215      |
|    ep_rew_mean     | 267      |
| time/              |          |
|    episodes        | 1612     |
|    fps             | 228      |
|    time_elapsed    | 1815     |
|    total_timesteps | 414735   |
| train/             |          |
|    actor_loss      | -73.7    |
|    critic_loss     | 9.71     |
|    ent_coef        | 0.0638   |
|    ent_coef_loss   | 0.00557  |
|    learning_rate   | 0.000124 |
|    n_updates       | 404734   |
---------------------------------
---------------------------------
| rollout/           |          |
|    ep_len_mean     | 216      |
|    ep_rew_mean     | 267      |
| time/              |          |
|    episodes        | 1616     |
|    fps             | 228      |
|    time_elapsed    | 1819     |
|    total_timesteps | 415623   |
| train/             |          |
|    actor_loss      | -72.5    |
|    critic_loss     | 4.35     |
|    ent_coef        | 0.0647   |
|    ent_coef_loss   | -0.0199  |
|    learning_rate   | 0.000123 |
|    n_updates       | 405622   |
---------------------------------
---------------------------------
| rollout/           |          |
|    ep_len_mean     | 215      |
|    ep_rew_mean     | 263      |
| time/              |          |
|    episodes        | 1620     |
|    fps             | 228      |
|    time_elapsed    | 1823     |
|    total_timesteps | 416486   |
| train/             |          |
|    actor_loss      | -72.9    |
|    critic_loss     | 3.35     |
|    ent_coef        | 0.0637   |
|    ent_coef_loss   | 0.041    |
|    learning_rate   | 0.000122 |
|    n_updates       | 406485   |
---------------------------------
---------------------------------
| rollout/           |          |
|    ep_len_mean     | 215      |
|    ep_rew_mean     | 263      |
| time/              |          |
|    episodes        | 1624     |
|    fps             | 228      |
|    time_elapsed    | 1827     |
|    total_timesteps | 417366   |
| train/             |          |
|    actor_loss      | -75.7    |
|    critic_loss     | 6.05     |
|    ent_coef        | 0.0647   |
|    ent_coef_loss   | -0.273   |
|    learning_rate   | 0.000121 |
|    n_updates       | 407365   |
---------------------------------
---------------------------------
| rollout/           |          |
|    ep_len_mean     | 212      |
|    ep_rew_mean     | 269      |
| time/              |          |
|    episodes        | 1628     |
|    fps             | 228      |
|    time_elapsed    | 1831     |
|    total_timesteps | 418166   |
| train/             |          |
|    actor_loss      | -75.4    |
|    critic_loss     | 10.4     |
|    ent_coef        | 0.0653   |
|    ent_coef_loss   | -0.208   |
|    learning_rate   | 0.000119 |
|    n_updates       | 408165   |
---------------------------------
---------------------------------
| rollout/           |          |
|    ep_len_mean     | 212      |
|    ep_rew_mean     | 268      |
| time/              |          |
|    episodes        | 1632     |
|    fps             | 228      |
|    time_elapsed    | 1836     |
|    total_timesteps | 419017   |
| train/             |          |
|    actor_loss      | -73.7    |
|    critic_loss     | 10.6     |
|    ent_coef        | 0.0654   |
|    ent_coef_loss   | -0.0851  |
|    learning_rate   | 0.000118 |
|    n_updates       | 409016   |
---------------------------------
---------------------------------
| rollout/           |          |
|    ep_len_mean     | 211      |
|    ep_rew_mean     | 269      |
| time/              |          |
|    episodes        | 1636     |
|    fps             | 228      |
|    time_elapsed    | 1840     |
|    total_timesteps | 419829   |
| train/             |          |
|    actor_loss      | -73.9    |
|    critic_loss     | 3.2      |
|    ent_coef        | 0.064    |
|    ent_coef_loss   | -0.738   |
|    learning_rate   | 0.000117 |
|    n_updates       | 409828   |
---------------------------------
Eval num_timesteps=420000, episode_reward=271.84 +/- 15.81
Episode length: 195.20 +/- 14.99
---------------------------------
| eval/              |          |
|    mean_ep_length  | 195      |
|    mean_reward     | 272      |
| time/              |          |
|    total_timesteps | 420000   |
| train/             |          |
|    actor_loss      | -74.7    |
|    critic_loss     | 40.8     |
|    ent_coef        | 0.0635   |
|    ent_coef_loss   | 0.0563   |
|    learning_rate   | 0.000117 |
|    n_updates       | 409999   |
---------------------------------
---------------------------------
| rollout/           |          |
|    ep_len_mean     | 215      |
|    ep_rew_mean     | 270      |
| time/              |          |
|    episodes        | 1640     |
|    fps             | 228      |
|    time_elapsed    | 1846     |
|    total_timesteps | 421049   |
| train/             |          |
|    actor_loss      | -75.6    |
|    critic_loss     | 4.86     |
|    ent_coef        | 0.0616   |
|    ent_coef_loss   | -0.327   |
|    learning_rate   | 0.000115 |
|    n_updates       | 411048   |
---------------------------------
---------------------------------
| rollout/           |          |
|    ep_len_mean     | 216      |
|    ep_rew_mean     | 270      |
| time/              |          |
|    episodes        | 1644     |
|    fps             | 227      |
|    time_elapsed    | 1850     |
|    total_timesteps | 421829   |
| train/             |          |
|    actor_loss      | -74.3    |
|    critic_loss     | 2.44     |
|    ent_coef        | 0.0616   |
|    ent_coef_loss   | -0.401   |
|    learning_rate   | 0.000114 |
|    n_updates       | 411828   |
---------------------------------
---------------------------------
| rollout/           |          |
|    ep_len_mean     | 216      |
|    ep_rew_mean     | 272      |
| time/              |          |
|    episodes        | 1648     |
|    fps             | 227      |
|    time_elapsed    | 1854     |
|    total_timesteps | 422717   |
| train/             |          |
|    actor_loss      | -74.9    |
|    critic_loss     | 7.33     |
|    ent_coef        | 0.0609   |
|    ent_coef_loss   | 0.106    |
|    learning_rate   | 0.000113 |
|    n_updates       | 412716   |
---------------------------------
---------------------------------
| rollout/           |          |
|    ep_len_mean     | 214      |
|    ep_rew_mean     | 271      |
| time/              |          |
|    episodes        | 1652     |
|    fps             | 227      |
|    time_elapsed    | 1858     |
|    total_timesteps | 423495   |
| train/             |          |
|    actor_loss      | -74.4    |
|    critic_loss     | 4.99     |
|    ent_coef        | 0.0604   |
|    ent_coef_loss   | -0.12    |
|    learning_rate   | 0.000112 |
|    n_updates       | 413494   |
---------------------------------
---------------------------------
| rollout/           |          |
|    ep_len_mean     | 215      |
|    ep_rew_mean     | 273      |
| time/              |          |
|    episodes        | 1656     |
|    fps             | 227      |
|    time_elapsed    | 1862     |
|    total_timesteps | 424370   |
| train/             |          |
|    actor_loss      | -73      |
|    critic_loss     | 5.16     |
|    ent_coef        | 0.0613   |
|    ent_coef_loss   | -0.684   |
|    learning_rate   | 0.00011  |
|    n_updates       | 414369   |
---------------------------------
---------------------------------
| rollout/           |          |
|    ep_len_mean     | 215      |
|    ep_rew_mean     | 273      |
| time/              |          |
|    episodes        | 1660     |
|    fps             | 227      |
|    time_elapsed    | 1866     |
|    total_timesteps | 425099   |
| train/             |          |
|    actor_loss      | -72.9    |
|    critic_loss     | 15.7     |
|    ent_coef        | 0.062    |
|    ent_coef_loss   | -0.509   |
|    learning_rate   | 0.000109 |
|    n_updates       | 415098   |
---------------------------------
---------------------------------
| rollout/           |          |
|    ep_len_mean     | 215      |
|    ep_rew_mean     | 273      |
| time/              |          |
|    episodes        | 1664     |
|    fps             | 227      |
|    time_elapsed    | 1870     |
|    total_timesteps | 425955   |
| train/             |          |
|    actor_loss      | -71.3    |
|    critic_loss     | 5.63     |
|    ent_coef        | 0.0629   |
|    ent_coef_loss   | 0.605    |
|    learning_rate   | 0.000108 |
|    n_updates       | 415954   |
---------------------------------
---------------------------------
| rollout/           |          |
|    ep_len_mean     | 214      |
|    ep_rew_mean     | 274      |
| time/              |          |
|    episodes        | 1668     |
|    fps             | 227      |
|    time_elapsed    | 1874     |
|    total_timesteps | 426737   |
| train/             |          |
|    actor_loss      | -78.6    |
|    critic_loss     | 2.29     |
|    ent_coef        | 0.064    |
|    ent_coef_loss   | 0.103    |
|    learning_rate   | 0.000107 |
|    n_updates       | 416736   |
---------------------------------
---------------------------------
| rollout/           |          |
|    ep_len_mean     | 214      |
|    ep_rew_mean     | 274      |
| time/              |          |
|    episodes        | 1672     |
|    fps             | 227      |
|    time_elapsed    | 1878     |
|    total_timesteps | 427666   |
| train/             |          |
|    actor_loss      | -75      |
|    critic_loss     | 3.2      |
|    ent_coef        | 0.0644   |
|    ent_coef_loss   | 0.0469   |
|    learning_rate   | 0.000106 |
|    n_updates       | 417665   |
---------------------------------
---------------------------------
| rollout/           |          |
|    ep_len_mean     | 214      |
|    ep_rew_mean     | 274      |
| time/              |          |
|    episodes        | 1676     |
|    fps             | 227      |
|    time_elapsed    | 1882     |
|    total_timesteps | 428493   |
| train/             |          |
|    actor_loss      | -73.7    |
|    critic_loss     | 2.81     |
|    ent_coef        | 0.064    |
|    ent_coef_loss   | 0.331    |
|    learning_rate   | 0.000104 |
|    n_updates       | 418492   |
---------------------------------
---------------------------------
| rollout/           |          |
|    ep_len_mean     | 215      |
|    ep_rew_mean     | 273      |
| time/              |          |
|    episodes        | 1680     |
|    fps             | 227      |
|    time_elapsed    | 1886     |
|    total_timesteps | 429519   |
| train/             |          |
|    actor_loss      | -77.9    |
|    critic_loss     | 9.52     |
|    ent_coef        | 0.0639   |
|    ent_coef_loss   | -0.119   |
|    learning_rate   | 0.000103 |
|    n_updates       | 419518   |
---------------------------------
Eval num_timesteps=430000, episode_reward=275.15 +/- 24.44
Episode length: 257.80 +/- 130.17
---------------------------------
| eval/              |          |
|    mean_ep_length  | 258      |
|    mean_reward     | 275      |
| time/              |          |
|    total_timesteps | 430000   |
| train/             |          |
|    actor_loss      | -73.5    |
|    critic_loss     | 12.8     |
|    ent_coef        | 0.0632   |
|    ent_coef_loss   | -0.197   |
|    learning_rate   | 0.000102 |
|    n_updates       | 419999   |
---------------------------------
---------------------------------
| rollout/           |          |
|    ep_len_mean     | 215      |
|    ep_rew_mean     | 272      |
| time/              |          |
|    episodes        | 1684     |
|    fps             | 227      |
|    time_elapsed    | 1890     |
|    total_timesteps | 430322   |
| train/             |          |
|    actor_loss      | -77.3    |
|    critic_loss     | 7.05     |
|    ent_coef        | 0.0627   |
|    ent_coef_loss   | -0.351   |
|    learning_rate   | 0.000102 |
|    n_updates       | 420321   |
---------------------------------
---------------------------------
| rollout/           |          |
|    ep_len_mean     | 215      |
|    ep_rew_mean     | 272      |
| time/              |          |
|    episodes        | 1688     |
|    fps             | 227      |
|    time_elapsed    | 1894     |
|    total_timesteps | 431123   |
| train/             |          |
|    actor_loss      | -73.3    |
|    critic_loss     | 10.9     |
|    ent_coef        | 0.0632   |
|    ent_coef_loss   | 0.283    |
|    learning_rate   | 0.000101 |
|    n_updates       | 421122   |
---------------------------------
---------------------------------
| rollout/           |          |
|    ep_len_mean     | 214      |
|    ep_rew_mean     | 272      |
| time/              |          |
|    episodes        | 1692     |
|    fps             | 227      |
|    time_elapsed    | 1897     |
|    total_timesteps | 431893   |
| train/             |          |
|    actor_loss      | -74.5    |
|    critic_loss     | 25.2     |
|    ent_coef        | 0.0651   |
|    ent_coef_loss   | -0.0192  |
|    learning_rate   | 9.94e-05 |
|    n_updates       | 421892   |
---------------------------------
---------------------------------
| rollout/           |          |
|    ep_len_mean     | 223      |
|    ep_rew_mean     | 271      |
| time/              |          |
|    episodes        | 1696     |
|    fps             | 227      |
|    time_elapsed    | 1904     |
|    total_timesteps | 433622   |
| train/             |          |
|    actor_loss      | -74.2    |
|    critic_loss     | 2.42     |
|    ent_coef        | 0.0654   |
|    ent_coef_loss   | -0.165   |
|    learning_rate   | 9.69e-05 |
|    n_updates       | 423621   |
---------------------------------
---------------------------------
| rollout/           |          |
|    ep_len_mean     | 223      |
|    ep_rew_mean     | 272      |
| time/              |          |
|    episodes        | 1700     |
|    fps             | 227      |
|    time_elapsed    | 1908     |
|    total_timesteps | 434412   |
| train/             |          |
|    actor_loss      | -73.4    |
|    critic_loss     | 19.8     |
|    ent_coef        | 0.0648   |
|    ent_coef_loss   | 0.27     |
|    learning_rate   | 9.58e-05 |
|    n_updates       | 424411   |
---------------------------------
---------------------------------
| rollout/           |          |
|    ep_len_mean     | 223      |
|    ep_rew_mean     | 272      |
| time/              |          |
|    episodes        | 1704     |
|    fps             | 227      |
|    time_elapsed    | 1911     |
|    total_timesteps | 435232   |
| train/             |          |
|    actor_loss      | -75.9    |
|    critic_loss     | 3.07     |
|    ent_coef        | 0.0644   |
|    ent_coef_loss   | 0.0677   |
|    learning_rate   | 9.46e-05 |
|    n_updates       | 425231   |
---------------------------------
---------------------------------
| rollout/           |          |
|    ep_len_mean     | 225      |
|    ep_rew_mean     | 273      |
| time/              |          |
|    episodes        | 1708     |
|    fps             | 227      |
|    time_elapsed    | 1915     |
|    total_timesteps | 436178   |
| train/             |          |
|    actor_loss      | -74      |
|    critic_loss     | 8.02     |
|    ent_coef        | 0.064    |
|    ent_coef_loss   | -0.0739  |
|    learning_rate   | 9.32e-05 |
|    n_updates       | 426177   |
---------------------------------
---------------------------------
| rollout/           |          |
|    ep_len_mean     | 227      |
|    ep_rew_mean     | 272      |
| time/              |          |
|    episodes        | 1712     |
|    fps             | 227      |
|    time_elapsed    | 1921     |
|    total_timesteps | 437407   |
| train/             |          |
|    actor_loss      | -76.3    |
|    critic_loss     | 1.82     |
|    ent_coef        | 0.0641   |
|    ent_coef_loss   | -0.272   |
|    learning_rate   | 9.14e-05 |
|    n_updates       | 427406   |
---------------------------------
---------------------------------
| rollout/           |          |
|    ep_len_mean     | 226      |
|    ep_rew_mean     | 272      |
| time/              |          |
|    episodes        | 1716     |
|    fps             | 227      |
|    time_elapsed    | 1925     |
|    total_timesteps | 438189   |
| train/             |          |
|    actor_loss      | -76.9    |
|    critic_loss     | 4.54     |
|    ent_coef        | 0.0655   |
|    ent_coef_loss   | -0.161   |
|    learning_rate   | 9.02e-05 |
|    n_updates       | 428188   |
---------------------------------
---------------------------------
| rollout/           |          |
|    ep_len_mean     | 225      |
|    ep_rew_mean     | 275      |
| time/              |          |
|    episodes        | 1720     |
|    fps             | 227      |
|    time_elapsed    | 1929     |
|    total_timesteps | 438965   |
| train/             |          |
|    actor_loss      | -74.5    |
|    critic_loss     | 5.92     |
|    ent_coef        | 0.066    |
|    ent_coef_loss   | 0.624    |
|    learning_rate   | 8.91e-05 |
|    n_updates       | 428964   |
---------------------------------
Eval num_timesteps=440000, episode_reward=228.94 +/- 138.02
Episode length: 221.00 +/- 54.25
---------------------------------
| eval/              |          |
|    mean_ep_length  | 221      |
|    mean_reward     | 229      |
| time/              |          |
|    total_timesteps | 440000   |
| train/             |          |
|    actor_loss      | -72.9    |
|    critic_loss     | 4.68     |
|    ent_coef        | 0.0651   |
|    ent_coef_loss   | -0.247   |
|    learning_rate   | 8.76e-05 |
|    n_updates       | 429999   |
---------------------------------
---------------------------------
| rollout/           |          |
|    ep_len_mean     | 232      |
|    ep_rew_mean     | 274      |
| time/              |          |
|    episodes        | 1724     |
|    fps             | 227      |
|    time_elapsed    | 1937     |
|    total_timesteps | 440545   |
| train/             |          |
|    actor_loss      | -78.5    |
|    critic_loss     | 7.44     |
|    ent_coef        | 0.0644   |
|    ent_coef_loss   | 0.0261   |
|    learning_rate   | 8.68e-05 |
|    n_updates       | 430544   |
---------------------------------
---------------------------------
| rollout/           |          |
|    ep_len_mean     | 232      |
|    ep_rew_mean     | 275      |
| time/              |          |
|    episodes        | 1728     |
|    fps             | 227      |
|    time_elapsed    | 1941     |
|    total_timesteps | 441360   |
| train/             |          |
|    actor_loss      | -74.4    |
|    critic_loss     | 6.22     |
|    ent_coef        | 0.0641   |
|    ent_coef_loss   | 0.542    |
|    learning_rate   | 8.56e-05 |
|    n_updates       | 431359   |
---------------------------------
---------------------------------
| rollout/           |          |
|    ep_len_mean     | 235      |
|    ep_rew_mean     | 274      |
| time/              |          |
|    episodes        | 1732     |
|    fps             | 227      |
|    time_elapsed    | 1947     |
|    total_timesteps | 442522   |
| train/             |          |
|    actor_loss      | -75      |
|    critic_loss     | 3.56     |
|    ent_coef        | 0.0639   |
|    ent_coef_loss   | -0.13    |
|    learning_rate   | 8.39e-05 |
|    n_updates       | 432521   |
---------------------------------
---------------------------------
| rollout/           |          |
|    ep_len_mean     | 237      |
|    ep_rew_mean     | 271      |
| time/              |          |
|    episodes        | 1736     |
|    fps             | 227      |
|    time_elapsed    | 1952     |
|    total_timesteps | 443485   |
| train/             |          |
|    actor_loss      | -77.6    |
|    critic_loss     | 3.9      |
|    ent_coef        | 0.0629   |
|    ent_coef_loss   | -0.144   |
|    learning_rate   | 8.25e-05 |
|    n_updates       | 433484   |
---------------------------------
---------------------------------
| rollout/           |          |
|    ep_len_mean     | 235      |
|    ep_rew_mean     | 267      |
| time/              |          |
|    episodes        | 1740     |
|    fps             | 227      |
|    time_elapsed    | 1956     |
|    total_timesteps | 444502   |
| train/             |          |
|    actor_loss      | -74.7    |
|    critic_loss     | 6.56     |
|    ent_coef        | 0.0624   |
|    ent_coef_loss   | -0.18    |
|    learning_rate   | 8.1e-05  |
|    n_updates       | 434501   |
---------------------------------
---------------------------------
| rollout/           |          |
|    ep_len_mean     | 235      |
|    ep_rew_mean     | 267      |
| time/              |          |
|    episodes        | 1744     |
|    fps             | 227      |
|    time_elapsed    | 1959     |
|    total_timesteps | 445302   |
| train/             |          |
|    actor_loss      | -75.9    |
|    critic_loss     | 6.64     |
|    ent_coef        | 0.0627   |
|    ent_coef_loss   | 0.342    |
|    learning_rate   | 7.99e-05 |
|    n_updates       | 435301   |
---------------------------------
---------------------------------
| rollout/           |          |
|    ep_len_mean     | 234      |
|    ep_rew_mean     | 267      |
| time/              |          |
|    episodes        | 1748     |
|    fps             | 227      |
|    time_elapsed    | 1963     |
|    total_timesteps | 446095   |
| train/             |          |
|    actor_loss      | -74.2    |
|    critic_loss     | 8.68     |
|    ent_coef        | 0.063    |
|    ent_coef_loss   | 0.257    |
|    learning_rate   | 7.87e-05 |
|    n_updates       | 436094   |
---------------------------------
---------------------------------
| rollout/           |          |
|    ep_len_mean     | 235      |
|    ep_rew_mean     | 268      |
| time/              |          |
|    episodes        | 1752     |
|    fps             | 227      |
|    time_elapsed    | 1967     |
|    total_timesteps | 447021   |
| train/             |          |
|    actor_loss      | -72.3    |
|    critic_loss     | 3.4      |
|    ent_coef        | 0.0622   |
|    ent_coef_loss   | 0.19     |
|    learning_rate   | 7.74e-05 |
|    n_updates       | 437020   |
---------------------------------
---------------------------------
| rollout/           |          |
|    ep_len_mean     | 235      |
|    ep_rew_mean     | 267      |
| time/              |          |
|    episodes        | 1756     |
|    fps             | 227      |
|    time_elapsed    | 1970     |
|    total_timesteps | 447915   |
| train/             |          |
|    actor_loss      | -74.3    |
|    critic_loss     | 25.9     |
|    ent_coef        | 0.062    |
|    ent_coef_loss   | 0.0911   |
|    learning_rate   | 7.6e-05  |
|    n_updates       | 437914   |
---------------------------------
---------------------------------
| rollout/           |          |
|    ep_len_mean     | 236      |
|    ep_rew_mean     | 267      |
| time/              |          |
|    episodes        | 1760     |
|    fps             | 227      |
|    time_elapsed    | 1974     |
|    total_timesteps | 448708   |
| train/             |          |
|    actor_loss      | -72.9    |
|    critic_loss     | 3.9      |
|    ent_coef        | 0.0622   |
|    ent_coef_loss   | -0.619   |
|    learning_rate   | 7.49e-05 |
|    n_updates       | 438707   |
---------------------------------
---------------------------------
| rollout/           |          |
|    ep_len_mean     | 236      |
|    ep_rew_mean     | 267      |
| time/              |          |
|    episodes        | 1764     |
|    fps             | 227      |
|    time_elapsed    | 1977     |
|    total_timesteps | 449549   |
| train/             |          |
|    actor_loss      | -69.7    |
|    critic_loss     | 5.01     |
|    ent_coef        | 0.0621   |
|    ent_coef_loss   | 0.649    |
|    learning_rate   | 7.37e-05 |
|    n_updates       | 439548   |
---------------------------------
Eval num_timesteps=450000, episode_reward=249.49 +/- 87.09
Episode length: 292.90 +/- 236.68
---------------------------------
| eval/              |          |
|    mean_ep_length  | 293      |
|    mean_reward     | 249      |
| time/              |          |
|    total_timesteps | 450000   |
| train/             |          |
|    actor_loss      | -72.7    |
|    critic_loss     | 7.99     |
|    ent_coef        | 0.0623   |
|    ent_coef_loss   | -0.664   |
|    learning_rate   | 7.3e-05  |
|    n_updates       | 439999   |
---------------------------------
---------------------------------
| rollout/           |          |
|    ep_len_mean     | 236      |
|    ep_rew_mean     | 266      |
| time/              |          |
|    episodes        | 1768     |
|    fps             | 227      |
|    time_elapsed    | 1982     |
|    total_timesteps | 450330   |
| train/             |          |
|    actor_loss      | -77.6    |
|    critic_loss     | 5.33     |
|    ent_coef        | 0.0624   |
|    ent_coef_loss   | -0.2     |
|    learning_rate   | 7.25e-05 |
|    n_updates       | 440329   |
---------------------------------
---------------------------------
| rollout/           |          |
|    ep_len_mean     | 235      |
|    ep_rew_mean     | 265      |
| time/              |          |
|    episodes        | 1772     |
|    fps             | 227      |
|    time_elapsed    | 1985     |
|    total_timesteps | 451119   |
| train/             |          |
|    actor_loss      | -75.7    |
|    critic_loss     | 11.4     |
|    ent_coef        | 0.0618   |
|    ent_coef_loss   | -0.494   |
|    learning_rate   | 7.14e-05 |
|    n_updates       | 441118   |
---------------------------------
---------------------------------
| rollout/           |          |
|    ep_len_mean     | 235      |
|    ep_rew_mean     | 266      |
| time/              |          |
|    episodes        | 1776     |
|    fps             | 227      |
|    time_elapsed    | 1989     |
|    total_timesteps | 451979   |
| train/             |          |
|    actor_loss      | -74.8    |
|    critic_loss     | 3.62     |
|    ent_coef        | 0.0616   |
|    ent_coef_loss   | -0.142   |
|    learning_rate   | 7.01e-05 |
|    n_updates       | 441978   |
---------------------------------
---------------------------------
| rollout/           |          |
|    ep_len_mean     | 233      |
|    ep_rew_mean     | 267      |
| time/              |          |
|    episodes        | 1780     |
|    fps             | 227      |
|    time_elapsed    | 1992     |
|    total_timesteps | 452829   |
| train/             |          |
|    actor_loss      | -73.1    |
|    critic_loss     | 8.8      |
|    ent_coef        | 0.0616   |
|    ent_coef_loss   | -0.0868  |
|    learning_rate   | 6.89e-05 |
|    n_updates       | 442828   |
---------------------------------
---------------------------------
| rollout/           |          |
|    ep_len_mean     | 233      |
|    ep_rew_mean     | 266      |
| time/              |          |
|    episodes        | 1784     |
|    fps             | 227      |
|    time_elapsed    | 1995     |
|    total_timesteps | 453581   |
| train/             |          |
|    actor_loss      | -73.9    |
|    critic_loss     | 5.94     |
|    ent_coef        | 0.0613   |
|    ent_coef_loss   | 0.325    |
|    learning_rate   | 6.78e-05 |
|    n_updates       | 443580   |
---------------------------------
---------------------------------
| rollout/           |          |
|    ep_len_mean     | 233      |
|    ep_rew_mean     | 265      |
| time/              |          |
|    episodes        | 1788     |
|    fps             | 227      |
|    time_elapsed    | 1999     |
|    total_timesteps | 454381   |
| train/             |          |
|    actor_loss      | -71.4    |
|    critic_loss     | 50.9     |
|    ent_coef        | 0.0606   |
|    ent_coef_loss   | 0.268    |
|    learning_rate   | 6.66e-05 |
|    n_updates       | 444380   |
---------------------------------
---------------------------------
| rollout/           |          |
|    ep_len_mean     | 232      |
|    ep_rew_mean     | 265      |
| time/              |          |
|    episodes        | 1792     |
|    fps             | 227      |
|    time_elapsed    | 2002     |
|    total_timesteps | 455107   |
| train/             |          |
|    actor_loss      | -71.3    |
|    critic_loss     | 12.7     |
|    ent_coef        | 0.0611   |
|    ent_coef_loss   | 0.587    |
|    learning_rate   | 6.55e-05 |
|    n_updates       | 445106   |
---------------------------------
---------------------------------
| rollout/           |          |
|    ep_len_mean     | 228      |
|    ep_rew_mean     | 266      |
| time/              |          |
|    episodes        | 1796     |
|    fps             | 227      |
|    time_elapsed    | 2007     |
|    total_timesteps | 456411   |
| train/             |          |
|    actor_loss      | -74.9    |
|    critic_loss     | 8.14     |
|    ent_coef        | 0.0623   |
|    ent_coef_loss   | -0.279   |
|    learning_rate   | 6.36e-05 |
|    n_updates       | 446410   |
---------------------------------
---------------------------------
| rollout/           |          |
|    ep_len_mean     | 228      |
|    ep_rew_mean     | 266      |
| time/              |          |
|    episodes        | 1800     |
|    fps             | 227      |
|    time_elapsed    | 2011     |
|    total_timesteps | 457242   |
| train/             |          |
|    actor_loss      | -71      |
|    critic_loss     | 4.02     |
|    ent_coef        | 0.0623   |
|    ent_coef_loss   | -0.0645  |
|    learning_rate   | 6.24e-05 |
|    n_updates       | 447241   |
---------------------------------
---------------------------------
| rollout/           |          |
|    ep_len_mean     | 228      |
|    ep_rew_mean     | 265      |
| time/              |          |
|    episodes        | 1804     |
|    fps             | 227      |
|    time_elapsed    | 2015     |
|    total_timesteps | 458057   |
| train/             |          |
|    actor_loss      | -71.5    |
|    critic_loss     | 7.3      |
|    ent_coef        | 0.0625   |
|    ent_coef_loss   | -0.404   |
|    learning_rate   | 6.12e-05 |
|    n_updates       | 448056   |
---------------------------------
---------------------------------
| rollout/           |          |
|    ep_len_mean     | 227      |
|    ep_rew_mean     | 265      |
| time/              |          |
|    episodes        | 1808     |
|    fps             | 227      |
|    time_elapsed    | 2019     |
|    total_timesteps | 458874   |
| train/             |          |
|    actor_loss      | -72.7    |
|    critic_loss     | 7.12     |
|    ent_coef        | 0.0629   |
|    ent_coef_loss   | 0.142    |
|    learning_rate   | 6e-05    |
|    n_updates       | 448873   |
---------------------------------
---------------------------------
| rollout/           |          |
|    ep_len_mean     | 223      |
|    ep_rew_mean     | 265      |
| time/              |          |
|    episodes        | 1812     |
|    fps             | 227      |
|    time_elapsed    | 2023     |
|    total_timesteps | 459695   |
| train/             |          |
|    actor_loss      | -72.8    |
|    critic_loss     | 9.66     |
|    ent_coef        | 0.0631   |
|    ent_coef_loss   | 0.0478   |
|    learning_rate   | 5.88e-05 |
|    n_updates       | 449694   |
---------------------------------
Eval num_timesteps=460000, episode_reward=269.11 +/- 18.50
Episode length: 208.00 +/- 19.85
---------------------------------
| eval/              |          |
|    mean_ep_length  | 208      |
|    mean_reward     | 269      |
| time/              |          |
|    total_timesteps | 460000   |
| train/             |          |
|    actor_loss      | -71.5    |
|    critic_loss     | 4.91     |
|    ent_coef        | 0.063    |
|    ent_coef_loss   | -0.468   |
|    learning_rate   | 5.84e-05 |
|    n_updates       | 449999   |
---------------------------------
---------------------------------
| rollout/           |          |
|    ep_len_mean     | 223      |
|    ep_rew_mean     | 265      |
| time/              |          |
|    episodes        | 1816     |
|    fps             | 227      |
|    time_elapsed    | 2027     |
|    total_timesteps | 460453   |
| train/             |          |
|    actor_loss      | -70.1    |
|    critic_loss     | 2.62     |
|    ent_coef        | 0.0631   |
|    ent_coef_loss   | 0.475    |
|    learning_rate   | 5.77e-05 |
|    n_updates       | 450452   |
---------------------------------
---------------------------------
| rollout/           |          |
|    ep_len_mean     | 223      |
|    ep_rew_mean     | 266      |
| time/              |          |
|    episodes        | 1820     |
|    fps             | 227      |
|    time_elapsed    | 2031     |
|    total_timesteps | 461240   |
| train/             |          |
|    actor_loss      | -74.4    |
|    critic_loss     | 13.3     |
|    ent_coef        | 0.0627   |
|    ent_coef_loss   | 0.315    |
|    learning_rate   | 5.66e-05 |
|    n_updates       | 451239   |
---------------------------------
---------------------------------
| rollout/           |          |
|    ep_len_mean     | 215      |
|    ep_rew_mean     | 267      |
| time/              |          |
|    episodes        | 1824     |
|    fps             | 226      |
|    time_elapsed    | 2035     |
|    total_timesteps | 462066   |
| train/             |          |
|    actor_loss      | -71.6    |
|    critic_loss     | 2.41     |
|    ent_coef        | 0.0629   |
|    ent_coef_loss   | -0.331   |
|    learning_rate   | 5.54e-05 |
|    n_updates       | 452065   |
---------------------------------
---------------------------------
| rollout/           |          |
|    ep_len_mean     | 215      |
|    ep_rew_mean     | 267      |
| time/              |          |
|    episodes        | 1828     |
|    fps             | 226      |
|    time_elapsed    | 2039     |
|    total_timesteps | 462879   |
| train/             |          |
|    actor_loss      | -77.5    |
|    critic_loss     | 4.08     |
|    ent_coef        | 0.0629   |
|    ent_coef_loss   | 0.898    |
|    learning_rate   | 5.42e-05 |
|    n_updates       | 452878   |
---------------------------------
---------------------------------
| rollout/           |          |
|    ep_len_mean     | 211      |
|    ep_rew_mean     | 267      |
| time/              |          |
|    episodes        | 1832     |
|    fps             | 226      |
|    time_elapsed    | 2042     |
|    total_timesteps | 463648   |
| train/             |          |
|    actor_loss      | -70.1    |
|    critic_loss     | 6.32     |
|    ent_coef        | 0.0629   |
|    ent_coef_loss   | -0.0271  |
|    learning_rate   | 5.31e-05 |
|    n_updates       | 453647   |
---------------------------------
---------------------------------
| rollout/           |          |
|    ep_len_mean     | 210      |
|    ep_rew_mean     | 271      |
| time/              |          |
|    episodes        | 1836     |
|    fps             | 226      |
|    time_elapsed    | 2046     |
|    total_timesteps | 464477   |
| train/             |          |
|    actor_loss      | -70.1    |
|    critic_loss     | 10.4     |
|    ent_coef        | 0.063    |
|    ent_coef_loss   | -0.265   |
|    learning_rate   | 5.19e-05 |
|    n_updates       | 454476   |
---------------------------------
---------------------------------
| rollout/           |          |
|    ep_len_mean     | 207      |
|    ep_rew_mean     | 275      |
| time/              |          |
|    episodes        | 1840     |
|    fps             | 227      |
|    time_elapsed    | 2049     |
|    total_timesteps | 465243   |
| train/             |          |
|    actor_loss      | -73.5    |
|    critic_loss     | 1.32     |
|    ent_coef        | 0.0632   |
|    ent_coef_loss   | -0.571   |
|    learning_rate   | 5.07e-05 |
|    n_updates       | 455242   |
---------------------------------
---------------------------------
| rollout/           |          |
|    ep_len_mean     | 212      |
|    ep_rew_mean     | 270      |
| time/              |          |
|    episodes        | 1844     |
|    fps             | 227      |
|    time_elapsed    | 2054     |
|    total_timesteps | 466530   |
| train/             |          |
|    actor_loss      | -72.9    |
|    critic_loss     | 2.44     |
|    ent_coef        | 0.0635   |
|    ent_coef_loss   | 0.366    |
|    learning_rate   | 4.89e-05 |
|    n_updates       | 456529   |
---------------------------------
---------------------------------
| rollout/           |          |
|    ep_len_mean     | 213      |
|    ep_rew_mean     | 270      |
| time/              |          |
|    episodes        | 1848     |
|    fps             | 227      |
|    time_elapsed    | 2058     |
|    total_timesteps | 467425   |
| train/             |          |
|    actor_loss      | -74.3    |
|    critic_loss     | 4.78     |
|    ent_coef        | 0.0641   |
|    ent_coef_loss   | -0.0313  |
|    learning_rate   | 4.76e-05 |
|    n_updates       | 457424   |
---------------------------------
---------------------------------
| rollout/           |          |
|    ep_len_mean     | 212      |
|    ep_rew_mean     | 269      |
| time/              |          |
|    episodes        | 1852     |
|    fps             | 227      |
|    time_elapsed    | 2061     |
|    total_timesteps | 468172   |
| train/             |          |
|    actor_loss      | -73.2    |
|    critic_loss     | 3.82     |
|    ent_coef        | 0.0645   |
|    ent_coef_loss   | 0.164    |
|    learning_rate   | 4.65e-05 |
|    n_updates       | 458171   |
---------------------------------
---------------------------------
| rollout/           |          |
|    ep_len_mean     | 211      |
|    ep_rew_mean     | 270      |
| time/              |          |
|    episodes        | 1856     |
|    fps             | 227      |
|    time_elapsed    | 2065     |
|    total_timesteps | 468988   |
| train/             |          |
|    actor_loss      | -70.6    |
|    critic_loss     | 3.13     |
|    ent_coef        | 0.0649   |
|    ent_coef_loss   | -0.459   |
|    learning_rate   | 4.53e-05 |
|    n_updates       | 458987   |
---------------------------------
---------------------------------
| rollout/           |          |
|    ep_len_mean     | 211      |
|    ep_rew_mean     | 270      |
| time/              |          |
|    episodes        | 1860     |
|    fps             | 227      |
|    time_elapsed    | 2068     |
|    total_timesteps | 469819   |
| train/             |          |
|    actor_loss      | -69.7    |
|    critic_loss     | 11.5     |
|    ent_coef        | 0.065    |
|    ent_coef_loss   | 0.0676   |
|    learning_rate   | 4.41e-05 |
|    n_updates       | 459818   |
---------------------------------
Eval num_timesteps=470000, episode_reward=280.59 +/- 13.89
Episode length: 216.00 +/- 23.07
---------------------------------
| eval/              |          |
|    mean_ep_length  | 216      |
|    mean_reward     | 281      |
| time/              |          |
|    total_timesteps | 470000   |
| train/             |          |
|    actor_loss      | -72.5    |
|    critic_loss     | 7.55     |
|    ent_coef        | 0.065    |
|    ent_coef_loss   | 0.123    |
|    learning_rate   | 4.38e-05 |
|    n_updates       | 459999   |
---------------------------------
---------------------------------
| rollout/           |          |
|    ep_len_mean     | 211      |
|    ep_rew_mean     | 269      |
| time/              |          |
|    episodes        | 1864     |
|    fps             | 227      |
|    time_elapsed    | 2072     |
|    total_timesteps | 470602   |
| train/             |          |
|    actor_loss      | -72      |
|    critic_loss     | 10.5     |
|    ent_coef        | 0.0651   |
|    ent_coef_loss   | -0.0735  |
|    learning_rate   | 4.29e-05 |
|    n_updates       | 460601   |
---------------------------------
---------------------------------
| rollout/           |          |
|    ep_len_mean     | 211      |
|    ep_rew_mean     | 270      |
| time/              |          |
|    episodes        | 1868     |
|    fps             | 227      |
|    time_elapsed    | 2076     |
|    total_timesteps | 471395   |
| train/             |          |
|    actor_loss      | -75.1    |
|    critic_loss     | 3.83     |
|    ent_coef        | 0.0655   |
|    ent_coef_loss   | 0.383    |
|    learning_rate   | 4.18e-05 |
|    n_updates       | 461394   |
---------------------------------
---------------------------------
| rollout/           |          |
|    ep_len_mean     | 211      |
|    ep_rew_mean     | 270      |
| time/              |          |
|    episodes        | 1872     |
|    fps             | 227      |
|    time_elapsed    | 2079     |
|    total_timesteps | 472266   |
| train/             |          |
|    actor_loss      | -75.4    |
|    critic_loss     | 11.6     |
|    ent_coef        | 0.0658   |
|    ent_coef_loss   | -0.0922  |
|    learning_rate   | 4.05e-05 |
|    n_updates       | 462265   |
---------------------------------
---------------------------------
| rollout/           |          |
|    ep_len_mean     | 213      |
|    ep_rew_mean     | 266      |
| time/              |          |
|    episodes        | 1876     |
|    fps             | 227      |
|    time_elapsed    | 2084     |
|    total_timesteps | 473325   |
| train/             |          |
|    actor_loss      | -72.8    |
|    critic_loss     | 4.83     |
|    ent_coef        | 0.0659   |
|    ent_coef_loss   | 0.607    |
|    learning_rate   | 3.89e-05 |
|    n_updates       | 463324   |
---------------------------------
---------------------------------
| rollout/           |          |
|    ep_len_mean     | 214      |
|    ep_rew_mean     | 266      |
| time/              |          |
|    episodes        | 1880     |
|    fps             | 227      |
|    time_elapsed    | 2088     |
|    total_timesteps | 474196   |
| train/             |          |
|    actor_loss      | -71.2    |
|    critic_loss     | 15.8     |
|    ent_coef        | 0.0657   |
|    ent_coef_loss   | 0.374    |
|    learning_rate   | 3.77e-05 |
|    n_updates       | 464195   |
---------------------------------
---------------------------------
| rollout/           |          |
|    ep_len_mean     | 214      |
|    ep_rew_mean     | 267      |
| time/              |          |
|    episodes        | 1884     |
|    fps             | 227      |
|    time_elapsed    | 2091     |
|    total_timesteps | 475020   |
| train/             |          |
|    actor_loss      | -73.5    |
|    critic_loss     | 2.08     |
|    ent_coef        | 0.0655   |
|    ent_coef_loss   | -0.543   |
|    learning_rate   | 3.65e-05 |
|    n_updates       | 465019   |
---------------------------------
---------------------------------
| rollout/           |          |
|    ep_len_mean     | 214      |
|    ep_rew_mean     | 267      |
| time/              |          |
|    episodes        | 1888     |
|    fps             | 227      |
|    time_elapsed    | 2094     |
|    total_timesteps | 475820   |
| train/             |          |
|    actor_loss      | -73.3    |
|    critic_loss     | 4.14     |
|    ent_coef        | 0.0655   |
|    ent_coef_loss   | 0.126    |
|    learning_rate   | 3.53e-05 |
|    n_updates       | 465819   |
---------------------------------
---------------------------------
| rollout/           |          |
|    ep_len_mean     | 215      |
|    ep_rew_mean     | 267      |
| time/              |          |
|    episodes        | 1892     |
|    fps             | 227      |
|    time_elapsed    | 2098     |
|    total_timesteps | 476580   |
| train/             |          |
|    actor_loss      | -71.7    |
|    critic_loss     | 5.74     |
|    ent_coef        | 0.0654   |
|    ent_coef_loss   | 0.349    |
|    learning_rate   | 3.42e-05 |
|    n_updates       | 466579   |
---------------------------------
---------------------------------
| rollout/           |          |
|    ep_len_mean     | 210      |
|    ep_rew_mean     | 268      |
| time/              |          |
|    episodes        | 1896     |
|    fps             | 227      |
|    time_elapsed    | 2101     |
|    total_timesteps | 477384   |
| train/             |          |
|    actor_loss      | -74.9    |
|    critic_loss     | 2.88     |
|    ent_coef        | 0.0652   |
|    ent_coef_loss   | 0.0339   |
|    learning_rate   | 3.3e-05  |
|    n_updates       | 467383   |
---------------------------------
---------------------------------
| rollout/           |          |
|    ep_len_mean     | 209      |
|    ep_rew_mean     | 268      |
| time/              |          |
|    episodes        | 1900     |
|    fps             | 227      |
|    time_elapsed    | 2104     |
|    total_timesteps | 478133   |
| train/             |          |
|    actor_loss      | -70.9    |
|    critic_loss     | 38.1     |
|    ent_coef        | 0.065    |
|    ent_coef_loss   | 0.433    |
|    learning_rate   | 3.19e-05 |
|    n_updates       | 468132   |
---------------------------------
---------------------------------
| rollout/           |          |
|    ep_len_mean     | 209      |
|    ep_rew_mean     | 268      |
| time/              |          |
|    episodes        | 1904     |
|    fps             | 227      |
|    time_elapsed    | 2108     |
|    total_timesteps | 478963   |
| train/             |          |
|    actor_loss      | -74.8    |
|    critic_loss     | 48.9     |
|    ent_coef        | 0.065    |
|    ent_coef_loss   | 0.0249   |
|    learning_rate   | 3.07e-05 |
|    n_updates       | 468962   |
---------------------------------
---------------------------------
| rollout/           |          |
|    ep_len_mean     | 209      |
|    ep_rew_mean     | 268      |
| time/              |          |
|    episodes        | 1908     |
|    fps             | 227      |
|    time_elapsed    | 2111     |
|    total_timesteps | 479768   |
| train/             |          |
|    actor_loss      | -73.2    |
|    critic_loss     | 3.12     |
|    ent_coef        | 0.065    |
|    ent_coef_loss   | 0.437    |
|    learning_rate   | 2.95e-05 |
|    n_updates       | 469767   |
---------------------------------
Eval num_timesteps=480000, episode_reward=283.15 +/- 19.32
Episode length: 200.50 +/- 16.29
---------------------------------
| eval/              |          |
|    mean_ep_length  | 200      |
|    mean_reward     | 283      |
| time/              |          |
|    total_timesteps | 480000   |
| train/             |          |
|    actor_loss      | -73      |
|    critic_loss     | 8.82     |
|    ent_coef        | 0.0651   |
|    ent_coef_loss   | 0.428    |
|    learning_rate   | 2.92e-05 |
|    n_updates       | 469999   |
---------------------------------
---------------------------------
| rollout/           |          |
|    ep_len_mean     | 210      |
|    ep_rew_mean     | 268      |
| time/              |          |
|    episodes        | 1912     |
|    fps             | 227      |
|    time_elapsed    | 2116     |
|    total_timesteps | 480653   |
| train/             |          |
|    actor_loss      | -74.1    |
|    critic_loss     | 5.82     |
|    ent_coef        | 0.0652   |
|    ent_coef_loss   | 0.16     |
|    learning_rate   | 2.82e-05 |
|    n_updates       | 470652   |
---------------------------------
---------------------------------
| rollout/           |          |
|    ep_len_mean     | 210      |
|    ep_rew_mean     | 268      |
| time/              |          |
|    episodes        | 1916     |
|    fps             | 227      |
|    time_elapsed    | 2119     |
|    total_timesteps | 481489   |
| train/             |          |
|    actor_loss      | -70.8    |
|    critic_loss     | 2.69     |
|    ent_coef        | 0.065    |
|    ent_coef_loss   | 0.245    |
|    learning_rate   | 2.7e-05  |
|    n_updates       | 471488   |
---------------------------------
---------------------------------
| rollout/           |          |
|    ep_len_mean     | 211      |
|    ep_rew_mean     | 268      |
| time/              |          |
|    episodes        | 1920     |
|    fps             | 227      |
|    time_elapsed    | 2123     |
|    total_timesteps | 482325   |
| train/             |          |
|    actor_loss      | -70.6    |
|    critic_loss     | 2.48     |
|    ent_coef        | 0.065    |
|    ent_coef_loss   | -0.00627 |
|    learning_rate   | 2.58e-05 |
|    n_updates       | 472324   |
---------------------------------
---------------------------------
| rollout/           |          |
|    ep_len_mean     | 212      |
|    ep_rew_mean     | 268      |
| time/              |          |
|    episodes        | 1924     |
|    fps             | 227      |
|    time_elapsed    | 2127     |
|    total_timesteps | 483274   |
| train/             |          |
|    actor_loss      | -72.8    |
|    critic_loss     | 3.8      |
|    ent_coef        | 0.0649   |
|    ent_coef_loss   | -0.355   |
|    learning_rate   | 2.44e-05 |
|    n_updates       | 473273   |
---------------------------------
---------------------------------
| rollout/           |          |
|    ep_len_mean     | 216      |
|    ep_rew_mean     | 268      |
| time/              |          |
|    episodes        | 1928     |
|    fps             | 227      |
|    time_elapsed    | 2132     |
|    total_timesteps | 484438   |
| train/             |          |
|    actor_loss      | -68.7    |
|    critic_loss     | 6.58     |
|    ent_coef        | 0.0645   |
|    ent_coef_loss   | 0.292    |
|    learning_rate   | 2.27e-05 |
|    n_updates       | 474437   |
---------------------------------
---------------------------------
| rollout/           |          |
|    ep_len_mean     | 216      |
|    ep_rew_mean     | 269      |
| time/              |          |
|    episodes        | 1932     |
|    fps             | 227      |
|    time_elapsed    | 2135     |
|    total_timesteps | 485297   |
| train/             |          |
|    actor_loss      | -73.5    |
|    critic_loss     | 14.7     |
|    ent_coef        | 0.0644   |
|    ent_coef_loss   | 0.311    |
|    learning_rate   | 2.15e-05 |
|    n_updates       | 475296   |
---------------------------------
---------------------------------
| rollout/           |          |
|    ep_len_mean     | 217      |
|    ep_rew_mean     | 268      |
| time/              |          |
|    episodes        | 1936     |
|    fps             | 227      |
|    time_elapsed    | 2139     |
|    total_timesteps | 486200   |
| train/             |          |
|    actor_loss      | -72.8    |
|    critic_loss     | 4.27     |
|    ent_coef        | 0.0643   |
|    ent_coef_loss   | -0.143   |
|    learning_rate   | 2.01e-05 |
|    n_updates       | 476199   |
---------------------------------
---------------------------------
| rollout/           |          |
|    ep_len_mean     | 218      |
|    ep_rew_mean     | 269      |
| time/              |          |
|    episodes        | 1940     |
|    fps             | 227      |
|    time_elapsed    | 2143     |
|    total_timesteps | 486997   |
| train/             |          |
|    actor_loss      | -72.2    |
|    critic_loss     | 14.7     |
|    ent_coef        | 0.0643   |
|    ent_coef_loss   | -0.0351  |
|    learning_rate   | 1.9e-05  |
|    n_updates       | 476996   |
---------------------------------
---------------------------------
| rollout/           |          |
|    ep_len_mean     | 212      |
|    ep_rew_mean     | 272      |
| time/              |          |
|    episodes        | 1944     |
|    fps             | 227      |
|    time_elapsed    | 2146     |
|    total_timesteps | 487765   |
| train/             |          |
|    actor_loss      | -72      |
|    critic_loss     | 12.1     |
|    ent_coef        | 0.0642   |
|    ent_coef_loss   | -0.15    |
|    learning_rate   | 1.79e-05 |
|    n_updates       | 477764   |
---------------------------------
---------------------------------
| rollout/           |          |
|    ep_len_mean     | 212      |
|    ep_rew_mean     | 273      |
| time/              |          |
|    episodes        | 1948     |
|    fps             | 227      |
|    time_elapsed    | 2150     |
|    total_timesteps | 488588   |
| train/             |          |
|    actor_loss      | -70.4    |
|    critic_loss     | 6.25     |
|    ent_coef        | 0.0641   |
|    ent_coef_loss   | 0.169    |
|    learning_rate   | 1.67e-05 |
|    n_updates       | 478587   |
---------------------------------
---------------------------------
| rollout/           |          |
|    ep_len_mean     | 212      |
|    ep_rew_mean     | 273      |
| time/              |          |
|    episodes        | 1952     |
|    fps             | 227      |
|    time_elapsed    | 2153     |
|    total_timesteps | 489365   |
| train/             |          |
|    actor_loss      | -71.7    |
|    critic_loss     | 3.66     |
|    ent_coef        | 0.064    |
|    ent_coef_loss   | -0.365   |
|    learning_rate   | 1.55e-05 |
|    n_updates       | 479364   |
---------------------------------
Eval num_timesteps=490000, episode_reward=281.78 +/- 15.52
Episode length: 220.60 +/- 31.33
---------------------------------
| eval/              |          |
|    mean_ep_length  | 221      |
|    mean_reward     | 282      |
| time/              |          |
|    total_timesteps | 490000   |
| train/             |          |
|    actor_loss      | -73      |
|    critic_loss     | 2.78     |
|    ent_coef        | 0.064    |
|    ent_coef_loss   | -0.0305  |
|    learning_rate   | 1.46e-05 |
|    n_updates       | 479999   |
---------------------------------
---------------------------------
| rollout/           |          |
|    ep_len_mean     | 212      |
|    ep_rew_mean     | 272      |
| time/              |          |
|    episodes        | 1956     |
|    fps             | 227      |
|    time_elapsed    | 2157     |
|    total_timesteps | 490222   |
| train/             |          |
|    actor_loss      | -72.5    |
|    critic_loss     | 2.1      |
|    ent_coef        | 0.064    |
|    ent_coef_loss   | -0.319   |
|    learning_rate   | 1.43e-05 |
|    n_updates       | 480221   |
---------------------------------
---------------------------------
| rollout/           |          |
|    ep_len_mean     | 212      |
|    ep_rew_mean     | 273      |
| time/              |          |
|    episodes        | 1960     |
|    fps             | 227      |
|    time_elapsed    | 2161     |
|    total_timesteps | 491000   |
| train/             |          |
|    actor_loss      | -74.5    |
|    critic_loss     | 32.2     |
|    ent_coef        | 0.0639   |
|    ent_coef_loss   | -0.385   |
|    learning_rate   | 1.31e-05 |
|    n_updates       | 480999   |
---------------------------------
---------------------------------
| rollout/           |          |
|    ep_len_mean     | 212      |
|    ep_rew_mean     | 274      |
| time/              |          |
|    episodes        | 1964     |
|    fps             | 227      |
|    time_elapsed    | 2164     |
|    total_timesteps | 491811   |
| train/             |          |
|    actor_loss      | -70.9    |
|    critic_loss     | 10.9     |
|    ent_coef        | 0.0638   |
|    ent_coef_loss   | 0.462    |
|    learning_rate   | 1.2e-05  |
|    n_updates       | 481810   |
---------------------------------
---------------------------------
| rollout/           |          |
|    ep_len_mean     | 212      |
|    ep_rew_mean     | 274      |
| time/              |          |
|    episodes        | 1968     |
|    fps             | 227      |
|    time_elapsed    | 2168     |
|    total_timesteps | 492643   |
| train/             |          |
|    actor_loss      | -68.8    |
|    critic_loss     | 4.15     |
|    ent_coef        | 0.0638   |
|    ent_coef_loss   | 0.139    |
|    learning_rate   | 1.07e-05 |
|    n_updates       | 482642   |
---------------------------------
---------------------------------
| rollout/           |          |
|    ep_len_mean     | 212      |
|    ep_rew_mean     | 274      |
| time/              |          |
|    episodes        | 1972     |
|    fps             | 227      |
|    time_elapsed    | 2171     |
|    total_timesteps | 493514   |
| train/             |          |
|    actor_loss      | -74.3    |
|    critic_loss     | 3.13     |
|    ent_coef        | 0.0638   |
|    ent_coef_loss   | 0.0561   |
|    learning_rate   | 9.47e-06 |
|    n_updates       | 483513   |
---------------------------------
---------------------------------
| rollout/           |          |
|    ep_len_mean     | 209      |
|    ep_rew_mean     | 277      |
| time/              |          |
|    episodes        | 1976     |
|    fps             | 227      |
|    time_elapsed    | 2174     |
|    total_timesteps | 494260   |
| train/             |          |
|    actor_loss      | -70.6    |
|    critic_loss     | 6.01     |
|    ent_coef        | 0.0637   |
|    ent_coef_loss   | 0.0611   |
|    learning_rate   | 8.38e-06 |
|    n_updates       | 484259   |
---------------------------------
---------------------------------
| rollout/           |          |
|    ep_len_mean     | 209      |
|    ep_rew_mean     | 276      |
| time/              |          |
|    episodes        | 1980     |
|    fps             | 227      |
|    time_elapsed    | 2178     |
|    total_timesteps | 495074   |
| train/             |          |
|    actor_loss      | -75.4    |
|    critic_loss     | 3.81     |
|    ent_coef        | 0.0637   |
|    ent_coef_loss   | -1.1     |
|    learning_rate   | 7.19e-06 |
|    n_updates       | 485073   |
---------------------------------
---------------------------------
| rollout/           |          |
|    ep_len_mean     | 208      |
|    ep_rew_mean     | 277      |
| time/              |          |
|    episodes        | 1984     |
|    fps             | 227      |
|    time_elapsed    | 2181     |
|    total_timesteps | 495867   |
| train/             |          |
|    actor_loss      | -70.5    |
|    critic_loss     | 3.77     |
|    ent_coef        | 0.0636   |
|    ent_coef_loss   | 0.51     |
|    learning_rate   | 6.04e-06 |
|    n_updates       | 485866   |
---------------------------------
---------------------------------
| rollout/           |          |
|    ep_len_mean     | 208      |
|    ep_rew_mean     | 277      |
| time/              |          |
|    episodes        | 1988     |
|    fps             | 227      |
|    time_elapsed    | 2185     |
|    total_timesteps | 496616   |
| train/             |          |
|    actor_loss      | -72.8    |
|    critic_loss     | 4.98     |
|    ent_coef        | 0.0636   |
|    ent_coef_loss   | 0.0171   |
|    learning_rate   | 4.94e-06 |
|    n_updates       | 486615   |
---------------------------------
---------------------------------
| rollout/           |          |
|    ep_len_mean     | 209      |
|    ep_rew_mean     | 277      |
| time/              |          |
|    episodes        | 1992     |
|    fps             | 227      |
|    time_elapsed    | 2190     |
|    total_timesteps | 497521   |
| train/             |          |
|    actor_loss      | -73.9    |
|    critic_loss     | 10.2     |
|    ent_coef        | 0.0636   |
|    ent_coef_loss   | -0.147   |
|    learning_rate   | 3.62e-06 |
|    n_updates       | 487520   |
---------------------------------
---------------------------------
| rollout/           |          |
|    ep_len_mean     | 209      |
|    ep_rew_mean     | 277      |
| time/              |          |
|    episodes        | 1996     |
|    fps             | 227      |
|    time_elapsed    | 2193     |
|    total_timesteps | 498275   |
| train/             |          |
|    actor_loss      | -72.4    |
|    critic_loss     | 3.35     |
|    ent_coef        | 0.0636   |
|    ent_coef_loss   | -0.106   |
|    learning_rate   | 2.52e-06 |
|    n_updates       | 488274   |
---------------------------------
---------------------------------
| rollout/           |          |
|    ep_len_mean     | 213      |
|    ep_rew_mean     | 277      |
| time/              |          |
|    episodes        | 2000     |
|    fps             | 227      |
|    time_elapsed    | 2199     |
|    total_timesteps | 499422   |
| train/             |          |
|    actor_loss      | -73.4    |
|    critic_loss     | 13.5     |
|    ent_coef        | 0.0636   |
|    ent_coef_loss   | 0.0342   |
|    learning_rate   | 8.45e-07 |
|    n_updates       | 489421   |
---------------------------------
Eval num_timesteps=500000, episode_reward=282.49 +/- 14.73
Episode length: 203.00 +/- 25.05
---------------------------------
| eval/              |          |
|    mean_ep_length  | 203      |
|    mean_reward     | 282      |
| time/              |          |
|    total_timesteps | 500000   |
| train/             |          |
|    actor_loss      | -70.7    |
|    critic_loss     | 18.8     |
|    ent_coef        | 0.0636   |
|    ent_coef_loss   | 0.151    |
|    learning_rate   | 1.46e-09 |
|    n_updates       | 489999   |
---------------------------------
Wrapping the env in a DummyVecEnv.
mlp after training: mean_reward=276.33 +/- 14.09

=== Experiment complete ===
Summary: outputs/lunarlander_baseline/SAC-20260728_211032-seed456/experiment_summary_mlp.json
mlp: final=276.33, best_eval=285.5949295
/home/leopold/anaconda3/envs/sac_sb3_demo/lib/python3.12/site-packages/pygame/pkgdata.py:25: UserWarning: pkg_resources is deprecated as an API. See https://setuptools.pypa.io/en/latest/pkg_resources.html. The pkg_resources package is slated for removal as early as 2025-11-30. Refrain from using this package or pin to Setuptools<81.
  from pkg_resources import resource_stream, resource_exists


