══════════════════════════════════════════
[2/9] SAC  seed=123  device=cuda
started: 2026年 07月 28日 星期二 21:47:07 CST
run_tag: SAC-20260728_211032-seed123
══════════════════════════════════════════
CUDA available: NVIDIA GeForce RTX 4070 Laptop GPU

=== Training variant: mlp ===
Using cuda device
mlp before training: mean_reward=-267.70 +/- 75.41
Logging to runs/lunarlander_baseline/SAC-20260728_211032-seed123/mlp_1
---------------------------------
| rollout/           |          |
|    ep_len_mean     | 105      |
|    ep_rew_mean     | -241     |
| time/              |          |
|    episodes        | 4        |
|    fps             | 8145     |
|    time_elapsed    | 0        |
|    total_timesteps | 419      |
---------------------------------
---------------------------------
| rollout/           |          |
|    ep_len_mean     | 96.9     |
|    ep_rew_mean     | -227     |
| time/              |          |
|    episodes        | 8        |
|    fps             | 8158     |
|    time_elapsed    | 0        |
|    total_timesteps | 775      |
---------------------------------
---------------------------------
| rollout/           |          |
|    ep_len_mean     | 106      |
|    ep_rew_mean     | -246     |
| time/              |          |
|    episodes        | 12       |
|    fps             | 8285     |
|    time_elapsed    | 0        |
|    total_timesteps | 1273     |
---------------------------------
---------------------------------
| rollout/           |          |
|    ep_len_mean     | 102      |
|    ep_rew_mean     | -234     |
| time/              |          |
|    episodes        | 16       |
|    fps             | 8305     |
|    time_elapsed    | 0        |
|    total_timesteps | 1628     |
---------------------------------
---------------------------------
| rollout/           |          |
|    ep_len_mean     | 109      |
|    ep_rew_mean     | -230     |
| time/              |          |
|    episodes        | 20       |
|    fps             | 8367     |
|    time_elapsed    | 0        |
|    total_timesteps | 2175     |
---------------------------------
---------------------------------
| rollout/           |          |
|    ep_len_mean     | 109      |
|    ep_rew_mean     | -241     |
| time/              |          |
|    episodes        | 24       |
|    fps             | 8383     |
|    time_elapsed    | 0        |
|    total_timesteps | 2608     |
---------------------------------
---------------------------------
| rollout/           |          |
|    ep_len_mean     | 106      |
|    ep_rew_mean     | -236     |
| time/              |          |
|    episodes        | 28       |
|    fps             | 8386     |
|    time_elapsed    | 0        |
|    total_timesteps | 2969     |
---------------------------------
---------------------------------
| rollout/           |          |
|    ep_len_mean     | 106      |
|    ep_rew_mean     | -232     |
| time/              |          |
|    episodes        | 32       |
|    fps             | 8386     |
|    time_elapsed    | 0        |
|    total_timesteps | 3407     |
---------------------------------
---------------------------------
| rollout/           |          |
|    ep_len_mean     | 107      |
|    ep_rew_mean     | -238     |
| time/              |          |
|    episodes        | 36       |
|    fps             | 8397     |
|    time_elapsed    | 0        |
|    total_timesteps | 3856     |
---------------------------------
---------------------------------
| rollout/           |          |
|    ep_len_mean     | 132      |
|    ep_rew_mean     | -223     |
| time/              |          |
|    episodes        | 40       |
|    fps             | 8359     |
|    time_elapsed    | 0        |
|    total_timesteps | 5278     |
---------------------------------
---------------------------------
| rollout/           |          |
|    ep_len_mean     | 130      |
|    ep_rew_mean     | -226     |
| time/              |          |
|    episodes        | 44       |
|    fps             | 8362     |
|    time_elapsed    | 0        |
|    total_timesteps | 5727     |
---------------------------------
---------------------------------
| rollout/           |          |
|    ep_len_mean     | 130      |
|    ep_rew_mean     | -223     |
| time/              |          |
|    episodes        | 48       |
|    fps             | 8367     |
|    time_elapsed    | 0        |
|    total_timesteps | 6245     |
---------------------------------
---------------------------------
| rollout/           |          |
|    ep_len_mean     | 128      |
|    ep_rew_mean     | -221     |
| time/              |          |
|    episodes        | 52       |
|    fps             | 8373     |
|    time_elapsed    | 0        |
|    total_timesteps | 6676     |
---------------------------------
---------------------------------
| rollout/           |          |
|    ep_len_mean     | 126      |
|    ep_rew_mean     | -220     |
| time/              |          |
|    episodes        | 56       |
|    fps             | 8374     |
|    time_elapsed    | 0        |
|    total_timesteps | 7040     |
---------------------------------
---------------------------------
| rollout/           |          |
|    ep_len_mean     | 125      |
|    ep_rew_mean     | -215     |
| time/              |          |
|    episodes        | 60       |
|    fps             | 8379     |
|    time_elapsed    | 0        |
|    total_timesteps | 7479     |
---------------------------------
---------------------------------
| rollout/           |          |
|    ep_len_mean     | 124      |
|    ep_rew_mean     | -218     |
| time/              |          |
|    episodes        | 64       |
|    fps             | 8383     |
|    time_elapsed    | 0        |
|    total_timesteps | 7918     |
---------------------------------
---------------------------------
| rollout/           |          |
|    ep_len_mean     | 123      |
|    ep_rew_mean     | -222     |
| time/              |          |
|    episodes        | 68       |
|    fps             | 8388     |
|    time_elapsed    | 0        |
|    total_timesteps | 8345     |
---------------------------------
---------------------------------
| rollout/           |          |
|    ep_len_mean     | 120      |
|    ep_rew_mean     | -216     |
| time/              |          |
|    episodes        | 72       |
|    fps             | 8384     |
|    time_elapsed    | 1        |
|    total_timesteps | 8675     |
---------------------------------
---------------------------------
| rollout/           |          |
|    ep_len_mean     | 119      |
|    ep_rew_mean     | -211     |
| time/              |          |
|    episodes        | 76       |
|    fps             | 8384     |
|    time_elapsed    | 1        |
|    total_timesteps | 9043     |
---------------------------------
---------------------------------
| rollout/           |          |
|    ep_len_mean     | 119      |
|    ep_rew_mean     | -209     |
| time/              |          |
|    episodes        | 80       |
|    fps             | 8390     |
|    time_elapsed    | 1        |
|    total_timesteps | 9505     |
---------------------------------
---------------------------------
| rollout/           |          |
|    ep_len_mean     | 118      |
|    ep_rew_mean     | -204     |
| time/              |          |
|    episodes        | 84       |
|    fps             | 8388     |
|    time_elapsed    | 1        |
|    total_timesteps | 9951     |
---------------------------------
Eval num_timesteps=10000, episode_reward=-160.40 +/- 108.95
Episode length: 108.00 +/- 42.84
---------------------------------
| eval/              |          |
|    mean_ep_length  | 108      |
|    mean_reward     | -160     |
| time/              |          |
|    total_timesteps | 10000    |
---------------------------------
New best mean reward!
---------------------------------
| rollout/           |          |
|    ep_len_mean     | 118      |
|    ep_rew_mean     | -200     |
| time/              |          |
|    episodes        | 88       |
|    fps             | 3102     |
|    time_elapsed    | 3        |
|    total_timesteps | 10344    |
| train/             |          |
|    actor_loss      | -0.227   |
|    critic_loss     | 26.9     |
|    ent_coef        | 0.791    |
|    ent_coef_loss   | -0.65    |
|    learning_rate   | 0.000715 |
|    n_updates       | 343      |
---------------------------------
---------------------------------
| rollout/           |          |
|    ep_len_mean     | 119      |
|    ep_rew_mean     | -198     |
| time/              |          |
|    episodes        | 92       |
|    fps             | 1730     |
|    time_elapsed    | 6        |
|    total_timesteps | 10967    |
| train/             |          |
|    actor_loss      | 3.19     |
|    critic_loss     | 12.8     |
|    ent_coef        | 0.536    |
|    ent_coef_loss   | -1.45    |
|    learning_rate   | 0.000714 |
|    n_updates       | 966      |
---------------------------------
---------------------------------
| rollout/           |          |
|    ep_len_mean     | 150      |
|    ep_rew_mean     | -189     |
| time/              |          |
|    episodes        | 96       |
|    fps             | 664      |
|    time_elapsed    | 21       |
|    total_timesteps | 14390    |
| train/             |          |
|    actor_loss      | -14.7    |
|    critic_loss     | 15.1     |
|    ent_coef        | 0.157    |
|    ent_coef_loss   | 0.299    |
|    learning_rate   | 0.000709 |
|    n_updates       | 4389     |
---------------------------------
---------------------------------
| rollout/           |          |
|    ep_len_mean     | 170      |
|    ep_rew_mean     | -174     |
| time/              |          |
|    episodes        | 100      |
|    fps             | 523      |
|    time_elapsed    | 32       |
|    total_timesteps | 16951    |
| train/             |          |
|    actor_loss      | -25.8    |
|    critic_loss     | 56.4     |
|    ent_coef        | 0.127    |
|    ent_coef_loss   | -0.156   |
|    learning_rate   | 0.000705 |
|    n_updates       | 6950     |
---------------------------------
---------------------------------
| rollout/           |          |
|    ep_len_mean     | 187      |
|    ep_rew_mean     | -166     |
| time/              |          |
|    episodes        | 104      |
|    fps             | 462      |
|    time_elapsed    | 41       |
|    total_timesteps | 19075    |
| train/             |          |
|    actor_loss      | -33.7    |
|    critic_loss     | 9.46     |
|    ent_coef        | 0.157    |
|    ent_coef_loss   | 0.516    |
|    learning_rate   | 0.000702 |
|    n_updates       | 9074     |
---------------------------------
Eval num_timesteps=20000, episode_reward=5.58 +/- 129.14
Episode length: 359.40 +/- 136.23
---------------------------------
| eval/              |          |
|    mean_ep_length  | 359      |
|    mean_reward     | 5.58     |
| time/              |          |
|    total_timesteps | 20000    |
| train/             |          |
|    actor_loss      | -29.5    |
|    critic_loss     | 10.7     |
|    ent_coef        | 0.168    |
|    ent_coef_loss   | 0.356    |
|    learning_rate   | 0.000701 |
|    n_updates       | 9999     |
---------------------------------
New best mean reward!
---------------------------------
| rollout/           |          |
|    ep_len_mean     | 197      |
|    ep_rew_mean     | -159     |
| time/              |          |
|    episodes        | 108      |
|    fps             | 424      |
|    time_elapsed    | 48       |
|    total_timesteps | 20441    |
| train/             |          |
|    actor_loss      | -35.3    |
|    critic_loss     | 7.11     |
|    ent_coef        | 0.173    |
|    ent_coef_loss   | 0.163    |
|    learning_rate   | 0.0007   |
|    n_updates       | 10440    |
---------------------------------
---------------------------------
| rollout/           |          |
|    ep_len_mean     | 203      |
|    ep_rew_mean     | -140     |
| time/              |          |
|    episodes        | 112      |
|    fps             | 407      |
|    time_elapsed    | 53       |
|    total_timesteps | 21618    |
| train/             |          |
|    actor_loss      | -34.3    |
|    critic_loss     | 17.9     |
|    ent_coef        | 0.175    |
|    ent_coef_loss   | -0.344   |
|    learning_rate   | 0.000698 |
|    n_updates       | 11617    |
---------------------------------
---------------------------------
| rollout/           |          |
|    ep_len_mean     | 222      |
|    ep_rew_mean     | -133     |
| time/              |          |
|    episodes        | 116      |
|    fps             | 383      |
|    time_elapsed    | 62       |
|    total_timesteps | 23790    |
| train/             |          |
|    actor_loss      | -38.5    |
|    critic_loss     | 43       |
|    ent_coef        | 0.147    |
|    ent_coef_loss   | 0.0244   |
|    learning_rate   | 0.000695 |
|    n_updates       | 13789    |
---------------------------------
---------------------------------
| rollout/           |          |
|    ep_len_mean     | 231      |
|    ep_rew_mean     | -127     |
| time/              |          |
|    episodes        | 120      |
|    fps             | 370      |
|    time_elapsed    | 68       |
|    total_timesteps | 25296    |
| train/             |          |
|    actor_loss      | -38.1    |
|    critic_loss     | 36.5     |
|    ent_coef        | 0.143    |
|    ent_coef_loss   | 0.206    |
|    learning_rate   | 0.000693 |
|    n_updates       | 15295    |
---------------------------------
---------------------------------
| rollout/           |          |
|    ep_len_mean     | 242      |
|    ep_rew_mean     | -108     |
| time/              |          |
|    episodes        | 124      |
|    fps             | 359      |
|    time_elapsed    | 74       |
|    total_timesteps | 26767    |
| train/             |          |
|    actor_loss      | -43.2    |
|    critic_loss     | 8.24     |
|    ent_coef        | 0.142    |
|    ent_coef_loss   | -0.206   |
|    learning_rate   | 0.000691 |
|    n_updates       | 16766    |
---------------------------------
---------------------------------
| rollout/           |          |
|    ep_len_mean     | 254      |
|    ep_rew_mean     | -99.2    |
| time/              |          |
|    episodes        | 128      |
|    fps             | 348      |
|    time_elapsed    | 81       |
|    total_timesteps | 28321    |
| train/             |          |
|    actor_loss      | -44.7    |
|    critic_loss     | 14.9     |
|    ent_coef        | 0.158    |
|    ent_coef_loss   | -0.204   |
|    learning_rate   | 0.000689 |
|    n_updates       | 18320    |
---------------------------------
Eval num_timesteps=30000, episode_reward=23.53 +/- 176.74
Episode length: 414.10 +/- 229.90
---------------------------------
| eval/              |          |
|    mean_ep_length  | 414      |
|    mean_reward     | 23.5     |
| time/              |          |
|    total_timesteps | 30000    |
| train/             |          |
|    actor_loss      | -44.8    |
|    critic_loss     | 16       |
|    ent_coef        | 0.141    |
|    ent_coef_loss   | -0.00367 |
|    learning_rate   | 0.000686 |
|    n_updates       | 19999    |
---------------------------------
New best mean reward!
---------------------------------
| rollout/           |          |
|    ep_len_mean     | 267      |
|    ep_rew_mean     | -84.5    |
| time/              |          |
|    episodes        | 132      |
|    fps             | 329      |
|    time_elapsed    | 91       |
|    total_timesteps | 30098    |
| train/             |          |
|    actor_loss      | -42      |
|    critic_loss     | 11.8     |
|    ent_coef        | 0.137    |
|    ent_coef_loss   | 0.387    |
|    learning_rate   | 0.000686 |
|    n_updates       | 20097    |
---------------------------------
---------------------------------
| rollout/           |          |
|    ep_len_mean     | 273      |
|    ep_rew_mean     | -74.3    |
| time/              |          |
|    episodes        | 136      |
|    fps             | 323      |
|    time_elapsed    | 96       |
|    total_timesteps | 31159    |
| train/             |          |
|    actor_loss      | -45.8    |
|    critic_loss     | 8.39     |
|    ent_coef        | 0.128    |
|    ent_coef_loss   | 0.322    |
|    learning_rate   | 0.000685 |
|    n_updates       | 21158    |
---------------------------------
---------------------------------
| rollout/           |          |
|    ep_len_mean     | 282      |
|    ep_rew_mean     | -75.9    |
| time/              |          |
|    episodes        | 140      |
|    fps             | 311      |
|    time_elapsed    | 107      |
|    total_timesteps | 33512    |
| train/             |          |
|    actor_loss      | -38.2    |
|    critic_loss     | 25.1     |
|    ent_coef        | 0.115    |
|    ent_coef_loss   | 0.598    |
|    learning_rate   | 0.000681 |
|    n_updates       | 23511    |
---------------------------------
---------------------------------
| rollout/           |          |
|    ep_len_mean     | 302      |
|    ep_rew_mean     | -60.1    |
| time/              |          |
|    episodes        | 144      |
|    fps             | 302      |
|    time_elapsed    | 118      |
|    total_timesteps | 35931    |
| train/             |          |
|    actor_loss      | -40.2    |
|    critic_loss     | 7.1      |
|    ent_coef        | 0.123    |
|    ent_coef_loss   | 0.534    |
|    learning_rate   | 0.000678 |
|    n_updates       | 25930    |
---------------------------------
---------------------------------
| rollout/           |          |
|    ep_len_mean     | 318      |
|    ep_rew_mean     | -43.7    |
| time/              |          |
|    episodes        | 148      |
|    fps             | 298      |
|    time_elapsed    | 127      |
|    total_timesteps | 38074    |
| train/             |          |
|    actor_loss      | -35.2    |
|    critic_loss     | 35.6     |
|    ent_coef        | 0.122    |
|    ent_coef_loss   | 0.00899  |
|    learning_rate   | 0.000674 |
|    n_updates       | 28073    |
---------------------------------
Eval num_timesteps=40000, episode_reward=62.94 +/- 133.59
Episode length: 661.80 +/- 244.44
---------------------------------
| eval/              |          |
|    mean_ep_length  | 662      |
|    mean_reward     | 62.9     |
| time/              |          |
|    total_timesteps | 40000    |
| train/             |          |
|    actor_loss      | -38.8    |
|    critic_loss     | 24.3     |
|    ent_coef        | 0.126    |
|    ent_coef_loss   | -0.0772  |
|    learning_rate   | 0.000672 |
|    n_updates       | 29999    |
---------------------------------
New best mean reward!
---------------------------------
| rollout/           |          |
|    ep_len_mean     | 336      |
|    ep_rew_mean     | -29.2    |
| time/              |          |
|    episodes        | 152      |
|    fps             | 289      |
|    time_elapsed    | 139      |
|    total_timesteps | 40255    |
| train/             |          |
|    actor_loss      | -35.8    |
|    critic_loss     | 28.2     |
|    ent_coef        | 0.121    |
|    ent_coef_loss   | 0.8      |
|    learning_rate   | 0.000671 |
|    n_updates       | 30254    |
---------------------------------
---------------------------------
| rollout/           |          |
|    ep_len_mean     | 351      |
|    ep_rew_mean     | -18.7    |
| time/              |          |
|    episodes        | 156      |
|    fps             | 285      |
|    time_elapsed    | 147      |
|    total_timesteps | 42186    |
| train/             |          |
|    actor_loss      | -39.9    |
|    critic_loss     | 8.78     |
|    ent_coef        | 0.115    |
|    ent_coef_loss   | -0.0387  |
|    learning_rate   | 0.000668 |
|    n_updates       | 32185    |
---------------------------------
---------------------------------
| rollout/           |          |
|    ep_len_mean     | 366      |
|    ep_rew_mean     | -7.64    |
| time/              |          |
|    episodes        | 160      |
|    fps             | 280      |
|    time_elapsed    | 157      |
|    total_timesteps | 44108    |
| train/             |          |
|    actor_loss      | -39.2    |
|    critic_loss     | 9.93     |
|    ent_coef        | 0.12     |
|    ent_coef_loss   | 0.9      |
|    learning_rate   | 0.000666 |
|    n_updates       | 34107    |
---------------------------------
---------------------------------
| rollout/           |          |
|    ep_len_mean     | 373      |
|    ep_rew_mean     | 4.51     |
| time/              |          |
|    episodes        | 164      |
|    fps             | 278      |
|    time_elapsed    | 162      |
|    total_timesteps | 45179    |
| train/             |          |
|    actor_loss      | -39.8    |
|    critic_loss     | 6.18     |
|    ent_coef        | 0.111    |
|    ent_coef_loss   | -0.279   |
|    learning_rate   | 0.000664 |
|    n_updates       | 35178    |
---------------------------------
---------------------------------
| rollout/           |          |
|    ep_len_mean     | 383      |
|    ep_rew_mean     | 25.7     |
| time/              |          |
|    episodes        | 168      |
|    fps             | 275      |
|    time_elapsed    | 169      |
|    total_timesteps | 46656    |
| train/             |          |
|    actor_loss      | -40.1    |
|    critic_loss     | 13.1     |
|    ent_coef        | 0.115    |
|    ent_coef_loss   | -0.29    |
|    learning_rate   | 0.000662 |
|    n_updates       | 36655    |
---------------------------------
---------------------------------
| rollout/           |          |
|    ep_len_mean     | 392      |
|    ep_rew_mean     | 38.4     |
| time/              |          |
|    episodes        | 172      |
|    fps             | 273      |
|    time_elapsed    | 174      |
|    total_timesteps | 47839    |
| train/             |          |
|    actor_loss      | -38.8    |
|    critic_loss     | 20.5     |
|    ent_coef        | 0.122    |
|    ent_coef_loss   | -0.298   |
|    learning_rate   | 0.00066  |
|    n_updates       | 37838    |
---------------------------------
---------------------------------
| rollout/           |          |
|    ep_len_mean     | 408      |
|    ep_rew_mean     | 50       |
| time/              |          |
|    episodes        | 176      |
|    fps             | 270      |
|    time_elapsed    | 184      |
|    total_timesteps | 49855    |
| train/             |          |
|    actor_loss      | -39.4    |
|    critic_loss     | 17.5     |
|    ent_coef        | 0.121    |
|    ent_coef_loss   | 0.518    |
|    learning_rate   | 0.000657 |
|    n_updates       | 39854    |
---------------------------------
Eval num_timesteps=50000, episode_reward=199.77 +/- 115.38
Episode length: 386.40 +/- 222.10
---------------------------------
| eval/              |          |
|    mean_ep_length  | 386      |
|    mean_reward     | 200      |
| time/              |          |
|    total_timesteps | 50000    |
| train/             |          |
|    actor_loss      | -40.9    |
|    critic_loss     | 10.6     |
|    ent_coef        | 0.122    |
|    ent_coef_loss   | -0.348   |
|    learning_rate   | 0.000657 |
|    n_updates       | 39999    |
---------------------------------
New best mean reward!
---------------------------------
| rollout/           |          |
|    ep_len_mean     | 414      |
|    ep_rew_mean     | 67.4     |
| time/              |          |
|    episodes        | 180      |
|    fps             | 267      |
|    time_elapsed    | 190      |
|    total_timesteps | 50883    |
| train/             |          |
|    actor_loss      | -35.9    |
|    critic_loss     | 9.61     |
|    ent_coef        | 0.127    |
|    ent_coef_loss   | 0.22     |
|    learning_rate   | 0.000656 |
|    n_updates       | 40882    |
---------------------------------
---------------------------------
| rollout/           |          |
|    ep_len_mean     | 432      |
|    ep_rew_mean     | 78.6     |
| time/              |          |
|    episodes        | 184      |
|    fps             | 266      |
|    time_elapsed    | 199      |
|    total_timesteps | 53166    |
| train/             |          |
|    actor_loss      | -39.5    |
|    critic_loss     | 11.4     |
|    ent_coef        | 0.125    |
|    ent_coef_loss   | -0.661   |
|    learning_rate   | 0.000652 |
|    n_updates       | 43165    |
---------------------------------
---------------------------------
| rollout/           |          |
|    ep_len_mean     | 440      |
|    ep_rew_mean     | 93.4     |
| time/              |          |
|    episodes        | 188      |
|    fps             | 265      |
|    time_elapsed    | 204      |
|    total_timesteps | 54386    |
| train/             |          |
|    actor_loss      | -43.2    |
|    critic_loss     | 8.68     |
|    ent_coef        | 0.125    |
|    ent_coef_loss   | -0.862   |
|    learning_rate   | 0.000651 |
|    n_updates       | 44385    |
---------------------------------
---------------------------------
| rollout/           |          |
|    ep_len_mean     | 446      |
|    ep_rew_mean     | 110      |
| time/              |          |
|    episodes        | 192      |
|    fps             | 265      |
|    time_elapsed    | 209      |
|    total_timesteps | 55572    |
| train/             |          |
|    actor_loss      | -41.4    |
|    critic_loss     | 14.3     |
|    ent_coef        | 0.119    |
|    ent_coef_loss   | 0.379    |
|    learning_rate   | 0.000649 |
|    n_updates       | 45571    |
---------------------------------
---------------------------------
| rollout/           |          |
|    ep_len_mean     | 421      |
|    ep_rew_mean     | 120      |
| time/              |          |
|    episodes        | 196      |
|    fps             | 264      |
|    time_elapsed    | 213      |
|    total_timesteps | 56505    |
| train/             |          |
|    actor_loss      | -43      |
|    critic_loss     | 4.54     |
|    ent_coef        | 0.12     |
|    ent_coef_loss   | 0.718    |
|    learning_rate   | 0.000648 |
|    n_updates       | 46504    |
---------------------------------
---------------------------------
| rollout/           |          |
|    ep_len_mean     | 409      |
|    ep_rew_mean     | 122      |
| time/              |          |
|    episodes        | 200      |
|    fps             | 263      |
|    time_elapsed    | 219      |
|    total_timesteps | 57845    |
| train/             |          |
|    actor_loss      | -45.5    |
|    critic_loss     | 6.72     |
|    ent_coef        | 0.114    |
|    ent_coef_loss   | -0.603   |
|    learning_rate   | 0.000646 |
|    n_updates       | 47844    |
---------------------------------
---------------------------------
| rollout/           |          |
|    ep_len_mean     | 402      |
|    ep_rew_mean     | 133      |
| time/              |          |
|    episodes        | 204      |
|    fps             | 263      |
|    time_elapsed    | 225      |
|    total_timesteps | 59295    |
| train/             |          |
|    actor_loss      | -44.1    |
|    critic_loss     | 12.9     |
|    ent_coef        | 0.108    |
|    ent_coef_loss   | -0.137   |
|    learning_rate   | 0.000643 |
|    n_updates       | 49294    |
---------------------------------
Eval num_timesteps=60000, episode_reward=49.58 +/- 140.13
Episode length: 643.40 +/- 363.58
---------------------------------
| eval/              |          |
|    mean_ep_length  | 643      |
|    mean_reward     | 49.6     |
| time/              |          |
|    total_timesteps | 60000    |
| train/             |          |
|    actor_loss      | -49.5    |
|    critic_loss     | 7.98     |
|    ent_coef        | 0.109    |
|    ent_coef_loss   | 0.117    |
|    learning_rate   | 0.000642 |
|    n_updates       | 49999    |
---------------------------------
---------------------------------
| rollout/           |          |
|    ep_len_mean     | 399      |
|    ep_rew_mean     | 141      |
| time/              |          |
|    episodes        | 208      |
|    fps             | 260      |
|    time_elapsed    | 231      |
|    total_timesteps | 60296    |
| train/             |          |
|    actor_loss      | -45.6    |
|    critic_loss     | 13.3     |
|    ent_coef        | 0.111    |
|    ent_coef_loss   | -0.0494  |
|    learning_rate   | 0.000642 |
|    n_updates       | 50295    |
---------------------------------
---------------------------------
| rollout/           |          |
|    ep_len_mean     | 397      |
|    ep_rew_mean     | 139      |
| time/              |          |
|    episodes        | 212      |
|    fps             | 259      |
|    time_elapsed    | 236      |
|    total_timesteps | 61335    |
| train/             |          |
|    actor_loss      | -50.4    |
|    critic_loss     | 13.6     |
|    ent_coef        | 0.108    |
|    ent_coef_loss   | 0.364    |
|    learning_rate   | 0.00064  |
|    n_updates       | 51334    |
---------------------------------
---------------------------------
| rollout/           |          |
|    ep_len_mean     | 387      |
|    ep_rew_mean     | 150      |
| time/              |          |
|    episodes        | 216      |
|    fps             | 258      |
|    time_elapsed    | 241      |
|    total_timesteps | 62508    |
| train/             |          |
|    actor_loss      | -46.6    |
|    critic_loss     | 8.57     |
|    ent_coef        | 0.102    |
|    ent_coef_loss   | -0.551   |
|    learning_rate   | 0.000639 |
|    n_updates       | 52507    |
---------------------------------
---------------------------------
| rollout/           |          |
|    ep_len_mean     | 385      |
|    ep_rew_mean     | 163      |
| time/              |          |
|    episodes        | 220      |
|    fps             | 258      |
|    time_elapsed    | 246      |
|    total_timesteps | 63749    |
| train/             |          |
|    actor_loss      | -46.3    |
|    critic_loss     | 14.7     |
|    ent_coef        | 0.0925   |
|    ent_coef_loss   | 0.341    |
|    learning_rate   | 0.000637 |
|    n_updates       | 53748    |
---------------------------------
---------------------------------
| rollout/           |          |
|    ep_len_mean     | 382      |
|    ep_rew_mean     | 164      |
| time/              |          |
|    episodes        | 224      |
|    fps             | 258      |
|    time_elapsed    | 251      |
|    total_timesteps | 64965    |
| train/             |          |
|    actor_loss      | -46.9    |
|    critic_loss     | 17.9     |
|    ent_coef        | 0.0941   |
|    ent_coef_loss   | -0.569   |
|    learning_rate   | 0.000635 |
|    n_updates       | 54964    |
---------------------------------
---------------------------------
| rollout/           |          |
|    ep_len_mean     | 377      |
|    ep_rew_mean     | 174      |
| time/              |          |
|    episodes        | 228      |
|    fps             | 257      |
|    time_elapsed    | 256      |
|    total_timesteps | 66063    |
| train/             |          |
|    actor_loss      | -49.8    |
|    critic_loss     | 9.93     |
|    ent_coef        | 0.0858   |
|    ent_coef_loss   | 0.102    |
|    learning_rate   | 0.000634 |
|    n_updates       | 56062    |
---------------------------------
---------------------------------
| rollout/           |          |
|    ep_len_mean     | 372      |
|    ep_rew_mean     | 176      |
| time/              |          |
|    episodes        | 232      |
|    fps             | 257      |
|    time_elapsed    | 261      |
|    total_timesteps | 67285    |
| train/             |          |
|    actor_loss      | -48.8    |
|    critic_loss     | 7.86     |
|    ent_coef        | 0.0876   |
|    ent_coef_loss   | -0.629   |
|    learning_rate   | 0.000632 |
|    n_updates       | 57284    |
---------------------------------
---------------------------------
| rollout/           |          |
|    ep_len_mean     | 379      |
|    ep_rew_mean     | 183      |
| time/              |          |
|    episodes        | 236      |
|    fps             | 257      |
|    time_elapsed    | 268      |
|    total_timesteps | 69037    |
| train/             |          |
|    actor_loss      | -49.8    |
|    critic_loss     | 10.6     |
|    ent_coef        | 0.102    |
|    ent_coef_loss   | -0.17    |
|    learning_rate   | 0.000629 |
|    n_updates       | 59036    |
---------------------------------
Eval num_timesteps=70000, episode_reward=203.73 +/- 89.53
Episode length: 336.70 +/- 237.63
---------------------------------
| eval/              |          |
|    mean_ep_length  | 337      |
|    mean_reward     | 204      |
| time/              |          |
|    total_timesteps | 70000    |
| train/             |          |
|    actor_loss      | -49.5    |
|    critic_loss     | 27.2     |
|    ent_coef        | 0.106    |
|    ent_coef_loss   | -0.619   |
|    learning_rate   | 0.000628 |
|    n_updates       | 59999    |
---------------------------------
New best mean reward!
---------------------------------
| rollout/           |          |
|    ep_len_mean     | 370      |
|    ep_rew_mean     | 190      |
| time/              |          |
|    episodes        | 240      |
|    fps             | 255      |
|    time_elapsed    | 275      |
|    total_timesteps | 70464    |
| train/             |          |
|    actor_loss      | -43      |
|    critic_loss     | 13.6     |
|    ent_coef        | 0.101    |
|    ent_coef_loss   | -0.275   |
|    learning_rate   | 0.000627 |
|    n_updates       | 60463    |
---------------------------------
---------------------------------
| rollout/           |          |
|    ep_len_mean     | 361      |
|    ep_rew_mean     | 192      |
| time/              |          |
|    episodes        | 244      |
|    fps             | 255      |
|    time_elapsed    | 282      |
|    total_timesteps | 72074    |
| train/             |          |
|    actor_loss      | -47.1    |
|    critic_loss     | 8.29     |
|    ent_coef        | 0.102    |
|    ent_coef_loss   | 0.265    |
|    learning_rate   | 0.000625 |
|    n_updates       | 62073    |
---------------------------------
---------------------------------
| rollout/           |          |
|    ep_len_mean     | 354      |
|    ep_rew_mean     | 190      |
| time/              |          |
|    episodes        | 248      |
|    fps             | 254      |
|    time_elapsed    | 288      |
|    total_timesteps | 73428    |
| train/             |          |
|    actor_loss      | -44.6    |
|    critic_loss     | 10.8     |
|    ent_coef        | 0.0993   |
|    ent_coef_loss   | 0.357    |
|    learning_rate   | 0.000623 |
|    n_updates       | 63427    |
---------------------------------
---------------------------------
| rollout/           |          |
|    ep_len_mean     | 341      |
|    ep_rew_mean     | 185      |
| time/              |          |
|    episodes        | 252      |
|    fps             | 253      |
|    time_elapsed    | 292      |
|    total_timesteps | 74373    |
| train/             |          |
|    actor_loss      | -47.6    |
|    critic_loss     | 5.26     |
|    ent_coef        | 0.102    |
|    ent_coef_loss   | -0.233   |
|    learning_rate   | 0.000621 |
|    n_updates       | 64372    |
---------------------------------
---------------------------------
| rollout/           |          |
|    ep_len_mean     | 331      |
|    ep_rew_mean     | 185      |
| time/              |          |
|    episodes        | 256      |
|    fps             | 253      |
|    time_elapsed    | 297      |
|    total_timesteps | 75244    |
| train/             |          |
|    actor_loss      | -45.8    |
|    critic_loss     | 31.2     |
|    ent_coef        | 0.0958   |
|    ent_coef_loss   | -0.158   |
|    learning_rate   | 0.00062  |
|    n_updates       | 65243    |
---------------------------------
---------------------------------
| rollout/           |          |
|    ep_len_mean     | 317      |
|    ep_rew_mean     | 181      |
| time/              |          |
|    episodes        | 260      |
|    fps             | 252      |
|    time_elapsed    | 299      |
|    total_timesteps | 75811    |
| train/             |          |
|    actor_loss      | -45.9    |
|    critic_loss     | 11.2     |
|    ent_coef        | 0.0961   |
|    ent_coef_loss   | -0.389   |
|    learning_rate   | 0.000619 |
|    n_updates       | 65810    |
---------------------------------
---------------------------------
| rollout/           |          |
|    ep_len_mean     | 323      |
|    ep_rew_mean     | 184      |
| time/              |          |
|    episodes        | 264      |
|    fps             | 251      |
|    time_elapsed    | 307      |
|    total_timesteps | 77466    |
| train/             |          |
|    actor_loss      | -47.4    |
|    critic_loss     | 7.9      |
|    ent_coef        | 0.102    |
|    ent_coef_loss   | 0.0418   |
|    learning_rate   | 0.000617 |
|    n_updates       | 67465    |
---------------------------------
---------------------------------
| rollout/           |          |
|    ep_len_mean     | 318      |
|    ep_rew_mean     | 185      |
| time/              |          |
|    episodes        | 268      |
|    fps             | 250      |
|    time_elapsed    | 312      |
|    total_timesteps | 78504    |
| train/             |          |
|    actor_loss      | -46.7    |
|    critic_loss     | 19.2     |
|    ent_coef        | 0.103    |
|    ent_coef_loss   | -0.231   |
|    learning_rate   | 0.000615 |
|    n_updates       | 68503    |
---------------------------------
---------------------------------
| rollout/           |          |
|    ep_len_mean     | 317      |
|    ep_rew_mean     | 185      |
| time/              |          |
|    episodes        | 272      |
|    fps             | 250      |
|    time_elapsed    | 317      |
|    total_timesteps | 79526    |
| train/             |          |
|    actor_loss      | -47.5    |
|    critic_loss     | 20.2     |
|    ent_coef        | 0.0986   |
|    ent_coef_loss   | -0.229   |
|    learning_rate   | 0.000614 |
|    n_updates       | 69525    |
---------------------------------
Eval num_timesteps=80000, episode_reward=246.23 +/- 35.78
Episode length: 315.00 +/- 79.01
---------------------------------
| eval/              |          |
|    mean_ep_length  | 315      |
|    mean_reward     | 246      |
| time/              |          |
|    total_timesteps | 80000    |
| train/             |          |
|    actor_loss      | -49.3    |
|    critic_loss     | 9.5      |
|    ent_coef        | 0.0977   |
|    ent_coef_loss   | 0.507    |
|    learning_rate   | 0.000613 |
|    n_updates       | 69999    |
---------------------------------
New best mean reward!
---------------------------------
| rollout/           |          |
|    ep_len_mean     | 309      |
|    ep_rew_mean     | 189      |
| time/              |          |
|    episodes        | 276      |
|    fps             | 248      |
|    time_elapsed    | 324      |
|    total_timesteps | 80746    |
| train/             |          |
|    actor_loss      | -47.2    |
|    critic_loss     | 23       |
|    ent_coef        | 0.099    |
|    ent_coef_loss   | -0.0682  |
|    learning_rate   | 0.000612 |
|    n_updates       | 70745    |
---------------------------------
---------------------------------
| rollout/           |          |
|    ep_len_mean     | 310      |
|    ep_rew_mean     | 189      |
| time/              |          |
|    episodes        | 280      |
|    fps             | 247      |
|    time_elapsed    | 330      |
|    total_timesteps | 81866    |
| train/             |          |
|    actor_loss      | -49.1    |
|    critic_loss     | 5.36     |
|    ent_coef        | 0.106    |
|    ent_coef_loss   | 0.193    |
|    learning_rate   | 0.00061  |
|    n_updates       | 71865    |
---------------------------------
---------------------------------
| rollout/           |          |
|    ep_len_mean     | 300      |
|    ep_rew_mean     | 192      |
| time/              |          |
|    episodes        | 284      |
|    fps             | 247      |
|    time_elapsed    | 336      |
|    total_timesteps | 83211    |
| train/             |          |
|    actor_loss      | -48      |
|    critic_loss     | 15.8     |
|    ent_coef        | 0.109    |
|    ent_coef_loss   | 0.129    |
|    learning_rate   | 0.000609 |
|    n_updates       | 73210    |
---------------------------------
---------------------------------
| rollout/           |          |
|    ep_len_mean     | 302      |
|    ep_rew_mean     | 191      |
| time/              |          |
|    episodes        | 288      |
|    fps             | 247      |
|    time_elapsed    | 342      |
|    total_timesteps | 84604    |
| train/             |          |
|    actor_loss      | -47.5    |
|    critic_loss     | 8.44     |
|    ent_coef        | 0.1      |
|    ent_coef_loss   | -0.109   |
|    learning_rate   | 0.000606 |
|    n_updates       | 74603    |
---------------------------------
---------------------------------
| rollout/           |          |
|    ep_len_mean     | 304      |
|    ep_rew_mean     | 191      |
| time/              |          |
|    episodes        | 292      |
|    fps             | 246      |
|    time_elapsed    | 348      |
|    total_timesteps | 85985    |
| train/             |          |
|    actor_loss      | -52.3    |
|    critic_loss     | 27       |
|    ent_coef        | 0.103    |
|    ent_coef_loss   | 0.338    |
|    learning_rate   | 0.000604 |
|    n_updates       | 75984    |
---------------------------------
---------------------------------
| rollout/           |          |
|    ep_len_mean     | 305      |
|    ep_rew_mean     | 191      |
| time/              |          |
|    episodes        | 296      |
|    fps             | 246      |
|    time_elapsed    | 352      |
|    total_timesteps | 87043    |
| train/             |          |
|    actor_loss      | -51      |
|    critic_loss     | 10       |
|    ent_coef        | 0.105    |
|    ent_coef_loss   | 0.361    |
|    learning_rate   | 0.000603 |
|    n_updates       | 77042    |
---------------------------------
---------------------------------
| rollout/           |          |
|    ep_len_mean     | 306      |
|    ep_rew_mean     | 188      |
| time/              |          |
|    episodes        | 300      |
|    fps             | 246      |
|    time_elapsed    | 358      |
|    total_timesteps | 88412    |
| train/             |          |
|    actor_loss      | -50.9    |
|    critic_loss     | 8        |
|    ent_coef        | 0.0946   |
|    ent_coef_loss   | 0.275    |
|    learning_rate   | 0.000601 |
|    n_updates       | 78411    |
---------------------------------
---------------------------------
| rollout/           |          |
|    ep_len_mean     | 301      |
|    ep_rew_mean     | 189      |
| time/              |          |
|    episodes        | 304      |
|    fps             | 246      |
|    time_elapsed    | 362      |
|    total_timesteps | 89375    |
| train/             |          |
|    actor_loss      | -51.7    |
|    critic_loss     | 7.32     |
|    ent_coef        | 0.096    |
|    ent_coef_loss   | 0.102    |
|    learning_rate   | 0.0006   |
|    n_updates       | 79374    |
---------------------------------
Eval num_timesteps=90000, episode_reward=251.88 +/- 20.39
Episode length: 317.50 +/- 20.29
---------------------------------
| eval/              |          |
|    mean_ep_length  | 318      |
|    mean_reward     | 252      |
| time/              |          |
|    total_timesteps | 90000    |
| train/             |          |
|    actor_loss      | -50.6    |
|    critic_loss     | 30.2     |
|    ent_coef        | 0.0969   |
|    ent_coef_loss   | 0.188    |
|    learning_rate   | 0.000599 |
|    n_updates       | 79999    |
---------------------------------
New best mean reward!
---------------------------------
| rollout/           |          |
|    ep_len_mean     | 304      |
|    ep_rew_mean     | 192      |
| time/              |          |
|    episodes        | 308      |
|    fps             | 245      |
|    time_elapsed    | 369      |
|    total_timesteps | 90715    |
| train/             |          |
|    actor_loss      | -51.4    |
|    critic_loss     | 8.34     |
|    ent_coef        | 0.0939   |
|    ent_coef_loss   | 0.381    |
|    learning_rate   | 0.000598 |
|    n_updates       | 80714    |
---------------------------------
---------------------------------
| rollout/           |          |
|    ep_len_mean     | 306      |
|    ep_rew_mean     | 197      |
| time/              |          |
|    episodes        | 312      |
|    fps             | 245      |
|    time_elapsed    | 374      |
|    total_timesteps | 91899    |
| train/             |          |
|    actor_loss      | -51.7    |
|    critic_loss     | 20.4     |
|    ent_coef        | 0.0912   |
|    ent_coef_loss   | -0.465   |
|    learning_rate   | 0.000596 |
|    n_updates       | 81898    |
---------------------------------
---------------------------------
| rollout/           |          |
|    ep_len_mean     | 306      |
|    ep_rew_mean     | 194      |
| time/              |          |
|    episodes        | 316      |
|    fps             | 245      |
|    time_elapsed    | 379      |
|    total_timesteps | 93136    |
| train/             |          |
|    actor_loss      | -52.4    |
|    critic_loss     | 5.1      |
|    ent_coef        | 0.0912   |
|    ent_coef_loss   | 0.0134   |
|    learning_rate   | 0.000594 |
|    n_updates       | 83135    |
---------------------------------
---------------------------------
| rollout/           |          |
|    ep_len_mean     | 303      |
|    ep_rew_mean     | 193      |
| time/              |          |
|    episodes        | 320      |
|    fps             | 245      |
|    time_elapsed    | 383      |
|    total_timesteps | 94078    |
| train/             |          |
|    actor_loss      | -51.2    |
|    critic_loss     | 6.16     |
|    ent_coef        | 0.0851   |
|    ent_coef_loss   | 0.554    |
|    learning_rate   | 0.000593 |
|    n_updates       | 84077    |
---------------------------------
---------------------------------
| rollout/           |          |
|    ep_len_mean     | 299      |
|    ep_rew_mean     | 194      |
| time/              |          |
|    episodes        | 324      |
|    fps             | 245      |
|    time_elapsed    | 386      |
|    total_timesteps | 94909    |
| train/             |          |
|    actor_loss      | -50.2    |
|    critic_loss     | 9.7      |
|    ent_coef        | 0.0825   |
|    ent_coef_loss   | 0.543    |
|    learning_rate   | 0.000591 |
|    n_updates       | 84908    |
---------------------------------
---------------------------------
| rollout/           |          |
|    ep_len_mean     | 301      |
|    ep_rew_mean     | 194      |
| time/              |          |
|    episodes        | 328      |
|    fps             | 245      |
|    time_elapsed    | 391      |
|    total_timesteps | 96137    |
| train/             |          |
|    actor_loss      | -49.9    |
|    critic_loss     | 14       |
|    ent_coef        | 0.0841   |
|    ent_coef_loss   | -0.0235  |
|    learning_rate   | 0.00059  |
|    n_updates       | 86136    |
---------------------------------
---------------------------------
| rollout/           |          |
|    ep_len_mean     | 297      |
|    ep_rew_mean     | 194      |
| time/              |          |
|    episodes        | 332      |
|    fps             | 245      |
|    time_elapsed    | 395      |
|    total_timesteps | 97023    |
| train/             |          |
|    actor_loss      | -51.6    |
|    critic_loss     | 6.58     |
|    ent_coef        | 0.0804   |
|    ent_coef_loss   | -0.302   |
|    learning_rate   | 0.000588 |
|    n_updates       | 87022    |
---------------------------------
---------------------------------
| rollout/           |          |
|    ep_len_mean     | 290      |
|    ep_rew_mean     | 198      |
| time/              |          |
|    episodes        | 336      |
|    fps             | 245      |
|    time_elapsed    | 399      |
|    total_timesteps | 98046    |
| train/             |          |
|    actor_loss      | -52.6    |
|    critic_loss     | 14       |
|    ent_coef        | 0.0825   |
|    ent_coef_loss   | 0.15     |
|    learning_rate   | 0.000587 |
|    n_updates       | 88045    |
---------------------------------
---------------------------------
| rollout/           |          |
|    ep_len_mean     | 286      |
|    ep_rew_mean     | 208      |
| time/              |          |
|    episodes        | 340      |
|    fps             | 245      |
|    time_elapsed    | 404      |
|    total_timesteps | 99109    |
| train/             |          |
|    actor_loss      | -51.5    |
|    critic_loss     | 9.59     |
|    ent_coef        | 0.0871   |
|    ent_coef_loss   | -0.202   |
|    learning_rate   | 0.000585 |
|    n_updates       | 89108    |
---------------------------------
---------------------------------
| rollout/           |          |
|    ep_len_mean     | 279      |
|    ep_rew_mean     | 209      |
| time/              |          |
|    episodes        | 344      |
|    fps             | 245      |
|    time_elapsed    | 408      |
|    total_timesteps | 99985    |
| train/             |          |
|    actor_loss      | -51.4    |
|    critic_loss     | 9.39     |
|    ent_coef        | 0.0842   |
|    ent_coef_loss   | 0.0145   |
|    learning_rate   | 0.000584 |
|    n_updates       | 89984    |
---------------------------------
Eval num_timesteps=100000, episode_reward=265.49 +/- 17.59
Episode length: 333.80 +/- 179.89
---------------------------------
| eval/              |          |
|    mean_ep_length  | 334      |
|    mean_reward     | 265      |
| time/              |          |
|    total_timesteps | 100000   |
| train/             |          |
|    actor_loss      | -51.7    |
|    critic_loss     | 4.84     |
|    ent_coef        | 0.0842   |
|    ent_coef_loss   | -0.651   |
|    learning_rate   | 0.000584 |
|    n_updates       | 89999    |
---------------------------------
New best mean reward!
---------------------------------
| rollout/           |          |
|    ep_len_mean     | 275      |
|    ep_rew_mean     | 210      |
| time/              |          |
|    episodes        | 348      |
|    fps             | 244      |
|    time_elapsed    | 412      |
|    total_timesteps | 100897   |
| train/             |          |
|    actor_loss      | -50.8    |
|    critic_loss     | 9.47     |
|    ent_coef        | 0.0887   |
|    ent_coef_loss   | -0.301   |
|    learning_rate   | 0.000583 |
|    n_updates       | 90896    |
---------------------------------
---------------------------------
| rollout/           |          |
|    ep_len_mean     | 276      |
|    ep_rew_mean     | 218      |
| time/              |          |
|    episodes        | 352      |
|    fps             | 244      |
|    time_elapsed    | 417      |
|    total_timesteps | 101927   |
| train/             |          |
|    actor_loss      | -53.9    |
|    critic_loss     | 10.3     |
|    ent_coef        | 0.0804   |
|    ent_coef_loss   | -0.757   |
|    learning_rate   | 0.000581 |
|    n_updates       | 91926    |
---------------------------------
---------------------------------
| rollout/           |          |
|    ep_len_mean     | 276      |
|    ep_rew_mean     | 226      |
| time/              |          |
|    episodes        | 356      |
|    fps             | 244      |
|    time_elapsed    | 421      |
|    total_timesteps | 102812   |
| train/             |          |
|    actor_loss      | -53.8    |
|    critic_loss     | 12       |
|    ent_coef        | 0.0776   |
|    ent_coef_loss   | -0.53    |
|    learning_rate   | 0.00058  |
|    n_updates       | 92811    |
---------------------------------
---------------------------------
| rollout/           |          |
|    ep_len_mean     | 282      |
|    ep_rew_mean     | 235      |
| time/              |          |
|    episodes        | 360      |
|    fps             | 244      |
|    time_elapsed    | 425      |
|    total_timesteps | 103975   |
| train/             |          |
|    actor_loss      | -55.8    |
|    critic_loss     | 10.2     |
|    ent_coef        | 0.0781   |
|    ent_coef_loss   | -0.659   |
|    learning_rate   | 0.000578 |
|    n_updates       | 93974    |
---------------------------------
---------------------------------
| rollout/           |          |
|    ep_len_mean     | 284      |
|    ep_rew_mean     | 238      |
| time/              |          |
|    episodes        | 364      |
|    fps             | 244      |
|    time_elapsed    | 433      |
|    total_timesteps | 105889   |
| train/             |          |
|    actor_loss      | -50.3    |
|    critic_loss     | 8.97     |
|    ent_coef        | 0.0772   |
|    ent_coef_loss   | 0.135    |
|    learning_rate   | 0.000575 |
|    n_updates       | 95888    |
---------------------------------
---------------------------------
| rollout/           |          |
|    ep_len_mean     | 290      |
|    ep_rew_mean     | 237      |
| time/              |          |
|    episodes        | 368      |
|    fps             | 243      |
|    time_elapsed    | 441      |
|    total_timesteps | 107465   |
| train/             |          |
|    actor_loss      | -54.7    |
|    critic_loss     | 3.03     |
|    ent_coef        | 0.0788   |
|    ent_coef_loss   | -0.239   |
|    learning_rate   | 0.000573 |
|    n_updates       | 97464    |
---------------------------------
---------------------------------
| rollout/           |          |
|    ep_len_mean     | 288      |
|    ep_rew_mean     | 240      |
| time/              |          |
|    episodes        | 372      |
|    fps             | 243      |
|    time_elapsed    | 445      |
|    total_timesteps | 108367   |
| train/             |          |
|    actor_loss      | -53.2    |
|    critic_loss     | 6.27     |
|    ent_coef        | 0.0717   |
|    ent_coef_loss   | -0.763   |
|    learning_rate   | 0.000572 |
|    n_updates       | 98366    |
---------------------------------
---------------------------------
| rollout/           |          |
|    ep_len_mean     | 292      |
|    ep_rew_mean     | 239      |
| time/              |          |
|    episodes        | 376      |
|    fps             | 242      |
|    time_elapsed    | 453      |
|    total_timesteps | 109898   |
| train/             |          |
|    actor_loss      | -51.6    |
|    critic_loss     | 13.7     |
|    ent_coef        | 0.0748   |
|    ent_coef_loss   | -0.121   |
|    learning_rate   | 0.00057  |
|    n_updates       | 99897    |
---------------------------------
Eval num_timesteps=110000, episode_reward=212.60 +/- 95.67
Episode length: 215.50 +/- 56.03
---------------------------------
| eval/              |          |
|    mean_ep_length  | 216      |
|    mean_reward     | 213      |
| time/              |          |
|    total_timesteps | 110000   |
| train/             |          |
|    actor_loss      | -53.5    |
|    critic_loss     | 7.37     |
|    ent_coef        | 0.074    |
|    ent_coef_loss   | 0.926    |
|    learning_rate   | 0.000569 |
|    n_updates       | 99999    |
---------------------------------
---------------------------------
| rollout/           |          |
|    ep_len_mean     | 293      |
|    ep_rew_mean     | 237      |
| time/              |          |
|    episodes        | 380      |
|    fps             | 241      |
|    time_elapsed    | 459      |
|    total_timesteps | 111181   |
| train/             |          |
|    actor_loss      | -55.2    |
|    critic_loss     | 5.68     |
|    ent_coef        | 0.0724   |
|    ent_coef_loss   | 0.392    |
|    learning_rate   | 0.000568 |
|    n_updates       | 101180   |
---------------------------------
---------------------------------
| rollout/           |          |
|    ep_len_mean     | 289      |
|    ep_rew_mean     | 233      |
| time/              |          |
|    episodes        | 384      |
|    fps             | 241      |
|    time_elapsed    | 464      |
|    total_timesteps | 112125   |
| train/             |          |
|    actor_loss      | -56.4    |
|    critic_loss     | 41.4     |
|    ent_coef        | 0.0764   |
|    ent_coef_loss   | 0.342    |
|    learning_rate   | 0.000566 |
|    n_updates       | 102124   |
---------------------------------
---------------------------------
| rollout/           |          |
|    ep_len_mean     | 287      |
|    ep_rew_mean     | 226      |
| time/              |          |
|    episodes        | 388      |
|    fps             | 240      |
|    time_elapsed    | 470      |
|    total_timesteps | 113276   |
| train/             |          |
|    actor_loss      | -54.8    |
|    critic_loss     | 7.35     |
|    ent_coef        | 0.0705   |
|    ent_coef_loss   | -0.458   |
|    learning_rate   | 0.000565 |
|    n_updates       | 103275   |
---------------------------------
---------------------------------
| rollout/           |          |
|    ep_len_mean     | 282      |
|    ep_rew_mean     | 223      |
| time/              |          |
|    episodes        | 392      |
|    fps             | 240      |
|    time_elapsed    | 474      |
|    total_timesteps | 114166   |
| train/             |          |
|    actor_loss      | -56.3    |
|    critic_loss     | 22.4     |
|    ent_coef        | 0.0692   |
|    ent_coef_loss   | 0.462    |
|    learning_rate   | 0.000563 |
|    n_updates       | 104165   |
---------------------------------
---------------------------------
| rollout/           |          |
|    ep_len_mean     | 277      |
|    ep_rew_mean     | 215      |
| time/              |          |
|    episodes        | 396      |
|    fps             | 240      |
|    time_elapsed    | 477      |
|    total_timesteps | 114770   |
| train/             |          |
|    actor_loss      | -58      |
|    critic_loss     | 5.11     |
|    ent_coef        | 0.0706   |
|    ent_coef_loss   | -0.256   |
|    learning_rate   | 0.000562 |
|    n_updates       | 104769   |
---------------------------------
---------------------------------
| rollout/           |          |
|    ep_len_mean     | 271      |
|    ep_rew_mean     | 209      |
| time/              |          |
|    episodes        | 400      |
|    fps             | 240      |
|    time_elapsed    | 480      |
|    total_timesteps | 115528   |
| train/             |          |
|    actor_loss      | -52.7    |
|    critic_loss     | 10.8     |
|    ent_coef        | 0.0665   |
|    ent_coef_loss   | 0.0201   |
|    learning_rate   | 0.000561 |
|    n_updates       | 105527   |
---------------------------------
---------------------------------
| rollout/           |          |
|    ep_len_mean     | 270      |
|    ep_rew_mean     | 209      |
| time/              |          |
|    episodes        | 404      |
|    fps             | 239      |
|    time_elapsed    | 485      |
|    total_timesteps | 116377   |
| train/             |          |
|    actor_loss      | -56.4    |
|    critic_loss     | 8.4      |
|    ent_coef        | 0.0706   |
|    ent_coef_loss   | 0.208    |
|    learning_rate   | 0.00056  |
|    n_updates       | 106376   |
---------------------------------
---------------------------------
| rollout/           |          |
|    ep_len_mean     | 264      |
|    ep_rew_mean     | 207      |
| time/              |          |
|    episodes        | 408      |
|    fps             | 239      |
|    time_elapsed    | 488      |
|    total_timesteps | 117131   |
| train/             |          |
|    actor_loss      | -53.9    |
|    critic_loss     | 12.6     |
|    ent_coef        | 0.0683   |
|    ent_coef_loss   | -0.119   |
|    learning_rate   | 0.000559 |
|    n_updates       | 107130   |
---------------------------------
---------------------------------
| rollout/           |          |
|    ep_len_mean     | 262      |
|    ep_rew_mean     | 204      |
| time/              |          |
|    episodes        | 412      |
|    fps             | 239      |
|    time_elapsed    | 492      |
|    total_timesteps | 118049   |
| train/             |          |
|    actor_loss      | -53.6    |
|    critic_loss     | 13.9     |
|    ent_coef        | 0.0683   |
|    ent_coef_loss   | 0.404    |
|    learning_rate   | 0.000558 |
|    n_updates       | 108048   |
---------------------------------
---------------------------------
| rollout/           |          |
|    ep_len_mean     | 265      |
|    ep_rew_mean     | 207      |
| time/              |          |
|    episodes        | 416      |
|    fps             | 239      |
|    time_elapsed    | 499      |
|    total_timesteps | 119674   |
| train/             |          |
|    actor_loss      | -52.7    |
|    critic_loss     | 6.51     |
|    ent_coef        | 0.0687   |
|    ent_coef_loss   | 0.491    |
|    learning_rate   | 0.000555 |
|    n_updates       | 109673   |
---------------------------------
Eval num_timesteps=120000, episode_reward=243.53 +/- 74.73
Episode length: 335.60 +/- 227.24
---------------------------------
| eval/              |          |
|    mean_ep_length  | 336      |
|    mean_reward     | 244      |
| time/              |          |
|    total_timesteps | 120000   |
| train/             |          |
|    actor_loss      | -57.2    |
|    critic_loss     | 6.96     |
|    ent_coef        | 0.0688   |
|    ent_coef_loss   | -0.539   |
|    learning_rate   | 0.000555 |
|    n_updates       | 109999   |
---------------------------------
---------------------------------
| rollout/           |          |
|    ep_len_mean     | 264      |
|    ep_rew_mean     | 204      |
| time/              |          |
|    episodes        | 420      |
|    fps             | 238      |
|    time_elapsed    | 504      |
|    total_timesteps | 120515   |
| train/             |          |
|    actor_loss      | -53.6    |
|    critic_loss     | 14.2     |
|    ent_coef        | 0.0698   |
|    ent_coef_loss   | -0.185   |
|    learning_rate   | 0.000554 |
|    n_updates       | 110514   |
---------------------------------
---------------------------------
| rollout/           |          |
|    ep_len_mean     | 265      |
|    ep_rew_mean     | 206      |
| time/              |          |
|    episodes        | 424      |
|    fps             | 238      |
|    time_elapsed    | 509      |
|    total_timesteps | 121454   |
| train/             |          |
|    actor_loss      | -54.5    |
|    critic_loss     | 3.9      |
|    ent_coef        | 0.0732   |
|    ent_coef_loss   | -1.09    |
|    learning_rate   | 0.000553 |
|    n_updates       | 111453   |
---------------------------------
---------------------------------
| rollout/           |          |
|    ep_len_mean     | 262      |
|    ep_rew_mean     | 203      |
| time/              |          |
|    episodes        | 428      |
|    fps             | 238      |
|    time_elapsed    | 513      |
|    total_timesteps | 122358   |
| train/             |          |
|    actor_loss      | -53.4    |
|    critic_loss     | 11.7     |
|    ent_coef        | 0.0707   |
|    ent_coef_loss   | 0.595    |
|    learning_rate   | 0.000551 |
|    n_updates       | 112357   |
---------------------------------
---------------------------------
| rollout/           |          |
|    ep_len_mean     | 262      |
|    ep_rew_mean     | 205      |
| time/              |          |
|    episodes        | 432      |
|    fps             | 237      |
|    time_elapsed    | 517      |
|    total_timesteps | 123273   |
| train/             |          |
|    actor_loss      | -54.3    |
|    critic_loss     | 7.85     |
|    ent_coef        | 0.0733   |
|    ent_coef_loss   | 0.201    |
|    learning_rate   | 0.00055  |
|    n_updates       | 113272   |
---------------------------------
---------------------------------
| rollout/           |          |
|    ep_len_mean     | 268      |
|    ep_rew_mean     | 202      |
| time/              |          |
|    episodes        | 436      |
|    fps             | 237      |
|    time_elapsed    | 525      |
|    total_timesteps | 124877   |
| train/             |          |
|    actor_loss      | -55.6    |
|    critic_loss     | 10.6     |
|    ent_coef        | 0.0747   |
|    ent_coef_loss   | -0.616   |
|    learning_rate   | 0.000548 |
|    n_updates       | 114876   |
---------------------------------
---------------------------------
| rollout/           |          |
|    ep_len_mean     | 270      |
|    ep_rew_mean     | 200      |
| time/              |          |
|    episodes        | 440      |
|    fps             | 237      |
|    time_elapsed    | 531      |
|    total_timesteps | 126130   |
| train/             |          |
|    actor_loss      | -52.5    |
|    critic_loss     | 20.7     |
|    ent_coef        | 0.0729   |
|    ent_coef_loss   | 0.265    |
|    learning_rate   | 0.000546 |
|    n_updates       | 116129   |
---------------------------------
---------------------------------
| rollout/           |          |
|    ep_len_mean     | 271      |
|    ep_rew_mean     | 202      |
| time/              |          |
|    episodes        | 444      |
|    fps             | 237      |
|    time_elapsed    | 535      |
|    total_timesteps | 127036   |
| train/             |          |
|    actor_loss      | -53.6    |
|    critic_loss     | 15.2     |
|    ent_coef        | 0.0702   |
|    ent_coef_loss   | 0.153    |
|    learning_rate   | 0.000545 |
|    n_updates       | 117035   |
---------------------------------
---------------------------------
| rollout/           |          |
|    ep_len_mean     | 271      |
|    ep_rew_mean     | 205      |
| time/              |          |
|    episodes        | 448      |
|    fps             | 237      |
|    time_elapsed    | 539      |
|    total_timesteps | 127973   |
| train/             |          |
|    actor_loss      | -53.4    |
|    critic_loss     | 6.95     |
|    ent_coef        | 0.0697   |
|    ent_coef_loss   | -0.285   |
|    learning_rate   | 0.000543 |
|    n_updates       | 117972   |
---------------------------------
---------------------------------
| rollout/           |          |
|    ep_len_mean     | 274      |
|    ep_rew_mean     | 202      |
| time/              |          |
|    episodes        | 452      |
|    fps             | 237      |
|    time_elapsed    | 545      |
|    total_timesteps | 129317   |
| train/             |          |
|    actor_loss      | -54.3    |
|    critic_loss     | 9.82     |
|    ent_coef        | 0.0715   |
|    ent_coef_loss   | 0.114    |
|    learning_rate   | 0.000541 |
|    n_updates       | 119316   |
---------------------------------
Eval num_timesteps=130000, episode_reward=257.21 +/- 66.17
Episode length: 296.00 +/- 231.36
---------------------------------
| eval/              |          |
|    mean_ep_length  | 296      |
|    mean_reward     | 257      |
| time/              |          |
|    total_timesteps | 130000   |
| train/             |          |
|    actor_loss      | -54.8    |
|    critic_loss     | 4.72     |
|    ent_coef        | 0.0728   |
|    ent_coef_loss   | 0.498    |
|    learning_rate   | 0.00054  |
|    n_updates       | 119999   |
---------------------------------
---------------------------------
| rollout/           |          |
|    ep_len_mean     | 278      |
|    ep_rew_mean     | 201      |
| time/              |          |
|    episodes        | 456      |
|    fps             | 236      |
|    time_elapsed    | 551      |
|    total_timesteps | 130660   |
| train/             |          |
|    actor_loss      | -55.5    |
|    critic_loss     | 19.6     |
|    ent_coef        | 0.0776   |
|    ent_coef_loss   | -0.16    |
|    learning_rate   | 0.000539 |
|    n_updates       | 120659   |
---------------------------------
---------------------------------
| rollout/           |          |
|    ep_len_mean     | 278      |
|    ep_rew_mean     | 200      |
| time/              |          |
|    episodes        | 460      |
|    fps             | 236      |
|    time_elapsed    | 556      |
|    total_timesteps | 131751   |
| train/             |          |
|    actor_loss      | -57.4    |
|    critic_loss     | 4.48     |
|    ent_coef        | 0.0736   |
|    ent_coef_loss   | -0.327   |
|    learning_rate   | 0.000538 |
|    n_updates       | 121750   |
---------------------------------
---------------------------------
| rollout/           |          |
|    ep_len_mean     | 268      |
|    ep_rew_mean     | 204      |
| time/              |          |
|    episodes        | 464      |
|    fps             | 236      |
|    time_elapsed    | 560      |
|    total_timesteps | 132721   |
| train/             |          |
|    actor_loss      | -54.7    |
|    critic_loss     | 8.23     |
|    ent_coef        | 0.0713   |
|    ent_coef_loss   | 0.679    |
|    learning_rate   | 0.000536 |
|    n_updates       | 122720   |
---------------------------------
---------------------------------
| rollout/           |          |
|    ep_len_mean     | 260      |
|    ep_rew_mean     | 201      |
| time/              |          |
|    episodes        | 468      |
|    fps             | 236      |
|    time_elapsed    | 563      |
|    total_timesteps | 133507   |
| train/             |          |
|    actor_loss      | -55.6    |
|    critic_loss     | 16.5     |
|    ent_coef        | 0.0746   |
|    ent_coef_loss   | 0.741    |
|    learning_rate   | 0.000535 |
|    n_updates       | 123506   |
---------------------------------
---------------------------------
| rollout/           |          |
|    ep_len_mean     | 264      |
|    ep_rew_mean     | 199      |
| time/              |          |
|    episodes        | 472      |
|    fps             | 236      |
|    time_elapsed    | 568      |
|    total_timesteps | 134810   |
| train/             |          |
|    actor_loss      | -56.8    |
|    critic_loss     | 8.69     |
|    ent_coef        | 0.0752   |
|    ent_coef_loss   | -0.169   |
|    learning_rate   | 0.000533 |
|    n_updates       | 124809   |
---------------------------------
---------------------------------
| rollout/           |          |
|    ep_len_mean     | 257      |
|    ep_rew_mean     | 200      |
| time/              |          |
|    episodes        | 476      |
|    fps             | 236      |
|    time_elapsed    | 572      |
|    total_timesteps | 135570   |
| train/             |          |
|    actor_loss      | -56.7    |
|    critic_loss     | 8.13     |
|    ent_coef        | 0.08     |
|    ent_coef_loss   | 0.337    |
|    learning_rate   | 0.000532 |
|    n_updates       | 125569   |
---------------------------------
---------------------------------
| rollout/           |          |
|    ep_len_mean     | 252      |
|    ep_rew_mean     | 200      |
| time/              |          |
|    episodes        | 480      |
|    fps             | 236      |
|    time_elapsed    | 575      |
|    total_timesteps | 136354   |
| train/             |          |
|    actor_loss      | -57.1    |
|    critic_loss     | 8        |
|    ent_coef        | 0.0814   |
|    ent_coef_loss   | -0.919   |
|    learning_rate   | 0.000531 |
|    n_updates       | 126353   |
---------------------------------
---------------------------------
| rollout/           |          |
|    ep_len_mean     | 253      |
|    ep_rew_mean     | 204      |
| time/              |          |
|    episodes        | 484      |
|    fps             | 236      |
|    time_elapsed    | 580      |
|    total_timesteps | 137414   |
| train/             |          |
|    actor_loss      | -60      |
|    critic_loss     | 7.37     |
|    ent_coef        | 0.0799   |
|    ent_coef_loss   | 0.201    |
|    learning_rate   | 0.000529 |
|    n_updates       | 127413   |
---------------------------------
---------------------------------
| rollout/           |          |
|    ep_len_mean     | 258      |
|    ep_rew_mean     | 210      |
| time/              |          |
|    episodes        | 488      |
|    fps             | 236      |
|    time_elapsed    | 586      |
|    total_timesteps | 139029   |
| train/             |          |
|    actor_loss      | -56      |
|    critic_loss     | 20.3     |
|    ent_coef        | 0.0758   |
|    ent_coef_loss   | 0.651    |
|    learning_rate   | 0.000527 |
|    n_updates       | 129028   |
---------------------------------
---------------------------------
| rollout/           |          |
|    ep_len_mean     | 257      |
|    ep_rew_mean     | 213      |
| time/              |          |
|    episodes        | 492      |
|    fps             | 236      |
|    time_elapsed    | 590      |
|    total_timesteps | 139874   |
| train/             |          |
|    actor_loss      | -55.1    |
|    critic_loss     | 18.1     |
|    ent_coef        | 0.0816   |
|    ent_coef_loss   | -0.133   |
|    learning_rate   | 0.000526 |
|    n_updates       | 129873   |
---------------------------------
Eval num_timesteps=140000, episode_reward=251.56 +/- 70.07
Episode length: 318.20 +/- 228.71
---------------------------------
| eval/              |          |
|    mean_ep_length  | 318      |
|    mean_reward     | 252      |
| time/              |          |
|    total_timesteps | 140000   |
| train/             |          |
|    actor_loss      | -56.9    |
|    critic_loss     | 14.9     |
|    ent_coef        | 0.0808   |
|    ent_coef_loss   | 0.0401   |
|    learning_rate   | 0.000526 |
|    n_updates       | 129999   |
---------------------------------
---------------------------------
| rollout/           |          |
|    ep_len_mean     | 260      |
|    ep_rew_mean     | 223      |
| time/              |          |
|    episodes        | 496      |
|    fps             | 236      |
|    time_elapsed    | 595      |
|    total_timesteps | 140769   |
| train/             |          |
|    actor_loss      | -54.4    |
|    critic_loss     | 54       |
|    ent_coef        | 0.0811   |
|    ent_coef_loss   | 0.561    |
|    learning_rate   | 0.000524 |
|    n_updates       | 130768   |
---------------------------------
---------------------------------
| rollout/           |          |
|    ep_len_mean     | 262      |
|    ep_rew_mean     | 232      |
| time/              |          |
|    episodes        | 500      |
|    fps             | 236      |
|    time_elapsed    | 600      |
|    total_timesteps | 141691   |
| train/             |          |
|    actor_loss      | -56.7    |
|    critic_loss     | 9.03     |
|    ent_coef        | 0.0764   |
|    ent_coef_loss   | 0.345    |
|    learning_rate   | 0.000523 |
|    n_updates       | 131690   |
---------------------------------
---------------------------------
| rollout/           |          |
|    ep_len_mean     | 263      |
|    ep_rew_mean     | 233      |
| time/              |          |
|    episodes        | 504      |
|    fps             | 236      |
|    time_elapsed    | 604      |
|    total_timesteps | 142640   |
| train/             |          |
|    actor_loss      | -57.1    |
|    critic_loss     | 7.94     |
|    ent_coef        | 0.0772   |
|    ent_coef_loss   | -0.0242  |
|    learning_rate   | 0.000522 |
|    n_updates       | 132639   |
---------------------------------
---------------------------------
| rollout/           |          |
|    ep_len_mean     | 265      |
|    ep_rew_mean     | 230      |
| time/              |          |
|    episodes        | 508      |
|    fps             | 235      |
|    time_elapsed    | 608      |
|    total_timesteps | 143645   |
| train/             |          |
|    actor_loss      | -59.1    |
|    critic_loss     | 4.21     |
|    ent_coef        | 0.0779   |
|    ent_coef_loss   | 0.183    |
|    learning_rate   | 0.00052  |
|    n_updates       | 133644   |
---------------------------------
---------------------------------
| rollout/           |          |
|    ep_len_mean     | 266      |
|    ep_rew_mean     | 233      |
| time/              |          |
|    episodes        | 512      |
|    fps             | 235      |
|    time_elapsed    | 613      |
|    total_timesteps | 144645   |
| train/             |          |
|    actor_loss      | -55.2    |
|    critic_loss     | 7.23     |
|    ent_coef        | 0.0812   |
|    ent_coef_loss   | -0.366   |
|    learning_rate   | 0.000519 |
|    n_updates       | 134644   |
---------------------------------
---------------------------------
| rollout/           |          |
|    ep_len_mean     | 259      |
|    ep_rew_mean     | 234      |
| time/              |          |
|    episodes        | 516      |
|    fps             | 235      |
|    time_elapsed    | 617      |
|    total_timesteps | 145606   |
| train/             |          |
|    actor_loss      | -54.3    |
|    critic_loss     | 6.33     |
|    ent_coef        | 0.0771   |
|    ent_coef_loss   | 0.18     |
|    learning_rate   | 0.000517 |
|    n_updates       | 135605   |
---------------------------------
---------------------------------
| rollout/           |          |
|    ep_len_mean     | 261      |
|    ep_rew_mean     | 238      |
| time/              |          |
|    episodes        | 520      |
|    fps             | 235      |
|    time_elapsed    | 621      |
|    total_timesteps | 146618   |
| train/             |          |
|    actor_loss      | -59.8    |
|    critic_loss     | 16.7     |
|    ent_coef        | 0.0821   |
|    ent_coef_loss   | -0.407   |
|    learning_rate   | 0.000516 |
|    n_updates       | 136617   |
---------------------------------
---------------------------------
| rollout/           |          |
|    ep_len_mean     | 261      |
|    ep_rew_mean     | 236      |
| time/              |          |
|    episodes        | 524      |
|    fps             | 235      |
|    time_elapsed    | 625      |
|    total_timesteps | 147570   |
| train/             |          |
|    actor_loss      | -58.1    |
|    critic_loss     | 7.23     |
|    ent_coef        | 0.074    |
|    ent_coef_loss   | 0.425    |
|    learning_rate   | 0.000515 |
|    n_updates       | 137569   |
---------------------------------
---------------------------------
| rollout/           |          |
|    ep_len_mean     | 261      |
|    ep_rew_mean     | 239      |
| time/              |          |
|    episodes        | 528      |
|    fps             | 235      |
|    time_elapsed    | 629      |
|    total_timesteps | 148506   |
| train/             |          |
|    actor_loss      | -56.2    |
|    critic_loss     | 6.53     |
|    ent_coef        | 0.0761   |
|    ent_coef_loss   | 0.329    |
|    learning_rate   | 0.000513 |
|    n_updates       | 138505   |
---------------------------------
---------------------------------
| rollout/           |          |
|    ep_len_mean     | 261      |
|    ep_rew_mean     | 239      |
| time/              |          |
|    episodes        | 532      |
|    fps             | 235      |
|    time_elapsed    | 633      |
|    total_timesteps | 149406   |
| train/             |          |
|    actor_loss      | -59.1    |
|    critic_loss     | 4.78     |
|    ent_coef        | 0.0727   |
|    ent_coef_loss   | 0.403    |
|    learning_rate   | 0.000512 |
|    n_updates       | 139405   |
---------------------------------
Eval num_timesteps=150000, episode_reward=270.54 +/- 26.86
Episode length: 219.50 +/- 51.19
---------------------------------
| eval/              |          |
|    mean_ep_length  | 220      |
|    mean_reward     | 271      |
| time/              |          |
|    total_timesteps | 150000   |
| train/             |          |
|    actor_loss      | -57.5    |
|    critic_loss     | 13       |
|    ent_coef        | 0.0739   |
|    ent_coef_loss   | 0.267    |
|    learning_rate   | 0.000511 |
|    n_updates       | 139999   |
---------------------------------
New best mean reward!
---------------------------------
| rollout/           |          |
|    ep_len_mean     | 254      |
|    ep_rew_mean     | 242      |
| time/              |          |
|    episodes        | 536      |
|    fps             | 235      |
|    time_elapsed    | 637      |
|    total_timesteps | 150279   |
| train/             |          |
|    actor_loss      | -56.8    |
|    critic_loss     | 4.06     |
|    ent_coef        | 0.0765   |
|    ent_coef_loss   | 0.208    |
|    learning_rate   | 0.000511 |
|    n_updates       | 140278   |
---------------------------------
---------------------------------
| rollout/           |          |
|    ep_len_mean     | 249      |
|    ep_rew_mean     | 242      |
| time/              |          |
|    episodes        | 540      |
|    fps             | 235      |
|    time_elapsed    | 641      |
|    total_timesteps | 151070   |
| train/             |          |
|    actor_loss      | -58.1    |
|    critic_loss     | 5.81     |
|    ent_coef        | 0.0792   |
|    ent_coef_loss   | -0.353   |
|    learning_rate   | 0.000509 |
|    n_updates       | 141069   |
---------------------------------
---------------------------------
| rollout/           |          |
|    ep_len_mean     | 252      |
|    ep_rew_mean     | 242      |
| time/              |          |
|    episodes        | 544      |
|    fps             | 235      |
|    time_elapsed    | 645      |
|    total_timesteps | 152190   |
| train/             |          |
|    actor_loss      | -56.6    |
|    critic_loss     | 6.38     |
|    ent_coef        | 0.0765   |
|    ent_coef_loss   | -0.249   |
|    learning_rate   | 0.000508 |
|    n_updates       | 142189   |
---------------------------------
---------------------------------
| rollout/           |          |
|    ep_len_mean     | 251      |
|    ep_rew_mean     | 242      |
| time/              |          |
|    episodes        | 548      |
|    fps             | 235      |
|    time_elapsed    | 649      |
|    total_timesteps | 153041   |
| train/             |          |
|    actor_loss      | -57.7    |
|    critic_loss     | 16.4     |
|    ent_coef        | 0.0856   |
|    ent_coef_loss   | 0.275    |
|    learning_rate   | 0.000507 |
|    n_updates       | 143040   |
---------------------------------
---------------------------------
| rollout/           |          |
|    ep_len_mean     | 246      |
|    ep_rew_mean     | 246      |
| time/              |          |
|    episodes        | 552      |
|    fps             | 235      |
|    time_elapsed    | 653      |
|    total_timesteps | 153910   |
| train/             |          |
|    actor_loss      | -56.3    |
|    critic_loss     | 11.4     |
|    ent_coef        | 0.0816   |
|    ent_coef_loss   | 0.735    |
|    learning_rate   | 0.000505 |
|    n_updates       | 143909   |
---------------------------------
---------------------------------
| rollout/           |          |
|    ep_len_mean     | 242      |
|    ep_rew_mean     | 247      |
| time/              |          |
|    episodes        | 556      |
|    fps             | 235      |
|    time_elapsed    | 657      |
|    total_timesteps | 154815   |
| train/             |          |
|    actor_loss      | -58.1    |
|    critic_loss     | 10.4     |
|    ent_coef        | 0.0776   |
|    ent_coef_loss   | -0.23    |
|    learning_rate   | 0.000504 |
|    n_updates       | 144814   |
---------------------------------
---------------------------------
| rollout/           |          |
|    ep_len_mean     | 238      |
|    ep_rew_mean     | 246      |
| time/              |          |
|    episodes        | 560      |
|    fps             | 235      |
|    time_elapsed    | 661      |
|    total_timesteps | 155596   |
| train/             |          |
|    actor_loss      | -57.8    |
|    critic_loss     | 4.37     |
|    ent_coef        | 0.0761   |
|    ent_coef_loss   | -0.202   |
|    learning_rate   | 0.000503 |
|    n_updates       | 145595   |
---------------------------------
---------------------------------
| rollout/           |          |
|    ep_len_mean     | 238      |
|    ep_rew_mean     | 246      |
| time/              |          |
|    episodes        | 564      |
|    fps             | 235      |
|    time_elapsed    | 665      |
|    total_timesteps | 156549   |
| train/             |          |
|    actor_loss      | -59.4    |
|    critic_loss     | 14.1     |
|    ent_coef        | 0.0713   |
|    ent_coef_loss   | -0.214   |
|    learning_rate   | 0.000501 |
|    n_updates       | 146548   |
---------------------------------
---------------------------------
| rollout/           |          |
|    ep_len_mean     | 240      |
|    ep_rew_mean     | 249      |
| time/              |          |
|    episodes        | 568      |
|    fps             | 235      |
|    time_elapsed    | 669      |
|    total_timesteps | 157483   |
| train/             |          |
|    actor_loss      | -57.4    |
|    critic_loss     | 10.2     |
|    ent_coef        | 0.0704   |
|    ent_coef_loss   | 0.187    |
|    learning_rate   | 0.0005   |
|    n_updates       | 147482   |
---------------------------------
---------------------------------
| rollout/           |          |
|    ep_len_mean     | 240      |
|    ep_rew_mean     | 251      |
| time/              |          |
|    episodes        | 572      |
|    fps             | 235      |
|    time_elapsed    | 675      |
|    total_timesteps | 158846   |
| train/             |          |
|    actor_loss      | -59.9    |
|    critic_loss     | 20       |
|    ent_coef        | 0.0667   |
|    ent_coef_loss   | -1.12    |
|    learning_rate   | 0.000498 |
|    n_updates       | 148845   |
---------------------------------
---------------------------------
| rollout/           |          |
|    ep_len_mean     | 241      |
|    ep_rew_mean     | 250      |
| time/              |          |
|    episodes        | 576      |
|    fps             | 235      |
|    time_elapsed    | 678      |
|    total_timesteps | 159719   |
| train/             |          |
|    actor_loss      | -60.6    |
|    critic_loss     | 4.11     |
|    ent_coef        | 0.073    |
|    ent_coef_loss   | 0.0782   |
|    learning_rate   | 0.000497 |
|    n_updates       | 149718   |
---------------------------------
Eval num_timesteps=160000, episode_reward=262.37 +/- 19.74
Episode length: 276.60 +/- 211.58
---------------------------------
| eval/              |          |
|    mean_ep_length  | 277      |
|    mean_reward     | 262      |
| time/              |          |
|    total_timesteps | 160000   |
| train/             |          |
|    actor_loss      | -59      |
|    critic_loss     | 14.6     |
|    ent_coef        | 0.0749   |
|    ent_coef_loss   | -0.519   |
|    learning_rate   | 0.000496 |
|    n_updates       | 149999   |
---------------------------------
---------------------------------
| rollout/           |          |
|    ep_len_mean     | 242      |
|    ep_rew_mean     | 249      |
| time/              |          |
|    episodes        | 580      |
|    fps             | 235      |
|    time_elapsed    | 683      |
|    total_timesteps | 160584   |
| train/             |          |
|    actor_loss      | -59.1    |
|    critic_loss     | 13.3     |
|    ent_coef        | 0.0745   |
|    ent_coef_loss   | 0.0314   |
|    learning_rate   | 0.000496 |
|    n_updates       | 150583   |
---------------------------------
---------------------------------
| rollout/           |          |
|    ep_len_mean     | 243      |
|    ep_rew_mean     | 250      |
| time/              |          |
|    episodes        | 584      |
|    fps             | 235      |
|    time_elapsed    | 687      |
|    total_timesteps | 161715   |
| train/             |          |
|    actor_loss      | -61      |
|    critic_loss     | 5.22     |
|    ent_coef        | 0.0693   |
|    ent_coef_loss   | -0.517   |
|    learning_rate   | 0.000494 |
|    n_updates       | 151714   |
---------------------------------
---------------------------------
| rollout/           |          |
|    ep_len_mean     | 235      |
|    ep_rew_mean     | 251      |
| time/              |          |
|    episodes        | 588      |
|    fps             | 234      |
|    time_elapsed    | 691      |
|    total_timesteps | 162563   |
| train/             |          |
|    actor_loss      | -58.6    |
|    critic_loss     | 6.86     |
|    ent_coef        | 0.0713   |
|    ent_coef_loss   | -0.327   |
|    learning_rate   | 0.000493 |
|    n_updates       | 152562   |
---------------------------------
---------------------------------
| rollout/           |          |
|    ep_len_mean     | 237      |
|    ep_rew_mean     | 252      |
| time/              |          |
|    episodes        | 592      |
|    fps             | 235      |
|    time_elapsed    | 695      |
|    total_timesteps | 163556   |
| train/             |          |
|    actor_loss      | -59.4    |
|    critic_loss     | 3.44     |
|    ent_coef        | 0.0695   |
|    ent_coef_loss   | -0.177   |
|    learning_rate   | 0.000491 |
|    n_updates       | 153555   |
---------------------------------
---------------------------------
| rollout/           |          |
|    ep_len_mean     | 238      |
|    ep_rew_mean     | 251      |
| time/              |          |
|    episodes        | 596      |
|    fps             | 235      |
|    time_elapsed    | 700      |
|    total_timesteps | 164607   |
| train/             |          |
|    actor_loss      | -59.4    |
|    critic_loss     | 17.1     |
|    ent_coef        | 0.0716   |
|    ent_coef_loss   | 0.645    |
|    learning_rate   | 0.00049  |
|    n_updates       | 154606   |
---------------------------------
---------------------------------
| rollout/           |          |
|    ep_len_mean     | 240      |
|    ep_rew_mean     | 247      |
| time/              |          |
|    episodes        | 600      |
|    fps             | 235      |
|    time_elapsed    | 705      |
|    total_timesteps | 165739   |
| train/             |          |
|    actor_loss      | -59.2    |
|    critic_loss     | 71       |
|    ent_coef        | 0.0734   |
|    ent_coef_loss   | -0.175   |
|    learning_rate   | 0.000488 |
|    n_updates       | 155738   |
---------------------------------
---------------------------------
| rollout/           |          |
|    ep_len_mean     | 242      |
|    ep_rew_mean     | 247      |
| time/              |          |
|    episodes        | 604      |
|    fps             | 235      |
|    time_elapsed    | 709      |
|    total_timesteps | 166825   |
| train/             |          |
|    actor_loss      | -62.3    |
|    critic_loss     | 30.9     |
|    ent_coef        | 0.0715   |
|    ent_coef_loss   | 0.228    |
|    learning_rate   | 0.000486 |
|    n_updates       | 156824   |
---------------------------------
---------------------------------
| rollout/           |          |
|    ep_len_mean     | 240      |
|    ep_rew_mean     | 250      |
| time/              |          |
|    episodes        | 608      |
|    fps             | 235      |
|    time_elapsed    | 713      |
|    total_timesteps | 167686   |
| train/             |          |
|    actor_loss      | -61.4    |
|    critic_loss     | 6.8      |
|    ent_coef        | 0.0729   |
|    ent_coef_loss   | -0.548   |
|    learning_rate   | 0.000485 |
|    n_updates       | 157685   |
---------------------------------
---------------------------------
| rollout/           |          |
|    ep_len_mean     | 240      |
|    ep_rew_mean     | 252      |
| time/              |          |
|    episodes        | 612      |
|    fps             | 235      |
|    time_elapsed    | 717      |
|    total_timesteps | 168673   |
| train/             |          |
|    actor_loss      | -61      |
|    critic_loss     | 18.4     |
|    ent_coef        | 0.0711   |
|    ent_coef_loss   | -0.0944  |
|    learning_rate   | 0.000484 |
|    n_updates       | 158672   |
---------------------------------
---------------------------------
| rollout/           |          |
|    ep_len_mean     | 239      |
|    ep_rew_mean     | 251      |
| time/              |          |
|    episodes        | 616      |
|    fps             | 235      |
|    time_elapsed    | 720      |
|    total_timesteps | 169482   |
| train/             |          |
|    actor_loss      | -61.4    |
|    critic_loss     | 6.06     |
|    ent_coef        | 0.0728   |
|    ent_coef_loss   | 0.477    |
|    learning_rate   | 0.000483 |
|    n_updates       | 159481   |
---------------------------------
Eval num_timesteps=170000, episode_reward=280.08 +/- 8.12
Episode length: 263.90 +/- 104.32
---------------------------------
| eval/              |          |
|    mean_ep_length  | 264      |
|    mean_reward     | 280      |
| time/              |          |
|    total_timesteps | 170000   |
| train/             |          |
|    actor_loss      | -61.1    |
|    critic_loss     | 7.86     |
|    ent_coef        | 0.0758   |
|    ent_coef_loss   | -0.456   |
|    learning_rate   | 0.000482 |
|    n_updates       | 159999   |
---------------------------------
New best mean reward!
---------------------------------
| rollout/           |          |
|    ep_len_mean     | 236      |
|    ep_rew_mean     | 251      |
| time/              |          |
|    episodes        | 620      |
|    fps             | 234      |
|    time_elapsed    | 724      |
|    total_timesteps | 170238   |
| train/             |          |
|    actor_loss      | -61.1    |
|    critic_loss     | 10.7     |
|    ent_coef        | 0.0753   |
|    ent_coef_loss   | -0.536   |
|    learning_rate   | 0.000481 |
|    n_updates       | 160237   |
---------------------------------
---------------------------------
| rollout/           |          |
|    ep_len_mean     | 235      |
|    ep_rew_mean     | 253      |
| time/              |          |
|    episodes        | 624      |
|    fps             | 234      |
|    time_elapsed    | 728      |
|    total_timesteps | 171040   |
| train/             |          |
|    actor_loss      | -60.9    |
|    critic_loss     | 13.7     |
|    ent_coef        | 0.0707   |
|    ent_coef_loss   | -0.185   |
|    learning_rate   | 0.00048  |
|    n_updates       | 161039   |
---------------------------------
---------------------------------
| rollout/           |          |
|    ep_len_mean     | 234      |
|    ep_rew_mean     | 253      |
| time/              |          |
|    episodes        | 628      |
|    fps             | 234      |
|    time_elapsed    | 731      |
|    total_timesteps | 171949   |
| train/             |          |
|    actor_loss      | -63.5    |
|    critic_loss     | 6.32     |
|    ent_coef        | 0.0678   |
|    ent_coef_loss   | -0.313   |
|    learning_rate   | 0.000479 |
|    n_updates       | 161948   |
---------------------------------
---------------------------------
| rollout/           |          |
|    ep_len_mean     | 233      |
|    ep_rew_mean     | 251      |
| time/              |          |
|    episodes        | 632      |
|    fps             | 234      |
|    time_elapsed    | 735      |
|    total_timesteps | 172723   |
| train/             |          |
|    actor_loss      | -63.7    |
|    critic_loss     | 4.45     |
|    ent_coef        | 0.0676   |
|    ent_coef_loss   | -0.666   |
|    learning_rate   | 0.000478 |
|    n_updates       | 162722   |
---------------------------------
---------------------------------
| rollout/           |          |
|    ep_len_mean     | 233      |
|    ep_rew_mean     | 249      |
| time/              |          |
|    episodes        | 636      |
|    fps             | 234      |
|    time_elapsed    | 738      |
|    total_timesteps | 173548   |
| train/             |          |
|    actor_loss      | -63.4    |
|    critic_loss     | 20.5     |
|    ent_coef        | 0.0709   |
|    ent_coef_loss   | -0.253   |
|    learning_rate   | 0.000477 |
|    n_updates       | 163547   |
---------------------------------
---------------------------------
| rollout/           |          |
|    ep_len_mean     | 234      |
|    ep_rew_mean     | 251      |
| time/              |          |
|    episodes        | 640      |
|    fps             | 234      |
|    time_elapsed    | 742      |
|    total_timesteps | 174505   |
| train/             |          |
|    actor_loss      | -61.4    |
|    critic_loss     | 3.73     |
|    ent_coef        | 0.0723   |
|    ent_coef_loss   | -0.0169  |
|    learning_rate   | 0.000475 |
|    n_updates       | 164504   |
---------------------------------
---------------------------------
| rollout/           |          |
|    ep_len_mean     | 234      |
|    ep_rew_mean     | 251      |
| time/              |          |
|    episodes        | 644      |
|    fps             | 234      |
|    time_elapsed    | 747      |
|    total_timesteps | 175570   |
| train/             |          |
|    actor_loss      | -61      |
|    critic_loss     | 12.2     |
|    ent_coef        | 0.0711   |
|    ent_coef_loss   | -0.332   |
|    learning_rate   | 0.000474 |
|    n_updates       | 165569   |
---------------------------------
---------------------------------
| rollout/           |          |
|    ep_len_mean     | 233      |
|    ep_rew_mean     | 252      |
| time/              |          |
|    episodes        | 648      |
|    fps             | 234      |
|    time_elapsed    | 750      |
|    total_timesteps | 176390   |
| train/             |          |
|    actor_loss      | -61.2    |
|    critic_loss     | 7.25     |
|    ent_coef        | 0.0692   |
|    ent_coef_loss   | -0.461   |
|    learning_rate   | 0.000472 |
|    n_updates       | 166389   |
---------------------------------
---------------------------------
| rollout/           |          |
|    ep_len_mean     | 233      |
|    ep_rew_mean     | 252      |
| time/              |          |
|    episodes        | 652      |
|    fps             | 234      |
|    time_elapsed    | 754      |
|    total_timesteps | 177199   |
| train/             |          |
|    actor_loss      | -61      |
|    critic_loss     | 19.2     |
|    ent_coef        | 0.0661   |
|    ent_coef_loss   | 0.0238   |
|    learning_rate   | 0.000471 |
|    n_updates       | 167198   |
---------------------------------
---------------------------------
| rollout/           |          |
|    ep_len_mean     | 233      |
|    ep_rew_mean     | 251      |
| time/              |          |
|    episodes        | 656      |
|    fps             | 234      |
|    time_elapsed    | 757      |
|    total_timesteps | 178085   |
| train/             |          |
|    actor_loss      | -62.1    |
|    critic_loss     | 4.01     |
|    ent_coef        | 0.0657   |
|    ent_coef_loss   | -0.461   |
|    learning_rate   | 0.00047  |
|    n_updates       | 168084   |
---------------------------------
---------------------------------
| rollout/           |          |
|    ep_len_mean     | 234      |
|    ep_rew_mean     | 254      |
| time/              |          |
|    episodes        | 660      |
|    fps             | 235      |
|    time_elapsed    | 761      |
|    total_timesteps | 179013   |
| train/             |          |
|    actor_loss      | -62.6    |
|    critic_loss     | 13.1     |
|    ent_coef        | 0.0647   |
|    ent_coef_loss   | -0.369   |
|    learning_rate   | 0.000469 |
|    n_updates       | 169012   |
---------------------------------
---------------------------------
| rollout/           |          |
|    ep_len_mean     | 232      |
|    ep_rew_mean     | 254      |
| time/              |          |
|    episodes        | 664      |
|    fps             | 235      |
|    time_elapsed    | 764      |
|    total_timesteps | 179766   |
| train/             |          |
|    actor_loss      | -58.7    |
|    critic_loss     | 12       |
|    ent_coef        | 0.064    |
|    ent_coef_loss   | 0.458    |
|    learning_rate   | 0.000468 |
|    n_updates       | 169765   |
---------------------------------
Eval num_timesteps=180000, episode_reward=271.26 +/- 25.22
Episode length: 238.50 +/- 54.82
---------------------------------
| eval/              |          |
|    mean_ep_length  | 238      |
|    mean_reward     | 271      |
| time/              |          |
|    total_timesteps | 180000   |
| train/             |          |
|    actor_loss      | -63.8    |
|    critic_loss     | 7.69     |
|    ent_coef        | 0.0646   |
|    ent_coef_loss   | 0.0293   |
|    learning_rate   | 0.000467 |
|    n_updates       | 169999   |
---------------------------------
---------------------------------
| rollout/           |          |
|    ep_len_mean     | 231      |
|    ep_rew_mean     | 252      |
| time/              |          |
|    episodes        | 668      |
|    fps             | 234      |
|    time_elapsed    | 769      |
|    total_timesteps | 180577   |
| train/             |          |
|    actor_loss      | -63.4    |
|    critic_loss     | 2.78     |
|    ent_coef        | 0.0634   |
|    ent_coef_loss   | -0.612   |
|    learning_rate   | 0.000466 |
|    n_updates       | 170576   |
---------------------------------
---------------------------------
| rollout/           |          |
|    ep_len_mean     | 227      |
|    ep_rew_mean     | 253      |
| time/              |          |
|    episodes        | 672      |
|    fps             | 234      |
|    time_elapsed    | 773      |
|    total_timesteps | 181549   |
| train/             |          |
|    actor_loss      | -62.9    |
|    critic_loss     | 13.9     |
|    ent_coef        | 0.0651   |
|    ent_coef_loss   | -0.0912  |
|    learning_rate   | 0.000465 |
|    n_updates       | 171548   |
---------------------------------
---------------------------------
| rollout/           |          |
|    ep_len_mean     | 226      |
|    ep_rew_mean     | 253      |
| time/              |          |
|    episodes        | 676      |
|    fps             | 234      |
|    time_elapsed    | 776      |
|    total_timesteps | 182347   |
| train/             |          |
|    actor_loss      | -63.7    |
|    critic_loss     | 8.09     |
|    ent_coef        | 0.0645   |
|    ent_coef_loss   | -0.232   |
|    learning_rate   | 0.000464 |
|    n_updates       | 172346   |
---------------------------------
---------------------------------
| rollout/           |          |
|    ep_len_mean     | 227      |
|    ep_rew_mean     | 254      |
| time/              |          |
|    episodes        | 680      |
|    fps             | 234      |
|    time_elapsed    | 781      |
|    total_timesteps | 183284   |
| train/             |          |
|    actor_loss      | -65.3    |
|    critic_loss     | 15.3     |
|    ent_coef        | 0.0669   |
|    ent_coef_loss   | 0.229    |
|    learning_rate   | 0.000462 |
|    n_updates       | 173283   |
---------------------------------
---------------------------------
| rollout/           |          |
|    ep_len_mean     | 222      |
|    ep_rew_mean     | 252      |
| time/              |          |
|    episodes        | 684      |
|    fps             | 234      |
|    time_elapsed    | 784      |
|    total_timesteps | 183932   |
| train/             |          |
|    actor_loss      | -63.5    |
|    critic_loss     | 5.12     |
|    ent_coef        | 0.0655   |
|    ent_coef_loss   | -0.897   |
|    learning_rate   | 0.000461 |
|    n_updates       | 173931   |
---------------------------------
---------------------------------
| rollout/           |          |
|    ep_len_mean     | 227      |
|    ep_rew_mean     | 250      |
| time/              |          |
|    episodes        | 688      |
|    fps             | 234      |
|    time_elapsed    | 790      |
|    total_timesteps | 185250   |
| train/             |          |
|    actor_loss      | -63.5    |
|    critic_loss     | 27.2     |
|    ent_coef        | 0.0628   |
|    ent_coef_loss   | -0.169   |
|    learning_rate   | 0.00046  |
|    n_updates       | 175249   |
---------------------------------
---------------------------------
| rollout/           |          |
|    ep_len_mean     | 225      |
|    ep_rew_mean     | 250      |
| time/              |          |
|    episodes        | 692      |
|    fps             | 234      |
|    time_elapsed    | 794      |
|    total_timesteps | 186008   |
| train/             |          |
|    actor_loss      | -63.1    |
|    critic_loss     | 53.3     |
|    ent_coef        | 0.0622   |
|    ent_coef_loss   | 0.135    |
|    learning_rate   | 0.000458 |
|    n_updates       | 176007   |
---------------------------------
---------------------------------
| rollout/           |          |
|    ep_len_mean     | 222      |
|    ep_rew_mean     | 251      |
| time/              |          |
|    episodes        | 696      |
|    fps             | 234      |
|    time_elapsed    | 798      |
|    total_timesteps | 186812   |
| train/             |          |
|    actor_loss      | -65.1    |
|    critic_loss     | 13.3     |
|    ent_coef        | 0.0657   |
|    ent_coef_loss   | -0.287   |
|    learning_rate   | 0.000457 |
|    n_updates       | 176811   |
---------------------------------
---------------------------------
| rollout/           |          |
|    ep_len_mean     | 220      |
|    ep_rew_mean     | 254      |
| time/              |          |
|    episodes        | 700      |
|    fps             | 233      |
|    time_elapsed    | 802      |
|    total_timesteps | 187706   |
| train/             |          |
|    actor_loss      | -60.2    |
|    critic_loss     | 3.24     |
|    ent_coef        | 0.0586   |
|    ent_coef_loss   | 0.824    |
|    learning_rate   | 0.000456 |
|    n_updates       | 177705   |
---------------------------------
---------------------------------
| rollout/           |          |
|    ep_len_mean     | 215      |
|    ep_rew_mean     | 249      |
| time/              |          |
|    episodes        | 704      |
|    fps             | 233      |
|    time_elapsed    | 805      |
|    total_timesteps | 188331   |
| train/             |          |
|    actor_loss      | -63.1    |
|    critic_loss     | 6.85     |
|    ent_coef        | 0.0611   |
|    ent_coef_loss   | -0.0622  |
|    learning_rate   | 0.000455 |
|    n_updates       | 178330   |
---------------------------------
---------------------------------
| rollout/           |          |
|    ep_len_mean     | 213      |
|    ep_rew_mean     | 249      |
| time/              |          |
|    episodes        | 708      |
|    fps             | 233      |
|    time_elapsed    | 808      |
|    total_timesteps | 189015   |
| train/             |          |
|    actor_loss      | -66.3    |
|    critic_loss     | 32.8     |
|    ent_coef        | 0.0624   |
|    ent_coef_loss   | 0.0339   |
|    learning_rate   | 0.000454 |
|    n_updates       | 179014   |
---------------------------------
---------------------------------
| rollout/           |          |
|    ep_len_mean     | 212      |
|    ep_rew_mean     | 249      |
| time/              |          |
|    episodes        | 712      |
|    fps             | 233      |
|    time_elapsed    | 812      |
|    total_timesteps | 189849   |
| train/             |          |
|    actor_loss      | -64.2    |
|    critic_loss     | 9.9      |
|    ent_coef        | 0.062    |
|    ent_coef_loss   | -0.0303  |
|    learning_rate   | 0.000453 |
|    n_updates       | 179848   |
---------------------------------
Eval num_timesteps=190000, episode_reward=234.97 +/- 88.20
Episode length: 214.30 +/- 30.35
---------------------------------
| eval/              |          |
|    mean_ep_length  | 214      |
|    mean_reward     | 235      |
| time/              |          |
|    total_timesteps | 190000   |
| train/             |          |
|    actor_loss      | -66.3    |
|    critic_loss     | 5.55     |
|    ent_coef        | 0.061    |
|    ent_coef_loss   | 0.34     |
|    learning_rate   | 0.000453 |
|    n_updates       | 179999   |
---------------------------------
---------------------------------
| rollout/           |          |
|    ep_len_mean     | 214      |
|    ep_rew_mean     | 249      |
| time/              |          |
|    episodes        | 716      |
|    fps             | 233      |
|    time_elapsed    | 818      |
|    total_timesteps | 190868   |
| train/             |          |
|    actor_loss      | -66.7    |
|    critic_loss     | 7.81     |
|    ent_coef        | 0.0632   |
|    ent_coef_loss   | -0.468   |
|    learning_rate   | 0.000451 |
|    n_updates       | 180867   |
---------------------------------
---------------------------------
| rollout/           |          |
|    ep_len_mean     | 214      |
|    ep_rew_mean     | 247      |
| time/              |          |
|    episodes        | 720      |
|    fps             | 233      |
|    time_elapsed    | 822      |
|    total_timesteps | 191602   |
| train/             |          |
|    actor_loss      | -64.7    |
|    critic_loss     | 2.96     |
|    ent_coef        | 0.0621   |
|    ent_coef_loss   | -0.0313  |
|    learning_rate   | 0.00045  |
|    n_updates       | 181601   |
---------------------------------
---------------------------------
| rollout/           |          |
|    ep_len_mean     | 214      |
|    ep_rew_mean     | 246      |
| time/              |          |
|    episodes        | 724      |
|    fps             | 232      |
|    time_elapsed    | 826      |
|    total_timesteps | 192409   |
| train/             |          |
|    actor_loss      | -63.3    |
|    critic_loss     | 11.6     |
|    ent_coef        | 0.0598   |
|    ent_coef_loss   | 0.235    |
|    learning_rate   | 0.000449 |
|    n_updates       | 182408   |
---------------------------------
---------------------------------
| rollout/           |          |
|    ep_len_mean     | 213      |
|    ep_rew_mean     | 244      |
| time/              |          |
|    episodes        | 728      |
|    fps             | 232      |
|    time_elapsed    | 829      |
|    total_timesteps | 193229   |
| train/             |          |
|    actor_loss      | -66.1    |
|    critic_loss     | 9.11     |
|    ent_coef        | 0.0584   |
|    ent_coef_loss   | 0.412    |
|    learning_rate   | 0.000448 |
|    n_updates       | 183228   |
---------------------------------
---------------------------------
| rollout/           |          |
|    ep_len_mean     | 214      |
|    ep_rew_mean     | 247      |
| time/              |          |
|    episodes        | 732      |
|    fps             | 232      |
|    time_elapsed    | 834      |
|    total_timesteps | 194172   |
| train/             |          |
|    actor_loss      | -64.6    |
|    critic_loss     | 17.6     |
|    ent_coef        | 0.062    |
|    ent_coef_loss   | -0.722   |
|    learning_rate   | 0.000447 |
|    n_updates       | 184171   |
---------------------------------
---------------------------------
| rollout/           |          |
|    ep_len_mean     | 214      |
|    ep_rew_mean     | 246      |
| time/              |          |
|    episodes        | 736      |
|    fps             | 232      |
|    time_elapsed    | 838      |
|    total_timesteps | 194952   |
| train/             |          |
|    actor_loss      | -67.3    |
|    critic_loss     | 2.53     |
|    ent_coef        | 0.0595   |
|    ent_coef_loss   | -0.192   |
|    learning_rate   | 0.000445 |
|    n_updates       | 184951   |
---------------------------------
---------------------------------
| rollout/           |          |
|    ep_len_mean     | 217      |
|    ep_rew_mean     | 246      |
| time/              |          |
|    episodes        | 740      |
|    fps             | 232      |
|    time_elapsed    | 844      |
|    total_timesteps | 196163   |
| train/             |          |
|    actor_loss      | -65.9    |
|    critic_loss     | 6.95     |
|    ent_coef        | 0.0611   |
|    ent_coef_loss   | -0.284   |
|    learning_rate   | 0.000444 |
|    n_updates       | 186162   |
---------------------------------
---------------------------------
| rollout/           |          |
|    ep_len_mean     | 214      |
|    ep_rew_mean     | 247      |
| time/              |          |
|    episodes        | 744      |
|    fps             | 232      |
|    time_elapsed    | 848      |
|    total_timesteps | 196971   |
| train/             |          |
|    actor_loss      | -66.1    |
|    critic_loss     | 8.36     |
|    ent_coef        | 0.0585   |
|    ent_coef_loss   | -0.222   |
|    learning_rate   | 0.000442 |
|    n_updates       | 186970   |
---------------------------------
---------------------------------
| rollout/           |          |
|    ep_len_mean     | 213      |
|    ep_rew_mean     | 247      |
| time/              |          |
|    episodes        | 748      |
|    fps             | 232      |
|    time_elapsed    | 851      |
|    total_timesteps | 197716   |
| train/             |          |
|    actor_loss      | -65.5    |
|    critic_loss     | 11.8     |
|    ent_coef        | 0.0583   |
|    ent_coef_loss   | 0.167    |
|    learning_rate   | 0.000441 |
|    n_updates       | 187715   |
---------------------------------
---------------------------------
| rollout/           |          |
|    ep_len_mean     | 212      |
|    ep_rew_mean     | 243      |
| time/              |          |
|    episodes        | 752      |
|    fps             | 232      |
|    time_elapsed    | 855      |
|    total_timesteps | 198405   |
| train/             |          |
|    actor_loss      | -67.2    |
|    critic_loss     | 4.83     |
|    ent_coef        | 0.0566   |
|    ent_coef_loss   | 0.331    |
|    learning_rate   | 0.00044  |
|    n_updates       | 188404   |
---------------------------------
---------------------------------
| rollout/           |          |
|    ep_len_mean     | 211      |
|    ep_rew_mean     | 244      |
| time/              |          |
|    episodes        | 756      |
|    fps             | 231      |
|    time_elapsed    | 858      |
|    total_timesteps | 199164   |
| train/             |          |
|    actor_loss      | -66.9    |
|    critic_loss     | 4.03     |
|    ent_coef        | 0.0611   |
|    ent_coef_loss   | 0.124    |
|    learning_rate   | 0.000439 |
|    n_updates       | 189163   |
---------------------------------
---------------------------------
| rollout/           |          |
|    ep_len_mean     | 210      |
|    ep_rew_mean     | 243      |
| time/              |          |
|    episodes        | 760      |
|    fps             | 231      |
|    time_elapsed    | 862      |
|    total_timesteps | 199969   |
| train/             |          |
|    actor_loss      | -65.2    |
|    critic_loss     | 6.05     |
|    ent_coef        | 0.0573   |
|    ent_coef_loss   | 0.029    |
|    learning_rate   | 0.000438 |
|    n_updates       | 189968   |
---------------------------------
Eval num_timesteps=200000, episode_reward=259.38 +/- 28.49
Episode length: 206.40 +/- 33.71
---------------------------------
| eval/              |          |
|    mean_ep_length  | 206      |
|    mean_reward     | 259      |
| time/              |          |
|    total_timesteps | 200000   |
| train/             |          |
|    actor_loss      | -63.8    |
|    critic_loss     | 7.22     |
|    ent_coef        | 0.0577   |
|    ent_coef_loss   | 0.329    |
|    learning_rate   | 0.000438 |
|    n_updates       | 189999   |
---------------------------------
---------------------------------
| rollout/           |          |
|    ep_len_mean     | 210      |
|    ep_rew_mean     | 243      |
| time/              |          |
|    episodes        | 764      |
|    fps             | 231      |
|    time_elapsed    | 867      |
|    total_timesteps | 200767   |
| train/             |          |
|    actor_loss      | -66.2    |
|    critic_loss     | 6.4      |
|    ent_coef        | 0.0563   |
|    ent_coef_loss   | -0.363   |
|    learning_rate   | 0.000437 |
|    n_updates       | 190766   |
---------------------------------
---------------------------------
| rollout/           |          |
|    ep_len_mean     | 212      |
|    ep_rew_mean     | 242      |
| time/              |          |
|    episodes        | 768      |
|    fps             | 231      |
|    time_elapsed    | 872      |
|    total_timesteps | 201821   |
| train/             |          |
|    actor_loss      | -67      |
|    critic_loss     | 6.59     |
|    ent_coef        | 0.0582   |
|    ent_coef_loss   | 0.00144  |
|    learning_rate   | 0.000435 |
|    n_updates       | 191820   |
---------------------------------
---------------------------------
| rollout/           |          |
|    ep_len_mean     | 210      |
|    ep_rew_mean     | 242      |
| time/              |          |
|    episodes        | 772      |
|    fps             | 231      |
|    time_elapsed    | 875      |
|    total_timesteps | 202558   |
| train/             |          |
|    actor_loss      | -62.8    |
|    critic_loss     | 6.5      |
|    ent_coef        | 0.0576   |
|    ent_coef_loss   | 0.393    |
|    learning_rate   | 0.000434 |
|    n_updates       | 192557   |
---------------------------------
---------------------------------
| rollout/           |          |
|    ep_len_mean     | 214      |
|    ep_rew_mean     | 243      |
| time/              |          |
|    episodes        | 776      |
|    fps             | 231      |
|    time_elapsed    | 881      |
|    total_timesteps | 203742   |
| train/             |          |
|    actor_loss      | -63.7    |
|    critic_loss     | 6.23     |
|    ent_coef        | 0.0573   |
|    ent_coef_loss   | 0.726    |
|    learning_rate   | 0.000433 |
|    n_updates       | 193741   |
---------------------------------
---------------------------------
| rollout/           |          |
|    ep_len_mean     | 213      |
|    ep_rew_mean     | 244      |
| time/              |          |
|    episodes        | 780      |
|    fps             | 231      |
|    time_elapsed    | 884      |
|    total_timesteps | 204619   |
| train/             |          |
|    actor_loss      | -66      |
|    critic_loss     | 6.76     |
|    ent_coef        | 0.0572   |
|    ent_coef_loss   | 0.116    |
|    learning_rate   | 0.000431 |
|    n_updates       | 194618   |
---------------------------------
---------------------------------
| rollout/           |          |
|    ep_len_mean     | 215      |
|    ep_rew_mean     | 244      |
| time/              |          |
|    episodes        | 784      |
|    fps             | 231      |
|    time_elapsed    | 888      |
|    total_timesteps | 205447   |
| train/             |          |
|    actor_loss      | -65      |
|    critic_loss     | 10.2     |
|    ent_coef        | 0.0583   |
|    ent_coef_loss   | 0.307    |
|    learning_rate   | 0.00043  |
|    n_updates       | 195446   |
---------------------------------
---------------------------------
| rollout/           |          |
|    ep_len_mean     | 212      |
|    ep_rew_mean     | 246      |
| time/              |          |
|    episodes        | 788      |
|    fps             | 231      |
|    time_elapsed    | 892      |
|    total_timesteps | 206400   |
| train/             |          |
|    actor_loss      | -67.3    |
|    critic_loss     | 8.22     |
|    ent_coef        | 0.0577   |
|    ent_coef_loss   | -0.00269 |
|    learning_rate   | 0.000429 |
|    n_updates       | 196399   |
---------------------------------
---------------------------------
| rollout/           |          |
|    ep_len_mean     | 213      |
|    ep_rew_mean     | 247      |
| time/              |          |
|    episodes        | 792      |
|    fps             | 231      |
|    time_elapsed    | 896      |
|    total_timesteps | 207329   |
| train/             |          |
|    actor_loss      | -67.5    |
|    critic_loss     | 3.72     |
|    ent_coef        | 0.0585   |
|    ent_coef_loss   | 0.381    |
|    learning_rate   | 0.000427 |
|    n_updates       | 197328   |
---------------------------------
---------------------------------
| rollout/           |          |
|    ep_len_mean     | 213      |
|    ep_rew_mean     | 247      |
| time/              |          |
|    episodes        | 796      |
|    fps             | 231      |
|    time_elapsed    | 899      |
|    total_timesteps | 208156   |
| train/             |          |
|    actor_loss      | -66.3    |
|    critic_loss     | 11.4     |
|    ent_coef        | 0.0617   |
|    ent_coef_loss   | -0.0684  |
|    learning_rate   | 0.000426 |
|    n_updates       | 198155   |
---------------------------------
---------------------------------
| rollout/           |          |
|    ep_len_mean     | 214      |
|    ep_rew_mean     | 247      |
| time/              |          |
|    episodes        | 800      |
|    fps             | 231      |
|    time_elapsed    | 903      |
|    total_timesteps | 209103   |
| train/             |          |
|    actor_loss      | -64.3    |
|    critic_loss     | 29.9     |
|    ent_coef        | 0.0597   |
|    ent_coef_loss   | 0.0803   |
|    learning_rate   | 0.000425 |
|    n_updates       | 199102   |
---------------------------------
---------------------------------
| rollout/           |          |
|    ep_len_mean     | 216      |
|    ep_rew_mean     | 252      |
| time/              |          |
|    episodes        | 804      |
|    fps             | 231      |
|    time_elapsed    | 906      |
|    total_timesteps | 209911   |
| train/             |          |
|    actor_loss      | -63.6    |
|    critic_loss     | 12.3     |
|    ent_coef        | 0.0606   |
|    ent_coef_loss   | 0.207    |
|    learning_rate   | 0.000424 |
|    n_updates       | 199910   |
---------------------------------
Eval num_timesteps=210000, episode_reward=261.78 +/- 31.77
Episode length: 279.60 +/- 241.01
---------------------------------
| eval/              |          |
|    mean_ep_length  | 280      |
|    mean_reward     | 262      |
| time/              |          |
|    total_timesteps | 210000   |
| train/             |          |
|    actor_loss      | -68.7    |
|    critic_loss     | 19.4     |
|    ent_coef        | 0.0602   |
|    ent_coef_loss   | -0.343   |
|    learning_rate   | 0.000423 |
|    n_updates       | 199999   |
---------------------------------
---------------------------------
| rollout/           |          |
|    ep_len_mean     | 220      |
|    ep_rew_mean     | 254      |
| time/              |          |
|    episodes        | 808      |
|    fps             | 231      |
|    time_elapsed    | 912      |
|    total_timesteps | 210977   |
| train/             |          |
|    actor_loss      | -67.3    |
|    critic_loss     | 8.25     |
|    ent_coef        | 0.0601   |
|    ent_coef_loss   | 0.435    |
|    learning_rate   | 0.000422 |
|    n_updates       | 200976   |
---------------------------------
---------------------------------
| rollout/           |          |
|    ep_len_mean     | 220      |
|    ep_rew_mean     | 254      |
| time/              |          |
|    episodes        | 812      |
|    fps             | 231      |
|    time_elapsed    | 916      |
|    total_timesteps | 211862   |
| train/             |          |
|    actor_loss      | -66.3    |
|    critic_loss     | 6.7      |
|    ent_coef        | 0.0585   |
|    ent_coef_loss   | 0.274    |
|    learning_rate   | 0.000421 |
|    n_updates       | 201861   |
---------------------------------
---------------------------------
| rollout/           |          |
|    ep_len_mean     | 219      |
|    ep_rew_mean     | 254      |
| time/              |          |
|    episodes        | 816      |
|    fps             | 231      |
|    time_elapsed    | 919      |
|    total_timesteps | 212777   |
| train/             |          |
|    actor_loss      | -69.3    |
|    critic_loss     | 3.68     |
|    ent_coef        | 0.0565   |
|    ent_coef_loss   | -0.494   |
|    learning_rate   | 0.000419 |
|    n_updates       | 202776   |
---------------------------------
---------------------------------
| rollout/           |          |
|    ep_len_mean     | 221      |
|    ep_rew_mean     | 257      |
| time/              |          |
|    episodes        | 820      |
|    fps             | 231      |
|    time_elapsed    | 923      |
|    total_timesteps | 213733   |
| train/             |          |
|    actor_loss      | -67.7    |
|    critic_loss     | 6.2      |
|    ent_coef        | 0.0562   |
|    ent_coef_loss   | 0.636    |
|    learning_rate   | 0.000418 |
|    n_updates       | 203732   |
---------------------------------
---------------------------------
| rollout/           |          |
|    ep_len_mean     | 221      |
|    ep_rew_mean     | 257      |
| time/              |          |
|    episodes        | 824      |
|    fps             | 231      |
|    time_elapsed    | 927      |
|    total_timesteps | 214501   |
| train/             |          |
|    actor_loss      | -68.6    |
|    critic_loss     | 9.62     |
|    ent_coef        | 0.0591   |
|    ent_coef_loss   | -0.179   |
|    learning_rate   | 0.000417 |
|    n_updates       | 204500   |
---------------------------------
---------------------------------
| rollout/           |          |
|    ep_len_mean     | 220      |
|    ep_rew_mean     | 259      |
| time/              |          |
|    episodes        | 828      |
|    fps             | 231      |
|    time_elapsed    | 930      |
|    total_timesteps | 215272   |
| train/             |          |
|    actor_loss      | -69.2    |
|    critic_loss     | 19.5     |
|    ent_coef        | 0.0565   |
|    ent_coef_loss   | -0.189   |
|    learning_rate   | 0.000416 |
|    n_updates       | 205271   |
---------------------------------
---------------------------------
| rollout/           |          |
|    ep_len_mean     | 219      |
|    ep_rew_mean     | 259      |
| time/              |          |
|    episodes        | 832      |
|    fps             | 231      |
|    time_elapsed    | 933      |
|    total_timesteps | 216098   |
| train/             |          |
|    actor_loss      | -66.2    |
|    critic_loss     | 14.9     |
|    ent_coef        | 0.0586   |
|    ent_coef_loss   | 1.02     |
|    learning_rate   | 0.000414 |
|    n_updates       | 206097   |
---------------------------------
---------------------------------
| rollout/           |          |
|    ep_len_mean     | 219      |
|    ep_rew_mean     | 261      |
| time/              |          |
|    episodes        | 836      |
|    fps             | 231      |
|    time_elapsed    | 937      |
|    total_timesteps | 216859   |
| train/             |          |
|    actor_loss      | -66.2    |
|    critic_loss     | 4.7      |
|    ent_coef        | 0.0612   |
|    ent_coef_loss   | -0.255   |
|    learning_rate   | 0.000413 |
|    n_updates       | 206858   |
---------------------------------
---------------------------------
| rollout/           |          |
|    ep_len_mean     | 215      |
|    ep_rew_mean     | 260      |
| time/              |          |
|    episodes        | 840      |
|    fps             | 231      |
|    time_elapsed    | 940      |
|    total_timesteps | 217693   |
| train/             |          |
|    actor_loss      | -67.3    |
|    critic_loss     | 51.2     |
|    ent_coef        | 0.0598   |
|    ent_coef_loss   | 1.1      |
|    learning_rate   | 0.000412 |
|    n_updates       | 207692   |
---------------------------------
---------------------------------
| rollout/           |          |
|    ep_len_mean     | 216      |
|    ep_rew_mean     | 260      |
| time/              |          |
|    episodes        | 844      |
|    fps             | 231      |
|    time_elapsed    | 943      |
|    total_timesteps | 218528   |
| train/             |          |
|    actor_loss      | -68.9    |
|    critic_loss     | 4.43     |
|    ent_coef        | 0.0597   |
|    ent_coef_loss   | -0.101   |
|    learning_rate   | 0.000411 |
|    n_updates       | 208527   |
---------------------------------
---------------------------------
| rollout/           |          |
|    ep_len_mean     | 217      |
|    ep_rew_mean     | 261      |
| time/              |          |
|    episodes        | 848      |
|    fps             | 231      |
|    time_elapsed    | 947      |
|    total_timesteps | 219394   |
| train/             |          |
|    actor_loss      | -68.3    |
|    critic_loss     | 57.2     |
|    ent_coef        | 0.0576   |
|    ent_coef_loss   | 0.731    |
|    learning_rate   | 0.00041  |
|    n_updates       | 209393   |
---------------------------------
Eval num_timesteps=220000, episode_reward=270.84 +/- 18.66
Episode length: 243.10 +/- 73.05
---------------------------------
| eval/              |          |
|    mean_ep_length  | 243      |
|    mean_reward     | 271      |
| time/              |          |
|    total_timesteps | 220000   |
| train/             |          |
|    actor_loss      | -67.4    |
|    critic_loss     | 18       |
|    ent_coef        | 0.0593   |
|    ent_coef_loss   | 0.261    |
|    learning_rate   | 0.000409 |
|    n_updates       | 209999   |
---------------------------------
---------------------------------
| rollout/           |          |
|    ep_len_mean     | 218      |
|    ep_rew_mean     | 264      |
| time/              |          |
|    episodes        | 852      |
|    fps             | 231      |
|    time_elapsed    | 952      |
|    total_timesteps | 220191   |
| train/             |          |
|    actor_loss      | -72.2    |
|    critic_loss     | 7.1      |
|    ent_coef        | 0.0574   |
|    ent_coef_loss   | -0.878   |
|    learning_rate   | 0.000409 |
|    n_updates       | 210190   |
---------------------------------
---------------------------------
| rollout/           |          |
|    ep_len_mean     | 220      |
|    ep_rew_mean     | 263      |
| time/              |          |
|    episodes        | 856      |
|    fps             | 231      |
|    time_elapsed    | 957      |
|    total_timesteps | 221210   |
| train/             |          |
|    actor_loss      | -68.9    |
|    critic_loss     | 5.15     |
|    ent_coef        | 0.0583   |
|    ent_coef_loss   | 0.181    |
|    learning_rate   | 0.000407 |
|    n_updates       | 211209   |
---------------------------------
---------------------------------
| rollout/           |          |
|    ep_len_mean     | 221      |
|    ep_rew_mean     | 263      |
| time/              |          |
|    episodes        | 860      |
|    fps             | 231      |
|    time_elapsed    | 961      |
|    total_timesteps | 222094   |
| train/             |          |
|    actor_loss      | -72.3    |
|    critic_loss     | 8.4      |
|    ent_coef        | 0.0591   |
|    ent_coef_loss   | -0.511   |
|    learning_rate   | 0.000406 |
|    n_updates       | 212093   |
---------------------------------
---------------------------------
| rollout/           |          |
|    ep_len_mean     | 224      |
|    ep_rew_mean     | 264      |
| time/              |          |
|    episodes        | 864      |
|    fps             | 231      |
|    time_elapsed    | 965      |
|    total_timesteps | 223205   |
| train/             |          |
|    actor_loss      | -69.2    |
|    critic_loss     | 17.8     |
|    ent_coef        | 0.0597   |
|    ent_coef_loss   | -0.023   |
|    learning_rate   | 0.000404 |
|    n_updates       | 213204   |
---------------------------------
---------------------------------
| rollout/           |          |
|    ep_len_mean     | 222      |
|    ep_rew_mean     | 267      |
| time/              |          |
|    episodes        | 868      |
|    fps             | 231      |
|    time_elapsed    | 969      |
|    total_timesteps | 223994   |
| train/             |          |
|    actor_loss      | -70.6    |
|    critic_loss     | 2.78     |
|    ent_coef        | 0.0567   |
|    ent_coef_loss   | 0.327    |
|    learning_rate   | 0.000403 |
|    n_updates       | 213993   |
---------------------------------
---------------------------------
| rollout/           |          |
|    ep_len_mean     | 227      |
|    ep_rew_mean     | 268      |
| time/              |          |
|    episodes        | 872      |
|    fps             | 231      |
|    time_elapsed    | 974      |
|    total_timesteps | 225280   |
| train/             |          |
|    actor_loss      | -68.6    |
|    critic_loss     | 15.9     |
|    ent_coef        | 0.059    |
|    ent_coef_loss   | 0.478    |
|    learning_rate   | 0.000401 |
|    n_updates       | 215279   |
---------------------------------
---------------------------------
| rollout/           |          |
|    ep_len_mean     | 224      |
|    ep_rew_mean     | 265      |
| time/              |          |
|    episodes        | 876      |
|    fps             | 231      |
|    time_elapsed    | 977      |
|    total_timesteps | 226092   |
| train/             |          |
|    actor_loss      | -72.6    |
|    critic_loss     | 7.37     |
|    ent_coef        | 0.0595   |
|    ent_coef_loss   | -0.0811  |
|    learning_rate   | 0.0004   |
|    n_updates       | 216091   |
---------------------------------
---------------------------------
| rollout/           |          |
|    ep_len_mean     | 229      |
|    ep_rew_mean     | 266      |
| time/              |          |
|    episodes        | 880      |
|    fps             | 231      |
|    time_elapsed    | 983      |
|    total_timesteps | 227479   |
| train/             |          |
|    actor_loss      | -68.5    |
|    critic_loss     | 11.2     |
|    ent_coef        | 0.058    |
|    ent_coef_loss   | -0.167   |
|    learning_rate   | 0.000398 |
|    n_updates       | 217478   |
---------------------------------
---------------------------------
| rollout/           |          |
|    ep_len_mean     | 229      |
|    ep_rew_mean     | 268      |
| time/              |          |
|    episodes        | 884      |
|    fps             | 231      |
|    time_elapsed    | 987      |
|    total_timesteps | 228334   |
| train/             |          |
|    actor_loss      | -69.1    |
|    critic_loss     | 52.4     |
|    ent_coef        | 0.0573   |
|    ent_coef_loss   | -0.146   |
|    learning_rate   | 0.000397 |
|    n_updates       | 218333   |
---------------------------------
---------------------------------
| rollout/           |          |
|    ep_len_mean     | 229      |
|    ep_rew_mean     | 268      |
| time/              |          |
|    episodes        | 888      |
|    fps             | 231      |
|    time_elapsed    | 991      |
|    total_timesteps | 229288   |
| train/             |          |
|    actor_loss      | -70.9    |
|    critic_loss     | 48.1     |
|    ent_coef        | 0.0587   |
|    ent_coef_loss   | -0.00749 |
|    learning_rate   | 0.000395 |
|    n_updates       | 219287   |
---------------------------------
---------------------------------
| rollout/           |          |
|    ep_len_mean     | 226      |
|    ep_rew_mean     | 269      |
| time/              |          |
|    episodes        | 892      |
|    fps             | 231      |
|    time_elapsed    | 994      |
|    total_timesteps | 229957   |
| train/             |          |
|    actor_loss      | -69.1    |
|    critic_loss     | 3.46     |
|    ent_coef        | 0.0574   |
|    ent_coef_loss   | -0.408   |
|    learning_rate   | 0.000394 |
|    n_updates       | 219956   |
---------------------------------
Eval num_timesteps=230000, episode_reward=265.75 +/- 17.79
Episode length: 259.20 +/- 174.42
---------------------------------
| eval/              |          |
|    mean_ep_length  | 259      |
|    mean_reward     | 266      |
| time/              |          |
|    total_timesteps | 230000   |
| train/             |          |
|    actor_loss      | -69.4    |
|    critic_loss     | 8.18     |
|    ent_coef        | 0.057    |
|    ent_coef_loss   | 0.447    |
|    learning_rate   | 0.000394 |
|    n_updates       | 219999   |
---------------------------------
---------------------------------
| rollout/           |          |
|    ep_len_mean     | 227      |
|    ep_rew_mean     | 268      |
| time/              |          |
|    episodes        | 896      |
|    fps             | 231      |
|    time_elapsed    | 998      |
|    total_timesteps | 230874   |
| train/             |          |
|    actor_loss      | -70.4    |
|    critic_loss     | 3.38     |
|    ent_coef        | 0.06     |
|    ent_coef_loss   | -0.0783  |
|    learning_rate   | 0.000393 |
|    n_updates       | 220873   |
---------------------------------
---------------------------------
| rollout/           |          |
|    ep_len_mean     | 226      |
|    ep_rew_mean     | 268      |
| time/              |          |
|    episodes        | 900      |
|    fps             | 231      |
|    time_elapsed    | 1002     |
|    total_timesteps | 231661   |
| train/             |          |
|    actor_loss      | -72.7    |
|    critic_loss     | 16       |
|    ent_coef        | 0.0568   |
|    ent_coef_loss   | -0.08    |
|    learning_rate   | 0.000392 |
|    n_updates       | 221660   |
---------------------------------
---------------------------------
| rollout/           |          |
|    ep_len_mean     | 226      |
|    ep_rew_mean     | 268      |
| time/              |          |
|    episodes        | 904      |
|    fps             | 231      |
|    time_elapsed    | 1005     |
|    total_timesteps | 232480   |
| train/             |          |
|    actor_loss      | -69.8    |
|    critic_loss     | 6.47     |
|    ent_coef        | 0.0577   |
|    ent_coef_loss   | -0.461   |
|    learning_rate   | 0.000391 |
|    n_updates       | 222479   |
---------------------------------
---------------------------------
| rollout/           |          |
|    ep_len_mean     | 223      |
|    ep_rew_mean     | 268      |
| time/              |          |
|    episodes        | 908      |
|    fps             | 231      |
|    time_elapsed    | 1008     |
|    total_timesteps | 233238   |
| train/             |          |
|    actor_loss      | -70      |
|    critic_loss     | 3.59     |
|    ent_coef        | 0.06     |
|    ent_coef_loss   | -0.181   |
|    learning_rate   | 0.000389 |
|    n_updates       | 223237   |
---------------------------------
---------------------------------
| rollout/           |          |
|    ep_len_mean     | 221      |
|    ep_rew_mean     | 268      |
| time/              |          |
|    episodes        | 912      |
|    fps             | 231      |
|    time_elapsed    | 1012     |
|    total_timesteps | 233994   |
| train/             |          |
|    actor_loss      | -72.8    |
|    critic_loss     | 14.5     |
|    ent_coef        | 0.0569   |
|    ent_coef_loss   | -0.146   |
|    learning_rate   | 0.000388 |
|    n_updates       | 223993   |
---------------------------------
---------------------------------
| rollout/           |          |
|    ep_len_mean     | 221      |
|    ep_rew_mean     | 268      |
| time/              |          |
|    episodes        | 916      |
|    fps             | 231      |
|    time_elapsed    | 1015     |
|    total_timesteps | 234894   |
| train/             |          |
|    actor_loss      | -67      |
|    critic_loss     | 3.8      |
|    ent_coef        | 0.0543   |
|    ent_coef_loss   | 0.837    |
|    learning_rate   | 0.000387 |
|    n_updates       | 224893   |
---------------------------------
---------------------------------
| rollout/           |          |
|    ep_len_mean     | 220      |
|    ep_rew_mean     | 268      |
| time/              |          |
|    episodes        | 920      |
|    fps             | 231      |
|    time_elapsed    | 1019     |
|    total_timesteps | 235697   |
| train/             |          |
|    actor_loss      | -71.3    |
|    critic_loss     | 16.8     |
|    ent_coef        | 0.058    |
|    ent_coef_loss   | 0.333    |
|    learning_rate   | 0.000386 |
|    n_updates       | 225696   |
---------------------------------
---------------------------------
| rollout/           |          |
|    ep_len_mean     | 221      |
|    ep_rew_mean     | 266      |
| time/              |          |
|    episodes        | 924      |
|    fps             | 231      |
|    time_elapsed    | 1023     |
|    total_timesteps | 236585   |
| train/             |          |
|    actor_loss      | -67.9    |
|    critic_loss     | 9.84     |
|    ent_coef        | 0.0574   |
|    ent_coef_loss   | 1.2      |
|    learning_rate   | 0.000385 |
|    n_updates       | 226584   |
---------------------------------
---------------------------------
| rollout/           |          |
|    ep_len_mean     | 221      |
|    ep_rew_mean     | 266      |
| time/              |          |
|    episodes        | 928      |
|    fps             | 231      |
|    time_elapsed    | 1026     |
|    total_timesteps | 237355   |
| train/             |          |
|    actor_loss      | -70.7    |
|    critic_loss     | 9.05     |
|    ent_coef        | 0.0565   |
|    ent_coef_loss   | -0.672   |
|    learning_rate   | 0.000383 |
|    n_updates       | 227354   |
---------------------------------
---------------------------------
| rollout/           |          |
|    ep_len_mean     | 222      |
|    ep_rew_mean     | 266      |
| time/              |          |
|    episodes        | 932      |
|    fps             | 231      |
|    time_elapsed    | 1030     |
|    total_timesteps | 238303   |
| train/             |          |
|    actor_loss      | -72.1    |
|    critic_loss     | 13.8     |
|    ent_coef        | 0.0552   |
|    ent_coef_loss   | -0.158   |
|    learning_rate   | 0.000382 |
|    n_updates       | 228302   |
---------------------------------
---------------------------------
| rollout/           |          |
|    ep_len_mean     | 222      |
|    ep_rew_mean     | 267      |
| time/              |          |
|    episodes        | 936      |
|    fps             | 231      |
|    time_elapsed    | 1034     |
|    total_timesteps | 239084   |
| train/             |          |
|    actor_loss      | -68.3    |
|    critic_loss     | 3.41     |
|    ent_coef        | 0.0566   |
|    ent_coef_loss   | -0.411   |
|    learning_rate   | 0.000381 |
|    n_updates       | 229083   |
---------------------------------
---------------------------------
| rollout/           |          |
|    ep_len_mean     | 222      |
|    ep_rew_mean     | 267      |
| time/              |          |
|    episodes        | 940      |
|    fps             | 231      |
|    time_elapsed    | 1037     |
|    total_timesteps | 239895   |
| train/             |          |
|    actor_loss      | -69      |
|    critic_loss     | 23.6     |
|    ent_coef        | 0.0564   |
|    ent_coef_loss   | 0.163    |
|    learning_rate   | 0.00038  |
|    n_updates       | 229894   |
---------------------------------
Eval num_timesteps=240000, episode_reward=248.40 +/- 76.74
Episode length: 246.60 +/- 121.94
---------------------------------
| eval/              |          |
|    mean_ep_length  | 247      |
|    mean_reward     | 248      |
| time/              |          |
|    total_timesteps | 240000   |
| train/             |          |
|    actor_loss      | -71.2    |
|    critic_loss     | 3.89     |
|    ent_coef        | 0.0557   |
|    ent_coef_loss   | -0.299   |
|    learning_rate   | 0.00038  |
|    n_updates       | 229999   |
---------------------------------
---------------------------------
| rollout/           |          |
|    ep_len_mean     | 223      |
|    ep_rew_mean     | 267      |
| time/              |          |
|    episodes        | 944      |
|    fps             | 231      |
|    time_elapsed    | 1042     |
|    total_timesteps | 240802   |
| train/             |          |
|    actor_loss      | -70.8    |
|    critic_loss     | 13       |
|    ent_coef        | 0.0569   |
|    ent_coef_loss   | -0.839   |
|    learning_rate   | 0.000378 |
|    n_updates       | 230801   |
---------------------------------
---------------------------------
| rollout/           |          |
|    ep_len_mean     | 224      |
|    ep_rew_mean     | 268      |
| time/              |          |
|    episodes        | 948      |
|    fps             | 231      |
|    time_elapsed    | 1046     |
|    total_timesteps | 241844   |
| train/             |          |
|    actor_loss      | -72.5    |
|    critic_loss     | 6.13     |
|    ent_coef        | 0.0577   |
|    ent_coef_loss   | -0.159   |
|    learning_rate   | 0.000377 |
|    n_updates       | 231843   |
---------------------------------
---------------------------------
| rollout/           |          |
|    ep_len_mean     | 225      |
|    ep_rew_mean     | 268      |
| time/              |          |
|    episodes        | 952      |
|    fps             | 231      |
|    time_elapsed    | 1050     |
|    total_timesteps | 242683   |
| train/             |          |
|    actor_loss      | -72.5    |
|    critic_loss     | 8.54     |
|    ent_coef        | 0.058    |
|    ent_coef_loss   | -1.04    |
|    learning_rate   | 0.000376 |
|    n_updates       | 232682   |
---------------------------------
---------------------------------
| rollout/           |          |
|    ep_len_mean     | 225      |
|    ep_rew_mean     | 268      |
| time/              |          |
|    episodes        | 956      |
|    fps             | 231      |
|    time_elapsed    | 1054     |
|    total_timesteps | 243687   |
| train/             |          |
|    actor_loss      | -70.4    |
|    critic_loss     | 11.9     |
|    ent_coef        | 0.0562   |
|    ent_coef_loss   | -0.448   |
|    learning_rate   | 0.000374 |
|    n_updates       | 233686   |
---------------------------------
---------------------------------
| rollout/           |          |
|    ep_len_mean     | 226      |
|    ep_rew_mean     | 268      |
| time/              |          |
|    episodes        | 960      |
|    fps             | 231      |
|    time_elapsed    | 1058     |
|    total_timesteps | 244734   |
| train/             |          |
|    actor_loss      | -70.2    |
|    critic_loss     | 12.4     |
|    ent_coef        | 0.0576   |
|    ent_coef_loss   | 0.045    |
|    learning_rate   | 0.000373 |
|    n_updates       | 234733   |
---------------------------------
---------------------------------
| rollout/           |          |
|    ep_len_mean     | 222      |
|    ep_rew_mean     | 267      |
| time/              |          |
|    episodes        | 964      |
|    fps             | 231      |
|    time_elapsed    | 1062     |
|    total_timesteps | 245420   |
| train/             |          |
|    actor_loss      | -72.4    |
|    critic_loss     | 3.29     |
|    ent_coef        | 0.0573   |
|    ent_coef_loss   | -0.532   |
|    learning_rate   | 0.000372 |
|    n_updates       | 235419   |
---------------------------------
---------------------------------
| rollout/           |          |
|    ep_len_mean     | 221      |
|    ep_rew_mean     | 264      |
| time/              |          |
|    episodes        | 968      |
|    fps             | 230      |
|    time_elapsed    | 1065     |
|    total_timesteps | 246121   |
| train/             |          |
|    actor_loss      | -72.7    |
|    critic_loss     | 11.9     |
|    ent_coef        | 0.0601   |
|    ent_coef_loss   | -0.026   |
|    learning_rate   | 0.000371 |
|    n_updates       | 236120   |
---------------------------------
---------------------------------
| rollout/           |          |
|    ep_len_mean     | 216      |
|    ep_rew_mean     | 264      |
| time/              |          |
|    episodes        | 972      |
|    fps             | 230      |
|    time_elapsed    | 1069     |
|    total_timesteps | 246924   |
| train/             |          |
|    actor_loss      | -74.5    |
|    critic_loss     | 4        |
|    ent_coef        | 0.0591   |
|    ent_coef_loss   | -0.359   |
|    learning_rate   | 0.000369 |
|    n_updates       | 236923   |
---------------------------------
---------------------------------
| rollout/           |          |
|    ep_len_mean     | 222      |
|    ep_rew_mean     | 264      |
| time/              |          |
|    episodes        | 976      |
|    fps             | 230      |
|    time_elapsed    | 1075     |
|    total_timesteps | 248262   |
| train/             |          |
|    actor_loss      | -71.5    |
|    critic_loss     | 14.3     |
|    ent_coef        | 0.0576   |
|    ent_coef_loss   | 0.0318   |
|    learning_rate   | 0.000368 |
|    n_updates       | 238261   |
---------------------------------
---------------------------------
| rollout/           |          |
|    ep_len_mean     | 215      |
|    ep_rew_mean     | 262      |
| time/              |          |
|    episodes        | 980      |
|    fps             | 230      |
|    time_elapsed    | 1079     |
|    total_timesteps | 249004   |
| train/             |          |
|    actor_loss      | -71.9    |
|    critic_loss     | 2.52     |
|    ent_coef        | 0.0592   |
|    ent_coef_loss   | 0.448    |
|    learning_rate   | 0.000366 |
|    n_updates       | 239003   |
---------------------------------
---------------------------------
| rollout/           |          |
|    ep_len_mean     | 216      |
|    ep_rew_mean     | 263      |
| time/              |          |
|    episodes        | 984      |
|    fps             | 230      |
|    time_elapsed    | 1083     |
|    total_timesteps | 249938   |
| train/             |          |
|    actor_loss      | -74      |
|    critic_loss     | 6.87     |
|    ent_coef        | 0.0601   |
|    ent_coef_loss   | -0.0353  |
|    learning_rate   | 0.000365 |
|    n_updates       | 239937   |
---------------------------------
Eval num_timesteps=250000, episode_reward=257.31 +/- 26.01
Episode length: 387.80 +/- 254.38
---------------------------------
| eval/              |          |
|    mean_ep_length  | 388      |
|    mean_reward     | 257      |
| time/              |          |
|    total_timesteps | 250000   |
| train/             |          |
|    actor_loss      | -73.8    |
|    critic_loss     | 2.3      |
|    ent_coef        | 0.0606   |
|    ent_coef_loss   | 0.11     |
|    learning_rate   | 0.000365 |
|    n_updates       | 239999   |
---------------------------------
---------------------------------
| rollout/           |          |
|    ep_len_mean     | 215      |
|    ep_rew_mean     | 263      |
| time/              |          |
|    episodes        | 988      |
|    fps             | 230      |
|    time_elapsed    | 1088     |
|    total_timesteps | 250739   |
| train/             |          |
|    actor_loss      | -71.6    |
|    critic_loss     | 2.2      |
|    ent_coef        | 0.0581   |
|    ent_coef_loss   | -0.321   |
|    learning_rate   | 0.000364 |
|    n_updates       | 240738   |
---------------------------------
---------------------------------
| rollout/           |          |
|    ep_len_mean     | 217      |
|    ep_rew_mean     | 262      |
| time/              |          |
|    episodes        | 992      |
|    fps             | 230      |
|    time_elapsed    | 1093     |
|    total_timesteps | 251704   |
| train/             |          |
|    actor_loss      | -70.3    |
|    critic_loss     | 2.47     |
|    ent_coef        | 0.0601   |
|    ent_coef_loss   | -0.172   |
|    learning_rate   | 0.000363 |
|    n_updates       | 241703   |
---------------------------------
---------------------------------
| rollout/           |          |
|    ep_len_mean     | 217      |
|    ep_rew_mean     | 262      |
| time/              |          |
|    episodes        | 996      |
|    fps             | 230      |
|    time_elapsed    | 1096     |
|    total_timesteps | 252540   |
| train/             |          |
|    actor_loss      | -72.8    |
|    critic_loss     | 10.8     |
|    ent_coef        | 0.0582   |
|    ent_coef_loss   | -0.599   |
|    learning_rate   | 0.000361 |
|    n_updates       | 242539   |
---------------------------------
---------------------------------
| rollout/           |          |
|    ep_len_mean     | 217      |
|    ep_rew_mean     | 262      |
| time/              |          |
|    episodes        | 1000     |
|    fps             | 230      |
|    time_elapsed    | 1100     |
|    total_timesteps | 253381   |
| train/             |          |
|    actor_loss      | -72.2    |
|    critic_loss     | 9.02     |
|    ent_coef        | 0.0585   |
|    ent_coef_loss   | 0.0105   |
|    learning_rate   | 0.00036  |
|    n_updates       | 243380   |
---------------------------------
---------------------------------
| rollout/           |          |
|    ep_len_mean     | 218      |
|    ep_rew_mean     | 263      |
| time/              |          |
|    episodes        | 1004     |
|    fps             | 230      |
|    time_elapsed    | 1104     |
|    total_timesteps | 254282   |
| train/             |          |
|    actor_loss      | -75.8    |
|    critic_loss     | 3.5      |
|    ent_coef        | 0.0578   |
|    ent_coef_loss   | -0.107   |
|    learning_rate   | 0.000359 |
|    n_updates       | 244281   |
---------------------------------
---------------------------------
| rollout/           |          |
|    ep_len_mean     | 219      |
|    ep_rew_mean     | 262      |
| time/              |          |
|    episodes        | 1008     |
|    fps             | 230      |
|    time_elapsed    | 1107     |
|    total_timesteps | 255108   |
| train/             |          |
|    actor_loss      | -70.9    |
|    critic_loss     | 18.3     |
|    ent_coef        | 0.0606   |
|    ent_coef_loss   | 0.228    |
|    learning_rate   | 0.000358 |
|    n_updates       | 245107   |
---------------------------------
---------------------------------
| rollout/           |          |
|    ep_len_mean     | 219      |
|    ep_rew_mean     | 262      |
| time/              |          |
|    episodes        | 1012     |
|    fps             | 230      |
|    time_elapsed    | 1111     |
|    total_timesteps | 255917   |
| train/             |          |
|    actor_loss      | -70.4    |
|    critic_loss     | 11.6     |
|    ent_coef        | 0.0579   |
|    ent_coef_loss   | -0.178   |
|    learning_rate   | 0.000356 |
|    n_updates       | 245916   |
---------------------------------
---------------------------------
| rollout/           |          |
|    ep_len_mean     | 218      |
|    ep_rew_mean     | 261      |
| time/              |          |
|    episodes        | 1016     |
|    fps             | 230      |
|    time_elapsed    | 1114     |
|    total_timesteps | 256737   |
| train/             |          |
|    actor_loss      | -71.5    |
|    critic_loss     | 7.32     |
|    ent_coef        | 0.0601   |
|    ent_coef_loss   | -0.128   |
|    learning_rate   | 0.000355 |
|    n_updates       | 246736   |
---------------------------------
---------------------------------
| rollout/           |          |
|    ep_len_mean     | 218      |
|    ep_rew_mean     | 261      |
| time/              |          |
|    episodes        | 1020     |
|    fps             | 230      |
|    time_elapsed    | 1117     |
|    total_timesteps | 257476   |
| train/             |          |
|    actor_loss      | -72.8    |
|    critic_loss     | 8.06     |
|    ent_coef        | 0.0573   |
|    ent_coef_loss   | 0.252    |
|    learning_rate   | 0.000354 |
|    n_updates       | 247475   |
---------------------------------
---------------------------------
| rollout/           |          |
|    ep_len_mean     | 216      |
|    ep_rew_mean     | 260      |
| time/              |          |
|    episodes        | 1024     |
|    fps             | 230      |
|    time_elapsed    | 1120     |
|    total_timesteps | 258160   |
| train/             |          |
|    actor_loss      | -73.8    |
|    critic_loss     | 4.63     |
|    ent_coef        | 0.0574   |
|    ent_coef_loss   | -0.493   |
|    learning_rate   | 0.000353 |
|    n_updates       | 248159   |
---------------------------------
---------------------------------
| rollout/           |          |
|    ep_len_mean     | 216      |
|    ep_rew_mean     | 257      |
| time/              |          |
|    episodes        | 1028     |
|    fps             | 230      |
|    time_elapsed    | 1123     |
|    total_timesteps | 258948   |
| train/             |          |
|    actor_loss      | -75.7    |
|    critic_loss     | 8.37     |
|    ent_coef        | 0.0612   |
|    ent_coef_loss   | 0.112    |
|    learning_rate   | 0.000352 |
|    n_updates       | 248947   |
---------------------------------
---------------------------------
| rollout/           |          |
|    ep_len_mean     | 216      |
|    ep_rew_mean     | 257      |
| time/              |          |
|    episodes        | 1032     |
|    fps             | 230      |
|    time_elapsed    | 1127     |
|    total_timesteps | 259901   |
| train/             |          |
|    actor_loss      | -76      |
|    critic_loss     | 6.73     |
|    ent_coef        | 0.0598   |
|    ent_coef_loss   | -0.0731  |
|    learning_rate   | 0.000351 |
|    n_updates       | 249900   |
---------------------------------
Eval num_timesteps=260000, episode_reward=263.47 +/- 26.62
Episode length: 291.80 +/- 145.11
---------------------------------
| eval/              |          |
|    mean_ep_length  | 292      |
|    mean_reward     | 263      |
| time/              |          |
|    total_timesteps | 260000   |
| train/             |          |
|    actor_loss      | -70.8    |
|    critic_loss     | 16.1     |
|    ent_coef        | 0.0596   |
|    ent_coef_loss   | -0.485   |
|    learning_rate   | 0.00035  |
|    n_updates       | 249999   |
---------------------------------
---------------------------------
| rollout/           |          |
|    ep_len_mean     | 220      |
|    ep_rew_mean     | 253      |
| time/              |          |
|    episodes        | 1036     |
|    fps             | 230      |
|    time_elapsed    | 1133     |
|    total_timesteps | 261040   |
| train/             |          |
|    actor_loss      | -71.2    |
|    critic_loss     | 39       |
|    ent_coef        | 0.0588   |
|    ent_coef_loss   | 0.154    |
|    learning_rate   | 0.000349 |
|    n_updates       | 251039   |
---------------------------------
---------------------------------
| rollout/           |          |
|    ep_len_mean     | 220      |
|    ep_rew_mean     | 254      |
| time/              |          |
|    episodes        | 1040     |
|    fps             | 230      |
|    time_elapsed    | 1137     |
|    total_timesteps | 261895   |
| train/             |          |
|    actor_loss      | -75      |
|    critic_loss     | 8.94     |
|    ent_coef        | 0.0585   |
|    ent_coef_loss   | -0.363   |
|    learning_rate   | 0.000348 |
|    n_updates       | 251894   |
---------------------------------
---------------------------------
| rollout/           |          |
|    ep_len_mean     | 219      |
|    ep_rew_mean     | 253      |
| time/              |          |
|    episodes        | 1044     |
|    fps             | 230      |
|    time_elapsed    | 1141     |
|    total_timesteps | 262671   |
| train/             |          |
|    actor_loss      | -73.7    |
|    critic_loss     | 5.08     |
|    ent_coef        | 0.0591   |
|    ent_coef_loss   | -0.135   |
|    learning_rate   | 0.000347 |
|    n_updates       | 252670   |
---------------------------------
---------------------------------
| rollout/           |          |
|    ep_len_mean     | 221      |
|    ep_rew_mean     | 250      |
| time/              |          |
|    episodes        | 1048     |
|    fps             | 230      |
|    time_elapsed    | 1147     |
|    total_timesteps | 263982   |
| train/             |          |
|    actor_loss      | -75.8    |
|    critic_loss     | 3.89     |
|    ent_coef        | 0.0587   |
|    ent_coef_loss   | -0.116   |
|    learning_rate   | 0.000345 |
|    n_updates       | 253981   |
---------------------------------
---------------------------------
| rollout/           |          |
|    ep_len_mean     | 222      |
|    ep_rew_mean     | 250      |
| time/              |          |
|    episodes        | 1052     |
|    fps             | 229      |
|    time_elapsed    | 1151     |
|    total_timesteps | 264885   |
| train/             |          |
|    actor_loss      | -71.8    |
|    critic_loss     | 8.56     |
|    ent_coef        | 0.0627   |
|    ent_coef_loss   | 0.813    |
|    learning_rate   | 0.000343 |
|    n_updates       | 254884   |
---------------------------------
---------------------------------
| rollout/           |          |
|    ep_len_mean     | 219      |
|    ep_rew_mean     | 251      |
| time/              |          |
|    episodes        | 1056     |
|    fps             | 229      |
|    time_elapsed    | 1155     |
|    total_timesteps | 265635   |
| train/             |          |
|    actor_loss      | -71.7    |
|    critic_loss     | 14.5     |
|    ent_coef        | 0.0617   |
|    ent_coef_loss   | -0.00135 |
|    learning_rate   | 0.000342 |
|    n_updates       | 255634   |
---------------------------------
---------------------------------
| rollout/           |          |
|    ep_len_mean     | 218      |
|    ep_rew_mean     | 251      |
| time/              |          |
|    episodes        | 1060     |
|    fps             | 229      |
|    time_elapsed    | 1159     |
|    total_timesteps | 266506   |
| train/             |          |
|    actor_loss      | -70.5    |
|    critic_loss     | 13.4     |
|    ent_coef        | 0.062    |
|    ent_coef_loss   | 0.596    |
|    learning_rate   | 0.000341 |
|    n_updates       | 256505   |
---------------------------------
---------------------------------
| rollout/           |          |
|    ep_len_mean     | 220      |
|    ep_rew_mean     | 249      |
| time/              |          |
|    episodes        | 1064     |
|    fps             | 229      |
|    time_elapsed    | 1164     |
|    total_timesteps | 267438   |
| train/             |          |
|    actor_loss      | -70.1    |
|    critic_loss     | 7.14     |
|    ent_coef        | 0.0622   |
|    ent_coef_loss   | 0.482    |
|    learning_rate   | 0.00034  |
|    n_updates       | 257437   |
---------------------------------
---------------------------------
| rollout/           |          |
|    ep_len_mean     | 224      |
|    ep_rew_mean     | 250      |
| time/              |          |
|    episodes        | 1068     |
|    fps             | 229      |
|    time_elapsed    | 1169     |
|    total_timesteps | 268548   |
| train/             |          |
|    actor_loss      | -69.3    |
|    critic_loss     | 9.38     |
|    ent_coef        | 0.0593   |
|    ent_coef_loss   | -0.131   |
|    learning_rate   | 0.000338 |
|    n_updates       | 258547   |
---------------------------------
---------------------------------
| rollout/           |          |
|    ep_len_mean     | 227      |
|    ep_rew_mean     | 250      |
| time/              |          |
|    episodes        | 1072     |
|    fps             | 229      |
|    time_elapsed    | 1174     |
|    total_timesteps | 269583   |
| train/             |          |
|    actor_loss      | -69.8    |
|    critic_loss     | 10.2     |
|    ent_coef        | 0.0583   |
|    ent_coef_loss   | 0.894    |
|    learning_rate   | 0.000336 |
|    n_updates       | 259582   |
---------------------------------
Eval num_timesteps=270000, episode_reward=268.88 +/- 18.56
Episode length: 227.30 +/- 37.22
---------------------------------
| eval/              |          |
|    mean_ep_length  | 227      |
|    mean_reward     | 269      |
| time/              |          |
|    total_timesteps | 270000   |
| train/             |          |
|    actor_loss      | -71.9    |
|    critic_loss     | 23       |
|    ent_coef        | 0.06     |
|    ent_coef_loss   | 0.449    |
|    learning_rate   | 0.000336 |
|    n_updates       | 259999   |
---------------------------------
---------------------------------
| rollout/           |          |
|    ep_len_mean     | 223      |
|    ep_rew_mean     | 253      |
| time/              |          |
|    episodes        | 1076     |
|    fps             | 229      |
|    time_elapsed    | 1180     |
|    total_timesteps | 270565   |
| train/             |          |
|    actor_loss      | -69.5    |
|    critic_loss     | 7.02     |
|    ent_coef        | 0.0598   |
|    ent_coef_loss   | 0.167    |
|    learning_rate   | 0.000335 |
|    n_updates       | 260564   |
---------------------------------
---------------------------------
| rollout/           |          |
|    ep_len_mean     | 226      |
|    ep_rew_mean     | 253      |
| time/              |          |
|    episodes        | 1080     |
|    fps             | 229      |
|    time_elapsed    | 1185     |
|    total_timesteps | 271647   |
| train/             |          |
|    actor_loss      | -71.2    |
|    critic_loss     | 2.73     |
|    ent_coef        | 0.0591   |
|    ent_coef_loss   | 0.94     |
|    learning_rate   | 0.000333 |
|    n_updates       | 261646   |
---------------------------------
---------------------------------
| rollout/           |          |
|    ep_len_mean     | 226      |
|    ep_rew_mean     | 252      |
| time/              |          |
|    episodes        | 1084     |
|    fps             | 229      |
|    time_elapsed    | 1189     |
|    total_timesteps | 272518   |
| train/             |          |
|    actor_loss      | -72.9    |
|    critic_loss     | 4.07     |
|    ent_coef        | 0.0586   |
|    ent_coef_loss   | 0.137    |
|    learning_rate   | 0.000332 |
|    n_updates       | 262517   |
---------------------------------
---------------------------------
| rollout/           |          |
|    ep_len_mean     | 226      |
|    ep_rew_mean     | 251      |
| time/              |          |
|    episodes        | 1088     |
|    fps             | 229      |
|    time_elapsed    | 1192     |
|    total_timesteps | 273349   |
| train/             |          |
|    actor_loss      | -72.9    |
|    critic_loss     | 6.43     |
|    ent_coef        | 0.057    |
|    ent_coef_loss   | -0.529   |
|    learning_rate   | 0.000331 |
|    n_updates       | 263348   |
---------------------------------
---------------------------------
| rollout/           |          |
|    ep_len_mean     | 224      |
|    ep_rew_mean     | 252      |
| time/              |          |
|    episodes        | 1092     |
|    fps             | 229      |
|    time_elapsed    | 1196     |
|    total_timesteps | 274150   |
| train/             |          |
|    actor_loss      | -72.4    |
|    critic_loss     | 5.33     |
|    ent_coef        | 0.057    |
|    ent_coef_loss   | 0.203    |
|    learning_rate   | 0.00033  |
|    n_updates       | 264149   |
---------------------------------
---------------------------------
| rollout/           |          |
|    ep_len_mean     | 223      |
|    ep_rew_mean     | 252      |
| time/              |          |
|    episodes        | 1096     |
|    fps             | 229      |
|    time_elapsed    | 1199     |
|    total_timesteps | 274886   |
| train/             |          |
|    actor_loss      | -70.7    |
|    critic_loss     | 3.62     |
|    ent_coef        | 0.0573   |
|    ent_coef_loss   | 0.384    |
|    learning_rate   | 0.000329 |
|    n_updates       | 264885   |
---------------------------------
---------------------------------
| rollout/           |          |
|    ep_len_mean     | 223      |
|    ep_rew_mean     | 252      |
| time/              |          |
|    episodes        | 1100     |
|    fps             | 229      |
|    time_elapsed    | 1202     |
|    total_timesteps | 275670   |
| train/             |          |
|    actor_loss      | -72.1    |
|    critic_loss     | 2.51     |
|    ent_coef        | 0.0563   |
|    ent_coef_loss   | -0.759   |
|    learning_rate   | 0.000328 |
|    n_updates       | 265669   |
---------------------------------
---------------------------------
| rollout/           |          |
|    ep_len_mean     | 222      |
|    ep_rew_mean     | 249      |
| time/              |          |
|    episodes        | 1104     |
|    fps             | 229      |
|    time_elapsed    | 1205     |
|    total_timesteps | 276484   |
| train/             |          |
|    actor_loss      | -70.4    |
|    critic_loss     | 76.8     |
|    ent_coef        | 0.0556   |
|    ent_coef_loss   | -0.0741  |
|    learning_rate   | 0.000326 |
|    n_updates       | 266483   |
---------------------------------
---------------------------------
| rollout/           |          |
|    ep_len_mean     | 226      |
|    ep_rew_mean     | 250      |
| time/              |          |
|    episodes        | 1108     |
|    fps             | 229      |
|    time_elapsed    | 1210     |
|    total_timesteps | 277689   |
| train/             |          |
|    actor_loss      | -73.7    |
|    critic_loss     | 3.68     |
|    ent_coef        | 0.0554   |
|    ent_coef_loss   | -0.0043  |
|    learning_rate   | 0.000325 |
|    n_updates       | 267688   |
---------------------------------
---------------------------------
| rollout/           |          |
|    ep_len_mean     | 229      |
|    ep_rew_mean     | 251      |
| time/              |          |
|    episodes        | 1112     |
|    fps             | 229      |
|    time_elapsed    | 1215     |
|    total_timesteps | 278861   |
| train/             |          |
|    actor_loss      | -73.8    |
|    critic_loss     | 6.42     |
|    ent_coef        | 0.0569   |
|    ent_coef_loss   | -0.701   |
|    learning_rate   | 0.000323 |
|    n_updates       | 268860   |
---------------------------------
---------------------------------
| rollout/           |          |
|    ep_len_mean     | 228      |
|    ep_rew_mean     | 251      |
| time/              |          |
|    episodes        | 1116     |
|    fps             | 229      |
|    time_elapsed    | 1218     |
|    total_timesteps | 279565   |
| train/             |          |
|    actor_loss      | -70.2    |
|    critic_loss     | 10.3     |
|    ent_coef        | 0.0554   |
|    ent_coef_loss   | -0.757   |
|    learning_rate   | 0.000322 |
|    n_updates       | 269564   |
---------------------------------
Eval num_timesteps=280000, episode_reward=264.98 +/- 69.57
Episode length: 192.20 +/- 33.41
---------------------------------
| eval/              |          |
|    mean_ep_length  | 192      |
|    mean_reward     | 265      |
| time/              |          |
|    total_timesteps | 280000   |
| train/             |          |
|    actor_loss      | -73.6    |
|    critic_loss     | 67.6     |
|    ent_coef        | 0.0552   |
|    ent_coef_loss   | 0.264    |
|    learning_rate   | 0.000321 |
|    n_updates       | 269999   |
---------------------------------
---------------------------------
| rollout/           |          |
|    ep_len_mean     | 228      |
|    ep_rew_mean     | 250      |
| time/              |          |
|    episodes        | 1120     |
|    fps             | 229      |
|    time_elapsed    | 1222     |
|    total_timesteps | 280274   |
| train/             |          |
|    actor_loss      | -69.3    |
|    critic_loss     | 10.3     |
|    ent_coef        | 0.0554   |
|    ent_coef_loss   | 0.0906   |
|    learning_rate   | 0.000321 |
|    n_updates       | 270273   |
---------------------------------
---------------------------------
| rollout/           |          |
|    ep_len_mean     | 229      |
|    ep_rew_mean     | 254      |
| time/              |          |
|    episodes        | 1124     |
|    fps             | 229      |
|    time_elapsed    | 1225     |
|    total_timesteps | 281073   |
| train/             |          |
|    actor_loss      | -72.3    |
|    critic_loss     | 4.22     |
|    ent_coef        | 0.0534   |
|    ent_coef_loss   | 0.0684   |
|    learning_rate   | 0.00032  |
|    n_updates       | 271072   |
---------------------------------
---------------------------------
| rollout/           |          |
|    ep_len_mean     | 229      |
|    ep_rew_mean     | 257      |
| time/              |          |
|    episodes        | 1128     |
|    fps             | 229      |
|    time_elapsed    | 1229     |
|    total_timesteps | 281892   |
| train/             |          |
|    actor_loss      | -70.9    |
|    critic_loss     | 3.8      |
|    ent_coef        | 0.0529   |
|    ent_coef_loss   | -0.359   |
|    learning_rate   | 0.000318 |
|    n_updates       | 271891   |
---------------------------------
---------------------------------
| rollout/           |          |
|    ep_len_mean     | 228      |
|    ep_rew_mean     | 257      |
| time/              |          |
|    episodes        | 1132     |
|    fps             | 229      |
|    time_elapsed    | 1232     |
|    total_timesteps | 282667   |
| train/             |          |
|    actor_loss      | -71.3    |
|    critic_loss     | 9.12     |
|    ent_coef        | 0.0547   |
|    ent_coef_loss   | 0.496    |
|    learning_rate   | 0.000317 |
|    n_updates       | 272666   |
---------------------------------
---------------------------------
| rollout/           |          |
|    ep_len_mean     | 224      |
|    ep_rew_mean     | 260      |
| time/              |          |
|    episodes        | 1136     |
|    fps             | 229      |
|    time_elapsed    | 1235     |
|    total_timesteps | 283456   |
| train/             |          |
|    actor_loss      | -74.2    |
|    critic_loss     | 7.24     |
|    ent_coef        | 0.0555   |
|    ent_coef_loss   | -0.436   |
|    learning_rate   | 0.000316 |
|    n_updates       | 273455   |
---------------------------------
---------------------------------
| rollout/           |          |
|    ep_len_mean     | 223      |
|    ep_rew_mean     | 260      |
| time/              |          |
|    episodes        | 1140     |
|    fps             | 229      |
|    time_elapsed    | 1238     |
|    total_timesteps | 284175   |
| train/             |          |
|    actor_loss      | -74.3    |
|    critic_loss     | 2.52     |
|    ent_coef        | 0.0577   |
|    ent_coef_loss   | 0.103    |
|    learning_rate   | 0.000315 |
|    n_updates       | 274174   |
---------------------------------
---------------------------------
| rollout/           |          |
|    ep_len_mean     | 223      |
|    ep_rew_mean     | 260      |
| time/              |          |
|    episodes        | 1144     |
|    fps             | 229      |
|    time_elapsed    | 1242     |
|    total_timesteps | 284971   |
| train/             |          |
|    actor_loss      | -71.6    |
|    critic_loss     | 9.63     |
|    ent_coef        | 0.0578   |
|    ent_coef_loss   | 0.27     |
|    learning_rate   | 0.000314 |
|    n_updates       | 274970   |
---------------------------------
---------------------------------
| rollout/           |          |
|    ep_len_mean     | 217      |
|    ep_rew_mean     | 264      |
| time/              |          |
|    episodes        | 1148     |
|    fps             | 229      |
|    time_elapsed    | 1245     |
|    total_timesteps | 285681   |
| train/             |          |
|    actor_loss      | -72.2    |
|    critic_loss     | 5.33     |
|    ent_coef        | 0.0567   |
|    ent_coef_loss   | 0.465    |
|    learning_rate   | 0.000313 |
|    n_updates       | 275680   |
---------------------------------
---------------------------------
| rollout/           |          |
|    ep_len_mean     | 216      |
|    ep_rew_mean     | 263      |
| time/              |          |
|    episodes        | 1152     |
|    fps             | 229      |
|    time_elapsed    | 1248     |
|    total_timesteps | 286448   |
| train/             |          |
|    actor_loss      | -74.3    |
|    critic_loss     | 16.3     |
|    ent_coef        | 0.0577   |
|    ent_coef_loss   | -0.24    |
|    learning_rate   | 0.000312 |
|    n_updates       | 276447   |
---------------------------------
---------------------------------
| rollout/           |          |
|    ep_len_mean     | 216      |
|    ep_rew_mean     | 263      |
| time/              |          |
|    episodes        | 1156     |
|    fps             | 229      |
|    time_elapsed    | 1251     |
|    total_timesteps | 287263   |
| train/             |          |
|    actor_loss      | -72.5    |
|    critic_loss     | 6.14     |
|    ent_coef        | 0.0574   |
|    ent_coef_loss   | 0.156    |
|    learning_rate   | 0.000311 |
|    n_updates       | 277262   |
---------------------------------
---------------------------------
| rollout/           |          |
|    ep_len_mean     | 215      |
|    ep_rew_mean     | 263      |
| time/              |          |
|    episodes        | 1160     |
|    fps             | 229      |
|    time_elapsed    | 1254     |
|    total_timesteps | 288001   |
| train/             |          |
|    actor_loss      | -72.3    |
|    critic_loss     | 7.28     |
|    ent_coef        | 0.0569   |
|    ent_coef_loss   | -0.195   |
|    learning_rate   | 0.00031  |
|    n_updates       | 278000   |
---------------------------------
---------------------------------
| rollout/           |          |
|    ep_len_mean     | 213      |
|    ep_rew_mean     | 266      |
| time/              |          |
|    episodes        | 1164     |
|    fps             | 229      |
|    time_elapsed    | 1258     |
|    total_timesteps | 288761   |
| train/             |          |
|    actor_loss      | -73.9    |
|    critic_loss     | 8.78     |
|    ent_coef        | 0.0588   |
|    ent_coef_loss   | 0.691    |
|    learning_rate   | 0.000308 |
|    n_updates       | 278760   |
---------------------------------
---------------------------------
| rollout/           |          |
|    ep_len_mean     | 210      |
|    ep_rew_mean     | 267      |
| time/              |          |
|    episodes        | 1168     |
|    fps             | 229      |
|    time_elapsed    | 1261     |
|    total_timesteps | 289526   |
| train/             |          |
|    actor_loss      | -74.7    |
|    critic_loss     | 3.26     |
|    ent_coef        | 0.0588   |
|    ent_coef_loss   | 0.902    |
|    learning_rate   | 0.000307 |
|    n_updates       | 279525   |
---------------------------------
Eval num_timesteps=290000, episode_reward=283.77 +/- 18.38
Episode length: 197.50 +/- 17.04
---------------------------------
| eval/              |          |
|    mean_ep_length  | 198      |
|    mean_reward     | 284      |
| time/              |          |
|    total_timesteps | 290000   |
| train/             |          |
|    actor_loss      | -74.3    |
|    critic_loss     | 3.75     |
|    ent_coef        | 0.0583   |
|    ent_coef_loss   | -0.0851  |
|    learning_rate   | 0.000307 |
|    n_updates       | 279999   |
---------------------------------
New best mean reward!
---------------------------------
| rollout/           |          |
|    ep_len_mean     | 207      |
|    ep_rew_mean     | 268      |
| time/              |          |
|    episodes        | 1172     |
|    fps             | 229      |
|    time_elapsed    | 1265     |
|    total_timesteps | 290292   |
| train/             |          |
|    actor_loss      | -70.1    |
|    critic_loss     | 11.6     |
|    ent_coef        | 0.0578   |
|    ent_coef_loss   | 0.518    |
|    learning_rate   | 0.000306 |
|    n_updates       | 280291   |
---------------------------------
---------------------------------
| rollout/           |          |
|    ep_len_mean     | 205      |
|    ep_rew_mean     | 269      |
| time/              |          |
|    episodes        | 1176     |
|    fps             | 229      |
|    time_elapsed    | 1268     |
|    total_timesteps | 291042   |
| train/             |          |
|    actor_loss      | -74.7    |
|    critic_loss     | 3.77     |
|    ent_coef        | 0.0571   |
|    ent_coef_loss   | -0.364   |
|    learning_rate   | 0.000305 |
|    n_updates       | 281041   |
---------------------------------
---------------------------------
| rollout/           |          |
|    ep_len_mean     | 201      |
|    ep_rew_mean     | 269      |
| time/              |          |
|    episodes        | 1180     |
|    fps             | 229      |
|    time_elapsed    | 1271     |
|    total_timesteps | 291792   |
| train/             |          |
|    actor_loss      | -71.8    |
|    critic_loss     | 2.71     |
|    ent_coef        | 0.0559   |
|    ent_coef_loss   | -0.498   |
|    learning_rate   | 0.000304 |
|    n_updates       | 281791   |
---------------------------------
---------------------------------
| rollout/           |          |
|    ep_len_mean     | 200      |
|    ep_rew_mean     | 270      |
| time/              |          |
|    episodes        | 1184     |
|    fps             | 229      |
|    time_elapsed    | 1274     |
|    total_timesteps | 292497   |
| train/             |          |
|    actor_loss      | -73.5    |
|    critic_loss     | 2.08     |
|    ent_coef        | 0.0577   |
|    ent_coef_loss   | -0.143   |
|    learning_rate   | 0.000303 |
|    n_updates       | 282496   |
---------------------------------
---------------------------------
| rollout/           |          |
|    ep_len_mean     | 203      |
|    ep_rew_mean     | 272      |
| time/              |          |
|    episodes        | 1188     |
|    fps             | 229      |
|    time_elapsed    | 1279     |
|    total_timesteps | 293644   |
| train/             |          |
|    actor_loss      | -73.6    |
|    critic_loss     | 12.7     |
|    ent_coef        | 0.0557   |
|    ent_coef_loss   | 0.255    |
|    learning_rate   | 0.000301 |
|    n_updates       | 283643   |
---------------------------------
---------------------------------
| rollout/           |          |
|    ep_len_mean     | 204      |
|    ep_rew_mean     | 271      |
| time/              |          |
|    episodes        | 1192     |
|    fps             | 229      |
|    time_elapsed    | 1282     |
|    total_timesteps | 294533   |
| train/             |          |
|    actor_loss      | -77.6    |
|    critic_loss     | 2.76     |
|    ent_coef        | 0.0549   |
|    ent_coef_loss   | 0.113    |
|    learning_rate   | 0.0003   |
|    n_updates       | 284532   |
---------------------------------
---------------------------------
| rollout/           |          |
|    ep_len_mean     | 204      |
|    ep_rew_mean     | 272      |
| time/              |          |
|    episodes        | 1196     |
|    fps             | 229      |
|    time_elapsed    | 1286     |
|    total_timesteps | 295286   |
| train/             |          |
|    actor_loss      | -73.1    |
|    critic_loss     | 2.83     |
|    ent_coef        | 0.0565   |
|    ent_coef_loss   | -0.0491  |
|    learning_rate   | 0.000299 |
|    n_updates       | 285285   |
---------------------------------
---------------------------------
| rollout/           |          |
|    ep_len_mean     | 203      |
|    ep_rew_mean     | 272      |
| time/              |          |
|    episodes        | 1200     |
|    fps             | 229      |
|    time_elapsed    | 1289     |
|    total_timesteps | 296005   |
| train/             |          |
|    actor_loss      | -71.5    |
|    critic_loss     | 12.2     |
|    ent_coef        | 0.0574   |
|    ent_coef_loss   | 0.281    |
|    learning_rate   | 0.000298 |
|    n_updates       | 286004   |
---------------------------------
---------------------------------
| rollout/           |          |
|    ep_len_mean     | 203      |
|    ep_rew_mean     | 274      |
| time/              |          |
|    episodes        | 1204     |
|    fps             | 229      |
|    time_elapsed    | 1292     |
|    total_timesteps | 296789   |
| train/             |          |
|    actor_loss      | -74.3    |
|    critic_loss     | 24.6     |
|    ent_coef        | 0.0563   |
|    ent_coef_loss   | 0.0641   |
|    learning_rate   | 0.000297 |
|    n_updates       | 286788   |
---------------------------------
---------------------------------
| rollout/           |          |
|    ep_len_mean     | 204      |
|    ep_rew_mean     | 274      |
| time/              |          |
|    episodes        | 1208     |
|    fps             | 229      |
|    time_elapsed    | 1297     |
|    total_timesteps | 298050   |
| train/             |          |
|    actor_loss      | -73.7    |
|    critic_loss     | 2.96     |
|    ent_coef        | 0.0551   |
|    ent_coef_loss   | 0.25     |
|    learning_rate   | 0.000295 |
|    n_updates       | 288049   |
---------------------------------
---------------------------------
| rollout/           |          |
|    ep_len_mean     | 200      |
|    ep_rew_mean     | 274      |
| time/              |          |
|    episodes        | 1212     |
|    fps             | 229      |
|    time_elapsed    | 1301     |
|    total_timesteps | 298827   |
| train/             |          |
|    actor_loss      | -73.2    |
|    critic_loss     | 12.3     |
|    ent_coef        | 0.0535   |
|    ent_coef_loss   | 0.0597   |
|    learning_rate   | 0.000294 |
|    n_updates       | 288826   |
---------------------------------
---------------------------------
| rollout/           |          |
|    ep_len_mean     | 200      |
|    ep_rew_mean     | 275      |
| time/              |          |
|    episodes        | 1216     |
|    fps             | 229      |
|    time_elapsed    | 1304     |
|    total_timesteps | 299554   |
| train/             |          |
|    actor_loss      | -73.9    |
|    critic_loss     | 6.18     |
|    ent_coef        | 0.0531   |
|    ent_coef_loss   | -0.232   |
|    learning_rate   | 0.000293 |
|    n_updates       | 289553   |
---------------------------------
Eval num_timesteps=300000, episode_reward=275.02 +/- 22.07
Episode length: 200.30 +/- 20.02
---------------------------------
| eval/              |          |
|    mean_ep_length  | 200      |
|    mean_reward     | 275      |
| time/              |          |
|    total_timesteps | 300000   |
| train/             |          |
|    actor_loss      | -74.9    |
|    critic_loss     | 45.5     |
|    ent_coef        | 0.0534   |
|    ent_coef_loss   | -0.0258  |
|    learning_rate   | 0.000292 |
|    n_updates       | 289999   |
---------------------------------
---------------------------------
| rollout/           |          |
|    ep_len_mean     | 200      |
|    ep_rew_mean     | 276      |
| time/              |          |
|    episodes        | 1220     |
|    fps             | 229      |
|    time_elapsed    | 1307     |
|    total_timesteps | 300295   |
| train/             |          |
|    actor_loss      | -77.3    |
|    critic_loss     | 2.94     |
|    ent_coef        | 0.0527   |
|    ent_coef_loss   | -0.0837  |
|    learning_rate   | 0.000292 |
|    n_updates       | 290294   |
---------------------------------
---------------------------------
| rollout/           |          |
|    ep_len_mean     | 200      |
|    ep_rew_mean     | 276      |
| time/              |          |
|    episodes        | 1224     |
|    fps             | 229      |
|    time_elapsed    | 1311     |
|    total_timesteps | 301084   |
| train/             |          |
|    actor_loss      | -73.3    |
|    critic_loss     | 8.14     |
|    ent_coef        | 0.0546   |
|    ent_coef_loss   | -0.0947  |
|    learning_rate   | 0.00029  |
|    n_updates       | 291083   |
---------------------------------
---------------------------------
| rollout/           |          |
|    ep_len_mean     | 200      |
|    ep_rew_mean     | 276      |
| time/              |          |
|    episodes        | 1228     |
|    fps             | 229      |
|    time_elapsed    | 1314     |
|    total_timesteps | 301855   |
| train/             |          |
|    actor_loss      | -75.2    |
|    critic_loss     | 4.48     |
|    ent_coef        | 0.0538   |
|    ent_coef_loss   | -0.698   |
|    learning_rate   | 0.000289 |
|    n_updates       | 291854   |
---------------------------------
---------------------------------
| rollout/           |          |
|    ep_len_mean     | 199      |
|    ep_rew_mean     | 276      |
| time/              |          |
|    episodes        | 1232     |
|    fps             | 229      |
|    time_elapsed    | 1317     |
|    total_timesteps | 302603   |
| train/             |          |
|    actor_loss      | -73.4    |
|    critic_loss     | 1.88     |
|    ent_coef        | 0.0573   |
|    ent_coef_loss   | 0.109    |
|    learning_rate   | 0.000288 |
|    n_updates       | 292602   |
---------------------------------
---------------------------------
| rollout/           |          |
|    ep_len_mean     | 199      |
|    ep_rew_mean     | 277      |
| time/              |          |
|    episodes        | 1236     |
|    fps             | 229      |
|    time_elapsed    | 1321     |
|    total_timesteps | 303337   |
| train/             |          |
|    actor_loss      | -76.3    |
|    critic_loss     | 5.76     |
|    ent_coef        | 0.0577   |
|    ent_coef_loss   | -0.611   |
|    learning_rate   | 0.000287 |
|    n_updates       | 293336   |
---------------------------------
---------------------------------
| rollout/           |          |
|    ep_len_mean     | 199      |
|    ep_rew_mean     | 277      |
| time/              |          |
|    episodes        | 1240     |
|    fps             | 229      |
|    time_elapsed    | 1324     |
|    total_timesteps | 304058   |
| train/             |          |
|    actor_loss      | -75.1    |
|    critic_loss     | 3.9      |
|    ent_coef        | 0.0582   |
|    ent_coef_loss   | 0.0335   |
|    learning_rate   | 0.000286 |
|    n_updates       | 294057   |
---------------------------------
---------------------------------
| rollout/           |          |
|    ep_len_mean     | 201      |
|    ep_rew_mean     | 278      |
| time/              |          |
|    episodes        | 1244     |
|    fps             | 229      |
|    time_elapsed    | 1329     |
|    total_timesteps | 305033   |
| train/             |          |
|    actor_loss      | -75.4    |
|    critic_loss     | 4.77     |
|    ent_coef        | 0.0544   |
|    ent_coef_loss   | -0.168   |
|    learning_rate   | 0.000285 |
|    n_updates       | 295032   |
---------------------------------
---------------------------------
| rollout/           |          |
|    ep_len_mean     | 200      |
|    ep_rew_mean     | 276      |
| time/              |          |
|    episodes        | 1248     |
|    fps             | 229      |
|    time_elapsed    | 1332     |
|    total_timesteps | 305730   |
| train/             |          |
|    actor_loss      | -74.7    |
|    critic_loss     | 6.42     |
|    ent_coef        | 0.0571   |
|    ent_coef_loss   | -0.231   |
|    learning_rate   | 0.000284 |
|    n_updates       | 295729   |
---------------------------------
---------------------------------
| rollout/           |          |
|    ep_len_mean     | 200      |
|    ep_rew_mean     | 276      |
| time/              |          |
|    episodes        | 1252     |
|    fps             | 229      |
|    time_elapsed    | 1336     |
|    total_timesteps | 306446   |
| train/             |          |
|    actor_loss      | -72.8    |
|    critic_loss     | 3.75     |
|    ent_coef        | 0.0544   |
|    ent_coef_loss   | 1.5      |
|    learning_rate   | 0.000283 |
|    n_updates       | 296445   |
---------------------------------
---------------------------------
| rollout/           |          |
|    ep_len_mean     | 200      |
|    ep_rew_mean     | 276      |
| time/              |          |
|    episodes        | 1256     |
|    fps             | 229      |
|    time_elapsed    | 1340     |
|    total_timesteps | 307240   |
| train/             |          |
|    actor_loss      | -77.3    |
|    critic_loss     | 8.48     |
|    ent_coef        | 0.0564   |
|    ent_coef_loss   | -0.236   |
|    learning_rate   | 0.000281 |
|    n_updates       | 297239   |
---------------------------------
---------------------------------
| rollout/           |          |
|    ep_len_mean     | 200      |
|    ep_rew_mean     | 274      |
| time/              |          |
|    episodes        | 1260     |
|    fps             | 229      |
|    time_elapsed    | 1343     |
|    total_timesteps | 307962   |
| train/             |          |
|    actor_loss      | -76.9    |
|    critic_loss     | 8.09     |
|    ent_coef        | 0.0564   |
|    ent_coef_loss   | -0.169   |
|    learning_rate   | 0.00028  |
|    n_updates       | 297961   |
---------------------------------
---------------------------------
| rollout/           |          |
|    ep_len_mean     | 200      |
|    ep_rew_mean     | 274      |
| time/              |          |
|    episodes        | 1264     |
|    fps             | 229      |
|    time_elapsed    | 1347     |
|    total_timesteps | 308761   |
| train/             |          |
|    actor_loss      | -76.5    |
|    critic_loss     | 3.49     |
|    ent_coef        | 0.0557   |
|    ent_coef_loss   | 0.0215   |
|    learning_rate   | 0.000279 |
|    n_updates       | 298760   |
---------------------------------
---------------------------------
| rollout/           |          |
|    ep_len_mean     | 201      |
|    ep_rew_mean     | 274      |
| time/              |          |
|    episodes        | 1268     |
|    fps             | 229      |
|    time_elapsed    | 1350     |
|    total_timesteps | 309580   |
| train/             |          |
|    actor_loss      | -78.6    |
|    critic_loss     | 12.2     |
|    ent_coef        | 0.0574   |
|    ent_coef_loss   | -0.456   |
|    learning_rate   | 0.000278 |
|    n_updates       | 299579   |
---------------------------------
Eval num_timesteps=310000, episode_reward=271.20 +/- 11.34
Episode length: 184.30 +/- 10.63
---------------------------------
| eval/              |          |
|    mean_ep_length  | 184      |
|    mean_reward     | 271      |
| time/              |          |
|    total_timesteps | 310000   |
| train/             |          |
|    actor_loss      | -76.4    |
|    critic_loss     | 2.46     |
|    ent_coef        | 0.0572   |
|    ent_coef_loss   | -0.264   |
|    learning_rate   | 0.000277 |
|    n_updates       | 299999   |
---------------------------------
---------------------------------
| rollout/           |          |
|    ep_len_mean     | 201      |
|    ep_rew_mean     | 274      |
| time/              |          |
|    episodes        | 1272     |
|    fps             | 229      |
|    time_elapsed    | 1354     |
|    total_timesteps | 310358   |
| train/             |          |
|    actor_loss      | -75.6    |
|    critic_loss     | 5.15     |
|    ent_coef        | 0.0562   |
|    ent_coef_loss   | -0.196   |
|    learning_rate   | 0.000277 |
|    n_updates       | 300357   |
---------------------------------
---------------------------------
| rollout/           |          |
|    ep_len_mean     | 201      |
|    ep_rew_mean     | 273      |
| time/              |          |
|    episodes        | 1276     |
|    fps             | 229      |
|    time_elapsed    | 1358     |
|    total_timesteps | 311189   |
| train/             |          |
|    actor_loss      | -76.6    |
|    critic_loss     | 6.64     |
|    ent_coef        | 0.0566   |
|    ent_coef_loss   | -0.211   |
|    learning_rate   | 0.000276 |
|    n_updates       | 301188   |
---------------------------------
---------------------------------
| rollout/           |          |
|    ep_len_mean     | 201      |
|    ep_rew_mean     | 273      |
| time/              |          |
|    episodes        | 1280     |
|    fps             | 229      |
|    time_elapsed    | 1361     |
|    total_timesteps | 311893   |
| train/             |          |
|    actor_loss      | -75.2    |
|    critic_loss     | 9.03     |
|    ent_coef        | 0.0551   |
|    ent_coef_loss   | -0.139   |
|    learning_rate   | 0.000275 |
|    n_updates       | 301892   |
---------------------------------
---------------------------------
| rollout/           |          |
|    ep_len_mean     | 203      |
|    ep_rew_mean     | 273      |
| time/              |          |
|    episodes        | 1284     |
|    fps             | 229      |
|    time_elapsed    | 1365     |
|    total_timesteps | 312753   |
| train/             |          |
|    actor_loss      | -77.3    |
|    critic_loss     | 4.34     |
|    ent_coef        | 0.0561   |
|    ent_coef_loss   | 0.23     |
|    learning_rate   | 0.000273 |
|    n_updates       | 302752   |
---------------------------------
---------------------------------
| rollout/           |          |
|    ep_len_mean     | 201      |
|    ep_rew_mean     | 273      |
| time/              |          |
|    episodes        | 1288     |
|    fps             | 229      |
|    time_elapsed    | 1369     |
|    total_timesteps | 313783   |
| train/             |          |
|    actor_loss      | -78.8    |
|    critic_loss     | 8.47     |
|    ent_coef        | 0.0553   |
|    ent_coef_loss   | -0.822   |
|    learning_rate   | 0.000272 |
|    n_updates       | 303782   |
---------------------------------
---------------------------------
| rollout/           |          |
|    ep_len_mean     | 199      |
|    ep_rew_mean     | 273      |
| time/              |          |
|    episodes        | 1292     |
|    fps             | 229      |
|    time_elapsed    | 1372     |
|    total_timesteps | 314477   |
| train/             |          |
|    actor_loss      | -76      |
|    critic_loss     | 24       |
|    ent_coef        | 0.056    |
|    ent_coef_loss   | -0.136   |
|    learning_rate   | 0.000271 |
|    n_updates       | 304476   |
---------------------------------
---------------------------------
| rollout/           |          |
|    ep_len_mean     | 201      |
|    ep_rew_mean     | 273      |
| time/              |          |
|    episodes        | 1296     |
|    fps             | 229      |
|    time_elapsed    | 1376     |
|    total_timesteps | 315369   |
| train/             |          |
|    actor_loss      | -75.8    |
|    critic_loss     | 5.59     |
|    ent_coef        | 0.0564   |
|    ent_coef_loss   | -0.0403  |
|    learning_rate   | 0.00027  |
|    n_updates       | 305368   |
---------------------------------
---------------------------------
| rollout/           |          |
|    ep_len_mean     | 201      |
|    ep_rew_mean     | 273      |
| time/              |          |
|    episodes        | 1300     |
|    fps             | 229      |
|    time_elapsed    | 1379     |
|    total_timesteps | 316152   |
| train/             |          |
|    actor_loss      | -78      |
|    critic_loss     | 7.49     |
|    ent_coef        | 0.0533   |
|    ent_coef_loss   | -0.191   |
|    learning_rate   | 0.000268 |
|    n_updates       | 306151   |
---------------------------------
---------------------------------
| rollout/           |          |
|    ep_len_mean     | 203      |
|    ep_rew_mean     | 274      |
| time/              |          |
|    episodes        | 1304     |
|    fps             | 229      |
|    time_elapsed    | 1383     |
|    total_timesteps | 317077   |
| train/             |          |
|    actor_loss      | -77.4    |
|    critic_loss     | 11.7     |
|    ent_coef        | 0.0547   |
|    ent_coef_loss   | 0.099    |
|    learning_rate   | 0.000267 |
|    n_updates       | 307076   |
---------------------------------
---------------------------------
| rollout/           |          |
|    ep_len_mean     | 198      |
|    ep_rew_mean     | 274      |
| time/              |          |
|    episodes        | 1308     |
|    fps             | 229      |
|    time_elapsed    | 1386     |
|    total_timesteps | 317845   |
| train/             |          |
|    actor_loss      | -75.4    |
|    critic_loss     | 3.28     |
|    ent_coef        | 0.0547   |
|    ent_coef_loss   | 0.194    |
|    learning_rate   | 0.000266 |
|    n_updates       | 307844   |
---------------------------------
---------------------------------
| rollout/           |          |
|    ep_len_mean     | 198      |
|    ep_rew_mean     | 274      |
| time/              |          |
|    episodes        | 1312     |
|    fps             | 229      |
|    time_elapsed    | 1390     |
|    total_timesteps | 318646   |
| train/             |          |
|    actor_loss      | -77.7    |
|    critic_loss     | 3.97     |
|    ent_coef        | 0.0554   |
|    ent_coef_loss   | -0.402   |
|    learning_rate   | 0.000265 |
|    n_updates       | 308645   |
---------------------------------
---------------------------------
| rollout/           |          |
|    ep_len_mean     | 199      |
|    ep_rew_mean     | 273      |
| time/              |          |
|    episodes        | 1316     |
|    fps             | 229      |
|    time_elapsed    | 1393     |
|    total_timesteps | 319431   |
| train/             |          |
|    actor_loss      | -77.1    |
|    critic_loss     | 16.2     |
|    ent_coef        | 0.0545   |
|    ent_coef_loss   | 0.248    |
|    learning_rate   | 0.000264 |
|    n_updates       | 309430   |
---------------------------------
Eval num_timesteps=320000, episode_reward=267.66 +/- 14.93
Episode length: 188.20 +/- 12.19
---------------------------------
| eval/              |          |
|    mean_ep_length  | 188      |
|    mean_reward     | 268      |
| time/              |          |
|    total_timesteps | 320000   |
| train/             |          |
|    actor_loss      | -73.9    |
|    critic_loss     | 9.29     |
|    ent_coef        | 0.0555   |
|    ent_coef_loss   | 0.0597   |
|    learning_rate   | 0.000263 |
|    n_updates       | 309999   |
---------------------------------
---------------------------------
| rollout/           |          |
|    ep_len_mean     | 199      |
|    ep_rew_mean     | 274      |
| time/              |          |
|    episodes        | 1320     |
|    fps             | 229      |
|    time_elapsed    | 1397     |
|    total_timesteps | 320206   |
| train/             |          |
|    actor_loss      | -76.2    |
|    critic_loss     | 11.9     |
|    ent_coef        | 0.0546   |
|    ent_coef_loss   | -0.393   |
|    learning_rate   | 0.000263 |
|    n_updates       | 310205   |
---------------------------------
---------------------------------
| rollout/           |          |
|    ep_len_mean     | 200      |
|    ep_rew_mean     | 274      |
| time/              |          |
|    episodes        | 1324     |
|    fps             | 229      |
|    time_elapsed    | 1401     |
|    total_timesteps | 321099   |
| train/             |          |
|    actor_loss      | -75.7    |
|    critic_loss     | 4.27     |
|    ent_coef        | 0.0546   |
|    ent_coef_loss   | 0.22     |
|    learning_rate   | 0.000261 |
|    n_updates       | 311098   |
---------------------------------
---------------------------------
| rollout/           |          |
|    ep_len_mean     | 201      |
|    ep_rew_mean     | 274      |
| time/              |          |
|    episodes        | 1328     |
|    fps             | 229      |
|    time_elapsed    | 1404     |
|    total_timesteps | 321984   |
| train/             |          |
|    actor_loss      | -77.6    |
|    critic_loss     | 7.82     |
|    ent_coef        | 0.0549   |
|    ent_coef_loss   | 0.328    |
|    learning_rate   | 0.00026  |
|    n_updates       | 311983   |
---------------------------------
---------------------------------
| rollout/           |          |
|    ep_len_mean     | 202      |
|    ep_rew_mean     | 275      |
| time/              |          |
|    episodes        | 1332     |
|    fps             | 229      |
|    time_elapsed    | 1408     |
|    total_timesteps | 322798   |
| train/             |          |
|    actor_loss      | -77.7    |
|    critic_loss     | 2.52     |
|    ent_coef        | 0.0537   |
|    ent_coef_loss   | 0.354    |
|    learning_rate   | 0.000259 |
|    n_updates       | 312797   |
---------------------------------
---------------------------------
| rollout/           |          |
|    ep_len_mean     | 203      |
|    ep_rew_mean     | 274      |
| time/              |          |
|    episodes        | 1336     |
|    fps             | 229      |
|    time_elapsed    | 1411     |
|    total_timesteps | 323600   |
| train/             |          |
|    actor_loss      | -76.6    |
|    critic_loss     | 46.2     |
|    ent_coef        | 0.0566   |
|    ent_coef_loss   | 0.134    |
|    learning_rate   | 0.000258 |
|    n_updates       | 313599   |
---------------------------------
---------------------------------
| rollout/           |          |
|    ep_len_mean     | 203      |
|    ep_rew_mean     | 274      |
| time/              |          |
|    episodes        | 1340     |
|    fps             | 229      |
|    time_elapsed    | 1414     |
|    total_timesteps | 324315   |
| train/             |          |
|    actor_loss      | -78.7    |
|    critic_loss     | 6.58     |
|    ent_coef        | 0.0564   |
|    ent_coef_loss   | 0.125    |
|    learning_rate   | 0.000257 |
|    n_updates       | 314314   |
---------------------------------
---------------------------------
| rollout/           |          |
|    ep_len_mean     | 202      |
|    ep_rew_mean     | 274      |
| time/              |          |
|    episodes        | 1344     |
|    fps             | 229      |
|    time_elapsed    | 1418     |
|    total_timesteps | 325198   |
| train/             |          |
|    actor_loss      | -78.9    |
|    critic_loss     | 4.02     |
|    ent_coef        | 0.0562   |
|    ent_coef_loss   | -0.0522  |
|    learning_rate   | 0.000255 |
|    n_updates       | 315197   |
---------------------------------
---------------------------------
| rollout/           |          |
|    ep_len_mean     | 204      |
|    ep_rew_mean     | 276      |
| time/              |          |
|    episodes        | 1348     |
|    fps             | 229      |
|    time_elapsed    | 1422     |
|    total_timesteps | 326163   |
| train/             |          |
|    actor_loss      | -77.4    |
|    critic_loss     | 4.06     |
|    ent_coef        | 0.0582   |
|    ent_coef_loss   | -0.434   |
|    learning_rate   | 0.000254 |
|    n_updates       | 316162   |
---------------------------------
---------------------------------
| rollout/           |          |
|    ep_len_mean     | 207      |
|    ep_rew_mean     | 275      |
| time/              |          |
|    episodes        | 1352     |
|    fps             | 229      |
|    time_elapsed    | 1426     |
|    total_timesteps | 327170   |
| train/             |          |
|    actor_loss      | -77.2    |
|    critic_loss     | 5.34     |
|    ent_coef        | 0.0577   |
|    ent_coef_loss   | -0.158   |
|    learning_rate   | 0.000252 |
|    n_updates       | 317169   |
---------------------------------
---------------------------------
| rollout/           |          |
|    ep_len_mean     | 208      |
|    ep_rew_mean     | 275      |
| time/              |          |
|    episodes        | 1356     |
|    fps             | 229      |
|    time_elapsed    | 1430     |
|    total_timesteps | 328044   |
| train/             |          |
|    actor_loss      | -77.1    |
|    critic_loss     | 5.18     |
|    ent_coef        | 0.0563   |
|    ent_coef_loss   | -0.411   |
|    learning_rate   | 0.000251 |
|    n_updates       | 318043   |
---------------------------------
---------------------------------
| rollout/           |          |
|    ep_len_mean     | 208      |
|    ep_rew_mean     | 277      |
| time/              |          |
|    episodes        | 1360     |
|    fps             | 229      |
|    time_elapsed    | 1433     |
|    total_timesteps | 328800   |
| train/             |          |
|    actor_loss      | -75.4    |
|    critic_loss     | 4.36     |
|    ent_coef        | 0.0564   |
|    ent_coef_loss   | -0.16    |
|    learning_rate   | 0.00025  |
|    n_updates       | 318799   |
---------------------------------
---------------------------------
| rollout/           |          |
|    ep_len_mean     | 210      |
|    ep_rew_mean     | 277      |
| time/              |          |
|    episodes        | 1364     |
|    fps             | 229      |
|    time_elapsed    | 1437     |
|    total_timesteps | 329761   |
| train/             |          |
|    actor_loss      | -75.3    |
|    critic_loss     | 8.1      |
|    ent_coef        | 0.0568   |
|    ent_coef_loss   | 0.932    |
|    learning_rate   | 0.000249 |
|    n_updates       | 319760   |
---------------------------------
Eval num_timesteps=330000, episode_reward=262.65 +/- 13.40
Episode length: 238.90 +/- 56.85
---------------------------------
| eval/              |          |
|    mean_ep_length  | 239      |
|    mean_reward     | 263      |
| time/              |          |
|    total_timesteps | 330000   |
| train/             |          |
|    actor_loss      | -77.7    |
|    critic_loss     | 7.45     |
|    ent_coef        | 0.0576   |
|    ent_coef_loss   | 0.964    |
|    learning_rate   | 0.000248 |
|    n_updates       | 319999   |
---------------------------------
---------------------------------
| rollout/           |          |
|    ep_len_mean     | 211      |
|    ep_rew_mean     | 277      |
| time/              |          |
|    episodes        | 1368     |
|    fps             | 229      |
|    time_elapsed    | 1441     |
|    total_timesteps | 330640   |
| train/             |          |
|    actor_loss      | -75.7    |
|    critic_loss     | 10.7     |
|    ent_coef        | 0.0552   |
|    ent_coef_loss   | 0.237    |
|    learning_rate   | 0.000247 |
|    n_updates       | 320639   |
---------------------------------
---------------------------------
| rollout/           |          |
|    ep_len_mean     | 211      |
|    ep_rew_mean     | 276      |
| time/              |          |
|    episodes        | 1372     |
|    fps             | 229      |
|    time_elapsed    | 1445     |
|    total_timesteps | 331492   |
| train/             |          |
|    actor_loss      | -75.5    |
|    critic_loss     | 6.45     |
|    ent_coef        | 0.0565   |
|    ent_coef_loss   | 0.554    |
|    learning_rate   | 0.000246 |
|    n_updates       | 321491   |
---------------------------------
---------------------------------
| rollout/           |          |
|    ep_len_mean     | 211      |
|    ep_rew_mean     | 277      |
| time/              |          |
|    episodes        | 1376     |
|    fps             | 229      |
|    time_elapsed    | 1448     |
|    total_timesteps | 332277   |
| train/             |          |
|    actor_loss      | -75.8    |
|    critic_loss     | 4.69     |
|    ent_coef        | 0.0575   |
|    ent_coef_loss   | -0.309   |
|    learning_rate   | 0.000245 |
|    n_updates       | 322276   |
---------------------------------
---------------------------------
| rollout/           |          |
|    ep_len_mean     | 214      |
|    ep_rew_mean     | 277      |
| time/              |          |
|    episodes        | 1380     |
|    fps             | 229      |
|    time_elapsed    | 1452     |
|    total_timesteps | 333287   |
| train/             |          |
|    actor_loss      | -75.8    |
|    critic_loss     | 2.91     |
|    ent_coef        | 0.0574   |
|    ent_coef_loss   | -0.665   |
|    learning_rate   | 0.000243 |
|    n_updates       | 323286   |
---------------------------------
---------------------------------
| rollout/           |          |
|    ep_len_mean     | 213      |
|    ep_rew_mean     | 277      |
| time/              |          |
|    episodes        | 1384     |
|    fps             | 229      |
|    time_elapsed    | 1456     |
|    total_timesteps | 334073   |
| train/             |          |
|    actor_loss      | -77.1    |
|    critic_loss     | 45.5     |
|    ent_coef        | 0.0565   |
|    ent_coef_loss   | -0.216   |
|    learning_rate   | 0.000242 |
|    n_updates       | 324072   |
---------------------------------
---------------------------------
| rollout/           |          |
|    ep_len_mean     | 214      |
|    ep_rew_mean     | 277      |
| time/              |          |
|    episodes        | 1388     |
|    fps             | 229      |
|    time_elapsed    | 1460     |
|    total_timesteps | 335180   |
| train/             |          |
|    actor_loss      | -77.8    |
|    critic_loss     | 3.69     |
|    ent_coef        | 0.0534   |
|    ent_coef_loss   | -0.223   |
|    learning_rate   | 0.000241 |
|    n_updates       | 325179   |
---------------------------------
---------------------------------
| rollout/           |          |
|    ep_len_mean     | 214      |
|    ep_rew_mean     | 277      |
| time/              |          |
|    episodes        | 1392     |
|    fps             | 229      |
|    time_elapsed    | 1464     |
|    total_timesteps | 335918   |
| train/             |          |
|    actor_loss      | -75.1    |
|    critic_loss     | 12.9     |
|    ent_coef        | 0.0536   |
|    ent_coef_loss   | 0.39     |
|    learning_rate   | 0.00024  |
|    n_updates       | 325917   |
---------------------------------
---------------------------------
| rollout/           |          |
|    ep_len_mean     | 213      |
|    ep_rew_mean     | 277      |
| time/              |          |
|    episodes        | 1396     |
|    fps             | 229      |
|    time_elapsed    | 1467     |
|    total_timesteps | 336635   |
| train/             |          |
|    actor_loss      | -77      |
|    critic_loss     | 1.97     |
|    ent_coef        | 0.0552   |
|    ent_coef_loss   | -0.0222  |
|    learning_rate   | 0.000239 |
|    n_updates       | 326634   |
---------------------------------
---------------------------------
| rollout/           |          |
|    ep_len_mean     | 212      |
|    ep_rew_mean     | 277      |
| time/              |          |
|    episodes        | 1400     |
|    fps             | 229      |
|    time_elapsed    | 1469     |
|    total_timesteps | 337306   |
| train/             |          |
|    actor_loss      | -76.3    |
|    critic_loss     | 18.3     |
|    ent_coef        | 0.0532   |
|    ent_coef_loss   | 0.665    |
|    learning_rate   | 0.000238 |
|    n_updates       | 327305   |
---------------------------------
---------------------------------
| rollout/           |          |
|    ep_len_mean     | 213      |
|    ep_rew_mean     | 277      |
| time/              |          |
|    episodes        | 1404     |
|    fps             | 229      |
|    time_elapsed    | 1474     |
|    total_timesteps | 338339   |
| train/             |          |
|    actor_loss      | -76.9    |
|    critic_loss     | 6.11     |
|    ent_coef        | 0.0538   |
|    ent_coef_loss   | 0.875    |
|    learning_rate   | 0.000236 |
|    n_updates       | 328338   |
---------------------------------
---------------------------------
| rollout/           |          |
|    ep_len_mean     | 212      |
|    ep_rew_mean     | 277      |
| time/              |          |
|    episodes        | 1408     |
|    fps             | 229      |
|    time_elapsed    | 1477     |
|    total_timesteps | 339076   |
| train/             |          |
|    actor_loss      | -78.8    |
|    critic_loss     | 5.78     |
|    ent_coef        | 0.0521   |
|    ent_coef_loss   | -0.0353  |
|    learning_rate   | 0.000235 |
|    n_updates       | 329075   |
---------------------------------
---------------------------------
| rollout/           |          |
|    ep_len_mean     | 212      |
|    ep_rew_mean     | 277      |
| time/              |          |
|    episodes        | 1412     |
|    fps             | 229      |
|    time_elapsed    | 1480     |
|    total_timesteps | 339816   |
| train/             |          |
|    actor_loss      | -80.3    |
|    critic_loss     | 15.4     |
|    ent_coef        | 0.0521   |
|    ent_coef_loss   | 0.1      |
|    learning_rate   | 0.000234 |
|    n_updates       | 329815   |
---------------------------------
Eval num_timesteps=340000, episode_reward=275.72 +/- 18.55
Episode length: 204.40 +/- 27.05
---------------------------------
| eval/              |          |
|    mean_ep_length  | 204      |
|    mean_reward     | 276      |
| time/              |          |
|    total_timesteps | 340000   |
| train/             |          |
|    actor_loss      | -75.9    |
|    critic_loss     | 17.8     |
|    ent_coef        | 0.0522   |
|    ent_coef_loss   | 0.259    |
|    learning_rate   | 0.000234 |
|    n_updates       | 329999   |
---------------------------------
---------------------------------
| rollout/           |          |
|    ep_len_mean     | 210      |
|    ep_rew_mean     | 278      |
| time/              |          |
|    episodes        | 1416     |
|    fps             | 229      |
|    time_elapsed    | 1483     |
|    total_timesteps | 340468   |
| train/             |          |
|    actor_loss      | -79.6    |
|    critic_loss     | 3.28     |
|    ent_coef        | 0.0532   |
|    ent_coef_loss   | -0.369   |
|    learning_rate   | 0.000233 |
|    n_updates       | 330467   |
---------------------------------
---------------------------------
| rollout/           |          |
|    ep_len_mean     | 211      |
|    ep_rew_mean     | 278      |
| time/              |          |
|    episodes        | 1420     |
|    fps             | 229      |
|    time_elapsed    | 1487     |
|    total_timesteps | 341267   |
| train/             |          |
|    actor_loss      | -78.2    |
|    critic_loss     | 6.4      |
|    ent_coef        | 0.0544   |
|    ent_coef_loss   | -0.271   |
|    learning_rate   | 0.000232 |
|    n_updates       | 331266   |
---------------------------------
---------------------------------
| rollout/           |          |
|    ep_len_mean     | 210      |
|    ep_rew_mean     | 278      |
| time/              |          |
|    episodes        | 1424     |
|    fps             | 229      |
|    time_elapsed    | 1490     |
|    total_timesteps | 342115   |
| train/             |          |
|    actor_loss      | -78.7    |
|    critic_loss     | 10.5     |
|    ent_coef        | 0.055    |
|    ent_coef_loss   | 0.223    |
|    learning_rate   | 0.000231 |
|    n_updates       | 332114   |
---------------------------------
---------------------------------
| rollout/           |          |
|    ep_len_mean     | 208      |
|    ep_rew_mean     | 277      |
| time/              |          |
|    episodes        | 1428     |
|    fps             | 229      |
|    time_elapsed    | 1493     |
|    total_timesteps | 342740   |
| train/             |          |
|    actor_loss      | -79.3    |
|    critic_loss     | 10.9     |
|    ent_coef        | 0.0534   |
|    ent_coef_loss   | 0.761    |
|    learning_rate   | 0.00023  |
|    n_updates       | 332739   |
---------------------------------
---------------------------------
| rollout/           |          |
|    ep_len_mean     | 215      |
|    ep_rew_mean     | 276      |
| time/              |          |
|    episodes        | 1432     |
|    fps             | 229      |
|    time_elapsed    | 1500     |
|    total_timesteps | 344275   |
| train/             |          |
|    actor_loss      | -78.5    |
|    critic_loss     | 2.63     |
|    ent_coef        | 0.0538   |
|    ent_coef_loss   | -0.0264  |
|    learning_rate   | 0.000227 |
|    n_updates       | 334274   |
---------------------------------
---------------------------------
| rollout/           |          |
|    ep_len_mean     | 214      |
|    ep_rew_mean     | 277      |
| time/              |          |
|    episodes        | 1436     |
|    fps             | 229      |
|    time_elapsed    | 1503     |
|    total_timesteps | 345005   |
| train/             |          |
|    actor_loss      | -80.7    |
|    critic_loss     | 6.86     |
|    ent_coef        | 0.0537   |
|    ent_coef_loss   | 0.698    |
|    learning_rate   | 0.000226 |
|    n_updates       | 335004   |
---------------------------------
---------------------------------
| rollout/           |          |
|    ep_len_mean     | 215      |
|    ep_rew_mean     | 277      |
| time/              |          |
|    episodes        | 1440     |
|    fps             | 229      |
|    time_elapsed    | 1507     |
|    total_timesteps | 345851   |
| train/             |          |
|    actor_loss      | -79.1    |
|    critic_loss     | 5.1      |
|    ent_coef        | 0.0546   |
|    ent_coef_loss   | 0.00822  |
|    learning_rate   | 0.000225 |
|    n_updates       | 335850   |
---------------------------------
---------------------------------
| rollout/           |          |
|    ep_len_mean     | 214      |
|    ep_rew_mean     | 277      |
| time/              |          |
|    episodes        | 1444     |
|    fps             | 229      |
|    time_elapsed    | 1510     |
|    total_timesteps | 346569   |
| train/             |          |
|    actor_loss      | -74.9    |
|    critic_loss     | 4.87     |
|    ent_coef        | 0.0542   |
|    ent_coef_loss   | 0.904    |
|    learning_rate   | 0.000224 |
|    n_updates       | 336568   |
---------------------------------
---------------------------------
| rollout/           |          |
|    ep_len_mean     | 211      |
|    ep_rew_mean     | 278      |
| time/              |          |
|    episodes        | 1448     |
|    fps             | 229      |
|    time_elapsed    | 1513     |
|    total_timesteps | 347303   |
| train/             |          |
|    actor_loss      | -77.4    |
|    critic_loss     | 4.4      |
|    ent_coef        | 0.0539   |
|    ent_coef_loss   | 0.00203  |
|    learning_rate   | 0.000223 |
|    n_updates       | 337302   |
---------------------------------
---------------------------------
| rollout/           |          |
|    ep_len_mean     | 209      |
|    ep_rew_mean     | 279      |
| time/              |          |
|    episodes        | 1452     |
|    fps             | 229      |
|    time_elapsed    | 1516     |
|    total_timesteps | 348089   |
| train/             |          |
|    actor_loss      | -81.9    |
|    critic_loss     | 8.38     |
|    ent_coef        | 0.0541   |
|    ent_coef_loss   | -0.499   |
|    learning_rate   | 0.000222 |
|    n_updates       | 338088   |
---------------------------------
---------------------------------
| rollout/           |          |
|    ep_len_mean     | 207      |
|    ep_rew_mean     | 279      |
| time/              |          |
|    episodes        | 1456     |
|    fps             | 229      |
|    time_elapsed    | 1519     |
|    total_timesteps | 348762   |
| train/             |          |
|    actor_loss      | -78      |
|    critic_loss     | 5.97     |
|    ent_coef        | 0.0534   |
|    ent_coef_loss   | -0.0782  |
|    learning_rate   | 0.000221 |
|    n_updates       | 338761   |
---------------------------------
---------------------------------
| rollout/           |          |
|    ep_len_mean     | 206      |
|    ep_rew_mean     | 278      |
| time/              |          |
|    episodes        | 1460     |
|    fps             | 229      |
|    time_elapsed    | 1522     |
|    total_timesteps | 349447   |
| train/             |          |
|    actor_loss      | -77.1    |
|    critic_loss     | 7.59     |
|    ent_coef        | 0.0516   |
|    ent_coef_loss   | 0.153    |
|    learning_rate   | 0.00022  |
|    n_updates       | 339446   |
---------------------------------
Eval num_timesteps=350000, episode_reward=291.36 +/- 11.49
Episode length: 191.90 +/- 26.34
---------------------------------
| eval/              |          |
|    mean_ep_length  | 192      |
|    mean_reward     | 291      |
| time/              |          |
|    total_timesteps | 350000   |
| train/             |          |
|    actor_loss      | -79.5    |
|    critic_loss     | 5.36     |
|    ent_coef        | 0.051    |
|    ent_coef_loss   | -0.249   |
|    learning_rate   | 0.000219 |
|    n_updates       | 339999   |
---------------------------------
New best mean reward!
---------------------------------
| rollout/           |          |
|    ep_len_mean     | 203      |
|    ep_rew_mean     | 279      |
| time/              |          |
|    episodes        | 1464     |
|    fps             | 229      |
|    time_elapsed    | 1525     |
|    total_timesteps | 350084   |
| train/             |          |
|    actor_loss      | -79.4    |
|    critic_loss     | 7.5      |
|    ent_coef        | 0.051    |
|    ent_coef_loss   | 0.0769   |
|    learning_rate   | 0.000219 |
|    n_updates       | 340083   |
---------------------------------
---------------------------------
| rollout/           |          |
|    ep_len_mean     | 202      |
|    ep_rew_mean     | 279      |
| time/              |          |
|    episodes        | 1468     |
|    fps             | 229      |
|    time_elapsed    | 1528     |
|    total_timesteps | 350889   |
| train/             |          |
|    actor_loss      | -83.2    |
|    critic_loss     | 7.98     |
|    ent_coef        | 0.0518   |
|    ent_coef_loss   | 0.313    |
|    learning_rate   | 0.000218 |
|    n_updates       | 340888   |
---------------------------------
---------------------------------
| rollout/           |          |
|    ep_len_mean     | 202      |
|    ep_rew_mean     | 280      |
| time/              |          |
|    episodes        | 1472     |
|    fps             | 229      |
|    time_elapsed    | 1532     |
|    total_timesteps | 351718   |
| train/             |          |
|    actor_loss      | -83.1    |
|    critic_loss     | 3.98     |
|    ent_coef        | 0.0536   |
|    ent_coef_loss   | -0.547   |
|    learning_rate   | 0.000216 |
|    n_updates       | 341717   |
---------------------------------
---------------------------------
| rollout/           |          |
|    ep_len_mean     | 201      |
|    ep_rew_mean     | 280      |
| time/              |          |
|    episodes        | 1476     |
|    fps             | 229      |
|    time_elapsed    | 1535     |
|    total_timesteps | 352414   |
| train/             |          |
|    actor_loss      | -81.4    |
|    critic_loss     | 4.62     |
|    ent_coef        | 0.052    |
|    ent_coef_loss   | -0.38    |
|    learning_rate   | 0.000215 |
|    n_updates       | 342413   |
---------------------------------
---------------------------------
| rollout/           |          |
|    ep_len_mean     | 198      |
|    ep_rew_mean     | 280      |
| time/              |          |
|    episodes        | 1480     |
|    fps             | 229      |
|    time_elapsed    | 1537     |
|    total_timesteps | 353052   |
| train/             |          |
|    actor_loss      | -79.7    |
|    critic_loss     | 8.49     |
|    ent_coef        | 0.0515   |
|    ent_coef_loss   | 0.0704   |
|    learning_rate   | 0.000215 |
|    n_updates       | 343051   |
---------------------------------
---------------------------------
| rollout/           |          |
|    ep_len_mean     | 198      |
|    ep_rew_mean     | 280      |
| time/              |          |
|    episodes        | 1484     |
|    fps             | 229      |
|    time_elapsed    | 1541     |
|    total_timesteps | 353870   |
| train/             |          |
|    actor_loss      | -78.9    |
|    critic_loss     | 1.72     |
|    ent_coef        | 0.0535   |
|    ent_coef_loss   | 0.137    |
|    learning_rate   | 0.000213 |
|    n_updates       | 343869   |
---------------------------------
---------------------------------
| rollout/           |          |
|    ep_len_mean     | 195      |
|    ep_rew_mean     | 281      |
| time/              |          |
|    episodes        | 1488     |
|    fps             | 229      |
|    time_elapsed    | 1544     |
|    total_timesteps | 354685   |
| train/             |          |
|    actor_loss      | -79.4    |
|    critic_loss     | 6.6      |
|    ent_coef        | 0.0527   |
|    ent_coef_loss   | 0.0284   |
|    learning_rate   | 0.000212 |
|    n_updates       | 344684   |
---------------------------------
---------------------------------
| rollout/           |          |
|    ep_len_mean     | 194      |
|    ep_rew_mean     | 281      |
| time/              |          |
|    episodes        | 1492     |
|    fps             | 229      |
|    time_elapsed    | 1547     |
|    total_timesteps | 355331   |
| train/             |          |
|    actor_loss      | -82.7    |
|    critic_loss     | 5.58     |
|    ent_coef        | 0.0517   |
|    ent_coef_loss   | -0.791   |
|    learning_rate   | 0.000211 |
|    n_updates       | 345330   |
---------------------------------
---------------------------------
| rollout/           |          |
|    ep_len_mean     | 196      |
|    ep_rew_mean     | 282      |
| time/              |          |
|    episodes        | 1496     |
|    fps             | 229      |
|    time_elapsed    | 1551     |
|    total_timesteps | 356230   |
| train/             |          |
|    actor_loss      | -80.7    |
|    critic_loss     | 7.03     |
|    ent_coef        | 0.0523   |
|    ent_coef_loss   | -0.393   |
|    learning_rate   | 0.00021  |
|    n_updates       | 346229   |
---------------------------------
---------------------------------
| rollout/           |          |
|    ep_len_mean     | 197      |
|    ep_rew_mean     | 282      |
| time/              |          |
|    episodes        | 1500     |
|    fps             | 229      |
|    time_elapsed    | 1554     |
|    total_timesteps | 356977   |
| train/             |          |
|    actor_loss      | -80.5    |
|    critic_loss     | 16.4     |
|    ent_coef        | 0.0524   |
|    ent_coef_loss   | -0.45    |
|    learning_rate   | 0.000209 |
|    n_updates       | 346976   |
---------------------------------
---------------------------------
| rollout/           |          |
|    ep_len_mean     | 193      |
|    ep_rew_mean     | 281      |
| time/              |          |
|    episodes        | 1504     |
|    fps             | 229      |
|    time_elapsed    | 1557     |
|    total_timesteps | 357649   |
| train/             |          |
|    actor_loss      | -82.3    |
|    critic_loss     | 12.1     |
|    ent_coef        | 0.0528   |
|    ent_coef_loss   | 0.457    |
|    learning_rate   | 0.000208 |
|    n_updates       | 347648   |
---------------------------------
---------------------------------
| rollout/           |          |
|    ep_len_mean     | 193      |
|    ep_rew_mean     | 281      |
| time/              |          |
|    episodes        | 1508     |
|    fps             | 229      |
|    time_elapsed    | 1560     |
|    total_timesteps | 358374   |
| train/             |          |
|    actor_loss      | -79.4    |
|    critic_loss     | 16.2     |
|    ent_coef        | 0.0518   |
|    ent_coef_loss   | 0.621    |
|    learning_rate   | 0.000207 |
|    n_updates       | 348373   |
---------------------------------
---------------------------------
| rollout/           |          |
|    ep_len_mean     | 193      |
|    ep_rew_mean     | 282      |
| time/              |          |
|    episodes        | 1512     |
|    fps             | 229      |
|    time_elapsed    | 1563     |
|    total_timesteps | 359121   |
| train/             |          |
|    actor_loss      | -79.9    |
|    critic_loss     | 4.59     |
|    ent_coef        | 0.0524   |
|    ent_coef_loss   | 0.164    |
|    learning_rate   | 0.000206 |
|    n_updates       | 349120   |
---------------------------------
---------------------------------
| rollout/           |          |
|    ep_len_mean     | 193      |
|    ep_rew_mean     | 281      |
| time/              |          |
|    episodes        | 1516     |
|    fps             | 229      |
|    time_elapsed    | 1566     |
|    total_timesteps | 359764   |
| train/             |          |
|    actor_loss      | -82.2    |
|    critic_loss     | 6.47     |
|    ent_coef        | 0.0536   |
|    ent_coef_loss   | -0.0843  |
|    learning_rate   | 0.000205 |
|    n_updates       | 349763   |
---------------------------------
Eval num_timesteps=360000, episode_reward=247.43 +/- 46.38
Episode length: 644.80 +/- 376.67
---------------------------------
| eval/              |          |
|    mean_ep_length  | 645      |
|    mean_reward     | 247      |
| time/              |          |
|    total_timesteps | 360000   |
| train/             |          |
|    actor_loss      | -81.3    |
|    critic_loss     | 7.03     |
|    ent_coef        | 0.0537   |
|    ent_coef_loss   | -0.143   |
|    learning_rate   | 0.000204 |
|    n_updates       | 349999   |
---------------------------------
---------------------------------
| rollout/           |          |
|    ep_len_mean     | 198      |
|    ep_rew_mean     | 281      |
| time/              |          |
|    episodes        | 1520     |
|    fps             | 229      |
|    time_elapsed    | 1573     |
|    total_timesteps | 361084   |
| train/             |          |
|    actor_loss      | -84.4    |
|    critic_loss     | 22.1     |
|    ent_coef        | 0.0545   |
|    ent_coef_loss   | -1.01    |
|    learning_rate   | 0.000203 |
|    n_updates       | 351083   |
---------------------------------
---------------------------------
| rollout/           |          |
|    ep_len_mean     | 197      |
|    ep_rew_mean     | 281      |
| time/              |          |
|    episodes        | 1524     |
|    fps             | 229      |
|    time_elapsed    | 1576     |
|    total_timesteps | 361834   |
| train/             |          |
|    actor_loss      | -77.7    |
|    critic_loss     | 5.01     |
|    ent_coef        | 0.0535   |
|    ent_coef_loss   | -0.128   |
|    learning_rate   | 0.000202 |
|    n_updates       | 351833   |
---------------------------------
---------------------------------
| rollout/           |          |
|    ep_len_mean     | 198      |
|    ep_rew_mean     | 281      |
| time/              |          |
|    episodes        | 1528     |
|    fps             | 229      |
|    time_elapsed    | 1580     |
|    total_timesteps | 362583   |
| train/             |          |
|    actor_loss      | -79.8    |
|    critic_loss     | 7.79     |
|    ent_coef        | 0.0539   |
|    ent_coef_loss   | 0.841    |
|    learning_rate   | 0.000201 |
|    n_updates       | 352582   |
---------------------------------
---------------------------------
| rollout/           |          |
|    ep_len_mean     | 190      |
|    ep_rew_mean     | 282      |
| time/              |          |
|    episodes        | 1532     |
|    fps             | 229      |
|    time_elapsed    | 1583     |
|    total_timesteps | 363290   |
| train/             |          |
|    actor_loss      | -79.8    |
|    critic_loss     | 15.7     |
|    ent_coef        | 0.0543   |
|    ent_coef_loss   | -0.187   |
|    learning_rate   | 0.0002   |
|    n_updates       | 353289   |
---------------------------------
---------------------------------
| rollout/           |          |
|    ep_len_mean     | 190      |
|    ep_rew_mean     | 281      |
| time/              |          |
|    episodes        | 1536     |
|    fps             | 229      |
|    time_elapsed    | 1585     |
|    total_timesteps | 363978   |
| train/             |          |
|    actor_loss      | -80.8    |
|    critic_loss     | 7.79     |
|    ent_coef        | 0.0544   |
|    ent_coef_loss   | 0.779    |
|    learning_rate   | 0.000199 |
|    n_updates       | 353977   |
---------------------------------
---------------------------------
| rollout/           |          |
|    ep_len_mean     | 188      |
|    ep_rew_mean     | 281      |
| time/              |          |
|    episodes        | 1540     |
|    fps             | 229      |
|    time_elapsed    | 1588     |
|    total_timesteps | 364640   |
| train/             |          |
|    actor_loss      | -84      |
|    critic_loss     | 2.26     |
|    ent_coef        | 0.0558   |
|    ent_coef_loss   | 0.0686   |
|    learning_rate   | 0.000198 |
|    n_updates       | 354639   |
---------------------------------
---------------------------------
| rollout/           |          |
|    ep_len_mean     | 188      |
|    ep_rew_mean     | 281      |
| time/              |          |
|    episodes        | 1544     |
|    fps             | 229      |
|    time_elapsed    | 1591     |
|    total_timesteps | 365381   |
| train/             |          |
|    actor_loss      | -80.5    |
|    critic_loss     | 4.47     |
|    ent_coef        | 0.0569   |
|    ent_coef_loss   | -0.497   |
|    learning_rate   | 0.000197 |
|    n_updates       | 355380   |
---------------------------------
---------------------------------
| rollout/           |          |
|    ep_len_mean     | 187      |
|    ep_rew_mean     | 281      |
| time/              |          |
|    episodes        | 1548     |
|    fps             | 229      |
|    time_elapsed    | 1594     |
|    total_timesteps | 366026   |
| train/             |          |
|    actor_loss      | -82.4    |
|    critic_loss     | 2.36     |
|    ent_coef        | 0.0562   |
|    ent_coef_loss   | 0.398    |
|    learning_rate   | 0.000196 |
|    n_updates       | 356025   |
---------------------------------
---------------------------------
| rollout/           |          |
|    ep_len_mean     | 186      |
|    ep_rew_mean     | 280      |
| time/              |          |
|    episodes        | 1552     |
|    fps             | 229      |
|    time_elapsed    | 1597     |
|    total_timesteps | 366668   |
| train/             |          |
|    actor_loss      | -79      |
|    critic_loss     | 3.35     |
|    ent_coef        | 0.0539   |
|    ent_coef_loss   | 0.548    |
|    learning_rate   | 0.000195 |
|    n_updates       | 356667   |
---------------------------------
---------------------------------
| rollout/           |          |
|    ep_len_mean     | 187      |
|    ep_rew_mean     | 280      |
| time/              |          |
|    episodes        | 1556     |
|    fps             | 229      |
|    time_elapsed    | 1600     |
|    total_timesteps | 367414   |
| train/             |          |
|    actor_loss      | -79.3    |
|    critic_loss     | 8.04     |
|    ent_coef        | 0.0529   |
|    ent_coef_loss   | 0.51     |
|    learning_rate   | 0.000194 |
|    n_updates       | 357413   |
---------------------------------
---------------------------------
| rollout/           |          |
|    ep_len_mean     | 187      |
|    ep_rew_mean     | 282      |
| time/              |          |
|    episodes        | 1560     |
|    fps             | 229      |
|    time_elapsed    | 1603     |
|    total_timesteps | 368145   |
| train/             |          |
|    actor_loss      | -81      |
|    critic_loss     | 11.7     |
|    ent_coef        | 0.0531   |
|    ent_coef_loss   | -0.286   |
|    learning_rate   | 0.000193 |
|    n_updates       | 358144   |
---------------------------------
---------------------------------
| rollout/           |          |
|    ep_len_mean     | 188      |
|    ep_rew_mean     | 282      |
| time/              |          |
|    episodes        | 1564     |
|    fps             | 229      |
|    time_elapsed    | 1606     |
|    total_timesteps | 368906   |
| train/             |          |
|    actor_loss      | -80.7    |
|    critic_loss     | 3.56     |
|    ent_coef        | 0.054    |
|    ent_coef_loss   | 0.4      |
|    learning_rate   | 0.000191 |
|    n_updates       | 358905   |
---------------------------------
---------------------------------
| rollout/           |          |
|    ep_len_mean     | 188      |
|    ep_rew_mean     | 281      |
| time/              |          |
|    episodes        | 1568     |
|    fps             | 229      |
|    time_elapsed    | 1609     |
|    total_timesteps | 369646   |
| train/             |          |
|    actor_loss      | -79.5    |
|    critic_loss     | 12.4     |
|    ent_coef        | 0.054    |
|    ent_coef_loss   | -0.477   |
|    learning_rate   | 0.00019  |
|    n_updates       | 359645   |
---------------------------------
Eval num_timesteps=370000, episode_reward=270.95 +/- 28.46
Episode length: 221.00 +/- 107.33
---------------------------------
| eval/              |          |
|    mean_ep_length  | 221      |
|    mean_reward     | 271      |
| time/              |          |
|    total_timesteps | 370000   |
| train/             |          |
|    actor_loss      | -80.5    |
|    critic_loss     | 28.1     |
|    ent_coef        | 0.053    |
|    ent_coef_loss   | 0.732    |
|    learning_rate   | 0.00019  |
|    n_updates       | 359999   |
---------------------------------
---------------------------------
| rollout/           |          |
|    ep_len_mean     | 186      |
|    ep_rew_mean     | 281      |
| time/              |          |
|    episodes        | 1572     |
|    fps             | 229      |
|    time_elapsed    | 1613     |
|    total_timesteps | 370353   |
| train/             |          |
|    actor_loss      | -80.2    |
|    critic_loss     | 7.07     |
|    ent_coef        | 0.0533   |
|    ent_coef_loss   | 0.00809  |
|    learning_rate   | 0.000189 |
|    n_updates       | 360352   |
---------------------------------
---------------------------------
| rollout/           |          |
|    ep_len_mean     | 187      |
|    ep_rew_mean     | 281      |
| time/              |          |
|    episodes        | 1576     |
|    fps             | 229      |
|    time_elapsed    | 1616     |
|    total_timesteps | 371151   |
| train/             |          |
|    actor_loss      | -81.4    |
|    critic_loss     | 1.81     |
|    ent_coef        | 0.053    |
|    ent_coef_loss   | -0.254   |
|    learning_rate   | 0.000188 |
|    n_updates       | 361150   |
---------------------------------
---------------------------------
| rollout/           |          |
|    ep_len_mean     | 187      |
|    ep_rew_mean     | 281      |
| time/              |          |
|    episodes        | 1580     |
|    fps             | 229      |
|    time_elapsed    | 1619     |
|    total_timesteps | 371772   |
| train/             |          |
|    actor_loss      | -81.5    |
|    critic_loss     | 5.89     |
|    ent_coef        | 0.0528   |
|    ent_coef_loss   | 0.228    |
|    learning_rate   | 0.000187 |
|    n_updates       | 361771   |
---------------------------------
---------------------------------
| rollout/           |          |
|    ep_len_mean     | 186      |
|    ep_rew_mean     | 280      |
| time/              |          |
|    episodes        | 1584     |
|    fps             | 229      |
|    time_elapsed    | 1622     |
|    total_timesteps | 372450   |
| train/             |          |
|    actor_loss      | -82.3    |
|    critic_loss     | 31.6     |
|    ent_coef        | 0.0543   |
|    ent_coef_loss   | -0.589   |
|    learning_rate   | 0.000186 |
|    n_updates       | 362449   |
---------------------------------
---------------------------------
| rollout/           |          |
|    ep_len_mean     | 185      |
|    ep_rew_mean     | 280      |
| time/              |          |
|    episodes        | 1588     |
|    fps             | 229      |
|    time_elapsed    | 1625     |
|    total_timesteps | 373205   |
| train/             |          |
|    actor_loss      | -81      |
|    critic_loss     | 3.04     |
|    ent_coef        | 0.0531   |
|    ent_coef_loss   | -0.195   |
|    learning_rate   | 0.000185 |
|    n_updates       | 363204   |
---------------------------------
---------------------------------
| rollout/           |          |
|    ep_len_mean     | 185      |
|    ep_rew_mean     | 280      |
| time/              |          |
|    episodes        | 1592     |
|    fps             | 229      |
|    time_elapsed    | 1628     |
|    total_timesteps | 373871   |
| train/             |          |
|    actor_loss      | -82      |
|    critic_loss     | 13       |
|    ent_coef        | 0.0532   |
|    ent_coef_loss   | 0.0249   |
|    learning_rate   | 0.000184 |
|    n_updates       | 363870   |
---------------------------------
---------------------------------
| rollout/           |          |
|    ep_len_mean     | 183      |
|    ep_rew_mean     | 279      |
| time/              |          |
|    episodes        | 1596     |
|    fps             | 229      |
|    time_elapsed    | 1631     |
|    total_timesteps | 374505   |
| train/             |          |
|    actor_loss      | -82.4    |
|    critic_loss     | 16.3     |
|    ent_coef        | 0.053    |
|    ent_coef_loss   | -0.0628  |
|    learning_rate   | 0.000183 |
|    n_updates       | 364504   |
---------------------------------
---------------------------------
| rollout/           |          |
|    ep_len_mean     | 183      |
|    ep_rew_mean     | 279      |
| time/              |          |
|    episodes        | 1600     |
|    fps             | 229      |
|    time_elapsed    | 1634     |
|    total_timesteps | 375303   |
| train/             |          |
|    actor_loss      | -82.5    |
|    critic_loss     | 13.4     |
|    ent_coef        | 0.0537   |
|    ent_coef_loss   | -0.208   |
|    learning_rate   | 0.000182 |
|    n_updates       | 365302   |
---------------------------------
---------------------------------
| rollout/           |          |
|    ep_len_mean     | 184      |
|    ep_rew_mean     | 278      |
| time/              |          |
|    episodes        | 1604     |
|    fps             | 229      |
|    time_elapsed    | 1638     |
|    total_timesteps | 376022   |
| train/             |          |
|    actor_loss      | -81.4    |
|    critic_loss     | 3.13     |
|    ent_coef        | 0.0531   |
|    ent_coef_loss   | -0.4     |
|    learning_rate   | 0.000181 |
|    n_updates       | 366021   |
---------------------------------
---------------------------------
| rollout/           |          |
|    ep_len_mean     | 183      |
|    ep_rew_mean     | 279      |
| time/              |          |
|    episodes        | 1608     |
|    fps             | 229      |
|    time_elapsed    | 1640     |
|    total_timesteps | 376692   |
| train/             |          |
|    actor_loss      | -83.2    |
|    critic_loss     | 13.8     |
|    ent_coef        | 0.0517   |
|    ent_coef_loss   | -0.0691  |
|    learning_rate   | 0.00018  |
|    n_updates       | 366691   |
---------------------------------
---------------------------------
| rollout/           |          |
|    ep_len_mean     | 182      |
|    ep_rew_mean     | 278      |
| time/              |          |
|    episodes        | 1612     |
|    fps             | 229      |
|    time_elapsed    | 1643     |
|    total_timesteps | 377370   |
| train/             |          |
|    actor_loss      | -83.1    |
|    critic_loss     | 11.5     |
|    ent_coef        | 0.052    |
|    ent_coef_loss   | -0.159   |
|    learning_rate   | 0.000179 |
|    n_updates       | 367369   |
---------------------------------
---------------------------------
| rollout/           |          |
|    ep_len_mean     | 184      |
|    ep_rew_mean     | 279      |
| time/              |          |
|    episodes        | 1616     |
|    fps             | 229      |
|    time_elapsed    | 1647     |
|    total_timesteps | 378155   |
| train/             |          |
|    actor_loss      | -80.1    |
|    critic_loss     | 55.2     |
|    ent_coef        | 0.0519   |
|    ent_coef_loss   | 0.286    |
|    learning_rate   | 0.000178 |
|    n_updates       | 368154   |
---------------------------------
---------------------------------
| rollout/           |          |
|    ep_len_mean     | 178      |
|    ep_rew_mean     | 279      |
| time/              |          |
|    episodes        | 1620     |
|    fps             | 229      |
|    time_elapsed    | 1650     |
|    total_timesteps | 378892   |
| train/             |          |
|    actor_loss      | -81.9    |
|    critic_loss     | 5.52     |
|    ent_coef        | 0.0523   |
|    ent_coef_loss   | 0.384    |
|    learning_rate   | 0.000177 |
|    n_updates       | 368891   |
---------------------------------
---------------------------------
| rollout/           |          |
|    ep_len_mean     | 178      |
|    ep_rew_mean     | 279      |
| time/              |          |
|    episodes        | 1624     |
|    fps             | 229      |
|    time_elapsed    | 1653     |
|    total_timesteps | 379614   |
| train/             |          |
|    actor_loss      | -82.1    |
|    critic_loss     | 3.6      |
|    ent_coef        | 0.0528   |
|    ent_coef_loss   | 0.0907   |
|    learning_rate   | 0.000176 |
|    n_updates       | 369613   |
---------------------------------
Eval num_timesteps=380000, episode_reward=277.65 +/- 16.28
Episode length: 178.10 +/- 20.84
---------------------------------
| eval/              |          |
|    mean_ep_length  | 178      |
|    mean_reward     | 278      |
| time/              |          |
|    total_timesteps | 380000   |
| train/             |          |
|    actor_loss      | -81.2    |
|    critic_loss     | 2.04     |
|    ent_coef        | 0.0526   |
|    ent_coef_loss   | 0.69     |
|    learning_rate   | 0.000175 |
|    n_updates       | 369999   |
---------------------------------
---------------------------------
| rollout/           |          |
|    ep_len_mean     | 177      |
|    ep_rew_mean     | 279      |
| time/              |          |
|    episodes        | 1628     |
|    fps             | 229      |
|    time_elapsed    | 1656     |
|    total_timesteps | 380289   |
| train/             |          |
|    actor_loss      | -82.2    |
|    critic_loss     | 3.23     |
|    ent_coef        | 0.0532   |
|    ent_coef_loss   | 0.342    |
|    learning_rate   | 0.000175 |
|    n_updates       | 370288   |
---------------------------------
---------------------------------
| rollout/           |          |
|    ep_len_mean     | 177      |
|    ep_rew_mean     | 280      |
| time/              |          |
|    episodes        | 1632     |
|    fps             | 229      |
|    time_elapsed    | 1659     |
|    total_timesteps | 381022   |
| train/             |          |
|    actor_loss      | -79.8    |
|    critic_loss     | 2.14     |
|    ent_coef        | 0.0545   |
|    ent_coef_loss   | 0.52     |
|    learning_rate   | 0.000174 |
|    n_updates       | 371021   |
---------------------------------
---------------------------------
| rollout/           |          |
|    ep_len_mean     | 178      |
|    ep_rew_mean     | 280      |
| time/              |          |
|    episodes        | 1636     |
|    fps             | 229      |
|    time_elapsed    | 1663     |
|    total_timesteps | 381731   |
| train/             |          |
|    actor_loss      | -82.4    |
|    critic_loss     | 4.7      |
|    ent_coef        | 0.0535   |
|    ent_coef_loss   | 0.0847   |
|    learning_rate   | 0.000173 |
|    n_updates       | 371730   |
---------------------------------
---------------------------------
| rollout/           |          |
|    ep_len_mean     | 179      |
|    ep_rew_mean     | 280      |
| time/              |          |
|    episodes        | 1640     |
|    fps             | 229      |
|    time_elapsed    | 1667     |
|    total_timesteps | 382508   |
| train/             |          |
|    actor_loss      | -83.3    |
|    critic_loss     | 7.82     |
|    ent_coef        | 0.0525   |
|    ent_coef_loss   | -0.00573 |
|    learning_rate   | 0.000172 |
|    n_updates       | 372507   |
---------------------------------
---------------------------------
| rollout/           |          |
|    ep_len_mean     | 178      |
|    ep_rew_mean     | 280      |
| time/              |          |
|    episodes        | 1644     |
|    fps             | 229      |
|    time_elapsed    | 1670     |
|    total_timesteps | 383211   |
| train/             |          |
|    actor_loss      | -81.6    |
|    critic_loss     | 3.45     |
|    ent_coef        | 0.0528   |
|    ent_coef_loss   | -0.409   |
|    learning_rate   | 0.000171 |
|    n_updates       | 373210   |
---------------------------------
---------------------------------
| rollout/           |          |
|    ep_len_mean     | 180      |
|    ep_rew_mean     | 280      |
| time/              |          |
|    episodes        | 1648     |
|    fps             | 229      |
|    time_elapsed    | 1674     |
|    total_timesteps | 384004   |
| train/             |          |
|    actor_loss      | -83.3    |
|    critic_loss     | 6.87     |
|    ent_coef        | 0.0516   |
|    ent_coef_loss   | -0.105   |
|    learning_rate   | 0.000169 |
|    n_updates       | 374003   |
---------------------------------
---------------------------------
| rollout/           |          |
|    ep_len_mean     | 181      |
|    ep_rew_mean     | 281      |
| time/              |          |
|    episodes        | 1652     |
|    fps             | 229      |
|    time_elapsed    | 1677     |
|    total_timesteps | 384738   |
| train/             |          |
|    actor_loss      | -82.9    |
|    critic_loss     | 4.51     |
|    ent_coef        | 0.0515   |
|    ent_coef_loss   | 0.578    |
|    learning_rate   | 0.000168 |
|    n_updates       | 374737   |
---------------------------------
---------------------------------
| rollout/           |          |
|    ep_len_mean     | 181      |
|    ep_rew_mean     | 281      |
| time/              |          |
|    episodes        | 1656     |
|    fps             | 229      |
|    time_elapsed    | 1681     |
|    total_timesteps | 385556   |
| train/             |          |
|    actor_loss      | -82      |
|    critic_loss     | 3.15     |
|    ent_coef        | 0.0516   |
|    ent_coef_loss   | 0.429    |
|    learning_rate   | 0.000167 |
|    n_updates       | 375555   |
---------------------------------
---------------------------------
| rollout/           |          |
|    ep_len_mean     | 182      |
|    ep_rew_mean     | 280      |
| time/              |          |
|    episodes        | 1660     |
|    fps             | 229      |
|    time_elapsed    | 1685     |
|    total_timesteps | 386347   |
| train/             |          |
|    actor_loss      | -80.7    |
|    critic_loss     | 4.05     |
|    ent_coef        | 0.0522   |
|    ent_coef_loss   | 0.396    |
|    learning_rate   | 0.000166 |
|    n_updates       | 376346   |
---------------------------------
---------------------------------
| rollout/           |          |
|    ep_len_mean     | 181      |
|    ep_rew_mean     | 281      |
| time/              |          |
|    episodes        | 1664     |
|    fps             | 229      |
|    time_elapsed    | 1689     |
|    total_timesteps | 387047   |
| train/             |          |
|    actor_loss      | -80.5    |
|    critic_loss     | 3.09     |
|    ent_coef        | 0.053    |
|    ent_coef_loss   | 0.105    |
|    learning_rate   | 0.000165 |
|    n_updates       | 377046   |
---------------------------------
---------------------------------
| rollout/           |          |
|    ep_len_mean     | 182      |
|    ep_rew_mean     | 281      |
| time/              |          |
|    episodes        | 1668     |
|    fps             | 229      |
|    time_elapsed    | 1692     |
|    total_timesteps | 387805   |
| train/             |          |
|    actor_loss      | -82      |
|    critic_loss     | 2.66     |
|    ent_coef        | 0.0538   |
|    ent_coef_loss   | -0.2     |
|    learning_rate   | 0.000164 |
|    n_updates       | 377804   |
---------------------------------
---------------------------------
| rollout/           |          |
|    ep_len_mean     | 183      |
|    ep_rew_mean     | 281      |
| time/              |          |
|    episodes        | 1672     |
|    fps             | 229      |
|    time_elapsed    | 1696     |
|    total_timesteps | 388638   |
| train/             |          |
|    actor_loss      | -80.2    |
|    critic_loss     | 2.96     |
|    ent_coef        | 0.0523   |
|    ent_coef_loss   | -0.0583  |
|    learning_rate   | 0.000163 |
|    n_updates       | 378637   |
---------------------------------
---------------------------------
| rollout/           |          |
|    ep_len_mean     | 182      |
|    ep_rew_mean     | 281      |
| time/              |          |
|    episodes        | 1676     |
|    fps             | 229      |
|    time_elapsed    | 1699     |
|    total_timesteps | 389307   |
| train/             |          |
|    actor_loss      | -81.3    |
|    critic_loss     | 3.71     |
|    ent_coef        | 0.0526   |
|    ent_coef_loss   | 0.0372   |
|    learning_rate   | 0.000162 |
|    n_updates       | 379306   |
---------------------------------
Eval num_timesteps=390000, episode_reward=277.92 +/- 14.65
Episode length: 176.80 +/- 19.58
---------------------------------
| eval/              |          |
|    mean_ep_length  | 177      |
|    mean_reward     | 278      |
| time/              |          |
|    total_timesteps | 390000   |
| train/             |          |
|    actor_loss      | -80.6    |
|    critic_loss     | 6.25     |
|    ent_coef        | 0.053    |
|    ent_coef_loss   | -0.432   |
|    learning_rate   | 0.000161 |
|    n_updates       | 379999   |
---------------------------------
---------------------------------
| rollout/           |          |
|    ep_len_mean     | 183      |
|    ep_rew_mean     | 281      |
| time/              |          |
|    episodes        | 1680     |
|    fps             | 228      |
|    time_elapsed    | 1704     |
|    total_timesteps | 390066   |
| train/             |          |
|    actor_loss      | -83.9    |
|    critic_loss     | 11       |
|    ent_coef        | 0.0529   |
|    ent_coef_loss   | -0.289   |
|    learning_rate   | 0.000161 |
|    n_updates       | 380065   |
---------------------------------
---------------------------------
| rollout/           |          |
|    ep_len_mean     | 186      |
|    ep_rew_mean     | 282      |
| time/              |          |
|    episodes        | 1684     |
|    fps             | 228      |
|    time_elapsed    | 1708     |
|    total_timesteps | 391002   |
| train/             |          |
|    actor_loss      | -80.1    |
|    critic_loss     | 4.32     |
|    ent_coef        | 0.0516   |
|    ent_coef_loss   | 0.184    |
|    learning_rate   | 0.000159 |
|    n_updates       | 381001   |
---------------------------------
---------------------------------
| rollout/           |          |
|    ep_len_mean     | 185      |
|    ep_rew_mean     | 281      |
| time/              |          |
|    episodes        | 1688     |
|    fps             | 228      |
|    time_elapsed    | 1712     |
|    total_timesteps | 391713   |
| train/             |          |
|    actor_loss      | -82.5    |
|    critic_loss     | 4.21     |
|    ent_coef        | 0.051    |
|    ent_coef_loss   | 0.244    |
|    learning_rate   | 0.000158 |
|    n_updates       | 381712   |
---------------------------------
---------------------------------
| rollout/           |          |
|    ep_len_mean     | 186      |
|    ep_rew_mean     | 282      |
| time/              |          |
|    episodes        | 1692     |
|    fps             | 228      |
|    time_elapsed    | 1715     |
|    total_timesteps | 392456   |
| train/             |          |
|    actor_loss      | -84.5    |
|    critic_loss     | 4.51     |
|    ent_coef        | 0.0517   |
|    ent_coef_loss   | 0.00526  |
|    learning_rate   | 0.000157 |
|    n_updates       | 382455   |
---------------------------------
---------------------------------
| rollout/           |          |
|    ep_len_mean     | 187      |
|    ep_rew_mean     | 281      |
| time/              |          |
|    episodes        | 1696     |
|    fps             | 228      |
|    time_elapsed    | 1719     |
|    total_timesteps | 393178   |
| train/             |          |
|    actor_loss      | -82.7    |
|    critic_loss     | 3.44     |
|    ent_coef        | 0.0522   |
|    ent_coef_loss   | -1.25    |
|    learning_rate   | 0.000156 |
|    n_updates       | 383177   |
---------------------------------
---------------------------------
| rollout/           |          |
|    ep_len_mean     | 186      |
|    ep_rew_mean     | 282      |
| time/              |          |
|    episodes        | 1700     |
|    fps             | 228      |
|    time_elapsed    | 1722     |
|    total_timesteps | 393888   |
| train/             |          |
|    actor_loss      | -80.7    |
|    critic_loss     | 5.12     |
|    ent_coef        | 0.0531   |
|    ent_coef_loss   | -0.473   |
|    learning_rate   | 0.000155 |
|    n_updates       | 383887   |
---------------------------------
---------------------------------
| rollout/           |          |
|    ep_len_mean     | 186      |
|    ep_rew_mean     | 282      |
| time/              |          |
|    episodes        | 1704     |
|    fps             | 228      |
|    time_elapsed    | 1726     |
|    total_timesteps | 394628   |
| train/             |          |
|    actor_loss      | -84.9    |
|    critic_loss     | 3.04     |
|    ent_coef        | 0.0527   |
|    ent_coef_loss   | -0.3     |
|    learning_rate   | 0.000154 |
|    n_updates       | 384627   |
---------------------------------
---------------------------------
| rollout/           |          |
|    ep_len_mean     | 187      |
|    ep_rew_mean     | 282      |
| time/              |          |
|    episodes        | 1708     |
|    fps             | 228      |
|    time_elapsed    | 1729     |
|    total_timesteps | 395364   |
| train/             |          |
|    actor_loss      | -82.2    |
|    critic_loss     | 36.8     |
|    ent_coef        | 0.0516   |
|    ent_coef_loss   | 0.312    |
|    learning_rate   | 0.000153 |
|    n_updates       | 385363   |
---------------------------------
---------------------------------
| rollout/           |          |
|    ep_len_mean     | 186      |
|    ep_rew_mean     | 278      |
| time/              |          |
|    episodes        | 1712     |
|    fps             | 228      |
|    time_elapsed    | 1731     |
|    total_timesteps | 395953   |
| train/             |          |
|    actor_loss      | -81.1    |
|    critic_loss     | 2.52     |
|    ent_coef        | 0.0511   |
|    ent_coef_loss   | 0.0573   |
|    learning_rate   | 0.000152 |
|    n_updates       | 385952   |
---------------------------------
---------------------------------
| rollout/           |          |
|    ep_len_mean     | 185      |
|    ep_rew_mean     | 278      |
| time/              |          |
|    episodes        | 1716     |
|    fps             | 228      |
|    time_elapsed    | 1734     |
|    total_timesteps | 396679   |
| train/             |          |
|    actor_loss      | -82.5    |
|    critic_loss     | 6.31     |
|    ent_coef        | 0.0529   |
|    ent_coef_loss   | 0.0837   |
|    learning_rate   | 0.000151 |
|    n_updates       | 386678   |
---------------------------------
---------------------------------
| rollout/           |          |
|    ep_len_mean     | 186      |
|    ep_rew_mean     | 278      |
| time/              |          |
|    episodes        | 1720     |
|    fps             | 228      |
|    time_elapsed    | 1737     |
|    total_timesteps | 397446   |
| train/             |          |
|    actor_loss      | -82.6    |
|    critic_loss     | 4.76     |
|    ent_coef        | 0.053    |
|    ent_coef_loss   | 0.259    |
|    learning_rate   | 0.00015  |
|    n_updates       | 387445   |
---------------------------------
----------------------------------
| rollout/           |           |
|    ep_len_mean     | 185       |
|    ep_rew_mean     | 277       |
| time/              |           |
|    episodes        | 1724      |
|    fps             | 228       |
|    time_elapsed    | 1740      |
|    total_timesteps | 398099    |
| train/             |           |
|    actor_loss      | -83.6     |
|    critic_loss     | 7.3       |
|    ent_coef        | 0.0531    |
|    ent_coef_loss   | -0.000853 |
|    learning_rate   | 0.000149  |
|    n_updates       | 388098    |
----------------------------------
---------------------------------
| rollout/           |          |
|    ep_len_mean     | 186      |
|    ep_rew_mean     | 276      |
| time/              |          |
|    episodes        | 1728     |
|    fps             | 228      |
|    time_elapsed    | 1744     |
|    total_timesteps | 398929   |
| train/             |          |
|    actor_loss      | -81.5    |
|    critic_loss     | 13.2     |
|    ent_coef        | 0.0523   |
|    ent_coef_loss   | -0.0504  |
|    learning_rate   | 0.000148 |
|    n_updates       | 388928   |
---------------------------------
---------------------------------
| rollout/           |          |
|    ep_len_mean     | 188      |
|    ep_rew_mean     | 277      |
| time/              |          |
|    episodes        | 1732     |
|    fps             | 228      |
|    time_elapsed    | 1747     |
|    total_timesteps | 399773   |
| train/             |          |
|    actor_loss      | -83.6    |
|    critic_loss     | 3.55     |
|    ent_coef        | 0.0521   |
|    ent_coef_loss   | -0.645   |
|    learning_rate   | 0.000146 |
|    n_updates       | 389772   |
---------------------------------
Eval num_timesteps=400000, episode_reward=287.34 +/- 11.90
Episode length: 187.40 +/- 19.16
---------------------------------
| eval/              |          |
|    mean_ep_length  | 187      |
|    mean_reward     | 287      |
| time/              |          |
|    total_timesteps | 400000   |
| train/             |          |
|    actor_loss      | -81.1    |
|    critic_loss     | 2.71     |
|    ent_coef        | 0.052    |
|    ent_coef_loss   | -0.425   |
|    learning_rate   | 0.000146 |
|    n_updates       | 389999   |
---------------------------------
---------------------------------
| rollout/           |          |
|    ep_len_mean     | 188      |
|    ep_rew_mean     | 276      |
| time/              |          |
|    episodes        | 1736     |
|    fps             | 228      |
|    time_elapsed    | 1751     |
|    total_timesteps | 400559   |
| train/             |          |
|    actor_loss      | -80      |
|    critic_loss     | 5.97     |
|    ent_coef        | 0.0524   |
|    ent_coef_loss   | 0.559    |
|    learning_rate   | 0.000145 |
|    n_updates       | 390558   |
---------------------------------
---------------------------------
| rollout/           |          |
|    ep_len_mean     | 188      |
|    ep_rew_mean     | 276      |
| time/              |          |
|    episodes        | 1740     |
|    fps             | 228      |
|    time_elapsed    | 1754     |
|    total_timesteps | 401307   |
| train/             |          |
|    actor_loss      | -82.9    |
|    critic_loss     | 6.68     |
|    ent_coef        | 0.0517   |
|    ent_coef_loss   | -0.314   |
|    learning_rate   | 0.000144 |
|    n_updates       | 391306   |
---------------------------------
---------------------------------
| rollout/           |          |
|    ep_len_mean     | 192      |
|    ep_rew_mean     | 277      |
| time/              |          |
|    episodes        | 1744     |
|    fps             | 228      |
|    time_elapsed    | 1759     |
|    total_timesteps | 402364   |
| train/             |          |
|    actor_loss      | -82.1    |
|    critic_loss     | 7.21     |
|    ent_coef        | 0.0525   |
|    ent_coef_loss   | 0.272    |
|    learning_rate   | 0.000143 |
|    n_updates       | 392363   |
---------------------------------
---------------------------------
| rollout/           |          |
|    ep_len_mean     | 190      |
|    ep_rew_mean     | 274      |
| time/              |          |
|    episodes        | 1748     |
|    fps             | 228      |
|    time_elapsed    | 1761     |
|    total_timesteps | 402996   |
| train/             |          |
|    actor_loss      | -83.6    |
|    critic_loss     | 6.49     |
|    ent_coef        | 0.0526   |
|    ent_coef_loss   | -0.892   |
|    learning_rate   | 0.000142 |
|    n_updates       | 392995   |
---------------------------------
---------------------------------
| rollout/           |          |
|    ep_len_mean     | 189      |
|    ep_rew_mean     | 270      |
| time/              |          |
|    episodes        | 1752     |
|    fps             | 228      |
|    time_elapsed    | 1764     |
|    total_timesteps | 403633   |
| train/             |          |
|    actor_loss      | -82.9    |
|    critic_loss     | 3.57     |
|    ent_coef        | 0.0529   |
|    ent_coef_loss   | -0.0627  |
|    learning_rate   | 0.000141 |
|    n_updates       | 393632   |
---------------------------------
---------------------------------
| rollout/           |          |
|    ep_len_mean     | 187      |
|    ep_rew_mean     | 269      |
| time/              |          |
|    episodes        | 1756     |
|    fps             | 228      |
|    time_elapsed    | 1767     |
|    total_timesteps | 404290   |
| train/             |          |
|    actor_loss      | -83.1    |
|    critic_loss     | 4.74     |
|    ent_coef        | 0.0527   |
|    ent_coef_loss   | 0.0655   |
|    learning_rate   | 0.00014  |
|    n_updates       | 394289   |
---------------------------------
---------------------------------
| rollout/           |          |
|    ep_len_mean     | 189      |
|    ep_rew_mean     | 269      |
| time/              |          |
|    episodes        | 1760     |
|    fps             | 228      |
|    time_elapsed    | 1771     |
|    total_timesteps | 405213   |
| train/             |          |
|    actor_loss      | -82      |
|    critic_loss     | 9.16     |
|    ent_coef        | 0.0514   |
|    ent_coef_loss   | 0.173    |
|    learning_rate   | 0.000138 |
|    n_updates       | 395212   |
---------------------------------
---------------------------------
| rollout/           |          |
|    ep_len_mean     | 188      |
|    ep_rew_mean     | 268      |
| time/              |          |
|    episodes        | 1764     |
|    fps             | 228      |
|    time_elapsed    | 1773     |
|    total_timesteps | 405895   |
| train/             |          |
|    actor_loss      | -81.7    |
|    critic_loss     | 8.69     |
|    ent_coef        | 0.0514   |
|    ent_coef_loss   | -0.404   |
|    learning_rate   | 0.000137 |
|    n_updates       | 395894   |
---------------------------------
---------------------------------
| rollout/           |          |
|    ep_len_mean     | 188      |
|    ep_rew_mean     | 267      |
| time/              |          |
|    episodes        | 1768     |
|    fps             | 228      |
|    time_elapsed    | 1776     |
|    total_timesteps | 406576   |
| train/             |          |
|    actor_loss      | -85.4    |
|    critic_loss     | 2.26     |
|    ent_coef        | 0.0513   |
|    ent_coef_loss   | -0.248   |
|    learning_rate   | 0.000136 |
|    n_updates       | 396575   |
---------------------------------
---------------------------------
| rollout/           |          |
|    ep_len_mean     | 186      |
|    ep_rew_mean     | 264      |
| time/              |          |
|    episodes        | 1772     |
|    fps             | 228      |
|    time_elapsed    | 1779     |
|    total_timesteps | 407192   |
| train/             |          |
|    actor_loss      | -86.3    |
|    critic_loss     | 2.32     |
|    ent_coef        | 0.051    |
|    ent_coef_loss   | -0.611   |
|    learning_rate   | 0.000136 |
|    n_updates       | 397191   |
---------------------------------
---------------------------------
| rollout/           |          |
|    ep_len_mean     | 186      |
|    ep_rew_mean     | 265      |
| time/              |          |
|    episodes        | 1776     |
|    fps             | 228      |
|    time_elapsed    | 1782     |
|    total_timesteps | 407903   |
| train/             |          |
|    actor_loss      | -84      |
|    critic_loss     | 13.7     |
|    ent_coef        | 0.0511   |
|    ent_coef_loss   | -0.134   |
|    learning_rate   | 0.000134 |
|    n_updates       | 397902   |
---------------------------------
---------------------------------
| rollout/           |          |
|    ep_len_mean     | 185      |
|    ep_rew_mean     | 260      |
| time/              |          |
|    episodes        | 1780     |
|    fps             | 228      |
|    time_elapsed    | 1784     |
|    total_timesteps | 408531   |
| train/             |          |
|    actor_loss      | -82.8    |
|    critic_loss     | 2.11     |
|    ent_coef        | 0.051    |
|    ent_coef_loss   | 0.368    |
|    learning_rate   | 0.000134 |
|    n_updates       | 398530   |
---------------------------------
---------------------------------
| rollout/           |          |
|    ep_len_mean     | 182      |
|    ep_rew_mean     | 260      |
| time/              |          |
|    episodes        | 1784     |
|    fps             | 228      |
|    time_elapsed    | 1787     |
|    total_timesteps | 409206   |
| train/             |          |
|    actor_loss      | -83.1    |
|    critic_loss     | 6.21     |
|    ent_coef        | 0.0516   |
|    ent_coef_loss   | -0.0437  |
|    learning_rate   | 0.000133 |
|    n_updates       | 399205   |
---------------------------------
---------------------------------
| rollout/           |          |
|    ep_len_mean     | 183      |
|    ep_rew_mean     | 260      |
| time/              |          |
|    episodes        | 1788     |
|    fps             | 228      |
|    time_elapsed    | 1791     |
|    total_timesteps | 409984   |
| train/             |          |
|    actor_loss      | -80.7    |
|    critic_loss     | 5.83     |
|    ent_coef        | 0.0519   |
|    ent_coef_loss   | 0.243    |
|    learning_rate   | 0.000131 |
|    n_updates       | 399983   |
---------------------------------
Eval num_timesteps=410000, episode_reward=246.37 +/- 90.10
Episode length: 188.30 +/- 51.92
---------------------------------
| eval/              |          |
|    mean_ep_length  | 188      |
|    mean_reward     | 246      |
| time/              |          |
|    total_timesteps | 410000   |
| train/             |          |
|    actor_loss      | -80.9    |
|    critic_loss     | 5.95     |
|    ent_coef        | 0.0518   |
|    ent_coef_loss   | 0.263    |
|    learning_rate   | 0.000131 |
|    n_updates       | 399999   |
---------------------------------
---------------------------------
| rollout/           |          |
|    ep_len_mean     | 183      |
|    ep_rew_mean     | 259      |
| time/              |          |
|    episodes        | 1792     |
|    fps             | 228      |
|    time_elapsed    | 1794     |
|    total_timesteps | 410707   |
| train/             |          |
|    actor_loss      | -83.5    |
|    critic_loss     | 5.48     |
|    ent_coef        | 0.0523   |
|    ent_coef_loss   | 0.152    |
|    learning_rate   | 0.00013  |
|    n_updates       | 400706   |
---------------------------------
---------------------------------
| rollout/           |          |
|    ep_len_mean     | 182      |
|    ep_rew_mean     | 258      |
| time/              |          |
|    episodes        | 1796     |
|    fps             | 228      |
|    time_elapsed    | 1797     |
|    total_timesteps | 411405   |
| train/             |          |
|    actor_loss      | -83.1    |
|    critic_loss     | 7.81     |
|    ent_coef        | 0.0509   |
|    ent_coef_loss   | 0.0774   |
|    learning_rate   | 0.000129 |
|    n_updates       | 401404   |
---------------------------------
---------------------------------
| rollout/           |          |
|    ep_len_mean     | 181      |
|    ep_rew_mean     | 255      |
| time/              |          |
|    episodes        | 1800     |
|    fps             | 228      |
|    time_elapsed    | 1800     |
|    total_timesteps | 412017   |
| train/             |          |
|    actor_loss      | -82.8    |
|    critic_loss     | 2.46     |
|    ent_coef        | 0.0504   |
|    ent_coef_loss   | -0.0712  |
|    learning_rate   | 0.000128 |
|    n_updates       | 402016   |
---------------------------------
---------------------------------
| rollout/           |          |
|    ep_len_mean     | 180      |
|    ep_rew_mean     | 252      |
| time/              |          |
|    episodes        | 1804     |
|    fps             | 228      |
|    time_elapsed    | 1802     |
|    total_timesteps | 412668   |
| train/             |          |
|    actor_loss      | -83.8    |
|    critic_loss     | 4.46     |
|    ent_coef        | 0.0501   |
|    ent_coef_loss   | -0.122   |
|    learning_rate   | 0.000128 |
|    n_updates       | 402667   |
---------------------------------
---------------------------------
| rollout/           |          |
|    ep_len_mean     | 180      |
|    ep_rew_mean     | 253      |
| time/              |          |
|    episodes        | 1808     |
|    fps             | 228      |
|    time_elapsed    | 1805     |
|    total_timesteps | 413385   |
| train/             |          |
|    actor_loss      | -84.3    |
|    critic_loss     | 1.96     |
|    ent_coef        | 0.0506   |
|    ent_coef_loss   | -0.576   |
|    learning_rate   | 0.000126 |
|    n_updates       | 403384   |
---------------------------------
---------------------------------
| rollout/           |          |
|    ep_len_mean     | 181      |
|    ep_rew_mean     | 257      |
| time/              |          |
|    episodes        | 1812     |
|    fps             | 228      |
|    time_elapsed    | 1808     |
|    total_timesteps | 414036   |
| train/             |          |
|    actor_loss      | -79.9    |
|    critic_loss     | 11.4     |
|    ent_coef        | 0.0516   |
|    ent_coef_loss   | 0.0113   |
|    learning_rate   | 0.000126 |
|    n_updates       | 404035   |
---------------------------------
---------------------------------
| rollout/           |          |
|    ep_len_mean     | 181      |
|    ep_rew_mean     | 257      |
| time/              |          |
|    episodes        | 1816     |
|    fps             | 228      |
|    time_elapsed    | 1811     |
|    total_timesteps | 414797   |
| train/             |          |
|    actor_loss      | -81.9    |
|    critic_loss     | 7        |
|    ent_coef        | 0.0525   |
|    ent_coef_loss   | -0.0376  |
|    learning_rate   | 0.000124 |
|    n_updates       | 404796   |
---------------------------------
---------------------------------
| rollout/           |          |
|    ep_len_mean     | 181      |
|    ep_rew_mean     | 257      |
| time/              |          |
|    episodes        | 1820     |
|    fps             | 228      |
|    time_elapsed    | 1815     |
|    total_timesteps | 415540   |
| train/             |          |
|    actor_loss      | -80.6    |
|    critic_loss     | 2.67     |
|    ent_coef        | 0.0526   |
|    ent_coef_loss   | -0.176   |
|    learning_rate   | 0.000123 |
|    n_updates       | 405539   |
---------------------------------
---------------------------------
| rollout/           |          |
|    ep_len_mean     | 180      |
|    ep_rew_mean     | 255      |
| time/              |          |
|    episodes        | 1824     |
|    fps             | 228      |
|    time_elapsed    | 1817     |
|    total_timesteps | 416141   |
| train/             |          |
|    actor_loss      | -87.1    |
|    critic_loss     | 4.14     |
|    ent_coef        | 0.0524   |
|    ent_coef_loss   | 0.237    |
|    learning_rate   | 0.000122 |
|    n_updates       | 406140   |
---------------------------------
---------------------------------
| rollout/           |          |
|    ep_len_mean     | 179      |
|    ep_rew_mean     | 255      |
| time/              |          |
|    episodes        | 1828     |
|    fps             | 228      |
|    time_elapsed    | 1820     |
|    total_timesteps | 416857   |
| train/             |          |
|    actor_loss      | -84.3    |
|    critic_loss     | 78       |
|    ent_coef        | 0.0522   |
|    ent_coef_loss   | 0.185    |
|    learning_rate   | 0.000121 |
|    n_updates       | 406856   |
---------------------------------
---------------------------------
| rollout/           |          |
|    ep_len_mean     | 179      |
|    ep_rew_mean     | 254      |
| time/              |          |
|    episodes        | 1832     |
|    fps             | 228      |
|    time_elapsed    | 1823     |
|    total_timesteps | 417647   |
| train/             |          |
|    actor_loss      | -84.6    |
|    critic_loss     | 9.68     |
|    ent_coef        | 0.0516   |
|    ent_coef_loss   | -0.0655  |
|    learning_rate   | 0.00012  |
|    n_updates       | 407646   |
---------------------------------
---------------------------------
| rollout/           |          |
|    ep_len_mean     | 177      |
|    ep_rew_mean     | 252      |
| time/              |          |
|    episodes        | 1836     |
|    fps             | 229      |
|    time_elapsed    | 1826     |
|    total_timesteps | 418238   |
| train/             |          |
|    actor_loss      | -83      |
|    critic_loss     | 5.78     |
|    ent_coef        | 0.0518   |
|    ent_coef_loss   | 0.356    |
|    learning_rate   | 0.000119 |
|    n_updates       | 408237   |
---------------------------------
---------------------------------
| rollout/           |          |
|    ep_len_mean     | 177      |
|    ep_rew_mean     | 251      |
| time/              |          |
|    episodes        | 1840     |
|    fps             | 229      |
|    time_elapsed    | 1829     |
|    total_timesteps | 419030   |
| train/             |          |
|    actor_loss      | -86.3    |
|    critic_loss     | 3.31     |
|    ent_coef        | 0.0528   |
|    ent_coef_loss   | -0.804   |
|    learning_rate   | 0.000118 |
|    n_updates       | 409029   |
---------------------------------
---------------------------------
| rollout/           |          |
|    ep_len_mean     | 174      |
|    ep_rew_mean     | 250      |
| time/              |          |
|    episodes        | 1844     |
|    fps             | 228      |
|    time_elapsed    | 1832     |
|    total_timesteps | 419746   |
| train/             |          |
|    actor_loss      | -86.7    |
|    critic_loss     | 3.84     |
|    ent_coef        | 0.0536   |
|    ent_coef_loss   | 0.494    |
|    learning_rate   | 0.000117 |
|    n_updates       | 409745   |
---------------------------------
Eval num_timesteps=420000, episode_reward=242.17 +/- 87.37
Episode length: 166.50 +/- 21.33
---------------------------------
| eval/              |          |
|    mean_ep_length  | 166      |
|    mean_reward     | 242      |
| time/              |          |
|    total_timesteps | 420000   |
| train/             |          |
|    actor_loss      | -82.6    |
|    critic_loss     | 4.51     |
|    ent_coef        | 0.054    |
|    ent_coef_loss   | -0.0593  |
|    learning_rate   | 0.000117 |
|    n_updates       | 409999   |
---------------------------------
---------------------------------
| rollout/           |          |
|    ep_len_mean     | 175      |
|    ep_rew_mean     | 252      |
| time/              |          |
|    episodes        | 1848     |
|    fps             | 228      |
|    time_elapsed    | 1836     |
|    total_timesteps | 420451   |
| train/             |          |
|    actor_loss      | -81      |
|    critic_loss     | 2.36     |
|    ent_coef        | 0.0538   |
|    ent_coef_loss   | 0.0635   |
|    learning_rate   | 0.000116 |
|    n_updates       | 410450   |
---------------------------------
---------------------------------
| rollout/           |          |
|    ep_len_mean     | 175      |
|    ep_rew_mean     | 256      |
| time/              |          |
|    episodes        | 1852     |
|    fps             | 228      |
|    time_elapsed    | 1839     |
|    total_timesteps | 421154   |
| train/             |          |
|    actor_loss      | -81.4    |
|    critic_loss     | 1.65     |
|    ent_coef        | 0.0542   |
|    ent_coef_loss   | -0.196   |
|    learning_rate   | 0.000115 |
|    n_updates       | 411153   |
---------------------------------
---------------------------------
| rollout/           |          |
|    ep_len_mean     | 175      |
|    ep_rew_mean     | 249      |
| time/              |          |
|    episodes        | 1856     |
|    fps             | 228      |
|    time_elapsed    | 1842     |
|    total_timesteps | 421767   |
| train/             |          |
|    actor_loss      | -84.7    |
|    critic_loss     | 6.91     |
|    ent_coef        | 0.054    |
|    ent_coef_loss   | 0.475    |
|    learning_rate   | 0.000114 |
|    n_updates       | 411766   |
---------------------------------
---------------------------------
| rollout/           |          |
|    ep_len_mean     | 172      |
|    ep_rew_mean     | 246      |
| time/              |          |
|    episodes        | 1860     |
|    fps             | 228      |
|    time_elapsed    | 1844     |
|    total_timesteps | 422410   |
| train/             |          |
|    actor_loss      | -82.7    |
|    critic_loss     | 9.49     |
|    ent_coef        | 0.0541   |
|    ent_coef_loss   | 0.0626   |
|    learning_rate   | 0.000113 |
|    n_updates       | 412409   |
---------------------------------
---------------------------------
| rollout/           |          |
|    ep_len_mean     | 172      |
|    ep_rew_mean     | 248      |
| time/              |          |
|    episodes        | 1864     |
|    fps             | 228      |
|    time_elapsed    | 1847     |
|    total_timesteps | 423129   |
| train/             |          |
|    actor_loss      | -81.7    |
|    critic_loss     | 2.78     |
|    ent_coef        | 0.0538   |
|    ent_coef_loss   | 0.385    |
|    learning_rate   | 0.000112 |
|    n_updates       | 413128   |
---------------------------------
---------------------------------
| rollout/           |          |
|    ep_len_mean     | 173      |
|    ep_rew_mean     | 249      |
| time/              |          |
|    episodes        | 1868     |
|    fps             | 228      |
|    time_elapsed    | 1851     |
|    total_timesteps | 423912   |
| train/             |          |
|    actor_loss      | -88.6    |
|    critic_loss     | 11.9     |
|    ent_coef        | 0.0541   |
|    ent_coef_loss   | -1.19    |
|    learning_rate   | 0.000111 |
|    n_updates       | 413911   |
---------------------------------
---------------------------------
| rollout/           |          |
|    ep_len_mean     | 175      |
|    ep_rew_mean     | 253      |
| time/              |          |
|    episodes        | 1872     |
|    fps             | 228      |
|    time_elapsed    | 1854     |
|    total_timesteps | 424704   |
| train/             |          |
|    actor_loss      | -82.5    |
|    critic_loss     | 6.03     |
|    ent_coef        | 0.0547   |
|    ent_coef_loss   | -0.828   |
|    learning_rate   | 0.00011  |
|    n_updates       | 414703   |
---------------------------------
---------------------------------
| rollout/           |          |
|    ep_len_mean     | 174      |
|    ep_rew_mean     | 253      |
| time/              |          |
|    episodes        | 1876     |
|    fps             | 229      |
|    time_elapsed    | 1857     |
|    total_timesteps | 425323   |
| train/             |          |
|    actor_loss      | -81.2    |
|    critic_loss     | 7.46     |
|    ent_coef        | 0.0549   |
|    ent_coef_loss   | 0.368    |
|    learning_rate   | 0.000109 |
|    n_updates       | 415322   |
---------------------------------
---------------------------------
| rollout/           |          |
|    ep_len_mean     | 175      |
|    ep_rew_mean     | 257      |
| time/              |          |
|    episodes        | 1880     |
|    fps             | 229      |
|    time_elapsed    | 1860     |
|    total_timesteps | 426016   |
| train/             |          |
|    actor_loss      | -85.4    |
|    critic_loss     | 6.74     |
|    ent_coef        | 0.055    |
|    ent_coef_loss   | -0.00795 |
|    learning_rate   | 0.000108 |
|    n_updates       | 416015   |
---------------------------------
---------------------------------
| rollout/           |          |
|    ep_len_mean     | 175      |
|    ep_rew_mean     | 258      |
| time/              |          |
|    episodes        | 1884     |
|    fps             | 229      |
|    time_elapsed    | 1862     |
|    total_timesteps | 426691   |
| train/             |          |
|    actor_loss      | -83.4    |
|    critic_loss     | 7.33     |
|    ent_coef        | 0.0553   |
|    ent_coef_loss   | 0.21     |
|    learning_rate   | 0.000107 |
|    n_updates       | 416690   |
---------------------------------
---------------------------------
| rollout/           |          |
|    ep_len_mean     | 174      |
|    ep_rew_mean     | 258      |
| time/              |          |
|    episodes        | 1888     |
|    fps             | 229      |
|    time_elapsed    | 1865     |
|    total_timesteps | 427414   |
| train/             |          |
|    actor_loss      | -82.1    |
|    critic_loss     | 1.89     |
|    ent_coef        | 0.056    |
|    ent_coef_loss   | 0.082    |
|    learning_rate   | 0.000106 |
|    n_updates       | 417413   |
---------------------------------
---------------------------------
| rollout/           |          |
|    ep_len_mean     | 174      |
|    ep_rew_mean     | 259      |
| time/              |          |
|    episodes        | 1892     |
|    fps             | 229      |
|    time_elapsed    | 1868     |
|    total_timesteps | 428113   |
| train/             |          |
|    actor_loss      | -81.1    |
|    critic_loss     | 8.12     |
|    ent_coef        | 0.0557   |
|    ent_coef_loss   | 0.323    |
|    learning_rate   | 0.000105 |
|    n_updates       | 418112   |
---------------------------------
---------------------------------
| rollout/           |          |
|    ep_len_mean     | 175      |
|    ep_rew_mean     | 260      |
| time/              |          |
|    episodes        | 1896     |
|    fps             | 229      |
|    time_elapsed    | 1872     |
|    total_timesteps | 428891   |
| train/             |          |
|    actor_loss      | -84.2    |
|    critic_loss     | 2.66     |
|    ent_coef        | 0.0557   |
|    ent_coef_loss   | -0.496   |
|    learning_rate   | 0.000104 |
|    n_updates       | 418890   |
---------------------------------
---------------------------------
| rollout/           |          |
|    ep_len_mean     | 176      |
|    ep_rew_mean     | 263      |
| time/              |          |
|    episodes        | 1900     |
|    fps             | 229      |
|    time_elapsed    | 1875     |
|    total_timesteps | 429663   |
| train/             |          |
|    actor_loss      | -82.8    |
|    critic_loss     | 2.17     |
|    ent_coef        | 0.0566   |
|    ent_coef_loss   | -0.256   |
|    learning_rate   | 0.000103 |
|    n_updates       | 419662   |
---------------------------------
Eval num_timesteps=430000, episode_reward=280.02 +/- 15.41
Episode length: 177.30 +/- 19.09
---------------------------------
| eval/              |          |
|    mean_ep_length  | 177      |
|    mean_reward     | 280      |
| time/              |          |
|    total_timesteps | 430000   |
| train/             |          |
|    actor_loss      | -82.9    |
|    critic_loss     | 3        |
|    ent_coef        | 0.0562   |
|    ent_coef_loss   | -0.857   |
|    learning_rate   | 0.000102 |
|    n_updates       | 419999   |
---------------------------------
---------------------------------
| rollout/           |          |
|    ep_len_mean     | 177      |
|    ep_rew_mean     | 266      |
| time/              |          |
|    episodes        | 1904     |
|    fps             | 228      |
|    time_elapsed    | 1879     |
|    total_timesteps | 430365   |
| train/             |          |
|    actor_loss      | -83.3    |
|    critic_loss     | 7.33     |
|    ent_coef        | 0.0559   |
|    ent_coef_loss   | -0.498   |
|    learning_rate   | 0.000102 |
|    n_updates       | 420364   |
---------------------------------
---------------------------------
| rollout/           |          |
|    ep_len_mean     | 177      |
|    ep_rew_mean     | 267      |
| time/              |          |
|    episodes        | 1908     |
|    fps             | 228      |
|    time_elapsed    | 1883     |
|    total_timesteps | 431107   |
| train/             |          |
|    actor_loss      | -80.2    |
|    critic_loss     | 5.21     |
|    ent_coef        | 0.0554   |
|    ent_coef_loss   | 0.197    |
|    learning_rate   | 0.000101 |
|    n_updates       | 421106   |
---------------------------------
---------------------------------
| rollout/           |          |
|    ep_len_mean     | 178      |
|    ep_rew_mean     | 267      |
| time/              |          |
|    episodes        | 1912     |
|    fps             | 228      |
|    time_elapsed    | 1886     |
|    total_timesteps | 431828   |
| train/             |          |
|    actor_loss      | -82.4    |
|    critic_loss     | 2.27     |
|    ent_coef        | 0.0559   |
|    ent_coef_loss   | -0.0232  |
|    learning_rate   | 9.95e-05 |
|    n_updates       | 421827   |
---------------------------------
---------------------------------
| rollout/           |          |
|    ep_len_mean     | 177      |
|    ep_rew_mean     | 266      |
| time/              |          |
|    episodes        | 1916     |
|    fps             | 228      |
|    time_elapsed    | 1890     |
|    total_timesteps | 432531   |
| train/             |          |
|    actor_loss      | -82.3    |
|    critic_loss     | 10.5     |
|    ent_coef        | 0.0555   |
|    ent_coef_loss   | 0.296    |
|    learning_rate   | 9.85e-05 |
|    n_updates       | 422530   |
---------------------------------
---------------------------------
| rollout/           |          |
|    ep_len_mean     | 179      |
|    ep_rew_mean     | 266      |
| time/              |          |
|    episodes        | 1920     |
|    fps             | 228      |
|    time_elapsed    | 1894     |
|    total_timesteps | 433464   |
| train/             |          |
|    actor_loss      | -82.8    |
|    critic_loss     | 7.67     |
|    ent_coef        | 0.0552   |
|    ent_coef_loss   | -0.143   |
|    learning_rate   | 9.71e-05 |
|    n_updates       | 423463   |
---------------------------------
---------------------------------
| rollout/           |          |
|    ep_len_mean     | 181      |
|    ep_rew_mean     | 269      |
| time/              |          |
|    episodes        | 1924     |
|    fps             | 228      |
|    time_elapsed    | 1898     |
|    total_timesteps | 434213   |
| train/             |          |
|    actor_loss      | -83.7    |
|    critic_loss     | 3.33     |
|    ent_coef        | 0.0551   |
|    ent_coef_loss   | -1.11    |
|    learning_rate   | 9.61e-05 |
|    n_updates       | 424212   |
---------------------------------
---------------------------------
| rollout/           |          |
|    ep_len_mean     | 182      |
|    ep_rew_mean     | 269      |
| time/              |          |
|    episodes        | 1928     |
|    fps             | 228      |
|    time_elapsed    | 1902     |
|    total_timesteps | 435020   |
| train/             |          |
|    actor_loss      | -81.8    |
|    critic_loss     | 8.07     |
|    ent_coef        | 0.0546   |
|    ent_coef_loss   | -0.0376  |
|    learning_rate   | 9.49e-05 |
|    n_updates       | 425019   |
---------------------------------
---------------------------------
| rollout/           |          |
|    ep_len_mean     | 180      |
|    ep_rew_mean     | 269      |
| time/              |          |
|    episodes        | 1932     |
|    fps             | 228      |
|    time_elapsed    | 1905     |
|    total_timesteps | 435697   |
| train/             |          |
|    actor_loss      | -83.4    |
|    critic_loss     | 1.81     |
|    ent_coef        | 0.0539   |
|    ent_coef_loss   | -0.105   |
|    learning_rate   | 9.39e-05 |
|    n_updates       | 425696   |
---------------------------------
---------------------------------
| rollout/           |          |
|    ep_len_mean     | 182      |
|    ep_rew_mean     | 273      |
| time/              |          |
|    episodes        | 1936     |
|    fps             | 228      |
|    time_elapsed    | 1909     |
|    total_timesteps | 436425   |
| train/             |          |
|    actor_loss      | -81.8    |
|    critic_loss     | 10.7     |
|    ent_coef        | 0.0541   |
|    ent_coef_loss   | 0.278    |
|    learning_rate   | 9.28e-05 |
|    n_updates       | 426424   |
---------------------------------
---------------------------------
| rollout/           |          |
|    ep_len_mean     | 182      |
|    ep_rew_mean     | 274      |
| time/              |          |
|    episodes        | 1940     |
|    fps             | 228      |
|    time_elapsed    | 1912     |
|    total_timesteps | 437224   |
| train/             |          |
|    actor_loss      | -83.4    |
|    critic_loss     | 7.81     |
|    ent_coef        | 0.0544   |
|    ent_coef_loss   | 0.18     |
|    learning_rate   | 9.17e-05 |
|    n_updates       | 427223   |
---------------------------------
---------------------------------
| rollout/           |          |
|    ep_len_mean     | 182      |
|    ep_rew_mean     | 274      |
| time/              |          |
|    episodes        | 1944     |
|    fps             | 228      |
|    time_elapsed    | 1915     |
|    total_timesteps | 437943   |
| train/             |          |
|    actor_loss      | -81.3    |
|    critic_loss     | 1.66     |
|    ent_coef        | 0.0544   |
|    ent_coef_loss   | 0.028    |
|    learning_rate   | 9.06e-05 |
|    n_updates       | 427942   |
---------------------------------
---------------------------------
| rollout/           |          |
|    ep_len_mean     | 183      |
|    ep_rew_mean     | 274      |
| time/              |          |
|    episodes        | 1948     |
|    fps             | 228      |
|    time_elapsed    | 1919     |
|    total_timesteps | 438739   |
| train/             |          |
|    actor_loss      | -81.8    |
|    critic_loss     | 7.12     |
|    ent_coef        | 0.0548   |
|    ent_coef_loss   | 0.287    |
|    learning_rate   | 8.94e-05 |
|    n_updates       | 428738   |
---------------------------------
---------------------------------
| rollout/           |          |
|    ep_len_mean     | 185      |
|    ep_rew_mean     | 273      |
| time/              |          |
|    episodes        | 1952     |
|    fps             | 228      |
|    time_elapsed    | 1923     |
|    total_timesteps | 439672   |
| train/             |          |
|    actor_loss      | -83      |
|    critic_loss     | 4.03     |
|    ent_coef        | 0.0544   |
|    ent_coef_loss   | -0.199   |
|    learning_rate   | 8.81e-05 |
|    n_updates       | 429671   |
---------------------------------
Eval num_timesteps=440000, episode_reward=274.69 +/- 21.72
Episode length: 191.10 +/- 37.46
---------------------------------
| eval/              |          |
|    mean_ep_length  | 191      |
|    mean_reward     | 275      |
| time/              |          |
|    total_timesteps | 440000   |
| train/             |          |
|    actor_loss      | -84.8    |
|    critic_loss     | 4.15     |
|    ent_coef        | 0.0543   |
|    ent_coef_loss   | -0.349   |
|    learning_rate   | 8.76e-05 |
|    n_updates       | 429999   |
---------------------------------
---------------------------------
| rollout/           |          |
|    ep_len_mean     | 186      |
|    ep_rew_mean     | 280      |
| time/              |          |
|    episodes        | 1956     |
|    fps             | 228      |
|    time_elapsed    | 1926     |
|    total_timesteps | 440342   |
| train/             |          |
|    actor_loss      | -84.1    |
|    critic_loss     | 2.75     |
|    ent_coef        | 0.0538   |
|    ent_coef_loss   | -0.3     |
|    learning_rate   | 8.71e-05 |
|    n_updates       | 430341   |
---------------------------------
---------------------------------
| rollout/           |          |
|    ep_len_mean     | 187      |
|    ep_rew_mean     | 283      |
| time/              |          |
|    episodes        | 1960     |
|    fps             | 228      |
|    time_elapsed    | 1929     |
|    total_timesteps | 441149   |
| train/             |          |
|    actor_loss      | -82.1    |
|    critic_loss     | 11.5     |
|    ent_coef        | 0.0537   |
|    ent_coef_loss   | 0.626    |
|    learning_rate   | 8.59e-05 |
|    n_updates       | 431148   |
---------------------------------
---------------------------------
| rollout/           |          |
|    ep_len_mean     | 187      |
|    ep_rew_mean     | 283      |
| time/              |          |
|    episodes        | 1964     |
|    fps             | 228      |
|    time_elapsed    | 1932     |
|    total_timesteps | 441835   |
| train/             |          |
|    actor_loss      | -85.4    |
|    critic_loss     | 29.8     |
|    ent_coef        | 0.0538   |
|    ent_coef_loss   | 0.28     |
|    learning_rate   | 8.49e-05 |
|    n_updates       | 431834   |
---------------------------------
---------------------------------
| rollout/           |          |
|    ep_len_mean     | 188      |
|    ep_rew_mean     | 282      |
| time/              |          |
|    episodes        | 1968     |
|    fps             | 228      |
|    time_elapsed    | 1936     |
|    total_timesteps | 442697   |
| train/             |          |
|    actor_loss      | -82.3    |
|    critic_loss     | 4.39     |
|    ent_coef        | 0.0536   |
|    ent_coef_loss   | -0.0583  |
|    learning_rate   | 8.37e-05 |
|    n_updates       | 432696   |
---------------------------------
---------------------------------
| rollout/           |          |
|    ep_len_mean     | 187      |
|    ep_rew_mean     | 281      |
| time/              |          |
|    episodes        | 1972     |
|    fps             | 228      |
|    time_elapsed    | 1939     |
|    total_timesteps | 443396   |
| train/             |          |
|    actor_loss      | -84.7    |
|    critic_loss     | 1.3      |
|    ent_coef        | 0.054    |
|    ent_coef_loss   | -0.275   |
|    learning_rate   | 8.26e-05 |
|    n_updates       | 433395   |
---------------------------------
---------------------------------
| rollout/           |          |
|    ep_len_mean     | 188      |
|    ep_rew_mean     | 282      |
| time/              |          |
|    episodes        | 1976     |
|    fps             | 228      |
|    time_elapsed    | 1942     |
|    total_timesteps | 444131   |
| train/             |          |
|    actor_loss      | -82.5    |
|    critic_loss     | 5.32     |
|    ent_coef        | 0.0538   |
|    ent_coef_loss   | -0.0675  |
|    learning_rate   | 8.16e-05 |
|    n_updates       | 434130   |
---------------------------------
---------------------------------
| rollout/           |          |
|    ep_len_mean     | 189      |
|    ep_rew_mean     | 282      |
| time/              |          |
|    episodes        | 1980     |
|    fps             | 228      |
|    time_elapsed    | 1945     |
|    total_timesteps | 444934   |
| train/             |          |
|    actor_loss      | -80.4    |
|    critic_loss     | 8.12     |
|    ent_coef        | 0.0538   |
|    ent_coef_loss   | -0.493   |
|    learning_rate   | 8.04e-05 |
|    n_updates       | 434933   |
---------------------------------
---------------------------------
| rollout/           |          |
|    ep_len_mean     | 190      |
|    ep_rew_mean     | 282      |
| time/              |          |
|    episodes        | 1984     |
|    fps             | 228      |
|    time_elapsed    | 1949     |
|    total_timesteps | 445711   |
| train/             |          |
|    actor_loss      | -82.9    |
|    critic_loss     | 2.06     |
|    ent_coef        | 0.0539   |
|    ent_coef_loss   | 0.503    |
|    learning_rate   | 7.93e-05 |
|    n_updates       | 435710   |
---------------------------------
---------------------------------
| rollout/           |          |
|    ep_len_mean     | 190      |
|    ep_rew_mean     | 282      |
| time/              |          |
|    episodes        | 1988     |
|    fps             | 228      |
|    time_elapsed    | 1952     |
|    total_timesteps | 446424   |
| train/             |          |
|    actor_loss      | -83.8    |
|    critic_loss     | 1.87     |
|    ent_coef        | 0.0537   |
|    ent_coef_loss   | 0.232    |
|    learning_rate   | 7.82e-05 |
|    n_updates       | 436423   |
---------------------------------
---------------------------------
| rollout/           |          |
|    ep_len_mean     | 190      |
|    ep_rew_mean     | 281      |
| time/              |          |
|    episodes        | 1992     |
|    fps             | 228      |
|    time_elapsed    | 1954     |
|    total_timesteps | 447099   |
| train/             |          |
|    actor_loss      | -81.5    |
|    critic_loss     | 9.38     |
|    ent_coef        | 0.0537   |
|    ent_coef_loss   | 0.799    |
|    learning_rate   | 7.72e-05 |
|    n_updates       | 437098   |
---------------------------------
---------------------------------
| rollout/           |          |
|    ep_len_mean     | 189      |
|    ep_rew_mean     | 280      |
| time/              |          |
|    episodes        | 1996     |
|    fps             | 228      |
|    time_elapsed    | 1958     |
|    total_timesteps | 447788   |
| train/             |          |
|    actor_loss      | -84.2    |
|    critic_loss     | 2.23     |
|    ent_coef        | 0.0544   |
|    ent_coef_loss   | 0.216    |
|    learning_rate   | 7.62e-05 |
|    n_updates       | 437787   |
---------------------------------
---------------------------------
| rollout/           |          |
|    ep_len_mean     | 188      |
|    ep_rew_mean     | 281      |
| time/              |          |
|    episodes        | 2000     |
|    fps             | 228      |
|    time_elapsed    | 1961     |
|    total_timesteps | 448510   |
| train/             |          |
|    actor_loss      | -82.9    |
|    critic_loss     | 3.86     |
|    ent_coef        | 0.0552   |
|    ent_coef_loss   | 0.643    |
|    learning_rate   | 7.52e-05 |
|    n_updates       | 438509   |
---------------------------------
---------------------------------
| rollout/           |          |
|    ep_len_mean     | 188      |
|    ep_rew_mean     | 281      |
| time/              |          |
|    episodes        | 2004     |
|    fps             | 228      |
|    time_elapsed    | 1965     |
|    total_timesteps | 449196   |
| train/             |          |
|    actor_loss      | -81.8    |
|    critic_loss     | 4.64     |
|    ent_coef        | 0.0554   |
|    ent_coef_loss   | 0.192    |
|    learning_rate   | 7.42e-05 |
|    n_updates       | 439195   |
---------------------------------
---------------------------------
| rollout/           |          |
|    ep_len_mean     | 188      |
|    ep_rew_mean     | 280      |
| time/              |          |
|    episodes        | 2008     |
|    fps             | 228      |
|    time_elapsed    | 1968     |
|    total_timesteps | 449910   |
| train/             |          |
|    actor_loss      | -84.7    |
|    critic_loss     | 1.7      |
|    ent_coef        | 0.0548   |
|    ent_coef_loss   | 0.0219   |
|    learning_rate   | 7.31e-05 |
|    n_updates       | 439909   |
---------------------------------
Eval num_timesteps=450000, episode_reward=283.58 +/- 15.32
Episode length: 174.90 +/- 21.12
---------------------------------
| eval/              |          |
|    mean_ep_length  | 175      |
|    mean_reward     | 284      |
| time/              |          |
|    total_timesteps | 450000   |
| train/             |          |
|    actor_loss      | -85.9    |
|    critic_loss     | 4.98     |
|    ent_coef        | 0.0548   |
|    ent_coef_loss   | -0.311   |
|    learning_rate   | 7.3e-05  |
|    n_updates       | 439999   |
---------------------------------
---------------------------------
| rollout/           |          |
|    ep_len_mean     | 188      |
|    ep_rew_mean     | 279      |
| time/              |          |
|    episodes        | 2012     |
|    fps             | 228      |
|    time_elapsed    | 1972     |
|    total_timesteps | 450600   |
| train/             |          |
|    actor_loss      | -85.2    |
|    critic_loss     | 4.36     |
|    ent_coef        | 0.0542   |
|    ent_coef_loss   | -0.18    |
|    learning_rate   | 7.21e-05 |
|    n_updates       | 440599   |
---------------------------------
---------------------------------
| rollout/           |          |
|    ep_len_mean     | 188      |
|    ep_rew_mean     | 281      |
| time/              |          |
|    episodes        | 2016     |
|    fps             | 228      |
|    time_elapsed    | 1975     |
|    total_timesteps | 451312   |
| train/             |          |
|    actor_loss      | -81.7    |
|    critic_loss     | 3.6      |
|    ent_coef        | 0.0538   |
|    ent_coef_loss   | 0.193    |
|    learning_rate   | 7.11e-05 |
|    n_updates       | 441311   |
---------------------------------
---------------------------------
| rollout/           |          |
|    ep_len_mean     | 187      |
|    ep_rew_mean     | 281      |
| time/              |          |
|    episodes        | 2020     |
|    fps             | 228      |
|    time_elapsed    | 1979     |
|    total_timesteps | 452142   |
| train/             |          |
|    actor_loss      | -82.7    |
|    critic_loss     | 5.94     |
|    ent_coef        | 0.0535   |
|    ent_coef_loss   | 0.566    |
|    learning_rate   | 6.99e-05 |
|    n_updates       | 442141   |
---------------------------------
---------------------------------
| rollout/           |          |
|    ep_len_mean     | 186      |
|    ep_rew_mean     | 280      |
| time/              |          |
|    episodes        | 2024     |
|    fps             | 228      |
|    time_elapsed    | 1982     |
|    total_timesteps | 452830   |
| train/             |          |
|    actor_loss      | -84.3    |
|    critic_loss     | 2.13     |
|    ent_coef        | 0.0535   |
|    ent_coef_loss   | 0.109    |
|    learning_rate   | 6.89e-05 |
|    n_updates       | 442829   |
---------------------------------
---------------------------------
| rollout/           |          |
|    ep_len_mean     | 185      |
|    ep_rew_mean     | 280      |
| time/              |          |
|    episodes        | 2028     |
|    fps             | 228      |
|    time_elapsed    | 1985     |
|    total_timesteps | 453483   |
| train/             |          |
|    actor_loss      | -82.2    |
|    critic_loss     | 7.25     |
|    ent_coef        | 0.0535   |
|    ent_coef_loss   | 0.0204   |
|    learning_rate   | 6.79e-05 |
|    n_updates       | 443482   |
---------------------------------
---------------------------------
| rollout/           |          |
|    ep_len_mean     | 188      |
|    ep_rew_mean     | 280      |
| time/              |          |
|    episodes        | 2032     |
|    fps             | 228      |
|    time_elapsed    | 1989     |
|    total_timesteps | 454449   |
| train/             |          |
|    actor_loss      | -86.8    |
|    critic_loss     | 3.73     |
|    ent_coef        | 0.0532   |
|    ent_coef_loss   | -0.461   |
|    learning_rate   | 6.65e-05 |
|    n_updates       | 444448   |
---------------------------------
---------------------------------
| rollout/           |          |
|    ep_len_mean     | 190      |
|    ep_rew_mean     | 279      |
| time/              |          |
|    episodes        | 2036     |
|    fps             | 228      |
|    time_elapsed    | 1993     |
|    total_timesteps | 455441   |
| train/             |          |
|    actor_loss      | -83.4    |
|    critic_loss     | 9.66     |
|    ent_coef        | 0.0526   |
|    ent_coef_loss   | -0.0754  |
|    learning_rate   | 6.51e-05 |
|    n_updates       | 445440   |
---------------------------------
---------------------------------
| rollout/           |          |
|    ep_len_mean     | 189      |
|    ep_rew_mean     | 276      |
| time/              |          |
|    episodes        | 2040     |
|    fps             | 228      |
|    time_elapsed    | 1996     |
|    total_timesteps | 456136   |
| train/             |          |
|    actor_loss      | -82.9    |
|    critic_loss     | 4.46     |
|    ent_coef        | 0.0522   |
|    ent_coef_loss   | 0.358    |
|    learning_rate   | 6.4e-05  |
|    n_updates       | 446135   |
---------------------------------
---------------------------------
| rollout/           |          |
|    ep_len_mean     | 189      |
|    ep_rew_mean     | 277      |
| time/              |          |
|    episodes        | 2044     |
|    fps             | 228      |
|    time_elapsed    | 1999     |
|    total_timesteps | 456842   |
| train/             |          |
|    actor_loss      | -82.5    |
|    critic_loss     | 4.14     |
|    ent_coef        | 0.0524   |
|    ent_coef_loss   | 0.0605   |
|    learning_rate   | 6.3e-05  |
|    n_updates       | 446841   |
---------------------------------
---------------------------------
| rollout/           |          |
|    ep_len_mean     | 189      |
|    ep_rew_mean     | 277      |
| time/              |          |
|    episodes        | 2048     |
|    fps             | 228      |
|    time_elapsed    | 2002     |
|    total_timesteps | 457599   |
| train/             |          |
|    actor_loss      | -85.5    |
|    critic_loss     | 4.58     |
|    ent_coef        | 0.0525   |
|    ent_coef_loss   | -0.342   |
|    learning_rate   | 6.19e-05 |
|    n_updates       | 447598   |
---------------------------------
---------------------------------
| rollout/           |          |
|    ep_len_mean     | 188      |
|    ep_rew_mean     | 277      |
| time/              |          |
|    episodes        | 2052     |
|    fps             | 228      |
|    time_elapsed    | 2006     |
|    total_timesteps | 458447   |
| train/             |          |
|    actor_loss      | -84.6    |
|    critic_loss     | 2.36     |
|    ent_coef        | 0.0524   |
|    ent_coef_loss   | -0.0643  |
|    learning_rate   | 6.07e-05 |
|    n_updates       | 448446   |
---------------------------------
---------------------------------
| rollout/           |          |
|    ep_len_mean     | 188      |
|    ep_rew_mean     | 277      |
| time/              |          |
|    episodes        | 2056     |
|    fps             | 228      |
|    time_elapsed    | 2009     |
|    total_timesteps | 459145   |
| train/             |          |
|    actor_loss      | -83.5    |
|    critic_loss     | 2.1      |
|    ent_coef        | 0.052    |
|    ent_coef_loss   | -0.289   |
|    learning_rate   | 5.96e-05 |
|    n_updates       | 449144   |
---------------------------------
---------------------------------
| rollout/           |          |
|    ep_len_mean     | 187      |
|    ep_rew_mean     | 276      |
| time/              |          |
|    episodes        | 2060     |
|    fps             | 228      |
|    time_elapsed    | 2012     |
|    total_timesteps | 459816   |
| train/             |          |
|    actor_loss      | -85.3    |
|    critic_loss     | 6.57     |
|    ent_coef        | 0.0522   |
|    ent_coef_loss   | -0.498   |
|    learning_rate   | 5.87e-05 |
|    n_updates       | 449815   |
---------------------------------
Eval num_timesteps=460000, episode_reward=277.35 +/- 18.03
Episode length: 190.50 +/- 35.90
---------------------------------
| eval/              |          |
|    mean_ep_length  | 190      |
|    mean_reward     | 277      |
| time/              |          |
|    total_timesteps | 460000   |
| train/             |          |
|    actor_loss      | -84.9    |
|    critic_loss     | 8.2      |
|    ent_coef        | 0.0522   |
|    ent_coef_loss   | 0.288    |
|    learning_rate   | 5.84e-05 |
|    n_updates       | 449999   |
---------------------------------
---------------------------------
| rollout/           |          |
|    ep_len_mean     | 186      |
|    ep_rew_mean     | 275      |
| time/              |          |
|    episodes        | 2064     |
|    fps             | 228      |
|    time_elapsed    | 2015     |
|    total_timesteps | 460451   |
| train/             |          |
|    actor_loss      | -85      |
|    critic_loss     | 2.8      |
|    ent_coef        | 0.0522   |
|    ent_coef_loss   | -0.47    |
|    learning_rate   | 5.77e-05 |
|    n_updates       | 450450   |
---------------------------------
---------------------------------
| rollout/           |          |
|    ep_len_mean     | 185      |
|    ep_rew_mean     | 275      |
| time/              |          |
|    episodes        | 2068     |
|    fps             | 228      |
|    time_elapsed    | 2018     |
|    total_timesteps | 461166   |
| train/             |          |
|    actor_loss      | -83.5    |
|    critic_loss     | 7.24     |
|    ent_coef        | 0.0526   |
|    ent_coef_loss   | 0.452    |
|    learning_rate   | 5.67e-05 |
|    n_updates       | 451165   |
---------------------------------
---------------------------------
| rollout/           |          |
|    ep_len_mean     | 185      |
|    ep_rew_mean     | 276      |
| time/              |          |
|    episodes        | 2072     |
|    fps             | 228      |
|    time_elapsed    | 2021     |
|    total_timesteps | 461868   |
| train/             |          |
|    actor_loss      | -83.1    |
|    critic_loss     | 9.78     |
|    ent_coef        | 0.0527   |
|    ent_coef_loss   | 0.166    |
|    learning_rate   | 5.57e-05 |
|    n_updates       | 451867   |
---------------------------------
---------------------------------
| rollout/           |          |
|    ep_len_mean     | 184      |
|    ep_rew_mean     | 275      |
| time/              |          |
|    episodes        | 2076     |
|    fps             | 228      |
|    time_elapsed    | 2024     |
|    total_timesteps | 462504   |
| train/             |          |
|    actor_loss      | -81.4    |
|    critic_loss     | 4.94     |
|    ent_coef        | 0.0526   |
|    ent_coef_loss   | 0.343    |
|    learning_rate   | 5.47e-05 |
|    n_updates       | 452503   |
---------------------------------
---------------------------------
| rollout/           |          |
|    ep_len_mean     | 183      |
|    ep_rew_mean     | 275      |
| time/              |          |
|    episodes        | 2080     |
|    fps             | 228      |
|    time_elapsed    | 2027     |
|    total_timesteps | 463202   |
| train/             |          |
|    actor_loss      | -84      |
|    critic_loss     | 3.66     |
|    ent_coef        | 0.0527   |
|    ent_coef_loss   | -0.255   |
|    learning_rate   | 5.37e-05 |
|    n_updates       | 453201   |
---------------------------------
---------------------------------
| rollout/           |          |
|    ep_len_mean     | 183      |
|    ep_rew_mean     | 275      |
| time/              |          |
|    episodes        | 2084     |
|    fps             | 228      |
|    time_elapsed    | 2030     |
|    total_timesteps | 463967   |
| train/             |          |
|    actor_loss      | -85.2    |
|    critic_loss     | 11.1     |
|    ent_coef        | 0.0527   |
|    ent_coef_loss   | -0.444   |
|    learning_rate   | 5.26e-05 |
|    n_updates       | 453966   |
---------------------------------
---------------------------------
| rollout/           |          |
|    ep_len_mean     | 183      |
|    ep_rew_mean     | 275      |
| time/              |          |
|    episodes        | 2088     |
|    fps             | 228      |
|    time_elapsed    | 2033     |
|    total_timesteps | 464719   |
| train/             |          |
|    actor_loss      | -82.6    |
|    critic_loss     | 33.7     |
|    ent_coef        | 0.0526   |
|    ent_coef_loss   | -0.397   |
|    learning_rate   | 5.15e-05 |
|    n_updates       | 454718   |
---------------------------------
---------------------------------
| rollout/           |          |
|    ep_len_mean     | 184      |
|    ep_rew_mean     | 276      |
| time/              |          |
|    episodes        | 2092     |
|    fps             | 228      |
|    time_elapsed    | 2036     |
|    total_timesteps | 465548   |
| train/             |          |
|    actor_loss      | -83.4    |
|    critic_loss     | 10.4     |
|    ent_coef        | 0.0528   |
|    ent_coef_loss   | 0.355    |
|    learning_rate   | 5.03e-05 |
|    n_updates       | 455547   |
---------------------------------
---------------------------------
| rollout/           |          |
|    ep_len_mean     | 185      |
|    ep_rew_mean     | 277      |
| time/              |          |
|    episodes        | 2096     |
|    fps             | 228      |
|    time_elapsed    | 2039     |
|    total_timesteps | 466240   |
| train/             |          |
|    actor_loss      | -85      |
|    critic_loss     | 7.98     |
|    ent_coef        | 0.0526   |
|    ent_coef_loss   | -0.404   |
|    learning_rate   | 4.93e-05 |
|    n_updates       | 456239   |
---------------------------------
---------------------------------
| rollout/           |          |
|    ep_len_mean     | 184      |
|    ep_rew_mean     | 277      |
| time/              |          |
|    episodes        | 2100     |
|    fps             | 228      |
|    time_elapsed    | 2042     |
|    total_timesteps | 466941   |
| train/             |          |
|    actor_loss      | -84.8    |
|    critic_loss     | 9.51     |
|    ent_coef        | 0.0525   |
|    ent_coef_loss   | -0.201   |
|    learning_rate   | 4.83e-05 |
|    n_updates       | 456940   |
---------------------------------
---------------------------------
| rollout/           |          |
|    ep_len_mean     | 184      |
|    ep_rew_mean     | 277      |
| time/              |          |
|    episodes        | 2104     |
|    fps             | 228      |
|    time_elapsed    | 2045     |
|    total_timesteps | 467553   |
| train/             |          |
|    actor_loss      | -84.5    |
|    critic_loss     | 7.51     |
|    ent_coef        | 0.0522   |
|    ent_coef_loss   | 0.449    |
|    learning_rate   | 4.74e-05 |
|    n_updates       | 457552   |
---------------------------------
---------------------------------
| rollout/           |          |
|    ep_len_mean     | 184      |
|    ep_rew_mean     | 277      |
| time/              |          |
|    episodes        | 2108     |
|    fps             | 228      |
|    time_elapsed    | 2048     |
|    total_timesteps | 468261   |
| train/             |          |
|    actor_loss      | -84.4    |
|    critic_loss     | 4.19     |
|    ent_coef        | 0.0521   |
|    ent_coef_loss   | 0.0379   |
|    learning_rate   | 4.63e-05 |
|    n_updates       | 458260   |
---------------------------------
---------------------------------
| rollout/           |          |
|    ep_len_mean     | 184      |
|    ep_rew_mean     | 277      |
| time/              |          |
|    episodes        | 2112     |
|    fps             | 228      |
|    time_elapsed    | 2051     |
|    total_timesteps | 468964   |
| train/             |          |
|    actor_loss      | -83.9    |
|    critic_loss     | 6.5      |
|    ent_coef        | 0.0519   |
|    ent_coef_loss   | -0.382   |
|    learning_rate   | 4.53e-05 |
|    n_updates       | 458963   |
---------------------------------
---------------------------------
| rollout/           |          |
|    ep_len_mean     | 183      |
|    ep_rew_mean     | 276      |
| time/              |          |
|    episodes        | 2116     |
|    fps             | 228      |
|    time_elapsed    | 2054     |
|    total_timesteps | 469657   |
| train/             |          |
|    actor_loss      | -84.3    |
|    critic_loss     | 2.9      |
|    ent_coef        | 0.0517   |
|    ent_coef_loss   | -0.122   |
|    learning_rate   | 4.43e-05 |
|    n_updates       | 459656   |
---------------------------------
Eval num_timesteps=470000, episode_reward=280.31 +/- 17.84
Episode length: 179.10 +/- 21.66
---------------------------------
| eval/              |          |
|    mean_ep_length  | 179      |
|    mean_reward     | 280      |
| time/              |          |
|    total_timesteps | 470000   |
| train/             |          |
|    actor_loss      | -85.9    |
|    critic_loss     | 1.33     |
|    ent_coef        | 0.0517   |
|    ent_coef_loss   | -0.705   |
|    learning_rate   | 4.38e-05 |
|    n_updates       | 459999   |
---------------------------------
---------------------------------
| rollout/           |          |
|    ep_len_mean     | 182      |
|    ep_rew_mean     | 276      |
| time/              |          |
|    episodes        | 2120     |
|    fps             | 228      |
|    time_elapsed    | 2057     |
|    total_timesteps | 470355   |
| train/             |          |
|    actor_loss      | -81.9    |
|    critic_loss     | 4.23     |
|    ent_coef        | 0.0518   |
|    ent_coef_loss   | 0.801    |
|    learning_rate   | 4.33e-05 |
|    n_updates       | 460354   |
---------------------------------
---------------------------------
| rollout/           |          |
|    ep_len_mean     | 183      |
|    ep_rew_mean     | 276      |
| time/              |          |
|    episodes        | 2124     |
|    fps             | 228      |
|    time_elapsed    | 2061     |
|    total_timesteps | 471152   |
| train/             |          |
|    actor_loss      | -87.3    |
|    critic_loss     | 1.75     |
|    ent_coef        | 0.0518   |
|    ent_coef_loss   | 0.00859  |
|    learning_rate   | 4.21e-05 |
|    n_updates       | 461151   |
---------------------------------
---------------------------------
| rollout/           |          |
|    ep_len_mean     | 183      |
|    ep_rew_mean     | 276      |
| time/              |          |
|    episodes        | 2128     |
|    fps             | 228      |
|    time_elapsed    | 2064     |
|    total_timesteps | 471789   |
| train/             |          |
|    actor_loss      | -86.6    |
|    critic_loss     | 1.38     |
|    ent_coef        | 0.0515   |
|    ent_coef_loss   | -0.709   |
|    learning_rate   | 4.12e-05 |
|    n_updates       | 461788   |
---------------------------------
---------------------------------
| rollout/           |          |
|    ep_len_mean     | 181      |
|    ep_rew_mean     | 276      |
| time/              |          |
|    episodes        | 2132     |
|    fps             | 228      |
|    time_elapsed    | 2067     |
|    total_timesteps | 472529   |
| train/             |          |
|    actor_loss      | -83.8    |
|    critic_loss     | 3.7      |
|    ent_coef        | 0.0514   |
|    ent_coef_loss   | 0.166    |
|    learning_rate   | 4.01e-05 |
|    n_updates       | 462528   |
---------------------------------
---------------------------------
| rollout/           |          |
|    ep_len_mean     | 178      |
|    ep_rew_mean     | 276      |
| time/              |          |
|    episodes        | 2136     |
|    fps             | 228      |
|    time_elapsed    | 2070     |
|    total_timesteps | 473229   |
| train/             |          |
|    actor_loss      | -83.4    |
|    critic_loss     | 4.16     |
|    ent_coef        | 0.0514   |
|    ent_coef_loss   | 0.11     |
|    learning_rate   | 3.91e-05 |
|    n_updates       | 463228   |
---------------------------------
---------------------------------
| rollout/           |          |
|    ep_len_mean     | 179      |
|    ep_rew_mean     | 278      |
| time/              |          |
|    episodes        | 2140     |
|    fps             | 228      |
|    time_elapsed    | 2073     |
|    total_timesteps | 473991   |
| train/             |          |
|    actor_loss      | -82.6    |
|    critic_loss     | 3.49     |
|    ent_coef        | 0.0514   |
|    ent_coef_loss   | 0.346    |
|    learning_rate   | 3.8e-05  |
|    n_updates       | 463990   |
---------------------------------
---------------------------------
| rollout/           |          |
|    ep_len_mean     | 178      |
|    ep_rew_mean     | 278      |
| time/              |          |
|    episodes        | 2144     |
|    fps             | 228      |
|    time_elapsed    | 2076     |
|    total_timesteps | 474647   |
| train/             |          |
|    actor_loss      | -84.5    |
|    critic_loss     | 3.99     |
|    ent_coef        | 0.0516   |
|    ent_coef_loss   | -0.211   |
|    learning_rate   | 3.7e-05  |
|    n_updates       | 464646   |
---------------------------------
---------------------------------
| rollout/           |          |
|    ep_len_mean     | 178      |
|    ep_rew_mean     | 278      |
| time/              |          |
|    episodes        | 2148     |
|    fps             | 228      |
|    time_elapsed    | 2079     |
|    total_timesteps | 475359   |
| train/             |          |
|    actor_loss      | -83.8    |
|    critic_loss     | 9.99     |
|    ent_coef        | 0.0519   |
|    ent_coef_loss   | -0.278   |
|    learning_rate   | 3.6e-05  |
|    n_updates       | 465358   |
---------------------------------
---------------------------------
| rollout/           |          |
|    ep_len_mean     | 177      |
|    ep_rew_mean     | 278      |
| time/              |          |
|    episodes        | 2152     |
|    fps             | 228      |
|    time_elapsed    | 2082     |
|    total_timesteps | 476193   |
| train/             |          |
|    actor_loss      | -83.6    |
|    critic_loss     | 8.68     |
|    ent_coef        | 0.052    |
|    ent_coef_loss   | 0.189    |
|    learning_rate   | 3.48e-05 |
|    n_updates       | 466192   |
---------------------------------
---------------------------------
| rollout/           |          |
|    ep_len_mean     | 177      |
|    ep_rew_mean     | 279      |
| time/              |          |
|    episodes        | 2156     |
|    fps             | 228      |
|    time_elapsed    | 2085     |
|    total_timesteps | 476796   |
| train/             |          |
|    actor_loss      | -85.7    |
|    critic_loss     | 6.55     |
|    ent_coef        | 0.0522   |
|    ent_coef_loss   | -0.114   |
|    learning_rate   | 3.39e-05 |
|    n_updates       | 466795   |
---------------------------------
---------------------------------
| rollout/           |          |
|    ep_len_mean     | 177      |
|    ep_rew_mean     | 279      |
| time/              |          |
|    episodes        | 2160     |
|    fps             | 228      |
|    time_elapsed    | 2088     |
|    total_timesteps | 477543   |
| train/             |          |
|    actor_loss      | -85.2    |
|    critic_loss     | 6.26     |
|    ent_coef        | 0.0522   |
|    ent_coef_loss   | -0.354   |
|    learning_rate   | 3.28e-05 |
|    n_updates       | 467542   |
---------------------------------
---------------------------------
| rollout/           |          |
|    ep_len_mean     | 178      |
|    ep_rew_mean     | 279      |
| time/              |          |
|    episodes        | 2164     |
|    fps             | 228      |
|    time_elapsed    | 2091     |
|    total_timesteps | 478249   |
| train/             |          |
|    actor_loss      | -87.3    |
|    critic_loss     | 2.3      |
|    ent_coef        | 0.0521   |
|    ent_coef_loss   | -0.35    |
|    learning_rate   | 3.18e-05 |
|    n_updates       | 468248   |
---------------------------------
---------------------------------
| rollout/           |          |
|    ep_len_mean     | 178      |
|    ep_rew_mean     | 279      |
| time/              |          |
|    episodes        | 2168     |
|    fps             | 228      |
|    time_elapsed    | 2094     |
|    total_timesteps | 479007   |
| train/             |          |
|    actor_loss      | -86.1    |
|    critic_loss     | 5.04     |
|    ent_coef        | 0.052    |
|    ent_coef_loss   | 0.165    |
|    learning_rate   | 3.07e-05 |
|    n_updates       | 469006   |
---------------------------------
---------------------------------
| rollout/           |          |
|    ep_len_mean     | 179      |
|    ep_rew_mean     | 279      |
| time/              |          |
|    episodes        | 2172     |
|    fps             | 228      |
|    time_elapsed    | 2097     |
|    total_timesteps | 479749   |
| train/             |          |
|    actor_loss      | -84.2    |
|    critic_loss     | 3.73     |
|    ent_coef        | 0.0521   |
|    ent_coef_loss   | -0.36    |
|    learning_rate   | 2.96e-05 |
|    n_updates       | 469748   |
---------------------------------
Eval num_timesteps=480000, episode_reward=278.92 +/- 15.91
Episode length: 187.30 +/- 30.21
---------------------------------
| eval/              |          |
|    mean_ep_length  | 187      |
|    mean_reward     | 279      |
| time/              |          |
|    total_timesteps | 480000   |
| train/             |          |
|    actor_loss      | -86.3    |
|    critic_loss     | 3.82     |
|    ent_coef        | 0.052    |
|    ent_coef_loss   | -0.347   |
|    learning_rate   | 2.92e-05 |
|    n_updates       | 469999   |
---------------------------------
---------------------------------
| rollout/           |          |
|    ep_len_mean     | 180      |
|    ep_rew_mean     | 279      |
| time/              |          |
|    episodes        | 2176     |
|    fps             | 228      |
|    time_elapsed    | 2101     |
|    total_timesteps | 480498   |
| train/             |          |
|    actor_loss      | -85.8    |
|    critic_loss     | 6.11     |
|    ent_coef        | 0.0519   |
|    ent_coef_loss   | -0.501   |
|    learning_rate   | 2.85e-05 |
|    n_updates       | 470497   |
---------------------------------
---------------------------------
| rollout/           |          |
|    ep_len_mean     | 180      |
|    ep_rew_mean     | 279      |
| time/              |          |
|    episodes        | 2180     |
|    fps             | 228      |
|    time_elapsed    | 2104     |
|    total_timesteps | 481215   |
| train/             |          |
|    actor_loss      | -85.2    |
|    critic_loss     | 3.61     |
|    ent_coef        | 0.0516   |
|    ent_coef_loss   | -0.0887  |
|    learning_rate   | 2.74e-05 |
|    n_updates       | 471214   |
---------------------------------
---------------------------------
| rollout/           |          |
|    ep_len_mean     | 179      |
|    ep_rew_mean     | 278      |
| time/              |          |
|    episodes        | 2184     |
|    fps             | 228      |
|    time_elapsed    | 2107     |
|    total_timesteps | 481911   |
| train/             |          |
|    actor_loss      | -84.9    |
|    critic_loss     | 5.73     |
|    ent_coef        | 0.0515   |
|    ent_coef_loss   | -0.415   |
|    learning_rate   | 2.64e-05 |
|    n_updates       | 471910   |
---------------------------------
---------------------------------
| rollout/           |          |
|    ep_len_mean     | 179      |
|    ep_rew_mean     | 278      |
| time/              |          |
|    episodes        | 2188     |
|    fps             | 228      |
|    time_elapsed    | 2110     |
|    total_timesteps | 482571   |
| train/             |          |
|    actor_loss      | -84.3    |
|    critic_loss     | 2.33     |
|    ent_coef        | 0.0515   |
|    ent_coef_loss   | 0.106    |
|    learning_rate   | 2.54e-05 |
|    n_updates       | 472570   |
---------------------------------
---------------------------------
| rollout/           |          |
|    ep_len_mean     | 178      |
|    ep_rew_mean     | 278      |
| time/              |          |
|    episodes        | 2192     |
|    fps             | 228      |
|    time_elapsed    | 2113     |
|    total_timesteps | 483304   |
| train/             |          |
|    actor_loss      | -81.9    |
|    critic_loss     | 14       |
|    ent_coef        | 0.0514   |
|    ent_coef_loss   | -0.0729  |
|    learning_rate   | 2.44e-05 |
|    n_updates       | 473303   |
---------------------------------
---------------------------------
| rollout/           |          |
|    ep_len_mean     | 178      |
|    ep_rew_mean     | 277      |
| time/              |          |
|    episodes        | 2196     |
|    fps             | 228      |
|    time_elapsed    | 2116     |
|    total_timesteps | 484015   |
| train/             |          |
|    actor_loss      | -84.5    |
|    critic_loss     | 6.87     |
|    ent_coef        | 0.0514   |
|    ent_coef_loss   | 0.204    |
|    learning_rate   | 2.33e-05 |
|    n_updates       | 474014   |
---------------------------------
---------------------------------
| rollout/           |          |
|    ep_len_mean     | 178      |
|    ep_rew_mean     | 277      |
| time/              |          |
|    episodes        | 2200     |
|    fps             | 228      |
|    time_elapsed    | 2119     |
|    total_timesteps | 484771   |
| train/             |          |
|    actor_loss      | -83.4    |
|    critic_loss     | 17.4     |
|    ent_coef        | 0.0514   |
|    ent_coef_loss   | 0.36     |
|    learning_rate   | 2.22e-05 |
|    n_updates       | 474770   |
---------------------------------
---------------------------------
| rollout/           |          |
|    ep_len_mean     | 179      |
|    ep_rew_mean     | 277      |
| time/              |          |
|    episodes        | 2204     |
|    fps             | 228      |
|    time_elapsed    | 2122     |
|    total_timesteps | 485478   |
| train/             |          |
|    actor_loss      | -86.5    |
|    critic_loss     | 1.92     |
|    ent_coef        | 0.0514   |
|    ent_coef_loss   | -0.595   |
|    learning_rate   | 2.12e-05 |
|    n_updates       | 475477   |
---------------------------------
---------------------------------
| rollout/           |          |
|    ep_len_mean     | 179      |
|    ep_rew_mean     | 277      |
| time/              |          |
|    episodes        | 2208     |
|    fps             | 228      |
|    time_elapsed    | 2125     |
|    total_timesteps | 486153   |
| train/             |          |
|    actor_loss      | -82.2    |
|    critic_loss     | 9.99     |
|    ent_coef        | 0.0513   |
|    ent_coef_loss   | 0.35     |
|    learning_rate   | 2.02e-05 |
|    n_updates       | 476152   |
---------------------------------
---------------------------------
| rollout/           |          |
|    ep_len_mean     | 179      |
|    ep_rew_mean     | 276      |
| time/              |          |
|    episodes        | 2212     |
|    fps             | 228      |
|    time_elapsed    | 2128     |
|    total_timesteps | 486849   |
| train/             |          |
|    actor_loss      | -83.4    |
|    critic_loss     | 16.8     |
|    ent_coef        | 0.0511   |
|    ent_coef_loss   | 0.352    |
|    learning_rate   | 1.92e-05 |
|    n_updates       | 476848   |
---------------------------------
---------------------------------
| rollout/           |          |
|    ep_len_mean     | 179      |
|    ep_rew_mean     | 276      |
| time/              |          |
|    episodes        | 2216     |
|    fps             | 228      |
|    time_elapsed    | 2131     |
|    total_timesteps | 487559   |
| train/             |          |
|    actor_loss      | -85.7    |
|    critic_loss     | 9.15     |
|    ent_coef        | 0.0511   |
|    ent_coef_loss   | -0.568   |
|    learning_rate   | 1.82e-05 |
|    n_updates       | 477558   |
---------------------------------
---------------------------------
| rollout/           |          |
|    ep_len_mean     | 179      |
|    ep_rew_mean     | 275      |
| time/              |          |
|    episodes        | 2220     |
|    fps             | 228      |
|    time_elapsed    | 2133     |
|    total_timesteps | 488207   |
| train/             |          |
|    actor_loss      | -87      |
|    critic_loss     | 5.15     |
|    ent_coef        | 0.0511   |
|    ent_coef_loss   | 0.218    |
|    learning_rate   | 1.72e-05 |
|    n_updates       | 478206   |
---------------------------------
---------------------------------
| rollout/           |          |
|    ep_len_mean     | 178      |
|    ep_rew_mean     | 275      |
| time/              |          |
|    episodes        | 2224     |
|    fps             | 228      |
|    time_elapsed    | 2136     |
|    total_timesteps | 488919   |
| train/             |          |
|    actor_loss      | -86.8    |
|    critic_loss     | 4        |
|    ent_coef        | 0.0511   |
|    ent_coef_loss   | 0.301    |
|    learning_rate   | 1.62e-05 |
|    n_updates       | 478918   |
---------------------------------
---------------------------------
| rollout/           |          |
|    ep_len_mean     | 179      |
|    ep_rew_mean     | 277      |
| time/              |          |
|    episodes        | 2228     |
|    fps             | 228      |
|    time_elapsed    | 2140     |
|    total_timesteps | 489662   |
| train/             |          |
|    actor_loss      | -83.9    |
|    critic_loss     | 3.73     |
|    ent_coef        | 0.0511   |
|    ent_coef_loss   | -0.334   |
|    learning_rate   | 1.51e-05 |
|    n_updates       | 479661   |
---------------------------------
Eval num_timesteps=490000, episode_reward=282.99 +/- 16.85
Episode length: 181.70 +/- 31.65
---------------------------------
| eval/              |          |
|    mean_ep_length  | 182      |
|    mean_reward     | 283      |
| time/              |          |
|    total_timesteps | 490000   |
| train/             |          |
|    actor_loss      | -83.7    |
|    critic_loss     | 4.33     |
|    ent_coef        | 0.0511   |
|    ent_coef_loss   | -0.0328  |
|    learning_rate   | 1.46e-05 |
|    n_updates       | 479999   |
---------------------------------
---------------------------------
| rollout/           |          |
|    ep_len_mean     | 179      |
|    ep_rew_mean     | 276      |
| time/              |          |
|    episodes        | 2232     |
|    fps             | 228      |
|    time_elapsed    | 2143     |
|    total_timesteps | 490414   |
| train/             |          |
|    actor_loss      | -87.2    |
|    critic_loss     | 4.62     |
|    ent_coef        | 0.0511   |
|    ent_coef_loss   | -0.328   |
|    learning_rate   | 1.4e-05  |
|    n_updates       | 480413   |
---------------------------------
---------------------------------
| rollout/           |          |
|    ep_len_mean     | 178      |
|    ep_rew_mean     | 276      |
| time/              |          |
|    episodes        | 2236     |
|    fps             | 228      |
|    time_elapsed    | 2147     |
|    total_timesteps | 491059   |
| train/             |          |
|    actor_loss      | -84      |
|    critic_loss     | 7.57     |
|    ent_coef        | 0.0511   |
|    ent_coef_loss   | 0.533    |
|    learning_rate   | 1.31e-05 |
|    n_updates       | 481058   |
---------------------------------
---------------------------------
| rollout/           |          |
|    ep_len_mean     | 178      |
|    ep_rew_mean     | 276      |
| time/              |          |
|    episodes        | 2240     |
|    fps             | 228      |
|    time_elapsed    | 2150     |
|    total_timesteps | 491776   |
| train/             |          |
|    actor_loss      | -82.4    |
|    critic_loss     | 5.8      |
|    ent_coef        | 0.0511   |
|    ent_coef_loss   | 0.0716   |
|    learning_rate   | 1.2e-05  |
|    n_updates       | 481775   |
---------------------------------
---------------------------------
| rollout/           |          |
|    ep_len_mean     | 178      |
|    ep_rew_mean     | 276      |
| time/              |          |
|    episodes        | 2244     |
|    fps             | 228      |
|    time_elapsed    | 2153     |
|    total_timesteps | 492484   |
| train/             |          |
|    actor_loss      | -84.7    |
|    critic_loss     | 4.53     |
|    ent_coef        | 0.0511   |
|    ent_coef_loss   | 0.433    |
|    learning_rate   | 1.1e-05  |
|    n_updates       | 482483   |
---------------------------------
---------------------------------
| rollout/           |          |
|    ep_len_mean     | 180      |
|    ep_rew_mean     | 276      |
| time/              |          |
|    episodes        | 2248     |
|    fps             | 228      |
|    time_elapsed    | 2158     |
|    total_timesteps | 493404   |
| train/             |          |
|    actor_loss      | -84.2    |
|    critic_loss     | 21.5     |
|    ent_coef        | 0.0512   |
|    ent_coef_loss   | 0.258    |
|    learning_rate   | 9.63e-06 |
|    n_updates       | 483403   |
---------------------------------
---------------------------------
| rollout/           |          |
|    ep_len_mean     | 180      |
|    ep_rew_mean     | 276      |
| time/              |          |
|    episodes        | 2252     |
|    fps             | 228      |
|    time_elapsed    | 2162     |
|    total_timesteps | 494169   |
| train/             |          |
|    actor_loss      | -84.2    |
|    critic_loss     | 15.1     |
|    ent_coef        | 0.0512   |
|    ent_coef_loss   | -0.368   |
|    learning_rate   | 8.51e-06 |
|    n_updates       | 484168   |
---------------------------------
---------------------------------
| rollout/           |          |
|    ep_len_mean     | 181      |
|    ep_rew_mean     | 276      |
| time/              |          |
|    episodes        | 2256     |
|    fps             | 228      |
|    time_elapsed    | 2165     |
|    total_timesteps | 494914   |
| train/             |          |
|    actor_loss      | -81.6    |
|    critic_loss     | 2.87     |
|    ent_coef        | 0.0513   |
|    ent_coef_loss   | 1.09     |
|    learning_rate   | 7.43e-06 |
|    n_updates       | 484913   |
---------------------------------
---------------------------------
| rollout/           |          |
|    ep_len_mean     | 181      |
|    ep_rew_mean     | 276      |
| time/              |          |
|    episodes        | 2260     |
|    fps             | 228      |
|    time_elapsed    | 2168     |
|    total_timesteps | 495650   |
| train/             |          |
|    actor_loss      | -86.5    |
|    critic_loss     | 2.11     |
|    ent_coef        | 0.0513   |
|    ent_coef_loss   | 0.166    |
|    learning_rate   | 6.35e-06 |
|    n_updates       | 485649   |
---------------------------------
---------------------------------
| rollout/           |          |
|    ep_len_mean     | 180      |
|    ep_rew_mean     | 276      |
| time/              |          |
|    episodes        | 2264     |
|    fps             | 228      |
|    time_elapsed    | 2171     |
|    total_timesteps | 496283   |
| train/             |          |
|    actor_loss      | -82.9    |
|    critic_loss     | 5.89     |
|    ent_coef        | 0.0513   |
|    ent_coef_loss   | -0.193   |
|    learning_rate   | 5.43e-06 |
|    n_updates       | 486282   |
---------------------------------
---------------------------------
| rollout/           |          |
|    ep_len_mean     | 181      |
|    ep_rew_mean     | 276      |
| time/              |          |
|    episodes        | 2268     |
|    fps             | 228      |
|    time_elapsed    | 2175     |
|    total_timesteps | 497091   |
| train/             |          |
|    actor_loss      | -85.9    |
|    critic_loss     | 1.82     |
|    ent_coef        | 0.0513   |
|    ent_coef_loss   | 0.000667 |
|    learning_rate   | 4.25e-06 |
|    n_updates       | 487090   |
---------------------------------
---------------------------------
| rollout/           |          |
|    ep_len_mean     | 183      |
|    ep_rew_mean     | 276      |
| time/              |          |
|    episodes        | 2272     |
|    fps             | 228      |
|    time_elapsed    | 2178     |
|    total_timesteps | 498018   |
| train/             |          |
|    actor_loss      | -84.8    |
|    critic_loss     | 4.38     |
|    ent_coef        | 0.0513   |
|    ent_coef_loss   | -0.188   |
|    learning_rate   | 2.9e-06  |
|    n_updates       | 488017   |
---------------------------------
---------------------------------
| rollout/           |          |
|    ep_len_mean     | 183      |
|    ep_rew_mean     | 276      |
| time/              |          |
|    episodes        | 2276     |
|    fps             | 228      |
|    time_elapsed    | 2182     |
|    total_timesteps | 498813   |
| train/             |          |
|    actor_loss      | -85.8    |
|    critic_loss     | 5.52     |
|    ent_coef        | 0.0513   |
|    ent_coef_loss   | -0.201   |
|    learning_rate   | 1.73e-06 |
|    n_updates       | 488812   |
---------------------------------
---------------------------------
| rollout/           |          |
|    ep_len_mean     | 183      |
|    ep_rew_mean     | 276      |
| time/              |          |
|    episodes        | 2280     |
|    fps             | 228      |
|    time_elapsed    | 2184     |
|    total_timesteps | 499471   |
| train/             |          |
|    actor_loss      | -84.3    |
|    critic_loss     | 16.3     |
|    ent_coef        | 0.0513   |
|    ent_coef_loss   | -0.0272  |
|    learning_rate   | 7.74e-07 |
|    n_updates       | 489470   |
---------------------------------
Eval num_timesteps=500000, episode_reward=282.57 +/- 26.84
Episode length: 177.00 +/- 25.85
---------------------------------
| eval/              |          |
|    mean_ep_length  | 177      |
|    mean_reward     | 283      |
| time/              |          |
|    total_timesteps | 500000   |
| train/             |          |
|    actor_loss      | -85.8    |
|    critic_loss     | 3.18     |
|    ent_coef        | 0.0513   |
|    ent_coef_loss   | -0.209   |
|    learning_rate   | 1.46e-09 |
|    n_updates       | 489999   |
---------------------------------
Wrapping the env in a DummyVecEnv.
mlp after training: mean_reward=289.48 +/- 12.31

=== Experiment complete ===
Summary: outputs/lunarlander_baseline/SAC-20260728_211032-seed123/experiment_summary_mlp.json
mlp: final=289.48, best_eval=291.35822079999997
/home/leopold/anaconda3/envs/sac_sb3_demo/lib/python3.12/site-packages/pygame/pkgdata.py:25: UserWarning: pkg_resources is deprecated as an API. See https://setuptools.pypa.io/en/latest/pkg_resources.html. The pkg_resources package is slated for removal as early as 2025-11-30. Refrain from using this package or pin to Setuptools<81.
  from pkg_resources import resource_stream, resource_exists


