══════════════════════════════════════════
[1/9] SAC  seed=42  device=cuda
started: 2026年 07月 28日 星期二 21:10:32 CST
run_tag: SAC-20260728_211032-seed42
══════════════════════════════════════════
CUDA available: NVIDIA GeForce RTX 4070 Laptop GPU

=== Training variant: mlp ===
Using cuda device
mlp before training: mean_reward=-271.06 +/- 74.59
Logging to runs/lunarlander_baseline/SAC-20260728_211032-seed42/mlp_1
---------------------------------
| rollout/           |          |
|    ep_len_mean     | 123      |
|    ep_rew_mean     | -259     |
| time/              |          |
|    episodes        | 4        |
|    fps             | 8077     |
|    time_elapsed    | 0        |
|    total_timesteps | 493      |
---------------------------------
---------------------------------
| rollout/           |          |
|    ep_len_mean     | 128      |
|    ep_rew_mean     | -242     |
| time/              |          |
|    episodes        | 8        |
|    fps             | 8239     |
|    time_elapsed    | 0        |
|    total_timesteps | 1020     |
---------------------------------
---------------------------------
| rollout/           |          |
|    ep_len_mean     | 123      |
|    ep_rew_mean     | -219     |
| time/              |          |
|    episodes        | 12       |
|    fps             | 8276     |
|    time_elapsed    | 0        |
|    total_timesteps | 1479     |
---------------------------------
---------------------------------
| rollout/           |          |
|    ep_len_mean     | 124      |
|    ep_rew_mean     | -242     |
| time/              |          |
|    episodes        | 16       |
|    fps             | 8281     |
|    time_elapsed    | 0        |
|    total_timesteps | 1982     |
---------------------------------
---------------------------------
| rollout/           |          |
|    ep_len_mean     | 120      |
|    ep_rew_mean     | -240     |
| time/              |          |
|    episodes        | 20       |
|    fps             | 8317     |
|    time_elapsed    | 0        |
|    total_timesteps | 2405     |
---------------------------------
---------------------------------
| rollout/           |          |
|    ep_len_mean     | 118      |
|    ep_rew_mean     | -219     |
| time/              |          |
|    episodes        | 24       |
|    fps             | 8347     |
|    time_elapsed    | 0        |
|    total_timesteps | 2825     |
---------------------------------
---------------------------------
| rollout/           |          |
|    ep_len_mean     | 113      |
|    ep_rew_mean     | -211     |
| time/              |          |
|    episodes        | 28       |
|    fps             | 8328     |
|    time_elapsed    | 0        |
|    total_timesteps | 3164     |
---------------------------------
---------------------------------
| rollout/           |          |
|    ep_len_mean     | 113      |
|    ep_rew_mean     | -217     |
| time/              |          |
|    episodes        | 32       |
|    fps             | 8333     |
|    time_elapsed    | 0        |
|    total_timesteps | 3602     |
---------------------------------
---------------------------------
| rollout/           |          |
|    ep_len_mean     | 112      |
|    ep_rew_mean     | -211     |
| time/              |          |
|    episodes        | 36       |
|    fps             | 8335     |
|    time_elapsed    | 0        |
|    total_timesteps | 4042     |
---------------------------------
---------------------------------
| rollout/           |          |
|    ep_len_mean     | 111      |
|    ep_rew_mean     | -221     |
| time/              |          |
|    episodes        | 40       |
|    fps             | 8339     |
|    time_elapsed    | 0        |
|    total_timesteps | 4424     |
---------------------------------
---------------------------------
| rollout/           |          |
|    ep_len_mean     | 113      |
|    ep_rew_mean     | -232     |
| time/              |          |
|    episodes        | 44       |
|    fps             | 8358     |
|    time_elapsed    | 0        |
|    total_timesteps | 4960     |
---------------------------------
---------------------------------
| rollout/           |          |
|    ep_len_mean     | 113      |
|    ep_rew_mean     | -239     |
| time/              |          |
|    episodes        | 48       |
|    fps             | 8364     |
|    time_elapsed    | 0        |
|    total_timesteps | 5411     |
---------------------------------
---------------------------------
| rollout/           |          |
|    ep_len_mean     | 112      |
|    ep_rew_mean     | -240     |
| time/              |          |
|    episodes        | 52       |
|    fps             | 8367     |
|    time_elapsed    | 0        |
|    total_timesteps | 5809     |
---------------------------------
---------------------------------
| rollout/           |          |
|    ep_len_mean     | 110      |
|    ep_rew_mean     | -233     |
| time/              |          |
|    episodes        | 56       |
|    fps             | 8365     |
|    time_elapsed    | 0        |
|    total_timesteps | 6136     |
---------------------------------
---------------------------------
| rollout/           |          |
|    ep_len_mean     | 112      |
|    ep_rew_mean     | -239     |
| time/              |          |
|    episodes        | 60       |
|    fps             | 8383     |
|    time_elapsed    | 0        |
|    total_timesteps | 6710     |
---------------------------------
---------------------------------
| rollout/           |          |
|    ep_len_mean     | 113      |
|    ep_rew_mean     | -237     |
| time/              |          |
|    episodes        | 64       |
|    fps             | 8394     |
|    time_elapsed    | 0        |
|    total_timesteps | 7234     |
---------------------------------
---------------------------------
| rollout/           |          |
|    ep_len_mean     | 114      |
|    ep_rew_mean     | -235     |
| time/              |          |
|    episodes        | 68       |
|    fps             | 8402     |
|    time_elapsed    | 0        |
|    total_timesteps | 7747     |
---------------------------------
---------------------------------
| rollout/           |          |
|    ep_len_mean     | 112      |
|    ep_rew_mean     | -229     |
| time/              |          |
|    episodes        | 72       |
|    fps             | 8401     |
|    time_elapsed    | 0        |
|    total_timesteps | 8086     |
---------------------------------
---------------------------------
| rollout/           |          |
|    ep_len_mean     | 113      |
|    ep_rew_mean     | -230     |
| time/              |          |
|    episodes        | 76       |
|    fps             | 8410     |
|    time_elapsed    | 1        |
|    total_timesteps | 8564     |
---------------------------------
---------------------------------
| rollout/           |          |
|    ep_len_mean     | 112      |
|    ep_rew_mean     | -229     |
| time/              |          |
|    episodes        | 80       |
|    fps             | 8406     |
|    time_elapsed    | 1        |
|    total_timesteps | 8952     |
---------------------------------
---------------------------------
| rollout/           |          |
|    ep_len_mean     | 112      |
|    ep_rew_mean     | -231     |
| time/              |          |
|    episodes        | 84       |
|    fps             | 8411     |
|    time_elapsed    | 1        |
|    total_timesteps | 9404     |
---------------------------------
---------------------------------
| rollout/           |          |
|    ep_len_mean     | 113      |
|    ep_rew_mean     | -232     |
| time/              |          |
|    episodes        | 88       |
|    fps             | 8414     |
|    time_elapsed    | 1        |
|    total_timesteps | 9909     |
---------------------------------
Eval num_timesteps=10000, episode_reward=-193.14 +/- 126.58
Episode length: 119.40 +/- 43.35
---------------------------------
| eval/              |          |
|    mean_ep_length  | 119      |
|    mean_reward     | -193     |
| time/              |          |
|    total_timesteps | 10000    |
---------------------------------
New best mean reward!
---------------------------------
| rollout/           |          |
|    ep_len_mean     | 114      |
|    ep_rew_mean     | -232     |
| time/              |          |
|    episodes        | 92       |
|    fps             | 2692     |
|    time_elapsed    | 3        |
|    total_timesteps | 10451    |
| train/             |          |
|    actor_loss      | 1.37     |
|    critic_loss     | 22.1     |
|    ent_coef        | 0.737    |
|    ent_coef_loss   | -0.848   |
|    learning_rate   | 0.000715 |
|    n_updates       | 450      |
---------------------------------
---------------------------------
| rollout/           |          |
|    ep_len_mean     | 118      |
|    ep_rew_mean     | -227     |
| time/              |          |
|    episodes        | 96       |
|    fps             | 1418     |
|    time_elapsed    | 7        |
|    total_timesteps | 11301    |
| train/             |          |
|    actor_loss      | 5.39     |
|    critic_loss     | 12.9     |
|    ent_coef        | 0.439    |
|    ent_coef_loss   | -1.63    |
|    learning_rate   | 0.000714 |
|    n_updates       | 1300     |
---------------------------------
---------------------------------
| rollout/           |          |
|    ep_len_mean     | 144      |
|    ep_rew_mean     | -212     |
| time/              |          |
|    episodes        | 100      |
|    fps             | 644      |
|    time_elapsed    | 22       |
|    total_timesteps | 14385    |
| train/             |          |
|    actor_loss      | -0.414   |
|    critic_loss     | 10.7     |
|    ent_coef        | 0.13     |
|    ent_coef_loss   | -0.536   |
|    learning_rate   | 0.000709 |
|    n_updates       | 4384     |
---------------------------------
---------------------------------
| rollout/           |          |
|    ep_len_mean     | 155      |
|    ep_rew_mean     | -201     |
| time/              |          |
|    episodes        | 104      |
|    fps             | 540      |
|    time_elapsed    | 29       |
|    total_timesteps | 16040    |
| train/             |          |
|    actor_loss      | -5.19    |
|    critic_loss     | 5.45     |
|    ent_coef        | 0.101    |
|    ent_coef_loss   | 0.301    |
|    learning_rate   | 0.000707 |
|    n_updates       | 6039     |
---------------------------------
---------------------------------
| rollout/           |          |
|    ep_len_mean     | 168      |
|    ep_rew_mean     | -191     |
| time/              |          |
|    episodes        | 108      |
|    fps             | 472      |
|    time_elapsed    | 37       |
|    total_timesteps | 17813    |
| train/             |          |
|    actor_loss      | -1.85    |
|    critic_loss     | 16.1     |
|    ent_coef        | 0.0981   |
|    ent_coef_loss   | 0.429    |
|    learning_rate   | 0.000704 |
|    n_updates       | 7812     |
---------------------------------
---------------------------------
| rollout/           |          |
|    ep_len_mean     | 179      |
|    ep_rew_mean     | -184     |
| time/              |          |
|    episodes        | 112      |
|    fps             | 437      |
|    time_elapsed    | 44       |
|    total_timesteps | 19409    |
| train/             |          |
|    actor_loss      | -6.61    |
|    critic_loss     | 5.27     |
|    ent_coef        | 0.101    |
|    ent_coef_loss   | -0.129   |
|    learning_rate   | 0.000702 |
|    n_updates       | 9408     |
---------------------------------
Eval num_timesteps=20000, episode_reward=-162.42 +/- 112.60
Episode length: 604.90 +/- 257.29
---------------------------------
| eval/              |          |
|    mean_ep_length  | 605      |
|    mean_reward     | -162     |
| time/              |          |
|    total_timesteps | 20000    |
| train/             |          |
|    actor_loss      | -5.04    |
|    critic_loss     | 10.1     |
|    ent_coef        | 0.101    |
|    ent_coef_loss   | 0.204    |
|    learning_rate   | 0.000701 |
|    n_updates       | 9999     |
---------------------------------
New best mean reward!
---------------------------------
| rollout/           |          |
|    ep_len_mean     | 206      |
|    ep_rew_mean     | -168     |
| time/              |          |
|    episodes        | 116      |
|    fps             | 378      |
|    time_elapsed    | 59       |
|    total_timesteps | 22625    |
| train/             |          |
|    actor_loss      | -9       |
|    critic_loss     | 7.78     |
|    ent_coef        | 0.123    |
|    ent_coef_loss   | -0.38    |
|    learning_rate   | 0.000697 |
|    n_updates       | 12624    |
---------------------------------
---------------------------------
| rollout/           |          |
|    ep_len_mean     | 226      |
|    ep_rew_mean     | -155     |
| time/              |          |
|    episodes        | 120      |
|    fps             | 358      |
|    time_elapsed    | 69       |
|    total_timesteps | 25053    |
| train/             |          |
|    actor_loss      | -19.6    |
|    critic_loss     | 20.1     |
|    ent_coef        | 0.125    |
|    ent_coef_loss   | -0.671   |
|    learning_rate   | 0.000693 |
|    n_updates       | 15052    |
---------------------------------
---------------------------------
| rollout/           |          |
|    ep_len_mean     | 236      |
|    ep_rew_mean     | -146     |
| time/              |          |
|    episodes        | 124      |
|    fps             | 349      |
|    time_elapsed    | 75       |
|    total_timesteps | 26468    |
| train/             |          |
|    actor_loss      | -19.8    |
|    critic_loss     | 10.4     |
|    ent_coef        | 0.123    |
|    ent_coef_loss   | 0.069    |
|    learning_rate   | 0.000691 |
|    n_updates       | 16467    |
---------------------------------
---------------------------------
| rollout/           |          |
|    ep_len_mean     | 248      |
|    ep_rew_mean     | -130     |
| time/              |          |
|    episodes        | 128      |
|    fps             | 341      |
|    time_elapsed    | 81       |
|    total_timesteps | 27957    |
| train/             |          |
|    actor_loss      | -24      |
|    critic_loss     | 5.14     |
|    ent_coef        | 0.114    |
|    ent_coef_loss   | 0.0995   |
|    learning_rate   | 0.000689 |
|    n_updates       | 17956    |
---------------------------------
---------------------------------
| rollout/           |          |
|    ep_len_mean     | 260      |
|    ep_rew_mean     | -111     |
| time/              |          |
|    episodes        | 132      |
|    fps             | 333      |
|    time_elapsed    | 88       |
|    total_timesteps | 29601    |
| train/             |          |
|    actor_loss      | -19.7    |
|    critic_loss     | 70.7     |
|    ent_coef        | 0.106    |
|    ent_coef_loss   | 0.0141   |
|    learning_rate   | 0.000687 |
|    n_updates       | 19600    |
---------------------------------
Eval num_timesteps=30000, episode_reward=32.50 +/- 243.49
Episode length: 426.80 +/- 90.50
---------------------------------
| eval/              |          |
|    mean_ep_length  | 427      |
|    mean_reward     | 32.5     |
| time/              |          |
|    total_timesteps | 30000    |
| train/             |          |
|    actor_loss      | -25.4    |
|    critic_loss     | 12.7     |
|    ent_coef        | 0.11     |
|    ent_coef_loss   | -0.0634  |
|    learning_rate   | 0.000686 |
|    n_updates       | 19999    |
---------------------------------
New best mean reward!
---------------------------------
| rollout/           |          |
|    ep_len_mean     | 271      |
|    ep_rew_mean     | -93.7    |
| time/              |          |
|    episodes        | 136      |
|    fps             | 322      |
|    time_elapsed    | 96       |
|    total_timesteps | 31117    |
| train/             |          |
|    actor_loss      | -27.4    |
|    critic_loss     | 21.3     |
|    ent_coef        | 0.106    |
|    ent_coef_loss   | 0.131    |
|    learning_rate   | 0.000685 |
|    n_updates       | 21116    |
---------------------------------
---------------------------------
| rollout/           |          |
|    ep_len_mean     | 283      |
|    ep_rew_mean     | -72.4    |
| time/              |          |
|    episodes        | 140      |
|    fps             | 316      |
|    time_elapsed    | 103      |
|    total_timesteps | 32763    |
| train/             |          |
|    actor_loss      | -25.5    |
|    critic_loss     | 4.36     |
|    ent_coef        | 0.137    |
|    ent_coef_loss   | -0.0756  |
|    learning_rate   | 0.000682 |
|    n_updates       | 22762    |
---------------------------------
---------------------------------
| rollout/           |          |
|    ep_len_mean     | 291      |
|    ep_rew_mean     | -49.7    |
| time/              |          |
|    episodes        | 144      |
|    fps             | 313      |
|    time_elapsed    | 108      |
|    total_timesteps | 34018    |
| train/             |          |
|    actor_loss      | -30.6    |
|    critic_loss     | 8.91     |
|    ent_coef        | 0.129    |
|    ent_coef_loss   | -0.284   |
|    learning_rate   | 0.00068  |
|    n_updates       | 24017    |
---------------------------------
---------------------------------
| rollout/           |          |
|    ep_len_mean     | 295      |
|    ep_rew_mean     | -28.8    |
| time/              |          |
|    episodes        | 148      |
|    fps             | 310      |
|    time_elapsed    | 112      |
|    total_timesteps | 34943    |
| train/             |          |
|    actor_loss      | -29.9    |
|    critic_loss     | 37.4     |
|    ent_coef        | 0.122    |
|    ent_coef_loss   | -0.0413  |
|    learning_rate   | 0.000679 |
|    n_updates       | 24942    |
---------------------------------
---------------------------------
| rollout/           |          |
|    ep_len_mean     | 302      |
|    ep_rew_mean     | -13.9    |
| time/              |          |
|    episodes        | 152      |
|    fps             | 308      |
|    time_elapsed    | 116      |
|    total_timesteps | 36011    |
| train/             |          |
|    actor_loss      | -32.2    |
|    critic_loss     | 72.6     |
|    ent_coef        | 0.124    |
|    ent_coef_loss   | -0.107   |
|    learning_rate   | 0.000677 |
|    n_updates       | 26010    |
---------------------------------
---------------------------------
| rollout/           |          |
|    ep_len_mean     | 315      |
|    ep_rew_mean     | -5.47    |
| time/              |          |
|    episodes        | 156      |
|    fps             | 304      |
|    time_elapsed    | 123      |
|    total_timesteps | 37639    |
| train/             |          |
|    actor_loss      | -36.6    |
|    critic_loss     | 11.3     |
|    ent_coef        | 0.112    |
|    ent_coef_loss   | -0.362   |
|    learning_rate   | 0.000675 |
|    n_updates       | 27638    |
---------------------------------
---------------------------------
| rollout/           |          |
|    ep_len_mean     | 318      |
|    ep_rew_mean     | 17.2     |
| time/              |          |
|    episodes        | 160      |
|    fps             | 302      |
|    time_elapsed    | 127      |
|    total_timesteps | 38493    |
| train/             |          |
|    actor_loss      | -33.1    |
|    critic_loss     | 19.3     |
|    ent_coef        | 0.0967   |
|    ent_coef_loss   | -0.0686  |
|    learning_rate   | 0.000674 |
|    n_updates       | 28492    |
---------------------------------
---------------------------------
| rollout/           |          |
|    ep_len_mean     | 326      |
|    ep_rew_mean     | 35.2     |
| time/              |          |
|    episodes        | 164      |
|    fps             | 300      |
|    time_elapsed    | 132      |
|    total_timesteps | 39826    |
| train/             |          |
|    actor_loss      | -36.9    |
|    critic_loss     | 11.4     |
|    ent_coef        | 0.102    |
|    ent_coef_loss   | 0.303    |
|    learning_rate   | 0.000672 |
|    n_updates       | 29825    |
---------------------------------
Eval num_timesteps=40000, episode_reward=181.96 +/- 127.98
Episode length: 341.00 +/- 118.63
---------------------------------
| eval/              |          |
|    mean_ep_length  | 341      |
|    mean_reward     | 182      |
| time/              |          |
|    total_timesteps | 40000    |
| train/             |          |
|    actor_loss      | -36.4    |
|    critic_loss     | 5.46     |
|    ent_coef        | 0.103    |
|    ent_coef_loss   | 0.324    |
|    learning_rate   | 0.000672 |
|    n_updates       | 29999    |
---------------------------------
New best mean reward!
---------------------------------
| rollout/           |          |
|    ep_len_mean     | 333      |
|    ep_rew_mean     | 49.7     |
| time/              |          |
|    episodes        | 168      |
|    fps             | 295      |
|    time_elapsed    | 138      |
|    total_timesteps | 41027    |
| train/             |          |
|    actor_loss      | -34.9    |
|    critic_loss     | 4.25     |
|    ent_coef        | 0.11     |
|    ent_coef_loss   | 0.101    |
|    learning_rate   | 0.00067  |
|    n_updates       | 31026    |
---------------------------------
---------------------------------
| rollout/           |          |
|    ep_len_mean     | 340      |
|    ep_rew_mean     | 57.1     |
| time/              |          |
|    episodes        | 172      |
|    fps             | 293      |
|    time_elapsed    | 143      |
|    total_timesteps | 42051    |
| train/             |          |
|    actor_loss      | -41      |
|    critic_loss     | 20.8     |
|    ent_coef        | 0.116    |
|    ent_coef_loss   | 0.0987   |
|    learning_rate   | 0.000669 |
|    n_updates       | 32050    |
---------------------------------
---------------------------------
| rollout/           |          |
|    ep_len_mean     | 344      |
|    ep_rew_mean     | 70.5     |
| time/              |          |
|    episodes        | 176      |
|    fps             | 292      |
|    time_elapsed    | 147      |
|    total_timesteps | 43005    |
| train/             |          |
|    actor_loss      | -38.1    |
|    critic_loss     | 81.5     |
|    ent_coef        | 0.113    |
|    ent_coef_loss   | -0.0832  |
|    learning_rate   | 0.000667 |
|    n_updates       | 33004    |
---------------------------------
---------------------------------
| rollout/           |          |
|    ep_len_mean     | 354      |
|    ep_rew_mean     | 84.3     |
| time/              |          |
|    episodes        | 180      |
|    fps             | 290      |
|    time_elapsed    | 152      |
|    total_timesteps | 44360    |
| train/             |          |
|    actor_loss      | -38.2    |
|    critic_loss     | 4.51     |
|    ent_coef        | 0.113    |
|    ent_coef_loss   | 0.103    |
|    learning_rate   | 0.000665 |
|    n_updates       | 34359    |
---------------------------------
---------------------------------
| rollout/           |          |
|    ep_len_mean     | 362      |
|    ep_rew_mean     | 105      |
| time/              |          |
|    episodes        | 184      |
|    fps             | 288      |
|    time_elapsed    | 157      |
|    total_timesteps | 45588    |
| train/             |          |
|    actor_loss      | -39.6    |
|    critic_loss     | 15.1     |
|    ent_coef        | 0.115    |
|    ent_coef_loss   | 0.022    |
|    learning_rate   | 0.000663 |
|    n_updates       | 35587    |
---------------------------------
---------------------------------
| rollout/           |          |
|    ep_len_mean     | 372      |
|    ep_rew_mean     | 120      |
| time/              |          |
|    episodes        | 188      |
|    fps             | 286      |
|    time_elapsed    | 164      |
|    total_timesteps | 47080    |
| train/             |          |
|    actor_loss      | -45.5    |
|    critic_loss     | 3.8      |
|    ent_coef        | 0.115    |
|    ent_coef_loss   | -0.509   |
|    learning_rate   | 0.000661 |
|    n_updates       | 37079    |
---------------------------------
---------------------------------
| rollout/           |          |
|    ep_len_mean     | 380      |
|    ep_rew_mean     | 139      |
| time/              |          |
|    episodes        | 192      |
|    fps             | 284      |
|    time_elapsed    | 170      |
|    total_timesteps | 48420    |
| train/             |          |
|    actor_loss      | -42.1    |
|    critic_loss     | 13.2     |
|    ent_coef        | 0.121    |
|    ent_coef_loss   | 0.0921   |
|    learning_rate   | 0.000659 |
|    n_updates       | 38419    |
---------------------------------
---------------------------------
| rollout/           |          |
|    ep_len_mean     | 384      |
|    ep_rew_mean     | 154      |
| time/              |          |
|    episodes        | 196      |
|    fps             | 281      |
|    time_elapsed    | 176      |
|    total_timesteps | 49706    |
| train/             |          |
|    actor_loss      | -40      |
|    critic_loss     | 20.8     |
|    ent_coef        | 0.113    |
|    ent_coef_loss   | 0.0841   |
|    learning_rate   | 0.000657 |
|    n_updates       | 39705    |
---------------------------------
Eval num_timesteps=50000, episode_reward=232.26 +/- 27.90
Episode length: 419.60 +/- 113.20
---------------------------------
| eval/              |          |
|    mean_ep_length  | 420      |
|    mean_reward     | 232      |
| time/              |          |
|    total_timesteps | 50000    |
| train/             |          |
|    actor_loss      | -42.5    |
|    critic_loss     | 13.6     |
|    ent_coef        | 0.108    |
|    ent_coef_loss   | 0.14     |
|    learning_rate   | 0.000657 |
|    n_updates       | 39999    |
---------------------------------
New best mean reward!
---------------------------------
| rollout/           |          |
|    ep_len_mean     | 365      |
|    ep_rew_mean     | 158      |
| time/              |          |
|    episodes        | 200      |
|    fps             | 277      |
|    time_elapsed    | 183      |
|    total_timesteps | 50931    |
| train/             |          |
|    actor_loss      | -40.3    |
|    critic_loss     | 6.58     |
|    ent_coef        | 0.11     |
|    ent_coef_loss   | -0.163   |
|    learning_rate   | 0.000656 |
|    n_updates       | 40930    |
---------------------------------
---------------------------------
| rollout/           |          |
|    ep_len_mean     | 360      |
|    ep_rew_mean     | 168      |
| time/              |          |
|    episodes        | 204      |
|    fps             | 275      |
|    time_elapsed    | 188      |
|    total_timesteps | 52015    |
| train/             |          |
|    actor_loss      | -44.1    |
|    critic_loss     | 10.5     |
|    ent_coef        | 0.106    |
|    ent_coef_loss   | 0.0792   |
|    learning_rate   | 0.000654 |
|    n_updates       | 42014    |
---------------------------------
---------------------------------
| rollout/           |          |
|    ep_len_mean     | 356      |
|    ep_rew_mean     | 176      |
| time/              |          |
|    episodes        | 208      |
|    fps             | 274      |
|    time_elapsed    | 194      |
|    total_timesteps | 53401    |
| train/             |          |
|    actor_loss      | -45      |
|    critic_loss     | 19.3     |
|    ent_coef        | 0.108    |
|    ent_coef_loss   | -0.0696  |
|    learning_rate   | 0.000652 |
|    n_updates       | 43400    |
---------------------------------
---------------------------------
| rollout/           |          |
|    ep_len_mean     | 351      |
|    ep_rew_mean     | 186      |
| time/              |          |
|    episodes        | 212      |
|    fps             | 273      |
|    time_elapsed    | 199      |
|    total_timesteps | 54516    |
| train/             |          |
|    actor_loss      | -43.8    |
|    critic_loss     | 9.38     |
|    ent_coef        | 0.106    |
|    ent_coef_loss   | 0.0574   |
|    learning_rate   | 0.00065  |
|    n_updates       | 44515    |
---------------------------------
---------------------------------
| rollout/           |          |
|    ep_len_mean     | 333      |
|    ep_rew_mean     | 192      |
| time/              |          |
|    episodes        | 216      |
|    fps             | 272      |
|    time_elapsed    | 205      |
|    total_timesteps | 55937    |
| train/             |          |
|    actor_loss      | -48.5    |
|    critic_loss     | 9.56     |
|    ent_coef        | 0.0998   |
|    ent_coef_loss   | -0.117   |
|    learning_rate   | 0.000648 |
|    n_updates       | 45936    |
---------------------------------
---------------------------------
| rollout/           |          |
|    ep_len_mean     | 324      |
|    ep_rew_mean     | 198      |
| time/              |          |
|    episodes        | 220      |
|    fps             | 271      |
|    time_elapsed    | 212      |
|    total_timesteps | 57501    |
| train/             |          |
|    actor_loss      | -44      |
|    critic_loss     | 43       |
|    ent_coef        | 0.103    |
|    ent_coef_loss   | 0.301    |
|    learning_rate   | 0.000646 |
|    n_updates       | 47500    |
---------------------------------
---------------------------------
| rollout/           |          |
|    ep_len_mean     | 326      |
|    ep_rew_mean     | 198      |
| time/              |          |
|    episodes        | 224      |
|    fps             | 270      |
|    time_elapsed    | 218      |
|    total_timesteps | 59040    |
| train/             |          |
|    actor_loss      | -44.7    |
|    critic_loss     | 16.6     |
|    ent_coef        | 0.103    |
|    ent_coef_loss   | 0.0594   |
|    learning_rate   | 0.000644 |
|    n_updates       | 49039    |
---------------------------------
Eval num_timesteps=60000, episode_reward=241.79 +/- 16.72
Episode length: 367.50 +/- 68.31
---------------------------------
| eval/              |          |
|    mean_ep_length  | 368      |
|    mean_reward     | 242      |
| time/              |          |
|    total_timesteps | 60000    |
| train/             |          |
|    actor_loss      | -47.9    |
|    critic_loss     | 14.4     |
|    ent_coef        | 0.0955   |
|    ent_coef_loss   | -0.0854  |
|    learning_rate   | 0.000642 |
|    n_updates       | 49999    |
---------------------------------
New best mean reward!
---------------------------------
| rollout/           |          |
|    ep_len_mean     | 322      |
|    ep_rew_mean     | 200      |
| time/              |          |
|    episodes        | 228      |
|    fps             | 268      |
|    time_elapsed    | 224      |
|    total_timesteps | 60171    |
| train/             |          |
|    actor_loss      | -44.2    |
|    critic_loss     | 14.2     |
|    ent_coef        | 0.0966   |
|    ent_coef_loss   | 1.02     |
|    learning_rate   | 0.000642 |
|    n_updates       | 50170    |
---------------------------------
---------------------------------
| rollout/           |          |
|    ep_len_mean     | 318      |
|    ep_rew_mean     | 201      |
| time/              |          |
|    episodes        | 232      |
|    fps             | 267      |
|    time_elapsed    | 229      |
|    total_timesteps | 61424    |
| train/             |          |
|    actor_loss      | -47.7    |
|    critic_loss     | 12.1     |
|    ent_coef        | 0.105    |
|    ent_coef_loss   | 0.00692  |
|    learning_rate   | 0.00064  |
|    n_updates       | 51423    |
---------------------------------
---------------------------------
| rollout/           |          |
|    ep_len_mean     | 315      |
|    ep_rew_mean     | 201      |
| time/              |          |
|    episodes        | 236      |
|    fps             | 266      |
|    time_elapsed    | 234      |
|    total_timesteps | 62581    |
| train/             |          |
|    actor_loss      | -45.2    |
|    critic_loss     | 20.1     |
|    ent_coef        | 0.103    |
|    ent_coef_loss   | 0.187    |
|    learning_rate   | 0.000639 |
|    n_updates       | 52580    |
---------------------------------
---------------------------------
| rollout/           |          |
|    ep_len_mean     | 313      |
|    ep_rew_mean     | 202      |
| time/              |          |
|    episodes        | 240      |
|    fps             | 266      |
|    time_elapsed    | 240      |
|    total_timesteps | 64022    |
| train/             |          |
|    actor_loss      | -52.1    |
|    critic_loss     | 10.1     |
|    ent_coef        | 0.107    |
|    ent_coef_loss   | -0.0342  |
|    learning_rate   | 0.000637 |
|    n_updates       | 54021    |
---------------------------------
---------------------------------
| rollout/           |          |
|    ep_len_mean     | 312      |
|    ep_rew_mean     | 203      |
| time/              |          |
|    episodes        | 244      |
|    fps             | 265      |
|    time_elapsed    | 245      |
|    total_timesteps | 65258    |
| train/             |          |
|    actor_loss      | -50.5    |
|    critic_loss     | 11.3     |
|    ent_coef        | 0.108    |
|    ent_coef_loss   | 0.506    |
|    learning_rate   | 0.000635 |
|    n_updates       | 55257    |
---------------------------------
---------------------------------
| rollout/           |          |
|    ep_len_mean     | 318      |
|    ep_rew_mean     | 206      |
| time/              |          |
|    episodes        | 248      |
|    fps             | 264      |
|    time_elapsed    | 252      |
|    total_timesteps | 66778    |
| train/             |          |
|    actor_loss      | -48.5    |
|    critic_loss     | 15       |
|    ent_coef        | 0.106    |
|    ent_coef_loss   | -0.0872  |
|    learning_rate   | 0.000633 |
|    n_updates       | 56777    |
---------------------------------
---------------------------------
| rollout/           |          |
|    ep_len_mean     | 321      |
|    ep_rew_mean     | 210      |
| time/              |          |
|    episodes        | 252      |
|    fps             | 263      |
|    time_elapsed    | 258      |
|    total_timesteps | 68098    |
| train/             |          |
|    actor_loss      | -47.4    |
|    critic_loss     | 4.65     |
|    ent_coef        | 0.101    |
|    ent_coef_loss   | -0.416   |
|    learning_rate   | 0.000631 |
|    n_updates       | 58097    |
---------------------------------
---------------------------------
| rollout/           |          |
|    ep_len_mean     | 316      |
|    ep_rew_mean     | 215      |
| time/              |          |
|    episodes        | 256      |
|    fps             | 263      |
|    time_elapsed    | 263      |
|    total_timesteps | 69248    |
| train/             |          |
|    actor_loss      | -48.8    |
|    critic_loss     | 4.6      |
|    ent_coef        | 0.0976   |
|    ent_coef_loss   | -0.0963  |
|    learning_rate   | 0.000629 |
|    n_updates       | 59247    |
---------------------------------
Eval num_timesteps=70000, episode_reward=225.08 +/- 32.39
Episode length: 333.60 +/- 97.19
---------------------------------
| eval/              |          |
|    mean_ep_length  | 334      |
|    mean_reward     | 225      |
| time/              |          |
|    total_timesteps | 70000    |
| train/             |          |
|    actor_loss      | -52.4    |
|    critic_loss     | 65.5     |
|    ent_coef        | 0.0936   |
|    ent_coef_loss   | 0.217    |
|    learning_rate   | 0.000628 |
|    n_updates       | 59999    |
---------------------------------
---------------------------------
| rollout/           |          |
|    ep_len_mean     | 319      |
|    ep_rew_mean     | 215      |
| time/              |          |
|    episodes        | 260      |
|    fps             | 260      |
|    time_elapsed    | 269      |
|    total_timesteps | 70384    |
| train/             |          |
|    actor_loss      | -46.7    |
|    critic_loss     | 6.38     |
|    ent_coef        | 0.093    |
|    ent_coef_loss   | 0.315    |
|    learning_rate   | 0.000627 |
|    n_updates       | 60383    |
---------------------------------
---------------------------------
| rollout/           |          |
|    ep_len_mean     | 317      |
|    ep_rew_mean     | 215      |
| time/              |          |
|    episodes        | 264      |
|    fps             | 259      |
|    time_elapsed    | 275      |
|    total_timesteps | 71483    |
| train/             |          |
|    actor_loss      | -53.3    |
|    critic_loss     | 8.84     |
|    ent_coef        | 0.0914   |
|    ent_coef_loss   | -0.462   |
|    learning_rate   | 0.000626 |
|    n_updates       | 61482    |
---------------------------------
---------------------------------
| rollout/           |          |
|    ep_len_mean     | 317      |
|    ep_rew_mean     | 218      |
| time/              |          |
|    episodes        | 268      |
|    fps             | 258      |
|    time_elapsed    | 280      |
|    total_timesteps | 72702    |
| train/             |          |
|    actor_loss      | -48.5    |
|    critic_loss     | 18.1     |
|    ent_coef        | 0.0902   |
|    ent_coef_loss   | 0.00462  |
|    learning_rate   | 0.000624 |
|    n_updates       | 62701    |
---------------------------------
---------------------------------
| rollout/           |          |
|    ep_len_mean     | 320      |
|    ep_rew_mean     | 226      |
| time/              |          |
|    episodes        | 272      |
|    fps             | 257      |
|    time_elapsed    | 287      |
|    total_timesteps | 74078    |
| train/             |          |
|    actor_loss      | -49.9    |
|    critic_loss     | 5.08     |
|    ent_coef        | 0.0871   |
|    ent_coef_loss   | -0.457   |
|    learning_rate   | 0.000622 |
|    n_updates       | 64077    |
---------------------------------
---------------------------------
| rollout/           |          |
|    ep_len_mean     | 324      |
|    ep_rew_mean     | 232      |
| time/              |          |
|    episodes        | 276      |
|    fps             | 256      |
|    time_elapsed    | 293      |
|    total_timesteps | 75412    |
| train/             |          |
|    actor_loss      | -46.7    |
|    critic_loss     | 6.99     |
|    ent_coef        | 0.0914   |
|    ent_coef_loss   | -0.0573  |
|    learning_rate   | 0.00062  |
|    n_updates       | 65411    |
---------------------------------
---------------------------------
| rollout/           |          |
|    ep_len_mean     | 321      |
|    ep_rew_mean     | 234      |
| time/              |          |
|    episodes        | 280      |
|    fps             | 255      |
|    time_elapsed    | 298      |
|    total_timesteps | 76431    |
| train/             |          |
|    actor_loss      | -50.8    |
|    critic_loss     | 4.69     |
|    ent_coef        | 0.0894   |
|    ent_coef_loss   | -0.356   |
|    learning_rate   | 0.000618 |
|    n_updates       | 66430    |
---------------------------------
---------------------------------
| rollout/           |          |
|    ep_len_mean     | 324      |
|    ep_rew_mean     | 234      |
| time/              |          |
|    episodes        | 284      |
|    fps             | 254      |
|    time_elapsed    | 306      |
|    total_timesteps | 77991    |
| train/             |          |
|    actor_loss      | -48.2    |
|    critic_loss     | 4.92     |
|    ent_coef        | 0.0873   |
|    ent_coef_loss   | 0.45     |
|    learning_rate   | 0.000616 |
|    n_updates       | 67990    |
---------------------------------
---------------------------------
| rollout/           |          |
|    ep_len_mean     | 320      |
|    ep_rew_mean     | 241      |
| time/              |          |
|    episodes        | 288      |
|    fps             | 253      |
|    time_elapsed    | 311      |
|    total_timesteps | 79063    |
| train/             |          |
|    actor_loss      | -51.4    |
|    critic_loss     | 6.4      |
|    ent_coef        | 0.0865   |
|    ent_coef_loss   | -0.993   |
|    learning_rate   | 0.000615 |
|    n_updates       | 69062    |
---------------------------------
Eval num_timesteps=80000, episode_reward=266.35 +/- 15.48
Episode length: 246.10 +/- 52.84
---------------------------------
| eval/              |          |
|    mean_ep_length  | 246      |
|    mean_reward     | 266      |
| time/              |          |
|    total_timesteps | 80000    |
| train/             |          |
|    actor_loss      | -53.7    |
|    critic_loss     | 8.87     |
|    ent_coef        | 0.0831   |
|    ent_coef_loss   | 0.227    |
|    learning_rate   | 0.000613 |
|    n_updates       | 69999    |
---------------------------------
New best mean reward!
---------------------------------
| rollout/           |          |
|    ep_len_mean     | 318      |
|    ep_rew_mean     | 241      |
| time/              |          |
|    episodes        | 292      |
|    fps             | 252      |
|    time_elapsed    | 317      |
|    total_timesteps | 80193    |
| train/             |          |
|    actor_loss      | -52.6    |
|    critic_loss     | 5.6      |
|    ent_coef        | 0.084    |
|    ent_coef_loss   | 0.206    |
|    learning_rate   | 0.000613 |
|    n_updates       | 70192    |
---------------------------------
---------------------------------
| rollout/           |          |
|    ep_len_mean     | 317      |
|    ep_rew_mean     | 242      |
| time/              |          |
|    episodes        | 296      |
|    fps             | 252      |
|    time_elapsed    | 322      |
|    total_timesteps | 81377    |
| train/             |          |
|    actor_loss      | -52.6    |
|    critic_loss     | 20.3     |
|    ent_coef        | 0.0861   |
|    ent_coef_loss   | 0.802    |
|    learning_rate   | 0.000611 |
|    n_updates       | 71376    |
---------------------------------
---------------------------------
| rollout/           |          |
|    ep_len_mean     | 314      |
|    ep_rew_mean     | 242      |
| time/              |          |
|    episodes        | 300      |
|    fps             | 252      |
|    time_elapsed    | 326      |
|    total_timesteps | 82337    |
| train/             |          |
|    actor_loss      | -52.4    |
|    critic_loss     | 3.64     |
|    ent_coef        | 0.0927   |
|    ent_coef_loss   | -0.197   |
|    learning_rate   | 0.00061  |
|    n_updates       | 72336    |
---------------------------------
---------------------------------
| rollout/           |          |
|    ep_len_mean     | 312      |
|    ep_rew_mean     | 243      |
| time/              |          |
|    episodes        | 304      |
|    fps             | 251      |
|    time_elapsed    | 330      |
|    total_timesteps | 83238    |
| train/             |          |
|    actor_loss      | -55.4    |
|    critic_loss     | 9.51     |
|    ent_coef        | 0.0908   |
|    ent_coef_loss   | -0.198   |
|    learning_rate   | 0.000608 |
|    n_updates       | 73237    |
---------------------------------
---------------------------------
| rollout/           |          |
|    ep_len_mean     | 308      |
|    ep_rew_mean     | 244      |
| time/              |          |
|    episodes        | 308      |
|    fps             | 251      |
|    time_elapsed    | 334      |
|    total_timesteps | 84207    |
| train/             |          |
|    actor_loss      | -56.1    |
|    critic_loss     | 2.73     |
|    ent_coef        | 0.0902   |
|    ent_coef_loss   | -0.116   |
|    learning_rate   | 0.000607 |
|    n_updates       | 74206    |
---------------------------------
---------------------------------
| rollout/           |          |
|    ep_len_mean     | 305      |
|    ep_rew_mean     | 243      |
| time/              |          |
|    episodes        | 312      |
|    fps             | 251      |
|    time_elapsed    | 337      |
|    total_timesteps | 85025    |
| train/             |          |
|    actor_loss      | -57.4    |
|    critic_loss     | 58.3     |
|    ent_coef        | 0.088    |
|    ent_coef_loss   | 0.16     |
|    learning_rate   | 0.000606 |
|    n_updates       | 75024    |
---------------------------------
---------------------------------
| rollout/           |          |
|    ep_len_mean     | 298      |
|    ep_rew_mean     | 244      |
| time/              |          |
|    episodes        | 316      |
|    fps             | 251      |
|    time_elapsed    | 341      |
|    total_timesteps | 85780    |
| train/             |          |
|    actor_loss      | -50.2    |
|    critic_loss     | 8.52     |
|    ent_coef        | 0.0853   |
|    ent_coef_loss   | 0.261    |
|    learning_rate   | 0.000605 |
|    n_updates       | 75779    |
---------------------------------
---------------------------------
| rollout/           |          |
|    ep_len_mean     | 293      |
|    ep_rew_mean     | 245      |
| time/              |          |
|    episodes        | 320      |
|    fps             | 251      |
|    time_elapsed    | 345      |
|    total_timesteps | 86778    |
| train/             |          |
|    actor_loss      | -54.2    |
|    critic_loss     | 7.55     |
|    ent_coef        | 0.0849   |
|    ent_coef_loss   | 0.393    |
|    learning_rate   | 0.000603 |
|    n_updates       | 76777    |
---------------------------------
---------------------------------
| rollout/           |          |
|    ep_len_mean     | 286      |
|    ep_rew_mean     | 250      |
| time/              |          |
|    episodes        | 324      |
|    fps             | 251      |
|    time_elapsed    | 348      |
|    total_timesteps | 87642    |
| train/             |          |
|    actor_loss      | -56.9    |
|    critic_loss     | 23.5     |
|    ent_coef        | 0.0847   |
|    ent_coef_loss   | 0.347    |
|    learning_rate   | 0.000602 |
|    n_updates       | 77641    |
---------------------------------
---------------------------------
| rollout/           |          |
|    ep_len_mean     | 283      |
|    ep_rew_mean     | 251      |
| time/              |          |
|    episodes        | 328      |
|    fps             | 251      |
|    time_elapsed    | 352      |
|    total_timesteps | 88520    |
| train/             |          |
|    actor_loss      | -58.4    |
|    critic_loss     | 5.64     |
|    ent_coef        | 0.0839   |
|    ent_coef_loss   | -0.484   |
|    learning_rate   | 0.000601 |
|    n_updates       | 78519    |
---------------------------------
---------------------------------
| rollout/           |          |
|    ep_len_mean     | 283      |
|    ep_rew_mean     | 251      |
| time/              |          |
|    episodes        | 332      |
|    fps             | 251      |
|    time_elapsed    | 357      |
|    total_timesteps | 89733    |
| train/             |          |
|    actor_loss      | -58      |
|    critic_loss     | 3.63     |
|    ent_coef        | 0.0846   |
|    ent_coef_loss   | -0.33    |
|    learning_rate   | 0.000599 |
|    n_updates       | 79732    |
---------------------------------
Eval num_timesteps=90000, episode_reward=263.92 +/- 17.00
Episode length: 242.50 +/- 31.21
---------------------------------
| eval/              |          |
|    mean_ep_length  | 242      |
|    mean_reward     | 264      |
| time/              |          |
|    total_timesteps | 90000    |
| train/             |          |
|    actor_loss      | -56.7    |
|    critic_loss     | 7.92     |
|    ent_coef        | 0.0844   |
|    ent_coef_loss   | -0.329   |
|    learning_rate   | 0.000599 |
|    n_updates       | 79999    |
---------------------------------
---------------------------------
| rollout/           |          |
|    ep_len_mean     | 281      |
|    ep_rew_mean     | 251      |
| time/              |          |
|    episodes        | 336      |
|    fps             | 250      |
|    time_elapsed    | 362      |
|    total_timesteps | 90720    |
| train/             |          |
|    actor_loss      | -58.7    |
|    critic_loss     | 4.26     |
|    ent_coef        | 0.0834   |
|    ent_coef_loss   | -0.178   |
|    learning_rate   | 0.000598 |
|    n_updates       | 80719    |
---------------------------------
---------------------------------
| rollout/           |          |
|    ep_len_mean     | 277      |
|    ep_rew_mean     | 251      |
| time/              |          |
|    episodes        | 340      |
|    fps             | 250      |
|    time_elapsed    | 366      |
|    total_timesteps | 91698    |
| train/             |          |
|    actor_loss      | -57.1    |
|    critic_loss     | 8.91     |
|    ent_coef        | 0.0845   |
|    ent_coef_loss   | 0.306    |
|    learning_rate   | 0.000596 |
|    n_updates       | 81697    |
---------------------------------
---------------------------------
| rollout/           |          |
|    ep_len_mean     | 271      |
|    ep_rew_mean     | 248      |
| time/              |          |
|    episodes        | 344      |
|    fps             | 250      |
|    time_elapsed    | 369      |
|    total_timesteps | 92353    |
| train/             |          |
|    actor_loss      | -55      |
|    critic_loss     | 11.7     |
|    ent_coef        | 0.0811   |
|    ent_coef_loss   | -0.296   |
|    learning_rate   | 0.000595 |
|    n_updates       | 82352    |
---------------------------------
---------------------------------
| rollout/           |          |
|    ep_len_mean     | 267      |
|    ep_rew_mean     | 249      |
| time/              |          |
|    episodes        | 348      |
|    fps             | 249      |
|    time_elapsed    | 374      |
|    total_timesteps | 93519    |
| train/             |          |
|    actor_loss      | -57.5    |
|    critic_loss     | 10.1     |
|    ent_coef        | 0.0795   |
|    ent_coef_loss   | 0.264    |
|    learning_rate   | 0.000593 |
|    n_updates       | 83518    |
---------------------------------
---------------------------------
| rollout/           |          |
|    ep_len_mean     | 268      |
|    ep_rew_mean     | 249      |
| time/              |          |
|    episodes        | 352      |
|    fps             | 249      |
|    time_elapsed    | 379      |
|    total_timesteps | 94903    |
| train/             |          |
|    actor_loss      | -55.8    |
|    critic_loss     | 7.42     |
|    ent_coef        | 0.0843   |
|    ent_coef_loss   | -0.558   |
|    learning_rate   | 0.000591 |
|    n_updates       | 84902    |
---------------------------------
---------------------------------
| rollout/           |          |
|    ep_len_mean     | 265      |
|    ep_rew_mean     | 252      |
| time/              |          |
|    episodes        | 356      |
|    fps             | 249      |
|    time_elapsed    | 383      |
|    total_timesteps | 95707    |
| train/             |          |
|    actor_loss      | -55.8    |
|    critic_loss     | 4.88     |
|    ent_coef        | 0.0815   |
|    ent_coef_loss   | -0.252   |
|    learning_rate   | 0.00059  |
|    n_updates       | 85706    |
---------------------------------
---------------------------------
| rollout/           |          |
|    ep_len_mean     | 263      |
|    ep_rew_mean     | 249      |
| time/              |          |
|    episodes        | 360      |
|    fps             | 249      |
|    time_elapsed    | 387      |
|    total_timesteps | 96650    |
| train/             |          |
|    actor_loss      | -60.1    |
|    critic_loss     | 4.22     |
|    ent_coef        | 0.0795   |
|    ent_coef_loss   | -0.21    |
|    learning_rate   | 0.000589 |
|    n_updates       | 86649    |
---------------------------------
---------------------------------
| rollout/           |          |
|    ep_len_mean     | 263      |
|    ep_rew_mean     | 250      |
| time/              |          |
|    episodes        | 364      |
|    fps             | 249      |
|    time_elapsed    | 391      |
|    total_timesteps | 97795    |
| train/             |          |
|    actor_loss      | -56.6    |
|    critic_loss     | 4.51     |
|    ent_coef        | 0.0815   |
|    ent_coef_loss   | -0.207   |
|    learning_rate   | 0.000587 |
|    n_updates       | 87794    |
---------------------------------
---------------------------------
| rollout/           |          |
|    ep_len_mean     | 263      |
|    ep_rew_mean     | 250      |
| time/              |          |
|    episodes        | 368      |
|    fps             | 249      |
|    time_elapsed    | 396      |
|    total_timesteps | 98953    |
| train/             |          |
|    actor_loss      | -61.5    |
|    critic_loss     | 20.2     |
|    ent_coef        | 0.0792   |
|    ent_coef_loss   | 0.185    |
|    learning_rate   | 0.000586 |
|    n_updates       | 88952    |
---------------------------------
---------------------------------
| rollout/           |          |
|    ep_len_mean     | 258      |
|    ep_rew_mean     | 250      |
| time/              |          |
|    episodes        | 372      |
|    fps             | 249      |
|    time_elapsed    | 400      |
|    total_timesteps | 99862    |
| train/             |          |
|    actor_loss      | -56.1    |
|    critic_loss     | 9.51     |
|    ent_coef        | 0.0782   |
|    ent_coef_loss   | 0.128    |
|    learning_rate   | 0.000584 |
|    n_updates       | 89861    |
---------------------------------
Eval num_timesteps=100000, episode_reward=248.96 +/- 42.51
Episode length: 272.10 +/- 91.63
---------------------------------
| eval/              |          |
|    mean_ep_length  | 272      |
|    mean_reward     | 249      |
| time/              |          |
|    total_timesteps | 100000   |
| train/             |          |
|    actor_loss      | -57      |
|    critic_loss     | 3.11     |
|    ent_coef        | 0.0797   |
|    ent_coef_loss   | -0.666   |
|    learning_rate   | 0.000584 |
|    n_updates       | 89999    |
---------------------------------
---------------------------------
| rollout/           |          |
|    ep_len_mean     | 254      |
|    ep_rew_mean     | 251      |
| time/              |          |
|    episodes        | 376      |
|    fps             | 248      |
|    time_elapsed    | 405      |
|    total_timesteps | 100846   |
| train/             |          |
|    actor_loss      | -59.3    |
|    critic_loss     | 13.9     |
|    ent_coef        | 0.0802   |
|    ent_coef_loss   | 0.315    |
|    learning_rate   | 0.000583 |
|    n_updates       | 90845    |
---------------------------------
---------------------------------
| rollout/           |          |
|    ep_len_mean     | 253      |
|    ep_rew_mean     | 254      |
| time/              |          |
|    episodes        | 380      |
|    fps             | 248      |
|    time_elapsed    | 409      |
|    total_timesteps | 101703   |
| train/             |          |
|    actor_loss      | -59.8    |
|    critic_loss     | 4.58     |
|    ent_coef        | 0.0752   |
|    ent_coef_loss   | -0.196   |
|    learning_rate   | 0.000582 |
|    n_updates       | 91702    |
---------------------------------
---------------------------------
| rollout/           |          |
|    ep_len_mean     | 246      |
|    ep_rew_mean     | 254      |
| time/              |          |
|    episodes        | 384      |
|    fps             | 248      |
|    time_elapsed    | 412      |
|    total_timesteps | 102552   |
| train/             |          |
|    actor_loss      | -59.7    |
|    critic_loss     | 8.67     |
|    ent_coef        | 0.0773   |
|    ent_coef_loss   | -0.21    |
|    learning_rate   | 0.00058  |
|    n_updates       | 92551    |
---------------------------------
---------------------------------
| rollout/           |          |
|    ep_len_mean     | 244      |
|    ep_rew_mean     | 253      |
| time/              |          |
|    episodes        | 388      |
|    fps             | 248      |
|    time_elapsed    | 416      |
|    total_timesteps | 103468   |
| train/             |          |
|    actor_loss      | -57.9    |
|    critic_loss     | 5.8      |
|    ent_coef        | 0.0763   |
|    ent_coef_loss   | -0.0628  |
|    learning_rate   | 0.000579 |
|    n_updates       | 93467    |
---------------------------------
---------------------------------
| rollout/           |          |
|    ep_len_mean     | 242      |
|    ep_rew_mean     | 253      |
| time/              |          |
|    episodes        | 392      |
|    fps             | 248      |
|    time_elapsed    | 420      |
|    total_timesteps | 104403   |
| train/             |          |
|    actor_loss      | -59.9    |
|    critic_loss     | 5.69     |
|    ent_coef        | 0.08     |
|    ent_coef_loss   | -0.0223  |
|    learning_rate   | 0.000578 |
|    n_updates       | 94402    |
---------------------------------
---------------------------------
| rollout/           |          |
|    ep_len_mean     | 241      |
|    ep_rew_mean     | 253      |
| time/              |          |
|    episodes        | 396      |
|    fps             | 248      |
|    time_elapsed    | 425      |
|    total_timesteps | 105485   |
| train/             |          |
|    actor_loss      | -58      |
|    critic_loss     | 6.6      |
|    ent_coef        | 0.0821   |
|    ent_coef_loss   | 0.117    |
|    learning_rate   | 0.000576 |
|    n_updates       | 95484    |
---------------------------------
---------------------------------
| rollout/           |          |
|    ep_len_mean     | 241      |
|    ep_rew_mean     | 253      |
| time/              |          |
|    episodes        | 400      |
|    fps             | 247      |
|    time_elapsed    | 429      |
|    total_timesteps | 106432   |
| train/             |          |
|    actor_loss      | -58.2    |
|    critic_loss     | 12.5     |
|    ent_coef        | 0.0798   |
|    ent_coef_loss   | 0.762    |
|    learning_rate   | 0.000575 |
|    n_updates       | 96431    |
---------------------------------
---------------------------------
| rollout/           |          |
|    ep_len_mean     | 242      |
|    ep_rew_mean     | 253      |
| time/              |          |
|    episodes        | 404      |
|    fps             | 247      |
|    time_elapsed    | 433      |
|    total_timesteps | 107442   |
| train/             |          |
|    actor_loss      | -60.2    |
|    critic_loss     | 6.92     |
|    ent_coef        | 0.0767   |
|    ent_coef_loss   | -0.0605  |
|    learning_rate   | 0.000573 |
|    n_updates       | 97441    |
---------------------------------
---------------------------------
| rollout/           |          |
|    ep_len_mean     | 243      |
|    ep_rew_mean     | 253      |
| time/              |          |
|    episodes        | 408      |
|    fps             | 247      |
|    time_elapsed    | 437      |
|    total_timesteps | 108493   |
| train/             |          |
|    actor_loss      | -61.6    |
|    critic_loss     | 3.17     |
|    ent_coef        | 0.0823   |
|    ent_coef_loss   | 0.163    |
|    learning_rate   | 0.000572 |
|    n_updates       | 98492    |
---------------------------------
---------------------------------
| rollout/           |          |
|    ep_len_mean     | 244      |
|    ep_rew_mean     | 253      |
| time/              |          |
|    episodes        | 412      |
|    fps             | 247      |
|    time_elapsed    | 442      |
|    total_timesteps | 109457   |
| train/             |          |
|    actor_loss      | -61.2    |
|    critic_loss     | 7.83     |
|    ent_coef        | 0.0796   |
|    ent_coef_loss   | 0.405    |
|    learning_rate   | 0.00057  |
|    n_updates       | 99456    |
---------------------------------
Eval num_timesteps=110000, episode_reward=211.38 +/- 114.57
Episode length: 256.70 +/- 70.08
---------------------------------
| eval/              |          |
|    mean_ep_length  | 257      |
|    mean_reward     | 211      |
| time/              |          |
|    total_timesteps | 110000   |
| train/             |          |
|    actor_loss      | -60.8    |
|    critic_loss     | 9.55     |
|    ent_coef        | 0.0781   |
|    ent_coef_loss   | -0.368   |
|    learning_rate   | 0.000569 |
|    n_updates       | 99999    |
---------------------------------
---------------------------------
| rollout/           |          |
|    ep_len_mean     | 247      |
|    ep_rew_mean     | 253      |
| time/              |          |
|    episodes        | 416      |
|    fps             | 246      |
|    time_elapsed    | 447      |
|    total_timesteps | 110453   |
| train/             |          |
|    actor_loss      | -58.7    |
|    critic_loss     | 16.6     |
|    ent_coef        | 0.0752   |
|    ent_coef_loss   | -0.00693 |
|    learning_rate   | 0.000569 |
|    n_updates       | 100452   |
---------------------------------
---------------------------------
| rollout/           |          |
|    ep_len_mean     | 248      |
|    ep_rew_mean     | 253      |
| time/              |          |
|    episodes        | 420      |
|    fps             | 246      |
|    time_elapsed    | 453      |
|    total_timesteps | 111628   |
| train/             |          |
|    actor_loss      | -59.5    |
|    critic_loss     | 5.4      |
|    ent_coef        | 0.0771   |
|    ent_coef_loss   | 0.174    |
|    learning_rate   | 0.000567 |
|    n_updates       | 101627   |
---------------------------------
---------------------------------
| rollout/           |          |
|    ep_len_mean     | 249      |
|    ep_rew_mean     | 253      |
| time/              |          |
|    episodes        | 424      |
|    fps             | 245      |
|    time_elapsed    | 458      |
|    total_timesteps | 112578   |
| train/             |          |
|    actor_loss      | -58.2    |
|    critic_loss     | 27       |
|    ent_coef        | 0.0747   |
|    ent_coef_loss   | 0.697    |
|    learning_rate   | 0.000566 |
|    n_updates       | 102577   |
---------------------------------
---------------------------------
| rollout/           |          |
|    ep_len_mean     | 251      |
|    ep_rew_mean     | 252      |
| time/              |          |
|    episodes        | 428      |
|    fps             | 245      |
|    time_elapsed    | 462      |
|    total_timesteps | 113583   |
| train/             |          |
|    actor_loss      | -61.9    |
|    critic_loss     | 7.83     |
|    ent_coef        | 0.0737   |
|    ent_coef_loss   | 0.13     |
|    learning_rate   | 0.000564 |
|    n_updates       | 103582   |
---------------------------------
---------------------------------
| rollout/           |          |
|    ep_len_mean     | 248      |
|    ep_rew_mean     | 252      |
| time/              |          |
|    episodes        | 432      |
|    fps             | 244      |
|    time_elapsed    | 467      |
|    total_timesteps | 114543   |
| train/             |          |
|    actor_loss      | -58.8    |
|    critic_loss     | 4.74     |
|    ent_coef        | 0.0713   |
|    ent_coef_loss   | 0.0805   |
|    learning_rate   | 0.000563 |
|    n_updates       | 104542   |
---------------------------------
---------------------------------
| rollout/           |          |
|    ep_len_mean     | 247      |
|    ep_rew_mean     | 252      |
| time/              |          |
|    episodes        | 436      |
|    fps             | 244      |
|    time_elapsed    | 472      |
|    total_timesteps | 115466   |
| train/             |          |
|    actor_loss      | -60.2    |
|    critic_loss     | 8.04     |
|    ent_coef        | 0.0754   |
|    ent_coef_loss   | 0.117    |
|    learning_rate   | 0.000561 |
|    n_updates       | 105465   |
---------------------------------
---------------------------------
| rollout/           |          |
|    ep_len_mean     | 248      |
|    ep_rew_mean     | 252      |
| time/              |          |
|    episodes        | 440      |
|    fps             | 244      |
|    time_elapsed    | 476      |
|    total_timesteps | 116478   |
| train/             |          |
|    actor_loss      | -60      |
|    critic_loss     | 5.26     |
|    ent_coef        | 0.0732   |
|    ent_coef_loss   | 0.0563   |
|    learning_rate   | 0.00056  |
|    n_updates       | 106477   |
---------------------------------
---------------------------------
| rollout/           |          |
|    ep_len_mean     | 253      |
|    ep_rew_mean     | 255      |
| time/              |          |
|    episodes        | 444      |
|    fps             | 244      |
|    time_elapsed    | 482      |
|    total_timesteps | 117647   |
| train/             |          |
|    actor_loss      | -59.5    |
|    critic_loss     | 3.98     |
|    ent_coef        | 0.074    |
|    ent_coef_loss   | 0.694    |
|    learning_rate   | 0.000558 |
|    n_updates       | 107646   |
---------------------------------
---------------------------------
| rollout/           |          |
|    ep_len_mean     | 249      |
|    ep_rew_mean     | 254      |
| time/              |          |
|    episodes        | 448      |
|    fps             | 243      |
|    time_elapsed    | 485      |
|    total_timesteps | 118409   |
| train/             |          |
|    actor_loss      | -58.6    |
|    critic_loss     | 11.7     |
|    ent_coef        | 0.0757   |
|    ent_coef_loss   | 0.487    |
|    learning_rate   | 0.000557 |
|    n_updates       | 108408   |
---------------------------------
---------------------------------
| rollout/           |          |
|    ep_len_mean     | 245      |
|    ep_rew_mean     | 254      |
| time/              |          |
|    episodes        | 452      |
|    fps             | 243      |
|    time_elapsed    | 489      |
|    total_timesteps | 119377   |
| train/             |          |
|    actor_loss      | -60.2    |
|    critic_loss     | 5.63     |
|    ent_coef        | 0.0741   |
|    ent_coef_loss   | -0.213   |
|    learning_rate   | 0.000556 |
|    n_updates       | 109376   |
---------------------------------
Eval num_timesteps=120000, episode_reward=253.31 +/- 32.24
Episode length: 230.90 +/- 76.34
---------------------------------
| eval/              |          |
|    mean_ep_length  | 231      |
|    mean_reward     | 253      |
| time/              |          |
|    total_timesteps | 120000   |
| train/             |          |
|    actor_loss      | -59.4    |
|    critic_loss     | 6.89     |
|    ent_coef        | 0.0744   |
|    ent_coef_loss   | -0.176   |
|    learning_rate   | 0.000555 |
|    n_updates       | 109999   |
---------------------------------
---------------------------------
| rollout/           |          |
|    ep_len_mean     | 247      |
|    ep_rew_mean     | 254      |
| time/              |          |
|    episodes        | 456      |
|    fps             | 243      |
|    time_elapsed    | 494      |
|    total_timesteps | 120403   |
| train/             |          |
|    actor_loss      | -62.4    |
|    critic_loss     | 5        |
|    ent_coef        | 0.0775   |
|    ent_coef_loss   | -0.505   |
|    learning_rate   | 0.000554 |
|    n_updates       | 110402   |
---------------------------------
---------------------------------
| rollout/           |          |
|    ep_len_mean     | 249      |
|    ep_rew_mean     | 258      |
| time/              |          |
|    episodes        | 460      |
|    fps             | 243      |
|    time_elapsed    | 499      |
|    total_timesteps | 121534   |
| train/             |          |
|    actor_loss      | -60.3    |
|    critic_loss     | 2.07     |
|    ent_coef        | 0.0754   |
|    ent_coef_loss   | 0.0946   |
|    learning_rate   | 0.000553 |
|    n_updates       | 111533   |
---------------------------------
---------------------------------
| rollout/           |          |
|    ep_len_mean     | 251      |
|    ep_rew_mean     | 258      |
| time/              |          |
|    episodes        | 464      |
|    fps             | 243      |
|    time_elapsed    | 504      |
|    total_timesteps | 122850   |
| train/             |          |
|    actor_loss      | -63.1    |
|    critic_loss     | 13       |
|    ent_coef        | 0.072    |
|    ent_coef_loss   | -0.0938  |
|    learning_rate   | 0.000551 |
|    n_updates       | 112849   |
---------------------------------
---------------------------------
| rollout/           |          |
|    ep_len_mean     | 248      |
|    ep_rew_mean     | 260      |
| time/              |          |
|    episodes        | 468      |
|    fps             | 243      |
|    time_elapsed    | 508      |
|    total_timesteps | 123792   |
| train/             |          |
|    actor_loss      | -60.2    |
|    critic_loss     | 9.73     |
|    ent_coef        | 0.0721   |
|    ent_coef_loss   | -0.279   |
|    learning_rate   | 0.000549 |
|    n_updates       | 113791   |
---------------------------------
---------------------------------
| rollout/           |          |
|    ep_len_mean     | 248      |
|    ep_rew_mean     | 261      |
| time/              |          |
|    episodes        | 472      |
|    fps             | 243      |
|    time_elapsed    | 512      |
|    total_timesteps | 124624   |
| train/             |          |
|    actor_loss      | -61.8    |
|    critic_loss     | 27       |
|    ent_coef        | 0.0736   |
|    ent_coef_loss   | -0.216   |
|    learning_rate   | 0.000548 |
|    n_updates       | 114623   |
---------------------------------
---------------------------------
| rollout/           |          |
|    ep_len_mean     | 249      |
|    ep_rew_mean     | 261      |
| time/              |          |
|    episodes        | 476      |
|    fps             | 243      |
|    time_elapsed    | 516      |
|    total_timesteps | 125741   |
| train/             |          |
|    actor_loss      | -57.1    |
|    critic_loss     | 10.9     |
|    ent_coef        | 0.0748   |
|    ent_coef_loss   | -0.0297  |
|    learning_rate   | 0.000546 |
|    n_updates       | 115740   |
---------------------------------
---------------------------------
| rollout/           |          |
|    ep_len_mean     | 250      |
|    ep_rew_mean     | 261      |
| time/              |          |
|    episodes        | 480      |
|    fps             | 243      |
|    time_elapsed    | 520      |
|    total_timesteps | 126659   |
| train/             |          |
|    actor_loss      | -58.8    |
|    critic_loss     | 13.5     |
|    ent_coef        | 0.0736   |
|    ent_coef_loss   | 0.333    |
|    learning_rate   | 0.000545 |
|    n_updates       | 116658   |
---------------------------------
---------------------------------
| rollout/           |          |
|    ep_len_mean     | 250      |
|    ep_rew_mean     | 262      |
| time/              |          |
|    episodes        | 484      |
|    fps             | 243      |
|    time_elapsed    | 524      |
|    total_timesteps | 127587   |
| train/             |          |
|    actor_loss      | -62.5    |
|    critic_loss     | 6.36     |
|    ent_coef        | 0.073    |
|    ent_coef_loss   | -0.417   |
|    learning_rate   | 0.000544 |
|    n_updates       | 117586   |
---------------------------------
---------------------------------
| rollout/           |          |
|    ep_len_mean     | 250      |
|    ep_rew_mean     | 262      |
| time/              |          |
|    episodes        | 488      |
|    fps             | 243      |
|    time_elapsed    | 528      |
|    total_timesteps | 128469   |
| train/             |          |
|    actor_loss      | -62      |
|    critic_loss     | 2.34     |
|    ent_coef        | 0.0722   |
|    ent_coef_loss   | 0.602    |
|    learning_rate   | 0.000542 |
|    n_updates       | 118468   |
---------------------------------
---------------------------------
| rollout/           |          |
|    ep_len_mean     | 249      |
|    ep_rew_mean     | 263      |
| time/              |          |
|    episodes        | 492      |
|    fps             | 243      |
|    time_elapsed    | 531      |
|    total_timesteps | 129310   |
| train/             |          |
|    actor_loss      | -64.7    |
|    critic_loss     | 8.8      |
|    ent_coef        | 0.0699   |
|    ent_coef_loss   | -0.363   |
|    learning_rate   | 0.000541 |
|    n_updates       | 119309   |
---------------------------------
Eval num_timesteps=130000, episode_reward=265.76 +/- 20.75
Episode length: 230.80 +/- 30.40
---------------------------------
| eval/              |          |
|    mean_ep_length  | 231      |
|    mean_reward     | 266      |
| time/              |          |
|    total_timesteps | 130000   |
| train/             |          |
|    actor_loss      | -65.7    |
|    critic_loss     | 6.33     |
|    ent_coef        | 0.0687   |
|    ent_coef_loss   | 0.361    |
|    learning_rate   | 0.00054  |
|    n_updates       | 119999   |
---------------------------------
---------------------------------
| rollout/           |          |
|    ep_len_mean     | 248      |
|    ep_rew_mean     | 262      |
| time/              |          |
|    episodes        | 496      |
|    fps             | 242      |
|    time_elapsed    | 536      |
|    total_timesteps | 130327   |
| train/             |          |
|    actor_loss      | -60.6    |
|    critic_loss     | 9.67     |
|    ent_coef        | 0.0692   |
|    ent_coef_loss   | -0.016   |
|    learning_rate   | 0.00054  |
|    n_updates       | 120326   |
---------------------------------
---------------------------------
| rollout/           |          |
|    ep_len_mean     | 253      |
|    ep_rew_mean     | 262      |
| time/              |          |
|    episodes        | 500      |
|    fps             | 242      |
|    time_elapsed    | 543      |
|    total_timesteps | 131708   |
| train/             |          |
|    actor_loss      | -59.6    |
|    critic_loss     | 4.48     |
|    ent_coef        | 0.07     |
|    ent_coef_loss   | 0.0596   |
|    learning_rate   | 0.000538 |
|    n_updates       | 121707   |
---------------------------------
---------------------------------
| rollout/           |          |
|    ep_len_mean     | 252      |
|    ep_rew_mean     | 262      |
| time/              |          |
|    episodes        | 504      |
|    fps             | 242      |
|    time_elapsed    | 548      |
|    total_timesteps | 132683   |
| train/             |          |
|    actor_loss      | -65.4    |
|    critic_loss     | 10.5     |
|    ent_coef        | 0.0716   |
|    ent_coef_loss   | 0.164    |
|    learning_rate   | 0.000536 |
|    n_updates       | 122682   |
---------------------------------
---------------------------------
| rollout/           |          |
|    ep_len_mean     | 251      |
|    ep_rew_mean     | 262      |
| time/              |          |
|    episodes        | 508      |
|    fps             | 241      |
|    time_elapsed    | 552      |
|    total_timesteps | 133604   |
| train/             |          |
|    actor_loss      | -60.9    |
|    critic_loss     | 6.55     |
|    ent_coef        | 0.0737   |
|    ent_coef_loss   | -0.292   |
|    learning_rate   | 0.000535 |
|    n_updates       | 123603   |
---------------------------------
---------------------------------
| rollout/           |          |
|    ep_len_mean     | 249      |
|    ep_rew_mean     | 262      |
| time/              |          |
|    episodes        | 512      |
|    fps             | 241      |
|    time_elapsed    | 555      |
|    total_timesteps | 134322   |
| train/             |          |
|    actor_loss      | -63      |
|    critic_loss     | 10.1     |
|    ent_coef        | 0.0733   |
|    ent_coef_loss   | -0.121   |
|    learning_rate   | 0.000534 |
|    n_updates       | 124321   |
---------------------------------
---------------------------------
| rollout/           |          |
|    ep_len_mean     | 246      |
|    ep_rew_mean     | 262      |
| time/              |          |
|    episodes        | 516      |
|    fps             | 241      |
|    time_elapsed    | 559      |
|    total_timesteps | 135095   |
| train/             |          |
|    actor_loss      | -64.2    |
|    critic_loss     | 3.56     |
|    ent_coef        | 0.0724   |
|    ent_coef_loss   | 0.254    |
|    learning_rate   | 0.000533 |
|    n_updates       | 125094   |
---------------------------------
---------------------------------
| rollout/           |          |
|    ep_len_mean     | 245      |
|    ep_rew_mean     | 261      |
| time/              |          |
|    episodes        | 520      |
|    fps             | 241      |
|    time_elapsed    | 564      |
|    total_timesteps | 136125   |
| train/             |          |
|    actor_loss      | -64.3    |
|    critic_loss     | 6.77     |
|    ent_coef        | 0.0709   |
|    ent_coef_loss   | -0.238   |
|    learning_rate   | 0.000531 |
|    n_updates       | 126124   |
---------------------------------
---------------------------------
| rollout/           |          |
|    ep_len_mean     | 244      |
|    ep_rew_mean     | 262      |
| time/              |          |
|    episodes        | 524      |
|    fps             | 240      |
|    time_elapsed    | 568      |
|    total_timesteps | 136951   |
| train/             |          |
|    actor_loss      | -64.5    |
|    critic_loss     | 6.41     |
|    ent_coef        | 0.0723   |
|    ent_coef_loss   | -0.294   |
|    learning_rate   | 0.00053  |
|    n_updates       | 126950   |
---------------------------------
---------------------------------
| rollout/           |          |
|    ep_len_mean     | 242      |
|    ep_rew_mean     | 263      |
| time/              |          |
|    episodes        | 528      |
|    fps             | 240      |
|    time_elapsed    | 572      |
|    total_timesteps | 137791   |
| train/             |          |
|    actor_loss      | -63.2    |
|    critic_loss     | 3.34     |
|    ent_coef        | 0.0733   |
|    ent_coef_loss   | 0.205    |
|    learning_rate   | 0.000529 |
|    n_updates       | 127790   |
---------------------------------
---------------------------------
| rollout/           |          |
|    ep_len_mean     | 241      |
|    ep_rew_mean     | 264      |
| time/              |          |
|    episodes        | 532      |
|    fps             | 240      |
|    time_elapsed    | 576      |
|    total_timesteps | 138669   |
| train/             |          |
|    actor_loss      | -61.6    |
|    critic_loss     | 3.31     |
|    ent_coef        | 0.0735   |
|    ent_coef_loss   | 0.0219   |
|    learning_rate   | 0.000528 |
|    n_updates       | 128668   |
---------------------------------
---------------------------------
| rollout/           |          |
|    ep_len_mean     | 240      |
|    ep_rew_mean     | 261      |
| time/              |          |
|    episodes        | 536      |
|    fps             | 240      |
|    time_elapsed    | 580      |
|    total_timesteps | 139419   |
| train/             |          |
|    actor_loss      | -62.3    |
|    critic_loss     | 3.6      |
|    ent_coef        | 0.0703   |
|    ent_coef_loss   | 0.0151   |
|    learning_rate   | 0.000526 |
|    n_updates       | 129418   |
---------------------------------
Eval num_timesteps=140000, episode_reward=249.95 +/- 77.16
Episode length: 213.90 +/- 39.74
---------------------------------
| eval/              |          |
|    mean_ep_length  | 214      |
|    mean_reward     | 250      |
| time/              |          |
|    total_timesteps | 140000   |
| train/             |          |
|    actor_loss      | -64.4    |
|    critic_loss     | 4.09     |
|    ent_coef        | 0.0706   |
|    ent_coef_loss   | 0.478    |
|    learning_rate   | 0.000526 |
|    n_updates       | 129999   |
---------------------------------
---------------------------------
| rollout/           |          |
|    ep_len_mean     | 238      |
|    ep_rew_mean     | 262      |
| time/              |          |
|    episodes        | 540      |
|    fps             | 239      |
|    time_elapsed    | 585      |
|    total_timesteps | 140299   |
| train/             |          |
|    actor_loss      | -62      |
|    critic_loss     | 3.87     |
|    ent_coef        | 0.0737   |
|    ent_coef_loss   | -0.596   |
|    learning_rate   | 0.000525 |
|    n_updates       | 130298   |
---------------------------------
---------------------------------
| rollout/           |          |
|    ep_len_mean     | 235      |
|    ep_rew_mean     | 262      |
| time/              |          |
|    episodes        | 544      |
|    fps             | 239      |
|    time_elapsed    | 589      |
|    total_timesteps | 141155   |
| train/             |          |
|    actor_loss      | -62.5    |
|    critic_loss     | 10.1     |
|    ent_coef        | 0.076    |
|    ent_coef_loss   | 0.255    |
|    learning_rate   | 0.000524 |
|    n_updates       | 131154   |
---------------------------------
---------------------------------
| rollout/           |          |
|    ep_len_mean     | 236      |
|    ep_rew_mean     | 262      |
| time/              |          |
|    episodes        | 548      |
|    fps             | 239      |
|    time_elapsed    | 593      |
|    total_timesteps | 142028   |
| train/             |          |
|    actor_loss      | -61.4    |
|    critic_loss     | 2.91     |
|    ent_coef        | 0.0755   |
|    ent_coef_loss   | 0.173    |
|    learning_rate   | 0.000523 |
|    n_updates       | 132027   |
---------------------------------
---------------------------------
| rollout/           |          |
|    ep_len_mean     | 235      |
|    ep_rew_mean     | 263      |
| time/              |          |
|    episodes        | 552      |
|    fps             | 238      |
|    time_elapsed    | 597      |
|    total_timesteps | 142838   |
| train/             |          |
|    actor_loss      | -64.9    |
|    critic_loss     | 3.57     |
|    ent_coef        | 0.0759   |
|    ent_coef_loss   | -0.266   |
|    learning_rate   | 0.000521 |
|    n_updates       | 132837   |
---------------------------------
---------------------------------
| rollout/           |          |
|    ep_len_mean     | 234      |
|    ep_rew_mean     | 262      |
| time/              |          |
|    episodes        | 556      |
|    fps             | 238      |
|    time_elapsed    | 602      |
|    total_timesteps | 143778   |
| train/             |          |
|    actor_loss      | -63.7    |
|    critic_loss     | 11.3     |
|    ent_coef        | 0.0749   |
|    ent_coef_loss   | 0.153    |
|    learning_rate   | 0.00052  |
|    n_updates       | 133777   |
---------------------------------
---------------------------------
| rollout/           |          |
|    ep_len_mean     | 232      |
|    ep_rew_mean     | 262      |
| time/              |          |
|    episodes        | 560      |
|    fps             | 238      |
|    time_elapsed    | 607      |
|    total_timesteps | 144726   |
| train/             |          |
|    actor_loss      | -63.7    |
|    critic_loss     | 4.22     |
|    ent_coef        | 0.0732   |
|    ent_coef_loss   | 0.0665   |
|    learning_rate   | 0.000519 |
|    n_updates       | 134725   |
---------------------------------
---------------------------------
| rollout/           |          |
|    ep_len_mean     | 238      |
|    ep_rew_mean     | 261      |
| time/              |          |
|    episodes        | 564      |
|    fps             | 237      |
|    time_elapsed    | 616      |
|    total_timesteps | 146635   |
| train/             |          |
|    actor_loss      | -64.2    |
|    critic_loss     | 6.84     |
|    ent_coef        | 0.0749   |
|    ent_coef_loss   | 0.236    |
|    learning_rate   | 0.000516 |
|    n_updates       | 136634   |
---------------------------------
---------------------------------
| rollout/           |          |
|    ep_len_mean     | 237      |
|    ep_rew_mean     | 260      |
| time/              |          |
|    episodes        | 568      |
|    fps             | 237      |
|    time_elapsed    | 620      |
|    total_timesteps | 147537   |
| train/             |          |
|    actor_loss      | -62.1    |
|    critic_loss     | 6.64     |
|    ent_coef        | 0.0743   |
|    ent_coef_loss   | 0.585    |
|    learning_rate   | 0.000515 |
|    n_updates       | 137536   |
---------------------------------
---------------------------------
| rollout/           |          |
|    ep_len_mean     | 239      |
|    ep_rew_mean     | 259      |
| time/              |          |
|    episodes        | 572      |
|    fps             | 237      |
|    time_elapsed    | 625      |
|    total_timesteps | 148517   |
| train/             |          |
|    actor_loss      | -65.1    |
|    critic_loss     | 7.98     |
|    ent_coef        | 0.0736   |
|    ent_coef_loss   | 0.355    |
|    learning_rate   | 0.000513 |
|    n_updates       | 138516   |
---------------------------------
---------------------------------
| rollout/           |          |
|    ep_len_mean     | 235      |
|    ep_rew_mean     | 257      |
| time/              |          |
|    episodes        | 576      |
|    fps             | 237      |
|    time_elapsed    | 628      |
|    total_timesteps | 149246   |
| train/             |          |
|    actor_loss      | -60.8    |
|    critic_loss     | 10.5     |
|    ent_coef        | 0.0761   |
|    ent_coef_loss   | -0.214   |
|    learning_rate   | 0.000512 |
|    n_updates       | 139245   |
---------------------------------
Eval num_timesteps=150000, episode_reward=261.47 +/- 12.18
Episode length: 225.30 +/- 32.33
---------------------------------
| eval/              |          |
|    mean_ep_length  | 225      |
|    mean_reward     | 261      |
| time/              |          |
|    total_timesteps | 150000   |
| train/             |          |
|    actor_loss      | -66.5    |
|    critic_loss     | 5.09     |
|    ent_coef        | 0.0757   |
|    ent_coef_loss   | 0.205    |
|    learning_rate   | 0.000511 |
|    n_updates       | 139999   |
---------------------------------
---------------------------------
| rollout/           |          |
|    ep_len_mean     | 234      |
|    ep_rew_mean     | 254      |
| time/              |          |
|    episodes        | 580      |
|    fps             | 236      |
|    time_elapsed    | 633      |
|    total_timesteps | 150066   |
| train/             |          |
|    actor_loss      | -63      |
|    critic_loss     | 8.36     |
|    ent_coef        | 0.0772   |
|    ent_coef_loss   | -0.225   |
|    learning_rate   | 0.000511 |
|    n_updates       | 140065   |
---------------------------------
---------------------------------
| rollout/           |          |
|    ep_len_mean     | 236      |
|    ep_rew_mean     | 255      |
| time/              |          |
|    episodes        | 584      |
|    fps             | 236      |
|    time_elapsed    | 639      |
|    total_timesteps | 151193   |
| train/             |          |
|    actor_loss      | -65.7    |
|    critic_loss     | 3.59     |
|    ent_coef        | 0.0745   |
|    ent_coef_loss   | -0.678   |
|    learning_rate   | 0.000509 |
|    n_updates       | 141192   |
---------------------------------
---------------------------------
| rollout/           |          |
|    ep_len_mean     | 236      |
|    ep_rew_mean     | 255      |
| time/              |          |
|    episodes        | 588      |
|    fps             | 236      |
|    time_elapsed    | 642      |
|    total_timesteps | 152099   |
| train/             |          |
|    actor_loss      | -65.1    |
|    critic_loss     | 5.52     |
|    ent_coef        | 0.0729   |
|    ent_coef_loss   | -0.0329  |
|    learning_rate   | 0.000508 |
|    n_updates       | 142098   |
---------------------------------
---------------------------------
| rollout/           |          |
|    ep_len_mean     | 236      |
|    ep_rew_mean     | 255      |
| time/              |          |
|    episodes        | 592      |
|    fps             | 236      |
|    time_elapsed    | 646      |
|    total_timesteps | 152934   |
| train/             |          |
|    actor_loss      | -61.8    |
|    critic_loss     | 2.66     |
|    ent_coef        | 0.0689   |
|    ent_coef_loss   | 0.146    |
|    learning_rate   | 0.000507 |
|    n_updates       | 142933   |
---------------------------------
---------------------------------
| rollout/           |          |
|    ep_len_mean     | 235      |
|    ep_rew_mean     | 256      |
| time/              |          |
|    episodes        | 596      |
|    fps             | 236      |
|    time_elapsed    | 650      |
|    total_timesteps | 153855   |
| train/             |          |
|    actor_loss      | -62.8    |
|    critic_loss     | 2.82     |
|    ent_coef        | 0.0724   |
|    ent_coef_loss   | 0.0148   |
|    learning_rate   | 0.000505 |
|    n_updates       | 143854   |
---------------------------------
---------------------------------
| rollout/           |          |
|    ep_len_mean     | 231      |
|    ep_rew_mean     | 257      |
| time/              |          |
|    episodes        | 600      |
|    fps             | 236      |
|    time_elapsed    | 654      |
|    total_timesteps | 154824   |
| train/             |          |
|    actor_loss      | -65.5    |
|    critic_loss     | 3.19     |
|    ent_coef        | 0.0733   |
|    ent_coef_loss   | -0.288   |
|    learning_rate   | 0.000504 |
|    n_updates       | 144823   |
---------------------------------
---------------------------------
| rollout/           |          |
|    ep_len_mean     | 231      |
|    ep_rew_mean     | 257      |
| time/              |          |
|    episodes        | 604      |
|    fps             | 236      |
|    time_elapsed    | 658      |
|    total_timesteps | 155744   |
| train/             |          |
|    actor_loss      | -64.7    |
|    critic_loss     | 5.08     |
|    ent_coef        | 0.0755   |
|    ent_coef_loss   | -0.425   |
|    learning_rate   | 0.000503 |
|    n_updates       | 145743   |
---------------------------------
---------------------------------
| rollout/           |          |
|    ep_len_mean     | 230      |
|    ep_rew_mean     | 257      |
| time/              |          |
|    episodes        | 608      |
|    fps             | 236      |
|    time_elapsed    | 661      |
|    total_timesteps | 156628   |
| train/             |          |
|    actor_loss      | -63      |
|    critic_loss     | 11.9     |
|    ent_coef        | 0.0761   |
|    ent_coef_loss   | 0.547    |
|    learning_rate   | 0.000501 |
|    n_updates       | 146627   |
---------------------------------
---------------------------------
| rollout/           |          |
|    ep_len_mean     | 232      |
|    ep_rew_mean     | 258      |
| time/              |          |
|    episodes        | 612      |
|    fps             | 236      |
|    time_elapsed    | 665      |
|    total_timesteps | 157544   |
| train/             |          |
|    actor_loss      | -62.5    |
|    critic_loss     | 15.3     |
|    ent_coef        | 0.0735   |
|    ent_coef_loss   | -0.431   |
|    learning_rate   | 0.0005   |
|    n_updates       | 147543   |
---------------------------------
---------------------------------
| rollout/           |          |
|    ep_len_mean     | 233      |
|    ep_rew_mean     | 258      |
| time/              |          |
|    episodes        | 616      |
|    fps             | 236      |
|    time_elapsed    | 669      |
|    total_timesteps | 158367   |
| train/             |          |
|    actor_loss      | -63.1    |
|    critic_loss     | 8.19     |
|    ent_coef        | 0.0712   |
|    ent_coef_loss   | 0.0384   |
|    learning_rate   | 0.000499 |
|    n_updates       | 148366   |
---------------------------------
---------------------------------
| rollout/           |          |
|    ep_len_mean     | 233      |
|    ep_rew_mean     | 259      |
| time/              |          |
|    episodes        | 620      |
|    fps             | 236      |
|    time_elapsed    | 673      |
|    total_timesteps | 159395   |
| train/             |          |
|    actor_loss      | -67.7    |
|    critic_loss     | 6.51     |
|    ent_coef        | 0.0681   |
|    ent_coef_loss   | 0.367    |
|    learning_rate   | 0.000497 |
|    n_updates       | 149394   |
---------------------------------
Eval num_timesteps=160000, episode_reward=267.70 +/- 21.47
Episode length: 219.70 +/- 18.40
---------------------------------
| eval/              |          |
|    mean_ep_length  | 220      |
|    mean_reward     | 268      |
| time/              |          |
|    total_timesteps | 160000   |
| train/             |          |
|    actor_loss      | -62.1    |
|    critic_loss     | 2.35     |
|    ent_coef        | 0.069    |
|    ent_coef_loss   | 0.696    |
|    learning_rate   | 0.000496 |
|    n_updates       | 149999   |
---------------------------------
New best mean reward!
---------------------------------
| rollout/           |          |
|    ep_len_mean     | 233      |
|    ep_rew_mean     | 259      |
| time/              |          |
|    episodes        | 624      |
|    fps             | 236      |
|    time_elapsed    | 677      |
|    total_timesteps | 160251   |
| train/             |          |
|    actor_loss      | -66.4    |
|    critic_loss     | 4.35     |
|    ent_coef        | 0.0705   |
|    ent_coef_loss   | -0.436   |
|    learning_rate   | 0.000496 |
|    n_updates       | 150250   |
---------------------------------
---------------------------------
| rollout/           |          |
|    ep_len_mean     | 235      |
|    ep_rew_mean     | 259      |
| time/              |          |
|    episodes        | 628      |
|    fps             | 236      |
|    time_elapsed    | 682      |
|    total_timesteps | 161244   |
| train/             |          |
|    actor_loss      | -65      |
|    critic_loss     | 11.3     |
|    ent_coef        | 0.0672   |
|    ent_coef_loss   | 0.276    |
|    learning_rate   | 0.000495 |
|    n_updates       | 151243   |
---------------------------------
---------------------------------
| rollout/           |          |
|    ep_len_mean     | 235      |
|    ep_rew_mean     | 259      |
| time/              |          |
|    episodes        | 632      |
|    fps             | 236      |
|    time_elapsed    | 685      |
|    total_timesteps | 162132   |
| train/             |          |
|    actor_loss      | -66.4    |
|    critic_loss     | 5.06     |
|    ent_coef        | 0.0662   |
|    ent_coef_loss   | -0.484   |
|    learning_rate   | 0.000493 |
|    n_updates       | 152131   |
---------------------------------
---------------------------------
| rollout/           |          |
|    ep_len_mean     | 236      |
|    ep_rew_mean     | 262      |
| time/              |          |
|    episodes        | 636      |
|    fps             | 236      |
|    time_elapsed    | 689      |
|    total_timesteps | 163020   |
| train/             |          |
|    actor_loss      | -67      |
|    critic_loss     | 4.55     |
|    ent_coef        | 0.0654   |
|    ent_coef_loss   | 0.524    |
|    learning_rate   | 0.000492 |
|    n_updates       | 153019   |
---------------------------------
---------------------------------
| rollout/           |          |
|    ep_len_mean     | 236      |
|    ep_rew_mean     | 262      |
| time/              |          |
|    episodes        | 640      |
|    fps             | 236      |
|    time_elapsed    | 693      |
|    total_timesteps | 163940   |
| train/             |          |
|    actor_loss      | -64.9    |
|    critic_loss     | 8.33     |
|    ent_coef        | 0.0637   |
|    ent_coef_loss   | 0.0256   |
|    learning_rate   | 0.000491 |
|    n_updates       | 153939   |
---------------------------------
---------------------------------
| rollout/           |          |
|    ep_len_mean     | 237      |
|    ep_rew_mean     | 261      |
| time/              |          |
|    episodes        | 644      |
|    fps             | 236      |
|    time_elapsed    | 697      |
|    total_timesteps | 164890   |
| train/             |          |
|    actor_loss      | -66.2    |
|    critic_loss     | 2.68     |
|    ent_coef        | 0.0664   |
|    ent_coef_loss   | -1.02    |
|    learning_rate   | 0.000489 |
|    n_updates       | 154889   |
---------------------------------
---------------------------------
| rollout/           |          |
|    ep_len_mean     | 238      |
|    ep_rew_mean     | 262      |
| time/              |          |
|    episodes        | 648      |
|    fps             | 236      |
|    time_elapsed    | 701      |
|    total_timesteps | 165809   |
| train/             |          |
|    actor_loss      | -65.8    |
|    critic_loss     | 1.94     |
|    ent_coef        | 0.0648   |
|    ent_coef_loss   | -0.0583  |
|    learning_rate   | 0.000488 |
|    n_updates       | 155808   |
---------------------------------
---------------------------------
| rollout/           |          |
|    ep_len_mean     | 238      |
|    ep_rew_mean     | 262      |
| time/              |          |
|    episodes        | 652      |
|    fps             | 236      |
|    time_elapsed    | 705      |
|    total_timesteps | 166634   |
| train/             |          |
|    actor_loss      | -65.3    |
|    critic_loss     | 8.77     |
|    ent_coef        | 0.0633   |
|    ent_coef_loss   | 0.378    |
|    learning_rate   | 0.000487 |
|    n_updates       | 156633   |
---------------------------------
---------------------------------
| rollout/           |          |
|    ep_len_mean     | 236      |
|    ep_rew_mean     | 260      |
| time/              |          |
|    episodes        | 656      |
|    fps             | 236      |
|    time_elapsed    | 708      |
|    total_timesteps | 167388   |
| train/             |          |
|    actor_loss      | -69.8    |
|    critic_loss     | 2.75     |
|    ent_coef        | 0.063    |
|    ent_coef_loss   | -0.0276  |
|    learning_rate   | 0.000486 |
|    n_updates       | 157387   |
---------------------------------
---------------------------------
| rollout/           |          |
|    ep_len_mean     | 235      |
|    ep_rew_mean     | 260      |
| time/              |          |
|    episodes        | 660      |
|    fps             | 236      |
|    time_elapsed    | 712      |
|    total_timesteps | 168266   |
| train/             |          |
|    actor_loss      | -67.2    |
|    critic_loss     | 2.85     |
|    ent_coef        | 0.0658   |
|    ent_coef_loss   | 0.189    |
|    learning_rate   | 0.000484 |
|    n_updates       | 158265   |
---------------------------------
---------------------------------
| rollout/           |          |
|    ep_len_mean     | 225      |
|    ep_rew_mean     | 260      |
| time/              |          |
|    episodes        | 664      |
|    fps             | 236      |
|    time_elapsed    | 715      |
|    total_timesteps | 169181   |
| train/             |          |
|    actor_loss      | -68.3    |
|    critic_loss     | 2.96     |
|    ent_coef        | 0.0618   |
|    ent_coef_loss   | 0.127    |
|    learning_rate   | 0.000483 |
|    n_updates       | 159180   |
---------------------------------
Eval num_timesteps=170000, episode_reward=212.28 +/- 135.24
Episode length: 230.60 +/- 52.52
---------------------------------
| eval/              |          |
|    mean_ep_length  | 231      |
|    mean_reward     | 212      |
| time/              |          |
|    total_timesteps | 170000   |
| train/             |          |
|    actor_loss      | -68.8    |
|    critic_loss     | 7.96     |
|    ent_coef        | 0.0628   |
|    ent_coef_loss   | -0.299   |
|    learning_rate   | 0.000482 |
|    n_updates       | 159999   |
---------------------------------
---------------------------------
| rollout/           |          |
|    ep_len_mean     | 226      |
|    ep_rew_mean     | 261      |
| time/              |          |
|    episodes        | 668      |
|    fps             | 236      |
|    time_elapsed    | 720      |
|    total_timesteps | 170095   |
| train/             |          |
|    actor_loss      | -68.3    |
|    critic_loss     | 4.59     |
|    ent_coef        | 0.0632   |
|    ent_coef_loss   | 0.286    |
|    learning_rate   | 0.000482 |
|    n_updates       | 160094   |
---------------------------------
---------------------------------
| rollout/           |          |
|    ep_len_mean     | 225      |
|    ep_rew_mean     | 261      |
| time/              |          |
|    episodes        | 672      |
|    fps             | 236      |
|    time_elapsed    | 724      |
|    total_timesteps | 170978   |
| train/             |          |
|    actor_loss      | -71.8    |
|    critic_loss     | 3.51     |
|    ent_coef        | 0.0651   |
|    ent_coef_loss   | 0.00479  |
|    learning_rate   | 0.00048  |
|    n_updates       | 160977   |
---------------------------------
---------------------------------
| rollout/           |          |
|    ep_len_mean     | 229      |
|    ep_rew_mean     | 263      |
| time/              |          |
|    episodes        | 676      |
|    fps             | 236      |
|    time_elapsed    | 728      |
|    total_timesteps | 172101   |
| train/             |          |
|    actor_loss      | -68.8    |
|    critic_loss     | 2.06     |
|    ent_coef        | 0.0638   |
|    ent_coef_loss   | 0.00838  |
|    learning_rate   | 0.000479 |
|    n_updates       | 162100   |
---------------------------------
---------------------------------
| rollout/           |          |
|    ep_len_mean     | 230      |
|    ep_rew_mean     | 265      |
| time/              |          |
|    episodes        | 680      |
|    fps             | 236      |
|    time_elapsed    | 732      |
|    total_timesteps | 173023   |
| train/             |          |
|    actor_loss      | -66.8    |
|    critic_loss     | 5.82     |
|    ent_coef        | 0.0636   |
|    ent_coef_loss   | -0.298   |
|    learning_rate   | 0.000477 |
|    n_updates       | 163022   |
---------------------------------
---------------------------------
| rollout/           |          |
|    ep_len_mean     | 228      |
|    ep_rew_mean     | 261      |
| time/              |          |
|    episodes        | 684      |
|    fps             | 236      |
|    time_elapsed    | 736      |
|    total_timesteps | 173965   |
| train/             |          |
|    actor_loss      | -70.4    |
|    critic_loss     | 2.64     |
|    ent_coef        | 0.0661   |
|    ent_coef_loss   | 0.524    |
|    learning_rate   | 0.000476 |
|    n_updates       | 163964   |
---------------------------------
---------------------------------
| rollout/           |          |
|    ep_len_mean     | 231      |
|    ep_rew_mean     | 261      |
| time/              |          |
|    episodes        | 688      |
|    fps             | 236      |
|    time_elapsed    | 742      |
|    total_timesteps | 175234   |
| train/             |          |
|    actor_loss      | -66.6    |
|    critic_loss     | 5.53     |
|    ent_coef        | 0.0643   |
|    ent_coef_loss   | 0.432    |
|    learning_rate   | 0.000474 |
|    n_updates       | 165233   |
---------------------------------
---------------------------------
| rollout/           |          |
|    ep_len_mean     | 232      |
|    ep_rew_mean     | 259      |
| time/              |          |
|    episodes        | 692      |
|    fps             | 236      |
|    time_elapsed    | 745      |
|    total_timesteps | 176149   |
| train/             |          |
|    actor_loss      | -68.3    |
|    critic_loss     | 3.36     |
|    ent_coef        | 0.0648   |
|    ent_coef_loss   | -0.506   |
|    learning_rate   | 0.000473 |
|    n_updates       | 166148   |
---------------------------------
---------------------------------
| rollout/           |          |
|    ep_len_mean     | 231      |
|    ep_rew_mean     | 258      |
| time/              |          |
|    episodes        | 696      |
|    fps             | 236      |
|    time_elapsed    | 749      |
|    total_timesteps | 176950   |
| train/             |          |
|    actor_loss      | -66.9    |
|    critic_loss     | 6.16     |
|    ent_coef        | 0.0638   |
|    ent_coef_loss   | 0.825    |
|    learning_rate   | 0.000472 |
|    n_updates       | 166949   |
---------------------------------
---------------------------------
| rollout/           |          |
|    ep_len_mean     | 233      |
|    ep_rew_mean     | 258      |
| time/              |          |
|    episodes        | 700      |
|    fps             | 236      |
|    time_elapsed    | 753      |
|    total_timesteps | 178083   |
| train/             |          |
|    actor_loss      | -68.8    |
|    critic_loss     | 23.6     |
|    ent_coef        | 0.0646   |
|    ent_coef_loss   | 0.176    |
|    learning_rate   | 0.00047  |
|    n_updates       | 168082   |
---------------------------------
---------------------------------
| rollout/           |          |
|    ep_len_mean     | 234      |
|    ep_rew_mean     | 257      |
| time/              |          |
|    episodes        | 704      |
|    fps             | 236      |
|    time_elapsed    | 758      |
|    total_timesteps | 179102   |
| train/             |          |
|    actor_loss      | -67.4    |
|    critic_loss     | 2.53     |
|    ent_coef        | 0.0616   |
|    ent_coef_loss   | 0.0295   |
|    learning_rate   | 0.000469 |
|    n_updates       | 169101   |
---------------------------------
Eval num_timesteps=180000, episode_reward=203.47 +/- 89.53
Episode length: 212.80 +/- 86.09
---------------------------------
| eval/              |          |
|    mean_ep_length  | 213      |
|    mean_reward     | 203      |
| time/              |          |
|    total_timesteps | 180000   |
| train/             |          |
|    actor_loss      | -68.3    |
|    critic_loss     | 6.85     |
|    ent_coef        | 0.0647   |
|    ent_coef_loss   | -0.209   |
|    learning_rate   | 0.000467 |
|    n_updates       | 169999   |
---------------------------------
---------------------------------
| rollout/           |          |
|    ep_len_mean     | 234      |
|    ep_rew_mean     | 258      |
| time/              |          |
|    episodes        | 708      |
|    fps             | 236      |
|    time_elapsed    | 762      |
|    total_timesteps | 180063   |
| train/             |          |
|    actor_loss      | -68.3    |
|    critic_loss     | 4.78     |
|    ent_coef        | 0.0638   |
|    ent_coef_loss   | -0.205   |
|    learning_rate   | 0.000467 |
|    n_updates       | 170062   |
---------------------------------
---------------------------------
| rollout/           |          |
|    ep_len_mean     | 236      |
|    ep_rew_mean     | 257      |
| time/              |          |
|    episodes        | 712      |
|    fps             | 236      |
|    time_elapsed    | 767      |
|    total_timesteps | 181102   |
| train/             |          |
|    actor_loss      | -66.9    |
|    critic_loss     | 19.9     |
|    ent_coef        | 0.0708   |
|    ent_coef_loss   | -0.11    |
|    learning_rate   | 0.000466 |
|    n_updates       | 171101   |
---------------------------------
---------------------------------
| rollout/           |          |
|    ep_len_mean     | 237      |
|    ep_rew_mean     | 258      |
| time/              |          |
|    episodes        | 716      |
|    fps             | 236      |
|    time_elapsed    | 771      |
|    total_timesteps | 182091   |
| train/             |          |
|    actor_loss      | -65.6    |
|    critic_loss     | 1.64     |
|    ent_coef        | 0.0659   |
|    ent_coef_loss   | 0.111    |
|    learning_rate   | 0.000464 |
|    n_updates       | 172090   |
---------------------------------
---------------------------------
| rollout/           |          |
|    ep_len_mean     | 237      |
|    ep_rew_mean     | 253      |
| time/              |          |
|    episodes        | 720      |
|    fps             | 236      |
|    time_elapsed    | 775      |
|    total_timesteps | 183079   |
| train/             |          |
|    actor_loss      | -64.5    |
|    critic_loss     | 3.6      |
|    ent_coef        | 0.0663   |
|    ent_coef_loss   | 0.241    |
|    learning_rate   | 0.000463 |
|    n_updates       | 173078   |
---------------------------------
---------------------------------
| rollout/           |          |
|    ep_len_mean     | 236      |
|    ep_rew_mean     | 253      |
| time/              |          |
|    episodes        | 724      |
|    fps             | 236      |
|    time_elapsed    | 778      |
|    total_timesteps | 183808   |
| train/             |          |
|    actor_loss      | -67.7    |
|    critic_loss     | 4.16     |
|    ent_coef        | 0.0667   |
|    ent_coef_loss   | -0.266   |
|    learning_rate   | 0.000462 |
|    n_updates       | 173807   |
---------------------------------
---------------------------------
| rollout/           |          |
|    ep_len_mean     | 236      |
|    ep_rew_mean     | 251      |
| time/              |          |
|    episodes        | 728      |
|    fps             | 236      |
|    time_elapsed    | 783      |
|    total_timesteps | 184882   |
| train/             |          |
|    actor_loss      | -64      |
|    critic_loss     | 7.13     |
|    ent_coef        | 0.0672   |
|    ent_coef_loss   | 0.107    |
|    learning_rate   | 0.00046  |
|    n_updates       | 174881   |
---------------------------------
---------------------------------
| rollout/           |          |
|    ep_len_mean     | 240      |
|    ep_rew_mean     | 250      |
| time/              |          |
|    episodes        | 732      |
|    fps             | 236      |
|    time_elapsed    | 788      |
|    total_timesteps | 186113   |
| train/             |          |
|    actor_loss      | -66.6    |
|    critic_loss     | 12.9     |
|    ent_coef        | 0.0642   |
|    ent_coef_loss   | 0.44     |
|    learning_rate   | 0.000458 |
|    n_updates       | 176112   |
---------------------------------
---------------------------------
| rollout/           |          |
|    ep_len_mean     | 239      |
|    ep_rew_mean     | 250      |
| time/              |          |
|    episodes        | 736      |
|    fps             | 236      |
|    time_elapsed    | 791      |
|    total_timesteps | 186966   |
| train/             |          |
|    actor_loss      | -65.2    |
|    critic_loss     | 11.1     |
|    ent_coef        | 0.0662   |
|    ent_coef_loss   | -0.315   |
|    learning_rate   | 0.000457 |
|    n_updates       | 176965   |
---------------------------------
---------------------------------
| rollout/           |          |
|    ep_len_mean     | 238      |
|    ep_rew_mean     | 247      |
| time/              |          |
|    episodes        | 740      |
|    fps             | 236      |
|    time_elapsed    | 795      |
|    total_timesteps | 187736   |
| train/             |          |
|    actor_loss      | -68.8    |
|    critic_loss     | 12.6     |
|    ent_coef        | 0.0626   |
|    ent_coef_loss   | -0.874   |
|    learning_rate   | 0.000456 |
|    n_updates       | 177735   |
---------------------------------
---------------------------------
| rollout/           |          |
|    ep_len_mean     | 238      |
|    ep_rew_mean     | 246      |
| time/              |          |
|    episodes        | 744      |
|    fps             | 236      |
|    time_elapsed    | 799      |
|    total_timesteps | 188695   |
| train/             |          |
|    actor_loss      | -68.1    |
|    critic_loss     | 3.59     |
|    ent_coef        | 0.0666   |
|    ent_coef_loss   | -0.741   |
|    learning_rate   | 0.000455 |
|    n_updates       | 178694   |
---------------------------------
---------------------------------
| rollout/           |          |
|    ep_len_mean     | 237      |
|    ep_rew_mean     | 246      |
| time/              |          |
|    episodes        | 748      |
|    fps             | 236      |
|    time_elapsed    | 802      |
|    total_timesteps | 189473   |
| train/             |          |
|    actor_loss      | -65.2    |
|    critic_loss     | 5.74     |
|    ent_coef        | 0.0669   |
|    ent_coef_loss   | 0.0232   |
|    learning_rate   | 0.000453 |
|    n_updates       | 179472   |
---------------------------------
Eval num_timesteps=190000, episode_reward=263.79 +/- 16.76
Episode length: 215.30 +/- 36.50
---------------------------------
| eval/              |          |
|    mean_ep_length  | 215      |
|    mean_reward     | 264      |
| time/              |          |
|    total_timesteps | 190000   |
| train/             |          |
|    actor_loss      | -66.5    |
|    critic_loss     | 4.01     |
|    ent_coef        | 0.0627   |
|    ent_coef_loss   | 0.0844   |
|    learning_rate   | 0.000453 |
|    n_updates       | 179999   |
---------------------------------
---------------------------------
| rollout/           |          |
|    ep_len_mean     | 237      |
|    ep_rew_mean     | 246      |
| time/              |          |
|    episodes        | 752      |
|    fps             | 235      |
|    time_elapsed    | 806      |
|    total_timesteps | 190300   |
| train/             |          |
|    actor_loss      | -64.2    |
|    critic_loss     | 8.86     |
|    ent_coef        | 0.0641   |
|    ent_coef_loss   | 0.539    |
|    learning_rate   | 0.000452 |
|    n_updates       | 180299   |
---------------------------------
---------------------------------
| rollout/           |          |
|    ep_len_mean     | 237      |
|    ep_rew_mean     | 245      |
| time/              |          |
|    episodes        | 756      |
|    fps             | 235      |
|    time_elapsed    | 809      |
|    total_timesteps | 191099   |
| train/             |          |
|    actor_loss      | -64.6    |
|    critic_loss     | 9.16     |
|    ent_coef        | 0.0639   |
|    ent_coef_loss   | 0.568    |
|    learning_rate   | 0.000451 |
|    n_updates       | 181098   |
---------------------------------
---------------------------------
| rollout/           |          |
|    ep_len_mean     | 237      |
|    ep_rew_mean     | 245      |
| time/              |          |
|    episodes        | 760      |
|    fps             | 235      |
|    time_elapsed    | 813      |
|    total_timesteps | 192013   |
| train/             |          |
|    actor_loss      | -67.8    |
|    critic_loss     | 5.7      |
|    ent_coef        | 0.0628   |
|    ent_coef_loss   | 0.276    |
|    learning_rate   | 0.00045  |
|    n_updates       | 182012   |
---------------------------------
---------------------------------
| rollout/           |          |
|    ep_len_mean     | 237      |
|    ep_rew_mean     | 246      |
| time/              |          |
|    episodes        | 764      |
|    fps             | 235      |
|    time_elapsed    | 817      |
|    total_timesteps | 192927   |
| train/             |          |
|    actor_loss      | -65.6    |
|    critic_loss     | 2.93     |
|    ent_coef        | 0.0622   |
|    ent_coef_loss   | 0.0881   |
|    learning_rate   | 0.000448 |
|    n_updates       | 182926   |
---------------------------------
---------------------------------
| rollout/           |          |
|    ep_len_mean     | 237      |
|    ep_rew_mean     | 244      |
| time/              |          |
|    episodes        | 768      |
|    fps             | 235      |
|    time_elapsed    | 821      |
|    total_timesteps | 193822   |
| train/             |          |
|    actor_loss      | -66.4    |
|    critic_loss     | 3.87     |
|    ent_coef        | 0.0615   |
|    ent_coef_loss   | -0.263   |
|    learning_rate   | 0.000447 |
|    n_updates       | 183821   |
---------------------------------
---------------------------------
| rollout/           |          |
|    ep_len_mean     | 235      |
|    ep_rew_mean     | 241      |
| time/              |          |
|    episodes        | 772      |
|    fps             | 235      |
|    time_elapsed    | 824      |
|    total_timesteps | 194505   |
| train/             |          |
|    actor_loss      | -66.3    |
|    critic_loss     | 6.96     |
|    ent_coef        | 0.0593   |
|    ent_coef_loss   | 0.238    |
|    learning_rate   | 0.000446 |
|    n_updates       | 184504   |
---------------------------------
---------------------------------
| rollout/           |          |
|    ep_len_mean     | 232      |
|    ep_rew_mean     | 240      |
| time/              |          |
|    episodes        | 776      |
|    fps             | 235      |
|    time_elapsed    | 827      |
|    total_timesteps | 195292   |
| train/             |          |
|    actor_loss      | -65.5    |
|    critic_loss     | 5.07     |
|    ent_coef        | 0.0611   |
|    ent_coef_loss   | -0.379   |
|    learning_rate   | 0.000445 |
|    n_updates       | 185291   |
---------------------------------
---------------------------------
| rollout/           |          |
|    ep_len_mean     | 232      |
|    ep_rew_mean     | 240      |
| time/              |          |
|    episodes        | 780      |
|    fps             | 236      |
|    time_elapsed    | 831      |
|    total_timesteps | 196228   |
| train/             |          |
|    actor_loss      | -68.3    |
|    critic_loss     | 2.03     |
|    ent_coef        | 0.0608   |
|    ent_coef_loss   | 0.147    |
|    learning_rate   | 0.000444 |
|    n_updates       | 186227   |
---------------------------------
---------------------------------
| rollout/           |          |
|    ep_len_mean     | 231      |
|    ep_rew_mean     | 245      |
| time/              |          |
|    episodes        | 784      |
|    fps             | 236      |
|    time_elapsed    | 834      |
|    total_timesteps | 197074   |
| train/             |          |
|    actor_loss      | -68.4    |
|    critic_loss     | 3.9      |
|    ent_coef        | 0.0629   |
|    ent_coef_loss   | -0.157   |
|    learning_rate   | 0.000442 |
|    n_updates       | 187073   |
---------------------------------
---------------------------------
| rollout/           |          |
|    ep_len_mean     | 227      |
|    ep_rew_mean     | 245      |
| time/              |          |
|    episodes        | 788      |
|    fps             | 236      |
|    time_elapsed    | 838      |
|    total_timesteps | 197929   |
| train/             |          |
|    actor_loss      | -63.8    |
|    critic_loss     | 3.41     |
|    ent_coef        | 0.0619   |
|    ent_coef_loss   | 0.317    |
|    learning_rate   | 0.000441 |
|    n_updates       | 187928   |
---------------------------------
---------------------------------
| rollout/           |          |
|    ep_len_mean     | 228      |
|    ep_rew_mean     | 247      |
| time/              |          |
|    episodes        | 792      |
|    fps             | 236      |
|    time_elapsed    | 842      |
|    total_timesteps | 198925   |
| train/             |          |
|    actor_loss      | -65.1    |
|    critic_loss     | 7.15     |
|    ent_coef        | 0.0617   |
|    ent_coef_loss   | -0.0326  |
|    learning_rate   | 0.00044  |
|    n_updates       | 188924   |
---------------------------------
---------------------------------
| rollout/           |          |
|    ep_len_mean     | 229      |
|    ep_rew_mean     | 248      |
| time/              |          |
|    episodes        | 796      |
|    fps             | 236      |
|    time_elapsed    | 846      |
|    total_timesteps | 199843   |
| train/             |          |
|    actor_loss      | -65.8    |
|    critic_loss     | 3.26     |
|    ent_coef        | 0.0609   |
|    ent_coef_loss   | -0.364   |
|    learning_rate   | 0.000438 |
|    n_updates       | 189842   |
---------------------------------
Eval num_timesteps=200000, episode_reward=270.63 +/- 12.54
Episode length: 209.30 +/- 27.43
---------------------------------
| eval/              |          |
|    mean_ep_length  | 209      |
|    mean_reward     | 271      |
| time/              |          |
|    total_timesteps | 200000   |
| train/             |          |
|    actor_loss      | -66.6    |
|    critic_loss     | 4.81     |
|    ent_coef        | 0.0594   |
|    ent_coef_loss   | 0.285    |
|    learning_rate   | 0.000438 |
|    n_updates       | 189999   |
---------------------------------
New best mean reward!
---------------------------------
| rollout/           |          |
|    ep_len_mean     | 226      |
|    ep_rew_mean     | 248      |
| time/              |          |
|    episodes        | 800      |
|    fps             | 235      |
|    time_elapsed    | 850      |
|    total_timesteps | 200689   |
| train/             |          |
|    actor_loss      | -68.5    |
|    critic_loss     | 2.7      |
|    ent_coef        | 0.0611   |
|    ent_coef_loss   | -0.459   |
|    learning_rate   | 0.000437 |
|    n_updates       | 190688   |
---------------------------------
---------------------------------
| rollout/           |          |
|    ep_len_mean     | 225      |
|    ep_rew_mean     | 248      |
| time/              |          |
|    episodes        | 804      |
|    fps             | 235      |
|    time_elapsed    | 855      |
|    total_timesteps | 201580   |
| train/             |          |
|    actor_loss      | -68.7    |
|    critic_loss     | 8.25     |
|    ent_coef        | 0.0642   |
|    ent_coef_loss   | -0.238   |
|    learning_rate   | 0.000436 |
|    n_updates       | 191579   |
---------------------------------
---------------------------------
| rollout/           |          |
|    ep_len_mean     | 224      |
|    ep_rew_mean     | 248      |
| time/              |          |
|    episodes        | 808      |
|    fps             | 235      |
|    time_elapsed    | 859      |
|    total_timesteps | 202447   |
| train/             |          |
|    actor_loss      | -67.8    |
|    critic_loss     | 4.87     |
|    ent_coef        | 0.0583   |
|    ent_coef_loss   | 0.218    |
|    learning_rate   | 0.000434 |
|    n_updates       | 192446   |
---------------------------------
---------------------------------
| rollout/           |          |
|    ep_len_mean     | 221      |
|    ep_rew_mean     | 249      |
| time/              |          |
|    episodes        | 812      |
|    fps             | 235      |
|    time_elapsed    | 862      |
|    total_timesteps | 203186   |
| train/             |          |
|    actor_loss      | -66.5    |
|    critic_loss     | 5.95     |
|    ent_coef        | 0.0601   |
|    ent_coef_loss   | 0.146    |
|    learning_rate   | 0.000433 |
|    n_updates       | 193185   |
---------------------------------
---------------------------------
| rollout/           |          |
|    ep_len_mean     | 219      |
|    ep_rew_mean     | 249      |
| time/              |          |
|    episodes        | 816      |
|    fps             | 235      |
|    time_elapsed    | 865      |
|    total_timesteps | 203956   |
| train/             |          |
|    actor_loss      | -65.8    |
|    critic_loss     | 4.14     |
|    ent_coef        | 0.0592   |
|    ent_coef_loss   | -0.0552  |
|    learning_rate   | 0.000432 |
|    n_updates       | 193955   |
---------------------------------
---------------------------------
| rollout/           |          |
|    ep_len_mean     | 218      |
|    ep_rew_mean     | 253      |
| time/              |          |
|    episodes        | 820      |
|    fps             | 235      |
|    time_elapsed    | 869      |
|    total_timesteps | 204900   |
| train/             |          |
|    actor_loss      | -66.5    |
|    critic_loss     | 5.49     |
|    ent_coef        | 0.0585   |
|    ent_coef_loss   | 0.219    |
|    learning_rate   | 0.000431 |
|    n_updates       | 194899   |
---------------------------------
---------------------------------
| rollout/           |          |
|    ep_len_mean     | 219      |
|    ep_rew_mean     | 253      |
| time/              |          |
|    episodes        | 824      |
|    fps             | 235      |
|    time_elapsed    | 873      |
|    total_timesteps | 205722   |
| train/             |          |
|    actor_loss      | -67.8    |
|    critic_loss     | 5.43     |
|    ent_coef        | 0.0591   |
|    ent_coef_loss   | 0.191    |
|    learning_rate   | 0.00043  |
|    n_updates       | 195721   |
---------------------------------
---------------------------------
| rollout/           |          |
|    ep_len_mean     | 217      |
|    ep_rew_mean     | 255      |
| time/              |          |
|    episodes        | 828      |
|    fps             | 235      |
|    time_elapsed    | 876      |
|    total_timesteps | 206547   |
| train/             |          |
|    actor_loss      | -67.2    |
|    critic_loss     | 9.29     |
|    ent_coef        | 0.058    |
|    ent_coef_loss   | 0.0933   |
|    learning_rate   | 0.000428 |
|    n_updates       | 196546   |
---------------------------------
---------------------------------
| rollout/           |          |
|    ep_len_mean     | 216      |
|    ep_rew_mean     | 255      |
| time/              |          |
|    episodes        | 832      |
|    fps             | 235      |
|    time_elapsed    | 881      |
|    total_timesteps | 207686   |
| train/             |          |
|    actor_loss      | -67      |
|    critic_loss     | 9.85     |
|    ent_coef        | 0.0608   |
|    ent_coef_loss   | -0.0326  |
|    learning_rate   | 0.000427 |
|    n_updates       | 197685   |
---------------------------------
---------------------------------
| rollout/           |          |
|    ep_len_mean     | 218      |
|    ep_rew_mean     | 256      |
| time/              |          |
|    episodes        | 836      |
|    fps             | 235      |
|    time_elapsed    | 886      |
|    total_timesteps | 208776   |
| train/             |          |
|    actor_loss      | -66.7    |
|    critic_loss     | 9.18     |
|    ent_coef        | 0.064    |
|    ent_coef_loss   | 0.631    |
|    learning_rate   | 0.000425 |
|    n_updates       | 198775   |
---------------------------------
---------------------------------
| rollout/           |          |
|    ep_len_mean     | 218      |
|    ep_rew_mean     | 260      |
| time/              |          |
|    episodes        | 840      |
|    fps             | 235      |
|    time_elapsed    | 889      |
|    total_timesteps | 209561   |
| train/             |          |
|    actor_loss      | -68.8    |
|    critic_loss     | 7.04     |
|    ent_coef        | 0.0618   |
|    ent_coef_loss   | 0.144    |
|    learning_rate   | 0.000424 |
|    n_updates       | 199560   |
---------------------------------
Eval num_timesteps=210000, episode_reward=275.66 +/- 24.51
Episode length: 212.50 +/- 105.21
---------------------------------
| eval/              |          |
|    mean_ep_length  | 212      |
|    mean_reward     | 276      |
| time/              |          |
|    total_timesteps | 210000   |
| train/             |          |
|    actor_loss      | -68.9    |
|    critic_loss     | 16.4     |
|    ent_coef        | 0.0606   |
|    ent_coef_loss   | 0.284    |
|    learning_rate   | 0.000423 |
|    n_updates       | 199999   |
---------------------------------
New best mean reward!
---------------------------------
| rollout/           |          |
|    ep_len_mean     | 217      |
|    ep_rew_mean     | 261      |
| time/              |          |
|    episodes        | 844      |
|    fps             | 235      |
|    time_elapsed    | 893      |
|    total_timesteps | 210375   |
| train/             |          |
|    actor_loss      | -68.4    |
|    critic_loss     | 3.37     |
|    ent_coef        | 0.0608   |
|    ent_coef_loss   | 0.204    |
|    learning_rate   | 0.000423 |
|    n_updates       | 200374   |
---------------------------------
---------------------------------
| rollout/           |          |
|    ep_len_mean     | 220      |
|    ep_rew_mean     | 262      |
| time/              |          |
|    episodes        | 848      |
|    fps             | 235      |
|    time_elapsed    | 898      |
|    total_timesteps | 211456   |
| train/             |          |
|    actor_loss      | -69.6    |
|    critic_loss     | 5.02     |
|    ent_coef        | 0.0576   |
|    ent_coef_loss   | -0.222   |
|    learning_rate   | 0.000421 |
|    n_updates       | 201455   |
---------------------------------
---------------------------------
| rollout/           |          |
|    ep_len_mean     | 219      |
|    ep_rew_mean     | 262      |
| time/              |          |
|    episodes        | 852      |
|    fps             | 235      |
|    time_elapsed    | 902      |
|    total_timesteps | 212245   |
| train/             |          |
|    actor_loss      | -67.4    |
|    critic_loss     | 11       |
|    ent_coef        | 0.062    |
|    ent_coef_loss   | -0.356   |
|    learning_rate   | 0.00042  |
|    n_updates       | 202244   |
---------------------------------
---------------------------------
| rollout/           |          |
|    ep_len_mean     | 221      |
|    ep_rew_mean     | 265      |
| time/              |          |
|    episodes        | 856      |
|    fps             | 235      |
|    time_elapsed    | 906      |
|    total_timesteps | 213188   |
| train/             |          |
|    actor_loss      | -67.5    |
|    critic_loss     | 14.7     |
|    ent_coef        | 0.061    |
|    ent_coef_loss   | 0.235    |
|    learning_rate   | 0.000419 |
|    n_updates       | 203187   |
---------------------------------
---------------------------------
| rollout/           |          |
|    ep_len_mean     | 220      |
|    ep_rew_mean     | 264      |
| time/              |          |
|    episodes        | 860      |
|    fps             | 235      |
|    time_elapsed    | 910      |
|    total_timesteps | 214029   |
| train/             |          |
|    actor_loss      | -68.4    |
|    critic_loss     | 64.3     |
|    ent_coef        | 0.0594   |
|    ent_coef_loss   | 0.256    |
|    learning_rate   | 0.000418 |
|    n_updates       | 204028   |
---------------------------------
---------------------------------
| rollout/           |          |
|    ep_len_mean     | 220      |
|    ep_rew_mean     | 264      |
| time/              |          |
|    episodes        | 864      |
|    fps             | 234      |
|    time_elapsed    | 914      |
|    total_timesteps | 214881   |
| train/             |          |
|    actor_loss      | -69      |
|    critic_loss     | 4.5      |
|    ent_coef        | 0.0593   |
|    ent_coef_loss   | -0.361   |
|    learning_rate   | 0.000416 |
|    n_updates       | 204880   |
---------------------------------
---------------------------------
| rollout/           |          |
|    ep_len_mean     | 218      |
|    ep_rew_mean     | 266      |
| time/              |          |
|    episodes        | 868      |
|    fps             | 234      |
|    time_elapsed    | 918      |
|    total_timesteps | 215660   |
| train/             |          |
|    actor_loss      | -66.4    |
|    critic_loss     | 2.58     |
|    ent_coef        | 0.0625   |
|    ent_coef_loss   | 0.455    |
|    learning_rate   | 0.000415 |
|    n_updates       | 205659   |
---------------------------------
---------------------------------
| rollout/           |          |
|    ep_len_mean     | 221      |
|    ep_rew_mean     | 268      |
| time/              |          |
|    episodes        | 872      |
|    fps             | 234      |
|    time_elapsed    | 923      |
|    total_timesteps | 216609   |
| train/             |          |
|    actor_loss      | -68.1    |
|    critic_loss     | 11.6     |
|    ent_coef        | 0.0623   |
|    ent_coef_loss   | 0.142    |
|    learning_rate   | 0.000414 |
|    n_updates       | 206608   |
---------------------------------
---------------------------------
| rollout/           |          |
|    ep_len_mean     | 222      |
|    ep_rew_mean     | 270      |
| time/              |          |
|    episodes        | 876      |
|    fps             | 234      |
|    time_elapsed    | 927      |
|    total_timesteps | 217444   |
| train/             |          |
|    actor_loss      | -69      |
|    critic_loss     | 5.01     |
|    ent_coef        | 0.0605   |
|    ent_coef_loss   | -0.0889  |
|    learning_rate   | 0.000413 |
|    n_updates       | 207443   |
---------------------------------
---------------------------------
| rollout/           |          |
|    ep_len_mean     | 221      |
|    ep_rew_mean     | 270      |
| time/              |          |
|    episodes        | 880      |
|    fps             | 234      |
|    time_elapsed    | 931      |
|    total_timesteps | 218303   |
| train/             |          |
|    actor_loss      | -67.9    |
|    critic_loss     | 3.72     |
|    ent_coef        | 0.0612   |
|    ent_coef_loss   | -0.157   |
|    learning_rate   | 0.000411 |
|    n_updates       | 208302   |
---------------------------------
---------------------------------
| rollout/           |          |
|    ep_len_mean     | 220      |
|    ep_rew_mean     | 270      |
| time/              |          |
|    episodes        | 884      |
|    fps             | 234      |
|    time_elapsed    | 935      |
|    total_timesteps | 219098   |
| train/             |          |
|    actor_loss      | -71.7    |
|    critic_loss     | 2.87     |
|    ent_coef        | 0.0583   |
|    ent_coef_loss   | 0.279    |
|    learning_rate   | 0.00041  |
|    n_updates       | 209097   |
---------------------------------
---------------------------------
| rollout/           |          |
|    ep_len_mean     | 220      |
|    ep_rew_mean     | 270      |
| time/              |          |
|    episodes        | 888      |
|    fps             | 234      |
|    time_elapsed    | 939      |
|    total_timesteps | 219891   |
| train/             |          |
|    actor_loss      | -69.7    |
|    critic_loss     | 3.64     |
|    ent_coef        | 0.0581   |
|    ent_coef_loss   | -0.0243  |
|    learning_rate   | 0.000409 |
|    n_updates       | 209890   |
---------------------------------
Eval num_timesteps=220000, episode_reward=263.08 +/- 14.12
Episode length: 206.90 +/- 33.20
---------------------------------
| eval/              |          |
|    mean_ep_length  | 207      |
|    mean_reward     | 263      |
| time/              |          |
|    total_timesteps | 220000   |
| train/             |          |
|    actor_loss      | -68      |
|    critic_loss     | 22.6     |
|    ent_coef        | 0.0589   |
|    ent_coef_loss   | 0.24     |
|    learning_rate   | 0.000409 |
|    n_updates       | 209999   |
---------------------------------
---------------------------------
| rollout/           |          |
|    ep_len_mean     | 217      |
|    ep_rew_mean     | 270      |
| time/              |          |
|    episodes        | 892      |
|    fps             | 233      |
|    time_elapsed    | 943      |
|    total_timesteps | 220673   |
| train/             |          |
|    actor_loss      | -71.2    |
|    critic_loss     | 3.9      |
|    ent_coef        | 0.0596   |
|    ent_coef_loss   | -0.208   |
|    learning_rate   | 0.000408 |
|    n_updates       | 210672   |
---------------------------------
---------------------------------
| rollout/           |          |
|    ep_len_mean     | 217      |
|    ep_rew_mean     | 269      |
| time/              |          |
|    episodes        | 896      |
|    fps             | 233      |
|    time_elapsed    | 947      |
|    total_timesteps | 221515   |
| train/             |          |
|    actor_loss      | -69.6    |
|    critic_loss     | 13.7     |
|    ent_coef        | 0.0599   |
|    ent_coef_loss   | -0.33    |
|    learning_rate   | 0.000407 |
|    n_updates       | 211514   |
---------------------------------
---------------------------------
| rollout/           |          |
|    ep_len_mean     | 216      |
|    ep_rew_mean     | 270      |
| time/              |          |
|    episodes        | 900      |
|    fps             | 233      |
|    time_elapsed    | 951      |
|    total_timesteps | 222301   |
| train/             |          |
|    actor_loss      | -67.5    |
|    critic_loss     | 9.77     |
|    ent_coef        | 0.0575   |
|    ent_coef_loss   | 0.049    |
|    learning_rate   | 0.000405 |
|    n_updates       | 212300   |
---------------------------------
---------------------------------
| rollout/           |          |
|    ep_len_mean     | 218      |
|    ep_rew_mean     | 270      |
| time/              |          |
|    episodes        | 904      |
|    fps             | 233      |
|    time_elapsed    | 956      |
|    total_timesteps | 223397   |
| train/             |          |
|    actor_loss      | -67.3    |
|    critic_loss     | 3.9      |
|    ent_coef        | 0.0591   |
|    ent_coef_loss   | -0.255   |
|    learning_rate   | 0.000404 |
|    n_updates       | 213396   |
---------------------------------
---------------------------------
| rollout/           |          |
|    ep_len_mean     | 218      |
|    ep_rew_mean     | 270      |
| time/              |          |
|    episodes        | 908      |
|    fps             | 233      |
|    time_elapsed    | 960      |
|    total_timesteps | 224239   |
| train/             |          |
|    actor_loss      | -69.4    |
|    critic_loss     | 5.62     |
|    ent_coef        | 0.0592   |
|    ent_coef_loss   | 0.46     |
|    learning_rate   | 0.000403 |
|    n_updates       | 214238   |
---------------------------------
---------------------------------
| rollout/           |          |
|    ep_len_mean     | 220      |
|    ep_rew_mean     | 269      |
| time/              |          |
|    episodes        | 912      |
|    fps             | 233      |
|    time_elapsed    | 965      |
|    total_timesteps | 225162   |
| train/             |          |
|    actor_loss      | -70.8    |
|    critic_loss     | 2.07     |
|    ent_coef        | 0.0587   |
|    ent_coef_loss   | 0.25     |
|    learning_rate   | 0.000401 |
|    n_updates       | 215161   |
---------------------------------
---------------------------------
| rollout/           |          |
|    ep_len_mean     | 220      |
|    ep_rew_mean     | 266      |
| time/              |          |
|    episodes        | 916      |
|    fps             | 233      |
|    time_elapsed    | 969      |
|    total_timesteps | 225997   |
| train/             |          |
|    actor_loss      | -72.2    |
|    critic_loss     | 3.4      |
|    ent_coef        | 0.0586   |
|    ent_coef_loss   | -0.878   |
|    learning_rate   | 0.0004   |
|    n_updates       | 215996   |
---------------------------------
---------------------------------
| rollout/           |          |
|    ep_len_mean     | 218      |
|    ep_rew_mean     | 264      |
| time/              |          |
|    episodes        | 920      |
|    fps             | 233      |
|    time_elapsed    | 973      |
|    total_timesteps | 226734   |
| train/             |          |
|    actor_loss      | -69.2    |
|    critic_loss     | 6.86     |
|    ent_coef        | 0.0568   |
|    ent_coef_loss   | -0.071   |
|    learning_rate   | 0.000399 |
|    n_updates       | 216733   |
---------------------------------
---------------------------------
| rollout/           |          |
|    ep_len_mean     | 217      |
|    ep_rew_mean     | 264      |
| time/              |          |
|    episodes        | 924      |
|    fps             | 232      |
|    time_elapsed    | 976      |
|    total_timesteps | 227470   |
| train/             |          |
|    actor_loss      | -69.6    |
|    critic_loss     | 12.1     |
|    ent_coef        | 0.0585   |
|    ent_coef_loss   | 0.168    |
|    learning_rate   | 0.000398 |
|    n_updates       | 217469   |
---------------------------------
---------------------------------
| rollout/           |          |
|    ep_len_mean     | 218      |
|    ep_rew_mean     | 264      |
| time/              |          |
|    episodes        | 928      |
|    fps             | 232      |
|    time_elapsed    | 980      |
|    total_timesteps | 228335   |
| train/             |          |
|    actor_loss      | -68.5    |
|    critic_loss     | 4.96     |
|    ent_coef        | 0.057    |
|    ent_coef_loss   | -0.573   |
|    learning_rate   | 0.000397 |
|    n_updates       | 218334   |
---------------------------------
---------------------------------
| rollout/           |          |
|    ep_len_mean     | 215      |
|    ep_rew_mean     | 264      |
| time/              |          |
|    episodes        | 932      |
|    fps             | 232      |
|    time_elapsed    | 984      |
|    total_timesteps | 229161   |
| train/             |          |
|    actor_loss      | -69.5    |
|    critic_loss     | 2.53     |
|    ent_coef        | 0.0591   |
|    ent_coef_loss   | 0.226    |
|    learning_rate   | 0.000395 |
|    n_updates       | 219160   |
---------------------------------
Eval num_timesteps=230000, episode_reward=245.55 +/- 64.92
Episode length: 236.70 +/- 109.44
---------------------------------
| eval/              |          |
|    mean_ep_length  | 237      |
|    mean_reward     | 246      |
| time/              |          |
|    total_timesteps | 230000   |
| train/             |          |
|    actor_loss      | -71.1    |
|    critic_loss     | 14.4     |
|    ent_coef        | 0.0583   |
|    ent_coef_loss   | -0.375   |
|    learning_rate   | 0.000394 |
|    n_updates       | 219999   |
---------------------------------
---------------------------------
| rollout/           |          |
|    ep_len_mean     | 213      |
|    ep_rew_mean     | 264      |
| time/              |          |
|    episodes        | 936      |
|    fps             | 232      |
|    time_elapsed    | 989      |
|    total_timesteps | 230051   |
| train/             |          |
|    actor_loss      | -71.3    |
|    critic_loss     | 6.6      |
|    ent_coef        | 0.058    |
|    ent_coef_loss   | 0.17     |
|    learning_rate   | 0.000394 |
|    n_updates       | 220050   |
---------------------------------
---------------------------------
| rollout/           |          |
|    ep_len_mean     | 212      |
|    ep_rew_mean     | 265      |
| time/              |          |
|    episodes        | 940      |
|    fps             | 232      |
|    time_elapsed    | 993      |
|    total_timesteps | 230801   |
| train/             |          |
|    actor_loss      | -71.9    |
|    critic_loss     | 2.61     |
|    ent_coef        | 0.0581   |
|    ent_coef_loss   | -0.597   |
|    learning_rate   | 0.000393 |
|    n_updates       | 220800   |
---------------------------------
---------------------------------
| rollout/           |          |
|    ep_len_mean     | 212      |
|    ep_rew_mean     | 265      |
| time/              |          |
|    episodes        | 944      |
|    fps             | 232      |
|    time_elapsed    | 996      |
|    total_timesteps | 231587   |
| train/             |          |
|    actor_loss      | -73.4    |
|    critic_loss     | 6.57     |
|    ent_coef        | 0.0565   |
|    ent_coef_loss   | 0.217    |
|    learning_rate   | 0.000392 |
|    n_updates       | 221586   |
---------------------------------
---------------------------------
| rollout/           |          |
|    ep_len_mean     | 209      |
|    ep_rew_mean     | 265      |
| time/              |          |
|    episodes        | 948      |
|    fps             | 232      |
|    time_elapsed    | 999      |
|    total_timesteps | 232361   |
| train/             |          |
|    actor_loss      | -71.3    |
|    critic_loss     | 2.3      |
|    ent_coef        | 0.0575   |
|    ent_coef_loss   | 0.0918   |
|    learning_rate   | 0.000391 |
|    n_updates       | 222360   |
---------------------------------
---------------------------------
| rollout/           |          |
|    ep_len_mean     | 210      |
|    ep_rew_mean     | 263      |
| time/              |          |
|    episodes        | 952      |
|    fps             | 232      |
|    time_elapsed    | 1003     |
|    total_timesteps | 233230   |
| train/             |          |
|    actor_loss      | -71.2    |
|    critic_loss     | 6.23     |
|    ent_coef        | 0.0577   |
|    ent_coef_loss   | -0.137   |
|    learning_rate   | 0.000389 |
|    n_updates       | 223229   |
---------------------------------
---------------------------------
| rollout/           |          |
|    ep_len_mean     | 209      |
|    ep_rew_mean     | 264      |
| time/              |          |
|    episodes        | 956      |
|    fps             | 232      |
|    time_elapsed    | 1006     |
|    total_timesteps | 234085   |
| train/             |          |
|    actor_loss      | -69.3    |
|    critic_loss     | 8.3      |
|    ent_coef        | 0.0576   |
|    ent_coef_loss   | 0.552    |
|    learning_rate   | 0.000388 |
|    n_updates       | 224084   |
---------------------------------
---------------------------------
| rollout/           |          |
|    ep_len_mean     | 208      |
|    ep_rew_mean     | 264      |
| time/              |          |
|    episodes        | 960      |
|    fps             | 232      |
|    time_elapsed    | 1009     |
|    total_timesteps | 234826   |
| train/             |          |
|    actor_loss      | -72.3    |
|    critic_loss     | 8.44     |
|    ent_coef        | 0.0583   |
|    ent_coef_loss   | 0.226    |
|    learning_rate   | 0.000387 |
|    n_updates       | 224825   |
---------------------------------
---------------------------------
| rollout/           |          |
|    ep_len_mean     | 209      |
|    ep_rew_mean     | 264      |
| time/              |          |
|    episodes        | 964      |
|    fps             | 232      |
|    time_elapsed    | 1013     |
|    total_timesteps | 235732   |
| train/             |          |
|    actor_loss      | -71.6    |
|    critic_loss     | 2.31     |
|    ent_coef        | 0.0585   |
|    ent_coef_loss   | -0.218   |
|    learning_rate   | 0.000386 |
|    n_updates       | 225731   |
---------------------------------
---------------------------------
| rollout/           |          |
|    ep_len_mean     | 209      |
|    ep_rew_mean     | 265      |
| time/              |          |
|    episodes        | 968      |
|    fps             | 232      |
|    time_elapsed    | 1017     |
|    total_timesteps | 236524   |
| train/             |          |
|    actor_loss      | -70.7    |
|    critic_loss     | 8.81     |
|    ent_coef        | 0.0583   |
|    ent_coef_loss   | 0.311    |
|    learning_rate   | 0.000385 |
|    n_updates       | 226523   |
---------------------------------
---------------------------------
| rollout/           |          |
|    ep_len_mean     | 209      |
|    ep_rew_mean     | 266      |
| time/              |          |
|    episodes        | 972      |
|    fps             | 232      |
|    time_elapsed    | 1021     |
|    total_timesteps | 237491   |
| train/             |          |
|    actor_loss      | -71.5    |
|    critic_loss     | 2.21     |
|    ent_coef        | 0.0578   |
|    ent_coef_loss   | -0.324   |
|    learning_rate   | 0.000383 |
|    n_updates       | 227490   |
---------------------------------
---------------------------------
| rollout/           |          |
|    ep_len_mean     | 211      |
|    ep_rew_mean     | 266      |
| time/              |          |
|    episodes        | 976      |
|    fps             | 232      |
|    time_elapsed    | 1026     |
|    total_timesteps | 238558   |
| train/             |          |
|    actor_loss      | -73.8    |
|    critic_loss     | 12.6     |
|    ent_coef        | 0.0609   |
|    ent_coef_loss   | -0.0467  |
|    learning_rate   | 0.000382 |
|    n_updates       | 228557   |
---------------------------------
---------------------------------
| rollout/           |          |
|    ep_len_mean     | 210      |
|    ep_rew_mean     | 266      |
| time/              |          |
|    episodes        | 980      |
|    fps             | 232      |
|    time_elapsed    | 1030     |
|    total_timesteps | 239302   |
| train/             |          |
|    actor_loss      | -72.2    |
|    critic_loss     | 6.17     |
|    ent_coef        | 0.0595   |
|    ent_coef_loss   | 0.596    |
|    learning_rate   | 0.000381 |
|    n_updates       | 229301   |
---------------------------------
Eval num_timesteps=240000, episode_reward=282.44 +/- 10.90
Episode length: 187.60 +/- 9.64
---------------------------------
| eval/              |          |
|    mean_ep_length  | 188      |
|    mean_reward     | 282      |
| time/              |          |
|    total_timesteps | 240000   |
| train/             |          |
|    actor_loss      | -69.1    |
|    critic_loss     | 8.6      |
|    ent_coef        | 0.0585   |
|    ent_coef_loss   | 0.312    |
|    learning_rate   | 0.00038  |
|    n_updates       | 229999   |
---------------------------------
New best mean reward!
---------------------------------
| rollout/           |          |
|    ep_len_mean     | 210      |
|    ep_rew_mean     | 266      |
| time/              |          |
|    episodes        | 984      |
|    fps             | 232      |
|    time_elapsed    | 1034     |
|    total_timesteps | 240063   |
| train/             |          |
|    actor_loss      | -69.9    |
|    critic_loss     | 4.62     |
|    ent_coef        | 0.0594   |
|    ent_coef_loss   | -0.187   |
|    learning_rate   | 0.00038  |
|    n_updates       | 230062   |
---------------------------------
---------------------------------
| rollout/           |          |
|    ep_len_mean     | 208      |
|    ep_rew_mean     | 266      |
| time/              |          |
|    episodes        | 988      |
|    fps             | 232      |
|    time_elapsed    | 1037     |
|    total_timesteps | 240739   |
| train/             |          |
|    actor_loss      | -70.7    |
|    critic_loss     | 14.6     |
|    ent_coef        | 0.0598   |
|    ent_coef_loss   | 0.152    |
|    learning_rate   | 0.000379 |
|    n_updates       | 230738   |
---------------------------------
---------------------------------
| rollout/           |          |
|    ep_len_mean     | 208      |
|    ep_rew_mean     | 267      |
| time/              |          |
|    episodes        | 992      |
|    fps             | 231      |
|    time_elapsed    | 1041     |
|    total_timesteps | 241495   |
| train/             |          |
|    actor_loss      | -70.7    |
|    critic_loss     | 6.22     |
|    ent_coef        | 0.0582   |
|    ent_coef_loss   | -0.322   |
|    learning_rate   | 0.000377 |
|    n_updates       | 231494   |
---------------------------------
---------------------------------
| rollout/           |          |
|    ep_len_mean     | 208      |
|    ep_rew_mean     | 266      |
| time/              |          |
|    episodes        | 996      |
|    fps             | 231      |
|    time_elapsed    | 1044     |
|    total_timesteps | 242265   |
| train/             |          |
|    actor_loss      | -73.8    |
|    critic_loss     | 5.51     |
|    ent_coef        | 0.0583   |
|    ent_coef_loss   | -0.557   |
|    learning_rate   | 0.000376 |
|    n_updates       | 232264   |
---------------------------------
---------------------------------
| rollout/           |          |
|    ep_len_mean     | 208      |
|    ep_rew_mean     | 267      |
| time/              |          |
|    episodes        | 1000     |
|    fps             | 232      |
|    time_elapsed    | 1047     |
|    total_timesteps | 243071   |
| train/             |          |
|    actor_loss      | -74.3    |
|    critic_loss     | 13.5     |
|    ent_coef        | 0.0588   |
|    ent_coef_loss   | -0.279   |
|    learning_rate   | 0.000375 |
|    n_updates       | 233070   |
---------------------------------
---------------------------------
| rollout/           |          |
|    ep_len_mean     | 204      |
|    ep_rew_mean     | 268      |
| time/              |          |
|    episodes        | 1004     |
|    fps             | 231      |
|    time_elapsed    | 1051     |
|    total_timesteps | 243802   |
| train/             |          |
|    actor_loss      | -72.5    |
|    critic_loss     | 4.21     |
|    ent_coef        | 0.0601   |
|    ent_coef_loss   | 0.384    |
|    learning_rate   | 0.000374 |
|    n_updates       | 233801   |
---------------------------------
---------------------------------
| rollout/           |          |
|    ep_len_mean     | 203      |
|    ep_rew_mean     | 267      |
| time/              |          |
|    episodes        | 1008     |
|    fps             | 231      |
|    time_elapsed    | 1054     |
|    total_timesteps | 244541   |
| train/             |          |
|    actor_loss      | -71.1    |
|    critic_loss     | 10.7     |
|    ent_coef        | 0.0586   |
|    ent_coef_loss   | -0.448   |
|    learning_rate   | 0.000373 |
|    n_updates       | 234540   |
---------------------------------
---------------------------------
| rollout/           |          |
|    ep_len_mean     | 202      |
|    ep_rew_mean     | 267      |
| time/              |          |
|    episodes        | 1012     |
|    fps             | 231      |
|    time_elapsed    | 1058     |
|    total_timesteps | 245320   |
| train/             |          |
|    actor_loss      | -72      |
|    critic_loss     | 2.65     |
|    ent_coef        | 0.0592   |
|    ent_coef_loss   | 0.307    |
|    learning_rate   | 0.000372 |
|    n_updates       | 235319   |
---------------------------------
---------------------------------
| rollout/           |          |
|    ep_len_mean     | 201      |
|    ep_rew_mean     | 270      |
| time/              |          |
|    episodes        | 1016     |
|    fps             | 231      |
|    time_elapsed    | 1062     |
|    total_timesteps | 246109   |
| train/             |          |
|    actor_loss      | -73.6    |
|    critic_loss     | 9.04     |
|    ent_coef        | 0.0566   |
|    ent_coef_loss   | 0.281    |
|    learning_rate   | 0.000371 |
|    n_updates       | 236108   |
---------------------------------
---------------------------------
| rollout/           |          |
|    ep_len_mean     | 201      |
|    ep_rew_mean     | 273      |
| time/              |          |
|    episodes        | 1020     |
|    fps             | 231      |
|    time_elapsed    | 1066     |
|    total_timesteps | 246874   |
| train/             |          |
|    actor_loss      | -72      |
|    critic_loss     | 3.74     |
|    ent_coef        | 0.0574   |
|    ent_coef_loss   | 0.343    |
|    learning_rate   | 0.00037  |
|    n_updates       | 236873   |
---------------------------------
---------------------------------
| rollout/           |          |
|    ep_len_mean     | 202      |
|    ep_rew_mean     | 274      |
| time/              |          |
|    episodes        | 1024     |
|    fps             | 231      |
|    time_elapsed    | 1070     |
|    total_timesteps | 247713   |
| train/             |          |
|    actor_loss      | -73.8    |
|    critic_loss     | 4.39     |
|    ent_coef        | 0.0575   |
|    ent_coef_loss   | -0.398   |
|    learning_rate   | 0.000368 |
|    n_updates       | 237712   |
---------------------------------
---------------------------------
| rollout/           |          |
|    ep_len_mean     | 202      |
|    ep_rew_mean     | 275      |
| time/              |          |
|    episodes        | 1028     |
|    fps             | 231      |
|    time_elapsed    | 1074     |
|    total_timesteps | 248580   |
| train/             |          |
|    actor_loss      | -72.6    |
|    critic_loss     | 2.42     |
|    ent_coef        | 0.0566   |
|    ent_coef_loss   | -0.0783  |
|    learning_rate   | 0.000367 |
|    n_updates       | 238579   |
---------------------------------
---------------------------------
| rollout/           |          |
|    ep_len_mean     | 202      |
|    ep_rew_mean     | 274      |
| time/              |          |
|    episodes        | 1032     |
|    fps             | 231      |
|    time_elapsed    | 1077     |
|    total_timesteps | 249390   |
| train/             |          |
|    actor_loss      | -72      |
|    critic_loss     | 4.21     |
|    ent_coef        | 0.0589   |
|    ent_coef_loss   | 0.324    |
|    learning_rate   | 0.000366 |
|    n_updates       | 239389   |
---------------------------------
Eval num_timesteps=250000, episode_reward=278.45 +/- 14.31
Episode length: 206.80 +/- 13.80
---------------------------------
| eval/              |          |
|    mean_ep_length  | 207      |
|    mean_reward     | 278      |
| time/              |          |
|    total_timesteps | 250000   |
| train/             |          |
|    actor_loss      | -74.4    |
|    critic_loss     | 1.61     |
|    ent_coef        | 0.0563   |
|    ent_coef_loss   | -0.37    |
|    learning_rate   | 0.000365 |
|    n_updates       | 239999   |
---------------------------------
---------------------------------
| rollout/           |          |
|    ep_len_mean     | 202      |
|    ep_rew_mean     | 274      |
| time/              |          |
|    episodes        | 1036     |
|    fps             | 231      |
|    time_elapsed    | 1082     |
|    total_timesteps | 250249   |
| train/             |          |
|    actor_loss      | -71.3    |
|    critic_loss     | 12.3     |
|    ent_coef        | 0.0564   |
|    ent_coef_loss   | 0.0744   |
|    learning_rate   | 0.000365 |
|    n_updates       | 240248   |
---------------------------------
---------------------------------
| rollout/           |          |
|    ep_len_mean     | 202      |
|    ep_rew_mean     | 273      |
| time/              |          |
|    episodes        | 1040     |
|    fps             | 231      |
|    time_elapsed    | 1086     |
|    total_timesteps | 250990   |
| train/             |          |
|    actor_loss      | -71.6    |
|    critic_loss     | 3.67     |
|    ent_coef        | 0.0576   |
|    ent_coef_loss   | 0.017    |
|    learning_rate   | 0.000364 |
|    n_updates       | 240989   |
---------------------------------
---------------------------------
| rollout/           |          |
|    ep_len_mean     | 201      |
|    ep_rew_mean     | 273      |
| time/              |          |
|    episodes        | 1044     |
|    fps             | 230      |
|    time_elapsed    | 1089     |
|    total_timesteps | 251735   |
| train/             |          |
|    actor_loss      | -75      |
|    critic_loss     | 5.17     |
|    ent_coef        | 0.0573   |
|    ent_coef_loss   | -0.652   |
|    learning_rate   | 0.000362 |
|    n_updates       | 241734   |
---------------------------------
---------------------------------
| rollout/           |          |
|    ep_len_mean     | 202      |
|    ep_rew_mean     | 273      |
| time/              |          |
|    episodes        | 1048     |
|    fps             | 230      |
|    time_elapsed    | 1093     |
|    total_timesteps | 252563   |
| train/             |          |
|    actor_loss      | -69.6    |
|    critic_loss     | 9.68     |
|    ent_coef        | 0.0558   |
|    ent_coef_loss   | -0.221   |
|    learning_rate   | 0.000361 |
|    n_updates       | 242562   |
---------------------------------
---------------------------------
| rollout/           |          |
|    ep_len_mean     | 201      |
|    ep_rew_mean     | 275      |
| time/              |          |
|    episodes        | 1052     |
|    fps             | 230      |
|    time_elapsed    | 1097     |
|    total_timesteps | 253371   |
| train/             |          |
|    actor_loss      | -71.6    |
|    critic_loss     | 10.1     |
|    ent_coef        | 0.0562   |
|    ent_coef_loss   | -0.113   |
|    learning_rate   | 0.00036  |
|    n_updates       | 243370   |
---------------------------------
---------------------------------
| rollout/           |          |
|    ep_len_mean     | 200      |
|    ep_rew_mean     | 275      |
| time/              |          |
|    episodes        | 1056     |
|    fps             | 230      |
|    time_elapsed    | 1101     |
|    total_timesteps | 254128   |
| train/             |          |
|    actor_loss      | -76.2    |
|    critic_loss     | 9.24     |
|    ent_coef        | 0.0563   |
|    ent_coef_loss   | -0.154   |
|    learning_rate   | 0.000359 |
|    n_updates       | 244127   |
---------------------------------
---------------------------------
| rollout/           |          |
|    ep_len_mean     | 200      |
|    ep_rew_mean     | 275      |
| time/              |          |
|    episodes        | 1060     |
|    fps             | 230      |
|    time_elapsed    | 1104     |
|    total_timesteps | 254864   |
| train/             |          |
|    actor_loss      | -74.7    |
|    critic_loss     | 4.95     |
|    ent_coef        | 0.0569   |
|    ent_coef_loss   | -0.194   |
|    learning_rate   | 0.000358 |
|    n_updates       | 244863   |
---------------------------------
---------------------------------
| rollout/           |          |
|    ep_len_mean     | 199      |
|    ep_rew_mean     | 276      |
| time/              |          |
|    episodes        | 1064     |
|    fps             | 230      |
|    time_elapsed    | 1107     |
|    total_timesteps | 255598   |
| train/             |          |
|    actor_loss      | -71.6    |
|    critic_loss     | 10.6     |
|    ent_coef        | 0.057    |
|    ent_coef_loss   | 0.0305   |
|    learning_rate   | 0.000357 |
|    n_updates       | 245597   |
---------------------------------
---------------------------------
| rollout/           |          |
|    ep_len_mean     | 198      |
|    ep_rew_mean     | 275      |
| time/              |          |
|    episodes        | 1068     |
|    fps             | 230      |
|    time_elapsed    | 1110     |
|    total_timesteps | 256346   |
| train/             |          |
|    actor_loss      | -75.6    |
|    critic_loss     | 2.13     |
|    ent_coef        | 0.0575   |
|    ent_coef_loss   | -0.173   |
|    learning_rate   | 0.000356 |
|    n_updates       | 246345   |
---------------------------------
---------------------------------
| rollout/           |          |
|    ep_len_mean     | 197      |
|    ep_rew_mean     | 276      |
| time/              |          |
|    episodes        | 1072     |
|    fps             | 230      |
|    time_elapsed    | 1114     |
|    total_timesteps | 257146   |
| train/             |          |
|    actor_loss      | -71.6    |
|    critic_loss     | 9.28     |
|    ent_coef        | 0.0586   |
|    ent_coef_loss   | -0.409   |
|    learning_rate   | 0.000355 |
|    n_updates       | 247145   |
---------------------------------
---------------------------------
| rollout/           |          |
|    ep_len_mean     | 194      |
|    ep_rew_mean     | 277      |
| time/              |          |
|    episodes        | 1076     |
|    fps             | 230      |
|    time_elapsed    | 1118     |
|    total_timesteps | 257969   |
| train/             |          |
|    actor_loss      | -73.9    |
|    critic_loss     | 5.49     |
|    ent_coef        | 0.0541   |
|    ent_coef_loss   | -0.00615 |
|    learning_rate   | 0.000353 |
|    n_updates       | 247968   |
---------------------------------
---------------------------------
| rollout/           |          |
|    ep_len_mean     | 198      |
|    ep_rew_mean     | 277      |
| time/              |          |
|    episodes        | 1080     |
|    fps             | 230      |
|    time_elapsed    | 1123     |
|    total_timesteps | 259064   |
| train/             |          |
|    actor_loss      | -75.9    |
|    critic_loss     | 4.35     |
|    ent_coef        | 0.055    |
|    ent_coef_loss   | -0.298   |
|    learning_rate   | 0.000352 |
|    n_updates       | 249063   |
---------------------------------
---------------------------------
| rollout/           |          |
|    ep_len_mean     | 197      |
|    ep_rew_mean     | 276      |
| time/              |          |
|    episodes        | 1084     |
|    fps             | 230      |
|    time_elapsed    | 1126     |
|    total_timesteps | 259752   |
| train/             |          |
|    actor_loss      | -73.2    |
|    critic_loss     | 6.31     |
|    ent_coef        | 0.0563   |
|    ent_coef_loss   | 0.0533   |
|    learning_rate   | 0.000351 |
|    n_updates       | 249751   |
---------------------------------
Eval num_timesteps=260000, episode_reward=274.37 +/- 19.05
Episode length: 218.30 +/- 63.89
---------------------------------
| eval/              |          |
|    mean_ep_length  | 218      |
|    mean_reward     | 274      |
| time/              |          |
|    total_timesteps | 260000   |
| train/             |          |
|    actor_loss      | -74.4    |
|    critic_loss     | 1.93     |
|    ent_coef        | 0.055    |
|    ent_coef_loss   | 0.203    |
|    learning_rate   | 0.00035  |
|    n_updates       | 249999   |
---------------------------------
---------------------------------
| rollout/           |          |
|    ep_len_mean     | 199      |
|    ep_rew_mean     | 276      |
| time/              |          |
|    episodes        | 1088     |
|    fps             | 230      |
|    time_elapsed    | 1131     |
|    total_timesteps | 260606   |
| train/             |          |
|    actor_loss      | -71.6    |
|    critic_loss     | 10.1     |
|    ent_coef        | 0.0544   |
|    ent_coef_loss   | 0.0407   |
|    learning_rate   | 0.00035  |
|    n_updates       | 250605   |
---------------------------------
---------------------------------
| rollout/           |          |
|    ep_len_mean     | 199      |
|    ep_rew_mean     | 275      |
| time/              |          |
|    episodes        | 1092     |
|    fps             | 230      |
|    time_elapsed    | 1135     |
|    total_timesteps | 261399   |
| train/             |          |
|    actor_loss      | -77      |
|    critic_loss     | 4.25     |
|    ent_coef        | 0.0534   |
|    ent_coef_loss   | -0.841   |
|    learning_rate   | 0.000348 |
|    n_updates       | 251398   |
---------------------------------
---------------------------------
| rollout/           |          |
|    ep_len_mean     | 201      |
|    ep_rew_mean     | 276      |
| time/              |          |
|    episodes        | 1096     |
|    fps             | 230      |
|    time_elapsed    | 1140     |
|    total_timesteps | 262390   |
| train/             |          |
|    actor_loss      | -72.7    |
|    critic_loss     | 3.43     |
|    ent_coef        | 0.054    |
|    ent_coef_loss   | -0.341   |
|    learning_rate   | 0.000347 |
|    n_updates       | 252389   |
---------------------------------
---------------------------------
| rollout/           |          |
|    ep_len_mean     | 201      |
|    ep_rew_mean     | 276      |
| time/              |          |
|    episodes        | 1100     |
|    fps             | 230      |
|    time_elapsed    | 1144     |
|    total_timesteps | 263174   |
| train/             |          |
|    actor_loss      | -72.8    |
|    critic_loss     | 10.5     |
|    ent_coef        | 0.0555   |
|    ent_coef_loss   | -0.151   |
|    learning_rate   | 0.000346 |
|    n_updates       | 253173   |
---------------------------------
---------------------------------
| rollout/           |          |
|    ep_len_mean     | 201      |
|    ep_rew_mean     | 276      |
| time/              |          |
|    episodes        | 1104     |
|    fps             | 229      |
|    time_elapsed    | 1147     |
|    total_timesteps | 263928   |
| train/             |          |
|    actor_loss      | -76      |
|    critic_loss     | 2.01     |
|    ent_coef        | 0.0554   |
|    ent_coef_loss   | 0.563    |
|    learning_rate   | 0.000345 |
|    n_updates       | 253927   |
---------------------------------
---------------------------------
| rollout/           |          |
|    ep_len_mean     | 201      |
|    ep_rew_mean     | 276      |
| time/              |          |
|    episodes        | 1108     |
|    fps             | 229      |
|    time_elapsed    | 1151     |
|    total_timesteps | 264660   |
| train/             |          |
|    actor_loss      | -75.7    |
|    critic_loss     | 30.5     |
|    ent_coef        | 0.0553   |
|    ent_coef_loss   | 0.128    |
|    learning_rate   | 0.000344 |
|    n_updates       | 254659   |
---------------------------------
---------------------------------
| rollout/           |          |
|    ep_len_mean     | 201      |
|    ep_rew_mean     | 277      |
| time/              |          |
|    episodes        | 1112     |
|    fps             | 229      |
|    time_elapsed    | 1154     |
|    total_timesteps | 265389   |
| train/             |          |
|    actor_loss      | -75.7    |
|    critic_loss     | 1.32     |
|    ent_coef        | 0.0537   |
|    ent_coef_loss   | -0.246   |
|    learning_rate   | 0.000343 |
|    n_updates       | 255388   |
---------------------------------
---------------------------------
| rollout/           |          |
|    ep_len_mean     | 201      |
|    ep_rew_mean     | 278      |
| time/              |          |
|    episodes        | 1116     |
|    fps             | 229      |
|    time_elapsed    | 1158     |
|    total_timesteps | 266200   |
| train/             |          |
|    actor_loss      | -77.1    |
|    critic_loss     | 4.46     |
|    ent_coef        | 0.0558   |
|    ent_coef_loss   | 0.18     |
|    learning_rate   | 0.000341 |
|    n_updates       | 256199   |
---------------------------------
---------------------------------
| rollout/           |          |
|    ep_len_mean     | 201      |
|    ep_rew_mean     | 278      |
| time/              |          |
|    episodes        | 1120     |
|    fps             | 229      |
|    time_elapsed    | 1161     |
|    total_timesteps | 266944   |
| train/             |          |
|    actor_loss      | -75.3    |
|    critic_loss     | 4.12     |
|    ent_coef        | 0.0542   |
|    ent_coef_loss   | -0.168   |
|    learning_rate   | 0.00034  |
|    n_updates       | 256943   |
---------------------------------
---------------------------------
| rollout/           |          |
|    ep_len_mean     | 201      |
|    ep_rew_mean     | 277      |
| time/              |          |
|    episodes        | 1124     |
|    fps             | 229      |
|    time_elapsed    | 1165     |
|    total_timesteps | 267801   |
| train/             |          |
|    actor_loss      | -73.9    |
|    critic_loss     | 5.98     |
|    ent_coef        | 0.0541   |
|    ent_coef_loss   | 0.138    |
|    learning_rate   | 0.000339 |
|    n_updates       | 257800   |
---------------------------------
---------------------------------
| rollout/           |          |
|    ep_len_mean     | 204      |
|    ep_rew_mean     | 277      |
| time/              |          |
|    episodes        | 1128     |
|    fps             | 229      |
|    time_elapsed    | 1170     |
|    total_timesteps | 269000   |
| train/             |          |
|    actor_loss      | -71.8    |
|    critic_loss     | 6.15     |
|    ent_coef        | 0.0566   |
|    ent_coef_loss   | 0.722    |
|    learning_rate   | 0.000337 |
|    n_updates       | 258999   |
---------------------------------
---------------------------------
| rollout/           |          |
|    ep_len_mean     | 204      |
|    ep_rew_mean     | 277      |
| time/              |          |
|    episodes        | 1132     |
|    fps             | 229      |
|    time_elapsed    | 1173     |
|    total_timesteps | 269759   |
| train/             |          |
|    actor_loss      | -73.8    |
|    critic_loss     | 13.2     |
|    ent_coef        | 0.0569   |
|    ent_coef_loss   | 0.426    |
|    learning_rate   | 0.000336 |
|    n_updates       | 259758   |
---------------------------------
Eval num_timesteps=270000, episode_reward=274.69 +/- 17.88
Episode length: 199.50 +/- 12.94
---------------------------------
| eval/              |          |
|    mean_ep_length  | 200      |
|    mean_reward     | 275      |
| time/              |          |
|    total_timesteps | 270000   |
| train/             |          |
|    actor_loss      | -74.6    |
|    critic_loss     | 16.9     |
|    ent_coef        | 0.0578   |
|    ent_coef_loss   | 0.373    |
|    learning_rate   | 0.000336 |
|    n_updates       | 259999   |
---------------------------------
---------------------------------
| rollout/           |          |
|    ep_len_mean     | 203      |
|    ep_rew_mean     | 278      |
| time/              |          |
|    episodes        | 1136     |
|    fps             | 229      |
|    time_elapsed    | 1177     |
|    total_timesteps | 270513   |
| train/             |          |
|    actor_loss      | -78.3    |
|    critic_loss     | 5.53     |
|    ent_coef        | 0.0577   |
|    ent_coef_loss   | -0.387   |
|    learning_rate   | 0.000335 |
|    n_updates       | 260512   |
---------------------------------
---------------------------------
| rollout/           |          |
|    ep_len_mean     | 204      |
|    ep_rew_mean     | 279      |
| time/              |          |
|    episodes        | 1140     |
|    fps             | 229      |
|    time_elapsed    | 1180     |
|    total_timesteps | 271360   |
| train/             |          |
|    actor_loss      | -73.1    |
|    critic_loss     | 6.97     |
|    ent_coef        | 0.0546   |
|    ent_coef_loss   | 0.621    |
|    learning_rate   | 0.000334 |
|    n_updates       | 261359   |
---------------------------------
---------------------------------
| rollout/           |          |
|    ep_len_mean     | 204      |
|    ep_rew_mean     | 280      |
| time/              |          |
|    episodes        | 1144     |
|    fps             | 229      |
|    time_elapsed    | 1184     |
|    total_timesteps | 272146   |
| train/             |          |
|    actor_loss      | -75.5    |
|    critic_loss     | 14.3     |
|    ent_coef        | 0.0561   |
|    ent_coef_loss   | -0.193   |
|    learning_rate   | 0.000333 |
|    n_updates       | 262145   |
---------------------------------
---------------------------------
| rollout/           |          |
|    ep_len_mean     | 204      |
|    ep_rew_mean     | 280      |
| time/              |          |
|    episodes        | 1148     |
|    fps             | 229      |
|    time_elapsed    | 1187     |
|    total_timesteps | 272989   |
| train/             |          |
|    actor_loss      | -73.4    |
|    critic_loss     | 14       |
|    ent_coef        | 0.0555   |
|    ent_coef_loss   | -0.136   |
|    learning_rate   | 0.000331 |
|    n_updates       | 262988   |
---------------------------------
---------------------------------
| rollout/           |          |
|    ep_len_mean     | 204      |
|    ep_rew_mean     | 280      |
| time/              |          |
|    episodes        | 1152     |
|    fps             | 229      |
|    time_elapsed    | 1191     |
|    total_timesteps | 273784   |
| train/             |          |
|    actor_loss      | -72.8    |
|    critic_loss     | 10.1     |
|    ent_coef        | 0.0538   |
|    ent_coef_loss   | 0.233    |
|    learning_rate   | 0.00033  |
|    n_updates       | 263783   |
---------------------------------
---------------------------------
| rollout/           |          |
|    ep_len_mean     | 204      |
|    ep_rew_mean     | 280      |
| time/              |          |
|    episodes        | 1156     |
|    fps             | 229      |
|    time_elapsed    | 1194     |
|    total_timesteps | 274576   |
| train/             |          |
|    actor_loss      | -71.3    |
|    critic_loss     | 2.89     |
|    ent_coef        | 0.0536   |
|    ent_coef_loss   | 0.532    |
|    learning_rate   | 0.000329 |
|    n_updates       | 264575   |
---------------------------------
---------------------------------
| rollout/           |          |
|    ep_len_mean     | 204      |
|    ep_rew_mean     | 280      |
| time/              |          |
|    episodes        | 1160     |
|    fps             | 229      |
|    time_elapsed    | 1197     |
|    total_timesteps | 275295   |
| train/             |          |
|    actor_loss      | -75.5    |
|    critic_loss     | 1.36     |
|    ent_coef        | 0.0528   |
|    ent_coef_loss   | -0.535   |
|    learning_rate   | 0.000328 |
|    n_updates       | 265294   |
---------------------------------
---------------------------------
| rollout/           |          |
|    ep_len_mean     | 205      |
|    ep_rew_mean     | 280      |
| time/              |          |
|    episodes        | 1164     |
|    fps             | 229      |
|    time_elapsed    | 1200     |
|    total_timesteps | 276081   |
| train/             |          |
|    actor_loss      | -73.5    |
|    critic_loss     | 5.5      |
|    ent_coef        | 0.0542   |
|    ent_coef_loss   | 0.277    |
|    learning_rate   | 0.000327 |
|    n_updates       | 266080   |
---------------------------------
---------------------------------
| rollout/           |          |
|    ep_len_mean     | 205      |
|    ep_rew_mean     | 280      |
| time/              |          |
|    episodes        | 1168     |
|    fps             | 229      |
|    time_elapsed    | 1203     |
|    total_timesteps | 276827   |
| train/             |          |
|    actor_loss      | -78.2    |
|    critic_loss     | 10.4     |
|    ent_coef        | 0.0545   |
|    ent_coef_loss   | -0.389   |
|    learning_rate   | 0.000326 |
|    n_updates       | 266826   |
---------------------------------
---------------------------------
| rollout/           |          |
|    ep_len_mean     | 205      |
|    ep_rew_mean     | 279      |
| time/              |          |
|    episodes        | 1172     |
|    fps             | 229      |
|    time_elapsed    | 1207     |
|    total_timesteps | 277672   |
| train/             |          |
|    actor_loss      | -77      |
|    critic_loss     | 4.05     |
|    ent_coef        | 0.0556   |
|    ent_coef_loss   | -0.098   |
|    learning_rate   | 0.000325 |
|    n_updates       | 267671   |
---------------------------------
---------------------------------
| rollout/           |          |
|    ep_len_mean     | 206      |
|    ep_rew_mean     | 278      |
| time/              |          |
|    episodes        | 1176     |
|    fps             | 230      |
|    time_elapsed    | 1210     |
|    total_timesteps | 278525   |
| train/             |          |
|    actor_loss      | -75.4    |
|    critic_loss     | 11.6     |
|    ent_coef        | 0.0551   |
|    ent_coef_loss   | 0.00588  |
|    learning_rate   | 0.000323 |
|    n_updates       | 268524   |
---------------------------------
---------------------------------
| rollout/           |          |
|    ep_len_mean     | 201      |
|    ep_rew_mean     | 279      |
| time/              |          |
|    episodes        | 1180     |
|    fps             | 230      |
|    time_elapsed    | 1213     |
|    total_timesteps | 279183   |
| train/             |          |
|    actor_loss      | -73.3    |
|    critic_loss     | 9.88     |
|    ent_coef        | 0.0558   |
|    ent_coef_loss   | 0.277    |
|    learning_rate   | 0.000322 |
|    n_updates       | 269182   |
---------------------------------
---------------------------------
| rollout/           |          |
|    ep_len_mean     | 202      |
|    ep_rew_mean     | 279      |
| time/              |          |
|    episodes        | 1184     |
|    fps             | 230      |
|    time_elapsed    | 1216     |
|    total_timesteps | 279916   |
| train/             |          |
|    actor_loss      | -75.4    |
|    critic_loss     | 3.08     |
|    ent_coef        | 0.0553   |
|    ent_coef_loss   | -0.378   |
|    learning_rate   | 0.000321 |
|    n_updates       | 269915   |
---------------------------------
Eval num_timesteps=280000, episode_reward=263.60 +/- 13.17
Episode length: 226.20 +/- 63.28
---------------------------------
| eval/              |          |
|    mean_ep_length  | 226      |
|    mean_reward     | 264      |
| time/              |          |
|    total_timesteps | 280000   |
| train/             |          |
|    actor_loss      | -75.8    |
|    critic_loss     | 2.78     |
|    ent_coef        | 0.055    |
|    ent_coef_loss   | -0.397   |
|    learning_rate   | 0.000321 |
|    n_updates       | 269999   |
---------------------------------
---------------------------------
| rollout/           |          |
|    ep_len_mean     | 201      |
|    ep_rew_mean     | 280      |
| time/              |          |
|    episodes        | 1188     |
|    fps             | 229      |
|    time_elapsed    | 1220     |
|    total_timesteps | 280672   |
| train/             |          |
|    actor_loss      | -74.1    |
|    critic_loss     | 5.71     |
|    ent_coef        | 0.0545   |
|    ent_coef_loss   | 0.467    |
|    learning_rate   | 0.00032  |
|    n_updates       | 270671   |
---------------------------------
---------------------------------
| rollout/           |          |
|    ep_len_mean     | 201      |
|    ep_rew_mean     | 280      |
| time/              |          |
|    episodes        | 1192     |
|    fps             | 229      |
|    time_elapsed    | 1224     |
|    total_timesteps | 281478   |
| train/             |          |
|    actor_loss      | -76.4    |
|    critic_loss     | 1.47     |
|    ent_coef        | 0.058    |
|    ent_coef_loss   | 0.322    |
|    learning_rate   | 0.000319 |
|    n_updates       | 271477   |
---------------------------------
---------------------------------
| rollout/           |          |
|    ep_len_mean     | 200      |
|    ep_rew_mean     | 279      |
| time/              |          |
|    episodes        | 1196     |
|    fps             | 229      |
|    time_elapsed    | 1227     |
|    total_timesteps | 282368   |
| train/             |          |
|    actor_loss      | -73.5    |
|    critic_loss     | 5.57     |
|    ent_coef        | 0.0554   |
|    ent_coef_loss   | 0.38     |
|    learning_rate   | 0.000318 |
|    n_updates       | 272367   |
---------------------------------
---------------------------------
| rollout/           |          |
|    ep_len_mean     | 199      |
|    ep_rew_mean     | 279      |
| time/              |          |
|    episodes        | 1200     |
|    fps             | 229      |
|    time_elapsed    | 1230     |
|    total_timesteps | 283094   |
| train/             |          |
|    actor_loss      | -78.1    |
|    critic_loss     | 5.64     |
|    ent_coef        | 0.0559   |
|    ent_coef_loss   | -0.542   |
|    learning_rate   | 0.000317 |
|    n_updates       | 273093   |
---------------------------------
---------------------------------
| rollout/           |          |
|    ep_len_mean     | 200      |
|    ep_rew_mean     | 279      |
| time/              |          |
|    episodes        | 1204     |
|    fps             | 229      |
|    time_elapsed    | 1234     |
|    total_timesteps | 283932   |
| train/             |          |
|    actor_loss      | -77.2    |
|    critic_loss     | 9.28     |
|    ent_coef        | 0.0538   |
|    ent_coef_loss   | 0.0312   |
|    learning_rate   | 0.000315 |
|    n_updates       | 273931   |
---------------------------------
---------------------------------
| rollout/           |          |
|    ep_len_mean     | 202      |
|    ep_rew_mean     | 278      |
| time/              |          |
|    episodes        | 1208     |
|    fps             | 229      |
|    time_elapsed    | 1239     |
|    total_timesteps | 284908   |
| train/             |          |
|    actor_loss      | -78.2    |
|    critic_loss     | 8.75     |
|    ent_coef        | 0.0542   |
|    ent_coef_loss   | -0.297   |
|    learning_rate   | 0.000314 |
|    n_updates       | 274907   |
---------------------------------
---------------------------------
| rollout/           |          |
|    ep_len_mean     | 203      |
|    ep_rew_mean     | 279      |
| time/              |          |
|    episodes        | 1212     |
|    fps             | 229      |
|    time_elapsed    | 1243     |
|    total_timesteps | 285661   |
| train/             |          |
|    actor_loss      | -75.3    |
|    critic_loss     | 8.08     |
|    ent_coef        | 0.0544   |
|    ent_coef_loss   | 0.182    |
|    learning_rate   | 0.000313 |
|    n_updates       | 275660   |
---------------------------------
---------------------------------
| rollout/           |          |
|    ep_len_mean     | 205      |
|    ep_rew_mean     | 277      |
| time/              |          |
|    episodes        | 1216     |
|    fps             | 229      |
|    time_elapsed    | 1247     |
|    total_timesteps | 286738   |
| train/             |          |
|    actor_loss      | -77.5    |
|    critic_loss     | 5.32     |
|    ent_coef        | 0.0531   |
|    ent_coef_loss   | -0.434   |
|    learning_rate   | 0.000311 |
|    n_updates       | 276737   |
---------------------------------
---------------------------------
| rollout/           |          |
|    ep_len_mean     | 205      |
|    ep_rew_mean     | 276      |
| time/              |          |
|    episodes        | 1220     |
|    fps             | 229      |
|    time_elapsed    | 1251     |
|    total_timesteps | 287481   |
| train/             |          |
|    actor_loss      | -77.1    |
|    critic_loss     | 7.04     |
|    ent_coef        | 0.0548   |
|    ent_coef_loss   | -0.237   |
|    learning_rate   | 0.00031  |
|    n_updates       | 277480   |
---------------------------------
---------------------------------
| rollout/           |          |
|    ep_len_mean     | 204      |
|    ep_rew_mean     | 275      |
| time/              |          |
|    episodes        | 1224     |
|    fps             | 229      |
|    time_elapsed    | 1254     |
|    total_timesteps | 288222   |
| train/             |          |
|    actor_loss      | -77.1    |
|    critic_loss     | 7.04     |
|    ent_coef        | 0.0542   |
|    ent_coef_loss   | -0.122   |
|    learning_rate   | 0.000309 |
|    n_updates       | 278221   |
---------------------------------
---------------------------------
| rollout/           |          |
|    ep_len_mean     | 200      |
|    ep_rew_mean     | 275      |
| time/              |          |
|    episodes        | 1228     |
|    fps             | 229      |
|    time_elapsed    | 1257     |
|    total_timesteps | 288970   |
| train/             |          |
|    actor_loss      | -75      |
|    critic_loss     | 6.55     |
|    ent_coef        | 0.0534   |
|    ent_coef_loss   | -0.27    |
|    learning_rate   | 0.000308 |
|    n_updates       | 278969   |
---------------------------------
---------------------------------
| rollout/           |          |
|    ep_len_mean     | 200      |
|    ep_rew_mean     | 274      |
| time/              |          |
|    episodes        | 1232     |
|    fps             | 229      |
|    time_elapsed    | 1260     |
|    total_timesteps | 289767   |
| train/             |          |
|    actor_loss      | -73.5    |
|    critic_loss     | 1.72     |
|    ent_coef        | 0.0533   |
|    ent_coef_loss   | 0.311    |
|    learning_rate   | 0.000307 |
|    n_updates       | 279766   |
---------------------------------
Eval num_timesteps=290000, episode_reward=276.58 +/- 24.68
Episode length: 200.70 +/- 21.72
---------------------------------
| eval/              |          |
|    mean_ep_length  | 201      |
|    mean_reward     | 277      |
| time/              |          |
|    total_timesteps | 290000   |
| train/             |          |
|    actor_loss      | -73.1    |
|    critic_loss     | 3.63     |
|    ent_coef        | 0.0539   |
|    ent_coef_loss   | 0.416    |
|    learning_rate   | 0.000307 |
|    n_updates       | 279999   |
---------------------------------
---------------------------------
| rollout/           |          |
|    ep_len_mean     | 200      |
|    ep_rew_mean     | 273      |
| time/              |          |
|    episodes        | 1236     |
|    fps             | 229      |
|    time_elapsed    | 1264     |
|    total_timesteps | 290491   |
| train/             |          |
|    actor_loss      | -77.7    |
|    critic_loss     | 4.91     |
|    ent_coef        | 0.0549   |
|    ent_coef_loss   | 0.176    |
|    learning_rate   | 0.000306 |
|    n_updates       | 280490   |
---------------------------------
---------------------------------
| rollout/           |          |
|    ep_len_mean     | 199      |
|    ep_rew_mean     | 272      |
| time/              |          |
|    episodes        | 1240     |
|    fps             | 229      |
|    time_elapsed    | 1267     |
|    total_timesteps | 291271   |
| train/             |          |
|    actor_loss      | -76.1    |
|    critic_loss     | 9.71     |
|    ent_coef        | 0.0548   |
|    ent_coef_loss   | 0.173    |
|    learning_rate   | 0.000305 |
|    n_updates       | 281270   |
---------------------------------
---------------------------------
| rollout/           |          |
|    ep_len_mean     | 198      |
|    ep_rew_mean     | 271      |
| time/              |          |
|    episodes        | 1244     |
|    fps             | 229      |
|    time_elapsed    | 1270     |
|    total_timesteps | 291954   |
| train/             |          |
|    actor_loss      | -78.2    |
|    critic_loss     | 4.69     |
|    ent_coef        | 0.0562   |
|    ent_coef_loss   | -0.989   |
|    learning_rate   | 0.000304 |
|    n_updates       | 281953   |
---------------------------------
---------------------------------
| rollout/           |          |
|    ep_len_mean     | 197      |
|    ep_rew_mean     | 271      |
| time/              |          |
|    episodes        | 1248     |
|    fps             | 229      |
|    time_elapsed    | 1274     |
|    total_timesteps | 292737   |
| train/             |          |
|    actor_loss      | -76.7    |
|    critic_loss     | 8.14     |
|    ent_coef        | 0.0554   |
|    ent_coef_loss   | -0.355   |
|    learning_rate   | 0.000303 |
|    n_updates       | 282736   |
---------------------------------
---------------------------------
| rollout/           |          |
|    ep_len_mean     | 197      |
|    ep_rew_mean     | 271      |
| time/              |          |
|    episodes        | 1252     |
|    fps             | 229      |
|    time_elapsed    | 1277     |
|    total_timesteps | 293446   |
| train/             |          |
|    actor_loss      | -75.1    |
|    critic_loss     | 6.96     |
|    ent_coef        | 0.0558   |
|    ent_coef_loss   | 1.19     |
|    learning_rate   | 0.000302 |
|    n_updates       | 283445   |
---------------------------------
---------------------------------
| rollout/           |          |
|    ep_len_mean     | 196      |
|    ep_rew_mean     | 270      |
| time/              |          |
|    episodes        | 1256     |
|    fps             | 229      |
|    time_elapsed    | 1280     |
|    total_timesteps | 294226   |
| train/             |          |
|    actor_loss      | -76      |
|    critic_loss     | 4.48     |
|    ent_coef        | 0.0584   |
|    ent_coef_loss   | -0.137   |
|    learning_rate   | 0.0003   |
|    n_updates       | 284225   |
---------------------------------
---------------------------------
| rollout/           |          |
|    ep_len_mean     | 198      |
|    ep_rew_mean     | 266      |
| time/              |          |
|    episodes        | 1260     |
|    fps             | 229      |
|    time_elapsed    | 1284     |
|    total_timesteps | 295086   |
| train/             |          |
|    actor_loss      | -77.9    |
|    critic_loss     | 9.26     |
|    ent_coef        | 0.0566   |
|    ent_coef_loss   | -0.641   |
|    learning_rate   | 0.000299 |
|    n_updates       | 285085   |
---------------------------------
---------------------------------
| rollout/           |          |
|    ep_len_mean     | 198      |
|    ep_rew_mean     | 266      |
| time/              |          |
|    episodes        | 1264     |
|    fps             | 229      |
|    time_elapsed    | 1287     |
|    total_timesteps | 295880   |
| train/             |          |
|    actor_loss      | -77.8    |
|    critic_loss     | 6.03     |
|    ent_coef        | 0.0565   |
|    ent_coef_loss   | -0.75    |
|    learning_rate   | 0.000298 |
|    n_updates       | 285879   |
---------------------------------
---------------------------------
| rollout/           |          |
|    ep_len_mean     | 198      |
|    ep_rew_mean     | 263      |
| time/              |          |
|    episodes        | 1268     |
|    fps             | 229      |
|    time_elapsed    | 1290     |
|    total_timesteps | 296620   |
| train/             |          |
|    actor_loss      | -76.9    |
|    critic_loss     | 3.35     |
|    ent_coef        | 0.057    |
|    ent_coef_loss   | -0.191   |
|    learning_rate   | 0.000297 |
|    n_updates       | 286619   |
---------------------------------
---------------------------------
| rollout/           |          |
|    ep_len_mean     | 198      |
|    ep_rew_mean     | 264      |
| time/              |          |
|    episodes        | 1272     |
|    fps             | 229      |
|    time_elapsed    | 1294     |
|    total_timesteps | 297488   |
| train/             |          |
|    actor_loss      | -77.8    |
|    critic_loss     | 6.74     |
|    ent_coef        | 0.0553   |
|    ent_coef_loss   | -0.176   |
|    learning_rate   | 0.000296 |
|    n_updates       | 287487   |
---------------------------------
---------------------------------
| rollout/           |          |
|    ep_len_mean     | 198      |
|    ep_rew_mean     | 265      |
| time/              |          |
|    episodes        | 1276     |
|    fps             | 229      |
|    time_elapsed    | 1297     |
|    total_timesteps | 298294   |
| train/             |          |
|    actor_loss      | -75.2    |
|    critic_loss     | 5.02     |
|    ent_coef        | 0.0552   |
|    ent_coef_loss   | 0.048    |
|    learning_rate   | 0.000294 |
|    n_updates       | 288293   |
---------------------------------
---------------------------------
| rollout/           |          |
|    ep_len_mean     | 198      |
|    ep_rew_mean     | 264      |
| time/              |          |
|    episodes        | 1280     |
|    fps             | 229      |
|    time_elapsed    | 1300     |
|    total_timesteps | 299021   |
| train/             |          |
|    actor_loss      | -76.1    |
|    critic_loss     | 10.9     |
|    ent_coef        | 0.0546   |
|    ent_coef_loss   | -0.00112 |
|    learning_rate   | 0.000293 |
|    n_updates       | 289020   |
---------------------------------
---------------------------------
| rollout/           |          |
|    ep_len_mean     | 200      |
|    ep_rew_mean     | 265      |
| time/              |          |
|    episodes        | 1284     |
|    fps             | 229      |
|    time_elapsed    | 1304     |
|    total_timesteps | 299889   |
| train/             |          |
|    actor_loss      | -76      |
|    critic_loss     | 5.52     |
|    ent_coef        | 0.0544   |
|    ent_coef_loss   | -0.0319  |
|    learning_rate   | 0.000292 |
|    n_updates       | 289888   |
---------------------------------
Eval num_timesteps=300000, episode_reward=279.63 +/- 19.73
Episode length: 269.60 +/- 162.82
---------------------------------
| eval/              |          |
|    mean_ep_length  | 270      |
|    mean_reward     | 280      |
| time/              |          |
|    total_timesteps | 300000   |
| train/             |          |
|    actor_loss      | -79.6    |
|    critic_loss     | 6.54     |
|    ent_coef        | 0.0544   |
|    ent_coef_loss   | 0.129    |
|    learning_rate   | 0.000292 |
|    n_updates       | 289999   |
---------------------------------
---------------------------------
| rollout/           |          |
|    ep_len_mean     | 199      |
|    ep_rew_mean     | 266      |
| time/              |          |
|    episodes        | 1288     |
|    fps             | 229      |
|    time_elapsed    | 1308     |
|    total_timesteps | 300586   |
| train/             |          |
|    actor_loss      | -73.1    |
|    critic_loss     | 8.24     |
|    ent_coef        | 0.0536   |
|    ent_coef_loss   | 0.738    |
|    learning_rate   | 0.000291 |
|    n_updates       | 290585   |
---------------------------------
---------------------------------
| rollout/           |          |
|    ep_len_mean     | 198      |
|    ep_rew_mean     | 266      |
| time/              |          |
|    episodes        | 1292     |
|    fps             | 229      |
|    time_elapsed    | 1311     |
|    total_timesteps | 301302   |
| train/             |          |
|    actor_loss      | -79.5    |
|    critic_loss     | 5.33     |
|    ent_coef        | 0.0532   |
|    ent_coef_loss   | 0.0282   |
|    learning_rate   | 0.00029  |
|    n_updates       | 291301   |
---------------------------------
---------------------------------
| rollout/           |          |
|    ep_len_mean     | 197      |
|    ep_rew_mean     | 267      |
| time/              |          |
|    episodes        | 1296     |
|    fps             | 229      |
|    time_elapsed    | 1314     |
|    total_timesteps | 302098   |
| train/             |          |
|    actor_loss      | -77.6    |
|    critic_loss     | 3.52     |
|    ent_coef        | 0.0535   |
|    ent_coef_loss   | 0.102    |
|    learning_rate   | 0.000289 |
|    n_updates       | 292097   |
---------------------------------
---------------------------------
| rollout/           |          |
|    ep_len_mean     | 198      |
|    ep_rew_mean     | 267      |
| time/              |          |
|    episodes        | 1300     |
|    fps             | 229      |
|    time_elapsed    | 1317     |
|    total_timesteps | 302859   |
| train/             |          |
|    actor_loss      | -79.5    |
|    critic_loss     | 7.41     |
|    ent_coef        | 0.054    |
|    ent_coef_loss   | -0.477   |
|    learning_rate   | 0.000288 |
|    n_updates       | 292858   |
---------------------------------
---------------------------------
| rollout/           |          |
|    ep_len_mean     | 196      |
|    ep_rew_mean     | 267      |
| time/              |          |
|    episodes        | 1304     |
|    fps             | 229      |
|    time_elapsed    | 1320     |
|    total_timesteps | 303566   |
| train/             |          |
|    actor_loss      | -75.5    |
|    critic_loss     | 5.1      |
|    ent_coef        | 0.0542   |
|    ent_coef_loss   | -0.455   |
|    learning_rate   | 0.000287 |
|    n_updates       | 293565   |
---------------------------------
---------------------------------
| rollout/           |          |
|    ep_len_mean     | 195      |
|    ep_rew_mean     | 268      |
| time/              |          |
|    episodes        | 1308     |
|    fps             | 229      |
|    time_elapsed    | 1324     |
|    total_timesteps | 304391   |
| train/             |          |
|    actor_loss      | -76.9    |
|    critic_loss     | 3.53     |
|    ent_coef        | 0.0525   |
|    ent_coef_loss   | 0.462    |
|    learning_rate   | 0.000286 |
|    n_updates       | 294390   |
---------------------------------
---------------------------------
| rollout/           |          |
|    ep_len_mean     | 195      |
|    ep_rew_mean     | 267      |
| time/              |          |
|    episodes        | 1312     |
|    fps             | 229      |
|    time_elapsed    | 1327     |
|    total_timesteps | 305154   |
| train/             |          |
|    actor_loss      | -79.5    |
|    critic_loss     | 3.64     |
|    ent_coef        | 0.0546   |
|    ent_coef_loss   | 0.139    |
|    learning_rate   | 0.000284 |
|    n_updates       | 295153   |
---------------------------------
---------------------------------
| rollout/           |          |
|    ep_len_mean     | 194      |
|    ep_rew_mean     | 268      |
| time/              |          |
|    episodes        | 1316     |
|    fps             | 229      |
|    time_elapsed    | 1331     |
|    total_timesteps | 306134   |
| train/             |          |
|    actor_loss      | -77.9    |
|    critic_loss     | 4.47     |
|    ent_coef        | 0.0558   |
|    ent_coef_loss   | -0.363   |
|    learning_rate   | 0.000283 |
|    n_updates       | 296133   |
---------------------------------
---------------------------------
| rollout/           |          |
|    ep_len_mean     | 195      |
|    ep_rew_mean     | 268      |
| time/              |          |
|    episodes        | 1320     |
|    fps             | 229      |
|    time_elapsed    | 1334     |
|    total_timesteps | 306948   |
| train/             |          |
|    actor_loss      | -78.6    |
|    critic_loss     | 2.8      |
|    ent_coef        | 0.0541   |
|    ent_coef_loss   | -0.97    |
|    learning_rate   | 0.000282 |
|    n_updates       | 296947   |
---------------------------------
---------------------------------
| rollout/           |          |
|    ep_len_mean     | 194      |
|    ep_rew_mean     | 268      |
| time/              |          |
|    episodes        | 1324     |
|    fps             | 229      |
|    time_elapsed    | 1337     |
|    total_timesteps | 307658   |
| train/             |          |
|    actor_loss      | -78      |
|    critic_loss     | 7.64     |
|    ent_coef        | 0.0527   |
|    ent_coef_loss   | 0.433    |
|    learning_rate   | 0.000281 |
|    n_updates       | 297657   |
---------------------------------
---------------------------------
| rollout/           |          |
|    ep_len_mean     | 198      |
|    ep_rew_mean     | 269      |
| time/              |          |
|    episodes        | 1328     |
|    fps             | 229      |
|    time_elapsed    | 1342     |
|    total_timesteps | 308764   |
| train/             |          |
|    actor_loss      | -77.2    |
|    critic_loss     | 11.2     |
|    ent_coef        | 0.0532   |
|    ent_coef_loss   | -0.193   |
|    learning_rate   | 0.000279 |
|    n_updates       | 298763   |
---------------------------------
---------------------------------
| rollout/           |          |
|    ep_len_mean     | 198      |
|    ep_rew_mean     | 270      |
| time/              |          |
|    episodes        | 1332     |
|    fps             | 229      |
|    time_elapsed    | 1345     |
|    total_timesteps | 309540   |
| train/             |          |
|    actor_loss      | -79.3    |
|    critic_loss     | 4.14     |
|    ent_coef        | 0.0532   |
|    ent_coef_loss   | 0.145    |
|    learning_rate   | 0.000278 |
|    n_updates       | 299539   |
---------------------------------
Eval num_timesteps=310000, episode_reward=289.50 +/- 20.33
Episode length: 191.90 +/- 18.86
---------------------------------
| eval/              |          |
|    mean_ep_length  | 192      |
|    mean_reward     | 290      |
| time/              |          |
|    total_timesteps | 310000   |
| train/             |          |
|    actor_loss      | -76.4    |
|    critic_loss     | 6.31     |
|    ent_coef        | 0.0537   |
|    ent_coef_loss   | -0.146   |
|    learning_rate   | 0.000277 |
|    n_updates       | 299999   |
---------------------------------
New best mean reward!
---------------------------------
| rollout/           |          |
|    ep_len_mean     | 198      |
|    ep_rew_mean     | 270      |
| time/              |          |
|    episodes        | 1336     |
|    fps             | 229      |
|    time_elapsed    | 1349     |
|    total_timesteps | 310262   |
| train/             |          |
|    actor_loss      | -77      |
|    critic_loss     | 4.29     |
|    ent_coef        | 0.0535   |
|    ent_coef_loss   | 0.415    |
|    learning_rate   | 0.000277 |
|    n_updates       | 300261   |
---------------------------------
---------------------------------
| rollout/           |          |
|    ep_len_mean     | 197      |
|    ep_rew_mean     | 270      |
| time/              |          |
|    episodes        | 1340     |
|    fps             | 229      |
|    time_elapsed    | 1352     |
|    total_timesteps | 311018   |
| train/             |          |
|    actor_loss      | -77.4    |
|    critic_loss     | 5.81     |
|    ent_coef        | 0.0536   |
|    ent_coef_loss   | -0.151   |
|    learning_rate   | 0.000276 |
|    n_updates       | 301017   |
---------------------------------
---------------------------------
| rollout/           |          |
|    ep_len_mean     | 199      |
|    ep_rew_mean     | 271      |
| time/              |          |
|    episodes        | 1344     |
|    fps             | 229      |
|    time_elapsed    | 1356     |
|    total_timesteps | 311830   |
| train/             |          |
|    actor_loss      | -74.5    |
|    critic_loss     | 6.32     |
|    ent_coef        | 0.0559   |
|    ent_coef_loss   | 0.154    |
|    learning_rate   | 0.000275 |
|    n_updates       | 301829   |
---------------------------------
---------------------------------
| rollout/           |          |
|    ep_len_mean     | 198      |
|    ep_rew_mean     | 271      |
| time/              |          |
|    episodes        | 1348     |
|    fps             | 229      |
|    time_elapsed    | 1359     |
|    total_timesteps | 312579   |
| train/             |          |
|    actor_loss      | -73.4    |
|    critic_loss     | 2.36     |
|    ent_coef        | 0.0536   |
|    ent_coef_loss   | 0.742    |
|    learning_rate   | 0.000274 |
|    n_updates       | 302578   |
---------------------------------
---------------------------------
| rollout/           |          |
|    ep_len_mean     | 199      |
|    ep_rew_mean     | 271      |
| time/              |          |
|    episodes        | 1352     |
|    fps             | 229      |
|    time_elapsed    | 1362     |
|    total_timesteps | 313329   |
| train/             |          |
|    actor_loss      | -75.8    |
|    critic_loss     | 7.29     |
|    ent_coef        | 0.0548   |
|    ent_coef_loss   | 0.188    |
|    learning_rate   | 0.000273 |
|    n_updates       | 303328   |
---------------------------------
---------------------------------
| rollout/           |          |
|    ep_len_mean     | 198      |
|    ep_rew_mean     | 271      |
| time/              |          |
|    episodes        | 1356     |
|    fps             | 229      |
|    time_elapsed    | 1365     |
|    total_timesteps | 314049   |
| train/             |          |
|    actor_loss      | -75      |
|    critic_loss     | 9.53     |
|    ent_coef        | 0.0548   |
|    ent_coef_loss   | 0.392    |
|    learning_rate   | 0.000271 |
|    n_updates       | 304048   |
---------------------------------
---------------------------------
| rollout/           |          |
|    ep_len_mean     | 197      |
|    ep_rew_mean     | 276      |
| time/              |          |
|    episodes        | 1360     |
|    fps             | 230      |
|    time_elapsed    | 1368     |
|    total_timesteps | 314767   |
| train/             |          |
|    actor_loss      | -76.1    |
|    critic_loss     | 6.81     |
|    ent_coef        | 0.0553   |
|    ent_coef_loss   | 0.194    |
|    learning_rate   | 0.00027  |
|    n_updates       | 304766   |
---------------------------------
---------------------------------
| rollout/           |          |
|    ep_len_mean     | 196      |
|    ep_rew_mean     | 276      |
| time/              |          |
|    episodes        | 1364     |
|    fps             | 230      |
|    time_elapsed    | 1371     |
|    total_timesteps | 315506   |
| train/             |          |
|    actor_loss      | -78.9    |
|    critic_loss     | 1.83     |
|    ent_coef        | 0.0551   |
|    ent_coef_loss   | -0.376   |
|    learning_rate   | 0.000269 |
|    n_updates       | 305505   |
---------------------------------
---------------------------------
| rollout/           |          |
|    ep_len_mean     | 196      |
|    ep_rew_mean     | 276      |
| time/              |          |
|    episodes        | 1368     |
|    fps             | 230      |
|    time_elapsed    | 1374     |
|    total_timesteps | 316188   |
| train/             |          |
|    actor_loss      | -76.7    |
|    critic_loss     | 4.9      |
|    ent_coef        | 0.0547   |
|    ent_coef_loss   | 0.127    |
|    learning_rate   | 0.000268 |
|    n_updates       | 306187   |
---------------------------------
---------------------------------
| rollout/           |          |
|    ep_len_mean     | 194      |
|    ep_rew_mean     | 276      |
| time/              |          |
|    episodes        | 1372     |
|    fps             | 230      |
|    time_elapsed    | 1377     |
|    total_timesteps | 316860   |
| train/             |          |
|    actor_loss      | -77.2    |
|    critic_loss     | 7.02     |
|    ent_coef        | 0.0539   |
|    ent_coef_loss   | -0.136   |
|    learning_rate   | 0.000267 |
|    n_updates       | 306859   |
---------------------------------
---------------------------------
| rollout/           |          |
|    ep_len_mean     | 193      |
|    ep_rew_mean     | 275      |
| time/              |          |
|    episodes        | 1376     |
|    fps             | 230      |
|    time_elapsed    | 1380     |
|    total_timesteps | 317559   |
| train/             |          |
|    actor_loss      | -79.3    |
|    critic_loss     | 2.3      |
|    ent_coef        | 0.0554   |
|    ent_coef_loss   | -0.16    |
|    learning_rate   | 0.000266 |
|    n_updates       | 307558   |
---------------------------------
---------------------------------
| rollout/           |          |
|    ep_len_mean     | 193      |
|    ep_rew_mean     | 275      |
| time/              |          |
|    episodes        | 1380     |
|    fps             | 230      |
|    time_elapsed    | 1383     |
|    total_timesteps | 318308   |
| train/             |          |
|    actor_loss      | -78.9    |
|    critic_loss     | 4.68     |
|    ent_coef        | 0.0553   |
|    ent_coef_loss   | 0.246    |
|    learning_rate   | 0.000265 |
|    n_updates       | 308307   |
---------------------------------
---------------------------------
| rollout/           |          |
|    ep_len_mean     | 192      |
|    ep_rew_mean     | 274      |
| time/              |          |
|    episodes        | 1384     |
|    fps             | 230      |
|    time_elapsed    | 1386     |
|    total_timesteps | 319060   |
| train/             |          |
|    actor_loss      | -76.6    |
|    critic_loss     | 2.44     |
|    ent_coef        | 0.0563   |
|    ent_coef_loss   | 0.608    |
|    learning_rate   | 0.000264 |
|    n_updates       | 309059   |
---------------------------------
---------------------------------
| rollout/           |          |
|    ep_len_mean     | 192      |
|    ep_rew_mean     | 274      |
| time/              |          |
|    episodes        | 1388     |
|    fps             | 230      |
|    time_elapsed    | 1389     |
|    total_timesteps | 319785   |
| train/             |          |
|    actor_loss      | -76.6    |
|    critic_loss     | 5.48     |
|    ent_coef        | 0.056    |
|    ent_coef_loss   | -0.271   |
|    learning_rate   | 0.000263 |
|    n_updates       | 309784   |
---------------------------------
Eval num_timesteps=320000, episode_reward=277.47 +/- 13.84
Episode length: 198.10 +/- 28.24
---------------------------------
| eval/              |          |
|    mean_ep_length  | 198      |
|    mean_reward     | 277      |
| time/              |          |
|    total_timesteps | 320000   |
| train/             |          |
|    actor_loss      | -75.4    |
|    critic_loss     | 3.18     |
|    ent_coef        | 0.0562   |
|    ent_coef_loss   | 0.246    |
|    learning_rate   | 0.000263 |
|    n_updates       | 309999   |
---------------------------------
---------------------------------
| rollout/           |          |
|    ep_len_mean     | 193      |
|    ep_rew_mean     | 275      |
| time/              |          |
|    episodes        | 1392     |
|    fps             | 230      |
|    time_elapsed    | 1393     |
|    total_timesteps | 320553   |
| train/             |          |
|    actor_loss      | -76.9    |
|    critic_loss     | 4.45     |
|    ent_coef        | 0.0547   |
|    ent_coef_loss   | 0.0655   |
|    learning_rate   | 0.000262 |
|    n_updates       | 310552   |
---------------------------------
---------------------------------
| rollout/           |          |
|    ep_len_mean     | 192      |
|    ep_rew_mean     | 274      |
| time/              |          |
|    episodes        | 1396     |
|    fps             | 230      |
|    time_elapsed    | 1396     |
|    total_timesteps | 321341   |
| train/             |          |
|    actor_loss      | -75.9    |
|    critic_loss     | 3.01     |
|    ent_coef        | 0.0552   |
|    ent_coef_loss   | 0.187    |
|    learning_rate   | 0.000261 |
|    n_updates       | 311340   |
---------------------------------
---------------------------------
| rollout/           |          |
|    ep_len_mean     | 192      |
|    ep_rew_mean     | 274      |
| time/              |          |
|    episodes        | 1400     |
|    fps             | 230      |
|    time_elapsed    | 1399     |
|    total_timesteps | 322105   |
| train/             |          |
|    actor_loss      | -77.9    |
|    critic_loss     | 3.79     |
|    ent_coef        | 0.0561   |
|    ent_coef_loss   | -0.509   |
|    learning_rate   | 0.00026  |
|    n_updates       | 312104   |
---------------------------------
---------------------------------
| rollout/           |          |
|    ep_len_mean     | 193      |
|    ep_rew_mean     | 274      |
| time/              |          |
|    episodes        | 1404     |
|    fps             | 230      |
|    time_elapsed    | 1403     |
|    total_timesteps | 322862   |
| train/             |          |
|    actor_loss      | -76.4    |
|    critic_loss     | 1.84     |
|    ent_coef        | 0.0555   |
|    ent_coef_loss   | -0.239   |
|    learning_rate   | 0.000259 |
|    n_updates       | 312861   |
---------------------------------
---------------------------------
| rollout/           |          |
|    ep_len_mean     | 192      |
|    ep_rew_mean     | 272      |
| time/              |          |
|    episodes        | 1408     |
|    fps             | 230      |
|    time_elapsed    | 1406     |
|    total_timesteps | 323572   |
| train/             |          |
|    actor_loss      | -80.5    |
|    critic_loss     | 2.53     |
|    ent_coef        | 0.0548   |
|    ent_coef_loss   | -0.456   |
|    learning_rate   | 0.000258 |
|    n_updates       | 313571   |
---------------------------------
---------------------------------
| rollout/           |          |
|    ep_len_mean     | 192      |
|    ep_rew_mean     | 274      |
| time/              |          |
|    episodes        | 1412     |
|    fps             | 230      |
|    time_elapsed    | 1409     |
|    total_timesteps | 324397   |
| train/             |          |
|    actor_loss      | -74.7    |
|    critic_loss     | 3.17     |
|    ent_coef        | 0.0547   |
|    ent_coef_loss   | 0.765    |
|    learning_rate   | 0.000256 |
|    n_updates       | 314396   |
---------------------------------
---------------------------------
| rollout/           |          |
|    ep_len_mean     | 194      |
|    ep_rew_mean     | 273      |
| time/              |          |
|    episodes        | 1416     |
|    fps             | 230      |
|    time_elapsed    | 1414     |
|    total_timesteps | 325558   |
| train/             |          |
|    actor_loss      | -79.2    |
|    critic_loss     | 4.11     |
|    ent_coef        | 0.0558   |
|    ent_coef_loss   | -0.218   |
|    learning_rate   | 0.000255 |
|    n_updates       | 315557   |
---------------------------------
---------------------------------
| rollout/           |          |
|    ep_len_mean     | 193      |
|    ep_rew_mean     | 274      |
| time/              |          |
|    episodes        | 1420     |
|    fps             | 230      |
|    time_elapsed    | 1417     |
|    total_timesteps | 326294   |
| train/             |          |
|    actor_loss      | -74.3    |
|    critic_loss     | 7.4      |
|    ent_coef        | 0.0546   |
|    ent_coef_loss   | 0.131    |
|    learning_rate   | 0.000254 |
|    n_updates       | 316293   |
---------------------------------
---------------------------------
| rollout/           |          |
|    ep_len_mean     | 195      |
|    ep_rew_mean     | 274      |
| time/              |          |
|    episodes        | 1424     |
|    fps             | 230      |
|    time_elapsed    | 1421     |
|    total_timesteps | 327185   |
| train/             |          |
|    actor_loss      | -79.9    |
|    critic_loss     | 1.52     |
|    ent_coef        | 0.0551   |
|    ent_coef_loss   | -0.523   |
|    learning_rate   | 0.000252 |
|    n_updates       | 317184   |
---------------------------------
---------------------------------
| rollout/           |          |
|    ep_len_mean     | 192      |
|    ep_rew_mean     | 274      |
| time/              |          |
|    episodes        | 1428     |
|    fps             | 230      |
|    time_elapsed    | 1424     |
|    total_timesteps | 327961   |
| train/             |          |
|    actor_loss      | -79      |
|    critic_loss     | 10       |
|    ent_coef        | 0.0554   |
|    ent_coef_loss   | -0.0881  |
|    learning_rate   | 0.000251 |
|    n_updates       | 317960   |
---------------------------------
---------------------------------
| rollout/           |          |
|    ep_len_mean     | 192      |
|    ep_rew_mean     | 275      |
| time/              |          |
|    episodes        | 1432     |
|    fps             | 230      |
|    time_elapsed    | 1428     |
|    total_timesteps | 328776   |
| train/             |          |
|    actor_loss      | -77.4    |
|    critic_loss     | 14.4     |
|    ent_coef        | 0.0564   |
|    ent_coef_loss   | -0.365   |
|    learning_rate   | 0.00025  |
|    n_updates       | 318775   |
---------------------------------
---------------------------------
| rollout/           |          |
|    ep_len_mean     | 192      |
|    ep_rew_mean     | 275      |
| time/              |          |
|    episodes        | 1436     |
|    fps             | 230      |
|    time_elapsed    | 1431     |
|    total_timesteps | 329497   |
| train/             |          |
|    actor_loss      | -80      |
|    critic_loss     | 3.61     |
|    ent_coef        | 0.0569   |
|    ent_coef_loss   | -0.154   |
|    learning_rate   | 0.000249 |
|    n_updates       | 319496   |
---------------------------------
Eval num_timesteps=330000, episode_reward=274.34 +/- 21.20
Episode length: 211.10 +/- 93.15
---------------------------------
| eval/              |          |
|    mean_ep_length  | 211      |
|    mean_reward     | 274      |
| time/              |          |
|    total_timesteps | 330000   |
| train/             |          |
|    actor_loss      | -79.3    |
|    critic_loss     | 3.47     |
|    ent_coef        | 0.0572   |
|    ent_coef_loss   | -0.229   |
|    learning_rate   | 0.000248 |
|    n_updates       | 319999   |
---------------------------------
---------------------------------
| rollout/           |          |
|    ep_len_mean     | 192      |
|    ep_rew_mean     | 275      |
| time/              |          |
|    episodes        | 1440     |
|    fps             | 230      |
|    time_elapsed    | 1434     |
|    total_timesteps | 330220   |
| train/             |          |
|    actor_loss      | -77.6    |
|    critic_loss     | 12.6     |
|    ent_coef        | 0.0566   |
|    ent_coef_loss   | 0.276    |
|    learning_rate   | 0.000248 |
|    n_updates       | 320219   |
---------------------------------
---------------------------------
| rollout/           |          |
|    ep_len_mean     | 191      |
|    ep_rew_mean     | 275      |
| time/              |          |
|    episodes        | 1444     |
|    fps             | 230      |
|    time_elapsed    | 1437     |
|    total_timesteps | 330927   |
| train/             |          |
|    actor_loss      | -76.9    |
|    critic_loss     | 6.79     |
|    ent_coef        | 0.0572   |
|    ent_coef_loss   | 0.0874   |
|    learning_rate   | 0.000247 |
|    n_updates       | 320926   |
---------------------------------
---------------------------------
| rollout/           |          |
|    ep_len_mean     | 191      |
|    ep_rew_mean     | 275      |
| time/              |          |
|    episodes        | 1448     |
|    fps             | 230      |
|    time_elapsed    | 1441     |
|    total_timesteps | 331682   |
| train/             |          |
|    actor_loss      | -80      |
|    critic_loss     | 12.9     |
|    ent_coef        | 0.0571   |
|    ent_coef_loss   | 0.0699   |
|    learning_rate   | 0.000246 |
|    n_updates       | 321681   |
---------------------------------
---------------------------------
| rollout/           |          |
|    ep_len_mean     | 191      |
|    ep_rew_mean     | 276      |
| time/              |          |
|    episodes        | 1452     |
|    fps             | 230      |
|    time_elapsed    | 1443     |
|    total_timesteps | 332380   |
| train/             |          |
|    actor_loss      | -77.2    |
|    critic_loss     | 2.05     |
|    ent_coef        | 0.0562   |
|    ent_coef_loss   | -0.184   |
|    learning_rate   | 0.000245 |
|    n_updates       | 322379   |
---------------------------------
---------------------------------
| rollout/           |          |
|    ep_len_mean     | 191      |
|    ep_rew_mean     | 275      |
| time/              |          |
|    episodes        | 1456     |
|    fps             | 230      |
|    time_elapsed    | 1447     |
|    total_timesteps | 333110   |
| train/             |          |
|    actor_loss      | -77.7    |
|    critic_loss     | 5.09     |
|    ent_coef        | 0.0558   |
|    ent_coef_loss   | 0.095    |
|    learning_rate   | 0.000244 |
|    n_updates       | 323109   |
---------------------------------
---------------------------------
| rollout/           |          |
|    ep_len_mean     | 191      |
|    ep_rew_mean     | 275      |
| time/              |          |
|    episodes        | 1460     |
|    fps             | 230      |
|    time_elapsed    | 1450     |
|    total_timesteps | 333903   |
| train/             |          |
|    actor_loss      | -77.1    |
|    critic_loss     | 2.61     |
|    ent_coef        | 0.0569   |
|    ent_coef_loss   | 0.128    |
|    learning_rate   | 0.000243 |
|    n_updates       | 323902   |
---------------------------------
---------------------------------
| rollout/           |          |
|    ep_len_mean     | 191      |
|    ep_rew_mean     | 275      |
| time/              |          |
|    episodes        | 1464     |
|    fps             | 230      |
|    time_elapsed    | 1453     |
|    total_timesteps | 334631   |
| train/             |          |
|    actor_loss      | -79.5    |
|    critic_loss     | 9.56     |
|    ent_coef        | 0.0559   |
|    ent_coef_loss   | -0.128   |
|    learning_rate   | 0.000241 |
|    n_updates       | 324630   |
---------------------------------
---------------------------------
| rollout/           |          |
|    ep_len_mean     | 197      |
|    ep_rew_mean     | 277      |
| time/              |          |
|    episodes        | 1468     |
|    fps             | 230      |
|    time_elapsed    | 1458     |
|    total_timesteps | 335924   |
| train/             |          |
|    actor_loss      | -75.5    |
|    critic_loss     | 3.02     |
|    ent_coef        | 0.0544   |
|    ent_coef_loss   | 0.125    |
|    learning_rate   | 0.00024  |
|    n_updates       | 325923   |
---------------------------------
---------------------------------
| rollout/           |          |
|    ep_len_mean     | 199      |
|    ep_rew_mean     | 278      |
| time/              |          |
|    episodes        | 1472     |
|    fps             | 230      |
|    time_elapsed    | 1462     |
|    total_timesteps | 336723   |
| train/             |          |
|    actor_loss      | -79.9    |
|    critic_loss     | 6.54     |
|    ent_coef        | 0.0566   |
|    ent_coef_loss   | -0.155   |
|    learning_rate   | 0.000238 |
|    n_updates       | 326722   |
---------------------------------
---------------------------------
| rollout/           |          |
|    ep_len_mean     | 199      |
|    ep_rew_mean     | 276      |
| time/              |          |
|    episodes        | 1476     |
|    fps             | 230      |
|    time_elapsed    | 1465     |
|    total_timesteps | 337426   |
| train/             |          |
|    actor_loss      | -77.8    |
|    critic_loss     | 3.22     |
|    ent_coef        | 0.0565   |
|    ent_coef_loss   | -0.18    |
|    learning_rate   | 0.000237 |
|    n_updates       | 327425   |
---------------------------------
---------------------------------
| rollout/           |          |
|    ep_len_mean     | 199      |
|    ep_rew_mean     | 276      |
| time/              |          |
|    episodes        | 1480     |
|    fps             | 230      |
|    time_elapsed    | 1468     |
|    total_timesteps | 338211   |
| train/             |          |
|    actor_loss      | -73.3    |
|    critic_loss     | 12.8     |
|    ent_coef        | 0.0556   |
|    ent_coef_loss   | 0.084    |
|    learning_rate   | 0.000236 |
|    n_updates       | 328210   |
---------------------------------
---------------------------------
| rollout/           |          |
|    ep_len_mean     | 199      |
|    ep_rew_mean     | 276      |
| time/              |          |
|    episodes        | 1484     |
|    fps             | 230      |
|    time_elapsed    | 1472     |
|    total_timesteps | 339005   |
| train/             |          |
|    actor_loss      | -79.7    |
|    critic_loss     | 0.878    |
|    ent_coef        | 0.0554   |
|    ent_coef_loss   | -0.514   |
|    learning_rate   | 0.000235 |
|    n_updates       | 329004   |
---------------------------------
---------------------------------
| rollout/           |          |
|    ep_len_mean     | 200      |
|    ep_rew_mean     | 275      |
| time/              |          |
|    episodes        | 1488     |
|    fps             | 230      |
|    time_elapsed    | 1475     |
|    total_timesteps | 339787   |
| train/             |          |
|    actor_loss      | -79.5    |
|    critic_loss     | 6.36     |
|    ent_coef        | 0.0559   |
|    ent_coef_loss   | -0.648   |
|    learning_rate   | 0.000234 |
|    n_updates       | 329786   |
---------------------------------
Eval num_timesteps=340000, episode_reward=282.38 +/- 11.30
Episode length: 192.10 +/- 23.27
---------------------------------
| eval/              |          |
|    mean_ep_length  | 192      |
|    mean_reward     | 282      |
| time/              |          |
|    total_timesteps | 340000   |
| train/             |          |
|    actor_loss      | -77.4    |
|    critic_loss     | 2.71     |
|    ent_coef        | 0.0567   |
|    ent_coef_loss   | 0.188    |
|    learning_rate   | 0.000234 |
|    n_updates       | 329999   |
---------------------------------
---------------------------------
| rollout/           |          |
|    ep_len_mean     | 200      |
|    ep_rew_mean     | 274      |
| time/              |          |
|    episodes        | 1492     |
|    fps             | 230      |
|    time_elapsed    | 1480     |
|    total_timesteps | 340576   |
| train/             |          |
|    actor_loss      | -78.2    |
|    critic_loss     | 3.96     |
|    ent_coef        | 0.0557   |
|    ent_coef_loss   | -0.0822  |
|    learning_rate   | 0.000233 |
|    n_updates       | 330575   |
---------------------------------
---------------------------------
| rollout/           |          |
|    ep_len_mean     | 200      |
|    ep_rew_mean     | 274      |
| time/              |          |
|    episodes        | 1496     |
|    fps             | 230      |
|    time_elapsed    | 1483     |
|    total_timesteps | 341294   |
| train/             |          |
|    actor_loss      | -78.9    |
|    critic_loss     | 9.85     |
|    ent_coef        | 0.0558   |
|    ent_coef_loss   | -0.105   |
|    learning_rate   | 0.000232 |
|    n_updates       | 331293   |
---------------------------------
---------------------------------
| rollout/           |          |
|    ep_len_mean     | 199      |
|    ep_rew_mean     | 275      |
| time/              |          |
|    episodes        | 1500     |
|    fps             | 230      |
|    time_elapsed    | 1487     |
|    total_timesteps | 342047   |
| train/             |          |
|    actor_loss      | -79      |
|    critic_loss     | 7.17     |
|    ent_coef        | 0.0562   |
|    ent_coef_loss   | -0.626   |
|    learning_rate   | 0.000231 |
|    n_updates       | 332046   |
---------------------------------
---------------------------------
| rollout/           |          |
|    ep_len_mean     | 199      |
|    ep_rew_mean     | 275      |
| time/              |          |
|    episodes        | 1504     |
|    fps             | 229      |
|    time_elapsed    | 1490     |
|    total_timesteps | 342806   |
| train/             |          |
|    actor_loss      | -79.3    |
|    critic_loss     | 12.9     |
|    ent_coef        | 0.055    |
|    ent_coef_loss   | -0.213   |
|    learning_rate   | 0.00023  |
|    n_updates       | 332805   |
---------------------------------
---------------------------------
| rollout/           |          |
|    ep_len_mean     | 199      |
|    ep_rew_mean     | 276      |
| time/              |          |
|    episodes        | 1508     |
|    fps             | 229      |
|    time_elapsed    | 1494     |
|    total_timesteps | 343502   |
| train/             |          |
|    actor_loss      | -81.1    |
|    critic_loss     | 2.65     |
|    ent_coef        | 0.0545   |
|    ent_coef_loss   | -0.266   |
|    learning_rate   | 0.000228 |
|    n_updates       | 333501   |
---------------------------------
---------------------------------
| rollout/           |          |
|    ep_len_mean     | 199      |
|    ep_rew_mean     | 276      |
| time/              |          |
|    episodes        | 1512     |
|    fps             | 229      |
|    time_elapsed    | 1497     |
|    total_timesteps | 344272   |
| train/             |          |
|    actor_loss      | -78.9    |
|    critic_loss     | 2.5      |
|    ent_coef        | 0.0551   |
|    ent_coef_loss   | 0.414    |
|    learning_rate   | 0.000227 |
|    n_updates       | 334271   |
---------------------------------
---------------------------------
| rollout/           |          |
|    ep_len_mean     | 195      |
|    ep_rew_mean     | 276      |
| time/              |          |
|    episodes        | 1516     |
|    fps             | 229      |
|    time_elapsed    | 1501     |
|    total_timesteps | 345020   |
| train/             |          |
|    actor_loss      | -76.3    |
|    critic_loss     | 2.39     |
|    ent_coef        | 0.0548   |
|    ent_coef_loss   | -0.244   |
|    learning_rate   | 0.000226 |
|    n_updates       | 335019   |
---------------------------------
---------------------------------
| rollout/           |          |
|    ep_len_mean     | 196      |
|    ep_rew_mean     | 276      |
| time/              |          |
|    episodes        | 1520     |
|    fps             | 229      |
|    time_elapsed    | 1505     |
|    total_timesteps | 345881   |
| train/             |          |
|    actor_loss      | -79.8    |
|    critic_loss     | 1.03     |
|    ent_coef        | 0.0549   |
|    ent_coef_loss   | -0.11    |
|    learning_rate   | 0.000225 |
|    n_updates       | 335880   |
---------------------------------
---------------------------------
| rollout/           |          |
|    ep_len_mean     | 195      |
|    ep_rew_mean     | 276      |
| time/              |          |
|    episodes        | 1524     |
|    fps             | 229      |
|    time_elapsed    | 1509     |
|    total_timesteps | 346684   |
| train/             |          |
|    actor_loss      | -81.1    |
|    critic_loss     | 2.07     |
|    ent_coef        | 0.0559   |
|    ent_coef_loss   | -0.34    |
|    learning_rate   | 0.000224 |
|    n_updates       | 336683   |
---------------------------------
---------------------------------
| rollout/           |          |
|    ep_len_mean     | 195      |
|    ep_rew_mean     | 275      |
| time/              |          |
|    episodes        | 1528     |
|    fps             | 229      |
|    time_elapsed    | 1513     |
|    total_timesteps | 347438   |
| train/             |          |
|    actor_loss      | -80.2    |
|    critic_loss     | 1.54     |
|    ent_coef        | 0.0561   |
|    ent_coef_loss   | -0.231   |
|    learning_rate   | 0.000223 |
|    n_updates       | 337437   |
---------------------------------
---------------------------------
| rollout/           |          |
|    ep_len_mean     | 194      |
|    ep_rew_mean     | 274      |
| time/              |          |
|    episodes        | 1532     |
|    fps             | 229      |
|    time_elapsed    | 1517     |
|    total_timesteps | 348205   |
| train/             |          |
|    actor_loss      | -78.1    |
|    critic_loss     | 59.7     |
|    ent_coef        | 0.0539   |
|    ent_coef_loss   | -0.0177  |
|    learning_rate   | 0.000222 |
|    n_updates       | 338204   |
---------------------------------
---------------------------------
| rollout/           |          |
|    ep_len_mean     | 195      |
|    ep_rew_mean     | 274      |
| time/              |          |
|    episodes        | 1536     |
|    fps             | 229      |
|    time_elapsed    | 1520     |
|    total_timesteps | 348997   |
| train/             |          |
|    actor_loss      | -80.6    |
|    critic_loss     | 3.84     |
|    ent_coef        | 0.0561   |
|    ent_coef_loss   | 0.196    |
|    learning_rate   | 0.00022  |
|    n_updates       | 338996   |
---------------------------------
---------------------------------
| rollout/           |          |
|    ep_len_mean     | 195      |
|    ep_rew_mean     | 274      |
| time/              |          |
|    episodes        | 1540     |
|    fps             | 229      |
|    time_elapsed    | 1524     |
|    total_timesteps | 349704   |
| train/             |          |
|    actor_loss      | -80.7    |
|    critic_loss     | 3.7      |
|    ent_coef        | 0.0538   |
|    ent_coef_loss   | -0.392   |
|    learning_rate   | 0.000219 |
|    n_updates       | 339703   |
---------------------------------
Eval num_timesteps=350000, episode_reward=270.47 +/- 21.45
Episode length: 184.30 +/- 17.25
---------------------------------
| eval/              |          |
|    mean_ep_length  | 184      |
|    mean_reward     | 270      |
| time/              |          |
|    total_timesteps | 350000   |
| train/             |          |
|    actor_loss      | -75.4    |
|    critic_loss     | 5.85     |
|    ent_coef        | 0.0537   |
|    ent_coef_loss   | 0.579    |
|    learning_rate   | 0.000219 |
|    n_updates       | 339999   |
---------------------------------
---------------------------------
| rollout/           |          |
|    ep_len_mean     | 198      |
|    ep_rew_mean     | 274      |
| time/              |          |
|    episodes        | 1544     |
|    fps             | 229      |
|    time_elapsed    | 1530     |
|    total_timesteps | 350752   |
| train/             |          |
|    actor_loss      | -80.6    |
|    critic_loss     | 7.49     |
|    ent_coef        | 0.0542   |
|    ent_coef_loss   | -0.639   |
|    learning_rate   | 0.000218 |
|    n_updates       | 340751   |
---------------------------------
---------------------------------
| rollout/           |          |
|    ep_len_mean     | 198      |
|    ep_rew_mean     | 273      |
| time/              |          |
|    episodes        | 1548     |
|    fps             | 229      |
|    time_elapsed    | 1533     |
|    total_timesteps | 351526   |
| train/             |          |
|    actor_loss      | -79.9    |
|    critic_loss     | 4.15     |
|    ent_coef        | 0.0559   |
|    ent_coef_loss   | 0.0807   |
|    learning_rate   | 0.000217 |
|    n_updates       | 341525   |
---------------------------------
---------------------------------
| rollout/           |          |
|    ep_len_mean     | 199      |
|    ep_rew_mean     | 273      |
| time/              |          |
|    episodes        | 1552     |
|    fps             | 229      |
|    time_elapsed    | 1537     |
|    total_timesteps | 352247   |
| train/             |          |
|    actor_loss      | -79.5    |
|    critic_loss     | 1.73     |
|    ent_coef        | 0.0556   |
|    ent_coef_loss   | -0.246   |
|    learning_rate   | 0.000216 |
|    n_updates       | 342246   |
---------------------------------
---------------------------------
| rollout/           |          |
|    ep_len_mean     | 199      |
|    ep_rew_mean     | 273      |
| time/              |          |
|    episodes        | 1556     |
|    fps             | 229      |
|    time_elapsed    | 1541     |
|    total_timesteps | 353018   |
| train/             |          |
|    actor_loss      | -80.1    |
|    critic_loss     | 1.23     |
|    ent_coef        | 0.055    |
|    ent_coef_loss   | -0.903   |
|    learning_rate   | 0.000215 |
|    n_updates       | 343017   |
---------------------------------
---------------------------------
| rollout/           |          |
|    ep_len_mean     | 199      |
|    ep_rew_mean     | 274      |
| time/              |          |
|    episodes        | 1560     |
|    fps             | 229      |
|    time_elapsed    | 1544     |
|    total_timesteps | 353801   |
| train/             |          |
|    actor_loss      | -75.5    |
|    critic_loss     | 7.42     |
|    ent_coef        | 0.0551   |
|    ent_coef_loss   | 0.335    |
|    learning_rate   | 0.000213 |
|    n_updates       | 343800   |
---------------------------------
---------------------------------
| rollout/           |          |
|    ep_len_mean     | 202      |
|    ep_rew_mean     | 275      |
| time/              |          |
|    episodes        | 1564     |
|    fps             | 228      |
|    time_elapsed    | 1550     |
|    total_timesteps | 354876   |
| train/             |          |
|    actor_loss      | -81.7    |
|    critic_loss     | 7.8      |
|    ent_coef        | 0.0545   |
|    ent_coef_loss   | 0.112    |
|    learning_rate   | 0.000212 |
|    n_updates       | 344875   |
---------------------------------
---------------------------------
| rollout/           |          |
|    ep_len_mean     | 198      |
|    ep_rew_mean     | 275      |
| time/              |          |
|    episodes        | 1568     |
|    fps             | 228      |
|    time_elapsed    | 1554     |
|    total_timesteps | 355683   |
| train/             |          |
|    actor_loss      | -79.2    |
|    critic_loss     | 5.37     |
|    ent_coef        | 0.0545   |
|    ent_coef_loss   | 0.314    |
|    learning_rate   | 0.000211 |
|    n_updates       | 345682   |
---------------------------------
---------------------------------
| rollout/           |          |
|    ep_len_mean     | 198      |
|    ep_rew_mean     | 274      |
| time/              |          |
|    episodes        | 1572     |
|    fps             | 228      |
|    time_elapsed    | 1557     |
|    total_timesteps | 356535   |
| train/             |          |
|    actor_loss      | -77      |
|    critic_loss     | 6.63     |
|    ent_coef        | 0.0555   |
|    ent_coef_loss   | 0.501    |
|    learning_rate   | 0.000209 |
|    n_updates       | 346534   |
---------------------------------
---------------------------------
| rollout/           |          |
|    ep_len_mean     | 198      |
|    ep_rew_mean     | 277      |
| time/              |          |
|    episodes        | 1576     |
|    fps             | 228      |
|    time_elapsed    | 1560     |
|    total_timesteps | 357253   |
| train/             |          |
|    actor_loss      | -78.6    |
|    critic_loss     | 1.47     |
|    ent_coef        | 0.0549   |
|    ent_coef_loss   | -0.0469  |
|    learning_rate   | 0.000208 |
|    n_updates       | 347252   |
---------------------------------
---------------------------------
| rollout/           |          |
|    ep_len_mean     | 198      |
|    ep_rew_mean     | 277      |
| time/              |          |
|    episodes        | 1580     |
|    fps             | 228      |
|    time_elapsed    | 1563     |
|    total_timesteps | 358032   |
| train/             |          |
|    actor_loss      | -81.3    |
|    critic_loss     | 4.16     |
|    ent_coef        | 0.0558   |
|    ent_coef_loss   | -0.575   |
|    learning_rate   | 0.000207 |
|    n_updates       | 348031   |
---------------------------------
---------------------------------
| rollout/           |          |
|    ep_len_mean     | 198      |
|    ep_rew_mean     | 278      |
| time/              |          |
|    episodes        | 1584     |
|    fps             | 228      |
|    time_elapsed    | 1567     |
|    total_timesteps | 358805   |
| train/             |          |
|    actor_loss      | -78.7    |
|    critic_loss     | 4.18     |
|    ent_coef        | 0.0552   |
|    ent_coef_loss   | -0.245   |
|    learning_rate   | 0.000206 |
|    n_updates       | 348804   |
---------------------------------
---------------------------------
| rollout/           |          |
|    ep_len_mean     | 197      |
|    ep_rew_mean     | 277      |
| time/              |          |
|    episodes        | 1588     |
|    fps             | 228      |
|    time_elapsed    | 1570     |
|    total_timesteps | 359521   |
| train/             |          |
|    actor_loss      | -79      |
|    critic_loss     | 1.95     |
|    ent_coef        | 0.055    |
|    ent_coef_loss   | 0.314    |
|    learning_rate   | 0.000205 |
|    n_updates       | 349520   |
---------------------------------
Eval num_timesteps=360000, episode_reward=285.08 +/- 13.94
Episode length: 199.50 +/- 34.88
---------------------------------
| eval/              |          |
|    mean_ep_length  | 200      |
|    mean_reward     | 285      |
| time/              |          |
|    total_timesteps | 360000   |
| train/             |          |
|    actor_loss      | -80.9    |
|    critic_loss     | 1.67     |
|    ent_coef        | 0.0551   |
|    ent_coef_loss   | -0.369   |
|    learning_rate   | 0.000204 |
|    n_updates       | 349999   |
---------------------------------
---------------------------------
| rollout/           |          |
|    ep_len_mean     | 198      |
|    ep_rew_mean     | 277      |
| time/              |          |
|    episodes        | 1592     |
|    fps             | 228      |
|    time_elapsed    | 1574     |
|    total_timesteps | 360334   |
| train/             |          |
|    actor_loss      | -77.9    |
|    critic_loss     | 5.56     |
|    ent_coef        | 0.0545   |
|    ent_coef_loss   | 0.548    |
|    learning_rate   | 0.000204 |
|    n_updates       | 350333   |
---------------------------------
---------------------------------
| rollout/           |          |
|    ep_len_mean     | 198      |
|    ep_rew_mean     | 277      |
| time/              |          |
|    episodes        | 1596     |
|    fps             | 228      |
|    time_elapsed    | 1577     |
|    total_timesteps | 361107   |
| train/             |          |
|    actor_loss      | -80.8    |
|    critic_loss     | 9.59     |
|    ent_coef        | 0.0557   |
|    ent_coef_loss   | 0.502    |
|    learning_rate   | 0.000203 |
|    n_updates       | 351106   |
---------------------------------
---------------------------------
| rollout/           |          |
|    ep_len_mean     | 199      |
|    ep_rew_mean     | 277      |
| time/              |          |
|    episodes        | 1600     |
|    fps             | 228      |
|    time_elapsed    | 1580     |
|    total_timesteps | 361925   |
| train/             |          |
|    actor_loss      | -80.9    |
|    critic_loss     | 8.77     |
|    ent_coef        | 0.0559   |
|    ent_coef_loss   | 0.162    |
|    learning_rate   | 0.000202 |
|    n_updates       | 351924   |
---------------------------------
---------------------------------
| rollout/           |          |
|    ep_len_mean     | 198      |
|    ep_rew_mean     | 277      |
| time/              |          |
|    episodes        | 1604     |
|    fps             | 228      |
|    time_elapsed    | 1583     |
|    total_timesteps | 362637   |
| train/             |          |
|    actor_loss      | -79.6    |
|    critic_loss     | 9.91     |
|    ent_coef        | 0.0559   |
|    ent_coef_loss   | 0.101    |
|    learning_rate   | 0.000201 |
|    n_updates       | 352636   |
---------------------------------
---------------------------------
| rollout/           |          |
|    ep_len_mean     | 199      |
|    ep_rew_mean     | 278      |
| time/              |          |
|    episodes        | 1608     |
|    fps             | 228      |
|    time_elapsed    | 1586     |
|    total_timesteps | 363358   |
| train/             |          |
|    actor_loss      | -78.7    |
|    critic_loss     | 6.96     |
|    ent_coef        | 0.0553   |
|    ent_coef_loss   | -0.087   |
|    learning_rate   | 0.000199 |
|    n_updates       | 353357   |
---------------------------------
---------------------------------
| rollout/           |          |
|    ep_len_mean     | 198      |
|    ep_rew_mean     | 277      |
| time/              |          |
|    episodes        | 1612     |
|    fps             | 228      |
|    time_elapsed    | 1590     |
|    total_timesteps | 364115   |
| train/             |          |
|    actor_loss      | -76.6    |
|    critic_loss     | 1.72     |
|    ent_coef        | 0.0556   |
|    ent_coef_loss   | 0.066    |
|    learning_rate   | 0.000198 |
|    n_updates       | 354114   |
---------------------------------
---------------------------------
| rollout/           |          |
|    ep_len_mean     | 199      |
|    ep_rew_mean     | 277      |
| time/              |          |
|    episodes        | 1616     |
|    fps             | 228      |
|    time_elapsed    | 1593     |
|    total_timesteps | 364887   |
| train/             |          |
|    actor_loss      | -77.5    |
|    critic_loss     | 3.01     |
|    ent_coef        | 0.0553   |
|    ent_coef_loss   | -0.565   |
|    learning_rate   | 0.000197 |
|    n_updates       | 354886   |
---------------------------------
---------------------------------
| rollout/           |          |
|    ep_len_mean     | 198      |
|    ep_rew_mean     | 278      |
| time/              |          |
|    episodes        | 1620     |
|    fps             | 229      |
|    time_elapsed    | 1596     |
|    total_timesteps | 365669   |
| train/             |          |
|    actor_loss      | -77.6    |
|    critic_loss     | 1.47     |
|    ent_coef        | 0.0544   |
|    ent_coef_loss   | 0.0535   |
|    learning_rate   | 0.000196 |
|    n_updates       | 355668   |
---------------------------------
---------------------------------
| rollout/           |          |
|    ep_len_mean     | 198      |
|    ep_rew_mean     | 278      |
| time/              |          |
|    episodes        | 1624     |
|    fps             | 229      |
|    time_elapsed    | 1599     |
|    total_timesteps | 366438   |
| train/             |          |
|    actor_loss      | -82.2    |
|    critic_loss     | 4.12     |
|    ent_coef        | 0.0538   |
|    ent_coef_loss   | 0.17     |
|    learning_rate   | 0.000195 |
|    n_updates       | 356437   |
---------------------------------
---------------------------------
| rollout/           |          |
|    ep_len_mean     | 197      |
|    ep_rew_mean     | 278      |
| time/              |          |
|    episodes        | 1628     |
|    fps             | 229      |
|    time_elapsed    | 1603     |
|    total_timesteps | 367186   |
| train/             |          |
|    actor_loss      | -79      |
|    critic_loss     | 1.54     |
|    ent_coef        | 0.055    |
|    ent_coef_loss   | 0.196    |
|    learning_rate   | 0.000194 |
|    n_updates       | 357185   |
---------------------------------
---------------------------------
| rollout/           |          |
|    ep_len_mean     | 198      |
|    ep_rew_mean     | 279      |
| time/              |          |
|    episodes        | 1632     |
|    fps             | 229      |
|    time_elapsed    | 1606     |
|    total_timesteps | 368010   |
| train/             |          |
|    actor_loss      | -80.3    |
|    critic_loss     | 2.44     |
|    ent_coef        | 0.0567   |
|    ent_coef_loss   | 0.0808   |
|    learning_rate   | 0.000193 |
|    n_updates       | 358009   |
---------------------------------
---------------------------------
| rollout/           |          |
|    ep_len_mean     | 197      |
|    ep_rew_mean     | 279      |
| time/              |          |
|    episodes        | 1636     |
|    fps             | 229      |
|    time_elapsed    | 1609     |
|    total_timesteps | 368739   |
| train/             |          |
|    actor_loss      | -80.8    |
|    critic_loss     | 2.1      |
|    ent_coef        | 0.0555   |
|    ent_coef_loss   | 0.103    |
|    learning_rate   | 0.000192 |
|    n_updates       | 358738   |
---------------------------------
---------------------------------
| rollout/           |          |
|    ep_len_mean     | 198      |
|    ep_rew_mean     | 280      |
| time/              |          |
|    episodes        | 1640     |
|    fps             | 229      |
|    time_elapsed    | 1612     |
|    total_timesteps | 369519   |
| train/             |          |
|    actor_loss      | -80.9    |
|    critic_loss     | 5.41     |
|    ent_coef        | 0.0563   |
|    ent_coef_loss   | -0.172   |
|    learning_rate   | 0.000191 |
|    n_updates       | 359518   |
---------------------------------
Eval num_timesteps=370000, episode_reward=287.73 +/- 11.11
Episode length: 196.30 +/- 21.99
---------------------------------
| eval/              |          |
|    mean_ep_length  | 196      |
|    mean_reward     | 288      |
| time/              |          |
|    total_timesteps | 370000   |
| train/             |          |
|    actor_loss      | -78.4    |
|    critic_loss     | 6.96     |
|    ent_coef        | 0.0556   |
|    ent_coef_loss   | 0.843    |
|    learning_rate   | 0.00019  |
|    n_updates       | 359999   |
---------------------------------
---------------------------------
| rollout/           |          |
|    ep_len_mean     | 196      |
|    ep_rew_mean     | 280      |
| time/              |          |
|    episodes        | 1644     |
|    fps             | 229      |
|    time_elapsed    | 1617     |
|    total_timesteps | 370377   |
| train/             |          |
|    actor_loss      | -77.6    |
|    critic_loss     | 4.46     |
|    ent_coef        | 0.0555   |
|    ent_coef_loss   | 0.583    |
|    learning_rate   | 0.000189 |
|    n_updates       | 360376   |
---------------------------------
---------------------------------
| rollout/           |          |
|    ep_len_mean     | 196      |
|    ep_rew_mean     | 279      |
| time/              |          |
|    episodes        | 1648     |
|    fps             | 229      |
|    time_elapsed    | 1620     |
|    total_timesteps | 371149   |
| train/             |          |
|    actor_loss      | -80.2    |
|    critic_loss     | 7.86     |
|    ent_coef        | 0.0546   |
|    ent_coef_loss   | 0.603    |
|    learning_rate   | 0.000188 |
|    n_updates       | 361148   |
---------------------------------
---------------------------------
| rollout/           |          |
|    ep_len_mean     | 197      |
|    ep_rew_mean     | 280      |
| time/              |          |
|    episodes        | 1652     |
|    fps             | 229      |
|    time_elapsed    | 1623     |
|    total_timesteps | 371929   |
| train/             |          |
|    actor_loss      | -78.7    |
|    critic_loss     | 4.8      |
|    ent_coef        | 0.0552   |
|    ent_coef_loss   | -0.876   |
|    learning_rate   | 0.000187 |
|    n_updates       | 361928   |
---------------------------------
---------------------------------
| rollout/           |          |
|    ep_len_mean     | 197      |
|    ep_rew_mean     | 280      |
| time/              |          |
|    episodes        | 1656     |
|    fps             | 229      |
|    time_elapsed    | 1627     |
|    total_timesteps | 372703   |
| train/             |          |
|    actor_loss      | -78.7    |
|    critic_loss     | 6.98     |
|    ent_coef        | 0.0542   |
|    ent_coef_loss   | -0.179   |
|    learning_rate   | 0.000186 |
|    n_updates       | 362702   |
---------------------------------
----------------------------------
| rollout/           |           |
|    ep_len_mean     | 196       |
|    ep_rew_mean     | 278       |
| time/              |           |
|    episodes        | 1660      |
|    fps             | 229       |
|    time_elapsed    | 1630      |
|    total_timesteps | 373407    |
| train/             |           |
|    actor_loss      | -77.4     |
|    critic_loss     | 2.14      |
|    ent_coef        | 0.0545    |
|    ent_coef_loss   | -0.000421 |
|    learning_rate   | 0.000185  |
|    n_updates       | 363406    |
----------------------------------
---------------------------------
| rollout/           |          |
|    ep_len_mean     | 192      |
|    ep_rew_mean     | 278      |
| time/              |          |
|    episodes        | 1664     |
|    fps             | 229      |
|    time_elapsed    | 1632     |
|    total_timesteps | 374106   |
| train/             |          |
|    actor_loss      | -77.6    |
|    critic_loss     | 5.65     |
|    ent_coef        | 0.0541   |
|    ent_coef_loss   | -0.0435  |
|    learning_rate   | 0.000184 |
|    n_updates       | 364105   |
---------------------------------
---------------------------------
| rollout/           |          |
|    ep_len_mean     | 192      |
|    ep_rew_mean     | 277      |
| time/              |          |
|    episodes        | 1668     |
|    fps             | 229      |
|    time_elapsed    | 1636     |
|    total_timesteps | 374890   |
| train/             |          |
|    actor_loss      | -79.3    |
|    critic_loss     | 2.58     |
|    ent_coef        | 0.0544   |
|    ent_coef_loss   | -0.235   |
|    learning_rate   | 0.000183 |
|    n_updates       | 364889   |
---------------------------------
---------------------------------
| rollout/           |          |
|    ep_len_mean     | 191      |
|    ep_rew_mean     | 278      |
| time/              |          |
|    episodes        | 1672     |
|    fps             | 229      |
|    time_elapsed    | 1639     |
|    total_timesteps | 375657   |
| train/             |          |
|    actor_loss      | -81.7    |
|    critic_loss     | 8.42     |
|    ent_coef        | 0.054    |
|    ent_coef_loss   | -0.112   |
|    learning_rate   | 0.000182 |
|    n_updates       | 365656   |
---------------------------------
---------------------------------
| rollout/           |          |
|    ep_len_mean     | 191      |
|    ep_rew_mean     | 277      |
| time/              |          |
|    episodes        | 1676     |
|    fps             | 229      |
|    time_elapsed    | 1642     |
|    total_timesteps | 376401   |
| train/             |          |
|    actor_loss      | -77.5    |
|    critic_loss     | 6.02     |
|    ent_coef        | 0.0534   |
|    ent_coef_loss   | 0.299    |
|    learning_rate   | 0.00018  |
|    n_updates       | 366400   |
---------------------------------
---------------------------------
| rollout/           |          |
|    ep_len_mean     | 191      |
|    ep_rew_mean     | 278      |
| time/              |          |
|    episodes        | 1680     |
|    fps             | 229      |
|    time_elapsed    | 1645     |
|    total_timesteps | 377118   |
| train/             |          |
|    actor_loss      | -81.6    |
|    critic_loss     | 3.97     |
|    ent_coef        | 0.0537   |
|    ent_coef_loss   | 0.632    |
|    learning_rate   | 0.000179 |
|    n_updates       | 367117   |
---------------------------------
---------------------------------
| rollout/           |          |
|    ep_len_mean     | 190      |
|    ep_rew_mean     | 277      |
| time/              |          |
|    episodes        | 1684     |
|    fps             | 229      |
|    time_elapsed    | 1648     |
|    total_timesteps | 377842   |
| train/             |          |
|    actor_loss      | -78      |
|    critic_loss     | 3.47     |
|    ent_coef        | 0.0554   |
|    ent_coef_loss   | 0.0403   |
|    learning_rate   | 0.000178 |
|    n_updates       | 367841   |
---------------------------------
---------------------------------
| rollout/           |          |
|    ep_len_mean     | 191      |
|    ep_rew_mean     | 277      |
| time/              |          |
|    episodes        | 1688     |
|    fps             | 229      |
|    time_elapsed    | 1651     |
|    total_timesteps | 378610   |
| train/             |          |
|    actor_loss      | -80.2    |
|    critic_loss     | 2.59     |
|    ent_coef        | 0.0553   |
|    ent_coef_loss   | 0.166    |
|    learning_rate   | 0.000177 |
|    n_updates       | 368609   |
---------------------------------
---------------------------------
| rollout/           |          |
|    ep_len_mean     | 191      |
|    ep_rew_mean     | 278      |
| time/              |          |
|    episodes        | 1692     |
|    fps             | 229      |
|    time_elapsed    | 1655     |
|    total_timesteps | 379386   |
| train/             |          |
|    actor_loss      | -80.3    |
|    critic_loss     | 1.7      |
|    ent_coef        | 0.0547   |
|    ent_coef_loss   | -0.157   |
|    learning_rate   | 0.000176 |
|    n_updates       | 369385   |
---------------------------------
Eval num_timesteps=380000, episode_reward=283.80 +/- 19.06
Episode length: 209.90 +/- 46.88
---------------------------------
| eval/              |          |
|    mean_ep_length  | 210      |
|    mean_reward     | 284      |
| time/              |          |
|    total_timesteps | 380000   |
| train/             |          |
|    actor_loss      | -78.6    |
|    critic_loss     | 2.9      |
|    ent_coef        | 0.0542   |
|    ent_coef_loss   | -0.155   |
|    learning_rate   | 0.000175 |
|    n_updates       | 369999   |
---------------------------------
---------------------------------
| rollout/           |          |
|    ep_len_mean     | 190      |
|    ep_rew_mean     | 277      |
| time/              |          |
|    episodes        | 1696     |
|    fps             | 229      |
|    time_elapsed    | 1658     |
|    total_timesteps | 380086   |
| train/             |          |
|    actor_loss      | -81.5    |
|    critic_loss     | 1.47     |
|    ent_coef        | 0.0545   |
|    ent_coef_loss   | -0.0505  |
|    learning_rate   | 0.000175 |
|    n_updates       | 370085   |
---------------------------------
---------------------------------
| rollout/           |          |
|    ep_len_mean     | 189      |
|    ep_rew_mean     | 278      |
| time/              |          |
|    episodes        | 1700     |
|    fps             | 229      |
|    time_elapsed    | 1661     |
|    total_timesteps | 380808   |
| train/             |          |
|    actor_loss      | -80.8    |
|    critic_loss     | 2.09     |
|    ent_coef        | 0.0542   |
|    ent_coef_loss   | -0.143   |
|    learning_rate   | 0.000174 |
|    n_updates       | 370807   |
---------------------------------
---------------------------------
| rollout/           |          |
|    ep_len_mean     | 190      |
|    ep_rew_mean     | 278      |
| time/              |          |
|    episodes        | 1704     |
|    fps             | 229      |
|    time_elapsed    | 1665     |
|    total_timesteps | 381650   |
| train/             |          |
|    actor_loss      | -80.6    |
|    critic_loss     | 1.87     |
|    ent_coef        | 0.0534   |
|    ent_coef_loss   | 0.467    |
|    learning_rate   | 0.000173 |
|    n_updates       | 371649   |
---------------------------------
---------------------------------
| rollout/           |          |
|    ep_len_mean     | 191      |
|    ep_rew_mean     | 277      |
| time/              |          |
|    episodes        | 1708     |
|    fps             | 229      |
|    time_elapsed    | 1668     |
|    total_timesteps | 382457   |
| train/             |          |
|    actor_loss      | -79.6    |
|    critic_loss     | 6.97     |
|    ent_coef        | 0.053    |
|    ent_coef_loss   | -0.163   |
|    learning_rate   | 0.000172 |
|    n_updates       | 372456   |
---------------------------------
---------------------------------
| rollout/           |          |
|    ep_len_mean     | 191      |
|    ep_rew_mean     | 277      |
| time/              |          |
|    episodes        | 1712     |
|    fps             | 229      |
|    time_elapsed    | 1671     |
|    total_timesteps | 383179   |
| train/             |          |
|    actor_loss      | -79      |
|    critic_loss     | 9.71     |
|    ent_coef        | 0.0544   |
|    ent_coef_loss   | -0.0673  |
|    learning_rate   | 0.000171 |
|    n_updates       | 373178   |
---------------------------------
---------------------------------
| rollout/           |          |
|    ep_len_mean     | 191      |
|    ep_rew_mean     | 277      |
| time/              |          |
|    episodes        | 1716     |
|    fps             | 229      |
|    time_elapsed    | 1674     |
|    total_timesteps | 383949   |
| train/             |          |
|    actor_loss      | -78.6    |
|    critic_loss     | 3.3      |
|    ent_coef        | 0.0527   |
|    ent_coef_loss   | 0.798    |
|    learning_rate   | 0.000169 |
|    n_updates       | 373948   |
---------------------------------
---------------------------------
| rollout/           |          |
|    ep_len_mean     | 190      |
|    ep_rew_mean     | 277      |
| time/              |          |
|    episodes        | 1720     |
|    fps             | 229      |
|    time_elapsed    | 1677     |
|    total_timesteps | 384630   |
| train/             |          |
|    actor_loss      | -80.5    |
|    critic_loss     | 3.58     |
|    ent_coef        | 0.0531   |
|    ent_coef_loss   | 0.075    |
|    learning_rate   | 0.000168 |
|    n_updates       | 374629   |
---------------------------------
---------------------------------
| rollout/           |          |
|    ep_len_mean     | 189      |
|    ep_rew_mean     | 277      |
| time/              |          |
|    episodes        | 1724     |
|    fps             | 229      |
|    time_elapsed    | 1680     |
|    total_timesteps | 385362   |
| train/             |          |
|    actor_loss      | -84.4    |
|    critic_loss     | 4.82     |
|    ent_coef        | 0.0532   |
|    ent_coef_loss   | -0.236   |
|    learning_rate   | 0.000167 |
|    n_updates       | 375361   |
---------------------------------
---------------------------------
| rollout/           |          |
|    ep_len_mean     | 189      |
|    ep_rew_mean     | 277      |
| time/              |          |
|    episodes        | 1728     |
|    fps             | 229      |
|    time_elapsed    | 1684     |
|    total_timesteps | 386108   |
| train/             |          |
|    actor_loss      | -79.1    |
|    critic_loss     | 12.5     |
|    ent_coef        | 0.0549   |
|    ent_coef_loss   | -0.221   |
|    learning_rate   | 0.000166 |
|    n_updates       | 376107   |
---------------------------------
---------------------------------
| rollout/           |          |
|    ep_len_mean     | 189      |
|    ep_rew_mean     | 277      |
| time/              |          |
|    episodes        | 1732     |
|    fps             | 229      |
|    time_elapsed    | 1687     |
|    total_timesteps | 386861   |
| train/             |          |
|    actor_loss      | -81.3    |
|    critic_loss     | 1.29     |
|    ent_coef        | 0.0538   |
|    ent_coef_loss   | -0.269   |
|    learning_rate   | 0.000165 |
|    n_updates       | 376860   |
---------------------------------
---------------------------------
| rollout/           |          |
|    ep_len_mean     | 189      |
|    ep_rew_mean     | 277      |
| time/              |          |
|    episodes        | 1736     |
|    fps             | 229      |
|    time_elapsed    | 1690     |
|    total_timesteps | 387636   |
| train/             |          |
|    actor_loss      | -81.3    |
|    critic_loss     | 6.06     |
|    ent_coef        | 0.0532   |
|    ent_coef_loss   | -0.311   |
|    learning_rate   | 0.000164 |
|    n_updates       | 377635   |
---------------------------------
---------------------------------
| rollout/           |          |
|    ep_len_mean     | 189      |
|    ep_rew_mean     | 278      |
| time/              |          |
|    episodes        | 1740     |
|    fps             | 229      |
|    time_elapsed    | 1693     |
|    total_timesteps | 388441   |
| train/             |          |
|    actor_loss      | -80.7    |
|    critic_loss     | 1.18     |
|    ent_coef        | 0.053    |
|    ent_coef_loss   | 0.304    |
|    learning_rate   | 0.000163 |
|    n_updates       | 378440   |
---------------------------------
---------------------------------
| rollout/           |          |
|    ep_len_mean     | 188      |
|    ep_rew_mean     | 278      |
| time/              |          |
|    episodes        | 1744     |
|    fps             | 229      |
|    time_elapsed    | 1697     |
|    total_timesteps | 389204   |
| train/             |          |
|    actor_loss      | -80.4    |
|    critic_loss     | 5.35     |
|    ent_coef        | 0.053    |
|    ent_coef_loss   | 0.219    |
|    learning_rate   | 0.000162 |
|    n_updates       | 379203   |
---------------------------------
Eval num_timesteps=390000, episode_reward=292.90 +/- 13.98
Episode length: 199.80 +/- 17.66
---------------------------------
| eval/              |          |
|    mean_ep_length  | 200      |
|    mean_reward     | 293      |
| time/              |          |
|    total_timesteps | 390000   |
| train/             |          |
|    actor_loss      | -79.3    |
|    critic_loss     | 9.24     |
|    ent_coef        | 0.054    |
|    ent_coef_loss   | -0.246   |
|    learning_rate   | 0.000161 |
|    n_updates       | 379999   |
---------------------------------
New best mean reward!
---------------------------------
| rollout/           |          |
|    ep_len_mean     | 189      |
|    ep_rew_mean     | 280      |
| time/              |          |
|    episodes        | 1748     |
|    fps             | 229      |
|    time_elapsed    | 1701     |
|    total_timesteps | 390004   |
| train/             |          |
|    actor_loss      | -78.3    |
|    critic_loss     | 10       |
|    ent_coef        | 0.054    |
|    ent_coef_loss   | 0.0392   |
|    learning_rate   | 0.000161 |
|    n_updates       | 380003   |
---------------------------------
---------------------------------
| rollout/           |          |
|    ep_len_mean     | 188      |
|    ep_rew_mean     | 278      |
| time/              |          |
|    episodes        | 1752     |
|    fps             | 229      |
|    time_elapsed    | 1703     |
|    total_timesteps | 390701   |
| train/             |          |
|    actor_loss      | -80      |
|    critic_loss     | 1.79     |
|    ent_coef        | 0.054    |
|    ent_coef_loss   | -0.0682  |
|    learning_rate   | 0.00016  |
|    n_updates       | 380700   |
---------------------------------
---------------------------------
| rollout/           |          |
|    ep_len_mean     | 188      |
|    ep_rew_mean     | 279      |
| time/              |          |
|    episodes        | 1756     |
|    fps             | 229      |
|    time_elapsed    | 1707     |
|    total_timesteps | 391464   |
| train/             |          |
|    actor_loss      | -82.3    |
|    critic_loss     | 1.57     |
|    ent_coef        | 0.055    |
|    ent_coef_loss   | 0.29     |
|    learning_rate   | 0.000158 |
|    n_updates       | 381463   |
---------------------------------
---------------------------------
| rollout/           |          |
|    ep_len_mean     | 189      |
|    ep_rew_mean     | 280      |
| time/              |          |
|    episodes        | 1760     |
|    fps             | 229      |
|    time_elapsed    | 1710     |
|    total_timesteps | 392309   |
| train/             |          |
|    actor_loss      | -83.8    |
|    critic_loss     | 2.22     |
|    ent_coef        | 0.0554   |
|    ent_coef_loss   | -1.23    |
|    learning_rate   | 0.000157 |
|    n_updates       | 382308   |
---------------------------------
---------------------------------
| rollout/           |          |
|    ep_len_mean     | 190      |
|    ep_rew_mean     | 281      |
| time/              |          |
|    episodes        | 1764     |
|    fps             | 229      |
|    time_elapsed    | 1714     |
|    total_timesteps | 393143   |
| train/             |          |
|    actor_loss      | -84      |
|    critic_loss     | 4.13     |
|    ent_coef        | 0.0543   |
|    ent_coef_loss   | -0.407   |
|    learning_rate   | 0.000156 |
|    n_updates       | 383142   |
---------------------------------
---------------------------------
| rollout/           |          |
|    ep_len_mean     | 190      |
|    ep_rew_mean     | 281      |
| time/              |          |
|    episodes        | 1768     |
|    fps             | 229      |
|    time_elapsed    | 1717     |
|    total_timesteps | 393910   |
| train/             |          |
|    actor_loss      | -79.6    |
|    critic_loss     | 6.1      |
|    ent_coef        | 0.0545   |
|    ent_coef_loss   | 0.666    |
|    learning_rate   | 0.000155 |
|    n_updates       | 383909   |
---------------------------------
---------------------------------
| rollout/           |          |
|    ep_len_mean     | 190      |
|    ep_rew_mean     | 281      |
| time/              |          |
|    episodes        | 1772     |
|    fps             | 229      |
|    time_elapsed    | 1720     |
|    total_timesteps | 394625   |
| train/             |          |
|    actor_loss      | -83.3    |
|    critic_loss     | 4.44     |
|    ent_coef        | 0.054    |
|    ent_coef_loss   | 0.312    |
|    learning_rate   | 0.000154 |
|    n_updates       | 384624   |
---------------------------------
---------------------------------
| rollout/           |          |
|    ep_len_mean     | 189      |
|    ep_rew_mean     | 282      |
| time/              |          |
|    episodes        | 1776     |
|    fps             | 229      |
|    time_elapsed    | 1723     |
|    total_timesteps | 395315   |
| train/             |          |
|    actor_loss      | -79.7    |
|    critic_loss     | 4.42     |
|    ent_coef        | 0.0534   |
|    ent_coef_loss   | -0.569   |
|    learning_rate   | 0.000153 |
|    n_updates       | 385314   |
---------------------------------
---------------------------------
| rollout/           |          |
|    ep_len_mean     | 189      |
|    ep_rew_mean     | 282      |
| time/              |          |
|    episodes        | 1780     |
|    fps             | 229      |
|    time_elapsed    | 1726     |
|    total_timesteps | 396038   |
| train/             |          |
|    actor_loss      | -82.9    |
|    critic_loss     | 6.53     |
|    ent_coef        | 0.0536   |
|    ent_coef_loss   | -0.416   |
|    learning_rate   | 0.000152 |
|    n_updates       | 386037   |
---------------------------------
---------------------------------
| rollout/           |          |
|    ep_len_mean     | 189      |
|    ep_rew_mean     | 283      |
| time/              |          |
|    episodes        | 1784     |
|    fps             | 229      |
|    time_elapsed    | 1729     |
|    total_timesteps | 396760   |
| train/             |          |
|    actor_loss      | -82.6    |
|    critic_loss     | 9.16     |
|    ent_coef        | 0.0544   |
|    ent_coef_loss   | -0.213   |
|    learning_rate   | 0.000151 |
|    n_updates       | 386759   |
---------------------------------
---------------------------------
| rollout/           |          |
|    ep_len_mean     | 189      |
|    ep_rew_mean     | 283      |
| time/              |          |
|    episodes        | 1788     |
|    fps             | 229      |
|    time_elapsed    | 1732     |
|    total_timesteps | 397528   |
| train/             |          |
|    actor_loss      | -83.5    |
|    critic_loss     | 1.4      |
|    ent_coef        | 0.0541   |
|    ent_coef_loss   | -0.281   |
|    learning_rate   | 0.00015  |
|    n_updates       | 387527   |
---------------------------------
---------------------------------
| rollout/           |          |
|    ep_len_mean     | 189      |
|    ep_rew_mean     | 283      |
| time/              |          |
|    episodes        | 1792     |
|    fps             | 229      |
|    time_elapsed    | 1736     |
|    total_timesteps | 398303   |
| train/             |          |
|    actor_loss      | -79.4    |
|    critic_loss     | 4.4      |
|    ent_coef        | 0.0548   |
|    ent_coef_loss   | 0.759    |
|    learning_rate   | 0.000148 |
|    n_updates       | 388302   |
---------------------------------
---------------------------------
| rollout/           |          |
|    ep_len_mean     | 189      |
|    ep_rew_mean     | 284      |
| time/              |          |
|    episodes        | 1796     |
|    fps             | 229      |
|    time_elapsed    | 1738     |
|    total_timesteps | 398954   |
| train/             |          |
|    actor_loss      | -81.8    |
|    critic_loss     | 8.86     |
|    ent_coef        | 0.0543   |
|    ent_coef_loss   | 0.00019  |
|    learning_rate   | 0.000148 |
|    n_updates       | 388953   |
---------------------------------
---------------------------------
| rollout/           |          |
|    ep_len_mean     | 189      |
|    ep_rew_mean     | 284      |
| time/              |          |
|    episodes        | 1800     |
|    fps             | 229      |
|    time_elapsed    | 1741     |
|    total_timesteps | 399673   |
| train/             |          |
|    actor_loss      | -80.9    |
|    critic_loss     | 2.39     |
|    ent_coef        | 0.0533   |
|    ent_coef_loss   | 0.213    |
|    learning_rate   | 0.000146 |
|    n_updates       | 389672   |
---------------------------------
Eval num_timesteps=400000, episode_reward=264.51 +/- 16.34
Episode length: 184.00 +/- 19.02
---------------------------------
| eval/              |          |
|    mean_ep_length  | 184      |
|    mean_reward     | 265      |
| time/              |          |
|    total_timesteps | 400000   |
| train/             |          |
|    actor_loss      | -82.8    |
|    critic_loss     | 2.48     |
|    ent_coef        | 0.0531   |
|    ent_coef_loss   | 0.458    |
|    learning_rate   | 0.000146 |
|    n_updates       | 389999   |
---------------------------------
---------------------------------
| rollout/           |          |
|    ep_len_mean     | 187      |
|    ep_rew_mean     | 283      |
| time/              |          |
|    episodes        | 1804     |
|    fps             | 229      |
|    time_elapsed    | 1745     |
|    total_timesteps | 400381   |
| train/             |          |
|    actor_loss      | -81.6    |
|    critic_loss     | 9.94     |
|    ent_coef        | 0.0535   |
|    ent_coef_loss   | -0.253   |
|    learning_rate   | 0.000145 |
|    n_updates       | 390380   |
---------------------------------
---------------------------------
| rollout/           |          |
|    ep_len_mean     | 187      |
|    ep_rew_mean     | 283      |
| time/              |          |
|    episodes        | 1808     |
|    fps             | 229      |
|    time_elapsed    | 1748     |
|    total_timesteps | 401131   |
| train/             |          |
|    actor_loss      | -81.4    |
|    critic_loss     | 3.98     |
|    ent_coef        | 0.0531   |
|    ent_coef_loss   | -0.481   |
|    learning_rate   | 0.000144 |
|    n_updates       | 391130   |
---------------------------------
---------------------------------
| rollout/           |          |
|    ep_len_mean     | 187      |
|    ep_rew_mean     | 282      |
| time/              |          |
|    episodes        | 1812     |
|    fps             | 229      |
|    time_elapsed    | 1751     |
|    total_timesteps | 401867   |
| train/             |          |
|    actor_loss      | -80.3    |
|    critic_loss     | 12       |
|    ent_coef        | 0.0521   |
|    ent_coef_loss   | -0.512   |
|    learning_rate   | 0.000143 |
|    n_updates       | 391866   |
---------------------------------
---------------------------------
| rollout/           |          |
|    ep_len_mean     | 187      |
|    ep_rew_mean     | 282      |
| time/              |          |
|    episodes        | 1816     |
|    fps             | 229      |
|    time_elapsed    | 1754     |
|    total_timesteps | 402611   |
| train/             |          |
|    actor_loss      | -81.8    |
|    critic_loss     | 4.51     |
|    ent_coef        | 0.0525   |
|    ent_coef_loss   | -0.0311  |
|    learning_rate   | 0.000142 |
|    n_updates       | 392610   |
---------------------------------
---------------------------------
| rollout/           |          |
|    ep_len_mean     | 187      |
|    ep_rew_mean     | 282      |
| time/              |          |
|    episodes        | 1820     |
|    fps             | 229      |
|    time_elapsed    | 1757     |
|    total_timesteps | 403355   |
| train/             |          |
|    actor_loss      | -81.2    |
|    critic_loss     | 6.95     |
|    ent_coef        | 0.0519   |
|    ent_coef_loss   | -0.543   |
|    learning_rate   | 0.000141 |
|    n_updates       | 393354   |
---------------------------------
---------------------------------
| rollout/           |          |
|    ep_len_mean     | 187      |
|    ep_rew_mean     | 283      |
| time/              |          |
|    episodes        | 1824     |
|    fps             | 229      |
|    time_elapsed    | 1761     |
|    total_timesteps | 404081   |
| train/             |          |
|    actor_loss      | -80.2    |
|    critic_loss     | 7.45     |
|    ent_coef        | 0.0523   |
|    ent_coef_loss   | -0.0687  |
|    learning_rate   | 0.00014  |
|    n_updates       | 394080   |
---------------------------------
---------------------------------
| rollout/           |          |
|    ep_len_mean     | 188      |
|    ep_rew_mean     | 283      |
| time/              |          |
|    episodes        | 1828     |
|    fps             | 229      |
|    time_elapsed    | 1764     |
|    total_timesteps | 404859   |
| train/             |          |
|    actor_loss      | -82      |
|    critic_loss     | 1.54     |
|    ent_coef        | 0.0523   |
|    ent_coef_loss   | -0.0874  |
|    learning_rate   | 0.000139 |
|    n_updates       | 394858   |
---------------------------------
---------------------------------
| rollout/           |          |
|    ep_len_mean     | 188      |
|    ep_rew_mean     | 283      |
| time/              |          |
|    episodes        | 1832     |
|    fps             | 229      |
|    time_elapsed    | 1767     |
|    total_timesteps | 405685   |
| train/             |          |
|    actor_loss      | -81.7    |
|    critic_loss     | 8.55     |
|    ent_coef        | 0.052    |
|    ent_coef_loss   | 0.681    |
|    learning_rate   | 0.000138 |
|    n_updates       | 395684   |
---------------------------------
---------------------------------
| rollout/           |          |
|    ep_len_mean     | 188      |
|    ep_rew_mean     | 284      |
| time/              |          |
|    episodes        | 1836     |
|    fps             | 229      |
|    time_elapsed    | 1770     |
|    total_timesteps | 406408   |
| train/             |          |
|    actor_loss      | -80.1    |
|    critic_loss     | 10.4     |
|    ent_coef        | 0.0526   |
|    ent_coef_loss   | 0.455    |
|    learning_rate   | 0.000137 |
|    n_updates       | 396407   |
---------------------------------
---------------------------------
| rollout/           |          |
|    ep_len_mean     | 187      |
|    ep_rew_mean     | 283      |
| time/              |          |
|    episodes        | 1840     |
|    fps             | 229      |
|    time_elapsed    | 1773     |
|    total_timesteps | 407165   |
| train/             |          |
|    actor_loss      | -81.6    |
|    critic_loss     | 4.7      |
|    ent_coef        | 0.0527   |
|    ent_coef_loss   | -0.554   |
|    learning_rate   | 0.000136 |
|    n_updates       | 397164   |
---------------------------------
---------------------------------
| rollout/           |          |
|    ep_len_mean     | 188      |
|    ep_rew_mean     | 283      |
| time/              |          |
|    episodes        | 1844     |
|    fps             | 229      |
|    time_elapsed    | 1777     |
|    total_timesteps | 407971   |
| train/             |          |
|    actor_loss      | -80.7    |
|    critic_loss     | 3.62     |
|    ent_coef        | 0.0534   |
|    ent_coef_loss   | -0.398   |
|    learning_rate   | 0.000134 |
|    n_updates       | 397970   |
---------------------------------
---------------------------------
| rollout/           |          |
|    ep_len_mean     | 187      |
|    ep_rew_mean     | 282      |
| time/              |          |
|    episodes        | 1848     |
|    fps             | 229      |
|    time_elapsed    | 1780     |
|    total_timesteps | 408722   |
| train/             |          |
|    actor_loss      | -82.2    |
|    critic_loss     | 3.75     |
|    ent_coef        | 0.0525   |
|    ent_coef_loss   | 0.432    |
|    learning_rate   | 0.000133 |
|    n_updates       | 398721   |
---------------------------------
---------------------------------
| rollout/           |          |
|    ep_len_mean     | 188      |
|    ep_rew_mean     | 283      |
| time/              |          |
|    episodes        | 1852     |
|    fps             | 229      |
|    time_elapsed    | 1783     |
|    total_timesteps | 409462   |
| train/             |          |
|    actor_loss      | -80.4    |
|    critic_loss     | 7.91     |
|    ent_coef        | 0.0516   |
|    ent_coef_loss   | -0.106   |
|    learning_rate   | 0.000132 |
|    n_updates       | 399461   |
---------------------------------
Eval num_timesteps=410000, episode_reward=278.55 +/- 19.36
Episode length: 193.20 +/- 19.38
---------------------------------
| eval/              |          |
|    mean_ep_length  | 193      |
|    mean_reward     | 279      |
| time/              |          |
|    total_timesteps | 410000   |
| train/             |          |
|    actor_loss      | -83.6    |
|    critic_loss     | 4.04     |
|    ent_coef        | 0.0518   |
|    ent_coef_loss   | -0.318   |
|    learning_rate   | 0.000131 |
|    n_updates       | 399999   |
---------------------------------
---------------------------------
| rollout/           |          |
|    ep_len_mean     | 188      |
|    ep_rew_mean     | 283      |
| time/              |          |
|    episodes        | 1856     |
|    fps             | 229      |
|    time_elapsed    | 1787     |
|    total_timesteps | 410240   |
| train/             |          |
|    actor_loss      | -84.2    |
|    critic_loss     | 7.98     |
|    ent_coef        | 0.0515   |
|    ent_coef_loss   | -0.557   |
|    learning_rate   | 0.000131 |
|    n_updates       | 400239   |
---------------------------------
---------------------------------
| rollout/           |          |
|    ep_len_mean     | 186      |
|    ep_rew_mean     | 282      |
| time/              |          |
|    episodes        | 1860     |
|    fps             | 229      |
|    time_elapsed    | 1790     |
|    total_timesteps | 410899   |
| train/             |          |
|    actor_loss      | -77      |
|    critic_loss     | 5.74     |
|    ent_coef        | 0.0507   |
|    ent_coef_loss   | 0.0722   |
|    learning_rate   | 0.00013  |
|    n_updates       | 400898   |
---------------------------------
---------------------------------
| rollout/           |          |
|    ep_len_mean     | 185      |
|    ep_rew_mean     | 282      |
| time/              |          |
|    episodes        | 1864     |
|    fps             | 229      |
|    time_elapsed    | 1793     |
|    total_timesteps | 411670   |
| train/             |          |
|    actor_loss      | -82.4    |
|    critic_loss     | 4.1      |
|    ent_coef        | 0.0506   |
|    ent_coef_loss   | -0.617   |
|    learning_rate   | 0.000129 |
|    n_updates       | 401669   |
---------------------------------
---------------------------------
| rollout/           |          |
|    ep_len_mean     | 186      |
|    ep_rew_mean     | 281      |
| time/              |          |
|    episodes        | 1868     |
|    fps             | 229      |
|    time_elapsed    | 1796     |
|    total_timesteps | 412461   |
| train/             |          |
|    actor_loss      | -78.3    |
|    critic_loss     | 4.57     |
|    ent_coef        | 0.051    |
|    ent_coef_loss   | 0.385    |
|    learning_rate   | 0.000128 |
|    n_updates       | 402460   |
---------------------------------
---------------------------------
| rollout/           |          |
|    ep_len_mean     | 186      |
|    ep_rew_mean     | 282      |
| time/              |          |
|    episodes        | 1872     |
|    fps             | 229      |
|    time_elapsed    | 1800     |
|    total_timesteps | 413207   |
| train/             |          |
|    actor_loss      | -81.7    |
|    critic_loss     | 3.13     |
|    ent_coef        | 0.0512   |
|    ent_coef_loss   | 0.082    |
|    learning_rate   | 0.000127 |
|    n_updates       | 403206   |
---------------------------------
---------------------------------
| rollout/           |          |
|    ep_len_mean     | 186      |
|    ep_rew_mean     | 281      |
| time/              |          |
|    episodes        | 1876     |
|    fps             | 229      |
|    time_elapsed    | 1803     |
|    total_timesteps | 413926   |
| train/             |          |
|    actor_loss      | -82.3    |
|    critic_loss     | 1.38     |
|    ent_coef        | 0.0513   |
|    ent_coef_loss   | -0.437   |
|    learning_rate   | 0.000126 |
|    n_updates       | 403925   |
---------------------------------
---------------------------------
| rollout/           |          |
|    ep_len_mean     | 188      |
|    ep_rew_mean     | 281      |
| time/              |          |
|    episodes        | 1880     |
|    fps             | 229      |
|    time_elapsed    | 1806     |
|    total_timesteps | 414809   |
| train/             |          |
|    actor_loss      | -80.8    |
|    critic_loss     | 8.11     |
|    ent_coef        | 0.0509   |
|    ent_coef_loss   | -0.406   |
|    learning_rate   | 0.000124 |
|    n_updates       | 404808   |
---------------------------------
---------------------------------
| rollout/           |          |
|    ep_len_mean     | 187      |
|    ep_rew_mean     | 281      |
| time/              |          |
|    episodes        | 1884     |
|    fps             | 229      |
|    time_elapsed    | 1809     |
|    total_timesteps | 415504   |
| train/             |          |
|    actor_loss      | -82.1    |
|    critic_loss     | 6.98     |
|    ent_coef        | 0.0507   |
|    ent_coef_loss   | 0.415    |
|    learning_rate   | 0.000123 |
|    n_updates       | 405503   |
---------------------------------
---------------------------------
| rollout/           |          |
|    ep_len_mean     | 187      |
|    ep_rew_mean     | 280      |
| time/              |          |
|    episodes        | 1888     |
|    fps             | 229      |
|    time_elapsed    | 1812     |
|    total_timesteps | 416201   |
| train/             |          |
|    actor_loss      | -82      |
|    critic_loss     | 9.12     |
|    ent_coef        | 0.0509   |
|    ent_coef_loss   | -0.369   |
|    learning_rate   | 0.000122 |
|    n_updates       | 406200   |
---------------------------------
---------------------------------
| rollout/           |          |
|    ep_len_mean     | 186      |
|    ep_rew_mean     | 280      |
| time/              |          |
|    episodes        | 1892     |
|    fps             | 229      |
|    time_elapsed    | 1815     |
|    total_timesteps | 416860   |
| train/             |          |
|    actor_loss      | -82.9    |
|    critic_loss     | 2.5      |
|    ent_coef        | 0.051    |
|    ent_coef_loss   | -0.492   |
|    learning_rate   | 0.000121 |
|    n_updates       | 406859   |
---------------------------------
---------------------------------
| rollout/           |          |
|    ep_len_mean     | 187      |
|    ep_rew_mean     | 280      |
| time/              |          |
|    episodes        | 1896     |
|    fps             | 229      |
|    time_elapsed    | 1818     |
|    total_timesteps | 417650   |
| train/             |          |
|    actor_loss      | -84.5    |
|    critic_loss     | 10.1     |
|    ent_coef        | 0.0508   |
|    ent_coef_loss   | -0.0277  |
|    learning_rate   | 0.00012  |
|    n_updates       | 407649   |
---------------------------------
---------------------------------
| rollout/           |          |
|    ep_len_mean     | 188      |
|    ep_rew_mean     | 280      |
| time/              |          |
|    episodes        | 1900     |
|    fps             | 229      |
|    time_elapsed    | 1822     |
|    total_timesteps | 418490   |
| train/             |          |
|    actor_loss      | -86      |
|    critic_loss     | 1.47     |
|    ent_coef        | 0.0507   |
|    ent_coef_loss   | -0.275   |
|    learning_rate   | 0.000119 |
|    n_updates       | 408489   |
---------------------------------
---------------------------------
| rollout/           |          |
|    ep_len_mean     | 189      |
|    ep_rew_mean     | 280      |
| time/              |          |
|    episodes        | 1904     |
|    fps             | 229      |
|    time_elapsed    | 1825     |
|    total_timesteps | 419266   |
| train/             |          |
|    actor_loss      | -84      |
|    critic_loss     | 2.18     |
|    ent_coef        | 0.0512   |
|    ent_coef_loss   | -0.365   |
|    learning_rate   | 0.000118 |
|    n_updates       | 409265   |
---------------------------------
---------------------------------
| rollout/           |          |
|    ep_len_mean     | 189      |
|    ep_rew_mean     | 281      |
| time/              |          |
|    episodes        | 1908     |
|    fps             | 229      |
|    time_elapsed    | 1828     |
|    total_timesteps | 419995   |
| train/             |          |
|    actor_loss      | -83.7    |
|    critic_loss     | 4.55     |
|    ent_coef        | 0.0514   |
|    ent_coef_loss   | -0.0247  |
|    learning_rate   | 0.000117 |
|    n_updates       | 409994   |
---------------------------------
Eval num_timesteps=420000, episode_reward=279.56 +/- 20.91
Episode length: 185.70 +/- 14.87
---------------------------------
| eval/              |          |
|    mean_ep_length  | 186      |
|    mean_reward     | 280      |
| time/              |          |
|    total_timesteps | 420000   |
| train/             |          |
|    actor_loss      | -81      |
|    critic_loss     | 62.4     |
|    ent_coef        | 0.0514   |
|    ent_coef_loss   | -0.131   |
|    learning_rate   | 0.000117 |
|    n_updates       | 409999   |
---------------------------------
---------------------------------
| rollout/           |          |
|    ep_len_mean     | 189      |
|    ep_rew_mean     | 281      |
| time/              |          |
|    episodes        | 1912     |
|    fps             | 229      |
|    time_elapsed    | 1832     |
|    total_timesteps | 420746   |
| train/             |          |
|    actor_loss      | -81.6    |
|    critic_loss     | 3.84     |
|    ent_coef        | 0.0513   |
|    ent_coef_loss   | -0.167   |
|    learning_rate   | 0.000116 |
|    n_updates       | 410745   |
---------------------------------
---------------------------------
| rollout/           |          |
|    ep_len_mean     | 188      |
|    ep_rew_mean     | 281      |
| time/              |          |
|    episodes        | 1916     |
|    fps             | 229      |
|    time_elapsed    | 1835     |
|    total_timesteps | 421401   |
| train/             |          |
|    actor_loss      | -84.4    |
|    critic_loss     | 6.71     |
|    ent_coef        | 0.0516   |
|    ent_coef_loss   | -0.395   |
|    learning_rate   | 0.000115 |
|    n_updates       | 411400   |
---------------------------------
---------------------------------
| rollout/           |          |
|    ep_len_mean     | 188      |
|    ep_rew_mean     | 281      |
| time/              |          |
|    episodes        | 1920     |
|    fps             | 229      |
|    time_elapsed    | 1838     |
|    total_timesteps | 422121   |
| train/             |          |
|    actor_loss      | -83.2    |
|    critic_loss     | 2.94     |
|    ent_coef        | 0.0513   |
|    ent_coef_loss   | 0.16     |
|    learning_rate   | 0.000114 |
|    n_updates       | 412120   |
---------------------------------
---------------------------------
| rollout/           |          |
|    ep_len_mean     | 189      |
|    ep_rew_mean     | 281      |
| time/              |          |
|    episodes        | 1924     |
|    fps             | 229      |
|    time_elapsed    | 1841     |
|    total_timesteps | 422932   |
| train/             |          |
|    actor_loss      | -82.6    |
|    critic_loss     | 5.21     |
|    ent_coef        | 0.0504   |
|    ent_coef_loss   | -0.274   |
|    learning_rate   | 0.000113 |
|    n_updates       | 412931   |
---------------------------------
---------------------------------
| rollout/           |          |
|    ep_len_mean     | 188      |
|    ep_rew_mean     | 280      |
| time/              |          |
|    episodes        | 1928     |
|    fps             | 229      |
|    time_elapsed    | 1844     |
|    total_timesteps | 423667   |
| train/             |          |
|    actor_loss      | -82.2    |
|    critic_loss     | 5.11     |
|    ent_coef        | 0.0503   |
|    ent_coef_loss   | -0.209   |
|    learning_rate   | 0.000111 |
|    n_updates       | 413666   |
---------------------------------
---------------------------------
| rollout/           |          |
|    ep_len_mean     | 187      |
|    ep_rew_mean     | 280      |
| time/              |          |
|    episodes        | 1932     |
|    fps             | 229      |
|    time_elapsed    | 1847     |
|    total_timesteps | 424408   |
| train/             |          |
|    actor_loss      | -83.9    |
|    critic_loss     | 1.58     |
|    ent_coef        | 0.0502   |
|    ent_coef_loss   | -0.36    |
|    learning_rate   | 0.00011  |
|    n_updates       | 414407   |
---------------------------------
---------------------------------
| rollout/           |          |
|    ep_len_mean     | 187      |
|    ep_rew_mean     | 279      |
| time/              |          |
|    episodes        | 1936     |
|    fps             | 229      |
|    time_elapsed    | 1850     |
|    total_timesteps | 425097   |
| train/             |          |
|    actor_loss      | -84.4    |
|    critic_loss     | 1.96     |
|    ent_coef        | 0.05     |
|    ent_coef_loss   | -1.11    |
|    learning_rate   | 0.000109 |
|    n_updates       | 415096   |
---------------------------------
---------------------------------
| rollout/           |          |
|    ep_len_mean     | 186      |
|    ep_rew_mean     | 279      |
| time/              |          |
|    episodes        | 1940     |
|    fps             | 229      |
|    time_elapsed    | 1853     |
|    total_timesteps | 425780   |
| train/             |          |
|    actor_loss      | -82.7    |
|    critic_loss     | 13.1     |
|    ent_coef        | 0.05     |
|    ent_coef_loss   | 0.149    |
|    learning_rate   | 0.000108 |
|    n_updates       | 415779   |
---------------------------------
---------------------------------
| rollout/           |          |
|    ep_len_mean     | 185      |
|    ep_rew_mean     | 277      |
| time/              |          |
|    episodes        | 1944     |
|    fps             | 229      |
|    time_elapsed    | 1856     |
|    total_timesteps | 426513   |
| train/             |          |
|    actor_loss      | -83.8    |
|    critic_loss     | 9.74     |
|    ent_coef        | 0.0496   |
|    ent_coef_loss   | 0.554    |
|    learning_rate   | 0.000107 |
|    n_updates       | 416512   |
---------------------------------
---------------------------------
| rollout/           |          |
|    ep_len_mean     | 188      |
|    ep_rew_mean     | 277      |
| time/              |          |
|    episodes        | 1948     |
|    fps             | 229      |
|    time_elapsed    | 1860     |
|    total_timesteps | 427552   |
| train/             |          |
|    actor_loss      | -81.6    |
|    critic_loss     | 5.27     |
|    ent_coef        | 0.0496   |
|    ent_coef_loss   | 0.676    |
|    learning_rate   | 0.000106 |
|    n_updates       | 417551   |
---------------------------------
---------------------------------
| rollout/           |          |
|    ep_len_mean     | 188      |
|    ep_rew_mean     | 278      |
| time/              |          |
|    episodes        | 1952     |
|    fps             | 229      |
|    time_elapsed    | 1864     |
|    total_timesteps | 428312   |
| train/             |          |
|    actor_loss      | -79.7    |
|    critic_loss     | 1.9      |
|    ent_coef        | 0.0494   |
|    ent_coef_loss   | -0.00839 |
|    learning_rate   | 0.000105 |
|    n_updates       | 418311   |
---------------------------------
---------------------------------
| rollout/           |          |
|    ep_len_mean     | 188      |
|    ep_rew_mean     | 277      |
| time/              |          |
|    episodes        | 1956     |
|    fps             | 229      |
|    time_elapsed    | 1867     |
|    total_timesteps | 429083   |
| train/             |          |
|    actor_loss      | -83.5    |
|    critic_loss     | 4.49     |
|    ent_coef        | 0.0496   |
|    ent_coef_loss   | -0.0791  |
|    learning_rate   | 0.000104 |
|    n_updates       | 419082   |
---------------------------------
---------------------------------
| rollout/           |          |
|    ep_len_mean     | 189      |
|    ep_rew_mean     | 277      |
| time/              |          |
|    episodes        | 1960     |
|    fps             | 229      |
|    time_elapsed    | 1870     |
|    total_timesteps | 429794   |
| train/             |          |
|    actor_loss      | -82      |
|    critic_loss     | 5.04     |
|    ent_coef        | 0.0498   |
|    ent_coef_loss   | 0.232    |
|    learning_rate   | 0.000103 |
|    n_updates       | 419793   |
---------------------------------
Eval num_timesteps=430000, episode_reward=282.12 +/- 25.19
Episode length: 199.40 +/- 22.94
---------------------------------
| eval/              |          |
|    mean_ep_length  | 199      |
|    mean_reward     | 282      |
| time/              |          |
|    total_timesteps | 430000   |
| train/             |          |
|    actor_loss      | -83      |
|    critic_loss     | 4.18     |
|    ent_coef        | 0.0499   |
|    ent_coef_loss   | -0.0972  |
|    learning_rate   | 0.000102 |
|    n_updates       | 419999   |
---------------------------------
---------------------------------
| rollout/           |          |
|    ep_len_mean     | 188      |
|    ep_rew_mean     | 277      |
| time/              |          |
|    episodes        | 1964     |
|    fps             | 229      |
|    time_elapsed    | 1874     |
|    total_timesteps | 430514   |
| train/             |          |
|    actor_loss      | -83.3    |
|    critic_loss     | 3.4      |
|    ent_coef        | 0.0499   |
|    ent_coef_loss   | -0.449   |
|    learning_rate   | 0.000101 |
|    n_updates       | 420513   |
---------------------------------
---------------------------------
| rollout/           |          |
|    ep_len_mean     | 189      |
|    ep_rew_mean     | 278      |
| time/              |          |
|    episodes        | 1968     |
|    fps             | 229      |
|    time_elapsed    | 1877     |
|    total_timesteps | 431329   |
| train/             |          |
|    actor_loss      | -80      |
|    critic_loss     | 7.86     |
|    ent_coef        | 0.05     |
|    ent_coef_loss   | 0.317    |
|    learning_rate   | 0.0001   |
|    n_updates       | 421328   |
---------------------------------
---------------------------------
| rollout/           |          |
|    ep_len_mean     | 189      |
|    ep_rew_mean     | 279      |
| time/              |          |
|    episodes        | 1972     |
|    fps             | 229      |
|    time_elapsed    | 1880     |
|    total_timesteps | 432119   |
| train/             |          |
|    actor_loss      | -80.1    |
|    critic_loss     | 2.33     |
|    ent_coef        | 0.0502   |
|    ent_coef_loss   | 0.21     |
|    learning_rate   | 9.91e-05 |
|    n_updates       | 422118   |
---------------------------------
---------------------------------
| rollout/           |          |
|    ep_len_mean     | 190      |
|    ep_rew_mean     | 280      |
| time/              |          |
|    episodes        | 1976     |
|    fps             | 229      |
|    time_elapsed    | 1884     |
|    total_timesteps | 432967   |
| train/             |          |
|    actor_loss      | -83.3    |
|    critic_loss     | 6.79     |
|    ent_coef        | 0.0501   |
|    ent_coef_loss   | 0.56     |
|    learning_rate   | 9.79e-05 |
|    n_updates       | 422966   |
---------------------------------
---------------------------------
| rollout/           |          |
|    ep_len_mean     | 189      |
|    ep_rew_mean     | 279      |
| time/              |          |
|    episodes        | 1980     |
|    fps             | 229      |
|    time_elapsed    | 1887     |
|    total_timesteps | 433726   |
| train/             |          |
|    actor_loss      | -84.4    |
|    critic_loss     | 3.66     |
|    ent_coef        | 0.05     |
|    ent_coef_loss   | 0.0154   |
|    learning_rate   | 9.68e-05 |
|    n_updates       | 423725   |
---------------------------------
---------------------------------
| rollout/           |          |
|    ep_len_mean     | 191      |
|    ep_rew_mean     | 279      |
| time/              |          |
|    episodes        | 1984     |
|    fps             | 229      |
|    time_elapsed    | 1891     |
|    total_timesteps | 434559   |
| train/             |          |
|    actor_loss      | -82.4    |
|    critic_loss     | 6.44     |
|    ent_coef        | 0.0499   |
|    ent_coef_loss   | 0.846    |
|    learning_rate   | 9.55e-05 |
|    n_updates       | 424558   |
---------------------------------
---------------------------------
| rollout/           |          |
|    ep_len_mean     | 191      |
|    ep_rew_mean     | 280      |
| time/              |          |
|    episodes        | 1988     |
|    fps             | 229      |
|    time_elapsed    | 1894     |
|    total_timesteps | 435271   |
| train/             |          |
|    actor_loss      | -85.4    |
|    critic_loss     | 6.93     |
|    ent_coef        | 0.0496   |
|    ent_coef_loss   | -0.726   |
|    learning_rate   | 9.45e-05 |
|    n_updates       | 425270   |
---------------------------------
---------------------------------
| rollout/           |          |
|    ep_len_mean     | 192      |
|    ep_rew_mean     | 279      |
| time/              |          |
|    episodes        | 1992     |
|    fps             | 229      |
|    time_elapsed    | 1897     |
|    total_timesteps | 436048   |
| train/             |          |
|    actor_loss      | -82.3    |
|    critic_loss     | 10.8     |
|    ent_coef        | 0.0497   |
|    ent_coef_loss   | 0.852    |
|    learning_rate   | 9.34e-05 |
|    n_updates       | 426047   |
---------------------------------
---------------------------------
| rollout/           |          |
|    ep_len_mean     | 192      |
|    ep_rew_mean     | 280      |
| time/              |          |
|    episodes        | 1996     |
|    fps             | 229      |
|    time_elapsed    | 1900     |
|    total_timesteps | 436859   |
| train/             |          |
|    actor_loss      | -82      |
|    critic_loss     | 3.22     |
|    ent_coef        | 0.0499   |
|    ent_coef_loss   | -0.185   |
|    learning_rate   | 9.22e-05 |
|    n_updates       | 426858   |
---------------------------------
---------------------------------
| rollout/           |          |
|    ep_len_mean     | 191      |
|    ep_rew_mean     | 280      |
| time/              |          |
|    episodes        | 2000     |
|    fps             | 229      |
|    time_elapsed    | 1903     |
|    total_timesteps | 437572   |
| train/             |          |
|    actor_loss      | -83      |
|    critic_loss     | 4.78     |
|    ent_coef        | 0.0499   |
|    ent_coef_loss   | -0.236   |
|    learning_rate   | 9.11e-05 |
|    n_updates       | 427571   |
---------------------------------
---------------------------------
| rollout/           |          |
|    ep_len_mean     | 190      |
|    ep_rew_mean     | 281      |
| time/              |          |
|    episodes        | 2004     |
|    fps             | 229      |
|    time_elapsed    | 1907     |
|    total_timesteps | 438300   |
| train/             |          |
|    actor_loss      | -83.5    |
|    critic_loss     | 4.98     |
|    ent_coef        | 0.0496   |
|    ent_coef_loss   | -0.55    |
|    learning_rate   | 9.01e-05 |
|    n_updates       | 428299   |
---------------------------------
---------------------------------
| rollout/           |          |
|    ep_len_mean     | 191      |
|    ep_rew_mean     | 281      |
| time/              |          |
|    episodes        | 2008     |
|    fps             | 229      |
|    time_elapsed    | 1910     |
|    total_timesteps | 439095   |
| train/             |          |
|    actor_loss      | -84.3    |
|    critic_loss     | 5.21     |
|    ent_coef        | 0.0495   |
|    ent_coef_loss   | -0.217   |
|    learning_rate   | 8.89e-05 |
|    n_updates       | 429094   |
---------------------------------
---------------------------------
| rollout/           |          |
|    ep_len_mean     | 192      |
|    ep_rew_mean     | 281      |
| time/              |          |
|    episodes        | 2012     |
|    fps             | 229      |
|    time_elapsed    | 1913     |
|    total_timesteps | 439914   |
| train/             |          |
|    actor_loss      | -82.5    |
|    critic_loss     | 7.04     |
|    ent_coef        | 0.049    |
|    ent_coef_loss   | 0.415    |
|    learning_rate   | 8.77e-05 |
|    n_updates       | 429913   |
---------------------------------
Eval num_timesteps=440000, episode_reward=274.39 +/- 19.64
Episode length: 186.30 +/- 18.57
---------------------------------
| eval/              |          |
|    mean_ep_length  | 186      |
|    mean_reward     | 274      |
| time/              |          |
|    total_timesteps | 440000   |
| train/             |          |
|    actor_loss      | -83.7    |
|    critic_loss     | 3.3      |
|    ent_coef        | 0.0489   |
|    ent_coef_loss   | -0.545   |
|    learning_rate   | 8.76e-05 |
|    n_updates       | 429999   |
---------------------------------
---------------------------------
| rollout/           |          |
|    ep_len_mean     | 193      |
|    ep_rew_mean     | 282      |
| time/              |          |
|    episodes        | 2016     |
|    fps             | 229      |
|    time_elapsed    | 1917     |
|    total_timesteps | 440686   |
| train/             |          |
|    actor_loss      | -82.6    |
|    critic_loss     | 3.51     |
|    ent_coef        | 0.0487   |
|    ent_coef_loss   | 0.577    |
|    learning_rate   | 8.66e-05 |
|    n_updates       | 430685   |
---------------------------------
---------------------------------
| rollout/           |          |
|    ep_len_mean     | 193      |
|    ep_rew_mean     | 282      |
| time/              |          |
|    episodes        | 2020     |
|    fps             | 229      |
|    time_elapsed    | 1920     |
|    total_timesteps | 441426   |
| train/             |          |
|    actor_loss      | -84.9    |
|    critic_loss     | 5.29     |
|    ent_coef        | 0.0486   |
|    ent_coef_loss   | -0.627   |
|    learning_rate   | 8.55e-05 |
|    n_updates       | 431425   |
---------------------------------
---------------------------------
| rollout/           |          |
|    ep_len_mean     | 193      |
|    ep_rew_mean     | 282      |
| time/              |          |
|    episodes        | 2024     |
|    fps             | 229      |
|    time_elapsed    | 1924     |
|    total_timesteps | 442219   |
| train/             |          |
|    actor_loss      | -84.8    |
|    critic_loss     | 3.89     |
|    ent_coef        | 0.0488   |
|    ent_coef_loss   | -0.184   |
|    learning_rate   | 8.44e-05 |
|    n_updates       | 432218   |
---------------------------------
---------------------------------
| rollout/           |          |
|    ep_len_mean     | 193      |
|    ep_rew_mean     | 282      |
| time/              |          |
|    episodes        | 2028     |
|    fps             | 229      |
|    time_elapsed    | 1927     |
|    total_timesteps | 443004   |
| train/             |          |
|    actor_loss      | -84      |
|    critic_loss     | 6.64     |
|    ent_coef        | 0.0493   |
|    ent_coef_loss   | -0.41    |
|    learning_rate   | 8.32e-05 |
|    n_updates       | 433003   |
---------------------------------
---------------------------------
| rollout/           |          |
|    ep_len_mean     | 194      |
|    ep_rew_mean     | 282      |
| time/              |          |
|    episodes        | 2032     |
|    fps             | 229      |
|    time_elapsed    | 1930     |
|    total_timesteps | 443775   |
| train/             |          |
|    actor_loss      | -81.6    |
|    critic_loss     | 8.06     |
|    ent_coef        | 0.0494   |
|    ent_coef_loss   | 0.368    |
|    learning_rate   | 8.21e-05 |
|    n_updates       | 433774   |
---------------------------------
---------------------------------
| rollout/           |          |
|    ep_len_mean     | 195      |
|    ep_rew_mean     | 283      |
| time/              |          |
|    episodes        | 2036     |
|    fps             | 229      |
|    time_elapsed    | 1934     |
|    total_timesteps | 444550   |
| train/             |          |
|    actor_loss      | -81.4    |
|    critic_loss     | 2.48     |
|    ent_coef        | 0.0491   |
|    ent_coef_loss   | 0.54     |
|    learning_rate   | 8.1e-05  |
|    n_updates       | 434549   |
---------------------------------
---------------------------------
| rollout/           |          |
|    ep_len_mean     | 194      |
|    ep_rew_mean     | 283      |
| time/              |          |
|    episodes        | 2040     |
|    fps             | 229      |
|    time_elapsed    | 1937     |
|    total_timesteps | 445225   |
| train/             |          |
|    actor_loss      | -86.3    |
|    critic_loss     | 4.29     |
|    ent_coef        | 0.0489   |
|    ent_coef_loss   | -0.493   |
|    learning_rate   | 8e-05    |
|    n_updates       | 435224   |
---------------------------------
---------------------------------
| rollout/           |          |
|    ep_len_mean     | 194      |
|    ep_rew_mean     | 284      |
| time/              |          |
|    episodes        | 2044     |
|    fps             | 229      |
|    time_elapsed    | 1940     |
|    total_timesteps | 445951   |
| train/             |          |
|    actor_loss      | -85.6    |
|    critic_loss     | 1.23     |
|    ent_coef        | 0.0488   |
|    ent_coef_loss   | -1.17    |
|    learning_rate   | 7.89e-05 |
|    n_updates       | 435950   |
---------------------------------
---------------------------------
| rollout/           |          |
|    ep_len_mean     | 191      |
|    ep_rew_mean     | 284      |
| time/              |          |
|    episodes        | 2048     |
|    fps             | 229      |
|    time_elapsed    | 1943     |
|    total_timesteps | 446696   |
| train/             |          |
|    actor_loss      | -82.4    |
|    critic_loss     | 2.06     |
|    ent_coef        | 0.0489   |
|    ent_coef_loss   | 0.276    |
|    learning_rate   | 7.78e-05 |
|    n_updates       | 436695   |
---------------------------------
---------------------------------
| rollout/           |          |
|    ep_len_mean     | 191      |
|    ep_rew_mean     | 284      |
| time/              |          |
|    episodes        | 2052     |
|    fps             | 229      |
|    time_elapsed    | 1946     |
|    total_timesteps | 447408   |
| train/             |          |
|    actor_loss      | -85      |
|    critic_loss     | 5.45     |
|    ent_coef        | 0.0484   |
|    ent_coef_loss   | 0.444    |
|    learning_rate   | 7.68e-05 |
|    n_updates       | 437407   |
---------------------------------
---------------------------------
| rollout/           |          |
|    ep_len_mean     | 191      |
|    ep_rew_mean     | 285      |
| time/              |          |
|    episodes        | 2056     |
|    fps             | 229      |
|    time_elapsed    | 1949     |
|    total_timesteps | 448198   |
| train/             |          |
|    actor_loss      | -83      |
|    critic_loss     | 9.23     |
|    ent_coef        | 0.0481   |
|    ent_coef_loss   | 0.308    |
|    learning_rate   | 7.56e-05 |
|    n_updates       | 438197   |
---------------------------------
---------------------------------
| rollout/           |          |
|    ep_len_mean     | 191      |
|    ep_rew_mean     | 285      |
| time/              |          |
|    episodes        | 2060     |
|    fps             | 229      |
|    time_elapsed    | 1952     |
|    total_timesteps | 448941   |
| train/             |          |
|    actor_loss      | -83.7    |
|    critic_loss     | 3.5      |
|    ent_coef        | 0.0478   |
|    ent_coef_loss   | 0.567    |
|    learning_rate   | 7.45e-05 |
|    n_updates       | 438940   |
---------------------------------
---------------------------------
| rollout/           |          |
|    ep_len_mean     | 193      |
|    ep_rew_mean     | 286      |
| time/              |          |
|    episodes        | 2064     |
|    fps             | 229      |
|    time_elapsed    | 1956     |
|    total_timesteps | 449771   |
| train/             |          |
|    actor_loss      | -80.8    |
|    critic_loss     | 2.51     |
|    ent_coef        | 0.048    |
|    ent_coef_loss   | 0.597    |
|    learning_rate   | 7.33e-05 |
|    n_updates       | 439770   |
---------------------------------
Eval num_timesteps=450000, episode_reward=267.71 +/- 20.50
Episode length: 177.80 +/- 26.41
---------------------------------
| eval/              |          |
|    mean_ep_length  | 178      |
|    mean_reward     | 268      |
| time/              |          |
|    total_timesteps | 450000   |
| train/             |          |
|    actor_loss      | -87.5    |
|    critic_loss     | 2.93     |
|    ent_coef        | 0.048    |
|    ent_coef_loss   | -0.718   |
|    learning_rate   | 7.3e-05  |
|    n_updates       | 439999   |
---------------------------------
---------------------------------
| rollout/           |          |
|    ep_len_mean     | 191      |
|    ep_rew_mean     | 284      |
| time/              |          |
|    episodes        | 2068     |
|    fps             | 229      |
|    time_elapsed    | 1959     |
|    total_timesteps | 450422   |
| train/             |          |
|    actor_loss      | -81.3    |
|    critic_loss     | 6.91     |
|    ent_coef        | 0.0477   |
|    ent_coef_loss   | 0.837    |
|    learning_rate   | 7.24e-05 |
|    n_updates       | 440421   |
---------------------------------
---------------------------------
| rollout/           |          |
|    ep_len_mean     | 190      |
|    ep_rew_mean     | 283      |
| time/              |          |
|    episodes        | 2072     |
|    fps             | 229      |
|    time_elapsed    | 1962     |
|    total_timesteps | 451085   |
| train/             |          |
|    actor_loss      | -86.5    |
|    critic_loss     | 6.51     |
|    ent_coef        | 0.0484   |
|    ent_coef_loss   | -0.625   |
|    learning_rate   | 7.14e-05 |
|    n_updates       | 441084   |
---------------------------------
---------------------------------
| rollout/           |          |
|    ep_len_mean     | 189      |
|    ep_rew_mean     | 283      |
| time/              |          |
|    episodes        | 2076     |
|    fps             | 229      |
|    time_elapsed    | 1965     |
|    total_timesteps | 451911   |
| train/             |          |
|    actor_loss      | -82.4    |
|    critic_loss     | 32.4     |
|    ent_coef        | 0.0486   |
|    ent_coef_loss   | 0.189    |
|    learning_rate   | 7.02e-05 |
|    n_updates       | 441910   |
---------------------------------
---------------------------------
| rollout/           |          |
|    ep_len_mean     | 188      |
|    ep_rew_mean     | 283      |
| time/              |          |
|    episodes        | 2080     |
|    fps             | 229      |
|    time_elapsed    | 1968     |
|    total_timesteps | 452563   |
| train/             |          |
|    actor_loss      | -81.9    |
|    critic_loss     | 1.43     |
|    ent_coef        | 0.0482   |
|    ent_coef_loss   | -0.359   |
|    learning_rate   | 6.93e-05 |
|    n_updates       | 442562   |
---------------------------------
---------------------------------
| rollout/           |          |
|    ep_len_mean     | 187      |
|    ep_rew_mean     | 284      |
| time/              |          |
|    episodes        | 2084     |
|    fps             | 229      |
|    time_elapsed    | 1971     |
|    total_timesteps | 453287   |
| train/             |          |
|    actor_loss      | -81.4    |
|    critic_loss     | 9.56     |
|    ent_coef        | 0.0483   |
|    ent_coef_loss   | 0.438    |
|    learning_rate   | 6.82e-05 |
|    n_updates       | 443286   |
---------------------------------
---------------------------------
| rollout/           |          |
|    ep_len_mean     | 187      |
|    ep_rew_mean     | 284      |
| time/              |          |
|    episodes        | 2088     |
|    fps             | 229      |
|    time_elapsed    | 1974     |
|    total_timesteps | 454020   |
| train/             |          |
|    actor_loss      | -82.7    |
|    critic_loss     | 6.12     |
|    ent_coef        | 0.0484   |
|    ent_coef_loss   | 0.533    |
|    learning_rate   | 6.71e-05 |
|    n_updates       | 444019   |
---------------------------------
---------------------------------
| rollout/           |          |
|    ep_len_mean     | 187      |
|    ep_rew_mean     | 284      |
| time/              |          |
|    episodes        | 2092     |
|    fps             | 229      |
|    time_elapsed    | 1978     |
|    total_timesteps | 454763   |
| train/             |          |
|    actor_loss      | -80.2    |
|    critic_loss     | 1.74     |
|    ent_coef        | 0.0489   |
|    ent_coef_loss   | 0.436    |
|    learning_rate   | 6.6e-05  |
|    n_updates       | 444762   |
---------------------------------
---------------------------------
| rollout/           |          |
|    ep_len_mean     | 187      |
|    ep_rew_mean     | 283      |
| time/              |          |
|    episodes        | 2096     |
|    fps             | 229      |
|    time_elapsed    | 1981     |
|    total_timesteps | 455514   |
| train/             |          |
|    actor_loss      | -85.6    |
|    critic_loss     | 3.01     |
|    ent_coef        | 0.0488   |
|    ent_coef_loss   | -0.104   |
|    learning_rate   | 6.5e-05  |
|    n_updates       | 445513   |
---------------------------------
---------------------------------
| rollout/           |          |
|    ep_len_mean     | 187      |
|    ep_rew_mean     | 282      |
| time/              |          |
|    episodes        | 2100     |
|    fps             | 229      |
|    time_elapsed    | 1985     |
|    total_timesteps | 456231   |
| train/             |          |
|    actor_loss      | -81.7    |
|    critic_loss     | 1.25     |
|    ent_coef        | 0.049    |
|    ent_coef_loss   | 0.175    |
|    learning_rate   | 6.39e-05 |
|    n_updates       | 446230   |
---------------------------------
---------------------------------
| rollout/           |          |
|    ep_len_mean     | 187      |
|    ep_rew_mean     | 283      |
| time/              |          |
|    episodes        | 2104     |
|    fps             | 229      |
|    time_elapsed    | 1989     |
|    total_timesteps | 457023   |
| train/             |          |
|    actor_loss      | -83.7    |
|    critic_loss     | 2.99     |
|    ent_coef        | 0.0493   |
|    ent_coef_loss   | -0.658   |
|    learning_rate   | 6.27e-05 |
|    n_updates       | 447022   |
---------------------------------
---------------------------------
| rollout/           |          |
|    ep_len_mean     | 187      |
|    ep_rew_mean     | 283      |
| time/              |          |
|    episodes        | 2108     |
|    fps             | 229      |
|    time_elapsed    | 1993     |
|    total_timesteps | 457808   |
| train/             |          |
|    actor_loss      | -83.6    |
|    critic_loss     | 24.7     |
|    ent_coef        | 0.0491   |
|    ent_coef_loss   | 0.733    |
|    learning_rate   | 6.16e-05 |
|    n_updates       | 447807   |
---------------------------------
---------------------------------
| rollout/           |          |
|    ep_len_mean     | 186      |
|    ep_rew_mean     | 282      |
| time/              |          |
|    episodes        | 2112     |
|    fps             | 229      |
|    time_elapsed    | 1996     |
|    total_timesteps | 458521   |
| train/             |          |
|    actor_loss      | -86.3    |
|    critic_loss     | 1.31     |
|    ent_coef        | 0.0488   |
|    ent_coef_loss   | -0.754   |
|    learning_rate   | 6.06e-05 |
|    n_updates       | 448520   |
---------------------------------
---------------------------------
| rollout/           |          |
|    ep_len_mean     | 186      |
|    ep_rew_mean     | 282      |
| time/              |          |
|    episodes        | 2116     |
|    fps             | 229      |
|    time_elapsed    | 2000     |
|    total_timesteps | 459253   |
| train/             |          |
|    actor_loss      | -86.5    |
|    critic_loss     | 4.62     |
|    ent_coef        | 0.0484   |
|    ent_coef_loss   | -0.734   |
|    learning_rate   | 5.95e-05 |
|    n_updates       | 449252   |
---------------------------------
Eval num_timesteps=460000, episode_reward=265.63 +/- 27.38
Episode length: 216.10 +/- 88.13
---------------------------------
| eval/              |          |
|    mean_ep_length  | 216      |
|    mean_reward     | 266      |
| time/              |          |
|    total_timesteps | 460000   |
| train/             |          |
|    actor_loss      | -86.5    |
|    critic_loss     | 7.6      |
|    ent_coef        | 0.0485   |
|    ent_coef_loss   | -0.393   |
|    learning_rate   | 5.84e-05 |
|    n_updates       | 449999   |
---------------------------------
---------------------------------
| rollout/           |          |
|    ep_len_mean     | 186      |
|    ep_rew_mean     | 281      |
| time/              |          |
|    episodes        | 2120     |
|    fps             | 229      |
|    time_elapsed    | 2004     |
|    total_timesteps | 460060   |
| train/             |          |
|    actor_loss      | -85.7    |
|    critic_loss     | 5.81     |
|    ent_coef        | 0.0485   |
|    ent_coef_loss   | -0.438   |
|    learning_rate   | 5.83e-05 |
|    n_updates       | 450059   |
---------------------------------
---------------------------------
| rollout/           |          |
|    ep_len_mean     | 186      |
|    ep_rew_mean     | 281      |
| time/              |          |
|    episodes        | 2124     |
|    fps             | 229      |
|    time_elapsed    | 2008     |
|    total_timesteps | 460839   |
| train/             |          |
|    actor_loss      | -88.2    |
|    critic_loss     | 1.72     |
|    ent_coef        | 0.0484   |
|    ent_coef_loss   | -1.18    |
|    learning_rate   | 5.72e-05 |
|    n_updates       | 450838   |
---------------------------------
---------------------------------
| rollout/           |          |
|    ep_len_mean     | 186      |
|    ep_rew_mean     | 282      |
| time/              |          |
|    episodes        | 2128     |
|    fps             | 229      |
|    time_elapsed    | 2012     |
|    total_timesteps | 461643   |
| train/             |          |
|    actor_loss      | -85      |
|    critic_loss     | 4.52     |
|    ent_coef        | 0.0485   |
|    ent_coef_loss   | -0.389   |
|    learning_rate   | 5.6e-05  |
|    n_updates       | 451642   |
---------------------------------
---------------------------------
| rollout/           |          |
|    ep_len_mean     | 186      |
|    ep_rew_mean     | 282      |
| time/              |          |
|    episodes        | 2132     |
|    fps             | 229      |
|    time_elapsed    | 2015     |
|    total_timesteps | 462369   |
| train/             |          |
|    actor_loss      | -84.3    |
|    critic_loss     | 7.61     |
|    ent_coef        | 0.0484   |
|    ent_coef_loss   | 0.401    |
|    learning_rate   | 5.49e-05 |
|    n_updates       | 452368   |
---------------------------------
---------------------------------
| rollout/           |          |
|    ep_len_mean     | 186      |
|    ep_rew_mean     | 281      |
| time/              |          |
|    episodes        | 2136     |
|    fps             | 229      |
|    time_elapsed    | 2019     |
|    total_timesteps | 463112   |
| train/             |          |
|    actor_loss      | -82.8    |
|    critic_loss     | 7.19     |
|    ent_coef        | 0.0485   |
|    ent_coef_loss   | 0.339    |
|    learning_rate   | 5.39e-05 |
|    n_updates       | 453111   |
---------------------------------
---------------------------------
| rollout/           |          |
|    ep_len_mean     | 187      |
|    ep_rew_mean     | 281      |
| time/              |          |
|    episodes        | 2140     |
|    fps             | 229      |
|    time_elapsed    | 2023     |
|    total_timesteps | 463958   |
| train/             |          |
|    actor_loss      | -85.4    |
|    critic_loss     | 3.66     |
|    ent_coef        | 0.0482   |
|    ent_coef_loss   | 0.0636   |
|    learning_rate   | 5.26e-05 |
|    n_updates       | 453957   |
---------------------------------
---------------------------------
| rollout/           |          |
|    ep_len_mean     | 188      |
|    ep_rew_mean     | 282      |
| time/              |          |
|    episodes        | 2144     |
|    fps             | 229      |
|    time_elapsed    | 2027     |
|    total_timesteps | 464726   |
| train/             |          |
|    actor_loss      | -83.1    |
|    critic_loss     | 4.74     |
|    ent_coef        | 0.0481   |
|    ent_coef_loss   | -0.535   |
|    learning_rate   | 5.15e-05 |
|    n_updates       | 454725   |
---------------------------------
---------------------------------
| rollout/           |          |
|    ep_len_mean     | 189      |
|    ep_rew_mean     | 282      |
| time/              |          |
|    episodes        | 2148     |
|    fps             | 229      |
|    time_elapsed    | 2031     |
|    total_timesteps | 465565   |
| train/             |          |
|    actor_loss      | -85.2    |
|    critic_loss     | 1.92     |
|    ent_coef        | 0.0478   |
|    ent_coef_loss   | -0.378   |
|    learning_rate   | 5.03e-05 |
|    n_updates       | 455564   |
---------------------------------
---------------------------------
| rollout/           |          |
|    ep_len_mean     | 189      |
|    ep_rew_mean     | 282      |
| time/              |          |
|    episodes        | 2152     |
|    fps             | 229      |
|    time_elapsed    | 2035     |
|    total_timesteps | 466298   |
| train/             |          |
|    actor_loss      | -83.4    |
|    critic_loss     | 1.53     |
|    ent_coef        | 0.0479   |
|    ent_coef_loss   | 0.351    |
|    learning_rate   | 4.92e-05 |
|    n_updates       | 456297   |
---------------------------------
---------------------------------
| rollout/           |          |
|    ep_len_mean     | 188      |
|    ep_rew_mean     | 281      |
| time/              |          |
|    episodes        | 2156     |
|    fps             | 229      |
|    time_elapsed    | 2038     |
|    total_timesteps | 467043   |
| train/             |          |
|    actor_loss      | -85.8    |
|    critic_loss     | 1.9      |
|    ent_coef        | 0.0481   |
|    ent_coef_loss   | -0.357   |
|    learning_rate   | 4.81e-05 |
|    n_updates       | 457042   |
---------------------------------
---------------------------------
| rollout/           |          |
|    ep_len_mean     | 189      |
|    ep_rew_mean     | 281      |
| time/              |          |
|    episodes        | 2160     |
|    fps             | 229      |
|    time_elapsed    | 2042     |
|    total_timesteps | 467795   |
| train/             |          |
|    actor_loss      | -85.5    |
|    critic_loss     | 7.06     |
|    ent_coef        | 0.0479   |
|    ent_coef_loss   | 0.35     |
|    learning_rate   | 4.7e-05  |
|    n_updates       | 457794   |
---------------------------------
---------------------------------
| rollout/           |          |
|    ep_len_mean     | 188      |
|    ep_rew_mean     | 280      |
| time/              |          |
|    episodes        | 2164     |
|    fps             | 228      |
|    time_elapsed    | 2045     |
|    total_timesteps | 468533   |
| train/             |          |
|    actor_loss      | -84.8    |
|    critic_loss     | 3.3      |
|    ent_coef        | 0.0478   |
|    ent_coef_loss   | 0.821    |
|    learning_rate   | 4.59e-05 |
|    n_updates       | 458532   |
---------------------------------
---------------------------------
| rollout/           |          |
|    ep_len_mean     | 188      |
|    ep_rew_mean     | 281      |
| time/              |          |
|    episodes        | 2168     |
|    fps             | 228      |
|    time_elapsed    | 2049     |
|    total_timesteps | 469228   |
| train/             |          |
|    actor_loss      | -84.4    |
|    critic_loss     | 6.96     |
|    ent_coef        | 0.0478   |
|    ent_coef_loss   | 0.724    |
|    learning_rate   | 4.49e-05 |
|    n_updates       | 459227   |
---------------------------------
---------------------------------
| rollout/           |          |
|    ep_len_mean     | 188      |
|    ep_rew_mean     | 280      |
| time/              |          |
|    episodes        | 2172     |
|    fps             | 228      |
|    time_elapsed    | 2052     |
|    total_timesteps | 469928   |
| train/             |          |
|    actor_loss      | -83.6    |
|    critic_loss     | 6.01     |
|    ent_coef        | 0.0478   |
|    ent_coef_loss   | -0.645   |
|    learning_rate   | 4.39e-05 |
|    n_updates       | 459927   |
---------------------------------
Eval num_timesteps=470000, episode_reward=265.88 +/- 19.12
Episode length: 166.50 +/- 11.27
---------------------------------
| eval/              |          |
|    mean_ep_length  | 166      |
|    mean_reward     | 266      |
| time/              |          |
|    total_timesteps | 470000   |
| train/             |          |
|    actor_loss      | -81.8    |
|    critic_loss     | 6.18     |
|    ent_coef        | 0.0479   |
|    ent_coef_loss   | 0.547    |
|    learning_rate   | 4.38e-05 |
|    n_updates       | 459999   |
---------------------------------
---------------------------------
| rollout/           |          |
|    ep_len_mean     | 188      |
|    ep_rew_mean     | 280      |
| time/              |          |
|    episodes        | 2176     |
|    fps             | 228      |
|    time_elapsed    | 2057     |
|    total_timesteps | 470682   |
| train/             |          |
|    actor_loss      | -84.4    |
|    critic_loss     | 3.86     |
|    ent_coef        | 0.0478   |
|    ent_coef_loss   | -0.376   |
|    learning_rate   | 4.28e-05 |
|    n_updates       | 460681   |
---------------------------------
---------------------------------
| rollout/           |          |
|    ep_len_mean     | 188      |
|    ep_rew_mean     | 279      |
| time/              |          |
|    episodes        | 2180     |
|    fps             | 228      |
|    time_elapsed    | 2060     |
|    total_timesteps | 471391   |
| train/             |          |
|    actor_loss      | -84.5    |
|    critic_loss     | 1.22     |
|    ent_coef        | 0.0478   |
|    ent_coef_loss   | 0.103    |
|    learning_rate   | 4.18e-05 |
|    n_updates       | 461390   |
---------------------------------
---------------------------------
| rollout/           |          |
|    ep_len_mean     | 189      |
|    ep_rew_mean     | 279      |
| time/              |          |
|    episodes        | 2184     |
|    fps             | 228      |
|    time_elapsed    | 2064     |
|    total_timesteps | 472214   |
| train/             |          |
|    actor_loss      | -82.7    |
|    critic_loss     | 7.74     |
|    ent_coef        | 0.0478   |
|    ent_coef_loss   | 0.569    |
|    learning_rate   | 4.06e-05 |
|    n_updates       | 462213   |
---------------------------------
---------------------------------
| rollout/           |          |
|    ep_len_mean     | 189      |
|    ep_rew_mean     | 279      |
| time/              |          |
|    episodes        | 2188     |
|    fps             | 228      |
|    time_elapsed    | 2067     |
|    total_timesteps | 472880   |
| train/             |          |
|    actor_loss      | -84.2    |
|    critic_loss     | 4.48     |
|    ent_coef        | 0.0477   |
|    ent_coef_loss   | -0.0804  |
|    learning_rate   | 3.96e-05 |
|    n_updates       | 462879   |
---------------------------------
---------------------------------
| rollout/           |          |
|    ep_len_mean     | 188      |
|    ep_rew_mean     | 279      |
| time/              |          |
|    episodes        | 2192     |
|    fps             | 228      |
|    time_elapsed    | 2071     |
|    total_timesteps | 473592   |
| train/             |          |
|    actor_loss      | -85.1    |
|    critic_loss     | 5.04     |
|    ent_coef        | 0.0477   |
|    ent_coef_loss   | -0.202   |
|    learning_rate   | 3.86e-05 |
|    n_updates       | 463591   |
---------------------------------
---------------------------------
| rollout/           |          |
|    ep_len_mean     | 189      |
|    ep_rew_mean     | 279      |
| time/              |          |
|    episodes        | 2196     |
|    fps             | 228      |
|    time_elapsed    | 2075     |
|    total_timesteps | 474404   |
| train/             |          |
|    actor_loss      | -86.1    |
|    critic_loss     | 1.1      |
|    ent_coef        | 0.0477   |
|    ent_coef_loss   | -0.186   |
|    learning_rate   | 3.74e-05 |
|    n_updates       | 464403   |
---------------------------------
---------------------------------
| rollout/           |          |
|    ep_len_mean     | 190      |
|    ep_rew_mean     | 280      |
| time/              |          |
|    episodes        | 2200     |
|    fps             | 228      |
|    time_elapsed    | 2079     |
|    total_timesteps | 475194   |
| train/             |          |
|    actor_loss      | -82.5    |
|    critic_loss     | 1.89     |
|    ent_coef        | 0.0478   |
|    ent_coef_loss   | 0.518    |
|    learning_rate   | 3.62e-05 |
|    n_updates       | 465193   |
---------------------------------
---------------------------------
| rollout/           |          |
|    ep_len_mean     | 189      |
|    ep_rew_mean     | 279      |
| time/              |          |
|    episodes        | 2204     |
|    fps             | 228      |
|    time_elapsed    | 2082     |
|    total_timesteps | 475939   |
| train/             |          |
|    actor_loss      | -85.2    |
|    critic_loss     | 3.33     |
|    ent_coef        | 0.0476   |
|    ent_coef_loss   | -0.21    |
|    learning_rate   | 3.51e-05 |
|    n_updates       | 465938   |
---------------------------------
---------------------------------
| rollout/           |          |
|    ep_len_mean     | 189      |
|    ep_rew_mean     | 279      |
| time/              |          |
|    episodes        | 2208     |
|    fps             | 228      |
|    time_elapsed    | 2086     |
|    total_timesteps | 476735   |
| train/             |          |
|    actor_loss      | -82.2    |
|    critic_loss     | 1.32     |
|    ent_coef        | 0.0475   |
|    ent_coef_loss   | 0.331    |
|    learning_rate   | 3.4e-05  |
|    n_updates       | 466734   |
---------------------------------
---------------------------------
| rollout/           |          |
|    ep_len_mean     | 190      |
|    ep_rew_mean     | 279      |
| time/              |          |
|    episodes        | 2212     |
|    fps             | 228      |
|    time_elapsed    | 2090     |
|    total_timesteps | 477503   |
| train/             |          |
|    actor_loss      | -83.1    |
|    critic_loss     | 6.29     |
|    ent_coef        | 0.0474   |
|    ent_coef_loss   | 0.244    |
|    learning_rate   | 3.28e-05 |
|    n_updates       | 467502   |
---------------------------------
---------------------------------
| rollout/           |          |
|    ep_len_mean     | 190      |
|    ep_rew_mean     | 280      |
| time/              |          |
|    episodes        | 2216     |
|    fps             | 228      |
|    time_elapsed    | 2093     |
|    total_timesteps | 478293   |
| train/             |          |
|    actor_loss      | -81.7    |
|    critic_loss     | 3.49     |
|    ent_coef        | 0.0474   |
|    ent_coef_loss   | 0.801    |
|    learning_rate   | 3.17e-05 |
|    n_updates       | 468292   |
---------------------------------
---------------------------------
| rollout/           |          |
|    ep_len_mean     | 190      |
|    ep_rew_mean     | 280      |
| time/              |          |
|    episodes        | 2220     |
|    fps             | 228      |
|    time_elapsed    | 2096     |
|    total_timesteps | 479042   |
| train/             |          |
|    actor_loss      | -82.9    |
|    critic_loss     | 2.92     |
|    ent_coef        | 0.0474   |
|    ent_coef_loss   | 0.0975   |
|    learning_rate   | 3.06e-05 |
|    n_updates       | 469041   |
---------------------------------
---------------------------------
| rollout/           |          |
|    ep_len_mean     | 189      |
|    ep_rew_mean     | 279      |
| time/              |          |
|    episodes        | 2224     |
|    fps             | 228      |
|    time_elapsed    | 2099     |
|    total_timesteps | 479723   |
| train/             |          |
|    actor_loss      | -84.1    |
|    critic_loss     | 55.1     |
|    ent_coef        | 0.0472   |
|    ent_coef_loss   | 0.846    |
|    learning_rate   | 2.96e-05 |
|    n_updates       | 469722   |
---------------------------------
Eval num_timesteps=480000, episode_reward=276.44 +/- 17.99
Episode length: 191.50 +/- 24.69
---------------------------------
| eval/              |          |
|    mean_ep_length  | 192      |
|    mean_reward     | 276      |
| time/              |          |
|    total_timesteps | 480000   |
| train/             |          |
|    actor_loss      | -84.2    |
|    critic_loss     | 3.23     |
|    ent_coef        | 0.0473   |
|    ent_coef_loss   | 0.174    |
|    learning_rate   | 2.92e-05 |
|    n_updates       | 469999   |
---------------------------------
---------------------------------
| rollout/           |          |
|    ep_len_mean     | 188      |
|    ep_rew_mean     | 278      |
| time/              |          |
|    episodes        | 2228     |
|    fps             | 228      |
|    time_elapsed    | 2103     |
|    total_timesteps | 480463   |
| train/             |          |
|    actor_loss      | -85.3    |
|    critic_loss     | 13.3     |
|    ent_coef        | 0.0472   |
|    ent_coef_loss   | 0.0298   |
|    learning_rate   | 2.85e-05 |
|    n_updates       | 470462   |
---------------------------------
---------------------------------
| rollout/           |          |
|    ep_len_mean     | 189      |
|    ep_rew_mean     | 279      |
| time/              |          |
|    episodes        | 2232     |
|    fps             | 228      |
|    time_elapsed    | 2106     |
|    total_timesteps | 481288   |
| train/             |          |
|    actor_loss      | -85.6    |
|    critic_loss     | 1.24     |
|    ent_coef        | 0.0471   |
|    ent_coef_loss   | -0.284   |
|    learning_rate   | 2.73e-05 |
|    n_updates       | 471287   |
---------------------------------
---------------------------------
| rollout/           |          |
|    ep_len_mean     | 189      |
|    ep_rew_mean     | 280      |
| time/              |          |
|    episodes        | 2236     |
|    fps             | 228      |
|    time_elapsed    | 2109     |
|    total_timesteps | 481993   |
| train/             |          |
|    actor_loss      | -87.5    |
|    critic_loss     | 1.76     |
|    ent_coef        | 0.0471   |
|    ent_coef_loss   | -0.56    |
|    learning_rate   | 2.63e-05 |
|    n_updates       | 471992   |
---------------------------------
---------------------------------
| rollout/           |          |
|    ep_len_mean     | 190      |
|    ep_rew_mean     | 279      |
| time/              |          |
|    episodes        | 2240     |
|    fps             | 228      |
|    time_elapsed    | 2113     |
|    total_timesteps | 482922   |
| train/             |          |
|    actor_loss      | -82.8    |
|    critic_loss     | 4.63     |
|    ent_coef        | 0.0468   |
|    ent_coef_loss   | 0.00102  |
|    learning_rate   | 2.49e-05 |
|    n_updates       | 472921   |
---------------------------------
---------------------------------
| rollout/           |          |
|    ep_len_mean     | 189      |
|    ep_rew_mean     | 279      |
| time/              |          |
|    episodes        | 2244     |
|    fps             | 228      |
|    time_elapsed    | 2116     |
|    total_timesteps | 483650   |
| train/             |          |
|    actor_loss      | -86.6    |
|    critic_loss     | 3.89     |
|    ent_coef        | 0.0467   |
|    ent_coef_loss   | -0.527   |
|    learning_rate   | 2.39e-05 |
|    n_updates       | 473649   |
---------------------------------
---------------------------------
| rollout/           |          |
|    ep_len_mean     | 188      |
|    ep_rew_mean     | 278      |
| time/              |          |
|    episodes        | 2248     |
|    fps             | 228      |
|    time_elapsed    | 2119     |
|    total_timesteps | 484327   |
| train/             |          |
|    actor_loss      | -83.9    |
|    critic_loss     | 1.81     |
|    ent_coef        | 0.0467   |
|    ent_coef_loss   | 0.315    |
|    learning_rate   | 2.29e-05 |
|    n_updates       | 474326   |
---------------------------------
---------------------------------
| rollout/           |          |
|    ep_len_mean     | 187      |
|    ep_rew_mean     | 277      |
| time/              |          |
|    episodes        | 2252     |
|    fps             | 228      |
|    time_elapsed    | 2122     |
|    total_timesteps | 485012   |
| train/             |          |
|    actor_loss      | -86      |
|    critic_loss     | 6.89     |
|    ent_coef        | 0.0466   |
|    ent_coef_loss   | -0.331   |
|    learning_rate   | 2.19e-05 |
|    n_updates       | 475011   |
---------------------------------
---------------------------------
| rollout/           |          |
|    ep_len_mean     | 187      |
|    ep_rew_mean     | 278      |
| time/              |          |
|    episodes        | 2256     |
|    fps             | 228      |
|    time_elapsed    | 2125     |
|    total_timesteps | 485789   |
| train/             |          |
|    actor_loss      | -82.9    |
|    critic_loss     | 1.01     |
|    ent_coef        | 0.0466   |
|    ent_coef_loss   | 0.217    |
|    learning_rate   | 2.07e-05 |
|    n_updates       | 475788   |
---------------------------------
---------------------------------
| rollout/           |          |
|    ep_len_mean     | 187      |
|    ep_rew_mean     | 277      |
| time/              |          |
|    episodes        | 2260     |
|    fps             | 228      |
|    time_elapsed    | 2128     |
|    total_timesteps | 486516   |
| train/             |          |
|    actor_loss      | -85.7    |
|    critic_loss     | 2.47     |
|    ent_coef        | 0.0466   |
|    ent_coef_loss   | 0.118    |
|    learning_rate   | 1.97e-05 |
|    n_updates       | 476515   |
---------------------------------
---------------------------------
| rollout/           |          |
|    ep_len_mean     | 187      |
|    ep_rew_mean     | 277      |
| time/              |          |
|    episodes        | 2264     |
|    fps             | 228      |
|    time_elapsed    | 2131     |
|    total_timesteps | 487243   |
| train/             |          |
|    actor_loss      | -84.5    |
|    critic_loss     | 1.11     |
|    ent_coef        | 0.0466   |
|    ent_coef_loss   | -1.09    |
|    learning_rate   | 1.86e-05 |
|    n_updates       | 477242   |
---------------------------------
---------------------------------
| rollout/           |          |
|    ep_len_mean     | 188      |
|    ep_rew_mean     | 278      |
| time/              |          |
|    episodes        | 2268     |
|    fps             | 228      |
|    time_elapsed    | 2135     |
|    total_timesteps | 488044   |
| train/             |          |
|    actor_loss      | -85      |
|    critic_loss     | 1.85     |
|    ent_coef        | 0.0465   |
|    ent_coef_loss   | -0.121   |
|    learning_rate   | 1.75e-05 |
|    n_updates       | 478043   |
---------------------------------
---------------------------------
| rollout/           |          |
|    ep_len_mean     | 189      |
|    ep_rew_mean     | 280      |
| time/              |          |
|    episodes        | 2272     |
|    fps             | 228      |
|    time_elapsed    | 2138     |
|    total_timesteps | 488829   |
| train/             |          |
|    actor_loss      | -86.2    |
|    critic_loss     | 1.11     |
|    ent_coef        | 0.0465   |
|    ent_coef_loss   | -0.77    |
|    learning_rate   | 1.63e-05 |
|    n_updates       | 478828   |
---------------------------------
---------------------------------
| rollout/           |          |
|    ep_len_mean     | 189      |
|    ep_rew_mean     | 279      |
| time/              |          |
|    episodes        | 2276     |
|    fps             | 228      |
|    time_elapsed    | 2141     |
|    total_timesteps | 489592   |
| train/             |          |
|    actor_loss      | -83.8    |
|    critic_loss     | 1.65     |
|    ent_coef        | 0.0466   |
|    ent_coef_loss   | 0.247    |
|    learning_rate   | 1.52e-05 |
|    n_updates       | 479591   |
---------------------------------
Eval num_timesteps=490000, episode_reward=279.83 +/- 18.15
Episode length: 189.10 +/- 20.02
---------------------------------
| eval/              |          |
|    mean_ep_length  | 189      |
|    mean_reward     | 280      |
| time/              |          |
|    total_timesteps | 490000   |
| train/             |          |
|    actor_loss      | -86.7    |
|    critic_loss     | 1.03     |
|    ent_coef        | 0.0466   |
|    ent_coef_loss   | -0.581   |
|    learning_rate   | 1.46e-05 |
|    n_updates       | 479999   |
---------------------------------
---------------------------------
| rollout/           |          |
|    ep_len_mean     | 190      |
|    ep_rew_mean     | 279      |
| time/              |          |
|    episodes        | 2280     |
|    fps             | 228      |
|    time_elapsed    | 2145     |
|    total_timesteps | 490362   |
| train/             |          |
|    actor_loss      | -83.6    |
|    critic_loss     | 3.25     |
|    ent_coef        | 0.0466   |
|    ent_coef_loss   | -0.169   |
|    learning_rate   | 1.41e-05 |
|    n_updates       | 480361   |
---------------------------------
---------------------------------
| rollout/           |          |
|    ep_len_mean     | 189      |
|    ep_rew_mean     | 279      |
| time/              |          |
|    episodes        | 2284     |
|    fps             | 228      |
|    time_elapsed    | 2148     |
|    total_timesteps | 491157   |
| train/             |          |
|    actor_loss      | -82.6    |
|    critic_loss     | 4.07     |
|    ent_coef        | 0.0467   |
|    ent_coef_loss   | 0.953    |
|    learning_rate   | 1.29e-05 |
|    n_updates       | 481156   |
---------------------------------
---------------------------------
| rollout/           |          |
|    ep_len_mean     | 190      |
|    ep_rew_mean     | 279      |
| time/              |          |
|    episodes        | 2288     |
|    fps             | 228      |
|    time_elapsed    | 2151     |
|    total_timesteps | 491859   |
| train/             |          |
|    actor_loss      | -83.5    |
|    critic_loss     | 4.38     |
|    ent_coef        | 0.0467   |
|    ent_coef_loss   | 0.496    |
|    learning_rate   | 1.19e-05 |
|    n_updates       | 481858   |
---------------------------------
---------------------------------
| rollout/           |          |
|    ep_len_mean     | 191      |
|    ep_rew_mean     | 279      |
| time/              |          |
|    episodes        | 2292     |
|    fps             | 228      |
|    time_elapsed    | 2155     |
|    total_timesteps | 492687   |
| train/             |          |
|    actor_loss      | -84.8    |
|    critic_loss     | 1.12     |
|    ent_coef        | 0.0467   |
|    ent_coef_loss   | 0.19     |
|    learning_rate   | 1.07e-05 |
|    n_updates       | 482686   |
---------------------------------
---------------------------------
| rollout/           |          |
|    ep_len_mean     | 191      |
|    ep_rew_mean     | 280      |
| time/              |          |
|    episodes        | 2296     |
|    fps             | 228      |
|    time_elapsed    | 2158     |
|    total_timesteps | 493492   |
| train/             |          |
|    actor_loss      | -86.5    |
|    critic_loss     | 5.23     |
|    ent_coef        | 0.0467   |
|    ent_coef_loss   | -0.64    |
|    learning_rate   | 9.5e-06  |
|    n_updates       | 483491   |
---------------------------------
---------------------------------
| rollout/           |          |
|    ep_len_mean     | 190      |
|    ep_rew_mean     | 279      |
| time/              |          |
|    episodes        | 2300     |
|    fps             | 228      |
|    time_elapsed    | 2161     |
|    total_timesteps | 494211   |
| train/             |          |
|    actor_loss      | -84.8    |
|    critic_loss     | 9.15     |
|    ent_coef        | 0.0467   |
|    ent_coef_loss   | 0.1      |
|    learning_rate   | 8.45e-06 |
|    n_updates       | 484210   |
---------------------------------
---------------------------------
| rollout/           |          |
|    ep_len_mean     | 189      |
|    ep_rew_mean     | 278      |
| time/              |          |
|    episodes        | 2304     |
|    fps             | 228      |
|    time_elapsed    | 2164     |
|    total_timesteps | 494887   |
| train/             |          |
|    actor_loss      | -84.1    |
|    critic_loss     | 1.35     |
|    ent_coef        | 0.0467   |
|    ent_coef_loss   | 0.235    |
|    learning_rate   | 7.47e-06 |
|    n_updates       | 484886   |
---------------------------------
---------------------------------
| rollout/           |          |
|    ep_len_mean     | 188      |
|    ep_rew_mean     | 278      |
| time/              |          |
|    episodes        | 2308     |
|    fps             | 228      |
|    time_elapsed    | 2167     |
|    total_timesteps | 495582   |
| train/             |          |
|    actor_loss      | -83.5    |
|    critic_loss     | 1.61     |
|    ent_coef        | 0.0467   |
|    ent_coef_loss   | 0.574    |
|    learning_rate   | 6.45e-06 |
|    n_updates       | 485581   |
---------------------------------
---------------------------------
| rollout/           |          |
|    ep_len_mean     | 189      |
|    ep_rew_mean     | 279      |
| time/              |          |
|    episodes        | 2312     |
|    fps             | 228      |
|    time_elapsed    | 2171     |
|    total_timesteps | 496428   |
| train/             |          |
|    actor_loss      | -85.4    |
|    critic_loss     | 5.96     |
|    ent_coef        | 0.0466   |
|    ent_coef_loss   | -0.264   |
|    learning_rate   | 5.22e-06 |
|    n_updates       | 486427   |
---------------------------------
---------------------------------
| rollout/           |          |
|    ep_len_mean     | 189      |
|    ep_rew_mean     | 278      |
| time/              |          |
|    episodes        | 2316     |
|    fps             | 228      |
|    time_elapsed    | 2174     |
|    total_timesteps | 497213   |
| train/             |          |
|    actor_loss      | -82.8    |
|    critic_loss     | 3.26     |
|    ent_coef        | 0.0467   |
|    ent_coef_loss   | 0.0411   |
|    learning_rate   | 4.07e-06 |
|    n_updates       | 487212   |
---------------------------------
---------------------------------
| rollout/           |          |
|    ep_len_mean     | 190      |
|    ep_rew_mean     | 278      |
| time/              |          |
|    episodes        | 2320     |
|    fps             | 228      |
|    time_elapsed    | 2177     |
|    total_timesteps | 498068   |
| train/             |          |
|    actor_loss      | -88.4    |
|    critic_loss     | 1.25     |
|    ent_coef        | 0.0466   |
|    ent_coef_loss   | -0.14    |
|    learning_rate   | 2.82e-06 |
|    n_updates       | 488067   |
---------------------------------
---------------------------------
| rollout/           |          |
|    ep_len_mean     | 192      |
|    ep_rew_mean     | 279      |
| time/              |          |
|    episodes        | 2324     |
|    fps             | 228      |
|    time_elapsed    | 2181     |
|    total_timesteps | 498911   |
| train/             |          |
|    actor_loss      | -85.7    |
|    critic_loss     | 6.35     |
|    ent_coef        | 0.0466   |
|    ent_coef_loss   | -0.134   |
|    learning_rate   | 1.59e-06 |
|    n_updates       | 488910   |
---------------------------------
---------------------------------
| rollout/           |          |
|    ep_len_mean     | 193      |
|    ep_rew_mean     | 280      |
| time/              |          |
|    episodes        | 2328     |
|    fps             | 228      |
|    time_elapsed    | 2185     |
|    total_timesteps | 499759   |
| train/             |          |
|    actor_loss      | -85.3    |
|    critic_loss     | 5.79     |
|    ent_coef        | 0.0466   |
|    ent_coef_loss   | -0.0917  |
|    learning_rate   | 3.53e-07 |
|    n_updates       | 489758   |
---------------------------------
Eval num_timesteps=500000, episode_reward=278.88 +/- 16.96
Episode length: 175.20 +/- 15.51
---------------------------------
| eval/              |          |
|    mean_ep_length  | 175      |
|    mean_reward     | 279      |
| time/              |          |
|    total_timesteps | 500000   |
| train/             |          |
|    actor_loss      | -86.9    |
|    critic_loss     | 1.79     |
|    ent_coef        | 0.0466   |
|    ent_coef_loss   | 0.0167   |
|    learning_rate   | 1.46e-09 |
|    n_updates       | 489999   |
---------------------------------
Wrapping the env in a DummyVecEnv.
mlp after training: mean_reward=279.49 +/- 18.69

=== Experiment complete ===
Summary: outputs/lunarlander_baseline/SAC-20260728_211032-seed42/experiment_summary_mlp.json
mlp: final=279.49, best_eval=292.8996828
/home/leopold/anaconda3/envs/sac_sb3_demo/lib/python3.12/site-packages/pygame/pkgdata.py:25: UserWarning: pkg_resources is deprecated as an API. See https://setuptools.pypa.io/en/latest/pkg_resources.html. The pkg_resources package is slated for removal as early as 2025-11-30. Refrain from using this package or pin to Setuptools<81.
  from pkg_resources import resource_stream, resource_exists


