#{"t_start": 1785488350.171548, "env_id": "Go2Locomotion-v0"}
r,l,t,episode_vx_rmse,episode_vy_rmse,episode_yaw_rmse,episode_mean_vx,episode_mean_vy,episode_mean_yaw_rate,episode_action_saturation,episode_torque_sq,termination_code
-417.218295,1000,11.848134,0.5009598148653662,0.021324981706595626,0.0842850035406645,-0.0002822766895880771,-0.00012236529351741386,-0.0001824792375991275,0.0,166.65745553474594,0.0
-419.2912,1000,15.516167,0.500153939862195,0.02048141359703031,0.0783192779640813,0.00037420139539326794,2.1868147864044432e-05,-0.001955942305243646,0.0,158.47868671906815,0.0
-395.494444,1000,19.04076,0.4954172721388001,0.019248219636019828,0.0723997237923992,0.0050135261446989056,-0.00035688708383429065,0.0014232092928661974,8.333333333333333e-05,156.67899928310968,0.0
-147.051595,410,20.49413,0.47520620517961915,0.03106550078421779,0.06637250411364377,0.02725240634935167,-0.01227274247603086,-0.0022138315757894386,0.001219512195121951,174.79204388585413,1.0
-82.356365,249,21.387784,0.4579496098014951,0.01756390361659438,0.06300878546743806,0.04592631208323608,-0.005075179501694606,-0.005126389151747075,0.0006693440428380187,188.69294164833323,1.0
-64.907405,210,22.128959,0.4474939091461074,0.023748286191553294,0.07389716671426992,0.05612710470994936,-0.015094934229820925,-0.011294951952198097,0.0023809523809523807,190.00971939424255,1.0
-34.245925,118,22.548889,0.41713748284307206,0.029800846425593802,0.08189799641198887,0.0890542874819782,-0.016114924728274464,-0.004952087582315276,0.00211864406779661,200.1467280118833,1.0
-30.941714,107,22.920288,0.40826816117638837,0.03949432360548269,0.07215963989616164,0.09629192045551248,-0.02870647134192015,-0.014870466137155905,0.0038940809968847348,201.62474150938564,1.0
-36.453191,124,23.369294,0.4193878789799224,0.01903364743386729,0.07054029761454644,0.08545098300630857,-0.01369268435124823,-0.021915641103765586,0.004032258064516129,197.01530004695758,1.0
-21.475013,84,23.673928,0.38300686167428927,0.018313177649314925,0.08672392639488016,0.12439844090575415,-0.0037934621930046943,-0.03226918001780516,0.006944444444444443,207.89130023814016,1.0
-30.190784,111,24.067801,0.4084182644988096,0.02345069101533032,0.07765775940152055,0.09782106492896317,-0.018000657406918526,-0.020731998103593906,0.00825825825825826,205.49441932853313,1.0
-27.362561,102,24.4362,0.4064954101088195,0.027205979760531154,0.08568154376728644,0.09865843363367816,-0.01760836674282904,-0.026326028775490496,0.013888888888888885,199.32771665608732,1.0
-22.538774,81,24.725538,0.3804417245503132,0.0408154926127538,0.08838810358605813,0.12739283803382287,-0.03470838353881981,-0.028461361547695834,0.014403292181069957,198.49370359913573,1.0
-18.218557,73,24.998758,0.3621967089934149,0.0503662540900724,0.0726833070575476,0.14541606465297172,-0.04251475158064883,-0.004422516791735152,0.011415525114155252,203.80605087660186,1.0
-26.657654,87,25.313754,0.3908286965190595,0.06738966610692163,0.08160661968893979,0.11318563684594538,-0.055963778248992894,-0.022019991139869237,0.013409961685823755,194.80038086852383,1.0
-27.646268,98,25.656055,0.3976401854970784,0.04207588227284269,0.08878426751780893,0.10838294468471633,-0.0364233591698909,-0.018727323767975233,0.020408163265306117,202.71616245329494,1.0
-17.06643,72,25.915093,0.36234824960837936,0.04282445012395631,0.09347154000696446,0.1465489565037919,-0.034113741462406644,-0.04972510225317382,0.026620370370370364,200.03540264406504,1.0
-17.051803,62,26.140337,0.35507143957733944,0.058542867615723304,0.09598610449490486,0.1516606518242684,-0.05220374798389502,-0.0372413302384009,0.021505376344086016,191.09063866914664,1.0
-15.107364,58,26.354417,0.33712145923964404,0.033752861531681354,0.08626335494982106,0.172883756265891,-0.023593162826838723,-0.04455889632939685,0.022988505747126436,196.61888387326476,1.0
-14.928015,64,26.577297,0.3450190071611531,0.02415327715238541,0.09835067579890348,0.1644436328643079,-0.017331111143876463,-0.05354201079197339,0.019531249999999997,193.69196197568664,1.0
-13.881901,59,26.804273,0.3379288835962477,0.057292995336991524,0.1010230034811059,0.17187814660038386,-0.04750538311709254,-0.009840424234204571,0.028248587570621465,196.12916327346693,1.0
-12.120871,50,26.977698,0.3121551622555822,0.038967851306899386,0.13692548925202377,0.2031069762496836,-0.034499723372220674,-0.08914239180303554,0.039999999999999994,189.24957422916782,1.0
-21.916515,87,27.295405,0.38326670562542736,0.02432355632500148,0.07897419207434289,0.12471430014574553,-0.011004488383583024,-0.02607705478577798,0.03448275862068967,194.8701257160644,1.0
-11.512299,50,27.565271,0.3142570400707174,0.04746447592309175,0.09490778489659572,0.20034900382207407,-0.041836860384756064,-0.035644354326757326,0.03499999999999999,185.4344774425315,1.0
-14.111797,54,27.829828,0.33333302134464005,0.08173555392854673,0.09669620278001585,0.17666294567933477,-0.07303800885412642,-0.00044508188224007185,0.03858024691358023,202.20956435924478,1.0
-15.793063,59,28.044314,0.3528032549483598,0.08283717093234848,0.07227393313448535,0.15474884878075576,-0.07034810123707662,-0.02133205059824937,0.031073446327683607,198.811365851363,1.0
-21.041603,66,28.322688,0.3629571853212216,0.09181027208835597,0.08779132712943152,0.14313290112899374,-0.0784697393362559,-0.01056172278109031,0.036616161616161616,198.8226561821654,1.0
-12.27086,63,28.541546,0.3396934093250106,0.04033812332357512,0.11572889366291915,0.17011124123954324,-0.03361520830102945,-0.0755613690058687,0.03174603174603174,198.90738164754364,1.0
-12.476101,56,28.76348,0.3303206995307088,0.01938640028031206,0.0939050591837324,0.18221533094666104,-0.011471035643159816,-0.039656407526946054,0.037202380952380945,188.94740620742417,1.0
-18.154966,50,28.939563,0.3346108345595652,0.10984263608818223,0.07491196504648669,0.17535357344417932,-0.0946674260530498,0.025578036234959297,0.038333333333333316,196.46899075448397,1.0
-11.04484,48,29.107963,0.30480356841152045,0.028059984744622592,0.13348787357105266,0.21165870940062617,-0.02517021678374814,-0.07250763048683227,0.03472222222222222,189.36368033530175,1.0
-12.658543,58,29.358846,0.3310468126811084,0.01928176290041729,0.1285736705155407,0.17950988541201957,-0.010144319992784746,-0.06638284708317131,0.05028735632183909,193.6175608995218,1.0
-18.339109,60,29.563287,0.3504890273899079,0.0863675294408024,0.09539351125960349,0.15714232102805462,-0.07561619770557595,-0.05301808196647605,0.031944444444444435,193.3674394720333,1.0
-13.938478,58,29.793321,0.34004019312180245,0.043933701824277464,0.07670573940770453,0.16898169155545673,-0.035773662649855466,-0.04337302628082076,0.041666666666666664,193.50425285149876,1.0
-16.944856,70,30.036452,0.3577776844401558,0.043229046221827216,0.1330348330508097,0.15166201848046024,-0.028713093620578445,-0.05250378453523975,0.03452380952380952,191.20999357128505,1.0
-12.20362,54,30.231658,0.3208117015719964,0.03150924645059559,0.09889330003859872,0.19144676935151791,-0.02195136486897055,-0.06707537367024137,0.03703703703703703,194.90700437069904,1.0
-12.851318,53,30.420696,0.3237377355919767,0.053511742659205795,0.08009431885742106,0.187752071305111,-0.03679527996778544,-0.028846282810258,0.029874213836477988,188.34288941286042,1.0
-12.726486,53,30.640753,0.31835979235345785,0.026657888310482464,0.14623261115588887,0.1952987738300594,-0.018192767580187293,-0.1052541600036598,0.031446540880503145,193.28675322646572,1.0
-13.011574,61,30.859566,0.3414743528784601,0.0257515124511397,0.11827484979018511,0.16814052466754417,-0.014863387486714244,-0.06279704813823929,0.040983606557377046,188.87754590863756,1.0
-12.012109,55,31.070232,0.32243886875211747,0.03840682488273989,0.08794586349029852,0.18904604053688992,-0.03231783203205203,-0.0496982665047974,0.04696969696969697,193.51441035979641,1.0
-11.694226,46,31.229363,0.30201643404605094,0.03721733201316313,0.09683625506146791,0.21700062571125991,-0.031144845902447496,-0.06961933350671924,0.02717391304347826,189.7406109834741,1.0
-11.975658,53,31.420708,0.3186014195362306,0.03000761420139085,0.10371326489669404,0.1928752618455006,-0.024241624241657777,-0.06347911569725824,0.03930817610062892,191.28576467933217,1.0
-17.323078,60,31.643064,0.34561009413242194,0.07194258440473228,0.10195082150372163,0.16355534328678042,-0.05800667564827397,-0.05949760867443059,0.03472222222222221,192.0830827573081,1.0
-15.128004,62,31.865107,0.34285480389619927,0.02420873584279231,0.12700892903994218,0.16763864595479017,-0.0135712191284973,-0.07856002603289101,0.03629032258064516,201.33104527774793,1.0
-11.403495,47,32.038039,0.3023664705720371,0.06936021629102078,0.09794377578290274,0.21563962076957563,-0.06100155738094879,-0.04243112303748149,0.06382978723404256,187.36740971949945,1.0
-14.391753,62,32.253741,0.3427808450971489,0.0442730189436769,0.09124254907665019,0.1667739347748253,-0.039000501461259864,-0.04751453715027706,0.03629032258064516,188.58189018227839,1.0
-12.307714,47,32.429138,0.30937221588477964,0.033845173558124546,0.150088756435834,0.20451565029984622,-0.026538820694283215,-0.055407734105055596,0.040780141843971614,187.8555720158955,1.0
-11.248315,50,32.612991,0.3115907180917552,0.02791179431771418,0.15768476582559485,0.20113367176795502,-0.02296002741182141,-0.09761865042594184,0.03833333333333332,190.49795070660147,1.0
-10.258395,48,32.780227,0.30487023120495954,0.018121715204061768,0.13004916861738694,0.21080806210600944,-0.0026742934535872787,-0.08936575073695245,0.03993055555555555,186.284767674235,1.0
-9.462814,50,32.967321,0.2999513496045627,0.03879882705315885,0.0940451680019664,0.21872492775349348,-0.03206629243166788,-0.059049985653109614,0.04833333333333333,190.5942037582346,1.0
-10.058075,50,33.153929,0.305295675226682,0.03626506255952629,0.09824086114638735,0.21083557454494034,-0.03313941069681958,-0.07695157649889796,0.04166666666666666,180.72317937236778,1.0
-10.765166,55,33.361266,0.31787108325228086,0.04294237500840551,0.08546214039752417,0.1945602483005189,-0.03844445581743249,-0.049584655660486365,0.05454545454545454,190.1151751208856,1.0
-11.30697,45,33.527646,0.29950682345556806,0.03333439495937322,0.1300285538709268,0.21750937471675894,-0.027758286908059038,-0.0810195911750407,0.04259259259259258,182.92919238676345,1.0
-17.29766,60,33.754934,0.3480063778326442,0.0684565593740733,0.11966999383804196,0.16027870979592168,-0.06164632391516413,-0.05663642750994292,0.029166666666666657,200.74024540239728,1.0
-13.088518,51,33.943733,0.3126151173112246,0.09451232098547442,0.1025554504821751,0.20305525876353087,-0.07149903245084237,-0.05489898367646264,0.03758169934640522,185.81487189854698,1.0
-11.904418,49,34.114341,0.30750745096134724,0.0933588701732521,0.07004922207073462,0.20853026360262772,-0.08167885282649252,-0.02537177153226028,0.047619047619047616,193.51365230480855,1.0
-11.346902,52,34.29976,0.3133044760654007,0.04490659533216592,0.1312329908002269,0.20149009056356143,-0.03598684345630427,-0.0407171130475046,0.04166666666666666,185.92038501011572,1.0
-12.340132,50,34.505641,0.30694471260038164,0.07278514225299687,0.11768310114900593,0.20943581834934832,-0.05993712735700428,0.012242172462141971,0.03999999999999999,189.305793908307,1.0
-11.129678,49,34.685252,0.3063943556349578,0.04298852236308349,0.11614929469654475,0.20869965670329202,-0.03942904751049209,-0.06622464779337617,0.023809523809523808,180.9995748121511,1.0
-12.866501,48,34.864807,0.31097202745978125,0.03729989547374276,0.12563147908729755,0.20276512438099237,-0.033036747954003874,-0.07871306223257145,0.03819444444444444,183.76072047805428,1.0
-12.402702,44,35.023472,0.3020293550716897,0.057710002125366804,0.12320010877707295,0.21475147550678947,-0.048927134817395516,-0.07609106434165044,0.022727272727272728,188.18647944016038,1.0
-13.849157,45,35.183415,0.3000803587871252,0.11070788006572363,0.09104063354651168,0.21910394695470548,-0.09764942949163327,-0.0353688537664266,0.04629629629629628,183.05402826664786,1.0
-9.314162,49,35.369136,0.30989797389887075,0.04589762404413564,0.1149812058365794,0.2050068186279094,-0.037415381662431156,-0.06402188272404025,0.04421768707482992,180.24818160041985,1.0
-11.393102,42,35.52326,0.2852112891126148,0.06805952092708978,0.13363263380707333,0.23938946921773707,-0.060281994711574104,-0.08269929990565361,0.055555555555555546,185.9596734338625,1.0
-9.373656,43,35.672795,0.2802780001394518,0.038666481178732795,0.12227544745970595,0.2519531540988218,-0.02981051597867552,-0.08635942407909625,0.032945736434108516,185.20000003815852,1.0
-14.211764,49,35.849169,0.3198546065467667,0.09666956175558528,0.0846835312088822,0.19156516481936448,-0.08785682887621417,-0.03909687592064134,0.04251700680272108,186.8976926708367,1.0
-10.426682,48,36.015535,0.300923243298231,0.04874058719648734,0.14394231668128524,0.21559394750360725,-0.042597453629155575,-0.08384438493039174,0.04166666666666665,185.16835771999126,1.0
-10.930391,46,36.176947,0.2987891478445874,0.06749852121578949,0.10287863323560449,0.2199307619936583,-0.058385610084857806,-0.06747035222394147,0.032608695652173905,188.2198446049566,1.0
-10.625813,45,36.342819,0.30076581928862345,0.05996154356097263,0.10785910933088765,0.2161307129457894,-0.05156028992142253,-0.027240439502492608,0.029629629629629634,182.67061297354783,1.0
-14.737903,52,36.530302,0.33238331460963744,0.07963125227095164,0.11246031808992582,0.17652343247507543,-0.06989842983180364,-0.04416097742678217,0.04326923076923077,189.66846060202477,1.0
-12.618946,45,36.690598,0.30642450189842435,0.10662493857914174,0.12010692976983599,0.20950433880549105,-0.09309628109194519,-0.0701188471526827,0.04259259259259258,185.90618731679993,1.0
-11.723504,43,36.839295,0.29069618407477427,0.08671053381355151,0.1671345216201895,0.23254006540647154,-0.07431438620268047,-0.053202378145566866,0.023255813953488372,181.132372257176,1.0
-10.956492,45,36.997436,0.29249629479532224,0.06649658921566146,0.1384043780285571,0.22855204472172339,-0.0530210438398068,-0.08648818148235629,0.03148148148148148,186.9650173234212,1.0
-12.708919,48,37.171468,0.3084080079836921,0.08676589940648544,0.10173248721253034,0.20627720795853455,-0.07735981129783741,-0.052733008845774636,0.027777777777777773,183.76225564287174,1.0
-10.565823,48,37.338213,0.30290355240510175,0.0726933738291103,0.11407217633764419,0.21277189363225682,-0.06716457101474846,-0.06658382076050688,0.03124999999999999,191.02022745505587,1.0
-10.625774,47,37.51346,0.3068490523884386,0.06654892669027081,0.10804425658453387,0.20846760077813936,-0.05931503167791137,-0.04990970041135558,0.02482269503546099,185.83620585478496,1.0
-15.326252,45,37.678775,0.30693039519169263,0.10812544465091148,0.11399109750075971,0.20957532560839812,-0.09605300256856716,-0.07708725553005931,0.03703703703703702,181.12648553053646,1.0
-14.026987,41,37.827967,0.29323794386490765,0.12867050014806364,0.12389193575249695,0.22722966983752665,-0.11352420081085524,-0.054003006365232996,0.03048780487804878,186.16844047834755,1.0
-11.946708,44,37.9866,0.28927202932678414,0.10752248861847151,0.10999382076159307,0.23548665067752303,-0.08571684515696999,-0.05736993737376475,0.039772727272727265,180.5806126712625,1.0
-11.985963,48,38.538296,0.30714280842205005,0.0542449936305478,0.12677116537512578,0.2090869303166607,-0.0447692784380719,-0.043777638506276174,0.06249999999999999,184.16174597648492,1.0
-11.46141,47,38.705124,0.30395085819190315,0.06713326890701092,0.12495759041755425,0.21213682347587795,-0.06209940686156283,-0.0500402057591584,0.02482269503546099,188.93214911132918,1.0
-12.029803,41,38.851782,0.2880879266720393,0.065420709039023,0.12881700223292206,0.2366775942287757,-0.05361129057496497,-0.08535883031007706,0.04674796747967479,178.96674928958876,1.0
-12.71448,47,39.028657,0.30270649472892563,0.08794370936936051,0.10660391680818619,0.21319930355350267,-0.07379666117011108,-0.051964022497601244,0.04255319148936169,181.47812326447914,1.0
-10.593724,41,39.173578,0.27811634446058403,0.07076107741848918,0.10112351989982656,0.24920277018982911,-0.06028782472474108,-0.04469966748035514,0.034552845528455285,185.93046111837688,1.0
-10.808835,42,39.324973,0.28612303079727397,0.09078164616505369,0.10543633017213806,0.23942528932666374,-0.0714773367930876,-0.051343954437997295,0.051587301587301584,180.917151551702,1.0
-9.827292,42,39.48418,0.27911868872975687,0.07461849396810244,0.11491361987364918,0.24857768244056255,-0.06299894925864391,-0.07128022902912372,0.049603174603174593,184.74516479704855,1.0
-11.657094,42,39.646602,0.2856713890964447,0.0840638096535662,0.0679113284404952,0.24033578433720937,-0.07172711460791649,-0.03489136960305347,0.05357142857142857,184.02907904811488,1.0
-11.381663,44,39.813961,0.2950086012011309,0.09563144024990312,0.10964960199992918,0.22600540703364394,-0.07570179876540954,-0.04901020150276975,0.05492424242424241,181.52443811069443,1.0
-11.535747,37,39.957075,0.2753214953762485,0.07472816775948515,0.1314060046228889,0.26060921150462907,-0.05832560923776489,-0.10335715664902474,0.06306306306306306,178.94561845409171,1.0
-11.851545,48,40.133372,0.3090313356279689,0.07586722515327457,0.09452703790065341,0.206622684037477,-0.0657533764326917,-0.0396204898314267,0.07291666666666667,185.96721886408287,1.0
-8.668843,43,40.285416,0.28536487289487794,0.030096529783056936,0.11922779639141175,0.2428582308681617,-0.018704836126182626,-0.05189288499891858,0.06589147286821705,183.00589450178015,1.0
-9.895901,39,40.433614,0.2734660015487594,0.04783967626336846,0.12107757227974109,0.26178069501819845,-0.040889996117626067,-0.08662658717671251,0.059829059829059825,183.01482815735469,1.0
-9.252118,38,40.56694,0.2769805049896039,0.025715661719739772,0.13573075611876148,0.25863808853519726,-0.02147022966236623,-0.07747793059669507,0.08771929824561404,174.3201523747611,1.0
-11.180328,40,40.708871,0.284422004459961,0.03422400110272571,0.16192590024672654,0.24571436077463873,-0.021660629868604904,-0.12924830551895644,0.09166666666666666,187.44288412451107,1.0
-9.744058,39,40.851043,0.2775494245880628,0.016485914177948428,0.13080853849329085,0.2617343889795386,-0.011788355042342396,-0.07947067271830408,0.08760683760683759,182.35186304201497,1.0
-9.605856,40,40.993799,0.27379906980881014,0.019695899441602965,0.13597956715048498,0.26368976910391306,-0.007459307186163633,-0.10573815708640937,0.07708333333333331,184.59467432735775,1.0
-9.802782,38,41.127056,0.2725681915633432,0.01763267166824009,0.12195280941024114,0.2684172291020894,0.004960716769300894,-0.053665492078053656,0.08333333333333334,181.75274766297298,1.0
-10.11168,42,41.277093,0.283457001246226,0.017419337728316255,0.11798939202218556,0.24518593334700958,-0.012687619401110897,-0.05078507851040196,0.09126984126984128,180.49242926330612,1.0
-9.257985,39,41.422377,0.2737559282065532,0.043866429792324364,0.11939045431023554,0.26334871194539505,-0.03704498256468979,-0.049260581431018594,0.10470085470085469,174.8655595273264,1.0
-9.305592,38,41.567227,0.26379987185829273,0.01449826811412101,0.09577105033013748,0.28442148461620925,0.008771038952379684,-0.03491407165165937,0.07675438596491231,177.5939721201806,1.0
-10.275729,38,41.711907,0.27513339452406665,0.03880531286020108,0.12183876264918982,0.2592396809266069,-0.03358016720055621,-0.08120098483642962,0.10964912280701755,182.0336195018473,1.0
-10.08241,36,41.83797,0.2645451811251695,0.027824030055365864,0.1317959659572952,0.2847377452387415,-0.020319666789628318,-0.061543731518771586,0.11574074074074073,178.3868738513646,1.0
-6.88656,38,41.971446,0.2663948201763896,0.031680729307171016,0.07453337889216448,0.2793979283409417,-0.02780443325190985,-0.04625826964916966,0.14254385964912278,178.50378350377323,1.0
-9.965344,36,42.098571,0.26565350598028653,0.015363223725462071,0.18000182691577038,0.28005695513196754,0.008580249929151768,-0.13320880003824734,0.10185185185185186,172.43067630312194,1.0
-9.784405,36,42.231468,0.2665041941170596,0.03519830629685148,0.09687298767663467,0.28307063076594313,-0.0287744062142458,-0.0405118776589373,0.13425925925925922,171.76958174854101,1.0
-8.871181,37,42.363543,0.2666026279124646,0.05334982093772011,0.11618404700564622,0.28180529377922525,0.04330280008177903,-0.07163874695065534,0.11036036036036036,173.98235413667118,1.0
-10.753566,34,42.489096,0.2615411388459981,0.012052221314357587,0.15540612767106857,0.29382436937989775,0.005315205553701984,-0.12857496339674912,0.1127450980392157,171.38353602361485,1.0
-9.823793,37,42.621138,0.2698288416342171,0.0379689168068246,0.15418262601974483,0.27555161764218367,0.02778412150853311,-0.13250462180505443,0.13963963963963968,172.13917561844957,1.0
-10.856383,33,42.742294,0.25991037987328103,0.05116995791906699,0.13825935859247795,0.30073214472402116,-0.04730492722380247,-0.08898978724329676,0.16161616161616166,170.72417582488757,1.0
-8.576324,35,42.876003,0.2620755124402136,0.02426987223689076,0.10935852046214674,0.29460132643812037,-0.018114521570783085,-0.057709868141647865,0.14285714285714285,177.1177307990419,1.0
-9.548541,33,43.003328,0.2556680043158619,0.032954376985581214,0.1101124308864875,0.3168654577679218,-0.026679228787813297,-0.08416067724283494,0.16919191919191917,171.9083121632912,1.0
-9.904328,35,43.132672,0.262485012971117,0.015246044164798928,0.13657648352575533,0.2929487512479573,-0.008602956864352545,-0.10820503465674132,0.16904761904761903,173.9496600465169,1.0
-9.845851,35,43.256036,0.2605638325392597,0.030611962344102715,0.11758746879237707,0.3050515298565216,0.01996099367664208,-0.0678141322696748,0.18809523809523812,174.3271715919438,1.0
-10.044349,34,43.377276,0.25865959639711356,0.04267538683505129,0.12772212721787288,0.31157514146762516,0.031246303556390947,-0.07606315109094908,0.16421568627450983,172.1699921258521,1.0
-9.214567,35,43.501987,0.2570329449793562,0.023470012312481383,0.1630265991341043,0.3022946151520539,-0.019394958157713665,-0.13695422032119683,0.15952380952380957,168.21969966259363,1.0
-9.548446,36,43.639122,0.2641363341240637,0.020921806855398038,0.1368428434150595,0.28436023983121594,0.0021462391700766254,-0.09988238815973971,0.14814814814814817,171.14677692533647,1.0
-9.832415,36,43.765244,0.2653524097282124,0.02041771817787107,0.13662988113687993,0.2863033576251566,0.00033970923819524185,-0.10520799568522153,0.17824074074074078,171.11239770930038,1.0
-10.17479,33,43.882357,0.2573435611068431,0.01986849401979963,0.12120277798760136,0.30842946619827827,-0.01294562543656042,-0.057790843847073746,0.1616161616161616,163.04905068751992,1.0
-10.747393,35,44.011224,0.26244258439004714,0.014140406776576582,0.1096449240511673,0.297253342036297,-0.005834794415196636,-0.07256748721110495,0.18095238095238098,182.85474229291663,1.0
-9.622817,34,44.140434,0.2626254928281207,0.025621789671264276,0.1657676037614991,0.292259678825668,-0.020653215006782376,-0.1252549660382274,0.1936274509803922,177.8087978973624,1.0
-9.459705,35,44.26679,0.25789651840906225,0.01956283228199585,0.13297124775331998,0.3021067209262819,-0.0037664675642478836,-0.10486886651346788,0.21904761904761905,176.59980972990235,1.0
-10.501422,32,44.381536,0.2599421070529947,0.02189571889922283,0.11875211177049258,0.31035412293090986,0.012905694689975596,-0.08679060001639942,0.17708333333333334,171.06424112099236,1.0
-9.93473,33,44.505126,0.25685896418550636,0.026415089793945783,0.1437046758718843,0.31129976303722345,-0.019064469319028624,-0.10672222813786479,0.202020202020202,172.8291848250975,1.0
-9.913382,33,44.627722,0.25600814112023196,0.013362502876717459,0.1522094533051089,0.31821481516115424,-0.008612836424149665,-0.12372345550877212,0.20202020202020202,173.22416127869784,1.0
-10.542312,35,44.754001,0.2607475608497975,0.01576708039100864,0.13260162053780333,0.2970222265817742,0.0026918125566773427,-0.07698338205862125,0.1880952380952381,174.80368957870434,1.0
-9.251216,33,44.873262,0.2531414698029862,0.016313368153198064,0.14536758059655136,0.3237585715844145,-0.011112892209147813,-0.08600159904840048,0.2095959595959596,172.36463521919916,1.0
-9.760665,33,45.004464,0.2623387008428248,0.020330941255623125,0.14361177262149105,0.29811828482613223,-0.017517810435644324,-0.10385400683700517,0.20959595959595964,169.3562536415146,1.0
-9.835144,33,45.126072,0.25775652858330633,0.012336547309883705,0.17159426258562757,0.31639104132796947,-0.002663682379301152,-0.12210263287297798,0.22727272727272724,170.31426770718784,1.0
-10.737862,33,45.238844,0.2603235299407187,0.01871519891814351,0.13302106146942846,0.300447731834604,-0.015231216296757732,-0.09924555455812087,0.21212121212121218,163.52506970268936,1.0
-11.696058,31,45.346428,0.2608265980195006,0.03435309874434727,0.14034297474709226,0.3103360055263947,-0.029654436328514028,-0.09002310974933175,0.2473118279569892,176.81141237110918,1.0
-11.731232,31,45.466799,0.2604008065911412,0.03432970365985529,0.1556283029874844,0.3081766550873388,-0.030766661347291297,-0.12250007329692111,0.24731182795698922,173.49751675684067,1.0
-10.258985,34,45.588441,0.25941960253340257,0.017378857674765262,0.1742583466612943,0.2984939632487916,-0.008263889739817225,-0.14113245053109566,0.2107843137254902,174.70230772913897,1.0
-10.200168,33,45.709972,0.2568296678020406,0.0347915192353878,0.14929556030676147,0.304010389068495,-0.0324684174830781,-0.11524122251845027,0.24242424242424243,173.10235022881398,1.0
-10.776522,32,45.823593,0.25536363658879313,0.024748202304556453,0.15314039323894718,0.32229940456960915,0.005075688818390678,-0.10883952747062028,0.24479166666666663,173.23687623064615,1.0
-11.717313,32,45.948866,0.2571765748247089,0.032198022588263535,0.2309678170422361,0.3079843866903791,0.008531226706059603,-0.17767534506366753,0.22916666666666666,181.9161855098043,1.0
-11.179755,31,46.060363,0.2669018441861818,0.038573030775884504,0.1190413716025863,0.2901902509787756,-0.03241115897060743,-0.09025591875350474,0.23118279569892478,169.97960715961912,1.0
-11.174935,32,46.176144,0.25475959242715335,0.06510847795696009,0.12272211396260962,0.31455695794651894,-0.06022852866560841,-0.09273866705392855,0.23697916666666666,175.80785535376353,1.0
-10.147983,32,46.287721,0.2563294653126455,0.02251609435509303,0.1299367397185906,0.31135025272690264,-0.011477036060572035,-0.08926918971228755,0.24218749999999997,171.00122583761583,1.0
-10.147153,33,46.419731,0.2565148984215865,0.020108434869290176,0.16039174870608222,0.30894927960423,-0.014287764229657066,-0.11483269885282366,0.22727272727272727,176.8550646879734,1.0
-11.86551,33,46.539056,0.2567840329758663,0.07081099412621851,0.15252362228457528,0.3018882125981124,-0.06227012184095682,-0.10343138053377857,0.24747474747474746,178.12738446367328,1.0
-9.909396,32,46.649005,0.2597397035356867,0.018692102336644055,0.15292072108726434,0.3019122953291022,-0.01614047515943575,-0.09270187487013222,0.25520833333333337,169.34243365156064,1.0
-13.034967,29,46.754485,0.25988295634081204,0.03235091540897315,0.16478845566020284,0.3281675708512453,-0.018330051795222155,-0.12701865022485606,0.24425287356321834,170.28687188354624,1.0
-10.723484,32,46.873327,0.26237612770698,0.05392465763322025,0.13806185980629374,0.2942309953712388,-0.04878323735961208,-0.09686527854863497,0.23958333333333337,169.0313256911931,1.0
-11.201993,32,46.987026,0.2652970159404673,0.04638755644996787,0.15743314462885974,0.28610341449297333,-0.04302888522416169,-0.09711403493488562,0.25260416666666663,171.0735156337732,1.0
-10.59838,31,47.101226,0.25848885657936543,0.01641792440542744,0.19325761044723108,0.32163791133198266,-0.007716014772659218,-0.15669211512714507,0.25806451612903225,162.69369756951116,1.0
-11.935068,31,47.211947,0.25645897272777074,0.029782787705802404,0.18505281028751028,0.31588208608606055,-0.013263580633111881,-0.1447347468353678,0.24999999999999997,179.0671509544051,1.0
-8.651462,36,47.342397,0.2580408423276827,0.03487640988117871,0.15368166469864056,0.29672741035382494,-0.030722601534436882,-0.09968929489816378,0.2523148148148148,177.60984658723206,1.0
-11.32455,33,47.461906,0.25986162310324823,0.05387149576026872,0.13836742844180458,0.29652598049951767,-0.04885094900261795,-0.09519978485984693,0.2727272727272727,175.43792998393343,1.0
-12.383596,30,47.569111,0.2579470201067784,0.03991356420782897,0.2009659166115666,0.32200903030737715,-0.02834894356736971,-0.0617053560488506,0.275,174.64085031603645,1.0
-9.096371,34,47.687301,0.25739315037698995,0.020549136112569453,0.16601654371739755,0.3084629599775267,0.005834061673888013,-0.11100871475322731,0.2696078431372549,174.57924259630715,1.0
-10.416373,32,47.805943,0.2535760557045813,0.03856149944071971,0.17197167758498416,0.31712011298896103,-0.018223535552246036,-0.12696654995676573,0.26562499999999994,177.6110130087879,1.0
-9.598004,34,47.927867,0.2544645267049611,0.017799472536836947,0.13297093737421162,0.31057502618262295,-0.011514478948468696,-0.09059258538930688,0.2720588235294118,178.61457797313003,1.0
-11.101573,31,48.039598,0.2562220445173581,0.030508158535463098,0.1937350874307737,0.31934208345717896,-0.022234614686152315,-0.16442186387727062,0.2849462365591398,176.3600745575207,1.0
-10.558295,31,48.152576,0.25470384709464133,0.03623362045580582,0.157066606421645,0.3180133129114215,-0.017994861132645035,-0.12652799078841928,0.27688172043010756,172.07656926040542,1.0
-10.802186,32,48.270027,0.2577763519303925,0.022083922156727696,0.17334407320543369,0.3165592400956102,0.0036172753198455243,-0.11844362882251402,0.25260416666666663,170.13852017796418,1.0
-12.650141,28,48.374331,0.2610923617017499,0.0268997346648444,0.18483714218658628,0.3411912125508007,-0.005719746499464697,-0.1561180693295006,0.2708333333333333,160.82055172997408,1.0
-10.411396,29,48.480971,0.2564869806401005,0.025860580750680866,0.17018689920079735,0.34068701554976455,-0.009464095736331253,-0.10896238773973556,0.28448275862068967,171.53550655719388,1.0
-9.264019,33,48.595763,0.25713277924952116,0.019252768976767094,0.15560844525273612,0.3082089970308469,0.00214318180442947,-0.1251331555451862,0.2676767676767676,176.54654347168994,1.0
-12.247382,30,48.708299,0.2592393448388649,0.027494309933195144,0.1531582230522046,0.30917970080074036,-0.024380408310026344,-0.1269105506751192,0.29444444444444445,166.34555038328742,1.0
-10.845102,33,48.822343,0.2560404800629481,0.02282368498278448,0.1417088558261333,0.31170798229045726,-0.014619832711303855,-0.06765414779406063,0.2828282828282828,173.87209223910824,1.0
-11.444561,28,48.923243,0.26401374536991085,0.015626545743117778,0.16407790496170208,0.3293504589099786,-0.002352085360588864,-0.0953635502087072,0.29464285714285704,158.46317760727908,1.0
-10.465804,33,49.04288,0.2580000913459285,0.029016503840733322,0.13133090319191795,0.3102297055829109,-0.021786935274616497,-0.07480513853949029,0.29797979797979796,175.2344372232966,1.0
-12.723853,29,49.143876,0.262092899738213,0.022862137393084733,0.20124839214749868,0.31729162593450694,0.002758200915089702,-0.15809239615970885,0.31321839080459773,168.97625446926918,1.0
-13.311849,27,49.245067,0.26470437426809523,0.032374150522599406,0.17171068959490335,0.3263646721938959,-0.027457108329132604,-0.1412800689875185,0.29012345679012347,165.17526257356204,1.0
-10.619022,30,49.352266,0.2582151727552122,0.024895840497626914,0.16329590463723587,0.32774834355031357,-0.02077450165805518,-0.13084743074604974,0.2944444444444444,169.41454063460145,1.0
-9.151926,33,49.469027,0.25703290029819936,0.020699890145586056,0.11870602992838744,0.31274992907824095,-0.013128153505646042,-0.0819006553025647,0.3080808080808081,174.4171537473933,1.0
-12.695695,28,49.566767,0.2628565945496645,0.013402132986106501,0.1463442785778735,0.3226300405177591,-0.008801819121138066,-0.08721449331161253,0.32142857142857134,166.24816550105535,1.0
-11.193303,30,49.690381,0.2564311095819623,0.037321110748768344,0.16457973587728103,0.3347935330455936,-0.032270986774029876,-0.1295612345484909,0.30833333333333335,174.07231857142764,1.0
-11.695492,30,49.794974,0.2562130660857054,0.025121870114300816,0.1275827553751283,0.3234310079003456,-0.016875189697390783,-0.08210929799898657,0.3222222222222222,170.514235805348,1.0
-10.968761,31,49.907855,0.25374633177039846,0.027832563783673853,0.12221281643210812,0.3242871736465504,-0.013863425622002289,-0.09599025991872868,0.3306451612903227,171.26509065520975,1.0
-11.612156,29,50.016766,0.25633553147898847,0.022353116634489956,0.10516438696254565,0.3395957907628013,-0.01825950030483223,-0.05856611431108618,0.30747126436781613,174.1742162453622,1.0
-10.835295,31,50.13224,0.2554069775525566,0.012426379248572959,0.14801288367153373,0.33231170087071155,-0.003987163894379985,-0.09196686151379334,0.3198924731182796,172.02689594873615,1.0
-9.869343,31,50.240184,0.2541521609067434,0.025703469604863624,0.11886015531264014,0.3272649052161774,-0.015124851375409417,-0.06619501939615485,0.3360215053763441,171.1881369919789,1.0
-10.885081,30,50.346601,0.2574607425881158,0.01749837843479409,0.14800585759566107,0.3236228251638398,-0.006125312246819154,-0.11424550279280686,0.33055555555555555,175.80776011253906,1.0
-12.543979,28,50.446276,0.25780396954681617,0.019768790530745622,0.1413691158540303,0.3394322539728772,-0.013724906205756284,-0.059484921948226036,0.32142857142857134,170.9555221855917,1.0
-12.599834,28,50.551386,0.2613745378123487,0.02219911575750531,0.14578825521600378,0.3404425980310256,0.004181458860418686,-0.10810439491800665,0.324404761904762,162.39243849998115,1.0
-10.842525,31,50.659035,0.2557606392023489,0.020106566179323063,0.12950083459310863,0.33339799829021066,-0.01365941343819539,-0.030255157296404368,0.3279569892473118,174.59158463507342,1.0
-10.792152,31,50.764329,0.25632144113931804,0.018038046505860158,0.11064009246677452,0.3260604819211362,-0.01123328457423999,-0.05242517273976186,0.3467741935483871,177.14435885400468,1.0
-11.535483,30,50.871614,0.25415481797637207,0.019325849359064166,0.10629560640665216,0.34129739081500754,-0.006010238703168631,-0.08386037993868371,0.35555555555555546,175.2259669034946,1.0
-9.272013,34,51.000534,0.2549915389471995,0.02769759510555053,0.14895201706037076,0.3208345931169618,0.015425572981229638,-0.06998773329263809,0.3308823529411764,182.24190959393164,1.0
-11.212362,30,51.115054,0.25818288725011673,0.024465812617886062,0.08969586825895157,0.3308148707209602,-0.01776129714788854,-0.04346745491176784,0.3305555555555555,174.9621849299114,1.0
-11.225319,30,51.22525,0.25753939544493704,0.014139407392613457,0.11867859058291182,0.3293922877464598,-0.005921588353668582,-0.07586367727882594,0.33333333333333337,173.19541874116243,1.0
-11.04688,30,51.333983,0.2595181087263912,0.01143106383422893,0.08860350373875714,0.3351737686673125,9.991479215952539e-05,-0.03335632860857385,0.32500000000000007,165.43326270879942,1.0
-10.013026,32,51.449032,0.25605508137539384,0.023936826099750085,0.10080200042989478,0.32339038814381604,-0.015338064958128074,-0.04717585577955371,0.35677083333333337,181.87895409819168,1.0
-11.240138,30,51.558111,0.2583344179281106,0.016836185238826365,0.11929884210224265,0.32176821514562653,-0.007765230711507859,-0.08392432740323043,0.3583333333333334,177.09740951821155,1.0
-11.926771,30,51.661889,0.25878744737716075,0.012954814635841626,0.1213731319233385,0.33546650984145127,0.003617974396317176,-0.09094055993835375,0.3722222222222223,171.62983294018565,1.0
-10.476723,30,51.765567,0.2570974261890332,0.016401565355610277,0.15374511084327794,0.3328921833573889,-0.0013419809287618877,-0.12398135982636192,0.3583333333333333,176.46079690911407,1.0
-9.536648,29,51.868258,0.25804540791131164,0.016458934404558354,0.11226623251208673,0.33815107443131914,0.00820081284629173,-0.05793638654880601,0.37643678160919536,171.20817983805537,1.0
-10.180819,29,51.973752,0.25822946854558854,0.0188772113243556,0.16895464017637282,0.3453811861141938,-0.006846239760411065,-0.1159063451847572,0.33620689655172414,168.41235357052884,1.0
-11.322406,30,52.082309,0.2583721632814412,0.021231648017207352,0.13581889533654035,0.3322489162784824,-0.01091589285752272,-0.10593036190837694,0.35,169.87678262334373,1.0
-11.269904,30,52.189704,0.2572749677746018,0.020514660114540666,0.12399202582527788,0.3335237772789226,-0.016931256437167124,-0.07933238502070471,0.35555555555555557,171.4441769828826,1.0
-11.40429,30,52.295384,0.25659798812787005,0.022732844527785363,0.1429524242605567,0.3357393245735832,0.0068679578212650465,-0.09080654080266155,0.3499999999999999,176.1036464699434,1.0
-10.811398,31,52.414261,0.2590776048047539,0.019038344735587274,0.1285384477581983,0.3316421630100396,-0.006219789496213578,-0.0948551156964443,0.35752688172043007,177.68197222639435,1.0
-11.389303,30,52.519011,0.26263160637114913,0.01799796648572584,0.136747572905059,0.32506571169300236,0.001553240528809266,-0.026929015591887283,0.3361111111111111,175.02773840492927,1.0
-11.0216,31,52.628227,0.2576603991353768,0.018088497731432715,0.12976250399331912,0.3314428804723678,0.00852374110028743,-0.0855229659142889,0.3629032258064517,178.51198874143958,1.0
-10.821208,31,52.738893,0.25755933892451827,0.021072630595656512,0.15240908187976548,0.33874685831199536,0.012375229612195175,-0.04465993413802535,0.3763440860215053,181.16049090517018,1.0
-11.97418,29,52.840357,0.2594995057404186,0.03953962200389211,0.11819601699638119,0.3366778380633512,0.02348178926521446,-0.07150376437726154,0.36494252873563215,173.65355272170726,1.0
-12.611258,29,52.95177,0.26368950102566135,0.01675420004589544,0.14826695457485717,0.3351638983415431,-0.00746305601192843,-0.11878724306587814,0.382183908045977,176.7905174657483,1.0
-10.286858,31,53.061634,0.25646082449376484,0.015129227148845511,0.148323578933995,0.3370004364646413,-0.006874176735357264,-0.10706450366007171,0.34946236559139776,176.3269057951192,1.0
-8.914649,31,53.169751,0.25542493621297774,0.012247090287111977,0.09466007386521585,0.3363093184887052,-0.0038097114265407154,-0.05997043119709253,0.3521505376344086,171.91883366145032,1.0
-11.468662,29,53.269624,0.26241433168274997,0.017760930633545027,0.0958866888959979,0.33739417780431824,-0.010133648437312293,-0.053049652878792854,0.36494252873563215,164.94025208606064,1.0
-10.455621,30,53.385308,0.25801090837120527,0.014731136098710898,0.10985438942353062,0.34359637619746575,-0.006202989758988741,-0.0765088683585488,0.38888888888888895,176.52088114391458,1.0
-9.632577,33,53.505557,0.25749923911492656,0.03205206839452217,0.1157694836987673,0.32748060321651623,0.01956928681156665,-0.0760774441089878,0.37626262626262624,177.77535616964101,1.0
-12.800565,28,53.604524,0.26427795333682375,0.019064030708057136,0.15267908655787724,0.34851597621116526,0.006252345969708746,-0.10660379658959496,0.39880952380952384,176.25414507987458,1.0
-11.115708,31,53.713102,0.2622000450895428,0.027781510584637813,0.09141537158195981,0.3306413502487149,0.014289258082194663,-0.05548465074770811,0.3763440860215054,175.69221514228298,1.0
-10.367011,30,53.820265,0.2612283134206865,0.03507578636936742,0.17806716441300227,0.3266228266623395,0.02735678900457603,-0.13600524532581013,0.4027777777777778,180.48259824058115,1.0
-11.169912,30,53.924046,0.2629325805162032,0.05527428571946158,0.12277862291820835,0.3255714995494537,0.043088715694954934,-0.08517241487127566,0.386111111111111,178.03857510029894,1.0
-11.206573,31,54.031343,0.26020490155918086,0.042540486505891845,0.1198540888093795,0.3448188643333779,0.035368739837403955,-0.08901692444748735,0.3817204301075267,171.28277529760467,1.0
-11.958031,31,54.135984,0.26160806116069907,0.04046477466851343,0.13929976508793546,0.3382070356532172,0.02974737420906904,-0.07360813355061234,0.37096774193548393,169.4720301709507,1.0
-11.485605,30,54.250184,0.2631883522469493,0.03256838785845756,0.13383978127702553,0.3375120748397011,0.027963282052392,-0.08554748626159199,0.38055555555555554,175.92969451422476,1.0
-11.961881,30,54.367445,0.26223645430546766,0.028876669734815757,0.09581922764911789,0.34004887137198747,0.02340273923197773,-0.07379482748972614,0.40277777777777773,178.92016989364822,1.0
-11.177732,31,54.479166,0.26182110177853973,0.022614941160973005,0.12442122436891385,0.33980778134956274,0.015245482874656345,-0.09483573719860819,0.3655913978494624,177.93832326775157,1.0
-12.176014,29,54.584437,0.2665744771948078,0.04291728862989334,0.12799197877049887,0.3295222600557962,0.028595548683464193,-0.10682057796112607,0.4137931034482758,168.79955018562694,1.0
-12.685511,28,54.684442,0.2662240815483306,0.054265308830549724,0.17168977022268747,0.3459267284265436,0.043569567609916475,-0.13865003785240476,0.41369047619047616,165.9550561475979,1.0
-12.144042,31,54.797577,0.26696201472748016,0.04739795332636041,0.1565023363841464,0.3266862156862601,0.04190103082586936,-0.12623245375115452,0.4032258064516128,176.21474265643513,1.0
-11.790333,31,54.90656,0.2583865205422561,0.025221614765506276,0.13473643624249257,0.34503067274435806,0.013222129215335847,-0.07654638176452984,0.42204301075268813,171.44478191298896,1.0
-11.416868,30,55.01751,0.2605642294835946,0.058358091978197586,0.10549565549453577,0.33452587703273645,0.04461936911756115,-0.054522588511156975,0.38888888888888895,176.3915611513049,1.0
-11.505661,30,55.122314,0.26259867837932144,0.02970260113332858,0.1177586227636263,0.33767541386342026,0.017498710628475803,-0.0884693161893721,0.3916666666666666,171.72569589303038,1.0
-10.497199,32,55.240066,0.2584400708497093,0.0331726594646507,0.09432368051351266,0.32620343265659,0.02431667419855937,-0.06229020926274416,0.390625,180.61141044284943,1.0
-12.011157,30,55.347334,0.2688546413507995,0.07535676134626035,0.1845780825995975,0.3142973257837511,0.060902131469618245,-0.1566932264917624,0.39999999999999997,171.55189279487834,1.0
-11.277787,31,55.453528,0.2643830492908768,0.04431000877356096,0.117777881540455,0.3345514738868089,0.03997467401660796,-0.08006924231959428,0.38172043010752693,171.69456513433076,1.0
-9.684351,32,55.566771,0.2582656738536942,0.06452130318568022,0.10557241260554337,0.34072281084520173,0.05155521292144251,-0.04800548481650367,0.37760416666666663,175.88956283091227,1.0
-11.996065,31,55.680801,0.26259848092499943,0.07920767770635014,0.09873818821231586,0.33927021064380514,0.06404146593492958,-0.0734386043044916,0.3655913978494624,176.33552433854666,1.0
-12.050862,30,55.787423,0.2655196392748705,0.058203421374110345,0.16639668346347425,0.3352822583723974,0.04423560783011993,-0.12868751834808834,0.3916666666666666,168.9194980145739,1.0
-12.092409,29,55.885625,0.26621330166667717,0.07744448238933845,0.19092696674730616,0.348078521390316,0.0611185771681891,-0.1625155016608069,0.3994252873563218,169.97865818134838,1.0
-13.103499,29,55.985706,0.26637061908508924,0.05007337123744618,0.25124894698475625,0.33400062427493643,0.041959507191358485,-0.21532103704086258,0.40229885057471254,180.3451751361655,1.0
-12.234867,30,56.095789,0.2643548360589922,0.06859979931382817,0.12152984922672917,0.3406525098338015,0.057670275570959044,-0.08205755014847768,0.38333333333333325,166.8462358464311,1.0
-12.771096,30,56.200996,0.2623259780208888,0.05595560149270763,0.2075386958637607,0.34762294854956327,0.04131979808544174,-0.1716121473078591,0.38055555555555554,175.22508709925242,1.0
-12.658548,31,56.309361,0.2614339161356131,0.09666779079578434,0.1463447802224014,0.3347518108127618,0.08138157223641486,-0.11827452214811704,0.3575268817204302,178.22979822488622,1.0
-12.161994,31,56.423542,0.26364682354446517,0.05946941074582337,0.1366884740098727,0.3331630725941395,0.051896255589096815,-0.1151108995297803,0.3682795698924732,179.70729993811236,1.0
-12.50059,31,56.545476,0.2628721120874068,0.08050220542577813,0.16831504320628357,0.32789083435164595,0.06315299536370295,-0.13718888385615394,0.3844086021505376,179.14837755194125,1.0
-13.477555,29,56.645847,0.2692371438713718,0.08215525916260626,0.20536213873426307,0.33787724961376947,0.06818015940718017,-0.16371837114580592,0.3534482758620689,164.51167941470297,1.0
-12.443811,31,56.755307,0.2643863807444411,0.09001114055039562,0.13016086005568386,0.32769358945908145,0.07364646307824553,-0.10944530024792819,0.3817204301075269,169.97680299165597,1.0
-12.493139,30,56.860902,0.2628843437629016,0.0723813923659741,0.15105742013225965,0.3456363291629165,0.05820808628198915,-0.12325114129684114,0.36388888888888893,172.88199137115683,1.0
-13.111658,31,56.972738,0.26526663593162136,0.11298667615177446,0.15705060246019034,0.3208001138368589,0.09353717134171491,-0.12126418593762935,0.3494623655913978,178.16786600056025,1.0
-12.329867,31,57.089222,0.2628155576285769,0.06204404615112949,0.13072218433701716,0.3505608855525539,0.04958029480424805,-0.11325951867741382,0.3709677419354838,170.26174744096988,1.0
-11.871387,32,57.202518,0.26864758194810257,0.09016060655990317,0.13838244091201576,0.323627924433917,0.07539292181446455,-0.10065756643760435,0.3515624999999999,171.23430223759965,1.0
-12.605554,30,57.310817,0.26547908158584443,0.07872366856723718,0.15899071449408145,0.32816421694313275,0.06430146559021023,-0.13487953199613448,0.3833333333333332,173.97835394027527,1.0
-11.895144,31,57.480556,0.261599517946017,0.06745725387659651,0.15231333856228288,0.35280619639746974,0.05015706180588717,-0.1141334358774001,0.3548387096774194,166.33793643156915,1.0
-13.010972,30,57.628245,0.26318075154945875,0.07478187166426209,0.16837611404720126,0.3362852318595672,0.06296125210940359,-0.14722054865924156,0.3611111111111111,174.2394746072388,1.0
-11.485425,32,57.751897,0.26209373674563746,0.07733108657712028,0.1939362346969455,0.3310139617880326,0.061524683708235224,-0.15865586899730996,0.3593749999999999,175.81835252355862,1.0
-13.998959,31,57.862875,0.26723215609504225,0.12517063230115666,0.1810868442667582,0.32142522666621953,0.10635438327185406,-0.15237944685161126,0.3467741935483871,177.0149313209166,1.0
-12.897649,30,57.970042,0.26502113531664484,0.0715812150826888,0.18497608319937267,0.32639548018071285,0.05866216685981563,-0.15794651069095664,0.3611111111111112,178.84940568826332,1.0
-11.826336,31,58.083648,0.2640734333969682,0.06594537997215542,0.16606956882644708,0.3267706311556054,0.05601798629336687,-0.13978044933729702,0.33064516129032245,176.7467625187529,1.0
-12.977045,31,58.192876,0.26332554303464084,0.09754175963451686,0.1584456714989381,0.33066692704226364,0.08123412590156928,-0.12938241513146276,0.35752688172043007,178.04353881735264,1.0
-12.411659,32,58.305444,0.26479208970378154,0.09523760530572628,0.12298890117441151,0.3289441546887011,0.07756272974889718,-0.10031739830913776,0.34374999999999994,173.07701632233005,1.0
-13.225739,30,58.410232,0.2687791802115851,0.07864971981860329,0.17492492544177987,0.34907198319435145,0.06194635612544005,-0.15634383707657082,0.35833333333333334,165.6352639888157,1.0
-12.436437,31,58.526352,0.26423659011114153,0.08829699075130286,0.15880351748633084,0.3342930115984607,0.06857331818733857,-0.13637912666001994,0.33870967741935487,168.61116343416862,1.0
-12.232513,31,58.637689,0.26433462264652796,0.07174239833201197,0.16894975972440213,0.32006065556213653,0.05998185820933128,-0.10540377652452729,0.3440860215053764,179.6919860605763,1.0
-11.496406,32,58.753573,0.2661585250628707,0.05205235929296996,0.1520799306020621,0.3351188666340049,0.042549849083186854,-0.13043662577113432,0.34895833333333337,167.44275092627984,1.0
-12.410301,32,58.867365,0.2634128562430225,0.08219241893939708,0.18381239559399476,0.3272761266507646,0.06888306074824331,-0.1609932543291268,0.3359375,179.47134577792082,1.0
-12.862217,32,58.987516,0.26654192486630934,0.10630784018272883,0.2305631522733653,0.32409377713056003,0.08031937263841785,-0.19938342031367876,0.3411458333333333,171.2496339055641,1.0
-11.851118,32,59.106498,0.2613979579072993,0.07076503802664996,0.1579607759794372,0.3394626605078329,0.05916778019041674,-0.1246114424077036,0.32291666666666663,175.2940625518797,1.0
-12.21058,32,59.219586,0.2632632522999591,0.11371866608024198,0.17157252888560293,0.31354545984957116,0.09354704823504112,-0.1480316953482854,0.34895833333333337,176.1981650095879,1.0
-12.220057,30,59.32552,0.26323417316974224,0.07852601469407006,0.16690588635206594,0.34491996650751583,0.06472670180915664,-0.1189618709412161,0.3166666666666666,173.74088299523447,1.0
-13.200283,31,59.438193,0.2650382856995179,0.08917572260497758,0.14738876437246998,0.33878005447771165,0.07775150095819114,-0.12229549119982672,0.3413978494623657,175.12334288213134,1.0
-12.224583,31,59.556076,0.2638502758137169,0.0650507553518123,0.16183956276478234,0.34599256258685573,0.0512342061506811,-0.14083878671209824,0.31989247311827956,169.09065739835006,1.0
-9.769506,32,59.673982,0.2616973521948452,0.05291875427682894,0.12516955551650696,0.340511790480723,0.04132060888569222,-0.10158755590472955,0.3151041666666667,173.50499695630555,1.0
-12.661637,33,59.788479,0.26605530700322727,0.10830760939869298,0.0937027307871044,0.3221181909981468,0.09361704470913339,-0.07941629051310811,0.3181818181818182,176.5449810122395,1.0
-11.194994,32,59.903207,0.2647543211194085,0.05261308592764766,0.13569832307152022,0.33869274179551495,0.042735464470371666,-0.08617893725245666,0.32812500000000006,172.31752875146725,1.0
-11.993955,30,60.007965,0.26114964627094694,0.0620260716447844,0.1629108672861236,0.3309854848281802,0.0469495715150708,-0.13284233566575657,0.3166666666666666,175.36999811447302,1.0
-12.571545,31,60.122729,0.26221732442934775,0.09693152952257492,0.19995919252059655,0.33044010419273817,0.08185522754370682,-0.16055050616495048,0.3252688172043012,173.91998162330938,1.0
-10.646443,33,60.23841,0.26330890663969425,0.07520308432857707,0.13280089005178117,0.3152561267981217,0.061079837232618985,-0.08205285478233611,0.32828282828282823,180.2176309848342,1.0
-11.076237,32,60.358895,0.26444187715776873,0.06422580724148948,0.13250929678599171,0.3281667297676986,0.05513797234250747,-0.09632933883219273,0.3229166666666667,168.69783034119303,1.0
-12.803072,30,60.466221,0.2658180149540094,0.06501632359773181,0.21018812775877063,0.34253481398227975,0.05129835981397157,-0.18261068600630515,0.3194444444444445,166.2366040253181,1.0
-10.963883,32,60.576658,0.26071986345644194,0.05764379530365051,0.18553036375016793,0.3240025722131581,0.048709992618494284,-0.14382511322662817,0.3151041666666667,180.64943938120535,1.0
-11.604662,34,60.695228,0.26587853277623685,0.10746780199786626,0.13753960143675517,0.3095060724306462,0.09058157250492464,-0.10612170185171092,0.3284313725490196,179.96279419032388,1.0
-11.976893,34,60.818251,0.2657502856304726,0.0855390777281034,0.17817858654109067,0.3195969599118488,0.07174430479756706,-0.15257943165159624,0.3259803921568628,170.15153015307146,1.0
-10.99184,33,60.933571,0.25942300101550353,0.05529562735295078,0.18007873803040636,0.326606904809424,0.04411027633547128,-0.14550759186344916,0.3383838383838383,179.44549168322692,1.0
-12.137445,32,61.045229,0.26383289976367214,0.08043580134870713,0.1721112304522182,0.32100932371847213,0.06699997149533253,-0.13400952927707865,0.3333333333333333,173.13649307740232,1.0
-12.135389,31,61.162338,0.2628932633184472,0.06592388111371161,0.19093334995111985,0.33444712121148845,0.05316750075828953,-0.1650451811662789,0.31720430107526876,165.89781508726895,1.0
-10.643358,35,61.293464,0.2677179949599396,0.0855028801158724,0.12610909354869762,0.30436848353780355,0.0737701917091403,-0.09518228742413787,0.32619047619047625,174.19433491392542,1.0
-12.596363,32,61.412122,0.26360247080994487,0.10188950745969023,0.1962792394038642,0.3189259936152084,0.08210336207769937,-0.1705579466794131,0.3072916666666666,169.56511046729486,1.0
-12.291001,31,61.520228,0.263005032131728,0.07698313097823704,0.208111177088934,0.3221600936216529,0.06299075298717388,-0.17517675958785048,0.30376344086021495,178.53720553559114,1.0
-12.406699,35,61.647863,0.2705186034944259,0.09303390715984747,0.1571445608370557,0.29214373668054244,0.07946530708384647,-0.13595244103045323,0.31190476190476196,182.02200588666727,1.0
-10.718525,36,61.778177,0.2594158077090023,0.08075113280148391,0.16957624587255396,0.314928327379002,0.06583710381357308,-0.12065707704935782,0.3125,182.5690449222201,1.0
-10.806153,33,61.891125,0.26484320457546606,0.07831179653419736,0.19231750285005475,0.3117377044057829,0.06649609564528638,-0.17100603875788312,0.32575757575757586,178.18132302353249,1.0
-10.43472,34,62.00708,0.2607728875743137,0.035696333101261475,0.1555406133998981,0.32675825946515835,0.02740889675391428,-0.1304302984144022,0.30637254901960786,179.19405223796338,1.0
-12.118225,33,62.120349,0.2627956651338635,0.09399691468896705,0.17541185439380433,0.3223006068824792,0.07640701440024235,-0.1435049838421191,0.3055555555555556,172.85414752624456,1.0
-11.519566,33,62.239222,0.26677885739691704,0.06795429359721536,0.14367292316837643,0.30736731968027,0.05790573552980727,-0.06848026191792486,0.31818181818181823,175.68179112544428,1.0
-11.608905,34,62.363018,0.26661951864279465,0.08527856857159588,0.21058955450412922,0.31085363027436613,0.06828254110481231,-0.1754549199983091,0.2965686274509804,181.42258125753074,1.0
-10.676478,33,62.490934,0.2614278584361808,0.04128798446076627,0.13821868575406318,0.32291286561083243,0.032520483206590275,-0.11576933135374178,0.32575757575757575,179.02724949772147,1.0
-10.753933,33,62.614693,0.2636706451915647,0.04247371186465784,0.14837817269284173,0.321359445363282,0.03622431790657566,-0.11089990717157475,0.3207070707070707,171.15697506655084,1.0
-10.152419,34,62.739499,0.2608271222285452,0.06616403842106586,0.18838720423441174,0.32696219978923,0.05209957091826325,-0.16005187090923642,0.303921568627451,177.85761850644016,1.0
-11.823555,32,62.850768,0.26295783122998123,0.04735268669387465,0.23446211124057859,0.32617156521276897,0.03583962156514214,-0.2021380900843552,0.3203125,182.27482136839114,1.0
-10.434174,35,62.971018,0.25611649447761015,0.07942628194676978,0.1452929747729152,0.32032943091966654,0.06375946711830588,-0.09534305985551139,0.3166666666666667,186.7139584918302,1.0
-10.695153,33,63.100953,0.2605365913765642,0.05420617720433366,0.12690167325215912,0.3186462317887393,0.045526347292359444,-0.09423057169680153,0.3232323232323232,176.28002957081046,1.0
-8.45977,34,63.222641,0.2569528728722581,0.02356158881996656,0.101041025151095,0.3308134563810673,0.013478560289849558,-0.07330294807345138,0.32352941176470595,184.51395308823186,1.0
-9.992903,35,63.356781,0.26280363496817544,0.059729517764253164,0.158058760826922,0.31360275633467816,0.05194299899675802,-0.0947671739105502,0.3071428571428572,185.7159908922344,1.0
-11.411343,33,63.476432,0.2645857472925018,0.050109332815679794,0.1761578266330928,0.31246258364227864,0.03936506011657212,-0.15297022621554884,0.3131313131313132,183.74316207292156,1.0
-10.478779,35,63.617548,0.26364540975365136,0.05809179340426057,0.153694090463867,0.3097092141403246,0.04352404519344726,-0.0810710818029968,0.32142857142857145,180.16024349995055,1.0
-10.387305,37,63.750582,0.26761818697521034,0.06223751955572291,0.15987885443533567,0.29821929993074076,0.052330476829593464,-0.09445871372876077,0.3130630630630631,185.55393933170595,1.0
-11.538322,36,63.876397,0.2671036467336652,0.08816235664460449,0.16019386746253242,0.30037467807767776,0.0722774115456422,-0.10937786491091712,0.3217592592592593,185.95196467275392,1.0
-9.126452,33,63.989109,0.2630795731300654,0.02908809197360174,0.12164038814972317,0.31559945485254365,0.024446299726850917,-0.09090378852371518,0.32575757575757575,172.16565660798568,1.0
-10.429871,34,64.113417,0.26576726696332736,0.06922564521231493,0.1275409307798334,0.3006847878672337,0.05664329201152242,-0.08221545535703345,0.3161764705882353,179.6566664509844,1.0
-10.76652,35,64.236641,0.26360518105289077,0.08795700627438893,0.17340580524156532,0.3037363256292711,0.07015619722335456,-0.12092792129232592,0.29523809523809524,181.8898799193344,1.0
-9.704893,35,64.365004,0.26640647144053203,0.06703135976026246,0.15843858981920295,0.30478410316550647,0.05529896927964877,-0.12905787140265798,0.3023809523809524,182.00915458651738,1.0
-10.67221,35,64.492287,0.26329107543561286,0.08477192516149198,0.16226719016121624,0.3063187848489889,0.06666303278764414,-0.11196451065177833,0.2880952380952381,179.96990378890598,1.0
-9.880394,37,64.623446,0.261791298614177,0.05755857149028401,0.11690923814048573,0.3063803590838399,0.04646364000276489,-0.06254421581679497,0.30630630630630634,184.6844746953368,1.0
-9.454413,36,64.749449,0.2659400414877673,0.019210857322820095,0.11208755768401046,0.31463137975523875,0.011522812160307637,-0.07905263954070753,0.29861111111111116,169.9209252035007,1.0
-11.249951,34,64.864084,0.26336490501868015,0.0739593595185639,0.11752674093004521,0.30665052653422153,0.06046552803273503,-0.06640387273218949,0.2867647058823529,176.14415201461742,1.0
-9.628884,36,64.992275,0.2604558706447582,0.025675820572398332,0.15414208781375888,0.3050185611878301,0.018069214300085696,-0.09467182012702074,0.2962962962962964,185.70264929452844,1.0
-10.58463,35,65.114954,0.263055615888405,0.025289896363818502,0.11983188849912342,0.310985119434126,-0.003697078474275172,-0.10118708397723956,0.2833333333333334,182.8961845631221,1.0
-9.286465,35,65.240152,0.26187239629881487,0.020012263872274748,0.13498331423926585,0.3066208069463955,0.00416893154184082,-0.07824012643086588,0.2880952380952382,185.787023433423,1.0
-8.991147,38,65.378198,0.26379644941515706,0.014658252489246792,0.12909516774758048,0.3057185317965081,-0.0023454040424588504,-0.07055784138561781,0.2916666666666667,175.95105288785834,1.0
-8.916015,37,65.511073,0.2579849243295923,0.013968360008114059,0.11243856596993694,0.3030332617400543,-0.007063791586941642,-0.06474885163225914,0.25900900900900903,186.8377454748462,1.0
-8.236558,39,65.651363,0.2709714451790483,0.028362302292064275,0.11693302365188486,0.2813051690169336,0.01956411236641584,-0.0577067273274369,0.26495726495726496,184.73803123000275,1.0
-8.376296,39,65.790162,0.26824456632422417,0.023747857066606877,0.09341655455664705,0.2939016196719271,0.004645136432948927,-0.055129029387527326,0.27350427350427353,182.71402415680356,1.0
-8.3764,38,65.937556,0.26425863130157995,0.024865262299951767,0.10575369085051557,0.2927876701744557,-0.004738026501988062,-0.04263422329468168,0.26096491228070173,181.83341058221419,1.0
-7.05792,42,66.083111,0.2696261054034678,0.058934202300245105,0.09829525619148527,0.27981578322266965,-0.04173243910862553,-0.015234701675047731,0.25595238095238093,188.93144952607767,1.0
-7.097727,40,66.225659,0.2635243600901565,0.028828239923132822,0.10421110508239918,0.28963404688695793,-0.013044962806053944,-0.07516627992816372,0.26250000000000007,188.2820544264483,1.0
-9.357388,36,66.36155,0.26440073942307574,0.019366032688762354,0.13898175784720337,0.29135649852442314,0.007957832241657796,-0.10784415719482027,0.25925925925925924,186.8188377164474,1.0
-7.804068,42,66.50989,0.26796343311342713,0.07164964040211048,0.10662998721727558,0.2741644113485431,-0.053207928882848,-0.05776256472540146,0.2539682539682539,185.89754758413432,1.0
-9.154118,41,66.664629,0.26924769242067786,0.07262158364455057,0.11101474950742235,0.27875898824185885,-0.05890038100201138,-0.07805762710482618,0.2398373983739837,186.14579947876302,1.0
-7.684217,42,66.819812,0.26954436717308927,0.04452934770312221,0.11570219871281019,0.2749098433566245,-0.034144479759417035,-0.06495121765794014,0.25793650793650796,188.64957914320107,1.0
-9.597984,47,66.982524,0.28418593850239976,0.06903866056076315,0.12142671930597687,0.24791680110416012,-0.046407533176420365,-0.04762838774259594,0.23758865248226949,192.78336786158812,1.0
-7.194301,41,67.12379,0.2710079918358626,0.01628258876482312,0.10741913111015501,0.2827050216323736,6.600837123138047e-05,-0.07908240721075181,0.22967479674796742,189.67623854533036,1.0
-7.761034,42,67.278537,0.26934163602554434,0.05435990438872243,0.13718741323392694,0.26911752413288187,-0.03874127877467351,-0.0578678383732668,0.2202380952380952,192.99588245473635,1.0
-6.683288,45,67.435782,0.2782461235559345,0.033504418823131814,0.11462053249808639,0.2593806252723623,-0.016531784963369916,-0.0467959349132624,0.23703703703703702,203.46719005412666,1.0
-8.087161,45,67.60067,0.2784517305656849,0.08017630531071612,0.08762277404593055,0.25454078037727396,-0.060595110732851745,-0.048625538378887875,0.22777777777777783,190.27824292229585,1.0
-8.80141,45,67.760997,0.2706568407384093,0.06978708320588083,0.13935235661633555,0.267952903894194,-0.05477632819100186,-0.02338022495466028,0.2185185185185185,187.5983279415175,1.0
-9.583604,45,67.916901,0.2737250685228223,0.07772082004482257,0.10868043167155593,0.27399930227518,-0.05551223522898265,-0.046317299248312675,0.2166666666666667,184.1016868085868,1.0
-7.735302,50,68.090863,0.2839470865350085,0.07026257186770586,0.118617184521597,0.24791805461809013,-0.05326619151710133,-0.07499209520054538,0.23166666666666663,195.90392727125055,1.0
-10.166969,47,68.642386,0.2808679839501571,0.09468279006222392,0.10771870421888075,0.2507123380488698,-0.07347151788110617,-0.006964667506150073,0.22517730496453894,195.1303051137031,1.0
-7.400729,45,68.810911,0.2739674100362966,0.06278680388203856,0.11184479127991598,0.26212632489109056,-0.05092746191968515,-0.060061253868207536,0.22777777777777775,198.2663026835299,1.0
-6.644135,50,68.988638,0.2840158861981178,0.05170185971656671,0.08329624389526138,0.2503094763392176,-0.039793292732049054,-0.032799350754918265,0.20499999999999993,195.86666504702308,1.0
-6.460397,48,69.172545,0.2847270019900233,0.051038554373802995,0.11050795112601182,0.24624261850983328,-0.040762836924155534,0.0067666098487672,0.1996527777777778,191.56626722680903,1.0
-6.416375,42,69.319413,0.2696342264727461,0.02725803624507758,0.12214448093655535,0.27272627628804014,-0.018757475003534294,-0.0688660856898322,0.20634920634920634,190.9570624062601,1.0
-7.908989,44,69.480814,0.273341080570046,0.019855243238672358,0.12604980543665165,0.2633996906950318,0.0062362103007850105,-0.06895517195300692,0.20454545454545456,198.92586171397718,1.0
-7.333454,44,69.636715,0.275094710075242,0.024028734002714044,0.11816081284514307,0.26703043678567506,0.0017327580571314977,-0.04176088768312039,0.20454545454545456,196.77600841439332,1.0
-6.763541,49,69.811682,0.28517170005643216,0.04292225992031228,0.08638054529893346,0.2452516213540721,-0.03510594389233636,-0.007427418338540693,0.21258503401360543,193.0284827003816,1.0
-7.489365,41,69.960564,0.2619483480963192,0.028152709316112863,0.09350678541419503,0.28633160298414295,-0.02360747437253518,-0.03973794702745968,0.21951219512195128,192.3391700560042,1.0
-9.111306,44,70.112974,0.27152591109441426,0.07444035635132336,0.08488387922508864,0.27097265328499226,-0.0554402910799074,-0.004890039300616802,0.21212121212121213,193.22054743058706,1.0
-7.046845,42,70.267202,0.2651598199071401,0.0834756556979807,0.09898631830680477,0.27975776489030457,-0.07152652065410423,-0.009740645983220006,0.21626984126984128,193.54975556980975,1.0
-7.989556,45,70.434817,0.27736268823252,0.07531220201927492,0.08010674251251826,0.2620139139530823,-0.057777643466209345,-0.02597026927616898,0.224074074074074,187.27824894669416,1.0
-7.724642,40,70.581167,0.2631672748755023,0.048431730363085075,0.10441353804122279,0.28509528385662686,-0.042550404557359575,-0.04015797815117968,0.2145833333333333,194.87024299964972,1.0
-6.692656,41,70.731173,0.26451835049352446,0.016567054755580138,0.10848856484328902,0.2850619289323425,-0.002219059360668355,-0.04973491787125066,0.22154471544715446,188.21449792057626,1.0
-6.890683,44,70.888897,0.26952660396554,0.05749760275885683,0.08930872507816777,0.27127510728862414,-0.044487090079828914,-0.040137032328383476,0.2253787878787879,194.16621876142725,1.0
-7.755953,43,71.040019,0.26713813996793995,0.06867773381793221,0.08546729431263313,0.27708212203678984,-0.05320772788446763,-0.03970030735750716,0.23449612403100772,190.7327086298255,1.0
-8.448028,41,71.193743,0.2645805878673131,0.03926393706815321,0.10105994056143836,0.2840964727472362,-0.030475712218766524,-0.044232294748653034,0.2276422764227642,188.65523236023233,1.0
-7.867285,40,71.34046,0.25842436978151445,0.03592763097457232,0.13180852818744848,0.2942453453765679,-0.03175117790131247,-0.006528605882213788,0.23125000000000004,188.98664260337736,1.0
-6.133377,40,71.482421,0.2622666997073348,0.014688277169380135,0.0921784936578768,0.29704318856260997,-0.004851699044668952,0.005714787516525448,0.2208333333333333,183.98218849537017,1.0
-6.112395,41,71.629053,0.2621683027137122,0.018671513034927218,0.07042127738771506,0.29369473288112197,-0.014111287667538698,-0.011137532482748106,0.22154471544715448,184.30790293893543,1.0
-7.490087,44,71.789328,0.2691543631373619,0.026274464497389734,0.11683612666376185,0.2757790144327934,-0.019960400951522555,-0.034906450341907244,0.23484848484848486,187.2484842115361,1.0
-7.125131,40,71.932005,0.2673740778725794,0.012476982504720478,0.12684316836186793,0.2853690125644806,0.0053428627074943395,-0.05760468650297518,0.22916666666666669,187.44382254394912,1.0
-6.454107,44,72.094458,0.2713273277465431,0.024117344114919326,0.09930290936203146,0.27151873205867044,-0.020685908201687284,-0.025391526910153287,0.22727272727272724,180.65301890167052,1.0
-8.12864,41,72.254225,0.2618318133730348,0.06016289273914582,0.0955651830779702,0.28932839418232653,-0.05145147097791783,-0.006105737835787398,0.23373983739837395,185.53107513353987,1.0
-8.383626,39,72.392178,0.2567723001392335,0.035199336120332526,0.07839397520021722,0.30535600840257787,0.019906267051678618,-0.022170379898017727,0.23504273504273507,184.98509689399427,1.0
-9.161058,38,72.529009,0.25955604711246183,0.07226982829682,0.1006015938165421,0.293445339771827,-0.05851627603506519,0.0026750877247349557,0.256578947368421,181.6668174177474,1.0
-6.340788,42,72.676987,0.269466068460126,0.02102795843602891,0.08132857091737755,0.2770678571710176,-0.004040605309535467,-0.04693283808021513,0.24206349206349204,186.93890919460512,1.0
-7.196252,44,72.833281,0.272876414128227,0.06363228631778253,0.08067338647868513,0.2680700784355396,-0.046868598107991426,0.008782036720806442,0.2424242424242424,182.99605471558996,1.0
-7.663821,42,72.983087,0.2641004434914106,0.024568535376149205,0.10013012836331044,0.2837484510314415,-0.018535355894020215,-0.02317021296165715,0.2341269841269841,188.63309926524974,1.0
-7.389589,41,73.129666,0.2663387959955591,0.036933756033006256,0.08844850347523711,0.2852851991078142,0.02764740821867106,-0.028975311445066744,0.23170731707317074,183.39258836573325,1.0
-7.608409,39,73.278542,0.26462151154548996,0.022303020576658446,0.08398991717897304,0.29326333960479845,-0.014542325808573483,-0.03151630939824443,0.25,183.66729399311063,1.0
-7.628188,39,73.417279,0.26277283304589055,0.05174055333649348,0.10603178987372323,0.29744806219311276,0.042140803735523896,-0.052158155505505524,0.23076923076923078,190.28219523951853,1.0
-9.506676,39,73.553549,0.2640604970452092,0.07563536440579244,0.14187848330347005,0.2908692501375526,0.0629354721673844,-0.030791229241091272,0.2393162393162393,193.93733244110658,1.0
-8.005263,39,73.697033,0.25988017607385633,0.017996510243447943,0.11109142264198907,0.296962707062713,-0.0005488496165067656,-0.04108766117687221,0.2564102564102564,191.49344492369164,1.0
-7.910697,38,73.83076,0.26116514956503667,0.0695135911605114,0.08811673457755678,0.29347738716418614,0.04967609933181809,-0.026584346444494998,0.22587719298245612,183.95798686234122,1.0
-7.80422,44,73.991481,0.2684337621394001,0.05679006447857621,0.08349731241613514,0.28121404877925865,-0.04481795607494931,0.007486061010094938,0.24053030303030304,188.17142100530828,1.0
-10.58733,37,74.128427,0.26298810428350095,0.10871730633734841,0.1042743106719666,0.2911298587414409,0.08460953698212523,-0.03752909250967296,0.22297297297297303,181.52675549609023,1.0
-6.854116,41,74.278608,0.2701713401965996,0.04336350560889764,0.10110034818296466,0.28298809157338456,0.03371061427664393,-0.03142688255474339,0.21747967479674798,187.4728362625602,1.0
-8.437589,42,74.432934,0.26804466501075047,0.027432977902821967,0.0780061536378146,0.28853821501812227,-0.02013045410258081,-0.02070467093494857,0.2321428571428571,180.6091984428748,1.0
-8.791049,43,74.591461,0.27546016418526115,0.09903635939157987,0.0958233931418469,0.26407647119559086,0.0707797239545629,-0.010010104839208972,0.22480620155038755,188.66959868164258,1.0
-7.921525,40,74.739405,0.26202283454443853,0.031092395325207172,0.07773186074293852,0.2918982163098151,0.010903076582884409,-0.03154919400622994,0.19791666666666669,185.0637843490378,1.0
-8.151085,40,74.878398,0.26322432182389327,0.047859259139821635,0.11359449599342884,0.2953033898392251,0.03610275267173245,-0.04079005894801058,0.20833333333333331,186.50763775810375,1.0
-6.730409,40,75.021093,0.25455348734293687,0.023494703925443654,0.11588392803649528,0.3109049610745539,0.010809515622878737,-0.052010485684126986,0.21666666666666673,190.3169694486418,1.0
-9.704285,36,75.146128,0.26245572314076815,0.09603894026551811,0.09499194779476365,0.30450577288292985,0.08038042912536437,-0.010227474511018571,0.20370370370370372,184.59412581138824,1.0
-7.360792,40,75.294452,0.2692553443510391,0.047652636085623264,0.08266388733026192,0.2871461345538383,-0.03505948029143491,-0.004078018156577483,0.22083333333333338,183.61536777612952,1.0
-8.64919,37,75.432629,0.2586861443514705,0.06538988768623527,0.10641537291502301,0.3070861102668478,0.051146928807734394,0.007862327596372893,0.23423423423423423,189.76678782767445,1.0
-10.013546,37,75.566291,0.2598148283739655,0.08787169374719102,0.10823289839912087,0.3035622394000308,0.0687942420085587,-0.060342963383337334,0.22747747747747746,187.7069126663005,1.0
-8.949275,41,75.714308,0.2710650566817137,0.09791953767165422,0.1133425306181614,0.2772114477594231,0.07854805978805326,-0.014257533069818846,0.22967479674796745,186.75159169410443,1.0
-8.527445,37,75.848104,0.2601729170976758,0.04281995715095573,0.08544234217063107,0.3055652675941992,0.022773469493676146,-0.014181265233325692,0.23648648648648649,178.52031213980288,1.0
-8.6536,38,75.988073,0.2603491516926373,0.028820108789984134,0.09029812124231901,0.3132792718894488,0.01812666267588759,-0.029006162095487384,0.23245614035087717,177.1178121322454,1.0
-8.645183,40,76.128383,0.27140721382030913,0.09411695904065666,0.11943272172062727,0.2809170843121594,0.0760213202517462,-0.013063837282950904,0.22499999999999995,179.44831640687732,1.0
-7.009579,39,76.27503,0.267027675786245,0.04443938774942524,0.07742181480520458,0.3021548123829858,0.03330737282752235,-0.01583486567570171,0.2329059829059829,175.9293599807748,1.0
-7.521899,37,76.408379,0.25946477033691867,0.04755453774545938,0.08070302261287374,0.3101130342217869,0.0311970688992076,-0.04484974649661857,0.22072072072072071,180.2635792249417,1.0
-12.045042,40,76.550604,0.2782348363653607,0.1346079358709271,0.1215430255800972,0.27048333527293866,0.10575506546425913,-0.020420194925715795,0.22916666666666669,185.2838140480256,1.0
-7.768099,40,76.691857,0.27065149824133256,0.048856630956047226,0.08360928839894605,0.291357457920941,0.03735870823248634,-0.013074862692951,0.20208333333333334,176.27971880158105,1.0
-6.679778,43,76.845675,0.27260788226493526,0.044571202362525826,0.061074336017755915,0.28228441064031073,-0.03267311068026744,-0.00896766446567628,0.22480620155038764,178.2618817770427,1.0
-8.195282,40,76.989977,0.2609788507437125,0.06945877975492251,0.08732316830561261,0.3039263580111066,0.04767099131477225,-0.008534799324881081,0.2291666666666666,182.64088616980428,1.0
-10.122288,38,77.124928,0.26686151422706034,0.08203587725604994,0.11869085657824495,0.29163132198454056,0.06202385891142363,-0.037989892167252154,0.2083333333333334,181.48844935744222,1.0
-7.917228,43,77.278278,0.27030957373811715,0.06757493764275375,0.07801951624569765,0.29003072614435,0.04885814538200502,0.009303311112995764,0.21317829457364348,180.55733911506704,1.0
-9.497076,37,77.420352,0.26264304097083285,0.09637464059828993,0.11256172185859475,0.306766632615959,0.07541831606453182,0.027230657534083918,0.22522522522522523,187.80405411552331,1.0
-9.317235,39,77.557792,0.2696475031069266,0.08629490264413629,0.08092795457142457,0.2975734997098322,0.06902759197720651,-0.026742412058517323,0.20726495726495728,179.19724229411116,1.0
-6.771842,42,77.706318,0.2676669817830324,0.013847127113039936,0.09726967842563249,0.2903095018241087,0.0002537636869937416,-0.013292976685118191,0.22222222222222218,180.13544727773973,1.0
-7.615406,44,77.861866,0.2689024174561452,0.05274517910835328,0.1303987520357496,0.2880222857168621,0.037082250006417954,0.043173722475689284,0.22159090909090906,172.55252767118208,1.0
-7.442622,40,77.998419,0.2660682359152769,0.023715973866028417,0.10175122810758613,0.28863995685369853,0.015057552939092736,-0.012447701950467018,0.2395833333333334,185.74000678103118,1.0
-7.925971,42,78.15133,0.2714355819440425,0.05551002724572633,0.11027074031912466,0.29494652158366624,0.04089952696242002,0.012502256505231629,0.22420634920634924,180.0864032107872,1.0
-10.048271,39,78.29087,0.26682172453839936,0.09259858999226812,0.11418296644329178,0.2948681938428769,0.06788660890392888,-0.002404194914172951,0.24145299145299143,180.8413912460299,1.0
-9.254933,38,78.424897,0.267069159353583,0.07937488823502085,0.08671242678667779,0.2901399988598431,0.06485551971829574,-0.007999252005173029,0.23245614035087717,181.47801431190365,1.0
-8.42225,39,78.557117,0.2645608343116936,0.06662672343368299,0.09211982711377091,0.30016004886478775,0.050505199228065005,-0.002107173469081378,0.25,178.4793651867947,1.0
-7.892854,42,78.713191,0.27353081296796533,0.07076908381849265,0.11502566199949134,0.28176202452907084,0.05098346135106368,0.024761147908620253,0.22619047619047614,177.82710423674067,1.0
-8.380098,42,78.862047,0.2682455446434725,0.07489723432055888,0.08787711064526174,0.2958414236294703,0.052025207357173274,0.004615458711740571,0.2361111111111111,184.55084769820866,1.0
-8.167318,41,79.002796,0.2651133146905668,0.07876699389452434,0.09607878590253496,0.2919535968914285,0.052789196456177856,0.021594987726956345,0.23780487804878045,178.10681843254824,1.0
-10.588412,39,79.140335,0.2751815931735399,0.10965192305923521,0.09827537771848771,0.27536475846614983,0.08613954845579327,-0.019694629832793034,0.21367521367521364,184.10327886807775,1.0
-14.575531,37,79.277797,0.28058695543813034,0.18572731724013058,0.09703228880960715,0.2564461651020284,0.14681606960931531,-0.01572801723036349,0.2252252252252252,190.88122286406485,1.0
-10.920678,40,79.423934,0.2737047751494777,0.09874115283068684,0.09376662680800961,0.28054064525395067,0.07481539678377794,0.02215165475824008,0.21875000000000006,184.3987073184016,1.0
-10.11946,38,79.561047,0.26787159058934085,0.09741525368303636,0.08374939814225144,0.29224485717966336,0.07910009002425086,-0.014636943595606416,0.23464912280701758,182.6439777448135,1.0
-8.950488,38,79.701396,0.27090743616000484,0.1030919784066389,0.08124912282498387,0.29550682622200986,0.08274801647972577,0.011866329781863347,0.24342105263157898,180.38448300281198,1.0
-10.349093,40,79.846744,0.27064693009902946,0.11873952521814568,0.09821092117666298,0.2764870999792437,0.08810467718771475,0.007033023753118356,0.2125,185.0084294695195,1.0
-8.504352,40,79.983528,0.27099744744399284,0.07530497807474966,0.12815934219761602,0.28438498051369254,0.06361545813839245,0.0616598087523359,0.23750000000000004,175.33530601149127,1.0
-11.905335,36,80.11394,0.2706816530400825,0.1594600219544448,0.07780613941096971,0.2825304847526473,0.12585162556124802,6.442547505316492e-05,0.24305555555555555,178.9111798206437,1.0
-8.897414,41,80.262294,0.27077680313721814,0.07257932106266633,0.10453684555257356,0.2892110215913579,0.056154369839482646,0.010283860186453723,0.2439024390243903,186.0736777721909,1.0
-7.54217,41,80.412394,0.2733151361593205,0.04258329624590713,0.12333082349594393,0.2858108162188018,0.03321818529376603,-0.00372738707382075,0.2459349593495935,183.0264193135616,1.0
-12.134355,37,80.552389,0.2697899217271734,0.14012988492680567,0.12444971887769009,0.2837644048622472,0.10893433936488366,-0.020418437399689727,0.2590090090090091,179.64221006813057,1.0
-11.926278,36,80.680647,0.26305743116566016,0.15059253674918618,0.11140804220985145,0.3005594461814569,0.11587687142916299,0.028535923465378848,0.25231481481481477,177.35867019242986,1.0
-7.178619,41,80.821903,0.26846131029362885,0.04735092449871152,0.08283979157510808,0.296861039307361,0.031404454565684206,-0.0030668686354799767,0.26422764227642276,182.43100041127616,1.0
-9.03763,40,80.961353,0.268925004261378,0.0480827020643252,0.09093664541615702,0.30202342848989144,0.03016255426078356,-0.010633393878770207,0.2875,178.7767937719795,1.0
-7.027122,40,81.106008,0.26589513265057735,0.03742773279016919,0.10268903248685465,0.3037347317404853,0.02927347464283133,0.01818999088224959,0.2645833333333333,181.97023184002137,1.0
-12.130699,36,81.242535,0.26819003486898135,0.12939205447907212,0.09620965119172224,0.28775549411681295,0.10537543689594164,0.0034860425203380612,0.24768518518518517,185.2521090651593,1.0
-10.426087,36,81.373379,0.2603828345064945,0.12041131317831649,0.09005581387968521,0.3145674419741495,0.09264365054173014,0.022303951912729943,0.28009259259259256,181.92453322792227,1.0
-8.794346,38,81.517182,0.2659077077573781,0.0391960834032737,0.111699169006567,0.2986990403086384,0.025398656393842523,0.008697133335628281,0.28289473684210525,180.90690779842419,1.0
-8.080044,38,81.65542,0.26381809102424764,0.06406588419144296,0.11544095869694766,0.304482034815703,0.05016886741970574,0.034265052884416766,0.2609649122807018,180.99494276915144,1.0
-8.733883,41,81.798646,0.2667362148788212,0.07509724388152854,0.1429067328235881,0.2894622340737996,0.05987259163759038,-0.005686789682736569,0.2967479674796748,190.489599189072,1.0
-10.700741,38,81.939013,0.2676444615635765,0.12300786352274277,0.11505447400619938,0.2945506275410523,0.09363067637488184,0.039248819199318746,0.2894736842105263,177.73248212041992,1.0
-10.527099,36,82.06937,0.26425361650962154,0.10242539071344901,0.11417527619577947,0.3213296504318118,0.0791835291328496,0.05563491383662559,0.30092592592592593,173.2580572552328,1.0
-12.070505,34,82.188931,0.2680345607400386,0.15200728616798667,0.1259911357944724,0.29324718091905677,0.12019698643350374,0.05828640309649332,0.29901960784313736,181.7156445064877,1.0
-8.900481,36,82.3248,0.26370551343793014,0.05202193423166628,0.12411488863225142,0.31107398443202905,0.04271950886949199,0.019290192189170975,0.32175925925925924,179.4041352544089,1.0
-10.218632,37,82.458177,0.2676586774250646,0.11114092765281736,0.09822495581649071,0.29842585504184116,0.08534698361232795,0.0384198538713807,0.33333333333333337,173.71486786239862,1.0
-7.395085,37,82.589132,0.2603454715903346,0.023057991521297214,0.11337809164043931,0.31380236564350045,-0.006465382518577659,0.03578519367903088,0.3445945945945946,171.9970390577351,1.0
-9.13424,37,82.728351,0.2629316241030353,0.0717732705917872,0.15310470299707016,0.30166197181079324,0.05646412869490432,0.05741367897554739,0.3648648648648649,183.46570066070424,1.0
-8.551348,38,82.87444,0.2611126481557229,0.014769258917950591,0.10614253438260962,0.3145213706889717,-0.009498579890882312,0.03069356430068923,0.33552631578947373,173.0376602721171,1.0
-11.088353,38,83.004075,0.2686182079507124,0.10516291505774952,0.13521547600518968,0.30070470192278215,0.085968468991576,0.04351898351940122,0.34210526315789486,182.88546375756383,1.0
-9.185761,36,83.13755,0.26089025269228383,0.05201142160904135,0.11694262032181828,0.31553050830593915,0.036327451265378646,0.06986609274249438,0.37962962962962954,171.55201123272167,1.0
-8.424282,35,83.262509,0.258114009594613,0.06501929387028249,0.12141873124846962,0.32690761331017476,0.046828574372503984,0.05340303022084589,0.3452380952380952,173.32830105496078,1.0
-7.375474,39,83.403668,0.2610287386989564,0.029133766827272183,0.12552848896940377,0.30879930435046543,0.01965991517416374,0.036265461698763705,0.3910256410256411,188.33322086029648,1.0
-7.178205,38,83.53279,0.2651172021321198,0.030287057615966152,0.13269069607983222,0.29971573040007654,0.023360606105292846,0.02753084883442437,0.3706140350877193,185.05632904543737,1.0
-9.165456,36,83.6643,0.26657697863267077,0.11934823316202635,0.12836505076341165,0.2990755938397965,0.08935153837675983,0.04892120502839159,0.4097222222222221,177.86850139037574,1.0
-8.843313,36,83.797423,0.2616639516394308,0.047334722111968854,0.11021223436068915,0.32628343374861896,0.03665057383455488,0.053870078414564135,0.39351851851851843,179.8854043631275,1.0
-13.342628,34,83.918131,0.26279192601140067,0.15888797131638016,0.11064719649672873,0.31579338437652116,0.12508082776221338,0.06978438136327247,0.4093137254901959,178.160517513855,1.0
-11.272176,34,84.038696,0.2651422548920464,0.09735542205290186,0.09988758681615183,0.31401204288535967,0.07683940655157062,0.043899783993245824,0.3897058823529412,176.33687481668122,1.0
-9.635189,35,84.170226,0.26510818995233615,0.0758126256149432,0.07899167363805888,0.30947737739725323,0.058064267871965974,0.021486775601107976,0.4023809523809524,177.60600574565854,1.0
-9.722363,36,84.312347,0.26076924180295646,0.02803254301264269,0.10336868287477206,0.31627980162449787,-0.01698063766128486,0.013213450052765485,0.3935185185185185,182.69809306990578,1.0
-10.442842,35,84.439108,0.26054529753572736,0.0961277957708991,0.128763010668859,0.3170324756781564,0.07165999409537184,0.0603435342547077,0.45476190476190487,173.2928045445082,1.0
-9.822542,37,84.572064,0.25983351899180535,0.07387000499846352,0.12269703796588964,0.3161583502748272,0.055523866784473665,0.05289495730521695,0.4031531531531531,185.36122249464418,1.0
-9.476639,37,84.702961,0.2667512790688305,0.0669133336092191,0.13101077274206605,0.3073411475839647,0.04971741368299143,0.08127447235609386,0.45045045045045046,169.44741878014162,1.0
-8.838366,38,84.840701,0.26379494758564537,0.04480831802126784,0.12803573565676518,0.3039661399241944,0.03308174246749235,0.06118746476628618,0.4385964912280701,178.33033176450303,1.0
-9.61748,35,84.967746,0.26473898810432295,0.08386444485539514,0.12217452880349124,0.3039966487320218,0.0634739894648391,0.06246550190190284,0.4476190476190476,180.55944082548936,1.0
-11.044288,35,85.090981,0.2640885727102978,0.1129078329101192,0.10882157398367685,0.30477742994235524,0.08586712018713019,0.040331977899312234,0.44523809523809527,179.64778665940673,1.0
-9.236187,36,85.2212,0.26095496422599584,0.06190768439674283,0.10370541145123616,0.31204706515726816,0.04429884827348839,0.04477940464178855,0.40740740740740733,175.17069649229046,1.0
-8.072987,38,85.360556,0.2677889663344494,0.030025761985771456,0.11611390871014872,0.2934156238390343,0.021531571437185128,0.025945678497633656,0.44517543859649117,173.58536256847506,1.0
-10.059324,35,85.482846,0.2635326815931997,0.08380442482057691,0.08658563766090419,0.30546159763365754,0.0641237286054684,0.02163942599162254,0.469047619047619,185.68155683088966,1.0
-8.084474,38,85.612523,0.2652269038056838,0.044434642454702786,0.13438921212420007,0.29209791336593244,0.03415634149209847,0.06389945985128828,0.42324561403508776,185.2713462510923,1.0
-8.610499,36,85.746441,0.2619068277516322,0.058709213395698734,0.09867835924657582,0.3034584378182103,0.04434217591534268,0.039087582678921345,0.449074074074074,182.89590076306888,1.0
-10.733475,36,85.875069,0.26499720778551084,0.09815329310253659,0.13861454769146522,0.3041009794266901,0.07621586539014145,0.06678264577294765,0.43981481481481477,181.1724795696797,1.0
-9.611902,38,86.006889,0.26371491710300043,0.09210848948923726,0.13734537457874466,0.3054851425071157,0.07161147164356219,0.07734066236882452,0.4627192982456139,180.18245211245136,1.0
-9.733299,35,86.132329,0.25901192745746177,0.07832710354448334,0.10427582764414108,0.3190085206575837,0.05702229330351024,0.029027501254366646,0.4714285714285714,182.5145038414479,1.0
-9.38777,38,86.264216,0.2692184902182265,0.07487024907775301,0.12009901845355757,0.30563612420905456,0.05963440641820002,0.07274898730999378,0.45833333333333337,180.83076640702149,1.0
-10.274704,36,86.396303,0.26619033007343496,0.0917676570636406,0.13111344130818847,0.2968377348198959,0.07300055618786418,0.054748925401449565,0.4606481481481482,185.1717226743469,1.0
-10.005385,36,86.517592,0.26066513412532766,0.08287695604585531,0.15921024810931625,0.3217538452337185,0.06589452924708984,0.07197601938070969,0.44212962962962965,176.9405806414767,1.0
-9.503176,36,86.651589,0.2656868383976794,0.09329280949478286,0.13320163362915616,0.30593505949627114,0.07548783293566473,0.08103518658441515,0.4652777777777778,176.00001807898198,1.0
-9.451504,36,86.77973,0.26346680792291205,0.07795056887919842,0.13275460727594532,0.31494313325780793,0.06165613523640006,0.08557817723048254,0.45601851851851855,177.30767126421603,1.0
-7.521056,38,86.911722,0.2643810359562402,0.04535346590188926,0.12429779171792385,0.3083643076406812,0.034919419188583746,0.05457784440608646,0.4802631578947367,183.48299856863278,1.0
-9.850019,37,87.050167,0.2640789411008209,0.06335286700176831,0.13834489509114212,0.31735039246776553,0.04662210204208449,0.0770413463059459,0.4752252252252251,170.89816396893102,1.0
-12.278868,33,87.164817,0.26202575429855923,0.11233029504561945,0.11075099431251653,0.3232496263389769,0.08667359171351695,0.039577141583707384,0.4797979797979799,180.10653999556777,1.0
-10.654637,35,87.297706,0.26178428117671926,0.07839973470128188,0.12798112336448156,0.3138500220940136,0.05847991257177966,0.08052732065853459,0.44761904761904764,177.8561588330028,1.0
-12.797788,35,87.487508,0.26438358757369357,0.1378418837343699,0.12088210405662247,0.3138586171230762,0.10790310182112448,0.06389280828839934,0.4761904761904762,175.72033944464405,1.0
-10.946898,36,87.656924,0.2625230885718853,0.10938500698782652,0.13430131136996276,0.3213406505131366,0.08466441926352719,0.06633292587847081,0.462962962962963,182.63854160680197,1.0
-11.181434,36,87.809482,0.2670326015608367,0.13577836415750824,0.12906151025947046,0.2936481575948393,0.10740741055098718,0.07856469511707719,0.46759259259259256,177.91691873572884,1.0
-12.463041,34,87.930716,0.26798774062724756,0.12560748109260306,0.11679702256558884,0.2998666719500154,0.10152392614522834,0.04773298011935837,0.4754901960784313,185.64431337374188,1.0
-8.70441,39,88.079528,0.26168454269763114,0.04757992736131021,0.12664876235255626,0.30421797381842247,0.03631979703457989,0.06903967985061671,0.5,183.99235929814756,1.0
-8.988366,35,88.206609,0.2606199978469503,0.06418095467863669,0.12650591509938125,0.32286597240827575,0.04954448169524138,0.05680851821332637,0.4976190476190476,185.84428705646647,1.0
-12.028203,35,88.332296,0.2632867606130679,0.12873398624429475,0.1426661914227606,0.3080144636325536,0.10176858397306697,0.07917237270626132,0.4785714285714286,185.3887445917708,1.0
-10.37624,36,88.456218,0.2627140243258291,0.08329430668932157,0.12223961679328486,0.322926852071723,0.06373806080137255,0.047307060148894305,0.49537037037037035,179.31050311504612,1.0
-9.852214,36,88.588026,0.26604559036775094,0.07921497873614415,0.11732819571929749,0.31009360382423934,0.057818146182035624,0.07559950228394635,0.45601851851851855,174.38100887602192,1.0
-10.534406,37,88.720171,0.26504961518342707,0.10512644278159503,0.16719938882162652,0.31476236418412185,0.08228082691981782,0.10303238084864082,0.4887387387387387,181.80814855579405,1.0
-8.159739,38,88.849523,0.2625576017791858,0.026637234442641444,0.1616800811453687,0.31281780136095866,0.014245200563579974,0.08316633923299219,0.5021929824561403,176.52363691319525,1.0
-8.963137,37,88.987121,0.2602955041913983,0.052887196820262224,0.14498909496798792,0.32436985541867036,0.04010154642720765,0.05310072105151097,0.5022522522522522,177.74688057447162,1.0
-11.385135,35,89.112238,0.2624016928538523,0.1085149324754988,0.12738976923114037,0.32158178783776364,0.08354420900943735,0.06956882371630028,0.5023809523809525,173.45883593941252,1.0
-10.016694,38,89.238991,0.2688498105209977,0.0982517354558988,0.120014922388526,0.3047028300750133,0.07869486041589124,0.05301400813190542,0.5109649122807017,179.19531770529716,1.0
-13.828262,33,89.356397,0.2634226830682615,0.1594374090886327,0.12636246149045444,0.317033831119567,0.12584071866706162,0.06713784225114046,0.49494949494949503,183.82907774965014,1.0
-10.535891,38,89.492724,0.26751696610791503,0.10538819872668775,0.12619681660386572,0.29554272422260747,0.08049185185519463,0.059159696191045275,0.49342105263157904,181.00319425248207,1.0
-8.524264,37,89.620819,0.2604601587573285,0.06274756822678462,0.14977364508555238,0.3198707425153456,0.046646927701699405,0.09940351448783456,0.4954954954954955,172.50269806993413,1.0
-11.245584,36,89.746607,0.2648873076441394,0.12659404675379612,0.17018204070903795,0.31403839708471293,0.0963950305518365,0.12033643985310914,0.502314814814815,170.86219128617688,1.0
-11.731801,34,89.868319,0.2667574491105615,0.12685129825850333,0.1574870660056802,0.3075072740757548,0.0983844650816467,0.1085534785761094,0.49509803921568635,171.51594386974878,1.0
-10.881198,37,90.002136,0.26597852184725956,0.13275468744656949,0.11517914571261496,0.30087421636392786,0.10056851121755636,0.057059925483405036,0.5045045045045046,181.3501088443127,1.0
-11.851648,34,90.124819,0.2632229746832459,0.10765731568996366,0.12172153702936717,0.3168516084604335,0.08206661281691649,0.08017239870136267,0.5147058823529412,176.88051006273074,1.0
-11.135837,35,90.248224,0.26528755445707614,0.1314778043595193,0.09900517764230858,0.3014620066496257,0.1052637078420584,0.06177371527841736,0.5214285714285716,181.12138305116594,1.0
-11.60198,36,90.384002,0.26662190109586437,0.1172992186504518,0.12467729728619435,0.2950387653012984,0.09257201928439357,0.05977195338120447,0.5092592592592592,187.04147095079404,1.0
-8.374838,37,90.518715,0.2623433449431573,0.02948685217605246,0.1111379033219898,0.31964566187147414,0.01782943667817031,0.06754235141992618,0.5157657657657656,169.94948188923144,1.0
-12.085718,34,90.645087,0.26327488674000377,0.12863442459970503,0.1394077278039582,0.31201937954876546,0.10116002524692061,0.09636153930951982,0.5049019607843137,174.45846010519205,1.0
-8.47372,35,90.780435,0.2614659819554497,0.09692008323972226,0.15538566682276272,0.31577364412721404,0.07318488358244297,0.10393505847622486,0.5047619047619047,175.55273164193443,1.0
-8.59874,36,90.918754,0.26263786481940005,0.060170974009019634,0.11515956773147382,0.3087463972292832,0.04774057044047293,0.05031141862091375,0.49074074074074076,177.27468055108116,1.0
-12.216053,35,91.046647,0.2664366222521773,0.15547551259090778,0.15635617078737893,0.2999202355487186,0.11935266318266492,0.09590976386679585,0.4976190476190476,178.50609627817175,1.0
-11.865619,36,91.171836,0.26667492509238455,0.14101648274403675,0.1618120582162678,0.29430010577027765,0.10994637472111568,0.10520522336117102,0.49074074074074076,175.61873602999134,1.0
-10.608341,36,91.308874,0.2666185062857384,0.08560750649772114,0.12489876898009271,0.3079765099741214,0.06496420931454967,0.09651964876986405,0.5069444444444443,171.77935722396313,1.0
-9.093319,38,91.442611,0.2642382567591883,0.04793421565257379,0.15293041949238798,0.3045329208263221,0.038435832882060664,0.08626629408345367,0.5021929824561403,183.34001947392144,1.0
-7.466262,39,91.575956,0.26418508443586197,0.018397986699083966,0.13086888777717764,0.3115466430117713,0.00466376124387903,0.08813038543645318,0.5,172.76387799774238,1.0
-10.296153,37,91.706812,0.264956159366215,0.0825638279388546,0.1358535424246028,0.3108942026246975,0.06325923992354547,0.05696243031159908,0.5157657657657657,177.50257199318364,1.0
-10.485742,33,91.829597,0.2572023335852198,0.07034858393405358,0.1531582835637104,0.33987921893690537,0.05353980114827089,0.07637398189325757,0.5202020202020202,177.0249045407952,1.0
-10.021612,37,91.953286,0.26274203015247066,0.08902391149199584,0.14433953927163046,0.3090629034914845,0.06840261201644489,0.07373369496505391,0.5112612612612613,182.70859448946132,1.0
-9.766069,34,92.070858,0.2605531763078559,0.0702070667784619,0.12137865385111765,0.3283237843733257,0.05191085119108514,0.07433114325046598,0.5098039215686274,178.17976561772628,1.0
-9.944057,35,92.19638,0.26284393365932135,0.07214999312374205,0.10596563172002742,0.31406610275609875,0.050789036566085646,0.06535229870091973,0.4738095238095239,169.17572521228325,1.0
-8.440894,37,92.330334,0.26251599032005696,0.05291559613514675,0.12941896331558203,0.31485238901363194,0.042270383434281696,0.04138458959324008,0.5045045045045046,193.29985222255308,1.0
-11.809644,34,92.449561,0.26025795898942566,0.12227776546135062,0.13217121191280587,0.3241704243837796,0.09569925541279582,0.0786833243679328,0.5098039215686275,186.23489624313166,1.0
-8.270924,38,92.585644,0.26752471910308273,0.05207392934201969,0.1287085758210816,0.2985368295124075,0.03955070922429573,0.05202578033649672,0.5263157894736843,180.69155126892417,1.0
-8.691864,38,92.730563,0.2690505865426344,0.052252718673278575,0.13226610004440967,0.29982171301281485,0.03887641135035798,0.08076491010043592,0.5197368421052632,178.72799173742132,1.0
-11.478795,36,92.858307,0.2659026870916293,0.12133532945334435,0.10769104919621365,0.3116947716088403,0.09670555846241974,0.05978672208118252,0.5300925925925926,182.1689832343465,1.0
-8.143724,38,93.000843,0.2616787246602165,0.01928587253231184,0.1630328103587703,0.3144007694856304,-0.0035689974762582602,0.0763686817285068,0.5394736842105262,178.35633122612876,1.0
-10.433546,35,93.131622,0.26374534249806214,0.05507875054463235,0.15586988150818137,0.3419162886726105,0.03938667524547919,0.10113818272964012,0.5238095238095238,171.17076363598034,1.0
-7.509949,39,93.264406,0.26685082199351684,0.07427313934877558,0.10092141947937376,0.2974422162696058,0.06007303636052408,0.06563179749049643,0.5192307692307693,194.50075205361316,1.0
-11.700538,37,93.4019,0.2680293243538423,0.12608793671156804,0.15522785464638714,0.294899317526636,0.09561290873882171,0.09944161265456214,0.5382882882882882,182.5810790958366,1.0
-10.623027,38,93.538258,0.2683375836570976,0.11918164692701282,0.1333702258036891,0.29870248261577853,0.08973483866319887,0.06926737271657335,0.5307017543859649,175.16906491262037,1.0
-10.218272,35,93.669603,0.266328956761437,0.0872997342807403,0.12552423110733832,0.3100837446829982,0.06700121113989765,0.08544375716264807,0.5190476190476191,171.79913567750134,1.0
-10.609876,38,93.804418,0.266447357546912,0.08522055698894308,0.1174635038552898,0.3165915094031153,0.06227640136056235,0.07090852885584352,0.5460526315789472,174.93836175136377,1.0
-9.264956,37,93.938394,0.26143891415785264,0.07430118808426858,0.11283057611684062,0.31371250724175026,0.05821499926663123,0.04314734131664454,0.5315315315315314,182.87876542049042,1.0
-10.348488,35,94.065462,0.26297554355280855,0.08071997411420288,0.13558827630511444,0.3307841723095397,0.06245566020592063,0.08751404708200322,0.5357142857142857,176.34327539972435,1.0
-11.903865,34,94.183442,0.26220079076166014,0.1303457602133605,0.13237547042876618,0.3304878260377222,0.10231696696414333,0.07569101700551364,0.5441176470588235,182.28214697328858,1.0
-9.119587,40,94.323744,0.2674309743544905,0.08689758776060738,0.13842176469273318,0.30323805535827597,0.06898013792790096,0.0884884751348389,0.5479166666666667,180.15470707216872,1.0
-9.648615,39,94.45989,0.26821675807944695,0.08321170352287266,0.15412200560865433,0.2950359905709693,0.061766910747874014,0.09750164217646842,0.5448717948717949,186.97057998014202,1.0
-9.714936,36,94.590515,0.2658314409914752,0.08614825523764963,0.13022206575749834,0.3085212179614795,0.0676376466461208,0.0761324766263694,0.5254629629629629,183.6614688426628,1.0
-9.361532,37,94.722609,0.26260768735062895,0.056290855484531534,0.14036330080446618,0.3027369764505432,0.04274912823382195,0.05283868021606874,0.5518018018018019,191.13707676721015,1.0
-11.913288,36,94.852694,0.2643370790319634,0.12138575099102371,0.16805818938182598,0.3105736479175251,0.09688928285394395,0.11086450006434197,0.5509259259259259,182.36274765865866,1.0
-9.778649,36,94.983545,0.2660056875332631,0.0996987682139117,0.1370073850107624,0.3037806856815371,0.07689388079337282,0.07989579101575899,0.5324074074074073,174.27669140369534,1.0
-9.09986,38,95.116808,0.26582094057440814,0.06014904669323282,0.1308850685893004,0.30429352381738434,0.04465382184946981,0.06312364285902945,0.5328947368421053,182.00969026703044,1.0
-9.372154,40,95.261753,0.26959574601063374,0.08764696423792671,0.1363914351934107,0.28247153704240846,0.06904790058589463,0.0716055271548546,0.54375,188.57879802528788,1.0
-8.189203,38,95.398867,0.2601516395121888,0.02366822378937294,0.13572904066884176,0.32120620388223536,0.007025758012655566,0.09167518807004028,0.5504385964912281,177.1516890495155,1.0
-8.941498,39,95.550342,0.26615340446261554,0.0732642623770809,0.19419421613344193,0.304710175050771,0.05744356419793444,0.13320896720852776,0.5512820512820511,178.6130722836071,1.0
-9.881072,39,95.68299,0.2685917702117304,0.08211755823005733,0.1874249403039347,0.2958239497586347,0.06489170046216867,0.12743497781720894,0.5405982905982905,178.71173714831883,1.0
-9.253219,40,95.830793,0.26931791959693546,0.05520968458538075,0.13536394562590834,0.3027550831800314,0.04167615193756213,0.09413213831360583,0.5354166666666667,178.0689248163555,1.0
-10.406196,36,95.961299,0.2629427440659475,0.08121828799534608,0.15962799385384105,0.3197816895011421,0.06469444953886178,0.09687729758538409,0.537037037037037,173.06921614963835,1.0
-7.752064,39,96.108187,0.26659002674097587,0.048675844983633906,0.14252437711778757,0.30404779450304736,0.037844758728954084,0.1027420952550764,0.5299145299145298,177.23187066562937,1.0
-8.660134,40,96.249218,0.2690020680646412,0.05698640422752413,0.13087137292886952,0.2892851773395045,0.04714100093108838,0.08190642686073166,0.5416666666666666,188.91519495653478,1.0
-7.430196,39,96.391763,0.2609132470200533,0.06884804338937582,0.15922423401808136,0.29930479662320375,0.055780833823511136,0.09721811344931959,0.5405982905982905,187.35313821841515,1.0
-8.328511,40,96.53434,0.26608688058667523,0.028260529147425693,0.13343286464909618,0.3060385185152621,0.016528498123566528,0.07858068309575611,0.5479166666666665,181.6215073052008,1.0
-9.267613,38,96.66762,0.264168111010188,0.06747186316806096,0.14828120080087653,0.3111067198629809,0.052881265044695466,0.09136298698112173,0.5416666666666666,179.38032894421235,1.0
-7.511398,41,96.816426,0.2697723626992723,0.027258699292635778,0.15372598118537437,0.296853737318997,0.015651450360329628,0.09976100166798615,0.548780487804878,175.47307221692537,1.0
-10.226682,40,96.959473,0.2721257626631547,0.11907747906083978,0.1340950508560336,0.2735980563561496,0.09545917903341274,0.07640022189651682,0.5395833333333332,186.5539351016654,1.0
-12.195823,42,97.103766,0.2800515520901992,0.14662164381229342,0.15392493260895673,0.257331660263566,0.11490494627548797,0.11478471398441836,0.5396825396825397,184.65066073316976,1.0
-7.934477,38,97.239324,0.2598005084037532,0.02713701405937885,0.11604617525009525,0.3216728180923507,0.007066086585161792,0.05736980600766207,0.5460526315789472,183.17738561819286,1.0
-8.640942,40,97.388794,0.2669622277430411,0.0780739055388269,0.15573011480379378,0.2963371204074936,0.06081018029304156,0.09930850856267759,0.5541666666666665,184.31078716840756,1.0
-9.247041,40,97.530515,0.26910024745653244,0.10834843815522104,0.13870675480067607,0.28465612839420756,0.08582621238655844,0.0772416009052391,0.5416666666666665,195.99816139369392,1.0
-7.994952,41,97.680355,0.27051186201742083,0.025171461479922493,0.13536488464110946,0.2842346999449517,0.0038978466073909535,0.08619880376950181,0.5243902439024392,186.32801320283474,1.0
-6.982356,43,97.835969,0.27629142782865146,0.055500739988092344,0.12572547911660242,0.27012225442171073,0.04655047520873522,0.06944961767307442,0.5406976744186046,192.70199632074912,1.0
-10.178269,39,97.975549,0.26896847158778087,0.10662961787431757,0.13345581608057563,0.29872412327511694,0.08263507699734615,0.07476688421110882,0.5405982905982907,186.29882291357683,1.0
-6.828308,42,98.123854,0.26911444163605197,0.024461191058519908,0.11439763547137738,0.28559820243649847,0.015626232916279542,0.06916508323559287,0.5257936507936507,186.29653598677922,1.0
-5.858573,50,98.656179,0.27844383031675773,0.058511535668614646,0.13676883497550135,0.2641783752385714,-0.01996635491263511,0.08018060896553225,0.5449999999999999,199.1259518266232,1.0
-11.994498,48,98.820493,0.280721229262903,0.14384701745844858,0.1374251278209188,0.2693952378021158,-0.09449877663318691,0.09289086033511511,0.5451388888888886,176.2724099185942,1.0
-9.169345,48,98.993539,0.27887127419017793,0.09782622040519479,0.1773214010554297,0.2699934095251435,-0.0590842116035607,0.11339447023041106,0.5520833333333331,179.45581822763617,1.0
-6.748267,45,99.162603,0.27572593444490673,0.08576768879587651,0.1550238835481356,0.26771287104123526,0.068397655470952,0.10032778969213384,0.548148148148148,193.05426940880227,1.0
-6.322496,46,99.329479,0.2769006319825776,0.02249417779085491,0.12992489242448155,0.269284470126545,0.004175775979668677,0.07000618788695834,0.5289855072463766,188.43623827831541,1.0
-8.903195,47,99.502646,0.28050511739638984,0.10165245846651023,0.15213173148965384,0.26982205847473045,-0.060108764472811015,0.10644188062772933,0.5425531914893615,180.4074126862799,1.0
-9.941235,43,99.658817,0.26935910244667755,0.11478196191831253,0.1432476281311438,0.28870379990636524,-0.07505320281961368,0.09508337469057165,0.5329457364341084,175.56388875869783,1.0
-8.971039,49,99.843438,0.286251348160057,0.08399098045798098,0.13027408462012938,0.25452528045394224,-0.0490491821223758,0.06817171743017,0.5561224489795917,188.29036832175322,1.0
-9.062667,45,100.024133,0.27684018006023225,0.09360157776669972,0.12119040251411613,0.2766626290615538,-0.055840179673047795,0.0817850074414997,0.5648148148148149,184.36168341037344,1.0
-6.233304,48,100.200847,0.28306687290566596,0.029478870151420953,0.1200394954497167,0.25679598146698035,0.016315590183124996,0.0774650875499311,0.532986111111111,193.36554955276623,1.0
-5.918382,55,100.400823,0.2961021938388517,0.030175106697082173,0.12491742972659238,0.2381306608670388,0.02453020646853365,0.05981145243372142,0.5469696969696968,200.14652217336845,1.0
-9.944174,49,100.584412,0.2839874057107186,0.10602508118452872,0.13591286789163376,0.2649234791900047,-0.060124609935124924,0.09690730793548895,0.5544217687074827,187.55244137725796,1.0
-9.15569,41,100.731825,0.2714363258795938,0.10148080476585979,0.1494489253337706,0.28195188929318227,0.0827643185181209,0.10655217091533413,0.5528455284552846,190.44690895886373,1.0
-7.493183,47,100.915562,0.27840544141266294,0.06904023586120099,0.14426480298618563,0.2798080925456191,-0.036219797098522896,0.10042927676654448,0.5514184397163119,186.74174996842888,1.0
-7.41494,47,101.080322,0.2806923280480491,0.06204206923236788,0.12311632752098862,0.2626179087066554,0.05177206630557439,0.07305059738199773,0.5478723404255316,198.76233230927446,1.0
-6.810189,43,101.227439,0.2703969633575792,0.026125035947259522,0.1557747453822028,0.2950925713455803,0.01906206944439077,0.10480879354002683,0.5503875968992247,182.60039226313938,1.0
-10.599596,43,101.386149,0.28241076191907255,0.09916079100785856,0.1242447184331363,0.2624593136738326,0.07990692865326844,0.08798919716796322,0.5523255813953486,192.4310058560294,1.0
-6.380288,48,101.56244,0.27781574693961975,0.032566220299513095,0.1265042998257457,0.26689288839849995,-0.0008875856604441332,0.08917340780014384,0.5434027777777776,192.18297458937477,1.0
-7.60285,47,101.732795,0.28174943323549034,0.03059305102747576,0.13195735969236208,0.2671873270789674,-0.0024785722332716586,0.08702863753820342,0.5390070921985813,187.3032538341364,1.0
-7.477825,47,101.910739,0.2792110806671478,0.06632036374906741,0.12405686234472452,0.26949771434340797,-0.03361933531185572,0.09074079195102538,0.5425531914893617,184.84836474562783,1.0
-8.685903,47,102.071719,0.2880565873122121,0.08991572981334346,0.11436263642527049,0.2539157830067259,0.06984876610128034,0.08287959367111708,0.5425531914893614,179.43400737803847,1.0
-10.903646,53,102.257864,0.292367878377171,0.12747666307498973,0.12218780441865776,0.25265144739342243,-0.07628920069804443,0.08315944999246763,0.5283018867924526,180.82886525475183,1.0
-10.796911,46,102.430585,0.27834203894638576,0.14076148864995414,0.1224558149548765,0.26946137010872007,-0.09314046777525256,0.09350031350388786,0.5416666666666664,178.54479040512197,1.0
-8.2898,46,102.589329,0.27815256452887543,0.08534555386610049,0.12053325851119423,0.27637409826171266,-0.04738409405375248,0.08214299273530742,0.543478260869565,178.69732916639646,1.0
-5.923554,54,102.799918,0.29300687932331376,0.029319367839617836,0.12232831903542762,0.25281295259576053,-0.004367839884956799,0.08030096560982154,0.5540123456790121,187.23438206057577,1.0
-15.496963,49,102.974041,0.29150756604207767,0.18385387649409765,0.1265265986244215,0.24406425173859211,-0.11552230976417677,0.10318160748499423,0.5476190476190474,174.69454856260626,1.0
-13.364236,47,103.138718,0.2801563452739678,0.16543679237319112,0.13212692983934668,0.26865438612028836,-0.10559783565583976,0.09620225950265285,0.5460992907801417,169.108841544972,1.0
-9.11282,49,103.318323,0.28294821133106063,0.1178310505080751,0.12620540056325735,0.2657125813646833,-0.06508918587822031,0.09252398690985153,0.5578231292517004,181.6253861370164,1.0
-19.527494,48,103.495682,0.2913975246919767,0.22215782606324688,0.13453374258986894,0.24355972064482123,-0.14736150616547142,0.11337729356420596,0.5520833333333331,170.17024941280724,1.0
-12.189838,41,103.642485,0.27116659476885113,0.15563557747882759,0.1218946692607833,0.27404568729878437,0.12232697965601964,0.09494841577631136,0.5345528455284553,200.7269766543334,1.0
-5.241805,52,103.840574,0.2922196760861061,0.03179948756930389,0.11767404086883627,0.2486829942565053,0.027323343318103877,0.06334782917498578,0.5657051282051279,197.46403339716323,1.0
-17.081907,51,104.022695,0.3012594336642922,0.18807375995940015,0.14243392331007101,0.23125836002443978,-0.11397684064326821,0.11997031180497383,0.5588235294117644,172.25235590175416,1.0
-6.723801,48,104.192616,0.2762300832727617,0.02654418446228442,0.11702544784516748,0.2821973858682761,-0.0007341228711916769,0.08504161827813835,0.565972222222222,189.79204092306972,1.0
-10.462555,47,104.355083,0.2791804604313546,0.1394991441063276,0.1420513378504077,0.2655239633454131,-0.08036041077804702,0.10321342867414099,0.5407801418439714,177.36444553184702,1.0
-7.59848,53,104.536808,0.2960653318128426,0.05784972700764104,0.13243306528732268,0.24214649678545877,-0.017491765727129398,0.08610403711816404,0.5518867924528299,193.93022108046335,1.0
-13.607959,49,104.713475,0.29933744400146645,0.17481983817817948,0.09598374738758528,0.2239589625848879,0.12911792946216297,0.07364422974464839,0.5680272108843536,199.01953300588164,1.0
-9.490991,47,104.877371,0.2788452595877056,0.11995505918236407,0.1402973578328419,0.2682994974822364,-0.07158513658985367,0.09850438094558747,0.556737588652482,180.5985769240889,1.0
-8.361476,50,105.062731,0.2916642776455931,0.09366301308929166,0.1078879347410136,0.24506185784780676,0.07297582429065617,0.06698845256929901,0.5583333333333331,194.47524512989727,1.0
-7.392172,40,105.201601,0.2654312974390701,0.028225906277413917,0.12105276340603409,0.30291175340386817,0.022754434006642812,0.09103247398629896,0.5708333333333333,178.4757982389669,1.0
-17.320112,48,105.369249,0.3030599322733966,0.1987955521397242,0.11195940482225845,0.21665962762000354,0.14578869854504536,0.089402483228235,0.5572916666666664,190.42642809299969,1.0
-13.119317,44,105.534316,0.26842287544112936,0.1748217575841721,0.13432449581546405,0.2872926554887126,-0.11009544826723783,0.10212421800039019,0.5606060606060604,183.78825800433796,1.0
-11.52482,45,105.697037,0.27476496724074123,0.1367495998108734,0.14099625951825462,0.28608069346996545,-0.08638621639720645,0.11133749370359575,0.5611111111111109,179.8591340509991,1.0
-6.926114,45,105.866259,0.273870292431682,0.03600964239898417,0.13319984046322839,0.28117982722415236,-0.005864320425409777,0.09732826141542773,0.5814814814814816,181.93011467464555,1.0
-14.580948,44,106.028988,0.2841956231602219,0.19135617007079023,0.1312310450246932,0.24771552838781447,0.14358588960803523,0.10331288321469606,0.5606060606060604,189.09012967341326,1.0
-24.57488,44,106.179591,0.29070940907570236,0.27214402006825633,0.16155240126336687,0.2375366125587594,-0.18253339081342437,0.13823494681052678,0.568181818181818,158.42370547162173,1.0
-6.892066,45,106.340523,0.27676298598823634,0.04542193185829167,0.12987694272751982,0.2814395362125475,-0.018856744336852076,0.09269435826973073,0.5648148148148147,172.23673696133187,1.0
-6.776204,43,106.492648,0.2690773254812575,0.033269437456725164,0.1516343457544799,0.3072821991928857,0.026237696958871622,0.1153618988583214,0.5484496124031008,195.5169315401551,1.0
-11.651593,42,106.641964,0.2750304945908859,0.14184177110089236,0.1270507355140893,0.2719697420697705,0.11064718396575168,0.10419471148429903,0.5555555555555555,190.80709749719674,1.0
-8.485797,47,106.805145,0.28156010376931595,0.09285620739954326,0.14044009980031322,0.2766742506044871,-0.04818145308287609,0.10400957222731386,0.5638297872340423,173.72573594260348,1.0
-8.940063,45,106.972709,0.2697785328772309,0.11707022452568053,0.14655410881776196,0.2956334287831202,-0.06856913449784331,0.10864297546228019,0.5703703703703702,177.53285749950658,1.0
-11.941927,47,107.144487,0.29114219522654894,0.1691549908508479,0.12896984501348424,0.23909413331672413,0.12548326801867749,0.08183210134185406,0.5620567375886524,189.01647096184038,1.0
-6.660354,48,107.311574,0.2775381187400414,0.027580535416514562,0.1260619065040857,0.27469773521047414,0.011629859745973253,0.08315921550026165,0.5624999999999998,190.11026703424693,1.0
-7.103007,43,107.473959,0.2722812880925809,0.029096417894207076,0.12987068330709822,0.2993582544503372,0.011486541689103302,0.09633958861072826,0.567829457364341,173.34669889147304,1.0
-9.170887,38,107.607589,0.26446699910931076,0.07827281542501925,0.13498075376650906,0.3162334695471784,0.06297124844123968,0.1049753232257771,0.5701754385964911,177.83931382920105,1.0
-19.170799,42,107.755443,0.28950186813798434,0.2285905377515371,0.10328770823820516,0.23856676068466953,0.170058208336863,0.0862174734736054,0.5535714285714285,183.25477294152753,1.0
-8.057089,44,107.923643,0.2728611286922755,0.10687677550149637,0.13494140819314057,0.28101483776820385,0.08398145118578806,0.0997730706915303,0.581439393939394,183.43847192649574,1.0
-6.432493,44,108.076801,0.2709188777896402,0.028129603151089158,0.14411733227889084,0.28367160243786277,0.008828410767853115,0.10435378884325995,0.558712121212121,181.1275947661134,1.0
-12.144982,40,108.225872,0.27289181911026544,0.17478268588281376,0.14405727202497776,0.27031218905556464,0.13608871303481926,0.11467697330062743,0.5583333333333331,182.67232012224142,1.0
-7.831612,42,108.37836,0.2689827253763763,0.07700479756539995,0.11570860150106901,0.2912600865098722,0.0627074015769278,0.08163552540894152,0.5674603174603172,176.73949167939793,1.0
-19.047195,39,108.513307,0.2804797832053164,0.24087882852538883,0.13084134235857123,0.25461945448919054,0.18406073777434062,0.10950039869921366,0.5598290598290597,184.8239588028753,1.0
-6.901916,44,108.668156,0.2693887287514451,0.031054188416230647,0.12954421746531627,0.29462535738897694,0.02092835749381183,0.10014632435928518,0.5662878787878786,183.24414634192104,1.0
-10.024317,40,108.813122,0.26939846920581717,0.12439289450542129,0.10712504915279737,0.2826462699627834,0.10022754092529891,0.08052148972438436,0.5687499999999999,183.95365331914803,1.0
-17.267807,42,108.960119,0.28568313021296865,0.21436175881192007,0.13209292577804943,0.24546035353998039,0.1621144795730959,0.10935881940507604,0.5634920634920634,183.3454571119668,1.0
-7.032103,40,109.097708,0.263044275799369,0.04528046172672217,0.11429896360257828,0.32117352162901514,-0.01610712138419831,0.08201396834548545,0.5520833333333331,183.8101160586315,1.0
-7.831955,41,109.245963,0.27304595524726455,0.1011203268249647,0.11290093336312736,0.2790949207031725,0.08150795425415164,0.08368649082088687,0.5589430894308942,181.08614064712026,1.0
-8.371435,38,109.377314,0.2633534149594915,0.06459823910570217,0.10574317159240365,0.31160373468233066,0.05371733421349585,0.08015750472774981,0.5548245614035087,181.16504147497952,1.0
-7.533945,42,109.527552,0.2734988834383311,0.09063394043347987,0.13429246430720448,0.27914952468899606,0.07281414686884498,0.09986071953622833,0.5674603174603174,185.40208005538335,1.0
-7.399218,45,109.694376,0.27598249336737696,0.0636677908643032,0.11214995832517315,0.27835657776743966,0.05594398087564359,0.07869457787381873,0.5629629629629628,190.85264849666018,1.0
-8.088233,40,109.834938,0.2632822669034222,0.0773687128128623,0.1549420893557065,0.3060392822525241,0.06528340243422402,0.12247416038889705,0.55625,183.8839935312109,1.0
-9.634229,38,109.984056,0.26787093661367384,0.08337973543911205,0.1363273619650912,0.3079078613962161,0.0678629777413385,0.11071892381170273,0.5614035087719298,170.9209214401597,1.0
-8.852503,40,110.13043,0.26797825706274314,0.10385643812793297,0.13019793020777365,0.2954512550588234,0.08703374232982627,0.09197604441397786,0.5479166666666666,193.56995621687037,1.0
-7.916883,43,110.282635,0.2720337330930477,0.07247641772083145,0.12505058228864166,0.2765629136688538,0.0607778879133521,0.0840108367517082,0.5639534883720929,189.5691178690778,1.0
-11.493288,41,110.430954,0.27518705576090047,0.1571906253528448,0.11868892098012394,0.27119225892436066,0.12429755875193559,0.08632812648962268,0.5406504065040649,189.8989309056624,1.0
-6.594811,42,110.580462,0.26774856499542987,0.04898057901930647,0.12024352457006773,0.297424877940171,0.04216296592520742,0.07346386757908452,0.5654761904761904,189.27842899597522,1.0
-17.270398,37,110.713733,0.2714855791470561,0.2231625498477686,0.15023886150579652,0.2763679842728862,0.17303433696641599,0.1253430532207579,0.5675675675675675,175.78983254453306,1.0
-12.369349,38,110.845499,0.2664486858064976,0.16969443347906044,0.1636595787861274,0.2984525373417821,0.1311160180583155,0.11739033494099753,0.5526315789473684,178.93151744624177,1.0
-7.34107,41,110.997631,0.26879516702230655,0.035295386992219915,0.1463191467228238,0.31015758563443,-0.007696387310084767,0.1078853220371549,0.5548780487804876,178.17141041971692,1.0
-8.830193,42,111.146276,0.2725444337148724,0.08796776410911863,0.13038665058198143,0.2829690281548115,0.07243253301943745,0.10771414343792321,0.5575396825396824,184.47395615266464,1.0
-11.273596,39,111.280512,0.2704818726131308,0.15875159619495,0.13738980560166048,0.28887474718366096,0.1260034051553896,0.10715197151858753,0.5534188034188033,189.9717507016422,1.0
-7.63789,43,111.438613,0.27264318434025075,0.07215078911931856,0.11990753053452942,0.27848774940922055,0.05910425736473772,0.08833347026702734,0.5562015503875969,191.6609194690951,1.0
-9.115998,39,111.580681,0.26811054790557637,0.1020695509088388,0.1353525452961877,0.2924859319933149,0.08368748363735444,0.10299606834207549,0.5683760683760684,180.80304159097932,1.0
-9.040098,40,111.720506,0.2678689975893166,0.10440530759491756,0.1374227825194199,0.28764655976510944,0.08511366081635668,0.10446484564154987,0.5708333333333331,190.75940749631462,1.0
-23.3919,47,111.88686,0.30865309237676747,0.25631443491172284,0.11674487229342673,0.20856191999112014,0.183343024976491,0.09994689967314763,0.5531914893617019,184.96797299297725,1.0
-7.420334,41,112.038389,0.27017616492314406,0.029243707821589807,0.1424009799188134,0.3117316921038704,0.003313016276221983,0.10631075443881453,0.5508130081300812,176.1661887098714,1.0
-13.949864,42,112.181504,0.2802459410598745,0.16950989777947137,0.1391919585038743,0.268110383881798,0.12968858388554522,0.1060053703638087,0.5654761904761904,181.33097972063638,1.0
-7.532599,42,112.329509,0.2670251587483132,0.09257936526323694,0.14570371476175395,0.28982566789769587,0.07590744733743866,0.10786476268931815,0.5456349206349205,190.98268755310633,1.0
-12.953613,40,112.472049,0.27673342280091223,0.15527108857739663,0.10353326948121203,0.2695045896398575,0.12247123137462106,0.07631681631364443,0.5583333333333332,191.7915144260393,1.0
-10.059586,42,112.616767,0.2734546189554957,0.10003751251616333,0.11807370280886964,0.2910474003610444,0.0812607010658796,0.09172051174081335,0.5535714285714284,187.18883972820308,1.0
-19.167366,47,112.777251,0.31170517327272323,0.2261352332859562,0.07681298722221129,0.20598548462474708,0.16383914231246394,0.06206797512106379,0.5531914893617019,187.14423462296827,1.0
-10.865103,40,112.91965,0.2733183818667488,0.13836110943069196,0.09240991822618493,0.27252520321820206,0.1126544081062441,0.06852465715278236,0.5687499999999999,196.96389089087356,1.0
-12.205121,45,113.073432,0.28032245797775174,0.15024461135639933,0.13117669063659673,0.25778827390763964,0.11772360576170728,0.10536166028937548,0.5388888888888889,194.20509503465493,1.0
-10.717664,40,113.212082,0.2749199687523458,0.1537660864168271,0.14507658386669986,0.2770334327047732,0.11844463775299204,0.11479163427540373,0.5562499999999999,182.58634273476954,1.0
-6.145356,46,113.378913,0.2744079458464679,0.027660321935464333,0.10156915197921208,0.2774976436822138,0.01078322502031183,0.06529245325762371,0.5561594202898549,187.4716633168457,1.0
-23.620411,42,113.523074,0.29896192636958446,0.260986062699452,0.12108832777207668,0.2239726742756674,0.1919629598101166,0.1019777361815342,0.5515873015873014,188.19118504805115,1.0
-14.801959,42,113.667622,0.28326917664398066,0.19323570604678608,0.1358249171275812,0.2546373577874509,0.1472937535780365,0.10790754039240837,0.5416666666666666,186.78962124078257,1.0
-7.145253,43,113.817745,0.27262503945509514,0.05296679866393758,0.1300611171660315,0.29138596932165817,0.04420519407053626,0.09220411838723148,0.5562015503875967,178.15012023852634,1.0
-12.926855,46,113.977868,0.28895617360673376,0.1687488454157319,0.12622838413588244,0.24007112683113513,0.12709424167933883,0.09430477333089858,0.559782608695652,191.47774191796364,1.0
-12.675789,42,114.126445,0.2750423999348172,0.16606257072283429,0.11507026761548003,0.2711785132188704,0.12886369807583614,0.08816514243948857,0.5575396825396823,190.8281787930078,1.0
-7.423491,43,114.283607,0.2773351288686085,0.07846227270130116,0.12585253496269355,0.2725668788413826,0.06552671192804325,0.08925068160055784,0.5523255813953487,184.23288610498508,1.0
-13.816947,41,114.422808,0.27743333418490934,0.18486235445640498,0.1318599044011549,0.2710887073671106,0.14184007546833163,0.09442334637647985,0.5528455284552843,180.94768343124346,1.0
-11.883863,37,114.555004,0.26681101223506104,0.15096795349767803,0.11231031236998079,0.29707063039352577,0.11949162179582366,0.0842134221756293,0.5518018018018017,180.71358399272913,1.0
-14.226762,43,114.718201,0.28157776086785297,0.1833061952696718,0.09643890670851679,0.25400880662286845,0.14098521927738597,0.07512580960382707,0.5523255813953487,191.03760777751793,1.0
-7.999686,41,114.861656,0.27075986190691237,0.07476014183635445,0.11868143508464692,0.3028695683637703,0.06097140328641461,0.09222898407452972,0.5508130081300813,179.53241495883336,1.0
-13.601579,41,115.000847,0.2803716946076071,0.17471106611217974,0.10003553144291048,0.26437350685599553,0.1335752432289469,0.07637058357753458,0.5589430894308943,184.9483356543343,1.0
-8.879335,43,115.157914,0.2798740477124281,0.1363620383618515,0.12344792806610815,0.2639931727173236,0.10639029908453086,0.08932719035778222,0.5562015503875969,185.26722438048884,1.0
-25.796,42,115.307089,0.3105717091427052,0.2803916053045482,0.12299811706461504,0.20617677428975817,0.20884274380375675,0.10061663100958397,0.5456349206349205,186.38647350549599,1.0
-7.512345,40,115.454937,0.26567365812141636,0.07992373754038622,0.1309450396044693,0.30809131708251225,0.06616267514426319,0.10291016304388298,0.5479166666666667,182.58164550161405,1.0
-8.405375,46,115.628657,0.27971514501003364,0.09851876568472531,0.11788227400946168,0.26156582060703754,0.0807546684290583,0.07501201669732535,0.5434782608695652,199.94921555795838,1.0
-7.423925,45,115.790118,0.2779278272023958,0.08345229335558325,0.10331903284530317,0.2617829613848297,0.06784751935490982,0.05694267111036121,0.5444444444444442,191.37893807414568,1.0
-17.35313,42,115.933949,0.2851451436633579,0.21806402683092094,0.10302181805212639,0.2485094546215836,0.1656982236899679,0.08264901602298598,0.5396825396825395,195.95115677481985,1.0
-10.091586,47,116.106497,0.2858234808395557,0.12706155527015373,0.12344707176114672,0.25107972718766575,0.09856962344708102,0.09764270564540785,0.5141843971631205,189.26271905568424,1.0
-7.978983,43,116.25856,0.2721424405191694,0.053034671316274394,0.14662293060089943,0.2882139747606087,-0.024149728229467263,0.10413645387638232,0.5329457364341086,178.8411912196384,1.0
-6.268302,43,116.406992,0.27392427833519195,0.029262073549402724,0.08552705986659682,0.283776058849784,-0.0038032511878959142,0.0507466775710879,0.5329457364341085,193.48171581128582,1.0
-9.823675,41,116.558223,0.2641262939700695,0.11220602682794502,0.11924616345979647,0.29876419727408504,0.0902970247275684,0.09805774521484895,0.5325203252032519,195.6663287027987,1.0
-7.171372,55,116.747599,0.2964667090117999,0.07182261036744886,0.129505586399705,0.2395830487615811,-0.0293227075998719,0.0874257119768412,0.5242424242424242,186.36581564679975,1.0
-9.548624,41,116.892927,0.26398374284158116,0.12032464562927829,0.12084026777901992,0.3014945253085889,-0.07405369059212775,0.09365820563500876,0.5365853658536583,181.42430429596277,1.0
-5.212772,53,117.097201,0.29556332155644466,0.0280649518888455,0.10572500040135419,0.24394470566353685,0.0009180752364194698,0.0715777898240898,0.5172955974842767,195.10643255961,1.0
-3.810902,47,117.260584,0.27816926766632716,0.035123358364948086,0.1270875995038655,0.26400049273264165,-0.0020324800308516634,0.08771343110210658,0.5106382978723404,188.69286793674846,1.0
-8.868874,50,117.4909,0.2939386974040534,0.10879361888043702,0.10985092802761187,0.2396083556094182,0.08544478692230745,0.0786301916660113,0.5199999999999999,200.85605580955297,1.0
-7.222262,45,117.731254,0.2756126909103631,0.06921356826350382,0.13723908308791377,0.27685154514476107,-0.03515527535119216,0.10351431692988075,0.5222222222222221,178.26060851110879,1.0
-13.354027,44,117.892308,0.28290657290044074,0.17165282899363596,0.11681647662438838,0.25420707883349575,0.12809793251231752,0.09050833369568839,0.5321969696969696,180.8841402507757,1.0
-6.484858,46,118.071427,0.27580026213893793,0.031655278370699855,0.13399837908708975,0.2828602517169346,0.009275024803349033,0.09529605669416835,0.5090579710144927,192.25432030139856,1.0
-9.098635,45,118.226993,0.28100821039804175,0.08841859445736756,0.14298915467618067,0.26152529970348276,0.07106621083979577,0.10035119944731302,0.5092592592592591,189.9854278045909,1.0
-6.375628,45,118.382632,0.2750466482069937,0.032334236974984575,0.118733687596788,0.2844608939549719,0.0283085896921764,0.08196994190917835,0.5018518518518519,193.3370080527569,1.0
-10.332003,45,118.538533,0.28299459952505174,0.12102199721670723,0.12626805139140931,0.25383032406233474,0.09518683011889349,0.0891378995676078,0.5092592592592593,190.9476370857233,1.0
-7.042558,49,118.709141,0.28469670389244844,0.04430596653945492,0.13354155759786077,0.2655985086788952,-0.013498140841086479,0.0999944539716012,0.5051020408163265,183.34765911454977,1.0
-7.281119,44,118.862628,0.2729893136207428,0.057475485740246884,0.13975692402538079,0.29272878131354174,-0.02425334020833725,0.10515920628785552,0.5189393939393938,175.5471947745871,1.0
-13.588613,44,119.025076,0.2919274110225087,0.15686976159447713,0.11276026142514642,0.24198860556243115,0.11978588725631782,0.08309418609884818,0.5151515151515151,187.58440331746888,1.0
-8.129606,45,119.178875,0.27746626243519845,0.034608544108230506,0.13254015490779258,0.28546069620712133,0.03093337734855081,0.10082066460475694,0.5148148148148147,187.87418217259025,1.0
-14.792403,48,119.355633,0.29065534718809827,0.18289767132585874,0.1167757430145675,0.24499010094528653,-0.1118726129638918,0.09138592780261882,0.5312499999999999,175.53611540963087,1.0
-5.775132,50,119.534839,0.2812888816192196,0.040300373441423246,0.11174981676940379,0.26293644130741745,0.035335860580857456,0.07422841434510895,0.5416666666666664,195.03001334927217,1.0
-10.560252,49,119.711869,0.287932584758113,0.13962863119730237,0.12262605479463551,0.2565025855449855,-0.0858406517469646,0.08280167229284334,0.5289115646258502,171.5835013698964,1.0
-11.02902,40,119.853837,0.2695495200247984,0.13657361269130558,0.0858514666370915,0.2809427553575633,0.10949207676704158,0.0708711734093988,0.5291666666666667,192.1490131126649,1.0
-8.824524,47,120.015682,0.2815379242599903,0.1046944138444636,0.12539385810725864,0.26993111065302355,-0.05324560960560877,0.09167459724674663,0.5319148936170212,188.2852440110392,1.0
-10.045846,48,120.181646,0.28779614302965323,0.13634809798515146,0.11806280622137331,0.25665764467407887,-0.08118557813162246,0.08387458623533632,0.5416666666666665,186.62854363049613,1.0
-12.124821,50,120.367553,0.29263843975791576,0.14566569972234633,0.11313161812742296,0.25174381181415784,-0.09061776583489117,0.08428025993163399,0.5466666666666665,181.7803160555735,1.0
-13.861819,40,120.503827,0.2801511791097066,0.2032167692751933,0.13235961614998606,0.25781744242807625,0.15451681664631095,0.10396796165990925,0.53125,184.41236214917112,1.0
-9.805845,47,120.669653,0.2849886477069372,0.12682019858908455,0.13372243963359423,0.2635857645387236,-0.0751428564157459,0.09484229425082134,0.526595744680851,180.91929419332564,1.0
-12.258594,51,120.85182,0.2961769025030607,0.1333340209641749,0.12942802142285487,0.24550692261978768,-0.07400363257671055,0.09531040460175681,0.5375816993464052,184.57615958670502,1.0
-19.298376,46,121.010082,0.28856563367410115,0.2254825098312554,0.17029317268949748,0.24433227472811697,-0.14687208832093324,0.14119851222494995,0.5054347826086956,165.0392308143495,1.0
-6.165604,52,121.18951,0.2951994406770195,0.024375387724904538,0.11411691034839272,0.2453556163588654,0.020601843067799955,0.08636173256908411,0.551282051282051,193.2720401419715,1.0
-7.819157,49,121.355852,0.28525440488830767,0.09114670863733175,0.11326672079654003,0.2598409093482963,-0.04673034880211401,0.07576704421256736,0.5442176870748296,187.51721973458191,1.0
-7.506859,48,121.52116,0.28200706332482733,0.09579371740917207,0.10384500193291729,0.2538805854651763,0.07769515429268992,0.0762014901783593,0.5312499999999999,207.9344806941883,1.0
-7.672819,52,121.706307,0.2864751972781464,0.09669315436504666,0.11190604416119761,0.2557554205401599,-0.042961265033891145,0.08017643551880041,0.5448717948717947,200.7754455938753,1.0
-6.212338,68,121.941861,0.33022197241867246,0.03456706408093395,0.09490755182078088,0.1897769653059067,0.030427409229663048,0.0692650469529809,0.5330882352941174,211.67169746877065,1.0
-20.398842,54,122.135007,0.3278409517131785,0.20781757937246476,0.08881272164444,0.18467437936076947,0.1458114511724902,0.06957384557345216,0.5339506172839504,197.78753943444704,1.0
-23.029369,54,122.32742,0.32141639773894526,0.2220230696861692,0.1279651585823186,0.20205148110486884,-0.13261793483656378,0.11096243347730575,0.537037037037037,168.62450077339804,1.0
-7.038524,59,122.532896,0.30882966413766166,0.05718092935458748,0.1095982926146866,0.2184779733099787,0.048875615915340356,0.07937268900352339,0.5310734463276834,202.83959396749847,1.0
-22.002633,68,122.764228,0.35750944714942695,0.17258668913706485,0.0756785730409843,0.15107906377298402,0.11218331175305839,0.06032635455512409,0.5306372549019608,192.23049656568804,1.0
-9.448879,56,122.961701,0.3106428716503058,0.09314722004560709,0.10528578126591112,0.21763191542902893,0.07391795335204289,0.08208096534231167,0.5401785714285713,206.90203349478296,1.0
-13.417777,54,123.151332,0.302773667298597,0.14776706418343544,0.10984415888640957,0.2359115571221872,-0.08314678070211642,0.08996388767695238,0.5339506172839504,180.53332572133036,1.0
-12.863084,61,123.363724,0.32014428705848746,0.13603000540725907,0.12330332679903487,0.2006753379543558,0.095807403287892,0.09978555709514368,0.5341530054644806,201.02132770062897,1.0
-7.232766,61,123.581946,0.3164370297717457,0.024267013445166224,0.1038311446503907,0.21659335020995563,0.007924258518045277,0.07204454387645191,0.5491803278688523,198.5948493102317,1.0
-7.438961,58,123.788768,0.30876613419245225,0.06549975167681016,0.10621210792560105,0.21723089848766095,0.0543329509792116,0.07977305806183657,0.5387931034482757,204.5415386734149,1.0
-24.755557,51,123.979312,0.3169789726243889,0.24923655450230142,0.1499054176225958,0.20246661542562036,-0.1513494127098612,0.13210258046699783,0.534313725490196,168.9354568184176,1.0
-19.714736,51,124.160825,0.3058674101683829,0.21255904431747574,0.11833149236404954,0.22433307034231253,-0.13069439545062903,0.1062791309946043,0.5441176470588235,170.630780888819,1.0
-6.920173,59,124.391839,0.3119239005207893,0.03992597455243417,0.1181080936860157,0.2160772537348899,0.03701089044207693,0.09170894611868458,0.5522598870056495,203.4510643639868,1.0
-8.054389,48,124.561872,0.2830093481460498,0.07983915620105876,0.12217495648100407,0.26828410680652753,-0.0372084268136941,0.09495195745218388,0.5520833333333331,198.96018872251213,1.0
-8.784755,70,124.822365,0.3304812757870528,0.06615665385988032,0.09711322728760473,0.19237459767128615,-0.015209548112620506,0.07145377378553852,0.5440476190476192,211.32178668715082,1.0
-16.957462,52,124.997868,0.2998944776561935,0.19713578495087467,0.12879359549741054,0.2341817951685126,-0.1133482109939769,0.10384640137700897,0.549679487179487,181.38370054486626,1.0
-10.354082,70,125.257685,0.3329133920674063,0.0584492026611381,0.09095742618696863,0.19373476959053026,-0.015358751733686025,0.06703909460703622,0.5404761904761903,191.9124047006218,1.0
-7.74472,51,125.448869,0.2982921477694356,0.0870928060362411,0.12753272148608774,0.24509311634102993,-0.04432316015079687,0.09910718765211421,0.5490196078431371,176.80704439001963,1.0
-22.609828,53,125.642206,0.3202945441385484,0.2363073462055168,0.10579490071548002,0.19327623326171708,0.1640615057265084,0.08589302337339166,0.5361635220125786,191.93219482370367,1.0
-13.389834,48,125.82008,0.2881764536498577,0.16568932736373507,0.12357864271690905,0.2556389290927189,-0.10222346964103701,0.10346825162742167,0.5399305555555555,173.52553580425374,1.0
-21.714653,58,126.025704,0.334815675780562,0.19647762281298217,0.10462333942959096,0.17647977916417096,0.13553302886420424,0.08654710596689234,0.5474137931034481,195.15324042172531,1.0
-21.386496,47,126.202455,0.3059642330302577,0.24291476278735866,0.10575796564860256,0.21209628292047242,0.17743976464551414,0.08514323624874448,0.5460992907801417,195.7108313355448,1.0
-16.7435,48,126.374974,0.2861282014877199,0.20518938713089838,0.14519641345328277,0.2567478005628006,-0.12303003987650431,0.12228774401231686,0.5364583333333331,174.01551612915208,1.0
-31.401855,56,126.564477,0.35389163753489683,0.2700155343473887,0.10405029939551491,0.15242989407201787,0.1821229926973407,0.0958647032501493,0.5357142857142856,183.6626706948494,1.0
-6.931341,59,126.777337,0.30891848583281717,0.05521797241118196,0.11724300881799,0.2230731976539802,-0.01196467853666044,0.08791478879426702,0.5480225988700563,195.9785593121354,1.0
-6.816126,48,126.942472,0.2860612566651063,0.03117504900717605,0.11649858715458201,0.2638245750140589,0.000950896763079208,0.08738989067518436,0.5451388888888887,183.89923597196278,1.0
-15.382367,49,127.118547,0.30353586096378066,0.18628669180971785,0.12837811187750814,0.225566216596686,0.13474954296008948,0.1015634585097623,0.5408163265306121,189.43520942863807,1.0
-9.678604,50,127.292645,0.2976637220532799,0.1112727014045664,0.12016688932794443,0.23417500942322467,0.08653532062128834,0.08121723372390037,0.5599999999999998,202.44852006634545,1.0
-5.315137,52,127.473652,0.28583604981495864,0.030892341423639464,0.11564172328065052,0.2537894913670902,0.012616759341741262,0.07899491605145165,0.5592948717948717,204.29441558904452,1.0
-11.461966,44,127.649809,0.27455176326091174,0.14446133277785386,0.09098678516087498,0.26939180953672603,0.11307155647416955,0.06655087893790403,0.5454545454545453,207.83153518463186,1.0
-10.324646,43,127.806174,0.28071741496695146,0.12848248178035512,0.11246573959417565,0.25873385192575077,0.10358243812709843,0.08040828745276131,0.5542635658914727,192.31265998026657,1.0
-12.786143,47,127.968984,0.28631981086903346,0.14853729814062638,0.11542678470736918,0.2547129042345172,-0.08511690776916554,0.09341722451665307,0.5602836879432622,186.99392663043895,1.0
