#{"t_start": 1785488350.6912196, "env_id": "Go2Locomotion-v0"}
r,l,t,episode_vx_rmse,episode_vy_rmse,episode_yaw_rmse,episode_mean_vx,episode_mean_vy,episode_mean_yaw_rate,episode_action_saturation,episode_torque_sq,termination_code
-412.658606,1000,11.329175,0.5013357930000965,0.022320472539397562,0.07637793552802806,-0.0006099944614808892,0.00024805577428212974,0.0005059920917699618,0.0,167.58676937436954,0.0
-418.066581,1000,14.996617,0.5001250084900587,0.01992403250953913,0.07826848388182561,0.0004758444379664101,7.620657367904975e-05,0.0006339923927023552,0.0,162.5948776370933,0.0
-388.46978,1000,18.520355,0.49554096527281194,0.017613020756530696,0.06516920728597657,0.00491937645916524,0.0004235176620834363,8.604980774994273e-05,0.0,151.97888924714354,0.0
-247.411756,672,20.91414,0.483879430061839,0.020268023785250985,0.06298620518556139,0.017276822650304273,-0.005934500182910092,0.0015188344134818628,0.000496031746031746,176.52677535196577,1.0
-72.336263,236,21.745009,0.4548476817133438,0.017020585229820834,0.07047355471731173,0.049414856724932385,0.005228248157324344,-0.0004620606759325707,0.004590395480225988,188.80312479913505,1.0
-51.201229,173,22.355704,0.43833433095126983,0.02388277638336217,0.06796599511904079,0.06658353132382336,-0.010734867116917696,-0.01472267551765882,0.006262042389210019,194.09351046978333,1.0
-23.911441,84,22.662978,0.38345920354391905,0.053327022189814235,0.08926710582170345,0.12179264774146015,-0.046464098066013676,-0.025641272191547944,0.00496031746031746,205.06319748168903,1.0
-30.829985,115,23.078638,0.41134735559013236,0.03247989993487318,0.08436671555188126,0.09481523271824095,-0.02609845198256287,-0.028327533703091434,0.005797101449275362,199.18606505578535,1.0
-19.307777,79,23.356939,0.3764327871028499,0.017478889820157266,0.09420589680808736,0.13169003862268955,-0.012944428696546561,-0.03275157282750675,0.0073839662447257376,191.68836077149766,1.0
-20.377732,82,23.644308,0.3777418355992444,0.023952028931511226,0.07613436726087618,0.12846328307356072,-0.02013751197778347,-0.02546543580158206,0.01016260162601626,201.78328529148192,1.0
-36.146101,124,24.090357,0.42372443240805086,0.029795231285593863,0.06741699129954154,0.08083916806580392,-0.023214607836737722,-0.012334355600613123,0.009408602150537633,202.85162523251208,1.0
-17.548193,61,24.319614,0.3486986986772463,0.060808471857010826,0.09605884001033825,0.15871098213661788,-0.054651145123319714,-0.0293457898902147,0.015027322404371584,196.31324916629922,1.0
-35.955001,106,24.701948,0.4116445465992757,0.07255476460878553,0.07733905528136494,0.09264935759035924,-0.057758907541926495,-0.013942877348662373,0.01415094339622641,200.98469972044947,1.0
-15.795672,70,24.953884,0.3585111221164121,0.04152728097521453,0.07868192025999417,0.1474502803129941,-0.033604370006195566,-0.0270813443498007,0.014285714285714285,191.44227199429238,1.0
-12.238306,59,25.159833,0.33732471406373804,0.06168703675754942,0.06704338489043286,0.17173098442556475,-0.049049148411123844,-0.01386313828086296,0.024011299435028242,187.82185033584645,1.0
-17.130918,63,25.387704,0.35535941884925276,0.04999619784116595,0.10740408297826512,0.15258353629282148,-0.04656748739324775,-0.038003568775758834,0.0238095238095238,194.37248803443399,1.0
-16.143642,67,25.630906,0.35577731894376846,0.024834359431787988,0.1188191559000781,0.1527334369181526,-0.02133501616618985,-0.04996342664679661,0.02238805970149253,199.4356571372118,1.0
-13.758823,63,25.864028,0.33645891059513444,0.04634405773297051,0.08915497259947258,0.17564092573359213,-0.03685645541635013,-0.03847775973064918,0.031746031746031744,200.8281217944237,1.0
-13.914451,60,26.073841,0.3382622208147252,0.03680818871402799,0.07920080068399885,0.1720670156287815,-0.03343019717621085,-0.03727694772749292,0.02083333333333333,196.5522712484052,1.0
-13.383898,62,26.309581,0.3384529595215405,0.03531110757927625,0.10724928706962528,0.17399517620690835,-0.03186867519919182,-0.01854038714588072,0.0336021505376344,200.7957950725121,1.0
-17.088388,69,26.549822,0.3597870186983626,0.04896419259807716,0.10923745600709978,0.14908068789678985,-0.04259946644162763,-0.055204276365020975,0.032608695652173905,194.99804941793644,1.0
-16.785053,52,26.742655,0.3312440889027856,0.1058640619627972,0.1128158063397456,0.17832333551296806,-0.0921372877926707,-0.022644558822268426,0.03205128205128204,191.35895563540487,1.0
-10.713801,50,26.999823,0.3050053833508805,0.05043290655351966,0.10680215127632443,0.21115789213311642,-0.04250313787424638,-0.06843793106167832,0.03166666666666667,193.0706726616133,1.0
-21.232543,66,27.321992,0.36453418141467686,0.09788734081431236,0.10006384305520208,0.14198231641820708,-0.07722547972509614,-0.037585725741167905,0.03282828282828282,189.4128177502545,1.0
-13.721289,55,27.520004,0.330347150377042,0.07522713538668557,0.08350213333737043,0.18080122231837592,-0.06418058106317782,-0.055240994224317094,0.03181818181818181,194.8711194781354,1.0
-14.426872,56,27.759408,0.3300236440802204,0.05575688918023025,0.09725489977503958,0.1801692843511167,-0.05112176517037931,-0.04635349824175178,0.038690476190476185,198.7126980183165,1.0
-20.088198,66,27.994634,0.36426773189796774,0.0829659486727089,0.09586638141680513,0.14246072121153008,-0.06210211049666752,-0.021778303901996383,0.03409090909090908,187.3794183335096,1.0
-13.158707,55,28.213299,0.32095399815936493,0.024610107503018223,0.10518794460700018,0.19122641853081399,-0.021012715658375727,-0.062475262599841874,0.030303030303030293,195.9396898929813,1.0
-20.189376,68,28.449795,0.3636474488472296,0.08757119519542893,0.09317476108666159,0.1433890873077792,-0.07000237998891672,-0.033154884771635446,0.02941176470588234,197.61102444262937,1.0
-10.770966,44,28.607142,0.2961622898670086,0.036168953124191994,0.10881960989630157,0.22494861714195064,-0.027020372451113963,-0.047651450877778584,0.03409090909090908,188.69109021821214,1.0
-10.332358,53,28.839588,0.3135913656917978,0.02404956622240881,0.10348190270650502,0.20121623229404242,-0.01833314352951579,-0.050770551792328124,0.015723270440251576,187.4838214376898,1.0
-17.736178,67,29.067054,0.36017183425379046,0.05931877019586473,0.08834137963244189,0.1488986339827172,-0.05441647769781489,-0.03342459947016241,0.04104477611940299,202.69394654756306,1.0
-16.119499,60,29.304926,0.34091727356006785,0.0764110827673567,0.11048159167488703,0.16867104967490587,-0.06684237233583827,-0.021742145434335614,0.022222222222222216,193.96578288710893,1.0
-12.372154,50,29.4773,0.3126630575375811,0.0660134544420622,0.09364902965274498,0.20131984537458167,-0.056243555436103244,-0.038593049684194435,0.02666666666666666,190.3408090302313,1.0
-12.479442,48,29.652492,0.31156251852270334,0.05657397732124028,0.10382983191274008,0.20240757241386123,-0.049191682144756714,-0.05809908965880142,0.024305555555555552,190.18479787361116,1.0
-16.182058,56,29.851609,0.33721045952097717,0.05189988368026647,0.1131886106315979,0.171236094220624,-0.046042375703701344,-0.05094888223613002,0.034226190476190466,197.99444793606582,1.0
-12.186264,51,30.033215,0.318087694299748,0.05643287687064314,0.11500999465948646,0.19399088153514202,-0.0491355116629305,-0.05809510494670898,0.02941176470588235,197.3140215503324,1.0
-14.175647,51,30.242528,0.3148834443367906,0.0834801126134198,0.10879729617443536,0.19854307909398117,-0.06907234019314723,-0.034780434160211635,0.024509803921568624,188.46585719957656,1.0
-9.863939,52,30.434841,0.3129970581409682,0.0424457784305028,0.12416026795880546,0.20175212230056389,-0.03500757547272633,-0.08320874766057976,0.03205128205128204,187.20421614303874,1.0
-18.441394,72,30.699225,0.3630830686764083,0.05916130066345588,0.09260878200102136,0.14522693848994217,-0.05311024161139193,-0.0322406363512873,0.0451388888888889,198.33210423157325,1.0
-13.08959,60,30.916049,0.3308765444028839,0.014151824262667381,0.10641038751634295,0.180954022985454,-0.007570658999150619,-0.04604861526216232,0.02083333333333333,197.00522709697574,1.0
-18.263072,69,31.169503,0.36167883895127484,0.07146695790648507,0.11252255021611694,0.1456251313509115,-0.062474199357142345,-0.0467887444000712,0.03140096618357487,193.43763323187258,1.0
-12.163135,53,31.35937,0.3167293690090501,0.04929423789657003,0.1053537323627668,0.19681345516941143,-0.04313754303757075,-0.06067897976017226,0.05188679245283017,192.1985266295185,1.0
-14.269247,52,31.551552,0.3263151351083335,0.05801918701699437,0.1275369643004742,0.1853142811880166,-0.044269554920103794,-0.07799968560288467,0.057692307692307696,189.02337721915208,1.0
-11.403863,54,31.737945,0.3185903223977799,0.018867137770763997,0.11209572994828912,0.19536998160015503,-0.012844416768741094,-0.057766218036945205,0.04475308641975309,191.1444543103366,1.0
-14.753418,63,31.977982,0.33602504288883595,0.04926708598360007,0.11267817763835308,0.1743548343023189,-0.04407815671672016,-0.03960995434416455,0.046296296296296294,195.86868422706917,1.0
-10.186687,49,32.150535,0.3030052260224843,0.015579960508057773,0.12816830816025254,0.2139012508624817,-0.006571626590049489,-0.0635517617712482,0.03401360544217686,193.19707080874903,1.0
-15.493412,53,32.339017,0.33456526506373946,0.0718040324304494,0.1038219062964058,0.17485742810530472,-0.061602410068147075,-0.06785697786655842,0.04716981132075473,191.90810206751814,1.0
-10.74516,48,32.515636,0.30061612301374296,0.025532352503160365,0.12030609658522835,0.21656035537232843,-0.017641284314143732,-0.07355080623957999,0.039930555555555546,183.99784386070868,1.0
-11.668557,54,32.719457,0.3123744106633632,0.054628163732767555,0.1294904863772791,0.20167229907453507,-0.04247649564999194,-0.08928713305546261,0.05555555555555557,188.20407753412888,1.0
-13.116796,48,32.903894,0.3121126597467798,0.08881284022586787,0.0807297881730242,0.20293777374934127,-0.07649243082202024,-0.02898903821061038,0.041666666666666664,186.5023875995064,1.0
-11.666362,48,33.081098,0.3053496483023308,0.04785763636196597,0.10200986543390692,0.21018561703779584,-0.04266202457919491,-0.03283852249050795,0.045138888888888874,182.8469509945858,1.0
-11.656442,46,33.251983,0.30227200754212297,0.04648264717975049,0.0970337887367697,0.21686369080565263,-0.04002070216162795,-0.03821801855871536,0.04347826086956521,188.37591584283877,1.0
-17.766208,59,33.468848,0.34148022303048836,0.09270090577027622,0.10176760328673558,0.16719546243125655,-0.07925874943362385,-0.0007121692111735772,0.03531073446327683,198.62634365874487,1.0
-9.830749,46,33.630878,0.29400383337588065,0.03727256839454777,0.11820647090372546,0.22630051352348443,-0.031919793532341006,-0.05377247699767173,0.038043478260869554,193.85973688827565,1.0
-12.69248,47,33.79744,0.31251542752907385,0.08041572019322724,0.12534878096864624,0.2010954034826032,-0.07291135400123788,-0.05912959730131755,0.03723404255319149,188.3694646531107,1.0
-13.121435,47,33.993003,0.3036774679092287,0.10070201577656868,0.11281338579017487,0.21184879895142153,-0.0871166094661667,-0.04983806806667725,0.030141843971631197,188.1009470770955,1.0
-12.01452,47,34.165591,0.3044172469104624,0.0380314973958644,0.09233546962966782,0.21363018203982853,-0.03248458384975782,-0.04328803441374467,0.046099290780141834,182.36743475354606,1.0
-11.897819,43,34.326744,0.3003403736694489,0.05880784213194194,0.07975095208096956,0.21824642849513745,-0.04866925364206067,-0.03278687562874835,0.04651162790697674,186.16473111622358,1.0
-13.515908,45,34.490678,0.2985640670571942,0.0840856705841301,0.11874259844616865,0.21957429593415792,-0.07403436329684679,-0.024583922473281013,0.04074074074074074,194.7690306849977,1.0
-13.161592,43,34.641772,0.3049562200117326,0.0905539865442338,0.09078099618708074,0.2129613963689064,-0.0802057123578254,-0.032429584520099204,0.03294573643410852,177.1929187967458,1.0
-9.659298,45,34.813396,0.3014007658404246,0.025737088333779468,0.14017768255549146,0.21694439241274463,-0.020048307845563232,-0.09745990400950048,0.03518518518518518,182.70003441373365,1.0
-10.553865,44,34.973776,0.2978027030288726,0.05170659883178743,0.11120668643350966,0.22121452779361614,-0.044828171973089796,-0.06211575161755716,0.032196969696969696,185.08679620528383,1.0
-15.111175,48,35.141639,0.3175453567847037,0.1164567902747287,0.11321721855772521,0.19493282935082856,-0.08895323794241299,-0.07032029368180036,0.039930555555555546,184.6992144695897,1.0
-9.546722,42,35.293654,0.2898731312829608,0.06871710191360912,0.14584732131506561,0.23196638427940708,-0.06132772730364724,-0.09687611006991205,0.02976190476190476,181.80372580566706,1.0
-15.407622,50,35.468512,0.3170301608380031,0.10371636554732303,0.11296936688238444,0.19580421419173658,-0.08735612196256605,-0.045314692529329514,0.06,187.2662007957781,1.0
-13.380162,45,35.625517,0.3056154464374583,0.09994966233496916,0.13308092948970815,0.2129616616058385,-0.06828709144308007,-0.06459558318082412,0.04814814814814815,185.0457864253405,1.0
-12.184875,49,35.805191,0.30591022904255716,0.07309892392641484,0.11632267568238025,0.2091078975691567,-0.06213864418905631,-0.06399693971027566,0.035714285714285705,189.994695531519,1.0
-12.439326,45,35.968832,0.3027711674701987,0.06634239839779689,0.10986461946574047,0.21460165293159178,-0.059987759517246254,-0.054460648340141464,0.022222222222222223,182.04547298759425,1.0
-11.81985,43,36.11636,0.2938756159226112,0.053919116891677166,0.1173975324680288,0.22546378024798353,-0.046952026972585284,-0.08338222630300525,0.04069767441860463,182.75722607906957,1.0
-12.870612,53,36.305976,0.31676093535199223,0.06733446059499414,0.1327414755888114,0.19567907621613229,-0.0573643969617934,-0.09004376377597126,0.03459119496855345,185.9191753845057,1.0
-13.103828,54,36.495655,0.3239724829767376,0.05997543055259187,0.1535566517337169,0.18694369445176287,-0.05479138523811057,-0.058736121759837216,0.03395061728395061,197.96260064392717,1.0
-13.374423,47,36.666116,0.3134382011707203,0.082883006837274,0.09190499504188494,0.20094737249404432,-0.06715004799168608,-0.03941097958846249,0.030141843971631197,183.25768187558745,1.0
-10.525539,42,36.81154,0.2886668593382067,0.05482463838831551,0.11390152987476096,0.23525128423088984,-0.046463258106519544,-0.07253251334123859,0.03373015873015873,176.84432532154676,1.0
-13.350571,44,36.973773,0.3029848577008286,0.0815684091791777,0.10020005401793856,0.21411362808057327,-0.07284148087620568,-0.0179983160866601,0.03219696969696969,190.68735049868008,1.0
-13.949839,50,37.158375,0.31938369515632076,0.0829259117101866,0.10971639628963306,0.1940654274973244,-0.0678565831925289,-0.053429482873770605,0.03833333333333332,187.79668107527218,1.0
-14.172135,44,37.318757,0.30814423084291614,0.10629734660888696,0.15385724995491312,0.20741227865770037,-0.09457009453171289,-0.10232285594531115,0.049242424242424226,184.00706998786646,1.0
-13.360626,53,37.508533,0.32146856254480216,0.08393371236532547,0.11592239461871205,0.18979977543224064,-0.07123412445814739,-0.0439318407685089,0.034591194968553444,186.62188214764905,1.0
-13.150597,43,38.043139,0.2941058269683386,0.09329574400940124,0.11071692044748342,0.22850829277147106,-0.07742969216871895,-0.04075154192401804,0.03875968992248061,179.34513838621632,1.0
-14.793091,48,38.212614,0.3133017060553008,0.11398475133509385,0.11363360351831854,0.19976141620279894,-0.09576213470048194,-0.030459888939282722,0.03645833333333333,178.47646147818668,1.0
-10.523974,44,38.380976,0.29070642067597696,0.08262119890937482,0.10995007500652557,0.23297939108389337,-0.07192339647027055,-0.05865767685759511,0.030303030303030297,185.75429772508048,1.0
-10.550106,43,38.533326,0.2960691876423707,0.054953562935528194,0.1308978934886933,0.22378877000195993,-0.04778783680313642,-0.054744115421405136,0.03875968992248061,182.46672728332712,1.0
-11.361633,44,38.688971,0.29717322556664366,0.06591086257669582,0.11543561068228428,0.22236717469614933,-0.05375412570373966,-0.06220216683561768,0.049242424242424226,179.41259390590307,1.0
-10.477044,44,38.85684,0.29332235851104077,0.07004321531451976,0.11141585905446524,0.2273939849816437,-0.057574919263960744,-0.08112057365202702,0.047348484848484834,178.58202637958271,1.0
-11.953623,43,39.017001,0.29664495272519914,0.0918601011898179,0.11306906837182185,0.22277275746819933,-0.07580453254219113,-0.06138230338690624,0.06395348837209304,179.14329993021943,1.0
-14.972271,45,39.189301,0.30467771961525136,0.11504550345774298,0.10073191047012733,0.21151985601348264,-0.09723298283922382,-0.058107491113595984,0.05740740740740742,186.704357939579,1.0
-9.831991,43,39.35679,0.28743140285584473,0.06271194357061878,0.14596099301418233,0.23508083609464248,-0.054849007267522294,-0.09724045443812264,0.06201550387596898,181.10466333160792,1.0
-9.510289,39,39.501114,0.280093662415876,0.053785601677989375,0.11629109934371078,0.2501586630386292,-0.04863088947498691,-0.07642366771269136,0.049145299145299144,181.08520527175324,1.0
-11.756,39,39.640856,0.2827655001612815,0.07831406611479672,0.10329084401371041,0.24675297353721923,-0.062373306287134445,-0.07730349378054799,0.0705128205128205,179.69451027095232,1.0
-9.587412,43,39.803251,0.28272413577924116,0.040194212463408846,0.15553783385153408,0.24458305609676348,-0.034182098824261965,-0.08517818999298463,0.07751937984496124,181.91638388017515,1.0
-9.848822,42,39.95106,0.28475525856954625,0.027481131592669586,0.14242316034332222,0.24220369735885883,-0.022322591462555524,-0.08086228796447763,0.08333333333333333,186.42916699438234,1.0
-9.868928,41,40.096157,0.2808622559726964,0.03209942053842092,0.12791074820079054,0.24988746483789434,-0.022980585634669575,-0.06013202972221332,0.07520325203252033,177.85343807527434,1.0
-9.995649,40,40.237885,0.28327529023007747,0.04335130991904669,0.12386665885859194,0.24785771938478277,-0.03283916833542065,-0.09752966285912082,0.07083333333333336,173.75055114578552,1.0
-8.740737,44,40.401559,0.2808386284894944,0.041737672149076914,0.15323999627402593,0.25097105836454286,0.027983361811719322,-0.10227462459598571,0.09469696969696971,186.5798058887782,1.0
-8.666652,43,40.552035,0.28386364716590734,0.011815741731977693,0.1283159295623078,0.24512269974474588,0.00358775423509551,-0.0582451242722444,0.0736434108527132,176.7529287594584,1.0
-9.2267,38,40.684483,0.2632831930297826,0.014285457644654963,0.17682591381519017,0.28245408167254343,0.007707233081934377,-0.11433133191096492,0.10307017543859649,174.26677708166858,1.0
-9.437287,35,40.810502,0.2613281561124145,0.013660272653715994,0.12265372638367548,0.29443850049074716,-0.009444021148268634,-0.09503870112823204,0.1023809523809524,173.22104333083658,1.0
-8.901332,40,40.95984,0.2730310713919009,0.019345607436062676,0.08162238647662014,0.2637387240189334,-0.007018349599479001,-0.04912846639081857,0.09375,179.81937412719898,1.0
-10.993248,38,41.104799,0.27708904368532283,0.04055376092586414,0.12924787582954894,0.25956522424428313,-0.03277417524310643,-0.10094272427033066,0.10087719298245615,179.51413840382133,1.0
-10.018113,40,41.255318,0.2718225604691099,0.033532900192290695,0.08804097455104977,0.26941635994050556,-0.028359683851751572,-0.06869012957669204,0.11875,181.40427364873258,1.0
-9.815801,38,41.390494,0.2769341295133571,0.015304229057096457,0.1043426680289463,0.2600559514401029,-0.012042774636602341,-0.08035337032155945,0.10526315789473684,175.02385252216268,1.0
-9.587249,37,41.520603,0.2623989600977617,0.016076633240584087,0.09907184739471865,0.2875700375334194,-0.008080975744957825,-0.07071859723329361,0.13513513513513514,177.12456609959284,1.0
-7.728447,39,41.663594,0.2664956467223062,0.03696988300016582,0.08594060127028692,0.27752182717625723,-0.03238816540552773,-0.05378683497943756,0.09401709401709403,176.80886815424293,1.0
-9.524852,39,41.801589,0.2731028272484494,0.01789694251282386,0.13344560582455964,0.2649595154411332,-0.004805406140538096,-0.06421212596799669,0.12393162393162392,175.03715738500793,1.0
-10.05528,38,41.941617,0.2707362328460888,0.027373692376188325,0.12307229574248243,0.26980176180117765,-0.01937947325695805,-0.07816884039947859,0.12280701754385966,175.29297692064202,1.0
-10.683271,35,42.065138,0.2611076636815429,0.0460226873012541,0.12259907095789792,0.29770340494011355,0.027813423266750736,-0.08093122333012522,0.12857142857142856,177.7523111729135,1.0
-8.521911,38,42.20471,0.26695115438174305,0.01756701984340674,0.08655660049095673,0.2763424156019707,-0.013326811374660604,-0.03431206326231976,0.15350877192982457,175.7822349292288,1.0
-9.011965,36,42.342597,0.26109790721090004,0.016716627397052344,0.15651674017003345,0.2911770500977485,-0.013003247914642484,-0.07749700210318584,0.150462962962963,174.17538532810573,1.0
-9.282648,35,42.476562,0.26418947719819025,0.024141095134405387,0.09926639656291768,0.29085719617288186,-0.020474998962664633,-0.061450233977701135,0.14047619047619045,172.75987722539435,1.0
-10.362969,35,42.606352,0.260689482119995,0.01733767772751397,0.13220461649165027,0.2971532596811944,-0.0036457409838048954,-0.11647477065350681,0.14523809523809525,175.1916347397614,1.0
-10.332193,35,42.729474,0.25935896904308237,0.02853698573878378,0.11133804245795746,0.3021562547007647,-0.022885871181642068,-0.048799318241903596,0.15238095238095234,169.6924062176926,1.0
-9.15284,35,42.854225,0.2616862210741653,0.015708823533590956,0.11930555996079545,0.2954639007381654,0.004429633200759652,-0.09186075391447718,0.16428571428571426,171.0734651931613,1.0
-8.102969,36,42.982802,0.2615422250209531,0.013590497763458855,0.10121178915018089,0.2906384677702202,-0.008441353102316425,-0.05964956149495326,0.1550925925925926,169.89873685643232,1.0
-9.960145,35,43.116144,0.26475824945019144,0.016820412215509083,0.13220216710588353,0.2932225994021819,0.011466053115508107,-0.10144368892978212,0.17619047619047623,178.9209775605884,1.0
-9.404027,37,43.245595,0.2674490297852774,0.022632967926113565,0.15649536925666085,0.28239759485062604,-0.01713354859269488,-0.12028897648666725,0.15765765765765766,176.79140781371854,1.0
-10.390345,32,43.358238,0.25771365549143876,0.012816209370820838,0.13014493768789684,0.3143880774791001,-0.004270566197988414,-0.09841282476011909,0.14583333333333334,168.73353943579292,1.0
-9.457588,35,43.487962,0.2600065703695277,0.014423432760767452,0.1528351429439678,0.2934896402818079,-0.0005442042948495753,-0.10907298944938836,0.17857142857142863,170.32168788634013,1.0
-10.011312,33,43.614613,0.25705800248087857,0.014733208548650269,0.10201773874661905,0.3109494617993219,0.003957749937052729,-0.05560546845072122,0.21464646464646467,171.2392230116614,1.0
-10.186489,34,43.736959,0.2593045853107115,0.02837742927576708,0.187740039268318,0.31185562593506977,0.0193459504723218,-0.14139416241849134,0.21323529411764713,179.20913017362713,1.0
-9.014827,33,43.85549,0.2578956035525193,0.020648125623729224,0.1415151557300471,0.31684738010113617,0.002683846228144691,-0.11276261119801095,0.15909090909090912,169.32265440967203,1.0
-9.323732,36,43.989118,0.2633502330952361,0.01923391568839209,0.15101837953373654,0.2852534179784063,-0.01607619841981614,-0.1186806043484803,0.19444444444444442,173.57455916059996,1.0
-9.27246,35,44.119098,0.2586208955301111,0.013088407945962593,0.15011580157616985,0.2991124572656554,-0.005809553042165459,-0.12068671083151075,0.19761904761904764,175.67477386298998,1.0
-10.831256,33,44.238128,0.2661833274801907,0.023998351547234283,0.1705688386897261,0.29103619859096375,0.007595359255344056,-0.13490785075819287,0.21969696969696967,172.10742315493786,1.0
-9.950731,35,44.364594,0.2576604058506918,0.036826532534605716,0.13368340197790338,0.2964046437555556,-0.03308540796064107,-0.09191578919936919,0.1904761904761905,176.13865960658137,1.0
-10.785109,32,44.490958,0.2573681383849577,0.03519907669757417,0.14697266114213317,0.3143976073710379,-0.03172267513758463,-0.1139109010746456,0.21875,176.14577187811136,1.0
-11.022584,32,44.609676,0.2573059968188887,0.02152283054527479,0.16529225417320315,0.31618763217282353,-0.012352650212579593,-0.12674166430683442,0.22135416666666669,175.37155628272419,1.0
-10.905766,30,44.712723,0.2589183166353032,0.029962932396380284,0.11714170860274506,0.31414513759252005,-0.02638530756067684,-0.0960122177378921,0.21944444444444444,165.6987318641458,1.0
-10.84256,32,44.823471,0.2557928011603178,0.02348353584329051,0.16511424492156418,0.3185501546874454,-0.010988435070681207,-0.12168158352164964,0.22395833333333331,173.69873986785723,1.0
-10.190122,33,44.951022,0.2600911889787212,0.014184202382780911,0.15541289549110276,0.30181284483612114,-0.012120025979916493,-0.1207495630295628,0.23484848484848486,168.57306200341034,1.0
-11.416321,33,45.068397,0.2617909982643645,0.0472218988872607,0.1712522906517517,0.2941201343649709,-0.042795526356145835,-0.10864684464696689,0.23989898989898986,173.229433378607,1.0
-10.162623,33,45.190616,0.25616850800929086,0.015782156820828775,0.1597292297004855,0.321931467278584,-0.007027448271084263,-0.13673530126947503,0.21969696969696972,173.63096010225308,1.0
-10.786153,33,45.307706,0.2578880163066488,0.02056148225257984,0.11396625933644063,0.3087549742280811,-0.014783359054428987,-0.08238678582064543,0.2398989898989899,169.40637247789877,1.0
-9.635528,33,45.436336,0.2558971597556907,0.022327037822088884,0.15141012080543428,0.30933698424993833,-0.007804931546570116,-0.12846834525990977,0.23989898989898992,172.11739470324156,1.0
-11.962856,30,45.544525,0.2604905572289046,0.01802653045563728,0.15609883047872444,0.3121361628130666,-0.014291244374123192,-0.09326911083257129,0.2333333333333334,174.88824296172817,1.0
-11.35336,32,45.660393,0.25616203267491355,0.022325143544300055,0.13524160598664103,0.3111295646901632,-0.018496971183207724,-0.1038578779894008,0.21614583333333334,173.83038848669608,1.0
-10.601611,31,45.768666,0.2599988512759272,0.03499845786177379,0.1657043859411463,0.30900730747145877,-0.029046375857910797,-0.11888945392536385,0.24462365591397844,170.91530902400302,1.0
-10.892352,32,45.896692,0.25545139101873354,0.019381400784738496,0.19927713797144775,0.32108489466952406,-0.007841599444301385,-0.1548690009718616,0.24479166666666666,174.29123849564854,1.0
-11.309576,32,46.011722,0.2608949720022447,0.03807164551084264,0.12985910079156673,0.29695862776136883,-0.034740028974351876,-0.09273899651522369,0.24218749999999997,167.69102744766528,1.0
-10.758217,32,46.122968,0.2592498000284925,0.0507412041135898,0.18105732365924865,0.30742735099990776,-0.04485655663682089,-0.1214467297794855,0.26041666666666663,176.6731924329969,1.0
-10.98401,33,46.24263,0.25970289707027067,0.02580060251872676,0.1328849832476142,0.30267964960899046,-0.02229952284165008,-0.09131250629131803,0.22474747474747472,170.05735260425197,1.0
-10.891696,33,46.363907,0.2631611211249566,0.04831938898521677,0.12395089671664998,0.2936156027160632,-0.043478195610386294,-0.06893976414961403,0.22474747474747472,170.30933422784287,1.0
-11.461567,32,46.477997,0.26498348656952536,0.044027363951423676,0.1578354956507199,0.29033210743885884,-0.034429684448254554,-0.12575587496041796,0.2604166666666667,172.31244782978348,1.0
-8.291552,34,46.605628,0.25371112808618723,0.021535419901730208,0.12090777236211829,0.31707065164503956,-0.016577505472334067,-0.0653662534879174,0.2598039215686274,171.81488114976287,1.0
-9.136674,35,46.728568,0.25728682774823675,0.027425062372918058,0.15425059487586756,0.29909364447594555,-0.01990367125700121,-0.09766834089555736,0.22857142857142856,180.43820143953855,1.0
-10.060495,32,46.844014,0.2564978803433485,0.041571739664958016,0.1418214077231702,0.30819043717025546,-0.037587071883995064,-0.07037793529001468,0.25520833333333326,173.26898813275642,1.0
-11.575753,31,46.956601,0.252635585594237,0.02482855127912333,0.166621288414301,0.327412543131897,-0.012560916896177967,-0.13431028051790522,0.24462365591397847,170.80878283052556,1.0
-10.772052,31,47.066634,0.25524472459833975,0.02902264905981224,0.1617710964699974,0.32393360859466386,-0.023452938603973482,-0.13469693656937837,0.25806451612903225,175.11980610369537,1.0
-12.719333,29,47.168192,0.26022176784976087,0.03312325457587733,0.17033376538393868,0.3238836493951444,-0.027906943284533445,-0.13519571085364188,0.2586206896551724,165.71397504251374,1.0
-10.056519,34,47.294755,0.2560641495668453,0.020915949245681395,0.16476965070108812,0.3049765478159218,-0.009304855795238638,-0.07630458482397509,0.2720588235294117,183.2501231878569,1.0
-9.978615,33,47.412288,0.25381914015204293,0.031560878133857405,0.1732923657041146,0.3209145447601247,0.01160380435850094,-0.13091408468238305,0.2727272727272727,170.66114070175763,1.0
-11.341754,30,47.51968,0.2581044713830187,0.0182774087751577,0.14062249212904138,0.3246340834036378,-0.012859569485377417,-0.11312240581281102,0.27777777777777773,170.5684421912753,1.0
-11.145844,32,47.636422,0.2618453372062437,0.025471896599334513,0.14810600444020228,0.2966503070679933,-0.021376878166362984,-0.09949294183519633,0.27604166666666663,170.84000509019432,1.0
-11.567786,30,47.746907,0.2586359783389525,0.033545165531439505,0.13409555450356975,0.3121822907087289,-0.028715112276393014,-0.0807726365061736,0.2861111111111111,164.49881760278367,1.0
-11.612136,30,47.858147,0.2604865843895591,0.022450575102382922,0.16627228838031646,0.3122272257193823,-0.01819933174518628,-0.12585296492714906,0.2972222222222223,166.9859611776264,1.0
-10.061132,32,47.974415,0.2551374063128164,0.03140108725241472,0.12325373998858191,0.3176842973419505,-0.025106512495478798,-0.08938460786387581,0.2916666666666667,168.4295772973388,1.0
-10.946332,31,48.082877,0.25795200585281636,0.03649465092871473,0.16614783425383428,0.3131612268482431,-0.032838006571270534,-0.13794394280124256,0.2634408602150537,171.37533634433848,1.0
-11.215596,31,48.199379,0.2547231559997494,0.032427405533394654,0.1264569017968251,0.323470947199938,-0.029416357896496787,-0.05021545190730939,0.28225806451612895,174.9765961606084,1.0
-10.980065,31,48.306216,0.2572679855356465,0.03039811938275122,0.16478105893236722,0.3274284452064667,0.012585846135746032,-0.11794722682417913,0.2903225806451613,172.6803108564953,1.0
-12.051098,30,48.414386,0.25839785932599907,0.02365862703579503,0.15625723456016008,0.31881382243878115,-0.00042446561463398076,-0.11958281414737405,0.313888888888889,172.08252341962245,1.0
-9.883892,31,48.528339,0.25447097842987554,0.020428884994430702,0.12727497460382073,0.32416869191594694,-0.0052406531634926826,-0.0838775066741118,0.28763440860215056,171.82371643842143,1.0
-9.612681,33,48.647552,0.25335307187126527,0.02253058005141635,0.1168756761079264,0.31751746736336584,-0.017420830187339656,-0.09502970298236464,0.29797979797979796,171.7977927237388,1.0
-11.473388,31,48.756713,0.255921379247862,0.020565349156892,0.15328506264738212,0.32934089349972606,-0.005624345441961775,-0.09747815115280956,0.30913978494623656,180.36088109359957,1.0
-11.775482,29,48.860719,0.2580225354496146,0.018228894005081684,0.1374799066834168,0.32685530856650347,0.001926904845038861,-0.10513818141870783,0.3132183908045977,170.0892352886248,1.0
-10.677771,32,48.972755,0.25650616190981756,0.03914559834135335,0.16781489708226882,0.31842892593501093,0.020001186394171807,-0.12717030883157784,0.2994791666666667,179.6376371379168,1.0
-12.392748,29,49.079119,0.26001911036045405,0.03760373078573191,0.19981298923356627,0.3397097401327641,0.014207078148001274,-0.15728043273964457,0.30747126436781613,163.274564395661,1.0
-10.309453,31,49.202202,0.25697273823631256,0.01893235536329784,0.12722780161382927,0.32737639568028853,-0.007624020743670715,-0.07889008574763454,0.33064516129032256,173.4290115098092,1.0
-10.628049,32,49.316553,0.25361401179776627,0.028754494786091118,0.15218831309771466,0.31785461649867985,-0.02443782412921129,-0.12494570345506226,0.3125,170.4601455609861,1.0
-11.142805,29,49.424714,0.2551689189807061,0.0321957139841563,0.1410793201778941,0.3471495688324947,-0.008692718848177683,-0.07389742727841392,0.3074712643678161,170.37310801992436,1.0
-9.187449,32,49.540491,0.25369320330755146,0.01946908072465427,0.11960602424011343,0.32696819745043043,-0.0048892970943016445,-0.07384092552548377,0.2890625,175.6608967748192,1.0
-10.815044,30,49.65005,0.2566678797531085,0.021678531017517422,0.11474374795833846,0.32567619177886187,-0.01103896925948982,-0.06879854923576721,0.31388888888888883,169.31657321876048,1.0
-9.356492,31,49.758285,0.2528313152573213,0.022359213812667304,0.136508492190201,0.3352925012122274,0.01033988169993244,-0.04975250501102049,0.3387096774193548,174.4599562109812,1.0
-11.258374,30,49.864677,0.25591244817042963,0.020179355415106202,0.14053574502243774,0.3255674296408937,-0.012124835390832662,-0.06410788698863598,0.34444444444444433,170.851220879242,1.0
-11.673263,28,49.966535,0.2608826066412523,0.01748935838192644,0.1407359652328227,0.3414890686584703,-0.010388731877863567,-0.08183774651441958,0.31845238095238093,165.90271085606656,1.0
-10.013545,30,50.075923,0.2560356036216301,0.014907340243390372,0.09369627219411997,0.32674475417240195,-0.007654650665349522,-0.0549315056549302,0.33055555555555566,172.94488428719606,1.0
-11.290777,29,50.17711,0.26065815577836804,0.0216470117167203,0.1695245530998854,0.32605395089800937,-0.012627851382561457,-0.13321458387239846,0.32183908045977005,165.75359616723796,1.0
-11.543528,30,50.279806,0.2560438274245658,0.01761338221551827,0.1209559882992884,0.33367646115812466,-0.011695801851767799,-0.0905065699555805,0.33611111111111114,173.80598927106308,1.0
-10.89498,29,50.383452,0.25991969364767775,0.018498892934067392,0.12659527828794206,0.3296412045397291,0.0028681583990064585,-0.07349936564627449,0.3160919540229885,172.48280464470122,1.0
-11.767825,30,50.502648,0.2568903644650634,0.03079513448225486,0.15939212963275745,0.3294637284363321,0.011408358324506228,-0.11717466083261084,0.32500000000000007,176.64557495012605,1.0
-9.959348,30,50.613547,0.2567800593839324,0.02249109833367105,0.11440490354087497,0.3238281426799872,-0.015226444087304215,-0.06583469351020013,0.3472222222222222,168.2897511561224,1.0
-10.111746,31,50.72688,0.2531865195345927,0.01992339477824576,0.1042668098838858,0.3424226575098242,-0.0050147501116736505,-0.06742844688634704,0.3252688172043011,169.2094824421244,1.0
-11.883996,30,50.836774,0.2587161444726653,0.021665073451411547,0.1386127674546867,0.3200720005769931,0.004814573928768538,-0.11285517837637361,0.33333333333333337,173.56837107222415,1.0
-9.676594,31,50.947513,0.25818410383422524,0.015573585719612764,0.13294411019821326,0.31916386670258606,0.002187447214523271,-0.06298332535944579,0.33064516129032256,182.5339373142984,1.0
-10.792919,31,51.059804,0.25593779711553893,0.032086070381249165,0.14091367041338634,0.33662636230608123,0.013323941303227333,-0.09994034035790507,0.33602150537634407,169.0747815732996,1.0
-9.985722,31,51.165854,0.25457353585714165,0.013248147593798727,0.10776270199634666,0.3438292464143671,-0.0006784786201919671,-0.06907475315962343,0.3440860215053764,178.11253779254122,1.0
-11.396998,30,51.269467,0.2565990364004628,0.02171584904564438,0.1251665802872661,0.33925567221274583,-0.016206923677989545,-0.10202082407378539,0.3416666666666667,172.5913528564241,1.0
-11.267042,29,51.371682,0.25847317251668606,0.020837470501733783,0.1374143468511295,0.3382400025018524,-0.005233865182802413,-0.09304639545259233,0.3333333333333333,176.6286784012891,1.0
-9.08383,31,51.484554,0.2576688360627912,0.022131644702866694,0.10068807564436104,0.32489058742714183,-0.0024597001609785,-0.06261162278910702,0.3413978494623655,178.40855886399538,1.0
-11.398162,29,51.588969,0.2615231091623041,0.016286890332245434,0.14291903463128564,0.33275842461067645,0.007527717904029318,-0.09298475307534936,0.36781609195402304,173.755191752443,1.0
-8.777676,32,51.704577,0.25862781426261183,0.017162150866175525,0.1405399316656203,0.320649352227792,0.009638289271340292,-0.08512018573386412,0.35156249999999994,175.63403632275367,1.0
-9.956374,30,51.812034,0.25845457234154173,0.012372278900250958,0.13418864631695998,0.34522274386003926,0.0008123567256334555,-0.09753386658451028,0.35,163.89273334065973,1.0
-9.96005,32,51.933769,0.2587034376503561,0.031704180698120185,0.13386730579751743,0.329188594185551,0.020382494809547225,-0.08260510646872406,0.36718750000000006,172.7181976704309,1.0
-11.772314,28,52.032303,0.26509353733561214,0.012895892836904396,0.14642532679606252,0.3388583224707011,-0.006888226891225355,-0.07001104329925188,0.38095238095238093,173.27215856052703,1.0
-11.547807,31,52.142315,0.25518255919817195,0.026672218372623967,0.12684881207008636,0.337597683641473,0.007961319520917142,-0.09703435350535601,0.3629032258064517,180.48870163785048,1.0
-10.781606,31,52.250575,0.2598879022298757,0.015580996302680354,0.11700521506307066,0.334053331442587,0.00815564963371871,-0.06164251970207276,0.36290322580645157,174.82007564290967,1.0
-9.966751,31,52.368729,0.258587592807597,0.01744673194874776,0.09527648235808157,0.3393959074345144,-0.012527953454521935,-0.04299424285917657,0.36021505376344076,168.6434753326494,1.0
-11.892733,29,52.471458,0.26167433908436344,0.01564078489567682,0.13343607026461843,0.34545144064244343,-0.0011049287167333123,-0.10564502562545339,0.3879310344827586,174.12940865882825,1.0
-12.018077,30,52.576765,0.2581892275273146,0.02879771534022678,0.12576068617872857,0.3312584397041694,0.014762702334700065,-0.09698617000190438,0.38333333333333336,176.20717360643366,1.0
-11.87933,30,52.680852,0.2587105008874208,0.021841545941682167,0.14397940075740337,0.3410485365329726,0.012357980757568245,-0.10911022820376974,0.35833333333333334,170.25381908141495,1.0
-11.510469,30,52.796255,0.2618309770447911,0.03173177513553907,0.12269396483530264,0.3319664237431624,0.018679722954329014,-0.07389770960039596,0.36944444444444446,174.5509342757826,1.0
-9.755907,32,52.909781,0.25585301729829696,0.02702543395446472,0.09310685194633082,0.3245119284383081,0.015882218312726567,-0.06473894455235965,0.3984374999999999,178.26181142941124,1.0
-10.269891,31,53.020499,0.2588387852773583,0.0190606077090126,0.09608118159094521,0.33422891673750627,0.0028496586814617973,-0.055211278985325955,0.3817204301075268,172.51591939317578,1.0
-11.336807,31,53.130919,0.25987182591496616,0.06007392613155823,0.12074307198129605,0.33546055432097416,0.05205281942033976,-0.0687915482875435,0.37903225806451607,175.81556488787052,1.0
-11.355416,31,53.237839,0.2597186066356039,0.019248962785719272,0.13848723835529456,0.3316462049646608,0.008866207710032901,-0.09392131692836081,0.3763440860215055,173.35385013972754,1.0
-10.346226,31,53.350688,0.2562518660935602,0.014802560802976905,0.09058927197949046,0.34691800401697626,-0.0028025154091916144,-0.061835629700902194,0.38978494623655924,175.72036430361757,1.0
-11.043545,29,53.451351,0.2608823419555847,0.0216764019418509,0.19482090259934748,0.3357191454352599,-0.01312782420193482,-0.1444300357226152,0.37356321839080453,174.29097800330823,1.0
-11.384886,30,53.5539,0.2605149012047614,0.03671479287763528,0.13297018177328945,0.3312180082152327,0.022370120398868005,-0.09965016021166608,0.38888888888888895,173.1927504503701,1.0
-11.302677,32,53.665179,0.2594510644460001,0.026740106305929115,0.10376226027487533,0.33685048455847666,0.018908101615332167,-0.07866628035003172,0.38281249999999994,179.18707186223384,1.0
-11.134723,31,53.780982,0.2632077676622671,0.04848189359190685,0.14207204608680013,0.32871278658564546,0.03815247060800785,-0.09793976221671832,0.3709677419354838,175.6532356520607,1.0
-11.616647,29,53.893246,0.2626238571713224,0.03846373640619295,0.13471046478506035,0.345412224878069,0.02559948677725511,-0.10422288667157498,0.39080459770114956,168.6633279833072,1.0
-11.573912,30,54.002751,0.2644020374443227,0.04705456368149717,0.10283578843099787,0.32865254194516696,0.038779101445629634,-0.08434726178687144,0.39999999999999997,178.94427770258633,1.0
-12.155325,31,54.112701,0.2629520595863945,0.06730740859433541,0.14704491990682958,0.3367618134396809,0.048988463921104855,-0.12559266716200776,0.37903225806451607,172.64915558446148,1.0
-11.717107,29,54.22103,0.2650405387951756,0.0425621888264928,0.08963884791601297,0.33408547747505807,0.03466531806854226,-0.020806074850097677,0.4022988505747126,176.15969636306784,1.0
-10.293369,30,54.326043,0.2615088275884492,0.01806481923652514,0.12080031528247079,0.3431399115868204,0.003119534326026067,-0.09880598176467083,0.3888888888888888,171.5847213946556,1.0
-12.146601,30,54.433091,0.2605651082891064,0.05147921564706399,0.11977789420595583,0.33865106092210984,0.034886303742846354,-0.08611445475505076,0.3944444444444445,173.46483834402542,1.0
-12.026089,29,54.539714,0.26552488354440396,0.05749710505145075,0.14512599510539284,0.3409459840127949,0.04703340610932494,-0.12022850747023942,0.40804597701149425,170.25253234100737,1.0
-11.386046,29,54.650041,0.26291757625331413,0.024589291788000865,0.13404205533776956,0.3422933286301522,0.011753574165523292,-0.11441743933924474,0.3936781609195402,170.99629623920657,1.0
-10.07854,31,54.754565,0.26074425225314374,0.05720315860485235,0.1368758248855919,0.33353776160669274,0.04497606031675703,-0.09333740539222726,0.38172043010752676,173.93789814340883,1.0
-12.649799,31,54.866898,0.26268558674658044,0.07252184530669463,0.15315486832054614,0.32992482914254817,0.05731475966178496,-0.12082582250240867,0.4086021505376344,178.73973875704783,1.0
-12.131203,31,54.973403,0.2634211960768886,0.06378985418475597,0.11913807881912672,0.33674742553737164,0.054004859316824666,-0.05157133891783052,0.3897849462365592,180.27938117935767,1.0
-12.724995,29,55.073596,0.26526070811440927,0.05493637031941215,0.15843370150255154,0.3508417662869135,0.04282477830746248,-0.12774070694616474,0.39655172413793105,167.02440512084377,1.0
-10.733447,31,55.188305,0.26224464806129655,0.06180629251778762,0.14078842952273388,0.3334557045746602,0.050731118096893096,-0.1056930551681554,0.39516129032258057,170.0823283729781,1.0
-12.161296,30,55.29303,0.26125761148173166,0.04804870222281261,0.15277573303989805,0.3340485510440216,0.036188024877521006,-0.12334053368761734,0.375,174.7513515642561,1.0
-11.903826,30,55.396126,0.26578599520238666,0.06396405865547958,0.1368692011312181,0.3367690121974149,0.050621722175411187,-0.11767165813984783,0.38333333333333325,170.87361909696162,1.0
-11.1916,31,55.502909,0.26409077888923943,0.07553550759455664,0.13865838187692714,0.33587224741503774,0.062010832406601275,-0.11154924678493162,0.39516129032258057,169.0374635757656,1.0
-11.739464,31,55.615013,0.26096800133682013,0.05707889474241617,0.12372202749613327,0.3276479283439765,0.046046226295416805,-0.0825995296036536,0.3602150537634409,181.13082181809992,1.0
-12.257535,30,55.721593,0.2638076138672117,0.0686275834225767,0.13652009394416678,0.33231970386965143,0.05506514685449405,-0.09730027369077845,0.3638888888888889,173.73203788862847,1.0
-12.217752,31,55.834261,0.26431380859359144,0.06416443875074197,0.14458753553791842,0.3253488075274988,0.05410386216143159,-0.12380388260355006,0.3682795698924732,168.26272559752323,1.0
-12.476422,30,55.948433,0.265246637159422,0.09858756190630892,0.1760498959157396,0.336226572394571,0.0817273625418184,-0.13795635390035155,0.3777777777777777,175.8625204977906,1.0
-11.880796,32,56.068725,0.2614715875809117,0.10187236868578409,0.17838408777103307,0.33582876868238964,0.0806210929386924,-0.147095944044262,0.37499999999999994,172.52985517136275,1.0
-12.153784,31,56.176122,0.2670897362033276,0.06905223697647027,0.10957146096669956,0.3389751971842243,0.05581176571762749,-0.08158974854425137,0.39516129032258057,170.2897864609771,1.0
-12.808025,30,56.282463,0.26538807855174296,0.07986682115362727,0.18950899472601654,0.3383796577864633,0.06227199796454681,-0.16174394031521536,0.3694444444444444,170.33260838758227,1.0
-12.995346,29,56.387286,0.2627665791150442,0.08814376137725816,0.15157822968766532,0.34003431957667196,0.07106717511487376,-0.13387972586525196,0.3908045977011494,167.94357938252367,1.0
-11.706839,30,56.49846,0.26292851625631847,0.0872732354282989,0.14046880454158087,0.34365472285014553,0.06871276720572217,-0.10544594300019919,0.3611111111111112,167.22485277860324,1.0
-12.773596,31,56.607618,0.2630207068723977,0.10090077264123588,0.17634846809463298,0.338844311649019,0.08289256332752322,-0.15111193559999245,0.36827956989247307,174.9601587764589,1.0
-12.207469,30,56.713769,0.26692606321828205,0.08328886580947292,0.15076527539609016,0.3253677658017553,0.06895761238263373,-0.10191667942679981,0.3777777777777778,174.93779029390325,1.0
-11.986788,30,56.831938,0.2644910547162407,0.08658093650501852,0.1764846358731878,0.3402315360206354,0.0720524368627114,-0.1452551657568213,0.3944444444444443,170.0254296457372,1.0
-11.57377,32,57.01364,0.2627856078509299,0.08615408343719437,0.15856667475203204,0.3299972786776386,0.07266090916017241,-0.11821020023330528,0.3697916666666668,181.78425590301597,1.0
-12.443075,31,57.158149,0.266207753575431,0.07084108616178907,0.17051736175462337,0.32650311440556046,0.059627293065524445,-0.15012808877742348,0.35752688172043,171.14974314198733,1.0
-12.762984,31,57.26825,0.26734382072208573,0.09511242607070607,0.1415470752664949,0.3287480274962312,0.07993294391421332,-0.11857264124373446,0.38172043010752676,170.12041374384563,1.0
-11.839886,32,57.383359,0.2632922951845479,0.08961862168231025,0.1393957509453601,0.3344829116977782,0.07221615737133555,-0.09649861038201382,0.3671875,176.5874356462539,1.0
-12.014982,30,57.495147,0.26226390171765374,0.07379597235760502,0.15843944948933453,0.3298905576461879,0.06236485266624848,-0.13100633725179453,0.3638888888888889,177.16416115768791,1.0
-12.784522,31,57.603613,0.2650597888447862,0.09699827305306388,0.1355554064183441,0.32187933268685015,0.07775746040891075,-0.10628899208555244,0.3440860215053764,176.31663125596523,1.0
-13.055477,31,57.711844,0.26320285834265045,0.09022326096608917,0.1895339671527235,0.3440136937982731,0.06851905302916125,-0.16274917711629278,0.3252688172043011,170.12724545860698,1.0
-12.444133,29,57.813592,0.26719597025859226,0.08976846677521133,0.13089254316781362,0.3371977278496748,0.07301627881752273,-0.09731362538181634,0.33620689655172414,168.19869817947492,1.0
-11.830301,30,57.917941,0.26337486696123785,0.0627122189900129,0.1518190177114451,0.3442190314786651,0.051164115943065164,-0.11667751546820525,0.3444444444444444,169.80721915769308,1.0
-12.543814,30,58.030407,0.2662732079536744,0.09226868476633843,0.14496319961202545,0.33132982300658514,0.07734085125696225,-0.10772683445997923,0.3555555555555555,164.11048734557028,1.0
-12.178731,31,58.144775,0.2640980798615684,0.09053625748867913,0.14749060187137916,0.33036895063151733,0.07611083067098244,-0.11290724407324312,0.33333333333333337,171.83602582455896,1.0
-11.707038,30,58.250806,0.2624311566724635,0.0684742580053516,0.2014873685427376,0.3374444186685767,0.05722616229601756,-0.17622481366883094,0.33888888888888885,170.86304848205697,1.0
-12.075752,32,58.365887,0.2642730295389649,0.05870461249759753,0.17829464254651456,0.3274401897719076,0.047593919238982894,-0.13868968457848754,0.33333333333333337,178.34565724464628,1.0
-12.829814,31,58.483133,0.26783949819049885,0.0818881287738602,0.15871865198503093,0.31543180338354815,0.07083952138736897,-0.130673214901099,0.3387096774193548,175.0173310639456,1.0
-12.943108,32,58.602061,0.2636038138585656,0.10553616447288973,0.17536563348433976,0.32482291947867864,0.09093942116150033,-0.15740424592302052,0.33854166666666663,181.24250413712684,1.0
-11.757985,31,58.709955,0.2658611817742637,0.07975115145203245,0.1733860740572443,0.32319327929514613,0.06456628242081704,-0.12859079268820658,0.3413978494623657,170.4244690725184,1.0
-12.333284,33,58.82621,0.264533711030198,0.10794072905520666,0.12271922120629941,0.32680888689187454,0.08780935464624616,-0.09111114725775747,0.3282828282828283,172.12531270453889,1.0
-12.769817,30,58.935953,0.2673482921189602,0.060676961047978054,0.22059736709239572,0.32687051316707905,0.05227638053663193,-0.1968022619688008,0.34444444444444444,170.5450522254084,1.0
-12.476744,31,59.05292,0.263798882408916,0.06446453770085588,0.1725296332224867,0.32318712499629726,0.051650366328885394,-0.14329955318520665,0.32258064516129026,171.95054705552602,1.0
-11.336609,33,59.174129,0.26502367804558213,0.07315636321092081,0.1313817234059883,0.3361245589900514,0.06360879536499796,-0.10989544711171682,0.32575757575757575,167.96376694470578,1.0
-11.441334,30,59.278517,0.26156418125197434,0.058144292186160636,0.1480962872720326,0.33578546277777416,0.04610967511533485,-0.11284120312042702,0.3444444444444444,171.15090451183514,1.0
-12.829849,30,59.386986,0.26383521184251785,0.09761480668945935,0.20686237181735784,0.3397722165943822,0.07749231505382156,-0.18254999587442275,0.3222222222222223,168.2620019000944,1.0
-10.345685,32,59.499279,0.26051490632505014,0.051227469275258244,0.15793854283316003,0.3323079937257362,0.045542969253258084,-0.12390933470859425,0.3151041666666667,173.1541015918733,1.0
-11.453783,33,59.619343,0.26596665072281084,0.09713470110818019,0.12604711489868428,0.31138332689011994,0.0846904930557249,-0.10194856740419671,0.32828282828282823,181.36342955492117,1.0
-12.580498,30,59.725462,0.2647587619490911,0.06238111866276717,0.16400347168577506,0.3331700227041467,0.05095202591397523,-0.1351288028939716,0.3194444444444445,174.22260907995775,1.0
-10.886948,33,59.8495,0.260038490972843,0.04435360817393395,0.17718150740625732,0.3382375689710832,0.038349973372451655,-0.1352759553637602,0.33333333333333337,175.1905623530545,1.0
-10.771105,33,59.968336,0.26350109851406417,0.06544559039745192,0.15750779969353723,0.3280555617380753,0.05141917166969506,-0.11883448014599839,0.32323232323232326,171.07262260508847,1.0
-10.445112,34,60.08585,0.2645262506930627,0.059572579131887286,0.15944237475755477,0.3110594833742706,0.050902805917878075,-0.12772638100114103,0.338235294117647,173.60740550475694,1.0
-11.432746,33,60.199881,0.2635670893664719,0.08307624290219097,0.17094806888149588,0.3153529213330958,0.0666988118042228,-0.14839471632392603,0.33585858585858597,165.73072593569827,1.0
-12.272982,32,60.315118,0.2634422795555787,0.11396076864167518,0.21005697864629763,0.32134386898059986,0.09109515778477152,-0.17059934116181624,0.3307291666666667,176.83595209044003,1.0
-12.272084,31,60.4233,0.2657159313975362,0.07795588789405658,0.2574157346703312,0.3156846689980894,0.06345664645026534,-0.2293909218248888,0.3118279569892473,172.44139006090248,1.0
-10.711295,34,60.542664,0.26229962225788644,0.10240101766555386,0.15457324227009844,0.3202106592917137,0.08577016079639334,-0.08844975540177005,0.31617647058823534,179.46608190870117,1.0
-11.923917,30,60.655987,0.261771080675252,0.03590930678274634,0.19439901347138996,0.33322587354695626,0.02542516350369391,-0.17454563918948843,0.33888888888888885,170.79473783888736,1.0
-11.860245,31,60.77384,0.261530753042195,0.05612951511009332,0.17670519628729678,0.32878690186288895,0.04455867882635295,-0.13938654966236508,0.3279569892473118,172.46103123642635,1.0
-11.430388,30,60.884838,0.2624229079645435,0.04430473796436281,0.1354888297889869,0.34192708586614523,0.036113700847438826,-0.09532619116158,0.31666666666666665,165.69568599106032,1.0
-11.352126,32,60.996661,0.26067441855464635,0.052207906483512236,0.20405845989054808,0.3266825727878669,0.04001801858496911,-0.17576664972309566,0.31770833333333326,172.44958835242187,1.0
-12.007417,32,61.115141,0.2646173238340259,0.07109572585424696,0.17843881771244527,0.31374255251651756,0.061322742309415625,-0.13804092643069243,0.32291666666666674,179.83305474989618,1.0
-11.334229,33,61.234791,0.2629609728492907,0.06660407529358399,0.17797363645934403,0.31756526705900334,0.05617146971023404,-0.14750689410387766,0.31060606060606066,183.33626273867552,1.0
-10.84632,33,61.346306,0.2621756448296649,0.06170721762638828,0.19453794126338944,0.31689679992255204,0.04850860907828338,-0.16691230192710307,0.32575757575757575,173.27596760219555,1.0
-12.532203,32,61.457105,0.2632703908178955,0.0920855532506021,0.18054916105556865,0.32351791846720745,0.07645122727750758,-0.1447566247803211,0.31250000000000006,176.56955627764106,1.0
-10.009109,36,61.580121,0.267496149113228,0.08565976471240548,0.11662427693217117,0.30038267803379853,0.07383394414746282,-0.07139076688030785,0.3171296296296297,182.3418416667727,1.0
-11.027862,32,61.694445,0.2632002761623613,0.05164693994533638,0.19306435890540666,0.33189319363006414,0.04210519727040991,-0.15455048306599267,0.32031250000000006,173.76010125277048,1.0
-11.009571,34,61.819669,0.26294214819361483,0.07167506166146387,0.171389757438734,0.31434676089205676,0.06192658675296336,-0.13246027735461713,0.303921568627451,180.1290327359109,1.0
-11.553675,31,61.938631,0.25964337170302465,0.07729439194337033,0.20641957069255779,0.32958387196696926,0.06035651599820129,-0.1674294671413445,0.3252688172043012,176.7396688102409,1.0
-10.067512,35,62.069453,0.26706685949355835,0.07201323923515172,0.14647321924682008,0.31287543620343455,0.06006637335446872,-0.06411284557732515,0.30476190476190484,176.22105333379173,1.0
-10.543075,34,62.19508,0.26209498480340315,0.05662517945304625,0.17887987553340465,0.3107001430317789,0.044099283150769525,-0.14484938222405278,0.3186274509803922,174.8634973594902,1.0
-11.208342,33,62.310183,0.26086669751742125,0.033523315973269366,0.14249980584232294,0.3359046403487602,0.02250214077732757,-0.11342600946660429,0.31818181818181823,179.12137815647802,1.0
-10.764549,35,62.431332,0.2664821346925639,0.06606154509096825,0.14158944278991595,0.3050769541915673,0.0574034749607513,-0.12032253997468198,0.30714285714285716,176.1935666515641,1.0
-9.836594,34,62.557297,0.26372063280462515,0.07401019793185314,0.15722405028780223,0.3117031791854091,0.06160952339196995,-0.09823276922684449,0.3137254901960785,182.50698133418808,1.0
-9.550717,35,62.689321,0.26042412716504276,0.03897406059690725,0.15202401451617809,0.3215255905529759,0.030203622877622342,-0.12428714884674563,0.3142857142857144,182.5381771657976,1.0
-9.425466,36,62.826851,0.26490646661211426,0.053995180028943775,0.17524167463996942,0.30747525371458084,0.046046812193629445,-0.15340331321429507,0.30787037037037046,180.65136943292478,1.0
-9.316896,38,62.963519,0.26404695891585517,0.03817919936654847,0.13770320335593456,0.298498770970714,-0.016902258617650812,-0.10502491264352898,0.31578947368421045,186.30727110524674,1.0
-10.201961,34,63.102199,0.2600124587652544,0.05090971003237115,0.18840109892896,0.3213304771908775,0.03821656579519747,-0.1582346800981035,0.3014705882352941,179.4354693503392,1.0
-10.409387,35,63.227409,0.25893946875109003,0.060922445129765676,0.15411158833952593,0.3225028967405975,0.04933050229070669,-0.12753510800201223,0.31190476190476196,182.48373525807787,1.0
-10.767399,35,63.350584,0.2615334405179806,0.04622241040497893,0.13677037905732392,0.31590104339078107,0.03799048881085402,-0.10842998602353016,0.31190476190476196,181.03632708412982,1.0
-9.961188,34,63.465864,0.2625430586458462,0.03403548597763487,0.1595592802226277,0.30855042578359293,0.026797726542573015,-0.1319330615512779,0.3161764705882353,182.74890563260692,1.0
-11.542697,35,63.593714,0.26434002733476,0.07195323813376642,0.16086194922341074,0.30368107730900884,0.05933839049251452,-0.1337682908931573,0.3095238095238094,186.99070079742887,1.0
-10.44395,36,63.720519,0.2662127114750204,0.06107203271296798,0.14927131625166384,0.30594628823472036,0.04701199568342905,-0.12760880518188245,0.3194444444444445,175.95486756081243,1.0
-11.22834,32,63.838556,0.26263209142638083,0.06094506906365943,0.22883814958055637,0.3247599556107376,0.046454415259376734,-0.20244554580486498,0.2890625,171.6047126049217,1.0
-10.408678,34,63.955929,0.2642245671309233,0.046175658306716584,0.1411323476821934,0.3033151652647162,0.03897750303634954,-0.09896133332511228,0.321078431372549,182.66176629247758,1.0
-10.975624,34,64.082891,0.26128081103867495,0.06857418344959465,0.1820857096782264,0.3173852521500106,0.04778583757233066,-0.15613751651219146,0.3014705882352941,170.80016862446996,1.0
-10.28104,36,64.207939,0.2629789957763711,0.04504456499991144,0.14185615450163389,0.30293022829850547,0.03628437610160425,-0.09832813132411582,0.30555555555555564,188.7773461567367,1.0
-10.321472,35,64.328074,0.26019993861339674,0.04324980322721727,0.1609463403045349,0.311015560668694,0.029296670643458304,-0.13990221147306273,0.3047619047619048,187.95942821474833,1.0
-8.211084,35,64.452251,0.2617360010796575,0.019762746172086718,0.1267329467844311,0.31019631206306264,-0.0027295383313542297,-0.08189861133559327,0.30000000000000004,183.14606784531338,1.0
-9.666559,39,64.587325,0.26837354434678784,0.029077988120819027,0.14181753448905704,0.2930135458764822,0.02346953923849986,-0.09065862153203184,0.2585470085470085,179.92866345018567,1.0
-10.445848,37,64.720426,0.26856462686252247,0.05091939759559681,0.17426752382462177,0.2918511100047562,0.038507905942379635,-0.11928839248504726,0.28603603603603606,179.67097712605093,1.0
-8.166933,37,64.854713,0.26620150319735464,0.02585490046940331,0.13204043166316198,0.28918240811082974,0.01642348413040041,-0.08985718064627146,0.2792792792792793,185.20240709565473,1.0
-7.845455,40,64.998788,0.267813336873124,0.02644865040505431,0.1141151885701541,0.2842719750228937,-0.013216226485988695,-0.08043735955225426,0.2729166666666667,186.9593565698636,1.0
-8.925881,37,65.132397,0.26283533017661154,0.02332208365206729,0.13493457314514526,0.29943615944123775,0.015679416313641295,-0.09808551391337261,0.25450450450450446,182.4482060091546,1.0
-8.273198,39,65.270248,0.2647897493841874,0.040714277932192434,0.12133056973427372,0.2939802440950003,0.03098686170160061,-0.0403275988726257,0.2628205128205128,187.31046395413858,1.0
-9.680296,36,65.410823,0.2607036437251372,0.030385265338015128,0.13852135173095168,0.30810849541890545,-0.02111592398571842,-0.1128354408038587,0.2569444444444444,191.04935277085494,1.0
-8.194313,39,65.546956,0.2616146282015838,0.011935063401173085,0.13924193544651525,0.29429311168941574,-0.0029424578286865112,-0.003377390783319759,0.26709401709401714,192.2701065686325,1.0
-6.683952,41,65.691343,0.26864872638031567,0.014370621858054355,0.10350504463504298,0.28214176103263305,-0.0034999578323679126,-0.06235940027229112,0.24593495934959347,190.84984660316522,1.0
-8.59767,40,65.841891,0.2675106218555322,0.04997198147275203,0.1431456459300238,0.28197814096319174,0.042204447779752415,-0.09109902891488506,0.24375,188.27858061064632,1.0
-7.859446,42,65.990218,0.26827954427798717,0.054835820787794406,0.11538725982406647,0.2869223348729147,-0.041487486816526115,-0.08878742566299505,0.2539682539682539,181.53690434455734,1.0
-8.684595,38,66.133966,0.262823188030648,0.050887472167780376,0.09467280462070829,0.2890177048933926,-0.04472723229947989,-0.047271670658779776,0.2565789473684211,188.17948622324542,1.0
-8.162062,45,66.300172,0.2755888468155944,0.0496487375707862,0.11601015971092483,0.2668672106225128,-0.03843010436352873,-0.06514913662160994,0.22777777777777786,193.97610468164152,1.0
-8.302355,42,66.445002,0.2731620554600071,0.06844501430068195,0.09951634682243415,0.26792269815870595,-0.053633858837635794,-0.040263104932024486,0.23214285714285715,181.12132043490246,1.0
-7.85133,45,66.600308,0.27721114959113013,0.05192528643701987,0.08602287707672122,0.26817285494518317,-0.021985627404307477,-0.0171890885072113,0.23518518518518516,190.23038763743676,1.0
-9.129503,46,66.768918,0.27656453882516685,0.10336661896599547,0.08157004348139704,0.26129021383320455,-0.07286449843821034,-0.04111695724075425,0.23731884057971014,190.51019268837334,1.0
-6.476975,48,66.937935,0.28579968687508933,0.033411148619559586,0.10078249724455038,0.25004830884240176,0.019342089093652655,-0.05826744170652037,0.20486111111111108,197.36099380981508,1.0
-8.548796,43,67.094169,0.2697331580473419,0.04714611162291344,0.12061589061364143,0.27290405170500864,-0.03681756395334896,-0.089935487309293,0.23255813953488372,193.95363344278476,1.0
-11.693117,46,67.260068,0.2847922857309349,0.15208517741015606,0.0832037410994318,0.24553244641183267,-0.11190325166397522,-0.011630898155098015,0.21920289855072464,191.24091535443952,1.0
-7.865149,50,67.432683,0.28599082428494643,0.09761527866005137,0.09365314298634089,0.2437884731829994,-0.07670405173662728,-0.0400908839745669,0.2216666666666667,195.9000492091696,1.0
-12.351589,51,67.607544,0.2971362432480816,0.1251028414428401,0.09987393476723905,0.22782405989293972,-0.09424856913541518,-0.022502057546286633,0.22058823529411764,187.02824356497447,1.0
-8.776518,47,68.165132,0.2788262493631039,0.0799889851966049,0.08557913758774009,0.2538803351114392,-0.06754630411027082,-0.02385492119535136,0.200354609929078,190.8359224707197,1.0
-7.897587,43,68.323771,0.26855791286477787,0.04362293956757052,0.0944772326101445,0.27419467832739713,-0.036679605780743495,-0.014717109660782969,0.22480620155038758,191.37094570809364,1.0
-12.032636,51,68.509576,0.30195245452158226,0.13524541807307275,0.07923425040328136,0.2156676662758052,-0.10939746860534995,0.003768334734334466,0.2173202614379085,191.00817261662152,1.0
-10.736138,50,68.6936,0.2893037253204787,0.11548238046208796,0.10981905341201324,0.2398597447979908,-0.08305890118700329,-0.032497315778191545,0.21166666666666664,189.83090341732557,1.0
-10.879787,46,68.858109,0.28547466605699523,0.10121602408750763,0.11263599044894838,0.24697582905992319,-0.08078282801223693,-0.011706991735864869,0.21195652173913043,184.93635467866443,1.0
-8.273845,43,69.01172,0.2735377877453119,0.057327128593690456,0.10753900736141717,0.2693963902829094,-0.04069225744324907,-0.04246852335538396,0.19767441860465115,186.2149128077467,1.0
-6.73524,46,69.179666,0.27436850505789473,0.04690292448402536,0.11303859031675359,0.2629178216208653,-0.026258877977510215,-0.02735894698662828,0.20471014492753623,198.1718252955646,1.0
-12.168919,54,69.370578,0.29671610010815497,0.13986699222471485,0.08419441341187067,0.22325020013941946,-0.10511156938635366,0.01122112972016142,0.2222222222222222,199.3805554928085,1.0
-7.342655,46,69.535958,0.27794340995578015,0.07403527927668781,0.08574887278007648,0.26123495451221485,-0.05142250409111801,-0.023037629251992722,0.22826086956521735,192.14802265829317,1.0
-7.518791,40,69.678215,0.26805731934827853,0.043055032073080625,0.10250901074694634,0.28059747578048005,-0.03379631390808085,-0.06169879967521863,0.2270833333333333,193.02347003672705,1.0
-7.778474,43,69.831237,0.26668189330515685,0.06650254558444355,0.08340838853011147,0.27598765452852597,-0.05429265089853941,-0.031391100748080825,0.2131782945736434,192.4333397074736,1.0
-11.577181,48,70.010548,0.2876499345569812,0.14245304228905573,0.08077093343655718,0.23884300878075257,-0.10462264652579491,-0.007047290948988005,0.23784722222222224,186.98085559460833,1.0
-8.975212,38,70.151069,0.26004363046215734,0.04235979438617618,0.10936934333854,0.2910402880601362,-0.03734270129628735,-0.08563330969170883,0.2192982456140351,190.60634462481485,1.0
-10.554903,45,70.310511,0.2791251345627114,0.12212898978578492,0.0690841400088255,0.24833121608398093,-0.10140380215785423,-0.018866908538023048,0.22777777777777783,186.27346042591324,1.0
-7.183243,43,70.469798,0.2740817607327268,0.039865155430401866,0.08942027351730569,0.2724531424653259,-0.031187059980810016,-0.035122089435595624,0.2093023255813953,187.32030637462947,1.0
-6.253721,41,70.618788,0.2690011868331865,0.03832530265397923,0.09526775052152892,0.2816876051400511,-0.025553694098696362,-0.013546985855882194,0.22764227642276424,185.0701970930947,1.0
-7.066246,43,70.773627,0.271972303359627,0.05757363889890506,0.10084178735454072,0.2711891534021658,-0.04292186478089251,-0.04389256083751052,0.21124031007751934,191.5165545862802,1.0
-9.435923,38,70.912759,0.2610255273847212,0.03727074426305295,0.112918629278985,0.28573230517303433,-0.032743491679827715,-0.04051651903670512,0.25438596491228066,192.67020705009182,1.0
-7.191503,39,71.051923,0.26575286269799697,0.025650484232337616,0.12009793032987942,0.29099519676473073,-0.018505518752980194,-0.06479484482762883,0.2200854700854701,187.03118187649403,1.0
-9.00307,40,71.193184,0.26972503159835176,0.06608623062945383,0.11415926875428264,0.27662674691536043,0.04978848239980187,-0.06460480575894237,0.2229166666666667,188.43282855394324,1.0
-7.407682,43,71.354004,0.26503699988438556,0.048630453147298136,0.0942408977650673,0.28887742865157595,-0.04014656985230331,-0.044115435640429634,0.25775193798449614,184.90691082469922,1.0
-7.860258,41,71.499437,0.2725795115017218,0.08016616184171559,0.08285613916713513,0.2766122642533976,-0.06303195585546152,-0.060622502556021425,0.22560975609756098,182.81121101125365,1.0
-6.851968,39,71.642801,0.2594168257608662,0.019300291520294593,0.10655721037388205,0.3001173563546799,0.008649889499262051,-0.03184849056728402,0.2457264957264957,194.94318393255506,1.0
-8.663188,38,71.793509,0.2622132119894014,0.03142766711570482,0.11415068542121584,0.29947577105209117,0.022280815389036906,-0.039558179701481344,0.2236842105263158,182.61572795123152,1.0
-5.92024,41,71.933832,0.2661163615538172,0.018883718403584004,0.10833707096440783,0.2831947033941025,-0.013294107616560306,-0.0030385714494865768,0.2398373983739838,178.864924599089,1.0
-7.883449,38,72.073446,0.25310434257493064,0.01820778206388516,0.09400362450060937,0.31388628388724643,-5.3454976474951995e-06,-0.029269282141066506,0.2565789473684211,192.7047075724093,1.0
-8.66014,41,72.221387,0.2658719760879889,0.06364578325101285,0.09234375424996029,0.28701162089721366,-0.0546701504133654,-0.05166368207926122,0.24186991869918698,181.7901092991176,1.0
-7.380024,39,72.356792,0.2575404449404451,0.011828442819650023,0.10345817417010103,0.30714769692489724,-0.0057193261660602075,-0.03850152301490685,0.24786324786324784,185.68581882562245,1.0
-7.944542,40,72.502247,0.2652643400409575,0.04534262966300404,0.08389862245534153,0.2868487789656922,-0.03518163573179239,-0.010473859294216284,0.23541666666666675,176.65008929933435,1.0
-8.04515,39,72.639598,0.26278982534840717,0.03262833516228855,0.14275632507655864,0.28996846556339473,0.02277052040810158,-0.04542506069239812,0.23504273504273504,190.46143961719847,1.0
-6.645266,41,72.794415,0.2615382450361191,0.014988318125965312,0.12227900111282039,0.29324794983868224,-0.008069664624478303,-0.03831727250709735,0.24186991869918698,183.1706731938131,1.0
-7.751341,43,72.944835,0.26445078094785796,0.0536281431204818,0.1168125469967353,0.29230603993337767,-0.043173511157893946,-0.02394415405452883,0.22868217054263568,189.81232528571965,1.0
-6.25629,41,73.09072,0.26567966112310704,0.03985776627490242,0.09995377889863132,0.2895723481534684,0.031189200557721616,-0.019315085705765244,0.23170731707317074,186.41766782133115,1.0
-5.401966,43,73.245274,0.2694596038117486,0.014545958034863582,0.09618638489136028,0.2807944360753894,-0.0068334891269897545,-0.06089003217148023,0.24224806201550386,179.6341873505898,1.0
-8.3991,42,73.403343,0.2716442206583172,0.045839748206334914,0.10185603062954103,0.2765965538294489,0.030862311500009836,-0.07669279579999916,0.23015873015873015,193.14217994203946,1.0
-8.110243,40,73.537707,0.263892500960687,0.01406852786653433,0.09430648634245613,0.2964240174035153,-0.010676237034400071,-0.02745496364022233,0.23333333333333334,177.7256358258206,1.0
-6.645812,42,73.70103,0.2719196654341632,0.028945475381831176,0.11651624010291511,0.2734840560373804,-0.013239323877794936,-0.03116543010589446,0.23015873015873015,188.157419869892,1.0
-6.299719,41,73.849841,0.2614203087800651,0.028108995411873755,0.09599816365873881,0.29635408925045,0.018349675890578742,-0.035485902861491225,0.21951219512195122,192.38655679755513,1.0
-8.540451,40,73.99671,0.2640355417622653,0.07361324142274078,0.10910685655130757,0.2943101580135391,0.05920157321181013,-0.014693368552040374,0.23958333333333326,185.78736765812332,1.0
-7.850796,42,74.15399,0.2672547278352822,0.026267550997514016,0.08481994688884022,0.28100153213914797,0.017163134948903657,-0.017042057691370998,0.22023809523809523,184.6341531489818,1.0
-8.841339,39,74.293444,0.2670378002593273,0.03569014692242145,0.12392944616082183,0.291588113661813,0.02739499364938321,-0.01772078754250933,0.22863247863247865,185.9801193047591,1.0
-8.79533,40,74.43095,0.2682488152975338,0.06798962072410937,0.12271612660750993,0.28641082647504446,0.0513286745352892,-0.015085788742808654,0.23333333333333325,193.75334583488785,1.0
-6.971379,42,74.581791,0.26902915166758196,0.03177063819650229,0.09204507239445374,0.2847293232175828,-0.015011910663106056,-0.017059899958905167,0.24206349206349204,188.4218405169533,1.0
-8.62448,36,74.710071,0.2602938038109332,0.09600614933180351,0.13018811000875394,0.3119029138155128,0.07741735203247238,-0.04798942940446135,0.21527777777777785,187.25889044910022,1.0
-9.208014,36,74.848386,0.25669562734345214,0.029592486771942535,0.10396213825466447,0.3235163034829961,0.019417095040410517,-0.04752257025410728,0.2361111111111111,185.78681479309495,1.0
-8.886604,40,74.995429,0.2666233150648318,0.0711548792561777,0.15460533828313244,0.2890937900004211,0.054609718005686814,-0.03879782244307065,0.225,182.18134366679504,1.0
-7.111465,40,75.139541,0.25902943227430153,0.03870816459124168,0.10171296667475897,0.3024183834047087,0.02309970960361834,-0.03177156008007491,0.2270833333333334,176.46806436085478,1.0
-7.517279,43,75.292694,0.2671504687025558,0.01982447360061298,0.09621079837199173,0.29152680049165053,-0.0049259890179715795,0.007029837786873592,0.23255813953488363,183.12634546684615,1.0
-7.35207,40,75.440407,0.26765602990037685,0.06804580216405733,0.09246869029451657,0.29932756957222273,0.050426585020886316,-0.0047154851343615784,0.20625000000000004,175.75234944120805,1.0
-9.581964,38,75.571272,0.265076859146232,0.08969632097784143,0.13757957652380767,0.29865652322726927,0.06748665855401839,-0.06029815234583309,0.2236842105263158,186.13515180697573,1.0
-12.296653,41,75.727373,0.27642474886091756,0.1381189206934459,0.1097702644872971,0.2698649270139693,0.10798248066837833,-0.02500020279975743,0.22560975609756093,189.2559942884676,1.0
-7.065992,40,75.869478,0.26699673009459285,0.0554474478050696,0.07910061583779572,0.28680115372423814,0.03620787966203575,-0.03198630652629414,0.2166666666666667,183.8186352866095,1.0
-8.404719,38,76.006997,0.265601446666541,0.07567255492052415,0.12632519721650498,0.29297327494018627,0.06049705632367549,-0.029038196584795964,0.21710526315789475,184.65231085782628,1.0
-7.216422,41,76.150017,0.26795558308822987,0.03446523731783212,0.05586054427933905,0.29158251009482766,0.02178652273984752,0.004853568486530573,0.22154471544715448,184.33907236545795,1.0
-9.196174,40,76.29472,0.27042029983426885,0.0778622806267392,0.09541537181696953,0.28906855573084517,0.05683588191976757,-0.0027582102326739175,0.22916666666666666,174.10944215224723,1.0
-6.905942,39,76.436668,0.2683864102918184,0.0796661087973758,0.11113297945428234,0.28439754659192246,0.06576158043408459,-0.0499334277093574,0.2158119658119658,193.63158787877154,1.0
-8.013598,41,76.581263,0.2737091906467642,0.05665219417265609,0.09610564591243367,0.2729212410461856,0.04414639027671957,-0.06617686604494373,0.20934959349593496,188.89138606052458,1.0
-11.376479,40,76.723808,0.2773817658249568,0.12682023275208448,0.12545760350203644,0.2732943787166736,0.1024536453375188,-0.036802416862375585,0.21666666666666665,189.65412705126536,1.0
-7.868709,37,76.862229,0.2605515746707189,0.04950453783633107,0.07438420775670325,0.3200350984633765,0.03693033524457174,-0.036273261999361366,0.231981981981982,184.0700765684831,1.0
-7.477868,42,77.013944,0.26924257045749606,0.0494232798567516,0.09141113663457326,0.29631224894343394,0.03940989827711327,0.0057356441122524875,0.2202380952380953,181.01220363186144,1.0
-9.14698,38,77.149147,0.2660552949915347,0.09042714193062605,0.05898757521704962,0.3036952801337668,0.07040282064853311,-0.024759631594114456,0.21710526315789475,181.2217563541025,1.0
-11.466106,38,77.284089,0.26645910557496394,0.11177392706168426,0.10457479404649589,0.29117289033036586,0.08462283402461769,-0.018712189646535673,0.22587719298245615,186.17958626878377,1.0
-10.428322,38,77.413742,0.26255485753517815,0.09239151082094922,0.08532367067805352,0.3084691319821251,0.07283712080800908,-0.006546601912392654,0.23464912280701752,190.4620605953868,1.0
-6.548221,41,77.56217,0.27365955421730503,0.06917158963909809,0.09539332960151833,0.2821796641239499,0.051013133597554126,-0.018282555389547223,0.24390243902439032,175.88677562698703,1.0
-7.646804,43,77.710493,0.2757588228805708,0.06605960618824847,0.08895449248837264,0.27453926373119497,0.05226019342985368,-0.01146375463372162,0.21705426356589144,188.0283626278692,1.0
-10.148251,41,77.86006,0.276025304798738,0.088431799251807,0.10943779554725983,0.27874290665760304,0.0703840703550962,0.01287251901573744,0.21951219512195116,186.25613179778261,1.0
-6.877247,39,77.994505,0.26218189665184816,0.04323427586610241,0.08758277487030451,0.3057531747502629,0.03056120290017377,0.016568595575102152,0.23504273504273512,179.14444952011794,1.0
-10.314599,41,78.139638,0.2763337855776261,0.1220999086421242,0.08445872892624245,0.27090300048809446,0.09505658388354639,-0.005320065500296248,0.20731707317073167,178.8994400053665,1.0
-8.870625,38,78.277148,0.26617168577452066,0.06286514058419712,0.10409113181318581,0.3106968070073423,0.04586771906787314,0.0042683028471605915,0.2653508771929825,171.8215565253182,1.0
-8.491412,38,78.412771,0.26310557162367415,0.06872775721751005,0.08584453573024525,0.30172650116954336,0.05301983436900858,-0.023050594445902628,0.24780701754385964,182.52043500049808,1.0
-13.576298,38,78.541837,0.27246889926167744,0.15649564570669328,0.10858699124059636,0.282095400399826,0.12037469661875794,0.007555404428933669,0.2302631578947368,177.33309245484682,1.0
-9.205709,38,78.679862,0.26810785267499193,0.11507741603713163,0.09812245667903759,0.28612444786404895,0.09426741267920685,-0.00622552075172943,0.23903508771929827,188.48462991163876,1.0
-5.137464,46,78.848664,0.2814174465340125,0.04120589852203854,0.10112522720866651,0.2678350179574042,0.02988139628819043,-0.017135478723041175,0.24637681159420283,179.62775768831855,1.0
-11.813797,37,78.984352,0.27078374442069786,0.15121361371141426,0.08934460488845193,0.28802505567968156,0.11645471705646039,-0.013455862278955382,0.231981981981982,178.5418236249837,1.0
-9.695627,37,79.124413,0.2639777949956,0.12312214255805275,0.08360347813457301,0.3001841389219143,0.09059764167929174,0.0018809453888748336,0.231981981981982,185.46117821224135,1.0
-8.133782,38,79.255915,0.2658268347159105,0.06235663433161515,0.10082849022121271,0.3011374538202089,0.04745666902740474,0.015686804284954715,0.23464912280701752,173.72981680495735,1.0
-6.882349,39,79.395082,0.26836589814516115,0.0710398398859813,0.11580836237286596,0.29527495395409953,0.055093399015348564,0.03878242189728286,0.24572649572649574,177.25907750928673,1.0
-9.470504,39,79.531833,0.26721083844513716,0.1138422915508369,0.09558603883850444,0.2959872458195009,0.085428557141062,0.029845397085848956,0.2222222222222223,178.9888676329351,1.0
-10.172934,38,79.669882,0.2645595644821517,0.119783053663297,0.1012240655642288,0.3103683190441062,0.08823364396041415,0.01017815524345694,0.23026315789473684,173.7918764042809,1.0
-9.781612,40,79.822126,0.27116111462207015,0.09579487851357597,0.08989432662867708,0.2966755520491505,0.07067523121281193,0.02602698588978975,0.24583333333333335,169.15690703045033,1.0
-9.727174,38,79.956311,0.2696785326788754,0.11414866614392578,0.09272533808685225,0.2971730961638255,0.0856604150533253,0.004605013345365709,0.22149122807017546,175.35828952347558,1.0
-8.119596,40,80.101392,0.2636785420358234,0.08359710416569738,0.11377202371049429,0.3015713270589262,0.06670540534205069,0.04467842120685023,0.24375,175.13677843402672,1.0
-9.897156,36,80.229981,0.26135482286009276,0.14024108311168243,0.08229954259556778,0.3004610769452097,0.10569169749035422,-0.017686401580517572,0.24999999999999994,179.15390625497955,1.0
-8.880436,43,80.376054,0.272054028112415,0.08978103237985906,0.1166315107977468,0.2767393624979099,0.06841355682875062,0.04156441667151968,0.26937984496124023,180.38666803000157,1.0
-8.64126,41,80.52918,0.2740877751035891,0.06192784912844272,0.11719970400752176,0.28107290989090217,0.048280514802353715,0.03207091682168065,0.2764227642276422,181.61200953021557,1.0
-7.134991,41,80.674923,0.2666032536646576,0.06433171545056458,0.07991433673795532,0.30187406218279655,0.048065692324838774,0.01729266431910217,0.290650406504065,176.8704112970729,1.0
-9.235553,40,80.824564,0.2690451403199424,0.10288603710904701,0.111003162429882,0.2948666055826473,0.08074177358604853,0.029590530110286006,0.25416666666666654,189.58007604657206,1.0
-10.661908,37,80.965759,0.26634840254923653,0.10940585814910406,0.09936396768438933,0.2936360544224238,0.08218223963949647,0.014379149779791153,0.2725225225225225,182.59570508620308,1.0
-8.761669,40,81.108604,0.2718222135322645,0.09362817395922027,0.11944174422738706,0.28506067112484734,0.07191859128306208,0.003284961347408413,0.2895833333333334,182.42476908804028,1.0
-8.204841,40,81.252594,0.26443833095686126,0.05348113660148723,0.12412518219253824,0.30208736349464677,0.03984954395839113,0.035311785348189934,0.2791666666666667,184.40844602969955,1.0
-12.223363,36,81.378031,0.2651068747142921,0.1322794268032437,0.11210677064838948,0.29679118820452327,0.10243428348497362,0.048767716670125666,0.2638888888888889,176.85798316524023,1.0
-7.603957,36,81.509076,0.26386660458314726,0.03268135824517973,0.08389435150583882,0.31672332265448794,0.02349187610072759,-0.002908342955837786,0.31250000000000006,179.17424078988964,1.0
-11.617384,38,81.649724,0.2640306122412277,0.13461729559134458,0.1082445454563044,0.30032897467559233,0.10409141474399115,0.0489272040020481,0.3026315789473685,176.34112239274472,1.0
-8.704237,37,81.783001,0.2598332014922514,0.05809465288294898,0.08986992668729595,0.3121372504409254,0.04260026107206837,0.01356212754389547,0.3423423423423424,181.2567952913587,1.0
-7.604044,40,81.930735,0.2673879323227096,0.01973053154765891,0.1289900422233566,0.3019521864734887,0.010291889208324039,0.052696498621974355,0.3354166666666667,181.7675645591868,1.0
-7.511888,38,82.065884,0.2622596292684109,0.026748795111580737,0.10713829063563722,0.305244728005488,0.015940669514197658,0.05320217830742309,0.3640350877192981,180.7135333339476,1.0
-10.031016,35,82.196692,0.2604974835334824,0.05768799036817294,0.140834030231902,0.3185206452811439,0.04219541355235518,0.07394412275154291,0.35476190476190483,177.22514567865932,1.0
-6.834369,39,82.337658,0.2638227421588855,0.024339892169389764,0.13056078554550582,0.30717187393862977,0.015538050068814212,0.0693384744174332,0.3354700854700854,179.2379328056492,1.0
-9.108084,34,82.463664,0.25926902536025026,0.07014626116543489,0.12050163619450321,0.32791434517634527,0.056230211354682,0.027845708625970574,0.3700980392156862,176.68756629570757,1.0
-10.594459,35,82.587064,0.2629798377290548,0.09800683799811723,0.1166284176780495,0.3179441541410422,0.07519641794292412,0.03420569964454884,0.37142857142857144,178.4968053063025,1.0
-9.662487,38,82.728333,0.26393067991734326,0.08294874825939659,0.1293197851954554,0.31237310601330265,0.05836837444041783,0.037331302533601673,0.34868421052631576,177.411894398085,1.0
-12.088886,33,82.850495,0.26099562732336595,0.12127667942393236,0.10890807548025457,0.3196634050882748,0.09381236493930718,0.04300997791509016,0.4015151515151515,184.54530753900508,1.0
-8.675428,36,82.972237,0.2623755337510823,0.040773472530074885,0.10886090424167534,0.32128771219553304,0.03012934769081684,0.004184504971299039,0.38888888888888884,187.26094849363793,1.0
-9.511542,36,83.099482,0.2611098575019918,0.04958005024273865,0.16826835264974813,0.3257954063882609,0.033393304936665744,0.09186124467944609,0.4328703703703703,175.45013557820917,1.0
-9.84046,35,83.222989,0.26185383692299286,0.09705452211842214,0.11734956941294752,0.3118679519536979,0.07362391166395538,0.061904695474871055,0.3857142857142857,184.60217732765662,1.0
-10.237997,36,83.360618,0.26147291046378657,0.08532270139884297,0.13022471283280698,0.31369832505436734,0.06577985218724397,0.07857373890167933,0.39583333333333326,180.1453657443593,1.0
-9.380467,35,83.481405,0.2572793326944735,0.05878806731461923,0.13266185312333784,0.3218775925774399,0.04262264015607911,0.03438442343171447,0.41428571428571426,180.04933608016225,1.0
-9.423509,35,83.613405,0.2591304423739942,0.05690402203673585,0.09839723229461786,0.3257632513218961,0.039216978318323215,0.03733215642426311,0.4357142857142857,175.51885463236283,1.0
-11.494039,34,83.745303,0.260155684560231,0.12529742692332166,0.10200151308769591,0.32183084719385185,0.0964214001561523,0.057645956363146414,0.428921568627451,174.02640913444756,1.0
-10.079341,38,83.887329,0.264806042572643,0.0807910548264084,0.14352253132566825,0.30276994065999213,0.05728892054281922,0.06826749905362045,0.4320175438596491,178.73680093091411,1.0
-9.147776,37,84.017497,0.2609522928281633,0.071990377059865,0.103265111236304,0.31237865511354995,0.05065848069483284,0.040081695502190234,0.4436936936936936,185.16609136927886,1.0
-9.839412,34,84.141266,0.25764096103763384,0.08307309841436344,0.10810389334144746,0.3317920521852091,0.06000113138296023,0.019023062443073554,0.4264705882352941,169.60234799347373,1.0
-8.39006,36,84.271913,0.2606501879511226,0.04380120229015383,0.10261073706748301,0.3213660159372205,0.029207818643331353,0.02814457545965184,0.449074074074074,179.93001712134156,1.0
-8.082284,36,84.397951,0.26713286703804184,0.05507818850166012,0.12442845986172096,0.30899510879960373,0.04304377614550311,0.05737655758097805,0.42361111111111116,174.06185388427366,1.0
-8.227301,37,84.531374,0.26186755561586006,0.07274630508975269,0.11600938491555758,0.3152991210888548,0.05114148242249519,0.04200919191700624,0.4346846846846846,177.286487412019,1.0
-11.761071,35,84.654673,0.27015756754091463,0.13369263357389816,0.09971875904218547,0.2971437143062186,0.10415476160370155,0.041971988578381934,0.4476190476190476,169.1698694849491,1.0
-10.32496,36,84.788403,0.26219548035734985,0.0912047485192096,0.09275735877832866,0.31831272652283005,0.07194865946902237,0.027810338044567492,0.4328703703703703,189.346552055816,1.0
-9.7843,37,84.921584,0.26029768884096866,0.05085599529768407,0.13161927452882458,0.32775613683888893,0.03588393829559721,0.07047031103092875,0.4391891891891892,184.66739411811577,1.0
-10.878609,36,85.044424,0.26702469694704406,0.12732076947671728,0.13955266105288006,0.30001842850289895,0.099886851095698,0.08803221091726689,0.43518518518518506,181.5858667086767,1.0
-9.514233,35,85.173678,0.26329054882045694,0.032478511240935926,0.1132038273129866,0.3145334119178607,0.017889787912440717,0.02352594489209305,0.44047619047619047,180.16855769059077,1.0
-11.470214,34,85.294822,0.2633723292363899,0.1301089209185518,0.09654711080846229,0.30956167894887043,0.10318830060912039,0.04892789619605492,0.4436274509803922,176.5262691206227,1.0
-7.490303,40,85.436263,0.260231751344661,0.04901664024074518,0.13827329810596356,0.30543079546203245,0.036852240616704904,0.06229734289088643,0.45625,182.99317244546543,1.0
-10.075993,37,85.563827,0.26711853286326187,0.093208481074246,0.1744844895388862,0.30389467761323247,0.0713005065103109,0.0987055074401217,0.43468468468468463,179.6003578179184,1.0
-10.649101,38,85.699935,0.267400467390623,0.11089548152748657,0.1338907071087241,0.2833039179127761,0.08743187186571458,0.053786169596900135,0.45394736842105265,194.91183505196105,1.0
-11.178472,36,85.830251,0.2617977741989298,0.1179778524312463,0.16073730059900349,0.31077738102976016,0.09103312655500458,0.08739529889582753,0.44444444444444436,177.10493115053384,1.0
-10.646848,35,85.951379,0.26338557933445766,0.09911833861252214,0.11937560432537142,0.31339647777671426,0.07692844268676358,0.07549246020757153,0.4690476190476189,175.9950069185618,1.0
-11.031008,36,86.078919,0.26583512420678385,0.11697888951241621,0.15177535728952848,0.3047427626163014,0.0931514501539165,0.09010312743427214,0.4467592592592593,178.5379935983732,1.0
-9.688449,37,86.214029,0.26309221765584107,0.0757016146795406,0.1460524137618341,0.3082947178339442,0.06006787156260029,0.0804445945901755,0.47072072072072074,179.70132017806844,1.0
-9.747686,37,86.342808,0.2626167055008182,0.09047911350084412,0.135047726723613,0.2983741896958143,0.0707827386540647,0.055972352117927504,0.4797297297297298,193.9329614389795,1.0
-10.430453,35,86.466278,0.26159090231342536,0.08125455978867963,0.1463929626262349,0.33095692367715374,0.060912469970956756,0.10192786018817467,0.4809523809523809,179.7127401043472,1.0
-10.53215,35,86.597678,0.2638516083390634,0.1018823035513905,0.14830775971056256,0.3146199346761789,0.07874872791937663,0.08936329787896867,0.4595238095238096,171.44827325641555,1.0
-8.255201,38,86.734895,0.26325754330093604,0.04575306025868462,0.12052692969907264,0.30237074268710823,0.031005718717413328,0.07130628077170616,0.4758771929824562,181.45576611662767,1.0
-14.034099,34,86.908533,0.26651196753302014,0.16736152444969143,0.1430089558260972,0.3056474132106733,0.1302468869615573,0.08491913206745884,0.46568627450980393,182.2587195004036,1.0
-13.328501,34,87.07533,0.26791907617438904,0.1443519629674919,0.1283632622934498,0.30067638202765734,0.11166941976851412,0.07121768540130322,0.47794117647058815,174.65464550729058,1.0
-11.140439,38,87.245726,0.2728575563708819,0.1491059230537743,0.1514920867306717,0.28198201988418026,0.11719323598805627,0.0856355202712158,0.4846491228070175,185.69802055922136,1.0
-9.647702,38,87.384147,0.2651504528502309,0.07352385386598012,0.15448385437883755,0.3102815761637264,0.05507838294301639,0.0687126554566331,0.4605263157894738,183.99182414928984,1.0
-9.743617,37,87.512809,0.2613300736272631,0.07266746619283006,0.14051351243830268,0.3270137049275674,0.05129437243741709,0.084459791000635,0.46846846846846835,173.65792801925429,1.0
-9.868069,36,87.654629,0.2631448712828441,0.10004949486023153,0.13134495504692023,0.3131443323343134,0.08014065386252853,0.07263480781011092,0.46759259259259256,173.52249848827182,1.0
-9.775557,34,87.776287,0.26003052748247,0.04307081610959222,0.10471173455521894,0.3362033930434598,0.0279232674294117,0.053545142842111676,0.4754901960784314,171.21655312685903,1.0
-11.33557,36,87.901613,0.2653245721882217,0.12365964645684305,0.13190534995871037,0.2941950780456597,0.09774725834063833,0.05445939425509377,0.46990740740740733,189.91248281597018,1.0
-10.026377,35,88.029098,0.26111564925793934,0.061857190696146765,0.1261077402750081,0.32083440901485943,0.041945585958922005,0.06937807774111594,0.4857142857142856,175.59577838605978,1.0
-10.170848,35,88.153976,0.2616798985490736,0.07556327752771254,0.1581954460021013,0.3261950851960913,0.05872679514139116,0.08977375504947929,0.4904761904761904,174.82414771148473,1.0
-11.158514,35,88.27376,0.26405336431469933,0.11126314375709574,0.10233549491985963,0.3272494771153786,0.08413799614588317,0.054151084591278716,0.5047619047619047,174.80463734261622,1.0
-8.425238,38,88.4075,0.2636772853354166,0.07885446260634998,0.14698462472804905,0.31152316054768964,0.061710766352997416,0.07575921174551527,0.506578947368421,177.4654725064083,1.0
-9.928413,34,88.536296,0.2608556196165739,0.06019762859402496,0.12230668208841185,0.32128279442179586,0.044672076446987695,0.05973172522713848,0.5049019607843138,175.82093216059684,1.0
-10.507142,36,88.65919,0.26383213940207495,0.09811918179728142,0.13702464228541347,0.3115204712987005,0.07434420608031474,0.08318619583795073,0.511574074074074,180.32449645198074,1.0
-10.071225,36,88.783179,0.26404779215559465,0.07780399696543991,0.10576897137676389,0.31422955622662235,0.05658676593283093,0.07143359790296105,0.48148148148148145,177.25686415892352,1.0
-10.084899,33,88.899537,0.26076793674106097,0.08214844291630687,0.12329402504964303,0.3344874748236445,0.0615327068605115,0.08293228250071219,0.4747474747474748,170.4531081538986,1.0
-11.432531,34,89.019617,0.262418571128327,0.10618709310351374,0.14015726252703817,0.3169612111415852,0.08003442586160964,0.0967993114481441,0.5073529411764706,177.27549906990495,1.0
-11.248312,35,89.141724,0.2647649966518246,0.12951515815165632,0.14019851191392485,0.3120531420598978,0.09916047634498285,0.09498836690020898,0.5023809523809525,178.88570579853243,1.0
-12.942181,33,89.259363,0.2658896189031717,0.15428923505928782,0.1321082394704044,0.30570919039473843,0.12293897258011835,0.0860436703918302,0.48484848484848486,170.76352189651084,1.0
-10.171802,35,89.390738,0.25992352556994475,0.08381688048824282,0.10749704385153465,0.3237827245399438,0.06370254118710292,0.07497255376545357,0.5095238095238096,169.615375242974,1.0
-11.886414,35,89.50887,0.2688571419790064,0.13183950619368198,0.13381412475360774,0.2941015587693287,0.10303899075206287,0.07004888827037388,0.47619047619047633,178.77632429253495,1.0
-7.397214,39,89.652553,0.2643799689982488,0.07100468258665027,0.14485947016419815,0.30550284197680466,0.05175845558140544,0.09200877938400989,0.49572649572649585,173.85277368509932,1.0
-8.992288,35,89.774651,0.2599010572362287,0.05297945154312445,0.13075188055257408,0.3208789993658581,0.038230723954127445,0.07872165340680654,0.5047619047619047,173.44733997990053,1.0
-9.943055,35,89.907914,0.2631174698961866,0.06341491205868163,0.13493409153341848,0.3367293470997095,0.04507695143355006,0.0889001524010594,0.5142857142857142,168.09869217949813,1.0
-10.520632,33,90.025883,0.2573607377756587,0.10143018417467066,0.1552524248845119,0.32715363098773376,0.07981601076986493,0.10692035761118018,0.49494949494949514,175.78156528270807,1.0
-9.933509,34,90.157751,0.2577491091771759,0.06928101687101884,0.11248734778115238,0.33118201689306775,0.053187683216764634,0.038140100332627484,0.5024509803921569,179.55963002648124,1.0
-11.505748,35,90.2885,0.26447367374854697,0.11230352884829502,0.11089839327641875,0.30374339757366725,0.08652013802031379,0.06966491893071179,0.49761904761904774,180.37885386001676,1.0
-8.073286,39,90.44071,0.2665866714736404,0.07464074691205624,0.12003513668054686,0.30752376561939787,0.055522640659967114,0.05951434909246064,0.48931623931623947,175.8884733197157,1.0
-12.445062,34,90.55913,0.2696633299163916,0.13727928573191214,0.12028197166441003,0.3072980954915031,0.10566357498965878,0.07588878167923219,0.5073529411764707,172.30287699352456,1.0
-12.337408,34,90.680673,0.26336087711048606,0.12427429520590486,0.13725480645304988,0.309596888769686,0.09520296403337355,0.07503891449549124,0.4901960784313725,179.70341439363884,1.0
-10.024179,36,90.820147,0.2615351625820623,0.08630916876361583,0.13397394887171432,0.31824069414706524,0.06688034727363486,0.08120134135401173,0.5046296296296297,182.2025440534731,1.0
-11.33927,38,90.94912,0.2745698957294366,0.12330431338526454,0.14876404473954907,0.2819320587023036,0.09477998847406972,0.07680181749830811,0.4956140350877193,175.84376767711282,1.0
-9.130279,36,91.074924,0.2619354172217335,0.05196794366798624,0.13406009133380914,0.3267958371748117,0.036148996188774325,0.035034056861594394,0.5023148148148149,171.4418661602438,1.0
-8.612759,36,91.202148,0.2653397956227899,0.08579159416031552,0.11046666728473042,0.3127895267887324,0.06595268954806593,0.06672128540509137,0.49537037037037046,175.79927678042347,1.0
-13.471843,34,91.327236,0.26843417235804856,0.14439830500586492,0.11469439524252832,0.30276587028152985,0.11194131571801966,0.07272790373402448,0.5245098039215685,179.66959225638757,1.0
-12.316423,38,91.454343,0.27308433500944124,0.1486308107181518,0.11312508328242372,0.2771610977535851,0.11685554003365538,0.05158975930094073,0.5131578947368421,190.0383909484542,1.0
-11.418352,34,91.571588,0.26217902188314446,0.10490242117538609,0.12816876163561627,0.32634248968494695,0.08322094399010826,0.07901845765990397,0.5122549019607844,187.3060873086483,1.0
-9.604743,37,91.703844,0.26383032394816563,0.12031649100344323,0.15098443498307687,0.30162724885276027,0.09298281709386826,0.07307311348905038,0.5157657657657657,185.06060854258723,1.0
-12.899427,34,91.827561,0.26645190476149194,0.14878664364065564,0.12821317099521173,0.305493148676069,0.1165613312137285,0.08265810018845288,0.5294117647058825,178.77034305790875,1.0
-11.032864,38,91.960953,0.2662562351598606,0.10745395009921499,0.15441337109723083,0.2981859356647813,0.08212534130247111,0.07353219845364194,0.5065789473684209,186.51729010658502,1.0
-11.282606,35,92.090951,0.26143352639699996,0.1316981937082888,0.1649155818518224,0.31315336083500017,0.10296998905244635,0.10103065453105899,0.5166666666666667,180.06482420334348,1.0
-11.199778,33,92.214671,0.2608423176663305,0.10634912713654822,0.087969678431363,0.32959121391385277,0.07768726388413974,0.051162113612189156,0.5303030303030304,168.35740089992834,1.0
-9.537324,38,92.349621,0.26225815192646035,0.07928849189760881,0.12182950775222913,0.31331376934384625,0.06189861095750303,0.058690648907368005,0.513157894736842,181.99705465694552,1.0
-13.119209,35,92.481221,0.2621026456106457,0.1501742463249859,0.17247707231278656,0.3109063407337847,0.11831954276747472,0.11207002780936805,0.5071428571428572,178.53367134654744,1.0
-12.202044,33,92.599816,0.2627265771791596,0.11968944785036548,0.13257808256281095,0.33350340228965836,0.09206162544038327,0.0870953037789311,0.51010101010101,169.6234232118237,1.0
-9.869109,36,92.728431,0.2668431490526428,0.08594169740952955,0.14454887045493298,0.2962912148108448,0.06947910136144932,0.07976839291661515,0.5300925925925926,183.20694100220965,1.0
-12.307862,36,92.86267,0.2645824036807634,0.15061707660513238,0.1597388841792759,0.3032010011372591,0.11614926038920188,0.1263776764729897,0.5416666666666666,177.2526743257266,1.0
-8.1286,38,92.997778,0.26342014112259093,0.07157431760208388,0.14319648412342317,0.3005814380079843,0.05634292546974825,0.058071010955517005,0.5285087719298246,182.00453998849062,1.0
-11.244704,35,93.13001,0.2657612188000019,0.11904164588405312,0.13337608713360857,0.30706970822592,0.09657201204353047,0.07944678416322677,0.5214285714285716,181.97101413880424,1.0
-10.031197,36,93.257166,0.2604976021296855,0.10921858252219842,0.138768834446014,0.3053308848900606,0.0886988345370598,0.0822766203984835,0.5439814814814816,185.79907100388377,1.0
-11.83976,35,93.381564,0.26695825708040016,0.11815228426036105,0.10189077428168614,0.3023474660732874,0.09288795646644435,0.04811550915818174,0.5333333333333333,191.29496047624352,1.0
-8.652878,39,93.520671,0.2667452166471386,0.053073073890864964,0.14678682195230872,0.3127655508075558,0.04023147680993032,0.08760754013171224,0.5427350427350427,179.35172346086975,1.0
-7.461795,41,93.667219,0.269064219878226,0.03116690438840461,0.14102665886206237,0.30475616814958545,0.022127051927394257,0.09210091013536582,0.5264227642276422,180.69003108387975,1.0
-12.086449,36,93.793126,0.26850314648992796,0.13447873429287513,0.1344430588698242,0.3052741458034037,0.10468941864138202,0.09153793060488312,0.5347222222222221,172.05786537085865,1.0
-10.735042,38,93.927545,0.2653339191356817,0.1061784974420014,0.10898655546571746,0.3032091200370967,0.08409598505257493,0.04578675082855359,0.5482456140350876,191.2105285755,1.0
-10.239216,34,94.051482,0.26071974373913787,0.06733150644447772,0.1561278195066761,0.32885492486330714,0.051333205278889384,0.10173155714209343,0.5441176470588236,170.65479278302638,1.0
-10.651505,35,94.172852,0.26509697839619895,0.10995894917327445,0.13557914487240982,0.3108664990571642,0.08718123012474663,0.07968220101917796,0.5499999999999999,173.07441355770385,1.0
-16.405123,39,94.314455,0.28361132628458036,0.20106434156758543,0.13255956295351906,0.26019139561730203,0.15780195568812377,0.1088373631815845,0.5299145299145298,183.83775510178407,1.0
-9.34011,38,94.453738,0.26317994535109773,0.10879135516954926,0.15036076066460313,0.3021481391859595,0.08545407952401186,0.08080714675303984,0.5307017543859649,184.9799357399865,1.0
-8.816729,39,94.588555,0.26488196899868316,0.04090787312511026,0.16921261214539246,0.31017751043768976,0.031081471992425006,0.10605171310379756,0.549145299145299,179.06218034102307,1.0
-7.452953,43,94.745892,0.27072350849404103,0.028180600663931195,0.13317781864586462,0.29285630421957654,-0.010199766832726095,0.08551473816224726,0.5271317829457365,180.7348908145945,1.0
-10.771829,37,94.879804,0.26388474266188433,0.1019460114548989,0.16965270573290786,0.3102958677181804,0.08005595402498512,0.11638033507711106,0.5405405405405406,180.5965580163157,1.0
-11.331751,36,95.01893,0.2628344312995929,0.12758866765626584,0.12939598984928213,0.31445977126794217,0.10059122465530315,0.06651767631030363,0.5393518518518519,192.88368529344382,1.0
-10.514912,35,95.141314,0.26263879692968545,0.07574054522912747,0.10853889795850236,0.3187905820793773,0.05563843326781774,0.06663698000055526,0.5285714285714286,179.177071662213,1.0
-13.433739,35,95.267601,0.2628941288240298,0.15387257902534154,0.1122695566034068,0.3095652372454157,0.12013576379227074,0.06642520496187491,0.5404761904761906,181.59070672476534,1.0
-7.207889,40,95.410988,0.2608389087395345,0.03935757273088165,0.13456228301906445,0.31018488829284097,0.029396811763156543,0.07544352686158569,0.5333333333333334,176.67959527982265,1.0
-7.677148,46,95.585505,0.27728714878330873,0.06877924573226699,0.15458589080643828,0.2684244162407928,-0.03254498842482114,0.06536248736528533,0.5416666666666665,191.05023555342908,1.0
-15.27224,39,95.721096,0.27788669932006954,0.195075483439635,0.10995019859529796,0.26025286737452474,0.1510063953411365,0.08776845276212428,0.5470085470085468,187.1813993950442,1.0
-9.446605,40,95.867998,0.2701891754187763,0.09045638725313415,0.11696792009506109,0.2839723672787914,0.07274900832030862,0.07011752522664144,0.5499999999999999,192.8375959761902,1.0
-7.462009,43,96.021949,0.27318807618366,0.04841643798332988,0.12783873010925056,0.2819399558802735,0.04030643025687299,0.0663786117748572,0.5426356589147286,192.29937875445992,1.0
-9.482244,40,96.161014,0.2704672475289823,0.11067941731701145,0.14819695528139207,0.2807806147092708,0.08892989845466706,0.10006089477453306,0.5416666666666666,185.13260788598174,1.0
-9.166224,37,96.296271,0.2657890023399045,0.09011425873584543,0.1332687654588548,0.31174778903363337,0.07105744199113417,0.08573013500033339,0.5495495495495494,178.25021892291434,1.0
-13.107467,41,96.442695,0.2784900412733325,0.16800781908572832,0.13292762020596813,0.2570945558101446,0.13115417543619212,0.08298145222643752,0.5345528455284553,197.52200712236524,1.0
-10.340012,42,96.587109,0.2692011790623057,0.09240238472224277,0.1664409464785781,0.3068640300584559,-0.05956473049523863,0.11577879373090456,0.5317460317460316,175.50549573341402,1.0
-7.594166,45,96.753476,0.2745601450424137,0.035262499634679735,0.16366987408920128,0.27776550748095025,0.028050113247503946,0.09061924814865319,0.5444444444444443,189.36761758722997,1.0
-6.735439,44,96.910184,0.2762403219813567,0.06478694655414573,0.15124568212802383,0.27502340104886347,-0.031994448671809096,0.09758619062334266,0.5359848484848484,178.71279805493035,1.0
-9.152218,43,97.06427,0.2681138840259659,0.10100752946454353,0.13058572001023946,0.2931632374118247,-0.06933744467983918,0.08031963990523111,0.5387596899224805,171.04776405272952,1.0
-7.746894,43,97.226837,0.27210070583310797,0.024580557156674086,0.1707098217173047,0.28538323792847703,-0.0019445732730894172,0.09798755830217504,0.5465116279069766,180.82661888218254,1.0
-6.625058,44,97.380714,0.26880469857346984,0.03685682472727355,0.14849989713097134,0.2829495474504124,-0.002960486708644003,0.09444168948498405,0.553030303030303,199.58533493195816,1.0
-7.107883,50,97.558168,0.28477391518145184,0.05791074610770718,0.154296169784642,0.2580178256660901,-0.026140538837261525,0.0877549417860264,0.5333333333333332,185.21202585697182,1.0
-9.518542,45,98.067402,0.2752775043693028,0.12700965541666484,0.15582986908586124,0.277871156684625,-0.07949071152529696,0.08897047019928521,0.5370370370370369,172.98024513059178,1.0
-7.615936,45,98.229226,0.2766889459907231,0.05844888131048324,0.12928652664073087,0.2750014961565647,0.04747373991419523,0.07778114156634214,0.5518518518518517,189.92680422251934,1.0
-7.874169,41,98.37346,0.2686533254140778,0.025476512348294962,0.13013100390122284,0.2948551644098029,-2.2328641251903186e-06,0.0718004851081703,0.532520325203252,191.83518749531683,1.0
-11.709059,48,98.551262,0.2824886446257127,0.14189481664737194,0.14905926038372674,0.26663498725985213,-0.0888134469796325,0.10917085339820104,0.5399305555555554,177.20015510252426,1.0
-13.843649,41,98.697967,0.2757932576245206,0.16543611596668184,0.15355541072950138,0.2652423750187328,0.12951097783779253,0.11642519614959784,0.5467479674796747,203.12930356585827,1.0
-6.98798,49,98.879164,0.28289662137834287,0.06223201210867078,0.14096485815018672,0.262582721980902,-0.032722089041761264,0.08556415060012286,0.5510204081632649,188.95187881324563,1.0
-7.79639,47,99.050995,0.2814898301849731,0.0758070552582804,0.1413202186588593,0.27601867477216646,-0.0417941478824295,0.089352831765685,0.5531914893617017,182.41382914333886,1.0
-5.532375,45,99.217262,0.2683882448846344,0.0335259409081237,0.15074853953517947,0.2887609033551196,-0.005687038547242595,0.08528485222080912,0.5555555555555555,190.12374467139938,1.0
-7.147578,49,99.40486,0.2828816846842911,0.05127564213082192,0.14736158441384425,0.26720344981686245,-0.012020449492018661,0.0893936943667382,0.5561224489795916,192.69598209551782,1.0
-6.384942,48,99.590811,0.2796188041629215,0.02517203244324541,0.1379526759962034,0.2730354699631598,0.002210318302951398,0.08010695729674652,0.5468749999999998,189.82468057186284,1.0
-20.893811,47,99.762447,0.31176841570135216,0.2256634386097438,0.13866185022232455,0.20428642572520375,0.16390100588789772,0.10534586341491593,0.5425531914893615,190.287175140831,1.0
-7.515502,42,99.923261,0.26919894165404573,0.0778467884802758,0.11428823059342126,0.28066166399167286,0.06461685904595302,0.06775054486421353,0.5476190476190476,197.7257662735026,1.0
-8.467479,57,100.130297,0.30174529589257554,0.09621190233651124,0.1256872781061014,0.2247422870952148,-0.04513856363416549,0.07281950861404447,0.5438596491228067,199.28070093164206,1.0
-12.351865,44,100.291385,0.28470683248418727,0.14220135441249962,0.11858666674191642,0.25037969885333483,0.1082949579514114,0.07857197390083283,0.5568181818181818,194.96002231505454,1.0
-7.151867,46,100.467413,0.2803760316624218,0.03559578292566975,0.11970930828496712,0.26777403586906845,0.02836925004187946,0.05683424485732119,0.5706521739130433,192.8102771044371,1.0
-9.612742,46,100.622681,0.27989897107393474,0.11070947893084108,0.12908446137861224,0.26979411956061033,-0.06470642645758395,0.09758631934860323,0.5434782608695649,181.1949870350624,1.0
-7.920933,45,100.78085,0.27694446599819106,0.03929123517424879,0.1473812169998737,0.2807712020150911,-0.01370255585946147,0.10381772558619243,0.5592592592592592,182.99253286886147,1.0
-6.256784,47,100.960651,0.2711963448036042,0.029146273506468798,0.11952564610922828,0.27909611043738797,0.0031464284577181916,0.06299139272456265,0.5496453900709218,192.94902849402732,1.0
-5.661927,56,101.16606,0.2939118384954267,0.04218250436232059,0.12423247691289167,0.24033989552294652,-0.002371751393074397,0.0688478826316489,0.5401785714285711,206.46750136126806,1.0
-9.916567,60,101.387254,0.3122659637980812,0.10039573554998638,0.1187612186861379,0.21487902287112232,-0.04812524875328417,0.07844943153335282,0.5444444444444442,186.85070595586294,1.0
-6.260953,48,101.552003,0.2804931759260143,0.037248436080558986,0.1154089754891083,0.2624705663638631,-0.0086729695099309,0.07247347074363149,0.5538194444444442,184.39080545976253,1.0
-6.506637,53,101.738809,0.2941772459744436,0.047912305886095435,0.1181588110663236,0.24808656648558008,-0.010096946658010067,0.06502863703283908,0.5503144654088048,200.6453594411227,1.0
-7.278945,50,101.924434,0.2827765973989755,0.07992072194161155,0.12933073404384426,0.2602839615107637,-0.03977023846703523,0.0832452317335527,0.5566666666666665,190.46127111697461,1.0
-8.662346,47,102.087227,0.2784066780665474,0.11538166797255689,0.12545996957260394,0.27737165978208095,-0.07079001545065702,0.07726963997456304,0.5390070921985815,172.35602943873585,1.0
-14.794302,46,102.269335,0.2832203187394101,0.18710804699710065,0.13009239260309433,0.25694328951313633,-0.11931741507803591,0.10268802489927234,0.5362318840579708,178.57585051119312,1.0
-8.668471,48,102.440572,0.28825862804689,0.08454040309979675,0.12117112454309581,0.2580439483701235,-0.046041427804669056,0.08879589502778762,0.5451388888888887,176.81768562579862,1.0
-8.090618,55,102.632698,0.3043035479831793,0.07075066516032612,0.1018803307735392,0.2233972021395217,0.05530758211091461,0.06670251766997694,0.5484848484848484,199.92306108822052,1.0
-5.863983,51,102.823201,0.2824280236291009,0.04244731859202402,0.1350377947891576,0.2623822419524297,-0.011684020717534582,0.09124825395798143,0.5588235294117644,194.213683800691,1.0
-8.074977,48,102.997055,0.2871346897881752,0.07978108303028546,0.12034495569024918,0.25269725569753976,0.06567102532240124,0.08459352987030151,0.5538194444444443,197.11796894089252,1.0
-13.947414,48,103.173342,0.2854673550685474,0.17972334331019185,0.1473558246145945,0.2527362928050057,-0.11207022018753199,0.11192572872445988,0.565972222222222,171.99261424169515,1.0
-7.514651,62,103.406519,0.3174912747056739,0.026248341512041078,0.11112395075588076,0.21034853440784698,0.0002709352613050924,0.061736719003307565,0.5564516129032256,194.8505541021319,1.0
-16.044328,50,103.579536,0.29386133402208575,0.18773261569833033,0.13639843992831996,0.24094988824028238,-0.11438095307271799,0.10438974615471397,0.5566666666666665,174.26986722903703,1.0
-14.022273,47,103.743492,0.2860981682296112,0.1660439455604874,0.14777366914309753,0.25514052799560094,-0.10282855046894611,0.11946630717179502,0.5656028368794324,172.86300988186622,1.0
-6.751156,56,103.939114,0.30172555556734854,0.037215983617280145,0.12495229784542465,0.22797875984176733,0.003350928311835382,0.08558409169231042,0.5624999999999998,197.25043924210215,1.0
-7.717901,52,104.124202,0.29198092976202283,0.06227222979803773,0.11853878352771575,0.24293437277634755,0.051709153223565826,0.07903756689110203,0.5512820512820509,198.75859466678315,1.0
-9.051607,44,104.277017,0.2708199620572275,0.11574603982451981,0.13741537768545495,0.28001527097895346,-0.06802554569435444,0.09969946508075876,0.5814393939393938,182.19418576273057,1.0
-6.340949,45,104.437807,0.2720597234418047,0.03813334524533855,0.11879608677087543,0.29204848874611355,-0.01031880376240084,0.08249091518921046,0.5629629629629628,179.24205110109227,1.0
-8.227855,48,104.612917,0.281212897279562,0.09804493671580573,0.1377124373009949,0.26168368185390145,0.07940738951870138,0.10569353885606884,0.5607638888888887,192.5650349647358,1.0
-7.826701,46,104.772549,0.27747483012780527,0.08963596599550902,0.1259808889960853,0.2691379335710496,0.07112013694174482,0.09212920068831944,0.5525362318840576,187.4500448984266,1.0
-11.636024,48,104.943433,0.28136747068842216,0.1470192835774515,0.14302240760628565,0.2679407667228425,-0.08580073830219527,0.1007030208685054,0.5659722222222221,175.84414325890802,1.0
-8.141474,46,105.114034,0.2867675855467659,0.12413804818742978,0.13162429127706812,0.24904369887261307,0.09594901391860056,0.09575994015748444,0.563405797101449,182.8610933311764,1.0
-7.625457,45,105.279429,0.27527365693901984,0.054712115138283654,0.14332951383382436,0.279532674735898,0.04797076002509379,0.1066081878554579,0.5555555555555555,192.21335476621226,1.0
-7.995018,46,105.448359,0.28332768644124523,0.09219236262794718,0.12613059072636212,0.2496202015258309,0.07545610161324735,0.0857344130577564,0.5652173913043476,199.47705109526373,1.0
-7.439233,40,105.59501,0.2692591025344557,0.02620290325767634,0.1303267593041086,0.29843363954396296,0.019992475304986223,0.1042431350985819,0.5645833333333333,174.1692273276166,1.0
-8.670688,40,105.737144,0.26483644968456277,0.05369520881067635,0.15575757099034315,0.3249030922209028,-0.029076848368012043,0.12136550735438512,0.5687499999999999,175.42869150417215,1.0
-24.862243,59,105.945642,0.3374018182706822,0.22497717975856235,0.09653121231637907,0.17151684688877575,0.14974486969201048,0.08672604783493235,0.5635593220338981,188.26675663890012,1.0
-5.979069,53,106.132155,0.29001131741156194,0.051591108720206724,0.12509479304847818,0.2429554734663651,0.045712402263363594,0.07937290292624291,0.562893081761006,198.20765343895184,1.0
-8.653989,46,106.29231,0.28260622983953887,0.10344288364597176,0.13830589845823893,0.2688865148565848,-0.058949075885249703,0.10576273740318395,0.5652173913043477,167.87688294222923,1.0
-5.859031,44,106.455954,0.26968144456365484,0.03233118918727072,0.12826192318275842,0.290605255093023,0.00455405869760426,0.08645900845197438,0.5568181818181817,183.71747603844426,1.0
-7.245558,44,106.617071,0.27503043000615873,0.05565207980498677,0.1277725418431913,0.27517685300331773,0.047420192987434384,0.10235664132818235,0.5662878787878788,184.8071231961976,1.0
-29.515867,41,106.758745,0.31274472563656425,0.3105880739970753,0.13524528505242156,0.20437047163287247,0.2298579403023099,0.11763448920272333,0.5548780487804876,175.28879681208844,1.0
-7.192362,42,106.917282,0.2723353385286996,0.04954747531590575,0.12022701845640443,0.2870423066569903,0.04227938450817931,0.08687848151720975,0.5674603174603173,182.61971729456454,1.0
-7.050682,43,107.068935,0.27009201797865817,0.0335533100569339,0.1361032476467126,0.2870856596168885,0.026010368894339046,0.0998874345149143,0.560077519379845,185.97156949145256,1.0
-15.259348,42,107.220012,0.2808436384856278,0.20128869275636754,0.13138889530062323,0.25827337934620687,0.15105056710001072,0.10222059921194905,0.5694444444444442,182.37488249483897,1.0
-8.000487,40,107.371587,0.2709525857264474,0.05889386617662202,0.15508231926750432,0.30146900704775803,0.05022280439255683,0.12174358664304037,0.5583333333333331,176.40794857233237,1.0
-10.889966,41,107.518203,0.2752345461154662,0.1479493113285369,0.12345400369571612,0.2691530845383364,0.11802116921154002,0.10190036506201657,0.5650406504065039,186.85211842596684,1.0
-6.191574,40,107.66198,0.26794398297032207,0.02738094977903398,0.15009739857507282,0.3046542000592763,0.003988334233532733,0.11621465621181379,0.5708333333333332,170.448171327917,1.0
-6.925793,42,107.818567,0.2691022649944848,0.025645443130301673,0.1389896011680682,0.2932437002596006,0.018060385202189527,0.10891843635274483,0.5615079365079365,178.19788413985003,1.0
-12.756538,44,107.967871,0.28224730351174937,0.1607437665756053,0.14400527737105634,0.25821835778814156,0.12219543840966045,0.10056349719363143,0.5549242424242423,188.8596489413855,1.0
-12.097557,39,108.104673,0.2697240235007512,0.15935238958805678,0.14510512812195656,0.2807264034710352,0.12425057852934399,0.11967594952620544,0.5705128205128204,177.64604277588484,1.0
-7.352556,39,108.247872,0.2632493511982545,0.059092912949198335,0.13185555044601144,0.3044195378247032,0.050822104535677315,0.10686324515655887,0.5683760683760682,177.12479253538774,1.0
-6.825866,43,108.398521,0.26996706330338793,0.05234187228380256,0.15434201716665538,0.28917746794027976,0.046044889143369704,0.11291355076356105,0.5484496124031006,185.3237682613638,1.0
-10.572302,43,108.547109,0.27630590799539545,0.14756361835980994,0.11042592556424728,0.2632578741040817,0.11481195644177493,0.0917840355700359,0.563953488372093,185.94234808792663,1.0
-6.686507,42,108.698651,0.2686643714968971,0.05635289231329813,0.14263413194157457,0.2882112919016939,0.04836145576703417,0.09074764025373618,0.5615079365079363,186.93461943730492,1.0
-11.746519,42,108.8445,0.27574567001444256,0.15734919970530029,0.12833998995255877,0.2687483648916131,0.12145528370501484,0.10434856548096837,0.5496031746031745,186.3644687928308,1.0
-8.128894,40,108.986733,0.26987185802965685,0.0868031191280314,0.15317423734499525,0.29023038373499765,0.07119507474369917,0.11059484930674823,0.5479166666666666,177.25198800254913,1.0
-11.268992,38,109.127748,0.26568777504350294,0.1378645346597946,0.12011790408436218,0.2957680762599914,0.10972627638036188,0.0958517756585852,0.5614035087719298,183.5346475987623,1.0
-7.825278,44,109.281602,0.2757818492715971,0.058456970353707914,0.1340103468636964,0.2814257459911607,0.049982326731499896,0.10143251288049661,0.5681818181818181,182.27730202223069,1.0
-9.051046,42,109.447803,0.2703175786339899,0.10320920261213444,0.09950677821886839,0.2816957848155061,0.08541137892421234,0.070993780677583,0.5555555555555555,193.01546173503914,1.0
-13.568332,38,109.577121,0.2714553108179936,0.17614728053182094,0.13476881714962943,0.283586351998876,0.13680195125606195,0.1046775998408202,0.5657894736842105,179.39231803493144,1.0
-12.346053,39,109.723624,0.2719584558876597,0.15422528566940005,0.1250568773964609,0.27371694833851673,0.12293498605343367,0.09519413089017272,0.5726495726495726,186.66466950851628,1.0
-12.231364,39,109.863852,0.2739003270690342,0.16696804640264865,0.1054222502720603,0.28114999380232913,0.12936709891672227,0.07989063671640619,0.5683760683760684,178.62722758350478,1.0
-10.028569,44,110.017412,0.2739880029633619,0.10864705803311099,0.14981060434753793,0.2971540876313847,-0.06828571132733897,0.1074947838051704,0.568181818181818,165.18548511148873,1.0
-14.258442,43,110.176513,0.2802677576590078,0.18787726849094183,0.108011154415926,0.25551648448496006,0.14154772385262437,0.0860163274372936,0.5600775193798448,186.98006387494885,1.0
-11.65982,39,110.311945,0.26559603146434446,0.13322148572285603,0.10235649981499097,0.29751445682441957,0.10369008877653335,0.07409795415203159,0.5576923076923076,186.21577010050575,1.0
-9.600087,42,110.468644,0.2729102327740217,0.12270847050308485,0.1165497790659152,0.27811542892924,0.09616858485268771,0.08307039214339976,0.5496031746031745,181.75707829735276,1.0
-11.608029,40,110.609538,0.27516743230630053,0.16761600263107287,0.11343783087134411,0.2634762968906682,0.1334717116499887,0.08027201822633931,0.5645833333333332,195.73399554210064,1.0
-26.402474,39,110.744124,0.30335962060093924,0.28698379683698516,0.13548885045975545,0.22531920313441609,0.2166282046122057,0.12131107990204888,0.5619658119658121,177.54975624817286,1.0
-7.21786,47,110.915874,0.2860420887482693,0.04358831454635048,0.1291970631518224,0.25371996817917014,0.03805452529069143,0.0927631611630922,0.5514184397163118,188.06487968516282,1.0
-5.979612,44,111.07493,0.27638317854521466,0.031486502399701195,0.11578271368854483,0.2820990980813071,0.021402693720530584,0.08373094160393048,0.5549242424242423,183.12830010130543,1.0
-15.072593,39,111.210658,0.27763794496590644,0.19464343048358873,0.1289141419332996,0.2738293210342597,0.15071493569344255,0.1057758787873395,0.5512820512820513,176.02662075777735,1.0
-6.993324,42,111.36001,0.2691935099081139,0.0645955913630639,0.12238244364838011,0.28760538282538567,0.05431011164643093,0.09669622914051237,0.5496031746031745,187.98032111367047,1.0
-6.033907,48,111.536884,0.2784609034094113,0.03652331538621227,0.12545575344612822,0.2766079747241762,-0.001728303753131261,0.0910925236568727,0.5572916666666664,185.82005949074326,1.0
-13.425826,40,111.672052,0.27478238811202116,0.19667856693079178,0.12962090285979114,0.2669357560008767,0.15176037771649933,0.08846759946862082,0.5562499999999999,189.95824221968678,1.0
-9.096047,47,111.837819,0.28716212933809476,0.08822078981833748,0.10911245500952305,0.2465583893830605,0.07275812583776425,0.0732615713578136,0.5531914893617019,198.56372908047916,1.0
-12.998628,41,111.98209,0.2779042804621096,0.17337796176124162,0.11420264617361629,0.2608654018851733,0.13556030885569603,0.09479212014302936,0.5548780487804877,190.7869122784948,1.0
-10.547507,40,112.1227,0.27121446552854644,0.1170039636309006,0.14938228537290948,0.2864325867149077,0.09487868522509951,0.11309658748994748,0.5479166666666665,182.73113802735912,1.0
-11.24135,41,112.260245,0.2776094854576686,0.1426964300959973,0.09305885872844202,0.26106294805672503,0.11355301726972455,0.0663730374615067,0.548780487804878,184.74673848832762,1.0
-7.580885,46,112.425326,0.2812953738221854,0.08543011814039526,0.10788498891858686,0.2679048677641653,0.06971666337392429,0.07210362172577564,0.5525362318840579,192.9908263094659,1.0
-15.947881,44,112.573695,0.28604757436879547,0.19841463046015664,0.10980976241378436,0.24916957953009342,0.14925250923369582,0.0754033273787868,0.543560606060606,192.21805716604547,1.0
-6.993649,45,112.735003,0.27420190377189296,0.04251176050096844,0.13541790182065788,0.28893936998030806,-0.005211900555851411,0.0922868233714703,0.5685185185185183,189.39924222911966,1.0
-6.517192,45,112.89378,0.27541068050688083,0.04658188677308502,0.14253947042662515,0.2749873503220068,0.04136005204318536,0.1081354388442447,0.5499999999999998,194.44829421214723,1.0
-7.230665,45,113.049992,0.2750256279918643,0.054121336802808735,0.1173457279231654,0.2780453271464631,0.04562768686672935,0.07568113069121205,0.5518518518518517,191.60343385793098,1.0
-24.086969,38,113.178779,0.2845174444744115,0.2875147804870549,0.1490509934403093,0.24823665396502867,0.21827996857552096,0.12337887782918343,0.5592105263157893,180.88054665035736,1.0
-21.418433,41,113.325543,0.2989184552401484,0.2512969285513572,0.10604094426374137,0.22181238505038184,0.18977688468380757,0.08825740718050523,0.5447154471544714,189.08992166186349,1.0
-11.241529,41,113.465187,0.2685541881208164,0.14288621892577455,0.13187491869742132,0.2882793638734049,0.11026274691368305,0.09465750186926693,0.5487804878048781,185.86448266356206,1.0
-6.532454,48,113.638462,0.2867479283149936,0.024416312647203106,0.13463474042660814,0.2705140811243633,0.01639355605198359,0.09416679894928166,0.5538194444444441,183.40668192591193,1.0
-6.524157,41,113.783907,0.2627741656321343,0.030304361583433952,0.1220305447369327,0.30185355594626356,0.015963946569486753,0.0774749747638972,0.5528455284552845,196.20199679970113,1.0
-10.736423,39,113.917253,0.26802857680580316,0.11798962744361678,0.10175792343181016,0.3010544466982895,0.0905252749265722,0.076369577063712,0.5576923076923075,184.42677785469263,1.0
-11.962545,44,114.075037,0.2853298807013392,0.14497012758733013,0.10280307915854475,0.2503432595782376,0.11070109471692523,0.07335549158287094,0.5511363636363634,184.35448406661988,1.0
-12.533973,40,114.226125,0.2685035687878175,0.16502800807785542,0.13702661665269755,0.28685227563747284,0.12762843356657225,0.10724500197830127,0.5479166666666666,184.54290271158158,1.0
-15.841695,40,114.36636,0.28062122586083366,0.20015535802863632,0.10126010115931348,0.2558094600433078,0.1539444968192417,0.08545739668699981,0.5479166666666666,185.7074306018786,1.0
-11.990703,46,114.521845,0.2890781714774598,0.14121897411261045,0.12966048370952774,0.24488043303273968,0.10993086943692303,0.09796764186244283,0.5344202898550724,194.69131084533848,1.0
-9.084761,49,114.701668,0.2857979336069549,0.11270961929512432,0.10849189883117798,0.252392589457957,0.08843294060638238,0.08280743701771644,0.542517006802721,199.34050955964335,1.0
-6.827491,44,114.8615,0.2714369140852554,0.041222988234882955,0.10116242836217577,0.28995994303850475,0.03442720561103508,0.06951780205173799,0.5378787878787877,191.08444425312211,1.0
-8.563329,46,115.026413,0.28386750602614963,0.10528239106613912,0.08713224779535238,0.25987427969778876,0.08486975285038997,0.053193995829840086,0.5615942028985506,194.54837249687182,1.0
-19.092328,43,115.190095,0.29565425484099234,0.23576847240735152,0.1246112398069357,0.22635445541712085,0.17470780292018692,0.09850911226818607,0.5484496124031005,184.55572535835086,1.0
-5.964476,44,115.346911,0.27379664701000317,0.03313210196503053,0.10898454495394602,0.2885908089497964,0.02777786481243638,0.07152535193818915,0.5435606060606061,190.6959384052723,1.0
-6.165119,44,115.505925,0.2725308950657159,0.027770976969722957,0.1254573137437284,0.29299050840148433,0.023267818271053554,0.09767513448865574,0.5416666666666665,178.83374235980466,1.0
-10.774347,47,115.668411,0.28218282802581107,0.13324291389248488,0.15036984733494668,0.2669494021032677,-0.0776330765822062,0.10712411306317961,0.526595744680851,176.8362897810727,1.0
-10.874558,47,115.835258,0.28710887237898264,0.13439973640049474,0.10400457630490612,0.2506310703626387,0.10296942420400321,0.06218397031007937,0.5390070921985813,197.8486047387908,1.0
-7.18728,50,116.014543,0.2875921109101665,0.03680790410106283,0.12442278075412817,0.2624581687783773,-0.007185721693703573,0.08390256180522732,0.5383333333333332,186.45219359441384,1.0
-14.050071,48,116.183761,0.29011135584611825,0.18793931235102002,0.11571698073429913,0.23507774500472067,0.13775190618929925,0.08143061273588602,0.5243055555555555,200.9489701222391,1.0
-5.979876,51,116.362596,0.2872745835479548,0.03408149354933893,0.11160173944758148,0.25325240523033415,0.030154539658089927,0.08442140998382136,0.5212418300653593,197.31012324800614,1.0
-9.316315,46,116.540236,0.2790674843419119,0.11084905400498636,0.14316451503216146,0.26662742379745386,0.08656722221450681,0.11043023892608328,0.5217391304347826,192.3443507143116,1.0
-8.372525,49,116.71255,0.2877151504852207,0.108293378950356,0.1140406032906039,0.24917046318372202,0.08481439975910342,0.07442446922097301,0.5187074829931974,197.45966742767766,1.0
-6.475675,50,116.932258,0.2857739932334509,0.07468183550950706,0.12361730792442735,0.25844569512767707,0.056964936361094703,0.07630418034598647,0.5266666666666666,190.30725771629722,1.0
-6.08749,45,117.174728,0.27128476898094667,0.030764090359076145,0.11272141610308223,0.280231840230344,-0.0020867883756576404,0.07897264256838533,0.5129629629629631,186.78170985496766,1.0
-6.060146,47,117.354261,0.2782919830819367,0.05252849416040703,0.11022316715454594,0.26841986684673497,0.044677291514384626,0.06959957788395287,0.5177304964539006,194.41485626222783,1.0
-10.750526,44,117.527378,0.28221681648639274,0.14489063992132215,0.12754801763011728,0.259444320729201,0.1090922562025508,0.09087369134717409,0.5208333333333334,185.21034925241307,1.0
-13.594683,50,117.700987,0.2937548601386791,0.16248254876891585,0.12819349057971363,0.24450431944898227,-0.09275099609828029,0.08963854376693245,0.5133333333333332,181.16413655307784,1.0
-15.554623,49,117.869439,0.28680847268819903,0.18869920942028306,0.13427710279289093,0.2502555326184134,-0.11588566692444396,0.11233366519275663,0.5119047619047619,175.5346337822357,1.0
-13.121877,52,118.049987,0.30952421457302803,0.14137449543015382,0.10752458902207972,0.2083718356372254,0.1072147053845433,0.06386750772585464,0.5256410256410254,206.3821054102884,1.0
-6.527849,44,118.201872,0.2742594348991816,0.024039668202877704,0.11709357009371776,0.27919646080477,0.018197049902685423,0.07698936833101994,0.5056818181818182,191.47259820621213,1.0
-10.935704,43,118.355536,0.27749897634763815,0.15329044080907825,0.12179530539452736,0.2656001662803462,0.11971124779117477,0.06194575973551574,0.5232558139534884,194.4101618797653,1.0
-7.266973,51,118.538716,0.292201740657619,0.047237748506262,0.09549236223920837,0.2463917917038223,0.04145157596981422,0.0627569649296823,0.5261437908496732,203.26075143728497,1.0
-9.376998,46,118.697071,0.28051550250345525,0.10228880168080386,0.10876970642203274,0.26376001362535073,0.08088674777864116,0.06733026560319635,0.5199275362318839,201.94361907647888,1.0
-5.241247,45,118.868406,0.27680708816139815,0.0270170046301799,0.12405543441175837,0.2758110416130907,0.01888664806967318,0.09339959442114068,0.5277777777777777,186.19643882061055,1.0
-12.137779,49,119.041771,0.29365737953488935,0.1462933677780364,0.10611258267047412,0.23433741589448154,0.11254155579800237,0.08107864185318782,0.5391156462585033,205.63643408464804,1.0
-16.963422,47,119.207236,0.2986546982294455,0.20730413724119204,0.09443420908928693,0.22305236997372757,0.1538338502834536,0.07470628623262966,0.5283687943262411,200.6100015401023,1.0
-21.865192,44,119.367919,0.30709699379363053,0.2541759873372011,0.11418984769716842,0.21198894084678088,0.18732623450748945,0.0931460639015841,0.5303030303030302,189.52804581340058,1.0
-16.795875,48,119.529721,0.30741617801791776,0.18077477261399424,0.09988718432699198,0.2130550132847996,0.1336161375060358,0.0796845341399612,0.5208333333333333,198.31581239022464,1.0
-7.469933,50,119.702694,0.28744339723236056,0.05574629550462301,0.11696121839119876,0.24795034098706964,0.04789414942441738,0.08522197128604087,0.5299999999999998,198.8156929049735,1.0
-27.878211,48,119.883651,0.3139093557822835,0.2817331179892417,0.1398393115882163,0.20668503830344606,-0.18378807170583156,0.12543700822513387,0.5503472222222221,153.33511017548983,1.0
-7.855529,54,120.069107,0.2984894752322025,0.021977094817777855,0.10727221279426181,0.24662834137450013,0.007705635890096969,0.06854366356453752,0.5293209876543208,194.85172722007698,1.0
-13.208692,56,120.2693,0.30699936736152594,0.13962376382496525,0.11539968157287428,0.22768875302028738,-0.07432280749404808,0.08833031535562005,0.5401785714285712,184.17101112716122,1.0
-22.426849,49,120.438005,0.3166226401436976,0.23861174367932228,0.1079630646993745,0.19981895343401537,0.16979514120369882,0.0938328143421598,0.530612244897959,184.31007462125413,1.0
-10.73888,44,120.584878,0.2817890236931437,0.13550209875060282,0.11043632710783059,0.26822090019351347,-0.08744292608002927,0.0825873600767591,0.5321969696969696,175.94351599161433,1.0
-7.352976,53,120.771814,0.29486946631244615,0.02119797151261051,0.12109875027438746,0.24476688687119838,0.01426584403078068,0.08786651815716992,0.5408805031446539,198.47818504087087,1.0
-13.008917,52,120.950053,0.297250678290248,0.14921373472152852,0.1141278188737166,0.23991794654282156,-0.08386881603240713,0.09476528376628275,0.5336538461538459,187.20434751189921,1.0
-6.218625,48,121.123548,0.28042239410677183,0.06438510270187157,0.13293740856401814,0.2755711798027686,-0.026472199441852282,0.10081289352486134,0.5381944444444443,189.30315380761965,1.0
-13.762522,53,121.301941,0.30308142573360713,0.17180245368005928,0.15112403056758353,0.22921561303102717,-0.09590877145008925,0.12370437786817126,0.5251572327044024,170.85688898212908,1.0
-4.625831,57,121.503826,0.30428062328264455,0.03225700905459414,0.11833469254523547,0.22518459846280037,0.02890651116375148,0.08624934249466228,0.5409356725146197,202.42500128576987,1.0
-18.450129,63,121.72864,0.3277511015320338,0.17562734372071623,0.11577961444818759,0.1957184165642829,-0.09035661635813357,0.0902344806503942,0.5330687830687829,181.72547257668015,1.0
-19.923459,55,121.917183,0.33214676522784287,0.2057492118209461,0.10059265413779431,0.17956289761474697,0.1444013334364723,0.07969813400517564,0.5454545454545452,200.33323841267827,1.0
-5.801898,61,122.135109,0.3102517607444358,0.039464734483103364,0.11018160794229137,0.22128525251482975,-0.004019726048533777,0.08074338353263738,0.5409836065573768,203.74219551849913,1.0
-7.887428,60,122.336783,0.31066322387040934,0.06364391864072218,0.11164286733002776,0.22265347044462172,-0.022027740395862798,0.08622346119162372,0.5458333333333332,189.32922750809547,1.0
-28.137084,54,122.532055,0.3231101886245701,0.2634470840172506,0.1312449767544922,0.19381789107513006,-0.15833632641393494,0.11379390491254217,0.5432098765432096,170.0870859738096,1.0
-8.126016,59,122.732685,0.3106165741803727,0.07650521779967702,0.11950877573047317,0.21885719864980555,0.059412392528505005,0.08235341352970961,0.5564971751412428,197.20931188683434,1.0
-6.34265,53,122.928768,0.2917312028516038,0.032207126818075256,0.12041340825550569,0.2500462677444788,0.029650461547515734,0.08895783526088986,0.5408805031446539,203.23777821692846,1.0
-7.08925,60,123.135755,0.30995229745787817,0.04774656919159038,0.12533450061561108,0.22194438586908874,0.04136170455849017,0.0898975788499841,0.5416666666666664,197.98844364174292,1.0
-31.015194,53,123.327565,0.35433616026525083,0.26873843044686135,0.09046594740409065,0.15083450492578818,0.18293196188689004,0.0755240942816909,0.5408805031446539,196.64533260011606,1.0
-8.990818,56,123.534035,0.3037869204920743,0.1039492245583646,0.11850380881449406,0.23299780176369264,-0.048793181247932284,0.08751904199465237,0.5595238095238093,191.19050347572616,1.0
-11.541028,55,123.738987,0.2995081132004432,0.14194628692831718,0.12918063819658573,0.23977138134891723,-0.07549816521705537,0.08653815493233946,0.5499999999999998,188.75859098920512,1.0
-30.472997,56,123.953167,0.34989219727572074,0.25822459055057406,0.09630762456622836,0.15663897899784782,0.1716160730484957,0.08075173789921024,0.5565476190476187,193.9381193328223,1.0
-26.167828,53,124.136945,0.33046616028054493,0.24903130379472035,0.11582396126759249,0.18020548855547855,0.17243282524909367,0.09524040975440039,0.5503144654088048,201.1518251361205,1.0
-33.014482,55,124.342914,0.3581902503304973,0.2767457698319195,0.08399442767601062,0.1469644959993452,0.18675335429597426,0.06969648657336298,0.5409090909090908,185.92467904746397,1.0
-13.088581,61,124.554391,0.31744337616431806,0.13285767375394003,0.11271941884030291,0.2104484145804475,-0.06423489707123346,0.08612129624083767,0.5409836065573768,181.252879670483,1.0
-9.253501,52,124.75558,0.2978459815446071,0.09526032113669353,0.10728829153816664,0.24273869385744054,-0.047087651014786076,0.08701845696197823,0.5480769230769229,182.90640156910266,1.0
-6.294404,56,124.956729,0.29942864152857135,0.03131712817715408,0.10540758101759506,0.24104650323593693,0.02828448267010687,0.08015420181648183,0.5505952380952379,197.33627813436996,1.0
-14.355232,53,125.151344,0.31271116536706167,0.16565068723985635,0.11148354436231465,0.2082056989829357,0.11661601592020708,0.08364278673248517,0.5424528301886791,194.98781325518217,1.0
-8.970854,54,125.351769,0.2997234392287918,0.09277454964668944,0.12586722521475485,0.23808336445118367,0.07268732869351117,0.09893015085016375,0.5462962962962961,188.7194498588569,1.0
-6.940605,48,125.519726,0.28247452188295274,0.06634091318675307,0.12233614208695978,0.2681801228378568,-0.024784550597115863,0.08854040581629309,0.5486111111111109,180.92219229884782,1.0
-18.153705,51,125.711861,0.31049107055402614,0.20838293985185835,0.12736269150772422,0.20949542736649082,0.14757644072987416,0.10431262877942415,0.5506535947712417,188.23076584264555,1.0
-18.042354,46,125.874418,0.2942535125226758,0.2148964005793834,0.12875567136188737,0.2413614664177317,-0.1379644138312288,0.10847276723686625,0.5507246376811592,162.96406310160052,1.0
-10.14311,44,126.024782,0.2792203699933085,0.13013002594699907,0.1442067103269773,0.2677060626393009,0.10258053986655771,0.1079930649078202,0.5454545454545453,190.48476381773742,1.0
-4.968202,49,126.202106,0.2826287802527937,0.059989003248934344,0.13235132203216435,0.2631877988790416,-0.018996162016489026,0.08698988087776378,0.5646258503401359,200.46107245198118,1.0
-9.497433,51,126.375582,0.29573403840229956,0.09708919923670938,0.12279520364056931,0.24493975198660345,-0.04630806689811215,0.09396944014547266,0.5555555555555554,185.3541568185087,1.0
-15.115485,49,126.544835,0.2905948074500179,0.18794599966078382,0.1354006983505431,0.24798619156023002,-0.11397470435843746,0.11239523014340622,0.5510204081632651,170.27963640742894,1.0
-5.135095,50,126.727435,0.2856636157035435,0.046400480111496084,0.12855551523751285,0.25997724759328356,-0.01605216256506153,0.09793366658075228,0.5633333333333332,186.12059484480406,1.0
-14.986276,43,126.878888,0.29268734001631125,0.20141317777314002,0.13599329428753182,0.23781312680624617,0.1519796418403664,0.10244481622374611,0.5503875968992248,186.65306820383395,1.0
-6.723628,49,127.060931,0.28757197256616795,0.05566298693223401,0.12412115142837611,0.2537927455411081,0.04880508978434825,0.08938604620812612,0.5442176870748298,203.43054864698743,1.0
-19.357193,43,127.220247,0.2885638237581679,0.23561329484587099,0.1204918443799715,0.24054550017321752,0.1750155347778362,0.10098705774097891,0.5484496124031006,186.7065531151222,1.0
-5.714326,48,127.391438,0.2771077092460858,0.04547909222914937,0.13881756683270224,0.26757578781486885,-0.007617080990572847,0.10480815018690931,0.5520833333333331,199.84881400503772,1.0
