#{"t_start": 1785488350.6845613, "env_id": "Go2Locomotion-v0"}
r,l,t,episode_vx_rmse,episode_vy_rmse,episode_yaw_rmse,episode_mean_vx,episode_mean_vy,episode_mean_yaw_rate,episode_action_saturation,episode_torque_sq,termination_code
-422.398792,1000,11.335762,0.500995524898718,0.0176743939358892,0.08269683250628347,-0.00033573559246313593,-0.0009162263412458225,-0.0005342163054693369,0.0,171.30595686437445,0.0
-411.419343,1000,15.003915,0.4998351934454311,0.02037494467395109,0.07303066238395828,0.000830388317902333,5.2440012800991955e-05,0.0014942612489099987,0.0,155.5128040688462,0.0
-381.24187,1000,18.52793,0.49600225923104296,0.019177427418908915,0.07084741073339212,0.004530340233949478,0.00010901156346797648,0.0013439041088992405,0.0,154.62485419216466,0.0
-160.790756,455,20.137236,0.47559413432340625,0.02203718388427258,0.06285479815463302,0.02639278462176281,-0.002257982494938109,-0.0044455621931001514,0.0012820512820512818,175.15335921001167,1.0
-87.831958,275,21.127228,0.46183218045349644,0.016310865556995575,0.0657420164474141,0.042278551772473555,-0.0035655899013669837,-0.005643212802639335,0.002121212121212121,182.45006790448912,1.0
-41.260994,141,21.623658,0.4280087837929898,0.027079009835852784,0.08831292557421683,0.07658015578964622,-0.012512703711521597,-0.010342054757983733,0.0017730496453900709,197.22485464233182,1.0
-57.681718,176,22.242341,0.44443606535876923,0.030645620230722946,0.066773363119614,0.0593691973000467,-0.021899447301910267,-0.003541606751985883,0.004261363636363636,190.30850720649866,1.0
-29.463765,111,22.644701,0.4139558636635807,0.01796918146435658,0.07467314013565338,0.09163211061916822,-0.007529409891619876,-0.010560621297053981,0.009009009009009009,192.43973746144604,1.0
-26.612333,99,23.003656,0.3985655127016524,0.017602426595943983,0.06814163305038888,0.10758622969644968,-0.005605293898189167,-0.017179632440073873,0.00505050505050505,197.6285933874607,1.0
-18.192387,81,23.28574,0.3833710291785493,0.01547360682363137,0.08269171124753792,0.12286495704728652,-0.007425604270419651,-0.027389078096417278,0.008230452674897118,203.39495875257575,1.0
-43.540076,155,23.843695,0.4317328953161457,0.031769650273312945,0.07835052213432132,0.07332264476827599,-0.026003963035867588,-0.019658923610621312,0.010215053763440857,200.33779617950933,1.0
-27.187506,101,24.205147,0.4024859873952215,0.0329750086534032,0.08618220875896246,0.10372757623622385,-0.02890179602472316,-0.02046123660567303,0.007425742574257425,197.106029572432,1.0
-20.081859,78,24.497824,0.3756979498663322,0.026913386896183448,0.09892914854480922,0.1304134235355917,-0.006516458900331803,-0.02114204397350997,0.014957264957264956,198.51680757350968,1.0
-14.389489,74,24.763966,0.35710366104140634,0.03911840457358654,0.07310886355969058,0.1519793631436688,-0.026875996163121696,-0.03759958804098571,0.018018018018018014,191.3049456217524,1.0
-19.357351,81,25.048466,0.37950728965753433,0.02832774935852718,0.1006287466146783,0.1269482776509544,-0.024399056808331352,-0.05478666779374408,0.014403292181069957,194.6836835270965,1.0
-17.166393,71,25.304102,0.3650170873892177,0.02552179490588094,0.10176595321023006,0.1433229454483626,-0.020289470969542808,-0.026479010033193206,0.016431924882629106,204.89852485944851,1.0
-13.668086,61,25.517243,0.33701646711833533,0.0237427868480307,0.10786025204381036,0.17423265194890925,-0.01840399035479193,-0.04872690165162498,0.027322404371584695,197.07432121804754,1.0
-16.715377,63,25.755111,0.3474449476259767,0.07025990833987503,0.07820643091309692,0.16120022192163969,-0.058541854454532735,-0.025397285584917304,0.021164021164021163,192.14750573979626,1.0
-13.18608,59,25.965013,0.3356272751511947,0.024769831820585106,0.1065646131169124,0.17464942766214722,-0.01925410973087739,-0.0434261678111616,0.021186440677966097,188.67028796259723,1.0
-17.32763,75,26.243605,0.3634138372625699,0.03942023860090885,0.07418309283797697,0.14426607529070265,-0.03580580892836021,-0.03332328524305547,0.03222222222222222,195.29361812072733,1.0
-11.667233,58,26.447908,0.32966138925572697,0.020719295496011068,0.11209996197633298,0.18114848353244203,-0.005679790202624639,-0.055503083282102156,0.03735632183908045,194.0298447428496,1.0
-17.484358,66,26.692012,0.35441873887668673,0.07680950189775974,0.09820471655478202,0.15359358164445724,-0.06535756214528798,-0.030126332682449155,0.03787878787878788,188.30465200095028,1.0
-13.506763,55,26.929806,0.32252404411468893,0.05995582205793021,0.1216970640918467,0.1907335746487363,-0.04600198919078047,-0.05368250749833414,0.03484848484848484,192.43861631101578,1.0
-16.217501,67,27.287354,0.3510472206139964,0.03573653551672356,0.10019600007328242,0.15872870593283722,-0.0312515773431533,-0.05646657378388819,0.027363184079601983,195.04664491582378,1.0
-20.236191,66,27.52749,0.36142719258954376,0.08215418128559379,0.11863762865575014,0.14576459377493411,-0.07321187100776164,-0.033510295930763115,0.032828282828282825,199.7094436619588,1.0
-12.296616,54,27.759043,0.3189191822225101,0.02372614244322407,0.11575738277993461,0.19436523210838227,0.009459600576030442,-0.06160164134554494,0.02777777777777777,195.3728930627353,1.0
-16.672161,62,27.978534,0.3494330183448267,0.07051611792276101,0.07282349366459528,0.15887073110101646,-0.05731254150763921,-0.030152505243966555,0.0336021505376344,195.39323207485762,1.0
-11.613011,58,28.209168,0.3252464173217386,0.019790488007345963,0.11991287083945422,0.1886863784976674,-0.00367844458450306,-0.050882283923342195,0.03304597701149425,196.694244719909,1.0
-13.039253,50,28.384079,0.3205079615325173,0.03826468638843248,0.11224695089644635,0.19232829612457394,-0.03394673843021576,-0.07153876617980355,0.04166666666666666,184.93032697004372,1.0
-11.018381,51,28.562506,0.3082260877655271,0.01898771522290242,0.14178824821755967,0.20861777333766607,-0.016301607476390926,-0.07235977904688759,0.027777777777777776,198.94149482741958,1.0
-15.028857,64,28.835356,0.3476236965053595,0.030339069515314752,0.11510694887581978,0.1617257370578503,-0.02553478153247322,-0.040998313079221436,0.03385416666666666,200.68249851345607,1.0
-13.874273,56,29.027501,0.3326012831003067,0.08723909071965776,0.08671172726493914,0.177717589814468,-0.06813635511238834,-0.05193240042326169,0.03422619047619046,188.3870409094713,1.0
-12.790411,54,29.243486,0.3184614972563413,0.038490536465038576,0.09926462287787344,0.1952845081128095,-0.03177311051417097,-0.07723046448658899,0.03549382716049382,194.43900965239496,1.0
-16.100193,62,29.457759,0.34658410148752306,0.06059300010834376,0.09716043900624038,0.1620413825068285,-0.051123681503022496,-0.03530613851856682,0.03494623655913978,197.199383507149,1.0
-14.863052,60,29.672199,0.33994800519004736,0.055199044081725684,0.11960494647267596,0.1690514088028397,-0.045361005052059616,-0.03162287878024207,0.027777777777777773,192.58739543522609,1.0
-12.265549,52,29.858103,0.32165090425687765,0.033278845055302805,0.11272454777313441,0.19127237258204605,-0.026492483368116566,-0.05039329776004394,0.03205128205128204,187.8002138146007,1.0
-16.861881,63,30.110596,0.34925282315863376,0.055826876596966904,0.08561975566850405,0.15946643931837165,-0.05007178623478939,-0.04164987338611875,0.04629629629629629,194.94810575553484,1.0
-13.27357,59,30.323008,0.3351508045059203,0.06255040337838465,0.08274441618110122,0.17623479454963384,-0.04648372336721456,-0.050654630412837874,0.03389830508474575,193.33223547527092,1.0
-12.249631,54,30.523314,0.3225913294053591,0.02161770024511137,0.0891952601085512,0.19077237556160284,-0.017853823578198248,-0.03495963501273052,0.046296296296296294,186.9734341001718,1.0
-10.895903,49,30.701908,0.30669262241087647,0.027367175095973625,0.1268563124756898,0.20966142627573742,-0.022367087478908705,-0.07699514742744511,0.054421768707483,179.85286336377106,1.0
-18.28481,64,30.932793,0.3586738088213429,0.07978930432063538,0.09990785571557874,0.1486807286371619,-0.0687013039832181,-0.013827963117426416,0.03255208333333332,196.0454778277255,1.0
-12.140974,57,31.143648,0.3316081047269768,0.020830195231989524,0.13967267581992918,0.18045829130237048,-0.007345665916567928,-0.08627712822929827,0.04239766081871345,190.99885836322179,1.0
-12.344668,58,31.352094,0.3329424421828462,0.03588294675611613,0.11125744680946985,0.1784351461502273,-0.02911610214588524,-0.043578051492184945,0.038793103448275856,193.40136735574845,1.0
-15.391466,67,31.59641,0.3583920863925166,0.02702313328712688,0.1220222580623777,0.15014750362691306,-0.02167395014040422,-0.07499988091636031,0.042288557213930336,193.2165847901003,1.0
-11.922394,51,31.770071,0.3153300278143273,0.024058660664193016,0.11907129764903247,0.19847738392906566,-0.01903525510768652,-0.04312259547495771,0.04248366013071895,190.95943838576585,1.0
-13.012841,50,31.967224,0.3142314451082322,0.028546434053903273,0.0868297470314115,0.1987037667236587,-0.02375258038594081,-0.04464460765300623,0.04833333333333333,187.34924993862762,1.0
-9.886716,50,32.143282,0.308998025652807,0.02359588747727466,0.08834144016132216,0.20546688229264146,-0.01977463026316327,-0.034024472077364566,0.04666666666666666,187.75795498552216,1.0
-10.138053,48,32.309924,0.29904524345563827,0.020330314799459247,0.13359156060438637,0.21946656415493096,-0.00966788301353783,-0.07628010825675759,0.039930555555555546,191.13412820163353,1.0
-12.214032,51,32.499348,0.31733644924271065,0.060767640317014315,0.13531013564530797,0.19628562433536875,-0.052226970842778296,-0.08303545825610052,0.035947712418300644,187.94282232423384,1.0
-11.554682,47,32.676705,0.30598758157560446,0.04857817446722811,0.09242116555849011,0.20931451916768226,-0.04257560395009446,-0.05280028211314026,0.0425531914893617,190.00301196968053,1.0
-12.829084,46,32.851936,0.30274810639101724,0.07024606877848236,0.0960911940641497,0.21648413728143048,-0.05278418699592197,-0.0373116874025705,0.05253623188405796,185.20306287177806,1.0
-10.669221,54,33.054381,0.31608216127423217,0.05588809495847307,0.09850122478699792,0.19781289819722567,-0.04295094250856674,-0.026116534888623737,0.04320987654320988,189.8616321954619,1.0
-11.691732,55,33.258491,0.3233873375787927,0.05845909173642821,0.11385104900682656,0.18818814222734345,-0.05289963349321528,-0.060618794364827366,0.04242424242424243,186.18225806922405,1.0
-12.563107,52,33.452001,0.32024010837040445,0.056159645469102175,0.10394649141857419,0.19230080090858598,-0.045659078811215004,-0.05695990191561099,0.04326923076923077,187.4998688739787,1.0
-10.031966,51,33.629541,0.3188298663397309,0.02574478820385672,0.12514650492993387,0.19358948067450332,-0.017869314881615667,-0.06553353959256547,0.03267973856209149,184.3036830938958,1.0
-12.973901,54,33.842843,0.3264299751247292,0.06914572850513678,0.08727907586737968,0.18549563072644035,-0.05656714003557454,-0.03279041477440004,0.03703703703703703,182.33498789853383,1.0
-11.126069,44,34.007645,0.29358714495818966,0.03241860077922768,0.09620580248371269,0.2274522292518573,-0.028223912030215372,-0.04112152808989181,0.04166666666666666,188.3713395632108,1.0
-10.472343,47,34.179625,0.3181530233129968,0.05046068367927116,0.11107255321056438,0.19518997623643977,-0.042756259089576,-0.05872495334796399,0.021276595744680857,187.58547529525836,1.0
-9.984994,50,34.367299,0.30965143100633685,0.03917589204689995,0.11790766648679268,0.20489771400258455,-0.03603992449337508,-0.05112268729985612,0.03666666666666665,185.713395462521,1.0
-12.651345,53,34.55606,0.3223245406030042,0.09158514710405799,0.10702884622296298,0.18973715604968608,-0.0740408661253726,-0.03933974179895668,0.028301886792452827,193.2064560940467,1.0
-15.893722,59,34.767996,0.34493103893382226,0.06499738008202191,0.11868954756729486,0.16346928435348337,-0.05692027481266747,-0.047499406490532955,0.022598870056497175,192.53881785067702,1.0
-11.990952,44,34.939478,0.2951352834390809,0.06890875649657097,0.15043844607259307,0.22447079210206872,-0.04990503866949638,-0.11929755484227118,0.06250000000000001,190.01821067104527,1.0
-11.535774,49,35.11016,0.31182243028267803,0.04963759750629138,0.10991114932129695,0.20316997689501567,-0.03828485570206022,-0.06330649527572235,0.05782312925170069,181.80191033328543,1.0
-11.639417,42,35.263378,0.2932150449393603,0.06602589281875425,0.14811897393971052,0.22968507424576826,-0.05527747591780759,-0.07708755541894838,0.0476190476190476,176.00755533732504,1.0
-13.406107,53,35.447762,0.32699501719494634,0.06333405072889468,0.10985646042195263,0.18337728328669617,-0.057150525512166414,-0.05524701702480675,0.042452830188679236,187.67556897772656,1.0
-11.634888,46,35.606594,0.30002057138078914,0.06669417695315905,0.12674728192604548,0.21880055328647904,-0.05603599573457389,-0.08636518099723627,0.054347826086956534,179.68519745619272,1.0
-12.291922,49,35.785773,0.3143865459453429,0.09546228285143853,0.15004568797553774,0.1993990898977953,-0.08192792153210857,-0.055254427997457174,0.03231292517006802,183.39501121833632,1.0
-12.563448,43,35.942526,0.29571965440898546,0.07650917812789092,0.10439774423959321,0.2235043244962241,-0.06613665546487059,-0.0771155306217913,0.02906976744186046,189.09033687250124,1.0
-13.092373,48,36.109393,0.3108254632871673,0.097842039809052,0.123427115498153,0.20247553295541484,-0.08589837731061041,-0.04481304360906404,0.0329861111111111,189.45356251661804,1.0
-11.873511,45,36.271797,0.29827257227251625,0.07450038505963871,0.11946140559710408,0.22122220847437113,-0.06319542964233983,-0.0777260097544347,0.016666666666666666,182.1386157390827,1.0
-12.409152,50,36.445018,0.31245773534096316,0.07630898418135,0.11639315873668882,0.201154099401435,-0.06545083116871876,-0.029320215560249493,0.04333333333333333,186.04556585108276,1.0
-11.613224,45,36.608146,0.3013356940705441,0.07306226767997241,0.10161417644961925,0.2196226379094319,-0.056857595117397235,-0.04292092489726982,0.033333333333333326,173.72759943314838,1.0
-12.0076,47,36.772548,0.31307144437045387,0.07501238637561938,0.07674945410229816,0.20014978364394773,-0.0634403156853383,-0.023903875611055968,0.03723404255319148,177.97111720982184,1.0
-12.932234,46,36.942044,0.2997356242129077,0.11794346732400965,0.10864045355047834,0.21811016589228083,-0.0949651945327726,-0.025077939157250883,0.03623188405797101,185.45516683548956,1.0
-12.315569,44,37.103261,0.3043357139446937,0.07072498106018486,0.10588158065014533,0.21302478255386736,-0.06313775605646631,-0.04301884943641989,0.051136363636363626,183.21465152477762,1.0
-15.212431,42,37.25551,0.3016469946614759,0.12946875475175476,0.14225534723230893,0.2160230618100877,-0.11163303700811475,-0.07119784402855195,0.049603174603174593,180.94815614163707,1.0
-12.055723,45,37.421243,0.29856172219496946,0.07651172484598874,0.13749381989858672,0.21919314108529633,-0.06515013759778197,-0.05814165752424099,0.033333333333333326,181.04096902136047,1.0
-13.053922,43,37.954417,0.30022571238378126,0.07771095568546438,0.11439048234103869,0.21881775405535556,-0.07072754386030135,-0.04294615627102561,0.03294573643410852,185.66537798018783,1.0
-13.882496,42,38.105674,0.3035130107962993,0.10406445757379125,0.07219168764708961,0.21430849578562977,-0.08948434112424805,-0.024912875069793124,0.04365079365079364,182.04310080463551,1.0
-9.723277,44,38.261918,0.2909201033770291,0.07289399836785083,0.13736610653897474,0.23195084860192516,-0.05695664969286363,-0.10327573931903943,0.03598484848484848,183.32786758130106,1.0
-13.981227,43,38.422853,0.3001737923785721,0.15383566334462642,0.13401047333877278,0.21773876421633478,-0.1258992384209032,-0.07205042464567492,0.052325581395348826,178.68830996318474,1.0
-9.340061,42,38.572678,0.2819337272333929,0.05547557439541535,0.13028902500788514,0.24466931702433237,-0.04729720230642321,-0.07262557497770605,0.04761904761904761,178.1979356867393,1.0
-16.019082,43,38.724754,0.3085946529864689,0.14400749113382502,0.09645271947259465,0.20673142669187294,-0.12265697248078201,-0.05221546175563589,0.038759689922480606,184.47234720951644,1.0
-11.568184,48,38.907562,0.30001099378470375,0.07296625691743526,0.14261378150829668,0.21758471552818315,-0.06228676575571145,-0.09471599295259571,0.06770833333333334,191.59569899653013,1.0
-10.885429,39,39.056372,0.2845139781082356,0.0758257959155144,0.14976928886097995,0.2431615550488637,-0.06593135913675754,-0.09523085177934218,0.05555555555555555,175.12357374666627,1.0
-10.657714,45,39.225631,0.29187944872287713,0.042169490186734285,0.17431305174424103,0.22897987753331045,-0.033812845638562905,-0.1261119463196507,0.057407407407407414,193.9961416031485,1.0
-11.212833,42,39.391267,0.29109420135863734,0.056813253088693644,0.10701986777149106,0.23193389374045606,-0.04838432985717467,-0.06327776513641632,0.0654761904761905,181.13319301467,1.0
-8.177731,40,39.535173,0.2757562128101884,0.0374261278097032,0.14510617604626608,0.25561196284875753,-0.03289530106619988,-0.1043994857083074,0.0625,177.6207996330283,1.0
-10.051442,40,39.680396,0.2887612858335317,0.0551178761501952,0.09795817043993502,0.23742102704580956,-0.04155271300478583,-0.06736228394944706,0.054166666666666655,175.6514209849368,1.0
-11.321849,42,39.836586,0.2916211557757349,0.06563485619045152,0.14256068379851375,0.23365302303819713,-0.051371117580641966,-0.09307785775230741,0.0734126984126984,178.79383862043642,1.0
-12.51814,43,39.989519,0.3006157134535727,0.08748884554520017,0.09469963828357351,0.21961751410102512,-0.07322412272109544,-0.06143129780477213,0.07945736434108529,181.6170440140766,1.0
-10.272051,39,40.129166,0.276196513408753,0.014302899165050138,0.18140823267680656,0.2571952070880656,0.0038634407711132454,-0.0961079059611229,0.07264957264957264,177.80541729321615,1.0
-10.971695,41,40.279258,0.28451261954364954,0.07246887339768994,0.09667665706147636,0.24272466681960939,-0.06264116945650344,-0.04594245507357625,0.08536585365853659,184.2957097508386,1.0
-11.702771,37,40.411851,0.27583273944272807,0.027280009752134245,0.15793260113701546,0.2590723199994389,-0.017150028466783748,-0.12821723376534042,0.11486486486486487,181.12381924778958,1.0
-9.914793,38,40.544312,0.2757063841376952,0.06068994124181767,0.10516221004092187,0.25823920853121196,-0.054522751987069136,-0.07582179918067589,0.08552631578947371,178.15494539192778,1.0
-9.895769,39,40.680847,0.274657968182366,0.04862388279916204,0.09279260705502143,0.26095827414652406,-0.038286583733158255,-0.05826867202990861,0.08333333333333334,172.15389931095166,1.0
-10.44321,38,40.817518,0.2716840442674207,0.018093967708774045,0.12330017940784932,0.2684165244091266,-0.008722197871111921,-0.08217883272847028,0.09429824561403512,176.80228216616814,1.0
-9.963054,44,40.984357,0.28470745594202973,0.03432984056093518,0.09797614602863904,0.24494727772828384,-0.03069318344143458,-0.06348790084761478,0.10037878787878786,183.3493175497097,1.0
-9.050803,36,41.118407,0.2670559658272419,0.027119623419351455,0.1308229542936971,0.2836723238965572,-0.01888084998391388,-0.0963015590868833,0.08564814814814813,172.34290734796457,1.0
-10.339181,39,41.266053,0.2762571222797856,0.01766993480947569,0.12005341276104266,0.2594431152982289,-0.010174648238132947,-0.051958787261992205,0.11752136752136749,177.9524525044745,1.0
-7.98062,39,41.403688,0.27115476375576547,0.0428221790179067,0.12276919632452342,0.26778393022392005,-0.03386549442894492,-0.07084063043549763,0.1282051282051282,174.10784747207884,1.0
-10.881786,35,41.527263,0.2629747270481673,0.016723606144503432,0.09913627000336067,0.2889542246671823,-0.0007289816752612655,-0.03782262302625731,0.12142857142857143,176.01444964752625,1.0
-9.394926,36,41.658577,0.2655490623947016,0.01854084898915265,0.12140790823292975,0.28227984238577314,-0.007993277026235769,-0.08893376174512493,0.13657407407407407,171.47696197653212,1.0
-8.622799,38,41.791839,0.2718545741243751,0.021773635141358962,0.10002615374992796,0.2719391487155753,0.016612569225474622,-0.05432711036433005,0.1447368421052632,172.5580579927715,1.0
-8.158264,36,41.923329,0.2617013790617801,0.010850332988632609,0.07993058304828823,0.2966766133579166,-0.0032483442572131325,-0.03447269458907148,0.12962962962962965,175.97875652351328,1.0
-9.317893,37,42.056182,0.26434294159317134,0.015622545531228226,0.15409173965201922,0.2874726927813657,0.010296012237450646,-0.13035691757096907,0.12612612612612614,178.61242295657166,1.0
-10.561209,36,42.190438,0.2664627317808901,0.03469137817343169,0.1019866571653766,0.28076309018854745,-0.029305607364095154,-0.08677482210260097,0.14583333333333337,173.41952062838584,1.0
-10.248767,37,42.332366,0.26182815281270083,0.02180987588091318,0.14587212278742773,0.28748659669100673,-0.013785604822016623,-0.07453245891596169,0.1621621621621622,182.86215179232374,1.0
-9.20328,36,42.468857,0.26644630450383816,0.030898812512308232,0.09972334254401029,0.2765956761080846,-0.023963606866246837,-0.06950675388540922,0.15740740740740747,183.24575774575123,1.0
-9.383438,35,42.598924,0.25829827007655853,0.025891248076317545,0.14872599250657334,0.30111895979496245,-0.019007890595564052,-0.06979476294929851,0.14285714285714282,175.70486988734223,1.0
-10.734831,35,42.722805,0.26437655034616686,0.03485229713259879,0.07606401216462423,0.28693125994044294,-0.026466765423126357,-0.042866861908524,0.1642857142857143,181.85380715625834,1.0
-9.315073,35,42.846862,0.26520524520449257,0.02267862659086708,0.12224996163052951,0.28455359034861305,-0.0020126873037660674,-0.07546614352405547,0.1619047619047619,170.9655089780253,1.0
-9.337055,35,42.970767,0.261879695942096,0.02125330561925755,0.13706996387634163,0.29522428249497007,0.0119692814892666,-0.09784855496699564,0.15714285714285714,173.42767124150865,1.0
-10.240669,31,43.09081,0.2582037271396911,0.013003196751130723,0.14476057499215642,0.3194688199472034,-0.006034108735675797,-0.11480750948534281,0.1827956989247312,171.524341447947,1.0
-7.985744,35,43.21444,0.2596922030411914,0.018009790644061885,0.13103878058286716,0.29717809257259653,0.00011021602143555064,-0.09097860198166714,0.16666666666666666,168.99422239183167,1.0
-10.003355,32,43.326848,0.25739515741773744,0.010410748881432168,0.1459615831756423,0.3157692317818622,-0.0024978771391364514,-0.09935751619857523,0.171875,167.79904814980284,1.0
-10.449315,34,43.449204,0.25839444497324576,0.01630737612456653,0.13813695065095202,0.3035764697285227,0.00012530010926580938,-0.10723605793800434,0.18627450980392157,174.48232806434703,1.0
-10.139445,33,43.577778,0.25782873825979785,0.018673564551782856,0.15818575925308448,0.31328486455511745,-0.008891667633085762,-0.13005659611776788,0.20454545454545453,173.14181790103922,1.0
-9.598723,34,43.701824,0.26226689137632425,0.021797670194014695,0.12397291228332462,0.29905479633508536,0.01212425032750715,-0.09741733769380602,0.19362745098039214,174.16526644030827,1.0
-9.089788,35,43.827149,0.2621140367560922,0.019783743164646542,0.12595853703580429,0.29026327782140576,-0.010034713903610203,-0.07990923551589908,0.17142857142857146,180.48722059493278,1.0
-11.35029,32,43.94059,0.257570910155449,0.025731839472686126,0.1542487416971223,0.31378222784875653,0.011898427831055726,-0.11609776264757297,0.20833333333333337,176.51263036165713,1.0
-10.332074,33,44.063662,0.26111487455086474,0.028176943641554746,0.17281117707506283,0.30464342377822984,0.023324582511134877,-0.12599121157706314,0.20454545454545453,170.00323512781506,1.0
-9.42372,36,44.199,0.2538139150506025,0.04904723261131795,0.14193737130769368,0.30675567752588884,-0.03743866609416809,-0.11242659850881603,0.2152777777777778,185.22806645840495,1.0
-9.991161,33,44.316786,0.2566037409042297,0.03670299151341562,0.16371959683343393,0.3088148846024019,0.02021379724970372,-0.13578559333476045,0.19696969696969696,169.63782742306492,1.0
-10.454043,32,44.438025,0.25775900629346926,0.019260281391779144,0.13941655948120832,0.31472979542698065,-0.007412955367028607,-0.10801732362661284,0.20833333333333334,169.0743067504397,1.0
-10.813585,32,44.560743,0.25366653492304225,0.015743443755968353,0.14510610507755398,0.3282415515938626,-0.006205784331255564,-0.11165380835781838,0.25520833333333326,170.56126122773307,1.0
-10.578956,32,44.67355,0.2591640933170379,0.020672670716972538,0.16764782867298342,0.3086203290231959,-0.018302830262129213,-0.14045749838466318,0.22135416666666666,167.70328937433,1.0
-11.392872,31,44.778563,0.25829616397289645,0.041336261830887386,0.15039030559423855,0.31513946096397594,-0.03664293790955903,-0.12524140010823767,0.22311827956989244,173.7389329986243,1.0
-11.773139,31,44.895149,0.2590592473865605,0.019797534082387044,0.19448404497079505,0.3138950664483728,-0.010076742761794521,-0.13682345158041065,0.22311827956989255,173.34383000315836,1.0
-10.795031,31,45.012254,0.25753414733266533,0.026686159035576265,0.156806996187518,0.3155737994011173,-0.01972064196223557,-0.11308987162202454,0.24193548387096772,164.2778058615475,1.0
-10.685193,33,45.132025,0.2599331688408771,0.01940054005260419,0.16575908305363501,0.2984426616881709,-0.013226188297425744,-0.10303700341945682,0.2373737373737374,173.84651881864886,1.0
-11.205598,31,45.243115,0.2576343387954544,0.03349149273392558,0.1860305437283972,0.3130453821731315,-0.026873759144596717,-0.14157581242397488,0.239247311827957,168.0143993853592,1.0
-9.957447,34,45.364993,0.2574213344240306,0.026988652123536495,0.13364576778554546,0.3034123144201064,-0.021412374540508195,-0.0856313086634836,0.23284313725490197,174.62128268151216,1.0
-9.942366,34,45.496811,0.26067410588223333,0.026070309027751197,0.15919275250517867,0.29452446500568347,-0.013104929382687688,-0.1327475101683458,0.2549019607843137,173.62395948847438,1.0
-11.383811,32,45.614889,0.25927749212202716,0.04468705073193091,0.12436783164923149,0.3070788490032961,-0.03951379658751061,-0.08810655016887078,0.23437500000000003,171.16361455439102,1.0
-10.605439,32,45.728273,0.2575918013318442,0.024820867521616847,0.12996337707317857,0.3094705601932901,-0.01974489022053337,-0.09390309761267157,0.22135416666666669,172.67801177621538,1.0
-11.194072,33,45.845177,0.2584310986608359,0.03882480702425334,0.11748679838689174,0.3016860217358958,-0.034265822755277904,-0.05871539914983627,0.25,175.622743813065,1.0
-10.396377,33,45.973109,0.25401057507098007,0.04876770494237992,0.13897971309382773,0.31347457804662765,-0.04407063705839533,-0.11421978142406389,0.255050505050505,172.1862422239906,1.0
-12.44219,30,46.080722,0.2599102923594486,0.05638894377279638,0.1670198977013389,0.3100485980014111,-0.04990568778328177,-0.1437195448606041,0.2583333333333333,167.92122430260605,1.0
-9.401758,34,46.203587,0.2636591952798012,0.040391801211147445,0.16070218699100108,0.29186090218768723,-0.032574600983312225,-0.08620003211591391,0.25735294117647056,176.21639387929926,1.0
-12.050397,31,46.313736,0.2610344610688856,0.018919875013545254,0.1640520957101531,0.30726787348961165,-0.006649620368034905,-0.11305534744774498,0.2553763440860215,175.30046470500628,1.0
-11.651329,30,46.424623,0.2547406480365929,0.04519055500436581,0.21838342810230776,0.32050127740440987,-0.037478035649095874,-0.17856568989329488,0.24166666666666664,168.60196842864116,1.0
-11.762866,30,46.531864,0.25664418969616626,0.03843277343001907,0.13629215413862958,0.32779299105764764,-0.028289545538264366,-0.09792198036916572,0.23888888888888885,173.29178193907683,1.0
-10.923344,33,46.654539,0.25610525235471465,0.039831175495579914,0.17564464633806787,0.30664563816978424,-0.03068805925879332,-0.13403375325695735,0.26262626262626265,182.2963781615013,1.0
-10.99116,33,46.767279,0.2593015955425666,0.033090326208638055,0.13731396820125738,0.30778484624218433,-0.02910192421970274,-0.09568201547674089,0.26515151515151514,174.7300400627455,1.0
-11.598115,30,46.877894,0.2587672859622054,0.020968591672835494,0.2554438566414725,0.3227626686458777,-0.00016445292315501043,-0.21096644536700418,0.26666666666666666,173.84173643750037,1.0
-9.298533,34,47.002031,0.2545266670925918,0.03827330103277202,0.11587491304916128,0.3037458022317508,-0.03256686288298556,-0.06504833346176157,0.2598039215686274,180.092178963522,1.0
-9.579912,33,47.120065,0.2561628095596992,0.03252188741002747,0.1449658926311085,0.30800662263882544,-0.026768405907916612,-0.09513555519556617,0.25757575757575757,178.19037780699264,1.0
-11.149383,31,47.229359,0.25893419630112885,0.02160444277102535,0.19184867765766067,0.31558570116001905,-0.008340105082284282,-0.1473228627377158,0.2661290322580645,170.24561533752097,1.0
-11.925157,30,47.341156,0.26121557525073863,0.02173224565162946,0.16898161225798317,0.31792263170367857,0.007005819863942513,-0.13509176221894278,0.28055555555555556,167.16272755549,1.0
-11.484835,32,47.453836,0.2547543356317687,0.03379565030799363,0.17675644599232093,0.31069886068879293,-0.02650648053575537,-0.1166071121371723,0.26562499999999994,175.3159387688319,1.0
-11.567888,31,47.564596,0.2579974158798027,0.03824479656500097,0.2081131818547649,0.31284827238515733,-0.02547669176206846,-0.166881496103391,0.2634408602150537,180.7671457338868,1.0
-9.98709,32,47.680663,0.25639817070694937,0.03940964695614325,0.15511838482833104,0.3143034672619414,-0.03334445647911598,-0.09620951459531972,0.27343749999999994,172.81481459265376,1.0
-9.70329,34,47.811095,0.258334252462733,0.027248658113661683,0.11224028665502518,0.3000273437914291,-0.022636665886120014,-0.06254520727086312,0.27205882352941174,180.68289676249077,1.0
-11.380912,32,47.926847,0.25455835100318486,0.02573432356795025,0.1550704993508972,0.3164431894911231,-0.017231708709943498,-0.10971943094100943,0.2890625,177.76979546724533,1.0
-12.017292,30,48.035928,0.2556574233381766,0.02839059016839454,0.15545860630595745,0.33043304435334014,-0.011269786132308638,-0.12307684920074362,0.3111111111111111,167.37680133173555,1.0
-11.099046,31,48.145,0.25183899316675407,0.022451665556180608,0.1514347056310631,0.32758195959815894,-0.011609416571841188,-0.1276064990496058,0.28225806451612906,166.8380371983912,1.0
-12.178397,29,48.250929,0.2619485488046714,0.013428663015382829,0.16389152917620015,0.3257002498120922,0.0016280354982360745,-0.1098947524636551,0.29022988505747127,161.346248538611,1.0
-10.879577,31,48.359507,0.25897028480077894,0.036069894870414045,0.18165310088801065,0.32905304855840406,0.024575537825776605,-0.14773351098747695,0.29569892473118276,174.19172289205,1.0
-9.754135,32,48.474246,0.2564979092140798,0.022829433759235514,0.14138209113692213,0.31480467028961695,-0.011552826181201643,-0.11047314806266519,0.2786458333333333,174.54284755403725,1.0
-10.98283,31,48.585927,0.2619730617611783,0.01609077077928564,0.17936342611932368,0.3058738635789013,-0.0037175979573465827,-0.14639089958023785,0.29838709677419356,167.34943052692873,1.0
-11.604561,29,48.692378,0.2594136635392309,0.020933856186963477,0.16721480807773453,0.329494080773083,-0.000763280085640405,-0.11397458123262319,0.30459770114942525,163.75322793867562,1.0
-10.130233,31,48.802958,0.2574285374317439,0.030458108904418062,0.13520008560099847,0.3182804440741549,-0.026059863851527035,-0.09672715046311228,0.30376344086021506,175.177154620895,1.0
-11.219138,30,48.910727,0.25630751151474507,0.02723694886405779,0.11056704026488695,0.3357168661285596,0.0064995486266081984,-0.07189592629877616,0.31944444444444453,168.80892956150583,1.0
-12.125407,28,49.007287,0.26180592459843977,0.02649377173189352,0.16641189720596508,0.33548379936150763,-0.0012389184382418426,-0.12594114390091501,0.30357142857142855,170.51764063307192,1.0
-10.247132,31,49.132984,0.2587247245584628,0.018650565864977462,0.12318388804991237,0.31833546051407346,-0.011914780217951327,-0.061454484476660465,0.3010752688172043,168.16140143329446,1.0
-11.573457,31,49.245503,0.25536433984172613,0.039056520999997,0.15644227000585184,0.31915683045026355,-0.014446350550694076,-0.04964545378594673,0.3091397849462366,170.18670158852822,1.0
-10.537567,32,49.360359,0.2553627312088055,0.01783647652313016,0.16498143167341753,0.3252277987965521,-0.006970635137518123,-0.1347792989402537,0.32812499999999994,173.66173730987603,1.0
-12.350852,28,49.46666,0.2604976560748432,0.02579388105159466,0.1571197055867032,0.33878810399838893,-0.01745106398323352,-0.10266817075057795,0.3273809523809524,171.5567981432412,1.0
-10.095707,30,49.570926,0.25595464193820266,0.01924607671427423,0.1530903914101363,0.3382963611153075,0.002776782032972333,-0.08947083988455887,0.3111111111111111,176.38485135736886,1.0
-10.516726,30,49.681375,0.25840820089833005,0.02206384099008509,0.15765536365604796,0.31961091007468423,0.0029997326718666215,-0.1153925193298302,0.32500000000000007,172.55009244797066,1.0
-9.550046,31,49.787746,0.25644275479276224,0.01919105927190202,0.1015985566672285,0.3193974750661705,-0.0066797598662087735,-0.06072770156161029,0.33064516129032256,168.22868112434293,1.0
-11.070804,29,49.891785,0.2585856042941089,0.022166381366729042,0.12560052329221366,0.33075040444419035,-0.01429335358376021,-0.05708636362930235,0.3189655172413792,168.12067727188744,1.0
-11.060746,30,50.000315,0.2583946024881531,0.02497668388969448,0.11894958677977852,0.323354678227384,0.008403145770982008,-0.08001917051648784,0.33333333333333337,171.7610302399808,1.0
-11.765515,29,50.106471,0.2585242241671377,0.009797794919436663,0.1500827015768077,0.3342901739364154,-0.0011732925911766916,-0.08109260238002881,0.3275862068965517,166.35117146674165,1.0
-11.264918,30,50.209082,0.25399348228226787,0.03907887092793647,0.12031908893322313,0.3385291202412581,-0.03383569879612048,-0.0945569102446173,0.35555555555555557,172.3532712762521,1.0
-9.889433,32,50.321859,0.25489413785890475,0.028194802649723398,0.10993441539508332,0.32636115748241507,0.015570067935058366,-0.08178241966246719,0.30989583333333337,172.65109127840864,1.0
-11.277657,30,50.436402,0.256306433415618,0.02180553721014621,0.11085559086992976,0.3423684785334637,0.00782349706312452,-0.06257238353653512,0.3333333333333333,174.4559107490987,1.0
-10.7593,29,50.546553,0.25646066085158914,0.017996866183920244,0.1412973068622015,0.3407202090772947,-0.00788373167525367,-0.08467225092822553,0.33045977011494254,173.74098144585886,1.0
-9.254818,32,50.668267,0.2501435645491722,0.034091496056965924,0.1323754703710166,0.33471431608612395,-0.028623163923884403,-0.0668200439899617,0.36718749999999994,177.22918605147117,1.0
-12.303295,28,50.766561,0.260491877634772,0.01918151064269088,0.09318873271568072,0.33857217376525933,0.003785709794465534,-0.06423663311993691,0.3482142857142857,168.27204132485136,1.0
-10.015138,31,50.877538,0.2558985561131831,0.01103671131049914,0.11344317381935994,0.33711225784200644,-0.006937557233349927,-0.009558160920539105,0.33870967741935476,174.3438338609831,1.0
-11.107547,29,50.987441,0.25931881810846896,0.017041444891857223,0.1392568925081598,0.3354203425868652,0.01201641744586557,-0.09465465696328433,0.33333333333333337,167.32587560277665,1.0
-11.075251,29,51.085979,0.2610390370910856,0.014556469859473656,0.15787145401505867,0.32899762917387554,0.008382927985573841,-0.09571383740723295,0.36206896551724144,176.6439903705296,1.0
-11.358384,30,51.189431,0.2621140147556005,0.03926208053275525,0.15379396285646865,0.32546608967404006,0.02890829867949806,-0.11130959863521465,0.3194444444444445,175.2302895506137,1.0
-10.1272,30,51.295768,0.258865635407489,0.01242522108734028,0.10643207972052272,0.32713823642197537,-0.006713861282989688,-0.05254337218680681,0.3361111111111111,172.01603382533418,1.0
-11.38297,31,51.401717,0.25646677608271545,0.021464689997337406,0.11282762282915795,0.33862516665623704,-0.017126631831225227,-0.04799974256313407,0.3306451612903226,178.4407139571909,1.0
-11.481952,30,51.512509,0.2568569756461404,0.022922279119495313,0.11413362930850722,0.3473594882283452,0.0036693899441300913,-0.08715519836985929,0.35833333333333334,170.16973717495978,1.0
-9.161896,30,51.618519,0.2577193727571511,0.021740597271039972,0.10104325776193553,0.3297808634399148,0.011124649399319435,-0.03888211287809746,0.35277777777777786,170.49988182211382,1.0
-11.837502,29,51.72552,0.2584767189913382,0.016562177630955008,0.1372339996519415,0.33087107120271747,-0.008561802502909721,-0.09800802846387376,0.36781609195402293,174.80878993644285,1.0
-11.421663,30,51.833903,0.26019098191818285,0.016474758274240844,0.17955577126106803,0.3267254265230051,0.0068728492706664375,-0.12984251117505083,0.3777777777777779,171.41598493587875,1.0
-11.520674,30,51.947599,0.2582910829399191,0.013658251677770674,0.09083112435378003,0.32753521587720374,0.003144723905119287,-0.031240961038247757,0.3611111111111111,179.43782790869545,1.0
-11.06664,30,52.052324,0.2618425126159537,0.05208536151333171,0.13790023484782388,0.3300357273371295,0.04093911266549396,-0.06454578724194472,0.3638888888888889,178.42390800172737,1.0
-11.909693,30,52.159461,0.25643589975277387,0.017532058821845078,0.15056070439388627,0.3441143253301563,0.0027838705950398493,-0.08839751332966532,0.36388888888888893,173.78933636658246,1.0
-10.86718,31,52.267567,0.2561462208515484,0.030705363782703367,0.13944386460381836,0.3423890097928217,0.0015666165592316977,-0.09173696450799147,0.3709677419354839,175.86231617578034,1.0
-11.014195,31,52.385615,0.2534668613390043,0.022632291167214942,0.14534645839132743,0.33694757336880876,-0.003377011861492896,-0.025654509022851952,0.3682795698924732,181.85408676107818,1.0
-9.672728,31,52.49592,0.2592778578326637,0.02773827768820715,0.08895500547097905,0.32865120221767663,0.015540024889328135,-0.03972604846807726,0.3763440860215053,173.4497914472856,1.0
-11.507725,31,52.602654,0.25649388865163353,0.01193144652419776,0.13908638771069967,0.32840238703376795,0.0055802145504052925,-0.0679304341674108,0.370967741935484,180.6011981722186,1.0
-12.411644,29,52.703957,0.2603897700768018,0.022302754739851417,0.14174949177217358,0.3407552391202857,-0.011624133280139889,-0.12074871938052271,0.382183908045977,171.56490834380207,1.0
-9.698664,32,52.826295,0.25787786121953804,0.03670233744522744,0.07640204982424591,0.3436697364709198,0.024913185719260586,-0.0364731422523295,0.3697916666666667,174.6202041252671,1.0
-10.751147,29,52.930987,0.26021873376660526,0.027016737781997986,0.13672120447697597,0.34754313117179714,0.015997000872453117,-0.08925831297788424,0.39080459770114945,170.73328809638232,1.0
-11.389447,31,53.042083,0.2587740073343428,0.015271828496566038,0.1332544024288397,0.3402670624940859,0.0007155328147242683,-0.1046703479048575,0.3844086021505377,174.08133709750294,1.0
-10.511028,30,53.148414,0.2606874861127161,0.014793365820788633,0.0967188881457432,0.32845560849335886,-0.008336940586493478,-0.07230254393974266,0.3888888888888888,171.68611026500895,1.0
-10.319461,31,53.261151,0.26101308098207177,0.035688230034671684,0.10068435547653459,0.33669173047569106,0.029803864107462406,-0.06732231873050226,0.3897849462365592,171.50388762271416,1.0
-10.678996,30,53.363528,0.25737391625100803,0.03723199768723085,0.12642108517651848,0.3419260666049197,0.024137258867311693,-0.09854395979642103,0.3666666666666666,178.051737325223,1.0
-10.83093,32,53.474682,0.2580642600935671,0.00978028885482036,0.11665634108151014,0.3310034279125332,0.0030651857279593887,-0.07364469863313113,0.3906249999999999,178.10719476414027,1.0
-10.201244,29,53.573776,0.2642156508560591,0.028811823925806113,0.1212217249545272,0.3362022186977093,0.022466453575276234,-0.08152634364478764,0.4022988505747126,167.52680197421617,1.0
-12.63539,30,53.679495,0.259461006782472,0.06292395945845086,0.1888262188307595,0.33381186390669804,0.04502992916821539,-0.15867056099111462,0.386111111111111,184.34639560417375,1.0
-9.988752,30,53.791248,0.25974348900186406,0.03435524869545269,0.09138611059282406,0.3411300253400201,0.023211444018613418,-0.04169183945101143,0.39166666666666666,169.8573958220383,1.0
-11.029429,32,53.91331,0.25955433052569477,0.027294896240586643,0.14024001637493638,0.33361218750455357,0.01655212533746139,-0.11082677325037057,0.39583333333333326,176.64449162581397,1.0
-10.793202,30,54.023053,0.25941223616335884,0.024902846108883693,0.13935805687099515,0.3441284266764865,0.020894472029817264,-0.09593036463978918,0.38333333333333336,178.52355606531953,1.0
-11.606222,30,54.129221,0.2612348637073301,0.023400857946806807,0.10205117636768084,0.3346954198885806,0.0190304032163621,-0.06623581779538601,0.39722222222222214,178.03550151811723,1.0
-12.062041,30,54.242945,0.2623134890346191,0.034729220161294864,0.10104142039336028,0.34045335449999886,0.02632966264567031,-0.08081474973963305,0.3805555555555555,177.5675096836414,1.0
-11.113548,31,54.351202,0.26044497151941953,0.02607854024118908,0.11315630613217244,0.32676971885624473,0.010162066704482504,-0.09196263773734521,0.3924731182795699,168.68327651295215,1.0
-11.668889,30,54.459018,0.2620945060796934,0.056522795804785995,0.13681619999041197,0.33354844595491445,0.04660311334733095,-0.11197361657139258,0.38611111111111107,172.91064243033568,1.0
-9.769118,31,54.57131,0.2591845762149648,0.01978877089850116,0.10833930988251356,0.33684072193920517,0.011581131738252046,-0.0520501545519077,0.3817204301075268,171.37818591687144,1.0
-10.824089,31,54.688195,0.26324329747571185,0.037277402516162995,0.12414367335955852,0.33374853142209526,0.03240118874010353,-0.09353550896526817,0.3844086021505375,171.87069921597774,1.0
-11.414673,31,54.792586,0.2582399774886436,0.021941191956649387,0.1186851123858454,0.3428281147754821,0.012451130762681116,-0.07727953538677206,0.3924731182795699,174.87646237265668,1.0
-11.041012,31,54.903286,0.261863824664844,0.051443429804055904,0.11457887261283971,0.32681506334691734,0.04300285433434049,-0.08186261637970382,0.3629032258064517,175.72088202663883,1.0
-13.169123,29,55.003739,0.2645925846788551,0.04722636480975668,0.13911104055622853,0.3437904613694313,0.0355144601962713,-0.10728027015599073,0.39080459770114956,166.80475367088331,1.0
-11.82584,30,55.113711,0.2620958501964072,0.03139072001961576,0.14467679093830157,0.337070413200138,0.025430217227427658,-0.11540356161651136,0.4055555555555554,173.85773144761612,1.0
-11.573726,30,55.221566,0.2647701132550715,0.07545069550355551,0.14421899498537052,0.33805402609857976,0.06133705764549053,-0.11888112492903218,0.39166666666666666,168.69874655883848,1.0
-12.728126,30,55.323902,0.2656487457050087,0.0836243291669041,0.15015645545469616,0.3278437756859525,0.067681799359837,-0.13421624691103753,0.38888888888888895,172.2678410678753,1.0
-12.066707,30,55.427609,0.26284300688845813,0.09843185433569829,0.1270624137573281,0.33369442410492517,0.07918672313911759,-0.08612467508630314,0.36666666666666664,174.32052032514954,1.0
-11.027497,31,55.534336,0.26264408743559814,0.0422895706046774,0.11500499273456517,0.3336781781053139,0.03099898923831907,-0.05377974417522716,0.39516129032258057,172.69196462539844,1.0
-11.82115,31,55.649161,0.2628045515881602,0.09092704935657422,0.1252465085591034,0.3350672602821613,0.07557478598484238,-0.0982968708309483,0.3951612903225806,180.19910304141095,1.0
-11.159734,31,55.757682,0.2648329266125993,0.05903278485081624,0.1798376133175316,0.3216876030870612,0.043552307508587504,-0.15196580447449665,0.3978494623655914,170.4529687247839,1.0
-13.418814,29,55.866102,0.26716752752588163,0.10705622344133528,0.16470521912103694,0.324966903546942,0.086989087348495,-0.1354497014009239,0.36494252873563215,169.78590047399788,1.0
-12.756792,31,55.981548,0.2634283982915404,0.07907134377702968,0.16060479143921386,0.3410698570078565,0.061329817102732075,-0.13278513199612602,0.37634408602150543,169.7115100763848,1.0
-12.228359,30,56.092702,0.2614097735564318,0.10111320187660265,0.16789020916842604,0.3419424696385898,0.08013018221704629,-0.14733253756771128,0.38055555555555554,172.57767423088774,1.0
-12.071371,31,56.199765,0.2647773651243491,0.08373666237027176,0.16122880851219906,0.3355942544095274,0.06802216377400144,-0.1268169666265027,0.3817204301075268,169.9695505667518,1.0
-12.381785,30,56.305165,0.26586979256343773,0.08547081111877548,0.12431409893940024,0.32903638315924455,0.06958316047423202,-0.08946185988155779,0.38333333333333325,175.53165269181454,1.0
-12.333932,32,56.420478,0.2651787307393001,0.07575635145758396,0.14222175678627444,0.3259850262032237,0.06077620893950707,-0.119693243590775,0.3723958333333333,180.5300393150163,1.0
-11.647437,30,56.532501,0.2640543302242485,0.06350366150235794,0.18464482046892025,0.3430633287230105,0.050178975657068164,-0.16346563115133375,0.3527777777777779,163.75222469361486,1.0
-14.185007,30,56.638003,0.2697656976470779,0.12180139408354154,0.20190958231255943,0.31558000694395905,0.10323865250732217,-0.14310150355087606,0.37222222222222234,184.31732085397758,1.0
-12.384895,31,56.746674,0.26302549199571534,0.0783645217135353,0.14824421700684925,0.3310343598131553,0.0671119077627319,-0.10551507338680625,0.3575268817204301,179.72434018668258,1.0
-12.381861,31,56.89207,0.2648445369548266,0.07059992554440955,0.1580780874103645,0.33095841801684833,0.057114753587443064,-0.13973458010599957,0.3575268817204301,167.9847669101157,1.0
-10.591391,32,57.059453,0.2651591256102035,0.07690546424729226,0.1838140999707736,0.31974928765477756,0.06526460306107945,-0.15700138667243846,0.35416666666666663,174.03634822312617,1.0
-12.264223,31,57.198227,0.2628291166783333,0.07749856710894147,0.12895160853241347,0.3418112147046071,0.06415180033225458,-0.10092594097227027,0.38172043010752693,169.72991443636565,1.0
-12.376967,32,57.312026,0.26574145078936395,0.10251964712868876,0.1475094148232446,0.31192535738858473,0.08492304925944512,-0.11490768279405635,0.359375,186.04745229225566,1.0
-12.372722,32,57.425625,0.2625452145635853,0.09717529742814125,0.15707821631122695,0.3175682510971748,0.08106606858894319,-0.13255459167809408,0.3385416666666667,180.89185047641908,1.0
-13.337906,31,57.5396,0.2652824402817162,0.11704483467401362,0.12573402368405368,0.3259961312359236,0.09824398990529291,-0.0876960260155196,0.3709677419354838,172.66227726197738,1.0
-11.344852,30,57.644635,0.2644101636640558,0.05256163389925852,0.13875632680763597,0.3346854397537976,0.04077575419817555,-0.11828426795272726,0.34444444444444444,164.6149579937049,1.0
-13.151955,29,57.745814,0.26791505679757116,0.08185621985289786,0.15967028698432723,0.3423906769936735,0.06650786200913855,-0.1203400783174518,0.35919540229885066,164.01225133019437,1.0
-12.314094,31,57.85373,0.26441938375253526,0.06817856351504792,0.2189468042587662,0.33711697998491735,0.0571536326351599,-0.18466296308749894,0.3655913978494624,179.56778957078245,1.0
-12.379083,32,57.973634,0.26432899663563275,0.11068587400258609,0.1427860531531679,0.3156049972429925,0.09595882984729134,-0.054076412480616835,0.34375000000000006,181.66924379857534,1.0
-12.986289,30,58.082786,0.26406804554580526,0.08247348413605049,0.2532589423712296,0.33939268225554836,0.060693106048525285,-0.21262742825380743,0.3388888888888889,175.1641652434299,1.0
-12.034394,31,58.195603,0.2635330939097398,0.09849171211192818,0.19189325885393455,0.33596830498810254,0.07900641672136037,-0.16771041320003574,0.3145161290322581,171.82237808471265,1.0
-10.50441,31,58.304271,0.2638149981686894,0.09057680486320821,0.16023926758478846,0.3331824065210787,0.07391007967185172,-0.12431341505303815,0.3306451612903227,165.64954810400243,1.0
-12.363357,30,58.411283,0.26388479615448884,0.058326462533290484,0.14711027684071407,0.33205717142712,0.052549240625312514,-0.12638432325514237,0.31944444444444453,170.8474399538721,1.0
-12.560487,31,58.529594,0.26558181046594304,0.055430391593228344,0.15196655333958145,0.32860215148413063,0.048767407727907525,-0.12184952541089086,0.3333333333333333,177.21911829650145,1.0
-11.968663,31,58.641946,0.26351468885992174,0.06224666590376288,0.17555726091235496,0.33148329910914914,0.05239561382750169,-0.14917390520425017,0.32795698924731187,168.3981216418261,1.0
-12.105614,31,58.750244,0.2635238357609321,0.04553737850887665,0.14148251757562794,0.3252813545847856,0.039777206432340555,-0.1110938763913137,0.3333333333333335,177.4595100263637,1.0
-11.532492,32,58.862443,0.2648495010770865,0.07125424867813226,0.10796159181452204,0.32706704632846995,0.06152964627030866,-0.08434291410858555,0.34114583333333326,169.03038939772225,1.0
-11.231829,34,58.992993,0.26241329790893786,0.05628659097647187,0.18904830793160882,0.3334792933688469,0.04552792131536562,-0.17108000827302833,0.31617647058823534,175.76572504049463,1.0
-12.861026,33,59.119948,0.2621068252782188,0.10061201231516753,0.1915669769402409,0.32235841700317963,0.0799009023241106,-0.16355710238363175,0.3131313131313132,172.99584977223563,1.0
-11.595008,32,59.229341,0.26123069102013957,0.07172284049453582,0.1817343410995345,0.34529146605091793,0.05400911237627011,-0.1358282293147543,0.32291666666666663,174.28759249535753,1.0
-12.972342,33,59.347358,0.2632984716082713,0.11098618281214324,0.14861050013126853,0.31500835584455306,0.08878987765509606,-0.12200027257959448,0.31565656565656564,172.69058158571556,1.0
-12.291594,32,59.459593,0.26494536567110377,0.07352286733840152,0.1879645491119,0.3194338843506326,0.06357181994381832,-0.1256702427604251,0.31770833333333337,184.6485916539233,1.0
-11.567733,33,59.581465,0.26553683521954125,0.0690410476235117,0.14719599303620348,0.3160755621292276,0.06005831303886984,-0.12266105693316055,0.32070707070707083,175.14811239905362,1.0
-10.654231,34,59.700494,0.2618977958366554,0.06584952754855455,0.14826532868336806,0.3196389213151198,0.05636014523024218,-0.09639434592144816,0.32107843137254904,179.30264981387313,1.0
-12.382027,32,59.821177,0.2644441683855253,0.09589305818281238,0.142840808112934,0.31672588676155444,0.07970759384405963,-0.11789000920640932,0.33593750000000006,168.8463067760211,1.0
-12.849481,32,59.93681,0.2669805006700704,0.11185356971042915,0.16367530372879432,0.30962058389968367,0.09625940128450758,-0.11996889878236572,0.3203125,171.65090302248967,1.0
-12.370486,32,60.047194,0.2646362929579455,0.09222367807977468,0.20793762463911902,0.310401196189652,0.07989395780950427,-0.1775089363026578,0.3359375,171.41403697696737,1.0
-10.780086,32,60.158098,0.2621292948871828,0.08798697762040478,0.1370860573618023,0.33005831041608324,0.07136595599464658,-0.08918961334109998,0.3229166666666666,174.73520569399574,1.0
-10.935957,33,60.276451,0.2633331488004419,0.04876895187298439,0.17599787345782,0.3213407081361386,0.039196853169493735,-0.14975177523443708,0.32575757575757575,175.35241337030067,1.0
-11.610985,32,60.388094,0.26256788293620115,0.05212563022353123,0.1640400829237073,0.33346395458003036,0.04486886992919887,-0.13753817144858838,0.3151041666666667,169.79983775837414,1.0
-10.854538,33,60.50485,0.26216048317039253,0.05657129063390468,0.19643050182509547,0.3187945526788523,0.0475258214460285,-0.16985889935754914,0.3207070707070707,173.32300823899962,1.0
-9.151649,33,60.628505,0.2586339941375976,0.07112318517820312,0.154699969292426,0.3295834789802135,0.059241629590154735,-0.10160221161303663,0.33333333333333337,178.49845807573132,1.0
-11.904678,31,60.744045,0.262548237233562,0.07930037919641553,0.2031289659760575,0.3251156001322861,0.06036522597899821,-0.17941334150681817,0.33333333333333337,170.70258470005223,1.0
-11.329138,32,60.860038,0.2636428867452777,0.04478309342188476,0.219216955238026,0.32963919193758,0.03443443933046108,-0.18969234582675373,0.32291666666666663,170.25703363442577,1.0
-11.318053,32,60.973191,0.26155222900067365,0.072842995407257,0.18207974373271757,0.32294487607472755,0.0609587766431631,-0.15376221263365147,0.33072916666666674,173.34606494006178,1.0
-11.839506,33,61.093244,0.260481173664239,0.08245666327387462,0.22698580838705842,0.32616550303677094,0.06496493484697351,-0.18760880379801864,0.31313131313131315,180.09399339322187,1.0
-11.805972,31,61.211175,0.26339652533529806,0.06712238931030577,0.16790691532022148,0.3236135794744835,0.05157799798611626,-0.14242941084172425,0.3172043010752688,162.09716401068096,1.0
-9.828485,35,61.329373,0.26448383769279826,0.051585846243580716,0.1649489077247809,0.3119741529251673,0.04067241094295971,-0.13971943947701146,0.3166666666666667,175.66416275104794,1.0
-10.529526,34,61.447871,0.2587150357733052,0.06430054833367226,0.18927213446848665,0.3253442597237129,0.0504377397813567,-0.15677178570160552,0.3235294117647059,181.93907666298568,1.0
-10.864128,34,61.562398,0.2621618850990472,0.0493095721468524,0.17423272115262517,0.31748947468377886,0.04245844900053019,-0.09615525313819528,0.3137254901960784,180.4469727523825,1.0
-11.797334,32,61.676829,0.26422473184127027,0.08587245378420322,0.18402034457398064,0.31187753465503953,0.07004636108433399,-0.16325781289329366,0.3255208333333333,174.2565854712901,1.0
-10.654662,34,61.800141,0.2608610366607389,0.061238881037647186,0.21931675368462533,0.319762201163811,0.0510144966123926,-0.16687665382584482,0.30637254901960786,177.93212502834626,1.0
-10.95366,32,61.920045,0.2604720387645926,0.033166230343752885,0.1496393655786562,0.3341749777184237,0.026332637884943468,-0.11806292942929011,0.32031250000000006,173.6134875104254,1.0
-10.521407,33,62.049193,0.26292619983086574,0.06847269099193715,0.17284470403231617,0.3182864068622126,0.05107316004302108,-0.14223852344604268,0.32323232323232326,175.46701970585028,1.0
-10.939004,34,62.173604,0.26754471941905933,0.05108534857562506,0.1913003567840435,0.30680628432349355,0.04156711009880231,-0.1697106428607102,0.3088235294117648,173.86946059353536,1.0
-11.249628,34,62.292091,0.2630430887025385,0.047146771471134566,0.17067962319469782,0.32190998221929906,0.03941607056827337,-0.14465520330355458,0.3161764705882354,180.04496112621464,1.0
-12.426383,34,62.410702,0.26835873262577664,0.12974165382208658,0.15162949443700538,0.29716583207020886,0.10841403084645077,-0.10680735747040583,0.3259803921568628,185.8692082431458,1.0
-12.069307,35,62.538202,0.2669292481853588,0.10770741762086275,0.1515806807281013,0.2998337777710356,0.0907903749353105,-0.11744659401416452,0.3238095238095239,177.92980058748222,1.0
-10.42211,35,62.667233,0.2587611397918026,0.0644469237841866,0.14397150150796073,0.3187502938821734,0.05073556158598644,-0.10636099186943206,0.3142857142857144,187.33124276272932,1.0
-10.980382,34,62.793993,0.26404653723919486,0.09350023098462519,0.21565293111034398,0.3073414657911068,0.07770651914738619,-0.19209401321547231,0.3088235294117647,180.5992505374783,1.0
-10.132112,36,62.929893,0.267789093686628,0.04041121690564517,0.19644699119606274,0.3077838976159362,0.031169785391137912,-0.16026711822379985,0.3125000000000001,171.46852143651188,1.0
-10.633309,33,63.060098,0.2610874726595039,0.06328017408415677,0.1906168338854301,0.3111231907175422,0.04779505999384403,-0.16939313196669292,0.3333333333333333,178.87496452600888,1.0
-10.964446,33,63.181281,0.26319151871928903,0.06718166649826007,0.1393314724308819,0.31700451090233983,0.05438012048882149,-0.11585382790761843,0.3106060606060606,183.62601378180764,1.0
-11.703795,33,63.299623,0.259477000817368,0.0719089346675564,0.1762987986447423,0.3296036150862264,0.056716508241907285,-0.15329770159235812,0.3181818181818182,182.23249493870836,1.0
-9.897692,35,63.423079,0.2633239290784992,0.061149633028825895,0.16002647641594966,0.3094984054247552,0.04815380151025229,-0.13451214780140383,0.31190476190476196,180.73419286668118,1.0
-8.94057,34,63.544623,0.25814833533653375,0.042502662213716076,0.10942678908238412,0.32458519167092875,0.03298418638386901,-0.08226758830205315,0.3014705882352941,182.32591436436874,1.0
-10.642739,34,63.663243,0.2620943911623331,0.043209558259089564,0.1421923619013392,0.31747160257289797,0.032417145853833915,-0.11712940027085633,0.2916666666666667,175.4364287125299,1.0
-9.212723,37,63.792345,0.26391830405436395,0.05006664107525098,0.1363327625183679,0.31218484243218275,0.04310904104452902,-0.09692404623639932,0.31981981981981994,183.3707950185927,1.0
-9.678476,35,63.92086,0.2609910558520823,0.049673338270080074,0.1480243073292207,0.3099283614885946,0.037630977768995724,-0.1139940482945743,0.3142857142857143,185.02078998817072,1.0
-10.698855,35,64.052191,0.26210604434552,0.08738469169740835,0.14439601315429648,0.3133905226546173,0.06983791915144177,-0.11653470676067701,0.2976190476190476,184.13679981443275,1.0
-10.124123,35,64.172371,0.26246656277938524,0.03917159863992661,0.16480137877796494,0.3114599137039737,0.02868422478405773,-0.13000593211441244,0.30714285714285716,177.89869230332724,1.0
-9.83353,36,64.295872,0.2604740709236571,0.04048901294988787,0.1276711482810978,0.3082894561032584,0.0303877085411033,-0.06295593815625936,0.30092592592592593,181.4932229780483,1.0
-8.513023,38,64.431544,0.2616118905296767,0.017147100034396567,0.10415900025215281,0.309063206907381,0.007324853737815538,-0.06522926475569957,0.28070175438596484,186.7587245495743,1.0
-9.99957,37,64.557375,0.2645307565215018,0.039125279139062184,0.1670179524322015,0.300661730559081,0.03160931489005414,-0.13924473563686884,0.29279279279279286,184.37012865488526,1.0
-8.848438,38,64.69521,0.265152401241586,0.016883306583007684,0.14743777794332197,0.30148551648734595,0.009155686265483451,-0.12043687988809347,0.287280701754386,181.2430370592374,1.0
-9.791636,37,64.829316,0.2611812615148184,0.036312994005155474,0.12751144712685555,0.30774726997594326,0.027570948133524908,-0.09753681448312519,0.30630630630630634,181.87697950905334,1.0
-8.357748,38,64.967009,0.26631396393994244,0.03922961762843554,0.1275106054829426,0.2928690883299559,0.03192841949144393,-0.06820814902349048,0.2828947368421053,189.19526660833645,1.0
-9.0389,37,65.098387,0.26537093356441815,0.014518656705535218,0.12497665424887291,0.29654614771177085,-0.0005798591263121937,-0.09924389237527545,0.2635135135135135,181.9855308262012,1.0
-8.744988,37,65.231434,0.2588406039749217,0.01598708134842093,0.15155604255335708,0.3025525884909285,0.009043230274786542,-0.07562919562297563,0.28153153153153154,192.97937172018027,1.0
-7.385698,37,65.370483,0.2631883276761867,0.053867456149697394,0.12484125667348765,0.300042700944214,0.045316676849903315,-0.06884231134617333,0.277027027027027,185.075758139745,1.0
-8.082144,38,65.506791,0.2626475695215031,0.02665201823123042,0.11702343021627044,0.29334352049199136,-0.01815897071569293,-0.08805884892481894,0.24780701754385964,183.62914963469902,1.0
-10.80275,42,65.656191,0.2727946421682914,0.09324512399942067,0.12387027705419522,0.2702297672568625,-0.07051159154104554,-0.052799687653007105,0.28571428571428575,186.28119644151425,1.0
-6.676887,41,65.809344,0.2636857975919229,0.03262976283803052,0.13552269503335415,0.2853080783759706,-0.02112739459047392,-0.08366891522642132,0.24999999999999994,187.3515014421236,1.0
-8.692485,39,65.948135,0.2634477926893804,0.01818567942990679,0.11283971119150518,0.2912683340324017,0.0057535098324053785,-0.035299541608135754,0.24358974358974358,189.057956389254,1.0
-8.212061,41,66.098392,0.26423509135828804,0.02817175929984812,0.1180562581822776,0.28841095060506666,-0.017026036194649343,-0.056391907711584414,0.24796747967479682,195.28490330758294,1.0
-9.620903,38,66.2381,0.2618142110975098,0.05788365561680319,0.132760694133641,0.30057754565061634,-0.04456770846258203,-0.08597612112820845,0.23684210526315788,187.44701957365086,1.0
-8.660647,43,66.392026,0.2731827870370393,0.06572580534950298,0.10266522316304028,0.2689036141516549,-0.046913392279237125,-0.04971613464797953,0.24031007751937983,194.0651007331053,1.0
-7.792045,44,66.545412,0.2749021813925618,0.0319943440692712,0.16093219896613023,0.26687381461032234,-0.014950626383034966,-0.06152936057343785,0.25378787878787884,192.14097233111877,1.0
-6.895275,44,66.698258,0.2718930541827031,0.05004551815230553,0.12380149084329047,0.275106426726858,-0.03296562468248069,-0.05819421583184146,0.22727272727272727,194.59094432020046,1.0
-7.650766,44,66.860764,0.27426317334554556,0.0631668327610493,0.11293948662952517,0.2682292202369309,-0.049009614552935864,-0.05089047181034791,0.23295454545454544,193.1850134288976,1.0
-10.584187,43,67.009186,0.2725707292220012,0.08709171863972585,0.0867814721581249,0.26833186943973264,-0.06952692576445008,-0.03692435642756351,0.23837209302325577,192.697845805222,1.0
-5.712818,53,67.205653,0.293425004354438,0.02616320343200171,0.10701969566378693,0.23897951759733638,0.006532131014284493,-0.048275056702393855,0.21855345911949686,199.7177020803457,1.0
-11.490655,44,67.357978,0.2795744929255919,0.11433599172057704,0.0856789241243789,0.25126399408017414,-0.089337849763767,-0.011869444003003316,0.2196969696969697,195.13556730777648,1.0
-8.544449,51,67.537013,0.2889855692853756,0.08438146561332761,0.10832418135308511,0.24311612281163625,-0.06146996240844054,-0.06008512101016597,0.21732026143790845,196.11525750672527,1.0
-8.638959,46,68.074856,0.27492363638666223,0.09020566938669204,0.11242794647054845,0.2598823216114135,-0.06765715853375086,0.0027825487039636826,0.21376811594202905,205.103413217671,1.0
-11.702341,51,68.274529,0.29403242057730233,0.11735967605376524,0.08185328710289833,0.23511139621993926,-0.09082417187990763,-0.01578746747544313,0.19281045751633985,186.49685591635915,1.0
-12.564077,47,68.440979,0.28864292268212655,0.15912915505614664,0.10799416760947887,0.23768239105026642,-0.12115822093945973,0.005043874062229273,0.20212765957446807,186.235732220092,1.0
-10.982546,51,68.63443,0.29210528489915477,0.11658742325324355,0.10788536581067257,0.23358165780422716,-0.0890569294357539,-0.012850852079153435,0.2026143790849673,185.26387516564918,1.0
-7.616818,47,68.799066,0.2769181368977171,0.04400087518129554,0.12619885313711451,0.26465907702721425,-0.03337199003853564,-0.03608279773640234,0.200354609929078,195.72397464350564,1.0
-8.841946,48,68.974945,0.2875449173324134,0.04620870766837127,0.12054502003795482,0.2424824285242235,0.038046244919846525,-0.06404183792541138,0.20486111111111113,197.44230030529977,1.0
-11.37248,46,69.138564,0.28193131649089326,0.1149657567407987,0.12199460750600197,0.24228714301853146,-0.09719394932833528,0.03678214096886495,0.1956521739130435,185.24757500966643,1.0
-6.440812,42,69.286429,0.2660856380885108,0.02068083023389113,0.10803160262723689,0.27472462470446785,-0.01669591974769076,-0.06335443210959567,0.22222222222222224,180.04330584006186,1.0
-8.685096,53,69.480304,0.2935017737990135,0.10655392205511875,0.08302078519662595,0.23185330321480885,-0.0807859138493289,-0.02594679457777153,0.2216981132075471,198.6714343213982,1.0
-5.884051,47,69.641731,0.2756367503557171,0.05222650557447894,0.08042565134180482,0.2628298589798276,-0.04286388917187139,-0.02407522680821182,0.23049645390070922,191.10184637944056,1.0
-7.799718,45,69.807046,0.27304453188187855,0.0888345291192666,0.08050340435375548,0.2688579946123395,-0.06986037347766913,-0.04637548539129279,0.23148148148148145,184.73200580848072,1.0
-7.661784,43,69.970334,0.266129297360312,0.028461843936004892,0.08827139727507703,0.28082602733084766,-0.024857302560831334,-0.035873802869629504,0.23062015503875963,187.58306942577332,1.0
-7.349169,44,70.129286,0.26930302213055357,0.06703167575359321,0.09491275431131657,0.2763364975379749,-0.04790937413971914,-0.04587552375172508,0.2215909090909091,192.41621358060758,1.0
-9.581843,40,70.273127,0.2670019108960254,0.04356182509115458,0.1399168670739169,0.28850726648261615,0.03656582298315172,-0.055809846206151446,0.21458333333333335,199.11967639533316,1.0
-8.001028,44,70.429524,0.269236298052982,0.06138870048709458,0.08919369588682881,0.2757767803497966,-0.05186670193380756,-0.028656674113252286,0.23106060606060613,185.26975623423456,1.0
-8.945068,39,70.572039,0.2602869487996336,0.042074012338552715,0.10323678823477296,0.29447495377435734,-0.037015722460915064,-0.04865532193979288,0.22863247863247863,184.96709996032374,1.0
-5.131026,45,70.735187,0.27116362260321225,0.051870599658880925,0.0835274304049674,0.27377894349667087,-0.03971826200412962,-0.022505527884757518,0.22222222222222218,189.4732951577411,1.0
-8.948235,43,70.897084,0.2708112881558334,0.10406179699039719,0.07736512283169886,0.2689621609335684,-0.08561391671655233,-0.020742794656544952,0.22674418604651161,179.77199739506065,1.0
-8.672508,42,71.044196,0.26587890910880385,0.10176964932531452,0.06612445618110491,0.27154868581302927,-0.0889986854596289,-0.003290077072478898,0.2341269841269841,188.9885134410119,1.0
-8.639243,39,71.18026,0.2643829584743475,0.01615369600357714,0.12919919594382218,0.28783168711199497,-0.00020898635026652077,-0.09286578425632465,0.22435897435897437,186.17351881963418,1.0
-7.12882,40,71.332418,0.2621878051253339,0.04052516161630832,0.10296533283096129,0.2888528398140703,-0.032852382689643925,-0.06457339428361987,0.22916666666666666,189.97353846605426,1.0
-7.98421,38,71.467574,0.2606239054230904,0.022854650864827936,0.08287106863847897,0.30110158089755035,-0.020001343757471177,-0.041727362032372914,0.23245614035087725,184.01475892459575,1.0
-6.224204,42,71.620509,0.26463606767609976,0.025798347199411487,0.10584301520657985,0.2854094580232774,-0.014007410492004173,-0.029808032090141906,0.22619047619047622,183.14193990525285,1.0
-6.93797,41,71.782112,0.2654860554497594,0.01626152182551854,0.10499704767961385,0.279267687071331,-0.008756276606232816,-0.06840086357951433,0.22357723577235772,181.89953573861217,1.0
-7.83322,39,71.917446,0.26073852455673924,0.014845367394800165,0.12958309924032246,0.30120060214326155,-0.0017985912191852964,-0.04415659813234669,0.23290598290598288,183.5289788423242,1.0
-7.895395,40,72.061499,0.2629381130224377,0.016642052809369534,0.10706332738068335,0.29395370168770374,-0.005165595540989205,-0.03647368944029377,0.2375,180.15146801784323,1.0
-7.177491,39,72.205827,0.25928189525798406,0.020979953318877836,0.0978181268333977,0.29903844690257164,-0.01493032011676851,-0.02666862936339591,0.23717948717948717,187.97341648528067,1.0
-7.389952,40,72.341111,0.26663484686579136,0.04233538836774573,0.10249883251132763,0.29010027414530154,-0.02889223147828359,-0.019668230096376815,0.23125,182.81452900868103,1.0
-7.62054,39,72.484267,0.2582980320990143,0.015664516438257732,0.10155381362965182,0.2987569335778533,-0.0017132940579984491,-0.03336145223181319,0.2307692307692308,191.2162015454057,1.0
-8.142512,39,72.620606,0.2641702328304329,0.024103538058358177,0.08572101815036015,0.29430143526497676,-0.018379958151547797,-0.044310206004416465,0.23931623931623933,185.51728259244823,1.0
-7.379628,40,72.772333,0.26097015888452235,0.06594942619249013,0.07662283862300477,0.2895499975334076,-0.05557295820548695,-0.006122499263850702,0.23750000000000004,186.2064216654465,1.0
-8.318443,38,72.90751,0.2618573351028597,0.05319675856275014,0.11985334414766778,0.2919161310415394,0.04471705553626256,-0.024959882162284733,0.24122807017543857,193.99731716468563,1.0
-6.644094,42,73.052682,0.26964507923979375,0.018814407043936613,0.10221656216122155,0.2804994706832008,0.0032038129392676687,-0.03500146201998605,0.22817460317460314,181.1682807120833,1.0
-8.726234,40,73.200752,0.2625846298938641,0.041213976483655754,0.0952024905667147,0.29607453601098654,-0.03497174528961446,-0.036056405246674805,0.23958333333333334,184.69858900800492,1.0
-8.149012,39,73.340525,0.26262859373209846,0.014244457269958813,0.08707762776592441,0.29296061971384685,-0.002865511842977022,-0.04369902229746636,0.23504273504273504,185.45677129993373,1.0
-7.459299,42,73.492136,0.2673799934650006,0.0164442015504381,0.07536959241348704,0.2809428154574158,-0.0022944805804618277,-0.03056287632963955,0.2321428571428571,188.4311943681087,1.0
-8.393932,39,73.635993,0.26105239265435076,0.058515837821306996,0.10621665514461327,0.30539033535075855,0.04009796669611456,-0.042583797232793236,0.23290598290598297,182.30176495357153,1.0
-8.12261,41,73.787169,0.2631250030933695,0.051209387439200865,0.1160292466304868,0.293267182910263,0.04012547812421357,-0.030001607721358483,0.2317073170731707,193.63371672690872,1.0
-8.377511,36,73.920015,0.25855965216468796,0.05347082959472382,0.12085775950716979,0.30326072259501224,0.041800107033600334,-0.06115251064624862,0.20601851851851855,188.0727665361512,1.0
-7.370147,37,74.055483,0.26028587425109256,0.049355989705027116,0.07306462798032651,0.30558122446405483,0.034622454388715945,-0.019266173453356714,0.2274774774774775,180.8086770740932,1.0
-8.95651,39,74.203094,0.26905877356747265,0.023125215441727683,0.12770864258728867,0.28643204010074175,0.014723380248158184,-0.0249901989535288,0.2243589743589743,187.1124931656788,1.0
-6.173187,41,74.346028,0.2601812073024801,0.032227186678845034,0.10061756032053126,0.3000402659728207,0.013022327030833,-0.05620195661988583,0.22764227642276416,181.06214843273335,1.0
-9.188956,39,74.480075,0.26426364317574297,0.055021327029407846,0.11887414263362,0.29542533482215644,0.040558386633035515,-0.07705120240414451,0.22222222222222215,189.53086766963932,1.0
-9.050761,36,74.610366,0.26087491254251116,0.057191162369564105,0.08115978166876478,0.30871232601476856,0.04353490985531166,-0.020900567118616667,0.22916666666666666,175.7921395287306,1.0
-7.716102,40,74.754592,0.2754804978086848,0.09830694521560378,0.08068411782416496,0.27216232169595017,0.07899083879327143,-0.006152247373741108,0.23125000000000004,179.9239513907499,1.0
-7.659865,40,74.907336,0.26173385089260964,0.015482590731043527,0.09003558208977086,0.29979485715858456,-0.011497286445562681,-0.053035310646595134,0.23750000000000004,179.75449598130734,1.0
-7.588611,41,75.054145,0.26869625041080214,0.016178274043007583,0.0893566782162253,0.2840413680289191,-0.010291365979993356,-0.02498660171109433,0.22357723577235775,183.1330827917275,1.0
-6.715701,40,75.197653,0.2651505737301902,0.017674994928209474,0.08989825491867277,0.2899134864715082,-0.009366621411133943,-0.04182279598293357,0.225,176.02231600119626,1.0
-9.242655,39,75.338875,0.27073365378728453,0.0818845750775879,0.0982089288102546,0.28405799145677646,0.06294613644387698,-0.024913484958114514,0.22435897435897437,183.29647718228446,1.0
-6.488671,44,75.500395,0.27420572554196293,0.04827545236060042,0.09926688895168756,0.27777749854916817,0.037288827856408864,-0.006143357829487974,0.21780303030303028,184.96531903398238,1.0
-8.004894,40,75.642849,0.26562236379029314,0.08932250165069798,0.0824742558284837,0.2928991932566702,0.069324569430312,-0.012640437504322005,0.20416666666666666,185.60450853568372,1.0
-9.151952,37,75.782274,0.26540217190496457,0.08768571758219029,0.12993051976234518,0.28563844891111306,0.06761787921496709,-0.07334649949632872,0.22297297297297303,190.19442901391,1.0
-8.214956,40,75.928411,0.2632356130050771,0.011406683581189823,0.10281277999828221,0.30166284141215594,-0.003556180430810968,-0.0037979531334575876,0.225,184.44376026500623,1.0
-6.544913,40,76.065409,0.2675077748365782,0.03704360524654141,0.12070624717695536,0.28462145795400856,0.03030705594109596,-0.03577332258264333,0.2104166666666667,183.9386131360508,1.0
-10.626,37,76.197546,0.2674029787502996,0.10243139326796039,0.10059262769223219,0.2897101428622962,0.08130324089285114,-0.004981903984290702,0.21396396396396394,180.43916009078848,1.0
-10.541472,38,76.333057,0.27079434782110207,0.08817643133614755,0.09706211218100841,0.28704466398734246,0.07099939475346968,-0.016211520557181315,0.22149122807017546,187.05315898547832,1.0
-8.405776,39,76.473693,0.266266243068885,0.09241631501601597,0.12341355339511072,0.29376020826787,0.07135071089727692,0.005518238733779237,0.21153846153846154,183.49096746825583,1.0
-10.930355,39,76.612367,0.2635705707360828,0.10445933401527938,0.11628207814750902,0.29840730081128997,0.07506991428375644,0.0009711284058735142,0.202991452991453,184.69396401833453,1.0
-10.025239,39,76.751145,0.27124859229285375,0.14562735171218613,0.1068790751268924,0.2746542663276029,0.11191920216771872,-0.03249677945511828,0.22435897435897437,183.56531738731246,1.0
-10.595265,40,76.903678,0.2785752520536841,0.13500701094669038,0.12347130327122065,0.2713992953552523,0.10334854493046479,-0.04953227225828234,0.20625000000000004,181.6077884983259,1.0
-10.119523,40,77.044893,0.27201840229432084,0.0947704735557385,0.1212429298419269,0.27876206584867835,0.07680237137498103,-0.0020997227263161006,0.22916666666666666,187.643471732314,1.0
-7.974248,41,77.189671,0.26593318097249186,0.056636297353889205,0.09715883107169992,0.2968633903798918,0.03716694630473557,-0.0050092030335655915,0.21951219512195122,181.1907059302867,1.0
-8.495685,39,77.327132,0.25965554001162083,0.053200357572972486,0.08356454230414029,0.3058513377775049,0.03169728154729894,-0.01816480726084743,0.22649572649572652,178.20682600251345,1.0
-7.562589,40,77.463938,0.2674665911120861,0.06658044466882965,0.0983738375418534,0.2977582563761979,0.05141796381870258,-0.06037659840408971,0.23749999999999996,185.62494055760908,1.0
-5.356386,44,77.624477,0.27100352023714985,0.044093408305822424,0.09246357355916703,0.28378656137597463,0.035429104191371186,0.013888981418640024,0.23295454545454541,180.0142507924322,1.0
-11.058023,36,77.751602,0.2671073451155643,0.12660490018312973,0.11162200185833329,0.2936639874370577,0.10264878916197187,-0.023917068568043334,0.2314814814814815,185.29836933068665,1.0
-9.131556,39,77.889631,0.26659349863672405,0.08722895949975334,0.10971951401192047,0.28634544684288127,0.06777402813163462,-0.01941233052267689,0.22435897435897437,183.67625671434112,1.0
-7.69227,38,78.02023,0.2625152786588429,0.06504061915871862,0.09224556989733204,0.3010121332815886,0.04829812917706652,-0.026098598846689327,0.23245614035087722,187.7883228372111,1.0
-7.629726,39,78.159258,0.2608173708292614,0.018750854911464516,0.08308937680325573,0.3118030111067865,0.0045470464711163845,0.03854430465065908,0.22008547008547014,174.40425033639366,1.0
-8.01472,38,78.299844,0.25979232948622344,0.05906364515074736,0.10834489700193864,0.3150281806709117,0.043029562166036775,0.005636053617251768,0.25000000000000006,178.8225634657717,1.0
-9.818415,39,78.43548,0.27081993653371766,0.09891264840541077,0.10317666161001071,0.28679371093606637,0.07649617819341936,0.019727393370943844,0.23504273504273504,182.26803891174404,1.0
-7.43672,39,78.568288,0.2645733206678338,0.04184833709181778,0.10187878468126454,0.3034092839431691,0.03488541680800916,-0.02928324554655192,0.2521367521367522,193.26350584383917,1.0
-9.322683,39,78.713232,0.2650052180537298,0.07842128165474616,0.0981308371056514,0.2926823879700678,0.06180579923686158,0.0022114662416651575,0.23717948717948717,181.71880441124816,1.0
-7.045273,41,78.861934,0.27077836711413894,0.07801870723652382,0.09107077767784848,0.2870787221850544,0.0610347357252313,0.015428217268140842,0.21951219512195128,182.38669785591068,1.0
-11.059438,38,79.002311,0.26813145174872444,0.12021421432745626,0.09602368157160603,0.2977008293352613,0.09257390055286285,-0.003038567028906476,0.2390350877192983,175.16540568397374,1.0
-10.577769,38,79.144595,0.26572890028647733,0.10220548989341686,0.09004276186411021,0.30281364566399627,0.07907332770396906,-0.016685991096626076,0.24122807017543857,178.14336011447458,1.0
-8.675816,40,79.285298,0.27031398895511255,0.05377894940709484,0.09419136427133613,0.28570958096559657,0.04301288746535128,0.007073104752658733,0.2458333333333333,181.40421354752735,1.0
-9.307983,36,79.411288,0.2590088959128007,0.07977973482998403,0.1058175499228491,0.3160549827844141,0.05657970399741504,0.014675925852093739,0.24074074074074073,175.88335119150298,1.0
-11.020019,39,79.547708,0.2644106669882394,0.11524810576378305,0.12837655801218203,0.3020148908001435,0.08257056656466522,0.020326087369484627,0.2307692307692308,181.31787677081445,1.0
-11.610509,40,79.695981,0.27186861925378397,0.14105565941854822,0.09588558547206004,0.2786732326229624,0.10752758518829035,0.026132297080946422,0.24791666666666662,181.66083147904666,1.0
-6.519806,41,79.848392,0.2653194113326888,0.05673373802123654,0.11116037959814962,0.2995307100676894,0.03954008169433035,-0.006093542376239785,0.2601626016260163,184.37032565488136,1.0
-11.667925,37,79.978898,0.26760076890991474,0.138021870528244,0.09096354537033538,0.29354589119469543,0.11058279908540689,0.00969455741488493,0.23423423423423423,180.54225472611685,1.0
-7.715976,38,80.120956,0.2611485064594104,0.03874975840835838,0.12805406152256388,0.30287775779527165,0.028719849254517232,0.05581443620854638,0.26754385964912275,179.36519758879228,1.0
-9.854374,40,80.260122,0.27258930959639177,0.12290350917321906,0.0840740880980847,0.2741774865724782,0.09852473094148313,0.01592158047669888,0.2458333333333333,184.49564914814798,1.0
-9.220136,37,80.386675,0.2601813256296592,0.08079614745996673,0.08957764287482169,0.3212694005859571,0.06013805621261708,0.012327247211833113,0.25,176.70237184167212,1.0
-9.887839,40,80.536277,0.26936732033347804,0.10269045819249231,0.10659597153236391,0.2942449814196628,0.08006240479758202,0.04493976611847805,0.2750000000000001,180.70668200420084,1.0
-8.238481,39,80.674381,0.2667227441091026,0.07602230081555872,0.10839338205006388,0.2996496178477898,0.05740611837546218,0.013072076389608155,0.26923076923076916,177.2981863051128,1.0
-8.353717,42,80.830935,0.27552337112702735,0.04597711436619491,0.1013370938601993,0.276993408252653,0.034742928610669424,0.016718757944103924,0.2837301587301588,186.6340961114441,1.0
-11.015073,43,80.992724,0.28008358091526264,0.13098847563240568,0.09079922355787738,0.2603263095142147,0.1034079236219128,0.025854682426587474,0.2771317829457364,196.00323707566048,1.0
-13.502151,35,81.120016,0.26584340428958986,0.15629811204424696,0.10169382012110235,0.29630759309609395,0.12188009209397317,0.032358309296756024,0.28809523809523807,188.12583396156487,1.0
-7.918491,36,81.248609,0.26225076677580766,0.033273991660638054,0.10712546322685679,0.31630620424976363,0.020114566973927814,0.052527556886221675,0.287037037037037,177.02360400626605,1.0
-8.902042,36,81.373411,0.26231654595474607,0.06938103174365795,0.10175187005582384,0.31202472520397523,0.05011414331014356,0.013749725402430892,0.3171296296296296,171.74708227351593,1.0
-9.848328,39,81.515833,0.26547369939163906,0.10867494648536141,0.1324120947833497,0.2962061105173824,0.08869517648954753,0.04228531337818873,0.30769230769230776,188.10897942755741,1.0
-10.086052,39,81.660175,0.27492028865665297,0.10290542237719957,0.10408086720145941,0.270873070370078,0.08446732549112393,0.0052293224921009275,0.3162393162393162,191.6097314434083,1.0
-10.344796,35,81.785378,0.25876704639934633,0.1122415232633342,0.13099483546846694,0.3133945931233946,0.08430761854585857,0.0494252141540429,0.3333333333333333,178.14649148556484,1.0
-9.696263,38,81.926387,0.2686962663422356,0.05172307186396399,0.07316888470932852,0.3017941835380745,0.03816882974134833,0.01621323041520644,0.3223684210526316,182.6356836450943,1.0
-9.669979,38,82.061405,0.2650539823248242,0.08008397462630555,0.12499781426630993,0.30210255438970046,0.06312526046413178,0.0399144729464011,0.32894736842105265,183.52381881931788,1.0
-11.279285,34,82.190156,0.26263034779784084,0.13143604288840757,0.0905257252418832,0.3154472464694291,0.10132179591355195,0.0345847485232454,0.3235294117647059,172.44544843711722,1.0
-9.043147,36,82.31833,0.2651128754370118,0.037664696274207814,0.09521351420230398,0.30966153898746823,0.0277047305335626,0.036803489444412515,0.33564814814814803,176.1567498000009,1.0
-7.946822,40,82.467036,0.2662245233952745,0.021145846885166082,0.09658731180134564,0.3119785337841797,0.0028867386184025525,0.02950446181476115,0.3479166666666666,175.90905957203762,1.0
-8.810021,37,82.597903,0.2615838244775027,0.06386446363017137,0.13603312209691995,0.31703996978849525,0.04547852622511061,0.07089486385047625,0.35810810810810806,175.12879932698644,1.0
-8.388198,36,82.731366,0.2634428003540603,0.04233241208796698,0.11232795721189326,0.3165762947337879,0.03002068213200798,0.036305351341035276,0.35185185185185186,173.15930755231062,1.0
-11.257152,37,82.867068,0.26449503506895117,0.11930280358290783,0.12586032939523598,0.2995321495969248,0.09345648324168544,0.0331378243622607,0.3716216216216216,181.79713760082427,1.0
-8.3087,39,82.99853,0.2664921911995263,0.06111082746169445,0.10338930180112839,0.3022297318305443,0.04573577709995207,0.0626402116704562,0.4038461538461538,182.75486759993063,1.0
-9.302111,38,83.137693,0.2643785430205198,0.07144936089283707,0.1045080989705507,0.3107471310274179,0.05546769350158259,0.05048248355904972,0.375,183.24468581738992,1.0
-10.229518,38,83.275317,0.26536509880534204,0.11124954673385773,0.09607174845005832,0.29486162044021996,0.08695807171983466,0.02901992010396555,0.36403508771929816,187.88300152197996,1.0
-10.666965,37,83.408918,0.263299366938409,0.08646698913635048,0.10560809860345884,0.31855304802267087,0.0651171712962146,0.02657954911297479,0.400900900900901,187.88809724058635,1.0
-8.987214,37,83.542049,0.26699556061311813,0.07575571961780425,0.11741209969155014,0.30626458913175736,0.05968438750508966,0.056891815514191424,0.4256756756756756,176.0914338242005,1.0
-11.88089,34,83.667143,0.2681383261879108,0.10241154762053087,0.10003264112032015,0.3096893911428787,0.08063235995058142,0.0307515031834288,0.4019607843137254,172.47648140385044,1.0
-9.845275,36,83.81091,0.2650903151391824,0.07892781190248116,0.10537304356587363,0.3028002729414174,0.06256198607277999,0.02313972235701816,0.41898148148148145,182.50131689110967,1.0
-10.051024,34,83.933482,0.2622154128581373,0.06395177357302176,0.1285693127229186,0.32595357567984096,0.04703239806676285,0.06407882367722888,0.42401960784313736,170.8111220227216,1.0
-10.371216,35,84.059061,0.262660453148572,0.09096433568662354,0.13981025197981364,0.3232221330181894,0.07187869235165088,0.05721465624552974,0.430952380952381,180.97823126992452,1.0
-8.567091,38,84.193492,0.26639191155393477,0.06086188111732103,0.11480857534276295,0.30095230146683943,0.0489423222522836,0.009831918747908234,0.4276315789473684,178.3203387396251,1.0
-9.07593,37,84.32864,0.2638881868048543,0.037361275519115604,0.13734898180403657,0.31049030073191886,0.023925456585191684,0.06026603909955516,0.427927927927928,177.21790872347327,1.0
-9.548582,37,84.461553,0.2663300652379709,0.07173154685309317,0.1133232574502017,0.3074189938352582,0.05556829647902743,0.04989597163676751,0.4391891891891891,181.4408560330173,1.0
-7.363696,37,84.593468,0.2577974419697901,0.024481985780230912,0.1209097243281755,0.32763087189063,0.002939867168180836,0.07220855500360643,0.4549549549549549,172.22997040620243,1.0
-9.379812,35,84.719217,0.26096684784415963,0.11110336112903614,0.08383788209766718,0.30627395180812633,0.09067315994798779,0.03051709436557139,0.4142857142857143,189.39187119460365,1.0
-11.28317,34,84.843696,0.2622592934197118,0.11239909705700013,0.1034714900330078,0.318216638900599,0.08604490948983738,0.044299684128987084,0.448529411764706,179.06064249336737,1.0
-9.124216,35,84.965177,0.2580051697905129,0.04707204749506152,0.11416208541611089,0.3329925622543441,0.03218144010984319,0.041510146923572244,0.42857142857142855,176.024158015681,1.0
-8.678652,41,85.106158,0.2687847910100996,0.02671868938988301,0.1465133183676378,0.3033820822370836,0.01731851942745057,0.07809103872339142,0.4552845528455285,179.51292289915528,1.0
-8.241975,40,85.25559,0.2729295924988583,0.03663828879464003,0.13262334715169385,0.29256099262728946,0.024422534814031862,0.04485287687512065,0.4604166666666667,178.87734748859725,1.0
-10.313376,38,85.389382,0.2657734787822278,0.11305089325687594,0.13396287428538636,0.2923748272040127,0.08957315630131363,0.048183718688771617,0.4473684210526316,187.40341675304578,1.0
-9.629001,37,85.516249,0.26128162808427624,0.062240402274528525,0.1285755095650716,0.3224478235255705,0.04425382553705719,0.06051423516590152,0.4549549549549549,182.87617116203194,1.0
-10.945909,36,85.647162,0.2640333013827241,0.10480900483337999,0.1064090944984972,0.30956976563375915,0.08109410046720981,0.041090256472880275,0.4583333333333334,184.70956332502382,1.0
-9.206752,38,85.77863,0.26498162978317513,0.06142681538105669,0.10265417671883609,0.30652258313972586,0.04525285177116398,0.04097494345041341,0.47149122807017546,181.73009759970628,1.0
-7.940381,41,85.926582,0.26508802932930614,0.04080089964279297,0.13243280946261593,0.30234818434917393,-0.024388681998848163,0.0603198099058194,0.44715447154471544,180.2311758959116,1.0
-7.997,40,86.06938,0.26767553016546713,0.0226653117814021,0.11872149990159292,0.3027822033786378,0.00496734542853865,0.053337950805884826,0.4541666666666667,188.81184417901792,1.0
-13.91211,35,86.197823,0.2719990905821173,0.17037240208263385,0.09994583914855913,0.29302770697134206,0.1364431095961752,0.06798819856638463,0.4738095238095239,177.09048564236505,1.0
-8.895345,37,86.32378,0.26448000295045343,0.07736881855016087,0.11329851610673493,0.3008895924526409,0.059344084127040134,0.054555076167801086,0.47297297297297297,187.166670492739,1.0
-11.432587,34,86.444795,0.26490545757596734,0.10923917775269902,0.1539202880566296,0.3067358472432248,0.08303004006740988,0.0806339860279756,0.465686274509804,172.8893452167175,1.0
-9.386606,38,86.586905,0.2651749708230595,0.04847281705072836,0.14073301811291808,0.3068743651033669,0.032896510433377074,0.06012361619171056,0.46491228070175444,182.5397475806216,1.0
-9.397711,37,86.720389,0.2663441909180869,0.06704087742701827,0.0973174532234016,0.2995079103242217,0.051380119060138146,0.05014197138404353,0.47072072072072074,183.51368099101137,1.0
-8.091481,39,86.909007,0.2667315788981045,0.04561980388914102,0.1329938586529249,0.3068800242979353,0.030624090218871806,0.05791989981512874,0.48931623931623947,180.8074928082348,1.0
-12.141637,34,87.077206,0.26534709888745034,0.13447683680932357,0.12266902066975605,0.3122100781123039,0.10698756292043161,0.0935813785288457,0.48774509803921573,177.44821498577662,1.0
-8.254999,38,87.247888,0.2638717073965923,0.04000334792801126,0.1491504514287782,0.30692327410147435,0.029203151350760733,0.0598344124686686,0.4714912280701753,179.6303057226636,1.0
-7.633646,37,87.383604,0.26225086107051193,0.02556293524192506,0.11635970862928115,0.3052399007105334,0.013370166681370763,0.032010123631546865,0.47072072072072074,181.07364795763087,1.0
-8.971688,37,87.512975,0.2654667634208069,0.054451534045495346,0.1225750413293724,0.30387308452329487,0.042417673960229885,0.03665567131166664,0.4504504504504504,188.3709375478703,1.0
-14.468701,37,87.657481,0.2695008661548043,0.16844116513539403,0.11648047058453356,0.2933421928693413,0.13265209124732444,0.06713112287971724,0.49099099099099114,191.78981514773832,1.0
-13.112397,34,87.779266,0.26509763261347535,0.1349954587323709,0.1302568231104202,0.30492396296445207,0.1048469824471448,0.06591626045398821,0.48039215686274506,180.50578594950858,1.0
-10.293301,36,87.904708,0.2644510007121349,0.09726148745081563,0.11639527036712423,0.32131650116334337,0.07498973008409927,0.06553809526204708,0.49537037037037035,179.08148624332324,1.0
-7.348748,39,88.045625,0.26367016518917635,0.04194703072983066,0.12472326584700101,0.3076477494001674,0.032009474743825615,0.06545779650661696,0.47435897435897445,183.6975191941566,1.0
-9.698759,36,88.174745,0.2673328840568224,0.07565569970298655,0.13617106125623793,0.31040709269312533,0.057470548738150766,0.0814452360383089,0.5000000000000001,169.1061720570312,1.0
-10.718772,35,88.295319,0.266294241464093,0.12430008894965572,0.1410291001331248,0.304824556752699,0.09706458945106734,0.09458851715687969,0.48809523809523814,174.94170464048207,1.0
-10.3891,35,88.417822,0.2619062500574407,0.08543623528074752,0.09465138414911788,0.32165339781321095,0.06781007425445183,0.0322874318997513,0.4904761904761905,181.63877593979512,1.0
-12.610772,33,88.542966,0.26466517306445775,0.1246325736307515,0.13322034573999234,0.3087069747885074,0.0990724537147561,0.07709849136449397,0.5050505050505051,181.23673681530013,1.0
-8.956109,35,88.662138,0.2629621179749704,0.05127102645734495,0.14074642315657276,0.32030808827148705,0.03112117035524075,0.07804469542391547,0.5047619047619047,177.24832584316198,1.0
-9.986216,37,88.789793,0.2654947459657978,0.06365022902396227,0.1356234551828733,0.3188586795343795,0.04781517510010447,0.08038708166866969,0.4954954954954955,169.08861469064513,1.0
-8.827977,35,88.918315,0.25870999735363337,0.06346658516168177,0.14845795597704858,0.32193484374621356,0.04366220031123691,0.09065105041024812,0.5119047619047621,175.03535427722971,1.0
-10.963398,34,89.033144,0.2626714558482342,0.13128120299283963,0.12913622582203949,0.3142828724440023,0.10059303114148134,0.08519719175427337,0.5049019607843138,171.804115820245,1.0
-11.102769,34,89.151674,0.26166083534525875,0.08860663731065777,0.13627947604823235,0.3331771313622771,0.0669408678817678,0.08220679616424308,0.4828431372549019,166.23738001109945,1.0
-11.506055,35,89.276535,0.2666689861538792,0.11544411921960056,0.13750024893833898,0.31106236016801986,0.08931856229130007,0.0934410936977389,0.48809523809523814,177.79629748919544,1.0
-10.989477,38,89.416181,0.27142846657080205,0.13307369737177302,0.1154372036717202,0.287322024705701,0.10324991759078465,0.07740153156921066,0.4978070175438597,177.4994783807807,1.0
-10.028275,35,89.535493,0.2572095848991748,0.10330462529469793,0.1047542353867304,0.3211957709255024,0.07870645105011469,0.053706661475906886,0.5071428571428572,185.06536386368114,1.0
-12.33655,33,89.658309,0.26448647134770265,0.11763153806214219,0.11113723171071371,0.31879575920686687,0.09133696667857624,0.06458702602832603,0.4848484848484848,175.0223428818793,1.0
-11.522847,35,89.780904,0.2659614608811124,0.11391362758326544,0.1273672129855701,0.31356087566833934,0.0890060426252014,0.06838596293592825,0.5047619047619047,174.64390253083292,1.0
-9.403269,35,89.91398,0.2630873402683743,0.05240818803013885,0.12739794977775729,0.32209780906110264,0.04041248651417395,0.06950996685031767,0.5071428571428572,175.6594263837921,1.0
-10.189181,36,90.043639,0.263438712253524,0.07962119575210629,0.1708156555341268,0.32437955465376295,0.060469684344194974,0.12502371110482813,0.5092592592592594,174.32563137412126,1.0
-8.514411,36,90.187171,0.2590547618831461,0.06443143905305904,0.12303138328366987,0.3118231622525878,0.052591075001014384,0.033265354665402265,0.5092592592592593,192.34229563163152,1.0
-10.470175,37,90.32796,0.2640313787907528,0.09012024302387911,0.1408459121214388,0.3112793891580613,0.06557383375951358,0.0815535387134178,0.5022522522522523,178.54392549704355,1.0
-9.681546,38,90.467585,0.26714841756301383,0.049611618449261305,0.16699241631126313,0.3163695915120803,0.036507115701758186,0.09386839386443391,0.5153508771929824,176.67627563597145,1.0
-9.693203,37,90.59885,0.2648476485358219,0.07759870494383697,0.14508560924435468,0.3123479107091322,0.05725778209454122,0.09176612167165689,0.4864864864864865,176.70948670934274,1.0
-9.689585,36,90.726754,0.2640333531388158,0.06431405011334639,0.12145835647633989,0.3227470250408386,0.04983523585804497,0.05735435654995697,0.5092592592592592,172.152306679886,1.0
-9.332378,37,90.86773,0.2628619684967529,0.06650129225098059,0.13530202029972893,0.31436209793181885,0.050500175611289826,0.0608912425082561,0.4909909909909909,187.01167836645223,1.0
-8.265275,39,91.002918,0.2628985072768578,0.08564731533131802,0.1070301968721426,0.3049780155149878,0.06629208145639703,0.0591339135060376,0.5085470085470084,175.34679134252025,1.0
-9.61768,36,91.127527,0.2642798109628337,0.08633481017738069,0.10903421418233691,0.3115984746935107,0.0697141467031656,0.06264821756338608,0.4930555555555556,179.499838338058,1.0
-10.277711,36,91.26023,0.26302423308264455,0.10657273881871124,0.11573943663123831,0.31653467235686916,0.0817970920105396,0.06777284341189077,0.5000000000000001,178.59313048629085,1.0
-10.122742,36,91.384494,0.26445302891811384,0.06543613206776916,0.1557468430689916,0.31693016349317493,0.04703600064599019,0.10836121600273353,0.5208333333333334,173.08614714932784,1.0
-10.967685,36,91.507837,0.26433804539375494,0.12199256617768456,0.14777712656137154,0.3107042716003518,0.09238471658475098,0.08939780057975055,0.49768518518518534,175.80184022700652,1.0
-8.3294,40,91.644552,0.2695717653209341,0.04851368566020838,0.12047774881132574,0.2997064336554306,0.03593189647482496,0.07901236780050766,0.5041666666666668,170.56707265025992,1.0
-9.903301,38,91.781946,0.26924695450399766,0.061691258113911414,0.14567543525893514,0.30612317027987956,0.045999542680886386,0.07798114640572947,0.5087719298245613,176.16050119661205,1.0
-8.580014,37,91.914485,0.2648056824719241,0.061068418740362514,0.15780030102357695,0.3130000611729979,0.04361539871800351,0.10101741195969595,0.5045045045045046,169.71065435956749,1.0
-8.343408,36,92.044482,0.2608846420099375,0.03323128396763548,0.14443197371659258,0.3251275184106484,0.01793427907206842,0.0909092085921677,0.5069444444444443,173.92597640947375,1.0
-8.343581,38,92.188421,0.2667978566419276,0.04050054736586807,0.1262460387074632,0.30457864905395543,0.028495913283782367,0.08404951062956373,0.5000000000000001,170.42101551757713,1.0
-12.800932,36,92.314483,0.2636938225955139,0.15429502430734432,0.12888529723513345,0.30707312373261253,0.11869684347832041,0.08287573137559316,0.5416666666666667,179.3560323758654,1.0
-9.6241,36,92.45052,0.26185492719360376,0.08677118910619075,0.09917047206754748,0.3032970217332429,0.06816782628035652,0.049065146766588054,0.5300925925925927,191.93508099342677,1.0
-9.22798,36,92.579084,0.26060567077539215,0.023258847496424512,0.1301669286183187,0.32277619117824263,-0.0018778109034425382,0.053741310617456454,0.5416666666666666,173.37876973747078,1.0
-10.1296,39,92.721309,0.27057462164887836,0.08370881227321103,0.1215080895854131,0.2923580578098533,0.06375902279338277,0.0669729279898843,0.5277777777777778,178.84786027379607,1.0
-7.524166,38,92.861134,0.2646623548319562,0.0702738878422664,0.1210566432183217,0.3073070087487175,0.051756621309348785,0.054260814928357895,0.5241228070175439,176.1289740582128,1.0
-8.869811,38,92.997369,0.2648862294848848,0.07879756648571365,0.1321503182722277,0.2949497333140738,0.06329164685337418,0.06869812717524433,0.5241228070175438,187.0056192637556,1.0
-8.427901,40,93.146687,0.2698312045929823,0.07159036410786644,0.1487791689507626,0.29213513682350695,0.055684344155861674,0.09645941046255675,0.5312499999999999,178.59504308189568,1.0
-10.067295,37,93.277009,0.2656722538023241,0.08605961688652672,0.16597565069507658,0.29983334656106747,0.06993271930638924,0.10594080423706932,0.5382882882882885,181.26333155480822,1.0
-11.447645,37,93.410675,0.27089726539856707,0.13906669839297206,0.13476891106336103,0.2837920322239229,0.10949240364217855,0.08266911145899977,0.527027027027027,174.46241967390054,1.0
-9.625152,37,93.545568,0.26341078991801825,0.05921427627337225,0.13887901441589276,0.31975222412315535,0.0454158835470756,0.09285627932512183,0.5472972972972971,175.32607846929574,1.0
-10.356389,33,93.660154,0.2582295709514264,0.08733164374902282,0.1175117092285975,0.33037460409844627,0.06729196106406372,0.04807782924969943,0.5454545454545454,175.45637000572833,1.0
-9.833781,38,93.791577,0.2653707384858863,0.06878070549041143,0.15879403876084497,0.31951009566738214,0.0530563327651531,0.11823559758161428,0.5460526315789473,176.15284085246105,1.0
-9.36092,36,93.918129,0.2594670347066763,0.06780089768067424,0.12292720320036583,0.33305977599771414,0.05289290927417048,0.07800041968234642,0.5416666666666666,184.7378669868807,1.0
-9.340692,35,94.047608,0.2582668603787862,0.07933677371809894,0.17927266507663928,0.32789952953971135,0.061183188873665334,0.12284284879037072,0.5428571428571428,170.9389784618923,1.0
-14.117516,36,94.171931,0.26731342220508425,0.16936253798015194,0.13594833450557903,0.29037677250712846,0.1318629774037791,0.09077788195947094,0.5416666666666667,185.91662276660304,1.0
-12.418411,34,94.295004,0.2654245620247837,0.13624189937859688,0.1372588237601262,0.31495170086058816,0.10407531908956642,0.10315274041702392,0.553921568627451,170.49235845514434,1.0
-12.363519,35,94.41867,0.2661104978235637,0.11987975067241295,0.15771267459571428,0.31525103970217017,0.09483305880410602,0.10247349131962515,0.5357142857142858,179.40959026969776,1.0
-9.941183,37,94.553176,0.2688822242599821,0.09580016815458157,0.13098134474755763,0.29457831327317885,0.07800249515078603,0.07947601265621697,0.5540540540540541,180.4765288107044,1.0
-10.774978,38,94.693785,0.269621358853774,0.1211253752536182,0.10292287458718342,0.28648523430783657,0.0962985552490363,0.043868453570216535,0.530701754385965,190.45583012326463,1.0
-10.368003,39,94.835433,0.27085576377778303,0.11526768784844642,0.14298770842969674,0.2874921789099768,0.08863857375340348,0.07411828354508888,0.5427350427350426,185.29802302163398,1.0
-11.283552,36,94.969888,0.26348094715942,0.1159970454159964,0.12870368945571917,0.30958642076867243,0.09078435618591224,0.08753473053856113,0.5555555555555555,173.6207727951048,1.0
-9.098199,37,95.105046,0.264543591035328,0.07129498673605256,0.1445729937423128,0.29933618419605107,0.05475592514251459,0.09551671795968057,0.5247747747747749,181.03636970586894,1.0
-6.585814,41,95.248269,0.2669796372104287,0.027325598684680128,0.18777211336355884,0.296185903377226,0.019332744449957435,0.1212068508865063,0.5365853658536583,176.71400752310475,1.0
-10.478277,37,95.383095,0.2670768783490676,0.09609964309254511,0.15911951288564102,0.3094016843001109,0.07503663730438923,0.1067143687728389,0.5360360360360361,178.0539741367005,1.0
-10.61447,40,95.531041,0.2729183522787102,0.10817175463644836,0.1268404417140187,0.28340490761067805,0.08607244145491587,0.06142702284015269,0.5562499999999999,181.7465827508582,1.0
-8.503138,38,95.667575,0.2617391911165584,0.0484328019506815,0.1340513293461461,0.31915976607091096,0.036254742264465525,0.08189220873487356,0.5394736842105262,180.08838520759062,1.0
-8.215392,38,95.800344,0.2665018928357575,0.05209697342390701,0.12447817256502136,0.30642267616864366,0.03819827991309413,0.07724204499710284,0.5438596491228069,170.47560536435688,1.0
-9.892764,40,95.94981,0.2680239202368455,0.11506583125321755,0.1471227177164234,0.29206454966074824,0.09013901312430707,0.10436343723737185,0.5395833333333333,184.9126637640721,1.0
-12.75056,37,96.081368,0.26171314618457564,0.1524509306391654,0.1354279929175511,0.3023098830864054,0.11733012437477036,0.0874381205631923,0.5427927927927929,187.7460913961766,1.0
-9.331068,35,96.203464,0.2617243677748917,0.06561699699792742,0.12447215120486281,0.32176870898861004,0.05040360601545032,0.07826799112907873,0.5190476190476191,181.36557703693134,1.0
-10.19978,40,96.349467,0.2751306996944133,0.12096564502032599,0.12105142024146373,0.2716965563949162,0.097627703408347,0.07488274884115279,0.5375,186.09817754715678,1.0
-8.735359,44,96.504662,0.2780447263909657,0.1047966097915063,0.13961763246453174,0.26444803033434844,0.08215895821608304,0.07182899931570427,0.5416666666666665,191.02443388794882,1.0
-5.840296,48,96.674184,0.2792867240849964,0.059783770595751407,0.14704592173172418,0.25881936408190187,0.04952544272217533,0.07951138241677809,0.5364583333333331,198.13059276771813,1.0
-7.254322,43,96.831852,0.2739960534519912,0.02012498549569042,0.1648485997359861,0.2868443418753935,0.003351477277146717,0.11158803780312544,0.5310077519379844,176.60152954565004,1.0
-8.234673,38,96.966582,0.2652410920642107,0.07846330210742197,0.1491424883309454,0.3017217783985813,0.06315058457312955,0.09689439015390622,0.5372807017543859,177.41201643737523,1.0
-7.001721,45,97.129807,0.2735245716121834,0.037548976696428045,0.15140829151709526,0.28300699363118786,-0.007343554210231947,0.08998606911355057,0.5462962962962961,182.1499196251045,1.0
-5.838137,45,97.295018,0.26747338728089975,0.03620611913223396,0.1501709095998436,0.2894367200218309,-0.009905803570336809,0.08292972112802413,0.5518518518518517,187.07196909902433,1.0
-8.632568,36,97.423237,0.2583946696671941,0.04774280297856894,0.15007497693805832,0.32850874173832556,0.03505941490913492,0.09039475981293414,0.5370370370370372,180.46266681812799,1.0
-7.590036,42,97.571418,0.2680521982289801,0.03877440505085597,0.10831136328453367,0.2898227401735663,0.02964411876105542,0.06548264935409824,0.5396825396825395,190.03523941455435,1.0
-7.445927,45,98.080862,0.27448886555078333,0.07462843035694856,0.1398847259166516,0.27244678169229525,0.06065218768439342,0.09135872161577399,0.537037037037037,193.12017594564608,1.0
-6.702568,44,98.239238,0.2732079546824477,0.04422476175540493,0.14638590487426578,0.28219326087000346,-0.015431449312416724,0.08441568410626897,0.5549242424242423,186.3717236797868,1.0
-7.891012,49,98.409631,0.28615043653620786,0.06493304520076482,0.14747955217478737,0.2521437617120173,0.051359327541142565,0.08520028620265335,0.5408163265306121,195.18575784248955,1.0
-8.03549,42,98.567342,0.2648234778291249,0.07233490454471987,0.15618171777204157,0.3083959706623073,-0.037423067875580245,0.09780438192546193,0.5376984126984127,181.81153227903118,1.0
-7.018795,42,98.717088,0.26778236231975416,0.032744692257608024,0.15565810769195995,0.28614453559940095,0.023532239113265487,0.07521109209220593,0.5496031746031745,190.2002584965988,1.0
-5.54333,50,98.903135,0.2800993340740169,0.0355197103852376,0.1386443056293245,0.26210677541237437,-0.0017833980497794595,0.08891442072712247,0.5583333333333332,199.9895224641298,1.0
-5.515893,53,99.095011,0.2909392780143091,0.053423985622333386,0.13080065795186838,0.24432512345441085,0.04510375227222051,0.060373278829242226,0.540880503144654,201.58823970929797,1.0
-8.167577,46,99.271409,0.2769193148192135,0.07823853965078105,0.1451238630750991,0.2820480440811224,-0.04593274738200514,0.0834485936018303,0.5471014492753621,175.06043507708495,1.0
-6.055673,50,99.468351,0.28132634690879976,0.03954960155812623,0.12599584688512055,0.26097721414579284,0.033563868762497256,0.0666740299305614,0.5533333333333331,203.80772864850206,1.0
-15.314587,42,99.620749,0.28397646137723853,0.19539617152044272,0.14304172310422267,0.24960975862875642,0.14876576907979394,0.11392340711119577,0.5357142857142857,184.32817988498493,1.0
-6.422668,47,99.79139,0.2806940486199797,0.022584996803322533,0.1484659148530658,0.2742603753979795,0.017251481298637038,0.09383741186400213,0.5425531914893615,182.4296169298203,1.0
-9.462311,48,99.97452,0.28421982362345005,0.10915498630973312,0.12945942669067195,0.2603677806108045,-0.06461365277883553,0.09856013920118456,0.5434027777777776,173.52515719032274,1.0
-8.327395,46,100.144054,0.2835786024380774,0.08378135379872671,0.11041718022526022,0.25944359874600575,0.06923211863177263,0.06658650483941415,0.539855072463768,194.88583117236237,1.0
-6.912543,50,100.327624,0.2849835414435341,0.053153028323882745,0.14753837303674305,0.2588481544488354,-0.024152644729331704,0.09466256174950952,0.5449999999999998,186.00904421368537,1.0
-7.358556,49,100.511749,0.2839566452005473,0.05406445208832047,0.1265343609673374,0.264411502013725,-0.017228479524781345,0.07587283076613134,0.5510204081632651,192.62147079168167,1.0
-8.778804,43,100.657829,0.2640296187832538,0.0923062765027623,0.14954802035614256,0.30384383602988346,-0.05590511238273605,0.10970539285106057,0.5445736434108527,182.98158857045277,1.0
-8.945967,42,100.804805,0.2763521176184774,0.13084269664210385,0.1367485426421412,0.26888275116394406,0.10319583072472223,0.09859800894629436,0.5515873015873014,201.36350784651123,1.0
-5.799922,48,100.988194,0.2804449368925138,0.023927101969720897,0.09979902528524466,0.2655360559875011,0.008974972314256901,0.0700420178573395,0.5381944444444442,189.32547697869708,1.0
-7.448692,55,101.189569,0.3005540995063627,0.06402652505142317,0.10259489921916949,0.23469423394861266,-0.029457744486566188,0.06726539945241936,0.5560606060606059,190.31700687642322,1.0
-8.974917,49,101.373171,0.2861776245569543,0.10142157968350624,0.14042808132663875,0.26171770498279356,-0.06063586998307896,0.08319035365106196,0.5476190476190473,182.04840916191864,1.0
-14.408093,46,101.529834,0.28752751980438124,0.16957789501116083,0.11802939197007299,0.25582703285003106,-0.11685486313457806,0.09938859014682495,0.5416666666666666,168.42430534383854,1.0
-15.312571,50,101.705548,0.2950046966206814,0.1743662261382294,0.14508682513948237,0.23834782306346622,-0.10799662864586265,0.0991302563163408,0.5566666666666664,176.17621526020727,1.0
-15.694759,53,101.904194,0.3048099485238125,0.17139363929880208,0.12428889205325962,0.2233776436121634,-0.1033382304252667,0.09316176310340152,0.55188679245283,177.70788526095654,1.0
-6.906822,50,102.075939,0.2863875699855721,0.029328995848432095,0.12447637002911004,0.25344757432893056,0.0005404212228644795,0.07949609687490368,0.5566666666666664,190.82438684146257,1.0
-11.287638,50,102.271852,0.2889350749799495,0.1346159653576024,0.13953530116673865,0.2566988443657278,-0.07853012360648934,0.09920636883761624,0.5566666666666665,179.5976364795292,1.0
-13.366016,51,102.455037,0.30146225452789566,0.14677734010229687,0.12270714410332174,0.22917059342645751,0.10523073112105315,0.08217194380665932,0.5408496732026142,192.41070555467465,1.0
-8.117607,51,102.632502,0.29134532454234646,0.0845410668770004,0.12300323193482834,0.2513888685934505,-0.04441059945071674,0.08525363836193878,0.549019607843137,186.76414188499606,1.0
-12.058965,46,102.800341,0.2753045519116996,0.14390029739295496,0.1378262313278268,0.2735802993016547,-0.09315331329532424,0.11407149947664844,0.5579710144927535,184.90282980527246,1.0
-8.033477,54,103.000162,0.30045551173455415,0.07787005233046145,0.09103711600600166,0.23398329574011992,0.06082036897060197,0.06067114528385596,0.5601851851851849,198.9646967692593,1.0
-10.631022,57,103.211186,0.3065887397335671,0.11630611781863746,0.12315162088805177,0.22930103006591526,-0.0605648182295277,0.08515042696872259,0.5555555555555552,187.97389323005524,1.0
-7.146179,43,103.369536,0.2709627897580234,0.021243326949718956,0.15384520521786824,0.30195981729020915,0.011633020797285074,0.12143498541502869,0.5639534883720928,173.47925576597015,1.0
-25.640416,46,103.532886,0.29560016613589124,0.2737711917843687,0.14818120060620033,0.23310389493585376,-0.18385304252863308,0.12877164847543748,0.5706521739130433,163.62978628285063,1.0
-9.856505,45,103.693294,0.28043487095971553,0.11411769421448233,0.1330404231029071,0.2766950110288165,-0.06836718054055156,0.09895920232191159,0.5592592592592592,175.2154713309101,1.0
-13.816446,49,103.864521,0.29980317468538537,0.17647346187706686,0.10977358653229424,0.22144563155090868,0.13035175875317132,0.09124097562706951,0.5714285714285713,198.9438039214729,1.0
-8.465396,54,104.047613,0.30174702553735955,0.06378493057000865,0.12845895187839484,0.22719270114657897,0.05280009872574986,0.08865087201125421,0.5663580246913578,195.96794350052494,1.0
-6.29195,48,104.220841,0.28523424616113446,0.0490054065898822,0.13434578045444404,0.2611821625151895,0.04092599694604021,0.0942552479432996,0.5434027777777776,189.88506039515596,1.0
-9.84127,44,104.375233,0.2710618406678523,0.11549288361154429,0.1335297495783899,0.2933885805235906,-0.06911513801670591,0.1013315508453462,0.5587121212121212,178.41863230420887,1.0
-5.269627,51,104.564324,0.28415358183185846,0.034247476434770045,0.1125435416941899,0.25654490254538154,0.0007017296704410883,0.07309844303032725,0.5539215686274508,199.26421299108276,1.0
-6.092971,52,104.744265,0.2901065003815776,0.025065882934751885,0.12430761221650612,0.2486859726348622,0.013541623849735602,0.08836986324149611,0.5608974358974355,194.49593032394506,1.0
-6.589179,55,104.940272,0.29795742218485005,0.0609733564974116,0.11216243887386126,0.23362389036269038,-0.017829693661619815,0.08227987458606104,0.5590909090909089,201.42797402149372,1.0
-8.03214,47,105.114144,0.2791169141284631,0.0753182079016895,0.11861615112415505,0.2706174281685421,0.06188707660912114,0.09167446440941109,0.5656028368794322,186.29043808717827,1.0
-7.354971,46,105.281029,0.27584964685327973,0.06823956639019627,0.14355554691876993,0.2778827745179198,-0.03376728592784119,0.10395439944651773,0.559782608695652,184.5489638057959,1.0
-12.243642,45,105.448893,0.2890453425366645,0.14587734744802708,0.14613466870578826,0.2428452045959934,0.11241283931808811,0.10307497094442054,0.5537037037037037,188.97059183466266,1.0
-11.523372,43,105.605367,0.2669271898565162,0.1505328214819855,0.14285684837564994,0.29522391120963487,-0.09056557605247399,0.1059253705216504,0.5600775193798448,175.81840817230972,1.0
-13.180931,40,105.747252,0.2706897028695325,0.16765281890672204,0.13629970080928872,0.28297844227115454,0.13146084593953095,0.1178785885071155,0.5499999999999999,179.2481824189916,1.0
-5.906243,45,105.904452,0.2758528735876418,0.028457931372741115,0.13219771072715464,0.27446434813508264,0.0029104261990613857,0.07941784079709721,0.5740740740740738,182.0701898463346,1.0
-8.624058,43,106.055268,0.27417615550078567,0.10732472464820415,0.13413266808818364,0.285520156092743,-0.06670445454095884,0.09757571170158048,0.5736434108527131,169.03449958264775,1.0
-11.137121,41,106.20199,0.2728648325921627,0.13038477245791857,0.12591896800686422,0.27972879469578316,0.10316285815426579,0.10452319190551355,0.5609756097560974,182.3353204049444,1.0
-7.244063,41,106.348613,0.26392557148781937,0.023502962674896658,0.14461400197318164,0.31254441194251353,0.008649095857983695,0.11643764413880439,0.5548780487804876,178.08718691732273,1.0
-9.123526,40,106.497339,0.2653831815485926,0.1155646415545744,0.12451418433347268,0.28824998199629764,0.09271945865390911,0.08596850511599041,0.5729166666666664,187.91726472108425,1.0
-9.307394,48,106.669531,0.2841736523615817,0.11436295524062538,0.11457661628330319,0.2588303323365501,-0.0656104216058588,0.09009787548399374,0.5642361111111109,175.63039009223198,1.0
-6.504213,45,106.82666,0.2690685561964971,0.028640681913441914,0.12778647542126234,0.2912776358499394,0.016220560545212644,0.09195570473793377,0.5611111111111109,182.25696193914663,1.0
-5.537851,53,107.025927,0.29124390470957884,0.02896947647692546,0.10681584969916179,0.24754297255828434,0.010334305178788637,0.06591561397715713,0.5660377358490564,187.95065695146536,1.0
-8.40081,46,107.189337,0.2756781952879659,0.09114621010455283,0.13494465383647627,0.27412412020043786,-0.04899078907514026,0.09740415882578175,0.5615942028985507,178.2299109951579,1.0
-6.942859,44,107.353379,0.27339672299408513,0.027792255553831566,0.13434383777020778,0.2808710902183489,0.01623727049861152,0.10315877424011086,0.5606060606060604,186.16187201456265,1.0
-11.617205,39,107.494954,0.273924426353712,0.1609654570861548,0.12243267484303995,0.277908669386982,0.12604495298494817,0.0978973235747909,0.5641025641025639,175.77627087555618,1.0
-7.08406,39,107.631383,0.2587608752187538,0.056982761230348615,0.13503044901109196,0.31825245646586536,0.047337314394865104,0.1022150520229304,0.5726495726495726,175.42549999844212,1.0
-7.585743,39,107.776548,0.2622410521544673,0.031211839807902594,0.13298455676895704,0.3106967034722251,0.004578353997183737,0.10270653661704411,0.5683760683760684,187.31925126757162,1.0
-10.920029,41,107.922788,0.27063920728809426,0.16829757784883734,0.1314656961110739,0.2791693838656404,0.1299457468426047,0.10131918656532322,0.5630081300813008,184.15857882287435,1.0
-6.060326,39,108.055656,0.25962734399905685,0.027705975033368357,0.14128955890077527,0.3165578412146181,0.0036039544390876746,0.10035322323128373,0.5555555555555557,186.5190374878036,1.0
-6.959563,41,108.200609,0.2668575240884721,0.06708399786280374,0.17094201562299008,0.2997084869895712,0.0565920701830087,0.13277304295451547,0.5772357723577236,179.27118240211246,1.0
-10.180271,39,108.342491,0.2626734049388068,0.11741949345150349,0.11645307710163617,0.2989462578852434,0.09416706476880589,0.0780507820622345,0.5683760683760684,182.42152496224378,1.0
-13.619802,37,108.47052,0.2676086296590468,0.188803971634452,0.14232381784017567,0.2885648799526271,0.14838862813268255,0.10566368599524033,0.5563063063063063,187.69498051143134,1.0
-9.725801,41,108.613894,0.2693548451201141,0.11936401088411569,0.1085456023600572,0.2777436515442307,0.09712128914841951,0.07865982267814814,0.5548780487804876,193.53616464550103,1.0
-12.622881,38,108.749374,0.26924812152567934,0.16344881417255291,0.11170999428308483,0.2852748539191734,0.12921221389527554,0.08750576708051175,0.5592105263157893,183.5485383332387,1.0
-7.1354,43,108.900261,0.26231103624115004,0.08968883009267102,0.14120328611146643,0.29496844266949673,-0.04328274085620721,0.10255316530638013,0.5658914728682171,187.56757150197336,1.0
-7.506902,43,109.053898,0.26774611373031515,0.04458882372837689,0.11087656616980959,0.2988202232775158,0.036838456793114024,0.08528808122055126,0.5620155038759688,193.39422526522193,1.0
-6.395693,46,109.223692,0.27069384038030897,0.04622286204779655,0.14279254120030013,0.29147688823613666,-0.01643429281238381,0.10041374760047461,0.5670289855072462,181.10346502299052,1.0
-6.60994,44,109.383411,0.27182917044827765,0.029483181151388982,0.1368743056644893,0.289033843566366,0.01870608429961816,0.09226060240874666,0.5643939393939393,180.93380903446885,1.0
-12.225885,41,109.537215,0.27447697020441203,0.16110273977205564,0.1443964581374251,0.273718697093439,0.12647300265867228,0.10996059416786824,0.5630081300813006,186.06925519478324,1.0
-6.50965,40,109.681651,0.26087225730735175,0.04939146396702699,0.12874125805694542,0.3088276528876012,0.042802704379359104,0.09367461376832768,0.5687499999999998,184.51186328783294,1.0
-9.0173,42,109.836913,0.26865373853211866,0.10494672240683003,0.11912493037580474,0.2864323187448403,0.08338196432461133,0.09253570412971394,0.5575396825396824,184.67433757346774,1.0
-6.707988,48,110.002595,0.2820409471850475,0.06767475777306517,0.11960683655938144,0.26566446165757157,0.05565565600254882,0.08044959850419867,0.5659722222222219,187.57086847873288,1.0
-13.726468,41,110.154604,0.2753297194180217,0.16511876601035075,0.10499613972452874,0.2700741298797056,0.13020049378917908,0.07423642410135095,0.5609756097560974,196.3806960094662,1.0
-7.180368,42,110.300441,0.27150150213501184,0.042323961054882196,0.12360255436670373,0.2929862103191397,0.03463960741242874,0.08839282775473886,0.5674603174603172,181.0584200216324,1.0
-6.404427,46,110.471715,0.2786072501408237,0.0297571696295555,0.14504547697709846,0.28356756377125647,0.0032939038206171735,0.10429264427962623,0.559782608695652,181.628184666845,1.0
-8.902598,39,110.609424,0.2700254950133472,0.08570600846504073,0.1405055133882871,0.2931237510742605,0.07062454740808391,0.10848858897520075,0.5619658119658119,172.92949995163596,1.0
-18.215971,41,110.750778,0.28946973878241583,0.230799556103613,0.11333052972429733,0.24040291695218216,0.17538214945099584,0.08894052227734428,0.565040650406504,186.0224050346929,1.0
-11.088816,42,110.901694,0.27966937561545124,0.1282793749092403,0.14013602791023544,0.2617415574101413,0.10155481688191305,0.1008417519015466,0.5654761904761905,183.81580291369212,1.0
-9.907991,42,111.058306,0.27177369403315355,0.12440922721452825,0.15424447776698463,0.27781254565224767,0.09826830744000338,0.1165849039149082,0.5694444444444442,182.45754482392618,1.0
-8.785451,41,111.199714,0.2668239713666571,0.10499922979103728,0.11980116279782646,0.29683998256092425,0.08310794985666042,0.09163593466320429,0.567073170731707,175.48893339849954,1.0
-7.531063,44,111.356229,0.2745908334350681,0.07316022453018922,0.11157095732856584,0.27210130601703075,0.062436045336247366,0.06937096958759294,0.5662878787878787,205.44837189970815,1.0
-6.071669,43,111.513737,0.26754944428088406,0.04144269826800414,0.1103654154805487,0.3061651162357918,-0.012035534468597214,0.07801675790141369,0.5542635658914727,179.50749446673362,1.0
-8.690273,40,111.65216,0.26983503568852285,0.08210156850301953,0.12466674467051973,0.2924515012377363,0.06726693468585335,0.09212616644240469,0.5666666666666667,180.259954785551,1.0
-5.740555,40,111.789096,0.26421189365406095,0.033757479419347446,0.12465202562251686,0.3159310013095883,-0.00556855408971609,0.08875225177193649,0.5520833333333333,172.70744476343526,1.0
-9.227745,46,111.955208,0.2894930462041682,0.07621085724555748,0.10546288529364276,0.2514684480140615,0.062083878274671295,0.07650805399281517,0.5525362318840578,184.59723152106872,1.0
-11.645393,39,112.090103,0.2664146268621276,0.14333593868773103,0.12288310966422324,0.2901639923458156,0.11366653210572594,0.09358268943115422,0.5512820512820511,184.40506221726793,1.0
-16.316497,41,112.231035,0.2905214094863636,0.20889554479410807,0.13467940308458395,0.2442542933845075,0.1594830470649249,0.10521632324206928,0.5508130081300813,184.70442822918352,1.0
-12.273753,42,112.379941,0.27895173947636587,0.16593586584542902,0.1244439224182072,0.25970899559372895,0.1289833092606708,0.09376242392224403,0.5535714285714286,191.20704996641967,1.0
-10.176468,42,112.522163,0.2669856610571951,0.11086893941787208,0.14167098754226196,0.3041273238375637,-0.059919739303622176,0.10843482551459062,0.5654761904761904,183.71999433576312,1.0
-17.962695,41,112.661608,0.29206554307261356,0.2143964114050877,0.11364257605472465,0.2363752816369759,0.16535689037622825,0.09352838349091337,0.5569105691056908,191.80299257006516,1.0
-14.939801,40,112.810014,0.2821143284322838,0.2058677767495345,0.11095282570194906,0.25205108106500906,0.1583966398586129,0.08540620398537864,0.5458333333333332,195.65889151999218,1.0
-7.560937,50,112.983658,0.286204763961083,0.06540372902345568,0.13115779389988463,0.26354456031822554,-0.025402628956331972,0.0992351949390808,0.5583333333333331,183.66294929005753,1.0
-13.86835,40,113.120987,0.28023345901658364,0.18044119758251242,0.12910155502736348,0.2584766905421496,0.13961963025146645,0.09448334544940894,0.5604166666666666,181.81068154298788,1.0
-23.127194,42,113.268608,0.3026811481147894,0.2571484777299211,0.13427669302721865,0.21848513948085363,0.18999891206773287,0.11108154337110128,0.5376984126984127,175.56416188492753,1.0
-9.606054,42,113.413264,0.27588030570045446,0.13498638619851885,0.11835672163481177,0.26910962895934765,0.10520787312564173,0.09227054475873986,0.5476190476190477,194.38855038814322,1.0
-11.530621,43,113.561493,0.2787230794253379,0.15860114394017807,0.12487964009583381,0.2584469397476381,0.12315727544198875,0.08766504845725163,0.5445736434108526,196.2474359773535,1.0
-8.908308,43,113.722886,0.2740209476130336,0.10797370721751393,0.11882789371642055,0.2750652131732732,0.08804123520781583,0.09023940091298234,0.5523255813953487,182.21834848590564,1.0
-9.749351,44,113.873684,0.27757286152075467,0.12369432890691338,0.10576036517971282,0.27641945901753623,0.09507275435575936,0.08269602747332945,0.549242424242424,185.39826694409348,1.0
-10.689032,38,114.004528,0.2669943579005099,0.15196237321858153,0.10559905245939602,0.2987736469448284,0.11846811003904541,0.06761463339041643,0.5438596491228069,185.48790352944155,1.0
-11.693934,41,114.159163,0.27452612762400364,0.13384855853209027,0.113502727258914,0.2782330000037728,0.10592874243937472,0.08716475550197414,0.5264227642276422,183.6323616504201,1.0
-10.670365,45,114.319998,0.28537428156250816,0.13211275339964657,0.12237807301606113,0.2585823665779735,0.10181432398127256,0.07761869961289598,0.548148148148148,184.3675882527936,1.0
-24.457961,38,114.451161,0.29468191431780516,0.2927275239453911,0.13718982523216985,0.23351861632932158,0.22116793358947787,0.09740295489514562,0.5526315789473686,179.7022772045701,1.0
-10.07321,41,114.597137,0.2653584485525753,0.12111977142967181,0.13886298581520687,0.2962035307445228,0.09782524963130125,0.10048514190488186,0.5447154471544715,193.03942978610974,1.0
-7.793195,42,114.749385,0.2743071926083069,0.0708276284850326,0.14567287009619959,0.2813761686558697,0.05825422241599783,0.1058645694702302,0.5476190476190476,180.21380909832266,1.0
-17.573517,40,114.892166,0.279533847486498,0.22626937388726803,0.11207957614165444,0.2565246279979746,0.1727698035947278,0.09375562356686183,0.5354166666666667,187.7135257006578,1.0
-10.079883,42,115.049356,0.2818335395555567,0.08650335817530934,0.1237630191298862,0.2682736137979765,0.07230788116797689,0.08340046758517142,0.5337301587301586,185.0292912280103,1.0
-6.569406,49,115.231859,0.2891412293604337,0.056210209012225086,0.1092891519419137,0.25457918188628487,0.046722230898176266,0.07537166672667779,0.5340136054421767,186.88283551191503,1.0
-7.35717,43,115.381138,0.272058927616646,0.04798729675583196,0.12135914946903442,0.28995182596470526,-0.018752283547810014,0.0920807593950636,0.5310077519379844,180.37732097693544,1.0
-8.257141,50,115.561916,0.28801062662243393,0.09424651756510219,0.10656858488671148,0.25394029151225456,-0.05004067160315422,0.0663606345364736,0.5183333333333333,189.2211195804275,1.0
-9.123828,45,115.718838,0.2788296369244309,0.11150357323307368,0.08800164524718933,0.26838869542687566,0.0865981086267062,0.06475347745073197,0.5462962962962961,188.69828153816863,1.0
-13.686559,38,115.852552,0.2703679126530579,0.18881834093216254,0.13514378808539576,0.2758464726059594,0.1457578496132693,0.10704470387033764,0.5307017543859649,180.2245355674244,1.0
-6.535262,44,116.008363,0.2724987464176013,0.050709909055656976,0.13747855502154638,0.2798920751601447,0.04488663845418987,0.09175861646283408,0.5359848484848482,193.1994179957984,1.0
-7.270607,44,116.167037,0.27180909900130307,0.02032612000167299,0.11801769087837062,0.2907175331517736,0.01525744174995785,0.08700430321135687,0.5340909090909091,176.31288004992197,1.0
-8.992423,48,116.329264,0.2916813954695492,0.11086088112294674,0.09138176913494205,0.24159976323312762,0.08741557581024827,0.04256935113356475,0.5208333333333334,201.972859497194,1.0
-6.821342,45,116.501243,0.27202800553976114,0.07695536722433861,0.11923491350612253,0.27949960252784256,-0.0399653917017463,0.07316273063272448,0.5222222222222221,187.6523730049851,1.0
-6.740749,45,116.667976,0.27173544304961844,0.035770886712878175,0.13062681497252723,0.28889550416269344,-0.007427916622863531,0.09390123130659551,0.5055555555555554,187.66495182226015,1.0
-6.483625,51,116.85575,0.2844887949953734,0.02865592567046521,0.1221183050792505,0.2587863423115051,0.025406600175998655,0.08284552794328622,0.5196078431372548,188.70195284437702,1.0
-4.805232,45,117.096546,0.2736582696639667,0.04026712310874376,0.11404062124425265,0.2756460728971292,-0.005244879077808807,0.0697553410690496,0.5129629629629631,190.62875931538625,1.0
-10.27136,43,117.29563,0.2794275574005179,0.11483250514459935,0.10894313245613442,0.26453524098445136,0.09150399198473616,0.08165727634339874,0.5058139534883721,186.99216244828352,1.0
-9.122416,50,117.493152,0.29301720193981357,0.11136118907395823,0.1074635091469584,0.24004951242466332,0.08774019801362734,0.06713296673431507,0.5016666666666667,197.35382925276437,1.0
-5.693747,46,117.65206,0.2766005121504296,0.024051961473562006,0.10066920538491318,0.2771672813019247,0.017160574277491684,0.05991618048738424,0.5181159420289855,198.14935516480566,1.0
-13.261959,46,117.808519,0.2818049281985118,0.15726835775744083,0.12997740523316517,0.2670592795414435,-0.09593253714526126,0.09935950587314751,0.5090579710144927,175.81082323583465,1.0
-6.025276,44,117.964074,0.2736711096682244,0.02476332470826206,0.10681917073298292,0.285121795768801,0.01946234232870871,0.07463414039695654,0.5132575757575757,184.21558006267597,1.0
-7.765101,49,118.132026,0.28963225867166875,0.094902357144281,0.12357893689753074,0.248925174747653,0.07570884105118798,0.07501706988890543,0.5085034013605442,191.73069428579558,1.0
-14.201553,51,118.309674,0.3027279717230805,0.16555218345443343,0.10039840416497356,0.2195095043506037,0.12379889155059842,0.07759165803324429,0.5163398692810456,205.16260172790152,1.0
-10.322373,46,118.48156,0.28083306798495267,0.13654842194658093,0.11591020798930618,0.27274512658374084,-0.08705753783680316,0.0850305392484706,0.5090579710144927,178.1577142515402,1.0
-6.711669,44,118.63016,0.2737534327059233,0.024855360545143312,0.1181656127445173,0.28078780616062216,0.014727638867931351,0.0881849286535658,0.5113636363636362,193.14923195801896,1.0
-7.694201,55,118.828034,0.2996839467077307,0.09112775537859324,0.10222111556920524,0.2275570199323716,0.07210982524952599,0.07576726281322965,0.5121212121212121,207.548430000798,1.0
-15.164413,51,119.012979,0.3067637907146948,0.17120552765565836,0.10272738752664146,0.212467798789285,0.12595088756741202,0.08007331873029676,0.5245098039215684,202.3861540616928,1.0
-7.144648,43,119.17228,0.2722771710568818,0.05371558087875852,0.11651155402067435,0.287665628377052,0.045484711097178776,0.0889831372495119,0.5387596899224806,192.73094583237034,1.0
-23.20347,43,119.324658,0.29836657024288993,0.257603279878652,0.10926788959804519,0.22345027591850164,0.1934309545588362,0.0916016281185633,0.5213178294573644,199.3569871251248,1.0
-16.004669,47,119.486027,0.29570723807832816,0.1982804025699276,0.12734574852622169,0.24037051622126274,-0.12798748912772276,0.09557165160897561,0.5301418439716311,164.84421347473523,1.0
-6.725242,54,119.672634,0.2933181978350759,0.08120890589956961,0.10466463060066146,0.24800482170161103,-0.040384379100366755,0.07230194708687374,0.5200617283950617,186.74572395412628,1.0
-26.108244,42,119.830703,0.3091282916142472,0.2837295116561613,0.11731525004952045,0.20776427527166583,0.20980170500866413,0.09657450148515088,0.5218253968253966,186.23240166606726,1.0
-5.876062,52,120.010076,0.29217998657060035,0.02933753927712846,0.10658774768046932,0.2439804054405664,0.014739911038945685,0.0764266524395301,0.5368589743589742,200.99930437867215,1.0
-10.448519,54,120.199401,0.303227471805105,0.10890190286296147,0.11264121524344985,0.23704127286053114,-0.05661866187366099,0.0845863327970951,0.5324074074074073,181.8436177192283,1.0
-7.978887,59,120.408854,0.3156552677824106,0.06463970586893132,0.11178102231744087,0.21188304371330163,0.053681162640355544,0.07388247976038771,0.5310734463276834,201.228585352218,1.0
-5.969059,59,120.605356,0.30622381416832106,0.025771329360555803,0.11093089431217755,0.22389630101203314,0.01696367433204498,0.06850171441630828,0.5324858757062144,201.51671519358942,1.0
-7.507904,61,120.820117,0.31113523594940123,0.03143571573039451,0.11090430362105928,0.21876973137908748,0.012299138968411439,0.07646978529508115,0.5450819672131145,210.12930394121832,1.0
-7.876396,55,121.008738,0.30067930477397065,0.06204759933936028,0.12543814839135337,0.23866329803702974,-0.020462052975546027,0.094250517986995,0.5424242424242423,192.09377792227176,1.0
-16.526646,56,121.207175,0.32437331303690936,0.182645794379012,0.11053348877473061,0.18989602666210428,0.1283213681563585,0.08612966964483246,0.5401785714285713,200.6200807957038,1.0
-5.568989,53,121.390399,0.29625429441163903,0.0351265672900899,0.11404870115305893,0.24409027042571965,-0.004774649471760052,0.08010742851842988,0.5314465408805029,188.48892072876149,1.0
-16.009783,51,121.572956,0.29679383605258763,0.18589115045511145,0.1145171620385269,0.245157863998871,-0.1094578096408899,0.09264106831136168,0.5375816993464051,172.48881180454762,1.0
-10.65374,50,121.748225,0.2962890418835199,0.13010812646115777,0.10353514914786292,0.23506635990504454,0.09737255865592923,0.07460702408792962,0.5433333333333331,195.4911107858916,1.0
-16.352553,54,121.93344,0.3199864206910186,0.17574770469872814,0.11189716219908326,0.19822584481684608,0.12382220126346907,0.08787946654304203,0.5416666666666665,191.89839089568997,1.0
-17.884127,46,122.100848,0.28977073683486326,0.21538353325346862,0.1482263062696177,0.25259073963810147,-0.13917058950661765,0.12252184706669705,0.5416666666666666,173.41571495924538,1.0
-19.558307,50,122.267525,0.3024464667262706,0.21975306852678772,0.14128308998573305,0.23126328872176116,-0.1332982428208973,0.11994929679191482,0.5433333333333331,165.7981383203571,1.0
-12.467126,66,122.504078,0.32871602805449984,0.11834578057644851,0.1053693249258637,0.1939355768134443,-0.054583896431396495,0.07889115243618904,0.5505050505050504,188.27409357825277,1.0
-25.953404,75,122.760892,0.35936249148661176,0.18569722381976117,0.09382624773704838,0.15417931955592293,-0.09366122613555324,0.08131298829854303,0.5411111111111112,185.1495405877903,1.0
-23.895689,55,122.961778,0.32214450673975076,0.23580663474068295,0.13236405470235815,0.19790038647004338,-0.1416278075863446,0.11383790714284557,0.5303030303030302,163.63577486554183,1.0
-17.516734,52,123.142307,0.3017672643827374,0.19937333894535683,0.1257408613808625,0.22897144508586492,-0.11706940524592777,0.10545296611858848,0.5400641025641024,171.4156580793094,1.0
-10.988925,50,123.323419,0.29378835921247365,0.1408278710294314,0.12134407198547913,0.24656124328754672,-0.08007641935774869,0.1023315404610662,0.5366666666666665,181.4151512220017,1.0
-17.246362,50,123.507768,0.31279215964391194,0.20043262523560929,0.11919685986280483,0.2046774532679462,0.14435264444981696,0.09637171779329355,0.5483333333333332,194.8691813457971,1.0
-18.964575,58,123.726067,0.3162757254553094,0.19572260211629233,0.13082914367697188,0.21167830411449604,-0.11094009075710287,0.10405388528050603,0.5387931034482756,175.9579436025341,1.0
-28.415793,53,123.928974,0.32772184409831945,0.2600242132087447,0.15477057780406098,0.18831373315554079,-0.15756575328851613,0.14029549235574942,0.55188679245283,164.1990169739255,1.0
-14.515344,49,124.096556,0.29897637806371524,0.1672038797450359,0.1146303988836517,0.23023183036284287,0.12547283975091567,0.0919433602521524,0.5442176870748298,201.79303034047763,1.0
-16.961643,61,124.326114,0.3212386990035288,0.16068270479829283,0.11644823000535413,0.2087215006206417,-0.0859454985423111,0.08775135591451898,0.5409836065573768,184.01565324744018,1.0
-9.582704,51,124.500707,0.29217642187986376,0.13387238760927356,0.12870328688781543,0.25490886028237886,-0.07525495629469747,0.09416881682420494,0.5424836601307187,179.69285319534507,1.0
-29.87335,57,124.713915,0.33839764558476604,0.2734112622496264,0.14554780087055588,0.1730955978143448,-0.16011670511084647,0.13044259702967972,0.536549707602339,159.3637529251901,1.0
-12.595305,51,124.906794,0.2953891347532532,0.1595286074570458,0.1397913962468579,0.24407664875717544,-0.08902184353139193,0.11051977750825182,0.5490196078431371,178.0800138416619,1.0
-16.402695,52,125.090005,0.3038513444259477,0.18791692483106723,0.14502154104385864,0.22856682309459317,-0.10963437242965021,0.12076909855021589,0.5528846153846151,171.45037922120065,1.0
-25.191747,53,125.287973,0.31762698958773816,0.2498827103030228,0.132452520627568,0.204901353714761,-0.1497329458250262,0.1184108947780385,0.5455974842767294,168.70752387673164,1.0
-18.682378,52,125.474032,0.3081250876335112,0.20225366863611996,0.12093259027559684,0.22190155982369925,-0.11845268614470214,0.09700423435649459,0.5320512820512818,166.8922070753921,1.0
-7.367647,51,125.656777,0.2928936204168486,0.0755919992398885,0.11315219390748521,0.24019842705244301,0.06329681311284822,0.07980378675564037,0.5522875816993461,203.40082147625264,1.0
-10.27541,51,125.84906,0.28985047835950517,0.11821615191012878,0.12889527574348408,0.25475230782000124,-0.060263517784510785,0.10103210746039487,0.5522875816993462,183.20564231520186,1.0
-8.512603,52,126.024513,0.2936302424867917,0.06834473576739407,0.13750415803711066,0.2510944375493867,-0.026032397390198418,0.11010608878327764,0.5560897435897434,185.5730580803527,1.0
-6.001046,51,126.209059,0.29385054880178735,0.025562784954909348,0.13112709895487765,0.2446761020966138,0.022231135681181503,0.10244270577562575,0.5424836601307188,190.84214314852906,1.0
-7.771361,55,126.39628,0.3037643745008289,0.03266572632371538,0.10703535366838063,0.2433582717555741,-0.007605481457961052,0.07063578092708936,0.5515151515151512,183.83900266763493,1.0
-10.469736,54,126.591545,0.3008649147794638,0.11153735167468709,0.1289649961734216,0.2398316188089462,-0.05500489682014568,0.10081015528365762,0.5478395061728394,180.15846867174005,1.0
-7.514514,50,126.765592,0.28907005442769457,0.06423299951770291,0.12328177636819117,0.24848107926681653,0.056136248440723915,0.08590767992271411,0.5483333333333331,204.6762458634494,1.0
-18.745533,46,126.928109,0.28705166899647916,0.2202074103550812,0.1314154230361426,0.24896471244427273,-0.13869354811433843,0.11083051012927063,0.559782608695652,163.57810066784685,1.0
-11.026447,48,127.112403,0.28619511034771816,0.12953199423059,0.11056291210640735,0.26796333236134945,-0.07059467631269199,0.08549666198063871,0.5381944444444443,177.29008314805012,1.0
-5.647539,44,127.274966,0.2727751136383224,0.03761670233295227,0.141850229738582,0.2790596759868425,-0.0027366022887733506,0.11114667725107244,0.5416666666666665,185.02627199850602,1.0
-14.024711,40,127.413478,0.27909845845809816,0.18370981671227232,0.1352767577305162,0.26014505271255856,0.14199299955911163,0.09804179709490853,0.5499999999999999,189.47052997515442,1.0
