==============================================
[1/3] seed=42 device=cuda
started: 2026年 07月 27日 星期一 21:19:45 CST
run_tag: ppo-rbf-20260727_211945-seed42
==============================================
CUDA available: NVIDIA GeForce RTX 4070 Laptop GPU

=== Training variant: mlp ===
/home/leopold/anaconda3/envs/sac_sb3_demo/lib/python3.12/site-packages/pygame/pkgdata.py:25: UserWarning: pkg_resources is deprecated as an API. See https://setuptools.pypa.io/en/latest/pkg_resources.html. The pkg_resources package is slated for removal as early as 2025-11-30. Refrain from using this package or pin to Setuptools<81.
  from pkg_resources import resource_stream, resource_exists
/home/leopold/anaconda3/envs/sac_sb3_demo/lib/python3.12/site-packages/pygame/pkgdata.py:25: UserWarning: pkg_resources is deprecated as an API. See https://setuptools.pypa.io/en/latest/pkg_resources.html. The pkg_resources package is slated for removal as early as 2025-11-30. Refrain from using this package or pin to Setuptools<81.
  from pkg_resources import resource_stream, resource_exists
/home/leopold/anaconda3/envs/sac_sb3_demo/lib/python3.12/site-packages/pygame/pkgdata.py:25: UserWarning: pkg_resources is deprecated as an API. See https://setuptools.pypa.io/en/latest/pkg_resources.html. The pkg_resources package is slated for removal as early as 2025-11-30. Refrain from using this package or pin to Setuptools<81.
  from pkg_resources import resource_stream, resource_exists
/home/leopold/anaconda3/envs/sac_sb3_demo/lib/python3.12/site-packages/pygame/pkgdata.py:25: UserWarning: pkg_resources is deprecated as an API. See https://setuptools.pypa.io/en/latest/pkg_resources.html. The pkg_resources package is slated for removal as early as 2025-11-30. Refrain from using this package or pin to Setuptools<81.
  from pkg_resources import resource_stream, resource_exists
/home/leopold/anaconda3/envs/sac_sb3_demo/lib/python3.12/site-packages/pygame/pkgdata.py:25: UserWarning: pkg_resources is deprecated as an API. See https://setuptools.pypa.io/en/latest/pkg_resources.html. The pkg_resources package is slated for removal as early as 2025-11-30. Refrain from using this package or pin to Setuptools<81.
  from pkg_resources import resource_stream, resource_exists
/home/leopold/anaconda3/envs/sac_sb3_demo/lib/python3.12/site-packages/pygame/pkgdata.py:25: UserWarning: pkg_resources is deprecated as an API. See https://setuptools.pypa.io/en/latest/pkg_resources.html. The pkg_resources package is slated for removal as early as 2025-11-30. Refrain from using this package or pin to Setuptools<81.
  from pkg_resources import resource_stream, resource_exists
/home/leopold/anaconda3/envs/sac_sb3_demo/lib/python3.12/site-packages/pygame/pkgdata.py:25: UserWarning: pkg_resources is deprecated as an API. See https://setuptools.pypa.io/en/latest/pkg_resources.html. The pkg_resources package is slated for removal as early as 2025-11-30. Refrain from using this package or pin to Setuptools<81.
  from pkg_resources import resource_stream, resource_exists
/home/leopold/anaconda3/envs/sac_sb3_demo/lib/python3.12/site-packages/pygame/pkgdata.py:25: UserWarning: pkg_resources is deprecated as an API. See https://setuptools.pypa.io/en/latest/pkg_resources.html. The pkg_resources package is slated for removal as early as 2025-11-30. Refrain from using this package or pin to Setuptools<81.
  from pkg_resources import resource_stream, resource_exists
/home/leopold/anaconda3/envs/sac_sb3_demo/lib/python3.12/site-packages/pygame/pkgdata.py:25: UserWarning: pkg_resources is deprecated as an API. See https://setuptools.pypa.io/en/latest/pkg_resources.html. The pkg_resources package is slated for removal as early as 2025-11-30. Refrain from using this package or pin to Setuptools<81.
  from pkg_resources import resource_stream, resource_exists
/home/leopold/anaconda3/envs/sac_sb3_demo/lib/python3.12/site-packages/pygame/pkgdata.py:25: UserWarning: pkg_resources is deprecated as an API. See https://setuptools.pypa.io/en/latest/pkg_resources.html. The pkg_resources package is slated for removal as early as 2025-11-30. Refrain from using this package or pin to Setuptools<81.
  from pkg_resources import resource_stream, resource_exists
/home/leopold/anaconda3/envs/sac_sb3_demo/lib/python3.12/site-packages/pygame/pkgdata.py:25: UserWarning: pkg_resources is deprecated as an API. See https://setuptools.pypa.io/en/latest/pkg_resources.html. The pkg_resources package is slated for removal as early as 2025-11-30. Refrain from using this package or pin to Setuptools<81.
  from pkg_resources import resource_stream, resource_exists
/home/leopold/anaconda3/envs/sac_sb3_demo/lib/python3.12/site-packages/pygame/pkgdata.py:25: UserWarning: pkg_resources is deprecated as an API. See https://setuptools.pypa.io/en/latest/pkg_resources.html. The pkg_resources package is slated for removal as early as 2025-11-30. Refrain from using this package or pin to Setuptools<81.
  from pkg_resources import resource_stream, resource_exists
/home/leopold/anaconda3/envs/sac_sb3_demo/lib/python3.12/site-packages/pygame/pkgdata.py:25: UserWarning: pkg_resources is deprecated as an API. See https://setuptools.pypa.io/en/latest/pkg_resources.html. The pkg_resources package is slated for removal as early as 2025-11-30. Refrain from using this package or pin to Setuptools<81.
  from pkg_resources import resource_stream, resource_exists
/home/leopold/anaconda3/envs/sac_sb3_demo/lib/python3.12/site-packages/pygame/pkgdata.py:25: UserWarning: pkg_resources is deprecated as an API. See https://setuptools.pypa.io/en/latest/pkg_resources.html. The pkg_resources package is slated for removal as early as 2025-11-30. Refrain from using this package or pin to Setuptools<81.
  from pkg_resources import resource_stream, resource_exists
/home/leopold/anaconda3/envs/sac_sb3_demo/lib/python3.12/site-packages/pygame/pkgdata.py:25: UserWarning: pkg_resources is deprecated as an API. See https://setuptools.pypa.io/en/latest/pkg_resources.html. The pkg_resources package is slated for removal as early as 2025-11-30. Refrain from using this package or pin to Setuptools<81.
  from pkg_resources import resource_stream, resource_exists
/home/leopold/anaconda3/envs/sac_sb3_demo/lib/python3.12/site-packages/pygame/pkgdata.py:25: UserWarning: pkg_resources is deprecated as an API. See https://setuptools.pypa.io/en/latest/pkg_resources.html. The pkg_resources package is slated for removal as early as 2025-11-30. Refrain from using this package or pin to Setuptools<81.
  from pkg_resources import resource_stream, resource_exists
/home/leopold/anaconda3/envs/sac_sb3_demo/lib/python3.12/site-packages/pygame/pkgdata.py:25: UserWarning: pkg_resources is deprecated as an API. See https://setuptools.pypa.io/en/latest/pkg_resources.html. The pkg_resources package is slated for removal as early as 2025-11-30. Refrain from using this package or pin to Setuptools<81.
  from pkg_resources import resource_stream, resource_exists
/home/leopold/anaconda3/envs/sac_sb3_demo/lib/python3.12/site-packages/stable_baselines3/common/on_policy_algorithm.py:150: UserWarning: You are trying to run PPO on the GPU, but it is primarily intended to run on the CPU when not using a CNN policy (you are using ActorCriticPolicy which should be a MlpPolicy). See https://github.com/DLR-RM/stable-baselines3/issues/1245 for more info. You can pass `device='cpu'` or `export CUDA_VISIBLE_DEVICES=` to force using the CPU.Note: The model will train, but the GPU utilization will be poor and the training might take longer than on CPU.
  warnings.warn(
Using cuda device
mlp before training: mean_reward=-149.78 +/- 77.87
Logging to runs/lunarlander_ppo_rbf/ppo-rbf-20260727_211945-seed42/mlp_1
/home/leopold/anaconda3/envs/sac_sb3_demo/lib/python3.12/site-packages/stable_baselines3/common/callbacks.py:418: UserWarning: Training and eval env are not of the same type<stable_baselines3.common.vec_env.subproc_vec_env.SubprocVecEnv object at 0x728de0d66de0> != <stable_baselines3.common.vec_env.dummy_vec_env.DummyVecEnv object at 0x728dae51c5c0>
  warnings.warn("Training and eval env are not of the same type" f"{self.training_env} != {self.eval_env}")
Eval num_timesteps=32768, episode_reward=-132.92 +/- 77.28
Episode length: 101.10 +/- 10.31
------------------------------------------
| eval/                   |              |
|    mean_ep_length       | 101          |
|    mean_reward          | -133         |
| time/                   |              |
|    total_timesteps      | 32768        |
| train/                  |              |
|    approx_kl            | 0.0048366883 |
|    clip_fraction        | 0.0467       |
|    clip_range           | 0.2          |
|    entropy_loss         | -2.84        |
|    explained_variance   | 0.000129     |
|    learning_rate        | 0.0003       |
|    loss                 | 2.86e+03     |
|    n_updates            | 4            |
|    policy_gradient_loss | -0.00409     |
|    std                  | 1.01         |
|    value_loss           | 6.87e+03     |
------------------------------------------
New best mean reward!
Eval num_timesteps=65536, episode_reward=-115.29 +/- 83.55
Episode length: 88.90 +/- 12.14
----------------------------------------
| eval/                   |            |
|    mean_ep_length       | 88.9       |
|    mean_reward          | -115       |
| time/                   |            |
|    total_timesteps      | 65536      |
| train/                  |            |
|    approx_kl            | 0.00708435 |
|    clip_fraction        | 0.0564     |
|    clip_range           | 0.2        |
|    entropy_loss         | -2.87      |
|    explained_variance   | 0.000698   |
|    learning_rate        | 0.0003     |
|    loss                 | 553        |
|    n_updates            | 12         |
|    policy_gradient_loss | -0.0041    |
|    std                  | 1.02       |
|    value_loss           | 1.32e+03   |
----------------------------------------
New best mean reward!
---------------------------------
| rollout/           |          |
|    ep_len_mean     | 130      |
|    ep_rew_mean     | -132     |
| time/              |          |
|    fps             | 4988     |
|    iterations      | 4        |
|    time_elapsed    | 13       |
|    total_timesteps | 65536    |
---------------------------------
Eval num_timesteps=98304, episode_reward=-24.97 +/- 95.86
Episode length: 123.20 +/- 127.24
------------------------------------------
| eval/                   |              |
|    mean_ep_length       | 123          |
|    mean_reward          | -25          |
| time/                   |              |
|    total_timesteps      | 98304        |
| train/                  |              |
|    approx_kl            | 0.0055524465 |
|    clip_fraction        | 0.0752       |
|    clip_range           | 0.2          |
|    entropy_loss         | -2.87        |
|    explained_variance   | -0.000117    |
|    learning_rate        | 0.0003       |
|    loss                 | 282          |
|    n_updates            | 20           |
|    policy_gradient_loss | -0.00333     |
|    std                  | 1.01         |
|    value_loss           | 570          |
------------------------------------------
New best mean reward!
Eval num_timesteps=131072, episode_reward=-88.68 +/- 58.20
Episode length: 109.70 +/- 12.78
------------------------------------------
| eval/                   |              |
|    mean_ep_length       | 110          |
|    mean_reward          | -88.7        |
| time/                   |              |
|    total_timesteps      | 131072       |
| train/                  |              |
|    approx_kl            | 0.0053643053 |
|    clip_fraction        | 0.0335       |
|    clip_range           | 0.2          |
|    entropy_loss         | -2.86        |
|    explained_variance   | -0.000186    |
|    learning_rate        | 0.0003       |
|    loss                 | 195          |
|    n_updates            | 28           |
|    policy_gradient_loss | -0.00153     |
|    std                  | 1.01         |
|    value_loss           | 473          |
------------------------------------------
---------------------------------
| rollout/           |          |
|    ep_len_mean     | 128      |
|    ep_rew_mean     | -44      |
| time/              |          |
|    fps             | 4737     |
|    iterations      | 8        |
|    time_elapsed    | 27       |
|    total_timesteps | 131072   |
---------------------------------
Eval num_timesteps=163840, episode_reward=-26.20 +/- 136.53
Episode length: 252.60 +/- 252.54
-----------------------------------------
| eval/                   |             |
|    mean_ep_length       | 253         |
|    mean_reward          | -26.2       |
| time/                   |             |
|    total_timesteps      | 163840      |
| train/                  |             |
|    approx_kl            | 0.004864583 |
|    clip_fraction        | 0.0375      |
|    clip_range           | 0.2         |
|    entropy_loss         | -2.86       |
|    explained_variance   | -5.6e-06    |
|    learning_rate        | 0.0003      |
|    loss                 | 181         |
|    n_updates            | 36          |
|    policy_gradient_loss | -0.00243    |
|    std                  | 1.01        |
|    value_loss           | 445         |
-----------------------------------------
Eval num_timesteps=196608, episode_reward=-83.68 +/- 43.83
Episode length: 226.40 +/- 259.42
-----------------------------------------
| eval/                   |             |
|    mean_ep_length       | 226         |
|    mean_reward          | -83.7       |
| time/                   |             |
|    total_timesteps      | 196608      |
| train/                  |             |
|    approx_kl            | 0.005592142 |
|    clip_fraction        | 0.0515      |
|    clip_range           | 0.2         |
|    entropy_loss         | -2.88       |
|    explained_variance   | -3.34e-06   |
|    learning_rate        | 0.0003      |
|    loss                 | 259         |
|    n_updates            | 44          |
|    policy_gradient_loss | -0.000952   |
|    std                  | 1.03        |
|    value_loss           | 765         |
-----------------------------------------
---------------------------------
| rollout/           |          |
|    ep_len_mean     | 209      |
|    ep_rew_mean     | -15.1    |
| time/              |          |
|    fps             | 4563     |
|    iterations      | 12       |
|    time_elapsed    | 43       |
|    total_timesteps | 196608   |
---------------------------------
Eval num_timesteps=229376, episode_reward=-58.11 +/- 69.38
Episode length: 439.90 +/- 381.04
-----------------------------------------
| eval/                   |             |
|    mean_ep_length       | 440         |
|    mean_reward          | -58.1       |
| time/                   |             |
|    total_timesteps      | 229376      |
| train/                  |             |
|    approx_kl            | 0.003491885 |
|    clip_fraction        | 0.0319      |
|    clip_range           | 0.2         |
|    entropy_loss         | -2.88       |
|    explained_variance   | -7.15e-07   |
|    learning_rate        | 0.0003      |
|    loss                 | 290         |
|    n_updates            | 52          |
|    policy_gradient_loss | 4.51e-05    |
|    std                  | 1.03        |
|    value_loss           | 636         |
-----------------------------------------
Eval num_timesteps=262144, episode_reward=-0.20 +/- 154.37
Episode length: 387.50 +/- 228.98
------------------------------------------
| eval/                   |              |
|    mean_ep_length       | 388          |
|    mean_reward          | -0.201       |
| time/                   |              |
|    total_timesteps      | 262144       |
| train/                  |              |
|    approx_kl            | 0.0052116243 |
|    clip_fraction        | 0.0481       |
|    clip_range           | 0.2          |
|    entropy_loss         | -2.9         |
|    explained_variance   | 0            |
|    learning_rate        | 0.0003       |
|    loss                 | 353          |
|    n_updates            | 60           |
|    policy_gradient_loss | -0.000824    |
|    std                  | 1.03         |
|    value_loss           | 645          |
------------------------------------------
New best mean reward!
---------------------------------
| rollout/           |          |
|    ep_len_mean     | 262      |
|    ep_rew_mean     | 1.64     |
| time/              |          |
|    fps             | 4379     |
|    iterations      | 16       |
|    time_elapsed    | 59       |
|    total_timesteps | 262144   |
---------------------------------
Eval num_timesteps=294912, episode_reward=183.49 +/- 120.17
Episode length: 374.00 +/- 120.71
------------------------------------------
| eval/                   |              |
|    mean_ep_length       | 374          |
|    mean_reward          | 183          |
| time/                   |              |
|    total_timesteps      | 294912       |
| train/                  |              |
|    approx_kl            | 0.0037588906 |
|    clip_fraction        | 0.042        |
|    clip_range           | 0.2          |
|    entropy_loss         | -2.91        |
|    explained_variance   | -2.38e-07    |
|    learning_rate        | 0.0003       |
|    loss                 | 352          |
|    n_updates            | 68           |
|    policy_gradient_loss | -0.000773    |
|    std                  | 1.03         |
|    value_loss           | 746          |
------------------------------------------
New best mean reward!
Eval num_timesteps=327680, episode_reward=121.75 +/- 149.15
Episode length: 288.50 +/- 105.87
------------------------------------------
| eval/                   |              |
|    mean_ep_length       | 288          |
|    mean_reward          | 122          |
| time/                   |              |
|    total_timesteps      | 327680       |
| train/                  |              |
|    approx_kl            | 0.0063768146 |
|    clip_fraction        | 0.0575       |
|    clip_range           | 0.2          |
|    entropy_loss         | -2.9         |
|    explained_variance   | 1.19e-07     |
|    learning_rate        | 0.0003       |
|    loss                 | 191          |
|    n_updates            | 76           |
|    policy_gradient_loss | -0.000483    |
|    std                  | 1.03         |
|    value_loss           | 609          |
------------------------------------------
---------------------------------
| rollout/           |          |
|    ep_len_mean     | 508      |
|    ep_rew_mean     | -0.436   |
| time/              |          |
|    fps             | 4303     |
|    iterations      | 20       |
|    time_elapsed    | 76       |
|    total_timesteps | 327680   |
---------------------------------
Eval num_timesteps=360448, episode_reward=183.00 +/- 84.62
Episode length: 310.80 +/- 92.50
------------------------------------------
| eval/                   |              |
|    mean_ep_length       | 311          |
|    mean_reward          | 183          |
| time/                   |              |
|    total_timesteps      | 360448       |
| train/                  |              |
|    approx_kl            | 0.0056197084 |
|    clip_fraction        | 0.0504       |
|    clip_range           | 0.2          |
|    entropy_loss         | -2.92        |
|    explained_variance   | 2.38e-07     |
|    learning_rate        | 0.0003       |
|    loss                 | 200          |
|    n_updates            | 84           |
|    policy_gradient_loss | -0.000126    |
|    std                  | 1.04         |
|    value_loss           | 552          |
------------------------------------------
Eval num_timesteps=393216, episode_reward=151.05 +/- 145.15
Episode length: 263.80 +/- 72.76
------------------------------------------
| eval/                   |              |
|    mean_ep_length       | 264          |
|    mean_reward          | 151          |
| time/                   |              |
|    total_timesteps      | 393216       |
| train/                  |              |
|    approx_kl            | 0.0038677747 |
|    clip_fraction        | 0.0253       |
|    clip_range           | 0.2          |
|    entropy_loss         | -2.92        |
|    explained_variance   | 0.687        |
|    learning_rate        | 0.0003       |
|    loss                 | 94.4         |
|    n_updates            | 92           |
|    policy_gradient_loss | -0.00194     |
|    std                  | 1.04         |
|    value_loss           | 167          |
------------------------------------------
---------------------------------
| rollout/           |          |
|    ep_len_mean     | 759      |
|    ep_rew_mean     | 11.7     |
| time/              |          |
|    fps             | 4269     |
|    iterations      | 24       |
|    time_elapsed    | 92       |
|    total_timesteps | 393216   |
---------------------------------
Eval num_timesteps=425984, episode_reward=199.66 +/- 91.63
Episode length: 376.40 +/- 165.99
-----------------------------------------
| eval/                   |             |
|    mean_ep_length       | 376         |
|    mean_reward          | 200         |
| time/                   |             |
|    total_timesteps      | 425984      |
| train/                  |             |
|    approx_kl            | 0.003953509 |
|    clip_fraction        | 0.0249      |
|    clip_range           | 0.2         |
|    entropy_loss         | -2.91       |
|    explained_variance   | 0.836       |
|    learning_rate        | 0.0003      |
|    loss                 | 36.9        |
|    n_updates            | 100         |
|    policy_gradient_loss | -0.000969   |
|    std                  | 1.04        |
|    value_loss           | 183         |
-----------------------------------------
New best mean reward!
Eval num_timesteps=458752, episode_reward=239.63 +/- 40.26
Episode length: 322.30 +/- 116.17
-----------------------------------------
| eval/                   |             |
|    mean_ep_length       | 322         |
|    mean_reward          | 240         |
| time/                   |             |
|    total_timesteps      | 458752      |
| train/                  |             |
|    approx_kl            | 0.005391539 |
|    clip_fraction        | 0.0442      |
|    clip_range           | 0.2         |
|    entropy_loss         | -2.9        |
|    explained_variance   | 0.914       |
|    learning_rate        | 0.0003      |
|    loss                 | 23.3        |
|    n_updates            | 108         |
|    policy_gradient_loss | -0.00103    |
|    std                  | 1.03        |
|    value_loss           | 108         |
-----------------------------------------
New best mean reward!
---------------------------------
| rollout/           |          |
|    ep_len_mean     | 834      |
|    ep_rew_mean     | 51.6     |
| time/              |          |
|    fps             | 4241     |
|    iterations      | 28       |
|    time_elapsed    | 108      |
|    total_timesteps | 458752   |
---------------------------------
Eval num_timesteps=491520, episode_reward=208.31 +/- 103.13
Episode length: 272.90 +/- 42.12
------------------------------------------
| eval/                   |              |
|    mean_ep_length       | 273          |
|    mean_reward          | 208          |
| time/                   |              |
|    total_timesteps      | 491520       |
| train/                  |              |
|    approx_kl            | 0.0052004014 |
|    clip_fraction        | 0.0539       |
|    clip_range           | 0.2          |
|    entropy_loss         | -2.87        |
|    explained_variance   | 0.95         |
|    learning_rate        | 0.0003       |
|    loss                 | 13.6         |
|    n_updates            | 116          |
|    policy_gradient_loss | -0.00141     |
|    std                  | 1.02         |
|    value_loss           | 64.6         |
------------------------------------------
Eval num_timesteps=524288, episode_reward=256.37 +/- 25.77
Episode length: 277.00 +/- 28.50
------------------------------------------
| eval/                   |              |
|    mean_ep_length       | 277          |
|    mean_reward          | 256          |
| time/                   |              |
|    total_timesteps      | 524288       |
| train/                  |              |
|    approx_kl            | 0.0043313024 |
|    clip_fraction        | 0.0421       |
|    clip_range           | 0.2          |
|    entropy_loss         | -2.87        |
|    explained_variance   | 0.97         |
|    learning_rate        | 0.0003       |
|    loss                 | 25.6         |
|    n_updates            | 124          |
|    policy_gradient_loss | -0.000741    |
|    std                  | 1.01         |
|    value_loss           | 37.6         |
------------------------------------------
New best mean reward!
---------------------------------
| rollout/           |          |
|    ep_len_mean     | 903      |
|    ep_rew_mean     | 87.4     |
| time/              |          |
|    fps             | 4229     |
|    iterations      | 32       |
|    time_elapsed    | 123      |
|    total_timesteps | 524288   |
---------------------------------
Eval num_timesteps=557056, episode_reward=250.74 +/- 29.29
Episode length: 278.30 +/- 28.59
-----------------------------------------
| eval/                   |             |
|    mean_ep_length       | 278         |
|    mean_reward          | 251         |
| time/                   |             |
|    total_timesteps      | 557056      |
| train/                  |             |
|    approx_kl            | 0.004919923 |
|    clip_fraction        | 0.0487      |
|    clip_range           | 0.2         |
|    entropy_loss         | -2.84       |
|    explained_variance   | 0.978       |
|    learning_rate        | 0.0003      |
|    loss                 | 15.6        |
|    n_updates            | 132         |
|    policy_gradient_loss | -0.00135    |
|    std                  | 1           |
|    value_loss           | 33.1        |
-----------------------------------------
Eval num_timesteps=589824, episode_reward=213.84 +/- 86.74
Episode length: 273.00 +/- 39.71
-----------------------------------------
| eval/                   |             |
|    mean_ep_length       | 273         |
|    mean_reward          | 214         |
| time/                   |             |
|    total_timesteps      | 589824      |
| train/                  |             |
|    approx_kl            | 0.004965444 |
|    clip_fraction        | 0.0462      |
|    clip_range           | 0.2         |
|    entropy_loss         | -2.84       |
|    explained_variance   | 0.954       |
|    learning_rate        | 0.0003      |
|    loss                 | 40.3        |
|    n_updates            | 140         |
|    policy_gradient_loss | -0.00146    |
|    std                  | 1           |
|    value_loss           | 71          |
-----------------------------------------
---------------------------------
| rollout/           |          |
|    ep_len_mean     | 872      |
|    ep_rew_mean     | 99       |
| time/              |          |
|    fps             | 4220     |
|    iterations      | 36       |
|    time_elapsed    | 139      |
|    total_timesteps | 589824   |
---------------------------------
Eval num_timesteps=622592, episode_reward=263.95 +/- 21.73
Episode length: 271.20 +/- 28.81
-----------------------------------------
| eval/                   |             |
|    mean_ep_length       | 271         |
|    mean_reward          | 264         |
| time/                   |             |
|    total_timesteps      | 622592      |
| train/                  |             |
|    approx_kl            | 0.006531094 |
|    clip_fraction        | 0.0683      |
|    clip_range           | 0.2         |
|    entropy_loss         | -2.83       |
|    explained_variance   | 0.961       |
|    learning_rate        | 0.0003      |
|    loss                 | 35.5        |
|    n_updates            | 148         |
|    policy_gradient_loss | -0.00139    |
|    std                  | 1           |
|    value_loss           | 52          |
-----------------------------------------
New best mean reward!
Eval num_timesteps=655360, episode_reward=230.95 +/- 69.14
Episode length: 274.40 +/- 32.62
------------------------------------------
| eval/                   |              |
|    mean_ep_length       | 274          |
|    mean_reward          | 231          |
| time/                   |              |
|    total_timesteps      | 655360       |
| train/                  |              |
|    approx_kl            | 0.0051086815 |
|    clip_fraction        | 0.048        |
|    clip_range           | 0.2          |
|    entropy_loss         | -2.81        |
|    explained_variance   | 0.95         |
|    learning_rate        | 0.0003       |
|    loss                 | 45.3         |
|    n_updates            | 156          |
|    policy_gradient_loss | -0.00118     |
|    std                  | 0.988        |
|    value_loss           | 78.4         |
------------------------------------------
---------------------------------
| rollout/           |          |
|    ep_len_mean     | 812      |
|    ep_rew_mean     | 99.9     |
| time/              |          |
|    fps             | 4220     |
|    iterations      | 40       |
|    time_elapsed    | 155      |
|    total_timesteps | 655360   |
---------------------------------
Eval num_timesteps=688128, episode_reward=251.21 +/- 18.19
Episode length: 291.90 +/- 28.62
-----------------------------------------
| eval/                   |             |
|    mean_ep_length       | 292         |
|    mean_reward          | 251         |
| time/                   |             |
|    total_timesteps      | 688128      |
| train/                  |             |
|    approx_kl            | 0.005864668 |
|    clip_fraction        | 0.0529      |
|    clip_range           | 0.2         |
|    entropy_loss         | -2.81       |
|    explained_variance   | 0.978       |
|    learning_rate        | 0.0003      |
|    loss                 | 6.39        |
|    n_updates            | 164         |
|    policy_gradient_loss | -0.000428   |
|    std                  | 0.991       |
|    value_loss           | 29.8        |
-----------------------------------------
Eval num_timesteps=720896, episode_reward=237.08 +/- 66.20
Episode length: 301.30 +/- 44.28
------------------------------------------
| eval/                   |              |
|    mean_ep_length       | 301          |
|    mean_reward          | 237          |
| time/                   |              |
|    total_timesteps      | 720896       |
| train/                  |              |
|    approx_kl            | 0.0040404014 |
|    clip_fraction        | 0.0499       |
|    clip_range           | 0.2          |
|    entropy_loss         | -2.8         |
|    explained_variance   | 0.968        |
|    learning_rate        | 0.0003       |
|    loss                 | 38.4         |
|    n_updates            | 172          |
|    policy_gradient_loss | -0.000254    |
|    std                  | 0.984        |
|    value_loss           | 43.9         |
------------------------------------------
---------------------------------
| rollout/           |          |
|    ep_len_mean     | 901      |
|    ep_rew_mean     | 109      |
| time/              |          |
|    fps             | 4226     |
|    iterations      | 44       |
|    time_elapsed    | 170      |
|    total_timesteps | 720896   |
---------------------------------
Eval num_timesteps=753664, episode_reward=262.43 +/- 20.56
Episode length: 326.80 +/- 37.91
------------------------------------------
| eval/                   |              |
|    mean_ep_length       | 327          |
|    mean_reward          | 262          |
| time/                   |              |
|    total_timesteps      | 753664       |
| train/                  |              |
|    approx_kl            | 0.0042034676 |
|    clip_fraction        | 0.042        |
|    clip_range           | 0.2          |
|    entropy_loss         | -2.78        |
|    explained_variance   | 0.988        |
|    learning_rate        | 0.0003       |
|    loss                 | 7.05         |
|    n_updates            | 180          |
|    policy_gradient_loss | -0.000694    |
|    std                  | 0.973        |
|    value_loss           | 15.9         |
------------------------------------------
Eval num_timesteps=786432, episode_reward=266.77 +/- 26.17
Episode length: 321.20 +/- 36.75
-----------------------------------------
| eval/                   |             |
|    mean_ep_length       | 321         |
|    mean_reward          | 267         |
| time/                   |             |
|    total_timesteps      | 786432      |
| train/                  |             |
|    approx_kl            | 0.003917986 |
|    clip_fraction        | 0.0412      |
|    clip_range           | 0.2         |
|    entropy_loss         | -2.75       |
|    explained_variance   | 0.985       |
|    learning_rate        | 0.0003      |
|    loss                 | 1.9         |
|    n_updates            | 188         |
|    policy_gradient_loss | 0.000263    |
|    std                  | 0.96        |
|    value_loss           | 14.7        |
-----------------------------------------
New best mean reward!
---------------------------------
| rollout/           |          |
|    ep_len_mean     | 968      |
|    ep_rew_mean     | 131      |
| time/              |          |
|    fps             | 4221     |
|    iterations      | 48       |
|    time_elapsed    | 186      |
|    total_timesteps | 786432   |
---------------------------------
Eval num_timesteps=819200, episode_reward=257.32 +/- 22.68
Episode length: 318.40 +/- 21.96
-----------------------------------------
| eval/                   |             |
|    mean_ep_length       | 318         |
|    mean_reward          | 257         |
| time/                   |             |
|    total_timesteps      | 819200      |
| train/                  |             |
|    approx_kl            | 0.003747751 |
|    clip_fraction        | 0.0342      |
|    clip_range           | 0.2         |
|    entropy_loss         | -2.74       |
|    explained_variance   | 0.984       |
|    learning_rate        | 0.0003      |
|    loss                 | 7.11        |
|    n_updates            | 196         |
|    policy_gradient_loss | 0.000283    |
|    std                  | 0.958       |
|    value_loss           | 19.8        |
-----------------------------------------
Eval num_timesteps=851968, episode_reward=258.46 +/- 16.76
Episode length: 324.70 +/- 35.01
-----------------------------------------
| eval/                   |             |
|    mean_ep_length       | 325         |
|    mean_reward          | 258         |
| time/                   |             |
|    total_timesteps      | 851968      |
| train/                  |             |
|    approx_kl            | 0.004971079 |
|    clip_fraction        | 0.051       |
|    clip_range           | 0.2         |
|    entropy_loss         | -2.74       |
|    explained_variance   | 0.993       |
|    learning_rate        | 0.0003      |
|    loss                 | 1.28        |
|    n_updates            | 204         |
|    policy_gradient_loss | -0.000379   |
|    std                  | 0.955       |
|    value_loss           | 7.2         |
-----------------------------------------
---------------------------------
| rollout/           |          |
|    ep_len_mean     | 967      |
|    ep_rew_mean     | 142      |
| time/              |          |
|    fps             | 4214     |
|    iterations      | 52       |
|    time_elapsed    | 202      |
|    total_timesteps | 851968   |
---------------------------------
Eval num_timesteps=884736, episode_reward=249.30 +/- 17.07
Episode length: 329.70 +/- 33.43
-----------------------------------------
| eval/                   |             |
|    mean_ep_length       | 330         |
|    mean_reward          | 249         |
| time/                   |             |
|    total_timesteps      | 884736      |
| train/                  |             |
|    approx_kl            | 0.004456275 |
|    clip_fraction        | 0.0489      |
|    clip_range           | 0.2         |
|    entropy_loss         | -2.73       |
|    explained_variance   | 0.991       |
|    learning_rate        | 0.0003      |
|    loss                 | 2.7         |
|    n_updates            | 212         |
|    policy_gradient_loss | -0.000804   |
|    std                  | 0.955       |
|    value_loss           | 10.9        |
-----------------------------------------
Eval num_timesteps=917504, episode_reward=263.95 +/- 22.47
Episode length: 307.70 +/- 16.32
------------------------------------------
| eval/                   |              |
|    mean_ep_length       | 308          |
|    mean_reward          | 264          |
| time/                   |              |
|    total_timesteps      | 917504       |
| train/                  |              |
|    approx_kl            | 0.0047790892 |
|    clip_fraction        | 0.0412       |
|    clip_range           | 0.2          |
|    entropy_loss         | -2.71        |
|    explained_variance   | 0.996        |
|    learning_rate        | 0.0003       |
|    loss                 | 1.68         |
|    n_updates            | 220          |
|    policy_gradient_loss | 0.000678     |
|    std                  | 0.941        |
|    value_loss           | 4.3          |
------------------------------------------
---------------------------------
| rollout/           |          |
|    ep_len_mean     | 976      |
|    ep_rew_mean     | 145      |
| time/              |          |
|    fps             | 4208     |
|    iterations      | 56       |
|    time_elapsed    | 218      |
|    total_timesteps | 917504   |
---------------------------------
Eval num_timesteps=950272, episode_reward=274.33 +/- 23.81
Episode length: 297.10 +/- 18.34
-----------------------------------------
| eval/                   |             |
|    mean_ep_length       | 297         |
|    mean_reward          | 274         |
| time/                   |             |
|    total_timesteps      | 950272      |
| train/                  |             |
|    approx_kl            | 0.005022062 |
|    clip_fraction        | 0.0562      |
|    clip_range           | 0.2         |
|    entropy_loss         | -2.69       |
|    explained_variance   | 0.997       |
|    learning_rate        | 0.0003      |
|    loss                 | 0.745       |
|    n_updates            | 228         |
|    policy_gradient_loss | -0.000273   |
|    std                  | 0.933       |
|    value_loss           | 3.79        |
-----------------------------------------
New best mean reward!
Eval num_timesteps=983040, episode_reward=261.18 +/- 18.11
Episode length: 315.50 +/- 20.04
------------------------------------------
| eval/                   |              |
|    mean_ep_length       | 316          |
|    mean_reward          | 261          |
| time/                   |              |
|    total_timesteps      | 983040       |
| train/                  |              |
|    approx_kl            | 0.0054512946 |
|    clip_fraction        | 0.0539       |
|    clip_range           | 0.2          |
|    entropy_loss         | -2.69        |
|    explained_variance   | 0.99         |
|    learning_rate        | 0.0003       |
|    loss                 | 3.8          |
|    n_updates            | 236          |
|    policy_gradient_loss | -0.00101     |
|    std                  | 0.929        |
|    value_loss           | 14.8         |
------------------------------------------
---------------------------------
| rollout/           |          |
|    ep_len_mean     | 968      |
|    ep_rew_mean     | 146      |
| time/              |          |
|    fps             | 4200     |
|    iterations      | 60       |
|    time_elapsed    | 234      |
|    total_timesteps | 983040   |
---------------------------------
Eval num_timesteps=1015808, episode_reward=251.20 +/- 21.33
Episode length: 339.80 +/- 21.16
------------------------------------------
| eval/                   |              |
|    mean_ep_length       | 340          |
|    mean_reward          | 251          |
| time/                   |              |
|    total_timesteps      | 1015808      |
| train/                  |              |
|    approx_kl            | 0.0059456807 |
|    clip_fraction        | 0.0468       |
|    clip_range           | 0.2          |
|    entropy_loss         | -2.69        |
|    explained_variance   | 0.991        |
|    learning_rate        | 0.0003       |
|    loss                 | 2.75         |
|    n_updates            | 244          |
|    policy_gradient_loss | -4.36e-05    |
|    std                  | 0.929        |
|    value_loss           | 10           |
------------------------------------------
Eval num_timesteps=1048576, episode_reward=252.22 +/- 23.17
Episode length: 309.80 +/- 13.00
-----------------------------------------
| eval/                   |             |
|    mean_ep_length       | 310         |
|    mean_reward          | 252         |
| time/                   |             |
|    total_timesteps      | 1048576     |
| train/                  |             |
|    approx_kl            | 0.003506357 |
|    clip_fraction        | 0.0415      |
|    clip_range           | 0.2         |
|    entropy_loss         | -2.63       |
|    explained_variance   | 0.997       |
|    learning_rate        | 0.0003      |
|    loss                 | 0.314       |
|    n_updates            | 252         |
|    policy_gradient_loss | 0.000203    |
|    std                  | 0.894       |
|    value_loss           | 2.74        |
-----------------------------------------
---------------------------------
| rollout/           |          |
|    ep_len_mean     | 967      |
|    ep_rew_mean     | 149      |
| time/              |          |
|    fps             | 4193     |
|    iterations      | 64       |
|    time_elapsed    | 250      |
|    total_timesteps | 1048576  |
---------------------------------
/home/leopold/anaconda3/envs/sac_sb3_demo/lib/python3.12/site-packages/stable_baselines3/common/on_policy_algorithm.py:150: UserWarning: You are trying to run PPO on the GPU, but it is primarily intended to run on the CPU when not using a CNN policy (you are using ActorCriticPolicy which should be a MlpPolicy). See https://github.com/DLR-RM/stable-baselines3/issues/1245 for more info. You can pass `device='cpu'` or `export CUDA_VISIBLE_DEVICES=` to force using the CPU.Note: The model will train, but the GPU utilization will be poor and the training might take longer than on CPU.
  warnings.warn(
Wrapping the env in a DummyVecEnv.
mlp after training: mean_reward=249.30 +/- 21.01

=== Training variant: rbf_64 ===
/home/leopold/anaconda3/envs/sac_sb3_demo/lib/python3.12/site-packages/pygame/pkgdata.py:25: UserWarning: pkg_resources is deprecated as an API. See https://setuptools.pypa.io/en/latest/pkg_resources.html. The pkg_resources package is slated for removal as early as 2025-11-30. Refrain from using this package or pin to Setuptools<81.
  from pkg_resources import resource_stream, resource_exists
/home/leopold/anaconda3/envs/sac_sb3_demo/lib/python3.12/site-packages/pygame/pkgdata.py:25: UserWarning: pkg_resources is deprecated as an API. See https://setuptools.pypa.io/en/latest/pkg_resources.html. The pkg_resources package is slated for removal as early as 2025-11-30. Refrain from using this package or pin to Setuptools<81.
  from pkg_resources import resource_stream, resource_exists
/home/leopold/anaconda3/envs/sac_sb3_demo/lib/python3.12/site-packages/pygame/pkgdata.py:25: UserWarning: pkg_resources is deprecated as an API. See https://setuptools.pypa.io/en/latest/pkg_resources.html. The pkg_resources package is slated for removal as early as 2025-11-30. Refrain from using this package or pin to Setuptools<81.
  from pkg_resources import resource_stream, resource_exists
/home/leopold/anaconda3/envs/sac_sb3_demo/lib/python3.12/site-packages/pygame/pkgdata.py:25: UserWarning: pkg_resources is deprecated as an API. See https://setuptools.pypa.io/en/latest/pkg_resources.html. The pkg_resources package is slated for removal as early as 2025-11-30. Refrain from using this package or pin to Setuptools<81.
  from pkg_resources import resource_stream, resource_exists
/home/leopold/anaconda3/envs/sac_sb3_demo/lib/python3.12/site-packages/pygame/pkgdata.py:25: UserWarning: pkg_resources is deprecated as an API. See https://setuptools.pypa.io/en/latest/pkg_resources.html. The pkg_resources package is slated for removal as early as 2025-11-30. Refrain from using this package or pin to Setuptools<81.
  from pkg_resources import resource_stream, resource_exists
/home/leopold/anaconda3/envs/sac_sb3_demo/lib/python3.12/site-packages/pygame/pkgdata.py:25: UserWarning: pkg_resources is deprecated as an API. See https://setuptools.pypa.io/en/latest/pkg_resources.html. The pkg_resources package is slated for removal as early as 2025-11-30. Refrain from using this package or pin to Setuptools<81.
  from pkg_resources import resource_stream, resource_exists
/home/leopold/anaconda3/envs/sac_sb3_demo/lib/python3.12/site-packages/pygame/pkgdata.py:25: UserWarning: pkg_resources is deprecated as an API. See https://setuptools.pypa.io/en/latest/pkg_resources.html. The pkg_resources package is slated for removal as early as 2025-11-30. Refrain from using this package or pin to Setuptools<81.
  from pkg_resources import resource_stream, resource_exists
/home/leopold/anaconda3/envs/sac_sb3_demo/lib/python3.12/site-packages/pygame/pkgdata.py:25: UserWarning: pkg_resources is deprecated as an API. See https://setuptools.pypa.io/en/latest/pkg_resources.html. The pkg_resources package is slated for removal as early as 2025-11-30. Refrain from using this package or pin to Setuptools<81.
  from pkg_resources import resource_stream, resource_exists
/home/leopold/anaconda3/envs/sac_sb3_demo/lib/python3.12/site-packages/pygame/pkgdata.py:25: UserWarning: pkg_resources is deprecated as an API. See https://setuptools.pypa.io/en/latest/pkg_resources.html. The pkg_resources package is slated for removal as early as 2025-11-30. Refrain from using this package or pin to Setuptools<81.
  from pkg_resources import resource_stream, resource_exists
/home/leopold/anaconda3/envs/sac_sb3_demo/lib/python3.12/site-packages/pygame/pkgdata.py:25: UserWarning: pkg_resources is deprecated as an API. See https://setuptools.pypa.io/en/latest/pkg_resources.html. The pkg_resources package is slated for removal as early as 2025-11-30. Refrain from using this package or pin to Setuptools<81.
  from pkg_resources import resource_stream, resource_exists
/home/leopold/anaconda3/envs/sac_sb3_demo/lib/python3.12/site-packages/pygame/pkgdata.py:25: UserWarning: pkg_resources is deprecated as an API. See https://setuptools.pypa.io/en/latest/pkg_resources.html. The pkg_resources package is slated for removal as early as 2025-11-30. Refrain from using this package or pin to Setuptools<81.
  from pkg_resources import resource_stream, resource_exists
/home/leopold/anaconda3/envs/sac_sb3_demo/lib/python3.12/site-packages/pygame/pkgdata.py:25: UserWarning: pkg_resources is deprecated as an API. See https://setuptools.pypa.io/en/latest/pkg_resources.html. The pkg_resources package is slated for removal as early as 2025-11-30. Refrain from using this package or pin to Setuptools<81.
  from pkg_resources import resource_stream, resource_exists
/home/leopold/anaconda3/envs/sac_sb3_demo/lib/python3.12/site-packages/pygame/pkgdata.py:25: UserWarning: pkg_resources is deprecated as an API. See https://setuptools.pypa.io/en/latest/pkg_resources.html. The pkg_resources package is slated for removal as early as 2025-11-30. Refrain from using this package or pin to Setuptools<81.
  from pkg_resources import resource_stream, resource_exists
/home/leopold/anaconda3/envs/sac_sb3_demo/lib/python3.12/site-packages/pygame/pkgdata.py:25: UserWarning: pkg_resources is deprecated as an API. See https://setuptools.pypa.io/en/latest/pkg_resources.html. The pkg_resources package is slated for removal as early as 2025-11-30. Refrain from using this package or pin to Setuptools<81.
  from pkg_resources import resource_stream, resource_exists
/home/leopold/anaconda3/envs/sac_sb3_demo/lib/python3.12/site-packages/pygame/pkgdata.py:25: UserWarning: pkg_resources is deprecated as an API. See https://setuptools.pypa.io/en/latest/pkg_resources.html. The pkg_resources package is slated for removal as early as 2025-11-30. Refrain from using this package or pin to Setuptools<81.
  from pkg_resources import resource_stream, resource_exists
/home/leopold/anaconda3/envs/sac_sb3_demo/lib/python3.12/site-packages/pygame/pkgdata.py:25: UserWarning: pkg_resources is deprecated as an API. See https://setuptools.pypa.io/en/latest/pkg_resources.html. The pkg_resources package is slated for removal as early as 2025-11-30. Refrain from using this package or pin to Setuptools<81.
  from pkg_resources import resource_stream, resource_exists
Using cuda device
rbf_64 before training: mean_reward=-236.72 +/- 90.75
Logging to runs/lunarlander_ppo_rbf/ppo-rbf-20260727_211945-seed42/rbf_64_1
/home/leopold/anaconda3/envs/sac_sb3_demo/lib/python3.12/site-packages/stable_baselines3/common/callbacks.py:418: UserWarning: Training and eval env are not of the same type<stable_baselines3.common.vec_env.subproc_vec_env.SubprocVecEnv object at 0x728daea41160> != <stable_baselines3.common.vec_env.dummy_vec_env.DummyVecEnv object at 0x728dae411370>
  warnings.warn("Training and eval env are not of the same type" f"{self.training_env} != {self.eval_env}")
Eval num_timesteps=32768, episode_reward=-170.64 +/- 123.16
Episode length: 120.20 +/- 24.51
------------------------------------------
| eval/                   |              |
|    mean_ep_length       | 120          |
|    mean_reward          | -171         |
| time/                   |              |
|    total_timesteps      | 32768        |
| train/                  |              |
|    approx_kl            | 0.0030040748 |
|    clip_fraction        | 0.0119       |
|    clip_range           | 0.2          |
|    entropy_loss         | -2.84        |
|    explained_variance   | -0.00036     |
|    learning_rate        | 0.0003       |
|    loss                 | 4.16e+03     |
|    n_updates            | 4            |
|    policy_gradient_loss | -0.00249     |
|    std                  | 1.01         |
|    value_loss           | 8.87e+03     |
------------------------------------------
New best mean reward!
Eval num_timesteps=65536, episode_reward=-89.10 +/- 54.81
Episode length: 77.90 +/- 11.12
-----------------------------------------
| eval/                   |             |
|    mean_ep_length       | 77.9        |
|    mean_reward          | -89.1       |
| time/                   |             |
|    total_timesteps      | 65536       |
| train/                  |             |
|    approx_kl            | 0.003459772 |
|    clip_fraction        | 0.0247      |
|    clip_range           | 0.2         |
|    entropy_loss         | -2.85       |
|    explained_variance   | -0.0951     |
|    learning_rate        | 0.0003      |
|    loss                 | 955         |
|    n_updates            | 12          |
|    policy_gradient_loss | -0.0033     |
|    std                  | 1.01        |
|    value_loss           | 2.53e+03    |
-----------------------------------------
New best mean reward!
---------------------------------
| rollout/           |          |
|    ep_len_mean     | 128      |
|    ep_rew_mean     | -152     |
| time/              |          |
|    fps             | 5091     |
|    iterations      | 4        |
|    time_elapsed    | 12       |
|    total_timesteps | 65536    |
---------------------------------
Eval num_timesteps=98304, episode_reward=-119.29 +/- 73.79
Episode length: 73.70 +/- 10.25
------------------------------------------
| eval/                   |              |
|    mean_ep_length       | 73.7         |
|    mean_reward          | -119         |
| time/                   |              |
|    total_timesteps      | 98304        |
| train/                  |              |
|    approx_kl            | 0.0037444846 |
|    clip_fraction        | 0.0244       |
|    clip_range           | 0.2          |
|    entropy_loss         | -2.83        |
|    explained_variance   | -0.125       |
|    learning_rate        | 0.0003       |
|    loss                 | 225          |
|    n_updates            | 20           |
|    policy_gradient_loss | -0.00155     |
|    std                  | 0.99         |
|    value_loss           | 895          |
------------------------------------------
Eval num_timesteps=131072, episode_reward=-28.40 +/- 86.27
Episode length: 89.10 +/- 35.39
------------------------------------------
| eval/                   |              |
|    mean_ep_length       | 89.1         |
|    mean_reward          | -28.4        |
| time/                   |              |
|    total_timesteps      | 131072       |
| train/                  |              |
|    approx_kl            | 0.0028455288 |
|    clip_fraction        | 0.0228       |
|    clip_range           | 0.2          |
|    entropy_loss         | -2.82        |
|    explained_variance   | -0.0409      |
|    learning_rate        | 0.0003       |
|    loss                 | 353          |
|    n_updates            | 28           |
|    policy_gradient_loss | -0.00211     |
|    std                  | 0.986        |
|    value_loss           | 678          |
------------------------------------------
New best mean reward!
---------------------------------
| rollout/           |          |
|    ep_len_mean     | 110      |
|    ep_rew_mean     | -75.7    |
| time/              |          |
|    fps             | 4750     |
|    iterations      | 8        |
|    time_elapsed    | 27       |
|    total_timesteps | 131072   |
---------------------------------
Eval num_timesteps=163840, episode_reward=-71.83 +/- 82.22
Episode length: 100.40 +/- 15.82
------------------------------------------
| eval/                   |              |
|    mean_ep_length       | 100          |
|    mean_reward          | -71.8        |
| time/                   |              |
|    total_timesteps      | 163840       |
| train/                  |              |
|    approx_kl            | 0.0038033563 |
|    clip_fraction        | 0.0188       |
|    clip_range           | 0.2          |
|    entropy_loss         | -2.8         |
|    explained_variance   | 0.0436       |
|    learning_rate        | 0.0003       |
|    loss                 | 121          |
|    n_updates            | 36           |
|    policy_gradient_loss | -0.00119     |
|    std                  | 0.98         |
|    value_loss           | 474          |
------------------------------------------
Eval num_timesteps=196608, episode_reward=-108.27 +/- 59.18
Episode length: 106.30 +/- 23.63
------------------------------------------
| eval/                   |              |
|    mean_ep_length       | 106          |
|    mean_reward          | -108         |
| time/                   |              |
|    total_timesteps      | 196608       |
| train/                  |              |
|    approx_kl            | 0.0038235057 |
|    clip_fraction        | 0.0211       |
|    clip_range           | 0.2          |
|    entropy_loss         | -2.78        |
|    explained_variance   | 0.0945       |
|    learning_rate        | 0.0003       |
|    loss                 | 138          |
|    n_updates            | 44           |
|    policy_gradient_loss | -0.00111     |
|    std                  | 0.965        |
|    value_loss           | 400          |
------------------------------------------
---------------------------------
| rollout/           |          |
|    ep_len_mean     | 130      |
|    ep_rew_mean     | -45.2    |
| time/              |          |
|    fps             | 4630     |
|    iterations      | 12       |
|    time_elapsed    | 42       |
|    total_timesteps | 196608   |
---------------------------------
Eval num_timesteps=229376, episode_reward=-107.43 +/- 39.28
Episode length: 217.50 +/- 261.35
-----------------------------------------
| eval/                   |             |
|    mean_ep_length       | 218         |
|    mean_reward          | -107        |
| time/                   |             |
|    total_timesteps      | 229376      |
| train/                  |             |
|    approx_kl            | 0.004467064 |
|    clip_fraction        | 0.0418      |
|    clip_range           | 0.2         |
|    entropy_loss         | -2.76       |
|    explained_variance   | 0.249       |
|    learning_rate        | 0.0003      |
|    loss                 | 185         |
|    n_updates            | 52          |
|    policy_gradient_loss | -0.0034     |
|    std                  | 0.96        |
|    value_loss           | 437         |
-----------------------------------------
Eval num_timesteps=262144, episode_reward=-153.90 +/- 28.91
Episode length: 227.10 +/- 144.59
-----------------------------------------
| eval/                   |             |
|    mean_ep_length       | 227         |
|    mean_reward          | -154        |
| time/                   |             |
|    total_timesteps      | 262144      |
| train/                  |             |
|    approx_kl            | 0.002514215 |
|    clip_fraction        | 0.0122      |
|    clip_range           | 0.2         |
|    entropy_loss         | -2.75       |
|    explained_variance   | 0.507       |
|    learning_rate        | 0.0003      |
|    loss                 | 210         |
|    n_updates            | 60          |
|    policy_gradient_loss | -0.00051    |
|    std                  | 0.962       |
|    value_loss           | 446         |
-----------------------------------------
---------------------------------
| rollout/           |          |
|    ep_len_mean     | 271      |
|    ep_rew_mean     | -34      |
| time/              |          |
|    fps             | 4531     |
|    iterations      | 16       |
|    time_elapsed    | 57       |
|    total_timesteps | 262144   |
---------------------------------
Eval num_timesteps=294912, episode_reward=-128.40 +/- 34.30
Episode length: 277.00 +/- 250.31
------------------------------------------
| eval/                   |              |
|    mean_ep_length       | 277          |
|    mean_reward          | -128         |
| time/                   |              |
|    total_timesteps      | 294912       |
| train/                  |              |
|    approx_kl            | 0.0019956343 |
|    clip_fraction        | 0.0204       |
|    clip_range           | 0.2          |
|    entropy_loss         | -2.77        |
|    explained_variance   | 0.61         |
|    learning_rate        | 0.0003       |
|    loss                 | 410          |
|    n_updates            | 68           |
|    policy_gradient_loss | -0.000589    |
|    std                  | 0.97         |
|    value_loss           | 477          |
------------------------------------------
Eval num_timesteps=327680, episode_reward=-86.61 +/- 93.20
Episode length: 215.00 +/- 74.12
------------------------------------------
| eval/                   |              |
|    mean_ep_length       | 215          |
|    mean_reward          | -86.6        |
| time/                   |              |
|    total_timesteps      | 327680       |
| train/                  |              |
|    approx_kl            | 0.0035775795 |
|    clip_fraction        | 0.0289       |
|    clip_range           | 0.2          |
|    entropy_loss         | -2.77        |
|    explained_variance   | 0.788        |
|    learning_rate        | 0.0003       |
|    loss                 | 178          |
|    n_updates            | 76           |
|    policy_gradient_loss | -0.000988    |
|    std                  | 0.968        |
|    value_loss           | 265          |
------------------------------------------
---------------------------------
| rollout/           |          |
|    ep_len_mean     | 450      |
|    ep_rew_mean     | -24      |
| time/              |          |
|    fps             | 4450     |
|    iterations      | 20       |
|    time_elapsed    | 73       |
|    total_timesteps | 327680   |
---------------------------------
Eval num_timesteps=360448, episode_reward=32.15 +/- 138.70
Episode length: 269.90 +/- 133.12
------------------------------------------
| eval/                   |              |
|    mean_ep_length       | 270          |
|    mean_reward          | 32.1         |
| time/                   |              |
|    total_timesteps      | 360448       |
| train/                  |              |
|    approx_kl            | 0.0041644564 |
|    clip_fraction        | 0.0331       |
|    clip_range           | 0.2          |
|    entropy_loss         | -2.77        |
|    explained_variance   | 0.896        |
|    learning_rate        | 0.0003       |
|    loss                 | 95.4         |
|    n_updates            | 84           |
|    policy_gradient_loss | -0.00088     |
|    std                  | 0.97         |
|    value_loss           | 173          |
------------------------------------------
New best mean reward!
Eval num_timesteps=393216, episode_reward=75.34 +/- 159.90
Episode length: 294.00 +/- 132.62
-----------------------------------------
| eval/                   |             |
|    mean_ep_length       | 294         |
|    mean_reward          | 75.3        |
| time/                   |             |
|    total_timesteps      | 393216      |
| train/                  |             |
|    approx_kl            | 0.003652393 |
|    clip_fraction        | 0.0274      |
|    clip_range           | 0.2         |
|    entropy_loss         | -2.76       |
|    explained_variance   | 0.923       |
|    learning_rate        | 0.0003      |
|    loss                 | 52.5        |
|    n_updates            | 92          |
|    policy_gradient_loss | -0.00143    |
|    std                  | 0.957       |
|    value_loss           | 125         |
-----------------------------------------
New best mean reward!
---------------------------------
| rollout/           |          |
|    ep_len_mean     | 449      |
|    ep_rew_mean     | -0.313   |
| time/              |          |
|    fps             | 4389     |
|    iterations      | 24       |
|    time_elapsed    | 89       |
|    total_timesteps | 393216   |
---------------------------------
Eval num_timesteps=425984, episode_reward=108.33 +/- 158.22
Episode length: 324.40 +/- 130.81
------------------------------------------
| eval/                   |              |
|    mean_ep_length       | 324          |
|    mean_reward          | 108          |
| time/                   |              |
|    total_timesteps      | 425984       |
| train/                  |              |
|    approx_kl            | 0.0034855045 |
|    clip_fraction        | 0.0268       |
|    clip_range           | 0.2          |
|    entropy_loss         | -2.75        |
|    explained_variance   | 0.948        |
|    learning_rate        | 0.0003       |
|    loss                 | 51.2         |
|    n_updates            | 100          |
|    policy_gradient_loss | -0.000287    |
|    std                  | 0.959        |
|    value_loss           | 112          |
------------------------------------------
New best mean reward!
Eval num_timesteps=458752, episode_reward=61.46 +/- 147.33
Episode length: 304.80 +/- 128.98
-----------------------------------------
| eval/                   |             |
|    mean_ep_length       | 305         |
|    mean_reward          | 61.5        |
| time/                   |             |
|    total_timesteps      | 458752      |
| train/                  |             |
|    approx_kl            | 0.004240834 |
|    clip_fraction        | 0.0324      |
|    clip_range           | 0.2         |
|    entropy_loss         | -2.73       |
|    explained_variance   | 0.943       |
|    learning_rate        | 0.0003      |
|    loss                 | 72          |
|    n_updates            | 108         |
|    policy_gradient_loss | -0.00139    |
|    std                  | 0.943       |
|    value_loss           | 103         |
-----------------------------------------
---------------------------------
| rollout/           |          |
|    ep_len_mean     | 526      |
|    ep_rew_mean     | 16.4     |
| time/              |          |
|    fps             | 4343     |
|    iterations      | 28       |
|    time_elapsed    | 105      |
|    total_timesteps | 458752   |
---------------------------------
Eval num_timesteps=491520, episode_reward=113.38 +/- 131.80
Episode length: 414.10 +/- 44.17
------------------------------------------
| eval/                   |              |
|    mean_ep_length       | 414          |
|    mean_reward          | 113          |
| time/                   |              |
|    total_timesteps      | 491520       |
| train/                  |              |
|    approx_kl            | 0.0032881068 |
|    clip_fraction        | 0.0238       |
|    clip_range           | 0.2          |
|    entropy_loss         | -2.7         |
|    explained_variance   | 0.927        |
|    learning_rate        | 0.0003       |
|    loss                 | 59.9         |
|    n_updates            | 116          |
|    policy_gradient_loss | -0.000573    |
|    std                  | 0.932        |
|    value_loss           | 130          |
------------------------------------------
New best mean reward!
Eval num_timesteps=524288, episode_reward=18.61 +/- 135.46
Episode length: 425.10 +/- 167.03
-----------------------------------------
| eval/                   |             |
|    mean_ep_length       | 425         |
|    mean_reward          | 18.6        |
| time/                   |             |
|    total_timesteps      | 524288      |
| train/                  |             |
|    approx_kl            | 0.004700094 |
|    clip_fraction        | 0.0334      |
|    clip_range           | 0.2         |
|    entropy_loss         | -2.7        |
|    explained_variance   | 0.937       |
|    learning_rate        | 0.0003      |
|    loss                 | 20.6        |
|    n_updates            | 124         |
|    policy_gradient_loss | -0.00155    |
|    std                  | 0.937       |
|    value_loss           | 89.1        |
-----------------------------------------
---------------------------------
| rollout/           |          |
|    ep_len_mean     | 783      |
|    ep_rew_mean     | 33.8     |
| time/              |          |
|    fps             | 4288     |
|    iterations      | 32       |
|    time_elapsed    | 122      |
|    total_timesteps | 524288   |
---------------------------------
Eval num_timesteps=557056, episode_reward=74.62 +/- 134.28
Episode length: 628.20 +/- 178.00
------------------------------------------
| eval/                   |              |
|    mean_ep_length       | 628          |
|    mean_reward          | 74.6         |
| time/                   |              |
|    total_timesteps      | 557056       |
| train/                  |              |
|    approx_kl            | 0.0023682767 |
|    clip_fraction        | 0.0195       |
|    clip_range           | 0.2          |
|    entropy_loss         | -2.69        |
|    explained_variance   | 0.923        |
|    learning_rate        | 0.0003       |
|    loss                 | 71.1         |
|    n_updates            | 132          |
|    policy_gradient_loss | -0.000148    |
|    std                  | 0.927        |
|    value_loss           | 111          |
------------------------------------------
Eval num_timesteps=589824, episode_reward=116.75 +/- 119.37
Episode length: 559.10 +/- 114.37
------------------------------------------
| eval/                   |              |
|    mean_ep_length       | 559          |
|    mean_reward          | 117          |
| time/                   |              |
|    total_timesteps      | 589824       |
| train/                  |              |
|    approx_kl            | 0.0031677955 |
|    clip_fraction        | 0.0217       |
|    clip_range           | 0.2          |
|    entropy_loss         | -2.65        |
|    explained_variance   | 0.957        |
|    learning_rate        | 0.0003       |
|    loss                 | 22.7         |
|    n_updates            | 140          |
|    policy_gradient_loss | -0.000665    |
|    std                  | 0.908        |
|    value_loss           | 55.7         |
------------------------------------------
New best mean reward!
---------------------------------
| rollout/           |          |
|    ep_len_mean     | 925      |
|    ep_rew_mean     | 63.1     |
| time/              |          |
|    fps             | 4212     |
|    iterations      | 36       |
|    time_elapsed    | 140      |
|    total_timesteps | 589824   |
---------------------------------
Eval num_timesteps=622592, episode_reward=75.87 +/- 152.72
Episode length: 535.00 +/- 212.32
------------------------------------------
| eval/                   |              |
|    mean_ep_length       | 535          |
|    mean_reward          | 75.9         |
| time/                   |              |
|    total_timesteps      | 622592       |
| train/                  |              |
|    approx_kl            | 0.0021452256 |
|    clip_fraction        | 0.0117       |
|    clip_range           | 0.2          |
|    entropy_loss         | -2.63        |
|    explained_variance   | 0.922        |
|    learning_rate        | 0.0003       |
|    loss                 | 46.9         |
|    n_updates            | 148          |
|    policy_gradient_loss | -0.000162    |
|    std                  | 0.901        |
|    value_loss           | 120          |
------------------------------------------
Eval num_timesteps=655360, episode_reward=79.34 +/- 148.98
Episode length: 703.40 +/- 168.06
------------------------------------------
| eval/                   |              |
|    mean_ep_length       | 703          |
|    mean_reward          | 79.3         |
| time/                   |              |
|    total_timesteps      | 655360       |
| train/                  |              |
|    approx_kl            | 0.0022244123 |
|    clip_fraction        | 0.0183       |
|    clip_range           | 0.2          |
|    entropy_loss         | -2.61        |
|    explained_variance   | 0.92         |
|    learning_rate        | 0.0003       |
|    loss                 | 33.7         |
|    n_updates            | 156          |
|    policy_gradient_loss | -0.000765    |
|    std                  | 0.893        |
|    value_loss           | 100          |
------------------------------------------
---------------------------------
| rollout/           |          |
|    ep_len_mean     | 854      |
|    ep_rew_mean     | 70.8     |
| time/              |          |
|    fps             | 4138     |
|    iterations      | 40       |
|    time_elapsed    | 158      |
|    total_timesteps | 655360   |
---------------------------------
Eval num_timesteps=688128, episode_reward=21.80 +/- 121.47
Episode length: 754.30 +/- 201.58
------------------------------------------
| eval/                   |              |
|    mean_ep_length       | 754          |
|    mean_reward          | 21.8         |
| time/                   |              |
|    total_timesteps      | 688128       |
| train/                  |              |
|    approx_kl            | 0.0029946696 |
|    clip_fraction        | 0.0207       |
|    clip_range           | 0.2          |
|    entropy_loss         | -2.61        |
|    explained_variance   | 0.92         |
|    learning_rate        | 0.0003       |
|    loss                 | 26.4         |
|    n_updates            | 164          |
|    policy_gradient_loss | -0.000536    |
|    std                  | 0.894        |
|    value_loss           | 90.3         |
------------------------------------------
Eval num_timesteps=720896, episode_reward=4.72 +/- 134.45
Episode length: 601.80 +/- 263.77
------------------------------------------
| eval/                   |              |
|    mean_ep_length       | 602          |
|    mean_reward          | 4.72         |
| time/                   |              |
|    total_timesteps      | 720896       |
| train/                  |              |
|    approx_kl            | 0.0033899175 |
|    clip_fraction        | 0.0148       |
|    clip_range           | 0.2          |
|    entropy_loss         | -2.59        |
|    explained_variance   | 0.829        |
|    learning_rate        | 0.0003       |
|    loss                 | 38.9         |
|    n_updates            | 172          |
|    policy_gradient_loss | -0.00041     |
|    std                  | 0.88         |
|    value_loss           | 190          |
------------------------------------------
---------------------------------
| rollout/           |          |
|    ep_len_mean     | 918      |
|    ep_rew_mean     | 65.6     |
| time/              |          |
|    fps             | 4072     |
|    iterations      | 44       |
|    time_elapsed    | 177      |
|    total_timesteps | 720896   |
---------------------------------
Eval num_timesteps=753664, episode_reward=109.70 +/- 132.50
Episode length: 630.70 +/- 44.57
------------------------------------------
| eval/                   |              |
|    mean_ep_length       | 631          |
|    mean_reward          | 110          |
| time/                   |              |
|    total_timesteps      | 753664       |
| train/                  |              |
|    approx_kl            | 0.0028025517 |
|    clip_fraction        | 0.019        |
|    clip_range           | 0.2          |
|    entropy_loss         | -2.56        |
|    explained_variance   | 0.937        |
|    learning_rate        | 0.0003       |
|    loss                 | 22.1         |
|    n_updates            | 180          |
|    policy_gradient_loss | 6.55e-05     |
|    std                  | 0.868        |
|    value_loss           | 61.5         |
------------------------------------------
Eval num_timesteps=786432, episode_reward=-130.66 +/- 75.52
Episode length: 711.80 +/- 255.68
-----------------------------------------
| eval/                   |             |
|    mean_ep_length       | 712         |
|    mean_reward          | -131        |
| time/                   |             |
|    total_timesteps      | 786432      |
| train/                  |             |
|    approx_kl            | 0.002836051 |
|    clip_fraction        | 0.0226      |
|    clip_range           | 0.2         |
|    entropy_loss         | -2.56       |
|    explained_variance   | 0.78        |
|    learning_rate        | 0.0003      |
|    loss                 | 54.6        |
|    n_updates            | 188         |
|    policy_gradient_loss | -0.000887   |
|    std                  | 0.871       |
|    value_loss           | 235         |
-----------------------------------------
---------------------------------
| rollout/           |          |
|    ep_len_mean     | 871      |
|    ep_rew_mean     | 64.2     |
| time/              |          |
|    fps             | 4030     |
|    iterations      | 48       |
|    time_elapsed    | 195      |
|    total_timesteps | 786432   |
---------------------------------
Eval num_timesteps=819200, episode_reward=-28.92 +/- 69.96
Episode length: 995.60 +/- 10.10
------------------------------------------
| eval/                   |              |
|    mean_ep_length       | 996          |
|    mean_reward          | -28.9        |
| time/                   |              |
|    total_timesteps      | 819200       |
| train/                  |              |
|    approx_kl            | 0.0028434217 |
|    clip_fraction        | 0.0281       |
|    clip_range           | 0.2          |
|    entropy_loss         | -2.56        |
|    explained_variance   | 0.797        |
|    learning_rate        | 0.0003       |
|    loss                 | 90.8         |
|    n_updates            | 196          |
|    policy_gradient_loss | -0.000775    |
|    std                  | 0.869        |
|    value_loss           | 185          |
------------------------------------------
Eval num_timesteps=851968, episode_reward=-30.71 +/- 97.87
Episode length: 861.20 +/- 220.42
-----------------------------------------
| eval/                   |             |
|    mean_ep_length       | 861         |
|    mean_reward          | -30.7       |
| time/                   |             |
|    total_timesteps      | 851968      |
| train/                  |             |
|    approx_kl            | 0.004364116 |
|    clip_fraction        | 0.035       |
|    clip_range           | 0.2         |
|    entropy_loss         | -2.56       |
|    explained_variance   | 0.834       |
|    learning_rate        | 0.0003      |
|    loss                 | 32.9        |
|    n_updates            | 204         |
|    policy_gradient_loss | -0.00071    |
|    std                  | 0.867       |
|    value_loss           | 110         |
-----------------------------------------
---------------------------------
| rollout/           |          |
|    ep_len_mean     | 846      |
|    ep_rew_mean     | 52.3     |
| time/              |          |
|    fps             | 3958     |
|    iterations      | 52       |
|    time_elapsed    | 215      |
|    total_timesteps | 851968   |
---------------------------------
Eval num_timesteps=884736, episode_reward=87.34 +/- 114.69
Episode length: 770.30 +/- 198.34
------------------------------------------
| eval/                   |              |
|    mean_ep_length       | 770          |
|    mean_reward          | 87.3         |
| time/                   |              |
|    total_timesteps      | 884736       |
| train/                  |              |
|    approx_kl            | 0.0026501396 |
|    clip_fraction        | 0.0185       |
|    clip_range           | 0.2          |
|    entropy_loss         | -2.56        |
|    explained_variance   | 0.845        |
|    learning_rate        | 0.0003       |
|    loss                 | 36.1         |
|    n_updates            | 212          |
|    policy_gradient_loss | 0.000258     |
|    std                  | 0.871        |
|    value_loss           | 98.2         |
------------------------------------------
Eval num_timesteps=917504, episode_reward=110.65 +/- 120.49
Episode length: 659.50 +/- 154.73
------------------------------------------
| eval/                   |              |
|    mean_ep_length       | 660          |
|    mean_reward          | 111          |
| time/                   |              |
|    total_timesteps      | 917504       |
| train/                  |              |
|    approx_kl            | 0.0034826356 |
|    clip_fraction        | 0.021        |
|    clip_range           | 0.2          |
|    entropy_loss         | -2.56        |
|    explained_variance   | 0.838        |
|    learning_rate        | 0.0003       |
|    loss                 | 17.8         |
|    n_updates            | 220          |
|    policy_gradient_loss | -0.000621    |
|    std                  | 0.867        |
|    value_loss           | 109          |
------------------------------------------
---------------------------------
| rollout/           |          |
|    ep_len_mean     | 866      |
|    ep_rew_mean     | 69.3     |
| time/              |          |
|    fps             | 3917     |
|    iterations      | 56       |
|    time_elapsed    | 234      |
|    total_timesteps | 917504   |
---------------------------------
Eval num_timesteps=950272, episode_reward=163.40 +/- 71.95
Episode length: 597.80 +/- 77.79
------------------------------------------
| eval/                   |              |
|    mean_ep_length       | 598          |
|    mean_reward          | 163          |
| time/                   |              |
|    total_timesteps      | 950272       |
| train/                  |              |
|    approx_kl            | 0.0039858636 |
|    clip_fraction        | 0.0293       |
|    clip_range           | 0.2          |
|    entropy_loss         | -2.56        |
|    explained_variance   | 0.875        |
|    learning_rate        | 0.0003       |
|    loss                 | 46.8         |
|    n_updates            | 228          |
|    policy_gradient_loss | -5.67e-05    |
|    std                  | 0.873        |
|    value_loss           | 96.2         |
------------------------------------------
New best mean reward!
Eval num_timesteps=983040, episode_reward=134.06 +/- 89.44
Episode length: 801.20 +/- 89.05
------------------------------------------
| eval/                   |              |
|    mean_ep_length       | 801          |
|    mean_reward          | 134          |
| time/                   |              |
|    total_timesteps      | 983040       |
| train/                  |              |
|    approx_kl            | 0.0027821835 |
|    clip_fraction        | 0.0247       |
|    clip_range           | 0.2          |
|    entropy_loss         | -2.59        |
|    explained_variance   | 0.903        |
|    learning_rate        | 0.0003       |
|    loss                 | 26.3         |
|    n_updates            | 236          |
|    policy_gradient_loss | -0.000499    |
|    std                  | 0.883        |
|    value_loss           | 74.6         |
------------------------------------------
---------------------------------
| rollout/           |          |
|    ep_len_mean     | 847      |
|    ep_rew_mean     | 83.3     |
| time/              |          |
|    fps             | 3892     |
|    iterations      | 60       |
|    time_elapsed    | 252      |
|    total_timesteps | 983040   |
---------------------------------
Eval num_timesteps=1015808, episode_reward=144.83 +/- 130.24
Episode length: 663.60 +/- 100.75
------------------------------------------
| eval/                   |              |
|    mean_ep_length       | 664          |
|    mean_reward          | 145          |
| time/                   |              |
|    total_timesteps      | 1015808      |
| train/                  |              |
|    approx_kl            | 0.0024984055 |
|    clip_fraction        | 0.026        |
|    clip_range           | 0.2          |
|    entropy_loss         | -2.6         |
|    explained_variance   | 0.909        |
|    learning_rate        | 0.0003       |
|    loss                 | 18.9         |
|    n_updates            | 244          |
|    policy_gradient_loss | -0.000557    |
|    std                  | 0.886        |
|    value_loss           | 63.8         |
------------------------------------------
Eval num_timesteps=1048576, episode_reward=173.18 +/- 91.38
Episode length: 617.70 +/- 74.90
------------------------------------------
| eval/                   |              |
|    mean_ep_length       | 618          |
|    mean_reward          | 173          |
| time/                   |              |
|    total_timesteps      | 1048576      |
| train/                  |              |
|    approx_kl            | 0.0032655667 |
|    clip_fraction        | 0.0167       |
|    clip_range           | 0.2          |
|    entropy_loss         | -2.56        |
|    explained_variance   | 0.88         |
|    learning_rate        | 0.0003       |
|    loss                 | 30           |
|    n_updates            | 252          |
|    policy_gradient_loss | -0.000448    |
|    std                  | 0.871        |
|    value_loss           | 91.9         |
------------------------------------------
New best mean reward!
---------------------------------
| rollout/           |          |
|    ep_len_mean     | 871      |
|    ep_rew_mean     | 93.1     |
| time/              |          |
|    fps             | 3871     |
|    iterations      | 64       |
|    time_elapsed    | 270      |
|    total_timesteps | 1048576  |
---------------------------------
Wrapping the env in a DummyVecEnv.
rbf_64 after training: mean_reward=178.74 +/- 39.69

=== Training variant: rbf_192 ===
/home/leopold/anaconda3/envs/sac_sb3_demo/lib/python3.12/site-packages/pygame/pkgdata.py:25: UserWarning: pkg_resources is deprecated as an API. See https://setuptools.pypa.io/en/latest/pkg_resources.html. The pkg_resources package is slated for removal as early as 2025-11-30. Refrain from using this package or pin to Setuptools<81.
  from pkg_resources import resource_stream, resource_exists
/home/leopold/anaconda3/envs/sac_sb3_demo/lib/python3.12/site-packages/pygame/pkgdata.py:25: UserWarning: pkg_resources is deprecated as an API. See https://setuptools.pypa.io/en/latest/pkg_resources.html. The pkg_resources package is slated for removal as early as 2025-11-30. Refrain from using this package or pin to Setuptools<81.
  from pkg_resources import resource_stream, resource_exists
/home/leopold/anaconda3/envs/sac_sb3_demo/lib/python3.12/site-packages/pygame/pkgdata.py:25: UserWarning: pkg_resources is deprecated as an API. See https://setuptools.pypa.io/en/latest/pkg_resources.html. The pkg_resources package is slated for removal as early as 2025-11-30. Refrain from using this package or pin to Setuptools<81.
  from pkg_resources import resource_stream, resource_exists
/home/leopold/anaconda3/envs/sac_sb3_demo/lib/python3.12/site-packages/pygame/pkgdata.py:25: UserWarning: pkg_resources is deprecated as an API. See https://setuptools.pypa.io/en/latest/pkg_resources.html. The pkg_resources package is slated for removal as early as 2025-11-30. Refrain from using this package or pin to Setuptools<81.
  from pkg_resources import resource_stream, resource_exists
/home/leopold/anaconda3/envs/sac_sb3_demo/lib/python3.12/site-packages/pygame/pkgdata.py:25: UserWarning: pkg_resources is deprecated as an API. See https://setuptools.pypa.io/en/latest/pkg_resources.html. The pkg_resources package is slated for removal as early as 2025-11-30. Refrain from using this package or pin to Setuptools<81.
  from pkg_resources import resource_stream, resource_exists
/home/leopold/anaconda3/envs/sac_sb3_demo/lib/python3.12/site-packages/pygame/pkgdata.py:25: UserWarning: pkg_resources is deprecated as an API. See https://setuptools.pypa.io/en/latest/pkg_resources.html. The pkg_resources package is slated for removal as early as 2025-11-30. Refrain from using this package or pin to Setuptools<81.
  from pkg_resources import resource_stream, resource_exists
/home/leopold/anaconda3/envs/sac_sb3_demo/lib/python3.12/site-packages/pygame/pkgdata.py:25: UserWarning: pkg_resources is deprecated as an API. See https://setuptools.pypa.io/en/latest/pkg_resources.html. The pkg_resources package is slated for removal as early as 2025-11-30. Refrain from using this package or pin to Setuptools<81.
  from pkg_resources import resource_stream, resource_exists
/home/leopold/anaconda3/envs/sac_sb3_demo/lib/python3.12/site-packages/pygame/pkgdata.py:25: UserWarning: pkg_resources is deprecated as an API. See https://setuptools.pypa.io/en/latest/pkg_resources.html. The pkg_resources package is slated for removal as early as 2025-11-30. Refrain from using this package or pin to Setuptools<81.
  from pkg_resources import resource_stream, resource_exists
/home/leopold/anaconda3/envs/sac_sb3_demo/lib/python3.12/site-packages/pygame/pkgdata.py:25: UserWarning: pkg_resources is deprecated as an API. See https://setuptools.pypa.io/en/latest/pkg_resources.html. The pkg_resources package is slated for removal as early as 2025-11-30. Refrain from using this package or pin to Setuptools<81.
  from pkg_resources import resource_stream, resource_exists
/home/leopold/anaconda3/envs/sac_sb3_demo/lib/python3.12/site-packages/pygame/pkgdata.py:25: UserWarning: pkg_resources is deprecated as an API. See https://setuptools.pypa.io/en/latest/pkg_resources.html. The pkg_resources package is slated for removal as early as 2025-11-30. Refrain from using this package or pin to Setuptools<81.
  from pkg_resources import resource_stream, resource_exists
/home/leopold/anaconda3/envs/sac_sb3_demo/lib/python3.12/site-packages/pygame/pkgdata.py:25: UserWarning: pkg_resources is deprecated as an API. See https://setuptools.pypa.io/en/latest/pkg_resources.html. The pkg_resources package is slated for removal as early as 2025-11-30. Refrain from using this package or pin to Setuptools<81.
  from pkg_resources import resource_stream, resource_exists
/home/leopold/anaconda3/envs/sac_sb3_demo/lib/python3.12/site-packages/pygame/pkgdata.py:25: UserWarning: pkg_resources is deprecated as an API. See https://setuptools.pypa.io/en/latest/pkg_resources.html. The pkg_resources package is slated for removal as early as 2025-11-30. Refrain from using this package or pin to Setuptools<81.
  from pkg_resources import resource_stream, resource_exists
/home/leopold/anaconda3/envs/sac_sb3_demo/lib/python3.12/site-packages/pygame/pkgdata.py:25: UserWarning: pkg_resources is deprecated as an API. See https://setuptools.pypa.io/en/latest/pkg_resources.html. The pkg_resources package is slated for removal as early as 2025-11-30. Refrain from using this package or pin to Setuptools<81.
  from pkg_resources import resource_stream, resource_exists
/home/leopold/anaconda3/envs/sac_sb3_demo/lib/python3.12/site-packages/pygame/pkgdata.py:25: UserWarning: pkg_resources is deprecated as an API. See https://setuptools.pypa.io/en/latest/pkg_resources.html. The pkg_resources package is slated for removal as early as 2025-11-30. Refrain from using this package or pin to Setuptools<81.
  from pkg_resources import resource_stream, resource_exists
/home/leopold/anaconda3/envs/sac_sb3_demo/lib/python3.12/site-packages/pygame/pkgdata.py:25: UserWarning: pkg_resources is deprecated as an API. See https://setuptools.pypa.io/en/latest/pkg_resources.html. The pkg_resources package is slated for removal as early as 2025-11-30. Refrain from using this package or pin to Setuptools<81.
  from pkg_resources import resource_stream, resource_exists
/home/leopold/anaconda3/envs/sac_sb3_demo/lib/python3.12/site-packages/pygame/pkgdata.py:25: UserWarning: pkg_resources is deprecated as an API. See https://setuptools.pypa.io/en/latest/pkg_resources.html. The pkg_resources package is slated for removal as early as 2025-11-30. Refrain from using this package or pin to Setuptools<81.
  from pkg_resources import resource_stream, resource_exists
Using cuda device
rbf_192 before training: mean_reward=-196.57 +/- 96.89
Logging to runs/lunarlander_ppo_rbf/ppo-rbf-20260727_211945-seed42/rbf_192_1
/home/leopold/anaconda3/envs/sac_sb3_demo/lib/python3.12/site-packages/stable_baselines3/common/callbacks.py:418: UserWarning: Training and eval env are not of the same type<stable_baselines3.common.vec_env.subproc_vec_env.SubprocVecEnv object at 0x728ddb2089b0> != <stable_baselines3.common.vec_env.dummy_vec_env.DummyVecEnv object at 0x728dae3d7830>
  warnings.warn("Training and eval env are not of the same type" f"{self.training_env} != {self.eval_env}")
Eval num_timesteps=32768, episode_reward=-156.21 +/- 23.54
Episode length: 73.80 +/- 11.25
-----------------------------------------
| eval/                   |             |
|    mean_ep_length       | 73.8        |
|    mean_reward          | -156        |
| time/                   |             |
|    total_timesteps      | 32768       |
| train/                  |             |
|    approx_kl            | 0.005568935 |
|    clip_fraction        | 0.0496      |
|    clip_range           | 0.2         |
|    entropy_loss         | -2.84       |
|    explained_variance   | 0.000398    |
|    learning_rate        | 0.0003      |
|    loss                 | 1.91e+03    |
|    n_updates            | 4           |
|    policy_gradient_loss | -0.00391    |
|    std                  | 1           |
|    value_loss           | 7.63e+03    |
-----------------------------------------
New best mean reward!
Eval num_timesteps=65536, episode_reward=-74.00 +/- 43.43
Episode length: 78.40 +/- 12.35
-----------------------------------------
| eval/                   |             |
|    mean_ep_length       | 78.4        |
|    mean_reward          | -74         |
| time/                   |             |
|    total_timesteps      | 65536       |
| train/                  |             |
|    approx_kl            | 0.006642547 |
|    clip_fraction        | 0.0572      |
|    clip_range           | 0.2         |
|    entropy_loss         | -2.85       |
|    explained_variance   | -0.146      |
|    learning_rate        | 0.0003      |
|    loss                 | 650         |
|    n_updates            | 12          |
|    policy_gradient_loss | -0.00281    |
|    std                  | 1.01        |
|    value_loss           | 1.39e+03    |
-----------------------------------------
New best mean reward!
---------------------------------
| rollout/           |          |
|    ep_len_mean     | 120      |
|    ep_rew_mean     | -135     |
| time/              |          |
|    fps             | 4895     |
|    iterations      | 4        |
|    time_elapsed    | 13       |
|    total_timesteps | 65536    |
---------------------------------
Eval num_timesteps=98304, episode_reward=-99.83 +/- 26.56
Episode length: 86.20 +/- 12.86
-----------------------------------------
| eval/                   |             |
|    mean_ep_length       | 86.2        |
|    mean_reward          | -99.8       |
| time/                   |             |
|    total_timesteps      | 98304       |
| train/                  |             |
|    approx_kl            | 0.004694422 |
|    clip_fraction        | 0.039       |
|    clip_range           | 0.2         |
|    entropy_loss         | -2.86       |
|    explained_variance   | -0.0324     |
|    learning_rate        | 0.0003      |
|    loss                 | 549         |
|    n_updates            | 20          |
|    policy_gradient_loss | -0.00191    |
|    std                  | 1.02        |
|    value_loss           | 878         |
-----------------------------------------
Eval num_timesteps=131072, episode_reward=-72.03 +/- 32.91
Episode length: 96.10 +/- 13.22
-----------------------------------------
| eval/                   |             |
|    mean_ep_length       | 96.1        |
|    mean_reward          | -72         |
| time/                   |             |
|    total_timesteps      | 131072      |
| train/                  |             |
|    approx_kl            | 0.005858961 |
|    clip_fraction        | 0.0576      |
|    clip_range           | 0.2         |
|    entropy_loss         | -2.88       |
|    explained_variance   | 0.109       |
|    learning_rate        | 0.0003      |
|    loss                 | 267         |
|    n_updates            | 28          |
|    policy_gradient_loss | -0.0016     |
|    std                  | 1.02        |
|    value_loss           | 486         |
-----------------------------------------
New best mean reward!
---------------------------------
| rollout/           |          |
|    ep_len_mean     | 120      |
|    ep_rew_mean     | -65.5    |
| time/              |          |
|    fps             | 4539     |
|    iterations      | 8        |
|    time_elapsed    | 28       |
|    total_timesteps | 131072   |
---------------------------------
Eval num_timesteps=163840, episode_reward=-138.24 +/- 36.13
Episode length: 123.30 +/- 46.11
-----------------------------------------
| eval/                   |             |
|    mean_ep_length       | 123         |
|    mean_reward          | -138        |
| time/                   |             |
|    total_timesteps      | 163840      |
| train/                  |             |
|    approx_kl            | 0.005117907 |
|    clip_fraction        | 0.0453      |
|    clip_range           | 0.2         |
|    entropy_loss         | -2.88       |
|    explained_variance   | 0.445       |
|    learning_rate        | 0.0003      |
|    loss                 | 94.7        |
|    n_updates            | 36          |
|    policy_gradient_loss | -0.00195    |
|    std                  | 1.03        |
|    value_loss           | 345         |
-----------------------------------------
Eval num_timesteps=196608, episode_reward=-86.37 +/- 40.75
Episode length: 386.00 +/- 402.10
------------------------------------------
| eval/                   |              |
|    mean_ep_length       | 386          |
|    mean_reward          | -86.4        |
| time/                   |              |
|    total_timesteps      | 196608       |
| train/                  |              |
|    approx_kl            | 0.0032574115 |
|    clip_fraction        | 0.0263       |
|    clip_range           | 0.2          |
|    entropy_loss         | -2.88        |
|    explained_variance   | 0.601        |
|    learning_rate        | 0.0003       |
|    loss                 | 147          |
|    n_updates            | 44           |
|    policy_gradient_loss | -0.000929    |
|    std                  | 1.02         |
|    value_loss           | 618          |
------------------------------------------
---------------------------------
| rollout/           |          |
|    ep_len_mean     | 160      |
|    ep_rew_mean     | -32.1    |
| time/              |          |
|    fps             | 4379     |
|    iterations      | 12       |
|    time_elapsed    | 44       |
|    total_timesteps | 196608   |
---------------------------------
Eval num_timesteps=229376, episode_reward=-44.78 +/- 66.27
Episode length: 113.70 +/- 25.12
------------------------------------------
| eval/                   |              |
|    mean_ep_length       | 114          |
|    mean_reward          | -44.8        |
| time/                   |              |
|    total_timesteps      | 229376       |
| train/                  |              |
|    approx_kl            | 0.0043726414 |
|    clip_fraction        | 0.0515       |
|    clip_range           | 0.2          |
|    entropy_loss         | -2.88        |
|    explained_variance   | 0.84         |
|    learning_rate        | 0.0003       |
|    loss                 | 93.3         |
|    n_updates            | 52           |
|    policy_gradient_loss | -0.00144     |
|    std                  | 1.02         |
|    value_loss           | 238          |
------------------------------------------
New best mean reward!
Eval num_timesteps=262144, episode_reward=91.43 +/- 125.95
Episode length: 191.00 +/- 68.13
------------------------------------------
| eval/                   |              |
|    mean_ep_length       | 191          |
|    mean_reward          | 91.4         |
| time/                   |              |
|    total_timesteps      | 262144       |
| train/                  |              |
|    approx_kl            | 0.0042092646 |
|    clip_fraction        | 0.0398       |
|    clip_range           | 0.2          |
|    entropy_loss         | -2.87        |
|    explained_variance   | 0.843        |
|    learning_rate        | 0.0003       |
|    loss                 | 96.5         |
|    n_updates            | 60           |
|    policy_gradient_loss | -0.00125     |
|    std                  | 1.01         |
|    value_loss           | 242          |
------------------------------------------
New best mean reward!
---------------------------------
| rollout/           |          |
|    ep_len_mean     | 165      |
|    ep_rew_mean     | -9.22    |
| time/              |          |
|    fps             | 4381     |
|    iterations      | 16       |
|    time_elapsed    | 59       |
|    total_timesteps | 262144   |
---------------------------------
Eval num_timesteps=294912, episode_reward=96.86 +/- 112.48
Episode length: 225.80 +/- 111.61
-----------------------------------------
| eval/                   |             |
|    mean_ep_length       | 226         |
|    mean_reward          | 96.9        |
| time/                   |             |
|    total_timesteps      | 294912      |
| train/                  |             |
|    approx_kl            | 0.005670825 |
|    clip_fraction        | 0.0465      |
|    clip_range           | 0.2         |
|    entropy_loss         | -2.86       |
|    explained_variance   | 0.929       |
|    learning_rate        | 0.0003      |
|    loss                 | 89.7        |
|    n_updates            | 68          |
|    policy_gradient_loss | -0.00109    |
|    std                  | 1.01        |
|    value_loss           | 191         |
-----------------------------------------
New best mean reward!
Eval num_timesteps=327680, episode_reward=110.86 +/- 113.58
Episode length: 319.00 +/- 124.52
------------------------------------------
| eval/                   |              |
|    mean_ep_length       | 319          |
|    mean_reward          | 111          |
| time/                   |              |
|    total_timesteps      | 327680       |
| train/                  |              |
|    approx_kl            | 0.0060758656 |
|    clip_fraction        | 0.0611       |
|    clip_range           | 0.2          |
|    entropy_loss         | -2.86        |
|    explained_variance   | 0.944        |
|    learning_rate        | 0.0003       |
|    loss                 | 84.1         |
|    n_updates            | 76           |
|    policy_gradient_loss | -8.92e-05    |
|    std                  | 1.01         |
|    value_loss           | 155          |
------------------------------------------
New best mean reward!
---------------------------------
| rollout/           |          |
|    ep_len_mean     | 369      |
|    ep_rew_mean     | 11       |
| time/              |          |
|    fps             | 4320     |
|    iterations      | 20       |
|    time_elapsed    | 75       |
|    total_timesteps | 327680   |
---------------------------------
Eval num_timesteps=360448, episode_reward=43.29 +/- 142.01
Episode length: 271.40 +/- 140.96
------------------------------------------
| eval/                   |              |
|    mean_ep_length       | 271          |
|    mean_reward          | 43.3         |
| time/                   |              |
|    total_timesteps      | 360448       |
| train/                  |              |
|    approx_kl            | 0.0066049416 |
|    clip_fraction        | 0.0574       |
|    clip_range           | 0.2          |
|    entropy_loss         | -2.84        |
|    explained_variance   | 0.951        |
|    learning_rate        | 0.0003       |
|    loss                 | 79.5         |
|    n_updates            | 84           |
|    policy_gradient_loss | -0.000399    |
|    std                  | 0.996        |
|    value_loss           | 128          |
------------------------------------------
Eval num_timesteps=393216, episode_reward=1.89 +/- 153.30
Episode length: 293.30 +/- 86.62
-----------------------------------------
| eval/                   |             |
|    mean_ep_length       | 293         |
|    mean_reward          | 1.89        |
| time/                   |             |
|    total_timesteps      | 393216      |
| train/                  |             |
|    approx_kl            | 0.004609579 |
|    clip_fraction        | 0.0479      |
|    clip_range           | 0.2         |
|    entropy_loss         | -2.83       |
|    explained_variance   | 0.936       |
|    learning_rate        | 0.0003      |
|    loss                 | 53.4        |
|    n_updates            | 92          |
|    policy_gradient_loss | -0.000171   |
|    std                  | 0.996       |
|    value_loss           | 163         |
-----------------------------------------
---------------------------------
| rollout/           |          |
|    ep_len_mean     | 464      |
|    ep_rew_mean     | 27.9     |
| time/              |          |
|    fps             | 4293     |
|    iterations      | 24       |
|    time_elapsed    | 91       |
|    total_timesteps | 393216   |
---------------------------------
Eval num_timesteps=425984, episode_reward=172.60 +/- 82.47
Episode length: 357.10 +/- 76.74
-----------------------------------------
| eval/                   |             |
|    mean_ep_length       | 357         |
|    mean_reward          | 173         |
| time/                   |             |
|    total_timesteps      | 425984      |
| train/                  |             |
|    approx_kl            | 0.004023393 |
|    clip_fraction        | 0.0454      |
|    clip_range           | 0.2         |
|    entropy_loss         | -2.84       |
|    explained_variance   | 0.937       |
|    learning_rate        | 0.0003      |
|    loss                 | 106         |
|    n_updates            | 100         |
|    policy_gradient_loss | -5.21e-05   |
|    std                  | 1           |
|    value_loss           | 167         |
-----------------------------------------
New best mean reward!
Eval num_timesteps=458752, episode_reward=92.20 +/- 126.43
Episode length: 350.80 +/- 77.76
------------------------------------------
| eval/                   |              |
|    mean_ep_length       | 351          |
|    mean_reward          | 92.2         |
| time/                   |              |
|    total_timesteps      | 458752       |
| train/                  |              |
|    approx_kl            | 0.0048686247 |
|    clip_fraction        | 0.0636       |
|    clip_range           | 0.2          |
|    entropy_loss         | -2.8         |
|    explained_variance   | 0.965        |
|    learning_rate        | 0.0003       |
|    loss                 | 17.6         |
|    n_updates            | 108          |
|    policy_gradient_loss | -0.000208    |
|    std                  | 0.976        |
|    value_loss           | 70.8         |
------------------------------------------
---------------------------------
| rollout/           |          |
|    ep_len_mean     | 527      |
|    ep_rew_mean     | 42.3     |
| time/              |          |
|    fps             | 4240     |
|    iterations      | 28       |
|    time_elapsed    | 108      |
|    total_timesteps | 458752   |
---------------------------------
Eval num_timesteps=491520, episode_reward=196.15 +/- 94.27
Episode length: 356.50 +/- 54.86
------------------------------------------
| eval/                   |              |
|    mean_ep_length       | 356          |
|    mean_reward          | 196          |
| time/                   |              |
|    total_timesteps      | 491520       |
| train/                  |              |
|    approx_kl            | 0.0048834765 |
|    clip_fraction        | 0.0539       |
|    clip_range           | 0.2          |
|    entropy_loss         | -2.78        |
|    explained_variance   | 0.962        |
|    learning_rate        | 0.0003       |
|    loss                 | 19.9         |
|    n_updates            | 116          |
|    policy_gradient_loss | 0.000185     |
|    std                  | 0.97         |
|    value_loss           | 66.4         |
------------------------------------------
New best mean reward!
Eval num_timesteps=524288, episode_reward=165.51 +/- 72.23
Episode length: 593.00 +/- 99.28
------------------------------------------
| eval/                   |              |
|    mean_ep_length       | 593          |
|    mean_reward          | 166          |
| time/                   |              |
|    total_timesteps      | 524288       |
| train/                  |              |
|    approx_kl            | 0.0047379755 |
|    clip_fraction        | 0.0473       |
|    clip_range           | 0.2          |
|    entropy_loss         | -2.77        |
|    explained_variance   | 0.956        |
|    learning_rate        | 0.0003       |
|    loss                 | 44.6         |
|    n_updates            | 124          |
|    policy_gradient_loss | 0.000315     |
|    std                  | 0.964        |
|    value_loss           | 94.2         |
------------------------------------------
---------------------------------
| rollout/           |          |
|    ep_len_mean     | 769      |
|    ep_rew_mean     | 66.2     |
| time/              |          |
|    fps             | 4172     |
|    iterations      | 32       |
|    time_elapsed    | 125      |
|    total_timesteps | 524288   |
---------------------------------
Eval num_timesteps=557056, episode_reward=168.89 +/- 45.34
Episode length: 734.00 +/- 156.57
-----------------------------------------
| eval/                   |             |
|    mean_ep_length       | 734         |
|    mean_reward          | 169         |
| time/                   |             |
|    total_timesteps      | 557056      |
| train/                  |             |
|    approx_kl            | 0.005973478 |
|    clip_fraction        | 0.0565      |
|    clip_range           | 0.2         |
|    entropy_loss         | -2.76       |
|    explained_variance   | 0.943       |
|    learning_rate        | 0.0003      |
|    loss                 | 34.3        |
|    n_updates            | 132         |
|    policy_gradient_loss | 0.000256    |
|    std                  | 0.961       |
|    value_loss           | 101         |
-----------------------------------------
Eval num_timesteps=589824, episode_reward=124.38 +/- 110.39
Episode length: 637.20 +/- 87.11
------------------------------------------
| eval/                   |              |
|    mean_ep_length       | 637          |
|    mean_reward          | 124          |
| time/                   |              |
|    total_timesteps      | 589824       |
| train/                  |              |
|    approx_kl            | 0.0038139261 |
|    clip_fraction        | 0.0481       |
|    clip_range           | 0.2          |
|    entropy_loss         | -2.72        |
|    explained_variance   | 0.949        |
|    learning_rate        | 0.0003       |
|    loss                 | 57.9         |
|    n_updates            | 140          |
|    policy_gradient_loss | -0.000241    |
|    std                  | 0.943        |
|    value_loss           | 74.1         |
------------------------------------------
---------------------------------
| rollout/           |          |
|    ep_len_mean     | 899      |
|    ep_rew_mean     | 67.5     |
| time/              |          |
|    fps             | 4091     |
|    iterations      | 36       |
|    time_elapsed    | 144      |
|    total_timesteps | 589824   |
---------------------------------
Eval num_timesteps=622592, episode_reward=-30.78 +/- 19.55
Episode length: 1000.00 +/- 0.00
-----------------------------------------
| eval/                   |             |
|    mean_ep_length       | 1e+03       |
|    mean_reward          | -30.8       |
| time/                   |             |
|    total_timesteps      | 622592      |
| train/                  |             |
|    approx_kl            | 0.005875648 |
|    clip_fraction        | 0.0579      |
|    clip_range           | 0.2         |
|    entropy_loss         | -2.75       |
|    explained_variance   | 0.964       |
|    learning_rate        | 0.0003      |
|    loss                 | 25.1        |
|    n_updates            | 148         |
|    policy_gradient_loss | -0.000159   |
|    std                  | 0.957       |
|    value_loss           | 53.4        |
-----------------------------------------
Eval num_timesteps=655360, episode_reward=-112.56 +/- 26.91
Episode length: 1000.00 +/- 0.00
-----------------------------------------
| eval/                   |             |
|    mean_ep_length       | 1e+03       |
|    mean_reward          | -113        |
| time/                   |             |
|    total_timesteps      | 655360      |
| train/                  |             |
|    approx_kl            | 0.003825156 |
|    clip_fraction        | 0.0442      |
|    clip_range           | 0.2         |
|    entropy_loss         | -2.74       |
|    explained_variance   | 0.946       |
|    learning_rate        | 0.0003      |
|    loss                 | 19.6        |
|    n_updates            | 156         |
|    policy_gradient_loss | -0.00022    |
|    std                  | 0.951       |
|    value_loss           | 55.2        |
-----------------------------------------
---------------------------------
| rollout/           |          |
|    ep_len_mean     | 959      |
|    ep_rew_mean     | 70.6     |
| time/              |          |
|    fps             | 3986     |
|    iterations      | 40       |
|    time_elapsed    | 164      |
|    total_timesteps | 655360   |
---------------------------------
Eval num_timesteps=688128, episode_reward=-130.36 +/- 20.14
Episode length: 1000.00 +/- 0.00
-----------------------------------------
| eval/                   |             |
|    mean_ep_length       | 1e+03       |
|    mean_reward          | -130        |
| time/                   |             |
|    total_timesteps      | 688128      |
| train/                  |             |
|    approx_kl            | 0.005253249 |
|    clip_fraction        | 0.0459      |
|    clip_range           | 0.2         |
|    entropy_loss         | -2.71       |
|    explained_variance   | 0.928       |
|    learning_rate        | 0.0003      |
|    loss                 | 40.9        |
|    n_updates            | 164         |
|    policy_gradient_loss | 4.92e-05    |
|    std                  | 0.94        |
|    value_loss           | 59.1        |
-----------------------------------------
Eval num_timesteps=720896, episode_reward=-103.18 +/- 25.68
Episode length: 1000.00 +/- 0.00
------------------------------------------
| eval/                   |              |
|    mean_ep_length       | 1e+03        |
|    mean_reward          | -103         |
| time/                   |              |
|    total_timesteps      | 720896       |
| train/                  |              |
|    approx_kl            | 0.0064306566 |
|    clip_fraction        | 0.072        |
|    clip_range           | 0.2          |
|    entropy_loss         | -2.68        |
|    explained_variance   | 0.957        |
|    learning_rate        | 0.0003       |
|    loss                 | 23.5         |
|    n_updates            | 172          |
|    policy_gradient_loss | -0.00197     |
|    std                  | 0.924        |
|    value_loss           | 31.9         |
------------------------------------------
---------------------------------
| rollout/           |          |
|    ep_len_mean     | 997      |
|    ep_rew_mean     | 47.3     |
| time/              |          |
|    fps             | 3895     |
|    iterations      | 44       |
|    time_elapsed    | 185      |
|    total_timesteps | 720896   |
---------------------------------
Eval num_timesteps=753664, episode_reward=-90.17 +/- 18.05
Episode length: 1000.00 +/- 0.00
------------------------------------------
| eval/                   |              |
|    mean_ep_length       | 1e+03        |
|    mean_reward          | -90.2        |
| time/                   |              |
|    total_timesteps      | 753664       |
| train/                  |              |
|    approx_kl            | 0.0055472627 |
|    clip_fraction        | 0.0649       |
|    clip_range           | 0.2          |
|    entropy_loss         | -2.66        |
|    explained_variance   | 0.956        |
|    learning_rate        | 0.0003       |
|    loss                 | 16.5         |
|    n_updates            | 180          |
|    policy_gradient_loss | -0.00146     |
|    std                  | 0.915        |
|    value_loss           | 26.2         |
------------------------------------------
Eval num_timesteps=786432, episode_reward=-16.84 +/- 41.69
Episode length: 996.80 +/- 9.60
-----------------------------------------
| eval/                   |             |
|    mean_ep_length       | 997         |
|    mean_reward          | -16.8       |
| time/                   |             |
|    total_timesteps      | 786432      |
| train/                  |             |
|    approx_kl            | 0.005267525 |
|    clip_fraction        | 0.0614      |
|    clip_range           | 0.2         |
|    entropy_loss         | -2.64       |
|    explained_variance   | 0.961       |
|    learning_rate        | 0.0003      |
|    loss                 | 13.7        |
|    n_updates            | 188         |
|    policy_gradient_loss | -0.00228    |
|    std                  | 0.905       |
|    value_loss           | 26          |
-----------------------------------------
---------------------------------
| rollout/           |          |
|    ep_len_mean     | 995      |
|    ep_rew_mean     | 63.9     |
| time/              |          |
|    fps             | 3825     |
|    iterations      | 48       |
|    time_elapsed    | 205      |
|    total_timesteps | 786432   |
---------------------------------
Eval num_timesteps=819200, episode_reward=173.53 +/- 83.10
Episode length: 623.20 +/- 107.55
-----------------------------------------
| eval/                   |             |
|    mean_ep_length       | 623         |
|    mean_reward          | 174         |
| time/                   |             |
|    total_timesteps      | 819200      |
| train/                  |             |
|    approx_kl            | 0.004076952 |
|    clip_fraction        | 0.0387      |
|    clip_range           | 0.2         |
|    entropy_loss         | -2.63       |
|    explained_variance   | 0.952       |
|    learning_rate        | 0.0003      |
|    loss                 | 23.3        |
|    n_updates            | 196         |
|    policy_gradient_loss | -0.000302   |
|    std                  | 0.902       |
|    value_loss           | 42.8        |
-----------------------------------------
Eval num_timesteps=851968, episode_reward=170.32 +/- 79.25
Episode length: 531.00 +/- 49.91
-----------------------------------------
| eval/                   |             |
|    mean_ep_length       | 531         |
|    mean_reward          | 170         |
| time/                   |             |
|    total_timesteps      | 851968      |
| train/                  |             |
|    approx_kl            | 0.003390111 |
|    clip_fraction        | 0.0348      |
|    clip_range           | 0.2         |
|    entropy_loss         | -2.65       |
|    explained_variance   | 0.946       |
|    learning_rate        | 0.0003      |
|    loss                 | 25.3        |
|    n_updates            | 204         |
|    policy_gradient_loss | 0.000285    |
|    std                  | 0.91        |
|    value_loss           | 58.5        |
-----------------------------------------
---------------------------------
| rollout/           |          |
|    ep_len_mean     | 907      |
|    ep_rew_mean     | 85.7     |
| time/              |          |
|    fps             | 3810     |
|    iterations      | 52       |
|    time_elapsed    | 223      |
|    total_timesteps | 851968   |
---------------------------------
Eval num_timesteps=884736, episode_reward=119.74 +/- 127.58
Episode length: 546.90 +/- 115.21
------------------------------------------
| eval/                   |              |
|    mean_ep_length       | 547          |
|    mean_reward          | 120          |
| time/                   |              |
|    total_timesteps      | 884736       |
| train/                  |              |
|    approx_kl            | 0.0048891976 |
|    clip_fraction        | 0.0448       |
|    clip_range           | 0.2          |
|    entropy_loss         | -2.65        |
|    explained_variance   | 0.923        |
|    learning_rate        | 0.0003       |
|    loss                 | 28.4         |
|    n_updates            | 212          |
|    policy_gradient_loss | 0.000247     |
|    std                  | 0.911        |
|    value_loss           | 85.1         |
------------------------------------------
Eval num_timesteps=917504, episode_reward=215.05 +/- 83.43
Episode length: 490.80 +/- 53.18
----------------------------------------
| eval/                   |            |
|    mean_ep_length       | 491        |
|    mean_reward          | 215        |
| time/                   |            |
|    total_timesteps      | 917504     |
| train/                  |            |
|    approx_kl            | 0.00336821 |
|    clip_fraction        | 0.0358     |
|    clip_range           | 0.2        |
|    entropy_loss         | -2.65      |
|    explained_variance   | 0.902      |
|    learning_rate        | 0.0003     |
|    loss                 | 25.6       |
|    n_updates            | 220        |
|    policy_gradient_loss | 0.000442   |
|    std                  | 0.906      |
|    value_loss           | 99.5       |
----------------------------------------
New best mean reward!
---------------------------------
| rollout/           |          |
|    ep_len_mean     | 784      |
|    ep_rew_mean     | 82.1     |
| time/              |          |
|    fps             | 3797     |
|    iterations      | 56       |
|    time_elapsed    | 241      |
|    total_timesteps | 917504   |
---------------------------------
Eval num_timesteps=950272, episode_reward=176.11 +/- 30.94
Episode length: 690.90 +/- 44.59
------------------------------------------
| eval/                   |              |
|    mean_ep_length       | 691          |
|    mean_reward          | 176          |
| time/                   |              |
|    total_timesteps      | 950272       |
| train/                  |              |
|    approx_kl            | 0.0052332855 |
|    clip_fraction        | 0.0597       |
|    clip_range           | 0.2          |
|    entropy_loss         | -2.64        |
|    explained_variance   | 0.943        |
|    learning_rate        | 0.0003       |
|    loss                 | 4.17         |
|    n_updates            | 228          |
|    policy_gradient_loss | 0.000415     |
|    std                  | 0.906        |
|    value_loss           | 52.1         |
------------------------------------------
Eval num_timesteps=983040, episode_reward=80.76 +/- 102.60
Episode length: 676.80 +/- 96.52
-----------------------------------------
| eval/                   |             |
|    mean_ep_length       | 677         |
|    mean_reward          | 80.8        |
| time/                   |             |
|    total_timesteps      | 983040      |
| train/                  |             |
|    approx_kl            | 0.005046672 |
|    clip_fraction        | 0.0432      |
|    clip_range           | 0.2         |
|    entropy_loss         | -2.62       |
|    explained_variance   | 0.934       |
|    learning_rate        | 0.0003      |
|    loss                 | 35.6        |
|    n_updates            | 236         |
|    policy_gradient_loss | 0.000131    |
|    std                  | 0.892       |
|    value_loss           | 58.3        |
-----------------------------------------
---------------------------------
| rollout/           |          |
|    ep_len_mean     | 850      |
|    ep_rew_mean     | 90.8     |
| time/              |          |
|    fps             | 3771     |
|    iterations      | 60       |
|    time_elapsed    | 260      |
|    total_timesteps | 983040   |
---------------------------------
Eval num_timesteps=1015808, episode_reward=47.88 +/- 97.08
Episode length: 736.70 +/- 117.07
------------------------------------------
| eval/                   |              |
|    mean_ep_length       | 737          |
|    mean_reward          | 47.9         |
| time/                   |              |
|    total_timesteps      | 1015808      |
| train/                  |              |
|    approx_kl            | 0.0039127828 |
|    clip_fraction        | 0.0473       |
|    clip_range           | 0.2          |
|    entropy_loss         | -2.62        |
|    explained_variance   | 0.907        |
|    learning_rate        | 0.0003       |
|    loss                 | 53.5         |
|    n_updates            | 244          |
|    policy_gradient_loss | -3.55e-05    |
|    std                  | 0.899        |
|    value_loss           | 75.7         |
------------------------------------------
Eval num_timesteps=1048576, episode_reward=119.62 +/- 104.85
Episode length: 615.00 +/- 143.05
------------------------------------------
| eval/                   |              |
|    mean_ep_length       | 615          |
|    mean_reward          | 120          |
| time/                   |              |
|    total_timesteps      | 1048576      |
| train/                  |              |
|    approx_kl            | 0.0044700527 |
|    clip_fraction        | 0.0579       |
|    clip_range           | 0.2          |
|    entropy_loss         | -2.62        |
|    explained_variance   | 0.892        |
|    learning_rate        | 0.0003       |
|    loss                 | 23.9         |
|    n_updates            | 252          |
|    policy_gradient_loss | 0.000763     |
|    std                  | 0.899        |
|    value_loss           | 78.1         |
------------------------------------------
---------------------------------
| rollout/           |          |
|    ep_len_mean     | 854      |
|    ep_rew_mean     | 69.2     |
| time/              |          |
|    fps             | 3749     |
|    iterations      | 64       |
|    time_elapsed    | 279      |
|    total_timesteps | 1048576  |
---------------------------------
Wrapping the env in a DummyVecEnv.
rbf_192 after training: mean_reward=89.92 +/- 121.07

=== Training variant: rbf_actor_mlp_critic_64 ===
/home/leopold/anaconda3/envs/sac_sb3_demo/lib/python3.12/site-packages/pygame/pkgdata.py:25: UserWarning: pkg_resources is deprecated as an API. See https://setuptools.pypa.io/en/latest/pkg_resources.html. The pkg_resources package is slated for removal as early as 2025-11-30. Refrain from using this package or pin to Setuptools<81.
  from pkg_resources import resource_stream, resource_exists
/home/leopold/anaconda3/envs/sac_sb3_demo/lib/python3.12/site-packages/pygame/pkgdata.py:25: UserWarning: pkg_resources is deprecated as an API. See https://setuptools.pypa.io/en/latest/pkg_resources.html. The pkg_resources package is slated for removal as early as 2025-11-30. Refrain from using this package or pin to Setuptools<81.
  from pkg_resources import resource_stream, resource_exists
/home/leopold/anaconda3/envs/sac_sb3_demo/lib/python3.12/site-packages/pygame/pkgdata.py:25: UserWarning: pkg_resources is deprecated as an API. See https://setuptools.pypa.io/en/latest/pkg_resources.html. The pkg_resources package is slated for removal as early as 2025-11-30. Refrain from using this package or pin to Setuptools<81.
  from pkg_resources import resource_stream, resource_exists
/home/leopold/anaconda3/envs/sac_sb3_demo/lib/python3.12/site-packages/pygame/pkgdata.py:25: UserWarning: pkg_resources is deprecated as an API. See https://setuptools.pypa.io/en/latest/pkg_resources.html. The pkg_resources package is slated for removal as early as 2025-11-30. Refrain from using this package or pin to Setuptools<81.
  from pkg_resources import resource_stream, resource_exists
/home/leopold/anaconda3/envs/sac_sb3_demo/lib/python3.12/site-packages/pygame/pkgdata.py:25: UserWarning: pkg_resources is deprecated as an API. See https://setuptools.pypa.io/en/latest/pkg_resources.html. The pkg_resources package is slated for removal as early as 2025-11-30. Refrain from using this package or pin to Setuptools<81.
  from pkg_resources import resource_stream, resource_exists
/home/leopold/anaconda3/envs/sac_sb3_demo/lib/python3.12/site-packages/pygame/pkgdata.py:25: UserWarning: pkg_resources is deprecated as an API. See https://setuptools.pypa.io/en/latest/pkg_resources.html. The pkg_resources package is slated for removal as early as 2025-11-30. Refrain from using this package or pin to Setuptools<81.
  from pkg_resources import resource_stream, resource_exists
/home/leopold/anaconda3/envs/sac_sb3_demo/lib/python3.12/site-packages/pygame/pkgdata.py:25: UserWarning: pkg_resources is deprecated as an API. See https://setuptools.pypa.io/en/latest/pkg_resources.html. The pkg_resources package is slated for removal as early as 2025-11-30. Refrain from using this package or pin to Setuptools<81.
  from pkg_resources import resource_stream, resource_exists
/home/leopold/anaconda3/envs/sac_sb3_demo/lib/python3.12/site-packages/pygame/pkgdata.py:25: UserWarning: pkg_resources is deprecated as an API. See https://setuptools.pypa.io/en/latest/pkg_resources.html. The pkg_resources package is slated for removal as early as 2025-11-30. Refrain from using this package or pin to Setuptools<81.
  from pkg_resources import resource_stream, resource_exists
/home/leopold/anaconda3/envs/sac_sb3_demo/lib/python3.12/site-packages/pygame/pkgdata.py:25: UserWarning: pkg_resources is deprecated as an API. See https://setuptools.pypa.io/en/latest/pkg_resources.html. The pkg_resources package is slated for removal as early as 2025-11-30. Refrain from using this package or pin to Setuptools<81.
  from pkg_resources import resource_stream, resource_exists
/home/leopold/anaconda3/envs/sac_sb3_demo/lib/python3.12/site-packages/pygame/pkgdata.py:25: UserWarning: pkg_resources is deprecated as an API. See https://setuptools.pypa.io/en/latest/pkg_resources.html. The pkg_resources package is slated for removal as early as 2025-11-30. Refrain from using this package or pin to Setuptools<81.
  from pkg_resources import resource_stream, resource_exists
/home/leopold/anaconda3/envs/sac_sb3_demo/lib/python3.12/site-packages/pygame/pkgdata.py:25: UserWarning: pkg_resources is deprecated as an API. See https://setuptools.pypa.io/en/latest/pkg_resources.html. The pkg_resources package is slated for removal as early as 2025-11-30. Refrain from using this package or pin to Setuptools<81.
  from pkg_resources import resource_stream, resource_exists
/home/leopold/anaconda3/envs/sac_sb3_demo/lib/python3.12/site-packages/pygame/pkgdata.py:25: UserWarning: pkg_resources is deprecated as an API. See https://setuptools.pypa.io/en/latest/pkg_resources.html. The pkg_resources package is slated for removal as early as 2025-11-30. Refrain from using this package or pin to Setuptools<81.
  from pkg_resources import resource_stream, resource_exists
/home/leopold/anaconda3/envs/sac_sb3_demo/lib/python3.12/site-packages/pygame/pkgdata.py:25: UserWarning: pkg_resources is deprecated as an API. See https://setuptools.pypa.io/en/latest/pkg_resources.html. The pkg_resources package is slated for removal as early as 2025-11-30. Refrain from using this package or pin to Setuptools<81.
  from pkg_resources import resource_stream, resource_exists
/home/leopold/anaconda3/envs/sac_sb3_demo/lib/python3.12/site-packages/pygame/pkgdata.py:25: UserWarning: pkg_resources is deprecated as an API. See https://setuptools.pypa.io/en/latest/pkg_resources.html. The pkg_resources package is slated for removal as early as 2025-11-30. Refrain from using this package or pin to Setuptools<81.
  from pkg_resources import resource_stream, resource_exists
/home/leopold/anaconda3/envs/sac_sb3_demo/lib/python3.12/site-packages/pygame/pkgdata.py:25: UserWarning: pkg_resources is deprecated as an API. See https://setuptools.pypa.io/en/latest/pkg_resources.html. The pkg_resources package is slated for removal as early as 2025-11-30. Refrain from using this package or pin to Setuptools<81.
  from pkg_resources import resource_stream, resource_exists
/home/leopold/anaconda3/envs/sac_sb3_demo/lib/python3.12/site-packages/pygame/pkgdata.py:25: UserWarning: pkg_resources is deprecated as an API. See https://setuptools.pypa.io/en/latest/pkg_resources.html. The pkg_resources package is slated for removal as early as 2025-11-30. Refrain from using this package or pin to Setuptools<81.
  from pkg_resources import resource_stream, resource_exists
Using cuda device
rbf_actor_mlp_critic_64 before training: mean_reward=-148.72 +/- 25.77
Logging to runs/lunarlander_ppo_rbf/ppo-rbf-20260727_211945-seed42/rbf_act_mlp64_1
/home/leopold/anaconda3/envs/sac_sb3_demo/lib/python3.12/site-packages/stable_baselines3/common/callbacks.py:418: UserWarning: Training and eval env are not of the same type<stable_baselines3.common.vec_env.subproc_vec_env.SubprocVecEnv object at 0x728dae568ce0> != <stable_baselines3.common.vec_env.dummy_vec_env.DummyVecEnv object at 0x728dae3a2960>
  warnings.warn("Training and eval env are not of the same type" f"{self.training_env} != {self.eval_env}")
Eval num_timesteps=32768, episode_reward=-136.58 +/- 123.57
Episode length: 192.00 +/- 270.47
------------------------------------------
| eval/                   |              |
|    mean_ep_length       | 192          |
|    mean_reward          | -137         |
| time/                   |              |
|    total_timesteps      | 32768        |
| train/                  |              |
|    approx_kl            | 0.0023662862 |
|    clip_fraction        | 0.00867      |
|    clip_range           | 0.2          |
|    entropy_loss         | -2.84        |
|    explained_variance   | -0.00123     |
|    learning_rate        | 0.0003       |
|    loss                 | 2.09e+03     |
|    n_updates            | 4            |
|    policy_gradient_loss | -0.00129     |
|    std                  | 1.01         |
|    value_loss           | 6.56e+03     |
------------------------------------------
New best mean reward!
Eval num_timesteps=65536, episode_reward=-121.22 +/- 72.57
Episode length: 70.00 +/- 13.15
------------------------------------------
| eval/                   |              |
|    mean_ep_length       | 70           |
|    mean_reward          | -121         |
| time/                   |              |
|    total_timesteps      | 65536        |
| train/                  |              |
|    approx_kl            | 0.0044072308 |
|    clip_fraction        | 0.0424       |
|    clip_range           | 0.2          |
|    entropy_loss         | -2.85        |
|    explained_variance   | -0.000489    |
|    learning_rate        | 0.0003       |
|    loss                 | 1.44e+03     |
|    n_updates            | 12           |
|    policy_gradient_loss | -0.0037      |
|    std                  | 1.01         |
|    value_loss           | 2.7e+03      |
------------------------------------------
New best mean reward!
---------------------------------
| rollout/           |          |
|    ep_len_mean     | 125      |
|    ep_rew_mean     | -173     |
| time/              |          |
|    fps             | 4855     |
|    iterations      | 4        |
|    time_elapsed    | 13       |
|    total_timesteps | 65536    |
---------------------------------
Eval num_timesteps=98304, episode_reward=-104.09 +/- 34.93
Episode length: 67.60 +/- 10.97
------------------------------------------
| eval/                   |              |
|    mean_ep_length       | 67.6         |
|    mean_reward          | -104         |
| time/                   |              |
|    total_timesteps      | 98304        |
| train/                  |              |
|    approx_kl            | 0.0041670604 |
|    clip_fraction        | 0.0502       |
|    clip_range           | 0.2          |
|    entropy_loss         | -2.85        |
|    explained_variance   | -0.00312     |
|    learning_rate        | 0.0003       |
|    loss                 | 574          |
|    n_updates            | 20           |
|    policy_gradient_loss | -0.00398     |
|    std                  | 1.01         |
|    value_loss           | 1.2e+03      |
------------------------------------------
New best mean reward!
Eval num_timesteps=131072, episode_reward=-127.99 +/- 58.40
Episode length: 84.40 +/- 16.01
------------------------------------------
| eval/                   |              |
|    mean_ep_length       | 84.4         |
|    mean_reward          | -128         |
| time/                   |              |
|    total_timesteps      | 131072       |
| train/                  |              |
|    approx_kl            | 0.0032194383 |
|    clip_fraction        | 0.021        |
|    clip_range           | 0.2          |
|    entropy_loss         | -2.84        |
|    explained_variance   | 0.232        |
|    learning_rate        | 0.0003       |
|    loss                 | 452          |
|    n_updates            | 28           |
|    policy_gradient_loss | -0.00242     |
|    std                  | 0.998        |
|    value_loss           | 752          |
------------------------------------------
---------------------------------
| rollout/           |          |
|    ep_len_mean     | 124      |
|    ep_rew_mean     | -95      |
| time/              |          |
|    fps             | 4609     |
|    iterations      | 8        |
|    time_elapsed    | 28       |
|    total_timesteps | 131072   |
---------------------------------
Eval num_timesteps=163840, episode_reward=-78.57 +/- 58.02
Episode length: 99.90 +/- 13.90
------------------------------------------
| eval/                   |              |
|    mean_ep_length       | 99.9         |
|    mean_reward          | -78.6        |
| time/                   |              |
|    total_timesteps      | 163840       |
| train/                  |              |
|    approx_kl            | 0.0019832293 |
|    clip_fraction        | 0.0101       |
|    clip_range           | 0.2          |
|    entropy_loss         | -2.85        |
|    explained_variance   | 0.321        |
|    learning_rate        | 0.0003       |
|    loss                 | 182          |
|    n_updates            | 36           |
|    policy_gradient_loss | -0.000788    |
|    std                  | 1.01         |
|    value_loss           | 499          |
------------------------------------------
New best mean reward!
Eval num_timesteps=196608, episode_reward=-197.64 +/- 56.59
Episode length: 304.30 +/- 215.44
------------------------------------------
| eval/                   |              |
|    mean_ep_length       | 304          |
|    mean_reward          | -198         |
| time/                   |              |
|    total_timesteps      | 196608       |
| train/                  |              |
|    approx_kl            | 0.0026514807 |
|    clip_fraction        | 0.0148       |
|    clip_range           | 0.2          |
|    entropy_loss         | -2.85        |
|    explained_variance   | 0.428        |
|    learning_rate        | 0.0003       |
|    loss                 | 137          |
|    n_updates            | 44           |
|    policy_gradient_loss | -0.00149     |
|    std                  | 1            |
|    value_loss           | 441          |
------------------------------------------
---------------------------------
| rollout/           |          |
|    ep_len_mean     | 167      |
|    ep_rew_mean     | -63.2    |
| time/              |          |
|    fps             | 4452     |
|    iterations      | 12       |
|    time_elapsed    | 44       |
|    total_timesteps | 196608   |
---------------------------------
Eval num_timesteps=229376, episode_reward=-147.53 +/- 24.81
Episode length: 161.30 +/- 34.28
------------------------------------------
| eval/                   |              |
|    mean_ep_length       | 161          |
|    mean_reward          | -148         |
| time/                   |              |
|    total_timesteps      | 229376       |
| train/                  |              |
|    approx_kl            | 0.0027008853 |
|    clip_fraction        | 0.0098       |
|    clip_range           | 0.2          |
|    entropy_loss         | -2.84        |
|    explained_variance   | 0.765        |
|    learning_rate        | 0.0003       |
|    loss                 | 98.8         |
|    n_updates            | 52           |
|    policy_gradient_loss | -0.000776    |
|    std                  | 1            |
|    value_loss           | 325          |
------------------------------------------
Eval num_timesteps=262144, episode_reward=-126.04 +/- 30.85
Episode length: 208.70 +/- 90.10
------------------------------------------
| eval/                   |              |
|    mean_ep_length       | 209          |
|    mean_reward          | -126         |
| time/                   |              |
|    total_timesteps      | 262144       |
| train/                  |              |
|    approx_kl            | 0.0036403164 |
|    clip_fraction        | 0.0231       |
|    clip_range           | 0.2          |
|    entropy_loss         | -2.83        |
|    explained_variance   | 0.825        |
|    learning_rate        | 0.0003       |
|    loss                 | 179          |
|    n_updates            | 60           |
|    policy_gradient_loss | -0.000924    |
|    std                  | 0.994        |
|    value_loss           | 326          |
------------------------------------------
---------------------------------
| rollout/           |          |
|    ep_len_mean     | 198      |
|    ep_rew_mean     | -34.1    |
| time/              |          |
|    fps             | 4385     |
|    iterations      | 16       |
|    time_elapsed    | 59       |
|    total_timesteps | 262144   |
---------------------------------
Eval num_timesteps=294912, episode_reward=-143.48 +/- 47.56
Episode length: 293.80 +/- 187.88
------------------------------------------
| eval/                   |              |
|    mean_ep_length       | 294          |
|    mean_reward          | -143         |
| time/                   |              |
|    total_timesteps      | 294912       |
| train/                  |              |
|    approx_kl            | 0.0030571437 |
|    clip_fraction        | 0.0193       |
|    clip_range           | 0.2          |
|    entropy_loss         | -2.81        |
|    explained_variance   | 0.922        |
|    learning_rate        | 0.0003       |
|    loss                 | 94.4         |
|    n_updates            | 68           |
|    policy_gradient_loss | -0.000887    |
|    std                  | 0.987        |
|    value_loss           | 221          |
------------------------------------------
Eval num_timesteps=327680, episode_reward=-139.30 +/- 64.35
Episode length: 497.80 +/- 347.72
------------------------------------------
| eval/                   |              |
|    mean_ep_length       | 498          |
|    mean_reward          | -139         |
| time/                   |              |
|    total_timesteps      | 327680       |
| train/                  |              |
|    approx_kl            | 0.0029830246 |
|    clip_fraction        | 0.0185       |
|    clip_range           | 0.2          |
|    entropy_loss         | -2.79        |
|    explained_variance   | 0.947        |
|    learning_rate        | 0.0003       |
|    loss                 | 76.2         |
|    n_updates            | 76           |
|    policy_gradient_loss | -0.00173     |
|    std                  | 0.978        |
|    value_loss           | 191          |
------------------------------------------
---------------------------------
| rollout/           |          |
|    ep_len_mean     | 279      |
|    ep_rew_mean     | -25.8    |
| time/              |          |
|    fps             | 4297     |
|    iterations      | 20       |
|    time_elapsed    | 76       |
|    total_timesteps | 327680   |
---------------------------------
Eval num_timesteps=360448, episode_reward=-100.32 +/- 45.23
Episode length: 710.50 +/- 320.49
------------------------------------------
| eval/                   |              |
|    mean_ep_length       | 710          |
|    mean_reward          | -100         |
| time/                   |              |
|    total_timesteps      | 360448       |
| train/                  |              |
|    approx_kl            | 0.0038714278 |
|    clip_fraction        | 0.0212       |
|    clip_range           | 0.2          |
|    entropy_loss         | -2.77        |
|    explained_variance   | 0.962        |
|    learning_rate        | 0.0003       |
|    loss                 | 63.7         |
|    n_updates            | 84           |
|    policy_gradient_loss | -0.000968    |
|    std                  | 0.966        |
|    value_loss           | 144          |
------------------------------------------
Eval num_timesteps=393216, episode_reward=91.40 +/- 159.04
Episode length: 221.70 +/- 85.61
------------------------------------------
| eval/                   |              |
|    mean_ep_length       | 222          |
|    mean_reward          | 91.4         |
| time/                   |              |
|    total_timesteps      | 393216       |
| train/                  |              |
|    approx_kl            | 0.0031631612 |
|    clip_fraction        | 0.0179       |
|    clip_range           | 0.2          |
|    entropy_loss         | -2.75        |
|    explained_variance   | 0.984        |
|    learning_rate        | 0.0003       |
|    loss                 | 17.8         |
|    n_updates            | 92           |
|    policy_gradient_loss | -0.000989    |
|    std                  | 0.954        |
|    value_loss           | 56.5         |
------------------------------------------
New best mean reward!
---------------------------------
| rollout/           |          |
|    ep_len_mean     | 239      |
|    ep_rew_mean     | -2.55    |
| time/              |          |
|    fps             | 4205     |
|    iterations      | 24       |
|    time_elapsed    | 93       |
|    total_timesteps | 393216   |
---------------------------------
Eval num_timesteps=425984, episode_reward=134.70 +/- 134.92
Episode length: 368.70 +/- 130.63
-----------------------------------------
| eval/                   |             |
|    mean_ep_length       | 369         |
|    mean_reward          | 135         |
| time/                   |             |
|    total_timesteps      | 425984      |
| train/                  |             |
|    approx_kl            | 0.005179058 |
|    clip_fraction        | 0.0492      |
|    clip_range           | 0.2         |
|    entropy_loss         | -2.75       |
|    explained_variance   | 0.987       |
|    learning_rate        | 0.0003      |
|    loss                 | 12.5        |
|    n_updates            | 100         |
|    policy_gradient_loss | -0.00312    |
|    std                  | 0.959       |
|    value_loss           | 46.1        |
-----------------------------------------
New best mean reward!
Eval num_timesteps=458752, episode_reward=79.25 +/- 114.55
Episode length: 260.30 +/- 86.69
------------------------------------------
| eval/                   |              |
|    mean_ep_length       | 260          |
|    mean_reward          | 79.2         |
| time/                   |              |
|    total_timesteps      | 458752       |
| train/                  |              |
|    approx_kl            | 0.0037338198 |
|    clip_fraction        | 0.0247       |
|    clip_range           | 0.2          |
|    entropy_loss         | -2.76        |
|    explained_variance   | 0.984        |
|    learning_rate        | 0.0003       |
|    loss                 | 19.8         |
|    n_updates            | 108          |
|    policy_gradient_loss | -0.000801    |
|    std                  | 0.959        |
|    value_loss           | 55.7         |
------------------------------------------
---------------------------------
| rollout/           |          |
|    ep_len_mean     | 195      |
|    ep_rew_mean     | 6.78     |
| time/              |          |
|    fps             | 4162     |
|    iterations      | 28       |
|    time_elapsed    | 110      |
|    total_timesteps | 458752   |
---------------------------------
Eval num_timesteps=491520, episode_reward=27.67 +/- 77.31
Episode length: 175.00 +/- 40.34
------------------------------------------
| eval/                   |              |
|    mean_ep_length       | 175          |
|    mean_reward          | 27.7         |
| time/                   |              |
|    total_timesteps      | 491520       |
| train/                  |              |
|    approx_kl            | 0.0021471595 |
|    clip_fraction        | 0.012        |
|    clip_range           | 0.2          |
|    entropy_loss         | -2.74        |
|    explained_variance   | 0.979        |
|    learning_rate        | 0.0003       |
|    loss                 | 26.6         |
|    n_updates            | 116          |
|    policy_gradient_loss | -0.000541    |
|    std                  | 0.952        |
|    value_loss           | 71.8         |
------------------------------------------
Eval num_timesteps=524288, episode_reward=32.49 +/- 88.01
Episode length: 187.70 +/- 63.11
-----------------------------------------
| eval/                   |             |
|    mean_ep_length       | 188         |
|    mean_reward          | 32.5        |
| time/                   |             |
|    total_timesteps      | 524288      |
| train/                  |             |
|    approx_kl            | 0.004669057 |
|    clip_fraction        | 0.04        |
|    clip_range           | 0.2         |
|    entropy_loss         | -2.73       |
|    explained_variance   | 0.982       |
|    learning_rate        | 0.0003      |
|    loss                 | 30.1        |
|    n_updates            | 124         |
|    policy_gradient_loss | -0.00221    |
|    std                  | 0.946       |
|    value_loss           | 62.5        |
-----------------------------------------
---------------------------------
| rollout/           |          |
|    ep_len_mean     | 202      |
|    ep_rew_mean     | 14.3     |
| time/              |          |
|    fps             | 4161     |
|    iterations      | 32       |
|    time_elapsed    | 125      |
|    total_timesteps | 524288   |
---------------------------------
Eval num_timesteps=557056, episode_reward=60.01 +/- 80.51
Episode length: 193.50 +/- 23.70
----------------------------------------
| eval/                   |            |
|    mean_ep_length       | 194        |
|    mean_reward          | 60         |
| time/                   |            |
|    total_timesteps      | 557056     |
| train/                  |            |
|    approx_kl            | 0.00504699 |
|    clip_fraction        | 0.0411     |
|    clip_range           | 0.2        |
|    entropy_loss         | -2.69      |
|    explained_variance   | 0.99       |
|    learning_rate        | 0.0003     |
|    loss                 | 12.6       |
|    n_updates            | 132        |
|    policy_gradient_loss | -0.0029    |
|    std                  | 0.928      |
|    value_loss           | 40.8       |
----------------------------------------
Eval num_timesteps=589824, episode_reward=83.60 +/- 94.06
Episode length: 200.40 +/- 55.00
------------------------------------------
| eval/                   |              |
|    mean_ep_length       | 200          |
|    mean_reward          | 83.6         |
| time/                   |              |
|    total_timesteps      | 589824       |
| train/                  |              |
|    approx_kl            | 0.0041030673 |
|    clip_fraction        | 0.024        |
|    clip_range           | 0.2          |
|    entropy_loss         | -2.67        |
|    explained_variance   | 0.995        |
|    learning_rate        | 0.0003       |
|    loss                 | 9.75         |
|    n_updates            | 140          |
|    policy_gradient_loss | -0.000721    |
|    std                  | 0.914        |
|    value_loss           | 22.5         |
------------------------------------------
---------------------------------
| rollout/           |          |
|    ep_len_mean     | 244      |
|    ep_rew_mean     | 34.6     |
| time/              |          |
|    fps             | 4155     |
|    iterations      | 36       |
|    time_elapsed    | 141      |
|    total_timesteps | 589824   |
---------------------------------
Eval num_timesteps=622592, episode_reward=139.27 +/- 106.00
Episode length: 303.20 +/- 134.69
------------------------------------------
| eval/                   |              |
|    mean_ep_length       | 303          |
|    mean_reward          | 139          |
| time/                   |              |
|    total_timesteps      | 622592       |
| train/                  |              |
|    approx_kl            | 0.0039142175 |
|    clip_fraction        | 0.032        |
|    clip_range           | 0.2          |
|    entropy_loss         | -2.65        |
|    explained_variance   | 0.991        |
|    learning_rate        | 0.0003       |
|    loss                 | 13.9         |
|    n_updates            | 148          |
|    policy_gradient_loss | -0.00219     |
|    std                  | 0.91         |
|    value_loss           | 35.6         |
------------------------------------------
New best mean reward!
Eval num_timesteps=655360, episode_reward=89.01 +/- 116.35
Episode length: 240.80 +/- 49.40
------------------------------------------
| eval/                   |              |
|    mean_ep_length       | 241          |
|    mean_reward          | 89           |
| time/                   |              |
|    total_timesteps      | 655360       |
| train/                  |              |
|    approx_kl            | 0.0032029357 |
|    clip_fraction        | 0.022        |
|    clip_range           | 0.2          |
|    entropy_loss         | -2.64        |
|    explained_variance   | 0.995        |
|    learning_rate        | 0.0003       |
|    loss                 | 5.78         |
|    n_updates            | 156          |
|    policy_gradient_loss | -0.000854    |
|    std                  | 0.908        |
|    value_loss           | 16           |
------------------------------------------
---------------------------------
| rollout/           |          |
|    ep_len_mean     | 314      |
|    ep_rew_mean     | 49.4     |
| time/              |          |
|    fps             | 4145     |
|    iterations      | 40       |
|    time_elapsed    | 158      |
|    total_timesteps | 655360   |
---------------------------------
Eval num_timesteps=688128, episode_reward=69.83 +/- 86.93
Episode length: 205.00 +/- 50.82
-----------------------------------------
| eval/                   |             |
|    mean_ep_length       | 205         |
|    mean_reward          | 69.8        |
| time/                   |             |
|    total_timesteps      | 688128      |
| train/                  |             |
|    approx_kl            | 0.004636624 |
|    clip_fraction        | 0.0288      |
|    clip_range           | 0.2         |
|    entropy_loss         | -2.62       |
|    explained_variance   | 0.995       |
|    learning_rate        | 0.0003      |
|    loss                 | 6.8         |
|    n_updates            | 164         |
|    policy_gradient_loss | -0.00146    |
|    std                  | 0.896       |
|    value_loss           | 14.9        |
-----------------------------------------
Eval num_timesteps=720896, episode_reward=202.86 +/- 84.39
Episode length: 276.60 +/- 40.35
------------------------------------------
| eval/                   |              |
|    mean_ep_length       | 277          |
|    mean_reward          | 203          |
| time/                   |              |
|    total_timesteps      | 720896       |
| train/                  |              |
|    approx_kl            | 0.0027601197 |
|    clip_fraction        | 0.0235       |
|    clip_range           | 0.2          |
|    entropy_loss         | -2.63        |
|    explained_variance   | 0.994        |
|    learning_rate        | 0.0003       |
|    loss                 | 8.09         |
|    n_updates            | 172          |
|    policy_gradient_loss | -0.000623    |
|    std                  | 0.899        |
|    value_loss           | 16.8         |
------------------------------------------
New best mean reward!
---------------------------------
| rollout/           |          |
|    ep_len_mean     | 290      |
|    ep_rew_mean     | 55.5     |
| time/              |          |
|    fps             | 4144     |
|    iterations      | 44       |
|    time_elapsed    | 173      |
|    total_timesteps | 720896   |
---------------------------------
Eval num_timesteps=753664, episode_reward=175.70 +/- 94.89
Episode length: 240.20 +/- 53.08
------------------------------------------
| eval/                   |              |
|    mean_ep_length       | 240          |
|    mean_reward          | 176          |
| time/                   |              |
|    total_timesteps      | 753664       |
| train/                  |              |
|    approx_kl            | 0.0032408563 |
|    clip_fraction        | 0.0209       |
|    clip_range           | 0.2          |
|    entropy_loss         | -2.6         |
|    explained_variance   | 0.996        |
|    learning_rate        | 0.0003       |
|    loss                 | 4.94         |
|    n_updates            | 180          |
|    policy_gradient_loss | -0.00119     |
|    std                  | 0.883        |
|    value_loss           | 12.4         |
------------------------------------------
Eval num_timesteps=786432, episode_reward=151.81 +/- 130.59
Episode length: 248.60 +/- 35.98
-----------------------------------------
| eval/                   |             |
|    mean_ep_length       | 249         |
|    mean_reward          | 152         |
| time/                   |             |
|    total_timesteps      | 786432      |
| train/                  |             |
|    approx_kl            | 0.002733062 |
|    clip_fraction        | 0.0147      |
|    clip_range           | 0.2         |
|    entropy_loss         | -2.57       |
|    explained_variance   | 0.993       |
|    learning_rate        | 0.0003      |
|    loss                 | 10.7        |
|    n_updates            | 188         |
|    policy_gradient_loss | -0.000556   |
|    std                  | 0.87        |
|    value_loss           | 22.4        |
-----------------------------------------
---------------------------------
| rollout/           |          |
|    ep_len_mean     | 439      |
|    ep_rew_mean     | 75.9     |
| time/              |          |
|    fps             | 4151     |
|    iterations      | 48       |
|    time_elapsed    | 189      |
|    total_timesteps | 786432   |
---------------------------------
Eval num_timesteps=819200, episode_reward=70.20 +/- 79.69
Episode length: 192.20 +/- 16.55
------------------------------------------
| eval/                   |              |
|    mean_ep_length       | 192          |
|    mean_reward          | 70.2         |
| time/                   |              |
|    total_timesteps      | 819200       |
| train/                  |              |
|    approx_kl            | 0.0044717793 |
|    clip_fraction        | 0.0379       |
|    clip_range           | 0.2          |
|    entropy_loss         | -2.53        |
|    explained_variance   | 0.995        |
|    learning_rate        | 0.0003       |
|    loss                 | 2.41         |
|    n_updates            | 196          |
|    policy_gradient_loss | -0.000719    |
|    std                  | 0.851        |
|    value_loss           | 12.6         |
------------------------------------------
Eval num_timesteps=851968, episode_reward=196.88 +/- 121.72
Episode length: 246.30 +/- 42.28
------------------------------------------
| eval/                   |              |
|    mean_ep_length       | 246          |
|    mean_reward          | 197          |
| time/                   |              |
|    total_timesteps      | 851968       |
| train/                  |              |
|    approx_kl            | 0.0037059544 |
|    clip_fraction        | 0.0242       |
|    clip_range           | 0.2          |
|    entropy_loss         | -2.51        |
|    explained_variance   | 0.995        |
|    learning_rate        | 0.0003       |
|    loss                 | 6.16         |
|    n_updates            | 204          |
|    policy_gradient_loss | 1.84e-05     |
|    std                  | 0.847        |
|    value_loss           | 13.1         |
------------------------------------------
---------------------------------
| rollout/           |          |
|    ep_len_mean     | 538      |
|    ep_rew_mean     | 94.9     |
| time/              |          |
|    fps             | 4160     |
|    iterations      | 52       |
|    time_elapsed    | 204      |
|    total_timesteps | 851968   |
---------------------------------
Eval num_timesteps=884736, episode_reward=229.97 +/- 66.73
Episode length: 303.00 +/- 57.10
------------------------------------------
| eval/                   |              |
|    mean_ep_length       | 303          |
|    mean_reward          | 230          |
| time/                   |              |
|    total_timesteps      | 884736       |
| train/                  |              |
|    approx_kl            | 0.0024128559 |
|    clip_fraction        | 0.0161       |
|    clip_range           | 0.2          |
|    entropy_loss         | -2.49        |
|    explained_variance   | 0.993        |
|    learning_rate        | 0.0003       |
|    loss                 | 6.2          |
|    n_updates            | 212          |
|    policy_gradient_loss | 7.74e-05     |
|    std                  | 0.838        |
|    value_loss           | 13.9         |
------------------------------------------
New best mean reward!
Eval num_timesteps=917504, episode_reward=204.30 +/- 101.31
Episode length: 246.40 +/- 44.10
------------------------------------------
| eval/                   |              |
|    mean_ep_length       | 246          |
|    mean_reward          | 204          |
| time/                   |              |
|    total_timesteps      | 917504       |
| train/                  |              |
|    approx_kl            | 0.0029960284 |
|    clip_fraction        | 0.0221       |
|    clip_range           | 0.2          |
|    entropy_loss         | -2.46        |
|    explained_variance   | 0.991        |
|    learning_rate        | 0.0003       |
|    loss                 | 13.5         |
|    n_updates            | 220          |
|    policy_gradient_loss | -0.000453    |
|    std                  | 0.829        |
|    value_loss           | 18.5         |
------------------------------------------
---------------------------------
| rollout/           |          |
|    ep_len_mean     | 641      |
|    ep_rew_mean     | 106      |
| time/              |          |
|    fps             | 4156     |
|    iterations      | 56       |
|    time_elapsed    | 220      |
|    total_timesteps | 917504   |
---------------------------------
Eval num_timesteps=950272, episode_reward=248.58 +/- 71.31
Episode length: 317.20 +/- 105.30
-----------------------------------------
| eval/                   |             |
|    mean_ep_length       | 317         |
|    mean_reward          | 249         |
| time/                   |             |
|    total_timesteps      | 950272      |
| train/                  |             |
|    approx_kl            | 0.003935993 |
|    clip_fraction        | 0.0305      |
|    clip_range           | 0.2         |
|    entropy_loss         | -2.48       |
|    explained_variance   | 0.987       |
|    learning_rate        | 0.0003      |
|    loss                 | 9.7         |
|    n_updates            | 228         |
|    policy_gradient_loss | -0.00184    |
|    std                  | 0.836       |
|    value_loss           | 27          |
-----------------------------------------
New best mean reward!
Eval num_timesteps=983040, episode_reward=256.30 +/- 20.12
Episode length: 316.00 +/- 26.16
------------------------------------------
| eval/                   |              |
|    mean_ep_length       | 316          |
|    mean_reward          | 256          |
| time/                   |              |
|    total_timesteps      | 983040       |
| train/                  |              |
|    approx_kl            | 0.0047677676 |
|    clip_fraction        | 0.0393       |
|    clip_range           | 0.2          |
|    entropy_loss         | -2.45        |
|    explained_variance   | 0.99         |
|    learning_rate        | 0.0003       |
|    loss                 | 6.03         |
|    n_updates            | 236          |
|    policy_gradient_loss | -0.000677    |
|    std                  | 0.823        |
|    value_loss           | 12.5         |
------------------------------------------
New best mean reward!
---------------------------------
| rollout/           |          |
|    ep_len_mean     | 740      |
|    ep_rew_mean     | 120      |
| time/              |          |
|    fps             | 4144     |
|    iterations      | 60       |
|    time_elapsed    | 237      |
|    total_timesteps | 983040   |
---------------------------------
Eval num_timesteps=1015808, episode_reward=180.78 +/- 99.55
Episode length: 347.50 +/- 84.24
-----------------------------------------
| eval/                   |             |
|    mean_ep_length       | 348         |
|    mean_reward          | 181         |
| time/                   |             |
|    total_timesteps      | 1015808     |
| train/                  |             |
|    approx_kl            | 0.002895123 |
|    clip_fraction        | 0.0184      |
|    clip_range           | 0.2         |
|    entropy_loss         | -2.44       |
|    explained_variance   | 0.989       |
|    learning_rate        | 0.0003      |
|    loss                 | 0.608       |
|    n_updates            | 244         |
|    policy_gradient_loss | -0.00017    |
|    std                  | 0.821       |
|    value_loss           | 11.9        |
-----------------------------------------
Eval num_timesteps=1048576, episode_reward=188.93 +/- 101.38
Episode length: 332.40 +/- 114.01
-----------------------------------------
| eval/                   |             |
|    mean_ep_length       | 332         |
|    mean_reward          | 189         |
| time/                   |             |
|    total_timesteps      | 1048576     |
| train/                  |             |
|    approx_kl            | 0.005022812 |
|    clip_fraction        | 0.0485      |
|    clip_range           | 0.2         |
|    entropy_loss         | -2.45       |
|    explained_variance   | 0.991       |
|    learning_rate        | 0.0003      |
|    loss                 | 3.38        |
|    n_updates            | 252         |
|    policy_gradient_loss | -0.000605   |
|    std                  | 0.82        |
|    value_loss           | 13          |
-----------------------------------------
---------------------------------
| rollout/           |          |
|    ep_len_mean     | 882      |
|    ep_rew_mean     | 131      |
| time/              |          |
|    fps             | 4133     |
|    iterations      | 64       |
|    time_elapsed    | 253      |
|    total_timesteps | 1048576  |
---------------------------------
Wrapping the env in a DummyVecEnv.
rbf_actor_mlp_critic_64 after training: mean_reward=267.60 +/- 21.15

=== Training variant: rbf_actor_mlp_critic_192 ===
/home/leopold/anaconda3/envs/sac_sb3_demo/lib/python3.12/site-packages/pygame/pkgdata.py:25: UserWarning: pkg_resources is deprecated as an API. See https://setuptools.pypa.io/en/latest/pkg_resources.html. The pkg_resources package is slated for removal as early as 2025-11-30. Refrain from using this package or pin to Setuptools<81.
  from pkg_resources import resource_stream, resource_exists
/home/leopold/anaconda3/envs/sac_sb3_demo/lib/python3.12/site-packages/pygame/pkgdata.py:25: UserWarning: pkg_resources is deprecated as an API. See https://setuptools.pypa.io/en/latest/pkg_resources.html. The pkg_resources package is slated for removal as early as 2025-11-30. Refrain from using this package or pin to Setuptools<81.
  from pkg_resources import resource_stream, resource_exists
/home/leopold/anaconda3/envs/sac_sb3_demo/lib/python3.12/site-packages/pygame/pkgdata.py:25: UserWarning: pkg_resources is deprecated as an API. See https://setuptools.pypa.io/en/latest/pkg_resources.html. The pkg_resources package is slated for removal as early as 2025-11-30. Refrain from using this package or pin to Setuptools<81.
  from pkg_resources import resource_stream, resource_exists
/home/leopold/anaconda3/envs/sac_sb3_demo/lib/python3.12/site-packages/pygame/pkgdata.py:25: UserWarning: pkg_resources is deprecated as an API. See https://setuptools.pypa.io/en/latest/pkg_resources.html. The pkg_resources package is slated for removal as early as 2025-11-30. Refrain from using this package or pin to Setuptools<81.
  from pkg_resources import resource_stream, resource_exists
/home/leopold/anaconda3/envs/sac_sb3_demo/lib/python3.12/site-packages/pygame/pkgdata.py:25: UserWarning: pkg_resources is deprecated as an API. See https://setuptools.pypa.io/en/latest/pkg_resources.html. The pkg_resources package is slated for removal as early as 2025-11-30. Refrain from using this package or pin to Setuptools<81.
  from pkg_resources import resource_stream, resource_exists
/home/leopold/anaconda3/envs/sac_sb3_demo/lib/python3.12/site-packages/pygame/pkgdata.py:25: UserWarning: pkg_resources is deprecated as an API. See https://setuptools.pypa.io/en/latest/pkg_resources.html. The pkg_resources package is slated for removal as early as 2025-11-30. Refrain from using this package or pin to Setuptools<81.
  from pkg_resources import resource_stream, resource_exists
/home/leopold/anaconda3/envs/sac_sb3_demo/lib/python3.12/site-packages/pygame/pkgdata.py:25: UserWarning: pkg_resources is deprecated as an API. See https://setuptools.pypa.io/en/latest/pkg_resources.html. The pkg_resources package is slated for removal as early as 2025-11-30. Refrain from using this package or pin to Setuptools<81.
  from pkg_resources import resource_stream, resource_exists
/home/leopold/anaconda3/envs/sac_sb3_demo/lib/python3.12/site-packages/pygame/pkgdata.py:25: UserWarning: pkg_resources is deprecated as an API. See https://setuptools.pypa.io/en/latest/pkg_resources.html. The pkg_resources package is slated for removal as early as 2025-11-30. Refrain from using this package or pin to Setuptools<81.
  from pkg_resources import resource_stream, resource_exists
/home/leopold/anaconda3/envs/sac_sb3_demo/lib/python3.12/site-packages/pygame/pkgdata.py:25: UserWarning: pkg_resources is deprecated as an API. See https://setuptools.pypa.io/en/latest/pkg_resources.html. The pkg_resources package is slated for removal as early as 2025-11-30. Refrain from using this package or pin to Setuptools<81.
  from pkg_resources import resource_stream, resource_exists
/home/leopold/anaconda3/envs/sac_sb3_demo/lib/python3.12/site-packages/pygame/pkgdata.py:25: UserWarning: pkg_resources is deprecated as an API. See https://setuptools.pypa.io/en/latest/pkg_resources.html. The pkg_resources package is slated for removal as early as 2025-11-30. Refrain from using this package or pin to Setuptools<81.
  from pkg_resources import resource_stream, resource_exists
/home/leopold/anaconda3/envs/sac_sb3_demo/lib/python3.12/site-packages/pygame/pkgdata.py:25: UserWarning: pkg_resources is deprecated as an API. See https://setuptools.pypa.io/en/latest/pkg_resources.html. The pkg_resources package is slated for removal as early as 2025-11-30. Refrain from using this package or pin to Setuptools<81.
  from pkg_resources import resource_stream, resource_exists
/home/leopold/anaconda3/envs/sac_sb3_demo/lib/python3.12/site-packages/pygame/pkgdata.py:25: UserWarning: pkg_resources is deprecated as an API. See https://setuptools.pypa.io/en/latest/pkg_resources.html. The pkg_resources package is slated for removal as early as 2025-11-30. Refrain from using this package or pin to Setuptools<81.
  from pkg_resources import resource_stream, resource_exists
/home/leopold/anaconda3/envs/sac_sb3_demo/lib/python3.12/site-packages/pygame/pkgdata.py:25: UserWarning: pkg_resources is deprecated as an API. See https://setuptools.pypa.io/en/latest/pkg_resources.html. The pkg_resources package is slated for removal as early as 2025-11-30. Refrain from using this package or pin to Setuptools<81.
  from pkg_resources import resource_stream, resource_exists
/home/leopold/anaconda3/envs/sac_sb3_demo/lib/python3.12/site-packages/pygame/pkgdata.py:25: UserWarning: pkg_resources is deprecated as an API. See https://setuptools.pypa.io/en/latest/pkg_resources.html. The pkg_resources package is slated for removal as early as 2025-11-30. Refrain from using this package or pin to Setuptools<81.
  from pkg_resources import resource_stream, resource_exists
/home/leopold/anaconda3/envs/sac_sb3_demo/lib/python3.12/site-packages/pygame/pkgdata.py:25: UserWarning: pkg_resources is deprecated as an API. See https://setuptools.pypa.io/en/latest/pkg_resources.html. The pkg_resources package is slated for removal as early as 2025-11-30. Refrain from using this package or pin to Setuptools<81.
  from pkg_resources import resource_stream, resource_exists
/home/leopold/anaconda3/envs/sac_sb3_demo/lib/python3.12/site-packages/pygame/pkgdata.py:25: UserWarning: pkg_resources is deprecated as an API. See https://setuptools.pypa.io/en/latest/pkg_resources.html. The pkg_resources package is slated for removal as early as 2025-11-30. Refrain from using this package or pin to Setuptools<81.
  from pkg_resources import resource_stream, resource_exists
Using cuda device
rbf_actor_mlp_critic_192 before training: mean_reward=-215.30 +/- 127.30
Logging to runs/lunarlander_ppo_rbf/ppo-rbf-20260727_211945-seed42/rbf_act_mlp192_1
/home/leopold/anaconda3/envs/sac_sb3_demo/lib/python3.12/site-packages/stable_baselines3/common/callbacks.py:418: UserWarning: Training and eval env are not of the same type<stable_baselines3.common.vec_env.subproc_vec_env.SubprocVecEnv object at 0x728dd01d8a10> != <stable_baselines3.common.vec_env.dummy_vec_env.DummyVecEnv object at 0x728dae412870>
  warnings.warn("Training and eval env are not of the same type" f"{self.training_env} != {self.eval_env}")
Eval num_timesteps=32768, episode_reward=-102.46 +/- 56.64
Episode length: 72.90 +/- 13.69
------------------------------------------
| eval/                   |              |
|    mean_ep_length       | 72.9         |
|    mean_reward          | -102         |
| time/                   |              |
|    total_timesteps      | 32768        |
| train/                  |              |
|    approx_kl            | 0.0055702096 |
|    clip_fraction        | 0.0448       |
|    clip_range           | 0.2          |
|    entropy_loss         | -2.83        |
|    explained_variance   | 0.000953     |
|    learning_rate        | 0.0003       |
|    loss                 | 2.3e+03      |
|    n_updates            | 4            |
|    policy_gradient_loss | -0.00339     |
|    std                  | 0.999        |
|    value_loss           | 7.3e+03      |
------------------------------------------
New best mean reward!
Eval num_timesteps=65536, episode_reward=-148.09 +/- 74.25
Episode length: 94.60 +/- 9.89
-----------------------------------------
| eval/                   |             |
|    mean_ep_length       | 94.6        |
|    mean_reward          | -148        |
| time/                   |             |
|    total_timesteps      | 65536       |
| train/                  |             |
|    approx_kl            | 0.018142898 |
|    clip_fraction        | 0.0857      |
|    clip_range           | 0.2         |
|    entropy_loss         | -2.84       |
|    explained_variance   | -0.000663   |
|    learning_rate        | 0.0003      |
|    loss                 | 1.39e+03    |
|    n_updates            | 12          |
|    policy_gradient_loss | -0.000987   |
|    std                  | 1.02        |
|    value_loss           | 2.05e+03    |
-----------------------------------------
---------------------------------
| rollout/           |          |
|    ep_len_mean     | 129      |
|    ep_rew_mean     | -131     |
| time/              |          |
|    fps             | 4985     |
|    iterations      | 4        |
|    time_elapsed    | 13       |
|    total_timesteps | 65536    |
---------------------------------
Eval num_timesteps=98304, episode_reward=-110.20 +/- 57.74
Episode length: 80.60 +/- 11.87
-----------------------------------------
| eval/                   |             |
|    mean_ep_length       | 80.6        |
|    mean_reward          | -110        |
| time/                   |             |
|    total_timesteps      | 98304       |
| train/                  |             |
|    approx_kl            | 0.005606304 |
|    clip_fraction        | 0.0778      |
|    clip_range           | 0.2         |
|    entropy_loss         | -2.88       |
|    explained_variance   | -0.000389   |
|    learning_rate        | 0.0003      |
|    loss                 | 368         |
|    n_updates            | 20          |
|    policy_gradient_loss | -0.000895   |
|    std                  | 1.02        |
|    value_loss           | 738         |
-----------------------------------------
Eval num_timesteps=131072, episode_reward=-153.28 +/- 82.04
Episode length: 199.10 +/- 248.40
------------------------------------------
| eval/                   |              |
|    mean_ep_length       | 199          |
|    mean_reward          | -153         |
| time/                   |              |
|    total_timesteps      | 131072       |
| train/                  |              |
|    approx_kl            | 0.0067599397 |
|    clip_fraction        | 0.07         |
|    clip_range           | 0.2          |
|    entropy_loss         | -2.85        |
|    explained_variance   | -3.58e-07    |
|    learning_rate        | 0.0003       |
|    loss                 | 231          |
|    n_updates            | 28           |
|    policy_gradient_loss | -0.00221     |
|    std                  | 1            |
|    value_loss           | 396          |
------------------------------------------
---------------------------------
| rollout/           |          |
|    ep_len_mean     | 133      |
|    ep_rew_mean     | -58.6    |
| time/              |          |
|    fps             | 4610     |
|    iterations      | 8        |
|    time_elapsed    | 28       |
|    total_timesteps | 131072   |
---------------------------------
Eval num_timesteps=163840, episode_reward=-168.52 +/- 71.40
Episode length: 131.90 +/- 34.12
-----------------------------------------
| eval/                   |             |
|    mean_ep_length       | 132         |
|    mean_reward          | -169        |
| time/                   |             |
|    total_timesteps      | 163840      |
| train/                  |             |
|    approx_kl            | 0.005878235 |
|    clip_fraction        | 0.0769      |
|    clip_range           | 0.2         |
|    entropy_loss         | -2.83       |
|    explained_variance   | -2.63e-05   |
|    learning_rate        | 0.0003      |
|    loss                 | 334         |
|    n_updates            | 36          |
|    policy_gradient_loss | -0.00312    |
|    std                  | 0.995       |
|    value_loss           | 897         |
-----------------------------------------
Eval num_timesteps=196608, episode_reward=-156.46 +/- 29.57
Episode length: 185.80 +/- 132.16
-----------------------------------------
| eval/                   |             |
|    mean_ep_length       | 186         |
|    mean_reward          | -156        |
| time/                   |             |
|    total_timesteps      | 196608      |
| train/                  |             |
|    approx_kl            | 0.003911551 |
|    clip_fraction        | 0.0479      |
|    clip_range           | 0.2         |
|    entropy_loss         | -2.85       |
|    explained_variance   | -1.31e-06   |
|    learning_rate        | 0.0003      |
|    loss                 | 443         |
|    n_updates            | 44          |
|    policy_gradient_loss | 0.000919    |
|    std                  | 1.01        |
|    value_loss           | 981         |
-----------------------------------------
---------------------------------
| rollout/           |          |
|    ep_len_mean     | 172      |
|    ep_rew_mean     | -32.6    |
| time/              |          |
|    fps             | 4508     |
|    iterations      | 12       |
|    time_elapsed    | 43       |
|    total_timesteps | 196608   |
---------------------------------
Eval num_timesteps=229376, episode_reward=-96.59 +/- 27.92
Episode length: 132.20 +/- 22.33
------------------------------------------
| eval/                   |              |
|    mean_ep_length       | 132          |
|    mean_reward          | -96.6        |
| time/                   |              |
|    total_timesteps      | 229376       |
| train/                  |              |
|    approx_kl            | 0.0055575543 |
|    clip_fraction        | 0.056        |
|    clip_range           | 0.2          |
|    entropy_loss         | -2.85        |
|    explained_variance   | -3.58e-07    |
|    learning_rate        | 0.0003       |
|    loss                 | 531          |
|    n_updates            | 52           |
|    policy_gradient_loss | 0.000272     |
|    std                  | 1.01         |
|    value_loss           | 630          |
------------------------------------------
New best mean reward!
Eval num_timesteps=262144, episode_reward=-98.95 +/- 87.82
Episode length: 233.10 +/- 184.25
------------------------------------------
| eval/                   |              |
|    mean_ep_length       | 233          |
|    mean_reward          | -98.9        |
| time/                   |              |
|    total_timesteps      | 262144       |
| train/                  |              |
|    approx_kl            | 0.0056821713 |
|    clip_fraction        | 0.0559       |
|    clip_range           | 0.2          |
|    entropy_loss         | -2.83        |
|    explained_variance   | 0            |
|    learning_rate        | 0.0003       |
|    loss                 | 225          |
|    n_updates            | 60           |
|    policy_gradient_loss | -0.00109     |
|    std                  | 0.987        |
|    value_loss           | 560          |
------------------------------------------
---------------------------------
| rollout/           |          |
|    ep_len_mean     | 187      |
|    ep_rew_mean     | -24.6    |
| time/              |          |
|    fps             | 4405     |
|    iterations      | 16       |
|    time_elapsed    | 59       |
|    total_timesteps | 262144   |
---------------------------------
Eval num_timesteps=294912, episode_reward=-39.41 +/- 70.16
Episode length: 436.00 +/- 373.21
-----------------------------------------
| eval/                   |             |
|    mean_ep_length       | 436         |
|    mean_reward          | -39.4       |
| time/                   |             |
|    total_timesteps      | 294912      |
| train/                  |             |
|    approx_kl            | 0.005810404 |
|    clip_fraction        | 0.0679      |
|    clip_range           | 0.2         |
|    entropy_loss         | -2.8        |
|    explained_variance   | -1.19e-07   |
|    learning_rate        | 0.0003      |
|    loss                 | 182         |
|    n_updates            | 68          |
|    policy_gradient_loss | 0.000689    |
|    std                  | 0.98        |
|    value_loss           | 631         |
-----------------------------------------
New best mean reward!
Eval num_timesteps=327680, episode_reward=-29.28 +/- 126.71
Episode length: 428.20 +/- 300.32
------------------------------------------
| eval/                   |              |
|    mean_ep_length       | 428          |
|    mean_reward          | -29.3        |
| time/                   |              |
|    total_timesteps      | 327680       |
| train/                  |              |
|    approx_kl            | 0.0046957284 |
|    clip_fraction        | 0.0435       |
|    clip_range           | 0.2          |
|    entropy_loss         | -2.79        |
|    explained_variance   | 0            |
|    learning_rate        | 0.0003       |
|    loss                 | 309          |
|    n_updates            | 76           |
|    policy_gradient_loss | 0.000988     |
|    std                  | 0.974        |
|    value_loss           | 452          |
------------------------------------------
New best mean reward!
---------------------------------
| rollout/           |          |
|    ep_len_mean     | 359      |
|    ep_rew_mean     | -10.2    |
| time/              |          |
|    fps             | 4283     |
|    iterations      | 20       |
|    time_elapsed    | 76       |
|    total_timesteps | 327680   |
---------------------------------
Eval num_timesteps=360448, episode_reward=-34.67 +/- 134.90
Episode length: 286.90 +/- 256.39
-----------------------------------------
| eval/                   |             |
|    mean_ep_length       | 287         |
|    mean_reward          | -34.7       |
| time/                   |             |
|    total_timesteps      | 360448      |
| train/                  |             |
|    approx_kl            | 0.005550147 |
|    clip_fraction        | 0.0571      |
|    clip_range           | 0.2         |
|    entropy_loss         | -2.78       |
|    explained_variance   | 0           |
|    learning_rate        | 0.0003      |
|    loss                 | 352         |
|    n_updates            | 84          |
|    policy_gradient_loss | 3.76e-05    |
|    std                  | 0.975       |
|    value_loss           | 647         |
-----------------------------------------
Eval num_timesteps=393216, episode_reward=-66.93 +/- 85.78
Episode length: 188.00 +/- 77.62
-----------------------------------------
| eval/                   |             |
|    mean_ep_length       | 188         |
|    mean_reward          | -66.9       |
| time/                   |             |
|    total_timesteps      | 393216      |
| train/                  |             |
|    approx_kl            | 0.004599451 |
|    clip_fraction        | 0.0458      |
|    clip_range           | 0.2         |
|    entropy_loss         | -2.79       |
|    explained_variance   | 5.96e-08    |
|    learning_rate        | 0.0003      |
|    loss                 | 374         |
|    n_updates            | 92          |
|    policy_gradient_loss | 0.00126     |
|    std                  | 0.974       |
|    value_loss           | 683         |
-----------------------------------------
---------------------------------
| rollout/           |          |
|    ep_len_mean     | 427      |
|    ep_rew_mean     | 4.54     |
| time/              |          |
|    fps             | 4266     |
|    iterations      | 24       |
|    time_elapsed    | 92       |
|    total_timesteps | 393216   |
---------------------------------
Eval num_timesteps=425984, episode_reward=-40.95 +/- 131.61
Episode length: 224.60 +/- 83.69
------------------------------------------
| eval/                   |              |
|    mean_ep_length       | 225          |
|    mean_reward          | -40.9        |
| time/                   |              |
|    total_timesteps      | 425984       |
| train/                  |              |
|    approx_kl            | 0.0062833596 |
|    clip_fraction        | 0.052        |
|    clip_range           | 0.2          |
|    entropy_loss         | -2.79        |
|    explained_variance   | 0            |
|    learning_rate        | 0.0003       |
|    loss                 | 226          |
|    n_updates            | 100          |
|    policy_gradient_loss | 0.000699     |
|    std                  | 0.976        |
|    value_loss           | 465          |
------------------------------------------
Eval num_timesteps=458752, episode_reward=-50.86 +/- 133.18
Episode length: 230.10 +/- 88.92
------------------------------------------
| eval/                   |              |
|    mean_ep_length       | 230          |
|    mean_reward          | -50.9        |
| time/                   |              |
|    total_timesteps      | 458752       |
| train/                  |              |
|    approx_kl            | 0.0051656803 |
|    clip_fraction        | 0.0481       |
|    clip_range           | 0.2          |
|    entropy_loss         | -2.76        |
|    explained_variance   | 5.96e-08     |
|    learning_rate        | 0.0003       |
|    loss                 | 161          |
|    n_updates            | 108          |
|    policy_gradient_loss | 0.00103      |
|    std                  | 0.962        |
|    value_loss           | 348          |
------------------------------------------
---------------------------------
| rollout/           |          |
|    ep_len_mean     | 580      |
|    ep_rew_mean     | 3.12     |
| time/              |          |
|    fps             | 4258     |
|    iterations      | 28       |
|    time_elapsed    | 107      |
|    total_timesteps | 458752   |
---------------------------------
Eval num_timesteps=491520, episode_reward=4.83 +/- 150.04
Episode length: 231.60 +/- 89.67
-----------------------------------------
| eval/                   |             |
|    mean_ep_length       | 232         |
|    mean_reward          | 4.83        |
| time/                   |             |
|    total_timesteps      | 491520      |
| train/                  |             |
|    approx_kl            | 0.006210113 |
|    clip_fraction        | 0.0682      |
|    clip_range           | 0.2         |
|    entropy_loss         | -2.74       |
|    explained_variance   | -1.19e-07   |
|    learning_rate        | 0.0003      |
|    loss                 | 192         |
|    n_updates            | 116         |
|    policy_gradient_loss | -0.000428   |
|    std                  | 0.953       |
|    value_loss           | 398         |
-----------------------------------------
New best mean reward!
Eval num_timesteps=524288, episode_reward=7.10 +/- 133.10
Episode length: 273.90 +/- 144.75
------------------------------------------
| eval/                   |              |
|    mean_ep_length       | 274          |
|    mean_reward          | 7.1          |
| time/                   |              |
|    total_timesteps      | 524288       |
| train/                  |              |
|    approx_kl            | 0.0054084426 |
|    clip_fraction        | 0.0562       |
|    clip_range           | 0.2          |
|    entropy_loss         | -2.72        |
|    explained_variance   | 1.19e-07     |
|    learning_rate        | 0.0003       |
|    loss                 | 366          |
|    n_updates            | 124          |
|    policy_gradient_loss | 0.000257     |
|    std                  | 0.935        |
|    value_loss           | 559          |
------------------------------------------
New best mean reward!
---------------------------------
| rollout/           |          |
|    ep_len_mean     | 733      |
|    ep_rew_mean     | 14.8     |
| time/              |          |
|    fps             | 4243     |
|    iterations      | 32       |
|    time_elapsed    | 123      |
|    total_timesteps | 524288   |
---------------------------------
Eval num_timesteps=557056, episode_reward=85.40 +/- 147.74
Episode length: 336.50 +/- 122.46
-----------------------------------------
| eval/                   |             |
|    mean_ep_length       | 336         |
|    mean_reward          | 85.4        |
| time/                   |             |
|    total_timesteps      | 557056      |
| train/                  |             |
|    approx_kl            | 0.004273287 |
|    clip_fraction        | 0.047       |
|    clip_range           | 0.2         |
|    entropy_loss         | -2.69       |
|    explained_variance   | 0           |
|    learning_rate        | 0.0003      |
|    loss                 | 124         |
|    n_updates            | 132         |
|    policy_gradient_loss | 0.00023     |
|    std                  | 0.928       |
|    value_loss           | 376         |
-----------------------------------------
New best mean reward!
Eval num_timesteps=589824, episode_reward=121.35 +/- 129.53
Episode length: 368.30 +/- 94.32
------------------------------------------
| eval/                   |              |
|    mean_ep_length       | 368          |
|    mean_reward          | 121          |
| time/                   |              |
|    total_timesteps      | 589824       |
| train/                  |              |
|    approx_kl            | 0.0046389885 |
|    clip_fraction        | 0.0543       |
|    clip_range           | 0.2          |
|    entropy_loss         | -2.67        |
|    explained_variance   | 0            |
|    learning_rate        | 0.0003       |
|    loss                 | 173          |
|    n_updates            | 140          |
|    policy_gradient_loss | 0.00086      |
|    std                  | 0.917        |
|    value_loss           | 411          |
------------------------------------------
New best mean reward!
---------------------------------
| rollout/           |          |
|    ep_len_mean     | 824      |
|    ep_rew_mean     | 32.6     |
| time/              |          |
|    fps             | 4212     |
|    iterations      | 36       |
|    time_elapsed    | 140      |
|    total_timesteps | 589824   |
---------------------------------
Eval num_timesteps=622592, episode_reward=18.86 +/- 158.48
Episode length: 372.90 +/- 254.37
-----------------------------------------
| eval/                   |             |
|    mean_ep_length       | 373         |
|    mean_reward          | 18.9        |
| time/                   |             |
|    total_timesteps      | 622592      |
| train/                  |             |
|    approx_kl            | 0.006886091 |
|    clip_fraction        | 0.0691      |
|    clip_range           | 0.2         |
|    entropy_loss         | -2.65       |
|    explained_variance   | 1.19e-07    |
|    learning_rate        | 0.0003      |
|    loss                 | 150         |
|    n_updates            | 148         |
|    policy_gradient_loss | 0.000836    |
|    std                  | 0.906       |
|    value_loss           | 310         |
-----------------------------------------
Eval num_timesteps=655360, episode_reward=34.37 +/- 142.03
Episode length: 282.60 +/- 136.99
-----------------------------------------
| eval/                   |             |
|    mean_ep_length       | 283         |
|    mean_reward          | 34.4        |
| time/                   |             |
|    total_timesteps      | 655360      |
| train/                  |             |
|    approx_kl            | 0.005046743 |
|    clip_fraction        | 0.0615      |
|    clip_range           | 0.2         |
|    entropy_loss         | -2.63       |
|    explained_variance   | 0           |
|    learning_rate        | 0.0003      |
|    loss                 | 141         |
|    n_updates            | 156         |
|    policy_gradient_loss | 0.000483    |
|    std                  | 0.903       |
|    value_loss           | 612         |
-----------------------------------------
---------------------------------
| rollout/           |          |
|    ep_len_mean     | 800      |
|    ep_rew_mean     | 19.4     |
| time/              |          |
|    fps             | 4197     |
|    iterations      | 40       |
|    time_elapsed    | 156      |
|    total_timesteps | 655360   |
---------------------------------
Eval num_timesteps=688128, episode_reward=-1.23 +/- 139.60
Episode length: 281.50 +/- 108.10
------------------------------------------
| eval/                   |              |
|    mean_ep_length       | 282          |
|    mean_reward          | -1.23        |
| time/                   |              |
|    total_timesteps      | 688128       |
| train/                  |              |
|    approx_kl            | 0.0057152286 |
|    clip_fraction        | 0.0597       |
|    clip_range           | 0.2          |
|    entropy_loss         | -2.62        |
|    explained_variance   | 1.19e-07     |
|    learning_rate        | 0.0003       |
|    loss                 | 98.6         |
|    n_updates            | 164          |
|    policy_gradient_loss | 0.000656     |
|    std                  | 0.9          |
|    value_loss           | 323          |
------------------------------------------
Eval num_timesteps=720896, episode_reward=-45.30 +/- 134.00
Episode length: 314.00 +/- 124.69
------------------------------------------
| eval/                   |              |
|    mean_ep_length       | 314          |
|    mean_reward          | -45.3        |
| time/                   |              |
|    total_timesteps      | 720896       |
| train/                  |              |
|    approx_kl            | 0.0051845307 |
|    clip_fraction        | 0.0545       |
|    clip_range           | 0.2          |
|    entropy_loss         | -2.61        |
|    explained_variance   | -1.19e-07    |
|    learning_rate        | 0.0003       |
|    loss                 | 125          |
|    n_updates            | 172          |
|    policy_gradient_loss | -0.000256    |
|    std                  | 0.884        |
|    value_loss           | 271          |
------------------------------------------
---------------------------------
| rollout/           |          |
|    ep_len_mean     | 781      |
|    ep_rew_mean     | 45.6     |
| time/              |          |
|    fps             | 4171     |
|    iterations      | 44       |
|    time_elapsed    | 172      |
|    total_timesteps | 720896   |
---------------------------------
Eval num_timesteps=753664, episode_reward=16.04 +/- 148.03
Episode length: 304.90 +/- 104.18
----------------------------------------
| eval/                   |            |
|    mean_ep_length       | 305        |
|    mean_reward          | 16         |
| time/                   |            |
|    total_timesteps      | 753664     |
| train/                  |            |
|    approx_kl            | 0.00695497 |
|    clip_fraction        | 0.0663     |
|    clip_range           | 0.2        |
|    entropy_loss         | -2.58      |
|    explained_variance   | 5.96e-08   |
|    learning_rate        | 0.0003     |
|    loss                 | 143        |
|    n_updates            | 180        |
|    policy_gradient_loss | 0.000464   |
|    std                  | 0.88       |
|    value_loss           | 471        |
----------------------------------------
Eval num_timesteps=786432, episode_reward=-58.09 +/- 137.95
Episode length: 238.20 +/- 101.70
-----------------------------------------
| eval/                   |             |
|    mean_ep_length       | 238         |
|    mean_reward          | -58.1       |
| time/                   |             |
|    total_timesteps      | 786432      |
| train/                  |             |
|    approx_kl            | 0.004371558 |
|    clip_fraction        | 0.0519      |
|    clip_range           | 0.2         |
|    entropy_loss         | -2.58       |
|    explained_variance   | -1.19e-07   |
|    learning_rate        | 0.0003      |
|    loss                 | 145         |
|    n_updates            | 188         |
|    policy_gradient_loss | -8.48e-05   |
|    std                  | 0.882       |
|    value_loss           | 330         |
-----------------------------------------
---------------------------------
| rollout/           |          |
|    ep_len_mean     | 627      |
|    ep_rew_mean     | -5.53    |
| time/              |          |
|    fps             | 4156     |
|    iterations      | 48       |
|    time_elapsed    | 189      |
|    total_timesteps | 786432   |
---------------------------------
Eval num_timesteps=819200, episode_reward=52.66 +/- 160.79
Episode length: 353.10 +/- 96.83
-----------------------------------------
| eval/                   |             |
|    mean_ep_length       | 353         |
|    mean_reward          | 52.7        |
| time/                   |             |
|    total_timesteps      | 819200      |
| train/                  |             |
|    approx_kl            | 0.006034258 |
|    clip_fraction        | 0.0782      |
|    clip_range           | 0.2         |
|    entropy_loss         | -2.59       |
|    explained_variance   | 0           |
|    learning_rate        | 0.0003      |
|    loss                 | 107         |
|    n_updates            | 196         |
|    policy_gradient_loss | 0.0013      |
|    std                  | 0.882       |
|    value_loss           | 375         |
-----------------------------------------
Eval num_timesteps=851968, episode_reward=85.38 +/- 164.70
Episode length: 331.00 +/- 87.85
------------------------------------------
| eval/                   |              |
|    mean_ep_length       | 331          |
|    mean_reward          | 85.4         |
| time/                   |              |
|    total_timesteps      | 851968       |
| train/                  |              |
|    approx_kl            | 0.0053497027 |
|    clip_fraction        | 0.0515       |
|    clip_range           | 0.2          |
|    entropy_loss         | -2.58        |
|    explained_variance   | -2.38e-07    |
|    learning_rate        | 0.0003       |
|    loss                 | 183          |
|    n_updates            | 204          |
|    policy_gradient_loss | 0.00123      |
|    std                  | 0.882        |
|    value_loss           | 457          |
------------------------------------------
---------------------------------
| rollout/           |          |
|    ep_len_mean     | 649      |
|    ep_rew_mean     | 4.51     |
| time/              |          |
|    fps             | 4131     |
|    iterations      | 52       |
|    time_elapsed    | 206      |
|    total_timesteps | 851968   |
---------------------------------
Eval num_timesteps=884736, episode_reward=8.83 +/- 106.12
Episode length: 269.90 +/- 73.16
-----------------------------------------
| eval/                   |             |
|    mean_ep_length       | 270         |
|    mean_reward          | 8.83        |
| time/                   |             |
|    total_timesteps      | 884736      |
| train/                  |             |
|    approx_kl            | 0.005338334 |
|    clip_fraction        | 0.0608      |
|    clip_range           | 0.2         |
|    entropy_loss         | -2.58       |
|    explained_variance   | 5.96e-08    |
|    learning_rate        | 0.0003      |
|    loss                 | 243         |
|    n_updates            | 212         |
|    policy_gradient_loss | 0.000448    |
|    std                  | 0.878       |
|    value_loss           | 437         |
-----------------------------------------
Eval num_timesteps=917504, episode_reward=27.31 +/- 146.12
Episode length: 255.10 +/- 60.13
------------------------------------------
| eval/                   |              |
|    mean_ep_length       | 255          |
|    mean_reward          | 27.3         |
| time/                   |              |
|    total_timesteps      | 917504       |
| train/                  |              |
|    approx_kl            | 0.0054573934 |
|    clip_fraction        | 0.0531       |
|    clip_range           | 0.2          |
|    entropy_loss         | -2.56        |
|    explained_variance   | 0            |
|    learning_rate        | 0.0003       |
|    loss                 | 120          |
|    n_updates            | 220          |
|    policy_gradient_loss | 0.00178      |
|    std                  | 0.87         |
|    value_loss           | 454          |
------------------------------------------
---------------------------------
| rollout/           |          |
|    ep_len_mean     | 523      |
|    ep_rew_mean     | 56.6     |
| time/              |          |
|    fps             | 4125     |
|    iterations      | 56       |
|    time_elapsed    | 222      |
|    total_timesteps | 917504   |
---------------------------------
Eval num_timesteps=950272, episode_reward=9.86 +/- 117.95
Episode length: 248.40 +/- 54.37
----------------------------------------
| eval/                   |            |
|    mean_ep_length       | 248        |
|    mean_reward          | 9.86       |
| time/                   |            |
|    total_timesteps      | 950272     |
| train/                  |            |
|    approx_kl            | 0.00573892 |
|    clip_fraction        | 0.0564     |
|    clip_range           | 0.2        |
|    entropy_loss         | -2.53      |
|    explained_variance   | -1.19e-07  |
|    learning_rate        | 0.0003     |
|    loss                 | 135        |
|    n_updates            | 228        |
|    policy_gradient_loss | 0.00098    |
|    std                  | 0.858      |
|    value_loss           | 398        |
----------------------------------------
Eval num_timesteps=983040, episode_reward=56.39 +/- 115.09
Episode length: 292.00 +/- 77.52
-----------------------------------------
| eval/                   |             |
|    mean_ep_length       | 292         |
|    mean_reward          | 56.4        |
| time/                   |             |
|    total_timesteps      | 983040      |
| train/                  |             |
|    approx_kl            | 0.005530417 |
|    clip_fraction        | 0.0793      |
|    clip_range           | 0.2         |
|    entropy_loss         | -2.5        |
|    explained_variance   | 0           |
|    learning_rate        | 0.0003      |
|    loss                 | 266         |
|    n_updates            | 236         |
|    policy_gradient_loss | -0.000153   |
|    std                  | 0.851       |
|    value_loss           | 528         |
-----------------------------------------
---------------------------------
| rollout/           |          |
|    ep_len_mean     | 569      |
|    ep_rew_mean     | 69.4     |
| time/              |          |
|    fps             | 4125     |
|    iterations      | 60       |
|    time_elapsed    | 238      |
|    total_timesteps | 983040   |
---------------------------------
Eval num_timesteps=1015808, episode_reward=125.12 +/- 127.89
Episode length: 358.40 +/- 132.35
------------------------------------------
| eval/                   |              |
|    mean_ep_length       | 358          |
|    mean_reward          | 125          |
| time/                   |              |
|    total_timesteps      | 1015808      |
| train/                  |              |
|    approx_kl            | 0.0059000268 |
|    clip_fraction        | 0.0509       |
|    clip_range           | 0.2          |
|    entropy_loss         | -2.5         |
|    explained_variance   | 0            |
|    learning_rate        | 0.0003       |
|    loss                 | 154          |
|    n_updates            | 244          |
|    policy_gradient_loss | 0.000746     |
|    std                  | 0.851        |
|    value_loss           | 414          |
------------------------------------------
New best mean reward!
Eval num_timesteps=1048576, episode_reward=93.71 +/- 117.21
Episode length: 343.50 +/- 67.94
------------------------------------------
| eval/                   |              |
|    mean_ep_length       | 344          |
|    mean_reward          | 93.7         |
| time/                   |              |
|    total_timesteps      | 1048576      |
| train/                  |              |
|    approx_kl            | 0.0039296327 |
|    clip_fraction        | 0.0524       |
|    clip_range           | 0.2          |
|    entropy_loss         | -2.55        |
|    explained_variance   | 0            |
|    learning_rate        | 0.0003       |
|    loss                 | 115          |
|    n_updates            | 252          |
|    policy_gradient_loss | 0.00119      |
|    std                  | 0.863        |
|    value_loss           | 287          |
------------------------------------------
---------------------------------
| rollout/           |          |
|    ep_len_mean     | 726      |
|    ep_rew_mean     | 72.1     |
| time/              |          |
|    fps             | 4111     |
|    iterations      | 64       |
|    time_elapsed    | 255      |
|    total_timesteps | 1048576  |
---------------------------------
Wrapping the env in a DummyVecEnv.
rbf_actor_mlp_critic_192 after training: mean_reward=128.70 +/- 98.42

=== Experiment complete ===
Summary: outputs/lunarlander_ppo_rbf/ppo-rbf-20260727_211945-seed42/experiment_summary.json
mlp: final=249.30, best_eval=274.33373169999993
rbf_64: final=178.74, best_eval=173.1825018
rbf_192: final=89.92, best_eval=215.05369850000002
rbf_actor_mlp_critic_64: final=267.60, best_eval=256.3021119
rbf_actor_mlp_critic_192: final=128.70, best_eval=125.11734669999998
