==============================================
[2/3] seed=123 device=cuda
started: 2026年 07月 27日 星期一 21:42:10 CST
run_tag: ppo-rbf-20260727_211945-seed123
==============================================
CUDA available: NVIDIA GeForce RTX 4070 Laptop GPU

=== Training variant: mlp ===
/home/leopold/anaconda3/envs/sac_sb3_demo/lib/python3.12/site-packages/pygame/pkgdata.py:25: UserWarning: pkg_resources is deprecated as an API. See https://setuptools.pypa.io/en/latest/pkg_resources.html. The pkg_resources package is slated for removal as early as 2025-11-30. Refrain from using this package or pin to Setuptools<81.
  from pkg_resources import resource_stream, resource_exists
/home/leopold/anaconda3/envs/sac_sb3_demo/lib/python3.12/site-packages/pygame/pkgdata.py:25: UserWarning: pkg_resources is deprecated as an API. See https://setuptools.pypa.io/en/latest/pkg_resources.html. The pkg_resources package is slated for removal as early as 2025-11-30. Refrain from using this package or pin to Setuptools<81.
  from pkg_resources import resource_stream, resource_exists
/home/leopold/anaconda3/envs/sac_sb3_demo/lib/python3.12/site-packages/pygame/pkgdata.py:25: UserWarning: pkg_resources is deprecated as an API. See https://setuptools.pypa.io/en/latest/pkg_resources.html. The pkg_resources package is slated for removal as early as 2025-11-30. Refrain from using this package or pin to Setuptools<81.
  from pkg_resources import resource_stream, resource_exists
/home/leopold/anaconda3/envs/sac_sb3_demo/lib/python3.12/site-packages/pygame/pkgdata.py:25: UserWarning: pkg_resources is deprecated as an API. See https://setuptools.pypa.io/en/latest/pkg_resources.html. The pkg_resources package is slated for removal as early as 2025-11-30. Refrain from using this package or pin to Setuptools<81.
  from pkg_resources import resource_stream, resource_exists
/home/leopold/anaconda3/envs/sac_sb3_demo/lib/python3.12/site-packages/pygame/pkgdata.py:25: UserWarning: pkg_resources is deprecated as an API. See https://setuptools.pypa.io/en/latest/pkg_resources.html. The pkg_resources package is slated for removal as early as 2025-11-30. Refrain from using this package or pin to Setuptools<81.
  from pkg_resources import resource_stream, resource_exists
/home/leopold/anaconda3/envs/sac_sb3_demo/lib/python3.12/site-packages/pygame/pkgdata.py:25: UserWarning: pkg_resources is deprecated as an API. See https://setuptools.pypa.io/en/latest/pkg_resources.html. The pkg_resources package is slated for removal as early as 2025-11-30. Refrain from using this package or pin to Setuptools<81.
  from pkg_resources import resource_stream, resource_exists
/home/leopold/anaconda3/envs/sac_sb3_demo/lib/python3.12/site-packages/pygame/pkgdata.py:25: UserWarning: pkg_resources is deprecated as an API. See https://setuptools.pypa.io/en/latest/pkg_resources.html. The pkg_resources package is slated for removal as early as 2025-11-30. Refrain from using this package or pin to Setuptools<81.
  from pkg_resources import resource_stream, resource_exists
/home/leopold/anaconda3/envs/sac_sb3_demo/lib/python3.12/site-packages/pygame/pkgdata.py:25: UserWarning: pkg_resources is deprecated as an API. See https://setuptools.pypa.io/en/latest/pkg_resources.html. The pkg_resources package is slated for removal as early as 2025-11-30. Refrain from using this package or pin to Setuptools<81.
  from pkg_resources import resource_stream, resource_exists
/home/leopold/anaconda3/envs/sac_sb3_demo/lib/python3.12/site-packages/pygame/pkgdata.py:25: UserWarning: pkg_resources is deprecated as an API. See https://setuptools.pypa.io/en/latest/pkg_resources.html. The pkg_resources package is slated for removal as early as 2025-11-30. Refrain from using this package or pin to Setuptools<81.
  from pkg_resources import resource_stream, resource_exists
/home/leopold/anaconda3/envs/sac_sb3_demo/lib/python3.12/site-packages/pygame/pkgdata.py:25: UserWarning: pkg_resources is deprecated as an API. See https://setuptools.pypa.io/en/latest/pkg_resources.html. The pkg_resources package is slated for removal as early as 2025-11-30. Refrain from using this package or pin to Setuptools<81.
  from pkg_resources import resource_stream, resource_exists
/home/leopold/anaconda3/envs/sac_sb3_demo/lib/python3.12/site-packages/pygame/pkgdata.py:25: UserWarning: pkg_resources is deprecated as an API. See https://setuptools.pypa.io/en/latest/pkg_resources.html. The pkg_resources package is slated for removal as early as 2025-11-30. Refrain from using this package or pin to Setuptools<81.
  from pkg_resources import resource_stream, resource_exists
/home/leopold/anaconda3/envs/sac_sb3_demo/lib/python3.12/site-packages/pygame/pkgdata.py:25: UserWarning: pkg_resources is deprecated as an API. See https://setuptools.pypa.io/en/latest/pkg_resources.html. The pkg_resources package is slated for removal as early as 2025-11-30. Refrain from using this package or pin to Setuptools<81.
  from pkg_resources import resource_stream, resource_exists
/home/leopold/anaconda3/envs/sac_sb3_demo/lib/python3.12/site-packages/pygame/pkgdata.py:25: UserWarning: pkg_resources is deprecated as an API. See https://setuptools.pypa.io/en/latest/pkg_resources.html. The pkg_resources package is slated for removal as early as 2025-11-30. Refrain from using this package or pin to Setuptools<81.
  from pkg_resources import resource_stream, resource_exists
/home/leopold/anaconda3/envs/sac_sb3_demo/lib/python3.12/site-packages/pygame/pkgdata.py:25: UserWarning: pkg_resources is deprecated as an API. See https://setuptools.pypa.io/en/latest/pkg_resources.html. The pkg_resources package is slated for removal as early as 2025-11-30. Refrain from using this package or pin to Setuptools<81.
  from pkg_resources import resource_stream, resource_exists
/home/leopold/anaconda3/envs/sac_sb3_demo/lib/python3.12/site-packages/pygame/pkgdata.py:25: UserWarning: pkg_resources is deprecated as an API. See https://setuptools.pypa.io/en/latest/pkg_resources.html. The pkg_resources package is slated for removal as early as 2025-11-30. Refrain from using this package or pin to Setuptools<81.
  from pkg_resources import resource_stream, resource_exists
/home/leopold/anaconda3/envs/sac_sb3_demo/lib/python3.12/site-packages/pygame/pkgdata.py:25: UserWarning: pkg_resources is deprecated as an API. See https://setuptools.pypa.io/en/latest/pkg_resources.html. The pkg_resources package is slated for removal as early as 2025-11-30. Refrain from using this package or pin to Setuptools<81.
  from pkg_resources import resource_stream, resource_exists
/home/leopold/anaconda3/envs/sac_sb3_demo/lib/python3.12/site-packages/pygame/pkgdata.py:25: UserWarning: pkg_resources is deprecated as an API. See https://setuptools.pypa.io/en/latest/pkg_resources.html. The pkg_resources package is slated for removal as early as 2025-11-30. Refrain from using this package or pin to Setuptools<81.
  from pkg_resources import resource_stream, resource_exists
/home/leopold/anaconda3/envs/sac_sb3_demo/lib/python3.12/site-packages/stable_baselines3/common/on_policy_algorithm.py:150: UserWarning: You are trying to run PPO on the GPU, but it is primarily intended to run on the CPU when not using a CNN policy (you are using ActorCriticPolicy which should be a MlpPolicy). See https://github.com/DLR-RM/stable-baselines3/issues/1245 for more info. You can pass `device='cpu'` or `export CUDA_VISIBLE_DEVICES=` to force using the CPU.Note: The model will train, but the GPU utilization will be poor and the training might take longer than on CPU.
  warnings.warn(
Using cuda device
mlp before training: mean_reward=-236.52 +/- 93.25
Logging to runs/lunarlander_ppo_rbf/ppo-rbf-20260727_211945-seed123/mlp_1
/home/leopold/anaconda3/envs/sac_sb3_demo/lib/python3.12/site-packages/stable_baselines3/common/callbacks.py:418: UserWarning: Training and eval env are not of the same type<stable_baselines3.common.vec_env.subproc_vec_env.SubprocVecEnv object at 0x73d11e75baa0> != <stable_baselines3.common.vec_env.dummy_vec_env.DummyVecEnv object at 0x73d0ed1dc320>
  warnings.warn("Training and eval env are not of the same type" f"{self.training_env} != {self.eval_env}")
Eval num_timesteps=32768, episode_reward=-87.65 +/- 29.57
Episode length: 69.80 +/- 11.58
------------------------------------------
| eval/                   |              |
|    mean_ep_length       | 69.8         |
|    mean_reward          | -87.7        |
| time/                   |              |
|    total_timesteps      | 32768        |
| train/                  |              |
|    approx_kl            | 0.0050426326 |
|    clip_fraction        | 0.0453       |
|    clip_range           | 0.2          |
|    entropy_loss         | -2.85        |
|    explained_variance   | -0.000851    |
|    learning_rate        | 0.0003       |
|    loss                 | 4.07e+03     |
|    n_updates            | 4            |
|    policy_gradient_loss | -0.00416     |
|    std                  | 1.01         |
|    value_loss           | 6.94e+03     |
------------------------------------------
New best mean reward!
Eval num_timesteps=65536, episode_reward=-157.04 +/- 95.08
Episode length: 117.30 +/- 41.24
-----------------------------------------
| eval/                   |             |
|    mean_ep_length       | 117         |
|    mean_reward          | -157        |
| time/                   |             |
|    total_timesteps      | 65536       |
| train/                  |             |
|    approx_kl            | 0.007556288 |
|    clip_fraction        | 0.0578      |
|    clip_range           | 0.2         |
|    entropy_loss         | -2.9        |
|    explained_variance   | -0.00407    |
|    learning_rate        | 0.0003      |
|    loss                 | 597         |
|    n_updates            | 12          |
|    policy_gradient_loss | -0.00443    |
|    std                  | 1.04        |
|    value_loss           | 1.85e+03    |
-----------------------------------------
---------------------------------
| rollout/           |          |
|    ep_len_mean     | 135      |
|    ep_rew_mean     | -139     |
| time/              |          |
|    fps             | 4973     |
|    iterations      | 4        |
|    time_elapsed    | 13       |
|    total_timesteps | 65536    |
---------------------------------
Eval num_timesteps=98304, episode_reward=-153.38 +/- 82.77
Episode length: 105.00 +/- 22.95
------------------------------------------
| eval/                   |              |
|    mean_ep_length       | 105          |
|    mean_reward          | -153         |
| time/                   |              |
|    total_timesteps      | 98304        |
| train/                  |              |
|    approx_kl            | 0.0047114203 |
|    clip_fraction        | 0.0542       |
|    clip_range           | 0.2          |
|    entropy_loss         | -2.92        |
|    explained_variance   | 1.37e-05     |
|    learning_rate        | 0.0003       |
|    loss                 | 287          |
|    n_updates            | 20           |
|    policy_gradient_loss | -0.00495     |
|    std                  | 1.05         |
|    value_loss           | 594          |
------------------------------------------
Eval num_timesteps=131072, episode_reward=-188.45 +/- 43.35
Episode length: 128.70 +/- 25.29
------------------------------------------
| eval/                   |              |
|    mean_ep_length       | 129          |
|    mean_reward          | -188         |
| time/                   |              |
|    total_timesteps      | 131072       |
| train/                  |              |
|    approx_kl            | 0.0046028034 |
|    clip_fraction        | 0.0407       |
|    clip_range           | 0.2          |
|    entropy_loss         | -2.93        |
|    explained_variance   | -0.00101     |
|    learning_rate        | 0.0003       |
|    loss                 | 123          |
|    n_updates            | 28           |
|    policy_gradient_loss | -0.0026      |
|    std                  | 1.04         |
|    value_loss           | 429          |
------------------------------------------
---------------------------------
| rollout/           |          |
|    ep_len_mean     | 146      |
|    ep_rew_mean     | -50.6    |
| time/              |          |
|    fps             | 4718     |
|    iterations      | 8        |
|    time_elapsed    | 27       |
|    total_timesteps | 131072   |
---------------------------------
Eval num_timesteps=163840, episode_reward=-96.88 +/- 47.30
Episode length: 118.80 +/- 31.63
-----------------------------------------
| eval/                   |             |
|    mean_ep_length       | 119         |
|    mean_reward          | -96.9       |
| time/                   |             |
|    total_timesteps      | 163840      |
| train/                  |             |
|    approx_kl            | 0.005402661 |
|    clip_fraction        | 0.0375      |
|    clip_range           | 0.2         |
|    entropy_loss         | -2.95       |
|    explained_variance   | -1.87e-05   |
|    learning_rate        | 0.0003      |
|    loss                 | 256         |
|    n_updates            | 36          |
|    policy_gradient_loss | -0.00161    |
|    std                  | 1.06        |
|    value_loss           | 422         |
-----------------------------------------
Eval num_timesteps=196608, episode_reward=-25.37 +/- 101.96
Episode length: 249.20 +/- 162.65
------------------------------------------
| eval/                   |              |
|    mean_ep_length       | 249          |
|    mean_reward          | -25.4        |
| time/                   |              |
|    total_timesteps      | 196608       |
| train/                  |              |
|    approx_kl            | 0.0039074905 |
|    clip_fraction        | 0.0218       |
|    clip_range           | 0.2          |
|    entropy_loss         | -2.97        |
|    explained_variance   | -4.77e-06    |
|    learning_rate        | 0.0003       |
|    loss                 | 180          |
|    n_updates            | 44           |
|    policy_gradient_loss | -0.000231    |
|    std                  | 1.07         |
|    value_loss           | 471          |
------------------------------------------
New best mean reward!
---------------------------------
| rollout/           |          |
|    ep_len_mean     | 201      |
|    ep_rew_mean     | -14.6    |
| time/              |          |
|    fps             | 4572     |
|    iterations      | 12       |
|    time_elapsed    | 42       |
|    total_timesteps | 196608   |
---------------------------------
Eval num_timesteps=229376, episode_reward=26.65 +/- 141.36
Episode length: 331.10 +/- 238.30
------------------------------------------
| eval/                   |              |
|    mean_ep_length       | 331          |
|    mean_reward          | 26.6         |
| time/                   |              |
|    total_timesteps      | 229376       |
| train/                  |              |
|    approx_kl            | 0.0043147663 |
|    clip_fraction        | 0.0312       |
|    clip_range           | 0.2          |
|    entropy_loss         | -2.98        |
|    explained_variance   | 0.00446      |
|    learning_rate        | 0.0003       |
|    loss                 | 335          |
|    n_updates            | 52           |
|    policy_gradient_loss | -0.00181     |
|    std                  | 1.08         |
|    value_loss           | 630          |
------------------------------------------
New best mean reward!
Eval num_timesteps=262144, episode_reward=148.27 +/- 111.22
Episode length: 268.90 +/- 123.05
------------------------------------------
| eval/                   |              |
|    mean_ep_length       | 269          |
|    mean_reward          | 148          |
| time/                   |              |
|    total_timesteps      | 262144       |
| train/                  |              |
|    approx_kl            | 0.0062152287 |
|    clip_fraction        | 0.045        |
|    clip_range           | 0.2          |
|    entropy_loss         | -3.01        |
|    explained_variance   | 0.000328     |
|    learning_rate        | 0.0003       |
|    loss                 | 294          |
|    n_updates            | 60           |
|    policy_gradient_loss | -0.00105     |
|    std                  | 1.09         |
|    value_loss           | 618          |
------------------------------------------
New best mean reward!
---------------------------------
| rollout/           |          |
|    ep_len_mean     | 388      |
|    ep_rew_mean     | -2.98    |
| time/              |          |
|    fps             | 4450     |
|    iterations      | 16       |
|    time_elapsed    | 58       |
|    total_timesteps | 262144   |
---------------------------------
Eval num_timesteps=294912, episode_reward=192.98 +/- 101.23
Episode length: 284.00 +/- 180.74
-----------------------------------------
| eval/                   |             |
|    mean_ep_length       | 284         |
|    mean_reward          | 193         |
| time/                   |             |
|    total_timesteps      | 294912      |
| train/                  |             |
|    approx_kl            | 0.005075657 |
|    clip_fraction        | 0.0427      |
|    clip_range           | 0.2         |
|    entropy_loss         | -3.02       |
|    explained_variance   | -0.000104   |
|    learning_rate        | 0.0003      |
|    loss                 | 336         |
|    n_updates            | 68          |
|    policy_gradient_loss | -0.00061    |
|    std                  | 1.1         |
|    value_loss           | 644         |
-----------------------------------------
New best mean reward!
Eval num_timesteps=327680, episode_reward=216.15 +/- 108.31
Episode length: 230.80 +/- 35.81
------------------------------------------
| eval/                   |              |
|    mean_ep_length       | 231          |
|    mean_reward          | 216          |
| time/                   |              |
|    total_timesteps      | 327680       |
| train/                  |              |
|    approx_kl            | 0.0029057239 |
|    clip_fraction        | 0.0119       |
|    clip_range           | 0.2          |
|    entropy_loss         | -3.05        |
|    explained_variance   | 0.162        |
|    learning_rate        | 0.0003       |
|    loss                 | 164          |
|    n_updates            | 76           |
|    policy_gradient_loss | -0.00109     |
|    std                  | 1.11         |
|    value_loss           | 357          |
------------------------------------------
New best mean reward!
---------------------------------
| rollout/           |          |
|    ep_len_mean     | 437      |
|    ep_rew_mean     | 17       |
| time/              |          |
|    fps             | 4374     |
|    iterations      | 20       |
|    time_elapsed    | 74       |
|    total_timesteps | 327680   |
---------------------------------
Eval num_timesteps=360448, episode_reward=257.59 +/- 35.46
Episode length: 281.50 +/- 25.28
-----------------------------------------
| eval/                   |             |
|    mean_ep_length       | 282         |
|    mean_reward          | 258         |
| time/                   |             |
|    total_timesteps      | 360448      |
| train/                  |             |
|    approx_kl            | 0.004820832 |
|    clip_fraction        | 0.0401      |
|    clip_range           | 0.2         |
|    entropy_loss         | -3.05       |
|    explained_variance   | 0.751       |
|    learning_rate        | 0.0003      |
|    loss                 | 95.6        |
|    n_updates            | 84          |
|    policy_gradient_loss | -0.00138    |
|    std                  | 1.12        |
|    value_loss           | 196         |
-----------------------------------------
New best mean reward!
Eval num_timesteps=393216, episode_reward=231.82 +/- 74.93
Episode length: 262.40 +/- 14.79
-----------------------------------------
| eval/                   |             |
|    mean_ep_length       | 262         |
|    mean_reward          | 232         |
| time/                   |             |
|    total_timesteps      | 393216      |
| train/                  |             |
|    approx_kl            | 0.006854668 |
|    clip_fraction        | 0.069       |
|    clip_range           | 0.2         |
|    entropy_loss         | -3.07       |
|    explained_variance   | 0.921       |
|    learning_rate        | 0.0003      |
|    loss                 | 27.5        |
|    n_updates            | 92          |
|    policy_gradient_loss | -0.00208    |
|    std                  | 1.13        |
|    value_loss           | 83.4        |
-----------------------------------------
---------------------------------
| rollout/           |          |
|    ep_len_mean     | 743      |
|    ep_rew_mean     | 37.5     |
| time/              |          |
|    fps             | 4325     |
|    iterations      | 24       |
|    time_elapsed    | 90       |
|    total_timesteps | 393216   |
---------------------------------
Eval num_timesteps=425984, episode_reward=260.67 +/- 12.67
Episode length: 289.20 +/- 24.00
-----------------------------------------
| eval/                   |             |
|    mean_ep_length       | 289         |
|    mean_reward          | 261         |
| time/                   |             |
|    total_timesteps      | 425984      |
| train/                  |             |
|    approx_kl            | 0.005002305 |
|    clip_fraction        | 0.0555      |
|    clip_range           | 0.2         |
|    entropy_loss         | -3.07       |
|    explained_variance   | 0.942       |
|    learning_rate        | 0.0003      |
|    loss                 | 161         |
|    n_updates            | 100         |
|    policy_gradient_loss | -0.00124    |
|    std                  | 1.12        |
|    value_loss           | 74.3        |
-----------------------------------------
New best mean reward!
Eval num_timesteps=458752, episode_reward=268.65 +/- 26.35
Episode length: 284.30 +/- 19.77
-----------------------------------------
| eval/                   |             |
|    mean_ep_length       | 284         |
|    mean_reward          | 269         |
| time/                   |             |
|    total_timesteps      | 458752      |
| train/                  |             |
|    approx_kl            | 0.005221839 |
|    clip_fraction        | 0.0534      |
|    clip_range           | 0.2         |
|    entropy_loss         | -3.04       |
|    explained_variance   | 0.96        |
|    learning_rate        | 0.0003      |
|    loss                 | 10.7        |
|    n_updates            | 108         |
|    policy_gradient_loss | -0.00148    |
|    std                  | 1.11        |
|    value_loss           | 55.8        |
-----------------------------------------
New best mean reward!
---------------------------------
| rollout/           |          |
|    ep_len_mean     | 883      |
|    ep_rew_mean     | 69       |
| time/              |          |
|    fps             | 4299     |
|    iterations      | 28       |
|    time_elapsed    | 106      |
|    total_timesteps | 458752   |
---------------------------------
Eval num_timesteps=491520, episode_reward=230.19 +/- 87.19
Episode length: 352.80 +/- 218.23
------------------------------------------
| eval/                   |              |
|    mean_ep_length       | 353          |
|    mean_reward          | 230          |
| time/                   |              |
|    total_timesteps      | 491520       |
| train/                  |              |
|    approx_kl            | 0.0043342407 |
|    clip_fraction        | 0.0485       |
|    clip_range           | 0.2          |
|    entropy_loss         | -3.03        |
|    explained_variance   | 0.976        |
|    learning_rate        | 0.0003       |
|    loss                 | 13           |
|    n_updates            | 116          |
|    policy_gradient_loss | -0.00122     |
|    std                  | 1.09         |
|    value_loss           | 33.3         |
------------------------------------------
Eval num_timesteps=524288, episode_reward=257.84 +/- 21.67
Episode length: 319.00 +/- 18.04
------------------------------------------
| eval/                   |              |
|    mean_ep_length       | 319          |
|    mean_reward          | 258          |
| time/                   |              |
|    total_timesteps      | 524288       |
| train/                  |              |
|    approx_kl            | 0.0036849277 |
|    clip_fraction        | 0.0458       |
|    clip_range           | 0.2          |
|    entropy_loss         | -2.99        |
|    explained_variance   | 0.984        |
|    learning_rate        | 0.0003       |
|    loss                 | 4.7          |
|    n_updates            | 124          |
|    policy_gradient_loss | -0.0012      |
|    std                  | 1.08         |
|    value_loss           | 20.7         |
------------------------------------------
---------------------------------
| rollout/           |          |
|    ep_len_mean     | 910      |
|    ep_rew_mean     | 97.9     |
| time/              |          |
|    fps             | 4278     |
|    iterations      | 32       |
|    time_elapsed    | 122      |
|    total_timesteps | 524288   |
---------------------------------
Eval num_timesteps=557056, episode_reward=256.12 +/- 22.38
Episode length: 360.20 +/- 91.22
-----------------------------------------
| eval/                   |             |
|    mean_ep_length       | 360         |
|    mean_reward          | 256         |
| time/                   |             |
|    total_timesteps      | 557056      |
| train/                  |             |
|    approx_kl            | 0.004409138 |
|    clip_fraction        | 0.0473      |
|    clip_range           | 0.2         |
|    entropy_loss         | -2.98       |
|    explained_variance   | 0.977       |
|    learning_rate        | 0.0003      |
|    loss                 | 8.06        |
|    n_updates            | 132         |
|    policy_gradient_loss | -0.00025    |
|    std                  | 1.08        |
|    value_loss           | 29.5        |
-----------------------------------------
Eval num_timesteps=589824, episode_reward=169.72 +/- 131.93
Episode length: 314.60 +/- 39.48
------------------------------------------
| eval/                   |              |
|    mean_ep_length       | 315          |
|    mean_reward          | 170          |
| time/                   |              |
|    total_timesteps      | 589824       |
| train/                  |              |
|    approx_kl            | 0.0052459827 |
|    clip_fraction        | 0.0335       |
|    clip_range           | 0.2          |
|    entropy_loss         | -2.97        |
|    explained_variance   | 0.924        |
|    learning_rate        | 0.0003       |
|    loss                 | 26.9         |
|    n_updates            | 140          |
|    policy_gradient_loss | -0.000623    |
|    std                  | 1.06         |
|    value_loss           | 102          |
------------------------------------------
---------------------------------
| rollout/           |          |
|    ep_len_mean     | 959      |
|    ep_rew_mean     | 117      |
| time/              |          |
|    fps             | 4261     |
|    iterations      | 36       |
|    time_elapsed    | 138      |
|    total_timesteps | 589824   |
---------------------------------
Eval num_timesteps=622592, episode_reward=232.62 +/- 77.25
Episode length: 310.10 +/- 34.18
------------------------------------------
| eval/                   |              |
|    mean_ep_length       | 310          |
|    mean_reward          | 233          |
| time/                   |              |
|    total_timesteps      | 622592       |
| train/                  |              |
|    approx_kl            | 0.0041834204 |
|    clip_fraction        | 0.0474       |
|    clip_range           | 0.2          |
|    entropy_loss         | -2.95        |
|    explained_variance   | 0.967        |
|    learning_rate        | 0.0003       |
|    loss                 | 10.6         |
|    n_updates            | 148          |
|    policy_gradient_loss | -0.0012      |
|    std                  | 1.06         |
|    value_loss           | 30.4         |
------------------------------------------
Eval num_timesteps=655360, episode_reward=263.96 +/- 22.89
Episode length: 305.70 +/- 31.79
------------------------------------------
| eval/                   |              |
|    mean_ep_length       | 306          |
|    mean_reward          | 264          |
| time/                   |              |
|    total_timesteps      | 655360       |
| train/                  |              |
|    approx_kl            | 0.0038759024 |
|    clip_fraction        | 0.0367       |
|    clip_range           | 0.2          |
|    entropy_loss         | -2.93        |
|    explained_variance   | 0.968        |
|    learning_rate        | 0.0003       |
|    loss                 | 5.67         |
|    n_updates            | 156          |
|    policy_gradient_loss | -0.000224    |
|    std                  | 1.05         |
|    value_loss           | 40.2         |
------------------------------------------
---------------------------------
| rollout/           |          |
|    ep_len_mean     | 938      |
|    ep_rew_mean     | 114      |
| time/              |          |
|    fps             | 4243     |
|    iterations      | 40       |
|    time_elapsed    | 154      |
|    total_timesteps | 655360   |
---------------------------------
Eval num_timesteps=688128, episode_reward=195.66 +/- 105.15
Episode length: 300.90 +/- 29.09
------------------------------------------
| eval/                   |              |
|    mean_ep_length       | 301          |
|    mean_reward          | 196          |
| time/                   |              |
|    total_timesteps      | 688128       |
| train/                  |              |
|    approx_kl            | 0.0041374173 |
|    clip_fraction        | 0.0419       |
|    clip_range           | 0.2          |
|    entropy_loss         | -2.91        |
|    explained_variance   | 0.992        |
|    learning_rate        | 0.0003       |
|    loss                 | 4.15         |
|    n_updates            | 164          |
|    policy_gradient_loss | -0.000509    |
|    std                  | 1.04         |
|    value_loss           | 8.99         |
------------------------------------------
Eval num_timesteps=720896, episode_reward=258.26 +/- 19.10
Episode length: 302.20 +/- 14.59
-----------------------------------------
| eval/                   |             |
|    mean_ep_length       | 302         |
|    mean_reward          | 258         |
| time/                   |             |
|    total_timesteps      | 720896      |
| train/                  |             |
|    approx_kl            | 0.004157535 |
|    clip_fraction        | 0.0359      |
|    clip_range           | 0.2         |
|    entropy_loss         | -2.88       |
|    explained_variance   | 0.988       |
|    learning_rate        | 0.0003      |
|    loss                 | 19.5        |
|    n_updates            | 172         |
|    policy_gradient_loss | -0.00081    |
|    std                  | 1.02        |
|    value_loss           | 16.7        |
-----------------------------------------
---------------------------------
| rollout/           |          |
|    ep_len_mean     | 960      |
|    ep_rew_mean     | 132      |
| time/              |          |
|    fps             | 4229     |
|    iterations      | 44       |
|    time_elapsed    | 170      |
|    total_timesteps | 720896   |
---------------------------------
Eval num_timesteps=753664, episode_reward=246.30 +/- 25.62
Episode length: 325.00 +/- 47.23
------------------------------------------
| eval/                   |              |
|    mean_ep_length       | 325          |
|    mean_reward          | 246          |
| time/                   |              |
|    total_timesteps      | 753664       |
| train/                  |              |
|    approx_kl            | 0.0044280915 |
|    clip_fraction        | 0.0436       |
|    clip_range           | 0.2          |
|    entropy_loss         | -2.84        |
|    explained_variance   | 0.996        |
|    learning_rate        | 0.0003       |
|    loss                 | 1.93         |
|    n_updates            | 180          |
|    policy_gradient_loss | -0.000599    |
|    std                  | 1.01         |
|    value_loss           | 4.92         |
------------------------------------------
Eval num_timesteps=786432, episode_reward=258.75 +/- 21.86
Episode length: 341.20 +/- 58.45
-----------------------------------------
| eval/                   |             |
|    mean_ep_length       | 341         |
|    mean_reward          | 259         |
| time/                   |             |
|    total_timesteps      | 786432      |
| train/                  |             |
|    approx_kl            | 0.005819686 |
|    clip_fraction        | 0.054       |
|    clip_range           | 0.2         |
|    entropy_loss         | -2.83       |
|    explained_variance   | 0.996       |
|    learning_rate        | 0.0003      |
|    loss                 | 5.73        |
|    n_updates            | 188         |
|    policy_gradient_loss | -0.00102    |
|    std                  | 1           |
|    value_loss           | 4.49        |
-----------------------------------------
---------------------------------
| rollout/           |          |
|    ep_len_mean     | 969      |
|    ep_rew_mean     | 141      |
| time/              |          |
|    fps             | 4209     |
|    iterations      | 48       |
|    time_elapsed    | 186      |
|    total_timesteps | 786432   |
---------------------------------
Eval num_timesteps=819200, episode_reward=251.78 +/- 15.28
Episode length: 351.10 +/- 20.25
------------------------------------------
| eval/                   |              |
|    mean_ep_length       | 351          |
|    mean_reward          | 252          |
| time/                   |              |
|    total_timesteps      | 819200       |
| train/                  |              |
|    approx_kl            | 0.0038907877 |
|    clip_fraction        | 0.0389       |
|    clip_range           | 0.2          |
|    entropy_loss         | -2.84        |
|    explained_variance   | 0.986        |
|    learning_rate        | 0.0003       |
|    loss                 | 4.64         |
|    n_updates            | 196          |
|    policy_gradient_loss | -0.000245    |
|    std                  | 1.01         |
|    value_loss           | 18.2         |
------------------------------------------
Eval num_timesteps=851968, episode_reward=258.92 +/- 18.84
Episode length: 351.00 +/- 21.60
------------------------------------------
| eval/                   |              |
|    mean_ep_length       | 351          |
|    mean_reward          | 259          |
| time/                   |              |
|    total_timesteps      | 851968       |
| train/                  |              |
|    approx_kl            | 0.0056002242 |
|    clip_fraction        | 0.051        |
|    clip_range           | 0.2          |
|    entropy_loss         | -2.86        |
|    explained_variance   | 0.994        |
|    learning_rate        | 0.0003       |
|    loss                 | 1.85         |
|    n_updates            | 204          |
|    policy_gradient_loss | -0.000294    |
|    std                  | 1.02         |
|    value_loss           | 5.75         |
------------------------------------------
---------------------------------
| rollout/           |          |
|    ep_len_mean     | 962      |
|    ep_rew_mean     | 138      |
| time/              |          |
|    fps             | 4197     |
|    iterations      | 52       |
|    time_elapsed    | 202      |
|    total_timesteps | 851968   |
---------------------------------
Eval num_timesteps=884736, episode_reward=236.64 +/- 16.78
Episode length: 356.20 +/- 22.92
------------------------------------------
| eval/                   |              |
|    mean_ep_length       | 356          |
|    mean_reward          | 237          |
| time/                   |              |
|    total_timesteps      | 884736       |
| train/                  |              |
|    approx_kl            | 0.0052579497 |
|    clip_fraction        | 0.0467       |
|    clip_range           | 0.2          |
|    entropy_loss         | -2.84        |
|    explained_variance   | 0.996        |
|    learning_rate        | 0.0003       |
|    loss                 | 1.2          |
|    n_updates            | 212          |
|    policy_gradient_loss | -0.000632    |
|    std                  | 1.01         |
|    value_loss           | 3.27         |
------------------------------------------
Eval num_timesteps=917504, episode_reward=250.96 +/- 19.99
Episode length: 357.90 +/- 17.25
-----------------------------------------
| eval/                   |             |
|    mean_ep_length       | 358         |
|    mean_reward          | 251         |
| time/                   |             |
|    total_timesteps      | 917504      |
| train/                  |             |
|    approx_kl            | 0.002969532 |
|    clip_fraction        | 0.0282      |
|    clip_range           | 0.2         |
|    entropy_loss         | -2.83       |
|    explained_variance   | 0.981       |
|    learning_rate        | 0.0003      |
|    loss                 | 2.58        |
|    n_updates            | 220         |
|    policy_gradient_loss | 0.000647    |
|    std                  | 1           |
|    value_loss           | 23.1        |
-----------------------------------------
---------------------------------
| rollout/           |          |
|    ep_len_mean     | 965      |
|    ep_rew_mean     | 136      |
| time/              |          |
|    fps             | 4198     |
|    iterations      | 56       |
|    time_elapsed    | 218      |
|    total_timesteps | 917504   |
---------------------------------
Eval num_timesteps=950272, episode_reward=260.16 +/- 22.34
Episode length: 369.00 +/- 18.13
-----------------------------------------
| eval/                   |             |
|    mean_ep_length       | 369         |
|    mean_reward          | 260         |
| time/                   |             |
|    total_timesteps      | 950272      |
| train/                  |             |
|    approx_kl            | 0.004359315 |
|    clip_fraction        | 0.0506      |
|    clip_range           | 0.2         |
|    entropy_loss         | -2.82       |
|    explained_variance   | 0.998       |
|    learning_rate        | 0.0003      |
|    loss                 | 0.377       |
|    n_updates            | 228         |
|    policy_gradient_loss | 0.000227    |
|    std                  | 0.994       |
|    value_loss           | 2.41        |
-----------------------------------------
Eval num_timesteps=983040, episode_reward=251.18 +/- 18.56
Episode length: 333.60 +/- 20.65
------------------------------------------
| eval/                   |              |
|    mean_ep_length       | 334          |
|    mean_reward          | 251          |
| time/                   |              |
|    total_timesteps      | 983040       |
| train/                  |              |
|    approx_kl            | 0.0043014307 |
|    clip_fraction        | 0.0486       |
|    clip_range           | 0.2          |
|    entropy_loss         | -2.78        |
|    explained_variance   | 0.999        |
|    learning_rate        | 0.0003       |
|    loss                 | 0.188        |
|    n_updates            | 236          |
|    policy_gradient_loss | -0.000952    |
|    std                  | 0.975        |
|    value_loss           | 1.8          |
------------------------------------------
---------------------------------
| rollout/           |          |
|    ep_len_mean     | 985      |
|    ep_rew_mean     | 137      |
| time/              |          |
|    fps             | 4197     |
|    iterations      | 60       |
|    time_elapsed    | 234      |
|    total_timesteps | 983040   |
---------------------------------
Eval num_timesteps=1015808, episode_reward=260.78 +/- 18.25
Episode length: 336.50 +/- 16.38
-----------------------------------------
| eval/                   |             |
|    mean_ep_length       | 336         |
|    mean_reward          | 261         |
| time/                   |             |
|    total_timesteps      | 1015808     |
| train/                  |             |
|    approx_kl            | 0.002734411 |
|    clip_fraction        | 0.0308      |
|    clip_range           | 0.2         |
|    entropy_loss         | -2.77       |
|    explained_variance   | 0.991       |
|    learning_rate        | 0.0003      |
|    loss                 | 3.48        |
|    n_updates            | 244         |
|    policy_gradient_loss | 0.000177    |
|    std                  | 0.976       |
|    value_loss           | 12.6        |
-----------------------------------------
Eval num_timesteps=1048576, episode_reward=261.50 +/- 18.25
Episode length: 330.00 +/- 12.08
-----------------------------------------
| eval/                   |             |
|    mean_ep_length       | 330         |
|    mean_reward          | 261         |
| time/                   |             |
|    total_timesteps      | 1048576     |
| train/                  |             |
|    approx_kl            | 0.006243193 |
|    clip_fraction        | 0.0589      |
|    clip_range           | 0.2         |
|    entropy_loss         | -2.77       |
|    explained_variance   | 0.998       |
|    learning_rate        | 0.0003      |
|    loss                 | 0.397       |
|    n_updates            | 252         |
|    policy_gradient_loss | -0.000285   |
|    std                  | 0.97        |
|    value_loss           | 2.19        |
-----------------------------------------
---------------------------------
| rollout/           |          |
|    ep_len_mean     | 992      |
|    ep_rew_mean     | 141      |
| time/              |          |
|    fps             | 4189     |
|    iterations      | 64       |
|    time_elapsed    | 250      |
|    total_timesteps | 1048576  |
---------------------------------
/home/leopold/anaconda3/envs/sac_sb3_demo/lib/python3.12/site-packages/stable_baselines3/common/on_policy_algorithm.py:150: UserWarning: You are trying to run PPO on the GPU, but it is primarily intended to run on the CPU when not using a CNN policy (you are using ActorCriticPolicy which should be a MlpPolicy). See https://github.com/DLR-RM/stable-baselines3/issues/1245 for more info. You can pass `device='cpu'` or `export CUDA_VISIBLE_DEVICES=` to force using the CPU.Note: The model will train, but the GPU utilization will be poor and the training might take longer than on CPU.
  warnings.warn(
Wrapping the env in a DummyVecEnv.
mlp after training: mean_reward=260.75 +/- 16.91

=== Training variant: rbf_64 ===
/home/leopold/anaconda3/envs/sac_sb3_demo/lib/python3.12/site-packages/pygame/pkgdata.py:25: UserWarning: pkg_resources is deprecated as an API. See https://setuptools.pypa.io/en/latest/pkg_resources.html. The pkg_resources package is slated for removal as early as 2025-11-30. Refrain from using this package or pin to Setuptools<81.
  from pkg_resources import resource_stream, resource_exists
/home/leopold/anaconda3/envs/sac_sb3_demo/lib/python3.12/site-packages/pygame/pkgdata.py:25: UserWarning: pkg_resources is deprecated as an API. See https://setuptools.pypa.io/en/latest/pkg_resources.html. The pkg_resources package is slated for removal as early as 2025-11-30. Refrain from using this package or pin to Setuptools<81.
  from pkg_resources import resource_stream, resource_exists
/home/leopold/anaconda3/envs/sac_sb3_demo/lib/python3.12/site-packages/pygame/pkgdata.py:25: UserWarning: pkg_resources is deprecated as an API. See https://setuptools.pypa.io/en/latest/pkg_resources.html. The pkg_resources package is slated for removal as early as 2025-11-30. Refrain from using this package or pin to Setuptools<81.
  from pkg_resources import resource_stream, resource_exists
/home/leopold/anaconda3/envs/sac_sb3_demo/lib/python3.12/site-packages/pygame/pkgdata.py:25: UserWarning: pkg_resources is deprecated as an API. See https://setuptools.pypa.io/en/latest/pkg_resources.html. The pkg_resources package is slated for removal as early as 2025-11-30. Refrain from using this package or pin to Setuptools<81.
  from pkg_resources import resource_stream, resource_exists
/home/leopold/anaconda3/envs/sac_sb3_demo/lib/python3.12/site-packages/pygame/pkgdata.py:25: UserWarning: pkg_resources is deprecated as an API. See https://setuptools.pypa.io/en/latest/pkg_resources.html. The pkg_resources package is slated for removal as early as 2025-11-30. Refrain from using this package or pin to Setuptools<81.
  from pkg_resources import resource_stream, resource_exists
/home/leopold/anaconda3/envs/sac_sb3_demo/lib/python3.12/site-packages/pygame/pkgdata.py:25: UserWarning: pkg_resources is deprecated as an API. See https://setuptools.pypa.io/en/latest/pkg_resources.html. The pkg_resources package is slated for removal as early as 2025-11-30. Refrain from using this package or pin to Setuptools<81.
  from pkg_resources import resource_stream, resource_exists
/home/leopold/anaconda3/envs/sac_sb3_demo/lib/python3.12/site-packages/pygame/pkgdata.py:25: UserWarning: pkg_resources is deprecated as an API. See https://setuptools.pypa.io/en/latest/pkg_resources.html. The pkg_resources package is slated for removal as early as 2025-11-30. Refrain from using this package or pin to Setuptools<81.
  from pkg_resources import resource_stream, resource_exists
/home/leopold/anaconda3/envs/sac_sb3_demo/lib/python3.12/site-packages/pygame/pkgdata.py:25: UserWarning: pkg_resources is deprecated as an API. See https://setuptools.pypa.io/en/latest/pkg_resources.html. The pkg_resources package is slated for removal as early as 2025-11-30. Refrain from using this package or pin to Setuptools<81.
  from pkg_resources import resource_stream, resource_exists
/home/leopold/anaconda3/envs/sac_sb3_demo/lib/python3.12/site-packages/pygame/pkgdata.py:25: UserWarning: pkg_resources is deprecated as an API. See https://setuptools.pypa.io/en/latest/pkg_resources.html. The pkg_resources package is slated for removal as early as 2025-11-30. Refrain from using this package or pin to Setuptools<81.
  from pkg_resources import resource_stream, resource_exists
/home/leopold/anaconda3/envs/sac_sb3_demo/lib/python3.12/site-packages/pygame/pkgdata.py:25: UserWarning: pkg_resources is deprecated as an API. See https://setuptools.pypa.io/en/latest/pkg_resources.html. The pkg_resources package is slated for removal as early as 2025-11-30. Refrain from using this package or pin to Setuptools<81.
  from pkg_resources import resource_stream, resource_exists
/home/leopold/anaconda3/envs/sac_sb3_demo/lib/python3.12/site-packages/pygame/pkgdata.py:25: UserWarning: pkg_resources is deprecated as an API. See https://setuptools.pypa.io/en/latest/pkg_resources.html. The pkg_resources package is slated for removal as early as 2025-11-30. Refrain from using this package or pin to Setuptools<81.
  from pkg_resources import resource_stream, resource_exists
/home/leopold/anaconda3/envs/sac_sb3_demo/lib/python3.12/site-packages/pygame/pkgdata.py:25: UserWarning: pkg_resources is deprecated as an API. See https://setuptools.pypa.io/en/latest/pkg_resources.html. The pkg_resources package is slated for removal as early as 2025-11-30. Refrain from using this package or pin to Setuptools<81.
  from pkg_resources import resource_stream, resource_exists
/home/leopold/anaconda3/envs/sac_sb3_demo/lib/python3.12/site-packages/pygame/pkgdata.py:25: UserWarning: pkg_resources is deprecated as an API. See https://setuptools.pypa.io/en/latest/pkg_resources.html. The pkg_resources package is slated for removal as early as 2025-11-30. Refrain from using this package or pin to Setuptools<81.
  from pkg_resources import resource_stream, resource_exists
/home/leopold/anaconda3/envs/sac_sb3_demo/lib/python3.12/site-packages/pygame/pkgdata.py:25: UserWarning: pkg_resources is deprecated as an API. See https://setuptools.pypa.io/en/latest/pkg_resources.html. The pkg_resources package is slated for removal as early as 2025-11-30. Refrain from using this package or pin to Setuptools<81.
  from pkg_resources import resource_stream, resource_exists
/home/leopold/anaconda3/envs/sac_sb3_demo/lib/python3.12/site-packages/pygame/pkgdata.py:25: UserWarning: pkg_resources is deprecated as an API. See https://setuptools.pypa.io/en/latest/pkg_resources.html. The pkg_resources package is slated for removal as early as 2025-11-30. Refrain from using this package or pin to Setuptools<81.
  from pkg_resources import resource_stream, resource_exists
/home/leopold/anaconda3/envs/sac_sb3_demo/lib/python3.12/site-packages/pygame/pkgdata.py:25: UserWarning: pkg_resources is deprecated as an API. See https://setuptools.pypa.io/en/latest/pkg_resources.html. The pkg_resources package is slated for removal as early as 2025-11-30. Refrain from using this package or pin to Setuptools<81.
  from pkg_resources import resource_stream, resource_exists
Using cuda device
rbf_64 before training: mean_reward=-267.98 +/- 53.76
Logging to runs/lunarlander_ppo_rbf/ppo-rbf-20260727_211945-seed123/rbf_64_1
/home/leopold/anaconda3/envs/sac_sb3_demo/lib/python3.12/site-packages/stable_baselines3/common/callbacks.py:418: UserWarning: Training and eval env are not of the same type<stable_baselines3.common.vec_env.subproc_vec_env.SubprocVecEnv object at 0x73d0ed2fe3c0> != <stable_baselines3.common.vec_env.dummy_vec_env.DummyVecEnv object at 0x73d0ed0d3da0>
  warnings.warn("Training and eval env are not of the same type" f"{self.training_env} != {self.eval_env}")
Eval num_timesteps=32768, episode_reward=-147.98 +/- 31.93
Episode length: 71.50 +/- 14.71
------------------------------------------
| eval/                   |              |
|    mean_ep_length       | 71.5         |
|    mean_reward          | -148         |
| time/                   |              |
|    total_timesteps      | 32768        |
| train/                  |              |
|    approx_kl            | 0.0032575354 |
|    clip_fraction        | 0.0139       |
|    clip_range           | 0.2          |
|    entropy_loss         | -2.83        |
|    explained_variance   | -0.000719    |
|    learning_rate        | 0.0003       |
|    loss                 | 6.01e+03     |
|    n_updates            | 4            |
|    policy_gradient_loss | -0.00271     |
|    std                  | 0.994        |
|    value_loss           | 8.89e+03     |
------------------------------------------
New best mean reward!
Eval num_timesteps=65536, episode_reward=-242.64 +/- 63.79
Episode length: 129.70 +/- 25.66
------------------------------------------
| eval/                   |              |
|    mean_ep_length       | 130          |
|    mean_reward          | -243         |
| time/                   |              |
|    total_timesteps      | 65536        |
| train/                  |              |
|    approx_kl            | 0.0033354359 |
|    clip_fraction        | 0.0207       |
|    clip_range           | 0.2          |
|    entropy_loss         | -2.84        |
|    explained_variance   | -0.113       |
|    learning_rate        | 0.0003       |
|    loss                 | 933          |
|    n_updates            | 12           |
|    policy_gradient_loss | -0.00213     |
|    std                  | 1            |
|    value_loss           | 2.49e+03     |
------------------------------------------
---------------------------------
| rollout/           |          |
|    ep_len_mean     | 135      |
|    ep_rew_mean     | -156     |
| time/              |          |
|    fps             | 4979     |
|    iterations      | 4        |
|    time_elapsed    | 13       |
|    total_timesteps | 65536    |
---------------------------------
Eval num_timesteps=98304, episode_reward=-244.58 +/- 84.62
Episode length: 136.90 +/- 75.26
------------------------------------------
| eval/                   |              |
|    mean_ep_length       | 137          |
|    mean_reward          | -245         |
| time/                   |              |
|    total_timesteps      | 98304        |
| train/                  |              |
|    approx_kl            | 0.0043672738 |
|    clip_fraction        | 0.0377       |
|    clip_range           | 0.2          |
|    entropy_loss         | -2.84        |
|    explained_variance   | -0.112       |
|    learning_rate        | 0.0003       |
|    loss                 | 748          |
|    n_updates            | 20           |
|    policy_gradient_loss | -0.00305     |
|    std                  | 1            |
|    value_loss           | 1.46e+03     |
------------------------------------------
Eval num_timesteps=131072, episode_reward=-224.53 +/- 94.48
Episode length: 127.60 +/- 26.22
------------------------------------------
| eval/                   |              |
|    mean_ep_length       | 128          |
|    mean_reward          | -225         |
| time/                   |              |
|    total_timesteps      | 131072       |
| train/                  |              |
|    approx_kl            | 0.0034338024 |
|    clip_fraction        | 0.0319       |
|    clip_range           | 0.2          |
|    entropy_loss         | -2.85        |
|    explained_variance   | 0.0398       |
|    learning_rate        | 0.0003       |
|    loss                 | 395          |
|    n_updates            | 28           |
|    policy_gradient_loss | -0.00268     |
|    std                  | 1            |
|    value_loss           | 715          |
------------------------------------------
---------------------------------
| rollout/           |          |
|    ep_len_mean     | 146      |
|    ep_rew_mean     | -96.8    |
| time/              |          |
|    fps             | 4686     |
|    iterations      | 8        |
|    time_elapsed    | 27       |
|    total_timesteps | 131072   |
---------------------------------
Eval num_timesteps=163840, episode_reward=-231.18 +/- 25.64
Episode length: 176.00 +/- 71.74
------------------------------------------
| eval/                   |              |
|    mean_ep_length       | 176          |
|    mean_reward          | -231         |
| time/                   |              |
|    total_timesteps      | 163840       |
| train/                  |              |
|    approx_kl            | 0.0041050324 |
|    clip_fraction        | 0.024        |
|    clip_range           | 0.2          |
|    entropy_loss         | -2.84        |
|    explained_variance   | 0.158        |
|    learning_rate        | 0.0003       |
|    loss                 | 271          |
|    n_updates            | 36           |
|    policy_gradient_loss | -0.00208     |
|    std                  | 1            |
|    value_loss           | 640          |
------------------------------------------
Eval num_timesteps=196608, episode_reward=-192.63 +/- 26.43
Episode length: 140.70 +/- 41.10
------------------------------------------
| eval/                   |              |
|    mean_ep_length       | 141          |
|    mean_reward          | -193         |
| time/                   |              |
|    total_timesteps      | 196608       |
| train/                  |              |
|    approx_kl            | 0.0035688418 |
|    clip_fraction        | 0.0325       |
|    clip_range           | 0.2          |
|    entropy_loss         | -2.82        |
|    explained_variance   | 0.14         |
|    learning_rate        | 0.0003       |
|    loss                 | 496          |
|    n_updates            | 44           |
|    policy_gradient_loss | -0.00234     |
|    std                  | 0.987        |
|    value_loss           | 865          |
------------------------------------------
---------------------------------
| rollout/           |          |
|    ep_len_mean     | 207      |
|    ep_rew_mean     | -70.3    |
| time/              |          |
|    fps             | 4572     |
|    iterations      | 12       |
|    time_elapsed    | 42       |
|    total_timesteps | 196608   |
---------------------------------
Eval num_timesteps=229376, episode_reward=-178.18 +/- 38.16
Episode length: 164.50 +/- 49.51
-----------------------------------------
| eval/                   |             |
|    mean_ep_length       | 164         |
|    mean_reward          | -178        |
| time/                   |             |
|    total_timesteps      | 229376      |
| train/                  |             |
|    approx_kl            | 0.004059236 |
|    clip_fraction        | 0.0227      |
|    clip_range           | 0.2         |
|    entropy_loss         | -2.78       |
|    explained_variance   | 0.344       |
|    learning_rate        | 0.0003      |
|    loss                 | 236         |
|    n_updates            | 52          |
|    policy_gradient_loss | -0.00148    |
|    std                  | 0.969       |
|    value_loss           | 524         |
-----------------------------------------
Eval num_timesteps=262144, episode_reward=-161.91 +/- 49.26
Episode length: 309.70 +/- 322.13
-----------------------------------------
| eval/                   |             |
|    mean_ep_length       | 310         |
|    mean_reward          | -162        |
| time/                   |             |
|    total_timesteps      | 262144      |
| train/                  |             |
|    approx_kl            | 0.002844791 |
|    clip_fraction        | 0.0161      |
|    clip_range           | 0.2         |
|    entropy_loss         | -2.77       |
|    explained_variance   | 0.45        |
|    learning_rate        | 0.0003      |
|    loss                 | 195         |
|    n_updates            | 60          |
|    policy_gradient_loss | -0.0014     |
|    std                  | 0.968       |
|    value_loss           | 540         |
-----------------------------------------
---------------------------------
| rollout/           |          |
|    ep_len_mean     | 251      |
|    ep_rew_mean     | -40.7    |
| time/              |          |
|    fps             | 4463     |
|    iterations      | 16       |
|    time_elapsed    | 58       |
|    total_timesteps | 262144   |
---------------------------------
Eval num_timesteps=294912, episode_reward=-49.72 +/- 135.21
Episode length: 235.00 +/- 122.63
-----------------------------------------
| eval/                   |             |
|    mean_ep_length       | 235         |
|    mean_reward          | -49.7       |
| time/                   |             |
|    total_timesteps      | 294912      |
| train/                  |             |
|    approx_kl            | 0.002784072 |
|    clip_fraction        | 0.0156      |
|    clip_range           | 0.2         |
|    entropy_loss         | -2.79       |
|    explained_variance   | 0.513       |
|    learning_rate        | 0.0003      |
|    loss                 | 181         |
|    n_updates            | 68          |
|    policy_gradient_loss | -0.000468   |
|    std                  | 0.977       |
|    value_loss           | 631         |
-----------------------------------------
New best mean reward!
Eval num_timesteps=327680, episode_reward=-75.29 +/- 91.12
Episode length: 202.90 +/- 68.28
------------------------------------------
| eval/                   |              |
|    mean_ep_length       | 203          |
|    mean_reward          | -75.3        |
| time/                   |              |
|    total_timesteps      | 327680       |
| train/                  |              |
|    approx_kl            | 0.0031589675 |
|    clip_fraction        | 0.0236       |
|    clip_range           | 0.2          |
|    entropy_loss         | -2.78        |
|    explained_variance   | 0.701        |
|    learning_rate        | 0.0003       |
|    loss                 | 132          |
|    n_updates            | 76           |
|    policy_gradient_loss | -0.00127     |
|    std                  | 0.971        |
|    value_loss           | 312          |
------------------------------------------
---------------------------------
| rollout/           |          |
|    ep_len_mean     | 227      |
|    ep_rew_mean     | -12.5    |
| time/              |          |
|    fps             | 4391     |
|    iterations      | 20       |
|    time_elapsed    | 74       |
|    total_timesteps | 327680   |
---------------------------------
Eval num_timesteps=360448, episode_reward=1.03 +/- 138.87
Episode length: 236.40 +/- 114.01
------------------------------------------
| eval/                   |              |
|    mean_ep_length       | 236          |
|    mean_reward          | 1.03         |
| time/                   |              |
|    total_timesteps      | 360448       |
| train/                  |              |
|    approx_kl            | 0.0037873606 |
|    clip_fraction        | 0.03         |
|    clip_range           | 0.2          |
|    entropy_loss         | -2.77        |
|    explained_variance   | 0.817        |
|    learning_rate        | 0.0003       |
|    loss                 | 104          |
|    n_updates            | 84           |
|    policy_gradient_loss | -0.00176     |
|    std                  | 0.97         |
|    value_loss           | 249          |
------------------------------------------
New best mean reward!
Eval num_timesteps=393216, episode_reward=5.66 +/- 148.64
Episode length: 259.60 +/- 88.36
------------------------------------------
| eval/                   |              |
|    mean_ep_length       | 260          |
|    mean_reward          | 5.66         |
| time/                   |              |
|    total_timesteps      | 393216       |
| train/                  |              |
|    approx_kl            | 0.0036355886 |
|    clip_fraction        | 0.0303       |
|    clip_range           | 0.2          |
|    entropy_loss         | -2.78        |
|    explained_variance   | 0.843        |
|    learning_rate        | 0.0003       |
|    loss                 | 158          |
|    n_updates            | 92           |
|    policy_gradient_loss | -0.00092     |
|    std                  | 0.976        |
|    value_loss           | 257          |
------------------------------------------
New best mean reward!
---------------------------------
| rollout/           |          |
|    ep_len_mean     | 361      |
|    ep_rew_mean     | -4.11    |
| time/              |          |
|    fps             | 4352     |
|    iterations      | 24       |
|    time_elapsed    | 90       |
|    total_timesteps | 393216   |
---------------------------------
Eval num_timesteps=425984, episode_reward=-57.84 +/- 130.88
Episode length: 281.70 +/- 113.53
------------------------------------------
| eval/                   |              |
|    mean_ep_length       | 282          |
|    mean_reward          | -57.8        |
| time/                   |              |
|    total_timesteps      | 425984       |
| train/                  |              |
|    approx_kl            | 0.0031436873 |
|    clip_fraction        | 0.0207       |
|    clip_range           | 0.2          |
|    entropy_loss         | -2.76        |
|    explained_variance   | 0.91         |
|    learning_rate        | 0.0003       |
|    loss                 | 98.5         |
|    n_updates            | 100          |
|    policy_gradient_loss | -0.00088     |
|    std                  | 0.962        |
|    value_loss           | 158          |
------------------------------------------
Eval num_timesteps=458752, episode_reward=20.12 +/- 146.05
Episode length: 326.60 +/- 114.75
------------------------------------------
| eval/                   |              |
|    mean_ep_length       | 327          |
|    mean_reward          | 20.1         |
| time/                   |              |
|    total_timesteps      | 458752       |
| train/                  |              |
|    approx_kl            | 0.0033807764 |
|    clip_fraction        | 0.0221       |
|    clip_range           | 0.2          |
|    entropy_loss         | -2.74        |
|    explained_variance   | 0.929        |
|    learning_rate        | 0.0003       |
|    loss                 | 89.9         |
|    n_updates            | 108          |
|    policy_gradient_loss | -0.000453    |
|    std                  | 0.955        |
|    value_loss           | 143          |
------------------------------------------
New best mean reward!
---------------------------------
| rollout/           |          |
|    ep_len_mean     | 500      |
|    ep_rew_mean     | 5.4      |
| time/              |          |
|    fps             | 4295     |
|    iterations      | 28       |
|    time_elapsed    | 106      |
|    total_timesteps | 458752   |
---------------------------------
Eval num_timesteps=491520, episode_reward=-6.31 +/- 142.53
Episode length: 420.30 +/- 158.84
-----------------------------------------
| eval/                   |             |
|    mean_ep_length       | 420         |
|    mean_reward          | -6.31       |
| time/                   |             |
|    total_timesteps      | 491520      |
| train/                  |             |
|    approx_kl            | 0.004400608 |
|    clip_fraction        | 0.0299      |
|    clip_range           | 0.2         |
|    entropy_loss         | -2.75       |
|    explained_variance   | 0.907       |
|    learning_rate        | 0.0003      |
|    loss                 | 125         |
|    n_updates            | 116         |
|    policy_gradient_loss | -0.000672   |
|    std                  | 0.954       |
|    value_loss           | 178         |
-----------------------------------------
Eval num_timesteps=524288, episode_reward=19.39 +/- 157.56
Episode length: 493.30 +/- 165.51
------------------------------------------
| eval/                   |              |
|    mean_ep_length       | 493          |
|    mean_reward          | 19.4         |
| time/                   |              |
|    total_timesteps      | 524288       |
| train/                  |              |
|    approx_kl            | 0.0040901294 |
|    clip_fraction        | 0.023        |
|    clip_range           | 0.2          |
|    entropy_loss         | -2.73        |
|    explained_variance   | 0.906        |
|    learning_rate        | 0.0003       |
|    loss                 | 83.2         |
|    n_updates            | 124          |
|    policy_gradient_loss | -0.000415    |
|    std                  | 0.944        |
|    value_loss           | 148          |
------------------------------------------
---------------------------------
| rollout/           |          |
|    ep_len_mean     | 727      |
|    ep_rew_mean     | 23.8     |
| time/              |          |
|    fps             | 4214     |
|    iterations      | 32       |
|    time_elapsed    | 124      |
|    total_timesteps | 524288   |
---------------------------------
Eval num_timesteps=557056, episode_reward=34.83 +/- 110.71
Episode length: 830.60 +/- 232.70
------------------------------------------
| eval/                   |              |
|    mean_ep_length       | 831          |
|    mean_reward          | 34.8         |
| time/                   |              |
|    total_timesteps      | 557056       |
| train/                  |              |
|    approx_kl            | 0.0040157055 |
|    clip_fraction        | 0.0299       |
|    clip_range           | 0.2          |
|    entropy_loss         | -2.71        |
|    explained_variance   | 0.946        |
|    learning_rate        | 0.0003       |
|    loss                 | 36.5         |
|    n_updates            | 132          |
|    policy_gradient_loss | -0.000932    |
|    std                  | 0.94         |
|    value_loss           | 77.7         |
------------------------------------------
New best mean reward!
Eval num_timesteps=589824, episode_reward=-63.42 +/- 101.10
Episode length: 720.30 +/- 327.82
-----------------------------------------
| eval/                   |             |
|    mean_ep_length       | 720         |
|    mean_reward          | -63.4       |
| time/                   |             |
|    total_timesteps      | 589824      |
| train/                  |             |
|    approx_kl            | 0.005018349 |
|    clip_fraction        | 0.0356      |
|    clip_range           | 0.2         |
|    entropy_loss         | -2.71       |
|    explained_variance   | 0.952       |
|    learning_rate        | 0.0003      |
|    loss                 | 26.5        |
|    n_updates            | 140         |
|    policy_gradient_loss | -0.000874   |
|    std                  | 0.941       |
|    value_loss           | 73.4        |
-----------------------------------------
---------------------------------
| rollout/           |          |
|    ep_len_mean     | 827      |
|    ep_rew_mean     | 40.6     |
| time/              |          |
|    fps             | 4106     |
|    iterations      | 36       |
|    time_elapsed    | 143      |
|    total_timesteps | 589824   |
---------------------------------
Eval num_timesteps=622592, episode_reward=-38.87 +/- 112.93
Episode length: 803.10 +/- 253.44
-----------------------------------------
| eval/                   |             |
|    mean_ep_length       | 803         |
|    mean_reward          | -38.9       |
| time/                   |             |
|    total_timesteps      | 622592      |
| train/                  |             |
|    approx_kl            | 0.004184574 |
|    clip_fraction        | 0.0211      |
|    clip_range           | 0.2         |
|    entropy_loss         | -2.71       |
|    explained_variance   | 0.95        |
|    learning_rate        | 0.0003      |
|    loss                 | 26.9        |
|    n_updates            | 148         |
|    policy_gradient_loss | -0.00116    |
|    std                  | 0.935       |
|    value_loss           | 72.6        |
-----------------------------------------
Eval num_timesteps=655360, episode_reward=-126.28 +/- 46.63
Episode length: 786.40 +/- 292.95
------------------------------------------
| eval/                   |              |
|    mean_ep_length       | 786          |
|    mean_reward          | -126         |
| time/                   |              |
|    total_timesteps      | 655360       |
| train/                  |              |
|    approx_kl            | 0.0032766105 |
|    clip_fraction        | 0.0189       |
|    clip_range           | 0.2          |
|    entropy_loss         | -2.7         |
|    explained_variance   | 0.955        |
|    learning_rate        | 0.0003       |
|    loss                 | 44.2         |
|    n_updates            | 156          |
|    policy_gradient_loss | -0.000456    |
|    std                  | 0.922        |
|    value_loss           | 60.6         |
------------------------------------------
---------------------------------
| rollout/           |          |
|    ep_len_mean     | 801      |
|    ep_rew_mean     | 50.9     |
| time/              |          |
|    fps             | 4018     |
|    iterations      | 40       |
|    time_elapsed    | 163      |
|    total_timesteps | 655360   |
---------------------------------
Eval num_timesteps=688128, episode_reward=-96.06 +/- 126.66
Episode length: 674.90 +/- 285.23
------------------------------------------
| eval/                   |              |
|    mean_ep_length       | 675          |
|    mean_reward          | -96.1        |
| time/                   |              |
|    total_timesteps      | 688128       |
| train/                  |              |
|    approx_kl            | 0.0042989496 |
|    clip_fraction        | 0.0394       |
|    clip_range           | 0.2          |
|    entropy_loss         | -2.66        |
|    explained_variance   | 0.95         |
|    learning_rate        | 0.0003       |
|    loss                 | 26.7         |
|    n_updates            | 164          |
|    policy_gradient_loss | -0.000875    |
|    std                  | 0.912        |
|    value_loss           | 57.4         |
------------------------------------------
Eval num_timesteps=720896, episode_reward=-46.83 +/- 120.32
Episode length: 835.30 +/- 234.73
------------------------------------------
| eval/                   |              |
|    mean_ep_length       | 835          |
|    mean_reward          | -46.8        |
| time/                   |              |
|    total_timesteps      | 720896       |
| train/                  |              |
|    approx_kl            | 0.0034712558 |
|    clip_fraction        | 0.0301       |
|    clip_range           | 0.2          |
|    entropy_loss         | -2.65        |
|    explained_variance   | 0.895        |
|    learning_rate        | 0.0003       |
|    loss                 | 31.4         |
|    n_updates            | 172          |
|    policy_gradient_loss | -0.0014      |
|    std                  | 0.913        |
|    value_loss           | 109          |
------------------------------------------
---------------------------------
| rollout/           |          |
|    ep_len_mean     | 839      |
|    ep_rew_mean     | 50.3     |
| time/              |          |
|    fps             | 3970     |
|    iterations      | 44       |
|    time_elapsed    | 181      |
|    total_timesteps | 720896   |
---------------------------------
Eval num_timesteps=753664, episode_reward=-7.69 +/- 130.33
Episode length: 587.90 +/- 311.40
------------------------------------------
| eval/                   |              |
|    mean_ep_length       | 588          |
|    mean_reward          | -7.69        |
| time/                   |              |
|    total_timesteps      | 753664       |
| train/                  |              |
|    approx_kl            | 0.0020711287 |
|    clip_fraction        | 0.024        |
|    clip_range           | 0.2          |
|    entropy_loss         | -2.62        |
|    explained_variance   | 0.919        |
|    learning_rate        | 0.0003       |
|    loss                 | 54.1         |
|    n_updates            | 180          |
|    policy_gradient_loss | -0.000583    |
|    std                  | 0.896        |
|    value_loss           | 88.4         |
------------------------------------------
Eval num_timesteps=786432, episode_reward=-3.70 +/- 127.28
Episode length: 710.70 +/- 285.37
------------------------------------------
| eval/                   |              |
|    mean_ep_length       | 711          |
|    mean_reward          | -3.7         |
| time/                   |              |
|    total_timesteps      | 786432       |
| train/                  |              |
|    approx_kl            | 0.0032051848 |
|    clip_fraction        | 0.0207       |
|    clip_range           | 0.2          |
|    entropy_loss         | -2.61        |
|    explained_variance   | 0.8          |
|    learning_rate        | 0.0003       |
|    loss                 | 43.6         |
|    n_updates            | 188          |
|    policy_gradient_loss | 0.000162     |
|    std                  | 0.893        |
|    value_loss           | 178          |
------------------------------------------
---------------------------------
| rollout/           |          |
|    ep_len_mean     | 783      |
|    ep_rew_mean     | 55.8     |
| time/              |          |
|    fps             | 3940     |
|    iterations      | 48       |
|    time_elapsed    | 199      |
|    total_timesteps | 786432   |
---------------------------------
Eval num_timesteps=819200, episode_reward=-41.05 +/- 104.99
Episode length: 820.40 +/- 229.58
------------------------------------------
| eval/                   |              |
|    mean_ep_length       | 820          |
|    mean_reward          | -41.1        |
| time/                   |              |
|    total_timesteps      | 819200       |
| train/                  |              |
|    approx_kl            | 0.0028779237 |
|    clip_fraction        | 0.0219       |
|    clip_range           | 0.2          |
|    entropy_loss         | -2.62        |
|    explained_variance   | 0.893        |
|    learning_rate        | 0.0003       |
|    loss                 | 44.6         |
|    n_updates            | 196          |
|    policy_gradient_loss | -0.000423    |
|    std                  | 0.896        |
|    value_loss           | 85.3         |
------------------------------------------
Eval num_timesteps=851968, episode_reward=15.37 +/- 149.18
Episode length: 627.70 +/- 260.06
------------------------------------------
| eval/                   |              |
|    mean_ep_length       | 628          |
|    mean_reward          | 15.4         |
| time/                   |              |
|    total_timesteps      | 851968       |
| train/                  |              |
|    approx_kl            | 0.0023596163 |
|    clip_fraction        | 0.0131       |
|    clip_range           | 0.2          |
|    entropy_loss         | -2.63        |
|    explained_variance   | 0.876        |
|    learning_rate        | 0.0003       |
|    loss                 | 73.1         |
|    n_updates            | 204          |
|    policy_gradient_loss | 0.000288     |
|    std                  | 0.901        |
|    value_loss           | 95.9         |
------------------------------------------
---------------------------------
| rollout/           |          |
|    ep_len_mean     | 797      |
|    ep_rew_mean     | 48.6     |
| time/              |          |
|    fps             | 3900     |
|    iterations      | 52       |
|    time_elapsed    | 218      |
|    total_timesteps | 851968   |
---------------------------------
Eval num_timesteps=884736, episode_reward=22.18 +/- 165.19
Episode length: 710.50 +/- 175.08
------------------------------------------
| eval/                   |              |
|    mean_ep_length       | 710          |
|    mean_reward          | 22.2         |
| time/                   |              |
|    total_timesteps      | 884736       |
| train/                  |              |
|    approx_kl            | 0.0016054185 |
|    clip_fraction        | 0.0112       |
|    clip_range           | 0.2          |
|    entropy_loss         | -2.6         |
|    explained_variance   | 0.899        |
|    learning_rate        | 0.0003       |
|    loss                 | 19.3         |
|    n_updates            | 212          |
|    policy_gradient_loss | 5.8e-05      |
|    std                  | 0.885        |
|    value_loss           | 78.5         |
------------------------------------------
Eval num_timesteps=917504, episode_reward=44.66 +/- 128.28
Episode length: 812.60 +/- 127.20
-----------------------------------------
| eval/                   |             |
|    mean_ep_length       | 813         |
|    mean_reward          | 44.7        |
| time/                   |             |
|    total_timesteps      | 917504      |
| train/                  |             |
|    approx_kl            | 0.003080145 |
|    clip_fraction        | 0.0242      |
|    clip_range           | 0.2         |
|    entropy_loss         | -2.61       |
|    explained_variance   | 0.861       |
|    learning_rate        | 0.0003      |
|    loss                 | 59.6        |
|    n_updates            | 220         |
|    policy_gradient_loss | 0.000265    |
|    std                  | 0.892       |
|    value_loss           | 91.1        |
-----------------------------------------
New best mean reward!
---------------------------------
| rollout/           |          |
|    ep_len_mean     | 793      |
|    ep_rew_mean     | 55.6     |
| time/              |          |
|    fps             | 3871     |
|    iterations      | 56       |
|    time_elapsed    | 236      |
|    total_timesteps | 917504   |
---------------------------------
Eval num_timesteps=950272, episode_reward=68.87 +/- 131.20
Episode length: 826.50 +/- 136.45
------------------------------------------
| eval/                   |              |
|    mean_ep_length       | 826          |
|    mean_reward          | 68.9         |
| time/                   |              |
|    total_timesteps      | 950272       |
| train/                  |              |
|    approx_kl            | 0.0038022231 |
|    clip_fraction        | 0.0219       |
|    clip_range           | 0.2          |
|    entropy_loss         | -2.63        |
|    explained_variance   | 0.899        |
|    learning_rate        | 0.0003       |
|    loss                 | 28.7         |
|    n_updates            | 228          |
|    policy_gradient_loss | 0.000215     |
|    std                  | 0.901        |
|    value_loss           | 76.8         |
------------------------------------------
New best mean reward!
Eval num_timesteps=983040, episode_reward=-82.85 +/- 27.69
Episode length: 1000.00 +/- 0.00
------------------------------------------
| eval/                   |              |
|    mean_ep_length       | 1e+03        |
|    mean_reward          | -82.9        |
| time/                   |              |
|    total_timesteps      | 983040       |
| train/                  |              |
|    approx_kl            | 0.0036856835 |
|    clip_fraction        | 0.0298       |
|    clip_range           | 0.2          |
|    entropy_loss         | -2.62        |
|    explained_variance   | 0.913        |
|    learning_rate        | 0.0003       |
|    loss                 | 14.3         |
|    n_updates            | 236          |
|    policy_gradient_loss | -0.00026     |
|    std                  | 0.897        |
|    value_loss           | 37.6         |
------------------------------------------
---------------------------------
| rollout/           |          |
|    ep_len_mean     | 844      |
|    ep_rew_mean     | 63.1     |
| time/              |          |
|    fps             | 3832     |
|    iterations      | 60       |
|    time_elapsed    | 256      |
|    total_timesteps | 983040   |
---------------------------------
Eval num_timesteps=1015808, episode_reward=-82.56 +/- 38.07
Episode length: 935.60 +/- 193.20
------------------------------------------
| eval/                   |              |
|    mean_ep_length       | 936          |
|    mean_reward          | -82.6        |
| time/                   |              |
|    total_timesteps      | 1015808      |
| train/                  |              |
|    approx_kl            | 0.0044819973 |
|    clip_fraction        | 0.0416       |
|    clip_range           | 0.2          |
|    entropy_loss         | -2.65        |
|    explained_variance   | 0.895        |
|    learning_rate        | 0.0003       |
|    loss                 | 16.2         |
|    n_updates            | 244          |
|    policy_gradient_loss | -0.00189     |
|    std                  | 0.911        |
|    value_loss           | 47.8         |
------------------------------------------
Eval num_timesteps=1048576, episode_reward=-86.09 +/- 47.29
Episode length: 929.50 +/- 211.50
------------------------------------------
| eval/                   |              |
|    mean_ep_length       | 930          |
|    mean_reward          | -86.1        |
| time/                   |              |
|    total_timesteps      | 1048576      |
| train/                  |              |
|    approx_kl            | 0.0045257476 |
|    clip_fraction        | 0.0318       |
|    clip_range           | 0.2          |
|    entropy_loss         | -2.63        |
|    explained_variance   | 0.842        |
|    learning_rate        | 0.0003       |
|    loss                 | 26.9         |
|    n_updates            | 252          |
|    policy_gradient_loss | -0.000981    |
|    std                  | 0.894        |
|    value_loss           | 93           |
------------------------------------------
---------------------------------
| rollout/           |          |
|    ep_len_mean     | 918      |
|    ep_rew_mean     | 57.6     |
| time/              |          |
|    fps             | 3799     |
|    iterations      | 64       |
|    time_elapsed    | 275      |
|    total_timesteps | 1048576  |
---------------------------------
Wrapping the env in a DummyVecEnv.
rbf_64 after training: mean_reward=-66.81 +/- 77.80

=== Training variant: rbf_192 ===
/home/leopold/anaconda3/envs/sac_sb3_demo/lib/python3.12/site-packages/pygame/pkgdata.py:25: UserWarning: pkg_resources is deprecated as an API. See https://setuptools.pypa.io/en/latest/pkg_resources.html. The pkg_resources package is slated for removal as early as 2025-11-30. Refrain from using this package or pin to Setuptools<81.
  from pkg_resources import resource_stream, resource_exists
/home/leopold/anaconda3/envs/sac_sb3_demo/lib/python3.12/site-packages/pygame/pkgdata.py:25: UserWarning: pkg_resources is deprecated as an API. See https://setuptools.pypa.io/en/latest/pkg_resources.html. The pkg_resources package is slated for removal as early as 2025-11-30. Refrain from using this package or pin to Setuptools<81.
  from pkg_resources import resource_stream, resource_exists
/home/leopold/anaconda3/envs/sac_sb3_demo/lib/python3.12/site-packages/pygame/pkgdata.py:25: UserWarning: pkg_resources is deprecated as an API. See https://setuptools.pypa.io/en/latest/pkg_resources.html. The pkg_resources package is slated for removal as early as 2025-11-30. Refrain from using this package or pin to Setuptools<81.
  from pkg_resources import resource_stream, resource_exists
/home/leopold/anaconda3/envs/sac_sb3_demo/lib/python3.12/site-packages/pygame/pkgdata.py:25: UserWarning: pkg_resources is deprecated as an API. See https://setuptools.pypa.io/en/latest/pkg_resources.html. The pkg_resources package is slated for removal as early as 2025-11-30. Refrain from using this package or pin to Setuptools<81.
  from pkg_resources import resource_stream, resource_exists
/home/leopold/anaconda3/envs/sac_sb3_demo/lib/python3.12/site-packages/pygame/pkgdata.py:25: UserWarning: pkg_resources is deprecated as an API. See https://setuptools.pypa.io/en/latest/pkg_resources.html. The pkg_resources package is slated for removal as early as 2025-11-30. Refrain from using this package or pin to Setuptools<81.
  from pkg_resources import resource_stream, resource_exists
/home/leopold/anaconda3/envs/sac_sb3_demo/lib/python3.12/site-packages/pygame/pkgdata.py:25: UserWarning: pkg_resources is deprecated as an API. See https://setuptools.pypa.io/en/latest/pkg_resources.html. The pkg_resources package is slated for removal as early as 2025-11-30. Refrain from using this package or pin to Setuptools<81.
  from pkg_resources import resource_stream, resource_exists
/home/leopold/anaconda3/envs/sac_sb3_demo/lib/python3.12/site-packages/pygame/pkgdata.py:25: UserWarning: pkg_resources is deprecated as an API. See https://setuptools.pypa.io/en/latest/pkg_resources.html. The pkg_resources package is slated for removal as early as 2025-11-30. Refrain from using this package or pin to Setuptools<81.
  from pkg_resources import resource_stream, resource_exists
/home/leopold/anaconda3/envs/sac_sb3_demo/lib/python3.12/site-packages/pygame/pkgdata.py:25: UserWarning: pkg_resources is deprecated as an API. See https://setuptools.pypa.io/en/latest/pkg_resources.html. The pkg_resources package is slated for removal as early as 2025-11-30. Refrain from using this package or pin to Setuptools<81.
  from pkg_resources import resource_stream, resource_exists
/home/leopold/anaconda3/envs/sac_sb3_demo/lib/python3.12/site-packages/pygame/pkgdata.py:25: UserWarning: pkg_resources is deprecated as an API. See https://setuptools.pypa.io/en/latest/pkg_resources.html. The pkg_resources package is slated for removal as early as 2025-11-30. Refrain from using this package or pin to Setuptools<81.
  from pkg_resources import resource_stream, resource_exists
/home/leopold/anaconda3/envs/sac_sb3_demo/lib/python3.12/site-packages/pygame/pkgdata.py:25: UserWarning: pkg_resources is deprecated as an API. See https://setuptools.pypa.io/en/latest/pkg_resources.html. The pkg_resources package is slated for removal as early as 2025-11-30. Refrain from using this package or pin to Setuptools<81.
  from pkg_resources import resource_stream, resource_exists
/home/leopold/anaconda3/envs/sac_sb3_demo/lib/python3.12/site-packages/pygame/pkgdata.py:25: UserWarning: pkg_resources is deprecated as an API. See https://setuptools.pypa.io/en/latest/pkg_resources.html. The pkg_resources package is slated for removal as early as 2025-11-30. Refrain from using this package or pin to Setuptools<81.
  from pkg_resources import resource_stream, resource_exists
/home/leopold/anaconda3/envs/sac_sb3_demo/lib/python3.12/site-packages/pygame/pkgdata.py:25: UserWarning: pkg_resources is deprecated as an API. See https://setuptools.pypa.io/en/latest/pkg_resources.html. The pkg_resources package is slated for removal as early as 2025-11-30. Refrain from using this package or pin to Setuptools<81.
  from pkg_resources import resource_stream, resource_exists
/home/leopold/anaconda3/envs/sac_sb3_demo/lib/python3.12/site-packages/pygame/pkgdata.py:25: UserWarning: pkg_resources is deprecated as an API. See https://setuptools.pypa.io/en/latest/pkg_resources.html. The pkg_resources package is slated for removal as early as 2025-11-30. Refrain from using this package or pin to Setuptools<81.
  from pkg_resources import resource_stream, resource_exists
/home/leopold/anaconda3/envs/sac_sb3_demo/lib/python3.12/site-packages/pygame/pkgdata.py:25: UserWarning: pkg_resources is deprecated as an API. See https://setuptools.pypa.io/en/latest/pkg_resources.html. The pkg_resources package is slated for removal as early as 2025-11-30. Refrain from using this package or pin to Setuptools<81.
  from pkg_resources import resource_stream, resource_exists
/home/leopold/anaconda3/envs/sac_sb3_demo/lib/python3.12/site-packages/pygame/pkgdata.py:25: UserWarning: pkg_resources is deprecated as an API. See https://setuptools.pypa.io/en/latest/pkg_resources.html. The pkg_resources package is slated for removal as early as 2025-11-30. Refrain from using this package or pin to Setuptools<81.
  from pkg_resources import resource_stream, resource_exists
/home/leopold/anaconda3/envs/sac_sb3_demo/lib/python3.12/site-packages/pygame/pkgdata.py:25: UserWarning: pkg_resources is deprecated as an API. See https://setuptools.pypa.io/en/latest/pkg_resources.html. The pkg_resources package is slated for removal as early as 2025-11-30. Refrain from using this package or pin to Setuptools<81.
  from pkg_resources import resource_stream, resource_exists
Using cuda device
rbf_192 before training: mean_reward=-236.00 +/- 90.70
Logging to runs/lunarlander_ppo_rbf/ppo-rbf-20260727_211945-seed123/rbf_192_1
/home/leopold/anaconda3/envs/sac_sb3_demo/lib/python3.12/site-packages/stable_baselines3/common/callbacks.py:418: UserWarning: Training and eval env are not of the same type<stable_baselines3.common.vec_env.subproc_vec_env.SubprocVecEnv object at 0x73d0ed420950> != <stable_baselines3.common.vec_env.dummy_vec_env.DummyVecEnv object at 0x73d0ffbf1100>
  warnings.warn("Training and eval env are not of the same type" f"{self.training_env} != {self.eval_env}")
Eval num_timesteps=32768, episode_reward=-120.12 +/- 49.19
Episode length: 79.00 +/- 9.30
------------------------------------------
| eval/                   |              |
|    mean_ep_length       | 79           |
|    mean_reward          | -120         |
| time/                   |              |
|    total_timesteps      | 32768        |
| train/                  |              |
|    approx_kl            | 0.0058274455 |
|    clip_fraction        | 0.0512       |
|    clip_range           | 0.2          |
|    entropy_loss         | -2.84        |
|    explained_variance   | 0.00076      |
|    learning_rate        | 0.0003       |
|    loss                 | 3.93e+03     |
|    n_updates            | 4            |
|    policy_gradient_loss | -0.00381     |
|    std                  | 1            |
|    value_loss           | 7.26e+03     |
------------------------------------------
New best mean reward!
Eval num_timesteps=65536, episode_reward=-71.12 +/- 32.18
Episode length: 79.90 +/- 16.53
------------------------------------------
| eval/                   |              |
|    mean_ep_length       | 79.9         |
|    mean_reward          | -71.1        |
| time/                   |              |
|    total_timesteps      | 65536        |
| train/                  |              |
|    approx_kl            | 0.0061578196 |
|    clip_fraction        | 0.0632       |
|    clip_range           | 0.2          |
|    entropy_loss         | -2.85        |
|    explained_variance   | -0.137       |
|    learning_rate        | 0.0003       |
|    loss                 | 262          |
|    n_updates            | 12           |
|    policy_gradient_loss | -0.00213     |
|    std                  | 1.01         |
|    value_loss           | 1.01e+03     |
------------------------------------------
New best mean reward!
---------------------------------
| rollout/           |          |
|    ep_len_mean     | 118      |
|    ep_rew_mean     | -122     |
| time/              |          |
|    fps             | 5117     |
|    iterations      | 4        |
|    time_elapsed    | 12       |
|    total_timesteps | 65536    |
---------------------------------
Eval num_timesteps=98304, episode_reward=-170.46 +/- 47.55
Episode length: 114.30 +/- 15.36
-----------------------------------------
| eval/                   |             |
|    mean_ep_length       | 114         |
|    mean_reward          | -170        |
| time/                   |             |
|    total_timesteps      | 98304       |
| train/                  |             |
|    approx_kl            | 0.005064114 |
|    clip_fraction        | 0.0451      |
|    clip_range           | 0.2         |
|    entropy_loss         | -2.86       |
|    explained_variance   | 0.0555      |
|    learning_rate        | 0.0003      |
|    loss                 | 492         |
|    n_updates            | 20          |
|    policy_gradient_loss | -0.00193    |
|    std                  | 1.01        |
|    value_loss           | 822         |
-----------------------------------------
Eval num_timesteps=131072, episode_reward=-181.35 +/- 40.89
Episode length: 253.90 +/- 285.15
-----------------------------------------
| eval/                   |             |
|    mean_ep_length       | 254         |
|    mean_reward          | -181        |
| time/                   |             |
|    total_timesteps      | 131072      |
| train/                  |             |
|    approx_kl            | 0.004653683 |
|    clip_fraction        | 0.0454      |
|    clip_range           | 0.2         |
|    entropy_loss         | -2.85       |
|    explained_variance   | 0.229       |
|    learning_rate        | 0.0003      |
|    loss                 | 329         |
|    n_updates            | 28          |
|    policy_gradient_loss | -0.00184    |
|    std                  | 1.01        |
|    value_loss           | 583         |
-----------------------------------------
---------------------------------
| rollout/           |          |
|    ep_len_mean     | 155      |
|    ep_rew_mean     | -70.6    |
| time/              |          |
|    fps             | 4665     |
|    iterations      | 8        |
|    time_elapsed    | 28       |
|    total_timesteps | 131072   |
---------------------------------
Eval num_timesteps=163840, episode_reward=-124.34 +/- 108.03
Episode length: 230.10 +/- 185.67
-----------------------------------------
| eval/                   |             |
|    mean_ep_length       | 230         |
|    mean_reward          | -124        |
| time/                   |             |
|    total_timesteps      | 163840      |
| train/                  |             |
|    approx_kl            | 0.004104006 |
|    clip_fraction        | 0.0312      |
|    clip_range           | 0.2         |
|    entropy_loss         | -2.86       |
|    explained_variance   | 0.566       |
|    learning_rate        | 0.0003      |
|    loss                 | 120         |
|    n_updates            | 36          |
|    policy_gradient_loss | -0.000812   |
|    std                  | 1.01        |
|    value_loss           | 469         |
-----------------------------------------
Eval num_timesteps=196608, episode_reward=-80.17 +/- 94.81
Episode length: 157.90 +/- 60.63
-----------------------------------------
| eval/                   |             |
|    mean_ep_length       | 158         |
|    mean_reward          | -80.2       |
| time/                   |             |
|    total_timesteps      | 196608      |
| train/                  |             |
|    approx_kl            | 0.005757504 |
|    clip_fraction        | 0.0485      |
|    clip_range           | 0.2         |
|    entropy_loss         | -2.85       |
|    explained_variance   | 0.78        |
|    learning_rate        | 0.0003      |
|    loss                 | 145         |
|    n_updates            | 44          |
|    policy_gradient_loss | -0.00157    |
|    std                  | 1.01        |
|    value_loss           | 267         |
-----------------------------------------
---------------------------------
| rollout/           |          |
|    ep_len_mean     | 194      |
|    ep_rew_mean     | -23.9    |
| time/              |          |
|    fps             | 4465     |
|    iterations      | 12       |
|    time_elapsed    | 44       |
|    total_timesteps | 196608   |
---------------------------------
Eval num_timesteps=229376, episode_reward=-61.77 +/- 78.46
Episode length: 186.30 +/- 101.23
-----------------------------------------
| eval/                   |             |
|    mean_ep_length       | 186         |
|    mean_reward          | -61.8       |
| time/                   |             |
|    total_timesteps      | 229376      |
| train/                  |             |
|    approx_kl            | 0.005370586 |
|    clip_fraction        | 0.0512      |
|    clip_range           | 0.2         |
|    entropy_loss         | -2.84       |
|    explained_variance   | 0.857       |
|    learning_rate        | 0.0003      |
|    loss                 | 122         |
|    n_updates            | 52          |
|    policy_gradient_loss | -0.00149    |
|    std                  | 1           |
|    value_loss           | 311         |
-----------------------------------------
New best mean reward!
Eval num_timesteps=262144, episode_reward=-14.31 +/- 126.53
Episode length: 198.20 +/- 49.77
------------------------------------------
| eval/                   |              |
|    mean_ep_length       | 198          |
|    mean_reward          | -14.3        |
| time/                   |              |
|    total_timesteps      | 262144       |
| train/                  |              |
|    approx_kl            | 0.0040965527 |
|    clip_fraction        | 0.0449       |
|    clip_range           | 0.2          |
|    entropy_loss         | -2.81        |
|    explained_variance   | 0.948        |
|    learning_rate        | 0.0003       |
|    loss                 | 80.4         |
|    n_updates            | 60           |
|    policy_gradient_loss | -0.000442    |
|    std                  | 0.985        |
|    value_loss           | 131          |
------------------------------------------
New best mean reward!
---------------------------------
| rollout/           |          |
|    ep_len_mean     | 254      |
|    ep_rew_mean     | 4.84     |
| time/              |          |
|    fps             | 4404     |
|    iterations      | 16       |
|    time_elapsed    | 59       |
|    total_timesteps | 262144   |
---------------------------------
Eval num_timesteps=294912, episode_reward=81.25 +/- 173.23
Episode length: 265.60 +/- 89.86
------------------------------------------
| eval/                   |              |
|    mean_ep_length       | 266          |
|    mean_reward          | 81.2         |
| time/                   |              |
|    total_timesteps      | 294912       |
| train/                  |              |
|    approx_kl            | 0.0045642965 |
|    clip_fraction        | 0.0402       |
|    clip_range           | 0.2          |
|    entropy_loss         | -2.8         |
|    explained_variance   | 0.923        |
|    learning_rate        | 0.0003       |
|    loss                 | 112          |
|    n_updates            | 68           |
|    policy_gradient_loss | -0.000114    |
|    std                  | 0.983        |
|    value_loss           | 242          |
------------------------------------------
New best mean reward!
Eval num_timesteps=327680, episode_reward=91.34 +/- 170.47
Episode length: 286.40 +/- 116.32
------------------------------------------
| eval/                   |              |
|    mean_ep_length       | 286          |
|    mean_reward          | 91.3         |
| time/                   |              |
|    total_timesteps      | 327680       |
| train/                  |              |
|    approx_kl            | 0.0060851937 |
|    clip_fraction        | 0.0672       |
|    clip_range           | 0.2          |
|    entropy_loss         | -2.79        |
|    explained_variance   | 0.926        |
|    learning_rate        | 0.0003       |
|    loss                 | 74.7         |
|    n_updates            | 76           |
|    policy_gradient_loss | -0.000873    |
|    std                  | 0.977        |
|    value_loss           | 143          |
------------------------------------------
New best mean reward!
---------------------------------
| rollout/           |          |
|    ep_len_mean     | 504      |
|    ep_rew_mean     | 5.25     |
| time/              |          |
|    fps             | 4342     |
|    iterations      | 20       |
|    time_elapsed    | 75       |
|    total_timesteps | 327680   |
---------------------------------
Eval num_timesteps=360448, episode_reward=121.53 +/- 98.03
Episode length: 465.80 +/- 138.91
------------------------------------------
| eval/                   |              |
|    mean_ep_length       | 466          |
|    mean_reward          | 122          |
| time/                   |              |
|    total_timesteps      | 360448       |
| train/                  |              |
|    approx_kl            | 0.0050979443 |
|    clip_fraction        | 0.0534       |
|    clip_range           | 0.2          |
|    entropy_loss         | -2.78        |
|    explained_variance   | 0.951        |
|    learning_rate        | 0.0003       |
|    loss                 | 31           |
|    n_updates            | 84           |
|    policy_gradient_loss | -8.61e-05    |
|    std                  | 0.967        |
|    value_loss           | 108          |
------------------------------------------
New best mean reward!
Eval num_timesteps=393216, episode_reward=147.00 +/- 85.00
Episode length: 412.50 +/- 87.12
------------------------------------------
| eval/                   |              |
|    mean_ep_length       | 412          |
|    mean_reward          | 147          |
| time/                   |              |
|    total_timesteps      | 393216       |
| train/                  |              |
|    approx_kl            | 0.0050936453 |
|    clip_fraction        | 0.0538       |
|    clip_range           | 0.2          |
|    entropy_loss         | -2.76        |
|    explained_variance   | 0.961        |
|    learning_rate        | 0.0003       |
|    loss                 | 22           |
|    n_updates            | 92           |
|    policy_gradient_loss | -7.92e-05    |
|    std                  | 0.959        |
|    value_loss           | 70.9         |
------------------------------------------
New best mean reward!
---------------------------------
| rollout/           |          |
|    ep_len_mean     | 634      |
|    ep_rew_mean     | 33       |
| time/              |          |
|    fps             | 4238     |
|    iterations      | 24       |
|    time_elapsed    | 92       |
|    total_timesteps | 393216   |
---------------------------------
Eval num_timesteps=425984, episode_reward=57.08 +/- 161.69
Episode length: 498.20 +/- 143.05
-----------------------------------------
| eval/                   |             |
|    mean_ep_length       | 498         |
|    mean_reward          | 57.1        |
| time/                   |             |
|    total_timesteps      | 425984      |
| train/                  |             |
|    approx_kl            | 0.005311545 |
|    clip_fraction        | 0.0505      |
|    clip_range           | 0.2         |
|    entropy_loss         | -2.73       |
|    explained_variance   | 0.948       |
|    learning_rate        | 0.0003      |
|    loss                 | 24.6        |
|    n_updates            | 100         |
|    policy_gradient_loss | -0.000762   |
|    std                  | 0.947       |
|    value_loss           | 107         |
-----------------------------------------
Eval num_timesteps=458752, episode_reward=58.55 +/- 131.36
Episode length: 514.70 +/- 172.46
-----------------------------------------
| eval/                   |             |
|    mean_ep_length       | 515         |
|    mean_reward          | 58.6        |
| time/                   |             |
|    total_timesteps      | 458752      |
| train/                  |             |
|    approx_kl            | 0.003700192 |
|    clip_fraction        | 0.0428      |
|    clip_range           | 0.2         |
|    entropy_loss         | -2.7        |
|    explained_variance   | 0.954       |
|    learning_rate        | 0.0003      |
|    loss                 | 32.1        |
|    n_updates            | 108         |
|    policy_gradient_loss | 0.000288    |
|    std                  | 0.933       |
|    value_loss           | 82.8        |
-----------------------------------------
---------------------------------
| rollout/           |          |
|    ep_len_mean     | 712      |
|    ep_rew_mean     | 50.9     |
| time/              |          |
|    fps             | 4156     |
|    iterations      | 28       |
|    time_elapsed    | 110      |
|    total_timesteps | 458752   |
---------------------------------
Eval num_timesteps=491520, episode_reward=122.70 +/- 117.66
Episode length: 430.30 +/- 82.72
------------------------------------------
| eval/                   |              |
|    mean_ep_length       | 430          |
|    mean_reward          | 123          |
| time/                   |              |
|    total_timesteps      | 491520       |
| train/                  |              |
|    approx_kl            | 0.0038579814 |
|    clip_fraction        | 0.0392       |
|    clip_range           | 0.2          |
|    entropy_loss         | -2.68        |
|    explained_variance   | 0.961        |
|    learning_rate        | 0.0003       |
|    loss                 | 30.7         |
|    n_updates            | 116          |
|    policy_gradient_loss | 0.000187     |
|    std                  | 0.923        |
|    value_loss           | 68.6         |
------------------------------------------
Eval num_timesteps=524288, episode_reward=80.35 +/- 140.30
Episode length: 770.20 +/- 186.58
-----------------------------------------
| eval/                   |             |
|    mean_ep_length       | 770         |
|    mean_reward          | 80.4        |
| time/                   |             |
|    total_timesteps      | 524288      |
| train/                  |             |
|    approx_kl            | 0.006090213 |
|    clip_fraction        | 0.056       |
|    clip_range           | 0.2         |
|    entropy_loss         | -2.68       |
|    explained_variance   | 0.963       |
|    learning_rate        | 0.0003      |
|    loss                 | 46          |
|    n_updates            | 124         |
|    policy_gradient_loss | -0.00106    |
|    std                  | 0.923       |
|    value_loss           | 58.8        |
-----------------------------------------
---------------------------------
| rollout/           |          |
|    ep_len_mean     | 749      |
|    ep_rew_mean     | 70.4     |
| time/              |          |
|    fps             | 4079     |
|    iterations      | 32       |
|    time_elapsed    | 128      |
|    total_timesteps | 524288   |
---------------------------------
Eval num_timesteps=557056, episode_reward=17.48 +/- 99.58
Episode length: 948.10 +/- 101.02
------------------------------------------
| eval/                   |              |
|    mean_ep_length       | 948          |
|    mean_reward          | 17.5         |
| time/                   |              |
|    total_timesteps      | 557056       |
| train/                  |              |
|    approx_kl            | 0.0057376656 |
|    clip_fraction        | 0.0558       |
|    clip_range           | 0.2          |
|    entropy_loss         | -2.67        |
|    explained_variance   | 0.96         |
|    learning_rate        | 0.0003       |
|    loss                 | 10.2         |
|    n_updates            | 132          |
|    policy_gradient_loss | 0.000396     |
|    std                  | 0.921        |
|    value_loss           | 50.1         |
------------------------------------------
Eval num_timesteps=589824, episode_reward=-71.79 +/- 21.79
Episode length: 1000.00 +/- 0.00
------------------------------------------
| eval/                   |              |
|    mean_ep_length       | 1e+03        |
|    mean_reward          | -71.8        |
| time/                   |              |
|    total_timesteps      | 589824       |
| train/                  |              |
|    approx_kl            | 0.0042094956 |
|    clip_fraction        | 0.0457       |
|    clip_range           | 0.2          |
|    entropy_loss         | -2.67        |
|    explained_variance   | 0.917        |
|    learning_rate        | 0.0003       |
|    loss                 | 29.4         |
|    n_updates            | 140          |
|    policy_gradient_loss | -0.000813    |
|    std                  | 0.922        |
|    value_loss           | 96.3         |
------------------------------------------
---------------------------------
| rollout/           |          |
|    ep_len_mean     | 878      |
|    ep_rew_mean     | 62.7     |
| time/              |          |
|    fps             | 3953     |
|    iterations      | 36       |
|    time_elapsed    | 149      |
|    total_timesteps | 589824   |
---------------------------------
Eval num_timesteps=622592, episode_reward=-36.36 +/- 73.72
Episode length: 924.40 +/- 184.14
-----------------------------------------
| eval/                   |             |
|    mean_ep_length       | 924         |
|    mean_reward          | -36.4       |
| time/                   |             |
|    total_timesteps      | 622592      |
| train/                  |             |
|    approx_kl            | 0.006506069 |
|    clip_fraction        | 0.0608      |
|    clip_range           | 0.2         |
|    entropy_loss         | -2.66       |
|    explained_variance   | 0.946       |
|    learning_rate        | 0.0003      |
|    loss                 | 32          |
|    n_updates            | 148         |
|    policy_gradient_loss | -6.34e-05   |
|    std                  | 0.917       |
|    value_loss           | 62.9        |
-----------------------------------------
Eval num_timesteps=655360, episode_reward=-33.63 +/- 29.25
Episode length: 1000.00 +/- 0.00
------------------------------------------
| eval/                   |              |
|    mean_ep_length       | 1e+03        |
|    mean_reward          | -33.6        |
| time/                   |              |
|    total_timesteps      | 655360       |
| train/                  |              |
|    approx_kl            | 0.0032101464 |
|    clip_fraction        | 0.041        |
|    clip_range           | 0.2          |
|    entropy_loss         | -2.66        |
|    explained_variance   | 0.942        |
|    learning_rate        | 0.0003       |
|    loss                 | 47.4         |
|    n_updates            | 156          |
|    policy_gradient_loss | 0.000634     |
|    std                  | 0.92         |
|    value_loss           | 61           |
------------------------------------------
---------------------------------
| rollout/           |          |
|    ep_len_mean     | 888      |
|    ep_rew_mean     | 53.3     |
| time/              |          |
|    fps             | 3863     |
|    iterations      | 40       |
|    time_elapsed    | 169      |
|    total_timesteps | 655360   |
---------------------------------
Eval num_timesteps=688128, episode_reward=-26.90 +/- 87.07
Episode length: 983.90 +/- 23.53
------------------------------------------
| eval/                   |              |
|    mean_ep_length       | 984          |
|    mean_reward          | -26.9        |
| time/                   |              |
|    total_timesteps      | 688128       |
| train/                  |              |
|    approx_kl            | 0.0038203227 |
|    clip_fraction        | 0.0316       |
|    clip_range           | 0.2          |
|    entropy_loss         | -2.66        |
|    explained_variance   | 0.958        |
|    learning_rate        | 0.0003       |
|    loss                 | 26.7         |
|    n_updates            | 164          |
|    policy_gradient_loss | 0.000597     |
|    std                  | 0.912        |
|    value_loss           | 38.1         |
------------------------------------------
Eval num_timesteps=720896, episode_reward=154.55 +/- 87.11
Episode length: 670.30 +/- 105.00
------------------------------------------
| eval/                   |              |
|    mean_ep_length       | 670          |
|    mean_reward          | 155          |
| time/                   |              |
|    total_timesteps      | 720896       |
| train/                  |              |
|    approx_kl            | 0.0040114396 |
|    clip_fraction        | 0.0436       |
|    clip_range           | 0.2          |
|    entropy_loss         | -2.63        |
|    explained_variance   | 0.919        |
|    learning_rate        | 0.0003       |
|    loss                 | 57.8         |
|    n_updates            | 172          |
|    policy_gradient_loss | 0.000629     |
|    std                  | 0.901        |
|    value_loss           | 79           |
------------------------------------------
New best mean reward!
---------------------------------
| rollout/           |          |
|    ep_len_mean     | 935      |
|    ep_rew_mean     | 84.2     |
| time/              |          |
|    fps             | 3808     |
|    iterations      | 44       |
|    time_elapsed    | 189      |
|    total_timesteps | 720896   |
---------------------------------
Eval num_timesteps=753664, episode_reward=180.09 +/- 76.78
Episode length: 552.70 +/- 62.81
-----------------------------------------
| eval/                   |             |
|    mean_ep_length       | 553         |
|    mean_reward          | 180         |
| time/                   |             |
|    total_timesteps      | 753664      |
| train/                  |             |
|    approx_kl            | 0.003756777 |
|    clip_fraction        | 0.0285      |
|    clip_range           | 0.2         |
|    entropy_loss         | -2.63       |
|    explained_variance   | 0.921       |
|    learning_rate        | 0.0003      |
|    loss                 | 40.7        |
|    n_updates            | 180         |
|    policy_gradient_loss | 0.000674    |
|    std                  | 0.898       |
|    value_loss           | 98.6        |
-----------------------------------------
New best mean reward!
Eval num_timesteps=786432, episode_reward=98.81 +/- 128.03
Episode length: 545.90 +/- 51.83
-----------------------------------------
| eval/                   |             |
|    mean_ep_length       | 546         |
|    mean_reward          | 98.8        |
| time/                   |             |
|    total_timesteps      | 786432      |
| train/                  |             |
|    approx_kl            | 0.003725658 |
|    clip_fraction        | 0.039       |
|    clip_range           | 0.2         |
|    entropy_loss         | -2.61       |
|    explained_variance   | 0.957       |
|    learning_rate        | 0.0003      |
|    loss                 | 42.4        |
|    n_updates            | 188         |
|    policy_gradient_loss | 0.000197    |
|    std                  | 0.886       |
|    value_loss           | 48.1        |
-----------------------------------------
---------------------------------
| rollout/           |          |
|    ep_len_mean     | 843      |
|    ep_rew_mean     | 94       |
| time/              |          |
|    fps             | 3803     |
|    iterations      | 48       |
|    time_elapsed    | 206      |
|    total_timesteps | 786432   |
---------------------------------
Eval num_timesteps=819200, episode_reward=173.43 +/- 89.06
Episode length: 514.40 +/- 105.40
------------------------------------------
| eval/                   |              |
|    mean_ep_length       | 514          |
|    mean_reward          | 173          |
| time/                   |              |
|    total_timesteps      | 819200       |
| train/                  |              |
|    approx_kl            | 0.0033193491 |
|    clip_fraction        | 0.0217       |
|    clip_range           | 0.2          |
|    entropy_loss         | -2.61        |
|    explained_variance   | 0.831        |
|    learning_rate        | 0.0003       |
|    loss                 | 124          |
|    n_updates            | 196          |
|    policy_gradient_loss | 0.000831     |
|    std                  | 0.894        |
|    value_loss           | 212          |
------------------------------------------
Eval num_timesteps=851968, episode_reward=189.91 +/- 72.24
Episode length: 541.00 +/- 89.54
------------------------------------------
| eval/                   |              |
|    mean_ep_length       | 541          |
|    mean_reward          | 190          |
| time/                   |              |
|    total_timesteps      | 851968       |
| train/                  |              |
|    approx_kl            | 0.0038289856 |
|    clip_fraction        | 0.0439       |
|    clip_range           | 0.2          |
|    entropy_loss         | -2.61        |
|    explained_variance   | 0.918        |
|    learning_rate        | 0.0003       |
|    loss                 | 54.1         |
|    n_updates            | 204          |
|    policy_gradient_loss | 0.000691     |
|    std                  | 0.889        |
|    value_loss           | 75.5         |
------------------------------------------
New best mean reward!
---------------------------------
| rollout/           |          |
|    ep_len_mean     | 736      |
|    ep_rew_mean     | 89.1     |
| time/              |          |
|    fps             | 3804     |
|    iterations      | 52       |
|    time_elapsed    | 223      |
|    total_timesteps | 851968   |
---------------------------------
Eval num_timesteps=884736, episode_reward=139.52 +/- 66.80
Episode length: 852.70 +/- 62.05
------------------------------------------
| eval/                   |              |
|    mean_ep_length       | 853          |
|    mean_reward          | 140          |
| time/                   |              |
|    total_timesteps      | 884736       |
| train/                  |              |
|    approx_kl            | 0.0040243864 |
|    clip_fraction        | 0.0539       |
|    clip_range           | 0.2          |
|    entropy_loss         | -2.59        |
|    explained_variance   | 0.931        |
|    learning_rate        | 0.0003       |
|    loss                 | 33.7         |
|    n_updates            | 212          |
|    policy_gradient_loss | 0.00118      |
|    std                  | 0.879        |
|    value_loss           | 66.1         |
------------------------------------------
Eval num_timesteps=917504, episode_reward=-7.68 +/- 111.80
Episode length: 957.60 +/- 58.74
------------------------------------------
| eval/                   |              |
|    mean_ep_length       | 958          |
|    mean_reward          | -7.68        |
| time/                   |              |
|    total_timesteps      | 917504       |
| train/                  |              |
|    approx_kl            | 0.0062492685 |
|    clip_fraction        | 0.0475       |
|    clip_range           | 0.2          |
|    entropy_loss         | -2.58        |
|    explained_variance   | 0.958        |
|    learning_rate        | 0.0003       |
|    loss                 | 47.2         |
|    n_updates            | 220          |
|    policy_gradient_loss | 0.000497     |
|    std                  | 0.877        |
|    value_loss           | 40           |
------------------------------------------
---------------------------------
| rollout/           |          |
|    ep_len_mean     | 923      |
|    ep_rew_mean     | 109      |
| time/              |          |
|    fps             | 3768     |
|    iterations      | 56       |
|    time_elapsed    | 243      |
|    total_timesteps | 917504   |
---------------------------------
Eval num_timesteps=950272, episode_reward=18.82 +/- 69.78
Episode length: 989.90 +/- 20.23
------------------------------------------
| eval/                   |              |
|    mean_ep_length       | 990          |
|    mean_reward          | 18.8         |
| time/                   |              |
|    total_timesteps      | 950272       |
| train/                  |              |
|    approx_kl            | 0.0064523416 |
|    clip_fraction        | 0.069        |
|    clip_range           | 0.2          |
|    entropy_loss         | -2.56        |
|    explained_variance   | 0.965        |
|    learning_rate        | 0.0003       |
|    loss                 | 3.63         |
|    n_updates            | 228          |
|    policy_gradient_loss | -7.58e-05    |
|    std                  | 0.873        |
|    value_loss           | 27.6         |
------------------------------------------
Eval num_timesteps=983040, episode_reward=148.46 +/- 63.51
Episode length: 716.20 +/- 61.26
-----------------------------------------
| eval/                   |             |
|    mean_ep_length       | 716         |
|    mean_reward          | 148         |
| time/                   |             |
|    total_timesteps      | 983040      |
| train/                  |             |
|    approx_kl            | 0.005317851 |
|    clip_fraction        | 0.0508      |
|    clip_range           | 0.2         |
|    entropy_loss         | -2.55       |
|    explained_variance   | 0.934       |
|    learning_rate        | 0.0003      |
|    loss                 | 19          |
|    n_updates            | 236         |
|    policy_gradient_loss | -0.000118   |
|    std                  | 0.867       |
|    value_loss           | 53.3        |
-----------------------------------------
---------------------------------
| rollout/           |          |
|    ep_len_mean     | 978      |
|    ep_rew_mean     | 98.1     |
| time/              |          |
|    fps             | 3737     |
|    iterations      | 60       |
|    time_elapsed    | 263      |
|    total_timesteps | 983040   |
---------------------------------
Eval num_timesteps=1015808, episode_reward=106.14 +/- 128.14
Episode length: 581.50 +/- 55.37
-----------------------------------------
| eval/                   |             |
|    mean_ep_length       | 582         |
|    mean_reward          | 106         |
| time/                   |             |
|    total_timesteps      | 1015808     |
| train/                  |             |
|    approx_kl            | 0.004635448 |
|    clip_fraction        | 0.0324      |
|    clip_range           | 0.2         |
|    entropy_loss         | -2.54       |
|    explained_variance   | 0.887       |
|    learning_rate        | 0.0003      |
|    loss                 | 21.8        |
|    n_updates            | 244         |
|    policy_gradient_loss | 0.000329    |
|    std                  | 0.864       |
|    value_loss           | 98.8        |
-----------------------------------------
Eval num_timesteps=1048576, episode_reward=114.70 +/- 120.35
Episode length: 635.00 +/- 170.30
------------------------------------------
| eval/                   |              |
|    mean_ep_length       | 635          |
|    mean_reward          | 115          |
| time/                   |              |
|    total_timesteps      | 1048576      |
| train/                  |              |
|    approx_kl            | 0.0052104015 |
|    clip_fraction        | 0.0641       |
|    clip_range           | 0.2          |
|    entropy_loss         | -2.53        |
|    explained_variance   | 0.926        |
|    learning_rate        | 0.0003       |
|    loss                 | 15.2         |
|    n_updates            | 252          |
|    policy_gradient_loss | 0.000662     |
|    std                  | 0.858        |
|    value_loss           | 54.7         |
------------------------------------------
---------------------------------
| rollout/           |          |
|    ep_len_mean     | 864      |
|    ep_rew_mean     | 80.2     |
| time/              |          |
|    fps             | 3728     |
|    iterations      | 64       |
|    time_elapsed    | 281      |
|    total_timesteps | 1048576  |
---------------------------------
Wrapping the env in a DummyVecEnv.
rbf_192 after training: mean_reward=140.17 +/- 108.11

=== Training variant: rbf_actor_mlp_critic_64 ===
/home/leopold/anaconda3/envs/sac_sb3_demo/lib/python3.12/site-packages/pygame/pkgdata.py:25: UserWarning: pkg_resources is deprecated as an API. See https://setuptools.pypa.io/en/latest/pkg_resources.html. The pkg_resources package is slated for removal as early as 2025-11-30. Refrain from using this package or pin to Setuptools<81.
  from pkg_resources import resource_stream, resource_exists
/home/leopold/anaconda3/envs/sac_sb3_demo/lib/python3.12/site-packages/pygame/pkgdata.py:25: UserWarning: pkg_resources is deprecated as an API. See https://setuptools.pypa.io/en/latest/pkg_resources.html. The pkg_resources package is slated for removal as early as 2025-11-30. Refrain from using this package or pin to Setuptools<81.
  from pkg_resources import resource_stream, resource_exists
/home/leopold/anaconda3/envs/sac_sb3_demo/lib/python3.12/site-packages/pygame/pkgdata.py:25: UserWarning: pkg_resources is deprecated as an API. See https://setuptools.pypa.io/en/latest/pkg_resources.html. The pkg_resources package is slated for removal as early as 2025-11-30. Refrain from using this package or pin to Setuptools<81.
  from pkg_resources import resource_stream, resource_exists
/home/leopold/anaconda3/envs/sac_sb3_demo/lib/python3.12/site-packages/pygame/pkgdata.py:25: UserWarning: pkg_resources is deprecated as an API. See https://setuptools.pypa.io/en/latest/pkg_resources.html. The pkg_resources package is slated for removal as early as 2025-11-30. Refrain from using this package or pin to Setuptools<81.
  from pkg_resources import resource_stream, resource_exists
/home/leopold/anaconda3/envs/sac_sb3_demo/lib/python3.12/site-packages/pygame/pkgdata.py:25: UserWarning: pkg_resources is deprecated as an API. See https://setuptools.pypa.io/en/latest/pkg_resources.html. The pkg_resources package is slated for removal as early as 2025-11-30. Refrain from using this package or pin to Setuptools<81.
  from pkg_resources import resource_stream, resource_exists
/home/leopold/anaconda3/envs/sac_sb3_demo/lib/python3.12/site-packages/pygame/pkgdata.py:25: UserWarning: pkg_resources is deprecated as an API. See https://setuptools.pypa.io/en/latest/pkg_resources.html. The pkg_resources package is slated for removal as early as 2025-11-30. Refrain from using this package or pin to Setuptools<81.
  from pkg_resources import resource_stream, resource_exists
/home/leopold/anaconda3/envs/sac_sb3_demo/lib/python3.12/site-packages/pygame/pkgdata.py:25: UserWarning: pkg_resources is deprecated as an API. See https://setuptools.pypa.io/en/latest/pkg_resources.html. The pkg_resources package is slated for removal as early as 2025-11-30. Refrain from using this package or pin to Setuptools<81.
  from pkg_resources import resource_stream, resource_exists
/home/leopold/anaconda3/envs/sac_sb3_demo/lib/python3.12/site-packages/pygame/pkgdata.py:25: UserWarning: pkg_resources is deprecated as an API. See https://setuptools.pypa.io/en/latest/pkg_resources.html. The pkg_resources package is slated for removal as early as 2025-11-30. Refrain from using this package or pin to Setuptools<81.
  from pkg_resources import resource_stream, resource_exists
/home/leopold/anaconda3/envs/sac_sb3_demo/lib/python3.12/site-packages/pygame/pkgdata.py:25: UserWarning: pkg_resources is deprecated as an API. See https://setuptools.pypa.io/en/latest/pkg_resources.html. The pkg_resources package is slated for removal as early as 2025-11-30. Refrain from using this package or pin to Setuptools<81.
  from pkg_resources import resource_stream, resource_exists
/home/leopold/anaconda3/envs/sac_sb3_demo/lib/python3.12/site-packages/pygame/pkgdata.py:25: UserWarning: pkg_resources is deprecated as an API. See https://setuptools.pypa.io/en/latest/pkg_resources.html. The pkg_resources package is slated for removal as early as 2025-11-30. Refrain from using this package or pin to Setuptools<81.
  from pkg_resources import resource_stream, resource_exists
/home/leopold/anaconda3/envs/sac_sb3_demo/lib/python3.12/site-packages/pygame/pkgdata.py:25: UserWarning: pkg_resources is deprecated as an API. See https://setuptools.pypa.io/en/latest/pkg_resources.html. The pkg_resources package is slated for removal as early as 2025-11-30. Refrain from using this package or pin to Setuptools<81.
  from pkg_resources import resource_stream, resource_exists
/home/leopold/anaconda3/envs/sac_sb3_demo/lib/python3.12/site-packages/pygame/pkgdata.py:25: UserWarning: pkg_resources is deprecated as an API. See https://setuptools.pypa.io/en/latest/pkg_resources.html. The pkg_resources package is slated for removal as early as 2025-11-30. Refrain from using this package or pin to Setuptools<81.
  from pkg_resources import resource_stream, resource_exists
/home/leopold/anaconda3/envs/sac_sb3_demo/lib/python3.12/site-packages/pygame/pkgdata.py:25: UserWarning: pkg_resources is deprecated as an API. See https://setuptools.pypa.io/en/latest/pkg_resources.html. The pkg_resources package is slated for removal as early as 2025-11-30. Refrain from using this package or pin to Setuptools<81.
  from pkg_resources import resource_stream, resource_exists
/home/leopold/anaconda3/envs/sac_sb3_demo/lib/python3.12/site-packages/pygame/pkgdata.py:25: UserWarning: pkg_resources is deprecated as an API. See https://setuptools.pypa.io/en/latest/pkg_resources.html. The pkg_resources package is slated for removal as early as 2025-11-30. Refrain from using this package or pin to Setuptools<81.
  from pkg_resources import resource_stream, resource_exists
/home/leopold/anaconda3/envs/sac_sb3_demo/lib/python3.12/site-packages/pygame/pkgdata.py:25: UserWarning: pkg_resources is deprecated as an API. See https://setuptools.pypa.io/en/latest/pkg_resources.html. The pkg_resources package is slated for removal as early as 2025-11-30. Refrain from using this package or pin to Setuptools<81.
  from pkg_resources import resource_stream, resource_exists
/home/leopold/anaconda3/envs/sac_sb3_demo/lib/python3.12/site-packages/pygame/pkgdata.py:25: UserWarning: pkg_resources is deprecated as an API. See https://setuptools.pypa.io/en/latest/pkg_resources.html. The pkg_resources package is slated for removal as early as 2025-11-30. Refrain from using this package or pin to Setuptools<81.
  from pkg_resources import resource_stream, resource_exists
Using cuda device
rbf_actor_mlp_critic_64 before training: mean_reward=-143.62 +/- 83.86
Logging to runs/lunarlander_ppo_rbf/ppo-rbf-20260727_211945-seed123/rbf_act_mlp64_1
/home/leopold/anaconda3/envs/sac_sb3_demo/lib/python3.12/site-packages/stable_baselines3/common/callbacks.py:418: UserWarning: Training and eval env are not of the same type<stable_baselines3.common.vec_env.subproc_vec_env.SubprocVecEnv object at 0x73d0ed067110> != <stable_baselines3.common.vec_env.dummy_vec_env.DummyVecEnv object at 0x73d0ed0f1eb0>
  warnings.warn("Training and eval env are not of the same type" f"{self.training_env} != {self.eval_env}")
Eval num_timesteps=32768, episode_reward=-119.65 +/- 29.02
Episode length: 79.90 +/- 10.73
------------------------------------------
| eval/                   |              |
|    mean_ep_length       | 79.9         |
|    mean_reward          | -120         |
| time/                   |              |
|    total_timesteps      | 32768        |
| train/                  |              |
|    approx_kl            | 0.0023858305 |
|    clip_fraction        | 0.00832      |
|    clip_range           | 0.2          |
|    entropy_loss         | -2.84        |
|    explained_variance   | 0.000822     |
|    learning_rate        | 0.0003       |
|    loss                 | 4.73e+03     |
|    n_updates            | 4            |
|    policy_gradient_loss | -0.00228     |
|    std                  | 1            |
|    value_loss           | 7.4e+03      |
------------------------------------------
New best mean reward!
Eval num_timesteps=65536, episode_reward=-129.39 +/- 57.72
Episode length: 80.80 +/- 10.76
------------------------------------------
| eval/                   |              |
|    mean_ep_length       | 80.8         |
|    mean_reward          | -129         |
| time/                   |              |
|    total_timesteps      | 65536        |
| train/                  |              |
|    approx_kl            | 0.0035237004 |
|    clip_fraction        | 0.021        |
|    clip_range           | 0.2          |
|    entropy_loss         | -2.84        |
|    explained_variance   | 0.000436     |
|    learning_rate        | 0.0003       |
|    loss                 | 1.14e+03     |
|    n_updates            | 12           |
|    policy_gradient_loss | -0.00276     |
|    std                  | 1            |
|    value_loss           | 2.46e+03     |
------------------------------------------
---------------------------------
| rollout/           |          |
|    ep_len_mean     | 113      |
|    ep_rew_mean     | -142     |
| time/              |          |
|    fps             | 5060     |
|    iterations      | 4        |
|    time_elapsed    | 12       |
|    total_timesteps | 65536    |
---------------------------------
Eval num_timesteps=98304, episode_reward=-118.96 +/- 85.99
Episode length: 105.10 +/- 19.50
-----------------------------------------
| eval/                   |             |
|    mean_ep_length       | 105         |
|    mean_reward          | -119        |
| time/                   |             |
|    total_timesteps      | 98304       |
| train/                  |             |
|    approx_kl            | 0.002647563 |
|    clip_fraction        | 0.0218      |
|    clip_range           | 0.2         |
|    entropy_loss         | -2.85       |
|    explained_variance   | -4.88e-05   |
|    learning_rate        | 0.0003      |
|    loss                 | 444         |
|    n_updates            | 20          |
|    policy_gradient_loss | -0.00126    |
|    std                  | 1           |
|    value_loss           | 1.03e+03    |
-----------------------------------------
New best mean reward!
Eval num_timesteps=131072, episode_reward=-109.47 +/- 54.85
Episode length: 88.60 +/- 15.24
------------------------------------------
| eval/                   |              |
|    mean_ep_length       | 88.6         |
|    mean_reward          | -109         |
| time/                   |              |
|    total_timesteps      | 131072       |
| train/                  |              |
|    approx_kl            | 0.0015247422 |
|    clip_fraction        | 0.00186      |
|    clip_range           | 0.2          |
|    entropy_loss         | -2.84        |
|    explained_variance   | -0.0169      |
|    learning_rate        | 0.0003       |
|    loss                 | 231          |
|    n_updates            | 28           |
|    policy_gradient_loss | -0.000656    |
|    std                  | 1.01         |
|    value_loss           | 474          |
------------------------------------------
New best mean reward!
---------------------------------
| rollout/           |          |
|    ep_len_mean     | 118      |
|    ep_rew_mean     | -106     |
| time/              |          |
|    fps             | 4613     |
|    iterations      | 8        |
|    time_elapsed    | 28       |
|    total_timesteps | 131072   |
---------------------------------
Eval num_timesteps=163840, episode_reward=-125.58 +/- 78.03
Episode length: 127.30 +/- 24.21
-----------------------------------------
| eval/                   |             |
|    mean_ep_length       | 127         |
|    mean_reward          | -126        |
| time/                   |             |
|    total_timesteps      | 163840      |
| train/                  |             |
|    approx_kl            | 0.002515433 |
|    clip_fraction        | 0.00946     |
|    clip_range           | 0.2         |
|    entropy_loss         | -2.85       |
|    explained_variance   | 0.281       |
|    learning_rate        | 0.0003      |
|    loss                 | 201         |
|    n_updates            | 36          |
|    policy_gradient_loss | -0.00112    |
|    std                  | 1.01        |
|    value_loss           | 426         |
-----------------------------------------
Eval num_timesteps=196608, episode_reward=-91.14 +/- 65.21
Episode length: 120.00 +/- 25.90
------------------------------------------
| eval/                   |              |
|    mean_ep_length       | 120          |
|    mean_reward          | -91.1        |
| time/                   |              |
|    total_timesteps      | 196608       |
| train/                  |              |
|    approx_kl            | 0.0025053679 |
|    clip_fraction        | 0.0111       |
|    clip_range           | 0.2          |
|    entropy_loss         | -2.85        |
|    explained_variance   | 0.385        |
|    learning_rate        | 0.0003       |
|    loss                 | 161          |
|    n_updates            | 44           |
|    policy_gradient_loss | -0.0013      |
|    std                  | 1            |
|    value_loss           | 436          |
------------------------------------------
New best mean reward!
---------------------------------
| rollout/           |          |
|    ep_len_mean     | 128      |
|    ep_rew_mean     | -72.5    |
| time/              |          |
|    fps             | 4478     |
|    iterations      | 12       |
|    time_elapsed    | 43       |
|    total_timesteps | 196608   |
---------------------------------
Eval num_timesteps=229376, episode_reward=-150.02 +/- 39.73
Episode length: 138.50 +/- 21.99
------------------------------------------
| eval/                   |              |
|    mean_ep_length       | 138          |
|    mean_reward          | -150         |
| time/                   |              |
|    total_timesteps      | 229376       |
| train/                  |              |
|    approx_kl            | 0.0031512848 |
|    clip_fraction        | 0.0315       |
|    clip_range           | 0.2          |
|    entropy_loss         | -2.83        |
|    explained_variance   | 0.411        |
|    learning_rate        | 0.0003       |
|    loss                 | 205          |
|    n_updates            | 52           |
|    policy_gradient_loss | -0.0028      |
|    std                  | 0.999        |
|    value_loss           | 554          |
------------------------------------------
Eval num_timesteps=262144, episode_reward=-137.77 +/- 47.38
Episode length: 197.80 +/- 195.93
------------------------------------------
| eval/                   |              |
|    mean_ep_length       | 198          |
|    mean_reward          | -138         |
| time/                   |              |
|    total_timesteps      | 262144       |
| train/                  |              |
|    approx_kl            | 0.0029131966 |
|    clip_fraction        | 0.0167       |
|    clip_range           | 0.2          |
|    entropy_loss         | -2.81        |
|    explained_variance   | 0.677        |
|    learning_rate        | 0.0003       |
|    loss                 | 121          |
|    n_updates            | 60           |
|    policy_gradient_loss | -0.00198     |
|    std                  | 0.983        |
|    value_loss           | 290          |
------------------------------------------
---------------------------------
| rollout/           |          |
|    ep_len_mean     | 152      |
|    ep_rew_mean     | -39.3    |
| time/              |          |
|    fps             | 4395     |
|    iterations      | 16       |
|    time_elapsed    | 59       |
|    total_timesteps | 262144   |
---------------------------------
Eval num_timesteps=294912, episode_reward=-118.14 +/- 32.28
Episode length: 430.60 +/- 373.47
------------------------------------------
| eval/                   |              |
|    mean_ep_length       | 431          |
|    mean_reward          | -118         |
| time/                   |              |
|    total_timesteps      | 294912       |
| train/                  |              |
|    approx_kl            | 0.0024665827 |
|    clip_fraction        | 0.0142       |
|    clip_range           | 0.2          |
|    entropy_loss         | -2.78        |
|    explained_variance   | 0.837        |
|    learning_rate        | 0.0003       |
|    loss                 | 118          |
|    n_updates            | 68           |
|    policy_gradient_loss | -0.00187     |
|    std                  | 0.972        |
|    value_loss           | 230          |
------------------------------------------
Eval num_timesteps=327680, episode_reward=13.06 +/- 126.17
Episode length: 403.00 +/- 270.48
------------------------------------------
| eval/                   |              |
|    mean_ep_length       | 403          |
|    mean_reward          | 13.1         |
| time/                   |              |
|    total_timesteps      | 327680       |
| train/                  |              |
|    approx_kl            | 0.0037949574 |
|    clip_fraction        | 0.0365       |
|    clip_range           | 0.2          |
|    entropy_loss         | -2.79        |
|    explained_variance   | 0.923        |
|    learning_rate        | 0.0003       |
|    loss                 | 106          |
|    n_updates            | 76           |
|    policy_gradient_loss | -0.00259     |
|    std                  | 0.976        |
|    value_loss           | 154          |
------------------------------------------
New best mean reward!
---------------------------------
| rollout/           |          |
|    ep_len_mean     | 289      |
|    ep_rew_mean     | -11.4    |
| time/              |          |
|    fps             | 4268     |
|    iterations      | 20       |
|    time_elapsed    | 76       |
|    total_timesteps | 327680   |
---------------------------------
Eval num_timesteps=360448, episode_reward=80.51 +/- 165.49
Episode length: 306.40 +/- 99.24
------------------------------------------
| eval/                   |              |
|    mean_ep_length       | 306          |
|    mean_reward          | 80.5         |
| time/                   |              |
|    total_timesteps      | 360448       |
| train/                  |              |
|    approx_kl            | 0.0043537114 |
|    clip_fraction        | 0.0329       |
|    clip_range           | 0.2          |
|    entropy_loss         | -2.76        |
|    explained_variance   | 0.926        |
|    learning_rate        | 0.0003       |
|    loss                 | 278          |
|    n_updates            | 84           |
|    policy_gradient_loss | -0.00176     |
|    std                  | 0.962        |
|    value_loss           | 199          |
------------------------------------------
New best mean reward!
Eval num_timesteps=393216, episode_reward=48.15 +/- 117.33
Episode length: 226.40 +/- 59.51
------------------------------------------
| eval/                   |              |
|    mean_ep_length       | 226          |
|    mean_reward          | 48.1         |
| time/                   |              |
|    total_timesteps      | 393216       |
| train/                  |              |
|    approx_kl            | 0.0046732454 |
|    clip_fraction        | 0.0453       |
|    clip_range           | 0.2          |
|    entropy_loss         | -2.76        |
|    explained_variance   | 0.975        |
|    learning_rate        | 0.0003       |
|    loss                 | 29.4         |
|    n_updates            | 92           |
|    policy_gradient_loss | -0.00355     |
|    std                  | 0.969        |
|    value_loss           | 59.7         |
------------------------------------------
---------------------------------
| rollout/           |          |
|    ep_len_mean     | 220      |
|    ep_rew_mean     | 3.97     |
| time/              |          |
|    fps             | 4222     |
|    iterations      | 24       |
|    time_elapsed    | 93       |
|    total_timesteps | 393216   |
---------------------------------
Eval num_timesteps=425984, episode_reward=90.17 +/- 141.00
Episode length: 236.20 +/- 60.87
-----------------------------------------
| eval/                   |             |
|    mean_ep_length       | 236         |
|    mean_reward          | 90.2        |
| time/                   |             |
|    total_timesteps      | 425984      |
| train/                  |             |
|    approx_kl            | 0.004243804 |
|    clip_fraction        | 0.0355      |
|    clip_range           | 0.2         |
|    entropy_loss         | -2.74       |
|    explained_variance   | 0.973       |
|    learning_rate        | 0.0003      |
|    loss                 | 35.9        |
|    n_updates            | 100         |
|    policy_gradient_loss | -0.00247    |
|    std                  | 0.95        |
|    value_loss           | 66.1        |
-----------------------------------------
New best mean reward!
Eval num_timesteps=458752, episode_reward=56.55 +/- 119.69
Episode length: 295.70 +/- 51.54
------------------------------------------
| eval/                   |              |
|    mean_ep_length       | 296          |
|    mean_reward          | 56.5         |
| time/                   |              |
|    total_timesteps      | 458752       |
| train/                  |              |
|    approx_kl            | 0.0030018524 |
|    clip_fraction        | 0.0262       |
|    clip_range           | 0.2          |
|    entropy_loss         | -2.73        |
|    explained_variance   | 0.981        |
|    learning_rate        | 0.0003       |
|    loss                 | 18.7         |
|    n_updates            | 108          |
|    policy_gradient_loss | -0.00182     |
|    std                  | 0.946        |
|    value_loss           | 51.4         |
------------------------------------------
---------------------------------
| rollout/           |          |
|    ep_len_mean     | 310      |
|    ep_rew_mean     | 26.2     |
| time/              |          |
|    fps             | 4192     |
|    iterations      | 28       |
|    time_elapsed    | 109      |
|    total_timesteps | 458752   |
---------------------------------
Eval num_timesteps=491520, episode_reward=124.83 +/- 124.00
Episode length: 249.90 +/- 56.09
------------------------------------------
| eval/                   |              |
|    mean_ep_length       | 250          |
|    mean_reward          | 125          |
| time/                   |              |
|    total_timesteps      | 491520       |
| train/                  |              |
|    approx_kl            | 0.0042509325 |
|    clip_fraction        | 0.0318       |
|    clip_range           | 0.2          |
|    entropy_loss         | -2.69        |
|    explained_variance   | 0.987        |
|    learning_rate        | 0.0003       |
|    loss                 | 11.5         |
|    n_updates            | 116          |
|    policy_gradient_loss | -0.00129     |
|    std                  | 0.926        |
|    value_loss           | 35.3         |
------------------------------------------
New best mean reward!
Eval num_timesteps=524288, episode_reward=163.73 +/- 115.07
Episode length: 306.50 +/- 42.74
------------------------------------------
| eval/                   |              |
|    mean_ep_length       | 306          |
|    mean_reward          | 164          |
| time/                   |              |
|    total_timesteps      | 524288       |
| train/                  |              |
|    approx_kl            | 0.0033285595 |
|    clip_fraction        | 0.0146       |
|    clip_range           | 0.2          |
|    entropy_loss         | -2.66        |
|    explained_variance   | 0.99         |
|    learning_rate        | 0.0003       |
|    loss                 | 18           |
|    n_updates            | 124          |
|    policy_gradient_loss | -0.00087     |
|    std                  | 0.915        |
|    value_loss           | 31.1         |
------------------------------------------
New best mean reward!
---------------------------------
| rollout/           |          |
|    ep_len_mean     | 368      |
|    ep_rew_mean     | 38.4     |
| time/              |          |
|    fps             | 4164     |
|    iterations      | 32       |
|    time_elapsed    | 125      |
|    total_timesteps | 524288   |
---------------------------------
Eval num_timesteps=557056, episode_reward=163.44 +/- 107.30
Episode length: 334.00 +/- 126.48
-----------------------------------------
| eval/                   |             |
|    mean_ep_length       | 334         |
|    mean_reward          | 163         |
| time/                   |             |
|    total_timesteps      | 557056      |
| train/                  |             |
|    approx_kl            | 0.004758451 |
|    clip_fraction        | 0.044       |
|    clip_range           | 0.2         |
|    entropy_loss         | -2.65       |
|    explained_variance   | 0.986       |
|    learning_rate        | 0.0003      |
|    loss                 | 7.71        |
|    n_updates            | 132         |
|    policy_gradient_loss | -0.00191    |
|    std                  | 0.907       |
|    value_loss           | 29          |
-----------------------------------------
Eval num_timesteps=589824, episode_reward=45.55 +/- 94.55
Episode length: 231.50 +/- 29.21
-----------------------------------------
| eval/                   |             |
|    mean_ep_length       | 232         |
|    mean_reward          | 45.6        |
| time/                   |             |
|    total_timesteps      | 589824      |
| train/                  |             |
|    approx_kl            | 0.003879089 |
|    clip_fraction        | 0.0316      |
|    clip_range           | 0.2         |
|    entropy_loss         | -2.62       |
|    explained_variance   | 0.992       |
|    learning_rate        | 0.0003      |
|    loss                 | 14.1        |
|    n_updates            | 140         |
|    policy_gradient_loss | -0.00177    |
|    std                  | 0.893       |
|    value_loss           | 21          |
-----------------------------------------
---------------------------------
| rollout/           |          |
|    ep_len_mean     | 530      |
|    ep_rew_mean     | 65       |
| time/              |          |
|    fps             | 4142     |
|    iterations      | 36       |
|    time_elapsed    | 142      |
|    total_timesteps | 589824   |
---------------------------------
Eval num_timesteps=622592, episode_reward=179.53 +/- 111.26
Episode length: 320.70 +/- 98.35
------------------------------------------
| eval/                   |              |
|    mean_ep_length       | 321          |
|    mean_reward          | 180          |
| time/                   |              |
|    total_timesteps      | 622592       |
| train/                  |              |
|    approx_kl            | 0.0051587285 |
|    clip_fraction        | 0.0317       |
|    clip_range           | 0.2          |
|    entropy_loss         | -2.59        |
|    explained_variance   | 0.995        |
|    learning_rate        | 0.0003       |
|    loss                 | 2.38         |
|    n_updates            | 148          |
|    policy_gradient_loss | -0.00129     |
|    std                  | 0.877        |
|    value_loss           | 14.4         |
------------------------------------------
New best mean reward!
Eval num_timesteps=655360, episode_reward=236.59 +/- 72.21
Episode length: 328.40 +/- 78.11
------------------------------------------
| eval/                   |              |
|    mean_ep_length       | 328          |
|    mean_reward          | 237          |
| time/                   |              |
|    total_timesteps      | 655360       |
| train/                  |              |
|    approx_kl            | 0.0027000057 |
|    clip_fraction        | 0.0198       |
|    clip_range           | 0.2          |
|    entropy_loss         | -2.55        |
|    explained_variance   | 0.994        |
|    learning_rate        | 0.0003       |
|    loss                 | 7.15         |
|    n_updates            | 156          |
|    policy_gradient_loss | 0.000259     |
|    std                  | 0.862        |
|    value_loss           | 12.6         |
------------------------------------------
New best mean reward!
---------------------------------
| rollout/           |          |
|    ep_len_mean     | 504      |
|    ep_rew_mean     | 78.1     |
| time/              |          |
|    fps             | 4117     |
|    iterations      | 40       |
|    time_elapsed    | 159      |
|    total_timesteps | 655360   |
---------------------------------
Eval num_timesteps=688128, episode_reward=154.28 +/- 140.56
Episode length: 290.90 +/- 47.32
-----------------------------------------
| eval/                   |             |
|    mean_ep_length       | 291         |
|    mean_reward          | 154         |
| time/                   |             |
|    total_timesteps      | 688128      |
| train/                  |             |
|    approx_kl            | 0.004091277 |
|    clip_fraction        | 0.0332      |
|    clip_range           | 0.2         |
|    entropy_loss         | -2.5        |
|    explained_variance   | 0.996       |
|    learning_rate        | 0.0003      |
|    loss                 | 2.32        |
|    n_updates            | 164         |
|    policy_gradient_loss | -0.00102    |
|    std                  | 0.842       |
|    value_loss           | 8.97        |
-----------------------------------------
Eval num_timesteps=720896, episode_reward=201.65 +/- 97.95
Episode length: 352.50 +/- 35.07
------------------------------------------
| eval/                   |              |
|    mean_ep_length       | 352          |
|    mean_reward          | 202          |
| time/                   |              |
|    total_timesteps      | 720896       |
| train/                  |              |
|    approx_kl            | 0.0038221532 |
|    clip_fraction        | 0.0186       |
|    clip_range           | 0.2          |
|    entropy_loss         | -2.47        |
|    explained_variance   | 0.991        |
|    learning_rate        | 0.0003       |
|    loss                 | 4.61         |
|    n_updates            | 172          |
|    policy_gradient_loss | 4.24e-05     |
|    std                  | 0.828        |
|    value_loss           | 15.7         |
------------------------------------------
---------------------------------
| rollout/           |          |
|    ep_len_mean     | 720      |
|    ep_rew_mean     | 105      |
| time/              |          |
|    fps             | 4101     |
|    iterations      | 44       |
|    time_elapsed    | 175      |
|    total_timesteps | 720896   |
---------------------------------
Eval num_timesteps=753664, episode_reward=240.76 +/- 67.05
Episode length: 390.30 +/- 57.52
-----------------------------------------
| eval/                   |             |
|    mean_ep_length       | 390         |
|    mean_reward          | 241         |
| time/                   |             |
|    total_timesteps      | 753664      |
| train/                  |             |
|    approx_kl            | 0.003143552 |
|    clip_fraction        | 0.029       |
|    clip_range           | 0.2         |
|    entropy_loss         | -2.43       |
|    explained_variance   | 0.99        |
|    learning_rate        | 0.0003      |
|    loss                 | 5.01        |
|    n_updates            | 180         |
|    policy_gradient_loss | -0.000821   |
|    std                  | 0.815       |
|    value_loss           | 16.8        |
-----------------------------------------
New best mean reward!
Eval num_timesteps=786432, episode_reward=250.19 +/- 77.82
Episode length: 323.60 +/- 35.48
------------------------------------------
| eval/                   |              |
|    mean_ep_length       | 324          |
|    mean_reward          | 250          |
| time/                   |              |
|    total_timesteps      | 786432       |
| train/                  |              |
|    approx_kl            | 0.0037290384 |
|    clip_fraction        | 0.0206       |
|    clip_range           | 0.2          |
|    entropy_loss         | -2.43        |
|    explained_variance   | 0.987        |
|    learning_rate        | 0.0003       |
|    loss                 | 3.37         |
|    n_updates            | 188          |
|    policy_gradient_loss | -0.000149    |
|    std                  | 0.817        |
|    value_loss           | 21           |
------------------------------------------
New best mean reward!
---------------------------------
| rollout/           |          |
|    ep_len_mean     | 852      |
|    ep_rew_mean     | 119      |
| time/              |          |
|    fps             | 4080     |
|    iterations      | 48       |
|    time_elapsed    | 192      |
|    total_timesteps | 786432   |
---------------------------------
Eval num_timesteps=819200, episode_reward=177.04 +/- 95.84
Episode length: 406.80 +/- 62.70
-----------------------------------------
| eval/                   |             |
|    mean_ep_length       | 407         |
|    mean_reward          | 177         |
| time/                   |             |
|    total_timesteps      | 819200      |
| train/                  |             |
|    approx_kl            | 0.004040913 |
|    clip_fraction        | 0.0299      |
|    clip_range           | 0.2         |
|    entropy_loss         | -2.4        |
|    explained_variance   | 0.993       |
|    learning_rate        | 0.0003      |
|    loss                 | 2.49        |
|    n_updates            | 196         |
|    policy_gradient_loss | -0.000418   |
|    std                  | 0.806       |
|    value_loss           | 11.7        |
-----------------------------------------
Eval num_timesteps=851968, episode_reward=220.42 +/- 61.67
Episode length: 357.70 +/- 31.78
------------------------------------------
| eval/                   |              |
|    mean_ep_length       | 358          |
|    mean_reward          | 220          |
| time/                   |              |
|    total_timesteps      | 851968       |
| train/                  |              |
|    approx_kl            | 0.0043128533 |
|    clip_fraction        | 0.0418       |
|    clip_range           | 0.2          |
|    entropy_loss         | -2.39        |
|    explained_variance   | 0.995        |
|    learning_rate        | 0.0003       |
|    loss                 | 3.21         |
|    n_updates            | 204          |
|    policy_gradient_loss | -0.00136     |
|    std                  | 0.799        |
|    value_loss           | 7.28         |
------------------------------------------
---------------------------------
| rollout/           |          |
|    ep_len_mean     | 886      |
|    ep_rew_mean     | 127      |
| time/              |          |
|    fps             | 4066     |
|    iterations      | 52       |
|    time_elapsed    | 209      |
|    total_timesteps | 851968   |
---------------------------------
Eval num_timesteps=884736, episode_reward=231.77 +/- 71.33
Episode length: 308.10 +/- 24.28
------------------------------------------
| eval/                   |              |
|    mean_ep_length       | 308          |
|    mean_reward          | 232          |
| time/                   |              |
|    total_timesteps      | 884736       |
| train/                  |              |
|    approx_kl            | 0.0031081752 |
|    clip_fraction        | 0.0183       |
|    clip_range           | 0.2          |
|    entropy_loss         | -2.38        |
|    explained_variance   | 0.989        |
|    learning_rate        | 0.0003       |
|    loss                 | 1.73         |
|    n_updates            | 212          |
|    policy_gradient_loss | 0.00028      |
|    std                  | 0.798        |
|    value_loss           | 19.1         |
------------------------------------------
Eval num_timesteps=917504, episode_reward=248.89 +/- 62.97
Episode length: 298.80 +/- 30.82
------------------------------------------
| eval/                   |              |
|    mean_ep_length       | 299          |
|    mean_reward          | 249          |
| time/                   |              |
|    total_timesteps      | 917504       |
| train/                  |              |
|    approx_kl            | 0.0027448512 |
|    clip_fraction        | 0.0238       |
|    clip_range           | 0.2          |
|    entropy_loss         | -2.39        |
|    explained_variance   | 0.982        |
|    learning_rate        | 0.0003       |
|    loss                 | 28.2         |
|    n_updates            | 220          |
|    policy_gradient_loss | -0.000947    |
|    std                  | 0.8          |
|    value_loss           | 25.1         |
------------------------------------------
---------------------------------
| rollout/           |          |
|    ep_len_mean     | 862      |
|    ep_rew_mean     | 130      |
| time/              |          |
|    fps             | 4055     |
|    iterations      | 56       |
|    time_elapsed    | 226      |
|    total_timesteps | 917504   |
---------------------------------
Eval num_timesteps=950272, episode_reward=252.46 +/- 25.61
Episode length: 291.20 +/- 18.45
------------------------------------------
| eval/                   |              |
|    mean_ep_length       | 291          |
|    mean_reward          | 252          |
| time/                   |              |
|    total_timesteps      | 950272       |
| train/                  |              |
|    approx_kl            | 0.0042145066 |
|    clip_fraction        | 0.0307       |
|    clip_range           | 0.2          |
|    entropy_loss         | -2.37        |
|    explained_variance   | 0.982        |
|    learning_rate        | 0.0003       |
|    loss                 | 26.6         |
|    n_updates            | 228          |
|    policy_gradient_loss | -0.000772    |
|    std                  | 0.792        |
|    value_loss           | 28.3         |
------------------------------------------
New best mean reward!
Eval num_timesteps=983040, episode_reward=212.96 +/- 94.63
Episode length: 318.20 +/- 77.38
------------------------------------------
| eval/                   |              |
|    mean_ep_length       | 318          |
|    mean_reward          | 213          |
| time/                   |              |
|    total_timesteps      | 983040       |
| train/                  |              |
|    approx_kl            | 0.0048517203 |
|    clip_fraction        | 0.0222       |
|    clip_range           | 0.2          |
|    entropy_loss         | -2.38        |
|    explained_variance   | 0.985        |
|    learning_rate        | 0.0003       |
|    loss                 | 3.04         |
|    n_updates            | 236          |
|    policy_gradient_loss | 0.000202     |
|    std                  | 0.796        |
|    value_loss           | 29.6         |
------------------------------------------
---------------------------------
| rollout/           |          |
|    ep_len_mean     | 860      |
|    ep_rew_mean     | 137      |
| time/              |          |
|    fps             | 4049     |
|    iterations      | 60       |
|    time_elapsed    | 242      |
|    total_timesteps | 983040   |
---------------------------------
Eval num_timesteps=1015808, episode_reward=261.93 +/- 25.47
Episode length: 310.90 +/- 39.69
------------------------------------------
| eval/                   |              |
|    mean_ep_length       | 311          |
|    mean_reward          | 262          |
| time/                   |              |
|    total_timesteps      | 1015808      |
| train/                  |              |
|    approx_kl            | 0.0029919122 |
|    clip_fraction        | 0.024        |
|    clip_range           | 0.2          |
|    entropy_loss         | -2.38        |
|    explained_variance   | 0.993        |
|    learning_rate        | 0.0003       |
|    loss                 | 2.63         |
|    n_updates            | 244          |
|    policy_gradient_loss | -0.000263    |
|    std                  | 0.796        |
|    value_loss           | 11.8         |
------------------------------------------
New best mean reward!
Eval num_timesteps=1048576, episode_reward=169.16 +/- 114.93
Episode length: 362.70 +/- 65.58
------------------------------------------
| eval/                   |              |
|    mean_ep_length       | 363          |
|    mean_reward          | 169          |
| time/                   |              |
|    total_timesteps      | 1048576      |
| train/                  |              |
|    approx_kl            | 0.0036083977 |
|    clip_fraction        | 0.0331       |
|    clip_range           | 0.2          |
|    entropy_loss         | -2.37        |
|    explained_variance   | 0.989        |
|    learning_rate        | 0.0003       |
|    loss                 | 1.72         |
|    n_updates            | 252          |
|    policy_gradient_loss | -0.000262    |
|    std                  | 0.792        |
|    value_loss           | 17.5         |
------------------------------------------
---------------------------------
| rollout/           |          |
|    ep_len_mean     | 860      |
|    ep_rew_mean     | 141      |
| time/              |          |
|    fps             | 4048     |
|    iterations      | 64       |
|    time_elapsed    | 258      |
|    total_timesteps | 1048576  |
---------------------------------
Wrapping the env in a DummyVecEnv.
rbf_actor_mlp_critic_64 after training: mean_reward=201.31 +/- 74.36

=== Training variant: rbf_actor_mlp_critic_192 ===
/home/leopold/anaconda3/envs/sac_sb3_demo/lib/python3.12/site-packages/pygame/pkgdata.py:25: UserWarning: pkg_resources is deprecated as an API. See https://setuptools.pypa.io/en/latest/pkg_resources.html. The pkg_resources package is slated for removal as early as 2025-11-30. Refrain from using this package or pin to Setuptools<81.
  from pkg_resources import resource_stream, resource_exists
/home/leopold/anaconda3/envs/sac_sb3_demo/lib/python3.12/site-packages/pygame/pkgdata.py:25: UserWarning: pkg_resources is deprecated as an API. See https://setuptools.pypa.io/en/latest/pkg_resources.html. The pkg_resources package is slated for removal as early as 2025-11-30. Refrain from using this package or pin to Setuptools<81.
  from pkg_resources import resource_stream, resource_exists
/home/leopold/anaconda3/envs/sac_sb3_demo/lib/python3.12/site-packages/pygame/pkgdata.py:25: UserWarning: pkg_resources is deprecated as an API. See https://setuptools.pypa.io/en/latest/pkg_resources.html. The pkg_resources package is slated for removal as early as 2025-11-30. Refrain from using this package or pin to Setuptools<81.
  from pkg_resources import resource_stream, resource_exists
/home/leopold/anaconda3/envs/sac_sb3_demo/lib/python3.12/site-packages/pygame/pkgdata.py:25: UserWarning: pkg_resources is deprecated as an API. See https://setuptools.pypa.io/en/latest/pkg_resources.html. The pkg_resources package is slated for removal as early as 2025-11-30. Refrain from using this package or pin to Setuptools<81.
  from pkg_resources import resource_stream, resource_exists
/home/leopold/anaconda3/envs/sac_sb3_demo/lib/python3.12/site-packages/pygame/pkgdata.py:25: UserWarning: pkg_resources is deprecated as an API. See https://setuptools.pypa.io/en/latest/pkg_resources.html. The pkg_resources package is slated for removal as early as 2025-11-30. Refrain from using this package or pin to Setuptools<81.
  from pkg_resources import resource_stream, resource_exists
/home/leopold/anaconda3/envs/sac_sb3_demo/lib/python3.12/site-packages/pygame/pkgdata.py:25: UserWarning: pkg_resources is deprecated as an API. See https://setuptools.pypa.io/en/latest/pkg_resources.html. The pkg_resources package is slated for removal as early as 2025-11-30. Refrain from using this package or pin to Setuptools<81.
  from pkg_resources import resource_stream, resource_exists
/home/leopold/anaconda3/envs/sac_sb3_demo/lib/python3.12/site-packages/pygame/pkgdata.py:25: UserWarning: pkg_resources is deprecated as an API. See https://setuptools.pypa.io/en/latest/pkg_resources.html. The pkg_resources package is slated for removal as early as 2025-11-30. Refrain from using this package or pin to Setuptools<81.
  from pkg_resources import resource_stream, resource_exists
/home/leopold/anaconda3/envs/sac_sb3_demo/lib/python3.12/site-packages/pygame/pkgdata.py:25: UserWarning: pkg_resources is deprecated as an API. See https://setuptools.pypa.io/en/latest/pkg_resources.html. The pkg_resources package is slated for removal as early as 2025-11-30. Refrain from using this package or pin to Setuptools<81.
  from pkg_resources import resource_stream, resource_exists
/home/leopold/anaconda3/envs/sac_sb3_demo/lib/python3.12/site-packages/pygame/pkgdata.py:25: UserWarning: pkg_resources is deprecated as an API. See https://setuptools.pypa.io/en/latest/pkg_resources.html. The pkg_resources package is slated for removal as early as 2025-11-30. Refrain from using this package or pin to Setuptools<81.
  from pkg_resources import resource_stream, resource_exists
/home/leopold/anaconda3/envs/sac_sb3_demo/lib/python3.12/site-packages/pygame/pkgdata.py:25: UserWarning: pkg_resources is deprecated as an API. See https://setuptools.pypa.io/en/latest/pkg_resources.html. The pkg_resources package is slated for removal as early as 2025-11-30. Refrain from using this package or pin to Setuptools<81.
  from pkg_resources import resource_stream, resource_exists
/home/leopold/anaconda3/envs/sac_sb3_demo/lib/python3.12/site-packages/pygame/pkgdata.py:25: UserWarning: pkg_resources is deprecated as an API. See https://setuptools.pypa.io/en/latest/pkg_resources.html. The pkg_resources package is slated for removal as early as 2025-11-30. Refrain from using this package or pin to Setuptools<81.
  from pkg_resources import resource_stream, resource_exists
/home/leopold/anaconda3/envs/sac_sb3_demo/lib/python3.12/site-packages/pygame/pkgdata.py:25: UserWarning: pkg_resources is deprecated as an API. See https://setuptools.pypa.io/en/latest/pkg_resources.html. The pkg_resources package is slated for removal as early as 2025-11-30. Refrain from using this package or pin to Setuptools<81.
  from pkg_resources import resource_stream, resource_exists
/home/leopold/anaconda3/envs/sac_sb3_demo/lib/python3.12/site-packages/pygame/pkgdata.py:25: UserWarning: pkg_resources is deprecated as an API. See https://setuptools.pypa.io/en/latest/pkg_resources.html. The pkg_resources package is slated for removal as early as 2025-11-30. Refrain from using this package or pin to Setuptools<81.
  from pkg_resources import resource_stream, resource_exists
/home/leopold/anaconda3/envs/sac_sb3_demo/lib/python3.12/site-packages/pygame/pkgdata.py:25: UserWarning: pkg_resources is deprecated as an API. See https://setuptools.pypa.io/en/latest/pkg_resources.html. The pkg_resources package is slated for removal as early as 2025-11-30. Refrain from using this package or pin to Setuptools<81.
  from pkg_resources import resource_stream, resource_exists
/home/leopold/anaconda3/envs/sac_sb3_demo/lib/python3.12/site-packages/pygame/pkgdata.py:25: UserWarning: pkg_resources is deprecated as an API. See https://setuptools.pypa.io/en/latest/pkg_resources.html. The pkg_resources package is slated for removal as early as 2025-11-30. Refrain from using this package or pin to Setuptools<81.
  from pkg_resources import resource_stream, resource_exists
/home/leopold/anaconda3/envs/sac_sb3_demo/lib/python3.12/site-packages/pygame/pkgdata.py:25: UserWarning: pkg_resources is deprecated as an API. See https://setuptools.pypa.io/en/latest/pkg_resources.html. The pkg_resources package is slated for removal as early as 2025-11-30. Refrain from using this package or pin to Setuptools<81.
  from pkg_resources import resource_stream, resource_exists
Using cuda device
rbf_actor_mlp_critic_192 before training: mean_reward=-179.39 +/- 122.86
Logging to runs/lunarlander_ppo_rbf/ppo-rbf-20260727_211945-seed123/rbf_act_mlp192_1
/home/leopold/anaconda3/envs/sac_sb3_demo/lib/python3.12/site-packages/stable_baselines3/common/callbacks.py:418: UserWarning: Training and eval env are not of the same type<stable_baselines3.common.vec_env.subproc_vec_env.SubprocVecEnv object at 0x73d0ed2239e0> != <stable_baselines3.common.vec_env.dummy_vec_env.DummyVecEnv object at 0x73d0ed093da0>
  warnings.warn("Training and eval env are not of the same type" f"{self.training_env} != {self.eval_env}")
Eval num_timesteps=32768, episode_reward=-108.26 +/- 126.71
Episode length: 93.70 +/- 16.37
-----------------------------------------
| eval/                   |             |
|    mean_ep_length       | 93.7        |
|    mean_reward          | -108        |
| time/                   |             |
|    total_timesteps      | 32768       |
| train/                  |             |
|    approx_kl            | 0.005351971 |
|    clip_fraction        | 0.0439      |
|    clip_range           | 0.2         |
|    entropy_loss         | -2.83       |
|    explained_variance   | -0.000447   |
|    learning_rate        | 0.0003      |
|    loss                 | 3.84e+03    |
|    n_updates            | 4           |
|    policy_gradient_loss | -0.00384    |
|    std                  | 1           |
|    value_loss           | 7.05e+03    |
-----------------------------------------
New best mean reward!
Eval num_timesteps=65536, episode_reward=-71.55 +/- 121.16
Episode length: 90.40 +/- 36.89
-----------------------------------------
| eval/                   |             |
|    mean_ep_length       | 90.4        |
|    mean_reward          | -71.6       |
| time/                   |             |
|    total_timesteps      | 65536       |
| train/                  |             |
|    approx_kl            | 0.005784811 |
|    clip_fraction        | 0.0494      |
|    clip_range           | 0.2         |
|    entropy_loss         | -2.85       |
|    explained_variance   | 0.002       |
|    learning_rate        | 0.0003      |
|    loss                 | 804         |
|    n_updates            | 12          |
|    policy_gradient_loss | -0.00294    |
|    std                  | 1.01        |
|    value_loss           | 1.84e+03    |
-----------------------------------------
New best mean reward!
---------------------------------
| rollout/           |          |
|    ep_len_mean     | 121      |
|    ep_rew_mean     | -114     |
| time/              |          |
|    fps             | 5020     |
|    iterations      | 4        |
|    time_elapsed    | 13       |
|    total_timesteps | 65536    |
---------------------------------
Eval num_timesteps=98304, episode_reward=-76.33 +/- 40.13
Episode length: 76.30 +/- 9.66
-----------------------------------------
| eval/                   |             |
|    mean_ep_length       | 76.3        |
|    mean_reward          | -76.3       |
| time/                   |             |
|    total_timesteps      | 98304       |
| train/                  |             |
|    approx_kl            | 0.006513497 |
|    clip_fraction        | 0.0974      |
|    clip_range           | 0.2         |
|    entropy_loss         | -2.83       |
|    explained_variance   | -0.001      |
|    learning_rate        | 0.0003      |
|    loss                 | 488         |
|    n_updates            | 20          |
|    policy_gradient_loss | -0.00242    |
|    std                  | 1           |
|    value_loss           | 1.01e+03    |
-----------------------------------------
Eval num_timesteps=131072, episode_reward=-104.28 +/- 79.21
Episode length: 132.10 +/- 110.67
-----------------------------------------
| eval/                   |             |
|    mean_ep_length       | 132         |
|    mean_reward          | -104        |
| time/                   |             |
|    total_timesteps      | 131072      |
| train/                  |             |
|    approx_kl            | 0.007593683 |
|    clip_fraction        | 0.0797      |
|    clip_range           | 0.2         |
|    entropy_loss         | -2.85       |
|    explained_variance   | 0.000402    |
|    learning_rate        | 0.0003      |
|    loss                 | 204         |
|    n_updates            | 28          |
|    policy_gradient_loss | -0.00486    |
|    std                  | 1           |
|    value_loss           | 498         |
-----------------------------------------
---------------------------------
| rollout/           |          |
|    ep_len_mean     | 142      |
|    ep_rew_mean     | -60.7    |
| time/              |          |
|    fps             | 4749     |
|    iterations      | 8        |
|    time_elapsed    | 27       |
|    total_timesteps | 131072   |
---------------------------------
Eval num_timesteps=163840, episode_reward=-60.72 +/- 54.40
Episode length: 105.30 +/- 11.73
------------------------------------------
| eval/                   |              |
|    mean_ep_length       | 105          |
|    mean_reward          | -60.7        |
| time/                   |              |
|    total_timesteps      | 163840       |
| train/                  |              |
|    approx_kl            | 0.0074176383 |
|    clip_fraction        | 0.0797       |
|    clip_range           | 0.2          |
|    entropy_loss         | -2.83        |
|    explained_variance   | -0.00692     |
|    learning_rate        | 0.0003       |
|    loss                 | 313          |
|    n_updates            | 36           |
|    policy_gradient_loss | -0.00228     |
|    std                  | 0.993        |
|    value_loss           | 548          |
------------------------------------------
New best mean reward!
Eval num_timesteps=196608, episode_reward=-176.80 +/- 21.20
Episode length: 243.00 +/- 112.35
------------------------------------------
| eval/                   |              |
|    mean_ep_length       | 243          |
|    mean_reward          | -177         |
| time/                   |              |
|    total_timesteps      | 196608       |
| train/                  |              |
|    approx_kl            | 0.0061092866 |
|    clip_fraction        | 0.0632       |
|    clip_range           | 0.2          |
|    entropy_loss         | -2.8         |
|    explained_variance   | -0.000359    |
|    learning_rate        | 0.0003       |
|    loss                 | 339          |
|    n_updates            | 44           |
|    policy_gradient_loss | -0.00172     |
|    std                  | 0.983        |
|    value_loss           | 614          |
------------------------------------------
---------------------------------
| rollout/           |          |
|    ep_len_mean     | 181      |
|    ep_rew_mean     | -46.3    |
| time/              |          |
|    fps             | 4562     |
|    iterations      | 12       |
|    time_elapsed    | 43       |
|    total_timesteps | 196608   |
---------------------------------
Eval num_timesteps=229376, episode_reward=-141.78 +/- 48.41
Episode length: 144.60 +/- 31.60
-----------------------------------------
| eval/                   |             |
|    mean_ep_length       | 145         |
|    mean_reward          | -142        |
| time/                   |             |
|    total_timesteps      | 229376      |
| train/                  |             |
|    approx_kl            | 0.007212272 |
|    clip_fraction        | 0.0718      |
|    clip_range           | 0.2         |
|    entropy_loss         | -2.81       |
|    explained_variance   | -2.31e-05   |
|    learning_rate        | 0.0003      |
|    loss                 | 389         |
|    n_updates            | 52          |
|    policy_gradient_loss | -0.000267   |
|    std                  | 0.992       |
|    value_loss           | 704         |
-----------------------------------------
Eval num_timesteps=262144, episode_reward=-23.66 +/- 144.89
Episode length: 155.90 +/- 84.23
------------------------------------------
| eval/                   |              |
|    mean_ep_length       | 156          |
|    mean_reward          | -23.7        |
| time/                   |              |
|    total_timesteps      | 262144       |
| train/                  |              |
|    approx_kl            | 0.0061318194 |
|    clip_fraction        | 0.0663       |
|    clip_range           | 0.2          |
|    entropy_loss         | -2.82        |
|    explained_variance   | -5.39e-05    |
|    learning_rate        | 0.0003       |
|    loss                 | 494          |
|    n_updates            | 60           |
|    policy_gradient_loss | -0.000904    |
|    std                  | 0.991        |
|    value_loss           | 811          |
------------------------------------------
New best mean reward!
---------------------------------
| rollout/           |          |
|    ep_len_mean     | 194      |
|    ep_rew_mean     | -26.8    |
| time/              |          |
|    fps             | 4505     |
|    iterations      | 16       |
|    time_elapsed    | 58       |
|    total_timesteps | 262144   |
---------------------------------
Eval num_timesteps=294912, episode_reward=-111.34 +/- 29.78
Episode length: 167.20 +/- 54.32
------------------------------------------
| eval/                   |              |
|    mean_ep_length       | 167          |
|    mean_reward          | -111         |
| time/                   |              |
|    total_timesteps      | 294912       |
| train/                  |              |
|    approx_kl            | 0.0052974233 |
|    clip_fraction        | 0.0687       |
|    clip_range           | 0.2          |
|    entropy_loss         | -2.79        |
|    explained_variance   | 1.78e-05     |
|    learning_rate        | 0.0003       |
|    loss                 | 283          |
|    n_updates            | 68           |
|    policy_gradient_loss | 5.01e-05     |
|    std                  | 0.98         |
|    value_loss           | 581          |
------------------------------------------
Eval num_timesteps=327680, episode_reward=-47.99 +/- 122.45
Episode length: 348.30 +/- 261.06
-----------------------------------------
| eval/                   |             |
|    mean_ep_length       | 348         |
|    mean_reward          | -48         |
| time/                   |             |
|    total_timesteps      | 327680      |
| train/                  |             |
|    approx_kl            | 0.003649357 |
|    clip_fraction        | 0.0486      |
|    clip_range           | 0.2         |
|    entropy_loss         | -2.81       |
|    explained_variance   | 0.000439    |
|    learning_rate        | 0.0003      |
|    loss                 | 219         |
|    n_updates            | 76          |
|    policy_gradient_loss | -4.35e-05   |
|    std                  | 0.984       |
|    value_loss           | 463         |
-----------------------------------------
---------------------------------
| rollout/           |          |
|    ep_len_mean     | 391      |
|    ep_rew_mean     | -0.97    |
| time/              |          |
|    fps             | 4436     |
|    iterations      | 20       |
|    time_elapsed    | 73       |
|    total_timesteps | 327680   |
---------------------------------
Eval num_timesteps=360448, episode_reward=-76.66 +/- 20.34
Episode length: 148.60 +/- 24.49
------------------------------------------
| eval/                   |              |
|    mean_ep_length       | 149          |
|    mean_reward          | -76.7        |
| time/                   |              |
|    total_timesteps      | 360448       |
| train/                  |              |
|    approx_kl            | 0.0021533594 |
|    clip_fraction        | 0.0135       |
|    clip_range           | 0.2          |
|    entropy_loss         | -2.79        |
|    explained_variance   | 0.351        |
|    learning_rate        | 0.0003       |
|    loss                 | 164          |
|    n_updates            | 84           |
|    policy_gradient_loss | -7.45e-05    |
|    std                  | 0.976        |
|    value_loss           | 274          |
------------------------------------------
Eval num_timesteps=393216, episode_reward=31.87 +/- 131.35
Episode length: 162.90 +/- 50.45
------------------------------------------
| eval/                   |              |
|    mean_ep_length       | 163          |
|    mean_reward          | 31.9         |
| time/                   |              |
|    total_timesteps      | 393216       |
| train/                  |              |
|    approx_kl            | 0.0034727715 |
|    clip_fraction        | 0.0342       |
|    clip_range           | 0.2          |
|    entropy_loss         | -2.79        |
|    explained_variance   | 0.757        |
|    learning_rate        | 0.0003       |
|    loss                 | 127          |
|    n_updates            | 92           |
|    policy_gradient_loss | -0.00194     |
|    std                  | 0.976        |
|    value_loss           | 239          |
------------------------------------------
New best mean reward!
---------------------------------
| rollout/           |          |
|    ep_len_mean     | 160      |
|    ep_rew_mean     | -1.51    |
| time/              |          |
|    fps             | 4425     |
|    iterations      | 24       |
|    time_elapsed    | 88       |
|    total_timesteps | 393216   |
---------------------------------
Eval num_timesteps=425984, episode_reward=23.60 +/- 141.85
Episode length: 221.10 +/- 78.03
-----------------------------------------
| eval/                   |             |
|    mean_ep_length       | 221         |
|    mean_reward          | 23.6        |
| time/                   |             |
|    total_timesteps      | 425984      |
| train/                  |             |
|    approx_kl            | 0.004409627 |
|    clip_fraction        | 0.0478      |
|    clip_range           | 0.2         |
|    entropy_loss         | -2.76       |
|    explained_variance   | 0.798       |
|    learning_rate        | 0.0003      |
|    loss                 | 65.2        |
|    n_updates            | 100         |
|    policy_gradient_loss | -0.00236    |
|    std                  | 0.958       |
|    value_loss           | 236         |
-----------------------------------------
Eval num_timesteps=458752, episode_reward=-17.42 +/- 69.76
Episode length: 185.00 +/- 63.89
-----------------------------------------
| eval/                   |             |
|    mean_ep_length       | 185         |
|    mean_reward          | -17.4       |
| time/                   |             |
|    total_timesteps      | 458752      |
| train/                  |             |
|    approx_kl            | 0.006072742 |
|    clip_fraction        | 0.0604      |
|    clip_range           | 0.2         |
|    entropy_loss         | -2.75       |
|    explained_variance   | 0.903       |
|    learning_rate        | 0.0003      |
|    loss                 | 60.9        |
|    n_updates            | 108         |
|    policy_gradient_loss | -0.00127    |
|    std                  | 0.96        |
|    value_loss           | 105         |
-----------------------------------------
---------------------------------
| rollout/           |          |
|    ep_len_mean     | 346      |
|    ep_rew_mean     | 23.8     |
| time/              |          |
|    fps             | 4398     |
|    iterations      | 28       |
|    time_elapsed    | 104      |
|    total_timesteps | 458752   |
---------------------------------
Eval num_timesteps=491520, episode_reward=73.36 +/- 116.06
Episode length: 223.50 +/- 82.15
------------------------------------------
| eval/                   |              |
|    mean_ep_length       | 224          |
|    mean_reward          | 73.4         |
| time/                   |              |
|    total_timesteps      | 491520       |
| train/                  |              |
|    approx_kl            | 0.0045461766 |
|    clip_fraction        | 0.0494       |
|    clip_range           | 0.2          |
|    entropy_loss         | -2.73        |
|    explained_variance   | 0.921        |
|    learning_rate        | 0.0003       |
|    loss                 | 46.8         |
|    n_updates            | 116          |
|    policy_gradient_loss | 6.51e-05     |
|    std                  | 0.943        |
|    value_loss           | 107          |
------------------------------------------
New best mean reward!
Eval num_timesteps=524288, episode_reward=-2.30 +/- 145.61
Episode length: 265.90 +/- 67.77
-----------------------------------------
| eval/                   |             |
|    mean_ep_length       | 266         |
|    mean_reward          | -2.3        |
| time/                   |             |
|    total_timesteps      | 524288      |
| train/                  |             |
|    approx_kl            | 0.004493936 |
|    clip_fraction        | 0.0374      |
|    clip_range           | 0.2         |
|    entropy_loss         | -2.71       |
|    explained_variance   | 0.947       |
|    learning_rate        | 0.0003      |
|    loss                 | 14.6        |
|    n_updates            | 124         |
|    policy_gradient_loss | -0.000966   |
|    std                  | 0.938       |
|    value_loss           | 75.2        |
-----------------------------------------
---------------------------------
| rollout/           |          |
|    ep_len_mean     | 492      |
|    ep_rew_mean     | 46.1     |
| time/              |          |
|    fps             | 4369     |
|    iterations      | 32       |
|    time_elapsed    | 119      |
|    total_timesteps | 524288   |
---------------------------------
Eval num_timesteps=557056, episode_reward=129.63 +/- 116.16
Episode length: 292.50 +/- 80.22
------------------------------------------
| eval/                   |              |
|    mean_ep_length       | 292          |
|    mean_reward          | 130          |
| time/                   |              |
|    total_timesteps      | 557056       |
| train/                  |              |
|    approx_kl            | 0.0050638295 |
|    clip_fraction        | 0.051        |
|    clip_range           | 0.2          |
|    entropy_loss         | -2.69        |
|    explained_variance   | 0.905        |
|    learning_rate        | 0.0003       |
|    loss                 | 41.6         |
|    n_updates            | 132          |
|    policy_gradient_loss | -0.000214    |
|    std                  | 0.929        |
|    value_loss           | 106          |
------------------------------------------
New best mean reward!
Eval num_timesteps=589824, episode_reward=110.32 +/- 152.10
Episode length: 290.40 +/- 50.94
-----------------------------------------
| eval/                   |             |
|    mean_ep_length       | 290         |
|    mean_reward          | 110         |
| time/                   |             |
|    total_timesteps      | 589824      |
| train/                  |             |
|    approx_kl            | 0.004549347 |
|    clip_fraction        | 0.0569      |
|    clip_range           | 0.2         |
|    entropy_loss         | -2.68       |
|    explained_variance   | 0.968       |
|    learning_rate        | 0.0003      |
|    loss                 | 12.7        |
|    n_updates            | 140         |
|    policy_gradient_loss | -0.00111    |
|    std                  | 0.917       |
|    value_loss           | 41.7        |
-----------------------------------------
---------------------------------
| rollout/           |          |
|    ep_len_mean     | 734      |
|    ep_rew_mean     | 47.7     |
| time/              |          |
|    fps             | 4327     |
|    iterations      | 36       |
|    time_elapsed    | 136      |
|    total_timesteps | 589824   |
---------------------------------
Eval num_timesteps=622592, episode_reward=61.75 +/- 171.84
Episode length: 414.60 +/- 74.56
-----------------------------------------
| eval/                   |             |
|    mean_ep_length       | 415         |
|    mean_reward          | 61.8        |
| time/                   |             |
|    total_timesteps      | 622592      |
| train/                  |             |
|    approx_kl            | 0.006508752 |
|    clip_fraction        | 0.0582      |
|    clip_range           | 0.2         |
|    entropy_loss         | -2.65       |
|    explained_variance   | 0.922       |
|    learning_rate        | 0.0003      |
|    loss                 | 70.8        |
|    n_updates            | 148         |
|    policy_gradient_loss | -0.000904   |
|    std                  | 0.913       |
|    value_loss           | 97.5        |
-----------------------------------------
Eval num_timesteps=655360, episode_reward=78.48 +/- 145.53
Episode length: 363.10 +/- 64.23
------------------------------------------
| eval/                   |              |
|    mean_ep_length       | 363          |
|    mean_reward          | 78.5         |
| time/                   |              |
|    total_timesteps      | 655360       |
| train/                  |              |
|    approx_kl            | 0.0059815384 |
|    clip_fraction        | 0.0585       |
|    clip_range           | 0.2          |
|    entropy_loss         | -2.63        |
|    explained_variance   | 0.937        |
|    learning_rate        | 0.0003       |
|    loss                 | 62.5         |
|    n_updates            | 156          |
|    policy_gradient_loss | -0.00127     |
|    std                  | 0.899        |
|    value_loss           | 105          |
------------------------------------------
---------------------------------
| rollout/           |          |
|    ep_len_mean     | 868      |
|    ep_rew_mean     | 54.8     |
| time/              |          |
|    fps             | 4287     |
|    iterations      | 40       |
|    time_elapsed    | 152      |
|    total_timesteps | 655360   |
---------------------------------
Eval num_timesteps=688128, episode_reward=100.20 +/- 127.71
Episode length: 333.70 +/- 79.42
-----------------------------------------
| eval/                   |             |
|    mean_ep_length       | 334         |
|    mean_reward          | 100         |
| time/                   |             |
|    total_timesteps      | 688128      |
| train/                  |             |
|    approx_kl            | 0.006257551 |
|    clip_fraction        | 0.061       |
|    clip_range           | 0.2         |
|    entropy_loss         | -2.6        |
|    explained_variance   | 0.972       |
|    learning_rate        | 0.0003      |
|    loss                 | 7.39        |
|    n_updates            | 164         |
|    policy_gradient_loss | -0.000441   |
|    std                  | 0.881       |
|    value_loss           | 28.2        |
-----------------------------------------
Eval num_timesteps=720896, episode_reward=112.76 +/- 140.53
Episode length: 327.00 +/- 68.93
------------------------------------------
| eval/                   |              |
|    mean_ep_length       | 327          |
|    mean_reward          | 113          |
| time/                   |              |
|    total_timesteps      | 720896       |
| train/                  |              |
|    approx_kl            | 0.0035843365 |
|    clip_fraction        | 0.0333       |
|    clip_range           | 0.2          |
|    entropy_loss         | -2.57        |
|    explained_variance   | 0.949        |
|    learning_rate        | 0.0003       |
|    loss                 | 40.7         |
|    n_updates            | 172          |
|    policy_gradient_loss | 0.000594     |
|    std                  | 0.874        |
|    value_loss           | 61.8         |
------------------------------------------
---------------------------------
| rollout/           |          |
|    ep_len_mean     | 879      |
|    ep_rew_mean     | 71.8     |
| time/              |          |
|    fps             | 4261     |
|    iterations      | 44       |
|    time_elapsed    | 169      |
|    total_timesteps | 720896   |
---------------------------------
Eval num_timesteps=753664, episode_reward=142.34 +/- 137.94
Episode length: 278.20 +/- 44.26
-----------------------------------------
| eval/                   |             |
|    mean_ep_length       | 278         |
|    mean_reward          | 142         |
| time/                   |             |
|    total_timesteps      | 753664      |
| train/                  |             |
|    approx_kl            | 0.004962464 |
|    clip_fraction        | 0.0343      |
|    clip_range           | 0.2         |
|    entropy_loss         | -2.52       |
|    explained_variance   | 0.934       |
|    learning_rate        | 0.0003      |
|    loss                 | 45          |
|    n_updates            | 180         |
|    policy_gradient_loss | 0.000427    |
|    std                  | 0.852       |
|    value_loss           | 104         |
-----------------------------------------
New best mean reward!
Eval num_timesteps=786432, episode_reward=177.94 +/- 97.34
Episode length: 423.70 +/- 152.34
-----------------------------------------
| eval/                   |             |
|    mean_ep_length       | 424         |
|    mean_reward          | 178         |
| time/                   |             |
|    total_timesteps      | 786432      |
| train/                  |             |
|    approx_kl            | 0.004603168 |
|    clip_fraction        | 0.0457      |
|    clip_range           | 0.2         |
|    entropy_loss         | -2.49       |
|    explained_variance   | 0.958       |
|    learning_rate        | 0.0003      |
|    loss                 | 35.6        |
|    n_updates            | 188         |
|    policy_gradient_loss | 0.000705    |
|    std                  | 0.839       |
|    value_loss           | 64.2        |
-----------------------------------------
New best mean reward!
---------------------------------
| rollout/           |          |
|    ep_len_mean     | 720      |
|    ep_rew_mean     | 88.8     |
| time/              |          |
|    fps             | 4227     |
|    iterations      | 48       |
|    time_elapsed    | 186      |
|    total_timesteps | 786432   |
---------------------------------
Eval num_timesteps=819200, episode_reward=97.08 +/- 130.50
Episode length: 359.70 +/- 81.49
------------------------------------------
| eval/                   |              |
|    mean_ep_length       | 360          |
|    mean_reward          | 97.1         |
| time/                   |              |
|    total_timesteps      | 819200       |
| train/                  |              |
|    approx_kl            | 0.0045133317 |
|    clip_fraction        | 0.0441       |
|    clip_range           | 0.2          |
|    entropy_loss         | -2.47        |
|    explained_variance   | 0.966        |
|    learning_rate        | 0.0003       |
|    loss                 | 19.9         |
|    n_updates            | 196          |
|    policy_gradient_loss | 0.000835     |
|    std                  | 0.833        |
|    value_loss           | 28.6         |
------------------------------------------
Eval num_timesteps=851968, episode_reward=235.71 +/- 23.91
Episode length: 382.90 +/- 16.21
------------------------------------------
| eval/                   |              |
|    mean_ep_length       | 383          |
|    mean_reward          | 236          |
| time/                   |              |
|    total_timesteps      | 851968       |
| train/                  |              |
|    approx_kl            | 0.0061479583 |
|    clip_fraction        | 0.0625       |
|    clip_range           | 0.2          |
|    entropy_loss         | -2.42        |
|    explained_variance   | 0.98         |
|    learning_rate        | 0.0003       |
|    loss                 | 10.8         |
|    n_updates            | 204          |
|    policy_gradient_loss | 0.000347     |
|    std                  | 0.81         |
|    value_loss           | 27           |
------------------------------------------
New best mean reward!
---------------------------------
| rollout/           |          |
|    ep_len_mean     | 874      |
|    ep_rew_mean     | 105      |
| time/              |          |
|    fps             | 4193     |
|    iterations      | 52       |
|    time_elapsed    | 203      |
|    total_timesteps | 851968   |
---------------------------------
Eval num_timesteps=884736, episode_reward=193.42 +/- 101.39
Episode length: 373.90 +/- 54.13
-----------------------------------------
| eval/                   |             |
|    mean_ep_length       | 374         |
|    mean_reward          | 193         |
| time/                   |             |
|    total_timesteps      | 884736      |
| train/                  |             |
|    approx_kl            | 0.004708438 |
|    clip_fraction        | 0.0514      |
|    clip_range           | 0.2         |
|    entropy_loss         | -2.38       |
|    explained_variance   | 0.981       |
|    learning_rate        | 0.0003      |
|    loss                 | 6.52        |
|    n_updates            | 212         |
|    policy_gradient_loss | 5.85e-05    |
|    std                  | 0.796       |
|    value_loss           | 23.9        |
-----------------------------------------
Eval num_timesteps=917504, episode_reward=155.55 +/- 120.80
Episode length: 403.90 +/- 94.64
-----------------------------------------
| eval/                   |             |
|    mean_ep_length       | 404         |
|    mean_reward          | 156         |
| time/                   |             |
|    total_timesteps      | 917504      |
| train/                  |             |
|    approx_kl            | 0.005796911 |
|    clip_fraction        | 0.0541      |
|    clip_range           | 0.2         |
|    entropy_loss         | -2.38       |
|    explained_variance   | 0.983       |
|    learning_rate        | 0.0003      |
|    loss                 | 5.85        |
|    n_updates            | 220         |
|    policy_gradient_loss | 0.000748    |
|    std                  | 0.796       |
|    value_loss           | 22.2        |
-----------------------------------------
---------------------------------
| rollout/           |          |
|    ep_len_mean     | 909      |
|    ep_rew_mean     | 121      |
| time/              |          |
|    fps             | 4173     |
|    iterations      | 56       |
|    time_elapsed    | 219      |
|    total_timesteps | 917504   |
---------------------------------
Eval num_timesteps=950272, episode_reward=170.71 +/- 117.48
Episode length: 377.90 +/- 48.25
-----------------------------------------
| eval/                   |             |
|    mean_ep_length       | 378         |
|    mean_reward          | 171         |
| time/                   |             |
|    total_timesteps      | 950272      |
| train/                  |             |
|    approx_kl            | 0.005067032 |
|    clip_fraction        | 0.0596      |
|    clip_range           | 0.2         |
|    entropy_loss         | -2.36       |
|    explained_variance   | 0.994       |
|    learning_rate        | 0.0003      |
|    loss                 | 2.96        |
|    n_updates            | 228         |
|    policy_gradient_loss | 0.00114     |
|    std                  | 0.785       |
|    value_loss           | 6.1         |
-----------------------------------------
Eval num_timesteps=983040, episode_reward=204.33 +/- 69.75
Episode length: 506.10 +/- 55.28
------------------------------------------
| eval/                   |              |
|    mean_ep_length       | 506          |
|    mean_reward          | 204          |
| time/                   |              |
|    total_timesteps      | 983040       |
| train/                  |              |
|    approx_kl            | 0.0063165687 |
|    clip_fraction        | 0.0674       |
|    clip_range           | 0.2          |
|    entropy_loss         | -2.34        |
|    explained_variance   | 0.997        |
|    learning_rate        | 0.0003       |
|    loss                 | 0.887        |
|    n_updates            | 236          |
|    policy_gradient_loss | -0.00127     |
|    std                  | 0.774        |
|    value_loss           | 3.93         |
------------------------------------------
---------------------------------
| rollout/           |          |
|    ep_len_mean     | 971      |
|    ep_rew_mean     | 136      |
| time/              |          |
|    fps             | 4148     |
|    iterations      | 60       |
|    time_elapsed    | 236      |
|    total_timesteps | 983040   |
---------------------------------
Eval num_timesteps=1015808, episode_reward=181.95 +/- 104.21
Episode length: 378.90 +/- 47.61
------------------------------------------
| eval/                   |              |
|    mean_ep_length       | 379          |
|    mean_reward          | 182          |
| time/                   |              |
|    total_timesteps      | 1015808      |
| train/                  |              |
|    approx_kl            | 0.0059262468 |
|    clip_fraction        | 0.0643       |
|    clip_range           | 0.2          |
|    entropy_loss         | -2.32        |
|    explained_variance   | 0.997        |
|    learning_rate        | 0.0003       |
|    loss                 | 1.57         |
|    n_updates            | 244          |
|    policy_gradient_loss | -0.000213    |
|    std                  | 0.767        |
|    value_loss           | 4.71         |
------------------------------------------
Eval num_timesteps=1048576, episode_reward=241.44 +/- 17.82
Episode length: 380.10 +/- 40.36
------------------------------------------
| eval/                   |              |
|    mean_ep_length       | 380          |
|    mean_reward          | 241          |
| time/                   |              |
|    total_timesteps      | 1048576      |
| train/                  |              |
|    approx_kl            | 0.0057529197 |
|    clip_fraction        | 0.0526       |
|    clip_range           | 0.2          |
|    entropy_loss         | -2.26        |
|    explained_variance   | 0.997        |
|    learning_rate        | 0.0003       |
|    loss                 | 0.726        |
|    n_updates            | 252          |
|    policy_gradient_loss | 0.000325     |
|    std                  | 0.746        |
|    value_loss           | 3.41         |
------------------------------------------
New best mean reward!
---------------------------------
| rollout/           |          |
|    ep_len_mean     | 985      |
|    ep_rew_mean     | 139      |
| time/              |          |
|    fps             | 4130     |
|    iterations      | 64       |
|    time_elapsed    | 253      |
|    total_timesteps | 1048576  |
---------------------------------
Wrapping the env in a DummyVecEnv.
rbf_actor_mlp_critic_192 after training: mean_reward=173.10 +/- 117.65

=== Experiment complete ===
Summary: outputs/lunarlander_ppo_rbf/ppo-rbf-20260727_211945-seed123/experiment_summary.json
mlp: final=260.75, best_eval=268.64801539999996
rbf_64: final=-66.81, best_eval=68.87339010000001
rbf_192: final=140.17, best_eval=189.90774069999998
rbf_actor_mlp_critic_64: final=201.31, best_eval=261.9305002
rbf_actor_mlp_critic_192: final=173.10, best_eval=241.44196240000002
