==============================================
[3/3] seed=456 device=cuda
started: 2026年 07月 27日 星期一 22:04:47 CST
run_tag: ppo-rbf-20260727_211945-seed456
==============================================
CUDA available: NVIDIA GeForce RTX 4070 Laptop GPU

=== Training variant: mlp ===
/home/leopold/anaconda3/envs/sac_sb3_demo/lib/python3.12/site-packages/pygame/pkgdata.py:25: UserWarning: pkg_resources is deprecated as an API. See https://setuptools.pypa.io/en/latest/pkg_resources.html. The pkg_resources package is slated for removal as early as 2025-11-30. Refrain from using this package or pin to Setuptools<81.
  from pkg_resources import resource_stream, resource_exists
/home/leopold/anaconda3/envs/sac_sb3_demo/lib/python3.12/site-packages/pygame/pkgdata.py:25: UserWarning: pkg_resources is deprecated as an API. See https://setuptools.pypa.io/en/latest/pkg_resources.html. The pkg_resources package is slated for removal as early as 2025-11-30. Refrain from using this package or pin to Setuptools<81.
  from pkg_resources import resource_stream, resource_exists
/home/leopold/anaconda3/envs/sac_sb3_demo/lib/python3.12/site-packages/pygame/pkgdata.py:25: UserWarning: pkg_resources is deprecated as an API. See https://setuptools.pypa.io/en/latest/pkg_resources.html. The pkg_resources package is slated for removal as early as 2025-11-30. Refrain from using this package or pin to Setuptools<81.
  from pkg_resources import resource_stream, resource_exists
/home/leopold/anaconda3/envs/sac_sb3_demo/lib/python3.12/site-packages/pygame/pkgdata.py:25: UserWarning: pkg_resources is deprecated as an API. See https://setuptools.pypa.io/en/latest/pkg_resources.html. The pkg_resources package is slated for removal as early as 2025-11-30. Refrain from using this package or pin to Setuptools<81.
  from pkg_resources import resource_stream, resource_exists
/home/leopold/anaconda3/envs/sac_sb3_demo/lib/python3.12/site-packages/pygame/pkgdata.py:25: UserWarning: pkg_resources is deprecated as an API. See https://setuptools.pypa.io/en/latest/pkg_resources.html. The pkg_resources package is slated for removal as early as 2025-11-30. Refrain from using this package or pin to Setuptools<81.
  from pkg_resources import resource_stream, resource_exists
/home/leopold/anaconda3/envs/sac_sb3_demo/lib/python3.12/site-packages/pygame/pkgdata.py:25: UserWarning: pkg_resources is deprecated as an API. See https://setuptools.pypa.io/en/latest/pkg_resources.html. The pkg_resources package is slated for removal as early as 2025-11-30. Refrain from using this package or pin to Setuptools<81.
  from pkg_resources import resource_stream, resource_exists
/home/leopold/anaconda3/envs/sac_sb3_demo/lib/python3.12/site-packages/pygame/pkgdata.py:25: UserWarning: pkg_resources is deprecated as an API. See https://setuptools.pypa.io/en/latest/pkg_resources.html. The pkg_resources package is slated for removal as early as 2025-11-30. Refrain from using this package or pin to Setuptools<81.
  from pkg_resources import resource_stream, resource_exists
/home/leopold/anaconda3/envs/sac_sb3_demo/lib/python3.12/site-packages/pygame/pkgdata.py:25: UserWarning: pkg_resources is deprecated as an API. See https://setuptools.pypa.io/en/latest/pkg_resources.html. The pkg_resources package is slated for removal as early as 2025-11-30. Refrain from using this package or pin to Setuptools<81.
  from pkg_resources import resource_stream, resource_exists
/home/leopold/anaconda3/envs/sac_sb3_demo/lib/python3.12/site-packages/pygame/pkgdata.py:25: UserWarning: pkg_resources is deprecated as an API. See https://setuptools.pypa.io/en/latest/pkg_resources.html. The pkg_resources package is slated for removal as early as 2025-11-30. Refrain from using this package or pin to Setuptools<81.
  from pkg_resources import resource_stream, resource_exists
/home/leopold/anaconda3/envs/sac_sb3_demo/lib/python3.12/site-packages/pygame/pkgdata.py:25: UserWarning: pkg_resources is deprecated as an API. See https://setuptools.pypa.io/en/latest/pkg_resources.html. The pkg_resources package is slated for removal as early as 2025-11-30. Refrain from using this package or pin to Setuptools<81.
  from pkg_resources import resource_stream, resource_exists
/home/leopold/anaconda3/envs/sac_sb3_demo/lib/python3.12/site-packages/pygame/pkgdata.py:25: UserWarning: pkg_resources is deprecated as an API. See https://setuptools.pypa.io/en/latest/pkg_resources.html. The pkg_resources package is slated for removal as early as 2025-11-30. Refrain from using this package or pin to Setuptools<81.
  from pkg_resources import resource_stream, resource_exists
/home/leopold/anaconda3/envs/sac_sb3_demo/lib/python3.12/site-packages/pygame/pkgdata.py:25: UserWarning: pkg_resources is deprecated as an API. See https://setuptools.pypa.io/en/latest/pkg_resources.html. The pkg_resources package is slated for removal as early as 2025-11-30. Refrain from using this package or pin to Setuptools<81.
  from pkg_resources import resource_stream, resource_exists
/home/leopold/anaconda3/envs/sac_sb3_demo/lib/python3.12/site-packages/pygame/pkgdata.py:25: UserWarning: pkg_resources is deprecated as an API. See https://setuptools.pypa.io/en/latest/pkg_resources.html. The pkg_resources package is slated for removal as early as 2025-11-30. Refrain from using this package or pin to Setuptools<81.
  from pkg_resources import resource_stream, resource_exists
/home/leopold/anaconda3/envs/sac_sb3_demo/lib/python3.12/site-packages/pygame/pkgdata.py:25: UserWarning: pkg_resources is deprecated as an API. See https://setuptools.pypa.io/en/latest/pkg_resources.html. The pkg_resources package is slated for removal as early as 2025-11-30. Refrain from using this package or pin to Setuptools<81.
  from pkg_resources import resource_stream, resource_exists
/home/leopold/anaconda3/envs/sac_sb3_demo/lib/python3.12/site-packages/pygame/pkgdata.py:25: UserWarning: pkg_resources is deprecated as an API. See https://setuptools.pypa.io/en/latest/pkg_resources.html. The pkg_resources package is slated for removal as early as 2025-11-30. Refrain from using this package or pin to Setuptools<81.
  from pkg_resources import resource_stream, resource_exists
/home/leopold/anaconda3/envs/sac_sb3_demo/lib/python3.12/site-packages/pygame/pkgdata.py:25: UserWarning: pkg_resources is deprecated as an API. See https://setuptools.pypa.io/en/latest/pkg_resources.html. The pkg_resources package is slated for removal as early as 2025-11-30. Refrain from using this package or pin to Setuptools<81.
  from pkg_resources import resource_stream, resource_exists
/home/leopold/anaconda3/envs/sac_sb3_demo/lib/python3.12/site-packages/pygame/pkgdata.py:25: UserWarning: pkg_resources is deprecated as an API. See https://setuptools.pypa.io/en/latest/pkg_resources.html. The pkg_resources package is slated for removal as early as 2025-11-30. Refrain from using this package or pin to Setuptools<81.
  from pkg_resources import resource_stream, resource_exists
/home/leopold/anaconda3/envs/sac_sb3_demo/lib/python3.12/site-packages/stable_baselines3/common/on_policy_algorithm.py:150: UserWarning: You are trying to run PPO on the GPU, but it is primarily intended to run on the CPU when not using a CNN policy (you are using ActorCriticPolicy which should be a MlpPolicy). See https://github.com/DLR-RM/stable-baselines3/issues/1245 for more info. You can pass `device='cpu'` or `export CUDA_VISIBLE_DEVICES=` to force using the CPU.Note: The model will train, but the GPU utilization will be poor and the training might take longer than on CPU.
  warnings.warn(
Using cuda device
mlp before training: mean_reward=-139.05 +/- 80.18
Logging to runs/lunarlander_ppo_rbf/ppo-rbf-20260727_211945-seed456/mlp_1
/home/leopold/anaconda3/envs/sac_sb3_demo/lib/python3.12/site-packages/stable_baselines3/common/callbacks.py:418: UserWarning: Training and eval env are not of the same type<stable_baselines3.common.vec_env.subproc_vec_env.SubprocVecEnv object at 0x72066a652570> != <stable_baselines3.common.vec_env.dummy_vec_env.DummyVecEnv object at 0x7206253de480>
  warnings.warn("Training and eval env are not of the same type" f"{self.training_env} != {self.eval_env}")
Eval num_timesteps=32768, episode_reward=-114.85 +/- 53.90
Episode length: 70.60 +/- 10.39
-----------------------------------------
| eval/                   |             |
|    mean_ep_length       | 70.6        |
|    mean_reward          | -115        |
| time/                   |             |
|    total_timesteps      | 32768       |
| train/                  |             |
|    approx_kl            | 0.006618377 |
|    clip_fraction        | 0.0646      |
|    clip_range           | 0.2         |
|    entropy_loss         | -2.85       |
|    explained_variance   | 0.000549    |
|    learning_rate        | 0.0003      |
|    loss                 | 2.43e+03    |
|    n_updates            | 4           |
|    policy_gradient_loss | -0.00636    |
|    std                  | 1.01        |
|    value_loss           | 7.37e+03    |
-----------------------------------------
New best mean reward!
Eval num_timesteps=65536, episode_reward=-162.98 +/- 73.26
Episode length: 84.60 +/- 14.80
-----------------------------------------
| eval/                   |             |
|    mean_ep_length       | 84.6        |
|    mean_reward          | -163        |
| time/                   |             |
|    total_timesteps      | 65536       |
| train/                  |             |
|    approx_kl            | 0.006106195 |
|    clip_fraction        | 0.0592      |
|    clip_range           | 0.2         |
|    entropy_loss         | -2.88       |
|    explained_variance   | 0.00597     |
|    learning_rate        | 0.0003      |
|    loss                 | 632         |
|    n_updates            | 12          |
|    policy_gradient_loss | -0.00529    |
|    std                  | 1.03        |
|    value_loss           | 1.92e+03    |
-----------------------------------------
---------------------------------
| rollout/           |          |
|    ep_len_mean     | 127      |
|    ep_rew_mean     | -130     |
| time/              |          |
|    fps             | 5099     |
|    iterations      | 4        |
|    time_elapsed    | 12       |
|    total_timesteps | 65536    |
---------------------------------
Eval num_timesteps=98304, episode_reward=-155.22 +/- 127.62
Episode length: 101.80 +/- 16.35
------------------------------------------
| eval/                   |              |
|    mean_ep_length       | 102          |
|    mean_reward          | -155         |
| time/                   |              |
|    total_timesteps      | 98304        |
| train/                  |              |
|    approx_kl            | 0.0050762566 |
|    clip_fraction        | 0.0539       |
|    clip_range           | 0.2          |
|    entropy_loss         | -2.9         |
|    explained_variance   | -0.0192      |
|    learning_rate        | 0.0003       |
|    loss                 | 316          |
|    n_updates            | 20           |
|    policy_gradient_loss | -0.00521     |
|    std                  | 1.04         |
|    value_loss           | 646          |
------------------------------------------
Eval num_timesteps=131072, episode_reward=-79.07 +/- 78.09
Episode length: 212.10 +/- 262.97
-----------------------------------------
| eval/                   |             |
|    mean_ep_length       | 212         |
|    mean_reward          | -79.1       |
| time/                   |             |
|    total_timesteps      | 131072      |
| train/                  |             |
|    approx_kl            | 0.004442103 |
|    clip_fraction        | 0.0359      |
|    clip_range           | 0.2         |
|    entropy_loss         | -2.92       |
|    explained_variance   | 0.165       |
|    learning_rate        | 0.0003      |
|    loss                 | 248         |
|    n_updates            | 28          |
|    policy_gradient_loss | -0.00355    |
|    std                  | 1.04        |
|    value_loss           | 438         |
-----------------------------------------
New best mean reward!
---------------------------------
| rollout/           |          |
|    ep_len_mean     | 137      |
|    ep_rew_mean     | -46.3    |
| time/              |          |
|    fps             | 4637     |
|    iterations      | 8        |
|    time_elapsed    | 28       |
|    total_timesteps | 131072   |
---------------------------------
Eval num_timesteps=163840, episode_reward=-70.42 +/- 158.95
Episode length: 199.80 +/- 74.11
------------------------------------------
| eval/                   |              |
|    mean_ep_length       | 200          |
|    mean_reward          | -70.4        |
| time/                   |              |
|    total_timesteps      | 163840       |
| train/                  |              |
|    approx_kl            | 0.0042628394 |
|    clip_fraction        | 0.0325       |
|    clip_range           | 0.2          |
|    entropy_loss         | -2.91        |
|    explained_variance   | 0.469        |
|    learning_rate        | 0.0003       |
|    loss                 | 218          |
|    n_updates            | 36           |
|    policy_gradient_loss | -0.00288     |
|    std                  | 1.04         |
|    value_loss           | 347          |
------------------------------------------
New best mean reward!
Eval num_timesteps=196608, episode_reward=90.93 +/- 136.29
Episode length: 339.10 +/- 147.11
-----------------------------------------
| eval/                   |             |
|    mean_ep_length       | 339         |
|    mean_reward          | 90.9        |
| time/                   |             |
|    total_timesteps      | 196608      |
| train/                  |             |
|    approx_kl            | 0.004620379 |
|    clip_fraction        | 0.0362      |
|    clip_range           | 0.2         |
|    entropy_loss         | -2.88       |
|    explained_variance   | 0.742       |
|    learning_rate        | 0.0003      |
|    loss                 | 127         |
|    n_updates            | 44          |
|    policy_gradient_loss | -0.00219    |
|    std                  | 1.02        |
|    value_loss           | 211         |
-----------------------------------------
New best mean reward!
---------------------------------
| rollout/           |          |
|    ep_len_mean     | 218      |
|    ep_rew_mean     | -1.5     |
| time/              |          |
|    fps             | 4471     |
|    iterations      | 12       |
|    time_elapsed    | 43       |
|    total_timesteps | 196608   |
---------------------------------
Eval num_timesteps=229376, episode_reward=88.36 +/- 113.02
Episode length: 509.20 +/- 259.77
------------------------------------------
| eval/                   |              |
|    mean_ep_length       | 509          |
|    mean_reward          | 88.4         |
| time/                   |              |
|    total_timesteps      | 229376       |
| train/                  |              |
|    approx_kl            | 0.0042259563 |
|    clip_fraction        | 0.0377       |
|    clip_range           | 0.2          |
|    entropy_loss         | -2.88        |
|    explained_variance   | 0.913        |
|    learning_rate        | 0.0003       |
|    loss                 | 30.4         |
|    n_updates            | 52           |
|    policy_gradient_loss | -0.00167     |
|    std                  | 1.02         |
|    value_loss           | 103          |
------------------------------------------
Eval num_timesteps=262144, episode_reward=216.95 +/- 114.01
Episode length: 332.40 +/- 70.65
-----------------------------------------
| eval/                   |             |
|    mean_ep_length       | 332         |
|    mean_reward          | 217         |
| time/                   |             |
|    total_timesteps      | 262144      |
| train/                  |             |
|    approx_kl            | 0.004367086 |
|    clip_fraction        | 0.0379      |
|    clip_range           | 0.2         |
|    entropy_loss         | -2.9        |
|    explained_variance   | 0.936       |
|    learning_rate        | 0.0003      |
|    loss                 | 36.9        |
|    n_updates            | 60          |
|    policy_gradient_loss | -0.000764   |
|    std                  | 1.03        |
|    value_loss           | 93.1        |
-----------------------------------------
New best mean reward!
---------------------------------
| rollout/           |          |
|    ep_len_mean     | 519      |
|    ep_rew_mean     | 13.3     |
| time/              |          |
|    fps             | 4307     |
|    iterations      | 16       |
|    time_elapsed    | 60       |
|    total_timesteps | 262144   |
---------------------------------
Eval num_timesteps=294912, episode_reward=231.18 +/- 36.26
Episode length: 457.90 +/- 120.21
-----------------------------------------
| eval/                   |             |
|    mean_ep_length       | 458         |
|    mean_reward          | 231         |
| time/                   |             |
|    total_timesteps      | 294912      |
| train/                  |             |
|    approx_kl            | 0.005128346 |
|    clip_fraction        | 0.0538      |
|    clip_range           | 0.2         |
|    entropy_loss         | -2.88       |
|    explained_variance   | 0.959       |
|    learning_rate        | 0.0003      |
|    loss                 | 15.1        |
|    n_updates            | 68          |
|    policy_gradient_loss | -0.00198    |
|    std                  | 1.02        |
|    value_loss           | 71.1        |
-----------------------------------------
New best mean reward!
Eval num_timesteps=327680, episode_reward=208.18 +/- 74.14
Episode length: 365.20 +/- 39.66
-----------------------------------------
| eval/                   |             |
|    mean_ep_length       | 365         |
|    mean_reward          | 208         |
| time/                   |             |
|    total_timesteps      | 327680      |
| train/                  |             |
|    approx_kl            | 0.004876217 |
|    clip_fraction        | 0.0488      |
|    clip_range           | 0.2         |
|    entropy_loss         | -2.88       |
|    explained_variance   | 0.978       |
|    learning_rate        | 0.0003      |
|    loss                 | 9.31        |
|    n_updates            | 76          |
|    policy_gradient_loss | -0.000905   |
|    std                  | 1.02        |
|    value_loss           | 33.8        |
-----------------------------------------
---------------------------------
| rollout/           |          |
|    ep_len_mean     | 649      |
|    ep_rew_mean     | 35.1     |
| time/              |          |
|    fps             | 4244     |
|    iterations      | 20       |
|    time_elapsed    | 77       |
|    total_timesteps | 327680   |
---------------------------------
Eval num_timesteps=360448, episode_reward=253.74 +/- 13.59
Episode length: 405.90 +/- 47.40
------------------------------------------
| eval/                   |              |
|    mean_ep_length       | 406          |
|    mean_reward          | 254          |
| time/                   |              |
|    total_timesteps      | 360448       |
| train/                  |              |
|    approx_kl            | 0.0052811247 |
|    clip_fraction        | 0.0653       |
|    clip_range           | 0.2          |
|    entropy_loss         | -2.85        |
|    explained_variance   | 0.985        |
|    learning_rate        | 0.0003       |
|    loss                 | 10.8         |
|    n_updates            | 84           |
|    policy_gradient_loss | -0.00179     |
|    std                  | 1            |
|    value_loss           | 23.8         |
------------------------------------------
New best mean reward!
Eval num_timesteps=393216, episode_reward=210.37 +/- 73.69
Episode length: 417.30 +/- 104.61
-----------------------------------------
| eval/                   |             |
|    mean_ep_length       | 417         |
|    mean_reward          | 210         |
| time/                   |             |
|    total_timesteps      | 393216      |
| train/                  |             |
|    approx_kl            | 0.005307838 |
|    clip_fraction        | 0.06        |
|    clip_range           | 0.2         |
|    entropy_loss         | -2.82       |
|    explained_variance   | 0.994       |
|    learning_rate        | 0.0003      |
|    loss                 | 4.37        |
|    n_updates            | 92          |
|    policy_gradient_loss | -0.00205    |
|    std                  | 0.988       |
|    value_loss           | 9.15        |
-----------------------------------------
---------------------------------
| rollout/           |          |
|    ep_len_mean     | 899      |
|    ep_rew_mean     | 66.7     |
| time/              |          |
|    fps             | 4212     |
|    iterations      | 24       |
|    time_elapsed    | 93       |
|    total_timesteps | 393216   |
---------------------------------
Eval num_timesteps=425984, episode_reward=246.90 +/- 23.08
Episode length: 376.40 +/- 49.18
-----------------------------------------
| eval/                   |             |
|    mean_ep_length       | 376         |
|    mean_reward          | 247         |
| time/                   |             |
|    total_timesteps      | 425984      |
| train/                  |             |
|    approx_kl            | 0.005472389 |
|    clip_fraction        | 0.0529      |
|    clip_range           | 0.2         |
|    entropy_loss         | -2.81       |
|    explained_variance   | 0.99        |
|    learning_rate        | 0.0003      |
|    loss                 | 4.02        |
|    n_updates            | 100         |
|    policy_gradient_loss | -0.00135    |
|    std                  | 0.987       |
|    value_loss           | 13.3        |
-----------------------------------------
Eval num_timesteps=458752, episode_reward=213.00 +/- 88.15
Episode length: 353.30 +/- 23.10
------------------------------------------
| eval/                   |              |
|    mean_ep_length       | 353          |
|    mean_reward          | 213          |
| time/                   |              |
|    total_timesteps      | 458752       |
| train/                  |              |
|    approx_kl            | 0.0045487043 |
|    clip_fraction        | 0.0484       |
|    clip_range           | 0.2          |
|    entropy_loss         | -2.78        |
|    explained_variance   | 0.992        |
|    learning_rate        | 0.0003       |
|    loss                 | 6.74         |
|    n_updates            | 108          |
|    policy_gradient_loss | -0.00101     |
|    std                  | 0.966        |
|    value_loss           | 12.2         |
------------------------------------------
---------------------------------
| rollout/           |          |
|    ep_len_mean     | 939      |
|    ep_rew_mean     | 94.8     |
| time/              |          |
|    fps             | 4205     |
|    iterations      | 28       |
|    time_elapsed    | 109      |
|    total_timesteps | 458752   |
---------------------------------
Eval num_timesteps=491520, episode_reward=230.30 +/- 64.67
Episode length: 339.60 +/- 25.62
------------------------------------------
| eval/                   |              |
|    mean_ep_length       | 340          |
|    mean_reward          | 230          |
| time/                   |              |
|    total_timesteps      | 491520       |
| train/                  |              |
|    approx_kl            | 0.0047743637 |
|    clip_fraction        | 0.0424       |
|    clip_range           | 0.2          |
|    entropy_loss         | -2.72        |
|    explained_variance   | 0.995        |
|    learning_rate        | 0.0003       |
|    loss                 | 2.42         |
|    n_updates            | 116          |
|    policy_gradient_loss | -0.000757    |
|    std                  | 0.937        |
|    value_loss           | 8.45         |
------------------------------------------
Eval num_timesteps=524288, episode_reward=260.55 +/- 18.09
Episode length: 328.50 +/- 20.29
------------------------------------------
| eval/                   |              |
|    mean_ep_length       | 328          |
|    mean_reward          | 261          |
| time/                   |              |
|    total_timesteps      | 524288       |
| train/                  |              |
|    approx_kl            | 0.0060705096 |
|    clip_fraction        | 0.06         |
|    clip_range           | 0.2          |
|    entropy_loss         | -2.68        |
|    explained_variance   | 0.995        |
|    learning_rate        | 0.0003       |
|    loss                 | 1.72         |
|    n_updates            | 124          |
|    policy_gradient_loss | -0.00217     |
|    std                  | 0.922        |
|    value_loss           | 8.49         |
------------------------------------------
New best mean reward!
---------------------------------
| rollout/           |          |
|    ep_len_mean     | 916      |
|    ep_rew_mean     | 113      |
| time/              |          |
|    fps             | 4191     |
|    iterations      | 32       |
|    time_elapsed    | 125      |
|    total_timesteps | 524288   |
---------------------------------
Eval num_timesteps=557056, episode_reward=249.08 +/- 32.37
Episode length: 345.30 +/- 53.62
-----------------------------------------
| eval/                   |             |
|    mean_ep_length       | 345         |
|    mean_reward          | 249         |
| time/                   |             |
|    total_timesteps      | 557056      |
| train/                  |             |
|    approx_kl            | 0.005373542 |
|    clip_fraction        | 0.0524      |
|    clip_range           | 0.2         |
|    entropy_loss         | -2.66       |
|    explained_variance   | 0.994       |
|    learning_rate        | 0.0003      |
|    loss                 | 2.42        |
|    n_updates            | 132         |
|    policy_gradient_loss | -0.000569   |
|    std                  | 0.917       |
|    value_loss           | 10.2        |
-----------------------------------------
Eval num_timesteps=589824, episode_reward=265.02 +/- 14.88
Episode length: 324.90 +/- 18.29
------------------------------------------
| eval/                   |              |
|    mean_ep_length       | 325          |
|    mean_reward          | 265          |
| time/                   |              |
|    total_timesteps      | 589824       |
| train/                  |              |
|    approx_kl            | 0.0055372003 |
|    clip_fraction        | 0.0519       |
|    clip_range           | 0.2          |
|    entropy_loss         | -2.62        |
|    explained_variance   | 0.996        |
|    learning_rate        | 0.0003       |
|    loss                 | 2.37         |
|    n_updates            | 140          |
|    policy_gradient_loss | -0.00102     |
|    std                  | 0.896        |
|    value_loss           | 6.91         |
------------------------------------------
New best mean reward!
---------------------------------
| rollout/           |          |
|    ep_len_mean     | 906      |
|    ep_rew_mean     | 124      |
| time/              |          |
|    fps             | 4169     |
|    iterations      | 36       |
|    time_elapsed    | 141      |
|    total_timesteps | 589824   |
---------------------------------
Eval num_timesteps=622592, episode_reward=258.07 +/- 12.96
Episode length: 311.20 +/- 25.04
------------------------------------------
| eval/                   |              |
|    mean_ep_length       | 311          |
|    mean_reward          | 258          |
| time/                   |              |
|    total_timesteps      | 622592       |
| train/                  |              |
|    approx_kl            | 0.0041558393 |
|    clip_fraction        | 0.0446       |
|    clip_range           | 0.2          |
|    entropy_loss         | -2.61        |
|    explained_variance   | 0.997        |
|    learning_rate        | 0.0003       |
|    loss                 | 1.08         |
|    n_updates            | 148          |
|    policy_gradient_loss | 0.000157     |
|    std                  | 0.889        |
|    value_loss           | 4.08         |
------------------------------------------
Eval num_timesteps=655360, episode_reward=261.98 +/- 18.33
Episode length: 306.40 +/- 25.74
------------------------------------------
| eval/                   |              |
|    mean_ep_length       | 306          |
|    mean_reward          | 262          |
| time/                   |              |
|    total_timesteps      | 655360       |
| train/                  |              |
|    approx_kl            | 0.0043788604 |
|    clip_fraction        | 0.0401       |
|    clip_range           | 0.2          |
|    entropy_loss         | -2.57        |
|    explained_variance   | 0.993        |
|    learning_rate        | 0.0003       |
|    loss                 | 16.6         |
|    n_updates            | 156          |
|    policy_gradient_loss | 0.000555     |
|    std                  | 0.873        |
|    value_loss           | 10.1         |
------------------------------------------
---------------------------------
| rollout/           |          |
|    ep_len_mean     | 937      |
|    ep_rew_mean     | 140      |
| time/              |          |
|    fps             | 4159     |
|    iterations      | 40       |
|    time_elapsed    | 157      |
|    total_timesteps | 655360   |
---------------------------------
Eval num_timesteps=688128, episode_reward=270.45 +/- 18.59
Episode length: 306.20 +/- 19.79
-----------------------------------------
| eval/                   |             |
|    mean_ep_length       | 306         |
|    mean_reward          | 270         |
| time/                   |             |
|    total_timesteps      | 688128      |
| train/                  |             |
|    approx_kl            | 0.004008258 |
|    clip_fraction        | 0.027       |
|    clip_range           | 0.2         |
|    entropy_loss         | -2.54       |
|    explained_variance   | 0.991       |
|    learning_rate        | 0.0003      |
|    loss                 | 19.1        |
|    n_updates            | 164         |
|    policy_gradient_loss | -0.000601   |
|    std                  | 0.865       |
|    value_loss           | 16.1        |
-----------------------------------------
New best mean reward!
Eval num_timesteps=720896, episode_reward=263.71 +/- 13.85
Episode length: 318.90 +/- 17.72
-----------------------------------------
| eval/                   |             |
|    mean_ep_length       | 319         |
|    mean_reward          | 264         |
| time/                   |             |
|    total_timesteps      | 720896      |
| train/                  |             |
|    approx_kl            | 0.005126518 |
|    clip_fraction        | 0.051       |
|    clip_range           | 0.2         |
|    entropy_loss         | -2.53       |
|    explained_variance   | 0.994       |
|    learning_rate        | 0.0003      |
|    loss                 | 4.08        |
|    n_updates            | 172         |
|    policy_gradient_loss | -0.000385   |
|    std                  | 0.864       |
|    value_loss           | 10.8        |
-----------------------------------------
---------------------------------
| rollout/           |          |
|    ep_len_mean     | 921      |
|    ep_rew_mean     | 143      |
| time/              |          |
|    fps             | 4148     |
|    iterations      | 44       |
|    time_elapsed    | 173      |
|    total_timesteps | 720896   |
---------------------------------
Eval num_timesteps=753664, episode_reward=263.47 +/- 18.60
Episode length: 316.10 +/- 16.61
-----------------------------------------
| eval/                   |             |
|    mean_ep_length       | 316         |
|    mean_reward          | 263         |
| time/                   |             |
|    total_timesteps      | 753664      |
| train/                  |             |
|    approx_kl            | 0.005172303 |
|    clip_fraction        | 0.0463      |
|    clip_range           | 0.2         |
|    entropy_loss         | -2.52       |
|    explained_variance   | 0.992       |
|    learning_rate        | 0.0003      |
|    loss                 | 2.76        |
|    n_updates            | 180         |
|    policy_gradient_loss | -0.00104    |
|    std                  | 0.853       |
|    value_loss           | 12.2        |
-----------------------------------------
Eval num_timesteps=786432, episode_reward=263.26 +/- 21.28
Episode length: 298.80 +/- 14.41
------------------------------------------
| eval/                   |              |
|    mean_ep_length       | 299          |
|    mean_reward          | 263          |
| time/                   |              |
|    total_timesteps      | 786432       |
| train/                  |              |
|    approx_kl            | 0.0046345256 |
|    clip_fraction        | 0.0455       |
|    clip_range           | 0.2          |
|    entropy_loss         | -2.5         |
|    explained_variance   | 0.998        |
|    learning_rate        | 0.0003       |
|    loss                 | 0.97         |
|    n_updates            | 188          |
|    policy_gradient_loss | 0.000134     |
|    std                  | 0.842        |
|    value_loss           | 2.4          |
------------------------------------------
---------------------------------
| rollout/           |          |
|    ep_len_mean     | 961      |
|    ep_rew_mean     | 146      |
| time/              |          |
|    fps             | 4147     |
|    iterations      | 48       |
|    time_elapsed    | 189      |
|    total_timesteps | 786432   |
---------------------------------
Eval num_timesteps=819200, episode_reward=264.62 +/- 21.04
Episode length: 306.90 +/- 18.27
------------------------------------------
| eval/                   |              |
|    mean_ep_length       | 307          |
|    mean_reward          | 265          |
| time/                   |              |
|    total_timesteps      | 819200       |
| train/                  |              |
|    approx_kl            | 0.0032035294 |
|    clip_fraction        | 0.0362       |
|    clip_range           | 0.2          |
|    entropy_loss         | -2.47        |
|    explained_variance   | 0.995        |
|    learning_rate        | 0.0003       |
|    loss                 | 4.1          |
|    n_updates            | 196          |
|    policy_gradient_loss | -0.000354    |
|    std                  | 0.835        |
|    value_loss           | 9.91         |
------------------------------------------
Eval num_timesteps=851968, episode_reward=278.78 +/- 15.81
Episode length: 304.80 +/- 19.78
-----------------------------------------
| eval/                   |             |
|    mean_ep_length       | 305         |
|    mean_reward          | 279         |
| time/                   |             |
|    total_timesteps      | 851968      |
| train/                  |             |
|    approx_kl            | 0.003991273 |
|    clip_fraction        | 0.0488      |
|    clip_range           | 0.2         |
|    entropy_loss         | -2.46       |
|    explained_variance   | 0.996       |
|    learning_rate        | 0.0003      |
|    loss                 | 0.996       |
|    n_updates            | 204         |
|    policy_gradient_loss | 0.00125     |
|    std                  | 0.835       |
|    value_loss           | 6.49        |
-----------------------------------------
New best mean reward!
---------------------------------
| rollout/           |          |
|    ep_len_mean     | 969      |
|    ep_rew_mean     | 151      |
| time/              |          |
|    fps             | 4153     |
|    iterations      | 52       |
|    time_elapsed    | 205      |
|    total_timesteps | 851968   |
---------------------------------
Eval num_timesteps=884736, episode_reward=277.39 +/- 17.84
Episode length: 278.10 +/- 8.81
-----------------------------------------
| eval/                   |             |
|    mean_ep_length       | 278         |
|    mean_reward          | 277         |
| time/                   |             |
|    total_timesteps      | 884736      |
| train/                  |             |
|    approx_kl            | 0.004279038 |
|    clip_fraction        | 0.0423      |
|    clip_range           | 0.2         |
|    entropy_loss         | -2.42       |
|    explained_variance   | 0.99        |
|    learning_rate        | 0.0003      |
|    loss                 | 0.249       |
|    n_updates            | 212         |
|    policy_gradient_loss | -0.000234   |
|    std                  | 0.811       |
|    value_loss           | 12.2        |
-----------------------------------------
Eval num_timesteps=917504, episode_reward=250.34 +/- 20.85
Episode length: 302.60 +/- 15.23
------------------------------------------
| eval/                   |              |
|    mean_ep_length       | 303          |
|    mean_reward          | 250          |
| time/                   |              |
|    total_timesteps      | 917504       |
| train/                  |              |
|    approx_kl            | 0.0048451736 |
|    clip_fraction        | 0.0466       |
|    clip_range           | 0.2          |
|    entropy_loss         | -2.39        |
|    explained_variance   | 0.998        |
|    learning_rate        | 0.0003       |
|    loss                 | 0.323        |
|    n_updates            | 220          |
|    policy_gradient_loss | 0.000954     |
|    std                  | 0.805        |
|    value_loss           | 1.49         |
------------------------------------------
---------------------------------
| rollout/           |          |
|    ep_len_mean     | 944      |
|    ep_rew_mean     | 154      |
| time/              |          |
|    fps             | 4163     |
|    iterations      | 56       |
|    time_elapsed    | 220      |
|    total_timesteps | 917504   |
---------------------------------
Eval num_timesteps=950272, episode_reward=265.98 +/- 21.60
Episode length: 297.50 +/- 14.59
-----------------------------------------
| eval/                   |             |
|    mean_ep_length       | 298         |
|    mean_reward          | 266         |
| time/                   |             |
|    total_timesteps      | 950272      |
| train/                  |             |
|    approx_kl            | 0.004307751 |
|    clip_fraction        | 0.0504      |
|    clip_range           | 0.2         |
|    entropy_loss         | -2.4        |
|    explained_variance   | 0.998       |
|    learning_rate        | 0.0003      |
|    loss                 | 0.33        |
|    n_updates            | 228         |
|    policy_gradient_loss | 0.000292    |
|    std                  | 0.81        |
|    value_loss           | 1.9         |
-----------------------------------------
Eval num_timesteps=983040, episode_reward=274.55 +/- 18.26
Episode length: 312.00 +/- 19.66
-----------------------------------------
| eval/                   |             |
|    mean_ep_length       | 312         |
|    mean_reward          | 275         |
| time/                   |             |
|    total_timesteps      | 983040      |
| train/                  |             |
|    approx_kl            | 0.005765868 |
|    clip_fraction        | 0.0539      |
|    clip_range           | 0.2         |
|    entropy_loss         | -2.4        |
|    explained_variance   | 0.996       |
|    learning_rate        | 0.0003      |
|    loss                 | 28.1        |
|    n_updates            | 236         |
|    policy_gradient_loss | 0.000841    |
|    std                  | 0.809       |
|    value_loss           | 8.93        |
-----------------------------------------
---------------------------------
| rollout/           |          |
|    ep_len_mean     | 937      |
|    ep_rew_mean     | 152      |
| time/              |          |
|    fps             | 4156     |
|    iterations      | 60       |
|    time_elapsed    | 236      |
|    total_timesteps | 983040   |
---------------------------------
Eval num_timesteps=1015808, episode_reward=281.99 +/- 16.78
Episode length: 309.90 +/- 16.74
------------------------------------------
| eval/                   |              |
|    mean_ep_length       | 310          |
|    mean_reward          | 282          |
| time/                   |              |
|    total_timesteps      | 1015808      |
| train/                  |              |
|    approx_kl            | 0.0056328787 |
|    clip_fraction        | 0.0503       |
|    clip_range           | 0.2          |
|    entropy_loss         | -2.4         |
|    explained_variance   | 0.995        |
|    learning_rate        | 0.0003       |
|    loss                 | 0.761        |
|    n_updates            | 244          |
|    policy_gradient_loss | 0.000368     |
|    std                  | 0.805        |
|    value_loss           | 8.94         |
------------------------------------------
New best mean reward!
Eval num_timesteps=1048576, episode_reward=272.60 +/- 23.37
Episode length: 302.80 +/- 12.06
-----------------------------------------
| eval/                   |             |
|    mean_ep_length       | 303         |
|    mean_reward          | 273         |
| time/                   |             |
|    total_timesteps      | 1048576     |
| train/                  |             |
|    approx_kl            | 0.004511093 |
|    clip_fraction        | 0.0518      |
|    clip_range           | 0.2         |
|    entropy_loss         | -2.39       |
|    explained_variance   | 0.994       |
|    learning_rate        | 0.0003      |
|    loss                 | 0.714       |
|    n_updates            | 252         |
|    policy_gradient_loss | -0.000438   |
|    std                  | 0.806       |
|    value_loss           | 9.2         |
-----------------------------------------
---------------------------------
| rollout/           |          |
|    ep_len_mean     | 938      |
|    ep_rew_mean     | 152      |
| time/              |          |
|    fps             | 4162     |
|    iterations      | 64       |
|    time_elapsed    | 251      |
|    total_timesteps | 1048576  |
---------------------------------
/home/leopold/anaconda3/envs/sac_sb3_demo/lib/python3.12/site-packages/stable_baselines3/common/on_policy_algorithm.py:150: UserWarning: You are trying to run PPO on the GPU, but it is primarily intended to run on the CPU when not using a CNN policy (you are using ActorCriticPolicy which should be a MlpPolicy). See https://github.com/DLR-RM/stable-baselines3/issues/1245 for more info. You can pass `device='cpu'` or `export CUDA_VISIBLE_DEVICES=` to force using the CPU.Note: The model will train, but the GPU utilization will be poor and the training might take longer than on CPU.
  warnings.warn(
Wrapping the env in a DummyVecEnv.
mlp after training: mean_reward=270.75 +/- 16.74

=== Training variant: rbf_64 ===
/home/leopold/anaconda3/envs/sac_sb3_demo/lib/python3.12/site-packages/pygame/pkgdata.py:25: UserWarning: pkg_resources is deprecated as an API. See https://setuptools.pypa.io/en/latest/pkg_resources.html. The pkg_resources package is slated for removal as early as 2025-11-30. Refrain from using this package or pin to Setuptools<81.
  from pkg_resources import resource_stream, resource_exists
/home/leopold/anaconda3/envs/sac_sb3_demo/lib/python3.12/site-packages/pygame/pkgdata.py:25: UserWarning: pkg_resources is deprecated as an API. See https://setuptools.pypa.io/en/latest/pkg_resources.html. The pkg_resources package is slated for removal as early as 2025-11-30. Refrain from using this package or pin to Setuptools<81.
  from pkg_resources import resource_stream, resource_exists
/home/leopold/anaconda3/envs/sac_sb3_demo/lib/python3.12/site-packages/pygame/pkgdata.py:25: UserWarning: pkg_resources is deprecated as an API. See https://setuptools.pypa.io/en/latest/pkg_resources.html. The pkg_resources package is slated for removal as early as 2025-11-30. Refrain from using this package or pin to Setuptools<81.
  from pkg_resources import resource_stream, resource_exists
/home/leopold/anaconda3/envs/sac_sb3_demo/lib/python3.12/site-packages/pygame/pkgdata.py:25: UserWarning: pkg_resources is deprecated as an API. See https://setuptools.pypa.io/en/latest/pkg_resources.html. The pkg_resources package is slated for removal as early as 2025-11-30. Refrain from using this package or pin to Setuptools<81.
  from pkg_resources import resource_stream, resource_exists
/home/leopold/anaconda3/envs/sac_sb3_demo/lib/python3.12/site-packages/pygame/pkgdata.py:25: UserWarning: pkg_resources is deprecated as an API. See https://setuptools.pypa.io/en/latest/pkg_resources.html. The pkg_resources package is slated for removal as early as 2025-11-30. Refrain from using this package or pin to Setuptools<81.
  from pkg_resources import resource_stream, resource_exists
/home/leopold/anaconda3/envs/sac_sb3_demo/lib/python3.12/site-packages/pygame/pkgdata.py:25: UserWarning: pkg_resources is deprecated as an API. See https://setuptools.pypa.io/en/latest/pkg_resources.html. The pkg_resources package is slated for removal as early as 2025-11-30. Refrain from using this package or pin to Setuptools<81.
  from pkg_resources import resource_stream, resource_exists
/home/leopold/anaconda3/envs/sac_sb3_demo/lib/python3.12/site-packages/pygame/pkgdata.py:25: UserWarning: pkg_resources is deprecated as an API. See https://setuptools.pypa.io/en/latest/pkg_resources.html. The pkg_resources package is slated for removal as early as 2025-11-30. Refrain from using this package or pin to Setuptools<81.
  from pkg_resources import resource_stream, resource_exists
/home/leopold/anaconda3/envs/sac_sb3_demo/lib/python3.12/site-packages/pygame/pkgdata.py:25: UserWarning: pkg_resources is deprecated as an API. See https://setuptools.pypa.io/en/latest/pkg_resources.html. The pkg_resources package is slated for removal as early as 2025-11-30. Refrain from using this package or pin to Setuptools<81.
  from pkg_resources import resource_stream, resource_exists
/home/leopold/anaconda3/envs/sac_sb3_demo/lib/python3.12/site-packages/pygame/pkgdata.py:25: UserWarning: pkg_resources is deprecated as an API. See https://setuptools.pypa.io/en/latest/pkg_resources.html. The pkg_resources package is slated for removal as early as 2025-11-30. Refrain from using this package or pin to Setuptools<81.
  from pkg_resources import resource_stream, resource_exists
/home/leopold/anaconda3/envs/sac_sb3_demo/lib/python3.12/site-packages/pygame/pkgdata.py:25: UserWarning: pkg_resources is deprecated as an API. See https://setuptools.pypa.io/en/latest/pkg_resources.html. The pkg_resources package is slated for removal as early as 2025-11-30. Refrain from using this package or pin to Setuptools<81.
  from pkg_resources import resource_stream, resource_exists
/home/leopold/anaconda3/envs/sac_sb3_demo/lib/python3.12/site-packages/pygame/pkgdata.py:25: UserWarning: pkg_resources is deprecated as an API. See https://setuptools.pypa.io/en/latest/pkg_resources.html. The pkg_resources package is slated for removal as early as 2025-11-30. Refrain from using this package or pin to Setuptools<81.
  from pkg_resources import resource_stream, resource_exists
/home/leopold/anaconda3/envs/sac_sb3_demo/lib/python3.12/site-packages/pygame/pkgdata.py:25: UserWarning: pkg_resources is deprecated as an API. See https://setuptools.pypa.io/en/latest/pkg_resources.html. The pkg_resources package is slated for removal as early as 2025-11-30. Refrain from using this package or pin to Setuptools<81.
  from pkg_resources import resource_stream, resource_exists
/home/leopold/anaconda3/envs/sac_sb3_demo/lib/python3.12/site-packages/pygame/pkgdata.py:25: UserWarning: pkg_resources is deprecated as an API. See https://setuptools.pypa.io/en/latest/pkg_resources.html. The pkg_resources package is slated for removal as early as 2025-11-30. Refrain from using this package or pin to Setuptools<81.
  from pkg_resources import resource_stream, resource_exists
/home/leopold/anaconda3/envs/sac_sb3_demo/lib/python3.12/site-packages/pygame/pkgdata.py:25: UserWarning: pkg_resources is deprecated as an API. See https://setuptools.pypa.io/en/latest/pkg_resources.html. The pkg_resources package is slated for removal as early as 2025-11-30. Refrain from using this package or pin to Setuptools<81.
  from pkg_resources import resource_stream, resource_exists
/home/leopold/anaconda3/envs/sac_sb3_demo/lib/python3.12/site-packages/pygame/pkgdata.py:25: UserWarning: pkg_resources is deprecated as an API. See https://setuptools.pypa.io/en/latest/pkg_resources.html. The pkg_resources package is slated for removal as early as 2025-11-30. Refrain from using this package or pin to Setuptools<81.
  from pkg_resources import resource_stream, resource_exists
/home/leopold/anaconda3/envs/sac_sb3_demo/lib/python3.12/site-packages/pygame/pkgdata.py:25: UserWarning: pkg_resources is deprecated as an API. See https://setuptools.pypa.io/en/latest/pkg_resources.html. The pkg_resources package is slated for removal as early as 2025-11-30. Refrain from using this package or pin to Setuptools<81.
  from pkg_resources import resource_stream, resource_exists
Using cuda device
rbf_64 before training: mean_reward=-211.47 +/- 121.83
Logging to runs/lunarlander_ppo_rbf/ppo-rbf-20260727_211945-seed456/rbf_64_1
/home/leopold/anaconda3/envs/sac_sb3_demo/lib/python3.12/site-packages/stable_baselines3/common/callbacks.py:418: UserWarning: Training and eval env are not of the same type<stable_baselines3.common.vec_env.subproc_vec_env.SubprocVecEnv object at 0x7206252f7140> != <stable_baselines3.common.vec_env.dummy_vec_env.DummyVecEnv object at 0x7206250a5310>
  warnings.warn("Training and eval env are not of the same type" f"{self.training_env} != {self.eval_env}")
Eval num_timesteps=32768, episode_reward=-152.85 +/- 29.74
Episode length: 68.10 +/- 14.73
-----------------------------------------
| eval/                   |             |
|    mean_ep_length       | 68.1        |
|    mean_reward          | -153        |
| time/                   |             |
|    total_timesteps      | 32768       |
| train/                  |             |
|    approx_kl            | 0.002882535 |
|    clip_fraction        | 0.0173      |
|    clip_range           | 0.2         |
|    entropy_loss         | -2.84       |
|    explained_variance   | 0.000898    |
|    learning_rate        | 0.0003      |
|    loss                 | 3.66e+03    |
|    n_updates            | 4           |
|    policy_gradient_loss | -0.00229    |
|    std                  | 1           |
|    value_loss           | 9.06e+03    |
-----------------------------------------
New best mean reward!
Eval num_timesteps=65536, episode_reward=-138.17 +/- 20.61
Episode length: 69.40 +/- 11.08
------------------------------------------
| eval/                   |              |
|    mean_ep_length       | 69.4         |
|    mean_reward          | -138         |
| time/                   |              |
|    total_timesteps      | 65536        |
| train/                  |              |
|    approx_kl            | 0.0037083118 |
|    clip_fraction        | 0.0283       |
|    clip_range           | 0.2          |
|    entropy_loss         | -2.84        |
|    explained_variance   | -0.0954      |
|    learning_rate        | 0.0003       |
|    loss                 | 911          |
|    n_updates            | 12           |
|    policy_gradient_loss | -0.00392     |
|    std                  | 1            |
|    value_loss           | 2.66e+03     |
------------------------------------------
New best mean reward!
---------------------------------
| rollout/           |          |
|    ep_len_mean     | 108      |
|    ep_rew_mean     | -153     |
| time/              |          |
|    fps             | 5148     |
|    iterations      | 4        |
|    time_elapsed    | 12       |
|    total_timesteps | 65536    |
---------------------------------
Eval num_timesteps=98304, episode_reward=-127.11 +/- 40.95
Episode length: 67.30 +/- 11.79
------------------------------------------
| eval/                   |              |
|    mean_ep_length       | 67.3         |
|    mean_reward          | -127         |
| time/                   |              |
|    total_timesteps      | 98304        |
| train/                  |              |
|    approx_kl            | 0.0031082146 |
|    clip_fraction        | 0.0256       |
|    clip_range           | 0.2          |
|    entropy_loss         | -2.85        |
|    explained_variance   | -0.195       |
|    learning_rate        | 0.0003       |
|    loss                 | 366          |
|    n_updates            | 20           |
|    policy_gradient_loss | -0.00177     |
|    std                  | 1.01         |
|    value_loss           | 988          |
------------------------------------------
New best mean reward!
Eval num_timesteps=131072, episode_reward=-80.78 +/- 52.49
Episode length: 174.80 +/- 275.35
------------------------------------------
| eval/                   |              |
|    mean_ep_length       | 175          |
|    mean_reward          | -80.8        |
| time/                   |              |
|    total_timesteps      | 131072       |
| train/                  |              |
|    approx_kl            | 0.0035417813 |
|    clip_fraction        | 0.0149       |
|    clip_range           | 0.2          |
|    entropy_loss         | -2.85        |
|    explained_variance   | -0.0272      |
|    learning_rate        | 0.0003       |
|    loss                 | 642          |
|    n_updates            | 28           |
|    policy_gradient_loss | -0.00175     |
|    std                  | 1            |
|    value_loss           | 811          |
------------------------------------------
New best mean reward!
---------------------------------
| rollout/           |          |
|    ep_len_mean     | 137      |
|    ep_rew_mean     | -98.7    |
| time/              |          |
|    fps             | 4694     |
|    iterations      | 8        |
|    time_elapsed    | 27       |
|    total_timesteps | 131072   |
---------------------------------
Eval num_timesteps=163840, episode_reward=-131.37 +/- 70.36
Episode length: 165.80 +/- 125.25
------------------------------------------
| eval/                   |              |
|    mean_ep_length       | 166          |
|    mean_reward          | -131         |
| time/                   |              |
|    total_timesteps      | 163840       |
| train/                  |              |
|    approx_kl            | 0.0023362797 |
|    clip_fraction        | 0.0104       |
|    clip_range           | 0.2          |
|    entropy_loss         | -2.84        |
|    explained_variance   | 0.0939       |
|    learning_rate        | 0.0003       |
|    loss                 | 227          |
|    n_updates            | 36           |
|    policy_gradient_loss | -0.000386    |
|    std                  | 1.01         |
|    value_loss           | 550          |
------------------------------------------
Eval num_timesteps=196608, episode_reward=-165.80 +/- 59.27
Episode length: 211.20 +/- 120.52
------------------------------------------
| eval/                   |              |
|    mean_ep_length       | 211          |
|    mean_reward          | -166         |
| time/                   |              |
|    total_timesteps      | 196608       |
| train/                  |              |
|    approx_kl            | 0.0031282613 |
|    clip_fraction        | 0.024        |
|    clip_range           | 0.2          |
|    entropy_loss         | -2.85        |
|    explained_variance   | 0.205        |
|    learning_rate        | 0.0003       |
|    loss                 | 168          |
|    n_updates            | 44           |
|    policy_gradient_loss | -0.00131     |
|    std                  | 0.999        |
|    value_loss           | 406          |
------------------------------------------
---------------------------------
| rollout/           |          |
|    ep_len_mean     | 167      |
|    ep_rew_mean     | -54.4    |
| time/              |          |
|    fps             | 4497     |
|    iterations      | 12       |
|    time_elapsed    | 43       |
|    total_timesteps | 196608   |
---------------------------------
Eval num_timesteps=229376, episode_reward=-189.13 +/- 36.38
Episode length: 280.80 +/- 183.52
------------------------------------------
| eval/                   |              |
|    mean_ep_length       | 281          |
|    mean_reward          | -189         |
| time/                   |              |
|    total_timesteps      | 229376       |
| train/                  |              |
|    approx_kl            | 0.0050769113 |
|    clip_fraction        | 0.0426       |
|    clip_range           | 0.2          |
|    entropy_loss         | -2.83        |
|    explained_variance   | 0.166        |
|    learning_rate        | 0.0003       |
|    loss                 | 213          |
|    n_updates            | 52           |
|    policy_gradient_loss | -0.00338     |
|    std                  | 0.998        |
|    value_loss           | 450          |
------------------------------------------
Eval num_timesteps=262144, episode_reward=-94.07 +/- 22.15
Episode length: 240.80 +/- 254.60
-----------------------------------------
| eval/                   |             |
|    mean_ep_length       | 241         |
|    mean_reward          | -94.1       |
| time/                   |             |
|    total_timesteps      | 262144      |
| train/                  |             |
|    approx_kl            | 0.003274165 |
|    clip_fraction        | 0.021       |
|    clip_range           | 0.2         |
|    entropy_loss         | -2.86       |
|    explained_variance   | 0.383       |
|    learning_rate        | 0.0003      |
|    loss                 | 262         |
|    n_updates            | 60          |
|    policy_gradient_loss | -0.00177    |
|    std                  | 1.01        |
|    value_loss           | 484         |
-----------------------------------------
---------------------------------
| rollout/           |          |
|    ep_len_mean     | 174      |
|    ep_rew_mean     | -27      |
| time/              |          |
|    fps             | 4409     |
|    iterations      | 16       |
|    time_elapsed    | 59       |
|    total_timesteps | 262144   |
---------------------------------
Eval num_timesteps=294912, episode_reward=-108.83 +/- 32.38
Episode length: 174.90 +/- 91.55
------------------------------------------
| eval/                   |              |
|    mean_ep_length       | 175          |
|    mean_reward          | -109         |
| time/                   |              |
|    total_timesteps      | 294912       |
| train/                  |              |
|    approx_kl            | 0.0023661945 |
|    clip_fraction        | 0.0195       |
|    clip_range           | 0.2          |
|    entropy_loss         | -2.86        |
|    explained_variance   | 0.614        |
|    learning_rate        | 0.0003       |
|    loss                 | 136          |
|    n_updates            | 68           |
|    policy_gradient_loss | -0.000758    |
|    std                  | 1.01         |
|    value_loss           | 319          |
------------------------------------------
Eval num_timesteps=327680, episode_reward=-109.02 +/- 40.96
Episode length: 549.30 +/- 376.87
------------------------------------------
| eval/                   |              |
|    mean_ep_length       | 549          |
|    mean_reward          | -109         |
| time/                   |              |
|    total_timesteps      | 327680       |
| train/                  |              |
|    approx_kl            | 0.0035897596 |
|    clip_fraction        | 0.03         |
|    clip_range           | 0.2          |
|    entropy_loss         | -2.86        |
|    explained_variance   | 0.674        |
|    learning_rate        | 0.0003       |
|    loss                 | 81.9         |
|    n_updates            | 76           |
|    policy_gradient_loss | -0.00156     |
|    std                  | 1.02         |
|    value_loss           | 379          |
------------------------------------------
---------------------------------
| rollout/           |          |
|    ep_len_mean     | 311      |
|    ep_rew_mean     | -36.8    |
| time/              |          |
|    fps             | 4313     |
|    iterations      | 20       |
|    time_elapsed    | 75       |
|    total_timesteps | 327680   |
---------------------------------
Eval num_timesteps=360448, episode_reward=-83.70 +/- 32.32
Episode length: 688.90 +/- 387.33
------------------------------------------
| eval/                   |              |
|    mean_ep_length       | 689          |
|    mean_reward          | -83.7        |
| time/                   |              |
|    total_timesteps      | 360448       |
| train/                  |              |
|    approx_kl            | 0.0033436702 |
|    clip_fraction        | 0.0274       |
|    clip_range           | 0.2          |
|    entropy_loss         | -2.87        |
|    explained_variance   | 0.844        |
|    learning_rate        | 0.0003       |
|    loss                 | 92.4         |
|    n_updates            | 84           |
|    policy_gradient_loss | -0.00116     |
|    std                  | 1.02         |
|    value_loss           | 206          |
------------------------------------------
Eval num_timesteps=393216, episode_reward=180.68 +/- 93.00
Episode length: 365.70 +/- 116.39
------------------------------------------
| eval/                   |              |
|    mean_ep_length       | 366          |
|    mean_reward          | 181          |
| time/                   |              |
|    total_timesteps      | 393216       |
| train/                  |              |
|    approx_kl            | 0.0036267207 |
|    clip_fraction        | 0.0249       |
|    clip_range           | 0.2          |
|    entropy_loss         | -2.86        |
|    explained_variance   | 0.932        |
|    learning_rate        | 0.0003       |
|    loss                 | 48.2         |
|    n_updates            | 92           |
|    policy_gradient_loss | -0.000687    |
|    std                  | 1.01         |
|    value_loss           | 120          |
------------------------------------------
New best mean reward!
---------------------------------
| rollout/           |          |
|    ep_len_mean     | 373      |
|    ep_rew_mean     | -2.05    |
| time/              |          |
|    fps             | 4209     |
|    iterations      | 24       |
|    time_elapsed    | 93       |
|    total_timesteps | 393216   |
---------------------------------
Eval num_timesteps=425984, episode_reward=116.76 +/- 126.85
Episode length: 479.80 +/- 201.85
------------------------------------------
| eval/                   |              |
|    mean_ep_length       | 480          |
|    mean_reward          | 117          |
| time/                   |              |
|    total_timesteps      | 425984       |
| train/                  |              |
|    approx_kl            | 0.0031228713 |
|    clip_fraction        | 0.0194       |
|    clip_range           | 0.2          |
|    entropy_loss         | -2.84        |
|    explained_variance   | 0.931        |
|    learning_rate        | 0.0003       |
|    loss                 | 89.2         |
|    n_updates            | 100          |
|    policy_gradient_loss | -0.00108     |
|    std                  | 1            |
|    value_loss           | 147          |
------------------------------------------
Eval num_timesteps=458752, episode_reward=104.07 +/- 149.83
Episode length: 403.20 +/- 191.08
-----------------------------------------
| eval/                   |             |
|    mean_ep_length       | 403         |
|    mean_reward          | 104         |
| time/                   |             |
|    total_timesteps      | 458752      |
| train/                  |             |
|    approx_kl            | 0.001673566 |
|    clip_fraction        | 0.0171      |
|    clip_range           | 0.2         |
|    entropy_loss         | -2.84       |
|    explained_variance   | 0.927       |
|    learning_rate        | 0.0003      |
|    loss                 | 61.1        |
|    n_updates            | 108         |
|    policy_gradient_loss | -0.000951   |
|    std                  | 1.01        |
|    value_loss           | 139         |
-----------------------------------------
---------------------------------
| rollout/           |          |
|    ep_len_mean     | 573      |
|    ep_rew_mean     | 9.79     |
| time/              |          |
|    fps             | 4143     |
|    iterations      | 28       |
|    time_elapsed    | 110      |
|    total_timesteps | 458752   |
---------------------------------
Eval num_timesteps=491520, episode_reward=141.02 +/- 125.08
Episode length: 504.40 +/- 73.12
------------------------------------------
| eval/                   |              |
|    mean_ep_length       | 504          |
|    mean_reward          | 141          |
| time/                   |              |
|    total_timesteps      | 491520       |
| train/                  |              |
|    approx_kl            | 0.0036879936 |
|    clip_fraction        | 0.0291       |
|    clip_range           | 0.2          |
|    entropy_loss         | -2.82        |
|    explained_variance   | 0.942        |
|    learning_rate        | 0.0003       |
|    loss                 | 34.1         |
|    n_updates            | 116          |
|    policy_gradient_loss | -0.000976    |
|    std                  | 0.993        |
|    value_loss           | 88.7         |
------------------------------------------
Eval num_timesteps=524288, episode_reward=89.48 +/- 130.31
Episode length: 547.80 +/- 121.88
-----------------------------------------
| eval/                   |             |
|    mean_ep_length       | 548         |
|    mean_reward          | 89.5        |
| time/                   |             |
|    total_timesteps      | 524288      |
| train/                  |             |
|    approx_kl            | 0.003973717 |
|    clip_fraction        | 0.0392      |
|    clip_range           | 0.2         |
|    entropy_loss         | -2.83       |
|    explained_variance   | 0.943       |
|    learning_rate        | 0.0003      |
|    loss                 | 102         |
|    n_updates            | 124         |
|    policy_gradient_loss | -0.00193    |
|    std                  | 0.996       |
|    value_loss           | 126         |
-----------------------------------------
---------------------------------
| rollout/           |          |
|    ep_len_mean     | 725      |
|    ep_rew_mean     | 14.4     |
| time/              |          |
|    fps             | 4074     |
|    iterations      | 32       |
|    time_elapsed    | 128      |
|    total_timesteps | 524288   |
---------------------------------
Eval num_timesteps=557056, episode_reward=23.25 +/- 132.67
Episode length: 591.00 +/- 179.81
------------------------------------------
| eval/                   |              |
|    mean_ep_length       | 591          |
|    mean_reward          | 23.3         |
| time/                   |              |
|    total_timesteps      | 557056       |
| train/                  |              |
|    approx_kl            | 0.0048099984 |
|    clip_fraction        | 0.0454       |
|    clip_range           | 0.2          |
|    entropy_loss         | -2.83        |
|    explained_variance   | 0.961        |
|    learning_rate        | 0.0003       |
|    loss                 | 31.2         |
|    n_updates            | 132          |
|    policy_gradient_loss | -0.00226     |
|    std                  | 0.995        |
|    value_loss           | 68.6         |
------------------------------------------
Eval num_timesteps=589824, episode_reward=118.13 +/- 137.09
Episode length: 678.10 +/- 190.62
------------------------------------------
| eval/                   |              |
|    mean_ep_length       | 678          |
|    mean_reward          | 118          |
| time/                   |              |
|    total_timesteps      | 589824       |
| train/                  |              |
|    approx_kl            | 0.0050111553 |
|    clip_fraction        | 0.0466       |
|    clip_range           | 0.2          |
|    entropy_loss         | -2.8         |
|    explained_variance   | 0.955        |
|    learning_rate        | 0.0003       |
|    loss                 | 20.9         |
|    n_updates            | 140          |
|    policy_gradient_loss | -0.00246     |
|    std                  | 0.978        |
|    value_loss           | 79.5         |
------------------------------------------
---------------------------------
| rollout/           |          |
|    ep_len_mean     | 830      |
|    ep_rew_mean     | 41.1     |
| time/              |          |
|    fps             | 4014     |
|    iterations      | 36       |
|    time_elapsed    | 146      |
|    total_timesteps | 589824   |
---------------------------------
Eval num_timesteps=622592, episode_reward=46.01 +/- 136.39
Episode length: 823.90 +/- 137.24
------------------------------------------
| eval/                   |              |
|    mean_ep_length       | 824          |
|    mean_reward          | 46           |
| time/                   |              |
|    total_timesteps      | 622592       |
| train/                  |              |
|    approx_kl            | 0.0046830503 |
|    clip_fraction        | 0.0334       |
|    clip_range           | 0.2          |
|    entropy_loss         | -2.77        |
|    explained_variance   | 0.964        |
|    learning_rate        | 0.0003       |
|    loss                 | 31           |
|    n_updates            | 148          |
|    policy_gradient_loss | -0.00107     |
|    std                  | 0.963        |
|    value_loss           | 68.3         |
------------------------------------------
Eval num_timesteps=655360, episode_reward=97.81 +/- 125.88
Episode length: 790.80 +/- 225.27
-----------------------------------------
| eval/                   |             |
|    mean_ep_length       | 791         |
|    mean_reward          | 97.8        |
| time/                   |             |
|    total_timesteps      | 655360      |
| train/                  |             |
|    approx_kl            | 0.005511535 |
|    clip_fraction        | 0.0365      |
|    clip_range           | 0.2         |
|    entropy_loss         | -2.74       |
|    explained_variance   | 0.976       |
|    learning_rate        | 0.0003      |
|    loss                 | 21.4        |
|    n_updates            | 156         |
|    policy_gradient_loss | -0.00106    |
|    std                  | 0.953       |
|    value_loss           | 43          |
-----------------------------------------
---------------------------------
| rollout/           |          |
|    ep_len_mean     | 900      |
|    ep_rew_mean     | 67       |
| time/              |          |
|    fps             | 3944     |
|    iterations      | 40       |
|    time_elapsed    | 166      |
|    total_timesteps | 655360   |
---------------------------------
Eval num_timesteps=688128, episode_reward=9.58 +/- 124.52
Episode length: 757.80 +/- 176.86
-----------------------------------------
| eval/                   |             |
|    mean_ep_length       | 758         |
|    mean_reward          | 9.58        |
| time/                   |             |
|    total_timesteps      | 688128      |
| train/                  |             |
|    approx_kl            | 0.004453167 |
|    clip_fraction        | 0.0331      |
|    clip_range           | 0.2         |
|    entropy_loss         | -2.73       |
|    explained_variance   | 0.95        |
|    learning_rate        | 0.0003      |
|    loss                 | 21.4        |
|    n_updates            | 164         |
|    policy_gradient_loss | -0.00122    |
|    std                  | 0.95        |
|    value_loss           | 77.3        |
-----------------------------------------
Eval num_timesteps=720896, episode_reward=118.66 +/- 121.46
Episode length: 600.10 +/- 131.45
------------------------------------------
| eval/                   |              |
|    mean_ep_length       | 600          |
|    mean_reward          | 119          |
| time/                   |              |
|    total_timesteps      | 720896       |
| train/                  |              |
|    approx_kl            | 0.0041439887 |
|    clip_fraction        | 0.0291       |
|    clip_range           | 0.2          |
|    entropy_loss         | -2.73        |
|    explained_variance   | 0.962        |
|    learning_rate        | 0.0003       |
|    loss                 | 34.5         |
|    n_updates            | 172          |
|    policy_gradient_loss | -0.00146     |
|    std                  | 0.944        |
|    value_loss           | 67.4         |
------------------------------------------
---------------------------------
| rollout/           |          |
|    ep_len_mean     | 755      |
|    ep_rew_mean     | 62.3     |
| time/              |          |
|    fps             | 3903     |
|    iterations      | 44       |
|    time_elapsed    | 184      |
|    total_timesteps | 720896   |
---------------------------------
Eval num_timesteps=753664, episode_reward=38.20 +/- 128.24
Episode length: 747.90 +/- 238.64
------------------------------------------
| eval/                   |              |
|    mean_ep_length       | 748          |
|    mean_reward          | 38.2         |
| time/                   |              |
|    total_timesteps      | 753664       |
| train/                  |              |
|    approx_kl            | 0.0035552906 |
|    clip_fraction        | 0.0289       |
|    clip_range           | 0.2          |
|    entropy_loss         | -2.73        |
|    explained_variance   | 0.962        |
|    learning_rate        | 0.0003       |
|    loss                 | 36.1         |
|    n_updates            | 180          |
|    policy_gradient_loss | -0.00134     |
|    std                  | 0.95         |
|    value_loss           | 59.8         |
------------------------------------------
Eval num_timesteps=786432, episode_reward=14.20 +/- 91.31
Episode length: 818.10 +/- 184.31
------------------------------------------
| eval/                   |              |
|    mean_ep_length       | 818          |
|    mean_reward          | 14.2         |
| time/                   |              |
|    total_timesteps      | 786432       |
| train/                  |              |
|    approx_kl            | 0.0028089853 |
|    clip_fraction        | 0.0162       |
|    clip_range           | 0.2          |
|    entropy_loss         | -2.72        |
|    explained_variance   | 0.943        |
|    learning_rate        | 0.0003       |
|    loss                 | 11.7         |
|    n_updates            | 188          |
|    policy_gradient_loss | 0.000427     |
|    std                  | 0.946        |
|    value_loss           | 62.8         |
------------------------------------------
---------------------------------
| rollout/           |          |
|    ep_len_mean     | 789      |
|    ep_rew_mean     | 74.6     |
| time/              |          |
|    fps             | 3858     |
|    iterations      | 48       |
|    time_elapsed    | 203      |
|    total_timesteps | 786432   |
---------------------------------
Eval num_timesteps=819200, episode_reward=136.55 +/- 95.59
Episode length: 762.50 +/- 112.20
------------------------------------------
| eval/                   |              |
|    mean_ep_length       | 762          |
|    mean_reward          | 137          |
| time/                   |              |
|    total_timesteps      | 819200       |
| train/                  |              |
|    approx_kl            | 0.0032372335 |
|    clip_fraction        | 0.0146       |
|    clip_range           | 0.2          |
|    entropy_loss         | -2.74        |
|    explained_variance   | 0.968        |
|    learning_rate        | 0.0003       |
|    loss                 | 21.4         |
|    n_updates            | 196          |
|    policy_gradient_loss | -0.00016     |
|    std                  | 0.947        |
|    value_loss           | 36.9         |
------------------------------------------
Eval num_timesteps=851968, episode_reward=92.57 +/- 117.03
Episode length: 705.80 +/- 104.14
------------------------------------------
| eval/                   |              |
|    mean_ep_length       | 706          |
|    mean_reward          | 92.6         |
| time/                   |              |
|    total_timesteps      | 851968       |
| train/                  |              |
|    approx_kl            | 0.0031726835 |
|    clip_fraction        | 0.0217       |
|    clip_range           | 0.2          |
|    entropy_loss         | -2.72        |
|    explained_variance   | 0.941        |
|    learning_rate        | 0.0003       |
|    loss                 | 53.1         |
|    n_updates            | 204          |
|    policy_gradient_loss | -3.17e-05    |
|    std                  | 0.942        |
|    value_loss           | 64.7         |
------------------------------------------
---------------------------------
| rollout/           |          |
|    ep_len_mean     | 850      |
|    ep_rew_mean     | 87.1     |
| time/              |          |
|    fps             | 3823     |
|    iterations      | 52       |
|    time_elapsed    | 222      |
|    total_timesteps | 851968   |
---------------------------------
Eval num_timesteps=884736, episode_reward=163.98 +/- 27.85
Episode length: 798.50 +/- 83.25
------------------------------------------
| eval/                   |              |
|    mean_ep_length       | 798          |
|    mean_reward          | 164          |
| time/                   |              |
|    total_timesteps      | 884736       |
| train/                  |              |
|    approx_kl            | 0.0027087126 |
|    clip_fraction        | 0.0188       |
|    clip_range           | 0.2          |
|    entropy_loss         | -2.7         |
|    explained_variance   | 0.942        |
|    learning_rate        | 0.0003       |
|    loss                 | 32.3         |
|    n_updates            | 212          |
|    policy_gradient_loss | -0.000128    |
|    std                  | 0.93         |
|    value_loss           | 60.2         |
------------------------------------------
Eval num_timesteps=917504, episode_reward=138.99 +/- 121.20
Episode length: 644.20 +/- 70.86
------------------------------------------
| eval/                   |              |
|    mean_ep_length       | 644          |
|    mean_reward          | 139          |
| time/                   |              |
|    total_timesteps      | 917504       |
| train/                  |              |
|    approx_kl            | 0.0033603667 |
|    clip_fraction        | 0.0212       |
|    clip_range           | 0.2          |
|    entropy_loss         | -2.7         |
|    explained_variance   | 0.935        |
|    learning_rate        | 0.0003       |
|    loss                 | 33.3         |
|    n_updates            | 220          |
|    policy_gradient_loss | 5.5e-05      |
|    std                  | 0.935        |
|    value_loss           | 60.4         |
------------------------------------------
---------------------------------
| rollout/           |          |
|    ep_len_mean     | 787      |
|    ep_rew_mean     | 82.1     |
| time/              |          |
|    fps             | 3792     |
|    iterations      | 56       |
|    time_elapsed    | 241      |
|    total_timesteps | 917504   |
---------------------------------
Eval num_timesteps=950272, episode_reward=-34.19 +/- 44.01
Episode length: 985.40 +/- 43.80
------------------------------------------
| eval/                   |              |
|    mean_ep_length       | 985          |
|    mean_reward          | -34.2        |
| time/                   |              |
|    total_timesteps      | 950272       |
| train/                  |              |
|    approx_kl            | 0.0024732612 |
|    clip_fraction        | 0.0169       |
|    clip_range           | 0.2          |
|    entropy_loss         | -2.71        |
|    explained_variance   | 0.926        |
|    learning_rate        | 0.0003       |
|    loss                 | 46.7         |
|    n_updates            | 228          |
|    policy_gradient_loss | -4.45e-05    |
|    std                  | 0.942        |
|    value_loss           | 70.2         |
------------------------------------------
Eval num_timesteps=983040, episode_reward=51.36 +/- 92.03
Episode length: 962.60 +/- 46.23
------------------------------------------
| eval/                   |              |
|    mean_ep_length       | 963          |
|    mean_reward          | 51.4         |
| time/                   |              |
|    total_timesteps      | 983040       |
| train/                  |              |
|    approx_kl            | 0.0025370836 |
|    clip_fraction        | 0.0162       |
|    clip_range           | 0.2          |
|    entropy_loss         | -2.71        |
|    explained_variance   | 0.921        |
|    learning_rate        | 0.0003       |
|    loss                 | 42.9         |
|    n_updates            | 236          |
|    policy_gradient_loss | -0.000111    |
|    std                  | 0.938        |
|    value_loss           | 61.2         |
------------------------------------------
---------------------------------
| rollout/           |          |
|    ep_len_mean     | 849      |
|    ep_rew_mean     | 86       |
| time/              |          |
|    fps             | 3752     |
|    iterations      | 60       |
|    time_elapsed    | 261      |
|    total_timesteps | 983040   |
---------------------------------
Eval num_timesteps=1015808, episode_reward=138.43 +/- 43.63
Episode length: 870.70 +/- 72.23
------------------------------------------
| eval/                   |              |
|    mean_ep_length       | 871          |
|    mean_reward          | 138          |
| time/                   |              |
|    total_timesteps      | 1015808      |
| train/                  |              |
|    approx_kl            | 0.0038151513 |
|    clip_fraction        | 0.0363       |
|    clip_range           | 0.2          |
|    entropy_loss         | -2.73        |
|    explained_variance   | 0.946        |
|    learning_rate        | 0.0003       |
|    loss                 | 29.8         |
|    n_updates            | 244          |
|    policy_gradient_loss | -6.84e-05    |
|    std                  | 0.952        |
|    value_loss           | 46.4         |
------------------------------------------
Eval num_timesteps=1048576, episode_reward=92.47 +/- 114.10
Episode length: 774.90 +/- 76.04
------------------------------------------
| eval/                   |              |
|    mean_ep_length       | 775          |
|    mean_reward          | 92.5         |
| time/                   |              |
|    total_timesteps      | 1048576      |
| train/                  |              |
|    approx_kl            | 0.0039859926 |
|    clip_fraction        | 0.0274       |
|    clip_range           | 0.2          |
|    entropy_loss         | -2.72        |
|    explained_variance   | 0.92         |
|    learning_rate        | 0.0003       |
|    loss                 | 43.7         |
|    n_updates            | 252          |
|    policy_gradient_loss | -0.000838    |
|    std                  | 0.942        |
|    value_loss           | 61.9         |
------------------------------------------
---------------------------------
| rollout/           |          |
|    ep_len_mean     | 931      |
|    ep_rew_mean     | 90.3     |
| time/              |          |
|    fps             | 3731     |
|    iterations      | 64       |
|    time_elapsed    | 280      |
|    total_timesteps | 1048576  |
---------------------------------
Wrapping the env in a DummyVecEnv.
rbf_64 after training: mean_reward=165.04 +/- 36.53

=== Training variant: rbf_192 ===
/home/leopold/anaconda3/envs/sac_sb3_demo/lib/python3.12/site-packages/pygame/pkgdata.py:25: UserWarning: pkg_resources is deprecated as an API. See https://setuptools.pypa.io/en/latest/pkg_resources.html. The pkg_resources package is slated for removal as early as 2025-11-30. Refrain from using this package or pin to Setuptools<81.
  from pkg_resources import resource_stream, resource_exists
/home/leopold/anaconda3/envs/sac_sb3_demo/lib/python3.12/site-packages/pygame/pkgdata.py:25: UserWarning: pkg_resources is deprecated as an API. See https://setuptools.pypa.io/en/latest/pkg_resources.html. The pkg_resources package is slated for removal as early as 2025-11-30. Refrain from using this package or pin to Setuptools<81.
  from pkg_resources import resource_stream, resource_exists
/home/leopold/anaconda3/envs/sac_sb3_demo/lib/python3.12/site-packages/pygame/pkgdata.py:25: UserWarning: pkg_resources is deprecated as an API. See https://setuptools.pypa.io/en/latest/pkg_resources.html. The pkg_resources package is slated for removal as early as 2025-11-30. Refrain from using this package or pin to Setuptools<81.
  from pkg_resources import resource_stream, resource_exists
/home/leopold/anaconda3/envs/sac_sb3_demo/lib/python3.12/site-packages/pygame/pkgdata.py:25: UserWarning: pkg_resources is deprecated as an API. See https://setuptools.pypa.io/en/latest/pkg_resources.html. The pkg_resources package is slated for removal as early as 2025-11-30. Refrain from using this package or pin to Setuptools<81.
  from pkg_resources import resource_stream, resource_exists
/home/leopold/anaconda3/envs/sac_sb3_demo/lib/python3.12/site-packages/pygame/pkgdata.py:25: UserWarning: pkg_resources is deprecated as an API. See https://setuptools.pypa.io/en/latest/pkg_resources.html. The pkg_resources package is slated for removal as early as 2025-11-30. Refrain from using this package or pin to Setuptools<81.
  from pkg_resources import resource_stream, resource_exists
/home/leopold/anaconda3/envs/sac_sb3_demo/lib/python3.12/site-packages/pygame/pkgdata.py:25: UserWarning: pkg_resources is deprecated as an API. See https://setuptools.pypa.io/en/latest/pkg_resources.html. The pkg_resources package is slated for removal as early as 2025-11-30. Refrain from using this package or pin to Setuptools<81.
  from pkg_resources import resource_stream, resource_exists
/home/leopold/anaconda3/envs/sac_sb3_demo/lib/python3.12/site-packages/pygame/pkgdata.py:25: UserWarning: pkg_resources is deprecated as an API. See https://setuptools.pypa.io/en/latest/pkg_resources.html. The pkg_resources package is slated for removal as early as 2025-11-30. Refrain from using this package or pin to Setuptools<81.
  from pkg_resources import resource_stream, resource_exists
/home/leopold/anaconda3/envs/sac_sb3_demo/lib/python3.12/site-packages/pygame/pkgdata.py:25: UserWarning: pkg_resources is deprecated as an API. See https://setuptools.pypa.io/en/latest/pkg_resources.html. The pkg_resources package is slated for removal as early as 2025-11-30. Refrain from using this package or pin to Setuptools<81.
  from pkg_resources import resource_stream, resource_exists
/home/leopold/anaconda3/envs/sac_sb3_demo/lib/python3.12/site-packages/pygame/pkgdata.py:25: UserWarning: pkg_resources is deprecated as an API. See https://setuptools.pypa.io/en/latest/pkg_resources.html. The pkg_resources package is slated for removal as early as 2025-11-30. Refrain from using this package or pin to Setuptools<81.
  from pkg_resources import resource_stream, resource_exists
/home/leopold/anaconda3/envs/sac_sb3_demo/lib/python3.12/site-packages/pygame/pkgdata.py:25: UserWarning: pkg_resources is deprecated as an API. See https://setuptools.pypa.io/en/latest/pkg_resources.html. The pkg_resources package is slated for removal as early as 2025-11-30. Refrain from using this package or pin to Setuptools<81.
  from pkg_resources import resource_stream, resource_exists
/home/leopold/anaconda3/envs/sac_sb3_demo/lib/python3.12/site-packages/pygame/pkgdata.py:25: UserWarning: pkg_resources is deprecated as an API. See https://setuptools.pypa.io/en/latest/pkg_resources.html. The pkg_resources package is slated for removal as early as 2025-11-30. Refrain from using this package or pin to Setuptools<81.
  from pkg_resources import resource_stream, resource_exists
/home/leopold/anaconda3/envs/sac_sb3_demo/lib/python3.12/site-packages/pygame/pkgdata.py:25: UserWarning: pkg_resources is deprecated as an API. See https://setuptools.pypa.io/en/latest/pkg_resources.html. The pkg_resources package is slated for removal as early as 2025-11-30. Refrain from using this package or pin to Setuptools<81.
  from pkg_resources import resource_stream, resource_exists
/home/leopold/anaconda3/envs/sac_sb3_demo/lib/python3.12/site-packages/pygame/pkgdata.py:25: UserWarning: pkg_resources is deprecated as an API. See https://setuptools.pypa.io/en/latest/pkg_resources.html. The pkg_resources package is slated for removal as early as 2025-11-30. Refrain from using this package or pin to Setuptools<81.
  from pkg_resources import resource_stream, resource_exists
/home/leopold/anaconda3/envs/sac_sb3_demo/lib/python3.12/site-packages/pygame/pkgdata.py:25: UserWarning: pkg_resources is deprecated as an API. See https://setuptools.pypa.io/en/latest/pkg_resources.html. The pkg_resources package is slated for removal as early as 2025-11-30. Refrain from using this package or pin to Setuptools<81.
  from pkg_resources import resource_stream, resource_exists
/home/leopold/anaconda3/envs/sac_sb3_demo/lib/python3.12/site-packages/pygame/pkgdata.py:25: UserWarning: pkg_resources is deprecated as an API. See https://setuptools.pypa.io/en/latest/pkg_resources.html. The pkg_resources package is slated for removal as early as 2025-11-30. Refrain from using this package or pin to Setuptools<81.
  from pkg_resources import resource_stream, resource_exists
/home/leopold/anaconda3/envs/sac_sb3_demo/lib/python3.12/site-packages/pygame/pkgdata.py:25: UserWarning: pkg_resources is deprecated as an API. See https://setuptools.pypa.io/en/latest/pkg_resources.html. The pkg_resources package is slated for removal as early as 2025-11-30. Refrain from using this package or pin to Setuptools<81.
  from pkg_resources import resource_stream, resource_exists
Using cuda device
rbf_192 before training: mean_reward=-261.14 +/- 89.41
Logging to runs/lunarlander_ppo_rbf/ppo-rbf-20260727_211945-seed456/rbf_192_1
/home/leopold/anaconda3/envs/sac_sb3_demo/lib/python3.12/site-packages/stable_baselines3/common/callbacks.py:418: UserWarning: Training and eval env are not of the same type<stable_baselines3.common.vec_env.subproc_vec_env.SubprocVecEnv object at 0x7206253f9040> != <stable_baselines3.common.vec_env.dummy_vec_env.DummyVecEnv object at 0x7206250a4320>
  warnings.warn("Training and eval env are not of the same type" f"{self.training_env} != {self.eval_env}")
Eval num_timesteps=32768, episode_reward=-98.03 +/- 43.45
Episode length: 62.80 +/- 11.19
-----------------------------------------
| eval/                   |             |
|    mean_ep_length       | 62.8        |
|    mean_reward          | -98         |
| time/                   |             |
|    total_timesteps      | 32768       |
| train/                  |             |
|    approx_kl            | 0.006826666 |
|    clip_fraction        | 0.0552      |
|    clip_range           | 0.2         |
|    entropy_loss         | -2.85       |
|    explained_variance   | -0.000982   |
|    learning_rate        | 0.0003      |
|    loss                 | 2.91e+03    |
|    n_updates            | 4           |
|    policy_gradient_loss | -0.00494    |
|    std                  | 1.01        |
|    value_loss           | 8.66e+03    |
-----------------------------------------
New best mean reward!
Eval num_timesteps=65536, episode_reward=-124.26 +/- 48.78
Episode length: 73.00 +/- 10.47
------------------------------------------
| eval/                   |              |
|    mean_ep_length       | 73           |
|    mean_reward          | -124         |
| time/                   |              |
|    total_timesteps      | 65536        |
| train/                  |              |
|    approx_kl            | 0.0066728555 |
|    clip_fraction        | 0.063        |
|    clip_range           | 0.2          |
|    entropy_loss         | -2.86        |
|    explained_variance   | -0.284       |
|    learning_rate        | 0.0003       |
|    loss                 | 869          |
|    n_updates            | 12           |
|    policy_gradient_loss | -0.00378     |
|    std                  | 1.01         |
|    value_loss           | 1.9e+03      |
------------------------------------------
---------------------------------
| rollout/           |          |
|    ep_len_mean     | 109      |
|    ep_rew_mean     | -147     |
| time/              |          |
|    fps             | 5044     |
|    iterations      | 4        |
|    time_elapsed    | 12       |
|    total_timesteps | 65536    |
---------------------------------
Eval num_timesteps=98304, episode_reward=-99.20 +/- 74.36
Episode length: 83.40 +/- 14.85
-----------------------------------------
| eval/                   |             |
|    mean_ep_length       | 83.4        |
|    mean_reward          | -99.2       |
| time/                   |             |
|    total_timesteps      | 98304       |
| train/                  |             |
|    approx_kl            | 0.005040394 |
|    clip_fraction        | 0.06        |
|    clip_range           | 0.2         |
|    entropy_loss         | -2.86       |
|    explained_variance   | 0.122       |
|    learning_rate        | 0.0003      |
|    loss                 | 133         |
|    n_updates            | 20          |
|    policy_gradient_loss | -0.00234    |
|    std                  | 1.01        |
|    value_loss           | 566         |
-----------------------------------------
Eval num_timesteps=131072, episode_reward=-48.29 +/- 75.04
Episode length: 135.90 +/- 78.91
------------------------------------------
| eval/                   |              |
|    mean_ep_length       | 136          |
|    mean_reward          | -48.3        |
| time/                   |              |
|    total_timesteps      | 131072       |
| train/                  |              |
|    approx_kl            | 0.0054777022 |
|    clip_fraction        | 0.0458       |
|    clip_range           | 0.2          |
|    entropy_loss         | -2.85        |
|    explained_variance   | 0.32         |
|    learning_rate        | 0.0003       |
|    loss                 | 134          |
|    n_updates            | 28           |
|    policy_gradient_loss | -0.000796    |
|    std                  | 1            |
|    value_loss           | 474          |
------------------------------------------
New best mean reward!
---------------------------------
| rollout/           |          |
|    ep_len_mean     | 155      |
|    ep_rew_mean     | -54.8    |
| time/              |          |
|    fps             | 4731     |
|    iterations      | 8        |
|    time_elapsed    | 27       |
|    total_timesteps | 131072   |
---------------------------------
Eval num_timesteps=163840, episode_reward=-107.97 +/- 75.78
Episode length: 124.60 +/- 42.31
-----------------------------------------
| eval/                   |             |
|    mean_ep_length       | 125         |
|    mean_reward          | -108        |
| time/                   |             |
|    total_timesteps      | 163840      |
| train/                  |             |
|    approx_kl            | 0.004797717 |
|    clip_fraction        | 0.0381      |
|    clip_range           | 0.2         |
|    entropy_loss         | -2.82       |
|    explained_variance   | 0.474       |
|    learning_rate        | 0.0003      |
|    loss                 | 174         |
|    n_updates            | 36          |
|    policy_gradient_loss | -0.000727   |
|    std                  | 0.986       |
|    value_loss           | 343         |
-----------------------------------------
Eval num_timesteps=196608, episode_reward=-94.00 +/- 43.19
Episode length: 113.40 +/- 21.32
-----------------------------------------
| eval/                   |             |
|    mean_ep_length       | 113         |
|    mean_reward          | -94         |
| time/                   |             |
|    total_timesteps      | 196608      |
| train/                  |             |
|    approx_kl            | 0.005161088 |
|    clip_fraction        | 0.0445      |
|    clip_range           | 0.2         |
|    entropy_loss         | -2.8        |
|    explained_variance   | 0.699       |
|    learning_rate        | 0.0003      |
|    loss                 | 200         |
|    n_updates            | 44          |
|    policy_gradient_loss | -0.00178    |
|    std                  | 0.977       |
|    value_loss           | 291         |
-----------------------------------------
---------------------------------
| rollout/           |          |
|    ep_len_mean     | 138      |
|    ep_rew_mean     | -28      |
| time/              |          |
|    fps             | 4578     |
|    iterations      | 12       |
|    time_elapsed    | 42       |
|    total_timesteps | 196608   |
---------------------------------
Eval num_timesteps=229376, episode_reward=-33.87 +/- 85.81
Episode length: 131.90 +/- 37.81
-----------------------------------------
| eval/                   |             |
|    mean_ep_length       | 132         |
|    mean_reward          | -33.9       |
| time/                   |             |
|    total_timesteps      | 229376      |
| train/                  |             |
|    approx_kl            | 0.006292308 |
|    clip_fraction        | 0.0774      |
|    clip_range           | 0.2         |
|    entropy_loss         | -2.76       |
|    explained_variance   | 0.826       |
|    learning_rate        | 0.0003      |
|    loss                 | 119         |
|    n_updates            | 52          |
|    policy_gradient_loss | -0.00343    |
|    std                  | 0.962       |
|    value_loss           | 215         |
-----------------------------------------
New best mean reward!
Eval num_timesteps=262144, episode_reward=32.25 +/- 120.49
Episode length: 180.60 +/- 71.20
-----------------------------------------
| eval/                   |             |
|    mean_ep_length       | 181         |
|    mean_reward          | 32.3        |
| time/                   |             |
|    total_timesteps      | 262144      |
| train/                  |             |
|    approx_kl            | 0.005074512 |
|    clip_fraction        | 0.0605      |
|    clip_range           | 0.2         |
|    entropy_loss         | -2.75       |
|    explained_variance   | 0.867       |
|    learning_rate        | 0.0003      |
|    loss                 | 124         |
|    n_updates            | 60          |
|    policy_gradient_loss | -0.00189    |
|    std                  | 0.955       |
|    value_loss           | 254         |
-----------------------------------------
New best mean reward!
---------------------------------
| rollout/           |          |
|    ep_len_mean     | 138      |
|    ep_rew_mean     | -5.52    |
| time/              |          |
|    fps             | 4509     |
|    iterations      | 16       |
|    time_elapsed    | 58       |
|    total_timesteps | 262144   |
---------------------------------
Eval num_timesteps=294912, episode_reward=47.60 +/- 161.94
Episode length: 248.80 +/- 112.03
------------------------------------------
| eval/                   |              |
|    mean_ep_length       | 249          |
|    mean_reward          | 47.6         |
| time/                   |              |
|    total_timesteps      | 294912       |
| train/                  |              |
|    approx_kl            | 0.0045467373 |
|    clip_fraction        | 0.052        |
|    clip_range           | 0.2          |
|    entropy_loss         | -2.72        |
|    explained_variance   | 0.925        |
|    learning_rate        | 0.0003       |
|    loss                 | 131          |
|    n_updates            | 68           |
|    policy_gradient_loss | -0.000698    |
|    std                  | 0.939        |
|    value_loss           | 175          |
------------------------------------------
New best mean reward!
Eval num_timesteps=327680, episode_reward=-15.44 +/- 134.38
Episode length: 226.30 +/- 92.62
------------------------------------------
| eval/                   |              |
|    mean_ep_length       | 226          |
|    mean_reward          | -15.4        |
| time/                   |              |
|    total_timesteps      | 327680       |
| train/                  |              |
|    approx_kl            | 0.0062970705 |
|    clip_fraction        | 0.0743       |
|    clip_range           | 0.2          |
|    entropy_loss         | -2.69        |
|    explained_variance   | 0.948        |
|    learning_rate        | 0.0003       |
|    loss                 | 81.6         |
|    n_updates            | 76           |
|    policy_gradient_loss | -0.000324    |
|    std                  | 0.929        |
|    value_loss           | 123          |
------------------------------------------
---------------------------------
| rollout/           |          |
|    ep_len_mean     | 309      |
|    ep_rew_mean     | 7.32     |
| time/              |          |
|    fps             | 4422     |
|    iterations      | 20       |
|    time_elapsed    | 74       |
|    total_timesteps | 327680   |
---------------------------------
Eval num_timesteps=360448, episode_reward=15.16 +/- 138.08
Episode length: 271.60 +/- 79.97
-----------------------------------------
| eval/                   |             |
|    mean_ep_length       | 272         |
|    mean_reward          | 15.2        |
| time/                   |             |
|    total_timesteps      | 360448      |
| train/                  |             |
|    approx_kl            | 0.004627008 |
|    clip_fraction        | 0.0408      |
|    clip_range           | 0.2         |
|    entropy_loss         | -2.66       |
|    explained_variance   | 0.919       |
|    learning_rate        | 0.0003      |
|    loss                 | 53.6        |
|    n_updates            | 84          |
|    policy_gradient_loss | 4.8e-05     |
|    std                  | 0.915       |
|    value_loss           | 189         |
-----------------------------------------
Eval num_timesteps=393216, episode_reward=-9.36 +/- 128.73
Episode length: 236.10 +/- 54.84
-----------------------------------------
| eval/                   |             |
|    mean_ep_length       | 236         |
|    mean_reward          | -9.36       |
| time/                   |             |
|    total_timesteps      | 393216      |
| train/                  |             |
|    approx_kl            | 0.004527444 |
|    clip_fraction        | 0.0503      |
|    clip_range           | 0.2         |
|    entropy_loss         | -2.64       |
|    explained_variance   | 0.956       |
|    learning_rate        | 0.0003      |
|    loss                 | 30.4        |
|    n_updates            | 92          |
|    policy_gradient_loss | -0.000373   |
|    std                  | 0.904       |
|    value_loss           | 80.2        |
-----------------------------------------
---------------------------------
| rollout/           |          |
|    ep_len_mean     | 551      |
|    ep_rew_mean     | 35       |
| time/              |          |
|    fps             | 4352     |
|    iterations      | 24       |
|    time_elapsed    | 90       |
|    total_timesteps | 393216   |
---------------------------------
Eval num_timesteps=425984, episode_reward=107.30 +/- 136.95
Episode length: 337.30 +/- 108.00
-----------------------------------------
| eval/                   |             |
|    mean_ep_length       | 337         |
|    mean_reward          | 107         |
| time/                   |             |
|    total_timesteps      | 425984      |
| train/                  |             |
|    approx_kl            | 0.004699163 |
|    clip_fraction        | 0.0477      |
|    clip_range           | 0.2         |
|    entropy_loss         | -2.62       |
|    explained_variance   | 0.941       |
|    learning_rate        | 0.0003      |
|    loss                 | 56.9        |
|    n_updates            | 100         |
|    policy_gradient_loss | 0.000179    |
|    std                  | 0.896       |
|    value_loss           | 119         |
-----------------------------------------
New best mean reward!
Eval num_timesteps=458752, episode_reward=152.52 +/- 101.92
Episode length: 392.20 +/- 94.49
-----------------------------------------
| eval/                   |             |
|    mean_ep_length       | 392         |
|    mean_reward          | 153         |
| time/                   |             |
|    total_timesteps      | 458752      |
| train/                  |             |
|    approx_kl            | 0.005822318 |
|    clip_fraction        | 0.0718      |
|    clip_range           | 0.2         |
|    entropy_loss         | -2.6        |
|    explained_variance   | 0.935       |
|    learning_rate        | 0.0003      |
|    loss                 | 64.7        |
|    n_updates            | 108         |
|    policy_gradient_loss | -4.19e-05   |
|    std                  | 0.883       |
|    value_loss           | 112         |
-----------------------------------------
New best mean reward!
---------------------------------
| rollout/           |          |
|    ep_len_mean     | 697      |
|    ep_rew_mean     | 54.6     |
| time/              |          |
|    fps             | 4292     |
|    iterations      | 28       |
|    time_elapsed    | 106      |
|    total_timesteps | 458752   |
---------------------------------
Eval num_timesteps=491520, episode_reward=-6.07 +/- 124.73
Episode length: 269.00 +/- 72.66
------------------------------------------
| eval/                   |              |
|    mean_ep_length       | 269          |
|    mean_reward          | -6.07        |
| time/                   |              |
|    total_timesteps      | 491520       |
| train/                  |              |
|    approx_kl            | 0.0036559892 |
|    clip_fraction        | 0.0439       |
|    clip_range           | 0.2          |
|    entropy_loss         | -2.58        |
|    explained_variance   | 0.946        |
|    learning_rate        | 0.0003       |
|    loss                 | 43.4         |
|    n_updates            | 116          |
|    policy_gradient_loss | 0.000473     |
|    std                  | 0.88         |
|    value_loss           | 87.8         |
------------------------------------------
Eval num_timesteps=524288, episode_reward=103.63 +/- 121.56
Episode length: 272.70 +/- 53.41
----------------------------------------
| eval/                   |            |
|    mean_ep_length       | 273        |
|    mean_reward          | 104        |
| time/                   |            |
|    total_timesteps      | 524288     |
| train/                  |            |
|    approx_kl            | 0.00490426 |
|    clip_fraction        | 0.0452     |
|    clip_range           | 0.2        |
|    entropy_loss         | -2.58      |
|    explained_variance   | 0.93       |
|    learning_rate        | 0.0003     |
|    loss                 | 89         |
|    n_updates            | 124        |
|    policy_gradient_loss | 0.000541   |
|    std                  | 0.881      |
|    value_loss           | 113        |
----------------------------------------
---------------------------------
| rollout/           |          |
|    ep_len_mean     | 613      |
|    ep_rew_mean     | 55.9     |
| time/              |          |
|    fps             | 4272     |
|    iterations      | 32       |
|    time_elapsed    | 122      |
|    total_timesteps | 524288   |
---------------------------------
Eval num_timesteps=557056, episode_reward=100.62 +/- 136.08
Episode length: 309.00 +/- 67.77
-----------------------------------------
| eval/                   |             |
|    mean_ep_length       | 309         |
|    mean_reward          | 101         |
| time/                   |             |
|    total_timesteps      | 557056      |
| train/                  |             |
|    approx_kl            | 0.005007613 |
|    clip_fraction        | 0.0556      |
|    clip_range           | 0.2         |
|    entropy_loss         | -2.58       |
|    explained_variance   | 0.951       |
|    learning_rate        | 0.0003      |
|    loss                 | 39.3        |
|    n_updates            | 132         |
|    policy_gradient_loss | 7.89e-05    |
|    std                  | 0.881       |
|    value_loss           | 85.3        |
-----------------------------------------
Eval num_timesteps=589824, episode_reward=141.90 +/- 103.80
Episode length: 366.20 +/- 114.79
------------------------------------------
| eval/                   |              |
|    mean_ep_length       | 366          |
|    mean_reward          | 142          |
| time/                   |              |
|    total_timesteps      | 589824       |
| train/                  |              |
|    approx_kl            | 0.0038734905 |
|    clip_fraction        | 0.0382       |
|    clip_range           | 0.2          |
|    entropy_loss         | -2.57        |
|    explained_variance   | 0.932        |
|    learning_rate        | 0.0003       |
|    loss                 | 54.6         |
|    n_updates            | 140          |
|    policy_gradient_loss | 0.000733     |
|    std                  | 0.874        |
|    value_loss           | 99.9         |
------------------------------------------
---------------------------------
| rollout/           |          |
|    ep_len_mean     | 594      |
|    ep_rew_mean     | 67.3     |
| time/              |          |
|    fps             | 4250     |
|    iterations      | 36       |
|    time_elapsed    | 138      |
|    total_timesteps | 589824   |
---------------------------------
Eval num_timesteps=622592, episode_reward=109.39 +/- 148.28
Episode length: 335.10 +/- 29.15
------------------------------------------
| eval/                   |              |
|    mean_ep_length       | 335          |
|    mean_reward          | 109          |
| time/                   |              |
|    total_timesteps      | 622592       |
| train/                  |              |
|    approx_kl            | 0.0041347076 |
|    clip_fraction        | 0.0423       |
|    clip_range           | 0.2          |
|    entropy_loss         | -2.56        |
|    explained_variance   | 0.917        |
|    learning_rate        | 0.0003       |
|    loss                 | 110          |
|    n_updates            | 148          |
|    policy_gradient_loss | -1.04e-05    |
|    std                  | 0.867        |
|    value_loss           | 110          |
------------------------------------------
Eval num_timesteps=655360, episode_reward=126.91 +/- 132.66
Episode length: 285.20 +/- 57.52
-----------------------------------------
| eval/                   |             |
|    mean_ep_length       | 285         |
|    mean_reward          | 127         |
| time/                   |             |
|    total_timesteps      | 655360      |
| train/                  |             |
|    approx_kl            | 0.004383819 |
|    clip_fraction        | 0.0444      |
|    clip_range           | 0.2         |
|    entropy_loss         | -2.53       |
|    explained_variance   | 0.895       |
|    learning_rate        | 0.0003      |
|    loss                 | 28.6        |
|    n_updates            | 156         |
|    policy_gradient_loss | 0.000487    |
|    std                  | 0.858       |
|    value_loss           | 148         |
-----------------------------------------
---------------------------------
| rollout/           |          |
|    ep_len_mean     | 626      |
|    ep_rew_mean     | 70.3     |
| time/              |          |
|    fps             | 4232     |
|    iterations      | 40       |
|    time_elapsed    | 154      |
|    total_timesteps | 655360   |
---------------------------------
Eval num_timesteps=688128, episode_reward=48.96 +/- 153.81
Episode length: 341.30 +/- 129.35
-----------------------------------------
| eval/                   |             |
|    mean_ep_length       | 341         |
|    mean_reward          | 49          |
| time/                   |             |
|    total_timesteps      | 688128      |
| train/                  |             |
|    approx_kl            | 0.005127362 |
|    clip_fraction        | 0.0526      |
|    clip_range           | 0.2         |
|    entropy_loss         | -2.54       |
|    explained_variance   | 0.9         |
|    learning_rate        | 0.0003      |
|    loss                 | 69.9        |
|    n_updates            | 164         |
|    policy_gradient_loss | 0.000203    |
|    std                  | 0.862       |
|    value_loss           | 116         |
-----------------------------------------
Eval num_timesteps=720896, episode_reward=164.28 +/- 109.35
Episode length: 345.60 +/- 51.03
-----------------------------------------
| eval/                   |             |
|    mean_ep_length       | 346         |
|    mean_reward          | 164         |
| time/                   |             |
|    total_timesteps      | 720896      |
| train/                  |             |
|    approx_kl            | 0.004237926 |
|    clip_fraction        | 0.0377      |
|    clip_range           | 0.2         |
|    entropy_loss         | -2.53       |
|    explained_variance   | 0.867       |
|    learning_rate        | 0.0003      |
|    loss                 | 86.3        |
|    n_updates            | 172         |
|    policy_gradient_loss | 0.00115     |
|    std                  | 0.862       |
|    value_loss           | 140         |
-----------------------------------------
New best mean reward!
---------------------------------
| rollout/           |          |
|    ep_len_mean     | 581      |
|    ep_rew_mean     | 41.7     |
| time/              |          |
|    fps             | 4202     |
|    iterations      | 44       |
|    time_elapsed    | 171      |
|    total_timesteps | 720896   |
---------------------------------
Eval num_timesteps=753664, episode_reward=186.21 +/- 84.06
Episode length: 400.70 +/- 97.53
-----------------------------------------
| eval/                   |             |
|    mean_ep_length       | 401         |
|    mean_reward          | 186         |
| time/                   |             |
|    total_timesteps      | 753664      |
| train/                  |             |
|    approx_kl            | 0.005684086 |
|    clip_fraction        | 0.0569      |
|    clip_range           | 0.2         |
|    entropy_loss         | -2.52       |
|    explained_variance   | 0.875       |
|    learning_rate        | 0.0003      |
|    loss                 | 71.7        |
|    n_updates            | 180         |
|    policy_gradient_loss | 0.00112     |
|    std                  | 0.853       |
|    value_loss           | 133         |
-----------------------------------------
New best mean reward!
Eval num_timesteps=786432, episode_reward=197.13 +/- 121.32
Episode length: 333.40 +/- 43.30
------------------------------------------
| eval/                   |              |
|    mean_ep_length       | 333          |
|    mean_reward          | 197          |
| time/                   |              |
|    total_timesteps      | 786432       |
| train/                  |              |
|    approx_kl            | 0.0055588055 |
|    clip_fraction        | 0.0565       |
|    clip_range           | 0.2          |
|    entropy_loss         | -2.51        |
|    explained_variance   | 0.853        |
|    learning_rate        | 0.0003       |
|    loss                 | 68.6         |
|    n_updates            | 188          |
|    policy_gradient_loss | 0.000407     |
|    std                  | 0.854        |
|    value_loss           | 167          |
------------------------------------------
New best mean reward!
---------------------------------
| rollout/           |          |
|    ep_len_mean     | 728      |
|    ep_rew_mean     | 84.2     |
| time/              |          |
|    fps             | 4175     |
|    iterations      | 48       |
|    time_elapsed    | 188      |
|    total_timesteps | 786432   |
---------------------------------
Eval num_timesteps=819200, episode_reward=148.28 +/- 113.21
Episode length: 363.60 +/- 105.43
------------------------------------------
| eval/                   |              |
|    mean_ep_length       | 364          |
|    mean_reward          | 148          |
| time/                   |              |
|    total_timesteps      | 819200       |
| train/                  |              |
|    approx_kl            | 0.0042465245 |
|    clip_fraction        | 0.044        |
|    clip_range           | 0.2          |
|    entropy_loss         | -2.54        |
|    explained_variance   | 0.855        |
|    learning_rate        | 0.0003       |
|    loss                 | 122          |
|    n_updates            | 196          |
|    policy_gradient_loss | -0.000596    |
|    std                  | 0.864        |
|    value_loss           | 158          |
------------------------------------------
Eval num_timesteps=851968, episode_reward=141.90 +/- 117.51
Episode length: 273.70 +/- 41.29
------------------------------------------
| eval/                   |              |
|    mean_ep_length       | 274          |
|    mean_reward          | 142          |
| time/                   |              |
|    total_timesteps      | 851968       |
| train/                  |              |
|    approx_kl            | 0.0041290056 |
|    clip_fraction        | 0.0374       |
|    clip_range           | 0.2          |
|    entropy_loss         | -2.55        |
|    explained_variance   | 0.795        |
|    learning_rate        | 0.0003       |
|    loss                 | 84.8         |
|    n_updates            | 204          |
|    policy_gradient_loss | 0.000644     |
|    std                  | 0.87         |
|    value_loss           | 209          |
------------------------------------------
---------------------------------
| rollout/           |          |
|    ep_len_mean     | 693      |
|    ep_rew_mean     | 86.5     |
| time/              |          |
|    fps             | 4163     |
|    iterations      | 52       |
|    time_elapsed    | 204      |
|    total_timesteps | 851968   |
---------------------------------
Eval num_timesteps=884736, episode_reward=105.02 +/- 151.19
Episode length: 281.40 +/- 59.36
-----------------------------------------
| eval/                   |             |
|    mean_ep_length       | 281         |
|    mean_reward          | 105         |
| time/                   |             |
|    total_timesteps      | 884736      |
| train/                  |             |
|    approx_kl            | 0.004019005 |
|    clip_fraction        | 0.04        |
|    clip_range           | 0.2         |
|    entropy_loss         | -2.54       |
|    explained_variance   | 0.848       |
|    learning_rate        | 0.0003      |
|    loss                 | 53.1        |
|    n_updates            | 212         |
|    policy_gradient_loss | -3.94e-06   |
|    std                  | 0.857       |
|    value_loss           | 133         |
-----------------------------------------
Eval num_timesteps=917504, episode_reward=46.19 +/- 129.10
Episode length: 219.10 +/- 50.14
------------------------------------------
| eval/                   |              |
|    mean_ep_length       | 219          |
|    mean_reward          | 46.2         |
| time/                   |              |
|    total_timesteps      | 917504       |
| train/                  |              |
|    approx_kl            | 0.0044669528 |
|    clip_fraction        | 0.0366       |
|    clip_range           | 0.2          |
|    entropy_loss         | -2.53        |
|    explained_variance   | 0.777        |
|    learning_rate        | 0.0003       |
|    loss                 | 89.1         |
|    n_updates            | 220          |
|    policy_gradient_loss | 0.000389     |
|    std                  | 0.861        |
|    value_loss           | 251          |
------------------------------------------
---------------------------------
| rollout/           |          |
|    ep_len_mean     | 617      |
|    ep_rew_mean     | 85.1     |
| time/              |          |
|    fps             | 4162     |
|    iterations      | 56       |
|    time_elapsed    | 220      |
|    total_timesteps | 917504   |
---------------------------------
Eval num_timesteps=950272, episode_reward=177.82 +/- 108.68
Episode length: 320.20 +/- 54.52
------------------------------------------
| eval/                   |              |
|    mean_ep_length       | 320          |
|    mean_reward          | 178          |
| time/                   |              |
|    total_timesteps      | 950272       |
| train/                  |              |
|    approx_kl            | 0.0047475733 |
|    clip_fraction        | 0.0406       |
|    clip_range           | 0.2          |
|    entropy_loss         | -2.52        |
|    explained_variance   | 0.75         |
|    learning_rate        | 0.0003       |
|    loss                 | 95.4         |
|    n_updates            | 228          |
|    policy_gradient_loss | -0.000367    |
|    std                  | 0.849        |
|    value_loss           | 214          |
------------------------------------------
Eval num_timesteps=983040, episode_reward=165.52 +/- 137.49
Episode length: 434.00 +/- 72.84
------------------------------------------
| eval/                   |              |
|    mean_ep_length       | 434          |
|    mean_reward          | 166          |
| time/                   |              |
|    total_timesteps      | 983040       |
| train/                  |              |
|    approx_kl            | 0.0056055076 |
|    clip_fraction        | 0.0562       |
|    clip_range           | 0.2          |
|    entropy_loss         | -2.5         |
|    explained_variance   | 0.795        |
|    learning_rate        | 0.0003       |
|    loss                 | 109          |
|    n_updates            | 236          |
|    policy_gradient_loss | 0.00132      |
|    std                  | 0.847        |
|    value_loss           | 149          |
------------------------------------------
---------------------------------
| rollout/           |          |
|    ep_len_mean     | 744      |
|    ep_rew_mean     | 106      |
| time/              |          |
|    fps             | 4144     |
|    iterations      | 60       |
|    time_elapsed    | 237      |
|    total_timesteps | 983040   |
---------------------------------
Eval num_timesteps=1015808, episode_reward=28.97 +/- 109.43
Episode length: 824.90 +/- 172.47
------------------------------------------
| eval/                   |              |
|    mean_ep_length       | 825          |
|    mean_reward          | 29           |
| time/                   |              |
|    total_timesteps      | 1015808      |
| train/                  |              |
|    approx_kl            | 0.0041773627 |
|    clip_fraction        | 0.0441       |
|    clip_range           | 0.2          |
|    entropy_loss         | -2.52        |
|    explained_variance   | 0.755        |
|    learning_rate        | 0.0003       |
|    loss                 | 64.5         |
|    n_updates            | 244          |
|    policy_gradient_loss | 0.00056      |
|    std                  | 0.851        |
|    value_loss           | 170          |
------------------------------------------
Eval num_timesteps=1048576, episode_reward=148.03 +/- 91.17
Episode length: 578.90 +/- 159.68
------------------------------------------
| eval/                   |              |
|    mean_ep_length       | 579          |
|    mean_reward          | 148          |
| time/                   |              |
|    total_timesteps      | 1048576      |
| train/                  |              |
|    approx_kl            | 0.0047546476 |
|    clip_fraction        | 0.0427       |
|    clip_range           | 0.2          |
|    entropy_loss         | -2.52        |
|    explained_variance   | 0.802        |
|    learning_rate        | 0.0003       |
|    loss                 | 83.5         |
|    n_updates            | 252          |
|    policy_gradient_loss | 0.00113      |
|    std                  | 0.856        |
|    value_loss           | 128          |
------------------------------------------
---------------------------------
| rollout/           |          |
|    ep_len_mean     | 923      |
|    ep_rew_mean     | 108      |
| time/              |          |
|    fps             | 4094     |
|    iterations      | 64       |
|    time_elapsed    | 256      |
|    total_timesteps | 1048576  |
---------------------------------
Wrapping the env in a DummyVecEnv.
rbf_192 after training: mean_reward=82.98 +/- 127.44

=== Training variant: rbf_actor_mlp_critic_64 ===
/home/leopold/anaconda3/envs/sac_sb3_demo/lib/python3.12/site-packages/pygame/pkgdata.py:25: UserWarning: pkg_resources is deprecated as an API. See https://setuptools.pypa.io/en/latest/pkg_resources.html. The pkg_resources package is slated for removal as early as 2025-11-30. Refrain from using this package or pin to Setuptools<81.
  from pkg_resources import resource_stream, resource_exists
/home/leopold/anaconda3/envs/sac_sb3_demo/lib/python3.12/site-packages/pygame/pkgdata.py:25: UserWarning: pkg_resources is deprecated as an API. See https://setuptools.pypa.io/en/latest/pkg_resources.html. The pkg_resources package is slated for removal as early as 2025-11-30. Refrain from using this package or pin to Setuptools<81.
  from pkg_resources import resource_stream, resource_exists
/home/leopold/anaconda3/envs/sac_sb3_demo/lib/python3.12/site-packages/pygame/pkgdata.py:25: UserWarning: pkg_resources is deprecated as an API. See https://setuptools.pypa.io/en/latest/pkg_resources.html. The pkg_resources package is slated for removal as early as 2025-11-30. Refrain from using this package or pin to Setuptools<81.
  from pkg_resources import resource_stream, resource_exists
/home/leopold/anaconda3/envs/sac_sb3_demo/lib/python3.12/site-packages/pygame/pkgdata.py:25: UserWarning: pkg_resources is deprecated as an API. See https://setuptools.pypa.io/en/latest/pkg_resources.html. The pkg_resources package is slated for removal as early as 2025-11-30. Refrain from using this package or pin to Setuptools<81.
  from pkg_resources import resource_stream, resource_exists
/home/leopold/anaconda3/envs/sac_sb3_demo/lib/python3.12/site-packages/pygame/pkgdata.py:25: UserWarning: pkg_resources is deprecated as an API. See https://setuptools.pypa.io/en/latest/pkg_resources.html. The pkg_resources package is slated for removal as early as 2025-11-30. Refrain from using this package or pin to Setuptools<81.
  from pkg_resources import resource_stream, resource_exists
/home/leopold/anaconda3/envs/sac_sb3_demo/lib/python3.12/site-packages/pygame/pkgdata.py:25: UserWarning: pkg_resources is deprecated as an API. See https://setuptools.pypa.io/en/latest/pkg_resources.html. The pkg_resources package is slated for removal as early as 2025-11-30. Refrain from using this package or pin to Setuptools<81.
  from pkg_resources import resource_stream, resource_exists
/home/leopold/anaconda3/envs/sac_sb3_demo/lib/python3.12/site-packages/pygame/pkgdata.py:25: UserWarning: pkg_resources is deprecated as an API. See https://setuptools.pypa.io/en/latest/pkg_resources.html. The pkg_resources package is slated for removal as early as 2025-11-30. Refrain from using this package or pin to Setuptools<81.
  from pkg_resources import resource_stream, resource_exists
/home/leopold/anaconda3/envs/sac_sb3_demo/lib/python3.12/site-packages/pygame/pkgdata.py:25: UserWarning: pkg_resources is deprecated as an API. See https://setuptools.pypa.io/en/latest/pkg_resources.html. The pkg_resources package is slated for removal as early as 2025-11-30. Refrain from using this package or pin to Setuptools<81.
  from pkg_resources import resource_stream, resource_exists
/home/leopold/anaconda3/envs/sac_sb3_demo/lib/python3.12/site-packages/pygame/pkgdata.py:25: UserWarning: pkg_resources is deprecated as an API. See https://setuptools.pypa.io/en/latest/pkg_resources.html. The pkg_resources package is slated for removal as early as 2025-11-30. Refrain from using this package or pin to Setuptools<81.
  from pkg_resources import resource_stream, resource_exists
/home/leopold/anaconda3/envs/sac_sb3_demo/lib/python3.12/site-packages/pygame/pkgdata.py:25: UserWarning: pkg_resources is deprecated as an API. See https://setuptools.pypa.io/en/latest/pkg_resources.html. The pkg_resources package is slated for removal as early as 2025-11-30. Refrain from using this package or pin to Setuptools<81.
  from pkg_resources import resource_stream, resource_exists
/home/leopold/anaconda3/envs/sac_sb3_demo/lib/python3.12/site-packages/pygame/pkgdata.py:25: UserWarning: pkg_resources is deprecated as an API. See https://setuptools.pypa.io/en/latest/pkg_resources.html. The pkg_resources package is slated for removal as early as 2025-11-30. Refrain from using this package or pin to Setuptools<81.
  from pkg_resources import resource_stream, resource_exists
/home/leopold/anaconda3/envs/sac_sb3_demo/lib/python3.12/site-packages/pygame/pkgdata.py:25: UserWarning: pkg_resources is deprecated as an API. See https://setuptools.pypa.io/en/latest/pkg_resources.html. The pkg_resources package is slated for removal as early as 2025-11-30. Refrain from using this package or pin to Setuptools<81.
  from pkg_resources import resource_stream, resource_exists
/home/leopold/anaconda3/envs/sac_sb3_demo/lib/python3.12/site-packages/pygame/pkgdata.py:25: UserWarning: pkg_resources is deprecated as an API. See https://setuptools.pypa.io/en/latest/pkg_resources.html. The pkg_resources package is slated for removal as early as 2025-11-30. Refrain from using this package or pin to Setuptools<81.
  from pkg_resources import resource_stream, resource_exists
/home/leopold/anaconda3/envs/sac_sb3_demo/lib/python3.12/site-packages/pygame/pkgdata.py:25: UserWarning: pkg_resources is deprecated as an API. See https://setuptools.pypa.io/en/latest/pkg_resources.html. The pkg_resources package is slated for removal as early as 2025-11-30. Refrain from using this package or pin to Setuptools<81.
  from pkg_resources import resource_stream, resource_exists
/home/leopold/anaconda3/envs/sac_sb3_demo/lib/python3.12/site-packages/pygame/pkgdata.py:25: UserWarning: pkg_resources is deprecated as an API. See https://setuptools.pypa.io/en/latest/pkg_resources.html. The pkg_resources package is slated for removal as early as 2025-11-30. Refrain from using this package or pin to Setuptools<81.
  from pkg_resources import resource_stream, resource_exists
/home/leopold/anaconda3/envs/sac_sb3_demo/lib/python3.12/site-packages/pygame/pkgdata.py:25: UserWarning: pkg_resources is deprecated as an API. See https://setuptools.pypa.io/en/latest/pkg_resources.html. The pkg_resources package is slated for removal as early as 2025-11-30. Refrain from using this package or pin to Setuptools<81.
  from pkg_resources import resource_stream, resource_exists
Using cuda device
rbf_actor_mlp_critic_64 before training: mean_reward=-210.28 +/- 119.82
Logging to runs/lunarlander_ppo_rbf/ppo-rbf-20260727_211945-seed456/rbf_act_mlp64_1
/home/leopold/anaconda3/envs/sac_sb3_demo/lib/python3.12/site-packages/stable_baselines3/common/callbacks.py:418: UserWarning: Training and eval env are not of the same type<stable_baselines3.common.vec_env.subproc_vec_env.SubprocVecEnv object at 0x7206250a7500> != <stable_baselines3.common.vec_env.dummy_vec_env.DummyVecEnv object at 0x7205fff97170>
  warnings.warn("Training and eval env are not of the same type" f"{self.training_env} != {self.eval_env}")
Eval num_timesteps=32768, episode_reward=-133.58 +/- 23.86
Episode length: 70.30 +/- 11.53
------------------------------------------
| eval/                   |              |
|    mean_ep_length       | 70.3         |
|    mean_reward          | -134         |
| time/                   |              |
|    total_timesteps      | 32768        |
| train/                  |              |
|    approx_kl            | 0.0031928462 |
|    clip_fraction        | 0.0126       |
|    clip_range           | 0.2          |
|    entropy_loss         | -2.85        |
|    explained_variance   | -0.000364    |
|    learning_rate        | 0.0003       |
|    loss                 | 3.57e+03     |
|    n_updates            | 4            |
|    policy_gradient_loss | -0.00249     |
|    std                  | 1.01         |
|    value_loss           | 7.65e+03     |
------------------------------------------
New best mean reward!
Eval num_timesteps=65536, episode_reward=-130.60 +/- 77.84
Episode length: 73.10 +/- 15.81
-----------------------------------------
| eval/                   |             |
|    mean_ep_length       | 73.1        |
|    mean_reward          | -131        |
| time/                   |             |
|    total_timesteps      | 65536       |
| train/                  |             |
|    approx_kl            | 0.004206863 |
|    clip_fraction        | 0.0429      |
|    clip_range           | 0.2         |
|    entropy_loss         | -2.85       |
|    explained_variance   | 0.00349     |
|    learning_rate        | 0.0003      |
|    loss                 | 1.08e+03    |
|    n_updates            | 12          |
|    policy_gradient_loss | -0.00426    |
|    std                  | 1.01        |
|    value_loss           | 2.49e+03    |
-----------------------------------------
New best mean reward!
---------------------------------
| rollout/           |          |
|    ep_len_mean     | 110      |
|    ep_rew_mean     | -162     |
| time/              |          |
|    fps             | 5006     |
|    iterations      | 4        |
|    time_elapsed    | 13       |
|    total_timesteps | 65536    |
---------------------------------
Eval num_timesteps=98304, episode_reward=-133.81 +/- 36.73
Episode length: 74.70 +/- 12.31
-----------------------------------------
| eval/                   |             |
|    mean_ep_length       | 74.7        |
|    mean_reward          | -134        |
| time/                   |             |
|    total_timesteps      | 98304       |
| train/                  |             |
|    approx_kl            | 0.004717523 |
|    clip_fraction        | 0.0484      |
|    clip_range           | 0.2         |
|    entropy_loss         | -2.86       |
|    explained_variance   | 0.125       |
|    learning_rate        | 0.0003      |
|    loss                 | 425         |
|    n_updates            | 20          |
|    policy_gradient_loss | -0.00181    |
|    std                  | 1           |
|    value_loss           | 863         |
-----------------------------------------
Eval num_timesteps=131072, episode_reward=-149.24 +/- 62.51
Episode length: 132.20 +/- 51.15
------------------------------------------
| eval/                   |              |
|    mean_ep_length       | 132          |
|    mean_reward          | -149         |
| time/                   |              |
|    total_timesteps      | 131072       |
| train/                  |              |
|    approx_kl            | 0.0050915293 |
|    clip_fraction        | 0.051        |
|    clip_range           | 0.2          |
|    entropy_loss         | -2.82        |
|    explained_variance   | -0.0833      |
|    learning_rate        | 0.0003       |
|    loss                 | 363          |
|    n_updates            | 28           |
|    policy_gradient_loss | -0.00283     |
|    std                  | 0.988        |
|    value_loss           | 892          |
------------------------------------------
---------------------------------
| rollout/           |          |
|    ep_len_mean     | 142      |
|    ep_rew_mean     | -105     |
| time/              |          |
|    fps             | 4617     |
|    iterations      | 8        |
|    time_elapsed    | 28       |
|    total_timesteps | 131072   |
---------------------------------
Eval num_timesteps=163840, episode_reward=-126.03 +/- 60.76
Episode length: 160.40 +/- 99.72
------------------------------------------
| eval/                   |              |
|    mean_ep_length       | 160          |
|    mean_reward          | -126         |
| time/                   |              |
|    total_timesteps      | 163840       |
| train/                  |              |
|    approx_kl            | 0.0049721086 |
|    clip_fraction        | 0.0381       |
|    clip_range           | 0.2          |
|    entropy_loss         | -2.82        |
|    explained_variance   | 0.131        |
|    learning_rate        | 0.0003       |
|    loss                 | 268          |
|    n_updates            | 36           |
|    policy_gradient_loss | -0.00379     |
|    std                  | 0.988        |
|    value_loss           | 597          |
------------------------------------------
New best mean reward!
Eval num_timesteps=196608, episode_reward=-183.57 +/- 48.78
Episode length: 233.00 +/- 214.69
------------------------------------------
| eval/                   |              |
|    mean_ep_length       | 233          |
|    mean_reward          | -184         |
| time/                   |              |
|    total_timesteps      | 196608       |
| train/                  |              |
|    approx_kl            | 0.0030380292 |
|    clip_fraction        | 0.0192       |
|    clip_range           | 0.2          |
|    entropy_loss         | -2.8         |
|    explained_variance   | 0.289        |
|    learning_rate        | 0.0003       |
|    loss                 | 283          |
|    n_updates            | 44           |
|    policy_gradient_loss | -0.00211     |
|    std                  | 0.982        |
|    value_loss           | 608          |
------------------------------------------
---------------------------------
| rollout/           |          |
|    ep_len_mean     | 183      |
|    ep_rew_mean     | -61.4    |
| time/              |          |
|    fps             | 4487     |
|    iterations      | 12       |
|    time_elapsed    | 43       |
|    total_timesteps | 196608   |
---------------------------------
Eval num_timesteps=229376, episode_reward=-142.59 +/- 29.00
Episode length: 263.30 +/- 259.28
-----------------------------------------
| eval/                   |             |
|    mean_ep_length       | 263         |
|    mean_reward          | -143        |
| time/                   |             |
|    total_timesteps      | 229376      |
| train/                  |             |
|    approx_kl            | 0.004233729 |
|    clip_fraction        | 0.0378      |
|    clip_range           | 0.2         |
|    entropy_loss         | -2.8        |
|    explained_variance   | 0.454       |
|    learning_rate        | 0.0003      |
|    loss                 | 134         |
|    n_updates            | 52          |
|    policy_gradient_loss | -0.00435    |
|    std                  | 0.982       |
|    value_loss           | 288         |
-----------------------------------------
Eval num_timesteps=262144, episode_reward=-165.03 +/- 29.33
Episode length: 313.60 +/- 254.74
-----------------------------------------
| eval/                   |             |
|    mean_ep_length       | 314         |
|    mean_reward          | -165        |
| time/                   |             |
|    total_timesteps      | 262144      |
| train/                  |             |
|    approx_kl            | 0.002508015 |
|    clip_fraction        | 0.0183      |
|    clip_range           | 0.2         |
|    entropy_loss         | -2.8        |
|    explained_variance   | 0.715       |
|    learning_rate        | 0.0003      |
|    loss                 | 144         |
|    n_updates            | 60          |
|    policy_gradient_loss | -0.00155    |
|    std                  | 0.985       |
|    value_loss           | 306         |
-----------------------------------------
---------------------------------
| rollout/           |          |
|    ep_len_mean     | 257      |
|    ep_rew_mean     | -34      |
| time/              |          |
|    fps             | 4386     |
|    iterations      | 16       |
|    time_elapsed    | 59       |
|    total_timesteps | 262144   |
---------------------------------
Eval num_timesteps=294912, episode_reward=-113.57 +/- 19.31
Episode length: 253.40 +/- 252.37
------------------------------------------
| eval/                   |              |
|    mean_ep_length       | 253          |
|    mean_reward          | -114         |
| time/                   |              |
|    total_timesteps      | 294912       |
| train/                  |              |
|    approx_kl            | 0.0033594593 |
|    clip_fraction        | 0.0266       |
|    clip_range           | 0.2          |
|    entropy_loss         | -2.81        |
|    explained_variance   | 0.828        |
|    learning_rate        | 0.0003       |
|    loss                 | 119          |
|    n_updates            | 68           |
|    policy_gradient_loss | -0.00258     |
|    std                  | 0.983        |
|    value_loss           | 242          |
------------------------------------------
New best mean reward!
Eval num_timesteps=327680, episode_reward=-122.51 +/- 31.18
Episode length: 269.10 +/- 249.89
-----------------------------------------
| eval/                   |             |
|    mean_ep_length       | 269         |
|    mean_reward          | -123        |
| time/                   |             |
|    total_timesteps      | 327680      |
| train/                  |             |
|    approx_kl            | 0.004552823 |
|    clip_fraction        | 0.0346      |
|    clip_range           | 0.2         |
|    entropy_loss         | -2.79       |
|    explained_variance   | 0.863       |
|    learning_rate        | 0.0003      |
|    loss                 | 79.8        |
|    n_updates            | 76          |
|    policy_gradient_loss | -0.00282    |
|    std                  | 0.975       |
|    value_loss           | 227         |
-----------------------------------------
---------------------------------
| rollout/           |          |
|    ep_len_mean     | 250      |
|    ep_rew_mean     | -19      |
| time/              |          |
|    fps             | 4328     |
|    iterations      | 20       |
|    time_elapsed    | 75       |
|    total_timesteps | 327680   |
---------------------------------
Eval num_timesteps=360448, episode_reward=10.63 +/- 168.96
Episode length: 348.70 +/- 154.83
------------------------------------------
| eval/                   |              |
|    mean_ep_length       | 349          |
|    mean_reward          | 10.6         |
| time/                   |              |
|    total_timesteps      | 360448       |
| train/                  |              |
|    approx_kl            | 0.0049181446 |
|    clip_fraction        | 0.0493       |
|    clip_range           | 0.2          |
|    entropy_loss         | -2.78        |
|    explained_variance   | 0.9          |
|    learning_rate        | 0.0003       |
|    loss                 | 54.7         |
|    n_updates            | 84           |
|    policy_gradient_loss | -0.00349     |
|    std                  | 0.972        |
|    value_loss           | 178          |
------------------------------------------
New best mean reward!
Eval num_timesteps=393216, episode_reward=-17.74 +/- 96.03
Episode length: 210.20 +/- 41.19
-----------------------------------------
| eval/                   |             |
|    mean_ep_length       | 210         |
|    mean_reward          | -17.7       |
| time/                   |             |
|    total_timesteps      | 393216      |
| train/                  |             |
|    approx_kl            | 0.003764805 |
|    clip_fraction        | 0.0241      |
|    clip_range           | 0.2         |
|    entropy_loss         | -2.75       |
|    explained_variance   | 0.936       |
|    learning_rate        | 0.0003      |
|    loss                 | 63.2        |
|    n_updates            | 92          |
|    policy_gradient_loss | -0.000918   |
|    std                  | 0.955       |
|    value_loss           | 127         |
-----------------------------------------
---------------------------------
| rollout/           |          |
|    ep_len_mean     | 278      |
|    ep_rew_mean     | 5.36     |
| time/              |          |
|    fps             | 4280     |
|    iterations      | 24       |
|    time_elapsed    | 91       |
|    total_timesteps | 393216   |
---------------------------------
Eval num_timesteps=425984, episode_reward=87.37 +/- 128.78
Episode length: 327.00 +/- 100.74
------------------------------------------
| eval/                   |              |
|    mean_ep_length       | 327          |
|    mean_reward          | 87.4         |
| time/                   |              |
|    total_timesteps      | 425984       |
| train/                  |              |
|    approx_kl            | 0.0030396474 |
|    clip_fraction        | 0.0124       |
|    clip_range           | 0.2          |
|    entropy_loss         | -2.71        |
|    explained_variance   | 0.945        |
|    learning_rate        | 0.0003       |
|    loss                 | 54.8         |
|    n_updates            | 100          |
|    policy_gradient_loss | -0.000173    |
|    std                  | 0.937        |
|    value_loss           | 136          |
------------------------------------------
New best mean reward!
Eval num_timesteps=458752, episode_reward=191.52 +/- 78.84
Episode length: 393.40 +/- 121.86
------------------------------------------
| eval/                   |              |
|    mean_ep_length       | 393          |
|    mean_reward          | 192          |
| time/                   |              |
|    total_timesteps      | 458752       |
| train/                  |              |
|    approx_kl            | 0.0019789552 |
|    clip_fraction        | 0.0181       |
|    clip_range           | 0.2          |
|    entropy_loss         | -2.72        |
|    explained_variance   | 0.969        |
|    learning_rate        | 0.0003       |
|    loss                 | 44.7         |
|    n_updates            | 108          |
|    policy_gradient_loss | -0.000183    |
|    std                  | 0.945        |
|    value_loss           | 71.8         |
------------------------------------------
New best mean reward!
---------------------------------
| rollout/           |          |
|    ep_len_mean     | 458      |
|    ep_rew_mean     | 23.6     |
| time/              |          |
|    fps             | 4213     |
|    iterations      | 28       |
|    time_elapsed    | 108      |
|    total_timesteps | 458752   |
---------------------------------
Eval num_timesteps=491520, episode_reward=147.75 +/- 93.17
Episode length: 419.90 +/- 47.43
------------------------------------------
| eval/                   |              |
|    mean_ep_length       | 420          |
|    mean_reward          | 148          |
| time/                   |              |
|    total_timesteps      | 491520       |
| train/                  |              |
|    approx_kl            | 0.0033600554 |
|    clip_fraction        | 0.0254       |
|    clip_range           | 0.2          |
|    entropy_loss         | -2.71        |
|    explained_variance   | 0.982        |
|    learning_rate        | 0.0003       |
|    loss                 | 14.1         |
|    n_updates            | 116          |
|    policy_gradient_loss | -0.00164     |
|    std                  | 0.936        |
|    value_loss           | 34.8         |
------------------------------------------
Eval num_timesteps=524288, episode_reward=163.14 +/- 104.47
Episode length: 417.00 +/- 57.34
-----------------------------------------
| eval/                   |             |
|    mean_ep_length       | 417         |
|    mean_reward          | 163         |
| time/                   |             |
|    total_timesteps      | 524288      |
| train/                  |             |
|    approx_kl            | 0.005713438 |
|    clip_fraction        | 0.049       |
|    clip_range           | 0.2         |
|    entropy_loss         | -2.68       |
|    explained_variance   | 0.986       |
|    learning_rate        | 0.0003      |
|    loss                 | 11.8        |
|    n_updates            | 124         |
|    policy_gradient_loss | -0.00225    |
|    std                  | 0.924       |
|    value_loss           | 24.9        |
-----------------------------------------
---------------------------------
| rollout/           |          |
|    ep_len_mean     | 588      |
|    ep_rew_mean     | 49.6     |
| time/              |          |
|    fps             | 4171     |
|    iterations      | 32       |
|    time_elapsed    | 125      |
|    total_timesteps | 524288   |
---------------------------------
Eval num_timesteps=557056, episode_reward=168.76 +/- 76.52
Episode length: 466.90 +/- 124.51
------------------------------------------
| eval/                   |              |
|    mean_ep_length       | 467          |
|    mean_reward          | 169          |
| time/                   |              |
|    total_timesteps      | 557056       |
| train/                  |              |
|    approx_kl            | 0.0036282134 |
|    clip_fraction        | 0.0341       |
|    clip_range           | 0.2          |
|    entropy_loss         | -2.68        |
|    explained_variance   | 0.983        |
|    learning_rate        | 0.0003       |
|    loss                 | 8.73         |
|    n_updates            | 132          |
|    policy_gradient_loss | -0.00113     |
|    std                  | 0.918        |
|    value_loss           | 28.2         |
------------------------------------------
Eval num_timesteps=589824, episode_reward=155.45 +/- 104.53
Episode length: 369.60 +/- 94.08
-----------------------------------------
| eval/                   |             |
|    mean_ep_length       | 370         |
|    mean_reward          | 155         |
| time/                   |             |
|    total_timesteps      | 589824      |
| train/                  |             |
|    approx_kl            | 0.002443878 |
|    clip_fraction        | 0.016       |
|    clip_range           | 0.2         |
|    entropy_loss         | -2.65       |
|    explained_variance   | 0.993       |
|    learning_rate        | 0.0003      |
|    loss                 | 5.1         |
|    n_updates            | 140         |
|    policy_gradient_loss | 0.000446    |
|    std                  | 0.912       |
|    value_loss           | 13.4        |
-----------------------------------------
---------------------------------
| rollout/           |          |
|    ep_len_mean     | 662      |
|    ep_rew_mean     | 73.7     |
| time/              |          |
|    fps             | 4122     |
|    iterations      | 36       |
|    time_elapsed    | 143      |
|    total_timesteps | 589824   |
---------------------------------
Eval num_timesteps=622592, episode_reward=134.53 +/- 126.87
Episode length: 305.10 +/- 43.31
------------------------------------------
| eval/                   |              |
|    mean_ep_length       | 305          |
|    mean_reward          | 135          |
| time/                   |              |
|    total_timesteps      | 622592       |
| train/                  |              |
|    approx_kl            | 0.0035519374 |
|    clip_fraction        | 0.0205       |
|    clip_range           | 0.2          |
|    entropy_loss         | -2.62        |
|    explained_variance   | 0.992        |
|    learning_rate        | 0.0003       |
|    loss                 | 8.18         |
|    n_updates            | 148          |
|    policy_gradient_loss | -0.00129     |
|    std                  | 0.891        |
|    value_loss           | 15.4         |
------------------------------------------
Eval num_timesteps=655360, episode_reward=176.32 +/- 113.98
Episode length: 330.40 +/- 32.67
------------------------------------------
| eval/                   |              |
|    mean_ep_length       | 330          |
|    mean_reward          | 176          |
| time/                   |              |
|    total_timesteps      | 655360       |
| train/                  |              |
|    approx_kl            | 0.0033278929 |
|    clip_fraction        | 0.0332       |
|    clip_range           | 0.2          |
|    entropy_loss         | -2.58        |
|    explained_variance   | 0.988        |
|    learning_rate        | 0.0003       |
|    loss                 | 15.3         |
|    n_updates            | 156          |
|    policy_gradient_loss | -0.00159     |
|    std                  | 0.877        |
|    value_loss           | 25.3         |
------------------------------------------
---------------------------------
| rollout/           |          |
|    ep_len_mean     | 538      |
|    ep_rew_mean     | 73.6     |
| time/              |          |
|    fps             | 4100     |
|    iterations      | 40       |
|    time_elapsed    | 159      |
|    total_timesteps | 655360   |
---------------------------------
Eval num_timesteps=688128, episode_reward=193.66 +/- 104.71
Episode length: 425.60 +/- 72.03
------------------------------------------
| eval/                   |              |
|    mean_ep_length       | 426          |
|    mean_reward          | 194          |
| time/                   |              |
|    total_timesteps      | 688128       |
| train/                  |              |
|    approx_kl            | 0.0033844798 |
|    clip_fraction        | 0.023        |
|    clip_range           | 0.2          |
|    entropy_loss         | -2.56        |
|    explained_variance   | 0.989        |
|    learning_rate        | 0.0003       |
|    loss                 | 14.7         |
|    n_updates            | 164          |
|    policy_gradient_loss | -0.000518    |
|    std                  | 0.871        |
|    value_loss           | 18.9         |
------------------------------------------
New best mean reward!
Eval num_timesteps=720896, episode_reward=154.71 +/- 113.21
Episode length: 395.50 +/- 50.44
------------------------------------------
| eval/                   |              |
|    mean_ep_length       | 396          |
|    mean_reward          | 155          |
| time/                   |              |
|    total_timesteps      | 720896       |
| train/                  |              |
|    approx_kl            | 0.0054622726 |
|    clip_fraction        | 0.0384       |
|    clip_range           | 0.2          |
|    entropy_loss         | -2.53        |
|    explained_variance   | 0.992        |
|    learning_rate        | 0.0003       |
|    loss                 | 8.53         |
|    n_updates            | 172          |
|    policy_gradient_loss | -0.000273    |
|    std                  | 0.858        |
|    value_loss           | 13.3         |
------------------------------------------
---------------------------------
| rollout/           |          |
|    ep_len_mean     | 757      |
|    ep_rew_mean     | 105      |
| time/              |          |
|    fps             | 4066     |
|    iterations      | 44       |
|    time_elapsed    | 177      |
|    total_timesteps | 720896   |
---------------------------------
Eval num_timesteps=753664, episode_reward=196.17 +/- 94.91
Episode length: 329.10 +/- 36.07
----------------------------------------
| eval/                   |            |
|    mean_ep_length       | 329        |
|    mean_reward          | 196        |
| time/                   |            |
|    total_timesteps      | 753664     |
| train/                  |            |
|    approx_kl            | 0.00465991 |
|    clip_fraction        | 0.0341     |
|    clip_range           | 0.2        |
|    entropy_loss         | -2.52      |
|    explained_variance   | 0.992      |
|    learning_rate        | 0.0003     |
|    loss                 | 1.89       |
|    n_updates            | 180        |
|    policy_gradient_loss | -0.00085   |
|    std                  | 0.856      |
|    value_loss           | 14.1       |
----------------------------------------
New best mean reward!
Eval num_timesteps=786432, episode_reward=209.48 +/- 91.73
Episode length: 355.40 +/- 40.16
-----------------------------------------
| eval/                   |             |
|    mean_ep_length       | 355         |
|    mean_reward          | 209         |
| time/                   |             |
|    total_timesteps      | 786432      |
| train/                  |             |
|    approx_kl            | 0.004581296 |
|    clip_fraction        | 0.0267      |
|    clip_range           | 0.2         |
|    entropy_loss         | -2.52       |
|    explained_variance   | 0.988       |
|    learning_rate        | 0.0003      |
|    loss                 | 9.05        |
|    n_updates            | 188         |
|    policy_gradient_loss | -0.000591   |
|    std                  | 0.852       |
|    value_loss           | 21.6        |
-----------------------------------------
New best mean reward!
---------------------------------
| rollout/           |          |
|    ep_len_mean     | 825      |
|    ep_rew_mean     | 119      |
| time/              |          |
|    fps             | 4058     |
|    iterations      | 48       |
|    time_elapsed    | 193      |
|    total_timesteps | 786432   |
---------------------------------
Eval num_timesteps=819200, episode_reward=163.70 +/- 121.59
Episode length: 372.30 +/- 213.59
-----------------------------------------
| eval/                   |             |
|    mean_ep_length       | 372         |
|    mean_reward          | 164         |
| time/                   |             |
|    total_timesteps      | 819200      |
| train/                  |             |
|    approx_kl            | 0.003262267 |
|    clip_fraction        | 0.0207      |
|    clip_range           | 0.2         |
|    entropy_loss         | -2.51       |
|    explained_variance   | 0.986       |
|    learning_rate        | 0.0003      |
|    loss                 | 21.7        |
|    n_updates            | 196         |
|    policy_gradient_loss | 0.000478    |
|    std                  | 0.849       |
|    value_loss           | 22.2        |
-----------------------------------------
Eval num_timesteps=851968, episode_reward=177.38 +/- 114.31
Episode length: 353.70 +/- 47.76
------------------------------------------
| eval/                   |              |
|    mean_ep_length       | 354          |
|    mean_reward          | 177          |
| time/                   |              |
|    total_timesteps      | 851968       |
| train/                  |              |
|    approx_kl            | 0.0032309098 |
|    clip_fraction        | 0.0245       |
|    clip_range           | 0.2          |
|    entropy_loss         | -2.51        |
|    explained_variance   | 0.972        |
|    learning_rate        | 0.0003       |
|    loss                 | 7.43         |
|    n_updates            | 204          |
|    policy_gradient_loss | -0.000832    |
|    std                  | 0.849        |
|    value_loss           | 36           |
------------------------------------------
---------------------------------
| rollout/           |          |
|    ep_len_mean     | 781      |
|    ep_rew_mean     | 119      |
| time/              |          |
|    fps             | 4041     |
|    iterations      | 52       |
|    time_elapsed    | 210      |
|    total_timesteps | 851968   |
---------------------------------
Eval num_timesteps=884736, episode_reward=162.73 +/- 112.99
Episode length: 385.60 +/- 57.53
------------------------------------------
| eval/                   |              |
|    mean_ep_length       | 386          |
|    mean_reward          | 163          |
| time/                   |              |
|    total_timesteps      | 884736       |
| train/                  |              |
|    approx_kl            | 0.0042743236 |
|    clip_fraction        | 0.0318       |
|    clip_range           | 0.2          |
|    entropy_loss         | -2.49        |
|    explained_variance   | 0.99         |
|    learning_rate        | 0.0003       |
|    loss                 | 1.5          |
|    n_updates            | 212          |
|    policy_gradient_loss | -3.93e-05    |
|    std                  | 0.839        |
|    value_loss           | 17.6         |
------------------------------------------
Eval num_timesteps=917504, episode_reward=221.58 +/- 91.65
Episode length: 338.10 +/- 40.36
------------------------------------------
| eval/                   |              |
|    mean_ep_length       | 338          |
|    mean_reward          | 222          |
| time/                   |              |
|    total_timesteps      | 917504       |
| train/                  |              |
|    approx_kl            | 0.0035904134 |
|    clip_fraction        | 0.0272       |
|    clip_range           | 0.2          |
|    entropy_loss         | -2.44        |
|    explained_variance   | 0.996        |
|    learning_rate        | 0.0003       |
|    loss                 | 0.644        |
|    n_updates            | 220          |
|    policy_gradient_loss | -0.00068     |
|    std                  | 0.82         |
|    value_loss           | 3.53         |
------------------------------------------
New best mean reward!
---------------------------------
| rollout/           |          |
|    ep_len_mean     | 848      |
|    ep_rew_mean     | 127      |
| time/              |          |
|    fps             | 4034     |
|    iterations      | 56       |
|    time_elapsed    | 227      |
|    total_timesteps | 917504   |
---------------------------------
Eval num_timesteps=950272, episode_reward=218.89 +/- 64.51
Episode length: 368.50 +/- 24.21
------------------------------------------
| eval/                   |              |
|    mean_ep_length       | 368          |
|    mean_reward          | 219          |
| time/                   |              |
|    total_timesteps      | 950272       |
| train/                  |              |
|    approx_kl            | 0.0042109783 |
|    clip_fraction        | 0.0343       |
|    clip_range           | 0.2          |
|    entropy_loss         | -2.44        |
|    explained_variance   | 0.992        |
|    learning_rate        | 0.0003       |
|    loss                 | 0.85         |
|    n_updates            | 228          |
|    policy_gradient_loss | -0.00035     |
|    std                  | 0.82         |
|    value_loss           | 9.29         |
------------------------------------------
Eval num_timesteps=983040, episode_reward=197.48 +/- 83.82
Episode length: 399.70 +/- 68.81
------------------------------------------
| eval/                   |              |
|    mean_ep_length       | 400          |
|    mean_reward          | 197          |
| time/                   |              |
|    total_timesteps      | 983040       |
| train/                  |              |
|    approx_kl            | 0.0026033134 |
|    clip_fraction        | 0.0219       |
|    clip_range           | 0.2          |
|    entropy_loss         | -2.44        |
|    explained_variance   | 0.98         |
|    learning_rate        | 0.0003       |
|    loss                 | 4.48         |
|    n_updates            | 236          |
|    policy_gradient_loss | -0.00105     |
|    std                  | 0.82         |
|    value_loss           | 32.4         |
------------------------------------------
---------------------------------
| rollout/           |          |
|    ep_len_mean     | 817      |
|    ep_rew_mean     | 124      |
| time/              |          |
|    fps             | 4026     |
|    iterations      | 60       |
|    time_elapsed    | 244      |
|    total_timesteps | 983040   |
---------------------------------
Eval num_timesteps=1015808, episode_reward=231.74 +/- 86.90
Episode length: 356.30 +/- 38.17
------------------------------------------
| eval/                   |              |
|    mean_ep_length       | 356          |
|    mean_reward          | 232          |
| time/                   |              |
|    total_timesteps      | 1015808      |
| train/                  |              |
|    approx_kl            | 0.0053415024 |
|    clip_fraction        | 0.0357       |
|    clip_range           | 0.2          |
|    entropy_loss         | -2.44        |
|    explained_variance   | 0.993        |
|    learning_rate        | 0.0003       |
|    loss                 | 1.41         |
|    n_updates            | 244          |
|    policy_gradient_loss | -0.000576    |
|    std                  | 0.814        |
|    value_loss           | 10.2         |
------------------------------------------
New best mean reward!
Eval num_timesteps=1048576, episode_reward=214.28 +/- 81.93
Episode length: 338.60 +/- 50.72
------------------------------------------
| eval/                   |              |
|    mean_ep_length       | 339          |
|    mean_reward          | 214          |
| time/                   |              |
|    total_timesteps      | 1048576      |
| train/                  |              |
|    approx_kl            | 0.0039067892 |
|    clip_fraction        | 0.0221       |
|    clip_range           | 0.2          |
|    entropy_loss         | -2.42        |
|    explained_variance   | 0.986        |
|    learning_rate        | 0.0003       |
|    loss                 | 3.23         |
|    n_updates            | 252          |
|    policy_gradient_loss | -0.000608    |
|    std                  | 0.806        |
|    value_loss           | 19.8         |
------------------------------------------
---------------------------------
| rollout/           |          |
|    ep_len_mean     | 840      |
|    ep_rew_mean     | 124      |
| time/              |          |
|    fps             | 4013     |
|    iterations      | 64       |
|    time_elapsed    | 261      |
|    total_timesteps | 1048576  |
---------------------------------
Wrapping the env in a DummyVecEnv.
rbf_actor_mlp_critic_64 after training: mean_reward=236.10 +/- 19.70

=== Training variant: rbf_actor_mlp_critic_192 ===
/home/leopold/anaconda3/envs/sac_sb3_demo/lib/python3.12/site-packages/pygame/pkgdata.py:25: UserWarning: pkg_resources is deprecated as an API. See https://setuptools.pypa.io/en/latest/pkg_resources.html. The pkg_resources package is slated for removal as early as 2025-11-30. Refrain from using this package or pin to Setuptools<81.
  from pkg_resources import resource_stream, resource_exists
/home/leopold/anaconda3/envs/sac_sb3_demo/lib/python3.12/site-packages/pygame/pkgdata.py:25: UserWarning: pkg_resources is deprecated as an API. See https://setuptools.pypa.io/en/latest/pkg_resources.html. The pkg_resources package is slated for removal as early as 2025-11-30. Refrain from using this package or pin to Setuptools<81.
  from pkg_resources import resource_stream, resource_exists
/home/leopold/anaconda3/envs/sac_sb3_demo/lib/python3.12/site-packages/pygame/pkgdata.py:25: UserWarning: pkg_resources is deprecated as an API. See https://setuptools.pypa.io/en/latest/pkg_resources.html. The pkg_resources package is slated for removal as early as 2025-11-30. Refrain from using this package or pin to Setuptools<81.
  from pkg_resources import resource_stream, resource_exists
/home/leopold/anaconda3/envs/sac_sb3_demo/lib/python3.12/site-packages/pygame/pkgdata.py:25: UserWarning: pkg_resources is deprecated as an API. See https://setuptools.pypa.io/en/latest/pkg_resources.html. The pkg_resources package is slated for removal as early as 2025-11-30. Refrain from using this package or pin to Setuptools<81.
  from pkg_resources import resource_stream, resource_exists
/home/leopold/anaconda3/envs/sac_sb3_demo/lib/python3.12/site-packages/pygame/pkgdata.py:25: UserWarning: pkg_resources is deprecated as an API. See https://setuptools.pypa.io/en/latest/pkg_resources.html. The pkg_resources package is slated for removal as early as 2025-11-30. Refrain from using this package or pin to Setuptools<81.
  from pkg_resources import resource_stream, resource_exists
/home/leopold/anaconda3/envs/sac_sb3_demo/lib/python3.12/site-packages/pygame/pkgdata.py:25: UserWarning: pkg_resources is deprecated as an API. See https://setuptools.pypa.io/en/latest/pkg_resources.html. The pkg_resources package is slated for removal as early as 2025-11-30. Refrain from using this package or pin to Setuptools<81.
  from pkg_resources import resource_stream, resource_exists
/home/leopold/anaconda3/envs/sac_sb3_demo/lib/python3.12/site-packages/pygame/pkgdata.py:25: UserWarning: pkg_resources is deprecated as an API. See https://setuptools.pypa.io/en/latest/pkg_resources.html. The pkg_resources package is slated for removal as early as 2025-11-30. Refrain from using this package or pin to Setuptools<81.
  from pkg_resources import resource_stream, resource_exists
/home/leopold/anaconda3/envs/sac_sb3_demo/lib/python3.12/site-packages/pygame/pkgdata.py:25: UserWarning: pkg_resources is deprecated as an API. See https://setuptools.pypa.io/en/latest/pkg_resources.html. The pkg_resources package is slated for removal as early as 2025-11-30. Refrain from using this package or pin to Setuptools<81.
  from pkg_resources import resource_stream, resource_exists
/home/leopold/anaconda3/envs/sac_sb3_demo/lib/python3.12/site-packages/pygame/pkgdata.py:25: UserWarning: pkg_resources is deprecated as an API. See https://setuptools.pypa.io/en/latest/pkg_resources.html. The pkg_resources package is slated for removal as early as 2025-11-30. Refrain from using this package or pin to Setuptools<81.
  from pkg_resources import resource_stream, resource_exists
/home/leopold/anaconda3/envs/sac_sb3_demo/lib/python3.12/site-packages/pygame/pkgdata.py:25: UserWarning: pkg_resources is deprecated as an API. See https://setuptools.pypa.io/en/latest/pkg_resources.html. The pkg_resources package is slated for removal as early as 2025-11-30. Refrain from using this package or pin to Setuptools<81.
  from pkg_resources import resource_stream, resource_exists
/home/leopold/anaconda3/envs/sac_sb3_demo/lib/python3.12/site-packages/pygame/pkgdata.py:25: UserWarning: pkg_resources is deprecated as an API. See https://setuptools.pypa.io/en/latest/pkg_resources.html. The pkg_resources package is slated for removal as early as 2025-11-30. Refrain from using this package or pin to Setuptools<81.
  from pkg_resources import resource_stream, resource_exists
/home/leopold/anaconda3/envs/sac_sb3_demo/lib/python3.12/site-packages/pygame/pkgdata.py:25: UserWarning: pkg_resources is deprecated as an API. See https://setuptools.pypa.io/en/latest/pkg_resources.html. The pkg_resources package is slated for removal as early as 2025-11-30. Refrain from using this package or pin to Setuptools<81.
  from pkg_resources import resource_stream, resource_exists
/home/leopold/anaconda3/envs/sac_sb3_demo/lib/python3.12/site-packages/pygame/pkgdata.py:25: UserWarning: pkg_resources is deprecated as an API. See https://setuptools.pypa.io/en/latest/pkg_resources.html. The pkg_resources package is slated for removal as early as 2025-11-30. Refrain from using this package or pin to Setuptools<81.
  from pkg_resources import resource_stream, resource_exists
/home/leopold/anaconda3/envs/sac_sb3_demo/lib/python3.12/site-packages/pygame/pkgdata.py:25: UserWarning: pkg_resources is deprecated as an API. See https://setuptools.pypa.io/en/latest/pkg_resources.html. The pkg_resources package is slated for removal as early as 2025-11-30. Refrain from using this package or pin to Setuptools<81.
  from pkg_resources import resource_stream, resource_exists
/home/leopold/anaconda3/envs/sac_sb3_demo/lib/python3.12/site-packages/pygame/pkgdata.py:25: UserWarning: pkg_resources is deprecated as an API. See https://setuptools.pypa.io/en/latest/pkg_resources.html. The pkg_resources package is slated for removal as early as 2025-11-30. Refrain from using this package or pin to Setuptools<81.
  from pkg_resources import resource_stream, resource_exists
/home/leopold/anaconda3/envs/sac_sb3_demo/lib/python3.12/site-packages/pygame/pkgdata.py:25: UserWarning: pkg_resources is deprecated as an API. See https://setuptools.pypa.io/en/latest/pkg_resources.html. The pkg_resources package is slated for removal as early as 2025-11-30. Refrain from using this package or pin to Setuptools<81.
  from pkg_resources import resource_stream, resource_exists
Using cuda device
rbf_actor_mlp_critic_192 before training: mean_reward=-235.38 +/- 97.35
Logging to runs/lunarlander_ppo_rbf/ppo-rbf-20260727_211945-seed456/rbf_act_mlp192_1
/home/leopold/anaconda3/envs/sac_sb3_demo/lib/python3.12/site-packages/stable_baselines3/common/callbacks.py:418: UserWarning: Training and eval env are not of the same type<stable_baselines3.common.vec_env.subproc_vec_env.SubprocVecEnv object at 0x72062594da00> != <stable_baselines3.common.vec_env.dummy_vec_env.DummyVecEnv object at 0x7205fff55f40>
  warnings.warn("Training and eval env are not of the same type" f"{self.training_env} != {self.eval_env}")
Eval num_timesteps=32768, episode_reward=-147.91 +/- 84.14
Episode length: 75.70 +/- 16.57
------------------------------------------
| eval/                   |              |
|    mean_ep_length       | 75.7         |
|    mean_reward          | -148         |
| time/                   |              |
|    total_timesteps      | 32768        |
| train/                  |              |
|    approx_kl            | 0.0056516784 |
|    clip_fraction        | 0.04         |
|    clip_range           | 0.2          |
|    entropy_loss         | -2.85        |
|    explained_variance   | 0.000324     |
|    learning_rate        | 0.0003       |
|    loss                 | 2.5e+03      |
|    n_updates            | 4            |
|    policy_gradient_loss | -0.00362     |
|    std                  | 1.01         |
|    value_loss           | 7.21e+03     |
------------------------------------------
New best mean reward!
Eval num_timesteps=65536, episode_reward=-216.57 +/- 96.06
Episode length: 174.50 +/- 129.58
------------------------------------------
| eval/                   |              |
|    mean_ep_length       | 174          |
|    mean_reward          | -217         |
| time/                   |              |
|    total_timesteps      | 65536        |
| train/                  |              |
|    approx_kl            | 0.0065755215 |
|    clip_fraction        | 0.068        |
|    clip_range           | 0.2          |
|    entropy_loss         | -2.88        |
|    explained_variance   | -0.00157     |
|    learning_rate        | 0.0003       |
|    loss                 | 606          |
|    n_updates            | 12           |
|    policy_gradient_loss | -0.0063      |
|    std                  | 1.03         |
|    value_loss           | 1.91e+03     |
------------------------------------------
---------------------------------
| rollout/           |          |
|    ep_len_mean     | 133      |
|    ep_rew_mean     | -134     |
| time/              |          |
|    fps             | 4752     |
|    iterations      | 4        |
|    time_elapsed    | 13       |
|    total_timesteps | 65536    |
---------------------------------
Eval num_timesteps=98304, episode_reward=-189.20 +/- 92.59
Episode length: 153.80 +/- 39.41
-----------------------------------------
| eval/                   |             |
|    mean_ep_length       | 154         |
|    mean_reward          | -189        |
| time/                   |             |
|    total_timesteps      | 98304       |
| train/                  |             |
|    approx_kl            | 0.005185825 |
|    clip_fraction        | 0.055       |
|    clip_range           | 0.2         |
|    entropy_loss         | -2.89       |
|    explained_variance   | 2.47e-05    |
|    learning_rate        | 0.0003      |
|    loss                 | 277         |
|    n_updates            | 20          |
|    policy_gradient_loss | -0.000529   |
|    std                  | 1.03        |
|    value_loss           | 529         |
-----------------------------------------
Eval num_timesteps=131072, episode_reward=-224.80 +/- 69.18
Episode length: 245.70 +/- 261.22
-----------------------------------------
| eval/                   |             |
|    mean_ep_length       | 246         |
|    mean_reward          | -225        |
| time/                   |             |
|    total_timesteps      | 131072      |
| train/                  |             |
|    approx_kl            | 0.005184858 |
|    clip_fraction        | 0.0617      |
|    clip_range           | 0.2         |
|    entropy_loss         | -2.89       |
|    explained_variance   | -0.000243   |
|    learning_rate        | 0.0003      |
|    loss                 | 331         |
|    n_updates            | 28          |
|    policy_gradient_loss | -0.00126    |
|    std                  | 1.02        |
|    value_loss           | 584         |
-----------------------------------------
---------------------------------
| rollout/           |          |
|    ep_len_mean     | 196      |
|    ep_rew_mean     | -75.6    |
| time/              |          |
|    fps             | 4443     |
|    iterations      | 8        |
|    time_elapsed    | 29       |
|    total_timesteps | 131072   |
---------------------------------
Eval num_timesteps=163840, episode_reward=-181.93 +/- 31.89
Episode length: 186.80 +/- 188.41
------------------------------------------
| eval/                   |              |
|    mean_ep_length       | 187          |
|    mean_reward          | -182         |
| time/                   |              |
|    total_timesteps      | 163840       |
| train/                  |              |
|    approx_kl            | 0.0053293207 |
|    clip_fraction        | 0.0552       |
|    clip_range           | 0.2          |
|    entropy_loss         | -2.86        |
|    explained_variance   | -0.000302    |
|    learning_rate        | 0.0003       |
|    loss                 | 211          |
|    n_updates            | 36           |
|    policy_gradient_loss | -0.000887    |
|    std                  | 1.01         |
|    value_loss           | 551          |
------------------------------------------
Eval num_timesteps=196608, episode_reward=-113.03 +/- 32.69
Episode length: 284.40 +/- 263.60
-----------------------------------------
| eval/                   |             |
|    mean_ep_length       | 284         |
|    mean_reward          | -113        |
| time/                   |             |
|    total_timesteps      | 196608      |
| train/                  |             |
|    approx_kl            | 0.006354497 |
|    clip_fraction        | 0.0712      |
|    clip_range           | 0.2         |
|    entropy_loss         | -2.83       |
|    explained_variance   | -5.01e-06   |
|    learning_rate        | 0.0003      |
|    loss                 | 198         |
|    n_updates            | 44          |
|    policy_gradient_loss | -0.000818   |
|    std                  | 0.991       |
|    value_loss           | 539         |
-----------------------------------------
New best mean reward!
---------------------------------
| rollout/           |          |
|    ep_len_mean     | 222      |
|    ep_rew_mean     | -28.1    |
| time/              |          |
|    fps             | 4286     |
|    iterations      | 12       |
|    time_elapsed    | 45       |
|    total_timesteps | 196608   |
---------------------------------
Eval num_timesteps=229376, episode_reward=-194.40 +/- 53.13
Episode length: 417.10 +/- 352.27
------------------------------------------
| eval/                   |              |
|    mean_ep_length       | 417          |
|    mean_reward          | -194         |
| time/                   |              |
|    total_timesteps      | 229376       |
| train/                  |              |
|    approx_kl            | 0.0044265715 |
|    clip_fraction        | 0.0484       |
|    clip_range           | 0.2          |
|    entropy_loss         | -2.83        |
|    explained_variance   | -0.00907     |
|    learning_rate        | 0.0003       |
|    loss                 | 198          |
|    n_updates            | 52           |
|    policy_gradient_loss | -0.000139    |
|    std                  | 1            |
|    value_loss           | 658          |
------------------------------------------
Eval num_timesteps=262144, episode_reward=-31.37 +/- 159.30
Episode length: 344.80 +/- 216.65
-----------------------------------------
| eval/                   |             |
|    mean_ep_length       | 345         |
|    mean_reward          | -31.4       |
| time/                   |             |
|    total_timesteps      | 262144      |
| train/                  |             |
|    approx_kl            | 0.006044131 |
|    clip_fraction        | 0.0574      |
|    clip_range           | 0.2         |
|    entropy_loss         | -2.83       |
|    explained_variance   | -8.23e-06   |
|    learning_rate        | 0.0003      |
|    loss                 | 241         |
|    n_updates            | 60          |
|    policy_gradient_loss | -0.000177   |
|    std                  | 0.997       |
|    value_loss           | 514         |
-----------------------------------------
New best mean reward!
---------------------------------
| rollout/           |          |
|    ep_len_mean     | 492      |
|    ep_rew_mean     | -21      |
| time/              |          |
|    fps             | 4158     |
|    iterations      | 16       |
|    time_elapsed    | 63       |
|    total_timesteps | 262144   |
---------------------------------
Eval num_timesteps=294912, episode_reward=11.90 +/- 181.83
Episode length: 304.00 +/- 110.03
------------------------------------------
| eval/                   |              |
|    mean_ep_length       | 304          |
|    mean_reward          | 11.9         |
| time/                   |              |
|    total_timesteps      | 294912       |
| train/                  |              |
|    approx_kl            | 0.0041905697 |
|    clip_fraction        | 0.0714       |
|    clip_range           | 0.2          |
|    entropy_loss         | -2.83        |
|    explained_variance   | -1.19e-07    |
|    learning_rate        | 0.0003       |
|    loss                 | 265          |
|    n_updates            | 68           |
|    policy_gradient_loss | -0.000407    |
|    std                  | 1            |
|    value_loss           | 485          |
------------------------------------------
New best mean reward!
Eval num_timesteps=327680, episode_reward=-14.39 +/- 148.95
Episode length: 254.00 +/- 140.52
------------------------------------------
| eval/                   |              |
|    mean_ep_length       | 254          |
|    mean_reward          | -14.4        |
| time/                   |              |
|    total_timesteps      | 327680       |
| train/                  |              |
|    approx_kl            | 0.0049394043 |
|    clip_fraction        | 0.0509       |
|    clip_range           | 0.2          |
|    entropy_loss         | -2.82        |
|    explained_variance   | 5.96e-07     |
|    learning_rate        | 0.0003       |
|    loss                 | 272          |
|    n_updates            | 76           |
|    policy_gradient_loss | -0.000641    |
|    std                  | 0.991        |
|    value_loss           | 479          |
------------------------------------------
---------------------------------
| rollout/           |          |
|    ep_len_mean     | 384      |
|    ep_rew_mean     | -14.9    |
| time/              |          |
|    fps             | 4123     |
|    iterations      | 20       |
|    time_elapsed    | 79       |
|    total_timesteps | 327680   |
---------------------------------
Eval num_timesteps=360448, episode_reward=25.19 +/- 183.28
Episode length: 421.40 +/- 185.34
------------------------------------------
| eval/                   |              |
|    mean_ep_length       | 421          |
|    mean_reward          | 25.2         |
| time/                   |              |
|    total_timesteps      | 360448       |
| train/                  |              |
|    approx_kl            | 0.0037908533 |
|    clip_fraction        | 0.0417       |
|    clip_range           | 0.2          |
|    entropy_loss         | -2.81        |
|    explained_variance   | -4.77e-07    |
|    learning_rate        | 0.0003       |
|    loss                 | 292          |
|    n_updates            | 84           |
|    policy_gradient_loss | 0.000457     |
|    std                  | 0.987        |
|    value_loss           | 460          |
------------------------------------------
New best mean reward!
Eval num_timesteps=393216, episode_reward=-5.60 +/- 160.88
Episode length: 351.90 +/- 153.55
------------------------------------------
| eval/                   |              |
|    mean_ep_length       | 352          |
|    mean_reward          | -5.6         |
| time/                   |              |
|    total_timesteps      | 393216       |
| train/                  |              |
|    approx_kl            | 0.0040420257 |
|    clip_fraction        | 0.0455       |
|    clip_range           | 0.2          |
|    entropy_loss         | -2.8         |
|    explained_variance   | 0.0265       |
|    learning_rate        | 0.0003       |
|    loss                 | 50.7         |
|    n_updates            | 92           |
|    policy_gradient_loss | -0.00133     |
|    std                  | 0.983        |
|    value_loss           | 252          |
------------------------------------------
---------------------------------
| rollout/           |          |
|    ep_len_mean     | 610      |
|    ep_rew_mean     | -11.5    |
| time/              |          |
|    fps             | 4096     |
|    iterations      | 24       |
|    time_elapsed    | 95       |
|    total_timesteps | 393216   |
---------------------------------
Eval num_timesteps=425984, episode_reward=23.69 +/- 169.52
Episode length: 388.30 +/- 163.22
------------------------------------------
| eval/                   |              |
|    mean_ep_length       | 388          |
|    mean_reward          | 23.7         |
| time/                   |              |
|    total_timesteps      | 425984       |
| train/                  |              |
|    approx_kl            | 0.0036630936 |
|    clip_fraction        | 0.0286       |
|    clip_range           | 0.2          |
|    entropy_loss         | -2.8         |
|    explained_variance   | 0.578        |
|    learning_rate        | 0.0003       |
|    loss                 | 44.3         |
|    n_updates            | 100          |
|    policy_gradient_loss | -0.000274    |
|    std                  | 0.978        |
|    value_loss           | 271          |
------------------------------------------
Eval num_timesteps=458752, episode_reward=65.42 +/- 170.58
Episode length: 383.10 +/- 124.60
---------------------------------------
| eval/                   |           |
|    mean_ep_length       | 383       |
|    mean_reward          | 65.4      |
| time/                   |           |
|    total_timesteps      | 458752    |
| train/                  |           |
|    approx_kl            | 0.0044444 |
|    clip_fraction        | 0.041     |
|    clip_range           | 0.2       |
|    entropy_loss         | -2.78     |
|    explained_variance   | 0.711     |
|    learning_rate        | 0.0003    |
|    loss                 | 140       |
|    n_updates            | 108       |
|    policy_gradient_loss | -0.000815 |
|    std                  | 0.972     |
|    value_loss           | 263       |
---------------------------------------
New best mean reward!
---------------------------------
| rollout/           |          |
|    ep_len_mean     | 706      |
|    ep_rew_mean     | -1.01    |
| time/              |          |
|    fps             | 4078     |
|    iterations      | 28       |
|    time_elapsed    | 112      |
|    total_timesteps | 458752   |
---------------------------------
Eval num_timesteps=491520, episode_reward=105.62 +/- 152.54
Episode length: 396.40 +/- 101.62
------------------------------------------
| eval/                   |              |
|    mean_ep_length       | 396          |
|    mean_reward          | 106          |
| time/                   |              |
|    total_timesteps      | 491520       |
| train/                  |              |
|    approx_kl            | 0.0043519456 |
|    clip_fraction        | 0.0328       |
|    clip_range           | 0.2          |
|    entropy_loss         | -2.76        |
|    explained_variance   | 0.835        |
|    learning_rate        | 0.0003       |
|    loss                 | 78.8         |
|    n_updates            | 116          |
|    policy_gradient_loss | -0.000331    |
|    std                  | 0.958        |
|    value_loss           | 216          |
------------------------------------------
New best mean reward!
Eval num_timesteps=524288, episode_reward=36.05 +/- 131.87
Episode length: 455.80 +/- 203.74
-----------------------------------------
| eval/                   |             |
|    mean_ep_length       | 456         |
|    mean_reward          | 36.1        |
| time/                   |             |
|    total_timesteps      | 524288      |
| train/                  |             |
|    approx_kl            | 0.004358187 |
|    clip_fraction        | 0.0497      |
|    clip_range           | 0.2         |
|    entropy_loss         | -2.74       |
|    explained_variance   | 0.901       |
|    learning_rate        | 0.0003      |
|    loss                 | 28.8        |
|    n_updates            | 124         |
|    policy_gradient_loss | 0.000255    |
|    std                  | 0.953       |
|    value_loss           | 125         |
-----------------------------------------
---------------------------------
| rollout/           |          |
|    ep_len_mean     | 729      |
|    ep_rew_mean     | 33.3     |
| time/              |          |
|    fps             | 4052     |
|    iterations      | 32       |
|    time_elapsed    | 129      |
|    total_timesteps | 524288   |
---------------------------------
Eval num_timesteps=557056, episode_reward=116.60 +/- 116.95
Episode length: 479.60 +/- 165.41
------------------------------------------
| eval/                   |              |
|    mean_ep_length       | 480          |
|    mean_reward          | 117          |
| time/                   |              |
|    total_timesteps      | 557056       |
| train/                  |              |
|    approx_kl            | 0.0052484684 |
|    clip_fraction        | 0.0497       |
|    clip_range           | 0.2          |
|    entropy_loss         | -2.74        |
|    explained_variance   | 0.905        |
|    learning_rate        | 0.0003       |
|    loss                 | 49.2         |
|    n_updates            | 132          |
|    policy_gradient_loss | -0.00143     |
|    std                  | 0.952        |
|    value_loss           | 126          |
------------------------------------------
New best mean reward!
Eval num_timesteps=589824, episode_reward=90.19 +/- 139.13
Episode length: 392.20 +/- 96.12
-----------------------------------------
| eval/                   |             |
|    mean_ep_length       | 392         |
|    mean_reward          | 90.2        |
| time/                   |             |
|    total_timesteps      | 589824      |
| train/                  |             |
|    approx_kl            | 0.004575344 |
|    clip_fraction        | 0.047       |
|    clip_range           | 0.2         |
|    entropy_loss         | -2.73       |
|    explained_variance   | 0.901       |
|    learning_rate        | 0.0003      |
|    loss                 | 36.9        |
|    n_updates            | 140         |
|    policy_gradient_loss | -0.000307   |
|    std                  | 0.948       |
|    value_loss           | 109         |
-----------------------------------------
---------------------------------
| rollout/           |          |
|    ep_len_mean     | 708      |
|    ep_rew_mean     | 41.5     |
| time/              |          |
|    fps             | 4020     |
|    iterations      | 36       |
|    time_elapsed    | 146      |
|    total_timesteps | 589824   |
---------------------------------
Eval num_timesteps=622592, episode_reward=17.29 +/- 140.20
Episode length: 361.40 +/- 100.35
------------------------------------------
| eval/                   |              |
|    mean_ep_length       | 361          |
|    mean_reward          | 17.3         |
| time/                   |              |
|    total_timesteps      | 622592       |
| train/                  |              |
|    approx_kl            | 0.0047800834 |
|    clip_fraction        | 0.0415       |
|    clip_range           | 0.2          |
|    entropy_loss         | -2.73        |
|    explained_variance   | 0.913        |
|    learning_rate        | 0.0003       |
|    loss                 | 31.1         |
|    n_updates            | 148          |
|    policy_gradient_loss | 0.000637     |
|    std                  | 0.946        |
|    value_loss           | 71.2         |
------------------------------------------
Eval num_timesteps=655360, episode_reward=118.74 +/- 147.73
Episode length: 390.90 +/- 48.68
------------------------------------------
| eval/                   |              |
|    mean_ep_length       | 391          |
|    mean_reward          | 119          |
| time/                   |              |
|    total_timesteps      | 655360       |
| train/                  |              |
|    approx_kl            | 0.0037429233 |
|    clip_fraction        | 0.042        |
|    clip_range           | 0.2          |
|    entropy_loss         | -2.7         |
|    explained_variance   | 0.932        |
|    learning_rate        | 0.0003       |
|    loss                 | 39.3         |
|    n_updates            | 156          |
|    policy_gradient_loss | -0.00138     |
|    std                  | 0.933        |
|    value_loss           | 61.1         |
------------------------------------------
New best mean reward!
---------------------------------
| rollout/           |          |
|    ep_len_mean     | 777      |
|    ep_rew_mean     | 73.5     |
| time/              |          |
|    fps             | 4001     |
|    iterations      | 40       |
|    time_elapsed    | 163      |
|    total_timesteps | 655360   |
---------------------------------
Eval num_timesteps=688128, episode_reward=109.11 +/- 121.76
Episode length: 357.90 +/- 69.24
-----------------------------------------
| eval/                   |             |
|    mean_ep_length       | 358         |
|    mean_reward          | 109         |
| time/                   |             |
|    total_timesteps      | 688128      |
| train/                  |             |
|    approx_kl            | 0.004870326 |
|    clip_fraction        | 0.0445      |
|    clip_range           | 0.2         |
|    entropy_loss         | -2.7        |
|    explained_variance   | 0.961       |
|    learning_rate        | 0.0003      |
|    loss                 | 19          |
|    n_updates            | 164         |
|    policy_gradient_loss | 0.00082     |
|    std                  | 0.937       |
|    value_loss           | 26.2        |
-----------------------------------------
Eval num_timesteps=720896, episode_reward=88.58 +/- 117.84
Episode length: 309.90 +/- 50.78
-----------------------------------------
| eval/                   |             |
|    mean_ep_length       | 310         |
|    mean_reward          | 88.6        |
| time/                   |             |
|    total_timesteps      | 720896      |
| train/                  |             |
|    approx_kl            | 0.005439309 |
|    clip_fraction        | 0.051       |
|    clip_range           | 0.2         |
|    entropy_loss         | -2.69       |
|    explained_variance   | 0.935       |
|    learning_rate        | 0.0003      |
|    loss                 | 15          |
|    n_updates            | 172         |
|    policy_gradient_loss | 0.000315    |
|    std                  | 0.927       |
|    value_loss           | 78.6        |
-----------------------------------------
---------------------------------
| rollout/           |          |
|    ep_len_mean     | 799      |
|    ep_rew_mean     | 87.8     |
| time/              |          |
|    fps             | 4000     |
|    iterations      | 44       |
|    time_elapsed    | 180      |
|    total_timesteps | 720896   |
---------------------------------
Eval num_timesteps=753664, episode_reward=145.84 +/- 123.71
Episode length: 356.60 +/- 34.73
------------------------------------------
| eval/                   |              |
|    mean_ep_length       | 357          |
|    mean_reward          | 146          |
| time/                   |              |
|    total_timesteps      | 753664       |
| train/                  |              |
|    approx_kl            | 0.0049602985 |
|    clip_fraction        | 0.0578       |
|    clip_range           | 0.2          |
|    entropy_loss         | -2.66        |
|    explained_variance   | 0.96         |
|    learning_rate        | 0.0003       |
|    loss                 | 11.4         |
|    n_updates            | 180          |
|    policy_gradient_loss | -0.000829    |
|    std                  | 0.914        |
|    value_loss           | 38.1         |
------------------------------------------
New best mean reward!
Eval num_timesteps=786432, episode_reward=189.47 +/- 94.17
Episode length: 419.70 +/- 49.03
------------------------------------------
| eval/                   |              |
|    mean_ep_length       | 420          |
|    mean_reward          | 189          |
| time/                   |              |
|    total_timesteps      | 786432       |
| train/                  |              |
|    approx_kl            | 0.0039340705 |
|    clip_fraction        | 0.0352       |
|    clip_range           | 0.2          |
|    entropy_loss         | -2.64        |
|    explained_variance   | 0.938        |
|    learning_rate        | 0.0003       |
|    loss                 | 57.8         |
|    n_updates            | 188          |
|    policy_gradient_loss | -0.000269    |
|    std                  | 0.905        |
|    value_loss           | 85.7         |
------------------------------------------
New best mean reward!
---------------------------------
| rollout/           |          |
|    ep_len_mean     | 814      |
|    ep_rew_mean     | 95.4     |
| time/              |          |
|    fps             | 3990     |
|    iterations      | 48       |
|    time_elapsed    | 197      |
|    total_timesteps | 786432   |
---------------------------------
Eval num_timesteps=819200, episode_reward=94.09 +/- 160.51
Episode length: 477.50 +/- 47.35
---------------------------------------
| eval/                   |           |
|    mean_ep_length       | 478       |
|    mean_reward          | 94.1      |
| time/                   |           |
|    total_timesteps      | 819200    |
| train/                  |           |
|    approx_kl            | 0.004877  |
|    clip_fraction        | 0.048     |
|    clip_range           | 0.2       |
|    entropy_loss         | -2.64     |
|    explained_variance   | 0.924     |
|    learning_rate        | 0.0003    |
|    loss                 | 15.9      |
|    n_updates            | 196       |
|    policy_gradient_loss | -0.000485 |
|    std                  | 0.902     |
|    value_loss           | 90.5      |
---------------------------------------
Eval num_timesteps=851968, episode_reward=225.50 +/- 38.95
Episode length: 513.00 +/- 124.61
-----------------------------------------
| eval/                   |             |
|    mean_ep_length       | 513         |
|    mean_reward          | 225         |
| time/                   |             |
|    total_timesteps      | 851968      |
| train/                  |             |
|    approx_kl            | 0.004334978 |
|    clip_fraction        | 0.0478      |
|    clip_range           | 0.2         |
|    entropy_loss         | -2.64       |
|    explained_variance   | 0.923       |
|    learning_rate        | 0.0003      |
|    loss                 | 46.3        |
|    n_updates            | 204         |
|    policy_gradient_loss | 8.48e-05    |
|    std                  | 0.902       |
|    value_loss           | 97.5        |
-----------------------------------------
New best mean reward!
---------------------------------
| rollout/           |          |
|    ep_len_mean     | 835      |
|    ep_rew_mean     | 104      |
| time/              |          |
|    fps             | 3966     |
|    iterations      | 52       |
|    time_elapsed    | 214      |
|    total_timesteps | 851968   |
---------------------------------
Eval num_timesteps=884736, episode_reward=208.23 +/- 75.66
Episode length: 431.10 +/- 113.15
-----------------------------------------
| eval/                   |             |
|    mean_ep_length       | 431         |
|    mean_reward          | 208         |
| time/                   |             |
|    total_timesteps      | 884736      |
| train/                  |             |
|    approx_kl            | 0.006046842 |
|    clip_fraction        | 0.0453      |
|    clip_range           | 0.2         |
|    entropy_loss         | -2.62       |
|    explained_variance   | 0.95        |
|    learning_rate        | 0.0003      |
|    loss                 | 11.4        |
|    n_updates            | 212         |
|    policy_gradient_loss | 0.000524    |
|    std                  | 0.893       |
|    value_loss           | 52.2        |
-----------------------------------------
Eval num_timesteps=917504, episode_reward=184.96 +/- 121.06
Episode length: 392.90 +/- 29.20
------------------------------------------
| eval/                   |              |
|    mean_ep_length       | 393          |
|    mean_reward          | 185          |
| time/                   |              |
|    total_timesteps      | 917504       |
| train/                  |              |
|    approx_kl            | 0.0037586675 |
|    clip_fraction        | 0.0456       |
|    clip_range           | 0.2          |
|    entropy_loss         | -2.59        |
|    explained_variance   | 0.971        |
|    learning_rate        | 0.0003       |
|    loss                 | 2.45         |
|    n_updates            | 220          |
|    policy_gradient_loss | 0.00074      |
|    std                  | 0.885        |
|    value_loss           | 28.9         |
------------------------------------------
---------------------------------
| rollout/           |          |
|    ep_len_mean     | 880      |
|    ep_rew_mean     | 115      |
| time/              |          |
|    fps             | 3960     |
|    iterations      | 56       |
|    time_elapsed    | 231      |
|    total_timesteps | 917504   |
---------------------------------
Eval num_timesteps=950272, episode_reward=257.84 +/- 18.70
Episode length: 405.00 +/- 25.01
-----------------------------------------
| eval/                   |             |
|    mean_ep_length       | 405         |
|    mean_reward          | 258         |
| time/                   |             |
|    total_timesteps      | 950272      |
| train/                  |             |
|    approx_kl            | 0.004485914 |
|    clip_fraction        | 0.035       |
|    clip_range           | 0.2         |
|    entropy_loss         | -2.61       |
|    explained_variance   | 0.948       |
|    learning_rate        | 0.0003      |
|    loss                 | 21.8        |
|    n_updates            | 228         |
|    policy_gradient_loss | -0.000257   |
|    std                  | 0.897       |
|    value_loss           | 81.6        |
-----------------------------------------
New best mean reward!
Eval num_timesteps=983040, episode_reward=148.91 +/- 103.04
Episode length: 360.00 +/- 48.89
-----------------------------------------
| eval/                   |             |
|    mean_ep_length       | 360         |
|    mean_reward          | 149         |
| time/                   |             |
|    total_timesteps      | 983040      |
| train/                  |             |
|    approx_kl            | 0.004837667 |
|    clip_fraction        | 0.0544      |
|    clip_range           | 0.2         |
|    entropy_loss         | -2.61       |
|    explained_variance   | 0.98        |
|    learning_rate        | 0.0003      |
|    loss                 | 9.07        |
|    n_updates            | 236         |
|    policy_gradient_loss | 0.000823    |
|    std                  | 0.889       |
|    value_loss           | 25.2        |
-----------------------------------------
---------------------------------
| rollout/           |          |
|    ep_len_mean     | 794      |
|    ep_rew_mean     | 114      |
| time/              |          |
|    fps             | 3959     |
|    iterations      | 60       |
|    time_elapsed    | 248      |
|    total_timesteps | 983040   |
---------------------------------
Eval num_timesteps=1015808, episode_reward=254.51 +/- 23.31
Episode length: 362.70 +/- 70.96
-----------------------------------------
| eval/                   |             |
|    mean_ep_length       | 363         |
|    mean_reward          | 255         |
| time/                   |             |
|    total_timesteps      | 1015808     |
| train/                  |             |
|    approx_kl            | 0.004546088 |
|    clip_fraction        | 0.0446      |
|    clip_range           | 0.2         |
|    entropy_loss         | -2.6        |
|    explained_variance   | 0.946       |
|    learning_rate        | 0.0003      |
|    loss                 | 78.7        |
|    n_updates            | 244         |
|    policy_gradient_loss | -7.87e-05   |
|    std                  | 0.888       |
|    value_loss           | 78.2        |
-----------------------------------------
Eval num_timesteps=1048576, episode_reward=254.54 +/- 15.86
Episode length: 358.00 +/- 26.54
-----------------------------------------
| eval/                   |             |
|    mean_ep_length       | 358         |
|    mean_reward          | 255         |
| time/                   |             |
|    total_timesteps      | 1048576     |
| train/                  |             |
|    approx_kl            | 0.004567839 |
|    clip_fraction        | 0.0577      |
|    clip_range           | 0.2         |
|    entropy_loss         | -2.62       |
|    explained_variance   | 0.929       |
|    learning_rate        | 0.0003      |
|    loss                 | 76.4        |
|    n_updates            | 252         |
|    policy_gradient_loss | -0.00224    |
|    std                  | 0.897       |
|    value_loss           | 104         |
-----------------------------------------
---------------------------------
| rollout/           |          |
|    ep_len_mean     | 716      |
|    ep_rew_mean     | 110      |
| time/              |          |
|    fps             | 3962     |
|    iterations      | 64       |
|    time_elapsed    | 264      |
|    total_timesteps | 1048576  |
---------------------------------
Wrapping the env in a DummyVecEnv.
rbf_actor_mlp_critic_192 after training: mean_reward=210.62 +/- 93.35

=== Experiment complete ===
Summary: outputs/lunarlander_ppo_rbf/ppo-rbf-20260727_211945-seed456/experiment_summary.json
mlp: final=270.75, best_eval=281.98653360000003
rbf_64: final=165.04, best_eval=180.67643750000002
rbf_192: final=82.98, best_eval=197.1318353
rbf_actor_mlp_critic_64: final=236.10, best_eval=231.73845810000003
rbf_actor_mlp_critic_192: final=210.62, best_eval=257.8417925
