#{"t_start": 1785489481.2877786, "env_id": "Go2Locomotion-v0"}
r,l,t,episode_vx_rmse,episode_vy_rmse,episode_yaw_rmse,episode_mean_vx,episode_mean_vy,episode_mean_yaw_rate,episode_action_saturation,episode_torque_sq,termination_code
-75.858194,1000,9.248314,0.5026547584100849,0.020524617974596825,0.07571680403774457,-0.0019183564240682423,-0.0003999555024021416,-0.0008223041244524154,0.0,171.0496192522652,0.0
-75.4115,1000,11.70296,0.5007892221173614,0.023290195117439235,0.0846597856819986,-8.933575049788537e-05,0.0001307774260797673,0.0028764112337222023,0.0,159.66706275448757,0.0
-67.433725,1000,14.130162,0.49931278771644144,0.020603100991179665,0.07151847049394805,0.0012155690536722523,0.00046733611216110766,0.00014828077864249546,0.0,151.23102592527272,0.0
-65.739383,1000,16.60278,0.497853320021967,0.02059004767079141,0.07366595871875296,0.0026728396494362892,-0.0005757021362719681,-0.001753307962429939,0.0,150.812756480208,0.0
-53.455303,1000,19.025915,0.4933029869358354,0.01848047194081956,0.07130556656727666,0.007127924916287649,7.952871623747376e-05,-0.002277453009907662,0.00025,159.97852364439285,0.0
-31.493994,692,20.724864,0.4855098195208342,0.01432369765493155,0.0656560375546798,0.015606018086292375,-0.0018890294201969453,-0.0029713513635918325,0.001204238921001927,174.71271653738899,1.0
-9.256892,218,21.275548,0.4568061103654474,0.015034272197739718,0.06729696394578312,0.04600117241613409,0.002582859000977719,-0.0030537364265666098,0.0007645259938837921,198.49158631691847,1.0
-11.330258,203,21.762504,0.45471898064892263,0.018645801946802897,0.06369307657491878,0.04814868820272441,-0.010321071190086347,-0.0013818464892389314,0.006157635467980296,221.19779852975051,1.0
-14.444005,302,22.511287,0.4703154379503471,0.01599186974797142,0.06681924990122318,0.03153115156537297,-0.002408917795464303,-0.013000233342979041,0.00883002207505519,192.77320322095161,1.0
-9.545883,257,23.143551,0.46251124104639574,0.01788982532737606,0.06780852556520375,0.040390176197914525,-2.233737211867556e-07,-0.006407573833305793,0.012645914396887165,199.1733459636393,1.0
-14.883319,308,23.911197,0.47156929172105916,0.016037243030479275,0.06274645947954514,0.030236407543933877,-0.003945111932939785,-0.011516747353432529,0.01948051948051947,193.15918846531557,1.0
-8.799119,159,24.29271,0.4475559678183654,0.020750306089104376,0.06527483222151514,0.05658933725990825,-0.011179591637699502,-0.014995012883820743,0.03144654088050315,209.9589579728076,1.0
-11.501478,120,24.59571,0.4340707502707889,0.06317207140842573,0.08764883091481812,0.06957585744938001,-0.044271084956024345,-0.011571135704471193,0.027777777777777787,199.37939235251966,1.0
-7.488719,144,24.94273,0.4415328240780634,0.01991271138287066,0.06865585930187346,0.0639093098051396,-0.008264650813720336,-0.019517918061246323,0.03240740740740741,205.65135508424788,1.0
-9.01492,155,25.348126,0.4458433853782854,0.01899005453072803,0.07521028052306061,0.05741867587162795,-0.01251128053713487,-0.01524201787315975,0.03709677419354837,200.21181357704702,1.0
-7.911203,104,25.601741,0.4215694585400211,0.04272974521721323,0.0796792377167759,0.08258947824388954,-0.033253523560860705,-0.008058470149075755,0.03445512820512822,199.05903647186167,1.0
-8.190579,137,25.944299,0.44113006604593746,0.014787048309664808,0.07822013258999011,0.06391339792490654,-0.009213949930419343,-0.02070807260819571,0.03771289537712893,213.53561794981482,1.0
-9.746601,147,26.312948,0.4446955584170506,0.02486163111867158,0.07431222347366774,0.0593236600818278,-0.016873455827944875,-0.015082795816561164,0.0447845804988662,205.42966801106832,1.0
-12.029328,192,26.762197,0.4604248214284773,0.02246963405925035,0.06819621636113443,0.043693878388013085,-0.0036296463904894106,-0.014134854392424142,0.05815972222222223,205.02379188467083,1.0
-11.710653,154,27.140749,0.45387195711646267,0.021674627844780338,0.05831451379035012,0.05043826502525608,-0.012463281286628321,-0.008738723765548,0.06872294372294371,207.64159752919667,1.0
-6.265122,89,27.364717,0.41001149789878566,0.0194998119718437,0.0792953390929627,0.09597148306348612,-0.012430635916891804,-0.03233834461174657,0.06835205992509362,200.9649455757678,1.0
-15.72732,174,27.804229,0.46027652663255847,0.02768958014768238,0.06234069959326586,0.043546738222733763,-0.017531242612622736,-0.005417426060527317,0.07423371647509584,218.1612275726616,1.0
-7.182295,85,28.004308,0.40997484314691973,0.014612993605244992,0.10271239736277442,0.09852506367882816,-0.00755107034313036,-0.03541147011433534,0.08039215686274509,205.11841067810352,1.0
-12.475067,167,28.430438,0.4566065415560871,0.02167307182775654,0.07683971056199033,0.04761995334978102,-0.017202589293802608,-0.027467852705453228,0.10279441117764469,205.55075226390784,1.0
-9.272674,114,28.700059,0.4335112976261614,0.0196133675770183,0.08238222587972997,0.07270978488117845,-0.013350883702791451,-0.026004301154338615,0.08260233918128658,211.18022129100288,1.0
-7.690071,106,28.976401,0.428015097224102,0.016032970964695532,0.07370908626601148,0.07880957707035426,-0.00732323398237999,-0.019501170416743704,0.08726415094339626,205.27344819086278,1.0
-3.269745,49,29.094183,0.3299059039137917,0.021039887111385137,0.10552405603505928,0.18303939210274894,-0.013529374193960017,-0.0658870442854622,0.08333333333333334,199.18003351783747,1.0
-11.852709,137,29.438277,0.4474161448455131,0.026057895390312447,0.06665712205536223,0.056817290765054,-0.01742215725832905,-0.009238805431544648,0.1015815085158151,206.5507879271021,1.0
-6.658711,64,29.615186,0.38328439206932835,0.03457643728457433,0.07078671552670997,0.12595636147799302,-0.027018506777304493,-0.01675757309574263,0.09244791666666664,205.91267594956568,1.0
-8.488409,95,29.854866,0.4249075960157701,0.03398427496714055,0.06536727487305029,0.08426722530611533,-0.013305481580808076,-0.021346282993381403,0.0894736842105263,216.11934621000185,1.0
-9.730028,124,30.200125,0.4362290163530776,0.029354276510261505,0.07212923024454383,0.06945281254489839,-0.02301763473527109,-0.011165544129998161,0.0900537634408602,218.8849516029192,1.0
-10.611023,127,30.517935,0.44043553242643996,0.036489343198281975,0.07576959858419484,0.06477914682863259,-0.029724448237597432,-0.01652923645645774,0.08530183727034116,213.54331034070552,1.0
-6.174061,105,30.786484,0.4212587150731248,0.022662512691407267,0.07384972356086976,0.08518939789579319,-0.010875725343810967,-0.02454669151374021,0.08650793650793649,204.4517505834728,1.0
-7.111156,107,31.094541,0.42224781430193853,0.021474019013605627,0.09325134747248677,0.08361478107341234,-0.014108745137066388,-0.025294889474393165,0.08566978193146418,208.1887430682021,1.0
-6.12997,61,31.243095,0.3741252895707217,0.05199263139788817,0.08830823702534575,0.1361075439852454,-0.02695628415273283,-0.022433888618141797,0.07513661202185794,209.3553489501281,1.0
-6.998178,124,31.62443,0.433552475813769,0.02067259827917315,0.08126208750110948,0.07236230172235956,-0.01671067471887358,-0.03001750810259644,0.07930107526881722,206.96448747152098,1.0
-10.322712,151,31.991133,0.4455025347626712,0.024030133196245473,0.06694815925327186,0.05885892221746203,-0.01819900418416744,-0.020497937674478554,0.07891832229580577,212.77316110388833,1.0
-6.168155,103,32.284498,0.41677079399467015,0.025339303304824035,0.07786150017466903,0.08974149161590758,-0.018910675619757282,-0.02603026077858052,0.0768608414239482,206.34046237813405,1.0
-4.698107,98,32.533766,0.4108035626116342,0.024647635062970713,0.07583541506509667,0.09614299050752571,-0.018996509097171932,-0.029696324080309713,0.09268707482993198,207.32269155886496,1.0
-4.698972,66,32.699575,0.37614495391873837,0.03425768754645578,0.07203940369113002,0.13332632106497727,-0.024523455666640877,-0.024700813987612737,0.08585858585858587,205.27248050615165,1.0
-8.439523,103,33.027183,0.4245175066563787,0.038050892955416346,0.06870479628981742,0.08217445058297848,-0.02900669658603016,-0.025126300155018766,0.08333333333333334,213.33460274884095,1.0
-6.796166,59,33.181287,0.37058750592606376,0.023567133876134,0.10987876031726851,0.13940483202857515,-0.017716292346258784,-0.04897519405676348,0.10028248587570619,199.1613032793063,1.0
-6.902645,84,33.400459,0.4018671919344267,0.02834983806103052,0.09804474484588767,0.10486880384797395,-0.02153001046403502,-0.03237522026201339,0.09325396825396821,209.64591027093545,1.0
-3.659133,64,33.566008,0.3703092012505606,0.01822528820154908,0.08193015267758876,0.1392298225305123,-0.002373659823322674,-0.039205322740815125,0.09244791666666664,204.3866462218161,1.0
-6.350017,75,33.791497,0.3979812088607334,0.026671306168939743,0.07772760620614727,0.11125876167652272,-0.012840619686777882,-0.03345253820946232,0.07666666666666666,204.82005477286646,1.0
-5.398003,76,33.98594,0.3894684214795599,0.03721452859852352,0.09480869295682133,0.11867098084185349,-0.021623159587565968,-0.037213999497525206,0.08004385964912282,211.1074153117395,1.0
-3.995815,57,34.126206,0.3547748300278867,0.03300498179057466,0.07447163735646667,0.15406998569310157,-0.02574075848154052,-0.0034917140634821314,0.07748538011695907,199.17835755930994,1.0
-6.280081,50,34.256751,0.35239884239628994,0.05560724474194685,0.0901895963929367,0.15853712964725447,-0.046787025058586285,-0.038797353289877184,0.10166666666666664,193.74044101044092,1.0
-8.189252,99,34.527444,0.4200797165823116,0.026198317685229445,0.08614397601740588,0.08639279766641601,-0.018997093539844478,-0.027431413958394008,0.09259259259259259,208.6395729874963,1.0
-5.258131,69,34.700962,0.38209876233101514,0.0353337311660681,0.08969918069040249,0.1261960572840321,-0.02796458251223379,-0.03347223444633727,0.08091787439613525,208.32974471631013,1.0
-3.556235,65,34.857729,0.36839552318047175,0.022058635397100027,0.09170450312924344,0.1405236477214629,-0.003976591078162113,-0.04564714406819598,0.08205128205128202,203.72607127557444,1.0
-8.055791,73,35.060194,0.3939925809097325,0.051776627740688745,0.1109291075569279,0.11400828554828848,-0.047686118635773544,-0.03497961205670797,0.08105022831050228,211.29606692359914,1.0
-9.338785,61,35.220976,0.38078417846448254,0.08002124144752036,0.10465373505528336,0.12687823565895162,-0.07369861098177716,0.011913511732350932,0.06967213114754099,204.02275338725534,1.0
-4.725424,107,35.489885,0.4177151068037575,0.026355290131441726,0.06710318064159802,0.08977273975866819,-0.004689423919691643,-0.013782243164960064,0.07398753894080994,209.7260529306578,1.0
-6.638473,86,35.733774,0.40484985176553046,0.043034993598585786,0.08340668020163912,0.1025256856820433,-0.032783417835610146,-0.0178666439299647,0.07461240310077517,210.17423401220236,1.0
-5.418367,58,35.878065,0.36227065692735666,0.03600554665046601,0.10117459613745688,0.1476172555150133,-0.021243041999872272,0.006672972124617511,0.08620689655172414,202.0738543482928,1.0
-5.392975,55,36.017959,0.36233879405980224,0.033046524609039986,0.08580998309800913,0.15005425503918401,-0.010333980947396088,-0.009908701678121365,0.07424242424242425,203.52882446130994,1.0
-2.784151,83,36.232399,0.3896274084403547,0.02136461133592318,0.07712406842970107,0.11754581606676186,-0.011231044514937014,-0.01975392482536577,0.07630522088353413,204.62120322661465,1.0
-3.477327,58,36.406442,0.35643499274999246,0.033684202631050056,0.09516752962022537,0.15362159873017797,-0.02113239159711607,-0.0521216886769271,0.08189655172413794,196.85898598420016,1.0
-4.413085,58,36.560538,0.35561436780294736,0.053602899439629516,0.08129396784470033,0.1535137910203936,-0.04892056719868194,-0.02610889169297387,0.08477011494252874,198.63463404666612,1.0
-2.59638,57,36.699225,0.352082848416559,0.020646294729314646,0.06121150545276628,0.15828322478522222,-0.012396692521682537,-0.026378151130254237,0.07456140350877193,195.0588761598283,1.0
-3.297149,55,36.870817,0.34992272720629153,0.034750008536066725,0.0735579961448726,0.1603992734731049,-0.027695279773039545,-0.023969051206356166,0.07727272727272728,195.16931239679639,1.0
-6.29714,90,37.192089,0.4120984371532903,0.025897351485398835,0.060904840888489,0.09487163600427123,-0.018228112675237582,-0.012005445867409863,0.0888888888888889,205.43277248273105,1.0
-5.761263,103,37.449847,0.41650580004575405,0.02916211853603621,0.07791001079366147,0.09042528152658695,-0.022161878586293295,-0.02117511721868844,0.08818770226537213,209.1085359603234,1.0
-5.58478,60,37.600863,0.36648673520501857,0.03820004651915761,0.09525862003828066,0.14197308099704842,-0.02502509387306914,-0.026734960487822777,0.07638888888888887,203.70439321462007,1.0
-3.358106,60,37.87024,0.3589964400675176,0.038795509556255776,0.07523251508365335,0.14917591698962537,-0.02812365427142184,-0.019904993884538074,0.0833333333333333,200.82435509657986,1.0
-3.269264,56,38.010677,0.35429429787790095,0.01635357435751843,0.06898527535826479,0.15550222935567715,-0.005656912788125519,-0.037806307116890515,0.08779761904761903,198.91074757162136,1.0
-5.224388,72,38.188375,0.3884199889054627,0.03718180134440145,0.07634560703566136,0.11915395282605029,-0.03012653390563469,-0.026806175570788078,0.07638888888888891,205.87119157812324,1.0
-3.546164,61,38.344099,0.35485199973025106,0.04089011644554917,0.09408791985002028,0.1548166220191547,-0.03275917016354619,-0.03876505248908638,0.0833333333333333,203.7890241760198,1.0
-3.285511,59,38.524152,0.3517163530339268,0.016960297344885605,0.10805825078207422,0.1574251030133511,0.005271752532711623,-0.03789339156890985,0.07909604519774013,200.74438178386887,1.0
-4.925822,53,38.654356,0.34306374221586294,0.053968522999980874,0.11913410627656129,0.1677396824408437,-0.04714493787333389,-0.04591122316342268,0.06918238993710693,193.67216700353296,1.0
-2.694752,52,38.783139,0.33581010851600784,0.01966426148945543,0.11109401495561784,0.1752691679702128,0.0038758085582855507,-0.04452967096533326,0.05288461538461539,190.0940410728828,1.0
-2.164158,45,38.894009,0.31760096005748145,0.03679239163034657,0.08401270208832815,0.19924702934221408,-0.03099198206260642,-0.04849464147515541,0.0814814814814815,191.1470588236673,1.0
-4.44889,48,39.021003,0.3330261574392796,0.043602372280425114,0.11416093687588917,0.18043550203585124,-0.020080260467062284,-0.0690615153543745,0.08333333333333333,201.09976871230847,1.0
-2.36852,57,39.209616,0.3453367714955777,0.025621258438921907,0.10224737095616983,0.1657420768386204,-0.012298569045035682,-0.03977239506213218,0.07602339181286552,200.104407065693,1.0
-4.10542,45,39.329769,0.32491631600090215,0.02493587292278557,0.08511623157660637,0.19013318760496528,-0.007443759416528749,-0.02635284913139799,0.07777777777777778,194.34152739599747,1.0
-5.415231,49,39.452896,0.3393083082318039,0.05593228935344136,0.11646500535287187,0.17182384508908582,-0.04793855205368693,-0.0359233649672496,0.06632653061224492,192.30340649374108,1.0
-2.264983,47,39.57044,0.32448857132753095,0.03443352831809703,0.09773678318446573,0.18910834128223952,-0.02981184862365501,-0.028011640612735495,0.0868794326241135,187.26569774914918,1.0
-2.605041,53,39.6998,0.33783253775266725,0.022147943608168685,0.1050036274596197,0.1742900941913349,-0.0153148849240765,-0.044901235097431,0.08333333333333334,195.35442905066895,1.0
-3.598389,83,39.933855,0.3930742968566409,0.0276007662606656,0.09937832120611927,0.1140537731591035,-0.01876413057563058,-0.04573662395505415,0.08835341365461846,202.85994636778454,1.0
-2.534987,47,40.05191,0.3248492862676524,0.02274079961579311,0.08780240517780458,0.1887486560030131,-0.014173063158117869,-0.0485906435147091,0.0851063829787234,188.69142648845624,1.0
-5.003741,70,40.238147,0.38346863620602345,0.039049487463367234,0.07097908635212422,0.1247183315827032,-0.017184744886636315,-0.022679280230771395,0.08095238095238089,206.57311232061778,1.0
-2.680972,74,40.419935,0.3784771252988473,0.022333496455698015,0.08038740820610246,0.12892955644799112,-0.01342261413895887,-0.02085629732854219,0.07882882882882884,201.24629602002196,1.0
-6.223588,58,40.593986,0.35741752386904785,0.05959840005451023,0.1370015901463397,0.15225315733691908,-0.0484542349118877,-0.05580121680224949,0.0617816091954023,205.72073781296723,1.0
-4.119272,59,40.737174,0.35490879955719057,0.05047624550046174,0.10070231937136542,0.15411129079090735,-0.04113698424704497,-0.03500514532094124,0.08192090395480227,196.0377671591261,1.0
-4.57797,46,40.84664,0.33329989425767215,0.03711852903112103,0.10024279633204392,0.18129691427724212,-0.016773422404687596,-0.06753957652396335,0.0833333333333333,187.26437702828426,1.0
-4.666066,63,40.995926,0.3622805812154594,0.04724294328980358,0.09464415728677698,0.1466070364204598,-0.03282515992405612,-0.039081588734889795,0.0952380952380952,209.55980478177668,1.0
-5.141228,58,41.132323,0.36030726712502625,0.045092564040242526,0.1034711154803961,0.1498029172093744,-0.03242673019161772,-0.042112304721623195,0.08333333333333331,199.05823167087203,1.0
-4.7587,58,41.309077,0.3546955144875697,0.04374467516205276,0.12128294292853999,0.15464942955291575,-0.032779043131776715,-0.05486273443064054,0.08620689655172414,199.28679281137528,1.0
-2.385737,50,41.432401,0.32168229827845735,0.038030426716533505,0.11161968619684144,0.19194909031829815,-0.0301954749462066,-0.06190715437663094,0.08333333333333331,197.64754972544742,1.0
-4.387389,41,41.539468,0.3138966587288704,0.049119817671805364,0.11174077178434254,0.2054537776408824,-0.02840758590557462,-0.040752693283384205,0.11382113821138208,188.75243215029653,1.0
-2.792064,47,41.659061,0.3236584753024406,0.046959311722785196,0.08430709162616336,0.18970447842764732,-0.03374061766674276,-0.032786982524273464,0.08333333333333334,194.66959772970728,1.0
-2.199606,74,41.875757,0.37648107756613414,0.030067071670529806,0.0939015276797715,0.1329624111936303,-0.023512627053654273,-0.03922305295297807,0.09346846846846846,206.7828646230143,1.0
-5.065082,50,42.00035,0.34176530461797056,0.04249243619553204,0.10705898958035402,0.1692769240013765,-0.03522940914420297,-0.02883342459126421,0.08666666666666666,195.42062993011746,1.0
-3.552037,47,42.115932,0.32958988412648765,0.060198252307131404,0.10357820702200972,0.18283011960129925,-0.050558094042355464,-0.049254663782857505,0.09751773049645387,179.99920976154337,1.0
-4.147545,52,42.248146,0.3417151284926003,0.07171589489389119,0.08608559486052121,0.16905127065377162,-0.06454071815990597,-0.03274307755276328,0.09775641025641026,193.1899176129752,1.0
-1.523683,54,42.38144,0.3412662265027857,0.03964299148177856,0.08298596956517917,0.16930412062217085,-0.033990106592737934,-0.04406776118016099,0.08024691358024692,187.72351050776064,1.0
-3.01307,46,42.493658,0.31981799545727124,0.042964418153915086,0.12470933517669809,0.1950775874421663,-0.02667919637838861,-0.07104247226435877,0.09601449275362324,187.28535268249,1.0
-3.045193,46,42.629181,0.3178874263395923,0.048120938299423384,0.10013393228784703,0.19624337911645492,-0.038353528204815523,-0.04590251573363166,0.08152173913043478,190.4584989582861,1.0
-4.200011,43,42.734838,0.32338613004161193,0.06140815525344143,0.0924272969371327,0.19085931479501586,-0.0513318796377428,-0.045905792985416555,0.10077519379844961,179.35920480936005,1.0
-5.89333,42,42.832555,0.3202980258983933,0.030216015457760915,0.13633217822910448,0.1962957244957589,-0.019797093909119753,-0.024614089795619794,0.09126984126984129,195.02206242296182,1.0
-2.857253,43,42.935133,0.3158296316381573,0.043841416835780224,0.10146385283108215,0.20050837071534997,-0.035998451726453634,-0.04830343879928966,0.09883720930232558,178.9300518376314,1.0
-1.06862,50,43.048207,0.3252533156881965,0.03659538998326209,0.08012000894525322,0.18723583303231842,-0.028887054376078032,-0.03139202467289334,0.07166666666666666,188.2727510308456,1.0
-2.245053,46,43.176565,0.3146310109524628,0.05315657525646893,0.10509174858700192,0.20166338112759322,-0.0474731371716429,-0.06723050272234678,0.06884057971014493,188.57836997733736,1.0
-3.790562,53,43.311719,0.3386067490332081,0.06493163784127673,0.102025980419506,0.17195296223675932,-0.05634505579262837,-0.039790924909302354,0.07232704402515724,198.9068486303318,1.0
-2.607887,55,43.44387,0.34484737567449775,0.03882939664067844,0.09356885544128153,0.16690352376958772,-0.02789311023650869,-0.0329561570397417,0.08181818181818183,201.09022898437735,1.0
-1.855433,51,43.57008,0.32600093053034673,0.04223237266827819,0.10349767502313252,0.1879682459458435,-0.036006518055029836,-0.04086036093720722,0.06699346405228761,198.5971561151782,1.0
-3.456806,45,43.677607,0.31850369823209296,0.04363741262483812,0.1304853388083639,0.19603669085161332,-0.03413296973132791,-0.07744359738302042,0.09814814814814814,189.38460454987055,1.0
-1.89193,58,43.849787,0.3511673425718526,0.027064227753562427,0.0747315689595271,0.15887501940569765,-0.020547871849636024,-0.033399104965867225,0.09482758620689656,195.0774614912321,1.0
-1.986147,43,43.951797,0.30623644303290853,0.05371360571698867,0.08989829255561045,0.21166057687016518,-0.04437963259352818,-0.030648969588278247,0.0872093023255814,190.70382419538265,1.0
-4.586397,42,44.051076,0.31762423903005615,0.058897992636727604,0.10462759336466114,0.20013334688944676,-0.05023322420656405,-0.0453860373558908,0.09920634920634919,186.625580741461,1.0
-2.188761,49,44.165966,0.32620103340301726,0.03487107905658393,0.10270494488180869,0.18667063073301374,-0.02848997117583096,-0.056440065040072145,0.0697278911564626,187.72567126007198,1.0
-3.842157,48,44.290448,0.3300424797447351,0.053550800328212245,0.09797969631899016,0.18314556490457626,-0.04516178678293998,-0.018089312127051383,0.0920138888888889,194.03194772467575,1.0
-3.649203,41,44.400141,0.3113027016444707,0.04948335223568731,0.09704798600378474,0.20726561931344187,-0.03996455637605797,-0.042179277284577224,0.06707317073170732,185.6319792613576,1.0
-2.838794,52,44.564422,0.33191102784622956,0.06594830943171223,0.0862530109932503,0.17927896368861315,-0.05828745218293277,-0.049881523970493565,0.08653846153846152,197.29187351622232,1.0
-3.647867,45,44.68131,0.31600332916788193,0.061471662891316954,0.11695218636227113,0.19978845956478047,-0.05336955282248255,-0.05031983083424272,0.0851851851851852,187.22706071255982,1.0
-4.131853,39,44.782935,0.3011546456451177,0.055799152519246636,0.11470243857524404,0.22118419956999857,-0.0476580541557599,-0.05668860505363715,0.08974358974358973,186.1147988067992,1.0
-4.460624,42,44.89124,0.31284451307796374,0.060008906966020445,0.1339374698047105,0.20560528779281514,-0.04714092476965938,-0.055972723753543265,0.09722222222222221,185.50159692009677,1.0
-2.70584,57,45.040608,0.34887561411216816,0.030746195687569713,0.10483371313087829,0.16151962923722865,-0.027299900834227706,-0.037580789436636786,0.0964912280701754,199.51651646967468,1.0
-3.580891,43,45.170495,0.3147191056264879,0.03293223912036841,0.08691441112264203,0.20228299913494127,-0.028989191131916846,-0.035963942177968895,0.0988372093023256,195.72079471904573,1.0
-3.552044,42,45.279202,0.3117412078924135,0.04084758099999672,0.10436601902666172,0.2050450393448807,-0.035107079804595764,-0.07009065836837723,0.0892857142857143,184.05901229422506,1.0
-3.251049,44,45.38732,0.31740441654764967,0.05872846758174808,0.08691464150801256,0.1987536740122813,-0.0494497790809395,-0.034942079605407975,0.08901515151515152,188.3239329615593,1.0
-3.707779,43,45.497379,0.31385596882371075,0.0420019449563321,0.09303898562462931,0.20291808844998313,-0.03883097194161871,0.002761618483495132,0.10077519379844962,194.50570513329822,1.0
-3.353747,45,45.61063,0.31832406399839286,0.05118027790637748,0.09368853162584977,0.19788178804385584,-0.02810800780126394,-0.038397731149334396,0.10185185185185186,202.66935037749215,1.0
-5.558707,38,45.712125,0.3031692165968814,0.05388750651331729,0.13609427370383148,0.2187563269500234,-0.04338393676700649,-0.06335506312237167,0.09868421052631579,185.06679666520768,1.0
-4.39586,41,45.836735,0.30851408446281064,0.03452896612963061,0.1111801732742838,0.20947164479969416,-0.03174969569716952,-0.06776540751574527,0.09146341463414634,188.91972715679177,1.0
-3.660002,41,45.938232,0.2988164052800141,0.04712916793723319,0.15644464082236323,0.2212906290788276,-0.03708058722072132,-0.07048518134731889,0.07723577235772358,187.38884966631252,1.0
-2.071806,46,46.04912,0.3104138192743221,0.05479526953599173,0.1109042317718031,0.2064386351942023,-0.04899837715299895,-0.04937547548000683,0.10869565217391303,196.48187394591127,1.0
-2.752857,41,46.152594,0.30346772827584784,0.060668641038519405,0.07216239803196862,0.21730950297117113,-0.0462271810800399,-0.01679297342066508,0.07113821138211383,196.30207457333478,1.0
-5.109659,38,46.250473,0.307039348238536,0.06221338457139837,0.10904214671911357,0.21462372418949863,-0.05044738210630494,-0.05026264137023633,0.09649122807017545,182.50707462727507,1.0
-4.370454,47,46.366075,0.33170386756095843,0.05969209321852434,0.0836013516280516,0.18160556105675973,-0.04874273129550461,-0.05404309615193443,0.09751773049645392,193.20611948941684,1.0
-4.455942,50,46.524218,0.33571165360068633,0.07492802946087171,0.11101747190527046,0.17556842013352988,-0.06596931328338443,-0.03518329454176111,0.09833333333333333,195.047587362251,1.0
-3.555809,51,46.653323,0.33089262217175935,0.06006969921655829,0.11329112840171264,0.1812459641877473,-0.052267702931406285,-0.07633309942649377,0.09803921568627452,197.4524587834192,1.0
-2.337806,40,46.754307,0.2964079300306373,0.05100242377643773,0.10004467984412214,0.22623868946097608,-0.041748442313083944,-0.05495204411043779,0.10625,181.14574274068642,1.0
-3.716092,34,46.841069,0.28904080846026514,0.04975986896099849,0.0885500119570581,0.24416128776320487,-0.03742537831051569,-0.033471600259821085,0.09558823529411764,178.4414818138994,1.0
-4.453234,47,46.961868,0.3286971649393154,0.062051312601601606,0.10161273804678478,0.18614272134807217,-0.05446426065675556,-0.02702574365308861,0.11170212765957449,197.60483899253813,1.0
-2.67732,43,47.073822,0.30904960621957367,0.06546381188194185,0.09048173465698658,0.20933566094751274,-0.05453566224971803,-0.02833394103645042,0.11240310077519379,188.08840674937582,1.0
-3.15555,42,47.202972,0.3072773041427551,0.06552901304442635,0.09178494103449837,0.21155659824491876,-0.05569606402542346,-0.03682336254508953,0.09523809523809526,186.20361701668585,1.0
-3.44399,40,47.304987,0.305779631072384,0.032990762888519536,0.09257300007009274,0.21477769342790407,-0.023076483058634256,0.0070539805309991115,0.07708333333333336,182.4597526059482,1.0
-3.027682,42,47.409576,0.3088574379327228,0.04980021665689983,0.09255896643098989,0.20899588870034538,-0.04236597860911418,-0.035457763593196606,0.11507936507936509,182.17273316158168,1.0
-3.246271,44,47.522718,0.3171113464639005,0.039203723897418635,0.08445937965310886,0.19844075538315795,-0.03137451176430651,-0.034334404745399776,0.10795454545454547,190.8388020903475,1.0
-1.563882,44,47.634187,0.30184671108216,0.03065264910240598,0.11509587799482282,0.21722310111321655,-0.02252554945655309,-0.04004417838962862,0.09469696969696968,194.10511669645894,1.0
-4.002129,36,47.720846,0.2949761165099081,0.048709780796988525,0.10336765289533863,0.23069663517071495,-0.03835996153057517,-0.06632576703602235,0.07407407407407407,172.9642360765535,1.0
-2.340305,48,47.862738,0.32008719857713963,0.0682266684749489,0.08563340907691765,0.194403919832022,-0.058429516588697945,-0.028637168804382898,0.09722222222222222,187.91663910938064,1.0
-2.009792,42,47.967353,0.30786135605814124,0.0386352081530097,0.08729792384638066,0.20984020857221813,-0.02859169796606083,-0.010087018404983666,0.08134920634920637,177.84144939769462,1.0
0.49441,44,48.072453,0.2922101094158568,0.03149395918418181,0.09488870666471719,0.22938759629773423,-0.019737184648306958,-0.045623027535688705,0.08712121212121213,185.2004913182614,1.0
-1.265747,45,48.186383,0.3078316384524738,0.04912964300361249,0.08044873112640524,0.20933432452167103,-0.042068365512804434,-0.04984550547873806,0.08703703703703704,194.35543794366603,1.0
-1.520462,39,48.282986,0.2916990385598417,0.03281511078235357,0.09721178598691754,0.23393241073197146,-0.023073819172025146,-0.055916672212900184,0.09615384615384616,177.26897093566535,1.0
-2.815381,38,48.371169,0.2891616254882353,0.02512564383479367,0.12862535718914714,0.2371889167607865,-0.018086621862961297,-0.011531370634158539,0.08114035087719301,184.1843931221934,1.0
-3.237425,38,48.462974,0.2896463982667799,0.05031040628652557,0.12178856529775818,0.235325003353417,-0.041107493048720085,-0.08428104971506674,0.09868421052631579,181.87948188227213,1.0
-1.791798,42,48.867519,0.29565770339605013,0.0441106335710621,0.0920099224095217,0.22660781374592004,-0.033297991780349034,-0.024077722255929856,0.09523809523809523,191.84124457643225,1.0
-3.329,40,48.963808,0.29927078528520684,0.05551121777245561,0.1068457819231899,0.22097737577144416,-0.04274995907823135,-0.057161601513752325,0.10625000000000002,184.74843467025255,1.0
-0.768121,44,49.06956,0.30129565417070686,0.04731542789169513,0.09063911624353778,0.21810588829897587,-0.03653009394258317,-0.019695857724317232,0.10416666666666669,188.77896098061612,1.0
-4.811793,34,49.15037,0.2864793491592609,0.04051863174381358,0.16712682575542362,0.2460531741635986,-0.0345682930466233,-0.12058673862365768,0.11274509803921569,172.09290199425305,1.0
-3.337987,41,49.250164,0.2998970282456134,0.05295476483909183,0.12169730943551987,0.22062286987710436,-0.04346838412704864,-0.04949722499730829,0.10365853658536585,185.43005081563828,1.0
-4.448597,40,49.352752,0.3081209186884302,0.05769454157446301,0.0847826731769644,0.2102549965623408,-0.0505124444319772,-0.012749342748504389,0.0958333333333333,188.82620891161778,1.0
-2.512446,39,49.466079,0.29361347317304054,0.0309725600734765,0.08671502826506088,0.23087986922734752,-0.024287790640114028,-0.034231271745623335,0.108974358974359,185.39534872200116,1.0
-2.0132,40,49.561322,0.291222530450127,0.011279088523315217,0.14150370649790173,0.23392707019712172,0.0033997657458315613,-0.04818220587475584,0.11249999999999998,184.02080702537359,1.0
-2.225703,39,49.652133,0.29225810196878976,0.04202685368303228,0.08535266007851537,0.2336249447756952,-0.026177998798697553,-0.032497812964337076,0.1111111111111111,186.09226805120787,1.0
-2.05227,45,49.758122,0.3095284465584004,0.05341426643727127,0.10013513038911807,0.20761152578299474,-0.04327178132049914,-0.04812422893947835,0.10740740740740738,192.3490837534521,1.0
-2.568456,47,49.868176,0.31854944508344557,0.055791796963542646,0.10862301445100556,0.1947447398676851,-0.047454645618443286,-0.0327043712357138,0.08865248226950358,194.07318237805822,1.0
-0.010311,46,49.97915,0.30819951890966085,0.03055557400920766,0.08335881316333965,0.20807829685765442,-0.026862784287628946,-0.021030865287444436,0.09420289855072465,190.19789299120043,1.0
-3.061507,41,50.104265,0.30506971175578235,0.06379829196047683,0.09824770321538716,0.21483104837345887,-0.05298214795565343,0.012494017829708493,0.09959349593495936,180.40040700090105,1.0
-2.719821,38,50.192905,0.2944014408185963,0.04311113988853502,0.0949963437198106,0.23096601514511148,-0.035988879299556686,-0.016536897422829128,0.10087719298245616,182.62246956324768,1.0
-2.313854,35,50.287557,0.2782071798045913,0.05199849869600692,0.10595204392073505,0.2574604604625922,-0.040337811898841607,-0.051249081247168725,0.10238095238095239,171.18194045829978,1.0
-0.102412,49,50.408792,0.312635595955987,0.0457127827310673,0.06918392750900912,0.20482210686592378,-0.039204385286611146,-0.018172374744025034,0.108843537414966,195.59953332573704,1.0
-1.841364,42,50.521008,0.2989776421865621,0.05297046940558124,0.11287210293030409,0.22212829141099658,-0.045718062448575146,-0.05583335423957422,0.10515873015873015,181.87582283175757,1.0
-1.55583,50,50.649765,0.31783569061678923,0.04102398495187925,0.10877033572433592,0.19768548392923907,-0.033038277207890515,-0.013712314647980516,0.08166666666666667,198.59635821218836,1.0
-1.881674,43,50.78581,0.3032127310889913,0.05222381234197557,0.10523741107590136,0.21587145911549263,-0.04696542106433814,-0.016949866305197476,0.10271317829457367,192.4749646330902,1.0
-1.269898,43,50.893589,0.3038129002655782,0.048727464594973756,0.06820028772135683,0.21494629178225325,-0.04040984043350693,-0.023993686587044084,0.09689922480620158,183.07122669021365,1.0
-2.315875,40,50.993251,0.29217552330508056,0.026824525111207167,0.12306651765069683,0.23272289634709123,-0.016958184759344033,-0.027581210124563327,0.09375,186.8504960330101,1.0
-1.954299,42,51.106057,0.30111473450286097,0.03882297674098845,0.08662668682155823,0.2199089387429661,-0.030900571461896405,-0.048867452369418564,0.1011904761904762,190.667053586883,1.0
-2.200274,39,51.205674,0.29512343020794474,0.0721468998968213,0.06542134488516986,0.22769366566163507,-0.060520735203589526,0.0005917298250052257,0.10256410256410259,179.91222342032435,1.0
-1.259598,42,51.312527,0.2979425290285451,0.04127837813433188,0.0795660020528404,0.22273624860840546,-0.03317737156495347,-0.03366139142404913,0.09126984126984129,185.29189818034524,1.0
-1.668662,39,51.432374,0.2873579903078398,0.0503113815860984,0.10480524389750694,0.24072061591317018,-0.042303243166981,-1.4039593162861655e-05,0.08760683760683763,181.09687542072663,1.0
-1.230975,39,51.532127,0.2888438955563425,0.05430280475558099,0.0769784660451799,0.23664947424496405,-0.043829892754961,-0.02674656346613224,0.10042735042735045,180.37355858589416,1.0
-2.96718,36,51.628922,0.29030065575522657,0.05414586458872754,0.08894046082996557,0.23912269623260052,-0.04318567785719566,-0.05319441183635483,0.09722222222222225,177.3385541522352,1.0
-2.989224,46,51.740447,0.32023383943841516,0.039705795755212256,0.10755772600131051,0.19517529767901112,-0.024141326154480863,-0.03270514459886217,0.108695652173913,193.51182974552384,1.0
-2.303446,43,51.843965,0.310029778993489,0.04353926977039456,0.09222667311938716,0.20749918478831528,-0.03768305006861715,-0.010097474307660831,0.09883720930232556,186.5755958455129,1.0
-3.33378,36,51.931581,0.2862887595939247,0.0479745574277526,0.08976719889923819,0.2443181367469024,-0.03910101533981963,0.0005796524108691118,0.10879629629629628,185.14517688816622,1.0
-2.798843,36,52.021451,0.28544627760843333,0.03031498792094805,0.1179412129659541,0.24573185258621633,-0.025530463834153437,-0.0330794940335913,0.10185185185185183,178.10447639974186,1.0
-1.429174,40,52.14431,0.28698502799437126,0.057728564894289895,0.08516765730830905,0.23941133518900312,-0.03662646410556749,-0.03767863006473253,0.09375000000000003,190.1245081532404,1.0
-0.855125,42,52.246743,0.28903029486462006,0.04718579938920736,0.1174220928865011,0.23487888167150614,-0.040156974754120514,-0.06958717781712113,0.09523809523809526,184.61194571656355,1.0
-2.439779,45,52.363153,0.3121840353454393,0.0759820143780533,0.08814048990303157,0.20463861868055944,-0.06608674149093417,0.013059218592712156,0.09074074074074073,189.67818697149175,1.0
-1.193943,47,52.482403,0.3129253468665351,0.07653156879618815,0.09962351163678623,0.20318869910878506,-0.059840740880452624,-0.03910966075398623,0.09042553191489362,186.9953627178126,1.0
-1.473737,40,52.583196,0.28828689133398017,0.03736277831223149,0.1008121151850691,0.23644466782849083,-0.018228625554554744,-0.03377108659256865,0.08333333333333336,195.03112860658342,1.0
-1.522192,42,52.685247,0.29499344329937405,0.07970828438210856,0.08056282058095461,0.22581743478919888,-0.07047413833276735,0.003059524566627795,0.10714285714285712,189.85897606952622,1.0
-2.94103,33,52.795854,0.2750522449047923,0.05506023984910283,0.08384628689812865,0.26952040070473976,-0.04635454919025101,-0.009442367647093488,0.09848484848484851,177.79341864628876,1.0
-3.165765,34,52.881112,0.2724407946778518,0.057213301037339244,0.11056234004345272,0.26860786187018115,-0.04504061891008451,-0.07687524829054657,0.1372549019607843,179.99056152049218,1.0
-3.255498,40,52.978966,0.30149702888406277,0.07014672735705448,0.08760487641897453,0.21945214553565773,-0.06095053035369745,-0.031383742826099854,0.1,186.16423379128344,1.0
-1.340773,40,53.075969,0.289432760765075,0.03864665645292733,0.09043155923545795,0.23516369669459833,-0.034549432236997475,-0.036531349622138505,0.0875,189.27431301164452,1.0
-1.738867,44,53.183955,0.3030410881184697,0.057845270465137336,0.1290788474746807,0.21680936062006984,-0.051142795067290386,-0.0222987827650924,0.10037878787878786,186.23990014210315,1.0
-2.917141,43,53.291495,0.3083345366609234,0.06534520760373243,0.10171450357720499,0.2105416182039548,-0.054977677286848325,-0.01219214070727363,0.0988372093023256,188.7864278948647,1.0
-2.443521,39,53.411784,0.2944340168783768,0.05442729149606683,0.08945560089895974,0.22948647739817923,-0.04523580448096189,-0.05486317205151417,0.10897435897435895,180.77466740615318,1.0
-2.985658,40,53.517247,0.2904487295392607,0.054614277562509604,0.14006350609222576,0.23325815245747714,-0.037479701233638384,-0.04552077208974761,0.08958333333333332,184.09574826314832,1.0
-1.490401,41,53.625814,0.29210699583473015,0.06499835490752717,0.08387568474110005,0.2325171056599822,-0.05729268526630798,-0.01251989319825045,0.10772357723577232,181.42685506507198,1.0
-2.57851,43,53.731279,0.3023154264854592,0.0792432471013288,0.09250205532696867,0.21668530280858744,-0.0669856667936822,-0.023054420524248838,0.09108527131782948,191.4412836644914,1.0
-0.739645,46,53.845303,0.30452220171662114,0.058670495739666546,0.09583067637512734,0.2138181533668315,-0.049738980681306104,-0.04831869626075627,0.1068840579710145,192.24449944460778,1.0
-2.196217,36,53.931471,0.28078488821258724,0.031223567282412972,0.11445828097795316,0.2514302352915148,-0.022537703910449784,-0.06139128967096327,0.11574074074074073,174.10704491937727,1.0
-2.565044,37,54.021958,0.2760820776499004,0.056508576291093,0.13183505009778795,0.2587159148994655,-0.04685653224863004,-0.07203148788026766,0.08558558558558559,184.37448169312947,1.0
-1.621737,40,54.149078,0.2915111526101517,0.05843104318142814,0.09652941376775992,0.23315060008811592,-0.051275308202017124,-0.053768204362821446,0.11458333333333334,182.16178283449193,1.0
-1.247277,38,54.243856,0.2835181581404584,0.03748332229399714,0.08999468850138961,0.24781847204207474,-0.02964133365622119,-0.04920829115133036,0.10526315789473684,177.97223564357785,1.0
-1.103264,38,54.337726,0.284161384437657,0.03738612703233671,0.08524608570780169,0.245301027945914,-0.02652808842165063,-0.0424057992919822,0.10745614035087721,178.71036602788627,1.0
-1.614339,42,54.43843,0.2985829383040675,0.04977505130066567,0.11219312410170296,0.22320680860593944,-0.039941597782338106,-0.06635068613940757,0.10317460317460318,178.40212964865964,1.0
-2.528129,38,54.537341,0.28672928094905276,0.05787030448696095,0.08828315765271993,0.24196745414864212,-0.04744466285062228,-0.008666588787145869,0.09210526315789473,185.27878236516418,1.0
-2.125308,47,54.649806,0.3157335751181548,0.0715746793786509,0.09481719130920627,0.19978489257102178,-0.06470265831548108,-0.038192961657285474,0.09751773049645392,192.97340824427837,1.0
-0.958307,40,54.788098,0.28674879014921784,0.048438326852567,0.09379199686587432,0.24093924017112892,-0.04335656185826709,-0.05552585595678272,0.08750000000000001,188.8268033534555,1.0
-0.54534,40,54.887011,0.28415642795387036,0.04701658567580856,0.08379424478551135,0.24436975626627017,-0.039959159779127944,0.013843007525038389,0.10625,185.19895549187567,1.0
-2.868816,36,54.97229,0.2910020710361145,0.04635839702846727,0.07393380723771402,0.2389044382529959,-0.03484291373575583,0.004470370210654534,0.12731481481481483,179.66791232913974,1.0
-0.398967,37,55.062072,0.2741978021255918,0.052403581701426,0.08640952955780117,0.2610583702994939,-0.0432244356326302,-0.008230910602625452,0.12387387387387389,175.0662580124591,1.0
0.463161,40,55.156887,0.2773771312231662,0.036527331400561254,0.09241298365528858,0.2534552928417388,-0.030609280850998937,-0.034813758870095815,0.10208333333333335,185.936893326576,1.0
-1.090162,40,55.254917,0.28578674340898935,0.07016044789183785,0.08488069169398794,0.23993409714863265,-0.06351824581749047,-0.028853116102636328,0.09583333333333334,187.91487780840978,1.0
0.038439,42,55.437425,0.29263049299779814,0.03414421950248656,0.09559775514131987,0.23201797021480652,-0.02532279259778227,-0.04244562409001312,0.11111111111111116,186.12867010318845,1.0
-0.990764,43,55.544742,0.2965547937348131,0.08161207329175742,0.09094833781002051,0.22492375786175264,-0.06976517923666209,-0.056756453105940484,0.11821705426356592,187.53609363141533,1.0
-1.630654,37,55.632441,0.28534174505149734,0.03563952912638037,0.0877462061722205,0.24478518463586005,-0.025523556298106934,-0.0086152879231267,0.11261261261261264,177.93104650575165,1.0
-1.554571,40,55.729066,0.2919890825703552,0.037764569773183515,0.10947009219781773,0.23259230216697735,-0.030642914177347713,-0.03598454318474368,0.10833333333333332,181.0334313793852,1.0
-3.216767,37,55.81685,0.29257103619257585,0.05119035639469754,0.11317431509060522,0.23439456786352994,-0.04104454238463997,-0.025190186105722354,0.13063063063063063,174.82765003371549,1.0
-1.664407,42,55.922797,0.3012371949127419,0.03973760086402596,0.10447270468452428,0.21949919226693146,-0.03519709711852381,-0.04099442977628708,0.12896825396825398,180.15389684251682,1.0
-0.870456,37,56.02265,0.2822398242837482,0.0304411065246227,0.06890596582197785,0.2494623281979719,-0.022604403581184932,-0.021312248520063512,0.11261261261261264,174.2419376771819,1.0
-1.169039,38,56.141605,0.28369190667617805,0.029699133679991378,0.07792202590984147,0.2474003618347182,-0.025160768128748456,-0.009871973872085544,0.12499999999999996,184.10598165854532,1.0
-0.065545,39,56.239231,0.27993863318756723,0.04781375184002219,0.06800228770889756,0.2510741369717715,-0.04335839080309222,-0.022289751576291723,0.09829059829059832,185.05523936680402,1.0
-0.043902,40,56.337842,0.2800094621416349,0.03913966783766277,0.11043346339924535,0.2507117823307967,-0.027964393662388887,-0.0564509241442803,0.1166666666666667,186.41910706746074,1.0
-2.831525,37,56.431334,0.286552459404923,0.0609978718777594,0.09634498056359775,0.24298818329925292,-0.05425421412556847,-0.004725778972591914,0.12162162162162163,181.14344423614813,1.0
-1.700472,40,56.541404,0.28985109706736517,0.054901335686472354,0.0997441127754803,0.2347849130937972,-0.04971232011200868,-0.0737392716549684,0.11041666666666665,185.9949142037206,1.0
-1.505473,44,56.648792,0.3051009403186671,0.07129751806574153,0.08373972733176024,0.21283621808005018,-0.06278805241845528,-0.009602286219251605,0.11931818181818184,188.4290084255569,1.0
-1.292484,42,56.774662,0.2986910672886202,0.04576082249724697,0.09209050841816784,0.22269270902262156,-0.03854046345355356,-0.006630772996816807,0.1130952380952381,183.6176001781339,1.0
-1.389975,38,56.866065,0.2834040379855294,0.0633505504678303,0.10271229451527401,0.24651437099090057,-0.051123021689782756,-0.07272172907410819,0.0767543859649123,176.432312970061,1.0
-1.434436,37,56.954791,0.27905662509228546,0.032781374664913265,0.09602817585733003,0.2556199497673265,-0.027218442050591932,-0.058532397256103694,0.11711711711711711,181.10891901749793,1.0
-0.745843,40,57.052065,0.28975344372474277,0.030785772093814466,0.09828859507362041,0.23560405780170832,-0.02422298151271073,0.017946860272308233,0.1291666666666667,184.6022804193354,1.0
-1.068393,49,57.170456,0.3176349090809138,0.06672120596374055,0.08718197322499452,0.19718856095694606,-0.054507498191600855,-0.04403111443553952,0.108843537414966,188.99627993950043,1.0
-0.911057,37,57.26699,0.27750007275231464,0.031666567387551116,0.06947282794825686,0.2562032528305648,-0.02668886309161985,0.013611258353250031,0.11486486486486489,181.4825272506626,1.0
-0.984,38,57.359193,0.2803967297305,0.06072117991103678,0.08283497550791355,0.25092476313287065,-0.055045402795167474,-0.02828161364060949,0.09429824561403509,185.96418444855806,1.0
-0.602131,40,57.477994,0.28886328944312356,0.034287131932804825,0.09391982218859775,0.2371937068160753,-0.0245002210589154,-0.03145309531573974,0.10624999999999998,185.97633703482387,1.0
-0.444521,46,57.59263,0.29773606330827235,0.05569781856764064,0.11138761824253546,0.22325482434154706,-0.043701083754038784,-0.043920800904474276,0.10144927536231883,199.27362122323694,1.0
-1.349651,48,57.706756,0.31928122818623006,0.06237377172007275,0.08784495229468725,0.19619679464955622,-0.0546371352164029,-0.01366716633427256,0.11631944444444446,190.2401282760513,1.0
-0.984162,43,57.809739,0.30134725769793647,0.027764236103637107,0.10885036754392277,0.21908335892163458,-0.021603140415077104,-0.015422778470489847,0.0988372093023256,181.49111930150062,1.0
-0.372679,39,57.904367,0.2836159311141624,0.052588472136502355,0.08187390795131938,0.24797356582615826,-0.04445317638065395,-0.00303554013673694,0.11752136752136753,182.68161258835113,1.0
-0.079771,43,58.012592,0.2924141657520295,0.04104685667223997,0.08311655262894053,0.2299726589298823,-0.03382919888460873,-0.03636548484081994,0.12209302325581393,185.04526348801735,1.0
-1.063694,39,58.133846,0.28613099275532516,0.0263101077366779,0.08112881186537735,0.24458228875660765,-0.0205541316105841,-0.03231761201125678,0.12179487179487178,187.50348670465533,1.0
-1.166753,43,58.238452,0.29726194238146203,0.029589026339292092,0.11761307418488715,0.22380519095911014,-0.025146009748032622,-0.06280428830207438,0.12209302325581395,188.39897422222668,1.0
-0.893386,42,58.343072,0.2971992363276458,0.030875099339285738,0.09152100655475455,0.22438529573923197,-0.027311345115781867,-0.03257089984192814,0.11507936507936509,180.92267203573604,1.0
-0.803417,41,58.452031,0.2975656291165189,0.05166115009655566,0.07208123875765789,0.22615016680987424,-0.04239562232519241,-0.04343600329678641,0.13211382113821143,187.8492550043476,1.0
-1.433965,38,58.552888,0.2816366694766271,0.0432996965325029,0.09414147897862775,0.2496320035425754,-0.0353139286456089,-0.009790514518055427,0.08114035087719301,182.35884887312878,1.0
-0.352501,43,58.66254,0.29445897821731293,0.028229019195101603,0.10465965062318673,0.22929723404811125,-0.018126919762819393,-0.05215850446747605,0.1065891472868217,185.84268227917724,1.0
-1.628079,37,58.776989,0.28263235754035654,0.03959635352407604,0.10866387927470056,0.24923998866252506,-0.03258634791539802,-0.05760855001451369,0.12612612612612614,180.18006968121065,1.0
-0.291379,41,58.880178,0.2911386866587134,0.038226527074022104,0.09317755938933489,0.23485820029141177,-0.029765298380147017,-0.017268633792695463,0.11585365853658537,182.41841535467645,1.0
-0.673465,44,58.997871,0.3064331634628579,0.03374001390118499,0.09917869098784542,0.21240047240289314,-0.018219385115406987,-0.049865348349595336,0.09280303030303032,180.47547686758682,1.0
1.434433,42,59.109767,0.2828488261757491,0.033728272573090586,0.09144508670266399,0.24396229524192167,-0.0259973624322947,-0.03603878947130505,0.12103174603174602,182.84401115299423,1.0
-0.651597,39,59.212318,0.2828506512352319,0.03918658254182257,0.11257911192975648,0.24784884237729982,-0.031169975510376417,-0.027951483660046177,0.11538461538461539,180.4976609766442,1.0
-0.976464,41,59.315732,0.2887765266059676,0.016777953337191395,0.10584623214842868,0.2373370916553376,-0.01250329371333182,-0.010734528502211507,0.10162601626016259,184.13883673748083,1.0
0.229675,39,59.444968,0.280710274663487,0.02113241763405852,0.08565219719965271,0.25122694985663946,-0.0041950833306114415,-0.047085495205226376,0.0918803418803419,182.09915033627985,1.0
0.517774,41,59.551908,0.2847579786017589,0.019078715714304098,0.09061817252377853,0.24499043436855425,-0.01288578505443648,-0.026504518165383566,0.10975609756097564,183.00307161458932,1.0
0.227105,44,59.665157,0.29861407266882245,0.027573250388694494,0.09168155546512773,0.22524928691083676,-0.021692100628289638,-0.022451665633663492,0.10606060606060606,190.0140498318803,1.0
0.30564,41,59.769045,0.28377227397580324,0.01730638101022938,0.11700885976720056,0.24545855309654308,0.006012204596002388,-0.08367925577040514,0.13414634146341464,181.7831444560007,1.0
0.671857,45,59.880784,0.29880317790282435,0.03730858123419508,0.09707592739286357,0.22375303899177235,-0.01833562231466378,-0.035515068503582665,0.10555555555555556,183.78620401550174,1.0
0.146707,40,59.981697,0.28730506245670473,0.02109631494406358,0.09206604397095901,0.2420660339914856,-0.01420794771477463,-0.0461970706057865,0.11458333333333334,179.71015024822137,1.0
0.673912,41,60.105728,0.28836076023615714,0.022509777815724802,0.07669377367394628,0.23904181490181095,0.015756269494404982,-0.023559784163284494,0.11382113821138214,182.08894178277987,1.0
-0.316134,47,60.229443,0.30881961364296034,0.03341089571960743,0.09088360640392795,0.21073105667465658,-0.02660693366920281,-0.051051665506962635,0.09929078014184398,187.665017034196,1.0
0.741103,47,60.344452,0.3084741831497033,0.03214738172718054,0.08543902345763482,0.21031943065849037,-0.02873741487137293,-0.04488982387848035,0.11347517730496455,185.2627284672572,1.0
-0.837969,41,60.453815,0.2928561931506239,0.015122482337022626,0.10447345836877057,0.23210492915132705,-0.008437640354586244,-0.0009621151722404423,0.10162601626016263,184.7106515932312,1.0
-1.123978,38,60.557807,0.28386019964833425,0.02392045914417579,0.08942630985107265,0.24937983206254677,-0.01973874183537556,-0.05073053985481648,0.12280701754385963,186.68346690206718,1.0
-1.868568,36,60.650885,0.28633893930605225,0.01673497928256654,0.08844260413153492,0.24536356984807156,-0.0023417230178780554,-0.03129199665262668,0.12500000000000003,177.591357587159,1.0
-0.84654,43,60.778358,0.2990402360934256,0.04435664477891426,0.10998022741594213,0.22345454442598814,-0.02806675802803763,-0.0637003028304718,0.125968992248062,184.3698487624427,1.0
-0.358155,42,60.888749,0.2944884513663853,0.029746398582072744,0.09693064406050049,0.23104947745265467,-0.01975640860498259,-0.030460534135987805,0.13293650793650796,182.88984985160212,1.0
-3.428401,36,60.977573,0.2834823952719215,0.046468780279919866,0.13956437112454775,0.25089740914544023,-0.01883525263263144,-0.023541525314839544,0.11342592592592597,188.54200237145767,1.0
-0.716369,45,61.09013,0.30290407077799614,0.010118914188335717,0.118765358290113,0.21701823337287113,-0.005051250116119666,-0.04178383221204992,0.12407407407407407,188.57391642092574,1.0
-0.903306,49,61.221561,0.3221584684635842,0.024403442972153012,0.10340437569059953,0.19223739976332935,-0.018024523188428045,-0.03538532588368381,0.11734693877551018,183.09205869891844,1.0
-0.919723,38,61.313847,0.27986759638663494,0.01384806233846683,0.1316703365844388,0.2535509620479992,-0.001070405143276022,-0.05922596296726307,0.11622807017543853,184.17687072783485,1.0
-1.565501,37,61.40328,0.28727622451831447,0.013953209835886373,0.09650853802614161,0.24559636768169357,0.0064662536780211895,-0.012127319422462956,0.11486486486486484,177.76074567900244,1.0
0.523843,39,61.527819,0.2785558830197969,0.020333847626060497,0.09448318982404687,0.25506706823927894,-0.011207854058548806,-0.04087670249986821,0.13034188034188032,181.290702894648,1.0
-0.336022,38,61.618885,0.2803205436546993,0.01966917439246785,0.11060338652871753,0.2529234711902188,0.01441383640237898,-0.06641682734093564,0.13377192982456138,179.01948039868049,1.0
1.881863,45,61.734075,0.2923977337053731,0.01978101724029825,0.09087420207597072,0.23278338529270898,-0.006597859090585792,0.0010718169460620752,0.12592592592592594,186.305797323667,1.0
0.597528,44,61.84511,0.29614305624416387,0.036063661410901594,0.08980821325579917,0.22734784268340713,-0.02733921019382669,-0.031391995753904424,0.1458333333333333,187.0708927964506,1.0
0.746093,48,61.961634,0.3079357948953499,0.014592140783434793,0.11447739863848515,0.2115310814152419,-0.0030612397284000598,-0.04472466177862509,0.11111111111111106,193.47283694829903,1.0
0.116462,42,62.064499,0.29090127947297706,0.015000203290085662,0.11024231413167733,0.23513958126533369,-0.0013909243297451075,0.00012656803362651246,0.12103174603174602,184.02816894257026,1.0
-1.66844,39,62.183494,0.2800191795673103,0.046299011180692635,0.1490680503783937,0.2535613796105864,0.03142685184779709,-0.08469282183851122,0.12393162393162395,187.94005210689713,1.0
-1.635514,42,62.291576,0.3015713570940131,0.018887349198968673,0.10843603399077746,0.2204003372210222,0.00048318563689098197,-0.019201021520664857,0.15079365079365079,184.76821681511151,1.0
0.970882,43,62.40153,0.29388303939185917,0.02453492244768891,0.08154498420883706,0.23054555386327122,0.0008661287312599269,-0.03448773937591701,0.13372093023255813,181.07379880205812,1.0
0.010948,36,62.490152,0.2752336340120234,0.04312848740204254,0.0738057844011286,0.26779159271149605,-0.03650597199913418,-0.006386397501480301,0.12731481481481477,172.85264975901043,1.0
-1.944797,36,62.587695,0.28274844073502897,0.022544830465239453,0.11782856253956496,0.251115263600174,0.009077102908332144,-0.07077525542842758,0.12037037037037036,175.54330815098137,1.0
0.004894,41,62.686722,0.29288346205926863,0.012811774159816268,0.08364589618008895,0.23340781374526273,0.00857081230939867,-0.036020834735493126,0.15447154471544722,181.29783253633877,1.0
0.762927,42,62.815132,0.2898568567115736,0.027290930681343605,0.07930488033031834,0.23795023105477683,0.024404164785933786,-0.005482282056335578,0.14484126984126983,180.07964570056453,1.0
-0.231936,41,62.911539,0.28708180184398313,0.016126696601412718,0.09821258811083611,0.23997088287919613,0.00032406111847880755,-0.046215597038926616,0.1260162601626016,189.122182165958,1.0
0.318774,50,63.036004,0.3111582868246829,0.0244030118458213,0.1358803668136886,0.20833068503550162,-0.010332234484250793,-0.04530251640048687,0.12666666666666665,188.43375853474993,1.0
-0.752542,39,63.1277,0.2905912889146063,0.01649197551196645,0.10055392177984887,0.23755069589174818,0.004740981364033714,0.013956558542298504,0.14743589743589744,182.54257550020623,1.0
-0.760801,38,63.215299,0.2833908507506986,0.01869410219374056,0.09434430978283792,0.2497276927783972,0.014581000572283731,-0.035358314234237166,0.125,180.8955238518527,1.0
0.081505,43,63.316892,0.2975827446268662,0.01859878747446491,0.07738883862989633,0.22646673313028506,0.002298575227425437,-0.02261691309332121,0.15503875968992248,190.07606261982417,1.0
-2.775151,33,63.437146,0.2743762358302567,0.015704163653001986,0.12995111089409692,0.27396211480210847,0.010758393279354052,-0.06962483104583192,0.14393939393939395,176.9488757945511,1.0
-0.026597,41,63.536487,0.2888265225020176,0.016225869680691025,0.10475382227373432,0.23860840842406109,-0.00576257372169876,0.013689285481976296,0.13008130081300812,185.35083004730052,1.0
-1.525156,36,63.626109,0.2873433159640424,0.022174959564008168,0.06586052771570403,0.24586205331295494,-0.011179673604276017,-0.015839795803476293,0.13657407407407407,174.36241248071224,1.0
0.361177,43,63.729837,0.29088390255683216,0.017572130612281106,0.12280879123457715,0.23443418824242507,-0.006011060400139194,0.00016131632549008047,0.12209302325581395,181.73506929704644,1.0
-1.402551,41,63.826751,0.2958436250211976,0.01650430939953115,0.1030475512028298,0.22887644260003928,-0.006796451718732433,-0.053950132616634505,0.14430894308943087,188.7547249615129,1.0
-1.074288,39,63.918194,0.28883000899237804,0.013658490969104532,0.09859475259010628,0.23982088333534185,0.0018816405295207256,-0.037210298708999646,0.141025641025641,182.10173013361995,1.0
-0.554712,36,64.000504,0.2696551536083765,0.02930088092054228,0.10365148538609403,0.27997847078995686,0.021696703614481817,0.0024463873641709984,0.12268518518518515,185.61130988786545,1.0
0.441793,38,64.112163,0.2740966457661239,0.04462411297844862,0.08517341666088223,0.26674996914132115,-0.028784848825582736,0.0037151010180247394,0.1337719298245614,180.85581537368017,1.0
-0.447952,42,64.219792,0.29546047635672945,0.025182592465264886,0.11470630466767126,0.22895933460533183,-0.015295128592676803,0.010168029403427568,0.10912698412698416,179.6441094546927,1.0
0.775383,38,64.312287,0.2771639061528011,0.020070872453665876,0.06059470355055281,0.25875696309133567,-0.00145410224669592,-0.017459200132304425,0.14692982456140352,177.31543719201602,1.0
0.708199,48,64.428648,0.30650786982616307,0.018325402718075357,0.08866649624593587,0.21255445071268161,-0.011690966252091333,-0.0078083717973048685,0.13541666666666666,192.2586121206905,1.0
-1.271326,37,64.518185,0.2853732373588304,0.023004786923217637,0.08462191315868707,0.24801775885632904,0.016344774219879676,-0.022772826448712067,0.13738738738738743,181.34428460837844,1.0
-0.715206,38,64.615548,0.28331801570070053,0.022155028419514722,0.09788441239428015,0.2508164402999555,0.002960701776975241,-0.03841064069310451,0.13815789473684212,177.46480385548088,1.0
-0.309409,41,64.735724,0.2898673708793027,0.04224961816764674,0.09239859788358727,0.23501398624860614,-0.036898315263105205,-0.01003754198904148,0.13414634146341464,185.94532020652724,1.0
-0.910067,36,64.820343,0.27902962769859607,0.015127517570301676,0.09632570494147433,0.25704641824529517,-0.002858146008043224,-0.032585407834334335,0.11574074074074073,177.7994316986487,1.0
0.265036,43,64.925609,0.2928177212979053,0.01177199253149691,0.11146592853937551,0.23127946687724257,-7.161857205488448e-05,-0.03663051219265974,0.1375968992248062,186.26651221303445,1.0
0.256601,38,65.01824,0.27472560032196575,0.01662285299998264,0.08163773718612279,0.26200119518502507,-0.007775668406866618,-0.030357494669190816,0.11622807017543858,184.59218018329196,1.0
0.559209,44,65.124784,0.2971548105639762,0.034631914167951625,0.0798180005548992,0.22510643342524597,-0.02743473368684934,-0.014041578762698343,0.12500000000000003,178.9109842255663,1.0
-0.713329,39,65.218099,0.2863502136025027,0.02398839988859295,0.06394958286556149,0.243857372099319,0.004063578352866772,-0.01563283851016684,0.12179487179487178,187.05475849698928,1.0
-0.083171,36,65.302145,0.2725602168471591,0.017237551805339806,0.0915003653780563,0.27106141416866664,0.004176825351736155,-0.05504683394456761,0.14120370370370366,173.17478045636102,1.0
-0.306362,41,65.422596,0.2889593849993623,0.02051601967473892,0.10612054514742934,0.23761752143224335,-0.011211866653512844,-0.023637850852178423,0.11178861788617886,182.08963385324077,1.0
0.071635,42,65.522533,0.2920118770352241,0.024515757710206174,0.07973301846744116,0.23332012120630244,-0.008946058423302278,-0.01433446165186766,0.11507936507936509,183.86481060357937,1.0
0.481796,43,65.626075,0.2905116406486273,0.04802669938383063,0.10208900453881481,0.23449826652365297,-0.04082989067995966,-0.03190603147217182,0.11046511627906977,181.58744626004307,1.0
-2.105625,38,65.710513,0.29444305808875343,0.031136309273282623,0.09757226706757144,0.2319181029659078,-0.023691158690340747,-0.004616356460195551,0.12280701754385961,176.13933864505384,1.0
1.02641,45,65.819581,0.2997438607427426,0.016460540985940682,0.0865338850525327,0.22211911296259568,0.01169775128400981,-0.03306864857571447,0.12962962962962962,189.50013580121114,1.0
-1.47539,35,65.905169,0.280087949709881,0.02117608182636283,0.08236693830636103,0.25923172304198466,0.015361382677628902,-0.032205411231109975,0.12857142857142856,176.95035440609448,1.0
-1.02379,39,66.026054,0.2885662890732378,0.01893534235416188,0.08117846934201581,0.2405255961276709,-0.01466683170994064,-0.005844723314305576,0.1153846153846154,182.42503948398954,1.0
-0.718841,39,66.119212,0.2863922066210249,0.027124776231533358,0.06083047854269445,0.24472655085344824,-0.0055115308098249065,-0.014140189154723587,0.10897435897435898,181.93821738130808,1.0
0.773157,39,66.21412,0.2804357357877163,0.01673636266441602,0.07892141969104602,0.2516623850131469,0.005333633637192897,-0.013544002042956506,0.12179487179487182,174.15363242474916,1.0
-1.652936,36,66.30222,0.2790805835297469,0.022308716734618785,0.09726005394559023,0.2569510206037252,0.00025399106203024256,-0.04859423259195479,0.1087962962962963,175.5570855221383,1.0
-1.06967,41,66.398642,0.29558522021009226,0.016759010501380824,0.10329078483848732,0.23000814158578248,-0.008847985216096184,-0.035109942513414684,0.11585365853658537,178.8435522169991,1.0
-0.730739,39,66.499598,0.28672012782074763,0.02516445243528294,0.08663801793656555,0.24385276372244363,-0.0183228032354639,-0.02437008240620203,0.12393162393162392,178.90292524832643,1.0
-0.890952,37,66.598975,0.2815114246770402,0.043132050065446084,0.06432872770759845,0.2507562067845,-0.035214415682295705,-0.020247689583038676,0.11486486486486489,174.75409096157148,1.0
-1.803502,37,66.708115,0.2782863142106299,0.022242066642665377,0.12476236388697093,0.2563545274590369,0.009344654405015567,-0.0022654435888470595,0.11261261261261261,184.95861644661318,1.0
-1.435817,40,66.850154,0.29062066038885925,0.02738644489191841,0.11055011203233313,0.23681321238615566,-0.023316844824079315,-0.01093933129329067,0.1041666666666667,181.9915359133551,1.0
-0.734484,39,66.967917,0.2843744141767363,0.030239999786670083,0.0958485119463323,0.2455432764668553,-0.01867576755229846,-0.020104681026284366,0.13675213675213677,182.39225315849143,1.0
-1.070975,37,67.079038,0.2828172157948516,0.01775386480618044,0.06760478351614257,0.24997956265606538,-0.0035280596100155997,0.016318384315212143,0.11486486486486487,177.99144481570517,1.0
0.989719,44,67.218102,0.2934019856704422,0.013320633158457657,0.07863402315392684,0.2325967010017666,-0.008182185381892323,-0.011994479969890441,0.11931818181818182,185.81152684959955,1.0
0.068368,40,67.358339,0.28653139074264444,0.01626455406794287,0.08997909209434735,0.24275565805645627,-0.010709048645182365,-0.03706487493286741,0.125,180.30047746306002,1.0
0.462498,39,67.488892,0.2805382567957365,0.014885286952816565,0.07460554833168968,0.2523864429325801,-0.0024650526250904283,-0.022275214318203316,0.12179487179487179,183.70252691801994,1.0
0.477651,41,67.597896,0.2852303538588975,0.027977772272911854,0.10632043305231384,0.2432491417637662,-0.019573263630928355,-0.01969667824687845,0.11585365853658541,178.02042028975671,1.0
-2.063724,34,67.681682,0.27771828792201203,0.02540060699195224,0.08119196168872062,0.26321310781181195,-0.007048438348807527,0.04249966414622246,0.1274509803921569,175.30960997184275,1.0
-1.03176,39,67.778625,0.2906856654460271,0.02107556314638113,0.08570096696782022,0.23653678930086208,-0.009439277421958799,-0.005930272547448939,0.1111111111111111,180.1121767193659,1.0
0.533556,45,67.888273,0.29964750471447943,0.03362935123671515,0.091203665334903,0.22191359613631909,-0.02546513679892559,0.010582251766485366,0.11666666666666668,186.71667634628034,1.0
0.399669,39,67.982615,0.2803672871786522,0.025374007985795692,0.0973813409502817,0.25211880499479444,-0.021141503080484434,-0.011153751655433844,0.09615384615384616,176.47173229392746,1.0
-0.660583,40,68.083238,0.2946319973555369,0.018333626534658955,0.07558099224378025,0.23066981231864864,0.007195101647933977,-0.03386281390919117,0.11041666666666668,180.47636255972984,1.0
-0.52613,38,68.206418,0.277845803135428,0.024917170952848434,0.1223729093581019,0.26015798624534786,-0.017454175477774555,-0.06960045665252755,0.10307017543859648,176.5075214334404,1.0
-0.561499,38,68.304538,0.28122126934901875,0.02254027421580106,0.1026485478128713,0.25212380719681293,-0.0072286249348098765,-0.05883798111852444,0.10526315789473684,177.9171046401577,1.0
-1.611333,41,68.406695,0.2981735666240232,0.02848573169558932,0.09702876797175274,0.22401164422192119,-0.023708097180767992,-0.0027523834460345363,0.10975609756097564,181.37330389549894,1.0
0.206196,41,68.506982,0.2833003224786685,0.04864847796797988,0.10347001724226057,0.24632925406915565,0.013014482133645939,-0.015966844252075413,0.12195121951219512,185.10975912098664,1.0
0.640964,49,68.632638,0.3138786739597177,0.03981657561982468,0.08011107428768723,0.20296005779311935,-0.030965709184682742,-0.0326323261509712,0.11734693877551018,188.04483957035941,1.0
-0.221835,40,68.729502,0.28311426891144487,0.0318533903464606,0.11130172832908783,0.24654985797006038,-0.02173073736276074,-0.023851897070162796,0.10624999999999998,184.93747786991605,1.0
0.497547,44,68.862074,0.29720010963067667,0.022808794306992536,0.07038628241459628,0.22565832387632545,-0.011882364363476573,-0.00023793021620507546,0.10606060606060606,186.81570278082518,1.0
-1.452194,39,68.958684,0.28952614780511626,0.024704534252971987,0.08416232865682012,0.23621525708270277,-0.01714999010804618,-0.029640883249526285,0.11965811965811969,185.69274251288078,1.0
-0.927679,45,69.06727,0.3060375738052352,0.015753366076275848,0.0976140281531849,0.2133533378089265,-0.008452641035300114,-0.01217095496277901,0.10555555555555557,186.91130278281577,1.0
0.131845,45,69.174421,0.30582351616820813,0.01506641689261078,0.07902624577325547,0.21499210339080668,-0.010683687089976513,-0.03182860218939469,0.12222222222222226,187.08757694429167,1.0
-0.449247,49,69.306372,0.3141942955916256,0.021097519281341143,0.10218143497126611,0.20323200286385737,-0.00931855027847419,-0.05153060890123419,0.130952380952381,188.54312173832903,1.0
-1.610257,40,69.408942,0.2884258261679187,0.012641564726518027,0.11037751430935125,0.23911502485993502,-0.004751128477607619,-0.06497874499558398,0.11041666666666665,189.69014734766822,1.0
0.134766,39,69.527282,0.28207612283695477,0.016851986553783293,0.08847474860685749,0.2491945421968837,-0.006005014324651175,-0.034465870891736174,0.11324786324786323,179.3416824668112,1.0
-1.085054,36,69.614671,0.27429963917637756,0.022993155813668762,0.10292184445973762,0.2690036932901247,-0.00872206393801157,-0.04025057054921341,0.12268518518518519,183.136982256888,1.0
0.155002,40,69.713772,0.28827563077865126,0.030762417383547888,0.07864625082984213,0.2409251719000171,-0.024810375163606985,-0.03389168097664968,0.13125,174.79557505140517,1.0
0.874589,43,69.815918,0.29245283027120184,0.013275809147165559,0.08903369429562034,0.233405813867426,0.004159881607048344,-0.0013244586963018028,0.12403100775193798,181.95393802884075,1.0
-0.847867,39,69.908237,0.28758620645117994,0.017036285375576242,0.10333639447601423,0.23957685838780776,-0.007482306907216356,-0.03941904415538647,0.12393162393162392,175.31692823968532,1.0
-1.148694,44,70.017341,0.3015583322616096,0.03360910367762195,0.0866243953475281,0.22118048116402322,-0.018102771641567504,0.014366872613829658,0.09848484848484848,191.2353041950995,1.0
0.811862,40,70.131293,0.28045247388680183,0.041533569732886265,0.0969192148057234,0.2502285592189717,-0.03251976694934186,-0.0557693894242847,0.13958333333333342,177.31097337488464,1.0
-1.93512,35,70.214531,0.28267518630982125,0.030575303056094582,0.09232169726681441,0.25462161227507313,-0.018921823822217864,-0.058819119482392386,0.10714285714285714,169.51796398285168,1.0
-1.613969,38,70.307966,0.28246381946136223,0.013438702426807163,0.10944067205700703,0.24909829257113747,-0.0010715399297672435,-0.03822184596495588,0.12280701754385966,184.42817339818964,1.0
0.142096,36,70.394905,0.26901795038186943,0.017831750355481027,0.09167693132186724,0.27388290310039687,0.005511017845656226,-0.04505507265681571,0.13425925925925924,177.3316758432877,1.0
-0.803382,39,70.485092,0.2806048805943998,0.020760260355429074,0.12460532051487712,0.25114985263773054,-0.006965947003473315,-0.06798377769064164,0.09615384615384616,188.2127132458613,1.0
0.32398,43,70.591016,0.2939956243072498,0.02154909260134994,0.08548184710093124,0.23167026013185713,-0.010607999313901618,-0.00826332480149818,0.11821705426356591,180.27495358029944,1.0
-1.946579,35,70.682353,0.2795303379596811,0.03527734045918787,0.09287536144556481,0.2581636094573559,-0.024037989234762865,-0.017022363048967752,0.11428571428571428,176.41886932627614,1.0
-0.208644,40,70.79931,0.28393049856035607,0.01594142079172693,0.11061586728290568,0.24864679035632772,-0.010223896715780653,-0.042562213575441536,0.0979166666666667,178.17602883846195,1.0
-1.335482,37,70.887583,0.27981483237493393,0.029281203706932258,0.11006822527834849,0.25601079768235074,0.023587021605685363,0.01670703257268916,0.11936936936936937,176.0954483522558,1.0
-1.560464,41,70.987238,0.2981500550214364,0.023174033285703517,0.11610152917222741,0.22514515450744238,-0.012185878180380555,-0.04261011695575312,0.13008130081300814,180.83482111276794,1.0
-0.329677,37,71.075447,0.2744486020558143,0.02196653681239391,0.10528556349679596,0.2644772375336017,0.015892935071105462,-0.024580624713558586,0.10810810810810811,176.13016267837347,1.0
1.094416,41,71.174012,0.2812486763002957,0.036665776571356556,0.08094394264143406,0.2499594923383384,-0.025285190273162762,0.0008509127034772037,0.12195121951219508,184.61446406367963,1.0
0.400155,42,71.275882,0.29103404012497697,0.03926740108458595,0.10933467906323237,0.23512833008300943,-0.026980053491029762,-0.04912237414479717,0.11309523809523807,182.9072885733891,1.0
-0.365575,40,71.404044,0.28013527316927467,0.03840948988906034,0.10891269795124296,0.2526727404094415,-0.0281562608281044,-0.02301447787211811,0.11666666666666665,184.37364122073876,1.0
-0.450732,40,71.507398,0.2900674295174178,0.02033996836994507,0.08056575669665046,0.23868267534244594,-0.005770170339678385,0.0066226704918028526,0.12291666666666663,180.7386870969724,1.0
-0.099949,42,71.611611,0.29281878753927,0.03655206688633888,0.0769076099429548,0.23331412259741957,0.031147857376818355,0.00788420331100407,0.13492063492063494,184.7864054845073,1.0
-1.801833,40,71.708249,0.29286267686556844,0.019049465901245035,0.11664161573870538,0.23491290257499778,-0.005644618129182851,-0.019745900152569537,0.1145833333333333,185.1814612086816,1.0
0.078465,44,71.820665,0.2976242464605948,0.02098907251209771,0.10055193033533899,0.22568520874517944,0.007665804206342137,-0.022721561314720213,0.12878787878787878,187.10414303091048,1.0
-0.014219,39,71.920718,0.2839535731275412,0.012371593119389396,0.07651958417888119,0.2474479157649919,-0.004258613730093305,-0.031552884489819855,0.1282051282051282,181.55704303164856,1.0
-1.949041,37,72.007787,0.282379993106444,0.02304912001436657,0.10610447807293241,0.251907058703718,-0.0024262254452016175,-0.006114119963237515,0.12387387387387387,186.2681933115088,1.0
0.851844,40,72.135798,0.2807199291412847,0.0271410364211946,0.08141146707164468,0.2519863171920838,-0.00024556716356085673,-0.00011409618213111122,0.15208333333333332,182.0273588018558,1.0
-0.480502,38,72.232099,0.28257892910583415,0.021552006948672934,0.10767500630634923,0.25169948615453847,0.011543943749095292,0.009166099849324453,0.10526315789473684,178.7699699214461,1.0
-0.669429,44,72.336122,0.3036806996864273,0.03270002184514357,0.09892840863988979,0.21703801920652213,-0.013037967326516277,-0.009164576915730705,0.1439393939393939,187.44775494709302,1.0
0.23468,43,72.439222,0.2920163830917248,0.014968855376723066,0.1132686783685738,0.23253793238156595,0.003989883454178173,-0.029801817966887183,0.11821705426356587,188.4733707551211,1.0
-0.592492,36,72.527016,0.27874309603564884,0.019330402168608388,0.07565339293553945,0.26074815403730933,0.015114263244569569,-0.007091108311334873,0.10879629629629631,181.33949145100516,1.0
-0.556786,38,72.632761,0.2865623534852729,0.011731787565916725,0.09230582320771051,0.24444232961105386,-0.0042559819543875515,-0.039287305914297264,0.12280701754385966,175.94828877222903,1.0
-1.576809,37,72.747247,0.2796470667726759,0.018316884630114463,0.10884594456513323,0.2548651495900887,-0.0040355010542535265,0.0018984723167080803,0.13288288288288289,185.15575444543916,1.0
-0.588342,38,72.845575,0.2755202587224962,0.022156572533733536,0.14647230296353142,0.26305474482507146,-0.0036492157684410954,-0.09216433146742449,0.12499999999999997,177.73290998077206,1.0
0.044885,39,72.94248,0.2815375970533587,0.025263361162781467,0.08915690777783546,0.25281140899047866,-0.013112534867801734,-0.018797038825016533,0.12393162393162392,175.59287934503263,1.0
1.437608,43,73.053499,0.29071393414884295,0.02655011807026705,0.08320875516662522,0.2386436916971516,0.01908253675535392,-0.04079883717557868,0.14147286821705424,188.21921359862722,1.0
0.677585,43,73.165875,0.29015827035770836,0.01823713764533799,0.09790931177236437,0.23857484814742524,0.0007740488948286135,-0.001673367062714892,0.12015503875968991,183.2206668271712,1.0
0.246075,39,73.262402,0.2794820369630672,0.023455105935108612,0.0800052978277889,0.25518212557403785,0.020271664925558503,-0.04331274798296372,0.11324786324786323,184.98939688844092,1.0
-0.773685,37,73.355987,0.2803183463367136,0.0225852996562478,0.06210732069075812,0.25542247378416844,-0.00954717381603098,-0.006626451655214717,0.10810810810810811,180.40029526370793,1.0
0.988983,43,73.488792,0.2899511406478764,0.023065222300182413,0.08826695116948367,0.2373068282894239,0.01857740013927657,-0.017368875441064455,0.10852713178294576,185.49202163722308,1.0
0.223767,41,73.591205,0.28746575944702046,0.01665112732736139,0.0897188639698655,0.24062061656640865,0.01422546437972494,-0.03285732606299907,0.12804878048780485,188.31096766613865,1.0
-1.373932,39,73.692768,0.28864497789036064,0.03037998477707271,0.10961996503584082,0.24158390436720273,-0.00944964801625837,-0.03022278238724203,0.12179487179487182,181.6947397560122,1.0
0.657441,41,73.795534,0.2831175347895367,0.02639364375917514,0.09517919795964365,0.24701879223377834,-0.011584885421909753,-0.0461810201569377,0.12398373983739837,183.82992174849676,1.0
-0.599096,37,73.888142,0.280114233322693,0.026993322259464346,0.09247547681393914,0.2558540251677128,0.021705158097506977,-0.05623742526211213,0.12612612612612614,175.56386423395642,1.0
0.757549,42,73.992482,0.2823051757980833,0.0451390458212285,0.09358056286799943,0.24633732058319774,-0.028771852832076405,-0.01695315720746628,0.121031746031746,187.74936792446601,1.0
-1.300337,38,74.104374,0.27890296626348166,0.03797088113343013,0.10248298951922283,0.2545493888814662,0.01926684212715915,-0.026063471770492497,0.09868421052631579,188.194305447847,1.0
0.529595,41,74.203702,0.2851371890986427,0.029470725455574172,0.12306702981186092,0.24429160174607445,-0.02094621589310397,-0.017998209579741034,0.10772357723577239,183.97792088903182,1.0
0.631986,41,74.304514,0.2906601016701435,0.017191195011952588,0.0965713939740207,0.2367420150120335,-0.0017399577795551636,-0.01131055851611952,0.11382113821138212,177.28032523516964,1.0
0.615144,40,74.401091,0.28230274039875275,0.0189370471857087,0.09516463271336803,0.2507810601974651,0.01514322476228836,-0.03202740678900938,0.12291666666666665,183.71498893374314,1.0
-0.658587,38,74.498503,0.27946041841634656,0.02019786012347431,0.1246883183078429,0.255770129045626,0.017696014554735028,-0.029885329024246215,0.12061403508771928,175.6307203418291,1.0
0.546349,38,74.58902,0.2711616896313272,0.012900156663091406,0.11135303936751342,0.27135083735561855,0.00441764766987357,-0.05960680673670588,0.12061403508771927,184.66369603961152,1.0
-0.188644,40,74.720403,0.2833298989286478,0.019802509835825075,0.09987331378874474,0.24833973301149834,0.01572924919811971,-0.03580214434480783,0.12083333333333335,186.96565285693276,1.0
-0.59103,39,74.81975,0.2865160223138237,0.02133410979216033,0.08695465195241495,0.24304846713114137,0.005326066765272407,-0.001753192531157841,0.13247863247863245,185.43942000939305,1.0
1.305343,42,74.937035,0.28415190822550396,0.02456169085955133,0.10873237361846771,0.24538353102378763,-0.013803146911015187,-0.047653166255949356,0.13492063492063494,182.13028744614738,1.0
0.192532,40,75.035786,0.2858820729360145,0.019158683240983628,0.0803563754080702,0.2436530218712885,0.004659930876460198,0.002688297126108854,0.11874999999999998,184.08585113087892,1.0
0.689282,40,75.132934,0.2820124576441699,0.026193724143627133,0.09459075863115979,0.24912380645953186,-0.014541031181681183,-0.06076437984428551,0.12083333333333332,180.21337713451686,1.0
1.020416,41,75.233349,0.2809475708564319,0.018828332434477273,0.07583776269165544,0.25227473455853616,0.01399107693745952,0.004417209247285646,0.10772357723577236,185.11381448592718,1.0
1.337653,39,75.327608,0.2751232495592289,0.012639273084035575,0.08928934320281,0.261580315727177,0.0036938201061934204,-0.03450828805009593,0.1111111111111111,176.33985108839974,1.0
0.958996,40,75.449887,0.2804527204760985,0.016088799183932193,0.10434810207679893,0.256207108899645,0.009762996013345794,-0.05343576219785036,0.11875000000000005,179.76923384045557,1.0
-1.389131,36,75.536608,0.2697075087002793,0.0283891782491912,0.1534243866086196,0.27671436379626396,0.0034190345986866693,-0.10651497236514876,0.15046296296296294,177.15468101452882,1.0
-2.904993,34,75.634905,0.2761740006453467,0.01763164254114877,0.1403426554764204,0.26628934669347926,0.007644040716313325,-0.07054795359976108,0.10784313725490197,177.61890534472454,1.0
1.694647,40,75.726054,0.27659141914494556,0.03257290238555698,0.07961437738265321,0.25612191477720037,-0.021457447023467933,-0.016849365856712456,0.11875000000000002,180.2479931291433,1.0
-0.930639,38,75.812483,0.285244137547281,0.012942512172881901,0.09339795284188333,0.2464407830957312,0.004289005540144899,-0.041605614426456085,0.13596491228070173,178.0162313335737,1.0
-0.69162,37,75.896928,0.2804232805603549,0.015277839234565537,0.0902146004015211,0.25699919864195286,-0.0024854029423825134,-0.020724020766325967,0.12837837837837837,177.6718201026587,1.0
0.60667,39,75.991756,0.2787271930931871,0.012626965159759494,0.07387594960726256,0.2591638537264458,0.00786131730679881,-0.035704474605285745,0.13888888888888887,185.6766399161893,1.0
1.498615,43,76.202157,0.28926143380756486,0.02985910362667433,0.06962384214733665,0.23868931998027595,-0.010132516392099947,0.009375262360767767,0.12015503875968987,186.23053389549779,1.0
-0.090569,43,76.306425,0.29884405945451337,0.023415668107166606,0.08307799031169444,0.22489450921440451,0.01842068656465677,-0.0016497282863741146,0.13565891472868213,188.80280279392218,1.0
0.458538,39,76.397201,0.2810934601835507,0.009775985310962243,0.09433625405167748,0.25258039394003656,-0.0010288089810656486,-0.03793752112898095,0.12606837606837606,178.30471547578514,1.0
-0.84567,36,76.483918,0.2789863329668242,0.03177946582474632,0.09342185690859964,0.2581211976051032,0.028578165724604834,-0.05838535659224775,0.12268518518518522,172.05812249129417,1.0
0.087398,41,76.601378,0.2915523685956456,0.031915756942075095,0.0954539586297694,0.2355600460650982,0.011238761075313875,-0.022440435878133644,0.12195121951219512,178.79910960190523,1.0
-0.648245,35,76.695704,0.2720787851659807,0.01924029690870684,0.09494604077413844,0.2728350460125532,0.01280861619954787,-0.05606943855568399,0.10714285714285712,171.16602968716734,1.0
0.431135,38,76.859105,0.2748895781516449,0.03402869912265786,0.09449414355130625,0.26634018179069396,0.028724490377709383,-0.04774383612538855,0.1118421052631579,182.3015032726005,1.0
0.599014,40,76.960346,0.28060609998042396,0.01440683863772854,0.1081573139091532,0.2523313242618993,-0.004949399073851935,-0.015279486285491722,0.12291666666666667,183.71278418616404,1.0
-0.313474,39,77.061565,0.2841671731218153,0.034782998789322006,0.09726569094838877,0.24646560995401456,-0.015891181465050638,-0.007326049008661563,0.10897435897435895,177.1134170231654,1.0
0.394197,44,77.173762,0.29297713677315596,0.017669029552741015,0.13991799060339993,0.2309515707435394,0.006070400821052124,-0.06893463899714879,0.12878787878787876,185.0231853474095,1.0
1.02016,42,77.279394,0.2867007404773697,0.024423471204028165,0.10320017105819335,0.2442866626194949,0.008493638245075458,-0.012798667953197737,0.121031746031746,185.0454710312612,1.0
-1.251658,37,77.368709,0.28142198991400996,0.0196276076562641,0.09545241356861257,0.2536634044014685,0.0001715820503693067,-0.04922584363711023,0.11711711711711711,185.85161886227633,1.0
-0.198243,39,77.486605,0.2868308637937529,0.02421350810511183,0.06225571305660767,0.2437804451299702,-0.0089120459743047,-0.03724742638120853,0.12393162393162395,181.35479992224245,1.0
-1.599315,37,77.576591,0.28388227754966916,0.02772500427108802,0.1140761982527647,0.2530922137583879,0.019893913726342315,0.0025935706181775715,0.13738738738738743,176.3882107950942,1.0
0.129197,40,77.674178,0.28602274477537476,0.016072317910912123,0.08244552148231085,0.24677807274934066,0.006990994204790097,-0.02272521371971644,0.12916666666666668,184.0433315142083,1.0
-1.512737,35,77.75696,0.27155947279767306,0.0174330023756271,0.11322736365665216,0.2711821487327463,0.011085867941802871,-0.053181857358933805,0.12619047619047616,177.47157680859755,1.0
-0.023519,38,77.845834,0.2763889729372389,0.03880227667796101,0.0817176761351465,0.2616804890451283,-0.029153864508694633,-0.008414624808648541,0.11622807017543862,185.2808926939943,1.0
0.653204,38,77.936741,0.2775108978336505,0.017669310781584104,0.0719157904474965,0.25909716155689816,-0.005910120332940663,-0.004766887742708817,0.12499999999999997,176.88128181056825,1.0
-0.164689,40,78.032838,0.2834507492271007,0.012592602864023757,0.10585355913152643,0.2494903182570971,-0.0013220791213901003,-0.03849403690101701,0.12499999999999996,182.2393278660965,1.0
-0.366208,42,78.16348,0.29273180482515754,0.02165508401600915,0.11225861991038612,0.23472710856214718,0.009547798810006055,0.004691259416917752,0.125,186.02583447716253,1.0
-0.984028,37,78.256784,0.2834371778408664,0.02717543872635697,0.10531438571382529,0.2505294410489731,-0.01939715703006717,-0.05527498626573983,0.12162162162162163,174.74075854370534,1.0
-1.633926,37,78.3474,0.2858855645800106,0.014337010862614519,0.11523956249380375,0.24806982374327738,-0.004261349315203799,-0.04887692515179174,0.11936936936936936,176.48977001179077,1.0
1.404097,43,78.448439,0.2919724195463102,0.009945460144571667,0.0850844902380196,0.23479622360650873,0.005680810156106844,-0.012684582295186658,0.12209302325581395,183.56006925502385,1.0
0.54285,39,78.541976,0.27858374555092097,0.031963033505002465,0.06875580107687082,0.25892888263630265,0.023202253358696544,-0.009622682338946947,0.1282051282051282,183.696177487895,1.0
-0.490078,38,78.631984,0.28180853450263144,0.017177250619224562,0.10018859861723367,0.251718722798056,0.010524574895282279,-0.06133971919750196,0.12499999999999997,175.3873991473964,1.0
-0.745064,38,78.724573,0.2823304947708575,0.021771617107501758,0.09498084191102707,0.25314597505653036,0.013368361978070401,-0.021106533876073474,0.12280701754385966,182.81928837995977,1.0
0.742294,40,78.871419,0.2827964899350606,0.0199633490960022,0.07536242479295324,0.2477638244279976,-0.005914240769806105,0.004491154645339833,0.13333333333333328,180.8277250502162,1.0
0.127187,44,78.984761,0.3052440429117684,0.03168485719609478,0.05821968741003255,0.2158250003103663,-0.015069990747455787,-0.013975069126594518,0.1363636363636364,182.36988094091964,1.0
2.398333,45,79.098092,0.29364020491950327,0.02060543708025778,0.06809712629877641,0.23136420052723305,0.008757200324085892,0.007636417968556057,0.10555555555555551,184.47985201373845,1.0
1.050042,40,79.207837,0.28442091661753444,0.020083475782778363,0.08001173177765736,0.24772199926546362,-0.0039234601106698744,-0.0320802074819085,0.1375,179.81389132302746,1.0
0.573817,44,79.313474,0.2933532389880723,0.024426943947681686,0.11714922333816324,0.23058703782558213,-0.008257806398684737,-0.011964896948709837,0.12499999999999999,181.58518214703938,1.0
-1.08365,36,79.397116,0.2807084922120245,0.016884313296944002,0.0856200359756783,0.2601139442936241,0.007139576340447002,-0.03628954464260322,0.12268518518518517,175.3788463502953,1.0
1.023975,42,79.525757,0.287041900054171,0.03131655214481585,0.08377973237583786,0.24262382456806697,0.014951493897201094,0.0062557108821211195,0.10119047619047619,184.1811692462322,1.0
-1.183968,37,79.613504,0.2823316506597016,0.025016603887011615,0.09742925503728196,0.2529398196516117,0.01996385393658073,-0.027508413529470765,0.1531531531531532,177.20426035959295,1.0
-1.991682,36,79.702085,0.2787721750336365,0.03457405443297513,0.1267487847430086,0.2617672341795434,-0.018572653953117097,0.05424977739528592,0.12268518518518519,181.21837777353525,1.0
0.626839,42,79.79975,0.2916629809586978,0.015859904037938227,0.0784776801873318,0.23438823100848832,0.003691102500727226,-0.009894843752879643,0.13293650793650794,180.05674461661215,1.0
-0.681703,36,79.88576,0.27685077181338563,0.02887355512508725,0.08087420937339171,0.2671754982901858,0.02521996897404669,0.006192786083627848,0.14583333333333331,176.62862399926456,1.0
-1.915182,36,79.973166,0.28071154328630266,0.03986827023277423,0.12913905253091712,0.2561943898991081,0.03703106986426754,-0.03061345107282583,0.13194444444444445,181.10300265877765,1.0
-0.01939,35,80.055282,0.2700113065464422,0.024527021305240565,0.08135657504012296,0.27963792766526113,0.021833104751211595,-0.03066884063815796,0.14285714285714282,174.50016345440167,1.0
0.365473,39,80.185964,0.27926155642840256,0.02927282719505075,0.0967298934059424,0.2565510901774102,0.012770010426618378,-0.03423503497780954,0.13461538461538464,180.0431990927803,1.0
-0.838039,39,80.292205,0.28924233555092965,0.03246745065617293,0.07074596194893144,0.23999396886737775,0.027482145589744905,-0.01321514189549968,0.12606837606837604,186.72255569412775,1.0
0.085085,40,80.388484,0.2874828224153575,0.04561086070597291,0.09526601496714582,0.24368214564887056,0.043004047979433684,-0.0027399862161618625,0.13125,178.7630908699919,1.0
-0.153484,40,80.481968,0.28646352280073734,0.042401825432025156,0.09182901853994563,0.24436491404891716,0.034702304294147376,-0.02212741403828513,0.12708333333333335,182.7825189100738,1.0
0.824971,40,80.581867,0.27862735419109713,0.02393241957196286,0.100392617533934,0.2559558071616898,0.011300394572521275,-0.020391410737423028,0.1145833333333333,186.3357722353547,1.0
-0.827827,39,80.676586,0.2832932048071249,0.024959407621207234,0.09771964911797795,0.24873829660603688,0.016085304724310075,-0.051382648725113673,0.11965811965811965,181.52453244111996,1.0
0.311635,41,80.808308,0.2861731221673109,0.03140842284778699,0.09942291724454812,0.2438428951219156,-0.01645561488864519,0.02162359411356859,0.13008130081300814,186.8312941172087,1.0
0.384971,41,80.914967,0.2828394503717624,0.021261078589588624,0.1233356987586305,0.2482377516402519,0.010473385273677742,-0.059495521146184345,0.12804878048780485,184.68720807431848,1.0
0.133567,43,81.019465,0.29692349172023424,0.027655607980059504,0.09214240297331443,0.22867138379164037,-0.016698552185914893,0.003171780595478199,0.127906976744186,186.43645323847173,1.0
-0.854498,40,81.123566,0.2935108163981114,0.02821084300864908,0.09823792157325419,0.23333134623302865,0.011266698481353124,-0.027119492193590423,0.12708333333333335,185.586617192988,1.0
-0.620283,41,81.226001,0.2885881875496523,0.05717587181114928,0.10650696535844359,0.238768371069138,0.05147036630658947,0.03247597773992843,0.12195121951219515,190.71485769923734,1.0
1.291071,41,81.324508,0.2833561285500167,0.01879007676718183,0.08198519154798578,0.24962538328472852,0.0038879032335850023,0.01338671601313255,0.11585365853658534,181.29856925040986,1.0
0.420908,43,81.451375,0.2959959411089469,0.02869384436921536,0.08431415783503196,0.2283166984526652,-0.01916005877889234,-0.0036889653291224496,0.1395348837209302,185.9718243860252,1.0
0.971087,41,81.554679,0.28230420988053967,0.036813656798015716,0.08134932908080147,0.24934334514223258,0.033323143573461216,0.004840773560759143,0.1402439024390244,185.87278671228987,1.0
1.255706,41,81.652203,0.2848083429844688,0.02216093096696391,0.07327166566068,0.24707391472440954,0.013490395557467175,-0.001639817735484164,0.13414634146341464,185.02067902882132,1.0
0.707452,37,81.744464,0.27460625786995474,0.01915835375559458,0.07346750584338341,0.26622623637485504,0.016041418114039405,-0.03135977372519216,0.13063063063063066,176.8201427297178,1.0
1.59697,42,81.85195,0.2868017416987462,0.01311988281224239,0.09038603783072956,0.24270780018173935,-0.0014847140475242934,-0.050739953559661946,0.11706349206349205,180.93387487750357,1.0
-0.758635,41,81.954255,0.2918108491711891,0.027075747853459124,0.12511691430651317,0.23770696375990857,0.0195645308485485,0.013911194775928537,0.14227642276422767,187.69940712557553,1.0
-0.401272,36,82.042363,0.27204990097628734,0.020582762076471615,0.08573971620517457,0.2731530544617413,0.012747548037729225,0.019121573253620763,0.12962962962962965,181.08746685155552,1.0
0.69346,40,82.159546,0.2811515573713337,0.022482347712360018,0.0892439286858921,0.2495892106514888,0.011047521795650527,-0.024480547662766923,0.13124999999999998,182.51368558362918,1.0
1.793124,43,82.264577,0.2858555775804627,0.02536247127553837,0.07850390147946754,0.24338794816397397,0.020993769689631018,-0.02338467806584056,0.1375968992248062,185.17250251526244,1.0
0.599215,41,82.363223,0.2877304045041788,0.02013853410509458,0.09181853875653442,0.2424865460096955,-0.003652814221890088,0.021010283454690585,0.12804878048780488,185.78484386595443,1.0
0.335413,42,82.475542,0.2956430032822006,0.02163633639718516,0.08306696111124652,0.22914414317537016,-0.0036790251700053837,-0.010207897165821624,0.130952380952381,181.7558728462304,1.0
1.092572,42,82.58401,0.2870285576446906,0.028922899108125438,0.08745724220581041,0.24009800105905668,0.023592995814689113,-0.028636107358765147,0.14484126984126983,188.60581900560283,1.0
-0.28986,38,82.681009,0.2825000146257258,0.02182122808627941,0.09685884822093108,0.25178959211747926,0.018370750251410575,-0.026380112895680097,0.15350877192982457,185.32454516484495,1.0
0.628797,41,82.80648,0.28907791255002224,0.01651837337783386,0.09636280572093858,0.2420507516719505,0.012297166640777565,0.01415854289724719,0.1585365853658537,177.06890060072865,1.0
0.666269,48,82.926026,0.31132545614285145,0.02760119989471015,0.09730109259871698,0.20838244760139676,0.02522976228511306,-0.00663867422077689,0.16319444444444445,189.84613623189634,1.0
0.977875,43,83.033025,0.2929699565668725,0.023230285958209522,0.07320736433110461,0.23251230291637218,0.018072344843315654,-0.028568488319069354,0.13565891472868216,191.88574808206792,1.0
-0.302673,38,83.130608,0.2805415238938576,0.026432761876866603,0.10369940156089602,0.25512713368854484,0.02150945045828996,-0.02826303418154401,0.1293859649122807,180.97032362452356,1.0
1.711528,40,83.233852,0.28271647562013213,0.026756708015898086,0.06283492614255685,0.24847509940461907,0.02417653107183021,0.010858941167164364,0.14791666666666664,180.11681399475742,1.0
-0.744567,42,83.34007,0.2919738447297431,0.065444430041348,0.11627517000155624,0.23544565592990388,0.06043498449536026,0.029933156494036002,0.1408730158730159,189.06643528538606,1.0
0.576122,42,83.476536,0.2913067485386998,0.028747950889612923,0.08456111646874769,0.2378782189322354,0.019886521492423342,0.012772931415376746,0.14285714285714285,190.3127008272169,1.0
0.714779,44,83.587758,0.29860078309412164,0.030380350691105975,0.08766055782204044,0.22418859920882508,0.027436144349502534,-0.009327856233052812,0.13825757575757577,185.38357313566092,1.0
0.385182,40,83.690574,0.28336891281394794,0.03739509981794249,0.09835274597346831,0.24906578183754208,0.033006712734262464,-0.03358329233052486,0.16458333333333336,184.3706695151599,1.0
1.543908,45,83.800768,0.296108876406141,0.031124755850112273,0.07748675449678408,0.22713103823138772,0.027811027608064084,0.005575536572477464,0.15555555555555556,187.1560660068023,1.0
0.965755,40,83.90058,0.28918649944662767,0.01784169438657338,0.07916803016078858,0.24099037110233792,0.009782696432273306,0.0037622289539409244,0.16874999999999996,175.88734206859604,1.0
0.903643,41,84.006188,0.2896736646022621,0.019156049062839263,0.07718328903163349,0.23836352752374942,0.009226714973706463,-0.019734843913778968,0.15650406504065045,181.63981659805805,1.0
1.957707,51,84.16265,0.313970249610913,0.031806656740570406,0.08139097835552517,0.20509922139793382,-0.016687561265618923,-0.021874622925947117,0.14542483660130717,190.2598888172081,1.0
0.958666,38,84.26481,0.2766041091787831,0.014070560146820081,0.07854420948252509,0.262176784679169,0.007107453727815469,-0.03163169049441664,0.1557017543859649,187.41260295600307,1.0
1.151001,44,84.377783,0.2956680209978052,0.015924351300134965,0.10929524605193645,0.22918036893236257,0.0004935584257956962,-0.020687870077516643,0.1515151515151515,178.70441892599015,1.0
1.01076,41,84.477984,0.28562393102229755,0.034801362497099066,0.10132147663893112,0.24556294829977024,0.027997213227911755,-0.0130149084329883,0.14227642276422767,177.06894464530825,1.0
-0.024744,43,84.583454,0.2940915837389807,0.025278859034847084,0.12288453672884843,0.2321439640547631,0.006607425496491562,0.012075575323164518,0.14922480620155038,186.93747421386132,1.0
1.738301,40,84.682058,0.28025760213867323,0.010276914896061749,0.07008156688772196,0.2533923233735332,0.006508751681663196,-0.009617205971873146,0.15416666666666667,178.88716343043424,1.0
1.037372,41,84.808023,0.28739638434495673,0.031258957993853545,0.08639335284139098,0.24334078946366355,0.02873675280695587,0.011879428453201406,0.14837398373983746,181.43724096608707,1.0
0.276882,45,84.923305,0.30375344242379626,0.019920207436356367,0.09604072787168258,0.21930521051753968,0.017271443482748824,-0.0026017378100544604,0.14814814814814817,187.2123865665191,1.0
1.141843,51,85.048759,0.3174950015209612,0.02520771815132316,0.08707074970152423,0.19981643872693847,0.018470496796875967,-0.03333198809209669,0.1503267973856209,195.55677665425128,1.0
1.02212,40,85.14967,0.2867733918658996,0.03927389633386741,0.07264146783972444,0.24525559443066475,-0.026041925800267228,-0.011975074403454685,0.14166666666666666,181.87754273544905,1.0
1.505029,42,85.256273,0.2880376021508097,0.014940138415905834,0.08997980071316078,0.24315979362252385,0.0015359549206884785,-0.03467513881272287,0.1488095238095238,181.33065203556168,1.0
-0.059779,41,85.354427,0.29311469419270464,0.015628721146111257,0.08993158799392194,0.23451701147989365,0.008478719931891981,-0.010738476663475402,0.16463414634146345,182.62775515530672,1.0
0.546345,41,85.476912,0.2912175699718049,0.02964147317224903,0.0774497885500443,0.23690264774107872,0.026323626499537844,-0.026599322866446166,0.16666666666666669,179.31463006334153,1.0
0.4172,45,85.585245,0.3017778127544647,0.02879657001948116,0.09689416073616763,0.220907629810496,0.02225490523868601,-0.03311744420216532,0.15370370370370368,187.19188233336058,1.0
-0.218887,40,85.682161,0.2890380088823237,0.040456667656347395,0.10051173255316638,0.23996585487706548,0.03629552379264905,0.02838757932846741,0.1395833333333333,182.2232647365195,1.0
0.929939,43,85.784832,0.2962922600305998,0.0206374557535786,0.08731485376483125,0.2285715342878957,-0.005542359261184332,0.0020188045412799813,0.14728682170542634,183.60829882914314,1.0
0.024114,40,85.886137,0.2904813666105242,0.04493429669846155,0.0933950518986104,0.23798396255802926,-0.028571742621190065,0.0036915212925194224,0.16666666666666669,176.55565718746334,1.0
0.034625,39,85.991794,0.28993314277568827,0.029147805292900772,0.08129684454662846,0.2387315722030388,0.005069422248385429,0.003742238663263502,0.13888888888888884,177.53391178083535,1.0
2.227159,43,86.121055,0.2896051729780819,0.021063823719492128,0.08319916791011729,0.23688067403178573,0.005356007577505882,-0.027460731519414524,0.13565891472868213,178.48480612149666,1.0
1.133974,46,86.233488,0.30185551765809765,0.01618822831418179,0.09541296851089948,0.220840325344816,-0.007787162300910031,-0.00815761150009064,0.15217391304347827,187.8271707835743,1.0
0.832634,51,86.354354,0.3225630953682665,0.026183495381985215,0.08101249523088903,0.19433396692957355,-0.010738971500813675,-0.028737715858026907,0.1584967320261438,189.42641161795012,1.0
0.672265,42,86.456517,0.29208159564082825,0.04308791714429169,0.07838343529057444,0.23333727565294096,-0.0317359749953894,-0.022707702660011635,0.17460317460317465,185.43061694359653,1.0
0.083804,41,86.557821,0.29467587084352986,0.02461958080245175,0.0898624177761777,0.23071642438048331,-0.014737760388328153,-0.03873684258247819,0.13821138211382109,180.86531516343118,1.0
1.55575,43,86.665177,0.2895295564229938,0.02721776560698643,0.09709555046547357,0.23869192743007162,0.023182888078617223,0.010187211566941086,0.1492248062015504,180.55889898390205,1.0
-0.116769,41,86.793061,0.293695463848028,0.021884298158743258,0.08402482631631017,0.23225062644869673,0.01867817766706633,-0.01787521242949495,0.13008130081300814,182.85255466706425,1.0
1.984798,43,86.902073,0.2884996114758155,0.02693065427970532,0.07892791503248253,0.23793472462819967,-0.01317627420184549,-0.04177578248604098,0.17248062015503873,181.38201898900118,1.0
1.091115,45,87.014031,0.2993690122099964,0.03152506947963098,0.07897494384185182,0.22140418998222391,-0.012573091891690442,-0.02959177236401708,0.16296296296296295,185.16158048488307,1.0
0.877447,45,87.124583,0.30005714256672433,0.03314122724857312,0.10590073812221373,0.22097408050489428,-0.01562163528134183,-0.013196793318949032,0.14259259259259258,181.9312560997981,1.0
0.814534,44,87.234257,0.2975238043599601,0.02621701446652866,0.05420730538755275,0.22690989181237828,0.020322654774842477,0.0009847752707211395,0.15151515151515152,192.8287449347755,1.0
1.248938,40,87.335289,0.2792101788444524,0.04494975799500394,0.07261762599838918,0.2539209713956405,0.03183643644555681,-0.01175242789565312,0.13125000000000003,178.00052938158768,1.0
0.470974,44,87.47512,0.3010332509007798,0.05573829538833556,0.0746148748592822,0.22184110254320882,-0.046027792511968896,-0.02951983610888056,0.15909090909090906,186.72298774792927,1.0
1.268368,44,87.594448,0.2955901859085185,0.04324279542109102,0.06964497062442926,0.22878424051766297,0.0383917148500792,-0.014056350689254671,0.18181818181818182,181.32413414455598,1.0
1.176773,46,87.709817,0.3073586463485963,0.02417745354655356,0.08958417284932715,0.2142646638080134,-0.010691304795120734,-0.034792860161894576,0.1594202898550725,183.2354390557075,1.0
1.45163,41,87.815794,0.28531221838274273,0.03462697661979926,0.08250186376634554,0.24381983156423329,-0.02341997215556699,-0.029256808845677107,0.16056910569105695,180.8587156252595,1.0
1.433163,43,87.921499,0.2918321524876238,0.02245360321698175,0.09374712688932657,0.234554030460552,0.014997614067473776,-0.0344797927422239,0.1414728682170542,180.68927693871083,1.0
3.119487,49,88.041569,0.30278722377083384,0.030379532643078605,0.0753676599247259,0.22054971254683015,-0.021470975735539768,-0.018675102898624094,0.15816326530612249,188.2424806087946,1.0
1.115434,46,88.17173,0.2994141466185036,0.022116013356794195,0.113289763612536,0.22266597097368043,-0.014749907314735744,-0.03412925274217843,0.18478260869565216,186.4270362551757,1.0
0.775296,52,88.301108,0.3231245439728458,0.03952934684623892,0.08728193906296018,0.19355809598514892,-0.03273262125181937,-0.04249344641406394,0.15064102564102563,193.8301789532698,1.0
1.259126,45,88.415362,0.29954709260068413,0.014916861651661313,0.06156478382759455,0.22250428319556464,-0.008697768773690932,-0.009637870222907564,0.162962962962963,186.37298038351858,1.0
1.429117,48,88.539032,0.306915297966167,0.028272369949580132,0.10576358618811113,0.21427525442150677,-0.019261146607927975,-0.05207757389035292,0.16840277777777782,184.08965042860845,1.0
0.964271,44,88.649689,0.29743349129575214,0.022479694951105845,0.1034219790106282,0.22632458059358743,-0.012174065775726585,-0.06438155047438271,0.16477272727272732,184.46319620881889,1.0
2.726675,50,88.798508,0.31291874734731384,0.01440757930527293,0.0633204097296686,0.20456343186680853,-0.0007726977785755155,-0.031118618732868655,0.15833333333333335,182.0435922551727,1.0
-0.033255,43,88.906482,0.29981132161892965,0.03759391175945316,0.09958388281434176,0.22185879128273236,-0.02767339510710945,-0.052927946234502636,0.15503875968992248,187.72477298984847,1.0
0.161257,49,89.031192,0.31932064254076403,0.020880715760050125,0.09199324087393668,0.19639108663203317,-0.010512761388568501,-0.025659981592565013,0.16666666666666669,186.89189820371226,1.0
-0.460585,46,89.144063,0.30571928027580697,0.05709139421157681,0.09048467063217265,0.21463499071263517,-0.045606072982746014,-0.04016073416136589,0.15579710144927536,191.21309656068317,1.0
-0.092174,43,89.253874,0.2962449219112456,0.04712496242019941,0.1087860426243606,0.2254885762587572,-0.03473575222125893,-0.04585864914899681,0.1763565891472868,183.7028293300524,1.0
2.394716,48,89.369407,0.3053171577490081,0.02941619919896297,0.0707650830790063,0.2146115712820468,-0.005960294853276611,-0.016348011078355613,0.14930555555555558,184.46165979231674,1.0
0.00744,43,89.500024,0.3016216153330115,0.03095106448159794,0.08213771891797665,0.2216586619089557,-0.01781518463287084,0.007139397344708629,0.16085271317829455,186.3451454187012,1.0
1.257604,47,89.617947,0.3097424344030747,0.017804796997770888,0.07602643070561504,0.20961071904196388,-0.003829080077788107,-0.01428120675558746,0.19858156028368798,185.58730747147962,1.0
1.332333,44,89.72775,0.29702456585182746,0.016100849049413838,0.0796417584520151,0.22596798833901283,-0.002679368762277795,-0.04088116371796861,0.1628787878787879,187.1351345375946,1.0
0.308146,42,89.836173,0.2945760633902853,0.051950891819639834,0.06597031296869639,0.230910112767059,-0.0375128108619129,-0.008696667928778708,0.17063492063492064,185.2048720076271,1.0
1.073332,46,89.950776,0.30685419250011814,0.030864140638414594,0.07870780473958992,0.21156877781627975,-0.024857123336675876,-0.033687870675119434,0.1666666666666667,183.39058950058498,1.0
0.750929,47,90.088071,0.30541188214948356,0.036804569499659816,0.1218836292145737,0.21342315035768006,-0.02436564839450582,-0.079610938078954,0.17375886524822695,186.71081781185978,1.0
0.789329,41,90.189402,0.2867541541889661,0.018089060889581753,0.10822964896495221,0.24155206251083816,4.876017639599452e-05,-0.05921045603148314,0.1849593495934959,183.1915453416073,1.0
0.396817,46,90.302573,0.3084906551725254,0.03044195892030187,0.09767057239795311,0.21097941668100814,-0.024604748869547256,-0.04294035194955218,0.1630434782608696,186.11300164174494,1.0
-0.204702,43,90.405541,0.3034369877641804,0.025781169003721956,0.08653872009235287,0.2179310260156907,-0.014773596519681464,-0.008157153100976014,0.15503875968992245,181.91238723750448,1.0
1.623016,45,90.512952,0.301457245368828,0.0189793521247324,0.09144643254528162,0.22162650740552417,-0.0069023407105982156,-0.026896107656067227,0.17222222222222225,188.82521139334415,1.0
0.606299,41,90.613051,0.28913504839678916,0.021239184461877784,0.09898153949218812,0.2379204979815231,-0.009343442782943448,-0.038174261500801124,0.18089430894308942,182.32866182503489,1.0
0.942502,51,90.759008,0.3170199032880178,0.05285300451256836,0.08925153930453908,0.19943841105251703,-0.04140191431574317,-0.049414835225244695,0.19281045751633985,192.4464615110007,1.0
-1.523724,50,90.879649,0.3245367692034285,0.08300516025782938,0.09367804402418932,0.19009261035146174,-0.06168620271342304,-0.02191428416413913,0.18166666666666673,185.4827779791724,1.0
0.742088,46,90.986745,0.29939453702580526,0.04553501844656215,0.11971478709423859,0.2233332469000441,-0.03628705968703924,-0.015316013666385271,0.17391304347826092,186.16553948313546,1.0
-1.2881,40,91.081437,0.28980830724129936,0.0759665937988855,0.10915306286005855,0.23832011820586904,-0.06214038194510777,-0.027571865928593797,0.17708333333333331,185.39396662464853,1.0
0.154698,47,91.192591,0.3128065173349314,0.05868012230333385,0.07233140632585099,0.20490143403663624,-0.03930385641238158,-0.02411504190753343,0.17375886524822698,185.21377983791945,1.0
1.466844,52,91.317722,0.31822056042333097,0.025363070673397985,0.08837721465886893,0.19945716662019328,0.01772245740252521,0.007088026304219904,0.18429487179487178,193.92040065513308,1.0
1.627677,47,91.778041,0.3023746828171125,0.017539443537594165,0.11086638611543038,0.2182095126023305,-0.002246860768370422,-0.047720680740492114,0.17730496453900715,190.37887502161888,1.0
0.423598,53,91.905151,0.32580734386323523,0.05534386318412733,0.08695682424320358,0.1889557708970804,-0.045978507323117986,0.003987343505415256,0.17138364779874218,191.8929693935566,1.0
0.229183,55,92.040388,0.3327975498547035,0.026365173653897653,0.09022267196958908,0.18192279389692229,-0.014847819957308744,-0.02213603909261999,0.1863636363636364,194.58481264394362,1.0
-1.037953,47,92.154385,0.3104019141925754,0.05872633264458356,0.12606962447755365,0.20876286380099843,-0.0444683592227363,-0.06688859312244264,0.21099290780141855,187.54617087310876,1.0
0.436267,47,92.26807,0.308805635810548,0.04635413531022154,0.0906154128548838,0.20939741740882675,0.04335326415614503,-0.010754070230705801,0.16489361702127656,190.36687692932503,1.0
0.432673,46,92.398381,0.3076126255288429,0.03312157912363053,0.08955252222028112,0.21182995418870715,-0.027171439205536486,-0.041169065309914814,0.17391304347826084,189.53487758113604,1.0
1.361884,48,92.516023,0.31496679745933054,0.016649003006738078,0.06661391510935065,0.20237408043949145,0.0043388782776075845,-0.021617600934621464,0.15972222222222224,189.72774175990233,1.0
-3.140428,49,92.634554,0.3241547957388743,0.09336364124269399,0.10766776862995228,0.1894143117134487,-0.06874040162997457,-0.04815936568903976,0.1836734693877551,185.84336632381797,1.0
1.441437,48,92.74859,0.30850586179208533,0.012243341565839843,0.08809219499610957,0.210661615357147,0.0019706605351904358,-0.016357238690968726,0.18923611111111116,183.60972447568395,1.0
0.52254,48,92.860736,0.3156390540955586,0.019390376784549506,0.07938495594243976,0.20246993079503284,0.009599995495338144,0.015890327114540602,0.1840277777777778,188.77769026997396,1.0
1.239374,45,92.988804,0.2991994927896285,0.01159084120435273,0.09984896431326291,0.22229214374375644,-0.004329556445486738,-0.012024810486089266,0.18148148148148152,186.2116256101716,1.0
1.954105,48,93.100531,0.3067079996522068,0.026000551396825958,0.07574141896193622,0.21212995778338228,-0.015766675949835475,-0.020181684257875764,0.1875,189.79489513929119,1.0
0.562488,43,93.204314,0.2965028351531394,0.04189182377267896,0.07236383092811512,0.22598180939888338,-0.031143953449892143,0.001302999281219369,0.1782945736434108,184.09205063834307,1.0
0.670616,48,93.323291,0.3109159348391889,0.010253649128281892,0.10034274904696693,0.20818819504175126,0.0028821611712446676,-0.02079405166976905,0.18055555555555558,187.7084608249597,1.0
0.917768,44,93.425931,0.2978838252125811,0.04831622195922073,0.0629458907459426,0.22690413648150273,0.04050801862328967,-0.008839303655464877,0.17613636363636367,188.62861938623516,1.0
0.301624,51,93.552683,0.3250252979685135,0.030336350085519954,0.08243657395754028,0.1905213939542142,-0.023648072319891994,-0.013324586843862061,0.173202614379085,193.96291581179617,1.0
-0.740441,47,93.690557,0.319639592976331,0.04860869514284491,0.0786234682879891,0.19614242684041067,-0.03665643576272836,0.001045371238942071,0.21808510638297873,185.97408276075583,1.0
0.529752,50,93.808639,0.31833450439477284,0.04353593123641403,0.08426443801830209,0.19769393519338993,0.03981027167840152,-0.0051688069715813125,0.18833333333333335,192.98988358992779,1.0
0.121169,65,93.96573,0.35791726681069175,0.03156233885662832,0.06891906199149128,0.15392072849854324,-0.022684482531200166,-0.027820710105063217,0.17948717948717952,194.57297928185724,1.0
1.918243,44,94.077444,0.2960430004218461,0.022759727298087954,0.06442523301444168,0.22810308337209548,0.010410219482362272,-0.0170371495498436,0.22727272727272732,183.41283748111206,1.0
1.545889,54,94.24184,0.3280285421146969,0.017656698330467683,0.0795003950484034,0.18581946249054854,-0.0031146388331489932,-0.004522989168539056,0.18364197530864204,189.3245644873958,1.0
0.494784,47,94.358521,0.3053332443066403,0.03562942283143007,0.12207475486935941,0.21331365131706456,-0.025716771332480577,-0.07720565299448057,0.18262411347517732,191.41604424494588,1.0
1.204308,48,94.475635,0.30625346858096497,0.04566160763208393,0.11028021503388351,0.21223174419805413,-0.03325328265171492,-0.026656001918535375,0.18923611111111105,188.2446701137245,1.0
0.912906,56,94.614352,0.3354455654138054,0.045230003273353456,0.07549156332042203,0.17666884898155275,-0.035007206188352555,-0.01858256155274598,0.18750000000000006,190.78873860775667,1.0
-1.418809,49,94.743076,0.3192063981185863,0.08788744811478665,0.08244958980982418,0.19668522482654252,-0.07097676905947217,-0.029893667780693006,0.1785714285714286,190.1871229445379,1.0
1.714901,54,94.88295,0.32537252584581505,0.020243293438375075,0.0873335616165328,0.1901409547370124,-0.009805608115664112,-0.04763572071104005,0.20679012345679007,191.48297019576836,1.0
1.323826,52,95.046852,0.32571135016745834,0.02647332550212942,0.06259920921365528,0.1884827273928867,-0.015873064895248038,-0.008855008996651752,0.1875,189.63462738376776,1.0
-3.148721,48,95.171036,0.3183209781743617,0.09178261410903064,0.12583355983684247,0.1978361927106493,-0.07446737278407846,-0.039164137800950884,0.17881944444444445,193.8465555765408,1.0
-0.956228,44,95.279474,0.3086212781203797,0.061317421870920694,0.09382822430960218,0.2103130852832076,-0.04795229723122288,-0.038035898090771805,0.18750000000000003,187.11923631531,1.0
0.746604,59,95.419664,0.338886888806436,0.018403789232712617,0.09827457285809185,0.17429308975091942,0.008500338120729244,0.006079678535473383,0.1850282485875706,199.17670553963447,1.0
1.772707,51,95.544216,0.3184010571405173,0.022867849435344128,0.06141948063900041,0.19803537646152056,0.010571528705991828,-0.0029238954218873763,0.18627450980392157,190.47718354387115,1.0
1.568872,51,95.692413,0.3216467167922313,0.015797050246932696,0.0690546443492955,0.19504472130571826,-0.0011017952685224567,-0.036874457967009285,0.18137254901960786,189.8297601426668,1.0
0.909413,53,95.824118,0.3263254031955151,0.022206450036853925,0.10464055274100305,0.18993794421458332,-0.009704717976183596,-0.0013184732874493795,0.18867924528301883,195.06489671507927,1.0
0.046028,50,95.95677,0.31727827903500855,0.0609044021151757,0.07550526444553476,0.19824755688108545,-0.04537752241103152,-0.04220715791109933,0.19166666666666668,194.3215600347126,1.0
-0.502553,50,96.086373,0.32816149357059216,0.013581392335427916,0.0886569352661962,0.18585270451860922,-0.0009842201811166354,-0.03555961232611532,0.1966666666666666,187.00130095032537,1.0
0.451664,44,96.194537,0.2957557442373441,0.028113088631734364,0.1137156744135174,0.22577572394472775,-0.018176720428424418,-0.03436258805852184,0.2196969696969697,187.77011841374778,1.0
-0.464379,47,96.336229,0.3156428861333347,0.06562492342154903,0.09038014657012292,0.20125259194210263,-0.04828525716646386,-0.04175059128037606,0.1843971631205674,184.19845846266946,1.0
-0.393686,51,96.460755,0.32255677445374537,0.05643323767557735,0.11074490653901191,0.19228563320478587,-0.0410260678828218,-0.02704827578391056,0.20915032679738557,192.83236163773375,1.0
0.503121,57,96.597756,0.33549484586903655,0.04255480496181572,0.09912215369209997,0.17705644183540642,-0.0292361378946598,-0.013824196916201037,0.20614035087719293,193.33651613348098,1.0
1.238421,54,96.723562,0.32559889935482206,0.03828431048196743,0.08163310074086573,0.18935466809797516,-0.02389041564884544,-0.026420108525077746,0.2129629629629629,195.02070604863536,1.0
1.268728,50,96.885372,0.3165900469423064,0.023964812988165836,0.0821355268591316,0.20045554565860677,-0.013286116944208498,-0.04436156569789393,0.21000000000000005,192.56293952851485,1.0
-0.617035,45,97.078862,0.3118166188494059,0.0511297540237733,0.09420177005838297,0.20552008807544758,-0.03936436918305804,-0.03567186497350398,0.19629629629629627,182.76799704389356,1.0
0.320276,66,97.268558,0.35598839695077783,0.02715496968145093,0.10527283467857373,0.156650970360393,-0.00992695798871871,0.0012915831422430218,0.202020202020202,199.83147056430116,1.0
-0.826959,56,97.408249,0.3407016466266865,0.06455141601034539,0.08000187498672102,0.17088357965361242,-0.049803097433337315,-0.03202674409049431,0.21726190476190474,189.03939764050816,1.0
-0.696441,41,97.508531,0.2898984328804063,0.05321146019521927,0.12907357796167915,0.2363837516977358,-0.04159309562594353,-0.07013994410870583,0.2113821138211382,183.52143287570257,1.0
0.331748,46,97.6231,0.30917463364164965,0.016499911020278982,0.07716199134133608,0.21078235923162877,-0.00023510057699169387,-0.04891175805987055,0.22463768115942026,190.38895615124605,1.0
1.398457,47,97.770608,0.30522961130296616,0.019034452446429678,0.07579360933245242,0.2143215036245767,-0.004740286138389746,-0.021380137307562108,0.21453900709219867,193.44505804441758,1.0
-0.696312,45,97.878711,0.3092039761301468,0.05202388415162356,0.0993126989456977,0.2081548908600444,-0.033032288835955194,-0.03951577565415111,0.225925925925926,188.75325782180306,1.0
-1.548636,51,98.003067,0.32867114171074363,0.06456602777820518,0.10432233972571221,0.1846786156108331,-0.05381576867355806,-0.03902497103752862,0.21732026143790847,192.61276031363187,1.0
-0.026551,47,98.118809,0.31098418576236947,0.039634902314443714,0.11256043235653851,0.20634740684205025,-0.02690586616943727,-0.04050572884847382,0.22163120567375888,189.00640210711344,1.0
0.419362,55,98.255912,0.3332426718293183,0.05258261978128587,0.08704036727374753,0.17982610554946324,-0.03766649783512297,-0.047052984468704484,0.20909090909090905,191.18362316806102,1.0
0.793783,50,98.406048,0.32061285987023214,0.025617446095883456,0.08299841768606227,0.1955105376241476,-0.014715095211280605,-0.03323355929990485,0.21,193.1557855381391,1.0
0.714419,60,98.557791,0.34705782893709847,0.01915362493736665,0.08172062097945101,0.16591112789728807,0.0013056711452442975,0.004619930291037586,0.20833333333333337,192.50765658294068,1.0
0.671567,50,98.678745,0.314711773843701,0.05391218259126637,0.09120710213318899,0.20157043313084802,-0.043160719001102056,-0.02449176449302927,0.21666666666666662,194.68176810677988,1.0
-0.096161,46,98.797292,0.311701650071023,0.034599214564740986,0.09626992013942835,0.20706170899857224,-0.025876661033963525,-0.04740352164241122,0.21014492753623187,188.52479053967537,1.0
1.091796,55,98.933543,0.33379714194479665,0.017095817785668082,0.08042081451859248,0.18060926899344232,0.005380338970567919,-0.00025088117934629064,0.20151515151515154,192.1291669342084,1.0
0.028837,43,99.072136,0.3052671764238191,0.019663094686969616,0.07693318558382639,0.21607967682501042,-0.008463343478642995,-0.01514723090045573,0.18604651162790697,186.1941491683524,1.0
-1.160449,55,99.208298,0.33760542843553454,0.053506427441089285,0.09541118708065717,0.175385422037864,-0.03559252724566885,-0.009063247080576747,0.20606060606060608,201.61911365696503,1.0
-0.121642,53,99.339249,0.33044696771842186,0.04100288405815124,0.08848965325542257,0.18342242888663512,-0.03563884023112019,-0.03007554971955442,0.21698113207547168,191.5820537735915,1.0
-1.344389,58,99.485303,0.34289402142559955,0.05500758438260024,0.10817487154459675,0.1685767222683883,-0.04608591321063829,-0.06217502682626129,0.22701149425287356,199.05498276772423,1.0
1.020359,66,99.679911,0.3588963232495581,0.016032011101477235,0.08442865546895965,0.15377042868806232,0.002619312994978319,-0.0013674031303955708,0.18939393939393936,201.32283718992616,1.0
1.173572,63,99.835421,0.3519686412052149,0.014460413476816512,0.07196907618352431,0.16101749274183752,0.0012874625536927605,0.003173846367085284,0.20105820105820107,198.40154243058282,1.0
1.002167,56,99.976268,0.33652766656109073,0.020482146722173494,0.0740676819494327,0.1774886097215242,0.015062379053878732,-0.0044679470907860565,0.19642857142857145,194.87230724517167,1.0
1.139692,55,100.115569,0.3302977224649393,0.03173293278593604,0.07741707811130143,0.18475135793984102,-0.0219332426206054,-0.036179141036110064,0.20606060606060608,196.9327908103794,1.0
0.635995,47,100.236674,0.3150492951822687,0.017568695036960753,0.0699080934905769,0.20235185200293404,-0.0026223550741506373,0.007272220004115736,0.20744680851063826,189.99001597509022,1.0
0.540282,43,100.361564,0.29891375446236784,0.02720207447420879,0.08522109463609363,0.22288900081036858,0.023570260768808225,0.008291003770551243,0.1976744186046512,183.70119049964444,1.0
-0.193341,47,100.480921,0.31329295752326636,0.06277125184688535,0.056932792432446304,0.20472211110614272,0.05149170635844771,0.016568004418779144,0.21631205673758858,191.29655962872994,1.0
0.4476,66,100.652284,0.3602842226570275,0.029481370360942033,0.0796611386551272,0.15098032674718623,-0.02095095153415221,-0.033158948218023974,0.20707070707070704,193.5572404997983,1.0
-0.121795,55,100.790871,0.33193721514485686,0.05360105633194669,0.0887961620609141,0.18336600338188735,0.040723520042718904,0.03257445926628816,0.20757575757575755,196.4321855412519,1.0
0.663424,51,100.922251,0.32743598855833816,0.01719758584816476,0.07233537574764308,0.18724809741135776,0.01241912243328068,-0.0248270260204745,0.20915032679738568,187.234797703133,1.0
-0.181032,48,101.071078,0.31896151572877385,0.0231989094009915,0.10318846631333692,0.19726875549761277,-0.009665801982228057,-0.018482545269639505,0.2100694444444444,192.58476709766842,1.0
0.16095,66,101.242013,0.3610903513262879,0.03470131741973155,0.0856154495080683,0.15014253181064052,-0.02465047340394516,-0.01196455160974107,0.23232323232323238,194.8830258656907,1.0
1.703352,47,101.359277,0.3052817511903287,0.025718741158616144,0.08341245205082247,0.21343681547757704,0.018687544014916273,-0.02050238985662852,0.19858156028368792,189.57762422510123,1.0
0.605435,54,101.497699,0.3333032956511204,0.0607233178268567,0.06436673483824136,0.18119010594366478,0.04190847717846347,0.028729735147074772,0.1990740740740741,188.09894775629817,1.0
-0.512034,48,101.620772,0.3259114791256638,0.04756370625276952,0.0636339712952491,0.18927660074574623,0.039480296872037815,0.0014942279355388693,0.2256944444444445,191.09912700632626,1.0
0.513794,44,101.749907,0.2994910769799751,0.049677031188829525,0.09562235184779722,0.22180471182623587,0.042476325805175685,-0.006839717993171158,0.1912878787878788,185.09953352089113,1.0
0.244539,47,101.871072,0.315913477441415,0.03819534273415885,0.07959863528361089,0.2014103565080362,0.030166967271738558,-0.012228865082357704,0.21453900709219859,190.50407161597306,1.0
0.473577,47,101.991285,0.3142747604303929,0.015294373094892287,0.07271217266807456,0.20413421322171207,0.007984565197549674,-0.03312274553629847,0.24822695035460984,192.56751692142956,1.0
0.100826,52,102.124383,0.3296556826291755,0.01844691081631309,0.09116742927769379,0.18392830904434926,0.0026864181520687373,-0.0030369733621002587,0.2259615384615386,196.68266018481043,1.0
0.638654,59,102.279978,0.3453804539962379,0.028037308427153802,0.07187162210208586,0.16788105189666033,0.010947067160099033,-0.01522775272637137,0.22881355932203387,198.25393225243315,1.0
0.67086,51,102.436345,0.32488024771524426,0.017950860052501502,0.08789740479119067,0.1909592035523527,0.007818700795147753,4.065340022731096e-05,0.22875816993464052,197.1002993697483,1.0
0.535526,53,102.569873,0.32776750478560923,0.022772731601619123,0.10453931084459973,0.18707958437570862,-0.014885393159641578,0.008990437958530953,0.22955974842767293,196.0960889570323,1.0
-0.020907,46,102.681939,0.3086529644059422,0.013886316107247793,0.11733331693608734,0.2092764912612639,0.0005602354415114116,-0.0269330805865703,0.22101449275362314,187.87614104040577,1.0
1.5533,56,102.82461,0.3330350393293559,0.03656085384218412,0.07325923999695674,0.18109040923233746,0.0245951820564887,-0.00463446278227929,0.21428571428571427,192.52069204974842,1.0
-2.231895,42,102.929962,0.30649852002688766,0.09260793594825484,0.06409178383178954,0.21442761623369236,0.0723457022290336,0.016445131631926117,0.23015873015873015,186.75906229900943,1.0
0.421219,53,103.090091,0.3317230056115543,0.02191119273232531,0.10077672323206951,0.18230394283683007,-0.012015704085094475,-0.04674823532368714,0.22955974842767293,188.64727735771163,1.0
1.567294,56,103.238973,0.33097021811120214,0.02681141043850795,0.08832290444069026,0.1847815352322619,0.015588275304102344,0.010581564689908172,0.23660714285714282,192.53252169675395,1.0
0.032833,54,103.372425,0.33379543501410264,0.026398329690091527,0.09881284737954421,0.17971303125597127,0.019234818263790268,-0.0008446520558913103,0.24074074074074078,191.78542539826375,1.0
0.45271,51,103.495651,0.3251070681589546,0.024780657722801816,0.0822826446682966,0.19045512490828828,0.02029457645022951,-0.031508446937818214,0.22549019607843135,200.01533078026864,1.0
0.229662,49,103.612695,0.3171431530667971,0.05462524664699954,0.08708490526793851,0.201643454967725,0.03956045897255131,0.025411330965050372,0.2397959183673469,192.11263062703424,1.0
-0.061507,42,103.732689,0.29888609967885005,0.04544187017932943,0.08328702746899341,0.2241830169478258,0.03725528215419789,-0.0021817108236241007,0.251984126984127,191.78811520664755,1.0
-0.56848,53,103.861922,0.3342544851464888,0.02964564120115777,0.10569177303933759,0.17921951138625317,-0.016067701130840096,-0.06319582080136582,0.2358490566037735,191.61421540525993,1.0
1.739698,73,104.037443,0.36946716522336803,0.019439443069628363,0.07527812998858678,0.1444474599996905,-0.00621891216281507,-0.01943647126317878,0.24200913242009134,209.8732940117246,1.0
-0.616277,49,104.157351,0.31731711554979547,0.07078747334066458,0.09242225755222688,0.19889592161404993,-0.051088004648188766,-0.0022483897167716355,0.23809523809523808,195.67034838232232,1.0
-2.132751,58,104.300727,0.3509794471316267,0.07950113864406591,0.05955709224272074,0.16036504386035152,-0.06248997146412588,-0.00312907923791147,0.2313218390804597,199.8173760218412,1.0
-0.402579,48,104.431406,0.31814859320562006,0.058830194871265666,0.06670824929750825,0.19830092199641078,0.04998482032743057,-0.004570210875918969,0.24479166666666666,200.08523679545422,1.0
0.580818,50,104.549118,0.32095927552859654,0.059077004259979096,0.06655250023704445,0.19528821358959697,0.045734067075661695,0.012085597986468416,0.2333333333333333,191.8945100699806,1.0
1.202975,49,104.666461,0.3166926106117524,0.048502540221310224,0.06856028485083607,0.20123171662590922,0.036330212580059064,-0.01923249240843862,0.25340136054421775,188.07346375005827,1.0
-0.302361,61,104.814582,0.34821054437036947,0.045750970465491245,0.088129733868058,0.16364668931108714,-0.034743808672568884,-0.013118216293642517,0.25546448087431706,202.0038861682607,1.0
0.914614,49,104.933429,0.31734399149283793,0.0321849756988204,0.08042198780441005,0.2000022768001053,0.018897127299228253,-0.018985280106487055,0.25510204081632654,192.742016634325,1.0
-0.288052,54,105.085902,0.3378121732621716,0.05465631903377486,0.07184243544806838,0.17587341332409742,0.04471693683400121,0.008698642799912535,0.2577160493827161,196.6631608756175,1.0
0.920862,62,105.243813,0.351765021961256,0.04082762532136228,0.0712344313121473,0.1600947319044233,-0.026370463327148454,0.004221034906181067,0.2526881720430108,197.42008187292203,1.0
0.598181,43,105.349024,0.299894122526112,0.026824446317139827,0.08551563365564684,0.22262003388288712,0.0192857290945134,-0.013032610135482093,0.24999999999999997,191.89936453452592,1.0
1.735818,46,105.464525,0.30273735483576175,0.015911015825891772,0.08818591338631367,0.2179706151529083,-0.007240680292813418,-0.014690490659577891,0.26449275362318847,192.98680807769716,1.0
-0.326066,49,105.582406,0.31855266089239215,0.06313383377634549,0.0901499633934585,0.19788105159082142,0.05072059374766885,0.03493641400170448,0.2517006802721089,190.0003958727531,1.0
-3.404419,50,105.731479,0.3355311755656653,0.08505080886530382,0.0788143168681392,0.17998028480034048,0.07012919623412446,0.029334382725735984,0.2483333333333333,198.286817370181,1.0
-4.727357,47,105.847862,0.33234924703946284,0.10474014661704477,0.1010009591388681,0.1815249199171232,-0.08331214044652574,-0.04087686550149313,0.25000000000000006,187.679892322557,1.0
0.503361,44,105.957834,0.3032611963246287,0.022932047222100755,0.08687511752629701,0.21764567401968965,-0.015312348928183473,-0.037350495620092496,0.2556818181818181,188.2756088568312,1.0
0.736281,50,106.080746,0.32107806922846255,0.027173406508719848,0.08651295966341617,0.1949378851597969,0.018448345361482796,-0.009745161685075398,0.2783333333333333,189.27853635672557,1.0
0.487516,54,106.220304,0.3341101340555354,0.029792756393068793,0.07049760554176333,0.17934812490674476,0.02218187278445231,-0.005677279229879719,0.25617283950617276,195.91119919988796,1.0
-1.707086,57,106.382745,0.34207219763766705,0.07910669083907552,0.09941163997981795,0.17040020982728526,-0.05726286983590548,-0.009747903137349473,0.2792397660818715,194.41377539084579,1.0
0.760468,46,106.500541,0.3082508624203005,0.01921864939863942,0.08866682541760165,0.2114579775636797,0.0024667100493773594,-0.046873636770919366,0.2789855072463768,194.76421091362823,1.0
-2.582717,51,106.625946,0.33178543446808106,0.09430448692115126,0.09178898135113793,0.1833633660084377,0.06900997239654215,0.03900092674656668,0.2679738562091503,194.358069106106,1.0
-0.92744,42,106.7287,0.30483052421634776,0.07250168234372241,0.06319843536207559,0.21705791463123664,0.0636039939743206,0.02406793215880657,0.251984126984127,186.4246277416046,1.0
-1.814982,49,106.849006,0.327443302152234,0.06416511130897562,0.09754721015628422,0.18833402489894893,0.0508933119251716,0.01449526141637963,0.2568027210884354,195.28963337657518,1.0
-3.161384,57,107.017221,0.34907686053555825,0.09227349833792234,0.08515973338938485,0.16231165934430794,-0.06926129725338577,-0.028642316909783416,0.2573099415204678,194.7088837468255,1.0
-0.331966,46,107.131432,0.3101957158697448,0.06169757183689981,0.08421085030277699,0.20752013385934662,-0.044556849135786,-0.008068405164931744,0.25,194.3421712193636,1.0
0.246305,44,107.23958,0.3001031105997322,0.039775337394380744,0.11501353757782912,0.22302895748530568,-0.0247202340630127,-0.04450589297996559,0.28030303030303033,197.29932782406485,1.0
0.739908,48,107.365489,0.3141950833175765,0.04027953903882144,0.08938376781489879,0.20266003529742418,-0.028170571007795853,-0.04560836217764497,0.2638888888888889,191.88262428624986,1.0
-2.1886,43,107.468895,0.3111816229453058,0.0903369283287165,0.0588464716450552,0.20901074458119615,0.07491055471984873,0.031045723119738383,0.27519379844961245,188.9257752926006,1.0
0.359025,50,107.615651,0.31901030759890187,0.04180475220471256,0.10487476146306708,0.19796033522214543,0.03422568478939635,0.021687551387790056,0.26999999999999996,194.09027729622994,1.0
1.756916,49,107.737306,0.3125122467379475,0.02908957119755565,0.08628503795610082,0.20635892869262504,0.021544128797485487,0.02752004168663466,0.282312925170068,194.79180459060018,1.0
1.157165,57,107.874154,0.33779838156216,0.023407224565393063,0.08321948536775872,0.17632819272741193,0.018930127373728515,-0.015499050459356071,0.28654970760233917,198.5130528069352,1.0
1.290497,41,107.973048,0.29047767680600695,0.03349837241173682,0.07087533585964197,0.2385421844724229,-0.022012448549967516,-0.023875140506851297,0.2682926829268293,187.71193442235003,1.0
0.137036,45,108.086366,0.30151830156801923,0.020125437543459065,0.12421371279333904,0.21888347526401478,-0.001765224472504605,-0.025599483313366696,0.25740740740740736,190.1967640757205,1.0
0.866296,49,108.20391,0.31778660155402416,0.026724169237051926,0.09377943578640921,0.19996068493981684,0.01756800184709023,-0.014239159732472473,0.2636054421768708,194.68419877419896,1.0
-2.391848,48,108.345296,0.32527776938107805,0.08927365802127771,0.08386955376737927,0.1895930865198884,-0.06810602232882393,-0.027782993017490615,0.3020833333333334,190.9153052975917,1.0
0.405119,55,108.477722,0.33550883573079276,0.038330014007479096,0.0976670084619993,0.17758895748295475,-0.027628873948675383,-0.015773870327037667,0.2863636363636364,194.05491604285297,1.0
1.13195,48,108.602134,0.31337085003529286,0.03287431288309642,0.08829586664770124,0.20423195121449703,0.028277562382535662,-0.0012784658914235057,0.29166666666666663,190.61885558351284,1.0
-3.146737,45,108.708747,0.3136771647696999,0.10932459824688001,0.09051631534427802,0.202839547029624,-0.08449249049393,-0.05923228860762321,0.3055555555555556,192.05332329433165,1.0
-2.479229,46,108.824821,0.31574022023945997,0.1029636947854008,0.09072872435940874,0.200684845347313,-0.0774587226593281,-0.02672262999550506,0.2789855072463769,189.55398569635364,1.0
0.648418,45,108.952907,0.30651181614077694,0.0143330261774894,0.08599836200575448,0.2138098613624173,0.006521989379928796,-0.04401626376815796,0.28888888888888886,195.1837146007941,1.0
0.076136,49,109.07498,0.31759952980097717,0.058804718162198136,0.08990111741399884,0.1995804097580567,-0.04205591465756114,-0.03256332126330406,0.28571428571428575,194.26985374426428,1.0
0.059304,55,109.212695,0.3382686309540753,0.04723386638187219,0.09628382320102856,0.17408231785431308,-0.0309101816227189,-0.03969097808067792,0.28939393939393954,193.60227131659914,1.0
1.248777,48,109.335905,0.31479410890009596,0.02378447310957133,0.07692621097004365,0.20241284762158485,0.012192319034103137,-0.029055131620378382,0.27604166666666674,192.29577361818824,1.0
1.929206,53,109.467044,0.32737463108466347,0.02276592384156278,0.064906519190975,0.18782405783295514,0.010939070896764427,-0.021284128581347806,0.28144654088050314,191.31113387282886,1.0
1.576886,46,109.602767,0.30393144933147415,0.025227957315028363,0.0856480944397534,0.21626404340929173,0.01958019050565845,-0.04021864085646234,0.2952898550724638,194.17070806652595,1.0
-1.116516,48,109.719936,0.3245122338284746,0.062122686516637944,0.08423818475600633,0.1916772809337525,-0.04853115354521297,-0.04381299430828987,0.31076388888888884,190.29758635280908,1.0
0.326881,43,109.824829,0.2977340186643002,0.049281486071074423,0.07127621344441992,0.22541628642353082,0.04332505669362667,-0.019354219341877386,0.28875968992248063,197.70847888345938,1.0
-2.286997,47,109.941515,0.3253192081826618,0.08148332425815596,0.06252770639395648,0.19176396374182317,0.0626569676403001,0.011284574227116432,0.28546099290780147,190.857827990029,1.0
-0.970908,42,110.041215,0.3016097558019745,0.07544374513024299,0.06708805922619508,0.2223047479742849,0.057464837245518166,-0.004456958329014214,0.28968253968253976,187.64052327640707,1.0
1.185159,44,110.149658,0.2971568778746221,0.04966361567720803,0.07248683375065239,0.22632855310969824,0.03835528729043335,0.01723475073170788,0.28598484848484856,192.66873650505852,1.0
1.440858,55,110.309012,0.3300319263485341,0.0498255651614108,0.06654653964235291,0.1863235121578589,0.03752128020270884,0.002105421306836803,0.2924242424242425,196.87861187750414,1.0
0.900987,58,110.45561,0.3401401878088717,0.012175255873165034,0.0973235440912733,0.17306518931967155,-0.004521631195407213,-0.006996664546395313,0.2801724137931036,201.11824824324043,1.0
1.685599,46,110.566853,0.30187648193868555,0.018014363576572608,0.08443958223850677,0.2183421543164583,0.0047728549382889535,-0.03394860008561522,0.2916666666666667,203.48506840031817,1.0
-0.030189,46,110.680082,0.3072583293223561,0.06243047976202869,0.08563807502164102,0.211521612992575,-0.04445751546128522,-0.036802649392019715,0.2717391304347826,194.80408223232382,1.0
-1.266251,50,110.804888,0.32468251214168126,0.06982108047948768,0.10090232037198249,0.19082474671078253,0.058423453139962236,0.026964932588268296,0.2833333333333334,195.9782265335723,1.0
-0.810521,47,110.94412,0.32211198319868545,0.04829262386397758,0.06825717562400992,0.19461081658770102,0.03993065075430873,-0.015038909459900957,0.28014184397163117,200.36263971802362,1.0
1.714954,43,111.05416,0.29613158613956825,0.013102606487382748,0.0779058485242988,0.2270482522422264,0.006737980183185024,-0.03344224798992637,0.29069767441860467,184.5757617598233,1.0
0.833402,51,111.18395,0.32204188175621234,0.02814211024202292,0.09425593267736168,0.19350318517801413,-0.022571825895881473,-0.04150045670727481,0.3006535947712418,194.0125361789494,1.0
-0.393733,50,111.308954,0.32940580358071075,0.05797633570157724,0.052315795678894536,0.1860305478284606,0.04179504620037327,-0.007669410004194443,0.29333333333333345,190.3128778454419,1.0
0.854282,53,111.437277,0.32929243655626134,0.01932958102234495,0.10027121729452915,0.18541854268579194,0.006065772267045464,-0.025667864215730696,0.29874213836477986,194.07721206837329,1.0
0.864525,51,111.581123,0.3216751540820235,0.02249071796393849,0.10585997092342364,0.1960910476525478,0.005959138042012619,0.000886684196286141,0.29901960784313736,195.76168328611897,1.0
-0.985645,47,111.702708,0.31737144616325075,0.0791947943791695,0.07602721151441612,0.20009412324113898,0.06570854619507029,0.022205842901508423,0.29964539007092195,196.75623043238474,1.0
0.696307,43,111.809437,0.3012830570860302,0.0395478783837299,0.0800496729942786,0.220993251404952,0.03237260209706679,-0.013544238020347626,0.2868217054263566,189.74036647628847,1.0
0.890694,48,111.929428,0.3146026057190078,0.03199799178325947,0.09991679336334465,0.20276366453020736,-0.01860876514822934,-0.048111965430174375,0.30902777777777773,193.28165728493184,1.0
0.179431,43,112.037965,0.30448128683964304,0.01723552663018697,0.10309258713581052,0.21833145804693121,-0.006705722083109986,-0.0416854068007328,0.313953488372093,189.79243284224486,1.0
1.535293,51,112.161969,0.3197540365146065,0.019931425818133626,0.0941095595473394,0.1966232031628904,0.004405210246403629,-0.0208631033915723,0.31372549019607837,199.51764091315806,1.0
-2.557911,48,112.305111,0.3225180384716545,0.07801459260811124,0.13176763716535836,0.19341286270749894,-0.060209221989938284,-0.07416473523129079,0.28125000000000006,192.37109348738468,1.0
1.122371,46,112.424866,0.3080985841649338,0.016345595162131524,0.08487858294784509,0.20979207178670922,-0.0017432415055988037,-0.039791910461210785,0.29528985507246375,192.2396324386298,1.0
-2.465066,48,112.547208,0.3225279174806245,0.10807282130366605,0.08441749318474229,0.19277554269388533,-0.08172235423172268,-0.022258521023134872,0.2725694444444445,187.3626461178744,1.0
0.840946,50,112.674207,0.3204042309840716,0.018518675940919018,0.09665273670255865,0.1959003991184458,-0.0011726476951704652,-0.014436708286403845,0.29166666666666663,192.39676897074983,1.0
1.248827,62,112.827101,0.3507603550765577,0.03156047087171767,0.07206710261645974,0.1625025534472638,0.019522195303048707,-0.004432953738438723,0.2983870967741935,197.7610278846911,1.0
1.388372,46,113.014922,0.3028128227104653,0.027427702799886874,0.093895136552114,0.2174195829107301,0.019682299297572342,0.0039639141581148275,0.2663043478260869,194.37043364893267,1.0
0.483174,48,113.131851,0.3187770472423343,0.04973419506094812,0.07155289463149134,0.19841084547846166,-0.03737307171092713,-0.0324599461411811,0.27777777777777785,190.4521084513258,1.0
0.851108,56,113.279744,0.33792385680534226,0.04499004051577173,0.0709101399551961,0.17615141562238604,0.03125150635650741,0.00892240752618207,0.2767857142857143,194.89714861664694,1.0
0.975256,51,113.40827,0.3166488787508019,0.02508423888522782,0.11973011137553691,0.19944646530150562,-0.01493382675799901,-0.014710896104442546,0.28921568627450983,196.45518422129146,1.0
-1.145834,48,113.535172,0.3203990664205642,0.07294298782594086,0.10459336657566173,0.19632396859619386,-0.055445865083160455,-0.054302290692319434,0.30902777777777773,195.07369067009577,1.0
-0.376015,50,113.677648,0.32463494823552813,0.027360430056023823,0.1151364575742133,0.19193375225154946,0.013605308095283599,0.03583080594574821,0.29166666666666663,198.6061732350069,1.0
-2.351061,48,113.797363,0.3211562866035441,0.09139267256815653,0.10900447861170222,0.1951475746325592,-0.06579337612284794,-0.027466847882453214,0.3142361111111111,193.91106119599965,1.0
-0.441835,53,113.929242,0.32836902028359993,0.07027267387659898,0.10409548075021377,0.185971594473026,-0.05381613492850456,-0.053184204152535254,0.2861635220125786,191.31630200101134,1.0
0.74475,49,114.049084,0.3187870177247048,0.03417388627746521,0.08123472978444778,0.1966892460904679,-0.017496508502485915,-0.028639157698030937,0.2670068027210885,192.93683490050603,1.0
-1.644219,46,114.163247,0.31492734157087027,0.08836772070268444,0.0816625028946391,0.20360887014619958,0.07008847347826316,0.028418220026625873,0.29891304347826086,192.56559915399166,1.0
-2.942993,58,114.344196,0.3472337615583754,0.09582598462436644,0.11297202632148345,0.1651422784804517,-0.06823394601223197,0.01552052649496619,0.28448275862068956,195.95730396306297,1.0
1.385276,58,114.490256,0.33702178213433337,0.03785390143477162,0.09436181976269321,0.17609320664155195,-0.025517335881882913,-0.018214563475052434,0.293103448275862,195.04793697885464,1.0
1.61828,54,114.617651,0.33348880624245714,0.02016199753821112,0.0635735239550962,0.1816975498579432,0.0062381704456444306,-0.016310701830893493,0.3132716049382715,194.4960188831624,1.0
1.482806,50,114.734523,0.31623239817602466,0.021335526084507377,0.10005644659125396,0.20093933944740938,0.015021771178700467,0.008741500931634835,0.295,195.91706315923406,1.0
-1.834482,42,114.84244,0.3087133160622699,0.08257922290010654,0.06781988943731546,0.21209301702949943,0.06907357139258277,0.019069243166786858,0.2936507936507936,192.0019185797858,1.0
-4.006912,61,115.014659,0.36004499330334433,0.10027346971624942,0.09569227518487809,0.14963221366261642,-0.06961645668882056,-0.02120794243605896,0.2759562841530055,195.77926098803314,1.0
0.590401,47,115.130544,0.3127688517292155,0.01829440596777292,0.09841231089181945,0.20621482754204143,-0.0016798997681815233,-0.03762354726189549,0.27127659574468077,196.65810001091404,1.0
1.169516,61,115.280608,0.3494657675404083,0.018004113415194884,0.08616713529011938,0.16224633620496598,-0.0069184202284851585,-0.04755300098613758,0.2718579234972678,199.33313435240197,1.0
-0.00853,51,115.407684,0.3284437898709588,0.05726013679302272,0.06740941401503853,0.18711074443447764,0.04356804114593054,0.0004025270134024246,0.29248366013071897,194.96423386618758,1.0
2.109209,43,115.510979,0.29287182512012006,0.022668143548899445,0.08314551082761337,0.23148643441576092,-0.010406696265278383,-0.008350812646453494,0.2848837209302326,189.80280657386143,1.0
0.781526,46,115.64376,0.3076912173948525,0.03501140132506813,0.08425965586023106,0.2120341732846018,0.025213579433233373,-0.023943744851866774,0.29166666666666663,193.42269567081013,1.0
1.800577,76,115.833924,0.3743200217874175,0.016706270257436987,0.07742690448277803,0.13793918696392954,0.0018415443431064737,-0.00567286306694095,0.29934210526315796,199.33655336607927,1.0
-1.001164,44,115.942226,0.30541892158869316,0.07741412816776608,0.10446834737578228,0.21512677504736322,-0.05857772378761998,-0.04324457874428927,0.303030303030303,193.80029007679752,1.0
0.00688,50,116.060431,0.32110763526787583,0.0566006781584605,0.09313755417699159,0.1943002164348612,-0.041917257955808564,-0.05434881716862775,0.30166666666666675,196.68704778416406,1.0
-0.011859,49,116.176091,0.3226750024005708,0.019166329641841645,0.10451406934417876,0.1931246381689082,-0.01024306814021477,0.0018865682849662324,0.2908163265306123,194.0168717543124,1.0
1.017943,55,116.337827,0.33602729394711944,0.024109044439516357,0.07556343798579895,0.17753772562913414,0.013655472990560264,-0.03086201732103653,0.30151515151515157,193.49444930664637,1.0
0.275119,47,116.458616,0.3145300587683663,0.05324407964420986,0.08132334337277074,0.20256702169438798,-0.0360320148301972,-0.030105341227015883,0.28546099290780147,189.8236508541365,1.0
-0.470829,47,116.575488,0.31739264512504767,0.05968188234974033,0.09660141757933746,0.199739620477116,-0.04559901954231857,-0.046226172673704234,0.27304964539007087,189.53737243591763,1.0
0.425828,56,116.716348,0.339935706214083,0.03446885216955953,0.07916694887991196,0.173899357425173,-0.02502503468975728,-0.030335064141558066,0.287202380952381,197.3492714565874,1.0
1.601161,42,116.821625,0.2916305930354163,0.02319425954710825,0.08094788309552531,0.23398184821410503,-0.011208968425833814,-0.015976565578946396,0.2638888888888889,188.94726473441463,1.0
1.658358,47,116.966303,0.3064738098269359,0.024858049263042022,0.09411900805786713,0.21206528150846077,-0.012672492318462408,-0.01968159291783564,0.26063829787234044,191.62363403340285,1.0
0.345729,46,117.077498,0.3146598737712186,0.015471918407609841,0.08676561763890868,0.20296216620343988,0.007048592546652958,-0.032193088559529334,0.2862318840579711,194.3041451065869,1.0
0.066312,43,117.189284,0.2950270406544902,0.040896623260018375,0.1316148592961499,0.22782638127515223,-0.025123715475301876,-0.06698983112934977,0.24806201550387597,188.52017190154672,1.0
0.614074,58,117.332397,0.3409821397426193,0.03078304625889079,0.09648366540535104,0.17207738266920128,-0.0201110687751577,-0.03886588507449896,0.2758620689655172,198.96322950378422,1.0
1.027815,54,117.468089,0.3341247639906127,0.01688279001023177,0.0737745922693716,0.18004839774126125,-0.007486997510267899,-0.027352395075432287,0.26388888888888884,192.07913697606435,1.0
0.749478,48,117.612088,0.3140146713397042,0.0487746667014616,0.08830349318548637,0.2044214225326052,-0.03766279092443007,-0.0414456154403978,0.27604166666666674,194.36262328350475,1.0
-1.167423,45,117.726279,0.3145346897295135,0.0716279081960711,0.08210627525659665,0.2034708383082051,-0.05303543172355098,-0.02778784652736058,0.2925925925925926,189.91215306333922,1.0
-0.483375,45,117.839194,0.3055139793827142,0.05885123663108722,0.113823619183997,0.21394465954849895,-0.041072527645573,-0.03509226994579561,0.2796296296296297,190.38809929684433,1.0
0.061168,45,117.951884,0.30606640842252875,0.053229640668511345,0.10569840640002988,0.21509600418642208,-0.04058263308982963,-0.040858136426542756,0.2759259259259259,191.7015361345791,1.0
-4.064519,48,118.074022,0.3306478225821055,0.10654063451574905,0.07705688323861364,0.18341754107681008,-0.07907324398413032,-0.026107010713335353,0.27604166666666674,194.45284213908928,1.0
0.132733,49,118.242728,0.3241067599189781,0.028244338677878785,0.08632675371880891,0.19180105722178378,-0.017217895960577184,-0.01692333402326747,0.26870748299319724,195.3663684752528,1.0
-0.92863,53,118.37486,0.33264553891779464,0.0762906476653768,0.08743474582910428,0.18135056283852533,-0.05679090493254747,-0.015528057915618185,0.27830188679245293,194.38966447789966,1.0
1.848977,52,118.507383,0.32308324761117546,0.017151172858655455,0.08903301802314068,0.19259572285779253,0.000804048410404956,-0.021603079599527817,0.29807692307692313,197.21210484980838,1.0
-4.61671,73,118.688987,0.3855528582078165,0.09758297844391547,0.07872112017585,0.12438144996180307,-0.06594100385366868,-0.0069761228176503185,0.2796803652968037,200.47728663385175,1.0
-1.140021,53,118.819629,0.33547627194394736,0.07813411275427429,0.058394680685670074,0.17834160101997854,0.058531476917920246,0.022370272196937258,0.27201257861635214,191.51767291799882,1.0
-2.439749,55,118.987297,0.334554690637212,0.09560980929133298,0.11438871225692095,0.17846623779379808,-0.06772241887557008,-0.06961678689344125,0.28333333333333344,193.20481220173767,1.0
-7.517942,46,119.100932,0.33389404216012825,0.1430701113684087,0.11062731296848136,0.17942689620294686,-0.10928337884894503,-0.0457361522770276,0.2518115942028985,184.2303469660697,1.0
-5.095186,57,119.244134,0.35572982868936404,0.11798487728082212,0.09486041838390696,0.15540863266277108,-0.08719839568726938,-0.009419760219147864,0.25438596491228066,194.46597628018674,1.0
-0.780299,57,119.387004,0.34158627155122306,0.0745845605012757,0.07997275350336655,0.17109605326226537,-0.05388193489190192,-0.029612682719038743,0.283625730994152,197.7090852870295,1.0
-4.8513,48,119.506917,0.3324075452957216,0.1263360597036503,0.06775019004853187,0.1813587665416155,-0.0927830847193597,-0.03890407390516867,0.2864583333333333,189.4901323800759,1.0
-5.157015,55,119.667633,0.3533349038712677,0.1191280233798451,0.07867837451553374,0.1574555237425934,-0.08345247974688402,0.0016450743199758766,0.26363636363636367,188.3139843175986,1.0
-2.465593,50,119.789886,0.32835370729633495,0.07721613470583408,0.12068597899156465,0.1850929441870927,-0.04999900082344473,-0.034827997312823725,0.28833333333333344,192.80391858557402,1.0
0.383731,51,119.915815,0.32233113876067077,0.052956064209661535,0.10151184496961276,0.19305948427686695,-0.03386396617938185,-0.017219517909501925,0.2647058823529412,195.40391789022175,1.0
-2.101171,47,120.027689,0.31358840487812456,0.10028588996999248,0.11627864236008731,0.20358096155808303,-0.07312937639805979,-0.07821548929116348,0.2677304964539006,188.68490247922722,1.0
-1.577409,52,120.152129,0.3352356338159467,0.08478765758917105,0.07191386489042939,0.17824462087851384,-0.06283884648426183,-0.002877437062752173,0.26602564102564097,194.40683717232815,1.0
-3.851246,53,120.307056,0.33676793402622196,0.11437204211818185,0.0916074333123137,0.1752451265077613,-0.079515979423899,-0.020029114487819192,0.2704402515723271,191.7953314355856,1.0
0.293617,45,120.419178,0.3068756771236263,0.04309286092219163,0.09822818493729692,0.2129060606992295,-0.027133000877806197,-0.044391453213468886,0.2592592592592593,190.14912014999675,1.0
-2.962821,53,120.549757,0.3379950069482329,0.09730813385090177,0.09987951268129794,0.17488390303289117,-0.07403771991808501,-0.030473265826230278,0.2893081761006289,194.4543419722479,1.0
1.904936,63,120.704078,0.34328897621592946,0.023069757384696136,0.09737831053821565,0.17077820591312526,-0.007862548683733735,-0.02006087099243108,0.2671957671957672,205.9102134208917,1.0
2.276197,50,120.827341,0.31266097026263734,0.034477182298278286,0.06077282450680631,0.20523288591204966,-0.0235356322675374,-0.019211956018907243,0.24333333333333335,195.54752997713535,1.0
-2.773168,52,120.981082,0.33518851959443274,0.106798523125265,0.07075559132998686,0.17766060457328825,-0.07587692267598163,-0.02757137810941746,0.2932692307692307,195.92744316890887,1.0
-1.897245,46,121.09279,0.3168186512291828,0.10120247767567155,0.0678063818457328,0.20140108257553446,-0.07822150016673592,-0.03215372528290982,0.2644927536231883,188.60247761809865,1.0
-7.949022,49,121.219526,0.3450566131454048,0.1505352525131559,0.09023688525487161,0.16758668892900302,-0.11312640506389594,-0.002642614608490131,0.28911564625850344,189.05103086931703,1.0
2.579765,51,121.347001,0.31962378995059537,0.017515399616503308,0.06578619849835216,0.1973568730128727,-0.0020872642700479854,-0.00032866445089775544,0.2859477124183006,192.27744638706142,1.0
-2.342123,50,121.46895,0.33161365792857345,0.10143499297922935,0.07181385467641994,0.1823176280796141,-0.07365053601093166,-0.026155160082098214,0.2750000000000001,187.3903605802156,1.0
1.456518,46,121.607138,0.3091768607011871,0.021647569869497268,0.07334641996938984,0.2116329567646886,0.007076187863644815,0.010886033204961131,0.28804347826086957,189.99083503640415,1.0
-2.368348,53,121.739136,0.33499803134943823,0.10335762110437492,0.06920995939458498,0.1785654110844347,-0.07671222711897127,-0.02599618861987036,0.2987421383647798,193.22202853122883,1.0
-0.126471,51,121.861859,0.32730008165893876,0.07163603375843278,0.07778611684136688,0.1871792939574735,-0.05035619689440606,-0.021187293981153422,0.2826797385620915,188.00284373944697,1.0
-1.116621,49,121.987597,0.327707870797686,0.08136185119234239,0.05032145806001664,0.18858188027918135,0.06428539215790426,0.020775274867051295,0.27040816326530615,189.04978964131794,1.0
1.086972,47,122.108023,0.3090435347997914,0.05378686162533052,0.08608789147176554,0.21012359425267096,-0.036988670382487834,-0.014165309317357327,0.2907801418439716,189.6950311831932,1.0
0.913395,49,122.259998,0.314040346395034,0.06166213584456136,0.09355603090346457,0.20344610382102218,-0.04293497458516761,-0.02828500471122801,0.2840136054421769,191.3758060257034,1.0
0.947545,48,122.376464,0.31604562391813795,0.05208027820497856,0.07201009420599576,0.2008410237846814,-0.03232413009477646,-0.031082382677961342,0.28993055555555547,183.72070284038114,1.0
0.214169,51,122.499451,0.3258417231990488,0.0448245841561727,0.10605800385282918,0.18900055917038727,-0.032658453393584336,-0.05597856427904078,0.28594771241830064,190.27628409141636,1.0
-1.753033,49,122.618502,0.32099784689741945,0.0964491405655637,0.10722515371998721,0.1953961531808395,-0.07179996107037553,-0.04435418075088198,0.2942176870748299,189.17220356407546,1.0
0.960123,82,122.819785,0.38820150020204397,0.03119526499905785,0.05411592995540134,0.12355633266205679,0.013301349961128204,0.005741898187841042,0.28963414634146345,195.10667902324468,1.0
-1.794362,54,122.97279,0.3368530681082935,0.10020469800024269,0.07523196952713651,0.17671486894806035,-0.07310864398808475,-0.024542788992767073,0.2762345679012346,190.35402507458946,1.0
0.643886,56,123.108064,0.3335532835947126,0.06583980167859442,0.08868367936508938,0.18066471130216397,-0.04561478886522701,-0.035152297184459405,0.2961309523809524,203.53527187164838,1.0
-1.277551,44,123.220061,0.306941593127685,0.08914161081348113,0.09213464213116133,0.21140400929467926,-0.06100289267217262,-0.02491745342041429,0.27840909090909094,184.07596730564163,1.0
0.784218,52,123.349735,0.32530801417283667,0.06780372387490041,0.07801725000445581,0.1905631928753911,-0.04323445078827437,-0.033961521419351,0.27243589743589747,192.68895291359306,1.0
0.66628,70,123.545028,0.36407603033153213,0.05042292253951934,0.0890752894951459,0.14760811389332107,-0.034442426557293654,-0.002027502468286422,0.2845238095238095,196.7752310616218,1.0
3.128179,51,123.668307,0.3151148446990788,0.014242498821910471,0.07781371583591895,0.20316522356279124,0.003819328596178103,-0.01092874789665345,0.30065359477124187,192.0684835194963,1.0
-2.01013,54,123.796411,0.3370495213611429,0.09489133845677256,0.08740814094247853,0.17557615921065592,-0.06784316639869475,-0.024815408364610825,0.3179012345679012,195.2518875538201,1.0
-3.947665,52,123.92927,0.33785421876804367,0.11744812963787457,0.07926106911254961,0.17531714035191337,-0.08632412814860767,-0.021651272333235994,0.2900641025641026,192.49614699201473,1.0
3.271577,49,124.054633,0.3055637982037789,0.01678859674172481,0.08175369754418567,0.21423052197873807,-0.00420456081052889,-0.009455266030502922,0.28231292517006795,193.6565110012135,1.0
0.639033,57,124.222041,0.3437627803967821,0.037548713004859055,0.08331299201255009,0.16880337510703267,-0.023392373424757355,-0.012653140005590898,0.31286549707602335,191.29834109201545,1.0
0.811598,43,124.327541,0.29647989636983907,0.059123431310599696,0.06621960846073416,0.22864281177338175,0.04397706498955834,-0.012551804272914698,0.3139534883720931,187.35321408455238,1.0
1.557224,51,124.455245,0.3210502963437021,0.044076459714291534,0.07516272562053809,0.1949106965268205,-0.02772890821885029,-0.017699033707791436,0.3055555555555556,194.55534916417585,1.0
1.898744,51,124.581253,0.31731208241852193,0.020220147578570408,0.09771700831159676,0.1999231958095352,0.0011773720793515328,-0.00199959485472364,0.29248366013071897,195.63923313446037,1.0
1.304453,49,124.701986,0.31239614323673126,0.03416855165400227,0.09191567633931268,0.2067453148153061,0.024853578220882327,0.0033774268499152183,0.3027210884353742,201.42620153025882,1.0
2.239533,48,124.84824,0.3100752325186481,0.022192240285986854,0.07021559422510558,0.20897485706538563,-0.006255715850732865,-0.012069383466141495,0.3125,192.35740210127585,1.0
-3.411536,52,124.979186,0.33722698962342784,0.10653549355733813,0.08414702085290658,0.17541237628254172,-0.07492919385549793,0.010553487441673944,0.3253205128205128,195.2239813294103,1.0
1.36734,49,125.103292,0.3117877532955627,0.05395082873698832,0.06235689923339077,0.2079054090756188,0.03661239861575531,-0.01148803838195703,0.29421768707483,197.55956894352445,1.0
1.352794,55,125.240313,0.3356878539723853,0.016130778380440438,0.07320957370019116,0.17778376763816137,0.009862650472015766,-0.0021085667301930597,0.31363636363636366,196.4416242407652,1.0
1.623026,46,125.351447,0.3061682388005278,0.02840665302724637,0.08644367851434674,0.2140580245355894,0.020741887810849357,-0.01678187548398696,0.28623188405797106,186.82100513382028,1.0
-1.266796,57,125.579694,0.34342930023017515,0.08780190761568128,0.0837933622820588,0.1701903688570694,-0.06532969726640578,-0.0014788373125237553,0.3099415204678363,194.66216238970142,1.0
-2.990419,54,125.709167,0.3407948565586962,0.08884103704607861,0.10111616446576648,0.17181180591388776,-0.06590099933690101,-0.040292275929811085,0.3024691358024692,193.09791120414332,1.0
-0.398685,47,125.825177,0.318141837629753,0.06418275077902064,0.07931879231434893,0.20049491042179932,0.04812010834783588,0.015210883139558208,0.3138297872340426,190.23640792811642,1.0
0.847959,49,125.951015,0.32066450157190135,0.04999207214066535,0.06266431812973974,0.19622836710311267,0.03620371421949056,0.002155422477376823,0.304421768707483,189.15447814617022,1.0
0.796022,49,126.075439,0.317075552699882,0.0584971999883469,0.06602485581466781,0.20123592409218577,0.04455470353385044,0.01763057803150379,0.32482993197278914,191.090070083564,1.0
1.793299,49,126.220703,0.31737742163533456,0.03831620098985295,0.0563976400325549,0.1999965370590256,0.02954070076762706,-0.00041476151270758156,0.3316326530612246,187.9649844566238,1.0
1.372613,50,126.350626,0.3172456533921248,0.05942044548663125,0.08134816615387905,0.19887615205221898,-0.0348269392368549,0.009369809174596407,0.28833333333333333,190.25858761592804,1.0
-1.403417,48,126.468333,0.31159365145590456,0.10199789727403359,0.10467654765400049,0.2067138961054866,-0.07902085859062959,-0.053410582224322795,0.30034722222222215,192.68258941030467,1.0
-0.86401,48,126.597468,0.31944608680320735,0.08073329183307518,0.06763357235577308,0.19876747905405756,0.061430742289700246,0.03542955265807216,0.26909722222222227,185.6270421642959,1.0
1.726207,58,126.745085,0.3406381848748974,0.019741078713928238,0.0745391051057953,0.17376511855146065,0.008960291246511761,-0.016011611429700357,0.30316091954022995,199.4607529712255,1.0
1.817276,51,126.957967,0.31872013625095114,0.03867564874754979,0.09262600750424205,0.19829091060645737,-0.025807677780671258,-0.03389504206074151,0.32679738562091504,194.26105474225676,1.0
2.356998,45,127.109674,0.2969114442891665,0.01869563398839667,0.09915465631367756,0.2271514188778897,0.010375087869653306,0.020677548322773336,0.32592592592592595,190.7415978637163,1.0
0.937437,45,127.228686,0.3051338500715477,0.052899117159781885,0.06626694853127031,0.21671634933154166,0.03564279830032404,-0.0048556177780735375,0.2833333333333334,185.39528552683046,1.0
0.978943,48,127.350708,0.31350083348376717,0.06393065485182144,0.06692509279976744,0.20588215330404958,0.047992929827469104,0.027667230033390916,0.32291666666666674,189.61709100684962,1.0
1.191557,46,127.459592,0.3071466777221537,0.064030001643474,0.06365397793210917,0.21256553432965716,0.05156753756982637,0.015334742667657221,0.31702898550724634,189.7749412191565,1.0
1.156172,51,127.583714,0.3202217816304349,0.03510010345298752,0.09887007231972017,0.19675223738412317,-0.024145268219653203,-0.020722738472268427,0.3071895424836601,195.62289847710147,1.0
1.691912,47,127.716018,0.31109094158069944,0.02373556436054955,0.08269502849302846,0.20783196804286252,-0.011871270185975858,0.009890206000059026,0.29432624113475175,190.65965030073727,1.0
2.554657,56,127.853977,0.3331237974910218,0.03220771955822957,0.06260826879648451,0.18220464737674721,0.018103435893699355,-0.013938494478323111,0.3050595238095238,193.80898683995943,1.0
-0.14793,51,127.972339,0.32953935869245793,0.0616850546193504,0.06683175407120028,0.18559818578332313,0.049644110616201303,0.017633403546014045,0.28594771241830064,190.61356149287298,1.0
-0.912704,44,128.077067,0.3099666907662742,0.07825501175163856,0.08062837768597934,0.20929298481800188,0.06320535166922271,0.04662635475520865,0.27272727272727265,182.25970147864575,1.0
1.83624,43,128.179345,0.29534555002376395,0.032738830326258045,0.07468741376717394,0.22983513889588975,0.028114091530902593,0.005451096256736246,0.26937984496124034,190.82787740455726,1.0
2.507598,60,128.343909,0.3386322295805859,0.053990664382420644,0.07423549262435358,0.17593344403332753,-0.04024580995046832,-0.015202340537468122,0.2694444444444445,196.64623051091016,1.0
0.850557,45,128.451219,0.29921780769023515,0.07546080272365512,0.0693647501206417,0.2248362537240625,0.05903533205681987,0.028388780142819245,0.2740740740740741,189.4006698005191,1.0
1.901333,51,128.576636,0.3165787675618249,0.051679729504039415,0.060523583705965944,0.20128311999516568,0.035278044260647824,0.013450012403230703,0.28594771241830075,188.87724132183553,1.0
-0.322536,49,128.692544,0.3180174165558903,0.07753270864904216,0.062320586281262136,0.20010834844117562,0.0566590537517327,0.012848817859445694,0.26190476190476186,192.6068497437054,1.0
2.498313,46,128.804609,0.3010656366198271,0.02393493549163453,0.08153199997912247,0.2204571504275934,-0.013035373690172472,-0.005569644697953585,0.29166666666666674,188.42993851855462,1.0
2.142009,53,128.952543,0.32577840708571615,0.020692706262888536,0.08499996426573622,0.1909033734424563,0.010668710852022197,0.0034140161451759344,0.25943396226415083,193.69476275870312,1.0
2.27531,52,129.07738,0.3208012054696638,0.03182457319494521,0.07515393261967475,0.19569072764761147,0.022692931052133974,0.007981843651896475,0.2740384615384614,197.73766965051257,1.0
0.843155,44,129.183646,0.3020786094503628,0.038466202156783404,0.09553158722575694,0.22012961025662942,-0.027706085349963435,-0.030160764014672648,0.268939393939394,188.0816157621457,1.0
2.713013,48,129.302759,0.30468180551409735,0.01752617198595628,0.09423327768767593,0.2153839569207655,-0.0050424065817929195,-0.043441492455755994,0.26909722222222227,193.61012923236953,1.0
2.005917,48,129.424131,0.308431910543584,0.015182987546783775,0.0975198237732833,0.2107836742867132,-2.5290309168106847e-05,-0.033243706773236625,0.2621527777777778,190.93383918003806,1.0
0.038358,56,129.588898,0.333228376920826,0.06819027759484433,0.1113916886971544,0.18160240593488639,-0.04522546257326203,-0.007727328081645674,0.2648809523809524,197.4025374256642,1.0
3.09115,49,129.714734,0.30901461879391257,0.015532438342107652,0.06541186147816412,0.2106614962112199,-0.00018456556766130203,-0.018386248454359065,0.27040816326530615,191.81462446900534,1.0
2.925361,48,129.838417,0.3069679225372622,0.02112573353683513,0.07482083551055477,0.21182980658357567,-0.008763183730428961,-0.019870302159339517,0.26215277777777785,191.35627531959778,1.0
2.490988,52,129.970941,0.32042275280614807,0.026974370102367147,0.07363839129557992,0.19624873495031528,0.01678165190312405,-0.014446254402815063,0.27564102564102577,193.7263391167477,1.0
2.549564,50,130.093907,0.31030943162995467,0.015617205400802987,0.09431160849333829,0.2089166190485137,0.002817312049602638,0.0038904256931052063,0.28,193.11560292764355,1.0
1.577386,52,130.249692,0.318983571147402,0.0691643564696362,0.07333312192006491,0.1973557360322224,-0.050144357531520106,-0.027660831544503182,0.22596153846153844,192.73614282116165,1.0
-1.723531,49,130.368983,0.32503831435759606,0.09160870163523414,0.0845766525304489,0.19292960132751658,0.06916593847621041,0.04703467985525633,0.2602040816326532,191.90718868399105,1.0
1.772183,46,130.481773,0.3033724415874854,0.049767852126750806,0.06586895542967659,0.2176450789187828,0.037218433768905615,-0.009228402387835935,0.29347826086956524,192.584576645675,1.0
3.149688,50,130.604118,0.30655016138791236,0.030235152278509994,0.08746803470597257,0.2129073910217744,0.021122481873396586,-0.0013064055275389375,0.26499999999999996,193.15627934959585,1.0
-1.998527,53,130.730696,0.33054014849501195,0.08811581664288674,0.11609458033736451,0.18438998652394364,-0.06547002787790494,-0.009633899848383858,0.2641509433962264,194.71671912065807,1.0
2.78179,54,130.868303,0.32153418052237587,0.021603804080025334,0.08580671082708363,0.19533880197528747,0.013686562686637257,0.019664707972408095,0.26388888888888884,194.53448779354696,1.0
1.906807,51,131.033872,0.3158366041063436,0.04415176185604834,0.09066029522477738,0.2013629263002565,-0.03129584874402553,0.008484044896823282,0.25816993464052285,193.90039699069743,1.0
-0.227662,52,131.161131,0.3231484646939615,0.08367613109091877,0.09990707368776712,0.19314708854854384,-0.06105371284290076,-0.023711114078833233,0.2612179487179488,193.31391325550183,1.0
0.982972,46,131.276165,0.3037511388799058,0.05740691594382842,0.09365415633340923,0.21750120193692482,0.04388192762307796,0.013597960293275105,0.28079710144927544,190.2733845265414,1.0
1.202966,48,131.395535,0.31281120677506935,0.037927817038142096,0.1021303221687518,0.20507368213001645,-0.025566433789577295,-0.0445562774472382,0.2638888888888889,188.85838614433047,1.0
0.398018,46,131.503851,0.3076358671009905,0.07186216419739024,0.057845501317506966,0.21302493538510792,0.052218235262023,0.018134737911227793,0.2771739130434783,188.87416466333366,1.0
1.918228,47,131.63591,0.3062445003752821,0.030730620437725738,0.0792924660744317,0.21308241625868682,-0.021926720632590362,-0.025228976083342607,0.24822695035460993,185.70594367540605,1.0
3.280733,48,131.746969,0.3023867861023077,0.016091129802633403,0.08381818881894683,0.21782263287621992,-0.00858733230448405,-0.035449109297164876,0.24652777777777776,191.88660092422072,1.0
2.229916,44,131.856021,0.2938656694543747,0.022781166350101724,0.0890118095834824,0.22977860930181768,-0.011996237757905237,-0.04780368973163946,0.2727272727272728,189.3906410376613,1.0
0.99115,42,131.953329,0.29767854643066954,0.029160127357958854,0.07501902547963304,0.22635938877926445,-0.020913988677083443,-0.03564031890176595,0.2658730158730158,185.5475265324988,1.0
-3.223511,45,132.062288,0.31712096827072417,0.107266442768171,0.08728311858414863,0.20120091080715896,0.08050904944475269,0.04970122899357763,0.23333333333333334,183.76206981443252,1.0
1.297744,45,132.191564,0.2975547726153583,0.040410178592344144,0.10497717098033672,0.22662774602442334,0.02835882860100241,0.02129205514827934,0.25925925925925924,192.20396102131886,1.0
3.036437,50,132.320495,0.3120031253171718,0.018229080018564218,0.07459438450071788,0.2059469062791138,0.00405528955738616,-0.003649672442693991,0.24833333333333324,187.231111389487,1.0
0.218852,43,132.426754,0.2994504923845794,0.07901261043661102,0.06333824689229167,0.22450115721271352,0.06404451470234507,0.037429349938875194,0.2441860465116278,187.19076559055267,1.0
1.7232,51,132.557777,0.31608765679879836,0.05859875904648552,0.08043944308401173,0.20127413616190024,-0.04211933618942298,-0.03789108041897864,0.26470588235294124,195.00844163714368,1.0
-0.510468,50,132.692079,0.31968931362124564,0.08194767661046265,0.10089815123929223,0.1959680762358846,-0.06062957227581903,-0.07231810349766374,0.26,190.13999741505046,1.0
1.655778,44,132.811984,0.29961745412898977,0.0182281993287768,0.1015911980999392,0.2228548983279045,0.012194352010817588,-0.0018969445409274905,0.2518939393939394,187.76998434032146,1.0
1.434347,47,132.947451,0.30720289165305076,0.01472111997597992,0.10956696338007356,0.21287524784090572,0.005753932848275383,-0.02722174309188786,0.24113475177304958,191.6160670299033,1.0
1.460919,48,133.074111,0.3123731961179169,0.01707297388374842,0.09400366137650469,0.2057016338318213,-0.0017041000326167496,-0.012438642058670124,0.26736111111111116,187.89728969160808,1.0
2.37562,47,133.188027,0.3026121486335303,0.014972520313319533,0.09728553576542764,0.21820408465554184,-0.004708443013362823,-0.027937860305781305,0.22163120567375877,188.53175415416896,1.0
-2.976884,43,133.295259,0.30683203851220486,0.1171427290897198,0.08567870040886423,0.21316918344543484,-0.0863954753309585,-0.03890173374050693,0.27131782945736443,184.69553567367615,1.0
2.611676,48,133.411867,0.30656846092580964,0.016198529311350275,0.0812544016941534,0.21364865897263377,0.0007862184931615814,-0.030535385961976302,0.25347222222222215,191.5011689891738,1.0
1.019638,52,133.563584,0.3185449877279067,0.05691660466496139,0.11322158725518416,0.19791887323391302,-0.042119661582230794,-0.0639446961844081,0.2644230769230769,194.3141721329343,1.0
1.609388,48,133.681271,0.3084626333817104,0.01911136428599856,0.11537991587063272,0.21082716967400963,0.0017226967064067772,-0.021191022117100004,0.2534722222222222,196.7613715614493,1.0
1.924711,51,133.806118,0.3206568089010578,0.0173867250998574,0.08733157822728208,0.19655652665307585,0.0032907843879749154,-0.046825721122903834,0.26307189542483667,188.41991808454048,1.0
2.637988,57,133.94952,0.3314524540350534,0.015236840326466428,0.08402841724256818,0.18431166731207513,-0.004269175859315792,-0.03842857459711191,0.27339181286549713,194.09359344082685,1.0
-4.002893,49,134.07584,0.3245942941324264,0.12304240292699176,0.09904286507156644,0.18995857483886516,-0.09041181684742594,-0.02264011948097345,0.24659863945578236,188.29897978552694,1.0
2.287071,50,134.551533,0.31254908119974456,0.03257968217134462,0.08459169771081403,0.20668049486808107,-0.020610773297159688,-0.032022395240593665,0.25166666666666665,193.47121181479181,1.0
2.63429,54,134.693047,0.3221190548751177,0.023832383264591472,0.08670778270766082,0.19446545495126613,0.013047486218428427,-0.025117641254943937,0.25925925925925924,194.7963390529884,1.0
1.493365,47,134.813389,0.3087641395129122,0.045335421255584506,0.07203230377577372,0.2117170615281224,0.0352661772550698,-0.016991529467668774,0.28900709219858156,192.4127902671385,1.0
1.953115,49,134.936155,0.3077830419379434,0.0408114671965698,0.09159993431052876,0.21186188369295741,-0.02634955830014943,-0.013974439179927195,0.2534013605442177,192.91417736567277,1.0
1.350721,49,135.071825,0.31112605165223906,0.05480043877423019,0.08702097295048956,0.20742428399292087,-0.03442758393232535,-0.03965749903896058,0.23979591836734687,191.62504174375235,1.0
1.329524,43,135.181625,0.29326418639238744,0.058645302588347686,0.06459470631356097,0.23292004417059956,0.04329835197033958,-0.004579746617698175,0.2577519379844962,188.53908572331372,1.0
3.104858,43,135.315102,0.2856285757314122,0.021030193418256744,0.08721855436226385,0.24121921726591616,0.015265156385221993,-0.035618221119042205,0.24031007751937986,186.38425027587172,1.0
1.957858,48,135.431428,0.3092064025607222,0.04075480423497717,0.08566372204793275,0.20992156522899622,-0.02602840566072759,-0.0226269884225183,0.25347222222222215,187.13875014053346,1.0
1.815979,45,135.543858,0.29751399528708744,0.014962864842767602,0.10548619725302025,0.22588543607576422,0.007540626642992815,-0.005002604859638219,0.2722222222222222,189.7234608747711,1.0
1.898013,46,135.655014,0.3017806471399362,0.04261003477961956,0.09311871556418261,0.2196256193946842,0.03595829840048409,0.025159023122208853,0.25724637681159424,191.57376884653544,1.0
-1.965562,45,135.762369,0.31300437090271754,0.06514551723541234,0.1306867997400876,0.20507642694753814,-0.0474594654341337,-0.09017278332037387,0.2444444444444444,187.91814806723463,1.0
1.317188,43,135.901993,0.292666146611228,0.05584650241912541,0.08082614463795434,0.23420717360770332,0.0453812870921671,0.013164370670031206,0.2771317829457365,186.0373763359118,1.0
-0.081905,49,136.023683,0.3105012306972669,0.08505411177060913,0.10277321804850935,0.20802545883501947,-0.06334658494411288,-0.052264743056657424,0.25000000000000006,190.03893434404026,1.0
2.053787,48,136.145411,0.3069493873628626,0.02319846865990141,0.09639759055772738,0.21197384553901555,-0.010458977999845175,-0.025056088012238367,0.2465277777777778,192.03394009466183,1.0
2.748079,50,136.275214,0.3087027868210743,0.014643721993846627,0.08466420862281482,0.2118080061218836,0.003858137127689763,-0.021842126415586825,0.24999999999999997,189.1841100172755,1.0
2.453215,45,136.383014,0.2941697958130165,0.051337414239887295,0.056824878080502364,0.23103960189252845,0.0378863299462329,0.013493636568446802,0.24629629629629626,196.109139486647,1.0
1.543047,49,136.501539,0.31038117540307,0.05279531656821927,0.0826517816796587,0.20900880217404577,0.03926881167535419,0.027689265871470154,0.2568027210884354,191.43644386941196,1.0
2.655813,49,136.649612,0.30782737824076906,0.019109977610969758,0.08892748556371423,0.21141149674718765,0.0033366706813255046,-0.024736428301877507,0.26190476190476186,193.72052271137142,1.0
0.686254,41,136.752558,0.2888605125336979,0.050188167175562584,0.0957487010446976,0.23873015113430562,0.03938352793981681,0.025996542937030825,0.24390243902439024,188.80133238158493,1.0
1.475647,40,136.85243,0.27736711427065924,0.033407961767927374,0.09491923881890303,0.2556188173015456,0.022911227772157323,-0.039827067969337424,0.2833333333333333,185.45265817494283,1.0
1.995969,49,136.977268,0.3154014974261579,0.023784286717533114,0.06741097485878664,0.20297581858516386,0.017014209107672547,0.004595160451889427,0.24659863945578223,194.47304431677512,1.0
2.655,45,137.090122,0.29123607377534216,0.019642322856937178,0.09959078398926018,0.23435010054453853,0.01065961466814701,-0.013841625038040527,0.23518518518518525,189.4901075366605,1.0
1.872561,42,137.228302,0.28492105440895216,0.03486775976041943,0.08632283519631405,0.2444983565710565,0.02474025205288157,-0.00548821053759581,0.2619047619047618,188.35197814386382,1.0
1.873967,43,137.33396,0.2927859906421307,0.046684971927599364,0.06881425473661987,0.23351404124075023,0.03270997439526866,-0.0271444142299724,0.24612403100775204,187.9218061443874,1.0
2.062955,46,137.442709,0.3027853674867312,0.019306905190785748,0.08028994626060282,0.2196722135502011,0.013735745975352672,0.016835833059580557,0.25181159420289856,185.74124032356104,1.0
0.259714,51,137.568349,0.3301043413140072,0.047100953636853925,0.06588802426101058,0.1851177159769629,0.03638781482190203,0.01469723704901499,0.26307189542483667,194.37146892970145,1.0
2.359581,46,137.678422,0.3012958917162461,0.01721652072176189,0.07785178895368812,0.21936240614864347,0.004679252145979381,-0.03352072248789841,0.2735507246376811,187.27909405785874,1.0
1.744489,45,137.78345,0.29604276505313626,0.057142290954086385,0.08004725951111234,0.2276956446014885,0.04332028816535882,0.043147627905432015,0.2592592592592593,185.82038454509856,1.0
1.800709,45,137.96394,0.30017753892079024,0.03505712285617034,0.09143113166495571,0.22131597113640583,-0.022659780417080982,-0.050388847783463815,0.26296296296296295,188.46367716629032,1.0
1.8424,46,138.080434,0.30117434600820514,0.01759892984243529,0.0967625208947961,0.22053976162307504,0.007693407556680789,-0.019755204414914296,0.27173913043478265,194.44998139643513,1.0
-3.107944,40,138.179203,0.2900130585904798,0.13091956952683345,0.07616243128025688,0.23908858880154163,0.10466279208659027,0.0448669478679055,0.24375,182.47746733095363,1.0
2.037829,45,138.291081,0.29795805776168033,0.026645433958154597,0.07325974552496649,0.2246462308744906,0.01828165824392431,-0.013200771168697627,0.23148148148148145,191.18333395079105,1.0
1.567948,41,138.38599,0.2826895818282599,0.031856520344651265,0.10364441043228272,0.24715671828579952,-0.019557965458049387,-0.02107884578838183,0.24390243902439024,183.8157547954734,1.0
-0.329032,39,138.477515,0.2811762542735351,0.07613217057449663,0.10235368741183937,0.25299225048614754,0.06261980366280356,0.056439445988217526,0.24786324786324784,183.33286937274644,1.0
2.628954,51,138.622284,0.31305110899432204,0.04216778862276171,0.0694404020150889,0.2053081397025637,0.034142780056975644,0.010416348459306732,0.25163398692810446,194.26410580772708,1.0
1.431112,46,138.729259,0.30363634983006443,0.03929157739048245,0.09202256561811967,0.21752778385303195,0.031346548839836445,0.015194558685047632,0.23913043478260865,188.4990935295078,1.0
2.154785,45,138.838253,0.2975212946276843,0.03338537889696031,0.09589432555580979,0.22483051222573486,-0.015214892440937265,-0.011024031516121418,0.26666666666666666,190.9896450028867,1.0
-0.204948,44,138.943099,0.300577564990866,0.06838828339427896,0.10699122384457435,0.22145493826674942,-0.05333407565616798,-0.057270773870630065,0.22916666666666669,185.83995194141332,1.0
0.988434,49,139.064756,0.3140078596215346,0.06876866842085246,0.06941307067558791,0.20401845190435688,0.05334705829918501,0.02418555124238412,0.23809523809523808,186.6144528485442,1.0
1.527745,43,139.186272,0.29377264639861667,0.030110482390513567,0.09822868730604692,0.2302707270557639,-0.018993836044690557,-0.04387539379104452,0.2616279069767441,183.60401655301186,1.0
0.387793,47,139.301295,0.3078162413366042,0.06648833501209894,0.10237857107818665,0.21016219038364978,-0.04781778805968125,-0.04854150379256444,0.22872340425531917,184.7312240082787,1.0
1.441278,53,139.430635,0.3194646455882388,0.06765794161169413,0.09051633737667043,0.1975362544471132,-0.04828084531111475,-0.02418384426484152,0.2358490566037736,192.60674127055873,1.0
2.19088,47,139.547703,0.3046681507089858,0.033002057478682505,0.08285077287642828,0.21596841477356934,-0.01972740251799205,-0.011901086289909914,0.22163120567375882,186.71381112949243,1.0
0.553049,54,139.677534,0.3271916225375483,0.07541284874001522,0.07364536805804912,0.18931878140075092,0.05506857364487967,0.04076552253057089,0.21913580246913586,191.65416863127535,1.0
1.706772,41,139.776278,0.28909966587733693,0.016970487695989467,0.0913701427496231,0.2395230219709424,3.450504479994872e-05,0.005344710556199042,0.23983739837398377,185.9852010473904,1.0
-2.876021,45,139.904091,0.30755410816991835,0.11496991885585571,0.10591998957127624,0.21145078344755405,-0.08234153641778258,-0.029989672919906705,0.22592592592592586,183.7772476669003,1.0
1.810324,46,140.020275,0.29681532328525645,0.046501731995922134,0.11581763372686504,0.2264702050212182,-0.032825565222927344,-0.07358442343472502,0.23550724637681156,191.48413858387121,1.0
1.064005,45,140.133323,0.30012202615245726,0.06208489650177002,0.08297939659563663,0.2218623774721479,-0.04314080662306656,-0.0445086872695537,0.22962962962962966,186.4848400313827,1.0
3.24901,45,140.247495,0.2889375366579679,0.021758501941499007,0.0964249737133429,0.23727476803768546,-0.0022914611595579847,-0.014624151020975291,0.2148148148148148,190.83409894680275,1.0
2.942442,45,140.356373,0.2921490011854748,0.017136833443456005,0.08297309719017128,0.2330960088726569,0.010376848037254555,-0.012618779405351494,0.237037037037037,191.09658560616933,1.0
1.250714,43,140.484795,0.28876782747636964,0.03814468866680402,0.11817911526331701,0.2381375265707745,-0.028377900979034087,-0.08640837988196147,0.2422480620155039,185.07610064239734,1.0
0.302876,51,140.60996,0.3166869909410628,0.045677479083393126,0.13327095630215172,0.20079013568501744,-0.03233027312415879,-0.009286994013477342,0.2434640522875817,190.78304227350597,1.0
0.558602,40,140.708996,0.2848325885400472,0.05610912792319635,0.09920819891030545,0.24583963842241677,-0.039073881730936844,-0.045907202931788176,0.21041666666666664,181.3507056814178,1.0
4.58827,45,140.817231,0.28510779155476734,0.014351202305400473,0.06262291309390886,0.24299762709348605,0.0025257155397096515,-0.021313192769530215,0.21851851851851845,189.5828490809702,1.0
3.205374,46,140.936079,0.29637623529497387,0.01689229526025281,0.07312164791067957,0.22738880225149102,-0.000986648309499412,-0.0013927711451151546,0.20652173913043478,189.55723914759903,1.0
1.483462,44,141.050147,0.2989002861637964,0.040637655961337844,0.08973489933260533,0.22421379944288403,-0.02531790767492623,-0.051765369269945544,0.2215909090909091,187.26371963032017,1.0
1.465404,41,141.169316,0.2805436062981382,0.04800656523991853,0.11803711012636127,0.24955017397034976,-0.03175667147510148,-0.0790100882147462,0.22357723577235775,187.82593856157135,1.0
3.315419,47,141.289588,0.2997769772120333,0.0189953785052902,0.0705492483441385,0.22180125612274137,-0.006114756457594064,-0.013988053933462743,0.2429078014184397,188.48539201836996,1.0
1.58295,45,141.402423,0.2991792145896435,0.057560029297945306,0.0824392346219265,0.22355491444650752,-0.04128016420556857,-0.028488725326123385,0.25,187.3543811239733,1.0
0.982145,40,141.503801,0.2805460966773555,0.055202637981149334,0.09990194756188062,0.2518035756304332,-0.04025211292983806,-0.05069730992830196,0.2125,184.71844901705737,1.0
2.345546,46,141.618525,0.2931385577298181,0.06493034087275444,0.08320113891699597,0.23074039937901245,-0.04552589408666691,-0.04031739085159383,0.2318840579710146,190.7060016833168,1.0
-3.224263,42,141.719088,0.3059874673905408,0.1234360573036219,0.07456901447500104,0.2141662580696678,-0.08723072810167073,-0.03933685207219646,0.23809523809523808,180.0488572944225,1.0
-0.986053,41,141.845032,0.29010195229192476,0.09778238291617454,0.11078462925878194,0.23586008136435085,-0.06410479394924358,-0.016681837900538173,0.24999999999999994,182.3974118000392,1.0
0.039826,42,141.949208,0.290554224882127,0.07930116858557867,0.09589165583537244,0.2349813800653715,-0.059260172412348655,-0.026534536798961603,0.2202380952380952,184.69947107431182,1.0
2.116414,42,142.058297,0.2917770744070414,0.02799807000371659,0.07106901104524033,0.23500143202957258,-0.013722301006776627,-0.02596944976432797,0.25,185.46112450282226,1.0
2.599434,47,142.176976,0.2991048410769606,0.026995498212769697,0.08331769377820145,0.2235916253732963,0.011960394799522633,0.002350545090587507,0.23404255319148937,195.31705271564846,1.0
1.160091,45,142.291743,0.2954569897538474,0.0709235251237178,0.0909983896901463,0.22670738976786034,-0.05213765133334285,-0.05286149092085678,0.22777777777777783,187.85357963161513,1.0
-2.121552,44,142.397837,0.30331010006516324,0.10136617563163144,0.11601484958475616,0.2173798809106463,-0.07387291948855333,-0.027941998648818082,0.21590909090909086,187.99402125459255,1.0
-1.700174,44,142.539909,0.30298150579138505,0.10729492397847874,0.08948540391386858,0.21803844143889348,-0.07957400241024203,-0.04763105701918029,0.20643939393939392,186.12542883552473,1.0
0.292058,43,142.6424,0.28955263681649585,0.07786032008158064,0.11057341997144704,0.23554513236767824,-0.05788251477391454,-0.04273382322778818,0.2286821705426356,185.31029093578226,1.0
-2.829472,43,142.746835,0.3044378801195315,0.11980541279553644,0.09131153162114508,0.2164155535907136,-0.08707777363420667,-0.029969913124056426,0.2422480620155039,182.2635721210511,1.0
3.305358,50,142.874326,0.3068567837190396,0.01651983756579076,0.07799395217035313,0.2127836165754362,-0.0004284441872489728,-0.006346292407442219,0.26499999999999996,195.5601642901312,1.0
0.811197,46,142.994178,0.30501880460091835,0.04482541883451227,0.10913060002413028,0.21562167863489487,-0.03324792880272997,-0.024376594859592156,0.24818840579710147,190.54639852546896,1.0
1.943598,43,143.099446,0.2873801385358081,0.052975728329113264,0.09000822735936576,0.23894069529274045,-0.037277556842796274,-0.012843942849891215,0.21899224806201548,187.728628869526,1.0
0.033912,40,143.245984,0.2810036267737431,0.08680549119122823,0.10462006232627562,0.24980519050668498,-0.06610982974310442,-0.0556796559300343,0.22291666666666665,180.6696303632052,1.0
-3.056776,43,143.352114,0.2981080655742377,0.12719965181717185,0.10651833835845731,0.22408021295954855,-0.09466083691418099,-0.03230646863908361,0.22674418604651161,187.54813186393707,1.0
0.414172,40,143.458033,0.28108046709571155,0.06217696625815096,0.10400609695612399,0.24882184102019553,-0.04764723334785187,-0.04940408045189225,0.23541666666666666,182.691666856397,1.0
2.749004,48,143.573014,0.30113969830141935,0.03084440652871394,0.0839574640471691,0.21961792681224715,0.01859533021324421,0.007087802695691067,0.2552083333333333,194.96853213804783,1.0
-6.252323,46,143.685714,0.32523126558937704,0.14792113315051245,0.10028691798856329,0.19042558505935436,-0.10888725362589144,0.016290930344309097,0.23550724637681156,190.8087890426954,1.0
-7.252163,38,143.781929,0.30056399794127237,0.1735791962557853,0.08767075191426774,0.2255347265477284,-0.13438713980286582,-0.026176140930915262,0.23245614035087722,174.90915834307168,1.0
-6.142121,43,143.914206,0.3080105377857282,0.15039999330303214,0.1277994095893783,0.21154057682693928,-0.11328846859864257,-0.052788553899401916,0.2267441860465116,183.7032650264198,1.0
0.119699,56,144.06046,0.33208685670410626,0.09366301450747998,0.07324021839399251,0.1816619607592934,-0.06365668084964142,-0.013034167895756694,0.23065476190476195,191.3463251983273,1.0
1.641314,41,144.165041,0.2823307160164054,0.05832264228956384,0.09058027230737835,0.24521020234252108,-0.03844878329329093,-0.039165240404584974,0.22154471544715448,181.54453347276097,1.0
-2.086543,45,144.280836,0.3079577248035351,0.09901134759414036,0.1019898276115376,0.21076285799992367,-0.07364579926378705,-0.054424763692727654,0.23888888888888893,184.51983971632006,1.0
1.281775,45,144.388665,0.29480087829515617,0.07268953734257928,0.09667901766824741,0.22769784430343232,-0.05247381144393987,-0.0487816087553033,0.23148148148148154,188.31159147011186,1.0
-3.189834,40,144.510297,0.29100081476183576,0.1263711206014039,0.09509260454815303,0.23538922670573825,-0.09602395066290707,-0.04492162325376366,0.225,177.86838795405262,1.0
-1.613407,40,144.609238,0.2834409954815856,0.12848341058300478,0.04752005015166938,0.24817913268227404,-0.09801989182243101,0.006073384973596556,0.22083333333333335,187.64003068988532,1.0
-5.466416,41,144.711855,0.30341982607042317,0.15631347595590067,0.0833581190359437,0.21783256408640733,-0.11585239121759469,-0.04105872932417219,0.20731707317073175,181.17398959365434,1.0
-4.042473,44,144.824674,0.31466308462075604,0.12726283307839767,0.08232073055705817,0.20325828434797916,-0.09522081835570825,-0.01900491450985767,0.23106060606060608,181.74957240120403,1.0
1.507458,44,144.929461,0.2937574979862706,0.06402040515220768,0.07290970236844801,0.23045991910922117,-0.04665202747476536,-0.016533025465256927,0.23106060606060613,185.49665680951716,1.0
2.164869,42,145.042064,0.28855769359062583,0.03025819931875784,0.08354973542975241,0.23924266467390415,-0.01592778044644955,-0.029284921285366777,0.22619047619047614,188.77095316571626,1.0
1.526839,43,145.201438,0.2925606841373931,0.05011796648893406,0.08735554123296263,0.23224088641603363,-0.033168309141835224,-0.03346122224792408,0.22480620155038764,182.197587415006,1.0
1.997258,42,145.303332,0.2864171980415926,0.02460271059825136,0.08398623738717102,0.24054792009088796,0.013749619593314272,-0.024855456687949255,0.25000000000000006,189.8173291096874,1.0
2.099504,43,145.408546,0.29126531798724853,0.021589397589571426,0.0837271638460898,0.2348393742145492,-0.005366998315202748,-0.025780702117812693,0.23062015503875968,191.3355073250316,1.0
-9.514711,42,145.515906,0.316050822292405,0.18873089247107416,0.12741617518910095,0.20274878541524988,-0.14317267756439214,-0.06245377251851344,0.21626984126984125,183.4449876169721,1.0
-0.53674,39,145.608157,0.27990572367260586,0.08443256385741367,0.10202111726713867,0.2519453350978581,-0.06158976509977284,-0.03261970227438404,0.23076923076923073,181.07661751903314,1.0
0.473884,41,145.702025,0.28691555476647995,0.04857659294132595,0.11470936542993385,0.24099192378042375,-0.0344731972544535,-0.07048721763479739,0.20325203252032517,185.6224408024514,1.0
-5.392142,40,145.800021,0.29886250844324136,0.14327804748945,0.11730354122548184,0.22373846116169133,-0.10996265807576991,-0.04190470900446402,0.22916666666666669,179.7715189732025,1.0
1.683089,43,145.929041,0.2929073250453716,0.019355621932233558,0.09360505196204533,0.23121811518859767,-0.004434725276078496,-0.03472988386381357,0.23062015503875963,192.7199042224565,1.0
0.767032,45,146.033683,0.29867464605762784,0.07123875966846423,0.08515541696373667,0.22271231078032447,-0.05257412530434205,-0.04360507035091298,0.24259259259259253,190.03161254789012,1.0
-4.06818,42,146.131211,0.3042734487935659,0.1268280301712224,0.10589248025357945,0.21693481765517836,-0.09559444086445715,-0.06277213108048921,0.25198412698412703,184.5586850633943,1.0
-3.906567,46,146.234146,0.3114989477079831,0.14240634658162357,0.10371093388691269,0.20738136651483768,-0.10284932526875265,-0.048851846455480546,0.23913043478260865,188.02544043526407,1.0
1.526079,42,146.330572,0.28932980329197416,0.03262275507148689,0.08213881478104224,0.23834742415501756,0.020967310657386568,-0.009330956458423847,0.21626984126984133,190.37289907929667,1.0
0.612117,44,146.460856,0.29720783585583316,0.04967755303055526,0.11653955978232469,0.22592909682293535,-0.03506207365090139,-0.010085817860820068,0.24810606060606058,187.05246236424682,1.0
0.945995,45,146.569664,0.29964754021782186,0.05364560458689475,0.09236740400634746,0.22183048037803765,-0.0364175087813383,-0.049968130411812924,0.24259259259259253,190.6949126976371,1.0
-8.262455,39,146.66153,0.31564604911766503,0.1779243707581508,0.08847997971978766,0.2061781470226816,-0.1336685881840338,-0.037963572251876423,0.2478632478632479,175.5503523848212,1.0
-1.150076,40,146.758047,0.29049446116125793,0.09197543078551591,0.08857827954295126,0.23763809876138464,-0.07313766249982825,-0.06146496581488965,0.2791666666666667,182.99116344463383,1.0
1.647823,47,146.878561,0.3060818066596568,0.02967161206226096,0.09994605381755581,0.21331901137267475,-0.017407598737348928,-0.047302612029951153,0.24999999999999997,188.35708687487667,1.0
-3.019488,43,146.990366,0.30481953771686804,0.12379544530336985,0.0869235254021152,0.2155327251943026,-0.08915674570559023,-0.05725506940244594,0.246124031007752,180.49351989062768,1.0
2.714194,43,147.129701,0.28499571592490774,0.025049522183630466,0.07625722456052089,0.24455546655364024,0.01597837238173749,0.0014359235094530442,0.24224806201550386,193.35082651852028,1.0
-0.100002,42,147.239743,0.29016235262011925,0.10447894059636886,0.06218607471522843,0.23573332721361748,-0.07564493645231456,-0.023150004822806693,0.2579365079365079,188.50961969348958,1.0
1.315188,42,147.34092,0.2908197126461808,0.051827863367975825,0.09139358320348069,0.2345426085613044,-0.035753762463861485,-0.05782192645454579,0.253968253968254,184.80167012580736,1.0
0.25923,45,147.454267,0.30088260742349276,0.08584794559886216,0.07865355028535663,0.22064259748435672,-0.06300481324942742,-0.02402430061396578,0.25925925925925924,189.948437076254,1.0
-1.558968,40,147.551317,0.2930305188822851,0.0986732276684484,0.09541363355779714,0.2337841082470856,-0.07694853125765058,-0.05908932415742878,0.26041666666666663,180.30285911563686,1.0
1.961356,42,147.651044,0.2891313906218674,0.03646798268390894,0.06860672689111007,0.23772365728369874,0.02906210039849038,0.004412271787077778,0.27777777777777785,188.29078640834777,1.0
0.88751,47,147.803037,0.30779923289465716,0.06694051130937595,0.07575085368811345,0.2114004556568131,-0.04589863398630934,-0.024293577190039623,0.2624113475177305,191.72359426467557,1.0
-0.728161,45,147.911761,0.3031105677688981,0.09056847356329771,0.09925613967522193,0.21689663648933116,-0.06521789912484763,-0.06286539318526288,0.2592592592592593,186.52817340006757,1.0
1.219445,48,148.02899,0.30663488475506884,0.050483249722953254,0.10963585442026035,0.21409158184493773,-0.03586017594821365,-0.005619915845184395,0.2743055555555556,197.63025874114138,1.0
-1.338576,46,148.137868,0.30477682069345197,0.11169034882425344,0.08906068221098352,0.21569845295119053,-0.08022927763699014,-0.008258104770535674,0.2518115942028986,191.04108596420426,1.0
-0.348354,47,148.253918,0.30788220530183963,0.07594624741136714,0.1176673224391494,0.21111830277498855,-0.05478610814116288,-0.04453508013346481,0.25,187.78225952974665,1.0
-0.030185,44,148.359989,0.2964953095746923,0.06609420978021094,0.11899042413724678,0.22684127760694348,-0.047631591933421924,-0.05288889983922536,0.25,188.47012385271807,1.0
1.608013,45,148.492563,0.3012959801090871,0.019038253589979685,0.0933489144541975,0.21991491263315946,0.00921095294592091,0.024467295549913073,0.27037037037037037,191.76051775726924,1.0
0.838698,39,148.585149,0.27933003192224365,0.0689578620587818,0.08630797319614626,0.2547496608832351,-0.05243040091185973,-0.04912189693336653,0.2799145299145299,184.47221633604406,1.0
-0.150449,42,148.693364,0.29444977312215226,0.08553146972942381,0.07707606236288544,0.23047204681516606,-0.06466911434107564,-0.03808252925461518,0.2916666666666666,186.29538843816132,1.0
1.690367,43,148.801448,0.2903758159125663,0.04242631631234861,0.07401968450910483,0.23617632013019663,0.03140568797032093,-0.006213082913688884,0.248062015503876,187.48020784087018,1.0
-0.982714,42,148.902711,0.29437215100390474,0.10133826779653145,0.08277397325042922,0.2297066509507209,-0.07375935014917226,-0.04318061963458647,0.24603174603174605,184.56813736326635,1.0
1.883707,43,149.007725,0.2912381086111294,0.020423225865105494,0.0863185230276537,0.23406105298914848,0.008776090552697314,-0.057367780288367025,0.2771317829457364,186.46046899583436,1.0
-2.55543,41,149.141478,0.2953700171887033,0.11760713913779003,0.07744013745410029,0.22932797564890922,-0.08624193150061936,-0.0239653695703578,0.24796747967479674,185.5256408716679,1.0
2.717998,45,149.249539,0.28949360189993856,0.041355850254376665,0.10162316616859633,0.23522356894250154,-0.026233265761394432,-0.02755414208436799,0.2666666666666667,188.22117823460223,1.0
1.994005,43,149.35605,0.29412432462499355,0.02496252768077274,0.06401193717179147,0.23065058504728048,0.017184848880172295,-0.017931518801060115,0.24806201550387597,190.67834279231977,1.0
1.989831,46,149.465716,0.29869419129645286,0.052329575385082566,0.0720065086441464,0.22456640610133596,0.037832248042847176,0.005091345917196115,0.24275362318840574,190.29415879197265,1.0
1.060336,47,149.588463,0.296852671983791,0.08474644971244998,0.10492431410293851,0.2245931700750164,-0.06196730412041648,-0.044521213062684487,0.2570921985815603,195.64338022353394,1.0
0.870603,45,149.705728,0.3029853875360604,0.03204741302288104,0.11355898120741817,0.2180916620980634,-0.02055347156162278,-0.04574669298656605,0.25555555555555554,188.7686161152895,1.0
1.519955,41,149.83269,0.28580432592849614,0.04276657589453351,0.07848902362337383,0.24489975293544605,0.026423451404276103,0.008653061301429343,0.24186991869918703,188.49088687706714,1.0
2.031004,45,149.943225,0.29736085335833423,0.05348770331163914,0.07335933579916322,0.22491801335384823,-0.03936339230125303,-0.03796480545541054,0.25925925925925924,190.65833905006124,1.0
-1.954722,46,150.054937,0.3093000972202383,0.10177768008216001,0.11300383079023177,0.20980889889946908,-0.07296002887578311,-0.05124350721585016,0.22101449275362317,188.6367615534273,1.0
2.132358,47,150.170858,0.30099578497356655,0.04154725186446709,0.08459570987623882,0.2188682165338367,-0.024135966232149402,-0.03758576668620084,0.25354609929078015,194.13740422550697,1.0
1.481548,48,150.288335,0.3059828889327956,0.06136392822491721,0.0770758078836243,0.21440555225952376,0.04568697645320091,-0.02748104132763508,0.2673611111111111,190.47280364510243,1.0
2.008517,44,150.423377,0.29201289430275074,0.05225636253828864,0.08037858509767545,0.23343093624330677,-0.03333202176364763,-0.013546851213182453,0.26136363636363635,195.39133102400865,1.0
2.208941,48,150.53621,0.3097077464105003,0.0472371478940202,0.059839903955492095,0.20940792561193353,0.036801583966983555,-0.011721495485672325,0.24826388888888884,190.88404917107835,1.0
2.098917,41,150.635723,0.2829770033977077,0.02740597177886949,0.09614743711680478,0.24755376422843658,-0.013389079947049227,-0.020990343904156987,0.2398373983739838,183.83055197573088,1.0
1.803019,43,150.73596,0.2921801714488063,0.031048962503722598,0.08493266430621783,0.23145887722707426,0.023021198833346385,-0.018394784475713615,0.24418604651162787,185.90820591810018,1.0
2.003236,44,150.8464,0.28962650223203973,0.03322084041739177,0.11436910386564512,0.23674310594512515,-0.019234442573072198,-0.06281866090362893,0.2708333333333333,193.9429795118315,1.0
1.281052,44,150.951086,0.290893504104204,0.07062847247087649,0.09741978538547374,0.23357435730313544,-0.05271095905662564,-0.049618211855869815,0.2140151515151515,186.07386013335497,1.0
-2.054824,47,151.099143,0.31523776858313596,0.10093551843987933,0.09187732044733515,0.20176279724575422,-0.07561371848139813,-0.05645166368981918,0.2464539007092199,184.71261778171856,1.0
1.988901,43,151.204991,0.2931215762467054,0.02090968316932484,0.07954896540729103,0.2313991574769694,-0.0051815219201017506,-0.048200327054016064,0.2344961240310078,191.32217775810577,1.0
2.272693,44,151.309394,0.2917794785214716,0.03438949273071147,0.08109237234381568,0.23313128173495537,0.026920879906991383,0.021535492605923093,0.2462121212121212,189.0834836586146,1.0
3.246788,44,151.417715,0.2836110886384132,0.030815672463185242,0.09939938717113542,0.24448434822580314,-0.016042411133961283,-0.054544406681734665,0.2405303030303031,190.17996397451404,1.0
-1.548447,46,151.525191,0.30283641777267306,0.11752127429815228,0.09370527030376086,0.21761461101523852,-0.08342495343584515,-0.04458168069200859,0.22282608695652178,188.26721875418534,1.0
1.749329,48,151.63732,0.3069991494382673,0.05535775234183079,0.09064830633052641,0.21209565122830645,-0.03881974431422745,-0.05505457453113335,0.22743055555555555,190.01073077811577,1.0
1.496198,46,151.765542,0.30582544548536,0.025430903019329414,0.10011391413682759,0.2136158558105442,-0.009740062908039363,-0.015338636431556987,0.2518115942028985,191.66398832976788,1.0
2.304085,42,151.865009,0.2829803787335696,0.018065859337606432,0.1023676983351054,0.24777658574410252,0.0024151434978967627,-0.05907716725190766,0.24603174603174605,191.55500941485622,1.0
2.895898,44,151.966978,0.28504411877503577,0.017713992214040207,0.10617745434771288,0.24252729401261286,-0.005420528404017609,-0.05071866813882158,0.24431818181818185,194.2414880358574,1.0
3.183035,47,152.078358,0.2997748274474769,0.02873649141317225,0.0726303371039204,0.22234499499419524,-0.017529725261950006,-0.023319613374158936,0.22340425531914893,192.75534642622623,1.0
2.836305,55,152.21153,0.3264261158114083,0.03580864248748058,0.07328382721276576,0.18867207765745925,-0.024641507380605138,-0.03586793081668367,0.23484848484848483,192.139162743231,1.0
3.340702,47,152.345842,0.29691669363962425,0.021408123056147036,0.08091356964045841,0.224609990951272,0.005561125966850469,-0.011925216271856722,0.23758865248226946,191.9489115838176,1.0
-5.11776,45,152.450435,0.3151541739427506,0.14749117701624204,0.09539182014829449,0.20093927390585845,-0.10378615033818388,-0.04865501692969751,0.25740740740740736,182.77555240208702,1.0
3.327703,47,152.560929,0.2999578982369152,0.013458766958840693,0.07959240442160675,0.22017913287861726,0.0011056856277290906,-0.03549931058704554,0.2464539007092199,189.89193036047877,1.0
-0.344787,51,152.680979,0.3205467189616615,0.09383169152638675,0.10048980875167059,0.19483600488679134,-0.06519463784714888,-0.05109846158814557,0.2336601307189542,187.7439590308007,1.0
1.531606,40,152.773873,0.27817876778636,0.02617181576720281,0.10600522323615483,0.2555464552310992,-0.007489130316639529,-0.06662144874590994,0.25416666666666665,189.1980730490252,1.0
3.157969,46,152.881235,0.2962516618571887,0.01784713042969331,0.07818015792211218,0.2259561784647487,0.005627927383886291,-0.006177338769839321,0.2590579710144927,189.68349030012695,1.0
-5.986483,47,153.015634,0.32434160588602445,0.1587377788151616,0.08627498118546248,0.1906086667992561,-0.11290604941187782,-0.04576063933558786,0.2748226950354609,184.3705661044146,1.0
0.389193,43,153.116367,0.2939297834931785,0.06869352543489692,0.10918091633409473,0.22980543398860345,-0.048527355313685884,-0.06296025989777919,0.2596899224806201,182.2147783656766,1.0
-4.635085,42,153.215005,0.30657884248373174,0.143603665320509,0.10612316621820023,0.21314412861079257,-0.10269926467843682,-0.03735909383833836,0.25000000000000006,180.38721491161854,1.0
-0.018178,55,153.338301,0.32705191567192504,0.09116668511507305,0.09368690738641469,0.1874216599809264,-0.06057600931092292,-0.046005265988700424,0.23787878787878786,194.50936545602033,1.0
-0.069136,48,153.44838,0.3104277390966766,0.06544224324082085,0.10759648799139879,0.20805456044280482,0.05072609746289016,0.022089111339572583,0.24479166666666655,189.65075647871183,1.0
0.898421,49,153.591029,0.3096649315932263,0.06837994796780243,0.08202745040509614,0.2081409719303764,-0.0490790875439683,-0.0047197534849514455,0.25170068027210885,192.673956860522,1.0
3.443608,44,153.693929,0.2894422312521842,0.016120847704571527,0.0608429364101567,0.2367010677597311,-0.0013564433053577915,-0.018627587727632223,0.23863636363636365,192.4632989981665,1.0
2.786802,49,153.810648,0.30388030996856624,0.033593108239908465,0.10241976839581371,0.2160366010604752,-0.01879542793755594,-0.017338750758580105,0.2653061224489796,191.6942005882927,1.0
0.539455,44,153.912967,0.29303951279177287,0.08509900840378612,0.07877091068447911,0.23182385826349272,0.06563781906142478,-0.00014862082167413785,0.23295454545454541,185.30563659820277,1.0
-5.12155,52,154.02959,0.3342105744230173,0.14547728392562054,0.08585279014097173,0.17912551965549198,-0.10046663652239561,-0.009744798859697009,0.27243589743589747,188.2581051628855,1.0
-0.591698,57,154.191654,0.33471719563136787,0.08688646263079816,0.10628298321734593,0.17950875033339508,-0.058181144343817416,-0.04265588348094939,0.23976608187134507,194.91889061456533,1.0
3.279414,44,154.303664,0.2875761788811701,0.022422810416379356,0.07697841664300341,0.23807134529456625,-0.009332611840849691,-0.039981495142858585,0.2424242424242425,191.44433636360534,1.0
1.773225,43,154.401545,0.2934075516079938,0.032094274932774135,0.06307518981830995,0.2319589069209558,0.025521751500775555,-0.012791336040977604,0.23837209302325574,191.7286094831077,1.0
1.205595,44,154.503821,0.29665580079608583,0.05220461038703214,0.07242343893868888,0.22587396567681395,0.04080096081143219,-0.014438642441541048,0.24431818181818177,187.9832836521456,1.0
3.389915,45,154.60506,0.2905549517368757,0.025378503711019365,0.06543600721586156,0.23433825696528848,0.01667092494830101,-0.0002956013095307772,0.24629629629629624,193.21255523555342,1.0
0.799902,46,154.713727,0.3016779533240248,0.0609905792518588,0.10257445281210593,0.21876630854589704,-0.044813093680018935,-0.038610183302412136,0.2355072463768116,186.76669219177592,1.0
2.19271,45,154.845254,0.2957181731636176,0.016400864051199202,0.09315333555913705,0.2285848102057978,-0.002383209227189591,-0.0030865863430026724,0.25555555555555554,192.7153694885529,1.0
3.452344,47,154.957208,0.29397106034485293,0.023624796049310382,0.08999126784930161,0.22849212710753114,-0.011624711016674028,-0.02160008112536005,0.22163120567375894,190.4879481521217,1.0
-2.291671,47,155.079792,0.3152260439264856,0.10277170902756744,0.09229344050144661,0.2030392419427004,0.08184939067081028,0.05994526502773316,0.24645390070921983,190.46771605139713,1.0
1.661972,43,155.185261,0.2919935075808967,0.021482553662109095,0.10430287449395524,0.23334258002971528,0.0005095394416348628,-0.06735991156638535,0.2151162790697674,188.72240652316466,1.0
3.694079,52,155.318133,0.31298127306118306,0.022273553411002078,0.08006171259208156,0.2047775138546557,-0.007436646661538397,-0.02550306698059058,0.2612179487179487,192.7862893967848,1.0
1.250255,41,155.416707,0.2831155883793548,0.06565837646706334,0.07499363279568098,0.2484097395549594,0.05245051770288456,-0.02070348528688555,0.25203252032520324,190.81529972029458,1.0
2.72326,42,155.54662,0.28432919955272695,0.0434016078598877,0.052282586893138736,0.24487440261381876,0.03042618472562135,-0.011665205995983549,0.2817460317460317,184.2300517596149,1.0
2.722486,48,155.660785,0.3050203940815526,0.0183944879082082,0.0942700199222088,0.21408847588929228,0.0024301297710988827,-0.04042605173775679,0.22222222222222224,188.68766067178282,1.0
-1.120708,44,155.766391,0.2978835865906472,0.10790686996611366,0.07433323712154585,0.22419607371801178,-0.07916608854737085,-0.003978712499842111,0.24242424242424238,193.9840540707234,1.0
2.68739,47,155.87767,0.29725740267281,0.028222612876252905,0.08808823248443941,0.22449181886652586,-0.012757609960401487,-0.029504096915411986,0.21808510638297868,192.82598457726934,1.0
3.06237,49,155.997756,0.30581260924957665,0.02504427127150765,0.0779223226416883,0.2134321100622579,-0.012286283844093708,-0.01983373952786853,0.24319727891156462,192.57966979410935,1.0
-1.618534,44,156.119718,0.305249247819787,0.10565414740884266,0.049801026905856,0.21628987885971995,0.08178215150207263,0.020427700890882285,0.23295454545454541,192.3385459029063,1.0
-1.067389,45,156.2295,0.3005111019364988,0.11507662290979011,0.07905332450510362,0.22030340012054764,-0.08045148731167122,-0.04885523973495705,0.22037037037037038,181.03106560108316,1.0
2.83865,45,156.331451,0.2960747332287053,0.029364106315449598,0.0610853916801568,0.22664457203057234,0.019349575646735707,-0.012726948185151797,0.2296296296296296,187.11602236843586,1.0
2.040065,47,156.441977,0.3071356460276909,0.02941128916465761,0.062229443186064055,0.21286973195642955,0.024359085846738522,0.0034698518968805875,0.24468085106382978,190.5381717054344,1.0
3.679576,46,156.549171,0.29143278955522806,0.020434420070723238,0.08728003233236489,0.23319255889138457,-0.006964889090852075,-0.023344522553835532,0.23369565217391297,187.9690342567828,1.0
2.670972,44,156.644329,0.29259433299787635,0.015914174830988153,0.07568963648945727,0.23312333798804294,0.007744932591831933,-0.04317827273602271,0.21022727272727276,187.40891419781812,1.0
0.966976,43,156.772027,0.2913604590613245,0.06547216377554112,0.06809542107743057,0.23453863650950801,0.05190295573684455,-0.01280330521976428,0.23643410852713176,190.16116818447713,1.0
2.873736,57,156.966265,0.33217223487280184,0.03525294426352757,0.06049546746183681,0.18329408564995536,-0.021474905601615957,-0.017004412365975802,0.21929824561403513,196.97991724008492,1.0
2.745969,52,157.141638,0.3182915022133523,0.019844456590164445,0.07442083595315765,0.19738650438084798,0.015514851598233518,-0.01816008095540422,0.24519230769230768,194.59787768154513,1.0
1.722971,49,157.263326,0.30993860936577117,0.04575396734181802,0.09720005796985734,0.20752954203092505,-0.02778641958875214,-0.05148101497559443,0.21768707482993196,193.6355172781325,1.0
0.287177,42,157.371401,0.2895133170919969,0.08471981138298776,0.07472041542383454,0.23655653546814606,-0.060600363096795694,-0.021363259972272546,0.21825396825396828,185.44620876199923,1.0
0.998382,48,157.513482,0.30847568965432814,0.07829837533021097,0.05700397442180733,0.21048327170039371,0.05968844274346479,0.006492127043760097,0.21354166666666663,189.2456204891847,1.0
0.595282,49,157.636148,0.3098623613366255,0.08112586113565988,0.08867666185061161,0.20682823606340467,-0.05648565108899702,-0.052369722349836084,0.1836734693877551,189.20070625838974,1.0
1.844576,48,157.748207,0.3025116844242908,0.05570204867974318,0.09845085304064519,0.21744694849942245,-0.03816035218414076,-0.0603306724554481,0.22743055555555555,192.76582033382203,1.0
1.267945,45,157.858393,0.3014679089872246,0.0539527170612894,0.08226619967916991,0.21910995519277046,-0.03565471914295957,-0.04333098740066379,0.2166666666666667,183.91905167003128,1.0
0.885622,51,157.978771,0.31862061478131865,0.05344900791864555,0.09831236025863316,0.19712066593572947,-0.036862699625898276,-0.028537874825062065,0.20751633986928106,189.95128128908237,1.0
2.063912,49,158.095933,0.30996485690367825,0.038267885157077415,0.0802728850000006,0.2079318711723445,-0.02472091285949234,-0.01838142987472104,0.23129251700680273,191.9420565259488,1.0
-0.102357,50,158.252828,0.321145760594032,0.07297231553529591,0.068629006945411,0.19574819574229216,0.05503862567574727,-0.0037880783055930295,0.2166666666666667,186.9688532295472,1.0
2.154786,47,158.366173,0.3029001397099146,0.018171389520224016,0.09112221606770442,0.2161844543293113,-0.006918740064893234,-0.057565779185594,0.22872340425531917,186.4203351842609,1.0
2.500954,44,158.469309,0.28945418961618197,0.02389413388393907,0.09151761539833292,0.23487598166859058,0.014252264779943298,-0.04207606613993907,0.240530303030303,188.10611649923285,1.0
-3.364335,44,158.575801,0.3059114407960974,0.1261794570345766,0.09295440772999362,0.21521957613818285,0.1006594891377898,0.06440388798892396,0.21022727272727273,190.1122548891054,1.0
0.039656,52,158.701459,0.32502257561119147,0.06803955807365282,0.09171338881835787,0.18919585312810294,-0.050385184078303946,-0.037811958487797365,0.21634615384615388,192.74983131647156,1.0
1.278702,49,158.83801,0.3129225153147839,0.0441290163965548,0.08928869222818024,0.2041161971718388,-0.03018638156813066,-0.04809402799016187,0.23639455782312918,192.8481238330682,1.0
2.980133,49,158.955357,0.30572495319685217,0.028923040579429987,0.0778614265598196,0.2136809037299876,0.01845791385926021,0.006870683612148786,0.22278911564625845,190.5310114481217,1.0
-5.930046,50,159.082195,0.33235871343931106,0.15555775314690623,0.087894941576944,0.18063168259231163,-0.10953888169573611,-0.04063065962089831,0.22166666666666665,187.1703367024638,1.0
1.78795,52,159.213812,0.31446582838126064,0.06370601074446286,0.09778776215335505,0.2024621449096498,-0.044672478087907204,-0.011136817549736274,0.24519230769230774,193.4675097270689,1.0
2.631013,47,159.331317,0.30136555751176924,0.026697541443493553,0.07020882305279201,0.2203715314392888,0.01587073471328218,-0.0003435493000073715,0.25177304964539005,194.01206991031955,1.0
3.164901,48,159.470305,0.3041243433772763,0.02557979373797097,0.07436688920347494,0.21615704353262896,-0.00935244847260227,-0.0026041856342998667,0.23611111111111116,194.48689201432876,1.0
0.107481,51,159.599818,0.31959393851254503,0.07096968934744823,0.09546968385384492,0.19592300306609003,-0.047354890681108874,-0.05123902809487076,0.24673202614379078,191.00217933907638,1.0
3.026515,50,159.719456,0.3103186105525288,0.017887322945489472,0.08583082825439577,0.20791538030116857,-0.004476811829540538,-0.02640193593892758,0.23333333333333328,191.66331806712967,1.0
0.408567,45,159.831198,0.30374538255898803,0.0672115321113125,0.08314440077608809,0.21641944743791994,0.05832617250210087,0.019964626548720832,0.23333333333333334,195.43998385630994,1.0
-1.581881,45,159.941249,0.3100574898170796,0.09171777445276483,0.0806778907288119,0.20946623372720377,0.07131096580404526,0.01598606426988168,0.25,193.24204884739066,1.0
0.103125,48,160.057142,0.31337036201228163,0.08408594830252658,0.058264451501930194,0.20603579017829107,0.06090019055802526,0.006786234870299213,0.24826388888888892,191.09071952437193,1.0
-1.700231,48,160.198974,0.3179143801831577,0.10175545105487205,0.07175150371959713,0.19950648799314455,0.08054873626278332,0.004298105127600046,0.23090277777777782,191.56568340651805,1.0
2.038392,52,160.334515,0.3213526244584004,0.017255931907178428,0.08140688712701175,0.19563081392856643,-0.004558681867872858,-0.04197809037278831,0.23717948717948717,193.84039824163023,1.0
2.073078,57,160.476627,0.33504806769480716,0.015856169658630074,0.0833919688850734,0.17843507504920228,-0.000938147527268876,-0.023129800927935804,0.26608187134502914,196.3761728718852,1.0
2.742814,51,160.600923,0.3139315114673042,0.0280022163496256,0.0787292218122812,0.20258944553871033,0.022183439273635565,-0.012009222698824653,0.238562091503268,193.44780650011518,1.0
1.453065,46,160.714726,0.3022164805533134,0.04417049657454175,0.09665700479864847,0.21752992665392648,-0.02899561126430503,-0.030681430829073753,0.2554347826086958,191.91540014033154,1.0
-2.717314,63,160.890868,0.3609846714401027,0.10640479800009929,0.060626469058220514,0.14868082682349537,-0.07105599255691629,-0.02266815314686053,0.2433862433862434,191.37019854273535,1.0
2.908502,48,161.010368,0.30069426339714334,0.01860316710660057,0.08298684532397095,0.2201748949876089,-0.007620693226591425,-0.03968323567122032,0.2465277777777778,193.13022024224497,1.0
-0.567554,48,161.127469,0.3196599471836281,0.07567907585988684,0.06942321991412953,0.196869391722045,0.0608542788643647,0.016085898881368448,0.2586805555555555,190.73306485773116,1.0
-5.557677,46,161.244066,0.3229934350522665,0.13505112514469056,0.09943308842663558,0.19410099831902708,0.10347651058001796,0.07079748887780384,0.2626811594202898,191.47149628847828,1.0
2.11564,50,161.363858,0.31038444643930285,0.06014737312210669,0.06484747311400271,0.20914462337440323,0.04503895938583893,0.007100588068069094,0.2533333333333334,193.5304421458295,1.0
2.106309,51,161.50775,0.3194694159106877,0.027158245506660048,0.07275092463593286,0.1963834702838747,0.01997084313180359,-0.03466870757383144,0.2712418300653595,193.83429026624088,1.0
-3.137577,43,161.612066,0.304447602340705,0.11634653910574091,0.0933472757043945,0.21716903835263568,0.09061270444830345,0.053860397658192456,0.25000000000000006,185.5099702495561,1.0
2.000474,45,161.724472,0.2979758433014649,0.015380897940195839,0.09415266460555304,0.22396242101534675,-0.0038284723544484483,-0.054045006368842456,0.29074074074074074,189.23326998606862,1.0
0.977321,47,161.83847,0.30929670989931357,0.05854207848701648,0.05945439011291472,0.20977568748684816,0.045439015870098645,0.012133326580049935,0.2659574468085107,192.6047205079374,1.0
-2.443077,48,161.949506,0.32045616014367606,0.09897711428277639,0.08853483586880381,0.19598608358929334,0.0787957024608021,0.05275404620132915,0.2743055555555556,194.1145742223928,1.0
-3.612565,43,162.095309,0.31037068523658473,0.1282571737052954,0.06513755689127886,0.20887571301569274,0.10217069275603781,0.02033505563847914,0.27131782945736427,184.9776017006641,1.0
2.330974,46,162.21487,0.29720756725642955,0.023612319277244737,0.09968475466888364,0.22436686169530015,-0.007217747505454138,-0.06360477839420006,0.26268115942028986,194.3061849219516,1.0
-1.189586,46,162.330206,0.31174428891905814,0.0910222031012161,0.0709349156550072,0.20783421253650208,0.07190605485705408,0.035075743392005185,0.2735507246376812,190.1013888825295,1.0
-3.161608,43,162.437118,0.3111014035448091,0.10316168934535462,0.10017209338669579,0.20967312947244074,0.08476540817924437,0.05090023065320008,0.25193798449612403,188.34711512169596,1.0
-0.465623,48,162.559815,0.315760223490841,0.07911332635570476,0.08235038661344327,0.20225027659425565,0.061527658595276175,0.014290829330399046,0.2899305555555555,187.7154041382424,1.0
1.580828,50,162.684761,0.31818354882247035,0.037102381787342736,0.07094875980968744,0.1997571718190071,0.026255426485996644,-0.030033655407082627,0.26999999999999996,195.25594441381003,1.0
-0.799472,73,162.904213,0.37922572740156407,0.06077741848687446,0.05325554526392016,0.1318308930074482,0.04186171571578557,0.018683303005001605,0.2671232876712329,199.1224629845361,1.0
2.210186,50,163.03065,0.31159928184643015,0.016181913873000903,0.10302853258184991,0.20573832700857386,-0.0021835740863066656,-0.018758015449162106,0.25833333333333325,192.78425773651597,1.0
0.831389,63,163.200495,0.35429146069322887,0.04036587491820021,0.08211157483991739,0.15780899250445823,-0.02849460874641686,-0.010966498695867206,0.27910052910052907,195.38899005118466,1.0
2.074951,52,163.324951,0.32360246253764624,0.02370510377945332,0.07201161471763491,0.19236583791734368,-0.013444810957428277,-0.023850433117917205,0.24999999999999997,194.44557923975117,1.0
0.256526,48,163.476456,0.31231341245329974,0.06824312759482475,0.09935101014263624,0.20626316342778508,-0.05032968504126433,-0.03187043054935512,0.24479166666666663,192.64646521561664,1.0
0.704822,50,163.597104,0.31874317589616846,0.0563555610274498,0.08631644617591487,0.19640810211594179,-0.040448471142358916,-0.035306335952340714,0.2633333333333333,191.656039938371,1.0
2.090939,48,163.712393,0.30518881527168645,0.04605623244603271,0.08974059569027333,0.21361205387440996,-0.028019278677001352,-0.02620697537349588,0.2586805555555555,196.4382037662723,1.0
1.437014,52,163.841337,0.3198646175108035,0.06444564997792426,0.05884858731852263,0.19788427491104935,0.043947254752874816,0.011697872194813271,0.25801282051282043,194.0922888995279,1.0
0.983771,41,163.939952,0.2881898726641869,0.04358113036231792,0.0933908240405738,0.23822750817383362,0.034704803424127253,-0.03962352430882062,0.28455284552845533,183.82936536062047,1.0
-2.538033,50,164.090381,0.33120966401321017,0.0956278746834819,0.08478185382364922,0.18288398433668704,-0.06650111041225026,-0.01616784210160912,0.27166666666666667,192.03351548037165,1.0
2.21715,56,164.232078,0.33314299972342887,0.016678246152116622,0.0845323522162089,0.18051622003658316,-0.008017884907328581,-0.03198546802543602,0.2633928571428571,195.1474701949579,1.0
0.819181,45,164.341126,0.2956108039477107,0.07795305255873267,0.07993218524021192,0.22827815248643918,0.05990022889404527,0.0418747008543347,0.2666666666666666,191.73482751131223,1.0
1.973675,53,164.474728,0.32390101466465776,0.02055511059025171,0.08078339683921724,0.19224401883848263,-0.003865241376161684,-0.0219364101349335,0.2783018867924528,197.80365650041622,1.0
-3.276042,53,164.607889,0.3402195748019917,0.09803707570502664,0.09761165332840165,0.17258328122931557,-0.0707696843391237,-0.037535573109612023,0.2798742138364781,191.30104430811278,1.0
1.555888,55,164.765484,0.33108045270624764,0.0518368123514578,0.06175238692703734,0.1824848367686099,0.03964771280962969,-0.013658084339002436,0.25909090909090915,193.29426827917413,1.0
2.930375,49,164.886186,0.30684543102473494,0.01966284655530262,0.07653824658812174,0.21250475956171694,0.0006745408580283534,-0.01791983269317077,0.28061224489795916,194.73557156822417,1.0
1.04925,49,165.00363,0.3150903612279389,0.05555285837206423,0.06024009889981971,0.20239122587558864,0.04451236868549969,-0.014341791418325239,0.2789115646258503,191.85308105113128,1.0
1.038944,50,165.130698,0.3179495536044382,0.06477079122226637,0.04993953808798002,0.19939905375478525,0.04913077852011571,0.009965465765063217,0.2516666666666667,194.08550725458298,1.0
0.340461,59,165.27933,0.3413949534667809,0.07344328069173806,0.07584077763866506,0.17100379476561287,-0.046844560238306854,-0.031884035407914645,0.26553672316384186,196.7191773650053,1.0
0.150006,51,165.419007,0.32158232519543123,0.07264797068663217,0.08727589149129829,0.19453252387614522,0.05505735692973473,0.02419509642517735,0.27450980392156865,188.644842465388,1.0
0.649796,58,165.560385,0.3347385117418435,0.07726969445719872,0.08983662061533068,0.17783160708171075,-0.04696397160579874,-0.03828472115661824,0.2686781609195403,194.50145746722828,1.0
0.315268,46,165.678014,0.30300731444322726,0.07320037499238508,0.07643856225131725,0.21810837369946326,0.05800514002674686,0.02003394421832254,0.29891304347826086,193.08813709092234,1.0
1.232139,49,165.798242,0.3086407583279455,0.0719630646749503,0.08662334540611612,0.2092101021040448,-0.049373749896729296,-0.05011062201745874,0.2789115646258502,192.1872938065761,1.0
0.07318,47,165.919188,0.312215473075242,0.06999867563371448,0.08983493237489068,0.20519934327868186,-0.048776163457906065,-0.0313808048188226,0.28546099290780136,187.39425353557752,1.0
-1.399751,57,166.09593,0.34364616137701537,0.08540124785726132,0.08946454769234725,0.16880892903953826,-0.0568748178771667,-0.03565746018608522,0.2894736842105264,191.64239961834016,1.0
1.583458,58,166.239038,0.3404026215028918,0.0286432535145053,0.062175225904086896,0.1730907883119499,0.0201547286149253,-0.00518168352625746,0.2887931034482758,193.30651164260345,1.0
1.783562,45,166.348988,0.3003187144574034,0.020732529446736352,0.08801226987253968,0.22075881574825484,0.012830880441059603,-0.023378779710069787,0.2648148148148149,188.29621940323122,1.0
0.688446,50,166.474499,0.319553828035168,0.06297768672573266,0.07433196475068951,0.19578616424015746,-0.04238022579254488,-0.0446032282784124,0.2733333333333334,190.601719749036,1.0
-4.392308,46,166.590179,0.31784262593383483,0.1195314684402812,0.13364181361769292,0.197822063154779,-0.08746194548885983,-0.08103916296050909,0.2898550724637682,183.15064416977083,1.0
2.069695,43,166.715145,0.29432252498477846,0.029368590933986454,0.06084883674269103,0.23025135574368852,0.018430696168802028,-0.032111571505547054,0.26937984496124034,184.9738497726628,1.0
1.401962,48,166.835862,0.3077147147587825,0.05282295437803884,0.08352836424744799,0.20961214127724526,-0.031082485051225475,-0.0214591668704585,0.24131944444444453,190.97349098985126,1.0
2.177757,49,166.952454,0.3100795286202035,0.02446839001043761,0.09043353059299603,0.20779867653720482,-0.013017506921781465,-0.056949053291000216,0.24149659863945575,187.98249133176077,1.0
2.281995,63,167.110849,0.35073845066953635,0.027710868326594893,0.0710075686458803,0.16156216485461405,-0.014806846272725901,-0.027130229228043944,0.2738095238095239,197.79695739172152,1.0
-2.206723,49,167.232377,0.3227511967555551,0.10655483610440376,0.05938983691903506,0.19456707570701232,0.08034405755882512,0.008929254197854836,0.28741496598639454,190.4665492445247,1.0
1.506257,48,167.376977,0.31139094220066277,0.02888260557837824,0.08866066591744388,0.20645820598508477,-0.010016117059581133,-0.03254704510935808,0.26041666666666663,193.9627246980722,1.0
2.839119,54,167.511299,0.32197917459855485,0.018224480981301916,0.08204807504857801,0.193913097260536,-0.004458948071762565,-0.019307485765532303,0.24691358024691362,195.0625795554237,1.0
-1.454335,51,167.641299,0.3295263798950389,0.09267578452971327,0.08594562437184834,0.18427248658006667,-0.06418096822463065,-0.03172862887101034,0.261437908496732,188.2717397122445,1.0
-2.692701,47,167.767983,0.313338248768948,0.11609211763263699,0.08747471657347092,0.2047150368203843,0.08975837965914209,0.051662523052834385,0.2765957446808511,189.57739002485772,1.0
-1.857583,44,167.881437,0.30562034683200373,0.09956139648403561,0.08854624319839435,0.21472198154176517,0.08367979706582683,0.0454121760979663,0.2556818181818181,194.18123543805277,1.0
2.053681,53,168.014293,0.32639437709560626,0.015974421272138696,0.07520898558093128,0.1881108171449784,0.0005358972831991861,-0.020747023849547002,0.23113207547169812,188.17470451663507,1.0
3.106737,47,168.161947,0.29975922426027807,0.02140315121360917,0.07032112230088916,0.22149646828662986,-0.007374177055634213,-0.020627378218072107,0.24822695035460984,194.41897910759445,1.0
2.402757,54,168.29825,0.32321066192950165,0.027679531884772627,0.09211364341649128,0.1915354891944759,-0.012737560190095136,-0.038871937855851926,0.2561728395061728,197.78713170172662,1.0
0.580032,54,168.428571,0.32775899459575736,0.08174061263742274,0.06479948905059615,0.18585963430714278,-0.05469637565390423,-0.020554298463168277,0.2824074074074074,195.9133179593083,1.0
-2.695989,50,168.550057,0.3292498386272523,0.09979704888437867,0.09188413768817494,0.1845974141752683,-0.0741928092028377,-0.04796718232541024,0.23166666666666663,188.06179566746926,1.0
0.635038,45,168.658538,0.3055873445931549,0.055662620069437396,0.06680657675782309,0.21479032020622843,0.04473734382215036,0.0034216712199795973,0.2574074074074074,195.74632390694035,1.0
1.458692,58,168.825098,0.33836404308220414,0.04069434291450027,0.08121027384534771,0.17398739290330073,-0.025442124282168212,-0.04257054651678593,0.24712643678160914,196.4003902491749,1.0
2.264264,50,168.945172,0.31749109442418083,0.023559747531595183,0.05904353590501312,0.19952285555253915,-0.007601117499365191,-0.0261952653857928,0.2516666666666667,191.4128050410253,1.0
1.841094,53,169.074059,0.32135699195326234,0.03312904508782019,0.08625218064572947,0.19388647526554725,-0.020265169316271713,-0.04119499511725743,0.2610062893081761,194.387559603061,1.0
-3.295865,43,169.176475,0.31023716313742383,0.11680901231135116,0.06931583058090925,0.2088887178208276,-0.08379914539726253,-0.028975428853275965,0.27325581395348836,188.2618122699281,1.0
1.419941,44,169.284333,0.3002216797605112,0.03355171356731985,0.0862925527859118,0.22148179298937976,-0.019516685079983317,-0.046903071649244274,0.25757575757575757,191.8061764859717,1.0
1.54379,53,169.432446,0.3251767411682147,0.03239527889132565,0.08611945231619629,0.19003380779645968,-0.01686153951356251,-0.01111447763423277,0.2625786163522012,198.9177838951713,1.0
0.717554,46,169.543184,0.30930008115578855,0.04109856024911674,0.07917846281573378,0.21003997937779842,0.027066449578113973,-0.026642036500263814,0.26086956521739124,193.2593761339371,1.0
1.799866,50,169.663765,0.3163934341876024,0.03820282166538191,0.07478161272898046,0.2004164732636741,-0.027459536030191085,-0.022913825570918794,0.26333333333333336,192.29300939488297,1.0
3.484944,48,169.783089,0.3030532692220353,0.018503456919448706,0.0564128262501349,0.21751817277025695,0.003070686186234665,-0.007111798632102294,0.2378472222222222,195.0394792962833,1.0
1.25923,43,169.890988,0.29507225459085346,0.022642944050374047,0.10127861852767547,0.22787400430899013,0.0008692253011626609,-0.07544243027097444,0.24806201550387608,189.22039489858292,1.0
-1.800741,48,170.043805,0.31383548179538023,0.10659089416936963,0.09731800207046838,0.20249697949266213,-0.07274509341361801,-0.06073971387146021,0.24305555555555555,188.59956704790534,1.0
0.480812,55,170.174884,0.3310877001088311,0.07101651483446488,0.08103582169563862,0.18188234565372524,-0.046194744131643865,-0.02622211676379108,0.24242424242424238,194.44405235059168,1.0
2.050968,49,170.295909,0.30984998644868994,0.02934061866620777,0.09422471991396776,0.2080041752332492,-0.011909074193070766,-0.009132139668037336,0.23639455782312924,193.25498438324817,1.0
2.032949,47,170.406835,0.304587087549225,0.024368970863227545,0.0863367257173588,0.21558399878659815,-0.009179787684091351,-0.006997507011898288,0.2624113475177305,196.06243987382643,1.0
0.427421,44,170.509751,0.30035957682729647,0.06323019347973613,0.09595829164442324,0.22034900059913864,-0.041461594858925026,-0.052258407975893074,0.24810606060606064,186.13558358326307,1.0
0.018117,55,170.674039,0.3352999384206523,0.07499061534354977,0.05701718871769142,0.1794713378480587,0.05611371016180127,0.022927094909678175,0.23181818181818184,192.41533972123983,1.0
1.119463,54,170.808146,0.33117445466687384,0.05247540859640531,0.06853041271452369,0.1844939572052067,-0.03514485676401988,-0.026005426817173247,0.25462962962962965,197.67687160826634,1.0
-0.916043,43,170.919446,0.2973735035167286,0.1059612715159025,0.06672245035453948,0.22469076919516465,-0.07678817029756498,-0.021789557124116066,0.25000000000000006,189.1195623996274,1.0
0.541956,47,171.033189,0.30839612704212377,0.06726182060579115,0.09228915217033451,0.21003066319402744,-0.046828986931567194,-0.046712554830099375,0.25354609929078015,193.19631644827942,1.0
1.711659,46,171.143629,0.30446047135881693,0.031522185234836464,0.06676510924615692,0.2154127498301036,-0.018373511592366595,-0.016855333222163066,0.25905797101449274,192.70707689255497,1.0
1.717829,54,171.278352,0.32716775656008945,0.04133361793615259,0.07680738222988287,0.18770456749799339,0.03103982441698274,0.003341813519151476,0.25154320987654316,200.4320738291877,1.0
-1.267877,45,171.419617,0.3098851680941304,0.08788141099761514,0.06513058301176496,0.21081794608712026,0.06608581842901623,0.028206130852398616,0.24259259259259258,195.95303133024,1.0
1.238539,55,171.554553,0.32765230455233135,0.04953281964675018,0.09135528622811181,0.1862113634571879,-0.03118993139208838,-0.011514678169980405,0.26969696969696966,198.47895875963255,1.0
1.035914,46,171.668179,0.3062476606795759,0.031201527638610005,0.0902925969401781,0.21257767280840698,0.023863049028886498,-0.016453187853367208,0.26268115942028986,194.8335959101182,1.0
1.358292,57,171.803754,0.3348062134944004,0.04963585402058514,0.07999903709232575,0.17929653437268583,-0.03188076389148272,-0.017993863323292406,0.2646198830409357,199.9165876205839,1.0
1.932004,44,171.914278,0.2930283480315655,0.05072697801954375,0.07162166752909876,0.23118327889502366,0.03637659612691363,-0.023163573888966407,0.26325757575757575,192.62470837640777,1.0
2.720176,46,172.058576,0.2987953910095592,0.022945910557241926,0.06746447043797328,0.22174696801781635,-0.006035390304741639,-0.03314659790062072,0.24818840579710144,191.99781626350273,1.0
0.952593,45,172.171613,0.30487112661237764,0.019422186897197446,0.08676157623588346,0.21450271372600377,0.004597083728579745,-0.002166409361448486,0.262962962962963,193.4966591072422,1.0
0.856924,56,172.310042,0.33194836591641586,0.0685102430218078,0.0786852075464103,0.1808855283898311,-0.03954037433479124,-0.014193331413685674,0.23065476190476186,197.0499135748897,1.0
2.790026,51,172.436873,0.3124723841215683,0.017452190576840495,0.09481636700146627,0.20322632248587935,0.0025021402397641794,-0.043692725701939814,0.27450980392156865,196.9662751051876,1.0
-1.606049,50,172.559788,0.3251970239583793,0.09489086082266195,0.08194886151615408,0.18864950038331846,-0.06454935976591777,-0.01623686098430014,0.24999999999999992,193.9538984966343,1.0
1.660236,48,172.68562,0.31193347586470155,0.039484196879082785,0.06149644645835507,0.20517384085773296,0.03284266001774815,0.007399659508999997,0.2673611111111111,195.91592047579874,1.0
1.141087,48,172.799868,0.3142712608669808,0.04783120891644849,0.07686534265253599,0.20260314731611148,-0.027532197292204217,-0.027771470513153717,0.2916666666666667,193.04624951554084,1.0
1.257823,45,172.904763,0.302715160686538,0.04373285487167955,0.061490496690501176,0.21788912210943145,0.032137167741201296,-0.023581063530134744,0.26666666666666655,194.56393059568552,1.0
2.655244,51,173.025178,0.3141413681855418,0.032716432639092165,0.06305732590599578,0.20295620433555706,0.02014390128509026,-0.019851202487301278,0.25816993464052285,197.69326543521132,1.0
-1.600039,46,173.132757,0.3022848482026598,0.11759406669116881,0.09300773887607311,0.21687533130805575,-0.0838002995035973,-0.03633878835401185,0.25000000000000006,193.97786403253977,1.0
1.664844,53,173.280937,0.32778425363086094,0.019384425829861617,0.07935334314978289,0.18571910458382468,-0.0015407934240818453,-0.04568486676594099,0.26257861635220126,198.95844718640103,1.0
1.608706,49,173.397993,0.3142581479820651,0.03933390244431029,0.08021839536986362,0.2022652642140251,0.030044801460824284,-0.026156793739783756,0.28741496598639454,195.7036549520297,1.0
-6.561577,45,173.509141,0.3306186566148362,0.14522491540397006,0.08798111195387298,0.18341663778781048,-0.10444836513755157,-0.050495763146035766,0.2925925925925926,180.07553184771197,1.0
2.057512,54,173.639329,0.32235242134297554,0.045247378156923604,0.08916354890397157,0.19309366362002706,-0.0268565571078105,-0.031847747955249105,0.2515432098765432,196.60058953362184,1.0
1.34148,53,173.764589,0.32293888438109386,0.05102170110405726,0.0789398969451222,0.19081229270176306,-0.030198410372878917,-0.01946432057119398,0.2830188679245283,200.42570863772815,1.0
0.822299,50,173.907648,0.31913586753115464,0.03995033277046499,0.08503871514533616,0.1972222091025005,0.02693093598903471,0.013473072627650504,0.3,192.7902678040058,1.0
1.302634,46,174.020861,0.30727343658084166,0.02519118379789002,0.09341822482197353,0.21192376570353985,0.016878857909330584,-0.008348638643936198,0.3097826086956523,196.06839278906634,1.0
1.367653,47,174.142895,0.3066060739551167,0.06090631893360739,0.061140722603090406,0.21364678925068503,0.04344563959299035,-0.023918910336777434,0.2695035460992907,196.44453537887773,1.0
-0.77869,48,174.267229,0.31737394997781404,0.08587648552315427,0.058969145181600346,0.20093391372924085,0.06124419281944141,-0.0014616154827656713,0.29340277777777773,191.15050819752733,1.0
1.230242,48,174.385154,0.3161582405440186,0.025081659985780824,0.054532975905399676,0.2009649324614319,0.01625972582186805,-0.01341752385190237,0.31249999999999994,194.3954898675712,1.0
-2.560163,45,174.494295,0.31174615144515594,0.11914918067191212,0.07013226093369637,0.20647658993766957,-0.084941359098506,-0.03135008343872315,0.2722222222222222,190.32017908296325,1.0
-0.742234,46,174.634488,0.3094606512228513,0.09248449976136387,0.07865568263609778,0.20893447628870196,-0.06485316346626088,-0.02887400985515107,0.26992753623188404,193.33944075031712,1.0
1.489905,48,174.755863,0.30736400200737996,0.03025841242955879,0.10058940502992766,0.21096915296485355,0.02113719092642026,-0.0017361347962222785,0.3020833333333334,204.0216915245172,1.0
-0.538437,50,174.878672,0.32595615345181805,0.07479811450826876,0.05691979464508669,0.19065154418246535,0.054937019264051014,-0.011072155226365172,0.29500000000000004,195.3498757052426,1.0
1.644811,49,175.001487,0.314958287145819,0.032436520400634834,0.08912818050071293,0.20100178314695918,-0.010832866461817406,-0.03912311000862903,0.28741496598639454,194.09042759737977,1.0
-6.392296,45,175.110471,0.3249875125755845,0.14350545912705345,0.10943596894666087,0.19095142013519636,-0.10366853324375942,-0.05440186304086351,0.3185185185185185,187.3848279644109,1.0
0.859058,47,175.247719,0.31527685588101745,0.024292643477150936,0.08003003528835645,0.2028902587445323,-0.0013889168151004193,-0.016632083458587712,0.31737588652482274,195.17471620721122,1.0
-0.621823,42,175.348735,0.2974810141564979,0.07585625489372017,0.07795164019059084,0.2268676659236759,0.06341456335021428,0.019049823764734308,0.3115079365079365,191.29106528321032,1.0
-8.639942,49,175.468952,0.3478938761462629,0.17211060667604808,0.06973927626129946,0.16497081066581687,-0.12194551092545176,-0.03406700919737713,0.282312925170068,187.1034131375232,1.0
0.63922,55,175.5985,0.3329351481802095,0.06696465978386876,0.07397747126520587,0.18049683933843055,-0.04295669948648206,-0.024973718484513057,0.29545454545454547,193.67509240089825,1.0
1.7529,48,175.711748,0.3097679213652333,0.026363698171371467,0.08162627773851508,0.20830008730097138,0.018640882426361652,-0.05680234383760268,0.31249999999999994,195.7342951723439,1.0
0.519132,51,175.867122,0.32041392803196567,0.07002044523123346,0.06587200850016793,0.19575873434368987,0.05289937764502824,0.02135218555899295,0.3169934640522876,194.03541654527893,1.0
2.804495,48,175.986959,0.3086018105016497,0.02036561102455215,0.07613555043124724,0.20915082885305358,-0.0025136824407686895,-0.04177509431013588,0.26909722222222215,193.92146303255018,1.0
-3.392195,41,176.084841,0.30856848757024274,0.10293420300482131,0.07842229321106865,0.21249822022565268,-0.07522118753157321,-0.03991421125577126,0.30487804878048785,187.66066637269338,1.0
2.437272,48,176.198935,0.3047587946014468,0.033947514587061314,0.09241185790083989,0.21504360282456872,-0.016428594473016745,-0.035175360591831135,0.32465277777777785,198.0500976202444,1.0
2.006583,49,176.326668,0.31155219565777,0.03109833580825736,0.08494926466455309,0.20543773026816464,-0.013312831671151769,-0.025337903720278145,0.3248299319727891,196.59500258060748,1.0
1.938278,49,176.445191,0.3092609992151099,0.05296060030543091,0.07415519993392106,0.2091466378552878,-0.03180348488845624,-0.023360638948195806,0.28911564625850344,196.53678199555208,1.0
0.780126,48,176.914525,0.3101789134405174,0.06406897284331842,0.0915151179178692,0.2071794824039599,-0.04114768674645631,-0.01937489198417005,0.2795138888888889,194.67746317596547,1.0
-0.655209,51,177.043685,0.3251087403305493,0.09137721734894655,0.08006486687674601,0.1907351236470332,-0.06343040260416082,-0.03208696538187051,0.3186274509803921,194.12579891246432,1.0
2.128875,46,177.156368,0.3021823024786472,0.022758606687316545,0.07877550333860596,0.2190420876964113,0.008059271878326545,-0.04087290012817729,0.3278985507246377,192.39823843419416,1.0
1.82647,48,177.279922,0.311397810739606,0.026164088591773885,0.06706824645044747,0.20581908382805633,0.018642621169922203,-0.029524121240813824,0.3038194444444444,193.34999854600497,1.0
-0.448028,46,177.391582,0.3081339402269532,0.07820061408758058,0.09016197822908521,0.20968613927383462,-0.05279868213408519,-0.049636444203611116,0.29710144927536236,192.39747418044632,1.0
1.93473,53,177.544776,0.32567425639863506,0.027543590130305426,0.08218411575611867,0.1901872029116013,-0.011386286670656585,-0.004853173080221755,0.3081761006289309,196.6206638919682,1.0
0.152263,45,177.654309,0.30701481055657853,0.05303914940542227,0.09096634343683681,0.21191940806160028,-0.03254489763234383,-0.04374109912267556,0.2666666666666666,191.6485323479488,1.0
-2.395442,39,177.751676,0.2899229798125916,0.1072350987542845,0.0665177483160629,0.23880814062967934,0.08877680737641461,0.014610743485697957,0.3333333333333332,189.68733144935837,1.0
-0.109985,44,177.857476,0.30155822569862595,0.08147150723509082,0.056869730778429405,0.22098778246572562,0.06413748570097613,0.00909922283820849,0.30113636363636365,194.49866207682953,1.0
-2.378298,42,177.962056,0.30536584218404544,0.09648255758189939,0.06421050447343322,0.2157988162663269,0.07951151973499637,0.00855475928050871,0.3154761904761904,194.1555743215245,1.0
1.71236,48,178.08271,0.3087642951147733,0.04496717075168033,0.07723194487364093,0.20936251604198328,0.03441372676885703,-0.00680445659535736,0.30381944444444453,193.35911082799075,1.0
-1.586511,43,178.214573,0.30402255778846987,0.09418257465756846,0.06210488116766818,0.21785483347784348,0.07661290575077029,0.01915688705812451,0.31007751937984496,193.81566345762025,1.0
2.743089,49,178.337844,0.3047672789056896,0.019345453412638932,0.098794927665489,0.21449420957062612,-0.00828492584182881,-0.04370886429615566,0.3248299319727892,195.89605066715947,1.0
2.265295,49,178.457972,0.30907666041874854,0.02941256170089801,0.08025906669696864,0.20930397185846822,-0.012272540973852686,-0.026613293878715482,0.3061224489795919,196.8652797081685,1.0
1.220128,45,178.571052,0.3012982811825707,0.04251453322617939,0.07521030155561935,0.2206502447451693,0.03273514843123545,-0.012061301882259087,0.29814814814814816,195.40425345010252,1.0
1.376518,45,178.677952,0.29892557494241767,0.04327074369295102,0.08842320494589652,0.22341984213465185,-0.025460060021502636,-0.02874455699229279,0.29444444444444445,195.05592829267786,1.0
1.311046,46,178.81248,0.3081327495262005,0.04624621706556983,0.059022544267679417,0.21067956505181448,0.035444722653100655,-0.025710286088818684,0.3061594202898551,191.37855878890502,1.0
0.731277,46,178.926025,0.30969333187837234,0.04439818340258441,0.07212719027288197,0.209502198435791,0.03473225216830696,0.013449163390746102,0.298913043478261,191.99987914513645,1.0
-6.081543,52,179.053526,0.3432514444146542,0.15018746555465726,0.07051446489840969,0.16808223486494342,-0.1032455012733155,-0.011546945201866788,0.31570512820512825,189.66570483476386,1.0
2.541689,57,179.204954,0.3294731959199098,0.022132342244676338,0.09212559724849703,0.18678448751587504,0.0019785326076546643,-0.029024542616268238,0.2894736842105263,198.7966772694666,1.0
2.866164,49,179.329954,0.30688766913832866,0.03013095008542546,0.08100964419648182,0.21159184309777337,-0.015229550680938418,0.010806679750023538,0.2942176870748299,193.99974081213415,1.0
1.627592,46,179.442319,0.30601384041201635,0.022140751770235775,0.07578842555525277,0.21344799937326742,-0.006761653934796353,-0.0311033590071493,0.28804347826086957,192.56096978195146,1.0
-0.190889,43,179.572074,0.29726168832617744,0.07851517218912309,0.06486550885587584,0.22564042867442383,0.06479020573976012,0.010827396459780692,0.2829457364341085,193.02331062061393,1.0
-0.355849,59,179.714632,0.34532604535625544,0.07305083921398683,0.06348808189745858,0.16733155043591666,0.05609713661610056,0.008438253662739342,0.290960451977401,201.44925788979813,1.0
1.151215,48,179.832302,0.31537982951154087,0.03648237399856648,0.07546519848431602,0.20120985074113965,-0.022743801654407134,-0.04766952624354093,0.2968750000000001,195.48397251321842,1.0
0.929891,43,179.940259,0.2971830324892356,0.05756254792942383,0.06625775810518188,0.2250057841045481,-0.035266312938295796,-0.013221819026889882,0.27131782945736427,191.52041712256158,1.0
2.635424,42,180.041728,0.28667654068492343,0.026475390545423694,0.07046903159401387,0.24147885992280718,0.012725375452379947,-0.011757494430991042,0.2698412698412699,192.05669095885693,1.0
2.570577,47,180.187703,0.3007592696762738,0.036528996876491075,0.06717555643456094,0.22223555043305993,0.020892512506645658,-0.005010674128560994,0.3031914893617021,195.09980946922335,1.0
2.23301,43,180.297486,0.29266877628707566,0.021898949822748873,0.07765140174864782,0.23215080267774194,0.0028064566263684486,-0.013474355604311015,0.29457364341085274,189.03733689394312,1.0
2.964743,47,180.412816,0.2987310753977055,0.0368751476365183,0.07662942370717317,0.22355075820336692,-0.022532502595184068,-0.010510915543128075,0.2872340425531915,195.2246835747472,1.0
1.073773,48,180.533229,0.30878857492356776,0.06785970895304716,0.07789729921297299,0.20904073171456058,-0.044068474308019884,-0.031563283513301045,0.31597222222222215,192.90306036315337,1.0
0.918568,41,180.635105,0.2912164219563278,0.01763461372471693,0.09016846736688472,0.23402847057647352,-0.0005806843192935898,-0.038199417182964955,0.3069105691056911,188.18473986007197,1.0
2.753038,51,180.7552,0.31548673290967005,0.02925861094886747,0.05928098401785221,0.20166018672276806,0.019765664664983498,-0.00791689378041142,0.25816993464052285,195.38471761086862,1.0
-0.077567,50,180.901942,0.31633719654659737,0.09796060402712596,0.06862319619776845,0.19954736781663013,-0.06651517994241953,-0.03439630560348843,0.27833333333333327,192.3472402601301,1.0
1.887094,49,181.021057,0.30750126168459635,0.05116756758760996,0.08991641532589043,0.21019967305085294,-0.03355184880062509,-0.040644646355008446,0.31292517006802717,197.8865057724881,1.0
1.5146,49,181.13466,0.30868258052005637,0.06895834508481423,0.07774040078369872,0.20903168716692752,-0.05225347843648986,-0.034629359691906,0.28741496598639443,194.39166731599155,1.0
3.046556,46,181.251286,0.29570479111054515,0.021159774568333317,0.08152853192804961,0.2257587065579047,0.014627870068722069,-0.016338660541282756,0.2771739130434783,193.59661974998363,1.0
1.872118,55,181.385047,0.3302756478028815,0.031106019643629843,0.06906457686383387,0.18487043222963545,-0.02080418383239766,-0.014453349657497602,0.3030303030303031,197.98586841392907,1.0
-0.129354,45,181.53944,0.3024925059109473,0.08438278627690952,0.055758881572809,0.21918211129467602,0.06372646124784058,0.006419049448595495,0.29629629629629634,190.49696911927524,1.0
1.619758,46,181.648061,0.3030862610068484,0.03333477401371922,0.08624890620053975,0.21734001195863833,-0.017659834944559433,-0.045305891254569707,0.2826086956521739,195.40834747710636,1.0
3.003081,57,181.789201,0.3280329482271643,0.029887047629230994,0.07914805848488317,0.1872990022657863,-0.015867424471080208,-0.029860275748910273,0.27777777777777773,199.18114818326697,1.0
2.726388,45,181.896743,0.29355609359340906,0.027314375352306255,0.06378350957587117,0.228972704600671,0.017374726097310993,-0.006928090824010449,0.2944444444444444,193.88689429353553,1.0
0.75552,50,182.014597,0.3103109326876339,0.07604963644851914,0.09305819518373218,0.2054597875514581,-0.05073326968143311,-0.04133649855101952,0.32,195.51531351121616,1.0
1.795338,50,182.154465,0.3110371011401119,0.06320083038653833,0.0817420175188616,0.20634504498082376,-0.042764273943725166,-0.013841225565687076,0.2966666666666667,191.22253029538967,1.0
1.787024,53,182.2885,0.3240417034714875,0.046653014084274476,0.07064727194930547,0.19103248666494663,-0.033738109080531875,-0.010007388621095981,0.24528301886792456,195.59748623765748,1.0
1.071007,44,182.395485,0.2970160475788691,0.05917607249901055,0.08979118113935354,0.22501572396503555,-0.039813633869313296,-0.05598633113202449,0.28409090909090917,189.41746419195036,1.0
-4.565417,46,182.510332,0.32418214198466705,0.12711191212486866,0.07117910455824293,0.1925540614628088,0.1007224063588968,0.028442009228269605,0.28442028985507256,194.29817012484386,1.0
3.14294,49,182.633499,0.3040300686766682,0.031041437033969145,0.06887627922524336,0.21537903612899298,0.017132492574512218,-0.047471385390808606,0.28741496598639454,196.61306301925086,1.0
1.319093,44,182.765874,0.2994904664586758,0.03959990000255382,0.07426150173481001,0.22052332791378063,-0.020776294613180722,-0.013476845087106039,0.2916666666666667,187.70509115461084,1.0
-0.803354,52,182.897566,0.3270791363007124,0.07750805668554066,0.07556548313172387,0.18914659541516782,0.05629441764907125,0.03339708930126552,0.27403846153846156,192.75266093806886,1.0
1.668145,43,183.005376,0.29493281971984076,0.027729938443712826,0.08096857113042946,0.22924467476757313,0.023092711298832624,-0.0014273174587540996,0.24806201550387597,191.78624046545372,1.0
-3.183016,47,183.126164,0.32335895625379685,0.11582934358288724,0.06374972749011358,0.19264597999968028,-0.08518770828148672,-0.02546770589053575,0.29964539007092206,189.9358707722879,1.0
1.707558,49,183.244868,0.3132084614984347,0.05559857164821811,0.06484425379503828,0.20373833244119824,-0.036621371131090145,-0.01625679361257927,0.2653061224489796,193.8079780313813,1.0
1.466811,48,183.371514,0.3104727343999409,0.05095846808198613,0.06061699419331928,0.2087130007809499,0.03761593834579971,0.004730899984086691,0.2899305555555555,196.1341100156133,1.0
0.672482,58,183.543427,0.33841377122791844,0.06282366547237929,0.09172804495631921,0.17528946577889412,-0.04194198297002229,-0.022858194533243087,0.2658045977011494,199.80306031768188,1.0
-1.255393,46,183.652468,0.3073154336622877,0.09396830044063494,0.09509359966731959,0.2110443948953728,-0.06993003185642525,-0.05617728204657091,0.2717391304347826,195.32553839280428,1.0
1.653852,47,183.766462,0.3013972544978923,0.05941620752203192,0.08979998561906409,0.21986158754439417,-0.04069309648595963,-0.026091004225356252,0.30319148936170215,192.80575830802334,1.0
1.092761,49,183.885063,0.3185303812291755,0.05483811200549514,0.05175782573011834,0.19769134972204497,0.044691346217538,-0.0023200625216983012,0.29421768707483,191.10109796047772,1.0
3.091022,52,184.016975,0.3124942929748948,0.020734401517104963,0.08069896843680292,0.20431277380514143,0.005444425391201995,-0.035571422854857156,0.28044871794871795,199.03321847543904,1.0
2.854341,47,184.153866,0.3006292568715148,0.028175443628821434,0.07733809372344239,0.21936151664948247,-0.012603983049848307,-0.023435480074009578,0.27482269503546103,191.71159796517657,1.0
1.486333,44,184.268551,0.2982136589625184,0.048787064766383545,0.06940016462095737,0.2257337948504972,0.03539332144876898,0.02279699505033308,0.27651515151515155,187.71564926614366,1.0
-0.688125,45,184.381274,0.30743868092064736,0.0869663243279861,0.08218800150787008,0.2118925872013222,-0.064400847676872,-0.030577810983989713,0.2870370370370371,190.30039087914844,1.0
1.567491,49,184.502991,0.30740420223763704,0.06035415089591581,0.07493157057387777,0.2113836477243205,0.049736480966351304,0.00539192237100243,0.2891156462585034,194.40343901004465,1.0
1.516648,44,184.613652,0.29608638467198944,0.033265011915363935,0.08726384695471771,0.22727256186675915,-0.016979433976068888,-0.03388797209128452,0.2765151515151515,195.08411815813488,1.0
0.414535,57,184.770126,0.3346774713655061,0.0673802015340483,0.090196263796255,0.17837171401625965,-0.04072548009477454,-0.051035424987279955,0.2733918128654971,199.25214267154323,1.0
2.572786,48,184.888909,0.3048895124428202,0.021054623006555886,0.084295169742037,0.21400602097080343,-0.001994888279954182,-0.0024155014222073923,0.29687500000000006,193.12225895078248,1.0
2.380095,45,185.005057,0.2932025789168611,0.04663803314234269,0.07295905257510321,0.22874410143948082,-0.02574402656780267,-0.034072695921530595,0.2981481481481481,193.17230649225024,1.0
1.370364,53,185.134032,0.31959420855207166,0.0674724232348497,0.06146404605642085,0.19708160355953572,0.05066025888152808,0.011052786819897074,0.30660377358490565,199.34570387145527,1.0
2.428649,44,185.244986,0.29546127010151096,0.02213087354997409,0.06136761015200279,0.22762281200121579,0.011812053545106714,-0.014348387246306538,0.2897727272727273,191.13683173204979,1.0
1.656652,48,185.362487,0.307962641393155,0.029713117240715507,0.1023806084522506,0.21069939075295321,-0.016260831195361824,-0.04790775139764008,0.3090277777777778,196.04157817857606,1.0
1.799421,46,185.491626,0.29549658445120963,0.07492149532477449,0.05139273601173597,0.226622649256136,0.05948616602117962,0.008147042156397744,0.30072463768115953,194.99970214528912,1.0
2.28291,46,185.60621,0.2999493876782275,0.045135476645545104,0.06579213991203331,0.2213309761994031,0.03347358087020127,-0.00756764021057042,0.2916666666666668,189.56488083912953,1.0
0.253177,43,185.708308,0.29956774010698745,0.06506223399016017,0.06216359264831238,0.22321060588103414,0.05376134889812627,0.011437652793272428,0.3217054263565892,193.96177516432815,1.0
1.743439,46,185.820863,0.29893569691095206,0.048870645506441344,0.07524729378819588,0.22296422459819895,0.03772123512012251,-0.011466655038047769,0.3007246376811594,194.95694614876487,1.0
-1.361858,46,185.927225,0.30563901213373124,0.10028584627672252,0.08175349903248132,0.21424288392419005,0.08070690591676433,0.0441132895449455,0.29166666666666663,197.70459185454527,1.0
0.881783,46,186.059368,0.30545531794720593,0.05406749069903193,0.09276702354784126,0.21310516134096008,-0.034409000304745196,-0.06122193920419323,0.3043478260869565,192.88830057166936,1.0
1.571528,47,186.175995,0.30362304461930123,0.06044814898865922,0.07676131186788003,0.2169912728119495,0.047541251649100294,-0.012858012304132794,0.30673758865248224,193.65669408324263,1.0
-2.11847,44,186.292547,0.3016575469998538,0.10838869312854908,0.07775541882229543,0.2191891475217984,0.08947004289810556,0.045796881336862015,0.34848484848484845,194.88274001366398,1.0
1.372005,42,186.395885,0.28976516837219773,0.05498616424922527,0.0718508427534347,0.23660209016826295,0.04357081489951614,0.011015848597293789,0.3055555555555555,191.147781561027,1.0
-0.351675,46,186.50659,0.31020482203353916,0.06485563226122691,0.0826216459500813,0.2080811798510389,0.053618473448734334,0.016739834917925748,0.30978260869565216,192.87035967852188,1.0
0.073294,47,186.627083,0.30952142411961886,0.0628297346212371,0.08636165070322786,0.21018293563133297,0.05025789453388247,0.03451400339494,0.3067375886524823,201.0788362506045,1.0
-0.408521,43,186.750114,0.29620783723990174,0.07858167709454013,0.07266180433561013,0.22692299247415,0.06495721581523786,-0.007511588905493212,0.31007751937984496,191.2781122641439,1.0
1.206899,43,186.883699,0.29617751564082045,0.020675339223954863,0.097857376009375,0.22803798619066187,0.010076627613922752,-0.0341355567851815,0.31007751937984496,192.84268357166323,1.0
3.018397,49,187.052846,0.3053583016521949,0.030692761376848742,0.0687370841047677,0.21545142520759256,0.01667712817673197,0.0007888853027305288,0.31972789115646266,197.46944164721353,1.0
0.61131,45,187.177326,0.30415940255644136,0.050253050795518284,0.07198378920139274,0.2157618169785498,0.04074572684450479,-0.010986304662614096,0.3499999999999999,192.1550347368648,1.0
0.836721,49,187.302193,0.31493667867257624,0.06229322759499709,0.0707831216402046,0.20190703176335972,-0.042013588957484346,-0.027209479315977468,0.35884353741496605,196.80473029710808,1.0
-3.679946,41,187.443364,0.30638016682897307,0.1051147016960483,0.08225051256647135,0.21533943559275345,0.08792833270639207,0.04364029778051576,0.34146341463414637,191.17109081669136,1.0
-9.329353,35,187.53007,0.3008918209368266,0.16719070541337974,0.13492549499420725,0.227219897550836,0.1422549573710662,0.09015529093581535,0.35714285714285715,196.0830372250036,1.0
-0.051685,38,187.622276,0.2794406746763462,0.06933444742066226,0.07774453092354007,0.2540144215462797,0.05923661246901014,0.03789098937854531,0.33114035087719307,192.01519434046384,1.0
2.323557,44,187.727442,0.2928488813532917,0.019930608150755588,0.08215054907978797,0.2303684763024531,-0.001857251021311356,-0.044154305739901936,0.3352272727272727,193.75277711288297,1.0
0.257222,47,187.840222,0.3132021706050566,0.041664408928495156,0.0961490644509696,0.20437918480937162,0.03525574509832818,-0.018519473947748128,0.3510638297872341,191.8448296442187,1.0
-0.809135,49,187.95195,0.31614417498991093,0.09410322232990685,0.05652504590994896,0.19999725272206273,0.07332763512277224,0.014701907800294702,0.30102040816326525,194.04563774310583,1.0
1.830815,48,188.095546,0.30581030581330826,0.04503712945047223,0.07349402194786087,0.21391196631307605,0.03334498163401634,-0.019183417108317804,0.3524305555555556,202.31774548572994,1.0
2.436568,47,188.208847,0.3023798769060687,0.03000423993520553,0.0699750328731107,0.2177861335721063,0.01844538748307372,0.00731650721116832,0.30319148936170215,196.26419366263326,1.0
1.95933,46,188.319213,0.3016048631578149,0.04282254635004096,0.07375379454873182,0.21971270398370035,0.029744049871384654,-0.028851111350286902,0.33876811594202894,191.65913652496974,1.0
0.927984,47,188.434799,0.306071006372458,0.06393974285030361,0.07968252116001218,0.21168042254709923,-0.041096000136009565,-0.038788818512552635,0.3049645390070922,194.36333912830642,1.0
2.264804,46,188.545136,0.2993984861559312,0.023768681633421836,0.08443382483071299,0.22218966936367404,0.005933067004634389,-0.0423548538848836,0.32065217391304335,193.8268564255346,1.0
0.503648,45,188.652296,0.30107473704059917,0.06058137092614834,0.09682985978998973,0.21963938660769972,-0.039899052551605176,-0.03437233007989312,0.3111111111111111,194.99366425631555,1.0
1.688516,46,188.780921,0.30386967920031044,0.02051302986476051,0.08809246513045264,0.21586023542433028,0.014409720242740075,-0.0025227658656246624,0.3297101449275362,195.11189799766976,1.0
0.849386,43,188.881318,0.30119902539505816,0.03437809136797871,0.06650014550899129,0.22211513424152057,0.028292543121207093,0.009132247904660475,0.33720930232558133,190.6597698489729,1.0
2.603343,44,188.980848,0.29246332059245156,0.020796788162323325,0.0653287915686543,0.23192416664053284,-0.004383409684314992,-0.006886165097573075,0.32575757575757575,193.85070572927654,1.0
2.082761,45,189.095159,0.2964886690850585,0.03406433111349932,0.07900629471285021,0.22729620909756537,0.02318255598179493,-0.0300149156963523,0.30740740740740735,192.4968840565216,1.0
3.338722,49,189.219616,0.3042841152072088,0.025279704089653892,0.06379439979844773,0.21566493018771074,-0.013654309227594422,-0.017635921316900137,0.32823129251700683,197.46054605466728,1.0
3.245298,46,189.330549,0.29449428724862525,0.017713468746717434,0.07563229994297534,0.2279627278964404,0.0041669652683733,-0.008582881633852192,0.3224637681159421,191.2704593159142,1.0
1.848314,50,189.477122,0.3140104898635222,0.026764533623089528,0.08044843544473318,0.20335807675896386,0.013236380814625024,-0.04161671079042636,0.33000000000000007,199.2075909862793,1.0
0.119572,45,189.587197,0.3077448942720497,0.04068452521248126,0.07896001742058209,0.21191034519751958,0.031174055181211916,0.018871206224668095,0.3222222222222222,193.94879501933278,1.0
2.853785,51,189.71142,0.3127953739584206,0.018152129090145613,0.0608517227025491,0.2046730095206406,-0.0033401447174925144,-0.021286646124780113,0.2875816993464052,195.0947875347349,1.0
-2.327691,45,189.825257,0.310542913509586,0.10254177175850747,0.077542526460904,0.2089870937803906,0.0822236356503956,0.03455911383725686,0.3370370370370371,193.34371854623024,1.0
-2.233006,39,189.919665,0.2937808829818446,0.0965100557073693,0.06913737426516815,0.23268421481189314,0.08396261289003648,0.03530747234594413,0.30769230769230776,190.31287987291975,1.0
-1.191909,42,190.051742,0.3024600684532274,0.06798845231454871,0.07769037601083498,0.21957772771482462,0.0570215316634629,0.019169107744433183,0.3353174603174603,193.90046841107997,1.0
2.649389,48,190.169042,0.29871536268379323,0.053370174195119705,0.08374805462900943,0.22238800496315383,-0.03380048419353194,-0.03659957640792524,0.32291666666666674,198.3563378503048,1.0
1.470288,55,190.301021,0.33410358595820044,0.027445019522239385,0.05892819067479333,0.18034634666482913,0.011986110215533191,-0.01808250653636805,0.31515151515151524,194.9421107217167,1.0
1.754838,45,190.413154,0.2973057404659935,0.02504113376137366,0.10071246514550378,0.22537417659664788,0.008410554472001898,-0.03915855749994831,0.29814814814814816,195.94153038639948,1.0
2.753977,52,190.537552,0.3166511934569485,0.03883359359822367,0.06111665061151159,0.20039016956039252,0.023779820280061606,-0.016444659753939047,0.31570512820512825,194.70842464431036,1.0
0.828032,48,190.684762,0.30808050113983965,0.05151908622186447,0.112731307960201,0.21107580367536752,-0.03403301578373936,-0.07480492798953803,0.3038194444444444,196.84241470775282,1.0
2.454447,54,190.8183,0.3190682562203024,0.04954661149291759,0.09276295152481498,0.19580073689980693,-0.02881781589896469,-0.052891620505829635,0.3070987654320987,197.54625168367596,1.0
2.613986,52,190.947192,0.31969663414245264,0.031517210210908614,0.05139861672693166,0.19694109713195868,-0.015024748267985064,-0.014935811810176515,0.3205128205128205,198.4480282656549,1.0
0.960002,49,191.066653,0.3090544533948239,0.06781204723905575,0.0663022804110514,0.21055675744699653,0.0459253546786461,-0.01697774078212244,0.3367346938775511,192.01825775146054,1.0
-0.527311,43,191.173119,0.2999061321799877,0.07817245796950292,0.06495396745480618,0.2231006565872733,0.06004162552996917,-0.019892859103654344,0.3546511627906977,189.99888348296875,1.0
1.794758,44,191.285493,0.2949812822566968,0.04747025735004846,0.07513158550476476,0.22897037829011302,0.035543839335670804,-0.003513904995846138,0.3333333333333334,191.0621981209069,1.0
-0.034341,44,191.419904,0.3015199699112838,0.07674656743800956,0.07417054487241094,0.21897905780729487,0.0627965722841033,0.021534177104924182,0.331439393939394,186.19279336940565,1.0
-2.356623,44,191.530407,0.30909387755726797,0.09638564854238951,0.07208241292568261,0.21000590885443166,0.07953184947938943,0.03187084232858957,0.3352272727272727,196.02469368062503,1.0
2.439878,41,191.629671,0.28036049127272133,0.028719799296130784,0.07252409615105315,0.25132305640678404,0.02169519142737974,-0.0405608018636289,0.31097560975609767,190.49635412784426,1.0
1.562328,43,191.732065,0.2923898085149325,0.022573082946557205,0.08917635683809162,0.2315563697973704,0.009305389659269313,-0.048513174692719825,0.33333333333333326,195.80912372022414,1.0
0.681153,44,191.834786,0.2998242903993074,0.06809622349875649,0.06237727804152945,0.22215954598462853,0.05465629915193959,-0.0011625951761653638,0.3257575757575758,186.68460829058634,1.0
0.670011,47,191.949708,0.31057829778497426,0.05893371183553275,0.06765211440115151,0.20808357376019027,0.044958574111002306,-0.008960307196220397,0.35638297872340424,189.97391145199305,1.0
2.889356,47,192.099735,0.2988008014757195,0.043670390730667835,0.06916975122318113,0.22200766083789908,-0.02543120745884641,-0.018719615172752363,0.3315602836879432,195.23373060788296,1.0
1.499123,42,192.197769,0.2903795154167284,0.028532045518088883,0.09175147281198805,0.23581690970965496,0.019300109501327684,-0.01264693962716884,0.3333333333333333,190.54155728279304,1.0
2.297427,58,192.341638,0.33681957289380476,0.017317826123498168,0.08517227903503485,0.17793013829576693,-0.001974381467180205,-0.0034752763047455632,0.3290229885057472,197.05972472424452,1.0
2.887961,46,192.454234,0.2938544544995196,0.03667739575963504,0.0642502110635136,0.2294886861563227,0.02584079814436244,-0.008949903686622516,0.3242753623188405,193.40131338920585,1.0
1.163328,48,192.577375,0.3096649968965309,0.06242310448959879,0.07527171659634666,0.2080916776502677,-0.04155387974374707,-0.0159224933932362,0.3229166666666667,193.23022147218532,1.0
2.743103,46,192.718038,0.2989376158619757,0.018300994660006974,0.07591520341571986,0.22163702221669773,0.0001015983182003553,-0.034824758393086276,0.3260869565217392,186.8103883602027,1.0
2.487143,45,192.832279,0.29555806940961704,0.022382566629189072,0.08133108064905918,0.22626185066814375,-0.0029454208926895523,-0.020394163468809047,0.3277777777777777,191.33662433520374,1.0
2.298278,49,192.953908,0.3103943218043883,0.028309327555747662,0.0741322360537553,0.20885613809178685,0.010408842217773733,-0.015441952827965759,0.3163265306122449,195.3324838057963,1.0
2.420355,51,193.080621,0.3188155857673801,0.018724603692346926,0.06117240176718263,0.19766689615682656,0.013165587569224743,-0.008209729545582812,0.3300653594771242,194.52045375184082,1.0
2.393902,45,193.188049,0.2979319779956428,0.0200452071612722,0.06545632765010914,0.2226144723220434,0.002532409519408601,-0.006297041432159435,0.3333333333333333,188.79082787674622,1.0
0.821172,48,193.326231,0.30971978413450907,0.05263003089847457,0.10691676995921982,0.20878289346288173,-0.035146945986535755,-0.042668494479139236,0.3350694444444444,192.14112739583837,1.0
2.485455,50,193.458622,0.31083294977635906,0.03970254146973263,0.06385103173501191,0.20863692607487244,0.024833167978591527,0.007103795105156524,0.3483333333333333,194.5036602934644,1.0
2.048978,44,193.568008,0.29502078493159795,0.017760717324195166,0.09676867423347296,0.22828113673883427,0.009329386907069023,-0.010988328741541124,0.3446969696969698,192.04429415525007,1.0
2.595808,53,193.695366,0.32393934862292056,0.021039778486363223,0.06151859460022152,0.19226345001780057,-0.0036764747334069848,-0.029011028790768004,0.3349056603773586,195.23169455334428,1.0
1.931037,44,193.801172,0.2933584201792515,0.02978097530137505,0.08942445991144428,0.23026530850588986,-0.015526740972147911,-0.04992649579721167,0.35416666666666674,192.85436816967157,1.0
2.473295,46,193.911479,0.29788388753223033,0.03415447306877789,0.06916956099113612,0.2243504725706041,0.024092500377062395,-0.01209746441086953,0.3605072463768116,196.19024493159404,1.0
0.550129,44,194.035555,0.30345980823599655,0.06222700699916979,0.05886377695775778,0.21735440167178757,-0.04155097859038445,-0.015491595398937718,0.31249999999999994,189.3273850560111,1.0
2.491873,48,194.149225,0.30675775377832576,0.0368313724982688,0.08356007663471844,0.21227330540928355,-0.01697003863497487,-0.03297407203291605,0.357638888888889,192.9293854635772,1.0
-2.487355,44,194.26169,0.3096303525002726,0.12331129004131244,0.05877020393401663,0.21029514852527145,-0.08746022865442321,-0.029406851784988374,0.32007575757575757,184.28360041119265,1.0
0.593824,44,194.365955,0.29872628647356253,0.07325736781458511,0.05572259747607626,0.22369000572083733,0.05733989197296881,0.0031227237367020184,0.34280303030303033,191.62659578623285,1.0
1.984625,44,194.475415,0.2970908823961768,0.032265516392163775,0.06171218741095953,0.22634436546010372,0.02005645033621895,-0.00805027304320293,0.3428030303030303,194.38938059822004,1.0
1.659182,48,194.620752,0.3059224609523042,0.05557701918667926,0.059505039494747516,0.21414962814195396,0.041554966740604334,0.007694457850051066,0.361111111111111,197.18421754215967,1.0
0.079109,48,194.738964,0.31392045382500716,0.0616239714537056,0.10385724848791916,0.2023415362254568,-0.03374069967485333,-0.01853714926332597,0.35590277777777773,194.23900291081011,1.0
1.369968,58,194.884918,0.33804022632147745,0.053770253242372855,0.07783306164905007,0.17650201626203413,-0.03693782356496462,-0.012881659641348287,0.3290229885057471,196.44238628577955,1.0
3.087288,48,195.002462,0.30082036944734575,0.03586899825156642,0.07594947692199328,0.22096369125830415,-0.0181012291645589,-0.010644829279063276,0.34375,198.12633661981533,1.0
-3.511166,48,195.118958,0.32440720645574106,0.1367446513736115,0.05125278262454274,0.19043891841888552,-0.09747893493353149,-0.017483976248828897,0.3506944444444444,185.96095967546873,1.0
2.220788,47,195.268582,0.30546021381114585,0.043632223557882495,0.051941370034258666,0.21396970653186967,0.032999759769638544,-0.001569121974741517,0.3404255319148937,191.02171168406943,1.0
-1.860802,50,195.389192,0.3220400508326744,0.11184370436467259,0.09457633070542078,0.1941698611412377,-0.07810529741389768,-0.05479521614765287,0.36499999999999994,189.7580377751862,1.0
0.297348,50,195.509024,0.3216550298203963,0.0699687193759582,0.07172976673446899,0.19493182048856178,-0.04964189453671275,-0.02921599318202447,0.35333333333333333,193.98377164121084,1.0
1.312012,53,195.635839,0.3218273723802863,0.0576124251633343,0.0902245520541431,0.19350704656601775,-0.03425963196385623,-0.009560908050871335,0.3553459119496855,196.23245024464617,1.0
-0.889733,46,195.748877,0.3112433307573833,0.09484957118375723,0.07654018562709211,0.20725908491942616,-0.06992816320630924,-0.040448974142973916,0.34963768115942034,187.33989785230366,1.0
-7.661383,45,195.859063,0.32442705019197327,0.15674740800786943,0.12471881920795909,0.19091627795027483,-0.11338588040609013,-0.0702345266636777,0.36296296296296293,188.28258043503095,1.0
-4.036034,50,196.011121,0.3334544576257462,0.12592512500651243,0.0756367629998591,0.18121391905605422,-0.09130283732196175,-0.02672424359654362,0.36333333333333334,189.64851356026858,1.0
2.187704,46,196.126204,0.29863719365541685,0.05138626918674836,0.05786001016099373,0.2253147807601696,0.03564271898677942,-0.005069091738666055,0.33152173913043476,191.92732383082856,1.0
1.701656,44,196.239723,0.2930376830883303,0.04387450845344508,0.09253190909039703,0.23209131665983795,-0.026099126192226183,-0.062380293908600226,0.3901515151515152,192.65517588690955,1.0
0.253379,52,196.36487,0.3222588551150273,0.06372609813650358,0.10502370746654222,0.19189227310686935,-0.03868324840118405,0.007150467850568485,0.37820512820512836,194.42243826565456,1.0
-1.24383,47,196.482778,0.31085915754761057,0.09363323225373031,0.09309891242315559,0.20617693399905462,-0.06685632877337011,-0.060978604502815885,0.3776595744680851,188.93601956717131,1.0
2.370391,51,196.631082,0.31871848854456963,0.025781445185591348,0.07234913934409873,0.19798268354685547,-0.012687959848393746,-0.04021435433405527,0.3692810457516341,193.5802911533037,1.0
-0.48372,46,196.738229,0.3097304286235503,0.08168527336964698,0.08499089256632456,0.20888929114946017,-0.05792890519445522,-0.019568918439887676,0.34057971014492755,190.3718165515881,1.0
3.185991,52,196.862269,0.3169685491803825,0.022735567352840595,0.06871666808815222,0.20000331531800136,-0.008972742393330296,-0.03104609089179189,0.39423076923076916,193.52514262562715,1.0
-4.290834,44,196.963286,0.3188081378040886,0.1267605632979465,0.07117246365241785,0.19954108848480565,-0.09567517205432999,-0.02606999011227322,0.3731060606060606,189.085113351417,1.0
-0.755556,48,197.081215,0.3183427906791586,0.08390773288328736,0.07260737019442218,0.19900374039060673,-0.05660690058099347,-0.025587652583844715,0.3819444444444445,190.85343648134918,1.0
2.047405,42,197.188629,0.29001320953923043,0.022151811985692146,0.07767937414408951,0.23652004391678746,0.000753992230119005,-0.053133119127655205,0.3908730158730159,184.78840453725923,1.0
1.67026,47,197.325592,0.3074004446191926,0.05379437114509797,0.053412316641561396,0.21328800514599544,0.03816581325229363,-0.0009362098749453531,0.3794326241134752,191.80417941534347,1.0
-5.059501,49,197.444776,0.33702690912400296,0.13612647910391898,0.059773821025459806,0.1774229262395753,-0.09784542724161654,-0.005962746744646656,0.39965986394557823,190.63078784208062,1.0
-4.57071,45,197.556171,0.32052858769719855,0.12937619986774757,0.09836366419714693,0.1970551393115879,-0.0940210703457718,-0.05751283856693416,0.4018518518518519,182.95818752020642,1.0
-5.442772,48,197.672362,0.3318401351687843,0.1495743305673459,0.06658856799544145,0.18324012611763565,-0.10654298588058271,-0.029343179350694897,0.361111111111111,189.4240670352846,1.0
1.594271,49,197.793211,0.3148806063264695,0.03563249012964905,0.0755917707682392,0.2014123814372242,-0.01871480171144367,-0.042491205489783204,0.369047619047619,193.496968011999,1.0
2.401365,48,197.927116,0.306387982565205,0.023122564870634334,0.08319298244531796,0.21222548677068934,-0.002116914222504162,-0.028807010241941215,0.37673611111111116,193.49148022067575,1.0
0.506095,51,198.051321,0.31719197935900256,0.09132314359216598,0.07877678040587824,0.19845426551632472,-0.06156586216984914,-0.011071729223943857,0.3823529411764705,191.28430110832485,1.0
3.319656,48,198.167795,0.30353946217096206,0.02491624253872492,0.04904561065419365,0.21686326087964045,0.010878411012163339,-0.016118987262140665,0.39583333333333326,193.03050841735705,1.0
2.179227,48,198.289851,0.30738135844815523,0.04851186007649357,0.04565543812160734,0.21170408399086615,0.03748454517928217,0.002921084541467977,0.38715277777777773,192.6684146013034,1.0
-5.535245,44,198.397148,0.32025961861793256,0.13992157231444738,0.1019926186319715,0.19824548332925132,-0.10542075074119926,-0.05691199109446549,0.37689393939393945,188.29002732565496,1.0
2.104889,44,198.527708,0.2961339757716642,0.019253208091059966,0.07935030007178345,0.22738315474191292,-0.000735157156302606,-0.044210470083035906,0.3731060606060606,184.5661092015039,1.0
2.653991,47,198.644756,0.3032511009827694,0.021875658977081085,0.0817581763195642,0.2165809517840602,0.0027765610760896306,-0.015858594829783614,0.42375886524822703,192.70351681706055,1.0
1.540998,44,198.754824,0.2985081562664343,0.03806605541272493,0.07325452734005052,0.22364089996133243,-0.021166477823546418,-0.02585057907117404,0.40530303030303033,191.88099382083513,1.0
1.844702,43,198.857623,0.2922359987690973,0.023296144780874186,0.08076882796404634,0.23162202205463006,-0.0006287900842994661,-0.031379890702728536,0.38565891472868224,193.03970378312675,1.0
-0.423917,50,198.974614,0.3195586028758116,0.09371664813684286,0.0811135120292172,0.1964546043733077,-0.06872777899202379,-0.020242177955893722,0.3733333333333333,193.64257977912465,1.0
1.386329,52,199.102156,0.3212897805303148,0.062430928330700776,0.045626409316089925,0.19558973642447486,0.0437868864799605,0.007475350767771124,0.4022435897435897,196.53225223223185,1.0
0.714411,48,199.263061,0.3096710154243942,0.07893783613231593,0.06240531362347595,0.20789013216324473,-0.05175930226008404,-0.006896980757310427,0.3993055555555556,197.89046976504764,1.0
-4.835659,44,199.368455,0.3174966416876319,0.1358491506349941,0.07817088602255835,0.2010961639398858,-0.10171092593756739,-0.025945899513332458,0.3731060606060606,187.5276992545838,1.0
2.032516,45,199.478474,0.2998110962306678,0.021764934975596246,0.06932156614757425,0.22181714234825142,0.004893919157252517,-0.029036542772280606,0.38888888888888895,190.11859694451942,1.0
0.760508,43,199.590207,0.2912713936821084,0.06297159483910447,0.10401639754930209,0.23394045454755444,-0.0436946214853545,-0.06528861223386032,0.3875968992248062,192.62471694652697,1.0
-1.571576,54,199.722654,0.3362925386842169,0.10324987086589921,0.05834447076031996,0.1771777386647808,-0.07154424187666901,-0.029903623546907395,0.38888888888888884,192.36860762113776,1.0
-0.657832,52,199.877675,0.32808451908148983,0.09141773527362855,0.07506257608517251,0.18728650726717813,-0.06377412698454522,-0.02838176994938008,0.378205128205128,194.91876991307947,1.0
-3.422357,43,199.997924,0.3101381918630838,0.12483887080266626,0.06679917823014857,0.2100548719597119,-0.09361285697203814,-0.0279536470585756,0.36627906976744196,187.70358874259676,1.0
2.819486,45,200.110078,0.290058827342671,0.035558473729714206,0.0839432370034672,0.2355548831911032,-0.01704514113219654,-0.03208288386129351,0.3888888888888889,197.11741059074873,1.0
2.842533,46,200.23048,0.2973955013368733,0.022832721955508884,0.0783481831950281,0.22523628278975674,-0.002796720346079521,-0.020296819758388235,0.37681159420289845,198.1123376572978,1.0
1.728647,52,200.355765,0.3241478789568099,0.022625535668005854,0.06994837447495607,0.19161455441031483,0.0055342154579098345,-0.004054043484213251,0.41666666666666663,197.34259540296168,1.0
-0.760748,45,200.468009,0.30523726001977386,0.09378565600015945,0.0757381588460316,0.21531383922978947,-0.06816873038304029,-0.00650352690205044,0.3703703703703704,192.65118431576462,1.0
1.520885,46,200.605876,0.30461964293364874,0.02864791134978746,0.08073728535596322,0.2158700249400877,0.011948792825367162,-0.014142537868017885,0.39311594202898553,195.61237587879782,1.0
-1.977237,47,200.71945,0.31729285793881085,0.10017816104298538,0.08310769591839404,0.19882097024170658,-0.07043887520013105,-0.03990324616216255,0.36524822695035447,190.18169086378978,1.0
2.491906,49,200.838644,0.3055319048633619,0.03503644117369904,0.09682849692059485,0.21511601324700957,-0.02277665791720137,-0.033697099406713456,0.38265306122448955,197.11990943368136,1.0
1.886424,49,200.958851,0.31394347064967093,0.03584612827924872,0.08684311578079895,0.20414574313802078,-0.01959748182151541,-0.04398926088206507,0.37755102040816324,194.9345872564602,1.0
-1.088227,53,201.08292,0.3340594894936433,0.09644486349206398,0.06508974772973579,0.179443967650492,-0.0680922354070552,-0.03140557543761158,0.3506289308176101,197.42062160167546,1.0
1.120302,49,201.259008,0.3162189162181737,0.056016625861354356,0.07680572536263991,0.20080264927699873,-0.0372971500584059,-0.05036642990555873,0.3792517006802721,192.70348908204508,1.0
1.816919,44,201.367054,0.2938827024271092,0.041279616794487245,0.0808472255038049,0.2298986517351195,0.031698071910708385,0.0117960544483941,0.3882575757575759,193.13174705227996,1.0
1.694939,44,201.476855,0.2931834601843708,0.05761692809407938,0.07995169611993724,0.2303781053731205,-0.03858584655481221,-0.04414399029039498,0.40151515151515144,190.05096194462996,1.0
0.91545,48,201.593163,0.3092969045822536,0.07921023502897448,0.07424637278942114,0.20935661157283617,-0.05274880714354657,-0.0068094319546026716,0.3854166666666667,194.1527918354955,1.0
1.197976,44,201.705805,0.2958827146068492,0.06841721504756501,0.05736669047445725,0.2277651316719332,0.05584809325522595,0.011203690650954187,0.403409090909091,194.4645476526378,1.0
-1.557216,44,201.811342,0.30251421188864824,0.10932837803795578,0.09119993937391419,0.21876373951128655,-0.07709985489839871,-0.03922068988120032,0.39204545454545464,191.0856892382045,1.0
3.148557,52,201.976952,0.31412434107117093,0.022201617837835766,0.0656447051177279,0.20367350375493593,0.0036695288115207126,-0.005098100373858289,0.3830128205128205,194.5844947549361,1.0
-0.749673,44,202.092328,0.30373296195992033,0.08575254458186578,0.052557328989501204,0.21669968868527156,0.07114465608937837,0.031673466851071766,0.4147727272727273,190.5325600538042,1.0
3.83181,47,202.211705,0.2950918089804442,0.023772298866097805,0.07390180031440223,0.22712053433661128,-0.000525128442436608,-0.018156465677448927,0.3687943262411349,194.18287588985035,1.0
1.452741,42,202.319329,0.2907434134179759,0.027862943495760364,0.08208249531728852,0.23588931946251526,0.017700618701093594,0.005337240220996009,0.386904761904762,191.1554390583436,1.0
0.826241,44,202.432289,0.30153963135012607,0.05400108895722164,0.07821229747195908,0.21975826729896986,-0.03746638174942999,-0.046594775499622924,0.37878787878787873,186.20201487311417,1.0
2.794661,44,202.644081,0.28842905905844357,0.060629008885355475,0.06024784469775982,0.23596461901784452,-0.037082340832533395,-0.017032748512408644,0.38446969696969685,190.4580860685017,1.0
1.276536,45,202.749927,0.30244809063954003,0.05472294280908784,0.04423849833695378,0.21893198698320182,0.04368859754551894,0.0055613005143145084,0.38518518518518524,191.6288013154156,1.0
2.020141,50,202.870162,0.314979143939602,0.05304378140822985,0.04649709146917217,0.20441332328210143,0.039847217710069535,0.0009422502433094154,0.3666666666666668,194.40211227442535,1.0
2.902805,45,202.976945,0.2951269476616118,0.023072695673193797,0.06958344283216057,0.22823405570086897,-0.008538397556712676,-0.04053745301217365,0.38148148148148153,189.54232108064707,1.0
0.428504,41,203.074245,0.2824943363472103,0.08220254832377825,0.06397475571569851,0.24773068343939006,0.06633014038572109,0.02169623476161806,0.3902439024390243,191.0969252660838,1.0
0.980186,44,203.178079,0.2935652923723245,0.07873074604988337,0.05164433511840128,0.2323019275676461,0.05891405810239385,0.01454647465530588,0.3901515151515152,199.57664957507234,1.0
-2.048964,42,203.305773,0.29998205287451035,0.10553216291979214,0.06988920960880234,0.22405460488093856,0.08259727616609462,0.03435824685034476,0.3829365079365079,186.3878681403099,1.0
2.546226,44,203.414116,0.29126058062563936,0.02399400852311635,0.07364169884137242,0.2323468220483365,-0.004549201127068387,-0.02386485435078498,0.37878787878787884,190.3766018411423,1.0
2.077799,49,203.54389,0.30955289207890424,0.04937435731262822,0.0837398260002073,0.2079030574188528,-0.03128015876487217,-0.02359587619120502,0.3775510204081632,193.63233717151752,1.0
0.387308,49,203.659724,0.3129687227511042,0.0780815354176788,0.06250077279334423,0.20473397883751135,0.05911373810227555,0.031144341035216586,0.3639455782312926,190.76597035530395,1.0
2.736633,42,203.764113,0.2833590478314759,0.023752113813727778,0.08199442720034071,0.2449967144066377,-0.0063467690057509825,-0.0037825329142118992,0.35119047619047616,188.02577480098512,1.0
2.136606,48,203.898487,0.3113776167831877,0.03244985674231621,0.0486276323821487,0.20722913139122032,0.019890716336547865,-0.0010788983887489655,0.3628472222222223,190.54190594993176,1.0
3.636829,44,204.010102,0.2867793630018568,0.027428634075836015,0.05365653057274624,0.23945670833763383,-0.012239130530659226,0.007777154311545715,0.3428030303030303,190.3685655085359,1.0
1.354855,42,204.116357,0.2916117799458349,0.03520737078377476,0.08451722862404425,0.2345129223933395,-0.01585022112291404,-0.011746381605132082,0.3412698412698413,188.42490830918703,1.0
2.063353,44,204.227336,0.2932868203234472,0.028754096334571592,0.07844053576402608,0.23241177744755942,0.017367709954640178,0.0304833604204112,0.3693181818181818,195.07091122846256,1.0
2.994181,52,204.356767,0.3150234881956917,0.033926538257735894,0.07682368139076645,0.2022688196420311,-0.016141646066625367,-0.02041273809519791,0.31570512820512814,192.4415625691093,1.0
1.543204,43,204.46145,0.2920075320660293,0.02545203230594218,0.08517387684753011,0.2318078076563846,0.0026273734556617524,0.0050270686696578,0.35465116279069764,192.0105635551818,1.0
1.14062,52,204.602888,0.3224758487817284,0.06103632866353203,0.08154682440183639,0.1930705547625535,-0.03810217093092101,-0.03190661047032229,0.35737179487179477,192.41704044313352,1.0
2.722409,49,204.724564,0.3072596316127903,0.03143434883755883,0.08009739590031634,0.21146015831304496,-0.020534152951486404,-0.03774374354270953,0.3384353741496599,187.97567129621206,1.0
4.054685,48,204.840782,0.2986791418473928,0.02023292935070013,0.06476124117465995,0.22224793580147795,0.006627103938076453,-0.017393561855430523,0.31597222222222227,191.68654713616095,1.0
3.008303,52,204.96691,0.3136678689168657,0.02474138978999511,0.09386414838496118,0.20415961062277338,-0.01049655177303425,-0.02547141662315017,0.33333333333333337,195.2169004263906,1.0
2.358177,45,205.080073,0.29558106510219584,0.03140657548893512,0.0694512308897719,0.22633604526672882,-0.016525093248376574,0.0009804311035024132,0.3259259259259259,191.1270906572039,1.0
1.891289,41,205.199272,0.28371260940210097,0.04681836176995465,0.047188047667964146,0.24667216829953084,0.03378739112559971,0.009394533860288235,0.3475609756097561,188.22379205675665,1.0
1.753279,47,205.314987,0.30180448424389306,0.06282055164547554,0.08740120914175933,0.21800560272356664,-0.04208884287408534,-0.050681442029358356,0.30851063829787234,189.1198464382628,1.0
2.794715,50,205.439198,0.31259216785923283,0.020279635198153987,0.06119855907349253,0.20466993845665005,0.00392006871765443,-0.03507025392072073,0.3400000000000001,191.48181415906467,1.0
-1.429097,51,205.566221,0.3242137731180229,0.10097458608327985,0.07848441124754439,0.18973527820130962,-0.06851087930701674,-0.02004476125093296,0.32026143790849676,193.58981467367153,1.0
4.148829,50,205.687034,0.3054739288756338,0.029218873106416944,0.043070883623800876,0.21455505321947835,0.006650052920452196,-0.011195869182371003,0.3116666666666667,193.7451074256304,1.0
2.727971,48,205.801965,0.3008031555923526,0.04465085019651711,0.07367817005557298,0.22041563414289045,0.03059574606004165,-0.008287815963100837,0.3211805555555555,188.79453170386384,1.0
1.279874,51,205.942019,0.3189544204008784,0.059376585391650985,0.06353049155680403,0.19605798240393474,-0.04222636792713298,-0.025286248460222576,0.30065359477124176,187.95435396143472,1.0
1.227787,46,206.056758,0.2956572798144414,0.08105055389592779,0.09207562152279543,0.22574115023910124,-0.058191854321152446,-0.028363019277162175,0.3188405797101449,196.1028132986623,1.0
3.801043,48,206.177499,0.29877402558075405,0.01828588547734338,0.0641107580165055,0.2232768975398004,0.0018177254063552553,-0.016161436109512508,0.30034722222222227,192.19881161248466,1.0
-2.393625,46,206.294237,0.30791221806728636,0.1265445271606072,0.08428980804843227,0.21010648855578798,-0.09092379482661186,-0.0436695300284025,0.31521739130434784,186.11629658822383,1.0
3.309363,50,206.415377,0.3086466913684057,0.027065338034089757,0.05904697215478176,0.21012527827725566,0.0028136937146162216,-0.000568256391666724,0.3133333333333334,196.89090347319947,1.0
3.57507,47,206.561965,0.2946405913620443,0.0279100812905286,0.07678991669404915,0.2274062401373584,0.019316147558475685,-0.03449047984094998,0.2978723404255319,186.26333496724428,1.0
3.732997,48,206.680485,0.30063819150531285,0.020348648675470725,0.06007895739080544,0.21992619450920703,0.00047577772131106506,0.011815070514044563,0.2951388888888889,191.3073409977233,1.0
0.967449,51,206.805435,0.3199356989779514,0.07780180719842789,0.06593586808341746,0.19575956343623677,-0.05536647330520408,-0.023405966271770176,0.27777777777777773,188.03217528011035,1.0
2.81948,51,206.929807,0.3052269660169871,0.06118095456254066,0.08850645975429255,0.21305629714971333,-0.040220913050489575,-0.043714385114536555,0.3022875816993464,191.10063865744564,1.0
2.908699,45,207.041377,0.2922323494506669,0.03885986236585323,0.06371216769392112,0.23247540539884987,0.03006281552445428,0.01644588090134898,0.30370370370370375,190.77602776034016,1.0
2.073297,43,207.170276,0.28601980453942266,0.06001685002154123,0.06288497623942868,0.24308355400987405,0.04656725812908364,-0.0018663858501629105,0.30038759689922484,190.13484314691044,1.0
0.093014,47,207.293036,0.30263331635662244,0.10393213220952742,0.08377025316926266,0.21713424747778667,-0.07321675559284624,-0.03291588449177884,0.2801418439716312,187.87772819740377,1.0
2.51604,45,207.404239,0.2906029140779628,0.05328207339395841,0.07120487658158643,0.2342843840412675,-0.035794947809858736,-0.014012652413664013,0.28148148148148144,195.00494267865324,1.0
2.560322,45,207.518583,0.2941271572731476,0.035593088389125255,0.07746084260172872,0.22771695186841323,-0.024123405476877843,-0.03955485169939384,0.27222222222222225,188.78194542919073,1.0
1.886062,45,207.630579,0.29686133467339726,0.0637339965222392,0.0550813062997542,0.22561161779158315,-0.040886204873795434,-0.022829961545719233,0.28148148148148144,188.56070663157305,1.0
-6.034038,55,207.759695,0.3521561374080665,0.15095634547321019,0.0633528392137621,0.16033541792170655,-0.1062191022161287,-0.007756350369243661,0.2545454545454545,190.19802651389816,1.0
4.149149,49,207.900639,0.29934402119166026,0.026611392333460514,0.07688710011707421,0.22093399944255612,-0.007152543427516179,-0.01761516764573605,0.2670068027210885,194.2565957866033,1.0
3.109532,45,208.006947,0.2881009990254597,0.04998912148646189,0.07176712078993161,0.23662670435519786,-0.03740056626136004,-0.03902027142066012,0.27407407407407414,190.29275485303828,1.0
3.963204,48,208.119148,0.29803326592481016,0.030696100427555488,0.07088138655080442,0.22447681502731975,-0.011523415956001213,-0.0025076485095694013,0.3038194444444444,192.06078289757124,1.0
2.840582,46,208.229024,0.2975804471521529,0.01848751241722874,0.07175220525389296,0.22428069384119684,0.002039092918869535,-0.011733587846959314,0.2789855072463768,188.7854081644427,1.0
-0.940204,53,208.351699,0.3261884724133507,0.10139770288574411,0.048474639354671153,0.18950090496468727,0.07727487821369142,0.0274766866100936,0.2767295597484277,192.0640185805837,1.0
1.487483,43,208.507997,0.28986578760311665,0.048888796149424374,0.08697857532701317,0.23760053769261852,0.03733907736016678,0.03175869332942899,0.2616279069767442,185.12636478121934,1.0
-0.915691,48,208.62546,0.3075576406619109,0.11108872146269427,0.0953819811647403,0.21037793163479065,-0.07898195620516484,-0.028578185481985558,0.2708333333333333,190.49353300237814,1.0
2.947027,46,208.733051,0.2970950583419994,0.023693902815568407,0.07770339443000965,0.22611567584524214,-0.006885546794002934,-0.02626641595519251,0.27355072463768115,190.8344141319176,1.0
3.754924,52,208.854625,0.3120899844880821,0.02627467627193237,0.05357379484355532,0.2048654210430508,0.012700449764644897,0.007849507862070478,0.27403846153846145,197.27001509710252,1.0
2.573943,49,208.966206,0.3023502526836193,0.0705989449164028,0.061918734546927,0.21639433433700306,-0.05274433188479618,-0.025504697031413497,0.26360544217687076,192.88795592078273,1.0
3.125368,44,209.070526,0.2833594460236002,0.05005836906905346,0.0584156175480804,0.2459771889696882,0.03550253988719952,0.037341813967494523,0.2897727272727271,193.20476207900364,1.0
0.506984,53,209.224426,0.3184140721246357,0.0955095067972824,0.07458103226596476,0.19747736264749188,-0.06788023159121026,-0.012178054701490939,0.24213836477987422,196.86265963056522,1.0
3.29818,50,209.345536,0.3070183607128463,0.037079772155784715,0.06826978423732279,0.21194105800571567,-0.018524757772321224,-0.024845515281688494,0.265,194.1728780721722,1.0
-7.785403,55,209.474519,0.360720253069169,0.1587185859111214,0.0606495556003918,0.15055198763903005,-0.10876512373240503,-0.010593375557546388,0.2590909090909089,187.42402247491952,1.0
2.828033,51,209.592537,0.31051307553498164,0.04926864087477361,0.07529713238594458,0.20755618052107835,-0.030773221741612598,-0.02713279085820809,0.2581699346405229,194.86791063228193,1.0
2.115521,51,209.751297,0.31454655510973883,0.04487562025406234,0.09284343654047869,0.20313935046210865,-0.026474104978126946,-0.0015840298973732953,0.27777777777777785,192.98794111856114,1.0
2.776374,45,209.863055,0.29485332141139137,0.0315526022560415,0.059432515859989495,0.22891821174618293,0.021130803389990002,-0.0010480026108920229,0.2888888888888889,192.69987440078876,1.0
2.526903,49,209.989213,0.30729347534844725,0.0498773825444802,0.0696361258151261,0.21237172427657902,-0.033644786112226724,-0.006221449935713071,0.28061224489795916,195.45371564054824,1.0
2.620092,50,210.107171,0.31035960430499876,0.025387644626625117,0.06931951049671845,0.2067364763748877,-0.0026768881760131503,-0.002628232160633861,0.2766666666666666,192.7971991605226,1.0
-1.218486,45,210.215086,0.3032140395840451,0.10489081842036647,0.10247978243805582,0.2169124584583564,-0.07487453212995422,-0.06869034335041932,0.2629629629629629,188.1824049563931,1.0
-1.131107,43,210.321402,0.2967831531847574,0.10308972250612512,0.06827326157400045,0.22628704077113757,0.08357902507522554,0.025706903619619758,0.2693798449612403,189.4033153768665,1.0
3.617848,48,210.477511,0.3005751679201978,0.02958732072476176,0.05781702222490476,0.21940270153303124,-0.011955101083050037,0.003351980976205113,0.265625,191.19680222027216,1.0
3.761877,51,210.602063,0.31064147678843534,0.026571639756884095,0.05219150882436155,0.2080628703969822,-0.008688422535742136,-0.0038127316804623724,0.2581699346405229,190.86902807308942,1.0
3.044145,55,210.72921,0.32054857167048567,0.05829870568603233,0.07236923130060129,0.19614104669083113,-0.0381816795244023,-0.012263425503324467,0.2636363636363636,196.87429728702665,1.0
0.273445,52,210.851169,0.3242738692959863,0.08298226271585678,0.06936961121124918,0.19029772305783313,-0.05959511590324891,-0.0241754111323157,0.264423076923077,191.3957337033098,1.0
1.346322,46,210.956636,0.29582631235582296,0.08975527353936344,0.08173474461987959,0.2253901793039542,-0.060207824176648606,-0.018823183684642832,0.27717391304347827,187.67035437697734,1.0
3.700431,49,211.098099,0.2999884195939793,0.041417501035088365,0.05583252323636003,0.2211817133368411,0.03032008086695434,0.011472547017750415,0.260204081632653,200.84028335216098,1.0
0.360173,48,211.212169,0.3111718444531751,0.08337536942102114,0.07560331108876032,0.20615152637506118,-0.059153089053789604,-0.015414806535801732,0.23263888888888887,189.64207992703538,1.0
0.086622,52,211.341567,0.32372018729592356,0.08624820678447159,0.07407498308287361,0.19035552428798297,-0.06131954728482583,-0.05104273481566784,0.24839743589743593,190.704775677291,1.0
-5.161295,54,211.485361,0.34406377533601007,0.14471772019771695,0.051925373648800364,0.16742992051563807,-0.10052868913592619,-0.00815345604448264,0.2453703703703703,188.6047925733819,1.0
3.415443,53,211.615794,0.310819256976894,0.05432540053652959,0.0875239733597239,0.20671668598309603,-0.03619118733141468,-0.02798326633217806,0.25,192.6524432095762,1.0
-5.954406,50,211.801189,0.3355049940352884,0.15552097795987463,0.07770377948712066,0.17723025053736272,-0.11244181208865438,-0.04432041115892585,0.24666666666666667,184.91108135928312,1.0
-0.414664,41,211.903592,0.2857417889324337,0.09501956997181088,0.0561111033912989,0.24297026169786973,0.07542426009572428,0.02566658603073083,0.27439024390243905,190.40799206758288,1.0
4.618063,49,212.026531,0.29689455072355136,0.019185717653934713,0.06588365248558456,0.2236391694498355,0.003757554408080501,-0.030502789315485564,0.25680272108843544,191.30401764262933,1.0
1.834774,46,212.14022,0.3004991763521258,0.048443753376785643,0.055218200977312,0.22082769770065583,0.034135065693093526,0.0036059071900787997,0.25905797101449274,190.47885188497378,1.0
2.699585,49,212.261946,0.29967200959477164,0.06662975600685092,0.08568668715167135,0.22046737354326618,-0.04806513562467168,-0.015007807843268758,0.27551020408163257,188.81705766361952,1.0
-3.343766,46,212.374026,0.3197240504614412,0.1181188311575882,0.07983135536798848,0.1976015822907577,-0.08728025358819833,-0.009704938928527819,0.25,187.79914400783824,1.0
2.059092,45,212.516407,0.29062778595426575,0.06994219987370497,0.07575619118542228,0.23287618020332357,-0.04420986275351009,0.008455299577773297,0.2351851851851851,191.08190398058738,1.0
2.968431,44,212.625188,0.28781833794085054,0.03941305248935814,0.043374977655103536,0.23861227737192364,0.02823351556552944,0.00877774222037879,0.26136363636363646,189.54404062111652,1.0
4.289346,54,212.757994,0.3139831182375743,0.024775743242978675,0.07241578208423977,0.20479707345555423,0.00412388065164761,0.013220753418391858,0.2345679012345679,197.91578118154342,1.0
2.46174,47,212.872348,0.297816104633224,0.055617229697484664,0.07068082825565636,0.2242615054315552,0.041778552418398576,0.03160856147004509,0.2588652482269503,189.61380513340671,1.0
0.058699,49,212.990519,0.31365508483966176,0.09529019085947267,0.07217658316731368,0.2035806320003588,-0.06851985925181532,0.007807856818578871,0.23469387755102036,189.91730800200224,1.0
-0.958346,53,213.141343,0.3290967545651519,0.09313576573476307,0.07851412234947706,0.18638168599948035,0.06739718632044023,0.0410544573512528,0.2531446540880503,186.86965205369015,1.0
4.405557,48,213.269845,0.2952916706297089,0.028070318456195936,0.06294901016890903,0.22656133943472476,-0.006060340310421547,-0.003392163038527233,0.2552083333333333,192.30127023458138,1.0
1.871584,43,213.378836,0.29157910987692415,0.050807542317307594,0.06385762491402273,0.23167927328187612,-0.031831714886670144,-0.02577865449797432,0.24806201550387597,182.08345694809523,1.0
2.585182,59,213.522074,0.3343549919128137,0.05831601502199762,0.06029312493328776,0.18039821105130652,-0.03748446237179287,0.001026034788010049,0.22316384180790966,193.6344960286823,1.0
1.314459,49,213.647172,0.3019083544252339,0.08917178094717872,0.08860386432630478,0.21643350268311745,-0.06328235677485851,-0.027674877234602272,0.2482993197278912,190.4075519186916,1.0
1.53427,44,213.772378,0.29327497273388964,0.07746909480819876,0.07007790830727001,0.2309697401934607,-0.05602416314189415,-0.02605703805448403,0.2083333333333334,185.87806707049847,1.0
2.109423,47,213.894579,0.29837734178103004,0.07495621122627287,0.07033448191262763,0.22168331275589273,-0.052066773639605636,-0.008336734584996789,0.22695035460992907,189.7771550768458,1.0
2.856582,47,214.010604,0.299926178816183,0.04479303810933007,0.04918788371723126,0.2227977715715092,0.03161527426057482,0.012484169464224893,0.2677304964539006,189.8140218202687,1.0
1.642819,47,214.127315,0.3029489974243487,0.06386360932566801,0.050640382790845574,0.21783831615835222,0.050925601183024194,0.008628399231500107,0.2606382978723404,190.36228604976407,1.0
2.812492,47,214.251562,0.29676807399419136,0.045083002517306174,0.08793899300781961,0.2244508108398451,-0.02766865763682952,-0.013074015510153919,0.26063829787234044,190.48083368730806,1.0
3.118841,48,214.394034,0.3052490033642915,0.03491247759550885,0.03789678149843379,0.2147431739035691,0.021169238613219035,0.007931918056526334,0.2222222222222222,186.24967901967446,1.0
3.498658,46,214.510981,0.29126505337842684,0.05181587617523843,0.06014286955375995,0.23200620014855322,-0.03506954241717798,-0.01095748602678664,0.25362318840579706,187.0011274293366,1.0
-0.991664,46,214.632302,0.30635366333270553,0.10202379278592918,0.08860123968845984,0.21150702198291169,-0.07436748921105958,-0.04397421207966783,0.233695652173913,187.96027837112058,1.0
4.298788,45,214.736485,0.28790948394477495,0.022198378716647246,0.04493805365940679,0.24006563634372877,-0.009272454343961482,-6.920295020794327e-05,0.23148148148148145,182.03378907432477,1.0
1.201952,46,214.841097,0.29635573896263845,0.0603999605858627,0.10109709341953127,0.22745392815208326,0.04793845044251714,0.06105535527632755,0.22463768115942023,186.67536146700738,1.0
1.751322,46,214.952615,0.2978541232723649,0.06836890745731013,0.0788472447831501,0.2234879113410023,-0.048774207663324264,-0.028007614607691446,0.22101449275362323,185.29808297276324,1.0
4.550107,48,215.09335,0.2958191128996673,0.022470979982127617,0.05760129120204328,0.22687305434308103,0.0032588937835454543,-0.0030114560657860862,0.23958333333333326,187.70240378467102,1.0
4.138969,49,215.215552,0.3020352483475205,0.026261131990865383,0.05648869212442197,0.21828076053688603,-0.008525999707534284,-0.016969413247812648,0.25,189.37599984315332,1.0
-1.24541,49,215.336211,0.31420410799022935,0.11552108706277671,0.06873608777225045,0.2027329513424134,-0.08108706202588525,-0.022316368630210665,0.23129251700680267,189.2954751208058,1.0
4.082176,47,215.454487,0.2924547684834214,0.03404754485352183,0.056003266940480176,0.23292950551785477,0.01845138931540962,0.02547907667772374,0.2429078014184397,187.2290617761795,1.0
3.87681,45,215.56055,0.2875267782036112,0.021838534012463717,0.057590806245014635,0.23969938660104337,0.0037383169632844776,0.0010544387155955108,0.25555555555555554,188.81140299302137,1.0
2.566554,49,215.708,0.3005971899324581,0.054997674498182866,0.08387282140262695,0.22060301185312053,0.03852654418830051,0.0308074111140177,0.24659863945578234,189.1807775680614,1.0
1.105774,47,215.818465,0.29405192365123767,0.10026457707240484,0.08682331937870666,0.22744903782881076,-0.07380598816771926,-0.0586125549174934,0.24645390070921988,187.66439508082763,1.0
3.293253,48,215.934084,0.3020464141163782,0.035312768784452525,0.053556237359006074,0.2189488355235453,0.024401385974945514,-0.00232782136468104,0.24826388888888887,185.8716822324698,1.0
2.24409,49,216.055425,0.3030789839588916,0.06322252302355226,0.05796567576452585,0.21904333232379694,0.04234213578611253,0.02049053712095933,0.2534013605442177,188.58841296711253,1.0
3.781371,50,216.175467,0.30062383492965633,0.06676591983424221,0.05252324070502596,0.21915730277046153,-0.04559977518671597,-0.02464045761832133,0.24333333333333332,186.2521878890311,1.0
4.169084,50,216.294275,0.3040908341609291,0.0348532805108454,0.060623581975177275,0.21608273581471774,-0.017603822582995046,-0.009685552556790501,0.23666666666666672,187.90531700448363,1.0
1.236379,47,216.433971,0.30238395127650286,0.08427353641359528,0.07223587217823525,0.2175047574708784,-0.05684972093776571,-0.008388359080732209,0.2712765957446809,186.37430204070318,1.0
4.893852,46,216.54551,0.2840705024309028,0.03153339094052035,0.04819338711613733,0.2451245424563378,0.01725026133468696,0.006011061187815155,0.23550724637681156,189.0827132876839,1.0
5.062176,46,216.653698,0.2849443834511106,0.026558931263844364,0.057186984226778134,0.24347415718625323,-0.006130239488146323,0.004646444458669619,0.24818840579710136,185.0902655396269,1.0
3.208193,44,216.755622,0.28781211640800425,0.03212333910734512,0.0646237022951393,0.2394291277504526,-0.01258066524973214,0.016286498715034195,0.24621212121212113,190.69329489702307,1.0
-0.553803,46,216.908401,0.2989627448832805,0.09688717898700935,0.0937780414278473,0.22375846372402702,0.07950743935365244,0.06486210198413107,0.2554347826086957,188.89518683452158,1.0
3.247953,42,217.07951,0.28054023870597444,0.03871543667046954,0.05456681307992178,0.2501922968428736,0.029591209907219883,0.026484260379352836,0.20436507936507942,181.72904720724807,1.0
5.077039,48,217.211837,0.29278212232872747,0.02328406253738215,0.04078449851735051,0.22986531349846928,-0.009862627475318693,0.0011184169083482672,0.21180555555555558,183.80792808896047,1.0
-7.590776,40,217.309422,0.29539747699912916,0.1727163598912657,0.12181281975239826,0.2301534865085629,0.13586515426375348,0.10237064331749904,0.21875,182.16824505945263,1.0
3.045783,48,217.424316,0.299482323599003,0.05233604180054865,0.0536401729290143,0.2233116138624618,0.04010167021396222,0.023531217456978556,0.21875000000000003,183.95752997916426,1.0
3.279172,47,217.538267,0.29007806461339064,0.06255889933790224,0.05406190962242953,0.2379728778122853,0.04521654682940899,0.031087829867006457,0.20212765957446807,185.19014955035945,1.0
5.50972,50,217.653985,0.29459329873054335,0.033985342263065564,0.04841267916368228,0.23101929422440004,0.01334133041068603,0.02361065590862875,0.21833333333333335,191.18828112917618,1.0
2.9086,46,217.783834,0.29719369365897985,0.0329234578780939,0.06778744424303502,0.22439089827218014,0.026895946142651027,0.01408025251274678,0.2192028985507246,180.66813003376896,1.0
0.745373,46,217.89012,0.29513127492930963,0.08794600856622031,0.07552043129485644,0.2290611484532767,0.06512186488963918,0.05824944605766335,0.22826086956521732,185.98280222262434,1.0
4.229827,45,217.994338,0.28219392896341,0.041352628539056614,0.06875394555959474,0.24625302829567902,-0.027804514568508805,-0.01659712235704605,0.20370370370370366,188.26286240661696,1.0
3.271026,42,218.093233,0.2759286307795826,0.045404566973248794,0.0702584971486398,0.2574082453225374,0.03241049447721881,-0.009725825624944258,0.2182539682539682,181.23937161980697,1.0
2.405692,45,218.203784,0.28579610133114636,0.07743377402376904,0.055040865044272365,0.24260262768379753,0.05869596026241965,0.01856405855546961,0.23703703703703702,190.0475576649706,1.0
3.446649,48,218.354522,0.296044616155758,0.043843856625824795,0.08139464396634025,0.2272009951851224,-0.028149166043048235,0.0162080399640476,0.1927083333333334,187.77126868603716,1.0
3.611728,45,218.465619,0.28656620805779776,0.04728027481842565,0.05073971990007275,0.24123020836788228,0.03227748708313362,0.014646027698049737,0.2037037037037037,181.63480874044302,1.0
3.172974,43,218.572223,0.2765628116129422,0.059582218642334,0.07710097699332748,0.25385429271982024,-0.04572634396059793,-0.03182126385527355,0.22674418604651161,187.73576661073355,1.0
3.576796,46,218.68496,0.2868512059067484,0.04916671368546798,0.06417306453164098,0.2407509026706057,0.03459951576109544,0.04326294970199739,0.22826086956521738,186.0969764985176,1.0
4.696659,49,218.804002,0.2997735628881862,0.014963545428635445,0.0526049812317948,0.2212210120639694,0.0018091542665184483,-0.0007891993019897971,0.23129251700680273,185.3959797145363,1.0
0.147795,44,218.912248,0.29119062116214856,0.0972664203567114,0.07260701169231303,0.23508979347055287,0.07383405264905912,0.04359535816948798,0.21401515151515146,185.95101318129016,1.0
1.645842,44,219.352358,0.2898880312858293,0.06247532236620111,0.0839947084533655,0.23698868423080519,0.04870283080358941,0.056043099092456215,0.21401515151515146,182.02592320239788,1.0
3.410454,45,219.458611,0.2869883158364664,0.026923797767090182,0.08628739209792735,0.23904017892097854,-0.00684047682423804,0.04577184754583336,0.23333333333333334,188.5829712191815,1.0
3.855293,49,219.582587,0.29964097231536085,0.038823252206407165,0.06510343320385123,0.22197413487867515,0.02575164259862603,0.024576794729397274,0.21938775510204075,186.3385283706536,1.0
4.278105,54,219.719295,0.3115153247734711,0.02600273738974766,0.07263405201907508,0.20887163313712234,0.01269356336924742,0.025243013604362742,0.22685185185185178,189.35449432351854,1.0
2.09578,44,219.837958,0.28167987239098363,0.07519267969307251,0.07386567139601956,0.24784601126720077,0.056617174438130385,0.03699689165330453,0.22727272727272735,189.32332649898527,1.0
3.38128,52,219.992717,0.3091000253407951,0.026954822192951932,0.09019513365050866,0.2102252005780049,0.012494378311050321,0.03607597960004129,0.23397435897435892,187.61198218735706,1.0
3.822968,46,220.107057,0.28609641236659367,0.05982977856226771,0.0743048251920093,0.2401364337427063,-0.045721957100751616,-0.000537451110708045,0.20108695652173914,189.16505293675024,1.0
5.630159,52,220.239892,0.30295235666455417,0.018326190137669746,0.057168874507909924,0.21692024713415642,-0.00497685449092062,-0.016570029453691192,0.2403846153846153,189.3831596058296,1.0
2.460254,43,220.344968,0.2833147345748677,0.06502753899998685,0.05348824097081293,0.2456766974522784,0.05131436913289418,0.019492311192572217,0.2151162790697675,185.88282159633974,1.0
1.608597,45,220.463151,0.2921959455543958,0.07331026085662437,0.07048684173380788,0.23458025334462837,0.05509086559811774,0.05031602270457183,0.24629629629629618,184.84786484209496,1.0
4.199052,54,220.603488,0.3136037408463998,0.022330100861602878,0.07030510490084596,0.20419462939836835,0.009892585095315518,0.02760891339901368,0.22993827160493824,188.74833821381014,1.0
2.402564,46,220.75246,0.29708526613671243,0.04414195621326398,0.0919686019696451,0.22489567059354257,0.03342905872633229,0.01221475773507975,0.24094202898550718,185.15617597846048,1.0
3.740704,48,220.872477,0.2963928514817527,0.042265664150387135,0.07205220024708044,0.22755760615157794,0.03031161059975634,0.012727294398895216,0.24131944444444442,192.03769377944022,1.0
3.476692,45,220.978234,0.29334537489282647,0.015792455482106584,0.06150492810526465,0.23045114318344864,2.5842612877702596e-05,0.005590461605732011,0.2351851851851851,181.42162152086843,1.0
3.59631,46,221.08693,0.28876777847335877,0.05047395958943159,0.06669451165525507,0.23529828320172658,-0.03632040782731686,-0.005953136456888035,0.233695652173913,190.24554352917258,1.0
2.452225,46,221.198634,0.28654174022178336,0.0677049959125654,0.08497601375879613,0.24050115461502702,0.045175056854311155,0.055654905393182075,0.21195652173913043,184.1943458931866,1.0
-1.103448,44,221.33792,0.29492484790948725,0.10636220291621434,0.09163047248208568,0.22983842608032734,0.0808402214524508,0.05730071554931111,0.24431818181818185,182.5744867152948,1.0
3.334093,46,221.445227,0.29585721447012453,0.02218927443615844,0.06924687287991668,0.22705272380676247,-0.009004289215648924,-3.595355617942508e-05,0.2391304347826087,185.73941348324703,1.0
4.080141,46,221.555821,0.29138359179964407,0.021760280530115632,0.06774340526223806,0.2331804680319737,0.0034826994104170507,0.014864481852211902,0.24456521739130435,187.73986142596974,1.0
0.663501,46,221.675215,0.29968527597233613,0.08358785333191593,0.06832255851430127,0.22288024015423472,0.06389207882381107,0.04142942381754483,0.22644927536231887,189.67925848020818,1.0
3.6195,47,221.799592,0.29442095325288514,0.0480364218541305,0.07293722004272295,0.22764311424413947,-0.03260413239732852,-0.024647607472688886,0.24468085106382984,186.5758266666832,1.0
3.740506,45,221.909227,0.28501026506980337,0.0634580198919508,0.062407783339303205,0.2412639161936342,-0.04423432479676615,-0.020728404363352954,0.24629629629629626,187.58688781130004,1.0
3.982133,44,222.039099,0.28378103862103327,0.021675375279791534,0.05112931688699575,0.24485260402473788,0.007916345635900523,0.005402186760104092,0.23863636363636365,188.5674696216761,1.0
2.716036,42,222.139393,0.28112454311503343,0.026283760078389277,0.07073247430053244,0.2484431691736726,-0.007799525901935801,0.01015917758920872,0.23214285714285707,184.37599601297993,1.0
3.032671,47,222.25701,0.29738190558729555,0.0466674262082058,0.06521061388445322,0.2246180449924454,0.028112846981077383,0.036267211590636464,0.2393617021276595,193.771634771538,1.0
4.35061,49,222.377871,0.29911301144476543,0.01737581348229262,0.057849077374609176,0.22181926736569024,-0.005808764710257769,-0.014678358804947517,0.21938775510204078,190.69150042925196,1.0
3.09474,42,222.479363,0.2800950366307328,0.037355319082426605,0.06345786819207744,0.2516637346440996,0.021362535334402435,0.016973355581994275,0.246031746031746,188.74100591552693,1.0
2.65031,43,222.585934,0.28362325793833376,0.04354302423221626,0.07153080526544636,0.2460247600025428,0.029280660918221412,0.03703667232711667,0.2441860465116279,185.2432479678544,1.0
3.318273,44,222.720016,0.2844971570366703,0.03976099755793408,0.0777803201221192,0.2428698889133904,-0.023435152086907173,0.017636681140009384,0.25946969696969685,191.83484249821922,1.0
4.587435,50,222.844228,0.3014169676928872,0.024790955485459846,0.05924037828689141,0.21959249729098315,-0.0065892432762652674,0.003798978987852899,0.24833333333333343,188.9638006374488,1.0
2.7512,42,222.94435,0.2802141800790027,0.02675165482454856,0.09774282719869949,0.2515586901773832,-0.0019191220354109328,0.04530333398967944,0.23214285714285715,188.72387543124847,1.0
0.158075,40,223.042596,0.27826897766542713,0.082289690769634,0.09544939502981474,0.2547200315429613,0.06472971969479546,0.07054112250371307,0.2416666666666667,190.33160710483742,1.0
2.279345,42,223.144349,0.278759580662567,0.06765911571386916,0.06857088202310153,0.2532348383343827,0.052262635699714996,0.04058553575633566,0.2242063492063492,182.18796221219168,1.0
2.840311,41,223.249094,0.27720582172961195,0.03646201624596328,0.06330258437664107,0.25551411827474513,0.02526520801230051,0.034620877320890676,0.258130081300813,186.61954938817436,1.0
3.621804,48,223.389143,0.29881969618064924,0.03916706976085735,0.07404708514502358,0.22263783961707204,-0.026844874929429007,-0.022776449844770993,0.2413194444444445,191.58688582044294,1.0
3.90597,45,223.503467,0.28616408877956817,0.03524674305584965,0.06231414483607473,0.23858503248874668,-0.022516771780157572,-0.027265603096528767,0.25555555555555565,187.29699784596014,1.0
2.575646,44,223.607189,0.2909370287705636,0.041529800639612785,0.066540576059065,0.23430995183354064,0.032042768208833276,0.001000641615503964,0.2613636363636363,186.15158662342057,1.0
3.163165,44,223.71509,0.28861722985617105,0.019665073647268726,0.07972466825762246,0.23648149119954576,-0.001131094748613102,0.015145005751859442,0.24053030303030304,186.52580183233752,1.0
3.029213,42,223.811745,0.28110289270983063,0.035172741962691725,0.0631975209190654,0.24841216292443072,-0.020359363566462726,-0.021027883663325843,0.23809523809523808,189.22366120381233,1.0
2.571564,47,223.939231,0.29592977436490714,0.07641459237561055,0.04523021058001464,0.22500529345445902,-0.054943219767222204,-0.017458638109949676,0.22340425531914887,190.30656196795337,1.0
2.622079,49,224.053315,0.3073954066744091,0.029341464400420385,0.08308833849450685,0.21231531718422908,-0.01274448061625623,0.005112540595251573,0.27551020408163257,193.17841418253278,1.0
4.046146,43,224.154697,0.2769392626455721,0.03904664942801772,0.05168763925952624,0.2542671135749567,0.022878886146411207,0.018314671054881354,0.22480620155038758,190.66916891284927,1.0
2.558803,48,224.268184,0.29945404395321773,0.05408077245632369,0.0982267796451739,0.21991075799801482,-0.04146592721400748,-0.04501398918348088,0.23437500000000003,190.4927439633689,1.0
2.21872,49,224.383749,0.3065971750616815,0.050221960413404876,0.07965989648608468,0.2114439858216439,-0.037649992623843366,-0.02397045434413298,0.21768707482993202,193.8362157863042,1.0
3.136913,49,224.500803,0.3064097849694271,0.03128600715116864,0.06088036992344185,0.21315970958391411,0.008888907623477308,-0.002190058750948295,0.24659863945578228,190.54358329822773,1.0
-2.942536,49,224.648115,0.3147129838314861,0.14267049361869902,0.07633950000820514,0.199992777985372,-0.10240389474619523,-0.02883564087021847,0.2193877551020408,186.45762832896278,1.0
2.421732,56,224.783005,0.3236879339142938,0.08069819991382408,0.059539948386796736,0.19126275630634426,-0.05997698845195082,-0.013411543633222644,0.21874999999999997,196.58883531277544,1.0
2.900075,49,224.903011,0.30317866948439,0.06328550507286164,0.06971824169544448,0.2148679486121167,-0.043635834876562994,-0.03772722565322517,0.22959183673469385,192.30123405473836,1.0
-5.885742,46,225.012189,0.3200688554358668,0.16997697711023985,0.07267010410749486,0.19565437026939736,-0.12529603132642486,-0.011011172763305457,0.22644927536231876,188.59268626824806,1.0
3.56801,49,225.142771,0.3020038761473146,0.0350928443029113,0.0690319283057299,0.21679163005559196,-0.018518910397648317,-0.0029997094592126134,0.23469387755102045,191.34302827802506,1.0
0.456626,48,225.279562,0.3067308232008095,0.10026455618375335,0.06517559812936677,0.21037279921828048,-0.07488950818807798,-0.027569171891286662,0.2291666666666666,193.7873295733996,1.0
3.912232,44,225.381135,0.2826688227227893,0.02325915709041352,0.08543739374668889,0.2455983914158259,0.007046993545551772,-0.00552917051500911,0.25946969696969696,192.31104714859782,1.0
3.814805,45,225.487663,0.2841856898877078,0.03899078152621557,0.06668003198274217,0.24297278808830552,0.026948967964192237,0.03602265865500584,0.2370370370370371,193.51030601204,1.0
0.423888,54,225.610235,0.32471487758299555,0.09560606105611641,0.07743917738072709,0.18930903543168576,-0.06797922246707014,-0.004466614629493034,0.24382716049382722,190.985996546895,1.0
1.732409,43,225.707831,0.2878575454972949,0.05202147044137781,0.09382012215544434,0.23711628240835153,-0.03714654941514318,-0.04477624699165551,0.22093023255813954,187.14984920638767,1.0
4.276046,47,225.832975,0.2933044248017889,0.0344053179588888,0.0554523026403716,0.2293689553873972,0.022729504934835856,-0.00815385677403078,0.21808510638297868,192.5411954716557,1.0
2.028044,46,225.935562,0.29867243850765013,0.07105012149936049,0.06210354217251328,0.22306480434767373,-0.05353665807285681,-0.02467423632154492,0.22463768115942037,191.24295869487486,1.0
3.239565,50,226.056197,0.305923995099579,0.045844440585437074,0.05954923269719408,0.21459674107656132,0.02577243101295525,0.011952736731126606,0.25166666666666676,197.2343563945447,1.0
-2.556335,48,226.173047,0.3127616402178265,0.13334343760534859,0.07633925928817327,0.20241384003557802,-0.09775638503152377,-0.005803692209279416,0.21006944444444445,188.25657251263297,1.0
3.829764,45,226.284173,0.28013636081538185,0.06401846100590003,0.05766334276125872,0.24861686090107868,0.04747384686126761,0.0013964140130269043,0.24814814814814806,193.71117586783438,1.0
3.444089,49,226.406451,0.296945430739111,0.04389747672799026,0.08180365834625616,0.22499438199006402,0.023916255294534595,0.02359839275162302,0.24829931972789118,200.18235399476808,1.0
4.590207,48,226.544444,0.29075590145065283,0.022520384056483947,0.06775292379322181,0.23281515033528066,0.0024462849522199027,-0.010707754200464983,0.25347222222222227,198.56248704936243,1.0
2.155294,44,226.660666,0.29052341648194996,0.04868880121458635,0.08051275106122974,0.23444015722457826,0.03660045126498435,0.03413731272620762,0.2840909090909091,193.18012531715985,1.0
1.470524,40,226.761681,0.2778279723416562,0.05452966801307866,0.08112704012799773,0.255492859467293,0.04181224168357418,0.048605551514465536,0.25416666666666665,191.4145111376051,1.0
3.060893,45,226.868842,0.2927961390967335,0.026187219754535765,0.0732943053961299,0.23121813167261981,0.01757294110079906,0.015595943699382636,0.25740740740740736,194.86793757671504,1.0
4.238082,45,226.974571,0.2841039975248974,0.03338180935440207,0.059854956291561096,0.2423889086061504,-0.01939716235877261,-0.013758285907065432,0.2444444444444444,191.77923330252364,1.0
1.856581,44,227.103677,0.28928820254504,0.07447116227978409,0.050312664825778904,0.23664050624016644,0.05326576016652937,0.02232363074087014,0.26704545454545453,190.2087666814682,1.0
3.399013,44,227.210562,0.282776390089178,0.019308812536156895,0.0936879917517132,0.24429131768514695,-0.005435820095055833,0.015983533889814446,0.2784090909090909,195.00318062976004,1.0
3.589834,45,227.313531,0.2875188666906895,0.034358760963407765,0.0746116792918184,0.23629577414644132,-0.021002077328025847,-0.0065151013116308415,0.24259259259259253,192.5117489260936,1.0
2.731674,45,227.418433,0.2902070454168359,0.05586719342690868,0.06130108786194188,0.2356182531200798,0.03774069085910886,0.02577007869574446,0.2648148148148147,193.0439640901644,1.0
1.6184,40,227.510249,0.2764422133572126,0.07465568130386241,0.05480976973670436,0.25793061987224647,0.058324591277357826,0.00659995518498638,0.26249999999999996,192.51643922917287,1.0
-2.593686,61,227.65008,0.3476030937496882,0.12861656959384182,0.07424847706987123,0.16323787124298392,-0.08861697834424026,-0.02610253665733855,0.24863387978142085,192.72397350233896,1.0
-1.30893,40,227.765871,0.2859703473643788,0.11407361147831406,0.05625167328259578,0.24379184023630524,0.08786657132027004,0.0361101265067706,0.29375000000000007,187.7050628659725,1.0
4.164273,44,227.867308,0.2837209888148304,0.024267011503548937,0.04947497923800204,0.2435530640934935,-0.008359667483363295,-0.014936833053896119,0.25000000000000006,190.68098078147324,1.0
3.245326,49,227.983452,0.30412706495848335,0.04865291748742623,0.0677099948307433,0.21421155814208237,-0.034601054032146875,-0.023609075993466424,0.27040816326530615,192.58893738225564,1.0
2.756779,49,228.099002,0.30207431559787323,0.05914107741972969,0.06965595863969574,0.2179949442690013,0.04288045883925685,0.03559679132416348,0.2908163265306123,195.42121550568518,1.0
3.458559,48,228.220511,0.2961186212986369,0.061542883121870284,0.06381519817424737,0.2243929844216872,-0.04517648357002139,-0.011155036623073072,0.2604166666666667,193.96699327238636,1.0
4.04857,47,228.356161,0.29523860291662907,0.028613076585709406,0.06050992675904778,0.2264366325406767,0.013286081248861105,-0.010000872778895057,0.2712765957446809,193.45873370244288,1.0
3.256216,43,228.456964,0.2846767420715344,0.025643358934516105,0.07630664275760886,0.242523700121861,0.010161219791310612,0.023986326066454462,0.2674418604651163,194.33478303696677,1.0
3.934172,45,228.564784,0.2865229254815252,0.022752002936996456,0.0794657395145043,0.23935523227503558,-0.006401869121822433,-0.0035316393132953957,0.2555555555555555,192.56433701909182,1.0
2.840286,46,228.671167,0.29697004259096915,0.022080957999701337,0.07223066681584503,0.2241508215437687,0.010689189809524862,-0.01682319724151208,0.2880434782608696,191.4615040064655,1.0
-4.240847,47,228.786102,0.31954874845656284,0.14836971755712058,0.06594095092777665,0.19604262454235183,-0.10987022443671811,-0.026728061752300733,0.24290780141843973,190.23588134995052,1.0
3.061558,46,228.903145,0.29561959819045286,0.03115351670487516,0.072718335366707,0.22641001132533942,0.02154730233296666,0.011905412685904268,0.27536231884057966,187.98879747340342,1.0
2.459484,46,229.049407,0.2951490828356353,0.06682788834103541,0.06619587315246499,0.22642498255820803,-0.04910468587505585,-0.004852284562750278,0.266304347826087,194.18413697037818,1.0
2.796825,43,229.148274,0.2838307934569566,0.043214479805050714,0.06866956077021374,0.24284210475956183,-0.029954314730433126,-0.02511590871693965,0.25968992248062023,193.29692970337507,1.0
1.932849,47,229.262479,0.2979974988347337,0.06765120271319064,0.1039785984716478,0.2217222991962188,-0.046492506429164755,-0.05040272363651881,0.2624113475177304,190.45623476753582,1.0
3.465268,48,229.377438,0.30027846964726335,0.04235883581393245,0.058257872132690416,0.21957882458871048,0.03147990001999334,-0.014980648787088739,0.2812499999999999,194.87967454252023,1.0
4.5786,46,229.492561,0.2831817205177582,0.028429375181423057,0.08539667772712319,0.24405178770402625,0.0066224976818991385,-0.002371838954576135,0.2807971014492754,200.19397729494005,1.0
3.858278,42,229.606067,0.27385213040927603,0.025272671118140407,0.07553133596963438,0.26005092208458425,-0.0020682825855966583,-0.020989363390320554,0.26388888888888884,194.8792403277641,1.0
-2.161683,46,229.747539,0.3085844315975351,0.11384298326844844,0.11811074156780796,0.21071453775798282,-0.08269407111052131,-0.027976436728887846,0.28260869565217395,193.95772092074537,1.0
2.827612,46,229.866118,0.2928417946496197,0.06681552019961168,0.04287581347752522,0.229045019172097,0.049976072225646144,0.007841447768779167,0.2952898550724638,189.88210555415944,1.0
3.702012,43,229.970955,0.2832906303238641,0.01519965895688081,0.06577915856823181,0.24419919688723232,0.0030731217222546214,-0.01163783788047804,0.2926356589147287,189.156158289583,1.0
3.447365,49,230.088283,0.29823982365739665,0.03823480525077521,0.09068767033456097,0.2224986010841692,-0.024249361961925838,-0.011440796871250073,0.28741496598639454,198.34939397082675,1.0
3.411104,46,230.207099,0.2897862900051923,0.04218044182585005,0.08059419074957791,0.23480403607614003,0.033144965082060385,0.03309514452020583,0.2952898550724638,195.41437481038665,1.0
2.931091,45,230.339161,0.2899025998845947,0.05826667385009443,0.05074438437503126,0.23449082295075,0.043647806496689874,0.024806255833457892,0.274074074074074,199.21007230643264,1.0
-2.349946,44,230.446025,0.30089680717134415,0.12187899102512258,0.06345445716508204,0.22088356446798435,0.09123696041423078,0.04775083325907652,0.2746212121212121,193.09054519648308,1.0
0.238503,40,230.546753,0.28062880646284477,0.08156820248891916,0.08841369851903483,0.2516996411923061,0.06423807506187718,0.05903535601359219,0.3,189.29443666561266,1.0
4.002587,45,230.65475,0.2865759032769303,0.019890211212304748,0.06447121013462938,0.23785435114928274,0.008104694715270231,-0.03474074376618004,0.2870370370370371,192.78228668239123,1.0
2.55471,43,230.758741,0.28523174579141947,0.0248043051988658,0.09234165703809455,0.2417059752709501,-0.008727944646641832,0.011472493562585397,0.2810077519379845,191.783565656433,1.0
4.172933,51,230.882501,0.30847775207049166,0.023933316356616545,0.0497726467036157,0.21017639292682724,-0.007990723120557965,-0.008907096027150476,0.3006535947712418,191.06367475890633,1.0
3.941178,43,231.010293,0.27870388981392547,0.04029819647487058,0.06356457336447678,0.25060632205594424,-0.02313605658274256,-0.013657026165953138,0.27906976744186046,191.09747138435552,1.0
2.954027,56,231.145506,0.323523162537866,0.04041396196079802,0.08032237540178189,0.19149605497121538,0.02583799690641739,0.01434099315674831,0.31101190476190477,197.72236468071281,1.0
2.93637,41,231.247045,0.27360776360139,0.0503719394374499,0.06503725979013955,0.26235581721237655,0.03594917407099169,0.03662417870916264,0.29674796747967486,192.25977508718265,1.0
4.020153,47,231.361901,0.2952591957530804,0.020894244350984734,0.06607532139390622,0.22633478266619195,-0.008235616085185821,-0.014412160430761729,0.28368794326241137,193.11860090371212,1.0
2.586514,49,231.480834,0.30142061448910856,0.08311426148602519,0.05367715556084324,0.2172486927452437,-0.058104056425357084,0.00313096105927407,0.2857142857142856,195.12981857573058,1.0
0.313173,45,231.617618,0.2980141813221099,0.08355410713825286,0.07884091701745975,0.2240882034751594,0.06069473495661053,0.030282713060927287,0.28518518518518526,193.50171832174408,1.0
0.280366,42,231.719331,0.2864536528858365,0.09187022016923195,0.07343023376027895,0.24147759019936255,0.0702995443557974,0.056069338891074225,0.30555555555555547,190.29167838336747,1.0
-0.59599,39,231.808973,0.2838571439434771,0.09477932854302418,0.05335231336380576,0.24652346650920287,0.07622607177090775,0.024197562539707198,0.3311965811965813,186.7381955434009,1.0
2.607839,47,231.920014,0.3007394681189809,0.022515699313279066,0.08690593178508073,0.21896626165342398,0.00554517360054772,0.010232239179759114,0.3031914893617022,194.17301674715696,1.0
2.721497,50,232.042121,0.3103163681593009,0.04537205656401463,0.06658704754139429,0.20733841318934348,0.03197252132095004,0.001138446679018987,0.32333333333333336,201.17597259596948,1.0
2.588262,41,232.143633,0.28049363251685083,0.026470749088497076,0.07373774094657679,0.2500192479566197,0.007419042858737324,0.015085053594624608,0.2967479674796748,191.96614321978092,1.0
2.411371,45,232.267745,0.29047522378542373,0.04507138917011739,0.10040817578609475,0.23503703142539561,0.030326787461228338,0.03682010805014675,0.30925925925925934,196.31762259835722,1.0
2.06843,46,232.377878,0.3020092373229796,0.031147443980105396,0.08119970497785031,0.21937187559990956,0.015916402901010523,0.014386150961749184,0.318840579710145,196.80821453996668,1.0
3.252838,42,232.482353,0.2795396414186558,0.028098162591979507,0.08212127073750175,0.2503728476801918,0.001015200811507486,0.002110300768489156,0.2916666666666667,198.16386476018167,1.0
3.56129,45,232.589967,0.2880797247959739,0.030070975543741014,0.07534106092621705,0.23621371041325526,-0.012485587268547014,-0.017107706571507664,0.2907407407407407,193.0236322040161,1.0
3.568905,46,232.701266,0.2924387306929293,0.04268234558441596,0.07710506051966723,0.23092438648583685,-0.026673229106714644,-0.025452046115621844,0.3260869565217392,197.32437110366575,1.0
3.504596,52,232.824895,0.3141782757871468,0.02723804618773615,0.059975098458164885,0.2033217259694842,0.010160497430754017,-0.0003598387368666445,0.3221153846153847,203.6139438946817,1.0
3.03539,45,232.950719,0.2910736955661481,0.047017416945375035,0.05858084749346206,0.23286309247504472,0.03635138970734762,0.014602961111905984,0.3407407407407408,198.73787458194522,1.0
2.344919,47,233.065936,0.2974108076456809,0.059186016191656615,0.06524703827423725,0.22372458468668305,0.04660704508396973,0.019473669667401352,0.30851063829787234,199.7841504052011,1.0
3.009495,52,233.189711,0.31175420800835446,0.05676119881484301,0.07757235249341876,0.20544035353864304,-0.03914484278854065,-0.012021446507059367,0.3108974358974359,198.22251096715743,1.0
0.893883,44,233.297793,0.3008549082650925,0.057556041921698345,0.05948124090010538,0.22057007650573324,0.046098836631549636,0.004903331103916397,0.33333333333333337,192.51043940862886,1.0
3.276166,47,233.407508,0.2969023345739697,0.02961163453854133,0.07282795283501471,0.2234670706945558,-0.011398272174495313,-0.004989434373046606,0.30851063829787245,194.54235003803788,1.0
3.780384,43,233.52247,0.278996565713365,0.02996318535277239,0.07794898605534234,0.2497455760400002,-0.016444855674918515,-0.022570692100170056,0.29651162790697677,195.1333005165388,1.0
0.451399,47,233.635144,0.30180304978192335,0.10389435525590907,0.0679914430712868,0.2159881873913983,-0.07318140573561359,-0.020510095733281032,0.32624113475177313,191.32985059976434,1.0
2.29404,43,233.738662,0.2814201065536944,0.07241679073209406,0.0767287884693435,0.24745643361039119,0.05633431848467398,0.03442850891745419,0.34496124031007763,198.34747789683138,1.0
-0.12231,46,233.863355,0.306239408743076,0.08890373557008233,0.05176973098521022,0.2136384961991545,0.07008182199512385,0.020222114327260572,0.32065217391304346,203.327724573535,1.0
3.97952,51,233.984441,0.30902786804158666,0.030824598104670344,0.05189962798728305,0.20821094631943185,0.020104220954958677,-0.008546698977536593,0.3382352941176471,203.21916125807445,1.0
3.543787,45,234.088413,0.2838903605683425,0.05083981405293967,0.07883989096721374,0.24314767671550802,0.03782683358650226,0.02517662747373382,0.31666666666666665,202.6729040229727,1.0
-0.206379,49,234.225614,0.31535450120018454,0.08061902510192342,0.08328815845979312,0.20213024445292654,0.06326683334875093,0.040322717375020224,0.33333333333333337,200.6098373157534,1.0
0.703426,47,234.334444,0.3095150158396347,0.07476301890116356,0.06552267472594289,0.20862531152047897,0.05817284811310387,0.021813647265637982,0.3315602836879432,200.57458514470775,1.0
-1.825301,44,234.436528,0.2993406222009232,0.13342715159472904,0.06569004128929935,0.22165649114528713,-0.09419649037764613,-0.008402022025140779,0.3106060606060607,191.5148756533242,1.0
2.558356,45,234.546697,0.29488300971068476,0.04962032326507271,0.07564465299408168,0.2282101575271255,-0.03029899079334119,-0.006256271243592147,0.3277777777777779,197.569909534913,1.0
0.751574,44,234.649068,0.2964363147010026,0.05574109534100922,0.10250863097129911,0.2266723184823685,0.042302913574273966,0.03736866849454986,0.3428030303030304,200.80193793831066,1.0
-2.579694,39,234.743069,0.28884309845923994,0.1117857134916073,0.09198996076123003,0.239840179225578,0.09266668866254348,0.062084171144615626,0.3589743589743589,200.7415770647343,1.0
-5.533844,38,234.854149,0.2918445248720094,0.1418083800823687,0.11246993509082122,0.23679844363999014,0.11730461247224382,0.08890348501860527,0.3223684210526316,199.02462671291218,1.0
-0.472867,40,234.947531,0.2860262357701407,0.0864878818902079,0.0844614778600534,0.24374254086165834,0.07012312021256034,0.04373855898838275,0.3479166666666667,197.44254534946103,1.0
-0.190105,41,235.044705,0.28812570266736226,0.08286762244873956,0.09140766865136181,0.23867158118671414,0.06643396115599666,0.050357728336618154,0.35162601626016254,195.58061430659345,1.0
3.102693,43,235.14481,0.2846777523932672,0.03277082583061829,0.07145246236173769,0.2422415318690126,0.020163779242207868,0.012345455002952197,0.3197674418604651,195.53428539918474,1.0
0.948607,64,235.302806,0.34461485549667037,0.08950536552592651,0.08811871587961462,0.16749517538903427,-0.05681597967766829,0.0013103443812873111,0.3177083333333333,203.89287837320003,1.0
2.948554,47,235.45062,0.30055563570820437,0.04950396970971831,0.06367148509857311,0.2187084709960454,-0.029429445650531804,-0.004290242681937174,0.3085106382978723,195.17510822245055,1.0
1.906662,47,235.563401,0.3056401089558024,0.04870109633262948,0.06431471122033378,0.21443918664777128,0.03302606881357325,0.015305258965187392,0.32801418439716307,200.2991841426304,1.0
0.860883,43,235.665824,0.29109691394412857,0.08611911008154281,0.04951985772247585,0.23290962001508364,0.06848397812058207,0.01850076151931696,0.3178294573643411,198.31072720061042,1.0
1.60135,44,235.769733,0.2927069445866625,0.057690133560346114,0.07898516243356027,0.2304616550065858,0.04421608810198215,0.02375714239926102,0.3522727272727271,198.03561288179583,1.0
4.685771,46,235.879488,0.28538550147866787,0.025366348574271377,0.08710588294208994,0.23778038114702524,-0.010545064584971595,-0.036127065153909566,0.2898550724637682,195.71191667697815,1.0
3.149633,48,235.990676,0.29917643603859057,0.056826072613827605,0.07500509354969848,0.22006439760130472,-0.036873975716975094,-0.01387522147577856,0.326388888888889,197.5584784827004,1.0
3.326058,51,236.135853,0.31100283169654613,0.029041415790742518,0.07015216346148444,0.20752368371936328,0.014608929963044073,0.01738133480229296,0.34640522875817,200.38291636563022,1.0
2.304537,45,236.244656,0.28854865044803213,0.07551282146502164,0.09359182947623913,0.23442364254724554,-0.04944420202103074,-0.030825322004705388,0.32222222222222224,193.43921185301625,1.0
1.654634,42,236.343249,0.2841893546908841,0.07234029738803983,0.07078129592740437,0.2443529344344429,0.05946092357478674,0.031012880809386727,0.35317460317460314,199.29540104459608,1.0
3.049738,47,236.459163,0.3017013927540399,0.026067473252289603,0.07263332704768852,0.21889902160013602,0.01570643129401489,-0.010578676570997992,0.34219858156028365,198.01777739629017,1.0
3.35246,54,236.588366,0.31839701602242354,0.029701156901738492,0.09191123852859348,0.1971467354459658,-0.009261942974323659,-0.011202108793713616,0.3148148148148148,207.32946934165648,1.0
2.891449,52,236.731944,0.31279485571584265,0.045021026443078836,0.08361463764571629,0.20273717064704413,-0.027719070596875926,-0.010429204362067557,0.3301282051282052,201.1966736341451,1.0
3.703772,57,236.869389,0.3222428839082849,0.04308484848771538,0.09122775712317734,0.193474910886358,-0.02381885822408974,-0.008737276936363628,0.3333333333333332,207.29871740672056,1.0
3.490129,42,236.972214,0.2802778670453812,0.038527642868031335,0.06261444898445362,0.24891137352401785,-0.021601270818256312,-0.0053893788923567235,0.33531746031746035,193.66370429389184,1.0
1.669425,42,237.077336,0.28742364727585024,0.05624376196195909,0.059820796488772254,0.24028809177873922,0.04445302492111421,-0.002060379315920146,0.3948412698412698,198.5976057060858,1.0
2.992087,43,237.182883,0.2845598219586949,0.021094190573270367,0.08530379949240408,0.24209023339751398,0.0067717185656565836,-0.012852141122291966,0.3275193798449613,199.8819827629156,1.0
1.816739,42,237.288007,0.28791183021992334,0.054457942781688744,0.06360805118051098,0.23933484551140408,0.04286017345036086,0.005149439232563938,0.3392857142857142,195.55632776231207,1.0
3.889231,44,237.421324,0.2866441013248201,0.025679652563491737,0.05751156534988992,0.23846721713463195,0.015467290474986583,-0.010369839722524872,0.3143939393939394,195.69266358278364,1.0
2.090672,48,237.534819,0.30079455036885455,0.08366712903552409,0.0721778089344565,0.21797247883077397,-0.05423466905337474,-0.02445301024158231,0.3333333333333333,197.62227817376484,1.0
1.63081,40,237.628173,0.28147130276308757,0.053906905883128214,0.07233045591384288,0.24933735415877573,0.0453502682517765,-0.02271953782535595,0.3291666666666667,199.41423749164954,1.0
0.367922,49,237.741899,0.31151302224833416,0.0926554988635942,0.09043892534474542,0.20570617500752014,-0.0634893802335525,-0.03565298706512125,0.34183673469387754,198.43007024382317,1.0
-0.663217,43,237.842393,0.29946029428188026,0.0968101587895085,0.05080374360447891,0.2217353075273354,0.07993614367391053,0.02903813066426956,0.3585271317829457,199.487912928084,1.0
1.434098,47,237.977199,0.30076235215745106,0.07859878023272782,0.08436815883186558,0.21980478822347657,-0.053123593444734905,-0.017807484280212706,0.34574468085106375,197.48831547455538,1.0
2.640376,45,238.089162,0.2937537430163024,0.04363134051958259,0.07830674011240528,0.22839236892830664,-0.027424375451151083,-0.02455312595711098,0.3333333333333334,194.89107111401088,1.0
1.717371,42,238.195796,0.2864050480369811,0.05138154576853046,0.07278615406355288,0.24175753751839585,0.04034297333448376,-0.009443547005135725,0.35714285714285715,207.10573007424796,1.0
2.407746,42,238.305015,0.28310503101531154,0.030284632441254507,0.08988955324023311,0.24524613608291576,0.019783430150730256,0.01969109392471687,0.3293650793650794,196.21975698531762,1.0
-0.481272,44,238.412195,0.3020924107097987,0.09471094219981459,0.05508163888734743,0.2189611965303315,0.07625539624473351,0.012498580363139982,0.3484848484848485,201.29755335593939,1.0
1.463916,43,238.512919,0.2945214656630027,0.03608032488341387,0.08583031087198033,0.22995367272090264,0.024677652573056052,0.021205612034154938,0.3217054263565891,195.51449605297648,1.0
3.731118,46,238.647928,0.29357120291357464,0.024742179340412302,0.07049895142932729,0.22916839698855,0.012800056258730564,-0.005335991214231297,0.3605072463768116,201.99537119123278,1.0
3.830175,46,238.763881,0.2939017795519986,0.031107580135592852,0.06573962885059564,0.2280247149726242,-0.012773246795005187,-0.02435382570509188,0.3514492753623188,196.78836522629587,1.0
-3.914236,46,238.885479,0.31868278735415123,0.13768504134962742,0.06694959480217541,0.19749817760941865,-0.09877911523086332,-0.034130463275166924,0.3478260869565219,190.2759613773444,1.0
3.146671,47,239.00248,0.2967827002034063,0.047461337463817636,0.06824185913582458,0.22436856485313975,-0.026984142842506605,-0.01988780374675718,0.32624113475177313,204.93188351239007,1.0
-0.563742,42,239.115524,0.2950772594008635,0.0859357634545168,0.061123539418809984,0.22981947626722307,0.06333446843618658,0.018123149554789084,0.3333333333333334,198.84415147100555,1.0
-1.917463,47,239.24139,0.31229550584398535,0.11693852596519771,0.09396093959932143,0.20399593673269703,-0.08149551798934872,-0.0505707412583213,0.34042553191489355,195.53342436552694,1.0
3.570702,44,239.377895,0.2842016605836529,0.04123914973193558,0.08852870025794181,0.2418429346230129,-0.021457945286606824,-0.0002793966083136248,0.34848484848484856,198.37084400964795,1.0
3.867393,47,239.494142,0.29110146341914966,0.04260604257397335,0.08810557027716158,0.23143155092216364,-0.026926551873789537,-0.044400670043071036,0.35106382978723405,206.08097950190236,1.0
-0.442749,45,239.605391,0.30289200423120627,0.09452320442900711,0.06095221802800631,0.2189189993856643,0.0715781266431758,0.024718619811670742,0.3425925925925926,203.13647219940867,1.0
3.433982,49,239.725477,0.3045069584142649,0.03801095746576001,0.07019773946208799,0.21477342166513985,-0.023029681636840497,0.00045502250070311777,0.34013605442176864,200.48091121697752,1.0
2.349422,47,239.838587,0.2975400419326997,0.0674934846481411,0.0589079699464656,0.22309611264079776,0.0517458637956217,0.0201085583244148,0.3315602836879432,202.46074242390796,1.0
4.39783,51,240.003683,0.30538617685795877,0.024213455293882122,0.07405093329822056,0.21160031590943754,-0.004525317869806637,-0.011731777046125031,0.3120915032679739,205.19372197990322,1.0
3.420769,49,240.12899,0.3067168309565893,0.02215675172856978,0.07384914045764554,0.2105454795903592,0.00641294012873314,-0.02752786197949248,0.3231292517006804,200.13525350663647,1.0
3.283241,47,240.252904,0.2977606484039516,0.046083184627275856,0.05804294555581941,0.22374157934749295,0.03395393052443264,0.00971010380550616,0.29787234042553196,200.70669223581703,1.0
2.496809,48,240.378062,0.29782960241455975,0.0751340635056122,0.0726543307978538,0.22307499550628432,-0.04813978473734929,-0.002841904605139658,0.3420138888888889,206.2173389314813,1.0
1.666528,46,240.491497,0.2956119430043063,0.0717770195458387,0.10680961091199952,0.22554326458309484,-0.04446116234247676,-0.050000863641609855,0.32789855072463775,202.88716465031865,1.0
2.771624,45,240.601141,0.2974000721874752,0.0331350387420042,0.061651607850843386,0.22411225771145213,-0.011324615984448375,-0.024058578775974553,0.31666666666666665,197.17860965654327,1.0
2.742838,46,240.749355,0.29680695783641814,0.031164792825037257,0.08511773151421417,0.2251427661409304,-0.016125621790512083,-0.022539634675498875,0.3460144927536232,198.1922805978054,1.0
3.398508,45,240.86108,0.29022378732409077,0.04459116132241628,0.06428640975980333,0.23332675774789016,0.03567024310337906,0.022145732018378418,0.3444444444444445,202.87897566050557,1.0
-1.031496,60,241.010929,0.3485184454322838,0.09161521448479691,0.06290597644445978,0.16406153416854846,0.06742493610993223,0.02590473790525179,0.33333333333333326,213.19107874561223,1.0
4.066883,44,241.120621,0.2789569762390076,0.04780454747771093,0.08252802977573842,0.24991108541954324,-0.02868658451308569,-0.0195091220385265,0.321969696969697,197.1568201754665,1.0
3.038955,44,241.231447,0.2854016837787298,0.060916453974529446,0.07501611031795538,0.2403039012948631,-0.032786882328488705,-0.0074607038533916585,0.3219696969696971,205.43578266263,1.0
-0.637251,51,241.387712,0.3149847076663301,0.12788593619877275,0.059249899623207786,0.19967389184088774,-0.08728638916698715,-0.021790561147183942,0.3202614379084967,200.29898785406698,1.0
2.567404,50,241.511809,0.30443411365787754,0.06767308136829725,0.09659691761428789,0.21356663826875583,-0.04267352041273226,-0.027479212645022316,0.32666666666666666,204.21753233839024,1.0
2.433476,47,241.623771,0.2995600611034191,0.06348436327365198,0.07747198828585262,0.22042244830459834,-0.03991379871531587,-0.005855630666046701,0.35460992907801414,203.82616351645513,1.0
2.647541,47,241.740122,0.2947883663858596,0.07625766098276021,0.07587549662554993,0.2254400257509633,-0.05309453632821896,-0.04129583669186896,0.3262411347517731,195.83592617293988,1.0
2.997774,43,241.839906,0.28509769961480125,0.020536812524131056,0.0772702030610442,0.2399010754558787,0.0059748796168460185,-0.015702427840072614,0.3449612403100775,202.42930344264045,1.0
2.930279,51,241.996078,0.31261233285923046,0.050286211994161584,0.0743339331657335,0.20352292224389731,-0.03147714185217188,-0.022951093419249283,0.33660130718954256,197.36571853014024,1.0
1.512855,43,242.100999,0.2902883795111165,0.03650678680671016,0.11595320383746237,0.23475650124137645,0.02637094552914159,0.029662215001113924,0.3430232558139535,200.9183156436041,1.0
2.725041,44,242.204871,0.28333720121067735,0.07482507940625749,0.08482645038965267,0.2431054892684509,-0.04911865456657156,-0.000368436743078975,0.3731060606060606,199.1907788577844,1.0
1.53114,48,242.326308,0.3012528888504266,0.08566562019294564,0.08101482048694103,0.21689802099030508,-0.05946225693771836,-0.03615258714724053,0.3506944444444445,199.02943691734276,1.0
4.031024,48,242.439157,0.29846563440601526,0.024500289040686987,0.0780360261065054,0.2212802972312603,0.012073863664633734,-0.0075140767441832885,0.3263888888888888,202.20813986327292,1.0
3.151616,48,242.548259,0.29703609244662554,0.05448650095189676,0.0815881525217344,0.22356562253607537,-0.03745204023143673,-0.005419181210171416,0.3350694444444446,199.86890710725336,1.0
2.551945,50,242.696184,0.3120252772162492,0.030716339315721434,0.08610491297398618,0.20564867474533063,0.01792197165718411,0.0038794908358016204,0.3500000000000001,205.81643734312823,1.0
1.966055,50,242.819207,0.3099108254242535,0.07457981267488367,0.05878257140377389,0.20702604399119579,0.05650896325927942,0.017974490469546113,0.34333333333333343,208.57734220150124,1.0
2.036888,42,242.915523,0.28794903795211974,0.024003652277024397,0.08975745316566631,0.23950693818627725,0.0031227087514036334,0.00546964400377549,0.32936507936507925,196.78449065234196,1.0
3.373297,47,243.021913,0.2993733868313533,0.024688919331950242,0.07411947826208853,0.22003731799863097,0.01331337670778488,-0.004497348674760429,0.33333333333333326,195.18251068531896,1.0
-7.813019,48,243.13604,0.3330887300125727,0.19363952592145228,0.08020468070720024,0.18095075249272274,-0.13574725385260164,-0.01957738185460226,0.3368055555555555,187.29834626297955,1.0
3.501305,43,243.262067,0.2850168869957802,0.021650206396971794,0.0783677989021126,0.24124854970789128,0.006822393173735468,-0.013982695582223786,0.3488372093023257,196.406895685887,1.0
4.55734,49,243.383244,0.2975613188210971,0.038040151672378945,0.07256144645834493,0.22217447200145649,-0.01962451816059298,-0.005230527683258622,0.2959183673469388,204.87844195330956,1.0
2.251836,51,243.504582,0.3060745671840211,0.08530376769711182,0.08990553322870075,0.21109581611263456,-0.05660114068184402,-0.008242573450287997,0.3169934640522875,203.55714268670886,1.0
4.207664,48,243.619669,0.2918650458493104,0.05478612769846523,0.07744018679809704,0.22895922948694025,-0.034577148240347015,-0.017926347852810026,0.328125,202.5555514486858,1.0
3.323336,53,243.752207,0.31988125354262187,0.023027858827516415,0.06744498136350494,0.19522522797627304,0.010462254610190576,-0.001309643177035582,0.31603773584905653,203.25615971580717,1.0
2.870368,52,243.874387,0.31320429462065613,0.056553278617885325,0.08871833263701064,0.2019869573519532,-0.03242578395394034,-0.008067218173398706,0.3413461538461538,202.63449714561304,1.0
4.485154,48,244.014847,0.29144371026628973,0.04733447572318716,0.07493791196919292,0.2299262090287373,-0.02830525614434617,-0.009311751235934944,0.2986111111111111,202.3468249288301,1.0
-3.206869,40,244.107395,0.2872227742182955,0.14941563064305474,0.06951001262556497,0.24070768038269996,-0.10851309123411075,-0.0013726369144117143,0.3270833333333333,189.05296562897198,1.0
-0.254069,45,244.212803,0.29429764668167313,0.1277588622103634,0.06448148532062947,0.22701261915825566,-0.08618623655507192,0.01607277143613501,0.30185185185185187,196.137534244884,1.0
4.488569,47,244.324918,0.2912632621363616,0.028681978035036713,0.08012516513715005,0.231479062293829,0.018960413827434335,0.0022465879118895708,0.326241134751773,201.3437101544179,1.0
-5.683126,51,244.443029,0.32982482761989496,0.17739556457191133,0.07612715557206486,0.18296549163738252,-0.12302232611406395,-0.017529012059340217,0.29411764705882354,191.2064338204091,1.0
-9.725037,46,244.616127,0.3294766152651149,0.2105764130347539,0.07867451330142387,0.18456252006809334,-0.14900242757845875,-0.03894608316488088,0.2989130434782609,188.22895174168337,1.0
4.199202,52,244.744509,0.31176667954995135,0.022509469422201795,0.062004777831634696,0.2056956777106548,-0.0025462326464529934,-0.013717639381709872,0.31570512820512825,205.96533130089304,1.0
3.037384,52,244.872566,0.31185869607005284,0.05548983551942442,0.0871789109959556,0.20486270298514905,-0.034579479611275395,-0.01769007867434138,0.29967948717948717,203.42967481640855,1.0
3.378295,55,245.005112,0.3112475984945179,0.08149600299785696,0.0777930867759576,0.20423608797961085,-0.052878762582150636,-0.026507012930013483,0.2863636363636364,201.50685051846543,1.0
-1.155776,46,245.112617,0.3140568526988679,0.0925056062835781,0.07250392797994495,0.20416400349269717,0.07191039187494778,0.04958592155812047,0.3043478260869565,197.8525118633748,1.0
-6.775485,56,245.276978,0.3460771344800408,0.18302557988953985,0.06382730440087737,0.1642412063632816,-0.12226098675587518,-0.003297546155968758,0.28720238095238093,193.06929689083606,1.0
4.069738,52,245.406229,0.3100410604774614,0.043562161515418224,0.06836321500766006,0.20621320874129212,0.029295486885039343,-0.022112485678704812,0.3141025641025641,204.61917089996703,1.0
-1.87253,48,245.51709,0.31411452774833426,0.12245774107275832,0.06804513160574963,0.20178581156072928,0.09411848788331444,0.04607049448908201,0.31597222222222227,202.18574963030753,1.0
-0.318499,42,245.615805,0.29167952369389843,0.08500106249447491,0.08346213931237716,0.23283870977625848,0.07052102062014579,0.04039245640747943,0.32142857142857145,199.13566830874814,1.0
4.052387,50,245.733203,0.302290522605465,0.02033452629615212,0.08667047568732926,0.21610393084482088,0.004816912628395314,-0.01006034821510976,0.30000000000000004,202.22766526635536,1.0
4.02021,54,245.884362,0.311292893803797,0.053590843937645426,0.07939986543751201,0.20424355081897272,0.03859110811119994,0.007245990799153192,0.31481481481481477,209.05238179704483,1.0
4.670173,49,246.003812,0.29771617409658396,0.03840451244087427,0.055607703966670315,0.22201354225253114,-0.022781616960531853,0.00399040882940111,0.2925170068027211,198.88483831448164,1.0
1.888225,46,246.120789,0.2998761742459044,0.06340229182660369,0.07232297670238451,0.22066945180588848,0.04849605316299958,0.027298888696114975,0.3079710144927536,204.23763691631635,1.0
2.139148,49,246.243853,0.29630767522963475,0.10002216165317508,0.08207482944556352,0.22388752295091516,-0.06891451322561605,-0.021992313146368757,0.2925170068027212,197.3766437181373,1.0
2.905852,46,246.355834,0.28463603651351904,0.08588585341765852,0.08318583376106067,0.2400873844458222,-0.05597561779384836,-0.020857581659276613,0.29891304347826086,199.48921374778408,1.0
4.491999,54,246.508467,0.3111576832702772,0.032447314446247585,0.08864571803165781,0.20492898511122898,-0.013928142843756333,-0.007583438462486343,0.3024691358024692,208.89301257640344,1.0
2.498691,45,246.617726,0.29427362045068,0.06113711335312025,0.06884803926233078,0.22729802291985232,0.0481670041976124,0.027313646494261424,0.29814814814814816,199.65596088002204,1.0
2.443432,42,246.718575,0.28339293430802315,0.034627752537073106,0.0891991150458653,0.24390780642608204,-0.015457411391892653,-0.017542693908760905,0.3075396825396826,199.278995757503,1.0
5.802255,50,246.854099,0.2941523631168138,0.02754629780543753,0.07297366317422295,0.22617033553522517,-0.010376133994671933,-0.00023510348614564635,0.29,204.3325245091538,1.0
4.535699,54,247.055648,0.30693942634989385,0.06503651437930251,0.08081606515496798,0.21017396822292092,-0.04326350958640113,-0.03670081532903207,0.3070987654320988,205.2258348370279,1.0
0.209706,48,247.192227,0.30057839637697703,0.11870419263856605,0.08604692914731277,0.2177360081824197,-0.08253772840788683,-0.011004011173499494,0.26909722222222227,196.65837023038694,1.0
2.014122,46,247.32881,0.29478948298028806,0.0677636132229272,0.07567815932498596,0.22776244359605946,0.048608082566001395,0.02563138209406519,0.2789855072463769,196.8410059610772,1.0
-3.589331,50,247.444476,0.31516141697058353,0.16582342159751343,0.07533832089163539,0.1986749510920323,-0.11276128555673566,-0.022145540599975966,0.2633333333333333,192.1196191354062,1.0
3.186571,49,247.564596,0.2950659409791542,0.08507865875474514,0.07952497203614932,0.22417702435339953,-0.058493607758823965,-0.021675809576632624,0.28911564625850344,194.49864491636433,1.0
2.455607,50,247.684761,0.30232594524956163,0.08769812056676991,0.08369124502571756,0.2161491232076788,-0.059955925380234934,-0.026733291660871013,0.28,202.39705805281366,1.0
3.516586,46,247.796059,0.2912335954259645,0.052330904769504,0.057325578909441205,0.23170122399285445,0.03840206959804352,0.014966374588310441,0.2898550724637681,197.4561692226712,1.0
4.437382,47,247.952599,0.2923829946725845,0.02130667712914977,0.0724931894895308,0.22892290348410335,0.003820563916341399,-0.016114349588551544,0.29432624113475175,196.6527975538263,1.0
-3.981712,50,248.068869,0.3247870533121925,0.15079248119871,0.06907925544496367,0.1884623230880778,-0.10680897267793235,-0.009456789273226834,0.29999999999999993,196.12358921131477,1.0
3.712295,46,248.177419,0.29129310564730626,0.041563156663637364,0.06422859808452665,0.23304812987147497,0.027064979799453527,0.01561974967911934,0.2880434782608695,205.32973297602834,1.0
5.380236,59,248.326725,0.32292862116997456,0.02884711775006827,0.06736468384383033,0.19190987346513733,0.013802429653401484,0.0054649750692298,0.2584745762711864,203.48948731428652,1.0
2.751979,48,248.439479,0.29110116539623154,0.0943875346371473,0.0723287177481144,0.2290589850669438,-0.062303234543466396,-0.002619835464317277,0.25347222222222215,200.5491534499405,1.0
3.667803,42,248.566609,0.28192671835656335,0.018591004673925347,0.05840447128145028,0.24600677739534355,0.00067990425614734,-0.01208358260214423,0.29365079365079366,195.92647438697227,1.0
1.201379,53,248.691107,0.3190055583609635,0.0928879807307367,0.06271122942464008,0.19484343714461885,0.06851764290180144,0.032855288216089976,0.3144654088050315,206.21418228539088,1.0
2.445458,53,248.821964,0.31421242312429293,0.07768069965969401,0.07917766361909856,0.20153607608649832,-0.0522705928359176,-0.010919620108168937,0.2610062893081761,200.3349754621821,1.0
1.199048,45,248.932493,0.29795789819984103,0.057625863102502166,0.10095022533538789,0.22478356316036732,0.04190584952290669,0.0563945272345255,0.2944444444444444,201.78546891330706,1.0
4.589469,44,249.038557,0.2783268425087314,0.023808975362937707,0.08654811180239623,0.2502305659727274,-0.006701202499139223,0.012296620870687199,0.30492424242424243,199.86962391542895,1.0
3.96606,53,249.161393,0.30725092996867526,0.06898153090180528,0.07021690220695252,0.20985994197536004,-0.044957702968554815,-0.011433390543722662,0.2688679245283019,204.1100559567845,1.0
3.549622,50,249.305876,0.30000213621009747,0.0770876147542193,0.07502587622439164,0.21830108421206312,-0.05496866055367021,-0.006659062800688829,0.29333333333333333,196.24180922764972,1.0
2.450227,61,249.451511,0.33537937174921045,0.0775863979515723,0.06949665794914181,0.17735861849621057,-0.05247865227931071,-0.006082710191659795,0.2581967213114755,205.81889083312424,1.0
-6.235674,48,249.566259,0.3198068599965709,0.186318053486865,0.07889202178343847,0.19389087271699343,-0.12882521633597444,0.00852863389404784,0.29513888888888884,191.67956575640665,1.0
3.91383,52,249.686873,0.31023344351304766,0.02196682106790787,0.0882057513207745,0.2077527082689429,-0.007281103172102176,-0.004917113764686906,0.30929487179487175,202.48875746872847,1.0
6.770322,53,249.83923,0.2984123937069465,0.024623601870258884,0.06086453864934214,0.22138610826601476,-0.0019819241301318948,0.0017219014946723422,0.28616352201257855,203.2539723843341,1.0
-0.328315,52,249.962025,0.31433061987010713,0.12622888870830914,0.07659805798042506,0.20046617948012735,-0.08728066307249982,-0.026349532496172706,0.27403846153846156,191.93551223519506,1.0
4.833369,54,250.089132,0.313215911071762,0.03151832456046172,0.06309084755489416,0.20299331494471268,0.014737046270100295,-0.008182154871492263,0.3148148148148149,202.79327463740574,1.0
3.835779,45,250.197912,0.29043541959523306,0.0237899647537389,0.06167228467561757,0.23277809100564986,0.005088551567716286,0.013648049123882375,0.30000000000000004,198.60551768821404,1.0
-2.781842,46,250.30526,0.3038747448528768,0.1369340489663129,0.10107330933618651,0.21388933516591357,-0.09799392736278692,-0.03247168309617994,0.2608695652173913,193.08280992777773,1.0
5.282255,58,250.481692,0.3208827181140882,0.032843713801756935,0.07151274912496035,0.19384254934322523,-0.018487015487570934,0.00031070174944322794,0.2729885057471264,205.09176605171712,1.0
3.843103,48,250.594541,0.2997803336231358,0.024644158369974134,0.06436356133884463,0.220197146780959,0.010196149882233465,0.00991967540825338,0.26562500000000006,199.83223022742598,1.0
1.556644,54,250.721587,0.3226594463878431,0.07464373319200794,0.06472740740773689,0.19172611686352928,0.05262112488832229,0.022703223123259866,0.2962962962962962,206.41127143977906,1.0
4.165052,50,250.837893,0.30303059681020345,0.024220373374374417,0.08184852905605154,0.2156688139070792,-0.002493825917346226,-0.005671701221536334,0.3133333333333333,202.37839346899568,1.0
5.662053,52,250.963648,0.3022156476774294,0.023096012822656286,0.06792757927885319,0.216787151369328,0.008784538828230791,0.007333435388313044,0.28205128205128205,208.8815170996002,1.0
5.392713,45,251.070279,0.27751604849846034,0.02474305499274332,0.07193166044492871,0.25164937321608644,-0.0067140066731952806,-0.018224892114390847,0.28518518518518515,203.81149477599868,1.0
0.765516,45,251.216018,0.29575711092029827,0.09207604282309395,0.052528670543296144,0.2265384945199877,0.0708301939124616,0.02656461772838157,0.29629629629629634,197.57719604861805,1.0
2.812747,50,251.342962,0.3061144470194261,0.05681696503810015,0.08633247502624776,0.21151156847824398,0.04385227281708832,0.026111643657333376,0.31166666666666665,199.3420994794296,1.0
3.686233,44,251.451473,0.2855954835087222,0.04337753392399481,0.05412843303473245,0.24078687727333942,0.02663074874853927,0.01477187874684926,0.2803030303030302,197.05799547104115,1.0
3.479126,45,251.556436,0.2862455424844829,0.05515956824489131,0.0575639098458721,0.23893304755962758,0.04027637687253498,0.014414824842468494,0.29814814814814816,202.31508716515725,1.0
4.519944,54,251.688511,0.31500302955716014,0.025793328369340368,0.08012919711194111,0.20196859185618288,-0.008377934123419308,-0.004720975494344991,0.28858024691358025,201.56653805187878,1.0
2.519946,50,251.852244,0.3064722546790341,0.0709117290778621,0.07782891381015833,0.2109115447058903,-0.05019414231680708,-0.032093929411809434,0.26,195.20495056720418,1.0
0.26206,40,251.94591,0.2820084310651685,0.09070840040448042,0.07074280234402913,0.2502297037594859,0.07434567301258002,0.038899089378433484,0.3125,203.47954280620434,1.0
3.349443,49,252.063487,0.30541134943108145,0.03988680084539399,0.06581591674881813,0.21267655690905263,0.026772949445104853,-0.0033168485049681205,0.2789115646258504,201.64151237337148,1.0
2.965247,49,252.185149,0.3041230607315917,0.05913114504721627,0.06525882013273199,0.21350449420823905,0.04761109546209549,0.007882585128500846,0.3112244897959184,201.6996849001264,1.0
1.287754,48,252.30601,0.3088147091947005,0.06370179001595802,0.07369865407264421,0.21025609901031816,0.04492326145941559,0.024619608614070004,0.28645833333333326,198.98084230506683,1.0
2.855001,42,252.430267,0.28117009343931904,0.056073481245230525,0.07262898792866267,0.24789388343728255,0.043078951805533686,0.018552415835948455,0.29761904761904767,196.55264319527754,1.0
-0.310418,50,252.552403,0.31426766831283176,0.09450204814823725,0.08619465539192908,0.20224758531945952,0.07321357199695373,0.04835574649204763,0.3166666666666667,206.96102630573543,1.0
3.349143,46,252.66087,0.29323690611286396,0.03722799810555469,0.06796852308860661,0.22920718305400073,0.02206831122090356,-0.011182422111106562,0.3188405797101449,194.13411261506383,1.0
5.206618,49,252.777339,0.29082203567997067,0.04632554617467316,0.06460182235480483,0.23107403454420045,-0.03022179671972408,-0.016883983481130675,0.2925170068027211,200.89326129373225,1.0
2.941007,46,252.888854,0.296775585205903,0.0427778385661863,0.07567067621267083,0.22385725096654047,0.03316024775283177,0.01943613584431752,0.3007246376811594,196.48410505208318,1.0
1.809401,47,253.000519,0.2907363465947786,0.10860933153113891,0.06173555165242559,0.23072760149772056,-0.07716525957140402,-0.007646948314344765,0.2765957446808511,201.76302679404594,1.0
3.19751,48,253.143984,0.2977954234377471,0.05905082761972491,0.07453569230936681,0.2233883535613115,0.04407673762248526,0.0478590770734926,0.2743055555555555,200.72467302576374,1.0
3.489835,50,253.266731,0.2996895216609047,0.07445858930779867,0.08017785534960795,0.219146461202977,-0.05071863530504245,-0.01679172900077103,0.2733333333333333,196.29110672412946,1.0
4.125663,45,253.375392,0.2858504329699698,0.026074598148685804,0.06250759249663418,0.2403878146765426,0.008276209313634273,0.016639500676802962,0.2907407407407408,202.71929943944917,1.0
2.695683,49,253.495669,0.29829078801022796,0.07668824609544547,0.07571406028587557,0.22094308669326,-0.055588293268256934,-0.031437650357816725,0.26360544217687076,200.90793904532768,1.0
-7.659322,47,253.610857,0.33565126920776533,0.15427992358895468,0.09954055906034485,0.1788725810750501,0.11903297793560186,0.07985989168848046,0.3031914893617022,205.87032724284919,1.0
4.413231,53,253.763336,0.30664613983290856,0.05582257491343487,0.07590211005851205,0.21057106185601931,-0.03334182307277081,-0.0003280869861985829,0.27515723270440245,202.24425964808484,1.0
-1.038058,49,253.881559,0.3067971359455287,0.1306957486946033,0.08180083385295547,0.20976947103500135,-0.09415648656869,-0.012244871102396042,0.28231292517006806,188.19162020459052,1.0
-2.035402,46,253.994552,0.295610098664349,0.1477183083036055,0.09260583623393874,0.2245038272666468,-0.10689256550786039,-0.02926529688841228,0.26992753623188404,191.7825272396566,1.0
-2.334418,55,254.1298,0.33573566524619425,0.1122197148811459,0.07330582379128875,0.17721552338432045,0.08548448019890477,0.052672503017757194,0.2803030303030303,207.26736302557103,1.0
4.423361,54,254.263133,0.31545022735977973,0.025109034561572728,0.0765165026825539,0.20034352365482727,-0.010693144974252557,-0.0010367769796011648,0.29320987654320985,197.26886366176424,1.0
3.534311,49,254.394883,0.29771613867935437,0.07293601441483803,0.05462726116937981,0.22107326008906336,-0.050247178461506684,0.004225105463754326,0.2755102040816326,195.88180244402912,1.0
4.779258,51,254.522612,0.3002890358285631,0.0318403323312754,0.08208508392162513,0.22106191287283486,-0.015283093951893267,0.022517936130739956,0.29084967320261434,206.0206267881973,1.0
5.213293,52,254.645867,0.3022422939075952,0.05340971496064502,0.05553422849967531,0.21534681761630184,-0.034595503367823584,-0.014267222176331947,0.2948717948717948,200.59491231622647,1.0
3.52145,51,254.777435,0.3057179560803385,0.05511708944611422,0.06342895230054783,0.21237145970551619,0.03698510707417406,0.01692869991720382,0.31045751633986934,198.257554323919,1.0
-1.14944,50,254.895708,0.3146025564114111,0.12840642230509047,0.06254550250589531,0.20038089137714374,-0.09260790207783565,-0.027423994470878763,0.28,195.97762145007448,1.0
2.104276,63,255.073966,0.34333083190900243,0.08042186075069599,0.08167235395319246,0.16891914944333875,-0.05162483903934303,-0.005603863448181577,0.3055555555555555,205.78505564256272,1.0
6.304642,58,255.211227,0.31588087083830063,0.034082643457948744,0.05981963371924458,0.19985041878039395,-0.01905385145768727,-0.005721216559396833,0.3089080459770115,202.7309539874835,1.0
3.977839,46,255.318406,0.28811399245787117,0.04511051905757093,0.06609596146292745,0.2355053828966971,0.03255603414036021,0.01770039856555689,0.3061594202898551,202.6671130283459,1.0
5.115993,52,255.440161,0.30485815098074326,0.02152448729807552,0.059254618224156716,0.2139434969732112,-0.008312441495718647,-0.011608322796877603,0.29487179487179493,198.63597596901275,1.0
2.840465,45,255.556587,0.29101801565303004,0.057069465655744514,0.05227654470693594,0.23310804728883408,0.042195532191960136,0.02301140384347448,0.2870370370370371,198.79560924842963,1.0
4.607837,50,255.707949,0.2998973065877752,0.04107539083261175,0.07950686474792402,0.21969455830802687,-0.023110176306718567,-0.03327925664225702,0.31000000000000005,203.46668668640189,1.0
2.638297,49,255.835304,0.297190548660079,0.0937979358098289,0.05953977193410859,0.22273220150528797,-0.06583041138943616,-0.018513104898941674,0.26530612244897966,197.01493681162202,1.0
3.431608,46,255.948415,0.28909131014619416,0.06193021413014967,0.07571052568416511,0.2345196514658765,-0.04134206086200379,-0.002981900354360236,0.27355072463768115,199.78130352382215,1.0
2.233198,53,256.077329,0.31647425796132783,0.0737239572166095,0.0935664333085485,0.19837993846838353,-0.04838325193571398,0.006591776413741035,0.27044025157232704,196.62594374126803,1.0
2.911712,50,256.200418,0.3084963285837071,0.05468977531320057,0.07117905926120331,0.20950636563185324,-0.03505911317358735,-0.017498849643833997,0.30999999999999994,200.50478143432866,1.0
2.884925,58,256.391686,0.3248044542425271,0.07159412930104689,0.0960783379461808,0.1896582927664337,-0.04932684501764763,-0.020775491856637653,0.28879310344827586,204.0768078680307,1.0
-5.691244,53,256.521128,0.3332213903472502,0.16402064102132827,0.08954833190116387,0.17840047544700383,-0.11430142502289348,-0.03439837305113741,0.2814465408805032,195.87547318853203,1.0
4.678393,48,256.655211,0.2907741231902942,0.048740598055472054,0.044865098291901995,0.23233947957486853,0.033081554714387985,0.0038066336618103407,0.30729166666666674,201.04100668277388,1.0
3.947776,45,256.769736,0.2841029989068512,0.051805842747476655,0.07648852268483,0.24255760794149872,-0.03506245689454872,-0.031088632705465743,0.2722222222222222,195.8004369181113,1.0
3.724389,45,256.879378,0.28824550362450446,0.027912400662144222,0.08292718237878596,0.23618243388195895,-0.00016167275321300991,0.005283251591313327,0.29259259259259257,199.11670304241315,1.0
3.534117,48,257.01748,0.29987662113596136,0.028661231746737858,0.07263416586655254,0.22027388587115462,-0.014335059333502249,-0.020642866423849708,0.27777777777777773,197.95501801953802,1.0
4.116886,46,257.128377,0.2897204287242675,0.025431053383684128,0.0653926534521184,0.23262510494633942,0.010957632881539553,0.0051982812467792835,0.30072463768115937,197.98380355106696,1.0
5.065745,54,257.269145,0.310786746580785,0.03562128200695863,0.068922580749687,0.20675335100585104,-0.021525353893356636,-0.0024182553400599826,0.2731481481481482,202.03176665256686,1.0
-1.09122,54,257.402329,0.3208242965871191,0.12539396562781313,0.08555120454758884,0.19300527847488325,-0.08729518675523922,-0.03190741121458107,0.27469135802469136,199.6998246304521,1.0
1.983452,48,257.52115,0.303315631308279,0.0724950503937454,0.06881445793326056,0.21351784904868074,-0.047992864566676334,-0.02254605824439033,0.28124999999999994,194.70214471173492,1.0
4.053939,50,257.663786,0.30750266510977253,0.040833095446089644,0.05719752630563289,0.209660170073654,-0.02307455230204197,-0.021230110934900272,0.2750000000000001,195.8385917501168,1.0
-0.472154,55,257.80306,0.3234570466981149,0.11472758944728104,0.09970436699898438,0.18900815443622457,-0.07507680194766118,-0.012309785868348428,0.2787878787878788,198.1590148834279,1.0
-7.101998,61,257.952516,0.3638744109775199,0.16690639350189512,0.06425112130504226,0.14561097198837378,-0.10839821665301391,-0.01478836281925011,0.2855191256830601,195.31459228847243,1.0
0.742426,48,258.06761,0.297465039604234,0.1054584728738099,0.09540742749230144,0.22173633125517023,-0.07393899244345362,-0.04229369565899598,0.28472222222222227,202.2326431295858,1.0
4.447149,56,258.20365,0.31849154418217196,0.04142372558410653,0.06127066699638514,0.1968351621419861,-0.022864107130143366,-0.010902050690495999,0.2916666666666667,202.8130375494383,1.0
3.791233,55,258.359536,0.321544760220292,0.0354991941403041,0.051458662301310916,0.19382223486736408,0.015104730562630486,0.01208146623812911,0.2848484848484849,198.90449214480606,1.0
3.604166,49,258.480779,0.30586781341041525,0.02572128906524982,0.048203223617377465,0.21264187184125236,0.012664670446514172,0.001606580293631936,0.2840136054421769,194.92343144646102,1.0
3.364563,46,258.593405,0.2915523090415445,0.0638294104036108,0.05070304279006795,0.23151880899931615,-0.046306253924384345,-0.009082966218870175,0.2735507246376811,198.37310173490167,1.0
4.265462,46,258.703448,0.28684851227360747,0.039216182887162325,0.06718578588384522,0.2384029264061945,0.026584132708549032,0.009707741139128687,0.33514492753623193,204.13887569408396,1.0
-0.623125,59,258.847157,0.33370717158464924,0.1283952617409341,0.07883577181481685,0.17742491665882867,-0.08622449254530438,-0.04699892268498871,0.26977401129943496,193.39126583258403,1.0
4.56138,60,259.021918,0.3298820115426963,0.027716207571474024,0.06126376429107904,0.18419772319161182,0.008336572454675542,0.014697570868819766,0.29027777777777786,203.0385729899179,1.0
3.824251,52,259.157664,0.3073786466758061,0.038060583515190545,0.08215084191451213,0.21006813523792417,-0.019746066169683125,-0.001576380177935613,0.2820512820512821,200.27172812685265,1.0
4.442782,57,259.29838,0.31872273841355997,0.04698419629512772,0.059584405239640544,0.19653880608764485,-0.03233824259745123,0.0014036788947033726,0.27046783625730986,201.49280611802092,1.0
-2.437435,53,259.424336,0.32177534348867654,0.13762421417324006,0.09001145728680043,0.19112728814769736,-0.09799824753246732,-0.02204563496570655,0.27044025157232693,196.17550595501842,1.0
3.092717,53,259.552482,0.31267958130958484,0.0666976440321612,0.0805160074859333,0.20255942494511736,-0.04388310768071264,-0.03588689045726777,0.26572327044025157,196.81815530225956,1.0
-3.955646,53,259.707691,0.32987940231948526,0.15111786903685107,0.07227430414527823,0.18241016100544527,-0.10513460205239589,-0.022062323089964034,0.2845911949685534,196.7349591737286,1.0
3.835556,61,259.863373,0.3360866717506237,0.029293523397564473,0.0703730571716535,0.177425126709992,0.011989067227820683,0.003694793111660284,0.28551912568306015,200.87934176156878,1.0
3.31808,49,259.983405,0.3009445059951015,0.06406724413005391,0.06197330591097485,0.21634324278640768,-0.0446978056524306,-0.008110550194787682,0.29591836734693877,194.17384510789987,1.0
0.644584,51,260.108899,0.3136906258161913,0.09459735002302233,0.07568242040888531,0.20220053483487135,-0.07245698429169434,-0.03470535690138921,0.2336601307189542,197.40370011451645,1.0
4.138059,49,260.232924,0.29827194272425706,0.04874334396278114,0.06220591164324211,0.22188000360584484,-0.03355422444765424,-0.009418137538981766,0.26190476190476186,199.4828891583712,1.0
-2.866952,55,260.39029,0.32978046573781544,0.14515266696593448,0.08255755870519305,0.18219475840380636,-0.10138875961466816,-0.026815716959074868,0.26515151515151514,197.27837223939812,1.0
3.855789,53,260.518877,0.30649612685888056,0.0718376228848054,0.06489740046749161,0.20995122912663614,-0.04975168528582294,-0.01131343289221306,0.2940251572327044,202.66170649707004,1.0
1.989313,53,260.639068,0.3152897244038025,0.08956405351300355,0.06544755059489869,0.198276180856582,-0.06432479035339847,-0.023639640535944095,0.28301886792452824,192.42059455586042,1.0
4.736372,49,260.754211,0.29598484807207615,0.02735902015902589,0.061880923725365605,0.2234055127159577,-0.009435365608577242,-0.014224168882416701,0.30782312925170063,200.54717648289053,1.0
4.645553,50,260.870126,0.2929939030390019,0.05195104343977955,0.07898779798855547,0.228417367668735,-0.03311451829715014,-0.018836955665657726,0.27499999999999997,199.62742443881277,1.0
3.52314,54,261.360094,0.31880188765372947,0.04215889197121546,0.049655683408961176,0.1973670033079873,0.027253165589895992,-0.0012404046896579142,0.3179012345679012,200.12245591893438,1.0
3.366477,52,261.482084,0.31326704844891423,0.048935622216492156,0.06207015613293364,0.20422142347447977,0.03322718065261227,-0.0034148249952521367,0.30608974358974367,202.04392296160933,1.0
-3.317109,53,261.601572,0.3287351985327777,0.1300896349513949,0.10133413807222738,0.18412672902696667,-0.09327515375252723,-0.051276225690050754,0.30503144654088044,197.91884949188605,1.0
2.402847,59,261.738999,0.33089871372361807,0.0666050123671707,0.09421550708246242,0.18290136734893356,-0.04642302826961454,-0.03850358192644617,0.3093220338983051,203.42171125637407,1.0
4.567548,53,261.892194,0.3100712571194433,0.03388296704529938,0.049075369221139316,0.20907256497138704,0.017356117878803135,-0.005363587194770797,0.2987421383647799,201.53991328116226,1.0
2.195969,49,262.012529,0.30660207169335635,0.0657272834123727,0.07769785788972519,0.21162263622512445,-0.04772864760541716,-0.010377911623838193,0.30102040816326536,201.3604754252978,1.0
1.523716,49,262.138491,0.31151432032808113,0.06962902522083236,0.049919978254435095,0.2062435938953788,0.054669080069568055,0.016164465681244532,0.2993197278911566,201.33097365706487,1.0
2.462032,44,262.246194,0.29322687358571903,0.03442332100644588,0.07989466940491871,0.23132682768005933,-0.01170505196683213,-0.004122361159620309,0.3276515151515152,202.8877886587208,1.0
-3.836269,46,262.359896,0.3124708546707813,0.144828639855321,0.0691725445497162,0.20582416662047603,-0.11087382624899163,-0.026116991003206858,0.28804347826086946,199.29206446871052,1.0
4.652379,51,262.483731,0.2984451234672488,0.05064117752536615,0.07195605305065698,0.22221684116244905,-0.035547322357463884,-0.027490664118278635,0.2679738562091504,200.65871961423989,1.0
4.587118,50,262.631894,0.2993081609490696,0.029231349904082677,0.07053046631633303,0.2207219070681073,-0.006724636886009323,-0.02667489525823221,0.3166666666666666,200.63013236143834,1.0
2.489896,49,262.756507,0.3032984599915267,0.05210511912161363,0.07817785397133366,0.21675252175842774,0.03288344578298087,0.02765322659987456,0.3316326530612244,193.50610374369458,1.0
1.592943,58,262.88958,0.3371775541423572,0.04777693690354134,0.07720317638120211,0.17655134700490893,0.03000891975239322,0.02806176681341783,0.2959770114942529,193.17216816709936,1.0
-1.019025,56,263.03086,0.33493457804417526,0.09623533168313748,0.07459942395074934,0.17938962499771666,0.06877314325362348,0.055033340900203724,0.3169642857142859,198.88002652030883,1.0
3.583325,43,263.135566,0.28177653923988344,0.030138052702649732,0.06876125962515572,0.24642048443604408,-0.006647729237626322,-0.018609934104652403,0.3062015503875969,195.59218696116224,1.0
4.224227,49,263.269079,0.2969958752499438,0.04372593509911348,0.07006936329537351,0.22301409569148634,-0.03196501820985443,-0.02392795420933066,0.3333333333333333,196.66220467100965,1.0
0.508603,48,263.381501,0.3057985553818274,0.08742101263761967,0.07787496461909137,0.21309331826955788,0.06654692941511443,0.03869044852018115,0.30902777777777785,201.21384104261844,1.0
3.439226,50,263.498353,0.30127668465344726,0.0410331802940509,0.08756990204822673,0.21862542052025166,0.02403721784470105,0.009327243557754251,0.31833333333333336,201.06930329280218,1.0
1.221099,48,263.6181,0.3071482655350196,0.08143367624905556,0.07056016324469473,0.21139746084189426,-0.06170195529383351,-0.022663073068877135,0.3055555555555556,197.99558537116081,1.0
3.211829,50,263.740191,0.30373993098991775,0.060621519510731595,0.07118514989956656,0.21526651579092262,-0.044497093131678635,-0.021415075534896747,0.2866666666666667,200.0474171203747,1.0
2.487084,47,263.883736,0.3001366079834627,0.06004871118985743,0.052238517748775436,0.22044207187282425,0.04595724936630001,0.024454342640289277,0.31382978723404253,196.4517040341384,1.0
2.084852,47,263.994595,0.2968504323473925,0.08450123724993647,0.06948133370226013,0.22341078457158128,-0.06189602309279513,-0.019491186561750983,0.31205673758865254,196.0667907071623,1.0
4.523627,47,264.107426,0.2919267014088377,0.020680839218536466,0.05523483551902723,0.23085618518491996,-0.0020618930265271177,-0.025653223513955273,0.33333333333333337,191.68778543260217,1.0
3.050811,48,264.223641,0.29966574889814274,0.0432962875967768,0.058801473524296995,0.22132452205755984,0.026039225704647142,0.01380671260268747,0.3107638888888889,200.6450829161885,1.0
4.953864,57,264.363876,0.319967484547534,0.02526264964438545,0.07057940814782425,0.1956955611500805,-0.006978233974866465,0.002627527844238979,0.34064327485380125,201.1959229160764,1.0
4.006912,46,264.501798,0.2903111303584269,0.02689981967688183,0.07443746767833305,0.23296578242953095,-0.015277227617777693,-0.023658118656562623,0.3297101449275362,188.82974135649164,1.0
4.052341,50,264.627487,0.304698217357197,0.032218272610361275,0.052765448423273235,0.21405829726433329,-0.0214310247898292,-0.005276241134939024,0.33333333333333326,192.27645728688393,1.0
3.159477,45,264.743293,0.293134874764996,0.020781296784970607,0.06626352219935909,0.22880574898872247,0.009285581683308054,-0.019212040532960238,0.3574074074074073,190.3504028104838,1.0
2.378245,45,264.8639,0.290279212138464,0.06311210088346138,0.06951259731963617,0.23375225977608632,0.045819639084148586,0.02769304995621996,0.32962962962962966,199.3445727674832,1.0
2.348499,44,264.978087,0.2817357729475207,0.08834712359155411,0.07180801694694555,0.24641172277917206,-0.06612021758684453,-0.035726046833653116,0.32954545454545453,198.9821253275734,1.0
1.1928,51,265.110051,0.30998852703682356,0.09133659162673063,0.058586968920828,0.20953025597098604,0.06387043210017189,0.0324006608794572,0.3202614379084967,196.93211704297755,1.0
4.40071,48,265.253868,0.2933665318947221,0.034904131780433265,0.08010039092648744,0.22818052905653904,-0.018001466728636308,-0.0306124781815144,0.3385416666666667,198.8528116248983,1.0
4.81384,53,265.381902,0.3105312359738333,0.02248649577203512,0.06825044302724093,0.20771275763861513,0.004896358452507128,-0.008537889934583459,0.31761006289308175,198.6747615709858,1.0
0.973722,47,265.497477,0.2997604058435954,0.09196361518549778,0.07220668943932448,0.22027055791966824,-0.0717431154464527,-0.03281534055595064,0.3226950354609928,197.67376231735804,1.0
4.588731,52,265.623589,0.30396511871827553,0.032540930675719115,0.08721127558035065,0.21479422210706584,-0.014980688251372545,-0.015907239334602585,0.35416666666666663,201.01345185565862,1.0
0.359648,46,265.730551,0.3004815130018371,0.09426155781072772,0.06255424628142729,0.22187348591843106,0.07048088215170056,0.04261122989879527,0.34239130434782616,192.9309763643211,1.0
4.710383,53,265.87983,0.30374681602743436,0.05249184153044621,0.07138059304513864,0.21570202570020375,0.03468639576320024,0.02177398817613512,0.3081761006289308,197.74052456462314,1.0
3.795879,44,265.991638,0.28146939039602153,0.0316634920897363,0.06448748350406179,0.24796975104035626,-0.006924312599081564,-0.028329048298319625,0.3143939393939394,198.60575748006104,1.0
-1.291761,45,266.107137,0.30573283569683146,0.10705283368760983,0.06795572005370523,0.2143115699488134,0.08337508163207913,0.04755288168509617,0.3425925925925926,195.96603785749002,1.0
-0.134341,44,266.219484,0.29929463714374743,0.0929241646030143,0.050226025139437074,0.22278382202498834,0.07489114277959343,0.02585797751327989,0.331439393939394,199.81342979542458,1.0
5.402225,52,266.354306,0.3011228204429138,0.024863549306845128,0.08138798109931016,0.21930139151209987,-0.0036170427968892607,0.02028720899533681,0.3317307692307692,202.56017463601316,1.0
5.126078,48,266.497239,0.2895462613988092,0.04253058795509751,0.07573531794376577,0.2328646753451986,-0.02455230111949262,-0.027901177041484444,0.3142361111111111,200.18592584414307,1.0
4.963153,45,266.61054,0.28266737790063146,0.023775116536388835,0.06097772544240868,0.24504933119987055,-0.008600361657989601,-0.004093823343427411,0.32777777777777783,195.6817907723673,1.0
5.005228,57,266.748002,0.3172292089791628,0.04661085923265456,0.07180155186343196,0.19744202358882526,-0.03188018905903573,-0.02988220596348575,0.31432748538011696,197.3766042730416,1.0
0.47033,46,266.860464,0.3012253662016791,0.08131712472482722,0.07844909643995261,0.22043699620076787,0.0607796379166439,0.04501275658903969,0.3260869565217392,200.25689389553352,1.0
3.461319,42,266.958933,0.2787244252245988,0.03049174397742147,0.07530430134241324,0.2507855845569944,-0.004236179026190325,-0.0386184231515168,0.31349206349206354,193.41057825235436,1.0
5.281189,49,267.094905,0.29402758718332606,0.027517698861995624,0.06909344896749393,0.22843026794709878,0.005438745535044401,0.004227030902764189,0.3282312925170068,195.30111643435276,1.0
2.605239,46,267.208487,0.28736328305512704,0.07516037337108455,0.06404706125275413,0.23808806425761514,0.051407055408397524,0.02631851591063213,0.29166666666666663,191.28844020184434,1.0
3.51811,42,267.308957,0.27566080485434064,0.04698342332566838,0.06968605453303088,0.26011239277124654,0.03568683664283551,0.007049105410260444,0.31746031746031755,197.0194635657867,1.0
2.654247,44,267.428665,0.2799346482772005,0.08053279659625343,0.06099748015603941,0.2531517468359711,0.056142033567262106,0.03330929574836617,0.2897727272727273,197.3200204576906,1.0
0.700043,42,267.535355,0.2864610316476934,0.08169833237306687,0.06460054093099432,0.2417477753222406,0.06439753490099437,0.04120151403296379,0.33333333333333326,197.6908356766367,1.0
3.036899,47,267.645872,0.2897788345737311,0.07094143637894772,0.0801932348511542,0.23482175539829006,0.05350174237213396,0.05280105051164326,0.3102836879432624,197.8472546937036,1.0
1.151931,46,267.779412,0.2950138329806422,0.09154539895560737,0.06597018270882779,0.22821186403830437,0.06747026383701193,0.04131697482947341,0.29347826086956524,190.05721374727133,1.0
4.254157,46,267.891073,0.2886768440192241,0.028220448010022613,0.07854705891321606,0.23497410737586122,0.020398652983321594,-0.004630634148164472,0.30978260869565216,191.85484764601367,1.0
0.408724,40,267.984066,0.2804583755103571,0.08318829116704105,0.0704449415215602,0.25293623884294913,0.0661823270954518,0.049300066038039464,0.30416666666666675,195.2896314704958,1.0
-0.94411,40,268.078973,0.28692139896405183,0.09261937570326258,0.061844627986659434,0.24276807297110933,0.06998008394359202,0.04318296646360611,0.32291666666666663,194.39243191976408,1.0
1.803913,47,268.190187,0.30255343477906504,0.07199889113050091,0.04630761217539339,0.21771075967930925,0.05029700511825085,0.008891167570961889,0.3156028368794327,189.6950356294323,1.0
4.740737,50,268.322646,0.29739399842433145,0.028616889855571648,0.07250366507009393,0.22403285931502268,0.008375632134040306,0.0020315206632441954,0.29666666666666663,201.34283989220867,1.0
4.220139,53,268.47987,0.314011319971533,0.02022121364464763,0.06870464965826036,0.20275319842401882,-0.007423081760375678,-0.008737988428076904,0.3349056603773584,195.07117441143052,1.0
0.139012,42,268.58383,0.28963209569789033,0.06835234742217067,0.10228533958885803,0.23742328768951346,0.05375297231824608,0.06124274675434383,0.32936507936507925,202.69890712192696,1.0
3.989448,48,268.709262,0.2949691434487761,0.04857747118616854,0.059919705976552357,0.2272140810628468,0.029366297205265873,-0.009936814149103882,0.3315972222222221,193.96647404548014,1.0
3.142001,41,268.808697,0.2779206635176961,0.02324870362697504,0.06799569104500766,0.2532081928499358,0.0023297333165688697,-0.011415414083503314,0.31504065040650403,195.09401012003408,1.0
4.513348,47,268.924772,0.29086269646375856,0.043678185110799614,0.047515847886588795,0.23341441773308755,0.025500937252462167,0.009967327962672752,0.324468085106383,190.94771395643147,1.0
2.024078,51,269.068415,0.3091286427207331,0.07509766270355339,0.05952114731259936,0.2098663770288834,0.05167945260403817,0.02432509104946128,0.31699346405228745,201.68285278422385,1.0
3.929079,46,269.183262,0.2928354803139825,0.026304703416448506,0.06369489102933916,0.23005789219992745,-0.008398997855160555,-0.006438650036955095,0.3278985507246377,194.86142392287752,1.0
2.204461,42,269.292068,0.2797482677035831,0.07345364355486994,0.04826268625855935,0.25213233828472786,0.05641665765307159,0.013242304351364153,0.31944444444444436,197.39818972266335,1.0
2.362255,51,269.412171,0.30962294673538615,0.07721099103526226,0.04763532698242986,0.2080078029147215,0.05580123611727963,0.010340205491061152,0.34313725490196084,195.6187718771746,1.0
0.8327,41,269.504794,0.27747527275471423,0.10020339080945434,0.05381984843879727,0.2558638655113406,0.07930811320007111,0.022871599363678066,0.33739837398373984,194.98142784269675,1.0
0.194621,43,269.610396,0.2942033997476181,0.07938036815869744,0.056292819701027834,0.23024852376991845,0.06500607658172704,0.022707766256049186,0.3333333333333333,199.30449649036157,1.0
-3.284365,39,269.726904,0.28428206302605863,0.13132087259827663,0.07846175059716233,0.24611391848782924,0.10768576991715854,0.0641131908503059,0.35897435897435903,201.30839619241144,1.0
3.957909,46,269.852321,0.29201628660571516,0.030928199770647605,0.07292290189695956,0.23082594761264077,-0.012287181064169655,-0.01934315631297584,0.32427536231884063,197.039478451361,1.0
2.472556,41,269.951239,0.2798503740654163,0.04217717781522733,0.06391850592020003,0.25159853001390725,0.03476028710950095,0.016994384914509005,0.3089430894308944,198.8613193455026,1.0
1.060894,42,270.052471,0.2866751925010019,0.07900436358782897,0.046839018032051975,0.24102682958028815,0.061795718481392856,0.009866737558361047,0.35119047619047605,200.64907664576072,1.0
0.162374,43,270.156095,0.2945125195175424,0.0811167720114937,0.08386732113324355,0.22896095768551702,0.06391265312507415,0.032509690477902524,0.3352713178294574,192.96929798790225,1.0
-0.680838,43,270.259779,0.2977229927105015,0.09606127451112514,0.07285258114600493,0.22504447993041798,0.07639485276311553,0.048155885873648836,0.3236434108527132,196.35065034972058,1.0
1.393344,42,270.378374,0.28690664662418847,0.06502924131928149,0.06866183831572512,0.23856977059184678,0.05182193692847449,0.019174058150507243,0.3452380952380953,193.85924939405538,1.0
3.007414,43,270.489169,0.28452867847004504,0.026227797967404074,0.08340757587401439,0.24169624062905226,0.0010329270405223488,-0.013266737147878094,0.34302325581395343,195.92068947688608,1.0
3.411399,45,270.601448,0.2889392528275004,0.03236050191837228,0.08067570946866859,0.23474922669741755,-0.017697278678123554,-0.03872592182655215,0.3314814814814814,197.7398183052541,1.0
3.001819,41,270.701524,0.2750512977418812,0.04132094778967968,0.06638364544497116,0.25970855935970383,0.0291285058801658,-0.00729581555948374,0.32317073170731697,205.98504429381634,1.0
-0.69903,43,270.807548,0.2938452517664631,0.09759059006066007,0.08825061078558347,0.2291890173001666,0.07872394274254668,0.04861584782286574,0.3275193798449613,197.7556215633243,1.0
-1.933031,42,270.920399,0.29162838461138807,0.1211863260510954,0.06971167371241434,0.23375390864540582,0.09339261589195984,0.04947936117164149,0.3392857142857144,192.3905243341088,1.0
2.364292,46,271.056757,0.2978455360851366,0.053231643256195525,0.06094877339812807,0.22225622775935033,0.04257466638133613,-0.00501179448553776,0.3532608695652174,201.8862953228136,1.0
3.586116,47,271.173986,0.294393327476562,0.03393398659550637,0.07996224672363832,0.22679001300755314,0.021597494565593792,0.01302907100518761,0.3315602836879432,199.56815719938953,1.0
0.165623,43,271.284535,0.2937288010517797,0.07966697942926879,0.0737361461189421,0.22962108912858198,0.06323069922405122,0.047084075842211734,0.34496124031007747,199.27462025959238,1.0
4.837951,43,271.388024,0.274386304478366,0.03306041306411087,0.04685627420599025,0.25788425474857724,-0.01369739636180291,-0.002242799064857949,0.31201550387596905,202.15807627665745,1.0
0.421391,40,271.485169,0.2847203298435879,0.07747356115667701,0.06557687184531574,0.24416119531966868,0.06272988700094224,0.014583314642420912,0.3458333333333333,201.76789721179364,1.0
-1.265672,42,271.589678,0.2965718992426513,0.09660682913244013,0.07665887734483108,0.2270785986539099,0.07870773773951596,0.05109186678116377,0.33333333333333337,198.9722083171308,1.0
-1.391687,38,271.699419,0.27790634442192697,0.11150155743067319,0.06376654228816578,0.25732081127165884,0.09104182330683261,0.032700855578556474,0.36184210526315785,198.10154887450378,1.0
1.929598,41,271.80126,0.2867478762744231,0.02966036350794472,0.060651600217887035,0.24051427840659378,0.02503726798222929,0.0009520099495797201,0.33130081300813014,197.74046153015996,1.0
1.247216,41,271.897773,0.2858907023782707,0.06845334325050369,0.057154192581809156,0.24266058018406164,0.05525151388019795,0.006990042669036626,0.3191056910569106,203.8862615075896,1.0
2.764172,44,272.003209,0.28796944536100033,0.06488138991965972,0.04517391643350329,0.23576672341515445,0.05078251740641597,-0.008002618075409142,0.33333333333333326,199.72389525385168,1.0
2.848889,46,272.113384,0.29488250596383647,0.05116892815044281,0.05305014838274849,0.22608269086843158,0.03777414980968745,-0.0038344182641006377,0.3188405797101449,201.42794056523172,1.0
3.877062,46,272.223419,0.2899493187824434,0.025682939460458878,0.0813020655222986,0.23219982925214802,0.016113295544495608,0.022517075061008467,0.33333333333333337,203.310548936185,1.0
2.382015,46,272.351231,0.29742492788980424,0.043435921075669674,0.0855514027675362,0.22411171459964607,0.036273584217642346,0.033381878244195626,0.3115942028985508,210.94277829103635,1.0
4.77216,50,272.471856,0.2995404542504754,0.02618499535119155,0.08561114820273266,0.22007349941377125,0.0038445710343091525,-0.019462877552065917,0.3116666666666667,201.53819164317366,1.0
1.599282,43,272.578356,0.2851529001977235,0.07897415423407303,0.06761268108819872,0.24222726189133809,0.061391449057778234,0.04462718010816142,0.30620155038759694,200.86135945522489,1.0
1.137143,53,272.708176,0.322128418620425,0.06403345095629247,0.08868654102188311,0.19236257548337377,0.049829769741731804,0.029273603207522564,0.3427672955974843,216.6326084451584,1.0
0.394902,42,272.813036,0.2915054580762532,0.0706481393301872,0.07285451535427653,0.2335253068981845,0.05752240092477684,0.02619474717409622,0.3392857142857142,204.89124992046038,1.0
1.05689,45,272.923965,0.2944408086346737,0.08154307435054137,0.06779639882397852,0.22767831487458984,0.06295707713014644,0.028666250904699132,0.32222222222222224,201.24476174374686,1.0
1.263741,40,273.035806,0.28450580027140593,0.059017237698766586,0.053288635940977984,0.2457994744987609,0.04805422478691992,-0.003205623255671515,0.30833333333333335,196.5216299235198,1.0
2.39127,41,273.134472,0.27878222911373934,0.05264630855249845,0.05959126537470059,0.25210908558607836,0.04355024455116513,-0.01749779447057798,0.306910569105691,205.9020266993458,1.0
-2.337947,41,273.235636,0.29627715423389944,0.099625493809533,0.10675345099963376,0.2270706869719421,0.08531735889121178,0.06420816898407622,0.34146341463414637,207.23481723033106,1.0
0.827834,42,273.33848,0.2893739600920417,0.07190067630328484,0.07957635893308146,0.23565057308943865,0.05911007411382706,0.027248464208748407,0.3075396825396826,200.68573373429552,1.0
-0.500993,38,273.427913,0.2788349577663441,0.07942376700558429,0.09348061359158918,0.2563709072275802,0.06545399470664774,0.044779082102689945,0.3048245614035088,200.32374048988086,1.0
3.807385,43,273.52602,0.2811984898570372,0.029573138392001156,0.06333880340387989,0.2477642526439087,-0.004013436788243955,-0.008578052375309179,0.3236434108527131,205.79758536694007,1.0
2.962839,42,273.639497,0.27846364990309097,0.04140236342400362,0.07588944971115649,0.2526847580114905,0.02898954670711789,0.007545110116324472,0.3412698412698413,204.46691315302718,1.0
2.107054,43,273.738685,0.2877490689969159,0.03885082474313014,0.08872112899691427,0.2371725467828746,0.029056715715605166,-0.03006117727722769,0.33333333333333326,206.29387104863082,1.0
3.014405,43,273.842271,0.28485595611060044,0.03699561519161295,0.07489186927164247,0.24209512138209607,0.02948754206987839,0.006987463876617905,0.3275193798449612,202.02218842799675,1.0
3.803265,49,273.96738,0.3037919552262491,0.02106916257497329,0.06660685145732585,0.21414168422768118,0.0001939606614536899,-0.01135396572516269,0.3027210884353742,203.1309364318053,1.0
3.695419,45,274.073597,0.28571938085237353,0.04407854658803911,0.07102481594261395,0.23832470267251643,0.032308214348164034,0.005499676097887153,0.32222222222222224,205.5340717690694,1.0
3.879046,42,274.175238,0.27612747468384785,0.04227142343787611,0.06469151083210098,0.2551593053267841,0.031560746768105975,0.0016019002706710867,0.3333333333333333,203.067411262254,1.0
1.924587,43,274.303061,0.2913305292049672,0.051352212924755905,0.06240403663508312,0.23199405525552783,0.041988114358822395,-0.003825821608461866,0.3294573643410852,202.04160494656296,1.0
1.533524,43,274.405334,0.289063909423366,0.07188256994093745,0.07266331933696987,0.23484260397473922,0.05962944378440733,0.032412754654709004,0.3372093023255814,202.6799442250234,1.0
2.451189,42,274.506435,0.2864458011144684,0.04282288616466091,0.06307896570877276,0.2393857632065377,0.03508341565561145,0.00015018340629138364,0.2996031746031746,200.1266227350045,1.0
1.444015,42,274.607495,0.289279473266518,0.058662602906827156,0.0722078315340567,0.2359446922913253,0.049954932521457454,0.01330630817893682,0.33333333333333337,206.58947349493533,1.0
3.792523,46,274.71632,0.29184103215160556,0.029669150728535088,0.0800620652124616,0.22826470757772216,0.024879006273969512,-0.013809622684017702,0.33876811594202894,208.2383899122049,1.0
0.067582,47,274.852256,0.30185589520863226,0.10879969633784002,0.0883232502548149,0.2165099718552891,-0.07494948237665354,-0.026125442751878006,0.31560283687943264,203.02322643974193,1.0
3.905528,50,274.987575,0.30124875184023736,0.03665396678673791,0.08113259422654251,0.21675258517925713,-0.016469066371647564,-0.03170669707881672,0.33333333333333337,206.38752149820618,1.0
3.201227,45,275.098403,0.28748630489274557,0.05593398607701354,0.07432786173034839,0.23517706292707335,-0.03271962099493433,-0.02773946180398869,0.27592592592592596,201.59714537538747,1.0
4.011267,51,275.225546,0.3084010272061133,0.02840581974103792,0.07741724815966537,0.20753803192317052,-0.010190507524375591,-0.02146289467410259,0.3333333333333333,207.15725751172224,1.0
3.196061,45,275.332945,0.28483204483457963,0.06104621486849188,0.09480371741480399,0.24063215840295066,-0.03838041041577652,-0.0482573546173067,0.3185185185185185,206.0697510117333,1.0
0.869038,47,275.451393,0.3051839800664804,0.07168720626529029,0.08314717686754446,0.21393320752967884,0.05677014666498705,0.0423570455421156,0.3386524822695035,210.37987433957954,1.0
2.621854,44,275.593858,0.28784702867013456,0.043295039308045305,0.07776371835657486,0.23593525774013796,0.03145830426240991,-0.000892823356470503,0.33712121212121215,209.1274732877535,1.0
4.613598,45,275.706002,0.28155098236879733,0.031106704883873466,0.0769934803759618,0.24426285426497768,0.021734437578545738,-0.025114396074656486,0.324074074074074,215.11753510242957,1.0
1.989756,43,275.805341,0.2843444549824131,0.08675649306993101,0.05417203804441913,0.24097558430912655,-0.057692994871073634,-0.012907752356191416,0.33720930232558133,200.05117794665378,1.0
2.348274,40,275.905776,0.2753923438224877,0.03661348838491884,0.07510003344165085,0.25806318932209,0.026510876997900466,-0.002848055784537752,0.34374999999999994,205.29273849640853,1.0
2.042764,40,276.002177,0.28119832158734637,0.03462986053153216,0.07142250437957155,0.25018956793292635,0.02739813791127372,-0.0088783889030495,0.3291666666666667,203.9391773408035,1.0
3.488129,43,276.10879,0.2820203925166657,0.028880878850592637,0.07765253620037091,0.2463737255129858,0.021380229515637648,0.004202620340070096,0.3197674418604652,202.64083133463117,1.0
2.753879,43,276.240636,0.28935300766977406,0.031682461087163674,0.06362122242221373,0.23532820314464659,0.021236650050351413,-0.014070903074143697,0.3178294573643411,204.51369027762874,1.0
2.287765,48,276.357872,0.3018155258221284,0.04060970722580964,0.07824873280984454,0.21672833754885978,0.03143974663744352,0.01088293156108078,0.31770833333333337,212.5918959746559,1.0
2.224149,45,276.464693,0.2931129147194433,0.04839055548228107,0.0789198759146424,0.2281068995940824,-0.022727950866377165,-0.008871119528053743,0.3055555555555556,209.70190423656237,1.0
1.748972,40,276.564972,0.2821586085933499,0.05137912190885272,0.05373579794445401,0.24753209031044826,0.04282054945433451,0.014583835739351375,0.34375,204.1814881736946,1.0
3.471443,46,276.678804,0.28976678003535816,0.02993814453094522,0.0766526878586172,0.23191414851969258,0.014946432332482502,-0.012566929147135315,0.3423913043478261,207.1591895420556,1.0
4.337616,50,276.805852,0.297359596547853,0.06945250632162393,0.07542079490372822,0.2210064884153153,-0.040257092496181014,-0.01681962201908619,0.3283333333333333,204.8545097790058,1.0
3.424125,47,277.015985,0.29778895913132386,0.032070190538104594,0.07381399145647387,0.22233989701738374,0.0213899330518034,-0.0064527880757904,0.34397163120567387,212.08541913207182,1.0
2.727795,43,277.150655,0.2866619609739519,0.03132753810182318,0.07104781994050748,0.23821437858983743,0.01880020182411567,-0.0008931659900520856,0.31976744186046513,205.34921558154696,1.0
2.529714,41,277.257947,0.28200363986034505,0.028370502872485256,0.0761768573112715,0.24791018734937664,0.003943001656483617,0.005283980945863367,0.33130081300813,205.82297658424415,1.0
2.893422,43,277.363322,0.28759463118853607,0.02527163428207229,0.08765642680590582,0.2376371482540679,0.0008615904823840597,0.005137064340413919,0.3217054263565892,202.0668085340645,1.0
3.163477,50,277.478399,0.300297474310078,0.08182440196545394,0.08373533709232088,0.2171608638125999,-0.05230413013143295,-0.018525299610891225,0.30833333333333335,203.32079625207345,1.0
3.752923,42,277.604631,0.27696054886518684,0.0275348926159875,0.07112476386332807,0.2533858913343145,0.012718693427373908,0.014659199976668874,0.3055555555555555,206.04931955525188,1.0
2.080365,41,277.701466,0.2856278507044509,0.02712185042414614,0.05898133566681911,0.24137795915846222,0.01424983737022048,0.004324346793417806,0.32723577235772355,204.9662435338739,1.0
3.501245,43,277.803863,0.2804789924082976,0.039522130506010195,0.07838070812369465,0.24593902943561324,-0.019521541327638066,-0.004983388222184676,0.3120155038759691,200.6002157900053,1.0
4.209157,45,277.914197,0.287040839942771,0.022812704105175365,0.05876479658552822,0.23628074534451568,0.007196375313610148,-0.025039719706925423,0.3111111111111111,202.56047925943105,1.0
2.912877,44,278.016465,0.29094082400882426,0.04444116275759926,0.06104436620353745,0.23226602155950415,0.03773243128630196,0.008082004507873781,0.32196969696969696,208.0566622840508,1.0
4.420898,46,278.127971,0.28690630661773797,0.04101165835579726,0.07797456053529077,0.237228123968133,-0.01595617505884974,-0.021823431977423802,0.2952898550724638,205.61363419451283,1.0
1.440665,42,278.244218,0.28438611759080107,0.08431309857345774,0.06646524323488284,0.24206045292624317,-0.05694770444568477,-0.03743324567180027,0.30555555555555564,198.35915968729245,1.0
0.359687,44,278.349099,0.29653899991945837,0.07575001790930302,0.07106075341100646,0.22393704114675572,0.06347484819892714,0.02407756484392378,0.356060606060606,212.83834635214814,1.0
3.022224,46,278.455274,0.29658568738244784,0.026585056067842772,0.07146613810671229,0.22395905400573804,0.01236324387243015,-0.006794389775344099,0.3297101449275363,210.35978597362967,1.0
3.491842,43,278.5598,0.2828072841409138,0.03709195143309549,0.06524517577229526,0.245685035119273,0.028411319555920495,0.011330752442420737,0.33720930232558133,207.29179940662462,1.0
3.721752,44,278.665114,0.28425977317510553,0.03721967974780435,0.07057340642830515,0.24173712047151888,0.02800066732884574,0.01796998699547257,0.2897727272727273,208.60695507599021,1.0
2.350821,41,278.759809,0.2790204482395118,0.051181912507980085,0.08214297372224373,0.25415492328419265,0.041004806064787146,0.03895434763651186,0.298780487804878,209.80616489746873,1.0
2.007276,54,278.896529,0.3093611483945716,0.10817611937546895,0.08372125408445354,0.2057745471388218,-0.07411903250757923,0.006138776866653443,0.30092592592592593,207.46855137363906,1.0
-2.449936,38,278.995754,0.2858769243142674,0.10756355639852444,0.10093885004175022,0.24662193275962235,0.08780801958582296,0.07631864123338933,0.28947368421052627,208.04961804197202,1.0
-1.838536,43,279.099137,0.30313824834574876,0.10408042760464387,0.06689423212565938,0.2160896158860098,0.08468000836173671,0.03704985855639306,0.2790697674418605,207.20042806540803,1.0
2.851766,44,279.209792,0.29010109406606077,0.056418370777041024,0.05502590209833686,0.232773544157293,-0.034423889200994935,-0.013802625408472536,0.284090909090909,201.40528511208902,1.0
4.83049,45,279.322753,0.27707696481684463,0.05968629578625124,0.06821542394076555,0.2510850895365908,-0.03686366691433662,-0.008999067650356383,0.287037037037037,202.10982477870377,1.0
2.956676,42,279.421093,0.28201185164913195,0.03805092988737805,0.07664096264442924,0.24485456728550345,0.0291356266639591,-0.02028133669736716,0.28769841269841273,202.02200826724024,1.0
4.460638,43,279.537373,0.2741115340530732,0.028814679018472157,0.09365813281146765,0.2571619475794656,0.0006727719025632143,-0.00543470266364417,0.26356589147286824,205.28575466823412,1.0
1.50323,52,279.65853,0.3041771612593975,0.11614152133984379,0.07397408489558202,0.21156582498869778,-0.07754039176979374,0.004096574614253485,0.28205128205128205,208.70778747774077,1.0
3.98004,45,279.768066,0.2863041162973311,0.04598102025588286,0.07455668396858507,0.2377661687326414,-0.025360515403933866,-0.0024329369521079096,0.27962962962962956,205.22166976477124,1.0
2.940526,46,279.880589,0.29216301810596895,0.056814477043481124,0.08336932724042405,0.22966799612003425,-0.03848575862391391,-0.03181532167382729,0.2753623188405797,201.56786280983485,1.0
4.099847,46,279.995374,0.28567662792738074,0.06227012863966296,0.06932860188779429,0.23918137242500243,-0.03823565215673589,-0.028688237226528798,0.2898550724637681,207.7130460562978,1.0
-0.4108,44,280.123965,0.29065176270378945,0.1273769353428362,0.06097708724004134,0.23166628108701434,-0.086827488182533,-0.0073812553020980295,0.27462121212121204,196.8542877986392,1.0
1.023022,48,280.241247,0.29370444286448727,0.1261651279818467,0.07947581355267902,0.2265417238563047,-0.08386229484734829,0.0029059071511940856,0.26736111111111116,206.7147360416612,1.0
1.912228,51,280.359157,0.31584300555279327,0.05952029203622977,0.08005072030378577,0.1983390396551043,0.047890815177044785,0.008408723952855053,0.30065359477124187,214.69091418791817,1.0
5.611967,49,280.480174,0.2878243966471214,0.05912507296626344,0.06960200036246278,0.2346687518827378,-0.03673219985563417,-0.03017082886556532,0.26700680272108834,209.00857230958977,1.0
4.14403,44,280.58468,0.28172924964780927,0.026272728218880912,0.08898677743932908,0.2437235616634428,-0.0009690802047845957,-0.02877406459586968,0.3125,209.93424458553125,1.0
3.843951,43,280.684564,0.2801353242420321,0.029697609725936318,0.07043290176059136,0.2487706032805168,-0.0018020029731802966,0.02077111578226198,0.2810077519379845,212.48783098109408,1.0
5.076611,46,280.814907,0.28379189500315133,0.02536314036603193,0.07152622495948667,0.23955016397482745,-0.007996737036568223,-0.021112240654457187,0.27355072463768126,202.06619557105336,1.0
4.256996,48,280.929556,0.29587582724864253,0.028402591605519646,0.07848612577266605,0.2239728547553996,0.017811188862506402,-0.0008220141267960256,0.28819444444444453,213.16982328211938,1.0
0.509681,50,281.04941,0.30878770287732693,0.10735183210053152,0.08646156924948832,0.20508372704875566,-0.0700883873356026,-0.0007252835229885277,0.3083333333333333,200.76768279385476,1.0
4.282763,47,281.15741,0.2863874127102158,0.05951414767880087,0.07260614915453877,0.2362778582416996,-0.038581850355551686,-0.01948826746267675,0.28723404255319146,207.16192118774532,1.0
4.315462,55,281.287135,0.31296852959845184,0.05638971408057923,0.09050335935832574,0.20093791858674737,-0.030338697467524014,-0.0003932768628248686,0.2878787878787879,211.71281332467018,1.0
5.131805,51,281.438813,0.2984118356946077,0.04152704856630349,0.09228728694841659,0.2191677358299134,-0.017308436152773655,0.00022673292797831203,0.30392156862745107,216.10728594837738,1.0
1.677804,50,281.555501,0.3001899922818169,0.10922612723927337,0.07825485042342747,0.21714018834019633,-0.07371676655254351,-0.0006539682608323882,0.28833333333333333,200.98079311984887,1.0
3.820435,45,281.661366,0.2872244099890036,0.02735857069256599,0.08956087875120324,0.23578678436573214,0.005846579588118858,0.025003500500659543,0.2833333333333334,209.9961974067322,1.0
3.843965,46,281.771015,0.2903379389414597,0.04631811160533764,0.07622171696772656,0.23143722291248806,-0.022629098869781164,0.0011027153539066895,0.30253623188405804,210.37712750959255,1.0
0.715035,46,281.881679,0.29256492307177284,0.12398384206064147,0.062347911065006076,0.22968095238375172,-0.08257042923348287,-0.00026767345485373677,0.29891304347826086,198.45034518608244,1.0
2.89726,46,282.023321,0.2942026029289388,0.05217248530785295,0.08200988505850317,0.22483274814493626,-0.03196665591527583,-0.013101630460348852,0.31521739130434795,204.56335585509606,1.0
3.172647,40,282.122373,0.27446699282198167,0.04367337240679344,0.0611956075748376,0.26243615887645977,-0.025939167684530452,-0.0028449739985170926,0.27499999999999997,201.30713922549825,1.0
1.632092,47,282.233472,0.2991647220766377,0.09376389837306576,0.07819049387646851,0.21954337542949126,-0.05928858379743636,0.0006404207659741455,0.2943262411347518,200.25137850018578,1.0
0.265338,51,282.35277,0.30533997840081933,0.13138418982306718,0.06642519336415317,0.21018756772239244,-0.0898223959104987,-0.016321374844288788,0.269607843137255,205.62471929135845,1.0
4.6817,48,282.4648,0.29393957952075145,0.02171050681668216,0.0872520597172277,0.22671823830129256,0.0014585565469097536,0.023177225386249074,0.31250000000000006,209.67043390941762,1.0
0.013768,53,282.590533,0.31392331786482075,0.13639632687068914,0.06339079403064313,0.19861003443826214,-0.08808200049302463,-0.006838502009672749,0.29874213836477986,203.33719402564984,1.0
4.096978,51,282.741809,0.30602862605460046,0.022130122148193848,0.09044608140137445,0.21048959221853236,0.0038446945104666274,0.0004017539482936248,0.32026143790849676,218.11715908924498,1.0
4.05922,51,282.866147,0.3030630985898383,0.03746894390542944,0.09329779642014438,0.21285006678967408,-0.01596616370100741,-0.011091761409788388,0.2941176470588235,210.25301271190204,1.0
4.149046,47,282.978009,0.2934279209679861,0.02830874006836992,0.08048628541946434,0.22788742613066595,-0.004264897695864503,0.00923300935525917,0.2872340425531915,211.01658538798884,1.0
2.807494,41,283.078091,0.2780106093969776,0.041909284325452906,0.07834872859157209,0.25300327396796585,-0.01984352482352654,-0.003919722032022925,0.27845528455284546,203.4277939644775,1.0
0.734526,53,283.203964,0.3089118061568791,0.1290576270579703,0.07353827495867321,0.20497519842150494,-0.08650200358948003,-0.03254473539359402,0.28616352201257866,205.83133011420472,1.0
3.468496,44,283.332635,0.29022121430773123,0.02037267714090063,0.0764486553033684,0.23404500353477847,0.002128753018352,-0.00016402081428709155,0.2840909090909091,203.50253366558698,1.0
4.773674,50,283.450068,0.29920096609435176,0.02248721079898023,0.08022095367201677,0.2184863019863024,0.0058847675383481525,-0.004948347554731393,0.30000000000000004,216.87306390085325,1.0
0.007625,43,283.550715,0.29483939125509895,0.08118297675181807,0.0767347829220873,0.22713627870494024,0.06723991066709734,0.0404192126743298,0.3023255813953489,212.51862545301353,1.0
4.536644,45,283.657804,0.2873100440186646,0.028141070831638495,0.06150156855523587,0.2364304749173945,-0.008048012551926016,0.004331938500557329,0.27407407407407414,203.39590066872236,1.0
2.977652,49,283.778605,0.3027354944932919,0.0456468914393556,0.08737212481130285,0.21353292276286592,0.038807735550250536,0.024232339159087405,0.2857142857142857,215.8802396901683,1.0
3.348948,52,283.905343,0.3006488693352061,0.09966933562992862,0.07837813994657815,0.21677990523449875,-0.06549960996997355,0.00468832010173045,0.2836538461538462,204.93302528388347,1.0
4.258725,47,284.039314,0.2931300070789909,0.024943788802706278,0.07202399835694673,0.22706260185455554,-0.006470132816997937,-0.0011871880178495496,0.30851063829787223,206.42835502879356,1.0
5.450004,50,284.156189,0.2948434647993046,0.032672583506871605,0.059647382167776215,0.22383345546495337,-0.014809401003478146,-0.020677594785078954,0.29,209.6826655943162,1.0
4.943403,48,284.269244,0.29301986041379485,0.035948628699706414,0.07852897943241519,0.22798172887175283,-0.021364458619179603,-0.019067174248653746,0.2604166666666667,203.89367171560514,1.0
4.136272,49,284.386351,0.2937279936114458,0.06778773583251385,0.08765157811416835,0.22540386019824873,-0.042085305211113797,0.0007215902510837545,0.2857142857142857,205.35784293337744,1.0
4.356114,53,284.514211,0.3013247969047672,0.07538398368576399,0.09818775376150472,0.21526841134705593,-0.047181162160120894,0.010235509515926501,0.2893081761006289,211.5834887351794,1.0
3.503387,43,284.660595,0.28335178102437175,0.02406662776833667,0.0834497869761249,0.24357167444495048,0.012553410529984101,-0.011060929155638012,0.2810077519379845,207.1043516280588,1.0
2.299218,49,284.780845,0.2976812604793097,0.09899837509699952,0.09148310484002009,0.2206504911988648,-0.067934057988297,-0.02994611146038418,0.28061224489795916,206.20813974274105,1.0
-1.693065,51,284.904971,0.31269926354973154,0.14291996849305452,0.07309123422596628,0.20083761208566905,-0.10014114546652347,-0.02905334214872046,0.292483660130719,204.287461897781,1.0
7.477118,51,285.029862,0.2860829209795461,0.029401353524665927,0.09365436450372124,0.23863702575194085,-0.014804130473905854,0.006250260656697788,0.29575163398692805,213.34650487382802,1.0
3.239071,44,285.136405,0.28401062687263096,0.05749288492949395,0.08914024305502152,0.24168105363473097,0.045871150517389575,0.013444681929036544,0.3011363636363637,210.94506121656332,1.0
4.082425,48,285.28598,0.2961907659113364,0.023886643521240772,0.08272085421707674,0.22414737927820347,0.002576490253704593,-0.021696682383520707,0.2847222222222222,210.26713629576633,1.0
2.790754,50,285.411504,0.29532599821188865,0.10470194078740355,0.07941366545728597,0.22441970156674998,-0.07066795792304555,-0.019955073448884694,0.28333333333333327,205.12975304519443,1.0
3.91552,45,285.521067,0.2873812332327572,0.04997856874134113,0.08375709946687172,0.23911531979683376,-0.0277580953967937,-0.013649303842954987,0.28333333333333327,210.206962414319,1.0
3.689042,52,285.648944,0.30631257598927675,0.05055612894932575,0.10172292554545799,0.20910055887127632,0.03903477128099099,0.03025232789868502,0.3125,216.8174168286995,1.0
1.984179,44,285.756452,0.29042333882870186,0.06687445318794964,0.08250979952716936,0.23333189604826254,0.05414337564604798,0.012695735991920615,0.31439393939393945,210.58058581237785,1.0
-2.059292,47,285.906461,0.3018728604524992,0.15587361796827787,0.06273467571759567,0.21549002438508869,-0.1093373536326002,-0.008602011778713226,0.29609929078014197,202.34792661755571,1.0
4.386879,54,286.040375,0.30680228481467736,0.07781409782505362,0.0820803084228563,0.20752683793556514,-0.05116771526122069,-0.004833558559817936,0.2993827160493827,209.7444031246989,1.0
-2.390667,49,286.159446,0.31339946498177135,0.130086499920755,0.10925372526073149,0.2016283636273962,0.10066331620337324,0.09130897623172617,0.32142857142857156,213.31831952090775,1.0
1.242754,50,286.284268,0.30964451779804064,0.08116270957792611,0.10639948470841944,0.20465187766381274,0.06760407245787231,0.05284692535695382,0.2950000000000001,214.8561182163822,1.0
6.767386,56,286.41962,0.31001131272194205,0.019714994095792984,0.0725965327882731,0.2038885621889682,-0.0005948184606479676,-0.021398033665698795,0.28720238095238093,216.72483026918803,1.0
4.29588,50,286.569533,0.30327112772576253,0.05273900224465021,0.06402436699785544,0.21339597373202415,0.043994883386487604,0.004200324144286593,0.30833333333333335,215.2404207395504,1.0
1.58251,49,286.687007,0.3047985701669794,0.07275422495004723,0.0890109970147921,0.2117927081235428,0.05841651520048871,0.044625754105025665,0.3010204081632654,216.03602453034702,1.0
6.646735,57,286.823044,0.31036882156298695,0.049893782249077916,0.0765541378482103,0.20374036466496834,-0.027469364060724474,-0.015900802248394887,0.3084795321637427,212.43990269127747,1.0
4.691093,49,286.936128,0.2984681466692311,0.021085712282155562,0.07110404840576243,0.2199273856001729,0.00614912486363592,-0.016759606172876022,0.2925170068027211,210.0030257338217,1.0
5.702433,55,287.069548,0.3093103024092398,0.03383043475771009,0.08332629010982001,0.20581690774294384,-0.01755689326269295,-0.008027082658551373,0.2787878787878789,210.7837008070069,1.0
5.597266,56,287.224771,0.31219531352035856,0.04447853378852427,0.07251967944991902,0.20235267265963447,0.03082336387512267,0.009099797582328715,0.30357142857142866,212.18410266368488,1.0
1.881565,50,287.340894,0.29895213320546477,0.11413908043343658,0.06660170417310914,0.21861598920787034,-0.08461710944837186,-0.019514308908795675,0.2816666666666667,205.59283118177518,1.0
3.224459,52,287.456953,0.3017966263603412,0.08925434696474274,0.0971945611318185,0.21557989321894835,-0.058539182500026446,-0.008396135775838694,0.2884615384615384,211.50802011756744,1.0
5.587612,51,287.571888,0.2915878905203611,0.07066668868902252,0.07284676658225125,0.22933617424324035,-0.047962338880488446,-0.010677741000503836,0.29901960784313725,206.14841046497955,1.0
-2.21716,51,287.687287,0.3299656428837203,0.10920991032635724,0.0768257343708816,0.18094269486789458,0.0863547611284296,0.04511640448410302,0.2810457516339869,219.0782544929058,1.0
2.864438,49,287.820117,0.29240233374669333,0.09635451052277523,0.09172830831121842,0.22697750408993558,-0.06683934600967478,-0.025585050231831417,0.2738095238095238,204.09450321247613,1.0
6.00692,53,287.950364,0.29965303196256865,0.04569754958110334,0.09144146185032612,0.21835663242461387,-0.026686625838049843,-0.006389924407817468,0.2845911949685535,211.46477940456316,1.0
-1.955622,51,288.076955,0.3107163139620556,0.15084527921236066,0.10338374671189562,0.20433542077150071,-0.10387392168018104,-0.03904476874967412,0.3022875816993464,197.7661903931947,1.0
4.693163,58,288.216959,0.3174032341244561,0.05981035482348343,0.0858950517816554,0.196741440888914,0.03955253204648533,0.027814857928774996,0.28017241379310354,218.68375197824062,1.0
-0.804782,53,288.342436,0.30764346100658085,0.1585791254997915,0.0626151640191999,0.2070824283328985,-0.10579250429280977,-0.019184715617396365,0.28773584905660377,201.57476757844168,1.0
6.246896,57,288.491679,0.312939912374792,0.03349339685999739,0.075825680927133,0.20149427717126722,0.023787067908683606,0.00174855665052897,0.3084795321637428,213.85660440703393,1.0
3.530845,48,288.603033,0.29651995035143336,0.04770327112163507,0.09104555609251065,0.2230425962882057,0.031790992146178185,0.0406760402279149,0.27604166666666663,206.0677596319894,1.0
5.45493,55,288.73303,0.3029727001302377,0.08062672811053696,0.07731243282437636,0.2133208529940836,-0.05579754082662125,-0.029422646886773242,0.2742424242424242,214.65901247058633,1.0
4.490676,48,288.849051,0.2948135336349715,0.05427253365335351,0.07236492283786031,0.22605305045864407,-0.033000212195419105,-0.00885119574548395,0.295138888888889,206.6271560202674,1.0
6.86509,56,288.982965,0.30366170104744816,0.026064361303042804,0.08914690606793402,0.21204704200121374,-0.003998873866633181,0.007079574752890116,0.28869047619047616,217.69513524192726,1.0
5.848691,50,289.116952,0.2923841008553719,0.04421573036401002,0.08592903469284884,0.22795573238991096,-0.027780233973066934,0.0003589566488437487,0.28500000000000014,202.7788248549889,1.0
-2.797387,48,289.233704,0.30303930562127007,0.15907728583811356,0.0780783400792018,0.21363519407051704,-0.1159801109956395,-0.0016740723092280776,0.29340277777777773,194.9847393316867,1.0
-5.806575,55,289.364548,0.3280327895775507,0.18517042562130337,0.0767233980085292,0.18276895831111947,-0.13035577827878908,-0.019215286600843717,0.2666666666666667,198.84825912609435,1.0
5.553535,48,289.477133,0.28697396406886005,0.03341994472840487,0.0915332369997795,0.2360146271353246,-0.014688987114935744,0.012628787599366554,0.2899305555555555,205.74413393907022,1.0
4.215933,51,289.596546,0.30017773595047303,0.04818798778616237,0.0843632089234986,0.21809843779181345,0.03351479115333747,0.03762944033918399,0.2875816993464052,207.5417566663322,1.0
2.47043,49,289.733382,0.29481749156567055,0.10969786717549987,0.06354135230275408,0.22516263247053916,-0.0788948341154831,0.005852637632908267,0.2551020408163265,198.534653088951,1.0
-0.446422,54,289.862377,0.3258549301845466,0.11208327342202927,0.07579032541166073,0.18696840194729833,0.08237208255060995,0.05162086974022264,0.3040123456790123,217.5341956280506,1.0
-5.052626,50,289.978255,0.3129750608256344,0.19168268513745915,0.06061680502494175,0.20208299391548262,-0.14016973417698236,-0.003095484459752249,0.24999999999999997,193.1472124175994,1.0
-4.38637,57,290.114893,0.3315167591430494,0.17051877622525594,0.08403064037232562,0.17863607951906352,-0.11737119137818199,-0.013274491032375225,0.25146198830409355,196.065542036422,1.0
-1.888238,58,290.260564,0.333396555927649,0.14435666447524578,0.07285224704146263,0.17681194411443044,-0.09783429040279248,-0.018407086304027907,0.28017241379310337,194.5803406700045,1.0
1.363845,54,290.418282,0.310026038963824,0.1284663684224442,0.06930043165985804,0.20526108795834658,-0.09200800697522575,-0.0024206600416615313,0.25462962962962965,200.73853802545707,1.0
5.882894,47,290.531403,0.28110450988236985,0.027890034724653522,0.08039829808331261,0.24505760907009821,-0.006543427802945162,0.015244258611391512,0.2535460992907801,201.5926850161159,1.0
2.313116,48,290.653468,0.28614099797725634,0.12167170839847438,0.07382973097436685,0.238722658468309,-0.08851063835073202,0.004514213546535533,0.2621527777777778,202.40531461687854,1.0
5.352351,57,290.804041,0.3139591655176551,0.05107754361867963,0.06636265842585524,0.20085199021674785,0.031796958810475694,0.030285347544934893,0.2631578947368422,205.38911992922553,1.0
2.617985,54,290.934227,0.3037600978558741,0.10718791259744614,0.08862810200274711,0.2138141456243223,-0.07795436079963443,-0.0008896822959162927,0.279320987654321,210.215570991458,1.0
6.460285,52,291.114942,0.29699818364627406,0.032369017565485304,0.063977768272631,0.22309422550888341,0.012839266015257218,0.03238169938948679,0.25320512820512814,208.84646566638133,1.0
7.796671,80,291.31977,0.35666568234499574,0.03207947731739383,0.060768065301733315,0.15561263998038977,-0.01691355307954959,-0.009499252457815424,0.2572916666666667,216.2449444410508,1.0
-6.392949,53,291.446711,0.32057668037202236,0.20304939549100742,0.0904965467954095,0.1917982986617318,-0.13939010015820996,-0.007214719007281488,0.2672955974842768,194.36305664292618,1.0
5.656028,50,291.571615,0.2937051460487274,0.03493880816848951,0.06831433314492116,0.2273720952926255,0.021575262814244267,0.020820948249320553,0.23999999999999994,204.05992093505006,1.0
6.508067,55,291.726811,0.3020646624509503,0.034229428630696404,0.0854839881342503,0.2162115699744881,-0.022251889661726077,-0.025652800171015993,0.25909090909090904,207.1458589909454,1.0
0.604329,81,291.920228,0.3767885615572278,0.08822499538162412,0.057261354801962004,0.13187477016668514,0.057897339744299156,0.03295646090325466,0.28292181069958844,219.23572002563634,1.0
7.706316,54,292.051465,0.2942720621342805,0.031836491692954424,0.07924004421336187,0.22619933277891915,-0.018630773880798944,0.019256921352636555,0.2669753086419754,207.92473084679852,1.0
5.803245,49,292.16939,0.2884004731962379,0.03937159567551592,0.0755059952079721,0.23293889732396633,-0.02340786412927029,0.007305487424350502,0.24999999999999986,203.82155807686658,1.0
6.458438,55,292.3429,0.305591497257681,0.04654617485658138,0.057271947350402835,0.21035111281803318,0.03317469634255561,0.016454221891483163,0.2606060606060607,211.4561419110501,1.0
-5.173119,54,292.474586,0.3210090644024163,0.18925238765982383,0.09297049773658883,0.19242089460920705,-0.13065200720414755,0.006009476073792681,0.25925925925925924,198.47509571926105,1.0
4.734134,50,292.598274,0.28956749966141354,0.09587482793062338,0.06163778032950058,0.23322616839428456,-0.06881836927517844,-0.009540645093637414,0.25500000000000006,200.2447794015952,1.0
4.73331,62,292.745832,0.3302367753842823,0.0527195501272657,0.06744479971814821,0.18196650099843345,0.03525860949017024,0.02139065659765153,0.28225806451612895,217.47113404075552,1.0
6.071532,47,292.857579,0.2834268631710279,0.033377619799821,0.06063729873405983,0.24292135131871467,-0.013947573287019874,0.014020275123741767,0.2517730496453901,204.4686350164439,1.0
2.644973,53,293.022171,0.2995716824059207,0.11247875205671587,0.09197663465362346,0.2195568547487606,-0.08285656728947002,-0.02723453284710882,0.2562893081761006,201.96064568299047,1.0
4.319245,51,293.137192,0.2980028478776705,0.06060396809961954,0.08097438639720102,0.22103820007333355,0.04295724549851398,0.01906087529353069,0.2679738562091503,213.60077008892966,1.0
7.556753,54,293.266406,0.2985847257189821,0.01989986079806571,0.06835785922596732,0.2193918737162875,-0.005268354800785185,0.012154894548101425,0.28858024691358014,207.8681108897481,1.0
5.693112,47,293.380916,0.28008570343055744,0.055999948840564626,0.06191843112547372,0.2474700704089812,-0.042352977766483724,-0.006595516495915921,0.2446808510638299,205.082542579423,1.0
6.133482,52,293.502827,0.3006160960722467,0.02858905697092151,0.05778956774157799,0.2192394751204741,-0.0052458423994999875,0.00925574849056421,0.24679487179487175,203.98162490529617,1.0
6.980035,62,293.683739,0.3167044746141849,0.05577347330432529,0.08018138770001143,0.19747461429275817,-0.03566143677544958,-0.005096967825819139,0.25806451612903225,210.7995713039735,1.0
-4.09068,50,293.810783,0.32578569372658356,0.133344702551959,0.09624306115582425,0.18696780434792257,0.10087581578211534,0.08268231234647859,0.24166666666666664,207.9768330111613,1.0
5.378659,58,293.946626,0.31528380646279913,0.059427035800356916,0.06400319381332115,0.19952075618075618,0.0386883887220213,0.03123935718822029,0.22701149425287354,204.5059511819144,1.0
5.327773,62,294.106018,0.31846009812483733,0.08414498740863263,0.06958792874707384,0.1961828700213031,-0.05933766135505409,-0.00683254819148925,0.26881720430107525,204.44666776564253,1.0
3.790113,47,294.222841,0.2915401208855321,0.05438681152573616,0.06224122536608305,0.2317947238040874,0.03557013018852278,0.029682623212315292,0.2836879432624113,207.02275410443434,1.0
-1.760833,56,294.392145,0.31791899333305085,0.15784320197160995,0.07585917494994174,0.1938732004956821,-0.10947352484971762,-0.016876380868933245,0.26934523809523814,196.0960001891074,1.0
-6.051038,45,294.501849,0.3138169313721354,0.15216055730000533,0.11548845190990836,0.2020080293679414,0.1184590737800488,0.09548481985778279,0.274074074074074,209.74752026292958,1.0
3.740536,52,294.632488,0.3017961968694632,0.0679375363481013,0.09334512633071082,0.2154140972925445,0.04949977368858368,0.04517026746784824,0.2516025641025641,215.37786381899306,1.0
6.908688,59,294.782705,0.3113759427929033,0.030209830295618734,0.07993250932540114,0.20553615123462368,0.01445671441358423,0.03930164386358865,0.24858757062146897,206.77922245952038,1.0
3.96935,54,294.912115,0.30853841100128254,0.06575707808439576,0.07665245203155413,0.2057764827345768,0.05075001832392437,0.03372987316854325,0.271604938271605,217.97806113191814,1.0
8.967789,57,295.075073,0.29630426467256377,0.034785403138746916,0.06813295161523779,0.223898830390655,-0.01698376473707923,0.020018207394919198,0.25292397660818716,209.69471376131574,1.0
8.741434,64,295.230021,0.3197095761521253,0.024828994682445808,0.06451895240289177,0.19511980422328476,-0.010083039260564504,0.016698166173716247,0.2643229166666667,212.34020880387726,1.0
6.407011,52,295.355993,0.2874998022041691,0.07003440736174255,0.07552291077538847,0.23794654909139729,-0.04953805626368726,0.008002406155761336,0.2708333333333333,211.62022181817585,1.0
6.628396,50,295.473064,0.28700338135448034,0.03615461169287398,0.06556914933418771,0.23833125870196742,0.015941933871734655,0.023911096798533347,0.25833333333333325,207.36943228152154,1.0
4.265515,45,295.640423,0.2818244551896325,0.05156457115015435,0.0728936573498245,0.24557564468103388,0.03158704417576258,0.006081948320742126,0.2796296296296297,201.84770997618438,1.0
5.244346,49,295.757521,0.2833924186363529,0.07620582333329645,0.06597474411065092,0.24253600035167783,-0.05710844804728914,0.031121195582640728,0.2414965986394558,203.04965689341162,1.0
5.558659,53,295.880214,0.2877642272906109,0.0945448127679775,0.0633894210670425,0.23552466491163762,-0.07068531801006835,-0.0059630414152414424,0.22955974842767293,201.45781329389027,1.0
5.389852,46,295.991472,0.27832237296008805,0.05023451693244208,0.07938644843054349,0.25059049931332905,-0.033606614084958124,-0.016430220299509656,0.2590579710144928,200.96631941254213,1.0
4.40565,50,296.112166,0.28581344641967876,0.09401424094631684,0.07398182320370211,0.23827753582897512,-0.0692251676221123,0.03631251925716966,0.2283333333333334,212.3860258550931,1.0
6.649872,53,296.273385,0.2993077280922242,0.05565062022066619,0.043890433270242654,0.2180069048590743,-0.035549211512744004,-0.006098573042696614,0.26572327044025157,200.64441147123696,1.0
7.964041,51,296.397587,0.28544409428713735,0.025871810439676853,0.06389632934119494,0.24015534518970846,-0.005683344442705399,0.027088177877383685,0.26470588235294124,204.47352873123236,1.0
0.646946,41,296.499271,0.279751087787964,0.08032150718946789,0.0954282550047414,0.2522960168304865,0.06475980637066395,0.05607321056774388,0.3048780487804878,211.79717339955667,1.0
3.048361,50,296.616347,0.2971772478227036,0.10046550766663528,0.0712353418614083,0.22468211027873022,-0.07203463673248346,-0.008324124739130506,0.26166666666666677,200.81618970386543,1.0
8.411847,57,296.759098,0.29990386885953296,0.039165590410116996,0.05758693682830305,0.21863020359423455,-0.025163052476603488,-0.005918213802834606,0.2485380116959064,206.59897445316383,1.0
3.199898,59,296.926725,0.3124601973888819,0.11759867794934091,0.05256605738143327,0.20367137422835915,-0.08303461901151808,-0.008779787207212246,0.2542372881355932,205.0970353661628,1.0
4.636512,52,297.052638,0.2922946951737489,0.10265940062413272,0.042863321948214524,0.22915793218757188,-0.07389457262888227,0.011511000358691213,0.22435897435897442,199.9376666299736,1.0
-5.235181,49,297.173634,0.3092964961897581,0.18318606914090532,0.060992294499691596,0.20541867076711132,-0.14201386891675277,-0.013235978858252844,0.2329931972789115,201.8752405420841,1.0
7.825751,49,297.295069,0.27838572696740993,0.03435530399724357,0.04681746100047824,0.25028751667529037,-0.016239437525030882,0.014169413279664417,0.2585034013605442,203.31272999314123,1.0
6.525823,54,297.431567,0.2942431949219395,0.0736844657688784,0.06566252323771693,0.22604884624403693,-0.05366159538417677,0.018405954239239773,0.212962962962963,201.82157312385473,1.0
1.380062,50,297.56846,0.30508064918949945,0.10067105904598539,0.07662783727413373,0.21133245935897754,0.07893254378254619,0.053727033785104385,0.27166666666666667,207.54711969995233,1.0
5.379067,57,297.71295,0.30409440559740686,0.08972002411747229,0.059142762814108844,0.21422340041052812,-0.061758579409590994,0.0004764079908850628,0.23976608187134502,204.6367981080342,1.0
6.362929,48,297.83197,0.2788391169938255,0.03476594023912103,0.07873801366983062,0.25041739102166893,-0.0163531304011986,-0.0017822360375856251,0.2552083333333334,207.34677185468823,1.0
5.03814,50,297.956378,0.29622990521795944,0.04472625872753888,0.06850574516696142,0.22336967246930545,0.023813442860235325,0.02118607210768182,0.25166666666666665,205.9217801384097,1.0
7.329057,58,298.097737,0.30739523325413437,0.04333491099537651,0.06185059914333874,0.21007366011355047,-0.026980457951796415,0.012799778458203825,0.2413793103448276,204.03432075156337,1.0
7.930357,50,298.238836,0.28111920118006867,0.031178681847645547,0.05225039848978337,0.24624513850885216,-0.002090880647589672,0.014121461208906028,0.235,203.7847482605241,1.0
5.927736,49,298.361019,0.2828336065705971,0.07647746660493482,0.05581450311791774,0.24495775284090593,-0.05882559302116613,-0.006537465988819492,0.22278911564625845,193.61981743282414,1.0
6.640852,49,298.482829,0.2857611143676566,0.028889067731791663,0.05490194169541587,0.23950013176230353,0.0039823846145662254,0.007648822252239444,0.21258503401360543,199.02849788547246,1.0
4.642747,53,298.618449,0.29098094283496717,0.09163196206406242,0.08440789317819673,0.23120100706139365,-0.07030695632431752,-0.016311282284024283,0.2138364779874214,206.37349770442356,1.0
-4.170733,46,298.735597,0.2931296641990487,0.19281438701748185,0.0671553529454035,0.23055259194719244,-0.14381307976840005,-0.017178659799071655,0.20833333333333331,186.20479063754354,1.0
8.170293,53,298.881752,0.29063777069286806,0.03099668970259007,0.053197181631055426,0.23442352831669439,-0.009069117911393662,0.011429683841550438,0.22327044025157236,198.8752642957643,1.0
5.801885,49,299.005544,0.27820598220549364,0.06608422507125081,0.07376895268736441,0.2520251558867835,0.04085585491692826,0.05673332619287835,0.2006802721088436,205.0655811785546,1.0
-2.501348,54,299.139212,0.326672563220355,0.12913425012943042,0.07140507288281495,0.1861182574059928,0.09534829090973675,0.05946901088893158,0.19907407407407407,208.6215336603095,1.0
7.743301,52,299.266537,0.28514717067590567,0.05635457619387403,0.08142152957292631,0.2437303726642017,-0.03962511303864899,0.02343748907684227,0.203525641025641,204.51468607349076,1.0
3.41434,51,299.383862,0.2919519732397782,0.10927164587496865,0.0585836225688471,0.23136799621287096,-0.08491353022437999,0.013800978738345097,0.17320261437908493,201.34546229148665,1.0
7.504417,50,299.525545,0.28296820239585974,0.029509676717962674,0.07222483742879462,0.2445583145465619,0.0003929579018521534,0.010698223032496807,0.19666666666666674,200.2981143357435,1.0
4.90923,54,299.660688,0.2933572052119832,0.10363171867094614,0.05599871932550943,0.22895468349781994,-0.08109059643221674,-0.02607375285194368,0.175925925925926,201.11946269567107,1.0
6.630796,62,299.813417,0.3194161740686708,0.05053089888406576,0.06041579650243431,0.1965222050828209,0.029602989853119283,0.03536708744197835,0.19623655913978497,206.92986459508958,1.0
7.37043,54,299.948943,0.2885390583256642,0.06860930378566431,0.05299962760650823,0.2354916943668337,-0.051734305726205375,-0.0036268685983312917,0.17438271604938277,201.5947151530063,1.0
3.307115,53,300.080919,0.2983365921585994,0.11842243617898096,0.0687972384758516,0.22307247361817145,-0.09071211373200261,-0.008445447459852855,0.17138364779874216,202.00118274813522,1.0
4.96251,56,300.242434,0.3065082572224246,0.07715977957988722,0.05387545638542411,0.2122286315395979,0.04667285852224947,0.03692614172024241,0.1845238095238096,193.25572984109672,1.0
5.520255,54,300.386548,0.29083835215072246,0.08989304598660441,0.06672177270235007,0.23097294084976192,-0.06852653766440521,0.002514177290397013,0.19598765432098764,207.4199369898734,1.0
8.621021,57,300.533274,0.30013961473877965,0.027153723687263247,0.05490376503058864,0.22091954090871893,-0.014540464425830806,0.01918395412144686,0.16959064327485382,197.51545401016884,1.0
2.883282,52,300.658673,0.29593800873915876,0.08830737270309746,0.10511297119915712,0.22570713565110426,0.059100637279699934,0.07491603084041598,0.17948717948717957,202.06445387370684,1.0
6.050849,50,300.781237,0.28972065285457493,0.05026068258126528,0.0564674669808828,0.2347051757574303,0.031933827907315665,0.036610825105933525,0.18500000000000008,191.021820418963,1.0
9.427021,65,300.961439,0.31538140831146483,0.02905937203193333,0.06270054188487743,0.2020425707055738,-0.018282017830132665,0.011029594312453758,0.17179487179487182,201.85585712858784,1.0
8.206616,57,301.103239,0.2961442236032881,0.05730426558645878,0.06817987943269768,0.22552031895301852,-0.04254703453819933,0.011067969911040452,0.17543859649122806,196.76946295773263,1.0
1.492211,52,301.229528,0.2948876499865951,0.1276219442614176,0.07688872989760498,0.226192260588692,-0.0995316646502464,-0.030617847100292993,0.1730769230769231,197.66656364084855,1.0
2.444341,55,301.371872,0.31115334724203625,0.09485910661236084,0.07837867923075399,0.20318124404798338,0.06473588278528512,0.05147450752723842,0.18939393939393953,200.28919441812866,1.0
4.371912,62,301.556541,0.322641668182124,0.09293964797602405,0.05643080017142023,0.1903044925961014,-0.07171215136944274,-0.0033062163648369886,0.17069892473118287,194.98123102885,1.0
8.95691,57,301.694178,0.2962396108670676,0.02555011973173075,0.0665837848626502,0.22645067699228408,-0.0032958927572251102,0.003648374167382777,0.1535087719298246,195.6872306633285,1.0
7.996252,72,301.872289,0.33950577530409787,0.041766891000979585,0.045750346229393606,0.17549174361717357,0.017422795311411297,0.01640835040718293,0.14351851851851852,192.50951357938638,1.0
7.269004,57,302.008417,0.29838067879752855,0.05859471076471204,0.07773328437646683,0.2236842697325289,-0.044381792057690675,0.00931540370262837,0.18274853801169588,201.04939218462158,1.0
0.503344,53,302.157779,0.31049129871955133,0.11161479746102793,0.08129808192419022,0.20773873729871098,0.07501038108235376,0.0625043708367655,0.16981132075471697,198.43659236076783,1.0
9.180506,58,302.303587,0.30036760702816206,0.028552654787084342,0.06141033978838054,0.22339548592806277,-0.019797684481595024,-0.0005267411507429731,0.15517241379310348,190.24925841639865,1.0
2.652904,52,302.435395,0.29366109938420126,0.11012569799165486,0.08574806877739455,0.22803375447991656,-0.09159652239992719,-0.020215998630266865,0.15544871794871792,197.57558709308918,1.0
6.776193,53,302.577538,0.29403869847213854,0.0370245837262715,0.06738037250496934,0.22788338014069917,-0.024902708190404837,0.0082285085785351,0.16981132075471697,198.93622176309268,1.0
7.330901,54,302.710349,0.28771570486990405,0.06517075517028399,0.06750376066863191,0.2374519299100473,-0.05128953281854054,-0.007786645580993513,0.18518518518518515,199.93078482251616,1.0
7.74368,63,303.296714,0.31431282507425123,0.0634253117736583,0.062346607615710634,0.20409148329370616,-0.047943471097120965,0.007236839454050298,0.15873015873015875,201.10017852456778,1.0
8.222235,58,303.440432,0.3041080013404017,0.0337677220744989,0.04631650101506521,0.21549719212024565,0.00808772662053296,0.018190622149432796,0.17097701149425293,192.657061009482,1.0
7.336952,51,303.570597,0.2866310879334873,0.03075942239199807,0.06671117220260493,0.24146528464586442,-0.01065510874056657,-0.010847192353977228,0.14215686274509803,189.63583544304436,1.0
4.524485,51,303.691819,0.2910077513777616,0.07901516310784214,0.07376014816668255,0.23442196921084082,0.042015873633896125,0.05339526918336033,0.15196078431372545,192.33743639041393,1.0
2.070827,86,303.927026,0.37294207062310325,0.09134731563252711,0.061156212961578554,0.13658065949275733,0.05298179794015633,0.03399771943471663,0.14728682170542642,190.6522898238085,1.0
7.196306,51,304.051832,0.285534032297663,0.03752222092390959,0.06518593512964901,0.23926753356633823,-0.013948852082048796,0.0028936769264404183,0.16666666666666674,194.2379805682084,1.0
8.186934,49,304.171204,0.2748168626949724,0.033141894049668864,0.049933686136087826,0.26123103463015407,-0.016194729694165425,-0.00402332702636643,0.15986394557823133,199.4470168851289,1.0
3.404344,56,304.307142,0.30730121517777437,0.09553064938093142,0.08732791807590815,0.21067229749768307,0.06235371885493325,0.06522374927011675,0.1785714285714286,199.92733203846427,1.0
5.602008,61,304.454543,0.31061490410283793,0.10018683821325106,0.057119057052051905,0.2069449171807068,-0.07462523849445167,-0.013664354678630277,0.15710382513661209,193.51159689846645,1.0
3.550631,60,304.62471,0.31783264022900604,0.08087433012917025,0.0997700624567048,0.19956386342555496,0.04935330649730106,0.07139298743118956,0.1472222222222222,194.7805597811979,1.0
8.23624,58,304.765996,0.2998905783571388,0.041396738494474186,0.06819021764425903,0.22237855769807274,0.012680270194348961,0.020984428904387058,0.17097701149425296,198.14737530797277,1.0
7.828235,52,304.892143,0.2853234223618088,0.0586459053712979,0.05862426583791247,0.2425131100732472,-0.04451467751913655,-0.014401444812898343,0.16346153846153846,200.9254602149537,1.0
6.15769,51,305.014448,0.2841379082406899,0.05551478509726028,0.0837812295266044,0.24270509546417557,0.02518146453070118,0.044570731348962146,0.1650326797385621,205.23998693195634,1.0
9.92387,57,305.176385,0.29467282563746194,0.029248849635992797,0.05808264835858462,0.22951264914837663,-0.007801657727764784,0.011861759745407926,0.18421052631578944,200.38879313864652,1.0
-1.061909,57,305.316483,0.3149404790702917,0.15485044447378707,0.09633400983796672,0.2003689288314339,-0.11503633319427899,-0.02762888941536324,0.16959064327485385,191.13354938916177,1.0
7.753446,51,305.438513,0.2845569619934311,0.042129784031496656,0.052714653909409596,0.24220591076352502,-0.028496869906954405,-0.006165691369401964,0.17647058823529416,195.8507950949058,1.0
9.174482,57,305.58017,0.29290198179482,0.039291365464575435,0.06555426088972152,0.23204728726188056,-0.02986066373503209,0.012669360505941732,0.18421052631578944,199.12449421029186,1.0
8.435257,55,305.700781,0.2935135430936181,0.03309133020603723,0.04529426879602302,0.2283669471127977,0.0036590305089909277,0.007733691338612854,0.17424242424242425,199.01728920709857,1.0
7.979661,59,305.863043,0.30874514080733234,0.03740180719505095,0.058477897330129945,0.21015795572053125,-0.02624941040108994,0.02043512920675533,0.1553672316384181,193.73859860065434,1.0
7.034904,55,305.993608,0.2950182859983406,0.07562733461868133,0.05517283878731558,0.22918212874337537,-0.057007902689376215,-0.00641755936519407,0.16818181818181815,193.50186540766458,1.0
7.641599,58,306.139372,0.3020380723059681,0.05168318467192674,0.05455351383849832,0.2193328272550478,0.022344593606173475,0.02091428466581781,0.1724137931034483,198.00080866355506,1.0
5.592776,53,306.266845,0.2918196249552161,0.08493936758589132,0.05887900006887612,0.23170635851304183,-0.071452126439573,-0.014046232980774022,0.16823899371069187,200.3358492803185,1.0
1.096654,55,306.398862,0.30421876930957703,0.11104629811917544,0.10389600372396451,0.21532652157984133,0.07225007232488351,0.080329959909664,0.18939393939393942,201.09640168987832,1.0
0.655103,56,306.560302,0.3131987091755488,0.11598618583227802,0.10558529679055051,0.20242179367649843,0.07961056668012145,0.08151271489408851,0.206845238095238,197.66379722115866,1.0
8.518918,55,306.695278,0.29141279590138947,0.03599878540217308,0.05853490534452978,0.23336845488315036,-0.02011326547462525,0.0012440351973425799,0.18484848484848487,197.18723710197608,1.0
8.937144,62,306.871158,0.3103834168787725,0.05362537338550542,0.05613357104001925,0.20888351861401713,-0.04008068465412488,0.010583032417179892,0.17204301075268819,196.15977284141084,1.0
-4.557744,53,307.068452,0.31555085663196203,0.17233542365616825,0.09555517408081007,0.19865280383774742,-0.1299096703639254,-0.031021963002716143,0.19496855345911945,191.17945984482847,1.0
7.735978,54,307.239967,0.2914959355434769,0.04096046412985395,0.07675615910068503,0.2321149018736414,-0.027675710759184693,0.014838515068231405,0.16820987654320993,195.47330468623633,1.0
7.785089,50,307.369572,0.2819447205478158,0.03599503960618868,0.06473967663703128,0.24979047177960065,-0.002713286973733473,0.029182835785660718,0.16833333333333336,194.29511338166475,1.0
7.984405,54,307.508423,0.2913622224598253,0.043115224177098156,0.0500164430011734,0.23587560754444623,0.009927433358126856,0.016454022453368515,0.14351851851851846,195.89567168208927,1.0
1.895606,56,307.650644,0.3022347328004993,0.13532287553427344,0.0794217938181995,0.21668840682448282,-0.10170614949198623,-0.020533189366472127,0.19196428571428575,194.21350120072447,1.0
7.22575,52,307.775019,0.2856508865630076,0.03806970835961837,0.0728409835868452,0.23920481425334486,-0.02088866606476784,0.035513210155063486,0.17948717948717957,202.47736572553546,1.0
8.395396,54,307.924436,0.29127289912953064,0.02661451506405519,0.0615857285884355,0.23586363830144,-0.011138230741315465,0.006605637928616131,0.16203703703703706,194.22942389039983,1.0
5.916108,53,308.048308,0.2946066761820007,0.08003872396982692,0.05780158544829994,0.2273233669030552,-0.06282184112228587,0.006600547850273435,0.16194968553459116,196.71626322626398,1.0
5.282175,52,308.173741,0.2910192269525604,0.07733498002825213,0.0782385256474572,0.23306889759334792,-0.06474992819458124,-0.004634344518429043,0.18269230769230765,202.7561432672902,1.0
7.893002,56,308.312306,0.29327276748119174,0.045747457415356685,0.06871755554642081,0.22966172450972075,-0.03360806757138604,-0.005328989512344169,0.17410714285714293,201.68450839118879,1.0
6.346926,55,308.440936,0.2941708730528337,0.08355958698647181,0.06511225138001589,0.22883665165654105,-0.06280264298129537,-0.0035050492989578247,0.18787878787878795,197.5532059628602,1.0
2.707878,51,308.590657,0.28911298056728946,0.12545477975908842,0.061614024077335766,0.23457820987478709,-0.10408556194467858,-0.016633603925594084,0.17483660130718953,196.50766114818353,1.0
7.855405,54,308.722359,0.2917658192737978,0.036969332660424715,0.06217056913684294,0.2320890541104035,-0.02806177917625249,0.002558433672268685,0.17592592592592599,194.15867750286148,1.0
9.450976,58,308.870124,0.29455511655723915,0.046890830973641585,0.062324997771306144,0.22784080584054464,-0.03710402127614585,-0.01368475871310428,0.163793103448276,199.97419899005897,1.0
5.084076,56,309.009148,0.3000082217647639,0.10606871787505825,0.0605430264552951,0.2242868323436342,-0.07710538312772512,-0.00033839245410623896,0.19196428571428573,193.12066684543313,1.0
8.82402,55,309.160506,0.28448931762798363,0.05638231176185064,0.07473509819979621,0.244085244403101,-0.04282666134811014,0.01595230227712863,0.18636363636363637,202.60444832733995,1.0
8.055366,63,309.31504,0.3106088274588793,0.05862468590788654,0.08080581812852378,0.20834208508444418,-0.04441944900075223,-0.00517407695074511,0.1825396825396825,200.22121906050938,1.0
0.67347,57,309.452346,0.3115838197569193,0.12152010925566903,0.09645302223491786,0.20329817075590925,-0.10041179208244991,-0.008657994989704465,0.18274853801169597,204.026671419382,1.0
7.556338,56,309.601692,0.302934928395678,0.02829233372178223,0.05469925124015294,0.21810934221376063,-0.00018465084579222048,0.008301019766701851,0.17261904761904762,195.6079126189997,1.0
2.685717,53,309.731995,0.2948450564565499,0.12282835536489349,0.08004659434848291,0.22757081515494648,-0.0964656423026203,0.003755355191297937,0.20125786163522008,195.91266849685087,1.0
8.135403,51,309.87677,0.28156744145284396,0.036062065722364,0.06750552626866912,0.2493349403634564,-0.0025809149486951755,0.029313944702387434,0.16830065359477125,199.01374122280404,1.0
10.847904,60,310.029312,0.29725864433003435,0.025877712974681687,0.05597994494459774,0.22534188950822948,-0.009358693435746048,0.023422305833843107,0.19027777777777777,202.48068059029524,1.0
8.337002,54,310.161231,0.28865394215905155,0.0453323001031873,0.05657313041687232,0.2370577994384971,-0.034457537276871356,0.011738643024048132,0.19290123456790126,203.76527713549635,1.0
7.78871,53,310.293699,0.28575470451591706,0.05441880024210176,0.06850222991776014,0.2410931232724326,-0.04326763788619318,1.3690049869034642e-06,0.21698113207547168,202.07116134784656,1.0
-1.370056,52,310.428321,0.30668756138959036,0.15687330995356324,0.055363727176486716,0.2089522117282299,-0.12387916884130432,-0.011677629935176249,0.1907051282051282,195.31641913626115,1.0
8.872775,53,310.597504,0.28311676851992085,0.044561457423573196,0.05942010579769722,0.2445034961413065,-0.035237973260632965,0.005436083666566056,0.19654088050314467,198.3619558061658,1.0
4.149829,54,310.724557,0.29972848905692534,0.08712684250398092,0.0817595080075194,0.2203468794036885,-0.07234927391314214,0.004634610960435496,0.20679012345679013,201.20530393690711,1.0
8.603719,53,310.848094,0.2840071367983936,0.03497340316510218,0.058060917034415044,0.24205694617979587,-0.018210490448907966,0.01451304411541172,0.2091194968553458,201.69109831868593,1.0
7.344659,54,310.977095,0.29248234427691594,0.04694751148232553,0.06333623320683528,0.23223683523750005,-0.036240905953583216,0.007492632348143828,0.17746913580246917,202.47747504556173,1.0
3.681758,54,311.134749,0.29791509840034225,0.11302792781571892,0.05855131447617083,0.22322598429934162,-0.08769077236273813,-0.005130815461536908,0.20679012345679007,200.23215473403482,1.0
5.868014,58,311.27642,0.301560108281386,0.06559222188637068,0.11461944361353488,0.2185907095582559,-0.05592257038594239,-0.03168299027567478,0.18534482758620693,201.42569837446115,1.0
2.930028,51,311.397104,0.3012952497327243,0.08606864827286062,0.050837198966714854,0.21823383975926897,0.059687696526756706,0.030149979713336484,0.19607843137254902,202.57712257144607,1.0
4.051439,53,311.524007,0.29338487375333006,0.10318625684814643,0.07689214955226084,0.23169673041968267,-0.08478540396800079,-0.02431783536942847,0.199685534591195,197.4527717059956,1.0
5.544417,53,311.656462,0.2918794059640053,0.0731411506548049,0.0878082589658998,0.2319808731865538,0.043499925563509484,0.06274140668487149,0.19654088050314467,199.66448493958444,1.0
8.226165,56,311.814703,0.2970186235645432,0.0431661584626293,0.055563441945684376,0.22627173068589412,0.006317791393963714,0.03408428659647772,0.19940476190476203,200.8622927422991,1.0
5.50204,48,311.929577,0.28196343011903385,0.0501593045160862,0.05842628743186598,0.24802034903692624,0.023958620369295636,0.01592442908058949,0.21527777777777787,201.6480783950196,1.0
3.328546,47,312.041222,0.28532282586000224,0.07157663937400369,0.08918211317761002,0.2410862972253218,0.041874006200508775,0.06528082929065387,0.20744680851063835,202.13740252678582,1.0
7.948008,53,312.170483,0.28652684102146264,0.06185405029715594,0.05341055065450886,0.24066334735631786,-0.050632908407503306,-0.001287578777931252,0.2028301886792453,201.35070379505564,1.0
6.989351,68,312.34132,0.3295767055137969,0.04710001028661032,0.05537399560318904,0.18330882086781086,0.023774453594453876,0.015262768031630377,0.21446078431372534,205.09487095153202,1.0
8.945846,57,312.500481,0.29566290621265867,0.02984716104219909,0.06334765836539621,0.2283316230351734,-0.007868347790624685,0.029608005799264866,0.21491228070175436,203.33057644098346,1.0
7.893009,63,312.64788,0.3216844357419439,0.027647937668477045,0.052444140807869376,0.19468226860497412,-0.013871031098327298,-0.00048134740608510415,0.1878306878306878,196.03571367077944,1.0
3.526593,49,312.758454,0.2843101769633476,0.08007875886091034,0.09928825676660637,0.24330946855147864,0.042276063979508796,0.08360888406881295,0.1938775510204082,194.9166492492221,1.0
6.7552,64,312.913889,0.318704530196907,0.06400980110123777,0.06537540678413824,0.1995802989594957,0.029671491531634977,0.03912215934329338,0.203125,196.8694579688229,1.0
8.849601,59,313.083769,0.3000384966258211,0.05199707085525532,0.06919929098120546,0.2211586017287234,-0.04285292788616267,-0.00023299715983587105,0.20338983050847448,197.41414057347495,1.0
1.751852,50,313.208894,0.29247396671182674,0.13504995847845544,0.05485290350624464,0.22931985682882472,-0.11031600484437033,-0.017310515964246945,0.19166666666666665,191.0032730021096,1.0
8.202721,55,313.345014,0.28938123229253687,0.05237270778672802,0.07892874044192244,0.2377433691744621,-0.04141627340931846,0.03024230607383206,0.21212121212121202,204.0116476065768,1.0
4.549931,52,313.474432,0.29221851914635993,0.07562088818724359,0.09492576333073836,0.2310806305140463,0.04461282726716883,0.06557696495638818,0.20673076923076922,198.6257599267037,1.0
8.152112,57,313.612935,0.29888161926303364,0.029854595758956833,0.06691376867158866,0.22335504342753737,-0.005741772230442294,0.006996244519075714,0.20760233918128657,194.44433750510393,1.0
7.421002,59,313.78876,0.30790419411487474,0.049943977422664515,0.06466340297884936,0.21148728087971816,0.025401975535515667,0.030726351229510486,0.22457627118644058,197.15608297786835,1.0
4.068674,48,313.904831,0.28241580758214735,0.07083207185949425,0.09652227133425201,0.24640167139388747,0.042673276539362655,0.0649852934699716,0.20312499999999997,194.60170806449344,1.0
6.685753,54,314.032454,0.2920715580469151,0.0810248042895821,0.06727362266123184,0.23246915184309394,-0.06284555818278503,0.014169751632411713,0.2253086419753087,200.05972255639574,1.0
5.350769,55,314.162422,0.30148557513559554,0.07434464013469101,0.06454440696996071,0.21982468438889372,0.04884960491026834,0.04769447299809676,0.21666666666666662,201.78683905792664,1.0
8.940494,57,314.300964,0.2987412289069423,0.03482002471304318,0.05795420623827177,0.22501381618786462,-0.021613905372581538,0.023998210620168946,0.1973684210526316,194.8510029534493,1.0
9.271595,53,314.480901,0.28120674922187266,0.026335361865675814,0.06327822920465724,0.24874477046148,-0.0053567984532139935,0.011547341589817664,0.21069182389937105,197.98949325093295,1.0
6.369092,50,314.608813,0.2870310779766545,0.043811874128290844,0.07202281601995589,0.23949673818211284,-0.031454731137438977,0.005883201613810565,0.20500000000000004,199.41581138615962,1.0
4.91262,53,314.737596,0.2943706120455743,0.08697182932099409,0.0716891601241905,0.22782365664158763,0.05160552712439901,0.04716358735489851,0.23113207547169812,193.79785694174927,1.0
1.450028,56,314.882949,0.3110663337352852,0.10477687599096812,0.10138745808556315,0.20540018619424336,0.07019750798232044,0.08480158703992073,0.21577380952380956,191.84649607935987,1.0
6.222536,55,315.013858,0.29531926517139384,0.060726089096136485,0.08627053817451386,0.2299916119710829,0.038822672235612095,0.05735924136211061,0.21363636363636362,205.40042441512617,1.0
5.739624,50,315.155862,0.281716123836462,0.065137904673846,0.0822550045636047,0.24923730671139657,0.025361886178655202,0.017805027168856895,0.18833333333333332,196.0573341283928,1.0
1.461142,48,315.274361,0.2892416991533166,0.10373895932866543,0.10271517626690388,0.23492309356139282,0.07294685315264034,0.06917366249343489,0.20312500000000003,207.0747924480606,1.0
1.209893,51,315.392043,0.2954096317067387,0.11298049171405543,0.09083509909892849,0.2260068920737726,0.07830892209656444,0.06539212359737114,0.21241830065359474,198.58735811157666,1.0
6.589649,53,315.517159,0.2900472264962473,0.06351775280864928,0.06776997112156913,0.23618558506275683,0.03788475571776682,0.030406660316432993,0.2515723270440252,202.82653510503934,1.0
9.581579,62,315.687825,0.3073730875242169,0.03492782018260627,0.058212844472127934,0.21345625761745524,-0.023831204554106214,5.5544979078633525e-05,0.1774193548387097,201.61561581866894,1.0
5.434225,46,315.804295,0.27730841174401083,0.044226667663919216,0.07295264234852339,0.2554250100600176,0.010585449172154551,0.029456631574481654,0.20471014492753623,201.39014700182727,1.0
6.943746,52,315.935383,0.28496616785340906,0.045852258994311966,0.07257272268068508,0.24323214523645195,0.015728348258987723,0.04246734644177603,0.21314102564102566,200.78761030265738,1.0
8.928687,60,316.084607,0.3053563012995443,0.03133323750894772,0.060961043517329026,0.21341444500537773,-0.02354626403746158,-0.0006468710113774755,0.19166666666666674,201.63434127746527,1.0
7.905257,52,316.214261,0.28858928278035856,0.026411361038918873,0.0627195001294815,0.24213495184646391,-0.002184030081203166,0.015109357246579337,0.2131410256410256,205.1158774423592,1.0
7.058541,53,316.377627,0.2902820758397476,0.04622908107803545,0.06253486158217521,0.23297917478547892,0.01830783881905032,0.02308235692937066,0.20597484276729558,203.1801376510769,1.0
8.660375,54,316.515379,0.2862875791087965,0.03174479857145401,0.0744868159737183,0.24035578616104425,-0.013444491730368754,0.005800889883087949,0.21759259259259256,209.8151853896826,1.0
5.716357,47,316.637958,0.2787015745900001,0.05604594181821976,0.07669699540441491,0.26043109876335824,0.03130750809082022,0.047656756905042556,0.22695035460992907,203.4090523588679,1.0
5.846108,53,316.775015,0.29690605633750233,0.054719836745077424,0.05738536469188406,0.22509391759871752,0.02973161017417869,0.03190428967446844,0.2012578616352202,199.24672083635744,1.0
5.826243,50,316.895669,0.28512388465556743,0.0637123763008787,0.06903022768110456,0.24219720764265693,0.029060906368718803,0.028125921370136225,0.19833333333333325,197.2750597766213,1.0
6.192128,56,317.052979,0.2967433762906821,0.08809486916398213,0.06582128045724674,0.2257728236835471,-0.07100438009219529,-0.014656170525073273,0.22767857142857142,200.26007262914393,1.0
7.304276,53,317.185313,0.29267949227008366,0.04851422709292739,0.06516568371606209,0.2319358604838138,-0.040736547296256684,-0.01291874905525541,0.22641509433962265,198.74057954987154,1.0
8.375817,59,317.326777,0.30743180984650725,0.03074176522618129,0.06108167587765219,0.21099510054392065,-0.012631097484502056,0.022791133932053936,0.21327683615819207,194.61930930618675,1.0
6.753851,50,317.445338,0.28204322546066296,0.06642351104954093,0.07548990840466109,0.24753193093157042,-0.052348246032171995,-0.0028253001480042523,0.23166666666666658,195.27141582305362,1.0
6.728983,46,317.557885,0.26621590645608617,0.03996600938666671,0.09259943049468015,0.2764624489369426,-0.005774334025959353,0.04188407365717404,0.22101449275362323,205.85260070699283,1.0
6.54772,47,317.696086,0.27338333802120335,0.041611058692254774,0.07063181535001573,0.2620649347363083,0.0003540643753523139,0.04859626480041087,0.20035460992907803,200.1031831880187,1.0
8.968639,53,317.823064,0.28268857911742273,0.028544504920932478,0.0639996826957232,0.24784872180236553,-0.0126736848032154,0.01713403240682414,0.22169811320754718,201.4514051778134,1.0
7.786708,51,317.944596,0.2847321069842506,0.029806778985859306,0.0620391529753785,0.24201374571294637,0.004432487715448955,0.031565754705561895,0.22222222222222215,207.27519251033775,1.0
7.255822,48,318.059685,0.276579352012716,0.0451808694450061,0.07027185235469156,0.25800083718265204,-0.010839385201424953,0.021401999067755556,0.19618055555555558,201.21760362286003,1.0
4.13786,50,318.176226,0.28922253068386256,0.07966888405672874,0.07668258290997633,0.2356247903795839,0.052628142490328454,0.04002293159723427,0.23999999999999996,204.97050645617324,1.0
8.972888,53,318.321157,0.2845186551698247,0.026681076203293807,0.06421386919719865,0.24400943799390257,-0.013704356280364342,0.025555592289553546,0.1965408805031446,200.02185395378513,1.0
4.569857,46,318.432352,0.276487728701119,0.08862091877009791,0.07845281874081839,0.2540331594800004,-0.0690609501042953,0.01945285513865047,0.22826086956521738,209.31760475250385,1.0
7.070043,50,318.554785,0.2821084231983871,0.035998530247360605,0.08564497341790382,0.24797889816453253,-0.0010189441551009812,0.036946832417089924,0.23166666666666663,208.35866850511727,1.0
7.839821,52,318.684873,0.28499558228057104,0.04324418214325585,0.05623425093073216,0.24134201582269202,0.016777048440053545,0.021541515750363584,0.2131410256410256,200.00795077259858,1.0
8.020217,52,318.816987,0.28504892995746844,0.03443197531150164,0.0664446572271297,0.24277717263719575,0.005640061061853758,0.026877380542730277,0.2323717948717949,206.7576769388061,1.0
-0.251148,53,318.987386,0.2970428656572666,0.1493051716736203,0.11675593458939869,0.2233560846284626,-0.11404892472980983,0.012625252967310872,0.2515723270440252,201.3410831717671,1.0
2.59315,48,319.102024,0.28365138378394705,0.11260176281393827,0.0851724498298097,0.24329609643883032,-0.0920301668986399,0.007858686096488522,0.23090277777777776,203.93125036623337,1.0
7.784789,51,319.226025,0.28220429000771335,0.04069388799237082,0.06789568429177067,0.24589566691481307,-0.023704414530473547,-0.009710476045892116,0.2107843137254902,204.2157024570198,1.0
5.117217,53,319.352715,0.29687428384884335,0.07335596786900137,0.07864569933756338,0.22459908217520996,0.04027994377155622,0.03583549564446851,0.22484276729559746,201.99763182677614,1.0
9.177279,58,319.496122,0.2990801027672995,0.025136651222723475,0.05244441883704555,0.22237627825557268,-0.009562342286042401,0.004857336712297048,0.2169540229885058,204.5518222126865,1.0
4.721482,50,319.65646,0.2852561985090543,0.08522641593049218,0.10141112741809936,0.2407777598484975,-0.06895144093756307,-0.024118477367361422,0.26166666666666666,201.81140193478637,1.0
5.852422,49,319.776143,0.27923775602063455,0.06816313202370958,0.07155163478903348,0.2470903567943297,-0.05265177243461325,0.008170737957779142,0.23979591836734687,206.8358540198048,1.0
7.255433,49,319.890171,0.2796014448794281,0.030302512700885846,0.054066986912715574,0.25172245024348916,-0.0009324236937915001,0.014144653704995217,0.23469387755102042,207.44956861171607,1.0
6.152896,45,319.998529,0.2705462470483441,0.04366194010882533,0.05266538618168655,0.2660656290364348,0.005349810976030999,0.019049894515860335,0.22592592592592592,203.91572170307094,1.0
7.842638,52,320.122161,0.28520724932811997,0.04416641630749104,0.05896682372884336,0.24148580379790624,-0.026710459949471285,0.0044859029123015225,0.2403846153846154,206.95833415069063,1.0
6.208113,47,320.254805,0.27745955753262525,0.03910514359855034,0.05509682040682073,0.25495208973688327,-0.010112610918129839,0.015322277670538507,0.23936170212765953,210.51375996960576,1.0
6.084666,50,320.376914,0.28688197504603746,0.053780836750826025,0.07024724272265435,0.23739311041860425,0.03040262548524496,0.0211252057609825,0.25833333333333325,209.4505976167774,1.0
7.027788,50,320.499515,0.27907576498796494,0.03555229922290111,0.09290461413981072,0.24904581499313858,0.004945264046721489,0.014457683835854907,0.24999999999999997,210.88960200625638,1.0
6.272164,49,320.622739,0.2878260122409017,0.02815278517709038,0.06624403931842028,0.23984993514620145,0.0008621742831920241,-0.0059118633091384655,0.24829931972789118,202.30588452739653,1.0
5.336547,45,320.733285,0.272461246304969,0.05117870788926437,0.0772378080768812,0.2611724023925482,-0.037627837520872544,-0.010201447408609897,0.261111111111111,208.5812886236208,1.0
7.373791,48,320.846324,0.2703244450968094,0.043341247415036095,0.08041944771479985,0.2646696960836824,-0.015127494196619198,0.02388606517906341,0.22569444444444445,204.3574380431193,1.0
5.34257,48,320.981168,0.2861371762963274,0.054110031745073325,0.08538630143987465,0.24052033220115474,-0.039431554572484845,-0.021224934305055728,0.28298611111111105,202.84737787803317,1.0
5.469934,48,321.091359,0.28239011107455575,0.048807496614769984,0.07112729433367965,0.24458259678598349,0.031298194676744474,0.02331342291614112,0.26215277777777785,215.08620199561952,1.0
2.378846,46,321.202797,0.28269627464663,0.11074466888534419,0.0663725723342532,0.2466551225035469,-0.08839669272161485,-0.013000571026919379,0.25543478260869557,207.2958850599091,1.0
8.487157,57,321.338411,0.2980157777330448,0.03237046201062821,0.0652758175357589,0.22084352534494606,-0.013977542281563738,0.01962446149075085,0.23538011695906425,209.1466034978074,1.0
6.36498,49,321.445961,0.28005437254414217,0.04080368770679158,0.08378032375765018,0.24810744152758166,0.01066480609760028,0.035206084684320994,0.2227891156462585,210.42530369588442,1.0
3.49778,48,321.580413,0.28548414787201576,0.10027130341296547,0.06641780790730147,0.2414523998350938,-0.0818879332650621,-0.0005847581859987349,0.25347222222222215,205.46647697733871,1.0
7.545622,49,321.694921,0.2821618039569352,0.029133627137479082,0.048591715244455984,0.24588028433340114,-0.0029666814838672823,0.019323993163685705,0.2534013605442176,208.44167245964977,1.0
6.437683,46,321.802009,0.27182644520132715,0.03655003927674376,0.07302580575923145,0.26346399518548586,0.0014711772498281245,0.008872878173316072,0.27717391304347816,212.5564525288061,1.0
7.048626,48,321.915703,0.276361061377752,0.039068355888000235,0.08275316224520321,0.2618672922893437,-0.02307720494407743,0.03417203536219573,0.24479166666666674,209.90649594161857,1.0
5.786871,46,322.023165,0.27473915968111373,0.05069962222474833,0.08287388147162396,0.25777583753355165,-0.03270256721699169,0.02071449953815813,0.2717391304347826,207.85020300565196,1.0
3.50296,55,322.171938,0.30167850985197836,0.10712002314476586,0.08166035528161744,0.21579348930107087,-0.07612636025393055,0.01814519989275883,0.26363636363636356,213.2101192195557,1.0
5.691088,50,322.291739,0.28964993736226413,0.05665934719810793,0.05615489707342269,0.23516627905250154,-0.04123627158534257,0.004032905577398016,0.25999999999999995,207.97860056344518,1.0
7.544488,48,322.404577,0.2729924252287911,0.03991353251539936,0.06910938701305196,0.2610150153819384,-0.025639133405655153,0.025169146495261113,0.23784722222222213,210.33314470457753,1.0
1.875369,52,322.524929,0.2967037216532029,0.13017692566694847,0.05896842606176203,0.22362744032417045,-0.09875288539107313,0.010578871063762464,0.25641025641025644,205.38172816822023,1.0
2.10112,47,322.644554,0.2839896637452477,0.11234358599022388,0.08509442220518329,0.24338539919130395,-0.08611695477870553,0.00738517691473448,0.274822695035461,206.6773646143512,1.0
7.572503,51,322.810758,0.2890803791097996,0.02893795253988774,0.06337514600639038,0.23647674442965358,-0.011033543820437865,-0.003549962503765336,0.27287581699346414,205.28748477608366,1.0
7.896854,49,322.934827,0.2765867177405945,0.026381876753676304,0.06733580233453244,0.25540437290340334,-0.004787266550617522,0.010684956037453609,0.25,212.01239078014976,1.0
6.828825,63,323.089854,0.3185542864140331,0.04241189853630772,0.0673306830442529,0.19445778886202877,0.030782310794701357,0.024904743594384566,0.24867724867724858,222.96849766018428,1.0
5.249835,51,323.217224,0.2876794427845154,0.08798835406707266,0.06842444676042841,0.2383904195674194,-0.06946299919381611,-0.023074692866212634,0.23692810457516342,211.15926254788042,1.0
7.543891,53,323.340665,0.29201920529872305,0.0398412476145115,0.06080934926531906,0.22847077584927863,-0.024874128041980116,-0.002780394970724583,0.25314465408805026,211.04084134139538,1.0
6.609211,50,323.481866,0.2865524423254312,0.04917988484542498,0.05194623341323989,0.2381800339129346,0.02690620715261335,0.01546752446255556,0.2733333333333333,211.49032729071075,1.0
4.086456,46,323.595896,0.28727808179562786,0.05451082592087606,0.05846284609990781,0.2378265531893876,0.041230223631307704,0.025624649715376167,0.269927536231884,212.95876757538556,1.0
7.769963,54,323.725804,0.28937664828441784,0.030387388187294393,0.08489757135802299,0.23455415131608395,-0.012065897131802282,0.03595415444764524,0.25771604938271603,212.4897485721989,1.0
6.901596,49,323.846538,0.2742456691269045,0.04197849401365034,0.09108093785662925,0.2585634759643352,0.01590508290709765,0.04109401418918719,0.25170068027210873,215.52489188712875,1.0
5.06916,50,323.97126,0.284207622326445,0.10375530321080126,0.06936150871547132,0.2446082468769117,-0.07921324578485643,0.008221527450510017,0.25,203.44532703652692,1.0
4.550894,44,324.097702,0.27497953439107364,0.051618321841787586,0.07550008047736088,0.25913915491997846,0.023929408905035972,0.013058290836676955,0.24431818181818177,208.7265984458101,1.0
3.686285,51,324.220749,0.2926026839303759,0.10646981142662922,0.06862675579524659,0.22971146450857005,-0.08096350274210096,0.0008144149176085153,0.26633986928104575,206.940818721087,1.0
8.277069,52,324.345629,0.28262023675084247,0.03250788470403165,0.06123253221036479,0.24454701487490502,-0.003563158173009064,0.013899181533772313,0.2628205128205129,211.04817755026988,1.0
5.192253,49,324.461922,0.29319281744435277,0.03290599934119069,0.05473168085400064,0.23111044427910887,0.02120558764556496,-0.011105950863124374,0.26530612244897966,211.05910763966529,1.0
5.889078,52,324.588207,0.29082820386779495,0.07994430003765297,0.06271385233588693,0.232996061369338,-0.0613687029976681,-0.007731694535578564,0.26121794871794873,204.75053892012096,1.0
5.833106,46,324.708636,0.27877753288329205,0.030292827554713405,0.08169292535771705,0.25294421528213695,-0.0044982320366922955,0.032246981957531486,0.26630434782608686,208.1067482815046,1.0
6.092528,47,324.845381,0.27655967453509334,0.05534427946893877,0.07336009131950329,0.2562940471491647,-0.039561307490573724,-0.006215573773581341,0.2907801418439716,210.62905645955527,1.0
6.549618,49,324.963669,0.2817385787861826,0.05381736348881241,0.06279116123788878,0.24583754919622067,-0.038425586797371375,-0.027144954320378067,0.2431972789115646,216.24248669254598,1.0
7.649202,54,325.099673,0.29462409572282044,0.04305385758123773,0.05539978591343259,0.22706997654262046,-0.028611946375140647,0.005084110885975997,0.25,208.13546291104447,1.0
6.677997,47,325.215817,0.27422674219044285,0.030506316367714066,0.07693936110732114,0.25806271739729136,-0.0035674490648002063,0.02059728145235625,0.25709219858156024,204.78282774976793,1.0
3.767741,51,325.343364,0.28498433167552056,0.12762945167998588,0.063000369163892,0.24210666422543042,-0.09388968221853962,0.0022939044714728493,0.2777777777777778,208.19224447010004,1.0
0.437782,45,325.470516,0.28700329776898525,0.09880442465825787,0.10279817621067176,0.23984945523244836,0.07884209406937381,0.066541504999843,0.2907407407407407,219.51023579554283,1.0
5.61483,44,325.577851,0.27255962703454206,0.030348317381029662,0.0629796493294608,0.26382085959505985,0.0018977361585832497,0.007958642104374783,0.27651515151515144,212.17005584937525,1.0
7.529833,56,325.715325,0.2968831270039632,0.05238573698062312,0.0668065126960459,0.22356198688895648,0.029009650102483905,0.01889004495609367,0.275297619047619,207.29320230659752,1.0
5.906988,46,325.832215,0.27332920313379855,0.03792234190928297,0.06673381373996055,0.26045815355970847,0.0087932993010434,0.00288388072023828,0.2681159420289855,210.8899947579319,1.0
6.970777,49,325.947117,0.2813957514938614,0.031312958508306905,0.08100243066265292,0.2464828047953219,0.007907806195116527,0.046369989330563466,0.2755102040816326,210.30948400349047,1.0
7.810726,55,326.097219,0.2962072626511269,0.05009576130955668,0.0613104686735393,0.22514753769978874,-0.03384696545268797,0.0022115310253597573,0.2787878787878789,206.1031353385558,1.0
6.51885,49,326.22339,0.2876627485737684,0.03133480610670316,0.05603748483592142,0.23682474376353538,0.007897271428843347,0.01643978144646429,0.2619047619047619,205.27647674811212,1.0
3.539733,51,326.350147,0.2919971941908966,0.10305298783094596,0.06408820007969927,0.22927716855347754,-0.08176619244287985,0.008778687543493017,0.272875816993464,205.51761441161375,1.0
8.443619,51,326.472508,0.2809720340709214,0.0439875795814933,0.0556363903337243,0.2489667416552765,-0.027017520674931194,0.016708603176660935,0.27450980392156854,208.26481969481242,1.0
9.050243,56,326.604208,0.2940989501636746,0.03373736349516316,0.058316325673070504,0.2275204750450083,-0.01577530326671871,0.015973864788809505,0.275297619047619,206.94659459761428,1.0
9.379832,59,326.774551,0.30035970025828573,0.028397219894453065,0.05480480227583431,0.21938862900990164,-0.005057694213941913,0.007301618536813056,0.2669491525423729,212.83870972089247,1.0
6.987566,48,326.888441,0.2760119521156037,0.03913649880882762,0.06069014029039542,0.2567436641081927,-0.022144965757403712,0.003079315323139454,0.2378472222222221,207.8361632335099,1.0
8.031743,51,327.010031,0.2851454992890902,0.028970484679933448,0.0598002682608691,0.24475445290745704,0.009151160351765986,0.009838490101789605,0.25816993464052285,211.6972896837227,1.0
5.590562,52,327.132416,0.2918133960553435,0.07060339790734198,0.08766173686761992,0.23141037366457062,0.046741250491463764,0.05047855366167658,0.2612179487179487,210.06378748762185,1.0
4.710649,50,327.258449,0.2912509016892459,0.05834549305595789,0.09200225539425316,0.23347740682227205,0.041962255913508696,0.04900624399901017,0.2699999999999999,217.16266983414053,1.0
8.160131,54,327.413118,0.2945927799458847,0.027810202926087983,0.07726461208085574,0.22884754003713198,0.0006750878164216356,0.018766161643258058,0.2623456790123457,210.43481094821553,1.0
5.274802,45,327.522012,0.2750265059947475,0.05115246266233802,0.060481456020254024,0.26161184161670903,0.030520459380584994,0.03640020905634432,0.2481481481481481,204.24757777741954,1.0
0.155372,45,327.632052,0.29886492003849047,0.09645239608901816,0.07617054869382285,0.22142145756370638,0.07773430936304107,0.04522945750464553,0.28518518518518515,205.1726583723179,1.0
5.890028,48,327.757848,0.28067134022014206,0.04077073153315868,0.06209465491757738,0.250879010584887,0.023715883649195527,0.03948047275569579,0.2708333333333333,211.97848638223874,1.0
1.687263,39,327.862411,0.27222629370647566,0.07291769721188235,0.08843154007945832,0.26918704787655234,0.0524072478993415,0.04092401227676986,0.28632478632478636,199.29551509643562,1.0
8.744749,54,328.023062,0.2903095249434933,0.02518937051702037,0.0734059246400857,0.23701361699919044,-0.006652293783208097,0.025286519488665324,0.2700617283950617,208.85700470062224,1.0
6.687693,48,328.141246,0.28201965781626726,0.030087350723080216,0.05971008847827038,0.24781583174269692,0.012022243957424008,0.029560276962403913,0.28125000000000006,208.93765598977288,1.0
8.697494,52,328.272779,0.2822059570657131,0.030529080710468632,0.07642030697384164,0.2468886344693064,-0.006665799528742429,0.02950274908960126,0.27564102564102566,203.73102627683758,1.0
2.755967,44,328.383778,0.2864948600971235,0.06979866074044236,0.06625142296152693,0.23963890413553124,0.05280235063367845,0.020402585207364078,0.27083333333333326,206.68041194495217,1.0
7.335731,53,328.514799,0.2884577911023214,0.055578709371612176,0.08033760804250496,0.23644999312279327,0.03541530471330169,0.04867062597012424,0.261006289308176,209.26148962766345,1.0
8.422002,52,328.666153,0.2846059384903429,0.03444275634144341,0.06508028167297504,0.24218659352382346,-0.02079964230097479,0.029009502226640158,0.25961538461538464,204.7422236802766,1.0
6.178195,48,328.778099,0.2755961411785032,0.06167872886052556,0.08025235631759817,0.25682829192114626,0.03389920669076025,0.04141384969732287,0.24826388888888887,206.92074272840327,1.0
8.030459,53,328.903518,0.29224308446476527,0.025859234655605093,0.054477664427218644,0.22937026197046947,-0.010940002767528375,0.012723413236711903,0.2845911949685534,203.28761375845065,1.0
4.952282,51,329.026543,0.2946752810530406,0.06359136705191706,0.08502455350340221,0.2257446778482322,0.04932463715252764,0.04699225548650785,0.28594771241830064,211.347190944998,1.0
6.534982,48,329.138989,0.2754309529141668,0.05870251622609543,0.07863457069734003,0.2574421581708121,-0.042645510347191475,-0.002455603348036063,0.27604166666666663,211.25386802742125,1.0
6.058426,52,329.284834,0.2899284870162254,0.08052734307716093,0.07171917958782496,0.23337015646877368,-0.062209506502641995,0.0017375006746906557,0.27083333333333337,202.10995345770363,1.0
5.711615,52,329.407192,0.2865633877174965,0.08261246802170233,0.09429946703910844,0.2393881587600489,-0.059105487520512395,0.005300730040755346,0.27564102564102566,205.6180167939711,1.0
4.965959,45,329.52091,0.27039219973535145,0.06206950685592747,0.08790871719631592,0.26741412074387017,0.040465090580198364,0.05676569541533295,0.2888888888888889,212.98826561545567,1.0
6.777893,48,329.633508,0.279317706818261,0.04581542414262197,0.07053898172061394,0.25126752336510366,-0.029876528687273612,0.0013503644501192344,0.2847222222222222,209.91036802381345,1.0
5.897491,46,329.743845,0.27815381963824126,0.03189129333570238,0.06915149177471709,0.2553764726091264,-0.003022059118196718,0.03481411747884723,0.26449275362318836,206.5413535142284,1.0
2.103003,49,329.864137,0.295301881912472,0.09836120792683654,0.0983505582451051,0.22471764863453633,0.07386151991332057,0.06826489056255604,0.2891156462585034,213.75130598239906,1.0
3.451876,46,330.001686,0.2891033937643153,0.07560824138101588,0.05582098297086896,0.234992031272969,0.056838402566990374,0.03519149872873767,0.28079710144927544,210.51255085823072,1.0
8.036332,60,330.163151,0.30517786178001627,0.05649076618814708,0.07562523903103789,0.2122358076128207,0.03238800385570208,0.047145071164120124,0.2680555555555556,213.11943707259962,1.0
7.282123,47,330.287826,0.27331450611311514,0.03217551471006791,0.05273006669513169,0.2654223590176292,-0.003751348486840853,-0.0018079724188387063,0.27482269503546103,210.72258364731712,1.0
7.861921,48,330.414553,0.2698261538028245,0.05453255805881199,0.07457948062668394,0.26756963871473866,-0.037287022081956785,0.0020078412609215337,0.2968749999999999,210.5056991998815,1.0
7.372134,51,330.546553,0.2889521649222346,0.04682044480751997,0.050224790366008076,0.23510980369085194,-0.03275368758476735,0.0003244941165721621,0.2630718954248366,209.03399935027556,1.0
-1.442446,40,330.660575,0.2927806908486643,0.09324989019595731,0.09278804467144369,0.23471839610356118,0.0804470953296251,0.06783787606506822,0.29583333333333334,215.18501763868258,1.0
9.472031,53,330.785084,0.2834143112282157,0.035957473053569014,0.053038273417469424,0.24499715840402425,-0.017676501862251906,0.00897728683503386,0.2830188679245283,213.01539819487522,1.0
6.3924,47,330.892461,0.27424320814718484,0.06472115502122631,0.05999517930749949,0.2611357137676036,-0.04643452837156825,-0.01146040221274883,0.29078014184397166,211.72073760609473,1.0
6.047366,45,330.997312,0.27335845574838363,0.030714900044964827,0.06759025674508767,0.2611941700513175,0.011531734929887665,0.017387993809878047,0.2981481481481482,210.735397848029,1.0
2.275988,46,331.104495,0.29136073732915574,0.06754035074920736,0.09973643767864208,0.22987066015353394,0.0542916067011904,0.05768875430881819,0.30978260869565216,211.2987747672339,1.0
3.577612,62,331.281103,0.33122571386183025,0.07482556156812617,0.06541655719456624,0.17816404807610964,0.05573553768739202,0.02633825794478459,0.3077956989247312,218.44103103465167,1.0
7.540491,53,331.397668,0.28637906198109553,0.06665563743386298,0.06141080707333924,0.23726172474033494,-0.04313588595835786,0.01576459664245302,0.3034591194968554,215.1788590061298,1.0
-6.555127,45,331.505319,0.31572360697548585,0.15630593946798071,0.10745700122909976,0.2002058186461571,0.12353020041179853,0.09161100887171521,0.32592592592592584,222.8268772388404,1.0
7.041434,54,331.632991,0.29156387281708723,0.07447991201873401,0.058182481492026615,0.2349828574169526,-0.047836786754213975,0.0047698636748276,0.2993827160493828,210.66354951229812,1.0
7.357737,50,331.750267,0.2805132923091928,0.06495355325391446,0.053513793851815365,0.24970828078342258,-0.04490170334753038,0.008285800118416588,0.28,207.25080422437458,1.0
5.580864,49,331.888778,0.29008657419135614,0.050378742889543256,0.05789123184514312,0.2353606479102365,0.037340535206695696,0.006465983064496507,0.2959183673469388,214.511229453966,1.0
5.232793,50,332.012132,0.29154135032640227,0.056248391513134426,0.07679296966757636,0.22853866282174218,0.041103116647017136,0.0420583986023404,0.30999999999999994,214.80217008855004,1.0
-3.566631,43,332.120466,0.3023669196319753,0.11672644572997377,0.11572963265856348,0.21721907768812843,0.09577204078392043,0.06971934695350346,0.29844961240310075,216.99795312251098,1.0
5.166442,55,332.263694,0.3041819355693244,0.062251972853225,0.065748850586502,0.21232953776186173,0.04659682110813826,0.02524787859366544,0.28787878787878785,218.74857771670074,1.0
2.446728,50,332.383151,0.2971297329027787,0.09366770824770192,0.07651162225346746,0.22222202953423761,0.06925455450812958,0.05090598726799699,0.275,214.3278924033813,1.0
7.055752,50,332.520597,0.2823934303628693,0.05476953173864793,0.0662143634650663,0.2441669639431772,-0.035311636011940296,0.005078649026211701,0.3016666666666666,210.5451224096851,1.0
6.932022,48,332.634009,0.2755123119459063,0.04113481058316365,0.07198233287292834,0.255434636124462,0.009704774547715456,0.037551055948681904,0.2638888888888889,202.32386612847426,1.0
5.096582,53,332.752409,0.28631003041847747,0.10354120038409667,0.07858736254443495,0.2377741295749583,-0.0775022942064145,-0.02292331096182102,0.27515723270440257,213.6739032845046,1.0
8.387409,52,332.870155,0.28613278106695833,0.028535951614121743,0.05767922128665621,0.24079972734375854,-0.004158385833316703,0.021538445456831774,0.298076923076923,214.1806676801768,1.0
10.696136,63,333.012396,0.30782583525946267,0.024794917263582406,0.05982182434870152,0.20937087050012648,-0.0004893696950767563,0.012372447552871944,0.2923280423280423,211.44582975443143,1.0
2.178034,46,333.138175,0.2940325894581444,0.07877701021252029,0.08236420923536429,0.22720620729326532,0.062332426998184615,0.04892220269142632,0.30978260869565216,210.82534828947243,1.0
3.066226,48,333.256384,0.28221558413921644,0.1220535238367709,0.053147128087263504,0.24582215570369056,-0.0906330488631044,-0.006482959647316149,0.31249999999999994,198.22534849305308,1.0
5.643997,47,333.376071,0.28403193333470395,0.036863140188161295,0.06013220965881496,0.24412317545426296,0.021746432779381947,0.017430445427625424,0.31382978723404265,205.03730993565358,1.0
6.862266,46,333.488956,0.2691361090017379,0.03899208041674782,0.07996304132914508,0.2679901606809691,-0.006152772597375256,0.02586295038670028,0.3025362318840579,206.95563426343537,1.0
0.812721,46,333.599059,0.30018168897740566,0.08745110205054635,0.07319308328659326,0.2176388685826394,0.07211451175741367,0.04218839089058826,0.3278985507246377,211.62408679123328,1.0
7.083423,53,333.724053,0.29302672026292415,0.045206229353533516,0.0824697476750852,0.23025508495510233,-0.025704200539635708,0.00917652918316101,0.30188679245283023,204.9287776724947,1.0
5.763215,46,333.856876,0.2743746144364618,0.044666609383537115,0.05735645399435678,0.25673670857067615,0.02425386327519863,0.037254907556518155,0.302536231884058,202.86416874570085,1.0
7.557061,49,333.980543,0.27952584682519077,0.028515470833465926,0.062411788516806496,0.2508421354892754,-0.006629954747070093,-0.0028785576803311364,0.304421768707483,208.63291138806815,1.0
6.592486,47,334.098224,0.2766133217601041,0.02899680100284677,0.07615203071896692,0.2568050359402464,0.002875950387373386,-0.004048872114217941,0.3138297872340424,212.2083166782592,1.0
6.097729,51,334.223502,0.2866980856545047,0.04502747900042868,0.08621256323217143,0.2373456532353368,0.030302309803270863,0.03917892128222205,0.30392156862745096,220.50149166382684,1.0
8.379784,50,334.34262,0.2773036040319507,0.03115749575884652,0.05440853957255691,0.25390417106112817,-0.013844045477309356,-0.005276005908743418,0.30333333333333334,209.30024280777164,1.0
5.920485,46,334.500095,0.2741581128969582,0.045914607948408466,0.06683232725805353,0.2575860417832331,0.015420180842138776,0.007672972061687621,0.29528985507246386,206.45880106085994,1.0
5.383889,48,334.616479,0.2847775006781868,0.05396650167752188,0.06565067706063418,0.24204137622834954,0.03674046965869906,0.028295090662727573,0.3177083333333333,208.99839023001186,1.0
3.882622,52,334.732177,0.2973783087233741,0.10936070795762534,0.053424356052503674,0.22519421099336673,-0.07743193596790676,0.0022448449732814773,0.32852564102564114,205.9293695796944,1.0
4.969347,45,334.841324,0.2723854235983686,0.04994693930088935,0.07294874892454024,0.2636132396900337,0.027256964752272437,0.027170345573810314,0.2925925925925925,213.3048845493286,1.0
9.36784,61,334.987473,0.30442774523914534,0.04871202701944255,0.06515773876547436,0.21381118436333046,-0.02488980482100181,-0.008230788447688688,0.3128415300546448,221.9843985625062,1.0
7.05686,47,335.134698,0.27510010333047497,0.030663764380641424,0.06472165025689312,0.25855847821072603,0.0021822326496553517,0.024595325823045525,0.30141843971631205,209.82834751328386,1.0
3.606151,51,335.25746,0.30136703972895684,0.06483070989950256,0.06786503678850081,0.21562252984381985,0.0501956539106116,0.028591320680283895,0.3055555555555556,216.8364831893347,1.0
9.022024,55,335.387613,0.29198589848592454,0.04296832386308218,0.06276824141192622,0.2334329300902754,-0.02412264021345163,0.022378976500082512,0.30454545454545456,212.32104248408777,1.0
4.84959,45,335.487223,0.2753047682701317,0.04634423448231644,0.0685358860364981,0.2565359058744424,0.02801568187904908,0.00017026394506231587,0.30370370370370375,209.30747457195477,1.0
5.962374,48,335.599232,0.2820272137354194,0.04408933366800586,0.06980362817297932,0.2448983720624606,-0.025045430284127798,0.015510002437387102,0.2795138888888889,205.98727623106276,1.0
6.776732,56,335.742639,0.29816635057796953,0.07758966792944773,0.06936169812207134,0.22110395483147813,-0.053651831283410764,-0.007292380331544976,0.3020833333333333,206.68840777648578,1.0
6.696127,54,335.868087,0.2910345893495258,0.07968660247553276,0.07338943086157011,0.2324694321365152,-0.05686135609687683,0.0010942400931957955,0.2854938271604939,205.05377656312717,1.0
6.669467,48,335.977479,0.2785419848854055,0.045086920709079534,0.05622666543851067,0.25111078574884,-0.03181666146560706,-0.001865996826058566,0.2864583333333333,207.30995555304878,1.0
6.068812,49,336.087496,0.281101203873717,0.07222555267427036,0.06441121975330459,0.24665877506620967,-0.05344308597140213,-0.018593723492083037,0.27380952380952384,204.37789750899097,1.0
7.625931,50,336.200644,0.28438487846844995,0.032394258370930566,0.06224227940731466,0.24391750934736683,0.0010399873449414023,0.02631967188974327,0.28166666666666673,204.9152411170313,1.0
0.349199,46,336.331215,0.28352792470477917,0.14493899929150567,0.0464476223020172,0.24582338445533766,-0.11248379970451275,0.0004041697349370656,0.28623188405797106,199.45964099757907,1.0
8.629144,58,336.470596,0.298351707287498,0.054024013763230676,0.06384130885354317,0.22151565889764135,-0.03505941283210944,0.007188870128630916,0.28304597701149425,212.85079458429453,1.0
10.612409,58,336.615439,0.29034010725527154,0.03676262809258063,0.06055989606409792,0.2333642502640167,-0.016783549089587995,0.029079567635411935,0.2887931034482758,210.10995687156264,1.0
6.107746,47,336.720125,0.27414098630954586,0.041821364280551304,0.0747970471887789,0.25965934890607506,0.011692220104431625,0.037996629683390744,0.28900709219858156,213.62860673944414,1.0
7.029068,49,336.851081,0.2790636689522273,0.05003039485866517,0.06962126321640642,0.2507010638931932,0.028744266080569025,0.04504476728504649,0.27210884353741494,206.0626617756929,1.0
6.589189,48,337.051971,0.27808146253028243,0.050684899191634665,0.07202448325717892,0.25328005364032385,0.02397658741585383,0.028257094649989822,0.26909722222222227,201.10361139583907,1.0
6.765962,52,337.218811,0.2849664386602926,0.07640876938118973,0.06785150015875019,0.240722707518842,-0.05456162213489351,0.008133029399024185,0.27884615384615397,209.4496831111989,1.0
4.501838,53,337.352099,0.29353825333877426,0.11750833413234554,0.06573440863707107,0.2283734787435997,-0.08359192079740464,-0.010174559943457942,0.27987421383647804,200.55145725263665,1.0
8.537069,60,337.499714,0.30403906336486874,0.03248807029345249,0.07166926255600312,0.21357132667817877,-0.014785426703520118,0.006916832421416489,0.24444444444444435,203.7197583543489,1.0
6.67065,48,337.612839,0.27832011751591684,0.06082107917342802,0.06005929286404834,0.25745919361014774,-0.04433568618760306,-0.0036272200188755105,0.2812499999999999,206.53659895737636,1.0
7.542736,51,337.752255,0.282490275140789,0.06507971287918166,0.048002591064033,0.2490280011779232,-0.04573325701992734,0.0037337571111411352,0.303921568627451,207.28531079919898,1.0
5.494552,49,337.870911,0.2832975219067708,0.071428347662556,0.08017073127526393,0.2423200013307387,-0.05483069959542952,-0.021102896631402704,0.2568027210884353,205.7053137953538,1.0
7.59503,50,337.990514,0.2791283948921429,0.0591874673214139,0.05663373241828399,0.25163261003080817,-0.0429992697812928,0.010428702083380582,0.24999999999999992,202.20792841127692,1.0
6.348256,49,338.103737,0.2818022402603958,0.05837410228306223,0.06206387107805125,0.2450494476094011,-0.041959662039789285,0.001467127995464881,0.2534013605442177,203.24416266399223,1.0
7.983844,54,338.231095,0.2921534487175341,0.03588481450799821,0.06151523059915813,0.2300449054096807,0.012793106861386202,0.02655281789769453,0.29012345679012347,218.10332873351194,1.0
6.94261,50,338.365932,0.2838599802940974,0.03407309823104699,0.0632127886067674,0.24081641995464323,0.003954400339142357,0.005489418831655182,0.2783333333333334,214.99383052315247,1.0
4.532895,54,338.48302,0.29544111798627354,0.10829611742822332,0.070469279305032,0.22509002365242659,-0.08139088158040374,-0.03519825617615866,0.2947530864197531,208.24318541775676,1.0
7.124687,49,338.597735,0.27747921829108085,0.05621223128039538,0.07639111144840194,0.25430290997258004,0.03341615758211971,0.04483826827894619,0.28911564625850333,212.63139220877989,1.0
7.182669,46,338.700448,0.26996140587995515,0.040512467618572176,0.05922949131856987,0.26830133930872613,-0.019199964511150053,0.006636687453233071,0.26630434782608703,205.86809437277333,1.0
5.936927,45,338.800956,0.27555537762018195,0.031345536236870385,0.06505950711106767,0.2593179914932356,-0.00270824038540587,0.016460205433537104,0.2722222222222222,204.42525614432242,1.0
8.60501,50,338.945746,0.2752972773626348,0.0384764285517854,0.05759873997743348,0.25819920464292406,-0.01695222156050804,0.01938415920107044,0.27666666666666656,209.81886607004668,1.0
7.496669,50,339.054844,0.2793980342395298,0.06286777054785077,0.05962170605394215,0.25287319111050416,-0.04647623641037923,0.009750807262485294,0.2749999999999999,208.2956028601245,1.0
6.154922,50,339.167431,0.28271120498472674,0.06558034871133836,0.08025412074781704,0.244875693323778,0.04495892366237014,0.06405963757279863,0.29333333333333333,213.59444983410242,1.0
6.300844,45,339.272608,0.26959815963128103,0.05614044265121563,0.06925962957674707,0.27267748049229706,-0.03906912563844134,-0.00638331847747905,0.3074074074074074,208.8362985365718,1.0
8.383155,50,339.389756,0.27620984272522703,0.03492707959305105,0.06757208437114662,0.25277162934203085,-0.016646601855745877,-0.004262251591710928,0.27333333333333326,214.6615457658542,1.0
8.680317,53,339.550941,0.2822359182432935,0.04744188743886007,0.07484693701975058,0.24533262130801323,0.020096979217839386,0.03793352282800199,0.29245283018867924,214.2696780027307,1.0
1.663622,54,339.675158,0.29956249902937215,0.14121951291603785,0.06411746449698122,0.22025728806474693,-0.10047260969673548,-0.01708125600914279,0.2916666666666667,207.41829733151593,1.0
5.365894,50,339.791441,0.28075637230716416,0.100396448294062,0.06721633302368615,0.2471971042852401,-0.07351207461673741,-0.00511905364675733,0.28,206.56011130540978,1.0
8.248915,52,339.918864,0.28383115843090995,0.06053522785211739,0.058488336374617235,0.24519851788529265,-0.041172803650806875,0.007413609641021877,0.3092948717948717,208.7666739281199,1.0
-0.639798,53,340.045535,0.2969680061821611,0.1703275250418737,0.08382311596158899,0.2236304414619831,-0.12265274666471075,-0.02468144791459313,0.2971698113207547,205.37329383054796,1.0
6.84391,50,340.183014,0.27727225813374823,0.08800390508194895,0.06763969297063234,0.2528334271092385,-0.06540784350100541,-0.0032769049053323895,0.29666666666666663,205.8612730494812,1.0
0.923128,48,340.302927,0.28805137424919247,0.14567979075603793,0.06396889939712685,0.23872569746373887,-0.1064596870040545,0.0016167466021518677,0.3038194444444444,207.2216885196657,1.0
-0.66714,50,340.419221,0.2934120775106252,0.15682462521386953,0.09944293943128753,0.22824752739395263,-0.11381085047370877,-0.031220427132564028,0.2866666666666666,200.8971348351721,1.0
8.276339,50,340.535361,0.27772456700456505,0.03340524928161592,0.0656769485256089,0.254236384878769,-0.014184604644156884,0.03274817037273517,0.3116666666666667,208.2387845980528,1.0
4.845437,48,340.646921,0.2812844300258552,0.0883254162781095,0.07547467248733372,0.2488421286356641,-0.06653358773462506,-0.02447659801568841,0.2760416666666666,206.79302737040788,1.0
7.021389,52,340.800271,0.28731204147452455,0.04883985609527411,0.06693929094939323,0.23708294241634884,0.03068024362653748,0.03360388536388986,0.2996794871794871,212.72293073189914,1.0
6.652264,49,340.920228,0.2823883114531752,0.06959844581795537,0.05857389955495592,0.24906126176184562,-0.050480125664303765,-0.012544868982372741,0.30102040816326525,206.43546254915233,1.0
1.040976,50,341.038959,0.2885773052849798,0.14534638201997524,0.06772454678542172,0.23325232661459533,-0.10615330222189812,0.003246109366666668,0.3133333333333333,208.40861869286266,1.0
1.799531,53,341.168016,0.2998783126807698,0.13073077349691137,0.07355659323606632,0.2169701235145645,-0.09787294153936493,-0.011689127065983775,0.30503144654088044,207.15707005139058,1.0
6.657407,47,341.281264,0.27479524576859,0.0644363256145667,0.07505330019980466,0.25821078078750304,-0.04568168919197393,0.015970761932149587,0.28368794326241126,206.67860490805128,1.0
5.131816,47,341.396691,0.27587730028844626,0.06372428011988614,0.08557841989276377,0.2546140308395776,0.04166501902257615,0.04230717015825355,0.27659574468085096,209.5706282591901,1.0
0.422885,53,341.56713,0.29977070630866265,0.15587543232919257,0.07034741493131895,0.22083897923196866,-0.11284274369356778,-0.018630410157857467,0.28616352201257855,199.07457358674137,1.0
2.708358,56,341.696149,0.30031367588618335,0.13053988844427858,0.07876511411742783,0.21806982009201611,-0.09223510774566471,-0.02602359803487999,0.3020833333333334,208.6360684539172,1.0
6.071152,50,341.808839,0.2800047980819914,0.08276593079173823,0.07061244011155668,0.2479549512634764,-0.0653461450135212,-0.03949097217273544,0.2616666666666666,206.76310294098155,1.0
6.927759,52,341.92893,0.2875510535507193,0.0709460889490117,0.07551533510530567,0.23957025616620273,-0.04786688400885449,-0.00252586257237811,0.32211538461538447,208.59046358466227,1.0
5.68697,49,342.042516,0.28108220973614806,0.08601710902315717,0.06437036608948803,0.2473832833869179,-0.0618529393383185,-0.006568591321273886,0.30782312925170063,209.39893601515357,1.0
4.558959,51,342.194443,0.2852677033096525,0.10537770553129135,0.07099244617120597,0.23989374834319308,-0.07621025447505347,-0.022318569850564657,0.3071895424836602,211.29623594340504,1.0
7.406296,48,342.312653,0.27627499221502555,0.032786644783661285,0.06838155651430054,0.253312160144162,0.004162781243676218,0.03398208109102639,0.2916666666666667,203.17486468949213,1.0
3.727507,45,342.420971,0.27129231057992176,0.10262896525686922,0.06950888061547676,0.2604954533504804,-0.07802321052930332,0.001576652004657867,0.2925925925925925,205.4097491527935,1.0
5.222226,49,342.540296,0.28339966738901873,0.08530993846732302,0.08779189052015868,0.24416430961532143,-0.06398770298317223,-0.01981746749329373,0.3248299319727891,206.4653871962657,1.0
9.074827,48,342.655533,0.2677263389148865,0.03732806489788582,0.055235759830573807,0.2722130049576758,-0.01538144092724019,0.00358920316700023,0.28124999999999994,211.4431252360654,1.0
4.467293,52,342.797796,0.2907937819443954,0.10694624166393922,0.06718435410246551,0.23213613634468164,-0.08098920090931366,-0.017500656730768463,0.2996794871794873,199.51535356539472,1.0
-0.540468,46,342.9033,0.28481144671858566,0.15817040782816927,0.0476766377537618,0.24707493477649578,-0.12029786334972764,0.009688514296153123,0.3115942028985508,195.84416175914035,1.0
3.794601,45,343.004304,0.27444706732389257,0.09846754074948857,0.06933563070345178,0.2633825243798942,-0.07515373467184938,0.007078255238497634,0.28518518518518526,203.49712293440567,1.0
6.784695,48,343.118024,0.27780151189404717,0.06853699298961526,0.05536113824608761,0.25195169933011713,-0.05169673397718355,-0.001781386434714976,0.26215277777777773,200.53870594328768,1.0
7.244329,49,343.237946,0.27920011824613145,0.04115865151905355,0.0733830043045313,0.2531511418093223,0.011251446958450165,0.03969502367566273,0.27551020408163257,205.1332523842632,1.0
7.962591,51,343.38863,0.28415450494856515,0.04370559577718608,0.0540774112004821,0.2426021776707181,-0.026904160303821822,-0.001772203889569066,0.3088235294117648,208.32109283615762,1.0
6.554309,46,343.512936,0.2717533529449984,0.038231210719655656,0.06535961312675648,0.2642525132459458,-0.009051868238939114,0.026778622752400016,0.2572463768115942,201.04335481123752,1.0
5.965127,49,343.634011,0.279180421379976,0.06099586626089592,0.0788718093386522,0.24957947289603802,0.03767047916155276,0.05234843444080783,0.30102040816326536,216.41988089499867,1.0
7.813398,52,343.760518,0.2828096224409171,0.038216653348359365,0.08638778041945316,0.24365408384539491,-0.018337574246377494,0.020922571870258224,0.25961538461538464,202.37983271510268,1.0
7.845403,49,343.88025,0.2760247582632552,0.04179942309769453,0.0618890158531851,0.2545542700845652,-0.02947875926152476,-0.0006491867958961634,0.26870748299319724,203.95954414042282,1.0
6.065668,49,344.032429,0.28245342629417675,0.06463514983496785,0.0712417137884044,0.24467073677779383,-0.04860066962127805,-0.01593235509395132,0.2465986394557824,205.07199748413237,1.0
8.737953,52,344.158061,0.2803619726619067,0.044289262197960075,0.058943669926583626,0.25132440711119225,-0.028123654102975213,0.015135663441423777,0.2836538461538461,204.36526808157703,1.0
7.963215,49,344.280066,0.2738985384649041,0.0426054762558006,0.05708061746136174,0.26114168422379186,-0.02421939933248501,0.009256333387045066,0.30272108843537415,204.69466542448646,1.0
8.346262,55,344.416787,0.29383374670078066,0.033356118704589516,0.06659474600950878,0.22783261599940338,0.0019167617159303485,0.031849757725998386,0.2954545454545455,207.3917759045693,1.0
8.807246,56,344.554805,0.29430185494947547,0.03226597934236915,0.0675815363691598,0.22871424301114654,0.013754939446099441,0.03013803177633989,0.2738095238095237,201.56912026520243,1.0
6.247486,49,345.053797,0.2778077347396374,0.07951220903063103,0.05746922716692577,0.2520947790824413,-0.06053850383327047,0.008727926797363667,0.2602040816326531,200.76021350669603,1.0
6.905807,47,345.172026,0.2737656191798858,0.040026681618042396,0.06336097809300319,0.25882975721608475,-0.01900585639159978,0.0216243685911307,0.28546099290780147,202.91213540036296,1.0
8.537529,51,345.298529,0.2792792116335899,0.034378700270791124,0.05322487842412812,0.25278868158470996,0.00432499676039526,0.02263614782273265,0.2843137254901961,206.4690332661206,1.0
7.804963,48,345.417567,0.272663213400418,0.039755011691575234,0.06126062182340997,0.2622954742318278,-0.013910308172052417,-0.0045125181976115696,0.3038194444444445,205.437705071997,1.0
8.283685,51,345.543558,0.2758150857545241,0.05149755395488897,0.08346853409382769,0.2569709499815778,-0.03433522531586071,0.009158864727383064,0.2859477124183006,207.56660860874283,1.0
6.590947,46,345.653695,0.27261086947627167,0.03750724120528726,0.06356068338391778,0.2613451781961747,-0.018203991605279586,-0.011453920927544567,0.302536231884058,202.34943298828605,1.0
2.586064,49,345.832771,0.2834515391718648,0.12286875410035665,0.06655418721201467,0.24460585225174283,-0.09154034681996547,-0.024573317092991452,0.29591836734693877,199.73983039528488,1.0
6.45646,49,345.951448,0.281247278129322,0.08044037738273423,0.0550518296209014,0.24894799447638763,-0.06138745046231978,-0.01963547664648466,0.29081632653061223,200.85820023954477,1.0
7.685568,48,346.067682,0.2737919899035248,0.037378614420347615,0.05742299937221787,0.2603916266657617,0.00892689233898927,0.03001649272044177,0.28819444444444453,199.77636228165125,1.0
9.739827,55,346.211662,0.2846880145724431,0.027973958740961945,0.06437710464439014,0.2406964763203602,-0.000431299753975489,0.0422307777590246,0.2666666666666668,205.45185998515012,1.0
1.283043,51,346.334151,0.293751330579399,0.14507028556289203,0.05512060138564658,0.2304485626285153,-0.10674386435382807,-0.01881120294788301,0.31209150326797386,198.11720126966162,1.0
5.491671,45,346.470293,0.2728419574768391,0.05786545315602684,0.061381048243976666,0.2641856993247706,-0.03991410958377857,-0.01728139008027293,0.2870370370370371,206.67400954324978,1.0
6.196097,45,346.581413,0.2688965931712481,0.047141777179177995,0.06182223569880051,0.26847618317854627,-0.028846806060432068,-0.010118372822850202,0.2777777777777778,208.13029528117585,1.0
3.18125,52,346.708459,0.2910715517699132,0.12446435574825884,0.08324150721213652,0.23203010685763975,-0.09116982224757451,-0.014197734386307606,0.28205128205128205,197.10419975645416,1.0
5.334404,53,346.841969,0.2953058014593225,0.06767679552333675,0.0631412005553724,0.22714691052095132,0.042674167512615976,0.04547218961248723,0.2940251572327044,208.95269899573879,1.0
8.280084,48,346.954598,0.26895183693431063,0.03665653826547712,0.07137322420175327,0.26701082027954703,0.006333531043475321,0.024843879677853342,0.2899305555555556,204.95422483955738,1.0
2.781979,44,347.08889,0.27449938953593966,0.11289408762709785,0.05749893370448806,0.2631228820070566,-0.0843205458376521,-0.012394165825180202,0.3143939393939394,206.21057500047937,1.0
6.162376,45,347.199034,0.2691354536967494,0.04791943222841604,0.07150206300314227,0.26887083154933994,0.022312193878947232,0.04201988124372765,0.29444444444444434,204.91548349996344,1.0
7.909654,50,347.314249,0.28017405230659304,0.04476210897892629,0.05755800207219321,0.2496554904130889,-0.023509557179773256,-0.0006385360380734956,0.285,214.07715385214433,1.0
9.014437,60,347.457041,0.2989678767721574,0.06761747895860182,0.06955585785338951,0.22264293792717388,-0.0451465602034637,-0.013897796888423098,0.2847222222222222,209.0779727252743,1.0
3.842404,48,347.569238,0.27745287821148595,0.11445060194219404,0.08359065203353441,0.2531919219523456,-0.08492779222164364,-0.01473988152522967,0.3072916666666667,208.2990700062984,1.0
7.646671,49,347.708964,0.27676127796297717,0.03523780930646157,0.067328054512754,0.25498599176161174,-0.0028126113896437595,0.02205920871995716,0.28061224489795916,209.33590508099172,1.0
8.722515,52,347.833899,0.2780986987837063,0.06356687956063702,0.061517566694048544,0.2517926647615481,-0.04444985208451181,0.008080301331380085,0.29006410256410253,206.08064488640315,1.0
8.471006,54,347.969903,0.29059849348752137,0.05749775638348025,0.06922658681055502,0.2345250555450188,-0.04135475134701649,-0.0030888921221326683,0.31018518518518523,204.243824648715,1.0
4.94257,49,348.086492,0.28339077560639697,0.06951655430147027,0.09685904150893693,0.2415058811890657,0.044354265525146604,0.059566174030143,0.2840136054421768,205.5331201964521,1.0
8.065641,53,348.212745,0.28859569159290244,0.05727167791713588,0.049331897585662976,0.23633589962394233,-0.042112592942415775,-0.002256362111978707,0.2893081761006289,200.05445913110916,1.0
-3.210946,50,348.364635,0.3264599013769054,0.12615717058099332,0.07620502182739684,0.18583707247702067,0.09807258200789355,0.06362619886990725,0.33166666666666667,218.17667710374445,1.0
3.215357,52,348.505182,0.3045821575760424,0.08516222936994293,0.06264428833131247,0.21235527384340783,0.06316747739907308,0.04944370768713318,0.3044871794871795,210.10299374096715,1.0
3.559936,47,348.61933,0.28106465215996435,0.08484926657770069,0.08710768375355171,0.2457073474584439,0.05966723509696775,0.06075344869679879,0.31205673758865243,207.6097993182505,1.0
7.536327,48,348.734157,0.2702278890268771,0.0489630456009504,0.05761594965527423,0.26488736326212814,0.026817575039479,0.0174470145289019,0.3125,217.08732315347012,1.0
4.659966,46,348.845891,0.2763962183917569,0.06541030275025055,0.07026983518081834,0.25526415651204615,0.042956461957200084,0.03355231929698644,0.3152173913043479,206.96867687002134,1.0
7.744559,53,349.005987,0.2889959466267919,0.043118461586844306,0.07448299278419603,0.23354691931914476,-0.02617173305958807,-0.00867825032926491,0.2893081761006289,208.85318034190564,1.0
7.022233,49,349.127485,0.27414244022956374,0.05005903424388695,0.10145532775479045,0.25922538553260527,0.027818970682770155,0.0589155367711456,0.2755102040816327,204.55617832980047,1.0
5.273572,46,349.240024,0.2714755692923481,0.08822995716562992,0.08384244243671245,0.26392306461662246,-0.0684711564179207,-0.0029795684439110994,0.266304347826087,205.98853017969031,1.0
7.717058,50,349.361389,0.28167090057383587,0.03156590455773161,0.06549022627230666,0.24562330097332147,0.011139686211344339,0.030620000434243923,0.28166666666666657,204.0872353728958,1.0
6.123469,54,349.492513,0.2960770180394949,0.0639665154619925,0.06916628810006532,0.22511264905645578,0.04243518511252722,0.041655422032497225,0.2978395061728395,217.6465808733834,1.0
10.195256,55,349.655207,0.2885757893602031,0.034114670528750904,0.05387322764452894,0.2380651646766659,0.012049342776248513,0.01733764023576126,0.2969696969696969,203.5928956881431,1.0
7.326744,53,349.787271,0.2883847457758401,0.06370065000473629,0.07331852395808151,0.23466158194324482,-0.0471685915834223,-0.012492354128057907,0.28301886792452835,205.30038917902908,1.0
8.361113,56,349.924157,0.29355974276493,0.06568393741823973,0.0597643008509187,0.22835753183314939,-0.0461803455580311,-0.006819923775847415,0.3095238095238095,214.07853030411133,1.0
7.5503,54,350.058139,0.29912942831157063,0.033663669307668204,0.047601838134134204,0.22121995806613168,0.01187435601441832,0.018759400442737804,0.3070987654320988,204.74197818365198,1.0
10.071438,58,350.196026,0.2939159687826089,0.027572827067289935,0.059524748980622016,0.22823624805529563,-0.0005604263423600853,0.01861032278772131,0.3247126436781608,211.48940149417672,1.0
-1.792415,45,350.335803,0.30171466881425324,0.12027125256337848,0.09802820740883733,0.21712534997494679,0.09620179375033437,0.07618396609308564,0.2981481481481481,215.04998044033147,1.0
7.352627,50,350.464959,0.2852827207933553,0.042191119775889796,0.06140370609552678,0.24031885177500772,0.024594469865535123,0.03635745362221822,0.30500000000000005,209.45173408815185,1.0
8.366624,50,350.58654,0.27957259241214194,0.02736665042989399,0.06480607969063817,0.2515149559734194,-0.00793949892171118,0.017734666396910813,0.3016666666666666,209.4677249389937,1.0
8.388489,56,350.720332,0.2946998145533063,0.06988166058535687,0.05761184707618519,0.2284021380497789,-0.04716960686452664,-0.01480598394288879,0.32142857142857145,204.1247935142805,1.0
7.791987,51,350.844451,0.28261106597171665,0.03974762183606284,0.0649980167232749,0.24486460578131658,-0.028955136034840442,-0.01694103123738959,0.30228758169934644,201.22059950618973,1.0
6.222999,51,350.987485,0.28968631852891236,0.05709763624111127,0.0689956455794209,0.23262988615647778,0.042358845007158495,0.04572895703111765,0.29411764705882354,209.61364871200354,1.0
4.40534,46,351.097115,0.2811187313471282,0.0670896285332677,0.063095285053162,0.24815688211277723,0.047399356724032504,0.025608005527344744,0.33152173913043476,216.37966803296283,1.0
5.429266,50,351.228525,0.28815889104086967,0.07282660420016676,0.06431471631886214,0.23692112300718404,0.04586024286827119,0.049402432716522476,0.30999999999999994,196.79043340892545,1.0
9.041006,55,351.363861,0.29160370984347883,0.02968757749184607,0.07043176322504176,0.2316512466436881,-0.007595227756812681,0.00942475402251818,0.28484848484848485,214.20266702107142,1.0
6.725253,46,351.482138,0.26803875931460663,0.0413822707681225,0.07749853170432217,0.2680923067093513,0.015387207377972995,0.043324557458489066,0.29710144927536225,210.53483837550044,1.0
9.023698,51,351.625118,0.28055103719139246,0.028856449453118146,0.06031448174482522,0.2484820141686251,-0.011545505274267658,0.010124871002195647,0.31372549019607837,206.3173019336135,1.0
7.894098,54,351.751691,0.28965113459229486,0.06784832968954813,0.06024551850432163,0.23402003109986558,-0.05014230212622618,-0.003081247537913708,0.2932098765432099,203.3570694689976,1.0
6.793113,52,351.876183,0.2919357733717233,0.0453546723536798,0.07335144640102464,0.2307894989552834,0.026766429273945107,0.032754899872539454,0.32211538461538464,211.35924426365239,1.0
9.379512,60,352.01906,0.3020099649699635,0.02748036477646671,0.06745682073463069,0.21559138557629562,0.005617532111711432,0.02259730978204045,0.28611111111111104,212.06194577025104,1.0
5.738484,50,352.144536,0.2791193628123991,0.0714515107237369,0.08410611866747654,0.24951299551243994,0.04031709931246215,0.041629418485311466,0.265,206.65304318275537,1.0
9.055017,55,352.308202,0.29128432163238127,0.0472851060859928,0.06970871362903892,0.23105971221940175,-0.030613656368159707,0.014363521795726582,0.28484848484848485,208.17808760920752,1.0
7.243313,56,352.445979,0.3013550819877223,0.048911092177762044,0.06450317789515835,0.21658088232427034,0.029730260178330997,0.04432921463297038,0.306547619047619,202.1289171998301,1.0
3.119275,40,352.541525,0.26752267365378335,0.06758310770614731,0.0534896647438813,0.2730621173314128,0.04668054801857263,0.015040334744159528,0.28333333333333327,201.31089272668515,1.0
8.148939,49,352.66157,0.2749111084101415,0.02980561190265649,0.06448826217279308,0.2575413776084617,0.013343776102771734,0.016783567858317937,0.2959183673469388,209.04378356597434,1.0
8.658198,53,352.792234,0.2816036435649048,0.06003674992080012,0.08786560877122065,0.24518932870772736,-0.04317969472593228,0.003970238897899883,0.2877358490566038,211.3554460712919,1.0
7.425007,55,352.957624,0.2894206809140598,0.06888309596427504,0.09937643652451046,0.2342191166635585,-0.05237057995974483,-0.013338608481529126,0.2651515151515151,206.06891681487858,1.0
5.187269,50,353.084715,0.2949148445136134,0.04828994954303837,0.06216761229204791,0.22612661715817634,0.03713447393292323,0.023318126859582157,0.3116666666666667,212.9445666318855,1.0
4.428372,51,353.218066,0.2979576684879565,0.06807205201648982,0.07620329970253664,0.22039529345414022,0.05034885184547144,0.0458396320840199,0.3055555555555557,213.97027046595153,1.0
3.805186,57,353.3591,0.30874496477032254,0.08678681636982465,0.08630973720873668,0.20918985685189667,0.05253546565040021,0.061308369554443846,0.26169590643274854,207.91425312547082,1.0
7.677228,53,353.491327,0.2927293967319522,0.03322860201920777,0.06336349813240771,0.22845096411570237,0.008174408006129884,0.02109879109278255,0.28459119496855356,207.35292562278246,1.0
8.592733,52,353.655393,0.28426667208844764,0.028920388903201793,0.05665442625976213,0.2414976240900238,0.007179694670221638,0.015993232879272526,0.2788461538461538,204.91976685198625,1.0
5.585168,52,353.785505,0.2833059448410831,0.09706103205592505,0.08849376671743744,0.24227556605917802,-0.07330186858129523,-0.01969772835616007,0.27724358974358976,199.44782112436454,1.0
8.255667,52,353.911226,0.28535111828099124,0.043441832147056395,0.06152127164284054,0.23981097052471062,-0.030715416887778894,0.009265929105988986,0.2804487179487179,203.8741364862975,1.0
6.17536,50,354.034142,0.2862697266514967,0.05905444221866706,0.0675389542752729,0.2390190624705047,0.0396544342529337,0.03033852149815143,0.2983333333333333,211.68697136262696,1.0
8.020044,50,354.1535,0.2796198657338544,0.034004597766241505,0.0570642511687295,0.24873023030344568,-0.007966248449381664,0.010426119176832851,0.275,206.48618277826688,1.0
9.643914,58,354.32104,0.29771473868135057,0.027388323917753254,0.07772102754624051,0.22157514785014437,-0.013392268450595456,-0.008784920478271672,0.29885057471264376,213.8887465334072,1.0
7.766046,51,354.44483,0.28878811956265704,0.022425617609375573,0.053775787676279926,0.23527259973202735,0.007351824740446995,0.0108578162909374,0.29575163398692816,210.99039178063407,1.0
3.005633,47,354.55592,0.2808447721580218,0.09898593870296937,0.07882807639148307,0.24568131538742397,0.07012832589158524,0.046548300555603106,0.2890070921985815,205.6685825300502,1.0
7.825088,55,354.694788,0.2996779538793569,0.045526925777053154,0.0634516362238433,0.21967680134004322,-0.028899290278421252,-0.0007879992397659751,0.29696969696969694,204.84940565196834,1.0
7.602903,53,354.822837,0.2875392193359018,0.04435359767687281,0.08948225674075232,0.2356256385384753,-0.03062105446676667,-0.0063002792377435555,0.3003144654088051,210.673650845566,1.0
9.697987,58,355.000235,0.29825619226786776,0.03453438982363989,0.054580273118516175,0.2219423536930502,-0.01836546792174723,0.016418476676499365,0.2916666666666667,208.06015632493657,1.0
6.45628,46,355.113971,0.2757413587997582,0.03573791954506292,0.0713180565975953,0.25635139066486723,-0.002481950895965514,-0.007225791733819891,0.29166666666666663,205.42117252817064,1.0
7.504543,49,355.232564,0.2829883585971586,0.030865881911207385,0.05769078098996145,0.24577845334208573,0.008916295589651459,0.02334346412604765,0.30102040816326525,207.96521611137555,1.0
8.466887,50,355.350875,0.2768926204279456,0.04211280086078228,0.06883698352215022,0.2531754722108449,-0.023434892191010095,0.03059228545686115,0.29833333333333334,207.14876770287333,1.0
5.523116,43,355.461651,0.27060621248495886,0.05168127511625042,0.05873838374478445,0.266807016615499,-0.03539273807758767,-0.001474495775148079,0.2945736434108527,211.676927567906,1.0
7.916748,53,355.611483,0.2876478827984342,0.05202847689187679,0.07739707887840457,0.23612587737215487,-0.03822728431997526,-0.0003820431083526092,0.2735849056603774,201.08471422873467,1.0
2.325296,46,355.718907,0.2768650061994338,0.1289758736295955,0.07548949472026438,0.2520173274712215,-0.0969746881446637,-0.0066221213076219495,0.302536231884058,200.19856761023715,1.0
7.533304,51,355.838691,0.2857128081768353,0.0408179268196804,0.06598080152068042,0.23885068419686045,-0.020648830695359575,0.007940889629931577,0.29411764705882343,213.49536265781228,1.0
9.745631,53,355.963456,0.2858580607611923,0.025348308127598543,0.0551949439454675,0.2402581187290664,-0.00831042673872058,0.021879732680195076,0.32547169811320736,205.19230753985653,1.0
5.112192,48,356.081827,0.2857816016417335,0.06144887486760956,0.07586743690911514,0.24019138351106892,0.04391914414446788,0.054453090059339244,0.29687499999999994,204.0621127356569,1.0
6.749125,50,356.234106,0.2821949809133814,0.052671347118151066,0.07341092271093118,0.2462798399436601,0.036868840519199454,0.04791176229705383,0.31999999999999995,211.66233289702433,1.0
-2.236583,47,356.351434,0.313177986301543,0.12213154040508024,0.08243680495289765,0.20262960557894735,0.09727470803709812,0.07042868573556957,0.3191489361702127,218.2298197371961,1.0
8.271931,53,356.481578,0.29045705007170897,0.04329242367208843,0.058669909423771004,0.23331093872778505,0.02092019352376086,0.02722629338768124,0.2814465408805032,200.66599147218537,1.0
8.958764,56,356.615383,0.29397676339675566,0.04213818276782861,0.06422999941638784,0.2274157281296114,0.022511273183437947,0.037144510364462244,0.29464285714285715,210.98175947698374,1.0
8.555698,62,356.758907,0.30619357205400166,0.08002166898566004,0.06370987158272176,0.213028742152734,-0.05500974260096126,-0.002190918618634725,0.30510752688172055,207.6148729935749,1.0
7.666428,50,356.898669,0.28366055969425796,0.03228788481743359,0.07025098050071484,0.2425463844244413,-0.019378581936930487,-0.0035251367747259985,0.2866666666666667,197.9574912172253,1.0
9.147758,56,357.031897,0.2925592834104537,0.04627408862325344,0.06274362803516485,0.2288356571161076,-0.030010800029825726,-0.010673492678013622,0.2961309523809523,206.56127147590436,1.0
5.945017,52,357.151206,0.2893289063637003,0.09244131520665658,0.05739717593459357,0.23394728465371825,-0.06694682787724128,0.0009570079856074747,0.26442307692307687,204.040522413055,1.0
3.769014,51,357.27352,0.2888156376617243,0.11378677078858569,0.09364956934508067,0.23523491805476865,-0.08349489015397668,-0.03191994787129739,0.3267973856209149,204.7322169794445,1.0
9.380439,56,357.410743,0.2949464370355571,0.029492172246873612,0.06681154872407753,0.22647744305968054,-0.012529067092287058,0.010930475485252058,0.2991071428571428,206.9462406874745,1.0
7.448691,50,357.547282,0.2833388719514907,0.053235505105266166,0.05741627127198357,0.24333134071520493,0.02467043133707934,0.04492041269852326,0.27166666666666667,195.13537832696792,1.0
1.61857,49,357.661853,0.29812897198866767,0.1112932493135024,0.08660256382233132,0.22328185649006066,0.08397820888387154,0.07191904678651623,0.2959183673469387,214.7008352304101,1.0
7.508826,65,357.813002,0.32310126909384934,0.055586325273104566,0.0502537624527904,0.19185243370635108,0.02903629953200674,0.03148299463164426,0.2871794871794872,208.10379325986304,1.0
8.445504,56,357.949066,0.28811984525450596,0.0611611829295076,0.10550890760938947,0.23707517900638206,-0.04462187382739443,-0.010436015560266161,0.2812500000000001,209.53486259722288,1.0
8.623919,51,358.100172,0.2809578700946014,0.029217234578120876,0.06700058152768738,0.2507234078503471,-0.01524109466341437,-0.013917066987130732,0.30392156862745096,200.64178048702678,1.0
8.715041,50,358.220969,0.2766403353293874,0.03350712752371548,0.05443660354517309,0.25393711233991434,-0.014825294468268049,0.005934585430399114,0.295,208.99119412744164,1.0
0.571433,55,358.353706,0.3000034140573531,0.1474648736200756,0.09710405885672185,0.2191722982934799,-0.10745881732632383,-0.04139733065939854,0.2893939393939394,213.04597146958614,1.0
8.304339,58,358.490554,0.3039895224140218,0.03762094147303935,0.06462760164059947,0.21475765799692423,0.01915042050766168,0.03517596473170897,0.2772988505747127,206.7849558341167,1.0
9.631044,57,358.628814,0.29422113938575906,0.029183438600399597,0.06321243210972967,0.22841124290114004,-0.014157248643876928,0.013464324904876687,0.2821637426900585,207.98581400244882,1.0
5.521052,56,358.783983,0.3000922003059875,0.09194048520299694,0.08212862252618379,0.2181867556423136,-0.06532040455700881,-0.011817185496131642,0.29761904761904756,202.9801410670923,1.0
3.254051,57,358.918942,0.3178600094429138,0.08334399215559317,0.09097811881286699,0.1942803392786411,0.06382572832101176,0.049176057450944,0.32017543859649117,218.54628709199065,1.0
10.376182,69,359.079056,0.3221135309991601,0.03200533876796395,0.07708080675809832,0.19389731277365402,-0.0044340273250330665,0.034691940935185316,0.28140096618357496,213.02142819468102,1.0
9.385708,56,359.213745,0.2908453115532317,0.04163696913334648,0.0706671335947106,0.2335420207139128,-0.02958769463839492,0.005428895684836947,0.29761904761904756,206.84652483595565,1.0
11.790955,73,359.431842,0.32323079339909166,0.027271261659243453,0.0723380591027637,0.1943850819518776,0.005918552433066491,0.03177576642159159,0.2773972602739727,213.86347467249988,1.0
-1.515079,51,359.560732,0.2971796953790449,0.16491765799509517,0.10027622233132165,0.22283267516361682,-0.12211202033286861,-0.05650940468337549,0.2892156862745097,198.26049234323617,1.0
8.857861,51,359.683259,0.28190939558713873,0.02713081276354272,0.06765285987775166,0.24796754579107727,0.0008071683528175005,0.020782966878638738,0.2843137254901961,211.85108921111672,1.0
6.780046,53,359.813594,0.2927915299766869,0.06371980527464759,0.06694777415026533,0.2289001691850681,-0.05182210591354541,-0.01533506333332018,0.22641509433962267,202.92247221643922,1.0
7.740267,50,359.935042,0.28170264740342177,0.04086941755760478,0.06584287407216384,0.24618259716087465,0.013089795435716428,0.011657842849939997,0.26666666666666655,207.51661396045412,1.0
9.343558,53,360.08992,0.2854394886250915,0.029887530373703102,0.05797893235976243,0.24267647695521982,-0.010540448389712916,0.01885384306410187,0.2547169811320754,208.48282043418487,1.0
7.979311,52,360.21771,0.2848852205648173,0.05212940812262637,0.06233654685997532,0.24021119300779387,-0.04031332377312505,-0.017899332836838512,0.26121794871794873,203.84495675041387,1.0
3.68296,54,360.344521,0.2987902666164864,0.11391004464390504,0.08704089205372684,0.2202360651957503,-0.08571149112582667,-0.036561127218412905,0.27314814814814803,195.69528600422342,1.0
8.86423,50,360.462084,0.27561663337358483,0.03450972457965509,0.06080551465228413,0.25851456002264295,-0.018936800319514037,0.011878793511110064,0.2533333333333333,206.51040154664318,1.0
10.380488,64,360.609971,0.3097639814221456,0.027155847557295627,0.07346211920468629,0.208833901710159,0.00204170269962148,0.03825273411708825,0.26822916666666663,211.77972272209715,1.0
9.766895,54,360.804493,0.2877052060920051,0.02853897293483609,0.055545329740717825,0.2364984541454121,-0.01415886223249281,0.00875864653242356,0.2407407407407407,196.98478630798803,1.0
5.118048,61,360.950453,0.3090994690851232,0.08634365537601671,0.10970545386379442,0.20902715782541942,0.05368866981784063,0.08370684997236516,0.23224043715846995,209.86215901716895,1.0
10.071299,63,361.096987,0.31372391872057875,0.024119388219487,0.04574722584190871,0.20286213115492638,0.008961394365480518,0.01739824000200691,0.2552910052910054,205.3605192925477,1.0
10.649243,59,361.243399,0.29847779142841857,0.02719958404492057,0.059664035705577226,0.2211984043495664,-0.010119495566887233,0.029798110445840274,0.2584745762711864,206.57821304369892,1.0
-5.783243,66,361.413588,0.36636420610007187,0.14381650917583094,0.10614370125153375,0.14371976335212178,0.10320684408962892,0.09089671562227074,0.28535353535353547,222.4076253303408,1.0
9.929259,58,361.551391,0.2888406567594177,0.06408014618070296,0.0758049661920768,0.23616237246115362,-0.048516645125380765,-0.022651568230877526,0.24568965517241376,209.4214992452734,1.0
7.167484,56,361.680684,0.2918043367154129,0.08938785209912131,0.07745765789474388,0.23197665019026772,-0.06893400626702746,-0.04060648493572438,0.23809523809523805,202.8062350201561,1.0
7.373053,50,361.800567,0.2777471596406834,0.05880903039139672,0.08620437060118943,0.25190520784843895,-0.046895465788675726,-0.03245850607629188,0.23333333333333336,215.57488954539087,1.0
7.529303,58,361.958929,0.30404802212631366,0.060078918469423995,0.06086078520594336,0.213779497084207,0.034117602601522586,0.015025676928531751,0.24856321839080456,204.50694102385566,1.0
6.51028,54,362.080245,0.2958744499955204,0.07887356253573549,0.07612302304602549,0.22537993496726566,0.05478096370650504,0.03738316068000996,0.2515432098765432,211.91810812384716,1.0
2.818231,53,362.203681,0.2904420215643142,0.13885626348396968,0.07709927268708866,0.23188275280373682,-0.10627100233231446,-0.025447283780633802,0.2468553459119497,207.00466796581034,1.0
6.119221,57,362.33818,0.29520000817997644,0.10612590611982849,0.08325157264076506,0.22684513019031807,-0.07965418628392444,-0.021290225470005128,0.22660818713450293,203.86383909729616,1.0
11.194449,63,362.480916,0.3044009399616914,0.03044443283908515,0.07323643375448458,0.21649830821331728,-0.016984269343106553,-0.0013425233503873344,0.21428571428571427,207.83188299657755,1.0
10.512035,66,362.672334,0.3177142339514991,0.03207747594130557,0.06011474015421823,0.20004442764032004,-0.02145701220875718,0.01028967897144156,0.2272727272727273,202.186034644716,1.0
8.711629,56,362.807763,0.29402913008261206,0.034459474117363095,0.0762959050992691,0.22869978845601335,-0.0035498483033540155,0.03567505751285873,0.20982142857142858,208.6002061770408,1.0
2.840949,59,362.947989,0.30418379066119466,0.12272683010668509,0.12117784540714498,0.21494023312735316,-0.09197424325283222,-0.04328472193701365,0.2259887005649717,203.595614890573,1.0
9.909016,61,363.092028,0.2992539228231904,0.04178387811108443,0.08943661388528194,0.223429024424621,0.01791194450749329,0.045533456280668,0.23224043715846993,214.48793390735054,1.0
0.952433,55,363.262546,0.3024637274614707,0.14169762848384038,0.0928747545682217,0.2157668407138521,-0.10651767585935923,-0.015357831817336966,0.23181818181818178,203.2314401478881,1.0
-2.673578,53,363.401035,0.3076669443927798,0.17660109039684604,0.09261768831294483,0.21021214631213558,-0.12987581685428595,-0.03243130692359793,0.22955974842767277,193.57064458578708,1.0
-6.839202,56,363.539028,0.32605155914499806,0.19613788202703372,0.13347603917631032,0.1861631398449037,-0.1379761452642771,-0.06078903079193732,0.22767857142857134,195.4483039722642,1.0
9.139868,63,363.690729,0.31149997469978985,0.04865806102545001,0.06470414358524852,0.20691209684518622,-0.0365012090650483,-0.013357404756771198,0.20767195767195762,205.30197449066182,1.0
2.21829,49,363.80654,0.2861432658032878,0.10891934441454762,0.1021861987793321,0.23966908563791245,0.07022126468681869,0.04877489613464438,0.23979591836734693,208.58938821537998,1.0
8.132414,58,363.965792,0.2997954120711452,0.0670591465003227,0.07183454781173128,0.2226327527666186,0.03752867539019758,0.050167724710374915,0.20689655172413796,199.11038297253802,1.0
10.616945,56,364.101335,0.2891817000201056,0.032238236052436614,0.055192794545908454,0.23581437156371404,-0.02125175114372021,0.0167511714058505,0.2544642857142857,201.1858055534677,1.0
6.779172,52,364.225044,0.28688127571772276,0.07645042156175966,0.0751944296448258,0.2378320473064526,-0.06380711842627283,-0.030394687549808303,0.23237179487179482,209.83374679988108,1.0
-5.299111,63,364.381437,0.3600918511664711,0.15344810996029878,0.09386689625288173,0.14858956439443513,0.11028932550491281,0.07311985973073382,0.25793650793650796,217.9605472133649,1.0
7.536667,55,364.53446,0.29221506044412754,0.07806260522419989,0.07330861452273739,0.23415451594673403,-0.05710799052860885,-0.013048193312517215,0.22424242424242424,203.05443035543527,1.0
7.475665,65,364.693771,0.3166175454409662,0.08316082606456857,0.06271323064860565,0.2004762366865533,0.050336792566465845,0.04448290153781764,0.217948717948718,200.52649285778338,1.0
9.789542,58,364.840756,0.29567801055587856,0.030727884225905572,0.060897229862633545,0.2285806428709739,0.012002202296111982,0.03183863406152285,0.20689655172413796,202.94792337040062,1.0
8.733797,57,364.981181,0.302012566609705,0.027125506291206348,0.05869249037539174,0.2190612407707526,-0.02018099836557325,-0.0002698918391935289,0.21052631578947364,193.4584291956722,1.0
4.831371,64,365.140134,0.31632579598335053,0.10060209387379436,0.09149592835893433,0.19927127253784388,0.0619361370676497,0.06596205399286295,0.23697916666666663,208.30547165152407,1.0
9.889907,55,365.298226,0.2874016306670669,0.03388099736343857,0.07149908152922717,0.2407038061161865,0.0024549868988226874,0.020268838484945907,0.2045454545454546,202.78776818727786,1.0
9.800343,53,365.425115,0.2822238098833396,0.02842132725873851,0.06511698069356239,0.2463372363454718,-0.0010477636129900283,0.025739547504068067,0.22641509433962265,196.89132295780172,1.0
-2.864463,55,365.560706,0.32989781997693474,0.14338963211031636,0.07676668951549014,0.18112754981854842,0.10004669222149042,0.061836823719124155,0.2242424242424242,202.61312864863302,1.0
11.01498,67,365.723584,0.3160249524963812,0.024191640100214167,0.06543608363768175,0.20431420781676113,0.0009225706703532739,0.03394884999354756,0.22512437810945268,203.3671683024882,1.0
-1.714328,65,365.931718,0.34134576302181807,0.13864392765876712,0.11522596059132605,0.16909490904446992,0.09079233317002837,0.09055478508947361,0.24230769230769234,216.18968463613984,1.0
2.883716,59,366.069018,0.31064936763539025,0.12257436546220324,0.08818244799833876,0.20592500113214707,0.08044576038259152,0.05533705940534159,0.24435028248587573,205.96050688707405,1.0
11.621222,65,366.229049,0.31106905457548956,0.0380350372520148,0.05669686486936109,0.20886260107996835,-0.02893396197244997,-1.1361992620950322e-05,0.2115384615384615,201.25784735380498,1.0
8.62712,64,366.384801,0.3116676640303745,0.06918166730639735,0.07253070531233839,0.20644297269080414,0.038866593385220784,0.04445794677282513,0.2161458333333334,198.82118431094318,1.0
0.134985,50,366.550707,0.3003049449097754,0.1324074918178813,0.09325163383477672,0.21940715683805734,0.09012170300586936,0.08100145207881378,0.22666666666666657,195.6954500194471,1.0
8.280139,58,366.689691,0.3008381203106436,0.052321288570429406,0.07499630152554022,0.22112258438330346,0.029058450973280945,0.05706721101897859,0.21120689655172417,199.3080940775473,1.0
9.902551,65,366.865712,0.3139878662288364,0.05468581094909796,0.06905313805223426,0.20556934902296886,-0.0412641437303452,-0.023183869133762542,0.2192307692307692,204.8171282774771,1.0
6.662579,64,367.077025,0.31338982364850676,0.10105244015512997,0.07404724318903777,0.2036897879455224,-0.07245442300395323,-0.01070556856481266,0.22656250000000003,203.16059952270254,1.0
3.476118,62,367.289989,0.3226682108250642,0.10906644042787257,0.07799845545931997,0.19002135731104064,0.07200051839632814,0.06218731087122666,0.2190860215053763,198.6842502726921,1.0
6.483393,50,367.409792,0.27955075629295323,0.06936403916099235,0.09404207664527774,0.2551629140677349,0.037351308536643965,0.02130214677342443,0.20833333333333331,199.70823210384916,1.0
4.64626,62,367.560449,0.31917141708212127,0.0826151123900709,0.10319459851317389,0.1964336158234917,0.04698882747334209,0.07390912447665322,0.21908602150537643,201.0646403794351,1.0
10.022053,57,367.697564,0.29283107899666994,0.0320388602273026,0.07085779128021376,0.23426572504996132,0.013717207792982064,0.01872927272196493,0.216374269005848,201.0847035112619,1.0
-1.042068,54,367.826421,0.31177347743629397,0.1475763095124255,0.09680078634887979,0.20448003278104104,0.09878648379160572,0.08552392191444946,0.24845679012345678,207.0639732825511,1.0
3.050123,55,367.973069,0.30379534401736435,0.107090335242502,0.09919821950977344,0.21585024167300956,0.0696720038034457,0.08234735703578155,0.2075757575757576,198.89108142252678,1.0
8.351224,55,368.099231,0.2922236094759882,0.0499267130948391,0.06764405327649377,0.23136404805544292,0.02537257455842435,0.039856033661189116,0.2151515151515152,202.12721063091666,1.0
9.155852,53,368.227346,0.28939821274627875,0.025499883357301287,0.0525720386377932,0.23806502211682357,-0.0062571953594203695,0.012742098348728957,0.21540880503144652,199.04460751059156,1.0
-4.70426,61,368.371218,0.33097805953515025,0.19045541895812124,0.10552348322859137,0.18167647951058963,-0.1294377799669962,-0.0513485270802396,0.2390710382513661,193.1283767654454,1.0
9.405732,59,368.538461,0.3017808788759002,0.03464023036828947,0.060524474340739084,0.22038501105469446,0.012666664287894296,0.039416292894516675,0.1906779661016949,196.69979672589176,1.0
4.603341,68,368.69987,0.3272959691086647,0.10513628704041968,0.0994744305645996,0.187891091716904,-0.07489481802702333,-0.008578199644895378,0.20955882352941174,202.13991291973278,1.0
9.490204,55,368.825998,0.289239855978484,0.04198267139766238,0.07009863413271805,0.23748124872593498,0.01570077234886867,0.021139771929328234,0.20606060606060617,201.52084777316915,1.0
2.028678,59,368.97212,0.31117924779103046,0.14350246029632832,0.08875805185581905,0.20625506898072352,-0.10194412659748017,-0.03525877853990261,0.22175141242937849,196.77804652819103,1.0
3.280951,53,369.099081,0.2886245106250057,0.12427348810634706,0.10604186103387231,0.2348824147016215,0.08294536482803706,0.08250840797733013,0.2374213836477987,210.7370055399886,1.0
9.191482,67,369.298463,0.31779433305605104,0.06628560089322019,0.0705111236661411,0.20132161769650167,0.03913237792922582,0.048435035388149826,0.20895522388059704,203.4908116450139,1.0
8.392835,53,369.432348,0.2815137704296501,0.0347821108324922,0.11981636907194852,0.2490277629168182,-0.0007423657994785295,0.012247338901663718,0.19811320754716982,200.4920045387689,1.0
8.811849,62,369.589323,0.3028117408219538,0.0830155219206442,0.07820246805998578,0.2193003886147433,-0.059561475790571194,-0.022028324846105653,0.22715053763440857,203.85202415874105,1.0
7.585679,64,369.747174,0.3123556039758339,0.08816204669592145,0.0727162361926655,0.20676372868605247,-0.06338499174799299,-0.0322093989221658,0.20572916666666663,199.39266886368443,1.0
10.163271,58,369.918108,0.29745112215701386,0.027016752887254393,0.059529121039999695,0.22555275171668457,-0.014201018915403022,0.021065180528681803,0.2183908045977011,196.75828899812385,1.0
5.545939,56,370.055098,0.2957201309054592,0.08831715376192778,0.09347910166856829,0.22750781988813357,0.05198235468378411,0.06672884626038,0.20684523809523808,205.7890913126793,1.0
-3.699338,57,370.20113,0.3373250323337919,0.1517559306714291,0.10383458996627898,0.1736265360272673,0.10771016570493874,0.08586871146016771,0.25438596491228066,212.59040207209554,1.0
3.219951,58,370.343647,0.3031268679456672,0.11684566226044867,0.1292878463127522,0.21709722279649207,-0.08735944669647808,-0.027412755116094624,0.20402298850574715,196.77704613381772,1.0
6.649466,62,370.529481,0.3120914426232891,0.0912236260635968,0.0781744469575796,0.2070902317264339,0.053702889685337714,0.05128064883454741,0.20295698924731181,204.05541854028218,1.0
10.16334,58,370.677133,0.2977667731651247,0.030879106343468618,0.048682695136421886,0.22415462711663076,-0.022430249925409936,0.003525809998468681,0.2040229885057472,203.53706769354181,1.0
10.515036,59,370.816228,0.2933509819570434,0.04797272865263958,0.07493521300737598,0.23210711630375883,0.02241036695740994,0.047069172495513026,0.2175141242937854,203.60588839966564,1.0
1.406902,67,370.97104,0.3281004771676722,0.14503012132281035,0.08843516221902467,0.18523917237671855,-0.09653517023493047,-0.024772219175229423,0.24253731343283588,201.00176485664076,1.0
8.482875,61,371.192852,0.3049917559862801,0.07465516504829446,0.07077139809309875,0.21594116700358024,0.04135401408668247,0.04587663887106213,0.21038251366120228,202.3314958797867,1.0
12.17746,63,371.343642,0.3008322066240368,0.023154387410852167,0.07147829090164454,0.2202997764382906,-0.0055616669311046255,0.024025396153534984,0.2420634920634921,203.24583162203842,1.0
7.197898,68,371.503748,0.3284281896973818,0.0761780808326492,0.06795080461712542,0.18648766660097876,0.0418978992190395,0.03862172390811419,0.2242647058823529,206.3228902060709,1.0
4.414401,49,371.623248,0.2801476036205299,0.10413631644987698,0.0830494250810828,0.25046419467577496,0.061659889939909424,0.06427622762643202,0.23469387755102045,201.22392604659106,1.0
10.658494,66,371.78417,0.3102714562306776,0.05335435102861386,0.08001067040676225,0.2093202909464685,-0.037242702000426446,0.0022393032337522127,0.21464646464646467,203.5203616478055,1.0
-7.209409,50,371.942378,0.309748399309756,0.19609546922012505,0.15039759095143776,0.20764243461384524,-0.14841694509972045,-0.08884128342493844,0.24166666666666664,202.132224380308,1.0
3.810332,56,372.079381,0.29781861961511696,0.11387007539600871,0.10900870278146083,0.22443565505764607,0.06991584426733473,0.07453301630456924,0.21577380952380956,201.9486867017787,1.0
10.804189,74,372.259506,0.33360256225055424,0.02406418962862645,0.07118534017584285,0.18599684722323906,-0.011954790589015746,-0.0004362027998773232,0.17905405405405403,197.34466796534042,1.0
3.245387,65,372.414996,0.3252969293923958,0.1114494994828473,0.11218016969312879,0.18849957744053436,0.06956532496724196,0.09097051959017972,0.21410256410256415,207.05032306666683,1.0
9.090399,57,372.570397,0.2919501735369813,0.048834158376688266,0.10239498163191987,0.23306534491899866,-0.0385352840460908,-0.005580304824450078,0.2178362573099416,208.68336440374685,1.0
2.786984,56,372.702474,0.2959866753459857,0.12176362603946891,0.10339890746309954,0.2269135634579713,0.07850272088448391,0.07014371135739446,0.1845238095238096,208.8253604782232,1.0
-4.628241,51,372.821127,0.3056865761920515,0.1692057016542867,0.13931105448615708,0.212302503635575,0.11634320487833928,0.11543624073306291,0.23202614379084963,207.20109824409886,1.0
8.005703,73,372.996031,0.3368237360076189,0.06989945229122593,0.0733996743498698,0.18232085447181792,0.03477422499349072,0.044344448819447164,0.1769406392694065,194.3643321127805,1.0
10.389295,65,373.174288,0.31157999373251816,0.03807759128600651,0.07522574267016799,0.20737403293963075,-0.027918371296604,-0.009649872432364285,0.20128205128205132,203.29822987745348,1.0
12.326387,63,373.325017,0.3005549561697327,0.02792352983745812,0.057118187532440724,0.224618943589401,0.008426017190894445,0.023201863757483072,0.22486772486772486,211.71890015971763,1.0
-5.259103,65,373.475411,0.34680886156721785,0.17515903967924337,0.10932429558111392,0.16457882656554315,-0.12146261432265838,-0.058886684243425774,0.20512820512820515,190.35952098262743,1.0
4.334931,64,373.628181,0.31511998449712136,0.11148385897248884,0.09129830324495346,0.20197086413642867,0.06712875711730709,0.07009538170496062,0.18489583333333343,206.98927292951217,1.0
-1.465387,51,373.777262,0.2895157569511568,0.1692185244505028,0.1429196118434303,0.23833893738095857,-0.12549226291082544,-0.057733600567705226,0.2794117647058822,208.23181800348152,1.0
9.556141,70,373.945827,0.3226569020057924,0.05326787695255972,0.07237484341592262,0.19738538037746448,0.02412960669153919,0.03268079421097696,0.17261904761904767,204.8973749714355,1.0
2.656884,60,374.084043,0.3119034656855604,0.13381633608614563,0.09548700137368202,0.20636870869084642,-0.10097777004812178,-0.04961924489758562,0.19583333333333333,196.56904304184138,1.0
-7.752346,56,374.226397,0.3453457432485194,0.17614278757466206,0.12843287070159243,0.16613369493398525,0.1212968089278722,0.1029092381206802,0.22321428571428573,199.9141405921123,1.0
7.95819,63,374.407383,0.31123400844350435,0.0648504425778363,0.08679569933919376,0.20964654807150668,0.03048083401546042,0.04564663150761203,0.16005291005291017,204.3671088660283,1.0
11.109603,61,374.55528,0.3008861485303949,0.026074917341239897,0.057162304639589226,0.22308360026324778,0.0033105796072563517,-0.002540920144530223,0.17759562841530063,201.15506270289464,1.0
10.480929,56,374.688167,0.2870348289835945,0.028172759821647398,0.08234861543085475,0.2413460169776309,-0.01940409979909774,-0.007618163709677843,0.21279761904761907,205.717166771507,1.0
10.333808,64,374.838664,0.31084286574774184,0.05080103511475089,0.07049009780737799,0.21009344487716505,-0.03951400514351492,-0.0238842399729089,0.1822916666666666,200.88437385028928,1.0
11.039454,62,374.982968,0.30535630748241455,0.019453721375827748,0.06232611987387982,0.217382727740554,-0.010531302173853592,-0.0023849206274691556,0.1733870967741936,198.9214237925815,1.0
1.767124,61,375.173251,0.32198639309988336,0.12491438553193014,0.0924472777396572,0.191651830505793,0.08159038775223747,0.07118164238985768,0.18169398907103831,212.2715987845308,1.0
-1.085742,50,375.291465,0.2951963581685449,0.15759900318692796,0.1122760309733405,0.2277367491635207,-0.1222042497591268,-0.06858588053133631,0.2083333333333334,196.757771995889,1.0
4.796018,55,375.43465,0.29760012834909916,0.09914766235426324,0.08841481931920331,0.22493476255726658,0.06252824254296029,0.05010978144073288,0.2227272727272728,205.47723465407935,1.0
9.937106,53,375.563238,0.28339944936015443,0.02581709736275249,0.07786254351020507,0.2472052019684608,-0.011191613071732082,0.0003902329083084271,0.19811320754716977,200.52324025423778,1.0
11.410991,62,375.754169,0.30237288859780753,0.020278662904292373,0.06297668504094998,0.22117783646162564,-0.006662049311060994,-0.001524065251802147,0.18951612903225815,204.57918662930982,1.0
7.716356,66,375.913815,0.3187025051796437,0.07669235645153794,0.08121132648423933,0.199582332731877,0.04140556940411842,0.038923624795212254,0.1742424242424243,198.46214779668088,1.0
10.700094,66,376.080581,0.30901665971550063,0.04437634412058553,0.08279010985263573,0.21095482354243908,0.019118668052343045,0.026469440156523014,0.17297979797979807,207.9265559590317,1.0
11.327458,72,376.257993,0.33106542142980266,0.02754077377471129,0.05738603638369608,0.18933592068922178,0.003097118266429123,0.011362499681477026,0.15625000000000008,197.9204716881604,1.0
5.618015,55,376.444184,0.29088991151081167,0.09442391843729248,0.10234457062750128,0.23521000419495275,0.0567053062218012,0.05704868138852814,0.1893939393939395,205.74261629810962,1.0
10.02655,57,376.591157,0.29314531282287437,0.02815936073745409,0.07575370169758289,0.2317377943136076,-0.012349396851252232,0.002862384340400659,0.1900584795321638,204.2536712517331,1.0
-3.161112,52,376.711975,0.303777181256471,0.15830061216259272,0.15751403570870667,0.2174367910845817,-0.12053469171124405,-0.0879090454005239,0.19230769230769235,199.24553448983852,1.0
8.62756,55,376.842141,0.28809650096648987,0.05985694335132393,0.07608509630819318,0.23766241339681268,0.02833718536920046,0.041046045091123536,0.20454545454545459,203.00662119040524,1.0
2.88704,60,376.983516,0.31104655849788054,0.12919626656522185,0.09526970616894848,0.20658507623088443,-0.0958691499074339,-0.05574750409867096,0.18194444444444452,206.263555671957,1.0
9.546537,59,377.144837,0.2963421116458631,0.04916984557012809,0.08849185309342532,0.22597571267270394,-0.03930096378042165,-0.015842863573463012,0.18926553672316396,206.5538001427038,1.0
7.051834,64,377.300341,0.3165191929514259,0.07823325068199265,0.08912454016758327,0.20120074994907258,-0.05822536885727951,-0.0261794849089012,0.20572916666666663,203.7355790667492,1.0
0.549746,59,377.444342,0.3119220949967618,0.1444566837397428,0.10571968077986954,0.2056952690436895,-0.10487620150020276,-0.062326896859065194,0.1751412429378532,204.50282143286861,1.0
-9.786268,51,377.575497,0.32014530360851,0.21552277586306115,0.15650592563400528,0.19636965817259577,-0.16311199596690568,-0.09229633308173658,0.19607843137254904,197.41320208405176,1.0
-5.586972,52,377.732746,0.300159181349063,0.19677421793765804,0.1412407413413319,0.22258670345222675,-0.14726307003175038,-0.09441110607621042,0.2163461538461538,203.90177954697995,1.0
7.619036,53,377.868086,0.2876547952474637,0.053533321933689516,0.09365115410669773,0.24109522946840187,0.024485785859196457,0.03175888507905868,0.15566037735849056,202.49726065815466,1.0
10.183001,68,378.028578,0.3160004790203341,0.06038872728979212,0.08068182657491431,0.20403160200854326,0.028032185988023314,0.04806454523193063,0.16053921568627452,206.62618122158673,1.0
1.737487,57,378.162079,0.309135095234832,0.13077864032566833,0.09997049885786176,0.2093760668865576,-0.10156624451902166,-0.04581307168696311,0.15789473684210534,203.596745537494,1.0
8.331615,53,378.288966,0.2815053246687683,0.046643172440688524,0.09091754557716089,0.24999198597084638,0.008547703160081898,0.005563788500674183,0.18238993710691828,207.18152034149702,1.0
7.742639,53,378.462612,0.28754342614711326,0.05921248596879738,0.08315918208566273,0.23929389460095318,-0.04903163190942917,-0.02704551662240153,0.1871069182389939,207.67470316639873,1.0
5.98556,60,378.607173,0.30221978548923306,0.10693425177129838,0.09345488127537104,0.21913183197117694,-0.08090524839147956,-0.01978443061768956,0.14583333333333334,207.49026061298204,1.0
10.635538,62,378.758309,0.30645848592773034,0.0225794171122533,0.0646683969484995,0.21445003629513418,-0.013402970066856519,-0.014322940630162699,0.16397849462365602,204.30525617733542,1.0
5.803247,53,378.885477,0.28874128750220096,0.09556591393750617,0.09813621875962168,0.23984032361553279,-0.07622557133831287,-0.05085548060136188,0.17924528301886788,203.41329052504125,1.0
4.143021,57,379.091432,0.2999268741269943,0.10193254211921494,0.12133087479372108,0.22231141790416456,0.06075420349190017,0.0837593230649518,0.17836257309941525,201.85492969065237,1.0
10.882031,60,379.242427,0.2960663839128017,0.04260907861438905,0.06224002206918505,0.22953075678129375,-0.031865489057022627,0.015938718992383548,0.17222222222222233,206.60932971657238,1.0
7.910519,61,379.391611,0.3010194330045425,0.09340260708090696,0.07621720469987403,0.22260298754539593,-0.06848911537074955,-0.025879558722326827,0.1844262295081968,208.03863126569678,1.0
10.43212,54,379.521972,0.28278055700966187,0.026957124458841977,0.07097978782606211,0.24755253018675918,-0.009447262143280559,0.002849453341765551,0.16512345679012347,205.35465970464878,1.0
-5.772191,55,379.660951,0.311208952172912,0.19766536024778839,0.1257798796878151,0.20511280280706976,-0.14446478913849115,-0.054426603935738053,0.1893939393939394,206.7288301232981,1.0
8.403472,68,379.85194,0.319681774880407,0.08600694469820819,0.06966283607142709,0.19812173140340872,-0.06118177428155862,-0.01496179015912098,0.18872549019607845,203.43109422389946,1.0
12.261015,64,380.015692,0.30017400440752745,0.03972453276757806,0.08110043928426568,0.22312301323012956,-0.026708007403403573,0.011258111376344889,0.20312500000000014,213.9742835985992,1.0
6.356739,59,380.160155,0.30425932524885296,0.09392078249391514,0.08006394857837773,0.21555271811559212,-0.07156160740526826,-0.04628446611912362,0.17090395480225992,202.76631244796874,1.0
-2.252533,55,380.296692,0.3072431879309356,0.16132107465821516,0.14821067899917603,0.21132992167347675,-0.12207285730003002,-0.052569752247555064,0.2045454545454545,205.5333147813317,1.0
8.484007,68,380.49384,0.31333755141261743,0.08526191241997298,0.0958073746479805,0.2047497388006421,0.04716026497294653,0.06227500844402843,0.17034313725490202,208.38793049228448,1.0
-0.880388,57,380.634484,0.31141986784208064,0.15985095624276643,0.1063212153096029,0.2049987444013436,-0.11819304695965642,-0.05201266146618603,0.20321637426900588,200.45969865006973,1.0
7.476229,58,380.771859,0.2990960752793205,0.08531974822432954,0.06715869219017961,0.22416491122709487,-0.06498815362610424,-0.03149497989988171,0.18821839080459776,207.75575513583144,1.0
11.078124,58,380.910952,0.2871129510248544,0.032401140095674776,0.07685711534867086,0.24061054549222163,-0.002408461655736604,0.02284595071253143,0.19827586206896552,211.30150427675676,1.0
11.640044,66,381.092789,0.3070990070674192,0.035955161135271425,0.0830452416735759,0.214156620373992,-0.025888348732300098,-0.0178986266239921,0.20075757575757577,206.62477784010127,1.0
10.351868,63,381.257792,0.30703012334065716,0.030758814758418237,0.0750759853699965,0.2150183948101419,0.005425654660367255,0.03039511411290317,0.17328042328042337,205.8539494844221,1.0
10.04608,54,381.389828,0.28035328790547104,0.0449988575751668,0.06213091008946167,0.24867693154800788,-0.03247313660726701,0.007382372276833265,0.21759259259259273,210.233548962772,1.0
8.582398,66,381.551212,0.3112481456934958,0.08914465921853668,0.07708394443110847,0.2068196331361152,-0.063055195545857,-0.025540800783839173,0.1881313131313132,204.4217934960266,1.0
0.736386,54,381.717121,0.2985787373020012,0.14746590863391898,0.11351612035934085,0.22353973396100274,-0.1066260359685338,-0.07387168047067194,0.22376543209876548,203.36095501245765,1.0
7.370044,62,381.871593,0.3075711912701711,0.0855600674145822,0.08669981209630677,0.21148470279034765,0.05276602865608044,0.04680094710601851,0.20967741935483872,208.5157970088839,1.0
11.277933,67,382.030267,0.3138148834203162,0.0517177581800288,0.057493966452759865,0.20587755022104592,-0.037032596446710496,-0.008595823487648896,0.19527363184079602,203.68104882382522,1.0
11.5406,57,382.165584,0.28686685987416577,0.028137634525334312,0.0712444517830156,0.2400296283452619,0.007206424952458967,0.0207962081954924,0.19590643274853808,207.95457746758947,1.0
9.4593,54,382.32217,0.28595257240911676,0.054261805845919935,0.0601114858113144,0.24294739728958994,0.025985618635791026,0.038236656449953804,0.18981481481481488,201.91015197220852,1.0
9.702607,55,382.452197,0.2841174093634777,0.056522598055433235,0.07788742129158087,0.24704337525803474,0.029042961252789407,0.03398874967465717,0.19848484848484851,208.38690835200597,1.0
7.404191,53,382.578692,0.28056035697454423,0.08334974159350667,0.09147877120442387,0.25178113102515043,0.05130714602666235,0.06288363222646132,0.21698113207547173,208.35211043796335,1.0
10.713337,62,382.72365,0.3056500249040107,0.03258819943038046,0.0573188981155404,0.21586752606191165,0.015189069485800172,0.01730790167080587,0.19489247311827973,202.72362071253326,1.0
9.838126,59,382.86376,0.2951768083929322,0.05967985478636745,0.07278948229586213,0.22964801039297272,0.03405165953537534,0.01756977808204507,0.20056497175141247,207.4252387302946,1.0
1.664735,51,383.016855,0.29129274180276066,0.1251327494343404,0.11680080429689357,0.23269361109481446,-0.09620131619899934,-0.03996197414657016,0.21895424836601307,201.5379364175958,1.0
9.985179,54,383.155775,0.28085436431583716,0.0526010672653483,0.08042310920848655,0.25237122186831873,0.02654398149323893,0.0014856860149517147,0.21296296296296297,206.06204530484135,1.0
10.633764,58,383.296547,0.291985754047542,0.024806227361234924,0.08922800678267641,0.23448894374314125,-0.011717536126652092,0.010402263249949025,0.20402298850574715,208.79379631900053,1.0
9.952054,57,383.434269,0.28670283238568767,0.0603984351981106,0.09167931566063421,0.24228077738471623,-0.045177980363901936,-0.02139144246151873,0.19298245614035095,208.73583760569971,1.0
-1.850404,56,383.568214,0.32331224793577223,0.15069515447518508,0.10844144927769496,0.19177949665087293,0.10367649697147883,0.0895428774117887,0.25,214.18461109631784,1.0
-3.075832,48,383.709256,0.3121644771993122,0.14792862281377334,0.11291773366065795,0.20550389220013351,0.11291922002486388,0.08623312597742366,0.2708333333333333,213.2381809864464,1.0
9.264391,60,383.853393,0.2932224610674839,0.07090843813468718,0.09491748056884156,0.23215045567709974,0.033903791635289816,0.05744001243427569,0.17361111111111113,205.21169428603378,1.0
11.107408,57,383.996009,0.28714443896350345,0.016438945817724024,0.07099622815008116,0.24207522662056372,-0.010222702668707204,-0.02093816768956694,0.20906432748538017,202.95464083111548,1.0
10.845302,61,384.143706,0.30155280418021774,0.023577535324446234,0.07384020837732079,0.22019241142644835,-0.009866481463934927,0.0029193808686202027,0.21994535519125685,207.88638972371018,1.0
9.049205,56,384.312639,0.286552865256202,0.0639688726653351,0.08102071079299118,0.24648490640071885,0.040444615436999565,0.02727816451335301,0.2217261904761906,214.49408849375067,1.0
11.906109,61,384.455305,0.29957229067052965,0.03578083567364421,0.0626812102997118,0.22370742838266458,-0.026552521928487068,-0.015584706442247978,0.21584699453551906,208.83278729973534,1.0
1.225386,49,384.570721,0.28694531682120594,0.1326345199673963,0.10359504280466361,0.24016475455105551,0.09546209365747013,0.06039786736577332,0.2517006802721089,209.32716286990876,1.0
9.237274,63,384.722294,0.30192271881711996,0.08199515164695899,0.08777440385510916,0.21924862224837313,-0.06042411024251571,-0.009602042048363294,0.20370370370370375,209.73086195444867,1.0
-1.230396,55,384.859346,0.3013144393189763,0.1564089225053904,0.14700955242415925,0.22120515291810697,-0.11616811405717548,-0.0756928572870097,0.19696969696969696,209.1769475897207,1.0
11.634897,59,385.043052,0.2906033635948267,0.035814649999499154,0.07152190080077435,0.23552029126137874,-0.023286080155030156,-0.0029619588140945958,0.25,217.32790891104165,1.0
9.34196,52,385.171911,0.2816142560016965,0.028159383380849595,0.07502566846356223,0.2551550980453276,-0.00917884733796304,-0.024011633136108865,0.20192307692307698,210.22859325042938,1.0
2.969817,62,385.329347,0.31071751974190925,0.12566276937366277,0.09306520635398215,0.20559834471501331,0.08249354860847971,0.04330951436612676,0.21236559139784936,216.4924722693744,1.0
12.180083,62,385.490457,0.29682484921269325,0.024108992051371913,0.08049246123877095,0.22897133505169956,0.003813664629816412,0.01882899316998829,0.20295698924731181,213.8152073176829,1.0
11.084554,58,385.681747,0.2863819241829038,0.04198945811201911,0.08876571763866424,0.2422066177044617,-0.030320653778288957,-0.0012131895625701495,0.2255747126436782,212.8643007696595,1.0
11.668286,61,385.829097,0.29544670990719535,0.03290701319203006,0.08670551671462574,0.22931929759045902,-0.020982360960160464,-0.015817718710173775,0.22677595628415304,212.78602206163438,1.0
7.16452,60,385.969619,0.30057723879602455,0.08663800592629867,0.09763468430269955,0.21931608031359168,0.049745944418576236,0.05713994864548839,0.2180555555555556,213.17777983061447,1.0
8.672236,64,386.129698,0.30429112473406567,0.0831335664364905,0.08816256803123053,0.217128403519451,0.046749859788264514,0.04380265927676051,0.20052083333333337,212.72749653992838,1.0
10.326565,53,386.31474,0.2791267924793871,0.03401937619407571,0.07710066793835117,0.2528573038304057,-0.024802262099495365,-0.012153424722166328,0.21069182389937105,211.51126548236644,1.0
9.658363,72,386.494547,0.32456091825102173,0.0749394546963896,0.07449631670851786,0.19268640515645988,0.0430868725487891,0.04115807983121311,0.18634259259259262,212.87363926813953,1.0
-0.833287,47,386.609591,0.2876303486326607,0.13408594385301034,0.13608860555134136,0.23834673257277247,0.09610296209647018,0.09641135439486297,0.22872340425531915,209.78536971273462,1.0
9.790097,65,386.767571,0.3019057597946412,0.07223926261521432,0.07821108745466994,0.22113253308196001,0.03995805388558735,0.04770743575743386,0.20384615384615384,213.16125238944247,1.0
3.825604,56,386.90694,0.2948553649988006,0.11980280188605928,0.11536406525189684,0.22887673243154932,0.07558010910657323,0.07284868092650565,0.21875,218.1132573140687,1.0
9.839025,63,387.481081,0.30340751381674486,0.06826016588482076,0.07973646283440253,0.21924900163115857,0.038653757163327654,0.03200730264194602,0.19312169312169322,215.62800819116327,1.0
11.058059,60,387.626505,0.29008590467153716,0.05433001990095448,0.07113353308438915,0.23708578222029048,0.027475185609640386,0.015029926654580927,0.1958333333333333,216.87154911784742,1.0
-1.53908,65,387.78389,0.33209858890498634,0.15969542802173597,0.098984738564296,0.17972236421807875,0.10513769890896565,0.07669462161259057,0.2141025641025641,220.81070112076182,1.0
9.757812,55,387.915134,0.2858504578381344,0.03318834769605293,0.06863502465663573,0.24288283412582665,0.006977574573557072,0.011090016011782626,0.17575757575757578,204.7396476555912,1.0
2.617416,61,388.090413,0.3123812969060634,0.13157396439668143,0.09137083698885477,0.20338012157586555,-0.09213351660641358,-0.04523837610305989,0.21857923497267776,210.70297058419072,1.0
11.114521,56,388.225202,0.2844009875581917,0.04449095785803324,0.06263836609571388,0.24617936468354687,0.017215150329623317,0.0009227594292095545,0.21875,211.57019116356307,1.0
-1.734827,48,388.33515,0.3037501835887299,0.1546124951926236,0.08893904007980054,0.21677698479244148,0.11315988735977801,0.07093176649865614,0.26562499999999994,208.70007197930457,1.0
6.632864,57,388.464664,0.2916402842469796,0.09568181807498824,0.09076627803354856,0.23303135234758646,0.059450516484301406,0.06513255572412428,0.19444444444444453,216.8170851696905,1.0
6.824145,55,388.629043,0.28617101832618713,0.07972911162888174,0.1082535450374192,0.2419922222854444,0.043007436660207427,0.04465303521291847,0.20000000000000007,215.76446715329058,1.0
8.619291,60,388.780311,0.2959110111793202,0.08060143627463398,0.10628947841188197,0.22775348367816584,-0.05737522858921426,-0.031865955482092735,0.20277777777777786,211.33354225167596,1.0
11.330383,64,388.937107,0.3010004860865114,0.05022788735991142,0.06689255168229954,0.22231890324384376,0.0220646549418113,0.03441712114617912,0.19921875,213.98170023790672,1.0
8.950876,58,389.078641,0.29140535989351185,0.07718307661199901,0.09316126657055696,0.23507737561281494,-0.05824065618209812,-0.02684214031261535,0.19683908045977014,206.5182707781061,1.0
11.373628,56,389.216756,0.2842445003340945,0.02465190384995815,0.054505936795010826,0.24735512843744017,-0.0003465235570138211,0.00788100930953521,0.19642857142857137,211.7709808458948,1.0
12.063392,69,389.413826,0.3106662927234552,0.05200022894779344,0.07005702540153637,0.20999784515609,-0.03659748166447218,-0.012091909611177572,0.2113526570048309,215.5312122758152,1.0
4.975288,55,389.54341,0.2863760632692021,0.10840974792838418,0.1100908958434472,0.23876879676785398,0.06819820314920669,0.06703596506436944,0.21212121212121207,218.59172640039327,1.0
11.152438,58,389.676957,0.28953077364090996,0.03640603845992101,0.07255782181451223,0.2369510028558219,-0.02730513575535123,-0.020222798161395907,0.18390804597701155,211.46759877596142,1.0
8.108881,56,389.810653,0.2924895568445747,0.07087283497521848,0.08515563778867358,0.23246974037377474,-0.0545149740598172,-0.03559772784798203,0.19642857142857148,207.87328395864756,1.0
8.199173,63,389.978212,0.3056627731360918,0.08400361330515552,0.08979532918419568,0.21299715825307694,-0.05950984677978436,-0.043191727520580765,0.20634920634920645,213.4377946253102,1.0
10.161457,59,390.11535,0.29997046658184345,0.029496856199254975,0.05166719814991025,0.22354980401194297,-0.01535187721189159,0.0084551202376516,0.1779661016949153,206.33338210222502,1.0
7.793991,58,390.248304,0.29547766134985126,0.08059027641175277,0.09516595788720413,0.226849326850318,-0.05967829270687354,-0.02364880771219533,0.21982758620689655,210.02182622456118,1.0
9.862611,55,390.385689,0.2828683371894891,0.04894826438522481,0.0752444708649605,0.24658093927962182,-0.035933463985829146,-0.019949878688956115,0.21363636363636368,215.45563281325033,1.0
-0.515298,56,390.538049,0.3102115827720192,0.15731391442314754,0.08943232176408651,0.20786929710520144,-0.11086070114389757,-0.05240670603854359,0.20386904761904767,201.26263144276507,1.0
6.898115,52,390.66099,0.2845556550399655,0.07083007988402802,0.08742808458334682,0.24580557524838145,0.038461061153010914,0.03236534485869199,0.21153846153846154,207.85936810402058,1.0
10.130397,59,390.796168,0.28831075750901564,0.06388777378546455,0.09459491228255643,0.23870057365463607,-0.04882773030285667,-0.032858613375356734,0.2005649717514125,206.51390666143706,1.0
11.925728,67,390.957032,0.3114318810997457,0.03872886795140875,0.04870018407746945,0.20802979074636568,0.01936217085250296,0.010392253122949687,0.19776119402985073,203.88415787733186,1.0
1.682646,50,391.081204,0.28259368267461443,0.14461351137375222,0.09922668379069448,0.24881276118596965,-0.10788283159391408,-0.034042080896380375,0.22999999999999995,209.0127710369288,1.0
-5.69655,54,391.233682,0.3131722616962625,0.19800914802849054,0.129733100134988,0.20395597173569002,-0.1428343482832385,-0.06116142901405408,0.22067901234567902,202.06097209112147,1.0
8.677583,54,391.353788,0.2846166918750173,0.06386250602078304,0.0871350049617072,0.2439225386106324,-0.04925286859905897,-0.02783698597004897,0.20061728395061731,201.653886118045,1.0
2.944446,50,391.469623,0.2821230293402354,0.115952225417797,0.12219922479965377,0.24916155003127957,0.07527755718270955,0.09544598491928256,0.21666666666666665,211.92090336858888,1.0
4.245439,53,391.592348,0.2861322581307704,0.11132541816169765,0.12350028978000542,0.23962374871147674,-0.08379132910021292,-0.06459893113938096,0.2295597484276729,203.72353727838157,1.0
9.015543,57,391.72896,0.2926504406738832,0.0641746816414677,0.07597421420438005,0.23376086916317645,-0.047622973965912835,-0.0166248780056239,0.23538011695906433,207.48570313003393,1.0
12.907769,62,391.9105,0.292786397198594,0.02652716177741664,0.06859109688848669,0.2335006880333642,0.0006493816878341932,0.015245666576414347,0.1868279569892473,206.73151655699326,1.0
2.96804,63,392.061128,0.31837531838537697,0.12057340024561321,0.08954823088499513,0.1986512526207636,0.07199770295166528,0.056162520609740196,0.19973544973544982,205.90502721204663,1.0
4.243308,50,392.178562,0.27693866274115175,0.10756509049602671,0.11580526176958907,0.25722263327083783,0.06596965123378971,0.07913941573917314,0.21,205.71989971952544,1.0
6.328786,55,392.310015,0.294676018821594,0.09081853811076096,0.0863710227114076,0.22974572091733025,-0.07116652471420364,-0.05131507952257601,0.1924242424242425,199.57323785395292,1.0
10.634249,61,392.509398,0.29932417254856875,0.04934493712147665,0.0741918154149019,0.22558309911904617,-0.03624089661414444,-0.019338652320420306,0.21038251366120223,208.07910319419986,1.0
8.351531,55,392.642588,0.28359153361779704,0.07409466651796362,0.08534388220543825,0.24524392852128343,0.04239704516386418,0.05621657313149878,0.2393939393939395,211.2351551269391,1.0
4.556504,52,392.766258,0.2787378629594058,0.11952401893875964,0.10880822981110841,0.2543045299382141,-0.08945063334818694,-0.024964936973338982,0.23237179487179485,205.82089666606194,1.0
11.974979,63,392.911227,0.3000385648378749,0.040900057517222574,0.06163886941299494,0.2229095692341941,-0.028194380884564083,-0.012563567875060086,0.22619047619047625,209.87092717545866,1.0
6.34097,49,393.022475,0.2693370201479633,0.0864738413786331,0.11089259502312494,0.26994615529612287,-0.06815953860213039,-0.030263307673869002,0.24489795918367355,206.15618548849184,1.0
7.096316,59,393.18615,0.2893886080586568,0.09912422373488228,0.1110880775434313,0.2353131834182144,0.05694326388715184,0.0766235343659979,0.2514124293785311,214.73416235113814,1.0
9.742113,50,393.305512,0.27324403432920236,0.03297168490481962,0.054730821895534146,0.26124177915104474,-0.01677608586939527,0.0078060921798872186,0.21666666666666665,207.8094107078072,1.0
11.128758,57,393.439106,0.284756609851753,0.02653841813091986,0.07112373674075277,0.24532698272725514,-0.012940274492687497,-0.0021581165663926505,0.22222222222222224,205.67178901284234,1.0
6.356917,54,393.579308,0.29123464877134153,0.08789967807748233,0.09669655523853418,0.23381430567308537,-0.06672230225934468,-0.052687105218949,0.20987654320987656,197.08112017529572,1.0
2.823578,54,393.742115,0.2856351019792382,0.13651697794902914,0.12227088493639,0.23954514888821213,-0.10293869793263336,-0.04377062510452484,0.2114197530864198,206.82840190851692,1.0
-0.060632,65,393.900248,0.3525959472014695,0.10955795772086209,0.07515146410996965,0.15753362730024956,0.07583283287764099,0.05288636868878676,0.30769230769230776,218.7201732082934,1.0
11.015069,60,394.045586,0.29546554886112597,0.0458905710139238,0.06895705308783716,0.2277710920328846,0.018611224649271296,0.016285490056983994,0.2611111111111111,205.67732929526048,1.0
-2.14022,64,394.20636,0.3515302053931159,0.13218142928811466,0.086597304099659,0.15818562117691315,0.09316453693054921,0.058995992763576914,0.3229166666666667,222.21782102678355,1.0
9.926453,55,394.344902,0.2828080180774127,0.03733998977910243,0.0676603509777175,0.2467896904189442,0.0003727169441668293,0.020323257772446333,0.22878787878787882,214.55395147032092,1.0
10.746763,57,394.514615,0.29030600282728136,0.025665398558063813,0.0693415720186492,0.23585661217267928,-0.011350366150670643,-0.0010428949070295879,0.2543859649122807,206.19397694964502,1.0
8.952557,57,394.655711,0.285178299347808,0.07279467914893425,0.0969706786664827,0.24370156689618827,0.03767155867004013,0.0546156142056645,0.21637426900584802,207.37486250792793,1.0
-0.095861,52,394.785087,0.31110035446785594,0.13174225819027177,0.08178649634896343,0.20434635624445077,0.09624964655759721,0.06908192802704118,0.29807692307692313,212.6969441194171,1.0
4.812722,51,394.91359,0.28210624056364775,0.10349499709504019,0.10671288460626037,0.24856510096056206,0.065431328789287,0.07284915990807604,0.23692810457516342,208.77360646171655,1.0
10.710867,59,395.083637,0.2991644014062501,0.03389929034792828,0.053635439355296154,0.22485655108889632,-0.022269535303638274,-0.007023834457734714,0.21186440677966095,201.5697424243469,1.0
11.61934,56,395.222514,0.28300338370170347,0.022524297352988477,0.05456821165372363,0.24778708754978251,-0.007156054875010128,0.015321311024767328,0.23660714285714293,208.17078841944462,1.0
10.508191,56,395.371952,0.28705119824825076,0.030936286058310378,0.07037267655125937,0.24194291637106025,-0.02299636653386338,0.001015220312781194,0.21428571428571427,203.49538974708304,1.0
7.781645,54,395.50684,0.28875043261207467,0.0668654024811247,0.07956417415080187,0.23781658589056967,-0.051375948795450564,-0.0190018748009523,0.21450617283950618,202.27373708514637,1.0
0.676326,52,395.635777,0.2894400936287575,0.14680966568090484,0.1403981171187534,0.23553157973449015,-0.10909963970112133,-0.055608564480915015,0.2692307692307692,207.1662577737073,1.0
7.705029,50,395.776841,0.27237287961714224,0.07510306689460229,0.07887477966866256,0.2604359864110169,0.039016762632224554,0.04049707199605012,0.23500000000000004,207.47627840800854,1.0
1.1492,60,395.926712,0.31290591395181916,0.15370919793201154,0.08754776035464158,0.20396398025955467,-0.10558367193270647,-0.015555444594679715,0.2555555555555556,202.16564242623434,1.0
9.328071,52,396.054377,0.2811357555537073,0.0503586094299802,0.06318659934423372,0.24848999835070446,-0.03748738137114669,0.00808870000002019,0.23557692307692302,203.32414521576297,1.0
8.098027,55,396.187869,0.28606669143202446,0.07364494951493167,0.07766106410062924,0.2426168545445988,0.042989555625959755,0.043882815610553245,0.23333333333333334,206.43479960207824,1.0
8.232798,49,396.305009,0.27509373808371934,0.06691181230910313,0.051160657752879916,0.2620244015472139,-0.05145010664618007,-0.005214917111864677,0.2568027210884353,201.86134159301608,1.0
3.007228,49,396.465033,0.27993397144046533,0.1259773775128577,0.09059596504496166,0.2504330603236728,-0.09833118001972445,-0.040852582340608595,0.23809523809523808,204.22324837514174,1.0
9.527219,57,396.598053,0.28544629546383726,0.07244560977653765,0.07710465240575327,0.2416171825967159,0.04227980943115826,0.06098189652466655,0.24122807017543862,207.74683471072652,1.0
7.995898,55,396.74346,0.28372789186995406,0.08989150126782004,0.0936284626549858,0.24572158656300908,-0.06721735952097321,-0.004861735389445748,0.23636363636363633,209.49422774857132,1.0
10.115193,54,396.898254,0.2810908746864672,0.04112902525066349,0.07384880724185863,0.24927885036684808,-0.026122029475961855,0.006133071010885271,0.24999999999999994,205.11562883550872,1.0
10.404767,56,397.091337,0.2853551188663603,0.05530801629196519,0.061540541614484155,0.24451714375964606,-0.040159649702064405,0.0032989492105441258,0.25744047619047616,209.31408870087353,1.0
5.003648,53,397.270133,0.2875747986614586,0.10011552923777609,0.10052364686770786,0.23978790441060682,0.06542051094461625,0.07821618581064876,0.26729559748427684,210.26938201043717,1.0
11.001247,55,397.407656,0.2834315255564691,0.027256323601492733,0.05669454416128385,0.24446698447253273,-0.007433475532599594,0.018008146726134076,0.24545454545454548,206.37112517170294,1.0
10.532116,53,397.537356,0.27943881466040726,0.03233690501194864,0.05659901115427552,0.2512789666020843,-0.02176756722236178,0.011318162148514447,0.2531446540880503,205.34209627157514,1.0
4.684219,47,397.654413,0.27333784083452395,0.09282107606635202,0.11553280278162667,0.26417093815749093,-0.07435964440479134,-0.05025753245619421,0.23404255319148937,203.1095443631263,1.0
3.227463,54,397.808587,0.31042019358134804,0.09608537635723254,0.06927855871092353,0.2062890024602687,0.06858266466203744,0.04920827480353389,0.316358024691358,211.33138384294867,1.0
9.978587,50,397.928653,0.27127512243554674,0.04148687562115681,0.05717278870157137,0.2679967297668889,-0.03119781697104445,-0.01042019009366066,0.24166666666666664,201.82000059113855,1.0
6.575999,52,398.054485,0.283247917079151,0.08452562852099933,0.09309771992892334,0.24650470439464026,0.053442733176913906,0.06712758221293551,0.2644230769230769,209.39774352098854,1.0
2.043354,51,398.172848,0.2834817918821609,0.139832615929324,0.11186383778548112,0.2436165458594568,-0.10401024367598823,-0.035785091607425074,0.24346405228758175,201.15139359858193,1.0
9.978079,54,398.300226,0.2816387580831666,0.05726261663857469,0.07688136503717449,0.2500866985608228,-0.044219796908459924,-0.023140132768082737,0.25000000000000006,203.00067856025237,1.0
3.863178,54,398.439829,0.2941263827445538,0.1270813734732991,0.08060653687693113,0.2289214881925086,-0.09006555330384904,-0.007257645310918069,0.2608024691358025,204.1780208886907,1.0
9.314347,49,398.557372,0.2699052688665161,0.04016898028525496,0.07143739546490557,0.2690755787480031,0.009708867429320691,0.026396576070340266,0.26870748299319736,206.31052064791683,1.0
9.979052,51,398.679559,0.27646716500296753,0.02692949203983819,0.05797280478060087,0.25806112769348355,-0.007011924807245573,-0.0166675177214805,0.292483660130719,208.79670828430767,1.0
-2.337187,48,398.793461,0.31161945049343553,0.14267561140735524,0.1116599032326537,0.2062376124458886,0.1078117713233811,0.0914322484441431,0.34375,213.50757321649772,1.0
2.67584,50,398.911451,0.28221188862479096,0.11882411261268117,0.12654491192005474,0.24591946688135508,0.08036681011065401,0.10119177397779204,0.2699999999999999,205.10533454629248,1.0
10.371947,54,399.077307,0.282726117114774,0.027682669900233457,0.07610928863493184,0.24677532379143816,-0.013749404630897685,-0.0027543851779937346,0.279320987654321,200.23058179542284,1.0
-5.087662,47,399.18887,0.28858449822505244,0.20545485088963336,0.12623165480851523,0.23685518732881206,-0.14699643345017163,-0.04952118738689129,0.3351063829787234,201.33699282657878,1.0
10.960052,55,399.337495,0.28157471721310323,0.02933429892103014,0.08260330203725617,0.25198582717953927,-0.016233729840209554,0.00342277790591567,0.28484848484848485,209.7280954418274,1.0
8.093802,57,399.480369,0.29382327865110924,0.07495733270203388,0.08864723697193268,0.23022432103284546,0.045913862486363734,0.06377910148113089,0.2967836257309941,208.42375096131383,1.0
6.947024,53,399.609363,0.285857526172874,0.08682807304108846,0.0707483554947584,0.24015969156706668,0.0495793442459849,0.04836469270550946,0.2924528301886792,204.17135223921954,1.0
4.394283,53,399.760201,0.28948822870510016,0.12020104508768059,0.08465665921886191,0.2349951484222979,0.07925244214725448,0.059694180062285974,0.2908805031446542,206.6023920317333,1.0
7.131682,50,399.883114,0.27752663559669655,0.07029271265685805,0.11030987987957037,0.25824342823477964,-0.054281696058630674,-0.04341227588168416,0.285,203.26659524142593,1.0
-3.517723,52,400.014125,0.2970848305539321,0.18385153017788264,0.14138992866570183,0.22506283426912266,-0.13250522133071216,-0.07254531632142905,0.2708333333333333,199.86355633511823,1.0
6.284558,57,400.153159,0.286564320041932,0.11832402976373334,0.10780741936547399,0.2410969188856377,0.07293623113900526,0.07614524903077662,0.27777777777777773,210.3929095495036,1.0
9.180389,49,400.277844,0.27421557945785885,0.028539275617586412,0.07191165488494183,0.2640055451075004,-0.014341682919809886,-0.009998380581272224,0.2789115646258504,207.12068901169647,1.0
2.972795,47,400.44052,0.29311367102792313,0.0888515962578986,0.0855940722351464,0.2301329729918102,0.06946443155987375,0.03773926964617173,0.3280141843971631,208.87859988186923,1.0
6.730119,52,400.562959,0.286109602485714,0.08155321267232565,0.07936102827186305,0.24182221298862114,0.054606632926033155,0.03386365328319715,0.2964743589743589,209.41327978979118,1.0
7.796112,49,400.67914,0.2733550968942613,0.06396687700664051,0.08491820775230396,0.2621002034477434,0.03286032687186885,0.05147719052880833,0.2925170068027211,212.05483708695755,1.0
8.488785,48,400.795109,0.27119773126671337,0.03415145693234228,0.07045006858216812,0.26600037107684515,-0.0036586390724710808,0.009211574624501563,0.2760416666666668,210.3856427260315,1.0
3.269467,60,400.934287,0.30511812504283653,0.14015792476661387,0.08968756591794884,0.21357153322954645,-0.09294859706204688,-0.033616824581294134,0.28888888888888886,207.30706719332565,1.0
10.143519,48,401.118385,0.2669312687710259,0.030155087496125128,0.06441743331431589,0.2734149385990256,-0.007757374562696752,-0.007405500920565032,0.2881944444444445,211.03876221334406,1.0
6.580263,52,401.241945,0.2832833910206965,0.09370443237730303,0.09050246817589744,0.24797197127875445,0.06220110201761197,0.07130074947908119,0.2932692307692308,209.05671092390452,1.0
9.139795,52,401.361735,0.27728035062364725,0.05516941717990905,0.08995098226348797,0.2554806263937163,0.029934650102912037,0.05837643590773956,0.28044871794871795,209.2577801702286,1.0
9.530875,54,401.489716,0.28700227404466316,0.04433887421264562,0.07706981656954436,0.24231792813719405,-0.03163596646195542,-0.020533365051297686,0.2700617283950619,204.66481205418245,1.0
4.111852,49,401.60971,0.2845400315873459,0.10393990460292725,0.08790425051767868,0.24242268777697806,0.07257968767845528,0.06394604911274636,0.314625850340136,208.34915544011915,1.0
7.34784,48,401.746367,0.2717603050614296,0.05793936133098676,0.08573775322560756,0.2658917162076917,0.02476752591676462,0.03775597393162328,0.26041666666666674,207.7684812592204,1.0
2.325559,52,401.873224,0.29973085649271336,0.12809155972909003,0.07323578713163215,0.22039313867353566,0.09364862278466662,0.06429962951169708,0.3173076923076924,210.89649508352542,1.0
5.666371,54,402.011991,0.2862335667942762,0.11083251595420864,0.09736413841808576,0.2396235889453432,0.07364708672275916,0.07896750851699887,0.3333333333333334,209.99182573578855,1.0
9.26488,49,402.12501,0.2715677771004968,0.03254222080596424,0.058776218187632,0.2640734807104429,-0.021934812978488535,-0.0040939597385294,0.2653061224489797,204.716877664018,1.0
4.332866,52,402.250173,0.2821532757410184,0.12794954482356888,0.09970643381482049,0.24786579534182054,-0.09123474227297282,-0.03747965115468252,0.296474358974359,202.93487139793666,1.0
4.238666,57,402.431669,0.30628878948133187,0.10921214915986624,0.07205097476747764,0.21058801577658,0.07757336100294988,0.05468195440429996,0.3552631578947369,218.7821043996946,1.0
3.667864,52,402.554605,0.28585262310016596,0.11879136352260111,0.10064306793627054,0.24198408070445585,0.07960838197241804,0.053051972928827906,0.3221153846153845,216.42563542749147,1.0
11.355731,58,402.692023,0.28460691282467127,0.05238972515674282,0.07649929278839941,0.2433585402839256,0.02232583937699496,0.04328837214671495,0.2959770114942529,210.10589326001696,1.0
11.0302,56,402.824837,0.2863550377656025,0.03442949129236886,0.07307375460552065,0.24288014768687663,-0.02310091150316073,-0.009278877081587264,0.2738095238095238,203.74481046605882,1.0
6.747563,56,402.956992,0.2928823113276056,0.09752461445084602,0.08360584150723155,0.23083619985959433,-0.0682899518966502,-0.019136416261272337,0.29910714285714274,206.76339357927168,1.0
0.506045,48,403.098063,0.29774064427737396,0.13552802725174828,0.08075127432380148,0.22462939405519666,0.10094541700821201,0.05772198658747402,0.35937500000000006,205.32939531974594,1.0
10.406623,62,403.253725,0.3053931311922092,0.048848613686869866,0.07343738629803857,0.2161187662167809,0.019103541870725212,0.0554032337360796,0.2768817204301075,201.14887234364434,1.0
8.632183,59,403.392209,0.29354240017789834,0.08458386372333926,0.09700221156914936,0.23252952394187898,-0.06037160505209095,-0.014918946581415994,0.2768361581920904,202.31400204365715,1.0
3.217801,50,403.508549,0.2821484355239085,0.11792518726835381,0.112820812670504,0.24739057427391717,0.07939756900208415,0.08104140908457862,0.3083333333333335,204.90763103077956,1.0
8.702447,49,403.623193,0.27163960735018794,0.03796294073742437,0.08412979502184088,0.2656790692161199,0.008494268807995958,0.026974604657365828,0.2772108843537415,208.9056988011661,1.0
6.010975,54,403.778918,0.28878474534160076,0.10275896144948887,0.078557239429968,0.23729686784287715,-0.07395172129725355,-0.021322247240041996,0.2854938271604938,202.42752001208515,1.0
11.594694,68,403.944724,0.3161856739199185,0.03304062453550528,0.06723929725858255,0.20519011951401114,-0.022355970034538097,0.0038197124213559365,0.2647058823529412,201.0805823022528,1.0
2.218485,57,404.084912,0.3027462380109569,0.1308864112712914,0.11818417856249407,0.21728882483608963,0.08421789876171386,0.09436162415091368,0.2953216374269005,212.74086932191736,1.0
8.124341,52,404.212394,0.2826797139050493,0.060922681710883955,0.07154754480794168,0.2485699988416716,0.030128866592164308,0.04088588535053357,0.266025641025641,197.85992539917652,1.0
1.437313,58,404.381725,0.30512012682123196,0.15382991090257958,0.10101629024300308,0.2146333857191578,-0.1051522386229199,-0.04630492022171067,0.3074712643678162,200.27580580793148,1.0
7.482883,53,404.505266,0.28220810756451936,0.09208930404162366,0.09499611709366498,0.2514499470294765,-0.06591626911399191,-0.02571307417405461,0.31289308176100633,207.71088245079176,1.0
9.651155,52,404.622589,0.28236518649302145,0.02805012710053749,0.0692664930799724,0.24763588971709913,-0.013726974597197072,-0.004636974228233206,0.25641025641025633,198.63267784889652,1.0
10.901294,53,404.746075,0.2779887866851659,0.03995330152968955,0.06306294057901543,0.25638283611171314,-0.02846601260772498,-0.011112419954201088,0.27044025157232704,199.94638466464488,1.0
2.959848,52,404.864733,0.28913148824594787,0.13174993287642145,0.09787767146742252,0.23652096028205732,-0.09700471825323305,-0.02087795430297336,0.29006410256410253,197.34446253902112,1.0
4.234015,52,405.010597,0.2882491490242229,0.11549389591029838,0.09496871013716314,0.2384005515938785,-0.08550384097221678,-0.03067412759473221,0.28525641025641024,201.6828712936703,1.0
10.426819,57,405.147271,0.28612024745419734,0.047045424723450094,0.09245895236026237,0.2425307811995547,0.02038875388524349,0.019509675475518524,0.2719298245614035,205.87493292653323,1.0
10.398969,58,405.288038,0.2986196965109859,0.025670051543092567,0.05837716832999499,0.22453933546439914,-0.009924936046299682,0.008573890905844032,0.2686781609195403,199.59817837260653,1.0
10.535109,55,405.423257,0.2840032677964861,0.035715046444945116,0.08369226918790287,0.2473440562269911,0.011523381074738706,0.0464969108970565,0.26969696969696966,208.70981813294634,1.0
8.832618,56,405.587867,0.283612156796381,0.07855654030128609,0.10463233197982237,0.24719142362724883,-0.056497012467064504,-0.03137393216150965,0.2872023809523809,202.86314698164125,1.0
10.628803,57,405.725648,0.2921705154668305,0.027217458441036225,0.07410953983318504,0.23599579329410197,-0.017637688062918027,-0.009990221638821562,0.2573099415204678,200.38624939067984,1.0
11.479565,61,405.877662,0.2995740262846296,0.03485654197812897,0.08219414656475568,0.2246904277284008,0.009657463692996271,0.03992305286316527,0.24590163934426224,197.0841602492533,1.0
9.973758,62,406.028076,0.2996370390165106,0.06449629110628137,0.08351765087293157,0.22418210336711256,0.03149925871636993,0.05012618951522598,0.24059139784946237,202.19932298110018,1.0
9.52292,68,406.194756,0.31645474086402325,0.07483940611961333,0.08379414876070934,0.20373220430962427,0.036395083595468336,0.059825842581962295,0.23651960784313725,201.11495096052388,1.0
7.704678,57,406.373295,0.2959604627622832,0.07922280554688635,0.0918492076145016,0.2272018964692128,-0.059920685220800914,-0.03374450605931612,0.2587719298245615,203.15227835738233,1.0
9.846665,53,406.506511,0.2843629165527307,0.03174033027548295,0.07053830461405641,0.2470435589004437,-0.01097272754079919,0.001623929364944317,0.25628930817610057,202.19638711853236,1.0
9.278145,63,406.657616,0.30891664095581706,0.06836503879612395,0.0721149981415246,0.21079822171641682,-0.048442679368792346,-0.004689674996364325,0.26587301587301587,204.79403984166677,1.0
-5.254897,51,406.788119,0.302119042352516,0.2010550833493139,0.14354207280544043,0.21892781790152463,-0.14250077590069185,-0.06157353140876605,0.3071895424836602,200.54928725498007,1.0
2.959108,52,406.937509,0.28898914078480675,0.12869044565443907,0.10427459380150214,0.23539059267075924,-0.09626767933371959,-0.028004317816864407,0.2884615384615384,205.89348275196073,1.0
5.963799,65,407.0941,0.3148215165065533,0.11088677480077569,0.08903098032398318,0.20189636414881007,0.06735283909959447,0.06264010474317928,0.3243589743589743,205.2265005723142,1.0
12.451902,61,407.251995,0.2936347855046123,0.021421909621452115,0.057195225327122616,0.23366029684720757,-0.009515858950508245,0.011526720809260862,0.2622950819672131,207.23682161375683,1.0
-3.995582,49,407.369427,0.29773531977834816,0.18622318964707,0.13107512709987434,0.22460217165199256,-0.1397730669459056,-0.06220930164612307,0.27551020408163257,201.64147116653442,1.0
7.909858,54,407.502533,0.2833228572154345,0.096241909245422,0.0817938922329863,0.24527785790861778,-0.07058078020601002,-0.0127627501399603,0.2839506172839506,200.0555111476149,1.0
7.29502,58,407.685142,0.2926181650518623,0.09401709001460817,0.11534594530024342,0.23278407653937327,-0.0685763381260318,-0.026415728422957696,0.28879310344827586,205.99071597180077,1.0
11.836991,67,407.853018,0.31366396238806477,0.03592027259722145,0.07780653747295344,0.206574471725802,-0.024897283801175358,0.005006779779148941,0.2599502487562189,202.0012424012741,1.0
-2.246767,53,407.981084,0.30582329451539864,0.1601430858341454,0.13284721875476885,0.21343484579699282,0.10799630804970535,0.11117625134862112,0.2783018867924529,204.9453597368933,1.0
1.946278,53,408.103443,0.29438685525230984,0.14163883528716545,0.09208785533500174,0.2268533200056607,-0.10236084969574959,-0.029820104612266512,0.26572327044025157,200.37055893581484,1.0
10.888423,56,408.269794,0.28642135709110106,0.03187792263006777,0.07249675378630178,0.24377601179087852,0.007103521140042153,0.0384744159228439,0.29464285714285715,203.9238918472723,1.0
2.281297,55,408.40147,0.29970516678676395,0.13979731857876912,0.1014516443309078,0.2227229400319895,-0.09936629199883983,-0.04774874860015511,0.28181818181818186,197.80425670805295,1.0
9.180641,51,408.528152,0.27972925649073405,0.04223637084109667,0.05728679749470979,0.252849444472936,-0.031192364472156814,0.0052158368327576655,0.24836601307189546,202.81802299137937,1.0
7.858362,57,408.661268,0.2964637736158201,0.08384338347560659,0.0779741343077832,0.22708693829733348,-0.05886415076574855,-0.017692413500771383,0.27631578947368424,208.659276896913,1.0
12.762316,63,408.809638,0.3020807668529182,0.026162235704097,0.05058384919292938,0.222774114277838,-0.00033478691567959427,0.028540439441340038,0.2420634920634921,199.32929644499552,1.0
-5.209188,55,408.964248,0.3351827995138012,0.17212171828521583,0.10568452933866054,0.1768867605510582,0.12053127686386943,0.08618768844321101,0.312121212121212,207.75520834485766,1.0
11.188998,55,409.086583,0.28464328187887633,0.026868908209008315,0.07203517003303925,0.24624237814428468,-0.005160873475611336,0.038256481234274144,0.24242424242424246,206.18894330286017,1.0
8.932345,56,409.217894,0.2930712243348139,0.054727479655770433,0.07337305183706573,0.23162369409389907,-0.041886702592230714,0.0017701318289976872,0.23511904761904767,201.81533959535477,1.0
-1.408958,58,409.350217,0.3174145422777835,0.1618557973295941,0.11240456978290395,0.1988909799674949,-0.11120589516541701,-0.049651282630895195,0.2614942528735633,203.30659188518504,1.0
10.099388,54,409.508219,0.28552540592487113,0.03818047996707742,0.06439148580876156,0.24442640581450237,0.006359847454118326,0.02257500538328348,0.24228395061728403,202.36637428781282,1.0
-3.118628,52,409.633294,0.2994066362429405,0.1924109278716958,0.11177219294373746,0.22118776409644678,-0.13994484362329984,-0.03691926927288113,0.2355769230769231,196.78795586848008,1.0
-6.219503,49,409.75068,0.30197852459895197,0.19640677476628318,0.14667133986066735,0.22076356667102495,-0.14402084612036156,-0.07303225866276557,0.3010204081632654,203.3406665158761,1.0
9.236323,51,409.875999,0.27651712030347564,0.050475185139757704,0.06855944068961789,0.2578954129399276,0.020599954374475725,0.029821046697801043,0.2532679738562092,202.6131148743789,1.0
6.151044,56,410.00632,0.2988538254563434,0.09101939856504475,0.09184651802559286,0.22462068539845034,-0.06648345219899729,-0.03499390937754733,0.2633928571428571,204.89058095510927,1.0
8.87368,51,410.153771,0.27695473735604603,0.04731101617719723,0.08241014843315257,0.2561608951596208,0.010235346387709426,0.03277429544490623,0.24673202614379097,206.2235394960139,1.0
-7.125976,53,410.2752,0.3081726878526641,0.22249161266534837,0.1328647726101776,0.21055640035664536,-0.15602459696443818,-0.05400366225753279,0.28616352201257866,201.5920195202204,1.0
11.25189,60,410.417311,0.29909850821491807,0.03375651049484388,0.061457332743252005,0.2248590572801877,0.013199020388669318,0.039265748760405055,0.22361111111111118,199.05094390425702,1.0
5.45582,61,410.563575,0.30909779942910093,0.11344032786563868,0.08415144448519991,0.20834882304040425,-0.07949549291494384,-0.024546689740270775,0.23633879781420764,204.48084012485236,1.0
10.427174,58,410.703207,0.29193162210758894,0.05283236550592042,0.06889224172024595,0.23587909194728424,0.02402585327073588,0.032493666143540635,0.24137931034482768,204.3660805713015,1.0
8.938052,52,410.873093,0.2761703547412028,0.05547994067994761,0.07552961219837695,0.25914367201180255,0.025914967224440314,0.041279079535701084,0.25,208.20139435161616,1.0
1.290031,51,410.996445,0.2927181938815609,0.153706909832287,0.07571467311887936,0.23184076817035842,-0.11219527986052352,-0.037427370819554044,0.26470588235294124,196.89185972391897,1.0
1.760876,55,411.132901,0.3016018415555583,0.1474881622463115,0.09513483026875681,0.22044851190249007,-0.09758100339104624,-0.03245860746694023,0.28181818181818186,204.44437386220991,1.0
8.641956,63,411.291928,0.3084241859175926,0.06703420655117204,0.09492036916487491,0.21123320551934754,0.041013875126914644,0.05975338789064769,0.279100529100529,209.40891803045042,1.0
7.154167,55,411.456759,0.28662333056364303,0.09099780709599113,0.10824949529653564,0.24067879043380663,0.050801463770807326,0.060542596896201444,0.2530303030303031,201.93120811199688,1.0
12.546709,58,411.592587,0.2894776018609414,0.023821515538210415,0.05255550390998562,0.2387555919587239,0.004276784398141026,0.022564503229669075,0.2816091954022988,210.12758644408197,1.0
0.781326,53,411.713613,0.2965844073273445,0.1591371599056337,0.08758896730586581,0.2247656526398428,-0.11299897824602695,-0.017080469974754174,0.2845911949685534,205.97941875548344,1.0
9.141117,56,411.843189,0.2838189960216066,0.07704812263769109,0.08981562990070958,0.24703021775833814,0.04063531155493997,0.05317790210215786,0.25892857142857156,206.62924955455014,1.0
10.02092,54,411.966118,0.27958833802252026,0.06607249426352435,0.07646729659381604,0.2545138778023173,-0.04952041212031828,-0.008457641986159645,0.2669753086419754,207.88969813322308,1.0
1.786807,59,412.145891,0.30528482857511996,0.15529616710128386,0.10111757723744834,0.21491479013716208,-0.10545754033546699,-0.01952857291929986,0.2655367231638418,201.4050518843263,1.0
11.682359,60,412.292869,0.29311948276170324,0.03622428389165503,0.0816873955586422,0.2319843737148896,0.012550301018469079,0.036161787574148646,0.2861111111111111,209.81624805713537,1.0
13.343645,77,412.476834,0.3303861998616595,0.021000955948586905,0.05672849908588811,0.188945596097786,0.002751801831609078,0.03167865690192985,0.237012987012987,203.67681805201394,1.0
8.091264,55,412.608312,0.28414361441087255,0.08941676314738718,0.10000403206695345,0.24856727091718697,-0.06412712189785115,-0.013157662496722447,0.2924242424242424,213.37377358843293,1.0
-0.050619,51,412.754217,0.2963065627389681,0.15239406760203356,0.10145567019604348,0.22563758605621093,-0.10754589247749127,-0.029543388916040754,0.3055555555555556,202.27835423080543,1.0
2.146533,55,412.880783,0.2996982792241202,0.14299851090957522,0.0936407492879946,0.22085607495087906,-0.10101650792272586,-0.016495428208728215,0.25909090909090904,204.38177735768213,1.0
10.781503,58,413.026842,0.2897019209433886,0.05891256458692025,0.05481789263799249,0.2357813070533361,-0.03941475837520517,-0.012867448196458277,0.2988505747126436,213.31816175680493,1.0
12.222729,61,413.182784,0.2921878976201948,0.031752404826958215,0.07890535189790938,0.23455689893363418,-0.01462414252447037,0.02355729676234265,0.25546448087431706,211.62457030909766,1.0
7.822814,57,413.355797,0.28502859509305334,0.1052655344222819,0.1040917355523137,0.24537003016782605,-0.0710006605236529,-0.008572219047667588,0.3040935672514619,214.83338803786745,1.0
3.389641,60,413.497748,0.30133651522698185,0.1468614501775856,0.09987626723504855,0.2194859892140685,-0.10168597733980606,-0.018752736384187913,0.26666666666666655,212.30349645474104,1.0
13.501831,61,413.643544,0.2907068636039207,0.02881775927481391,0.05773292378026712,0.23695837398889694,0.0013588245393804526,0.03231851405892448,0.2691256830601092,211.40078923264744,1.0
-2.273956,50,413.764505,0.30020319428677894,0.18178681871730143,0.0841343506539757,0.22272203061376195,-0.12707673470387007,-0.04382262460170212,0.30000000000000004,205.34767207398585,1.0
-1.982361,45,413.868364,0.28131370016539475,0.17745973918523336,0.10945985466277129,0.25256055097202607,-0.1344450320155795,-0.0415244554792443,0.26296296296296295,205.85081640738585,1.0
3.261238,53,414.028938,0.2893257529739327,0.14040798341331462,0.08743187409843346,0.23425979725982587,-0.10102002008949502,-0.03920206003887725,0.29245283018867924,209.32566616598336,1.0
11.035917,54,414.155999,0.2797787525670744,0.0289620748373828,0.07120949750912597,0.2531200119798992,-0.0033279715566191894,0.032413539667081596,0.3117283950617284,214.08667397315787,1.0
10.653011,56,414.295671,0.29073696562196133,0.04574549728939824,0.04454932905322407,0.23852466381043444,-0.028008866820738113,0.00272933359548838,0.27976190476190477,206.5291976677378,1.0
-6.031053,51,414.415384,0.3048309406764087,0.20781919640392038,0.14131183485609766,0.21484843500578313,-0.14336832167813998,-0.05024288757672344,0.3235294117647059,202.026935985176,1.0
12.106234,55,414.543761,0.27768776750537205,0.031717522656234946,0.08377495462615457,0.2585588346440937,-0.01727272818823289,0.014271389937198259,0.287878787878788,212.49508949332693,1.0
9.420964,50,414.676335,0.27885973596547275,0.028885693275492258,0.0632001045333983,0.254095923168451,-0.012629372523273025,0.006834066523961244,0.29333333333333333,207.77079074080316,1.0
11.368131,59,414.818643,0.28935648830813154,0.0276689176982318,0.09487894874899866,0.23773963392418834,-0.010480823602693048,0.029757267164563048,0.29096045197740117,207.24239213677183,1.0
2.397101,57,414.953907,0.30034282781074667,0.1269690745552418,0.11689563564673712,0.21836544952571094,0.08422974835719281,0.097859350360227,0.30409356725146197,212.68276042588005,1.0
1.808003,48,415.064625,0.29795099167006145,0.10750974944993773,0.08822922749824283,0.2228219822933022,0.0841856947862117,0.05697403951495003,0.3229166666666667,208.2845703100793,1.0
-0.144324,49,415.181238,0.2855541305860591,0.1624424946495976,0.1110554931050203,0.24282590447177757,-0.11726130316309843,-0.03548977283223432,0.3197278911564625,209.18920164442676,1.0
2.614707,55,415.333883,0.30990287983436554,0.11927743251835432,0.07666331251971109,0.20805457256081675,0.08556592983855205,0.06610571278253023,0.3681818181818181,218.79202541467964,1.0
10.662959,54,415.459137,0.28270501136200266,0.031494553334082936,0.06568920529215849,0.24764278655649066,0.013355364449839324,0.032748346059972136,0.324074074074074,210.49370880104573,1.0
7.621633,56,415.601711,0.29010410445924695,0.0844042418921925,0.10648870964453837,0.237033374454702,0.05424238175761946,0.08094130675280786,0.3050595238095237,211.2090164958033,1.0
-0.980732,55,415.734016,0.3063982606248912,0.17029752125029168,0.09739833015204472,0.2109739396782072,-0.11759642676315529,-0.041916563074926076,0.3106060606060605,202.92776823894286,1.0
10.639305,56,415.905935,0.28872772414020625,0.030886651805646533,0.061328122097972886,0.2395061401555976,0.002589827609234201,0.022552018057367666,0.2976190476190476,205.12895546476676,1.0
6.518725,62,416.054533,0.30231916543573034,0.10951771861341522,0.10128505775447641,0.2179500436126281,0.06950507980529491,0.07141053674157691,0.3440860215053763,211.0245291933638,1.0
9.638025,53,416.181006,0.2845496917990005,0.05130500402454912,0.05398056033107801,0.24393925267609298,-0.03544295971995283,-0.01218712872626406,0.3034591194968554,205.9534771608856,1.0
9.292026,59,416.319445,0.29739103927624944,0.07854522382086145,0.07534014335281393,0.22629656567016446,-0.05128204886976007,0.005577813793985298,0.3079096045197741,205.75784908398336,1.0
6.087857,57,416.452826,0.29454576082413975,0.09301090292058072,0.11101774317622341,0.22930756165268787,0.05741413399675899,0.08676768534232086,0.30994152046783635,213.8049599436239,1.0
3.555675,57,416.615196,0.30023592593151394,0.13565998754362965,0.09851266068138763,0.2206241830112319,-0.09409699910144183,-0.025897272466384277,0.3347953216374268,208.16167226026258,1.0
10.400026,53,416.738233,0.2799093978918221,0.03345265637105236,0.07694768221940297,0.25316416754959303,0.0015326605403672767,0.04399951688956233,0.32075471698113206,207.82048328404312,1.0
8.235844,63,416.888623,0.3049483669515336,0.08201272059419407,0.09808638416496128,0.21525523005809516,0.04936487021491208,0.07941416795434528,0.3134920634920635,207.01693635098934,1.0
3.627725,62,417.034554,0.32836508919347507,0.09460984847955213,0.08105857053509517,0.18461339267511065,0.06085821735527377,0.06171735515415995,0.3306451612903227,209.6726334384745,1.0
12.646096,59,417.200126,0.2896986967774029,0.026450842290892954,0.05199545222286627,0.238368707230106,-0.013263853438085442,0.023441659401212248,0.3206214689265536,204.2189462890091,1.0
5.09743,50,417.321935,0.2828074761088847,0.10424635661501852,0.08018357337311094,0.24669525871433623,-0.07733802019030993,-0.03748308767881485,0.30000000000000004,202.88114889779644,1.0
7.604498,61,417.467621,0.30008445999072736,0.08380842734778343,0.10141489078440373,0.2218581573381316,0.049862890311266714,0.08181255611877652,0.2814207650273224,203.86879672264658,1.0
8.910491,51,417.58955,0.2749870771977297,0.06978757367181049,0.07307090783392017,0.26110211550603424,-0.049246026284882255,-0.006078422665436421,0.31045751633986923,209.55060316643306,1.0
11.118543,54,417.716062,0.27856785568079123,0.02937243288964877,0.06449049338518986,0.2550314310696807,-0.0107172512824697,0.024214355040082645,0.2993827160493828,204.20459212795055,1.0
9.612753,62,417.886309,0.2955040793340201,0.07862922800861108,0.09227189107198852,0.22917655086851743,0.0447626325377202,0.07393899042482387,0.3024193548387096,205.34361591692127,1.0
9.410141,51,418.000454,0.28107673959017715,0.03294461917731165,0.050460727466155895,0.25173577038771283,-0.021305319493386737,0.012688114694213663,0.28104575163398704,204.7280895755994,1.0
9.62985,60,418.137199,0.30065478301681225,0.043980877474277084,0.07702083642488357,0.22457984607004872,0.02135684315725245,0.05567800754773877,0.2708333333333332,202.5755481016436,1.0
6.121009,53,418.259658,0.283317361861631,0.09986221995749082,0.09812053128814183,0.2457259575159523,0.061766200577926825,0.07392808199733267,0.30345911949685545,200.94256369250283,1.0
1.533596,62,418.42708,0.31728204073862254,0.15367471600820945,0.08252813145298676,0.19929009794265654,-0.10182701101963468,-0.04001386982860429,0.28629032258064513,197.35399524577184,1.0
2.647915,53,418.549022,0.292943755259285,0.12076892497628848,0.131099842093263,0.23141960350919916,0.0819120242844541,0.09537214502504729,0.29874213836477986,201.8912387178232,1.0
10.834429,58,418.687166,0.2842861458358018,0.05382430300105649,0.0930687644855027,0.24473208809485314,0.026315504453246777,0.05966769025458599,0.2816091954022988,208.04422952341167,1.0
7.873534,53,418.815902,0.2865603860870451,0.09342264686061004,0.05217298347987309,0.24310951817071602,-0.06868589135944124,-0.005235666648798957,0.2877358490566038,202.04134951241758,1.0
7.297879,51,418.937201,0.2811338824716918,0.06878768513391421,0.09047645836590991,0.25100297039188124,0.03537775891862256,0.060645894461173154,0.2973856209150326,200.91230640174305,1.0
8.399225,58,419.112769,0.2928687107273354,0.09662908245864898,0.07417963283595794,0.2325684372016493,-0.06474037098663636,0.007384682926089518,0.31465517241379315,207.16305545495644,1.0
9.790547,58,419.266371,0.2936730897072962,0.07203904339694814,0.05821033821473435,0.23210472158148868,-0.051335757599575677,-0.0018565663249846631,0.2758620689655173,201.5197673839068,1.0
1.613396,59,419.416348,0.32673642187870117,0.12820878064955127,0.08344334226879158,0.18686316549327658,0.08726602542982849,0.07631344506532949,0.35451977401129947,205.96080259534054,1.0
-1.641311,49,419.533657,0.2919436638891384,0.17470301947290057,0.10444525470691442,0.23275325505675964,-0.1259585056238299,-0.03664479521846208,0.32823129251700683,201.04478282362723,1.0
0.729935,46,419.643353,0.28168411696681583,0.14871349222972677,0.08708974721042892,0.2493945672554462,-0.11249902526051153,-0.0221370258316757,0.3097826086956522,204.45974684028914,1.0
-0.580495,59,419.817116,0.3235290999436363,0.1515136972909354,0.09639719414144048,0.18974748009176914,0.10664191359176729,0.08230036120914157,0.36723163841807904,218.68298956095413,1.0
5.245279,52,419.945529,0.28358298495542555,0.11042129706960539,0.10005686111428842,0.24374693722238377,0.0783168432577018,0.0711579469256968,0.33653846153846156,207.10265772087047,1.0
7.060252,52,420.073984,0.27744539231453635,0.08946046244214269,0.09973753342633468,0.2567518285027778,0.0576200234253319,0.06693195822272222,0.3285256410256409,216.36455955032523,1.0
1.202156,49,420.201732,0.29084855379841085,0.12579741352410248,0.11163139381590048,0.2331614425683524,0.09220145947940683,0.09708422089056265,0.3384353741496599,209.98314025056908,1.0
4.041134,55,420.331553,0.28961764081086794,0.11598469352418168,0.1291442983079472,0.2369804270196794,0.07467107941145337,0.10602290740013681,0.32575757575757563,204.69922740644753,1.0
7.773177,53,420.480988,0.283527684312887,0.07497000588181832,0.08170610528426753,0.2455017702379535,0.04574219494051167,0.0610932899555191,0.3223270440251572,208.15532776440165,1.0
1.028962,51,420.603805,0.28774889508801343,0.14185173432049686,0.11609258679040001,0.23799460556452992,0.09807304399032069,0.08924286043318931,0.2990196078431373,209.00720758679373,1.0
9.870174,51,420.722891,0.2754799809786336,0.03253220502569034,0.07287899968587774,0.25981158121446274,-0.019338536162988838,0.02359004083594512,0.29575163398692805,208.08406639635163,1.0
-6.259524,45,420.828775,0.31139471028251664,0.17554815505580282,0.14293539474081926,0.20923520276211194,0.13474089628846783,0.1212507676173761,0.3981481481481481,205.87368955453826,1.0
1.579388,52,420.956916,0.2871759281554833,0.1308865124793136,0.13018558745399333,0.2419148576536591,0.08826090580833104,0.09731641519332322,0.2916666666666666,204.9623869882216,1.0
4.416967,59,421.126133,0.3028840230315528,0.10874860049226433,0.11147928888755845,0.21847019388583805,0.07065497851252707,0.07943138107356257,0.28954802259886986,206.02965365759667,1.0
8.210168,55,421.258677,0.2858124959212109,0.07275636659874767,0.09563770035660601,0.24256586811312683,0.04441160681076531,0.07494907707284694,0.3090909090909089,212.98255221274644,1.0
2.398426,54,421.385681,0.3078898858019167,0.12220647549018852,0.07899923703336693,0.20922590106995834,0.08936217123398565,0.07108507273034359,0.3672839506172838,210.31388203934992,1.0
11.896736,58,421.534255,0.2906136746634952,0.03789199259796202,0.04073137247953939,0.23789041333051075,-0.024508470241772967,0.019406369150668342,0.27298850574712646,206.26535677290556,1.0
-4.72616,44,421.647909,0.3074595428819084,0.16951916428307934,0.10871921473800783,0.21267529345041256,0.12975239820925547,0.10176909054093751,0.3617424242424242,204.7705550108036,1.0
0.380523,52,421.866802,0.3135319676190946,0.12622605394555123,0.07907538879281631,0.2019136187951563,0.09369031394843313,0.06561101993496893,0.3749999999999999,211.41046414637898,1.0
12.659563,58,422.007064,0.2861722729912854,0.02778806828136021,0.05905647509925192,0.24330419791952587,-0.013935361092329958,0.018668179157482877,0.28304597701149425,206.05923398650177,1.0
0.610954,47,422.121826,0.28005679964088487,0.13969576477616075,0.11626052072776177,0.2532831508136025,0.09948867552780001,0.08489574435027776,0.3439716312056738,204.08347687268616,1.0
6.713509,55,422.256095,0.29222920327915697,0.08677969160270696,0.09477927434897555,0.23109941333959796,0.06261758305398671,0.07331249851749014,0.3333333333333333,215.85893396207794,1.0
7.587826,56,422.420392,0.2827897445257834,0.09190650108696764,0.11262247801060873,0.2459254444381198,0.055217900135657576,0.07668571550097923,0.32440476190476186,219.7845241433244,1.0
3.326306,52,422.546425,0.29080450566214333,0.12794641875782778,0.09628382968529228,0.23313386266866926,-0.09263646091778328,-0.04150893629050444,0.2964743589743589,204.55873325691897,1.0
7.474614,50,422.667769,0.2765092635068634,0.0870537266658523,0.07411258167267994,0.25700447316327657,-0.06199077330647856,-0.018995238765766018,0.3083333333333333,205.10815340936898,1.0
5.384792,58,422.810781,0.30282776839693165,0.11641914260284844,0.07323016663857944,0.21791632750894044,-0.07707489774392814,-0.030406781316534594,0.3031609195402298,203.02868879625646,1.0
6.668575,46,422.923044,0.26751530567997633,0.08986927567406407,0.06130684447879098,0.27847147545633943,-0.06510022688086699,-0.0076525165107187865,0.2971014492753623,214.11727740259047,1.0
6.092972,56,423.077303,0.28849347564344324,0.09659029587352191,0.12391345094246661,0.23994751581725773,0.05783958542764637,0.09779815625468381,0.27083333333333337,202.32813992491097,1.0
4.851917,52,423.206479,0.2874292936791177,0.12024285226172401,0.07496694472726691,0.23805250534373348,-0.088221453020009,-0.01952219284907993,0.27243589743589747,205.81661848897846,1.0
9.676794,52,423.331851,0.27997101223293136,0.031555773667433326,0.05463394403683375,0.2515778378180377,-0.016562394783811257,0.03557008811236047,0.2644230769230769,204.7748697308105,1.0
6.468012,60,423.48184,0.2981171383187265,0.09139036146448533,0.1222779421128603,0.2239238522370078,0.05740503169857439,0.08928745031524855,0.26388888888888895,208.31551929676579,1.0
10.396092,53,423.614517,0.27918665885091803,0.03400439680401147,0.06591341713043981,0.2550339519283565,0.008220657220527295,0.03935829191726601,0.26415094339622636,199.8711990541467,1.0
9.407893,56,423.776182,0.2919765209676826,0.06612303029746465,0.06331430574455084,0.23475950088272163,-0.047890614579207555,-0.006554800803561747,0.27380952380952384,203.02706149468597,1.0
5.99219,54,423.905935,0.2926498737707862,0.1062274439130431,0.06690984964220281,0.23407272271124405,-0.07228848488722363,-0.02351518263682932,0.30401234567901236,211.3111946602472,1.0
9.355344,52,424.037642,0.2732824157765254,0.05511301290996077,0.10015811877869969,0.2626750450162657,0.023264769306146422,0.06110413651419132,0.2564102564102565,207.7241132660186,1.0
5.182537,60,424.18282,0.30823685694271735,0.11649479160624555,0.08033565704476259,0.21095925703879523,-0.07979074900644258,-0.021412010125938446,0.2569444444444445,203.50638579364596,1.0
6.968191,58,424.351437,0.29854727704063294,0.09165087573483682,0.07435404914812231,0.22278533842932957,-0.06692440323430245,-0.0022548334317780403,0.26867816091954017,210.1273377493168,1.0
3.389214,58,424.499937,0.30130735796092084,0.14184885548350235,0.07970837707155312,0.2190371776768868,-0.09747152940305229,-0.0245778211418748,0.2658045977011493,198.96549091198878,1.0
12.213237,60,424.646998,0.29401632608741635,0.03245480797351464,0.06250418836534041,0.23279763267414405,0.01069399655920321,0.04425578497534981,0.24166666666666675,203.20713141203066,1.0
11.723763,59,424.793784,0.29290432917683384,0.021924116318270646,0.055614972537610045,0.2338748806996158,-0.0034792616138418133,0.03677882108995319,0.2401129943502825,200.77746039546074,1.0
3.463837,54,424.929079,0.2929744788032326,0.11480507420279347,0.1153983115227961,0.23343585063919378,0.07597154273240402,0.0834576628008275,0.25308641975308643,205.21952517278172,1.0
9.627991,52,425.079209,0.28287579140768226,0.030334438123808084,0.06815535459293913,0.24818633377943364,-0.020343026485066504,0.012296802794668528,0.24519230769230774,198.2433171376082,1.0
8.476983,56,425.211108,0.29427479533071615,0.07538810095466121,0.04475846519043118,0.2340537067339416,-0.053474179096101145,-0.0031301461840825516,0.2470238095238095,200.5730936596822,1.0
-0.101793,56,425.34326,0.3053272956886595,0.1641080406815252,0.09322530394158023,0.21486352870438932,-0.11324898251011987,-0.04675856508693316,0.2559523809523811,202.95737084677947,1.0
11.052238,59,425.4774,0.2976748713573089,0.022316296769442204,0.057416767808572064,0.2259987053989888,-0.005369330380050886,0.021576427993347545,0.2641242937853107,203.6410858950118,1.0
10.212094,54,425.601846,0.2852184918452331,0.03451526444524134,0.06329087762823705,0.24285304365185606,-0.02017681334301448,0.010935113901198239,0.2561728395061728,202.05038383202515,1.0
8.073923,57,425.755553,0.29213572489468137,0.09426035223481907,0.0642219673074168,0.23463700445940663,-0.06561198386227374,-0.022201879701556126,0.25000000000000006,204.71472950759306,1.0
1.277994,59,425.900299,0.312207043786826,0.1549903543045927,0.10782147660996826,0.207062056135932,-0.10424387878293888,-0.04160378722612474,0.25564971751412424,199.00465667655448,1.0
8.237238,50,426.023704,0.2788138334919139,0.03833765976899159,0.08538935216291693,0.2566001765936513,0.01888702443974742,0.049118392981201645,0.2699999999999999,204.50459274978778,1.0
11.867859,63,426.179361,0.3035281455934281,0.04549566156282151,0.04684663489857279,0.21866756535200438,-0.03141629207608021,0.005568284043661793,0.24867724867724875,202.64338658113158,1.0
10.97976,57,426.333532,0.2875090924380783,0.027851043988248766,0.06705461281947835,0.24244025921173462,0.006145028024480616,0.03868416854972557,0.21198830409356725,202.29459171991672,1.0
11.791192,62,426.47752,0.2936756255923335,0.05872538261658749,0.07498780642016134,0.2323125147136037,-0.040288543393054016,0.01992851366779598,0.22715053763440868,207.22390352425242,1.0
3.239384,54,426.611003,0.29034372463181124,0.1415557554697766,0.0913932647191677,0.23463157546688032,-0.10151051090096751,-0.04025632091789504,0.22222222222222218,199.61641625195432,1.0
1.245725,54,426.737963,0.29865928450427426,0.15371722212113004,0.09702185914583161,0.22267859441214666,-0.11075434250813108,-0.0434136429538702,0.22530864197530873,203.59546171604399,1.0
-1.546703,52,426.877069,0.297429877242896,0.1797742753597634,0.08894971526158216,0.22465123156299155,-0.12905358114241178,-0.0486867776083082,0.2532051282051282,195.95235108241693,1.0
5.847737,51,427.08934,0.28810055847050753,0.09581752498806834,0.06135855368533036,0.23760460611650075,-0.0735470515086575,-0.026950014263651907,0.2173202614379085,197.18546388114584,1.0
9.740599,58,427.259886,0.29536495021901604,0.0653509506199143,0.05241352254953729,0.22779425614556087,-0.04848053163137344,-0.009731063502504703,0.21695402298850594,206.20218221707637,1.0
12.065174,62,427.412758,0.2966092138894196,0.02816881641235348,0.08121504818184024,0.23067040716170253,-0.013753026277875816,0.0494900432761272,0.1881720430107527,206.45235179094465,1.0
-5.6446,49,427.537921,0.30293477335737956,0.20439771561261635,0.10685704315365174,0.21810050551651028,-0.15463483306210013,-0.054342091418609864,0.24489795918367344,203.4617853029401,1.0
0.270077,58,427.695211,0.3134913188036043,0.1595898340383513,0.0785696071620628,0.20313416780895838,-0.10777532432255311,-0.03521808482748492,0.23706896551724138,199.69619889917251,1.0
4.683085,61,427.839295,0.31477912169927785,0.11431806584435306,0.053876062080058844,0.20207828065541936,-0.08152727224255378,-0.0040357678096227,0.1693989071038252,195.36274012355813,1.0
5.396646,58,427.977287,0.3035609223615172,0.11564961374632987,0.05654500006185912,0.21935141081634735,-0.08167887683762266,0.0007337945198190243,0.20258620689655182,201.94215345933756,1.0
11.922067,61,428.118173,0.29804847279789654,0.02654782317177928,0.06328544253960061,0.22775086339472844,-0.005084784606715493,0.032122912143647306,0.18169398907103834,202.07664982333756,1.0
10.821488,59,428.261321,0.29374564267014097,0.05737714962236053,0.06081276990961216,0.2319520419976418,-0.04053169780131601,0.008531602400608369,0.20197740112994356,202.73828507815585,1.0
2.525832,76,428.458227,0.34447529521834175,0.12322162016034997,0.09791179279619336,0.1685777125402562,0.07411520876351223,0.06923294767352994,0.1798245614035089,197.814121142501,1.0
6.664311,56,428.593443,0.29407172511311985,0.10489209196945563,0.06947760450143688,0.2300864558709966,-0.07571056175305954,-0.0011719209947193539,0.23958333333333334,206.53060973436786,1.0
-4.603084,54,428.718861,0.32012974892167645,0.18432545892496568,0.09916927995056372,0.1930244402973121,-0.13342014979734407,-0.06601944356208654,0.1929012345679012,192.32606549575917,1.0
7.606345,58,428.856708,0.2977712528297063,0.09481952200098138,0.05412755930409879,0.22612307604648613,-0.06935507582987037,-0.010338701759348907,0.18390804597701163,205.34683967985168,1.0
3.491236,58,429.452542,0.302845197268496,0.13670360892537436,0.08255258636022851,0.2171129071267167,-0.09811502929160873,-0.02126424348804136,0.19827586206896555,203.5821810266553,1.0
-7.435401,60,429.60162,0.341381227382973,0.2081918237569064,0.09646152801843556,0.16976424866917134,-0.14414009575753603,-0.052632652010584396,0.19444444444444434,196.64265811889084,1.0
-1.551828,52,429.735965,0.3050180758655565,0.1753375826293357,0.08785429795711094,0.2156807049514288,-0.1304421193562859,-0.0529229643252677,0.20673076923076916,194.19576435418625,1.0
-3.205991,58,429.876105,0.31912082967390354,0.18980271061580842,0.10307365194810507,0.1975681234714495,-0.133756947205725,-0.05020957001432751,0.19971264367816105,206.43633454561012,1.0
5.026986,65,430.102047,0.3172744556903252,0.09824930002823572,0.10262358807218326,0.20227669741286952,0.059148330777418316,0.07620833846133288,0.16666666666666669,203.74261826269776,1.0
3.10745,55,430.232673,0.29849828597460576,0.13633393635291924,0.06474266528385407,0.22232340513253634,-0.1009442966893615,-0.030201054352434552,0.20606060606060614,206.31303637609082,1.0
3.192788,56,430.365875,0.3032553896437233,0.12621412655544917,0.08079578469183311,0.21752056835313657,-0.09435767207449862,-0.033514192404682765,0.1622023809523809,197.0726233610329,1.0
-4.89464,59,430.510859,0.3321453371205123,0.20110870816103546,0.07890142420868085,0.18107270884903365,-0.1376627549198789,-0.034984726631345726,0.21751412429378528,201.43386981875838,1.0
10.211914,64,430.741075,0.3056912653573321,0.0797526424036914,0.055616831735283916,0.2167662576173467,-0.05659936652961416,-0.013042203346716309,0.1848958333333334,203.05468600263856,1.0
5.506418,64,430.898041,0.31800255177709175,0.11460799742523603,0.056551521835565645,0.20072680948177218,-0.07838774662749329,-0.00035925054938205133,0.16015625000000003,199.9263216524253,1.0
9.7893,52,431.027392,0.27699014799789345,0.05714497226692303,0.05365829004922782,0.2580109606193862,-0.043486684407968476,-0.01029685912749334,0.1714743589743591,203.60466371886454,1.0
2.063886,59,431.171018,0.3173983074296624,0.13941173674825164,0.06154217949754772,0.19905524416863563,-0.0989378058222277,-0.028089525083371612,0.2062146892655367,196.275885282022,1.0
-4.23494,52,431.297029,0.30909375330668604,0.19596667922768823,0.08032182069981252,0.21068685913770951,-0.14416287928187047,-0.04186116658597349,0.23076923076923084,203.57423892102628,1.0
-2.030952,60,431.459687,0.3263383325563637,0.1688543968850887,0.08340150654436146,0.18741265612920735,-0.11991663698299457,-0.05223500277599282,0.16666666666666669,198.12806546496753,1.0
3.162899,53,431.587569,0.2945549112308335,0.13352290384918838,0.06039083329266738,0.22863218621101705,-0.10146132680115992,-0.013180837915357735,0.1871069182389938,208.7833308841869,1.0
-3.005431,54,431.711967,0.3062928374317425,0.1866898937514659,0.10051093509490946,0.21388695385347992,-0.1341940216061729,-0.06233207324030618,0.17438271604938274,201.02321278351312,1.0
-8.18351,64,431.867684,0.3505141212043646,0.2035169806993455,0.1243859807338157,0.16216485435235922,-0.13589771907405976,-0.08109492571323436,0.16145833333333331,195.66952972523922,1.0
-5.357898,56,432.041336,0.32309879262477054,0.20540562776642163,0.08935020148289352,0.19146134146465107,-0.14479023249890632,-0.04777306883346226,0.19940476190476192,198.79882799729623,1.0
10.500952,61,432.197197,0.30273675468411315,0.02055164022489786,0.06570407945981048,0.22245576069157932,-0.007406501723772019,0.026866379208630036,0.1557377049180328,200.55928633590287,1.0
-2.014867,53,432.329173,0.30551896385815547,0.1538263068650404,0.13038872189100836,0.21371689700507565,0.10175752554752364,0.07955385707731015,0.17138364779874218,194.56501575098758,1.0
0.862095,54,432.459072,0.30386605886470286,0.15021706487397427,0.09216614229355939,0.2169635210219543,-0.10924761939161477,-0.06404017544115363,0.19598765432098772,201.85760306763987,1.0
5.192775,58,432.597664,0.29820397686565914,0.12639653287602715,0.06820524659372137,0.22466210144686244,-0.08794898163200746,-0.03180462206268002,0.1982758620689656,202.10518259343928,1.0
-8.855975,59,432.756929,0.34216696759466025,0.21491700052239096,0.10085943932877821,0.16969980587953334,-0.15113108933311345,-0.06769796581219661,0.1652542372881356,192.75100342748223,1.0
9.944879,59,432.898705,0.2982609302259231,0.05416038730547944,0.052066293657333056,0.22686407470045775,-0.039769112440037745,0.01479447823467898,0.17090395480226,201.62212926010523,1.0
-1.014551,59,433.044697,0.3220503239457289,0.1633134092520418,0.07321827542609297,0.19260248120599965,-0.11626362679691114,-0.030657174687780203,0.16666666666666674,197.93375466065305,1.0
10.950338,71,433.216529,0.3223269859923979,0.05042761309972192,0.07686695055656845,0.1988446325421003,0.02313236738796653,0.05230198965241679,0.14553990610328646,201.54627788154022,1.0
10.611043,56,433.370292,0.2854894676419847,0.04533881485642805,0.05792001242840088,0.24611567071704257,-0.03273954607508481,0.023910058800887563,0.2008928571428573,207.2579848136057,1.0
-9.8488,50,433.485022,0.324784850587541,0.2280133255154586,0.11221181079269649,0.18899179431936466,-0.16769911003683677,-0.0747089383789187,0.19166666666666668,193.07239696915062,1.0
4.518446,53,433.611495,0.28596393247201507,0.1275341013349748,0.06374842199142544,0.24125996344649325,-0.09210691510751365,-0.01765856454565688,0.19339622641509438,205.50859925838816,1.0
8.828509,58,433.739635,0.298127398261854,0.06812598821570835,0.059143532673104245,0.22567179964118128,-0.05018729515864468,0.007302208943456437,0.1609195402298851,202.87919684552395,1.0
10.794982,56,433.86584,0.28526264718805483,0.04933238436129807,0.05614674949816519,0.24656936490547188,-0.03661748271337743,0.012337097464829444,0.18154761904761904,203.59220554239988,1.0
4.810514,56,434.024893,0.29420675580503375,0.10339318900805916,0.11188561493965679,0.23187606664447746,0.06321606778685335,0.08864545333164729,0.19196428571428578,200.43990516633707,1.0
3.507327,55,434.160705,0.3000872427292052,0.1311776267086787,0.0664097351909731,0.2225322192924366,-0.09456747826869304,-0.023009997679011088,0.21818181818181823,194.38948025372375,1.0
1.708051,52,434.28903,0.2933767110304754,0.14996547906477242,0.08022272716054347,0.22908312202422804,-0.11112216984586465,-0.03965149994367734,0.22275641025641027,196.31045012883592,1.0
-2.608538,55,434.421155,0.3233035226732923,0.15505880473394576,0.10472167064291137,0.19054836743199652,0.11058973978967383,0.08893441245602549,0.2621212121212121,212.03662860669337,1.0
10.816657,59,434.638945,0.3002055024826088,0.03708683950081595,0.05344902434888814,0.2258060412499436,-0.024115417208062997,0.010262040299829724,0.18361581920903966,197.57317048225084,1.0
10.716281,60,434.780995,0.2965115480060557,0.03189260953866858,0.08217430618858151,0.2300796078010474,0.011121954180084678,0.05692276499564406,0.2000000000000001,205.0850544960375,1.0
3.703716,55,434.912705,0.3033459689936586,0.12069498408161226,0.05826083341961237,0.21685088121123128,-0.0881585785394534,-0.013117055763319327,0.19090909090909092,197.9308762552462,1.0
8.56749,60,435.054931,0.3020248737584924,0.07436841479055456,0.0634431629935933,0.2199543999246742,-0.053190670341691594,-0.015881774505464363,0.19861111111111118,200.11087328421442,1.0
5.731172,55,435.184423,0.2920551102439369,0.09445714148846035,0.10407223954594728,0.23507666913485936,0.05747184834348095,0.074446337739507,0.1924242424242425,199.9184280485829,1.0
9.324256,54,435.363673,0.28851411602929355,0.03351097400462566,0.06981080178642368,0.24154904816773065,-0.023190927963986346,0.027964923428291287,0.1867283950617285,201.56090885875145,1.0
6.693009,53,435.492055,0.2881392977374975,0.10136875891061281,0.050824612424703354,0.24051514472451227,-0.07756346710892884,-0.00993188723117562,0.20283018867924538,204.87151397192795,1.0
10.358203,54,435.620685,0.28408307728783905,0.026230302558806432,0.06076636166222011,0.252374023691389,-0.015109331437285175,0.024553243259852846,0.1929012345679013,204.96593856316773,1.0
4.092174,51,435.739495,0.27989565161118346,0.11105198158863866,0.12264351219927991,0.25331736586264864,0.07073031784563026,0.08700697075193946,0.19281045751633996,202.69585197619008,1.0
10.365596,61,435.890881,0.3049078052099172,0.0416912988137381,0.05067839537111915,0.21740719593526217,-0.027733416137569213,0.015042211452196433,0.1994535519125684,199.3177339155497,1.0
6.771133,50,436.067019,0.2771208719571973,0.062210236463950755,0.108254764591544,0.25710790661496497,0.0361820759066758,0.07004327731927255,0.21166666666666678,202.56690012225306,1.0
6.092473,55,436.201833,0.2915901867504151,0.08986466689425873,0.09750574493912259,0.2352571647599423,0.05520443994573664,0.06769294528240273,0.2090909090909092,200.8873341201161,1.0
9.838313,58,436.338302,0.28915005636766067,0.05597840604249152,0.09073130485664309,0.24250609289567848,0.032465150703265874,0.0460018055562076,0.22413793103448276,205.10137249001104,1.0
11.481694,59,436.474678,0.2929010211999957,0.022237646754418403,0.07285553862137106,0.2346511140342571,0.0009848400487461931,0.022983468545112594,0.21468926553672327,204.6807358456089,1.0
6.079646,56,436.628227,0.2977376890418949,0.10683812995156633,0.05571401806392088,0.22543851026975048,-0.07370936415844691,-0.012579352869390579,0.22470238095238107,203.17519668425697,1.0
10.88948,58,436.764035,0.28420619048362605,0.054841241183322384,0.09036141629347089,0.2468008694612254,0.029432751340979283,0.07736895487919662,0.228448275862069,208.2048256833172,1.0
11.789632,62,436.913565,0.29871103100103974,0.032262733845293635,0.06345537985261532,0.22725198714232214,0.011002654428892781,0.04848709516072183,0.2311827956989247,201.1942587052666,1.0
9.43313,56,437.049264,0.2950267107819565,0.04994152235571109,0.06538195283727431,0.23084886114631326,-0.03736119499158614,0.00834328253253202,0.21130952380952392,196.7318577101862,1.0
9.274475,56,437.188241,0.2832736022855662,0.06577455269126657,0.09400426222976178,0.24662336306340676,0.03670417565715945,0.06909195529832202,0.24107142857142863,209.18975060972252,1.0
9.410714,59,437.360138,0.29421294351870153,0.06803812559737951,0.07879217860454965,0.23403977790646033,0.041558451770501034,0.05206940875935077,0.20903954802259883,199.38330697550015,1.0
3.869818,55,437.494756,0.3000820663804421,0.1306163137674341,0.07733102363707473,0.22298273733981192,-0.09307843182058517,-0.029430289004385175,0.21666666666666673,200.1549272938045,1.0
8.875971,56,437.637897,0.29072038972083797,0.05600257330084215,0.08863593077035925,0.238757812982317,0.028826460413192947,0.047509879992318246,0.2157738095238096,198.45070760153916,1.0
10.236824,67,437.791137,0.3085468967222418,0.05895178279320109,0.09300259593692962,0.2155495117969671,0.030517316143418245,0.07230829752445511,0.2089552238805971,204.59684868104614,1.0
10.111202,52,437.947377,0.27840121331606044,0.03336893763280654,0.05555589830218341,0.257480285864554,-0.024479821330476683,0.023199309221002516,0.21474358974358973,200.12037814486908,1.0
4.455297,58,438.087076,0.3102877205392723,0.11556924768082824,0.05491706307210612,0.20726725741221513,-0.08357487244166725,-0.010474725228258404,0.18821839080459776,197.51309079214204,1.0
11.811888,60,438.237011,0.2915703616873466,0.04972766627699923,0.05876933119032378,0.23656303755239871,-0.03358928694204579,0.01759529249946052,0.2166666666666667,205.30153260678824,1.0
9.113747,52,438.363635,0.2873074050736797,0.0321359945629494,0.04843288701417608,0.24096020388668635,-0.018258993986727774,0.034676824216158364,0.17628205128205135,194.02345964295014,1.0
9.167835,57,438.498648,0.2936770689654952,0.04096105380471579,0.08394847280514701,0.23493290376158785,0.016663672244805014,0.05882976255462192,0.22368421052631585,201.9797411580366,1.0
10.178978,55,438.654988,0.2882909959208894,0.023415219837075302,0.08135793686528901,0.24053305914116288,-0.002284820284379782,0.06015661638321681,0.21060606060606066,196.68921223068836,1.0
6.44829,55,438.789919,0.29215228330053106,0.0731716330012249,0.10715719138700056,0.23586752733428282,0.044343756701838336,0.0668308196404456,0.20757575757575772,198.22585284232207,1.0
11.175079,55,438.930004,0.28723790146836586,0.024492827052541754,0.04971398333730179,0.2483823151989569,-0.014346977517792467,0.03183565666720677,0.23484848484848495,198.17125329614706,1.0
-0.308556,51,439.055773,0.2917245715253872,0.13941775848961158,0.13999359795658725,0.23411643553908457,0.0938913407104376,0.09887209986600465,0.23366013071895433,201.41750182761044,1.0
12.672637,63,439.232925,0.299192727809731,0.023256348010201343,0.07915470686140705,0.2277176472247396,0.000919913793486642,0.05949105984316712,0.2222222222222223,197.99094199562276,1.0
7.752821,51,439.357078,0.2781493708514293,0.0473993581807592,0.0984167111501435,0.2560127717620435,0.01824322401544919,0.07064409443292641,0.21568627450980402,198.3506032980726,1.0
0.143475,52,439.481745,0.29769769696910636,0.12781876509518714,0.13997648628659845,0.22509855278911967,0.08580217893460951,0.10275904823886138,0.21153846153846165,194.57102572223025,1.0
-0.535699,53,439.608342,0.2967503627199691,0.14901250575852742,0.12161158039198747,0.2259432936463271,0.0960959850552891,0.09277495111478681,0.21226415094339623,197.1069599760724,1.0
9.266856,57,439.748378,0.2976163919534423,0.03546393781034336,0.06493037548063584,0.22660760491750373,-0.02469503604127239,0.016749622144614118,0.20760233918128662,196.25311447928047,1.0
6.507679,52,439.900664,0.2863304795290167,0.07366523886035947,0.09713831023309082,0.24592930811800706,0.047677660218799,0.06401294490963459,0.19391025641025644,191.69112477150424,1.0
7.146654,51,440.03254,0.2764102121849055,0.07661718783217192,0.11238864723059094,0.26151644755677417,0.04359190849953348,0.07885420424309085,0.24346405228758164,200.51169680243905,1.0
9.747546,53,440.158895,0.282469702853059,0.06124394182850398,0.05695227177251467,0.24685358211521022,-0.045450968595459405,0.0073046898580309055,0.23584905660377342,197.81069056655974,1.0
11.318345,57,440.302938,0.29268874488863966,0.028572657248496294,0.04821974845868569,0.23570754651470133,-0.014777444234150209,0.020507992041887763,0.21491228070175433,194.83773525451147,1.0
7.805307,54,440.434439,0.285524039042597,0.05539926077179718,0.10324287972883088,0.24825964778884357,0.029427343669768628,0.05420897462188924,0.19135802469135807,197.8022885336377,1.0
8.016059,55,440.599041,0.2948256680401823,0.06033352233297972,0.056617431507336904,0.22882518655298886,-0.044822873819460325,0.011675233863098461,0.25606060606060616,199.87142099111017,1.0
6.119533,51,440.72673,0.28079569182666386,0.09566193895960931,0.07422867489627306,0.24976430334105715,-0.07284755071745842,-0.02212801643547998,0.2352941176470588,199.89467924737787,1.0
6.22963,51,440.857243,0.28180161294108436,0.10231953703557016,0.05245581851371311,0.2502741499611907,-0.07575751338387035,-0.0013322600237856653,0.23692810457516328,203.15599236466457,1.0
10.736337,54,440.995503,0.2826332518191885,0.02980885122334361,0.06162244908372382,0.24671380973817603,-0.017329345206617427,0.0030432191530841398,0.22222222222222235,199.40604338640694,1.0
9.052803,52,441.122995,0.28593285987967454,0.029114813670838846,0.05551224971270532,0.24239005341798134,-0.007411765533244694,0.026572745537878566,0.2307692307692308,195.8034414292359,1.0
11.185569,60,441.296726,0.2991086400347535,0.03887011630485649,0.049249542356784026,0.2246305638026147,-0.026425206620109887,0.019968645721370012,0.21944444444444441,197.2385237160083,1.0
0.181522,53,441.429542,0.3025406634312819,0.16006961049534343,0.0663231189628865,0.21851321110356794,-0.11428586355041526,-0.013298414125976472,0.22484276729559757,194.90490190607997,1.0
7.587883,55,441.564884,0.29336183034495833,0.05401869276364877,0.09511001467346898,0.2344298013152615,0.03235132574006426,0.05367692008993814,0.20454545454545456,193.4071632919291,1.0
3.875362,52,441.696514,0.2899131624460468,0.13172036044919694,0.06360398492032177,0.23537228242456898,-0.09723155706907985,-0.014839820301287708,0.24999999999999986,201.55164607797224,1.0
4.540595,53,441.855513,0.2922058981148215,0.11963345392210047,0.06211307989204604,0.23188459118227026,-0.08702294654401697,-0.014970202057048921,0.2279874213836478,201.6851416076697,1.0
9.75811,61,442.006354,0.30797440813168064,0.03869482888037777,0.05432870857244421,0.2137683874450481,-0.027657713784779343,0.03177498419096608,0.2240437158469946,195.76643108776494,1.0
8.937755,52,442.136021,0.2829332287492496,0.04769595668341643,0.05423439817722648,0.24794572493623143,-0.032470181161017235,0.01683835320783086,0.22756410256410262,200.20795490245322,1.0
4.67579,63,442.288848,0.3165603478158167,0.11905582969554325,0.06769461796704687,0.20221179187095797,-0.08314643711965017,-0.007103959026434671,0.2301587301587301,195.77429341143807,1.0
7.840313,55,442.415735,0.2951795376322737,0.0696982062774391,0.06191953483031807,0.22936503555124013,-0.05022700305225744,0.006358412181181899,0.20909090909090913,197.1583941812789,1.0
-0.768112,50,442.573009,0.30115947570373935,0.15575109899927356,0.0910913485406321,0.21829873157774887,-0.11941876922461298,-0.0398087156219251,0.23000000000000004,196.27068837711136,1.0
7.196505,57,442.705607,0.29533972793929286,0.09289314817286705,0.0758629371935287,0.22828734179759558,-0.07038074781655855,-0.02478763738842418,0.2222222222222222,200.0721026830074,1.0
7.901357,56,442.841407,0.29583688352014564,0.08382831531906557,0.06461870540809322,0.22935899956921707,-0.06082974990402105,-0.0220365331012032,0.21428571428571422,191.48139275931263,1.0
8.961851,74,443.022826,0.33999688303558545,0.04690555781853337,0.06523653019769048,0.181285098444043,0.02348269855072221,0.041014500373245416,0.1722972972972973,190.54439444527878,1.0
10.540716,56,443.181808,0.2865488696494738,0.026845314854378965,0.07660560565051706,0.24470890357122363,-0.0015874684265026878,0.04766348179992058,0.21428571428571422,200.45513434114915,1.0
9.541718,58,443.320782,0.29820709734556017,0.06373708138513241,0.05149220298021672,0.22900074970895312,-0.04644260409504939,0.00492398342720856,0.2183908045977012,193.408270430462,1.0
8.480903,56,443.45358,0.29800071019409624,0.02804781203817796,0.08423742685235112,0.22729662035353443,0.003563749226146069,0.058034344036681375,0.19940476190476192,194.785055611197,1.0
2.493589,57,443.58811,0.30423482275556835,0.1409874619559063,0.07488492864618682,0.21642700078432545,-0.09768417531695704,-0.048737622548905915,0.23538011695906433,199.6549735474106,1.0
9.697371,60,443.726489,0.29729492654429285,0.052727778627085956,0.08266572894644736,0.2298214252773225,0.027137036965989115,0.05593494914885475,0.2152777777777778,199.39506440298013,1.0
8.316255,57,443.894141,0.295475091417998,0.08192522197611919,0.05318008299274901,0.229081768007961,-0.06050837125301566,0.006315574870837578,0.22076023391812866,201.17598128058745,1.0
10.00666,61,444.03998,0.30609018158924406,0.04554942183296251,0.05744439041030032,0.2171902267054447,-0.031461724260218836,0.02011296729695055,0.19398907103825144,192.7479699943964,1.0
5.225321,59,444.190596,0.30694941881735016,0.11595800705275247,0.06386919372139069,0.21398633427545138,-0.08311632115044093,-0.03156142680386003,0.22175141242937854,192.92477334281853,1.0
10.327181,60,444.336808,0.3051004347738844,0.046790490154041436,0.0424677882202503,0.21813553063097896,-0.03434647779286446,0.008893998040487017,0.22361111111111112,195.29403923958344,1.0
0.171312,51,444.486559,0.2962258990542794,0.16367761600613673,0.06674722868236409,0.22598331602940552,-0.12190333915878254,-0.028640450642218884,0.2794117647058823,195.40310109865794,1.0
10.976343,61,444.629065,0.30329313096302296,0.020650543259543342,0.06616877900849447,0.22140045431799626,-0.001008469363654103,0.039748436848261626,0.22267759562841527,197.9733284047751,1.0
6.989428,52,444.749558,0.2848663290092807,0.06910155372725522,0.0920026156256641,0.24633552536903375,0.03646985780226157,0.058737919524578755,0.22596153846153846,194.22441927886666,1.0
4.861737,49,444.86654,0.27560697718893595,0.08132461873466894,0.11913392917808296,0.26001368346731674,0.04724008907320032,0.07464698885406215,0.21428571428571425,199.4377713527898,1.0
4.884263,53,444.992396,0.284701732627563,0.09648219601388955,0.11656438575681627,0.24626321655145436,0.059533847769152055,0.08205098642060625,0.2106918238993712,201.084996705896,1.0
1.000924,50,445.132758,0.29288263127384473,0.15025957806671483,0.06662462598893623,0.23093645871561713,-0.11128418857217451,-0.004253082144508128,0.23333333333333325,193.12811802669984,1.0
6.819266,52,445.260034,0.2825266532568609,0.0946576464845626,0.0716106439132516,0.24621584231596155,-0.06903306404482738,-0.001608516373012449,0.2644230769230768,200.78280121353384,1.0
9.793577,52,445.382042,0.28165522245787955,0.033204327093196165,0.06030076572261624,0.25401542001668165,-0.02003816654093051,0.027590206919424206,0.25961538461538464,200.99962025056087,1.0
9.472361,54,445.510576,0.2863309740304152,0.03544082548844951,0.06974609986599974,0.24313844796069478,-0.019249397084385163,0.04493099228830272,0.22839506172839516,195.38135675807618,1.0
-1.711485,49,445.625199,0.2972149631166168,0.17794031856495898,0.0703952595186646,0.22553421174837374,-0.1297494524585326,-0.027153489514162472,0.2551020408163264,195.15599067855499,1.0
7.689655,58,445.809975,0.2987655868348392,0.09264354248901974,0.05199537906925122,0.22409446088050758,-0.06341633876759097,-0.004628936818223292,0.2370689655172413,200.04279280830707,1.0
8.893361,49,445.929353,0.27365514868600793,0.030174404410636513,0.08228909562532295,0.267054968500671,0.0010915563235364815,0.0493558829239394,0.23979591836734698,201.49160844601283,1.0
9.112015,52,446.052121,0.28227642938491154,0.027257029776565075,0.07794741858391353,0.2525318535273862,-0.00963558568348243,0.04029392531255733,0.2435897435897436,196.58676179148395,1.0
7.70508,55,446.182613,0.29130142017795646,0.06331616787570755,0.08885434584021268,0.23783385663569684,0.03086678683189866,0.06759638998915184,0.22575757575757574,195.95307503824262,1.0
7.275776,48,446.297689,0.2708907125895324,0.04283926796927855,0.10187139892679056,0.2671365385930431,0.013486833462836375,0.059244740496523014,0.24479166666666663,204.55201152157167,1.0
1.784713,56,446.465736,0.3111974298379024,0.14169764730139914,0.06521732850918131,0.20604138227482616,-0.10349092506219748,-0.03015778366954439,0.22916666666666666,195.59529996225027,1.0
1.069124,55,446.606953,0.30541834353556263,0.15165352173866997,0.06586325531756092,0.21412177810968505,-0.10792115927903223,-0.02656583925737497,0.23939393939393944,193.09780361305272,1.0
9.12452,50,446.732262,0.27767807595925553,0.035616330074807544,0.061790047711694815,0.2569817540887045,-0.020218845649707683,0.03989952596555693,0.23833333333333326,203.56983322394046,1.0
7.063895,52,446.860139,0.28335589961561314,0.06335945539790351,0.10662300861957678,0.2487719011175833,0.038561495419239505,0.06574309737702386,0.22275641025641027,201.11070464881124,1.0
7.601795,58,447.030519,0.30011720903208533,0.08770946381247806,0.05370909735119038,0.22139416166353162,-0.0601082233044709,0.00048017907421447366,0.25862068965517243,200.40690533122336,1.0
10.221811,57,447.168805,0.2950506082492122,0.01912480661712871,0.07240757850227302,0.2302798965157664,-0.009653194794782728,0.0012996394969686895,0.23538011695906433,197.94794788244607,1.0
10.48281,53,447.303687,0.2786891279446507,0.04374352611409165,0.04611506652512112,0.25462964141421784,-0.03132062692827525,0.016211017628455063,0.21069182389937113,200.38939863968514,1.0
9.25089,50,447.428225,0.27856376650270737,0.027101556644384153,0.06401594616873818,0.25640051793672813,-0.00897905760408747,0.009188153585729246,0.2500000000000001,199.75219622898553,1.0
9.353571,53,447.560129,0.2851877644645201,0.05335479789626784,0.048709324807728445,0.24444588378024407,-0.03845253667971087,0.013461929605414308,0.2091194968553459,200.99533373754,1.0
-4.57262,47,447.694843,0.3018816040793419,0.19267706124461925,0.08186113171418137,0.2199609332352319,-0.14424260875033706,-0.043240267351890266,0.26595744680851063,189.9820641514433,1.0
9.617774,61,447.842901,0.29866342414215935,0.07105579241846456,0.06891803620405802,0.2255583523409341,-0.04958690930229274,0.005286492939530856,0.22404371584699448,200.81235227557906,1.0
4.674407,55,447.982764,0.2954470324271615,0.12720342265017137,0.06998934748195071,0.2293715806322068,-0.09073768737086456,-0.022838406200249992,0.24393939393939393,198.33782658181227,1.0
2.852098,54,448.112748,0.30138211520913666,0.13481801885875125,0.06768009114290086,0.21882533875057905,-0.09569835345700874,-0.02954714528603735,0.2515432098765432,196.37998733931732,1.0
5.773914,54,448.246012,0.2887769351821666,0.09250750958084931,0.10579884184929421,0.24105550426575778,0.05483941245021299,0.07564526793373416,0.18518518518518523,203.52967911679883,1.0
-0.677906,55,448.411517,0.30682535697256635,0.17664796828704288,0.07187651698278191,0.21439883921305636,-0.12372722597661276,-0.030808534975222134,0.24545454545454531,192.5350385887289,1.0
5.346152,50,448.528489,0.2803266930289701,0.08451519454943161,0.10948408829436683,0.2537031930339104,0.05009751586875537,0.054876177375874205,0.20833333333333343,197.0013132178801,1.0
8.611287,54,448.655361,0.2884590108062276,0.06387147401773542,0.052625535092627414,0.23969307833808415,-0.04891135488768566,-0.0016253068371456158,0.20679012345679015,198.22408080060637,1.0
10.917559,61,448.807545,0.3057973514891363,0.034984299636367774,0.051222945419827144,0.21669633943120742,-0.02186150124636543,0.023645458802901604,0.2295081967213114,193.3283964811361,1.0
9.518075,53,448.974969,0.2856341021894602,0.03758371116636444,0.06089294032234499,0.24479137530752207,-0.026645613032882237,0.019526929770208135,0.19968553459119495,198.561541502822,1.0
10.182217,53,449.107379,0.27885223540679316,0.04254297120731524,0.06068939479093928,0.25394361130717663,-0.03047011396781239,0.004257982891147036,0.2452830188679245,203.87771391982443,1.0
9.388346,53,449.241272,0.2831708205924919,0.05531191801288199,0.051058331182170166,0.24979221884852815,-0.03992830922362168,0.027944964284962796,0.23113207547169815,201.3200526590914,1.0
-2.276499,57,449.379251,0.3233538776878825,0.17271547028513287,0.08105928842851687,0.19244192334845947,-0.11834611486527336,-0.02949559778154893,0.23099415204678364,194.53471890269526,1.0
9.913656,55,449.511676,0.28243133815838606,0.0428525419307275,0.08237811272076398,0.25081826299503224,0.023874214675359936,0.051810349753995365,0.22575757575757585,209.4173864304185,1.0
1.204857,54,449.683922,0.30698046747503105,0.13527055538091565,0.08041511493695119,0.21223568588374828,-0.10290318255511995,-0.04795907792832105,0.2098765432098766,197.04189820038314,1.0
4.842104,50,449.813568,0.2859482111800086,0.10351878508002621,0.07996563875510007,0.2419901511362492,-0.08023896185717122,-0.023564090692200477,0.24,200.44041229536543,1.0
7.945081,52,449.948247,0.2854757817303172,0.07139484790520416,0.04933946245345625,0.24196777998885455,-0.05568789505994519,0.0022731090718218173,0.20673076923076944,200.39843165922872,1.0
2.807625,49,450.067265,0.2799161146990331,0.0985553058753318,0.14762566554996176,0.25530865113348417,0.06283641263665053,0.09776128627479519,0.22108843537414963,205.64887791675633,1.0
6.904623,50,450.191652,0.27398870403429404,0.06984107697281856,0.09969507799565698,0.2660195897460622,0.039173843882443986,0.07158904192911891,0.20166666666666672,201.89838081716724,1.0
9.336278,51,450.347974,0.2818636746665289,0.04417463205627786,0.05140253438987817,0.24951999678178036,-0.03127211429051589,0.012343923006726305,0.23856209150326793,197.4288276898597,1.0
9.944108,56,450.484706,0.2953352295340309,0.020688639150559584,0.058979365085866764,0.2302054144254221,-0.007923695138620877,0.038007819195206176,0.24851190476190474,197.59187895545546,1.0
5.475822,52,450.615659,0.2833972281668542,0.0879479326266842,0.11475279679741203,0.24925767641490845,0.05592104462542577,0.08463541052993676,0.2612179487179488,198.81993666325783,1.0
8.71189,51,450.737477,0.28076046118257064,0.028178649078734148,0.07697068387275859,0.2500460859789053,-0.012824409606553986,0.055861767280212596,0.21241830065359468,195.70565231068127,1.0
6.18527,50,450.859412,0.27494757421429417,0.07911657268540502,0.1066672795858673,0.26473642290791477,0.04670046732090448,0.07147014249033262,0.23833333333333337,205.95460444141818,1.0
7.56239,49,451.008393,0.27733022706420885,0.05195063707128233,0.07662629315530403,0.25684173073980543,0.019030541878958404,0.041980678698596396,0.23809523809523808,195.72302762452063,1.0
5.520158,52,451.132852,0.2867116140820874,0.09410842369318481,0.10096663563123703,0.2423842446686518,0.06099347934135255,0.060940998403302256,0.2740384615384615,203.34487557459653,1.0
10.078796,57,451.271915,0.2835715250432951,0.06561573447265408,0.09438410887941741,0.2486093775227364,0.036537506778830185,0.0548568145588313,0.2558479532163743,199.98608802729316,1.0
9.282113,49,451.385928,0.27159712816158904,0.053931740263880625,0.05601879019768009,0.26739039929983754,-0.03908451739449767,-0.01699823476059876,0.2738095238095238,201.73737499110499,1.0
8.065009,47,451.498792,0.27293524327985286,0.046679637288665636,0.057871436481239005,0.2656613797889182,-0.03306340639626856,0.000798758240119079,0.24113475177304958,202.67805095564762,1.0
10.329649,55,451.643864,0.2870021001352582,0.028671431762589152,0.06793089044817635,0.24340087382823256,-0.008687455973124963,0.04228617446377846,0.23939393939393944,200.7849447551273,1.0
6.334123,51,451.764503,0.28073464474636206,0.07932685492109494,0.10630227802832315,0.24936513245851807,0.05013334529826965,0.07964546343071158,0.2745098039215686,201.61517042023686,1.0
-0.687916,48,451.877397,0.2894097548643966,0.14630673176044756,0.11878760244714213,0.23740486031911914,0.10520190535679225,0.09521900506575208,0.3194444444444444,209.42240364024815,1.0
-1.360465,49,452.000984,0.2918216884114338,0.16643655989022244,0.11476508493669768,0.231344311083799,-0.12417433963737012,-0.06296714944142953,0.26700680272108834,200.21048745847327,1.0
3.748664,52,452.124712,0.2900697826489361,0.13029580558010867,0.07676882340559464,0.23736116204295682,-0.09054692459573402,-0.01247857992537125,0.2900641025641026,201.69751681496655,1.0
-1.505368,46,452.249389,0.27818819903686187,0.1583116996567162,0.1445289148364216,0.2565817624839271,0.10898421966117326,0.1201734637267719,0.26449275362318836,195.88714190411903,1.0
11.103357,54,452.378248,0.28020221313250565,0.02455455269963538,0.06722703303851413,0.25156687783625037,0.002537320219797017,0.03702897409126313,0.29012345679012336,202.78694433571275,1.0
6.334431,52,452.499272,0.2847902350038258,0.11052428769543673,0.0456526529669654,0.24375465290223983,-0.07960134052599434,-0.0018776559851118148,0.2964743589743589,200.66400861334432,1.0
5.845646,50,452.6177,0.2749307086322988,0.09307324632544837,0.10334734541286958,0.26028399346509906,0.059759778744130736,0.06533842409058549,0.31500000000000006,206.815607214886,1.0
8.191965,51,452.739512,0.2756715721617117,0.05995134405939602,0.09522696613153678,0.26182802701605656,0.03396290910796315,0.06042863300061629,0.2859477124183007,204.43791397962724,1.0
5.986754,54,452.885228,0.2907805718639399,0.09297531033435358,0.0885974860431125,0.23538202171175335,0.05978919170329656,0.0615228715886737,0.29012345679012347,200.17369384510005,1.0
10.546729,51,453.009072,0.2716626403307084,0.02717696714744193,0.06311150093768614,0.26718885292434347,-0.010784170564232696,0.034540217101213584,0.3055555555555555,207.7483816160792,1.0
12.418218,59,453.155236,0.287061275442902,0.054004227515625586,0.06237252414440228,0.2402476465367947,-0.03509063917949818,0.011240476204703137,0.3022598870056497,212.56431920527115,1.0
9.451154,47,453.268839,0.2671562718022851,0.032165206360593564,0.05350721047290554,0.27577955517260816,-0.012600114840769089,0.031231940870689902,0.2925531914893617,199.7190510279139,1.0
9.398805,51,453.392555,0.27667019692881817,0.045375329631877584,0.07401708298665562,0.26002225079300784,0.02196853058379663,0.048946335975058396,0.2941176470588235,206.35277182414822,1.0
0.752935,47,453.53159,0.2800818259774339,0.1557896818246812,0.09258462952553922,0.252889364290176,-0.11499769794331395,-0.05308337885812943,0.33687943262411335,204.62854668136774,1.0
12.123974,54,453.676471,0.27409761030315344,0.027379651973069803,0.06399755364028278,0.26095771297253356,-0.007330686695184893,0.03714631506631697,0.3333333333333333,212.1935272608933,1.0
9.7671,51,453.8005,0.2759622939691895,0.029934921434532472,0.07273103623312892,0.25787653934183746,0.005271156506958082,0.05189196231097529,0.30392156862745096,207.20870318508995,1.0
8.086435,51,453.924163,0.2815807260910791,0.08238721234574808,0.04802898682471357,0.24867310943757584,-0.0623410530357982,-0.004890320347282659,0.3055555555555555,200.21402339760985,1.0
11.124121,52,454.046667,0.2721884381098354,0.03279749283996866,0.07574449136435205,0.2670474038572787,-0.008669169360788244,0.04640043652738468,0.31570512820512825,203.60226902964183,1.0
3.789333,49,454.206364,0.2802549783765551,0.11314364805579018,0.10003082382696653,0.24901949447566893,-0.0859441869098145,-0.027981921053614734,0.2959183673469387,204.34350932534633,1.0
6.395226,54,454.338399,0.28510115344209214,0.08593783146898244,0.11354267866283367,0.24345299901554215,0.05268629254124363,0.077123630009991,0.3101851851851852,207.8650240606283,1.0
2.898892,46,454.447531,0.2718460816770892,0.10275395902818907,0.1368023897854713,0.27002292015405116,0.0681107773292029,0.11060451479902234,0.31159420289855083,208.1695897851047,1.0
5.338655,46,454.556562,0.2637890816993728,0.09120503731982406,0.11043046376844774,0.28580962622556483,0.05513825445432881,0.07781451863794188,0.27355072463768115,208.1435393125079,1.0
7.965635,47,454.667819,0.26908251107954373,0.05532505875653181,0.07420521649498302,0.27462452607330035,0.029087115070724416,0.05028046391339271,0.3049645390070922,206.84659434242616,1.0
2.186903,49,454.819536,0.27848781327575506,0.12927100595588215,0.13610220012521837,0.2531175528852647,0.0890516826064106,0.11341524828802411,0.3248299319727891,204.03175030885896,1.0
8.370173,50,454.937135,0.27426120739384185,0.08248403066382719,0.07278380090079727,0.26221994909098284,-0.06190726698935598,-0.008043786294733866,0.31333333333333335,206.55713532770002,1.0
9.337887,51,455.058912,0.27490477513169403,0.039028173380523785,0.08062789540463179,0.2631410422605844,0.01763703357672901,0.05612446508435865,0.3169934640522875,204.49013373451345,1.0
4.740515,45,455.166403,0.27127505958100157,0.09224533123732355,0.08704635420458888,0.27029632937283987,0.06551217777371668,0.04442794221867534,0.32037037037037036,207.99498664603695,1.0
9.761946,50,455.287065,0.2737558729443752,0.026028374491354315,0.08151323452247197,0.26584716710492534,0.00021601918216523076,0.04008644771054226,0.3133333333333333,205.56790002494006,1.0
11.836025,53,455.409316,0.2740786102002243,0.04310416307362138,0.050519153317522596,0.26179205367958186,-0.030836940085166017,0.004925254145370999,0.30503144654088044,207.68174299617348,1.0
4.94815,56,455.569185,0.2922732735252758,0.129340073069531,0.08276636825097534,0.23148462694566704,-0.09138530552371085,-0.027104418666568705,0.3020833333333334,203.49432932408402,1.0
8.785407,52,455.690501,0.27554233248269505,0.05839569473721511,0.10639653488706909,0.25915501325607837,0.03192206890573866,0.06969561345858875,0.30608974358974367,207.45026658868977,1.0
9.263703,53,455.813973,0.2834396726278828,0.05365757520781217,0.08055648694048574,0.24994006901874746,0.032996396119634945,0.042149554903994045,0.28930817610062903,209.21286222727687,1.0
11.118016,52,455.942194,0.2777972504929975,0.02526177587996441,0.06452736928893005,0.25811232370988624,-0.007215317057247695,0.041220088675879535,0.30128205128205127,204.96820126628174,1.0
4.280619,48,456.062288,0.2765147428943456,0.12519940380839997,0.0785555347271812,0.25935598800502685,-0.09232086909646049,-0.03371349875914986,0.30902777777777773,204.652281845326,1.0
4.960978,50,456.202136,0.2820672619167996,0.12111663669358205,0.06768642607519576,0.24808289783650891,-0.08618057423291808,-0.031581997465457,0.32,204.3921815475391,1.0
2.221074,52,456.33005,0.2887943242774294,0.15086947034982146,0.09669366300924917,0.23870271345682098,-0.10539906791859734,-0.041429313953945654,0.3092948717948717,203.86112702281005,1.0
7.613082,54,456.457821,0.2889383485185624,0.08526748884174042,0.08316479036861586,0.23700269091891943,-0.06058492840790755,-0.020378793986664888,0.32716049382716045,205.6616387500863,1.0
9.055465,51,456.581328,0.276581301166858,0.06707401958011597,0.05641384721547742,0.25736998146977946,-0.04963374883838776,0.012742040882572914,0.31209150326797386,203.62063889377137,1.0
9.370694,54,456.750926,0.27807457659908763,0.0832109081175434,0.08146504494713913,0.2564162584406641,-0.06095597597286163,-0.030263314929984002,0.337962962962963,208.64371249767052,1.0
5.414413,52,456.88788,0.2861798185539839,0.12547241734087697,0.07361080845473782,0.24336183091196933,-0.09242887300483235,-0.017338428342824858,0.28044871794871784,203.43509515625652,1.0
8.432875,51,457.068839,0.2765424753229047,0.05917318143434218,0.09606227497865114,0.26194690714020796,0.036202093059641935,0.07388553915205186,0.3186274509803921,207.94825722592606,1.0
12.947169,56,457.225262,0.2762094246581835,0.03389116220452644,0.06553865455212356,0.25637422426965073,-0.018056760265536122,0.04083136109763034,0.306547619047619,206.78249682050605,1.0
8.764657,56,457.358258,0.28259011288328273,0.07697414512782656,0.1127949353005124,0.25014297174555994,0.040838248312909144,0.09086379127619042,0.28273809523809523,204.14082370858162,1.0
6.893856,53,457.500249,0.2862032370315127,0.08165463774569326,0.09593355685561691,0.24265709108433664,0.05179262887946474,0.06892134389547136,0.31132075471698106,202.65842516030455,1.0
9.994524,52,457.623344,0.27537075852758175,0.03215861426814457,0.08194519646229649,0.2581755963208359,-0.007611186780737833,0.0638624304236659,0.2932692307692307,205.49625436860245,1.0
10.633413,53,457.746726,0.27646998686553315,0.05848248789726376,0.051283176941981666,0.2547271303181402,-0.0428412910873803,0.005875063600014068,0.28930817610062903,203.93025771233164,1.0
11.51971,54,457.87231,0.27998601803811524,0.04060320710846666,0.047385307366677225,0.2521366332409492,-0.029020247359594804,0.013313041398271733,0.2962962962962963,203.1913964120296,1.0
4.369206,58,458.007679,0.29929774864108,0.13438361239001118,0.09485213351596389,0.221513507837793,-0.0912673664042954,-0.03429238729118857,0.3232758620689655,206.6080578998634,1.0
2.913895,51,458.153742,0.2949969305700698,0.13261626923041664,0.061167637246492705,0.22875504737538976,-0.0942544156483007,-0.02878055422391844,0.2957516339869281,194.79966224631667,1.0
6.966962,48,458.26861,0.2745822703178326,0.08388862431154533,0.06967515080489287,0.26659195518475926,-0.06375456232490172,-0.02030090192306151,0.3072916666666667,204.90877074498542,1.0
0.7751,54,458.395862,0.29285495442736514,0.14149697707208822,0.14018092211542985,0.23035838387933,0.09772579634441524,0.10564122019308352,0.32407407407407396,209.47731077884526,1.0
12.06891,57,458.531188,0.2860440150661545,0.028045173803712034,0.05802706215783534,0.24351199379288224,0.0007140447071553275,0.03804187072361655,0.2894736842105264,210.2729854250673,1.0
12.115337,60,458.671977,0.29362104307167874,0.05025312326642663,0.05069204391054966,0.23101935341498347,-0.035339253459511506,0.008803830047536036,0.2666666666666666,201.81665840200455,1.0
9.079477,51,458.81251,0.2807783668093147,0.03315366340807839,0.072680233019315,0.25447452403288984,0.0107009658338607,0.04085723558368479,0.28758169934640526,199.45325386160164,1.0
-2.251529,50,458.931001,0.2974710517284463,0.1865946732342862,0.08328246963566535,0.22657341938502729,-0.13808277164537244,-0.02548312833694182,0.27333333333333326,194.57545794034323,1.0
7.847403,50,459.052983,0.2777120263416634,0.07113779318592757,0.061058586608389344,0.25514961114244855,-0.05431456246690729,-0.0009410876202583934,0.285,203.2018744773007,1.0
4.867486,49,459.171806,0.28629109019599286,0.10185044248224513,0.0670474582416623,0.24152661008355022,-0.07880478611445701,-0.02645555008428371,0.3027210884353742,198.32226497854825,1.0
5.022755,50,459.29617,0.28327331550269835,0.10786865939562928,0.08744412347462843,0.2449897431023201,-0.08353605990215003,-0.038215569794488265,0.29333333333333333,198.09856445684233,1.0
11.304736,53,459.448892,0.28057035505298733,0.03187049526047529,0.060026033701530104,0.2536515536543675,-0.02105469234124723,0.014385667095325587,0.29716981132075476,201.05696341102683,1.0
8.654731,48,459.564952,0.2740985788821242,0.028502491613911638,0.08381245037535501,0.26503069282038716,-0.0017906756632163892,0.06257475270209065,0.26909722222222227,196.2592322811031,1.0
8.759541,59,459.713704,0.2938578170398822,0.07943273384933752,0.09516512078808442,0.2322421300864491,0.04793497275471105,0.07525509962778888,0.2655367231638417,204.64666969099935,1.0
10.304655,55,459.840186,0.2845472058517286,0.06336275299474635,0.06326554242018474,0.2457112711327307,-0.04564298605985472,0.0010162177605515374,0.31060606060606066,207.34219480781599,1.0
11.738255,54,459.966969,0.2804410167751483,0.03152571742162143,0.04877707439183306,0.2526346253517065,-0.02172210963042698,0.015378475691314912,0.2777777777777778,200.2544718453893,1.0
8.00655,52,460.133393,0.28438102472774063,0.07842161373193347,0.06432245811398096,0.24840018255438306,-0.058111323187290426,-0.023175916624757445,0.2884615384615385,196.70734602326667,1.0
13.923318,63,460.296664,0.2963358226258523,0.017528668987654327,0.06529902234773616,0.22843346339682175,0.001972898076787126,0.028358445401111043,0.3108465608465608,204.86369402953568,1.0
-1.530702,51,460.414586,0.29706553494877563,0.15245427834222686,0.15094512853896128,0.22514564071231655,0.10601275229962888,0.11347706663633887,0.3137254901960784,206.20007293919468,1.0
11.164314,56,460.558129,0.2846127075008941,0.05659095381049596,0.05320118136563738,0.2459554147653963,-0.04176982565737945,0.001924209959872216,0.3110119047619047,203.3837473955542,1.0
4.469107,52,460.707118,0.28891135257335787,0.12303210978783743,0.08387575542121926,0.23783124449185006,-0.0866348430459247,-0.044642064673117966,0.29487179487179493,202.57144381561218,1.0
8.291312,50,460.835119,0.2772301907239835,0.08302120427283864,0.07340684544257693,0.2602966590991421,-0.06003669431345763,-0.014044030748107854,0.3183333333333332,204.02265904669167,1.0
11.710519,56,460.978527,0.2817500436981535,0.04874397521966164,0.05837974828770149,0.2484213793083255,-0.033814147462432484,0.021846088628688844,0.28124999999999994,208.57818722639766,1.0
10.914047,52,461.110761,0.2745803077436431,0.028221579909775616,0.06795659717859866,0.26418029408475746,-0.011790817395657347,0.0457748670049506,0.280448717948718,208.00801647787904,1.0
11.993488,57,461.252018,0.28304564297716733,0.027686709340867394,0.09627506945913988,0.24688250102003606,0.007276692899988023,0.048953632041746784,0.29970760233918126,210.1186109795879,1.0
11.682769,54,461.411406,0.2779392195976564,0.02516814711283405,0.06547256411420671,0.255408726766597,0.0029173006661903306,0.04712008322937709,0.2978395061728395,202.12218931217689,1.0
8.421346,47,461.538986,0.2702884655130702,0.06256810231852783,0.06292538296998706,0.2727252948474002,-0.04756613831181937,-0.0004886413249047571,0.2730496453900709,203.18283825375565,1.0
12.119123,57,461.684568,0.2854832106496735,0.032052243013422105,0.0666160297484518,0.246161792366334,0.004915476944347293,0.027212009013477104,0.30994152046783635,206.00047562601068,1.0
11.446904,52,461.811976,0.2733419919983816,0.035554842242835914,0.041381904033335803,0.2630255833044374,-0.024433386728070435,0.01287146064729371,0.28685897435897434,201.00997730067334,1.0
7.096668,50,461.932271,0.2791352503256149,0.08820557434251977,0.0694631575377306,0.25664614046830403,-0.0637056379341398,0.011428762053600515,0.30333333333333334,204.11458770987622,1.0
10.206778,56,462.104764,0.2883585588398468,0.06748963778730678,0.05340441879168549,0.24034527806960782,-0.047748420493469494,0.006311115474884614,0.29315476190476186,204.01146797910494,1.0
12.591406,52,462.237715,0.267358225172512,0.03749345789728267,0.0449482218043828,0.2716050103253014,-0.02472721819276559,0.009096133311746314,0.3125,206.52706124281153,1.0
11.200177,54,462.365211,0.28075547400929046,0.02775820279843454,0.0664634605286457,0.2536709956941754,0.005016776478375178,0.03184215434027096,0.26080246913580246,200.9859835608113,1.0
8.203887,53,462.498469,0.2837171079331827,0.0924783675395103,0.05533336600010589,0.2474011960720812,-0.0654321173369154,-0.0007878732487004984,0.3034591194968554,204.56645354536735,1.0
9.497325,53,462.62466,0.27981518916650633,0.05097871113359463,0.10275849982197956,0.2559304967207362,0.029905050266011906,0.08447144462769163,0.29088050314465413,205.2717397595941,1.0
1.093906,60,462.792405,0.3148167891167193,0.14003575534865215,0.11501688796357451,0.20174654405672507,0.09290723371814766,0.09648383580943301,0.3069444444444444,213.9649284217256,1.0
10.796646,52,462.916389,0.27279692894875,0.06415463373778776,0.06026912329846918,0.2654383365167766,-0.04754925881976055,0.010127351434088641,0.28685897435897434,205.98389828261918,1.0
10.150376,58,463.060115,0.28715773298417113,0.06629239829803249,0.10513224720146348,0.2419411993987471,0.041129550522127564,0.07881584508431819,0.3017241379310345,210.75261536027534,1.0
4.353047,54,463.198487,0.2907140659459649,0.14161527244527172,0.06768992557015394,0.2348724751464488,-0.09972559961123809,-0.022294040952575207,0.3225308641975307,204.9866710672954,1.0
9.750347,51,463.352628,0.27136838233698485,0.0735224897614551,0.04390180936932503,0.2641805349333602,-0.05392377282549152,0.0025275501335818313,0.28431372549019607,205.55305932185067,1.0
12.264316,53,463.480053,0.27468694759610623,0.02940561964050572,0.06132170655677065,0.26168671282394085,-0.013946869492088874,0.02627396516611583,0.320754716981132,211.1350847834575,1.0
5.147947,56,463.610531,0.29242333573021584,0.1291715802947257,0.08978821516903297,0.23175808619087404,-0.09001454593221168,-0.027414093564791346,0.31994047619047633,209.91201275510852,1.0
11.86859,58,463.749033,0.2882216041105743,0.05043991155348154,0.06505513364741625,0.23969450915261703,-0.03358757630807428,0.019216381640485943,0.31178160919540227,210.26603798507108,1.0
6.237637,56,463.886215,0.2883430195934319,0.10383986287221374,0.11871501604980965,0.23718901106514864,0.06776918837981542,0.09232512088520632,0.31398809523809534,212.73037766596147,1.0
1.982186,51,464.033695,0.2869743618635862,0.16333692176687975,0.07743609858814413,0.24080638832593282,-0.11802616494911118,-0.031125958674442965,0.31535947712418305,206.51694914774512,1.0
5.285324,59,464.177991,0.30256434440084795,0.1289987460037603,0.07307230830619103,0.21871329988202992,-0.08616709684014423,-0.009019546804762277,0.2994350282485876,208.52340249303992,1.0
-2.303197,51,464.310029,0.31722219187487344,0.1480853450136561,0.10948009349809992,0.19871271955775466,0.11277282090515281,0.08762386690799316,0.3447712418300654,214.4375556480114,1.0
12.032787,57,464.446229,0.28663039038469695,0.03200651785582924,0.08267948436637908,0.2447874387247632,0.011528005312672576,0.0559171040004554,0.27192982456140347,198.1947099132951,1.0
7.598703,51,464.576373,0.2775144891424202,0.09962469124734856,0.07353728123328727,0.26134500297664937,-0.07411617574766971,-0.012498559860492708,0.2973856209150326,205.20418345162884,1.0
-1.985241,50,464.732463,0.2958196594318667,0.1886057940894041,0.07644830502909257,0.22773766296389478,-0.13604099787392818,-0.03852486896507201,0.285,199.17307630972545,1.0
2.813907,53,464.857999,0.2884435021884778,0.13123422597291923,0.11623738348839807,0.24096489229235987,0.08869700692635943,0.09221225472852747,0.30503144654088055,209.15702857725543,1.0
7.607854,53,464.984843,0.28349784123622934,0.0802993785153069,0.10134211779276638,0.2493856664299466,0.05091158230260258,0.052963448580374675,0.28773584905660377,202.37373908364384,1.0
4.672367,56,465.131447,0.2924314698733698,0.14398605698024972,0.07399496857056331,0.2328647343938863,-0.09833743954369334,-0.025162432481098507,0.30952380952380965,210.28552708793814,1.0
12.350712,58,465.306865,0.28635827508032047,0.05961810664015548,0.040854132824863124,0.24326323782510012,-0.041313076438880283,0.0055780471153056566,0.3089080459770113,210.97527489246963,1.0
2.851062,47,465.422517,0.2783603886785487,0.13472096694457525,0.07963450111530782,0.254641956651344,-0.10403943352470889,-0.03919652368217886,0.29964539007092195,206.75565274237272,1.0
4.166638,57,465.558309,0.2985808410782445,0.14120707102033503,0.07770296635334248,0.22347171769134938,-0.09438172789919462,-0.009110258122197826,0.29239766081871343,205.74996077596165,1.0
1.766903,52,465.676914,0.2916795774795171,0.15805453855375753,0.0932815181119041,0.23568602940414238,-0.11504127542835918,-0.04157836450485548,0.3189102564102565,205.01737053213367,1.0
9.00996,54,465.821127,0.28273605128324064,0.08889034627720208,0.06333034479240453,0.24745683882082228,-0.06449880923506222,-0.0051799008791697425,0.2962962962962962,207.6066578221457,1.0
5.330215,50,465.979772,0.28182630484819615,0.12102802626790722,0.07428686754220322,0.24993268693533854,-0.09147145053799806,-0.02784271600368906,0.2883333333333333,199.66367724187177,1.0
10.880578,64,466.135852,0.2968958118210686,0.06311966089597128,0.10574102017594522,0.22732779709465248,0.034143684608463475,0.0662770646548144,0.26822916666666663,207.37510175370895,1.0
5.245378,54,466.263553,0.2932705760860039,0.1230672667137918,0.06750301025230536,0.2337060551432947,-0.08921953550972955,-0.012194308842282444,0.2731481481481482,201.07748992536204,1.0
0.190497,59,466.399449,0.31048860926833594,0.1720627456469111,0.09951681714683315,0.20752899730701163,-0.12054605814933568,-0.013673242101815619,0.27966101694915263,209.50301471636743,1.0
4.169662,52,466.519083,0.2912326627980602,0.12598103731439655,0.08872554589771867,0.23605789239867497,-0.09203738874167236,-0.050882481963667105,0.30608974358974356,206.11433284300108,1.0
3.734987,53,466.667722,0.28777196255672555,0.14307576944744513,0.07828835496430353,0.2388699275963417,-0.10203560887313347,-0.014521151423048809,0.3097484276729559,209.12004868404603,1.0
10.96712,54,466.79796,0.2822537019571027,0.04995907795887238,0.04967782659438117,0.2513999688006918,-0.03890388198690936,-0.003304406567841616,0.2901234567901234,205.44153218918598,1.0
10.833666,53,466.924248,0.27751262345162964,0.05017664816369039,0.049159544500016215,0.25924700089791514,-0.03620711796704598,0.020931265421637573,0.2610062893081761,204.36397855493857,1.0
7.372031,56,467.059339,0.29062822884179357,0.11067360518573208,0.05377323253622667,0.2367164786150964,-0.07718990729436007,0.004365036253644661,0.2782738095238095,203.26688163261898,1.0
2.452208,61,467.243636,0.31117025513212504,0.15111529911201513,0.0947933051237434,0.2079291042768905,-0.1037599327859914,-0.016912847370786042,0.2732240437158471,196.2313098968771,1.0
10.837162,58,467.379128,0.28577326556996246,0.058425915223451516,0.09547954532431188,0.24469937657171184,0.03244426383187965,0.06391597042598886,0.2772988505747127,207.8830295053294,1.0
4.917753,58,467.517032,0.30064146772503725,0.13011887985806808,0.08438529816586098,0.2196313265766071,-0.08990202743105691,-0.015289576169963298,0.29022988505747127,203.51587059285742,1.0
13.845099,61,467.664968,0.29191083648196325,0.04036435812770006,0.04618896197685622,0.23629178995822567,-0.026370165367932834,0.01324134578895381,0.290983606557377,208.6985684588163,1.0
-5.861854,47,467.773166,0.30085279722331965,0.21862847867490084,0.12254811715300128,0.22526933035933677,-0.16021013213325166,-0.058866878483691494,0.31205673758865243,201.34482411132953,1.0
-2.15774,51,467.940155,0.29975140053549215,0.1843093837470516,0.11227011120537138,0.22246231815858036,-0.13110302029678633,-0.0684945599199869,0.2941176470588235,200.61488101081036,1.0
6.059062,51,468.062845,0.2820319700050314,0.1006461585232567,0.09508713471610554,0.24903897225136276,-0.07707421713572113,-0.0378381759494332,0.2826797385620916,206.80562868135098,1.0
6.6841,60,468.207566,0.29872224134859504,0.12770910780348438,0.07568461994669319,0.2229206487676312,-0.09053089925853729,-0.020946259282579968,0.28194444444444433,211.88451765100214,1.0
12.506875,56,468.343893,0.2789056398947023,0.040501955685836775,0.06305759103380267,0.2541161875137134,-0.02811904611018744,0.03912963359706212,0.28571428571428575,210.2357997713435,1.0
10.466657,56,468.483898,0.28665458173344494,0.05970389364087436,0.07051952779018675,0.2414468588678193,-0.04545629905860019,0.004701347690674045,0.3020833333333333,204.6975470903692,1.0
5.875854,50,468.631378,0.2806423069996161,0.11289882618540985,0.07282660651651181,0.2524691377787247,-0.08342097911463953,0.011024834441023883,0.3116666666666667,209.8743428101118,1.0
2.28582,61,468.78522,0.3163037962319312,0.14658359000823135,0.07257215549470514,0.19932316755633056,-0.09928933200084288,-0.02359327234937049,0.296448087431694,204.43573859940034,1.0
6.821696,56,468.917763,0.2913914380346233,0.11781249526598854,0.06087774208551855,0.23195183780128456,-0.08274249010891367,-0.020688953770849113,0.2991071428571428,209.75990937779892,1.0
-1.2844,57,469.056993,0.31526459614124464,0.17494989395827817,0.09524013101171772,0.20098682205010127,-0.11896087261778683,-0.044771703570689464,0.3157894736842105,203.54251762431875,1.0
13.665996,66,469.25216,0.3054810035914117,0.02518241733944699,0.0653237269452027,0.21670895069549861,-0.005516969739826223,0.0435301853727261,0.2853535353535354,208.742464366726,1.0
8.133817,56,469.393758,0.2835409755096248,0.08602914323297381,0.11846017561654405,0.24899435374752718,0.054499498498972884,0.09381275368513645,0.3125,212.11422349025233,1.0
-1.090176,54,469.529167,0.3055275593853205,0.18642801188832944,0.08219209048373442,0.21621167088105042,-0.12742021819059815,-0.0342016176768208,0.3101851851851852,211.4374211709284,1.0
12.610355,59,469.672801,0.29185494296911096,0.030434445323813435,0.05130198955883971,0.2369957709073973,-0.02101550262410635,0.018761832471597694,0.28531073446327687,205.15236394351737,1.0
5.293919,53,469.804492,0.27594072483930715,0.11291645355753273,0.13905824239531628,0.2587623301267094,0.07150897482003675,0.10550741754501552,0.2971698113207549,211.77324244884127,1.0
3.557501,52,469.951729,0.289962468813058,0.13349369583495296,0.05806741512935187,0.23686972513734378,-0.09895064347191646,-0.01627973957471288,0.3173076923076923,209.77193695375067,1.0
9.685972,60,470.098248,0.2892858948088961,0.07162358754075888,0.11482743832318638,0.24000260068451212,0.038705502321677056,0.09327178663579133,0.26944444444444443,204.13242946626488,1.0
3.330597,54,470.233469,0.2959544353417902,0.14234200892937507,0.07620013158887551,0.2285798451827636,-0.1033248580191169,-0.0220767181405951,0.2808641975308643,200.09373992810382,1.0
10.850036,51,470.355644,0.2684870280321814,0.03338098707968355,0.07757091418715185,0.2740868602621653,0.0023020859659625636,0.060805885013155675,0.29901960784313725,209.00321919109246,1.0
10.835416,58,470.517341,0.2961313926657113,0.036277723617698036,0.06192883613719248,0.22838221962748118,0.011976361055549922,0.04257192760684516,0.2744252873563218,194.57683023184626,1.0
2.910863,55,470.650255,0.3019103165739147,0.1367019010040789,0.07864750151600108,0.21992232654010838,-0.10025976999217341,-0.0412703125637292,0.2863636363636363,204.4976237517967,1.0
1.880207,52,470.777553,0.29593284585806606,0.15421497390301536,0.07668079946536777,0.22916615382238958,-0.11255394904895963,-0.025884570026836064,0.33653846153846145,202.49595132622366,1.0
7.827612,54,470.905646,0.2879307911770923,0.09205634277526986,0.06177832841751579,0.2381900821270136,-0.06805220838061234,0.007159285640810896,0.3055555555555556,204.03316776369832,1.0
1.418089,49,471.025098,0.2842746302011598,0.15619353811374026,0.09965106216162188,0.24657898164747147,-0.11443335597544017,-0.032126905987055365,0.336734693877551,207.92030951869805,1.0
9.59981,54,471.575835,0.2826980210322602,0.04809031003062306,0.10004756830943405,0.25267926919175804,0.02347056629396628,0.07095370417010008,0.28240740740740733,205.6012976070046,1.0
5.287229,64,471.735856,0.3025050985715006,0.12431772878298943,0.13559894266204797,0.22191670982355577,0.07185262385398038,0.10887492772404837,0.3151041666666668,209.84593889996498,1.0
11.572005,55,471.867959,0.28351621814570993,0.025519997191795582,0.06358771551738235,0.24719548709977873,-0.0029094060482038908,0.031294017818506895,0.2893939393939393,204.6262984909235,1.0
9.410758,50,471.993223,0.27425858104017314,0.02846195030830308,0.0836297980290909,0.26300548106876587,-0.0056098723972899936,0.0666322759666278,0.29333333333333333,203.2103218397763,1.0
12.581378,61,472.14951,0.2893657943939929,0.040772716608617185,0.08626522691854847,0.2400598818115185,0.022364250368138633,0.05913699211760446,0.28961748633879786,209.69253961666377,1.0
6.651038,60,472.359577,0.2994633188536243,0.0988309611982952,0.12071032691171722,0.2250113243837286,0.06082458343637138,0.09351923309944778,0.29027777777777775,204.09370644390856,1.0
-2.267037,54,472.497181,0.3064241600211029,0.18920025353093456,0.0948060244440894,0.213520070050593,-0.1323357973536731,-0.04512132551723601,0.29012345679012336,198.83323654387817,1.0
5.875112,57,472.633091,0.29001214172324935,0.1075524394066883,0.11099809925615231,0.2376624889720284,0.06673904786490087,0.08762704214052545,0.2982456140350877,208.31960227908004,1.0
7.863886,62,472.783216,0.30337994977937743,0.08651406158727541,0.10691446825915629,0.2179813788179546,0.053131826517887525,0.08673028398121528,0.29032258064516137,203.69037925777872,1.0
-0.379947,51,472.923355,0.2923646552882561,0.15018960425243977,0.12990014094625793,0.23273060779092003,0.10398983381580079,0.1143697060338011,0.35457516339869277,207.6447535578065,1.0
4.808678,56,473.059785,0.29965208115920217,0.1257055910166871,0.061056778549080336,0.22197862290071954,-0.08856391588883758,-0.016421716639445784,0.31250000000000006,201.6644869577273,1.0
12.021084,57,473.19888,0.28591385569017275,0.03905513992608622,0.050836992972800386,0.24454811561908912,-0.025902509641793133,0.025334134567741192,0.3084795321637427,208.36552909587868,1.0
9.837999,52,473.329049,0.28062919427707034,0.06094734010971147,0.04487676294667425,0.25207934071398197,-0.044761140772782815,0.014249819652387512,0.3028846153846153,200.78184619422257,1.0
9.52728,59,473.468983,0.29399739548973425,0.06654478865227444,0.09737487790604821,0.23183483772261745,0.03751892439400726,0.06496774222756042,0.26694915254237284,203.3615115367886,1.0
10.238234,59,473.63575,0.2890832875887791,0.09425975755814017,0.0659349510243382,0.23670842910832549,-0.06512793305036346,0.006445153017652164,0.31355932203389836,210.55895853261325,1.0
5.206944,59,473.776492,0.29977852875343824,0.11397632741393642,0.11169441688339454,0.22186704793658238,0.07065842150095547,0.08560205683229276,0.2966101694915256,203.68492053342564,1.0
12.292388,59,473.918954,0.2925170845835382,0.03209327570265465,0.06967624993919982,0.23294202698571745,-0.01986700210634579,0.04000429044268191,0.31779661016949157,202.5592656336869,1.0
10.608625,55,474.057147,0.2842972901778984,0.06289447607042878,0.06655614169360723,0.24508782497119203,-0.04457869727003331,0.013434128071210296,0.33030303030303027,205.68664898111126,1.0
12.026296,61,474.254504,0.2982414350523787,0.05671265969852446,0.045137685559931875,0.2260075249678323,-0.03932776776938595,0.00885337477702317,0.30464480874316935,208.2033174025777,1.0
11.900921,58,474.393696,0.2840731089966586,0.06045565026251051,0.06752089606098241,0.2464343088784255,-0.04323409567126588,-0.014243462697746893,0.3089080459770116,212.91423871483966,1.0
12.538512,54,474.522189,0.27675786953677406,0.026825163399511624,0.054540903735598556,0.2599052379097276,-0.004797178587338086,0.0343626823108898,0.2932098765432099,208.78407732184098,1.0
-0.28691,51,474.645772,0.30222917278020645,0.1406264662279681,0.115676154601705,0.21809574549298158,0.10077326446599484,0.09607759275181385,0.3251633986928105,209.14713623274764,1.0
-1.527945,49,474.763385,0.3016745547436103,0.15066200581622602,0.1234221872640383,0.22058567921323116,0.10930360449502632,0.10886191826161495,0.33843537414965996,209.90551122385554,1.0
3.695309,57,474.933275,0.29524586833743044,0.14347246480622527,0.07826811110587412,0.2259446031773922,-0.09855287678708112,-0.02329392936259356,0.34795321637426885,204.35473704340595,1.0
9.520229,55,475.071712,0.2875994482511345,0.07752539096178224,0.04565822534763031,0.24139912917146136,-0.05710442195716923,-0.006915825724735605,0.34393939393939393,205.75883843578822,1.0
4.556452,57,475.213967,0.2952422628636763,0.11441106542361926,0.12629722825192546,0.230093632543524,0.07378049874840188,0.10143400046292961,0.3084795321637427,207.08262545011644,1.0
1.27024,54,475.345888,0.2920133872852134,0.14678182681952429,0.14489310072279132,0.23365845672523874,0.09616142021428714,0.11902269232881381,0.33179012345679,201.59580618383356,1.0
8.708698,57,475.512704,0.2847492455396841,0.07857990554819468,0.11760936114425398,0.24515678358592455,0.04514447254295132,0.0875677251958054,0.28654970760233917,207.4112721461116,1.0
11.065688,60,475.654273,0.2898600012057631,0.06195915548895747,0.08388936723707546,0.23689375374856778,0.031054257781610164,0.05951262110834759,0.3097222222222221,207.92199238457872,1.0
-3.993009,47,475.76817,0.31276011537896997,0.1539480312638153,0.13052660774272906,0.20620863428845126,0.11783391371364306,0.11056408671330785,0.35815602836879423,206.9103362111483,1.0
2.964446,51,475.889094,0.2874631454385618,0.1451126621973209,0.07732895526456958,0.2407119802201072,-0.10388095541114754,-0.021899923980289893,0.34477124183006536,208.25551559261382,1.0
4.586007,51,476.009729,0.2778437621557338,0.10259737074061213,0.14381627032301056,0.2554237099459423,0.0660026441653272,0.11231331834437165,0.31535947712418305,211.245545417327,1.0
12.228663,70,476.23147,0.3165583344925799,0.04354923409001861,0.06998790391968776,0.20238245385133916,0.01801926320249719,0.04986137487216443,0.3047619047619046,201.8580131287034,1.0
10.085294,56,476.363019,0.2839708461261067,0.057206536187762495,0.09121060300621897,0.24800021871422265,0.029126944173741443,0.04925793074574042,0.3050595238095239,201.60088636920747,1.0
6.803519,57,476.492902,0.28212761206410053,0.1082690633888292,0.13595120166308908,0.24814938503321834,0.06351350455821728,0.10970708078642386,0.31140350877192974,202.88240618441571,1.0
10.972358,57,476.627107,0.2845354025926917,0.05463271913754214,0.08091456815187248,0.2435357220523548,0.025284148708320207,0.054662085692569154,0.3157894736842105,206.3714930604366,1.0
6.419715,51,476.748978,0.28096586322643363,0.09082660872937155,0.10638414742506637,0.2515000779005793,0.05701612088197383,0.06632519253648414,0.29248366013071897,207.42857166992536,1.0
8.015362,56,476.917455,0.2902474573801922,0.08038500998083786,0.09373212189504408,0.23742276581151747,0.04860449362064443,0.06794761420648664,0.3005952380952381,207.30509671604142,1.0
6.393348,56,477.052237,0.2859726935692891,0.10442513783519929,0.11620385558379998,0.24104568581231148,0.06406331395753803,0.08429643734799656,0.29315476190476186,208.07176429756444,1.0
-3.019399,52,477.186812,0.3022066103069758,0.19928487806736356,0.09623223288117848,0.21717121894371963,-0.13958358278899347,-0.052351522421118214,0.32692307692307676,197.9870447511638,1.0
5.892283,50,477.312614,0.2828269611200044,0.10495270813428423,0.06433597306993871,0.2480204240445536,-0.07599864957449583,-0.0295368442539549,0.31999999999999995,207.00484351225572,1.0
8.756293,63,477.484764,0.30226590999120817,0.10257124203136284,0.0668935139648812,0.21847954841832784,-0.07241057620919053,0.008878361476992933,0.31216931216931226,205.67057159166833,1.0
6.842433,60,477.630966,0.3031204701011999,0.09504649023739493,0.10753708186375681,0.22081843423733766,0.05899655086397216,0.07377499528289526,0.3319444444444443,206.20403106227724,1.0
11.862287,58,477.781525,0.28860523552297673,0.03327510526985957,0.08032699987419743,0.24041565919888655,0.014337139940753658,0.05156024109616529,0.3002873563218391,208.46834062035842,1.0
9.379588,53,477.911979,0.27765764999534503,0.05841734546498049,0.09679272924996955,0.25609024512799394,0.030317415053764455,0.060217555307929146,0.3066037735849057,208.21412451962632,1.0
4.953729,55,478.050543,0.2938480603408499,0.1280708760136014,0.07729445707125546,0.22972778335686375,-0.08764437386794374,-0.0009607249180197935,0.3439393939393938,210.3927786390072,1.0
8.401118,52,478.217953,0.278804894634443,0.08683682999182862,0.09187756722398654,0.2555053851372542,-0.06406069434935945,-0.004286082345358903,0.33493589743589747,209.19112182995656,1.0
6.32474,53,478.345899,0.2837707379600431,0.09398460876529015,0.10348385432804223,0.2451760347627206,0.05974504053489275,0.07986457664315723,0.31603773584905653,208.4586527597585,1.0
8.431739,59,478.491759,0.2892344615866427,0.1150316508705157,0.0723678363270661,0.23506781059815374,-0.0795611765847626,0.004228212334058731,0.32203389830508466,215.9248361627707,1.0
7.911594,62,478.635764,0.30279117527395105,0.11292976606663513,0.06929381546964467,0.21788234414854954,-0.07689238281104081,-0.024896399497084484,0.30107526881720426,205.77377901273027,1.0
-4.681355,51,478.779646,0.30619989879214754,0.20808576698409192,0.10306686921445311,0.21343370548860421,-0.14830038156461006,-0.05397443617457347,0.33496732026143794,201.91878654397024,1.0
11.905085,55,478.911592,0.2808912670403152,0.030232392573224718,0.057338696736321054,0.25188666698537615,-0.002122689317459882,0.018410369302988554,0.3106060606060606,209.8752680337315,1.0
9.89679,55,479.041212,0.28582799431147343,0.0769144485330925,0.052108392333860616,0.24136926806306852,-0.05285024796712543,0.009553603071238167,0.3212121212121212,213.41203352182194,1.0
11.993755,56,479.178455,0.2808785453963273,0.03536610137526323,0.06729690657201909,0.2499565690355412,-0.021627420927399405,0.036878658340599155,0.3303571428571428,210.42294102405472,1.0
-1.561193,52,479.311024,0.3018668743754626,0.18549538338838037,0.08488001022581604,0.22093998122267797,-0.12958637090502295,-0.048328947316167145,0.3669871794871795,209.95771370632366,1.0
10.183909,64,479.499883,0.2947998040129016,0.07771599605275449,0.11374149029115614,0.2305129913214673,0.04213137926376463,0.07337477625540058,0.2981770833333333,211.6981912236188,1.0
4.91539,53,479.629317,0.28971819058581083,0.12016469393514774,0.0903266038447313,0.2344357640444365,-0.08528138839270213,-0.01746801116879139,0.3286163522012579,206.09332454577276,1.0
-1.678897,55,479.760075,0.3065506379819147,0.18136464049232615,0.10557083720010618,0.21222595397440114,-0.1279477592942418,-0.048529949422396114,0.3090909090909091,206.2509522464984,1.0
2.68133,54,479.89388,0.29537290568900965,0.13785147945195902,0.1052877287532163,0.2274457746110049,-0.09666784941452873,-0.044627852158133,0.33641975308641975,207.57352302849216,1.0
11.770538,56,480.0334,0.28365153255206177,0.027947145465031745,0.07292183246191496,0.24635809460690355,-4.4321665268793374e-05,0.051239024270982356,0.29761904761904756,208.05389894572258,1.0
11.300206,63,480.229665,0.2931834075913542,0.0704850528699169,0.09684015455699341,0.2341073710594764,0.03623790773276974,0.07456314282460166,0.29894179894179884,207.36801280453352,1.0
11.438872,59,480.369379,0.2840709510848783,0.059572754189671374,0.09966028413835891,0.2442275427484033,0.02798742174035516,0.062132404437431954,0.29943502824858736,210.7434126336816,1.0
9.209212,51,480.495125,0.2741741226005385,0.08269289607314548,0.06621378886672719,0.2610562977453893,-0.06280106688993274,-0.02382748594413784,0.3071895424836602,210.14222737101377,1.0
11.121285,54,480.62358,0.28270098069529337,0.030230421374797135,0.0602321105288329,0.24722737882256235,-0.018292107410671214,0.03192796775737988,0.308641975308642,207.88954415409518,1.0
13.500434,59,480.784782,0.28477687937640306,0.029202724824912606,0.05773167878938262,0.2433766276807623,-0.003910693316908949,0.0399067871198541,0.310734463276836,209.96843878522785,1.0
10.217119,55,480.913622,0.2787251327852389,0.062253215745297734,0.10233627443139671,0.2536985129270218,0.03275401735982312,0.06830110400735762,0.3287878787878787,207.93934003263323,1.0
10.385142,52,481.040006,0.27888968537915526,0.02936488942584804,0.06266171810720718,0.2552779284894648,-0.016757773401074635,0.0260758465025922,0.32051282051282054,206.9422264160498,1.0
8.254977,55,481.174705,0.28811008056569193,0.09629409382984139,0.05764534637992575,0.23864026335361083,-0.06595777358084519,-0.011096915374033595,0.32878787878787885,208.93359946785185,1.0
4.094597,50,481.309723,0.28506033783203316,0.12873835965604025,0.07477002723668448,0.24399571695000064,-0.09390101834801264,-0.021397693417743148,0.34333333333333327,209.49686619449912,1.0
6.048747,56,481.473449,0.28052602125642,0.11588914301299769,0.13039820652038644,0.24925147533478884,0.075157567900811,0.0822536801604133,0.33928571428571425,215.62300562990944,1.0
-2.821759,49,481.596166,0.2945088721104702,0.19530741289457776,0.0840900030635987,0.23016982802428732,-0.14076998114317565,-0.03145382144961279,0.32653061224489804,208.24079531922905,1.0
4.687375,52,481.724041,0.28656606073867286,0.13479710930213132,0.08489060620935895,0.24253024761197972,-0.09536899508787097,-0.0430711758246071,0.35416666666666646,210.0377563371295,1.0
7.534563,52,481.846747,0.28395108495949256,0.08733480457576968,0.057547215233037304,0.2434081939811468,-0.06397137860956922,-0.003003589110073938,0.31089743589743585,210.99944821098188,1.0
7.396724,48,481.959172,0.27382821991857464,0.08049911352877556,0.06525040054772782,0.26277949560770075,-0.062140602174967106,-0.01851603514276882,0.314236111111111,205.21708842105252,1.0
4.6364,53,482.121443,0.28972849336722833,0.1274486372270645,0.088085397645183,0.2362979005217508,-0.08973227398903731,-0.033498770402923116,0.3380503144654089,212.3826349615884,1.0
8.319114,57,482.265548,0.29174332552317567,0.09545220851442751,0.0746715620689641,0.23088781641858472,-0.06800656023708285,0.009724188932433852,0.3172514619883041,209.08815837682306,1.0
12.340701,60,482.413704,0.2900523827239073,0.04690226538506918,0.0668597976383979,0.23446906629113537,-0.030602537468513526,0.014539098075798722,0.35416666666666674,212.38284202486886,1.0
10.945503,50,482.543076,0.27113313277002227,0.047357781138212596,0.045557386075891625,0.2677115311296001,-0.034581816114230404,0.009149120672664508,0.33833333333333326,208.70807677619422,1.0
12.517044,55,482.675043,0.27748590535639167,0.04760371902839409,0.05839292660524578,0.2599333198192255,-0.033610457439491113,0.013321206946034172,0.31363636363636355,212.48313928150597,1.0
5.541011,51,482.844699,0.2850981063843705,0.1161915803585193,0.0638858102542109,0.24081541345825905,-0.0848923179447862,-0.026996032080484754,0.33169934640522886,202.28915616776112,1.0
10.020277,53,482.969132,0.28163020053187393,0.02294599585559523,0.07872036561477204,0.25117612342377793,0.0017527467630586897,0.005949836656511985,0.28301886792452835,206.35186827567205,1.0
8.757916,63,483.11994,0.29805024369529287,0.09368816967183717,0.11347762292191652,0.2265329615655448,0.05475598617788509,0.07663487751884715,0.3425925925925925,213.03188482081288,1.0
9.558104,60,483.266466,0.29446200071107864,0.09192321929889787,0.0789902421041446,0.22848774689661638,-0.06201285515269395,-0.021896629179816572,0.3541666666666667,211.38718004940313,1.0
12.519643,61,483.438825,0.2893084733592722,0.042771027017465255,0.0886038120972328,0.23817923600702523,0.02150905672466265,0.06231577643205356,0.3237704918032787,207.90000442975563,1.0
4.552427,53,483.566349,0.29008246041194374,0.12803870314142543,0.07885789911944653,0.235569256457614,-0.09070732158411465,-0.02239963824850653,0.3584905660377358,212.7888638963283,1.0
0.578851,52,483.688746,0.2897421212962273,0.1703540815589883,0.09576326807795492,0.2342833753924844,-0.12030513886059684,-0.032042263911292626,0.342948717948718,211.9362010913216,1.0
6.428573,57,483.824381,0.2971154137091731,0.11264135922453582,0.07505309348590584,0.2255569939150589,-0.07425349807855916,-0.03057949939250647,0.36257309941520466,210.37745490954512,1.0
4.050098,57,483.962901,0.29374506580982745,0.12128633780280956,0.13184482141292436,0.23081906131963717,0.07688207484074203,0.10255152336541848,0.35233918128654973,208.33098615825182,1.0
12.127028,58,484.128049,0.28879379740323313,0.03659035816670847,0.05882424266898678,0.23980623700696932,-0.0253005052587389,0.012384206206985531,0.3247126436781609,204.7753693469971,1.0
8.983871,54,484.262558,0.2861057261621917,0.08484571098904399,0.05850535749042625,0.24232585560984227,-0.06108118486290848,-0.004269028938975829,0.33179012345679015,202.25018792479003,1.0
1.408087,48,484.377509,0.28665530045682935,0.14972154180020195,0.08473479220170783,0.24023214896522635,-0.11169414144804778,-0.04363035439097183,0.34722222222222215,205.12964009221068,1.0
7.559289,53,484.50976,0.2850479537114768,0.10013822294795763,0.06830990614233824,0.24382679600056115,-0.07273693904218147,-0.02041456803572059,0.32861635220125784,203.31645894990217,1.0
6.949778,60,484.687008,0.2962034119698363,0.12291621264879603,0.07902007927063265,0.22524094621415383,-0.08081320107169247,-0.047761760818452854,0.3625,211.40185472130113,1.0
11.232512,51,484.806072,0.2736173176147209,0.021858762104306862,0.05862349562914435,0.26827734443049606,-0.004747073122571858,0.012060361805712216,0.3480392156862745,210.54120099511115,1.0
7.275813,54,484.929809,0.28082183769622115,0.0862272375519728,0.11210613410543674,0.25195729582585347,0.055236222357929306,0.06928544792462443,0.33024691358024677,208.1192449690889,1.0
7.388609,47,485.038968,0.2701814933704885,0.08819039396267365,0.05598742160722876,0.272200561962067,-0.06635337054393582,0.006140473582069773,0.3315602836879432,207.68027341946262,1.0
-1.661755,50,485.155834,0.31222230015233315,0.15568874851173553,0.10439539587835923,0.20834706620831983,0.11508388205007875,0.09301474273405948,0.3866666666666667,212.35152634017427,1.0
0.405429,50,485.293473,0.28973781622695766,0.16971823494216481,0.08118809815960182,0.2363965393973029,-0.12351135464180917,-0.029623960521087744,0.35,206.65135775170745,1.0
2.810744,53,485.415833,0.2840381574653544,0.12367001922344759,0.15500470836568642,0.24340432393813424,0.07981493922517319,0.11835356946363916,0.3223270440251572,204.02797560325146,1.0
7.664679,52,485.544556,0.2798589257949801,0.08758824468679177,0.09349884707361518,0.24867108049791714,-0.06562405522977979,-0.044799368843564516,0.36858974358974356,206.89454804759063,1.0
9.77563,59,485.684131,0.2920168490067445,0.09052281582133394,0.06368831158643337,0.23046541337945262,-0.05980107757563411,-0.00037549762722397586,0.33615819209039555,211.7587457165513,1.0
4.024032,60,485.831835,0.29798458084656676,0.12647023419028164,0.12428689534281048,0.2248267892968213,0.07938463116805836,0.07992022374548727,0.3375000000000001,207.08825190248038,1.0
8.585846,54,486.001335,0.28023191317218393,0.07201313796816257,0.10541185857728336,0.25243151164155236,0.04479485839185206,0.08404385326559638,0.3734567901234567,210.898001961064,1.0
8.830716,56,486.143564,0.2917118512190307,0.07915099997936585,0.07398120089610233,0.23311611232163792,-0.055195238487239874,-0.04516818769948865,0.37351190476190477,211.71019544808405,1.0
-3.886052,45,486.26141,0.285689793226688,0.19797836673191757,0.13308510636140386,0.24583243891737433,-0.14404439236303712,-0.09253494245943909,0.38703703703703707,207.77089067137558,1.0
6.941664,53,486.394893,0.27826261164990573,0.0894479374922848,0.1160824734345682,0.25458713230293134,0.05555059831339419,0.06268513794382165,0.3333333333333333,207.79002823196015,1.0
8.326389,49,486.517112,0.27298205347982746,0.06582597602597591,0.08233791556599108,0.2646618839192042,-0.048911552743358414,-0.04130516797228359,0.37074829931972786,211.508629297642,1.0
12.716777,57,486.680559,0.2808893105866391,0.02261977726872251,0.07929182808674314,0.2493010857487195,-0.0012621041542195972,0.024001839465778895,0.3435672514619883,210.5390046640551,1.0
13.270245,58,486.825167,0.28141759140135836,0.0327212285193767,0.07401121159368285,0.25167746952352854,0.012022281866633431,0.029105255331429887,0.33620689655172403,215.3102004825795,1.0
11.593341,55,487.001081,0.2823036183957987,0.022852066935499127,0.08043835123685797,0.24717915978167923,-0.004137167924124979,0.025388148688369753,0.3257575757575758,207.10043798946595,1.0
4.619846,48,487.162546,0.27810326447667727,0.12116990084904898,0.0741362703377436,0.2528211973112614,-0.09093620398782502,-0.028391992204235175,0.3385416666666667,208.6696040167234,1.0
2.630734,51,487.296921,0.2837660111261327,0.15716617973483168,0.08717756105442905,0.24478725469003743,-0.11224000711431405,-0.03948925049035123,0.3562091503267972,211.75756820165236,1.0
9.684842,51,487.450074,0.27995786910946957,0.019640154347774157,0.07239645061859709,0.25299308575255675,-0.0028526615196148024,0.03160667526293278,0.315359477124183,200.5243296588773,1.0
3.208667,60,487.594922,0.29869797107293616,0.13750537442246846,0.13255518200024358,0.2243007055615735,0.08566825451360173,0.08693535982769816,0.3152777777777777,209.9921138319373,1.0
11.502585,58,487.729511,0.28550438082127166,0.044642215555342965,0.08856164358501614,0.24331494072303989,0.01777844679086793,0.04747367513038827,0.3204022988505747,210.2245234506734,1.0
13.575738,62,487.874499,0.29226280043827507,0.021800058545241013,0.07218160774161395,0.23216276449898138,-0.0063449145770493,0.031406224445988236,0.3346774193548386,208.98110259382503,1.0
10.270582,59,488.083525,0.29083256352996034,0.08870893800811092,0.07167755583002973,0.23336886789990674,-0.06086345954407132,-0.007629578670330155,0.3375706214689265,211.46750728389785,1.0
10.853615,56,488.214872,0.2852451307063139,0.06565018780534401,0.06007447214213464,0.24319972700212977,-0.045019916092836655,0.003292313860429054,0.32440476190476175,209.0453249490443,1.0
6.884682,56,488.349561,0.2839086839553517,0.09913919205776706,0.12304275595545107,0.2462624169243572,0.06331111435956228,0.09050277505154267,0.31101190476190466,212.23303931371038,1.0
11.582949,52,488.469393,0.2718049810153362,0.025781648639153738,0.0665970809917284,0.2637968396257079,-0.0015074715254308293,0.042860989788435035,0.3349358974358974,207.7665873590636,1.0
6.226141,59,488.61414,0.29890364564428595,0.12106834415985998,0.08790339273855698,0.22297716586485564,-0.08253408763432828,-0.03925068197852834,0.3502824858757061,211.43550868017627,1.0
11.196804,55,488.772136,0.2832421624401802,0.02865568030620092,0.07843053520653502,0.24828463387876407,0.006768495902748122,0.041824559883061,0.309090909090909,208.62472281478986,1.0
6.677456,52,488.890975,0.2838493549800236,0.10871620648049538,0.06361626602350316,0.24367415975887557,-0.07884190093290028,-0.0286135959604606,0.31089743589743585,207.3501398300405,1.0
11.278327,66,489.057636,0.3039032708236967,0.05462170380336552,0.10203195812474264,0.21877776887775247,0.027397541065591835,0.06465383752942046,0.3106060606060606,206.84284244854032,1.0
-0.82668,54,489.186035,0.2986800169067419,0.16194865373685388,0.13376410487068838,0.22413401747363546,0.1112941506037304,0.10421023677794441,0.3410493827160494,212.85940390511988,1.0
10.53467,56,489.350856,0.28014847633773143,0.0479325050767896,0.10214213942984252,0.25090474551971964,0.023638207624768506,0.04892328027972048,0.3095238095238095,209.753812965554,1.0
5.469835,55,489.476629,0.28897270125622676,0.11411979206519512,0.09687607272588473,0.23700614844704895,0.07183852625980074,0.06491383862517315,0.3287878787878789,204.46615062289473,1.0
13.184269,60,489.617065,0.29112112399016316,0.02525156336226064,0.05426201805551568,0.23461204146926903,-0.013564898725252484,0.01570815250884855,0.3097222222222222,206.454946901096,1.0
3.532301,52,489.738608,0.28672678941229635,0.14525577272368503,0.08619007018419134,0.2395240563961709,-0.10564372730593832,-0.02893277884698605,0.35897435897435886,211.5766706218273,1.0
6.190754,57,489.876239,0.30022955127161766,0.10953909572442226,0.08027384074859012,0.21943463869342528,-0.07626321948690087,-0.03905365822743891,0.3333333333333333,207.89276444436845,1.0
8.80088,49,490.015814,0.27351741432880494,0.04303697726797565,0.08808875674426053,0.2650951812182339,0.021331743695653535,0.05458227848722481,0.3299319727891157,206.75948637434533,1.0
6.448918,56,490.147003,0.28770864144849406,0.10999810517512883,0.10689258090993294,0.2389387023099303,0.07070455646995383,0.06642141749502774,0.32589285714285704,205.6922574099494,1.0
9.54702,50,490.27461,0.27378710206499507,0.05155616172275744,0.05577230661595081,0.2590515258593847,-0.03875152481568725,0.005240174778244019,0.31666666666666654,207.18153564416414,1.0
0.706791,52,490.398798,0.2903505724607349,0.16721060418622183,0.09964752419338933,0.2363175605322098,-0.1199773563581184,-0.05628103631013099,0.35416666666666663,211.21280314404996,1.0
7.395626,73,490.604267,0.32533167426042436,0.09805212777355178,0.10487597433462606,0.19313145770615606,0.05504092747700853,0.07339912249746885,0.3162100456621004,210.54670195111467,1.0
3.526312,50,490.726484,0.28118957528169675,0.1351572410815236,0.09218073528498268,0.2492660521553856,-0.09912550486348769,-0.031923920765686856,0.33499999999999985,207.376334058069,1.0
-0.473579,56,490.857168,0.311613866906601,0.16941247228150685,0.09265325400177277,0.20505997240416757,-0.1177120301549689,-0.054780539074228425,0.3482142857142856,198.0057870345872,1.0
6.26389,63,491.005399,0.30493187185039466,0.12976542655551346,0.06905048272633474,0.21366421178779074,-0.0876542134410938,-0.020860903967700354,0.3425925925925925,206.7478798434369,1.0
9.377525,53,491.129984,0.27790106701580347,0.08803351218319828,0.0658832368475921,0.2564891773776767,-0.0645809855100081,-0.011557875714483055,0.3286163522012579,211.7747356381956,1.0
12.38631,59,491.303326,0.2891403805085749,0.04456390394302546,0.06356760425673565,0.2366203958072155,-0.03073229823714589,0.027670749839430433,0.35310734463276827,209.86499552019245,1.0
-1.989089,54,491.436052,0.30632457136916935,0.18818108116757817,0.10183014194517433,0.2125056550081839,-0.13009828361142753,-0.04231996622481266,0.361111111111111,203.5670171941719,1.0
6.054606,52,491.569868,0.28230556981602306,0.12530269596386379,0.06819477322762936,0.24940005263214357,-0.08625232020680396,-0.028901913133497673,0.37019230769230754,210.19171923455522,1.0
7.693753,61,491.720003,0.3036466993685049,0.11315960746200814,0.07117691390050421,0.2162857287888345,-0.07705200307296546,-0.034816205309556765,0.3210382513661201,206.36304623397183,1.0
2.971944,50,491.833591,0.2809660143426788,0.14390445942755942,0.10296967343747897,0.2468913129618175,-0.10544357149134104,-0.05816043724459962,0.3499999999999999,207.45977117592716,1.0
12.220067,58,491.987104,0.28502980266637207,0.034220048671905035,0.08103640671562111,0.2442473199649337,0.0015272528359242656,0.05729934345736137,0.32902298850574707,209.47913990154302,1.0
1.60478,50,492.102127,0.30329882928007795,0.12961671157702842,0.08107842002919217,0.21806363133203255,0.097520692235897,0.05726255237553831,0.405,212.42251911723656,1.0
13.252215,67,492.265007,0.30156561375988844,0.04268496525404195,0.08346964393575006,0.22194461299734886,0.01935241197806385,0.04392195065148504,0.3009950248756219,212.64527044984288,1.0
0.763595,51,492.393153,0.31017980356070224,0.12618618746272003,0.10142567580372362,0.2103017560638655,0.09635579744602232,0.0873663233219063,0.4035947712418299,213.74327538080348,1.0
8.132092,53,492.541796,0.2775875585690071,0.10028383346989818,0.08915462648060891,0.2531597274676861,-0.0719865463561795,-0.006931391813545337,0.3522012578616353,216.54034021989713,1.0
4.883109,55,492.674172,0.2872596001465847,0.11940258725784679,0.12803329655384174,0.24176838114450983,0.07854075985156857,0.0758907063038817,0.34242424242424246,215.25484853451854,1.0
8.096558,60,492.815776,0.2976801299278101,0.10770028640581422,0.08756349567417987,0.2223393894376494,-0.07233994228020363,-0.01896259478129232,0.3541666666666667,210.67532212156095,1.0
13.700734,62,492.962799,0.28922154499449476,0.04461261825151352,0.053604671062281756,0.23631829591144424,-0.02820511201914818,0.0004133336405885829,0.34005376344086036,214.13910877439133,1.0
13.169245,59,493.100933,0.2859937403829908,0.020020990357931492,0.07761555865858046,0.24456610689963004,-0.000200423006989723,0.0352121318665035,0.3192090395480227,211.9603983372869,1.0
3.80092,55,493.271959,0.3055147979222362,0.12527427808200053,0.07610352971751523,0.21528116753464935,0.09091637782823962,0.055323389446385804,0.4015151515151515,214.34253146752886,1.0
8.670378,56,493.404356,0.2885337626041518,0.09424901816484087,0.07451255442513242,0.23688022636458375,-0.06584885942716279,-0.027495032109089497,0.36904761904761896,212.33048668272608,1.0
10.563455,60,493.543043,0.292888646311547,0.06166378421512497,0.0861946695766836,0.2317186489025428,0.03524410984014379,0.042184002401122966,0.33333333333333326,208.67705918099063,1.0
2.248134,58,493.681216,0.2945875486137858,0.14776326475216198,0.12952878437478055,0.2308670797986447,0.09867661893581314,0.08780724899886798,0.3620689655172413,221.06188369788924,1.0
13.066779,59,493.845199,0.2855455040236583,0.04479858932786711,0.053044712727654174,0.24049015475623733,-0.02940904104594521,0.014713929610718934,0.3587570621468927,212.24242759137115,1.0
6.184626,53,493.975367,0.27755807217263034,0.12765915903958117,0.09176871247213149,0.252705931767868,-0.09249759853052761,-0.02408684066860809,0.36792452830188666,212.5790920798886,1.0
10.598875,62,494.127737,0.29461923746504853,0.05713293452850294,0.11126471066995804,0.22888816056075423,0.02713966381573376,0.06075050168587275,0.32795698924731187,209.4684686145172,1.0
9.47501,60,494.282532,0.29080097674962807,0.0884535783607332,0.10079130620921076,0.23654296494860955,0.05389231931270679,0.0719529201595579,0.3638888888888887,215.52758047415122,1.0
2.717365,54,494.420761,0.2954695218066959,0.14613825713765186,0.10598362194312229,0.22669115528028183,-0.10603064675043099,-0.05982002526179907,0.353395061728395,211.4607852995748,1.0
6.749346,59,494.58614,0.28642659683197386,0.11364768376765907,0.12998539159500758,0.24117555758385184,0.06903874108841522,0.09089354581940984,0.35593220338983056,213.34218546469486,1.0
6.392159,52,494.708254,0.2817152149920186,0.11985733760724503,0.07174779130561054,0.24920623234789,-0.08478870352683938,-0.018917258998469508,0.41185897435897423,214.75416203207772,1.0
2.74622,55,494.83353,0.29771795849050536,0.14967631037103907,0.09141845926862611,0.22468319643988105,-0.10411444084589086,-0.04618793434298132,0.3727272727272727,210.72500945787866,1.0
7.584388,53,494.955299,0.28492348209499285,0.1059771521468926,0.07289097171958209,0.24373212300041366,-0.07687979976145932,-0.03204419783954995,0.35849056603773577,209.382569222121,1.0
13.028824,71,495.14635,0.315231806952526,0.03716952736922953,0.0827173418058642,0.20527003852697687,0.01700678728783612,0.04453564302720938,0.32746478873239426,204.03812916126503,1.0
7.630162,59,495.296938,0.30115057960549335,0.10541178261896583,0.06696614953779745,0.2193860154922302,-0.07413260235196167,-0.004669441006765992,0.3347457627118644,205.5166670453966,1.0
6.397601,51,495.423232,0.2812722391934177,0.11418084655396328,0.07542307510727259,0.24966027348420267,-0.08427216856649146,-0.02565566344494128,0.3496732026143791,207.61110515011313,1.0
9.166742,55,495.561913,0.28145241463812604,0.09663756955243075,0.060743201619915865,0.24668609567095345,-0.06916113987735019,-0.013205083910662956,0.3515151515151516,212.1120646169286,1.0
3.933523,62,495.728422,0.3085301623767582,0.12983801965107325,0.10947835432943484,0.21098220021751482,0.08289187391403517,0.08471384673172933,0.36021505376344065,215.11058467587313,1.0
10.587139,56,495.868017,0.29010715442411017,0.05641679597315997,0.05134991522846262,0.23364478071938977,-0.039465637023873464,-0.0013420358384535198,0.34523809523809534,202.9099353001443,1.0
11.030192,59,496.014092,0.2872330750649127,0.046490282034110576,0.11768176502594334,0.24315863797011075,0.0205631516251048,0.09171289594960173,0.3050847457627119,204.82276069568476,1.0
-4.956424,53,496.146852,0.3153302347336336,0.20510264342766774,0.10763607264544527,0.20104511626860114,-0.14273325045128918,-0.06467080570237134,0.3647798742138364,205.91243126883077,1.0
13.314828,65,496.322787,0.29917925724539407,0.03352275615272088,0.08714320344175885,0.22560749902544622,0.015087598270035522,0.055052803964539085,0.34358974358974365,215.26966452934496,1.0
4.820394,54,496.474243,0.2865267873043146,0.14188553667651627,0.07951201020240495,0.239306684699943,-0.10236776366612803,-0.021470969195851012,0.3410493827160494,207.14213234579424,1.0
-1.812817,48,496.598704,0.292888925572044,0.15851638292711487,0.12381094263485806,0.232486219676489,0.11797023704709303,0.08621743156909388,0.373263888888889,208.94936731339274,1.0
12.30048,62,496.762817,0.2992110624624938,0.05375145246637751,0.06138749533321227,0.22447014849718427,-0.037347920805145006,0.01604812856352085,0.331989247311828,204.11166792551356,1.0
3.372755,57,496.901898,0.29275296847163124,0.12987567745462428,0.1335499240114106,0.2311927071520926,0.08330219436251378,0.0932026903079865,0.3084795321637427,208.46863164271488,1.0
-0.555109,54,497.056859,0.3007054434609122,0.18433888913484814,0.09735983775881353,0.21989157444985288,-0.12785003667588968,-0.035809514138445714,0.36882716049382713,211.81315096377364,1.0
10.74363,56,497.189892,0.2911308115982503,0.03528396647160219,0.06553784781780068,0.23512655507685917,-0.02519021552818732,0.008596481876717164,0.2901785714285713,204.1545645916671,1.0
10.766477,58,497.334589,0.29007354211444714,0.06969462075104789,0.05698083358637011,0.2350546351659099,-0.050633164348770514,-0.0022633057673748245,0.32758620689655166,203.94952682098784,1.0
2.634253,57,497.469933,0.3036849722032048,0.14860826190312998,0.09650856426186184,0.2162119380057752,-0.10417535907720053,-0.03248553589769579,0.3406432748538011,203.2992972029675,1.0
-1.28659,62,497.627119,0.32649499484351824,0.17740400050417335,0.10772762375125156,0.18882406507572094,-0.11494643197405424,-0.03304810358553453,0.35080645161290336,207.6799835341903,1.0
5.701832,62,497.806933,0.30172196208002405,0.10790196283096547,0.1307434589772201,0.22320636846681244,0.06587807140848524,0.10301415068027116,0.3118279569892474,201.4070191997234,1.0
10.429274,53,497.937934,0.28091986950694353,0.05685037623315216,0.04600853867638986,0.24840683801799407,-0.04002140840326118,0.01214286741977038,0.3474842767295598,207.89369979651863,1.0
9.29211,62,498.09299,0.3039457655704909,0.08910157620544135,0.06540736227550971,0.21539901438214612,-0.06007125839419542,-0.0007741181222385383,0.35618279569892475,205.080351400884,1.0
13.299425,62,498.247253,0.28985466240834856,0.03094451218025523,0.08518677624456691,0.2380391952907223,0.007981806114031674,0.0657518603115615,0.30913978494623656,210.70241668212083,1.0
7.747207,59,498.447773,0.2939279901421851,0.07865343339342298,0.11295865549086527,0.23192260672982026,0.045614996159638814,0.08453749771871778,0.31214689265536727,206.247611743324,1.0
10.932287,58,498.592522,0.2943490839605616,0.049872212478311154,0.06122075639986049,0.22935280019517568,-0.03661792686363813,0.03706770281164913,0.3290229885057471,203.49904940628548,1.0
11.26054,54,498.725495,0.27353500419661914,0.03406090643972914,0.10694512643653804,0.2663732667125252,-0.0014374168726323628,0.0830135549790646,0.3040123456790123,213.2881231580321,1.0
-3.83671,46,498.834829,0.30345649245901185,0.1666312957345301,0.12499866754519222,0.21964511328635447,0.12548012886154683,0.10945063975906524,0.38586956521739124,204.85093359000467,1.0
2.795369,53,498.959546,0.2825354918954369,0.12198440077654937,0.16034341848010325,0.2514259624398879,0.07762321775739386,0.12261640898012675,0.33018867924528295,204.32052220477408,1.0
5.984393,62,499.135706,0.3025446462423696,0.09938032919435631,0.12994427039447756,0.2214968502603995,0.058005237214744036,0.09714079686168177,0.30107526881720437,205.89033914761163,1.0
13.346086,70,499.317773,0.31420012382049073,0.022041909615618173,0.0838077564827913,0.20765256337333982,-8.920171128308597e-05,0.056968628458793795,0.2797619047619047,201.61319733140027,1.0
-2.97414,58,499.461892,0.303638652508857,0.17949337019872338,0.1617907293584413,0.2174487306836528,0.114950775025369,0.13051124260394115,0.3261494252873564,206.82358510976255,1.0
-9.959238,53,499.585185,0.3368489482561764,0.2323583260235151,0.13133243450414978,0.17642066402201198,-0.16584308408700052,-0.074188004984011,0.3238993710691823,200.45344821034035,1.0
-2.715758,57,499.747142,0.307128649873085,0.18055054165358922,0.15231324144999647,0.21342066980230578,0.11870847382298064,0.12240099174422903,0.35087719298245634,204.38140859148584,1.0
14.081864,70,499.912583,0.31299297390828906,0.019868776114695303,0.07055852757043742,0.20742711585787066,-0.0032159384451187407,0.04490370602148524,0.3166666666666666,203.29653762234236,1.0
5.86502,70,500.076297,0.3308331538396666,0.11793022354528107,0.06025755555096581,0.1836518365360049,-0.07732005667824281,-0.02057011666180533,0.31904761904761897,200.22922620045225,1.0
9.801073,58,500.219167,0.2940800939487023,0.0449987128793376,0.10623439037306914,0.23312771107571895,0.019404960243831045,0.08016526941635638,0.3045977011494253,201.5954491892607,1.0
4.778243,59,500.391447,0.3034650473837966,0.1316467370612362,0.09445728216712854,0.2147496877391112,-0.09239344459873264,-0.02272894928934466,0.32768361581920896,204.6402356458068,1.0
5.377642,56,500.526316,0.29635826636491874,0.13223481200741222,0.0629318713448783,0.2283501291291244,-0.09311201509876108,-0.019761719247419474,0.3467261904761903,208.69011606935825,1.0
12.140079,55,500.656291,0.2820034729918434,0.02148770187630648,0.06539777639450237,0.25199789604060513,-0.007517550977609333,0.04752996630825206,0.30757575757575745,201.6572198995656,1.0
12.8766,66,500.814501,0.3053107570630411,0.03008495414723805,0.08800733847738743,0.21968860333144352,0.007632576944372239,0.05632666525496602,0.3106060606060606,201.83678512326796,1.0
-2.458369,56,500.96065,0.3193975462953296,0.18722700449106094,0.07884546022665706,0.1967945462800207,-0.1299915572745971,-0.03251744310460287,0.3273809523809524,201.9341965613751,1.0
-5.075154,50,501.11185,0.32447196408678686,0.16385608972290694,0.13141570352900642,0.19003034522828952,0.12541442607664685,0.10897640893037662,0.43333333333333335,209.8729258864953,1.0
4.406533,60,501.262997,0.29570945011631095,0.12405350040649467,0.13404637453746984,0.2293985941539171,0.07453089928839599,0.10041832462618494,0.3180555555555554,208.64662615124703,1.0
12.436164,59,501.416045,0.2815039938914675,0.03391229494683787,0.10770074371551377,0.24808923322435228,0.008903825531813084,0.06986934514578695,0.3418079096045199,212.3387978205093,1.0
-7.045702,51,501.540213,0.3168400166465418,0.21712789556241835,0.13404378040492573,0.2007076495938704,-0.15415484746127422,-0.07781903935877174,0.3627450980392157,200.5520624912912,1.0
0.760678,51,501.69295,0.29319177000035057,0.13785344000964747,0.13019203302025797,0.2302854719724781,0.09252947641939924,0.10609388562434229,0.3235294117647059,200.9706269482943,1.0
10.544628,64,501.847899,0.29954138778462985,0.07076444077869008,0.10657220260678418,0.22444325162783815,0.04163319634506264,0.07234054761736416,0.34375,207.27836631246356,1.0
12.295372,56,501.981624,0.28375135986251593,0.03365698180511344,0.05517560828346368,0.24449941422081453,-0.02297024705421113,0.022884132241748196,0.337797619047619,206.29296936641984,1.0
12.301235,63,502.134811,0.29832785008729507,0.06840091185572209,0.05119263981550225,0.22382194032554045,-0.04677409641776539,0.004915941808828589,0.3452380952380952,210.6958880469543,1.0
12.157747,59,502.278548,0.29158199606182206,0.020970530433924495,0.07337043162580434,0.23497706205661498,-0.009468277701540486,0.02075267752269047,0.3319209039548022,209.34556813265587,1.0
10.244981,57,502.451504,0.2927996963040447,0.0647532944698694,0.04375017759144345,0.23191670746267243,-0.04757186144987946,0.010726488149115329,0.31140350877192985,209.68968317342785,1.0
4.714555,60,502.601923,0.2953011000562914,0.12952848680931717,0.13891865100823286,0.22915810636968195,0.08207087688038767,0.09299090767683299,0.36249999999999993,216.40744377317787,1.0
2.329933,59,502.745442,0.31322182278705546,0.14926672031785918,0.07527932083748638,0.20305527835861878,-0.10202371455742933,-0.028049720480344032,0.33333333333333337,204.23811128652181,1.0
2.165994,59,502.886326,0.2957827172295492,0.14248549976475558,0.1434554200573491,0.22849841804458165,0.09147390227626304,0.11148212574076356,0.3432203389830507,210.85305446068875,1.0
8.161135,68,503.107102,0.31194684149971635,0.09693438185190134,0.11304758313821257,0.20856630564436596,0.05342651961343203,0.08339269992282437,0.32107843137254904,205.10883562459404,1.0
11.332439,67,503.279895,0.30592343095784363,0.05619040346618,0.10823182560667279,0.21668999155682947,0.028613458172818008,0.08021411603660772,0.32089552238805974,209.22865895601126,1.0
-4.511699,54,503.416432,0.3162404221229266,0.20181599790170876,0.11807909336044516,0.2019650491816421,-0.1385813743826649,-0.06020760316801578,0.34567901234567905,204.8699524861556,1.0
4.771078,56,503.554992,0.3014126071101792,0.12636479930449102,0.07040535699175335,0.21874073815388748,-0.09021543601911593,-0.034797553161023544,0.3288690476190476,202.67229072330764,1.0
-0.84632,51,503.69644,0.28926731896302105,0.1450241234134727,0.15761834999822513,0.23748174041715397,0.09859855251293385,0.11691312387425448,0.3660130718954248,208.57944244866175,1.0
14.329447,71,503.870006,0.31423653002738167,0.021197015035654253,0.0613373889116205,0.20739763887898982,-0.00812428225305884,0.03309035045181984,0.34389671361502355,204.39697770578744,1.0
3.65645,59,504.013366,0.307686876518098,0.1375167520825642,0.08055308110376849,0.2103156428103724,-0.09470975886716163,-0.028978064004805806,0.3573446327683617,206.51798477235965,1.0
8.22079,63,504.18142,0.29566768162800083,0.09961815448140693,0.12097447857521126,0.23006035690750748,0.05927862334597826,0.09352805483668726,0.369047619047619,211.61967739576284,1.0
0.968548,70,504.382586,0.3357541166410675,0.13878775475555177,0.11307754897799911,0.17993750061325522,0.08257969363052242,0.09511281168039572,0.3345238095238095,208.4001783315025,1.0
7.471042,56,504.520791,0.2864167344879057,0.0776255922308614,0.11743181280789647,0.2429124207488638,0.04679659896622813,0.08899105462557104,0.36904761904761896,209.1599043743772,1.0
10.757579,62,504.669452,0.29477960052160473,0.060107545021143474,0.10587809224682514,0.2296625523732197,0.03383191093969632,0.0789299531866118,0.36155913978494614,206.48525306258318,1.0
7.923463,62,504.821312,0.29257585225482496,0.09778833655163312,0.14091843622549421,0.23490103501187284,0.05583632798459348,0.11561656093568985,0.37365591397849457,209.0853560668745,1.0
11.282672,61,504.988613,0.293877740579724,0.03758270824109011,0.10327252027858076,0.23272702233492473,0.014797390744261077,0.07477406018848423,0.3565573770491803,204.36285044810575,1.0
13.916558,63,505.142228,0.29517795877950637,0.030010371969799058,0.06759527210960904,0.23118117046859826,-0.017313732527529158,0.037461104775514946,0.35317460317460325,205.2854214745788,1.0
7.748346,59,505.29454,0.29952957595399443,0.07583179552821274,0.10639071147059617,0.22760135520739752,0.0454897752299199,0.08154476878178314,0.348870056497175,199.69269310735388,1.0
10.821871,78,505.484465,0.33638033135859124,0.07902491940645479,0.05949002571480926,0.17982340815768444,-0.04930141147752701,-0.010950915775983708,0.3493589743589743,200.78489730438903,1.0
12.979025,59,505.654235,0.2857803852091824,0.033617773212424686,0.07443806156880588,0.24395979828828904,0.010824908145387346,0.047103202988110264,0.40112994350282477,207.0801281865617,1.0
-0.955629,50,505.772557,0.2834144060381894,0.16134614834702185,0.1506044584550152,0.24682899460570493,0.11090043770882907,0.11213967623049692,0.4066666666666666,208.2113418236717,1.0
9.044709,55,505.905017,0.286230058652706,0.0901503356708298,0.05821801736872136,0.241622747391707,-0.06656047928196289,0.0022360232433572,0.3606060606060607,204.57842502992554,1.0
9.638265,59,506.052869,0.28587253681585884,0.07043085445557952,0.11248337254369015,0.2427641396670087,0.038908536145844747,0.08626627111529,0.39406779661016955,209.79092272566857,1.0
12.726284,61,506.19173,0.29489238194635975,0.023666987258397616,0.06931282849650493,0.23116130002882707,0.002689094602799544,0.038494800327942856,0.3907103825136612,207.08198404166,1.0
13.0928,60,506.36671,0.2915890083882143,0.02176524137121637,0.05765168360803503,0.23469215809966684,-0.010665278418742574,0.027057858686408243,0.38194444444444453,201.48233683589032,1.0
9.611809,62,506.524801,0.2934910298936715,0.07728447118376813,0.11176561529047949,0.2340106128639902,0.044298875013148324,0.08311818777709154,0.3629032258064518,211.18533548495049,1.0
8.773397,57,506.666561,0.28693132629236506,0.09957811963741348,0.08320814083982396,0.23963283953805214,-0.07080455272612346,0.007033836520568824,0.40497076023391804,207.69014623305472,1.0
8.119053,56,506.800469,0.2965096886338385,0.08656750945025168,0.046713351086636344,0.22605421680981055,-0.06294107674754142,-0.004550986579642063,0.40029761904761907,199.5583900155717,1.0
9.26237,59,506.964514,0.2901365229501953,0.09805352351162587,0.08966059745134788,0.2350304197461692,-0.06876050422772083,-0.005533616155063957,0.39406779661016944,208.97694094182785,1.0
11.749789,57,507.098075,0.2895103252620248,0.03998417754122868,0.0627248473757434,0.23714567505383177,-0.02677223226199109,0.03287792679239673,0.36403508771929816,202.24941096655937,1.0
1.058744,65,507.261148,0.326982895125628,0.1289645928323394,0.12302909369792076,0.18894632589169563,0.07725842056123226,0.10024298040923543,0.3935897435897435,201.26393979238873,1.0
8.637688,62,507.418406,0.3051057263800608,0.09799679009276428,0.07327852454577938,0.2154230017879014,-0.0671059906477013,0.0012222005333393565,0.3897849462365591,202.8281944270843,1.0
-0.106477,66,507.608677,0.33584627324849037,0.16251708973674134,0.08636892805456978,0.17714874532276303,-0.10506087935831537,-0.03434144135923909,0.3863636363636364,199.58857353383814,1.0
4.557775,56,507.748325,0.29100319187380175,0.11780610296911136,0.12336436522479237,0.23605752139913833,0.07497982405392901,0.0932911277982462,0.3943452380952381,206.98024505849986,1.0
10.83334,54,507.883017,0.2798846637749178,0.02904353868021285,0.08983626867833748,0.25168453189093354,0.001866331830749245,0.06610965904686353,0.3780864197530864,206.77065760075317,1.0
7.843863,55,508.011581,0.2944732180767344,0.09647706558610182,0.05942466920477464,0.22896388218752362,-0.0704661312444634,-0.014392798658443956,0.396969696969697,203.28666556109337,1.0
9.834447,59,508.147133,0.3006093097683943,0.06190017258230353,0.05608641617909333,0.2211530151340004,-0.0467545860368919,0.008392745524395636,0.3728813559322034,201.72002663124803,1.0
15.285016,68,508.349717,0.3008121961396029,0.029144035231253813,0.07180350174493033,0.22425670053355848,-0.006097863275074632,0.04037265105812922,0.37622549019607854,209.02872734336458,1.0
-1.553364,56,508.490609,0.3080380360122379,0.16294074340669173,0.13086855715725118,0.2115392221779113,0.10831694330303888,0.10948832901867527,0.3690476190476189,200.22607025951336,1.0
13.010939,78,508.684659,0.3376616088640465,0.0319376321314084,0.05575261754372196,0.1826723480219953,-0.021287750371238385,0.027716903646347657,0.33760683760683763,195.53880890584026,1.0
10.075289,72,508.862572,0.3211742435133583,0.0648940984340353,0.099405263650015,0.197114480836904,0.03558537934291277,0.050527422821554285,0.37037037037037024,202.5514557499606,1.0
10.9225,67,509.040887,0.3028495084656624,0.06813990561757508,0.11420330036744047,0.21999205813549394,0.03410136162312116,0.07788886359893438,0.3619402985074628,204.61550899535078,1.0
13.144737,60,509.182633,0.2921269484658865,0.023668565238107876,0.05427573201248534,0.23422102342759848,-0.01419076829303184,0.02054260745863583,0.4069444444444446,203.56792674748476,1.0
3.307682,57,509.318257,0.2931128379713525,0.12825096885518983,0.14672614160607467,0.23306502683457503,0.08160856122895344,0.11573138256925813,0.3991228070175439,204.4048752481721,1.0
3.973647,67,509.476222,0.3198185283556429,0.12026504825678701,0.1310480582119653,0.19838225140377516,0.07067142154171062,0.10871665873198118,0.3656716417910446,199.5192612319498,1.0
12.560816,73,509.668087,0.3230867442276912,0.04299025170967955,0.07298884720193409,0.19752894019196024,0.018018656353821515,0.04965615816729423,0.36757990867579915,199.25125593568106,1.0
9.955829,53,509.796086,0.2800257741126061,0.041904984820360196,0.08691057292942411,0.2525128105546239,0.01855138875813389,0.0549872945765287,0.36477987421383645,204.40519535677893,1.0
-0.019148,50,509.915577,0.3086078092554704,0.13027357854100913,0.09119044130333162,0.20945738878003298,0.10086502653546293,0.07840279954920765,0.43833333333333335,209.85972835727677,1.0
10.660003,56,510.044288,0.2936130929051532,0.030815169551575754,0.0483554871472668,0.2307337632004043,-0.021431562641566454,0.027006109941253072,0.3675595238095238,200.62822055538777,1.0
5.804245,63,510.21992,0.3071990390464685,0.10925316168490123,0.11339612214802293,0.2126117179496489,0.06596491248933903,0.09196469018507807,0.3994708994708994,203.79300461123879,1.0
2.443362,60,510.368978,0.31330578600271913,0.15524237412429664,0.08854720541554756,0.2023440134935455,-0.10533189389014365,-0.014345125431937673,0.4277777777777778,205.94842813178556,1.0
4.899703,62,510.520936,0.3060578550423777,0.11093747463678037,0.1243236319983847,0.21321370518463398,0.07053356049216879,0.0943417287954909,0.3924731182795698,209.52157382607533,1.0
11.545773,58,510.666598,0.28766422267444985,0.07067960503268894,0.0560999766892798,0.23769296530964035,-0.04979185668298857,0.0011063996061788717,0.4066091954022989,212.78251878939446,1.0
4.532298,56,510.825605,0.2991417158178314,0.13272694619198228,0.09109575541943819,0.22300267174027547,-0.09189767410967242,-0.01679418272827908,0.39880952380952384,206.94364981204077,1.0
6.96252,59,510.970631,0.3001598879717361,0.11797521411018577,0.07445485688568439,0.22069830265668752,-0.08281342254350156,-0.01980251220377131,0.3912429378531072,208.0533928593205,1.0
3.612363,61,511.120773,0.3207596086027738,0.11264835675107407,0.09358620691279054,0.19500175280424045,0.08064392154088258,0.07182814557090961,0.44535519125683065,213.70279766649466,1.0
12.040859,57,511.260342,0.28367838683934,0.030735448211702703,0.0789589986987875,0.24644218319080735,0.003528241168931329,0.047414814538904594,0.40789473684210525,207.43786394640046,1.0
0.41931,60,511.405501,0.3367794258459726,0.1262707240250172,0.07881715423107441,0.17586434820004299,0.0966465225385288,0.0621998965055816,0.45555555555555566,216.59157573537783,1.0
12.739275,59,511.574407,0.2848337875687604,0.03618260459489392,0.08678459362809421,0.24400969704196931,0.010237831311439773,0.042388984843654595,0.3940677966101696,211.6061514705843,1.0
12.470494,61,511.728305,0.29117756626269264,0.04467201549152848,0.07800249217476829,0.23345323761231548,0.015488268056327898,0.05011636213933367,0.40437158469945356,209.8092650908847,1.0
8.08382,67,511.895902,0.3100047716406344,0.09752280413061837,0.10514767210002224,0.20859913347208728,0.05873399746219172,0.06943951090683904,0.4054726368159204,207.1446518819564,1.0
13.655987,61,512.041541,0.290899906770937,0.027257469718837656,0.0666877631072101,0.23358038365002828,-0.010392516851598992,0.015189855287852338,0.394808743169399,211.6008488508044,1.0
4.657881,57,512.207839,0.2934900862855602,0.12022269589440437,0.12008882343148078,0.23020771644717644,0.08005093158455293,0.09632111029357535,0.412280701754386,209.22255026783375,1.0
8.69158,62,512.358538,0.2953499853275884,0.0907951688767975,0.12137934856597701,0.22994410335541213,0.053623809261244944,0.0813336493478616,0.38575268817204306,217.24961193886088,1.0
10.811258,53,512.495252,0.2813478136980402,0.05112228081874009,0.05327821828356935,0.2510674323808557,-0.03723642396318385,-0.00934363945971375,0.39622641509433953,210.18732460959947,1.0
5.228142,62,512.644108,0.31281882183028525,0.11322241341453898,0.09063101772390929,0.2040289728825238,0.07863674400211912,0.07147760677853023,0.4408602150537635,216.27311110223147,1.0
-4.380151,50,512.796994,0.3233203771292173,0.16462565920272268,0.12845620690673304,0.1941117329693076,0.12297153694997313,0.11246865077530113,0.46166666666666656,213.29971710864373,1.0
2.506511,57,512.931761,0.3020007902769914,0.13121355851453514,0.12608868216279498,0.2184101319883509,0.09230647719473638,0.10619974054674056,0.44005847953216387,211.76328761857613,1.0
11.850248,58,513.065354,0.2854174311003392,0.06475690608938969,0.06685574382182326,0.24167786013206086,-0.047079710379401514,0.005812766542131342,0.4137931034482759,209.77680604512045,1.0
7.511618,58,513.202615,0.29476750267643936,0.11408555136774098,0.08157974920951658,0.2274279137592814,-0.07621571580217174,-0.030462031576435945,0.4238505747126436,215.41815456221812,1.0
2.185736,69,513.359804,0.3374493109789007,0.12723687018636543,0.09126632819611713,0.17518651409611696,0.08574031079699293,0.06277607340506149,0.4359903381642514,217.72074842250277,1.0
6.049948,63,513.958582,0.30024633211416474,0.11392102876598503,0.13611657716463685,0.22183711450451776,0.07178884306511997,0.10244761929023807,0.4113756613756614,216.79157708186924,1.0
11.395884,54,514.099116,0.27910562319947274,0.02901903486461309,0.07680787516808771,0.2529898828186207,-0.01118408376855057,0.03900188251522601,0.40586419753086417,215.66893375495292,1.0
-3.073702,53,514.230291,0.31030414379969196,0.19580041082258853,0.1035235619636243,0.20766607237233375,-0.1353148104629762,-0.06861529679996023,0.40251572327044016,208.96946572720236,1.0
4.738372,65,514.390498,0.3101988325965443,0.1239944739978421,0.11766253367909808,0.20783392075790053,0.08197803448252973,0.08927285430063872,0.4371794871794873,214.27027631300592,1.0
9.116587,59,514.551839,0.28900122904587666,0.1049555215194115,0.08865953418826965,0.2352593080656119,-0.07297353457996608,-0.021434124470121434,0.42514124293785305,219.9705035019995,1.0
11.036359,60,514.69509,0.2900559442727826,0.09038985818956244,0.06311656108032665,0.2348143023394684,-0.0601742488208356,0.006929037168650916,0.40277777777777785,215.59834399730534,1.0
8.937341,54,514.820495,0.28226845993222205,0.1049276845908202,0.057568025585513445,0.2461951213666381,-0.07462162538044215,-0.01252793109505527,0.40432098765432084,213.89309454929602,1.0
11.518383,57,514.952895,0.2828218315988831,0.04006758120727084,0.10469989839719651,0.24650253775711084,0.01510546303780347,0.075240983165137,0.3932748538011696,213.48341724284097,1.0
11.330129,55,515.097251,0.2835539881393427,0.057752677854782324,0.06578324233502576,0.24584376185557472,-0.0392934676136219,-0.016894867660474083,0.41212121212121194,213.590370625591,1.0
13.724881,69,515.265865,0.3057333451086033,0.03784239130218255,0.09133894911459087,0.21545800604865606,0.015055010968233086,0.05985720564211045,0.37801932367149754,210.11133636806449,1.0
9.486303,59,515.408233,0.28704537757076226,0.09089793912843759,0.10214275385532086,0.24196381238496859,0.053641968741719906,0.0789299277216456,0.38559322033898297,212.00669823777582,1.0
10.501682,57,515.546192,0.28102842015624696,0.06727302938782538,0.10675688109702389,0.24944971260274565,0.03545452793136506,0.05862689501917577,0.41812865497076035,213.65692479918945,1.0
12.589888,63,515.696797,0.295521874184097,0.06917020173615741,0.061394308028208215,0.22717916695640408,-0.04344201139102215,-0.007592869270625214,0.4206349206349207,220.3515552190843,1.0
9.939511,55,515.845664,0.2814740304186743,0.09041170021317603,0.05316668330067525,0.24548409972453827,-0.06476200655864957,-0.011528075491880134,0.38787878787878793,209.77558874312243,1.0
11.20724,53,515.969884,0.27398589951653574,0.06484762263923996,0.06880801007674828,0.2583245971638088,-0.04578734781916785,0.007888327037114683,0.39622641509433965,213.53043380216965,1.0
12.028137,57,516.112918,0.28680769589261623,0.04803806952413258,0.06063741747680907,0.24110751513202816,-0.030303433497961774,0.020839965699466806,0.3991228070175438,216.1766091960787,1.0
13.728785,64,516.277227,0.29796143703536265,0.04407874655298515,0.04713569284789322,0.2227499743921839,-0.026858192617788202,0.003896294614758146,0.37890625,215.93959435020858,1.0
12.744537,64,516.469707,0.2956963976521902,0.07838916835212659,0.0592441342198264,0.2262078037369837,-0.05169228191307951,-0.0067187897754543285,0.38541666666666663,221.01825038634126,1.0
6.949397,56,516.612806,0.288734234867797,0.12190900849191949,0.07810775941839865,0.23616961440273207,-0.08289718529733882,-0.0034650017614565732,0.3883928571428571,212.26716262778672,1.0
13.52043,59,516.756484,0.2811406981004486,0.0348264262685384,0.08417481351571043,0.24775298962691938,0.006227198096982975,0.05484365985653067,0.3799435028248588,214.4998012745235,1.0
15.073667,65,516.950225,0.2933657552181483,0.04321632471662779,0.05567601427524099,0.23081890891620674,-0.02589399297693893,0.02060202255102657,0.39230769230769236,217.25895684211793,1.0
12.327197,59,517.199125,0.28242522599926834,0.05390448182945288,0.09369464148938242,0.2489981050780934,0.022268861698609876,0.06460239916052915,0.3587570621468927,213.83592759041778,1.0
11.537866,53,517.341402,0.27008570130162524,0.03297316727172431,0.09421161538150964,0.26455522515856045,0.001318970138908155,0.057919538918457227,0.37421383647798745,216.17754344827563,1.0
2.944553,53,517.469498,0.30452447488852946,0.11202913077077027,0.1043819640778724,0.2160118777562643,0.0857498742942503,0.08072288416245321,0.4371069182389937,215.03589680371363,1.0
5.418712,59,517.608862,0.29751558533220607,0.1421924287204544,0.07269102024958873,0.22290088252804316,-0.09756934681867352,-0.030118618329496007,0.3926553672316383,219.1661547227791,1.0
6.282152,63,517.753634,0.30837806864701084,0.12884355558455762,0.07404829341490725,0.2084394475640568,-0.08426543965564189,-0.017563501732897155,0.4206349206349206,217.2875141240799,1.0
9.351353,58,517.942619,0.2905056630605143,0.09703641615798271,0.07055772158629713,0.23351359965180354,-0.06707217145952914,-0.0014745600560904103,0.39080459770114945,217.50625663673267,1.0
-2.460861,55,518.071218,0.310397874008924,0.20030347946028074,0.10227984419764713,0.20792266477606625,-0.13367852367735567,-0.04291746247095191,0.41363636363636347,214.65266548181035,1.0
7.49963,59,518.208055,0.29326290025657,0.09741673824694537,0.11289626645873149,0.23206819985594349,0.06275625558185036,0.06119871960052696,0.38276836158192085,212.44557366505657,1.0
12.352614,62,518.350256,0.2912751862311164,0.07405561957970426,0.05608254307195873,0.2317808731444225,-0.05157559202636061,0.01601496505811142,0.37768817204301075,218.63677732179934,1.0
10.563855,60,518.52573,0.29057550887277805,0.09862937950696128,0.06181083106572725,0.23399735458163418,-0.07026594400652256,-0.008259498314622278,0.3972222222222222,218.82509275773427,1.0
4.127689,53,518.655753,0.2864766992572066,0.14032545564543977,0.0766113746141281,0.23913100259522996,-0.09816231082348732,-0.03905493971102425,0.3710691823899371,216.5070564070614,1.0
10.098066,65,518.807096,0.29790830026492127,0.08395519138384035,0.11076793134246576,0.22569055994434606,0.04480061879073597,0.07627902439493332,0.3987179487179488,215.19850474795516,1.0
7.136215,58,518.945534,0.292561130954562,0.12626491384988514,0.06797800778161711,0.23121005879636297,-0.0846817040713748,-0.0035599236195315805,0.40229885057471254,216.87492618746413,1.0
6.269381,55,519.114052,0.2856085267162151,0.13517196593628095,0.05521653399282772,0.23989974782456597,-0.0951187309682626,-0.020980080101213015,0.40303030303030296,217.89452325519414,1.0
9.644587,55,519.251713,0.28151320349024467,0.09176404777940507,0.06646750721398156,0.25063560421725184,-0.06635065842513238,-0.015002485609030445,0.39090909090909093,217.49623161595326,1.0
9.630084,60,519.397373,0.2822519904014835,0.08526799687681003,0.12456406324595785,0.2466005290537191,0.05132698769076337,0.07667064348968392,0.3763888888888887,217.90735115895615,1.0
4.804064,55,519.537005,0.2914405349312546,0.13685889640729604,0.07184397503268251,0.23197163993172146,-0.0969097590325821,-0.031441422900286294,0.38030303030303025,210.97124838793675,1.0
11.256602,51,519.662731,0.2701474314513409,0.029523762871025604,0.06102633888609124,0.26296370369498817,-0.007988016369338208,0.02848495789990239,0.36928104575163395,211.38831152802828,1.0
14.875452,64,519.877943,0.2899593489292403,0.02949885000606794,0.07080501234161499,0.23614362700104258,0.00018030807891089053,0.043050882898264045,0.359375,216.59130242421685,1.0
13.229691,56,520.015456,0.27518611408616583,0.0292827273207797,0.08503721688683988,0.2602563527946969,-0.003989063450581777,0.04317664767979119,0.41071428571428575,217.32473709699858,1.0
6.58194,57,520.153121,0.28822908255980384,0.13522411145207985,0.07823341816666268,0.23710052529478717,-0.09432357473387719,-0.0318284568620784,0.39035087719298234,213.62931308433414,1.0
12.581143,58,520.29646,0.2853940020486903,0.04236219648460354,0.0610265764254489,0.24159117703204966,-0.025731387700869027,0.036542471710289494,0.4022988505747128,217.99141087156698,1.0
10.833117,58,520.47408,0.28309254405774315,0.057378841039214146,0.11742347759670435,0.2447925868933548,0.027975620843971337,0.06975994804901522,0.38362068965517243,214.8386546719368,1.0
15.287554,66,520.632115,0.294669101106619,0.032464192580663034,0.08314825163814481,0.2292032133661433,-0.012285502487909657,0.04173585903168565,0.39520202020202005,220.98623197203216,1.0
10.021961,52,520.753668,0.278435939994512,0.061894313007634844,0.05807892246489916,0.2531835532881633,-0.04307537891618941,-0.009023381994303454,0.38461538461538447,212.7114128445331,1.0
6.722614,55,520.883623,0.2857566441445092,0.09210462724036819,0.12415763703916877,0.24269455378486474,0.05987175670042675,0.08872498591720103,0.38181818181818183,210.5052028959206,1.0
11.849675,56,521.016459,0.2849734953653523,0.04389441353532791,0.06741365984549613,0.24212616639831905,-0.025686392973385035,0.028569258904529098,0.37648809523809523,215.42471826133166,1.0
11.216732,64,521.207819,0.2984609304558686,0.06812204550786563,0.09727663762172471,0.22293684901686778,0.03887722832603089,0.0674251140556716,0.3932291666666668,213.06066641155888,1.0
12.059293,56,521.353427,0.2784333133904603,0.04884550117573377,0.07756439624481876,0.25347688776095706,0.02175434714660377,0.042605885812911935,0.4151785714285715,220.90469893260686,1.0
10.577544,52,521.485511,0.27591113716956883,0.02931968987162488,0.08608228981017826,0.2590558007421293,0.010958189365578467,0.04540923970819225,0.3878205128205128,213.14027854523718,1.0
14.381197,61,521.636417,0.2860301749617595,0.03442218230730797,0.06780371237047636,0.24009897078486378,-0.015666107008426588,0.022790729095285532,0.3838797814207649,219.3867732426897,1.0
14.884296,64,521.829571,0.29131883030405453,0.02692249405675711,0.05875660711045166,0.230957683521486,-0.0049050244665407115,0.016985854122456547,0.36588541666666674,216.59218904629452,1.0
11.618778,57,521.972727,0.2781691444970956,0.05726944226588474,0.10002177597418303,0.2551581693778307,0.031258686444118416,0.06100626942790078,0.38596491228070184,222.7189173176337,1.0
-0.022125,55,522.103714,0.3031736934702381,0.17917269336952318,0.07568006721735811,0.21617105162626618,-0.1228373154605466,-0.021349268687497133,0.3712121212121211,220.71033043816277,1.0
13.720708,64,522.26397,0.29420532135201244,0.061641335474049305,0.060809044876828505,0.22781418578520163,-0.03992118318215556,0.01220040099917418,0.39062499999999994,214.62241447058702,1.0
11.501696,56,522.401383,0.28062878612859127,0.06386883743278658,0.052150107072612834,0.24547157261735536,-0.04483594060893091,0.006987361880729183,0.38690476190476186,216.1565443233816,1.0
8.584885,64,522.612264,0.3008031165496795,0.09199343496606173,0.11495494891032834,0.22133931520258496,0.05819371394670351,0.07851284506946203,0.40104166666666674,218.7688931619999,1.0
12.331116,57,522.761031,0.28468191287403993,0.030532648040509675,0.0684416439125598,0.242431450092659,0.00428804345004534,0.02895124819573713,0.3742690058479533,208.71232124153644,1.0
8.810117,53,522.887875,0.28230208424530717,0.09124796816385296,0.05667584612793403,0.24624181211006593,-0.06479955153476179,-0.005527666379175076,0.38207547169811307,214.99407247433172,1.0
13.065743,65,523.04315,0.2997927097604903,0.07156509741155273,0.045975547435097124,0.2200351934146218,-0.04704058434156646,0.008509637977020115,0.3846153846153847,217.16170322922605,1.0
14.112738,63,523.211103,0.28788624992600875,0.0362626644427255,0.09624825597048271,0.2371827105908764,0.010003459825286956,0.06405470670651933,0.3862433862433863,216.68449234638294,1.0
6.359031,59,523.353032,0.2922430422253175,0.10735644248200325,0.12899399517548757,0.23279876014342135,0.06584749205540062,0.08172830650730983,0.3771186440677967,211.42661654358403,1.0
0.768944,45,523.46546,0.29068383944430454,0.11880270187776715,0.10312449602341858,0.23793581436256486,0.09567807649747732,0.08062837114752358,0.44814814814814824,211.50633879462916,1.0
12.12356,55,523.598236,0.2783415219280006,0.029663213525505588,0.08210107385860446,0.2547512707395525,0.001353961904486113,0.04649766015415811,0.3757575757575758,214.33493801725447,1.0
9.102423,57,523.763458,0.28968413654456987,0.09594359100640255,0.05485301823326399,0.23401073643838444,-0.0641482988733779,-0.018335752634206184,0.39035087719298245,217.90986878234418,1.0
13.749029,66,523.921531,0.3014252249419211,0.06375551963460667,0.054147369337771104,0.21834456801784188,-0.04148252993443429,0.00971274072171915,0.404040404040404,217.28032819865498,1.0
14.255032,61,524.069078,0.2844833260573416,0.03383301221982685,0.07100297503593202,0.24326779983988503,0.0032501323992265795,0.0320103515162824,0.4016393442622951,220.2466876127699,1.0
6.978149,61,524.214325,0.29886645634122555,0.13211585131265827,0.07977090464673195,0.21957865610769603,-0.08761823542424302,-0.025648041933332776,0.40163934426229503,221.09997821737542,1.0
13.202332,60,524.360921,0.29105569228101463,0.04730578396255127,0.05259549842949946,0.23476001778045646,-0.03173329122398404,0.014428456679394245,0.3777777777777778,211.8321982590615,1.0
5.903688,53,524.523159,0.30174643713645766,0.07877897516761825,0.07541748066579836,0.21777998466838577,0.06224563144168766,0.05259361541690655,0.4182389937106918,208.25567708475248,1.0
15.311254,73,524.703354,0.3113270575260475,0.03565307335418616,0.06786635057977608,0.2077888504699471,-0.018802822727226217,0.033017593334316316,0.37214611872146114,214.91018550148718,1.0
10.596059,67,524.864029,0.310705793032638,0.09313531169890081,0.05070232685325971,0.20719486988578342,-0.05968167771412645,-0.003807594161205527,0.39179104477611953,217.37553400605938,1.0
15.199484,77,525.0792,0.32521534440108074,0.031760873491453664,0.05754382806800634,0.1924490091502572,-0.011432457914696284,0.014680002999981706,0.3712121212121212,216.07712356322156,1.0
5.482929,59,525.224484,0.3148553362086014,0.09068081659977503,0.07792892578309363,0.20117088300483407,0.06701846549414293,0.05568768201083076,0.41101694915254244,213.18244368809994,1.0
11.61011,58,525.36716,0.2849876377368686,0.0765857261551684,0.0644350409652447,0.2395833164596373,-0.05315232043492808,0.005413131316041579,0.3893678160919541,217.07266213787392,1.0
15.127094,63,525.525437,0.28705620123282916,0.027740083280091775,0.07371405130376632,0.24051383415548996,-0.002769695668567821,0.03374390857938448,0.38095238095238104,221.18788256201267,1.0
3.554806,54,525.65953,0.29627845203840875,0.13898500881814313,0.07199517322379749,0.22430945327548266,-0.1006044451784665,-0.028649450263310235,0.3919753086419754,213.53181173723732,1.0
13.338922,58,525.827188,0.28103404104160395,0.04142798835041752,0.07620564244331188,0.24876383315212003,-0.026878653399111243,0.05846030447785846,0.38218390804597696,210.81690940450636,1.0
-0.079554,55,525.958471,0.29909312579506275,0.19153731841358712,0.08306095351882944,0.22409918730732797,-0.12869411711649878,-0.049423133741873286,0.4257575757575756,214.53955947351216,1.0
0.586964,53,526.08983,0.29972210426391166,0.17312640149259445,0.06992865786129138,0.2211637793840972,-0.12189080940781515,-0.02587575772119192,0.39779874213836464,212.6806653633937,1.0
8.301806,60,526.231959,0.2959051402673721,0.11225598230345635,0.07309387921415116,0.22730321864182024,-0.07394556042994598,-0.021661969243473245,0.3930555555555556,217.1178204894549,1.0
0.991682,55,526.381489,0.3012733663633915,0.16798705300630928,0.09865517179118181,0.2181821176522604,-0.11715203852279468,-0.06325205862652239,0.4090909090909091,210.23733683728202,1.0
15.551328,63,526.531696,0.2873652131270277,0.04087150464062061,0.04606792236545371,0.23831092845347202,-0.026112383013008073,0.020599513634234012,0.3849206349206347,214.55925521335521,1.0
5.248261,59,526.678074,0.300334289013112,0.14191764513878444,0.06308437739108577,0.2205945753924398,-0.10069478823680612,-0.031231073762459663,0.4166666666666665,219.83772228339222,1.0
11.147946,60,526.822744,0.28957834401108973,0.09035222629507414,0.05555769896453501,0.2346942041259829,-0.06281538581379993,-0.005436928810734418,0.4347222222222223,215.28700425841788,1.0
4.652401,61,526.974024,0.30486615497124253,0.14701902773122774,0.0647358448174589,0.2131760767304673,-0.09824379386152951,-0.026081572854672563,0.4125683060109288,212.86115208712812,1.0
13.977614,64,527.151163,0.29197482076825965,0.06495800014095811,0.06154700391681985,0.231085800288175,-0.04118697519564184,0.011630649803519471,0.4192708333333332,219.66145407762878,1.0
12.561814,60,527.29355,0.2868124556596355,0.04768522248158126,0.08993562943551056,0.24080659421493653,0.023053940148195163,0.05805059328634696,0.3944444444444445,210.24764726919526,1.0
8.326919,60,527.433812,0.29593128514564404,0.11501007173333805,0.06749835049321887,0.22411902864887737,-0.07576768238938211,-0.017439012373434662,0.4305555555555555,214.83618868813556,1.0
11.23662,59,527.573983,0.28215109823355605,0.09230316453148264,0.07429637623779761,0.24476216256287142,-0.06371885115488675,-0.010115931265704413,0.40677966101694923,217.2934893510912,1.0
-4.214824,48,527.744984,0.2933206865081251,0.20862882796760288,0.1195404521948408,0.23360521540436585,-0.14816338307152635,-0.06378927915195667,0.40277777777777773,212.66430154729105,1.0
8.160881,55,527.873271,0.28005714880706817,0.08741734559195269,0.11714740303783149,0.25034950485936797,0.05567276122149233,0.08250145702534305,0.4,216.8379962269276,1.0
9.854274,57,528.00317,0.287360561100648,0.08794391772998598,0.06885552810149032,0.2390394531715685,-0.05814456212615824,-0.006870236595225773,0.41959064327485374,217.79671687946697,1.0
8.458399,56,528.131075,0.2882691720974283,0.10239104790309655,0.06211398914311685,0.23576115638023307,-0.07015297562452032,0.00033433803945256263,0.40029761904761896,215.287535470764,1.0
5.384646,53,528.256158,0.2818170581488141,0.14321507675948283,0.08148323259816727,0.2459875035758739,-0.10306694815587128,-0.031334628110420155,0.4292452830188678,214.66427263295253,1.0
14.71038,63,528.420988,0.2917261577493099,0.037033421947617176,0.0577171647090701,0.23200888048813786,-0.020990090493618524,0.029921156884278082,0.414021164021164,215.83394579346097,1.0
14.796972,61,528.569163,0.2854072522265186,0.030171190575542635,0.06565269058996656,0.24114402281008623,-0.014406849292721546,0.0010454046275058212,0.40710382513661203,215.21590976181332,1.0
12.234958,56,528.699943,0.27680177639247266,0.05230778366341573,0.09115910607799575,0.25616578709870924,0.024655981003798042,0.05338620696340284,0.39732142857142866,215.79421008292206,1.0
-1.223244,51,528.817406,0.2939499928506755,0.19099747348540969,0.0903045970692995,0.23417605504393543,-0.13357046678745402,-0.049727392622160256,0.4052287581699346,210.59522443013194,1.0
13.001292,59,528.972651,0.28905642199137166,0.05452969194846244,0.05401530137858679,0.2367415409543664,-0.03691106601064557,0.010272071184491048,0.4152542372881357,214.77446691784385,1.0
10.958485,54,529.101045,0.2854541209984065,0.03340757094423031,0.05807338029649536,0.24332770662315417,-0.019376684303398766,0.0062310451422193346,0.4290123456790123,208.70020522780743,1.0
11.042548,66,529.255633,0.30047100332006865,0.0785881448580219,0.10060096756740171,0.22171444389882466,0.044985700754330483,0.05512456876414654,0.4191919191919191,218.09873439979518,1.0
4.824473,60,529.40378,0.301536952201012,0.14205905297280585,0.07497611594970677,0.21615094584657324,-0.09578564351758065,-0.03822167135464329,0.42083333333333345,212.11329835900884,1.0
8.630523,62,529.591129,0.29403291080251925,0.09472064931854461,0.12648633100611073,0.2315115537169721,0.05388288999544399,0.0943147068316414,0.4166666666666666,217.0938842574856,1.0
5.922311,52,529.714998,0.2956898194601863,0.0925688283545449,0.07319835348763701,0.22877222425516353,0.06942603708150324,0.05677558428557788,0.4391025641025641,213.292507452213,1.0
9.063882,63,529.863228,0.29951944405160785,0.09237315952497008,0.1051178261864233,0.22364669324637143,0.054668085156974786,0.07775758429191944,0.414021164021164,217.75705426754516,1.0
7.404661,55,529.999973,0.29013740473186456,0.10763454894596884,0.06822536021908288,0.2351807837844683,-0.0735903237902509,-0.030847794143604914,0.40303030303030307,214.39607143215062,1.0
-0.443381,52,530.120425,0.31520629405994066,0.14381225881910506,0.08966457900297106,0.2027872174452619,0.10876513946192629,0.068268699367557,0.4535256410256409,212.78500860716588,1.0
7.740309,57,530.287466,0.2940207945157481,0.11235172496278986,0.06241672802763851,0.22770133226329464,-0.07650698775433389,-0.021432207555024643,0.40643274853801165,211.72661445678543,1.0
15.448108,64,530.446861,0.2904663327546592,0.031869189182487,0.06386123672268461,0.2347142348185186,-0.011208222227753665,0.02420111729650123,0.40494791666666663,219.20965876123762,1.0
5.519431,54,530.579059,0.2895091762738533,0.12904500954980078,0.06388654086257661,0.23330668702927027,-0.08936102659392589,-0.025248075910377546,0.42283950617283944,210.44027538827865,1.0
11.820707,51,530.703243,0.2697079910071229,0.02925964109231523,0.05310072737370129,0.26847891535102486,-0.010432120804841731,0.02543315737847145,0.44934640522875813,218.78577417771396,1.0
13.984732,61,530.869505,0.28436558027536907,0.037527768922680664,0.07615808372383019,0.2415182103569191,0.00395426767785568,0.040978015753087974,0.40710382513661214,217.73228793114276,1.0
12.349391,54,531.000365,0.2724875637293118,0.030313556251328203,0.07901675894453171,0.2627157660421236,0.007803038839920022,0.03484213675688489,0.4135802469135803,213.74016380098712,1.0
1.451343,58,531.14179,0.30593311397197337,0.16623315294604188,0.09456897736465983,0.21130718886075936,-0.10983248084838619,-0.04177060462333888,0.4195402298850574,214.73119779059004,1.0
10.07051,55,531.276725,0.27806610476975374,0.05619905343331455,0.09936138873035891,0.25182194257524815,0.031837567094184165,0.03792723323707457,0.4015151515151516,211.81364213795086,1.0
5.522442,52,531.398171,0.28437635894632923,0.12714759134526202,0.07631759471437047,0.2439602777014017,-0.08981879373393106,-0.03797613864195856,0.4294871794871795,213.7272003940381,1.0
9.250775,59,531.566627,0.2928839439496669,0.0730076896429772,0.10553760599393486,0.23173014140151188,0.04470938476420995,0.06059130421884168,0.4025423728813559,207.4122051603394,1.0
13.66156,65,531.726369,0.29597823223323033,0.06184807267262061,0.05718514275711805,0.2246785196016769,-0.03877373497793463,0.012408675813056795,0.4282051282051282,219.31898052305658,1.0
12.405118,57,531.861017,0.27846309775065614,0.0528278493889424,0.08574677165120625,0.25194146119033617,0.022721391802173047,0.05614768319064704,0.39619883040935683,216.81621480630548,1.0
9.964287,56,531.99594,0.2843269312895277,0.06439370552460834,0.10203269627331132,0.24405333270528612,0.03845493456597961,0.05883663636296547,0.4032738095238095,212.57901668569383,1.0
13.756419,63,532.17106,0.295705465033226,0.02827665792237368,0.06916051553230747,0.22631916527063176,-0.0045615536518075995,0.0364160882536065,0.39417989417989424,213.0831335402841,1.0
14.625683,62,532.321296,0.2858326901956414,0.031850626578697916,0.06748462991480403,0.24012603860034262,0.0055645216779713225,0.034029439775216296,0.43010752688172044,218.58372251733084,1.0
12.056619,62,532.469666,0.2905791509863695,0.055095851936416286,0.10227854857896367,0.23507321295465647,0.026523646201162203,0.06769297481432171,0.396505376344086,220.5139058569423,1.0
10.629004,62,532.627154,0.29427335762300494,0.06815566322311846,0.10908162668619606,0.23009184374213495,0.04106297706199305,0.05416522895120696,0.42473118279569894,217.87878569167069,1.0
10.946451,53,532.802949,0.2743225951256099,0.07409326881208861,0.049982311267724816,0.2572561840480133,-0.05452461820632948,-0.00348539894758539,0.39779874213836475,215.33656053035097,1.0
-1.736577,57,532.949094,0.3093518192280759,0.2044259881341858,0.08062034650626773,0.20987230497587386,-0.13946492522980444,-0.030194240677579167,0.425438596491228,216.4911897543588,1.0
7.117555,56,533.085106,0.28496684330854255,0.12949715232949938,0.07105436962310449,0.24145699512542848,-0.09505138992196951,-0.020648757893055196,0.3958333333333333,218.5951607011089,1.0
5.818146,58,533.22795,0.3089460837697094,0.10421028187597654,0.06590872736889532,0.21032591831523395,0.07518291716990334,0.04947537252573365,0.43821839080459773,219.08622108757658,1.0
10.508835,52,533.357809,0.2735822017630398,0.03438450544519386,0.09544839504847687,0.26158511452178224,0.003982597667636443,0.06146276885990344,0.3814102564102564,209.5379464439373,1.0
1.557313,54,533.5435,0.2906811017807658,0.17814648693038312,0.10195308402478,0.23531635630505565,-0.1269397179004195,-0.04933836798899781,0.40895061728395055,218.24251606786342,1.0
9.422644,53,533.672596,0.27777712698568297,0.09061532473513809,0.07414779835538,0.2570065019133459,-0.06617823620016984,-0.021674229577939415,0.43238993710691825,220.33414355582684,1.0
14.289515,58,533.80579,0.27669481421752057,0.029493779829360082,0.06785911215335817,0.25348592998159597,-0.009555157457065349,0.036938231140567816,0.38936781609195376,213.51376686175192,1.0
14.208581,58,533.939255,0.2807242686826061,0.03214980926462298,0.05375320462077904,0.2492826155592983,-0.01569901490539977,0.015220652877906948,0.41810344827586204,213.17091198413564,1.0
10.086743,57,534.073466,0.2797149397469369,0.07108656758931499,0.1153168996761802,0.2512756579874396,0.03519071550703708,0.06321412720727257,0.3859649122807017,217.06691950371692,1.0
12.839989,55,534.230829,0.27824627557944337,0.033169162029313075,0.058125190805587444,0.2539378174109636,-0.01711511795636435,0.002766769344694877,0.42878787878787883,218.5288425831223,1.0
8.90255,59,534.368501,0.2921277800722179,0.10365094531383662,0.07378130347298971,0.2325400719593986,-0.07046068106402827,-0.03084261512158517,0.43079096045197746,222.69368471159055,1.0
11.784826,59,534.506324,0.28462878564411104,0.05558356732592319,0.09796374880617773,0.24344319771943168,0.02730262967833072,0.05892464341250821,0.3997175141242939,213.62751655531085,1.0
11.625859,58,534.646468,0.2754244292678677,0.0665917221789946,0.11511431213221893,0.2569838953542235,0.028280874734962266,0.08125762101289158,0.4109195402298851,214.43600439881973,1.0
12.946784,56,534.80853,0.27844919647790195,0.039697579701272766,0.06994435321214452,0.25251036608399563,-0.023205088760170686,-0.0009339333192417817,0.3958333333333333,215.7794064967322,1.0
10.902941,57,534.942362,0.28220805632935553,0.09948051782389782,0.05765685937933343,0.2472034587997681,-0.06836258400658905,-0.00354593345107145,0.4400584795321637,219.0496845746292,1.0
-0.22653,52,535.061761,0.29478090616460073,0.17724224847851527,0.10145686721417525,0.22892091808616855,-0.12433195329646536,-0.05423289845644564,0.41987179487179493,212.9000607105522,1.0
8.003734,53,535.187241,0.27614056595856273,0.07291575565964585,0.13405569728457908,0.25780872386286097,0.04058288084735438,0.08884562619498083,0.4025157232704402,216.0961087213245,1.0
13.270115,57,535.331088,0.2790174079879596,0.033145588525586085,0.06280159362137504,0.25286305727221825,-0.019276109673595332,0.029510669782333746,0.3888888888888891,217.4625573275586,1.0
4.217643,49,535.479938,0.2806622987977887,0.1353456760931896,0.07668451512854202,0.2531486260473613,-0.09471629229620558,-0.043028315808004786,0.4200680272108843,214.48433990886858,1.0
10.612174,57,535.63358,0.2781393833583908,0.09987388624647107,0.06507750998470922,0.25221631254175836,-0.06894808567079987,-0.0273602969609828,0.40497076023391804,219.92536095099607,1.0
14.480657,57,535.769266,0.2725621048945176,0.0379140903458654,0.06572999207322779,0.26059192472488313,-0.021032811940075006,0.02293130318141491,0.42251461988304084,221.2987938389538,1.0
12.507709,54,535.89691,0.2747810062627814,0.038865350601396384,0.06627000963076891,0.25869557132993193,-0.024874552483648952,0.02739902145953179,0.39351851851851855,214.44047330046865,1.0
7.955528,54,536.048048,0.2800390605971511,0.07294229611659855,0.12257868227333904,0.25146714146157473,0.04963669845924025,0.06436582988048216,0.41512345679012347,217.31699487413357,1.0
11.646091,57,536.182148,0.27874781876811705,0.055489768103452394,0.10585949058296051,0.25642799178955916,0.02741580395218159,0.06390735991409666,0.40935672514619886,213.83710311122692,1.0
2.512242,53,536.310527,0.2865190671265032,0.16950512276446572,0.09200466716074235,0.24076661285973733,-0.11655314400272965,-0.046135976621587825,0.42295597484276726,220.2581617353327,1.0
15.438219,66,536.466211,0.2951677497683054,0.040089797708774765,0.05601010469264422,0.22765621738702074,-0.018434594740010416,0.010448101631389407,0.4267676767676768,219.20386576002957,1.0
10.616309,55,536.60409,0.27605442382742706,0.09722388909267049,0.05754074468287078,0.2563952354160017,-0.06797694031091854,-0.0043974004338571265,0.41212121212121205,221.3050190900253,1.0
7.221486,55,536.766103,0.2838295425598966,0.12897870367032538,0.07963531083096267,0.24373699941936303,-0.08905057503431688,-0.0337793259999091,0.4272727272727272,218.01169838949755,1.0
6.406569,55,536.901079,0.28303352029811013,0.10977646999592153,0.11205997578908718,0.2458806208997544,0.07679143104401527,0.0734928902668302,0.4272727272727272,213.78836737025395,1.0
13.470143,58,537.041301,0.2754516517376608,0.05089880242694147,0.08224949098940045,0.256626595143536,0.021501856890027156,0.0404925644902908,0.4209770114942528,218.77884863130498,1.0
11.605712,52,537.167036,0.27330291597480005,0.03512413381192225,0.060707317987915184,0.26079414756652947,-0.01961209166825679,-0.0028993899298967304,0.41666666666666663,215.76341570464288,1.0
13.047409,61,537.352413,0.2872583207193638,0.07501017196506807,0.05961936873841572,0.23983971022652026,-0.047579881876275786,0.005617985981619179,0.42622950819672123,223.3619818661626,1.0
4.667952,53,537.481954,0.2984361820036073,0.1030844461178915,0.07871922591118076,0.2251947441795178,0.08035942144314943,0.06383865878892198,0.4528301886792453,222.1111692577044,1.0
7.826716,53,537.611768,0.2717112613356675,0.12489212817569513,0.05782760548083284,0.26141924856711857,-0.09008874248865219,-0.016355247214893294,0.43396226415094336,221.8942884305406,1.0
8.046858,61,537.753161,0.2958795975777638,0.09435355643817893,0.11314745700559449,0.22827401587397916,0.06099680065838785,0.07740056901980205,0.40437158469945367,215.3111105893854,1.0
8.322931,62,537.895265,0.31218331093636054,0.07875460397743159,0.060060413342422125,0.20446193735811732,0.05911532841408519,0.03458715823798443,0.43413978494623656,223.39519379205328,1.0
8.999558,62,538.071917,0.30251275502519676,0.07913432290388664,0.08716526021901833,0.21597502872036867,0.0547265389884925,0.061921574369309826,0.4408602150537634,216.85020052329907,1.0
4.09549,52,538.194436,0.30167488201550635,0.09713383093490056,0.07232569918513547,0.21896419615296037,0.07752866121683268,0.047242067712867764,0.4230769230769231,214.66157586292442,1.0
9.293654,57,538.333273,0.2855708236907134,0.08055810906162433,0.10458178064182437,0.24139136129168637,0.0512911788616691,0.05883029527550038,0.412280701754386,215.02172950609625,1.0
6.436997,53,538.457908,0.294153499079622,0.08541052543588712,0.08230749100102368,0.23180321328155948,0.06817614838786673,0.0524604072975388,0.440251572327044,213.80995564292925,1.0
8.377013,52,538.58234,0.27862998407905015,0.09631040012352925,0.06204568708848069,0.25026471857069443,-0.07031897678257046,-0.024411476864664883,0.4182692307692306,214.40169083391316,1.0
8.577988,62,538.768023,0.29891489402677807,0.09495929784499209,0.09456090198101194,0.2231379010024764,0.061484754155412394,0.06638803400917463,0.4354838709677421,218.57680266805812,1.0
7.66757,63,538.915462,0.32015312674138324,0.06209542053274616,0.07798644489283706,0.1951558696940923,0.05199757369390906,0.043114775236711006,0.4325396825396825,221.16047819312809,1.0
13.197224,69,539.079101,0.3045065100913223,0.06169920480278745,0.09089421615689494,0.21691346153018315,0.031330442933177376,0.0614304788267892,0.4190821256038646,217.00788794777333,1.0
-1.816695,48,539.200858,0.30609724499138935,0.1442596080496737,0.1169624281819319,0.21675185599291868,0.11425221237012634,0.08044700872247805,0.4774305555555555,213.423386331052,1.0
4.135377,61,539.376446,0.32789777524511143,0.11204265024905855,0.06428529718061367,0.18846249480222185,0.08416219153016952,0.043987440240415863,0.45491803278688514,222.0738342037982,1.0
12.170419,61,539.527087,0.28339222628145483,0.05391609104754028,0.1147512555221466,0.24497190302042168,0.023713507432033928,0.06997314917620366,0.3975409836065572,217.89449326974236,1.0
8.575055,59,539.678694,0.29281884216002013,0.08825113471857246,0.08954153594954142,0.2305109266170841,0.06095000535340933,0.06153043482185957,0.44774011299435035,216.80382826245872,1.0
13.693569,61,539.824543,0.28223681783850985,0.03876341443953583,0.10342333151656793,0.24592446084055486,0.006794764604986874,0.07343414938608651,0.4084699453551914,218.6808367434932,1.0
14.480518,65,540.017047,0.2947053059132314,0.046813613774233945,0.05662249874528121,0.22769534430428598,-0.028210427851682714,0.024294531417439293,0.4051282051282053,217.33647867652465,1.0
12.439797,54,540.151679,0.27493206216716654,0.04247432222323567,0.06978847557446158,0.25789961142910695,-0.025531787248438055,0.036019587130622636,0.3873456790123457,216.1059314075179,1.0
4.185777,56,540.287508,0.2935304897319047,0.15029711762289025,0.0926014313042449,0.23300564968914958,-0.10197588666644626,-0.02690089397144229,0.42559523809523814,221.71985464399702,1.0
13.512726,61,540.429118,0.28711851733881244,0.04900448618393195,0.07705203145773219,0.24066963762989665,0.022033706397475008,0.0505759420306625,0.4153005464480874,215.12899931395495,1.0
9.612042,63,540.610411,0.29273831249811477,0.09728258512713099,0.10709891195928353,0.23323638743299563,0.06107834738319573,0.06753741500144428,0.42063492063492075,221.77259885982525,1.0
13.941591,59,540.757676,0.27912346873132204,0.058006697477981456,0.06460386008993564,0.25151603236509995,-0.03741271851868943,0.01403361184649413,0.42372881355932196,220.1407017491336,1.0
7.906689,55,540.881129,0.2817274843688778,0.09946605335445123,0.10065104603165795,0.24837074062800563,0.06699242935423069,0.06761756510509069,0.43484848484848493,217.8678207475965,1.0
13.781991,66,541.032329,0.2986213000136137,0.06830411403324696,0.05827240469313111,0.22227328974283447,-0.04549427228915018,0.0005550513143575458,0.40909090909090917,218.3719083117945,1.0
11.885258,65,541.245769,0.30204209993334186,0.05584523187352325,0.09242850647970006,0.21973786182614913,0.02635775782548051,0.06836802709085124,0.3846153846153846,207.52215713761422,1.0
10.105843,58,541.382904,0.2832018681066895,0.0722030512471487,0.10486185145452355,0.24430178276389491,0.04223531981472464,0.07111442256915111,0.3994252873563219,215.41234656686976,1.0
14.196604,62,541.525186,0.28791356697474374,0.03298062928784292,0.07245626446969052,0.2354188745324492,-0.01404788707724785,0.03500474031747212,0.40860215053763443,218.2019585780488,1.0
12.831195,71,541.691298,0.3087855687761686,0.060604719658556266,0.09706003824998177,0.2127053908801352,0.02516656891052395,0.055897624772102604,0.42605633802816895,215.81022924073238,1.0
11.245296,61,541.839866,0.2882694292440485,0.07061797404621102,0.10683537874175766,0.2390182285095987,0.03932558243225662,0.06336824586711841,0.37704918032786894,215.04019204371605,1.0
12.227482,64,542.029678,0.2980479650998385,0.04532020014482188,0.09911740905176314,0.22454869502420452,0.021678625457108382,0.06093186595734963,0.39192708333333326,211.2343989607971,1.0
9.641857,60,542.177085,0.28818615675135967,0.08373945846521065,0.1151935903488927,0.24020114970259226,0.05177978954497354,0.06758395621929053,0.4097222222222221,221.43504462889413,1.0
12.607782,60,542.324715,0.2815434441211632,0.04750944381431766,0.11921130230869162,0.250239772660985,0.015144695567920875,0.06510879478784899,0.41805555555555574,219.59888371588852,1.0
-0.046672,52,542.449082,0.31591528055764984,0.13695829562709877,0.09689324160808561,0.2052398081742647,0.10539540946177366,0.07934636689619307,0.46153846153846145,219.25958422064647,1.0
14.880639,56,542.610116,0.2707443468648746,0.03793540594279374,0.058885037913811125,0.26582519031052576,-0.021765286642210103,0.02781183181840777,0.4181547619047619,216.55802713271723,1.0
14.495968,65,542.7643,0.2910077362858669,0.03973517669778712,0.09336268123636854,0.23336434715299753,0.0023953781412672315,0.05990425234373872,0.4115384615384614,220.66468327946774,1.0
13.788082,59,542.906651,0.2801572870098672,0.031241565716109747,0.09037887234637856,0.2506833031794932,-0.004081794546671794,0.044802442285029956,0.4166666666666667,220.02147134915552,1.0
12.868532,54,543.033585,0.27512794374480093,0.02631432623767493,0.06727791626467813,0.2614659723579954,-0.002808145539655062,0.03190568352887068,0.39506172839506176,217.18177729783707,1.0
7.663107,57,543.221485,0.30015628864546046,0.08773344629742987,0.08764598989179773,0.22465037430670098,0.06609592483974563,0.04389146991913742,0.44298245614035087,220.5093782946176,1.0
10.760239,62,543.380677,0.2943792307179534,0.10028630660783644,0.06779326642239562,0.22796916707592133,-0.06727254045125708,-0.022903103349630277,0.41666666666666663,222.64183103269374,1.0
14.21787,60,543.525388,0.28367543448475363,0.052906390932543804,0.07675747733516104,0.24920786026748945,-0.033908507071543796,0.03164744375407209,0.43055555555555547,224.03397520866199,1.0
6.723843,59,543.665172,0.29518595338060916,0.1380604031569406,0.07298107597647524,0.2294059381051422,-0.09778990376534256,-0.03225643264056666,0.4011299435028249,222.18565852923552,1.0
11.979913,64,543.829655,0.2908854606454766,0.07091195832542928,0.1184192874340222,0.23811106600491394,0.03843065017256786,0.07675280649582465,0.39453125,219.44796747571573,1.0
10.978913,54,543.956737,0.2791088552668882,0.0741215125054535,0.061372405223597964,0.2546319885633617,-0.05425980929126846,-0.008448570576158101,0.4043209876543209,217.37039888983395,1.0
14.062721,61,544.097182,0.2844529755636047,0.06131301441047606,0.06789852778868972,0.24487652856688388,-0.04199555704275414,0.022810815502827146,0.4180327868852459,223.3737605116171,1.0
4.979867,56,544.230876,0.29172287642212785,0.14570305083187274,0.08842301445129926,0.2337442449303134,-0.10123007650215253,-0.0475412947777643,0.4136904761904762,219.45690398334878,1.0
4.590244,57,544.370632,0.2961661562690909,0.15112333770328967,0.07948933907863258,0.2288109351257009,-0.1005733736482509,-0.02689371241109876,0.41520467836257313,221.40027323192243,1.0
2.187234,56,544.523789,0.29900571345054744,0.17311272158239815,0.06758911934924053,0.22443578162437036,-0.11896173310241058,-0.019279744136192403,0.400297619047619,216.90024784972584,1.0
3.974167,55,544.650162,0.28873712472101326,0.157460059188009,0.08945648345222945,0.23972620005937317,-0.1118081597933436,-0.04698414719331253,0.40909090909090917,219.04356198851346,1.0
14.282297,71,544.8243,0.3064287685631882,0.0762565503381272,0.06322993937548176,0.21651232770186288,-0.04646206269363482,0.02164702705514518,0.4119718309859155,222.11930826336464,1.0
14.105773,62,544.96615,0.28349125087986654,0.047912919361074315,0.09767773105243238,0.2469341755388265,0.018005665265498964,0.04770060254541008,0.3776881720430108,218.94025542232183,1.0
2.631055,57,545.116809,0.299438759527527,0.17357871874240044,0.07942032289111103,0.22216120674121873,-0.11956004138469688,-0.03688082011470582,0.41812865497076035,217.04754740854847,1.0
12.064643,65,545.266887,0.29401869238672934,0.08093987001869052,0.09342779293588312,0.2319127439846468,0.04262690865130042,0.056278939138864836,0.3961538461538461,220.53956088842475,1.0
5.993749,59,545.402852,0.3004657329329049,0.13486686004480591,0.05944489897154914,0.2211410347264324,-0.08996638943299505,-0.010761854034375698,0.406779661016949,218.83254483863863,1.0
-4.282107,50,545.529083,0.30489136162803787,0.21617000853358886,0.11292692754882057,0.22273905658595033,-0.15290222437309078,-0.06410500109709884,0.37666666666666665,214.5674100359528,1.0
5.107278,57,545.665466,0.2954846558040195,0.1512602351675317,0.07355457338854035,0.22817415692447976,-0.10310541315643912,-0.02381583205141669,0.41959064327485374,217.16019924470984,1.0
6.732878,66,545.837341,0.31506360994455274,0.13375422800564973,0.07163556633201312,0.20156343841385202,-0.08736258137177193,-0.03199590763221892,0.4015151515151515,216.32090085500536,1.0
11.789038,63,545.987353,0.28878337274179244,0.06648905126727896,0.11338680726911858,0.2404995626539049,0.03642577232650856,0.06206248014428104,0.4034391534391534,222.02491803742524,1.0
14.231361,61,546.128964,0.28788347726300584,0.04700921375817943,0.07206242951032805,0.23984683737456988,-0.029643012887473782,-0.008991615206023816,0.3989071038251367,219.49264389653848,1.0
13.704696,65,546.281022,0.2948046336893224,0.058359722932405,0.08979993766630341,0.22985680161494146,-0.039508385544253725,0.031058968529623802,0.39230769230769225,218.90092449262053,1.0
12.534648,62,546.469274,0.28761734715600384,0.050325720193192286,0.10836401811321049,0.24159516724958569,0.01956543162498132,0.07080271255139735,0.3736559139784946,223.34540294701438,1.0
13.55094,59,546.614049,0.2821730357069299,0.06777864025079426,0.06018444149656252,0.24756506770571152,-0.049360978033016145,-0.0037271832034114247,0.3997175141242937,219.11843846750463,1.0
14.560443,78,546.798286,0.3204933625276348,0.042730835949539296,0.0980016238619131,0.19979228103409094,0.015003957853825085,0.06372006159596968,0.38782051282051283,213.5172248746184,1.0
10.973059,62,546.974032,0.296662001278566,0.0945724624973429,0.06265989326734538,0.22613003262984466,-0.06258100701886138,-0.004485799847483648,0.4166666666666666,221.44189326662823,1.0
9.427508,60,547.231444,0.29471366819184697,0.08356972754882264,0.09635642097496752,0.2303112440292825,0.056123638240904154,0.048699511913690714,0.41388888888888886,220.65928701395322,1.0
16.247843,64,547.383802,0.28788572786885397,0.044649537929808435,0.052356875106685456,0.24141844540939744,-0.029698742698543414,0.022395837599055512,0.3828124999999999,223.01907592785687,1.0
12.651941,62,547.547368,0.2902140098901089,0.08573313480027485,0.06176963968588508,0.2370694486759369,-0.06018801101406414,0.006235575997862172,0.4099462365591398,218.04108573792794,1.0
7.153941,58,547.681957,0.2946184863396283,0.12427683176355386,0.08585917919318181,0.2327470641926729,-0.08999854802552983,-0.03798604771036541,0.4051724137931033,223.28375586070067,1.0
15.831304,73,547.879511,0.31194884626646036,0.03754646252457657,0.04867073025846014,0.2076853235054242,-0.02412743132811609,0.01709175701728323,0.3995433789954338,209.54020839310903,1.0
0.749403,56,548.008786,0.3084626177743035,0.16879391392725362,0.0836966961989514,0.2103553255589823,-0.11687404734007908,-0.04247840011087505,0.369047619047619,210.83485610907115,1.0
6.501216,53,548.128956,0.28509126969949866,0.1223788039840903,0.08817362278113255,0.24693020989005976,-0.08558328154158863,-0.04679344783202803,0.40094339622641517,217.30515825144968,1.0
14.636588,60,548.269437,0.2826311080477572,0.027913789876143257,0.0682794597796441,0.2474279706147535,-0.009481374282734878,0.034857876783109115,0.3916666666666666,217.57884399495663,1.0
1.867164,56,548.467616,0.2989913566130242,0.17562686332826832,0.08130025964874305,0.2250495537969015,-0.12659441294649354,-0.03305087167581805,0.3809523809523808,223.62073394248577,1.0
8.895222,59,548.609667,0.28677060954293204,0.09371002418594966,0.11089756578160526,0.24195208124503667,0.056996002137850554,0.07563658169504671,0.40536723163841804,214.82358846173287,1.0
11.083137,57,548.753084,0.2808967428376875,0.05293223414744025,0.11998084179149225,0.2537984019585242,0.02897209209481355,0.05682966242507321,0.4005847953216375,222.6019809817687,1.0
9.149944,73,548.936236,0.33615412072768447,0.06905228671665845,0.07034430768080716,0.1796263167810816,0.04634128229396723,0.04421024098045561,0.4132420091324201,220.62520154297607,1.0
8.662476,67,549.129245,0.30849869742031116,0.10128971301862123,0.09714524690569996,0.21353774012313387,0.06191148768293333,0.07016397353281444,0.41791044776119407,220.34485487269205,1.0
10.188846,59,549.272943,0.28876403593499816,0.1042530825752317,0.06150494477190341,0.23807642589659198,-0.07521245865977089,-0.0027192574717507813,0.40677966101694907,218.80689703829805,1.0
13.375358,72,549.441937,0.31176854812801935,0.042637172539452435,0.10255841295200137,0.20793749697110742,0.016012602505845224,0.05855693797322189,0.4131944444444445,221.39541674090967,1.0
14.848324,74,549.613264,0.3186605775622062,0.030652313438886088,0.06708234323204061,0.19920513438472812,0.00023108620856749764,0.02852342933176364,0.41216216216216217,219.1684404938395,1.0
15.345326,64,549.793044,0.29171435662837175,0.028174082762243306,0.06207059554573959,0.2333383486218203,-0.00920773812525939,0.01685986374880772,0.4140625,217.04709020350447,1.0
9.067343,72,549.958157,0.3323802632741473,0.07325543794803473,0.07245676389692589,0.1846988233067707,0.05251097518675573,0.04821276681012837,0.42361111111111116,228.01376282181016,1.0
13.143134,59,550.099467,0.2857144742804058,0.028618224601717285,0.0808361233395093,0.24269838899067586,-0.0009717130608465682,0.04099285986109987,0.40254237288135597,216.515935973567,1.0
9.887197,64,550.252416,0.31361076879913624,0.0704108979482361,0.056365242725731964,0.20524843396776357,0.05107574889143335,0.02990005186829273,0.40625,221.2364049282896,1.0
3.346025,52,550.409059,0.2822525505103459,0.15866869352219834,0.09123047159136986,0.25112624757376734,-0.11518935860894167,-0.04250422426831213,0.42467948717948717,221.60847226304324,1.0
4.279871,55,550.537286,0.3067855445377211,0.10773894062091835,0.07745369082589149,0.214420782266419,0.08419796036948528,0.04613305824958424,0.44545454545454544,222.8658566756224,1.0
16.100643,67,550.695289,0.2953749103534865,0.044583368645833385,0.06069468675315994,0.23059721569207525,-0.026132756756643023,0.026233168975926972,0.41542288557213947,224.0264161932058,1.0
14.73514,63,550.842633,0.2895309112905847,0.03168647757331269,0.07607673983411603,0.23689825244436974,-0.001312980722662048,0.051010556882234825,0.3862433862433862,219.63744688312525,1.0
9.119,66,551.028679,0.32138903543813063,0.07805986843811422,0.06162028082161393,0.19763436026304906,0.052085535877196186,0.047210210460052165,0.428030303030303,219.83136191627543,1.0
14.017826,60,551.168539,0.2792340345103626,0.03988963804718939,0.0933685001028884,0.2524458708094545,0.013471587670462097,0.0397681247211057,0.4,226.48321579025566,1.0
13.368406,59,551.309947,0.2826753038033845,0.06448960276044581,0.0580781471662931,0.24611633492661933,-0.045055277201391415,0.01637281208607023,0.3841807909604521,222.7644750957373,1.0
12.747421,59,551.454385,0.27916337084360254,0.04552988019668203,0.11068934670100622,0.2540050396154229,0.01630521788416326,0.05033403192041143,0.3968926553672319,218.87886143604632,1.0
5.253691,69,551.671757,0.3376108233571503,0.09323624523922652,0.09472774151226587,0.17998442100634993,0.06552297600233803,0.05653348069693307,0.42149758454106284,224.6952254342003,1.0
10.049688,57,551.812999,0.2844154446149376,0.08737392385716755,0.07372780022901793,0.24343097837474537,-0.06293041334307409,0.025323991572463275,0.40058479532163727,222.41435225521707,1.0
11.197843,59,551.964234,0.28380816445287566,0.07300580761644372,0.10043551752354497,0.24581484795935335,0.044337242054992385,0.05471923665643786,0.4081920903954803,221.12442593227055,1.0
10.914353,58,552.098739,0.2894940545976491,0.08120041855069303,0.05382333398169754,0.2351242279188851,-0.05689139414987881,0.0011099457800269317,0.41810344827586193,215.4510079500781,1.0
-4.096875,50,552.221591,0.31946905308834317,0.1712342721830168,0.11703084200849109,0.20310190887734322,0.13036005753272942,0.09310820654311622,0.4566666666666668,223.42877530064266,1.0
0.767637,58,552.394791,0.3258162858064262,0.12500645805774963,0.1095054190670079,0.1913316842357261,0.09793652234682297,0.07044355229844493,0.4281609195402298,223.04470086689858,1.0
2.881495,50,552.518664,0.30140556872842117,0.11570610198256474,0.08258380779549887,0.22430474802611822,0.08886140693151658,0.06041555330018138,0.425,212.81990347268152,1.0
4.438499,55,552.652912,0.3101722864481197,0.09804583243188211,0.08720769132164519,0.2109982183368905,0.07676036993284245,0.052515811233269795,0.42878787878787894,220.0719038043376,1.0
-0.728548,55,552.784285,0.318743331201467,0.14143288791938377,0.12877100385229429,0.20264280564648673,0.10776851231567593,0.08972499168542185,0.4499999999999998,223.23740587954862,1.0
12.810844,59,552.957754,0.27981206595950125,0.05557907553066542,0.09530546674874454,0.25244800259086886,0.02309163159372485,0.061486926328382714,0.37146892655367225,216.14563986515523,1.0
4.47787,56,553.089425,0.3121613703969797,0.10181531715557207,0.07553650524894802,0.20626035011887764,0.07997204325360778,0.04214860363705201,0.41666666666666663,219.572488526546,1.0
10.096842,61,553.236655,0.3019526860618849,0.06986869159835676,0.07470228888540985,0.22056457343211766,0.04966995085801596,0.04307031581846275,0.4030054644808743,220.2640005391357,1.0
12.259563,61,553.379283,0.2862214792520115,0.06517214582124777,0.09903232275194945,0.24317820094969866,0.03613566546415756,0.056281927905461715,0.37568306010928965,217.32412974339346,1.0
8.186654,58,553.514807,0.28633410554657485,0.09598912375469652,0.11709816568477971,0.24319455744812435,0.06215223629654962,0.07971146803302027,0.382183908045977,216.80450861398978,1.0
13.111157,62,553.698864,0.2894449199330528,0.05102220309853092,0.09478843724843881,0.2397687004401879,0.017776812256972127,0.0656301340945274,0.3938172043010754,216.8913843350816,1.0
2.213807,54,553.825137,0.29616063152049366,0.17411166749978696,0.086535122674377,0.23669581364317724,-0.12235554883385176,-0.04731635102419153,0.38425925925925924,222.13215019053095,1.0
4.577457,60,553.974446,0.3052031018243921,0.14776311248623017,0.07588122700952397,0.21752214555626256,-0.09516345444147058,-0.03948358891048955,0.39999999999999997,217.84263099312957,1.0
13.282097,70,554.151132,0.31253586224693664,0.06465264589469119,0.06190585106951865,0.2067701002090617,-0.04382392251440855,0.02341011848107492,0.394047619047619,215.67699771322063,1.0
15.198003,62,554.322287,0.28615181407426143,0.03453662821334823,0.08326208398839469,0.2467687545408831,0.006721134275236894,0.020058827014090796,0.3844086021505376,226.2454370691941,1.0
9.624125,58,554.461165,0.28525813080078743,0.11700311108784979,0.06735881405621484,0.24435456855255666,-0.08315688976324849,-0.019259955416254894,0.3979885057471264,223.64076811065365,1.0
14.140589,63,554.609147,0.29113453427473795,0.061584925096919305,0.06082729074792064,0.23539817014369038,-0.04035812179284668,0.021760246230832284,0.4087301587301587,223.54354884976578,1.0
13.887459,57,554.740723,0.2767025904884911,0.038265742219350155,0.06977865710364392,0.2581150171526277,-0.024683177052091797,-0.00032606113771124914,0.4064327485380116,223.89624492280575,1.0
13.124236,66,554.929888,0.2975250589601733,0.06136690167453339,0.09797959278921137,0.22892686124012038,0.031124739476836288,0.05369696493509215,0.39015151515151525,222.76896736005946,1.0
11.73832,57,555.064756,0.2780277199478289,0.09773963289871503,0.06349504836199116,0.25824873231455564,-0.07313929703613829,0.00011941708930434372,0.38742690058479534,227.9565827968625,1.0
12.469084,62,555.209352,0.29149431041024176,0.09077297798737742,0.06337753928050227,0.23744844431335912,-0.06632756181697727,-0.006596890040756499,0.3669354838709677,218.6662041907294,1.0
10.009689,72,555.377115,0.32335994263268897,0.07955990851008754,0.0839804649638447,0.19462103305422052,0.04765008643379884,0.05522862607435289,0.39120370370370366,214.29917312962132,1.0
9.090517,55,555.976672,0.2906554106870907,0.07771069140429594,0.0778758893794762,0.23815693608486718,0.05582982759632365,0.05502639521626847,0.4287878787878789,216.41162492416998,1.0
14.842027,57,556.116552,0.2742035461032984,0.03395278400078254,0.06562616656144106,0.2630565114075462,-0.018781535335405712,0.039252256312795455,0.3771929824561403,215.567073876353,1.0
14.442528,65,556.277706,0.29730485521172745,0.03652197148844338,0.07446927643220803,0.22643294270771144,0.002181079502100151,0.033494159265343666,0.3807692307692308,210.9851740694039,1.0
12.16498,65,556.429871,0.3007405700036106,0.09277263763223256,0.05719590886000251,0.222921959903941,-0.06023259674633861,-0.00709076161110035,0.4115384615384615,222.40271829687862,1.0
10.032007,65,556.634422,0.30384048267655805,0.08909045858224078,0.09592516202467256,0.21976439598934494,0.05595161449531313,0.06588186077066946,0.38333333333333314,219.87892812831214,1.0
5.814085,52,556.764168,0.27873677753081005,0.1355948202791269,0.08590764526804438,0.25485686022525644,-0.09898844877395158,-0.049886012985947234,0.39903846153846156,219.24500104095384,1.0
11.480139,61,556.918272,0.28571344780407254,0.07331126863587407,0.1057417730169344,0.2446863228006961,0.042836464839939185,0.058738161412584124,0.37704918032786877,216.43833251348886,1.0
9.212578,57,557.042518,0.286395370636289,0.1003722645881087,0.09750385991775608,0.24553116267282019,-0.06659973573348422,-0.010249136102099722,0.3961988304093566,222.2419296179767,1.0
8.986064,60,557.170086,0.3026133305078205,0.0864878939078105,0.06760572847048289,0.219683635890967,0.0626517558749435,0.036735741635250056,0.41111111111111126,220.54445711649768,1.0
13.537061,64,557.372891,0.29288861836025737,0.07834932243407113,0.06716046632470396,0.23398396461375218,-0.05380365680129918,-0.019252304603094562,0.40104166666666663,220.00281180460124,1.0
11.114191,57,557.505136,0.28230836389353386,0.09883749058757489,0.06049149672338338,0.2500851671016517,-0.07252380664561264,-0.02180638530502498,0.38596491228070184,218.3537300314162,1.0
4.276751,57,557.637442,0.31459904712575315,0.10683217867441688,0.0861524973560891,0.20655942142433398,0.07905327900722169,0.05332280165941016,0.41812865497076007,218.48919565748054,1.0
13.992402,66,557.797178,0.29641057249597785,0.049733601628313154,0.09396247744525649,0.2311976171625292,0.02461871917783214,0.05198578966897786,0.3901515151515152,217.9699450256474,1.0
9.103464,63,557.950561,0.2924097388202573,0.09354400528473564,0.12716827325216806,0.23527788234582664,0.052680484544591774,0.08395428685451421,0.384920634920635,218.7488662548091,1.0
6.95156,61,558.091876,0.31947046676436314,0.07802884435800156,0.08451108523542479,0.1984086080102131,0.061699713021047306,0.052494317360258926,0.4180327868852459,223.81879828585568,1.0
14.602027,60,558.237012,0.2800920384944992,0.03120943323746346,0.08206398479041614,0.2515541858482347,-0.0008441462054549399,0.042621105240979035,0.39305555555555555,216.1828185418007,1.0
12.7913,60,558.387954,0.2883738680485294,0.05308040129982617,0.07478535728292088,0.2390409910826495,-0.03801748104389565,0.017910628575564493,0.3861111111111112,216.2858592317713,1.0
13.086512,60,558.557057,0.28797124372019406,0.027442882965059555,0.08913858048806798,0.24029022894424648,0.006442113596838627,0.05572699472308011,0.372222222222222,213.40988090425253,1.0
12.162431,59,558.702326,0.28400032771721306,0.08868368103473138,0.05629123524836902,0.24623095915291981,-0.062343671958678154,-0.010251453831287338,0.4152542372881355,221.7773025398465,1.0
6.274687,58,558.847287,0.29434874391653976,0.12925136911350316,0.095026348876373,0.23277279462071837,-0.09052154862922411,-0.031156981540806455,0.41666666666666663,221.28007611139256,1.0
14.930835,63,558.994032,0.29144758139329047,0.0413660180920647,0.05386774689015294,0.23536986946344987,-0.027220255903389414,0.027271567308295296,0.3915343915343915,214.9002502825696,1.0
15.66741,63,559.177976,0.28691972330953724,0.03339089196315578,0.07641118253556034,0.2432748837031161,0.00013517721390624127,0.04807816518044708,0.3862433862433862,218.84281849160897,1.0
15.547209,65,559.338208,0.2961877575416406,0.02952882532285933,0.05204137298179816,0.22915409788197905,-0.013013900008602449,0.020374166385054383,0.3730769230769229,213.38281044161184,1.0
9.334249,57,559.476428,0.2844370358704324,0.11421320763930372,0.06832806770398944,0.24523679285092104,-0.0828719127500773,-0.03240662849254725,0.37573099415204675,217.09499677649984,1.0
14.642576,62,559.614339,0.2889228343905861,0.04135437159079683,0.062050649538365935,0.2392579636415487,-0.029027225983080454,0.01579516607045115,0.3696236559139786,212.2652190558893,1.0
15.220972,65,559.787453,0.29438081368481656,0.032650520511521536,0.07032709485855008,0.23248293237791148,-0.015847070837935757,0.0376332944719888,0.3846153846153846,219.2676574357851,1.0
13.264067,62,559.930871,0.29075689637942204,0.039876047933976845,0.09652375710191359,0.23814574926698945,0.012504193575394484,0.02803462342117756,0.39247311827957,218.54564073120977,1.0
0.415157,60,560.073489,0.31234998919513474,0.1900116240642195,0.06927870701984154,0.2066918582542823,-0.12727004183679191,-0.03186456529790628,0.3944444444444445,217.1518296777299,1.0
15.789936,63,560.219414,0.28473543282163377,0.04413709887865402,0.057749854220059335,0.24307570851696736,-0.026186712994674913,0.010272245602493834,0.39417989417989413,222.04523821419258,1.0
14.328202,61,560.377232,0.281294709517022,0.04800797989899491,0.08906997344482837,0.2511600670992129,0.017051811170806487,0.04187707782826851,0.39071038251366136,214.75804509860603,1.0
8.587125,62,560.561941,0.2992678408979224,0.08837270495947433,0.11624524292476257,0.22591685560873825,0.05930397123745194,0.07491297852309949,0.39650537634408617,220.2074033735492,1.0
8.244387,58,560.699166,0.29790291903820615,0.08601362944957727,0.09282863724420727,0.22940442815115697,0.060327513158789266,0.062060032661284466,0.40804597701149425,220.3761587412031,1.0
13.71241,61,560.849019,0.2898041333101902,0.046766556769038126,0.059858572711277015,0.23731415219606963,-0.03341218251998528,0.014720728104165408,0.412568306010929,219.86292653571013,1.0
5.190039,67,561.003435,0.31942519223395255,0.14696880885153948,0.07936657213608077,0.19922932349122166,-0.09767592778253834,0.011990920617308299,0.3830845771144281,220.0413298782156,1.0
10.513532,57,561.157054,0.2885070853245497,0.0836492361419353,0.06689125452669406,0.23927875365429754,-0.06219137872768423,-0.028330860984132802,0.3830409356725145,216.27199759654445,1.0
13.280665,57,561.307865,0.2770448630969087,0.047051652851328306,0.09515928640253168,0.25878836286484974,-0.032267176680321724,-0.007887352381479158,0.3947368421052631,225.6900391691165,1.0
13.669842,65,561.466619,0.2976069813736147,0.06711583621748404,0.056132736689081,0.22630359425151964,-0.04695233727675656,0.008390995636208496,0.3858974358974357,216.58538349936353,1.0
11.56826,62,561.615065,0.28819297517379927,0.07967169110928704,0.1052848454578809,0.24153289360245928,0.04311714362913278,0.0723584303477339,0.3897849462365592,221.31025723919774,1.0
13.850265,66,561.794831,0.29949509018355797,0.04751292889278473,0.08316614075970524,0.22612992677553395,0.020835396520043903,0.04687000435450667,0.41414141414141403,213.7406713983695,1.0
15.462971,61,561.942163,0.28256076136002034,0.03305364679111423,0.07062078163237338,0.250007585965304,-0.001992535473729281,0.045907817402791554,0.4193989071038251,221.10186809294322,1.0
8.765102,58,562.080823,0.28610237061128563,0.08268398077670394,0.12342542120780914,0.24054954655556254,0.045210975732691755,0.06361046742795923,0.3936781609195401,207.8169826652159,1.0
9.232763,61,562.22943,0.2964777111267381,0.08999867814204852,0.09088745154509666,0.22574939337119052,0.05891297249243541,0.0536347180480125,0.40300546448087443,218.9772427262696,1.0
-0.792855,54,562.378842,0.30506183977543233,0.1766605078563006,0.10812077752118528,0.220081951972567,-0.1271069290215404,-0.06662372107430518,0.39660493827160487,220.6966923942964,1.0
-6.841469,56,562.517823,0.32727115965165116,0.2360004505356092,0.11410482133496956,0.19052384089858837,-0.16071570869627316,-0.06540000954392648,0.418154761904762,216.3300433077696,1.0
8.587423,60,562.658487,0.2946693235112923,0.11885329026561049,0.06035008911367645,0.23051562675080994,-0.0851629571253733,-0.009681156858997201,0.41805555555555557,219.7248276264055,1.0
3.304613,53,562.785731,0.3041149441121205,0.12785848594721355,0.07940841319670099,0.2239541686756321,0.09261481274389322,0.06086291468759229,0.4355345911949685,222.01664717521123,1.0
12.916296,63,562.941199,0.294972206302163,0.07145039050884708,0.0730788806388139,0.2310948689390614,-0.04610786113633445,-0.020537907981115083,0.42460317460317454,225.89081564710995,1.0
12.247658,70,563.140512,0.30976149827943084,0.07492004902402312,0.08374950093937117,0.21251057088463032,0.041366670183549836,0.06339889640842643,0.4142857142857143,213.65607003655725,1.0
15.274206,66,563.30789,0.29748597968698287,0.03179767074836052,0.07007910308820628,0.22654757301427442,-0.006061390807441503,0.0224695071156583,0.4217171717171719,221.20256128160952,1.0
2.616714,56,563.444705,0.3147802316101869,0.12163110496773116,0.09254761989709923,0.20581544292821657,0.09274649091388705,0.06598420641994145,0.4464285714285715,221.53416340971893,1.0
2.703147,57,563.584259,0.32005829567041827,0.11671336408510335,0.0870763742970149,0.19862844715544042,0.09019824657083908,0.060840595112683346,0.4546783625730995,222.30269754842828,1.0
-2.655478,50,563.730512,0.31368343997333475,0.15797117809671793,0.13016169942615297,0.21115929446254847,0.12043882421502378,0.10515700427797228,0.43000000000000005,216.2860942909779,1.0
8.860521,58,563.865821,0.2895731200181037,0.1071051938917901,0.08278064725838417,0.2397186310649324,-0.07079989012855961,-0.03381118424168602,0.41810344827586193,224.67521178817026,1.0
6.266666,57,563.999026,0.2937634034306557,0.13935617625719068,0.07488120109492535,0.23540081473599925,-0.09493595694066112,-0.008561974630763988,0.4283625730994152,223.50851472633974,1.0
2.881249,51,564.124582,0.2980497275990388,0.11169918449130116,0.12092011508617849,0.23088063049084906,0.08523132306999956,0.08386782223553316,0.4297385620915033,214.45639604247089,1.0
1.839961,55,564.256273,0.31518490746821193,0.13136409586667258,0.09059214436441343,0.2070862260168597,0.09754973823596476,0.07198656498305704,0.44545454545454544,222.95871158799358,1.0
13.31156,58,564.412868,0.28374650221658015,0.03488966082538666,0.0816962916593385,0.24625658864478936,-0.01632867120652945,0.014545440081599454,0.4310344827586206,220.42547824816555,1.0
7.345727,61,564.556481,0.31824741921737526,0.0775254614377478,0.07373348528775506,0.1988336500455431,0.06243638155149759,0.030083283195345003,0.4275956284153005,220.93404614183294,1.0
15.802526,67,564.716849,0.29557243655390486,0.032912320971965,0.07939713813501889,0.23068535683379554,-0.011369433475467929,0.03676522064844731,0.41044776119402987,225.35731909379922,1.0
14.945407,68,564.882915,0.3013566653719476,0.03708198059578685,0.08080816759278658,0.22158707204996647,0.00867732395762716,0.048031023645305496,0.39583333333333337,218.33523790814468,1.0
5.319618,61,565.056444,0.3068095224154383,0.14313356814285313,0.06816654775453204,0.21262668432336618,-0.09632041634668358,-0.019428456726318766,0.424863387978142,220.28659235809866,1.0
0.495076,57,565.188443,0.32576791953249734,0.13759271698816192,0.09985093790101943,0.19396450920354186,0.10493657311173869,0.07460258921556162,0.47222222222222227,223.85878982293528,1.0
13.000456,66,565.344978,0.29665037125007504,0.06767475739832549,0.09517076376735087,0.22852166518012004,0.030280331057128112,0.05442283303901693,0.40025252525252525,222.07385000637066,1.0
12.940136,58,565.477744,0.285233721127915,0.057282581521778536,0.05712278822982824,0.2440688653839779,-0.03859265180147711,-0.007535589560997761,0.40948275862068967,221.48058025556497,1.0
7.720376,56,565.637109,0.30113650502479455,0.07608501137337949,0.08268530126410696,0.22376101639516735,0.05821172692634712,0.04385805373033721,0.45386904761904756,220.9334826654449,1.0
3.52614,55,565.768112,0.300291501829995,0.13901318734511944,0.10283242886746269,0.22396446516648066,-0.09526633402791469,-0.047617090507029156,0.4196969696969696,217.18260074087587,1.0
15.474784,65,565.918283,0.290960827060121,0.048758077651011075,0.058683603170949374,0.23479926207669635,-0.031405090274436054,-0.007323970340717408,0.41794871794871796,226.33083801548952,1.0
8.590498,57,566.054274,0.3019960928448849,0.07661125194024773,0.06939662707878508,0.2244916141782384,0.05612619048790369,0.04103445797248397,0.4385964912280703,224.00010825590547,1.0
12.118524,64,566.224798,0.2969471910077231,0.057758580588202574,0.10018595912854279,0.22909406724615008,0.03274306796016253,0.03862681173837067,0.43359375000000006,223.86661212399008,1.0
12.467752,56,566.355692,0.27253300102522604,0.05606311114922328,0.09427320000391592,0.26266125039011573,0.021597785514432043,0.050413216973095976,0.42857142857142855,219.2282812970214,1.0
14.599875,60,566.495011,0.28081528732964045,0.05509665030994457,0.05716912100771845,0.24851098114901196,-0.03883623919785555,-0.004774277128533111,0.4069444444444444,223.223122584974,1.0
12.595837,59,566.635898,0.28706531834998295,0.04526133176031122,0.08077823328231941,0.24127115211625805,0.02411496368180196,0.03980468046310933,0.43361581920903963,222.6899628688709,1.0
13.471997,57,566.770121,0.28091264298546204,0.03968582405908846,0.07469023018832535,0.2575630917151136,-0.02490424993309971,0.02501417216488181,0.4415204678362573,224.39878250966646,1.0
12.999175,61,566.943848,0.29252121583726726,0.03783508151685099,0.0795713780037438,0.23229997517727338,0.012565229693477871,0.04171794501186266,0.42759562841530047,217.3652513951569,1.0
10.911819,68,567.101933,0.3072743400405733,0.09720700575316325,0.07199655955263318,0.21184511775038106,-0.06113214212416338,-0.003117149037613996,0.4080882352941177,226.44195961520202,1.0
13.635915,62,567.244288,0.28889967650344933,0.06863896500043709,0.06902874710963765,0.23848280468327152,-0.04648456613356529,0.007293790004405015,0.4596774193548387,225.15982399680857,1.0
16.577901,69,567.433664,0.2973096756689192,0.038072341030176184,0.0757193050075646,0.2294626379371607,0.007700221243554058,0.04242444452194298,0.4335748792270534,224.60020470202224,1.0
9.421061,57,567.568528,0.28517907690558003,0.10874057773013777,0.08005740066105892,0.24445835524578954,-0.0795030662780785,-0.03063799365859357,0.43274853801169594,226.96968600761932,1.0
4.023434,50,567.68479,0.298978915718042,0.09878308524176116,0.07837088213633485,0.22741656095296908,0.07815650739971018,0.04135786014118889,0.45833333333333337,217.3730913292429,1.0
7.081209,59,567.831924,0.2935571100056418,0.12988624762396783,0.07641749907341285,0.23071856741616553,-0.09087402982035049,-0.038635149842695664,0.4378531073446328,227.04600381823337,1.0
10.775678,66,567.989289,0.3041589648566274,0.10206356543015098,0.06120288083304781,0.21613840459397912,-0.067446669866989,-0.012646028062340598,0.4267676767676769,224.56773564959246,1.0
8.085593,62,568.167217,0.3007071999423971,0.12617814592609358,0.07049864562918655,0.22143258948265654,-0.08996565017455709,-0.009745476335344446,0.418010752688172,221.08101657778582,1.0
6.682964,57,568.301436,0.2951113231610528,0.130332878823838,0.06165722532329633,0.2294139011764957,-0.09245418493512893,0.005575796935593909,0.4269005847953217,222.5559760492608,1.0
3.871747,58,568.441019,0.3018747552519245,0.14685669199577278,0.09783407800068182,0.22008889274975,-0.1007135067038836,-0.05201105910243771,0.4497126436781611,217.0035902821673,1.0
14.322701,59,568.583148,0.2829024315623798,0.03628291453073808,0.07008528571778713,0.24886612818893591,0.007022339048382241,0.035017413070516576,0.4293785310734462,217.46944823276903,1.0
11.383798,59,568.761199,0.2876082281210034,0.08833856004101999,0.05692146934275794,0.23913156260535814,-0.06492033761145026,-0.020345310199301872,0.39406779661016944,219.51627840283115,1.0
4.338026,68,568.929224,0.3225814293208133,0.16075719858055065,0.06840254929025631,0.19622100840243292,-0.10440431473424533,-0.014188514426600646,0.41544117647058826,222.27279314937178,1.0
5.153676,61,569.079195,0.32397799326380083,0.09267039589015612,0.09339480581897003,0.19521075450001155,0.07263549004463506,0.05234707871232169,0.4713114754098362,223.49254476892116,1.0
13.61971,61,569.222593,0.2855123422073667,0.038763937151301935,0.10564815916073116,0.24532897239712687,0.01228861536391611,0.024834822281280665,0.4275956284153007,220.9747482345436,1.0
11.410515,65,569.398885,0.3002967997957186,0.10144149650816595,0.06342361813256214,0.2238321650347373,-0.07268677932390191,0.0067611416817394635,0.4294871794871795,222.28738782443082,1.0
-1.270028,51,569.518779,0.31718198360507577,0.15050914928269352,0.09029592151597746,0.2057136881568114,0.11557241862454933,0.06379468805062564,0.46405228758169936,220.57196829598016,1.0
12.744786,65,569.672287,0.2993220650469187,0.05756158160839457,0.0935931202686835,0.2266065346245568,0.03177199019016356,0.05853288361615236,0.4333333333333333,223.9830754531228,1.0
12.351943,64,569.825858,0.2940265701309727,0.096665349808683,0.06224471107958581,0.2334616580693029,-0.06715240725966877,-0.01692106869397719,0.43229166666666663,228.66946054749894,1.0
11.656289,64,569.99623,0.30103750455154005,0.08669136710454435,0.06322974941685976,0.2206203118504641,-0.059540230694703704,-0.014061806345037377,0.4375,220.36124900191172,1.0
-1.849915,56,570.126397,0.30756450988200595,0.1969410614088691,0.10425403233312022,0.21225346297853068,-0.13641134540124256,-0.06500019151036406,0.44196428571428586,218.8766091092813,1.0
9.699259,63,570.282483,0.2984139221182224,0.07689071480717158,0.11704940209074421,0.22642188063270202,0.04805958080000903,0.05862264843091331,0.4417989417989421,221.2944600846968,1.0
13.949501,62,570.431522,0.29143599204194653,0.041653372704868005,0.08716017612939748,0.23569039527685495,-0.025950090254851847,0.019456772069496326,0.4462365591397852,222.2997921136844,1.0
-1.502916,57,570.566565,0.3109609302521456,0.19144116135162736,0.10272360372550562,0.20881027381502051,-0.12719790488766308,-0.05774053995455987,0.44883040935672525,220.55943121547665,1.0
15.113304,62,570.736648,0.2868156385275811,0.030660833516082973,0.07017485801695114,0.23942096035457042,-0.013654477229085934,0.02303129111807029,0.4327956989247312,217.84698063041887,1.0
-5.349197,56,570.87793,0.3299256066364562,0.2151414073878999,0.09511749551590208,0.1855019183397745,-0.14988817162778664,-0.05906253610845536,0.42410714285714274,208.7129409283732,1.0
13.978452,65,571.03481,0.2988694600344886,0.060981279099462785,0.05463879079781367,0.22297136209550733,-0.04007654370022708,0.0034298604886035715,0.4410256410256411,219.03405119506917,1.0
13.638929,69,571.206802,0.29863149521156995,0.07131237264852046,0.09929139674593081,0.22723523105459129,0.03224021805917808,0.057296666604578314,0.43599033816425137,213.67913909670602,1.0
13.042541,68,571.395379,0.3051803741039023,0.05175770582482748,0.10370009019147995,0.21822332080913123,0.02607659925546083,0.05733305018636367,0.43259803921568635,213.38997108870896,1.0
7.959322,57,571.525804,0.28918977377071464,0.11742334118951307,0.06914593107034603,0.23754308158871124,-0.08149200041718391,0.0038583148747527557,0.4327485380116961,222.52705528593077,1.0
12.007152,64,571.678943,0.2932569008748867,0.06748166986606798,0.10293261339695066,0.23308845779261608,0.037782959246399614,0.07008898037538308,0.4036458333333333,217.1427014131119,1.0
9.853458,59,571.819904,0.29162037858426537,0.09798354486922731,0.07097581256557203,0.2331869990978458,-0.06988254281240608,0.017400269296996743,0.4491525423728814,219.0531651215562,1.0
13.624887,62,571.991245,0.290560310073458,0.06493076398001457,0.0666667709188876,0.23604168490878555,-0.04723330976341607,0.007004096727529477,0.45430107526881736,218.38209231643464,1.0
6.174008,58,572.130428,0.31578733488778876,0.08891966013075195,0.07696502340257899,0.20481382997399794,0.06536167421147082,0.049240869098936116,0.4339080459770116,222.0653354406504,1.0
-4.49264,46,572.241592,0.3122770687790794,0.16575153119029135,0.13424738707369982,0.21500366931752743,0.12890445823947494,0.0944770227090057,0.4710144927536231,210.31524668030207,1.0
15.469905,64,572.39241,0.2910168467705741,0.03387521862386945,0.08149241672300551,0.23737583735763718,-0.004142610456964995,0.05350961589092312,0.4309895833333333,223.44907883485195,1.0
10.429824,67,572.582579,0.30219820499457417,0.08876649196908015,0.10865266535197253,0.22169325612720123,0.05155348366409215,0.06417994972711132,0.42537313432835827,220.59895526696215,1.0
6.204381,60,572.732527,0.31423596790428493,0.0942791559299466,0.10178092005046835,0.2086479162703715,0.07128490659033855,0.07017849305399518,0.44861111111111107,227.82993163562602,1.0
14.685227,63,572.886104,0.28745829336862894,0.038381969187291386,0.08849401606740885,0.24010094429334602,-0.0025051019505275374,0.05359644072597967,0.42989417989417983,218.8599486704648,1.0
10.745341,59,573.027234,0.28497874493512654,0.08163511763608314,0.1118770188180765,0.24795624365513033,0.04686891179919979,0.0661841373720974,0.4265536723163841,220.91672089879296,1.0
14.985955,68,573.219325,0.30128795235624856,0.03675310261317892,0.0803437462802084,0.22480041016023564,0.007995167432610837,0.04069338152179386,0.43750000000000017,215.59744689433066,1.0
9.879177,61,573.377503,0.29551110066590414,0.108460833872407,0.06883249562074242,0.22889799459618784,-0.07700998118263347,-0.003693858902199093,0.4357923497267758,218.86245868960677,1.0
6.904993,63,573.524583,0.3079672345856143,0.1362514695660329,0.06648841556462622,0.21377916454162899,-0.09360840443498396,-0.00867993563982534,0.43121693121693117,223.55327169984483,1.0
5.79652,61,573.670583,0.31708857216400527,0.08733898286643801,0.10878584589843222,0.20365414121551262,0.06458990609460534,0.056387919661479644,0.45491803278688536,222.85417283745562,1.0
15.551871,64,573.857252,0.2929049412170798,0.03909037900497774,0.05877181318866119,0.23509384416580648,-0.027642013514460842,0.024957842008302082,0.44791666666666663,217.1528834501443,1.0
0.414896,58,574.001961,0.3103778604303707,0.19022148195121918,0.08693427524283667,0.2123491080030012,-0.12893973969570643,-0.018070550848079757,0.43103448275862083,225.4974653843592,1.0
12.296221,65,574.156871,0.2926701002365512,0.06690846087913545,0.12231546193529409,0.235744231488153,0.03262615404328257,0.09117929617996283,0.4102564102564103,216.3895395329261,1.0
7.508955,59,574.299985,0.2939861381823884,0.133982798991753,0.06743584745605043,0.23367305128113333,-0.09487218189108965,-0.02921085011440658,0.43361581920903947,223.3999620707045,1.0
6.11272,70,574.467804,0.3167431810301594,0.10787308856868909,0.12584735347530085,0.20332325761112285,0.06719698225013457,0.08348867733528734,0.4297619047619047,222.70237975558982,1.0
8.796876,54,574.620728,0.28162701659511463,0.11020110872635523,0.07725972782092709,0.2541163406586234,-0.08259914828090485,-0.024813614664694797,0.4459876543209876,225.78860270595476,1.0
-3.68206,54,574.759876,0.31084997095542966,0.21358787666962076,0.09206484666422192,0.21104379023787967,-0.15024333255893668,-0.054648739641639556,0.43364197530864207,221.06519635802687,1.0
14.902485,69,574.93902,0.3030542755908308,0.034789792261585704,0.09497799504775091,0.21961294230033054,-0.017323478409667567,0.04091158420533456,0.4335748792270531,218.10577738305054,1.0
13.319309,63,575.095482,0.28579804025577377,0.05805345661213044,0.12437048969150505,0.24997225210579319,0.021879210265470718,0.07744564030979466,0.4219576719576719,215.46430664061813,1.0
15.050286,63,575.287525,0.29025289993239867,0.02678256934243334,0.07765528027727567,0.23887726998445105,-0.007643560866069649,0.04595256560030014,0.42195767195767175,215.19776234283043,1.0
15.762349,65,575.453694,0.2932565511768907,0.025862134135779712,0.06847395923167797,0.23467968625615573,-0.006270617033581042,0.037345919103253,0.4346153846153846,214.2622022545661,1.0
13.388968,64,575.608908,0.29680199545175795,0.07435696682152106,0.060909911099409214,0.2291125207056101,-0.05190940620845035,-0.005649335775623726,0.45312500000000006,223.63287868483664,1.0
14.756389,61,575.756856,0.284586555673926,0.03615340945566382,0.08311938837553287,0.24697670738255192,0.008084317048708923,0.05383454913747419,0.43715846994535534,219.83672835763457,1.0
13.665801,60,575.929925,0.28696195896757143,0.03649343680908513,0.07908563183717443,0.24168991693118913,-0.02308904356951398,0.011786821936125048,0.4305555555555556,217.56186739572462,1.0
13.964228,61,576.071514,0.28534417255349365,0.06693857003259072,0.06591140475838198,0.24477349103663523,-0.049509161234317416,0.0034176227953201547,0.4344262295081967,222.06963441228845,1.0
10.398387,60,576.221975,0.2891062357055482,0.10548269335570365,0.0685704994457802,0.2397740981270617,-0.07279617955546044,-0.013246824575671525,0.44444444444444464,224.73676489080668,1.0
13.365428,70,576.394103,0.30173462765163206,0.07035191381294374,0.11022827132125397,0.22533344415367534,0.03165908204145309,0.07187978917777599,0.4261904761904763,216.7990711597509,1.0
11.768465,61,576.571345,0.2888859861201723,0.09493404812262612,0.06368305591861834,0.23927123407872772,-0.06740215268360389,0.007601947889172595,0.4439890710382515,223.37072126697973,1.0
14.413426,60,576.718997,0.28357902015641295,0.047530301112659414,0.07256403927507603,0.2499492065969866,-0.03638886111969666,0.025029860345910506,0.4416666666666666,222.940666453773,1.0
8.540296,63,576.873597,0.3153896042595042,0.07899917541800637,0.08965749064031098,0.2078926045545393,0.058279166531698845,0.037220460186570485,0.44179894179894186,226.90783428173486,1.0
10.332996,66,577.104721,0.3090051559759736,0.10073412975788842,0.07065899443925136,0.21189931789491118,-0.06162041593247571,0.012193895057066943,0.43813131313131315,221.25297745892664,1.0
13.388554,63,577.337275,0.28650839212522944,0.060842368783671885,0.10884270705914294,0.24442996619190938,0.03152950345587062,0.059451435936197235,0.42328042328042337,222.3725613981477,1.0
13.083841,61,577.486233,0.2831553797584101,0.05547673774699884,0.11335635508232432,0.2513433714913901,0.022604594090473516,0.06607834367496376,0.4631147540983608,219.11154054084932,1.0
4.329063,62,577.643577,0.32475252735048715,0.10521976029092882,0.09810734440020037,0.19446413966683518,0.07709526460556296,0.06881157773798026,0.4516129032258065,224.39602921920078,1.0
-1.597672,56,577.781869,0.3083678009150029,0.20372867600206068,0.09777343470598139,0.21745743119563307,-0.1417880720130648,-0.052241660137850865,0.44196428571428564,219.8601155867369,1.0
14.155667,65,577.956406,0.2967563813707962,0.05304876783164034,0.07053882247836224,0.22783545965884205,-0.03530893786070801,-0.003083202555116782,0.45256410256410257,226.90900823982204,1.0
13.989815,65,578.114464,0.2950489540793167,0.03433658032179227,0.1040672940906519,0.23289065644943802,0.003916924219546505,0.06382643054906714,0.4320512820512821,218.02998943925326,1.0
9.487513,66,578.269888,0.3074169861489811,0.11019450479851539,0.06750868411574987,0.2121973925759616,-0.0713091777625101,-0.0072104480070229685,0.44823232323232315,222.7581202911763,1.0
7.744592,56,578.409934,0.2882671109086754,0.12282054189369825,0.09009299473141091,0.25095259273387976,-0.08567744024703917,-0.03698635674461432,0.4479166666666667,229.3380166395029,1.0
11.473486,64,578.580789,0.2953123895008339,0.0739330953443905,0.11552053677107742,0.23327913050475557,0.040679300866310344,0.07579613218030042,0.4322916666666668,216.55692929025716,1.0
4.87582,60,578.729236,0.3176195906052904,0.11049277518434845,0.08794310451424406,0.20397875142427102,0.07917013518570053,0.062196187487879924,0.4694444444444445,225.62127347430885,1.0
13.866091,60,578.867954,0.281664363626094,0.06928250981135924,0.07020009683080178,0.2519117404554436,-0.051437990240575805,0.013721203656959492,0.45833333333333354,223.91893489051245,1.0
4.761315,60,579.014413,0.305862124093248,0.14060083328391226,0.0961350840511178,0.21714929859414844,-0.09553452593335969,-0.050451766132565336,0.45972222222222225,224.8421954558906,1.0
15.007965,67,579.181311,0.29691300334862447,0.03432147850627558,0.09822841235279704,0.22916095635381098,0.0052195835155388025,0.025810875304858424,0.4726368159203979,224.08172296754748,1.0
8.891338,58,579.317897,0.2863538414683795,0.11772331911422704,0.08616008648669646,0.24515396424467623,-0.08564895754536292,-0.04350506894352908,0.4755747126436783,222.52591005029583,1.0
10.374298,66,579.471264,0.31118509759132185,0.08330387146130283,0.07720397945832214,0.21311208867717157,0.05513443647919129,0.042856540053825776,0.4696969696969698,229.5324227603252,1.0
14.137869,63,579.617373,0.28930993013658285,0.04388360151737705,0.09610186365676342,0.24018954802778408,0.016283053707621623,0.05295963511790528,0.4537037037037037,218.35101127536456,1.0
8.22622,66,579.788846,0.3137129631047494,0.09177702496098912,0.10936654373000627,0.20955137369073837,0.05758714776490882,0.08621340034110661,0.4848484848484851,219.7640207167481,1.0
13.818096,58,579.923928,0.28132139459641525,0.03791796280076439,0.07523662247302192,0.2532097158382905,-0.02298299974482306,0.00040166578410667596,0.485632183908046,225.37000733035688,1.0
6.568742,63,580.072114,0.3256384634877188,0.08400506670505285,0.07716236743578524,0.19386352184272698,0.0627291340632123,0.04079873325751968,0.4894179894179895,227.01719290852856,1.0
8.843646,64,580.235717,0.30651141272576476,0.0910415044581989,0.08829686156587407,0.2145464344470979,0.06185078453676447,0.06146843544269096,0.4713541666666666,221.80086361447403,1.0
12.631906,60,580.383941,0.2843096227427874,0.08737703393088492,0.05442486629706334,0.24592543317232105,-0.0637595450574955,-0.013694275032932171,0.47916666666666674,222.9581099746852,1.0
9.257508,65,580.559839,0.304339005432785,0.11908062310962007,0.0653537564879636,0.21762774858027342,-0.0810631568746837,-0.015779157951515556,0.47435897435897445,223.24644363787232,1.0
12.437806,80,580.753522,0.32684078719136184,0.06991348528633877,0.10513393514046583,0.195192813082778,0.03370117445954475,0.06707222919352339,0.4770833333333334,216.67470064959926,1.0
9.181561,67,580.926177,0.3058906335905691,0.09670451115621062,0.10800851983870287,0.21616534808865004,0.06169092268475972,0.06631220813452049,0.48383084577114427,220.43623114740285,1.0
11.76933,59,581.092178,0.28270827353707495,0.09369594817873252,0.06820588388002016,0.24618991967475468,-0.06279482737065682,-0.022117169394204217,0.48022598870056515,220.01278550045177,1.0
12.974675,62,581.25474,0.28414412428592556,0.06668722450613701,0.11598173138944862,0.24946790584090445,0.029861949504733535,0.08518168470223496,0.47580645161290336,219.11303175540615,1.0
9.704852,62,581.403306,0.29639453810864735,0.1071242982936735,0.08303789655863539,0.22882462277123042,-0.07359178947286531,-0.04197262361283989,0.5026881720430109,225.56937321154004,1.0
-0.648435,56,581.534915,0.30489488746044663,0.1974678698467534,0.09470455525295163,0.2196737652503125,-0.13575045793458432,-0.05886361017264235,0.48809523809523814,222.2260315973219,1.0
13.494478,57,581.667246,0.28337955666177905,0.0443593806552536,0.0692982841897026,0.25290054697571834,-0.02814575954633792,0.013596338895638972,0.5043859649122807,224.75515029453737,1.0
9.783016,60,581.832707,0.28896761028826684,0.1125919733265245,0.0707663838056164,0.2363298149009478,-0.07549647910721718,-0.017623035937317674,0.5083333333333334,225.9098905711911,1.0
15.329976,65,581.980955,0.2956663559250417,0.0351840272511962,0.07357679064566625,0.2314954023285763,-0.01785275176164246,0.04128075992790692,0.48846153846153856,221.1264380275417,1.0
2.585926,52,582.105187,0.28955538914768514,0.15584854932674488,0.09739476070351274,0.23995298133696238,-0.11070290720380907,-0.0320716712994273,0.46634615384615385,214.33757985344053,1.0
13.032157,62,582.261878,0.29274847785913166,0.06283531923533175,0.07932440366697499,0.23204831420495614,-0.04120478898159563,0.00844072610678734,0.47983870967741954,221.88556547244744,1.0
10.700816,65,582.433405,0.29725662760807614,0.07868688677907909,0.12190834074121311,0.2286132768215929,0.04287676980878995,0.09063823417310231,0.4923076923076924,215.52169362760662,1.0
8.870953,68,582.589823,0.3266847933413171,0.07086945586973127,0.08268837636607321,0.19214244679070291,0.053987477676974545,0.028641503691959634,0.4987745098039215,230.7193354977623,1.0
-1.395592,51,582.710579,0.29296201347561035,0.20190655162292953,0.07458896980995297,0.2384275350076047,-0.15004855959473853,-0.020025365297896655,0.4738562091503267,226.31027397248536,1.0
14.707755,64,582.866947,0.2883743926213899,0.04450525072413747,0.09620391016253403,0.2406604404814485,0.010145839165049261,0.05260952548727552,0.48177083333333315,223.01903798852186,1.0
10.54925,58,583.026884,0.2850029650804782,0.10447427196775108,0.05414357956218022,0.24564303435141793,-0.0778243784116945,-0.012465814688448805,0.4770114942528737,222.29368571469038,1.0
16.17987,65,583.17834,0.28746563002756864,0.0418113392198441,0.08470473610650354,0.24540405768828513,0.008360244285067616,0.06289233228037865,0.4858974358974358,217.2866256413739,1.0
13.654247,59,583.332856,0.2803448142135424,0.07589195574600423,0.05210273609591327,0.25093013737992725,-0.05467509532379034,0.020904282575930206,0.5084745762711863,224.10146616243242,1.0
2.673283,53,583.459918,0.29327496063299724,0.16682839636769287,0.07651030730099583,0.2390601929839124,-0.12037355634142112,-0.01999487875612022,0.5047169811320754,222.79175916868604,1.0
-2.28483,52,583.582975,0.2994910229136688,0.20586486584063493,0.09980909023488148,0.23016734415129086,-0.14768677802238392,-0.050057084970606354,0.455128205128205,220.52098952900263,1.0
13.374275,54,583.738624,0.2683094810102816,0.03572480902648156,0.09177812879441793,0.2753696516428868,0.007835648411173882,0.04420932350941836,0.4861111111111113,219.64907732914878,1.0
15.141067,61,583.87803,0.28267150050390905,0.03789890914240551,0.08045460886092953,0.24955395423174348,-0.023805785612854232,0.04189750736558271,0.48497267759562834,222.01377737397593,1.0
10.200008,67,584.033993,0.3013594195847481,0.08375294352931725,0.1346843733638195,0.22672166846964967,0.0439504097414188,0.09723468098575719,0.48631840796019893,221.93710706507972,1.0
11.890561,56,584.163598,0.27671485263921713,0.06214696419802476,0.11483760824847894,0.26448575205540703,0.025510611700511752,0.08353709254566989,0.4851190476190476,220.6952850017886,1.0
15.75706,65,584.386117,0.29049006642898384,0.02950992086262639,0.08722942694727502,0.239984765326673,-0.005422844648960892,0.059154976429699316,0.4846153846153846,220.60433362133168,1.0
9.62072,62,584.534106,0.3014753304542336,0.10896158779784547,0.05999567629580439,0.22225863548866603,-0.07770010065455517,0.015349184675616504,0.4919354838709678,220.51319607783344,1.0
7.166309,62,584.686429,0.3182962929335134,0.07927171561144017,0.09034135639555271,0.20252168651460875,0.062353761444139844,0.0533201026778983,0.5188172043010753,227.95436843035097,1.0
10.775589,63,584.837443,0.2945446472904346,0.08362363479489736,0.10800808158617242,0.2348970192111921,0.045106111199584055,0.07044337302019449,0.47222222222222227,223.221056452315,1.0
-2.386667,52,584.985263,0.3011625511596527,0.21154470141555257,0.09898462894333954,0.22759024397341732,-0.14511379270070301,-0.04876988235772895,0.4887820512820513,220.49514285019674,1.0
6.738997,58,585.135253,0.3032229522026727,0.09431669203485749,0.10372389755031723,0.2217424089111675,0.06948064856425779,0.07136577227727461,0.5114942528735632,223.6814773967028,1.0
9.422728,74,585.312929,0.32032671782529526,0.09440231118234216,0.11165081639100123,0.20167768647787948,0.05189505583521815,0.07924016449907137,0.49324324324324315,219.5630767496161,1.0
6.963796,59,585.460153,0.2952001820715297,0.13802027652909993,0.05938156359479312,0.23048970639031383,-0.09330146891310326,-0.016699425551436744,0.4971751412429377,217.48604569102594,1.0
3.426656,58,585.623195,0.31998036094294274,0.10264851940005276,0.10815878831838004,0.19964393658994808,0.08025777331113483,0.07148981623809265,0.5129310344827587,224.07094589425662,1.0
8.474487,60,585.776581,0.29915885445945845,0.1107857237277381,0.06364323724007283,0.22377320835520706,-0.07666448809965165,-0.01477507781315398,0.5069444444444443,215.59087212739976,1.0
15.003199,61,585.920223,0.2852061534517506,0.032497623134734505,0.06073576543946762,0.24571913766607292,-0.01879891058507144,0.02703181928125882,0.48633879781420764,219.59201454240818,1.0
14.484285,62,586.068866,0.28945277282648096,0.03382178351724888,0.070624658830101,0.23735771042986756,-0.014335588826863189,0.03452432860520645,0.5161290322580645,222.60148924594546,1.0
10.740033,58,586.250065,0.2859721711322037,0.09788159907492865,0.06729801377184433,0.24345841336608226,-0.06867069075105792,0.01277358804520059,0.5201149425287354,220.25358808458023,1.0
13.166565,60,586.391946,0.28862932093504456,0.06000965729557823,0.0674978866559417,0.23918972025457652,-0.040592160508096956,0.013874115508663834,0.4944444444444443,220.20839589331302,1.0
17.148393,68,586.554571,0.2951958795239471,0.0390220679786682,0.05636195761992868,0.2318476205709605,-0.02371612467347631,0.013029961773714745,0.5000000000000001,222.91417763429524,1.0
10.302876,58,586.690259,0.2865050502417511,0.10657133398184963,0.06372203822443238,0.24367254550057627,-0.07843889755911852,-0.0076618405742212795,0.5057471264367815,220.27290887622868,1.0
10.274144,65,586.849437,0.29869862316571505,0.0858832992420208,0.11481212179431931,0.22646494159394395,0.04378747569666404,0.08115139434487978,0.4923076923076924,211.95832339840598,1.0
8.776987,64,587.03964,0.3025036701399284,0.11385494563218698,0.0810730152145887,0.219857320520232,-0.07640082370290818,-0.029413969620978034,0.5026041666666666,218.62693156096364,1.0
6.910879,58,587.185189,0.2911043751327631,0.1345297349022867,0.07477417519170688,0.23773646052091912,-0.09095771596155519,-0.03478556967056748,0.4899425287356322,224.85197819766663,1.0
9.711625,67,587.345144,0.30545478182984775,0.08991178078045711,0.11666777472350745,0.21873234705835234,0.046732117346497175,0.08761363198784493,0.49378109452736324,210.9224789041976,1.0
14.259371,61,587.486379,0.2830919437032474,0.061234454261953265,0.06687380699178279,0.24770533152181348,-0.040276232828839895,0.010306955929912721,0.4972677595628414,226.67623989642544,1.0
9.237223,60,587.645718,0.28871764501468605,0.11904507637083309,0.07914538162907912,0.2400362697262931,-0.08330503086287948,-0.014235543634084006,0.49166666666666653,220.7432150195558,1.0
13.362548,65,587.801486,0.3026778906092218,0.061627037013423515,0.055077544227375,0.2212689905370061,-0.04372861876945597,0.015334454705793388,0.4935897435897436,214.7654315287127,1.0
5.851113,56,587.930215,0.2920968986675293,0.14050168110628253,0.07799980182058541,0.23772963132689232,-0.09801257476962817,-0.03756426141236118,0.49404761904761907,219.79250959781825,1.0
7.746734,62,588.082471,0.29420633132397706,0.11019127615559522,0.1350527478781325,0.23681049879513486,0.06603549754754673,0.09226476602219745,0.4852150537634408,217.51055075142244,1.0
14.291811,66,588.292435,0.29348189990886586,0.060071346175877935,0.08860303456546569,0.23457081636719487,0.02397120451731086,0.058917937123599794,0.4962121212121212,213.55212244836326,1.0
2.961152,54,588.421253,0.28823108407321474,0.17139616598507326,0.08077210431015233,0.2432064465998524,-0.12086339039668077,-0.038976019957974346,0.4938271604938271,218.88289423449248,1.0
15.241906,69,588.586224,0.3043079686466472,0.043545184956748244,0.07066156159211144,0.21951246474259808,0.011901695748774454,0.043717821367929253,0.4758454106280194,210.94030938347836,1.0
13.832085,59,588.722872,0.2868184148147588,0.04959869437216363,0.04678985826387917,0.24248156337022672,-0.035704703690437684,0.007725768108582138,0.49999999999999994,216.19702639824442,1.0
10.799659,79,588.946347,0.32944529551212537,0.08293562075854785,0.1050539913973073,0.190439295621692,0.04245310553283561,0.07569039184914633,0.4725738396624472,212.18104065657522,1.0
3.748525,57,589.083935,0.2986986038502911,0.15789719594615448,0.07492692097004064,0.22625040411869704,-0.10616692036863805,-0.034526505333241,0.49707602339181267,217.33227632463058,1.0
5.282397,66,589.238868,0.3338239705440251,0.0849285885672396,0.09643370066716138,0.18157055459660001,0.06658346358203267,0.053282330777237936,0.5063131313131313,225.19718376492924,1.0
9.33116,64,589.391145,0.29251191338690646,0.10249249228899925,0.13037814987877427,0.23716443837213766,0.0575461689469692,0.0916482521967157,0.4635416666666667,218.84213799920698,1.0
-1.142627,55,589.551442,0.32566434442217373,0.14160254440435932,0.12254543017920189,0.19335311587409967,0.10956584189457858,0.08696508711288192,0.5227272727272727,219.521264679287,1.0
2.847119,63,589.705455,0.3357282229602155,0.12389067180234967,0.0919560572691321,0.18477539543473345,0.087671988340454,0.07461960474210498,0.5052910052910053,226.7746950116083,1.0
16.163996,66,589.878714,0.29270947535666725,0.032074210915473446,0.07543016830020816,0.23479980832389455,-0.012271329476347424,0.04854104698702499,0.5012626262626264,221.72856678478558,1.0
-1.004604,64,590.035574,0.34811123534025257,0.13616458360496309,0.11920990267401031,0.17228437358754864,0.09996201599375489,0.09506622952348644,0.5390625,228.69801834755657,1.0
15.576033,67,590.229455,0.2993718320244155,0.023097731240354084,0.07684963676263974,0.226092101279538,-0.002300392227292592,0.041639545531096236,0.509950248756219,216.02243240254666,1.0
12.520488,67,590.395211,0.30556068717132145,0.07898173314941188,0.06548842860858892,0.2149802235147771,-0.050674371578317945,0.011593728894734805,0.5024875621890548,218.01882423437615,1.0
5.821912,56,590.546172,0.3049412441581496,0.08706801481933672,0.11771743877237874,0.2195440612986904,0.06533190717356123,0.07983782982952081,0.49553571428571436,218.6054719536854,1.0
15.726998,72,590.734645,0.30959168601040965,0.041711030358768914,0.06952388201886844,0.21206195947554266,-0.026567350198685113,0.027860779778411997,0.4965277777777778,218.84889331344937,1.0
15.233482,61,590.902642,0.28300290268502554,0.04584404217344689,0.06677354273813309,0.24920078622845168,-0.029125379574373743,0.012325126098395919,0.49043715846994523,217.49288512914507,1.0
5.168063,67,591.061881,0.3193012877457468,0.1194201791373451,0.11494644684530324,0.19974135063704612,0.07919800376903942,0.07953415360542417,0.48258706467661694,222.18266842463836,1.0
13.404486,60,591.204458,0.284237364913073,0.036474329631418376,0.10257289258835095,0.25098065747849135,0.015888963039087958,0.05437100638885514,0.5097222222222222,213.8532994316975,1.0
14.39403,62,591.351646,0.28739034113340745,0.04374727835653392,0.09179163762162217,0.24368438700590747,0.018070720385159663,0.05606688652043311,0.4744623655913979,214.66016303743004,1.0
13.444171,62,591.529645,0.28814182306872627,0.07749006057889737,0.06213035821790479,0.2403697527175064,-0.05412337285184623,0.01090394227743614,0.4986559139784947,218.4847012456039,1.0
14.765428,72,591.709231,0.30415195333879275,0.04948105814854374,0.10448200713206794,0.2217717256320592,0.01951370612424076,0.06792922953103525,0.5023148148148148,219.64462029053647,1.0
6.536929,64,591.866485,0.30814059069707905,0.11753793255158251,0.11165988856687925,0.2148382639862814,0.07295397628870251,0.08198451532271453,0.4778645833333332,216.41792580957716,1.0
14.810511,73,592.040498,0.31729232804780033,0.039134850048073856,0.06336504889888253,0.201770712926004,-0.025016534999103543,0.019564563536904896,0.5045662100456619,211.47502834695993,1.0
6.98147,61,592.222955,0.300103840070351,0.13477451765346604,0.0706148821733244,0.22451351990488716,-0.09004260884241339,-0.009891124897737816,0.4808743169398907,220.24391903816502,1.0
12.982515,71,592.401639,0.30900886202859046,0.055876926057165134,0.10867482567709057,0.2142161006821447,0.025474758560359582,0.07618661946681511,0.4636150234741785,212.67810725490685,1.0
0.897554,56,592.541457,0.30278257909120976,0.1747188564093018,0.0830969923424537,0.21954676916638363,-0.1182499322957465,-0.02330934204172193,0.4925595238095238,212.01374854016154,1.0
15.314572,62,592.696336,0.28789650413943696,0.02944856675165842,0.0627787131275938,0.24156642672764606,-0.015417410290244356,0.01182703568808394,0.49596774193548393,215.99583030377056,1.0
12.436681,71,592.896321,0.3056668477899039,0.07556176656413659,0.11484321202584027,0.22046127060043716,0.0357655462106445,0.077355023424932,0.4847417840375586,214.17749902091833,1.0
8.376734,67,593.046756,0.3124287509948249,0.0974881436323466,0.10245469951460003,0.20766110221045184,0.057207326134277446,0.07487086347729037,0.4626865671641791,211.8462414038059,1.0
14.350533,60,593.190076,0.2842227934684349,0.03559246841552732,0.07525218434694081,0.2493759492497701,-0.02414645239102219,0.009242382874833432,0.49027777777777776,218.49552850616658,1.0
9.771425,69,593.361629,0.3187701409455606,0.078392397947665,0.08361702467636929,0.19893859084587812,0.04872102663071116,0.05972219758730511,0.4879227053140097,217.82617536180754,1.0
5.399046,62,593.538752,0.3092096037190406,0.14552933283718555,0.057692255957827364,0.2105997096690285,-0.09981035737861668,-0.014758628188034908,0.4798387096774195,213.66270349322534,1.0
12.566061,65,593.69854,0.29697327673246404,0.08910273999528004,0.06209876594068865,0.22735966837047675,-0.059980013061659815,0.001120729863850081,0.49743589743589745,223.4307756187023,1.0
0.793694,53,593.820677,0.2926709915775335,0.1754562918985065,0.10029067490675,0.235346117137792,-0.12642275027673885,-0.03392493386287014,0.4638364779874213,215.19917255492695,1.0
9.941319,59,593.962962,0.29031929882026336,0.1049978157088336,0.06500317789651193,0.23933052850877273,-0.07692081957014438,-0.010172271356010242,0.4872881355932205,219.7923059045112,1.0
15.235494,59,594.133929,0.27653193636213913,0.03636560912522985,0.07764009698825047,0.25962574653775117,-0.025347330779525303,0.045967371679094114,0.4858757062146893,221.5920794799543,1.0
16.182495,68,594.305195,0.3004077439628519,0.0387567406101616,0.05504540843905499,0.2230873115572559,-0.022625113708802987,0.027924337288159014,0.4681372549019609,215.0936217203628,1.0
12.412954,69,594.470424,0.307511307160616,0.09217451020041134,0.05679962109174833,0.2157455247689144,-0.06498760215695354,0.015355446787670752,0.49396135265700475,219.5571884721588,1.0
15.378951,62,594.626429,0.28348127843629267,0.03463682265030993,0.08570944835239157,0.24817254465789984,-0.012028206197807244,0.02099667953638358,0.4932795698924732,223.3842883213984,1.0
10.5318,59,594.798941,0.2891445505887759,0.09647255620703317,0.07178671913772043,0.24045222077541775,-0.0690956309918731,0.001887008531040321,0.48728813559322054,222.3970449634229,1.0
14.185634,65,594.958411,0.2918485613021813,0.07578953120749612,0.06414276077606836,0.23679713826440318,-0.05388061497899077,-0.0006676040910151958,0.5012820512820513,225.28026311538497,1.0
8.731295,59,595.103128,0.2909753508881163,0.08804327851600634,0.11673456654811676,0.2362824438784061,0.054827096591129734,0.06202383781258786,0.49293785310734445,214.7862950904261,1.0
-0.339576,54,595.240017,0.30003926738057884,0.19375893458170146,0.07890884101446786,0.22806706260481532,-0.13655956511585998,-0.03549600442087802,0.484567901234568,221.84911759011945,1.0
6.980079,59,595.424109,0.2937354742467435,0.13684945508188515,0.06549686554699542,0.23403237993624643,-0.09917567869424565,-0.020753294633446145,0.4915254237288137,219.53140326352926,1.0
10.137417,63,595.572032,0.29970469599301425,0.0952557155729766,0.09076020598904183,0.22399781668674196,-0.0667624543962942,0.017160525207037966,0.49074074074074076,224.5941115248799,1.0
10.333808,56,595.705201,0.2851232625565146,0.07396911269737871,0.08622213073498614,0.24595757962742484,-0.05501508408167271,-0.010930265907639498,0.4910714285714285,216.94362120725887,1.0
14.77031,62,595.853461,0.2890095355497634,0.033913694683488725,0.07237220063620396,0.23952291011162152,-0.016846893110342726,0.03420520125425264,0.514784946236559,220.43298241390332,1.0
10.633699,63,596.027385,0.2908813834138188,0.08013518716053462,0.12213525891675787,0.23687293133438578,0.049047815709099656,0.059974984096338994,0.5105820105820105,222.19110665039892,1.0
1.401648,52,596.149769,0.2911374377904038,0.1802353359699558,0.06884301184872643,0.24397457676876502,-0.1278073703451609,-0.0024494457120826296,0.4823717948717948,224.20631402467734,1.0
12.391223,67,596.314539,0.29893603619056724,0.07138220920959197,0.10966922407622008,0.22726769726309348,0.03515499584386606,0.07268369011781006,0.46144278606965167,222.3360764881653,1.0
15.128297,63,596.462578,0.2861158467359954,0.03832051301962232,0.0847833722901481,0.24439128838551719,0.002734729805873756,0.053899811042283086,0.5066137566137565,220.56192982009534,1.0
15.552775,63,596.614196,0.28702120834719574,0.035840289525829995,0.07141513319775687,0.24099813252198135,-0.015429921352545613,0.030304304684093068,0.4973544973544973,223.16743824418052,1.0
15.892884,67,596.79654,0.2986768198181249,0.03543534529974564,0.07508113252010165,0.22884038846746926,-0.01995038622834196,0.029493331685103784,0.48134328358208955,221.85795641130397,1.0
9.11003,58,596.937567,0.2868618364339648,0.07165380525673236,0.1418386375122764,0.2460149391393962,0.04295018195256901,0.09543400008293379,0.49856321839080475,216.9167200823583,1.0
8.983743,59,597.077773,0.29969479273587873,0.08704449381646798,0.08328548657365455,0.22797891589097266,0.060006429097723635,0.05530932057969916,0.518361581920904,218.39996468561012,1.0
15.5825,61,597.23042,0.28352203872884246,0.035448138621894706,0.07336562132884793,0.24974092073444246,-0.017810492383095882,0.04116427329041851,0.5150273224043717,222.92794619902486,1.0
12.810306,62,597.849736,0.28589946426094764,0.06355509741783874,0.10476399407016176,0.24420660390326385,0.028872087396036708,0.06431023280609838,0.49596774193548393,216.4169245269223,1.0
15.452507,65,598.01118,0.29158837975487056,0.04458310660893972,0.08754914220412512,0.23819922726945192,0.010017262213025813,0.05073785118566031,0.5,219.52440058921883,1.0
9.355632,62,598.162349,0.3003956435082669,0.09643464469920153,0.08868842419579462,0.22274212176281474,-0.06655468998292463,0.03876280876409008,0.5040322580645161,213.282635065035,1.0
16.105943,64,598.319053,0.2870959996609549,0.02767597290115305,0.0909922171758351,0.24359047746342077,-0.007748040412043916,0.0579232756774518,0.4960937499999999,219.06769070240586,1.0
5.022893,58,598.48457,0.31105089085519716,0.09466182271008097,0.127082178602411,0.21553642613617777,0.07152929579567059,0.07767136746169481,0.5186781609195402,225.0997478940638,1.0
11.270126,61,598.634641,0.28778925447154274,0.10067602444064308,0.06648732768902117,0.23962503303654628,-0.06773034148062008,0.015656563433213214,0.4890710382513662,227.5666720288001,1.0
8.437571,59,598.778923,0.30647291993445225,0.06327714400447283,0.0921710976202064,0.21486143519899104,0.0504728506182917,0.055614559189846084,0.5324858757062144,223.69816339702496,1.0
0.153824,57,598.922472,0.3313642803067754,0.13199072526885408,0.11185218290042472,0.1884135205606947,0.10027343078217581,0.08972031009289531,0.5555555555555557,222.93301580710042,1.0
13.99154,65,599.107215,0.2969580841341758,0.04857170567105177,0.08546126116650533,0.22924617194627225,0.0208247557641103,0.051659587741430195,0.5205128205128203,223.08300209063933,1.0
4.81216,52,599.236345,0.28084252373431046,0.135878001222802,0.10827922914947725,0.26024763335139695,-0.09399111066385207,-0.015117317039561354,0.5096153846153846,229.13324089146275,1.0
10.578444,70,599.400082,0.3087559682814673,0.08360408061863026,0.11362165073113992,0.21343050945030248,0.04992905471372962,0.0664163170496104,0.5154761904761903,221.6935997859315,1.0
13.398891,65,599.565388,0.29360269823409196,0.056566671409778946,0.09584823578900988,0.232881751197244,0.027530259677708606,0.06159611440731105,0.5076923076923076,221.05349211924144,1.0
8.072282,55,599.731245,0.3006789620780253,0.06280238110931818,0.08282086281012727,0.22486595001631043,0.050943528351025766,0.0413688266871014,0.5075757575757576,221.2158942892574,1.0
15.308627,68,599.896374,0.2982927130026542,0.057858988650296816,0.0670378318394798,0.22682621719194127,-0.03674620490740238,0.011296451940805379,0.5049019607843138,226.1889730702204,1.0
8.645474,60,600.044182,0.29268333996884627,0.08406231944460736,0.12284870027266516,0.23379749531390084,0.0511061965458386,0.07514947258166799,0.5069444444444444,217.43563385930455,1.0
5.776291,51,600.179736,0.2937394871775292,0.0858459536448915,0.09623708780451574,0.2355091777832773,0.06863640965546611,0.06021551211116068,0.5294117647058822,217.68673633207507,1.0
-1.169959,52,600.309493,0.31719128548102166,0.15492694408902205,0.11045179328260894,0.20791208086847648,0.1188672582138169,0.08059359327576904,0.5400641025641024,226.55474072643318,1.0
15.4359,62,600.475296,0.28668998082662756,0.03247052206187114,0.06336116506878962,0.24138587974280815,-0.015885731802339403,0.010747046793592346,0.4986559139784946,219.94655458492528,1.0
14.06604,66,600.635573,0.2919311990926672,0.05677214376078549,0.10316516954169316,0.2365825126822637,0.021827019118033426,0.054865845172846345,0.5075757575757576,228.71501206239796,1.0
10.457135,61,600.785013,0.2904230702826264,0.10287356101940183,0.07867356240838229,0.23478867909971748,-0.07375464762965211,-0.023433810467011398,0.5027322404371585,215.28595404768527,1.0
8.725905,59,600.924114,0.3041246962301028,0.05347781515118676,0.1087661077993228,0.21818316823144923,0.04229189642648221,0.036522306928871553,0.5042372881355933,222.8667492808461,1.0
4.774372,57,601.084838,0.31165156963575574,0.09842646686702085,0.08904544816741851,0.20786124929029084,0.07852797257106887,0.035703402895568295,0.5292397660818713,223.3392905981081,1.0
14.307288,60,601.235027,0.2841268163149905,0.050850092710775466,0.0705286370587532,0.24883549801422916,-0.03332110489332067,0.01983298556977348,0.5055555555555555,222.08737696526563,1.0
7.459374,63,601.379556,0.32397264679561255,0.07403340982734559,0.07753987870124618,0.19611913888995333,0.06003206346992105,0.037419809138063975,0.5238095238095237,229.68432649664263,1.0
10.865481,60,601.525104,0.2900737853319727,0.07798888360203839,0.09506797527476973,0.2396748400181497,0.04792729546653048,0.06152928229009465,0.5027777777777778,223.00249520044036,1.0
14.753202,58,601.685226,0.2759252864016956,0.03854483881157821,0.07037901372424492,0.2593952812619817,-0.020596850917435693,-0.00019027827114788637,0.4841954022988506,224.59229570837832,1.0
14.380475,66,601.837669,0.2926063668707861,0.04664957991777043,0.09662313905412716,0.2352723109661678,0.01445097445348434,0.05794941835211865,0.49368686868686873,217.9381487519661,1.0
12.931008,58,601.974404,0.28423822088490935,0.06198925935595954,0.0614821223372911,0.24776466565278543,-0.04384873386696879,0.014016966701106623,0.4827586206896552,223.15951337736024,1.0
14.19282,58,602.103854,0.2793523003671329,0.04015850598753164,0.08760683910369423,0.25508644247557277,-0.0232833663997161,0.04684311511896386,0.4798850574712643,218.13389473322692,1.0
14.450463,60,602.289957,0.2809847591529709,0.04219016892959309,0.08225005068972845,0.24986078634037706,-0.025564551319897114,-0.008365376647337143,0.4944444444444445,223.73683612681174,1.0
3.760921,55,602.42944,0.2907457818162223,0.1538669366405683,0.08598665082352266,0.2378916342338391,-0.10328765782560272,-0.019069707591830066,0.5015151515151516,221.48525416412508,1.0
16.4413,71,602.608192,0.30456232516470655,0.03949940725433532,0.06809911574877277,0.22015675228349105,-0.02273648762045081,0.02341025353048514,0.4941314553990609,225.0302168273445,1.0
15.915886,62,602.754634,0.28426205334379795,0.03690590155768792,0.06806347099465113,0.24483006290741707,-0.01191718129872938,0.016473735097253903,0.5174731182795699,222.5377491871112,1.0
15.912525,62,602.900785,0.28227593555365754,0.03303909922061159,0.07120805436167882,0.25036863687276256,-0.009403844115036525,0.02808949039116104,0.5067204301075269,224.069648408267,1.0
15.495144,63,603.081311,0.28252361199782516,0.035174749252640726,0.09201543748984582,0.24747365874019944,0.0018187168463956337,0.009649570672390658,0.5092592592592593,223.373925080167,1.0
13.92657,64,603.229539,0.29206114256208543,0.06999270820665963,0.057919437084698155,0.23392651922986193,-0.04693952447584178,0.01610814866685379,0.50390625,223.9354938315416,1.0
14.262582,60,603.36664,0.28485657720388646,0.043610694209817474,0.07569637027966195,0.24521686134440587,-0.02674569051316159,0.00957355743699244,0.5041666666666667,223.12143360014213,1.0
12.647211,55,603.49393,0.27290881575425685,0.03883886882364713,0.10822823661468739,0.2655452959027205,-0.017005227610914803,-0.0077987518560205605,0.5121212121212121,225.80202025232984,1.0
12.848379,61,603.663856,0.2860082581664647,0.08740374575070728,0.060215779419129506,0.2441599656612481,-0.06261016989523412,0.008907765020303438,0.5122950819672131,222.3474348327124,1.0
14.69513,63,603.808636,0.29112267595211483,0.033314292372605935,0.08586870903737227,0.23564938644613595,-0.007017422660569087,0.046376031093596226,0.4894179894179895,221.37718281839028,1.0
12.116795,54,603.93203,0.27118339815177867,0.06460872500196556,0.08182235510582653,0.26865612799537564,-0.04943298989093209,0.012387094223755227,0.48611111111111105,221.19816467788058,1.0
13.326898,59,604.085499,0.28253651230147225,0.05126232368313286,0.08743227099581928,0.2489736083418135,-0.0326200224873341,0.012551783957408223,0.5098870056497173,224.1994987210436,1.0
15.511612,65,604.264833,0.2900888876954103,0.04241101869147181,0.07545803672418158,0.23607305638630222,-0.02131168342224206,1.1673357833343163e-05,0.5205128205128203,225.45780439487723,1.0
8.518638,56,604.395077,0.3030604413443279,0.0674745270263874,0.06404017845833843,0.22190989729533747,0.05335698192443476,0.030666391400386867,0.5223214285714286,219.12295431576135,1.0
15.672549,67,604.551597,0.2959506751894249,0.04196489324282384,0.06875536803285989,0.22895324661952252,-0.02148260041399413,0.025864533344790053,0.496268656716418,225.2127871451479,1.0
15.053534,70,604.716527,0.30757291125179415,0.04060658858815043,0.058286819464002285,0.21287243816329407,-0.02048091679203448,0.008042555600837092,0.520238095238095,221.5649671323498,1.0
9.541431,59,604.880691,0.30381661254800796,0.06348341008313564,0.07966505777685687,0.22043984262274152,0.046149487548487564,0.03679515398871367,0.5,222.3267540617364,1.0
10.340267,60,605.022345,0.29347999078017417,0.07348323975938971,0.0890902992451321,0.23150335291339552,0.04858051822174715,0.04014256298630628,0.5180555555555554,224.5384928323635,1.0
12.261536,63,605.176228,0.30076695423315913,0.047271926353116986,0.06246310023804605,0.221122672211851,0.029132761885838358,0.01365134698779304,0.5185185185185185,225.45934513155382,1.0
13.081975,71,605.35178,0.30910942738929464,0.057036046546116416,0.097253300786851,0.21239000830394536,0.027426485460182757,0.033004532618050766,0.5105633802816902,225.78812525023244,1.0
11.989849,66,605.531326,0.30559802809158476,0.06450453372825074,0.07341743225774715,0.21501582564067703,0.03870342510100866,0.0341601750265227,0.515151515151515,220.16909461436808,1.0
13.125769,54,605.664861,0.26903583085660354,0.02895282028162019,0.09962123540068882,0.2707778801780797,-0.0042510138275191605,-0.005892833249390393,0.5154320987654321,226.06210908449387,1.0
4.624749,54,605.791048,0.3058342978375988,0.09243281828406386,0.10347886896477919,0.21911669106926476,0.07462583773180917,0.05961085449466708,0.5277777777777777,224.66672632141922,1.0
12.4878,57,605.92417,0.2806294398510031,0.041216944672887196,0.09598682908138416,0.2513476464582127,0.0035300777396919543,0.02182071429929499,0.5087719298245613,221.79035637200994,1.0
6.019016,66,606.099514,0.3330121602312923,0.07498277915006087,0.08885049803174368,0.18257541403602004,0.06016854230107196,0.02848997192700174,0.5366161616161614,226.62496681696607,1.0
6.080288,62,606.249132,0.3186735250115654,0.09637675720725643,0.06565656241561267,0.20206684028511235,0.07522731965906322,0.02559047279213959,0.5336021505376343,230.60118737417653,1.0
14.299387,65,606.409691,0.29466696125287856,0.04293769618843874,0.09065541376780721,0.23010614160568563,0.014618692444429541,0.017458260737380042,0.5230769230769229,227.5907154406458,1.0
5.278101,58,606.543438,0.31271771805062853,0.0938579639523091,0.0829188273374166,0.20841429019915533,0.07432280855649279,0.04252760842067309,0.5330459770114943,225.58762653668865,1.0
15.14378,61,606.688222,0.28194172575902154,0.040383366974873845,0.07814771157557324,0.24811946154135256,-0.01856799206349212,0.0009648905836924663,0.5122950819672132,229.14440572193928,1.0
1.615036,54,606.848153,0.3137424431858585,0.12165259065492012,0.09920497515052536,0.20779257407467394,0.09600672188371216,0.05153928976752357,0.552469135802469,225.1349011427179,1.0
14.122416,60,607.046228,0.2866245215958296,0.04633949578401472,0.06546960006314127,0.24040873841926313,-0.02591013503781634,0.014366286254017393,0.5055555555555555,223.84295875892641,1.0
5.038948,54,607.223539,0.3081943183796619,0.08769159697513898,0.07081535906032123,0.2125284417636271,0.07295587671199302,0.02767311832567978,0.5586419753086419,220.3571281829418,1.0
15.664911,67,607.394336,0.2922025791979994,0.04671645247271642,0.08781261522050438,0.23535127255480995,0.0159185849172318,0.024348826070133625,0.5236318407960197,228.73706723483448,1.0
11.160687,59,607.553112,0.2900838572535257,0.05369230920423099,0.0977874205714086,0.23651044297095397,0.03210319938149527,0.06147971703952198,0.5197740112994349,219.5319079889899,1.0
13.917311,57,607.679232,0.2758479901951558,0.036121089736867444,0.09674119019769953,0.26275919581018553,-0.014350526555872704,0.013724488507535966,0.5219298245614034,225.79063250248174,1.0
15.239446,64,607.821169,0.28519338825033563,0.0339351413419883,0.08762411599530136,0.24413431049804887,0.005435210898326789,0.04358164222032753,0.5065104166666667,224.10158282287836,1.0
13.933369,61,607.9612,0.28690407761629616,0.04438302051532347,0.079691389892001,0.24045387694770168,-0.024890866065769353,0.006834219104419931,0.49863387978142065,223.50723426366983,1.0
13.010993,70,608.155484,0.309209253100376,0.07667812043103428,0.06658247131742119,0.20989105748158307,-0.04471547177439961,0.002174130292908784,0.5345238095238094,231.45426689244394,1.0
12.653634,57,608.289854,0.27805695280867887,0.07312176223292949,0.07002739029413985,0.2536086554784547,-0.052642672565106075,-0.0030676731427558596,0.5219298245614034,226.61905902847235,1.0
11.719393,62,608.435318,0.29531993807333395,0.053625214793060344,0.09830525893174172,0.22908096095888567,0.02729871452126402,0.04559179157100725,0.5201612903225805,222.89897450779972,1.0
12.764167,62,608.585752,0.2916802174813442,0.07692209410497629,0.06326804908994155,0.2344273018330552,-0.05492326016280696,0.015284536284914205,0.5174731182795698,220.10171318505743,1.0
14.434459,60,608.744594,0.2792038284368216,0.041860008349867674,0.09543973223506438,0.25313828272218936,0.01601077113652833,0.011786532308457436,0.5180555555555556,226.5166166703757,1.0
13.278486,60,608.898442,0.28116466664656514,0.06490875262051424,0.09507924281053613,0.2501446269238666,-0.041584496863323724,-0.017703339999991127,0.5249999999999999,227.9015308491877,1.0
12.231032,58,609.035262,0.28329784703820265,0.07288162819755446,0.08492197192645862,0.24818730440600395,-0.046027621207524086,-0.009783106256718138,0.5129310344827587,228.73681497323287,1.0
15.735383,69,609.207806,0.3007822201078954,0.04411023945644526,0.07084125468018258,0.22155880015248314,-0.02254131085949059,0.021830135691258242,0.5241545893719807,222.51821229258167,1.0
12.902619,59,609.365011,0.2812528128431833,0.04175957373132728,0.11508951493351234,0.2505305108554466,0.014581799773103993,0.012706730744059066,0.5437853107344632,226.82700617236407,1.0
12.819828,61,609.504519,0.2866078999711454,0.05196215417099777,0.10759866233109758,0.2425011937350884,0.017624227505055802,0.041978761152228206,0.51775956284153,219.57638693025308,1.0
13.012024,67,609.657916,0.2996137293916165,0.05736772538124801,0.09974989188433163,0.22328845288622515,0.02668068425040057,0.04627015642906232,0.5174129353233832,220.24396484458194,1.0
12.600932,59,609.788978,0.2815283156522709,0.07176495583927087,0.0794795293525969,0.24830184394032384,-0.05252813852254701,0.01850858209612827,0.5451977401129943,221.21030273954446,1.0
10.680073,67,609.966231,0.3071549809873845,0.06870838249871741,0.09990559564536308,0.21425975817857335,0.03528602384259904,0.04762449790253794,0.5087064676616916,220.23470911401722,1.0
8.621496,56,610.093945,0.2869402709524922,0.10626698619935493,0.07379604922472127,0.24274275523420075,-0.07600745856464067,-0.00936986095698697,0.525297619047619,217.42658271926666,1.0
15.407905,79,610.282747,0.3210321671407813,0.0473815763348999,0.08278740286367932,0.2000303688365666,0.01374089737319165,0.03726160646837632,0.5263713080168776,223.72621287390885,1.0
13.636669,67,610.451453,0.2934058245269939,0.0704902043797861,0.1016713779019206,0.2357872324294709,0.030623365813599795,0.05455919102031077,0.5186567164179102,221.5916750584973,1.0
1.170681,54,610.612326,0.29448086051790423,0.1723401647124821,0.09513303955776457,0.23229792569367136,-0.12190615001279309,-0.03765427820803133,0.5061728395061728,220.07388732804898,1.0
15.199793,66,610.779613,0.2906966921758348,0.04670867121280217,0.10099926548142543,0.2365842032438894,0.0005404444492533508,0.02421817116181575,0.5202020202020199,221.1867398996543,1.0
13.606865,72,610.950459,0.305717333587501,0.059464924269378584,0.1093414589297874,0.21792280862081012,0.02363029722441646,0.04514863897326091,0.511574074074074,221.13197396670202,1.0
8.364387,56,611.081978,0.2861961028833726,0.11180074922609771,0.08326928660633455,0.24454191866106598,-0.08016907310107316,-0.010830347824398763,0.519345238095238,220.14828839668147,1.0
7.921599,54,611.215018,0.2812239011348651,0.10610719023274688,0.11247831526959194,0.25314737758196604,-0.07927662470453234,-0.044322199870313134,0.4969135802469136,219.85085445364322,1.0
14.038572,61,611.382818,0.28669470813202036,0.0650294597829161,0.06695093107455023,0.24017242205062184,-0.045802681717427664,-0.00927800129347756,0.5122950819672131,222.56351898781432,1.0
14.850803,66,611.548198,0.29461779105379726,0.04625768894394141,0.08803810117729965,0.23174829103026612,0.011815596291810965,0.05144023276839259,0.5113636363636364,222.82847878588592,1.0
5.818969,53,611.67704,0.27934416265083845,0.1381048057869251,0.08590003333691777,0.2572288223335197,-0.10246618219445572,-0.02478850131109764,0.5172955974842767,227.03258702289023,1.0
10.293483,60,611.81908,0.28911183758625425,0.08670593279065762,0.09586651292645837,0.24020917515693338,0.04680895025960534,0.0428878126307844,0.5069444444444443,216.51083494441602,1.0
6.437062,57,611.985244,0.3093104444761449,0.07942269575908728,0.09538779041601413,0.21200003995370031,0.06521237839782783,0.03449926816755505,0.5263157894736842,221.89933983850946,1.0
15.483559,66,612.150708,0.2936197596283703,0.037978731321379404,0.0785670906004885,0.23231687563275333,0.004409358313464451,0.043930615007682666,0.5328282828282828,220.33635542622838,1.0
12.727904,69,612.317703,0.30602044216900437,0.05661335174351252,0.10678857430812981,0.21695468162232223,0.02540115819256982,0.06906151713532725,0.503623188405797,212.68480731494483,1.0
14.345023,57,612.46113,0.269311002782495,0.04589091112261956,0.09050651900329348,0.2699717715397573,0.0021542660117349548,0.04034485529912264,0.5102339181286549,225.30095214485647,1.0
12.332164,63,612.640023,0.29421424912068,0.05987063713100108,0.09132581331265355,0.23026382457756692,0.03643672988192419,0.045509706101680265,0.5224867724867724,221.24588965042688,1.0
14.233619,60,612.785338,0.2828669156818118,0.04565465334047377,0.07581049608572972,0.24901587993866714,0.0122919727098233,0.04045223547847558,0.5055555555555556,223.39094056517192,1.0
12.237653,61,612.933979,0.28260628736058857,0.07071708599345655,0.11589982382157042,0.24990152725743386,0.03138352996345028,0.07152673406167948,0.5000000000000001,222.21942757650325,1.0
13.122161,61,613.08226,0.28394493523136427,0.05077100527689549,0.10994178294244304,0.24829786985205834,0.02193405122624482,0.03427162167859809,0.49999999999999994,223.9798234807658,1.0
14.051498,64,613.275695,0.2890659912925441,0.05329910359146422,0.10192261185116347,0.24107075176495293,0.01111786775181547,0.07140874999346805,0.515625,223.01307597427243,1.0
14.197763,60,613.420378,0.2794093558364863,0.04804540912037613,0.08993460403510738,0.25286892241648184,0.01486953969057739,0.05429809772389148,0.5444444444444443,224.25299118058882,1.0
13.726964,67,613.588877,0.29777587357668867,0.04819861024461309,0.1051366477581533,0.22734002402106138,0.02141658924833906,0.04185329605538892,0.5273631840796018,225.75632572222594,1.0
12.588285,61,613.738585,0.2852549950662658,0.04750692957104281,0.11406393512743875,0.24409631970462356,0.020074037860311877,0.03504818844417321,0.5300546448087431,218.53299299820338,1.0
11.788696,57,613.895588,0.28364616950987126,0.05742216291921438,0.07231752920435168,0.24645470152208618,0.03377147645486194,0.04733117263257476,0.5380116959064326,218.9344175771055,1.0
14.900471,69,614.061805,0.3026048389914064,0.045219033556981224,0.07993978027820657,0.22004016364192333,0.016303074219599655,0.03157454445351778,0.5157004830917876,226.43360370326218,1.0
3.667277,47,614.17465,0.2886789451082648,0.10404478751142586,0.09601158218012486,0.249025867887742,0.08063161104605199,0.06522724671094196,0.5336879432624113,219.84514672897498,1.0
8.574206,58,614.319291,0.3049034863984589,0.07885161730593554,0.06687790592102588,0.2192801003552403,0.06371774935848894,0.031121774838764413,0.5373563218390804,224.1199572933488,1.0
14.116926,60,614.465522,0.2837289705830643,0.03993950961372496,0.0780715700359884,0.24758654236254285,0.005358511009137922,0.047958829299470165,0.5194444444444445,221.64548566251608,1.0
14.165092,67,614.656187,0.29860592982977446,0.04838176769151595,0.08707308997572454,0.2250238468581347,0.015900370281093406,0.04672538860674267,0.5385572139303479,219.6442202421128,1.0
13.65408,61,614.803551,0.2871314085484979,0.04902503283844313,0.07865792469231879,0.23865300806352502,-0.030181568884725483,-0.002423516271702714,0.5396174863387978,219.9531475247217,1.0
3.389038,53,614.929078,0.3094582559231231,0.11450660932254854,0.0792917589068037,0.21228281110789393,0.0910235368159727,0.050671215829366845,0.5534591194968552,221.0404527447919,1.0
11.610387,56,615.065736,0.27718825957125,0.04829970479536459,0.11920746410646291,0.25993816665003056,0.020920286468390947,0.056531499201501,0.5297619047619048,217.75518444821682,1.0
13.481907,62,615.239177,0.2887640105804527,0.04988980573474964,0.09299090602101996,0.23770011639218333,0.013990400561815775,0.02430938350352642,0.5080645161290321,217.33014094113508,1.0
12.694295,61,615.391288,0.2885839561682245,0.05835763667467325,0.09769668023928264,0.24234251391860592,0.02756204467978435,0.045347180164509296,0.5150273224043714,222.3623378617146,1.0
15.593305,63,615.544408,0.2814867047819041,0.047970952984886434,0.09066738069472909,0.2520676954739271,0.0006708056110142663,0.04350456898993393,0.515873015873016,229.0405250550368,1.0
14.163169,59,615.68935,0.27885816292421034,0.03908118621626045,0.07965967690488855,0.25106401571966214,-0.01040703837526648,0.02390917584956157,0.5324858757062148,223.7595462745686,1.0
13.56518,62,615.863616,0.2928581532002692,0.03536903875791438,0.07469648270537077,0.2314563089905913,-0.006249820824165471,0.01598259562877075,0.5282258064516128,219.65298104551374,1.0
7.548278,57,616.002952,0.2889595161836152,0.10834902750139082,0.11658857961166784,0.23891925501398636,-0.07601126651489055,-0.02258123661230884,0.5190058479532162,223.8393221441344,1.0
13.087821,60,616.148633,0.2827906483646704,0.047567759038479915,0.0996030667995862,0.2465992369797161,0.017130552949959313,0.027813295699610545,0.5444444444444444,225.91321800482908,1.0
13.893203,60,616.295449,0.28226641204848946,0.07327118183754812,0.06293656790449625,0.2487450634625037,-0.053696803173293055,-0.009856227849362468,0.5180555555555554,227.45097571190905,1.0
14.246237,58,616.464042,0.27715972903830494,0.04591192138251129,0.07447690386878214,0.2565105951123332,-0.024323332015644624,0.015945441981046353,0.5517241379310345,223.982584141237,1.0
11.915298,62,616.618128,0.2889458916079784,0.08486308098258777,0.07766329129693719,0.2359734846049377,-0.05912345801105463,-0.00886826318437214,0.5349462365591396,223.744453264911,1.0
13.996935,59,616.764733,0.2804904642482064,0.03990569171004648,0.07100022537677171,0.2490596506928668,-0.015390214273557962,0.03350659303164321,0.5338983050847458,220.84564254645431,1.0
10.662107,58,616.899914,0.2775611249580243,0.07823607405526335,0.12573749514723964,0.25600413827877777,0.04753383781046423,0.07050096995024528,0.5215517241379309,223.71725580872427,1.0
6.873223,57,617.030807,0.30891106062450835,0.07567776754786791,0.07925203904692942,0.21240708181591775,0.060729299457974374,0.03554047581035311,0.5307017543859649,222.37241516134915,1.0
13.669502,67,617.21574,0.29701067348105986,0.06593748308517232,0.09212742654861793,0.22812087121340782,0.0343972226052605,0.034867161121690055,0.5373134328358208,226.53665743778367,1.0
11.128789,56,617.350966,0.27694415962641206,0.09054920728942124,0.07275567311063012,0.25781549706117673,-0.06855389834234665,0.006472041840222309,0.5550595238095237,227.76855029893719,1.0
14.112475,58,617.492836,0.27880360071796545,0.04515483010241126,0.07250226996208911,0.25354620082923857,-0.028721548313570495,0.034572682804199374,0.5114942528735632,214.91128723990576,1.0
11.833247,57,617.633331,0.28086935897857296,0.07775055176636371,0.07930025651118694,0.2506805092930249,-0.057396599772054226,-0.020505758509810804,0.5087719298245614,219.41507101722033,1.0
5.237231,54,617.784841,0.3027135055051048,0.08678026579934903,0.09127100299746004,0.22174907514914655,0.06994928915868143,0.053280441001428244,0.5601851851851852,226.247929434837,1.0
12.97531,62,617.93504,0.2843207883652126,0.06081919490301683,0.10978768944480062,0.2475206833032907,0.02109756944655963,0.058051571389813685,0.5241935483870966,223.38584492249728,1.0
14.224514,61,618.086094,0.28927205826930924,0.043180557286587734,0.05919484935956763,0.23892136284667057,-0.028355501783959087,0.018065459514948434,0.5464480874316939,218.62611607121167,1.0
12.823765,57,618.231514,0.2764301290836701,0.04071330006845578,0.10728268104289747,0.2548975564867487,-0.005724292573189675,0.037003073684774,0.5219298245614032,219.26370840381054,1.0
6.583337,54,618.363216,0.3010762863804359,0.06321452007062811,0.0859476036055564,0.22195137013345245,0.05166653320984573,0.044914151222919314,0.529320987654321,222.10146231049202,1.0
10.626017,55,618.528436,0.2770376938427177,0.05621252233252016,0.10935999201968791,0.25810581562500257,0.02641700788080757,0.05259706667714445,0.5424242424242423,213.8727892820489,1.0
8.019386,54,618.655492,0.2807748715328921,0.11498354227710068,0.08560951911237195,0.2523337781884908,-0.08188339048109967,-0.024346521250673894,0.5324074074074073,224.2706645267639,1.0
11.364122,57,618.793368,0.28155273173444223,0.07775498537816208,0.0908735702720674,0.24866199640019224,-0.05606292564769782,-0.030897822695183905,0.5307017543859648,225.42225564129194,1.0
7.483849,49,618.917017,0.2833492376360455,0.06815402806574432,0.0668756194687509,0.2517759415111631,0.053553449566393296,0.034038726667936274,0.5289115646258503,218.12680074407191,1.0
14.036136,58,619.086342,0.2751853988106824,0.03974908376478885,0.08146448967316536,0.2582447100375236,0.002997461133925166,0.046754613109408434,0.5143678160919539,221.9095255458449,1.0
15.306377,62,619.235095,0.2829564943260285,0.041089138899244954,0.07901583022643599,0.24661017755877046,-0.00993904965098163,0.026244305369250893,0.5349462365591396,221.00891491744372,1.0
13.337776,59,619.380009,0.28386915526649825,0.06304525225973676,0.06793272142266096,0.24591254185002379,-0.04762809628698055,-0.004165927543778183,0.5466101694915253,221.13876130982183,1.0
11.075849,57,619.517941,0.28017452387111097,0.04637665126457816,0.1129886198293301,0.2480730647879784,0.0055723169879223185,0.026561867092454696,0.5307017543859648,223.07558591443794,1.0
11.641605,59,619.655814,0.2794571515127266,0.05695930114396403,0.1255308168262775,0.2528833589152018,0.021288160738282196,0.07296176584512963,0.5282485875706212,218.05340861441823,1.0
2.589911,54,619.810451,0.29309482701959605,0.16180156413012398,0.0812328959335671,0.23327728708682222,-0.12066643427284696,-0.04158985370026201,0.5200617283950619,220.46258529761377,1.0
13.823092,70,619.980093,0.3022996328736399,0.05616165139305983,0.10536426957071385,0.22265177291255536,0.012931770904977158,0.06761169341341274,0.5261904761904763,217.1650314657586,1.0
7.074678,54,620.106217,0.2816683596259176,0.12325561705804836,0.09083900333420176,0.2504806418056501,-0.09484287485067439,-0.028219885931628413,0.5385802469135803,222.90447727843252,1.0
15.534843,62,620.255704,0.28068572565191585,0.039059495840460826,0.09020006733325651,0.25144002427122125,-0.003285636945322464,0.039753692307110254,0.5134408602150538,221.76754322706117,1.0
14.267537,61,620.424746,0.2817186800060098,0.04577462465260814,0.09768234274662116,0.24925001216061438,0.010040162637009683,0.031811041613471126,0.5191256830601094,224.24319192171302,1.0
8.855671,58,620.566443,0.2921173669727495,0.08363587515457374,0.09142592211275918,0.2351279339624716,0.056290723744619624,0.0632687738789794,0.5158045977011494,219.9576524854929,1.0
12.831906,59,620.707749,0.28719555173106415,0.0654541196801214,0.05277992365644282,0.24155468758177004,-0.047266049723836474,0.0058410956427314455,0.5310734463276835,221.79777729775603,1.0
14.22526,59,620.840715,0.2773762761173878,0.04612896253200629,0.08311823810088977,0.2554528387010401,-0.03035071385812111,0.018213812926217945,0.5169491525423727,223.82523836844214,1.0
15.251143,69,621.029936,0.2978341023588068,0.04779886720152134,0.08347192758340664,0.22613361955300684,0.005966797490755807,0.05428275781637448,0.5144927536231884,219.48847976119927,1.0
11.03832,57,621.171047,0.2787096707667339,0.07368616369161703,0.11797859725271834,0.2567058888186928,0.03098421972580143,0.056132748109618234,0.5394736842105262,211.68033622505692,1.0
13.870188,61,621.323545,0.28690722812652686,0.041285579134495286,0.08095688131943896,0.2428794494871847,-0.0013372812130834615,0.05139771331170856,0.5163934426229506,219.96846907393692,1.0
11.725625,54,621.456031,0.27790242832851225,0.030292507652255295,0.0780676138010794,0.2541191238159198,-0.0012747162460220412,0.0309818595519546,0.5324074074074073,216.1148816487752,1.0
12.595052,57,621.620652,0.27388126560973464,0.05917893440122255,0.10037713360312515,0.2626378861713152,0.019023277086613378,0.06790734837077383,0.49561403508771923,218.1820234356141,1.0
11.714527,62,621.771778,0.29313858817312816,0.087491020180542,0.0665273643848479,0.2322480985379478,-0.06648889932701038,0.005337073777345608,0.5120967741935483,212.97708070490066,1.0
11.99302,57,621.907236,0.2805351194492056,0.040475628192021294,0.1130191013932729,0.2539613927164323,0.012081998877089143,0.07846778353116014,0.49999999999999994,211.5378453169673,1.0
15.870611,67,622.062287,0.2946686271951622,0.03674839269771919,0.07491045953064662,0.2325750081871352,-0.00859666564777084,0.04817689689273342,0.5248756218905475,217.47156100986732,1.0
13.774679,61,622.213239,0.2877864384686765,0.035034843275368675,0.08256175690104788,0.23968009317047054,-0.014321578770260496,0.03424298461604892,0.5368852459016391,219.03649314088472,1.0
8.833799,63,622.394796,0.3000600062591528,0.1201734269107761,0.07359756876239663,0.222416475130307,-0.08173774362081081,-0.012196803032418503,0.5211640211640212,220.38449795532966,1.0
13.35781,59,622.540131,0.2803411838571966,0.04243346654295993,0.09856448005237668,0.25039281745783254,-0.0038668294459413763,0.04220015465579798,0.5240112994350283,222.1824024714092,1.0
14.34186,58,622.676298,0.2782384865460458,0.05044387188107853,0.05592290707665481,0.25218326552244374,-0.032370366017422304,0.027816784829606565,0.5201149425287357,219.8783833581758,1.0
12.174907,56,622.810657,0.2785375146789787,0.03929397412687389,0.10174126902917914,0.2561961162917229,-0.01665722798421452,0.07221257612637814,0.5163690476190476,217.6757434240467,1.0
11.431197,77,623.012871,0.32124877778008964,0.07655809404331787,0.10702413846544513,0.201508360107374,0.03773447372825073,0.07239767068252183,0.5367965367965366,220.31670921151698,1.0
10.434105,55,623.144304,0.2808990187230573,0.10025582929974121,0.04812633045503518,0.25212464353017633,-0.07625485396792626,-0.011257663604694929,0.515151515151515,215.9436921888018,1.0
10.02194,60,623.29778,0.28692396645470736,0.07865559023773855,0.11646730429057199,0.24156406309832276,0.036770955309012046,0.072491206808408,0.5319444444444442,215.73964905452476,1.0
10.920469,63,623.444974,0.2920968484572439,0.10909100091400423,0.07957874049419869,0.23549589836922682,-0.0718747781469241,-0.01781833414055536,0.5357142857142856,229.20141592669407,1.0
13.392392,69,623.630819,0.30056614976593604,0.06133652559384165,0.1120322613902764,0.22601105973371985,0.01954147141555534,0.07253945594279082,0.5350241545893718,220.39200024508457,1.0
11.353763,57,623.764844,0.27953335845477895,0.08754257631896754,0.08019851054405772,0.25225958031357715,-0.0634373943963258,0.008241395737976229,0.523391812865497,224.80155771667273,1.0
9.758086,60,623.906133,0.2956506496646562,0.1031450010168397,0.060963410385436824,0.2290237809500648,-0.07239036619631994,-0.0025748583305054635,0.538888888888889,218.96579942874482,1.0
13.448889,56,624.036132,0.2751311801750474,0.03927621986201852,0.08509672445326452,0.2605119629188588,-0.019738548076553463,0.04963361407032607,0.5312499999999999,219.01713472263145,1.0
10.557212,58,624.20052,0.2850079016628186,0.0952856489646552,0.07035981564677767,0.2438825468755306,-0.0690329436472496,-0.012925650329201701,0.5359195402298851,220.19862348749578,1.0
14.82025,61,624.345411,0.28234214040716005,0.04954633393198476,0.06496373034430417,0.24774790024610624,-0.030614578922552715,0.024613689972580212,0.5191256830601092,226.20871521045075,1.0
13.034852,58,624.481025,0.2805864996468353,0.0635938253313851,0.07908273821018214,0.25105886285704543,-0.04436900298134176,0.016236264407711396,0.5431034482758621,224.99864781835024,1.0
8.984375,54,624.609723,0.2769784426060581,0.11118687707904494,0.08241990033891479,0.2582632346091225,-0.08455983285771561,0.006573184500140393,0.5123456790123454,225.92304179185518,1.0
15.749162,69,624.78771,0.29883589986585485,0.0524805596662992,0.08254700540837465,0.22997929352731317,-0.035030620627108024,0.04293829400664576,0.5277777777777778,225.74268097866013,1.0
7.078422,54,624.912521,0.2801268422782978,0.13589938103196708,0.06337251629592566,0.25443785930976126,-0.1041240376984731,0.0021518256775523653,0.5385802469135801,225.94631951439206,1.0
3.23471,57,625.041749,0.2985068637384372,0.16378471559858948,0.07668301100039443,0.23153813242678484,-0.12134289188020264,-0.016599222652262494,0.5365497076023393,227.32309466231243,1.0
1.74221,56,625.173479,0.2996022703206286,0.18344469344567058,0.06838143749314911,0.2271601464243385,-0.13256294541789,-0.018604406759938474,0.5059523809523809,219.44064852522223,1.0
14.232228,65,625.331944,0.2934811367534222,0.056112576190242895,0.09585417810109333,0.23534215644239026,-0.03899014301494716,0.035533656141365305,0.5205128205128204,223.33939501438923,1.0
9.672895,59,625.509495,0.2858987833516564,0.10736218053106936,0.089601630306576,0.24672430679470483,-0.0761181996916536,0.03151898532461452,0.5155367231638418,226.00336332427554,1.0
13.118236,67,625.667686,0.30202901574210983,0.03974176677213899,0.1028629268828516,0.22127058120451557,0.009545117172537494,0.06955928657137578,0.5199004975124378,215.73903372564533,1.0
11.682075,55,625.800976,0.2769920669112535,0.06371648517485719,0.0941207860540596,0.25787030171835995,-0.045414826486833405,0.048500946684115816,0.5257575757575756,222.54810834372012,1.0
9.91476,57,625.939034,0.2827749012043826,0.07584480245218664,0.12513674323118018,0.2508183146917259,0.04266183509973188,0.06749227584658327,0.5175438596491228,219.473320455187,1.0
15.925261,63,626.102197,0.28480393984184466,0.0382429485078901,0.07531351826469287,0.24606929623376458,-0.01446857997753995,0.025086897421735033,0.5198412698412699,221.77464638365328,1.0
16.829473,76,626.283453,0.31075643385063667,0.0386277429544001,0.0826104640874301,0.21205014601079583,-0.004299904005745168,0.04267451230269671,0.5482456140350876,223.6783605665894,1.0
5.978827,57,626.423272,0.28987367283454,0.14783884828598157,0.06984562227038174,0.23940196953438464,-0.10756878798697928,0.0006926079835150748,0.5307017543859649,222.373302220058,1.0
14.391206,68,626.579676,0.2981191910957929,0.04628853333664032,0.10666402359166328,0.2296944278978215,0.006967008772332291,0.07358169392789018,0.5269607843137255,216.84644699572513,1.0
5.692951,56,626.731401,0.2860172047464555,0.1460269894229756,0.08613005901456318,0.2462427536537838,-0.10151714268323678,0.0029425657065550196,0.525297619047619,228.7196519138054,1.0
10.261293,77,626.917333,0.33745795458065714,0.052645097324736885,0.09455577404395224,0.18006497751556294,0.034366640916831385,0.051368933693607594,0.5378787878787878,224.66438993152514,1.0
11.891503,67,627.079172,0.29947678070783673,0.0794578876558367,0.11407204486708604,0.22780076585019693,0.04459196272042097,0.08019831083767659,0.5273631840796018,223.65654971223447,1.0
-3.170211,57,627.217376,0.3298438923650034,0.1469069112157961,0.14495774615134965,0.1891077362164022,0.11437795134273675,0.10103417853136291,0.5614035087719297,228.34280710097187,1.0
14.748141,67,627.402152,0.2986096568489785,0.03764405508215625,0.08923827915233251,0.2267693557321382,0.0015203584370482273,0.05689621100382304,0.5223880597014925,217.47494737532026,1.0
1.831157,55,627.530795,0.3122086400782462,0.11631525257336091,0.13753630000763345,0.2151670279152613,0.08955917206975002,0.0857701332089372,0.5530303030303029,222.03252524957685,1.0
11.759971,66,627.691306,0.2935849362376496,0.06837856089159143,0.13712561475491564,0.2353558302713686,0.028787344485460088,0.08685607962765264,0.5252525252525251,217.11301125631823,1.0
15.464782,66,627.849324,0.2902330016415621,0.05066027800209767,0.08640976730493889,0.23877486728169528,-0.031522558073305916,0.029863026706389233,0.529040404040404,225.8937449974123,1.0
9.823854,59,628.013393,0.28792943902651574,0.11252813768328138,0.06498614766300854,0.23999360772128922,-0.0800766272753911,0.009732872140084843,0.5324858757062146,218.39943216060962,1.0
14.768024,60,628.154633,0.28078747902625206,0.04806289017827528,0.06613035699771098,0.25083714967914766,-0.030155387550597545,0.03215479756756833,0.525,218.7554232537876,1.0
14.117862,64,628.311151,0.29359182178239973,0.05852707548189632,0.06966208767728554,0.23205046974924406,-0.0373905682771331,0.02387663839667923,0.5156249999999999,222.51652629921315,1.0
9.223849,61,628.454001,0.28758373358535394,0.08772378577776672,0.14376422009616294,0.24406261222627748,0.04697541376538532,0.10375062991540339,0.5341530054644806,216.31439715663734,1.0
15.261422,65,628.638502,0.2897224094268392,0.036041386504691304,0.09485643558495443,0.23753821111035223,-0.010523487788681903,0.052326682683171026,0.5205128205128207,223.333860208598,1.0
4.613574,64,628.795996,0.33055918093975667,0.09000539503097175,0.10748507824750367,0.18918789484668344,0.06740705247739213,0.06044883997984777,0.5442708333333334,224.3955165329704,1.0
11.157404,65,628.960921,0.2998137130320785,0.09449938989499859,0.08496490666271918,0.2240586109927286,-0.0669999429273126,0.022814862937819713,0.5371794871794872,222.0133499817633,1.0
11.172304,65,629.12138,0.29806842961242364,0.06263761390559337,0.13070635253676305,0.2279419094552744,0.03118261885455689,0.08539914815199552,0.5371794871794872,217.83560939948478,1.0
12.938763,64,629.299355,0.2925926293507487,0.05305932840340803,0.11188793578985705,0.23489504749501583,0.021333398567267424,0.06692332608035804,0.5260416666666666,224.6523624499717,1.0
10.927964,60,629.444119,0.2881151889806677,0.0972246408476561,0.07713109736805035,0.2419327749565373,-0.07054239249422206,0.035027715612007466,0.5263888888888889,225.2483005782587,1.0
12.294159,65,629.593441,0.2952478994674545,0.06651956298787477,0.10847078020450031,0.23191483229853677,0.03515513719690342,0.0606968027769411,0.5192307692307695,220.8671091765786,1.0
14.129719,69,629.759077,0.3010332970280062,0.0456061203215944,0.10977989237297447,0.22585367589627678,0.006664812782598394,0.06363297213235196,0.5314009661835749,218.22692054914216,1.0
15.033975,70,629.942334,0.30188844304043694,0.040018515670436475,0.09961382291788713,0.22365715653945925,0.012725148709001016,0.038598999618106734,0.5416666666666666,225.37880187494713,1.0
13.843532,59,630.084413,0.2742099111414585,0.04777545025943534,0.1105796445603988,0.2663422042456297,-0.0008958656646714708,0.07857669878167464,0.5141242937853107,222.288325436457,1.0
13.006177,63,630.23527,0.2912081472463367,0.07403479701975241,0.09492315849691677,0.23857585292598976,-0.050376239009324246,0.04607686124710798,0.5462962962962964,225.5807615346738,1.0
14.208677,64,630.386652,0.29003293970026855,0.06041256718415472,0.08301985166820937,0.2400265610991799,-0.04105955982304804,0.029559105435713228,0.53125,229.25497750285933,1.0
14.510905,61,630.54985,0.283992499341021,0.05016729236227575,0.07427387096632973,0.24707902669280152,-0.03082792683632499,0.0444588868972554,0.5191256830601094,219.18032178059104,1.0
14.66922,70,630.714519,0.30250616091236465,0.045493091419456254,0.0965703304979979,0.22194195390619598,0.013593979100491474,0.036971796958877555,0.5297619047619047,219.74773092879536,1.0
11.032182,60,630.860543,0.2886657045235269,0.10034822048585951,0.06700646289796629,0.24045053237877043,-0.07046907835207537,0.013777409697378461,0.5319444444444444,218.88352711612683,1.0
10.02767,58,630.997981,0.28406331758279224,0.1087566398604045,0.06727300495104165,0.24573701609096218,-0.07877288960033174,-0.00456053638000986,0.528735632183908,221.63774405909953,1.0
11.839911,63,631.176764,0.29225480722101793,0.10057524383041838,0.06445429587061623,0.2345615059478172,-0.06771347919201914,-0.0029005606515081985,0.521164021164021,228.1484747028611,1.0
10.185692,57,631.31734,0.27765825729430554,0.07547986170794428,0.12869397718689446,0.2594295993810061,0.04438806432348264,0.07044473936215598,0.5175438596491226,223.32934114008063,1.0
12.924302,65,631.473492,0.2969937002562606,0.049892674552426984,0.10935634027913006,0.22964176616109963,0.018184718914770664,0.07248151118675493,0.5269230769230768,218.59077838580453,1.0
15.191867,68,631.635568,0.2967607346979839,0.04486686851322978,0.09500053194269237,0.23062027140883787,-0.020531978060693214,0.053186980869787126,0.536764705882353,226.11614498668845,1.0
14.639979,63,631.82649,0.2878642453152842,0.05862162255110879,0.0606580730285727,0.23954249038776063,-0.0389708637560882,0.011681405727287137,0.5264550264550265,218.38312043602832,1.0
11.882563,68,631.99405,0.2972843176456583,0.06831545649313908,0.1333680737052152,0.23083745516320328,0.02621858828796215,0.09343952497990403,0.5196078431372549,222.41484252725618,1.0
14.137441,59,632.142174,0.27805910811714984,0.03919654701433428,0.09548099637738824,0.25681415234139215,-0.021435910440813576,0.049360008045755244,0.5183615819209039,220.37270886631273,1.0
8.942111,59,632.286839,0.3010512606507824,0.0714190956905096,0.08301047791533736,0.22467570044623966,0.052727692737596726,0.05457386285168332,0.5310734463276834,225.7658474760176,1.0
10.746328,70,632.478574,0.30962394304965035,0.07082058542385648,0.12611339670578492,0.21323118880059302,0.03507803962347678,0.05402182649756462,0.5273809523809524,221.68030877999448,1.0
10.122138,63,632.634432,0.3000040010560848,0.0981656020330595,0.08281430372466039,0.22386979811095847,-0.06886166930607658,0.01481742344888797,0.511904761904762,223.84840034125986,1.0
12.92365,59,632.786786,0.2856145035798539,0.06394396445759416,0.06700030309179232,0.2430532554513588,-0.040075688519740985,-0.009125762231935272,0.5268361581920903,223.2060691209127,1.0
15.2665,62,632.940229,0.2766287845202675,0.042008338734018054,0.108949036481254,0.2580204363005662,-0.01876939882433449,0.04727434047030846,0.5174731182795698,224.69103890901897,1.0
11.049567,64,633.119383,0.29398603250956556,0.11217152530260531,0.06425108530136417,0.23314349353031028,-0.07735935700232616,0.007983755085533787,0.5299479166666669,224.16938215901664,1.0
12.876894,60,633.275713,0.27950785115862836,0.05013577925848315,0.12189221426944397,0.2548056340354967,0.013563965328610395,0.07251479867051494,0.5194444444444444,217.71819419434127,1.0
14.082521,65,633.434913,0.29338706112039603,0.06691679172111716,0.07325521484479613,0.2326966515512489,-0.045914471387711396,0.03114847628586894,0.5358974358974358,224.494096408648,1.0
7.775167,62,633.582624,0.302051813294389,0.12554103579278594,0.0644074992613696,0.2210814873528137,-0.08600688273532453,0.002970547826465379,0.5120967741935483,216.86160078080155,1.0
7.923084,64,633.756108,0.30678964285695315,0.12358249214300322,0.07372900981209038,0.2168893681022645,-0.08912614804571864,0.011054558774459048,0.5130208333333334,220.28488384309009,1.0
13.815634,59,633.906748,0.27978505301282347,0.06266976877192078,0.07731631049153967,0.2567593075009928,-0.04565617549922604,0.021219879053979592,0.5028248587570622,223.90899345324397,1.0
1.873478,58,634.049575,0.3025204573782823,0.17848087524601822,0.08224996876204203,0.22416175285402834,-0.12529993297691505,-0.027102507361727837,0.5071839080459771,218.51316324780575,1.0
1.140859,60,634.20139,0.31113316918337536,0.1823172801249626,0.07281007917089578,0.21310809146652246,-0.12587539972321463,-0.004227729950006507,0.4805555555555557,216.93415387101888,1.0
7.568208,52,634.325925,0.2758566173581382,0.12425328970398343,0.08103138841678958,0.2658112548645634,-0.09543069876936981,-0.02748321934021962,0.4951923076923077,223.47878756457405,1.0
12.171463,67,634.503099,0.3022321650023297,0.09047550702112765,0.06895048880616705,0.22043361482451393,-0.060154989369615455,-0.014545137782387455,0.5111940298507464,220.23445359914678,1.0
12.22683,71,634.669445,0.31165091662044037,0.0849690457020327,0.07975833874509201,0.2112209515267891,-0.05947900236924985,0.024931362582224698,0.5140845070422537,221.96118635853512,1.0
11.607938,59,634.809857,0.28767908249658797,0.08033426857353855,0.07305935069629677,0.24049854542312687,-0.05806331722409436,-0.0006566399379590062,0.49576271186440674,217.7855348488726,1.0
10.924425,59,634.948184,0.28699578135215625,0.1002244924901459,0.05814725901191636,0.24436694980137347,-0.07135710149162416,0.005891534522032619,0.49576271186440674,217.35346907813587,1.0
6.455207,57,635.108609,0.29129755682745506,0.13309405257838708,0.07882790217113725,0.23784843225312424,-0.09953502963141733,0.006795582463483099,0.49561403508771923,215.92895330668574,1.0
13.162432,65,635.268286,0.2889545045581929,0.06255160577082992,0.11955964762854751,0.24271349274284135,0.023086695559421087,0.07806395652956481,0.4833333333333332,221.13153551921476,1.0
9.601756,59,635.420737,0.28578493325035714,0.07294017017867341,0.13993056465874598,0.24723796519458208,0.03771578845373703,0.09491885179874618,0.49435028248587565,219.82156264195578,1.0
15.275472,62,635.577482,0.28376888337244716,0.0389119417390123,0.09131492186314513,0.24973241572359003,-0.01767703575501587,0.043507088309641506,0.5134408602150536,224.1268158743198,1.0
6.248299,62,635.74976,0.29478402633023454,0.10041398259412303,0.16922870329918618,0.23573267805846462,0.06321002331982649,0.10095129922858755,0.5094086021505376,220.1863313215335,1.0
7.208105,59,635.886261,0.29523211240597047,0.13900616691000794,0.05516942857142712,0.23152223098622027,-0.10098043680621782,-0.01006616779190584,0.5056497175141242,218.1261929874235,1.0
8.574259,60,636.027495,0.28580759739496586,0.0815024586662655,0.1497260192983096,0.24471749129233647,0.042323896078544136,0.09279647879133718,0.5055555555555553,215.78386043522735,1.0
11.294249,62,636.174809,0.2944847630018567,0.05197846808104102,0.11555692745239075,0.231631566187199,0.026809521844292823,0.06403119974573343,0.4986559139784945,209.86466251483662,1.0
13.988961,64,636.353653,0.2914280902760846,0.04466371336653881,0.11225694105809762,0.24297375612661654,0.0052094300898044895,0.07382561551237857,0.49088541666666674,219.75074629084818,1.0
7.002339,60,636.49782,0.3026587711345887,0.08714493499925532,0.12955226218800628,0.22646168072266024,0.057008657293249256,0.08909620398460186,0.49861111111111106,220.19943824738758,1.0
14.896062,62,636.647515,0.290024206979108,0.028874772331548948,0.07540535589071101,0.23922006252398312,-0.006015550887543009,0.046788406245535624,0.5053763440860216,215.5665115180813,1.0
14.907637,65,636.798852,0.29340266394072423,0.05856264499252685,0.07155074560292297,0.2355738808073537,-0.040684264279895174,0.03139721465168139,0.5243589743589744,218.4872080217533,1.0
10.571113,68,637.035729,0.29882228309843806,0.08091812292585529,0.13669351325512374,0.22904920440348445,0.041840222918896844,0.08228505770247171,0.5036764705882354,213.987587697289,1.0
14.138707,60,637.227381,0.28047588183371414,0.050111631809976485,0.09412829813906318,0.2539175150277327,-0.03267572634802374,0.038580229474417464,0.5166666666666668,221.484152484462,1.0
15.02499,64,637.395149,0.28988052663871594,0.02901144936172001,0.09705375157889913,0.24154691998574088,-0.008265408539184874,0.0656232198730939,0.5247395833333334,215.2413940189845,1.0
13.476966,68,637.556996,0.29710841823572454,0.0536545846543721,0.12260393752360081,0.2311525893914625,0.017455753746697278,0.0660550418786061,0.5061274509803918,216.78647710524606,1.0
8.873924,56,637.721832,0.28182262222581916,0.12109140001950064,0.06164759776567991,0.25551414362948066,-0.09113411313623865,-0.008763032137042695,0.4895833333333334,220.49411032224322,1.0
13.018615,60,637.86162,0.2845339045364217,0.04000234038917872,0.10132149314114845,0.2476947617556821,0.00891809787760776,0.05987260299268283,0.5152777777777776,217.49535854267873,1.0
8.389913,59,637.998417,0.2872494540141176,0.13137939765933807,0.0684280878782466,0.24707300102030721,-0.09691848798738685,-0.00958450379552692,0.5056497175141242,225.2284479116591,1.0
14.037334,64,638.145944,0.2858235653561852,0.04821408913974638,0.11853897209414663,0.24715761664504457,0.01130812609416066,0.07394712479948017,0.5013020833333333,214.99629220379163,1.0
6.879122,65,638.300502,0.3041571560517648,0.13727189654989932,0.07759555885099423,0.21824614355504796,-0.0917022008226841,-0.0013259976615503902,0.5076923076923077,221.12016284628305,1.0
15.9415,66,638.469929,0.29210019751129995,0.03906230743816539,0.07225970290367896,0.23905378933733834,-0.013784102357731393,0.037564974365803694,0.5075757575757576,221.26206696191173,1.0
14.990213,63,638.620359,0.28545045391026536,0.05543647666936252,0.07008746338226414,0.24752538298591714,-0.039735697186192895,0.028137318490554647,0.5026455026455026,220.73438884765577,1.0
13.250485,60,638.756523,0.2843959820849019,0.06194233343948488,0.06993810753414834,0.2461452369130727,-0.04501352130086124,0.024251457297773376,0.5,217.20395476999892,1.0
2.809023,56,638.885139,0.29765988727393944,0.16630860269964243,0.08232722991024578,0.22956552550581125,-0.11747901133175175,-0.040162544943658306,0.5163690476190476,217.99438556205376,1.0
8.114882,56,639.517894,0.2872981994048194,0.11880965740794415,0.07628745804294972,0.24569274111858758,-0.08465155306466257,-0.009156676551844472,0.4836309523809525,217.87074554610436,1.0
13.529537,67,639.667312,0.2917397442342311,0.06294548944415529,0.11461347528216312,0.23783058618655428,0.02333451867949215,0.07688672083082795,0.509950248756219,220.58887310238902,1.0
15.54984,66,639.825845,0.29122387185141874,0.03494150610882177,0.09485879290379624,0.24014414112814123,-0.007794977141722423,0.051129015129319354,0.4987373737373738,219.98099587118458,1.0
15.000458,65,639.972236,0.29097005170661566,0.043695406774400536,0.09045615660123844,0.23856881738392557,-0.011477324051646618,0.05247004447176118,0.5076923076923077,218.5405564333434,1.0
7.040269,57,640.128071,0.2892621686660982,0.13150987600622702,0.07031480846294774,0.23880483216625564,-0.08995687814958081,-0.024593575457658664,0.5175438596491228,215.20143379869953,1.0
12.164541,59,640.26411,0.2847621607498446,0.074390271046406,0.07343922613475147,0.24637514859803114,-0.05422920304862743,0.024445341048774348,0.498587570621469,221.40913173112543,1.0
16.621177,65,640.422443,0.28489316833372486,0.04247654119353698,0.08059873282699555,0.24808727827820648,-0.025037992295185586,0.02696212077242898,0.5217948717948718,226.02512200602888,1.0
11.199672,58,640.554109,0.287981740144756,0.08585084995480245,0.0724213621122349,0.24686452830167294,-0.06392490427875101,0.009098275945189301,0.5158045977011493,219.6175782421494,1.0
16.299275,65,640.725224,0.2877296440056145,0.03379621039510481,0.08447829559641669,0.24421474186413217,-0.008697705543947899,0.04269216152784994,0.5230769230769231,221.72074481182474,1.0
11.010809,67,640.880727,0.30432544300171144,0.09518165670454157,0.08928243675932876,0.22083075018128379,-0.06958007747348753,0.02255660748905683,0.5099502487562191,217.57643224161126,1.0
16.617716,71,641.047913,0.29917716188236254,0.03529795956432945,0.08997953605093187,0.2284622167083448,-0.010606976234470315,0.031438153257036014,0.541079812206573,226.33343165849627,1.0
11.12154,66,641.206277,0.2981952689140294,0.0793508235312963,0.11845601176731857,0.22922033170187575,0.03626717390693752,0.07847604258924747,0.5025252525252524,215.55378827595115,1.0
13.9699,60,641.367504,0.2797984997505151,0.04405887922078254,0.10257197537388707,0.25649907767258057,-0.0279823246942009,0.05363176741269468,0.513888888888889,221.02721823037075,1.0
5.895454,65,641.521716,0.3054538067901041,0.10134575303321786,0.16014031718878702,0.2198759895741322,0.06040535292079432,0.11875967087009318,0.5089743589743588,216.1355930368222,1.0
14.763757,62,641.663344,0.2862003332102476,0.04735475712200389,0.07799642237167949,0.24336770626457302,-0.02894335082252093,0.025875934417516237,0.5282258064516129,220.6079702689612,1.0
14.580886,60,641.808556,0.2813885032386122,0.05418691355595531,0.06240301890028897,0.252112336728143,-0.0389667029858499,0.011643322933733132,0.5111111111111112,223.35284614494725,1.0
12.684544,59,641.971973,0.285398567460184,0.07992351840160927,0.045479129934589343,0.24367231452928223,-0.054639762985371175,0.00218189191286704,0.519774011299435,222.0275961209255,1.0
12.580124,67,642.134356,0.3000815336155908,0.05710590642026946,0.1154604280400768,0.22506222377713936,0.031061413377398702,0.055579668087107084,0.5248756218905473,222.5298807612046,1.0
15.900114,68,642.310112,0.2947836778385221,0.0421369781225994,0.09466754387554634,0.23610877044828965,-0.02106158204787636,0.039717545692550614,0.5257352941176471,224.6185885019271,1.0
5.861931,59,642.449782,0.29769012078743884,0.1369005743675587,0.07601308264737015,0.2277542161721298,-0.09638664861786454,-0.01860885018286777,0.5211864406779662,216.4571784311993,1.0
10.194523,62,642.614591,0.2874775015209694,0.09263614860739336,0.13020399981670575,0.24650694505928208,0.049677269125911944,0.0890366016469483,0.5215053763440858,218.28697123119218,1.0
10.725339,63,642.763463,0.287854622058241,0.08433450865736003,0.13483241107020957,0.24511058687116152,0.04379772222839416,0.07754330026455265,0.4947089947089946,220.18312109645115,1.0
12.1706,68,642.921195,0.30309398768307944,0.07778089311952956,0.10184910328076291,0.22616155851489905,0.0353396603635995,0.07163083504478633,0.5281862745098039,221.97142561812854,1.0
16.300782,67,643.074104,0.2926700647561873,0.041452517532999215,0.0867234805187027,0.23765302904899152,-0.0027152056171773423,0.050677809213076484,0.5286069651741293,221.93645133257917,1.0
13.805782,68,643.264167,0.2967996026204721,0.08495678872395476,0.07187045437822122,0.22738849871380998,-0.0570735984677515,0.019565964019880734,0.52328431372549,230.72364893072444,1.0
11.619126,58,643.403168,0.28030510493516536,0.0908465818017748,0.07931410156717462,0.2540188462323727,-0.06698785427605294,0.03808731581097638,0.5301724137931034,226.8890505637456,1.0
14.94694,72,643.576779,0.30880545507312435,0.05610375140766399,0.0828626557439553,0.2165764975107514,-0.03587030437235779,0.03846230047528368,0.5381944444444446,226.5667574519407,1.0
-0.89848,58,643.712811,0.3341797665998881,0.13558699498243926,0.1153743249006985,0.187387223926191,0.10522897238092724,0.09115744403728691,0.5545977011494252,228.9079564503597,1.0
13.673303,62,643.886352,0.2846106477204922,0.045511881526406686,0.11253674279894639,0.24791913485773728,0.0018796132922396852,0.06933761949924253,0.5309139784946234,225.84232428241174,1.0
1.395502,58,644.026987,0.32093537245084386,0.12755158483025156,0.10122020641397383,0.20255025856897557,0.09934355070556455,0.07535413682992202,0.5632183908045977,235.93005818635308,1.0
11.100019,90,644.244565,0.34731715644890576,0.08096044115685733,0.09912636399599269,0.17503689426443933,0.040840406203522424,0.04664615053186848,0.5333333333333332,229.67326186701558,1.0
8.599378,66,644.397201,0.3220258531590363,0.0720293033878062,0.07735839917761396,0.19876762418007846,0.0562868441130189,0.02060563173526013,0.5770202020202022,229.17852145801643,1.0
17.090406,77,644.609658,0.3141544300660157,0.04559822651452555,0.06969383693035154,0.21019935233458167,-0.013505869926223196,0.03581186482099528,0.5238095238095238,226.39202305871302,1.0
10.077669,60,644.754409,0.28917894626393886,0.11502104599002334,0.06030185285371511,0.2378168149332552,-0.08225555398774988,-0.01544329301305878,0.5055555555555556,228.2512630693709,1.0
11.934241,68,644.916147,0.30351230156955894,0.09378463305902443,0.0681750652091623,0.21856044504566952,-0.0631433780623682,0.014186779680708668,0.5539215686274509,228.8678769705714,1.0
14.385086,60,645.055567,0.28103823237859793,0.05725750370808404,0.06819193396879145,0.2498494604932393,-0.03716061921456392,0.014952000218839061,0.5069444444444442,225.96321001311722,1.0
12.954753,77,645.27009,0.3171308405667475,0.06934770078301325,0.1136783958638646,0.20716857853982443,0.03254602207707072,0.0600594379768471,0.5303030303030304,227.40760043386578,1.0
15.233498,68,645.434153,0.2981937117116881,0.044747804424583405,0.0740050471912888,0.22572784880384986,-0.00821558767138246,0.030227777567815035,0.531862745098039,225.62106850312645,1.0
15.827944,83,645.629963,0.32710453034208353,0.047176600602027746,0.08696418134727497,0.19592554195941256,0.008025563464031547,0.03879751963976975,0.5301204819277107,226.5033541936369,1.0
16.534992,80,645.84619,0.322705986464345,0.053356347539217724,0.05235176826339639,0.19749492068126456,-0.03165665539353625,0.012603835381653081,0.5354166666666665,229.12114936212987,1.0
8.1098,57,645.982767,0.3006835316640545,0.0792149896841213,0.0832333642263959,0.22713737696413536,0.06312574582333486,0.0446264627498958,0.5614035087719298,230.72060926445786,1.0
9.788256,65,646.144804,0.3003546960235318,0.0812744962578019,0.12894263745609355,0.22484153298423,0.04563725826166142,0.09054054575884372,0.514102564102564,221.1399487332195,1.0
9.365922,61,646.29708,0.29216518126317303,0.1156328196862007,0.07346560138089064,0.234143405034527,-0.08419693607862312,-0.0002310665314075733,0.5095628415300546,229.76509882066227,1.0
13.278624,68,646.471168,0.2964225538068561,0.0658459256674911,0.11478333922879047,0.23149762857482473,0.022887803582722726,0.07656883066605902,0.531862745098039,217.49848808932566,1.0
10.912289,62,646.613337,0.293209177761286,0.10131109250255046,0.07107714583382477,0.2342374144501558,-0.07461551297067942,0.026233376306646967,0.5416666666666667,224.12241309954592,1.0
16.457943,77,646.79782,0.31721058620688486,0.037445402618218014,0.07149475439540016,0.2054128474944073,-0.014627174273917444,0.016627352221337894,0.5476190476190477,224.0102985799862,1.0
16.1661,71,646.969579,0.30199242640389207,0.062169204003926636,0.05237691865254347,0.22403262818743863,-0.04161621764534328,0.020246075470186,0.5293427230046946,223.20941142500513,1.0
11.430615,70,647.15399,0.3105148592679048,0.10062319208954086,0.05737121447966816,0.20896166916195255,-0.06729970483973859,-0.00789792494313825,0.5571428571428572,223.83904773879854,1.0
7.880467,56,647.297491,0.2821286041393381,0.13366978427923948,0.051315974414972654,0.2502597323834005,-0.09466913400822444,-1.3224060661244262e-06,0.5342261904761905,225.2420956864303,1.0
8.387903,67,647.465952,0.30917155008817265,0.12067668045641328,0.07407268032754759,0.2103810199572097,-0.08152833893943413,-0.01972359392529,0.5348258706467662,223.71649450964665,1.0
11.086016,66,647.644253,0.29936503177123786,0.07451839215432182,0.12340896892219858,0.2286710892933041,0.031784743401559325,0.08545372836528599,0.5366161616161617,219.1759070383992,1.0
14.721221,63,647.797518,0.28610735342897187,0.06464857523061443,0.06127290405999012,0.2423313607682634,-0.04336465558016615,0.023679706425196113,0.5489417989417986,224.8334383061142,1.0
14.733122,62,647.950075,0.28622262428232803,0.03897933236821006,0.07611620115253,0.24243492200493716,-0.024652830364090817,0.016551668221063624,0.5416666666666665,216.97430077161843,1.0
11.102492,57,648.094983,0.28263823954124884,0.08901139606631363,0.0742573399119303,0.25028903789143425,-0.06697196004533204,-0.008054646497240083,0.5350877192982457,221.96680509223805,1.0
4.817749,57,648.236881,0.2924125772971544,0.15563275662504414,0.06786483539875364,0.23607217103525865,-0.1132969159707222,-0.03901664384707191,0.5350877192982455,223.82573124995395,1.0
12.429515,61,648.411014,0.28865544725984804,0.08772164454057226,0.05911552040613295,0.23968095097065073,-0.06021297049484705,0.002857048057140228,0.5382513661202186,218.7392698485841,1.0
15.442627,62,648.564751,0.28543115342013026,0.043283021540220325,0.06445047932339233,0.24551489019509662,-0.02718944255793135,0.0048695400075495845,0.5201612903225806,218.30963256953666,1.0
15.124769,77,648.753457,0.32030156260613696,0.04904075182987444,0.07332078340089669,0.20245915695630753,0.013227645767316788,0.0450599210099445,0.5378787878787877,218.82959591006446,1.0
9.678204,60,648.897468,0.2933776001562131,0.10159759510845023,0.06777123110417917,0.23065913885134284,-0.07042698478422176,-0.0003205334749542074,0.5374999999999999,222.81371828138793,1.0
11.122402,82,649.130998,0.33317604322502514,0.08588918681932864,0.09672507045438403,0.1911961170724303,0.03567507248089419,0.06642087268553744,0.5315040650406503,213.44061786906764,1.0
14.694832,68,649.301105,0.2996358646633732,0.06084371413696765,0.06434998165943222,0.22448710995936386,-0.04143870728196613,0.011346411451035555,0.5330882352941175,220.93038520456946,1.0
15.772795,63,649.455025,0.2841946251559037,0.04223724475808449,0.07787215697757649,0.2485191692622061,-0.012940485938568148,0.0423200538789442,0.5410052910052908,221.72659766283803,1.0
8.885255,60,649.624028,0.2930757726828073,0.11887375179103157,0.06357571219860396,0.23276557657838465,-0.08197820093249902,0.0003845450066104293,0.5430555555555556,221.43976629060555,1.0
5.231068,53,649.747693,0.2856252895335548,0.13900160566639994,0.07894931275295368,0.24785311017413955,-0.10062877518693748,-0.025633842027289286,0.520440251572327,220.1626866790289,1.0
10.352531,62,649.896618,0.29455790758890926,0.10627909459629978,0.058419876681766125,0.23027795290794034,-0.0729765994487805,-0.019782652756320504,0.5241935483870968,217.5332336328177,1.0
12.784269,63,650.044141,0.29402081819552334,0.08348107835055911,0.05991696056930808,0.2326606823803222,-0.0583102037287556,-0.01945166315547057,0.5502645502645502,216.3335402345034,1.0
