==============================================
[2/3] seed=123 device=cuda
started: 2026年 07月 28日 星期二 09:29:36 CST
run_tag: sac-rbf-20260727_222807-seed123
==============================================
CUDA available: NVIDIA GeForce RTX 4070 Laptop GPU

=== Training variant: mlp ===
/home/leopold/anaconda3/envs/sac_sb3_demo/lib/python3.12/site-packages/pygame/pkgdata.py:25: UserWarning: pkg_resources is deprecated as an API. See https://setuptools.pypa.io/en/latest/pkg_resources.html. The pkg_resources package is slated for removal as early as 2025-11-30. Refrain from using this package or pin to Setuptools<81.
  from pkg_resources import resource_stream, resource_exists
/home/leopold/anaconda3/envs/sac_sb3_demo/lib/python3.12/site-packages/pygame/pkgdata.py:25: UserWarning: pkg_resources is deprecated as an API. See https://setuptools.pypa.io/en/latest/pkg_resources.html. The pkg_resources package is slated for removal as early as 2025-11-30. Refrain from using this package or pin to Setuptools<81.
  from pkg_resources import resource_stream, resource_exists
/home/leopold/anaconda3/envs/sac_sb3_demo/lib/python3.12/site-packages/pygame/pkgdata.py:25: UserWarning: pkg_resources is deprecated as an API. See https://setuptools.pypa.io/en/latest/pkg_resources.html. The pkg_resources package is slated for removal as early as 2025-11-30. Refrain from using this package or pin to Setuptools<81.
  from pkg_resources import resource_stream, resource_exists
/home/leopold/anaconda3/envs/sac_sb3_demo/lib/python3.12/site-packages/pygame/pkgdata.py:25: UserWarning: pkg_resources is deprecated as an API. See https://setuptools.pypa.io/en/latest/pkg_resources.html. The pkg_resources package is slated for removal as early as 2025-11-30. Refrain from using this package or pin to Setuptools<81.
  from pkg_resources import resource_stream, resource_exists
/home/leopold/anaconda3/envs/sac_sb3_demo/lib/python3.12/site-packages/pygame/pkgdata.py:25: UserWarning: pkg_resources is deprecated as an API. See https://setuptools.pypa.io/en/latest/pkg_resources.html. The pkg_resources package is slated for removal as early as 2025-11-30. Refrain from using this package or pin to Setuptools<81.
  from pkg_resources import resource_stream, resource_exists
/home/leopold/anaconda3/envs/sac_sb3_demo/lib/python3.12/site-packages/pygame/pkgdata.py:25: UserWarning: pkg_resources is deprecated as an API. See https://setuptools.pypa.io/en/latest/pkg_resources.html. The pkg_resources package is slated for removal as early as 2025-11-30. Refrain from using this package or pin to Setuptools<81.
  from pkg_resources import resource_stream, resource_exists
/home/leopold/anaconda3/envs/sac_sb3_demo/lib/python3.12/site-packages/pygame/pkgdata.py:25: UserWarning: pkg_resources is deprecated as an API. See https://setuptools.pypa.io/en/latest/pkg_resources.html. The pkg_resources package is slated for removal as early as 2025-11-30. Refrain from using this package or pin to Setuptools<81.
  from pkg_resources import resource_stream, resource_exists
/home/leopold/anaconda3/envs/sac_sb3_demo/lib/python3.12/site-packages/pygame/pkgdata.py:25: UserWarning: pkg_resources is deprecated as an API. See https://setuptools.pypa.io/en/latest/pkg_resources.html. The pkg_resources package is slated for removal as early as 2025-11-30. Refrain from using this package or pin to Setuptools<81.
  from pkg_resources import resource_stream, resource_exists
/home/leopold/anaconda3/envs/sac_sb3_demo/lib/python3.12/site-packages/pygame/pkgdata.py:25: UserWarning: pkg_resources is deprecated as an API. See https://setuptools.pypa.io/en/latest/pkg_resources.html. The pkg_resources package is slated for removal as early as 2025-11-30. Refrain from using this package or pin to Setuptools<81.
  from pkg_resources import resource_stream, resource_exists
Using cuda device
mlp before training: mean_reward=-241.62 +/- 83.10
Logging to runs/lunarlander_sac_rbf/sac-rbf-20260727_222807-seed123/mlp_1
/home/leopold/anaconda3/envs/sac_sb3_demo/lib/python3.12/site-packages/stable_baselines3/common/callbacks.py:418: UserWarning: Training and eval env are not of the same type<stable_baselines3.common.vec_env.subproc_vec_env.SubprocVecEnv object at 0x71e050bbd7c0> != <stable_baselines3.common.vec_env.dummy_vec_env.DummyVecEnv object at 0x71e0421d4440>
  warnings.warn("Training and eval env are not of the same type" f"{self.training_env} != {self.eval_env}")
---------------------------------
| rollout/           |          |
|    ep_len_mean     | 86.2     |
|    ep_rew_mean     | -288     |
| time/              |          |
|    episodes        | 4        |
|    fps             | 12919    |
|    time_elapsed    | 0        |
|    total_timesteps | 712      |
---------------------------------
---------------------------------
| rollout/           |          |
|    ep_len_mean     | 95.5     |
|    ep_rew_mean     | -268     |
| time/              |          |
|    episodes        | 8        |
|    fps             | 11805    |
|    time_elapsed    | 0        |
|    total_timesteps | 960      |
---------------------------------
---------------------------------
| rollout/           |          |
|    ep_len_mean     | 93.2     |
|    ep_rew_mean     | -241     |
| time/              |          |
|    episodes        | 12       |
|    fps             | 11978    |
|    time_elapsed    | 0        |
|    total_timesteps | 1544     |
---------------------------------
---------------------------------
| rollout/           |          |
|    ep_len_mean     | 94       |
|    ep_rew_mean     | -240     |
| time/              |          |
|    episodes        | 16       |
|    fps             | 12001    |
|    time_elapsed    | 0        |
|    total_timesteps | 1960     |
---------------------------------
---------------------------------
| rollout/           |          |
|    ep_len_mean     | 97.8     |
|    ep_rew_mean     | -237     |
| time/              |          |
|    episodes        | 20       |
|    fps             | 12008    |
|    time_elapsed    | 0        |
|    total_timesteps | 2464     |
---------------------------------
---------------------------------
| rollout/           |          |
|    ep_len_mean     | 99.2     |
|    ep_rew_mean     | -239     |
| time/              |          |
|    episodes        | 24       |
|    fps             | 11993    |
|    time_elapsed    | 0        |
|    total_timesteps | 2824     |
---------------------------------
---------------------------------
| rollout/           |          |
|    ep_len_mean     | 102      |
|    ep_rew_mean     | -239     |
| time/              |          |
|    episodes        | 28       |
|    fps             | 11825    |
|    time_elapsed    | 0        |
|    total_timesteps | 3360     |
---------------------------------
---------------------------------
| rollout/           |          |
|    ep_len_mean     | 104      |
|    ep_rew_mean     | -240     |
| time/              |          |
|    episodes        | 32       |
|    fps             | 11740    |
|    time_elapsed    | 0        |
|    total_timesteps | 3568     |
---------------------------------
---------------------------------
| rollout/           |          |
|    ep_len_mean     | 103      |
|    ep_rew_mean     | -226     |
| time/              |          |
|    episodes        | 36       |
|    fps             | 11708    |
|    time_elapsed    | 0        |
|    total_timesteps | 4120     |
---------------------------------
---------------------------------
| rollout/           |          |
|    ep_len_mean     | 102      |
|    ep_rew_mean     | -220     |
| time/              |          |
|    episodes        | 40       |
|    fps             | 11618    |
|    time_elapsed    | 0        |
|    total_timesteps | 4344     |
---------------------------------
---------------------------------
| rollout/           |          |
|    ep_len_mean     | 103      |
|    ep_rew_mean     | -223     |
| time/              |          |
|    episodes        | 44       |
|    fps             | 11661    |
|    time_elapsed    | 0        |
|    total_timesteps | 4992     |
---------------------------------
---------------------------------
| rollout/           |          |
|    ep_len_mean     | 103      |
|    ep_rew_mean     | -216     |
| time/              |          |
|    episodes        | 48       |
|    fps             | 11677    |
|    time_elapsed    | 0        |
|    total_timesteps | 5272     |
---------------------------------
---------------------------------
| rollout/           |          |
|    ep_len_mean     | 102      |
|    ep_rew_mean     | -206     |
| time/              |          |
|    episodes        | 52       |
|    fps             | 11644    |
|    time_elapsed    | 0        |
|    total_timesteps | 5584     |
---------------------------------
---------------------------------
| rollout/           |          |
|    ep_len_mean     | 103      |
|    ep_rew_mean     | -202     |
| time/              |          |
|    episodes        | 56       |
|    fps             | 11753    |
|    time_elapsed    | 0        |
|    total_timesteps | 6320     |
---------------------------------
---------------------------------
| rollout/           |          |
|    ep_len_mean     | 102      |
|    ep_rew_mean     | -203     |
| time/              |          |
|    episodes        | 60       |
|    fps             | 11759    |
|    time_elapsed    | 0        |
|    total_timesteps | 6520     |
---------------------------------
---------------------------------
| rollout/           |          |
|    ep_len_mean     | 104      |
|    ep_rew_mean     | -201     |
| time/              |          |
|    episodes        | 64       |
|    fps             | 11670    |
|    time_elapsed    | 0        |
|    total_timesteps | 7096     |
---------------------------------
---------------------------------
| rollout/           |          |
|    ep_len_mean     | 104      |
|    ep_rew_mean     | -206     |
| time/              |          |
|    episodes        | 68       |
|    fps             | 11628    |
|    time_elapsed    | 0        |
|    total_timesteps | 7472     |
---------------------------------
---------------------------------
| rollout/           |          |
|    ep_len_mean     | 104      |
|    ep_rew_mean     | -203     |
| time/              |          |
|    episodes        | 72       |
|    fps             | 11505    |
|    time_elapsed    | 0        |
|    total_timesteps | 7960     |
---------------------------------
---------------------------------
| rollout/           |          |
|    ep_len_mean     | 105      |
|    ep_rew_mean     | -198     |
| time/              |          |
|    episodes        | 76       |
|    fps             | 11465    |
|    time_elapsed    | 0        |
|    total_timesteps | 8216     |
---------------------------------
---------------------------------
| rollout/           |          |
|    ep_len_mean     | 104      |
|    ep_rew_mean     | -195     |
| time/              |          |
|    episodes        | 80       |
|    fps             | 11446    |
|    time_elapsed    | 0        |
|    total_timesteps | 8784     |
---------------------------------
---------------------------------
| rollout/           |          |
|    ep_len_mean     | 104      |
|    ep_rew_mean     | -199     |
| time/              |          |
|    episodes        | 84       |
|    fps             | 11379    |
|    time_elapsed    | 0        |
|    total_timesteps | 9056     |
---------------------------------
---------------------------------
| rollout/           |          |
|    ep_len_mean     | 105      |
|    ep_rew_mean     | -200     |
| time/              |          |
|    episodes        | 88       |
|    fps             | 11315    |
|    time_elapsed    | 0        |
|    total_timesteps | 9552     |
---------------------------------
Eval num_timesteps=10000, episode_reward=-219.74 +/- 105.94
Episode length: 110.40 +/- 45.09
---------------------------------
| eval/              |          |
|    mean_ep_length  | 110      |
|    mean_reward     | -220     |
| time/              |          |
|    total_timesteps | 10000    |
---------------------------------
New best mean reward!
---------------------------------
| rollout/           |          |
|    ep_len_mean     | 106      |
|    ep_rew_mean     | -200     |
| time/              |          |
|    episodes        | 92       |
|    fps             | 7773     |
|    time_elapsed    | 1        |
|    total_timesteps | 10008    |
---------------------------------
---------------------------------
| rollout/           |          |
|    ep_len_mean     | 107      |
|    ep_rew_mean     | -198     |
| time/              |          |
|    episodes        | 96       |
|    fps             | 1833     |
|    time_elapsed    | 6        |
|    total_timesteps | 11040    |
| train/             |          |
|    actor_loss      | 2.35     |
|    critic_loss     | 21.1     |
|    ent_coef        | 0.511    |
|    ent_coef_loss   | -1.51    |
|    learning_rate   | 0.000714 |
|    n_updates       | 1032     |
---------------------------------
---------------------------------
| rollout/           |          |
|    ep_len_mean     | 108      |
|    ep_rew_mean     | -196     |
| time/              |          |
|    episodes        | 100      |
|    fps             | 1417     |
|    time_elapsed    | 8        |
|    total_timesteps | 11504    |
| train/             |          |
|    actor_loss      | 4        |
|    critic_loss     | 32.7     |
|    ent_coef        | 0.393    |
|    ent_coef_loss   | -1.79    |
|    learning_rate   | 0.000713 |
|    n_updates       | 1496     |
---------------------------------
---------------------------------
| rollout/           |          |
|    ep_len_mean     | 121      |
|    ep_rew_mean     | -188     |
| time/              |          |
|    episodes        | 104      |
|    fps             | 579      |
|    time_elapsed    | 26       |
|    total_timesteps | 15608    |
| train/             |          |
|    actor_loss      | -9.02    |
|    critic_loss     | 12       |
|    ent_coef        | 0.136    |
|    ent_coef_loss   | 0.0515   |
|    learning_rate   | 0.000707 |
|    n_updates       | 5600     |
---------------------------------
---------------------------------
| rollout/           |          |
|    ep_len_mean     | 145      |
|    ep_rew_mean     | -178     |
| time/              |          |
|    episodes        | 108      |
|    fps             | 456      |
|    time_elapsed    | 40       |
|    total_timesteps | 18624    |
| train/             |          |
|    actor_loss      | -8.44    |
|    critic_loss     | 15       |
|    ent_coef        | 0.138    |
|    ent_coef_loss   | 0.36     |
|    learning_rate   | 0.000703 |
|    n_updates       | 8616     |
---------------------------------
Eval num_timesteps=20000, episode_reward=-57.73 +/- 101.67
Episode length: 667.40 +/- 323.85
---------------------------------
| eval/              |          |
|    mean_ep_length  | 667      |
|    mean_reward     | -57.7    |
| time/              |          |
|    total_timesteps | 20000    |
| train/             |          |
|    actor_loss      | -11.5    |
|    critic_loss     | 9.61     |
|    ent_coef        | 0.152    |
|    ent_coef_loss   | 0.137    |
|    learning_rate   | 0.000701 |
|    n_updates       | 9992     |
---------------------------------
New best mean reward!
---------------------------------
| rollout/           |          |
|    ep_len_mean     | 174      |
|    ep_rew_mean     | -172     |
| time/              |          |
|    episodes        | 112      |
|    fps             | 400      |
|    time_elapsed    | 51       |
|    total_timesteps | 20432    |
| train/             |          |
|    actor_loss      | -9.13    |
|    critic_loss     | 12.1     |
|    ent_coef        | 0.148    |
|    ent_coef_loss   | -0.221   |
|    learning_rate   | 0.0007   |
|    n_updates       | 10424    |
---------------------------------
---------------------------------
| rollout/           |          |
|    ep_len_mean     | 192      |
|    ep_rew_mean     | -164     |
| time/              |          |
|    episodes        | 116      |
|    fps             | 352      |
|    time_elapsed    | 70       |
|    total_timesteps | 24856    |
| train/             |          |
|    actor_loss      | -14.6    |
|    critic_loss     | 20.8     |
|    ent_coef        | 0.165    |
|    ent_coef_loss   | 0.243    |
|    learning_rate   | 0.000694 |
|    n_updates       | 14848    |
---------------------------------
---------------------------------
| rollout/           |          |
|    ep_len_mean     | 224      |
|    ep_rew_mean     | -152     |
| time/              |          |
|    episodes        | 120      |
|    fps             | 337      |
|    time_elapsed    | 79       |
|    total_timesteps | 26816    |
| train/             |          |
|    actor_loss      | -16.8    |
|    critic_loss     | 13.5     |
|    ent_coef        | 0.172    |
|    ent_coef_loss   | -0.161   |
|    learning_rate   | 0.000691 |
|    n_updates       | 16808    |
---------------------------------
---------------------------------
| rollout/           |          |
|    ep_len_mean     | 247      |
|    ep_rew_mean     | -142     |
| time/              |          |
|    episodes        | 124      |
|    fps             | 323      |
|    time_elapsed    | 91       |
|    total_timesteps | 29448    |
| train/             |          |
|    actor_loss      | -14.3    |
|    critic_loss     | 14.7     |
|    ent_coef        | 0.154    |
|    ent_coef_loss   | -0.122   |
|    learning_rate   | 0.000687 |
|    n_updates       | 19440    |
---------------------------------
Eval num_timesteps=30000, episode_reward=95.19 +/- 118.28
Episode length: 713.30 +/- 352.92
---------------------------------
| eval/              |          |
|    mean_ep_length  | 713      |
|    mean_reward     | 95.2     |
| time/              |          |
|    total_timesteps | 30000    |
| train/             |          |
|    actor_loss      | -15.2    |
|    critic_loss     | 10.4     |
|    ent_coef        | 0.151    |
|    ent_coef_loss   | -0.00548 |
|    learning_rate   | 0.000686 |
|    n_updates       | 19992    |
---------------------------------
New best mean reward!
---------------------------------
| rollout/           |          |
|    ep_len_mean     | 262      |
|    ep_rew_mean     | -124     |
| time/              |          |
|    episodes        | 128      |
|    fps             | 306      |
|    time_elapsed    | 102      |
|    total_timesteps | 31488    |
| train/             |          |
|    actor_loss      | -16.3    |
|    critic_loss     | 17.9     |
|    ent_coef        | 0.143    |
|    ent_coef_loss   | 0.0659   |
|    learning_rate   | 0.000684 |
|    n_updates       | 21480    |
---------------------------------
---------------------------------
| rollout/           |          |
|    ep_len_mean     | 275      |
|    ep_rew_mean     | -109     |
| time/              |          |
|    episodes        | 132      |
|    fps             | 301      |
|    time_elapsed    | 109      |
|    total_timesteps | 32840    |
| train/             |          |
|    actor_loss      | -16.8    |
|    critic_loss     | 14.7     |
|    ent_coef        | 0.14     |
|    ent_coef_loss   | -0.0402  |
|    learning_rate   | 0.000682 |
|    n_updates       | 22832    |
---------------------------------
---------------------------------
| rollout/           |          |
|    ep_len_mean     | 292      |
|    ep_rew_mean     | -104     |
| time/              |          |
|    episodes        | 136      |
|    fps             | 296      |
|    time_elapsed    | 115      |
|    total_timesteps | 34272    |
| train/             |          |
|    actor_loss      | -18.8    |
|    critic_loss     | 12.6     |
|    ent_coef        | 0.145    |
|    ent_coef_loss   | -0.257   |
|    learning_rate   | 0.00068  |
|    n_updates       | 24264    |
---------------------------------
---------------------------------
| rollout/           |          |
|    ep_len_mean     | 297      |
|    ep_rew_mean     | -97.1    |
| time/              |          |
|    episodes        | 140      |
|    fps             | 292      |
|    time_elapsed    | 121      |
|    total_timesteps | 35584    |
| train/             |          |
|    actor_loss      | -18.9    |
|    critic_loss     | 15.7     |
|    ent_coef        | 0.141    |
|    ent_coef_loss   | -0.0943  |
|    learning_rate   | 0.000678 |
|    n_updates       | 25576    |
---------------------------------
---------------------------------
| rollout/           |          |
|    ep_len_mean     | 307      |
|    ep_rew_mean     | -78.6    |
| time/              |          |
|    episodes        | 144      |
|    fps             | 288      |
|    time_elapsed    | 128      |
|    total_timesteps | 37160    |
| train/             |          |
|    actor_loss      | -19.7    |
|    critic_loss     | 23.1     |
|    ent_coef        | 0.148    |
|    ent_coef_loss   | 0.112    |
|    learning_rate   | 0.000676 |
|    n_updates       | 27152    |
---------------------------------
---------------------------------
| rollout/           |          |
|    ep_len_mean     | 316      |
|    ep_rew_mean     | -70.6    |
| time/              |          |
|    episodes        | 148      |
|    fps             | 286      |
|    time_elapsed    | 133      |
|    total_timesteps | 38224    |
| train/             |          |
|    actor_loss      | -18      |
|    critic_loss     | 12.7     |
|    ent_coef        | 0.143    |
|    ent_coef_loss   | -0.00811 |
|    learning_rate   | 0.000674 |
|    n_updates       | 28216    |
---------------------------------
---------------------------------
| rollout/           |          |
|    ep_len_mean     | 332      |
|    ep_rew_mean     | -65.4    |
| time/              |          |
|    episodes        | 152      |
|    fps             | 284      |
|    time_elapsed    | 138      |
|    total_timesteps | 39312    |
| train/             |          |
|    actor_loss      | -20.1    |
|    critic_loss     | 13.5     |
|    ent_coef        | 0.14     |
|    ent_coef_loss   | 0.139    |
|    learning_rate   | 0.000673 |
|    n_updates       | 29304    |
---------------------------------
Eval num_timesteps=40000, episode_reward=126.85 +/- 169.17
Episode length: 415.00 +/- 192.31
---------------------------------
| eval/              |          |
|    mean_ep_length  | 415      |
|    mean_reward     | 127      |
| time/              |          |
|    total_timesteps | 40000    |
| train/             |          |
|    actor_loss      | -20.1    |
|    critic_loss     | 12.1     |
|    ent_coef        | 0.142    |
|    ent_coef_loss   | -0.229   |
|    learning_rate   | 0.000672 |
|    n_updates       | 29992    |
---------------------------------
New best mean reward!
---------------------------------
| rollout/           |          |
|    ep_len_mean     | 335      |
|    ep_rew_mean     | -58.9    |
| time/              |          |
|    episodes        | 156      |
|    fps             | 278      |
|    time_elapsed    | 148      |
|    total_timesteps | 41176    |
| train/             |          |
|    actor_loss      | -19.2    |
|    critic_loss     | 13.9     |
|    ent_coef        | 0.142    |
|    ent_coef_loss   | -0.00893 |
|    learning_rate   | 0.00067  |
|    n_updates       | 31168    |
---------------------------------
---------------------------------
| rollout/           |          |
|    ep_len_mean     | 342      |
|    ep_rew_mean     | -47      |
| time/              |          |
|    episodes        | 160      |
|    fps             | 277      |
|    time_elapsed    | 151      |
|    total_timesteps | 41992    |
| train/             |          |
|    actor_loss      | -19.7    |
|    critic_loss     | 21.4     |
|    ent_coef        | 0.14     |
|    ent_coef_loss   | -0.00356 |
|    learning_rate   | 0.000669 |
|    n_updates       | 31984    |
---------------------------------
---------------------------------
| rollout/           |          |
|    ep_len_mean     | 352      |
|    ep_rew_mean     | -39.4    |
| time/              |          |
|    episodes        | 164      |
|    fps             | 276      |
|    time_elapsed    | 153      |
|    total_timesteps | 42552    |
| train/             |          |
|    actor_loss      | -20.9    |
|    critic_loss     | 13.4     |
|    ent_coef        | 0.145    |
|    ent_coef_loss   | 0.105    |
|    learning_rate   | 0.000668 |
|    n_updates       | 32544    |
---------------------------------
---------------------------------
| rollout/           |          |
|    ep_len_mean     | 356      |
|    ep_rew_mean     | -23.2    |
| time/              |          |
|    episodes        | 168      |
|    fps             | 274      |
|    time_elapsed    | 160      |
|    total_timesteps | 44160    |
| train/             |          |
|    actor_loss      | -19.8    |
|    critic_loss     | 18.8     |
|    ent_coef        | 0.143    |
|    ent_coef_loss   | 0.0566   |
|    learning_rate   | 0.000666 |
|    n_updates       | 34152    |
---------------------------------
---------------------------------
| rollout/           |          |
|    ep_len_mean     | 366      |
|    ep_rew_mean     | -8.35    |
| time/              |          |
|    episodes        | 172      |
|    fps             | 273      |
|    time_elapsed    | 165      |
|    total_timesteps | 45272    |
| train/             |          |
|    actor_loss      | -23.1    |
|    critic_loss     | 17.2     |
|    ent_coef        | 0.139    |
|    ent_coef_loss   | -0.0657  |
|    learning_rate   | 0.000664 |
|    n_updates       | 35264    |
---------------------------------
---------------------------------
| rollout/           |          |
|    ep_len_mean     | 370      |
|    ep_rew_mean     | -0.644   |
| time/              |          |
|    episodes        | 176      |
|    fps             | 272      |
|    time_elapsed    | 169      |
|    total_timesteps | 46144    |
| train/             |          |
|    actor_loss      | -23.1    |
|    critic_loss     | 22.2     |
|    ent_coef        | 0.145    |
|    ent_coef_loss   | -0.254   |
|    learning_rate   | 0.000663 |
|    n_updates       | 36136    |
---------------------------------
---------------------------------
| rollout/           |          |
|    ep_len_mean     | 375      |
|    ep_rew_mean     | 7.56     |
| time/              |          |
|    episodes        | 180      |
|    fps             | 271      |
|    time_elapsed    | 173      |
|    total_timesteps | 47032    |
| train/             |          |
|    actor_loss      | -22.7    |
|    critic_loss     | 28.4     |
|    ent_coef        | 0.137    |
|    ent_coef_loss   | 0.149    |
|    learning_rate   | 0.000661 |
|    n_updates       | 37024    |
---------------------------------
---------------------------------
| rollout/           |          |
|    ep_len_mean     | 379      |
|    ep_rew_mean     | 19.6     |
| time/              |          |
|    episodes        | 184      |
|    fps             | 270      |
|    time_elapsed    | 177      |
|    total_timesteps | 47912    |
| train/             |          |
|    actor_loss      | -23.3    |
|    critic_loss     | 14.9     |
|    ent_coef        | 0.131    |
|    ent_coef_loss   | 0.165    |
|    learning_rate   | 0.00066  |
|    n_updates       | 37904    |
---------------------------------
---------------------------------
| rollout/           |          |
|    ep_len_mean     | 387      |
|    ep_rew_mean     | 33.8     |
| time/              |          |
|    episodes        | 188      |
|    fps             | 269      |
|    time_elapsed    | 179      |
|    total_timesteps | 48464    |
| train/             |          |
|    actor_loss      | -24.2    |
|    critic_loss     | 16.9     |
|    ent_coef        | 0.135    |
|    ent_coef_loss   | 0.146    |
|    learning_rate   | 0.000659 |
|    n_updates       | 38456    |
---------------------------------
---------------------------------
| rollout/           |          |
|    ep_len_mean     | 386      |
|    ep_rew_mean     | 37.1     |
| time/              |          |
|    episodes        | 192      |
|    fps             | 268      |
|    time_elapsed    | 183      |
|    total_timesteps | 49416    |
| train/             |          |
|    actor_loss      | -24      |
|    critic_loss     | 15.1     |
|    ent_coef        | 0.139    |
|    ent_coef_loss   | -0.0836  |
|    learning_rate   | 0.000658 |
|    n_updates       | 39408    |
---------------------------------
Eval num_timesteps=50000, episode_reward=188.58 +/- 138.89
Episode length: 444.50 +/- 185.57
---------------------------------
| eval/              |          |
|    mean_ep_length  | 444      |
|    mean_reward     | 189      |
| time/              |          |
|    total_timesteps | 50000    |
| train/             |          |
|    actor_loss      | -24.4    |
|    critic_loss     | 17.5     |
|    ent_coef        | 0.142    |
|    ent_coef_loss   | 0.137    |
|    learning_rate   | 0.000657 |
|    n_updates       | 39992    |
---------------------------------
New best mean reward!
---------------------------------
| rollout/           |          |
|    ep_len_mean     | 390      |
|    ep_rew_mean     | 45.3     |
| time/              |          |
|    episodes        | 196      |
|    fps             | 265      |
|    time_elapsed    | 188      |
|    total_timesteps | 50192    |
| train/             |          |
|    actor_loss      | -23.3    |
|    critic_loss     | 26.1     |
|    ent_coef        | 0.141    |
|    ent_coef_loss   | 0.0999   |
|    learning_rate   | 0.000657 |
|    n_updates       | 40184    |
---------------------------------
---------------------------------
| rollout/           |          |
|    ep_len_mean     | 398      |
|    ep_rew_mean     | 53.5     |
| time/              |          |
|    episodes        | 200      |
|    fps             | 263      |
|    time_elapsed    | 197      |
|    total_timesteps | 52024    |
| train/             |          |
|    actor_loss      | -22.7    |
|    critic_loss     | 19.3     |
|    ent_coef        | 0.136    |
|    ent_coef_loss   | 0.112    |
|    learning_rate   | 0.000654 |
|    n_updates       | 42016    |
---------------------------------
---------------------------------
| rollout/           |          |
|    ep_len_mean     | 394      |
|    ep_rew_mean     | 63.1     |
| time/              |          |
|    episodes        | 204      |
|    fps             | 262      |
|    time_elapsed    | 201      |
|    total_timesteps | 53000    |
| train/             |          |
|    actor_loss      | -23.8    |
|    critic_loss     | 16       |
|    ent_coef        | 0.137    |
|    ent_coef_loss   | -0.184   |
|    learning_rate   | 0.000653 |
|    n_updates       | 42992    |
---------------------------------
---------------------------------
| rollout/           |          |
|    ep_len_mean     | 381      |
|    ep_rew_mean     | 72.1     |
| time/              |          |
|    episodes        | 208      |
|    fps             | 260      |
|    time_elapsed    | 209      |
|    total_timesteps | 54760    |
| train/             |          |
|    actor_loss      | -24.2    |
|    critic_loss     | 16.9     |
|    ent_coef        | 0.139    |
|    ent_coef_loss   | -0.102   |
|    learning_rate   | 0.00065  |
|    n_updates       | 44752    |
---------------------------------
---------------------------------
| rollout/           |          |
|    ep_len_mean     | 364      |
|    ep_rew_mean     | 84.3     |
| time/              |          |
|    episodes        | 212      |
|    fps             | 259      |
|    time_elapsed    | 216      |
|    total_timesteps | 56104    |
| train/             |          |
|    actor_loss      | -24      |
|    critic_loss     | 14.8     |
|    ent_coef        | 0.137    |
|    ent_coef_loss   | -0.0825  |
|    learning_rate   | 0.000648 |
|    n_updates       | 46096    |
---------------------------------
---------------------------------
| rollout/           |          |
|    ep_len_mean     | 357      |
|    ep_rew_mean     | 94       |
| time/              |          |
|    episodes        | 216      |
|    fps             | 258      |
|    time_elapsed    | 224      |
|    total_timesteps | 57976    |
| train/             |          |
|    actor_loss      | -27.3    |
|    critic_loss     | 20       |
|    ent_coef        | 0.137    |
|    ent_coef_loss   | -0.0754  |
|    learning_rate   | 0.000645 |
|    n_updates       | 47968    |
---------------------------------
---------------------------------
| rollout/           |          |
|    ep_len_mean     | 338      |
|    ep_rew_mean     | 101      |
| time/              |          |
|    episodes        | 220      |
|    fps             | 256      |
|    time_elapsed    | 233      |
|    total_timesteps | 59904    |
| train/             |          |
|    actor_loss      | -26.7    |
|    critic_loss     | 10.8     |
|    ent_coef        | 0.131    |
|    ent_coef_loss   | -0.13    |
|    learning_rate   | 0.000643 |
|    n_updates       | 49896    |
---------------------------------
Eval num_timesteps=60000, episode_reward=180.65 +/- 30.53
Episode length: 531.50 +/- 137.06
---------------------------------
| eval/              |          |
|    mean_ep_length  | 532      |
|    mean_reward     | 181      |
| time/              |          |
|    total_timesteps | 60000    |
| train/             |          |
|    actor_loss      | -27.2    |
|    critic_loss     | 14.8     |
|    ent_coef        | 0.13     |
|    ent_coef_loss   | -0.0955  |
|    learning_rate   | 0.000642 |
|    n_updates       | 49992    |
---------------------------------
---------------------------------
| rollout/           |          |
|    ep_len_mean     | 326      |
|    ep_rew_mean     | 107      |
| time/              |          |
|    episodes        | 224      |
|    fps             | 253      |
|    time_elapsed    | 244      |
|    total_timesteps | 62088    |
| train/             |          |
|    actor_loss      | -28.7    |
|    critic_loss     | 12.7     |
|    ent_coef        | 0.126    |
|    ent_coef_loss   | -0.255   |
|    learning_rate   | 0.000639 |
|    n_updates       | 52080    |
---------------------------------
---------------------------------
| rollout/           |          |
|    ep_len_mean     | 333      |
|    ep_rew_mean     | 106      |
| time/              |          |
|    episodes        | 228      |
|    fps             | 252      |
|    time_elapsed    | 253      |
|    total_timesteps | 63944    |
| train/             |          |
|    actor_loss      | -29.8    |
|    critic_loss     | 13.8     |
|    ent_coef        | 0.123    |
|    ent_coef_loss   | 0.1      |
|    learning_rate   | 0.000637 |
|    n_updates       | 53936    |
---------------------------------
---------------------------------
| rollout/           |          |
|    ep_len_mean     | 333      |
|    ep_rew_mean     | 110      |
| time/              |          |
|    episodes        | 232      |
|    fps             | 251      |
|    time_elapsed    | 263      |
|    total_timesteps | 66216    |
| train/             |          |
|    actor_loss      | -31.3    |
|    critic_loss     | 13.7     |
|    ent_coef        | 0.119    |
|    ent_coef_loss   | -0.126   |
|    learning_rate   | 0.000633 |
|    n_updates       | 56208    |
---------------------------------
---------------------------------
| rollout/           |          |
|    ep_len_mean     | 331      |
|    ep_rew_mean     | 119      |
| time/              |          |
|    episodes        | 236      |
|    fps             | 250      |
|    time_elapsed    | 270      |
|    total_timesteps | 67688    |
| train/             |          |
|    actor_loss      | -33.6    |
|    critic_loss     | 14       |
|    ent_coef        | 0.118    |
|    ent_coef_loss   | -0.112   |
|    learning_rate   | 0.000631 |
|    n_updates       | 57680    |
---------------------------------
---------------------------------
| rollout/           |          |
|    ep_len_mean     | 338      |
|    ep_rew_mean     | 127      |
| time/              |          |
|    episodes        | 240      |
|    fps             | 249      |
|    time_elapsed    | 277      |
|    total_timesteps | 69248    |
| train/             |          |
|    actor_loss      | -32.6    |
|    critic_loss     | 10.7     |
|    ent_coef        | 0.112    |
|    ent_coef_loss   | -0.0769  |
|    learning_rate   | 0.000629 |
|    n_updates       | 59240    |
---------------------------------
Eval num_timesteps=70000, episode_reward=216.46 +/- 98.70
Episode length: 302.90 +/- 126.54
---------------------------------
| eval/              |          |
|    mean_ep_length  | 303      |
|    mean_reward     | 216      |
| time/              |          |
|    total_timesteps | 70000    |
| train/             |          |
|    actor_loss      | -33.5    |
|    critic_loss     | 12.7     |
|    ent_coef        | 0.107    |
|    ent_coef_loss   | -0.00584 |
|    learning_rate   | 0.000628 |
|    n_updates       | 59992    |
---------------------------------
New best mean reward!
---------------------------------
| rollout/           |          |
|    ep_len_mean     | 336      |
|    ep_rew_mean     | 126      |
| time/              |          |
|    episodes        | 244      |
|    fps             | 248      |
|    time_elapsed    | 284      |
|    total_timesteps | 70552    |
| train/             |          |
|    actor_loss      | -31.9    |
|    critic_loss     | 10.5     |
|    ent_coef        | 0.107    |
|    ent_coef_loss   | 0.0844   |
|    learning_rate   | 0.000627 |
|    n_updates       | 60544    |
---------------------------------
---------------------------------
| rollout/           |          |
|    ep_len_mean     | 341      |
|    ep_rew_mean     | 133      |
| time/              |          |
|    episodes        | 248      |
|    fps             | 247      |
|    time_elapsed    | 289      |
|    total_timesteps | 71776    |
| train/             |          |
|    actor_loss      | -33      |
|    critic_loss     | 9.59     |
|    ent_coef        | 0.109    |
|    ent_coef_loss   | -0.0446  |
|    learning_rate   | 0.000625 |
|    n_updates       | 61768    |
---------------------------------
---------------------------------
| rollout/           |          |
|    ep_len_mean     | 336      |
|    ep_rew_mean     | 138      |
| time/              |          |
|    episodes        | 252      |
|    fps             | 246      |
|    time_elapsed    | 296      |
|    total_timesteps | 73216    |
| train/             |          |
|    actor_loss      | -32.2    |
|    critic_loss     | 15       |
|    ent_coef        | 0.115    |
|    ent_coef_loss   | 0.0879   |
|    learning_rate   | 0.000623 |
|    n_updates       | 63208    |
---------------------------------
---------------------------------
| rollout/           |          |
|    ep_len_mean     | 339      |
|    ep_rew_mean     | 148      |
| time/              |          |
|    episodes        | 256      |
|    fps             | 246      |
|    time_elapsed    | 301      |
|    total_timesteps | 74256    |
| train/             |          |
|    actor_loss      | -34.3    |
|    critic_loss     | 11.6     |
|    ent_coef        | 0.118    |
|    ent_coef_loss   | 0.16     |
|    learning_rate   | 0.000622 |
|    n_updates       | 64248    |
---------------------------------
---------------------------------
| rollout/           |          |
|    ep_len_mean     | 340      |
|    ep_rew_mean     | 154      |
| time/              |          |
|    episodes        | 260      |
|    fps             | 245      |
|    time_elapsed    | 308      |
|    total_timesteps | 75936    |
| train/             |          |
|    actor_loss      | -32.8    |
|    critic_loss     | 12.7     |
|    ent_coef        | 0.111    |
|    ent_coef_loss   | 0.118    |
|    learning_rate   | 0.000619 |
|    n_updates       | 65928    |
---------------------------------
---------------------------------
| rollout/           |          |
|    ep_len_mean     | 339      |
|    ep_rew_mean     | 155      |
| time/              |          |
|    episodes        | 264      |
|    fps             | 245      |
|    time_elapsed    | 316      |
|    total_timesteps | 77648    |
| train/             |          |
|    actor_loss      | -33.4    |
|    critic_loss     | 13.3     |
|    ent_coef        | 0.116    |
|    ent_coef_loss   | 0.0166   |
|    learning_rate   | 0.000617 |
|    n_updates       | 67640    |
---------------------------------
---------------------------------
| rollout/           |          |
|    ep_len_mean     | 344      |
|    ep_rew_mean     | 160      |
| time/              |          |
|    episodes        | 268      |
|    fps             | 245      |
|    time_elapsed    | 321      |
|    total_timesteps | 78728    |
| train/             |          |
|    actor_loss      | -33.7    |
|    critic_loss     | 13.1     |
|    ent_coef        | 0.12     |
|    ent_coef_loss   | -0.169   |
|    learning_rate   | 0.000615 |
|    n_updates       | 68720    |
---------------------------------
Eval num_timesteps=80000, episode_reward=229.42 +/- 52.72
Episode length: 422.00 +/- 108.55
---------------------------------
| eval/              |          |
|    mean_ep_length  | 422      |
|    mean_reward     | 229      |
| time/              |          |
|    total_timesteps | 80000    |
| train/             |          |
|    actor_loss      | -33.2    |
|    critic_loss     | 15.6     |
|    ent_coef        | 0.122    |
|    ent_coef_loss   | -0.0818  |
|    learning_rate   | 0.000613 |
|    n_updates       | 69992    |
---------------------------------
New best mean reward!
---------------------------------
| rollout/           |          |
|    ep_len_mean     | 345      |
|    ep_rew_mean     | 160      |
| time/              |          |
|    episodes        | 272      |
|    fps             | 243      |
|    time_elapsed    | 330      |
|    total_timesteps | 80488    |
| train/             |          |
|    actor_loss      | -35.7    |
|    critic_loss     | 22.8     |
|    ent_coef        | 0.118    |
|    ent_coef_loss   | -0.0165  |
|    learning_rate   | 0.000612 |
|    n_updates       | 70480    |
---------------------------------
---------------------------------
| rollout/           |          |
|    ep_len_mean     | 354      |
|    ep_rew_mean     | 166      |
| time/              |          |
|    episodes        | 276      |
|    fps             | 243      |
|    time_elapsed    | 333      |
|    total_timesteps | 81120    |
| train/             |          |
|    actor_loss      | -34.6    |
|    critic_loss     | 17.1     |
|    ent_coef        | 0.12     |
|    ent_coef_loss   | 0.0211   |
|    learning_rate   | 0.000612 |
|    n_updates       | 71112    |
---------------------------------
---------------------------------
| rollout/           |          |
|    ep_len_mean     | 357      |
|    ep_rew_mean     | 173      |
| time/              |          |
|    episodes        | 280      |
|    fps             | 242      |
|    time_elapsed    | 342      |
|    total_timesteps | 83104    |
| train/             |          |
|    actor_loss      | -35.2    |
|    critic_loss     | 16       |
|    ent_coef        | 0.115    |
|    ent_coef_loss   | 0.402    |
|    learning_rate   | 0.000609 |
|    n_updates       | 73096    |
---------------------------------
---------------------------------
| rollout/           |          |
|    ep_len_mean     | 363      |
|    ep_rew_mean     | 182      |
| time/              |          |
|    episodes        | 284      |
|    fps             | 242      |
|    time_elapsed    | 346      |
|    total_timesteps | 83952    |
| train/             |          |
|    actor_loss      | -35.4    |
|    critic_loss     | 14.3     |
|    ent_coef        | 0.117    |
|    ent_coef_loss   | -0.198   |
|    learning_rate   | 0.000607 |
|    n_updates       | 73944    |
---------------------------------
---------------------------------
| rollout/           |          |
|    ep_len_mean     | 363      |
|    ep_rew_mean     | 186      |
| time/              |          |
|    episodes        | 288      |
|    fps             | 241      |
|    time_elapsed    | 355      |
|    total_timesteps | 85992    |
| train/             |          |
|    actor_loss      | -34.6    |
|    critic_loss     | 12.3     |
|    ent_coef        | 0.111    |
|    ent_coef_loss   | -0.00331 |
|    learning_rate   | 0.000604 |
|    n_updates       | 75984    |
---------------------------------
---------------------------------
| rollout/           |          |
|    ep_len_mean     | 371      |
|    ep_rew_mean     | 201      |
| time/              |          |
|    episodes        | 292      |
|    fps             | 241      |
|    time_elapsed    | 358      |
|    total_timesteps | 86608    |
| train/             |          |
|    actor_loss      | -36.2    |
|    critic_loss     | 17.1     |
|    ent_coef        | 0.113    |
|    ent_coef_loss   | -0.0233  |
|    learning_rate   | 0.000604 |
|    n_updates       | 76600    |
---------------------------------
---------------------------------
| rollout/           |          |
|    ep_len_mean     | 375      |
|    ep_rew_mean     | 210      |
| time/              |          |
|    episodes        | 296      |
|    fps             | 240      |
|    time_elapsed    | 368      |
|    total_timesteps | 88848    |
| train/             |          |
|    actor_loss      | -35.9    |
|    critic_loss     | 12.4     |
|    ent_coef        | 0.109    |
|    ent_coef_loss   | -0.157   |
|    learning_rate   | 0.0006   |
|    n_updates       | 78840    |
---------------------------------
---------------------------------
| rollout/           |          |
|    ep_len_mean     | 376      |
|    ep_rew_mean     | 218      |
| time/              |          |
|    episodes        | 300      |
|    fps             | 240      |
|    time_elapsed    | 372      |
|    total_timesteps | 89640    |
| train/             |          |
|    actor_loss      | -36.6    |
|    critic_loss     | 10.4     |
|    ent_coef        | 0.108    |
|    ent_coef_loss   | 0.0125   |
|    learning_rate   | 0.000599 |
|    n_updates       | 79632    |
---------------------------------
Eval num_timesteps=90000, episode_reward=203.39 +/- 72.79
Episode length: 423.70 +/- 140.53
---------------------------------
| eval/              |          |
|    mean_ep_length  | 424      |
|    mean_reward     | 203      |
| time/              |          |
|    total_timesteps | 90000    |
| train/             |          |
|    actor_loss      | -36.5    |
|    critic_loss     | 14.1     |
|    ent_coef        | 0.105    |
|    ent_coef_loss   | 0.0337   |
|    learning_rate   | 0.000599 |
|    n_updates       | 79992    |
---------------------------------
---------------------------------
| rollout/           |          |
|    ep_len_mean     | 381      |
|    ep_rew_mean     | 221      |
| time/              |          |
|    episodes        | 304      |
|    fps             | 239      |
|    time_elapsed    | 381      |
|    total_timesteps | 91400    |
| train/             |          |
|    actor_loss      | -36      |
|    critic_loss     | 12.1     |
|    ent_coef        | 0.106    |
|    ent_coef_loss   | 0.126    |
|    learning_rate   | 0.000597 |
|    n_updates       | 81392    |
---------------------------------
---------------------------------
| rollout/           |          |
|    ep_len_mean     | 380      |
|    ep_rew_mean     | 220      |
| time/              |          |
|    episodes        | 308      |
|    fps             | 238      |
|    time_elapsed    | 389      |
|    total_timesteps | 93000    |
| train/             |          |
|    actor_loss      | -35.8    |
|    critic_loss     | 8.21     |
|    ent_coef        | 0.108    |
|    ent_coef_loss   | -0.119   |
|    learning_rate   | 0.000594 |
|    n_updates       | 82992    |
---------------------------------
---------------------------------
| rollout/           |          |
|    ep_len_mean     | 378      |
|    ep_rew_mean     | 220      |
| time/              |          |
|    episodes        | 312      |
|    fps             | 238      |
|    time_elapsed    | 397      |
|    total_timesteps | 94864    |
| train/             |          |
|    actor_loss      | -35      |
|    critic_loss     | 9.45     |
|    ent_coef        | 0.106    |
|    ent_coef_loss   | 0.0376   |
|    learning_rate   | 0.000592 |
|    n_updates       | 84856    |
---------------------------------
---------------------------------
| rollout/           |          |
|    ep_len_mean     | 380      |
|    ep_rew_mean     | 220      |
| time/              |          |
|    episodes        | 316      |
|    fps             | 238      |
|    time_elapsed    | 402      |
|    total_timesteps | 95968    |
| train/             |          |
|    actor_loss      | -35.8    |
|    critic_loss     | 12.4     |
|    ent_coef        | 0.105    |
|    ent_coef_loss   | -0.0988  |
|    learning_rate   | 0.00059  |
|    n_updates       | 85960    |
---------------------------------
---------------------------------
| rollout/           |          |
|    ep_len_mean     | 375      |
|    ep_rew_mean     | 218      |
| time/              |          |
|    episodes        | 320      |
|    fps             | 237      |
|    time_elapsed    | 408      |
|    total_timesteps | 97264    |
| train/             |          |
|    actor_loss      | -37.2    |
|    critic_loss     | 14.9     |
|    ent_coef        | 0.105    |
|    ent_coef_loss   | 0.00157  |
|    learning_rate   | 0.000588 |
|    n_updates       | 87256    |
---------------------------------
---------------------------------
| rollout/           |          |
|    ep_len_mean     | 377      |
|    ep_rew_mean     | 221      |
| time/              |          |
|    episodes        | 324      |
|    fps             | 237      |
|    time_elapsed    | 416      |
|    total_timesteps | 99048    |
| train/             |          |
|    actor_loss      | -37.5    |
|    critic_loss     | 8.92     |
|    ent_coef        | 0.104    |
|    ent_coef_loss   | -0.125   |
|    learning_rate   | 0.000585 |
|    n_updates       | 89040    |
---------------------------------
Eval num_timesteps=100000, episode_reward=186.73 +/- 126.77
Episode length: 427.50 +/- 120.03
---------------------------------
| eval/              |          |
|    mean_ep_length  | 428      |
|    mean_reward     | 187      |
| time/              |          |
|    total_timesteps | 100000   |
| train/             |          |
|    actor_loss      | -36.2    |
|    critic_loss     | 13.1     |
|    ent_coef        | 0.105    |
|    ent_coef_loss   | 0.326    |
|    learning_rate   | 0.000584 |
|    n_updates       | 89992    |
---------------------------------
---------------------------------
| rollout/           |          |
|    ep_len_mean     | 366      |
|    ep_rew_mean     | 222      |
| time/              |          |
|    episodes        | 328      |
|    fps             | 236      |
|    time_elapsed    | 422      |
|    total_timesteps | 100016   |
| train/             |          |
|    actor_loss      | -36.5    |
|    critic_loss     | 14.5     |
|    ent_coef        | 0.106    |
|    ent_coef_loss   | 0.116    |
|    learning_rate   | 0.000584 |
|    n_updates       | 90008    |
---------------------------------
---------------------------------
| rollout/           |          |
|    ep_len_mean     | 361      |
|    ep_rew_mean     | 218      |
| time/              |          |
|    episodes        | 332      |
|    fps             | 236      |
|    time_elapsed    | 431      |
|    total_timesteps | 101864   |
| train/             |          |
|    actor_loss      | -37.4    |
|    critic_loss     | 11.3     |
|    ent_coef        | 0.102    |
|    ent_coef_loss   | 0.152    |
|    learning_rate   | 0.000581 |
|    n_updates       | 91856    |
---------------------------------
---------------------------------
| rollout/           |          |
|    ep_len_mean     | 361      |
|    ep_rew_mean     | 215      |
| time/              |          |
|    episodes        | 336      |
|    fps             | 235      |
|    time_elapsed    | 437      |
|    total_timesteps | 103336   |
| train/             |          |
|    actor_loss      | -36.1    |
|    critic_loss     | 20.9     |
|    ent_coef        | 0.102    |
|    ent_coef_loss   | -0.0134  |
|    learning_rate   | 0.000579 |
|    n_updates       | 93328    |
---------------------------------
---------------------------------
| rollout/           |          |
|    ep_len_mean     | 360      |
|    ep_rew_mean     | 216      |
| time/              |          |
|    episodes        | 340      |
|    fps             | 235      |
|    time_elapsed    | 442      |
|    total_timesteps | 104328   |
| train/             |          |
|    actor_loss      | -37.2    |
|    critic_loss     | 10.3     |
|    ent_coef        | 0.102    |
|    ent_coef_loss   | -0.00873 |
|    learning_rate   | 0.000578 |
|    n_updates       | 94320    |
---------------------------------
---------------------------------
| rollout/           |          |
|    ep_len_mean     | 357      |
|    ep_rew_mean     | 218      |
| time/              |          |
|    episodes        | 344      |
|    fps             | 235      |
|    time_elapsed    | 447      |
|    total_timesteps | 105408   |
| train/             |          |
|    actor_loss      | -38.1    |
|    critic_loss     | 9.85     |
|    ent_coef        | 0.1      |
|    ent_coef_loss   | 0.0881   |
|    learning_rate   | 0.000576 |
|    n_updates       | 95400    |
---------------------------------
---------------------------------
| rollout/           |          |
|    ep_len_mean     | 352      |
|    ep_rew_mean     | 214      |
| time/              |          |
|    episodes        | 348      |
|    fps             | 235      |
|    time_elapsed    | 458      |
|    total_timesteps | 107888   |
| train/             |          |
|    actor_loss      | -38.2    |
|    critic_loss     | 9.18     |
|    ent_coef        | 0.0984   |
|    ent_coef_loss   | 0.123    |
|    learning_rate   | 0.000572 |
|    n_updates       | 97880    |
---------------------------------
---------------------------------
| rollout/           |          |
|    ep_len_mean     | 356      |
|    ep_rew_mean     | 217      |
| time/              |          |
|    episodes        | 352      |
|    fps             | 234      |
|    time_elapsed    | 464      |
|    total_timesteps | 109192   |
| train/             |          |
|    actor_loss      | -38.3    |
|    critic_loss     | 11.8     |
|    ent_coef        | 0.103    |
|    ent_coef_loss   | 0.0894   |
|    learning_rate   | 0.000571 |
|    n_updates       | 99184    |
---------------------------------
---------------------------------
| rollout/           |          |
|    ep_len_mean     | 356      |
|    ep_rew_mean     | 214      |
| time/              |          |
|    episodes        | 356      |
|    fps             | 234      |
|    time_elapsed    | 466      |
|    total_timesteps | 109632   |
| train/             |          |
|    actor_loss      | -38.2    |
|    critic_loss     | 11.8     |
|    ent_coef        | 0.1      |
|    ent_coef_loss   | -0.149   |
|    learning_rate   | 0.00057  |
|    n_updates       | 99624    |
---------------------------------
Eval num_timesteps=110000, episode_reward=200.46 +/- 93.08
Episode length: 329.70 +/- 100.22
---------------------------------
| eval/              |          |
|    mean_ep_length  | 330      |
|    mean_reward     | 200      |
| time/              |          |
|    total_timesteps | 110000   |
| train/             |          |
|    actor_loss      | -39      |
|    critic_loss     | 11.2     |
|    ent_coef        | 0.0995   |
|    ent_coef_loss   | 0.0945   |
|    learning_rate   | 0.000569 |
|    n_updates       | 99992    |
---------------------------------
---------------------------------
| rollout/           |          |
|    ep_len_mean     | 355      |
|    ep_rew_mean     | 214      |
| time/              |          |
|    episodes        | 360      |
|    fps             | 233      |
|    time_elapsed    | 475      |
|    total_timesteps | 111232   |
| train/             |          |
|    actor_loss      | -39.4    |
|    critic_loss     | 8.34     |
|    ent_coef        | 0.101    |
|    ent_coef_loss   | -0.0276  |
|    learning_rate   | 0.000568 |
|    n_updates       | 101224   |
---------------------------------
---------------------------------
| rollout/           |          |
|    ep_len_mean     | 355      |
|    ep_rew_mean     | 219      |
| time/              |          |
|    episodes        | 364      |
|    fps             | 233      |
|    time_elapsed    | 484      |
|    total_timesteps | 113080   |
| train/             |          |
|    actor_loss      | -39.1    |
|    critic_loss     | 16.9     |
|    ent_coef        | 0.0987   |
|    ent_coef_loss   | 0.253    |
|    learning_rate   | 0.000565 |
|    n_updates       | 103072   |
---------------------------------
---------------------------------
| rollout/           |          |
|    ep_len_mean     | 358      |
|    ep_rew_mean     | 217      |
| time/              |          |
|    episodes        | 368      |
|    fps             | 233      |
|    time_elapsed    | 487      |
|    total_timesteps | 113856   |
| train/             |          |
|    actor_loss      | -40      |
|    critic_loss     | 9.88     |
|    ent_coef        | 0.102    |
|    ent_coef_loss   | -0.0995  |
|    learning_rate   | 0.000564 |
|    n_updates       | 103848   |
---------------------------------
---------------------------------
| rollout/           |          |
|    ep_len_mean     | 357      |
|    ep_rew_mean     | 218      |
| time/              |          |
|    episodes        | 372      |
|    fps             | 233      |
|    time_elapsed    | 494      |
|    total_timesteps | 115440   |
| train/             |          |
|    actor_loss      | -39.1    |
|    critic_loss     | 13.7     |
|    ent_coef        | 0.103    |
|    ent_coef_loss   | -0.278   |
|    learning_rate   | 0.000561 |
|    n_updates       | 105432   |
---------------------------------
---------------------------------
| rollout/           |          |
|    ep_len_mean     | 351      |
|    ep_rew_mean     | 219      |
| time/              |          |
|    episodes        | 376      |
|    fps             | 233      |
|    time_elapsed    | 502      |
|    total_timesteps | 117192   |
| train/             |          |
|    actor_loss      | -39.7    |
|    critic_loss     | 10       |
|    ent_coef        | 0.101    |
|    ent_coef_loss   | -0.0148  |
|    learning_rate   | 0.000559 |
|    n_updates       | 107184   |
---------------------------------
---------------------------------
| rollout/           |          |
|    ep_len_mean     | 353      |
|    ep_rew_mean     | 220      |
| time/              |          |
|    episodes        | 380      |
|    fps             | 232      |
|    time_elapsed    | 507      |
|    total_timesteps | 118288   |
| train/             |          |
|    actor_loss      | -40      |
|    critic_loss     | 11.5     |
|    ent_coef        | 0.0983   |
|    ent_coef_loss   | 0.108    |
|    learning_rate   | 0.000557 |
|    n_updates       | 108280   |
---------------------------------
---------------------------------
| rollout/           |          |
|    ep_len_mean     | 351      |
|    ep_rew_mean     | 216      |
| time/              |          |
|    episodes        | 384      |
|    fps             | 232      |
|    time_elapsed    | 513      |
|    total_timesteps | 119616   |
| train/             |          |
|    actor_loss      | -39.4    |
|    critic_loss     | 16       |
|    ent_coef        | 0.102    |
|    ent_coef_loss   | -0.207   |
|    learning_rate   | 0.000555 |
|    n_updates       | 109608   |
---------------------------------
Eval num_timesteps=120000, episode_reward=125.41 +/- 159.06
Episode length: 414.10 +/- 219.83
---------------------------------
| eval/              |          |
|    mean_ep_length  | 414      |
|    mean_reward     | 125      |
| time/              |          |
|    total_timesteps | 120000   |
| train/             |          |
|    actor_loss      | -39.5    |
|    critic_loss     | 11.9     |
|    ent_coef        | 0.103    |
|    ent_coef_loss   | 0.0167   |
|    learning_rate   | 0.000555 |
|    n_updates       | 109992   |
---------------------------------
---------------------------------
| rollout/           |          |
|    ep_len_mean     | 354      |
|    ep_rew_mean     | 215      |
| time/              |          |
|    episodes        | 388      |
|    fps             | 231      |
|    time_elapsed    | 521      |
|    total_timesteps | 120952   |
| train/             |          |
|    actor_loss      | -40.1    |
|    critic_loss     | 12.9     |
|    ent_coef        | 0.103    |
|    ent_coef_loss   | -0.0027  |
|    learning_rate   | 0.000553 |
|    n_updates       | 110944   |
---------------------------------
---------------------------------
| rollout/           |          |
|    ep_len_mean     | 355      |
|    ep_rew_mean     | 216      |
| time/              |          |
|    episodes        | 392      |
|    fps             | 231      |
|    time_elapsed    | 526      |
|    total_timesteps | 121968   |
| train/             |          |
|    actor_loss      | -40.4    |
|    critic_loss     | 11.4     |
|    ent_coef        | 0.1      |
|    ent_coef_loss   | 0.0978   |
|    learning_rate   | 0.000552 |
|    n_updates       | 111960   |
---------------------------------
---------------------------------
| rollout/           |          |
|    ep_len_mean     | 351      |
|    ep_rew_mean     | 210      |
| time/              |          |
|    episodes        | 396      |
|    fps             | 231      |
|    time_elapsed    | 534      |
|    total_timesteps | 123888   |
| train/             |          |
|    actor_loss      | -40.1    |
|    critic_loss     | 8.03     |
|    ent_coef        | 0.103    |
|    ent_coef_loss   | 0.0293   |
|    learning_rate   | 0.000549 |
|    n_updates       | 113880   |
---------------------------------
---------------------------------
| rollout/           |          |
|    ep_len_mean     | 352      |
|    ep_rew_mean     | 203      |
| time/              |          |
|    episodes        | 400      |
|    fps             | 231      |
|    time_elapsed    | 541      |
|    total_timesteps | 125336   |
| train/             |          |
|    actor_loss      | -39.9    |
|    critic_loss     | 11.3     |
|    ent_coef        | 0.101    |
|    ent_coef_loss   | -0.0751  |
|    learning_rate   | 0.000547 |
|    n_updates       | 115328   |
---------------------------------
---------------------------------
| rollout/           |          |
|    ep_len_mean     | 348      |
|    ep_rew_mean     | 196      |
| time/              |          |
|    episodes        | 404      |
|    fps             | 231      |
|    time_elapsed    | 544      |
|    total_timesteps | 125992   |
| train/             |          |
|    actor_loss      | -40.6    |
|    critic_loss     | 11.9     |
|    ent_coef        | 0.103    |
|    ent_coef_loss   | -0.242   |
|    learning_rate   | 0.000546 |
|    n_updates       | 115984   |
---------------------------------
---------------------------------
| rollout/           |          |
|    ep_len_mean     | 350      |
|    ep_rew_mean     | 196      |
| time/              |          |
|    episodes        | 408      |
|    fps             | 231      |
|    time_elapsed    | 549      |
|    total_timesteps | 127096   |
| train/             |          |
|    actor_loss      | -38.4    |
|    critic_loss     | 19.7     |
|    ent_coef        | 0.106    |
|    ent_coef_loss   | -0.0882  |
|    learning_rate   | 0.000544 |
|    n_updates       | 117088   |
---------------------------------
---------------------------------
| rollout/           |          |
|    ep_len_mean     | 346      |
|    ep_rew_mean     | 197      |
| time/              |          |
|    episodes        | 412      |
|    fps             | 231      |
|    time_elapsed    | 556      |
|    total_timesteps | 128608   |
| train/             |          |
|    actor_loss      | -40.1    |
|    critic_loss     | 11       |
|    ent_coef        | 0.103    |
|    ent_coef_loss   | 0.192    |
|    learning_rate   | 0.000542 |
|    n_updates       | 118600   |
---------------------------------
---------------------------------
| rollout/           |          |
|    ep_len_mean     | 341      |
|    ep_rew_mean     | 196      |
| time/              |          |
|    episodes        | 416      |
|    fps             | 230      |
|    time_elapsed    | 561      |
|    total_timesteps | 129624   |
| train/             |          |
|    actor_loss      | -39.8    |
|    critic_loss     | 11.2     |
|    ent_coef        | 0.105    |
|    ent_coef_loss   | -0.286   |
|    learning_rate   | 0.000541 |
|    n_updates       | 119616   |
---------------------------------
Eval num_timesteps=130000, episode_reward=260.66 +/- 14.57
Episode length: 304.20 +/- 69.63
---------------------------------
| eval/              |          |
|    mean_ep_length  | 304      |
|    mean_reward     | 261      |
| time/              |          |
|    total_timesteps | 130000   |
| train/             |          |
|    actor_loss      | -40.8    |
|    critic_loss     | 15.4     |
|    ent_coef        | 0.109    |
|    ent_coef_loss   | -0.204   |
|    learning_rate   | 0.00054  |
|    n_updates       | 119992   |
---------------------------------
New best mean reward!
---------------------------------
| rollout/           |          |
|    ep_len_mean     | 342      |
|    ep_rew_mean     | 199      |
| time/              |          |
|    episodes        | 420      |
|    fps             | 230      |
|    time_elapsed    | 572      |
|    total_timesteps | 131896   |
| train/             |          |
|    actor_loss      | -40.3    |
|    critic_loss     | 10.8     |
|    ent_coef        | 0.107    |
|    ent_coef_loss   | 0.0717   |
|    learning_rate   | 0.000537 |
|    n_updates       | 121888   |
---------------------------------
---------------------------------
| rollout/           |          |
|    ep_len_mean     | 340      |
|    ep_rew_mean     | 198      |
| time/              |          |
|    episodes        | 424      |
|    fps             | 230      |
|    time_elapsed    | 574      |
|    total_timesteps | 132392   |
| train/             |          |
|    actor_loss      | -39.6    |
|    critic_loss     | 17.3     |
|    ent_coef        | 0.106    |
|    ent_coef_loss   | 0.0315   |
|    learning_rate   | 0.000537 |
|    n_updates       | 122384   |
---------------------------------
---------------------------------
| rollout/           |          |
|    ep_len_mean     | 341      |
|    ep_rew_mean     | 199      |
| time/              |          |
|    episodes        | 428      |
|    fps             | 230      |
|    time_elapsed    | 583      |
|    total_timesteps | 134504   |
| train/             |          |
|    actor_loss      | -39.6    |
|    critic_loss     | 11.9     |
|    ent_coef        | 0.104    |
|    ent_coef_loss   | 0.183    |
|    learning_rate   | 0.000534 |
|    n_updates       | 124496   |
---------------------------------
---------------------------------
| rollout/           |          |
|    ep_len_mean     | 342      |
|    ep_rew_mean     | 204      |
| time/              |          |
|    episodes        | 432      |
|    fps             | 230      |
|    time_elapsed    | 589      |
|    total_timesteps | 135864   |
| train/             |          |
|    actor_loss      | -40.1    |
|    critic_loss     | 15.8     |
|    ent_coef        | 0.109    |
|    ent_coef_loss   | -0.067   |
|    learning_rate   | 0.000532 |
|    n_updates       | 125856   |
---------------------------------
---------------------------------
| rollout/           |          |
|    ep_len_mean     | 340      |
|    ep_rew_mean     | 204      |
| time/              |          |
|    episodes        | 436      |
|    fps             | 230      |
|    time_elapsed    | 595      |
|    total_timesteps | 137176   |
| train/             |          |
|    actor_loss      | -41      |
|    critic_loss     | 7.86     |
|    ent_coef        | 0.108    |
|    ent_coef_loss   | 0.146    |
|    learning_rate   | 0.00053  |
|    n_updates       | 127168   |
---------------------------------
---------------------------------
| rollout/           |          |
|    ep_len_mean     | 339      |
|    ep_rew_mean     | 205      |
| time/              |          |
|    episodes        | 440      |
|    fps             | 230      |
|    time_elapsed    | 603      |
|    total_timesteps | 138896   |
| train/             |          |
|    actor_loss      | -39.8    |
|    critic_loss     | 10.9     |
|    ent_coef        | 0.106    |
|    ent_coef_loss   | 0.0329   |
|    learning_rate   | 0.000527 |
|    n_updates       | 128888   |
---------------------------------
Eval num_timesteps=140000, episode_reward=249.43 +/- 19.38
Episode length: 343.40 +/- 83.21
---------------------------------
| eval/              |          |
|    mean_ep_length  | 343      |
|    mean_reward     | 249      |
| time/              |          |
|    total_timesteps | 140000   |
| train/             |          |
|    actor_loss      | -39.4    |
|    critic_loss     | 19.9     |
|    ent_coef        | 0.106    |
|    ent_coef_loss   | -0.0196  |
|    learning_rate   | 0.000526 |
|    n_updates       | 129992   |
---------------------------------
---------------------------------
| rollout/           |          |
|    ep_len_mean     | 342      |
|    ep_rew_mean     | 205      |
| time/              |          |
|    episodes        | 444      |
|    fps             | 229      |
|    time_elapsed    | 611      |
|    total_timesteps | 140368   |
| train/             |          |
|    actor_loss      | -38.7    |
|    critic_loss     | 10.2     |
|    ent_coef        | 0.108    |
|    ent_coef_loss   | 0.202    |
|    learning_rate   | 0.000525 |
|    n_updates       | 130360   |
---------------------------------
---------------------------------
| rollout/           |          |
|    ep_len_mean     | 343      |
|    ep_rew_mean     | 209      |
| time/              |          |
|    episodes        | 448      |
|    fps             | 229      |
|    time_elapsed    | 616      |
|    total_timesteps | 141576   |
| train/             |          |
|    actor_loss      | -40.2    |
|    critic_loss     | 24.7     |
|    ent_coef        | 0.105    |
|    ent_coef_loss   | 0.255    |
|    learning_rate   | 0.000523 |
|    n_updates       | 131568   |
---------------------------------
---------------------------------
| rollout/           |          |
|    ep_len_mean     | 338      |
|    ep_rew_mean     | 209      |
| time/              |          |
|    episodes        | 452      |
|    fps             | 229      |
|    time_elapsed    | 622      |
|    total_timesteps | 142896   |
| train/             |          |
|    actor_loss      | -38.7    |
|    critic_loss     | 13.4     |
|    ent_coef        | 0.103    |
|    ent_coef_loss   | -0.0114  |
|    learning_rate   | 0.000521 |
|    n_updates       | 132888   |
---------------------------------
---------------------------------
| rollout/           |          |
|    ep_len_mean     | 342      |
|    ep_rew_mean     | 212      |
| time/              |          |
|    episodes        | 456      |
|    fps             | 229      |
|    time_elapsed    | 627      |
|    total_timesteps | 144088   |
| train/             |          |
|    actor_loss      | -39.3    |
|    critic_loss     | 12.7     |
|    ent_coef        | 0.104    |
|    ent_coef_loss   | -0.135   |
|    learning_rate   | 0.00052  |
|    n_updates       | 134080   |
---------------------------------
---------------------------------
| rollout/           |          |
|    ep_len_mean     | 343      |
|    ep_rew_mean     | 212      |
| time/              |          |
|    episodes        | 460      |
|    fps             | 229      |
|    time_elapsed    | 631      |
|    total_timesteps | 144928   |
| train/             |          |
|    actor_loss      | -40      |
|    critic_loss     | 21.6     |
|    ent_coef        | 0.105    |
|    ent_coef_loss   | 0.151    |
|    learning_rate   | 0.000518 |
|    n_updates       | 134920   |
---------------------------------
---------------------------------
| rollout/           |          |
|    ep_len_mean     | 341      |
|    ep_rew_mean     | 216      |
| time/              |          |
|    episodes        | 464      |
|    fps             | 229      |
|    time_elapsed    | 640      |
|    total_timesteps | 146936   |
| train/             |          |
|    actor_loss      | -41.3    |
|    critic_loss     | 11.6     |
|    ent_coef        | 0.0991   |
|    ent_coef_loss   | -0.0835  |
|    learning_rate   | 0.000515 |
|    n_updates       | 136928   |
---------------------------------
---------------------------------
| rollout/           |          |
|    ep_len_mean     | 342      |
|    ep_rew_mean     | 218      |
| time/              |          |
|    episodes        | 468      |
|    fps             | 229      |
|    time_elapsed    | 647      |
|    total_timesteps | 148432   |
| train/             |          |
|    actor_loss      | -41.1    |
|    critic_loss     | 17.6     |
|    ent_coef        | 0.102    |
|    ent_coef_loss   | -0.109   |
|    learning_rate   | 0.000513 |
|    n_updates       | 138424   |
---------------------------------
---------------------------------
| rollout/           |          |
|    ep_len_mean     | 342      |
|    ep_rew_mean     | 219      |
| time/              |          |
|    episodes        | 472      |
|    fps             | 229      |
|    time_elapsed    | 652      |
|    total_timesteps | 149408   |
| train/             |          |
|    actor_loss      | -41      |
|    critic_loss     | 18.6     |
|    ent_coef        | 0.0988   |
|    ent_coef_loss   | -0.168   |
|    learning_rate   | 0.000512 |
|    n_updates       | 139400   |
---------------------------------
Eval num_timesteps=150000, episode_reward=239.71 +/- 23.65
Episode length: 303.60 +/- 91.84
---------------------------------
| eval/              |          |
|    mean_ep_length  | 304      |
|    mean_reward     | 240      |
| time/              |          |
|    total_timesteps | 150000   |
| train/             |          |
|    actor_loss      | -40.3    |
|    critic_loss     | 15.4     |
|    ent_coef        | 0.0978   |
|    ent_coef_loss   | 0.0125   |
|    learning_rate   | 0.000511 |
|    n_updates       | 139992   |
---------------------------------
---------------------------------
| rollout/           |          |
|    ep_len_mean     | 342      |
|    ep_rew_mean     | 219      |
| time/              |          |
|    episodes        | 476      |
|    fps             | 228      |
|    time_elapsed    | 658      |
|    total_timesteps | 150488   |
| train/             |          |
|    actor_loss      | -41.9    |
|    critic_loss     | 21.6     |
|    ent_coef        | 0.0988   |
|    ent_coef_loss   | 0.148    |
|    learning_rate   | 0.00051  |
|    n_updates       | 140480   |
---------------------------------
---------------------------------
| rollout/           |          |
|    ep_len_mean     | 338      |
|    ep_rew_mean     | 220      |
| time/              |          |
|    episodes        | 480      |
|    fps             | 228      |
|    time_elapsed    | 661      |
|    total_timesteps | 151304   |
| train/             |          |
|    actor_loss      | -41.5    |
|    critic_loss     | 16.4     |
|    ent_coef        | 0.103    |
|    ent_coef_loss   | 0.157    |
|    learning_rate   | 0.000509 |
|    n_updates       | 141296   |
---------------------------------
---------------------------------
| rollout/           |          |
|    ep_len_mean     | 337      |
|    ep_rew_mean     | 224      |
| time/              |          |
|    episodes        | 484      |
|    fps             | 228      |
|    time_elapsed    | 670      |
|    total_timesteps | 153152   |
| train/             |          |
|    actor_loss      | -41.6    |
|    critic_loss     | 16.8     |
|    ent_coef        | 0.0936   |
|    ent_coef_loss   | 0.145    |
|    learning_rate   | 0.000506 |
|    n_updates       | 143144   |
---------------------------------
---------------------------------
| rollout/           |          |
|    ep_len_mean     | 335      |
|    ep_rew_mean     | 225      |
| time/              |          |
|    episodes        | 488      |
|    fps             | 228      |
|    time_elapsed    | 674      |
|    total_timesteps | 154112   |
| train/             |          |
|    actor_loss      | -42.7    |
|    critic_loss     | 16.5     |
|    ent_coef        | 0.0971   |
|    ent_coef_loss   | -0.275   |
|    learning_rate   | 0.000505 |
|    n_updates       | 144104   |
---------------------------------
---------------------------------
| rollout/           |          |
|    ep_len_mean     | 333      |
|    ep_rew_mean     | 225      |
| time/              |          |
|    episodes        | 492      |
|    fps             | 228      |
|    time_elapsed    | 679      |
|    total_timesteps | 155168   |
| train/             |          |
|    actor_loss      | -44      |
|    critic_loss     | 14.3     |
|    ent_coef        | 0.0954   |
|    ent_coef_loss   | -0.155   |
|    learning_rate   | 0.000503 |
|    n_updates       | 145160   |
---------------------------------
---------------------------------
| rollout/           |          |
|    ep_len_mean     | 334      |
|    ep_rew_mean     | 228      |
| time/              |          |
|    episodes        | 496      |
|    fps             | 228      |
|    time_elapsed    | 684      |
|    total_timesteps | 156152   |
| train/             |          |
|    actor_loss      | -41.9    |
|    critic_loss     | 11.7     |
|    ent_coef        | 0.0968   |
|    ent_coef_loss   | 0.0101   |
|    learning_rate   | 0.000502 |
|    n_updates       | 146144   |
---------------------------------
---------------------------------
| rollout/           |          |
|    ep_len_mean     | 329      |
|    ep_rew_mean     | 236      |
| time/              |          |
|    episodes        | 500      |
|    fps             | 228      |
|    time_elapsed    | 689      |
|    total_timesteps | 157352   |
| train/             |          |
|    actor_loss      | -44.3    |
|    critic_loss     | 8.65     |
|    ent_coef        | 0.0924   |
|    ent_coef_loss   | -0.102   |
|    learning_rate   | 0.0005   |
|    n_updates       | 147344   |
---------------------------------
---------------------------------
| rollout/           |          |
|    ep_len_mean     | 328      |
|    ep_rew_mean     | 244      |
| time/              |          |
|    episodes        | 504      |
|    fps             | 228      |
|    time_elapsed    | 694      |
|    total_timesteps | 158344   |
| train/             |          |
|    actor_loss      | -44.6    |
|    critic_loss     | 11       |
|    ent_coef        | 0.095    |
|    ent_coef_loss   | -0.0776  |
|    learning_rate   | 0.000499 |
|    n_updates       | 148336   |
---------------------------------
---------------------------------
| rollout/           |          |
|    ep_len_mean     | 323      |
|    ep_rew_mean     | 245      |
| time/              |          |
|    episodes        | 508      |
|    fps             | 228      |
|    time_elapsed    | 697      |
|    total_timesteps | 159176   |
| train/             |          |
|    actor_loss      | -43.3    |
|    critic_loss     | 9.03     |
|    ent_coef        | 0.0945   |
|    ent_coef_loss   | 0.0239   |
|    learning_rate   | 0.000498 |
|    n_updates       | 149168   |
---------------------------------
Eval num_timesteps=160000, episode_reward=272.79 +/- 18.06
Episode length: 249.70 +/- 32.48
---------------------------------
| eval/              |          |
|    mean_ep_length  | 250      |
|    mean_reward     | 273      |
| time/              |          |
|    total_timesteps | 160000   |
| train/             |          |
|    actor_loss      | -43.2    |
|    critic_loss     | 20.2     |
|    ent_coef        | 0.0949   |
|    ent_coef_loss   | -0.168   |
|    learning_rate   | 0.000496 |
|    n_updates       | 149992   |
---------------------------------
New best mean reward!
---------------------------------
| rollout/           |          |
|    ep_len_mean     | 320      |
|    ep_rew_mean     | 247      |
| time/              |          |
|    episodes        | 512      |
|    fps             | 227      |
|    time_elapsed    | 704      |
|    total_timesteps | 160320   |
| train/             |          |
|    actor_loss      | -44      |
|    critic_loss     | 8.19     |
|    ent_coef        | 0.0921   |
|    ent_coef_loss   | -0.0245  |
|    learning_rate   | 0.000496 |
|    n_updates       | 150312   |
---------------------------------
---------------------------------
| rollout/           |          |
|    ep_len_mean     | 320      |
|    ep_rew_mean     | 250      |
| time/              |          |
|    episodes        | 516      |
|    fps             | 227      |
|    time_elapsed    | 709      |
|    total_timesteps | 161576   |
| train/             |          |
|    actor_loss      | -44.9    |
|    critic_loss     | 11.3     |
|    ent_coef        | 0.0935   |
|    ent_coef_loss   | 0.0283   |
|    learning_rate   | 0.000494 |
|    n_updates       | 151568   |
---------------------------------
---------------------------------
| rollout/           |          |
|    ep_len_mean     | 317      |
|    ep_rew_mean     | 251      |
| time/              |          |
|    episodes        | 520      |
|    fps             | 227      |
|    time_elapsed    | 714      |
|    total_timesteps | 162600   |
| train/             |          |
|    actor_loss      | -45.6    |
|    critic_loss     | 10.6     |
|    ent_coef        | 0.0898   |
|    ent_coef_loss   | -0.18    |
|    learning_rate   | 0.000493 |
|    n_updates       | 152592   |
---------------------------------
---------------------------------
| rollout/           |          |
|    ep_len_mean     | 315      |
|    ep_rew_mean     | 252      |
| time/              |          |
|    episodes        | 524      |
|    fps             | 227      |
|    time_elapsed    | 719      |
|    total_timesteps | 163816   |
| train/             |          |
|    actor_loss      | -44.8    |
|    critic_loss     | 12.7     |
|    ent_coef        | 0.0896   |
|    ent_coef_loss   | -0.179   |
|    learning_rate   | 0.000491 |
|    n_updates       | 153808   |
---------------------------------
---------------------------------
| rollout/           |          |
|    ep_len_mean     | 309      |
|    ep_rew_mean     | 252      |
| time/              |          |
|    episodes        | 528      |
|    fps             | 227      |
|    time_elapsed    | 723      |
|    total_timesteps | 164536   |
| train/             |          |
|    actor_loss      | -43.9    |
|    critic_loss     | 8.69     |
|    ent_coef        | 0.0867   |
|    ent_coef_loss   | 0.498    |
|    learning_rate   | 0.00049  |
|    n_updates       | 154528   |
---------------------------------
---------------------------------
| rollout/           |          |
|    ep_len_mean     | 304      |
|    ep_rew_mean     | 253      |
| time/              |          |
|    episodes        | 532      |
|    fps             | 227      |
|    time_elapsed    | 730      |
|    total_timesteps | 166128   |
| train/             |          |
|    actor_loss      | -44.7    |
|    critic_loss     | 13       |
|    ent_coef        | 0.0874   |
|    ent_coef_loss   | -0.279   |
|    learning_rate   | 0.000487 |
|    n_updates       | 156120   |
---------------------------------
---------------------------------
| rollout/           |          |
|    ep_len_mean     | 296      |
|    ep_rew_mean     | 259      |
| time/              |          |
|    episodes        | 536      |
|    fps             | 227      |
|    time_elapsed    | 733      |
|    total_timesteps | 166800   |
| train/             |          |
|    actor_loss      | -46.1    |
|    critic_loss     | 8.62     |
|    ent_coef        | 0.0875   |
|    ent_coef_loss   | 0.114    |
|    learning_rate   | 0.000486 |
|    n_updates       | 156792   |
---------------------------------
---------------------------------
| rollout/           |          |
|    ep_len_mean     | 294      |
|    ep_rew_mean     | 259      |
| time/              |          |
|    episodes        | 540      |
|    fps             | 227      |
|    time_elapsed    | 740      |
|    total_timesteps | 168368   |
| train/             |          |
|    actor_loss      | -45.8    |
|    critic_loss     | 12.5     |
|    ent_coef        | 0.0857   |
|    ent_coef_loss   | -0.282   |
|    learning_rate   | 0.000484 |
|    n_updates       | 158360   |
---------------------------------
---------------------------------
| rollout/           |          |
|    ep_len_mean     | 291      |
|    ep_rew_mean     | 250      |
| time/              |          |
|    episodes        | 544      |
|    fps             | 227      |
|    time_elapsed    | 742      |
|    total_timesteps | 168720   |
| train/             |          |
|    actor_loss      | -44.9    |
|    critic_loss     | 8.31     |
|    ent_coef        | 0.085    |
|    ent_coef_loss   | 0.00505  |
|    learning_rate   | 0.000484 |
|    n_updates       | 158712   |
---------------------------------
Eval num_timesteps=170000, episode_reward=250.29 +/- 71.52
Episode length: 258.20 +/- 47.34
---------------------------------
| eval/              |          |
|    mean_ep_length  | 258      |
|    mean_reward     | 250      |
| time/              |          |
|    total_timesteps | 170000   |
| train/             |          |
|    actor_loss      | -46.7    |
|    critic_loss     | 10.1     |
|    ent_coef        | 0.0873   |
|    ent_coef_loss   | -0.0532  |
|    learning_rate   | 0.000482 |
|    n_updates       | 159992   |
---------------------------------
---------------------------------
| rollout/           |          |
|    ep_len_mean     | 285      |
|    ep_rew_mean     | 252      |
| time/              |          |
|    episodes        | 548      |
|    fps             | 226      |
|    time_elapsed    | 749      |
|    total_timesteps | 170056   |
| train/             |          |
|    actor_loss      | -45.3    |
|    critic_loss     | 19.1     |
|    ent_coef        | 0.086    |
|    ent_coef_loss   | 0.0564   |
|    learning_rate   | 0.000482 |
|    n_updates       | 160048   |
---------------------------------
---------------------------------
| rollout/           |          |
|    ep_len_mean     | 287      |
|    ep_rew_mean     | 252      |
| time/              |          |
|    episodes        | 552      |
|    fps             | 226      |
|    time_elapsed    | 753      |
|    total_timesteps | 171032   |
| train/             |          |
|    actor_loss      | -46      |
|    critic_loss     | 7.7      |
|    ent_coef        | 0.0848   |
|    ent_coef_loss   | -0.156   |
|    learning_rate   | 0.00048  |
|    n_updates       | 161024   |
---------------------------------
---------------------------------
| rollout/           |          |
|    ep_len_mean     | 281      |
|    ep_rew_mean     | 253      |
| time/              |          |
|    episodes        | 556      |
|    fps             | 226      |
|    time_elapsed    | 758      |
|    total_timesteps | 171976   |
| train/             |          |
|    actor_loss      | -47.5    |
|    critic_loss     | 7.13     |
|    ent_coef        | 0.0841   |
|    ent_coef_loss   | 0.231    |
|    learning_rate   | 0.000479 |
|    n_updates       | 161968   |
---------------------------------
---------------------------------
| rollout/           |          |
|    ep_len_mean     | 278      |
|    ep_rew_mean     | 254      |
| time/              |          |
|    episodes        | 560      |
|    fps             | 226      |
|    time_elapsed    | 761      |
|    total_timesteps | 172744   |
| train/             |          |
|    actor_loss      | -46.9    |
|    critic_loss     | 17.3     |
|    ent_coef        | 0.0819   |
|    ent_coef_loss   | -0.00396 |
|    learning_rate   | 0.000478 |
|    n_updates       | 162736   |
---------------------------------
---------------------------------
| rollout/           |          |
|    ep_len_mean     | 274      |
|    ep_rew_mean     | 254      |
| time/              |          |
|    episodes        | 564      |
|    fps             | 226      |
|    time_elapsed    | 764      |
|    total_timesteps | 173560   |
| train/             |          |
|    actor_loss      | -47.3    |
|    critic_loss     | 9.5      |
|    ent_coef        | 0.0837   |
|    ent_coef_loss   | 0.0775   |
|    learning_rate   | 0.000477 |
|    n_updates       | 163552   |
---------------------------------
---------------------------------
| rollout/           |          |
|    ep_len_mean     | 266      |
|    ep_rew_mean     | 255      |
| time/              |          |
|    episodes        | 568      |
|    fps             | 226      |
|    time_elapsed    | 769      |
|    total_timesteps | 174488   |
| train/             |          |
|    actor_loss      | -48.1    |
|    critic_loss     | 9.52     |
|    ent_coef        | 0.0839   |
|    ent_coef_loss   | -0.0475  |
|    learning_rate   | 0.000475 |
|    n_updates       | 164480   |
---------------------------------
---------------------------------
| rollout/           |          |
|    ep_len_mean     | 261      |
|    ep_rew_mean     | 255      |
| time/              |          |
|    episodes        | 572      |
|    fps             | 226      |
|    time_elapsed    | 771      |
|    total_timesteps | 175072   |
| train/             |          |
|    actor_loss      | -47.4    |
|    critic_loss     | 7.34     |
|    ent_coef        | 0.0832   |
|    ent_coef_loss   | 0.165    |
|    learning_rate   | 0.000474 |
|    n_updates       | 165064   |
---------------------------------
---------------------------------
| rollout/           |          |
|    ep_len_mean     | 257      |
|    ep_rew_mean     | 252      |
| time/              |          |
|    episodes        | 576      |
|    fps             | 226      |
|    time_elapsed    | 777      |
|    total_timesteps | 176440   |
| train/             |          |
|    actor_loss      | -48.9    |
|    critic_loss     | 10.6     |
|    ent_coef        | 0.0847   |
|    ent_coef_loss   | 0.186    |
|    learning_rate   | 0.000472 |
|    n_updates       | 166432   |
---------------------------------
---------------------------------
| rollout/           |          |
|    ep_len_mean     | 257      |
|    ep_rew_mean     | 252      |
| time/              |          |
|    episodes        | 580      |
|    fps             | 226      |
|    time_elapsed    | 780      |
|    total_timesteps | 177016   |
| train/             |          |
|    actor_loss      | -48.1    |
|    critic_loss     | 14.9     |
|    ent_coef        | 0.0846   |
|    ent_coef_loss   | -0.0404  |
|    learning_rate   | 0.000472 |
|    n_updates       | 167008   |
---------------------------------
---------------------------------
| rollout/           |          |
|    ep_len_mean     | 253      |
|    ep_rew_mean     | 252      |
| time/              |          |
|    episodes        | 584      |
|    fps             | 226      |
|    time_elapsed    | 786      |
|    total_timesteps | 178424   |
| train/             |          |
|    actor_loss      | -48.6    |
|    critic_loss     | 9.45     |
|    ent_coef        | 0.0808   |
|    ent_coef_loss   | -0.13    |
|    learning_rate   | 0.00047  |
|    n_updates       | 168416   |
---------------------------------
---------------------------------
| rollout/           |          |
|    ep_len_mean     | 251      |
|    ep_rew_mean     | 251      |
| time/              |          |
|    episodes        | 588      |
|    fps             | 226      |
|    time_elapsed    | 792      |
|    total_timesteps | 179744   |
| train/             |          |
|    actor_loss      | -48.5    |
|    critic_loss     | 7.74     |
|    ent_coef        | 0.0796   |
|    ent_coef_loss   | 0.0218   |
|    learning_rate   | 0.000468 |
|    n_updates       | 169736   |
---------------------------------
Eval num_timesteps=180000, episode_reward=258.37 +/- 18.18
Episode length: 222.50 +/- 33.69
---------------------------------
| eval/              |          |
|    mean_ep_length  | 222      |
|    mean_reward     | 258      |
| time/              |          |
|    total_timesteps | 180000   |
| train/             |          |
|    actor_loss      | -49.2    |
|    critic_loss     | 14.1     |
|    ent_coef        | 0.0818   |
|    ent_coef_loss   | 0.0142   |
|    learning_rate   | 0.000467 |
|    n_updates       | 169992   |
---------------------------------
---------------------------------
| rollout/           |          |
|    ep_len_mean     | 247      |
|    ep_rew_mean     | 252      |
| time/              |          |
|    episodes        | 592      |
|    fps             | 226      |
|    time_elapsed    | 799      |
|    total_timesteps | 181296   |
| train/             |          |
|    actor_loss      | -49.3    |
|    critic_loss     | 8.89     |
|    ent_coef        | 0.0812   |
|    ent_coef_loss   | -0.00909 |
|    learning_rate   | 0.000465 |
|    n_updates       | 171288   |
---------------------------------
---------------------------------
| rollout/           |          |
|    ep_len_mean     | 256      |
|    ep_rew_mean     | 254      |
| time/              |          |
|    episodes        | 596      |
|    fps             | 226      |
|    time_elapsed    | 804      |
|    total_timesteps | 182256   |
| train/             |          |
|    actor_loss      | -49.8    |
|    critic_loss     | 8.63     |
|    ent_coef        | 0.0807   |
|    ent_coef_loss   | -0.138   |
|    learning_rate   | 0.000464 |
|    n_updates       | 172248   |
---------------------------------
---------------------------------
| rollout/           |          |
|    ep_len_mean     | 259      |
|    ep_rew_mean     | 253      |
| time/              |          |
|    episodes        | 600      |
|    fps             | 226      |
|    time_elapsed    | 809      |
|    total_timesteps | 183496   |
| train/             |          |
|    actor_loss      | -50.9    |
|    critic_loss     | 9.63     |
|    ent_coef        | 0.0818   |
|    ent_coef_loss   | -0.178   |
|    learning_rate   | 0.000462 |
|    n_updates       | 173488   |
---------------------------------
---------------------------------
| rollout/           |          |
|    ep_len_mean     | 256      |
|    ep_rew_mean     | 253      |
| time/              |          |
|    episodes        | 604      |
|    fps             | 226      |
|    time_elapsed    | 813      |
|    total_timesteps | 184248   |
| train/             |          |
|    actor_loss      | -51.5    |
|    critic_loss     | 11.2     |
|    ent_coef        | 0.0833   |
|    ent_coef_loss   | 0.0321   |
|    learning_rate   | 0.000461 |
|    n_updates       | 174240   |
---------------------------------
---------------------------------
| rollout/           |          |
|    ep_len_mean     | 260      |
|    ep_rew_mean     | 252      |
| time/              |          |
|    episodes        | 608      |
|    fps             | 226      |
|    time_elapsed    | 818      |
|    total_timesteps | 185296   |
| train/             |          |
|    actor_loss      | -51.3    |
|    critic_loss     | 8.26     |
|    ent_coef        | 0.0806   |
|    ent_coef_loss   | -0.204   |
|    learning_rate   | 0.000459 |
|    n_updates       | 175288   |
---------------------------------
---------------------------------
| rollout/           |          |
|    ep_len_mean     | 262      |
|    ep_rew_mean     | 251      |
| time/              |          |
|    episodes        | 612      |
|    fps             | 226      |
|    time_elapsed    | 823      |
|    total_timesteps | 186368   |
| train/             |          |
|    actor_loss      | -50      |
|    critic_loss     | 8.11     |
|    ent_coef        | 0.08     |
|    ent_coef_loss   | -0.00133 |
|    learning_rate   | 0.000458 |
|    n_updates       | 176360   |
---------------------------------
---------------------------------
| rollout/           |          |
|    ep_len_mean     | 261      |
|    ep_rew_mean     | 247      |
| time/              |          |
|    episodes        | 616      |
|    fps             | 226      |
|    time_elapsed    | 830      |
|    total_timesteps | 188032   |
| train/             |          |
|    actor_loss      | -50.9    |
|    critic_loss     | 7.82     |
|    ent_coef        | 0.0805   |
|    ent_coef_loss   | 0.115    |
|    learning_rate   | 0.000455 |
|    n_updates       | 178024   |
---------------------------------
---------------------------------
| rollout/           |          |
|    ep_len_mean     | 260      |
|    ep_rew_mean     | 248      |
| time/              |          |
|    episodes        | 620      |
|    fps             | 226      |
|    time_elapsed    | 835      |
|    total_timesteps | 189080   |
| train/             |          |
|    actor_loss      | -51.4    |
|    critic_loss     | 13.9     |
|    ent_coef        | 0.0813   |
|    ent_coef_loss   | 0.0474   |
|    learning_rate   | 0.000454 |
|    n_updates       | 179072   |
---------------------------------
Eval num_timesteps=190000, episode_reward=233.42 +/- 65.31
Episode length: 258.50 +/- 76.42
---------------------------------
| eval/              |          |
|    mean_ep_length  | 258      |
|    mean_reward     | 233      |
| time/              |          |
|    total_timesteps | 190000   |
| train/             |          |
|    actor_loss      | -51.1    |
|    critic_loss     | 7.24     |
|    ent_coef        | 0.0804   |
|    ent_coef_loss   | -0.109   |
|    learning_rate   | 0.000453 |
|    n_updates       | 179992   |
---------------------------------
---------------------------------
| rollout/           |          |
|    ep_len_mean     | 257      |
|    ep_rew_mean     | 248      |
| time/              |          |
|    episodes        | 624      |
|    fps             | 226      |
|    time_elapsed    | 842      |
|    total_timesteps | 190376   |
| train/             |          |
|    actor_loss      | -51.2    |
|    critic_loss     | 8.41     |
|    ent_coef        | 0.0794   |
|    ent_coef_loss   | -0.0553  |
|    learning_rate   | 0.000452 |
|    n_updates       | 180368   |
---------------------------------
---------------------------------
| rollout/           |          |
|    ep_len_mean     | 269      |
|    ep_rew_mean     | 237      |
| time/              |          |
|    episodes        | 628      |
|    fps             | 226      |
|    time_elapsed    | 849      |
|    total_timesteps | 191952   |
| train/             |          |
|    actor_loss      | -50.4    |
|    critic_loss     | 8.81     |
|    ent_coef        | 0.0817   |
|    ent_coef_loss   | -0.247   |
|    learning_rate   | 0.00045  |
|    n_updates       | 181944   |
---------------------------------
---------------------------------
| rollout/           |          |
|    ep_len_mean     | 269      |
|    ep_rew_mean     | 233      |
| time/              |          |
|    episodes        | 632      |
|    fps             | 226      |
|    time_elapsed    | 850      |
|    total_timesteps | 192176   |
| train/             |          |
|    actor_loss      | -50.4    |
|    critic_loss     | 8.84     |
|    ent_coef        | 0.0811   |
|    ent_coef_loss   | -0.0614  |
|    learning_rate   | 0.000449 |
|    n_updates       | 182168   |
---------------------------------
---------------------------------
| rollout/           |          |
|    ep_len_mean     | 268      |
|    ep_rew_mean     | 233      |
| time/              |          |
|    episodes        | 636      |
|    fps             | 225      |
|    time_elapsed    | 856      |
|    total_timesteps | 193504   |
| train/             |          |
|    actor_loss      | -50.8    |
|    critic_loss     | 13.3     |
|    ent_coef        | 0.0807   |
|    ent_coef_loss   | 0.304    |
|    learning_rate   | 0.000447 |
|    n_updates       | 183496   |
---------------------------------
---------------------------------
| rollout/           |          |
|    ep_len_mean     | 265      |
|    ep_rew_mean     | 232      |
| time/              |          |
|    episodes        | 640      |
|    fps             | 225      |
|    time_elapsed    | 860      |
|    total_timesteps | 194336   |
| train/             |          |
|    actor_loss      | -52.2    |
|    critic_loss     | 12.5     |
|    ent_coef        | 0.0798   |
|    ent_coef_loss   | 0.0243   |
|    learning_rate   | 0.000446 |
|    n_updates       | 184328   |
---------------------------------
---------------------------------
| rollout/           |          |
|    ep_len_mean     | 265      |
|    ep_rew_mean     | 242      |
| time/              |          |
|    episodes        | 644      |
|    fps             | 225      |
|    time_elapsed    | 863      |
|    total_timesteps | 194976   |
| train/             |          |
|    actor_loss      | -51.9    |
|    critic_loss     | 13.3     |
|    ent_coef        | 0.0805   |
|    ent_coef_loss   | 0.0693   |
|    learning_rate   | 0.000445 |
|    n_updates       | 184968   |
---------------------------------
---------------------------------
| rollout/           |          |
|    ep_len_mean     | 265      |
|    ep_rew_mean     | 238      |
| time/              |          |
|    episodes        | 648      |
|    fps             | 225      |
|    time_elapsed    | 868      |
|    total_timesteps | 196280   |
| train/             |          |
|    actor_loss      | -50.9    |
|    critic_loss     | 6.89     |
|    ent_coef        | 0.0825   |
|    ent_coef_loss   | -0.186   |
|    learning_rate   | 0.000443 |
|    n_updates       | 186272   |
---------------------------------
---------------------------------
| rollout/           |          |
|    ep_len_mean     | 260      |
|    ep_rew_mean     | 239      |
| time/              |          |
|    episodes        | 652      |
|    fps             | 225      |
|    time_elapsed    | 872      |
|    total_timesteps | 197048   |
| train/             |          |
|    actor_loss      | -52      |
|    critic_loss     | 7.21     |
|    ent_coef        | 0.0824   |
|    ent_coef_loss   | -0.173   |
|    learning_rate   | 0.000442 |
|    n_updates       | 187040   |
---------------------------------
---------------------------------
| rollout/           |          |
|    ep_len_mean     | 260      |
|    ep_rew_mean     | 238      |
| time/              |          |
|    episodes        | 656      |
|    fps             | 225      |
|    time_elapsed    | 877      |
|    total_timesteps | 198128   |
| train/             |          |
|    actor_loss      | -50.9    |
|    critic_loss     | 10.7     |
|    ent_coef        | 0.0831   |
|    ent_coef_loss   | -0.0126  |
|    learning_rate   | 0.000441 |
|    n_updates       | 188120   |
---------------------------------
---------------------------------
| rollout/           |          |
|    ep_len_mean     | 261      |
|    ep_rew_mean     | 238      |
| time/              |          |
|    episodes        | 660      |
|    fps             | 225      |
|    time_elapsed    | 882      |
|    total_timesteps | 199352   |
| train/             |          |
|    actor_loss      | -51.2    |
|    critic_loss     | 8.86     |
|    ent_coef        | 0.0805   |
|    ent_coef_loss   | -0.036   |
|    learning_rate   | 0.000439 |
|    n_updates       | 189344   |
---------------------------------
Eval num_timesteps=200000, episode_reward=199.91 +/- 152.82
Episode length: 276.80 +/- 66.57
---------------------------------
| eval/              |          |
|    mean_ep_length  | 277      |
|    mean_reward     | 200      |
| time/              |          |
|    total_timesteps | 200000   |
| train/             |          |
|    actor_loss      | -51.1    |
|    critic_loss     | 9.49     |
|    ent_coef        | 0.0806   |
|    ent_coef_loss   | -0.136   |
|    learning_rate   | 0.000438 |
|    n_updates       | 189992   |
---------------------------------
---------------------------------
| rollout/           |          |
|    ep_len_mean     | 260      |
|    ep_rew_mean     | 236      |
| time/              |          |
|    episodes        | 664      |
|    fps             | 225      |
|    time_elapsed    | 889      |
|    total_timesteps | 200488   |
| train/             |          |
|    actor_loss      | -51.4    |
|    critic_loss     | 7.97     |
|    ent_coef        | 0.0833   |
|    ent_coef_loss   | -0.0122  |
|    learning_rate   | 0.000437 |
|    n_updates       | 190480   |
---------------------------------
---------------------------------
| rollout/           |          |
|    ep_len_mean     | 267      |
|    ep_rew_mean     | 235      |
| time/              |          |
|    episodes        | 668      |
|    fps             | 225      |
|    time_elapsed    | 892      |
|    total_timesteps | 201104   |
| train/             |          |
|    actor_loss      | -51.5    |
|    critic_loss     | 6.92     |
|    ent_coef        | 0.0823   |
|    ent_coef_loss   | -0.101   |
|    learning_rate   | 0.000436 |
|    n_updates       | 191096   |
---------------------------------
---------------------------------
| rollout/           |          |
|    ep_len_mean     | 267      |
|    ep_rew_mean     | 236      |
| time/              |          |
|    episodes        | 672      |
|    fps             | 225      |
|    time_elapsed    | 896      |
|    total_timesteps | 202232   |
| train/             |          |
|    actor_loss      | -52.4    |
|    critic_loss     | 7.16     |
|    ent_coef        | 0.0831   |
|    ent_coef_loss   | 0.155    |
|    learning_rate   | 0.000435 |
|    n_updates       | 192224   |
---------------------------------
---------------------------------
| rollout/           |          |
|    ep_len_mean     | 268      |
|    ep_rew_mean     | 238      |
| time/              |          |
|    episodes        | 676      |
|    fps             | 225      |
|    time_elapsed    | 900      |
|    total_timesteps | 203192   |
| train/             |          |
|    actor_loss      | -51.6    |
|    critic_loss     | 12.1     |
|    ent_coef        | 0.0828   |
|    ent_coef_loss   | -0.0368  |
|    learning_rate   | 0.000433 |
|    n_updates       | 193184   |
---------------------------------
---------------------------------
| rollout/           |          |
|    ep_len_mean     | 269      |
|    ep_rew_mean     | 236      |
| time/              |          |
|    episodes        | 680      |
|    fps             | 225      |
|    time_elapsed    | 906      |
|    total_timesteps | 204584   |
| train/             |          |
|    actor_loss      | -51.8    |
|    critic_loss     | 10.6     |
|    ent_coef        | 0.0814   |
|    ent_coef_loss   | 0.108    |
|    learning_rate   | 0.000431 |
|    n_updates       | 194576   |
---------------------------------
---------------------------------
| rollout/           |          |
|    ep_len_mean     | 271      |
|    ep_rew_mean     | 234      |
| time/              |          |
|    episodes        | 684      |
|    fps             | 225      |
|    time_elapsed    | 910      |
|    total_timesteps | 205312   |
| train/             |          |
|    actor_loss      | -52.2    |
|    critic_loss     | 9.43     |
|    ent_coef        | 0.0838   |
|    ent_coef_loss   | 0.307    |
|    learning_rate   | 0.00043  |
|    n_updates       | 195304   |
---------------------------------
---------------------------------
| rollout/           |          |
|    ep_len_mean     | 271      |
|    ep_rew_mean     | 231      |
| time/              |          |
|    episodes        | 688      |
|    fps             | 225      |
|    time_elapsed    | 915      |
|    total_timesteps | 206520   |
| train/             |          |
|    actor_loss      | -52.1    |
|    critic_loss     | 6.76     |
|    ent_coef        | 0.0858   |
|    ent_coef_loss   | -0.0294  |
|    learning_rate   | 0.000428 |
|    n_updates       | 196512   |
---------------------------------
---------------------------------
| rollout/           |          |
|    ep_len_mean     | 276      |
|    ep_rew_mean     | 231      |
| time/              |          |
|    episodes        | 692      |
|    fps             | 225      |
|    time_elapsed    | 921      |
|    total_timesteps | 207720   |
| train/             |          |
|    actor_loss      | -51.5    |
|    critic_loss     | 9.29     |
|    ent_coef        | 0.0873   |
|    ent_coef_loss   | 0.224    |
|    learning_rate   | 0.000427 |
|    n_updates       | 197712   |
---------------------------------
---------------------------------
| rollout/           |          |
|    ep_len_mean     | 267      |
|    ep_rew_mean     | 231      |
| time/              |          |
|    episodes        | 696      |
|    fps             | 225      |
|    time_elapsed    | 922      |
|    total_timesteps | 208096   |
| train/             |          |
|    actor_loss      | -51      |
|    critic_loss     | 7.94     |
|    ent_coef        | 0.0884   |
|    ent_coef_loss   | -0.0443  |
|    learning_rate   | 0.000426 |
|    n_updates       | 198088   |
---------------------------------
---------------------------------
| rollout/           |          |
|    ep_len_mean     | 261      |
|    ep_rew_mean     | 231      |
| time/              |          |
|    episodes        | 700      |
|    fps             | 225      |
|    time_elapsed    | 929      |
|    total_timesteps | 209536   |
| train/             |          |
|    actor_loss      | -52.4    |
|    critic_loss     | 8.14     |
|    ent_coef        | 0.0916   |
|    ent_coef_loss   | -0.0652  |
|    learning_rate   | 0.000424 |
|    n_updates       | 199528   |
---------------------------------
Eval num_timesteps=210000, episode_reward=243.66 +/- 14.84
Episode length: 254.30 +/- 83.91
---------------------------------
| eval/              |          |
|    mean_ep_length  | 254      |
|    mean_reward     | 244      |
| time/              |          |
|    total_timesteps | 210000   |
| train/             |          |
|    actor_loss      | -53.1    |
|    critic_loss     | 12.1     |
|    ent_coef        | 0.0882   |
|    ent_coef_loss   | 0.165    |
|    learning_rate   | 0.000423 |
|    n_updates       | 199992   |
---------------------------------
---------------------------------
| rollout/           |          |
|    ep_len_mean     | 262      |
|    ep_rew_mean     | 232      |
| time/              |          |
|    episodes        | 704      |
|    fps             | 225      |
|    time_elapsed    | 933      |
|    total_timesteps | 210136   |
| train/             |          |
|    actor_loss      | -52      |
|    critic_loss     | 9.92     |
|    ent_coef        | 0.0894   |
|    ent_coef_loss   | -0.03    |
|    learning_rate   | 0.000423 |
|    n_updates       | 200128   |
---------------------------------
---------------------------------
| rollout/           |          |
|    ep_len_mean     | 259      |
|    ep_rew_mean     | 232      |
| time/              |          |
|    episodes        | 708      |
|    fps             | 225      |
|    time_elapsed    | 938      |
|    total_timesteps | 211320   |
| train/             |          |
|    actor_loss      | -52.9    |
|    critic_loss     | 8.29     |
|    ent_coef        | 0.0914   |
|    ent_coef_loss   | 0.00635  |
|    learning_rate   | 0.000421 |
|    n_updates       | 201312   |
---------------------------------
---------------------------------
| rollout/           |          |
|    ep_len_mean     | 259      |
|    ep_rew_mean     | 232      |
| time/              |          |
|    episodes        | 712      |
|    fps             | 225      |
|    time_elapsed    | 942      |
|    total_timesteps | 212288   |
| train/             |          |
|    actor_loss      | -52.9    |
|    critic_loss     | 7.98     |
|    ent_coef        | 0.0903   |
|    ent_coef_loss   | -0.171   |
|    learning_rate   | 0.00042  |
|    n_updates       | 202280   |
---------------------------------
---------------------------------
| rollout/           |          |
|    ep_len_mean     | 256      |
|    ep_rew_mean     | 237      |
| time/              |          |
|    episodes        | 716      |
|    fps             | 225      |
|    time_elapsed    | 945      |
|    total_timesteps | 212816   |
| train/             |          |
|    actor_loss      | -53.2    |
|    critic_loss     | 8.05     |
|    ent_coef        | 0.0899   |
|    ent_coef_loss   | 0.139    |
|    learning_rate   | 0.000419 |
|    n_updates       | 202808   |
---------------------------------
---------------------------------
| rollout/           |          |
|    ep_len_mean     | 257      |
|    ep_rew_mean     | 235      |
| time/              |          |
|    episodes        | 720      |
|    fps             | 225      |
|    time_elapsed    | 953      |
|    total_timesteps | 214584   |
| train/             |          |
|    actor_loss      | -52.9    |
|    critic_loss     | 7.48     |
|    ent_coef        | 0.0937   |
|    ent_coef_loss   | -0.117   |
|    learning_rate   | 0.000417 |
|    n_updates       | 204576   |
---------------------------------
---------------------------------
| rollout/           |          |
|    ep_len_mean     | 258      |
|    ep_rew_mean     | 235      |
| time/              |          |
|    episodes        | 724      |
|    fps             | 225      |
|    time_elapsed    | 957      |
|    total_timesteps | 215360   |
| train/             |          |
|    actor_loss      | -53.7    |
|    critic_loss     | 10.5     |
|    ent_coef        | 0.0916   |
|    ent_coef_loss   | -0.0745  |
|    learning_rate   | 0.000416 |
|    n_updates       | 205352   |
---------------------------------
---------------------------------
| rollout/           |          |
|    ep_len_mean     | 247      |
|    ep_rew_mean     | 246      |
| time/              |          |
|    episodes        | 728      |
|    fps             | 225      |
|    time_elapsed    | 960      |
|    total_timesteps | 216176   |
| train/             |          |
|    actor_loss      | -53.6    |
|    critic_loss     | 8.63     |
|    ent_coef        | 0.095    |
|    ent_coef_loss   | -0.0197  |
|    learning_rate   | 0.000414 |
|    n_updates       | 206168   |
---------------------------------
---------------------------------
| rollout/           |          |
|    ep_len_mean     | 247      |
|    ep_rew_mean     | 250      |
| time/              |          |
|    episodes        | 732      |
|    fps             | 224      |
|    time_elapsed    | 966      |
|    total_timesteps | 217376   |
| train/             |          |
|    actor_loss      | -54      |
|    critic_loss     | 10.6     |
|    ent_coef        | 0.0948   |
|    ent_coef_loss   | -0.332   |
|    learning_rate   | 0.000413 |
|    n_updates       | 207368   |
---------------------------------
---------------------------------
| rollout/           |          |
|    ep_len_mean     | 247      |
|    ep_rew_mean     | 250      |
| time/              |          |
|    episodes        | 736      |
|    fps             | 224      |
|    time_elapsed    | 967      |
|    total_timesteps | 217664   |
| train/             |          |
|    actor_loss      | -52.7    |
|    critic_loss     | 8.7      |
|    ent_coef        | 0.0936   |
|    ent_coef_loss   | -0.15    |
|    learning_rate   | 0.000412 |
|    n_updates       | 207656   |
---------------------------------
---------------------------------
| rollout/           |          |
|    ep_len_mean     | 248      |
|    ep_rew_mean     | 250      |
| time/              |          |
|    episodes        | 740      |
|    fps             | 224      |
|    time_elapsed    | 975      |
|    total_timesteps | 219272   |
| train/             |          |
|    actor_loss      | -53.9    |
|    critic_loss     | 8.96     |
|    ent_coef        | 0.0923   |
|    ent_coef_loss   | -0.11    |
|    learning_rate   | 0.00041  |
|    n_updates       | 209264   |
---------------------------------
Eval num_timesteps=220000, episode_reward=255.87 +/- 13.78
Episode length: 240.50 +/- 42.48
---------------------------------
| eval/              |          |
|    mean_ep_length  | 240      |
|    mean_reward     | 256      |
| time/              |          |
|    total_timesteps | 220000   |
| train/             |          |
|    actor_loss      | -53.8    |
|    critic_loss     | 10.3     |
|    ent_coef        | 0.094    |
|    ent_coef_loss   | 0.0191   |
|    learning_rate   | 0.000409 |
|    n_updates       | 209992   |
---------------------------------
---------------------------------
| rollout/           |          |
|    ep_len_mean     | 248      |
|    ep_rew_mean     | 250      |
| time/              |          |
|    episodes        | 744      |
|    fps             | 224      |
|    time_elapsed    | 980      |
|    total_timesteps | 220240   |
| train/             |          |
|    actor_loss      | -52.6    |
|    critic_loss     | 7.89     |
|    ent_coef        | 0.095    |
|    ent_coef_loss   | -0.164   |
|    learning_rate   | 0.000408 |
|    n_updates       | 210232   |
---------------------------------
---------------------------------
| rollout/           |          |
|    ep_len_mean     | 250      |
|    ep_rew_mean     | 253      |
| time/              |          |
|    episodes        | 748      |
|    fps             | 224      |
|    time_elapsed    | 986      |
|    total_timesteps | 221504   |
| train/             |          |
|    actor_loss      | -54      |
|    critic_loss     | 13.5     |
|    ent_coef        | 0.0913   |
|    ent_coef_loss   | -0.1     |
|    learning_rate   | 0.000407 |
|    n_updates       | 211496   |
---------------------------------
---------------------------------
| rollout/           |          |
|    ep_len_mean     | 253      |
|    ep_rew_mean     | 253      |
| time/              |          |
|    episodes        | 752      |
|    fps             | 224      |
|    time_elapsed    | 989      |
|    total_timesteps | 222144   |
| train/             |          |
|    actor_loss      | -52.8    |
|    critic_loss     | 12       |
|    ent_coef        | 0.0933   |
|    ent_coef_loss   | 0.0854   |
|    learning_rate   | 0.000406 |
|    n_updates       | 212136   |
---------------------------------
---------------------------------
| rollout/           |          |
|    ep_len_mean     | 254      |
|    ep_rew_mean     | 253      |
| time/              |          |
|    episodes        | 756      |
|    fps             | 224      |
|    time_elapsed    | 994      |
|    total_timesteps | 223384   |
| train/             |          |
|    actor_loss      | -53.6    |
|    critic_loss     | 7.75     |
|    ent_coef        | 0.093    |
|    ent_coef_loss   | -0.00778 |
|    learning_rate   | 0.000404 |
|    n_updates       | 213376   |
---------------------------------
---------------------------------
| rollout/           |          |
|    ep_len_mean     | 254      |
|    ep_rew_mean     | 254      |
| time/              |          |
|    episodes        | 760      |
|    fps             | 224      |
|    time_elapsed    | 997      |
|    total_timesteps | 224064   |
| train/             |          |
|    actor_loss      | -52.2    |
|    critic_loss     | 15.4     |
|    ent_coef        | 0.0905   |
|    ent_coef_loss   | -0.00253 |
|    learning_rate   | 0.000403 |
|    n_updates       | 214056   |
---------------------------------
---------------------------------
| rollout/           |          |
|    ep_len_mean     | 256      |
|    ep_rew_mean     | 256      |
| time/              |          |
|    episodes        | 764      |
|    fps             | 224      |
|    time_elapsed    | 1003     |
|    total_timesteps | 225344   |
| train/             |          |
|    actor_loss      | -52      |
|    critic_loss     | 6.94     |
|    ent_coef        | 0.0898   |
|    ent_coef_loss   | -0.0716  |
|    learning_rate   | 0.000401 |
|    n_updates       | 215336   |
---------------------------------
---------------------------------
| rollout/           |          |
|    ep_len_mean     | 250      |
|    ep_rew_mean     | 257      |
| time/              |          |
|    episodes        | 768      |
|    fps             | 224      |
|    time_elapsed    | 1006     |
|    total_timesteps | 225912   |
| train/             |          |
|    actor_loss      | -52.7    |
|    critic_loss     | 9.38     |
|    ent_coef        | 0.0895   |
|    ent_coef_loss   | 0.142    |
|    learning_rate   | 0.0004   |
|    n_updates       | 215904   |
---------------------------------
---------------------------------
| rollout/           |          |
|    ep_len_mean     | 250      |
|    ep_rew_mean     | 256      |
| time/              |          |
|    episodes        | 772      |
|    fps             | 224      |
|    time_elapsed    | 1012     |
|    total_timesteps | 227168   |
| train/             |          |
|    actor_loss      | -54.2    |
|    critic_loss     | 8.94     |
|    ent_coef        | 0.0904   |
|    ent_coef_loss   | -0.0104  |
|    learning_rate   | 0.000398 |
|    n_updates       | 217160   |
---------------------------------
---------------------------------
| rollout/           |          |
|    ep_len_mean     | 252      |
|    ep_rew_mean     | 257      |
| time/              |          |
|    episodes        | 776      |
|    fps             | 224      |
|    time_elapsed    | 1017     |
|    total_timesteps | 228296   |
| train/             |          |
|    actor_loss      | -52.9    |
|    critic_loss     | 15.6     |
|    ent_coef        | 0.0906   |
|    ent_coef_loss   | 0.054    |
|    learning_rate   | 0.000397 |
|    n_updates       | 218288   |
---------------------------------
---------------------------------
| rollout/           |          |
|    ep_len_mean     | 249      |
|    ep_rew_mean     | 258      |
| time/              |          |
|    episodes        | 780      |
|    fps             | 224      |
|    time_elapsed    | 1018     |
|    total_timesteps | 228608   |
| train/             |          |
|    actor_loss      | -53.9    |
|    critic_loss     | 9.72     |
|    ent_coef        | 0.09     |
|    ent_coef_loss   | 0.21     |
|    learning_rate   | 0.000396 |
|    n_updates       | 218600   |
---------------------------------
Eval num_timesteps=230000, episode_reward=221.61 +/- 150.11
Episode length: 239.90 +/- 34.72
---------------------------------
| eval/              |          |
|    mean_ep_length  | 240      |
|    mean_reward     | 222      |
| time/              |          |
|    total_timesteps | 230000   |
| train/             |          |
|    actor_loss      | -53.7    |
|    critic_loss     | 8.66     |
|    ent_coef        | 0.0916   |
|    ent_coef_loss   | 0.212    |
|    learning_rate   | 0.000394 |
|    n_updates       | 219992   |
---------------------------------
---------------------------------
| rollout/           |          |
|    ep_len_mean     | 249      |
|    ep_rew_mean     | 261      |
| time/              |          |
|    episodes        | 784      |
|    fps             | 224      |
|    time_elapsed    | 1026     |
|    total_timesteps | 230176   |
| train/             |          |
|    actor_loss      | -54.1    |
|    critic_loss     | 11       |
|    ent_coef        | 0.0926   |
|    ent_coef_loss   | -0.192   |
|    learning_rate   | 0.000394 |
|    n_updates       | 220168   |
---------------------------------
---------------------------------
| rollout/           |          |
|    ep_len_mean     | 247      |
|    ep_rew_mean     | 264      |
| time/              |          |
|    episodes        | 788      |
|    fps             | 224      |
|    time_elapsed    | 1027     |
|    total_timesteps | 230376   |
| train/             |          |
|    actor_loss      | -55.1    |
|    critic_loss     | 6.25     |
|    ent_coef        | 0.0921   |
|    ent_coef_loss   | 0.0714   |
|    learning_rate   | 0.000394 |
|    n_updates       | 220368   |
---------------------------------
---------------------------------
| rollout/           |          |
|    ep_len_mean     | 242      |
|    ep_rew_mean     | 264      |
| time/              |          |
|    episodes        | 792      |
|    fps             | 224      |
|    time_elapsed    | 1033     |
|    total_timesteps | 231616   |
| train/             |          |
|    actor_loss      | -56.1    |
|    critic_loss     | 8.61     |
|    ent_coef        | 0.0908   |
|    ent_coef_loss   | 0.137    |
|    learning_rate   | 0.000392 |
|    n_updates       | 221608   |
---------------------------------
---------------------------------
| rollout/           |          |
|    ep_len_mean     | 242      |
|    ep_rew_mean     | 264      |
| time/              |          |
|    episodes        | 796      |
|    fps             | 224      |
|    time_elapsed    | 1036     |
|    total_timesteps | 232272   |
| train/             |          |
|    actor_loss      | -55.2    |
|    critic_loss     | 15.9     |
|    ent_coef        | 0.0907   |
|    ent_coef_loss   | -0.0791  |
|    learning_rate   | 0.000391 |
|    n_updates       | 222264   |
---------------------------------
---------------------------------
| rollout/           |          |
|    ep_len_mean     | 241      |
|    ep_rew_mean     | 264      |
| time/              |          |
|    episodes        | 800      |
|    fps             | 224      |
|    time_elapsed    | 1042     |
|    total_timesteps | 233688   |
| train/             |          |
|    actor_loss      | -54.8    |
|    critic_loss     | 6.78     |
|    ent_coef        | 0.0863   |
|    ent_coef_loss   | -0.0725  |
|    learning_rate   | 0.000389 |
|    n_updates       | 223680   |
---------------------------------
---------------------------------
| rollout/           |          |
|    ep_len_mean     | 242      |
|    ep_rew_mean     | 264      |
| time/              |          |
|    episodes        | 804      |
|    fps             | 224      |
|    time_elapsed    | 1046     |
|    total_timesteps | 234392   |
| train/             |          |
|    actor_loss      | -54.9    |
|    critic_loss     | 7.97     |
|    ent_coef        | 0.0855   |
|    ent_coef_loss   | -0.196   |
|    learning_rate   | 0.000388 |
|    n_updates       | 224384   |
---------------------------------
---------------------------------
| rollout/           |          |
|    ep_len_mean     | 239      |
|    ep_rew_mean     | 264      |
| time/              |          |
|    episodes        | 808      |
|    fps             | 224      |
|    time_elapsed    | 1049     |
|    total_timesteps | 235104   |
| train/             |          |
|    actor_loss      | -53.6    |
|    critic_loss     | 14.4     |
|    ent_coef        | 0.0879   |
|    ent_coef_loss   | 0.0723   |
|    learning_rate   | 0.000387 |
|    n_updates       | 225096   |
---------------------------------
---------------------------------
| rollout/           |          |
|    ep_len_mean     | 240      |
|    ep_rew_mean     | 264      |
| time/              |          |
|    episodes        | 812      |
|    fps             | 223      |
|    time_elapsed    | 1055     |
|    total_timesteps | 236376   |
| train/             |          |
|    actor_loss      | -55.9    |
|    critic_loss     | 8.85     |
|    ent_coef        | 0.0881   |
|    ent_coef_loss   | 0.122    |
|    learning_rate   | 0.000385 |
|    n_updates       | 226368   |
---------------------------------
---------------------------------
| rollout/           |          |
|    ep_len_mean     | 239      |
|    ep_rew_mean     | 261      |
| time/              |          |
|    episodes        | 816      |
|    fps             | 223      |
|    time_elapsed    | 1057     |
|    total_timesteps | 236776   |
| train/             |          |
|    actor_loss      | -54.4    |
|    critic_loss     | 10.8     |
|    ent_coef        | 0.0848   |
|    ent_coef_loss   | 0.00801  |
|    learning_rate   | 0.000384 |
|    n_updates       | 226768   |
---------------------------------
---------------------------------
| rollout/           |          |
|    ep_len_mean     | 240      |
|    ep_rew_mean     | 261      |
| time/              |          |
|    episodes        | 820      |
|    fps             | 223      |
|    time_elapsed    | 1062     |
|    total_timesteps | 238024   |
| train/             |          |
|    actor_loss      | -55      |
|    critic_loss     | 10.5     |
|    ent_coef        | 0.0863   |
|    ent_coef_loss   | -0.181   |
|    learning_rate   | 0.000382 |
|    n_updates       | 228016   |
---------------------------------
---------------------------------
| rollout/           |          |
|    ep_len_mean     | 238      |
|    ep_rew_mean     | 261      |
| time/              |          |
|    episodes        | 824      |
|    fps             | 223      |
|    time_elapsed    | 1068     |
|    total_timesteps | 239376   |
| train/             |          |
|    actor_loss      | -55.8    |
|    critic_loss     | 9.9      |
|    ent_coef        | 0.0822   |
|    ent_coef_loss   | 0.181    |
|    learning_rate   | 0.000381 |
|    n_updates       | 229368   |
---------------------------------
Eval num_timesteps=240000, episode_reward=269.62 +/- 17.35
Episode length: 224.80 +/- 40.35
---------------------------------
| eval/              |          |
|    mean_ep_length  | 225      |
|    mean_reward     | 270      |
| time/              |          |
|    total_timesteps | 240000   |
| train/             |          |
|    actor_loss      | -56.2    |
|    critic_loss     | 18       |
|    ent_coef        | 0.0816   |
|    ent_coef_loss   | 0.0572   |
|    learning_rate   | 0.00038  |
|    n_updates       | 229992   |
---------------------------------
---------------------------------
| rollout/           |          |
|    ep_len_mean     | 239      |
|    ep_rew_mean     | 261      |
| time/              |          |
|    episodes        | 828      |
|    fps             | 223      |
|    time_elapsed    | 1074     |
|    total_timesteps | 240416   |
| train/             |          |
|    actor_loss      | -55.1    |
|    critic_loss     | 8.53     |
|    ent_coef        | 0.0828   |
|    ent_coef_loss   | 0.275    |
|    learning_rate   | 0.000379 |
|    n_updates       | 230408   |
---------------------------------
---------------------------------
| rollout/           |          |
|    ep_len_mean     | 239      |
|    ep_rew_mean     | 260      |
| time/              |          |
|    episodes        | 832      |
|    fps             | 223      |
|    time_elapsed    | 1078     |
|    total_timesteps | 241392   |
| train/             |          |
|    actor_loss      | -55.5    |
|    critic_loss     | 12.9     |
|    ent_coef        | 0.0865   |
|    ent_coef_loss   | 0.0884   |
|    learning_rate   | 0.000378 |
|    n_updates       | 231384   |
---------------------------------
---------------------------------
| rollout/           |          |
|    ep_len_mean     | 245      |
|    ep_rew_mean     | 261      |
| time/              |          |
|    episodes        | 836      |
|    fps             | 223      |
|    time_elapsed    | 1084     |
|    total_timesteps | 242680   |
| train/             |          |
|    actor_loss      | -56.1    |
|    critic_loss     | 8.5      |
|    ent_coef        | 0.0844   |
|    ent_coef_loss   | -0.204   |
|    learning_rate   | 0.000376 |
|    n_updates       | 232672   |
---------------------------------
---------------------------------
| rollout/           |          |
|    ep_len_mean     | 246      |
|    ep_rew_mean     | 261      |
| time/              |          |
|    episodes        | 840      |
|    fps             | 223      |
|    time_elapsed    | 1089     |
|    total_timesteps | 243896   |
| train/             |          |
|    actor_loss      | -55.1    |
|    critic_loss     | 7.55     |
|    ent_coef        | 0.0835   |
|    ent_coef_loss   | -0.371   |
|    learning_rate   | 0.000374 |
|    n_updates       | 233888   |
---------------------------------
---------------------------------
| rollout/           |          |
|    ep_len_mean     | 248      |
|    ep_rew_mean     | 261      |
| time/              |          |
|    episodes        | 844      |
|    fps             | 223      |
|    time_elapsed    | 1092     |
|    total_timesteps | 244464   |
| train/             |          |
|    actor_loss      | -56.5    |
|    critic_loss     | 5.69     |
|    ent_coef        | 0.0824   |
|    ent_coef_loss   | 0.176    |
|    learning_rate   | 0.000373 |
|    n_updates       | 234456   |
---------------------------------
---------------------------------
| rollout/           |          |
|    ep_len_mean     | 243      |
|    ep_rew_mean     | 262      |
| time/              |          |
|    episodes        | 848      |
|    fps             | 223      |
|    time_elapsed    | 1097     |
|    total_timesteps | 245792   |
| train/             |          |
|    actor_loss      | -56.4    |
|    critic_loss     | 6.28     |
|    ent_coef        | 0.0824   |
|    ent_coef_loss   | 0.0835   |
|    learning_rate   | 0.000371 |
|    n_updates       | 235784   |
---------------------------------
---------------------------------
| rollout/           |          |
|    ep_len_mean     | 242      |
|    ep_rew_mean     | 262      |
| time/              |          |
|    episodes        | 852      |
|    fps             | 223      |
|    time_elapsed    | 1102     |
|    total_timesteps | 246880   |
| train/             |          |
|    actor_loss      | -55.7    |
|    critic_loss     | 8.81     |
|    ent_coef        | 0.0835   |
|    ent_coef_loss   | 0.0469   |
|    learning_rate   | 0.00037  |
|    n_updates       | 236872   |
---------------------------------
---------------------------------
| rollout/           |          |
|    ep_len_mean     | 240      |
|    ep_rew_mean     | 261      |
| time/              |          |
|    episodes        | 856      |
|    fps             | 223      |
|    time_elapsed    | 1106     |
|    total_timesteps | 247800   |
| train/             |          |
|    actor_loss      | -56.9    |
|    critic_loss     | 8.21     |
|    ent_coef        | 0.0824   |
|    ent_coef_loss   | 0.13     |
|    learning_rate   | 0.000368 |
|    n_updates       | 237792   |
---------------------------------
---------------------------------
| rollout/           |          |
|    ep_len_mean     | 242      |
|    ep_rew_mean     | 260      |
| time/              |          |
|    episodes        | 860      |
|    fps             | 223      |
|    time_elapsed    | 1109     |
|    total_timesteps | 248456   |
| train/             |          |
|    actor_loss      | -57.5    |
|    critic_loss     | 5.64     |
|    ent_coef        | 0.0836   |
|    ent_coef_loss   | -0.0518  |
|    learning_rate   | 0.000367 |
|    n_updates       | 238448   |
---------------------------------
---------------------------------
| rollout/           |          |
|    ep_len_mean     | 242      |
|    ep_rew_mean     | 261      |
| time/              |          |
|    episodes        | 864      |
|    fps             | 223      |
|    time_elapsed    | 1114     |
|    total_timesteps | 249456   |
| train/             |          |
|    actor_loss      | -58.1    |
|    critic_loss     | 9.01     |
|    ent_coef        | 0.0812   |
|    ent_coef_loss   | 0.0116   |
|    learning_rate   | 0.000366 |
|    n_updates       | 239448   |
---------------------------------
Eval num_timesteps=250000, episode_reward=269.65 +/- 17.30
Episode length: 241.10 +/- 33.86
---------------------------------
| eval/              |          |
|    mean_ep_length  | 241      |
|    mean_reward     | 270      |
| time/              |          |
|    total_timesteps | 250000   |
| train/             |          |
|    actor_loss      | -58.2    |
|    critic_loss     | 7.01     |
|    ent_coef        | 0.083    |
|    ent_coef_loss   | -0.0305  |
|    learning_rate   | 0.000365 |
|    n_updates       | 239992   |
---------------------------------
---------------------------------
| rollout/           |          |
|    ep_len_mean     | 242      |
|    ep_rew_mean     | 260      |
| time/              |          |
|    episodes        | 868      |
|    fps             | 223      |
|    time_elapsed    | 1120     |
|    total_timesteps | 250544   |
| train/             |          |
|    actor_loss      | -58      |
|    critic_loss     | 10.1     |
|    ent_coef        | 0.0829   |
|    ent_coef_loss   | -0.144   |
|    learning_rate   | 0.000364 |
|    n_updates       | 240536   |
---------------------------------
---------------------------------
| rollout/           |          |
|    ep_len_mean     | 243      |
|    ep_rew_mean     | 257      |
| time/              |          |
|    episodes        | 872      |
|    fps             | 223      |
|    time_elapsed    | 1122     |
|    total_timesteps | 251096   |
| train/             |          |
|    actor_loss      | -56.9    |
|    critic_loss     | 8.85     |
|    ent_coef        | 0.0825   |
|    ent_coef_loss   | -0.04    |
|    learning_rate   | 0.000363 |
|    n_updates       | 241088   |
---------------------------------
---------------------------------
| rollout/           |          |
|    ep_len_mean     | 241      |
|    ep_rew_mean     | 258      |
| time/              |          |
|    episodes        | 876      |
|    fps             | 223      |
|    time_elapsed    | 1127     |
|    total_timesteps | 252072   |
| train/             |          |
|    actor_loss      | -56.7    |
|    critic_loss     | 7.65     |
|    ent_coef        | 0.0824   |
|    ent_coef_loss   | -0.0196  |
|    learning_rate   | 0.000362 |
|    n_updates       | 242064   |
---------------------------------
---------------------------------
| rollout/           |          |
|    ep_len_mean     | 242      |
|    ep_rew_mean     | 258      |
| time/              |          |
|    episodes        | 880      |
|    fps             | 223      |
|    time_elapsed    | 1131     |
|    total_timesteps | 252936   |
| train/             |          |
|    actor_loss      | -57.1    |
|    critic_loss     | 10.9     |
|    ent_coef        | 0.0802   |
|    ent_coef_loss   | 0.0623   |
|    learning_rate   | 0.000361 |
|    n_updates       | 242928   |
---------------------------------
---------------------------------
| rollout/           |          |
|    ep_len_mean     | 241      |
|    ep_rew_mean     | 258      |
| time/              |          |
|    episodes        | 884      |
|    fps             | 223      |
|    time_elapsed    | 1135     |
|    total_timesteps | 253904   |
| train/             |          |
|    actor_loss      | -56.3    |
|    critic_loss     | 6.71     |
|    ent_coef        | 0.0845   |
|    ent_coef_loss   | 0.0153   |
|    learning_rate   | 0.000359 |
|    n_updates       | 243896   |
---------------------------------
---------------------------------
| rollout/           |          |
|    ep_len_mean     | 241      |
|    ep_rew_mean     | 259      |
| time/              |          |
|    episodes        | 888      |
|    fps             | 223      |
|    time_elapsed    | 1141     |
|    total_timesteps | 255160   |
| train/             |          |
|    actor_loss      | -57.9    |
|    critic_loss     | 8.18     |
|    ent_coef        | 0.0797   |
|    ent_coef_loss   | 0.0435   |
|    learning_rate   | 0.000357 |
|    n_updates       | 245152   |
---------------------------------
---------------------------------
| rollout/           |          |
|    ep_len_mean     | 244      |
|    ep_rew_mean     | 260      |
| time/              |          |
|    episodes        | 892      |
|    fps             | 223      |
|    time_elapsed    | 1146     |
|    total_timesteps | 256224   |
| train/             |          |
|    actor_loss      | -56.7    |
|    critic_loss     | 10.3     |
|    ent_coef        | 0.0822   |
|    ent_coef_loss   | 0.0988   |
|    learning_rate   | 0.000356 |
|    n_updates       | 246216   |
---------------------------------
---------------------------------
| rollout/           |          |
|    ep_len_mean     | 247      |
|    ep_rew_mean     | 259      |
| time/              |          |
|    episodes        | 896      |
|    fps             | 223      |
|    time_elapsed    | 1150     |
|    total_timesteps | 257080   |
| train/             |          |
|    actor_loss      | -58.5    |
|    critic_loss     | 9.2      |
|    ent_coef        | 0.0819   |
|    ent_coef_loss   | 0.012    |
|    learning_rate   | 0.000355 |
|    n_updates       | 247072   |
---------------------------------
---------------------------------
| rollout/           |          |
|    ep_len_mean     | 247      |
|    ep_rew_mean     | 260      |
| time/              |          |
|    episodes        | 900      |
|    fps             | 223      |
|    time_elapsed    | 1155     |
|    total_timesteps | 258280   |
| train/             |          |
|    actor_loss      | -57.1    |
|    critic_loss     | 5.54     |
|    ent_coef        | 0.083    |
|    ent_coef_loss   | -0.00286 |
|    learning_rate   | 0.000353 |
|    n_updates       | 248272   |
---------------------------------
---------------------------------
| rollout/           |          |
|    ep_len_mean     | 246      |
|    ep_rew_mean     | 260      |
| time/              |          |
|    episodes        | 904      |
|    fps             | 223      |
|    time_elapsed    | 1159     |
|    total_timesteps | 259136   |
| train/             |          |
|    actor_loss      | -57.7    |
|    critic_loss     | 9.32     |
|    ent_coef        | 0.0822   |
|    ent_coef_loss   | 0.158    |
|    learning_rate   | 0.000352 |
|    n_updates       | 249128   |
---------------------------------
Eval num_timesteps=260000, episode_reward=284.74 +/- 13.35
Episode length: 214.20 +/- 35.87
---------------------------------
| eval/              |          |
|    mean_ep_length  | 214      |
|    mean_reward     | 285      |
| time/              |          |
|    total_timesteps | 260000   |
| train/             |          |
|    actor_loss      | -58.2    |
|    critic_loss     | 9.17     |
|    ent_coef        | 0.0823   |
|    ent_coef_loss   | 0.192    |
|    learning_rate   | 0.00035  |
|    n_updates       | 249992   |
---------------------------------
New best mean reward!
---------------------------------
| rollout/           |          |
|    ep_len_mean     | 248      |
|    ep_rew_mean     | 261      |
| time/              |          |
|    episodes        | 908      |
|    fps             | 223      |
|    time_elapsed    | 1165     |
|    total_timesteps | 260224   |
| train/             |          |
|    actor_loss      | -58.7    |
|    critic_loss     | 8.47     |
|    ent_coef        | 0.0815   |
|    ent_coef_loss   | 0.15     |
|    learning_rate   | 0.00035  |
|    n_updates       | 250216   |
---------------------------------
---------------------------------
| rollout/           |          |
|    ep_len_mean     | 247      |
|    ep_rew_mean     | 261      |
| time/              |          |
|    episodes        | 912      |
|    fps             | 223      |
|    time_elapsed    | 1167     |
|    total_timesteps | 260592   |
| train/             |          |
|    actor_loss      | -57.6    |
|    critic_loss     | 9.18     |
|    ent_coef        | 0.0825   |
|    ent_coef_loss   | -0.225   |
|    learning_rate   | 0.00035  |
|    n_updates       | 250584   |
---------------------------------
---------------------------------
| rollout/           |          |
|    ep_len_mean     | 246      |
|    ep_rew_mean     | 265      |
| time/              |          |
|    episodes        | 916      |
|    fps             | 223      |
|    time_elapsed    | 1173     |
|    total_timesteps | 261880   |
| train/             |          |
|    actor_loss      | -57.8    |
|    critic_loss     | 11.8     |
|    ent_coef        | 0.0844   |
|    ent_coef_loss   | -0.15    |
|    learning_rate   | 0.000348 |
|    n_updates       | 251872   |
---------------------------------
---------------------------------
| rollout/           |          |
|    ep_len_mean     | 248      |
|    ep_rew_mean     | 265      |
| time/              |          |
|    episodes        | 920      |
|    fps             | 223      |
|    time_elapsed    | 1177     |
|    total_timesteps | 262904   |
| train/             |          |
|    actor_loss      | -57.4    |
|    critic_loss     | 11.8     |
|    ent_coef        | 0.0829   |
|    ent_coef_loss   | -0.191   |
|    learning_rate   | 0.000346 |
|    n_updates       | 252896   |
---------------------------------
---------------------------------
| rollout/           |          |
|    ep_len_mean     | 248      |
|    ep_rew_mean     | 265      |
| time/              |          |
|    episodes        | 924      |
|    fps             | 223      |
|    time_elapsed    | 1180     |
|    total_timesteps | 263528   |
| train/             |          |
|    actor_loss      | -57.4    |
|    critic_loss     | 6.73     |
|    ent_coef        | 0.0806   |
|    ent_coef_loss   | -0.00551 |
|    learning_rate   | 0.000345 |
|    n_updates       | 253520   |
---------------------------------
---------------------------------
| rollout/           |          |
|    ep_len_mean     | 244      |
|    ep_rew_mean     | 266      |
| time/              |          |
|    episodes        | 928      |
|    fps             | 223      |
|    time_elapsed    | 1184     |
|    total_timesteps | 264360   |
| train/             |          |
|    actor_loss      | -57.4    |
|    critic_loss     | 9.51     |
|    ent_coef        | 0.0803   |
|    ent_coef_loss   | 0.00749  |
|    learning_rate   | 0.000344 |
|    n_updates       | 254352   |
---------------------------------
---------------------------------
| rollout/           |          |
|    ep_len_mean     | 241      |
|    ep_rew_mean     | 266      |
| time/              |          |
|    episodes        | 932      |
|    fps             | 223      |
|    time_elapsed    | 1189     |
|    total_timesteps | 265576   |
| train/             |          |
|    actor_loss      | -58.1    |
|    critic_loss     | 16.2     |
|    ent_coef        | 0.0798   |
|    ent_coef_loss   | 0.00989  |
|    learning_rate   | 0.000342 |
|    n_updates       | 255568   |
---------------------------------
---------------------------------
| rollout/           |          |
|    ep_len_mean     | 235      |
|    ep_rew_mean     | 266      |
| time/              |          |
|    episodes        | 936      |
|    fps             | 223      |
|    time_elapsed    | 1190     |
|    total_timesteps | 265936   |
| train/             |          |
|    actor_loss      | -58.7    |
|    critic_loss     | 13.1     |
|    ent_coef        | 0.0791   |
|    ent_coef_loss   | -0.202   |
|    learning_rate   | 0.000342 |
|    n_updates       | 255928   |
---------------------------------
---------------------------------
| rollout/           |          |
|    ep_len_mean     | 234      |
|    ep_rew_mean     | 266      |
| time/              |          |
|    episodes        | 940      |
|    fps             | 223      |
|    time_elapsed    | 1195     |
|    total_timesteps | 267032   |
| train/             |          |
|    actor_loss      | -57.8    |
|    critic_loss     | 14.3     |
|    ent_coef        | 0.0776   |
|    ent_coef_loss   | 0.015    |
|    learning_rate   | 0.00034  |
|    n_updates       | 257024   |
---------------------------------
---------------------------------
| rollout/           |          |
|    ep_len_mean     | 233      |
|    ep_rew_mean     | 265      |
| time/              |          |
|    episodes        | 944      |
|    fps             | 223      |
|    time_elapsed    | 1198     |
|    total_timesteps | 267592   |
| train/             |          |
|    actor_loss      | -59.2    |
|    critic_loss     | 7.91     |
|    ent_coef        | 0.079    |
|    ent_coef_loss   | -0.00392 |
|    learning_rate   | 0.000339 |
|    n_updates       | 257584   |
---------------------------------
---------------------------------
| rollout/           |          |
|    ep_len_mean     | 234      |
|    ep_rew_mean     | 266      |
| time/              |          |
|    episodes        | 948      |
|    fps             | 223      |
|    time_elapsed    | 1205     |
|    total_timesteps | 269080   |
| train/             |          |
|    actor_loss      | -59      |
|    critic_loss     | 9.72     |
|    ent_coef        | 0.076    |
|    ent_coef_loss   | 0.143    |
|    learning_rate   | 0.000337 |
|    n_updates       | 259072   |
---------------------------------
---------------------------------
| rollout/           |          |
|    ep_len_mean     | 233      |
|    ep_rew_mean     | 266      |
| time/              |          |
|    episodes        | 952      |
|    fps             | 223      |
|    time_elapsed    | 1206     |
|    total_timesteps | 269496   |
| train/             |          |
|    actor_loss      | -59.3    |
|    critic_loss     | 5.57     |
|    ent_coef        | 0.0771   |
|    ent_coef_loss   | -0.14    |
|    learning_rate   | 0.000337 |
|    n_updates       | 259488   |
---------------------------------
Eval num_timesteps=270000, episode_reward=275.11 +/- 16.42
Episode length: 239.80 +/- 93.73
---------------------------------
| eval/              |          |
|    mean_ep_length  | 240      |
|    mean_reward     | 275      |
| time/              |          |
|    total_timesteps | 270000   |
| train/             |          |
|    actor_loss      | -59.3    |
|    critic_loss     | 10.8     |
|    ent_coef        | 0.0788   |
|    ent_coef_loss   | 0.168    |
|    learning_rate   | 0.000336 |
|    n_updates       | 259992   |
---------------------------------
---------------------------------
| rollout/           |          |
|    ep_len_mean     | 234      |
|    ep_rew_mean     | 267      |
| time/              |          |
|    episodes        | 956      |
|    fps             | 223      |
|    time_elapsed    | 1213     |
|    total_timesteps | 270736   |
| train/             |          |
|    actor_loss      | -59.8    |
|    critic_loss     | 9.02     |
|    ent_coef        | 0.0773   |
|    ent_coef_loss   | 0.103    |
|    learning_rate   | 0.000335 |
|    n_updates       | 260728   |
---------------------------------
---------------------------------
| rollout/           |          |
|    ep_len_mean     | 232      |
|    ep_rew_mean     | 267      |
| time/              |          |
|    episodes        | 960      |
|    fps             | 223      |
|    time_elapsed    | 1216     |
|    total_timesteps | 271440   |
| train/             |          |
|    actor_loss      | -59.1    |
|    critic_loss     | 5.43     |
|    ent_coef        | 0.078    |
|    ent_coef_loss   | -0.0917  |
|    learning_rate   | 0.000334 |
|    n_updates       | 261432   |
---------------------------------
---------------------------------
| rollout/           |          |
|    ep_len_mean     | 230      |
|    ep_rew_mean     | 267      |
| time/              |          |
|    episodes        | 964      |
|    fps             | 223      |
|    time_elapsed    | 1222     |
|    total_timesteps | 272792   |
| train/             |          |
|    actor_loss      | -59.6    |
|    critic_loss     | 13.8     |
|    ent_coef        | 0.0757   |
|    ent_coef_loss   | -0.132   |
|    learning_rate   | 0.000332 |
|    n_updates       | 262784   |
---------------------------------
---------------------------------
| rollout/           |          |
|    ep_len_mean     | 231      |
|    ep_rew_mean     | 266      |
| time/              |          |
|    episodes        | 968      |
|    fps             | 223      |
|    time_elapsed    | 1226     |
|    total_timesteps | 273680   |
| train/             |          |
|    actor_loss      | -59.6    |
|    critic_loss     | 7.09     |
|    ent_coef        | 0.0749   |
|    ent_coef_loss   | -0.0691  |
|    learning_rate   | 0.00033  |
|    n_updates       | 263672   |
---------------------------------
---------------------------------
| rollout/           |          |
|    ep_len_mean     | 232      |
|    ep_rew_mean     | 271      |
| time/              |          |
|    episodes        | 972      |
|    fps             | 223      |
|    time_elapsed    | 1231     |
|    total_timesteps | 274672   |
| train/             |          |
|    actor_loss      | -60.2    |
|    critic_loss     | 7.59     |
|    ent_coef        | 0.0755   |
|    ent_coef_loss   | 0.0134   |
|    learning_rate   | 0.000329 |
|    n_updates       | 264664   |
---------------------------------
---------------------------------
| rollout/           |          |
|    ep_len_mean     | 232      |
|    ep_rew_mean     | 271      |
| time/              |          |
|    episodes        | 976      |
|    fps             | 223      |
|    time_elapsed    | 1234     |
|    total_timesteps | 275408   |
| train/             |          |
|    actor_loss      | -59.8    |
|    critic_loss     | 16.4     |
|    ent_coef        | 0.0766   |
|    ent_coef_loss   | -0.0875  |
|    learning_rate   | 0.000328 |
|    n_updates       | 265400   |
---------------------------------
---------------------------------
| rollout/           |          |
|    ep_len_mean     | 232      |
|    ep_rew_mean     | 271      |
| time/              |          |
|    episodes        | 980      |
|    fps             | 223      |
|    time_elapsed    | 1239     |
|    total_timesteps | 276472   |
| train/             |          |
|    actor_loss      | -60      |
|    critic_loss     | 11.3     |
|    ent_coef        | 0.075    |
|    ent_coef_loss   | 0.0303   |
|    learning_rate   | 0.000326 |
|    n_updates       | 266464   |
---------------------------------
---------------------------------
| rollout/           |          |
|    ep_len_mean     | 232      |
|    ep_rew_mean     | 271      |
| time/              |          |
|    episodes        | 984      |
|    fps             | 223      |
|    time_elapsed    | 1242     |
|    total_timesteps | 277168   |
| train/             |          |
|    actor_loss      | -60.3    |
|    critic_loss     | 11.5     |
|    ent_coef        | 0.0764   |
|    ent_coef_loss   | -0.117   |
|    learning_rate   | 0.000325 |
|    n_updates       | 267160   |
---------------------------------
---------------------------------
| rollout/           |          |
|    ep_len_mean     | 232      |
|    ep_rew_mean     | 270      |
| time/              |          |
|    episodes        | 988      |
|    fps             | 222      |
|    time_elapsed    | 1247     |
|    total_timesteps | 278096   |
| train/             |          |
|    actor_loss      | -59.7    |
|    critic_loss     | 6.93     |
|    ent_coef        | 0.0742   |
|    ent_coef_loss   | -0.0105  |
|    learning_rate   | 0.000324 |
|    n_updates       | 268088   |
---------------------------------
---------------------------------
| rollout/           |          |
|    ep_len_mean     | 229      |
|    ep_rew_mean     | 271      |
| time/              |          |
|    episodes        | 992      |
|    fps             | 222      |
|    time_elapsed    | 1251     |
|    total_timesteps | 279016   |
| train/             |          |
|    actor_loss      | -60      |
|    critic_loss     | 14.1     |
|    ent_coef        | 0.0747   |
|    ent_coef_loss   | -0.153   |
|    learning_rate   | 0.000323 |
|    n_updates       | 269008   |
---------------------------------
---------------------------------
| rollout/           |          |
|    ep_len_mean     | 227      |
|    ep_rew_mean     | 272      |
| time/              |          |
|    episodes        | 996      |
|    fps             | 222      |
|    time_elapsed    | 1254     |
|    total_timesteps | 279728   |
| train/             |          |
|    actor_loss      | -61.6    |
|    critic_loss     | 8.84     |
|    ent_coef        | 0.0748   |
|    ent_coef_loss   | 0.0926   |
|    learning_rate   | 0.000322 |
|    n_updates       | 269720   |
---------------------------------
Eval num_timesteps=280000, episode_reward=252.71 +/- 77.33
Episode length: 203.80 +/- 18.39
---------------------------------
| eval/              |          |
|    mean_ep_length  | 204      |
|    mean_reward     | 253      |
| time/              |          |
|    total_timesteps | 280000   |
| train/             |          |
|    actor_loss      | -62      |
|    critic_loss     | 7.3      |
|    ent_coef        | 0.0757   |
|    ent_coef_loss   | 0.015    |
|    learning_rate   | 0.000321 |
|    n_updates       | 269992   |
---------------------------------
---------------------------------
| rollout/           |          |
|    ep_len_mean     | 227      |
|    ep_rew_mean     | 272      |
| time/              |          |
|    episodes        | 1000     |
|    fps             | 222      |
|    time_elapsed    | 1258     |
|    total_timesteps | 280544   |
| train/             |          |
|    actor_loss      | -60.8    |
|    critic_loss     | 7.17     |
|    ent_coef        | 0.0746   |
|    ent_coef_loss   | -0.0379  |
|    learning_rate   | 0.00032  |
|    n_updates       | 270536   |
---------------------------------
---------------------------------
| rollout/           |          |
|    ep_len_mean     | 225      |
|    ep_rew_mean     | 272      |
| time/              |          |
|    episodes        | 1004     |
|    fps             | 222      |
|    time_elapsed    | 1261     |
|    total_timesteps | 281136   |
| train/             |          |
|    actor_loss      | -61.1    |
|    critic_loss     | 9.63     |
|    ent_coef        | 0.0739   |
|    ent_coef_loss   | -0.00274 |
|    learning_rate   | 0.00032  |
|    n_updates       | 271128   |
---------------------------------
---------------------------------
| rollout/           |          |
|    ep_len_mean     | 223      |
|    ep_rew_mean     | 271      |
| time/              |          |
|    episodes        | 1008     |
|    fps             | 222      |
|    time_elapsed    | 1268     |
|    total_timesteps | 282632   |
| train/             |          |
|    actor_loss      | -61.1    |
|    critic_loss     | 8.8      |
|    ent_coef        | 0.0752   |
|    ent_coef_loss   | 0.139    |
|    learning_rate   | 0.000317 |
|    n_updates       | 272624   |
---------------------------------
---------------------------------
| rollout/           |          |
|    ep_len_mean     | 223      |
|    ep_rew_mean     | 272      |
| time/              |          |
|    episodes        | 1012     |
|    fps             | 222      |
|    time_elapsed    | 1270     |
|    total_timesteps | 283136   |
| train/             |          |
|    actor_loss      | -61.7    |
|    critic_loss     | 6.31     |
|    ent_coef        | 0.0738   |
|    ent_coef_loss   | -0.0498  |
|    learning_rate   | 0.000317 |
|    n_updates       | 273128   |
---------------------------------
---------------------------------
| rollout/           |          |
|    ep_len_mean     | 223      |
|    ep_rew_mean     | 271      |
| time/              |          |
|    episodes        | 1016     |
|    fps             | 222      |
|    time_elapsed    | 1276     |
|    total_timesteps | 284344   |
| train/             |          |
|    actor_loss      | -61.6    |
|    critic_loss     | 14.9     |
|    ent_coef        | 0.0757   |
|    ent_coef_loss   | 0.186    |
|    learning_rate   | 0.000315 |
|    n_updates       | 274336   |
---------------------------------
---------------------------------
| rollout/           |          |
|    ep_len_mean     | 223      |
|    ep_rew_mean     | 272      |
| time/              |          |
|    episodes        | 1020     |
|    fps             | 222      |
|    time_elapsed    | 1280     |
|    total_timesteps | 285296   |
| train/             |          |
|    actor_loss      | -61.9    |
|    critic_loss     | 7.79     |
|    ent_coef        | 0.0765   |
|    ent_coef_loss   | -0.0207  |
|    learning_rate   | 0.000313 |
|    n_updates       | 275288   |
---------------------------------
---------------------------------
| rollout/           |          |
|    ep_len_mean     | 224      |
|    ep_rew_mean     | 272      |
| time/              |          |
|    episodes        | 1024     |
|    fps             | 222      |
|    time_elapsed    | 1285     |
|    total_timesteps | 286368   |
| train/             |          |
|    actor_loss      | -61.3    |
|    critic_loss     | 7.03     |
|    ent_coef        | 0.076    |
|    ent_coef_loss   | 0.102    |
|    learning_rate   | 0.000312 |
|    n_updates       | 276360   |
---------------------------------
---------------------------------
| rollout/           |          |
|    ep_len_mean     | 224      |
|    ep_rew_mean     | 273      |
| time/              |          |
|    episodes        | 1028     |
|    fps             | 222      |
|    time_elapsed    | 1289     |
|    total_timesteps | 287152   |
| train/             |          |
|    actor_loss      | -61.9    |
|    critic_loss     | 13.4     |
|    ent_coef        | 0.0749   |
|    ent_coef_loss   | 0.101    |
|    learning_rate   | 0.000311 |
|    n_updates       | 277144   |
---------------------------------
---------------------------------
| rollout/           |          |
|    ep_len_mean     | 225      |
|    ep_rew_mean     | 274      |
| time/              |          |
|    episodes        | 1032     |
|    fps             | 222      |
|    time_elapsed    | 1293     |
|    total_timesteps | 288192   |
| train/             |          |
|    actor_loss      | -61.3    |
|    critic_loss     | 7.48     |
|    ent_coef        | 0.0723   |
|    ent_coef_loss   | -0.048   |
|    learning_rate   | 0.000309 |
|    n_updates       | 278184   |
---------------------------------
---------------------------------
| rollout/           |          |
|    ep_len_mean     | 225      |
|    ep_rew_mean     | 274      |
| time/              |          |
|    episodes        | 1036     |
|    fps             | 222      |
|    time_elapsed    | 1299     |
|    total_timesteps | 289424   |
| train/             |          |
|    actor_loss      | -62.1    |
|    critic_loss     | 5.94     |
|    ent_coef        | 0.071    |
|    ent_coef_loss   | -0.113   |
|    learning_rate   | 0.000307 |
|    n_updates       | 279416   |
---------------------------------
Eval num_timesteps=290000, episode_reward=267.16 +/- 20.38
Episode length: 234.00 +/- 89.08
---------------------------------
| eval/              |          |
|    mean_ep_length  | 234      |
|    mean_reward     | 267      |
| time/              |          |
|    total_timesteps | 290000   |
| train/             |          |
|    actor_loss      | -61.9    |
|    critic_loss     | 5.17     |
|    ent_coef        | 0.0728   |
|    ent_coef_loss   | -0.0704  |
|    learning_rate   | 0.000307 |
|    n_updates       | 279992   |
---------------------------------
---------------------------------
| rollout/           |          |
|    ep_len_mean     | 226      |
|    ep_rew_mean     | 273      |
| time/              |          |
|    episodes        | 1040     |
|    fps             | 222      |
|    time_elapsed    | 1303     |
|    total_timesteps | 290152   |
| train/             |          |
|    actor_loss      | -61.8    |
|    critic_loss     | 6.56     |
|    ent_coef        | 0.0726   |
|    ent_coef_loss   | -0.293   |
|    learning_rate   | 0.000306 |
|    n_updates       | 280144   |
---------------------------------
---------------------------------
| rollout/           |          |
|    ep_len_mean     | 226      |
|    ep_rew_mean     | 273      |
| time/              |          |
|    episodes        | 1044     |
|    fps             | 222      |
|    time_elapsed    | 1308     |
|    total_timesteps | 291136   |
| train/             |          |
|    actor_loss      | -62.4    |
|    critic_loss     | 7.46     |
|    ent_coef        | 0.0719   |
|    ent_coef_loss   | -0.0129  |
|    learning_rate   | 0.000305 |
|    n_updates       | 281128   |
---------------------------------
---------------------------------
| rollout/           |          |
|    ep_len_mean     | 231      |
|    ep_rew_mean     | 272      |
| time/              |          |
|    episodes        | 1048     |
|    fps             | 222      |
|    time_elapsed    | 1310     |
|    total_timesteps | 291728   |
| train/             |          |
|    actor_loss      | -62.2    |
|    critic_loss     | 5.86     |
|    ent_coef        | 0.0719   |
|    ent_coef_loss   | 0.0187   |
|    learning_rate   | 0.000304 |
|    n_updates       | 281720   |
---------------------------------
---------------------------------
| rollout/           |          |
|    ep_len_mean     | 230      |
|    ep_rew_mean     | 271      |
| time/              |          |
|    episodes        | 1052     |
|    fps             | 222      |
|    time_elapsed    | 1315     |
|    total_timesteps | 292752   |
| train/             |          |
|    actor_loss      | -62.3    |
|    critic_loss     | 5.97     |
|    ent_coef        | 0.0723   |
|    ent_coef_loss   | 0.135    |
|    learning_rate   | 0.000303 |
|    n_updates       | 282744   |
---------------------------------
---------------------------------
| rollout/           |          |
|    ep_len_mean     | 232      |
|    ep_rew_mean     | 271      |
| time/              |          |
|    episodes        | 1056     |
|    fps             | 222      |
|    time_elapsed    | 1321     |
|    total_timesteps | 293968   |
| train/             |          |
|    actor_loss      | -62.6    |
|    critic_loss     | 7.11     |
|    ent_coef        | 0.0718   |
|    ent_coef_loss   | -0.117   |
|    learning_rate   | 0.000301 |
|    n_updates       | 283960   |
---------------------------------
---------------------------------
| rollout/           |          |
|    ep_len_mean     | 232      |
|    ep_rew_mean     | 268      |
| time/              |          |
|    episodes        | 1060     |
|    fps             | 222      |
|    time_elapsed    | 1325     |
|    total_timesteps | 294784   |
| train/             |          |
|    actor_loss      | -62.4    |
|    critic_loss     | 7.99     |
|    ent_coef        | 0.0727   |
|    ent_coef_loss   | -0.0748  |
|    learning_rate   | 0.0003   |
|    n_updates       | 284776   |
---------------------------------
---------------------------------
| rollout/           |          |
|    ep_len_mean     | 233      |
|    ep_rew_mean     | 268      |
| time/              |          |
|    episodes        | 1064     |
|    fps             | 222      |
|    time_elapsed    | 1329     |
|    total_timesteps | 295672   |
| train/             |          |
|    actor_loss      | -62.5    |
|    critic_loss     | 7.77     |
|    ent_coef        | 0.0721   |
|    ent_coef_loss   | -0.155   |
|    learning_rate   | 0.000298 |
|    n_updates       | 285664   |
---------------------------------
---------------------------------
| rollout/           |          |
|    ep_len_mean     | 230      |
|    ep_rew_mean     | 268      |
| time/              |          |
|    episodes        | 1068     |
|    fps             | 222      |
|    time_elapsed    | 1333     |
|    total_timesteps | 296608   |
| train/             |          |
|    actor_loss      | -61.8    |
|    critic_loss     | 6.15     |
|    ent_coef        | 0.0725   |
|    ent_coef_loss   | 0.208    |
|    learning_rate   | 0.000297 |
|    n_updates       | 286600   |
---------------------------------
---------------------------------
| rollout/           |          |
|    ep_len_mean     | 226      |
|    ep_rew_mean     | 268      |
| time/              |          |
|    episodes        | 1072     |
|    fps             | 222      |
|    time_elapsed    | 1337     |
|    total_timesteps | 297376   |
| train/             |          |
|    actor_loss      | -63.1    |
|    critic_loss     | 12.4     |
|    ent_coef        | 0.073    |
|    ent_coef_loss   | 0.0171   |
|    learning_rate   | 0.000296 |
|    n_updates       | 287368   |
---------------------------------
---------------------------------
| rollout/           |          |
|    ep_len_mean     | 229      |
|    ep_rew_mean     | 264      |
| time/              |          |
|    episodes        | 1076     |
|    fps             | 222      |
|    time_elapsed    | 1340     |
|    total_timesteps | 298208   |
| train/             |          |
|    actor_loss      | -61.8    |
|    critic_loss     | 12.1     |
|    ent_coef        | 0.0735   |
|    ent_coef_loss   | -0.0347  |
|    learning_rate   | 0.000295 |
|    n_updates       | 288200   |
---------------------------------
---------------------------------
| rollout/           |          |
|    ep_len_mean     | 228      |
|    ep_rew_mean     | 264      |
| time/              |          |
|    episodes        | 1080     |
|    fps             | 222      |
|    time_elapsed    | 1344     |
|    total_timesteps | 299024   |
| train/             |          |
|    actor_loss      | -62.2    |
|    critic_loss     | 7.87     |
|    ent_coef        | 0.073    |
|    ent_coef_loss   | -0.237   |
|    learning_rate   | 0.000293 |
|    n_updates       | 289016   |
---------------------------------
---------------------------------
| rollout/           |          |
|    ep_len_mean     | 228      |
|    ep_rew_mean     | 265      |
| time/              |          |
|    episodes        | 1084     |
|    fps             | 222      |
|    time_elapsed    | 1348     |
|    total_timesteps | 299856   |
| train/             |          |
|    actor_loss      | -62      |
|    critic_loss     | 10.5     |
|    ent_coef        | 0.0716   |
|    ent_coef_loss   | 0.101    |
|    learning_rate   | 0.000292 |
|    n_updates       | 289848   |
---------------------------------
Eval num_timesteps=300000, episode_reward=232.65 +/- 135.51
Episode length: 239.00 +/- 79.91
---------------------------------
| eval/              |          |
|    mean_ep_length  | 239      |
|    mean_reward     | 233      |
| time/              |          |
|    total_timesteps | 300000   |
| train/             |          |
|    actor_loss      | -62.2    |
|    critic_loss     | 8.88     |
|    ent_coef        | 0.0718   |
|    ent_coef_loss   | -0.00597 |
|    learning_rate   | 0.000292 |
|    n_updates       | 289992   |
---------------------------------
---------------------------------
| rollout/           |          |
|    ep_len_mean     | 227      |
|    ep_rew_mean     | 266      |
| time/              |          |
|    episodes        | 1088     |
|    fps             | 222      |
|    time_elapsed    | 1352     |
|    total_timesteps | 300600   |
| train/             |          |
|    actor_loss      | -62      |
|    critic_loss     | 5.53     |
|    ent_coef        | 0.0731   |
|    ent_coef_loss   | 0.271    |
|    learning_rate   | 0.000291 |
|    n_updates       | 290592   |
---------------------------------
---------------------------------
| rollout/           |          |
|    ep_len_mean     | 226      |
|    ep_rew_mean     | 266      |
| time/              |          |
|    episodes        | 1092     |
|    fps             | 222      |
|    time_elapsed    | 1357     |
|    total_timesteps | 301600   |
| train/             |          |
|    actor_loss      | -62.7    |
|    critic_loss     | 8.48     |
|    ent_coef        | 0.072    |
|    ent_coef_loss   | 0.0265   |
|    learning_rate   | 0.00029  |
|    n_updates       | 291592   |
---------------------------------
---------------------------------
| rollout/           |          |
|    ep_len_mean     | 226      |
|    ep_rew_mean     | 266      |
| time/              |          |
|    episodes        | 1096     |
|    fps             | 222      |
|    time_elapsed    | 1361     |
|    total_timesteps | 302536   |
| train/             |          |
|    actor_loss      | -61.5    |
|    critic_loss     | 14.6     |
|    ent_coef        | 0.0713   |
|    ent_coef_loss   | 0.18     |
|    learning_rate   | 0.000288 |
|    n_updates       | 292528   |
---------------------------------
---------------------------------
| rollout/           |          |
|    ep_len_mean     | 226      |
|    ep_rew_mean     | 267      |
| time/              |          |
|    episodes        | 1100     |
|    fps             | 222      |
|    time_elapsed    | 1365     |
|    total_timesteps | 303368   |
| train/             |          |
|    actor_loss      | -61.7    |
|    critic_loss     | 9.15     |
|    ent_coef        | 0.0715   |
|    ent_coef_loss   | 0.309    |
|    learning_rate   | 0.000287 |
|    n_updates       | 293360   |
---------------------------------
---------------------------------
| rollout/           |          |
|    ep_len_mean     | 227      |
|    ep_rew_mean     | 266      |
| time/              |          |
|    episodes        | 1104     |
|    fps             | 222      |
|    time_elapsed    | 1368     |
|    total_timesteps | 304184   |
| train/             |          |
|    actor_loss      | -62.8    |
|    critic_loss     | 7.15     |
|    ent_coef        | 0.0716   |
|    ent_coef_loss   | -0.0434  |
|    learning_rate   | 0.000286 |
|    n_updates       | 294176   |
---------------------------------
---------------------------------
| rollout/           |          |
|    ep_len_mean     | 227      |
|    ep_rew_mean     | 267      |
| time/              |          |
|    episodes        | 1108     |
|    fps             | 222      |
|    time_elapsed    | 1371     |
|    total_timesteps | 304832   |
| train/             |          |
|    actor_loss      | -61.5    |
|    critic_loss     | 4.68     |
|    ent_coef        | 0.0725   |
|    ent_coef_loss   | 0.0954   |
|    learning_rate   | 0.000285 |
|    n_updates       | 294824   |
---------------------------------
---------------------------------
| rollout/           |          |
|    ep_len_mean     | 226      |
|    ep_rew_mean     | 263      |
| time/              |          |
|    episodes        | 1112     |
|    fps             | 222      |
|    time_elapsed    | 1376     |
|    total_timesteps | 305904   |
| train/             |          |
|    actor_loss      | -62.5    |
|    critic_loss     | 13.8     |
|    ent_coef        | 0.0715   |
|    ent_coef_loss   | -0.121   |
|    learning_rate   | 0.000283 |
|    n_updates       | 295896   |
---------------------------------
---------------------------------
| rollout/           |          |
|    ep_len_mean     | 228      |
|    ep_rew_mean     | 263      |
| time/              |          |
|    episodes        | 1116     |
|    fps             | 222      |
|    time_elapsed    | 1381     |
|    total_timesteps | 306832   |
| train/             |          |
|    actor_loss      | -62.7    |
|    critic_loss     | 7.19     |
|    ent_coef        | 0.0725   |
|    ent_coef_loss   | 0.0221   |
|    learning_rate   | 0.000282 |
|    n_updates       | 296824   |
---------------------------------
---------------------------------
| rollout/           |          |
|    ep_len_mean     | 224      |
|    ep_rew_mean     | 263      |
| time/              |          |
|    episodes        | 1120     |
|    fps             | 222      |
|    time_elapsed    | 1385     |
|    total_timesteps | 307752   |
| train/             |          |
|    actor_loss      | -61.6    |
|    critic_loss     | 10       |
|    ent_coef        | 0.074    |
|    ent_coef_loss   | 0.0333   |
|    learning_rate   | 0.000281 |
|    n_updates       | 297744   |
---------------------------------
---------------------------------
| rollout/           |          |
|    ep_len_mean     | 227      |
|    ep_rew_mean     | 262      |
| time/              |          |
|    episodes        | 1124     |
|    fps             | 222      |
|    time_elapsed    | 1389     |
|    total_timesteps | 308656   |
| train/             |          |
|    actor_loss      | -63.9    |
|    critic_loss     | 12.1     |
|    ent_coef        | 0.0729   |
|    ent_coef_loss   | -0.38    |
|    learning_rate   | 0.000279 |
|    n_updates       | 298648   |
---------------------------------
---------------------------------
| rollout/           |          |
|    ep_len_mean     | 227      |
|    ep_rew_mean     | 262      |
| time/              |          |
|    episodes        | 1128     |
|    fps             | 222      |
|    time_elapsed    | 1394     |
|    total_timesteps | 309792   |
| train/             |          |
|    actor_loss      | -63.5    |
|    critic_loss     | 7.37     |
|    ent_coef        | 0.0737   |
|    ent_coef_loss   | -0.115   |
|    learning_rate   | 0.000278 |
|    n_updates       | 299784   |
---------------------------------
Eval num_timesteps=310000, episode_reward=278.03 +/- 11.86
Episode length: 245.90 +/- 76.99
---------------------------------
| eval/              |          |
|    mean_ep_length  | 246      |
|    mean_reward     | 278      |
| time/              |          |
|    total_timesteps | 310000   |
| train/             |          |
|    actor_loss      | -62.5    |
|    critic_loss     | 10.8     |
|    ent_coef        | 0.0734   |
|    ent_coef_loss   | -0.0561  |
|    learning_rate   | 0.000277 |
|    n_updates       | 299992   |
---------------------------------
---------------------------------
| rollout/           |          |
|    ep_len_mean     | 228      |
|    ep_rew_mean     | 261      |
| time/              |          |
|    episodes        | 1132     |
|    fps             | 221      |
|    time_elapsed    | 1400     |
|    total_timesteps | 310968   |
| train/             |          |
|    actor_loss      | -62.4    |
|    critic_loss     | 8.28     |
|    ent_coef        | 0.0721   |
|    ent_coef_loss   | 0.225    |
|    learning_rate   | 0.000276 |
|    n_updates       | 300960   |
---------------------------------
---------------------------------
| rollout/           |          |
|    ep_len_mean     | 227      |
|    ep_rew_mean     | 258      |
| time/              |          |
|    episodes        | 1136     |
|    fps             | 221      |
|    time_elapsed    | 1403     |
|    total_timesteps | 311544   |
| train/             |          |
|    actor_loss      | -62.8    |
|    critic_loss     | 9.15     |
|    ent_coef        | 0.0712   |
|    ent_coef_loss   | 0.2      |
|    learning_rate   | 0.000275 |
|    n_updates       | 301536   |
---------------------------------
---------------------------------
| rollout/           |          |
|    ep_len_mean     | 231      |
|    ep_rew_mean     | 259      |
| time/              |          |
|    episodes        | 1140     |
|    fps             | 221      |
|    time_elapsed    | 1408     |
|    total_timesteps | 312696   |
| train/             |          |
|    actor_loss      | -63.4    |
|    critic_loss     | 9.18     |
|    ent_coef        | 0.071    |
|    ent_coef_loss   | 0.0154   |
|    learning_rate   | 0.000273 |
|    n_updates       | 302688   |
---------------------------------
---------------------------------
| rollout/           |          |
|    ep_len_mean     | 233      |
|    ep_rew_mean     | 259      |
| time/              |          |
|    episodes        | 1144     |
|    fps             | 221      |
|    time_elapsed    | 1413     |
|    total_timesteps | 313688   |
| train/             |          |
|    actor_loss      | -64.3    |
|    critic_loss     | 8.39     |
|    ent_coef        | 0.0717   |
|    ent_coef_loss   | 0.407    |
|    learning_rate   | 0.000272 |
|    n_updates       | 303680   |
---------------------------------
---------------------------------
| rollout/           |          |
|    ep_len_mean     | 226      |
|    ep_rew_mean     | 261      |
| time/              |          |
|    episodes        | 1148     |
|    fps             | 221      |
|    time_elapsed    | 1417     |
|    total_timesteps | 314616   |
| train/             |          |
|    actor_loss      | -63      |
|    critic_loss     | 12.1     |
|    ent_coef        | 0.0712   |
|    ent_coef_loss   | 0.148    |
|    learning_rate   | 0.000271 |
|    n_updates       | 304608   |
---------------------------------
---------------------------------
| rollout/           |          |
|    ep_len_mean     | 228      |
|    ep_rew_mean     | 260      |
| time/              |          |
|    episodes        | 1152     |
|    fps             | 221      |
|    time_elapsed    | 1422     |
|    total_timesteps | 315560   |
| train/             |          |
|    actor_loss      | -63      |
|    critic_loss     | 8.42     |
|    ent_coef        | 0.0728   |
|    ent_coef_loss   | -0.0128  |
|    learning_rate   | 0.000269 |
|    n_updates       | 305552   |
---------------------------------
---------------------------------
| rollout/           |          |
|    ep_len_mean     | 226      |
|    ep_rew_mean     | 260      |
| time/              |          |
|    episodes        | 1156     |
|    fps             | 221      |
|    time_elapsed    | 1426     |
|    total_timesteps | 316592   |
| train/             |          |
|    actor_loss      | -63.9    |
|    critic_loss     | 8.19     |
|    ent_coef        | 0.0701   |
|    ent_coef_loss   | -0.127   |
|    learning_rate   | 0.000268 |
|    n_updates       | 306584   |
---------------------------------
---------------------------------
| rollout/           |          |
|    ep_len_mean     | 225      |
|    ep_rew_mean     | 263      |
| time/              |          |
|    episodes        | 1160     |
|    fps             | 221      |
|    time_elapsed    | 1429     |
|    total_timesteps | 317248   |
| train/             |          |
|    actor_loss      | -64      |
|    critic_loss     | 6.27     |
|    ent_coef        | 0.072    |
|    ent_coef_loss   | -0.131   |
|    learning_rate   | 0.000267 |
|    n_updates       | 307240   |
---------------------------------
---------------------------------
| rollout/           |          |
|    ep_len_mean     | 226      |
|    ep_rew_mean     | 256      |
| time/              |          |
|    episodes        | 1164     |
|    fps             | 221      |
|    time_elapsed    | 1434     |
|    total_timesteps | 318280   |
| train/             |          |
|    actor_loss      | -62.1    |
|    critic_loss     | 5.82     |
|    ent_coef        | 0.0716   |
|    ent_coef_loss   | -0.141   |
|    learning_rate   | 0.000265 |
|    n_updates       | 308272   |
---------------------------------
---------------------------------
| rollout/           |          |
|    ep_len_mean     | 226      |
|    ep_rew_mean     | 256      |
| time/              |          |
|    episodes        | 1168     |
|    fps             | 221      |
|    time_elapsed    | 1437     |
|    total_timesteps | 318984   |
| train/             |          |
|    actor_loss      | -63.8    |
|    critic_loss     | 8.57     |
|    ent_coef        | 0.0696   |
|    ent_coef_loss   | -0.0702  |
|    learning_rate   | 0.000264 |
|    n_updates       | 308976   |
---------------------------------
---------------------------------
| rollout/           |          |
|    ep_len_mean     | 226      |
|    ep_rew_mean     | 256      |
| time/              |          |
|    episodes        | 1172     |
|    fps             | 221      |
|    time_elapsed    | 1441     |
|    total_timesteps | 319800   |
| train/             |          |
|    actor_loss      | -63.2    |
|    critic_loss     | 10.9     |
|    ent_coef        | 0.0703   |
|    ent_coef_loss   | 0.235    |
|    learning_rate   | 0.000263 |
|    n_updates       | 309792   |
---------------------------------
Eval num_timesteps=320000, episode_reward=272.48 +/- 14.87
Episode length: 233.00 +/- 52.73
---------------------------------
| eval/              |          |
|    mean_ep_length  | 233      |
|    mean_reward     | 272      |
| time/              |          |
|    total_timesteps | 320000   |
| train/             |          |
|    actor_loss      | -64.4    |
|    critic_loss     | 9.02     |
|    ent_coef        | 0.0706   |
|    ent_coef_loss   | -0.154   |
|    learning_rate   | 0.000263 |
|    n_updates       | 309992   |
---------------------------------
---------------------------------
| rollout/           |          |
|    ep_len_mean     | 224      |
|    ep_rew_mean     | 260      |
| time/              |          |
|    episodes        | 1176     |
|    fps             | 221      |
|    time_elapsed    | 1447     |
|    total_timesteps | 320904   |
| train/             |          |
|    actor_loss      | -63.4    |
|    critic_loss     | 9.55     |
|    ent_coef        | 0.0712   |
|    ent_coef_loss   | 0.0507   |
|    learning_rate   | 0.000261 |
|    n_updates       | 310896   |
---------------------------------
---------------------------------
| rollout/           |          |
|    ep_len_mean     | 224      |
|    ep_rew_mean     | 259      |
| time/              |          |
|    episodes        | 1180     |
|    fps             | 221      |
|    time_elapsed    | 1451     |
|    total_timesteps | 321728   |
| train/             |          |
|    actor_loss      | -63.3    |
|    critic_loss     | 6.13     |
|    ent_coef        | 0.0728   |
|    ent_coef_loss   | -0.007   |
|    learning_rate   | 0.00026  |
|    n_updates       | 311720   |
---------------------------------
---------------------------------
| rollout/           |          |
|    ep_len_mean     | 227      |
|    ep_rew_mean     | 259      |
| time/              |          |
|    episodes        | 1184     |
|    fps             | 221      |
|    time_elapsed    | 1455     |
|    total_timesteps | 322576   |
| train/             |          |
|    actor_loss      | -64.7    |
|    critic_loss     | 8.26     |
|    ent_coef        | 0.0719   |
|    ent_coef_loss   | -0.244   |
|    learning_rate   | 0.000259 |
|    n_updates       | 312568   |
---------------------------------
---------------------------------
| rollout/           |          |
|    ep_len_mean     | 227      |
|    ep_rew_mean     | 258      |
| time/              |          |
|    episodes        | 1188     |
|    fps             | 221      |
|    time_elapsed    | 1459     |
|    total_timesteps | 323392   |
| train/             |          |
|    actor_loss      | -63.6    |
|    critic_loss     | 5.92     |
|    ent_coef        | 0.0704   |
|    ent_coef_loss   | -0.00765 |
|    learning_rate   | 0.000258 |
|    n_updates       | 313384   |
---------------------------------
---------------------------------
| rollout/           |          |
|    ep_len_mean     | 227      |
|    ep_rew_mean     | 257      |
| time/              |          |
|    episodes        | 1192     |
|    fps             | 221      |
|    time_elapsed    | 1462     |
|    total_timesteps | 324080   |
| train/             |          |
|    actor_loss      | -63.5    |
|    critic_loss     | 10.6     |
|    ent_coef        | 0.0711   |
|    ent_coef_loss   | 0.116    |
|    learning_rate   | 0.000257 |
|    n_updates       | 314072   |
---------------------------------
---------------------------------
| rollout/           |          |
|    ep_len_mean     | 226      |
|    ep_rew_mean     | 256      |
| time/              |          |
|    episodes        | 1196     |
|    fps             | 221      |
|    time_elapsed    | 1469     |
|    total_timesteps | 325600   |
| train/             |          |
|    actor_loss      | -63.5    |
|    critic_loss     | 7.58     |
|    ent_coef        | 0.0716   |
|    ent_coef_loss   | 0.17     |
|    learning_rate   | 0.000255 |
|    n_updates       | 315592   |
---------------------------------
---------------------------------
| rollout/           |          |
|    ep_len_mean     | 229      |
|    ep_rew_mean     | 255      |
| time/              |          |
|    episodes        | 1200     |
|    fps             | 221      |
|    time_elapsed    | 1471     |
|    total_timesteps | 326120   |
| train/             |          |
|    actor_loss      | -62.7    |
|    critic_loss     | 9.45     |
|    ent_coef        | 0.0714   |
|    ent_coef_loss   | -0.289   |
|    learning_rate   | 0.000254 |
|    n_updates       | 316112   |
---------------------------------
---------------------------------
| rollout/           |          |
|    ep_len_mean     | 230      |
|    ep_rew_mean     | 256      |
| time/              |          |
|    episodes        | 1204     |
|    fps             | 221      |
|    time_elapsed    | 1476     |
|    total_timesteps | 327248   |
| train/             |          |
|    actor_loss      | -62.4    |
|    critic_loss     | 9.84     |
|    ent_coef        | 0.0721   |
|    ent_coef_loss   | -0.0945  |
|    learning_rate   | 0.000252 |
|    n_updates       | 317240   |
---------------------------------
---------------------------------
| rollout/           |          |
|    ep_len_mean     | 231      |
|    ep_rew_mean     | 255      |
| time/              |          |
|    episodes        | 1208     |
|    fps             | 221      |
|    time_elapsed    | 1479     |
|    total_timesteps | 327928   |
| train/             |          |
|    actor_loss      | -64.1    |
|    critic_loss     | 9.32     |
|    ent_coef        | 0.0726   |
|    ent_coef_loss   | -0.133   |
|    learning_rate   | 0.000251 |
|    n_updates       | 317920   |
---------------------------------
---------------------------------
| rollout/           |          |
|    ep_len_mean     | 231      |
|    ep_rew_mean     | 259      |
| time/              |          |
|    episodes        | 1212     |
|    fps             | 221      |
|    time_elapsed    | 1482     |
|    total_timesteps | 328712   |
| train/             |          |
|    actor_loss      | -61.9    |
|    critic_loss     | 6.96     |
|    ent_coef        | 0.0719   |
|    ent_coef_loss   | -0.0382  |
|    learning_rate   | 0.00025  |
|    n_updates       | 318704   |
---------------------------------
---------------------------------
| rollout/           |          |
|    ep_len_mean     | 229      |
|    ep_rew_mean     | 256      |
| time/              |          |
|    episodes        | 1216     |
|    fps             | 221      |
|    time_elapsed    | 1487     |
|    total_timesteps | 329768   |
| train/             |          |
|    actor_loss      | -62.2    |
|    critic_loss     | 9.55     |
|    ent_coef        | 0.0729   |
|    ent_coef_loss   | -0.0267  |
|    learning_rate   | 0.000249 |
|    n_updates       | 319760   |
---------------------------------
Eval num_timesteps=330000, episode_reward=267.18 +/- 19.21
Episode length: 211.50 +/- 39.32
---------------------------------
| eval/              |          |
|    mean_ep_length  | 212      |
|    mean_reward     | 267      |
| time/              |          |
|    total_timesteps | 330000   |
| train/             |          |
|    actor_loss      | -64.2    |
|    critic_loss     | 8.16     |
|    ent_coef        | 0.0724   |
|    ent_coef_loss   | -0.189   |
|    learning_rate   | 0.000248 |
|    n_updates       | 319992   |
---------------------------------
---------------------------------
| rollout/           |          |
|    ep_len_mean     | 231      |
|    ep_rew_mean     | 256      |
| time/              |          |
|    episodes        | 1220     |
|    fps             | 221      |
|    time_elapsed    | 1493     |
|    total_timesteps | 330864   |
| train/             |          |
|    actor_loss      | -63.8    |
|    critic_loss     | 11.5     |
|    ent_coef        | 0.0705   |
|    ent_coef_loss   | -0.0922  |
|    learning_rate   | 0.000247 |
|    n_updates       | 320856   |
---------------------------------
---------------------------------
| rollout/           |          |
|    ep_len_mean     | 229      |
|    ep_rew_mean     | 256      |
| time/              |          |
|    episodes        | 1224     |
|    fps             | 221      |
|    time_elapsed    | 1495     |
|    total_timesteps | 331352   |
| train/             |          |
|    actor_loss      | -63.3    |
|    critic_loss     | 7.14     |
|    ent_coef        | 0.0708   |
|    ent_coef_loss   | -0.081   |
|    learning_rate   | 0.000246 |
|    n_updates       | 321344   |
---------------------------------
---------------------------------
| rollout/           |          |
|    ep_len_mean     | 228      |
|    ep_rew_mean     | 256      |
| time/              |          |
|    episodes        | 1228     |
|    fps             | 221      |
|    time_elapsed    | 1500     |
|    total_timesteps | 332456   |
| train/             |          |
|    actor_loss      | -63.2    |
|    critic_loss     | 6.77     |
|    ent_coef        | 0.07     |
|    ent_coef_loss   | -0.0868  |
|    learning_rate   | 0.000245 |
|    n_updates       | 322448   |
---------------------------------
---------------------------------
| rollout/           |          |
|    ep_len_mean     | 228      |
|    ep_rew_mean     | 256      |
| time/              |          |
|    episodes        | 1232     |
|    fps             | 221      |
|    time_elapsed    | 1503     |
|    total_timesteps | 333184   |
| train/             |          |
|    actor_loss      | -62.6    |
|    critic_loss     | 5.98     |
|    ent_coef        | 0.0705   |
|    ent_coef_loss   | 0.0897   |
|    learning_rate   | 0.000244 |
|    n_updates       | 323176   |
---------------------------------
---------------------------------
| rollout/           |          |
|    ep_len_mean     | 228      |
|    ep_rew_mean     | 259      |
| time/              |          |
|    episodes        | 1236     |
|    fps             | 221      |
|    time_elapsed    | 1507     |
|    total_timesteps | 334024   |
| train/             |          |
|    actor_loss      | -62.8    |
|    critic_loss     | 10       |
|    ent_coef        | 0.0705   |
|    ent_coef_loss   | 0.0482   |
|    learning_rate   | 0.000242 |
|    n_updates       | 324016   |
---------------------------------
---------------------------------
| rollout/           |          |
|    ep_len_mean     | 225      |
|    ep_rew_mean     | 259      |
| time/              |          |
|    episodes        | 1240     |
|    fps             | 221      |
|    time_elapsed    | 1512     |
|    total_timesteps | 335096   |
| train/             |          |
|    actor_loss      | -62.5    |
|    critic_loss     | 6.4      |
|    ent_coef        | 0.0699   |
|    ent_coef_loss   | -0.289   |
|    learning_rate   | 0.000241 |
|    n_updates       | 325088   |
---------------------------------
---------------------------------
| rollout/           |          |
|    ep_len_mean     | 222      |
|    ep_rew_mean     | 259      |
| time/              |          |
|    episodes        | 1244     |
|    fps             | 221      |
|    time_elapsed    | 1516     |
|    total_timesteps | 336008   |
| train/             |          |
|    actor_loss      | -63.9    |
|    critic_loss     | 9.58     |
|    ent_coef        | 0.0714   |
|    ent_coef_loss   | -0.0327  |
|    learning_rate   | 0.000239 |
|    n_updates       | 326000   |
---------------------------------
---------------------------------
| rollout/           |          |
|    ep_len_mean     | 223      |
|    ep_rew_mean     | 258      |
| time/              |          |
|    episodes        | 1248     |
|    fps             | 221      |
|    time_elapsed    | 1521     |
|    total_timesteps | 336984   |
| train/             |          |
|    actor_loss      | -62.8    |
|    critic_loss     | 10.6     |
|    ent_coef        | 0.0701   |
|    ent_coef_loss   | -0.0749  |
|    learning_rate   | 0.000238 |
|    n_updates       | 326976   |
---------------------------------
---------------------------------
| rollout/           |          |
|    ep_len_mean     | 222      |
|    ep_rew_mean     | 258      |
| time/              |          |
|    episodes        | 1252     |
|    fps             | 221      |
|    time_elapsed    | 1524     |
|    total_timesteps | 337672   |
| train/             |          |
|    actor_loss      | -63.9    |
|    critic_loss     | 11.6     |
|    ent_coef        | 0.071    |
|    ent_coef_loss   | -0.0961  |
|    learning_rate   | 0.000237 |
|    n_updates       | 327664   |
---------------------------------
---------------------------------
| rollout/           |          |
|    ep_len_mean     | 222      |
|    ep_rew_mean     | 258      |
| time/              |          |
|    episodes        | 1256     |
|    fps             | 221      |
|    time_elapsed    | 1528     |
|    total_timesteps | 338536   |
| train/             |          |
|    actor_loss      | -63.4    |
|    critic_loss     | 11.3     |
|    ent_coef        | 0.0708   |
|    ent_coef_loss   | 0.0796   |
|    learning_rate   | 0.000236 |
|    n_updates       | 328528   |
---------------------------------
---------------------------------
| rollout/           |          |
|    ep_len_mean     | 222      |
|    ep_rew_mean     | 259      |
| time/              |          |
|    episodes        | 1260     |
|    fps             | 221      |
|    time_elapsed    | 1532     |
|    total_timesteps | 339480   |
| train/             |          |
|    actor_loss      | -63.1    |
|    critic_loss     | 10.6     |
|    ent_coef        | 0.0698   |
|    ent_coef_loss   | -0.0804  |
|    learning_rate   | 0.000234 |
|    n_updates       | 329472   |
---------------------------------
Eval num_timesteps=340000, episode_reward=224.84 +/- 145.92
Episode length: 233.20 +/- 60.73
---------------------------------
| eval/              |          |
|    mean_ep_length  | 233      |
|    mean_reward     | 225      |
| time/              |          |
|    total_timesteps | 340000   |
| train/             |          |
|    actor_loss      | -63.1    |
|    critic_loss     | 8.11     |
|    ent_coef        | 0.0702   |
|    ent_coef_loss   | 0.143    |
|    learning_rate   | 0.000234 |
|    n_updates       | 329992   |
---------------------------------
---------------------------------
| rollout/           |          |
|    ep_len_mean     | 222      |
|    ep_rew_mean     | 267      |
| time/              |          |
|    episodes        | 1264     |
|    fps             | 221      |
|    time_elapsed    | 1538     |
|    total_timesteps | 340664   |
| train/             |          |
|    actor_loss      | -63.7    |
|    critic_loss     | 9.54     |
|    ent_coef        | 0.0689   |
|    ent_coef_loss   | -0.123   |
|    learning_rate   | 0.000233 |
|    n_updates       | 330656   |
---------------------------------
---------------------------------
| rollout/           |          |
|    ep_len_mean     | 224      |
|    ep_rew_mean     | 267      |
| time/              |          |
|    episodes        | 1268     |
|    fps             | 221      |
|    time_elapsed    | 1546     |
|    total_timesteps | 342360   |
| train/             |          |
|    actor_loss      | -64.2    |
|    critic_loss     | 7.34     |
|    ent_coef        | 0.0706   |
|    ent_coef_loss   | -0.0884  |
|    learning_rate   | 0.00023  |
|    n_updates       | 332352   |
---------------------------------
---------------------------------
| rollout/           |          |
|    ep_len_mean     | 224      |
|    ep_rew_mean     | 267      |
| time/              |          |
|    episodes        | 1272     |
|    fps             | 221      |
|    time_elapsed    | 1548     |
|    total_timesteps | 342760   |
| train/             |          |
|    actor_loss      | -63.1    |
|    critic_loss     | 5.96     |
|    ent_coef        | 0.0697   |
|    ent_coef_loss   | 0.165    |
|    learning_rate   | 0.00023  |
|    n_updates       | 332752   |
---------------------------------
---------------------------------
| rollout/           |          |
|    ep_len_mean     | 231      |
|    ep_rew_mean     | 259      |
| time/              |          |
|    episodes        | 1276     |
|    fps             | 221      |
|    time_elapsed    | 1553     |
|    total_timesteps | 343888   |
| train/             |          |
|    actor_loss      | -63.2    |
|    critic_loss     | 8.37     |
|    ent_coef        | 0.0691   |
|    ent_coef_loss   | -0.157   |
|    learning_rate   | 0.000228 |
|    n_updates       | 333880   |
---------------------------------
---------------------------------
| rollout/           |          |
|    ep_len_mean     | 231      |
|    ep_rew_mean     | 260      |
| time/              |          |
|    episodes        | 1280     |
|    fps             | 221      |
|    time_elapsed    | 1556     |
|    total_timesteps | 344440   |
| train/             |          |
|    actor_loss      | -62.9    |
|    critic_loss     | 11.2     |
|    ent_coef        | 0.0701   |
|    ent_coef_loss   | 0.135    |
|    learning_rate   | 0.000227 |
|    n_updates       | 334432   |
---------------------------------
---------------------------------
| rollout/           |          |
|    ep_len_mean     | 227      |
|    ep_rew_mean     | 259      |
| time/              |          |
|    episodes        | 1284     |
|    fps             | 221      |
|    time_elapsed    | 1561     |
|    total_timesteps | 345640   |
| train/             |          |
|    actor_loss      | -63.3    |
|    critic_loss     | 9.6      |
|    ent_coef        | 0.0693   |
|    ent_coef_loss   | 0.246    |
|    learning_rate   | 0.000225 |
|    n_updates       | 335632   |
---------------------------------
---------------------------------
| rollout/           |          |
|    ep_len_mean     | 227      |
|    ep_rew_mean     | 259      |
| time/              |          |
|    episodes        | 1288     |
|    fps             | 221      |
|    time_elapsed    | 1564     |
|    total_timesteps | 346232   |
| train/             |          |
|    actor_loss      | -63.9    |
|    critic_loss     | 9.61     |
|    ent_coef        | 0.0692   |
|    ent_coef_loss   | -0.101   |
|    learning_rate   | 0.000225 |
|    n_updates       | 336224   |
---------------------------------
---------------------------------
| rollout/           |          |
|    ep_len_mean     | 227      |
|    ep_rew_mean     | 259      |
| time/              |          |
|    episodes        | 1292     |
|    fps             | 221      |
|    time_elapsed    | 1568     |
|    total_timesteps | 347080   |
| train/             |          |
|    actor_loss      | -63.4    |
|    critic_loss     | 9.19     |
|    ent_coef        | 0.0688   |
|    ent_coef_loss   | -0.144   |
|    learning_rate   | 0.000223 |
|    n_updates       | 337072   |
---------------------------------
---------------------------------
| rollout/           |          |
|    ep_len_mean     | 228      |
|    ep_rew_mean     | 260      |
| time/              |          |
|    episodes        | 1296     |
|    fps             | 221      |
|    time_elapsed    | 1571     |
|    total_timesteps | 347904   |
| train/             |          |
|    actor_loss      | -61.9    |
|    critic_loss     | 9.32     |
|    ent_coef        | 0.0689   |
|    ent_coef_loss   | 0.21     |
|    learning_rate   | 0.000222 |
|    n_updates       | 337896   |
---------------------------------
---------------------------------
| rollout/           |          |
|    ep_len_mean     | 226      |
|    ep_rew_mean     | 261      |
| time/              |          |
|    episodes        | 1300     |
|    fps             | 221      |
|    time_elapsed    | 1574     |
|    total_timesteps | 348568   |
| train/             |          |
|    actor_loss      | -63.4    |
|    critic_loss     | 6.38     |
|    ent_coef        | 0.07     |
|    ent_coef_loss   | -0.239   |
|    learning_rate   | 0.000221 |
|    n_updates       | 338560   |
---------------------------------
---------------------------------
| rollout/           |          |
|    ep_len_mean     | 225      |
|    ep_rew_mean     | 261      |
| time/              |          |
|    episodes        | 1304     |
|    fps             | 221      |
|    time_elapsed    | 1581     |
|    total_timesteps | 349920   |
| train/             |          |
|    actor_loss      | -63.9    |
|    critic_loss     | 8.13     |
|    ent_coef        | 0.0702   |
|    ent_coef_loss   | 0.142    |
|    learning_rate   | 0.000219 |
|    n_updates       | 339912   |
---------------------------------
Eval num_timesteps=350000, episode_reward=263.77 +/- 15.52
Episode length: 220.80 +/- 41.59
---------------------------------
| eval/              |          |
|    mean_ep_length  | 221      |
|    mean_reward     | 264      |
| time/              |          |
|    total_timesteps | 350000   |
| train/             |          |
|    actor_loss      | -63.6    |
|    critic_loss     | 6.54     |
|    ent_coef        | 0.0706   |
|    ent_coef_loss   | -0.0571  |
|    learning_rate   | 0.000219 |
|    n_updates       | 339992   |
---------------------------------
---------------------------------
| rollout/           |          |
|    ep_len_mean     | 225      |
|    ep_rew_mean     | 260      |
| time/              |          |
|    episodes        | 1308     |
|    fps             | 221      |
|    time_elapsed    | 1583     |
|    total_timesteps | 350288   |
| train/             |          |
|    actor_loss      | -64.5    |
|    critic_loss     | 6.97     |
|    ent_coef        | 0.0706   |
|    ent_coef_loss   | -0.213   |
|    learning_rate   | 0.000219 |
|    n_updates       | 340280   |
---------------------------------
---------------------------------
| rollout/           |          |
|    ep_len_mean     | 227      |
|    ep_rew_mean     | 260      |
| time/              |          |
|    episodes        | 1312     |
|    fps             | 221      |
|    time_elapsed    | 1589     |
|    total_timesteps | 351552   |
| train/             |          |
|    actor_loss      | -64.1    |
|    critic_loss     | 7.01     |
|    ent_coef        | 0.069    |
|    ent_coef_loss   | -0.0981  |
|    learning_rate   | 0.000217 |
|    n_updates       | 341544   |
---------------------------------
---------------------------------
| rollout/           |          |
|    ep_len_mean     | 228      |
|    ep_rew_mean     | 263      |
| time/              |          |
|    episodes        | 1316     |
|    fps             | 221      |
|    time_elapsed    | 1594     |
|    total_timesteps | 352736   |
| train/             |          |
|    actor_loss      | -64.3    |
|    critic_loss     | 9.39     |
|    ent_coef        | 0.0694   |
|    ent_coef_loss   | -0.168   |
|    learning_rate   | 0.000215 |
|    n_updates       | 342728   |
---------------------------------
---------------------------------
| rollout/           |          |
|    ep_len_mean     | 226      |
|    ep_rew_mean     | 264      |
| time/              |          |
|    episodes        | 1320     |
|    fps             | 221      |
|    time_elapsed    | 1598     |
|    total_timesteps | 353536   |
| train/             |          |
|    actor_loss      | -64.6    |
|    critic_loss     | 8.77     |
|    ent_coef        | 0.0688   |
|    ent_coef_loss   | 0.179    |
|    learning_rate   | 0.000214 |
|    n_updates       | 343528   |
---------------------------------
---------------------------------
| rollout/           |          |
|    ep_len_mean     | 224      |
|    ep_rew_mean     | 263      |
| time/              |          |
|    episodes        | 1324     |
|    fps             | 221      |
|    time_elapsed    | 1602     |
|    total_timesteps | 354328   |
| train/             |          |
|    actor_loss      | -64.9    |
|    critic_loss     | 8.27     |
|    ent_coef        | 0.0685   |
|    ent_coef_loss   | 0.0339   |
|    learning_rate   | 0.000213 |
|    n_updates       | 344320   |
---------------------------------
---------------------------------
| rollout/           |          |
|    ep_len_mean     | 228      |
|    ep_rew_mean     | 263      |
| time/              |          |
|    episodes        | 1328     |
|    fps             | 221      |
|    time_elapsed    | 1606     |
|    total_timesteps | 355304   |
| train/             |          |
|    actor_loss      | -64.1    |
|    critic_loss     | 6.55     |
|    ent_coef        | 0.0687   |
|    ent_coef_loss   | 0.0385   |
|    learning_rate   | 0.000211 |
|    n_updates       | 345296   |
---------------------------------
---------------------------------
| rollout/           |          |
|    ep_len_mean     | 228      |
|    ep_rew_mean     | 263      |
| time/              |          |
|    episodes        | 1332     |
|    fps             | 221      |
|    time_elapsed    | 1610     |
|    total_timesteps | 356184   |
| train/             |          |
|    actor_loss      | -62.5    |
|    critic_loss     | 11.6     |
|    ent_coef        | 0.068    |
|    ent_coef_loss   | 0.245    |
|    learning_rate   | 0.00021  |
|    n_updates       | 346176   |
---------------------------------
---------------------------------
| rollout/           |          |
|    ep_len_mean     | 228      |
|    ep_rew_mean     | 263      |
| time/              |          |
|    episodes        | 1336     |
|    fps             | 221      |
|    time_elapsed    | 1615     |
|    total_timesteps | 357264   |
| train/             |          |
|    actor_loss      | -63.7    |
|    critic_loss     | 7.28     |
|    ent_coef        | 0.0702   |
|    ent_coef_loss   | 0.113    |
|    learning_rate   | 0.000208 |
|    n_updates       | 347256   |
---------------------------------
---------------------------------
| rollout/           |          |
|    ep_len_mean     | 227      |
|    ep_rew_mean     | 264      |
| time/              |          |
|    episodes        | 1340     |
|    fps             | 221      |
|    time_elapsed    | 1618     |
|    total_timesteps | 357856   |
| train/             |          |
|    actor_loss      | -62.4    |
|    critic_loss     | 7.84     |
|    ent_coef        | 0.0717   |
|    ent_coef_loss   | 0.216    |
|    learning_rate   | 0.000208 |
|    n_updates       | 347848   |
---------------------------------
---------------------------------
| rollout/           |          |
|    ep_len_mean     | 227      |
|    ep_rew_mean     | 264      |
| time/              |          |
|    episodes        | 1344     |
|    fps             | 221      |
|    time_elapsed    | 1625     |
|    total_timesteps | 359528   |
| train/             |          |
|    actor_loss      | -63.6    |
|    critic_loss     | 7.1      |
|    ent_coef        | 0.0712   |
|    ent_coef_loss   | -0.0209  |
|    learning_rate   | 0.000205 |
|    n_updates       | 349520   |
---------------------------------
Eval num_timesteps=360000, episode_reward=268.37 +/- 13.48
Episode length: 230.60 +/- 56.80
---------------------------------
| eval/              |          |
|    mean_ep_length  | 231      |
|    mean_reward     | 268      |
| time/              |          |
|    total_timesteps | 360000   |
| train/             |          |
|    actor_loss      | -64      |
|    critic_loss     | 10.2     |
|    ent_coef        | 0.0716   |
|    ent_coef_loss   | -0.289   |
|    learning_rate   | 0.000204 |
|    n_updates       | 349992   |
---------------------------------
---------------------------------
| rollout/           |          |
|    ep_len_mean     | 233      |
|    ep_rew_mean     | 261      |
| time/              |          |
|    episodes        | 1348     |
|    fps             | 221      |
|    time_elapsed    | 1629     |
|    total_timesteps | 360072   |
| train/             |          |
|    actor_loss      | -64.1    |
|    critic_loss     | 7.79     |
|    ent_coef        | 0.0714   |
|    ent_coef_loss   | 0.133    |
|    learning_rate   | 0.000204 |
|    n_updates       | 350064   |
---------------------------------
---------------------------------
| rollout/           |          |
|    ep_len_mean     | 233      |
|    ep_rew_mean     | 261      |
| time/              |          |
|    episodes        | 1352     |
|    fps             | 221      |
|    time_elapsed    | 1633     |
|    total_timesteps | 360976   |
| train/             |          |
|    actor_loss      | -64.2    |
|    critic_loss     | 7.8      |
|    ent_coef        | 0.0694   |
|    ent_coef_loss   | -0.23    |
|    learning_rate   | 0.000203 |
|    n_updates       | 350968   |
---------------------------------
---------------------------------
| rollout/           |          |
|    ep_len_mean     | 231      |
|    ep_rew_mean     | 260      |
| time/              |          |
|    episodes        | 1356     |
|    fps             | 221      |
|    time_elapsed    | 1636     |
|    total_timesteps | 361696   |
| train/             |          |
|    actor_loss      | -64.1    |
|    critic_loss     | 8.17     |
|    ent_coef        | 0.0685   |
|    ent_coef_loss   | 0.188    |
|    learning_rate   | 0.000202 |
|    n_updates       | 351688   |
---------------------------------
---------------------------------
| rollout/           |          |
|    ep_len_mean     | 232      |
|    ep_rew_mean     | 260      |
| time/              |          |
|    episodes        | 1360     |
|    fps             | 220      |
|    time_elapsed    | 1641     |
|    total_timesteps | 362784   |
| train/             |          |
|    actor_loss      | -64.8    |
|    critic_loss     | 6.23     |
|    ent_coef        | 0.0683   |
|    ent_coef_loss   | -0.0996  |
|    learning_rate   | 0.0002   |
|    n_updates       | 352776   |
---------------------------------
---------------------------------
| rollout/           |          |
|    ep_len_mean     | 232      |
|    ep_rew_mean     | 260      |
| time/              |          |
|    episodes        | 1364     |
|    fps             | 220      |
|    time_elapsed    | 1647     |
|    total_timesteps | 364088   |
| train/             |          |
|    actor_loss      | -63.6    |
|    critic_loss     | 6.29     |
|    ent_coef        | 0.0698   |
|    ent_coef_loss   | -0.0962  |
|    learning_rate   | 0.000198 |
|    n_updates       | 354080   |
---------------------------------
---------------------------------
| rollout/           |          |
|    ep_len_mean     | 232      |
|    ep_rew_mean     | 260      |
| time/              |          |
|    episodes        | 1368     |
|    fps             | 220      |
|    time_elapsed    | 1650     |
|    total_timesteps | 364744   |
| train/             |          |
|    actor_loss      | -65.4    |
|    critic_loss     | 7.64     |
|    ent_coef        | 0.0698   |
|    ent_coef_loss   | 0.119    |
|    learning_rate   | 0.000197 |
|    n_updates       | 354736   |
---------------------------------
---------------------------------
| rollout/           |          |
|    ep_len_mean     | 233      |
|    ep_rew_mean     | 260      |
| time/              |          |
|    episodes        | 1372     |
|    fps             | 220      |
|    time_elapsed    | 1655     |
|    total_timesteps | 365792   |
| train/             |          |
|    actor_loss      | -65      |
|    critic_loss     | 5.57     |
|    ent_coef        | 0.0687   |
|    ent_coef_loss   | -0.0984  |
|    learning_rate   | 0.000196 |
|    n_updates       | 355784   |
---------------------------------
---------------------------------
| rollout/           |          |
|    ep_len_mean     | 227      |
|    ep_rew_mean     | 262      |
| time/              |          |
|    episodes        | 1376     |
|    fps             | 220      |
|    time_elapsed    | 1657     |
|    total_timesteps | 366352   |
| train/             |          |
|    actor_loss      | -65      |
|    critic_loss     | 8.19     |
|    ent_coef        | 0.0691   |
|    ent_coef_loss   | -0.0373  |
|    learning_rate   | 0.000195 |
|    n_updates       | 356344   |
---------------------------------
---------------------------------
| rollout/           |          |
|    ep_len_mean     | 227      |
|    ep_rew_mean     | 262      |
| time/              |          |
|    episodes        | 1380     |
|    fps             | 220      |
|    time_elapsed    | 1663     |
|    total_timesteps | 367576   |
| train/             |          |
|    actor_loss      | -65.7    |
|    critic_loss     | 8.07     |
|    ent_coef        | 0.0689   |
|    ent_coef_loss   | -0.101   |
|    learning_rate   | 0.000193 |
|    n_updates       | 357568   |
---------------------------------
---------------------------------
| rollout/           |          |
|    ep_len_mean     | 226      |
|    ep_rew_mean     | 263      |
| time/              |          |
|    episodes        | 1384     |
|    fps             | 220      |
|    time_elapsed    | 1664     |
|    total_timesteps | 367848   |
| train/             |          |
|    actor_loss      | -65.6    |
|    critic_loss     | 8.73     |
|    ent_coef        | 0.0687   |
|    ent_coef_loss   | 0.00485  |
|    learning_rate   | 0.000193 |
|    n_updates       | 357840   |
---------------------------------
---------------------------------
| rollout/           |          |
|    ep_len_mean     | 228      |
|    ep_rew_mean     | 262      |
| time/              |          |
|    episodes        | 1388     |
|    fps             | 220      |
|    time_elapsed    | 1670     |
|    total_timesteps | 369080   |
| train/             |          |
|    actor_loss      | -64.8    |
|    critic_loss     | 9.72     |
|    ent_coef        | 0.0693   |
|    ent_coef_loss   | 0.0287   |
|    learning_rate   | 0.000191 |
|    n_updates       | 359072   |
---------------------------------
---------------------------------
| rollout/           |          |
|    ep_len_mean     | 228      |
|    ep_rew_mean     | 262      |
| time/              |          |
|    episodes        | 1392     |
|    fps             | 220      |
|    time_elapsed    | 1672     |
|    total_timesteps | 369608   |
| train/             |          |
|    actor_loss      | -64      |
|    critic_loss     | 9.81     |
|    ent_coef        | 0.069    |
|    ent_coef_loss   | 0.21     |
|    learning_rate   | 0.00019  |
|    n_updates       | 359600   |
---------------------------------
Eval num_timesteps=370000, episode_reward=272.37 +/- 11.65
Episode length: 254.40 +/- 95.26
---------------------------------
| eval/              |          |
|    mean_ep_length  | 254      |
|    mean_reward     | 272      |
| time/              |          |
|    total_timesteps | 370000   |
| train/             |          |
|    actor_loss      | -65.9    |
|    critic_loss     | 5.65     |
|    ent_coef        | 0.0688   |
|    ent_coef_loss   | -0.136   |
|    learning_rate   | 0.00019  |
|    n_updates       | 359992   |
---------------------------------
---------------------------------
| rollout/           |          |
|    ep_len_mean     | 226      |
|    ep_rew_mean     | 262      |
| time/              |          |
|    episodes        | 1396     |
|    fps             | 220      |
|    time_elapsed    | 1678     |
|    total_timesteps | 370688   |
| train/             |          |
|    actor_loss      | -64      |
|    critic_loss     | 10.8     |
|    ent_coef        | 0.0683   |
|    ent_coef_loss   | 0.467    |
|    learning_rate   | 0.000189 |
|    n_updates       | 360680   |
---------------------------------
---------------------------------
| rollout/           |          |
|    ep_len_mean     | 227      |
|    ep_rew_mean     | 262      |
| time/              |          |
|    episodes        | 1400     |
|    fps             | 220      |
|    time_elapsed    | 1681     |
|    total_timesteps | 371256   |
| train/             |          |
|    actor_loss      | -64.9    |
|    critic_loss     | 7.56     |
|    ent_coef        | 0.0701   |
|    ent_coef_loss   | 0.258    |
|    learning_rate   | 0.000188 |
|    n_updates       | 361248   |
---------------------------------
---------------------------------
| rollout/           |          |
|    ep_len_mean     | 226      |
|    ep_rew_mean     | 262      |
| time/              |          |
|    episodes        | 1404     |
|    fps             | 220      |
|    time_elapsed    | 1685     |
|    total_timesteps | 372152   |
| train/             |          |
|    actor_loss      | -64.7    |
|    critic_loss     | 11.1     |
|    ent_coef        | 0.0696   |
|    ent_coef_loss   | 0.262    |
|    learning_rate   | 0.000187 |
|    n_updates       | 362144   |
---------------------------------
---------------------------------
| rollout/           |          |
|    ep_len_mean     | 225      |
|    ep_rew_mean     | 261      |
| time/              |          |
|    episodes        | 1408     |
|    fps             | 220      |
|    time_elapsed    | 1688     |
|    total_timesteps | 372904   |
| train/             |          |
|    actor_loss      | -65.4    |
|    critic_loss     | 9.86     |
|    ent_coef        | 0.0694   |
|    ent_coef_loss   | -0.0826  |
|    learning_rate   | 0.000186 |
|    n_updates       | 362896   |
---------------------------------
---------------------------------
| rollout/           |          |
|    ep_len_mean     | 223      |
|    ep_rew_mean     | 261      |
| time/              |          |
|    episodes        | 1412     |
|    fps             | 220      |
|    time_elapsed    | 1691     |
|    total_timesteps | 373648   |
| train/             |          |
|    actor_loss      | -65.1    |
|    critic_loss     | 7.25     |
|    ent_coef        | 0.0688   |
|    ent_coef_loss   | -0.00637 |
|    learning_rate   | 0.000184 |
|    n_updates       | 363640   |
---------------------------------
---------------------------------
| rollout/           |          |
|    ep_len_mean     | 222      |
|    ep_rew_mean     | 261      |
| time/              |          |
|    episodes        | 1416     |
|    fps             | 220      |
|    time_elapsed    | 1696     |
|    total_timesteps | 374752   |
| train/             |          |
|    actor_loss      | -65      |
|    critic_loss     | 7.34     |
|    ent_coef        | 0.0682   |
|    ent_coef_loss   | 0.169    |
|    learning_rate   | 0.000183 |
|    n_updates       | 364744   |
---------------------------------
---------------------------------
| rollout/           |          |
|    ep_len_mean     | 222      |
|    ep_rew_mean     | 261      |
| time/              |          |
|    episodes        | 1420     |
|    fps             | 220      |
|    time_elapsed    | 1698     |
|    total_timesteps | 375224   |
| train/             |          |
|    actor_loss      | -64.8    |
|    critic_loss     | 9.28     |
|    ent_coef        | 0.0679   |
|    ent_coef_loss   | 0.361    |
|    learning_rate   | 0.000182 |
|    n_updates       | 365216   |
---------------------------------
---------------------------------
| rollout/           |          |
|    ep_len_mean     | 221      |
|    ep_rew_mean     | 261      |
| time/              |          |
|    episodes        | 1424     |
|    fps             | 220      |
|    time_elapsed    | 1704     |
|    total_timesteps | 376424   |
| train/             |          |
|    actor_loss      | -65.1    |
|    critic_loss     | 5.87     |
|    ent_coef        | 0.0687   |
|    ent_coef_loss   | -0.128   |
|    learning_rate   | 0.00018  |
|    n_updates       | 366416   |
---------------------------------
---------------------------------
| rollout/           |          |
|    ep_len_mean     | 218      |
|    ep_rew_mean     | 260      |
| time/              |          |
|    episodes        | 1428     |
|    fps             | 220      |
|    time_elapsed    | 1706     |
|    total_timesteps | 376912   |
| train/             |          |
|    actor_loss      | -64.6    |
|    critic_loss     | 11.1     |
|    ent_coef        | 0.0675   |
|    ent_coef_loss   | -0.0707  |
|    learning_rate   | 0.00018  |
|    n_updates       | 366904   |
---------------------------------
---------------------------------
| rollout/           |          |
|    ep_len_mean     | 218      |
|    ep_rew_mean     | 260      |
| time/              |          |
|    episodes        | 1432     |
|    fps             | 220      |
|    time_elapsed    | 1711     |
|    total_timesteps | 378056   |
| train/             |          |
|    actor_loss      | -65.1    |
|    critic_loss     | 15.7     |
|    ent_coef        | 0.0682   |
|    ent_coef_loss   | -0.0627  |
|    learning_rate   | 0.000178 |
|    n_updates       | 368048   |
---------------------------------
---------------------------------
| rollout/           |          |
|    ep_len_mean     | 217      |
|    ep_rew_mean     | 260      |
| time/              |          |
|    episodes        | 1436     |
|    fps             | 220      |
|    time_elapsed    | 1713     |
|    total_timesteps | 378376   |
| train/             |          |
|    actor_loss      | -64.9    |
|    critic_loss     | 8.14     |
|    ent_coef        | 0.0683   |
|    ent_coef_loss   | -0.0804  |
|    learning_rate   | 0.000178 |
|    n_updates       | 368368   |
---------------------------------
---------------------------------
| rollout/           |          |
|    ep_len_mean     | 217      |
|    ep_rew_mean     | 259      |
| time/              |          |
|    episodes        | 1440     |
|    fps             | 220      |
|    time_elapsed    | 1718     |
|    total_timesteps | 379576   |
| train/             |          |
|    actor_loss      | -64.7    |
|    critic_loss     | 12.2     |
|    ent_coef        | 0.0693   |
|    ent_coef_loss   | -0.112   |
|    learning_rate   | 0.000176 |
|    n_updates       | 369568   |
---------------------------------
Eval num_timesteps=380000, episode_reward=267.69 +/- 21.14
Episode length: 244.80 +/- 58.76
---------------------------------
| eval/              |          |
|    mean_ep_length  | 245      |
|    mean_reward     | 268      |
| time/              |          |
|    total_timesteps | 380000   |
| train/             |          |
|    actor_loss      | -66      |
|    critic_loss     | 6.36     |
|    ent_coef        | 0.07     |
|    ent_coef_loss   | -0.245   |
|    learning_rate   | 0.000175 |
|    n_updates       | 369992   |
---------------------------------
---------------------------------
| rollout/           |          |
|    ep_len_mean     | 217      |
|    ep_rew_mean     | 260      |
| time/              |          |
|    episodes        | 1444     |
|    fps             | 220      |
|    time_elapsed    | 1722     |
|    total_timesteps | 380232   |
| train/             |          |
|    actor_loss      | -65.7    |
|    critic_loss     | 9.74     |
|    ent_coef        | 0.0696   |
|    ent_coef_loss   | -0.219   |
|    learning_rate   | 0.000175 |
|    n_updates       | 370224   |
---------------------------------
---------------------------------
| rollout/           |          |
|    ep_len_mean     | 210      |
|    ep_rew_mean     | 263      |
| time/              |          |
|    episodes        | 1448     |
|    fps             | 220      |
|    time_elapsed    | 1727     |
|    total_timesteps | 381368   |
| train/             |          |
|    actor_loss      | -65.8    |
|    critic_loss     | 6.94     |
|    ent_coef        | 0.0688   |
|    ent_coef_loss   | 0.0326   |
|    learning_rate   | 0.000173 |
|    n_updates       | 371360   |
---------------------------------
---------------------------------
| rollout/           |          |
|    ep_len_mean     | 212      |
|    ep_rew_mean     | 263      |
| time/              |          |
|    episodes        | 1452     |
|    fps             | 220      |
|    time_elapsed    | 1732     |
|    total_timesteps | 382448   |
| train/             |          |
|    actor_loss      | -65.3    |
|    critic_loss     | 7.94     |
|    ent_coef        | 0.0686   |
|    ent_coef_loss   | -0.276   |
|    learning_rate   | 0.000172 |
|    n_updates       | 372440   |
---------------------------------
---------------------------------
| rollout/           |          |
|    ep_len_mean     | 213      |
|    ep_rew_mean     | 263      |
| time/              |          |
|    episodes        | 1456     |
|    fps             | 220      |
|    time_elapsed    | 1734     |
|    total_timesteps | 382848   |
| train/             |          |
|    actor_loss      | -65      |
|    critic_loss     | 3.95     |
|    ent_coef        | 0.0688   |
|    ent_coef_loss   | -0.259   |
|    learning_rate   | 0.000171 |
|    n_updates       | 372840   |
---------------------------------
---------------------------------
| rollout/           |          |
|    ep_len_mean     | 214      |
|    ep_rew_mean     | 263      |
| time/              |          |
|    episodes        | 1460     |
|    fps             | 220      |
|    time_elapsed    | 1740     |
|    total_timesteps | 384104   |
| train/             |          |
|    actor_loss      | -66.1    |
|    critic_loss     | 9.77     |
|    ent_coef        | 0.0687   |
|    ent_coef_loss   | -0.067   |
|    learning_rate   | 0.000169 |
|    n_updates       | 374096   |
---------------------------------
---------------------------------
| rollout/           |          |
|    ep_len_mean     | 213      |
|    ep_rew_mean     | 262      |
| time/              |          |
|    episodes        | 1464     |
|    fps             | 220      |
|    time_elapsed    | 1742     |
|    total_timesteps | 384504   |
| train/             |          |
|    actor_loss      | -65.1    |
|    critic_loss     | 8.4      |
|    ent_coef        | 0.0686   |
|    ent_coef_loss   | 0.0882   |
|    learning_rate   | 0.000169 |
|    n_updates       | 374496   |
---------------------------------
---------------------------------
| rollout/           |          |
|    ep_len_mean     | 211      |
|    ep_rew_mean     | 262      |
| time/              |          |
|    episodes        | 1468     |
|    fps             | 220      |
|    time_elapsed    | 1746     |
|    total_timesteps | 385520   |
| train/             |          |
|    actor_loss      | -65.5    |
|    critic_loss     | 6.86     |
|    ent_coef        | 0.0687   |
|    ent_coef_loss   | 0.147    |
|    learning_rate   | 0.000167 |
|    n_updates       | 375512   |
---------------------------------
---------------------------------
| rollout/           |          |
|    ep_len_mean     | 209      |
|    ep_rew_mean     | 262      |
| time/              |          |
|    episodes        | 1472     |
|    fps             | 220      |
|    time_elapsed    | 1751     |
|    total_timesteps | 386520   |
| train/             |          |
|    actor_loss      | -64.6    |
|    critic_loss     | 10.6     |
|    ent_coef        | 0.0684   |
|    ent_coef_loss   | -0.0506  |
|    learning_rate   | 0.000166 |
|    n_updates       | 376512   |
---------------------------------
---------------------------------
| rollout/           |          |
|    ep_len_mean     | 208      |
|    ep_rew_mean     | 266      |
| time/              |          |
|    episodes        | 1476     |
|    fps             | 220      |
|    time_elapsed    | 1755     |
|    total_timesteps | 387392   |
| train/             |          |
|    actor_loss      | -64.8    |
|    critic_loss     | 9.59     |
|    ent_coef        | 0.0693   |
|    ent_coef_loss   | 0.105    |
|    learning_rate   | 0.000164 |
|    n_updates       | 377384   |
---------------------------------
---------------------------------
| rollout/           |          |
|    ep_len_mean     | 209      |
|    ep_rew_mean     | 266      |
| time/              |          |
|    episodes        | 1480     |
|    fps             | 220      |
|    time_elapsed    | 1757     |
|    total_timesteps | 387984   |
| train/             |          |
|    actor_loss      | -65.9    |
|    critic_loss     | 6.89     |
|    ent_coef        | 0.0684   |
|    ent_coef_loss   | 0.0941   |
|    learning_rate   | 0.000164 |
|    n_updates       | 377976   |
---------------------------------
---------------------------------
| rollout/           |          |
|    ep_len_mean     | 211      |
|    ep_rew_mean     | 267      |
| time/              |          |
|    episodes        | 1484     |
|    fps             | 220      |
|    time_elapsed    | 1763     |
|    total_timesteps | 389232   |
| train/             |          |
|    actor_loss      | -66.5    |
|    critic_loss     | 8.7      |
|    ent_coef        | 0.0683   |
|    ent_coef_loss   | 0.0348   |
|    learning_rate   | 0.000162 |
|    n_updates       | 379224   |
---------------------------------
---------------------------------
| rollout/           |          |
|    ep_len_mean     | 210      |
|    ep_rew_mean     | 267      |
| time/              |          |
|    episodes        | 1488     |
|    fps             | 220      |
|    time_elapsed    | 1765     |
|    total_timesteps | 389752   |
| train/             |          |
|    actor_loss      | -66.1    |
|    critic_loss     | 6.91     |
|    ent_coef        | 0.0681   |
|    ent_coef_loss   | -0.124   |
|    learning_rate   | 0.000161 |
|    n_updates       | 379744   |
---------------------------------
Eval num_timesteps=390000, episode_reward=274.25 +/- 14.64
Episode length: 205.60 +/- 26.73
---------------------------------
| eval/              |          |
|    mean_ep_length  | 206      |
|    mean_reward     | 274      |
| time/              |          |
|    total_timesteps | 390000   |
| train/             |          |
|    actor_loss      | -66.1    |
|    critic_loss     | 7.82     |
|    ent_coef        | 0.0683   |
|    ent_coef_loss   | 0.243    |
|    learning_rate   | 0.000161 |
|    n_updates       | 379992   |
---------------------------------
---------------------------------
| rollout/           |          |
|    ep_len_mean     | 210      |
|    ep_rew_mean     | 267      |
| time/              |          |
|    episodes        | 1492     |
|    fps             | 220      |
|    time_elapsed    | 1771     |
|    total_timesteps | 391040   |
| train/             |          |
|    actor_loss      | -66.3    |
|    critic_loss     | 8.59     |
|    ent_coef        | 0.0675   |
|    ent_coef_loss   | -0.268   |
|    learning_rate   | 0.000159 |
|    n_updates       | 381032   |
---------------------------------
---------------------------------
| rollout/           |          |
|    ep_len_mean     | 210      |
|    ep_rew_mean     | 267      |
| time/              |          |
|    episodes        | 1496     |
|    fps             | 220      |
|    time_elapsed    | 1773     |
|    total_timesteps | 391480   |
| train/             |          |
|    actor_loss      | -64.4    |
|    critic_loss     | 11.2     |
|    ent_coef        | 0.0674   |
|    ent_coef_loss   | 0.0809   |
|    learning_rate   | 0.000158 |
|    n_updates       | 381472   |
---------------------------------
---------------------------------
| rollout/           |          |
|    ep_len_mean     | 210      |
|    ep_rew_mean     | 266      |
| time/              |          |
|    episodes        | 1500     |
|    fps             | 220      |
|    time_elapsed    | 1778     |
|    total_timesteps | 392552   |
| train/             |          |
|    actor_loss      | -67      |
|    critic_loss     | 6.79     |
|    ent_coef        | 0.0683   |
|    ent_coef_loss   | 0.0198   |
|    learning_rate   | 0.000157 |
|    n_updates       | 382544   |
---------------------------------
---------------------------------
| rollout/           |          |
|    ep_len_mean     | 211      |
|    ep_rew_mean     | 266      |
| time/              |          |
|    episodes        | 1504     |
|    fps             | 220      |
|    time_elapsed    | 1783     |
|    total_timesteps | 393504   |
| train/             |          |
|    actor_loss      | -65.2    |
|    critic_loss     | 5.14     |
|    ent_coef        | 0.0694   |
|    ent_coef_loss   | 0.0708   |
|    learning_rate   | 0.000155 |
|    n_updates       | 383496   |
---------------------------------
---------------------------------
| rollout/           |          |
|    ep_len_mean     | 214      |
|    ep_rew_mean     | 266      |
| time/              |          |
|    episodes        | 1508     |
|    fps             | 220      |
|    time_elapsed    | 1788     |
|    total_timesteps | 394592   |
| train/             |          |
|    actor_loss      | -66.6    |
|    critic_loss     | 8.85     |
|    ent_coef        | 0.0688   |
|    ent_coef_loss   | 0.0214   |
|    learning_rate   | 0.000154 |
|    n_updates       | 384584   |
---------------------------------
---------------------------------
| rollout/           |          |
|    ep_len_mean     | 216      |
|    ep_rew_mean     | 266      |
| time/              |          |
|    episodes        | 1512     |
|    fps             | 220      |
|    time_elapsed    | 1791     |
|    total_timesteps | 395232   |
| train/             |          |
|    actor_loss      | -66.5    |
|    critic_loss     | 8.07     |
|    ent_coef        | 0.069    |
|    ent_coef_loss   | -0.226   |
|    learning_rate   | 0.000153 |
|    n_updates       | 385224   |
---------------------------------
---------------------------------
| rollout/           |          |
|    ep_len_mean     | 216      |
|    ep_rew_mean     | 266      |
| time/              |          |
|    episodes        | 1516     |
|    fps             | 220      |
|    time_elapsed    | 1796     |
|    total_timesteps | 396400   |
| train/             |          |
|    actor_loss      | -66.7    |
|    critic_loss     | 10.4     |
|    ent_coef        | 0.0687   |
|    ent_coef_loss   | -0.131   |
|    learning_rate   | 0.000151 |
|    n_updates       | 386392   |
---------------------------------
---------------------------------
| rollout/           |          |
|    ep_len_mean     | 216      |
|    ep_rew_mean     | 266      |
| time/              |          |
|    episodes        | 1520     |
|    fps             | 220      |
|    time_elapsed    | 1799     |
|    total_timesteps | 397056   |
| train/             |          |
|    actor_loss      | -65.5    |
|    critic_loss     | 8.2      |
|    ent_coef        | 0.0684   |
|    ent_coef_loss   | -0.0416  |
|    learning_rate   | 0.00015  |
|    n_updates       | 387048   |
---------------------------------
---------------------------------
| rollout/           |          |
|    ep_len_mean     | 219      |
|    ep_rew_mean     | 267      |
| time/              |          |
|    episodes        | 1524     |
|    fps             | 220      |
|    time_elapsed    | 1803     |
|    total_timesteps | 397968   |
| train/             |          |
|    actor_loss      | -67.1    |
|    critic_loss     | 6.82     |
|    ent_coef        | 0.0685   |
|    ent_coef_loss   | -0.213   |
|    learning_rate   | 0.000149 |
|    n_updates       | 387960   |
---------------------------------
---------------------------------
| rollout/           |          |
|    ep_len_mean     | 220      |
|    ep_rew_mean     | 268      |
| time/              |          |
|    episodes        | 1528     |
|    fps             | 220      |
|    time_elapsed    | 1809     |
|    total_timesteps | 399152   |
| train/             |          |
|    actor_loss      | -65.4    |
|    critic_loss     | 7.02     |
|    ent_coef        | 0.0693   |
|    ent_coef_loss   | -0.03    |
|    learning_rate   | 0.000147 |
|    n_updates       | 389144   |
---------------------------------
---------------------------------
| rollout/           |          |
|    ep_len_mean     | 219      |
|    ep_rew_mean     | 268      |
| time/              |          |
|    episodes        | 1532     |
|    fps             | 220      |
|    time_elapsed    | 1811     |
|    total_timesteps | 399656   |
| train/             |          |
|    actor_loss      | -66.9    |
|    critic_loss     | 7.36     |
|    ent_coef        | 0.069    |
|    ent_coef_loss   | 0.111    |
|    learning_rate   | 0.000147 |
|    n_updates       | 389648   |
---------------------------------
Eval num_timesteps=400000, episode_reward=275.25 +/- 17.10
Episode length: 219.00 +/- 57.38
---------------------------------
| eval/              |          |
|    mean_ep_length  | 219      |
|    mean_reward     | 275      |
| time/              |          |
|    total_timesteps | 400000   |
| train/             |          |
|    actor_loss      | -66.8    |
|    critic_loss     | 8.11     |
|    ent_coef        | 0.069    |
|    ent_coef_loss   | -0.0364  |
|    learning_rate   | 0.000146 |
|    n_updates       | 389992   |
---------------------------------
---------------------------------
| rollout/           |          |
|    ep_len_mean     | 221      |
|    ep_rew_mean     | 268      |
| time/              |          |
|    episodes        | 1536     |
|    fps             | 220      |
|    time_elapsed    | 1817     |
|    total_timesteps | 400928   |
| train/             |          |
|    actor_loss      | -65.3    |
|    critic_loss     | 6.85     |
|    ent_coef        | 0.0694   |
|    ent_coef_loss   | 0.0834   |
|    learning_rate   | 0.000145 |
|    n_updates       | 390920   |
---------------------------------
---------------------------------
| rollout/           |          |
|    ep_len_mean     | 221      |
|    ep_rew_mean     | 269      |
| time/              |          |
|    episodes        | 1540     |
|    fps             | 220      |
|    time_elapsed    | 1820     |
|    total_timesteps | 401408   |
| train/             |          |
|    actor_loss      | -65.4    |
|    critic_loss     | 5.91     |
|    ent_coef        | 0.07     |
|    ent_coef_loss   | -0.0252  |
|    learning_rate   | 0.000144 |
|    n_updates       | 391400   |
---------------------------------
---------------------------------
| rollout/           |          |
|    ep_len_mean     | 220      |
|    ep_rew_mean     | 269      |
| time/              |          |
|    episodes        | 1544     |
|    fps             | 220      |
|    time_elapsed    | 1824     |
|    total_timesteps | 402288   |
| train/             |          |
|    actor_loss      | -66.2    |
|    critic_loss     | 14       |
|    ent_coef        | 0.0706   |
|    ent_coef_loss   | 0.0134   |
|    learning_rate   | 0.000143 |
|    n_updates       | 392280   |
---------------------------------
---------------------------------
| rollout/           |          |
|    ep_len_mean     | 220      |
|    ep_rew_mean     | 267      |
| time/              |          |
|    episodes        | 1548     |
|    fps             | 220      |
|    time_elapsed    | 1827     |
|    total_timesteps | 403080   |
| train/             |          |
|    actor_loss      | -66.1    |
|    critic_loss     | 6.01     |
|    ent_coef        | 0.0695   |
|    ent_coef_loss   | -0.0518  |
|    learning_rate   | 0.000142 |
|    n_updates       | 393072   |
---------------------------------
---------------------------------
| rollout/           |          |
|    ep_len_mean     | 217      |
|    ep_rew_mean     | 267      |
| time/              |          |
|    episodes        | 1552     |
|    fps             | 220      |
|    time_elapsed    | 1832     |
|    total_timesteps | 404040   |
| train/             |          |
|    actor_loss      | -65.9    |
|    critic_loss     | 5.12     |
|    ent_coef        | 0.0698   |
|    ent_coef_loss   | -0.281   |
|    learning_rate   | 0.00014  |
|    n_updates       | 394032   |
---------------------------------
---------------------------------
| rollout/           |          |
|    ep_len_mean     | 217      |
|    ep_rew_mean     | 267      |
| time/              |          |
|    episodes        | 1556     |
|    fps             | 220      |
|    time_elapsed    | 1836     |
|    total_timesteps | 404912   |
| train/             |          |
|    actor_loss      | -65.7    |
|    critic_loss     | 10.4     |
|    ent_coef        | 0.0697   |
|    ent_coef_loss   | 0.183    |
|    learning_rate   | 0.000139 |
|    n_updates       | 394904   |
---------------------------------
---------------------------------
| rollout/           |          |
|    ep_len_mean     | 216      |
|    ep_rew_mean     | 267      |
| time/              |          |
|    episodes        | 1560     |
|    fps             | 220      |
|    time_elapsed    | 1840     |
|    total_timesteps | 405776   |
| train/             |          |
|    actor_loss      | -66.6    |
|    critic_loss     | 11.7     |
|    ent_coef        | 0.0691   |
|    ent_coef_loss   | -0.141   |
|    learning_rate   | 0.000138 |
|    n_updates       | 395768   |
---------------------------------
---------------------------------
| rollout/           |          |
|    ep_len_mean     | 216      |
|    ep_rew_mean     | 267      |
| time/              |          |
|    episodes        | 1564     |
|    fps             | 220      |
|    time_elapsed    | 1842     |
|    total_timesteps | 406232   |
| train/             |          |
|    actor_loss      | -65.8    |
|    critic_loss     | 7.03     |
|    ent_coef        | 0.069    |
|    ent_coef_loss   | 0.143    |
|    learning_rate   | 0.000137 |
|    n_updates       | 396224   |
---------------------------------
---------------------------------
| rollout/           |          |
|    ep_len_mean     | 215      |
|    ep_rew_mean     | 266      |
| time/              |          |
|    episodes        | 1568     |
|    fps             | 220      |
|    time_elapsed    | 1847     |
|    total_timesteps | 407248   |
| train/             |          |
|    actor_loss      | -66      |
|    critic_loss     | 6.68     |
|    ent_coef        | 0.0682   |
|    ent_coef_loss   | -0.028   |
|    learning_rate   | 0.000135 |
|    n_updates       | 397240   |
---------------------------------
---------------------------------
| rollout/           |          |
|    ep_len_mean     | 214      |
|    ep_rew_mean     | 267      |
| time/              |          |
|    episodes        | 1572     |
|    fps             | 220      |
|    time_elapsed    | 1850     |
|    total_timesteps | 408096   |
| train/             |          |
|    actor_loss      | -65      |
|    critic_loss     | 6.3      |
|    ent_coef        | 0.0687   |
|    ent_coef_loss   | 0.153    |
|    learning_rate   | 0.000134 |
|    n_updates       | 398088   |
---------------------------------
---------------------------------
| rollout/           |          |
|    ep_len_mean     | 218      |
|    ep_rew_mean     | 267      |
| time/              |          |
|    episodes        | 1576     |
|    fps             | 220      |
|    time_elapsed    | 1856     |
|    total_timesteps | 409280   |
| train/             |          |
|    actor_loss      | -66.4    |
|    critic_loss     | 7.16     |
|    ent_coef        | 0.0688   |
|    ent_coef_loss   | 0.0703   |
|    learning_rate   | 0.000132 |
|    n_updates       | 399272   |
---------------------------------
Eval num_timesteps=410000, episode_reward=216.97 +/- 157.69
Episode length: 225.90 +/- 40.25
---------------------------------
| eval/              |          |
|    mean_ep_length  | 226      |
|    mean_reward     | 217      |
| time/              |          |
|    total_timesteps | 410000   |
| train/             |          |
|    actor_loss      | -65.8    |
|    critic_loss     | 8.75     |
|    ent_coef        | 0.0688   |
|    ent_coef_loss   | 0.17     |
|    learning_rate   | 0.000131 |
|    n_updates       | 399992   |
---------------------------------
---------------------------------
| rollout/           |          |
|    ep_len_mean     | 219      |
|    ep_rew_mean     | 267      |
| time/              |          |
|    episodes        | 1580     |
|    fps             | 220      |
|    time_elapsed    | 1862     |
|    total_timesteps | 410400   |
| train/             |          |
|    actor_loss      | -67.5    |
|    critic_loss     | 9.08     |
|    ent_coef        | 0.0684   |
|    ent_coef_loss   | -0.264   |
|    learning_rate   | 0.000131 |
|    n_updates       | 400392   |
---------------------------------
---------------------------------
| rollout/           |          |
|    ep_len_mean     | 221      |
|    ep_rew_mean     | 267      |
| time/              |          |
|    episodes        | 1584     |
|    fps             | 220      |
|    time_elapsed    | 1865     |
|    total_timesteps | 411104   |
| train/             |          |
|    actor_loss      | -67.4    |
|    critic_loss     | 7.48     |
|    ent_coef        | 0.0687   |
|    ent_coef_loss   | -0.0758  |
|    learning_rate   | 0.00013  |
|    n_updates       | 401096   |
---------------------------------
---------------------------------
| rollout/           |          |
|    ep_len_mean     | 221      |
|    ep_rew_mean     | 267      |
| time/              |          |
|    episodes        | 1588     |
|    fps             | 220      |
|    time_elapsed    | 1870     |
|    total_timesteps | 412192   |
| train/             |          |
|    actor_loss      | -65.8    |
|    critic_loss     | 6.29     |
|    ent_coef        | 0.0687   |
|    ent_coef_loss   | -0.105   |
|    learning_rate   | 0.000128 |
|    n_updates       | 402184   |
---------------------------------
---------------------------------
| rollout/           |          |
|    ep_len_mean     | 220      |
|    ep_rew_mean     | 268      |
| time/              |          |
|    episodes        | 1592     |
|    fps             | 220      |
|    time_elapsed    | 1872     |
|    total_timesteps | 412648   |
| train/             |          |
|    actor_loss      | -66.3    |
|    critic_loss     | 10.7     |
|    ent_coef        | 0.0689   |
|    ent_coef_loss   | -0.0332  |
|    learning_rate   | 0.000128 |
|    n_updates       | 402640   |
---------------------------------
---------------------------------
| rollout/           |          |
|    ep_len_mean     | 220      |
|    ep_rew_mean     | 268      |
| time/              |          |
|    episodes        | 1596     |
|    fps             | 220      |
|    time_elapsed    | 1878     |
|    total_timesteps | 413936   |
| train/             |          |
|    actor_loss      | -65.6    |
|    critic_loss     | 18.6     |
|    ent_coef        | 0.0689   |
|    ent_coef_loss   | -0.137   |
|    learning_rate   | 0.000126 |
|    n_updates       | 403928   |
---------------------------------
---------------------------------
| rollout/           |          |
|    ep_len_mean     | 221      |
|    ep_rew_mean     | 269      |
| time/              |          |
|    episodes        | 1600     |
|    fps             | 220      |
|    time_elapsed    | 1880     |
|    total_timesteps | 414344   |
| train/             |          |
|    actor_loss      | -66.3    |
|    critic_loss     | 9.55     |
|    ent_coef        | 0.0695   |
|    ent_coef_loss   | 0.408    |
|    learning_rate   | 0.000125 |
|    n_updates       | 404336   |
---------------------------------
---------------------------------
| rollout/           |          |
|    ep_len_mean     | 220      |
|    ep_rew_mean     | 269      |
| time/              |          |
|    episodes        | 1604     |
|    fps             | 220      |
|    time_elapsed    | 1885     |
|    total_timesteps | 415328   |
| train/             |          |
|    actor_loss      | -66.1    |
|    critic_loss     | 6.39     |
|    ent_coef        | 0.0699   |
|    ent_coef_loss   | -0.123   |
|    learning_rate   | 0.000124 |
|    n_updates       | 405320   |
---------------------------------
---------------------------------
| rollout/           |          |
|    ep_len_mean     | 217      |
|    ep_rew_mean     | 269      |
| time/              |          |
|    episodes        | 1608     |
|    fps             | 220      |
|    time_elapsed    | 1887     |
|    total_timesteps | 415792   |
| train/             |          |
|    actor_loss      | -65.6    |
|    critic_loss     | 10.9     |
|    ent_coef        | 0.0697   |
|    ent_coef_loss   | 0.018    |
|    learning_rate   | 0.000123 |
|    n_updates       | 405784   |
---------------------------------
---------------------------------
| rollout/           |          |
|    ep_len_mean     | 214      |
|    ep_rew_mean     | 269      |
| time/              |          |
|    episodes        | 1612     |
|    fps             | 220      |
|    time_elapsed    | 1891     |
|    total_timesteps | 416816   |
| train/             |          |
|    actor_loss      | -66      |
|    critic_loss     | 7.05     |
|    ent_coef        | 0.0676   |
|    ent_coef_loss   | 0.21     |
|    learning_rate   | 0.000121 |
|    n_updates       | 406808   |
---------------------------------
---------------------------------
| rollout/           |          |
|    ep_len_mean     | 214      |
|    ep_rew_mean     | 270      |
| time/              |          |
|    episodes        | 1616     |
|    fps             | 220      |
|    time_elapsed    | 1895     |
|    total_timesteps | 417512   |
| train/             |          |
|    actor_loss      | -66.3    |
|    critic_loss     | 9.56     |
|    ent_coef        | 0.0679   |
|    ent_coef_loss   | -0.269   |
|    learning_rate   | 0.00012  |
|    n_updates       | 407504   |
---------------------------------
---------------------------------
| rollout/           |          |
|    ep_len_mean     | 214      |
|    ep_rew_mean     | 269      |
| time/              |          |
|    episodes        | 1620     |
|    fps             | 220      |
|    time_elapsed    | 1898     |
|    total_timesteps | 418352   |
| train/             |          |
|    actor_loss      | -66.8    |
|    critic_loss     | 5.98     |
|    ent_coef        | 0.0681   |
|    ent_coef_loss   | 0.169    |
|    learning_rate   | 0.000119 |
|    n_updates       | 408344   |
---------------------------------
---------------------------------
| rollout/           |          |
|    ep_len_mean     | 213      |
|    ep_rew_mean     | 269      |
| time/              |          |
|    episodes        | 1624     |
|    fps             | 220      |
|    time_elapsed    | 1903     |
|    total_timesteps | 419376   |
| train/             |          |
|    actor_loss      | -65.4    |
|    critic_loss     | 9.11     |
|    ent_coef        | 0.0691   |
|    ent_coef_loss   | 0.304    |
|    learning_rate   | 0.000118 |
|    n_updates       | 409368   |
---------------------------------
Eval num_timesteps=420000, episode_reward=279.86 +/- 19.34
Episode length: 202.70 +/- 19.27
---------------------------------
| eval/              |          |
|    mean_ep_length  | 203      |
|    mean_reward     | 280      |
| time/              |          |
|    total_timesteps | 420000   |
| train/             |          |
|    actor_loss      | -67.6    |
|    critic_loss     | 7.74     |
|    ent_coef        | 0.0687   |
|    ent_coef_loss   | -0.061   |
|    learning_rate   | 0.000117 |
|    n_updates       | 409992   |
---------------------------------
---------------------------------
| rollout/           |          |
|    ep_len_mean     | 212      |
|    ep_rew_mean     | 270      |
| time/              |          |
|    episodes        | 1628     |
|    fps             | 220      |
|    time_elapsed    | 1908     |
|    total_timesteps | 420392   |
| train/             |          |
|    actor_loss      | -67.3    |
|    critic_loss     | 9.43     |
|    ent_coef        | 0.0688   |
|    ent_coef_loss   | -0.0278  |
|    learning_rate   | 0.000116 |
|    n_updates       | 410384   |
---------------------------------
---------------------------------
| rollout/           |          |
|    ep_len_mean     | 213      |
|    ep_rew_mean     | 269      |
| time/              |          |
|    episodes        | 1632     |
|    fps             | 220      |
|    time_elapsed    | 1911     |
|    total_timesteps | 421032   |
| train/             |          |
|    actor_loss      | -66.6    |
|    critic_loss     | 8.8      |
|    ent_coef        | 0.069    |
|    ent_coef_loss   | 0.418    |
|    learning_rate   | 0.000115 |
|    n_updates       | 411024   |
---------------------------------
---------------------------------
| rollout/           |          |
|    ep_len_mean     | 212      |
|    ep_rew_mean     | 268      |
| time/              |          |
|    episodes        | 1636     |
|    fps             | 220      |
|    time_elapsed    | 1915     |
|    total_timesteps | 421736   |
| train/             |          |
|    actor_loss      | -67.6    |
|    critic_loss     | 10.5     |
|    ent_coef        | 0.0689   |
|    ent_coef_loss   | 0.0698   |
|    learning_rate   | 0.000114 |
|    n_updates       | 411728   |
---------------------------------
---------------------------------
| rollout/           |          |
|    ep_len_mean     | 211      |
|    ep_rew_mean     | 267      |
| time/              |          |
|    episodes        | 1640     |
|    fps             | 220      |
|    time_elapsed    | 1918     |
|    total_timesteps | 422544   |
| train/             |          |
|    actor_loss      | -68.2    |
|    critic_loss     | 19.1     |
|    ent_coef        | 0.0687   |
|    ent_coef_loss   | -0.155   |
|    learning_rate   | 0.000113 |
|    n_updates       | 412536   |
---------------------------------
---------------------------------
| rollout/           |          |
|    ep_len_mean     | 210      |
|    ep_rew_mean     | 267      |
| time/              |          |
|    episodes        | 1644     |
|    fps             | 220      |
|    time_elapsed    | 1922     |
|    total_timesteps | 423232   |
| train/             |          |
|    actor_loss      | -66.3    |
|    critic_loss     | 5.89     |
|    ent_coef        | 0.0688   |
|    ent_coef_loss   | -0.145   |
|    learning_rate   | 0.000112 |
|    n_updates       | 413224   |
---------------------------------
---------------------------------
| rollout/           |          |
|    ep_len_mean     | 210      |
|    ep_rew_mean     | 269      |
| time/              |          |
|    episodes        | 1648     |
|    fps             | 220      |
|    time_elapsed    | 1926     |
|    total_timesteps | 424288   |
| train/             |          |
|    actor_loss      | -67.7    |
|    critic_loss     | 6.69     |
|    ent_coef        | 0.0679   |
|    ent_coef_loss   | -0.0682  |
|    learning_rate   | 0.000111 |
|    n_updates       | 414280   |
---------------------------------
---------------------------------
| rollout/           |          |
|    ep_len_mean     | 210      |
|    ep_rew_mean     | 269      |
| time/              |          |
|    episodes        | 1652     |
|    fps             | 220      |
|    time_elapsed    | 1929     |
|    total_timesteps | 424776   |
| train/             |          |
|    actor_loss      | -68.1    |
|    critic_loss     | 8.41     |
|    ent_coef        | 0.0678   |
|    ent_coef_loss   | -0.0464  |
|    learning_rate   | 0.00011  |
|    n_updates       | 414768   |
---------------------------------
---------------------------------
| rollout/           |          |
|    ep_len_mean     | 209      |
|    ep_rew_mean     | 270      |
| time/              |          |
|    episodes        | 1656     |
|    fps             | 220      |
|    time_elapsed    | 1934     |
|    total_timesteps | 425976   |
| train/             |          |
|    actor_loss      | -66.9    |
|    critic_loss     | 8.26     |
|    ent_coef        | 0.0689   |
|    ent_coef_loss   | -0.0238  |
|    learning_rate   | 0.000108 |
|    n_updates       | 415968   |
---------------------------------
---------------------------------
| rollout/           |          |
|    ep_len_mean     | 210      |
|    ep_rew_mean     | 270      |
| time/              |          |
|    episodes        | 1660     |
|    fps             | 220      |
|    time_elapsed    | 1935     |
|    total_timesteps | 426320   |
| train/             |          |
|    actor_loss      | -66.8    |
|    critic_loss     | 6.7      |
|    ent_coef        | 0.0686   |
|    ent_coef_loss   | 0.187    |
|    learning_rate   | 0.000108 |
|    n_updates       | 416312   |
---------------------------------
---------------------------------
| rollout/           |          |
|    ep_len_mean     | 210      |
|    ep_rew_mean     | 271      |
| time/              |          |
|    episodes        | 1664     |
|    fps             | 220      |
|    time_elapsed    | 1941     |
|    total_timesteps | 427560   |
| train/             |          |
|    actor_loss      | -66.9    |
|    critic_loss     | 8.43     |
|    ent_coef        | 0.068    |
|    ent_coef_loss   | 0.0689   |
|    learning_rate   | 0.000106 |
|    n_updates       | 417552   |
---------------------------------
---------------------------------
| rollout/           |          |
|    ep_len_mean     | 213      |
|    ep_rew_mean     | 271      |
| time/              |          |
|    episodes        | 1668     |
|    fps             | 220      |
|    time_elapsed    | 1945     |
|    total_timesteps | 428344   |
| train/             |          |
|    actor_loss      | -68.4    |
|    critic_loss     | 6.64     |
|    ent_coef        | 0.0674   |
|    ent_coef_loss   | 0.277    |
|    learning_rate   | 0.000105 |
|    n_updates       | 418336   |
---------------------------------
---------------------------------
| rollout/           |          |
|    ep_len_mean     | 213      |
|    ep_rew_mean     | 270      |
| time/              |          |
|    episodes        | 1672     |
|    fps             | 220      |
|    time_elapsed    | 1948     |
|    total_timesteps | 428968   |
| train/             |          |
|    actor_loss      | -67.7    |
|    critic_loss     | 10.6     |
|    ent_coef        | 0.0672   |
|    ent_coef_loss   | -0.0941  |
|    learning_rate   | 0.000104 |
|    n_updates       | 418960   |
---------------------------------
---------------------------------
| rollout/           |          |
|    ep_len_mean     | 210      |
|    ep_rew_mean     | 270      |
| time/              |          |
|    episodes        | 1676     |
|    fps             | 220      |
|    time_elapsed    | 1951     |
|    total_timesteps | 429736   |
| train/             |          |
|    actor_loss      | -67.5    |
|    critic_loss     | 6.45     |
|    ent_coef        | 0.067    |
|    ent_coef_loss   | -0.159   |
|    learning_rate   | 0.000103 |
|    n_updates       | 419728   |
---------------------------------
Eval num_timesteps=430000, episode_reward=271.26 +/- 28.64
Episode length: 228.90 +/- 52.68
---------------------------------
| eval/              |          |
|    mean_ep_length  | 229      |
|    mean_reward     | 271      |
| time/              |          |
|    total_timesteps | 430000   |
| train/             |          |
|    actor_loss      | -67.3    |
|    critic_loss     | 9.78     |
|    ent_coef        | 0.0669   |
|    ent_coef_loss   | 0.18     |
|    learning_rate   | 0.000102 |
|    n_updates       | 419992   |
---------------------------------
---------------------------------
| rollout/           |          |
|    ep_len_mean     | 207      |
|    ep_rew_mean     | 270      |
| time/              |          |
|    episodes        | 1680     |
|    fps             | 220      |
|    time_elapsed    | 1956     |
|    total_timesteps | 430672   |
| train/             |          |
|    actor_loss      | -66.5    |
|    critic_loss     | 10.2     |
|    ent_coef        | 0.0669   |
|    ent_coef_loss   | 0.312    |
|    learning_rate   | 0.000101 |
|    n_updates       | 420664   |
---------------------------------
---------------------------------
| rollout/           |          |
|    ep_len_mean     | 204      |
|    ep_rew_mean     | 270      |
| time/              |          |
|    episodes        | 1684     |
|    fps             | 220      |
|    time_elapsed    | 1960     |
|    total_timesteps | 431544   |
| train/             |          |
|    actor_loss      | -67.6    |
|    critic_loss     | 6.77     |
|    ent_coef        | 0.0667   |
|    ent_coef_loss   | 0.0447   |
|    learning_rate   | 0.0001   |
|    n_updates       | 421536   |
---------------------------------
---------------------------------
| rollout/           |          |
|    ep_len_mean     | 203      |
|    ep_rew_mean     | 270      |
| time/              |          |
|    episodes        | 1688     |
|    fps             | 220      |
|    time_elapsed    | 1964     |
|    total_timesteps | 432384   |
| train/             |          |
|    actor_loss      | -66.4    |
|    critic_loss     | 4.49     |
|    ent_coef        | 0.0664   |
|    ent_coef_loss   | -0.0407  |
|    learning_rate   | 9.87e-05 |
|    n_updates       | 422376   |
---------------------------------
---------------------------------
| rollout/           |          |
|    ep_len_mean     | 204      |
|    ep_rew_mean     | 269      |
| time/              |          |
|    episodes        | 1692     |
|    fps             | 220      |
|    time_elapsed    | 1966     |
|    total_timesteps | 432904   |
| train/             |          |
|    actor_loss      | -67.1    |
|    critic_loss     | 4.71     |
|    ent_coef        | 0.0665   |
|    ent_coef_loss   | -0.0743  |
|    learning_rate   | 9.8e-05  |
|    n_updates       | 422896   |
---------------------------------
---------------------------------
| rollout/           |          |
|    ep_len_mean     | 203      |
|    ep_rew_mean     | 269      |
| time/              |          |
|    episodes        | 1696     |
|    fps             | 220      |
|    time_elapsed    | 1970     |
|    total_timesteps | 433760   |
| train/             |          |
|    actor_loss      | -68.7    |
|    critic_loss     | 6.54     |
|    ent_coef        | 0.0663   |
|    ent_coef_loss   | -0.245   |
|    learning_rate   | 9.67e-05 |
|    n_updates       | 423752   |
---------------------------------
---------------------------------
| rollout/           |          |
|    ep_len_mean     | 201      |
|    ep_rew_mean     | 269      |
| time/              |          |
|    episodes        | 1700     |
|    fps             | 220      |
|    time_elapsed    | 1974     |
|    total_timesteps | 434768   |
| train/             |          |
|    actor_loss      | -68.6    |
|    critic_loss     | 10.1     |
|    ent_coef        | 0.0661   |
|    ent_coef_loss   | -0.0892  |
|    learning_rate   | 9.53e-05 |
|    n_updates       | 424760   |
---------------------------------
---------------------------------
| rollout/           |          |
|    ep_len_mean     | 202      |
|    ep_rew_mean     | 269      |
| time/              |          |
|    episodes        | 1704     |
|    fps             | 220      |
|    time_elapsed    | 1978     |
|    total_timesteps | 435504   |
| train/             |          |
|    actor_loss      | -67.7    |
|    critic_loss     | 14.3     |
|    ent_coef        | 0.0666   |
|    ent_coef_loss   | 0.0136   |
|    learning_rate   | 9.42e-05 |
|    n_updates       | 425496   |
---------------------------------
---------------------------------
| rollout/           |          |
|    ep_len_mean     | 203      |
|    ep_rew_mean     | 270      |
| time/              |          |
|    episodes        | 1708     |
|    fps             | 220      |
|    time_elapsed    | 1981     |
|    total_timesteps | 436328   |
| train/             |          |
|    actor_loss      | -67.2    |
|    critic_loss     | 7.13     |
|    ent_coef        | 0.0666   |
|    ent_coef_loss   | 0.34     |
|    learning_rate   | 9.3e-05  |
|    n_updates       | 426320   |
---------------------------------
---------------------------------
| rollout/           |          |
|    ep_len_mean     | 203      |
|    ep_rew_mean     | 270      |
| time/              |          |
|    episodes        | 1712     |
|    fps             | 220      |
|    time_elapsed    | 1985     |
|    total_timesteps | 437072   |
| train/             |          |
|    actor_loss      | -67.3    |
|    critic_loss     | 7.33     |
|    ent_coef        | 0.0661   |
|    ent_coef_loss   | -0.0732  |
|    learning_rate   | 9.19e-05 |
|    n_updates       | 427064   |
---------------------------------
---------------------------------
| rollout/           |          |
|    ep_len_mean     | 203      |
|    ep_rew_mean     | 271      |
| time/              |          |
|    episodes        | 1716     |
|    fps             | 220      |
|    time_elapsed    | 1989     |
|    total_timesteps | 438096   |
| train/             |          |
|    actor_loss      | -67.1    |
|    critic_loss     | 7.05     |
|    ent_coef        | 0.0665   |
|    ent_coef_loss   | 0.0929   |
|    learning_rate   | 9.04e-05 |
|    n_updates       | 428088   |
---------------------------------
---------------------------------
| rollout/           |          |
|    ep_len_mean     | 203      |
|    ep_rew_mean     | 271      |
| time/              |          |
|    episodes        | 1720     |
|    fps             | 220      |
|    time_elapsed    | 1992     |
|    total_timesteps | 438608   |
| train/             |          |
|    actor_loss      | -67.4    |
|    critic_loss     | 13.5     |
|    ent_coef        | 0.0666   |
|    ent_coef_loss   | 0.142    |
|    learning_rate   | 8.96e-05 |
|    n_updates       | 428600   |
---------------------------------
---------------------------------
| rollout/           |          |
|    ep_len_mean     | 202      |
|    ep_rew_mean     | 272      |
| time/              |          |
|    episodes        | 1724     |
|    fps             | 220      |
|    time_elapsed    | 1996     |
|    total_timesteps | 439552   |
| train/             |          |
|    actor_loss      | -67.5    |
|    critic_loss     | 5.85     |
|    ent_coef        | 0.0666   |
|    ent_coef_loss   | -0.0568  |
|    learning_rate   | 8.83e-05 |
|    n_updates       | 429544   |
---------------------------------
Eval num_timesteps=440000, episode_reward=290.04 +/- 14.61
Episode length: 205.80 +/- 34.85
---------------------------------
| eval/              |          |
|    mean_ep_length  | 206      |
|    mean_reward     | 290      |
| time/              |          |
|    total_timesteps | 440000   |
| train/             |          |
|    actor_loss      | -68      |
|    critic_loss     | 7.79     |
|    ent_coef        | 0.0663   |
|    ent_coef_loss   | 0.00855  |
|    learning_rate   | 8.76e-05 |
|    n_updates       | 429992   |
---------------------------------
New best mean reward!
---------------------------------
| rollout/           |          |
|    ep_len_mean     | 202      |
|    ep_rew_mean     | 271      |
| time/              |          |
|    episodes        | 1728     |
|    fps             | 220      |
|    time_elapsed    | 2000     |
|    total_timesteps | 440456   |
| train/             |          |
|    actor_loss      | -68.4    |
|    critic_loss     | 7.22     |
|    ent_coef        | 0.0661   |
|    ent_coef_loss   | -0.0991  |
|    learning_rate   | 8.69e-05 |
|    n_updates       | 430448   |
---------------------------------
---------------------------------
| rollout/           |          |
|    ep_len_mean     | 202      |
|    ep_rew_mean     | 271      |
| time/              |          |
|    episodes        | 1732     |
|    fps             | 220      |
|    time_elapsed    | 2003     |
|    total_timesteps | 441200   |
| train/             |          |
|    actor_loss      | -67.5    |
|    critic_loss     | 13       |
|    ent_coef        | 0.066    |
|    ent_coef_loss   | 0.0365   |
|    learning_rate   | 8.59e-05 |
|    n_updates       | 431192   |
---------------------------------
---------------------------------
| rollout/           |          |
|    ep_len_mean     | 203      |
|    ep_rew_mean     | 273      |
| time/              |          |
|    episodes        | 1736     |
|    fps             | 220      |
|    time_elapsed    | 2012     |
|    total_timesteps | 443000   |
| train/             |          |
|    actor_loss      | -68.2    |
|    critic_loss     | 6.47     |
|    ent_coef        | 0.0663   |
|    ent_coef_loss   | 0.00604  |
|    learning_rate   | 8.32e-05 |
|    n_updates       | 432992   |
---------------------------------
---------------------------------
| rollout/           |          |
|    ep_len_mean     | 204      |
|    ep_rew_mean     | 274      |
| time/              |          |
|    episodes        | 1740     |
|    fps             | 220      |
|    time_elapsed    | 2013     |
|    total_timesteps | 443336   |
| train/             |          |
|    actor_loss      | -67.7    |
|    critic_loss     | 5.11     |
|    ent_coef        | 0.0666   |
|    ent_coef_loss   | 0.0928   |
|    learning_rate   | 8.27e-05 |
|    n_updates       | 433328   |
---------------------------------
---------------------------------
| rollout/           |          |
|    ep_len_mean     | 210      |
|    ep_rew_mean     | 274      |
| time/              |          |
|    episodes        | 1744     |
|    fps             | 220      |
|    time_elapsed    | 2018     |
|    total_timesteps | 444512   |
| train/             |          |
|    actor_loss      | -69.6    |
|    critic_loss     | 9.52     |
|    ent_coef        | 0.0674   |
|    ent_coef_loss   | -0.0492  |
|    learning_rate   | 8.1e-05  |
|    n_updates       | 434504   |
---------------------------------
---------------------------------
| rollout/           |          |
|    ep_len_mean     | 209      |
|    ep_rew_mean     | 275      |
| time/              |          |
|    episodes        | 1748     |
|    fps             | 220      |
|    time_elapsed    | 2021     |
|    total_timesteps | 445032   |
| train/             |          |
|    actor_loss      | -67.9    |
|    critic_loss     | 4.02     |
|    ent_coef        | 0.0672   |
|    ent_coef_loss   | 0.0867   |
|    learning_rate   | 8.03e-05 |
|    n_updates       | 435024   |
---------------------------------
---------------------------------
| rollout/           |          |
|    ep_len_mean     | 210      |
|    ep_rew_mean     | 275      |
| time/              |          |
|    episodes        | 1752     |
|    fps             | 220      |
|    time_elapsed    | 2026     |
|    total_timesteps | 446120   |
| train/             |          |
|    actor_loss      | -68.3    |
|    critic_loss     | 8.49     |
|    ent_coef        | 0.0675   |
|    ent_coef_loss   | -0.0423  |
|    learning_rate   | 7.87e-05 |
|    n_updates       | 436112   |
---------------------------------
---------------------------------
| rollout/           |          |
|    ep_len_mean     | 210      |
|    ep_rew_mean     | 275      |
| time/              |          |
|    episodes        | 1756     |
|    fps             | 220      |
|    time_elapsed    | 2028     |
|    total_timesteps | 446640   |
| train/             |          |
|    actor_loss      | -68.3    |
|    critic_loss     | 5.6      |
|    ent_coef        | 0.0676   |
|    ent_coef_loss   | 0.102    |
|    learning_rate   | 7.79e-05 |
|    n_updates       | 436632   |
---------------------------------
---------------------------------
| rollout/           |          |
|    ep_len_mean     | 210      |
|    ep_rew_mean     | 275      |
| time/              |          |
|    episodes        | 1760     |
|    fps             | 220      |
|    time_elapsed    | 2033     |
|    total_timesteps | 447648   |
| train/             |          |
|    actor_loss      | -67.3    |
|    critic_loss     | 5.67     |
|    ent_coef        | 0.0678   |
|    ent_coef_loss   | -0.0324  |
|    learning_rate   | 7.64e-05 |
|    n_updates       | 437640   |
---------------------------------
---------------------------------
| rollout/           |          |
|    ep_len_mean     | 209      |
|    ep_rew_mean     | 275      |
| time/              |          |
|    episodes        | 1764     |
|    fps             | 220      |
|    time_elapsed    | 2036     |
|    total_timesteps | 448296   |
| train/             |          |
|    actor_loss      | -68.7    |
|    critic_loss     | 7.59     |
|    ent_coef        | 0.0676   |
|    ent_coef_loss   | 0.175    |
|    learning_rate   | 7.55e-05 |
|    n_updates       | 438288   |
---------------------------------
---------------------------------
| rollout/           |          |
|    ep_len_mean     | 207      |
|    ep_rew_mean     | 276      |
| time/              |          |
|    episodes        | 1768     |
|    fps             | 220      |
|    time_elapsed    | 2041     |
|    total_timesteps | 449376   |
| train/             |          |
|    actor_loss      | -68.1    |
|    critic_loss     | 6.34     |
|    ent_coef        | 0.0675   |
|    ent_coef_loss   | 0.0905   |
|    learning_rate   | 7.39e-05 |
|    n_updates       | 439368   |
---------------------------------
---------------------------------
| rollout/           |          |
|    ep_len_mean     | 208      |
|    ep_rew_mean     | 276      |
| time/              |          |
|    episodes        | 1772     |
|    fps             | 220      |
|    time_elapsed    | 2041     |
|    total_timesteps | 449552   |
| train/             |          |
|    actor_loss      | -68.5    |
|    critic_loss     | 9.16     |
|    ent_coef        | 0.0675   |
|    ent_coef_loss   | -0.207   |
|    learning_rate   | 7.37e-05 |
|    n_updates       | 439544   |
---------------------------------
Eval num_timesteps=450000, episode_reward=269.74 +/- 19.79
Episode length: 186.60 +/- 16.48
---------------------------------
| eval/              |          |
|    mean_ep_length  | 187      |
|    mean_reward     | 270      |
| time/              |          |
|    total_timesteps | 450000   |
| train/             |          |
|    actor_loss      | -69.5    |
|    critic_loss     | 11.2     |
|    ent_coef        | 0.0674   |
|    ent_coef_loss   | 0.219    |
|    learning_rate   | 7.3e-05  |
|    n_updates       | 439992   |
---------------------------------
---------------------------------
| rollout/           |          |
|    ep_len_mean     | 208      |
|    ep_rew_mean     | 277      |
| time/              |          |
|    episodes        | 1776     |
|    fps             | 220      |
|    time_elapsed    | 2049     |
|    total_timesteps | 451000   |
| train/             |          |
|    actor_loss      | -68.5    |
|    critic_loss     | 6.89     |
|    ent_coef        | 0.0676   |
|    ent_coef_loss   | 0.0333   |
|    learning_rate   | 7.16e-05 |
|    n_updates       | 440992   |
---------------------------------
---------------------------------
| rollout/           |          |
|    ep_len_mean     | 208      |
|    ep_rew_mean     | 277      |
| time/              |          |
|    episodes        | 1780     |
|    fps             | 220      |
|    time_elapsed    | 2051     |
|    total_timesteps | 451608   |
| train/             |          |
|    actor_loss      | -68      |
|    critic_loss     | 6.48     |
|    ent_coef        | 0.0678   |
|    ent_coef_loss   | 0.196    |
|    learning_rate   | 7.07e-05 |
|    n_updates       | 441600   |
---------------------------------
---------------------------------
| rollout/           |          |
|    ep_len_mean     | 210      |
|    ep_rew_mean     | 277      |
| time/              |          |
|    episodes        | 1784     |
|    fps             | 220      |
|    time_elapsed    | 2055     |
|    total_timesteps | 452400   |
| train/             |          |
|    actor_loss      | -68.8    |
|    critic_loss     | 6.86     |
|    ent_coef        | 0.0681   |
|    ent_coef_loss   | -0.0768  |
|    learning_rate   | 6.95e-05 |
|    n_updates       | 442392   |
---------------------------------
---------------------------------
| rollout/           |          |
|    ep_len_mean     | 209      |
|    ep_rew_mean     | 276      |
| time/              |          |
|    episodes        | 1788     |
|    fps             | 220      |
|    time_elapsed    | 2058     |
|    total_timesteps | 453048   |
| train/             |          |
|    actor_loss      | -69.1    |
|    critic_loss     | 6.24     |
|    ent_coef        | 0.0684   |
|    ent_coef_loss   | 0.0338   |
|    learning_rate   | 6.86e-05 |
|    n_updates       | 443040   |
---------------------------------
---------------------------------
| rollout/           |          |
|    ep_len_mean     | 208      |
|    ep_rew_mean     | 278      |
| time/              |          |
|    episodes        | 1792     |
|    fps             | 220      |
|    time_elapsed    | 2062     |
|    total_timesteps | 453936   |
| train/             |          |
|    actor_loss      | -68.9    |
|    critic_loss     | 5.63     |
|    ent_coef        | 0.0684   |
|    ent_coef_loss   | 0.0713   |
|    learning_rate   | 6.73e-05 |
|    n_updates       | 443928   |
---------------------------------
---------------------------------
| rollout/           |          |
|    ep_len_mean     | 209      |
|    ep_rew_mean     | 279      |
| time/              |          |
|    episodes        | 1796     |
|    fps             | 220      |
|    time_elapsed    | 2065     |
|    total_timesteps | 454672   |
| train/             |          |
|    actor_loss      | -68.6    |
|    critic_loss     | 6.78     |
|    ent_coef        | 0.0685   |
|    ent_coef_loss   | 0.128    |
|    learning_rate   | 6.62e-05 |
|    n_updates       | 444664   |
---------------------------------
---------------------------------
| rollout/           |          |
|    ep_len_mean     | 209      |
|    ep_rew_mean     | 280      |
| time/              |          |
|    episodes        | 1800     |
|    fps             | 220      |
|    time_elapsed    | 2070     |
|    total_timesteps | 455616   |
| train/             |          |
|    actor_loss      | -68.3    |
|    critic_loss     | 6.84     |
|    ent_coef        | 0.0687   |
|    ent_coef_loss   | 0.174    |
|    learning_rate   | 6.48e-05 |
|    n_updates       | 445608   |
---------------------------------
---------------------------------
| rollout/           |          |
|    ep_len_mean     | 209      |
|    ep_rew_mean     | 280      |
| time/              |          |
|    episodes        | 1804     |
|    fps             | 220      |
|    time_elapsed    | 2072     |
|    total_timesteps | 456192   |
| train/             |          |
|    actor_loss      | -68.3    |
|    critic_loss     | 6.41     |
|    ent_coef        | 0.0686   |
|    ent_coef_loss   | -0.0608  |
|    learning_rate   | 6.4e-05  |
|    n_updates       | 446184   |
---------------------------------
---------------------------------
| rollout/           |          |
|    ep_len_mean     | 208      |
|    ep_rew_mean     | 279      |
| time/              |          |
|    episodes        | 1808     |
|    fps             | 220      |
|    time_elapsed    | 2078     |
|    total_timesteps | 457368   |
| train/             |          |
|    actor_loss      | -70.3    |
|    critic_loss     | 6.79     |
|    ent_coef        | 0.0685   |
|    ent_coef_loss   | -0.221   |
|    learning_rate   | 6.23e-05 |
|    n_updates       | 447360   |
---------------------------------
---------------------------------
| rollout/           |          |
|    ep_len_mean     | 209      |
|    ep_rew_mean     | 279      |
| time/              |          |
|    episodes        | 1812     |
|    fps             | 220      |
|    time_elapsed    | 2082     |
|    total_timesteps | 458368   |
| train/             |          |
|    actor_loss      | -68.4    |
|    critic_loss     | 6.5      |
|    ent_coef        | 0.0682   |
|    ent_coef_loss   | -0.0047  |
|    learning_rate   | 6.08e-05 |
|    n_updates       | 448360   |
---------------------------------
---------------------------------
| rollout/           |          |
|    ep_len_mean     | 211      |
|    ep_rew_mean     | 279      |
| time/              |          |
|    episodes        | 1816     |
|    fps             | 220      |
|    time_elapsed    | 2086     |
|    total_timesteps | 459152   |
| train/             |          |
|    actor_loss      | -69.4    |
|    critic_loss     | 16.4     |
|    ent_coef        | 0.0682   |
|    ent_coef_loss   | -0.157   |
|    learning_rate   | 5.96e-05 |
|    n_updates       | 449144   |
---------------------------------
---------------------------------
| rollout/           |          |
|    ep_len_mean     | 212      |
|    ep_rew_mean     | 279      |
| time/              |          |
|    episodes        | 1820     |
|    fps             | 220      |
|    time_elapsed    | 2090     |
|    total_timesteps | 459968   |
| train/             |          |
|    actor_loss      | -68.8    |
|    critic_loss     | 6.13     |
|    ent_coef        | 0.0684   |
|    ent_coef_loss   | -0.218   |
|    learning_rate   | 5.85e-05 |
|    n_updates       | 449960   |
---------------------------------
Eval num_timesteps=460000, episode_reward=279.82 +/- 23.37
Episode length: 249.40 +/- 129.52
---------------------------------
| eval/              |          |
|    mean_ep_length  | 249      |
|    mean_reward     | 280      |
| time/              |          |
|    total_timesteps | 460000   |
| train/             |          |
|    actor_loss      | -69.4    |
|    critic_loss     | 8.64     |
|    ent_coef        | 0.0684   |
|    ent_coef_loss   | -0.0346  |
|    learning_rate   | 5.84e-05 |
|    n_updates       | 449992   |
---------------------------------
---------------------------------
| rollout/           |          |
|    ep_len_mean     | 213      |
|    ep_rew_mean     | 278      |
| time/              |          |
|    episodes        | 1824     |
|    fps             | 219      |
|    time_elapsed    | 2095     |
|    total_timesteps | 460864   |
| train/             |          |
|    actor_loss      | -68.4    |
|    critic_loss     | 5.6      |
|    ent_coef        | 0.0686   |
|    ent_coef_loss   | 0.138    |
|    learning_rate   | 5.72e-05 |
|    n_updates       | 450856   |
---------------------------------
---------------------------------
| rollout/           |          |
|    ep_len_mean     | 215      |
|    ep_rew_mean     | 279      |
| time/              |          |
|    episodes        | 1828     |
|    fps             | 219      |
|    time_elapsed    | 2099     |
|    total_timesteps | 461720   |
| train/             |          |
|    actor_loss      | -68.6    |
|    critic_loss     | 8.42     |
|    ent_coef        | 0.0685   |
|    ent_coef_loss   | 0.0834   |
|    learning_rate   | 5.59e-05 |
|    n_updates       | 451712   |
---------------------------------
---------------------------------
| rollout/           |          |
|    ep_len_mean     | 214      |
|    ep_rew_mean     | 279      |
| time/              |          |
|    episodes        | 1832     |
|    fps             | 219      |
|    time_elapsed    | 2103     |
|    total_timesteps | 462664   |
| train/             |          |
|    actor_loss      | -68.7    |
|    critic_loss     | 10       |
|    ent_coef        | 0.0686   |
|    ent_coef_loss   | 0.0614   |
|    learning_rate   | 5.45e-05 |
|    n_updates       | 452656   |
---------------------------------
---------------------------------
| rollout/           |          |
|    ep_len_mean     | 215      |
|    ep_rew_mean     | 278      |
| time/              |          |
|    episodes        | 1836     |
|    fps             | 219      |
|    time_elapsed    | 2106     |
|    total_timesteps | 463264   |
| train/             |          |
|    actor_loss      | -69.2    |
|    critic_loss     | 6.27     |
|    ent_coef        | 0.0688   |
|    ent_coef_loss   | 0.0348   |
|    learning_rate   | 5.36e-05 |
|    n_updates       | 453256   |
---------------------------------
---------------------------------
| rollout/           |          |
|    ep_len_mean     | 213      |
|    ep_rew_mean     | 278      |
| time/              |          |
|    episodes        | 1840     |
|    fps             | 219      |
|    time_elapsed    | 2111     |
|    total_timesteps | 464600   |
| train/             |          |
|    actor_loss      | -68.5    |
|    critic_loss     | 10.2     |
|    ent_coef        | 0.0688   |
|    ent_coef_loss   | -0.0601  |
|    learning_rate   | 5.17e-05 |
|    n_updates       | 454592   |
---------------------------------
---------------------------------
| rollout/           |          |
|    ep_len_mean     | 208      |
|    ep_rew_mean     | 278      |
| time/              |          |
|    episodes        | 1844     |
|    fps             | 219      |
|    time_elapsed    | 2114     |
|    total_timesteps | 465192   |
| train/             |          |
|    actor_loss      | -68.1    |
|    critic_loss     | 8.53     |
|    ent_coef        | 0.0687   |
|    ent_coef_loss   | -0.0349  |
|    learning_rate   | 5.08e-05 |
|    n_updates       | 455184   |
---------------------------------
---------------------------------
| rollout/           |          |
|    ep_len_mean     | 210      |
|    ep_rew_mean     | 278      |
| time/              |          |
|    episodes        | 1848     |
|    fps             | 219      |
|    time_elapsed    | 2118     |
|    total_timesteps | 465944   |
| train/             |          |
|    actor_loss      | -69.9    |
|    critic_loss     | 9.61     |
|    ent_coef        | 0.0689   |
|    ent_coef_loss   | 0.00975  |
|    learning_rate   | 4.97e-05 |
|    n_updates       | 455936   |
---------------------------------
---------------------------------
| rollout/           |          |
|    ep_len_mean     | 208      |
|    ep_rew_mean     | 277      |
| time/              |          |
|    episodes        | 1852     |
|    fps             | 219      |
|    time_elapsed    | 2121     |
|    total_timesteps | 466680   |
| train/             |          |
|    actor_loss      | -68.1    |
|    critic_loss     | 5.51     |
|    ent_coef        | 0.0689   |
|    ent_coef_loss   | -0.09    |
|    learning_rate   | 4.87e-05 |
|    n_updates       | 456672   |
---------------------------------
---------------------------------
| rollout/           |          |
|    ep_len_mean     | 209      |
|    ep_rew_mean     | 278      |
| time/              |          |
|    episodes        | 1856     |
|    fps             | 220      |
|    time_elapsed    | 2124     |
|    total_timesteps | 467512   |
| train/             |          |
|    actor_loss      | -69      |
|    critic_loss     | 8.13     |
|    ent_coef        | 0.0685   |
|    ent_coef_loss   | -0.11    |
|    learning_rate   | 4.74e-05 |
|    n_updates       | 457504   |
---------------------------------
---------------------------------
| rollout/           |          |
|    ep_len_mean     | 208      |
|    ep_rew_mean     | 278      |
| time/              |          |
|    episodes        | 1860     |
|    fps             | 220      |
|    time_elapsed    | 2128     |
|    total_timesteps | 468392   |
| train/             |          |
|    actor_loss      | -69.2    |
|    critic_loss     | 5.98     |
|    ent_coef        | 0.0685   |
|    ent_coef_loss   | -0.139   |
|    learning_rate   | 4.62e-05 |
|    n_updates       | 458384   |
---------------------------------
---------------------------------
| rollout/           |          |
|    ep_len_mean     | 209      |
|    ep_rew_mean     | 279      |
| time/              |          |
|    episodes        | 1864     |
|    fps             | 220      |
|    time_elapsed    | 2131     |
|    total_timesteps | 469024   |
| train/             |          |
|    actor_loss      | -69      |
|    critic_loss     | 8.34     |
|    ent_coef        | 0.0688   |
|    ent_coef_loss   | 0.0767   |
|    learning_rate   | 4.52e-05 |
|    n_updates       | 459016   |
---------------------------------
Eval num_timesteps=470000, episode_reward=262.94 +/- 14.64
Episode length: 183.10 +/- 11.76
---------------------------------
| eval/              |          |
|    mean_ep_length  | 183      |
|    mean_reward     | 263      |
| time/              |          |
|    total_timesteps | 470000   |
| train/             |          |
|    actor_loss      | -70.1    |
|    critic_loss     | 6.61     |
|    ent_coef        | 0.069    |
|    ent_coef_loss   | -0.244   |
|    learning_rate   | 4.38e-05 |
|    n_updates       | 459992   |
---------------------------------
---------------------------------
| rollout/           |          |
|    ep_len_mean     | 209      |
|    ep_rew_mean     | 280      |
| time/              |          |
|    episodes        | 1868     |
|    fps             | 220      |
|    time_elapsed    | 2135     |
|    total_timesteps | 470000   |
---------------------------------
---------------------------------
| rollout/           |          |
|    ep_len_mean     | 209      |
|    ep_rew_mean     | 280      |
| time/              |          |
|    episodes        | 1872     |
|    fps             | 220      |
|    time_elapsed    | 2138     |
|    total_timesteps | 470656   |
| train/             |          |
|    actor_loss      | -68.4    |
|    critic_loss     | 4.9      |
|    ent_coef        | 0.0692   |
|    ent_coef_loss   | 0.0648   |
|    learning_rate   | 4.29e-05 |
|    n_updates       | 460648   |
---------------------------------
---------------------------------
| rollout/           |          |
|    ep_len_mean     | 210      |
|    ep_rew_mean     | 280      |
| time/              |          |
|    episodes        | 1876     |
|    fps             | 220      |
|    time_elapsed    | 2142     |
|    total_timesteps | 471584   |
| train/             |          |
|    actor_loss      | -69.7    |
|    critic_loss     | 6.15     |
|    ent_coef        | 0.0692   |
|    ent_coef_loss   | -0.0305  |
|    learning_rate   | 4.15e-05 |
|    n_updates       | 461576   |
---------------------------------
---------------------------------
| rollout/           |          |
|    ep_len_mean     | 209      |
|    ep_rew_mean     | 280      |
| time/              |          |
|    episodes        | 1880     |
|    fps             | 220      |
|    time_elapsed    | 2146     |
|    total_timesteps | 472472   |
| train/             |          |
|    actor_loss      | -69.2    |
|    critic_loss     | 4.7      |
|    ent_coef        | 0.0693   |
|    ent_coef_loss   | -0.16    |
|    learning_rate   | 4.02e-05 |
|    n_updates       | 462464   |
---------------------------------
---------------------------------
| rollout/           |          |
|    ep_len_mean     | 208      |
|    ep_rew_mean     | 281      |
| time/              |          |
|    episodes        | 1884     |
|    fps             | 220      |
|    time_elapsed    | 2149     |
|    total_timesteps | 473208   |
| train/             |          |
|    actor_loss      | -69.4    |
|    critic_loss     | 7.14     |
|    ent_coef        | 0.069    |
|    ent_coef_loss   | 0.0195   |
|    learning_rate   | 3.91e-05 |
|    n_updates       | 463200   |
---------------------------------
---------------------------------
| rollout/           |          |
|    ep_len_mean     | 209      |
|    ep_rew_mean     | 281      |
| time/              |          |
|    episodes        | 1888     |
|    fps             | 220      |
|    time_elapsed    | 2153     |
|    total_timesteps | 474104   |
| train/             |          |
|    actor_loss      | -70      |
|    critic_loss     | 6.88     |
|    ent_coef        | 0.0689   |
|    ent_coef_loss   | 0.105    |
|    learning_rate   | 3.78e-05 |
|    n_updates       | 464096   |
---------------------------------
---------------------------------
| rollout/           |          |
|    ep_len_mean     | 210      |
|    ep_rew_mean     | 281      |
| time/              |          |
|    episodes        | 1892     |
|    fps             | 220      |
|    time_elapsed    | 2156     |
|    total_timesteps | 474768   |
| train/             |          |
|    actor_loss      | -68      |
|    critic_loss     | 6.49     |
|    ent_coef        | 0.0688   |
|    ent_coef_loss   | 0.21     |
|    learning_rate   | 3.69e-05 |
|    n_updates       | 464760   |
---------------------------------
---------------------------------
| rollout/           |          |
|    ep_len_mean     | 209      |
|    ep_rew_mean     | 281      |
| time/              |          |
|    episodes        | 1896     |
|    fps             | 220      |
|    time_elapsed    | 2160     |
|    total_timesteps | 475704   |
| train/             |          |
|    actor_loss      | -69.5    |
|    critic_loss     | 7.16     |
|    ent_coef        | 0.0689   |
|    ent_coef_loss   | 0.044    |
|    learning_rate   | 3.55e-05 |
|    n_updates       | 465696   |
---------------------------------
---------------------------------
| rollout/           |          |
|    ep_len_mean     | 209      |
|    ep_rew_mean     | 280      |
| time/              |          |
|    episodes        | 1900     |
|    fps             | 220      |
|    time_elapsed    | 2166     |
|    total_timesteps | 476968   |
| train/             |          |
|    actor_loss      | -69.5    |
|    critic_loss     | 5.49     |
|    ent_coef        | 0.0688   |
|    ent_coef_loss   | 0.0252   |
|    learning_rate   | 3.36e-05 |
|    n_updates       | 466960   |
---------------------------------
---------------------------------
| rollout/           |          |
|    ep_len_mean     | 213      |
|    ep_rew_mean     | 277      |
| time/              |          |
|    episodes        | 1904     |
|    fps             | 220      |
|    time_elapsed    | 2171     |
|    total_timesteps | 477992   |
| train/             |          |
|    actor_loss      | -70.1    |
|    critic_loss     | 6.93     |
|    ent_coef        | 0.0686   |
|    ent_coef_loss   | -0.0353  |
|    learning_rate   | 3.21e-05 |
|    n_updates       | 467984   |
---------------------------------
---------------------------------
| rollout/           |          |
|    ep_len_mean     | 214      |
|    ep_rew_mean     | 278      |
| time/              |          |
|    episodes        | 1908     |
|    fps             | 220      |
|    time_elapsed    | 2174     |
|    total_timesteps | 478760   |
| train/             |          |
|    actor_loss      | -68.3    |
|    critic_loss     | 7.99     |
|    ent_coef        | 0.0686   |
|    ent_coef_loss   | 0.124    |
|    learning_rate   | 3.1e-05  |
|    n_updates       | 468752   |
---------------------------------
---------------------------------
| rollout/           |          |
|    ep_len_mean     | 215      |
|    ep_rew_mean     | 279      |
| time/              |          |
|    episodes        | 1912     |
|    fps             | 220      |
|    time_elapsed    | 2178     |
|    total_timesteps | 479528   |
| train/             |          |
|    actor_loss      | -69.2    |
|    critic_loss     | 6.55     |
|    ent_coef        | 0.0686   |
|    ent_coef_loss   | -0.0365  |
|    learning_rate   | 2.99e-05 |
|    n_updates       | 469520   |
---------------------------------
Eval num_timesteps=480000, episode_reward=283.54 +/- 19.34
Episode length: 207.70 +/- 21.18
---------------------------------
| eval/              |          |
|    mean_ep_length  | 208      |
|    mean_reward     | 284      |
| time/              |          |
|    total_timesteps | 480000   |
| train/             |          |
|    actor_loss      | -69.3    |
|    critic_loss     | 8.05     |
|    ent_coef        | 0.0684   |
|    ent_coef_loss   | 0.0799   |
|    learning_rate   | 2.92e-05 |
|    n_updates       | 469992   |
---------------------------------
---------------------------------
| rollout/           |          |
|    ep_len_mean     | 214      |
|    ep_rew_mean     | 278      |
| time/              |          |
|    episodes        | 1916     |
|    fps             | 220      |
|    time_elapsed    | 2183     |
|    total_timesteps | 480568   |
| train/             |          |
|    actor_loss      | -69.2    |
|    critic_loss     | 7.13     |
|    ent_coef        | 0.0684   |
|    ent_coef_loss   | 0.318    |
|    learning_rate   | 2.84e-05 |
|    n_updates       | 470560   |
---------------------------------
---------------------------------
| rollout/           |          |
|    ep_len_mean     | 214      |
|    ep_rew_mean     | 279      |
| time/              |          |
|    episodes        | 1920     |
|    fps             | 220      |
|    time_elapsed    | 2186     |
|    total_timesteps | 481216   |
| train/             |          |
|    actor_loss      | -68.8    |
|    critic_loss     | 7.24     |
|    ent_coef        | 0.0684   |
|    ent_coef_loss   | -0.133   |
|    learning_rate   | 2.74e-05 |
|    n_updates       | 471208   |
---------------------------------
---------------------------------
| rollout/           |          |
|    ep_len_mean     | 212      |
|    ep_rew_mean     | 280      |
| time/              |          |
|    episodes        | 1924     |
|    fps             | 220      |
|    time_elapsed    | 2189     |
|    total_timesteps | 481864   |
| train/             |          |
|    actor_loss      | -70.1    |
|    critic_loss     | 5.8      |
|    ent_coef        | 0.0682   |
|    ent_coef_loss   | -0.116   |
|    learning_rate   | 2.65e-05 |
|    n_updates       | 471856   |
---------------------------------
---------------------------------
| rollout/           |          |
|    ep_len_mean     | 210      |
|    ep_rew_mean     | 280      |
| time/              |          |
|    episodes        | 1928     |
|    fps             | 220      |
|    time_elapsed    | 2193     |
|    total_timesteps | 482680   |
| train/             |          |
|    actor_loss      | -69.6    |
|    critic_loss     | 5.13     |
|    ent_coef        | 0.0679   |
|    ent_coef_loss   | -0.0808  |
|    learning_rate   | 2.53e-05 |
|    n_updates       | 472672   |
---------------------------------
---------------------------------
| rollout/           |          |
|    ep_len_mean     | 209      |
|    ep_rew_mean     | 280      |
| time/              |          |
|    episodes        | 1932     |
|    fps             | 220      |
|    time_elapsed    | 2199     |
|    total_timesteps | 483928   |
| train/             |          |
|    actor_loss      | -69.3    |
|    critic_loss     | 5.6      |
|    ent_coef        | 0.0678   |
|    ent_coef_loss   | -0.158   |
|    learning_rate   | 2.35e-05 |
|    n_updates       | 473920   |
---------------------------------
---------------------------------
| rollout/           |          |
|    ep_len_mean     | 208      |
|    ep_rew_mean     | 280      |
| time/              |          |
|    episodes        | 1936     |
|    fps             | 220      |
|    time_elapsed    | 2201     |
|    total_timesteps | 484456   |
| train/             |          |
|    actor_loss      | -69.1    |
|    critic_loss     | 4.71     |
|    ent_coef        | 0.0678   |
|    ent_coef_loss   | 0.21     |
|    learning_rate   | 2.27e-05 |
|    n_updates       | 474448   |
---------------------------------
---------------------------------
| rollout/           |          |
|    ep_len_mean     | 208      |
|    ep_rew_mean     | 280      |
| time/              |          |
|    episodes        | 1940     |
|    fps             | 220      |
|    time_elapsed    | 2206     |
|    total_timesteps | 485472   |
| train/             |          |
|    actor_loss      | -67.9    |
|    critic_loss     | 6.18     |
|    ent_coef        | 0.0677   |
|    ent_coef_loss   | -0.0387  |
|    learning_rate   | 2.12e-05 |
|    n_updates       | 475464   |
---------------------------------
---------------------------------
| rollout/           |          |
|    ep_len_mean     | 211      |
|    ep_rew_mean     | 280      |
| time/              |          |
|    episodes        | 1944     |
|    fps             | 220      |
|    time_elapsed    | 2208     |
|    total_timesteps | 485912   |
| train/             |          |
|    actor_loss      | -70.7    |
|    critic_loss     | 7.41     |
|    ent_coef        | 0.0677   |
|    ent_coef_loss   | -0.133   |
|    learning_rate   | 2.06e-05 |
|    n_updates       | 475904   |
---------------------------------
---------------------------------
| rollout/           |          |
|    ep_len_mean     | 209      |
|    ep_rew_mean     | 280      |
| time/              |          |
|    episodes        | 1948     |
|    fps             | 220      |
|    time_elapsed    | 2213     |
|    total_timesteps | 486992   |
| train/             |          |
|    actor_loss      | -69.4    |
|    critic_loss     | 5.47     |
|    ent_coef        | 0.0677   |
|    ent_coef_loss   | -0.0194  |
|    learning_rate   | 1.9e-05  |
|    n_updates       | 476984   |
---------------------------------
---------------------------------
| rollout/           |          |
|    ep_len_mean     | 210      |
|    ep_rew_mean     | 280      |
| time/              |          |
|    episodes        | 1952     |
|    fps             | 219      |
|    time_elapsed    | 2216     |
|    total_timesteps | 487552   |
| train/             |          |
|    actor_loss      | -71.1    |
|    critic_loss     | 7.02     |
|    ent_coef        | 0.0677   |
|    ent_coef_loss   | -0.343   |
|    learning_rate   | 1.82e-05 |
|    n_updates       | 477544   |
---------------------------------
---------------------------------
| rollout/           |          |
|    ep_len_mean     | 210      |
|    ep_rew_mean     | 280      |
| time/              |          |
|    episodes        | 1956     |
|    fps             | 219      |
|    time_elapsed    | 2221     |
|    total_timesteps | 488752   |
| train/             |          |
|    actor_loss      | -69.4    |
|    critic_loss     | 7.17     |
|    ent_coef        | 0.0676   |
|    ent_coef_loss   | 0.192    |
|    learning_rate   | 1.64e-05 |
|    n_updates       | 478744   |
---------------------------------
---------------------------------
| rollout/           |          |
|    ep_len_mean     | 211      |
|    ep_rew_mean     | 279      |
| time/              |          |
|    episodes        | 1960     |
|    fps             | 219      |
|    time_elapsed    | 2222     |
|    total_timesteps | 488952   |
| train/             |          |
|    actor_loss      | -69.4    |
|    critic_loss     | 5.66     |
|    ent_coef        | 0.0676   |
|    ent_coef_loss   | -0.185   |
|    learning_rate   | 1.61e-05 |
|    n_updates       | 478944   |
---------------------------------
Eval num_timesteps=490000, episode_reward=275.88 +/- 16.43
Episode length: 200.70 +/- 24.72
---------------------------------
| eval/              |          |
|    mean_ep_length  | 201      |
|    mean_reward     | 276      |
| time/              |          |
|    total_timesteps | 490000   |
| train/             |          |
|    actor_loss      | -69.9    |
|    critic_loss     | 20.5     |
|    ent_coef        | 0.0675   |
|    ent_coef_loss   | -0.313   |
|    learning_rate   | 1.46e-05 |
|    n_updates       | 479992   |
---------------------------------
---------------------------------
| rollout/           |          |
|    ep_len_mean     | 209      |
|    ep_rew_mean     | 279      |
| time/              |          |
|    episodes        | 1964     |
|    fps             | 219      |
|    time_elapsed    | 2229     |
|    total_timesteps | 490288   |
| train/             |          |
|    actor_loss      | -68.8    |
|    critic_loss     | 19.8     |
|    ent_coef        | 0.0675   |
|    ent_coef_loss   | -0.307   |
|    learning_rate   | 1.42e-05 |
|    n_updates       | 480280   |
---------------------------------
---------------------------------
| rollout/           |          |
|    ep_len_mean     | 209      |
|    ep_rew_mean     | 279      |
| time/              |          |
|    episodes        | 1968     |
|    fps             | 219      |
|    time_elapsed    | 2231     |
|    total_timesteps | 490632   |
| train/             |          |
|    actor_loss      | -69.8    |
|    critic_loss     | 10.9     |
|    ent_coef        | 0.0675   |
|    ent_coef_loss   | 0.0292   |
|    learning_rate   | 1.37e-05 |
|    n_updates       | 480624   |
---------------------------------
---------------------------------
| rollout/           |          |
|    ep_len_mean     | 208      |
|    ep_rew_mean     | 278      |
| time/              |          |
|    episodes        | 1972     |
|    fps             | 219      |
|    time_elapsed    | 2235     |
|    total_timesteps | 491712   |
| train/             |          |
|    actor_loss      | -68.3    |
|    critic_loss     | 6.97     |
|    ent_coef        | 0.0674   |
|    ent_coef_loss   | -0.0322  |
|    learning_rate   | 1.21e-05 |
|    n_updates       | 481704   |
---------------------------------
---------------------------------
| rollout/           |          |
|    ep_len_mean     | 208      |
|    ep_rew_mean     | 278      |
| time/              |          |
|    episodes        | 1976     |
|    fps             | 219      |
|    time_elapsed    | 2239     |
|    total_timesteps | 492560   |
| train/             |          |
|    actor_loss      | -70      |
|    critic_loss     | 3.92     |
|    ent_coef        | 0.0674   |
|    ent_coef_loss   | -0.0282  |
|    learning_rate   | 1.09e-05 |
|    n_updates       | 482552   |
---------------------------------
---------------------------------
| rollout/           |          |
|    ep_len_mean     | 209      |
|    ep_rew_mean     | 278      |
| time/              |          |
|    episodes        | 1980     |
|    fps             | 219      |
|    time_elapsed    | 2243     |
|    total_timesteps | 493344   |
| train/             |          |
|    actor_loss      | -69.4    |
|    critic_loss     | 5.37     |
|    ent_coef        | 0.0675   |
|    ent_coef_loss   | 0.305    |
|    learning_rate   | 9.73e-06 |
|    n_updates       | 483336   |
---------------------------------
---------------------------------
| rollout/           |          |
|    ep_len_mean     | 209      |
|    ep_rew_mean     | 278      |
| time/              |          |
|    episodes        | 1984     |
|    fps             | 219      |
|    time_elapsed    | 2247     |
|    total_timesteps | 494304   |
| train/             |          |
|    actor_loss      | -68.5    |
|    critic_loss     | 5.59     |
|    ent_coef        | 0.0675   |
|    ent_coef_loss   | 0.271    |
|    learning_rate   | 8.33e-06 |
|    n_updates       | 484296   |
---------------------------------
---------------------------------
| rollout/           |          |
|    ep_len_mean     | 210      |
|    ep_rew_mean     | 278      |
| time/              |          |
|    episodes        | 1988     |
|    fps             | 219      |
|    time_elapsed    | 2250     |
|    total_timesteps | 494936   |
| train/             |          |
|    actor_loss      | -69.4    |
|    critic_loss     | 9.37     |
|    ent_coef        | 0.0675   |
|    ent_coef_loss   | 0.0256   |
|    learning_rate   | 7.41e-06 |
|    n_updates       | 484928   |
---------------------------------
---------------------------------
| rollout/           |          |
|    ep_len_mean     | 211      |
|    ep_rew_mean     | 277      |
| time/              |          |
|    episodes        | 1992     |
|    fps             | 219      |
|    time_elapsed    | 2255     |
|    total_timesteps | 495944   |
| train/             |          |
|    actor_loss      | -69.9    |
|    critic_loss     | 9.77     |
|    ent_coef        | 0.0675   |
|    ent_coef_loss   | -0.0418  |
|    learning_rate   | 5.93e-06 |
|    n_updates       | 485936   |
---------------------------------
---------------------------------
| rollout/           |          |
|    ep_len_mean     | 211      |
|    ep_rew_mean     | 278      |
| time/              |          |
|    episodes        | 1996     |
|    fps             | 219      |
|    time_elapsed    | 2259     |
|    total_timesteps | 496752   |
| train/             |          |
|    actor_loss      | -68.6    |
|    critic_loss     | 7.78     |
|    ent_coef        | 0.0674   |
|    ent_coef_loss   | 0.0649   |
|    learning_rate   | 4.75e-06 |
|    n_updates       | 486744   |
---------------------------------
---------------------------------
| rollout/           |          |
|    ep_len_mean     | 210      |
|    ep_rew_mean     | 277      |
| time/              |          |
|    episodes        | 2000     |
|    fps             | 219      |
|    time_elapsed    | 2263     |
|    total_timesteps | 497704   |
| train/             |          |
|    actor_loss      | -69.4    |
|    critic_loss     | 5.65     |
|    ent_coef        | 0.0674   |
|    ent_coef_loss   | 0.107    |
|    learning_rate   | 3.36e-06 |
|    n_updates       | 487696   |
---------------------------------
---------------------------------
| rollout/           |          |
|    ep_len_mean     | 206      |
|    ep_rew_mean     | 280      |
| time/              |          |
|    episodes        | 2004     |
|    fps             | 219      |
|    time_elapsed    | 2266     |
|    total_timesteps | 498296   |
| train/             |          |
|    actor_loss      | -70.4    |
|    critic_loss     | 7.19     |
|    ent_coef        | 0.0674   |
|    ent_coef_loss   | 0.0131   |
|    learning_rate   | 2.5e-06  |
|    n_updates       | 488288   |
---------------------------------
---------------------------------
| rollout/           |          |
|    ep_len_mean     | 207      |
|    ep_rew_mean     | 279      |
| time/              |          |
|    episodes        | 2008     |
|    fps             | 219      |
|    time_elapsed    | 2270     |
|    total_timesteps | 499200   |
| train/             |          |
|    actor_loss      | -69      |
|    critic_loss     | 6.54     |
|    ent_coef        | 0.0674   |
|    ent_coef_loss   | 0.0409   |
|    learning_rate   | 1.18e-06 |
|    n_updates       | 489192   |
---------------------------------
---------------------------------
| rollout/           |          |
|    ep_len_mean     | 204      |
|    ep_rew_mean     | 278      |
| time/              |          |
|    episodes        | 2012     |
|    fps             | 219      |
|    time_elapsed    | 2273     |
|    total_timesteps | 499840   |
| train/             |          |
|    actor_loss      | -69.5    |
|    critic_loss     | 15.4     |
|    ent_coef        | 0.0674   |
|    ent_coef_loss   | -0.159   |
|    learning_rate   | 2.45e-07 |
|    n_updates       | 489832   |
---------------------------------
Eval num_timesteps=500000, episode_reward=272.61 +/- 13.06
Episode length: 217.60 +/- 57.05
---------------------------------
| eval/              |          |
|    mean_ep_length  | 218      |
|    mean_reward     | 273      |
| time/              |          |
|    total_timesteps | 500000   |
| train/             |          |
|    actor_loss      | -70.3    |
|    critic_loss     | 6.31     |
|    ent_coef        | 0.0674   |
|    ent_coef_loss   | 0.0647   |
|    learning_rate   | 1.17e-08 |
|    n_updates       | 489992   |
---------------------------------
Wrapping the env in a DummyVecEnv.
mlp after training: mean_reward=283.48 +/- 8.60

=== Training variant: rbf_64 ===
/home/leopold/anaconda3/envs/sac_sb3_demo/lib/python3.12/site-packages/pygame/pkgdata.py:25: UserWarning: pkg_resources is deprecated as an API. See https://setuptools.pypa.io/en/latest/pkg_resources.html. The pkg_resources package is slated for removal as early as 2025-11-30. Refrain from using this package or pin to Setuptools<81.
  from pkg_resources import resource_stream, resource_exists
/home/leopold/anaconda3/envs/sac_sb3_demo/lib/python3.12/site-packages/pygame/pkgdata.py:25: UserWarning: pkg_resources is deprecated as an API. See https://setuptools.pypa.io/en/latest/pkg_resources.html. The pkg_resources package is slated for removal as early as 2025-11-30. Refrain from using this package or pin to Setuptools<81.
  from pkg_resources import resource_stream, resource_exists
/home/leopold/anaconda3/envs/sac_sb3_demo/lib/python3.12/site-packages/pygame/pkgdata.py:25: UserWarning: pkg_resources is deprecated as an API. See https://setuptools.pypa.io/en/latest/pkg_resources.html. The pkg_resources package is slated for removal as early as 2025-11-30. Refrain from using this package or pin to Setuptools<81.
  from pkg_resources import resource_stream, resource_exists
/home/leopold/anaconda3/envs/sac_sb3_demo/lib/python3.12/site-packages/pygame/pkgdata.py:25: UserWarning: pkg_resources is deprecated as an API. See https://setuptools.pypa.io/en/latest/pkg_resources.html. The pkg_resources package is slated for removal as early as 2025-11-30. Refrain from using this package or pin to Setuptools<81.
  from pkg_resources import resource_stream, resource_exists
/home/leopold/anaconda3/envs/sac_sb3_demo/lib/python3.12/site-packages/pygame/pkgdata.py:25: UserWarning: pkg_resources is deprecated as an API. See https://setuptools.pypa.io/en/latest/pkg_resources.html. The pkg_resources package is slated for removal as early as 2025-11-30. Refrain from using this package or pin to Setuptools<81.
  from pkg_resources import resource_stream, resource_exists
/home/leopold/anaconda3/envs/sac_sb3_demo/lib/python3.12/site-packages/pygame/pkgdata.py:25: UserWarning: pkg_resources is deprecated as an API. See https://setuptools.pypa.io/en/latest/pkg_resources.html. The pkg_resources package is slated for removal as early as 2025-11-30. Refrain from using this package or pin to Setuptools<81.
  from pkg_resources import resource_stream, resource_exists
/home/leopold/anaconda3/envs/sac_sb3_demo/lib/python3.12/site-packages/pygame/pkgdata.py:25: UserWarning: pkg_resources is deprecated as an API. See https://setuptools.pypa.io/en/latest/pkg_resources.html. The pkg_resources package is slated for removal as early as 2025-11-30. Refrain from using this package or pin to Setuptools<81.
  from pkg_resources import resource_stream, resource_exists
/home/leopold/anaconda3/envs/sac_sb3_demo/lib/python3.12/site-packages/pygame/pkgdata.py:25: UserWarning: pkg_resources is deprecated as an API. See https://setuptools.pypa.io/en/latest/pkg_resources.html. The pkg_resources package is slated for removal as early as 2025-11-30. Refrain from using this package or pin to Setuptools<81.
  from pkg_resources import resource_stream, resource_exists
Using cuda device
rbf_64 before training: mean_reward=-341.52 +/- 82.06
Logging to runs/lunarlander_sac_rbf/sac-rbf-20260727_222807-seed123/rbf_64_1
/home/leopold/anaconda3/envs/sac_sb3_demo/lib/python3.12/site-packages/stable_baselines3/common/callbacks.py:418: UserWarning: Training and eval env are not of the same type<stable_baselines3.common.vec_env.subproc_vec_env.SubprocVecEnv object at 0x71e0299c2930> != <stable_baselines3.common.vec_env.dummy_vec_env.DummyVecEnv object at 0x71e02100d520>
  warnings.warn("Training and eval env are not of the same type" f"{self.training_env} != {self.eval_env}")
---------------------------------
| rollout/           |          |
|    ep_len_mean     | 86.2     |
|    ep_rew_mean     | -288     |
| time/              |          |
|    episodes        | 4        |
|    fps             | 7756     |
|    time_elapsed    | 0        |
|    total_timesteps | 712      |
---------------------------------
---------------------------------
| rollout/           |          |
|    ep_len_mean     | 95.5     |
|    ep_rew_mean     | -268     |
| time/              |          |
|    episodes        | 8        |
|    fps             | 7966     |
|    time_elapsed    | 0        |
|    total_timesteps | 960      |
---------------------------------
---------------------------------
| rollout/           |          |
|    ep_len_mean     | 93.2     |
|    ep_rew_mean     | -241     |
| time/              |          |
|    episodes        | 12       |
|    fps             | 8827     |
|    time_elapsed    | 0        |
|    total_timesteps | 1544     |
---------------------------------
---------------------------------
| rollout/           |          |
|    ep_len_mean     | 94       |
|    ep_rew_mean     | -240     |
| time/              |          |
|    episodes        | 16       |
|    fps             | 8532     |
|    time_elapsed    | 0        |
|    total_timesteps | 1960     |
---------------------------------
---------------------------------
| rollout/           |          |
|    ep_len_mean     | 97.8     |
|    ep_rew_mean     | -237     |
| time/              |          |
|    episodes        | 20       |
|    fps             | 9041     |
|    time_elapsed    | 0        |
|    total_timesteps | 2464     |
---------------------------------
---------------------------------
| rollout/           |          |
|    ep_len_mean     | 99.2     |
|    ep_rew_mean     | -239     |
| time/              |          |
|    episodes        | 24       |
|    fps             | 9075     |
|    time_elapsed    | 0        |
|    total_timesteps | 2824     |
---------------------------------
---------------------------------
| rollout/           |          |
|    ep_len_mean     | 102      |
|    ep_rew_mean     | -239     |
| time/              |          |
|    episodes        | 28       |
|    fps             | 9216     |
|    time_elapsed    | 0        |
|    total_timesteps | 3360     |
---------------------------------
---------------------------------
| rollout/           |          |
|    ep_len_mean     | 104      |
|    ep_rew_mean     | -240     |
| time/              |          |
|    episodes        | 32       |
|    fps             | 9319     |
|    time_elapsed    | 0        |
|    total_timesteps | 3568     |
---------------------------------
---------------------------------
| rollout/           |          |
|    ep_len_mean     | 103      |
|    ep_rew_mean     | -226     |
| time/              |          |
|    episodes        | 36       |
|    fps             | 9429     |
|    time_elapsed    | 0        |
|    total_timesteps | 4120     |
---------------------------------
---------------------------------
| rollout/           |          |
|    ep_len_mean     | 102      |
|    ep_rew_mean     | -220     |
| time/              |          |
|    episodes        | 40       |
|    fps             | 9526     |
|    time_elapsed    | 0        |
|    total_timesteps | 4344     |
---------------------------------
---------------------------------
| rollout/           |          |
|    ep_len_mean     | 103      |
|    ep_rew_mean     | -223     |
| time/              |          |
|    episodes        | 44       |
|    fps             | 9923     |
|    time_elapsed    | 0        |
|    total_timesteps | 4992     |
---------------------------------
---------------------------------
| rollout/           |          |
|    ep_len_mean     | 103      |
|    ep_rew_mean     | -216     |
| time/              |          |
|    episodes        | 48       |
|    fps             | 9938     |
|    time_elapsed    | 0        |
|    total_timesteps | 5272     |
---------------------------------
---------------------------------
| rollout/           |          |
|    ep_len_mean     | 102      |
|    ep_rew_mean     | -206     |
| time/              |          |
|    episodes        | 52       |
|    fps             | 9978     |
|    time_elapsed    | 0        |
|    total_timesteps | 5584     |
---------------------------------
---------------------------------
| rollout/           |          |
|    ep_len_mean     | 103      |
|    ep_rew_mean     | -202     |
| time/              |          |
|    episodes        | 56       |
|    fps             | 10174    |
|    time_elapsed    | 0        |
|    total_timesteps | 6320     |
---------------------------------
---------------------------------
| rollout/           |          |
|    ep_len_mean     | 102      |
|    ep_rew_mean     | -203     |
| time/              |          |
|    episodes        | 60       |
|    fps             | 10199    |
|    time_elapsed    | 0        |
|    total_timesteps | 6520     |
---------------------------------
---------------------------------
| rollout/           |          |
|    ep_len_mean     | 104      |
|    ep_rew_mean     | -201     |
| time/              |          |
|    episodes        | 64       |
|    fps             | 10357    |
|    time_elapsed    | 0        |
|    total_timesteps | 7096     |
---------------------------------
---------------------------------
| rollout/           |          |
|    ep_len_mean     | 104      |
|    ep_rew_mean     | -206     |
| time/              |          |
|    episodes        | 68       |
|    fps             | 10396    |
|    time_elapsed    | 0        |
|    total_timesteps | 7472     |
---------------------------------
---------------------------------
| rollout/           |          |
|    ep_len_mean     | 104      |
|    ep_rew_mean     | -203     |
| time/              |          |
|    episodes        | 72       |
|    fps             | 10488    |
|    time_elapsed    | 0        |
|    total_timesteps | 7960     |
---------------------------------
---------------------------------
| rollout/           |          |
|    ep_len_mean     | 105      |
|    ep_rew_mean     | -198     |
| time/              |          |
|    episodes        | 76       |
|    fps             | 10499    |
|    time_elapsed    | 0        |
|    total_timesteps | 8216     |
---------------------------------
---------------------------------
| rollout/           |          |
|    ep_len_mean     | 104      |
|    ep_rew_mean     | -195     |
| time/              |          |
|    episodes        | 80       |
|    fps             | 10560    |
|    time_elapsed    | 0        |
|    total_timesteps | 8784     |
---------------------------------
---------------------------------
| rollout/           |          |
|    ep_len_mean     | 104      |
|    ep_rew_mean     | -199     |
| time/              |          |
|    episodes        | 84       |
|    fps             | 10607    |
|    time_elapsed    | 0        |
|    total_timesteps | 9056     |
---------------------------------
---------------------------------
| rollout/           |          |
|    ep_len_mean     | 105      |
|    ep_rew_mean     | -200     |
| time/              |          |
|    episodes        | 88       |
|    fps             | 10674    |
|    time_elapsed    | 0        |
|    total_timesteps | 9552     |
---------------------------------
Eval num_timesteps=10000, episode_reward=-325.42 +/- 110.93
Episode length: 132.70 +/- 25.56
---------------------------------
| eval/              |          |
|    mean_ep_length  | 133      |
|    mean_reward     | -325     |
| time/              |          |
|    total_timesteps | 10000    |
---------------------------------
New best mean reward!
---------------------------------
| rollout/           |          |
|    ep_len_mean     | 106      |
|    ep_rew_mean     | -200     |
| time/              |          |
|    episodes        | 92       |
|    fps             | 7109     |
|    time_elapsed    | 1        |
|    total_timesteps | 10008    |
---------------------------------
---------------------------------
| rollout/           |          |
|    ep_len_mean     | 105      |
|    ep_rew_mean     | -201     |
| time/              |          |
|    episodes        | 96       |
|    fps             | 2611     |
|    time_elapsed    | 4        |
|    total_timesteps | 10584    |
| train/             |          |
|    actor_loss      | 0.511    |
|    critic_loss     | 130      |
|    ent_coef        | 0.665    |
|    ent_coef_loss   | -1.36    |
|    learning_rate   | 0.000715 |
|    n_updates       | 576      |
---------------------------------
---------------------------------
| rollout/           |          |
|    ep_len_mean     | 106      |
|    ep_rew_mean     | -204     |
| time/              |          |
|    episodes        | 100      |
|    fps             | 1701     |
|    time_elapsed    | 6        |
|    total_timesteps | 11104    |
| train/             |          |
|    actor_loss      | 3.52     |
|    critic_loss     | 73.7     |
|    ent_coef        | 0.462    |
|    ent_coef_loss   | -2.43    |
|    learning_rate   | 0.000714 |
|    n_updates       | 1096     |
---------------------------------
---------------------------------
| rollout/           |          |
|    ep_len_mean     | 107      |
|    ep_rew_mean     | -206     |
| time/              |          |
|    episodes        | 104      |
|    fps             | 1466     |
|    time_elapsed    | 7        |
|    total_timesteps | 11368    |
| train/             |          |
|    actor_loss      | 5.44     |
|    critic_loss     | 113      |
|    ent_coef        | 0.386    |
|    ent_coef_loss   | -2.87    |
|    learning_rate   | 0.000713 |
|    n_updates       | 1360     |
---------------------------------
---------------------------------
| rollout/           |          |
|    ep_len_mean     | 107      |
|    ep_rew_mean     | -213     |
| time/              |          |
|    episodes        | 108      |
|    fps             | 1143     |
|    time_elapsed    | 10       |
|    total_timesteps | 11968    |
| train/             |          |
|    actor_loss      | 9.54     |
|    critic_loss     | 75.8     |
|    ent_coef        | 0.266    |
|    ent_coef_loss   | -3.24    |
|    learning_rate   | 0.000713 |
|    n_updates       | 1960     |
---------------------------------
---------------------------------
| rollout/           |          |
|    ep_len_mean     | 110      |
|    ep_rew_mean     | -221     |
| time/              |          |
|    episodes        | 112      |
|    fps             | 965      |
|    time_elapsed    | 12       |
|    total_timesteps | 12496    |
| train/             |          |
|    actor_loss      | 13.8     |
|    critic_loss     | 34.2     |
|    ent_coef        | 0.195    |
|    ent_coef_loss   | -3.57    |
|    learning_rate   | 0.000712 |
|    n_updates       | 2488     |
---------------------------------
---------------------------------
| rollout/           |          |
|    ep_len_mean     | 112      |
|    ep_rew_mean     | -226     |
| time/              |          |
|    episodes        | 116      |
|    fps             | 758      |
|    time_elapsed    | 17       |
|    total_timesteps | 13536    |
| train/             |          |
|    actor_loss      | 21.8     |
|    critic_loss     | 51.7     |
|    ent_coef        | 0.111    |
|    ent_coef_loss   | -2.51    |
|    learning_rate   | 0.00071  |
|    n_updates       | 3528     |
---------------------------------
---------------------------------
| rollout/           |          |
|    ep_len_mean     | 115      |
|    ep_rew_mean     | -225     |
| time/              |          |
|    episodes        | 120      |
|    fps             | 695      |
|    time_elapsed    | 20       |
|    total_timesteps | 14040    |
| train/             |          |
|    actor_loss      | 24.9     |
|    critic_loss     | 27.5     |
|    ent_coef        | 0.095    |
|    ent_coef_loss   | -1.74    |
|    learning_rate   | 0.00071  |
|    n_updates       | 4032     |
---------------------------------
---------------------------------
| rollout/           |          |
|    ep_len_mean     | 117      |
|    ep_rew_mean     | -224     |
| time/              |          |
|    episodes        | 124      |
|    fps             | 643      |
|    time_elapsed    | 22       |
|    total_timesteps | 14576    |
| train/             |          |
|    actor_loss      | 27.4     |
|    critic_loss     | 31.6     |
|    ent_coef        | 0.0859   |
|    ent_coef_loss   | -0.52    |
|    learning_rate   | 0.000709 |
|    n_updates       | 4568     |
---------------------------------
---------------------------------
| rollout/           |          |
|    ep_len_mean     | 117      |
|    ep_rew_mean     | -226     |
| time/              |          |
|    episodes        | 128      |
|    fps             | 612      |
|    time_elapsed    | 24       |
|    total_timesteps | 14960    |
| train/             |          |
|    actor_loss      | 29.9     |
|    critic_loss     | 25.8     |
|    ent_coef        | 0.0826   |
|    ent_coef_loss   | -0.51    |
|    learning_rate   | 0.000708 |
|    n_updates       | 4952     |
---------------------------------
---------------------------------
| rollout/           |          |
|    ep_len_mean     | 116      |
|    ep_rew_mean     | -233     |
| time/              |          |
|    episodes        | 132      |
|    fps             | 584      |
|    time_elapsed    | 26       |
|    total_timesteps | 15376    |
| train/             |          |
|    actor_loss      | 32.8     |
|    critic_loss     | 31.4     |
|    ent_coef        | 0.0774   |
|    ent_coef_loss   | -0.505   |
|    learning_rate   | 0.000708 |
|    n_updates       | 5368     |
---------------------------------
---------------------------------
| rollout/           |          |
|    ep_len_mean     | 117      |
|    ep_rew_mean     | -239     |
| time/              |          |
|    episodes        | 136      |
|    fps             | 563      |
|    time_elapsed    | 27       |
|    total_timesteps | 15720    |
| train/             |          |
|    actor_loss      | 35.9     |
|    critic_loss     | 34.7     |
|    ent_coef        | 0.0727   |
|    ent_coef_loss   | -0.482   |
|    learning_rate   | 0.000707 |
|    n_updates       | 5712     |
---------------------------------
---------------------------------
| rollout/           |          |
|    ep_len_mean     | 116      |
|    ep_rew_mean     | -242     |
| time/              |          |
|    episodes        | 140      |
|    fps             | 533      |
|    time_elapsed    | 30       |
|    total_timesteps | 16288    |
| train/             |          |
|    actor_loss      | 39.1     |
|    critic_loss     | 22       |
|    ent_coef        | 0.0638   |
|    ent_coef_loss   | 0.227    |
|    learning_rate   | 0.000706 |
|    n_updates       | 6280     |
---------------------------------
---------------------------------
| rollout/           |          |
|    ep_len_mean     | 116      |
|    ep_rew_mean     | -237     |
| time/              |          |
|    episodes        | 144      |
|    fps             | 495      |
|    time_elapsed    | 34       |
|    total_timesteps | 17160    |
| train/             |          |
|    actor_loss      | 43.7     |
|    critic_loss     | 20.4     |
|    ent_coef        | 0.0668   |
|    ent_coef_loss   | 0.243    |
|    learning_rate   | 0.000705 |
|    n_updates       | 7152     |
---------------------------------
---------------------------------
| rollout/           |          |
|    ep_len_mean     | 117      |
|    ep_rew_mean     | -238     |
| time/              |          |
|    episodes        | 148      |
|    fps             | 468      |
|    time_elapsed    | 38       |
|    total_timesteps | 17952    |
| train/             |          |
|    actor_loss      | 45.9     |
|    critic_loss     | 18       |
|    ent_coef        | 0.067    |
|    ent_coef_loss   | 0.255    |
|    learning_rate   | 0.000704 |
|    n_updates       | 7944     |
---------------------------------
---------------------------------
| rollout/           |          |
|    ep_len_mean     | 118      |
|    ep_rew_mean     | -241     |
| time/              |          |
|    episodes        | 152      |
|    fps             | 445      |
|    time_elapsed    | 42       |
|    total_timesteps | 18760    |
| train/             |          |
|    actor_loss      | 47.9     |
|    critic_loss     | 16.3     |
|    ent_coef        | 0.0699   |
|    ent_coef_loss   | 0.0615   |
|    learning_rate   | 0.000703 |
|    n_updates       | 8752     |
---------------------------------
---------------------------------
| rollout/           |          |
|    ep_len_mean     | 122      |
|    ep_rew_mean     | -241     |
| time/              |          |
|    episodes        | 156      |
|    fps             | 433      |
|    time_elapsed    | 44       |
|    total_timesteps | 19256    |
| train/             |          |
|    actor_loss      | 49       |
|    critic_loss     | 17.3     |
|    ent_coef        | 0.0724   |
|    ent_coef_loss   | -0.061   |
|    learning_rate   | 0.000702 |
|    n_updates       | 9248     |
---------------------------------
Eval num_timesteps=20000, episode_reward=-147.35 +/- 59.76
Episode length: 229.30 +/- 91.42
---------------------------------
| eval/              |          |
|    mean_ep_length  | 229      |
|    mean_reward     | -147     |
| time/              |          |
|    total_timesteps | 20000    |
| train/             |          |
|    actor_loss      | 48.8     |
|    critic_loss     | 8.83     |
|    ent_coef        | 0.0677   |
|    ent_coef_loss   | 0.39     |
|    learning_rate   | 0.000701 |
|    n_updates       | 9992     |
---------------------------------
New best mean reward!
---------------------------------
| rollout/           |          |
|    ep_len_mean     | 133      |
|    ep_rew_mean     | -238     |
| time/              |          |
|    episodes        | 160      |
|    fps             | 408      |
|    time_elapsed    | 49       |
|    total_timesteps | 20128    |
| train/             |          |
|    actor_loss      | 47.6     |
|    critic_loss     | 12.7     |
|    ent_coef        | 0.0677   |
|    ent_coef_loss   | -0.235   |
|    learning_rate   | 0.000701 |
|    n_updates       | 10120    |
---------------------------------
---------------------------------
| rollout/           |          |
|    ep_len_mean     | 136      |
|    ep_rew_mean     | -236     |
| time/              |          |
|    episodes        | 164      |
|    fps             | 389      |
|    time_elapsed    | 54       |
|    total_timesteps | 21304    |
| train/             |          |
|    actor_loss      | 46.6     |
|    critic_loss     | 13.4     |
|    ent_coef        | 0.062    |
|    ent_coef_loss   | 0.122    |
|    learning_rate   | 0.000699 |
|    n_updates       | 11296    |
---------------------------------
---------------------------------
| rollout/           |          |
|    ep_len_mean     | 146      |
|    ep_rew_mean     | -226     |
| time/              |          |
|    episodes        | 168      |
|    fps             | 372      |
|    time_elapsed    | 60       |
|    total_timesteps | 22552    |
| train/             |          |
|    actor_loss      | 43.9     |
|    critic_loss     | 12       |
|    ent_coef        | 0.0582   |
|    ent_coef_loss   | 0.13     |
|    learning_rate   | 0.000697 |
|    n_updates       | 12544    |
---------------------------------
---------------------------------
| rollout/           |          |
|    ep_len_mean     | 150      |
|    ep_rew_mean     | -224     |
| time/              |          |
|    episodes        | 172      |
|    fps             | 360      |
|    time_elapsed    | 65       |
|    total_timesteps | 23632    |
| train/             |          |
|    actor_loss      | 41.3     |
|    critic_loss     | 10.6     |
|    ent_coef        | 0.0569   |
|    ent_coef_loss   | 0.175    |
|    learning_rate   | 0.000696 |
|    n_updates       | 13624    |
---------------------------------
---------------------------------
| rollout/           |          |
|    ep_len_mean     | 155      |
|    ep_rew_mean     | -223     |
| time/              |          |
|    episodes        | 176      |
|    fps             | 351      |
|    time_elapsed    | 70       |
|    total_timesteps | 24648    |
| train/             |          |
|    actor_loss      | 41       |
|    critic_loss     | 12.5     |
|    ent_coef        | 0.0557   |
|    ent_coef_loss   | 0.356    |
|    learning_rate   | 0.000694 |
|    n_updates       | 14640    |
---------------------------------
---------------------------------
| rollout/           |          |
|    ep_len_mean     | 160      |
|    ep_rew_mean     | -220     |
| time/              |          |
|    episodes        | 180      |
|    fps             | 343      |
|    time_elapsed    | 74       |
|    total_timesteps | 25632    |
| train/             |          |
|    actor_loss      | 40.7     |
|    critic_loss     | 8.12     |
|    ent_coef        | 0.0549   |
|    ent_coef_loss   | -0.0061  |
|    learning_rate   | 0.000693 |
|    n_updates       | 15624    |
---------------------------------
---------------------------------
| rollout/           |          |
|    ep_len_mean     | 168      |
|    ep_rew_mean     | -213     |
| time/              |          |
|    episodes        | 184      |
|    fps             | 339      |
|    time_elapsed    | 77       |
|    total_timesteps | 26192    |
| train/             |          |
|    actor_loss      | 37.9     |
|    critic_loss     | 8.62     |
|    ent_coef        | 0.0545   |
|    ent_coef_loss   | -0.0278  |
|    learning_rate   | 0.000692 |
|    n_updates       | 16184    |
---------------------------------
---------------------------------
| rollout/           |          |
|    ep_len_mean     | 169      |
|    ep_rew_mean     | -208     |
| time/              |          |
|    episodes        | 188      |
|    fps             | 335      |
|    time_elapsed    | 79       |
|    total_timesteps | 26704    |
| train/             |          |
|    actor_loss      | 36.9     |
|    critic_loss     | 19.7     |
|    ent_coef        | 0.0547   |
|    ent_coef_loss   | -0.147   |
|    learning_rate   | 0.000691 |
|    n_updates       | 16696    |
---------------------------------
---------------------------------
| rollout/           |          |
|    ep_len_mean     | 171      |
|    ep_rew_mean     | -204     |
| time/              |          |
|    episodes        | 192      |
|    fps             | 329      |
|    time_elapsed    | 83       |
|    total_timesteps | 27536    |
| train/             |          |
|    actor_loss      | 36.8     |
|    critic_loss     | 8.05     |
|    ent_coef        | 0.054    |
|    ent_coef_loss   | -0.408   |
|    learning_rate   | 0.00069  |
|    n_updates       | 17528    |
---------------------------------
---------------------------------
| rollout/           |          |
|    ep_len_mean     | 173      |
|    ep_rew_mean     | -200     |
| time/              |          |
|    episodes        | 196      |
|    fps             | 327      |
|    time_elapsed    | 85       |
|    total_timesteps | 27968    |
| train/             |          |
|    actor_loss      | 36.9     |
|    critic_loss     | 13.3     |
|    ent_coef        | 0.0535   |
|    ent_coef_loss   | 0.424    |
|    learning_rate   | 0.000689 |
|    n_updates       | 17960    |
---------------------------------
---------------------------------
| rollout/           |          |
|    ep_len_mean     | 175      |
|    ep_rew_mean     | -191     |
| time/              |          |
|    episodes        | 200      |
|    fps             | 322      |
|    time_elapsed    | 89       |
|    total_timesteps | 28752    |
| train/             |          |
|    actor_loss      | 36.1     |
|    critic_loss     | 10.2     |
|    ent_coef        | 0.0555   |
|    ent_coef_loss   | -0.361   |
|    learning_rate   | 0.000688 |
|    n_updates       | 18744    |
---------------------------------
---------------------------------
| rollout/           |          |
|    ep_len_mean     | 178      |
|    ep_rew_mean     | -181     |
| time/              |          |
|    episodes        | 204      |
|    fps             | 318      |
|    time_elapsed    | 92       |
|    total_timesteps | 29504    |
| train/             |          |
|    actor_loss      | 35.9     |
|    critic_loss     | 11.8     |
|    ent_coef        | 0.0559   |
|    ent_coef_loss   | 0.1      |
|    learning_rate   | 0.000687 |
|    n_updates       | 19496    |
---------------------------------
Eval num_timesteps=30000, episode_reward=-62.73 +/- 109.36
Episode length: 208.00 +/- 75.18
---------------------------------
| eval/              |          |
|    mean_ep_length  | 208      |
|    mean_reward     | -62.7    |
| time/              |          |
|    total_timesteps | 30000    |
| train/             |          |
|    actor_loss      | 34       |
|    critic_loss     | 7.69     |
|    ent_coef        | 0.0551   |
|    ent_coef_loss   | 0.0213   |
|    learning_rate   | 0.000686 |
|    n_updates       | 19992    |
---------------------------------
New best mean reward!
---------------------------------
| rollout/           |          |
|    ep_len_mean     | 180      |
|    ep_rew_mean     | -169     |
| time/              |          |
|    episodes        | 208      |
|    fps             | 312      |
|    time_elapsed    | 96       |
|    total_timesteps | 30064    |
| train/             |          |
|    actor_loss      | 37.3     |
|    critic_loss     | 17.8     |
|    ent_coef        | 0.055    |
|    ent_coef_loss   | -0.0528  |
|    learning_rate   | 0.000686 |
|    n_updates       | 20056    |
---------------------------------
---------------------------------
| rollout/           |          |
|    ep_len_mean     | 181      |
|    ep_rew_mean     | -158     |
| time/              |          |
|    episodes        | 212      |
|    fps             | 308      |
|    time_elapsed    | 100      |
|    total_timesteps | 30992    |
| train/             |          |
|    actor_loss      | 34.9     |
|    critic_loss     | 9.39     |
|    ent_coef        | 0.0543   |
|    ent_coef_loss   | -0.252   |
|    learning_rate   | 0.000685 |
|    n_updates       | 20984    |
---------------------------------
---------------------------------
| rollout/           |          |
|    ep_len_mean     | 182      |
|    ep_rew_mean     | -148     |
| time/              |          |
|    episodes        | 216      |
|    fps             | 306      |
|    time_elapsed    | 102      |
|    total_timesteps | 31544    |
| train/             |          |
|    actor_loss      | 34.3     |
|    critic_loss     | 9.82     |
|    ent_coef        | 0.0545   |
|    ent_coef_loss   | -0.178   |
|    learning_rate   | 0.000684 |
|    n_updates       | 21536    |
---------------------------------
---------------------------------
| rollout/           |          |
|    ep_len_mean     | 183      |
|    ep_rew_mean     | -142     |
| time/              |          |
|    episodes        | 220      |
|    fps             | 302      |
|    time_elapsed    | 107      |
|    total_timesteps | 32544    |
| train/             |          |
|    actor_loss      | 33.4     |
|    critic_loss     | 10.7     |
|    ent_coef        | 0.0523   |
|    ent_coef_loss   | -0.0117  |
|    learning_rate   | 0.000682 |
|    n_updates       | 22536    |
---------------------------------
---------------------------------
| rollout/           |          |
|    ep_len_mean     | 185      |
|    ep_rew_mean     | -136     |
| time/              |          |
|    episodes        | 224      |
|    fps             | 299      |
|    time_elapsed    | 110      |
|    total_timesteps | 33216    |
| train/             |          |
|    actor_loss      | 34.7     |
|    critic_loss     | 7.17     |
|    ent_coef        | 0.052    |
|    ent_coef_loss   | 0.107    |
|    learning_rate   | 0.000682 |
|    n_updates       | 23208    |
---------------------------------
---------------------------------
| rollout/           |          |
|    ep_len_mean     | 189      |
|    ep_rew_mean     | -128     |
| time/              |          |
|    episodes        | 228      |
|    fps             | 295      |
|    time_elapsed    | 116      |
|    total_timesteps | 34464    |
| train/             |          |
|    actor_loss      | 34.4     |
|    critic_loss     | 9.74     |
|    ent_coef        | 0.0489   |
|    ent_coef_loss   | 0.0954   |
|    learning_rate   | 0.00068  |
|    n_updates       | 24456    |
---------------------------------
---------------------------------
| rollout/           |          |
|    ep_len_mean     | 193      |
|    ep_rew_mean     | -114     |
| time/              |          |
|    episodes        | 232      |
|    fps             | 293      |
|    time_elapsed    | 119      |
|    total_timesteps | 35064    |
| train/             |          |
|    actor_loss      | 34.6     |
|    critic_loss     | 14.7     |
|    ent_coef        | 0.0495   |
|    ent_coef_loss   | 0.114    |
|    learning_rate   | 0.000679 |
|    n_updates       | 25056    |
---------------------------------
---------------------------------
| rollout/           |          |
|    ep_len_mean     | 197      |
|    ep_rew_mean     | -105     |
| time/              |          |
|    episodes        | 236      |
|    fps             | 292      |
|    time_elapsed    | 121      |
|    total_timesteps | 35552    |
| train/             |          |
|    actor_loss      | 32.2     |
|    critic_loss     | 8.37     |
|    ent_coef        | 0.0491   |
|    ent_coef_loss   | -0.176   |
|    learning_rate   | 0.000678 |
|    n_updates       | 25544    |
---------------------------------
---------------------------------
| rollout/           |          |
|    ep_len_mean     | 200      |
|    ep_rew_mean     | -98.9    |
| time/              |          |
|    episodes        | 240      |
|    fps             | 289      |
|    time_elapsed    | 125      |
|    total_timesteps | 36336    |
| train/             |          |
|    actor_loss      | 32.4     |
|    critic_loss     | 13.1     |
|    ent_coef        | 0.047    |
|    ent_coef_loss   | 0.0455   |
|    learning_rate   | 0.000677 |
|    n_updates       | 26328    |
---------------------------------
---------------------------------
| rollout/           |          |
|    ep_len_mean     | 204      |
|    ep_rew_mean     | -98.7    |
| time/              |          |
|    episodes        | 244      |
|    fps             | 287      |
|    time_elapsed    | 130      |
|    total_timesteps | 37416    |
| train/             |          |
|    actor_loss      | 30.7     |
|    critic_loss     | 13.5     |
|    ent_coef        | 0.0465   |
|    ent_coef_loss   | -0.0386  |
|    learning_rate   | 0.000675 |
|    n_updates       | 27408    |
---------------------------------
---------------------------------
| rollout/           |          |
|    ep_len_mean     | 208      |
|    ep_rew_mean     | -95.5    |
| time/              |          |
|    episodes        | 248      |
|    fps             | 281      |
|    time_elapsed    | 140      |
|    total_timesteps | 39496    |
| train/             |          |
|    actor_loss      | 29       |
|    critic_loss     | 11.3     |
|    ent_coef        | 0.0476   |
|    ent_coef_loss   | -0.154   |
|    learning_rate   | 0.000672 |
|    n_updates       | 29488    |
---------------------------------
Eval num_timesteps=40000, episode_reward=-84.01 +/- 83.69
Episode length: 264.80 +/- 149.88
---------------------------------
| eval/              |          |
|    mean_ep_length  | 265      |
|    mean_reward     | -84      |
| time/              |          |
|    total_timesteps | 40000    |
| train/             |          |
|    actor_loss      | 27.5     |
|    critic_loss     | 12.6     |
|    ent_coef        | 0.0474   |
|    ent_coef_loss   | -0.0805  |
|    learning_rate   | 0.000672 |
|    n_updates       | 29992    |
---------------------------------
---------------------------------
| rollout/           |          |
|    ep_len_mean     | 213      |
|    ep_rew_mean     | -94.4    |
| time/              |          |
|    episodes        | 252      |
|    fps             | 277      |
|    time_elapsed    | 146      |
|    total_timesteps | 40592    |
| train/             |          |
|    actor_loss      | 28.1     |
|    critic_loss     | 11.3     |
|    ent_coef        | 0.0477   |
|    ent_coef_loss   | -0.148   |
|    learning_rate   | 0.000671 |
|    n_updates       | 30584    |
---------------------------------
---------------------------------
| rollout/           |          |
|    ep_len_mean     | 221      |
|    ep_rew_mean     | -86.3    |
| time/              |          |
|    episodes        | 256      |
|    fps             | 275      |
|    time_elapsed    | 152      |
|    total_timesteps | 41880    |
| train/             |          |
|    actor_loss      | 27       |
|    critic_loss     | 9.16     |
|    ent_coef        | 0.0488   |
|    ent_coef_loss   | -0.227   |
|    learning_rate   | 0.000669 |
|    n_updates       | 31872    |
---------------------------------
---------------------------------
| rollout/           |          |
|    ep_len_mean     | 220      |
|    ep_rew_mean     | -78.6    |
| time/              |          |
|    episodes        | 260      |
|    fps             | 274      |
|    time_elapsed    | 155      |
|    total_timesteps | 42584    |
| train/             |          |
|    actor_loss      | 26.6     |
|    critic_loss     | 27.3     |
|    ent_coef        | 0.0492   |
|    ent_coef_loss   | -0.0536  |
|    learning_rate   | 0.000668 |
|    n_updates       | 32576    |
---------------------------------
---------------------------------
| rollout/           |          |
|    ep_len_mean     | 229      |
|    ep_rew_mean     | -79      |
| time/              |          |
|    episodes        | 264      |
|    fps             | 267      |
|    time_elapsed    | 173      |
|    total_timesteps | 46416    |
| train/             |          |
|    actor_loss      | 23.9     |
|    critic_loss     | 6.99     |
|    ent_coef        | 0.0479   |
|    ent_coef_loss   | 0.331    |
|    learning_rate   | 0.000662 |
|    n_updates       | 36408    |
---------------------------------
---------------------------------
| rollout/           |          |
|    ep_len_mean     | 230      |
|    ep_rew_mean     | -82.7    |
| time/              |          |
|    episodes        | 268      |
|    fps             | 264      |
|    time_elapsed    | 184      |
|    total_timesteps | 48896    |
| train/             |          |
|    actor_loss      | 23.4     |
|    critic_loss     | 8.37     |
|    ent_coef        | 0.0453   |
|    ent_coef_loss   | 0.0617   |
|    learning_rate   | 0.000659 |
|    n_updates       | 38888    |
---------------------------------
Eval num_timesteps=50000, episode_reward=-108.84 +/- 75.81
Episode length: 905.40 +/- 252.15
---------------------------------
| eval/              |          |
|    mean_ep_length  | 905      |
|    mean_reward     | -109     |
| time/              |          |
|    total_timesteps | 50000    |
| train/             |          |
|    actor_loss      | 21.8     |
|    critic_loss     | 13.9     |
|    ent_coef        | 0.0444   |
|    ent_coef_loss   | 0.108    |
|    learning_rate   | 0.000657 |
|    n_updates       | 39992    |
---------------------------------
---------------------------------
| rollout/           |          |
|    ep_len_mean     | 253      |
|    ep_rew_mean     | -82.6    |
| time/              |          |
|    episodes        | 272      |
|    fps             | 258      |
|    time_elapsed    | 195      |
|    total_timesteps | 50584    |
| train/             |          |
|    actor_loss      | 21.7     |
|    critic_loss     | 8.14     |
|    ent_coef        | 0.0449   |
|    ent_coef_loss   | -0.0986  |
|    learning_rate   | 0.000656 |
|    n_updates       | 40576    |
---------------------------------
---------------------------------
| rollout/           |          |
|    ep_len_mean     | 266      |
|    ep_rew_mean     | -81.2    |
| time/              |          |
|    episodes        | 276      |
|    fps             | 256      |
|    time_elapsed    | 202      |
|    total_timesteps | 51920    |
| train/             |          |
|    actor_loss      | 21.2     |
|    critic_loss     | 10.1     |
|    ent_coef        | 0.0432   |
|    ent_coef_loss   | -0.324   |
|    learning_rate   | 0.000654 |
|    n_updates       | 41912    |
---------------------------------
---------------------------------
| rollout/           |          |
|    ep_len_mean     | 281      |
|    ep_rew_mean     | -81.8    |
| time/              |          |
|    episodes        | 280      |
|    fps             | 252      |
|    time_elapsed    | 225      |
|    total_timesteps | 56896    |
| train/             |          |
|    actor_loss      | 20.4     |
|    critic_loss     | 8.52     |
|    ent_coef        | 0.041    |
|    ent_coef_loss   | 0.19     |
|    learning_rate   | 0.000647 |
|    n_updates       | 46888    |
---------------------------------
---------------------------------
| rollout/           |          |
|    ep_len_mean     | 298      |
|    ep_rew_mean     | -84.9    |
| time/              |          |
|    episodes        | 284      |
|    fps             | 252      |
|    time_elapsed    | 228      |
|    total_timesteps | 57704    |
| train/             |          |
|    actor_loss      | 21.6     |
|    critic_loss     | 12.7     |
|    ent_coef        | 0.0417   |
|    ent_coef_loss   | -0.33    |
|    learning_rate   | 0.000646 |
|    n_updates       | 47696    |
---------------------------------
---------------------------------
| rollout/           |          |
|    ep_len_mean     | 317      |
|    ep_rew_mean     | -82.6    |
| time/              |          |
|    episodes        | 288      |
|    fps             | 250      |
|    time_elapsed    | 237      |
|    total_timesteps | 59488    |
| train/             |          |
|    actor_loss      | 19.7     |
|    critic_loss     | 20       |
|    ent_coef        | 0.046    |
|    ent_coef_loss   | 0.229    |
|    learning_rate   | 0.000643 |
|    n_updates       | 49480    |
---------------------------------
Eval num_timesteps=60000, episode_reward=-87.65 +/- 62.40
Episode length: 344.90 +/- 262.47
---------------------------------
| eval/              |          |
|    mean_ep_length  | 345      |
|    mean_reward     | -87.6    |
| time/              |          |
|    total_timesteps | 60000    |
| train/             |          |
|    actor_loss      | 19.8     |
|    critic_loss     | 6.74     |
|    ent_coef        | 0.0459   |
|    ent_coef_loss   | -0.0961  |
|    learning_rate   | 0.000642 |
|    n_updates       | 49992    |
---------------------------------
---------------------------------
| rollout/           |          |
|    ep_len_mean     | 325      |
|    ep_rew_mean     | -77.4    |
| time/              |          |
|    episodes        | 292      |
|    fps             | 247      |
|    time_elapsed    | 248      |
|    total_timesteps | 61736    |
| train/             |          |
|    actor_loss      | 19.5     |
|    critic_loss     | 9.27     |
|    ent_coef        | 0.0485   |
|    ent_coef_loss   | 0.208    |
|    learning_rate   | 0.00064  |
|    n_updates       | 51728    |
---------------------------------
---------------------------------
| rollout/           |          |
|    ep_len_mean     | 341      |
|    ep_rew_mean     | -75.7    |
| time/              |          |
|    episodes        | 296      |
|    fps             | 247      |
|    time_elapsed    | 254      |
|    total_timesteps | 62992    |
| train/             |          |
|    actor_loss      | 20.3     |
|    critic_loss     | 9.25     |
|    ent_coef        | 0.0478   |
|    ent_coef_loss   | 0.0815   |
|    learning_rate   | 0.000638 |
|    n_updates       | 52984    |
---------------------------------
---------------------------------
| rollout/           |          |
|    ep_len_mean     | 348      |
|    ep_rew_mean     | -73.6    |
| time/              |          |
|    episodes        | 300      |
|    fps             | 246      |
|    time_elapsed    | 258      |
|    total_timesteps | 63824    |
| train/             |          |
|    actor_loss      | 18.1     |
|    critic_loss     | 9        |
|    ent_coef        | 0.0502   |
|    ent_coef_loss   | 0.11     |
|    learning_rate   | 0.000637 |
|    n_updates       | 53816    |
---------------------------------
---------------------------------
| rollout/           |          |
|    ep_len_mean     | 350      |
|    ep_rew_mean     | -74.6    |
| time/              |          |
|    episodes        | 304      |
|    fps             | 245      |
|    time_elapsed    | 267      |
|    total_timesteps | 65696    |
| train/             |          |
|    actor_loss      | 19.4     |
|    critic_loss     | 9.7      |
|    ent_coef        | 0.0491   |
|    ent_coef_loss   | -0.0408  |
|    learning_rate   | 0.000634 |
|    n_updates       | 55688    |
---------------------------------
---------------------------------
| rollout/           |          |
|    ep_len_mean     | 359      |
|    ep_rew_mean     | -68.1    |
| time/              |          |
|    episodes        | 308      |
|    fps             | 245      |
|    time_elapsed    | 271      |
|    total_timesteps | 66712    |
| train/             |          |
|    actor_loss      | 17.3     |
|    critic_loss     | 8.48     |
|    ent_coef        | 0.0491   |
|    ent_coef_loss   | 0.261    |
|    learning_rate   | 0.000633 |
|    n_updates       | 56704    |
---------------------------------
---------------------------------
| rollout/           |          |
|    ep_len_mean     | 367      |
|    ep_rew_mean     | -67.9    |
| time/              |          |
|    episodes        | 312      |
|    fps             | 244      |
|    time_elapsed    | 281      |
|    total_timesteps | 68768    |
| train/             |          |
|    actor_loss      | 17       |
|    critic_loss     | 8.9      |
|    ent_coef        | 0.0488   |
|    ent_coef_loss   | 0.132    |
|    learning_rate   | 0.00063  |
|    n_updates       | 58760    |
---------------------------------
Eval num_timesteps=70000, episode_reward=-38.74 +/- 118.14
Episode length: 231.80 +/- 150.97
---------------------------------
| eval/              |          |
|    mean_ep_length  | 232      |
|    mean_reward     | -38.7    |
| time/              |          |
|    total_timesteps | 70000    |
| train/             |          |
|    actor_loss      | 14.9     |
|    critic_loss     | 8.48     |
|    ent_coef        | 0.0513   |
|    ent_coef_loss   | -0.057   |
|    learning_rate   | 0.000628 |
|    n_updates       | 59992    |
---------------------------------
New best mean reward!
---------------------------------
| rollout/           |          |
|    ep_len_mean     | 379      |
|    ep_rew_mean     | -65      |
| time/              |          |
|    episodes        | 316      |
|    fps             | 242      |
|    time_elapsed    | 292      |
|    total_timesteps | 71104    |
| train/             |          |
|    actor_loss      | 16.7     |
|    critic_loss     | 4.41     |
|    ent_coef        | 0.047    |
|    ent_coef_loss   | 0.365    |
|    learning_rate   | 0.000626 |
|    n_updates       | 61096    |
---------------------------------
---------------------------------
| rollout/           |          |
|    ep_len_mean     | 382      |
|    ep_rew_mean     | -66.4    |
| time/              |          |
|    episodes        | 320      |
|    fps             | 242      |
|    time_elapsed    | 295      |
|    total_timesteps | 71752    |
| train/             |          |
|    actor_loss      | 14.6     |
|    critic_loss     | 8.82     |
|    ent_coef        | 0.0498   |
|    ent_coef_loss   | -0.0461  |
|    learning_rate   | 0.000625 |
|    n_updates       | 61744    |
---------------------------------
---------------------------------
| rollout/           |          |
|    ep_len_mean     | 391      |
|    ep_rew_mean     | -66.3    |
| time/              |          |
|    episodes        | 324      |
|    fps             | 242      |
|    time_elapsed    | 301      |
|    total_timesteps | 73104    |
| train/             |          |
|    actor_loss      | 16.2     |
|    critic_loss     | 12.5     |
|    ent_coef        | 0.0475   |
|    ent_coef_loss   | -0.0538  |
|    learning_rate   | 0.000623 |
|    n_updates       | 63096    |
---------------------------------
---------------------------------
| rollout/           |          |
|    ep_len_mean     | 392      |
|    ep_rew_mean     | -67.7    |
| time/              |          |
|    episodes        | 328      |
|    fps             | 241      |
|    time_elapsed    | 308      |
|    total_timesteps | 74624    |
| train/             |          |
|    actor_loss      | 15.1     |
|    critic_loss     | 11.2     |
|    ent_coef        | 0.047    |
|    ent_coef_loss   | -0.113   |
|    learning_rate   | 0.000621 |
|    n_updates       | 64616    |
---------------------------------
---------------------------------
| rollout/           |          |
|    ep_len_mean     | 403      |
|    ep_rew_mean     | -67      |
| time/              |          |
|    episodes        | 332      |
|    fps             | 240      |
|    time_elapsed    | 319      |
|    total_timesteps | 76952    |
| train/             |          |
|    actor_loss      | 15.2     |
|    critic_loss     | 16.9     |
|    ent_coef        | 0.0459   |
|    ent_coef_loss   | -0.11    |
|    learning_rate   | 0.000618 |
|    n_updates       | 66944    |
---------------------------------
---------------------------------
| rollout/           |          |
|    ep_len_mean     | 411      |
|    ep_rew_mean     | -66.9    |
| time/              |          |
|    episodes        | 336      |
|    fps             | 240      |
|    time_elapsed    | 325      |
|    total_timesteps | 78192    |
| train/             |          |
|    actor_loss      | 15.7     |
|    critic_loss     | 10.6     |
|    ent_coef        | 0.0459   |
|    ent_coef_loss   | -0.0945  |
|    learning_rate   | 0.000616 |
|    n_updates       | 68184    |
---------------------------------
Eval num_timesteps=80000, episode_reward=-35.47 +/- 82.92
Episode length: 391.10 +/- 152.66
---------------------------------
| eval/              |          |
|    mean_ep_length  | 391      |
|    mean_reward     | -35.5    |
| time/              |          |
|    total_timesteps | 80000    |
| train/             |          |
|    actor_loss      | 16       |
|    critic_loss     | 16.4     |
|    ent_coef        | 0.0457   |
|    ent_coef_loss   | -0.021   |
|    learning_rate   | 0.000613 |
|    n_updates       | 69992    |
---------------------------------
New best mean reward!
---------------------------------
| rollout/           |          |
|    ep_len_mean     | 424      |
|    ep_rew_mean     | -64.9    |
| time/              |          |
|    episodes        | 340      |
|    fps             | 238      |
|    time_elapsed    | 335      |
|    total_timesteps | 80048    |
| train/             |          |
|    actor_loss      | 15       |
|    critic_loss     | 11       |
|    ent_coef        | 0.0455   |
|    ent_coef_loss   | -0.0962  |
|    learning_rate   | 0.000613 |
|    n_updates       | 70040    |
---------------------------------
---------------------------------
| rollout/           |          |
|    ep_len_mean     | 429      |
|    ep_rew_mean     | -63.5    |
| time/              |          |
|    episodes        | 344      |
|    fps             | 238      |
|    time_elapsed    | 346      |
|    total_timesteps | 82544    |
| train/             |          |
|    actor_loss      | 14.7     |
|    critic_loss     | 6.32     |
|    ent_coef        | 0.0467   |
|    ent_coef_loss   | -0.228   |
|    learning_rate   | 0.000609 |
|    n_updates       | 72536    |
---------------------------------
---------------------------------
| rollout/           |          |
|    ep_len_mean     | 456      |
|    ep_rew_mean     | -53.3    |
| time/              |          |
|    episodes        | 348      |
|    fps             | 237      |
|    time_elapsed    | 358      |
|    total_timesteps | 85016    |
| train/             |          |
|    actor_loss      | 13       |
|    critic_loss     | 12.9     |
|    ent_coef        | 0.0468   |
|    ent_coef_loss   | -0.0334  |
|    learning_rate   | 0.000606 |
|    n_updates       | 75008    |
---------------------------------
---------------------------------
| rollout/           |          |
|    ep_len_mean     | 460      |
|    ep_rew_mean     | -52.3    |
| time/              |          |
|    episodes        | 352      |
|    fps             | 236      |
|    time_elapsed    | 362      |
|    total_timesteps | 85864    |
| train/             |          |
|    actor_loss      | 13.7     |
|    critic_loss     | 9.41     |
|    ent_coef        | 0.047    |
|    ent_coef_loss   | 0.115    |
|    learning_rate   | 0.000605 |
|    n_updates       | 75856    |
---------------------------------
---------------------------------
| rollout/           |          |
|    ep_len_mean     | 463      |
|    ep_rew_mean     | -54.9    |
| time/              |          |
|    episodes        | 356      |
|    fps             | 236      |
|    time_elapsed    | 374      |
|    total_timesteps | 88520    |
| train/             |          |
|    actor_loss      | 13.1     |
|    critic_loss     | 9.07     |
|    ent_coef        | 0.0446   |
|    ent_coef_loss   | 0.265    |
|    learning_rate   | 0.000601 |
|    n_updates       | 78512    |
---------------------------------
---------------------------------
| rollout/           |          |
|    ep_len_mean     | 473      |
|    ep_rew_mean     | -56.4    |
| time/              |          |
|    episodes        | 360      |
|    fps             | 235      |
|    time_elapsed    | 381      |
|    total_timesteps | 89984    |
| train/             |          |
|    actor_loss      | 13.1     |
|    critic_loss     | 17.4     |
|    ent_coef        | 0.0424   |
|    ent_coef_loss   | -0.0568  |
|    learning_rate   | 0.000599 |
|    n_updates       | 79976    |
---------------------------------
Eval num_timesteps=90000, episode_reward=7.28 +/- 151.21
Episode length: 519.60 +/- 102.38
---------------------------------
| eval/              |          |
|    mean_ep_length  | 520      |
|    mean_reward     | 7.28     |
| time/              |          |
|    total_timesteps | 90000    |
| train/             |          |
|    actor_loss      | 12.6     |
|    critic_loss     | 8.77     |
|    ent_coef        | 0.0423   |
|    ent_coef_loss   | -0.0613  |
|    learning_rate   | 0.000599 |
|    n_updates       | 79992    |
---------------------------------
New best mean reward!
---------------------------------
| rollout/           |          |
|    ep_len_mean     | 472      |
|    ep_rew_mean     | -54      |
| time/              |          |
|    episodes        | 364      |
|    fps             | 234      |
|    time_elapsed    | 393      |
|    total_timesteps | 92112    |
| train/             |          |
|    actor_loss      | 14.5     |
|    critic_loss     | 9.18     |
|    ent_coef        | 0.0399   |
|    ent_coef_loss   | 0.269    |
|    learning_rate   | 0.000596 |
|    n_updates       | 82104    |
---------------------------------
---------------------------------
| rollout/           |          |
|    ep_len_mean     | 471      |
|    ep_rew_mean     | -53.4    |
| time/              |          |
|    episodes        | 368      |
|    fps             | 233      |
|    time_elapsed    | 404      |
|    total_timesteps | 94488    |
| train/             |          |
|    actor_loss      | 13.5     |
|    critic_loss     | 11.3     |
|    ent_coef        | 0.0388   |
|    ent_coef_loss   | -0.0564  |
|    learning_rate   | 0.000592 |
|    n_updates       | 84480    |
---------------------------------
---------------------------------
| rollout/           |          |
|    ep_len_mean     | 455      |
|    ep_rew_mean     | -52.2    |
| time/              |          |
|    episodes        | 372      |
|    fps             | 233      |
|    time_elapsed    | 407      |
|    total_timesteps | 95152    |
| train/             |          |
|    actor_loss      | 13       |
|    critic_loss     | 7.8      |
|    ent_coef        | 0.0396   |
|    ent_coef_loss   | -0.209   |
|    learning_rate   | 0.000591 |
|    n_updates       | 85144    |
---------------------------------
---------------------------------
| rollout/           |          |
|    ep_len_mean     | 454      |
|    ep_rew_mean     | -52      |
| time/              |          |
|    episodes        | 376      |
|    fps             | 232      |
|    time_elapsed    | 417      |
|    total_timesteps | 97384    |
| train/             |          |
|    actor_loss      | 12.5     |
|    critic_loss     | 7.07     |
|    ent_coef        | 0.0375   |
|    ent_coef_loss   | -0.0468  |
|    learning_rate   | 0.000588 |
|    n_updates       | 87376    |
---------------------------------
---------------------------------
| rollout/           |          |
|    ep_len_mean     | 444      |
|    ep_rew_mean     | -52.1    |
| time/              |          |
|    episodes        | 380      |
|    fps             | 232      |
|    time_elapsed    | 421      |
|    total_timesteps | 98064    |
| train/             |          |
|    actor_loss      | 12.5     |
|    critic_loss     | 10.5     |
|    ent_coef        | 0.0375   |
|    ent_coef_loss   | 0.00843  |
|    learning_rate   | 0.000587 |
|    n_updates       | 88056    |
---------------------------------
---------------------------------
| rollout/           |          |
|    ep_len_mean     | 428      |
|    ep_rew_mean     | -48.9    |
| time/              |          |
|    episodes        | 384      |
|    fps             | 232      |
|    time_elapsed    | 429      |
|    total_timesteps | 99928    |
| train/             |          |
|    actor_loss      | 13.1     |
|    critic_loss     | 13       |
|    ent_coef        | 0.0358   |
|    ent_coef_loss   | -0.292   |
|    learning_rate   | 0.000584 |
|    n_updates       | 89920    |
---------------------------------
Eval num_timesteps=100000, episode_reward=-71.92 +/- 89.34
Episode length: 481.20 +/- 77.49
---------------------------------
| eval/              |          |
|    mean_ep_length  | 481      |
|    mean_reward     | -71.9    |
| time/              |          |
|    total_timesteps | 100000   |
| train/             |          |
|    actor_loss      | 14.1     |
|    critic_loss     | 14.4     |
|    ent_coef        | 0.0355   |
|    ent_coef_loss   | 0.25     |
|    learning_rate   | 0.000584 |
|    n_updates       | 89992    |
---------------------------------
---------------------------------
| rollout/           |          |
|    ep_len_mean     | 420      |
|    ep_rew_mean     | -46.7    |
| time/              |          |
|    episodes        | 388      |
|    fps             | 231      |
|    time_elapsed    | 437      |
|    total_timesteps | 101152   |
| train/             |          |
|    actor_loss      | 11.6     |
|    critic_loss     | 18.5     |
|    ent_coef        | 0.0366   |
|    ent_coef_loss   | -0.0779  |
|    learning_rate   | 0.000582 |
|    n_updates       | 91144    |
---------------------------------
---------------------------------
| rollout/           |          |
|    ep_len_mean     | 423      |
|    ep_rew_mean     | -46.7    |
| time/              |          |
|    episodes        | 392      |
|    fps             | 230      |
|    time_elapsed    | 448      |
|    total_timesteps | 103472   |
| train/             |          |
|    actor_loss      | 13.1     |
|    critic_loss     | 9.28     |
|    ent_coef        | 0.0369   |
|    ent_coef_loss   | -0.156   |
|    learning_rate   | 0.000579 |
|    n_updates       | 93464    |
---------------------------------
---------------------------------
| rollout/           |          |
|    ep_len_mean     | 424      |
|    ep_rew_mean     | -49.3    |
| time/              |          |
|    episodes        | 396      |
|    fps             | 230      |
|    time_elapsed    | 462      |
|    total_timesteps | 106664   |
| train/             |          |
|    actor_loss      | 12.9     |
|    critic_loss     | 15.9     |
|    ent_coef        | 0.036    |
|    ent_coef_loss   | -0.681   |
|    learning_rate   | 0.000574 |
|    n_updates       | 96656    |
---------------------------------
---------------------------------
| rollout/           |          |
|    ep_len_mean     | 436      |
|    ep_rew_mean     | -48.5    |
| time/              |          |
|    episodes        | 400      |
|    fps             | 230      |
|    time_elapsed    | 467      |
|    total_timesteps | 107864   |
| train/             |          |
|    actor_loss      | 12.2     |
|    critic_loss     | 16.7     |
|    ent_coef        | 0.0384   |
|    ent_coef_loss   | -0.208   |
|    learning_rate   | 0.000573 |
|    n_updates       | 97856    |
---------------------------------
Eval num_timesteps=110000, episode_reward=-138.38 +/- 53.23
Episode length: 793.90 +/- 202.83
---------------------------------
| eval/              |          |
|    mean_ep_length  | 794      |
|    mean_reward     | -138     |
| time/              |          |
|    total_timesteps | 110000   |
| train/             |          |
|    actor_loss      | 13.8     |
|    critic_loss     | 10.8     |
|    ent_coef        | 0.036    |
|    ent_coef_loss   | -0.151   |
|    learning_rate   | 0.000569 |
|    n_updates       | 99992    |
---------------------------------
---------------------------------
| rollout/           |          |
|    ep_len_mean     | 448      |
|    ep_rew_mean     | -50.6    |
| time/              |          |
|    episodes        | 404      |
|    fps             | 228      |
|    time_elapsed    | 492      |
|    total_timesteps | 112560   |
| train/             |          |
|    actor_loss      | 12.4     |
|    critic_loss     | 8.98     |
|    ent_coef        | 0.0352   |
|    ent_coef_loss   | 0.0772   |
|    learning_rate   | 0.000566 |
|    n_updates       | 102552   |
---------------------------------
---------------------------------
| rollout/           |          |
|    ep_len_mean     | 465      |
|    ep_rew_mean     | -55.5    |
| time/              |          |
|    episodes        | 408      |
|    fps             | 228      |
|    time_elapsed    | 497      |
|    total_timesteps | 113536   |
| train/             |          |
|    actor_loss      | 12.6     |
|    critic_loss     | 10.5     |
|    ent_coef        | 0.0359   |
|    ent_coef_loss   | -0.151   |
|    learning_rate   | 0.000564 |
|    n_updates       | 103528   |
---------------------------------
---------------------------------
| rollout/           |          |
|    ep_len_mean     | 484      |
|    ep_rew_mean     | -52.9    |
| time/              |          |
|    episodes        | 412      |
|    fps             | 227      |
|    time_elapsed    | 522      |
|    total_timesteps | 118912   |
| train/             |          |
|    actor_loss      | 12.6     |
|    critic_loss     | 11.9     |
|    ent_coef        | 0.0386   |
|    ent_coef_loss   | -0.0888  |
|    learning_rate   | 0.000556 |
|    n_updates       | 108904   |
---------------------------------
Eval num_timesteps=120000, episode_reward=2.59 +/- 131.32
Episode length: 732.80 +/- 131.14
---------------------------------
| eval/              |          |
|    mean_ep_length  | 733      |
|    mean_reward     | 2.59     |
| time/              |          |
|    total_timesteps | 120000   |
| train/             |          |
|    actor_loss      | 12       |
|    critic_loss     | 18.3     |
|    ent_coef        | 0.0378   |
|    ent_coef_loss   | -0.18    |
|    learning_rate   | 0.000555 |
|    n_updates       | 109992   |
---------------------------------
---------------------------------
| rollout/           |          |
|    ep_len_mean     | 497      |
|    ep_rew_mean     | -46.6    |
| time/              |          |
|    episodes        | 416      |
|    fps             | 226      |
|    time_elapsed    | 530      |
|    total_timesteps | 120192   |
| train/             |          |
|    actor_loss      | 12.5     |
|    critic_loss     | 22.4     |
|    ent_coef        | 0.0369   |
|    ent_coef_loss   | 0.18     |
|    learning_rate   | 0.000555 |
|    n_updates       | 110184   |
---------------------------------
---------------------------------
| rollout/           |          |
|    ep_len_mean     | 525      |
|    ep_rew_mean     | -43      |
| time/              |          |
|    episodes        | 420      |
|    fps             | 226      |
|    time_elapsed    | 561      |
|    total_timesteps | 126912   |
| train/             |          |
|    actor_loss      | 10.6     |
|    critic_loss     | 18       |
|    ent_coef        | 0.0372   |
|    ent_coef_loss   | 0.386    |
|    learning_rate   | 0.000545 |
|    n_updates       | 116904   |
---------------------------------
---------------------------------
| rollout/           |          |
|    ep_len_mean     | 547      |
|    ep_rew_mean     | -42.5    |
| time/              |          |
|    episodes        | 424      |
|    fps             | 226      |
|    time_elapsed    | 567      |
|    total_timesteps | 128192   |
| train/             |          |
|    actor_loss      | 9.24     |
|    critic_loss     | 8.43     |
|    ent_coef        | 0.0377   |
|    ent_coef_loss   | 0.105    |
|    learning_rate   | 0.000543 |
|    n_updates       | 118184   |
---------------------------------
Eval num_timesteps=130000, episode_reward=-93.62 +/- 31.66
Episode length: 1000.00 +/- 0.00
---------------------------------
| eval/              |          |
|    mean_ep_length  | 1e+03    |
|    mean_reward     | -93.6    |
| time/              |          |
|    total_timesteps | 130000   |
| train/             |          |
|    actor_loss      | 11       |
|    critic_loss     | 6.76     |
|    ent_coef        | 0.0388   |
|    ent_coef_loss   | 0.0176   |
|    learning_rate   | 0.00054  |
|    n_updates       | 119992   |
---------------------------------
---------------------------------
| rollout/           |          |
|    ep_len_mean     | 578      |
|    ep_rew_mean     | -39.8    |
| time/              |          |
|    episodes        | 428      |
|    fps             | 224      |
|    time_elapsed    | 601      |
|    total_timesteps | 134912   |
| train/             |          |
|    actor_loss      | 9.35     |
|    critic_loss     | 9.4      |
|    ent_coef        | 0.0371   |
|    ent_coef_loss   | -0.44    |
|    learning_rate   | 0.000533 |
|    n_updates       | 124904   |
---------------------------------
---------------------------------
| rollout/           |          |
|    ep_len_mean     | 599      |
|    ep_rew_mean     | -40      |
| time/              |          |
|    episodes        | 432      |
|    fps             | 224      |
|    time_elapsed    | 607      |
|    total_timesteps | 136192   |
| train/             |          |
|    actor_loss      | 9.42     |
|    critic_loss     | 8.61     |
|    ent_coef        | 0.0374   |
|    ent_coef_loss   | 0.589    |
|    learning_rate   | 0.000531 |
|    n_updates       | 126184   |
---------------------------------
Eval num_timesteps=140000, episode_reward=-58.04 +/- 37.59
Episode length: 1000.00 +/- 0.00
---------------------------------
| eval/              |          |
|    mean_ep_length  | 1e+03    |
|    mean_reward     | -58      |
| time/              |          |
|    total_timesteps | 140000   |
| train/             |          |
|    actor_loss      | 8.64     |
|    critic_loss     | 13.3     |
|    ent_coef        | 0.0375   |
|    ent_coef_loss   | 0.09     |
|    learning_rate   | 0.000526 |
|    n_updates       | 129992   |
---------------------------------
---------------------------------
| rollout/           |          |
|    ep_len_mean     | 622      |
|    ep_rew_mean     | -40.4    |
| time/              |          |
|    episodes        | 436      |
|    fps             | 222      |
|    time_elapsed    | 641      |
|    total_timesteps | 142912   |
| train/             |          |
|    actor_loss      | 8.36     |
|    critic_loss     | 5.55     |
|    ent_coef        | 0.0378   |
|    ent_coef_loss   | -0.0382  |
|    learning_rate   | 0.000521 |
|    n_updates       | 132904   |
---------------------------------
---------------------------------
| rollout/           |          |
|    ep_len_mean     | 643      |
|    ep_rew_mean     | -38.9    |
| time/              |          |
|    episodes        | 440      |
|    fps             | 222      |
|    time_elapsed    | 647      |
|    total_timesteps | 144192   |
| train/             |          |
|    actor_loss      | 8.3      |
|    critic_loss     | 14.2     |
|    ent_coef        | 0.0372   |
|    ent_coef_loss   | 0.086    |
|    learning_rate   | 0.000519 |
|    n_updates       | 134184   |
---------------------------------
Eval num_timesteps=150000, episode_reward=-106.79 +/- 80.58
Episode length: 916.90 +/- 95.95
---------------------------------
| eval/              |          |
|    mean_ep_length  | 917      |
|    mean_reward     | -107     |
| time/              |          |
|    total_timesteps | 150000   |
| train/             |          |
|    actor_loss      | 9.16     |
|    critic_loss     | 6.67     |
|    ent_coef        | 0.0357   |
|    ent_coef_loss   | -0.0239  |
|    learning_rate   | 0.000511 |
|    n_updates       | 139992   |
---------------------------------
---------------------------------
| rollout/           |          |
|    ep_len_mean     | 667      |
|    ep_rew_mean     | -40.9    |
| time/              |          |
|    episodes        | 444      |
|    fps             | 221      |
|    time_elapsed    | 679      |
|    total_timesteps | 150576   |
| train/             |          |
|    actor_loss      | 10.8     |
|    critic_loss     | 7.34     |
|    ent_coef        | 0.0356   |
|    ent_coef_loss   | 0.148    |
|    learning_rate   | 0.00051  |
|    n_updates       | 140568   |
---------------------------------
---------------------------------
| rollout/           |          |
|    ep_len_mean     | 679      |
|    ep_rew_mean     | -46.8    |
| time/              |          |
|    episodes        | 448      |
|    fps             | 221      |
|    time_elapsed    | 687      |
|    total_timesteps | 152192   |
| train/             |          |
|    actor_loss      | 8.55     |
|    critic_loss     | 16.1     |
|    ent_coef        | 0.0354   |
|    ent_coef_loss   | -0.201   |
|    learning_rate   | 0.000508 |
|    n_updates       | 142184   |
---------------------------------
---------------------------------
| rollout/           |          |
|    ep_len_mean     | 697      |
|    ep_rew_mean     | -50.2    |
| time/              |          |
|    episodes        | 452      |
|    fps             | 221      |
|    time_elapsed    | 716      |
|    total_timesteps | 158544   |
| train/             |          |
|    actor_loss      | 9.75     |
|    critic_loss     | 9.02     |
|    ent_coef        | 0.0348   |
|    ent_coef_loss   | 0.0672   |
|    learning_rate   | 0.000499 |
|    n_updates       | 148536   |
---------------------------------
---------------------------------
| rollout/           |          |
|    ep_len_mean     | 717      |
|    ep_rew_mean     | -52      |
| time/              |          |
|    episodes        | 456      |
|    fps             | 221      |
|    time_elapsed    | 723      |
|    total_timesteps | 159880   |
| train/             |          |
|    actor_loss      | 10.1     |
|    critic_loss     | 23.3     |
|    ent_coef        | 0.033    |
|    ent_coef_loss   | 0.124    |
|    learning_rate   | 0.000497 |
|    n_updates       | 149872   |
---------------------------------
Eval num_timesteps=160000, episode_reward=-86.50 +/- 58.11
Episode length: 983.80 +/- 48.60
---------------------------------
| eval/              |          |
|    mean_ep_length  | 984      |
|    mean_reward     | -86.5    |
| time/              |          |
|    total_timesteps | 160000   |
| train/             |          |
|    actor_loss      | 9.22     |
|    critic_loss     | 10.1     |
|    ent_coef        | 0.0333   |
|    ent_coef_loss   | 0.244    |
|    learning_rate   | 0.000496 |
|    n_updates       | 149992   |
---------------------------------
---------------------------------
| rollout/           |          |
|    ep_len_mean     | 732      |
|    ep_rew_mean     | -57.2    |
| time/              |          |
|    episodes        | 460      |
|    fps             | 219      |
|    time_elapsed    | 757      |
|    total_timesteps | 166472   |
| train/             |          |
|    actor_loss      | 9.18     |
|    critic_loss     | 8.79     |
|    ent_coef        | 0.0332   |
|    ent_coef_loss   | -0.228   |
|    learning_rate   | 0.000487 |
|    n_updates       | 156464   |
---------------------------------
---------------------------------
| rollout/           |          |
|    ep_len_mean     | 753      |
|    ep_rew_mean     | -59.1    |
| time/              |          |
|    episodes        | 464      |
|    fps             | 219      |
|    time_elapsed    | 763      |
|    total_timesteps | 167744   |
| train/             |          |
|    actor_loss      | 10.5     |
|    critic_loss     | 11.9     |
|    ent_coef        | 0.032    |
|    ent_coef_loss   | 0.198    |
|    learning_rate   | 0.000485 |
|    n_updates       | 157736   |
---------------------------------
Eval num_timesteps=170000, episode_reward=-131.48 +/- 52.07
Episode length: 800.20 +/- 361.08
---------------------------------
| eval/              |          |
|    mean_ep_length  | 800      |
|    mean_reward     | -131     |
| time/              |          |
|    total_timesteps | 170000   |
| train/             |          |
|    actor_loss      | 9.76     |
|    critic_loss     | 8.08     |
|    ent_coef        | 0.0314   |
|    ent_coef_loss   | -0.312   |
|    learning_rate   | 0.000482 |
|    n_updates       | 159992   |
---------------------------------
---------------------------------
| rollout/           |          |
|    ep_len_mean     | 779      |
|    ep_rew_mean     | -59.1    |
| time/              |          |
|    episodes        | 468      |
|    fps             | 218      |
|    time_elapsed    | 795      |
|    total_timesteps | 174112   |
| train/             |          |
|    actor_loss      | 8.72     |
|    critic_loss     | 11.7     |
|    ent_coef        | 0.0306   |
|    ent_coef_loss   | 0.229    |
|    learning_rate   | 0.000476 |
|    n_updates       | 164104   |
---------------------------------
---------------------------------
| rollout/           |          |
|    ep_len_mean     | 803      |
|    ep_rew_mean     | -59.4    |
| time/              |          |
|    episodes        | 472      |
|    fps             | 218      |
|    time_elapsed    | 803      |
|    total_timesteps | 175744   |
| train/             |          |
|    actor_loss      | 10.9     |
|    critic_loss     | 8.13     |
|    ent_coef        | 0.0306   |
|    ent_coef_loss   | -0.128   |
|    learning_rate   | 0.000473 |
|    n_updates       | 165736   |
---------------------------------
Eval num_timesteps=180000, episode_reward=-155.74 +/- 53.29
Episode length: 926.40 +/- 81.84
---------------------------------
| eval/              |          |
|    mean_ep_length  | 926      |
|    mean_reward     | -156     |
| time/              |          |
|    total_timesteps | 180000   |
| train/             |          |
|    actor_loss      | 10.8     |
|    critic_loss     | 4.75     |
|    ent_coef        | 0.0309   |
|    ent_coef_loss   | -0.15    |
|    learning_rate   | 0.000467 |
|    n_updates       | 169992   |
---------------------------------
---------------------------------
| rollout/           |          |
|    ep_len_mean     | 821      |
|    ep_rew_mean     | -61.6    |
| time/              |          |
|    episodes        | 476      |
|    fps             | 217      |
|    time_elapsed    | 835      |
|    total_timesteps | 182112   |
| train/             |          |
|    actor_loss      | 10.5     |
|    critic_loss     | 6.55     |
|    ent_coef        | 0.0306   |
|    ent_coef_loss   | 0.17     |
|    learning_rate   | 0.000464 |
|    n_updates       | 172104   |
---------------------------------
---------------------------------
| rollout/           |          |
|    ep_len_mean     | 848      |
|    ep_rew_mean     | -61.1    |
| time/              |          |
|    episodes        | 480      |
|    fps             | 217      |
|    time_elapsed    | 843      |
|    total_timesteps | 183744   |
| train/             |          |
|    actor_loss      | 11.7     |
|    critic_loss     | 11.5     |
|    ent_coef        | 0.0303   |
|    ent_coef_loss   | -0.0625  |
|    learning_rate   | 0.000462 |
|    n_updates       | 173736   |
---------------------------------
Eval num_timesteps=190000, episode_reward=-106.01 +/- 58.22
Episode length: 981.90 +/- 37.95
---------------------------------
| eval/              |          |
|    mean_ep_length  | 982      |
|    mean_reward     | -106     |
| time/              |          |
|    total_timesteps | 190000   |
| train/             |          |
|    actor_loss      | 10.9     |
|    critic_loss     | 9.36     |
|    ent_coef        | 0.0304   |
|    ent_coef_loss   | -0.125   |
|    learning_rate   | 0.000453 |
|    n_updates       | 179992   |
---------------------------------
---------------------------------
| rollout/           |          |
|    ep_len_mean     | 874      |
|    ep_rew_mean     | -60.7    |
| time/              |          |
|    episodes        | 484      |
|    fps             | 216      |
|    time_elapsed    | 876      |
|    total_timesteps | 190112   |
| train/             |          |
|    actor_loss      | 10.6     |
|    critic_loss     | 6.28     |
|    ent_coef        | 0.0303   |
|    ent_coef_loss   | 0.0397   |
|    learning_rate   | 0.000452 |
|    n_updates       | 180104   |
---------------------------------
---------------------------------
| rollout/           |          |
|    ep_len_mean     | 897      |
|    ep_rew_mean     | -63.5    |
| time/              |          |
|    episodes        | 488      |
|    fps             | 216      |
|    time_elapsed    | 884      |
|    total_timesteps | 191744   |
| train/             |          |
|    actor_loss      | 12.1     |
|    critic_loss     | 18.1     |
|    ent_coef        | 0.0299   |
|    ent_coef_loss   | 0.54     |
|    learning_rate   | 0.00045  |
|    n_updates       | 181736   |
---------------------------------
---------------------------------
| rollout/           |          |
|    ep_len_mean     | 918      |
|    ep_rew_mean     | -67.6    |
| time/              |          |
|    episodes        | 492      |
|    fps             | 216      |
|    time_elapsed    | 912      |
|    total_timesteps | 198112   |
| train/             |          |
|    actor_loss      | 11.2     |
|    critic_loss     | 6.1      |
|    ent_coef        | 0.0292   |
|    ent_coef_loss   | 0.0755   |
|    learning_rate   | 0.000441 |
|    n_updates       | 188104   |
---------------------------------
---------------------------------
| rollout/           |          |
|    ep_len_mean     | 936      |
|    ep_rew_mean     | -66.5    |
| time/              |          |
|    episodes        | 496      |
|    fps             | 217      |
|    time_elapsed    | 920      |
|    total_timesteps | 199744   |
| train/             |          |
|    actor_loss      | 11.3     |
|    critic_loss     | 15.8     |
|    ent_coef        | 0.0296   |
|    ent_coef_loss   | 0.665    |
|    learning_rate   | 0.000438 |
|    n_updates       | 189736   |
---------------------------------
Eval num_timesteps=200000, episode_reward=-96.36 +/- 42.93
Episode length: 976.00 +/- 65.91
---------------------------------
| eval/              |          |
|    mean_ep_length  | 976      |
|    mean_reward     | -96.4    |
| time/              |          |
|    total_timesteps | 200000   |
| train/             |          |
|    actor_loss      | 10.9     |
|    critic_loss     | 10.2     |
|    ent_coef        | 0.0295   |
|    ent_coef_loss   | 0.0682   |
|    learning_rate   | 0.000438 |
|    n_updates       | 189992   |
---------------------------------
---------------------------------
| rollout/           |          |
|    ep_len_mean     | 950      |
|    ep_rew_mean     | -69.4    |
| time/              |          |
|    episodes        | 500      |
|    fps             | 216      |
|    time_elapsed    | 952      |
|    total_timesteps | 206112   |
| train/             |          |
|    actor_loss      | 11.6     |
|    critic_loss     | 13       |
|    ent_coef        | 0.0291   |
|    ent_coef_loss   | -0.0871  |
|    learning_rate   | 0.000429 |
|    n_updates       | 196104   |
---------------------------------
---------------------------------
| rollout/           |          |
|    ep_len_mean     | 969      |
|    ep_rew_mean     | -66.7    |
| time/              |          |
|    episodes        | 504      |
|    fps             | 216      |
|    time_elapsed    | 960      |
|    total_timesteps | 207744   |
| train/             |          |
|    actor_loss      | 12.3     |
|    critic_loss     | 5.76     |
|    ent_coef        | 0.0295   |
|    ent_coef_loss   | 0.513    |
|    learning_rate   | 0.000427 |
|    n_updates       | 197736   |
---------------------------------
Eval num_timesteps=210000, episode_reward=-63.37 +/- 34.93
Episode length: 1000.00 +/- 0.00
---------------------------------
| eval/              |          |
|    mean_ep_length  | 1e+03    |
|    mean_reward     | -63.4    |
| time/              |          |
|    total_timesteps | 210000   |
| train/             |          |
|    actor_loss      | 10.7     |
|    critic_loss     | 6.94     |
|    ent_coef        | 0.03     |
|    ent_coef_loss   | -0.243   |
|    learning_rate   | 0.000423 |
|    n_updates       | 199992   |
---------------------------------
---------------------------------
| rollout/           |          |
|    ep_len_mean     | 975      |
|    ep_rew_mean     | -66      |
| time/              |          |
|    episodes        | 508      |
|    fps             | 215      |
|    time_elapsed    | 993      |
|    total_timesteps | 214112   |
| train/             |          |
|    actor_loss      | 10.6     |
|    critic_loss     | 5.37     |
|    ent_coef        | 0.0286   |
|    ent_coef_loss   | 0.0413   |
|    learning_rate   | 0.000417 |
|    n_updates       | 204104   |
---------------------------------
---------------------------------
| rollout/           |          |
|    ep_len_mean     | 982      |
|    ep_rew_mean     | -67.3    |
| time/              |          |
|    episodes        | 512      |
|    fps             | 215      |
|    time_elapsed    | 1000     |
|    total_timesteps | 215744   |
| train/             |          |
|    actor_loss      | 10.9     |
|    critic_loss     | 4.06     |
|    ent_coef        | 0.0285   |
|    ent_coef_loss   | -0.16    |
|    learning_rate   | 0.000415 |
|    n_updates       | 205736   |
---------------------------------
Eval num_timesteps=220000, episode_reward=-79.33 +/- 29.44
Episode length: 1000.00 +/- 0.00
---------------------------------
| eval/              |          |
|    mean_ep_length  | 1e+03    |
|    mean_reward     | -79.3    |
| time/              |          |
|    total_timesteps | 220000   |
| train/             |          |
|    actor_loss      | 11.1     |
|    critic_loss     | 10       |
|    ent_coef        | 0.0289   |
|    ent_coef_loss   | -0.193   |
|    learning_rate   | 0.000409 |
|    n_updates       | 209992   |
---------------------------------
---------------------------------
| rollout/           |          |
|    ep_len_mean     | 990      |
|    ep_rew_mean     | -74.6    |
| time/              |          |
|    episodes        | 516      |
|    fps             | 214      |
|    time_elapsed    | 1034     |
|    total_timesteps | 222112   |
| train/             |          |
|    actor_loss      | 12.3     |
|    critic_loss     | 3.88     |
|    ent_coef        | 0.0285   |
|    ent_coef_loss   | -0.0151  |
|    learning_rate   | 0.000406 |
|    n_updates       | 212104   |
---------------------------------
---------------------------------
| rollout/           |          |
|    ep_len_mean     | 991      |
|    ep_rew_mean     | -78.1    |
| time/              |          |
|    episodes        | 520      |
|    fps             | 214      |
|    time_elapsed    | 1041     |
|    total_timesteps | 223744   |
| train/             |          |
|    actor_loss      | 11.1     |
|    critic_loss     | 5.38     |
|    ent_coef        | 0.0289   |
|    ent_coef_loss   | -0.477   |
|    learning_rate   | 0.000403 |
|    n_updates       | 213736   |
---------------------------------
Eval num_timesteps=230000, episode_reward=-72.59 +/- 37.66
Episode length: 1000.00 +/- 0.00
---------------------------------
| eval/              |          |
|    mean_ep_length  | 1e+03    |
|    mean_reward     | -72.6    |
| time/              |          |
|    total_timesteps | 230000   |
| train/             |          |
|    actor_loss      | 10.7     |
|    critic_loss     | 5.94     |
|    ent_coef        | 0.0291   |
|    ent_coef_loss   | 0.279    |
|    learning_rate   | 0.000394 |
|    n_updates       | 219992   |
---------------------------------
---------------------------------
| rollout/           |          |
|    ep_len_mean     | 991      |
|    ep_rew_mean     | -78      |
| time/              |          |
|    episodes        | 524      |
|    fps             | 214      |
|    time_elapsed    | 1074     |
|    total_timesteps | 230112   |
| train/             |          |
|    actor_loss      | 10.4     |
|    critic_loss     | 16.6     |
|    ent_coef        | 0.0297   |
|    ent_coef_loss   | 0.334    |
|    learning_rate   | 0.000394 |
|    n_updates       | 220104   |
---------------------------------
---------------------------------
| rollout/           |          |
|    ep_len_mean     | 991      |
|    ep_rew_mean     | -79.9    |
| time/              |          |
|    episodes        | 528      |
|    fps             | 214      |
|    time_elapsed    | 1082     |
|    total_timesteps | 231744   |
| train/             |          |
|    actor_loss      | 11.5     |
|    critic_loss     | 11.6     |
|    ent_coef        | 0.0282   |
|    ent_coef_loss   | 0.184    |
|    learning_rate   | 0.000392 |
|    n_updates       | 221736   |
---------------------------------
---------------------------------
| rollout/           |          |
|    ep_len_mean     | 991      |
|    ep_rew_mean     | -79.8    |
| time/              |          |
|    episodes        | 532      |
|    fps             | 214      |
|    time_elapsed    | 1111     |
|    total_timesteps | 238112   |
| train/             |          |
|    actor_loss      | 11.4     |
|    critic_loss     | 4.21     |
|    ent_coef        | 0.0278   |
|    ent_coef_loss   | 0.155    |
|    learning_rate   | 0.000382 |
|    n_updates       | 228104   |
---------------------------------
---------------------------------
| rollout/           |          |
|    ep_len_mean     | 991      |
|    ep_rew_mean     | -79.5    |
| time/              |          |
|    episodes        | 536      |
|    fps             | 214      |
|    time_elapsed    | 1119     |
|    total_timesteps | 239744   |
| train/             |          |
|    actor_loss      | 10.4     |
|    critic_loss     | 6.08     |
|    ent_coef        | 0.0278   |
|    ent_coef_loss   | -0.135   |
|    learning_rate   | 0.00038  |
|    n_updates       | 229736   |
---------------------------------
Eval num_timesteps=240000, episode_reward=-57.73 +/- 32.45
Episode length: 1000.00 +/- 0.00
---------------------------------
| eval/              |          |
|    mean_ep_length  | 1e+03    |
|    mean_reward     | -57.7    |
| time/              |          |
|    total_timesteps | 240000   |
| train/             |          |
|    actor_loss      | 10.7     |
|    critic_loss     | 4.63     |
|    ent_coef        | 0.0273   |
|    ent_coef_loss   | 0.262    |
|    learning_rate   | 0.00038  |
|    n_updates       | 229992   |
---------------------------------
---------------------------------
| rollout/           |          |
|    ep_len_mean     | 991      |
|    ep_rew_mean     | -82.4    |
| time/              |          |
|    episodes        | 540      |
|    fps             | 213      |
|    time_elapsed    | 1152     |
|    total_timesteps | 246112   |
| train/             |          |
|    actor_loss      | 10.9     |
|    critic_loss     | 9.75     |
|    ent_coef        | 0.0281   |
|    ent_coef_loss   | -0.205   |
|    learning_rate   | 0.000371 |
|    n_updates       | 236104   |
---------------------------------
---------------------------------
| rollout/           |          |
|    ep_len_mean     | 993      |
|    ep_rew_mean     | -80.1    |
| time/              |          |
|    episodes        | 544      |
|    fps             | 213      |
|    time_elapsed    | 1159     |
|    total_timesteps | 247744   |
| train/             |          |
|    actor_loss      | 10.7     |
|    critic_loss     | 5.62     |
|    ent_coef        | 0.0278   |
|    ent_coef_loss   | -0.771   |
|    learning_rate   | 0.000368 |
|    n_updates       | 237736   |
---------------------------------
Eval num_timesteps=250000, episode_reward=-67.20 +/- 31.53
Episode length: 1000.00 +/- 0.00
---------------------------------
| eval/              |          |
|    mean_ep_length  | 1e+03    |
|    mean_reward     | -67.2    |
| time/              |          |
|    total_timesteps | 250000   |
| train/             |          |
|    actor_loss      | 10.7     |
|    critic_loss     | 4.3      |
|    ent_coef        | 0.0263   |
|    ent_coef_loss   | 0.334    |
|    learning_rate   | 0.000365 |
|    n_updates       | 239992   |
---------------------------------
---------------------------------
| rollout/           |          |
|    ep_len_mean     | 993      |
|    ep_rew_mean     | -80.8    |
| time/              |          |
|    episodes        | 548      |
|    fps             | 213      |
|    time_elapsed    | 1191     |
|    total_timesteps | 254112   |
| train/             |          |
|    actor_loss      | 9.62     |
|    critic_loss     | 6.26     |
|    ent_coef        | 0.0277   |
|    ent_coef_loss   | 0.196    |
|    learning_rate   | 0.000359 |
|    n_updates       | 244104   |
---------------------------------
---------------------------------
| rollout/           |          |
|    ep_len_mean     | 994      |
|    ep_rew_mean     | -79.3    |
| time/              |          |
|    episodes        | 552      |
|    fps             | 213      |
|    time_elapsed    | 1199     |
|    total_timesteps | 255744   |
| train/             |          |
|    actor_loss      | 10.4     |
|    critic_loss     | 6.36     |
|    ent_coef        | 0.0282   |
|    ent_coef_loss   | 0.287    |
|    learning_rate   | 0.000357 |
|    n_updates       | 245736   |
---------------------------------
Eval num_timesteps=260000, episode_reward=-83.08 +/- 35.54
Episode length: 1000.00 +/- 0.00
---------------------------------
| eval/              |          |
|    mean_ep_length  | 1e+03    |
|    mean_reward     | -83.1    |
| time/              |          |
|    total_timesteps | 260000   |
| train/             |          |
|    actor_loss      | 10.4     |
|    critic_loss     | 5.14     |
|    ent_coef        | 0.0268   |
|    ent_coef_loss   | 0.396    |
|    learning_rate   | 0.00035  |
|    n_updates       | 249992   |
---------------------------------
---------------------------------
| rollout/           |          |
|    ep_len_mean     | 994      |
|    ep_rew_mean     | -79.4    |
| time/              |          |
|    episodes        | 556      |
|    fps             | 212      |
|    time_elapsed    | 1232     |
|    total_timesteps | 262112   |
| train/             |          |
|    actor_loss      | 10.1     |
|    critic_loss     | 7.93     |
|    ent_coef        | 0.0278   |
|    ent_coef_loss   | 0.174    |
|    learning_rate   | 0.000347 |
|    n_updates       | 252104   |
---------------------------------
---------------------------------
| rollout/           |          |
|    ep_len_mean     | 996      |
|    ep_rew_mean     | -78.3    |
| time/              |          |
|    episodes        | 560      |
|    fps             | 212      |
|    time_elapsed    | 1240     |
|    total_timesteps | 263744   |
| train/             |          |
|    actor_loss      | 10.8     |
|    critic_loss     | 7.88     |
|    ent_coef        | 0.0277   |
|    ent_coef_loss   | -0.46    |
|    learning_rate   | 0.000345 |
|    n_updates       | 253736   |
---------------------------------
Eval num_timesteps=270000, episode_reward=-68.40 +/- 30.39
Episode length: 1000.00 +/- 0.00
---------------------------------
| eval/              |          |
|    mean_ep_length  | 1e+03    |
|    mean_reward     | -68.4    |
| time/              |          |
|    total_timesteps | 270000   |
| train/             |          |
|    actor_loss      | 9.73     |
|    critic_loss     | 11.8     |
|    ent_coef        | 0.0275   |
|    ent_coef_loss   | -0.174   |
|    learning_rate   | 0.000336 |
|    n_updates       | 259992   |
---------------------------------
---------------------------------
| rollout/           |          |
|    ep_len_mean     | 998      |
|    ep_rew_mean     | -76.5    |
| time/              |          |
|    episodes        | 564      |
|    fps             | 212      |
|    time_elapsed    | 1273     |
|    total_timesteps | 270112   |
| train/             |          |
|    actor_loss      | 9.63     |
|    critic_loss     | 6.34     |
|    ent_coef        | 0.0273   |
|    ent_coef_loss   | 0.116    |
|    learning_rate   | 0.000336 |
|    n_updates       | 260104   |
---------------------------------
---------------------------------
| rollout/           |          |
|    ep_len_mean     | 999      |
|    ep_rew_mean     | -75      |
| time/              |          |
|    episodes        | 568      |
|    fps             | 212      |
|    time_elapsed    | 1280     |
|    total_timesteps | 271744   |
| train/             |          |
|    actor_loss      | 9.04     |
|    critic_loss     | 3.97     |
|    ent_coef        | 0.0276   |
|    ent_coef_loss   | 0.0987   |
|    learning_rate   | 0.000333 |
|    n_updates       | 261736   |
---------------------------------
---------------------------------
| rollout/           |          |
|    ep_len_mean     | 999      |
|    ep_rew_mean     | -74.6    |
| time/              |          |
|    episodes        | 572      |
|    fps             | 212      |
|    time_elapsed    | 1309     |
|    total_timesteps | 278112   |
| train/             |          |
|    actor_loss      | 9.8      |
|    critic_loss     | 3.28     |
|    ent_coef        | 0.0283   |
|    ent_coef_loss   | 0.00723  |
|    learning_rate   | 0.000324 |
|    n_updates       | 268104   |
---------------------------------
---------------------------------
| rollout/           |          |
|    ep_len_mean     | 999      |
|    ep_rew_mean     | -72.8    |
| time/              |          |
|    episodes        | 576      |
|    fps             | 212      |
|    time_elapsed    | 1316     |
|    total_timesteps | 279744   |
| train/             |          |
|    actor_loss      | 8.8      |
|    critic_loss     | 5.48     |
|    ent_coef        | 0.0273   |
|    ent_coef_loss   | 0.439    |
|    learning_rate   | 0.000322 |
|    n_updates       | 269736   |
---------------------------------
Eval num_timesteps=280000, episode_reward=-63.69 +/- 20.84
Episode length: 1000.00 +/- 0.00
---------------------------------
| eval/              |          |
|    mean_ep_length  | 1e+03    |
|    mean_reward     | -63.7    |
| time/              |          |
|    total_timesteps | 280000   |
| train/             |          |
|    actor_loss      | 8.67     |
|    critic_loss     | 10.8     |
|    ent_coef        | 0.0279   |
|    ent_coef_loss   | 0.0569   |
|    learning_rate   | 0.000321 |
|    n_updates       | 269992   |
---------------------------------
---------------------------------
| rollout/           |          |
|    ep_len_mean     | 999      |
|    ep_rew_mean     | -72      |
| time/              |          |
|    episodes        | 580      |
|    fps             | 211      |
|    time_elapsed    | 1350     |
|    total_timesteps | 286112   |
| train/             |          |
|    actor_loss      | 8.59     |
|    critic_loss     | 5.01     |
|    ent_coef        | 0.0271   |
|    ent_coef_loss   | -0.127   |
|    learning_rate   | 0.000312 |
|    n_updates       | 276104   |
---------------------------------
---------------------------------
| rollout/           |          |
|    ep_len_mean     | 1e+03    |
|    ep_rew_mean     | -72.3    |
| time/              |          |
|    episodes        | 584      |
|    fps             | 211      |
|    time_elapsed    | 1357     |
|    total_timesteps | 287744   |
| train/             |          |
|    actor_loss      | 7.68     |
|    critic_loss     | 12       |
|    ent_coef        | 0.0283   |
|    ent_coef_loss   | -0.312   |
|    learning_rate   | 0.00031  |
|    n_updates       | 277736   |
---------------------------------
Eval num_timesteps=290000, episode_reward=-99.55 +/- 49.40
Episode length: 860.60 +/- 278.83
---------------------------------
| eval/              |          |
|    mean_ep_length  | 861      |
|    mean_reward     | -99.6    |
| time/              |          |
|    total_timesteps | 290000   |
| train/             |          |
|    actor_loss      | 9.43     |
|    critic_loss     | 3.72     |
|    ent_coef        | 0.0287   |
|    ent_coef_loss   | 0.322    |
|    learning_rate   | 0.000307 |
|    n_updates       | 279992   |
---------------------------------
---------------------------------
| rollout/           |          |
|    ep_len_mean     | 1e+03    |
|    ep_rew_mean     | -71.8    |
| time/              |          |
|    episodes        | 588      |
|    fps             | 211      |
|    time_elapsed    | 1390     |
|    total_timesteps | 294112   |
| train/             |          |
|    actor_loss      | 7.41     |
|    critic_loss     | 11.4     |
|    ent_coef        | 0.0262   |
|    ent_coef_loss   | 0.314    |
|    learning_rate   | 0.000301 |
|    n_updates       | 284104   |
---------------------------------
---------------------------------
| rollout/           |          |
|    ep_len_mean     | 1e+03    |
|    ep_rew_mean     | -71.1    |
| time/              |          |
|    episodes        | 592      |
|    fps             | 211      |
|    time_elapsed    | 1397     |
|    total_timesteps | 295744   |
| train/             |          |
|    actor_loss      | 7.3      |
|    critic_loss     | 4.91     |
|    ent_coef        | 0.0272   |
|    ent_coef_loss   | -0.235   |
|    learning_rate   | 0.000298 |
|    n_updates       | 285736   |
---------------------------------
Eval num_timesteps=300000, episode_reward=-65.72 +/- 35.50
Episode length: 930.10 +/- 209.70
---------------------------------
| eval/              |          |
|    mean_ep_length  | 930      |
|    mean_reward     | -65.7    |
| time/              |          |
|    total_timesteps | 300000   |
| train/             |          |
|    actor_loss      | 6.87     |
|    critic_loss     | 5.69     |
|    ent_coef        | 0.0272   |
|    ent_coef_loss   | 0.0301   |
|    learning_rate   | 0.000292 |
|    n_updates       | 289992   |
---------------------------------
---------------------------------
| rollout/           |          |
|    ep_len_mean     | 1e+03    |
|    ep_rew_mean     | -69.8    |
| time/              |          |
|    episodes        | 596      |
|    fps             | 211      |
|    time_elapsed    | 1430     |
|    total_timesteps | 302112   |
| train/             |          |
|    actor_loss      | 7.68     |
|    critic_loss     | 6.49     |
|    ent_coef        | 0.0289   |
|    ent_coef_loss   | -0.123   |
|    learning_rate   | 0.000289 |
|    n_updates       | 292104   |
---------------------------------
---------------------------------
| rollout/           |          |
|    ep_len_mean     | 1e+03    |
|    ep_rew_mean     | -69.3    |
| time/              |          |
|    episodes        | 600      |
|    fps             | 211      |
|    time_elapsed    | 1438     |
|    total_timesteps | 303744   |
| train/             |          |
|    actor_loss      | 8.38     |
|    critic_loss     | 5.17     |
|    ent_coef        | 0.0287   |
|    ent_coef_loss   | -0.369   |
|    learning_rate   | 0.000287 |
|    n_updates       | 293736   |
---------------------------------
---------------------------------
| rollout/           |          |
|    ep_len_mean     | 994      |
|    ep_rew_mean     | -69.5    |
| time/              |          |
|    episodes        | 604      |
|    fps             | 211      |
|    time_elapsed    | 1462     |
|    total_timesteps | 308992   |
| train/             |          |
|    actor_loss      | 7.45     |
|    critic_loss     | 2.34     |
|    ent_coef        | 0.0317   |
|    ent_coef_loss   | -0.472   |
|    learning_rate   | 0.000279 |
|    n_updates       | 298984   |
---------------------------------
Eval num_timesteps=310000, episode_reward=-82.57 +/- 43.10
Episode length: 865.70 +/- 268.61
---------------------------------
| eval/              |          |
|    mean_ep_length  | 866      |
|    mean_reward     | -82.6    |
| time/              |          |
|    total_timesteps | 310000   |
| train/             |          |
|    actor_loss      | 7.53     |
|    critic_loss     | 4.2      |
|    ent_coef        | 0.0298   |
|    ent_coef_loss   | -0.164   |
|    learning_rate   | 0.000277 |
|    n_updates       | 299992   |
---------------------------------
---------------------------------
| rollout/           |          |
|    ep_len_mean     | 994      |
|    ep_rew_mean     | -69.4    |
| time/              |          |
|    episodes        | 608      |
|    fps             | 210      |
|    time_elapsed    | 1474     |
|    total_timesteps | 310912   |
| train/             |          |
|    actor_loss      | 7.29     |
|    critic_loss     | 3.62     |
|    ent_coef        | 0.0307   |
|    ent_coef_loss   | -0.134   |
|    learning_rate   | 0.000276 |
|    n_updates       | 300904   |
---------------------------------
---------------------------------
| rollout/           |          |
|    ep_len_mean     | 987      |
|    ep_rew_mean     | -70.3    |
| time/              |          |
|    episodes        | 612      |
|    fps             | 210      |
|    time_elapsed    | 1503     |
|    total_timesteps | 316976   |
| train/             |          |
|    actor_loss      | 7.41     |
|    critic_loss     | 6.11     |
|    ent_coef        | 0.0271   |
|    ent_coef_loss   | -0.267   |
|    learning_rate   | 0.000267 |
|    n_updates       | 306968   |
---------------------------------
---------------------------------
| rollout/           |          |
|    ep_len_mean     | 987      |
|    ep_rew_mean     | -69.8    |
| time/              |          |
|    episodes        | 616      |
|    fps             | 210      |
|    time_elapsed    | 1512     |
|    total_timesteps | 318912   |
| train/             |          |
|    actor_loss      | 6.78     |
|    critic_loss     | 10.1     |
|    ent_coef        | 0.0291   |
|    ent_coef_loss   | 0.0276   |
|    learning_rate   | 0.000264 |
|    n_updates       | 308904   |
---------------------------------
Eval num_timesteps=320000, episode_reward=-92.14 +/- 38.05
Episode length: 799.60 +/- 307.11
---------------------------------
| eval/              |          |
|    mean_ep_length  | 800      |
|    mean_reward     | -92.1    |
| time/              |          |
|    total_timesteps | 320000   |
| train/             |          |
|    actor_loss      | 7.44     |
|    critic_loss     | 10.9     |
|    ent_coef        | 0.0308   |
|    ent_coef_loss   | -0.429   |
|    learning_rate   | 0.000263 |
|    n_updates       | 309992   |
---------------------------------
---------------------------------
| rollout/           |          |
|    ep_len_mean     | 987      |
|    ep_rew_mean     | -68.6    |
| time/              |          |
|    episodes        | 620      |
|    fps             | 210      |
|    time_elapsed    | 1541     |
|    total_timesteps | 324976   |
| train/             |          |
|    actor_loss      | 8.74     |
|    critic_loss     | 5.51     |
|    ent_coef        | 0.028    |
|    ent_coef_loss   | -0.159   |
|    learning_rate   | 0.000256 |
|    n_updates       | 314968   |
---------------------------------
---------------------------------
| rollout/           |          |
|    ep_len_mean     | 987      |
|    ep_rew_mean     | -69.2    |
| time/              |          |
|    episodes        | 624      |
|    fps             | 210      |
|    time_elapsed    | 1550     |
|    total_timesteps | 326912   |
| train/             |          |
|    actor_loss      | 8.32     |
|    critic_loss     | 5.13     |
|    ent_coef        | 0.027    |
|    ent_coef_loss   | -0.00508 |
|    learning_rate   | 0.000253 |
|    n_updates       | 316904   |
---------------------------------
Eval num_timesteps=330000, episode_reward=-65.77 +/- 20.91
Episode length: 1000.00 +/- 0.00
---------------------------------
| eval/              |          |
|    mean_ep_length  | 1e+03    |
|    mean_reward     | -65.8    |
| time/              |          |
|    total_timesteps | 330000   |
| train/             |          |
|    actor_loss      | 7.32     |
|    critic_loss     | 4.31     |
|    ent_coef        | 0.0288   |
|    ent_coef_loss   | -0.123   |
|    learning_rate   | 0.000248 |
|    n_updates       | 319992   |
---------------------------------
---------------------------------
| rollout/           |          |
|    ep_len_mean     | 987      |
|    ep_rew_mean     | -68.2    |
| time/              |          |
|    episodes        | 628      |
|    fps             | 210      |
|    time_elapsed    | 1581     |
|    total_timesteps | 332976   |
| train/             |          |
|    actor_loss      | 8.68     |
|    critic_loss     | 6.15     |
|    ent_coef        | 0.0318   |
|    ent_coef_loss   | -0.206   |
|    learning_rate   | 0.000244 |
|    n_updates       | 322968   |
---------------------------------
---------------------------------
| rollout/           |          |
|    ep_len_mean     | 987      |
|    ep_rew_mean     | -69.2    |
| time/              |          |
|    episodes        | 632      |
|    fps             | 210      |
|    time_elapsed    | 1590     |
|    total_timesteps | 334912   |
| train/             |          |
|    actor_loss      | 7.49     |
|    critic_loss     | 4.29     |
|    ent_coef        | 0.0294   |
|    ent_coef_loss   | -0.156   |
|    learning_rate   | 0.000241 |
|    n_updates       | 324904   |
---------------------------------
Eval num_timesteps=340000, episode_reward=-62.94 +/- 31.24
Episode length: 939.20 +/- 182.40
---------------------------------
| eval/              |          |
|    mean_ep_length  | 939      |
|    mean_reward     | -62.9    |
| time/              |          |
|    total_timesteps | 340000   |
| train/             |          |
|    actor_loss      | 8.62     |
|    critic_loss     | 6.02     |
|    ent_coef        | 0.0282   |
|    ent_coef_loss   | -0.0547  |
|    learning_rate   | 0.000234 |
|    n_updates       | 329992   |
---------------------------------
---------------------------------
| rollout/           |          |
|    ep_len_mean     | 987      |
|    ep_rew_mean     | -70.5    |
| time/              |          |
|    episodes        | 636      |
|    fps             | 210      |
|    time_elapsed    | 1621     |
|    total_timesteps | 340976   |
| train/             |          |
|    actor_loss      | 7.32     |
|    critic_loss     | 3.37     |
|    ent_coef        | 0.0281   |
|    ent_coef_loss   | -0.613   |
|    learning_rate   | 0.000232 |
|    n_updates       | 330968   |
---------------------------------
---------------------------------
| rollout/           |          |
|    ep_len_mean     | 987      |
|    ep_rew_mean     | -70.1    |
| time/              |          |
|    episodes        | 640      |
|    fps             | 210      |
|    time_elapsed    | 1630     |
|    total_timesteps | 342912   |
| train/             |          |
|    actor_loss      | 7.66     |
|    critic_loss     | 4.21     |
|    ent_coef        | 0.029    |
|    ent_coef_loss   | 0.163    |
|    learning_rate   | 0.000229 |
|    n_updates       | 332904   |
---------------------------------
---------------------------------
| rollout/           |          |
|    ep_len_mean     | 987      |
|    ep_rew_mean     | -70.3    |
| time/              |          |
|    episodes        | 644      |
|    fps             | 210      |
|    time_elapsed    | 1658     |
|    total_timesteps | 348976   |
| train/             |          |
|    actor_loss      | 6.99     |
|    critic_loss     | 3.47     |
|    ent_coef        | 0.0273   |
|    ent_coef_loss   | 0.0362   |
|    learning_rate   | 0.000221 |
|    n_updates       | 338968   |
---------------------------------
Eval num_timesteps=350000, episode_reward=-67.65 +/- 24.53
Episode length: 1000.00 +/- 0.00
---------------------------------
| eval/              |          |
|    mean_ep_length  | 1e+03    |
|    mean_reward     | -67.6    |
| time/              |          |
|    total_timesteps | 350000   |
| train/             |          |
|    actor_loss      | 6.87     |
|    critic_loss     | 4.82     |
|    ent_coef        | 0.0274   |
|    ent_coef_loss   | 0.0337   |
|    learning_rate   | 0.000219 |
|    n_updates       | 339992   |
---------------------------------
---------------------------------
| rollout/           |          |
|    ep_len_mean     | 987      |
|    ep_rew_mean     | -70.6    |
| time/              |          |
|    episodes        | 648      |
|    fps             | 210      |
|    time_elapsed    | 1670     |
|    total_timesteps | 350912   |
| train/             |          |
|    actor_loss      | 7.89     |
|    critic_loss     | 6.61     |
|    ent_coef        | 0.0274   |
|    ent_coef_loss   | -0.133   |
|    learning_rate   | 0.000218 |
|    n_updates       | 340904   |
---------------------------------
---------------------------------
| rollout/           |          |
|    ep_len_mean     | 987      |
|    ep_rew_mean     | -69.1    |
| time/              |          |
|    episodes        | 652      |
|    fps             | 210      |
|    time_elapsed    | 1699     |
|    total_timesteps | 356976   |
| train/             |          |
|    actor_loss      | 9.26     |
|    critic_loss     | 7.35     |
|    ent_coef        | 0.0266   |
|    ent_coef_loss   | 0.0267   |
|    learning_rate   | 0.000209 |
|    n_updates       | 346968   |
---------------------------------
---------------------------------
| rollout/           |          |
|    ep_len_mean     | 987      |
|    ep_rew_mean     | -68.8    |
| time/              |          |
|    episodes        | 656      |
|    fps             | 210      |
|    time_elapsed    | 1708     |
|    total_timesteps | 358912   |
| train/             |          |
|    actor_loss      | 9.2      |
|    critic_loss     | 8.07     |
|    ent_coef        | 0.0266   |
|    ent_coef_loss   | -0.0731  |
|    learning_rate   | 0.000206 |
|    n_updates       | 348904   |
---------------------------------
Eval num_timesteps=360000, episode_reward=-78.52 +/- 31.00
Episode length: 877.50 +/- 245.16
---------------------------------
| eval/              |          |
|    mean_ep_length  | 878      |
|    mean_reward     | -78.5    |
| time/              |          |
|    total_timesteps | 360000   |
| train/             |          |
|    actor_loss      | 9.17     |
|    critic_loss     | 2.81     |
|    ent_coef        | 0.0261   |
|    ent_coef_loss   | 0.267    |
|    learning_rate   | 0.000204 |
|    n_updates       | 349992   |
---------------------------------
---------------------------------
| rollout/           |          |
|    ep_len_mean     | 987      |
|    ep_rew_mean     | -67.5    |
| time/              |          |
|    episodes        | 660      |
|    fps             | 209      |
|    time_elapsed    | 1739     |
|    total_timesteps | 364976   |
| train/             |          |
|    actor_loss      | 8.65     |
|    critic_loss     | 2.98     |
|    ent_coef        | 0.0258   |
|    ent_coef_loss   | -0.0675  |
|    learning_rate   | 0.000197 |
|    n_updates       | 354968   |
---------------------------------
---------------------------------
| rollout/           |          |
|    ep_len_mean     | 987      |
|    ep_rew_mean     | -68.2    |
| time/              |          |
|    episodes        | 664      |
|    fps             | 209      |
|    time_elapsed    | 1747     |
|    total_timesteps | 366912   |
| train/             |          |
|    actor_loss      | 9.03     |
|    critic_loss     | 4.43     |
|    ent_coef        | 0.0256   |
|    ent_coef_loss   | -0.213   |
|    learning_rate   | 0.000194 |
|    n_updates       | 356904   |
---------------------------------
Eval num_timesteps=370000, episode_reward=-58.22 +/- 16.01
Episode length: 1000.00 +/- 0.00
---------------------------------
| eval/              |          |
|    mean_ep_length  | 1e+03    |
|    mean_reward     | -58.2    |
| time/              |          |
|    total_timesteps | 370000   |
| train/             |          |
|    actor_loss      | 8.69     |
|    critic_loss     | 2.61     |
|    ent_coef        | 0.0255   |
|    ent_coef_loss   | 0.0702   |
|    learning_rate   | 0.00019  |
|    n_updates       | 359992   |
---------------------------------
---------------------------------
| rollout/           |          |
|    ep_len_mean     | 987      |
|    ep_rew_mean     | -66.8    |
| time/              |          |
|    episodes        | 668      |
|    fps             | 209      |
|    time_elapsed    | 1778     |
|    total_timesteps | 372976   |
| train/             |          |
|    actor_loss      | 9.26     |
|    critic_loss     | 3.17     |
|    ent_coef        | 0.0253   |
|    ent_coef_loss   | 0.125    |
|    learning_rate   | 0.000185 |
|    n_updates       | 362968   |
---------------------------------
---------------------------------
| rollout/           |          |
|    ep_len_mean     | 987      |
|    ep_rew_mean     | -66.2    |
| time/              |          |
|    episodes        | 672      |
|    fps             | 209      |
|    time_elapsed    | 1786     |
|    total_timesteps | 374912   |
| train/             |          |
|    actor_loss      | 8.94     |
|    critic_loss     | 2.83     |
|    ent_coef        | 0.0254   |
|    ent_coef_loss   | -0.185   |
|    learning_rate   | 0.000183 |
|    n_updates       | 364904   |
---------------------------------
Eval num_timesteps=380000, episode_reward=-58.88 +/- 22.85
Episode length: 1000.00 +/- 0.00
---------------------------------
| eval/              |          |
|    mean_ep_length  | 1e+03    |
|    mean_reward     | -58.9    |
| time/              |          |
|    total_timesteps | 380000   |
| train/             |          |
|    actor_loss      | 8.89     |
|    critic_loss     | 2.38     |
|    ent_coef        | 0.0251   |
|    ent_coef_loss   | -0.487   |
|    learning_rate   | 0.000175 |
|    n_updates       | 369992   |
---------------------------------
---------------------------------
| rollout/           |          |
|    ep_len_mean     | 987      |
|    ep_rew_mean     | -67.4    |
| time/              |          |
|    episodes        | 676      |
|    fps             | 209      |
|    time_elapsed    | 1817     |
|    total_timesteps | 380976   |
| train/             |          |
|    actor_loss      | 9.47     |
|    critic_loss     | 2.38     |
|    ent_coef        | 0.0254   |
|    ent_coef_loss   | -0.442   |
|    learning_rate   | 0.000174 |
|    n_updates       | 370968   |
---------------------------------
---------------------------------
| rollout/           |          |
|    ep_len_mean     | 987      |
|    ep_rew_mean     | -67.4    |
| time/              |          |
|    episodes        | 680      |
|    fps             | 209      |
|    time_elapsed    | 1825     |
|    total_timesteps | 382912   |
| train/             |          |
|    actor_loss      | 8.61     |
|    critic_loss     | 1.84     |
|    ent_coef        | 0.025    |
|    ent_coef_loss   | -0.0715  |
|    learning_rate   | 0.000171 |
|    n_updates       | 372904   |
---------------------------------
---------------------------------
| rollout/           |          |
|    ep_len_mean     | 987      |
|    ep_rew_mean     | -66      |
| time/              |          |
|    episodes        | 684      |
|    fps             | 209      |
|    time_elapsed    | 1853     |
|    total_timesteps | 388976   |
| train/             |          |
|    actor_loss      | 8.26     |
|    critic_loss     | 5.13     |
|    ent_coef        | 0.0247   |
|    ent_coef_loss   | -0.192   |
|    learning_rate   | 0.000162 |
|    n_updates       | 378968   |
---------------------------------
Eval num_timesteps=390000, episode_reward=-55.71 +/- 21.62
Episode length: 1000.00 +/- 0.00
---------------------------------
| eval/              |          |
|    mean_ep_length  | 1e+03    |
|    mean_reward     | -55.7    |
| time/              |          |
|    total_timesteps | 390000   |
| train/             |          |
|    actor_loss      | 8.86     |
|    critic_loss     | 9.97     |
|    ent_coef        | 0.0246   |
|    ent_coef_loss   | 0.0788   |
|    learning_rate   | 0.000161 |
|    n_updates       | 379992   |
---------------------------------
---------------------------------
| rollout/           |          |
|    ep_len_mean     | 987      |
|    ep_rew_mean     | -65.7    |
| time/              |          |
|    episodes        | 688      |
|    fps             | 209      |
|    time_elapsed    | 1865     |
|    total_timesteps | 390912   |
| train/             |          |
|    actor_loss      | 8.49     |
|    critic_loss     | 3.49     |
|    ent_coef        | 0.0246   |
|    ent_coef_loss   | -0.143   |
|    learning_rate   | 0.000159 |
|    n_updates       | 380904   |
---------------------------------
---------------------------------
| rollout/           |          |
|    ep_len_mean     | 987      |
|    ep_rew_mean     | -64.7    |
| time/              |          |
|    episodes        | 692      |
|    fps             | 209      |
|    time_elapsed    | 1892     |
|    total_timesteps | 396976   |
| train/             |          |
|    actor_loss      | 8.37     |
|    critic_loss     | 3.66     |
|    ent_coef        | 0.0243   |
|    ent_coef_loss   | 0.00678  |
|    learning_rate   | 0.00015  |
|    n_updates       | 386968   |
---------------------------------
---------------------------------
| rollout/           |          |
|    ep_len_mean     | 987      |
|    ep_rew_mean     | -64.4    |
| time/              |          |
|    episodes        | 696      |
|    fps             | 209      |
|    time_elapsed    | 1901     |
|    total_timesteps | 398912   |
| train/             |          |
|    actor_loss      | 9.56     |
|    critic_loss     | 5.96     |
|    ent_coef        | 0.0241   |
|    ent_coef_loss   | -0.151   |
|    learning_rate   | 0.000148 |
|    n_updates       | 388904   |
---------------------------------
Eval num_timesteps=400000, episode_reward=-78.87 +/- 26.19
Episode length: 1000.00 +/- 0.00
---------------------------------
| eval/              |          |
|    mean_ep_length  | 1e+03    |
|    mean_reward     | -78.9    |
| time/              |          |
|    total_timesteps | 400000   |
| train/             |          |
|    actor_loss      | 8.45     |
|    critic_loss     | 4.35     |
|    ent_coef        | 0.0244   |
|    ent_coef_loss   | 0.000578 |
|    learning_rate   | 0.000146 |
|    n_updates       | 389992   |
---------------------------------
---------------------------------
| rollout/           |          |
|    ep_len_mean     | 987      |
|    ep_rew_mean     | -63.5    |
| time/              |          |
|    episodes        | 700      |
|    fps             | 209      |
|    time_elapsed    | 1933     |
|    total_timesteps | 404976   |
| train/             |          |
|    actor_loss      | 8.72     |
|    critic_loss     | 7.51     |
|    ent_coef        | 0.0244   |
|    ent_coef_loss   | -0.044   |
|    learning_rate   | 0.000139 |
|    n_updates       | 394968   |
---------------------------------
---------------------------------
| rollout/           |          |
|    ep_len_mean     | 993      |
|    ep_rew_mean     | -62.7    |
| time/              |          |
|    episodes        | 704      |
|    fps             | 209      |
|    time_elapsed    | 1942     |
|    total_timesteps | 406912   |
| train/             |          |
|    actor_loss      | 9.26     |
|    critic_loss     | 2.18     |
|    ent_coef        | 0.024    |
|    ent_coef_loss   | 0.138    |
|    learning_rate   | 0.000136 |
|    n_updates       | 396904   |
---------------------------------
Eval num_timesteps=410000, episode_reward=-54.16 +/- 27.25
Episode length: 1000.00 +/- 0.00
---------------------------------
| eval/              |          |
|    mean_ep_length  | 1e+03    |
|    mean_reward     | -54.2    |
| time/              |          |
|    total_timesteps | 410000   |
| train/             |          |
|    actor_loss      | 9.2      |
|    critic_loss     | 7.01     |
|    ent_coef        | 0.0242   |
|    ent_coef_loss   | -0.0376  |
|    learning_rate   | 0.000131 |
|    n_updates       | 399992   |
---------------------------------
---------------------------------
| rollout/           |          |
|    ep_len_mean     | 993      |
|    ep_rew_mean     | -63.2    |
| time/              |          |
|    episodes        | 708      |
|    fps             | 209      |
|    time_elapsed    | 1973     |
|    total_timesteps | 412976   |
| train/             |          |
|    actor_loss      | 9        |
|    critic_loss     | 2.54     |
|    ent_coef        | 0.0243   |
|    ent_coef_loss   | -0.0545  |
|    learning_rate   | 0.000127 |
|    n_updates       | 402968   |
---------------------------------
---------------------------------
| rollout/           |          |
|    ep_len_mean     | 1e+03    |
|    ep_rew_mean     | -60.9    |
| time/              |          |
|    episodes        | 712      |
|    fps             | 209      |
|    time_elapsed    | 1982     |
|    total_timesteps | 414912   |
| train/             |          |
|    actor_loss      | 8.93     |
|    critic_loss     | 4.28     |
|    ent_coef        | 0.0243   |
|    ent_coef_loss   | -0.254   |
|    learning_rate   | 0.000124 |
|    n_updates       | 404904   |
---------------------------------
Eval num_timesteps=420000, episode_reward=-50.81 +/- 26.12
Episode length: 1000.00 +/- 0.00
---------------------------------
| eval/              |          |
|    mean_ep_length  | 1e+03    |
|    mean_reward     | -50.8    |
| time/              |          |
|    total_timesteps | 420000   |
| train/             |          |
|    actor_loss      | 9.17     |
|    critic_loss     | 2.84     |
|    ent_coef        | 0.0242   |
|    ent_coef_loss   | 0.35     |
|    learning_rate   | 0.000117 |
|    n_updates       | 409992   |
---------------------------------
---------------------------------
| rollout/           |          |
|    ep_len_mean     | 1e+03    |
|    ep_rew_mean     | -60.5    |
| time/              |          |
|    episodes        | 716      |
|    fps             | 209      |
|    time_elapsed    | 2013     |
|    total_timesteps | 420976   |
| train/             |          |
|    actor_loss      | 9.36     |
|    critic_loss     | 3.08     |
|    ent_coef        | 0.024    |
|    ent_coef_loss   | -0.14    |
|    learning_rate   | 0.000115 |
|    n_updates       | 410968   |
---------------------------------
---------------------------------
| rollout/           |          |
|    ep_len_mean     | 1e+03    |
|    ep_rew_mean     | -60.8    |
| time/              |          |
|    episodes        | 720      |
|    fps             | 209      |
|    time_elapsed    | 2022     |
|    total_timesteps | 422912   |
| train/             |          |
|    actor_loss      | 9.22     |
|    critic_loss     | 7.58     |
|    ent_coef        | 0.024    |
|    ent_coef_loss   | 0.262    |
|    learning_rate   | 0.000113 |
|    n_updates       | 412904   |
---------------------------------
---------------------------------
| rollout/           |          |
|    ep_len_mean     | 1e+03    |
|    ep_rew_mean     | -60.3    |
| time/              |          |
|    episodes        | 724      |
|    fps             | 209      |
|    time_elapsed    | 2049     |
|    total_timesteps | 428976   |
| train/             |          |
|    actor_loss      | 9.71     |
|    critic_loss     | 8.34     |
|    ent_coef        | 0.0235   |
|    ent_coef_loss   | 0.0813   |
|    learning_rate   | 0.000104 |
|    n_updates       | 418968   |
---------------------------------
Eval num_timesteps=430000, episode_reward=-77.69 +/- 25.85
Episode length: 1000.00 +/- 0.00
---------------------------------
| eval/              |          |
|    mean_ep_length  | 1e+03    |
|    mean_reward     | -77.7    |
| time/              |          |
|    total_timesteps | 430000   |
| train/             |          |
|    actor_loss      | 10       |
|    critic_loss     | 3.18     |
|    ent_coef        | 0.0237   |
|    ent_coef_loss   | 0.093    |
|    learning_rate   | 0.000102 |
|    n_updates       | 419992   |
---------------------------------
---------------------------------
| rollout/           |          |
|    ep_len_mean     | 1e+03    |
|    ep_rew_mean     | -59.6    |
| time/              |          |
|    episodes        | 728      |
|    fps             | 208      |
|    time_elapsed    | 2062     |
|    total_timesteps | 430912   |
| train/             |          |
|    actor_loss      | 9.99     |
|    critic_loss     | 3.72     |
|    ent_coef        | 0.0237   |
|    ent_coef_loss   | 0.00284  |
|    learning_rate   | 0.000101 |
|    n_updates       | 420904   |
---------------------------------
---------------------------------
| rollout/           |          |
|    ep_len_mean     | 1e+03    |
|    ep_rew_mean     | -58.8    |
| time/              |          |
|    episodes        | 732      |
|    fps             | 209      |
|    time_elapsed    | 2090     |
|    total_timesteps | 436976   |
| train/             |          |
|    actor_loss      | 9.54     |
|    critic_loss     | 5.67     |
|    ent_coef        | 0.0236   |
|    ent_coef_loss   | 0.0315   |
|    learning_rate   | 9.2e-05  |
|    n_updates       | 426968   |
---------------------------------
---------------------------------
| rollout/           |          |
|    ep_len_mean     | 1e+03    |
|    ep_rew_mean     | -56.2    |
| time/              |          |
|    episodes        | 736      |
|    fps             | 209      |
|    time_elapsed    | 2099     |
|    total_timesteps | 438912   |
| train/             |          |
|    actor_loss      | 9.19     |
|    critic_loss     | 5.56     |
|    ent_coef        | 0.0235   |
|    ent_coef_loss   | -0.0212  |
|    learning_rate   | 8.92e-05 |
|    n_updates       | 428904   |
---------------------------------
Eval num_timesteps=440000, episode_reward=-74.19 +/- 34.95
Episode length: 935.00 +/- 195.00
---------------------------------
| eval/              |          |
|    mean_ep_length  | 935      |
|    mean_reward     | -74.2    |
| time/              |          |
|    total_timesteps | 440000   |
| train/             |          |
|    actor_loss      | 8.95     |
|    critic_loss     | 1.96     |
|    ent_coef        | 0.0236   |
|    ent_coef_loss   | -0.282   |
|    learning_rate   | 8.76e-05 |
|    n_updates       | 429992   |
---------------------------------
---------------------------------
| rollout/           |          |
|    ep_len_mean     | 1e+03    |
|    ep_rew_mean     | -56.1    |
| time/              |          |
|    episodes        | 740      |
|    fps             | 208      |
|    time_elapsed    | 2131     |
|    total_timesteps | 444976   |
| train/             |          |
|    actor_loss      | 9.41     |
|    critic_loss     | 2.82     |
|    ent_coef        | 0.0238   |
|    ent_coef_loss   | 0.558    |
|    learning_rate   | 8.03e-05 |
|    n_updates       | 434968   |
---------------------------------
---------------------------------
| rollout/           |          |
|    ep_len_mean     | 1e+03    |
|    ep_rew_mean     | -56.1    |
| time/              |          |
|    episodes        | 744      |
|    fps             | 208      |
|    time_elapsed    | 2140     |
|    total_timesteps | 446912   |
| train/             |          |
|    actor_loss      | 8.72     |
|    critic_loss     | 7.68     |
|    ent_coef        | 0.0238   |
|    ent_coef_loss   | -0.189   |
|    learning_rate   | 7.75e-05 |
|    n_updates       | 436904   |
---------------------------------
Eval num_timesteps=450000, episode_reward=-78.41 +/- 18.27
Episode length: 1000.00 +/- 0.00
---------------------------------
| eval/              |          |
|    mean_ep_length  | 1e+03    |
|    mean_reward     | -78.4    |
| time/              |          |
|    total_timesteps | 450000   |
| train/             |          |
|    actor_loss      | 10.2     |
|    critic_loss     | 5.23     |
|    ent_coef        | 0.0236   |
|    ent_coef_loss   | -0.427   |
|    learning_rate   | 7.3e-05  |
|    n_updates       | 439992   |
---------------------------------
---------------------------------
| rollout/           |          |
|    ep_len_mean     | 1e+03    |
|    ep_rew_mean     | -55.2    |
| time/              |          |
|    episodes        | 748      |
|    fps             | 208      |
|    time_elapsed    | 2172     |
|    total_timesteps | 452976   |
| train/             |          |
|    actor_loss      | 9.88     |
|    critic_loss     | 4.01     |
|    ent_coef        | 0.0234   |
|    ent_coef_loss   | 0.00932  |
|    learning_rate   | 6.87e-05 |
|    n_updates       | 442968   |
---------------------------------
---------------------------------
| rollout/           |          |
|    ep_len_mean     | 1e+03    |
|    ep_rew_mean     | -56.3    |
| time/              |          |
|    episodes        | 752      |
|    fps             | 208      |
|    time_elapsed    | 2181     |
|    total_timesteps | 454912   |
| train/             |          |
|    actor_loss      | 10       |
|    critic_loss     | 4.9      |
|    ent_coef        | 0.0235   |
|    ent_coef_loss   | 0.00328  |
|    learning_rate   | 6.58e-05 |
|    n_updates       | 444904   |
---------------------------------
Eval num_timesteps=460000, episode_reward=-64.50 +/- 26.47
Episode length: 1000.00 +/- 0.00
---------------------------------
| eval/              |          |
|    mean_ep_length  | 1e+03    |
|    mean_reward     | -64.5    |
| time/              |          |
|    total_timesteps | 460000   |
| train/             |          |
|    actor_loss      | 9.82     |
|    critic_loss     | 2.76     |
|    ent_coef        | 0.0234   |
|    ent_coef_loss   | 0.309    |
|    learning_rate   | 5.84e-05 |
|    n_updates       | 449992   |
---------------------------------
---------------------------------
| rollout/           |          |
|    ep_len_mean     | 1e+03    |
|    ep_rew_mean     | -56.3    |
| time/              |          |
|    episodes        | 756      |
|    fps             | 208      |
|    time_elapsed    | 2213     |
|    total_timesteps | 460976   |
| train/             |          |
|    actor_loss      | 9.36     |
|    critic_loss     | 2.47     |
|    ent_coef        | 0.0234   |
|    ent_coef_loss   | -0.051   |
|    learning_rate   | 5.7e-05  |
|    n_updates       | 450968   |
---------------------------------
---------------------------------
| rollout/           |          |
|    ep_len_mean     | 1e+03    |
|    ep_rew_mean     | -55.6    |
| time/              |          |
|    episodes        | 760      |
|    fps             | 208      |
|    time_elapsed    | 2222     |
|    total_timesteps | 462912   |
| train/             |          |
|    actor_loss      | 9.53     |
|    critic_loss     | 10.8     |
|    ent_coef        | 0.0236   |
|    ent_coef_loss   | -0.371   |
|    learning_rate   | 5.42e-05 |
|    n_updates       | 452904   |
---------------------------------
---------------------------------
| rollout/           |          |
|    ep_len_mean     | 1e+03    |
|    ep_rew_mean     | -54.2    |
| time/              |          |
|    episodes        | 764      |
|    fps             | 208      |
|    time_elapsed    | 2250     |
|    total_timesteps | 468976   |
| train/             |          |
|    actor_loss      | 9.27     |
|    critic_loss     | 5.14     |
|    ent_coef        | 0.0234   |
|    ent_coef_loss   | 0.292    |
|    learning_rate   | 4.53e-05 |
|    n_updates       | 458968   |
---------------------------------
Eval num_timesteps=470000, episode_reward=-65.07 +/- 25.91
Episode length: 939.50 +/- 181.50
---------------------------------
| eval/              |          |
|    mean_ep_length  | 940      |
|    mean_reward     | -65.1    |
| time/              |          |
|    total_timesteps | 470000   |
| train/             |          |
|    actor_loss      | 10.1     |
|    critic_loss     | 4.37     |
|    ent_coef        | 0.0234   |
|    ent_coef_loss   | -0.538   |
|    learning_rate   | 4.38e-05 |
|    n_updates       | 459992   |
---------------------------------
---------------------------------
| rollout/           |          |
|    ep_len_mean     | 1e+03    |
|    ep_rew_mean     | -54      |
| time/              |          |
|    episodes        | 768      |
|    fps             | 208      |
|    time_elapsed    | 2262     |
|    total_timesteps | 470912   |
| train/             |          |
|    actor_loss      | 9.58     |
|    critic_loss     | 4.08     |
|    ent_coef        | 0.0234   |
|    ent_coef_loss   | 0.302    |
|    learning_rate   | 4.25e-05 |
|    n_updates       | 460904   |
---------------------------------
---------------------------------
| rollout/           |          |
|    ep_len_mean     | 1e+03    |
|    ep_rew_mean     | -54      |
| time/              |          |
|    episodes        | 772      |
|    fps             | 208      |
|    time_elapsed    | 2290     |
|    total_timesteps | 476976   |
| train/             |          |
|    actor_loss      | 9.73     |
|    critic_loss     | 3.91     |
|    ent_coef        | 0.0232   |
|    ent_coef_loss   | -0.121   |
|    learning_rate   | 3.36e-05 |
|    n_updates       | 466968   |
---------------------------------
---------------------------------
| rollout/           |          |
|    ep_len_mean     | 1e+03    |
|    ep_rew_mean     | -51.6    |
| time/              |          |
|    episodes        | 776      |
|    fps             | 208      |
|    time_elapsed    | 2299     |
|    total_timesteps | 478912   |
| train/             |          |
|    actor_loss      | 10.6     |
|    critic_loss     | 5.25     |
|    ent_coef        | 0.0232   |
|    ent_coef_loss   | 0.0861   |
|    learning_rate   | 3.08e-05 |
|    n_updates       | 468904   |
---------------------------------
Eval num_timesteps=480000, episode_reward=-80.10 +/- 29.13
Episode length: 1000.00 +/- 0.00
---------------------------------
| eval/              |          |
|    mean_ep_length  | 1e+03    |
|    mean_reward     | -80.1    |
| time/              |          |
|    total_timesteps | 480000   |
| train/             |          |
|    actor_loss      | 10.2     |
|    critic_loss     | 5.96     |
|    ent_coef        | 0.0231   |
|    ent_coef_loss   | -0.252   |
|    learning_rate   | 2.92e-05 |
|    n_updates       | 469992   |
---------------------------------
---------------------------------
| rollout/           |          |
|    ep_len_mean     | 1e+03    |
|    ep_rew_mean     | -52.7    |
| time/              |          |
|    episodes        | 780      |
|    fps             | 207      |
|    time_elapsed    | 2331     |
|    total_timesteps | 484976   |
| train/             |          |
|    actor_loss      | 10.3     |
|    critic_loss     | 3.28     |
|    ent_coef        | 0.0229   |
|    ent_coef_loss   | 0.148    |
|    learning_rate   | 2.19e-05 |
|    n_updates       | 474968   |
---------------------------------
---------------------------------
| rollout/           |          |
|    ep_len_mean     | 1e+03    |
|    ep_rew_mean     | -51.8    |
| time/              |          |
|    episodes        | 784      |
|    fps             | 208      |
|    time_elapsed    | 2340     |
|    total_timesteps | 486912   |
| train/             |          |
|    actor_loss      | 10.5     |
|    critic_loss     | 4.35     |
|    ent_coef        | 0.0229   |
|    ent_coef_loss   | 0.653    |
|    learning_rate   | 1.91e-05 |
|    n_updates       | 476904   |
---------------------------------
Eval num_timesteps=490000, episode_reward=-65.28 +/- 22.80
Episode length: 1000.00 +/- 0.00
---------------------------------
| eval/              |          |
|    mean_ep_length  | 1e+03    |
|    mean_reward     | -65.3    |
| time/              |          |
|    total_timesteps | 490000   |
| train/             |          |
|    actor_loss      | 9.57     |
|    critic_loss     | 3.21     |
|    ent_coef        | 0.0229   |
|    ent_coef_loss   | -0.617   |
|    learning_rate   | 1.46e-05 |
|    n_updates       | 479992   |
---------------------------------
---------------------------------
| rollout/           |          |
|    ep_len_mean     | 1e+03    |
|    ep_rew_mean     | -52.4    |
| time/              |          |
|    episodes        | 788      |
|    fps             | 207      |
|    time_elapsed    | 2372     |
|    total_timesteps | 492976   |
| train/             |          |
|    actor_loss      | 9.93     |
|    critic_loss     | 4.61     |
|    ent_coef        | 0.0229   |
|    ent_coef_loss   | -0.663   |
|    learning_rate   | 1.03e-05 |
|    n_updates       | 482968   |
---------------------------------
---------------------------------
| rollout/           |          |
|    ep_len_mean     | 1e+03    |
|    ep_rew_mean     | -53.9    |
| time/              |          |
|    episodes        | 792      |
|    fps             | 207      |
|    time_elapsed    | 2381     |
|    total_timesteps | 494912   |
| train/             |          |
|    actor_loss      | 10.1     |
|    critic_loss     | 1.52     |
|    ent_coef        | 0.0229   |
|    ent_coef_loss   | 0.0915   |
|    learning_rate   | 7.44e-06 |
|    n_updates       | 484904   |
---------------------------------
Eval num_timesteps=500000, episode_reward=-58.81 +/- 25.34
Episode length: 1000.00 +/- 0.00
---------------------------------
| eval/              |          |
|    mean_ep_length  | 1e+03    |
|    mean_reward     | -58.8    |
| time/              |          |
|    total_timesteps | 500000   |
| train/             |          |
|    actor_loss      | 10.3     |
|    critic_loss     | 2.5      |
|    ent_coef        | 0.0229   |
|    ent_coef_loss   | -0.249   |
|    learning_rate   | 1.17e-08 |
|    n_updates       | 489992   |
---------------------------------
Wrapping the env in a DummyVecEnv.
rbf_64 after training: mean_reward=-58.49 +/- 30.64

=== Training variant: rbf_192 ===
/home/leopold/anaconda3/envs/sac_sb3_demo/lib/python3.12/site-packages/pygame/pkgdata.py:25: UserWarning: pkg_resources is deprecated as an API. See https://setuptools.pypa.io/en/latest/pkg_resources.html. The pkg_resources package is slated for removal as early as 2025-11-30. Refrain from using this package or pin to Setuptools<81.
  from pkg_resources import resource_stream, resource_exists
/home/leopold/anaconda3/envs/sac_sb3_demo/lib/python3.12/site-packages/pygame/pkgdata.py:25: UserWarning: pkg_resources is deprecated as an API. See https://setuptools.pypa.io/en/latest/pkg_resources.html. The pkg_resources package is slated for removal as early as 2025-11-30. Refrain from using this package or pin to Setuptools<81.
  from pkg_resources import resource_stream, resource_exists
/home/leopold/anaconda3/envs/sac_sb3_demo/lib/python3.12/site-packages/pygame/pkgdata.py:25: UserWarning: pkg_resources is deprecated as an API. See https://setuptools.pypa.io/en/latest/pkg_resources.html. The pkg_resources package is slated for removal as early as 2025-11-30. Refrain from using this package or pin to Setuptools<81.
  from pkg_resources import resource_stream, resource_exists
/home/leopold/anaconda3/envs/sac_sb3_demo/lib/python3.12/site-packages/pygame/pkgdata.py:25: UserWarning: pkg_resources is deprecated as an API. See https://setuptools.pypa.io/en/latest/pkg_resources.html. The pkg_resources package is slated for removal as early as 2025-11-30. Refrain from using this package or pin to Setuptools<81.
  from pkg_resources import resource_stream, resource_exists
/home/leopold/anaconda3/envs/sac_sb3_demo/lib/python3.12/site-packages/pygame/pkgdata.py:25: UserWarning: pkg_resources is deprecated as an API. See https://setuptools.pypa.io/en/latest/pkg_resources.html. The pkg_resources package is slated for removal as early as 2025-11-30. Refrain from using this package or pin to Setuptools<81.
  from pkg_resources import resource_stream, resource_exists
/home/leopold/anaconda3/envs/sac_sb3_demo/lib/python3.12/site-packages/pygame/pkgdata.py:25: UserWarning: pkg_resources is deprecated as an API. See https://setuptools.pypa.io/en/latest/pkg_resources.html. The pkg_resources package is slated for removal as early as 2025-11-30. Refrain from using this package or pin to Setuptools<81.
  from pkg_resources import resource_stream, resource_exists
/home/leopold/anaconda3/envs/sac_sb3_demo/lib/python3.12/site-packages/pygame/pkgdata.py:25: UserWarning: pkg_resources is deprecated as an API. See https://setuptools.pypa.io/en/latest/pkg_resources.html. The pkg_resources package is slated for removal as early as 2025-11-30. Refrain from using this package or pin to Setuptools<81.
  from pkg_resources import resource_stream, resource_exists
/home/leopold/anaconda3/envs/sac_sb3_demo/lib/python3.12/site-packages/pygame/pkgdata.py:25: UserWarning: pkg_resources is deprecated as an API. See https://setuptools.pypa.io/en/latest/pkg_resources.html. The pkg_resources package is slated for removal as early as 2025-11-30. Refrain from using this package or pin to Setuptools<81.
  from pkg_resources import resource_stream, resource_exists
Using cuda device
rbf_192 before training: mean_reward=-132.81 +/- 20.59
Logging to runs/lunarlander_sac_rbf/sac-rbf-20260727_222807-seed123/rbf_192_1
/home/leopold/anaconda3/envs/sac_sb3_demo/lib/python3.12/site-packages/stable_baselines3/common/callbacks.py:418: UserWarning: Training and eval env are not of the same type<stable_baselines3.common.vec_env.subproc_vec_env.SubprocVecEnv object at 0x71e02104f7a0> != <stable_baselines3.common.vec_env.dummy_vec_env.DummyVecEnv object at 0x71e0299c18e0>
  warnings.warn("Training and eval env are not of the same type" f"{self.training_env} != {self.eval_env}")
---------------------------------
| rollout/           |          |
|    ep_len_mean     | 86.2     |
|    ep_rew_mean     | -288     |
| time/              |          |
|    episodes        | 4        |
|    fps             | 9088     |
|    time_elapsed    | 0        |
|    total_timesteps | 712      |
---------------------------------
---------------------------------
| rollout/           |          |
|    ep_len_mean     | 95.5     |
|    ep_rew_mean     | -268     |
| time/              |          |
|    episodes        | 8        |
|    fps             | 8879     |
|    time_elapsed    | 0        |
|    total_timesteps | 960      |
---------------------------------
---------------------------------
| rollout/           |          |
|    ep_len_mean     | 93.2     |
|    ep_rew_mean     | -241     |
| time/              |          |
|    episodes        | 12       |
|    fps             | 9592     |
|    time_elapsed    | 0        |
|    total_timesteps | 1544     |
---------------------------------
---------------------------------
| rollout/           |          |
|    ep_len_mean     | 94       |
|    ep_rew_mean     | -240     |
| time/              |          |
|    episodes        | 16       |
|    fps             | 10011    |
|    time_elapsed    | 0        |
|    total_timesteps | 1960     |
---------------------------------
---------------------------------
| rollout/           |          |
|    ep_len_mean     | 97.8     |
|    ep_rew_mean     | -237     |
| time/              |          |
|    episodes        | 20       |
|    fps             | 10215    |
|    time_elapsed    | 0        |
|    total_timesteps | 2464     |
---------------------------------
---------------------------------
| rollout/           |          |
|    ep_len_mean     | 99.2     |
|    ep_rew_mean     | -239     |
| time/              |          |
|    episodes        | 24       |
|    fps             | 10386    |
|    time_elapsed    | 0        |
|    total_timesteps | 2824     |
---------------------------------
---------------------------------
| rollout/           |          |
|    ep_len_mean     | 102      |
|    ep_rew_mean     | -239     |
| time/              |          |
|    episodes        | 28       |
|    fps             | 10716    |
|    time_elapsed    | 0        |
|    total_timesteps | 3360     |
---------------------------------
---------------------------------
| rollout/           |          |
|    ep_len_mean     | 104      |
|    ep_rew_mean     | -240     |
| time/              |          |
|    episodes        | 32       |
|    fps             | 10798    |
|    time_elapsed    | 0        |
|    total_timesteps | 3568     |
---------------------------------
---------------------------------
| rollout/           |          |
|    ep_len_mean     | 103      |
|    ep_rew_mean     | -226     |
| time/              |          |
|    episodes        | 36       |
|    fps             | 11164    |
|    time_elapsed    | 0        |
|    total_timesteps | 4120     |
---------------------------------
---------------------------------
| rollout/           |          |
|    ep_len_mean     | 102      |
|    ep_rew_mean     | -220     |
| time/              |          |
|    episodes        | 40       |
|    fps             | 11255    |
|    time_elapsed    | 0        |
|    total_timesteps | 4344     |
---------------------------------
---------------------------------
| rollout/           |          |
|    ep_len_mean     | 103      |
|    ep_rew_mean     | -223     |
| time/              |          |
|    episodes        | 44       |
|    fps             | 11399    |
|    time_elapsed    | 0        |
|    total_timesteps | 4992     |
---------------------------------
---------------------------------
| rollout/           |          |
|    ep_len_mean     | 103      |
|    ep_rew_mean     | -216     |
| time/              |          |
|    episodes        | 48       |
|    fps             | 11390    |
|    time_elapsed    | 0        |
|    total_timesteps | 5272     |
---------------------------------
---------------------------------
| rollout/           |          |
|    ep_len_mean     | 102      |
|    ep_rew_mean     | -206     |
| time/              |          |
|    episodes        | 52       |
|    fps             | 11397    |
|    time_elapsed    | 0        |
|    total_timesteps | 5584     |
---------------------------------
---------------------------------
| rollout/           |          |
|    ep_len_mean     | 103      |
|    ep_rew_mean     | -202     |
| time/              |          |
|    episodes        | 56       |
|    fps             | 11572    |
|    time_elapsed    | 0        |
|    total_timesteps | 6320     |
---------------------------------
---------------------------------
| rollout/           |          |
|    ep_len_mean     | 102      |
|    ep_rew_mean     | -203     |
| time/              |          |
|    episodes        | 60       |
|    fps             | 11607    |
|    time_elapsed    | 0        |
|    total_timesteps | 6520     |
---------------------------------
---------------------------------
| rollout/           |          |
|    ep_len_mean     | 104      |
|    ep_rew_mean     | -201     |
| time/              |          |
|    episodes        | 64       |
|    fps             | 11756    |
|    time_elapsed    | 0        |
|    total_timesteps | 7096     |
---------------------------------
---------------------------------
| rollout/           |          |
|    ep_len_mean     | 104      |
|    ep_rew_mean     | -206     |
| time/              |          |
|    episodes        | 68       |
|    fps             | 11734    |
|    time_elapsed    | 0        |
|    total_timesteps | 7472     |
---------------------------------
---------------------------------
| rollout/           |          |
|    ep_len_mean     | 104      |
|    ep_rew_mean     | -203     |
| time/              |          |
|    episodes        | 72       |
|    fps             | 11726    |
|    time_elapsed    | 0        |
|    total_timesteps | 7960     |
---------------------------------
---------------------------------
| rollout/           |          |
|    ep_len_mean     | 105      |
|    ep_rew_mean     | -198     |
| time/              |          |
|    episodes        | 76       |
|    fps             | 11717    |
|    time_elapsed    | 0        |
|    total_timesteps | 8216     |
---------------------------------
---------------------------------
| rollout/           |          |
|    ep_len_mean     | 104      |
|    ep_rew_mean     | -195     |
| time/              |          |
|    episodes        | 80       |
|    fps             | 11709    |
|    time_elapsed    | 0        |
|    total_timesteps | 8784     |
---------------------------------
---------------------------------
| rollout/           |          |
|    ep_len_mean     | 104      |
|    ep_rew_mean     | -199     |
| time/              |          |
|    episodes        | 84       |
|    fps             | 11721    |
|    time_elapsed    | 0        |
|    total_timesteps | 9056     |
---------------------------------
---------------------------------
| rollout/           |          |
|    ep_len_mean     | 105      |
|    ep_rew_mean     | -200     |
| time/              |          |
|    episodes        | 88       |
|    fps             | 11752    |
|    time_elapsed    | 0        |
|    total_timesteps | 9552     |
---------------------------------
Eval num_timesteps=10000, episode_reward=-142.34 +/- 27.77
Episode length: 73.50 +/- 10.77
---------------------------------
| eval/              |          |
|    mean_ep_length  | 73.5     |
|    mean_reward     | -142     |
| time/              |          |
|    total_timesteps | 10000    |
---------------------------------
New best mean reward!
---------------------------------
| rollout/           |          |
|    ep_len_mean     | 106      |
|    ep_rew_mean     | -200     |
| time/              |          |
|    episodes        | 92       |
|    fps             | 8937     |
|    time_elapsed    | 1        |
|    total_timesteps | 10008    |
---------------------------------
---------------------------------
| rollout/           |          |
|    ep_len_mean     | 106      |
|    ep_rew_mean     | -199     |
| time/              |          |
|    episodes        | 96       |
|    fps             | 2876     |
|    time_elapsed    | 3        |
|    total_timesteps | 10600    |
| train/             |          |
|    actor_loss      | 0.736    |
|    critic_loss     | 112      |
|    ent_coef        | 0.658    |
|    ent_coef_loss   | -1.37    |
|    learning_rate   | 0.000715 |
|    n_updates       | 592      |
---------------------------------
---------------------------------
| rollout/           |          |
|    ep_len_mean     | 106      |
|    ep_rew_mean     | -204     |
| time/              |          |
|    episodes        | 100      |
|    fps             | 1906     |
|    time_elapsed    | 5        |
|    total_timesteps | 11088    |
| train/             |          |
|    actor_loss      | 3.72     |
|    critic_loss     | 59.7     |
|    ent_coef        | 0.469    |
|    ent_coef_loss   | -2.36    |
|    learning_rate   | 0.000714 |
|    n_updates       | 1080     |
---------------------------------
---------------------------------
| rollout/           |          |
|    ep_len_mean     | 107      |
|    ep_rew_mean     | -202     |
| time/              |          |
|    episodes        | 104      |
|    fps             | 1601     |
|    time_elapsed    | 7        |
|    total_timesteps | 11384    |
| train/             |          |
|    actor_loss      | 5.75     |
|    critic_loss     | 57.6     |
|    ent_coef        | 0.386    |
|    ent_coef_loss   | -2.64    |
|    learning_rate   | 0.000713 |
|    n_updates       | 1376     |
---------------------------------
---------------------------------
| rollout/           |          |
|    ep_len_mean     | 107      |
|    ep_rew_mean     | -207     |
| time/              |          |
|    episodes        | 108      |
|    fps             | 1134     |
|    time_elapsed    | 10       |
|    total_timesteps | 12200    |
| train/             |          |
|    actor_loss      | 10.8     |
|    critic_loss     | 49.5     |
|    ent_coef        | 0.242    |
|    ent_coef_loss   | -2.86    |
|    learning_rate   | 0.000712 |
|    n_updates       | 2192     |
---------------------------------
---------------------------------
| rollout/           |          |
|    ep_len_mean     | 111      |
|    ep_rew_mean     | -216     |
| time/              |          |
|    episodes        | 112      |
|    fps             | 816      |
|    time_elapsed    | 16       |
|    total_timesteps | 13456    |
| train/             |          |
|    actor_loss      | 17.2     |
|    critic_loss     | 27       |
|    ent_coef        | 0.143    |
|    ent_coef_loss   | -1.59    |
|    learning_rate   | 0.00071  |
|    n_updates       | 3448     |
---------------------------------
---------------------------------
| rollout/           |          |
|    ep_len_mean     | 117      |
|    ep_rew_mean     | -215     |
| time/              |          |
|    episodes        | 116      |
|    fps             | 717      |
|    time_elapsed    | 19       |
|    total_timesteps | 14160    |
| train/             |          |
|    actor_loss      | 18.3     |
|    critic_loss     | 29.5     |
|    ent_coef        | 0.12     |
|    ent_coef_loss   | -0.8     |
|    learning_rate   | 0.000709 |
|    n_updates       | 4152     |
---------------------------------
---------------------------------
| rollout/           |          |
|    ep_len_mean     | 120      |
|    ep_rew_mean     | -212     |
| time/              |          |
|    episodes        | 120      |
|    fps             | 632      |
|    time_elapsed    | 23       |
|    total_timesteps | 15024    |
| train/             |          |
|    actor_loss      | 16.8     |
|    critic_loss     | 22       |
|    ent_coef        | 0.111    |
|    ent_coef_loss   | -0.286   |
|    learning_rate   | 0.000708 |
|    n_updates       | 5016     |
---------------------------------
---------------------------------
| rollout/           |          |
|    ep_len_mean     | 127      |
|    ep_rew_mean     | -205     |
| time/              |          |
|    episodes        | 124      |
|    fps             | 584      |
|    time_elapsed    | 26       |
|    total_timesteps | 15672    |
| train/             |          |
|    actor_loss      | 16.8     |
|    critic_loss     | 27.4     |
|    ent_coef        | 0.106    |
|    ent_coef_loss   | -0.0365  |
|    learning_rate   | 0.000707 |
|    n_updates       | 5664     |
---------------------------------
---------------------------------
| rollout/           |          |
|    ep_len_mean     | 129      |
|    ep_rew_mean     | -198     |
| time/              |          |
|    episodes        | 128      |
|    fps             | 514      |
|    time_elapsed    | 33       |
|    total_timesteps | 17024    |
| train/             |          |
|    actor_loss      | 15.4     |
|    critic_loss     | 15.8     |
|    ent_coef        | 0.0923   |
|    ent_coef_loss   | 0.0375   |
|    learning_rate   | 0.000705 |
|    n_updates       | 7016     |
---------------------------------
Eval num_timesteps=20000, episode_reward=-139.07 +/- 55.85
Episode length: 461.40 +/- 304.24
---------------------------------
| eval/              |          |
|    mean_ep_length  | 461      |
|    mean_reward     | -139     |
| time/              |          |
|    total_timesteps | 20000    |
| train/             |          |
|    actor_loss      | 8.08     |
|    critic_loss     | 11.3     |
|    ent_coef        | 0.0745   |
|    ent_coef_loss   | 0.0574   |
|    learning_rate   | 0.000701 |
|    n_updates       | 9992     |
---------------------------------
New best mean reward!
---------------------------------
| rollout/           |          |
|    ep_len_mean     | 142      |
|    ep_rew_mean     | -193     |
| time/              |          |
|    episodes        | 132      |
|    fps             | 382      |
|    time_elapsed    | 57       |
|    total_timesteps | 21872    |
| train/             |          |
|    actor_loss      | 8.79     |
|    critic_loss     | 10.8     |
|    ent_coef        | 0.0701   |
|    ent_coef_loss   | 0.771    |
|    learning_rate   | 0.000698 |
|    n_updates       | 11864    |
---------------------------------
---------------------------------
| rollout/           |          |
|    ep_len_mean     | 169      |
|    ep_rew_mean     | -195     |
| time/              |          |
|    episodes        | 136      |
|    fps             | 376      |
|    time_elapsed    | 59       |
|    total_timesteps | 22360    |
| train/             |          |
|    actor_loss      | 5.39     |
|    critic_loss     | 11.9     |
|    ent_coef        | 0.0747   |
|    ent_coef_loss   | 0.0339   |
|    learning_rate   | 0.000697 |
|    n_updates       | 12352    |
---------------------------------
---------------------------------
| rollout/           |          |
|    ep_len_mean     | 184      |
|    ep_rew_mean     | -193     |
| time/              |          |
|    episodes        | 140      |
|    fps             | 366      |
|    time_elapsed    | 63       |
|    total_timesteps | 23192    |
| train/             |          |
|    actor_loss      | 5.95     |
|    critic_loss     | 21.3     |
|    ent_coef        | 0.0826   |
|    ent_coef_loss   | -0.259   |
|    learning_rate   | 0.000696 |
|    n_updates       | 13184    |
---------------------------------
---------------------------------
| rollout/           |          |
|    ep_len_mean     | 188      |
|    ep_rew_mean     | -189     |
| time/              |          |
|    episodes        | 144      |
|    fps             | 354      |
|    time_elapsed    | 68       |
|    total_timesteps | 24336    |
| train/             |          |
|    actor_loss      | 7.5      |
|    critic_loss     | 6.32     |
|    ent_coef        | 0.0781   |
|    ent_coef_loss   | 0.189    |
|    learning_rate   | 0.000694 |
|    n_updates       | 14328    |
---------------------------------
---------------------------------
| rollout/           |          |
|    ep_len_mean     | 195      |
|    ep_rew_mean     | -191     |
| time/              |          |
|    episodes        | 148      |
|    fps             | 339      |
|    time_elapsed    | 77       |
|    total_timesteps | 26160    |
| train/             |          |
|    actor_loss      | 4.53     |
|    critic_loss     | 7.01     |
|    ent_coef        | 0.0679   |
|    ent_coef_loss   | -0.344   |
|    learning_rate   | 0.000692 |
|    n_updates       | 16152    |
---------------------------------
---------------------------------
| rollout/           |          |
|    ep_len_mean     | 204      |
|    ep_rew_mean     | -194     |
| time/              |          |
|    episodes        | 152      |
|    fps             | 332      |
|    time_elapsed    | 81       |
|    total_timesteps | 27040    |
| train/             |          |
|    actor_loss      | 4.83     |
|    critic_loss     | 6.39     |
|    ent_coef        | 0.0646   |
|    ent_coef_loss   | -0.3     |
|    learning_rate   | 0.000691 |
|    n_updates       | 17032    |
---------------------------------
---------------------------------
| rollout/           |          |
|    ep_len_mean     | 210      |
|    ep_rew_mean     | -192     |
| time/              |          |
|    episodes        | 156      |
|    fps             | 325      |
|    time_elapsed    | 86       |
|    total_timesteps | 28208    |
| train/             |          |
|    actor_loss      | 6.58     |
|    critic_loss     | 13.1     |
|    ent_coef        | 0.0616   |
|    ent_coef_loss   | -0.295   |
|    learning_rate   | 0.000689 |
|    n_updates       | 18200    |
---------------------------------
---------------------------------
| rollout/           |          |
|    ep_len_mean     | 213      |
|    ep_rew_mean     | -187     |
| time/              |          |
|    episodes        | 160      |
|    fps             | 318      |
|    time_elapsed    | 92       |
|    total_timesteps | 29344    |
| train/             |          |
|    actor_loss      | 6.13     |
|    critic_loss     | 7.34     |
|    ent_coef        | 0.0561   |
|    ent_coef_loss   | 0.0484   |
|    learning_rate   | 0.000687 |
|    n_updates       | 19336    |
---------------------------------
Eval num_timesteps=30000, episode_reward=-88.25 +/- 32.42
Episode length: 320.50 +/- 248.42
---------------------------------
| eval/              |          |
|    mean_ep_length  | 320      |
|    mean_reward     | -88.2    |
| time/              |          |
|    total_timesteps | 30000    |
| train/             |          |
|    actor_loss      | 6.51     |
|    critic_loss     | 5.96     |
|    ent_coef        | 0.0575   |
|    ent_coef_loss   | 0.155    |
|    learning_rate   | 0.000686 |
|    n_updates       | 19992    |
---------------------------------
New best mean reward!
---------------------------------
| rollout/           |          |
|    ep_len_mean     | 235      |
|    ep_rew_mean     | -183     |
| time/              |          |
|    episodes        | 164      |
|    fps             | 299      |
|    time_elapsed    | 111      |
|    total_timesteps | 33216    |
| train/             |          |
|    actor_loss      | 8.94     |
|    critic_loss     | 6.84     |
|    ent_coef        | 0.0474   |
|    ent_coef_loss   | 0.186    |
|    learning_rate   | 0.000682 |
|    n_updates       | 23208    |
---------------------------------
---------------------------------
| rollout/           |          |
|    ep_len_mean     | 254      |
|    ep_rew_mean     | -177     |
| time/              |          |
|    episodes        | 168      |
|    fps             | 290      |
|    time_elapsed    | 123      |
|    total_timesteps | 35792    |
| train/             |          |
|    actor_loss      | 7.85     |
|    critic_loss     | 4.52     |
|    ent_coef        | 0.0419   |
|    ent_coef_loss   | 0.451    |
|    learning_rate   | 0.000678 |
|    n_updates       | 25784    |
---------------------------------
---------------------------------
| rollout/           |          |
|    ep_len_mean     | 275      |
|    ep_rew_mean     | -175     |
| time/              |          |
|    episodes        | 172      |
|    fps             | 283      |
|    time_elapsed    | 136      |
|    total_timesteps | 38584    |
| train/             |          |
|    actor_loss      | 8.66     |
|    critic_loss     | 16.2     |
|    ent_coef        | 0.0401   |
|    ent_coef_loss   | -0.351   |
|    learning_rate   | 0.000674 |
|    n_updates       | 28576    |
---------------------------------
Eval num_timesteps=40000, episode_reward=-154.79 +/- 51.37
Episode length: 678.10 +/- 183.49
---------------------------------
| eval/              |          |
|    mean_ep_length  | 678      |
|    mean_reward     | -155     |
| time/              |          |
|    total_timesteps | 40000    |
| train/             |          |
|    actor_loss      | 7.39     |
|    critic_loss     | 7.83     |
|    ent_coef        | 0.0372   |
|    ent_coef_loss   | -0.218   |
|    learning_rate   | 0.000672 |
|    n_updates       | 29992    |
---------------------------------
---------------------------------
| rollout/           |          |
|    ep_len_mean     | 299      |
|    ep_rew_mean     | -175     |
| time/              |          |
|    episodes        | 176      |
|    fps             | 275      |
|    time_elapsed    | 146      |
|    total_timesteps | 40248    |
| train/             |          |
|    actor_loss      | 7.95     |
|    critic_loss     | 6.84     |
|    ent_coef        | 0.0387   |
|    ent_coef_loss   | 0.42     |
|    learning_rate   | 0.000671 |
|    n_updates       | 30240    |
---------------------------------
---------------------------------
| rollout/           |          |
|    ep_len_mean     | 328      |
|    ep_rew_mean     | -175     |
| time/              |          |
|    episodes        | 180      |
|    fps             | 267      |
|    time_elapsed    | 165      |
|    total_timesteps | 44456    |
| train/             |          |
|    actor_loss      | 4.9      |
|    critic_loss     | 9.21     |
|    ent_coef        | 0.0343   |
|    ent_coef_loss   | -0.105   |
|    learning_rate   | 0.000665 |
|    n_updates       | 34448    |
---------------------------------
---------------------------------
| rollout/           |          |
|    ep_len_mean     | 362      |
|    ep_rew_mean     | -169     |
| time/              |          |
|    episodes        | 184      |
|    fps             | 262      |
|    time_elapsed    | 183      |
|    total_timesteps | 48248    |
| train/             |          |
|    actor_loss      | 4.96     |
|    critic_loss     | 27.3     |
|    ent_coef        | 0.0324   |
|    ent_coef_loss   | -0.248   |
|    learning_rate   | 0.00066  |
|    n_updates       | 38240    |
---------------------------------
Eval num_timesteps=50000, episode_reward=-89.32 +/- 17.61
Episode length: 954.80 +/- 135.60
---------------------------------
| eval/              |          |
|    mean_ep_length  | 955      |
|    mean_reward     | -89.3    |
| time/              |          |
|    total_timesteps | 50000    |
| train/             |          |
|    actor_loss      | 7.05     |
|    critic_loss     | 8.92     |
|    ent_coef        | 0.033    |
|    ent_coef_loss   | -0.247   |
|    learning_rate   | 0.000657 |
|    n_updates       | 39992    |
---------------------------------
---------------------------------
| rollout/           |          |
|    ep_len_mean     | 389      |
|    ep_rew_mean     | -164     |
| time/              |          |
|    episodes        | 188      |
|    fps             | 255      |
|    time_elapsed    | 197      |
|    total_timesteps | 50424    |
| train/             |          |
|    actor_loss      | 6.12     |
|    critic_loss     | 8.64     |
|    ent_coef        | 0.0316   |
|    ent_coef_loss   | -0.115   |
|    learning_rate   | 0.000656 |
|    n_updates       | 40416    |
---------------------------------
---------------------------------
| rollout/           |          |
|    ep_len_mean     | 419      |
|    ep_rew_mean     | -161     |
| time/              |          |
|    episodes        | 192      |
|    fps             | 251      |
|    time_elapsed    | 217      |
|    total_timesteps | 54840    |
| train/             |          |
|    actor_loss      | 4.92     |
|    critic_loss     | 4.44     |
|    ent_coef        | 0.0281   |
|    ent_coef_loss   | 0.374    |
|    learning_rate   | 0.00065  |
|    n_updates       | 44832    |
---------------------------------
---------------------------------
| rollout/           |          |
|    ep_len_mean     | 445      |
|    ep_rew_mean     | -159     |
| time/              |          |
|    episodes        | 196      |
|    fps             | 249      |
|    time_elapsed    | 230      |
|    total_timesteps | 57576    |
| train/             |          |
|    actor_loss      | 6.21     |
|    critic_loss     | 2.87     |
|    ent_coef        | 0.0294   |
|    ent_coef_loss   | 0.3      |
|    learning_rate   | 0.000646 |
|    n_updates       | 47568    |
---------------------------------
---------------------------------
| rollout/           |          |
|    ep_len_mean     | 462      |
|    ep_rew_mean     | -151     |
| time/              |          |
|    episodes        | 200      |
|    fps             | 249      |
|    time_elapsed    | 233      |
|    total_timesteps | 58120    |
| train/             |          |
|    actor_loss      | 6.38     |
|    critic_loss     | 5.89     |
|    ent_coef        | 0.0288   |
|    ent_coef_loss   | 0.356    |
|    learning_rate   | 0.000645 |
|    n_updates       | 48112    |
---------------------------------
---------------------------------
| rollout/           |          |
|    ep_len_mean     | 473      |
|    ep_rew_mean     | -147     |
| time/              |          |
|    episodes        | 204      |
|    fps             | 248      |
|    time_elapsed    | 240      |
|    total_timesteps | 59744    |
| train/             |          |
|    actor_loss      | 6.51     |
|    critic_loss     | 7.09     |
|    ent_coef        | 0.03     |
|    ent_coef_loss   | 0.287    |
|    learning_rate   | 0.000643 |
|    n_updates       | 49736    |
---------------------------------
Eval num_timesteps=60000, episode_reward=-122.20 +/- 20.31
Episode length: 417.30 +/- 132.16
---------------------------------
| eval/              |          |
|    mean_ep_length  | 417      |
|    mean_reward     | -122     |
| time/              |          |
|    total_timesteps | 60000    |
| train/             |          |
|    actor_loss      | 6.61     |
|    critic_loss     | 4.17     |
|    ent_coef        | 0.0304   |
|    ent_coef_loss   | 0.0894   |
|    learning_rate   | 0.000642 |
|    n_updates       | 49992    |
---------------------------------
---------------------------------
| rollout/           |          |
|    ep_len_mean     | 484      |
|    ep_rew_mean     | -136     |
| time/              |          |
|    episodes        | 208      |
|    fps             | 245      |
|    time_elapsed    | 252      |
|    total_timesteps | 61976    |
| train/             |          |
|    actor_loss      | 7.66     |
|    critic_loss     | 7.63     |
|    ent_coef        | 0.0266   |
|    ent_coef_loss   | -0.12    |
|    learning_rate   | 0.00064  |
|    n_updates       | 51968    |
---------------------------------
---------------------------------
| rollout/           |          |
|    ep_len_mean     | 493      |
|    ep_rew_mean     | -124     |
| time/              |          |
|    episodes        | 212      |
|    fps             | 245      |
|    time_elapsed    | 255      |
|    total_timesteps | 62520    |
| train/             |          |
|    actor_loss      | 5.51     |
|    critic_loss     | 10       |
|    ent_coef        | 0.027    |
|    ent_coef_loss   | 0.487    |
|    learning_rate   | 0.000639 |
|    n_updates       | 52512    |
---------------------------------
---------------------------------
| rollout/           |          |
|    ep_len_mean     | 504      |
|    ep_rew_mean     | -121     |
| time/              |          |
|    episodes        | 216      |
|    fps             | 243      |
|    time_elapsed    | 270      |
|    total_timesteps | 65904    |
| train/             |          |
|    actor_loss      | 7.62     |
|    critic_loss     | 2.84     |
|    ent_coef        | 0.0243   |
|    ent_coef_loss   | 0.263    |
|    learning_rate   | 0.000634 |
|    n_updates       | 55896    |
---------------------------------
---------------------------------
| rollout/           |          |
|    ep_len_mean     | 516      |
|    ep_rew_mean     | -121     |
| time/              |          |
|    episodes        | 220      |
|    fps             | 241      |
|    time_elapsed    | 285      |
|    total_timesteps | 69000    |
| train/             |          |
|    actor_loss      | 9.56     |
|    critic_loss     | 6.96     |
|    ent_coef        | 0.0236   |
|    ent_coef_loss   | 0.0956   |
|    learning_rate   | 0.000629 |
|    n_updates       | 58992    |
---------------------------------
Eval num_timesteps=70000, episode_reward=-89.79 +/- 20.37
Episode length: 823.90 +/- 245.77
---------------------------------
| eval/              |          |
|    mean_ep_length  | 824      |
|    mean_reward     | -89.8    |
| time/              |          |
|    total_timesteps | 70000    |
| train/             |          |
|    actor_loss      | 9.27     |
|    critic_loss     | 2.96     |
|    ent_coef        | 0.0244   |
|    ent_coef_loss   | 0.0637   |
|    learning_rate   | 0.000628 |
|    n_updates       | 59992    |
---------------------------------
---------------------------------
| rollout/           |          |
|    ep_len_mean     | 534      |
|    ep_rew_mean     | -122     |
| time/              |          |
|    episodes        | 224      |
|    fps             | 237      |
|    time_elapsed    | 302      |
|    total_timesteps | 72104    |
| train/             |          |
|    actor_loss      | 10.9     |
|    critic_loss     | 13.4     |
|    ent_coef        | 0.0227   |
|    ent_coef_loss   | -0.0715  |
|    learning_rate   | 0.000625 |
|    n_updates       | 62096    |
---------------------------------
---------------------------------
| rollout/           |          |
|    ep_len_mean     | 562      |
|    ep_rew_mean     | -124     |
| time/              |          |
|    episodes        | 228      |
|    fps             | 237      |
|    time_elapsed    | 314      |
|    total_timesteps | 74464    |
| train/             |          |
|    actor_loss      | 11.5     |
|    critic_loss     | 4.47     |
|    ent_coef        | 0.0249   |
|    ent_coef_loss   | 0.234    |
|    learning_rate   | 0.000621 |
|    n_updates       | 64456    |
---------------------------------
Eval num_timesteps=80000, episode_reward=-88.39 +/- 23.85
Episode length: 985.80 +/- 42.60
---------------------------------
| eval/              |          |
|    mean_ep_length  | 986      |
|    mean_reward     | -88.4    |
| time/              |          |
|    total_timesteps | 80000    |
| train/             |          |
|    actor_loss      | 13       |
|    critic_loss     | 4.47     |
|    ent_coef        | 0.0282   |
|    ent_coef_loss   | 0.161    |
|    learning_rate   | 0.000613 |
|    n_updates       | 69992    |
---------------------------------
---------------------------------
| rollout/           |          |
|    ep_len_mean     | 582      |
|    ep_rew_mean     | -123     |
| time/              |          |
|    episodes        | 232      |
|    fps             | 233      |
|    time_elapsed    | 343      |
|    total_timesteps | 80104    |
| train/             |          |
|    actor_loss      | 12.5     |
|    critic_loss     | 6.49     |
|    ent_coef        | 0.0279   |
|    ent_coef_loss   | -0.216   |
|    learning_rate   | 0.000613 |
|    n_updates       | 70096    |
---------------------------------
---------------------------------
| rollout/           |          |
|    ep_len_mean     | 589      |
|    ep_rew_mean     | -118     |
| time/              |          |
|    episodes        | 236      |
|    fps             | 232      |
|    time_elapsed    | 354      |
|    total_timesteps | 82464    |
| train/             |          |
|    actor_loss      | 10.9     |
|    critic_loss     | 8.78     |
|    ent_coef        | 0.0275   |
|    ent_coef_loss   | 0.0161   |
|    learning_rate   | 0.00061  |
|    n_updates       | 72456    |
---------------------------------
---------------------------------
| rollout/           |          |
|    ep_len_mean     | 611      |
|    ep_rew_mean     | -117     |
| time/              |          |
|    episodes        | 240      |
|    fps             | 231      |
|    time_elapsed    | 381      |
|    total_timesteps | 88104    |
| train/             |          |
|    actor_loss      | 11       |
|    critic_loss     | 3.52     |
|    ent_coef        | 0.0262   |
|    ent_coef_loss   | -0.403   |
|    learning_rate   | 0.000601 |
|    n_updates       | 78096    |
---------------------------------
Eval num_timesteps=90000, episode_reward=-68.63 +/- 52.26
Episode length: 996.80 +/- 9.60
---------------------------------
| eval/              |          |
|    mean_ep_length  | 997      |
|    mean_reward     | -68.6    |
| time/              |          |
|    total_timesteps | 90000    |
| train/             |          |
|    actor_loss      | 11       |
|    critic_loss     | 7.55     |
|    ent_coef        | 0.0277   |
|    ent_coef_loss   | 0.118    |
|    learning_rate   | 0.000599 |
|    n_updates       | 79992    |
---------------------------------
New best mean reward!
---------------------------------
| rollout/           |          |
|    ep_len_mean     | 643      |
|    ep_rew_mean     | -114     |
| time/              |          |
|    episodes        | 244      |
|    fps             | 228      |
|    time_elapsed    | 395      |
|    total_timesteps | 90464    |
| train/             |          |
|    actor_loss      | 10.1     |
|    critic_loss     | 3.73     |
|    ent_coef        | 0.0275   |
|    ent_coef_loss   | -0.0685  |
|    learning_rate   | 0.000598 |
|    n_updates       | 80456    |
---------------------------------
---------------------------------
| rollout/           |          |
|    ep_len_mean     | 669      |
|    ep_rew_mean     | -109     |
| time/              |          |
|    episodes        | 248      |
|    fps             | 227      |
|    time_elapsed    | 422      |
|    total_timesteps | 96104    |
| train/             |          |
|    actor_loss      | 11       |
|    critic_loss     | 4.65     |
|    ent_coef        | 0.0274   |
|    ent_coef_loss   | 0.0952   |
|    learning_rate   | 0.00059  |
|    n_updates       | 86096    |
---------------------------------
---------------------------------
| rollout/           |          |
|    ep_len_mean     | 696      |
|    ep_rew_mean     | -106     |
| time/              |          |
|    episodes        | 252      |
|    fps             | 227      |
|    time_elapsed    | 433      |
|    total_timesteps | 98464    |
| train/             |          |
|    actor_loss      | 10.5     |
|    critic_loss     | 2.75     |
|    ent_coef        | 0.0279   |
|    ent_coef_loss   | -0.199   |
|    learning_rate   | 0.000586 |
|    n_updates       | 88456    |
---------------------------------
Eval num_timesteps=100000, episode_reward=-62.85 +/- 47.30
Episode length: 983.90 +/- 48.30
---------------------------------
| eval/              |          |
|    mean_ep_length  | 984      |
|    mean_reward     | -62.9    |
| time/              |          |
|    total_timesteps | 100000   |
| train/             |          |
|    actor_loss      | 10.9     |
|    critic_loss     | 3.36     |
|    ent_coef        | 0.0285   |
|    ent_coef_loss   | 0.092    |
|    learning_rate   | 0.000584 |
|    n_updates       | 89992    |
---------------------------------
New best mean reward!
---------------------------------
| rollout/           |          |
|    ep_len_mean     | 726      |
|    ep_rew_mean     | -105     |
| time/              |          |
|    episodes        | 256      |
|    fps             | 224      |
|    time_elapsed    | 463      |
|    total_timesteps | 104104   |
| train/             |          |
|    actor_loss      | 9.32     |
|    critic_loss     | 10.3     |
|    ent_coef        | 0.0264   |
|    ent_coef_loss   | -0.186   |
|    learning_rate   | 0.000578 |
|    n_updates       | 94096    |
---------------------------------
---------------------------------
| rollout/           |          |
|    ep_len_mean     | 759      |
|    ep_rew_mean     | -105     |
| time/              |          |
|    episodes        | 260      |
|    fps             | 224      |
|    time_elapsed    | 474      |
|    total_timesteps | 106464   |
| train/             |          |
|    actor_loss      | 9.94     |
|    critic_loss     | 4.04     |
|    ent_coef        | 0.0269   |
|    ent_coef_loss   | 0.295    |
|    learning_rate   | 0.000575 |
|    n_updates       | 96456    |
---------------------------------
Eval num_timesteps=110000, episode_reward=-72.90 +/- 22.86
Episode length: 1000.00 +/- 0.00
---------------------------------
| eval/              |          |
|    mean_ep_length  | 1e+03    |
|    mean_reward     | -72.9    |
| time/              |          |
|    total_timesteps | 110000   |
| train/             |          |
|    actor_loss      | 8.29     |
|    critic_loss     | 4.09     |
|    ent_coef        | 0.0251   |
|    ent_coef_loss   | -0.225   |
|    learning_rate   | 0.000569 |
|    n_updates       | 99992    |
---------------------------------
---------------------------------
| rollout/           |          |
|    ep_len_mean     | 772      |
|    ep_rew_mean     | -104     |
| time/              |          |
|    episodes        | 264      |
|    fps             | 222      |
|    time_elapsed    | 504      |
|    total_timesteps | 112104   |
| train/             |          |
|    actor_loss      | 8.6      |
|    critic_loss     | 4.94     |
|    ent_coef        | 0.0261   |
|    ent_coef_loss   | 1.08     |
|    learning_rate   | 0.000566 |
|    n_updates       | 102096   |
---------------------------------
---------------------------------
| rollout/           |          |
|    ep_len_mean     | 789      |
|    ep_rew_mean     | -100     |
| time/              |          |
|    episodes        | 268      |
|    fps             | 222      |
|    time_elapsed    | 515      |
|    total_timesteps | 114464   |
| train/             |          |
|    actor_loss      | 8.07     |
|    critic_loss     | 4.18     |
|    ent_coef        | 0.0268   |
|    ent_coef_loss   | 0.323    |
|    learning_rate   | 0.000563 |
|    n_updates       | 104456   |
---------------------------------
Eval num_timesteps=120000, episode_reward=-71.96 +/- 18.74
Episode length: 1000.00 +/- 0.00
---------------------------------
| eval/              |          |
|    mean_ep_length  | 1e+03    |
|    mean_reward     | -72      |
| time/              |          |
|    total_timesteps | 120000   |
| train/             |          |
|    actor_loss      | 7.24     |
|    critic_loss     | 10.5     |
|    ent_coef        | 0.0242   |
|    ent_coef_loss   | -0.465   |
|    learning_rate   | 0.000555 |
|    n_updates       | 109992   |
---------------------------------
---------------------------------
| rollout/           |          |
|    ep_len_mean     | 803      |
|    ep_rew_mean     | -99.1    |
| time/              |          |
|    episodes        | 272      |
|    fps             | 220      |
|    time_elapsed    | 545      |
|    total_timesteps | 120104   |
| train/             |          |
|    actor_loss      | 6.83     |
|    critic_loss     | 3.38     |
|    ent_coef        | 0.0242   |
|    ent_coef_loss   | 0.156    |
|    learning_rate   | 0.000555 |
|    n_updates       | 110096   |
---------------------------------
---------------------------------
| rollout/           |          |
|    ep_len_mean     | 815      |
|    ep_rew_mean     | -95.3    |
| time/              |          |
|    episodes        | 276      |
|    fps             | 220      |
|    time_elapsed    | 556      |
|    total_timesteps | 122464   |
| train/             |          |
|    actor_loss      | 6.57     |
|    critic_loss     | 7.99     |
|    ent_coef        | 0.0246   |
|    ent_coef_loss   | 0.216    |
|    learning_rate   | 0.000551 |
|    n_updates       | 112456   |
---------------------------------
---------------------------------
| rollout/           |          |
|    ep_len_mean     | 822      |
|    ep_rew_mean     | -91.3    |
| time/              |          |
|    episodes        | 280      |
|    fps             | 220      |
|    time_elapsed    | 582      |
|    total_timesteps | 128104   |
| train/             |          |
|    actor_loss      | 5.17     |
|    critic_loss     | 5.03     |
|    ent_coef        | 0.0251   |
|    ent_coef_loss   | -0.503   |
|    learning_rate   | 0.000543 |
|    n_updates       | 118096   |
---------------------------------
Eval num_timesteps=130000, episode_reward=-62.93 +/- 29.29
Episode length: 1000.00 +/- 0.00
---------------------------------
| eval/              |          |
|    mean_ep_length  | 1e+03    |
|    mean_reward     | -62.9    |
| time/              |          |
|    total_timesteps | 130000   |
| train/             |          |
|    actor_loss      | 5.58     |
|    critic_loss     | 2.1      |
|    ent_coef        | 0.0266   |
|    ent_coef_loss   | 0.335    |
|    learning_rate   | 0.00054  |
|    n_updates       | 119992   |
---------------------------------
---------------------------------
| rollout/           |          |
|    ep_len_mean     | 824      |
|    ep_rew_mean     | -88.8    |
| time/              |          |
|    episodes        | 284      |
|    fps             | 218      |
|    time_elapsed    | 596      |
|    total_timesteps | 130464   |
| train/             |          |
|    actor_loss      | 5.1      |
|    critic_loss     | 1.77     |
|    ent_coef        | 0.0252   |
|    ent_coef_loss   | 0.118    |
|    learning_rate   | 0.00054  |
|    n_updates       | 120456   |
---------------------------------
---------------------------------
| rollout/           |          |
|    ep_len_mean     | 833      |
|    ep_rew_mean     | -86      |
| time/              |          |
|    episodes        | 288      |
|    fps             | 218      |
|    time_elapsed    | 622      |
|    total_timesteps | 136104   |
| train/             |          |
|    actor_loss      | 5.87     |
|    critic_loss     | 5.13     |
|    ent_coef        | 0.0242   |
|    ent_coef_loss   | 0.152    |
|    learning_rate   | 0.000531 |
|    n_updates       | 126096   |
---------------------------------
---------------------------------
| rollout/           |          |
|    ep_len_mean     | 838      |
|    ep_rew_mean     | -83.3    |
| time/              |          |
|    episodes        | 292      |
|    fps             | 218      |
|    time_elapsed    | 633      |
|    total_timesteps | 138464   |
| train/             |          |
|    actor_loss      | 5.83     |
|    critic_loss     | 2.31     |
|    ent_coef        | 0.0248   |
|    ent_coef_loss   | -0.496   |
|    learning_rate   | 0.000528 |
|    n_updates       | 128456   |
---------------------------------
Eval num_timesteps=140000, episode_reward=-74.31 +/- 52.59
Episode length: 999.20 +/- 2.40
---------------------------------
| eval/              |          |
|    mean_ep_length  | 999      |
|    mean_reward     | -74.3    |
| time/              |          |
|    total_timesteps | 140000   |
| train/             |          |
|    actor_loss      | 6.07     |
|    critic_loss     | 3.95     |
|    ent_coef        | 0.0253   |
|    ent_coef_loss   | 0.229    |
|    learning_rate   | 0.000526 |
|    n_updates       | 129992   |
---------------------------------
---------------------------------
| rollout/           |          |
|    ep_len_mean     | 847      |
|    ep_rew_mean     | -79.1    |
| time/              |          |
|    episodes        | 296      |
|    fps             | 217      |
|    time_elapsed    | 663      |
|    total_timesteps | 144104   |
| train/             |          |
|    actor_loss      | 6.47     |
|    critic_loss     | 3.57     |
|    ent_coef        | 0.0266   |
|    ent_coef_loss   | 0.373    |
|    learning_rate   | 0.00052  |
|    n_updates       | 134096   |
---------------------------------
---------------------------------
| rollout/           |          |
|    ep_len_mean     | 865      |
|    ep_rew_mean     | -75.7    |
| time/              |          |
|    episodes        | 300      |
|    fps             | 216      |
|    time_elapsed    | 674      |
|    total_timesteps | 146464   |
| train/             |          |
|    actor_loss      | 5.65     |
|    critic_loss     | 1.32     |
|    ent_coef        | 0.025    |
|    ent_coef_loss   | -0.0684  |
|    learning_rate   | 0.000516 |
|    n_updates       | 136456   |
---------------------------------
Eval num_timesteps=150000, episode_reward=-52.67 +/- 18.63
Episode length: 1000.00 +/- 0.00
---------------------------------
| eval/              |          |
|    mean_ep_length  | 1e+03    |
|    mean_reward     | -52.7    |
| time/              |          |
|    total_timesteps | 150000   |
| train/             |          |
|    actor_loss      | 6.88     |
|    critic_loss     | 1.62     |
|    ent_coef        | 0.0249   |
|    ent_coef_loss   | 0.0102   |
|    learning_rate   | 0.000511 |
|    n_updates       | 139992   |
---------------------------------
New best mean reward!
---------------------------------
| rollout/           |          |
|    ep_len_mean     | 890      |
|    ep_rew_mean     | -72      |
| time/              |          |
|    episodes        | 304      |
|    fps             | 215      |
|    time_elapsed    | 704      |
|    total_timesteps | 152104   |
| train/             |          |
|    actor_loss      | 5.69     |
|    critic_loss     | 2.42     |
|    ent_coef        | 0.026    |
|    ent_coef_loss   | -0.791   |
|    learning_rate   | 0.000508 |
|    n_updates       | 142096   |
---------------------------------
---------------------------------
| rollout/           |          |
|    ep_len_mean     | 915      |
|    ep_rew_mean     | -68.8    |
| time/              |          |
|    episodes        | 308      |
|    fps             | 215      |
|    time_elapsed    | 715      |
|    total_timesteps | 154464   |
| train/             |          |
|    actor_loss      | 6.61     |
|    critic_loss     | 1.45     |
|    ent_coef        | 0.0258   |
|    ent_coef_loss   | -0.0595  |
|    learning_rate   | 0.000504 |
|    n_updates       | 144456   |
---------------------------------
Eval num_timesteps=160000, episode_reward=-61.20 +/- 118.07
Episode length: 997.10 +/- 8.70
---------------------------------
| eval/              |          |
|    mean_ep_length  | 997      |
|    mean_reward     | -61.2    |
| time/              |          |
|    total_timesteps | 160000   |
| train/             |          |
|    actor_loss      | 6.28     |
|    critic_loss     | 2.39     |
|    ent_coef        | 0.0265   |
|    ent_coef_loss   | -0.128   |
|    learning_rate   | 0.000496 |
|    n_updates       | 149992   |
---------------------------------
---------------------------------
| rollout/           |          |
|    ep_len_mean     | 938      |
|    ep_rew_mean     | -65.7    |
| time/              |          |
|    episodes        | 312      |
|    fps             | 214      |
|    time_elapsed    | 745      |
|    total_timesteps | 160104   |
| train/             |          |
|    actor_loss      | 6.69     |
|    critic_loss     | 2.44     |
|    ent_coef        | 0.0262   |
|    ent_coef_loss   | -0.058   |
|    learning_rate   | 0.000496 |
|    n_updates       | 150096   |
---------------------------------
---------------------------------
| rollout/           |          |
|    ep_len_mean     | 957      |
|    ep_rew_mean     | -62.2    |
| time/              |          |
|    episodes        | 316      |
|    fps             | 214      |
|    time_elapsed    | 756      |
|    total_timesteps | 162464   |
| train/             |          |
|    actor_loss      | 6.43     |
|    critic_loss     | 5.32     |
|    ent_coef        | 0.0266   |
|    ent_coef_loss   | 0.184    |
|    learning_rate   | 0.000493 |
|    n_updates       | 152456   |
---------------------------------
---------------------------------
| rollout/           |          |
|    ep_len_mean     | 977      |
|    ep_rew_mean     | -58.7    |
| time/              |          |
|    episodes        | 320      |
|    fps             | 214      |
|    time_elapsed    | 782      |
|    total_timesteps | 168104   |
| train/             |          |
|    actor_loss      | 7.29     |
|    critic_loss     | 1.86     |
|    ent_coef        | 0.0274   |
|    ent_coef_loss   | 0.294    |
|    learning_rate   | 0.000485 |
|    n_updates       | 158096   |
---------------------------------
Eval num_timesteps=170000, episode_reward=-9.10 +/- 66.64
Episode length: 990.00 +/- 23.13
---------------------------------
| eval/              |          |
|    mean_ep_length  | 990      |
|    mean_reward     | -9.1     |
| time/              |          |
|    total_timesteps | 170000   |
| train/             |          |
|    actor_loss      | 6.76     |
|    critic_loss     | 2.8      |
|    ent_coef        | 0.028    |
|    ent_coef_loss   | 0.824    |
|    learning_rate   | 0.000482 |
|    n_updates       | 159992   |
---------------------------------
New best mean reward!
---------------------------------
| rollout/           |          |
|    ep_len_mean     | 989      |
|    ep_rew_mean     | -56      |
| time/              |          |
|    episodes        | 324      |
|    fps             | 213      |
|    time_elapsed    | 796      |
|    total_timesteps | 170464   |
| train/             |          |
|    actor_loss      | 7.34     |
|    critic_loss     | 2.55     |
|    ent_coef        | 0.0279   |
|    ent_coef_loss   | -0.235   |
|    learning_rate   | 0.000481 |
|    n_updates       | 160456   |
---------------------------------
---------------------------------
| rollout/           |          |
|    ep_len_mean     | 994      |
|    ep_rew_mean     | -52.5    |
| time/              |          |
|    episodes        | 328      |
|    fps             | 214      |
|    time_elapsed    | 822      |
|    total_timesteps | 176104   |
| train/             |          |
|    actor_loss      | 7.06     |
|    critic_loss     | 2.47     |
|    ent_coef        | 0.0279   |
|    ent_coef_loss   | 0.302    |
|    learning_rate   | 0.000473 |
|    n_updates       | 166096   |
---------------------------------
---------------------------------
| rollout/           |          |
|    ep_len_mean     | 996      |
|    ep_rew_mean     | -51.9    |
| time/              |          |
|    episodes        | 332      |
|    fps             | 214      |
|    time_elapsed    | 833      |
|    total_timesteps | 178464   |
| train/             |          |
|    actor_loss      | 7.04     |
|    critic_loss     | 1.99     |
|    ent_coef        | 0.0281   |
|    ent_coef_loss   | -0.503   |
|    learning_rate   | 0.000469 |
|    n_updates       | 168456   |
---------------------------------
Eval num_timesteps=180000, episode_reward=-38.70 +/- 34.13
Episode length: 1000.00 +/- 0.00
---------------------------------
| eval/              |          |
|    mean_ep_length  | 1e+03    |
|    mean_reward     | -38.7    |
| time/              |          |
|    total_timesteps | 180000   |
| train/             |          |
|    actor_loss      | 7.21     |
|    critic_loss     | 3.36     |
|    ent_coef        | 0.0272   |
|    ent_coef_loss   | -0.509   |
|    learning_rate   | 0.000467 |
|    n_updates       | 169992   |
---------------------------------
---------------------------------
| rollout/           |          |
|    ep_len_mean     | 998      |
|    ep_rew_mean     | -51.3    |
| time/              |          |
|    episodes        | 336      |
|    fps             | 213      |
|    time_elapsed    | 862      |
|    total_timesteps | 184104   |
| train/             |          |
|    actor_loss      | 5.57     |
|    critic_loss     | 8.32     |
|    ent_coef        | 0.0273   |
|    ent_coef_loss   | -0.127   |
|    learning_rate   | 0.000461 |
|    n_updates       | 174096   |
---------------------------------
---------------------------------
| rollout/           |          |
|    ep_len_mean     | 998      |
|    ep_rew_mean     | -48.6    |
| time/              |          |
|    episodes        | 340      |
|    fps             | 213      |
|    time_elapsed    | 874      |
|    total_timesteps | 186464   |
| train/             |          |
|    actor_loss      | 7.66     |
|    critic_loss     | 1.05     |
|    ent_coef        | 0.0267   |
|    ent_coef_loss   | -0.278   |
|    learning_rate   | 0.000458 |
|    n_updates       | 176456   |
---------------------------------
Eval num_timesteps=190000, episode_reward=-29.77 +/- 22.38
Episode length: 1000.00 +/- 0.00
---------------------------------
| eval/              |          |
|    mean_ep_length  | 1e+03    |
|    mean_reward     | -29.8    |
| time/              |          |
|    total_timesteps | 190000   |
| train/             |          |
|    actor_loss      | 6.21     |
|    critic_loss     | 2.64     |
|    ent_coef        | 0.0277   |
|    ent_coef_loss   | 0.449    |
|    learning_rate   | 0.000453 |
|    n_updates       | 179992   |
---------------------------------
---------------------------------
| rollout/           |          |
|    ep_len_mean     | 998      |
|    ep_rew_mean     | -47.5    |
| time/              |          |
|    episodes        | 344      |
|    fps             | 212      |
|    time_elapsed    | 903      |
|    total_timesteps | 192104   |
| train/             |          |
|    actor_loss      | 7.27     |
|    critic_loss     | 1.57     |
|    ent_coef        | 0.0268   |
|    ent_coef_loss   | -0.21    |
|    learning_rate   | 0.00045  |
|    n_updates       | 182096   |
---------------------------------
---------------------------------
| rollout/           |          |
|    ep_len_mean     | 1e+03    |
|    ep_rew_mean     | -46.2    |
| time/              |          |
|    episodes        | 348      |
|    fps             | 212      |
|    time_elapsed    | 914      |
|    total_timesteps | 194464   |
| train/             |          |
|    actor_loss      | 6.56     |
|    critic_loss     | 1.45     |
|    ent_coef        | 0.0274   |
|    ent_coef_loss   | 0.491    |
|    learning_rate   | 0.000446 |
|    n_updates       | 184456   |
---------------------------------
Eval num_timesteps=200000, episode_reward=-17.88 +/- 31.90
Episode length: 1000.00 +/- 0.00
---------------------------------
| eval/              |          |
|    mean_ep_length  | 1e+03    |
|    mean_reward     | -17.9    |
| time/              |          |
|    total_timesteps | 200000   |
| train/             |          |
|    actor_loss      | 6.73     |
|    critic_loss     | 1.9      |
|    ent_coef        | 0.0273   |
|    ent_coef_loss   | -0.15    |
|    learning_rate   | 0.000438 |
|    n_updates       | 189992   |
---------------------------------
---------------------------------
| rollout/           |          |
|    ep_len_mean     | 1e+03    |
|    ep_rew_mean     | -44.2    |
| time/              |          |
|    episodes        | 352      |
|    fps             | 211      |
|    time_elapsed    | 944      |
|    total_timesteps | 200104   |
| train/             |          |
|    actor_loss      | 8.48     |
|    critic_loss     | 1.81     |
|    ent_coef        | 0.0277   |
|    ent_coef_loss   | 0.129    |
|    learning_rate   | 0.000438 |
|    n_updates       | 190096   |
---------------------------------
---------------------------------
| rollout/           |          |
|    ep_len_mean     | 1e+03    |
|    ep_rew_mean     | -42.9    |
| time/              |          |
|    episodes        | 356      |
|    fps             | 211      |
|    time_elapsed    | 955      |
|    total_timesteps | 202464   |
| train/             |          |
|    actor_loss      | 6.19     |
|    critic_loss     | 1.28     |
|    ent_coef        | 0.0286   |
|    ent_coef_loss   | 0.215    |
|    learning_rate   | 0.000434 |
|    n_updates       | 192456   |
---------------------------------
---------------------------------
| rollout/           |          |
|    ep_len_mean     | 1e+03    |
|    ep_rew_mean     | -41.9    |
| time/              |          |
|    episodes        | 360      |
|    fps             | 212      |
|    time_elapsed    | 980      |
|    total_timesteps | 208104   |
| train/             |          |
|    actor_loss      | 6.09     |
|    critic_loss     | 1.27     |
|    ent_coef        | 0.0269   |
|    ent_coef_loss   | -0.36    |
|    learning_rate   | 0.000426 |
|    n_updates       | 198096   |
---------------------------------
Eval num_timesteps=210000, episode_reward=-38.95 +/- 24.32
Episode length: 1000.00 +/- 0.00
---------------------------------
| eval/              |          |
|    mean_ep_length  | 1e+03    |
|    mean_reward     | -39      |
| time/              |          |
|    total_timesteps | 210000   |
| train/             |          |
|    actor_loss      | 6.32     |
|    critic_loss     | 1.7      |
|    ent_coef        | 0.0273   |
|    ent_coef_loss   | -0.195   |
|    learning_rate   | 0.000423 |
|    n_updates       | 199992   |
---------------------------------
---------------------------------
| rollout/           |          |
|    ep_len_mean     | 1e+03    |
|    ep_rew_mean     | -40.9    |
| time/              |          |
|    episodes        | 364      |
|    fps             | 211      |
|    time_elapsed    | 995      |
|    total_timesteps | 210464   |
| train/             |          |
|    actor_loss      | 6.93     |
|    critic_loss     | 1.96     |
|    ent_coef        | 0.0269   |
|    ent_coef_loss   | -0.114   |
|    learning_rate   | 0.000423 |
|    n_updates       | 200456   |
---------------------------------
---------------------------------
| rollout/           |          |
|    ep_len_mean     | 1e+03    |
|    ep_rew_mean     | -41.6    |
| time/              |          |
|    episodes        | 368      |
|    fps             | 211      |
|    time_elapsed    | 1020     |
|    total_timesteps | 216104   |
| train/             |          |
|    actor_loss      | 8.52     |
|    critic_loss     | 3.05     |
|    ent_coef        | 0.0277   |
|    ent_coef_loss   | 0.139    |
|    learning_rate   | 0.000414 |
|    n_updates       | 206096   |
---------------------------------
---------------------------------
| rollout/           |          |
|    ep_len_mean     | 1e+03    |
|    ep_rew_mean     | -40.6    |
| time/              |          |
|    episodes        | 372      |
|    fps             | 212      |
|    time_elapsed    | 1030     |
|    total_timesteps | 218464   |
| train/             |          |
|    actor_loss      | 8.36     |
|    critic_loss     | 1.15     |
|    ent_coef        | 0.0275   |
|    ent_coef_loss   | -0.172   |
|    learning_rate   | 0.000411 |
|    n_updates       | 208456   |
---------------------------------
Eval num_timesteps=220000, episode_reward=-40.32 +/- 17.36
Episode length: 1000.00 +/- 0.00
---------------------------------
| eval/              |          |
|    mean_ep_length  | 1e+03    |
|    mean_reward     | -40.3    |
| time/              |          |
|    total_timesteps | 220000   |
| train/             |          |
|    actor_loss      | 7.7      |
|    critic_loss     | 2.11     |
|    ent_coef        | 0.028    |
|    ent_coef_loss   | 0.313    |
|    learning_rate   | 0.000409 |
|    n_updates       | 209992   |
---------------------------------
---------------------------------
| rollout/           |          |
|    ep_len_mean     | 1e+03    |
|    ep_rew_mean     | -40      |
| time/              |          |
|    episodes        | 376      |
|    fps             | 211      |
|    time_elapsed    | 1059     |
|    total_timesteps | 224104   |
| train/             |          |
|    actor_loss      | 7.16     |
|    critic_loss     | 2.07     |
|    ent_coef        | 0.0276   |
|    ent_coef_loss   | 0.328    |
|    learning_rate   | 0.000403 |
|    n_updates       | 214096   |
---------------------------------
---------------------------------
| rollout/           |          |
|    ep_len_mean     | 1e+03    |
|    ep_rew_mean     | -39      |
| time/              |          |
|    episodes        | 380      |
|    fps             | 211      |
|    time_elapsed    | 1070     |
|    total_timesteps | 226464   |
| train/             |          |
|    actor_loss      | 7.91     |
|    critic_loss     | 1.21     |
|    ent_coef        | 0.0268   |
|    ent_coef_loss   | -0.0534  |
|    learning_rate   | 0.000399 |
|    n_updates       | 216456   |
---------------------------------
Eval num_timesteps=230000, episode_reward=-26.77 +/- 38.78
Episode length: 998.70 +/- 3.90
---------------------------------
| eval/              |          |
|    mean_ep_length  | 999      |
|    mean_reward     | -26.8    |
| time/              |          |
|    total_timesteps | 230000   |
| train/             |          |
|    actor_loss      | 8.18     |
|    critic_loss     | 2.68     |
|    ent_coef        | 0.0249   |
|    ent_coef_loss   | 0.612    |
|    learning_rate   | 0.000394 |
|    n_updates       | 219992   |
---------------------------------
---------------------------------
| rollout/           |          |
|    ep_len_mean     | 1e+03    |
|    ep_rew_mean     | -37.6    |
| time/              |          |
|    episodes        | 384      |
|    fps             | 210      |
|    time_elapsed    | 1100     |
|    total_timesteps | 232104   |
| train/             |          |
|    actor_loss      | 7.31     |
|    critic_loss     | 1.63     |
|    ent_coef        | 0.0245   |
|    ent_coef_loss   | -0.179   |
|    learning_rate   | 0.000391 |
|    n_updates       | 222096   |
---------------------------------
---------------------------------
| rollout/           |          |
|    ep_len_mean     | 1e+03    |
|    ep_rew_mean     | -37.1    |
| time/              |          |
|    episodes        | 388      |
|    fps             | 210      |
|    time_elapsed    | 1111     |
|    total_timesteps | 234464   |
| train/             |          |
|    actor_loss      | 8.18     |
|    critic_loss     | 3.06     |
|    ent_coef        | 0.0245   |
|    ent_coef_loss   | 0.279    |
|    learning_rate   | 0.000388 |
|    n_updates       | 224456   |
---------------------------------
Eval num_timesteps=240000, episode_reward=-21.92 +/- 18.45
Episode length: 1000.00 +/- 0.00
---------------------------------
| eval/              |          |
|    mean_ep_length  | 1e+03    |
|    mean_reward     | -21.9    |
| time/              |          |
|    total_timesteps | 240000   |
| train/             |          |
|    actor_loss      | 7.35     |
|    critic_loss     | 1        |
|    ent_coef        | 0.0227   |
|    ent_coef_loss   | -0.11    |
|    learning_rate   | 0.00038  |
|    n_updates       | 229992   |
---------------------------------
---------------------------------
| rollout/           |          |
|    ep_len_mean     | 1e+03    |
|    ep_rew_mean     | -36.5    |
| time/              |          |
|    episodes        | 392      |
|    fps             | 210      |
|    time_elapsed    | 1141     |
|    total_timesteps | 240104   |
| train/             |          |
|    actor_loss      | 7.52     |
|    critic_loss     | 1.19     |
|    ent_coef        | 0.0227   |
|    ent_coef_loss   | -0.435   |
|    learning_rate   | 0.000379 |
|    n_updates       | 230096   |
---------------------------------
---------------------------------
| rollout/           |          |
|    ep_len_mean     | 1e+03    |
|    ep_rew_mean     | -35.7    |
| time/              |          |
|    episodes        | 396      |
|    fps             | 210      |
|    time_elapsed    | 1152     |
|    total_timesteps | 242464   |
| train/             |          |
|    actor_loss      | 6.83     |
|    critic_loss     | 1.54     |
|    ent_coef        | 0.0238   |
|    ent_coef_loss   | -0.257   |
|    learning_rate   | 0.000376 |
|    n_updates       | 232456   |
---------------------------------
---------------------------------
| rollout/           |          |
|    ep_len_mean     | 1e+03    |
|    ep_rew_mean     | -33.9    |
| time/              |          |
|    episodes        | 400      |
|    fps             | 210      |
|    time_elapsed    | 1178     |
|    total_timesteps | 248104   |
| train/             |          |
|    actor_loss      | 5.96     |
|    critic_loss     | 0.875    |
|    ent_coef        | 0.0237   |
|    ent_coef_loss   | 0.014    |
|    learning_rate   | 0.000368 |
|    n_updates       | 238096   |
---------------------------------
Eval num_timesteps=250000, episode_reward=11.16 +/- 71.67
Episode length: 943.10 +/- 113.80
---------------------------------
| eval/              |          |
|    mean_ep_length  | 943      |
|    mean_reward     | 11.2     |
| time/              |          |
|    total_timesteps | 250000   |
| train/             |          |
|    actor_loss      | 6.4      |
|    critic_loss     | 1.1      |
|    ent_coef        | 0.0217   |
|    ent_coef_loss   | -0.346   |
|    learning_rate   | 0.000365 |
|    n_updates       | 239992   |
---------------------------------
New best mean reward!
---------------------------------
| rollout/           |          |
|    ep_len_mean     | 1e+03    |
|    ep_rew_mean     | -34.4    |
| time/              |          |
|    episodes        | 404      |
|    fps             | 210      |
|    time_elapsed    | 1192     |
|    total_timesteps | 250464   |
| train/             |          |
|    actor_loss      | 6.57     |
|    critic_loss     | 1.6      |
|    ent_coef        | 0.0224   |
|    ent_coef_loss   | 0.548    |
|    learning_rate   | 0.000364 |
|    n_updates       | 240456   |
---------------------------------
---------------------------------
| rollout/           |          |
|    ep_len_mean     | 1e+03    |
|    ep_rew_mean     | -33      |
| time/              |          |
|    episodes        | 408      |
|    fps             | 210      |
|    time_elapsed    | 1218     |
|    total_timesteps | 256104   |
| train/             |          |
|    actor_loss      | 5.35     |
|    critic_loss     | 1.01     |
|    ent_coef        | 0.0232   |
|    ent_coef_loss   | -0.338   |
|    learning_rate   | 0.000356 |
|    n_updates       | 246096   |
---------------------------------
---------------------------------
| rollout/           |          |
|    ep_len_mean     | 1e+03    |
|    ep_rew_mean     | -32.3    |
| time/              |          |
|    episodes        | 412      |
|    fps             | 210      |
|    time_elapsed    | 1229     |
|    total_timesteps | 258464   |
| train/             |          |
|    actor_loss      | 4.65     |
|    critic_loss     | 3.2      |
|    ent_coef        | 0.0227   |
|    ent_coef_loss   | 0.311    |
|    learning_rate   | 0.000353 |
|    n_updates       | 248456   |
---------------------------------
Eval num_timesteps=260000, episode_reward=-2.70 +/- 64.49
Episode length: 970.20 +/- 89.40
---------------------------------
| eval/              |          |
|    mean_ep_length  | 970      |
|    mean_reward     | -2.7     |
| time/              |          |
|    total_timesteps | 260000   |
| train/             |          |
|    actor_loss      | 4.38     |
|    critic_loss     | 1.32     |
|    ent_coef        | 0.0222   |
|    ent_coef_loss   | 0.00581  |
|    learning_rate   | 0.00035  |
|    n_updates       | 249992   |
---------------------------------
---------------------------------
| rollout/           |          |
|    ep_len_mean     | 1e+03    |
|    ep_rew_mean     | -30.6    |
| time/              |          |
|    episodes        | 416      |
|    fps             | 209      |
|    time_elapsed    | 1258     |
|    total_timesteps | 264104   |
| train/             |          |
|    actor_loss      | 4.44     |
|    critic_loss     | 6.02     |
|    ent_coef        | 0.0229   |
|    ent_coef_loss   | 0.212    |
|    learning_rate   | 0.000344 |
|    n_updates       | 254096   |
---------------------------------
---------------------------------
| rollout/           |          |
|    ep_len_mean     | 1e+03    |
|    ep_rew_mean     | -30      |
| time/              |          |
|    episodes        | 420      |
|    fps             | 210      |
|    time_elapsed    | 1268     |
|    total_timesteps | 266464   |
| train/             |          |
|    actor_loss      | 3.62     |
|    critic_loss     | 0.84     |
|    ent_coef        | 0.0227   |
|    ent_coef_loss   | -0.767   |
|    learning_rate   | 0.000341 |
|    n_updates       | 256456   |
---------------------------------
Eval num_timesteps=270000, episode_reward=-15.81 +/- 79.80
Episode length: 961.00 +/- 117.00
---------------------------------
| eval/              |          |
|    mean_ep_length  | 961      |
|    mean_reward     | -15.8    |
| time/              |          |
|    total_timesteps | 270000   |
| train/             |          |
|    actor_loss      | 4.11     |
|    critic_loss     | 2.05     |
|    ent_coef        | 0.0218   |
|    ent_coef_loss   | 0.368    |
|    learning_rate   | 0.000336 |
|    n_updates       | 259992   |
---------------------------------
---------------------------------
| rollout/           |          |
|    ep_len_mean     | 1e+03    |
|    ep_rew_mean     | -28.7    |
| time/              |          |
|    episodes        | 424      |
|    fps             | 209      |
|    time_elapsed    | 1298     |
|    total_timesteps | 272104   |
| train/             |          |
|    actor_loss      | 4.67     |
|    critic_loss     | 1.55     |
|    ent_coef        | 0.0211   |
|    ent_coef_loss   | -0.00533 |
|    learning_rate   | 0.000333 |
|    n_updates       | 262096   |
---------------------------------
---------------------------------
| rollout/           |          |
|    ep_len_mean     | 1e+03    |
|    ep_rew_mean     | -27.7    |
| time/              |          |
|    episodes        | 428      |
|    fps             | 209      |
|    time_elapsed    | 1309     |
|    total_timesteps | 274464   |
| train/             |          |
|    actor_loss      | 4.36     |
|    critic_loss     | 1.44     |
|    ent_coef        | 0.0207   |
|    ent_coef_loss   | -0.0438  |
|    learning_rate   | 0.000329 |
|    n_updates       | 264456   |
---------------------------------
Eval num_timesteps=280000, episode_reward=-6.98 +/- 43.10
Episode length: 994.00 +/- 18.00
---------------------------------
| eval/              |          |
|    mean_ep_length  | 994      |
|    mean_reward     | -6.98    |
| time/              |          |
|    total_timesteps | 280000   |
| train/             |          |
|    actor_loss      | 4.33     |
|    critic_loss     | 0.928    |
|    ent_coef        | 0.0202   |
|    ent_coef_loss   | 0.0355   |
|    learning_rate   | 0.000321 |
|    n_updates       | 269992   |
---------------------------------
---------------------------------
| rollout/           |          |
|    ep_len_mean     | 1e+03    |
|    ep_rew_mean     | -27.3    |
| time/              |          |
|    episodes        | 432      |
|    fps             | 209      |
|    time_elapsed    | 1339     |
|    total_timesteps | 280104   |
| train/             |          |
|    actor_loss      | 4.13     |
|    critic_loss     | 0.855    |
|    ent_coef        | 0.0203   |
|    ent_coef_loss   | 0.153    |
|    learning_rate   | 0.000321 |
|    n_updates       | 270096   |
---------------------------------
---------------------------------
| rollout/           |          |
|    ep_len_mean     | 1e+03    |
|    ep_rew_mean     | -27.4    |
| time/              |          |
|    episodes        | 436      |
|    fps             | 209      |
|    time_elapsed    | 1350     |
|    total_timesteps | 282464   |
| train/             |          |
|    actor_loss      | 5.24     |
|    critic_loss     | 1.05     |
|    ent_coef        | 0.0204   |
|    ent_coef_loss   | 0.502    |
|    learning_rate   | 0.000318 |
|    n_updates       | 272456   |
---------------------------------
---------------------------------
| rollout/           |          |
|    ep_len_mean     | 1e+03    |
|    ep_rew_mean     | -27.7    |
| time/              |          |
|    episodes        | 440      |
|    fps             | 209      |
|    time_elapsed    | 1376     |
|    total_timesteps | 288104   |
| train/             |          |
|    actor_loss      | 3.5      |
|    critic_loss     | 1        |
|    ent_coef        | 0.0202   |
|    ent_coef_loss   | 0.348    |
|    learning_rate   | 0.000309 |
|    n_updates       | 278096   |
---------------------------------
Eval num_timesteps=290000, episode_reward=-24.21 +/- 18.12
Episode length: 1000.00 +/- 0.00
---------------------------------
| eval/              |          |
|    mean_ep_length  | 1e+03    |
|    mean_reward     | -24.2    |
| time/              |          |
|    total_timesteps | 290000   |
| train/             |          |
|    actor_loss      | 3.77     |
|    critic_loss     | 1.57     |
|    ent_coef        | 0.02     |
|    ent_coef_loss   | -0.608   |
|    learning_rate   | 0.000307 |
|    n_updates       | 279992   |
---------------------------------
---------------------------------
| rollout/           |          |
|    ep_len_mean     | 1e+03    |
|    ep_rew_mean     | -27      |
| time/              |          |
|    episodes        | 444      |
|    fps             | 208      |
|    time_elapsed    | 1390     |
|    total_timesteps | 290464   |
| train/             |          |
|    actor_loss      | 3.65     |
|    critic_loss     | 2.49     |
|    ent_coef        | 0.0203   |
|    ent_coef_loss   | 0.105    |
|    learning_rate   | 0.000306 |
|    n_updates       | 280456   |
---------------------------------
---------------------------------
| rollout/           |          |
|    ep_len_mean     | 1e+03    |
|    ep_rew_mean     | -27.5    |
| time/              |          |
|    episodes        | 448      |
|    fps             | 208      |
|    time_elapsed    | 1417     |
|    total_timesteps | 296104   |
| train/             |          |
|    actor_loss      | 4.56     |
|    critic_loss     | 2.68     |
|    ent_coef        | 0.0193   |
|    ent_coef_loss   | 0.298    |
|    learning_rate   | 0.000298 |
|    n_updates       | 286096   |
---------------------------------
---------------------------------
| rollout/           |          |
|    ep_len_mean     | 1e+03    |
|    ep_rew_mean     | -28.1    |
| time/              |          |
|    episodes        | 452      |
|    fps             | 208      |
|    time_elapsed    | 1428     |
|    total_timesteps | 298464   |
| train/             |          |
|    actor_loss      | 4.36     |
|    critic_loss     | 0.925    |
|    ent_coef        | 0.0189   |
|    ent_coef_loss   | 0.0129   |
|    learning_rate   | 0.000294 |
|    n_updates       | 288456   |
---------------------------------
Eval num_timesteps=300000, episode_reward=-31.01 +/- 22.66
Episode length: 1000.00 +/- 0.00
---------------------------------
| eval/              |          |
|    mean_ep_length  | 1e+03    |
|    mean_reward     | -31      |
| time/              |          |
|    total_timesteps | 300000   |
| train/             |          |
|    actor_loss      | 5.15     |
|    critic_loss     | 1.51     |
|    ent_coef        | 0.0189   |
|    ent_coef_loss   | 0.255    |
|    learning_rate   | 0.000292 |
|    n_updates       | 289992   |
---------------------------------
---------------------------------
| rollout/           |          |
|    ep_len_mean     | 1e+03    |
|    ep_rew_mean     | -28.5    |
| time/              |          |
|    episodes        | 456      |
|    fps             | 208      |
|    time_elapsed    | 1457     |
|    total_timesteps | 304104   |
| train/             |          |
|    actor_loss      | 4.37     |
|    critic_loss     | 1.12     |
|    ent_coef        | 0.019    |
|    ent_coef_loss   | 0.00416  |
|    learning_rate   | 0.000286 |
|    n_updates       | 294096   |
---------------------------------
---------------------------------
| rollout/           |          |
|    ep_len_mean     | 1e+03    |
|    ep_rew_mean     | -28.1    |
| time/              |          |
|    episodes        | 460      |
|    fps             | 208      |
|    time_elapsed    | 1468     |
|    total_timesteps | 306464   |
| train/             |          |
|    actor_loss      | 5.21     |
|    critic_loss     | 1.11     |
|    ent_coef        | 0.0191   |
|    ent_coef_loss   | -0.395   |
|    learning_rate   | 0.000283 |
|    n_updates       | 296456   |
---------------------------------
Eval num_timesteps=310000, episode_reward=-33.49 +/- 24.82
Episode length: 1000.00 +/- 0.00
---------------------------------
| eval/              |          |
|    mean_ep_length  | 1e+03    |
|    mean_reward     | -33.5    |
| time/              |          |
|    total_timesteps | 310000   |
| train/             |          |
|    actor_loss      | 4.66     |
|    critic_loss     | 0.776    |
|    ent_coef        | 0.019    |
|    ent_coef_loss   | -0.474   |
|    learning_rate   | 0.000277 |
|    n_updates       | 299992   |
---------------------------------
---------------------------------
| rollout/           |          |
|    ep_len_mean     | 1e+03    |
|    ep_rew_mean     | -27.2    |
| time/              |          |
|    episodes        | 464      |
|    fps             | 208      |
|    time_elapsed    | 1498     |
|    total_timesteps | 312104   |
| train/             |          |
|    actor_loss      | 4.62     |
|    critic_loss     | 0.854    |
|    ent_coef        | 0.0186   |
|    ent_coef_loss   | 0.339    |
|    learning_rate   | 0.000274 |
|    n_updates       | 302096   |
---------------------------------
---------------------------------
| rollout/           |          |
|    ep_len_mean     | 1e+03    |
|    ep_rew_mean     | -26.8    |
| time/              |          |
|    episodes        | 468      |
|    fps             | 208      |
|    time_elapsed    | 1509     |
|    total_timesteps | 314464   |
| train/             |          |
|    actor_loss      | 4.69     |
|    critic_loss     | 1.19     |
|    ent_coef        | 0.0188   |
|    ent_coef_loss   | 0.175    |
|    learning_rate   | 0.000271 |
|    n_updates       | 304456   |
---------------------------------
Eval num_timesteps=320000, episode_reward=-25.85 +/- 15.81
Episode length: 1000.00 +/- 0.00
---------------------------------
| eval/              |          |
|    mean_ep_length  | 1e+03    |
|    mean_reward     | -25.9    |
| time/              |          |
|    total_timesteps | 320000   |
| train/             |          |
|    actor_loss      | 4.78     |
|    critic_loss     | 0.714    |
|    ent_coef        | 0.0187   |
|    ent_coef_loss   | 0.204    |
|    learning_rate   | 0.000263 |
|    n_updates       | 309992   |
---------------------------------
---------------------------------
| rollout/           |          |
|    ep_len_mean     | 1e+03    |
|    ep_rew_mean     | -26.6    |
| time/              |          |
|    episodes        | 472      |
|    fps             | 207      |
|    time_elapsed    | 1539     |
|    total_timesteps | 320104   |
| train/             |          |
|    actor_loss      | 4.47     |
|    critic_loss     | 0.842    |
|    ent_coef        | 0.0187   |
|    ent_coef_loss   | 0.0126   |
|    learning_rate   | 0.000263 |
|    n_updates       | 310096   |
---------------------------------
---------------------------------
| rollout/           |          |
|    ep_len_mean     | 1e+03    |
|    ep_rew_mean     | -27.3    |
| time/              |          |
|    episodes        | 476      |
|    fps             | 208      |
|    time_elapsed    | 1549     |
|    total_timesteps | 322464   |
| train/             |          |
|    actor_loss      | 5.38     |
|    critic_loss     | 2.9      |
|    ent_coef        | 0.0179   |
|    ent_coef_loss   | 0.294    |
|    learning_rate   | 0.000259 |
|    n_updates       | 312456   |
---------------------------------
---------------------------------
| rollout/           |          |
|    ep_len_mean     | 1e+03    |
|    ep_rew_mean     | -28.2    |
| time/              |          |
|    episodes        | 480      |
|    fps             | 208      |
|    time_elapsed    | 1575     |
|    total_timesteps | 328104   |
| train/             |          |
|    actor_loss      | 5.55     |
|    critic_loss     | 1.75     |
|    ent_coef        | 0.0178   |
|    ent_coef_loss   | 0.117    |
|    learning_rate   | 0.000251 |
|    n_updates       | 318096   |
---------------------------------
Eval num_timesteps=330000, episode_reward=-26.51 +/- 18.41
Episode length: 1000.00 +/- 0.00
---------------------------------
| eval/              |          |
|    mean_ep_length  | 1e+03    |
|    mean_reward     | -26.5    |
| time/              |          |
|    total_timesteps | 330000   |
| train/             |          |
|    actor_loss      | 4.15     |
|    critic_loss     | 0.821    |
|    ent_coef        | 0.0189   |
|    ent_coef_loss   | 0.546    |
|    learning_rate   | 0.000248 |
|    n_updates       | 319992   |
---------------------------------
---------------------------------
| rollout/           |          |
|    ep_len_mean     | 1e+03    |
|    ep_rew_mean     | -28.8    |
| time/              |          |
|    episodes        | 484      |
|    fps             | 207      |
|    time_elapsed    | 1589     |
|    total_timesteps | 330464   |
| train/             |          |
|    actor_loss      | 5.02     |
|    critic_loss     | 0.974    |
|    ent_coef        | 0.0186   |
|    ent_coef_loss   | 0.031    |
|    learning_rate   | 0.000248 |
|    n_updates       | 320456   |
---------------------------------
---------------------------------
| rollout/           |          |
|    ep_len_mean     | 1e+03    |
|    ep_rew_mean     | -28.3    |
| time/              |          |
|    episodes        | 488      |
|    fps             | 208      |
|    time_elapsed    | 1615     |
|    total_timesteps | 336104   |
| train/             |          |
|    actor_loss      | 5.91     |
|    critic_loss     | 0.991    |
|    ent_coef        | 0.0187   |
|    ent_coef_loss   | 0.237    |
|    learning_rate   | 0.000239 |
|    n_updates       | 326096   |
---------------------------------
---------------------------------
| rollout/           |          |
|    ep_len_mean     | 1e+03    |
|    ep_rew_mean     | -28      |
| time/              |          |
|    episodes        | 492      |
|    fps             | 208      |
|    time_elapsed    | 1626     |
|    total_timesteps | 338464   |
| train/             |          |
|    actor_loss      | 5.65     |
|    critic_loss     | 0.916    |
|    ent_coef        | 0.0188   |
|    ent_coef_loss   | 0.0315   |
|    learning_rate   | 0.000236 |
|    n_updates       | 328456   |
---------------------------------
Eval num_timesteps=340000, episode_reward=-18.78 +/- 17.22
Episode length: 1000.00 +/- 0.00
---------------------------------
| eval/              |          |
|    mean_ep_length  | 1e+03    |
|    mean_reward     | -18.8    |
| time/              |          |
|    total_timesteps | 340000   |
| train/             |          |
|    actor_loss      | 4.75     |
|    critic_loss     | 1.16     |
|    ent_coef        | 0.0182   |
|    ent_coef_loss   | 0.0235   |
|    learning_rate   | 0.000234 |
|    n_updates       | 329992   |
---------------------------------
---------------------------------
| rollout/           |          |
|    ep_len_mean     | 1e+03    |
|    ep_rew_mean     | -28      |
| time/              |          |
|    episodes        | 496      |
|    fps             | 207      |
|    time_elapsed    | 1655     |
|    total_timesteps | 344104   |
| train/             |          |
|    actor_loss      | 5.45     |
|    critic_loss     | 0.83     |
|    ent_coef        | 0.0175   |
|    ent_coef_loss   | 0.385    |
|    learning_rate   | 0.000228 |
|    n_updates       | 334096   |
---------------------------------
---------------------------------
| rollout/           |          |
|    ep_len_mean     | 1e+03    |
|    ep_rew_mean     | -29      |
| time/              |          |
|    episodes        | 500      |
|    fps             | 207      |
|    time_elapsed    | 1666     |
|    total_timesteps | 346464   |
| train/             |          |
|    actor_loss      | 5.47     |
|    critic_loss     | 2.39     |
|    ent_coef        | 0.0175   |
|    ent_coef_loss   | -0.211   |
|    learning_rate   | 0.000224 |
|    n_updates       | 336456   |
---------------------------------
Eval num_timesteps=350000, episode_reward=-12.19 +/- 20.74
Episode length: 1000.00 +/- 0.00
---------------------------------
| eval/              |          |
|    mean_ep_length  | 1e+03    |
|    mean_reward     | -12.2    |
| time/              |          |
|    total_timesteps | 350000   |
| train/             |          |
|    actor_loss      | 5.66     |
|    critic_loss     | 1.93     |
|    ent_coef        | 0.0178   |
|    ent_coef_loss   | 0.227    |
|    learning_rate   | 0.000219 |
|    n_updates       | 339992   |
---------------------------------
---------------------------------
| rollout/           |          |
|    ep_len_mean     | 1e+03    |
|    ep_rew_mean     | -28.3    |
| time/              |          |
|    episodes        | 504      |
|    fps             | 207      |
|    time_elapsed    | 1696     |
|    total_timesteps | 352104   |
| train/             |          |
|    actor_loss      | 5.87     |
|    critic_loss     | 0.751    |
|    ent_coef        | 0.0184   |
|    ent_coef_loss   | 0.00934  |
|    learning_rate   | 0.000216 |
|    n_updates       | 342096   |
---------------------------------
---------------------------------
| rollout/           |          |
|    ep_len_mean     | 1e+03    |
|    ep_rew_mean     | -29.8    |
| time/              |          |
|    episodes        | 508      |
|    fps             | 207      |
|    time_elapsed    | 1707     |
|    total_timesteps | 354464   |
| train/             |          |
|    actor_loss      | 6.18     |
|    critic_loss     | 1.69     |
|    ent_coef        | 0.0181   |
|    ent_coef_loss   | 0.195    |
|    learning_rate   | 0.000212 |
|    n_updates       | 344456   |
---------------------------------
Eval num_timesteps=360000, episode_reward=-28.16 +/- 23.87
Episode length: 1000.00 +/- 0.00
---------------------------------
| eval/              |          |
|    mean_ep_length  | 1e+03    |
|    mean_reward     | -28.2    |
| time/              |          |
|    total_timesteps | 360000   |
| train/             |          |
|    actor_loss      | 6.11     |
|    critic_loss     | 1.28     |
|    ent_coef        | 0.0172   |
|    ent_coef_loss   | -0.0125  |
|    learning_rate   | 0.000204 |
|    n_updates       | 349992   |
---------------------------------
---------------------------------
| rollout/           |          |
|    ep_len_mean     | 1e+03    |
|    ep_rew_mean     | -29.7    |
| time/              |          |
|    episodes        | 512      |
|    fps             | 207      |
|    time_elapsed    | 1736     |
|    total_timesteps | 360104   |
| train/             |          |
|    actor_loss      | 5.65     |
|    critic_loss     | 0.823    |
|    ent_coef        | 0.0172   |
|    ent_coef_loss   | -0.318   |
|    learning_rate   | 0.000204 |
|    n_updates       | 350096   |
---------------------------------
---------------------------------
| rollout/           |          |
|    ep_len_mean     | 1e+03    |
|    ep_rew_mean     | -30.5    |
| time/              |          |
|    episodes        | 516      |
|    fps             | 207      |
|    time_elapsed    | 1747     |
|    total_timesteps | 362464   |
| train/             |          |
|    actor_loss      | 5.33     |
|    critic_loss     | 1.12     |
|    ent_coef        | 0.0176   |
|    ent_coef_loss   | -0.079   |
|    learning_rate   | 0.000201 |
|    n_updates       | 352456   |
---------------------------------
---------------------------------
| rollout/           |          |
|    ep_len_mean     | 1e+03    |
|    ep_rew_mean     | -31      |
| time/              |          |
|    episodes        | 520      |
|    fps             | 207      |
|    time_elapsed    | 1772     |
|    total_timesteps | 368104   |
| train/             |          |
|    actor_loss      | 5.81     |
|    critic_loss     | 0.738    |
|    ent_coef        | 0.0176   |
|    ent_coef_loss   | -0.211   |
|    learning_rate   | 0.000193 |
|    n_updates       | 358096   |
---------------------------------
Eval num_timesteps=370000, episode_reward=-32.48 +/- 23.40
Episode length: 1000.00 +/- 0.00
---------------------------------
| eval/              |          |
|    mean_ep_length  | 1e+03    |
|    mean_reward     | -32.5    |
| time/              |          |
|    total_timesteps | 370000   |
| train/             |          |
|    actor_loss      | 6.63     |
|    critic_loss     | 0.776    |
|    ent_coef        | 0.0172   |
|    ent_coef_loss   | 0.209    |
|    learning_rate   | 0.00019  |
|    n_updates       | 359992   |
---------------------------------
---------------------------------
| rollout/           |          |
|    ep_len_mean     | 1e+03    |
|    ep_rew_mean     | -32.1    |
| time/              |          |
|    episodes        | 524      |
|    fps             | 207      |
|    time_elapsed    | 1787     |
|    total_timesteps | 370464   |
| train/             |          |
|    actor_loss      | 6.21     |
|    critic_loss     | 0.771    |
|    ent_coef        | 0.0173   |
|    ent_coef_loss   | -0.181   |
|    learning_rate   | 0.000189 |
|    n_updates       | 360456   |
---------------------------------
---------------------------------
| rollout/           |          |
|    ep_len_mean     | 1e+03    |
|    ep_rew_mean     | -33.1    |
| time/              |          |
|    episodes        | 528      |
|    fps             | 207      |
|    time_elapsed    | 1813     |
|    total_timesteps | 376104   |
| train/             |          |
|    actor_loss      | 5.27     |
|    critic_loss     | 1.35     |
|    ent_coef        | 0.0173   |
|    ent_coef_loss   | -0.4     |
|    learning_rate   | 0.000181 |
|    n_updates       | 366096   |
---------------------------------
---------------------------------
| rollout/           |          |
|    ep_len_mean     | 1e+03    |
|    ep_rew_mean     | -32.6    |
| time/              |          |
|    episodes        | 532      |
|    fps             | 207      |
|    time_elapsed    | 1824     |
|    total_timesteps | 378464   |
| train/             |          |
|    actor_loss      | 6.82     |
|    critic_loss     | 0.822    |
|    ent_coef        | 0.0176   |
|    ent_coef_loss   | -0.33    |
|    learning_rate   | 0.000177 |
|    n_updates       | 368456   |
---------------------------------
Eval num_timesteps=380000, episode_reward=-17.63 +/- 18.54
Episode length: 1000.00 +/- 0.00
---------------------------------
| eval/              |          |
|    mean_ep_length  | 1e+03    |
|    mean_reward     | -17.6    |
| time/              |          |
|    total_timesteps | 380000   |
| train/             |          |
|    actor_loss      | 6.54     |
|    critic_loss     | 0.641    |
|    ent_coef        | 0.0175   |
|    ent_coef_loss   | -0.0292  |
|    learning_rate   | 0.000175 |
|    n_updates       | 369992   |
---------------------------------
---------------------------------
| rollout/           |          |
|    ep_len_mean     | 1e+03    |
|    ep_rew_mean     | -31.3    |
| time/              |          |
|    episodes        | 536      |
|    fps             | 207      |
|    time_elapsed    | 1854     |
|    total_timesteps | 384104   |
| train/             |          |
|    actor_loss      | 6.2      |
|    critic_loss     | 1.05     |
|    ent_coef        | 0.0174   |
|    ent_coef_loss   | 0.0539   |
|    learning_rate   | 0.000169 |
|    n_updates       | 374096   |
---------------------------------
---------------------------------
| rollout/           |          |
|    ep_len_mean     | 1e+03    |
|    ep_rew_mean     | -31.5    |
| time/              |          |
|    episodes        | 540      |
|    fps             | 207      |
|    time_elapsed    | 1865     |
|    total_timesteps | 386464   |
| train/             |          |
|    actor_loss      | 5.74     |
|    critic_loss     | 0.939    |
|    ent_coef        | 0.0173   |
|    ent_coef_loss   | 0.407    |
|    learning_rate   | 0.000166 |
|    n_updates       | 376456   |
---------------------------------
Eval num_timesteps=390000, episode_reward=-21.12 +/- 12.71
Episode length: 1000.00 +/- 0.00
---------------------------------
| eval/              |          |
|    mean_ep_length  | 1e+03    |
|    mean_reward     | -21.1    |
| time/              |          |
|    total_timesteps | 390000   |
| train/             |          |
|    actor_loss      | 6.07     |
|    critic_loss     | 0.807    |
|    ent_coef        | 0.0168   |
|    ent_coef_loss   | -0.0595  |
|    learning_rate   | 0.000161 |
|    n_updates       | 379992   |
---------------------------------
---------------------------------
| rollout/           |          |
|    ep_len_mean     | 1e+03    |
|    ep_rew_mean     | -30.5    |
| time/              |          |
|    episodes        | 544      |
|    fps             | 206      |
|    time_elapsed    | 1895     |
|    total_timesteps | 392104   |
| train/             |          |
|    actor_loss      | 5.9      |
|    critic_loss     | 0.911    |
|    ent_coef        | 0.0171   |
|    ent_coef_loss   | 0.435    |
|    learning_rate   | 0.000158 |
|    n_updates       | 382096   |
---------------------------------
---------------------------------
| rollout/           |          |
|    ep_len_mean     | 1e+03    |
|    ep_rew_mean     | -29.3    |
| time/              |          |
|    episodes        | 548      |
|    fps             | 206      |
|    time_elapsed    | 1906     |
|    total_timesteps | 394464   |
| train/             |          |
|    actor_loss      | 6.46     |
|    critic_loss     | 2.51     |
|    ent_coef        | 0.018    |
|    ent_coef_loss   | -0.0353  |
|    learning_rate   | 0.000154 |
|    n_updates       | 384456   |
---------------------------------
Eval num_timesteps=400000, episode_reward=-24.97 +/- 22.41
Episode length: 1000.00 +/- 0.00
---------------------------------
| eval/              |          |
|    mean_ep_length  | 1e+03    |
|    mean_reward     | -25      |
| time/              |          |
|    total_timesteps | 400000   |
| train/             |          |
|    actor_loss      | 5.98     |
|    critic_loss     | 1.47     |
|    ent_coef        | 0.017    |
|    ent_coef_loss   | 0.417    |
|    learning_rate   | 0.000146 |
|    n_updates       | 389992   |
---------------------------------
---------------------------------
| rollout/           |          |
|    ep_len_mean     | 1e+03    |
|    ep_rew_mean     | -28.2    |
| time/              |          |
|    episodes        | 552      |
|    fps             | 206      |
|    time_elapsed    | 1936     |
|    total_timesteps | 400104   |
| train/             |          |
|    actor_loss      | 6.43     |
|    critic_loss     | 2.66     |
|    ent_coef        | 0.017    |
|    ent_coef_loss   | -0.206   |
|    learning_rate   | 0.000146 |
|    n_updates       | 390096   |
---------------------------------
---------------------------------
| rollout/           |          |
|    ep_len_mean     | 1e+03    |
|    ep_rew_mean     | -26.6    |
| time/              |          |
|    episodes        | 556      |
|    fps             | 206      |
|    time_elapsed    | 1947     |
|    total_timesteps | 402464   |
| train/             |          |
|    actor_loss      | 6.06     |
|    critic_loss     | 1.01     |
|    ent_coef        | 0.0175   |
|    ent_coef_loss   | -0.148   |
|    learning_rate   | 0.000142 |
|    n_updates       | 392456   |
---------------------------------
---------------------------------
| rollout/           |          |
|    ep_len_mean     | 1e+03    |
|    ep_rew_mean     | -25.7    |
| time/              |          |
|    episodes        | 560      |
|    fps             | 206      |
|    time_elapsed    | 1973     |
|    total_timesteps | 408104   |
| train/             |          |
|    actor_loss      | 5.66     |
|    critic_loss     | 1.67     |
|    ent_coef        | 0.017    |
|    ent_coef_loss   | -0.342   |
|    learning_rate   | 0.000134 |
|    n_updates       | 398096   |
---------------------------------
Eval num_timesteps=410000, episode_reward=-33.56 +/- 23.77
Episode length: 1000.00 +/- 0.00
---------------------------------
| eval/              |          |
|    mean_ep_length  | 1e+03    |
|    mean_reward     | -33.6    |
| time/              |          |
|    total_timesteps | 410000   |
| train/             |          |
|    actor_loss      | 7.4      |
|    critic_loss     | 0.805    |
|    ent_coef        | 0.0167   |
|    ent_coef_loss   | 0.193    |
|    learning_rate   | 0.000131 |
|    n_updates       | 399992   |
---------------------------------
---------------------------------
| rollout/           |          |
|    ep_len_mean     | 1e+03    |
|    ep_rew_mean     | -25.6    |
| time/              |          |
|    episodes        | 564      |
|    fps             | 206      |
|    time_elapsed    | 1987     |
|    total_timesteps | 410464   |
| train/             |          |
|    actor_loss      | 5.73     |
|    critic_loss     | 3.29     |
|    ent_coef        | 0.0167   |
|    ent_coef_loss   | 0.231    |
|    learning_rate   | 0.000131 |
|    n_updates       | 400456   |
---------------------------------
---------------------------------
| rollout/           |          |
|    ep_len_mean     | 1e+03    |
|    ep_rew_mean     | -24.5    |
| time/              |          |
|    episodes        | 568      |
|    fps             | 206      |
|    time_elapsed    | 2014     |
|    total_timesteps | 416104   |
| train/             |          |
|    actor_loss      | 6.09     |
|    critic_loss     | 0.752    |
|    ent_coef        | 0.0167   |
|    ent_coef_loss   | 0.0691   |
|    learning_rate   | 0.000122 |
|    n_updates       | 406096   |
---------------------------------
---------------------------------
| rollout/           |          |
|    ep_len_mean     | 1e+03    |
|    ep_rew_mean     | -22.5    |
| time/              |          |
|    episodes        | 572      |
|    fps             | 206      |
|    time_elapsed    | 2025     |
|    total_timesteps | 418464   |
| train/             |          |
|    actor_loss      | 6.3      |
|    critic_loss     | 1        |
|    ent_coef        | 0.017    |
|    ent_coef_loss   | 0.126    |
|    learning_rate   | 0.000119 |
|    n_updates       | 408456   |
---------------------------------
Eval num_timesteps=420000, episode_reward=-23.73 +/- 18.28
Episode length: 1000.00 +/- 0.00
---------------------------------
| eval/              |          |
|    mean_ep_length  | 1e+03    |
|    mean_reward     | -23.7    |
| time/              |          |
|    total_timesteps | 420000   |
| train/             |          |
|    actor_loss      | 6.16     |
|    critic_loss     | 1.25     |
|    ent_coef        | 0.0173   |
|    ent_coef_loss   | 0.375    |
|    learning_rate   | 0.000117 |
|    n_updates       | 409992   |
---------------------------------
---------------------------------
| rollout/           |          |
|    ep_len_mean     | 1e+03    |
|    ep_rew_mean     | -22.2    |
| time/              |          |
|    episodes        | 576      |
|    fps             | 206      |
|    time_elapsed    | 2054     |
|    total_timesteps | 424104   |
| train/             |          |
|    actor_loss      | 6.54     |
|    critic_loss     | 4.85     |
|    ent_coef        | 0.0165   |
|    ent_coef_loss   | 0.0731   |
|    learning_rate   | 0.000111 |
|    n_updates       | 414096   |
---------------------------------
---------------------------------
| rollout/           |          |
|    ep_len_mean     | 1e+03    |
|    ep_rew_mean     | -21.4    |
| time/              |          |
|    episodes        | 580      |
|    fps             | 206      |
|    time_elapsed    | 2065     |
|    total_timesteps | 426464   |
| train/             |          |
|    actor_loss      | 6.31     |
|    critic_loss     | 1.41     |
|    ent_coef        | 0.0161   |
|    ent_coef_loss   | 0.49     |
|    learning_rate   | 0.000107 |
|    n_updates       | 416456   |
---------------------------------
Eval num_timesteps=430000, episode_reward=-5.58 +/- 24.30
Episode length: 1000.00 +/- 0.00
---------------------------------
| eval/              |          |
|    mean_ep_length  | 1e+03    |
|    mean_reward     | -5.58    |
| time/              |          |
|    total_timesteps | 430000   |
| train/             |          |
|    actor_loss      | 5.77     |
|    critic_loss     | 1.08     |
|    ent_coef        | 0.0165   |
|    ent_coef_loss   | -0.262   |
|    learning_rate   | 0.000102 |
|    n_updates       | 419992   |
---------------------------------
---------------------------------
| rollout/           |          |
|    ep_len_mean     | 1e+03    |
|    ep_rew_mean     | -21.5    |
| time/              |          |
|    episodes        | 584      |
|    fps             | 206      |
|    time_elapsed    | 2095     |
|    total_timesteps | 432104   |
| train/             |          |
|    actor_loss      | 6.54     |
|    critic_loss     | 0.812    |
|    ent_coef        | 0.0164   |
|    ent_coef_loss   | 0.131    |
|    learning_rate   | 9.91e-05 |
|    n_updates       | 422096   |
---------------------------------
---------------------------------
| rollout/           |          |
|    ep_len_mean     | 1e+03    |
|    ep_rew_mean     | -21.8    |
| time/              |          |
|    episodes        | 588      |
|    fps             | 206      |
|    time_elapsed    | 2106     |
|    total_timesteps | 434464   |
| train/             |          |
|    actor_loss      | 6.76     |
|    critic_loss     | 0.998    |
|    ent_coef        | 0.0163   |
|    ent_coef_loss   | -0.139   |
|    learning_rate   | 9.57e-05 |
|    n_updates       | 424456   |
---------------------------------
Eval num_timesteps=440000, episode_reward=-31.53 +/- 23.57
Episode length: 1000.00 +/- 0.00
---------------------------------
| eval/              |          |
|    mean_ep_length  | 1e+03    |
|    mean_reward     | -31.5    |
| time/              |          |
|    total_timesteps | 440000   |
| train/             |          |
|    actor_loss      | 6.05     |
|    critic_loss     | 0.7      |
|    ent_coef        | 0.0157   |
|    ent_coef_loss   | 0.0984   |
|    learning_rate   | 8.76e-05 |
|    n_updates       | 429992   |
---------------------------------
---------------------------------
| rollout/           |          |
|    ep_len_mean     | 1e+03    |
|    ep_rew_mean     | -22.8    |
| time/              |          |
|    episodes        | 592      |
|    fps             | 205      |
|    time_elapsed    | 2136     |
|    total_timesteps | 440104   |
| train/             |          |
|    actor_loss      | 6.75     |
|    critic_loss     | 0.718    |
|    ent_coef        | 0.0157   |
|    ent_coef_loss   | -0.0758  |
|    learning_rate   | 8.75e-05 |
|    n_updates       | 430096   |
---------------------------------
---------------------------------
| rollout/           |          |
|    ep_len_mean     | 1e+03    |
|    ep_rew_mean     | -23.4    |
| time/              |          |
|    episodes        | 596      |
|    fps             | 206      |
|    time_elapsed    | 2147     |
|    total_timesteps | 442464   |
| train/             |          |
|    actor_loss      | 6.68     |
|    critic_loss     | 0.666    |
|    ent_coef        | 0.0157   |
|    ent_coef_loss   | 0.0797   |
|    learning_rate   | 8.4e-05  |
|    n_updates       | 432456   |
---------------------------------
---------------------------------
| rollout/           |          |
|    ep_len_mean     | 1e+03    |
|    ep_rew_mean     | -23      |
| time/              |          |
|    episodes        | 600      |
|    fps             | 206      |
|    time_elapsed    | 2173     |
|    total_timesteps | 448104   |
| train/             |          |
|    actor_loss      | 6.18     |
|    critic_loss     | 0.709    |
|    ent_coef        | 0.0159   |
|    ent_coef_loss   | 0.247    |
|    learning_rate   | 7.58e-05 |
|    n_updates       | 438096   |
---------------------------------
Eval num_timesteps=450000, episode_reward=-23.99 +/- 22.42
Episode length: 1000.00 +/- 0.00
---------------------------------
| eval/              |          |
|    mean_ep_length  | 1e+03    |
|    mean_reward     | -24      |
| time/              |          |
|    total_timesteps | 450000   |
| train/             |          |
|    actor_loss      | 6.56     |
|    critic_loss     | 1.06     |
|    ent_coef        | 0.0161   |
|    ent_coef_loss   | -0.253   |
|    learning_rate   | 7.3e-05  |
|    n_updates       | 439992   |
---------------------------------
---------------------------------
| rollout/           |          |
|    ep_len_mean     | 1e+03    |
|    ep_rew_mean     | -23      |
| time/              |          |
|    episodes        | 604      |
|    fps             | 205      |
|    time_elapsed    | 2188     |
|    total_timesteps | 450464   |
| train/             |          |
|    actor_loss      | 6.93     |
|    critic_loss     | 1.11     |
|    ent_coef        | 0.0161   |
|    ent_coef_loss   | -0.0402  |
|    learning_rate   | 7.23e-05 |
|    n_updates       | 440456   |
---------------------------------
---------------------------------
| rollout/           |          |
|    ep_len_mean     | 1e+03    |
|    ep_rew_mean     | -22.2    |
| time/              |          |
|    episodes        | 608      |
|    fps             | 206      |
|    time_elapsed    | 2213     |
|    total_timesteps | 456104   |
| train/             |          |
|    actor_loss      | 6.42     |
|    critic_loss     | 0.931    |
|    ent_coef        | 0.016    |
|    ent_coef_loss   | 0.0881   |
|    learning_rate   | 6.41e-05 |
|    n_updates       | 446096   |
---------------------------------
---------------------------------
| rollout/           |          |
|    ep_len_mean     | 1e+03    |
|    ep_rew_mean     | -22.6    |
| time/              |          |
|    episodes        | 612      |
|    fps             | 206      |
|    time_elapsed    | 2224     |
|    total_timesteps | 458464   |
| train/             |          |
|    actor_loss      | 5.7      |
|    critic_loss     | 0.851    |
|    ent_coef        | 0.0165   |
|    ent_coef_loss   | -0.314   |
|    learning_rate   | 6.07e-05 |
|    n_updates       | 448456   |
---------------------------------
Eval num_timesteps=460000, episode_reward=-28.50 +/- 19.45
Episode length: 1000.00 +/- 0.00
---------------------------------
| eval/              |          |
|    mean_ep_length  | 1e+03    |
|    mean_reward     | -28.5    |
| time/              |          |
|    total_timesteps | 460000   |
| train/             |          |
|    actor_loss      | 6.63     |
|    critic_loss     | 0.667    |
|    ent_coef        | 0.0162   |
|    ent_coef_loss   | -0.132   |
|    learning_rate   | 5.84e-05 |
|    n_updates       | 449992   |
---------------------------------
---------------------------------
| rollout/           |          |
|    ep_len_mean     | 1e+03    |
|    ep_rew_mean     | -22.7    |
| time/              |          |
|    episodes        | 616      |
|    fps             | 205      |
|    time_elapsed    | 2253     |
|    total_timesteps | 464104   |
| train/             |          |
|    actor_loss      | 6.9      |
|    critic_loss     | 0.722    |
|    ent_coef        | 0.0158   |
|    ent_coef_loss   | 0.0514   |
|    learning_rate   | 5.24e-05 |
|    n_updates       | 454096   |
---------------------------------
---------------------------------
| rollout/           |          |
|    ep_len_mean     | 1e+03    |
|    ep_rew_mean     | -20.7    |
| time/              |          |
|    episodes        | 620      |
|    fps             | 205      |
|    time_elapsed    | 2264     |
|    total_timesteps | 466464   |
| train/             |          |
|    actor_loss      | 5.97     |
|    critic_loss     | 0.837    |
|    ent_coef        | 0.0158   |
|    ent_coef_loss   | 0.0227   |
|    learning_rate   | 4.9e-05  |
|    n_updates       | 456456   |
---------------------------------
Eval num_timesteps=470000, episode_reward=-14.58 +/- 20.95
Episode length: 1000.00 +/- 0.00
---------------------------------
| eval/              |          |
|    mean_ep_length  | 1e+03    |
|    mean_reward     | -14.6    |
| time/              |          |
|    total_timesteps | 470000   |
| train/             |          |
|    actor_loss      | 6.18     |
|    critic_loss     | 0.683    |
|    ent_coef        | 0.0159   |
|    ent_coef_loss   | -0.249   |
|    learning_rate   | 4.38e-05 |
|    n_updates       | 459992   |
---------------------------------
---------------------------------
| rollout/           |          |
|    ep_len_mean     | 1e+03    |
|    ep_rew_mean     | -19.7    |
| time/              |          |
|    episodes        | 624      |
|    fps             | 205      |
|    time_elapsed    | 2293     |
|    total_timesteps | 472104   |
| train/             |          |
|    actor_loss      | 6.42     |
|    critic_loss     | 0.863    |
|    ent_coef        | 0.0161   |
|    ent_coef_loss   | 0.601    |
|    learning_rate   | 4.07e-05 |
|    n_updates       | 462096   |
---------------------------------
---------------------------------
| rollout/           |          |
|    ep_len_mean     | 1e+03    |
|    ep_rew_mean     | -18.2    |
| time/              |          |
|    episodes        | 628      |
|    fps             | 205      |
|    time_elapsed    | 2304     |
|    total_timesteps | 474464   |
| train/             |          |
|    actor_loss      | 6.8      |
|    critic_loss     | 1.36     |
|    ent_coef        | 0.016    |
|    ent_coef_loss   | -0.021   |
|    learning_rate   | 3.73e-05 |
|    n_updates       | 464456   |
---------------------------------
Eval num_timesteps=480000, episode_reward=-39.04 +/- 29.37
Episode length: 1000.00 +/- 0.00
---------------------------------
| eval/              |          |
|    mean_ep_length  | 1e+03    |
|    mean_reward     | -39      |
| time/              |          |
|    total_timesteps | 480000   |
| train/             |          |
|    actor_loss      | 6.29     |
|    critic_loss     | 2.23     |
|    ent_coef        | 0.0162   |
|    ent_coef_loss   | 0.252    |
|    learning_rate   | 2.92e-05 |
|    n_updates       | 469992   |
---------------------------------
---------------------------------
| rollout/           |          |
|    ep_len_mean     | 1e+03    |
|    ep_rew_mean     | -17.9    |
| time/              |          |
|    episodes        | 632      |
|    fps             | 205      |
|    time_elapsed    | 2334     |
|    total_timesteps | 480104   |
| train/             |          |
|    actor_loss      | 6.62     |
|    critic_loss     | 0.72     |
|    ent_coef        | 0.0162   |
|    ent_coef_loss   | -0.00852 |
|    learning_rate   | 2.91e-05 |
|    n_updates       | 470096   |
---------------------------------
---------------------------------
| rollout/           |          |
|    ep_len_mean     | 1e+03    |
|    ep_rew_mean     | -18      |
| time/              |          |
|    episodes        | 636      |
|    fps             | 205      |
|    time_elapsed    | 2345     |
|    total_timesteps | 482464   |
| train/             |          |
|    actor_loss      | 5.73     |
|    critic_loss     | 0.601    |
|    ent_coef        | 0.0162   |
|    ent_coef_loss   | 0.232    |
|    learning_rate   | 2.56e-05 |
|    n_updates       | 472456   |
---------------------------------
---------------------------------
| rollout/           |          |
|    ep_len_mean     | 1e+03    |
|    ep_rew_mean     | -18      |
| time/              |          |
|    episodes        | 640      |
|    fps             | 205      |
|    time_elapsed    | 2371     |
|    total_timesteps | 488104   |
| train/             |          |
|    actor_loss      | 7.79     |
|    critic_loss     | 1.97     |
|    ent_coef        | 0.0164   |
|    ent_coef_loss   | -0.205   |
|    learning_rate   | 1.74e-05 |
|    n_updates       | 478096   |
---------------------------------
Eval num_timesteps=490000, episode_reward=-30.91 +/- 24.24
Episode length: 1000.00 +/- 0.00
---------------------------------
| eval/              |          |
|    mean_ep_length  | 1e+03    |
|    mean_reward     | -30.9    |
| time/              |          |
|    total_timesteps | 490000   |
| train/             |          |
|    actor_loss      | 5.99     |
|    critic_loss     | 6.38     |
|    ent_coef        | 0.0163   |
|    ent_coef_loss   | -0.074   |
|    learning_rate   | 1.46e-05 |
|    n_updates       | 479992   |
---------------------------------
---------------------------------
| rollout/           |          |
|    ep_len_mean     | 1e+03    |
|    ep_rew_mean     | -18.7    |
| time/              |          |
|    episodes        | 644      |
|    fps             | 205      |
|    time_elapsed    | 2385     |
|    total_timesteps | 490464   |
| train/             |          |
|    actor_loss      | 6.59     |
|    critic_loss     | 0.692    |
|    ent_coef        | 0.0162   |
|    ent_coef_loss   | -0.04    |
|    learning_rate   | 1.39e-05 |
|    n_updates       | 480456   |
---------------------------------
---------------------------------
| rollout/           |          |
|    ep_len_mean     | 1e+03    |
|    ep_rew_mean     | -18.1    |
| time/              |          |
|    episodes        | 648      |
|    fps             | 205      |
|    time_elapsed    | 2412     |
|    total_timesteps | 496104   |
| train/             |          |
|    actor_loss      | 6.89     |
|    critic_loss     | 0.749    |
|    ent_coef        | 0.0162   |
|    ent_coef_loss   | 0.227    |
|    learning_rate   | 5.7e-06  |
|    n_updates       | 486096   |
---------------------------------
---------------------------------
| rollout/           |          |
|    ep_len_mean     | 1e+03    |
|    ep_rew_mean     | -18.5    |
| time/              |          |
|    episodes        | 652      |
|    fps             | 205      |
|    time_elapsed    | 2423     |
|    total_timesteps | 498464   |
| train/             |          |
|    actor_loss      | 7.4      |
|    critic_loss     | 0.727    |
|    ent_coef        | 0.0162   |
|    ent_coef_loss   | 0.0836   |
|    learning_rate   | 2.25e-06 |
|    n_updates       | 488456   |
---------------------------------
Eval num_timesteps=500000, episode_reward=-36.06 +/- 22.45
Episode length: 1000.00 +/- 0.00
---------------------------------
| eval/              |          |
|    mean_ep_length  | 1e+03    |
|    mean_reward     | -36.1    |
| time/              |          |
|    total_timesteps | 500000   |
| train/             |          |
|    actor_loss      | 6.31     |
|    critic_loss     | 1.85     |
|    ent_coef        | 0.0162   |
|    ent_coef_loss   | -0.127   |
|    learning_rate   | 1.17e-08 |
|    n_updates       | 489992   |
---------------------------------
Wrapping the env in a DummyVecEnv.
rbf_192 after training: mean_reward=-24.78 +/- 13.58

=== Training variant: sac_rbf_matched ===
/home/leopold/anaconda3/envs/sac_sb3_demo/lib/python3.12/site-packages/pygame/pkgdata.py:25: UserWarning: pkg_resources is deprecated as an API. See https://setuptools.pypa.io/en/latest/pkg_resources.html. The pkg_resources package is slated for removal as early as 2025-11-30. Refrain from using this package or pin to Setuptools<81.
  from pkg_resources import resource_stream, resource_exists
/home/leopold/anaconda3/envs/sac_sb3_demo/lib/python3.12/site-packages/pygame/pkgdata.py:25: UserWarning: pkg_resources is deprecated as an API. See https://setuptools.pypa.io/en/latest/pkg_resources.html. The pkg_resources package is slated for removal as early as 2025-11-30. Refrain from using this package or pin to Setuptools<81.
  from pkg_resources import resource_stream, resource_exists
/home/leopold/anaconda3/envs/sac_sb3_demo/lib/python3.12/site-packages/pygame/pkgdata.py:25: UserWarning: pkg_resources is deprecated as an API. See https://setuptools.pypa.io/en/latest/pkg_resources.html. The pkg_resources package is slated for removal as early as 2025-11-30. Refrain from using this package or pin to Setuptools<81.
  from pkg_resources import resource_stream, resource_exists
/home/leopold/anaconda3/envs/sac_sb3_demo/lib/python3.12/site-packages/pygame/pkgdata.py:25: UserWarning: pkg_resources is deprecated as an API. See https://setuptools.pypa.io/en/latest/pkg_resources.html. The pkg_resources package is slated for removal as early as 2025-11-30. Refrain from using this package or pin to Setuptools<81.
  from pkg_resources import resource_stream, resource_exists
/home/leopold/anaconda3/envs/sac_sb3_demo/lib/python3.12/site-packages/pygame/pkgdata.py:25: UserWarning: pkg_resources is deprecated as an API. See https://setuptools.pypa.io/en/latest/pkg_resources.html. The pkg_resources package is slated for removal as early as 2025-11-30. Refrain from using this package or pin to Setuptools<81.
  from pkg_resources import resource_stream, resource_exists
/home/leopold/anaconda3/envs/sac_sb3_demo/lib/python3.12/site-packages/pygame/pkgdata.py:25: UserWarning: pkg_resources is deprecated as an API. See https://setuptools.pypa.io/en/latest/pkg_resources.html. The pkg_resources package is slated for removal as early as 2025-11-30. Refrain from using this package or pin to Setuptools<81.
  from pkg_resources import resource_stream, resource_exists
/home/leopold/anaconda3/envs/sac_sb3_demo/lib/python3.12/site-packages/pygame/pkgdata.py:25: UserWarning: pkg_resources is deprecated as an API. See https://setuptools.pypa.io/en/latest/pkg_resources.html. The pkg_resources package is slated for removal as early as 2025-11-30. Refrain from using this package or pin to Setuptools<81.
  from pkg_resources import resource_stream, resource_exists
/home/leopold/anaconda3/envs/sac_sb3_demo/lib/python3.12/site-packages/pygame/pkgdata.py:25: UserWarning: pkg_resources is deprecated as an API. See https://setuptools.pypa.io/en/latest/pkg_resources.html. The pkg_resources package is slated for removal as early as 2025-11-30. Refrain from using this package or pin to Setuptools<81.
  from pkg_resources import resource_stream, resource_exists
Using cuda device
sac_rbf_matched before training: mean_reward=-315.28 +/- 88.05
Logging to runs/lunarlander_sac_rbf/sac-rbf-20260727_222807-seed123/rbf_match_1
/home/leopold/anaconda3/envs/sac_sb3_demo/lib/python3.12/site-packages/stable_baselines3/common/callbacks.py:418: UserWarning: Training and eval env are not of the same type<stable_baselines3.common.vec_env.subproc_vec_env.SubprocVecEnv object at 0x71e021054ce0> != <stable_baselines3.common.vec_env.dummy_vec_env.DummyVecEnv object at 0x71e0210f4d10>
  warnings.warn("Training and eval env are not of the same type" f"{self.training_env} != {self.eval_env}")
---------------------------------
| rollout/           |          |
|    ep_len_mean     | 86.2     |
|    ep_rew_mean     | -288     |
| time/              |          |
|    episodes        | 4        |
|    fps             | 7711     |
|    time_elapsed    | 0        |
|    total_timesteps | 712      |
---------------------------------
---------------------------------
| rollout/           |          |
|    ep_len_mean     | 95.5     |
|    ep_rew_mean     | -268     |
| time/              |          |
|    episodes        | 8        |
|    fps             | 7968     |
|    time_elapsed    | 0        |
|    total_timesteps | 960      |
---------------------------------
---------------------------------
| rollout/           |          |
|    ep_len_mean     | 93.2     |
|    ep_rew_mean     | -241     |
| time/              |          |
|    episodes        | 12       |
|    fps             | 8221     |
|    time_elapsed    | 0        |
|    total_timesteps | 1544     |
---------------------------------
---------------------------------
| rollout/           |          |
|    ep_len_mean     | 94       |
|    ep_rew_mean     | -240     |
| time/              |          |
|    episodes        | 16       |
|    fps             | 8627     |
|    time_elapsed    | 0        |
|    total_timesteps | 1960     |
---------------------------------
---------------------------------
| rollout/           |          |
|    ep_len_mean     | 97.8     |
|    ep_rew_mean     | -237     |
| time/              |          |
|    episodes        | 20       |
|    fps             | 8957     |
|    time_elapsed    | 0        |
|    total_timesteps | 2464     |
---------------------------------
---------------------------------
| rollout/           |          |
|    ep_len_mean     | 99.2     |
|    ep_rew_mean     | -239     |
| time/              |          |
|    episodes        | 24       |
|    fps             | 9226     |
|    time_elapsed    | 0        |
|    total_timesteps | 2824     |
---------------------------------
---------------------------------
| rollout/           |          |
|    ep_len_mean     | 102      |
|    ep_rew_mean     | -239     |
| time/              |          |
|    episodes        | 28       |
|    fps             | 9622     |
|    time_elapsed    | 0        |
|    total_timesteps | 3360     |
---------------------------------
---------------------------------
| rollout/           |          |
|    ep_len_mean     | 104      |
|    ep_rew_mean     | -240     |
| time/              |          |
|    episodes        | 32       |
|    fps             | 9660     |
|    time_elapsed    | 0        |
|    total_timesteps | 3568     |
---------------------------------
---------------------------------
| rollout/           |          |
|    ep_len_mean     | 103      |
|    ep_rew_mean     | -226     |
| time/              |          |
|    episodes        | 36       |
|    fps             | 9950     |
|    time_elapsed    | 0        |
|    total_timesteps | 4120     |
---------------------------------
---------------------------------
| rollout/           |          |
|    ep_len_mean     | 102      |
|    ep_rew_mean     | -220     |
| time/              |          |
|    episodes        | 40       |
|    fps             | 10002    |
|    time_elapsed    | 0        |
|    total_timesteps | 4344     |
---------------------------------
---------------------------------
| rollout/           |          |
|    ep_len_mean     | 103      |
|    ep_rew_mean     | -223     |
| time/              |          |
|    episodes        | 44       |
|    fps             | 10273    |
|    time_elapsed    | 0        |
|    total_timesteps | 4992     |
---------------------------------
---------------------------------
| rollout/           |          |
|    ep_len_mean     | 103      |
|    ep_rew_mean     | -216     |
| time/              |          |
|    episodes        | 48       |
|    fps             | 10409    |
|    time_elapsed    | 0        |
|    total_timesteps | 5272     |
---------------------------------
---------------------------------
| rollout/           |          |
|    ep_len_mean     | 102      |
|    ep_rew_mean     | -206     |
| time/              |          |
|    episodes        | 52       |
|    fps             | 10494    |
|    time_elapsed    | 0        |
|    total_timesteps | 5584     |
---------------------------------
---------------------------------
| rollout/           |          |
|    ep_len_mean     | 103      |
|    ep_rew_mean     | -202     |
| time/              |          |
|    episodes        | 56       |
|    fps             | 10613    |
|    time_elapsed    | 0        |
|    total_timesteps | 6320     |
---------------------------------
---------------------------------
| rollout/           |          |
|    ep_len_mean     | 102      |
|    ep_rew_mean     | -203     |
| time/              |          |
|    episodes        | 60       |
|    fps             | 10686    |
|    time_elapsed    | 0        |
|    total_timesteps | 6520     |
---------------------------------
---------------------------------
| rollout/           |          |
|    ep_len_mean     | 104      |
|    ep_rew_mean     | -201     |
| time/              |          |
|    episodes        | 64       |
|    fps             | 10777    |
|    time_elapsed    | 0        |
|    total_timesteps | 7096     |
---------------------------------
---------------------------------
| rollout/           |          |
|    ep_len_mean     | 104      |
|    ep_rew_mean     | -206     |
| time/              |          |
|    episodes        | 68       |
|    fps             | 10860    |
|    time_elapsed    | 0        |
|    total_timesteps | 7472     |
---------------------------------
---------------------------------
| rollout/           |          |
|    ep_len_mean     | 104      |
|    ep_rew_mean     | -203     |
| time/              |          |
|    episodes        | 72       |
|    fps             | 10916    |
|    time_elapsed    | 0        |
|    total_timesteps | 7960     |
---------------------------------
---------------------------------
| rollout/           |          |
|    ep_len_mean     | 105      |
|    ep_rew_mean     | -198     |
| time/              |          |
|    episodes        | 76       |
|    fps             | 10877    |
|    time_elapsed    | 0        |
|    total_timesteps | 8216     |
---------------------------------
---------------------------------
| rollout/           |          |
|    ep_len_mean     | 104      |
|    ep_rew_mean     | -195     |
| time/              |          |
|    episodes        | 80       |
|    fps             | 10883    |
|    time_elapsed    | 0        |
|    total_timesteps | 8784     |
---------------------------------
---------------------------------
| rollout/           |          |
|    ep_len_mean     | 104      |
|    ep_rew_mean     | -199     |
| time/              |          |
|    episodes        | 84       |
|    fps             | 10892    |
|    time_elapsed    | 0        |
|    total_timesteps | 9056     |
---------------------------------
---------------------------------
| rollout/           |          |
|    ep_len_mean     | 105      |
|    ep_rew_mean     | -200     |
| time/              |          |
|    episodes        | 88       |
|    fps             | 10952    |
|    time_elapsed    | 0        |
|    total_timesteps | 9552     |
---------------------------------
Eval num_timesteps=10000, episode_reward=-314.95 +/- 67.61
Episode length: 111.00 +/- 26.42
---------------------------------
| eval/              |          |
|    mean_ep_length  | 111      |
|    mean_reward     | -315     |
| time/              |          |
|    total_timesteps | 10000    |
---------------------------------
New best mean reward!
---------------------------------
| rollout/           |          |
|    ep_len_mean     | 106      |
|    ep_rew_mean     | -200     |
| time/              |          |
|    episodes        | 92       |
|    fps             | 7664     |
|    time_elapsed    | 1        |
|    total_timesteps | 10008    |
---------------------------------
---------------------------------
| rollout/           |          |
|    ep_len_mean     | 106      |
|    ep_rew_mean     | -198     |
| time/              |          |
|    episodes        | 96       |
|    fps             | 359      |
|    time_elapsed    | 29       |
|    total_timesteps | 10640    |
| train/             |          |
|    actor_loss      | 1.55     |
|    critic_loss     | 64.6     |
|    ent_coef        | 0.644    |
|    ent_coef_loss   | -1.25    |
|    learning_rate   | 0.000714 |
|    n_updates       | 632      |
---------------------------------
---------------------------------
| rollout/           |          |
|    ep_len_mean     | 107      |
|    ep_rew_mean     | -200     |
| time/              |          |
|    episodes        | 100      |
|    fps             | 204      |
|    time_elapsed    | 54       |
|    total_timesteps | 11200    |
| train/             |          |
|    actor_loss      | 3.69     |
|    critic_loss     | 62.2     |
|    ent_coef        | 0.458    |
|    ent_coef_loss   | -1.65    |
|    learning_rate   | 0.000714 |
|    n_updates       | 1192     |
---------------------------------
---------------------------------
| rollout/           |          |
|    ep_len_mean     | 109      |
|    ep_rew_mean     | -194     |
| time/              |          |
|    episodes        | 104      |
|    fps             | 126      |
|    time_elapsed    | 96       |
|    total_timesteps | 12128    |
| train/             |          |
|    actor_loss      | 3.29     |
|    critic_loss     | 42.3     |
|    ent_coef        | 0.281    |
|    ent_coef_loss   | -1.71    |
|    learning_rate   | 0.000712 |
|    n_updates       | 2120     |
---------------------------------
---------------------------------
| rollout/           |          |
|    ep_len_mean     | 110      |
|    ep_rew_mean     | -194     |
| time/              |          |
|    episodes        | 108      |
|    fps             | 106      |
|    time_elapsed    | 118      |
|    total_timesteps | 12624    |
| train/             |          |
|    actor_loss      | 1.98     |
|    critic_loss     | 39.6     |
|    ent_coef        | 0.226    |
|    ent_coef_loss   | -1.32    |
|    learning_rate   | 0.000712 |
|    n_updates       | 2616     |
---------------------------------
---------------------------------
| rollout/           |          |
|    ep_len_mean     | 114      |
|    ep_rew_mean     | -195     |
| time/              |          |
|    episodes        | 112      |
|    fps             | 94       |
|    time_elapsed    | 138      |
|    total_timesteps | 13064    |
| train/             |          |
|    actor_loss      | 2.76     |
|    critic_loss     | 29       |
|    ent_coef        | 0.194    |
|    ent_coef_loss   | -1.28    |
|    learning_rate   | 0.000711 |
|    n_updates       | 3056     |
---------------------------------
---------------------------------
| rollout/           |          |
|    ep_len_mean     | 119      |
|    ep_rew_mean     | -190     |
| time/              |          |
|    episodes        | 116      |
|    fps             | 69       |
|    time_elapsed    | 209      |
|    total_timesteps | 14664    |
| train/             |          |
|    actor_loss      | -4.05    |
|    critic_loss     | 35.4     |
|    ent_coef        | 0.15     |
|    ent_coef_loss   | -0.222   |
|    learning_rate   | 0.000709 |
|    n_updates       | 4656     |
---------------------------------
---------------------------------
| rollout/           |          |
|    ep_len_mean     | 127      |
|    ep_rew_mean     | -187     |
| time/              |          |
|    episodes        | 120      |
|    fps             | 57       |
|    time_elapsed    | 282      |
|    total_timesteps | 16304    |
| train/             |          |
|    actor_loss      | -6.18    |
|    critic_loss     | 27.7     |
|    ent_coef        | 0.129    |
|    ent_coef_loss   | -0.0888  |
|    learning_rate   | 0.000706 |
|    n_updates       | 6296     |
---------------------------------
---------------------------------
| rollout/           |          |
|    ep_len_mean     | 135      |
|    ep_rew_mean     | -183     |
| time/              |          |
|    episodes        | 124      |
|    fps             | 51       |
|    time_elapsed    | 341      |
|    total_timesteps | 17616    |
| train/             |          |
|    actor_loss      | -9.29    |
|    critic_loss     | 36.5     |
|    ent_coef        | 0.114    |
|    ent_coef_loss   | 0.115    |
|    learning_rate   | 0.000704 |
|    n_updates       | 7608     |
---------------------------------
---------------------------------
| rollout/           |          |
|    ep_len_mean     | 147      |
|    ep_rew_mean     | -182     |
| time/              |          |
|    episodes        | 128      |
|    fps             | 48       |
|    time_elapsed    | 385      |
|    total_timesteps | 18592    |
| train/             |          |
|    actor_loss      | -8.11    |
|    critic_loss     | 19.5     |
|    ent_coef        | 0.104    |
|    ent_coef_loss   | -0.593   |
|    learning_rate   | 0.000703 |
|    n_updates       | 8584     |
---------------------------------
Eval num_timesteps=20000, episode_reward=-206.96 +/- 48.10
Episode length: 433.60 +/- 290.54
---------------------------------
| eval/              |          |
|    mean_ep_length  | 434      |
|    mean_reward     | -207     |
| time/              |          |
|    total_timesteps | 20000    |
| train/             |          |
|    actor_loss      | -9.98    |
|    critic_loss     | 19.9     |
|    ent_coef        | 0.0952   |
|    ent_coef_loss   | -0.0383  |
|    learning_rate   | 0.000701 |
|    n_updates       | 9992     |
---------------------------------
New best mean reward!
---------------------------------
| rollout/           |          |
|    ep_len_mean     | 153      |
|    ep_rew_mean     | -179     |
| time/              |          |
|    episodes        | 132      |
|    fps             | 44       |
|    time_elapsed    | 455      |
|    total_timesteps | 20120    |
| train/             |          |
|    actor_loss      | -8.95    |
|    critic_loss     | 18.4     |
|    ent_coef        | 0.0945   |
|    ent_coef_loss   | -0.0231  |
|    learning_rate   | 0.000701 |
|    n_updates       | 10112    |
---------------------------------
---------------------------------
| rollout/           |          |
|    ep_len_mean     | 167      |
|    ep_rew_mean     | -181     |
| time/              |          |
|    episodes        | 136      |
|    fps             | 39       |
|    time_elapsed    | 578      |
|    total_timesteps | 22888    |
| train/             |          |
|    actor_loss      | -10.5    |
|    critic_loss     | 14.4     |
|    ent_coef        | 0.0799   |
|    ent_coef_loss   | 0.00925  |
|    learning_rate   | 0.000697 |
|    n_updates       | 12880    |
---------------------------------
----------------------------------
| rollout/           |           |
|    ep_len_mean     | 184       |
|    ep_rew_mean     | -182      |
| time/              |           |
|    episodes        | 140       |
|    fps             | 38        |
|    time_elapsed    | 618       |
|    total_timesteps | 23776     |
| train/             |           |
|    actor_loss      | -9.73     |
|    critic_loss     | 21.7      |
|    ent_coef        | 0.0844    |
|    ent_coef_loss   | -0.000407 |
|    learning_rate   | 0.000695  |
|    n_updates       | 13768     |
----------------------------------
---------------------------------
| rollout/           |          |
|    ep_len_mean     | 193      |
|    ep_rew_mean     | -180     |
| time/              |          |
|    episodes        | 144      |
|    fps             | 37       |
|    time_elapsed    | 667      |
|    total_timesteps | 24864    |
| train/             |          |
|    actor_loss      | -13.1    |
|    critic_loss     | 15.1     |
|    ent_coef        | 0.0847   |
|    ent_coef_loss   | 0.627    |
|    learning_rate   | 0.000694 |
|    n_updates       | 14856    |
---------------------------------
---------------------------------
| rollout/           |          |
|    ep_len_mean     | 198      |
|    ep_rew_mean     | -182     |
| time/              |          |
|    episodes        | 148      |
|    fps             | 35       |
|    time_elapsed    | 736      |
|    total_timesteps | 26408    |
| train/             |          |
|    actor_loss      | -16.6    |
|    critic_loss     | 19.1     |
|    ent_coef        | 0.0788   |
|    ent_coef_loss   | -0.00736 |
|    learning_rate   | 0.000691 |
|    n_updates       | 16400    |
---------------------------------
---------------------------------
| rollout/           |          |
|    ep_len_mean     | 208      |
|    ep_rew_mean     | -187     |
| time/              |          |
|    episodes        | 152      |
|    fps             | 34       |
|    time_elapsed    | 800      |
|    total_timesteps | 27832    |
| train/             |          |
|    actor_loss      | -19.7    |
|    critic_loss     | 24       |
|    ent_coef        | 0.0812   |
|    ent_coef_loss   | 0.193    |
|    learning_rate   | 0.000689 |
|    n_updates       | 17824    |
---------------------------------
Eval num_timesteps=30000, episode_reward=-148.07 +/- 40.06
Episode length: 752.30 +/- 308.43
---------------------------------
| eval/              |          |
|    mean_ep_length  | 752      |
|    mean_reward     | -148     |
| time/              |          |
|    total_timesteps | 30000    |
| train/             |          |
|    actor_loss      | -23.9    |
|    critic_loss     | 23.3     |
|    ent_coef        | 0.081    |
|    ent_coef_loss   | 0.155    |
|    learning_rate   | 0.000686 |
|    n_updates       | 19992    |
---------------------------------
New best mean reward!
---------------------------------
| rollout/           |          |
|    ep_len_mean     | 243      |
|    ep_rew_mean     | -185     |
| time/              |          |
|    episodes        | 156      |
|    fps             | 31       |
|    time_elapsed    | 1097     |
|    total_timesteps | 34408    |
| train/             |          |
|    actor_loss      | -37.3    |
|    critic_loss     | 60.4     |
|    ent_coef        | 0.0838   |
|    ent_coef_loss   | -0.235   |
|    learning_rate   | 0.00068  |
|    n_updates       | 24400    |
---------------------------------
---------------------------------
| rollout/           |          |
|    ep_len_mean     | 279      |
|    ep_rew_mean     | -179     |
| time/              |          |
|    episodes        | 160      |
|    fps             | 30       |
|    time_elapsed    | 1161     |
|    total_timesteps | 35832    |
| train/             |          |
|    actor_loss      | -44      |
|    critic_loss     | 26.9     |
|    ent_coef        | 0.083    |
|    ent_coef_loss   | 0.919    |
|    learning_rate   | 0.000678 |
|    n_updates       | 25824    |
---------------------------------
Eval num_timesteps=40000, episode_reward=-96.33 +/- 31.21
Episode length: 848.70 +/- 302.61
---------------------------------
| eval/              |          |
|    mean_ep_length  | 849      |
|    mean_reward     | -96.3    |
| time/              |          |
|    total_timesteps | 40000    |
| train/             |          |
|    actor_loss      | -58.4    |
|    critic_loss     | 12       |
|    ent_coef        | 0.0872   |
|    ent_coef_loss   | -0.373   |
|    learning_rate   | 0.000672 |
|    n_updates       | 29992    |
---------------------------------
New best mean reward!
---------------------------------
| rollout/           |          |
|    ep_len_mean     | 308      |
|    ep_rew_mean     | -175     |
| time/              |          |
|    episodes        | 164      |
|    fps             | 29       |
|    time_elapsed    | 1454     |
|    total_timesteps | 42328    |
| train/             |          |
|    actor_loss      | -60      |
|    critic_loss     | 20.7     |
|    ent_coef        | 0.0878   |
|    ent_coef_loss   | 0.197    |
|    learning_rate   | 0.000668 |
|    n_updates       | 32320    |
---------------------------------
---------------------------------
| rollout/           |          |
|    ep_len_mean     | 344      |
|    ep_rew_mean     | -166     |
| time/              |          |
|    episodes        | 168      |
|    fps             | 28       |
|    time_elapsed    | 1521     |
|    total_timesteps | 43832    |
| train/             |          |
|    actor_loss      | -64.2    |
|    critic_loss     | 19.8     |
|    ent_coef        | 0.0805   |
|    ent_coef_loss   | 0.0899   |
|    learning_rate   | 0.000666 |
|    n_updates       | 33824    |
---------------------------------
Eval num_timesteps=50000, episode_reward=-115.65 +/- 59.41
Episode length: 732.10 +/- 330.96
---------------------------------
| eval/              |          |
|    mean_ep_length  | 732      |
|    mean_reward     | -116     |
| time/              |          |
|    total_timesteps | 50000    |
| train/             |          |
|    actor_loss      | -71.4    |
|    critic_loss     | 28.6     |
|    ent_coef        | 0.0867   |
|    ent_coef_loss   | -0.683   |
|    learning_rate   | 0.000657 |
|    n_updates       | 39992    |
---------------------------------
---------------------------------
| rollout/           |          |
|    ep_len_mean     | 379      |
|    ep_rew_mean     | -162     |
| time/              |          |
|    episodes        | 172      |
|    fps             | 27       |
|    time_elapsed    | 1815     |
|    total_timesteps | 50328    |
| train/             |          |
|    actor_loss      | -71.8    |
|    critic_loss     | 18.4     |
|    ent_coef        | 0.0839   |
|    ent_coef_loss   | 0.00573  |
|    learning_rate   | 0.000657 |
|    n_updates       | 40320    |
---------------------------------
---------------------------------
| rollout/           |          |
|    ep_len_mean     | 414      |
|    ep_rew_mean     | -159     |
| time/              |          |
|    episodes        | 176      |
|    fps             | 27       |
|    time_elapsed    | 1882     |
|    total_timesteps | 51832    |
| train/             |          |
|    actor_loss      | -74.5    |
|    critic_loss     | 81.6     |
|    ent_coef        | 0.0862   |
|    ent_coef_loss   | -0.207   |
|    learning_rate   | 0.000654 |
|    n_updates       | 41824    |
---------------------------------
---------------------------------
| rollout/           |          |
|    ep_len_mean     | 445      |
|    ep_rew_mean     | -157     |
| time/              |          |
|    episodes        | 180      |
|    fps             | 27       |
|    time_elapsed    | 2095     |
|    total_timesteps | 56584    |
| train/             |          |
|    actor_loss      | -76.7    |
|    critic_loss     | 17.5     |
|    ent_coef        | 0.0841   |
|    ent_coef_loss   | 0.947    |
|    learning_rate   | 0.000647 |
|    n_updates       | 46576    |
---------------------------------
---------------------------------
| rollout/           |          |
|    ep_len_mean     | 474      |
|    ep_rew_mean     | -149     |
| time/              |          |
|    episodes        | 184      |
|    fps             | 26       |
|    time_elapsed    | 2205     |
|    total_timesteps | 59048    |
| train/             |          |
|    actor_loss      | -77.7    |
|    critic_loss     | 24.7     |
|    ent_coef        | 0.0917   |
|    ent_coef_loss   | -0.197   |
|    learning_rate   | 0.000644 |
|    n_updates       | 49040    |
---------------------------------
Eval num_timesteps=60000, episode_reward=-111.81 +/- 59.67
Episode length: 850.80 +/- 298.49
---------------------------------
| eval/              |          |
|    mean_ep_length  | 851      |
|    mean_reward     | -112     |
| time/              |          |
|    total_timesteps | 60000    |
| train/             |          |
|    actor_loss      | -79.6    |
|    critic_loss     | 4.58     |
|    ent_coef        | 0.093    |
|    ent_coef_loss   | -0.39    |
|    learning_rate   | 0.000642 |
|    n_updates       | 49992    |
---------------------------------
---------------------------------
| rollout/           |          |
|    ep_len_mean     | 498      |
|    ep_rew_mean     | -145     |
| time/              |          |
|    episodes        | 188      |
|    fps             | 26       |
|    time_elapsed    | 2384     |
|    total_timesteps | 62976    |
| train/             |          |
|    actor_loss      | -78      |
|    critic_loss     | 19       |
|    ent_coef        | 0.0821   |
|    ent_coef_loss   | -0.169   |
|    learning_rate   | 0.000638 |
|    n_updates       | 52968    |
---------------------------------
---------------------------------
| rollout/           |          |
|    ep_len_mean     | 528      |
|    ep_rew_mean     | -144     |
| time/              |          |
|    episodes        | 192      |
|    fps             | 26       |
|    time_elapsed    | 2455     |
|    total_timesteps | 64584    |
| train/             |          |
|    actor_loss      | -73.9    |
|    critic_loss     | 9.44     |
|    ent_coef        | 0.0863   |
|    ent_coef_loss   | -0.138   |
|    learning_rate   | 0.000636 |
|    n_updates       | 54576    |
---------------------------------
---------------------------------
| rollout/           |          |
|    ep_len_mean     | 556      |
|    ep_rew_mean     | -144     |
| time/              |          |
|    episodes        | 196      |
|    fps             | 25       |
|    time_elapsed    | 2696     |
|    total_timesteps | 69960    |
| train/             |          |
|    actor_loss      | -62.4    |
|    critic_loss     | 11.8     |
|    ent_coef        | 0.0661   |
|    ent_coef_loss   | 0.444    |
|    learning_rate   | 0.000628 |
|    n_updates       | 59952    |
---------------------------------
Eval num_timesteps=70000, episode_reward=-15.33 +/- 32.32
Episode length: 1000.00 +/- 0.00
---------------------------------
| eval/              |          |
|    mean_ep_length  | 1e+03    |
|    mean_reward     | -15.3    |
| time/              |          |
|    total_timesteps | 70000    |
| train/             |          |
|    actor_loss      | -63.2    |
|    critic_loss     | 15.4     |
|    ent_coef        | 0.0659   |
|    ent_coef_loss   | -0.0461  |
|    learning_rate   | 0.000628 |
|    n_updates       | 59992    |
---------------------------------
New best mean reward!
---------------------------------
| rollout/           |          |
|    ep_len_mean     | 592      |
|    ep_rew_mean     | -136     |
| time/              |          |
|    episodes        | 200      |
|    fps             | 25       |
|    time_elapsed    | 2818     |
|    total_timesteps | 72584    |
| train/             |          |
|    actor_loss      | -56.7    |
|    critic_loss     | 11.2     |
|    ent_coef        | 0.0642   |
|    ent_coef_loss   | 0.269    |
|    learning_rate   | 0.000624 |
|    n_updates       | 62576    |
---------------------------------
---------------------------------
| rollout/           |          |
|    ep_len_mean     | 626      |
|    ep_rew_mean     | -130     |
| time/              |          |
|    episodes        | 204      |
|    fps             | 25       |
|    time_elapsed    | 3058     |
|    total_timesteps | 77960    |
| train/             |          |
|    actor_loss      | -51.2    |
|    critic_loss     | 6.82     |
|    ent_coef        | 0.0581   |
|    ent_coef_loss   | 0.355    |
|    learning_rate   | 0.000616 |
|    n_updates       | 67952    |
---------------------------------
Eval num_timesteps=80000, episode_reward=-14.91 +/- 14.17
Episode length: 1000.00 +/- 0.00
---------------------------------
| eval/              |          |
|    mean_ep_length  | 1e+03    |
|    mean_reward     | -14.9    |
| time/              |          |
|    total_timesteps | 80000    |
| train/             |          |
|    actor_loss      | -46.4    |
|    critic_loss     | 7.34     |
|    ent_coef        | 0.0525   |
|    ent_coef_loss   | -0.203   |
|    learning_rate   | 0.000613 |
|    n_updates       | 69992    |
---------------------------------
New best mean reward!
---------------------------------
| rollout/           |          |
|    ep_len_mean     | 660      |
|    ep_rew_mean     | -121     |
| time/              |          |
|    episodes        | 208      |
|    fps             | 25       |
|    time_elapsed    | 3180     |
|    total_timesteps | 80584    |
| train/             |          |
|    actor_loss      | -45.2    |
|    critic_loss     | 8.52     |
|    ent_coef        | 0.0497   |
|    ent_coef_loss   | 0.483    |
|    learning_rate   | 0.000612 |
|    n_updates       | 70576    |
---------------------------------
---------------------------------
| rollout/           |          |
|    ep_len_mean     | 693      |
|    ep_rew_mean     | -114     |
| time/              |          |
|    episodes        | 212      |
|    fps             | 25       |
|    time_elapsed    | 3420     |
|    total_timesteps | 85960    |
| train/             |          |
|    actor_loss      | -39.6    |
|    critic_loss     | 7.94     |
|    ent_coef        | 0.0515   |
|    ent_coef_loss   | 0.687    |
|    learning_rate   | 0.000605 |
|    n_updates       | 75952    |
---------------------------------
---------------------------------
| rollout/           |          |
|    ep_len_mean     | 724      |
|    ep_rew_mean     | -111     |
| time/              |          |
|    episodes        | 216      |
|    fps             | 25       |
|    time_elapsed    | 3538     |
|    total_timesteps | 88584    |
| train/             |          |
|    actor_loss      | -37      |
|    critic_loss     | 6.5      |
|    ent_coef        | 0.0466   |
|    ent_coef_loss   | 0.204    |
|    learning_rate   | 0.000601 |
|    n_updates       | 78576    |
---------------------------------
Eval num_timesteps=90000, episode_reward=-10.98 +/- 13.84
Episode length: 1000.00 +/- 0.00
---------------------------------
| eval/              |          |
|    mean_ep_length  | 1e+03    |
|    mean_reward     | -11      |
| time/              |          |
|    total_timesteps | 90000    |
| train/             |          |
|    actor_loss      | -36.4    |
|    critic_loss     | 12       |
|    ent_coef        | 0.0442   |
|    ent_coef_loss   | 0.323    |
|    learning_rate   | 0.000599 |
|    n_updates       | 79992    |
---------------------------------
New best mean reward!
---------------------------------
| rollout/           |          |
|    ep_len_mean     | 752      |
|    ep_rew_mean     | -106     |
| time/              |          |
|    episodes        | 220      |
|    fps             | 24       |
|    time_elapsed    | 3782     |
|    total_timesteps | 93960    |
| train/             |          |
|    actor_loss      | -30.4    |
|    critic_loss     | 5.91     |
|    ent_coef        | 0.0421   |
|    ent_coef_loss   | 0.412    |
|    learning_rate   | 0.000593 |
|    n_updates       | 83952    |
---------------------------------
---------------------------------
| rollout/           |          |
|    ep_len_mean     | 779      |
|    ep_rew_mean     | -99.5    |
| time/              |          |
|    episodes        | 224      |
|    fps             | 24       |
|    time_elapsed    | 3899     |
|    total_timesteps | 96584    |
| train/             |          |
|    actor_loss      | -30.8    |
|    critic_loss     | 2.83     |
|    ent_coef        | 0.0452   |
|    ent_coef_loss   | -0.219   |
|    learning_rate   | 0.000589 |
|    n_updates       | 86576    |
---------------------------------
Eval num_timesteps=100000, episode_reward=-25.56 +/- 30.55
Episode length: 1000.00 +/- 0.00
---------------------------------
| eval/              |          |
|    mean_ep_length  | 1e+03    |
|    mean_reward     | -25.6    |
| time/              |          |
|    total_timesteps | 100000   |
| train/             |          |
|    actor_loss      | -26.3    |
|    critic_loss     | 3.65     |
|    ent_coef        | 0.0424   |
|    ent_coef_loss   | -0.327   |
|    learning_rate   | 0.000584 |
|    n_updates       | 89992    |
---------------------------------
---------------------------------
| rollout/           |          |
|    ep_len_mean     | 803      |
|    ep_rew_mean     | -91.6    |
| time/              |          |
|    episodes        | 228      |
|    fps             | 24       |
|    time_elapsed    | 4144     |
|    total_timesteps | 101960   |
| train/             |          |
|    actor_loss      | -25.5    |
|    critic_loss     | 4.63     |
|    ent_coef        | 0.0395   |
|    ent_coef_loss   | -0.276   |
|    learning_rate   | 0.000581 |
|    n_updates       | 91952    |
---------------------------------
---------------------------------
| rollout/           |          |
|    ep_len_mean     | 832      |
|    ep_rew_mean     | -84      |
| time/              |          |
|    episodes        | 232      |
|    fps             | 24       |
|    time_elapsed    | 4261     |
|    total_timesteps | 104584   |
| train/             |          |
|    actor_loss      | -23.9    |
|    critic_loss     | 3.37     |
|    ent_coef        | 0.037    |
|    ent_coef_loss   | -0.418   |
|    learning_rate   | 0.000577 |
|    n_updates       | 94576    |
---------------------------------
---------------------------------
| rollout/           |          |
|    ep_len_mean     | 854      |
|    ep_rew_mean     | -77.4    |
| time/              |          |
|    episodes        | 236      |
|    fps             | 24       |
|    time_elapsed    | 4502     |
|    total_timesteps | 109960   |
| train/             |          |
|    actor_loss      | -20.2    |
|    critic_loss     | 8.47     |
|    ent_coef        | 0.0313   |
|    ent_coef_loss   | -0.622   |
|    learning_rate   | 0.000569 |
|    n_updates       | 99952    |
---------------------------------
Eval num_timesteps=110000, episode_reward=-12.47 +/- 17.60
Episode length: 1000.00 +/- 0.00
---------------------------------
| eval/              |          |
|    mean_ep_length  | 1e+03    |
|    mean_reward     | -12.5    |
| time/              |          |
|    total_timesteps | 110000   |
| train/             |          |
|    actor_loss      | -19.2    |
|    critic_loss     | 3.8      |
|    ent_coef        | 0.0312   |
|    ent_coef_loss   | -0.615   |
|    learning_rate   | 0.000569 |
|    n_updates       | 99992    |
---------------------------------
---------------------------------
| rollout/           |          |
|    ep_len_mean     | 873      |
|    ep_rew_mean     | -70.1    |
| time/              |          |
|    episodes        | 240      |
|    fps             | 24       |
|    time_elapsed    | 4623     |
|    total_timesteps | 112584   |
| train/             |          |
|    actor_loss      | -18.9    |
|    critic_loss     | 4.99     |
|    ent_coef        | 0.03     |
|    ent_coef_loss   | -0.154   |
|    learning_rate   | 0.000566 |
|    n_updates       | 102576   |
---------------------------------
---------------------------------
| rollout/           |          |
|    ep_len_mean     | 900      |
|    ep_rew_mean     | -62.8    |
| time/              |          |
|    episodes        | 244      |
|    fps             | 24       |
|    time_elapsed    | 4863     |
|    total_timesteps | 117960   |
| train/             |          |
|    actor_loss      | -16.8    |
|    critic_loss     | 5.71     |
|    ent_coef        | 0.0308   |
|    ent_coef_loss   | -0.607   |
|    learning_rate   | 0.000558 |
|    n_updates       | 107952   |
---------------------------------
Eval num_timesteps=120000, episode_reward=-36.41 +/- 35.20
Episode length: 993.00 +/- 21.00
---------------------------------
| eval/              |          |
|    mean_ep_length  | 993      |
|    mean_reward     | -36.4    |
| time/              |          |
|    total_timesteps | 120000   |
| train/             |          |
|    actor_loss      | -16.8    |
|    critic_loss     | 1.44     |
|    ent_coef        | 0.0288   |
|    ent_coef_loss   | 1.24     |
|    learning_rate   | 0.000555 |
|    n_updates       | 109992   |
---------------------------------
---------------------------------
| rollout/           |          |
|    ep_len_mean     | 931      |
|    ep_rew_mean     | -56.4    |
| time/              |          |
|    episodes        | 248      |
|    fps             | 24       |
|    time_elapsed    | 4984     |
|    total_timesteps | 120584   |
| train/             |          |
|    actor_loss      | -15.4    |
|    critic_loss     | 3.92     |
|    ent_coef        | 0.0275   |
|    ent_coef_loss   | -0.505   |
|    learning_rate   | 0.000554 |
|    n_updates       | 110576   |
---------------------------------
---------------------------------
| rollout/           |          |
|    ep_len_mean     | 957      |
|    ep_rew_mean     | -47.9    |
| time/              |          |
|    episodes        | 252      |
|    fps             | 24       |
|    time_elapsed    | 5225     |
|    total_timesteps | 125960   |
| train/             |          |
|    actor_loss      | -14.5    |
|    critic_loss     | 7.81     |
|    ent_coef        | 0.0245   |
|    ent_coef_loss   | 0.711    |
|    learning_rate   | 0.000546 |
|    n_updates       | 115952   |
---------------------------------
---------------------------------
| rollout/           |          |
|    ep_len_mean     | 957      |
|    ep_rew_mean     | -44.3    |
| time/              |          |
|    episodes        | 256      |
|    fps             | 24       |
|    time_elapsed    | 5343     |
|    total_timesteps | 128584   |
| train/             |          |
|    actor_loss      | -11.5    |
|    critic_loss     | 3.26     |
|    ent_coef        | 0.0247   |
|    ent_coef_loss   | -0.0885  |
|    learning_rate   | 0.000542 |
|    n_updates       | 118576   |
---------------------------------
Eval num_timesteps=130000, episode_reward=-14.64 +/- 28.92
Episode length: 1000.00 +/- 0.00
---------------------------------
| eval/              |          |
|    mean_ep_length  | 1e+03    |
|    mean_reward     | -14.6    |
| time/              |          |
|    total_timesteps | 130000   |
| train/             |          |
|    actor_loss      | -12.3    |
|    critic_loss     | 2.07     |
|    ent_coef        | 0.0234   |
|    ent_coef_loss   | 0.0802   |
|    learning_rate   | 0.00054  |
|    n_updates       | 119992   |
---------------------------------
---------------------------------
| rollout/           |          |
|    ep_len_mean     | 957      |
|    ep_rew_mean     | -41.4    |
| time/              |          |
|    episodes        | 260      |
|    fps             | 23       |
|    time_elapsed    | 5587     |
|    total_timesteps | 133960   |
| train/             |          |
|    actor_loss      | -12.3    |
|    critic_loss     | 2.08     |
|    ent_coef        | 0.0218   |
|    ent_coef_loss   | -0.386   |
|    learning_rate   | 0.000534 |
|    n_updates       | 123952   |
---------------------------------
---------------------------------
| rollout/           |          |
|    ep_len_mean     | 964      |
|    ep_rew_mean     | -38      |
| time/              |          |
|    episodes        | 264      |
|    fps             | 23       |
|    time_elapsed    | 5705     |
|    total_timesteps | 136584   |
| train/             |          |
|    actor_loss      | -10.6    |
|    critic_loss     | 4.53     |
|    ent_coef        | 0.0223   |
|    ent_coef_loss   | -0.242   |
|    learning_rate   | 0.000531 |
|    n_updates       | 126576   |
---------------------------------
Eval num_timesteps=140000, episode_reward=-0.48 +/- 26.37
Episode length: 1000.00 +/- 0.00
---------------------------------
| eval/              |          |
|    mean_ep_length  | 1e+03    |
|    mean_reward     | -0.477   |
| time/              |          |
|    total_timesteps | 140000   |
| train/             |          |
|    actor_loss      | -10.1    |
|    critic_loss     | 3.43     |
|    ent_coef        | 0.0216   |
|    ent_coef_loss   | 0.747    |
|    learning_rate   | 0.000526 |
|    n_updates       | 129992   |
---------------------------------
New best mean reward!
---------------------------------
| rollout/           |          |
|    ep_len_mean     | 964      |
|    ep_rew_mean     | -36      |
| time/              |          |
|    episodes        | 268      |
|    fps             | 23       |
|    time_elapsed    | 5949     |
|    total_timesteps | 141960   |
| train/             |          |
|    actor_loss      | -11.3    |
|    critic_loss     | 2.37     |
|    ent_coef        | 0.0201   |
|    ent_coef_loss   | -0.469   |
|    learning_rate   | 0.000523 |
|    n_updates       | 131952   |
---------------------------------
---------------------------------
| rollout/           |          |
|    ep_len_mean     | 964      |
|    ep_rew_mean     | -33.5    |
| time/              |          |
|    episodes        | 272      |
|    fps             | 23       |
|    time_elapsed    | 6066     |
|    total_timesteps | 144584   |
| train/             |          |
|    actor_loss      | -11.1    |
|    critic_loss     | 1.8      |
|    ent_coef        | 0.0211   |
|    ent_coef_loss   | -0.872   |
|    learning_rate   | 0.000519 |
|    n_updates       | 134576   |
---------------------------------
---------------------------------
| rollout/           |          |
|    ep_len_mean     | 964      |
|    ep_rew_mean     | -32      |
| time/              |          |
|    episodes        | 276      |
|    fps             | 23       |
|    time_elapsed    | 6307     |
|    total_timesteps | 149960   |
| train/             |          |
|    actor_loss      | -8.42    |
|    critic_loss     | 2.69     |
|    ent_coef        | 0.0186   |
|    ent_coef_loss   | 0.63     |
|    learning_rate   | 0.000511 |
|    n_updates       | 139952   |
---------------------------------
Eval num_timesteps=150000, episode_reward=-4.51 +/- 22.46
Episode length: 1000.00 +/- 0.00
---------------------------------
| eval/              |          |
|    mean_ep_length  | 1e+03    |
|    mean_reward     | -4.51    |
| time/              |          |
|    total_timesteps | 150000   |
| train/             |          |
|    actor_loss      | -9.57    |
|    critic_loss     | 2.21     |
|    ent_coef        | 0.0188   |
|    ent_coef_loss   | 0.0128   |
|    learning_rate   | 0.000511 |
|    n_updates       | 139992   |
---------------------------------
---------------------------------
| rollout/           |          |
|    ep_len_mean     | 970      |
|    ep_rew_mean     | -29.2    |
| time/              |          |
|    episodes        | 280      |
|    fps             | 23       |
|    time_elapsed    | 6428     |
|    total_timesteps | 152584   |
| train/             |          |
|    actor_loss      | -8.91    |
|    critic_loss     | 3.71     |
|    ent_coef        | 0.0183   |
|    ent_coef_loss   | -0.76    |
|    learning_rate   | 0.000507 |
|    n_updates       | 142576   |
---------------------------------
---------------------------------
| rollout/           |          |
|    ep_len_mean     | 977      |
|    ep_rew_mean     | -26.7    |
| time/              |          |
|    episodes        | 284      |
|    fps             | 23       |
|    time_elapsed    | 6668     |
|    total_timesteps | 157960   |
| train/             |          |
|    actor_loss      | -8.98    |
|    critic_loss     | 1.78     |
|    ent_coef        | 0.018    |
|    ent_coef_loss   | 0.262    |
|    learning_rate   | 0.000499 |
|    n_updates       | 147952   |
---------------------------------
Eval num_timesteps=160000, episode_reward=-4.20 +/- 30.65
Episode length: 1000.00 +/- 0.00
---------------------------------
| eval/              |          |
|    mean_ep_length  | 1e+03    |
|    mean_reward     | -4.2     |
| time/              |          |
|    total_timesteps | 160000   |
| train/             |          |
|    actor_loss      | -8.83    |
|    critic_loss     | 1.86     |
|    ent_coef        | 0.0182   |
|    ent_coef_loss   | -0.349   |
|    learning_rate   | 0.000496 |
|    n_updates       | 149992   |
---------------------------------
---------------------------------
| rollout/           |          |
|    ep_len_mean     | 988      |
|    ep_rew_mean     | -22      |
| time/              |          |
|    episodes        | 288      |
|    fps             | 23       |
|    time_elapsed    | 6789     |
|    total_timesteps | 160584   |
| train/             |          |
|    actor_loss      | -9.52    |
|    critic_loss     | 1.38     |
|    ent_coef        | 0.0183   |
|    ent_coef_loss   | 0.425    |
|    learning_rate   | 0.000496 |
|    n_updates       | 150576   |
---------------------------------
---------------------------------
| rollout/           |          |
|    ep_len_mean     | 993      |
|    ep_rew_mean     | -16.5    |
| time/              |          |
|    episodes        | 292      |
|    fps             | 23       |
|    time_elapsed    | 7030     |
|    total_timesteps | 165960   |
| train/             |          |
|    actor_loss      | -7.97    |
|    critic_loss     | 0.944    |
|    ent_coef        | 0.0189   |
|    ent_coef_loss   | 0.209    |
|    learning_rate   | 0.000488 |
|    n_updates       | 155952   |
---------------------------------
---------------------------------
| rollout/           |          |
|    ep_len_mean     | 1e+03    |
|    ep_rew_mean     | -9.87    |
| time/              |          |
|    episodes        | 296      |
|    fps             | 23       |
|    time_elapsed    | 7147     |
|    total_timesteps | 168584   |
| train/             |          |
|    actor_loss      | -8.95    |
|    critic_loss     | 1.57     |
|    ent_coef        | 0.0163   |
|    ent_coef_loss   | -0.272   |
|    learning_rate   | 0.000484 |
|    n_updates       | 158576   |
---------------------------------
Eval num_timesteps=170000, episode_reward=9.17 +/- 18.30
Episode length: 1000.00 +/- 0.00
---------------------------------
| eval/              |          |
|    mean_ep_length  | 1e+03    |
|    mean_reward     | 9.17     |
| time/              |          |
|    total_timesteps | 170000   |
| train/             |          |
|    actor_loss      | -8.18    |
|    critic_loss     | 9.47     |
|    ent_coef        | 0.016    |
|    ent_coef_loss   | -0.59    |
|    learning_rate   | 0.000482 |
|    n_updates       | 159992   |
---------------------------------
New best mean reward!
---------------------------------
| rollout/           |          |
|    ep_len_mean     | 1e+03    |
|    ep_rew_mean     | -9.27    |
| time/              |          |
|    episodes        | 300      |
|    fps             | 23       |
|    time_elapsed    | 7392     |
|    total_timesteps | 173960   |
| train/             |          |
|    actor_loss      | -8.24    |
|    critic_loss     | 1.52     |
|    ent_coef        | 0.019    |
|    ent_coef_loss   | -1.19    |
|    learning_rate   | 0.000476 |
|    n_updates       | 163952   |
---------------------------------
---------------------------------
| rollout/           |          |
|    ep_len_mean     | 1e+03    |
|    ep_rew_mean     | -9.61    |
| time/              |          |
|    episodes        | 304      |
|    fps             | 23       |
|    time_elapsed    | 7509     |
|    total_timesteps | 176584   |
| train/             |          |
|    actor_loss      | -7.7     |
|    critic_loss     | 0.995    |
|    ent_coef        | 0.0174   |
|    ent_coef_loss   | -0.427   |
|    learning_rate   | 0.000472 |
|    n_updates       | 166576   |
---------------------------------
Eval num_timesteps=180000, episode_reward=-15.39 +/- 19.61
Episode length: 1000.00 +/- 0.00
---------------------------------
| eval/              |          |
|    mean_ep_length  | 1e+03    |
|    mean_reward     | -15.4    |
| time/              |          |
|    total_timesteps | 180000   |
| train/             |          |
|    actor_loss      | -7.53    |
|    critic_loss     | 2.92     |
|    ent_coef        | 0.0186   |
|    ent_coef_loss   | -0.71    |
|    learning_rate   | 0.000467 |
|    n_updates       | 169992   |
---------------------------------
---------------------------------
| rollout/           |          |
|    ep_len_mean     | 1e+03    |
|    ep_rew_mean     | -9.75    |
| time/              |          |
|    episodes        | 308      |
|    fps             | 23       |
|    time_elapsed    | 7753     |
|    total_timesteps | 181960   |
| train/             |          |
|    actor_loss      | -7.56    |
|    critic_loss     | 2.31     |
|    ent_coef        | 0.017    |
|    ent_coef_loss   | -0.214   |
|    learning_rate   | 0.000464 |
|    n_updates       | 171952   |
---------------------------------
---------------------------------
| rollout/           |          |
|    ep_len_mean     | 1e+03    |
|    ep_rew_mean     | -8.85    |
| time/              |          |
|    episodes        | 312      |
|    fps             | 23       |
|    time_elapsed    | 7871     |
|    total_timesteps | 184584   |
| train/             |          |
|    actor_loss      | -7.84    |
|    critic_loss     | 0.928    |
|    ent_coef        | 0.0167   |
|    ent_coef_loss   | 1.6      |
|    learning_rate   | 0.000461 |
|    n_updates       | 174576   |
---------------------------------
---------------------------------
| rollout/           |          |
|    ep_len_mean     | 1e+03    |
|    ep_rew_mean     | -7.88    |
| time/              |          |
|    episodes        | 316      |
|    fps             | 23       |
|    time_elapsed    | 8111     |
|    total_timesteps | 189960   |
| train/             |          |
|    actor_loss      | -5.68    |
|    critic_loss     | 4.17     |
|    ent_coef        | 0.0142   |
|    ent_coef_loss   | -0.441   |
|    learning_rate   | 0.000453 |
|    n_updates       | 179952   |
---------------------------------
Eval num_timesteps=190000, episode_reward=-2.11 +/- 17.61
Episode length: 1000.00 +/- 0.00
---------------------------------
| eval/              |          |
|    mean_ep_length  | 1e+03    |
|    mean_reward     | -2.11    |
| time/              |          |
|    total_timesteps | 190000   |
| train/             |          |
|    actor_loss      | -7.89    |
|    critic_loss     | 1.45     |
|    ent_coef        | 0.0141   |
|    ent_coef_loss   | -0.0861  |
|    learning_rate   | 0.000453 |
|    n_updates       | 179992   |
---------------------------------
---------------------------------
| rollout/           |          |
|    ep_len_mean     | 1e+03    |
|    ep_rew_mean     | -7.48    |
| time/              |          |
|    episodes        | 320      |
|    fps             | 23       |
|    time_elapsed    | 8233     |
|    total_timesteps | 192584   |
| train/             |          |
|    actor_loss      | -5.97    |
|    critic_loss     | 0.997    |
|    ent_coef        | 0.019    |
|    ent_coef_loss   | -0.0985  |
|    learning_rate   | 0.000449 |
|    n_updates       | 182576   |
---------------------------------
---------------------------------
| rollout/           |          |
|    ep_len_mean     | 1e+03    |
|    ep_rew_mean     | -7.8     |
| time/              |          |
|    episodes        | 324      |
|    fps             | 23       |
|    time_elapsed    | 8473     |
|    total_timesteps | 197960   |
| train/             |          |
|    actor_loss      | -5.34    |
|    critic_loss     | 2.03     |
|    ent_coef        | 0.0144   |
|    ent_coef_loss   | -0.452   |
|    learning_rate   | 0.000441 |
|    n_updates       | 187952   |
---------------------------------
Eval num_timesteps=200000, episode_reward=-26.03 +/- 41.14
Episode length: 1000.00 +/- 0.00
---------------------------------
| eval/              |          |
|    mean_ep_length  | 1e+03    |
|    mean_reward     | -26      |
| time/              |          |
|    total_timesteps | 200000   |
| train/             |          |
|    actor_loss      | -5.71    |
|    critic_loss     | 1.48     |
|    ent_coef        | 0.0144   |
|    ent_coef_loss   | -0.54    |
|    learning_rate   | 0.000438 |
|    n_updates       | 189992   |
---------------------------------
---------------------------------
| rollout/           |          |
|    ep_len_mean     | 1e+03    |
|    ep_rew_mean     | -7.7     |
| time/              |          |
|    episodes        | 328      |
|    fps             | 23       |
|    time_elapsed    | 8594     |
|    total_timesteps | 200584   |
| train/             |          |
|    actor_loss      | -5.76    |
|    critic_loss     | 2.21     |
|    ent_coef        | 0.0143   |
|    ent_coef_loss   | 0.607    |
|    learning_rate   | 0.000437 |
|    n_updates       | 190576   |
---------------------------------
---------------------------------
| rollout/           |          |
|    ep_len_mean     | 1e+03    |
|    ep_rew_mean     | -8.44    |
| time/              |          |
|    episodes        | 332      |
|    fps             | 23       |
|    time_elapsed    | 8835     |
|    total_timesteps | 205960   |
| train/             |          |
|    actor_loss      | -4.93    |
|    critic_loss     | 1.38     |
|    ent_coef        | 0.0146   |
|    ent_coef_loss   | -0.346   |
|    learning_rate   | 0.000429 |
|    n_updates       | 195952   |
---------------------------------
---------------------------------
| rollout/           |          |
|    ep_len_mean     | 1e+03    |
|    ep_rew_mean     | -8.32    |
| time/              |          |
|    episodes        | 336      |
|    fps             | 23       |
|    time_elapsed    | 8953     |
|    total_timesteps | 208584   |
| train/             |          |
|    actor_loss      | -4.76    |
|    critic_loss     | 1.94     |
|    ent_coef        | 0.0137   |
|    ent_coef_loss   | 0.0522   |
|    learning_rate   | 0.000425 |
|    n_updates       | 198576   |
---------------------------------
Eval num_timesteps=210000, episode_reward=-11.72 +/- 37.25
Episode length: 1000.00 +/- 0.00
---------------------------------
| eval/              |          |
|    mean_ep_length  | 1e+03    |
|    mean_reward     | -11.7    |
| time/              |          |
|    total_timesteps | 210000   |
| train/             |          |
|    actor_loss      | -4.55    |
|    critic_loss     | 0.822    |
|    ent_coef        | 0.0133   |
|    ent_coef_loss   | -0.225   |
|    learning_rate   | 0.000423 |
|    n_updates       | 199992   |
---------------------------------
---------------------------------
| rollout/           |          |
|    ep_len_mean     | 997      |
|    ep_rew_mean     | -11.1    |
| time/              |          |
|    episodes        | 340      |
|    fps             | 23       |
|    time_elapsed    | 9197     |
|    total_timesteps | 213960   |
| train/             |          |
|    actor_loss      | -4.15    |
|    critic_loss     | 0.958    |
|    ent_coef        | 0.0139   |
|    ent_coef_loss   | 0.735    |
|    learning_rate   | 0.000418 |
|    n_updates       | 203952   |
---------------------------------
---------------------------------
| rollout/           |          |
|    ep_len_mean     | 997      |
|    ep_rew_mean     | -10.4    |
| time/              |          |
|    episodes        | 344      |
|    fps             | 23       |
|    time_elapsed    | 9315     |
|    total_timesteps | 216584   |
| train/             |          |
|    actor_loss      | -4.76    |
|    critic_loss     | 4.1      |
|    ent_coef        | 0.0126   |
|    ent_coef_loss   | -0.598   |
|    learning_rate   | 0.000414 |
|    n_updates       | 206576   |
---------------------------------
Eval num_timesteps=220000, episode_reward=-27.38 +/- 41.01
Episode length: 979.40 +/- 61.80
---------------------------------
| eval/              |          |
|    mean_ep_length  | 979      |
|    mean_reward     | -27.4    |
| time/              |          |
|    total_timesteps | 220000   |
| train/             |          |
|    actor_loss      | -2.63    |
|    critic_loss     | 0.733    |
|    ent_coef        | 0.0113   |
|    ent_coef_loss   | 0.401    |
|    learning_rate   | 0.000409 |
|    n_updates       | 209992   |
---------------------------------
---------------------------------
| rollout/           |          |
|    ep_len_mean     | 997      |
|    ep_rew_mean     | -9.6     |
| time/              |          |
|    episodes        | 348      |
|    fps             | 23       |
|    time_elapsed    | 9559     |
|    total_timesteps | 221960   |
| train/             |          |
|    actor_loss      | -4.17    |
|    critic_loss     | 0.654    |
|    ent_coef        | 0.0119   |
|    ent_coef_loss   | -0.364   |
|    learning_rate   | 0.000406 |
|    n_updates       | 211952   |
---------------------------------
---------------------------------
| rollout/           |          |
|    ep_len_mean     | 997      |
|    ep_rew_mean     | -9.93    |
| time/              |          |
|    episodes        | 352      |
|    fps             | 23       |
|    time_elapsed    | 9676     |
|    total_timesteps | 224584   |
| train/             |          |
|    actor_loss      | -4.25    |
|    critic_loss     | 0.972    |
|    ent_coef        | 0.0116   |
|    ent_coef_loss   | -0.312   |
|    learning_rate   | 0.000402 |
|    n_updates       | 214576   |
---------------------------------
---------------------------------
| rollout/           |          |
|    ep_len_mean     | 997      |
|    ep_rew_mean     | -10.1    |
| time/              |          |
|    episodes        | 356      |
|    fps             | 23       |
|    time_elapsed    | 9917     |
|    total_timesteps | 229960   |
| train/             |          |
|    actor_loss      | -4.01    |
|    critic_loss     | 0.757    |
|    ent_coef        | 0.0119   |
|    ent_coef_loss   | -0.553   |
|    learning_rate   | 0.000394 |
|    n_updates       | 219952   |
---------------------------------
Eval num_timesteps=230000, episode_reward=1.03 +/- 17.03
Episode length: 1000.00 +/- 0.00
---------------------------------
| eval/              |          |
|    mean_ep_length  | 1e+03    |
|    mean_reward     | 1.03     |
| time/              |          |
|    total_timesteps | 230000   |
| train/             |          |
|    actor_loss      | -4.23    |
|    critic_loss     | 1.21     |
|    ent_coef        | 0.0119   |
|    ent_coef_loss   | 1.43     |
|    learning_rate   | 0.000394 |
|    n_updates       | 219992   |
---------------------------------
---------------------------------
| rollout/           |          |
|    ep_len_mean     | 997      |
|    ep_rew_mean     | -10.3    |
| time/              |          |
|    episodes        | 360      |
|    fps             | 23       |
|    time_elapsed    | 10038    |
|    total_timesteps | 232584   |
| train/             |          |
|    actor_loss      | -4.23    |
|    critic_loss     | 1.2      |
|    ent_coef        | 0.0136   |
|    ent_coef_loss   | -0.114   |
|    learning_rate   | 0.00039  |
|    n_updates       | 222576   |
---------------------------------
---------------------------------
| rollout/           |          |
|    ep_len_mean     | 997      |
|    ep_rew_mean     | -10.5    |
| time/              |          |
|    episodes        | 364      |
|    fps             | 23       |
|    time_elapsed    | 10279    |
|    total_timesteps | 237960   |
| train/             |          |
|    actor_loss      | -3.77    |
|    critic_loss     | 1.88     |
|    ent_coef        | 0.0131   |
|    ent_coef_loss   | 0.272    |
|    learning_rate   | 0.000383 |
|    n_updates       | 227952   |
---------------------------------
Eval num_timesteps=240000, episode_reward=-1.92 +/- 19.73
Episode length: 1000.00 +/- 0.00
---------------------------------
| eval/              |          |
|    mean_ep_length  | 1e+03    |
|    mean_reward     | -1.92    |
| time/              |          |
|    total_timesteps | 240000   |
| train/             |          |
|    actor_loss      | -3.06    |
|    critic_loss     | 0.72     |
|    ent_coef        | 0.0113   |
|    ent_coef_loss   | 0.189    |
|    learning_rate   | 0.00038  |
|    n_updates       | 229992   |
---------------------------------
---------------------------------
| rollout/           |          |
|    ep_len_mean     | 997      |
|    ep_rew_mean     | -9.64    |
| time/              |          |
|    episodes        | 368      |
|    fps             | 23       |
|    time_elapsed    | 10400    |
|    total_timesteps | 240584   |
| train/             |          |
|    actor_loss      | -3.95    |
|    critic_loss     | 1.55     |
|    ent_coef        | 0.0111   |
|    ent_coef_loss   | -0.612   |
|    learning_rate   | 0.000379 |
|    n_updates       | 230576   |
---------------------------------
---------------------------------
| rollout/           |          |
|    ep_len_mean     | 997      |
|    ep_rew_mean     | -10.5    |
| time/              |          |
|    episodes        | 372      |
|    fps             | 23       |
|    time_elapsed    | 10641    |
|    total_timesteps | 245960   |
| train/             |          |
|    actor_loss      | -5.02    |
|    critic_loss     | 1.18     |
|    ent_coef        | 0.011    |
|    ent_coef_loss   | 0.534    |
|    learning_rate   | 0.000371 |
|    n_updates       | 235952   |
---------------------------------
---------------------------------
| rollout/           |          |
|    ep_len_mean     | 997      |
|    ep_rew_mean     | -10.6    |
| time/              |          |
|    episodes        | 376      |
|    fps             | 23       |
|    time_elapsed    | 10758    |
|    total_timesteps | 248584   |
| train/             |          |
|    actor_loss      | -3.78    |
|    critic_loss     | 1.4      |
|    ent_coef        | 0.0115   |
|    ent_coef_loss   | -0.61    |
|    learning_rate   | 0.000367 |
|    n_updates       | 238576   |
---------------------------------
Eval num_timesteps=250000, episode_reward=8.18 +/- 16.62
Episode length: 1000.00 +/- 0.00
---------------------------------
| eval/              |          |
|    mean_ep_length  | 1e+03    |
|    mean_reward     | 8.18     |
| time/              |          |
|    total_timesteps | 250000   |
| train/             |          |
|    actor_loss      | -3.43    |
|    critic_loss     | 1.56     |
|    ent_coef        | 0.0107   |
|    ent_coef_loss   | -0.572   |
|    learning_rate   | 0.000365 |
|    n_updates       | 239992   |
---------------------------------
---------------------------------
| rollout/           |          |
|    ep_len_mean     | 997      |
|    ep_rew_mean     | -9.62    |
| time/              |          |
|    episodes        | 380      |
|    fps             | 23       |
|    time_elapsed    | 11003    |
|    total_timesteps | 253960   |
| train/             |          |
|    actor_loss      | -2.84    |
|    critic_loss     | 8.88     |
|    ent_coef        | 0.00975  |
|    ent_coef_loss   | -0.665   |
|    learning_rate   | 0.000359 |
|    n_updates       | 243952   |
---------------------------------
---------------------------------
| rollout/           |          |
|    ep_len_mean     | 997      |
|    ep_rew_mean     | -10.2    |
| time/              |          |
|    episodes        | 384      |
|    fps             | 23       |
|    time_elapsed    | 11120    |
|    total_timesteps | 256584   |
| train/             |          |
|    actor_loss      | -3.8     |
|    critic_loss     | 1.38     |
|    ent_coef        | 0.0103   |
|    ent_coef_loss   | -0.193   |
|    learning_rate   | 0.000355 |
|    n_updates       | 246576   |
---------------------------------
Eval num_timesteps=260000, episode_reward=-7.84 +/- 16.98
Episode length: 1000.00 +/- 0.00
---------------------------------
| eval/              |          |
|    mean_ep_length  | 1e+03    |
|    mean_reward     | -7.84    |
| time/              |          |
|    total_timesteps | 260000   |
| train/             |          |
|    actor_loss      | -4.25    |
|    critic_loss     | 0.534    |
|    ent_coef        | 0.0091   |
|    ent_coef_loss   | 0.242    |
|    learning_rate   | 0.00035  |
|    n_updates       | 249992   |
---------------------------------
---------------------------------
| rollout/           |          |
|    ep_len_mean     | 997      |
|    ep_rew_mean     | -10.7    |
| time/              |          |
|    episodes        | 388      |
|    fps             | 23       |
|    time_elapsed    | 11364    |
|    total_timesteps | 261960   |
| train/             |          |
|    actor_loss      | -2.32    |
|    critic_loss     | 0.589    |
|    ent_coef        | 0.0104   |
|    ent_coef_loss   | 0.0514   |
|    learning_rate   | 0.000348 |
|    n_updates       | 251952   |
---------------------------------
---------------------------------
| rollout/           |          |
|    ep_len_mean     | 997      |
|    ep_rew_mean     | -9.95    |
| time/              |          |
|    episodes        | 392      |
|    fps             | 23       |
|    time_elapsed    | 11481    |
|    total_timesteps | 264584   |
| train/             |          |
|    actor_loss      | -2.85    |
|    critic_loss     | 1.27     |
|    ent_coef        | 0.0099   |
|    ent_coef_loss   | -0.0723  |
|    learning_rate   | 0.000344 |
|    n_updates       | 254576   |
---------------------------------
---------------------------------
| rollout/           |          |
|    ep_len_mean     | 997      |
|    ep_rew_mean     | -9.49    |
| time/              |          |
|    episodes        | 396      |
|    fps             | 23       |
|    time_elapsed    | 11722    |
|    total_timesteps | 269960   |
| train/             |          |
|    actor_loss      | -2.15    |
|    critic_loss     | 0.414    |
|    ent_coef        | 0.0107   |
|    ent_coef_loss   | -0.684   |
|    learning_rate   | 0.000336 |
|    n_updates       | 259952   |
---------------------------------
Eval num_timesteps=270000, episode_reward=-23.71 +/- 20.84
Episode length: 1000.00 +/- 0.00
---------------------------------
| eval/              |          |
|    mean_ep_length  | 1e+03    |
|    mean_reward     | -23.7    |
| time/              |          |
|    total_timesteps | 270000   |
| train/             |          |
|    actor_loss      | -2.03    |
|    critic_loss     | 1.16     |
|    ent_coef        | 0.0107   |
|    ent_coef_loss   | 0.733    |
|    learning_rate   | 0.000336 |
|    n_updates       | 259992   |
---------------------------------
---------------------------------
| rollout/           |          |
|    ep_len_mean     | 997      |
|    ep_rew_mean     | -9.08    |
| time/              |          |
|    episodes        | 400      |
|    fps             | 23       |
|    time_elapsed    | 11843    |
|    total_timesteps | 272584   |
| train/             |          |
|    actor_loss      | -3.38    |
|    critic_loss     | 0.696    |
|    ent_coef        | 0.0111   |
|    ent_coef_loss   | 0.887    |
|    learning_rate   | 0.000332 |
|    n_updates       | 262576   |
---------------------------------
---------------------------------
| rollout/           |          |
|    ep_len_mean     | 997      |
|    ep_rew_mean     | -8.92    |
| time/              |          |
|    episodes        | 404      |
|    fps             | 23       |
|    time_elapsed    | 12083    |
|    total_timesteps | 277960   |
| train/             |          |
|    actor_loss      | -2.04    |
|    critic_loss     | 3.87     |
|    ent_coef        | 0.0109   |
|    ent_coef_loss   | 1.28     |
|    learning_rate   | 0.000324 |
|    n_updates       | 267952   |
---------------------------------
Eval num_timesteps=280000, episode_reward=1.14 +/- 23.39
Episode length: 1000.00 +/- 0.00
---------------------------------
| eval/              |          |
|    mean_ep_length  | 1e+03    |
|    mean_reward     | 1.14     |
| time/              |          |
|    total_timesteps | 280000   |
| train/             |          |
|    actor_loss      | -1.76    |
|    critic_loss     | 1.27     |
|    ent_coef        | 0.0114   |
|    ent_coef_loss   | -0.554   |
|    learning_rate   | 0.000321 |
|    n_updates       | 269992   |
---------------------------------
---------------------------------
| rollout/           |          |
|    ep_len_mean     | 997      |
|    ep_rew_mean     | -8.54    |
| time/              |          |
|    episodes        | 408      |
|    fps             | 22       |
|    time_elapsed    | 12204    |
|    total_timesteps | 280584   |
| train/             |          |
|    actor_loss      | -2.85    |
|    critic_loss     | 1.56     |
|    ent_coef        | 0.0109   |
|    ent_coef_loss   | -0.245   |
|    learning_rate   | 0.00032  |
|    n_updates       | 270576   |
---------------------------------
