#{"t_start": 1785490810.1911805, "env_id": "Go2Locomotion-v0"}
r,l,t,episode_vx_rmse,episode_vy_rmse,episode_yaw_rmse,episode_mean_vx,episode_mean_vy,episode_mean_yaw_rate,episode_action_saturation,episode_torque_sq,termination_code
-78.929718,1000,8.807557,0.5020440553334434,0.021890602860492294,0.08306039157397488,-0.0013349173945502084,-0.0003068710605318766,-0.0011945164417232854,0.0,173.05689661180753,0.0
-76.89365,1000,11.303691,0.5011008850483886,0.02218004951371953,0.08316118578313887,-0.00042713952772267626,-0.0002142494831273938,0.0008496562034032343,0.0,162.92257570155587,0.0
-69.218656,1000,13.839675,0.4993467724055578,0.020098913127674874,0.0751895808738329,0.0012253868045059035,-0.000840919251674385,2.884802602755047e-05,0.0,152.4129428949401,0.0
-64.575707,1000,16.323497,0.49826333619570823,0.02157652092579583,0.06846854441496898,0.0022480647948052855,0.00019613824200526384,-0.0002713420390409333,8.333333333333333e-05,150.6547739668222,0.0
-42.834073,949,18.693867,0.4882540406957563,0.016812575840036748,0.06596631833444659,0.012722329936385187,-0.0006615018510170298,0.0016736574940973514,0.0004390586582367404,167.43908284550767,1.0
-19.097336,402,19.680504,0.47564961924295973,0.018073716563768435,0.0651986960169532,0.02628727611934741,-0.0037612327115532623,0.003152767821143241,0.0018656716417910447,195.40027873626343,1.0
-14.643194,277,20.35881,0.4647889476866455,0.01988521026021786,0.07548459088061392,0.03764048643794936,-0.003196542303428882,0.0007347032611613886,0.0018050541516245486,211.83043018996952,1.0
-10.991415,200,20.873873,0.45250610275763337,0.01734285222498042,0.07561917604499147,0.050489830554845246,-0.008691507689537373,-0.005028349191001603,0.0029166666666666664,214.36812364486005,1.0
-9.702776,186,21.344127,0.4512479400814524,0.021592468337929813,0.076082557689217,0.051971272737145774,-0.0061619296173707205,-0.002362531098560397,0.004032258064516129,206.81210973970187,1.0
-13.281803,285,22.052727,0.4676483072402379,0.020299339798141823,0.06614209332483613,0.03502662740329676,-0.008240467734888419,-0.010035230572040824,0.008187134502923975,199.82443080288184,1.0
-12.230158,245,22.670582,0.463788444543151,0.01845959843325128,0.06691905630022842,0.03922109892684042,-0.007354185841838567,-0.001649529929179912,0.011224489795918368,198.60183138786698,1.0
-10.03623,177,23.110599,0.4522139705482495,0.01929025826734041,0.06817157462010294,0.05178385158074792,-0.007067612196394266,-0.0016424902814239487,0.009887005649717511,208.01881746098172,1.0
-13.698341,252,23.755858,0.46705770163177945,0.021133883982486158,0.06702011587780986,0.03615083132757982,-0.00690911491708939,-0.0002981146180484074,0.01686507936507937,203.12346444095633,1.0
-18.628528,340,24.625962,0.47725275176869736,0.017968388767153898,0.05862998590584999,0.02456516264196112,-0.0040234707221015725,0.0027080744363151992,0.022549019607843116,196.40712205530383,1.0
-11.062229,155,25.024101,0.4503668334451063,0.02719227597657346,0.07934874068919859,0.05479817194134455,-0.010255792291004998,-0.009583837043597087,0.032795698924731186,212.42171302939457,1.0
-7.002998,117,25.31462,0.43160147635471696,0.02585650443530698,0.05670427551251039,0.07485164493971727,-0.0146378722691561,0.011846940284338858,0.034188034188034205,217.9260541667601,1.0
-10.045321,160,25.720804,0.4526922115435576,0.023645851243178195,0.05876439067681056,0.052099705828742,-0.006873144719607402,-0.003625279632449823,0.04270833333333332,207.76190725257734,1.0
-9.583716,146,26.094573,0.44835398945989313,0.02596729311278479,0.06254064654030363,0.05634222598060214,-0.01473306910226185,-0.006657634365523736,0.0542237442922374,213.0524886027139,1.0
-12.004221,182,26.552501,0.45870991936410366,0.01694006378762862,0.07400621023741247,0.04540012043018461,-0.0019219361111569935,0.0007570448061891936,0.05448717948717948,204.37894667624414,1.0
-7.11679,121,26.865205,0.4332126256010227,0.03400194128145726,0.07153133865553811,0.07377291156612581,-0.000513227213263387,-0.0032074194479820533,0.049586776859504106,216.70788825609222,1.0
-6.669675,80,27.058892,0.40408508815803135,0.042065784425965744,0.07207395644922678,0.1030130649065554,-0.02350066627239633,-0.011226860286315596,0.06562499999999998,208.90036174694168,1.0
-10.530576,154,27.436133,0.4526681340890371,0.026581025800171985,0.0667194908900565,0.0526053403880311,-0.01204314045976692,-0.004079133288975713,0.055735930735930715,208.37348074958678,1.0
-7.627076,96,27.699789,0.42269272786939993,0.03082339276872386,0.07065245872210459,0.08426109333956773,-0.01050397941074205,-0.014729860785517567,0.06249999999999999,214.6086533115872,1.0
-7.533385,102,27.957274,0.428620500732843,0.025321519569194335,0.07186959392251267,0.07918996456814786,-0.006493288641998497,-0.010024494864124602,0.05964052287581698,213.67471259387008,1.0
-8.323446,89,28.224446,0.42261970506772834,0.019076623353764647,0.06562189313820146,0.08650903039203428,-0.006948559973159209,-0.0019876550416095345,0.06928838951310863,209.8260535432406,1.0
-7.955957,105,28.57679,0.42974078696811163,0.031086260025558057,0.0681121175709048,0.07739883255186657,-0.016245135530109908,-0.01124125476301354,0.08492063492063494,209.6797434521995,1.0
-8.818101,135,28.91085,0.44671219950749685,0.027020701267318946,0.05305225007866962,0.05949960998861933,-0.006333047898046022,0.011075522392841779,0.07469135802469139,217.33378663116488,1.0
-7.194238,64,29.085409,0.3915111290460483,0.03255943247764487,0.07650380934954523,0.11835203002821783,-0.026348448435398995,-0.016535534421506886,0.07161458333333333,205.5982725764285,1.0
-13.357308,158,29.470809,0.45675816212215736,0.03358749765294392,0.07007743676895795,0.047782850804286923,-0.014581580081928025,-0.006824553310251275,0.09177215189873424,218.7305557588701,1.0
-10.562881,142,29.848231,0.4493774278892124,0.027819753453321293,0.06363276431018686,0.05571933121265848,-0.014139681356658142,-0.00198483362078184,0.09213615023474177,215.11971575944648,1.0
-10.720486,128,30.149692,0.4445739399329522,0.029217263453282082,0.06776688733085431,0.061228079097019654,-0.00797812143466344,-0.002171637023539415,0.07617187500000001,210.72228853033246,1.0
-11.525021,105,30.425253,0.43771818340456964,0.04107884393480931,0.07428168979759002,0.06922599794956344,-0.025028003962942764,-0.00787728219792053,0.09126984126984126,215.446890349113,1.0
-9.43162,133,30.734901,0.4473729848898027,0.020234636174541083,0.051844557642945474,0.057998273900800555,-0.013178622757323386,0.0011635291266285988,0.08834586466165417,214.10297621371856,1.0
-9.273215,102,30.998936,0.4303323255888381,0.036079386486403506,0.0718296894542363,0.0772914322804731,-0.007685454148691419,-0.008877810974971244,0.08823529411764706,216.80061611029933,1.0
-10.932126,170,31.41955,0.45557382480855557,0.025146455420313307,0.05684457923584595,0.04923473391837258,-0.009967398773377224,-0.0007214516846002595,0.09313725490196083,212.39169034556173,1.0
-9.221846,94,31.683701,0.4278870500404228,0.036097269207506236,0.0724128877893606,0.08001127047010563,-0.01968285211493415,-0.002987125452886996,0.07801418439716311,213.11848862595133,1.0
-8.331459,69,31.856528,0.40114252380491666,0.0354982652725904,0.07978106018942857,0.10746882519902565,-0.017577988084730968,-0.038451559299769456,0.07971014492753623,202.36155948158097,1.0
-9.625726,115,32.142162,0.43666701352731185,0.0318650513580479,0.07116879458580015,0.07062882542540895,-0.010174892104826508,-0.0096530180987038,0.08840579710144927,214.27609680610342,1.0
-8.360295,57,32.31958,0.3798429878985468,0.04592924526182126,0.0834847553562797,0.1329350627528056,-0.033267192593860594,-0.03538774895881316,0.0950292397660819,204.28439036778138,1.0
-10.100836,116,32.599488,0.43906382409028893,0.02496873878412124,0.07813421554827978,0.06756727098441201,-0.012499687618232792,-0.017977648711747472,0.09913793103448278,206.24489764124817,1.0
-8.447759,123,32.928008,0.43819137506196437,0.03129733134802671,0.06664573974923292,0.06793483587774796,-0.01726868133133517,-0.01223077672405285,0.09281842818428186,209.73036789969186,1.0
-9.148752,76,33.109313,0.4151878671110866,0.031753299993594136,0.06542687784926703,0.09606462807822236,-0.007486979869969618,-0.004318251310790017,0.08552631578947366,210.2152771201267,1.0
-6.705708,82,33.311874,0.4055330710535323,0.03445389827180969,0.07175597276727912,0.10226764953579884,-0.024998253511323384,-0.023270528905592152,0.10467479674796748,212.6930332881438,1.0
-9.444175,144,33.702706,0.44960540362180657,0.02679089965085748,0.0627963489528768,0.05647641204902608,-0.009427586446160603,-0.00411403436395331,0.0954861111111112,215.84327942547944,1.0
-7.29453,60,33.852395,0.3826157371539848,0.03568570333982728,0.08203425387537742,0.12852021181394072,-0.0238472283867004,-0.015807153783901795,0.09583333333333331,200.75704483027857,1.0
-9.847735,93,34.083562,0.423054394282823,0.024183265221117658,0.10275936416231846,0.08490644662187033,-0.013235765832884798,-0.023272625024718416,0.10035842293906809,210.97119018952023,1.0
-9.470243,84,34.319649,0.41690465290580814,0.033276458177007764,0.07873472954556537,0.09084754150629133,-0.013209712025270685,-0.010399520555678136,0.11210317460317462,205.72363140458924,1.0
-6.705592,56,34.462544,0.37035165607413734,0.0323506245333682,0.09070132737830983,0.14045720367676096,-0.017675904682524186,-0.023649218030725182,0.11755952380952377,197.10820311031935,1.0
-9.27112,83,34.670348,0.4164966658707823,0.040847016913014914,0.06866207629820562,0.09192594952169947,-0.017634308047767656,-0.008899049020137037,0.11144578313253008,212.03772111215642,1.0
-9.981366,127,35.01277,0.44380960590441165,0.028379280623717237,0.05774015681806584,0.06225492973535345,-0.012520251433629169,-0.0032490506101930856,0.12270341207349078,211.52688471344422,1.0
-8.447562,80,35.207575,0.4139156632310433,0.03748529306461201,0.07754211694187357,0.09507099660024922,-0.024585571128386555,-0.00637876438647267,0.10729166666666665,208.78288881996932,1.0
-6.214982,54,35.344067,0.36043029481794975,0.051119527567932865,0.10601466998615507,0.1511006300719685,-0.04005535990562773,-0.009093370237138477,0.11111111111111115,199.7655698630116,1.0
-6.767505,88,35.619101,0.41683880018899877,0.02528331336287649,0.06082492393031626,0.09107588153196318,-0.016153364583219868,-0.011882329531719388,0.12121212121212123,206.63433946131454,1.0
-7.004912,46,35.741722,0.35365079449665104,0.04113608800184172,0.06814178891402636,0.16345361459243438,-0.019203519067008665,-0.01723227864355807,0.09057971014492752,200.13017126875093,1.0
-7.840098,56,35.882094,0.3780478788529806,0.055645551611700504,0.07135495764934106,0.13292182513423098,-0.045759481658146216,-0.0018867454355270962,0.10416666666666666,200.24979187473394,1.0
-9.125366,94,36.113682,0.42527190120148034,0.03325863364642676,0.07107694449505692,0.08234898517324385,-0.023376379590081077,-0.019166219953411858,0.1117021276595745,208.41282410252416,1.0
-7.042535,89,36.380564,0.41782363222297514,0.024664154538228653,0.07434057614490161,0.09016742020031857,-0.013924221038175248,0.0001988995098121122,0.1048689138576779,210.2563501045654,1.0
-5.881363,89,36.618062,0.4136957595771342,0.02802138085847122,0.06065539759082409,0.09347841868628282,-0.021363298697149237,-0.02394012025125327,0.12078651685393255,203.36203253535254,1.0
-7.737973,55,36.751902,0.38095425113174963,0.04284377486714271,0.06919963613269252,0.13124013639536578,-0.027481481535843653,-0.0077773854138706005,0.11515151515151513,197.87236456606803,1.0
-6.89334,56,36.931674,0.3703162850941001,0.05270858273257368,0.0917961840134951,0.13967368407984973,-0.043481945080328675,-0.02093894316428537,0.11011904761904763,192.53151621867045,1.0
-5.95984,55,37.075574,0.36255291705669246,0.04447029970780469,0.09309664548169629,0.14792940984784106,-0.03633894860880595,-0.01628958545153772,0.10454545454545451,203.08466220511787,1.0
-6.616814,55,37.211334,0.36884497167033753,0.02941951342906741,0.07624370395487065,0.1419543032394182,-0.016345718896795078,-0.006027067426484041,0.09999999999999996,199.93721925904572,1.0
-5.47542,56,37.348065,0.362621095837473,0.028168356628092264,0.09590205888069904,0.1478428913749798,-0.01598895059629285,-0.03967184024909941,0.11904761904761905,197.9545440481731,1.0
-4.050982,79,37.544529,0.39456014936966377,0.02794968487059291,0.07355307504044273,0.1159354836888544,-0.014582593518050633,-0.020898973660066728,0.0981012658227848,211.39478689165296,1.0
-7.527128,49,37.701192,0.35879918298854546,0.06050478246421595,0.10343121101173872,0.15224433040819813,-0.04795699731304305,-0.019706058994049445,0.09863945578231292,188.4323128704182,1.0
-7.458844,81,37.908923,0.41165008979726136,0.04966416242354685,0.06121021038675194,0.09773927832458135,-0.02137495419654142,-0.01091826182987363,0.11625514403292178,215.31405942095336,1.0
-6.913228,53,38.038391,0.3623080771862263,0.05348050539000452,0.09780929376610913,0.14920351631203663,-0.026096567547196366,-0.03544527705153219,0.10062893081761004,201.5167850911548,1.0
-5.93702,59,38.186874,0.36994509709016543,0.03904093006110711,0.09534592331928216,0.1414794978168947,-0.028240404385770405,-0.029956925808324392,0.10593220338983052,202.30901277953583,1.0
-6.8215,60,38.359177,0.37847522943367573,0.036269273794453535,0.0900766377859929,0.13246824264444945,-0.025912921293499272,-0.020628745677973948,0.1111111111111111,206.66383528040654,1.0
-5.242671,54,38.495319,0.36001657413814986,0.04795231183156228,0.0748635505555288,0.15116603676708898,-0.03134179844281158,-0.01359467991641018,0.10493827160493828,195.46103151901912,1.0
-7.237761,42,38.604438,0.3418337382773222,0.04356400382756454,0.09408910862316176,0.17495948356889152,-0.02756026872972665,-0.04004600896178063,0.09126984126984128,186.99733027365997,1.0
-7.972467,104,38.865845,0.42902844813323565,0.02946843814957241,0.06973441994177282,0.07842353488483347,-0.010666619575648831,-0.0036622311260627967,0.13221153846153844,213.42974990449218,1.0
-9.534499,64,39.081666,0.3991498617225397,0.0512835841292883,0.09510256172938333,0.11318292534510664,-0.029826613123829247,-0.006234817829000068,0.13671874999999997,209.34677971994282,1.0
-7.183371,60,39.22919,0.3750395754754802,0.050157020295520126,0.10291659009057198,0.1353555614501429,-0.02093974149379593,-0.026323022124092932,0.10277777777777779,206.51346382449452,1.0
-7.756746,71,39.414153,0.40103070535313623,0.02835922688627966,0.0761033743424774,0.10877426763946163,-0.015480000643158964,-0.0017816569528432589,0.11150234741784036,201.82336492154803,1.0
-6.329334,84,39.644458,0.40992863253805106,0.028254145001085758,0.07195142528190622,0.09851330202029951,-0.022684438846078726,-0.008860312272777806,0.11210317460317464,208.23985439181902,1.0
-6.343361,67,39.812611,0.3869057042022238,0.0418389019494213,0.07702407292010859,0.122619664311447,-0.030047248628024825,-0.03395486764368075,0.12810945273631838,204.1593502866533,1.0
-6.935325,80,40.005818,0.4096829502524049,0.02892445982455966,0.082586188001231,0.10030785687756391,-0.017947926171256113,-0.02618692497917267,0.11562500000000002,208.7701292441415,1.0
-5.576761,62,40.15251,0.3716840412209897,0.049411583629691454,0.1096950733848288,0.1388871287638606,-0.029824331780762336,-0.002743907799249327,0.11827956989247308,209.70480053510528,1.0
-9.778928,119,40.482022,0.4416340576908185,0.030947141211346223,0.07660000906939113,0.0663590732233059,-0.010846918672310555,-0.013732805657084029,0.13375350140056028,213.3138377103902,1.0
-6.23321,71,40.654704,0.3900074931257459,0.04039216815580417,0.10490389848477538,0.12042151087211325,-0.02059653857406047,-0.0263278563485295,0.1302816901408451,212.5513388937141,1.0
-8.963628,50,40.781832,0.3674397681993467,0.0618266984539205,0.12292719876354613,0.14666273432794755,-0.04471863117023366,-0.06319014383457319,0.11000000000000001,197.7540625321876,1.0
-5.644078,79,40.995864,0.4030868766627041,0.021836837702316068,0.06795558168906587,0.1064718252544874,-0.014151377426480424,-0.011246896918787386,0.11181434599156122,207.98034303966074,1.0
-6.402691,48,41.108397,0.3527695093994826,0.05118196311454574,0.11250341591080648,0.1605226882644124,-0.033074241293918664,-0.06336277379938257,0.11111111111111109,184.80856390325894,1.0
-8.608077,102,41.354085,0.42808596784763747,0.037718016862913914,0.07184645677132782,0.0784714807206069,-0.029507119929566433,-0.012303833637444644,0.13071895424836605,214.22042070037605,1.0
-8.783929,72,41.528847,0.3962554050963103,0.06299381495225381,0.09508805037418487,0.11207631834557034,-0.05330662107906334,-0.03387068473237235,0.10995370370370369,213.03248236496736,1.0
-5.374665,58,41.693434,0.36364988377983487,0.06945324366720453,0.09340637839940016,0.14548856426570833,-0.058197485709472564,-0.04826974651807918,0.09626436781609195,201.8207112593122,1.0
-7.912734,69,41.864337,0.3983533010447292,0.03365839138840275,0.0854747822115,0.10982187005937202,-0.027045094876757082,-0.01896742471917986,0.11231884057971014,202.25880176550666,1.0
-10.282237,72,42.050902,0.4027680047058087,0.0545561745674193,0.12335350624446023,0.1069922466853466,-0.04321375844438747,-0.05053384516231049,0.12037037037037039,207.6211844499121,1.0
-5.333093,61,42.199284,0.37354728163171197,0.049407779535445805,0.08872755246537808,0.13635500589220287,-0.04412126710411565,-0.011380646972549214,0.10519125683060108,198.68411966851016,1.0
-5.137517,50,42.34861,0.34025785753932736,0.05475315717196825,0.11546998834797624,0.1716374171550394,-0.03841139415888212,-0.021305726494273133,0.10166666666666666,199.91788197859248,1.0
-5.953109,47,42.461077,0.3432340005812141,0.05692454192182141,0.10024168758210678,0.1720457906251092,-0.029089799808783557,-0.0055394975514687075,0.10992907801418439,198.63138278858185,1.0
-4.477277,47,42.582586,0.33670609402190727,0.06411895083591644,0.08214954936049194,0.17554064282617565,-0.054228728157710224,-0.015832224919000607,0.10106382978723406,193.31183518063332,1.0
-8.089189,60,42.739196,0.3830230463212169,0.061462956578988745,0.09918061695330117,0.1279755988922793,-0.043828263214502866,-0.03195865475517303,0.11111111111111113,206.43423247314584,1.0
-8.267765,60,42.924146,0.37772698114973674,0.06948761116136877,0.12020580112975801,0.1299572891348645,-0.060970715405095174,-0.024669868821947015,0.11388888888888886,191.45821149631803,1.0
-5.909541,66,43.094262,0.38097633466036307,0.043813765046142476,0.1088458279307455,0.1284671163145213,-0.03474261633525921,-0.048541983230127095,0.12247474747474749,211.22944879953533,1.0
-4.823153,55,43.232774,0.3554405227016137,0.05948426910463824,0.07515823333162847,0.1554891676249497,-0.04991758328145275,-0.039648729149433994,0.11969696969696969,202.37244781525013,1.0
-7.452126,73,43.418657,0.3966694751207472,0.044566630243791074,0.0943746356504788,0.11143719036632482,-0.03006283679328584,-0.0355455350984933,0.1267123287671233,206.31400646055224,1.0
-6.110536,55,43.559864,0.3542698483744407,0.07040585452117559,0.10728520611807119,0.1540891127931792,-0.05814871242609562,-0.0572943770632423,0.09696969696969698,192.75620128245114,1.0
-6.125388,50,43.718114,0.3495932940431792,0.06921080080097954,0.08129086740797173,0.16263017159716944,-0.05179927736727829,-0.034816847361293785,0.09833333333333333,202.27863391724787,1.0
-4.780877,39,43.825279,0.3134873905465671,0.057130685981654036,0.08496337530407151,0.2059011635039765,-0.04671438208226296,-0.0299573396812508,0.09615384615384616,177.86275607117474,1.0
-7.51777,48,43.952641,0.348863588521894,0.09043508886238917,0.10704253899809395,0.16172914945075692,-0.07835550244905547,-0.04741409048163128,0.11284722222222221,196.1345660334143,1.0
-6.061062,61,44.107683,0.36205931412817405,0.04266642337812042,0.14827842485640444,0.1485976029501575,-0.03155510583903998,-0.055640498029876466,0.1297814207650273,204.49621124081293,1.0
-4.455194,43,44.214995,0.3240609593788373,0.05931515280194104,0.0896691024493173,0.19170460035807096,-0.04835288346056387,-0.04143232680637385,0.09689922480620154,188.0476069041819,1.0
-3.789448,42,44.429458,0.3140647248733152,0.08302256409673522,0.08682103281695311,0.20288770402987918,-0.07207336305929703,-0.046540585804380384,0.12103174603174602,180.98544863738087,1.0
-5.825758,47,44.547878,0.3424264065931752,0.06383566577594844,0.09710171767154605,0.1694762361257802,-0.04775296882466103,-0.007815496565568415,0.10460992907801417,193.09959178241672,1.0
-4.154094,59,44.693975,0.3632996834901874,0.03688001898209761,0.09386878739701318,0.14599620182667286,-0.027724655138190613,-0.0324635567243842,0.09180790960451977,199.08535661052082,1.0
-4.50599,46,44.806207,0.3242279775697546,0.06161899067155784,0.12081848416727245,0.1905316792907938,-0.032261533558382786,-0.03749871178709889,0.10688405797101448,193.04452861062447,1.0
-3.446736,52,44.937652,0.3471965775099253,0.02340870727047409,0.0859444965476312,0.16417524370423964,-0.0178970474692301,-0.019564253475177075,0.12339743589743589,191.6360727570232,1.0
-4.219428,55,45.104517,0.35150389420902334,0.03602120956310475,0.09763874577556537,0.16043093993716084,-0.02505059024822567,-0.03852227731493777,0.10454545454545451,199.76787143353346,1.0
-4.264446,49,45.230005,0.3428403502652247,0.04583509108625107,0.084053040535847,0.16855653825875902,-0.03772656597125881,-0.05041418414067233,0.10204081632653063,186.5401277862338,1.0
-4.372558,45,45.348372,0.32516472805690977,0.06195468711450267,0.08036185476805109,0.18939829770793212,-0.04335062456911778,-0.038283257539984315,0.08703703703703705,189.37337783293114,1.0
-5.428732,45,45.460194,0.32959793344428934,0.07817214820909703,0.08887436971654478,0.18427951220545122,-0.061599186985146034,-0.044969751271993944,0.09814814814814818,198.03362022697496,1.0
-4.229577,52,45.59498,0.34227150252267563,0.06877506085783894,0.08162207823635,0.1686442759541976,-0.0527943041960602,-0.01740372279528888,0.09294871794871798,210.4692592633178,1.0
-5.06684,57,45.767138,0.3563281661113993,0.0687990552750201,0.0956854905350522,0.15320766479976158,-0.059213386975938254,-0.03725768988090766,0.10526315789473684,200.57810660049083,1.0
-2.590007,44,45.874527,0.30735619792792745,0.0715418692612071,0.12383012223621133,0.21209494457461187,-0.0649585117120401,-0.04379930931756527,0.09280303030303029,189.25493928961822,1.0
-1.845697,60,46.028138,0.35721677560161696,0.03194499595160953,0.06739870627388726,0.15277607812876323,-0.021734928609119464,-0.007240283417993121,0.1041666666666666,198.84439217173758,1.0
-3.688919,51,46.157354,0.3491144115697351,0.060353029115784024,0.06539337001492312,0.1604490717955967,-0.05099814762967601,-0.02233226001555443,0.09967320261437908,185.02840492290306,1.0
-4.530248,56,46.296177,0.3573804326575148,0.03780911248659599,0.07618467909751499,0.15192342026825992,-0.027175920766242475,-0.011477964467176482,0.10267857142857138,194.4339920025036,1.0
-3.771131,53,46.45728,0.3457124182249585,0.039398077878868246,0.07674826187929189,0.1668440530705892,0.0021970423312863844,0.013057007251587618,0.0911949685534591,204.01581225219007,1.0
-4.348191,44,46.564967,0.32623004104294206,0.06874860729960332,0.07131342088856252,0.1882340400379106,-0.05725972280593367,-0.021047587996626132,0.10606060606060605,188.71915529560718,1.0
-4.179007,53,46.700342,0.3514723135971198,0.032984843631402354,0.09301886636041291,0.15908417869373587,-0.025575782994010903,-0.061132544606588096,0.10377358490566035,192.98220265196855,1.0
-4.426639,50,46.822567,0.3430481658161647,0.036312982313643806,0.07404725563274167,0.16858292294397662,-0.023106193877692954,-0.003245497355595611,0.1,196.239457716249,1.0
-2.193019,45,46.93434,0.31885530949475765,0.042697018625451354,0.07824207276774324,0.19621407104203914,-0.03513109054657636,-0.009747005230881399,0.09814814814814815,183.78206910263128,1.0
-4.01299,44,47.074882,0.3224786620067363,0.04780407143816219,0.10408343155584036,0.19267677691610388,-0.03867394667567522,-0.04688893506276869,0.09280303030303028,191.06128529924888,1.0
-1.908865,51,47.196945,0.3355536850487941,0.05202303693405089,0.06398899066720676,0.17679072609550237,-0.029041268811648178,-0.009791471090311525,0.065359477124183,191.67402744190198,1.0
-2.339995,41,47.297755,0.3057274180398909,0.025602320145171727,0.0734110211194215,0.21439902524850166,-0.01218992645559771,-0.01122803606733668,0.10569105691056906,189.75143221281388,1.0
-3.91897,44,47.410949,0.30918830010670406,0.05282650996648161,0.16310789810242804,0.20880930406882123,-0.03981235312564862,-0.06798186927636388,0.11174242424242421,191.33116040903468,1.0
-3.421792,46,47.525923,0.3281529790833273,0.05764645484157088,0.07235298955847737,0.1859021198532311,-0.044256580538821096,-0.0019743796389513316,0.09963768115942029,191.83757609465164,1.0
-1.307852,42,47.63073,0.29755263184837605,0.03584634369787165,0.11498952789971344,0.22369423266544794,-0.027643202552111792,-0.027861806678330745,0.09722222222222221,186.74778191653095,1.0
-2.386907,56,47.802037,0.34864210476563595,0.027460703339152397,0.08552008837252353,0.1626449526600479,-0.005532160345236628,-0.014507889167597708,0.09523809523809522,202.46765460524017,1.0
-2.792843,53,47.934548,0.33775318143409566,0.04378938370464414,0.0977389466306297,0.1732723339223822,-0.03254362654854062,-0.027247590439068565,0.09591194968553457,199.54751090114883,1.0
-2.640728,44,48.047566,0.31415609032503317,0.042726546631474245,0.10091522534117521,0.20315922090390004,-0.014477123262591625,-0.018167435453379132,0.09659090909090909,196.45627301222478,1.0
-3.603293,42,48.150068,0.31390969397676993,0.043594389606906016,0.11451061465504869,0.20393947930544118,-0.035398594742274324,-0.049789169933569646,0.0892857142857143,184.09989754244484,1.0
-2.862836,48,48.26791,0.32796839872220673,0.04399754830706435,0.08898355180415878,0.18442310641406245,-0.02597025241508966,-0.018348764454206405,0.09895833333333333,187.8899303105354,1.0
-2.673479,50,48.723897,0.3328618852616029,0.04357865937802792,0.07087934715385434,0.1801696077073851,-0.023067910930218444,-0.009839313534551229,0.10499999999999998,197.23157588771195,1.0
-1.874027,51,48.853282,0.33090593397842666,0.04317943085924749,0.07907937530055326,0.18184365946372164,-0.03268113966582962,-0.026152374992132698,0.09640522875816993,192.5538862094302,1.0
-1.979588,58,49.004606,0.34852900098949124,0.04583127592183333,0.07993604474582645,0.161766562089315,-0.014451863710596789,-0.009114185998860996,0.08477011494252873,198.7125367328969,1.0
-1.888847,42,49.109472,0.30197378768178,0.0470918996732247,0.07267695105329758,0.21914117497000277,-0.032506706877193876,-0.00461873000566753,0.09523809523809523,191.11001250064172,1.0
-3.071712,48,49.226583,0.31814878703883176,0.04154322022633036,0.13481772549763046,0.19900811281573413,-0.031432673203324504,-0.051182572892263585,0.08854166666666664,199.85271867480557,1.0
-3.506533,41,49.328774,0.3135722577529772,0.04189011153063277,0.08637235821344695,0.2037262634185137,-0.014375588608350759,-0.017029691437399797,0.08333333333333333,181.16227597947204,1.0
-3.152765,47,49.516801,0.32159280987461386,0.036961649445866544,0.10513601553612893,0.1934249884102306,-0.02053589402864847,-0.0117141374191204,0.09751773049645392,196.0474836727489,1.0
-0.597433,46,49.632841,0.30891475669750973,0.026416484798861887,0.11293763012403049,0.20823484599129335,-0.01636673966670468,-0.029215898794199356,0.088768115942029,189.90493191022819,1.0
-2.130273,64,49.791024,0.36130600908658467,0.042421772710711965,0.08109237573649143,0.14846797939904982,-0.023863871600885878,-0.031443428047485844,0.09114583333333333,200.6335907844363,1.0
-1.966306,52,49.921317,0.3328327234914115,0.031847010281508624,0.09305920533733186,0.18016711655236287,-0.020999638272277167,-0.01652527384238866,0.0753205128205128,196.80868216269295,1.0
-0.471936,45,50.041694,0.30608759013353437,0.04058394898869901,0.08424979070501859,0.21160755138852572,-0.03345126679073141,-0.02733838403358249,0.07222222222222224,190.4514342598066,1.0
-2.367913,46,50.255717,0.3203913183919146,0.03561318962075071,0.06283376450407988,0.19517987059575928,-0.02499552867825632,-0.026428164625207605,0.08695652173913043,193.85436867446305,1.0
-2.260451,45,50.366762,0.31500304938728757,0.05543434126486477,0.08435902102746032,0.20128936576365233,-0.03188132323686277,-0.007777909780730488,0.07777777777777775,188.29221991875278,1.0
-2.611114,54,50.499257,0.34445507139851694,0.04254903635877103,0.06399605075752988,0.16619051662297618,-0.030209499732912558,-0.018059844593298607,0.10648148148148151,192.12472201981402,1.0
-1.707982,42,50.599082,0.3053745414758568,0.024846264374371638,0.06884643141192391,0.2140497525666678,-0.010842484059731317,-0.0321688565016666,0.0793650793650794,187.17447881314354,1.0
-3.174025,36,50.684358,0.2869490497789394,0.03592647131914683,0.10654789817787738,0.2428924323755638,-0.026535894907176324,-0.0218278538885139,0.08564814814814815,180.16346690320213,1.0
-2.030643,51,50.839162,0.3300209195654867,0.031692938800092996,0.10368619322660597,0.18376377572026342,-0.01507124113210656,-0.004184621718481181,0.09150326797385622,197.88745533376814,1.0
-1.831665,39,50.936154,0.29249307424659154,0.03720953510458729,0.08768535781814683,0.23167752597365657,-0.028929501076240777,-0.020421034353111104,0.11965811965811966,180.06178037344685,1.0
-2.930663,41,51.047422,0.3046534698454741,0.04983072653986044,0.07981763753662975,0.21641269963602397,-0.03625867753208843,-0.008634683313334553,0.10365853658536585,189.87510824203227,1.0
-1.833529,43,51.153175,0.3115986227022036,0.027414374572060984,0.05963626392933523,0.20566674633726506,-0.016997687609241963,-0.007039577729837966,0.10852713178294572,183.48650597006596,1.0
-2.159779,43,51.261606,0.3096262173610931,0.026770202303062523,0.09124069349526942,0.20976761066340846,-0.0026301818462204853,-0.014084568331851491,0.0736434108527132,185.10824528299545,1.0
-0.391647,48,51.383352,0.3138905160274476,0.046665224615968046,0.08423982009205871,0.20259286875960467,-0.037463605340847715,-0.014257133151936835,0.10590277777777775,188.17782394556775,1.0
-0.961241,42,51.543451,0.29655885439282015,0.04246378638792681,0.08486766082358908,0.225410205890176,-0.03308726147565217,-0.019278886814575687,0.0773809523809524,188.69006973088895,1.0
-1.778743,40,51.643681,0.29770628113615016,0.035019643833972124,0.09299865759288224,0.2230683902568959,-0.023310858225206076,-0.011346544682501566,0.08125,180.77627868014372,1.0
-1.824902,42,51.747112,0.3005703968013149,0.05724135933903839,0.11970351243756468,0.21913245425000571,-0.04519516903498107,-0.08291535353034953,0.08928571428571427,189.68028591236123,1.0
-0.477281,44,51.865,0.2993261159578699,0.03722159574531982,0.08754541822171943,0.22016738176105077,-0.02436556787021723,-0.03424067329003557,0.09848484848484845,190.52744764083945,1.0
-4.495895,37,51.957572,0.2948695435829886,0.04550023612522672,0.11540597707560693,0.2315414410495221,-0.033701059815143035,0.005367182273910287,0.09234234234234236,181.7773597331906,1.0
-3.299084,52,52.09636,0.3418855809464766,0.022885998516531586,0.08133974129325508,0.1688861037002352,-0.013789643480076986,-0.021664795636281483,0.11217948717948721,193.26290054285377,1.0
-1.711632,58,52.267073,0.34554507924580147,0.032329068914115966,0.09041828509046167,0.1659054590658418,-0.0059116119939561914,0.00944976080382714,0.10919540229885057,195.11023750564672,1.0
-0.432085,43,52.376686,0.30103183601954064,0.02961330673091221,0.06879904589869039,0.2204862811681689,-0.0194295418535459,-0.005816421837434999,0.08720930232558141,187.550830418861,1.0
-2.629029,37,52.469769,0.29409708970867116,0.0389051921959109,0.07491167286001897,0.2326435748930538,-0.02666750583034484,-0.03504359187650101,0.09684684684684686,174.49376362827968,1.0
-1.626492,44,52.580269,0.3145400308593999,0.027557352415725718,0.0660830351085222,0.20131363215306122,-0.018530244921034358,-0.004741732425370273,0.07954545454545453,188.13633021167178,1.0
-1.61762,38,52.675049,0.28778851226717855,0.03650595154250358,0.09201174176643447,0.24088245846264492,-0.021171122720054603,0.02698680886183033,0.05701754385964912,184.1331777614923,1.0
-1.829748,38,52.773256,0.285846881177785,0.035904606581853106,0.0740001237647881,0.24315663440859656,-0.02684699191339212,0.005418050674255031,0.06578947368421052,184.49551058637473,1.0
-2.122469,42,52.91267,0.30547718332549156,0.038056060170585715,0.0798290067899645,0.21470192384255418,-0.018450400858892612,-0.0086127333746953,0.08730158730158731,187.35437655164455,1.0
-1.361973,42,53.026029,0.2957143662013743,0.041299786700151754,0.0876443835796198,0.22700743381036123,-0.013088271603617389,-0.007152174159247169,0.10912698412698414,188.60531143433522,1.0
-1.008319,44,53.140667,0.29959483588167046,0.03765185412448003,0.12208371353985392,0.2210568825321526,-0.017096944851013946,-0.051948845746701354,0.11174242424242425,186.50427315034997,1.0
-3.217274,42,53.24435,0.3112598140351521,0.03270592802963154,0.1145065526662688,0.20594800396493967,-0.022238765307846773,-0.04407373272373264,0.08134920634920637,182.82618586199624,1.0
-2.69157,38,53.339658,0.2925861791566143,0.046241345455821876,0.0790391322534127,0.2334971771278028,-0.0331009329899976,-0.012003442407420807,0.07017543859649122,183.9285277736116,1.0
-3.428876,40,53.443431,0.2993296465653134,0.042239360938804184,0.12135655964067156,0.22383605722806102,-0.024048073595173643,-0.002486565117218912,0.09583333333333334,185.3786968914198,1.0
-1.282905,46,53.589023,0.3130259483116004,0.024014372231934592,0.07457207189030468,0.20422518902252546,-0.004639240374542248,-0.0242066804419055,0.08333333333333334,190.38098238118752,1.0
-2.024743,48,53.705715,0.31810031741503,0.04858388135671515,0.09901600305619897,0.1969674109724958,-0.03462425051214208,0.0029590348552043576,0.07986111111111112,190.62811567787267,1.0
-1.472454,42,53.810398,0.301587926854567,0.03465337436203714,0.08964231454170825,0.2185896438331745,-0.026961575988817592,-0.016865264293860843,0.10317460317460317,179.90728332407826,1.0
-0.415004,44,53.920635,0.30091493056002283,0.03306803462300215,0.07911343712103919,0.219868983287484,-0.02461324494457281,-0.0020740543808782873,0.10037878787878786,193.73168674735035,1.0
-0.91995,46,54.038666,0.3121889550834292,0.01696718530810811,0.08432676382140837,0.2056270689117758,-0.00637526319985716,0.01844139152765157,0.11050724637681161,193.51649298494834,1.0
-2.260616,44,54.150748,0.30844201986690306,0.03216418875902819,0.1139899387926784,0.20952434050315152,-0.000676860939093751,0.012059545885407037,0.08522727272727273,186.27982409615421,1.0
-0.200131,44,54.294264,0.29960534125774996,0.03315189794131845,0.07341293629918894,0.22020731292671536,-0.023386395576398756,-0.006717731163647518,0.09659090909090909,189.9285774757106,1.0
-0.698348,44,54.405246,0.3025814033435422,0.03855899365723462,0.0763584781960374,0.2172578490702234,-0.02322469224337448,0.010164508887729622,0.08333333333333333,191.03717984188722,1.0
-1.104981,51,54.526556,0.32675188600561045,0.036764850926988286,0.0982016656853221,0.187218878799332,-0.012723063501161615,-0.025387310824491728,0.0898692810457516,189.0826101863151,1.0
-1.983721,42,54.62874,0.2942587716911355,0.051261689811447686,0.10544896704398944,0.22878231026810525,-0.020017801666947426,-0.02366530547189423,0.12698412698412695,195.26435015866596,1.0
-0.766825,46,54.74659,0.307850400114277,0.0425263621069089,0.09473112658369029,0.21188781734178078,-0.032287694968113435,0.005121234218138649,0.09239130434782608,187.14576866739327,1.0
-1.539595,41,54.84876,0.29985683732793456,0.03963666949424229,0.0707979799380829,0.22197388599548248,-0.018371393561256118,0.0026882758732528207,0.09552845528455284,188.52384010523124,1.0
-2.545181,42,54.971886,0.3055731527373311,0.04898617528132692,0.09597344112297305,0.21481225917934843,-0.035132097078232984,-0.008018422979423602,0.10515873015873015,185.84046953923615,1.0
-1.834168,41,55.077135,0.30163868870054056,0.053965141017443326,0.08279896226881797,0.2202801265208451,-0.03696502371938651,-0.028114987823624087,0.08943089430894309,184.82785831258474,1.0
-1.804921,39,55.170805,0.29126230119195456,0.05085000425146997,0.11035726024297181,0.2359995816779061,-0.03608198619787799,0.04719382647726151,0.11111111111111113,182.5273913412726,1.0
-2.836571,39,55.271097,0.30273523494945914,0.05206997336303916,0.08942594379696624,0.2193486827197617,-0.04220249919197134,0.01990586432773447,0.10683760683760687,175.93031169425262,1.0
-2.768677,38,55.36864,0.29726520757837693,0.043464128922374126,0.0777959873059047,0.22842774772026098,-0.031051957174623286,0.014079581009580958,0.10964912280701755,178.1718986447141,1.0
-3.989592,45,55.477375,0.3198883615713796,0.025275300252489682,0.1347745195572385,0.1960760919131988,-0.015179979941174442,-0.06991031622107123,0.12037037037037038,179.198371475721,1.0
-2.242463,42,55.611943,0.30262877152889717,0.032867801363113326,0.09551912043840138,0.2173951932316019,-0.01107845300104431,-0.01864420340482224,0.12698412698412698,182.42233061709118,1.0
-1.476864,43,55.717635,0.3082493398264742,0.03566310047401958,0.08889485579831194,0.21204213035342112,-0.015896452458818336,-0.0034151631067272617,0.11434108527131784,182.53463125435277,1.0
-3.211703,39,55.812179,0.3026415247751936,0.03622630986261931,0.10743131027167604,0.2191028223238223,-0.02510131768838472,-0.02363090457736119,0.14743589743589747,177.49753532391867,1.0
-1.901716,40,55.908503,0.29684499804889924,0.017950894285667013,0.09328134347394668,0.22595015293051396,-0.006607061399187259,-0.031896164447027295,0.1333333333333333,185.20146626180147,1.0
-1.868704,39,56.006398,0.29822392136569886,0.05028752741331082,0.06451384726740779,0.22579914036455273,-0.03698780163164988,-0.016375121696566578,0.11752136752136753,172.0102930751498,1.0
-2.458637,41,56.106375,0.3031415758184319,0.022042584089147846,0.1117533012635482,0.21849608334864273,-0.0037464246034852756,0.018510152735584515,0.11585365853658539,188.8130887508382,1.0
-1.442294,43,56.232515,0.30403234565878995,0.028102019464463123,0.11297876651002939,0.2155820187106363,-0.017165404211217507,-0.0040252749960460075,0.13953488372093023,181.76445879332596,1.0
-0.911683,39,56.344661,0.2851387452045635,0.01974912235068346,0.07445599459787847,0.24467713264990548,-0.012715724111805281,-0.01122516856984344,0.10683760683760685,186.92880772227505,1.0
-1.633557,44,56.455876,0.3101453538718567,0.04960332414162051,0.09678908539731054,0.20744314038696443,-0.02681886292821409,0.018762795759638348,0.11742424242424242,187.25864499411463,1.0
-3.125042,36,56.546833,0.28908671972234684,0.06454387707076242,0.08392427848254548,0.24172099352471882,-0.05165123098966848,0.03539217542662763,0.14583333333333334,180.10249828748897,1.0
-0.922945,39,56.642567,0.29027087419017794,0.045270856926623436,0.0694221652985357,0.23631080941883562,-0.030533256097236238,0.009828749564965517,0.1495726495726496,182.279562641915,1.0
-2.697089,40,56.74262,0.30730765703282664,0.056033453637394065,0.07041882095684267,0.2128229071829874,-0.04264699931875636,-0.0026634892831099268,0.12500000000000003,183.78251601923847,1.0
-2.575257,38,56.835494,0.30052035145623235,0.04290808033410335,0.0555741666840014,0.22312339183077298,-0.03295926011626673,-0.0036942838527795428,0.1381578947368421,172.13048589255845,1.0
-3.168007,36,56.95101,0.29516165445953174,0.020014569790857653,0.0953543231395369,0.2326836006718838,-0.008310075515606532,-0.017246299650102787,0.12962962962962962,174.74739811381653,1.0
-2.617767,42,57.062254,0.3049460627937819,0.048892453678066244,0.09382053936145764,0.21566996193144267,-0.03302731415044244,-0.018613958038738117,0.13888888888888887,191.89044226074014,1.0
-0.276841,42,57.169039,0.2958915815350566,0.028300725278701186,0.09606655170750772,0.22797500873510396,0.0021443862885745057,0.026075522415456683,0.13690476190476192,180.88750601377072,1.0
-1.99387,44,57.280618,0.30984867308275454,0.03463296317756908,0.08244888381670237,0.20981597283035133,-0.01683521651666785,-0.009524438771655779,0.12878787878787878,184.87698933086392,1.0
-2.762349,37,57.374135,0.2957174088831085,0.04696686866420442,0.05927840574386988,0.23019858830736714,-0.04017405981789853,-0.006342506823067301,0.12387387387387387,175.0171079453709,1.0
-2.456492,39,57.472022,0.30198867276375213,0.02760542828867939,0.06657738237553838,0.22145166202683975,-0.020486809140189237,-0.007133690196142788,0.13888888888888892,175.72011686924995,1.0
-2.789418,36,57.605131,0.27837028567904953,0.033877860901007716,0.1233291067465089,0.2592844451662157,-0.021997470800983163,-0.032044691965398095,0.13657407407407407,186.0125428216555,1.0
-2.06329,43,57.714595,0.3092849411760582,0.02555679959407178,0.07689650946063993,0.21012278895606318,-0.011156472546222788,0.005202334887173816,0.09496124031007754,191.1213726486645,1.0
-3.638035,33,57.794339,0.27953878204289795,0.08657495637613605,0.08310229747947004,0.2633987165995398,-0.0710998289856413,-0.015191156232962895,0.12626262626262622,166.5608596429726,1.0
-1.66606,38,57.889352,0.28887665448003697,0.03651264825142248,0.07072853368766104,0.2397616170597502,-0.02808392648268389,-0.012369509110838272,0.13377192982456143,187.11773393666945,1.0
-0.028436,44,58.002042,0.2970444479242007,0.030041753194402675,0.10455900440556207,0.22389372546665956,-0.01435342499491611,-0.0046983747105459415,0.11363636363636362,185.40284155143567,1.0
-1.879084,36,58.097011,0.2799734383683811,0.051183341337318784,0.06027196155257974,0.2550950866859022,-0.0321397506183662,-0.0088005198488157,0.1111111111111111,182.93537544886098,1.0
-0.94286,39,58.203934,0.2894068825980544,0.027661697050622,0.08364986245015497,0.24014028379675187,-0.01876153094014706,-0.0007959560235188295,0.13675213675213674,182.48489247494524,1.0
-3.234537,34,58.388995,0.2876055127505567,0.030391669013219588,0.05727853247005409,0.24800089150086263,-0.019554992286702617,0.001020404957128115,0.11029411764705883,174.41191969719998,1.0
-2.321194,38,58.510616,0.2956547433498146,0.030208145741756037,0.08157998469962795,0.23092936003762188,-0.014352602522024326,0.028395475797931575,0.12938596491228074,177.80953379434706,1.0
-1.680761,39,58.611529,0.2960599926545197,0.03918141074885151,0.07242747840832904,0.22929554342122868,-0.022365142481797575,0.005862712076685444,0.1495726495726495,180.31421988695558,1.0
-1.761898,35,58.697191,0.27992843563435554,0.035400093002460206,0.07971200128666449,0.2571123745489469,-0.018949866008324812,0.010775641592835651,0.12857142857142856,177.40121426862206,1.0
-1.61243,37,58.784129,0.2821391130813321,0.04197833478014105,0.10063400932228736,0.2507867456263402,-0.02782298738470424,0.02816038478316559,0.1418918918918919,181.0416621178873,1.0
-2.516066,40,58.883868,0.2952066045540786,0.048820699019966905,0.11107627800625482,0.22942279215098607,-0.039745143553600384,-0.01841157168937257,0.13749999999999998,184.07486850629505,1.0
-2.436825,37,58.971182,0.28941723233988753,0.050362874148400884,0.08863740543726681,0.2391243281009044,-0.035866102625632626,-0.01740377037552211,0.13738738738738737,183.36472444683554,1.0
-3.133557,37,59.103351,0.29793143513541015,0.023657350768601294,0.0776877094872559,0.2279307268924115,-0.008931612342280851,0.01183333150717507,0.12612612612612617,178.26922658998734,1.0
0.523367,44,59.209968,0.30327239388518,0.02581755281770736,0.07827686143860453,0.21839707012936851,-0.018009745438192795,0.002610947113500784,0.11931818181818182,180.26864473470565,1.0
-1.548868,38,59.303093,0.2897482028372067,0.026601502424969656,0.08046138532971607,0.23862644208539086,-0.010108811627785297,-0.014877923606024246,0.13377192982456138,178.604351685561,1.0
-3.073251,37,59.393651,0.2948617685920819,0.032675620071465176,0.10226525214613667,0.23392448594260787,-0.017984172546121252,0.025001725928204366,0.14639639639639643,177.1720378425995,1.0
0.417818,40,59.492436,0.28074983726843045,0.031011451554967925,0.08271539203769449,0.25035165552277466,-0.01565402247992504,-0.03192442268832502,0.11041666666666668,184.63534336396637,1.0
-1.207826,39,59.594744,0.2927211279679047,0.04533629292683222,0.10519913493717703,0.23535378489756598,-0.03217582953638347,-0.07177168113484059,0.14316239316239318,181.66511696059524,1.0
-0.880435,40,59.719433,0.2919498891553485,0.02467623463005802,0.09163174949725308,0.2338432351791547,-0.00027322753392913476,0.016484678476267854,0.13541666666666669,180.29297895669634,1.0
-0.890477,40,59.817957,0.2953725094770951,0.044445454900904846,0.07648844505973969,0.22923415154517598,-0.026954935209557156,-0.018829801692404436,0.10833333333333335,180.20488025642192,1.0
-3.219741,37,59.902645,0.29952682178561785,0.03555417339307811,0.09389332731932538,0.22687259758607733,-0.02504852175710028,0.018999800522441757,0.13963963963963963,177.60742275535048,1.0
-0.412111,38,59.991629,0.27845440689655754,0.021454394199039092,0.08207974065525153,0.25639592469669453,-0.0060669180604925425,0.015467794983467134,0.10745614035087718,184.34622266199352,1.0
-1.114206,41,60.088201,0.29914647466645844,0.04563344616482573,0.06391636718464896,0.22364882050129192,-0.0284256531703078,0.014374350620793251,0.1300813008130081,179.36920787864352,1.0
-1.445639,41,60.178712,0.29764682010836396,0.030399582403576465,0.07554786662337794,0.22667112802691586,-0.019092994394085204,0.008590902217130918,0.12601626016260165,185.50625189105403,1.0
-0.946238,38,60.270854,0.2834695134369303,0.02903456917987202,0.09420555196314664,0.2495825456944712,-0.010141608136345886,-0.01298431063656674,0.14473684210526314,180.18805538949965,1.0
0.20379,43,60.406275,0.30032111105262604,0.030009565674938184,0.08242899411114508,0.2205490706047539,-0.0206424567342799,0.018481814418543425,0.10465116279069765,184.34035791286513,1.0
-1.246374,41,60.505972,0.29679879533871506,0.027946547020020657,0.07598941749094934,0.22668244058897158,-0.013708044179884133,-0.004332185386208838,0.12398373983739837,182.5471965456252,1.0
-1.34114,39,60.597406,0.2862907020642714,0.016422111028948527,0.10703218114515378,0.24559302404390912,0.0021262685215434726,0.0327654735446607,0.0918803418803419,186.8007865468134,1.0
-0.537552,39,60.694083,0.28461589761468087,0.03690552468694674,0.09564435100814792,0.24541082871458925,-0.004997007393130111,-0.0004073388711265288,0.13247863247863245,179.04400716728532,1.0
-1.196276,41,60.791551,0.2941854933873337,0.027343871071895728,0.08979855138545684,0.23173004177469397,-0.010639187326153078,0.01128192590507806,0.12398373983739834,186.16137629934966,1.0
-0.491187,43,60.898778,0.3056319303635833,0.0356308997689106,0.07343341971560245,0.2133599939757888,-0.027460687791511913,-0.001479022261382795,0.12596899224806204,182.77461026637548,1.0
-2.563683,39,61.014,0.2949041103190948,0.025769166201195216,0.0971567361769418,0.2307732507536322,-0.00695976072611197,0.008136036268733158,0.11752136752136753,181.53561054871187,1.0
-1.536034,38,61.107733,0.2875251534040003,0.025261332176980983,0.08608644096442093,0.2429525697894314,-0.0007496317265522722,0.026016152670053097,0.13377192982456143,181.05050091255927,1.0
-1.621751,44,61.212953,0.3123417182415991,0.027728753047187617,0.07239059025241755,0.20606988781021807,-0.012703293649448756,-0.03129068197414659,0.10984848484848485,185.5118465890569,1.0
-2.213307,39,61.307248,0.2929792845200884,0.03930999378124577,0.10788847910892738,0.2339901697085115,-0.018814492511565726,0.025010334724164862,0.10897435897435895,182.68098429672105,1.0
-1.436299,38,61.395121,0.2859208254089434,0.04167664317319937,0.07810295777183841,0.24396730901106065,-0.029414560341298163,-2.2413062150255408e-05,0.14035087719298245,177.6238579394947,1.0
0.35923,39,61.489043,0.27950331129012923,0.0331228808527334,0.06729692268288738,0.2524233986247511,-0.02066866884282742,-0.008815809978945889,0.14102564102564102,180.39818690287024,1.0
0.519564,40,61.611255,0.2879644873432201,0.026249344696650103,0.08456532748050952,0.24057371475520858,-0.016924043937973327,0.023567985953997457,0.11875,174.77329523613193,1.0
-0.65087,40,61.706226,0.2913701465205269,0.017515106416332114,0.08070319234301368,0.2351645117822891,0.005391395837608533,0.019113321303091728,0.14166666666666666,180.74524293237178,1.0
-1.91254,39,61.796057,0.2910253538026648,0.022534693211165337,0.09053256227615551,0.23636856928810807,-0.006200137522730133,0.003885073643863086,0.10683760683760682,182.48167399242323,1.0
-2.579863,39,61.883521,0.2949316665184211,0.036534541506522904,0.10711115419404005,0.2322541943922156,0.004007483953737114,-0.023953673406649584,0.13247863247863248,183.36644542719316,1.0
-2.711687,40,61.980412,0.2970437454966206,0.051141116318030186,0.1259578684360524,0.2276284280690367,-0.03761856668189705,0.005251760590994889,0.16041666666666668,187.10448680853017,1.0
-1.398279,45,62.09193,0.31079687558217317,0.027492126100495534,0.08274863822590584,0.2084100365102895,-0.01685747450692924,0.0045501587913006625,0.1351851851851852,186.63921646673472,1.0
-1.442143,37,62.181412,0.28455333298564983,0.02621123164665337,0.07160405709507413,0.24886661408926167,-0.011065826331965551,-0.008452716805932901,0.12612612612612614,179.07294065803933,1.0
-2.140229,34,62.2897,0.28165918075955976,0.030584024538559636,0.056180150917916144,0.25482030213947093,-0.01959947659319358,0.005833110299711955,0.13235294117647062,170.2962197118031,1.0
-0.382073,43,62.405918,0.3015194552820903,0.02862033978133549,0.08016083640837202,0.22050876909919737,-0.01960404688745522,-0.00890760291106054,0.14341085271317824,180.91202903740623,1.0
-0.982809,36,62.496903,0.27609445294290247,0.03680555682726589,0.07566106458519398,0.26441148583998664,-0.017136022462751737,0.0036851159301231895,0.09953703703703703,174.82335887727353,1.0
-0.836259,39,62.600703,0.28217548724994795,0.024878681536411602,0.10254107349021427,0.24879003472301178,-0.012555676241409231,0.017095051147051815,0.1282051282051282,180.96747620637217,1.0
-1.319137,39,62.698807,0.2904159282351104,0.01930553650073259,0.09271277674000959,0.23842603658971376,0.014463647745965777,0.014103743224794458,0.12179487179487179,172.46831554306092,1.0
-2.091359,36,62.789534,0.2868636866479344,0.03742763523641414,0.08233778007309185,0.24593077563918783,-0.024625918006684917,-0.03004195218488947,0.12268518518518519,175.4830993999747,1.0
-1.18253,37,62.883508,0.28214655857866366,0.027409566332503427,0.0782477222517499,0.25213157496769434,-0.013731051665518267,-0.008492415185575917,0.14189189189189186,178.14082676571957,1.0
-1.198484,42,63.025011,0.3061405406325207,0.0381921789013327,0.06811176833003103,0.2139787215788027,-0.023384339289242384,0.008739308162286939,0.130952380952381,178.18438076898508,1.0
-2.175143,39,63.119869,0.29576732889096186,0.02321527555600264,0.07557378449321593,0.22983624007584225,-0.008435192903816424,-0.025539619976519493,0.14529914529914528,178.90702229086966,1.0
-0.331731,36,63.207399,0.2724355862454107,0.035662325490261604,0.08382412194220479,0.26974261894165513,-0.024877484617803466,-0.021551037701682547,0.1574074074074074,177.4451490974407,1.0
-1.987397,36,63.297305,0.28453260666175023,0.029366320827426882,0.0753501336694241,0.25050712714134005,-0.01057544362141053,-0.018921731831014563,0.15046296296296297,177.58514462234427,1.0
-1.112364,36,63.387583,0.2751766852287577,0.03835973013139726,0.07253175874306107,0.2641818319231585,-0.026295154841006977,0.02124596904976311,0.1597222222222222,181.01298752764194,1.0
-0.800936,43,63.498841,0.2962593998346298,0.042331233640470145,0.11012020958429125,0.22671385357748067,-0.015145168608990634,0.03374407245529756,0.1511627906976744,191.5162328541494,1.0
-1.54131,39,63.628186,0.291119629542054,0.03624111988069566,0.08412197494368436,0.23699456803023203,-0.013409089145917768,-0.0306214692207015,0.16025641025641027,182.29226496131528,1.0
-2.011967,40,63.729847,0.29653209818014115,0.0639633249006789,0.07996615365249557,0.22891592121321067,-0.045333037969634365,-0.0017391010154794793,0.1604166666666667,185.3953175865501,1.0
-0.993132,40,63.834265,0.2891572796148205,0.053471539379463355,0.10707715449781861,0.238889628054541,-0.040167736057022674,-0.03623615973682421,0.1458333333333333,176.57425262895805,1.0
-1.166438,39,63.935388,0.2902648433439163,0.025330930765423525,0.06909893880763184,0.23712032870990976,-0.007352194137989383,-0.013441499389064911,0.13247863247863248,180.4235149842458,1.0
-1.867254,35,64.025703,0.28379825849986284,0.04393801120944538,0.061704885752219385,0.25404258285348674,-0.02831373320081278,0.014691184544319058,0.13095238095238093,166.39872823816688,1.0
-3.871743,36,64.118636,0.2893995658982507,0.03579710345099475,0.10703500625411153,0.24443239890459856,-0.013500787310422997,0.015356719102000902,0.14351851851851855,182.4645092603995,1.0
-2.122101,37,64.21259,0.2895553657041428,0.05538009070342529,0.06747376049902845,0.2406974032124561,-0.0410066478969417,-0.016714393206870543,0.1463963963963964,175.58575382782425,1.0
-1.11246,40,64.340136,0.2947556446356532,0.024468345291940787,0.07600251768990872,0.23029849055202062,-0.009593895757672758,0.024295857787077442,0.1208333333333333,176.07758407549846,1.0
-1.543873,37,64.434884,0.2894758833618113,0.03487144677942041,0.0814840948198248,0.24147956882752034,-0.013457896527713105,0.000986671740907234,0.13513513513513511,174.14304431108596,1.0
-0.770062,43,64.542991,0.3031253506671701,0.025590803477177154,0.0735243898300791,0.21927074528458945,-0.006123907075792312,0.03713140050732611,0.13759689922480622,177.97461375551092,1.0
-0.955805,38,64.63977,0.28711693203320676,0.038704445765295,0.07726233540314441,0.2435168356840874,-0.027620131047321632,-0.01122052182783088,0.11842105263157897,178.44540316674397,1.0
-0.797868,39,64.738953,0.2845183574833017,0.02015311793601547,0.11139664252817434,0.24705392014205638,-0.007250636441103653,-0.003318385077814833,0.14316239316239318,179.16967611932793,1.0
-2.190505,38,64.833048,0.29230621282333114,0.027042151549059857,0.08410460780589209,0.2356074202940024,-0.01158132332409218,0.008821010611133596,0.1754385964912281,179.5819327704915,1.0
-1.462527,36,64.923499,0.28259656682709144,0.03726412836917754,0.06590329419453617,0.24985441062509986,-0.02390352527597365,0.019959003853457488,0.13194444444444445,181.3261938174321,1.0
0.155821,41,65.067548,0.2860689523330733,0.03380784741125816,0.086814059445221,0.24455638941716035,-0.015220883809561799,-0.010763603890552084,0.14227642276422764,185.99804093457317,1.0
-1.641036,37,65.163881,0.2875929259198344,0.02392946213098628,0.09565184843532107,0.24325949702348001,-0.0022174472828320356,0.01464918451924093,0.14639639639639646,173.88678294020036,1.0
-1.053945,45,65.278419,0.31071478107288264,0.03399494247596522,0.07074762436360348,0.20814313625369113,-0.01891665136468133,-0.0012891257430025433,0.13518518518518516,182.77179997629554,1.0
-0.096251,41,65.385374,0.29326413666704826,0.02792492174659499,0.06948432231872502,0.23177555682155587,-0.016796966792691204,-0.004419275782418894,0.13821138211382114,175.26916763961287,1.0
0.305449,47,65.503654,0.30763411160717946,0.02612433121369907,0.07597465225941358,0.2120324505527972,-0.00459438678977916,0.020594872248493608,0.15248226950354615,184.2541803098115,1.0
-1.034481,40,65.609362,0.28865872762561395,0.03874947593323541,0.09303781620978556,0.23903001895188125,-0.017740732882914393,-0.008960074156831763,0.12916666666666668,185.85973539392893,1.0
-0.31421,42,65.742683,0.299447908871424,0.03790248258934992,0.06463147846951975,0.22428745205734474,-0.019152756767313022,0.011464876301802655,0.17261904761904762,179.3798222832224,1.0
-0.372712,40,65.84216,0.2929499643944041,0.04216451717705426,0.08932321188007672,0.23392508029542433,-0.027148287731089064,-0.05020644149004738,0.15208333333333332,168.85556882192188,1.0
-0.695147,37,65.93426,0.27767377815169364,0.038478822944242305,0.09371578774266694,0.2611611551396616,-0.020695460593108495,-0.007785963793651762,0.16666666666666669,179.0731529382963,1.0
-1.309629,38,66.029281,0.2903065354801873,0.026008843942364013,0.06968486237836624,0.23957835809702246,-0.004893755149122854,-0.005578223157109316,0.15350877192982457,177.3326355666219,1.0
-0.607279,40,66.128052,0.29486294650221667,0.03641489142598854,0.05453130342064493,0.22984546387975882,-0.02137960114016693,-0.007347267293557785,0.14791666666666667,170.78941637650934,1.0
0.214137,40,66.226763,0.28470644092114467,0.02673328523732935,0.08550812586073864,0.24693092870025524,-0.010939510952808802,-0.014309454062425947,0.13333333333333333,181.45201086051193,1.0
-1.107344,38,66.346369,0.28802717013599133,0.03278816767760717,0.06662313309639116,0.2427978490687594,-0.01192971852633515,-0.018647417973687987,0.12938596491228074,175.8396697398176,1.0
-1.087411,40,66.445215,0.2899597807964382,0.018457027634521714,0.1186412616730136,0.2368799604877574,0.0046163160284637215,-0.01049143335938321,0.16874999999999998,175.08512386367545,1.0
-0.797224,43,66.56496,0.3033644285624025,0.032446603678220234,0.07651701159672573,0.21846804668944714,-0.008976680223511552,0.016844116392364755,0.15310077519379847,186.14514235429934,1.0
0.039898,42,66.670102,0.2932557165644643,0.02253437074515947,0.08201635018586217,0.2314393954159464,-0.005842478984605818,0.006758229507533895,0.15674603174603177,183.26890244521724,1.0
-2.246658,37,66.760168,0.2907218561460079,0.03553480767044608,0.08205635711205245,0.23903730208326585,-0.0182171601079787,-0.005238031639306741,0.15540540540540548,175.95907355132368,1.0
-2.018363,39,66.85644,0.2958676908474711,0.043623674510181294,0.1000283175786308,0.22939623080210125,-0.023677801564999896,0.029596764365748075,0.15811965811965814,179.59491915264525,1.0
-1.243891,40,66.960497,0.29677168797640924,0.018124271617437668,0.08147465702628488,0.22758274023818897,0.00390797506338888,-0.02624597283235035,0.15625000000000003,173.62990022803098,1.0
0.586216,40,67.088245,0.28413280942945734,0.036888427800033444,0.07173206480588976,0.2468583569556621,-0.021007557697575042,0.030905741586308134,0.16666666666666666,172.5690048266235,1.0
-2.483747,32,67.171887,0.27051241223866324,0.03729517289358827,0.057307603144940704,0.28414466949450834,-0.006860220173904657,-0.020139568471347555,0.17708333333333334,172.1257195093493,1.0
-2.006441,35,67.257047,0.28643598572219614,0.020965163420879458,0.068112091205508,0.24793408494439342,0.007387124407595964,-0.009673138430402248,0.16428571428571426,167.5525637754722,1.0
-1.35597,36,67.353177,0.27692888414798983,0.0411862181191797,0.09054175318043665,0.2630276446229922,-0.023964990587812887,0.030387418960522192,0.16666666666666666,174.83755189951273,1.0
-0.998185,37,67.450595,0.2780641309486151,0.03447628611668285,0.08542474003966674,0.2597551843074029,-0.019375315151044452,0.012290295317924005,0.18693693693693697,180.78326752467373,1.0
-2.08498,36,67.541696,0.2838937282964551,0.04441148813063369,0.08522409898147126,0.2513830833941781,-0.02144956116875206,0.00878145321986866,0.17592592592592596,177.4077114162227,1.0
-2.26998,34,67.627769,0.27749103374142475,0.03129877597815965,0.09748826417945804,0.2663654724473981,-0.006201249161475544,0.026507053606042597,0.1715686274509804,169.30140022519265,1.0
0.405556,44,67.756759,0.2941685073323653,0.021308618379491457,0.10040944100506426,0.22953753207201608,0.00681262970525194,0.022845731314060966,0.18181818181818182,183.65128012230363,1.0
-0.691125,39,67.859605,0.29338489612704405,0.026686561182126936,0.07095306363376545,0.23278495675661198,-0.006598241376463201,-0.008315134610549401,0.18162393162393164,176.7374485049944,1.0
-1.368321,38,67.959424,0.28998098326304944,0.027081181269324156,0.08526728222003435,0.2396082340185407,-0.013870862149602524,-0.013207230320473667,0.17543859649122812,173.46543988692017,1.0
0.587455,45,68.077044,0.29775234997335964,0.04670083291120547,0.0906701713622616,0.22435562798153136,-0.02015979518450655,0.013784865579173718,0.15555555555555559,185.01435819523937,1.0
-2.45639,37,68.171168,0.28795784050807965,0.03344240382648582,0.11384615446862013,0.24288802643929092,-0.003278571456001038,0.004555938710498716,0.16441441441441437,176.7420959393146,1.0
0.939499,41,68.276515,0.2884316860838632,0.026487934247097538,0.060696678139658226,0.23986835356752725,-0.01204707298894124,-0.0034211651601882783,0.15853658536585363,178.16285952789494,1.0
0.511252,44,68.406818,0.2940977887868986,0.025397730544889686,0.0890412159604321,0.23045743436878902,-0.007304105348539095,0.03270383943724073,0.15909090909090906,184.32545600876597,1.0
-0.97814,38,68.507684,0.2848423619398775,0.05155395247545179,0.09117525226038242,0.2453378168760951,-0.03843410981888281,0.021817263179865355,0.14254385964912278,177.79607941003027,1.0
-1.166543,36,68.601666,0.2830088499718344,0.027605856513306295,0.07092232859261935,0.2537907010873324,-0.01224590786056579,0.012743623115854643,0.14814814814814814,165.64418530827697,1.0
0.417955,38,68.696386,0.27479149603975944,0.03293309397851419,0.0908538256990159,0.26366193902251817,-0.019410426606787257,0.031692783066965345,0.1447368421052632,179.42906335288993,1.0
0.742471,40,68.797732,0.2816343003377948,0.02578346171768776,0.10171419930123342,0.24843339686759988,-0.00743098204235359,0.04403391115078508,0.13125000000000003,179.49538995563074,1.0
-0.252742,40,68.896477,0.2882403068404389,0.038858160236804364,0.06560037952247984,0.24115744600181405,-0.01845786264295728,0.018389807147739006,0.13958333333333334,178.6143173183952,1.0
-1.964294,36,68.984719,0.27944064423312237,0.04726765235987582,0.09341563703624636,0.25812673782637724,-0.030856651106964467,0.022790946434441534,0.12037037037037039,180.01313415333112,1.0
-1.536947,40,69.106416,0.29376607962409473,0.032701962751409984,0.0747219059215077,0.23228896059806559,-0.012530995485368892,0.01727731237241558,0.14375,184.1319430083403,1.0
0.25528,42,69.208816,0.29446710782423907,0.028752811931509813,0.08466209030835929,0.23057486182775647,-0.015447772114144328,0.0007803099837644352,0.15674603174603177,180.53212804025574,1.0
-0.523427,38,69.300294,0.28279144043237286,0.04566429865049047,0.06743148993147192,0.250046146900182,-0.029352396156561888,0.01212963716004373,0.1754385964912281,173.39627177288114,1.0
0.23359,41,69.402421,0.28987969095623994,0.026445824007795778,0.06712511870222308,0.23588800526889087,-0.011415106921806667,0.021670855013168355,0.12601626016260162,176.29879864149294,1.0
1.493328,44,69.510982,0.29671443024398975,0.03850497809415225,0.049327081722521295,0.22575764907932297,-0.025243044400020922,-0.002059245263738643,0.14772727272727273,182.4226025880764,1.0
-0.253502,44,69.631589,0.30106453870398986,0.05532729756145682,0.06752764832298593,0.2198015366088727,-0.03045371259971598,0.0068080068337269374,0.15909090909090912,186.8003828813488,1.0
-2.279225,37,69.747797,0.2810463466129912,0.06813604559205669,0.10349701370770227,0.2550474472068008,-0.04263558506492253,-0.0371353743267665,0.1486486486486486,177.73961038467084,1.0
-0.772387,37,69.838729,0.2758948467178325,0.0300308851988304,0.10248119197344245,0.26112426824309626,-0.00770189761098059,0.0013803631140488764,0.16891891891891897,175.71514191364722,1.0
-3.001968,36,69.931582,0.29345897387758013,0.03390747684666373,0.09061149688861234,0.23567409056260416,-0.014924793486859461,-0.016997527383043574,0.13888888888888892,172.79695504412607,1.0
-0.123809,37,70.02685,0.2793090433434064,0.032138737811996124,0.06445631603587089,0.25570431082131034,-0.019802325759633515,0.014734935247581377,0.14189189189189189,170.7670786162974,1.0
-1.71901,38,70.126778,0.2912965640095304,0.026369705399741167,0.09027701976952722,0.23731242322720125,-0.008401020856967137,0.019226424375924485,0.13815789473684212,176.29801614906305,1.0
-0.315,40,70.222442,0.29024845455347936,0.02910575404639008,0.06475049280307023,0.2381201376114644,-0.010650503773596292,0.02529231759183425,0.14791666666666664,184.1602728583012,1.0
-0.695765,36,70.306602,0.27847912782536693,0.034445079624399036,0.060102306831973436,0.2563894071315872,-0.013529959036044524,-0.013620863430290068,0.1388888888888889,170.36532988659349,1.0
0.212865,40,70.429151,0.28167236619047437,0.03059781138708224,0.07453862265867091,0.24872733113012208,-0.002837190074980664,0.019339212913018922,0.16666666666666666,182.14128216949703,1.0
-0.78022,41,70.529742,0.29566430326789767,0.03561910279062939,0.06446562680806864,0.22872220689737727,-0.020844831231383663,-0.02595037991301905,0.15650406504065043,179.36000642273797,1.0
-0.547657,38,70.621886,0.2756743532713445,0.03919958945602524,0.10244408264520308,0.26194856533642724,-0.020874820341703893,-0.02567584918538697,0.13377192982456138,177.2360986468614,1.0
-0.018413,41,70.723996,0.29065883016700406,0.05073914752193556,0.08466753901482428,0.2355514631021829,-0.03658589867785674,0.009302421031904573,0.14430894308943085,179.4857611956926,1.0
1.214551,40,70.823803,0.27843748815376906,0.04047498111392964,0.07107667196581727,0.2563360947308416,-0.03025061530968993,0.02802438623994295,0.14583333333333334,183.73977889624516,1.0
-2.262168,38,70.919688,0.28671946885248417,0.06641447226422187,0.08870841598517162,0.24368695550346467,-0.050265318368660376,0.023940230587289012,0.13377192982456143,188.75737544924772,1.0
-1.355172,35,71.025071,0.2719529208553695,0.0571308096153578,0.09155505202614432,0.2692269321439068,-0.03116705196325775,0.0376776046174524,0.13809523809523805,177.54853334903441,1.0
-2.069538,36,71.11647,0.28623817164201154,0.0520409866251494,0.0994952102327244,0.2515319440306701,-0.03211476146609496,0.003798106086245553,0.15509259259259262,172.82263619308313,1.0
-1.760489,36,71.204516,0.28398078131009913,0.03875579506021301,0.06874931908236384,0.24849623623016256,-0.019061430515461473,0.0038991868372462435,0.17129629629629625,176.06864132461135,1.0
-0.874436,42,71.3105,0.29826425207330914,0.05152092830246061,0.07040504498954482,0.22391898595363827,-0.03310119594713067,-0.0014620569421038452,0.16865079365079366,185.40785209692578,1.0
-0.798566,36,71.398641,0.27766913559670486,0.0434942449619033,0.06157477635588076,0.2590743268236236,-0.026066372098545367,-0.02284474232193609,0.16435185185185186,175.48019937960711,1.0
-1.436803,38,71.489818,0.28811106456951674,0.031803296233456416,0.10894338493254765,0.24177333633374223,-0.011869676643106253,0.01691493306532386,0.1337719298245614,175.2933734818925,1.0
-1.852795,36,71.573266,0.2821788944869601,0.030719121393735876,0.09351077893768674,0.2537738724008718,-0.017235593048102602,0.02197299181798633,0.150462962962963,175.72198255488127,1.0
-1.455502,38,71.683701,0.2900083644609083,0.025534519233667643,0.07685622292197508,0.23802255561779537,0.000341121381903853,0.03683539239834172,0.16228070175438594,176.49609130213062,1.0
-1.820385,36,71.775743,0.2830644026154232,0.04336723760480893,0.10136088376047503,0.25187967571296954,-0.022918202815529396,0.013700592436945026,0.17592592592592596,173.58403209250997,1.0
-2.730778,33,71.862411,0.27362241625868006,0.04369259919375804,0.1008867741765978,0.27582998338296544,-0.02116345343503804,-0.035654815950658295,0.16414141414141414,173.0845296039086,1.0
-2.344365,37,71.951618,0.2856242146151929,0.03472705384068678,0.12331200811172983,0.2457238307891713,-0.016562826975690868,-0.011218628880770659,0.16891891891891894,179.33338265508092,1.0
-0.876667,36,72.041782,0.27812180214920174,0.0484536268497352,0.07474512140552406,0.25838603495149476,-0.03262317600276954,0.023768504634426882,0.17824074074074073,175.83677867532595,1.0
-0.969473,35,72.131369,0.2709683615392299,0.037615711905955855,0.07262670316037323,0.27330450363997316,-0.012331450981924862,-0.028690805099847245,0.1833333333333333,176.92839801062684,1.0
-1.851463,34,72.214516,0.2788317700930879,0.03646376707684486,0.07951334788028355,0.26395723160075296,-0.018127594446615547,-0.0051253876582929535,0.16911764705882357,170.38306041881768,1.0
-3.230748,40,72.34069,0.2993522422683231,0.09496648520814506,0.09570315515119977,0.22510808201171573,-0.07761438962327669,-0.02005208519734496,0.175,179.47462036943773,1.0
-1.065115,36,72.431768,0.2763225670783149,0.04832962087591042,0.09163762179675052,0.2643745459391248,-0.024301075355337168,-0.027720892444476022,0.16898148148148148,172.79786126155219,1.0
-0.730632,41,72.529185,0.2922252692984109,0.053301435747116106,0.10100941792119811,0.23361174673652338,-0.03380822117857933,-0.004222481547488656,0.20121951219512196,178.46106453046676,1.0
-1.499781,38,72.623869,0.28309899730330085,0.04754499386944843,0.12203075829119381,0.2484637484840651,-0.029089703080345374,-0.052012724650372155,0.17543859649122812,176.25561470765697,1.0
-2.801667,35,72.708414,0.28246844026236184,0.0444524009026802,0.11117194502795395,0.2573070674847609,-0.024313027959582848,0.012915665002896261,0.13333333333333333,178.2948200569352,1.0
-1.32094,37,72.795712,0.28444567074007737,0.05608197934465831,0.07020074939843969,0.2493054364596219,-0.03919681882040374,-0.0008460053265719023,0.1644144144144144,172.39648811952608,1.0
-1.075143,38,72.883619,0.2876811709160904,0.037990141990602765,0.08186667792195826,0.24184477966118476,-0.024791104669297327,0.004230568283964678,0.1754385964912281,173.59390302716935,1.0
-1.114146,37,72.995247,0.2836444296358235,0.06603486207066132,0.062188146212188884,0.24952275474915703,-0.0452596439881015,-0.004625595928458008,0.16216216216216214,173.69109606592417,1.0
-2.392283,38,73.085305,0.2816487037429832,0.07479332110116534,0.12559103463421833,0.2533569455158298,-0.05707863732321246,0.014008047828087912,0.15350877192982457,175.16658948256972,1.0
0.37859,41,73.183142,0.28765616891097556,0.0370502175516953,0.08702612424103778,0.23966041095770252,-0.015110733776650528,0.004318688425197459,0.17479674796747965,178.27656389293617,1.0
-1.453746,35,73.265659,0.27734581559124544,0.0685500238959532,0.0666365067621544,0.2622599316341563,-0.050060871493294024,-0.029008053817516786,0.18333333333333335,173.25419622579935,1.0
-1.247772,38,73.358863,0.28464489924205305,0.042002602053701675,0.09825223570161093,0.2478529022229361,-0.024357380123601304,-0.03493587002205988,0.1732456140350877,174.21818313550364,1.0
-1.614351,35,73.443316,0.275873841687529,0.04629442334621715,0.07153164485145459,0.26634111009749195,-0.030066768741085388,-0.008281147147065942,0.1761904761904762,169.61879009393505,1.0
-2.004631,36,73.53173,0.28643041986656304,0.0539917053247182,0.06615150185937733,0.24763900425749583,-0.039114810900397486,-0.00848917468301525,0.17592592592592596,174.973080629696,1.0
-1.071602,41,73.653451,0.29110974409649204,0.05510719505416797,0.10058290216941046,0.23535774432406112,-0.03610013330139862,1.893398063463729e-06,0.17886178861788618,184.30280935716243,1.0
-1.109715,40,73.751441,0.29217433542958965,0.050350064975516355,0.10628681918816693,0.2337465414993741,-0.03183914717140297,-0.026630130875861434,0.18333333333333335,178.86717471180444,1.0
-2.259566,33,73.835019,0.27343631938236435,0.05139578265787606,0.09561683292024094,0.2752590148690378,-0.03430610942580919,-0.048762629305911895,0.17929292929292928,165.06256037179946,1.0
-2.432774,34,73.917639,0.27552296362278683,0.06886545280392639,0.088974918225949,0.26742662403238926,-0.050949788036621146,0.00417049887082251,0.16421568627450983,175.22485211624024,1.0
-3.06046,34,74.003977,0.2792888481434232,0.039198356943922416,0.10599044656910667,0.2631940536885407,-0.019856392629828218,0.035743430804318105,0.178921568627451,177.27718349596154,1.0
0.204217,41,74.107477,0.2854475602708869,0.059051934725997804,0.09428894858598408,0.24392157044666132,-0.041687446559333416,-0.041573389386304824,0.16666666666666669,177.76481954871886,1.0
-0.787999,36,74.201566,0.27676277748091505,0.050804179109892204,0.07359577575251819,0.26762363886249835,-0.03868158259727755,0.026429302528421312,0.17592592592592593,170.37438277742578,1.0
-2.59705,37,74.327144,0.2800932938580515,0.07623582242037749,0.13225052752156352,0.25402811823764315,-0.05814143061375423,0.04454571857426154,0.17792792792792791,181.1291011822693,1.0
-1.903212,34,74.413066,0.27696157217441075,0.04243043862311887,0.08667790263849766,0.26980904074692763,-0.02953893691553384,3.286310623897984e-05,0.15441176470588236,169.66210696100367,1.0
-2.114584,38,74.510982,0.29023136023716295,0.07348867509958729,0.08803183483386164,0.23787274201244543,-0.05264723863797272,-0.04411148660966456,0.16447368421052633,174.6791470094564,1.0
-2.604214,33,74.596253,0.27184868650066646,0.08603155693639117,0.0945702805062681,0.27783555381824193,-0.06481898516805573,-0.02112245519203188,0.1767676767676768,169.14029920202438,1.0
-3.842901,35,74.683764,0.28701668347721504,0.08157421784841293,0.11147262722383898,0.24890792598735,-0.05677952331020497,-0.014308768473607082,0.17380952380952383,177.23683947274412,1.0
-2.701341,41,74.786134,0.29778775870771573,0.08451854563291981,0.11003565326533633,0.22786973977537614,-0.06435895432579769,-0.06510060893575505,0.17682926829268292,179.7740868605243,1.0
-0.472798,37,74.878988,0.2752216188562826,0.030300951975795295,0.11576632764981308,0.2638768476843058,-0.012997792079860453,0.04099384337402109,0.17567567567567569,170.333167022911,1.0
-1.054745,36,75.001776,0.2727599343653859,0.06467650194765197,0.08533498081745233,0.2721740815779119,-0.042460617454836785,0.008295832071725791,0.16435185185185183,171.26123441138972,1.0
-2.098802,36,75.091618,0.280798854099629,0.07976199977569055,0.09596635405004932,0.26083151838322555,-0.05989299361689503,0.0049421826828970694,0.14814814814814814,167.62161321045585,1.0
-1.247056,36,75.182878,0.2696754167100168,0.060553545492975376,0.11436803405861656,0.277571220438225,-0.04142492781819871,-0.030159342411877454,0.16666666666666669,175.4788687422029,1.0
-0.271673,41,75.282827,0.28918102229593023,0.05310154111366157,0.08932220023973118,0.23699305208034066,-0.036943894214686204,-0.009942757517495949,0.17276422764227642,178.85213669601077,1.0
-0.305679,38,75.384298,0.28025757321992495,0.05675447547237946,0.07475549955653098,0.25508925685720585,-0.04334623162758815,0.0033040994011087994,0.16885964912280702,177.979093200277,1.0
-1.680574,36,75.473691,0.27761592209536495,0.03845175891842545,0.11802728693113775,0.26195930396319356,-0.012675844952877054,0.030098917983690916,0.18287037037037035,172.7366567206109,1.0
-0.880439,37,75.568535,0.278007636646686,0.05800617398711151,0.08638280711672992,0.2599686675105827,-0.04272664888194677,0.020213604919571596,0.19144144144144143,174.17834338676798,1.0
-2.331332,38,75.710716,0.28995795090069154,0.05267732893485475,0.11698988464092075,0.24107175126588454,-0.03492129859954026,0.030874160220086405,0.18201754385964913,179.6345130889647,1.0
0.293854,39,75.81759,0.27569301709778604,0.03201363078707262,0.08161115550077151,0.2596514836660298,-0.014467945005556624,-0.04232373838589552,0.19658119658119658,179.37117172652586,1.0
-4.464103,35,75.909842,0.2832878720628314,0.11000871151907686,0.11989815636653353,0.25530456626377385,-0.08659015792715698,-0.036922407761373115,0.17857142857142858,171.1108615193557,1.0
0.169721,39,76.012098,0.27939491440334757,0.05468037045400011,0.07623175076168393,0.2556822233820553,-0.030651038557336602,0.010534745137821657,0.18376068376068372,182.8662982682352,1.0
-0.40013,37,76.106339,0.27616199450647344,0.04984815253464955,0.08178854777266609,0.2632465843381841,-0.031676078068374934,-0.028900232134825673,0.16666666666666666,174.3148068360867,1.0
-0.827665,39,76.203377,0.2762643769084915,0.04031792319038322,0.13403381747386853,0.2617071282003465,-0.02440890875216883,-0.0013628037485366288,0.1666666666666667,179.35129072329545,1.0
-1.435253,35,76.286185,0.2758678445827442,0.05551082361920554,0.09348946265692379,0.26653378462214167,-0.03568130356103503,0.006270400243520693,0.18095238095238095,166.30520745835864,1.0
-0.496718,38,76.404975,0.28032124889588855,0.061469135027975234,0.09666913208271928,0.2557027596375834,-0.04239924838919571,0.001124505843210841,0.17105263157894732,174.6600653146704,1.0
-1.856182,36,76.497393,0.27861171387711525,0.07059498443034147,0.09172418730226746,0.2597497258072172,-0.053665155969857575,-0.003569953155988482,0.18750000000000003,180.6703723982627,1.0
-0.181567,37,76.592592,0.2786475510089591,0.03514120188363066,0.06765046183340923,0.25726360326049774,-0.020020207414460225,0.015076960609723671,0.20045045045045046,168.51156764346464,1.0
0.406624,39,76.693137,0.28089116387015783,0.03640401507585051,0.07211365927999991,0.25413790116251334,-0.020054399705363535,-0.004802345199609928,0.1901709401709402,169.30437203208376,1.0
-0.985446,36,76.789654,0.2742471794762512,0.07564107768767149,0.07835571683533152,0.26872351099677194,-0.05066996326433538,-0.0007029152473980783,0.19675925925925922,170.14724908409045,1.0
-1.40513,36,76.882539,0.2784411179611365,0.05787966749565685,0.08613237706681567,0.26076134103879417,-0.04165553245677619,0.015439240033906235,0.1689814814814815,169.90671854660178,1.0
-1.148106,35,76.970554,0.2764010662686151,0.049912388804154995,0.07248512648042024,0.266710219788935,-0.035482576929135104,0.009821493004781532,0.20714285714285716,172.26296008979045,1.0
-1.457642,36,77.08222,0.28078784479080615,0.04275059696435375,0.07982916471603207,0.2549070284600394,-0.02252373272549389,-0.0006809231169384532,0.19444444444444445,173.87217944016996,1.0
-1.861377,35,77.171477,0.2776245812640752,0.04091426662508319,0.09446068105946799,0.2659217078477381,-0.02205529354533365,-0.0013316188264278388,0.1666666666666666,175.6963906432145,1.0
-0.511597,37,77.260423,0.2762372351361722,0.054321190159725724,0.09833607909506575,0.2669293000559582,-0.03693133478955969,-0.02338476748997088,0.1936936936936937,167.00235741788,1.0
-2.333842,37,77.353364,0.2843370129793861,0.06676233452065775,0.10987393262162823,0.24769296935304838,-0.04984154748425161,-0.02935365836206862,0.18243243243243246,176.5514826120495,1.0
-1.653372,33,77.432839,0.27068435391905465,0.04629092723392848,0.07223895111414698,0.27796397306667187,-0.026424393009496578,-0.016554314223798033,0.18434343434343434,169.14731656813464,1.0
-1.083808,36,77.522751,0.27762175091149704,0.05276423812824107,0.0837771029649164,0.26210580604319333,-0.03166216941219949,0.02847490667516359,0.18055555555555555,171.66643905832365,1.0
-1.173629,37,77.616821,0.28015538677967206,0.05230007690669351,0.07682430865007303,0.2583747697876755,-0.0358277923944691,-0.0014722776678367762,0.20495495495495492,175.67953834134684,1.0
0.378374,41,77.75811,0.28857706750971324,0.05630013982500878,0.07982999846199627,0.23970595854531504,-0.03995924487641749,0.0056869858267373135,0.16463414634146342,179.83315519917278,1.0
-1.77855,33,77.840894,0.27129569558828603,0.043071225242337044,0.07573418309633789,0.27476468564343515,-0.019662673449516156,-0.04341345078271924,0.19444444444444445,166.98850159060862,1.0
-3.137062,34,77.925012,0.28494496015139303,0.0713593074296761,0.08633828152306797,0.2522673790427478,-0.048255635629510144,0.03892869016699157,0.17401960784313722,169.44251405910305,1.0
-1.591609,37,78.017872,0.28293478520641707,0.058327596974463776,0.08677155683642718,0.25150987512903306,-0.04224367266950414,0.028452398267492497,0.18243243243243243,173.26429419880688,1.0
-2.912488,32,78.096025,0.27224782262902575,0.051812512871231974,0.06334845418830609,0.2777176324593141,-0.02833694560061494,-0.003129536090424467,0.18229166666666666,169.17827653128492,1.0
-1.488027,35,78.184433,0.270872022690602,0.04685405913575187,0.09641293320989196,0.2728552515292363,-0.03183924665828791,-0.014561065760385582,0.17142857142857143,171.26935202015574,1.0
-1.289708,35,78.268813,0.2746164784526511,0.04259297772278587,0.0863378198661682,0.2698362360489049,-0.008337428928416855,-0.004980692548380512,0.17857142857142855,171.77357929824606,1.0
-2.861779,33,78.373524,0.27556226435040243,0.0525119885809239,0.10281367820668486,0.27167156907560275,-0.028342349099711544,-0.011390965382832697,0.16161616161616157,166.2262207556218,1.0
-1.932295,34,78.459902,0.27235871610131895,0.052864724865324626,0.0814710361075081,0.27151252144728,-0.034793063498872664,0.0002518658839078344,0.16911764705882357,177.4012200421204,1.0
-1.468367,40,78.564664,0.28648584996751253,0.06336123096538375,0.11497336709677924,0.24224800792226692,-0.03290636998886011,-0.01052023310295561,0.17500000000000002,182.85746493914104,1.0
-0.700807,36,78.65715,0.2737832149985298,0.041886327559827706,0.06669898801601054,0.26776097122628484,-0.024693890872332126,0.003764805680287082,0.1597222222222222,181.04245009478325,1.0
-1.563712,37,78.745761,0.28577303310375396,0.04551540942983291,0.0699462156463474,0.24639656339144977,-0.033560820292911256,-0.008553523175131836,0.18243243243243243,178.59983898236504,1.0
-0.101524,43,78.855145,0.2927808951676996,0.05425272605826821,0.09778610235876149,0.232281561896511,-0.03888977741727785,-0.01691498458830512,0.18410852713178297,182.5788674446931,1.0
-0.805295,40,78.949194,0.29025935336597736,0.05772743069189517,0.07794803401583324,0.2363647169027852,-0.03720162957673072,-0.018070802771451636,0.17083333333333334,183.7247200667305,1.0
-1.112771,37,79.060091,0.28103446770207463,0.052146224910893275,0.09349353334997325,0.2560371391630305,-0.029984563435801647,-0.031225382827168937,0.17567567567567569,170.06675698842994,1.0
-1.299312,37,79.148588,0.28293265677765006,0.06614267253333107,0.0846521716021509,0.25303254409453035,-0.04667329446600277,0.008107133074065043,0.1509009009009009,165.38487152768232,1.0
-0.05866,37,79.234174,0.27009859545499004,0.05209026485167656,0.07921535066576411,0.2725982101366357,-0.025856090618712982,0.005626952751710365,0.16891891891891891,175.14717442123487,1.0
-1.044386,36,79.327519,0.2734410607030278,0.06367584707235385,0.09925950765127205,0.2681987922875311,-0.04294161978082667,-0.03502582213354413,0.1689814814814815,181.59852622255187,1.0
-0.476509,41,79.429659,0.29452923497957106,0.060786137658868755,0.07372705791111167,0.23068729195215212,-0.041094548305342864,0.024757184462652498,0.1971544715447154,180.04303166704472,1.0
-0.867432,38,79.529616,0.28069935445009025,0.0660229895818698,0.10327966790934065,0.2538900213075028,-0.04772264423082036,-0.0018251712924520242,0.18640350877192985,173.99256966010452,1.0
-0.771815,40,79.631736,0.29009491921761743,0.04317458026463734,0.07434433147060107,0.2372237370120151,-0.02883673241588358,0.007291115509776841,0.15833333333333333,175.1312127451719,1.0
-0.135602,37,79.756191,0.2775812879325441,0.037016531258514555,0.09183877797876297,0.26038316924597654,-0.012979262685740529,-0.010115640741881942,0.15765765765765768,166.43692624177712,1.0
-0.206123,38,79.847076,0.2829814127087221,0.05179664388737916,0.07774615459032265,0.25129304769047656,-0.034968984154339494,-0.025159264633911223,0.15350877192982457,168.32021580425956,1.0
-0.682775,37,79.938972,0.2811834474580395,0.06166033405075914,0.07052490191762137,0.2558990369987452,-0.04264632693576175,-0.013485609945433493,0.1734234234234234,166.74108578084616,1.0
-1.466194,38,80.040144,0.2857999149933621,0.04973712585652944,0.0860560246896361,0.24611736976366488,-0.03176028980191667,-0.014909818757220835,0.18201754385964913,167.6052385992769,1.0
-2.588782,36,80.13928,0.28096375888859365,0.04917577286448221,0.11066051138737888,0.2531903172635911,-0.033370887148738114,0.03692911836408019,0.16203703703703703,175.76391933891784,1.0
-1.131929,37,80.240423,0.2791969897535233,0.0484630738221329,0.08493924363731012,0.2576562531676881,-0.026956597700347813,0.008364666329087491,0.15315315315315317,177.91235567713272,1.0
-0.717145,38,80.378011,0.27897686562338025,0.044889621438578,0.12165740602458168,0.25778194531454507,-0.02846827102398351,-0.013231266092429387,0.17543859649122812,174.7553202000768,1.0
-1.802313,40,80.477988,0.291184901701029,0.08895024354733837,0.10131964278901376,0.23447402504659456,-0.0682062559758936,0.013946051628621942,0.14583333333333334,175.69241491938516,1.0
1.729518,46,80.588674,0.29623409870265266,0.049194541037028514,0.09039142868440711,0.22524591666970284,-0.029953327304761686,-0.02182998268194907,0.1721014492753623,179.41343201580813,1.0
-2.468608,35,80.67125,0.2816646409541525,0.06880533416344642,0.0808094277356872,0.25425546133593135,-0.0498497677769539,-0.013435054958325948,0.1738095238095238,166.4270195456807,1.0
-2.110928,34,80.753017,0.27653441527618133,0.06605087389769432,0.07980701709744453,0.2687531087703077,-0.039983880513922224,-0.019717892958592467,0.16911764705882354,169.87964624961495,1.0
-0.554847,41,80.859267,0.28585298993037306,0.07617387856282218,0.10836821315015413,0.2416321042298841,-0.04995138661053705,-0.04260303181500009,0.15853658536585366,187.38333520572198,1.0
-1.501267,38,80.961545,0.28132331953893663,0.0430300539168884,0.11270807224715945,0.25200209987314487,-0.018477229758499285,-0.009234933481910125,0.1600877192982456,178.60826751076527,1.0
-0.015898,38,81.08691,0.2811544559855447,0.05404146875952145,0.07318840981848589,0.25173220037406313,-0.03408078174278319,-0.0018610339984407266,0.16666666666666666,169.65929954102884,1.0
-1.347222,36,81.18452,0.282287929184437,0.057074383248663194,0.08658884253288543,0.2551085030919976,-0.0387831664696757,0.027504337697272382,0.1597222222222222,168.51186542427138,1.0
-2.086263,35,81.274209,0.2796190104854101,0.05979693133865987,0.08143919813578372,0.25700576610789294,-0.03975836483374757,-0.021539233805636243,0.16190476190476188,174.7160519516104,1.0
-1.303406,36,81.368993,0.28136340781664915,0.06590472466020658,0.06726041698030102,0.25463153662778837,-0.047875490701384804,-0.03138611749104385,0.1712962962962963,176.10436787605056,1.0
-1.509134,39,81.459748,0.2879515932483144,0.05745351122982408,0.09434215969080606,0.24247666384331937,-0.040890000207252815,-0.006944817447839875,0.16666666666666666,180.71235727336474,1.0
-3.051522,41,81.566034,0.3016418810159587,0.09616660787242631,0.09814686827281431,0.21911052076343746,-0.08083097305911828,-0.022195988311469225,0.17073170731707318,183.67501799707307,1.0
-0.675188,45,81.682859,0.30451504992166917,0.05040263651709694,0.10235734710863363,0.21698140779077696,-0.03252341255202277,0.01977299192304633,0.137037037037037,185.25746001349214,1.0
-0.724577,40,81.807831,0.28652728423713947,0.06052711668507572,0.11015171851998898,0.2424411679537728,-0.032059927081239156,-0.024389386983572174,0.15208333333333332,175.6087399999286,1.0
-2.236256,38,81.8999,0.27559846968832036,0.07694318928164441,0.1442467432631999,0.262044533876955,-0.055231645429441395,-0.061894106981573035,0.15570175438596495,180.63190040900759,1.0
-1.703862,40,82.002623,0.2985839784813835,0.05211780795176257,0.07965908529339738,0.2267558386783705,-0.04133628727902415,0.0301383783351934,0.14583333333333331,174.3627547403449,1.0
-1.204425,36,82.094932,0.27490354533686145,0.07474843687621312,0.09813647805904203,0.26954248375389955,-0.05302342971894739,-0.050012812921889506,0.14814814814814814,171.47703571525233,1.0
-0.30804,37,82.18831,0.2744476154213644,0.06041455691428659,0.09501742575794972,0.26475184337939994,-0.042245786994041155,-0.025133534706160563,0.16216216216216217,176.63187702074484,1.0
-1.066352,40,82.289222,0.28906756225175606,0.08203913214450242,0.10379047204844212,0.23965852667739926,-0.06691636426549648,-0.0677121345941539,0.15625000000000003,167.3202965244702,1.0
-0.565848,41,82.417493,0.2925114673248595,0.07296198056329546,0.0761300533431504,0.2333407791024357,-0.05259354575022079,-0.016544475384344632,0.18292682926829265,175.4446530935689,1.0
-0.626603,36,82.506231,0.2730562858936452,0.060021071155941935,0.08368244881128618,0.2679700660394949,-0.04284171407603669,-0.024151906801476657,0.13657407407407407,165.16138488517538,1.0
0.017556,46,82.623008,0.3059128854657222,0.05001860410116467,0.0801205032702303,0.21250401655183704,-0.028768671609471323,0.024575903129886584,0.14673913043478262,183.31438662436187,1.0
-0.0939,39,82.717162,0.2791871811234198,0.06405308324823351,0.057854259213880384,0.25473021110339117,-0.04504953807399098,-0.015530931229390274,0.13247863247863248,176.5474487480453,1.0
-0.523085,39,82.806942,0.28756325931583565,0.05867434811479559,0.08698647117292076,0.240001810961285,-0.037971004077868874,-0.02159551955264642,0.1602564102564103,174.22248024842497,1.0
-0.348516,42,82.908103,0.2890846996836775,0.039947659219444966,0.12046247296391017,0.2373099260941541,-0.015564785559785669,0.0006900272905207996,0.1388888888888889,181.2844151636146,1.0
-1.549234,41,83.005869,0.29936650969322226,0.07519142218956436,0.07659464561754183,0.22320848756778922,-0.05775751009149654,-0.01412020362288502,0.14634146341463414,177.8773883906936,1.0
-0.333011,41,83.135037,0.28423717416920435,0.040955535543632696,0.1313133850255538,0.24390048269705789,-0.02520908793895341,-0.019910088611474114,0.14837398373983743,175.64067176745442,1.0
-0.100937,41,83.231985,0.2844623426040693,0.06555608059511643,0.10215578198720615,0.2430962531584666,-0.048279333851999486,-0.026990779801723,0.14634146341463417,185.68463040857182,1.0
-1.663147,38,83.325926,0.2884249108079128,0.056008396603525995,0.09046257118579215,0.2418210660134742,-0.03548987333326494,0.0038585385663227976,0.1513157894736842,177.5391072813709,1.0
-0.396231,39,83.418489,0.2830970235199295,0.05551308075143811,0.11139263110707626,0.24818130227574292,-0.03803102615741722,-0.025611473090670734,0.13675213675213674,176.86135868181873,1.0
0.867763,45,83.523241,0.29610795701261267,0.06709733058347545,0.09262865522493074,0.22770845106307874,-0.048964734197124445,0.009083714620549575,0.1388888888888889,177.9225824476802,1.0
-1.09999,38,83.613568,0.2852695858930752,0.04306009360730889,0.09553872028450211,0.2461445319338262,-0.024052841991278093,-0.008739321617782715,0.17324561403508767,177.68479816842301,1.0
-2.015788,37,83.724139,0.28838103955957395,0.04049160251664178,0.08067940978690283,0.2420052627030634,-0.019380297651905232,0.013763558992110455,0.17567567567567566,172.57239151769167,1.0
-1.044294,37,83.812155,0.28053754990982377,0.06661156175249519,0.09222207625719962,0.25833159848107046,-0.04804703263050243,-0.025345340004211316,0.15765765765765766,170.44344277538505,1.0
-1.257786,37,83.899152,0.28172045556947106,0.06034472099565633,0.09514106194401786,0.25550022599134353,-0.044630817976732365,-0.023603244686321564,0.18243243243243246,165.53257293448476,1.0
-0.238537,40,83.99677,0.2820476673282077,0.04245754940721793,0.10538027318064316,0.24892456015428416,-0.03230505666995305,-0.02837573892753103,0.16458333333333333,186.38457841232767,1.0
-0.450789,43,84.101492,0.29925719469158935,0.056317378669735525,0.09278950958334652,0.2221030104569794,-0.033379069217252186,-0.014357969188041964,0.15891472868217052,184.88131440457613,1.0
-0.206863,43,84.21306,0.29312422698590884,0.06266556379749681,0.09446973997584256,0.23034806119032383,-0.043361973740175856,-0.04345053605971562,0.15310077519379844,182.46548908574889,1.0
-1.667862,37,84.330009,0.28140362650240835,0.07970319629653945,0.07942282799194707,0.2536661456985648,-0.055944739588149016,-0.01726788812184383,0.16666666666666669,174.00800027142887,1.0
0.185472,40,84.43007,0.288260435928094,0.042713397079424925,0.08551183186792026,0.24059046933095063,-0.026325747825495533,-0.018983283793869158,0.15416666666666667,171.63781719027776,1.0
0.117218,38,84.525789,0.27899965128955667,0.06680348255095224,0.08838260006803311,0.25384204103614494,-0.04821627020146416,-0.03157379765850569,0.15350877192982457,171.4700555935801,1.0
-1.024123,35,84.617985,0.2724131680539388,0.05977263155059224,0.08279292344747306,0.27127613321381133,-0.0378795761740983,-0.03950874804799162,0.15,167.8675103823491,1.0
0.653504,39,84.711027,0.2771197028918114,0.04503792681269291,0.07225508353139984,0.25673999887759724,-0.02821508050398837,0.02474500250553309,0.14743589743589744,180.2376520957669,1.0
-3.023825,34,84.797491,0.2804012453489291,0.08054352053267333,0.09555619296777237,0.2595215359790296,-0.059740157860652884,-0.03054269464541101,0.15441176470588233,169.37845887779375,1.0
-1.592836,38,84.894658,0.2799187297026597,0.06784927727089896,0.12637612070187387,0.25404429457255084,-0.0485076192170061,-0.04717802296085718,0.1600877192982456,179.43775665673255,1.0
-0.34657,43,85.058665,0.29854198339190446,0.06452170229715193,0.07250783350138576,0.22325736480490688,-0.04680834399341649,-0.029098049845595803,0.15891472868217055,178.7715766052908,1.0
-1.302019,44,85.16818,0.31111832101611697,0.0483277932507084,0.08368406969877334,0.20688225261974064,-0.024009080374476657,-0.010963187667181382,0.16477272727272727,181.44274628383133,1.0
-1.401577,38,85.261034,0.2866955721932875,0.05641076687300238,0.09354060250090919,0.24401173745076066,-0.030038255816923792,0.021210522608007622,0.17763157894736836,175.1678867015285,1.0
-3.296118,34,85.346598,0.2794065892009215,0.08669772516335691,0.06630565133794036,0.25968313859328174,-0.062212490789827116,-0.005179065326827948,0.1568627450980392,187.11987782389056,1.0
-0.077963,44,85.456272,0.298159900618873,0.06736425377456845,0.0976982940288676,0.2241895353363762,-0.05252997190893213,-0.026303707334453783,0.1647727272727273,179.0485998921225,1.0
-0.641359,39,85.550574,0.28355861840048846,0.08195698940805159,0.07726315257779508,0.24647989802402528,-0.05986230585191242,0.006116190224256315,0.1901709401709402,176.43536289098054,1.0
-2.009917,44,85.657578,0.30374084895179165,0.04856222465429237,0.12193577600448521,0.21665138249874277,-0.028507987488019682,-0.0010052773877814814,0.17234848484848486,190.24869306901599,1.0
-2.556162,35,85.776345,0.2775318266800453,0.08217000385386139,0.10028820488587435,0.2631036205239334,-0.059766996719180836,-0.024553493380325347,0.1738095238095238,162.86204186875224,1.0
-2.280384,42,85.881923,0.3011732678082548,0.07463526467978633,0.11425102428419046,0.22086942662674808,-0.05629412633563674,-0.013364375677952109,0.16865079365079366,176.73930610656484,1.0
0.112262,40,85.987277,0.2820365756477124,0.06649416009017618,0.11348012965891363,0.25143834745034893,-0.047615331990744234,-0.04419476862832633,0.1416666666666667,176.59244166139666,1.0
-1.221686,37,86.077919,0.28443693023509603,0.07052102186753827,0.07766646217970231,0.24780944669073027,-0.05242960560601623,0.01194418470492466,0.16441441441441446,175.29799131439447,1.0
-0.843317,41,86.177728,0.29519811657995615,0.06307255622380718,0.10089151446577795,0.23007343537161548,-0.04563695139797204,0.006899443118722788,0.15447154471544713,173.1952135288349,1.0
-2.046148,38,86.269588,0.28888915575800844,0.0690060859045824,0.07952550149804656,0.23874245769010213,-0.04622006247505211,0.0008610352263598284,0.16447368421052633,181.21065420090395,1.0
-0.268611,40,86.390367,0.2920891785526841,0.04553883661331413,0.0629747952908826,0.23278244553089317,-0.027753966974968784,0.0033587408398004005,0.1395833333333333,175.3418946969219,1.0
-1.199428,39,86.48455,0.2886828209159102,0.07545297904741073,0.06793747183465337,0.23953295809663097,-0.057462231977858984,-0.034563005269238535,0.14957264957264962,172.05116429747667,1.0
-2.944232,40,86.582216,0.29414402053779504,0.0739286831274481,0.1334666571512927,0.23169619542697598,-0.051916705452864566,-0.0035857348740643683,0.18750000000000003,182.15009688319904,1.0
-0.182751,44,86.688015,0.3002022132003551,0.0685420126058494,0.07905469042541807,0.22032125370032754,-0.047384066631402336,0.0031657590774030807,0.14204545454545453,189.19973969034803,1.0
-1.153673,39,86.780196,0.2861466277740189,0.07632874813850804,0.0913591911266296,0.24260650755344387,-0.05943530648342657,-0.02596175855483418,0.15384615384615383,178.63864529037298,1.0
-1.001818,38,86.870759,0.2848505228978985,0.0597774386790186,0.09319142619616215,0.2469414013999342,-0.043002674140295585,0.020917408303396567,0.11842105263157897,178.6268414719731,1.0
0.784257,42,87.011812,0.2873120864618858,0.03536612846346953,0.07431300695569129,0.238275134440796,-0.011714705575538822,0.020437588575300668,0.1388888888888889,183.24829546329173,1.0
-0.373846,41,87.119411,0.2904044867838979,0.07937567289013207,0.06621248312436633,0.2341473972414089,-0.060848840525791835,-0.02739582889448708,0.14634146341463414,180.32477747780797,1.0
-0.850218,40,87.216895,0.2924022738378333,0.06830030375814311,0.07542207795327252,0.2341642974586366,-0.04223073309949603,-0.010520158172543492,0.14375000000000002,166.989605422152,1.0
-0.339366,40,87.320263,0.28564309707019564,0.059966969514338705,0.07227825743994232,0.24425397710810764,-0.039769772331824715,0.0011074525405787954,0.1625,178.61889600617042,1.0
0.465435,42,87.421046,0.28891232089180635,0.05313770614024868,0.0787788569437407,0.23650254891903502,-0.03310383024715762,-0.014811650093696692,0.1448412698412699,183.30480204627318,1.0
-0.547168,37,87.509092,0.274290274336062,0.06705831260994527,0.06289664402684829,0.26529407904860935,-0.04482692963729586,-0.0017884181125840798,0.14864864864864863,179.898972036847,1.0
-0.407426,38,87.604855,0.2766845397756487,0.07970463676141047,0.08251876459789433,0.25868873718798796,-0.061089432080482654,-0.017116769713655323,0.11842105263157897,176.14620618086252,1.0
-0.95067,38,87.720872,0.28521094783709766,0.05383961397589446,0.0630119934178679,0.24477913499303844,-0.033375461094932155,-0.005561993173697846,0.168859649122807,171.6063048872709,1.0
-1.966548,40,87.823864,0.2979415171838388,0.034940246675084684,0.11399650992875839,0.22647857590448583,-0.008566412421474191,0.0123992634830772,0.15833333333333338,176.8401385741906,1.0
-0.568924,44,87.933844,0.30411529448695857,0.06777041949829526,0.07270544651411316,0.21557227394935632,-0.054724313848157076,0.0025280126945763336,0.15340909090909088,172.20838788567065,1.0
-1.089687,36,88.02327,0.2707055073499722,0.07721602789743988,0.10319777679302507,0.2704790681578177,-0.05522455730797963,-0.0757343243866217,0.16203703703703706,178.32590959070774,1.0
0.07057,44,88.12978,0.30191553176026237,0.049200319998453666,0.09688088752966253,0.21928467656105813,-0.02283007618562797,-0.010729071131183949,0.1515151515151515,179.1052622811736,1.0
-1.984721,38,88.246925,0.2936505571484801,0.07747397469128163,0.07791539245771079,0.23324517438279285,-0.053417651554002785,-0.023105596009668758,0.12280701754385966,168.37219556200728,1.0
-1.583279,44,88.437057,0.30423437383977076,0.07238314961720288,0.10086817592686735,0.21475335762269293,-0.05650835987495609,-0.02647789518950267,0.1534090909090909,184.51572974155684,1.0
0.393878,43,88.557692,0.29509923448208214,0.04327922346486501,0.08999832277181134,0.22697452305524135,-0.023400732168584917,-0.03184896577462828,0.15891472868217055,176.19592792493665,1.0
-1.05517,35,88.645391,0.27014568708078374,0.06514002570099982,0.08838432131103433,0.27402394544055175,-0.03985932659006692,-0.007955064382673793,0.15714285714285714,171.0302749794772,1.0
0.362622,43,88.762384,0.2978292753479564,0.05552515750490031,0.0808167189134144,0.2235066591109562,-0.03711259888379161,-0.009820798400153657,0.14728682170542634,176.50375916456832,1.0
-0.446936,38,88.862206,0.2833010899240764,0.06398234152284968,0.08345169000314588,0.2520769012289557,-0.04181656891916905,-0.029178436500109897,0.15789473684210525,162.69704319671652,1.0
0.099883,38,88.957647,0.2737940810313661,0.0744225112935664,0.0736298931664412,0.2671966360132845,-0.05468319722680128,-0.038587471725022054,0.1469298245614035,168.60133897956953,1.0
-2.818387,39,89.054191,0.28914301520577296,0.07944062501541575,0.1327361195716519,0.23786706871839322,-0.05593472147023478,-0.08010142470463749,0.17094017094017092,183.8944440602118,1.0
-0.832015,37,89.169363,0.27503107950132516,0.05481139335829863,0.07361505903320745,0.26047338683891824,-0.03224088716263018,-0.001981844569283945,0.16216216216216214,178.09167175307076,1.0
-0.131412,37,89.262044,0.2741975417683469,0.028657560026902482,0.1074904295537896,0.26629296219017634,-0.0038386531602414243,-0.006806655739820547,0.1531531531531532,178.7753496460393,1.0
1.529505,42,89.361406,0.28202555507464067,0.04577069465359033,0.10518028019253306,0.248375574124219,-0.02725572798015084,-0.005927468248250524,0.15674603174603177,177.47444236195454,1.0
-2.215003,39,89.458549,0.2898200472621622,0.04451137828468008,0.14249963213216804,0.2362312383469923,-0.00634639309392345,-0.02657479438683713,0.15811965811965814,181.00158534675487,1.0
-0.711608,38,89.551994,0.27863307197135295,0.032113139562963855,0.1320530025609764,0.256377371153352,-0.011611081075970872,-0.008156685870932429,0.14473684210526316,174.8776547374533,1.0
0.450697,42,89.656092,0.290857420377697,0.02932307679041411,0.1065265316379479,0.23367180659197384,-0.014609851172892173,-0.009014003046996451,0.16865079365079363,173.40666834012933,1.0
0.319858,41,89.785564,0.2879508006030253,0.03483569713502078,0.08655087663130746,0.23890096173607592,-0.012935051272797395,-0.007993904008300716,0.17276422764227647,179.1408027032774,1.0
1.291852,48,89.903355,0.29843909209772446,0.03716099669002196,0.10303626816194054,0.22159353083351044,-0.013523899995523827,0.027667289175776582,0.15104166666666669,190.55311723531997,1.0
-0.737634,36,89.992638,0.2773080179562718,0.034427884748819346,0.09333250314303417,0.2619883079371371,-0.004197359348281752,-0.010083819753659622,0.16203703703703706,174.2021002335957,1.0
0.387298,40,90.09251,0.2818604190698484,0.05260305715100266,0.08730677367453032,0.25210391300511137,-0.03333113879043319,-0.016341508909151748,0.14375,166.13102731462845,1.0
1.495065,49,90.211298,0.3073731153726695,0.026312548382250653,0.09426594450101491,0.21140605729920728,-0.002912562987890778,0.009537486059190694,0.16496598639455784,180.80024999588156,1.0
0.648438,42,90.320578,0.2886069740878336,0.03163728206112106,0.07228001800281589,0.23674327022931507,-0.002683270672271706,0.0011540496055211142,0.16071428571428573,182.75204907927613,1.0
-1.177785,41,90.458398,0.2939747554621691,0.07183945757766846,0.08204259559049956,0.22973818168549487,-0.049365294561593644,-0.02107993410010104,0.16463414634146342,174.5764410705479,1.0
1.355701,43,90.565171,0.28819671054688484,0.052311221363813255,0.08417393356723162,0.23658135886641876,-0.026746397554482156,-0.02990445237297647,0.17829457364341084,178.1085900619053,1.0
-0.693449,38,90.663579,0.2844282926076669,0.044962040225009464,0.09570009028666294,0.24494848007552628,-0.024478313655158932,-0.02736541019079105,0.16447368421052633,169.79628419587448,1.0
0.308265,42,90.765622,0.2906176037622091,0.05476800620883522,0.08939101435587521,0.23420525628604733,-0.039882210093610405,-0.043604618628423256,0.1706349206349206,174.28652407499547,1.0
-0.881875,36,90.853662,0.2748693957633908,0.03250213048917688,0.10046572232684557,0.2625152702186698,-0.005653708545839428,-0.001594846636908004,0.1597222222222222,172.2333483883042,1.0
0.202357,41,90.965806,0.2875462117334285,0.04476807929597378,0.10092161076230326,0.23956596199624314,-0.02189128596746845,0.007912415744275486,0.15650406504065043,176.18751891850548,1.0
0.345735,44,91.101554,0.3010732467438124,0.05253908755231335,0.06050211155981285,0.22030728322691384,-0.028452477373985156,0.014419003762170162,0.1553030303030303,180.3437245577074,1.0
-1.138561,37,91.19521,0.27688031906325344,0.06468715689202735,0.08469678515692489,0.25783044214834216,-0.041920370741420875,0.02232961690452303,0.1711711711711712,177.30456153663368,1.0
1.239704,40,91.296809,0.2779366589047846,0.046401270396894706,0.0892397737835105,0.25471739138746236,-0.022084732668411797,-0.007812705101422531,0.1395833333333334,179.43139773678584,1.0
0.017056,41,91.404221,0.29339945878902807,0.03245802582575702,0.07305602161353374,0.23164206387440844,-0.00504131770113295,0.013140628113636154,0.16666666666666666,172.4421753990043,1.0
-1.6007,36,91.496181,0.28134177425745466,0.0448069149172968,0.09167804599078268,0.25320664782982183,-0.022773963417643348,0.012507401737491148,0.15509259259259262,177.85457955023287,1.0
0.085695,42,91.596931,0.2899206854341872,0.03812936092653855,0.08384133708987161,0.23536878858294882,-0.012126197532275874,-0.02294887655215871,0.18650793650793648,180.6001614498572,1.0
1.155851,46,91.708186,0.29876887919420403,0.03230281001072691,0.08672393786911767,0.22167614176113593,-0.0077101682020350535,0.025514217101371178,0.18478260869565216,187.03488244224735,1.0
0.183267,40,92.113675,0.28204703789606395,0.032371383951810585,0.11714733407347168,0.24747881636724825,0.0013232277546257071,0.014167133861656767,0.15833333333333338,168.9387569613922,1.0
0.183309,41,92.220548,0.2840713720907107,0.03546787845890575,0.11165736023254595,0.24633673857444702,0.00857065523305667,0.008677939511567364,0.18495934959349591,172.53707593784148,1.0
-1.222583,41,92.327969,0.2988668451335492,0.05810477963936865,0.08589013979264737,0.22413091632308466,-0.04092996825575618,0.024009005769240817,0.15650406504065045,178.52590300787068,1.0
1.09804,46,92.442415,0.3008505245333633,0.0466900254384829,0.09216398058274092,0.21792038644977346,-0.033986123378818706,-0.017242984906413843,0.1684782608695652,187.6432775086868,1.0
-0.261201,44,92.552787,0.30397717539434393,0.042811354777005595,0.08936057746714776,0.2166804179073453,-0.017375790996917714,0.04218602380043847,0.17045454545454544,184.00441658205452,1.0
-0.574329,42,92.660477,0.2966529363865475,0.04815345619958848,0.07970665015933924,0.22514254457554395,-0.027291934254205688,0.004115617881442751,0.15079365079365079,182.84121662836054,1.0
-0.660062,44,92.795385,0.29533761345990456,0.030035231517420713,0.15806024677897296,0.22663242882090143,0.00385109915532562,-0.0011197027208688067,0.15719696969696967,180.33029976075267,1.0
-0.518386,37,92.887736,0.2776941937567068,0.06853173665172854,0.07289653775244427,0.2581193008447637,-0.04628296847762281,-0.007120922117041729,0.16441441441441437,169.61224762284934,1.0
0.888815,47,93.005811,0.3071777253165468,0.03901075750521951,0.08020884611191227,0.21043497113327664,-0.02140174242538039,0.03145725645126859,0.16312056737588654,187.37952906855236,1.0
1.500208,45,93.113513,0.29732977926419035,0.03628678945720884,0.08189656516077588,0.22305272460033648,-0.00830203249484333,0.014380158053212404,0.16111111111111112,178.25662160846866,1.0
0.199434,41,93.213012,0.28429880297971843,0.03187476700392684,0.08570323062541735,0.24373085378473833,-0.0031316319303473974,0.011154816678848168,0.17886178861788618,178.53476422377852,1.0
-0.180693,43,93.319473,0.2973038703752942,0.04414729613317367,0.09214750885342599,0.22409254479056306,-0.0198142829968849,0.00581596334401696,0.1686046511627907,175.19027949782839,1.0
-1.13622,38,93.449767,0.28639497325016194,0.044380341778962044,0.099692379817207,0.24572139822055306,-0.018508665710919005,0.002083337289830144,0.17105263157894735,169.71683296767063,1.0
0.195904,45,93.561397,0.3015984884375312,0.03311787383930656,0.082352319925346,0.21806184102466297,-0.0051711509202336985,0.01225705638272562,0.16666666666666666,183.2505150622998,1.0
-0.662381,44,93.67096,0.30196476562419416,0.04495689578247898,0.11785645637378205,0.2172349115325639,-0.023398290923697395,0.0322809123605891,0.18560606060606064,185.71152940522072,1.0
-0.002723,40,93.76946,0.28038548032302263,0.027381401499749356,0.12225096213010123,0.24920956689165616,0.013563926936984725,0.07393223115007634,0.14583333333333334,174.29410798912392,1.0
1.439057,43,93.8718,0.28851421700985913,0.028370679516339113,0.07323340953243257,0.2373758825989697,0.001257075925172754,0.0068383412468576606,0.16472868217054262,183.5094557999066,1.0
-0.106846,42,93.980129,0.29552324438257965,0.03776852045721938,0.08291646984946442,0.22874953424644456,-0.011590747554208731,0.05334257717135615,0.17261904761904762,179.67856632636213,1.0
0.533815,42,94.109735,0.28501692181489763,0.03586823112686492,0.12119919730367357,0.24421005178939006,-0.006741437632360575,-0.00043272359110698274,0.16071428571428575,174.85816435112756,1.0
-1.375345,39,94.202522,0.2878688267556854,0.04714732257303946,0.11445610902616518,0.23955250797217198,-0.027410990189744126,0.010947457714906766,0.16452991452991453,178.42856292669313,1.0
0.0925,42,94.311786,0.2969781107412143,0.044222193688180186,0.06452368878448358,0.22506633043465046,-0.019885933657998196,0.008691591903860221,0.18055555555555558,179.93979449157018,1.0
0.013037,44,94.415959,0.29308509352269757,0.03672849703364653,0.11111537626463543,0.22999964723494862,-0.014930148032209316,-0.017883425086849005,0.1837121212121212,182.49469155502862,1.0
-1.646328,37,94.506776,0.28488485002045183,0.03987102399831244,0.10826010426585565,0.2469848576191367,-0.019534618057057532,-0.0013028835567188142,0.17567567567567569,174.53956102506376,1.0
0.228839,43,94.616768,0.2982749581601361,0.03773459482979435,0.0813865569035508,0.22311340839353014,-0.01777723798346038,0.024567472582599014,0.18604651162790697,172.4702990664235,1.0
-0.37405,43,94.754936,0.3019359354422363,0.035611991007558776,0.08287426260050056,0.21809955480862017,-0.011395345253441741,0.037812969937338264,0.16666666666666669,174.7537574757592,1.0
0.828785,40,94.849706,0.28348780532288537,0.04518091478649966,0.07005830280307883,0.24682782864612532,-0.014905361763480613,-0.0003898017057902867,0.16458333333333336,174.39026306545614,1.0
-0.067512,43,94.954633,0.29600220136794514,0.039962189099322094,0.08340956677084285,0.22734245465061395,-0.014265688849310188,0.017673789744331495,0.1763565891472868,180.0280176323819,1.0
-0.805781,52,95.079825,0.32531796463682044,0.030443232079596077,0.11629768899050658,0.18794302063788743,0.005929132450451745,0.0009200751207061912,0.171474358974359,183.1360853615319,1.0
1.109092,47,95.19378,0.3002800422027442,0.05127647567583523,0.11394306550210755,0.21927420274269543,-0.03533699622039418,-0.025496012170538616,0.18262411347517735,176.56882357233914,1.0
0.482997,40,95.298922,0.27799914692658456,0.034372947174438215,0.09502604576895052,0.2536646190664691,-0.002421189832830425,0.01580435146808486,0.15625000000000003,178.12325794526572,1.0
0.111728,45,95.468926,0.3071655624931225,0.031116358306614286,0.07084122479837557,0.21178787336564525,0.012061052052382835,0.012878637674971714,0.18333333333333332,179.09021579172284,1.0
0.133311,45,95.580601,0.30448261024226947,0.026870703464337172,0.07071832171599222,0.2151833946138217,0.008385946317256116,-0.009050533879995102,0.17777777777777778,184.2362642518456,1.0
-1.736423,40,95.678642,0.2951144868468197,0.03875259237325316,0.09640093997850882,0.22952966529478921,-0.00457858727661783,0.011293416241525984,0.175,181.33691537657208,1.0
-0.012123,41,95.783244,0.28989271101797687,0.031890490168378444,0.08613095723027442,0.23650066305899997,-0.0031871869911198926,0.046078776753481814,0.1686991869918699,172.5673171231791,1.0
-0.324253,40,95.887707,0.28764868672545435,0.04126730413607516,0.07019235391920707,0.24117732121482857,-0.009977920089260385,-0.003980317143971098,0.18333333333333335,175.31353143406614,1.0
0.539115,41,95.987839,0.28651336855949894,0.03685875770174569,0.07846049700139367,0.24050601981868727,-0.015486476224074093,-0.01024010614608328,0.1951219512195122,178.7638062192544,1.0
-0.119909,41,96.114849,0.2917966560438391,0.03436868292199671,0.08313417723937569,0.23273254551964165,-0.009059710871348063,0.009805797530284327,0.16666666666666666,179.0526984051223,1.0
1.196331,46,96.225478,0.3028601874148153,0.044941592259141815,0.06721957159873107,0.2163945544844681,-0.03011347870599911,-0.000789076308280682,0.1684782608695652,175.0062186050345,1.0
1.392369,43,96.335955,0.2904125144820141,0.027315098223893976,0.09932995606684188,0.23382708818432954,-0.0034368995296379396,0.04906748080316671,0.16085271317829458,174.0426806494125,1.0
2.001264,45,96.446081,0.2948661421732178,0.027241437388016727,0.0785086507598819,0.22615533066126522,-0.005771525559591156,-0.0022647709082823566,0.17592592592592593,181.17590691750343,1.0
-0.197084,41,96.547455,0.2905866536148913,0.05235238531104305,0.06913914936209388,0.2357134333746661,-0.02627160156396829,0.03619943165476318,0.1585365853658537,181.17956180951407,1.0
-0.171142,46,96.667777,0.3147342936719585,0.04781306458318382,0.06731084608704457,0.20171093176153027,-0.029677398980493683,-0.01040513077337848,0.15036231884057968,184.61056664164468,1.0
-1.216669,39,96.799666,0.2973085103925484,0.047889746789519,0.07816176182084286,0.2259673474438574,-0.02878126659387818,0.012672600292636083,0.15384615384615385,167.0363442817129,1.0
0.354476,39,96.900539,0.2792697660261981,0.0351927376155753,0.07241645593481597,0.25191047433445707,-0.015498968999014694,-0.0137160436945179,0.14957264957264957,182.05963301665005,1.0
0.532979,46,97.013932,0.3058126556418982,0.035398231190786424,0.07309127933409902,0.21249630399267447,-0.003974308511577543,0.01901447824312547,0.17028985507246375,183.0892302760255,1.0
0.340293,48,97.134447,0.30958521975451964,0.04055097570955968,0.08305156971144043,0.20652820452609108,-0.0201188273014599,-0.005258566575029887,0.17534722222222224,180.55925449824238,1.0
0.43476,47,97.245064,0.3074322144528832,0.030582219550726004,0.09228870143293402,0.20974235157175114,-0.008115030750721976,-0.0017505553773356833,0.14893617021276595,180.6673243240569,1.0
2.080545,57,97.436264,0.32486541938258606,0.0320109748979797,0.09101839602317227,0.188128191941899,-0.0065623140113588874,0.03016420274105266,0.15935672514619886,184.40584556607052,1.0
-0.32462,44,97.54248,0.3006293641413557,0.03691041844256655,0.08986827019731654,0.21973672876225156,-0.015815510297214588,0.009443821303436824,0.18181818181818182,182.43362213403026,1.0
0.665038,43,97.643169,0.29243234787302697,0.03225195931998582,0.08326340352255497,0.23075549944702425,-0.0032261809691106957,0.02640477724933683,0.1763565891472868,173.0513398928187,1.0
-0.989059,38,97.735577,0.2911470001720229,0.04340578761184293,0.06408153794302428,0.23646111903211195,-0.026942075368298336,0.010383418666558047,0.17105263157894743,177.6539333593364,1.0
-2.059231,44,97.841783,0.31435185982060887,0.028012323053458382,0.08673665765106776,0.20319892255408661,0.0020755792672613126,0.016043042022809224,0.18750000000000003,181.53883775923933,1.0
0.540742,53,97.972009,0.32536060436778697,0.040260155419523505,0.07600454498527962,0.18880069130333602,-0.01484707419765053,0.017825610979341714,0.16194968553459121,178.58450954007105,1.0
-0.309206,48,98.109161,0.3071832309172163,0.03725036215260422,0.09721576283953341,0.21124146511907546,0.02130909822393173,0.03206633457744094,0.16319444444444448,189.56950817779432,1.0
-0.608161,41,98.205522,0.29249635957360004,0.0404587309471861,0.07558619121470021,0.2314095175975091,-0.009232250118883636,-0.0036161963382155245,0.17682926829268292,179.05427984157467,1.0
-1.568733,37,98.303833,0.28605464775682676,0.030504287580352257,0.08608832186995616,0.24496183398403407,0.011867130745510646,0.019452143688785024,0.18468468468468469,169.20411667682902,1.0
-1.550437,45,98.421177,0.30024371673731515,0.044906877047917584,0.11716846538328819,0.22052513756002115,-0.01743754162531664,-0.023553456807758482,0.19259259259259254,184.47785976114267,1.0
0.845219,42,98.528338,0.2871688202578251,0.040628787434718865,0.09749263919141161,0.23952872891481566,-0.018120904326732395,0.04433506314885399,0.1706349206349206,184.27808842463327,1.0
0.061437,42,98.637995,0.29112883983384535,0.03956213122397768,0.1073410960652469,0.23310408979369052,-0.014695071778623734,0.04102033618372606,0.21031746031746032,185.20964073698428,1.0
-0.10986,41,98.761151,0.2883587123851043,0.036473109594464335,0.0891666592056177,0.23869142791859574,-0.008121675456494186,0.009530203923865761,0.1707317073170732,178.5223344899371,1.0
1.520724,48,98.885981,0.30470853624555333,0.053754354332722375,0.07159102298721617,0.2151002187918385,-0.03139753644755717,0.015070949603497393,0.16319444444444445,190.18625363429453,1.0
-0.490379,39,98.986706,0.283044097725592,0.042299575045080064,0.08119723194637439,0.24791553648300935,-0.02237616960091227,0.019325099576592914,0.12179487179487179,179.19594596573273,1.0
-0.607924,41,99.085429,0.2980860851508865,0.05661793076258689,0.06064614686861558,0.2249069401841612,-0.04116289821605447,-0.02277102054845911,0.18089430894308942,174.17537201132666,1.0
0.132307,45,99.194641,0.30119996418481154,0.029557390141918678,0.08900201301750618,0.21794284177936746,0.019769399131445604,0.026057393748149076,0.1574074074074074,181.0105814363638,1.0
-0.667729,47,99.311731,0.3063830072415702,0.029980852057639517,0.11784280202359507,0.21295211402906458,0.001800115448045759,0.039018462728873334,0.19326241134751773,185.88587253354328,1.0
-1.208211,41,99.441773,0.2952803309870728,0.0285784838967455,0.0818514534674605,0.22820655989635502,0.014781024806637883,0.0032289138242120744,0.1605691056910569,180.05148522983615,1.0
0.844366,46,99.559712,0.30150845313442404,0.03859713221925624,0.09017732922110078,0.21834469488171215,-0.008804739118831055,0.007668244367714301,0.1865942028985507,179.99489999559972,1.0
-1.891473,40,99.659734,0.29507430857632794,0.04814010571007642,0.11045574594051867,0.22965125447700302,-0.026256269544522058,0.006160443745355354,0.18958333333333333,181.73183439864928,1.0
0.566122,42,99.767197,0.2890137622449521,0.03276551823017186,0.09121872678171794,0.23520180612459987,0.007321302730010728,0.03210703532972883,0.16468253968253968,175.61774282298734,1.0
-0.367629,47,99.879528,0.3102492326646969,0.02957193054749021,0.09763472219838512,0.2063115086328998,0.010866808750910097,0.03261133628305586,0.17907801418439714,181.5196798366427,1.0
1.375768,49,99.996701,0.3079952570027945,0.03671683319999602,0.0924784824455953,0.21075697164781243,-0.015132930042261107,0.002104172212222333,0.17006802721088438,183.85578582117947,1.0
0.349979,41,100.130967,0.286342276392578,0.03565588249299014,0.08470887776977364,0.24005830301940856,-0.007626225104042513,0.024934713440432094,0.16869918699186992,181.143470325096,1.0
0.561635,45,100.242381,0.301268798737143,0.04462121607088267,0.07628669338337042,0.21887674836097498,-0.02035171622583672,0.0019846003886126768,0.16851851851851848,177.55482744172167,1.0
-0.026445,39,100.342647,0.283342738787205,0.03758640639604907,0.07587601537413075,0.24840409613268874,-0.004102342484653983,0.008741713899241397,0.1623931623931624,175.1675533585995,1.0
-0.067907,42,100.440975,0.2936016140418503,0.03463413878946466,0.08926927892210108,0.23016321438258516,-0.0077592433311999475,0.03371281574685627,0.15277777777777782,176.19933885791465,1.0
-1.818295,36,100.533941,0.27999096771433907,0.02893411497943652,0.06293737568358429,0.2542720388649423,-0.0003662914338843693,0.013750602661127001,0.18518518518518517,179.33824655742245,1.0
0.952556,49,100.65767,0.3084715196473249,0.04503734319243414,0.08340193030027036,0.20913925666123973,-0.024238780997814267,0.03092739850235489,0.17857142857142858,185.49858398662343,1.0
-0.110168,43,100.80674,0.28807459003989166,0.05339070903254915,0.1351114998096074,0.23726370896356824,-0.019241395001686756,0.007325082100149702,0.15310077519379844,189.04484839309353,1.0
-0.047023,42,100.91064,0.29157231412740686,0.0336868138796825,0.1111677856485918,0.23294535443111367,-0.0025326414061857634,0.00544292285774636,0.1765873015873016,179.2858313006007,1.0
-0.823822,44,101.022698,0.30236412162471515,0.0319639369353597,0.10250850097940649,0.2196255844699224,0.016704378059873067,0.022788826137723105,0.18939393939393945,179.5463665693572,1.0
-0.846199,46,101.140219,0.3130831445631444,0.05641293747710714,0.06619726981053252,0.2023285299219197,-0.03100273573035588,-0.005188468639192491,0.18115942028985507,181.49233431563837,1.0
-0.203572,44,101.249769,0.3037735156870755,0.03530841540761264,0.05900410954934004,0.21610245444927248,-0.01705315473679661,0.008966802720989604,0.14772727272727273,183.9447068921359,1.0
0.519262,45,101.365684,0.2964293663868875,0.03719176356000907,0.09724257899590269,0.22452988958013986,-0.0011442784595518392,0.00808333510469975,0.15925925925925924,175.15094056466202,1.0
0.98691,51,101.523716,0.317795663275108,0.04063460873111316,0.093538485975991,0.19768766546548724,-0.023236648925889756,-0.002176418709200727,0.17483660130718953,187.0973069582892,1.0
0.969608,41,101.630821,0.28263473610486883,0.05385684723866867,0.07162862813928113,0.24560535536456082,-0.034399942213378505,0.028351236677345175,0.18089430894308947,178.81695924305242,1.0
1.628993,41,101.730389,0.278097494134571,0.03357909018559185,0.08425118222718468,0.25452789683709376,-0.008938552813506636,0.017208869134575637,0.13617886178861793,178.33074279687415,1.0
-0.064866,44,101.843595,0.2982388042363761,0.03413586134888831,0.10330052956198614,0.22319814711838173,0.0003903747203992573,0.024947444543490904,0.16856060606060602,174.5718841307126,1.0
1.379111,45,101.963368,0.2896074893384437,0.032021874391362865,0.1106568348159482,0.23420684000017372,-0.0037297345251557108,0.023334586982711066,0.16851851851851854,175.4284275508354,1.0
0.245573,45,102.075031,0.2992892065791681,0.03801246313234502,0.09209583857991635,0.22131945705062225,-0.009618116374214787,-0.004350610589960701,0.17777777777777776,177.8434884003364,1.0
1.162862,44,102.210042,0.28784130324921126,0.05242364652224876,0.08840788610044797,0.2352273217881936,-0.026638947919993907,0.034898082334528235,0.14204545454545459,185.87014067615195,1.0
0.570642,49,102.336277,0.3126996118812773,0.02987883769702383,0.09135626405295387,0.20384116032665356,-0.003483008384768112,0.02075126538844159,0.17687074829931976,183.15321074595508,1.0
0.342535,41,102.438162,0.2809592257456307,0.025383695504766355,0.10366963753919285,0.2478152919203981,0.007923740243616051,0.03231409973052568,0.1707317073170732,181.63218054090368,1.0
-0.643726,38,102.530997,0.2754244277000058,0.04518738699220716,0.08882484595971755,0.2578703363325392,-0.014067966569171081,0.04556622579076676,0.20175438596491233,179.65068115804704,1.0
1.97171,46,102.646336,0.29812142176526474,0.035534102982957755,0.07541733143163983,0.2214016930276852,-0.013265136026556212,0.007276363697407825,0.14130434782608695,177.58617564873907,1.0
0.784666,41,102.774125,0.27796809473571543,0.03413760459140882,0.10103739050277229,0.2528527294951525,-0.009280117238870607,0.034691162485047625,0.16056910569105698,184.78805294430683,1.0
0.047371,47,102.889109,0.30471580248025065,0.052344785310743824,0.1204434405655248,0.21394295069738958,-0.030164507956612744,0.007534938049214388,0.17553191489361702,178.32026605009645,1.0
-0.385608,49,103.016169,0.31277450730949113,0.027413379570883564,0.08208282642748592,0.20352860452344634,0.010350539550692636,0.022786446159755898,0.19557823129251697,191.7581158606285,1.0
-0.692293,41,103.118674,0.29584382425518907,0.034628384242913444,0.07330104516929756,0.2282159824310744,-0.0007386470727663337,0.01292118348725034,0.18089430894308947,176.0531347842677,1.0
-0.064026,46,103.237871,0.3036830458875678,0.030481434954145424,0.09389810212939818,0.21498474352696953,0.0076553208137761205,0.012761770178760956,0.17753623188405795,175.42763283097452,1.0
1.220999,49,103.361763,0.3105348268796229,0.029224806311588577,0.06836861664668752,0.20583821741060018,0.006045919762898398,0.015003167032552155,0.1836734693877551,180.85446994039472,1.0
-0.218573,40,103.486785,0.28623025125568685,0.037537818783774435,0.09271035047642166,0.2404996365573449,-0.005221755735039463,0.003671080871996652,0.16250000000000003,173.16239091227374,1.0
0.236339,51,103.60981,0.30888655349123917,0.03277599967726278,0.131185720976137,0.20733084700243753,0.014868954777579352,0.05093417317092873,0.1699346405228758,181.14041895243432,1.0
-0.024699,41,103.70772,0.2916496249540071,0.03129958869045137,0.07550712611853998,0.23136696129119666,0.0013349077077429352,0.026982603128732324,0.18292682926829268,176.63630250448446,1.0
1.8593,44,103.81911,0.2845544381912078,0.03096132446739426,0.08754280140904133,0.24308727729618862,0.0017560050290625318,0.021643696130324828,0.1704545454545455,180.9353464342967,1.0
2.288493,49,103.939435,0.30504455736822156,0.03850366660118038,0.07381569271680075,0.21395693873546617,-0.019641676551956186,0.009788953568606689,0.17176870748299322,187.66087827414387,1.0
1.875878,56,104.10904,0.32782765962029636,0.03593133306351139,0.06772892345486939,0.1854615107913779,-0.013804476922001733,0.00580871584842555,0.1666666666666666,191.0447170136519,1.0
-1.071967,42,104.209504,0.2954586367865252,0.029641546387946867,0.11739105111369597,0.22695690658115897,-0.0008164552512917487,0.01617554036854371,0.17460317460317457,181.47033016219703,1.0
-1.591251,37,104.301829,0.2778465402574549,0.0367786025383536,0.10430743772302574,0.25631405448662026,0.0011975528219501188,0.05180640906113607,0.19144144144144148,178.44326639878457,1.0
-0.299355,42,104.40466,0.29351037758737614,0.034667687559921376,0.10380693062935523,0.23007704044135802,0.0008946350717245616,0.032950699159644964,0.16865079365079363,179.13695478950416,1.0
-0.72461,41,104.502033,0.28793533290154655,0.03178412174825137,0.11683242193910863,0.23710450374075764,0.004315004677298292,0.02611025337111801,0.17886178861788624,179.89508700668543,1.0
-0.057858,44,104.611623,0.29634194545436043,0.03133369088537062,0.09478252273540884,0.22481641590861792,0.010423867268979238,0.03258073054704324,0.16666666666666669,179.10208808380793,1.0
1.962785,47,104.727636,0.30156642166271286,0.04585711829198212,0.05718007240726397,0.21928998866633984,-0.012438426381251541,-0.012226904998543692,0.17198581560283685,177.58165941675082,1.0
1.588433,54,104.888714,0.32308723704162756,0.03406265579229328,0.08937756749973907,0.19189865796627611,0.0007324789993970509,0.03468733991129224,0.16820987654320987,181.83413360501396,1.0
-0.757344,42,104.994507,0.29199275225631793,0.048793021441244235,0.10874443943533435,0.2316962969274388,-0.010124193542495857,0.03152693574728422,0.17658730158730157,180.3006328327404,1.0
0.987053,55,105.133777,0.3254857909530395,0.04340582702072279,0.08362496108290687,0.18918056400930916,-0.01871108240917688,0.01104919440012633,0.17272727272727273,182.94108401351022,1.0
1.516096,45,105.244614,0.29254019633234035,0.04349437256618521,0.09283809570586483,0.22943500858504634,-0.015898560749231187,0.04175648397529898,0.16111111111111112,176.18049254820627,1.0
1.823735,45,105.359555,0.28857854744842365,0.02980889398584001,0.09786998281902244,0.23504989761921796,-0.003141906184903753,0.022474008516409728,0.17037037037037037,177.99230365989393,1.0
0.550203,47,105.513055,0.30135526607508467,0.038400139044449645,0.10997335270522561,0.21730762208170526,-0.0013092696060958968,0.03468258223268215,0.1826241134751773,192.5631290904161,1.0
0.187065,41,105.614123,0.2890182803214113,0.03267530801800803,0.09121644724352335,0.2376607141434089,-0.0002970297475710819,0.02832181438451144,0.1626016260162602,175.04894475276114,1.0
2.742211,50,105.73759,0.30097824687385444,0.02707802342021257,0.08658807803018517,0.21902902986963735,-0.0008914035438947793,0.04151310919437911,0.17166666666666672,179.99561063919563,1.0
-0.628964,43,105.840732,0.2982722335870531,0.03468577165744363,0.08639454939545609,0.22332127455484824,0.008360392747370047,0.026264590209974556,0.1686046511627907,178.0047020375233,1.0
0.580425,49,105.962644,0.309527904118672,0.031026327324253318,0.08303455339707193,0.20892554375892122,-0.004028200099213723,0.02131644799860955,0.1904761904761905,187.5553660557451,1.0
-0.306203,45,106.096485,0.297693260031598,0.04803978710189368,0.11448004567910322,0.22245287372088712,-0.01856982081469872,0.008132290996192958,0.19259259259259262,182.81462229072793,1.0
0.717908,46,106.21218,0.30273103582052857,0.03226138879649917,0.09272006126120674,0.21642830491622386,-0.011954673386942682,0.004061969627025529,0.1829710144927536,180.0941559066026,1.0
0.3523,41,106.320646,0.2840072208694413,0.048625664164367505,0.10141432854745674,0.24252189037808133,-0.03100451523600734,0.008601754071718221,0.1686991869918699,180.06110066423284,1.0
1.136496,46,106.43965,0.3020357841589906,0.03586406380529032,0.07032416028536403,0.21752230410929344,-0.0043642286416293585,-0.006424976785866256,0.18478260869565216,175.9578831005785,1.0
-0.271705,44,106.55193,0.30268641692858905,0.03464434978921549,0.09236155132041476,0.21737235334680596,0.006340357569586078,0.013015118314100339,0.16666666666666669,175.4005047392474,1.0
0.685542,43,106.659233,0.2946456756853085,0.037071583872506794,0.08779488443480539,0.22817082491488005,-0.016856866150768268,0.006643128854019618,0.20155038759689925,170.94151541991013,1.0
2.283297,47,106.801818,0.2942394799492173,0.05165078216872606,0.08283427430404428,0.22721916885485988,-0.03426676290403109,-0.008844130529278642,0.1773049645390071,179.97091675761004,1.0
2.055223,51,106.929533,0.3050169884203596,0.029588867585576335,0.08809147645702362,0.21390741200411087,2.5934256527700354e-05,0.01541593115959846,0.1830065359477124,191.05402420836495,1.0
1.676679,55,107.068686,0.3226082333391546,0.022006599966810512,0.08370921826792467,0.19276271254710342,0.002920802706767541,0.03253500770254253,0.18939393939393942,189.82718419343126,1.0
0.937305,46,107.181918,0.2984292453712205,0.025707085858251516,0.11048189391947412,0.22134874219586695,-0.000663095240380922,-0.0010381116299811768,0.1865942028985507,180.90521856209133,1.0
0.055622,50,107.310408,0.3231832995440257,0.03733876550006693,0.08024304196335527,0.19137945062244976,-0.013775789646810215,-0.006622717255930603,0.19333333333333336,177.78697636270184,1.0
0.903131,52,107.474741,0.31372289519196106,0.02550779438662549,0.09084700323730427,0.20233681146046137,0.003220326288143566,0.0057200465499783176,0.20993589743589747,188.6635890915951,1.0
0.135133,53,107.609306,0.3212229847363343,0.044899350265084764,0.07796377346589202,0.19482703348708927,-0.02087143123201333,0.00882441248006366,0.1886792452830189,190.99638969990013,1.0
-0.128827,43,107.715727,0.2994989054555686,0.06920168960349848,0.0744533867826054,0.223202169299823,-0.041885886217747394,-0.021839157657370975,0.17441860465116282,172.98746168137808,1.0
-1.827866,37,107.809813,0.2812455962862237,0.04965979362684395,0.12119866139056926,0.2512875180428455,-0.028309033261224727,-0.02118465461360528,0.19144144144144148,175.93149496720596,1.0
1.151918,49,107.946042,0.3119246799890425,0.030916519838437413,0.08927280515736725,0.2049767231303395,-0.009881803264303126,0.04841338061064239,0.1989795918367347,182.86589512697464,1.0
1.501299,45,108.055479,0.29620362510641357,0.034502762126069765,0.06911086122280691,0.22557524825329306,-0.0088012618202997,-0.005742550349267655,0.17037037037037037,183.29500401287606,1.0
0.467024,43,108.193946,0.28893155456470665,0.06253096347965528,0.09074872483024608,0.237159647797383,-0.039180297192477245,-0.03355546039680001,0.19573643410852712,184.9416653192964,1.0
0.967108,54,108.329823,0.32459620727080624,0.02138094606956848,0.11099705105180359,0.18883640938898757,0.0010701384979587075,0.0008477798360280834,0.1774691358024691,184.1116984355265,1.0
-1.646653,48,108.455189,0.3145285902545816,0.029902090361363282,0.10504826968331844,0.20214414849091733,0.013793142847601152,0.019092097775902473,0.19444444444444442,189.05566372228608,1.0
0.527806,49,108.578478,0.3086541921276533,0.04992737487991989,0.09040630269813478,0.20797600507634964,-0.027943176779764253,0.01060360170626061,0.18027210884353742,188.28803738677985,1.0
2.405092,44,108.689708,0.2828514229200985,0.037422603369690104,0.08252689860641772,0.2436543014043492,-0.020682285378256747,-0.03254200012475891,0.1988636363636364,178.66508128655843,1.0
-0.220617,43,108.831841,0.29220390304727967,0.04115001860700303,0.1207158119165871,0.23074901117175153,-0.006304959540549678,0.06357262824656205,0.18217054263565896,182.91893229028688,1.0
2.012862,51,108.959797,0.3105001605057253,0.032564867616346985,0.08991338402358746,0.20628591963691653,-0.008928293868442903,-0.00917467719963466,0.19281045751633988,187.0803886491081,1.0
0.264613,42,109.066731,0.2845675753051722,0.0663165344953325,0.07875123488119729,0.24152931404790837,-0.04168198037667163,0.02478181848961602,0.17658730158730163,182.31103016209903,1.0
-0.069279,66,109.244002,0.355586744719011,0.023570730378822506,0.08765768596666942,0.15628261477634536,-0.0039126656945829945,-0.010734900537034279,0.19696969696969693,197.38026873314936,1.0
-1.076491,50,109.381897,0.3249160420709801,0.06815607731705152,0.06835184035912195,0.1893646295323609,-0.05036003665250208,0.00044770232883702935,0.19333333333333336,190.78876790868716,1.0
1.545728,56,109.547004,0.32696631293064204,0.02922794601136023,0.07405237101069437,0.18627574439167943,-0.008613903433952564,0.011538245616517609,0.18749999999999994,194.8972835905972,1.0
2.883822,46,109.661736,0.2862806442660737,0.04158306335333026,0.08706029158285754,0.23990519090589865,-0.010310373321801385,0.020441848218756654,0.18478260869565222,183.53158873579218,1.0
0.501629,47,109.779926,0.3073310118375322,0.037815468760389735,0.08726982567623165,0.21058747017738907,-0.01557037661255194,-0.007164767939652762,0.1897163120567376,183.64763803476148,1.0
1.874072,58,109.933039,0.3254878441492931,0.027129960411990478,0.09845249819472034,0.18925751334024743,-0.0031510923956747,-0.007454663286133157,0.20545977011494249,187.60560669231492,1.0
-0.909655,41,110.042072,0.29306984615473025,0.07709703014071295,0.0769285214955601,0.23052605927130992,-0.04737541666392004,-0.004304209228004608,0.19918699186991873,175.40948409688087,1.0
-1.627679,47,110.158166,0.3184572162740273,0.06591699475767737,0.0794599791613168,0.19622176883091771,-0.048809860910147315,-0.0010767333089982318,0.20035460992907797,186.5698617295879,1.0
1.009252,51,110.304174,0.31303731402777063,0.04013087861452193,0.08809796110374361,0.20287782259032647,-0.018187512536108504,0.02708779741205279,0.18464052287581706,184.26723119998593,1.0
0.601339,48,110.426244,0.3075731885250549,0.05409990331481929,0.09373631164464413,0.2105967724658262,-0.03394120690236649,-0.03753272653728811,0.17881944444444442,181.34671451240072,1.0
1.068284,47,110.539881,0.29542092999782826,0.03261368769766174,0.11874150574585779,0.22736181843945955,-0.004503549830141528,0.005653592515251875,0.18085106382978725,181.05460757479867,1.0
3.686958,51,110.669345,0.3018529429186401,0.03549548504345992,0.07783491075078612,0.21673675121578945,-0.012020590397334477,0.022900174459732636,0.17483660130718953,185.26123408064342,1.0
0.476568,47,110.784893,0.3056246524460733,0.03904631339315116,0.06348596892759895,0.21260549139948834,-0.01605176927402096,0.020160366265422492,0.18794326241134757,184.8382831815362,1.0
1.711724,47,110.928204,0.30333406064476465,0.02760930594052157,0.06271189664292649,0.21546798385870192,-0.011615348733273521,-0.002835414195845282,0.18262411347517732,183.75195858285386,1.0
-0.270893,44,111.038714,0.29954263339530346,0.04698701100314081,0.08454018024248044,0.22251119214185638,-0.031013108429257277,-0.01595249610778072,0.18181818181818182,192.95921277859142,1.0
1.017561,47,111.163684,0.30307378408933855,0.04857431568057907,0.0780106471336951,0.2154047602864001,-0.02983565514414196,-0.02360323912282936,0.1861702127659574,182.5628340087844,1.0
1.119082,51,111.296662,0.31230208910858503,0.04023495079391617,0.10006055801269235,0.2045231976829765,-0.022673673290733772,-0.03281590133417293,0.20751633986928109,192.5565947879611,1.0
-0.302077,50,111.428313,0.3208610120255186,0.04339796183573663,0.09138344888751349,0.1929970025852456,-0.02603970501757577,-0.00859392165148007,0.17666666666666672,185.1625889452919,1.0
1.621212,45,111.55802,0.29295219021952595,0.021154393176930776,0.09868985315932645,0.23024375244380238,0.0018334457478794797,0.03055372481769914,0.18148148148148147,186.39115053875648,1.0
-0.071469,56,111.695668,0.3372472977967885,0.0501015542038662,0.07976523750351788,0.17418234234324848,-0.03516907424530308,-0.026378206717318258,0.20238095238095238,192.28842997975994,1.0
-0.06802,45,111.807393,0.304183370140475,0.058745050903458135,0.06931027548731977,0.21614841802971746,-0.03629988322100492,0.010123720808829222,0.19074074074074077,175.03178554579992,1.0
0.808859,47,111.924296,0.3022189035931775,0.06672028884756806,0.1034958088186221,0.21761822190387395,-0.043428080647907964,-0.03897940872838964,0.19326241134751773,176.94652244714317,1.0
0.595938,45,112.034625,0.2937825756449302,0.03743737965410344,0.11486032969274253,0.22891355226009852,-0.012286580789686773,0.01279820681254038,0.21296296296296302,186.13985036171627,1.0
1.356822,46,112.151746,0.29479231203111594,0.04470761541606926,0.08287162659436556,0.22723129258720456,-0.020268978120593556,0.023250968514793014,0.18297101449275366,184.21528979100495,1.0
1.576242,47,112.294265,0.29929966769891697,0.03884845662377518,0.08693667759976291,0.2211857242386478,-0.015046960481043918,-0.005332118246003805,0.21453900709219859,180.4526028372429,1.0
1.864309,43,112.399446,0.28266959753746973,0.03737947107257469,0.08713778502207016,0.24505130832262317,-0.019074884466850687,0.00984325042500464,0.2170542635658915,182.30346068259726,1.0
0.407058,52,112.524957,0.32877534970979244,0.034475655356672734,0.06889962226412574,0.18417006147072812,-0.014412379807496647,-0.014032133539324488,0.20192307692307696,179.88876042283243,1.0
1.730049,51,112.651582,0.306847524011022,0.049553306762401717,0.0917609665235091,0.21125447964106572,-0.029350536949266814,-0.030125430797324083,0.20751633986928106,188.96014043470512,1.0
0.237467,48,112.769381,0.311415317453083,0.04558264078609416,0.08266823784098037,0.20563223321198634,-0.023064976938736884,-0.007487137162860817,0.19791666666666666,182.95295662056307,1.0
0.002044,38,112.883993,0.2840459551991663,0.04663757529988497,0.05287507938739345,0.24710227417603578,-0.014874646625876564,-0.006992162126277463,0.20394736842105263,172.5227170222143,1.0
2.553524,48,112.997922,0.29781571702685594,0.031930830746434755,0.06808601301292244,0.22182119238741285,0.0028445956416754815,0.01871433523245525,0.2118055555555555,181.84217071432877,1.0
0.81894,42,113.099864,0.2884942060511202,0.02800801023637803,0.08192801312236724,0.23669628910883306,-0.0002193306584015653,0.01611119960519876,0.23809523809523814,176.49945342609112,1.0
0.637557,45,113.208241,0.2893977875189913,0.04604118388776657,0.12669146018484054,0.23421754041744702,-0.030218260512221803,-0.02459860720457813,0.1962962962962963,183.30440842295596,1.0
1.416495,47,113.328045,0.29752277528732524,0.03289109450932103,0.09390213173295074,0.22279991984377487,-0.013633908770592137,-0.012577827778246118,0.22340425531914887,182.51734258101652,1.0
-0.007216,50,113.451369,0.31584300005355587,0.04471587720454629,0.1007496049849702,0.1999759433938708,-0.01949497912300985,0.008083394410337437,0.22333333333333327,185.0567967250758,1.0
0.311004,49,113.59155,0.3121460847064478,0.034169442985399964,0.08387824690215702,0.20541159202348444,-0.008203852391746697,0.0031647544128448855,0.21938775510204087,183.80588342676694,1.0
1.219837,47,113.708033,0.30494751178279994,0.03874340101075615,0.06854475326009107,0.2139584729374479,-0.01185267632381395,-0.007482221855219276,0.24113475177304966,179.61227879892488,1.0
1.66907,51,113.83426,0.3111662275733773,0.023788980377222223,0.09890050665232412,0.2061630272972948,0.007730481117305411,0.03937415470584672,0.2238562091503268,186.36763357706062,1.0
-0.124137,46,113.945842,0.30848672476567374,0.058678701019822914,0.066606421485947,0.21005889762155092,-0.03487666617078101,0.0034764209792037216,0.24094202898550726,178.38219432515902,1.0
0.893825,44,114.055892,0.2897887922013642,0.034980541507652035,0.09470144455155961,0.23421502285049234,-0.0021841929727460215,0.0027342233310997835,0.2367424242424242,179.50647086271803,1.0
0.373884,48,114.192174,0.31224818182825226,0.04111670828821986,0.0764760103107162,0.2049162030490058,-0.02106630000730875,-0.014129275712930078,0.23958333333333334,186.70123163721954,1.0
1.104378,48,114.313479,0.3063371467578199,0.050236016385302125,0.09461964215475757,0.21208831175245937,-0.028811332919388543,0.01921037957356229,0.24479166666666666,183.41763355892246,1.0
0.408602,40,114.417593,0.2836270715707829,0.02624393033627329,0.08192733350264991,0.24516455932576114,0.0027476372848164545,-0.0088540379030216,0.21458333333333335,178.03671337056267,1.0
0.11176,45,114.530186,0.3005096128043579,0.04874262090158169,0.06429626750825386,0.22054056213123793,-0.008959806826033522,0.0009287209318541788,0.2296296296296296,181.9422739147318,1.0
2.123397,45,114.642011,0.29101907193245324,0.03527923361620017,0.08028274881208211,0.2322976232721342,0.00013984816530230153,-0.0035146860394594335,0.21666666666666667,177.37655992108066,1.0
1.299143,57,114.806434,0.3285714426828693,0.03897639211609501,0.07341368027311335,0.18576392170834974,-0.015922689477318196,0.0069557911207695135,0.2397660818713451,192.21157565453888,1.0
-0.648167,42,114.907262,0.2928917956216116,0.07281512769880387,0.07257507488506361,0.23115682797460582,-0.04243651119418796,-0.023398158480248822,0.2599206349206349,181.59400853597757,1.0
0.123401,47,115.020672,0.30475921989220883,0.03959240254577112,0.10042612209232528,0.2143850672294827,0.0037760501380332463,-0.01832505713878633,0.2411347517730497,178.24950259104605,1.0
-1.436372,39,115.120496,0.28317462912313934,0.058699846423037036,0.11037736350454755,0.24537993545603967,-0.030453664155820626,-0.036002636543471064,0.22008547008547014,175.88571309793,1.0
1.489448,51,115.251215,0.3092081585782301,0.038711100232304944,0.0770501277576041,0.20762502783550627,-0.012835697945226345,-0.006479011351967002,0.24346405228758164,191.93718714154323,1.0
1.376382,51,115.385705,0.31095638165362044,0.02753068531275179,0.08984315467834834,0.20788143861990308,0.00888274229053877,0.037532434432126234,0.2352941176470589,185.73346335676143,1.0
1.024022,52,115.53625,0.3178436168316372,0.026947442593047193,0.09983825334352116,0.1978280340248328,0.008593816209973458,0.014682710623969916,0.2371794871794872,179.50695642369465,1.0
1.525944,50,115.662673,0.31233530055080283,0.036191828966450464,0.11338115316004053,0.20464942813529458,-0.014281635466477104,0.0018032232223280254,0.2316666666666667,181.64457769973228,1.0
0.132161,42,115.764735,0.2904712702761422,0.03133921559036093,0.09816069698983844,0.23443973562376735,0.01097605981509884,0.014938459889252777,0.2361111111111111,176.42045483681122,1.0
2.036222,50,115.894393,0.30669719473601803,0.04207492530992385,0.06083781697837442,0.21195569316464813,-0.021005431200997203,-0.012713957755012424,0.25500000000000006,186.59934607994524,1.0
0.862367,47,116.014762,0.3010557765243741,0.04209207545425336,0.08395352758572842,0.21818235534033342,-0.014173496945135198,0.016484257378147266,0.23758865248226949,183.98005558928622,1.0
0.812384,50,116.164067,0.31399477574363427,0.032094518646562716,0.09186348117709957,0.2023463983096173,0.002946268519565057,0.02388607758857375,0.26166666666666666,190.24371171846227,1.0
2.039561,57,116.309569,0.32743629469219443,0.025269955065696105,0.08753385512078592,0.18630048559773987,-0.0033624108005383528,0.0078157435371191,0.26900584795321647,180.62142670219188,1.0
-1.14186,45,116.423964,0.31014435956226355,0.04952288745267348,0.07117473726802873,0.20767519218677208,-0.00757697465686912,0.006865633736811542,0.26111111111111107,178.53993877304896,1.0
-0.53902,53,116.553155,0.3257608162460068,0.03906344214403273,0.09031148529827691,0.18896749251097528,-0.013750766386338513,-0.00022996559147123226,0.24685534591194974,191.38242371009835,1.0
0.651709,50,116.674459,0.31001151790219816,0.03429672700713089,0.07750858211812976,0.2075312165471437,0.012302057498922641,0.03009592586528116,0.23999999999999996,181.83661212516566,1.0
1.041274,53,116.822205,0.31660494817658424,0.03255984008044188,0.10341088292956514,0.19985024669717955,0.01731045529049563,0.032843596396058744,0.24371069182389943,188.15970311162243,1.0
0.677877,52,116.948797,0.3189413148809573,0.03887045875403318,0.08943291560530899,0.19789806492505185,-0.010723453470417702,0.031251198093466354,0.2724358974358974,187.1549479213675,1.0
-0.565923,44,117.056077,0.29743429561065543,0.03925382026465809,0.09440534821888483,0.22448591146367533,0.017333075917570287,0.025603237115164403,0.2329545454545455,179.69401227173526,1.0
0.047902,44,117.163603,0.29440242731366045,0.055933537670187015,0.07055758097432806,0.22824373875059836,-0.00452451598427781,-0.00027588911468794927,0.24621212121212122,181.03777129159263,1.0
2.094176,46,117.280706,0.29312490217539394,0.05270695818228156,0.06468433141814814,0.22837001266346463,-0.026703213531104896,0.007389113344300596,0.23731884057971014,178.45667967092825,1.0
0.408278,41,117.38366,0.28643876758725345,0.057494200035012176,0.0559837144513759,0.23921532707463916,-0.00650244756481296,0.017452842043300207,0.233739837398374,174.3152580365113,1.0
1.749396,45,117.512885,0.2913921599410179,0.05121133673577631,0.06928418284554066,0.23254445426629652,-0.01596078455018759,0.0036638177131330615,0.2666666666666666,179.1184518736453,1.0
-0.355985,45,117.621574,0.29728697656964687,0.04641768733084798,0.10796949006383617,0.22467898425673027,-0.0016836672695253179,0.03059029640367923,0.2833333333333333,184.1222066855501,1.0
0.187235,48,117.736586,0.30718557789900625,0.03106356041439477,0.1135392294048046,0.21155672720549804,0.014418087290624841,0.02315976065227643,0.24826388888888892,178.6983739311927,1.0
0.624203,49,117.856728,0.31030405683597456,0.039310384749653114,0.09629448912445018,0.20713604158836268,0.00020090579346494251,0.028933189056479295,0.26870748299319724,182.93257719505846,1.0
0.347479,43,117.96271,0.2929679035918996,0.0371295576431877,0.10004223623905342,0.23170846483067065,0.008510191232566642,0.03423194590898291,0.2325581395348838,179.73086431533434,1.0
-1.112636,39,118.079194,0.2868227595183701,0.03739581697297108,0.11916305241291557,0.24133455654192956,-0.006960936386750824,0.030676193383939256,0.24572649572649574,175.06492957401622,1.0
0.193724,51,118.208163,0.32014289811230934,0.03703704871300548,0.09315207140565204,0.19540064350354,-0.005393550862699604,0.019706206626284754,0.2532679738562092,179.8771573962286,1.0
0.921284,44,118.371047,0.2943473568509201,0.042536580417956445,0.08543195574899703,0.22880549018910043,-0.015148702803322728,0.023418931284152924,0.23106060606060608,176.35861916478322,1.0
-0.595417,51,118.532793,0.3287684845789521,0.050141131888416235,0.06172551813909188,0.185441577697188,-0.021662915836362727,0.017132964902671077,0.25,180.07808306156068,1.0
-1.524396,60,118.693749,0.35123766802491313,0.04143096912283342,0.08174492518559819,0.15935397489568703,-0.0063193039398736495,0.0180623557703507,0.24027777777777773,180.5218188523979,1.0
-0.189444,44,118.804468,0.30217300656777896,0.04667475273723071,0.07659924289799852,0.21729989030718347,0.005351422878437741,0.01941413196871675,0.2556818181818182,174.56642077340646,1.0
-1.645456,50,118.950392,0.32497872952700013,0.042693894147471254,0.09103199355509521,0.18935955435197674,-0.00019904345317076313,0.02286284124293684,0.25833333333333347,185.06511377752534,1.0
-1.697568,61,119.092798,0.3527232705926349,0.044448813328999214,0.10444875781131634,0.15876859826062953,-0.02032954332796948,-0.004783976751717482,0.25546448087431695,184.0326572789213,1.0
0.17371,47,119.208917,0.30414526216977317,0.04379570315421663,0.09119418125355958,0.215962201024494,-0.012840996947038231,0.033227200362058104,0.2429078014184398,180.45808094382355,1.0
-0.452917,42,119.316592,0.2964616634655485,0.04169933432188868,0.08495646295386544,0.2279269107922867,0.0014420260421900664,0.018436787813978065,0.251984126984127,172.95704065335676,1.0
1.260745,41,119.423422,0.28288933127992344,0.0351811372567254,0.074298243075223,0.24542412839776886,-0.0016745371793066856,-0.00586610457757094,0.25609756097560976,173.55811578958253,1.0
0.007894,65,119.611997,0.35462022596261933,0.04617517036805517,0.05533101750533023,0.157975699600035,-0.003920388512352934,0.01541649633259664,0.2858974358974359,179.9279848096309,1.0
0.221003,42,119.722527,0.2902931115536563,0.06022412276276316,0.09418720550397933,0.23549633760790362,-0.028602797056817463,-0.008251461208992943,0.24603174603174605,178.8187321079133,1.0
0.608462,47,119.839551,0.3072950694276869,0.04658216792762374,0.07600646831027223,0.21218577700247124,-0.013118420498444996,-0.02107606818179502,0.24822695035460987,176.67296117766915,1.0
-0.212042,53,119.97028,0.32859350078036514,0.04878750632215633,0.08431760924405397,0.18503104962932646,-0.018985412882700368,0.005449144251779802,0.2783018867924528,182.2579264004352,1.0
-0.457964,52,120.100497,0.3227224555800043,0.04032462044204962,0.09541027591828374,0.19201818765182962,0.004349467687911886,0.024363349823164588,0.2419871794871795,184.72459789211476,1.0
0.876722,55,120.263824,0.32529534200224824,0.037095339940646316,0.09661612133012211,0.1893884960830094,-0.009410621704306414,0.0006473794639130205,0.24696969696969698,182.96794985487585,1.0
0.992151,43,120.377073,0.29164896835129833,0.03934096457605653,0.07916443490271596,0.2331210985152943,-0.008385981165704288,0.005640632133284314,0.2635658914728683,181.690089583845,1.0
0.865647,57,120.524643,0.3366686408801525,0.04900268261110206,0.07644217560719506,0.17648827703342268,-0.012416390203864874,0.028196472326757562,0.2631578947368421,180.7971094620555,1.0
-0.863036,41,120.631555,0.2914278690430004,0.0658725066145038,0.07026897481626995,0.23485485323972355,-0.02680430404546427,-0.004611470348811436,0.26016260162601623,179.67251935411488,1.0
0.773458,46,120.745976,0.30232201169039186,0.04988652225342881,0.09478797694549244,0.2183984984146745,-0.02828073794453813,0.029687847197859787,0.22644927536231882,176.810324280497,1.0
-0.483683,40,120.881988,0.2855498357726495,0.05174221644059744,0.09921695997529725,0.24390978783800957,-0.005383009872609507,0.04547827028485668,0.24583333333333335,174.87019921265875,1.0
-0.097632,43,120.988581,0.2938767677136264,0.07373483375719016,0.06875712494426281,0.23098090836459859,-0.0328497525392374,-0.010668768905722792,0.25775193798449614,172.46898248485522,1.0
-1.54588,55,121.128055,0.3375300181019977,0.027283969820995898,0.08897288922361515,0.1756760880901271,0.010759541777817067,0.017682680645505076,0.26515151515151514,187.92107647714528,1.0
-0.307057,44,121.243612,0.30324160434806885,0.05287363128580389,0.07167603736040175,0.2166827885048656,-0.025624922769459733,0.01568122680538595,0.25,182.65908162492147,1.0
-0.05871,47,121.369666,0.31463704777145873,0.050731326608051214,0.06995752961379104,0.2033541358287162,-0.0156035624213891,0.01937896686797644,0.2748226950354611,175.31288587015734,1.0
-0.350798,49,121.485676,0.3145206362570483,0.07199784921966315,0.06935280568289867,0.20318828463291563,-0.03994753596798047,-0.002322845752151419,0.25510204081632654,174.72336729193057,1.0
0.751407,49,121.626208,0.31080866094373344,0.031976566122544965,0.1007637451155561,0.20649508532282126,0.004388040955184659,0.04221049866124883,0.24659863945578234,181.1471971084541,1.0
-0.020032,43,121.727512,0.2976986748414026,0.06230114909352712,0.07514814482471335,0.22677403265345586,-0.026771394508512465,0.027694815075008115,0.22868217054263568,173.29123639195532,1.0
0.109006,44,121.833795,0.29571157481880433,0.0543913323497592,0.08907368921406233,0.2267684580465474,-0.0009992079055394223,-0.002099971152816578,0.25757575757575757,174.09003560587365,1.0
-0.048324,46,121.943968,0.2996109520106636,0.07114227381720677,0.1001877124330366,0.22152698362500722,-0.035056527747694806,-0.04695842332977316,0.2554347826086957,171.02582380255143,1.0
-0.151971,54,122.076215,0.32905871881823007,0.037235416552152394,0.08613329830670167,0.18514878023207065,0.010439123716464811,0.020590721426429353,0.2561728395061728,178.74692281499753,1.0
0.13828,41,122.199186,0.2891066584903756,0.040821337564295845,0.09898963448201752,0.23662241392340538,0.001789864974672502,-0.0011870829481192828,0.24186991869918698,170.48923291296748,1.0
1.310734,48,122.322701,0.310742886989632,0.040492168384487805,0.07352244070481431,0.20753123825240813,-0.019202363491692066,0.014586303023468696,0.27951388888888884,184.75012355029727,1.0
0.487377,45,122.436296,0.2999330958659737,0.03876878660283617,0.09616865240995963,0.2222995989552471,-0.003184191168727738,0.024615757642648558,0.2574074074074075,175.27475642955847,1.0
1.952204,49,122.552221,0.3068887912904666,0.05372637012374436,0.06747132288966569,0.21170964306772413,-0.03229396821314353,-0.014439317463352409,0.26870748299319724,176.685124805695,1.0
-0.05599,46,122.659823,0.30269962251622606,0.03921935238555287,0.0902944454785998,0.2174284433725584,0.020753248026173617,0.022180565981849084,0.26268115942028997,174.93976145234893,1.0
1.253331,52,122.780981,0.3172247910686414,0.04469895008380801,0.08500741513698355,0.1993650562154251,-0.013680742270649332,0.03398287041593972,0.2692307692307692,179.2519913868722,1.0
1.143375,47,122.925083,0.3003547839205955,0.04181359940695215,0.08195931534696602,0.21948218842914138,0.00443417358552167,0.014080438309831628,0.25354609929078015,180.68079680988313,1.0
0.014391,49,123.05098,0.31541961829904624,0.05155968753676934,0.08059587728178177,0.20153673553182766,-0.008623712847235713,0.006633863101447372,0.29081632653061223,175.68891574752695,1.0
0.619917,50,123.177536,0.3133106812354144,0.047129698536007986,0.08857591097889336,0.2038741528588423,-0.0061684744321656585,0.019580540130873722,0.25500000000000006,172.8581054996931,1.0
0.362872,52,123.309742,0.32108183224831677,0.038714642613530026,0.09508909579978606,0.1946324838467836,0.007900150023464454,0.03289030398387935,0.27724358974358976,180.07296758943778,1.0
0.716858,47,123.429769,0.30378003522079605,0.06201987856413621,0.07776580272920054,0.21495678178227234,-0.016104960868143316,0.008362298781986436,0.28368794326241137,178.61162052536136,1.0
0.478866,54,123.592755,0.329765871745064,0.04522051801465359,0.08510176789528245,0.1845867343216651,-0.021125582314024567,0.02484380568798222,0.29166666666666674,187.69526689703468,1.0
0.516828,52,123.725422,0.31655780443039366,0.054050097351193295,0.06641444569660986,0.19975569725863895,0.01017100872561784,0.03032966899485626,0.27403846153846156,182.01977613310083,1.0
1.145528,50,123.848419,0.3044404659429848,0.06388055276496611,0.08224580763102882,0.21468294149798373,-0.008884417370845898,0.004998071324077305,0.25999999999999995,181.24611223555908,1.0
-1.108873,46,123.96615,0.3078426562068041,0.03652638626826544,0.09510187245100787,0.21122745302503732,0.015235306321040169,0.01855904721571871,0.25362318840579706,180.28945365623468,1.0
0.759244,45,124.079762,0.3010387421044947,0.054423940747614245,0.06228916682741663,0.22035390155611304,-0.022626543696710598,0.00391163808855661,0.27037037037037037,172.31246128559775,1.0
1.563634,49,124.218862,0.3026765820966842,0.04548380710454106,0.09681770344734918,0.2182230113196017,-0.006622251718285788,0.03366158387899479,0.26530612244897966,175.29020234504898,1.0
0.489694,41,124.322115,0.2862848173005999,0.04723633669707993,0.07281549092932013,0.24235178956302267,-0.013206193725274486,-0.009054835556264396,0.2560975609756097,178.44653093740885,1.0
0.804073,49,124.445662,0.31442739754668897,0.03738044360554371,0.07167234244119972,0.20231320233905392,0.0011645455474639426,0.010051529178858877,0.22448979591836732,176.68876103384153,1.0
-0.174156,41,124.545779,0.2934645335297897,0.057097839612261496,0.08029056485373537,0.23215190789960274,-0.023045033318592038,0.008806410202124812,0.2845528455284553,169.39735700559203,1.0
-0.559873,39,124.641549,0.2837057440706804,0.04202682330759566,0.08878851929524745,0.24892722922260369,0.020237929067629345,0.026825425775782365,0.26495726495726496,173.13280781711043,1.0
0.92246,43,124.747526,0.290340393022604,0.04690268921678645,0.07715972310045315,0.23470599301660985,-0.0029854933418963373,-0.005839644203599868,0.23643410852713181,174.34475235408306,1.0
0.138199,40,124.872509,0.2845734654743663,0.035630178970870834,0.09592812470529433,0.24604211376260055,0.0012707527729051218,0.03445849933853092,0.2625,172.1190630759103,1.0
0.118678,39,124.967078,0.28180090641859984,0.04735830049768053,0.09265199101040054,0.25200491174468503,-0.019069975919083507,0.021736867160725558,0.25427350427350426,174.1750417553787,1.0
1.600227,43,125.06775,0.2828177491310468,0.04718424651468744,0.0869726211702189,0.2431023518072646,-0.018050088316754847,0.03439271191792702,0.2848837209302325,184.8232373638812,1.0
1.073855,48,125.185605,0.3035410293130242,0.0413994930167751,0.08729329759954088,0.2160561556982329,0.008392030021859427,0.024105788328198766,0.25868055555555564,178.36634181813645,1.0
0.637483,41,125.28563,0.27785990839005453,0.02876093898944699,0.1315403223250376,0.25535716895779575,0.015149914513055864,0.026190939685346165,0.27235772357723576,181.72202363284885,1.0
1.259247,40,125.390388,0.282660849798295,0.030108766959673697,0.09358179205232689,0.24972097853014605,0.013315560431513138,0.01910342076823155,0.2645833333333333,172.4885744822577,1.0
1.853549,51,125.545741,0.30884520638052865,0.0355592016491496,0.08890754027716262,0.20930967268489994,0.02169033232742714,0.03319434333504541,0.2761437908496733,176.58549114467004,1.0
0.090695,48,125.661322,0.3075880743003667,0.060925134389607324,0.0822082902053425,0.21214160432622434,0.00957191273655509,0.04459035192689528,0.2569444444444444,174.00622339898396,1.0
2.348625,52,125.789818,0.31425823410194037,0.0399715912142571,0.06456643929485044,0.202379748630579,-0.004792621942683654,0.021111981935899044,0.2740384615384616,177.0601718992346,1.0
0.419556,42,125.897915,0.28557798056979133,0.0537155517859368,0.09160315209018167,0.24280846650927296,0.0022254875189963237,-0.004093898702261298,0.2698412698412698,175.72851989475646,1.0
2.133609,46,126.009267,0.29731511097351765,0.044579454380133395,0.07465962951319015,0.22473707033908233,-0.014948206855139774,0.018234717208644873,0.266304347826087,173.80812914543304,1.0
1.005185,46,126.148043,0.2986544866291006,0.06501088063901596,0.09132360670059984,0.22325495928551042,-0.04068347393746867,0.01698055829509332,0.266304347826087,173.48642680647575,1.0
-0.195634,40,126.249725,0.29129636044228263,0.04111481086743671,0.08724397635494986,0.23442581315050837,0.00954364557929525,0.032051080686382856,0.2583333333333334,160.99360999955604,1.0
1.63344,43,126.360629,0.2824725371492254,0.047446139471977664,0.1040256469679064,0.24547200959401472,-0.01565785671883575,0.03909324199004839,0.27325581395348836,173.32094665714695,1.0
-0.615965,43,126.485645,0.29810487052996626,0.047004367302612066,0.0965519642362298,0.2245494391857909,-0.0030901519702237084,0.029442561670753174,0.29844961240310075,171.74854535801146,1.0
0.370859,40,126.582605,0.28319959243878867,0.04330705812690209,0.09864140968105724,0.2475428450536224,-0.006285039163931185,0.03271922403767369,0.2666666666666667,166.46055666427227,1.0
-0.068663,38,126.674379,0.2797046843219163,0.04218353419295795,0.07215008338972356,0.25491013415399283,-0.005722154135677602,0.027657336196086013,0.26535087719298245,169.94822494220145,1.0
1.257608,48,126.822534,0.3040620164865728,0.03798098558147196,0.06577395467309935,0.21669991595077198,-0.00012391146397925734,0.0157452606663681,0.2673611111111111,179.80061952421792,1.0
1.70497,44,126.930868,0.285801499760165,0.04160920025865449,0.07966178394699432,0.24089615789421603,0.0013810574674219208,0.04075865323587094,0.268939393939394,181.54089723339973,1.0
0.685147,44,127.034809,0.2958119899798446,0.04976836742514697,0.08468428211274959,0.2264251801163298,0.01272957741696925,0.04607631605040949,0.24053030303030312,169.61461513593298,1.0
-0.571686,41,127.148245,0.28882189755425075,0.056322269833267574,0.07093134937373381,0.23825742263953248,-0.010651783689184301,0.033678525727638214,0.25609756097560976,179.09573595578175,1.0
0.099072,44,127.25099,0.29524263070769036,0.06299855031024384,0.08147611593834961,0.227853621509907,-0.021341450556522066,0.030417302227265727,0.2840909090909091,174.41205230015356,1.0
1.544959,48,127.375733,0.2981702179690448,0.050055477832715425,0.09617125446498462,0.2232066774594045,-0.01315248252699757,0.03725762353221306,0.2725694444444445,182.588846392009,1.0
1.055323,48,127.521447,0.3041456368717077,0.033461774217434376,0.09543148697393256,0.2156592191608716,-0.008870805879279362,0.032034592030306494,0.2673611111111111,180.5691710230136,1.0
0.333571,43,127.630165,0.29004781290640164,0.04867188890184161,0.11826080711966327,0.23546466801530472,-0.0008703675339512237,0.06873268834283776,0.248062015503876,178.14774709439274,1.0
1.954188,52,127.76289,0.31768201377690375,0.03900830251477311,0.08205735844103704,0.19983498343416614,-0.009957761528581818,0.04306945800467819,0.26442307692307687,176.69853085446064,1.0
2.246926,47,127.884594,0.2930522380833404,0.030518752511848206,0.10408686934380941,0.2306953169385963,-0.006877021763046045,0.013784894941265172,0.27482269503546103,182.30503530472626,1.0
0.904994,42,127.98845,0.28868198082313484,0.05762779104808239,0.05331370227636076,0.23857475703448797,-0.022026069588271587,0.0032580916392051305,0.27380952380952384,168.44292826392112,1.0
1.48681,52,128.111602,0.3174924334186215,0.039831482452486786,0.0917086282342135,0.19966821284287098,-0.017306707194101965,-0.031102032191245597,0.2948717948717949,177.11648356577422,1.0
1.35278,45,128.25778,0.29122531541426155,0.04206447126078274,0.09051515432867402,0.23242032610330496,0.0028937980947170206,0.04039998824496967,0.2555555555555555,177.591154043461,1.0
0.529736,40,128.353964,0.2839579041929648,0.042882554519030114,0.08298578612991103,0.24704760677898893,0.005546805247922992,0.04224183791760998,0.2729166666666667,169.6249069106243,1.0
1.730046,43,128.466001,0.2824050548007802,0.03477434353092467,0.09278922033870833,0.24606897968940378,0.019031651238886924,0.0574669163817275,0.2713178294573643,174.0679866964182,1.0
0.022175,41,128.566806,0.28897674520048905,0.04532236616305586,0.09142307467156546,0.2381499800167106,0.020850286247693233,0.048672023155958775,0.2865853658536585,171.69518480294093,1.0
-0.002545,39,128.655882,0.2808939416846457,0.04950331357494356,0.07455200221210072,0.2527768347724546,-0.02081009263841772,0.03562121863128351,0.28846153846153844,173.01479306133166,1.0
2.156633,44,128.75866,0.2878026586921922,0.04969980416170646,0.07561316359527977,0.2399333735819127,-0.0027588569616646547,-0.021282165559506332,0.2518939393939394,170.13133167983236,1.0
1.871587,43,128.887718,0.2769946311276443,0.05574177993919917,0.09553523091898326,0.25272141887774496,-0.019161289400100336,0.044835557800814156,0.2635658914728683,179.26571788824887,1.0
0.595656,46,129.001709,0.3007879620774576,0.04361335487057028,0.09572823546338805,0.2196178711324822,-0.008404584426440003,0.020557171656328477,0.2753623188405797,175.82247971741688,1.0
0.760871,41,129.102386,0.28303351349646055,0.057267332680970576,0.059930769654285856,0.24651186556855625,-0.0027180769265105287,0.011867676998148197,0.2764227642276422,170.68205213627334,1.0
1.343701,43,129.213752,0.28765090617663114,0.03244963129901451,0.10289712958517706,0.23997572508595494,0.0019635568040526265,0.04696624091100225,0.2577519379844962,173.3489574360756,1.0
2.191873,51,129.339509,0.309175308699948,0.027860357001170014,0.09705827553053618,0.2100966742154353,0.004402640038113592,0.04986130784715513,0.2630718954248366,180.2331451044391,1.0
0.347104,41,129.434762,0.27953434781304426,0.07395707352753686,0.10679254773701918,0.2519831746869335,-0.03727157236278391,0.02966476681902313,0.266260162601626,172.9907443477239,1.0
1.019619,48,129.589025,0.3087493258398899,0.056406326640565226,0.07514410724008408,0.20926970080015916,-0.025353882673196316,0.02733707643206901,0.2673611111111111,174.60850031140026,1.0
0.124503,45,129.703377,0.2972058852985483,0.05234281447886782,0.08961996801360463,0.22662642088102064,0.001393915054524337,0.04928919326535279,0.25185185185185194,176.0994944979108,1.0
1.327704,41,129.808631,0.2837901588347834,0.04388395841883593,0.07850521519945598,0.24711038614597713,-0.014119157545016645,0.019635283205308402,0.26016260162601623,171.33045560787687,1.0
-0.022864,45,129.925067,0.3015962709008269,0.04056598553969749,0.10889648004873907,0.21974197940860898,-0.003714067728714747,0.05784604105199399,0.2814814814814815,172.74174481365395,1.0
2.433999,44,130.038111,0.28753441782294614,0.041348020580562306,0.07457402029169591,0.2396178101603815,0.001447267564007946,0.0321603128621968,0.25946969696969696,173.7349446962825,1.0
3.407023,62,130.223652,0.330634912734947,0.031028286267939974,0.09022816182777994,0.18434417906706788,0.0036599292621578004,0.037026846817210086,0.26747311827956993,183.4465182669559,1.0
2.526988,46,130.33746,0.2885601782854115,0.03496746938502692,0.11029645493360704,0.23718628581901524,0.015633820045596915,0.0670687608205585,0.24999999999999997,175.78792497019543,1.0
1.29568,48,130.455004,0.3061208762381638,0.060356166146258466,0.07189893406241439,0.21357394214953992,-0.01786525107719497,-0.009672561216021216,0.28645833333333337,168.8592804422123,1.0
0.916949,40,130.554493,0.27871684016790566,0.04170535533428712,0.0877917214748234,0.25321532062316304,-0.002781492090711877,0.041250030246548164,0.23541666666666666,174.48106972086188,1.0
-0.205462,45,130.672955,0.3023502090066391,0.03712778681513116,0.11695089864541808,0.21884122644364834,0.018911952269639227,0.07913031515135241,0.28333333333333327,179.15632945236788,1.0
0.718181,47,130.786981,0.2986989946615147,0.04762178649149867,0.095644755185418,0.2216127374286795,0.011247731351683396,0.0461549426161633,0.2712765957446808,180.5719695741778,1.0
1.597163,47,130.922304,0.29361795825326636,0.06447103405975528,0.07662727320702219,0.22956889113037596,-0.008079104108736374,0.00750952027862578,0.24822695035460993,180.0130549119362,1.0
2.090747,50,131.052212,0.3041202158056438,0.05519308435287977,0.09439092166967604,0.2151908367468668,-0.023669769476427013,0.013262617206374568,0.26,179.2989277582697,1.0
0.799157,44,131.159743,0.29151801434399066,0.03909726917061013,0.10164157105669905,0.23231005944285402,0.005488519609204271,0.04494631095781792,0.2575757575757576,177.78441796928487,1.0
1.28586,49,131.287582,0.304761602374398,0.032911025051254324,0.10023256296969228,0.21455821079979492,0.00872745616121201,0.04175217697380588,0.2585034013605442,179.32999565094784,1.0
1.453251,49,131.412846,0.30542593159427994,0.037513934826968715,0.09093936463003047,0.21381026717026624,0.0012525313524030298,0.03643210811834494,0.2585034013605443,175.39879165380518,1.0
0.518261,45,131.589363,0.30145679266774955,0.0674677087032753,0.06304186962924238,0.2199884344579033,-0.036642255789678606,0.004687339914067045,0.25,171.46640715018984,1.0
0.636611,43,131.699092,0.2934953646159286,0.035969822314307204,0.09574029082754207,0.23107994139059543,-0.008739975293926427,0.05556889261224278,0.24224806201550386,173.59341022873497,1.0
1.777256,47,131.814316,0.3032711136219579,0.061671645550577955,0.06104829574360229,0.2184353735097764,-0.027596447164602283,0.02757598776898079,0.2570921985815602,169.14471024055882,1.0
2.075603,49,131.940675,0.30379149392449506,0.03507504338415337,0.09227632120535592,0.21579261207700967,-0.003806310954019539,0.030659791087180678,0.24489795918367344,172.11919780657104,1.0
2.230774,46,132.056829,0.28830459043282175,0.039471258861340355,0.07184955240004336,0.23656235710805842,0.0009847670810537515,0.03167345070014754,0.25181159420289856,180.90440882662682,1.0
1.601688,47,132.265722,0.2944393823292058,0.05088369578194998,0.09768398205711908,0.2294005363528177,-0.004583543948814051,0.04644360552496463,0.24113475177304966,178.75369419225387,1.0
3.893916,51,132.394089,0.3014497480233491,0.03536104275851153,0.08865889900934132,0.21986465799924426,-0.001863485406486039,0.03595568078318289,0.2679738562091504,181.2085862940144,1.0
-0.193116,47,132.514181,0.3058929932150751,0.04243090014828539,0.11691164710465245,0.2131648468324624,-0.013140936752843824,0.07271409947837958,0.24822695035460995,182.80473400815333,1.0
3.310953,53,132.646503,0.3063436687159098,0.03507207287874027,0.07769209775398316,0.2121032162635036,0.010332681779877716,0.055140589636279796,0.2672955974842767,182.19530893543126,1.0
1.503736,48,132.768973,0.29917900998807145,0.03214551049070521,0.12136451742322775,0.22074745138400498,0.017199226493282198,0.06379348394470073,0.2690972222222222,179.9568871869842,1.0
2.239158,49,132.886899,0.30369393712029735,0.03005519863565351,0.0963121154806614,0.21554081589934002,-0.0005839711205622073,0.04499794168039901,0.28741496598639465,178.86165399265218,1.0
2.833571,43,133.013673,0.27552613201160064,0.027438305450925973,0.11046163137544819,0.256932626175236,0.0026874000008689433,0.07873711388776296,0.2810077519379845,180.75609477503693,1.0
1.649189,54,133.143947,0.3162039347506057,0.033817709126539364,0.09665493768792206,0.1991475308396329,0.008245856889403812,0.057032085598975865,0.24691358024691368,182.97269689291676,1.0
0.319256,44,133.257945,0.2906977418558932,0.054945702903687034,0.10548407003244792,0.23402417922282837,-0.0161705899777953,0.07233464656407396,0.25757575757575757,180.30676744189165,1.0
1.790565,51,133.383399,0.31194126166884706,0.04859406749200161,0.07580742969862693,0.205101005779968,-0.012170579429209157,0.03590463740835819,0.25980392156862747,174.79110332498345,1.0
1.309692,49,133.504758,0.3011571270333671,0.03532112217009902,0.11196073098212866,0.21809926456711384,0.020789447620509185,0.06268675232972139,0.2772108843537416,182.94774491767308,1.0
1.956851,49,133.650524,0.29261596544623963,0.04333076927479725,0.12174257076627526,0.22990895644339704,0.01988907952444362,0.07421842003606269,0.24149659863945575,182.38191529053296,1.0
2.322489,46,133.759859,0.2935300477001875,0.033813719014571496,0.08045112480221953,0.22861481774380019,-0.010973177410215385,0.03556997541201905,0.2717391304347827,178.7464501974787,1.0
2.624534,46,133.869035,0.2913566367826551,0.03205571434315982,0.0999813015871757,0.23176803795095613,-0.0063208367226904325,0.03545391480689295,0.23731884057971014,175.98429758604775,1.0
0.070265,51,133.991052,0.31929360205554047,0.033010135530309216,0.11855677824414733,0.19654351609279697,0.02193882230598961,0.04451487756698961,0.2696078431372549,177.0998119889258,1.0
1.380247,59,134.140188,0.3377092098676893,0.021674757847104962,0.08003480964339221,0.1757295585924024,-0.00027355664668959537,0.01751221939698525,0.2796610169491525,182.69876477418313,1.0
2.409432,50,134.283671,0.30225598090516104,0.037085588836547494,0.0900092293167195,0.21788193159899139,0.004760468999186689,0.0461785597374976,0.2833333333333333,177.59552438492628,1.0
1.052022,50,134.411527,0.3095344276631759,0.030355929153010323,0.09589811758079608,0.20836260572238555,0.006440477460642721,0.056745066329117494,0.27166666666666667,177.18973001253266,1.0
0.089977,51,134.540215,0.3179915148161092,0.03599023060582988,0.09470079866223594,0.19812392156319306,0.013042455714863784,0.06176444355955628,0.27450980392156865,178.205305529462,1.0
1.130403,56,134.67527,0.31924425597168093,0.03816181490960434,0.11541848393590892,0.1962458084367623,0.03072043749648114,0.05788518255294984,0.27529761904761907,181.82682371178726,1.0
2.29426,58,134.813262,0.3259913655484715,0.06215838922216938,0.06196243965903634,0.18853836538755872,-0.01861575768512179,0.01552412626975514,0.2701149425287356,179.93126945121531,1.0
2.980824,61,135.332165,0.33328744184397924,0.02741953825476373,0.0798108534470883,0.18034446927241296,-0.006066272254840805,0.023188008298106882,0.2718579234972678,177.38101789860613,1.0
2.991066,49,135.462806,0.29598023521234784,0.04831196231596184,0.0724921946825715,0.22646885969386937,-0.00534707270643163,0.010144846778130455,0.2704081632653061,182.74458287963316,1.0
2.530625,43,135.570342,0.2829906006171511,0.03887614658680235,0.07387834446906881,0.2460191431284591,-0.010874065372385,-0.0022842608214541297,0.26937984496124034,181.97259768923294,1.0
3.268126,48,135.688649,0.29233577206892014,0.03669846224345239,0.08412865689445725,0.22945667445050624,-0.006646595078749012,0.0420776411073684,0.25868055555555564,181.23631207845895,1.0
1.156635,53,135.82009,0.3110236195472631,0.03073079971353533,0.12377607460409412,0.20672244826830127,0.01499642644677395,0.04516623773272611,0.25157232704402516,186.79013842845401,1.0
2.057046,71,136.02036,0.3558627231507317,0.02391602765993049,0.08177591688082518,0.15575704014036387,-0.002724433275564929,0.006541537069407113,0.28638497652582146,191.0673331210678,1.0
1.909789,48,136.140541,0.3030803782710027,0.046384321040979296,0.08741800318583677,0.21648638422486552,0.006362207399045725,0.045300550205270386,0.24652777777777776,170.76026491256587,1.0
1.118211,45,136.247138,0.2900208470624898,0.04122452587612849,0.0849706721749125,0.23505842418562461,0.03350621839302839,0.041715532752268566,0.2611111111111111,175.8582191952887,1.0
0.16423,63,136.410873,0.34703196613529624,0.03854870330983319,0.08396712281634927,0.16578092708145914,-0.010983431769388189,0.02433460435674667,0.27380952380952384,180.45124479036718,1.0
0.561299,69,136.615369,0.35169618305865075,0.0304245575311464,0.09951397846608459,0.1597436486612573,0.01708441604224651,0.037766663834240946,0.2644927536231884,184.21165642502552,1.0
3.684415,50,136.744041,0.2993882478939099,0.029683566327542425,0.07546761260793121,0.22003989114722064,0.0010734788108867426,0.031008356662571134,0.2666666666666667,174.7926016077987,1.0
1.65475,50,136.867086,0.30351275590463617,0.03407512368722758,0.07710172449144614,0.21472138361381016,0.023728045728470367,0.02248725353846833,0.24166666666666664,185.8837578928147,1.0
2.879511,54,136.994375,0.31109033000532527,0.035136643246206134,0.10653854145356406,0.2066337643215984,-0.005006969206559691,0.02928189171038546,0.2839506172839506,183.64860163980845,1.0
2.633535,49,137.11252,0.3002429550026046,0.029346153292431367,0.10324080780898852,0.21933205582159848,-0.010112417259153073,0.02224016870135741,0.23809523809523808,179.19915470434495,1.0
3.335083,47,137.258575,0.29105370273206577,0.0573872500495828,0.052003526127087175,0.23388227134203932,-0.02323274962081537,0.011910368472458084,0.25886524822695034,170.77397157111807,1.0
3.0266,47,137.378702,0.2958534296999691,0.058856613245943594,0.0768249804533822,0.2293640813830313,-0.0333867400998562,0.014189681862935339,0.2712765957446808,175.00192378836982,1.0
5.510626,55,137.521876,0.30140264529314287,0.024763829723491896,0.10119322553718076,0.2209052108219267,0.0006380413929009343,0.04763087085718391,0.2515151515151515,184.38688886734695,1.0
0.268467,52,137.649141,0.3140098998254388,0.028479407606142426,0.12083660315397307,0.20193298526423117,0.013974480453229084,0.0662082894941514,0.24679487179487186,180.7935449955939,1.0
1.952445,51,137.777394,0.303378191631092,0.05471544671002039,0.08101299857699576,0.21477758719606266,-0.006492484366412186,0.048587569010361285,0.24509803921568626,182.20840243453313,1.0
0.269339,40,137.902406,0.2801996888890987,0.040358683867291585,0.09632253321031958,0.2504992249093575,-0.0018342504427476477,0.027804223245964866,0.23124999999999996,169.6164646519396,1.0
2.687952,55,138.042544,0.3158802522170614,0.04845357823691045,0.08672934521696608,0.20071007747493066,0.011343029244237395,0.052185107457357716,0.22878787878787882,176.21554980961665,1.0
1.536219,53,138.170242,0.31391241679096965,0.04054117827844965,0.09024526153589127,0.2033256598403724,0.01363268236391993,0.02270151313679048,0.2421383647798743,177.14360054304942,1.0
4.012857,51,138.293146,0.29720137117030426,0.03617555011397991,0.0636191752086905,0.22435616674573555,0.004603018295086195,0.03352518430460515,0.23692810457516345,180.64254342176392,1.0
1.307302,42,138.395631,0.2830927396905524,0.02999536454016811,0.09891250457609224,0.24594388272095383,0.019306563232382924,0.01786770045302823,0.23611111111111105,169.77157756349874,1.0
2.069058,53,138.553045,0.3117001874670243,0.043602487160700316,0.08189917005681238,0.20522056539887243,0.00794904433576723,0.029563935373137902,0.23270440251572327,178.31708766841368,1.0
4.398686,56,138.692139,0.31002204578664555,0.037308247793568027,0.07819470189558612,0.20765011450643067,-0.002728046740178851,0.022663773359060328,0.22619047619047614,177.85280833165058,1.0
2.832982,55,138.829841,0.31250071962391773,0.029179936605328364,0.09799448291712938,0.20318857724101227,-0.0043167434556267495,0.011267783900999,0.253030303030303,182.92706740364397,1.0
2.602645,54,138.970311,0.31090685694926506,0.051034227169731786,0.07556920417920072,0.20701750318700235,-0.0034098735372644915,0.02940751996091476,0.2438271604938272,178.131349251267,1.0
2.434667,51,139.091941,0.30578529656141706,0.04085473406910596,0.0916883167686274,0.2120439614288186,-0.022044987452104446,0.010226539823192424,0.2336601307189542,180.3534379666647,1.0
3.523503,52,139.248664,0.30491732728450455,0.03915592292471605,0.06392646193152715,0.21493974591209197,-0.010050684279895299,0.02464021438383189,0.21955128205128205,181.59344979753527,1.0
5.61243,54,139.387665,0.3020001236596418,0.03739237626700934,0.09120362279813592,0.2180078042157034,-0.026647965359711968,0.01174604741519149,0.23765432098765438,191.19252216229594,1.0
4.002225,53,139.513881,0.2973659532661237,0.023333050945720284,0.10085743813861886,0.22366405529966893,0.0017984604903523611,0.03884486606066564,0.2625786163522012,186.63917866212844,1.0
4.039052,47,139.630765,0.28747915072147145,0.03972476244991623,0.08179627756084863,0.23859964441607925,-0.009810624023357273,0.022565214040428383,0.23226950354609927,175.05455982195843,1.0
4.049034,54,139.760383,0.3067110811246659,0.030763676616145583,0.09610530001561374,0.21126380676219514,-0.01468377606808461,0.02152858655156092,0.24228395061728392,191.4338690930291,1.0
4.750542,56,139.930409,0.311778492769195,0.03399749289043628,0.07093630849240642,0.20541165872887637,-0.011873012388955967,0.025747789775495324,0.22916666666666669,179.37343026498232,1.0
3.836542,51,140.056262,0.29386258492194356,0.019488613640559194,0.11722517561034948,0.22908304457962494,0.002340961645794327,0.022844687734285867,0.2532679738562091,182.1941963630442,1.0
2.286435,43,140.166002,0.272326743775072,0.03987778157604675,0.09151581739651324,0.26384853818970966,-0.0017528766191773843,0.031706926466244616,0.22480620155038758,181.499878552111,1.0
4.033914,50,140.289433,0.2947966158988306,0.03144987201799236,0.08204772758271434,0.2308075532598105,0.0010453869004208069,0.042979178031086925,0.2383333333333333,185.00938415211368,1.0
4.929918,57,140.426357,0.3107520343222809,0.02793075226403991,0.09951930008292835,0.2065630922692598,0.0017333963377566951,0.042453605391687875,0.23538011695906433,188.71896263048885,1.0
2.921906,48,140.578411,0.2939073475770193,0.04871715298431849,0.08479057119932447,0.2292980110446666,-0.00013875198948671568,0.017367088956697915,0.21527777777777776,173.96054659132554,1.0
4.603928,52,140.701514,0.2956904687557953,0.028822149948834447,0.10054240953005299,0.22644012097891794,0.004408152135977321,0.05378199052065405,0.23397435897435898,181.021370990781,1.0
4.664914,55,140.826944,0.30606178028756365,0.030499092620565674,0.08294496395661828,0.21208799132699063,-0.01234779210378775,0.02222321964641849,0.2303030303030303,186.22168861630772,1.0
3.834963,51,140.947883,0.29647782146512164,0.05267731336909887,0.06177424523791436,0.22389119022329249,-0.023142697394192464,0.014146690553979062,0.24019607843137256,185.23839942504605,1.0
3.73856,52,141.071154,0.3047338422081987,0.025842800799452233,0.08722475937144356,0.21429742025925533,-0.001406850613892807,0.032762361790990784,0.24038461538461545,174.2292007870662,1.0
4.592713,54,141.223886,0.30622900684154986,0.04880568581728369,0.06975301708633853,0.21334989116313607,-0.021216605032584827,0.021299702729831574,0.2299382716049383,176.28119112747294,1.0
3.629235,59,141.368566,0.3264194558229303,0.05749128806557941,0.05430808520270603,0.18767683131381724,-0.027782802526679185,0.017945137866922686,0.2598870056497174,179.47797917526373,1.0
2.240127,50,141.496588,0.30360218065247263,0.050468411812750844,0.06993126730596272,0.21479219363310892,-0.02403613114983055,0.02758008936018668,0.2383333333333333,183.97042244856104,1.0
2.048911,45,141.607307,0.2911717831033019,0.05500436468423596,0.07827695124603193,0.23197248158148656,-0.025362735936770027,0.012736491840614006,0.23703703703703702,177.18072721377433,1.0
5.22458,58,141.740806,0.31423228459771624,0.045422233228946604,0.060908634775849936,0.203398086587478,-0.023417944748321727,0.00380515014878484,0.2413793103448276,188.98113990305262,1.0
5.573357,63,141.926634,0.32876160354092954,0.03539846948006505,0.06428834087377006,0.1866934930560928,-0.010694086435367225,0.02934671407257009,0.23809523809523803,177.6970980074952,1.0
4.11871,48,142.043112,0.28925928156576003,0.02810232854516786,0.07485335506201589,0.23584449497411297,-0.0001253384963335719,0.047203136336541836,0.24479166666666663,180.02904424433157,1.0
3.420641,45,142.156134,0.2877737479834189,0.03797508109756422,0.07894450854160104,0.23934420644203425,-0.01313459536366886,0.03761123254630015,0.2592592592592593,173.6690263052818,1.0
4.553359,55,142.286455,0.30399477599830793,0.028340096497543557,0.08302347591258909,0.21488633955515588,0.004063261866265758,0.03732178681871246,0.2696969696969697,182.45909337590012,1.0
3.251879,43,142.39395,0.28223265725784313,0.03534437883070325,0.08529721081692021,0.2464278837501915,-0.011055977493101776,0.010705659035168935,0.2112403100775193,169.7563522996261,1.0
4.491096,60,142.569112,0.3262551972530989,0.03724680533686428,0.05596343123107386,0.1889624175101763,-0.01734746790899141,0.01903419661250829,0.27361111111111114,181.25265806373773,1.0
2.781901,49,142.691161,0.2987667553153899,0.030199812526782055,0.07688353439049872,0.22180277757099987,0.007714379496723462,0.038762149135004934,0.29251700680272114,177.55197202674836,1.0
3.614121,59,142.839564,0.324078588674618,0.03169826261178119,0.08755242100552939,0.19234363536697158,-0.007086579023739704,0.0374160922173108,0.2627118644067796,178.69594548284974,1.0
4.442388,44,142.951476,0.2721913489216244,0.03626478333033616,0.08059437570209464,0.2603473744858122,-0.016186751190838736,0.013231882384265913,0.2556818181818182,177.3280698119566,1.0
3.776005,54,143.086487,0.3064144935394531,0.03230853532169539,0.11241517802308584,0.211488046263354,-0.0003371296939132083,0.04251709974504016,0.26543209876543206,186.97741080296115,1.0
3.949066,46,143.234263,0.2819363567836448,0.037647453184523935,0.09271274767544632,0.24660646830186503,-0.001544865612407029,0.053411781742652445,0.25181159420289856,177.99823981034206,1.0
3.261182,50,143.360399,0.3017293820178118,0.03915865695369762,0.07580334432808468,0.21740018365213334,0.002875741112165332,0.0181159214763696,0.23499999999999996,171.84365077282854,1.0
4.705088,57,143.502031,0.3146546042268388,0.035019442693912155,0.08387949523195432,0.20283062235442167,-0.016396694919343296,0.015089860313990006,0.2514619883040936,176.8310110820654,1.0
4.78789,57,143.64661,0.3169489026040886,0.03892825569577912,0.06316651973975546,0.19943208290380454,-0.015751098010783327,0.016937848328057746,0.2660818713450292,181.86811567146867,1.0
3.147823,49,143.77263,0.2886791917272335,0.03350164626728778,0.10678125477582973,0.2340639314400923,0.01206138855468585,0.05473548006765068,0.2414965986394558,178.10656471177992,1.0
4.089161,60,143.940724,0.32295822614982206,0.04645945997578041,0.07855400777341144,0.19351718330067774,-0.005651603367888965,0.009489096808007155,0.2583333333333334,179.22767763861697,1.0
3.303941,52,144.07126,0.29971802455271934,0.03146681305030731,0.1258332302274473,0.2207876190644522,-0.00042060330498978784,0.009681787525249664,0.23397435897435892,184.02366166258102,1.0
4.282766,53,144.202222,0.29920654834165467,0.03757263598277675,0.08949626391313559,0.22094138390850446,0.011875261789052826,0.05677937400615874,0.22641509433962265,185.7960993118112,1.0
4.413205,77,144.397708,0.3539763691707286,0.027028581143195365,0.0824726960007957,0.16157938795713964,-0.00018374516730726927,0.03311433221906223,0.24891774891774884,191.0191006570694,1.0
3.097514,52,144.550061,0.3092335084099136,0.04197056181225326,0.07783223734009537,0.20759670887559672,-0.019069423780595514,0.014263733287522855,0.2596153846153847,181.61404277082954,1.0
5.092603,51,144.678743,0.2962827777174917,0.041573852727655715,0.050659570926590326,0.2259215257482441,-0.006931983247892785,0.0032527430488129964,0.2532679738562091,172.18770435393418,1.0
3.472753,60,144.824237,0.31973148145439234,0.034055907886680094,0.10992954147838231,0.19595258813844219,0.025336585734682265,0.06353755168484596,0.2611111111111111,184.65001450076844,1.0
5.66944,51,144.950392,0.2897224676995074,0.029749732768601343,0.08477580399643406,0.24201090326373123,-0.0030990648231215426,0.01426592596946231,0.2205882352941176,191.61718363853353,1.0
4.395734,87,145.199762,0.37006371217054207,0.022948646785028108,0.08372424244923969,0.14500483018665214,-0.0035869223241595653,0.013489576081848408,0.25957854406130265,189.92478240002885,1.0
3.086478,50,145.32813,0.2948340139193714,0.05335103839695959,0.07452252479810235,0.2257599864636079,-0.004552465042716523,0.03094067394626992,0.22499999999999998,182.7022951060321,1.0
5.92228,72,145.509139,0.344660117849155,0.04603462809681596,0.04245191093184755,0.1702010168049566,-0.02357190140571339,-0.007888171593801141,0.23842592592592593,185.91042678699012,1.0
1.723375,55,145.645462,0.3090866826159601,0.04239767580640934,0.1168094329026981,0.20860475664420755,0.033611377279163614,0.07903972233728182,0.2333333333333333,184.55348191504348,1.0
5.054373,58,145.830412,0.31390158923838235,0.023158887748708865,0.09440185362422275,0.2021496013977002,0.00018222337461417033,0.018418741845603305,0.24568965517241378,187.4174506043219,1.0
5.255548,55,145.969658,0.3038728397200461,0.045188853737918463,0.07859287544000262,0.2172575328080568,-0.013521872563159,-0.008254363642573335,0.21969696969696967,181.19716178575192,1.0
4.83491,52,146.102234,0.2988478312598057,0.0400928969985397,0.08419588762708048,0.22101445344722417,-0.012450684350025477,0.009085753858514099,0.24198717948717957,179.63132959099872,1.0
4.066954,86,146.322472,0.37463998546899135,0.03666380665331007,0.07647185367184,0.13827131145355112,-0.012839573430447102,-0.003403947679235341,0.25484496124031003,180.440083789476,1.0
5.519687,66,146.563658,0.33232893025492627,0.029804106336374443,0.10613822462514051,0.18316385665156842,-0.01783241822591996,-0.020894480582627526,0.255050505050505,193.0046472080196,1.0
5.610914,49,146.688726,0.28439142906274906,0.04935342439863103,0.07689787320994788,0.24434238874519557,-0.018719047234333923,0.03952342919448123,0.22448979591836735,176.98396650319754,1.0
6.295972,72,146.865106,0.34155750353171643,0.025841628567336846,0.08055911088734777,0.17270302888590117,-0.006786308386412383,0.0160415868366277,0.2314814814814815,191.50471088441427,1.0
4.876298,52,146.991962,0.29583290895417413,0.04468032438091732,0.07643356570841216,0.2265377871156278,-0.005203536386430845,0.030651570759851178,0.2419871794871795,178.22127221164854,1.0
6.127779,57,147.132947,0.3102034693790275,0.05305640424914567,0.046273838884333125,0.20838936209117934,-0.017627693391862872,-0.0068219699140433,0.22660818713450287,172.06459974112926,1.0
4.391868,70,147.33458,0.3469905508372324,0.04805326545616746,0.08320404797793224,0.16553460607743228,-0.032116137489085275,-0.010440468038110245,0.21071428571428572,190.80679787239512,1.0
4.428286,53,147.466488,0.296760169337131,0.025126752856860085,0.11388660792261462,0.22407107477220947,0.006975176717313691,0.06323586335782944,0.220125786163522,187.03118671715393,1.0
3.413362,66,147.628463,0.331556206400781,0.0381065164093355,0.11299189785838275,0.184016318130076,0.020513421024622558,0.0524219309735552,0.21212121212121215,190.95032919332652,1.0
4.234325,52,147.755964,0.28635749293732793,0.0379568185974895,0.1451956214849372,0.2416760312121338,0.02975822682707491,0.0546378296401125,0.22435897435897434,189.02167941412065,1.0
5.258824,52,147.927114,0.293787673126621,0.04085197933217743,0.07934633010822435,0.22926335354985353,-0.021387930676692812,-0.0034468019185391976,0.23557692307692307,181.807341258339,1.0
2.861659,58,148.0704,0.3105169709490988,0.04048168600338962,0.11734112952759447,0.20802347471351754,0.0351278900746704,0.030571469762550593,0.22557471264367812,184.56511541005676,1.0
5.325531,56,148.216401,0.3013348363870186,0.048964003672052274,0.11006737838344821,0.21832055925752475,-0.02497399739752698,-0.019289923548807743,0.2395833333333334,188.49390901993115,1.0
6.981274,61,148.430928,0.3139078056458105,0.04357844581348371,0.06731683503614444,0.20512177208773094,-0.024882336836730388,0.005615189035139166,0.2609289617486339,186.7856070849464,1.0
5.971004,67,148.713861,0.327787229161558,0.03752737424544641,0.07248601856657458,0.1893634300616261,-0.00044779843581418786,0.02203249291732764,0.2549751243781095,185.51443236634145,1.0
8.131765,52,148.84281,0.283478141088933,0.029596253624845765,0.08309064023050378,0.24509065939932487,-0.014812006544514093,-0.0038185521226780147,0.21955128205128194,184.45028195321825,1.0
6.761248,57,148.980652,0.30577170186647074,0.05258471694826341,0.0754379294561009,0.21546749398532797,-0.030139027047064542,-0.010285737435725341,0.22368421052631582,185.32978120512666,1.0
4.99239,53,149.109928,0.29825632179785244,0.025816911805728274,0.08397158317922171,0.22335641915795956,0.006836816911318982,0.03433144139713459,0.22641509433962265,181.8700719362492,1.0
6.443503,57,149.245626,0.3094252146421881,0.03125583521590204,0.07885140314166837,0.2101802151488624,-0.013714612587794191,0.0008615100759317692,0.23538011695906427,179.48167048930355,1.0
4.933288,49,149.408717,0.2896860035048651,0.03821501311736567,0.07564467507263381,0.23500471915660376,0.0001299247841840378,0.016732375353313494,0.20748299319727895,171.90077543368147,1.0
7.07584,55,149.543082,0.2969749960640963,0.028485026620643134,0.0784296573364781,0.22752962334767343,-0.007944119587578033,0.005407057074417979,0.24090909090909093,190.28442242016192,1.0
5.812864,58,149.68633,0.3056641660959726,0.0438747370927238,0.07178370926990797,0.21384715639798244,-0.004812953886928169,0.03332611804357692,0.25000000000000006,183.96129724597353,1.0
3.794388,50,149.805298,0.29032697083310444,0.05287722132239013,0.08971561723864523,0.23363074851273982,-0.011562460751146841,-0.019524283891086947,0.23499999999999996,177.88663131517262,1.0
4.49472,48,149.923245,0.2848268382742126,0.04584898350342976,0.08226071890101108,0.24108917217657558,-0.009998260291759908,-0.0176361151145605,0.22743055555555558,179.283432340777,1.0
7.582323,66,150.113398,0.32473027526522474,0.02795979793900726,0.06258997273553847,0.19304025334608332,-0.010743022048737436,0.006545048312471884,0.23863636363636373,184.41869331083728,1.0
4.59972,53,150.241896,0.2942349187005613,0.06053992438991482,0.07335465413297862,0.22880534518319687,-0.012244540515349024,-0.009451494395041588,0.22641509433962267,183.07557548136683,1.0
5.160212,49,150.36233,0.29129941364885914,0.03648456018241129,0.06776559252419952,0.23345650988988081,-0.01360481738838378,0.01971044871951721,0.21598639455782317,173.31971594399846,1.0
5.227077,71,150.534039,0.33665494024056236,0.021851228008860298,0.10197046559055323,0.1791042893671569,0.00993989785367938,0.033731171370304014,0.24178403755868547,191.50855371660307,1.0
4.758508,52,150.675225,0.29938527173543317,0.04988356546166742,0.05229900592488727,0.22426904850716645,-0.011228893372596952,0.02021746193377434,0.23237179487179485,179.24800873494766,1.0
7.541234,62,150.815616,0.3139060983400866,0.023119933909803315,0.0946903267336252,0.20592312457174544,-0.004255907861502903,-0.0015512148934838878,0.2647849462365592,184.7670897346574,1.0
4.635131,51,150.940663,0.29287025604910627,0.0566840244946272,0.07470539106045435,0.23070539423827285,-0.02647286554848173,-0.005351068961655431,0.24673202614379086,181.0056138512231,1.0
6.060885,49,151.057253,0.2757665377028762,0.03470010746375829,0.0867681194637824,0.2554583598213986,0.0010809600253948017,0.009110586404986402,0.23129251700680284,180.0920188579393,1.0
4.014514,44,151.162163,0.2745894197315185,0.04672944092243418,0.09497018630496284,0.26065295441664577,-0.02447237176684724,0.008544558073748586,0.2575757575757575,178.06750930647837,1.0
6.371383,53,151.310233,0.28981418396900654,0.06071451843044702,0.05640606434653882,0.2372675909361203,-0.03717911882890378,0.000789391951286497,0.24842767295597484,188.34581563607242,1.0
5.389241,48,151.426229,0.27966996246717596,0.03554348662685468,0.07917912038523296,0.2494229793073368,-0.0005095572192150977,0.025390928566078618,0.24652777777777782,185.44120156252157,1.0
4.986383,62,151.576699,0.3168631937844508,0.04922082030380877,0.1046599879342539,0.20104070667209809,-0.014602961036562908,-0.022943014436874153,0.25000000000000006,183.3373495432956,1.0
4.76009,66,151.741512,0.3301289418687819,0.027928050374308372,0.07614105155805219,0.1861398786514907,0.0003836720861680116,0.028152439137490687,0.26893939393939387,183.27362903068632,1.0
7.551173,57,151.871852,0.3042903145724979,0.046252363127102805,0.08269117730745537,0.21739814525799728,-0.03430234097917363,-0.03319258215865918,0.25146198830409355,185.46789840503286,1.0
5.376752,46,152.00173,0.27412248090574187,0.05403031643423716,0.0865544873166797,0.26105072380909644,-0.03263529709203865,-0.02185009306007199,0.25362318840579706,182.92406477799494,1.0
5.059845,52,152.126082,0.28791347797141975,0.04448878754754355,0.08994167677154166,0.23686257831195892,-0.006673940888702971,0.01685410467485323,0.29326923076923084,183.13606461403865,1.0
3.682607,47,152.232034,0.28193917784128114,0.058485523490346254,0.06989183948175531,0.24635873164457206,0.002916913582573156,0.02853751200234725,0.2695035460992907,179.6587000294934,1.0
4.987063,57,152.365681,0.3117314744714225,0.06945074133671429,0.07388685512638317,0.20740729380960166,-0.03874441085061091,-0.015919684146256562,0.25584795321637427,173.2731331770237,1.0
5.021788,62,152.500874,0.3232079732126644,0.03716364656653836,0.06450041938143627,0.1944356556084622,-0.0024242353179382693,0.010848849440210058,0.27956989247311825,179.33994804075144,1.0
3.876361,58,152.653946,0.3117925681115242,0.03496225778090968,0.10041476728819532,0.2053916241701828,0.017869197860245746,0.06788354332359461,0.30028735632183906,185.3592908730201,1.0
5.244551,55,152.785136,0.3000610192530639,0.030898174621168055,0.07398752152797491,0.22185713309327765,0.008058389331613357,0.03467068981177635,0.2924242424242425,185.06479259691017,1.0
4.145782,51,152.910206,0.29462545555448555,0.04839523445612895,0.07911677193192954,0.22750127912836682,-0.024963060488850934,-0.012818576222392838,0.30882352941176466,188.12690509596754,1.0
6.421231,50,153.030487,0.28052221579547965,0.05330387304115799,0.06369449852478765,0.2484072100726319,-0.012029153958453952,-0.0009012447026455411,0.26333333333333336,180.17051471756574,1.0
6.878099,54,153.193055,0.2928972678518328,0.034385848856649665,0.07219348699443334,0.2316473653865326,-0.00316482578047353,0.017767954801634622,0.27777777777777785,182.44471174045088,1.0
2.716836,45,153.303985,0.28097862513655897,0.06888738420526948,0.056954350389251784,0.24922146028561012,-0.00672369548617743,-0.022603035969748806,0.2685185185185185,177.0156823354006,1.0
5.16595,52,153.430122,0.29285437271870274,0.05093001228741065,0.06350515061473407,0.23031318886481988,-0.003115991265555914,0.014375723170341118,0.296474358974359,178.8629307523342,1.0
5.158746,48,153.546208,0.2805192906418492,0.03518366492647906,0.12013049954835757,0.25310925441112503,-0.014677200166862256,-0.039363255962269535,0.3038194444444445,176.80644291901186,1.0
5.042225,47,153.658887,0.2864214200459612,0.04131703751716483,0.08459853858214814,0.2415866809112086,-0.013400563794561999,0.02630426833455166,0.2854609929078013,168.90831565353258,1.0
4.625584,53,153.785183,0.29432352047649457,0.03452738220055676,0.12045135077204024,0.2278439377564575,0.02510593313558627,0.046455263845505745,0.2751572327044025,180.52451906210624,1.0
5.58787,58,153.960416,0.30758039382254015,0.032591759244785024,0.05872467633166438,0.21279049275824224,0.004590154120798008,0.009542478084806249,0.2902298850574713,183.20407644963223,1.0
4.829794,49,154.076464,0.28535825877028137,0.034334847994445104,0.10052513720718297,0.24188382477984807,0.012095906879035324,0.04557310198732951,0.2789115646258503,180.67735859655608,1.0
4.552083,53,154.207756,0.2911961717292519,0.04549078105553819,0.1022335975428838,0.23294695656033992,-0.009041108969432743,0.04969050254905329,0.2562893081761006,187.48404459862007,1.0
5.407364,53,154.348796,0.2923377551429515,0.0719985098172289,0.050143705491720716,0.23234763467646086,-0.027905057637493208,-0.0031451457233802878,0.3018867924528302,183.64474824567858,1.0
5.288537,49,154.469288,0.2851032991768729,0.039495499399365065,0.07334012739418135,0.2429431830048282,0.008962521700107856,0.027004322094465853,0.272108843537415,178.6226494984205,1.0
5.720429,52,154.618914,0.28732157138918984,0.04059767224297668,0.07413092844633483,0.23914429356389838,-0.0009253646840002119,0.005720130626052215,0.2548076923076923,181.9342654261188,1.0
6.198908,68,154.787882,0.32865380954973705,0.027137666104230115,0.0767952657754531,0.18981901047001457,-0.0008410068366139214,0.01889645315946218,0.27696078431372545,189.3174267294456,1.0
6.334369,53,154.911705,0.2922349967981278,0.04544026244822448,0.05208778702338152,0.23248501891002685,-0.0037785608688149937,-2.9122436290848057e-05,0.28144654088050325,179.10545153824233,1.0
5.327004,49,155.024755,0.2787509056955031,0.04203960952642675,0.10354988923913117,0.2525398366206914,0.0006636932069085137,0.06864994541138801,0.26700680272108845,184.68264454858738,1.0
6.092669,54,155.172739,0.29511090951197555,0.02174626148809074,0.0939626204673849,0.22760686720145293,0.009084476427759792,0.026801747330847454,0.2762345679012345,182.16058347658574,1.0
5.604089,53,155.299985,0.2924590586579762,0.04111688503345583,0.07140199435823258,0.23010194763808847,0.0053383458246770155,0.045344145462501116,0.2672955974842768,181.68524766694222,1.0
5.19662,54,155.429523,0.30133443039946445,0.05745299915886114,0.05578997802008686,0.22226794479822598,-0.019124007123022133,-0.00971330537229532,0.27006172839506165,180.75327363587857,1.0
5.532734,50,155.560818,0.2867150296933664,0.05636968973705377,0.07693660436876257,0.24111918160516196,-0.023097890995504078,-0.0037564172101248222,0.27,176.39362638350656,1.0
7.337973,50,155.688813,0.2781888923185038,0.034191904686454666,0.08875304030557828,0.2568899782255576,-0.006834746479546403,0.054383942250596624,0.29166666666666663,184.8273415846648,1.0
5.623732,46,155.843804,0.271405684407296,0.05905322127087515,0.08694602744582197,0.26950724510969026,-0.03069585437082192,-0.04412473426691772,0.24818840579710144,179.47972673469084,1.0
4.785785,47,155.957329,0.28075499611950633,0.037502737910078646,0.07318506388477744,0.25013564752379686,-0.006177629933329279,0.0009200286585984468,0.25,181.44135993011474,1.0
5.477692,53,156.083099,0.2954788303876018,0.054539816557236505,0.09378543196111377,0.22619942665931023,-0.029779407832061205,-0.03248922905543661,0.2562893081761006,183.44293053259506,1.0
6.172582,49,156.213966,0.27992354851791507,0.026792784503218876,0.0756297894309579,0.2530656998354714,0.011420230290672642,0.0349274266913213,0.2874149659863946,184.74219138796107,1.0
4.580213,46,156.330527,0.2778165827360058,0.0362185886397686,0.08331292121975276,0.2516045804583792,0.002828785820049959,0.01904076685608915,0.24818840579710139,181.3298688201133,1.0
6.433496,50,156.481984,0.284649236255047,0.03272022453142596,0.06389905192786914,0.2434330382505351,-0.0017239831980631498,0.02961952929870812,0.26666666666666666,178.32537518885113,1.0
5.727639,63,156.64502,0.3208916165301685,0.03526310581789581,0.08926350403180565,0.19631416530089096,-0.0056796345242266285,0.01878619641696925,0.28703703703703703,192.84164267024354,1.0
6.417869,57,156.78894,0.3053712234135638,0.04485144679330807,0.05202477925728911,0.21412157587268862,-0.009594804566676189,-0.0003078579514702588,0.2967836257309941,185.87503384432443,1.0
6.764806,59,156.925274,0.30007758713481664,0.025969653457013877,0.11080497551914538,0.22045946335766797,0.014334390168911125,0.06781468706682278,0.2867231638418079,190.88852692604732,1.0
6.66179,51,157.036887,0.2813337291933604,0.05889059296893362,0.07612665753098438,0.24790340641496722,-0.028469292517287893,-0.015415143208229282,0.28431372549019607,177.97891685785854,1.0
5.145733,51,157.192062,0.2911113507844925,0.06572507319048623,0.054537729856029636,0.23344146465084495,-0.019577684652058936,0.013411322687457022,0.28267973856209144,183.4002922385467,1.0
4.859841,44,157.297627,0.2719895134048704,0.04383140435151352,0.08320314219834984,0.26376228640847127,-0.01337599206257371,0.006276724909001549,0.26325757575757575,177.4261510378651,1.0
5.600538,50,157.417396,0.2877341216701546,0.04385939198303894,0.06751578845959871,0.2384450386546873,-0.00892196891416225,0.01992822345619236,0.2766666666666666,180.4667665805351,1.0
4.918521,48,157.529165,0.2788363225417353,0.06402412873971823,0.060158202920942414,0.2507489370660632,-0.016423106082568677,-0.027951190835155237,0.2708333333333332,185.08322943370044,1.0
6.221379,67,157.693951,0.3199554894159361,0.03162079614768598,0.08361046465908177,0.20019964606176296,0.02574330458168804,0.03856934430411112,0.2636815920398009,197.1390555331791,1.0
6.40365,50,157.835636,0.2827360060704856,0.04208545705361477,0.08040648707651536,0.24422728077005038,-0.012863231821549,0.03354110084902267,0.26166666666666666,182.43098318938183,1.0
6.056573,57,157.973628,0.3054377956818109,0.051246165022975,0.06425532629456586,0.21407613750423565,-0.028117842357503673,0.000496482307367116,0.29385964912280693,187.21971111664132,1.0
3.422991,48,158.086343,0.28582714650113467,0.07623081568181436,0.08035325343174898,0.24087973227437406,-0.024975104691663783,0.02642314761411861,0.26909722222222227,178.276242992992,1.0
3.933202,53,158.211208,0.29884339608793703,0.053323957587721564,0.09463086454849741,0.2206379536132688,-0.021845797617739894,-0.009468590297958346,0.2783018867924529,182.44564902315776,1.0
5.728741,50,158.332276,0.2826473725459545,0.05675894900799318,0.05913422859813174,0.24314963907341702,-0.01804645433398486,0.0011862749998612099,0.2766666666666667,184.07945112193335,1.0
5.02534,67,158.5178,0.33176120565305606,0.03333515240752229,0.0649878476531939,0.18457724988500776,0.009880320583110325,0.02742273817259966,0.29104477611940294,184.93453643730368,1.0
5.882812,66,158.675795,0.33132611231381165,0.03930223934024417,0.06228221948988357,0.18463896376249214,-0.007619789419298179,0.010430340206327922,0.29040404040404044,179.1169832764439,1.0
3.44139,52,158.798295,0.2951801348048485,0.07726181427521012,0.09488440382982015,0.22571709509903476,-0.031152152133774667,0.018950999104291356,0.27403846153846156,183.2506516474786,1.0
3.910235,48,158.912679,0.28330755317930095,0.04078662326816101,0.08286604279973249,0.2413473077718347,0.007766375046192074,0.03733226015383208,0.27777777777777785,181.41762989079007,1.0
3.73063,44,159.074243,0.27616591013842656,0.03609315590145632,0.09112072476052295,0.2559715885187479,0.010973903581123389,0.0415777379403534,0.2556818181818182,180.09377474970077,1.0
7.468256,60,159.228542,0.30443540856597895,0.02469447430317477,0.08763795400969548,0.2165665357942897,0.011115201767422896,0.038861566816312275,0.3,188.41839296559445,1.0
5.851734,52,159.365162,0.29333950178599066,0.036882656440593214,0.060624453691858926,0.23017502717911337,-0.010873172576295057,0.01964411729303509,0.30608974358974356,184.57061801664733,1.0
4.790741,49,159.489283,0.2813815932402354,0.08252160644086118,0.06352460703739507,0.24549291556342162,-0.03923065543140656,0.0031076834771055326,0.2806122448979592,181.97555324130263,1.0
5.926344,46,159.604224,0.2715584611336054,0.047054859617026164,0.06827485702887115,0.26637718975352553,-0.008355175036043168,0.002750032351170396,0.30615942028985504,184.63368129204608,1.0
4.390696,55,159.756852,0.30640305442364907,0.05590677814746136,0.055975816022883866,0.2129809570182485,-0.0031645942489381745,0.009561940017444679,0.3060606060606061,179.54186672627316,1.0
6.35765,56,159.902536,0.29317627889356157,0.031280076660107806,0.10403248386730866,0.2315819442945393,0.024424782298372614,0.041694153053311596,0.3154761904761904,190.3062251532855,1.0
4.520586,44,160.008832,0.2693420978780032,0.04677832291337249,0.09505745381632048,0.26845531868854544,-0.021606467503877916,-0.01594227912352503,0.29734848484848486,178.63038370497821,1.0
4.137371,47,160.125735,0.2820842297051613,0.060481849321471784,0.08129539703006429,0.24481502865459795,-0.01641001791846995,-0.0010340846154443617,0.28546099290780136,178.1734047551988,1.0
6.28049,54,160.259493,0.29706389830809493,0.05692945300549949,0.05377518578076014,0.2249756644986087,-0.025655538142752704,-0.011376258262055839,0.27777777777777773,180.8808382951922,1.0
7.879906,53,160.409157,0.28423672977925324,0.040569396663794034,0.07782117515177861,0.2445993662453896,-0.015092816857103774,0.013019457791402103,0.28301886792452835,187.543203030409,1.0
5.804552,48,160.530627,0.275033743500317,0.058438690053344,0.08305750666402878,0.2580008691035446,-0.02709715325603519,-0.043961354045939684,0.29166666666666663,176.4223225808356,1.0
4.812709,50,160.6578,0.29060567434120615,0.05372175558648792,0.07374613279848323,0.23349039360647367,-0.022608440462296295,-0.030320304265128363,0.3116666666666666,181.70391948277407,1.0
6.636294,56,160.797338,0.3029991934159758,0.043375564893760814,0.07755218817542921,0.2177410060282289,-0.018841214590428153,0.0117744709368169,0.33035714285714285,180.6827191766875,1.0
5.733006,50,160.92246,0.28822994427447535,0.027726244240796838,0.09323498166740206,0.23693747509597074,-0.0034405350406911035,0.01229222322475903,0.30833333333333335,176.14260409828296,1.0
4.931858,71,161.121377,0.3456351607742148,0.04552461166245303,0.05679227113882395,0.17025058252815015,-0.0014051747225204373,0.006304925568987219,0.30281690140845086,179.15503418450797,1.0
3.565289,61,161.27205,0.31581736868773574,0.08781616259061917,0.08626380968952262,0.20436347711690325,-0.019310643531722665,-0.03049153248931003,0.3319672131147541,187.15113030301012,1.0
3.674438,51,161.409467,0.29322302336332645,0.041066396858932014,0.09100483480421437,0.2278133715839425,0.013719342136056401,0.0511360897971595,0.3088235294117647,185.0749740483836,1.0
5.207824,50,161.532334,0.2863659979528894,0.05147230266478466,0.06854868356214558,0.23906729724324788,-0.013060420604207328,-0.013394423196073623,0.29999999999999993,179.6532880857672,1.0
6.286037,59,161.686512,0.3100310435815919,0.04566522070611818,0.06887214703701353,0.2087135084843984,-0.015047970168859297,0.008401078524229636,0.3305084745762712,181.89369953792675,1.0
6.448958,53,161.83861,0.29112717956736844,0.04573174238053054,0.05924195907727561,0.2329384078170468,-0.00260656661784223,0.01810586770434594,0.2877358490566039,175.94095155796407,1.0
6.543866,50,161.960099,0.2800934342389817,0.054472860116233326,0.09157481950608035,0.2531832181720722,-0.020260690329800806,-0.03359749209916722,0.3016666666666666,182.07622326466134,1.0
3.625904,50,162.088632,0.291955964888891,0.08177944167175179,0.09588886997278424,0.23398025747013626,-0.03565006188321101,-0.0447051718719625,0.3016666666666666,177.06570543956593,1.0
6.393311,53,162.22316,0.29890384975747447,0.04150651967027797,0.07600099114549569,0.22285840311644567,-0.023408808554904775,-0.034646448122550993,0.33647798742138363,182.39280102754287,1.0
6.587557,51,162.360103,0.2833155420797356,0.0418065901325759,0.06501323562915869,0.24480102491798728,0.009050495461316548,0.006682036986152012,0.33660130718954245,181.8195770477092,1.0
5.323335,56,162.522143,0.3063564982266518,0.05603310956386801,0.07618331467366883,0.21327581729041273,-0.028732122589641196,-0.02459104484475593,0.3184523809523809,179.55584041840316,1.0
5.76785,55,162.65799,0.29772365716200233,0.059584822026118506,0.05562903271721032,0.22625932378998456,-0.010615552931075625,-0.010717311619981459,0.3242424242424242,177.74133273031032,1.0
6.166632,53,162.792181,0.2932805332769188,0.041237192062070605,0.05461335329231963,0.22885325225213202,-0.003716362919005504,0.006226524201881609,0.3286163522012579,178.0709696761312,1.0
5.200099,50,162.919837,0.2927302600822815,0.03808716116942929,0.08942806428811496,0.2306568505894074,-0.01436193419189315,-0.0060975945735155255,0.325,176.37709478101945,1.0
4.996045,45,163.032061,0.27238949742682494,0.044350185207359366,0.0723512677281001,0.26111704281364,-0.002521663026930422,-0.017345179173446607,0.3203703703703703,175.7678422665629,1.0
5.989178,55,163.195238,0.2959963825477423,0.05741047714828663,0.05448889190103076,0.22711942824305448,-0.0035804014467930418,-0.0007441434441497707,0.3106060606060606,179.6857287826715,1.0
5.724662,56,163.334641,0.3022317883208181,0.06421303297535647,0.04993937612600458,0.21864876858493032,-0.02546999451062677,-0.015824151710399584,0.2991071428571429,175.5394800231745,1.0
5.784455,48,163.452174,0.2825599524716186,0.02303947213969989,0.08714055790520962,0.2463654229697753,0.0050610500692537174,-0.0028213650958968666,0.32465277777777773,175.07353056636148,1.0
4.081841,50,163.577399,0.29351371828357004,0.03401039112701297,0.09345771598075318,0.22956663757501186,0.02026158256747159,0.02173874130536164,0.29666666666666675,179.882781311711,1.0
4.692029,44,163.691296,0.26512903463273707,0.0824168420335517,0.07262860372590528,0.2790017309884854,-0.04802781619047782,-0.045475065922110036,0.3068181818181817,179.57327251584002,1.0
5.91144,53,163.844753,0.293539061109147,0.04304424063175224,0.10074612334353379,0.23114693074378842,-0.018735753702040215,-0.024248825714852512,0.31761006289308175,177.43533865524017,1.0
7.007652,65,164.011836,0.317636393008115,0.05529036266814312,0.06039684331469364,0.2028699017252968,-0.0023491531537691004,0.0209556188858101,0.28846153846153855,185.48844124061932,1.0
5.644831,50,164.136854,0.28088753564023083,0.05699521744564741,0.06795068129629894,0.2481347768523524,-0.008270391823394611,-0.030383510033593842,0.3083333333333334,181.65941546401652,1.0
6.428957,61,164.290993,0.3148888840960746,0.03708932764950495,0.06732766020515843,0.20262031931303282,-0.00761289935267253,0.006811800860677038,0.2937158469945356,177.949427935922,1.0
6.260156,61,164.462623,0.31525268522877037,0.06803395325827419,0.046759231743806105,0.20358377241556425,-0.025621590551577807,-0.0013344488393834065,0.29918032786885246,176.6534856011521,1.0
4.071538,51,164.584532,0.28389483559055995,0.10333196229356824,0.08779629201452542,0.24589627975554676,-0.056760587514691443,-0.029818061003817817,0.30228758169934644,181.08320415346412,1.0
5.957579,54,164.717594,0.2928159442542331,0.03929512644614421,0.0904522676748016,0.22988909160717766,0.006440695568995675,-0.0208211996544025,0.2993827160493827,183.78010220952027,1.0
7.041634,63,164.872742,0.3153315867464073,0.04423545075931606,0.062216904180968036,0.20421415791997952,-0.008018848463009128,0.003053322830893176,0.2962962962962963,183.87643297742844,1.0
5.644677,51,164.991735,0.2806124671637775,0.07834757136998337,0.06740617009088413,0.24897285244560532,-0.03822524152535654,-0.009787989388248833,0.29084967320261446,186.59588589198657,1.0
5.64448,54,165.144172,0.2928461554989888,0.08704977097395014,0.049707733603288944,0.23316477009598216,-0.03921954541220573,-0.01586439144562022,0.316358024691358,185.6276695013092,1.0
7.870702,64,165.294888,0.3145318580123237,0.05084196996873885,0.0781233204928804,0.20564317372932758,-0.03101092994217948,-0.0004334556051233439,0.30729166666666674,186.1248802570557,1.0
8.402536,54,165.427709,0.28261901243174514,0.03206049351073613,0.0676501664635014,0.2451088180679442,0.003226580646416597,0.007936568668109496,0.2808641975308641,187.36625928726556,1.0
8.189595,52,165.554132,0.28304530280509044,0.030511983281627297,0.07377373800187986,0.24911901927333518,-0.013519789589249709,-0.0020155815520664024,0.298076923076923,187.4111493646948,1.0
6.931993,50,165.711082,0.27862173427089315,0.031720005258652394,0.08179424711498379,0.2538450607541951,-0.00894581342032131,0.035680939749975146,0.30500000000000005,184.49332626592854,1.0
9.224873,62,165.857252,0.308580782109346,0.03153014901213706,0.049600502099588835,0.2121007342657751,-0.009190286543592881,-0.005012784380504304,0.3198924731182797,185.07437950680938,1.0
6.173399,54,165.98611,0.2963244064720648,0.05250832204857953,0.0796616466157954,0.22466322180113185,-0.02774200744542148,0.013383437304136929,0.30092592592592593,183.57306882241573,1.0
6.381835,52,166.113328,0.28503820699420584,0.05337566700864356,0.06487305620879885,0.24066011186712732,-0.02491344876233193,-0.006560872821753622,0.32211538461538464,182.0690205074479,1.0
5.800797,51,166.234683,0.28665129215398844,0.024404316777991486,0.09447894423148921,0.2366134514473962,-0.0037779363643370783,0.026179836255061813,0.30228758169934644,186.72958887565028,1.0
7.703321,65,166.418132,0.31244558737293887,0.04646404453362011,0.09003738701919575,0.20816928633402745,-0.011444160033976936,0.005295601577132469,0.3153846153846155,196.05048752442718,1.0
7.043177,66,166.571965,0.3309670576317531,0.04804972901891124,0.060334024024587186,0.18389010426580932,-0.031524291925723424,-0.01036677481900327,0.30429292929292934,187.57083730443264,1.0
6.795006,62,166.725014,0.309576819079102,0.035455978339138404,0.07536430384141236,0.20982197956757184,0.006663272911063076,0.026401576020797443,0.3158602150537635,184.61559148622888,1.0
7.601268,51,166.848661,0.27994360733216,0.04911990572195264,0.07173151168408824,0.24902586765990936,-0.01281177005779766,-0.0036451348792766753,0.284313725490196,183.07713202222322,1.0
8.057806,58,167.007796,0.29651425373097395,0.05342901196879346,0.06544309523848697,0.22730749790893412,-0.016903356990158526,-0.013200963820073519,0.27586206896551724,182.33948664356743,1.0
8.620542,61,167.154287,0.30179718925666915,0.04285907314099517,0.06765325359000934,0.22111587303919333,-0.005416036104626287,0.04160204906084779,0.28551912568306015,188.67922843147963,1.0
8.189374,59,167.294129,0.29413571252137183,0.0477181606664675,0.07198044661822034,0.22930676113860607,-0.02068364079312022,0.017270458555662612,0.27966101694915246,197.7810976991495,1.0
8.594372,76,167.472181,0.3370772970494995,0.03930760784923978,0.06357810233903746,0.18347952934151895,-0.013494300726175728,0.013747458429441745,0.3026315789473685,193.16699806616938,1.0
7.030965,62,167.64604,0.31848244527189223,0.045339207904650486,0.057670946479191694,0.19873765483060274,-0.025142484993238654,-0.01626183073817946,0.29435483870967755,186.11393170447877,1.0
8.505295,63,167.79407,0.3136562520258489,0.04259075518510805,0.057292544668406734,0.2066497929721789,-0.010329890546575838,0.0005516024904163624,0.3095238095238094,181.43178623601418,1.0
6.459758,52,167.917533,0.2840063986775296,0.02963743197714015,0.11274540429721439,0.2440280315423282,0.024653173909777944,0.0576997373098827,0.2948717948717948,186.2650373467839,1.0
7.594069,70,168.085122,0.3324962593546045,0.03235547459854468,0.06628059368778934,0.18468119367640098,-0.008821179671734153,0.002569490107333113,0.3083333333333332,188.77105387071484,1.0
4.939215,53,168.228657,0.2929506619333169,0.03887131334955674,0.09663496057592949,0.2294651486432506,0.013159053694511145,0.03338687851539485,0.26886792452830194,185.17622518488412,1.0
8.926167,63,168.391215,0.3080107681231814,0.03220762540568908,0.06285549667149319,0.21167498163211135,-0.009723343214169601,0.033718810241316954,0.28571428571428564,197.89075781543465,1.0
5.690302,79,168.592424,0.34732335661488345,0.060777529934792206,0.07952612918390782,0.1717097037737912,-0.018742458678919025,0.03388026792553924,0.2827004219409282,194.2212110818568,1.0
8.343501,56,168.730857,0.28831327827326797,0.052748924460373645,0.0707674487213154,0.23662581654442352,-0.031546114725163214,-0.0014819821418048276,0.26488095238095244,194.39403414428307,1.0
6.684935,52,168.861784,0.2805019280962772,0.02276721126701626,0.0968786243522698,0.24539869201833053,0.007965016415052383,0.0530695742451773,0.2932692307692308,190.36515368737656,1.0
9.003055,64,169.036886,0.3085305090848346,0.04408331801445571,0.08140555838569451,0.21344463527284374,-0.026334194219312657,-0.010842767467735938,0.28776041666666663,194.80820073969073,1.0
8.975542,63,169.204871,0.31032115836617824,0.03798728111206037,0.053919660649230414,0.20938183980512995,-0.01649598329436614,0.010069211004877085,0.27645502645502645,187.90987933557014,1.0
4.983947,96,169.442475,0.3791694879268242,0.061852031854547206,0.05841524899985597,0.13747711413393995,-0.03312436270992921,-0.0011069660012290054,0.3029513888888889,188.83505548473195,1.0
6.30872,72,169.645996,0.339241110140877,0.07939219982234745,0.065977715737831,0.17642516894401078,-0.05701879326376813,-0.02565911507804787,0.295138888888889,197.92395337200261,1.0
8.929256,68,169.805388,0.3234340131916491,0.0223560114050227,0.05955389353147433,0.1955359404143909,-0.0019114304682919933,0.008141179117863741,0.2879901960784314,190.81624200067887,1.0
7.483421,64,169.960548,0.31286760655235396,0.051419290473900814,0.07904269841877164,0.2079709434009641,-0.014902923153483013,0.04048669270354147,0.28776041666666663,189.8144104034405,1.0
8.130762,77,170.145548,0.33771731042429587,0.0424158073806115,0.07648763100479644,0.1824459159660018,-0.014051136987911071,0.027012475131585598,0.2857142857142857,190.87412535561106,1.0
9.239688,58,170.300771,0.28907075646416874,0.021961185706190295,0.0847899490548387,0.23756015921676343,0.0018618262360681316,0.026419722728015346,0.27873563218390807,196.56958889078575,1.0
6.494936,57,170.439954,0.29760196612782813,0.02356922325151191,0.10026530194490586,0.22478493436876265,0.0077967301737484,0.07413935253274104,0.2894736842105264,198.2144889889075,1.0
6.183169,73,170.623477,0.3365489312934873,0.02655856530502654,0.08838649867480383,0.18047793416859467,0.003863834304793096,0.05638743700284159,0.29337899543379,190.35932437860512,1.0
7.880051,62,170.781866,0.30810592741206216,0.04734635130043001,0.07597393467707977,0.21119788467921574,-0.02427911850699896,-0.009781418517610796,0.3010752688172042,189.1143957238352,1.0
8.957129,58,170.946773,0.2926693562917702,0.0241798704941467,0.09286596163666937,0.2314230348793384,-0.009424375175259084,0.01032793658958882,0.30028735632183906,201.16309279711945,1.0
6.559773,50,171.067617,0.27797195856659346,0.07846222194375656,0.08413902894497988,0.2560468957508699,-0.03964557367665722,0.037266749758173165,0.275,191.09000225510366,1.0
7.143649,51,171.190651,0.28463440633896087,0.05100426578116897,0.05379633845575593,0.24367764035173584,-0.024012290725772236,-0.020244381958896288,0.27450980392156865,183.42655584556005,1.0
6.929659,49,171.315336,0.27624319099420164,0.04745788666473465,0.07884153335128916,0.25468314605216313,-0.021507866393753256,0.04159682893131533,0.2687074829931973,190.96691096860656,1.0
8.768242,59,171.463557,0.2978556593788716,0.03597230929877238,0.06430465590008579,0.22681159001713483,-0.0007487856709182016,0.006432401804670811,0.28107344632768366,184.50182687265396,1.0
4.543204,63,171.645898,0.3230969811208548,0.06982627679090905,0.10510412515901041,0.19378097661832164,-0.0501700383568958,-0.049814058965477685,0.2751322751322751,195.22226415668473,1.0
5.540844,52,171.782162,0.28742116071595725,0.08354682557454984,0.10435261082544078,0.2449296579643551,-0.05942745368195574,-0.056878844385797996,0.296474358974359,200.1723747227888,1.0
7.51747,56,171.920091,0.2962259064432792,0.07338041315539871,0.07003333138356925,0.22806237237474408,-0.04494072615093182,0.01867127124802972,0.30505952380952384,191.8603444443018,1.0
7.608652,51,172.047674,0.27686562758764344,0.04533828051963624,0.09015223435453201,0.25519851082662887,-0.013227921043912171,0.050067849993472774,0.2810457516339868,187.84331126405957,1.0
6.979994,57,172.219686,0.2964859088340795,0.046682764617453694,0.06916625304345898,0.22636191773460163,-0.004750798791515876,0.03391126651878511,0.2923976608187135,188.1751529893173,1.0
9.378954,59,172.37504,0.29132164675566297,0.05009044469425901,0.05952590834170348,0.23353568841615407,-0.02076701652685308,0.00840989795853773,0.26412429378531077,193.89811777209542,1.0
9.06231,54,172.508814,0.27787489303343366,0.07699023797130392,0.061528567266053005,0.2551180359389141,-0.05030024346729718,-0.017161427281017435,0.26851851851851855,194.68895419756794,1.0
7.994986,56,172.6507,0.2927175901353076,0.05425220952427254,0.06534459875159908,0.23245222622355502,-0.026622578004465974,0.03464075200962196,0.2633928571428571,186.3600639786483,1.0
9.609099,59,172.795237,0.2955907069051077,0.028453965479442046,0.07931532868270591,0.23018169504127228,-0.009872575749618551,0.022911640531737092,0.2725988700564972,196.6048320179629,1.0
9.325235,53,172.942723,0.2741273450501159,0.05763912522172427,0.06943027986496114,0.26337926407534684,-0.037434601935955686,-0.00822865040519554,0.2720125786163521,199.8399457302047,1.0
8.729712,57,173.086949,0.2915671292557591,0.030353914657570227,0.0890257264728286,0.23603647160025248,-0.0048860704677605405,0.046098606192552016,0.2646198830409357,192.75466383906036,1.0
8.288613,61,173.233702,0.30388573407345415,0.0680078797284819,0.05930019363273072,0.2177788777643842,-0.03623098529397919,-0.0066460543600692715,0.27732240437158473,188.0348285635538,1.0
5.430107,53,173.371403,0.28510766434989204,0.09754581270196011,0.06876682667177401,0.24105196974027457,-0.05265086168196621,-0.0034408472749634872,0.28616352201257866,189.37760062361414,1.0
7.119278,56,173.523589,0.28944604715688216,0.07432480628435455,0.08654667674793434,0.23536917750752587,-0.03884656932616227,0.024712454803815974,0.25595238095238093,191.19904097297862,1.0
3.09965,126,173.840146,0.4045303883808834,0.018615410858570276,0.06724462835324257,0.1122233719566915,0.01275938346466161,0.043916695547092585,0.2638888888888888,197.7283777347753,1.0
8.98852,55,173.979218,0.2849068170451519,0.044720208063464426,0.06496922747226758,0.24699801970177182,-0.021152336096754834,0.025229694374601822,0.24393939393939396,190.74583308089208,1.0
8.362347,58,174.114125,0.2910846964862095,0.05328185609162588,0.08312611100165666,0.23447210263340404,-0.029012349621700333,0.03471992278582718,0.27586206896551724,193.6970586412954,1.0
7.065099,63,174.290781,0.3131216081428612,0.0802926165210007,0.07204790907833185,0.2078167444257299,-0.05111026713922593,-0.02532979486653044,0.2632275132275132,193.87525659620925,1.0
7.989286,56,174.434613,0.29517740971770184,0.03770187342732198,0.06476740612300212,0.2281002633098179,-0.01916097876685929,0.02893882725418343,0.2693452380952381,190.97113178136163,1.0
9.22074,61,174.588865,0.301232302231694,0.035007741051181165,0.08183478724405698,0.22100353869377237,-0.007262606154623909,0.015622985338311957,0.24590163934426232,190.97333647309236,1.0
6.767208,55,174.733592,0.2821501870407038,0.09148137574859735,0.09478480647223257,0.24788198932361238,-0.052645312468012795,-0.003588505418005239,0.2772727272727273,191.9655176063823,1.0
7.94392,66,174.933625,0.313260167001882,0.07511564741223505,0.10175940675967635,0.20951780824387556,-0.056704376483785256,-0.041115007944689426,0.2664141414141413,205.33229809655128,1.0
5.567937,86,175.15487,0.3632842985300006,0.07273891340660071,0.07474722615651457,0.15363071828117084,-0.04114444193121566,0.0016536510962112375,0.2596899224806201,193.69880071771027,1.0
6.800517,58,175.306411,0.29308155049327694,0.08756358040909494,0.11304439808261735,0.23702501674438034,-0.05843041178464869,-0.012496908834954346,0.2629310344827586,204.57005460153215,1.0
8.030776,59,175.452782,0.2938743660846347,0.027917748376415488,0.10494500749599579,0.2301795432919987,0.0001949570474125349,0.07741836368198968,0.27824858757062143,197.99136956054798,1.0
8.569495,65,175.646846,0.31340223733676037,0.0415711927678994,0.08157178317333261,0.20847646125185526,-0.018751905708821744,0.033780168565916015,0.28205128205128205,193.38747577748828,1.0
4.458371,51,175.780861,0.27420664615420637,0.09189089940239459,0.1420914185401923,0.25976707199221366,-0.057049092925669335,-0.008367938557113931,0.25326797385620914,199.72199833753203,1.0
8.247607,60,175.938854,0.2934735998650931,0.04321025360050481,0.10366453375409446,0.23218588607383683,-0.010835819103563037,0.0698236181018827,0.2638888888888889,196.69897230433506,1.0
7.531649,60,176.091703,0.29739978678699597,0.05276066191664076,0.11336856608271415,0.22726627344245434,-0.018392110123122314,0.03592534306586277,0.26527777777777783,193.768696961394,1.0
8.008332,65,176.277626,0.3106268693390211,0.029162768775716233,0.09449031663085768,0.21021238067598827,-0.013108392020078893,0.001965465522991376,0.2807692307692308,197.7275771033705,1.0
5.361117,59,176.424271,0.30060575231684933,0.0808707185739426,0.11249747497119483,0.22115645586963603,-0.03000160575298315,-0.0004799134418960045,0.2782485875706215,189.65099715899836,1.0
8.419354,57,176.567926,0.290295355048804,0.05468848919290973,0.066766670363184,0.23438799400819205,-0.02512774197840685,0.020020177012421904,0.25730994152046793,194.23045667191354,1.0
7.704875,91,176.804103,0.3666450319641889,0.05214880909470314,0.058801190344390554,0.15404609591171944,-0.022221043264609587,0.01044801180941744,0.2738095238095237,196.17372462583958,1.0
6.075756,65,176.997249,0.317299632672098,0.05628400053037306,0.09850329913047043,0.2050316141355578,-0.015937134881320588,0.04335050186515882,0.26153846153846155,198.5976885320907,1.0
7.714901,68,177.166846,0.3263249376254682,0.05784331427966264,0.06926154523830985,0.19127256480328958,-0.03803007403139941,0.016857481437224958,0.27696078431372545,197.1577775717984,1.0
-5.491531,223,178.201493,0.45036747197355237,0.04095445576256643,0.06183217069247089,0.06095083852925343,-0.013069276454360797,0.006265120704247619,0.27840059790732435,184.14989983259238,1.0
6.831512,64,178.43439,0.314060265853104,0.052475205102080945,0.10276957381007257,0.2065244707884974,-0.02249379931060984,0.056962824011134526,0.29166666666666663,196.54125366632817,1.0
6.420701,61,178.617718,0.3026498272321408,0.08283747789663769,0.08723966960349121,0.2201996932079343,-0.0425254690754507,-0.0067814210674153955,0.2663934426229509,190.85593471927817,1.0
8.395727,61,178.791972,0.3001122742353317,0.07193884966172039,0.07569078298425083,0.22277426112531543,-0.04146765901858348,0.016339811903435565,0.2786885245901639,192.20154659279632,1.0
1.460406,131,179.10203,0.4071020631383923,0.0318219475570317,0.07865639330396659,0.11108601127727831,0.0008863505697844,0.03451704686252144,0.2983460559796437,208.48026997861038,1.0
9.989759,71,179.270809,0.32161979776350874,0.028050284150117923,0.06306563392077613,0.2024053484722488,-0.013402850874071556,0.02499357933797023,0.3086854460093896,203.28682552680988,1.0
6.935304,70,179.462969,0.3230998932076976,0.0479788038411093,0.09737400802078358,0.19668793316697022,-0.009439020580650777,0.05017527191569658,0.29880952380952386,197.36520209036792,1.0
6.909862,60,179.615103,0.302406738098043,0.0804516864036377,0.08407714968437568,0.2219801636184193,-0.03990973090121184,-0.013677825712445076,0.29305555555555557,191.92064270045287,1.0
8.663101,63,179.777644,0.2961961533580043,0.053386670206694,0.11046686130359616,0.22876668607524756,-0.02821989759823411,0.05359071948975431,0.2830687830687831,201.80461043816544,1.0
4.387627,83,179.973605,0.36242624101452264,0.07930622494644071,0.07425350043712813,0.1567709290561898,-0.04062544516269713,-0.0022585188222543884,0.31827309236947793,193.60251727971254,1.0
8.294021,70,180.22856,0.323830100241616,0.0257121522521719,0.08478895065067056,0.19675382721278184,9.019597836147561e-05,0.05415841590083026,0.3071428571428572,199.2481343288754,1.0
2.065634,127,180.531064,0.403017175812706,0.029175283160099545,0.08664503958747988,0.11448804126136146,0.0031666270848170544,0.037157214868117114,0.3346456692913386,208.19380146058919,1.0
5.076144,59,180.673719,0.2895136790697592,0.09118280610173078,0.13941504531244525,0.24044248618708905,-0.04092072671398244,0.04314583758139209,0.3333333333333335,204.23652917113597,1.0
6.486192,67,180.85492,0.3207029498245405,0.08019445968829582,0.08654548009850006,0.19958941689002146,-0.04690123506960248,-0.01831174681696059,0.3308457711442786,197.6981425043843,1.0
5.829088,71,181.02005,0.3298973854530953,0.06488084500746534,0.10844918927601141,0.18974931953016666,-0.030138641382292303,0.043614491581364205,0.33098591549295775,192.37900068237852,1.0
4.700705,61,181.163371,0.3167310544571805,0.08319588845895488,0.1043850566231145,0.20272099241626668,-0.05396339146372468,-0.03722038361335141,0.314207650273224,193.12400348179267,1.0
4.110381,95,181.41754,0.3807040317591668,0.06014738007674809,0.08328536744874684,0.1368158154357693,-0.03236189063979936,0.009941957255435884,0.33859649122807,189.60683056480434,1.0
6.255813,78,181.608468,0.3552240739027337,0.04686926735804275,0.07958582816498813,0.16233119524838913,-0.032138273245641225,-0.014087774082539974,0.35363247863247876,207.59933164763828,1.0
2.907124,82,181.819772,0.36555335314880594,0.08594838748501608,0.09771571652323405,0.15389104898210185,-0.05485397322900743,-0.033818715771078596,0.35162601626016254,198.32081658753958,1.0
7.024049,56,181.951108,0.2931940135129692,0.0542084714792306,0.07983189660145334,0.2309866031735092,-0.013153060801526716,0.02645813943767001,0.3288690476190476,190.28064015277488,1.0
6.7945,64,182.126623,0.31058457973878006,0.048326161953625386,0.11943473392710606,0.21255113692564384,-0.020376700417417487,0.03857002694123303,0.33203124999999994,202.3592471410389,1.0
6.917931,50,182.248794,0.27692567743680313,0.0588289679025489,0.08882682147774637,0.25537071230270464,-0.028842229794509865,0.05454146079678367,0.32833333333333337,195.2296562492768,1.0
8.294454,61,182.405574,0.3032670262455579,0.0484445221587895,0.04850141009263815,0.21877327116993942,-0.016817026926068363,0.01128857547792172,0.3346994535519126,193.88249090741374,1.0
5.017393,91,182.636681,0.367673063760622,0.04448042460248225,0.09466970703987317,0.15112501940743095,-0.008349602987546445,0.03163591290347487,0.3635531135531135,199.20266102996482,1.0
8.07161,61,182.816687,0.3026088407843613,0.019952538220077323,0.09672666140922066,0.22031740105308217,0.004438615023287804,0.05593844519850822,0.3401639344262295,201.92221264349266,1.0
7.66363,72,182.987592,0.32989884807551206,0.03863276238740435,0.0849774374787611,0.19117912212693622,-0.007885220877597082,0.034342539640662494,0.3530092592592593,198.70846434016167,1.0
5.531398,60,183.133884,0.30818316568839155,0.057410370456657256,0.10553757665506396,0.2141477035424266,-0.01993883304443508,0.03512916591721203,0.35972222222222217,196.76699977332947,1.0
8.019733,82,183.406618,0.3507813534028014,0.024906329065942732,0.06727111224952446,0.16784910657397414,-0.0031064046925199833,0.03719044050337292,0.35772357723577236,198.07224935656794,1.0
4.973041,75,183.601821,0.33395762232832527,0.05687354087129498,0.12115898425758212,0.1893384732078264,-0.01275604592428431,0.045087909296938664,0.3333333333333333,207.66330554444133,1.0
8.453926,64,183.765253,0.3085090381727402,0.018159878485029323,0.08300396617117238,0.21293800639593657,0.00229689623348895,0.028846114510231162,0.3567708333333335,205.09930441217375,1.0
6.725527,64,183.920637,0.309408297675194,0.06013576502043267,0.08670471554113804,0.2127693457789445,-0.011847734339870172,0.056956518310295,0.3554687500000001,199.61347439779692,1.0
5.625215,59,184.085516,0.2989327014762121,0.06766257339426746,0.11527675682299092,0.2237950304193068,-0.01411990205058778,0.05755383502372809,0.3333333333333333,194.13374896570983,1.0
6.452993,73,184.269406,0.3373394647786243,0.06924638237524353,0.07148109697146837,0.1825112432770416,-0.0407357022780649,-0.018860447061839307,0.3515981735159818,197.505275679205,1.0
2.492796,66,184.437254,0.3192850924006866,0.0999164626115473,0.14860825945269115,0.20157559945960365,-0.0465096266646342,0.04359378404802238,0.321969696969697,196.44006713400987,1.0
6.104025,57,184.576441,0.3014178155156483,0.06807475595337217,0.07853442800917611,0.22157263955025544,-0.03257413445012502,0.003269861275142408,0.3523391812865497,190.34687922887045,1.0
7.67172,53,184.747585,0.2786829146112477,0.05923266245087618,0.07036848081165749,0.2513361166410829,-0.015957755272046806,0.04207680975211188,0.3411949685534592,192.64777324667108,1.0
8.317428,58,184.89737,0.28829791216055994,0.03814540577387086,0.07643356540844676,0.23729648664878444,-0.013529304358757085,0.05365129750823128,0.33333333333333326,201.02779824508,1.0
4.672806,60,185.049376,0.31209166352454326,0.09209041530993298,0.06279353603299354,0.20784989802180695,-0.048742670906406084,-0.009001620028885781,0.36944444444444446,192.241780840977,1.0
5.43733,61,185.196056,0.3092932501471422,0.07856043588114736,0.08407633116436414,0.21170475005671982,-0.02379259703412582,0.002335045959952651,0.3633879781420766,187.61650371479197,1.0
8.116024,51,185.324323,0.2765820682970006,0.051127304268222776,0.06956828747981421,0.2527363011353366,-0.027289105115549463,-0.00677051556452262,0.34640522875816987,196.4604892199484,1.0
8.276492,60,185.501086,0.2929395809434604,0.0626180932750015,0.08819633254208022,0.23458248964118783,-0.047131470697865926,0.0006459597805095846,0.35416666666666674,208.65340796057336,1.0
3.515,71,185.683221,0.3353238196408162,0.09079794045926548,0.08633149625769547,0.18467326185305427,-0.04091976433777998,0.010464142609790882,0.36384976525821594,191.5942613861678,1.0
5.798136,69,185.851962,0.3246387442748528,0.08795344814039867,0.08439539996087843,0.19771516371686682,-0.04359792556869846,-0.011853341390783359,0.3429951690821256,194.17116120384796,1.0
6.699527,61,186.002766,0.30543544065022815,0.0366232634224791,0.0875526218716319,0.21439093678210466,0.009668907969403564,0.04858388967671516,0.3674863387978141,189.43000215960518,1.0
5.748496,57,186.193394,0.2949617344888525,0.07174039395429781,0.09577850715910846,0.22756999059787697,-0.0329540200786758,-0.015174155055488,0.3771929824561403,193.9936765143043,1.0
6.890761,56,186.33353,0.2999579697784634,0.07167657658740303,0.08016663773434513,0.2235831704600907,-0.04374900687026935,-0.020814775943947685,0.3645833333333333,188.83039513720965,1.0
6.376495,50,186.454232,0.2785905202181818,0.06457138658405018,0.10874806692474438,0.26092804309602785,-0.0330909119511543,-0.06090319353946951,0.34,188.0672618507232,1.0
8.526429,64,186.618142,0.3060227259549144,0.054860082526661275,0.10137890638983497,0.21823014017692144,-0.025016810794962357,0.021063174681676032,0.3841145833333333,198.96340851873342,1.0
4.753574,58,186.780884,0.299539268622567,0.09174191207018857,0.11654906976256506,0.2253194155517369,-0.0505134798794508,-0.03459933322767387,0.3563218390804597,196.57299722710505,1.0
4.622466,62,186.938414,0.30553730603189067,0.09655369952783012,0.10656793422288714,0.21743174618801278,-0.04731555665264831,0.016649695408806273,0.3817204301075269,196.62410411323518,1.0
6.702147,53,187.067815,0.28900933518674415,0.05134243314999567,0.08335651515167072,0.23445403312526653,-0.030459394929006844,0.016043186610425985,0.37735849056603765,192.44586174477706,1.0
7.501155,55,187.200636,0.2850470169491871,0.06605950124037546,0.09830692799073465,0.24917201672116931,-0.026527083451549867,0.014175679854568074,0.3560606060606061,201.95126249829104,1.0
8.78915,60,187.351088,0.2925788760679276,0.06960996516128273,0.07326123239101268,0.2361905150219039,-0.03146886247666637,-0.02276522425534726,0.37638888888888883,196.50924437882568,1.0
7.320257,60,187.532012,0.3015837629230531,0.06414577869311805,0.08050886361145713,0.2207712164659286,-0.03578550787830906,0.005785989651213451,0.36666666666666664,196.50894995503012,1.0
5.583454,57,187.67855,0.28503034531324534,0.10408960322721077,0.09232867298564833,0.24435784108640704,-0.06242880582841283,-0.02596041116290378,0.3874269005847953,202.02015282119498,1.0
6.303084,58,187.823709,0.3001749397463343,0.08306929855242444,0.06503675360078645,0.22242384313837127,-0.047619455779275954,0.0064081655808645895,0.3793103448275862,190.8914230375682,1.0
4.795559,63,187.986593,0.3108755186496049,0.09900583353986701,0.09946997912339521,0.21071453949390903,-0.06073144044896281,-0.010571615170703328,0.3822751322751321,194.53787935207905,1.0
2.093264,114,188.313184,0.4027688380740115,0.07161361657670916,0.06729112982407108,0.11575089550964661,-0.036454678797084535,0.006934347040171808,0.4093567251461989,188.90948994736848,1.0
2.914228,99,188.55748,0.38839396768897766,0.07152378099946284,0.08355274667305336,0.12911217668599984,-0.04534985255765326,-0.03186742206054452,0.40993265993266,191.57486974377224,1.0
2.544078,57,188.695372,0.3080173913429101,0.10125559423468736,0.10935780724783768,0.21154005033174858,-0.060321740726703516,0.024723337227386944,0.41081871345029236,187.8636332386179,1.0
7.863385,80,188.949607,0.34163426805628727,0.040927276747764536,0.07784396105253157,0.18124724180407584,-0.008875785465986752,0.04323476254173755,0.40625,198.05821174270835,1.0
6.98689,59,189.089784,0.3001377915774336,0.06733446566971593,0.09842971530003625,0.22626215968183133,-0.03854205338908144,0.01573582863858665,0.35875706214689274,194.1347362905704,1.0
7.069278,53,189.215459,0.27835913873916,0.053972568456099705,0.10876957579420306,0.2547202133278697,-0.014289026030274389,0.0727775983944779,0.35377358490566035,193.98011215050334,1.0
8.801688,56,189.345526,0.28878753357408204,0.03514835477184884,0.07526423119108415,0.23727991609913576,-0.016322475905353632,0.021579624241156874,0.3913690476190476,197.03092004525084,1.0
9.188997,55,189.506649,0.28013305278139944,0.06098646257376019,0.0877284554548243,0.2521673159391286,-0.03620407364913362,0.01821126936942522,0.3924242424242424,194.86456993998664,1.0
3.606012,73,189.687743,0.3470000166478674,0.08657055164142807,0.10048138282984145,0.16973506692530252,-0.062008553080356535,-0.042175948457181346,0.4029680365296805,199.7875966749123,1.0
8.023503,60,189.833578,0.30033215619076475,0.08404065930583612,0.061220614345240204,0.22624254866640386,-0.04813558259987617,-0.0010952418602200543,0.3638888888888888,194.7749187968806,1.0
7.90598,57,189.973024,0.28517051111833824,0.06643879030730886,0.09658047275540226,0.24412227250300358,-0.03769613189117499,0.03189181958980431,0.3830409356725147,205.57494689540715,1.0
7.36543,75,190.172552,0.33584170595759166,0.060149053276030845,0.08506384340645168,0.1839683938464007,-0.04055680659875207,0.022296404687520154,0.3944444444444445,198.46046732497894,1.0
7.923517,56,190.30424,0.2899901579832937,0.07306653194956954,0.0714357550222597,0.2370655169118479,-0.04125481486463515,-0.005021514162875363,0.3735119047619048,193.67565592838514,1.0
4.722325,59,190.449116,0.3092572295211442,0.10687498041709734,0.08023826752475441,0.21117676534507976,-0.07458292023927929,-0.03409355752608117,0.37570621468926557,204.85058369063333,1.0
3.615179,116,190.767372,0.4017760931803396,0.05884492969930717,0.06954154241651408,0.11771936296231617,-0.031964098404138455,-0.004519471342874161,0.40948275862068956,189.11165192923792,1.0
4.669033,64,190.922776,0.3188156338761385,0.08958795925923942,0.09488067899454702,0.20181384766019822,-0.050125185252136155,-0.007878827744520485,0.4140625000000001,195.91473938101043,1.0
5.90212,57,191.054112,0.29643443119388657,0.08715861424856353,0.10108874167180423,0.2294127147037299,-0.052981316937722366,-0.019780545022271244,0.3830409356725146,199.72450321623205,1.0
6.125431,59,191.193969,0.3086739663626568,0.07735254889297004,0.08715071914460797,0.21306886222053392,-0.05916665321353013,-0.0398389848966417,0.38841807909604525,208.30232269118278,1.0
5.553325,55,191.32488,0.2895455559996809,0.09460477514078516,0.09450916444706163,0.23916537593489873,-0.04741600565167848,-0.002637564599204501,0.37727272727272726,194.4320134700457,1.0
6.100158,72,191.533216,0.33767835872528856,0.06047578409712967,0.06742365051955972,0.1824342748649951,-0.027229681769835784,0.012240794762571394,0.3935185185185186,194.8384811008823,1.0
8.257895,57,191.684595,0.2860916991272787,0.06826993014641207,0.09445578251450425,0.2459766638163574,-0.03668007020663895,0.03285250773246881,0.35672514619883045,202.74702321925173,1.0
7.536817,58,191.828015,0.2975951656300942,0.07939233322471302,0.06435505881605114,0.22917814648386148,-0.04776262584147305,-0.01593838513459149,0.39367816091954017,189.54425572862493,1.0
5.895251,59,191.978109,0.3043706083971006,0.08040218018225384,0.07790376220604961,0.2179908259962417,-0.039945754845176235,0.0011906610804226444,0.3954802259887005,187.64187587761077,1.0
6.658993,59,192.142322,0.30100917104297764,0.073164658623447,0.08849161483148278,0.22424260575084062,-0.04216142120134078,-0.0193671978740883,0.39548022598870053,193.7165989153528,1.0
6.601215,52,192.265679,0.28379641026210933,0.08422541388107525,0.09630173677553842,0.24735966654806846,-0.05326614224718791,-0.03169102906821481,0.38621794871794884,206.9831670590024,1.0
8.888349,55,192.400668,0.27810599347908416,0.04129502940060974,0.08720197960612312,0.2576501238115179,0.0003089381886886801,0.05875926148585349,0.38636363636363635,203.91132557675257,1.0
7.720446,58,192.548888,0.2847275677959393,0.05751144672979266,0.11877463211373343,0.24551524626065183,-0.02192418221048027,0.0749371585006609,0.3936781609195402,203.50647571530425,1.0
9.512186,59,192.727591,0.29613300559786415,0.04628629056232225,0.0868790308886834,0.23060928951773124,-0.028379356180113488,-0.009591774218977153,0.39548022598870064,202.39787790277296,1.0
7.56879,61,192.88112,0.2980651216195302,0.06875992566891562,0.10430804646725002,0.23283113343539227,-0.04132599986464272,-0.008943431888836529,0.4139344262295082,209.99191973540232,1.0
8.144834,51,193.004485,0.27871593990668236,0.04574086665190712,0.08694209856403037,0.2604730028751422,-0.026069362476955703,0.05163415249084088,0.36764705882352944,193.6549874769104,1.0
7.212526,56,193.140624,0.29183459652556787,0.06073021793682265,0.0999758047793155,0.23603175385813974,-0.03507901104724054,0.0009783464768640063,0.3928571428571428,193.58629816370245,1.0
8.082166,56,193.28548,0.2871416491566939,0.03589831209052871,0.11596455205519203,0.24276683693441886,-0.007341733823175453,0.03280912184965295,0.3928571428571428,201.1154773424759,1.0
5.673591,50,193.430932,0.27003752099341305,0.08590268805445282,0.13187700547131118,0.2727758185262919,-0.042924707849350936,0.029835461967126883,0.37333333333333335,199.80391328074936,1.0
8.990308,60,193.575322,0.29317005255045253,0.07446957372706678,0.0853986613794884,0.24142448359568253,-0.046743608888181694,0.010007684976453964,0.3694444444444444,208.8262935804601,1.0
8.068644,58,193.713113,0.28602773135611304,0.06356026556312058,0.09680850011189947,0.24529147596445733,-0.027621156200992317,0.045831708239009436,0.35632183908045967,207.62834681531646,1.0
9.453815,55,193.844416,0.27599888717697124,0.06851411930771435,0.08016881275384002,0.26028263149015807,-0.044406576346468524,-0.01853202626210049,0.39848484848484844,207.0786796112001,1.0
8.293588,61,194.017978,0.303626583362269,0.08165218510540384,0.06907374521628369,0.2210200941948506,-0.054971794085952444,-0.016827934197691928,0.4016393442622951,204.0714824986727,1.0
9.124768,69,194.180557,0.3210175161078439,0.032277789486771714,0.07818377348807952,0.20307534553071785,-0.004651779204685944,0.003960142859270815,0.3949275362318841,198.2043761165979,1.0
7.963836,58,194.32189,0.29083489242440247,0.043235405899246,0.10208590347504871,0.23673216526977756,-0.012289130215303734,0.04673612552208699,0.4008620689655173,193.79236603635135,1.0
9.306854,60,194.464472,0.29199304226275724,0.04716306753944099,0.0835062542483047,0.2358934949709626,-0.008947436201790004,0.04158561847719621,0.38055555555555565,202.85359012713772,1.0
10.398845,64,194.667031,0.2976892400992186,0.044355301477266365,0.08896552859759131,0.23283302106397288,-0.015162535646306232,0.018658576921928325,0.39583333333333337,204.29216784080973,1.0
6.833177,54,194.799497,0.28483323409337563,0.06603956752094413,0.09255731594140164,0.24308182513560617,-0.029644584510030953,0.02925402668052561,0.37500000000000006,187.8180746936038,1.0
7.693432,54,194.936377,0.28421834414273583,0.07955330942195475,0.10570310846733516,0.25195452098084686,-0.04899414001589303,-0.014062321241659213,0.37037037037037035,194.47214098627975,1.0
8.998289,63,195.094142,0.3073836744025817,0.0702042959786607,0.06734065700371045,0.21747629987288022,-0.046071354166475925,-0.027522853574950625,0.3915343915343916,204.94811745904101,1.0
9.148937,50,195.219936,0.2682156834555586,0.04443338750526296,0.07889393389128928,0.2781623927386676,-0.02520317699275378,0.03435396383151843,0.3866666666666667,193.71646827049176,1.0
9.264044,65,195.418255,0.3072704379613908,0.03687637461557836,0.07820051719744493,0.21815457988744014,-0.011422326866158197,0.05302992574253376,0.417948717948718,202.88131857511118,1.0
10.241154,56,195.558411,0.27969512516966377,0.05501733801581471,0.08074973567973999,0.2596499370290741,-0.028435283833820095,0.01612897109128449,0.3824404761904762,210.97505904922235,1.0
9.393417,78,195.749509,0.336338768013859,0.01943994673469665,0.09215016318539664,0.1858965323090293,-0.0015823943174757063,0.037862531371783976,0.40705128205128194,208.69727268085373,1.0
10.066865,66,195.915863,0.3059428785837264,0.04220568639937834,0.08088383478669016,0.2209188511657811,-0.012349789535703795,0.015697335635013653,0.3939393939393939,200.63399053695636,1.0
8.151274,72,196.120571,0.3276822909173592,0.04493790352156413,0.124942989524844,0.19601457449054985,-0.024213796308594347,-0.07605121771838919,0.4085648148148147,213.06843926669345,1.0
7.963592,58,196.261728,0.2814562719825028,0.030430517037528047,0.13613724977004832,0.2540014415084708,-0.0072865404943109205,0.09203135441646772,0.36350574712643674,211.97896360996126,1.0
9.031264,61,196.416343,0.2900864222270043,0.045269507895838106,0.11264773447010852,0.23980252780114886,-0.011185832298552223,0.027945962103352685,0.39344262295081966,205.47663958505998,1.0
8.530647,63,196.575783,0.2933363343994098,0.046880373066434056,0.12768012641773865,0.2358125015427847,-0.024080026861009962,0.03827752935655352,0.3915343915343917,210.15241341016443,1.0
5.445001,79,196.799847,0.34507880017794906,0.06335589563972267,0.09109982974454979,0.17541699722367635,-0.01522014679750101,0.005717256392045296,0.3850210970464135,192.62957813157948,1.0
8.263287,76,196.996752,0.3338115682475515,0.05926702682511176,0.05717588000187266,0.1906266954757542,-0.018443853009801402,0.012781770979130792,0.37171052631578955,195.3465985859587,1.0
8.553682,59,197.139043,0.2844933672676891,0.03934914406550432,0.10949918240285268,0.25029502950304455,0.004078147806216229,0.03186729003106849,0.3700564971751412,209.99454645574428,1.0
6.656219,71,197.352631,0.32253941126530017,0.04489678983036936,0.0928781442350247,0.2022771989511099,0.01680472520904471,0.05547024447168199,0.36502347417840375,207.97815081189748,1.0
8.962908,57,197.490503,0.28303340476629646,0.04864174434757358,0.07698940418212542,0.2465423043639339,-0.005732972936571336,0.03230381949031512,0.40497076023391804,196.14672499664482,1.0
11.469388,67,197.659271,0.3090525999307808,0.017297614915951148,0.06795861516231011,0.21429896724345263,-0.008959992247822495,-0.0026169695367414363,0.39800995024875624,202.62469279173038,1.0
10.33942,55,197.794186,0.2818534459920303,0.0446885267621371,0.0806746371871805,0.2542722588021677,-0.020875312235050326,0.007398796672427123,0.38787878787878793,196.34990796743983,1.0
7.204658,121,198.124881,0.39811146245609225,0.050560191614050815,0.057224036994527515,0.12304756191954996,-0.0242242012077081,-0.006627485489616879,0.4387052341597798,196.80219808248978,1.0
9.850889,62,198.274147,0.29654081677458594,0.01824620226657213,0.1184351631093765,0.229588072251391,0.00498128233226779,0.027451362640096195,0.3803763440860215,206.05324654624027,1.0
4.525583,118,198.565091,0.39339967809792786,0.023577605421850296,0.09039272049939842,0.1270459370506868,0.004580218072964638,0.02754442544091016,0.389830508474576,200.0607088822176,1.0
8.622448,73,198.765188,0.3245404228421623,0.022500091523609614,0.09594040778942406,0.19773192197298928,0.004577140958333027,0.055640670460475695,0.3938356164383562,204.6384392830828,1.0
10.601609,65,198.924899,0.29870264696354415,0.03474927106335651,0.09098913942529725,0.23070617364121457,-0.019085568266987308,-0.014472819182693981,0.3782051282051281,205.10835073026436,1.0
9.773597,68,199.086599,0.31127367801586914,0.021987394597187748,0.08066390631067169,0.2114362697583168,0.0019932406034044335,0.029335413676893237,0.3762254901960785,199.3203348879301,1.0
10.369518,66,199.24614,0.30303192636452086,0.03525479471972636,0.06702918304394531,0.22494724117430343,-0.004126312232421535,0.013793751844565523,0.3573232323232323,201.41679868554937,1.0
9.654099,52,199.395312,0.2743775733540882,0.037101434960410073,0.08477758332772467,0.27237298694938994,-0.015103270078369414,-0.0018540516415168713,0.35576923076923084,207.22282060880696,1.0
11.09776,69,199.558627,0.3061156946346115,0.018819646664647808,0.09427358614252355,0.22189868108029465,-0.007516709603507731,-0.004143004920977347,0.37801932367149754,212.96386947290574,1.0
9.167231,57,199.688674,0.271590900394577,0.026069657937991257,0.13200101101816009,0.2631995388690153,-0.010900051303527513,0.0828788165963763,0.34502923976608196,209.55534599940245,1.0
11.410043,79,199.867279,0.3367385065369982,0.027123615473824837,0.07596762301832806,0.18604075433048436,-0.018502807225676036,-0.009258056184649624,0.3723628691983123,212.03174716576498,1.0
8.709712,93,200.110681,0.359108091775503,0.017037787894396396,0.08240815156295762,0.1633674007922842,0.010285741924696546,0.03122392249965444,0.38888888888888895,201.6099975145163,1.0
10.724421,60,200.245888,0.28764935279811116,0.022034467650219613,0.08723493708920135,0.24531611353857943,0.0006899876361267127,0.046561627355724375,0.33888888888888885,200.60058670061642,1.0
10.598112,54,200.365707,0.2654450759420882,0.03878209994190876,0.09057485185318026,0.2830134218343752,-0.014544589658418023,0.049571285167074826,0.35493827160493824,211.1861442125677,1.0
10.262921,65,200.55053,0.29857870504761824,0.02664963072381224,0.09454171405201313,0.23160702925437027,0.012856473087238663,0.029619378065544037,0.35256410256410253,201.91741871491396,1.0
10.570038,69,200.725942,0.3118385021007051,0.028176176405737573,0.10006032260774203,0.21137635644041033,0.007001201805938865,0.008468864044572467,0.3828502415458938,206.09558185559234,1.0
10.627208,59,200.868232,0.2912274714214554,0.02924187756602053,0.07181983223175785,0.23969343643717247,-0.005879009577315884,0.02835301964262766,0.3968926553672316,199.29385922399334,1.0
6.603451,57,201.005436,0.2947687232303684,0.08557969111047682,0.11301825525756529,0.23498208021670303,-0.05861447647967991,-0.07422463630946233,0.3421052631578947,213.1322437882061,1.0
8.146664,89,201.288203,0.35425664162870046,0.032750488901516724,0.06536151910753156,0.16796819796176196,0.003113821490900766,0.03155430195832079,0.3857677902621724,202.00572380773295,1.0
10.709198,74,201.473097,0.31714084378292146,0.032683500732334225,0.09503315061373808,0.20877684829157506,-0.025012567816510407,0.021384322243143992,0.3997747747747747,211.55960329183642,1.0
9.993936,53,201.60398,0.2760874113091726,0.019321095160915146,0.08700905659564319,0.2564029623147605,0.0001591872069478877,0.0015166641645922873,0.3694968553459119,201.08055071237126,1.0
8.949525,54,201.740593,0.2821391534028341,0.024064408604920852,0.08102376289098814,0.24652477809420162,-0.004614176966780234,0.034177979068697,0.37962962962962954,194.2643681283517,1.0
9.931413,59,201.909729,0.2831312951253188,0.05752606165223896,0.08540813606894361,0.2500270528546999,-0.029211875842746742,0.02123345786302144,0.39265536723163846,203.68975651687958,1.0
9.80295,56,202.057795,0.27948657812691746,0.0726012672715456,0.08238212560166504,0.25704162237391137,-0.04743443064475072,-0.04305876105270077,0.363095238095238,204.85201885838845,1.0
9.607033,61,202.202775,0.29472921779605493,0.02501740960127432,0.06620606084626399,0.2315081810343454,0.009142815302512507,0.012373759052568413,0.3606557377049181,199.39026086320163,1.0
10.351848,56,202.341046,0.2845164131285579,0.039170314866995105,0.07891775061030397,0.24836263544546303,-0.027477851197005333,0.0036358170757865697,0.3645833333333333,201.20280690008715,1.0
10.463803,65,202.501075,0.3000866207005312,0.0488910650858223,0.07756501259636349,0.2289635215153318,-0.02212876549734676,0.008977717639785667,0.38717948717948714,198.1381190047569,1.0
12.63644,63,202.679965,0.28780302083482234,0.028698532388756342,0.06682759569841969,0.2442164032037925,-0.01977964557108529,0.007830309952619293,0.3822751322751323,209.69679142404175,1.0
9.04593,59,202.832647,0.28802922471908554,0.049617550063785015,0.10430319620059302,0.24151763778791305,-0.024587773072668725,0.030927659974238946,0.37711864406779666,195.12763727286972,1.0
12.547381,68,203.003358,0.30274796970327533,0.026593063057206767,0.07721448685273673,0.2257084020118429,-0.015562814700360413,-0.021869338127979865,0.3823529411764706,205.7296132441649,1.0
10.38727,62,203.158132,0.28611952186733186,0.02385368537532855,0.10143985151998426,0.24328532743001485,-0.001573952190893229,0.016812575123889822,0.39112903225806445,205.80161664047117,1.0
11.498538,60,203.338175,0.2908892804878735,0.021352520629195616,0.06366584473173086,0.23902413077188653,-0.0021730445009118986,0.005158208455714932,0.37916666666666665,200.53873688510737,1.0
7.838931,59,203.488039,0.29253852032462846,0.07965214622944791,0.11446424731905849,0.23565505235900763,-0.056887539411262594,-0.0811245796350465,0.35451977401129947,212.2587667731334,1.0
7.039648,63,203.64413,0.30763603337638235,0.05991757874234609,0.1589095609433862,0.21836977573969943,-0.04571645823224171,-0.11136710873526007,0.38227513227513227,221.66937771620562,1.0
11.379912,56,203.790927,0.2741371398480549,0.04184744286177167,0.0808565558256705,0.264113107572591,-0.028609368331550967,-0.03854385290504606,0.3779761904761905,206.04302662613918,1.0
11.542336,67,203.990526,0.30826939660800373,0.05044414877883722,0.05874691846548387,0.2176245341103165,-0.03617577308848433,-0.016767303445947526,0.41666666666666674,209.01004409707252,1.0
10.410927,68,204.159609,0.3068888929211171,0.020161059509510148,0.07991334084826321,0.21921574590313567,0.010127162378817316,0.03945011179538405,0.37009803921568624,200.54294442511036,1.0
11.082866,55,204.300176,0.2757705748774863,0.03707079966273013,0.07624713629186052,0.2667006069382582,-0.020881399473548765,-0.02785841875328753,0.3909090909090908,206.76213499572503,1.0
10.986157,62,204.458973,0.2941003199304095,0.02651297207173735,0.07775322038218609,0.23485722160773026,-0.012998367478160473,0.0013506016332018522,0.3629032258064516,200.86266246504886,1.0
11.891717,57,204.627235,0.2736870246348403,0.02383346406085938,0.07859273056386754,0.26261991779891436,-0.01421475458458145,-0.012589084482507801,0.37719298245614036,206.85422653641604,1.0
10.428249,55,204.770622,0.2726515407064613,0.028630244931216773,0.09084508133987267,0.26691351409367825,0.01582965814826487,0.01459529643624702,0.4000000000000001,210.72176474087055,1.0
11.473951,56,204.915845,0.27970446868686843,0.028680320495921473,0.07238394053185615,0.2577524222842062,-0.01716052096203224,-0.025708542508943093,0.37351190476190477,206.14183481247665,1.0
10.789048,57,205.059628,0.2814270557267469,0.02266717199672291,0.08988211648843122,0.25483255747889966,0.004039056592294565,-0.0004836778262088149,0.38596491228070173,200.30584679783584,1.0
10.473823,55,205.19186,0.27662474873893417,0.03767393337752101,0.07628930812493373,0.25644940847743586,-0.023840798882684377,-0.023611630905075096,0.3924242424242424,198.78842816962003,1.0
9.740546,54,205.351002,0.2754901596177891,0.022465503926625885,0.11291922641470799,0.26837700435977796,0.01236756227812709,0.047497993972708076,0.3811728395061727,195.02618610672187,1.0
9.970444,57,205.490434,0.2785035267191602,0.022470859638182437,0.08634269236349491,0.2577230725984381,0.00666403429169891,0.031905637059636525,0.37573099415204675,203.36325503939506,1.0
12.02346,64,205.650291,0.2951579437178441,0.021205056563758026,0.08503229557518499,0.23774391409680362,0.00601879610194335,0.01748743205315505,0.3828125,208.72594033416453,1.0
10.105896,54,205.78206,0.27258814026509587,0.022603643049557445,0.08021898865157087,0.26847413940174303,0.004501638358074501,0.02825781597339017,0.37345679012345684,203.26959806588334,1.0
11.547015,54,205.930862,0.26697659124244116,0.01698244937307995,0.08911049185092916,0.2806023432540403,-0.00418435516907791,0.046707473923486474,0.37962962962962965,212.34331582676643,1.0
10.141774,56,206.06659,0.276566956765166,0.023409591933870176,0.12465297589773178,0.25727371340223737,-0.013177360317119255,-0.03491314090009038,0.39732142857142866,212.9653098446322,1.0
11.942739,56,206.199043,0.27130143150448705,0.012945021589038404,0.07339171090486822,0.27959065072761063,0.003912798368033844,0.013803792064501604,0.36011904761904756,210.36555570736297,1.0
12.763546,60,206.34592,0.2805130308669082,0.03604178778551864,0.07452065101395665,0.25663183196355194,-0.025919890642094916,-0.015279426677262837,0.39444444444444454,211.35257936485925,1.0
9.671365,59,206.492556,0.28386317836760805,0.03157099517144034,0.09138795723272256,0.25408916158131906,0.0072826766541727464,0.043893542250114694,0.39689265536723156,200.67843308699548,1.0
11.925314,59,206.67309,0.27882665930071504,0.0241550907518896,0.08779809600021356,0.25716074946325646,-0.014879726097127732,0.0016852893703302484,0.3813559322033897,207.1850319913259,1.0
11.458014,55,206.807532,0.2688755654787379,0.03203270949023411,0.06899773195133008,0.2778832448080455,-0.0033085929159860053,0.008863228272763026,0.3893939393939393,205.26547045712724,1.0
8.991194,56,206.947939,0.28006479104239496,0.05380040304516513,0.14334070249801803,0.260910412965831,-0.046358028439400185,-0.06882281200319448,0.3705357142857143,227.27064458987175,1.0
11.177822,64,207.108217,0.2953897412399381,0.028966918783414442,0.1103470695627792,0.23800986434257523,-0.005427322456753893,-0.02055424845366997,0.4062499999999999,220.73406825036056,1.0
10.984853,53,207.260627,0.26795143950726485,0.030430439950148575,0.07329153259632747,0.2852737854377929,-0.01737069176825563,-0.018368610642149202,0.36163522012578614,206.661616010771,1.0
11.493044,59,207.410696,0.28468376670777634,0.022173376814173317,0.06949992343795514,0.25212763797074483,-0.010601061465162025,0.020896124696004482,0.3418079096045198,201.17255784966167,1.0
12.024599,60,207.557602,0.2799961716254366,0.02397237327793151,0.07951032571050219,0.25887009530322264,-0.005778030752351757,-0.0057477627252921016,0.3597222222222222,213.2900876156852,1.0
12.410658,61,207.708246,0.2857853036133701,0.018979581189917168,0.0761087074095822,0.2527146384237931,-0.002072709296046214,0.016318545120510466,0.38387978142076506,204.1116687865201,1.0
8.569854,77,207.928923,0.3290997990616723,0.03617100910706859,0.09156058751422864,0.1953021781728326,0.02224527422355816,0.042516120584667236,0.3896103896103897,205.64613538992964,1.0
9.62602,50,208.054311,0.26611500222706014,0.028308914708065642,0.09251821669918707,0.2922562498594434,0.006832629108867619,-0.03144092920692364,0.36833333333333335,210.44440302672305,1.0
9.774559,53,208.195973,0.2745026899099809,0.03955052272321104,0.10003183503081589,0.2639154711473153,0.008524572697696561,-0.015898963169250095,0.3553459119496856,207.96368442147252,1.0
11.835319,72,208.431468,0.3140527236147961,0.01388388311707581,0.06277301159180274,0.2146561274496071,-0.003414904902992174,-0.005949793035638611,0.3935185185185185,201.57854383314896,1.0
9.729676,55,208.597948,0.27628687243313266,0.03197420312659557,0.10863508673209715,0.2719060750498752,0.023945601410209245,0.061970286902421734,0.37878787878787873,207.1217674502406,1.0
10.880404,57,208.773138,0.2799954230014786,0.017011474814753222,0.07599993403084632,0.26797463828816276,0.009767628661866057,0.03466792435919817,0.32602339181286544,210.0882016466883,1.0
10.993599,57,208.90671,0.2786502180719006,0.04027668665449495,0.08065292712294593,0.2638955349911227,-0.017771498538178963,0.007397329428819764,0.3757309941520468,198.76006687663732,1.0
10.099722,52,209.032752,0.271329093390607,0.020971467855125676,0.10374471650572642,0.2767635367117908,0.005913785534995461,0.05761989317168829,0.3637820512820512,200.37510965491825,1.0
10.260135,57,209.169186,0.2779864136950819,0.031177628698259702,0.0864268715235579,0.26055466563652596,0.016710164672810546,0.03178417389260747,0.36257309941520466,211.02440028352646,1.0
11.57223,54,209.323972,0.2682325623750047,0.01988721386808788,0.08179548057893299,0.2774910186145952,0.003274758483130664,0.0037635742363201653,0.337962962962963,208.28654105932728,1.0
10.936175,56,209.452817,0.2785628636144161,0.029680237845553892,0.11087761677060706,0.27138425942566186,-0.02133610284518536,-0.06087516715668616,0.36160714285714285,216.2748733851201,1.0
10.985231,54,209.578028,0.27473795843417365,0.027530391935470473,0.08631639367574213,0.2716008426206746,-0.0010371121340914864,0.016438760542083413,0.34722222222222215,210.47855029207992,1.0
11.355881,57,209.716405,0.28167990617779354,0.0378419253732961,0.08639912013621,0.2610152018274066,0.008310619924654521,-0.007766671910714287,0.33479532163742687,216.99292304731318,1.0
10.387383,51,209.836935,0.27115405557668953,0.020249017363840778,0.08915407594031924,0.2909466565862498,-0.008376536659257014,0.009598654163009191,0.35784313725490197,210.87366079983747,1.0
9.299803,53,209.979587,0.27078688381382937,0.02930584881715864,0.11730692107352358,0.27656972214585246,0.009993645307840344,0.07074733619514573,0.33490566037735847,211.98574385769479,1.0
8.597572,51,210.099069,0.2731339159295529,0.02035971585202273,0.11411848256524848,0.28630397929234075,0.00812091882151135,0.08009489460025979,0.3055555555555555,211.2774775709288,1.0
9.19925,56,210.237492,0.283994201532668,0.0275651860058898,0.10263328780223965,0.2559806264372813,0.015566770317438972,0.05992660200754078,0.33928571428571436,205.53852690923893,1.0
10.811094,53,210.363752,0.2745597284029424,0.02056118929000362,0.07081108703191887,0.28770093860569573,-0.00507848441299915,0.01979609162053894,0.3097484276729561,220.00223875151792,1.0
11.325912,59,210.505213,0.2825848732249555,0.027542799732160273,0.11600923146983308,0.2627545766923276,0.009805854485194056,0.021635324414081315,0.32768361581920896,210.83346277262413,1.0
10.962036,56,210.658543,0.28248844983527194,0.02061915538621779,0.09256487386147032,0.2622548443036555,-0.00806927516114102,-0.010062986484373359,0.32142857142857156,209.9880910065851,1.0
12.626733,63,210.816252,0.2855054819649389,0.03022688426110029,0.10629190046562,0.255807762200862,-0.0008749894124440349,0.015956495831799013,0.3425925925925926,222.15205689706406,1.0
8.659056,61,210.962555,0.28721143561492524,0.03000497427442031,0.18134655908771863,0.24484733433051356,-0.007949703541173312,-0.08750105620347601,0.337431693989071,229.44975801517063,1.0
10.168439,61,211.121017,0.2931386857513857,0.028594107395662878,0.10894417931645449,0.2354950831688588,-0.007998577034815803,-0.027868531152936263,0.3265027322404372,215.93601480921777,1.0
9.678913,61,211.29742,0.28621579892036686,0.041574753180234195,0.11419800891476256,0.24901642916862524,0.0195783551295218,0.057207419346786095,0.3183060109289617,216.86767053870037,1.0
12.135364,62,211.456174,0.2858678896504665,0.01355822458613664,0.08545748414582699,0.24834476134850345,-0.0010524476536655624,0.018432445316941902,0.3172043010752687,211.08288515838913,1.0
11.879045,58,211.600629,0.2809207864182098,0.021578181539375144,0.06049060302287084,0.2641002530266434,-0.00096304058017454,0.019682830429645862,0.31321839080459773,212.76778569871712,1.0
8.831155,71,211.771711,0.3140378662933849,0.050677940260039654,0.10309664144508981,0.2119258511827283,0.026245228577498822,0.050598330563774614,0.3286384976525822,207.90219320316098,1.0
11.557178,59,211.93133,0.2838332300839201,0.03820942698921469,0.10722666079926692,0.2561265763539275,-0.03037513416435458,-0.06463820725374404,0.3121468926553673,228.19848405052895,1.0
6.947099,53,212.070235,0.28249208174324686,0.054549289523845516,0.12249622343759138,0.2800467409088453,0.03606079662017901,0.07580023044264957,0.2625786163522012,214.10771565257616,1.0
9.824116,61,212.217297,0.289158582947503,0.03176826054273585,0.10271354488315342,0.2445897372193453,0.02163418805496684,0.04777814295901765,0.30327868852459006,211.63122830824685,1.0
12.279518,62,212.370714,0.29409627953818696,0.017150108116278213,0.07932816554852255,0.23982637796917072,-0.00708256249220695,-0.014894746795755882,0.29838709677419356,207.27326762618122,1.0
11.274072,57,212.52295,0.2800239229372971,0.030013259483539945,0.09488983737756726,0.271152549127448,-0.0020981488813214227,0.022107546277421935,0.2880116959064327,228.28414558040754,1.0
10.266686,69,212.694724,0.3062616096281914,0.05110445134725891,0.11638730839828672,0.22777814466435564,0.01773174250817276,0.003755632317925021,0.2801932367149758,215.62860554907968,1.0
7.999746,52,212.818518,0.2795925759246682,0.024198414095885322,0.12458671485000143,0.2917623978872435,0.005092345202126472,0.07489386463220107,0.27083333333333337,218.1299559597451,1.0
10.793564,69,212.982356,0.30355568072811656,0.027394560231755165,0.1018667172997749,0.22596273009183668,0.01490877701017657,0.045221466675655235,0.30555555555555547,212.7657161298374,1.0
11.853641,70,213.173665,0.30912640727895624,0.022477232718132643,0.0870599195363821,0.22444584159724393,-0.0009470993579807304,-0.005388078681643126,0.2833333333333334,212.65406169158814,1.0
10.519961,56,213.314304,0.2794114902455682,0.019421802612795285,0.09566366658595789,0.27755847169358344,-0.002633009905445102,0.015568411345755845,0.2485119047619048,221.21298707155503,1.0
9.947748,59,213.461766,0.2843981617899211,0.04504754787840222,0.09425159168317213,0.26926122279435394,0.023364240189001382,0.04823693900583634,0.28389830508474584,219.60742147501426,1.0
11.846648,61,213.617553,0.2853300943280515,0.03761807773915873,0.09402851161729794,0.25537808179080285,0.0034891140615997043,0.025642524679583785,0.24180327868852455,223.17019231040877,1.0
10.247897,57,213.756516,0.2790682416279233,0.027655298430178662,0.07411706717729155,0.27333448484062267,0.017265447989786572,0.026227144167829602,0.22368421052631582,218.69352314279723,1.0
11.342254,59,213.921637,0.2788409779099485,0.02825568493648548,0.10264022749853424,0.27163531482379694,-0.0006321763314204312,-0.008328750143212799,0.23446327683615814,228.80284069176474,1.0
8.454622,61,214.076621,0.29316232352690647,0.055512987356066884,0.15710462869375083,0.24838136170548883,0.006923979124916766,-0.026728826928850317,0.24590163934426232,223.17468676756337,1.0
12.169731,66,214.239653,0.3025427205213126,0.022243711287253734,0.06897785981566353,0.23027068477468052,-0.0005517944025648775,0.00901401171583288,0.26010101010101,222.577667273923,1.0
12.144411,64,214.397887,0.29705230660687304,0.022613016338807183,0.06051386147965948,0.24167595937536107,0.005231486600114354,0.005884819713797951,0.22265625,203.492121925204,1.0
12.528362,73,214.58879,0.31404718177441016,0.02587663462325785,0.07579322631501083,0.22063766639709453,0.0010052348927770461,-0.013080307029570299,0.2363013698630137,215.74525526445066,1.0
10.208903,60,214.738076,0.2922417618513778,0.016507681495261824,0.109691121796326,0.2611431090496661,0.006772613152680945,0.04068903422345294,0.22222222222222227,218.08069901715754,1.0
12.649015,75,214.917446,0.31430327294946875,0.01742449168790009,0.07300284378722205,0.21506609741398053,0.0037646247558332673,0.009353529691694779,0.24111111111111105,208.67463626771243,1.0
9.33032,69,215.102151,0.3076262161669926,0.04691587725023641,0.09029477660730424,0.2341861664081607,0.01883192144198566,0.014494547153350698,0.2306763285024154,221.59471115135034,1.0
11.643905,57,215.238835,0.2864641312658336,0.015936220450007955,0.07684288905691722,0.2769956891117452,-0.0003008348546412707,0.029215094319892842,0.23391812865497075,221.54268850258578,1.0
10.43596,68,215.403757,0.3037096844304708,0.04172210115449973,0.14947800265864744,0.23646214775381966,-0.012078856589360485,-0.07264905145847023,0.24019607843137264,231.0635974649438,1.0
11.537016,60,215.545865,0.29019119115563696,0.02775153745879863,0.10559989250191738,0.2537854642441645,0.000477381240282887,0.004777934371803548,0.21388888888888885,217.62659673780027,1.0
11.063946,71,215.732031,0.31287623467677056,0.04407403466155429,0.09863508992978451,0.22287759390778988,0.006958415120445653,-0.02719554101724516,0.2288732394366196,221.3955011826235,1.0
10.531581,66,215.894456,0.3031095319156203,0.03079698195782423,0.1290174973177429,0.2372455997642952,-0.011400981355431232,-0.03394036331906654,0.22727272727272727,224.95818460668,1.0
11.08874,63,216.049737,0.28988504903608237,0.020278562471752,0.10797447386812692,0.2562979496971999,-0.0023131944830466675,0.05870990695500016,0.2063492063492063,218.6490790021497,1.0
8.594725,68,216.213714,0.3050418646112629,0.05383850623714905,0.15063096785716273,0.22996035423399186,0.007981585903319393,-0.019447833997698484,0.21813725490196076,227.2084335165075,1.0
10.885099,58,216.377015,0.2826165597598412,0.036893993941861186,0.08159283789546304,0.27131009839562126,0.008008567655865146,-0.008045001588702558,0.214080459770115,230.63066838310166,1.0
11.271701,75,216.573854,0.32250358168628046,0.030895116388311022,0.10689180590024953,0.21039510748885618,-0.02731459314557707,-0.04413578442410121,0.2288888888888889,215.23093396898756,1.0
8.00772,107,216.850115,0.377775332856353,0.029455187001791883,0.11790716164279963,0.14832991834351864,-0.0021747542633201765,-0.027566551471123184,0.22741433021806853,221.73848157003798,1.0
12.039514,59,216.991417,0.2869821110284442,0.02346898997779687,0.061368157738170476,0.27422831850555657,0.0036041306944744928,0.012689768888421247,0.20903954802259886,225.56950519586897,1.0
10.467408,65,217.185164,0.29975193470799893,0.03568398204457474,0.12876388113800888,0.23729160849764594,-0.0017396204424733467,-0.06339777694540057,0.22564102564102562,219.738242210158,1.0
10.80012,63,217.331681,0.2863862158824273,0.05324488349750764,0.11664336506277233,0.26222303639449573,-0.047177808194979375,-0.053154649370801485,0.23941798941798942,235.91612811639476,1.0
10.701232,60,217.474179,0.29009701747811495,0.022145328201680893,0.06657088844858637,0.2596151319890212,0.005018172200168912,0.01947420951014972,0.2180555555555555,219.58387962066595,1.0
10.860503,63,217.62906,0.2905498510605168,0.030116267348289167,0.08048782220846676,0.24857121760887452,0.010554648917578017,0.04946834188534447,0.24603174603174607,222.62776897897388,1.0
10.333239,60,217.794169,0.28922432511427565,0.03133893327418427,0.08301696743073674,0.2653170706804379,0.006906124794862347,-0.011936639995550264,0.25,228.8199299263309,1.0
11.189354,69,217.956841,0.30459820204002286,0.028629434792794735,0.10440937585981207,0.22741314440025473,-0.006552467638057538,-0.0489282983452884,0.24275362318840585,222.62362915577057,1.0
10.674022,60,218.097139,0.29616238736499967,0.019896397005511754,0.06413468788600808,0.26056944980536645,-0.015269890277977337,-0.008285434276023875,0.20138888888888892,230.66299488392832,1.0
10.985727,64,218.248004,0.29610686968714384,0.02519458275966516,0.0997140571837563,0.248869744076073,-0.0005278547033844733,-0.030137647711164905,0.22786458333333334,221.30316693514027,1.0
9.70143,62,218.418871,0.29246166646499133,0.04208877121913718,0.11307216513970661,0.25319083651619984,0.003094257165270617,-0.041282234678149766,0.23521505376344085,233.1127108930153,1.0
11.212682,67,218.58146,0.3029494532119332,0.025866801166333206,0.09658949015719814,0.23034939200156054,-0.009624532256251478,-0.015597997078122875,0.22636815920398012,214.45076359936255,1.0
8.374615,56,218.717774,0.2828368108843296,0.053344987314520795,0.1148277719707863,0.2885282316150695,-0.04088421697671411,-0.018028591935265598,0.22767857142857145,230.18226364779062,1.0
10.924923,63,218.874701,0.291048992853933,0.031130346873528697,0.11652473202537425,0.24572399632009445,-0.02499853924271683,-0.026993297748990112,0.22619047619047625,222.3224589053653,1.0
12.453082,65,219.055523,0.2979474268886956,0.037743753551042925,0.07439074251837666,0.2506196789168616,-0.008421695067935015,-0.03514973862826742,0.2448717948717948,232.49880861816342,1.0
10.98769,61,219.209764,0.29062289807847197,0.031009824634096145,0.12476019466909692,0.2543239259728079,-0.02371769154590702,-0.06790915894318786,0.24863387978142074,216.5335085280394,1.0
12.196431,76,219.393892,0.322846549299958,0.01762030657091539,0.06834740543532951,0.20941928024154335,-0.006485517560372639,-0.022698619368848708,0.2182017543859649,213.29225322645422,1.0
9.877124,69,219.564825,0.3085654859216715,0.02939343645853782,0.11284819334715916,0.22929198018650093,-0.011491486824753832,-0.037807732080830034,0.22705314009661837,230.93942835821167,1.0
9.852009,60,219.741215,0.2919861786985443,0.018485907859946023,0.10406720282855235,0.26601471835460455,-0.013811805594657337,-0.012030195891730515,0.20555555555555552,224.76740279890552,1.0
11.597711,70,219.908504,0.30741199896539806,0.030311821284472004,0.08882932840746041,0.23296979149262645,-0.013658484834949525,-0.031633623114352104,0.22261904761904766,228.3414847438931,1.0
11.423927,71,220.086752,0.3021617472287669,0.030599028919992905,0.10923784077119754,0.23446649310897963,-0.026547012585335004,-0.025233706728657112,0.2417840375586854,221.66207789133728,1.0
11.293619,67,220.248235,0.30323666856680176,0.030801518764270525,0.06482980079145734,0.23259519278238522,0.00567717597774636,0.0011301702400618857,0.23507462686567168,216.15572479389363,1.0
7.551699,158,221.131332,0.41750300228910814,0.027168255689333166,0.05264039009352218,0.10378319159430123,-0.016635523927948623,-0.0051702178727560215,0.22310126582278486,204.77244888269487,1.0
10.87455,66,221.294761,0.29002476302782504,0.026293252302669472,0.0740527696947565,0.25185195643769215,-0.005184288887614401,-0.021005338272964882,0.22095959595959594,220.34020583591936,1.0
11.003732,92,221.550865,0.3489367459386628,0.022480660634738345,0.08142150178730569,0.18435072929113056,-0.004918436440122459,-0.01261153290099398,0.23641304347826084,217.99564725053074,1.0
11.769467,68,221.721753,0.30178112520899103,0.032060437121962035,0.1018065203012464,0.235191546396638,-0.028239299453862235,-0.05693375561638041,0.2169117647058824,221.22453343913415,1.0
-1.039038,68,221.900938,0.3276362331826018,0.1349027858191952,0.1818614675230438,0.2023000550058101,-0.10462012306191866,-0.1215163137463995,0.24754901960784312,244.51571057390564,1.0
10.83073,67,222.103008,0.30290537153490177,0.05795810821175583,0.10343516024987283,0.23229190552764573,-0.04838744703367012,-0.052678623625178465,0.22263681592039802,216.25086462809193,1.0
11.143293,64,222.260661,0.2906442601634714,0.03678917607371636,0.10758144128056259,0.2496198605031797,0.0020027937511339017,-0.04906195337664213,0.23437499999999994,216.32659850602994,1.0
11.64806,65,222.424141,0.289192985613336,0.028260109549820903,0.09470015509745622,0.2526082154667887,-0.024552397527614372,-0.05524033034923566,0.25,226.93035241374582,1.0
9.005157,70,222.597242,0.3096413026425748,0.056930818010940756,0.12395844878524011,0.22094317686362067,-0.05059389550350688,-0.06628703636750123,0.2404761904761904,239.83951959222478,1.0
10.992142,65,222.776477,0.29368349523519005,0.025425234086084374,0.11652308107739992,0.24236616050036855,-0.020436905358353838,-0.055384014660770926,0.2653846153846153,214.90865064865704,1.0
11.982106,77,222.972984,0.3187455190480068,0.03247771594923703,0.08517422802030337,0.21226297450366893,-0.026980022889499074,-0.02232849213474163,0.2402597402597402,219.9912001762947,1.0
11.983737,70,223.145219,0.3022923136243054,0.021397765208637322,0.07735534014700095,0.23296217327793392,0.005370022172063414,0.0029684295502079255,0.2333333333333333,219.36372170456437,1.0
9.31587,66,223.308693,0.29718141392200625,0.04791829489097857,0.12215919728931914,0.24089519781503535,0.019757061707111997,-0.058354775058261754,0.23737373737373746,221.94285296117556,1.0
9.996841,71,223.502369,0.3045647958887912,0.036916264413912055,0.14448946408201638,0.23241142112732355,-0.030417869254919246,-0.053097411920229015,0.28638497652582157,229.67266050620117,1.0
12.189963,70,223.671449,0.3082753815937088,0.026672939146839266,0.09246785391893725,0.22385659492515125,-0.02111953502487953,-0.02392322716005698,0.24880952380952379,212.6362223641391,1.0
11.915071,65,223.827841,0.2869087706493381,0.03218913283603644,0.10752100712879656,0.25335991185109574,-0.02214562338173347,-0.06125278614942282,0.26410256410256405,225.50211145273337,1.0
11.867471,63,223.975922,0.28309963151242185,0.014938476323581801,0.07235756733341475,0.2569342109284813,0.009491827273682193,0.01768782585857059,0.25396825396825395,213.48667669248707,1.0
12.683494,68,224.155594,0.29136113740867275,0.02000925649695658,0.08469814299129588,0.24674236217919945,-0.0035128265202573144,0.026102454905703825,0.2549019607843137,219.4670163107187,1.0
10.618169,68,224.316748,0.2994791153144588,0.06093643044679322,0.10276550604774433,0.2364163678689716,-0.05091980858522593,-0.028008331295433814,0.267156862745098,220.57381310490373,1.0
11.43817,63,224.459099,0.28634814535797365,0.03426659178984233,0.07700176106796641,0.2525374710889263,0.0034119854390477363,-0.016880245184712046,0.2526455026455026,221.30034166519124,1.0
9.006114,61,224.602466,0.28618195378318195,0.06493810398976665,0.1088946617388573,0.2540807874834461,0.01944314908984503,0.01144564649012654,0.22677595628415292,226.87879871449124,1.0
11.303439,69,224.786075,0.3003418723679474,0.039192455257656765,0.12055089786808704,0.23195649886473832,-0.03456300653997022,-0.0548565366990543,0.22101449275362314,221.70451056441615,1.0
10.727726,91,225.000752,0.35118137582869063,0.026194576602179127,0.09070095454983032,0.17687107853000691,-0.00039131197554841216,-0.021784914546043976,0.23443223443223443,211.79440897195565,1.0
10.989701,57,225.144844,0.27476183793743136,0.00869881757720018,0.07363693669159478,0.2763365102403559,0.002640085183025094,0.043754831738027064,0.20614035087719293,216.89441617559976,1.0
12.441901,74,225.36465,0.31267421278394464,0.02181034483636793,0.05520139240077665,0.22035402780314367,0.012542578892271544,0.009929184114828458,0.21396396396396394,209.8764075642841,1.0
12.36796,72,225.546683,0.30790293027341115,0.0106666441230146,0.0638825656602829,0.2268569416981272,-0.006762673720172732,-0.008616170213226651,0.22916666666666657,207.39550796056207,1.0
8.864836,66,225.712719,0.301284199392418,0.05443892926954415,0.15462819748800236,0.23453936790918906,-0.04827372325607424,-0.08129595235115213,0.22853535353535348,239.66000656993666,1.0
10.340632,94,225.937897,0.35588392066989166,0.019212675958246064,0.05739008343913793,0.17269530238207356,0.008162566586169321,0.013802553751654003,0.21808510638297873,208.00859531097487,1.0
11.860082,86,226.177523,0.3412328556258905,0.022454351937921363,0.07812996520974505,0.1857828021484703,-0.013646545007501197,-0.02899288349850591,0.22868217054263562,208.07588404087772,1.0
13.005478,74,226.354007,0.3134038237633242,0.023755195003120882,0.07789512113652546,0.2203221281677427,-0.017795764379906025,-0.03186343007193668,0.2443693693693694,213.8870210688035,1.0
11.411848,59,226.49898,0.28151157709638003,0.025758004088568584,0.08391296804300362,0.2692606956956192,-0.006893169922513897,-0.0059720452300526606,0.230225988700565,221.85999866700723,1.0
12.400725,62,226.683252,0.2769476704155976,0.028926478764719793,0.0675027660164996,0.2725770294597497,-0.020298649301401787,-0.013863663664000263,0.22311827956989252,222.75933847734663,1.0
11.097835,68,226.849742,0.29813661719522205,0.031151032804072862,0.12008084384247646,0.23732729959991145,0.0020469630320314857,-0.026623237668766894,0.23774509803921565,220.8404868261059,1.0
8.838156,70,227.023698,0.30605176853389177,0.05076009871792372,0.13647025437628332,0.2259372300637503,0.019038744503385507,-0.020690204304241122,0.25119047619047613,218.49058290750241,1.0
11.236247,84,227.234559,0.33639475258910784,0.02059443394379143,0.051165111170353494,0.1946847820591303,0.011896807326521205,0.0023469597141932866,0.21825396825396823,214.75565828244657,1.0
12.247861,71,227.429296,0.30789756734987006,0.01726324958309476,0.06631738427746468,0.22417531174302746,-0.009333574196783288,-0.027014788824223913,0.24061032863849774,214.08415180657568,1.0
12.234563,82,227.621977,0.3274023053597479,0.017825700635009135,0.09243968684480679,0.20472033385793986,-0.0077732385921498405,-0.006769912522681638,0.2530487804878049,213.66462884322678,1.0
11.699668,69,227.781651,0.30333511195320445,0.032775308039995614,0.10581037737921192,0.22920463825999063,-0.02675659124518308,-0.036559330378684016,0.26690821256038655,215.09511943588498,1.0
11.966142,74,227.986063,0.31317766460936636,0.01898774704482579,0.056514104567825546,0.2182577355346049,0.003954509706786506,-0.0140639469458205,0.21846846846846843,207.7749900891019,1.0
11.697389,77,228.164924,0.32427327037170733,0.03654912862761807,0.09672720808100785,0.20372902236620957,-0.03282776763194515,-0.05967696967066115,0.24675324675324675,218.9883537739708,1.0
12.21212,71,228.335816,0.3062101703827944,0.022111388492591855,0.0991884483356245,0.22659622455742454,-0.013005886806223142,-0.050069519034475075,0.21948356807511737,216.8085209312739,1.0
10.202265,61,228.477907,0.2832893020570398,0.059891166828259464,0.10674081585580034,0.2616857050283106,-0.05242708316162269,-0.04663941153422984,0.26229508196721313,227.9549203390043,1.0
11.109038,60,228.64867,0.28222159560876564,0.02731267920029078,0.0695016132036839,0.26615876859924054,0.02314114075472788,0.03930327144734251,0.2,211.8121090322023,1.0
10.217821,59,228.789071,0.2744848134930119,0.027753179435834757,0.058757469356408236,0.27231141470863357,0.015120212515937448,-0.0052504307106743826,0.22881355932203393,223.4077051394533,1.0
9.57394,72,228.961145,0.3152214615375604,0.042671458699335245,0.14021166051904674,0.2172501234224623,-0.03833824483471531,-0.0830962135795103,0.2523148148148149,232.33492821779788,1.0
11.597566,58,229.100073,0.2771816139427294,0.04386744450426049,0.06906252402272045,0.27316469963566936,0.017020826799515193,-0.03600052636043081,0.22557471264367818,213.57391071927353,1.0
10.673549,60,229.279537,0.27673649330686384,0.03436307071967833,0.06109624533734695,0.26956616741540884,0.022421694910015923,0.03417003488067399,0.21527777777777776,219.22130044932126,1.0
12.920743,66,229.437206,0.28869238202336744,0.01807384019452901,0.07787091160641453,0.2554865003089056,0.0024841215932142513,-0.025331432332880877,0.2159090909090909,216.33259707473692,1.0
11.709543,61,229.579524,0.2814804051303407,0.020074239143215208,0.08184950265742767,0.25595914674844805,0.0017309140002559342,-0.026001475861354262,0.2254098360655737,212.40936374145033,1.0
11.733132,64,229.730663,0.2842221179273589,0.020794754260076178,0.05902001536147841,0.25249913529890533,0.014061653509146161,0.012937673645742245,0.21223958333333326,216.20717655772444,1.0
10.337807,68,229.915459,0.30161761415845756,0.034725861665941174,0.1447143065731656,0.23153746062595973,-0.02994590698739116,-0.08793563960533132,0.23774509803921576,223.24101517608602,1.0
12.417648,58,230.056232,0.26651224947954677,0.01587997385309443,0.07031510860427355,0.288401996595264,-0.009398559268227146,0.013832465967792754,0.22988505747126436,217.45002183764706,1.0
11.366274,57,230.192605,0.2746528597712338,0.02597766234774236,0.08321213294207815,0.2876583670814908,0.0078030028937331455,-0.03423204001411702,0.23830409356725155,229.3297808791734,1.0
12.567799,61,230.340323,0.2812797835310712,0.02503356511841122,0.0702892912862647,0.2663653577951961,0.013392870941143855,-0.025181378317531818,0.22131147540983606,215.13204457996392,1.0
11.683527,67,230.521562,0.29240196365107907,0.027518562886676135,0.07680965898171228,0.2461466688043406,0.016969778545788333,-0.009679472956666093,0.22014925373134325,217.6586664566584,1.0
11.234983,64,230.678501,0.28836977049055273,0.022598706435869188,0.12619112749133624,0.2557590608469111,0.008883863245198426,-0.06106028321716036,0.19531249999999994,215.3173041960707,1.0
12.364364,65,230.834328,0.2896558327304921,0.021186733192829224,0.07891858538090449,0.2524310642733412,0.011587192545704707,-0.02299763100767718,0.21025641025641026,217.17599622640105,1.0
8.825892,61,230.980252,0.2784354956048987,0.05985922485185459,0.10987537067219726,0.26646466414463993,0.02846227659008647,-0.020716569693608175,0.20765027322404372,221.8254901169104,1.0
12.292011,76,231.19855,0.31456607536056214,0.02212777143277363,0.07458558739453718,0.22000418007035485,-0.0008154050379595837,-0.0285188037307497,0.2116228070175438,211.63148873327066,1.0
11.447288,59,231.343752,0.27247418998764433,0.016442256619277694,0.11162482686087617,0.2814241960733854,0.0020830140852161672,0.02539676725238075,0.23163841807909608,216.2061023369309,1.0
12.493677,64,231.491117,0.285760559550558,0.026724500236813716,0.0810231746562821,0.25831182416599496,0.013020215989238729,-0.03223442492601858,0.19921875,215.26261302976263,1.0
10.932195,58,231.626526,0.2781773379679587,0.03279535206998592,0.13437464055012624,0.2791370886695107,0.0065136482808725304,-0.05998324296866876,0.19540229885057472,217.25603082013902,1.0
9.221181,66,231.797877,0.2972952555325358,0.028770638475059732,0.06911960688115747,0.2357807949457829,0.025134596268974446,0.027615993575028232,0.18308080808080812,212.5918159884482,1.0
11.389362,60,231.944677,0.28091286536179744,0.03519005662839826,0.05167934080906081,0.2714532197681064,0.027938431974141507,0.005275758575837665,0.1861111111111112,225.17657716068592,1.0
11.521799,73,232.114647,0.30674784484540274,0.03215304838076724,0.07604864965958609,0.23379834267933303,0.017078649436053975,0.009042620642326497,0.2089041095890411,223.94419082677442,1.0
8.8341,64,232.269865,0.2852713628842957,0.062213365299314385,0.17484797893537973,0.25418405579740044,0.013309968461715895,-0.07172047225225991,0.2005208333333333,226.92198313401607,1.0
12.376255,87,232.500535,0.33963576899504294,0.024385893496971872,0.06578568228130555,0.19196759529971208,0.0014805553601907212,-0.027784101240031382,0.17528735632183906,215.0965746486631,1.0
11.175986,68,232.659726,0.30157112285967497,0.026575303339031485,0.09840452624822435,0.23523571249242217,0.0063458423421165425,-0.024318166871408503,0.18627450980392155,212.27101163845046,1.0
10.294868,61,232.804849,0.28462091654300176,0.04020642679854312,0.13711583322486362,0.26104266157008993,0.006730603738274458,-0.05772424647862862,0.17759562841530047,228.43005033221033,1.0
12.470228,62,232.95162,0.28160790768719396,0.029653486033793634,0.07684531071367148,0.2666304218854138,0.009944249583445712,-0.030744170109527645,0.18413978494623653,217.24980354937819,1.0
9.931171,54,233.110049,0.2760228050051052,0.040884074528824206,0.07753516683103502,0.30668971277496565,0.018515349790740175,-0.008974037712811843,0.20524691358024694,234.86310978289987,1.0
12.35223,70,233.280307,0.30330108067656486,0.028132606787761312,0.0635273261380324,0.23448590964940955,0.015775548016365173,-0.017890480637240056,0.18571428571428575,215.92708938803372,1.0
7.833051,63,233.442995,0.28786536274189595,0.051041687101509595,0.0881627246364352,0.2480800067641879,0.04158905204329473,0.04471264741902158,0.1706349206349206,229.6909262017064,1.0
10.881825,69,233.614173,0.3009003300129563,0.03391388347427283,0.0991409543023335,0.2358807652872143,0.02332571767095588,0.04263783787506253,0.18719806763285027,216.13606450756873,1.0
12.229095,69,233.835957,0.2970780030676642,0.035386594772136036,0.05816144638031516,0.24158679123426757,0.02648606022893305,0.025446935949148698,0.15458937198067635,215.61776184144986,1.0
5.206778,118,234.12461,0.3850191770132544,0.024473006721135747,0.06457473788688695,0.1422317973845996,0.020156276143662225,0.02275759960822266,0.15748587570621472,212.16765014856145,1.0
11.667182,59,234.26807,0.2783341150683436,0.035737895222134775,0.059976642560734976,0.27779667376551187,0.024763754717739055,-0.020093601885862303,0.18361581920903955,220.35082011549488,1.0
13.268998,63,234.461097,0.28568256141451376,0.03199126952319866,0.06947102724665517,0.2657378476270878,0.01166301571517611,0.0053198461589121886,0.2063492063492063,219.2028802510582,1.0
10.221795,57,234.606187,0.27199325849834305,0.035002141406240445,0.11300657180482308,0.2754724645039507,0.014201622671117136,-0.06755216291323587,0.20467836257309946,217.06752539303463,1.0
8.636756,61,234.754095,0.2812043108003972,0.030351835243897486,0.11895122875033541,0.2624602580185397,0.027585116639284656,0.06893108544402064,0.18852459016393436,222.42820392340644,1.0
12.116726,66,234.911397,0.2906674054781329,0.0357617714155009,0.08358258919707871,0.25629798122673275,0.017839552039301324,-0.019890886721438537,0.16287878787878785,221.39849724988719,1.0
10.497754,63,235.095608,0.2872455090759165,0.040019660004148555,0.08119513908178051,0.2574913501095329,0.015912451003531156,-0.0007009324473045305,0.1891534391534392,222.35629797971848,1.0
10.932696,75,235.284255,0.31476479537811475,0.03471872534543935,0.0668671852581832,0.21718019912636322,0.018299173487199234,0.007378147241697886,0.17333333333333337,214.15568732072703,1.0
12.755655,71,235.471031,0.30683392535917875,0.01914984975368952,0.08424658599856484,0.23165580087827464,0.0056029123768847455,-0.04074218043063232,0.18661971830985918,210.9576439122957,1.0
6.800753,67,235.635827,0.3040273063286549,0.06475500641126226,0.10436608945941703,0.23107445339761049,0.05007421701302392,0.04662717090083967,0.1691542288557214,215.64826289436027,1.0
11.801509,82,235.865356,0.32383847897350876,0.014338759737891695,0.061266781862580326,0.21058318329039905,0.005464116824604396,0.004951395305097292,0.1920731707317073,210.5704162513227,1.0
12.440637,77,236.05437,0.3176123907681427,0.02142563852064227,0.08048961310767803,0.22035941787694138,0.0020840748123144197,-0.03938995498767461,0.21428571428571425,215.66255300095122,1.0
10.556428,72,236.229441,0.3104231549098718,0.04027947318804707,0.11709022993692383,0.22403117851542584,0.012167618792479719,-0.05280791200913456,0.1944444444444445,221.91151318520406,1.0
11.591944,63,236.413677,0.2805163544495136,0.0173361946327677,0.09048925155691645,0.2638983290287186,-0.003932828584503029,-0.004353100118299316,0.22486772486772477,212.97039594769922,1.0
11.110305,60,236.570995,0.27933372797029654,0.037103646985463645,0.09561699208062836,0.2683519964111997,0.014432399763545527,-0.05272838851203189,0.20694444444444443,218.81990060295675,1.0
11.484754,75,236.759616,0.3155938708180805,0.022353449271366545,0.11316772388124668,0.21766718614388006,-0.015428831419043627,-0.07294422738050539,0.1922222222222222,215.39677020815319,1.0
12.742913,82,236.959682,0.32988085619828517,0.01962723177771291,0.08997825010305806,0.2044729199249715,-0.008865925036178685,-0.0530325248065023,0.19004065040650409,211.06073270785242,1.0
12.051239,69,237.161176,0.29461591667749837,0.03128160619082743,0.0794129090528458,0.24991853785978177,0.015469008590169623,-0.029708843471750127,0.2077294685990339,224.43624596240875,1.0
11.832693,60,237.314025,0.271016904266364,0.03389507096625288,0.09866836450637326,0.2774634141752332,0.007792968236990355,-0.02462956018226086,0.20555555555555544,215.37064959920426,1.0
12.163762,65,237.475924,0.28153554914206347,0.028795996654556913,0.12782881693436834,0.2592157149550919,-0.004464637168247988,-0.06525226913703289,0.2512820512820514,226.44436658512782,1.0
10.691624,73,237.688073,0.3113398810797547,0.0334527000187819,0.0849943675591021,0.22526792686363273,0.0225555184628535,-0.03810066402427998,0.20776255707762548,217.469811487091,1.0
10.758749,58,237.827363,0.27732248284117855,0.02235535822841185,0.13994651469244618,0.2855198878150094,-0.01514951356811905,-0.08397902912500489,0.22988505747126442,217.23546956738423,1.0
10.02319,63,237.983472,0.2834681745333666,0.032896283857104414,0.09355715635575575,0.26156830248682694,0.029164518329707918,0.04908262574404034,0.21428571428571425,230.49729963975716,1.0
10.363152,74,238.162126,0.31287414089199067,0.03328168273556407,0.13549839467140665,0.22439037295441588,0.005692857160677988,-0.06205538160722267,0.23761261261261266,216.87246314144258,1.0
11.791421,66,238.434451,0.2921979806127419,0.024678926671376028,0.09702610756574648,0.2521127445853701,-0.005592906131029157,-0.04013295987954447,0.2348484848484848,219.4921135266111,1.0
12.403451,78,238.673354,0.32031378781185016,0.020818085409275305,0.08141600910585353,0.21532012563366024,0.006997335782503574,-0.0146158472763739,0.19123931623931625,214.8710644354808,1.0
8.987382,60,238.829498,0.27973768839627006,0.04764245021715706,0.1729183717650726,0.2727813955997328,0.0177234961537542,-0.09794608734054495,0.20972222222222212,219.66481965006503,1.0
11.745332,58,238.969692,0.28191885800758504,0.01504467534573913,0.09424657150926426,0.2744737644041065,-0.001015524401847665,-0.023464397690559885,0.22270114942528732,211.22766699124503,1.0
13.128021,60,239.137856,0.27342675335290045,0.025150167833568788,0.06969151365242728,0.28476164245778685,-0.01685233623802992,-0.005181595797118282,0.22638888888888883,218.39086199110264,1.0
12.732903,60,239.290551,0.2771089219246624,0.029792833169824902,0.10116784190259835,0.28000508834962756,0.001261219252357877,-0.061448165474080274,0.23472222222222225,222.73311404313262,1.0
10.705373,69,239.461456,0.30327996331406665,0.030968306891729948,0.1481064991078244,0.23468771745141698,-0.015480773452836556,-0.09588935868897938,0.22584541062801927,225.22220000033374,1.0
13.312825,72,239.641222,0.30338541475675773,0.01906586369255381,0.07170080975510802,0.23614566257998293,0.001126000513255693,-0.029296382613029897,0.2152777777777778,217.42839966151143,1.0
14.06236,69,239.825155,0.2966543831829026,0.014528026724926086,0.05700986902346042,0.24808423931832518,0.006175760568768217,-0.012885995874588194,0.23913043478260876,217.85824355488566,1.0
8.852889,87,240.026581,0.3441172168895179,0.025977816037994195,0.07029187614781567,0.1846854931234031,0.01912889121441871,0.028186614349305875,0.2289272030651342,209.70268458774757,1.0
12.633657,68,240.186625,0.2890021409013448,0.013900302208235026,0.09590948783063065,0.25383722503340855,-0.002747034411547695,0.009812052759876028,0.21323529411764708,223.80914574756144,1.0
12.106413,67,240.349846,0.302049841487302,0.0217682232077595,0.1114469410736167,0.23525070184456953,-0.0015303126652034577,-0.04824317565699084,0.21517412935323385,216.6867029804115,1.0
9.831483,68,240.529459,0.30543112370182307,0.039900800228909385,0.0739735241574538,0.2253801134470323,0.029138221585273186,0.014313958281113589,0.21691176470588236,212.9589792359762,1.0
12.532044,72,240.698191,0.3039037650895283,0.03175714256007312,0.08576537600593812,0.23395063063913632,-0.012744511055689382,-0.005650550297272582,0.21064814814814814,211.63115232236999,1.0
12.337015,89,240.905139,0.3428387991488339,0.01751079170983635,0.06807178192857742,0.1926790194706786,-0.000961664658412157,-0.024665003409333218,0.22940074906367042,220.35775925787414,1.0
10.007632,78,241.140084,0.3187008131486969,0.017645871369781307,0.09289660450360142,0.21682628390019304,0.015268333298014415,0.02650140399464499,0.19978632478632477,218.99323236076083,1.0
6.4616,106,241.404237,0.3760028002183586,0.034693839051334,0.0709291712293032,0.1514786254770378,0.024979255488941313,0.017978247114550573,0.1949685534591194,208.81004624797436,1.0
13.052114,67,241.573622,0.29215496452940815,0.020524108373408616,0.08712763228658743,0.24906306307152687,-0.014547813146669083,-0.0340176955015372,0.24129353233830841,215.91814676727188,1.0
10.963462,67,241.779615,0.29710232387702284,0.020656441439120633,0.11837150634926269,0.23779420121441347,-0.004282810422806496,-0.05295176952172214,0.24502487562189046,217.53458320005353,1.0
10.096003,72,241.96654,0.3115521117695378,0.023243906041242022,0.16349732866982455,0.22156489264832036,-0.0049717711753995844,-0.09452100754315892,0.21759259259259256,224.3346977173137,1.0
11.705801,64,242.127298,0.29656028119598055,0.03656421000880977,0.08887137629579445,0.24155842636431435,-0.026096233614157943,-0.04508992008718108,0.23046875,208.43189348701307,1.0
8.511747,115,242.45711,0.3897338102043629,0.03916872470313267,0.1054781497783126,0.13152892252867168,-0.03294790819014399,-0.06722329318113718,0.2246376811594202,227.26952515490464,1.0
9.65433,76,242.65019,0.31409782552349363,0.01447509075594541,0.11172224875002708,0.2191541056187708,0.0012529489862584619,0.023418732365919598,0.21820175438596495,212.2865916030083,1.0
9.772163,65,242.811927,0.2982114454033624,0.02797397366153727,0.14927065921262334,0.23655684759298107,-0.023006500120877897,-0.08862056015258073,0.2333333333333334,221.49087006723184,1.0
9.587641,56,242.947601,0.2746274383723538,0.020474760841454005,0.10881638357133133,0.27774723666874496,-0.0017326356711882484,0.02947158645093771,0.21428571428571433,212.8766382704116,1.0
12.442552,64,243.135899,0.2887402990489742,0.020891560967722114,0.05970789266726838,0.25532568045476106,0.014338314461632813,0.013387634851181133,0.2200520833333334,209.25149834969417,1.0
11.663769,77,243.32342,0.3216427564391132,0.01106005090053565,0.07449430831675681,0.21358359724304393,3.1668777769936945e-05,0.008817115923814012,0.24134199134199139,216.21250727565192,1.0
12.06251,68,243.494475,0.29756074965614676,0.037883193049462714,0.07932228276351008,0.2479267055731992,0.019605062220217993,0.018085108657042076,0.2267156862745099,224.1982194175733,1.0
11.408567,59,243.641771,0.2814632946703317,0.020667395641675478,0.10412458150958677,0.26697203026152344,-0.01490546217754729,0.014131416086640165,0.2288135593220339,211.8988721355943,1.0
12.492303,65,243.834485,0.29442356001443687,0.043142187372521186,0.09251416416711629,0.24588419446859278,-0.037223980077534184,-0.048683745726242775,0.26410256410256416,221.44396770504076,1.0
12.509188,62,243.981837,0.281076608503467,0.025199143751577592,0.0822686394104744,0.26770379712526143,-0.016751084444661973,0.019448765824657502,0.24193548387096775,215.16803245564384,1.0
12.087431,67,244.14291,0.298720540283016,0.012931689582102087,0.08059418296211436,0.2473151809377257,0.0040805965063536245,0.036871907081211464,0.22636815920398015,219.9190912586488,1.0
11.181908,59,244.281942,0.28494836012207286,0.02344332353225233,0.0789334422153579,0.26154627448450785,0.003751537988721743,0.026897320368556295,0.23446327683615817,217.95112321366156,1.0
13.401681,72,244.476403,0.3059597419550365,0.01462532776198653,0.07385151505661725,0.23567894075262055,0.0020536895041757845,-0.00042391421027117716,0.20717592592592599,216.3579910816681,1.0
4.442864,82,244.669399,0.3543941961969909,0.0882064271420481,0.13174216810911102,0.17144980616994096,-0.06239025912279747,-0.07918133263776601,0.24085365853658536,233.8984368520202,1.0
12.750418,74,244.849194,0.317509033817137,0.02000975594564467,0.07478907813257124,0.2172935048479907,-0.013688661350166859,-0.034472845747546686,0.23761261261261266,214.4580315233557,1.0
12.732633,71,245.046797,0.30952353985801356,0.024045701807555452,0.08156713371679694,0.22771546309603258,-0.016985815700612243,-0.03758380288362076,0.23591549295774647,217.30477275339908,1.0
12.739081,72,245.221122,0.30985389368616256,0.02192515357078906,0.07615451795967003,0.23206883785610527,0.008257584335612826,-0.01917473987944791,0.2233796296296297,216.19794489334495,1.0
12.664162,75,245.407519,0.31868063401711716,0.026527953784467033,0.07505182477009345,0.21632140588094406,-0.009670761571918235,-0.023129033947537417,0.2488888888888888,223.8616821456434,1.0
12.51307,65,245.572169,0.28997408713044087,0.012701718083222182,0.09025542313210345,0.25221503281801944,-0.0009334420882381387,-0.013956366051906248,0.23205128205128212,219.4121794496009,1.0
9.746707,87,245.809676,0.3439027315976149,0.015059643123035588,0.07815258363194884,0.18978446409470726,-0.00011904701242103961,0.03167892186546015,0.21934865900383135,213.29293085454555,1.0
11.011116,91,246.034332,0.34797049723039797,0.025484320782661066,0.07553935980173052,0.184411337303858,-0.01485474268691821,0.003522514273453202,0.2454212454212454,214.08928098520087,1.0
11.228515,67,246.196489,0.29754605797019884,0.014389131358857324,0.10042714911449989,0.24267379426792957,-0.005625713973394812,0.012243404713617163,0.25124378109452744,209.80960316651579,1.0
11.537204,65,246.381906,0.29072829643123493,0.015597894629822358,0.09996698083256995,0.24936838272751297,0.006055882286650369,-0.0030537822064357284,0.2666666666666667,217.89639585554897,1.0
12.886376,62,246.53717,0.2878770020859063,0.01915087339977794,0.07119003835617177,0.26047823027991984,-0.012492238832116469,-0.0321234421689447,0.2809139784946237,218.4137171943885,1.0
11.758291,64,246.690981,0.28709289986104763,0.036115257377834546,0.09823644267071185,0.2572693224373243,-0.029857317325276533,-0.010023847111040167,0.26302083333333337,218.20862267746193,1.0
11.680441,62,246.853662,0.28538416979928294,0.016676691322349883,0.07388865334293761,0.2581636266738895,-0.002886319421846312,-0.028239650379225507,0.26209677419354843,220.72624125102607,1.0
11.812388,64,247.04244,0.2868316334812096,0.05841324015772769,0.10167105399075468,0.2594332790054208,-0.049077112241517167,-0.013361501351606218,0.24869791666666674,220.44558017169769,1.0
11.405526,75,247.225573,0.3159051254723605,0.016922863298867417,0.0725941749305126,0.21694676463063076,-0.003259627633192877,0.004541511148071787,0.2611111111111112,214.5133075279562,1.0
9.601695,75,247.421183,0.31902917582203794,0.053359906526182735,0.1040588165758096,0.21458142292302132,0.01719423702610354,0.006331745004463619,0.238888888888889,222.56464732110288,1.0
10.436011,58,247.565126,0.2805872458972243,0.024564393197984768,0.11399001362190707,0.2671488181329237,-0.014627146913865506,0.00888478023449348,0.23850574712643685,216.63439884526701,1.0
11.869269,65,247.757173,0.2930195955737186,0.010978735641419433,0.09768313472942299,0.25021860087182907,-1.0191442075893886e-05,0.016007830055344306,0.22820512820512817,210.19235918500212,1.0
10.751985,72,247.933053,0.3125224754805332,0.01990029020981328,0.06270200779096954,0.2292907276237805,0.0076626215783843704,0.009358254177158649,0.24074074074074073,220.51851126247013,1.0
11.987693,75,248.117008,0.31877812924704574,0.017189815102991588,0.07140289325236467,0.2182827913646653,0.003982929642820667,-0.003891964602837382,0.2388888888888889,214.48301429991722,1.0
10.228338,78,248.341685,0.3234685435705444,0.027225948674224627,0.09848842228680653,0.2115801896697348,-0.018425900245903085,-0.002934690610459099,0.25106837606837606,216.7428608100075,1.0
10.567271,95,248.581136,0.3566944590530013,0.01506626643342044,0.06357939724593686,0.17510035932874038,-0.003375135659314499,0.004709566917906635,0.2289473684210526,206.63405305363221,1.0
11.31084,74,248.765965,0.3182537665707126,0.03513632010041165,0.11563862016738037,0.2156445083503385,-0.02927628629419602,-0.08733524449388967,0.29166666666666663,227.03745857750698,1.0
11.734637,59,248.909519,0.2810333284632657,0.03294077445764078,0.0888969210459927,0.26254647872050224,-0.024385630800505924,0.00942647134746694,0.2754237288135593,221.25744515449213,1.0
10.663241,96,249.163934,0.3602927549352918,0.024849033352885068,0.0671783665613768,0.17026384130228275,-0.01637411293108162,-0.02237306608399339,0.2725694444444445,206.14411058059284,1.0
11.11995,66,249.326871,0.2939791531876632,0.037343705023771816,0.10551443510292624,0.24979266026264052,-0.016239147185852235,-0.060168068265500425,0.3080808080808081,232.30664253102768,1.0
9.628927,68,249.49505,0.3010112053488465,0.03975809131053786,0.1464209525381848,0.2383536117621341,0.017008506033981546,-0.05314953842306407,0.2634803921568628,221.47384262292863,1.0
11.690034,68,249.681256,0.2995316923745742,0.026378131170625367,0.12222493644439865,0.24237175020909318,-0.020079263727966055,-0.08081013150721074,0.31249999999999994,222.80059192014068,1.0
9.22944,67,249.851901,0.3025133156416984,0.052216039256438564,0.15844636364043893,0.2341544724866385,-0.04275977486604149,-0.1103219730208268,0.3184079601990051,235.39330911323717,1.0
12.449497,63,250.002755,0.2822861769971889,0.015223330990368824,0.09239806841043476,0.2639424518511011,-0.0004981437167921646,0.0005613312584591161,0.29497354497354494,215.7756757948268,1.0
11.609761,71,250.184093,0.3048872825822122,0.02078408602941256,0.124026018674033,0.23460935396012916,-0.005810439995492831,-0.054521961502121845,0.2816901408450704,214.26706645992854,1.0
11.772608,63,250.361864,0.2842070926579766,0.01950782915174468,0.09316079234055924,0.25633276847262326,-0.010293264643757672,-0.0015036991498969478,0.2724867724867725,213.68050067303253,1.0
12.27175,68,250.520848,0.30118151551185707,0.03350937170047278,0.07840854792947234,0.23800205492229973,-0.02330283381070315,-0.0416810560705292,0.32230392156862747,217.04820242123142,1.0
12.027762,65,250.67784,0.2916295507668709,0.03000798951365845,0.10720971136488643,0.24995334697944313,-0.012983655729650682,-0.06117257885696441,0.28205128205128216,218.80799693913406,1.0
11.12096,59,250.825828,0.28132898729683825,0.025867075233326438,0.09699002687766758,0.2721695178259827,-0.014557997300753349,-0.03295578619214894,0.3107344632768361,222.49534170824964,1.0
11.28405,70,251.014647,0.29876881250301074,0.05983185167206041,0.10642636147242393,0.23946516853654987,-0.05049293390858377,-0.0007474433395754047,0.31309523809523804,223.04798492410418,1.0
10.984161,62,251.173359,0.28657007510919047,0.04134945203704298,0.1081136002738375,0.2544709990130011,-0.02911393085065947,-0.0646581849236497,0.33198924731182794,219.4885709668275,1.0
11.762011,69,251.355879,0.3086692396854944,0.020865627729294206,0.09163141134938312,0.22425213604236946,-0.012034243220890407,-0.04895375886647679,0.30434782608695665,213.8725063899036,1.0
13.083146,61,251.501764,0.2840636238223593,0.017837185143773096,0.05777148070930219,0.26091251079049343,-0.00483868126973226,-0.017125223773990436,0.3292349726775956,213.12930255672555,1.0
11.553919,62,251.666031,0.2907468086610276,0.02078175025945424,0.09596250003297967,0.2522200155935438,-0.00947260427669615,-0.018962684554855443,0.3198924731182796,224.3792163489131,1.0
12.734438,61,251.818075,0.2901449101918031,0.028501746284472048,0.06431027633629072,0.25944598221812304,-0.022027248407235776,-0.03838417322519495,0.3237704918032787,217.5728481723782,1.0
10.891906,81,252.008085,0.3296560193164445,0.036962308375875205,0.09252893810617033,0.206909431016661,-0.025472382790606714,-0.015765506084373607,0.33230452674897126,217.15248596760833,1.0
11.162338,76,252.191593,0.3208515145608664,0.03845400192675086,0.11513066000900425,0.21168761977355252,-0.03314203053596455,-0.06169389178828513,0.33881578947368424,222.1712498952082,1.0
11.525711,67,252.395784,0.30127825512787365,0.023685556205359035,0.08187954501161827,0.241198062677762,-0.007205638982282815,-0.02916206542583416,0.3221393034825871,223.1564915203659,1.0
10.666795,79,252.59536,0.3296901283062802,0.04756528353591977,0.09929440181776732,0.2034338821650513,-0.03614955018566935,-0.05385922790281465,0.33122362869198313,212.81047054543518,1.0
10.497065,74,252.775905,0.3184905442067148,0.02512861912941449,0.1322321479942885,0.21435455973454695,-0.017746455861140077,-0.0869986841945566,0.3322072072072071,228.9786395134137,1.0
10.865674,59,252.950515,0.28176606799007925,0.029340581963524195,0.10379204570055026,0.2645476222579275,-0.01851749505256004,-0.04280661813198715,0.33474576271186435,220.3526108286595,1.0
10.593526,79,253.148008,0.32763301601917927,0.03237448881662697,0.09079067067015027,0.20489062418192205,-0.025417149540220483,-0.05803737247455143,0.33966244725738404,215.8746194695111,1.0
11.119913,68,253.32302,0.2992168969398402,0.035803428029765556,0.09268547019533711,0.23983734805340073,-0.02370442000578383,-0.021742152567564697,0.32843137254901966,220.07376300938787,1.0
8.213174,61,253.474716,0.28734177691223517,0.06632355504884203,0.14923144871632585,0.25261105488809926,-0.05145871385547877,-0.05585108799382586,0.3210382513661202,214.37826671632843,1.0
8.131986,78,253.707278,0.3350675757842712,0.06776218458588336,0.09792139256811387,0.19392055905407277,-0.049614301200928475,-0.05857574795655863,0.3482905982905982,215.10614197202403,1.0
9.287513,114,253.985271,0.3856314495436971,0.02093282515588009,0.06565397730295981,0.14242838577605496,-0.01297630265282696,-0.03967625898759765,0.3494152046783628,212.53254632108153,1.0
8.874119,80,254.182899,0.3362115044656184,0.043029839174332056,0.11293617875675242,0.19367171161286462,-0.03477893945355362,-0.018503316175171296,0.3552083333333334,216.1831890446352,1.0
12.053848,75,254.413783,0.3134368958609969,0.04193383416816713,0.09173236239822471,0.22576599033640424,-0.03692936516664141,-0.01747819198651815,0.36888888888888877,223.27896967884226,1.0
10.902702,71,254.588313,0.31319666610653624,0.048196525729926276,0.08138879034616762,0.21852946016439836,-0.039683530546876684,-0.007819802481915179,0.34507042253521136,231.75784581533986,1.0
9.526038,103,254.842791,0.37224132909429325,0.01823480661575939,0.056785155276588416,0.1567801925504553,-0.007939871299745788,-0.01610006212626591,0.3147249190938511,207.20779719542412,1.0
10.634426,101,255.097631,0.37046458843579716,0.023069391162978445,0.07282950334809452,0.15885533681898134,-0.01352897409245034,-0.023759559937954082,0.30693069306930687,215.60005703355623,1.0
8.062332,104,255.348564,0.3738496281975855,0.012359785285167563,0.06568854466992713,0.15428955645871748,0.0035433349469985295,0.00593369738532088,0.28766025641025633,204.9723842397713,1.0
10.427472,62,255.497581,0.2922501285839981,0.0492639177463801,0.10761683984116564,0.24781044992626525,-0.04038601267371781,-0.053195611115727306,0.3481182795698925,221.781796111005,1.0
8.559712,104,255.763997,0.37744667702542783,0.017318339885893496,0.045069674717916314,0.14823688659065443,0.0006655287381903233,0.0008362702971654486,0.29807692307692313,205.588610554229,1.0
10.093316,99,256.002806,0.36469713393617875,0.020066162371124716,0.06275766287890794,0.16663567731527573,-0.007989803297767146,-0.015010903120711844,0.30387205387205385,209.5502691785431,1.0
11.793574,72,256.210833,0.3153539791699064,0.03641676767186192,0.09210167155335268,0.22253843710933388,-0.029556506875423556,-0.026145119865961925,0.300925925925926,217.66738702718328,1.0
10.640248,75,256.394301,0.3194998394779193,0.04237067098257978,0.07668096302714313,0.21604015036106006,0.008848077651039708,-0.026463541216735473,0.2944444444444445,223.87334126574424,1.0
11.442692,75,256.577393,0.3203401380592464,0.030040655713579046,0.07185487655043549,0.21210838651796493,0.010486157133137771,-0.022840954613254784,0.30666666666666653,212.1874932288813,1.0
9.501449,94,256.801079,0.35906429391023176,0.028898556237795855,0.10795089329175594,0.16809302649386376,-0.017038605770615212,-0.06772490596267149,0.33333333333333326,219.58993607310325,1.0
11.337967,83,257.033183,0.33611723490395734,0.038327837068319104,0.10742429752503642,0.19668920013601884,-0.033046170725186653,-0.06713318341831076,0.31927710843373497,234.99044259880856,1.0
11.628797,65,257.190078,0.296059902226091,0.02718326646770493,0.10397714439923557,0.24511663572133047,0.0010482944433877672,-0.05867661011415199,0.308974358974359,221.32389773650348,1.0
-1.653928,121,257.505935,0.41380086683330697,0.09253479403682599,0.1021583051650832,0.10401495439507306,-0.062128072143148624,-0.06342635970622158,0.32162534435261736,231.79606199214308,1.0
9.285184,76,257.685624,0.3214936936525275,0.050498728017615534,0.09545375519566869,0.21109075660120696,0.015217625203675846,-0.020329422992499697,0.29714912280701755,217.0671720438034,1.0
12.318611,73,257.858113,0.30762698986212805,0.025791624080960033,0.08184567735904559,0.2286744842727967,-0.016715378455948456,-0.019734956519791708,0.3059360730593608,216.02874513456396,1.0
11.272402,62,258.01203,0.2863940237208192,0.04251574023933297,0.09887099762946255,0.2550156247285142,-0.03081432406570162,-0.04877757869369893,0.3239247311827957,228.46553760748654,1.0
6.096312,67,258.200209,0.30706329617649586,0.07596303486253321,0.1495607746749419,0.22790234190063674,0.026441773893064638,-0.06704050387667924,0.3146766169154229,227.6935254676012,1.0
9.763555,68,258.368743,0.2944847296203829,0.05266685707264768,0.13255164886855417,0.2457587192408208,-0.03963474596995696,-0.036075479191341984,0.33946078431372545,213.52121743087233,1.0
11.099208,68,258.534057,0.30780153792965154,0.02961304267132279,0.07949374297710823,0.22988242960464267,0.005603815648735731,-0.05009886395174157,0.30759803921568635,217.5752678460161,1.0
8.065363,71,258.704693,0.3050963630990777,0.03615604289578785,0.17442725923176408,0.2316923917732315,-0.007996305472540844,-0.10156431922853096,0.3192488262910799,224.03591221357,1.0
4.579815,67,258.901346,0.3117520699190515,0.08467699510583056,0.17506891721494514,0.2163783502289641,-0.07047478898289063,-0.12650021158134991,0.3283582089552239,239.30395457511182,1.0
10.956843,71,259.073185,0.3056950802687678,0.029077168635611543,0.10554450717676535,0.2309209685289029,0.004060279980579492,-0.06485164310075867,0.3145539906103286,217.50854057346308,1.0
9.384709,68,259.239527,0.2966973710948584,0.05023241120082071,0.12122982667726852,0.24034647320947122,0.022654310197505342,-0.038659552486054946,0.3124999999999999,215.36399796966347,1.0
8.997173,65,259.400412,0.285552955883833,0.0511674204042497,0.1607957617668388,0.25711497568624947,0.006246801561297189,-0.0988698154275128,0.30769230769230776,230.28212297831254,1.0
11.288675,66,259.582969,0.2903219622580208,0.035656978777429356,0.10049089952328445,0.2498377039541769,0.005063519333237432,-0.03958529482243437,0.30681818181818177,219.58979145768652,1.0
10.882049,57,259.720807,0.2700114431084173,0.029046212259184568,0.09216958693524481,0.28206381664137875,-0.0037402658168266285,-0.03063283245991544,0.30116959064327475,223.9675797046161,1.0
11.431972,68,259.884788,0.29872883349967516,0.039827474033761405,0.10536057115230806,0.24178445297069676,-0.031164546739667835,-0.04511700586621423,0.31862745098039225,215.51710155976104,1.0
10.990683,65,260.045243,0.2958089836483648,0.03382639505548186,0.08078075504266864,0.24176417684729873,0.004897356170874034,0.00043033573460112527,0.3038461538461539,212.29965483325304,1.0
10.214916,59,260.216664,0.28532257297751207,0.022778423321711927,0.08426180774474575,0.2573219561355231,0.002375038147747506,-0.03469459503472248,0.28954802259887,211.32123095602051,1.0
11.408017,89,260.43386,0.3468754395071569,0.021442706534448963,0.0898654529619412,0.18557618386253283,-0.008491134420811203,-0.034978348446028554,0.31367041198501877,217.15970398936796,1.0
11.590261,77,260.613405,0.32101002163324366,0.028824799370619013,0.06999001877658173,0.21584422192460948,0.004281819092332316,-0.023210082702518803,0.316017316017316,218.94121296535369,1.0
10.935017,65,260.778773,0.295597652197296,0.04547344188349875,0.1104900585519489,0.2460484359517101,-0.03918528232038175,-0.0377812606866971,0.31153846153846143,233.51760747547723,1.0
6.666865,78,260.96268,0.3335456705257324,0.08771666152374676,0.12355854576075355,0.19711908045107565,-0.067975076778487,-0.08576754028868663,0.30448717948717957,234.1296977486577,1.0
10.425942,60,261.10232,0.2750335714803207,0.049094574943355784,0.1301271845316341,0.27510667584139353,-0.036041685378488314,-0.032548789308227875,0.3097222222222222,220.76758790224383,1.0
5.568054,61,261.246697,0.2893764649523598,0.07192251062250904,0.20902578716724893,0.2546953184306167,-0.06356254258959858,-0.1469688690225974,0.3073770491803279,245.31929033146557,1.0
9.788931,117,261.542657,0.3849591345785938,0.024410228818110523,0.0844716399446405,0.14273124854365932,-0.017929284841942155,-0.03847766668540718,0.29059829059829045,213.75976958918395,1.0
11.092888,63,261.686877,0.2838460657354243,0.023779840295838774,0.12605882479902403,0.26179161795457234,-0.011169103037541763,-0.07455007225694825,0.2764550264550264,222.49512492368905,1.0
10.187219,63,261.835361,0.28557349649326935,0.04685013725876369,0.15023683899326398,0.2662999432544417,-0.04268208415723517,-0.07802721822662928,0.26851851851851855,223.7774327243848,1.0
10.577609,73,262.030106,0.30720488528660583,0.0439631618054456,0.13551880153223247,0.23475978034390327,-0.013306351985705766,-0.08089007407845557,0.28082191780821925,238.0385232613991,1.0
10.571287,67,262.193438,0.2930100012139822,0.025554592572998025,0.097323006775096,0.24800603462086504,-0.019877095545390536,-0.039464320874049844,0.26368159203980107,221.86026332566675,1.0
7.691153,61,262.353633,0.28366824349860764,0.055871044344736775,0.1815172814532278,0.2596431622152813,-0.048632445886881384,-0.10455914615404986,0.30601092896174864,233.76524232965542,1.0
11.642507,63,262.503992,0.2842779927076267,0.01874138309743492,0.07674601125964697,0.2623297425676502,-0.0013992627937793707,-0.02562203962200898,0.2698412698412699,219.25533927190563,1.0
12.958987,65,263.165425,0.2859564608872033,0.015026773869096035,0.07610018045925626,0.2629816294211539,-0.00809095915040899,-0.03297592308525754,0.2743589743589744,218.69552672404387,1.0
11.151421,76,263.354753,0.31599308983674834,0.028490561247037246,0.10191886675342829,0.2222527309197352,-0.0019989161277160074,-0.05837299008640333,0.2960526315789474,228.77166768081307,1.0
12.115102,74,263.536839,0.31214722829398667,0.025048217690952355,0.07609479315225691,0.22802969731892533,0.0014894625931074566,-0.02380459849687656,0.26463963963963966,211.84214374653615,1.0
12.533509,61,263.684502,0.2745902396451455,0.038274974603706366,0.08720576597805163,0.27534267637340815,-0.020372843845856366,-0.030283410642612564,0.24316939890710385,229.99403575481819,1.0
11.962676,63,263.863681,0.2804623888843672,0.029290116953092225,0.09285017298816323,0.2671260963557565,-0.005619149941134143,-0.04492064817210883,0.2857142857142857,222.47976482338444,1.0
10.58974,73,264.035599,0.3109217427229135,0.04000861841632023,0.10820486979582426,0.2267764297209631,0.016243488162277057,-0.027992715937643235,0.2796803652968036,212.6900946009052,1.0
8.136583,63,264.194372,0.2967262233830049,0.05576551934354419,0.17292007437171272,0.23930749984126656,-0.04905330896867263,-0.10863667873785164,0.28703703703703703,234.96345858908504,1.0
11.225332,73,264.39208,0.30584985821835226,0.033593383127407166,0.09205459070529047,0.23306586287135236,-0.026428091014240943,-0.026460086772742347,0.2842465753424658,215.96436585274753,1.0
8.652555,78,264.587283,0.32318621156232735,0.061587999683433044,0.11704841014543348,0.21081448924971516,0.018202222703692837,-0.01765930893312856,0.25320512820512814,221.27333555425847,1.0
10.683865,72,264.763331,0.3145641196360165,0.03359905045678205,0.11825978106940362,0.2163087380797103,-0.027097659421568405,-0.05900882918046454,0.29629629629629617,217.1541952025587,1.0
11.31344,60,264.909137,0.27621856403390066,0.02527081081499671,0.08160543120051342,0.2720092485643405,0.0016880610029786625,-9.191901492457549e-05,0.2652777777777778,220.41021998230087,1.0
11.51544,66,265.087492,0.287865426045359,0.018890613234639076,0.12730000545166484,0.25626635418061294,-0.008686289787385223,-0.06488698018698091,0.2878787878787879,211.66409805668508,1.0
10.987613,61,265.24252,0.2733630708172204,0.02239398442855774,0.08369781602743497,0.28321020734926183,0.0019343339434781022,-0.00980084210775125,0.2759562841530055,225.87380382583993,1.0
11.135481,65,265.405549,0.290930607808536,0.033932955505428256,0.08758518174033687,0.24981376514612372,0.017954172040549415,-0.028161293790481545,0.27820512820512816,213.6967616353353,1.0
11.843799,65,265.566232,0.2872768344811647,0.03245569084783015,0.09883934239603945,0.2557652588703449,0.0096363357610699,-0.036673902505588975,0.2807692307692308,215.95812782544542,1.0
9.018107,73,265.769183,0.3097473782644221,0.05363000751881408,0.15490466776306494,0.22692145562104643,-0.04564471490805526,-0.0944605595246599,0.32305936073059355,238.5366379449258,1.0
12.372799,62,265.920967,0.2809325909229447,0.035493569748437065,0.07301415632504978,0.27125160532769826,0.006861825002377732,-0.01083613105712846,0.31317204301075274,222.45463050394093,1.0
9.75886,58,266.069829,0.2768454884463463,0.045180537258458886,0.10182100762182643,0.2752527727227664,0.016541217573578616,-0.05553377598099483,0.2873563218390805,223.4803822976624,1.0
12.107783,63,266.221455,0.2831876214741677,0.021482125841604915,0.08189886352861607,0.261266384692617,-0.00698487288895879,-0.03691523658920416,0.30820105820105814,222.6262759644394,1.0
10.950251,71,266.440483,0.3026470984160006,0.031954270437260686,0.07579905134532827,0.23504897964150448,0.020362961478965352,0.009971552495881593,0.30164319248826293,216.9431760611291,1.0
10.948799,59,266.595024,0.2734277477116641,0.02917206457566539,0.13056697780692159,0.2754980573810026,-0.012937220601445362,-0.07512070938235363,0.34604519774011305,224.59620318100738,1.0
10.543827,76,266.778025,0.3180373796789523,0.02457811440905094,0.11906567994708314,0.2156753731997795,-0.018499099532029106,-0.0622018519298684,0.300438596491228,221.6665490587987,1.0
12.667448,62,266.929819,0.28028553086665914,0.016825812284084484,0.09950665092322859,0.2706617350793856,-0.008712052650338857,-0.03509295037813432,0.2983870967741936,215.37626398866541,1.0
11.839968,68,267.129721,0.2969524700053151,0.02612009524435489,0.09113465122942517,0.24458848839958403,-0.003534542579603645,-0.03152587615888707,0.2892156862745098,216.13123753343402,1.0
11.666873,75,267.314397,0.31424440016064803,0.029119755658793007,0.08419022879535878,0.2221902134438947,0.011390812410094214,0.0033066557124284777,0.3088888888888889,214.11821082432544,1.0
9.425893,80,267.508103,0.32486076084852905,0.04726469247288856,0.08643483516214781,0.20853711296071883,0.017450390862159486,-0.0028962684747186806,0.31562500000000004,215.02551691866975,1.0
11.187943,78,267.71339,0.3218709843478112,0.03318178540173588,0.09453939640284768,0.21166144781580817,-0.0012550320023805564,-0.04478457343001569,0.3322649572649572,220.81654370905048,1.0
11.884339,69,267.879536,0.2973054716530705,0.03463582182542938,0.09138446691803759,0.2440116235336342,-0.0012855124387156976,-0.04890787112714102,0.33574879227053145,222.7317827547045,1.0
11.559224,72,268.050838,0.301889749273692,0.032152404080719676,0.1239070559015501,0.23293455462136015,-0.009154259675784253,-0.03547247198010509,0.306712962962963,222.64141204799705,1.0
12.164825,66,268.209575,0.28566252852891,0.030282720249831623,0.070913629288013,0.2595278854002717,-0.026526615928630048,-0.022363437764124125,0.3345959595959596,222.85154723566853,1.0
11.428686,73,268.506395,0.30809731288292214,0.018890237916293542,0.07181328299158542,0.22433538072655307,-0.002995087017871812,-0.0007167885308812521,0.3253424657534247,208.9498997425068,1.0
11.39365,82,268.731919,0.3307079093633673,0.021019486823049514,0.08547032124662889,0.20455657339299171,-0.010425214625093576,-0.048319331634983566,0.33943089430894313,216.41251974165166,1.0
11.185727,80,268.927755,0.32851932411968454,0.027256596284262666,0.09790515143038905,0.2062816389487377,0.0020464427022451486,-0.03559900455999294,0.33854166666666663,217.44588280715485,1.0
7.179856,96,269.174501,0.3588277421304321,0.037949859079843655,0.07411745139414963,0.17342935371569826,0.02547440519846975,0.003444080485212709,0.328125,209.44473326532326,1.0
10.70916,59,269.320487,0.27968162282920556,0.018803998459196922,0.0733159677664078,0.26736852299966385,-0.0005877711763269635,0.02323092886208217,0.33474576271186446,218.67401126317054,1.0
10.760516,62,269.478599,0.28860611324998947,0.03022747541586791,0.093256163235272,0.24810376504066758,0.0022716826932762694,-0.013001579965500998,0.33198924731182794,211.33796435145942,1.0
11.241169,61,269.630127,0.28055669195840993,0.030597864986731546,0.08725196175245914,0.2607654922591948,0.009887571537626016,-0.02913703857914162,0.32923497267759566,216.62312647857564,1.0
11.798106,68,269.809853,0.3010791127003852,0.02902281073682485,0.0840365618460936,0.23286924362899675,0.009876209185986987,-0.022823507082467536,0.346813725490196,213.50455313162854,1.0
10.373728,59,269.942776,0.27865260677783044,0.06407857821711052,0.10958113138495933,0.2651583635618865,-0.053059528693450195,-0.06093891328843408,0.3672316384180792,230.05455139760414,1.0
8.789036,68,270.098574,0.30122657637923794,0.037678799206550095,0.10168471798722868,0.23907477433065902,0.02397971459268693,0.028666710455720525,0.32352941176470595,218.6081544580252,1.0
12.517846,62,270.244676,0.2794558918887468,0.02725602376632705,0.08186677219310566,0.2690252619054436,-0.020549849254924347,-0.0011920922136623366,0.3696236559139785,217.958158725412,1.0
11.855176,63,270.422662,0.28816000793104574,0.021332587736174326,0.06525667966950646,0.25131610441253444,-0.003987553859189197,-0.004604276420434752,0.3386243386243386,214.44506935084357,1.0
10.414754,67,270.588367,0.2956655096498637,0.034422493152353635,0.0682339296281754,0.2389320723788995,0.016358384518221022,0.015866755114927977,0.35074626865671643,211.09978005343044,1.0
12.172488,67,270.753768,0.3029758587322798,0.01238535501959919,0.07273090793176916,0.23141646450932368,-0.0003356743826647998,-0.0008514141486232146,0.35074626865671643,209.79463278513987,1.0
12.183413,63,270.913612,0.2888151874965495,0.026662945785008132,0.11209800379345375,0.25613556147363226,-0.01836032584669746,-0.07897104694920833,0.3333333333333332,221.49925433737505,1.0
12.098307,65,271.093981,0.2971103320265681,0.029468477583060967,0.07124337776919167,0.23995107083348916,-0.025527178594799936,-0.00067226156624379,0.3628205128205129,221.9635836564205,1.0
11.266705,63,271.240161,0.2820048624022669,0.037603360323151265,0.06419433665208153,0.2576043882395728,0.013501246870914398,0.010200534908050849,0.35185185185185186,213.9796438236865,1.0
10.941063,83,271.440381,0.33780273427510576,0.03266366812255342,0.0871287667417928,0.19268803681532876,-0.023879488728954765,-0.04597958980808933,0.356425702811245,210.00817733436656,1.0
11.20354,57,271.577436,0.2787728750178701,0.03631029218450248,0.08672493515716002,0.26800223419435865,-0.0018940179447238918,-0.01784512051868736,0.3625730994152048,218.47766123399725,1.0
12.42546,66,271.761106,0.2917419040142624,0.026583313677467,0.0756365241716154,0.24791000465824506,-0.004852508280045711,0.005546464070599657,0.35227272727272735,217.3812149315458,1.0
11.174381,63,271.912561,0.28534808121578986,0.03147404875598709,0.08106490128273598,0.253573251003746,0.012789788682552207,-0.0014772809348645981,0.36640211640211634,212.41124738105108,1.0
12.705767,75,272.091396,0.31886804050926454,0.030989983814568488,0.07177573051885446,0.21235206311990107,-0.022411453888704233,-0.026814823123700992,0.3655555555555556,219.48570129246514,1.0
11.880455,80,272.314345,0.3288755367295902,0.019542506285526996,0.09676086684847482,0.2026203749593532,-0.006389101154579973,-0.04417440245473146,0.38125,220.20994699866293,1.0
11.549404,56,272.449022,0.2693253536881122,0.03326468889022609,0.09573649785067356,0.2883122688067458,-0.02716629433350063,-0.027854056225450095,0.37648809523809523,229.15827402793707,1.0
10.399812,60,272.592807,0.28029805362923416,0.031506682908249206,0.10464851943460873,0.26281450563579584,0.014333514120142337,0.04310524031811654,0.32916666666666666,216.30132677610203,1.0
11.677689,63,272.749396,0.28689427027504977,0.023303497937790227,0.10046447328233025,0.2508176961061983,-0.01456859392448032,0.00010331481170287761,0.3677248677248677,216.79990675902053,1.0
10.864753,66,272.913079,0.2933282397665833,0.02463412759077238,0.09050359798788482,0.24478185597911792,0.009904419047905415,0.027798582988580296,0.35227272727272724,216.429491876432,1.0
12.272882,65,273.122823,0.2946064791079833,0.04061269420140382,0.0944220509343375,0.24664570066795313,-0.03496644325621526,-0.042936210604458756,0.3538461538461539,226.84357574493387,1.0
11.70954,59,273.269671,0.27785932963242754,0.03399391597879892,0.0797507019324305,0.2658357606064796,-0.02635581841855049,-0.01948330899290702,0.344632768361582,216.79842650891055,1.0
8.2595,123,273.576977,0.390715374616996,0.014891005228569955,0.05522630424591617,0.13825037098896736,0.0012444835546038403,-0.0017116783103290954,0.3780487804878049,201.96091202231906,1.0
11.027717,76,273.818724,0.32348105258520804,0.02933345461058301,0.06732765750512681,0.21131593394797124,0.011551377328449266,-0.015486462361215514,0.3673245614035088,208.59520330572923,1.0
11.828102,70,273.986335,0.30805795814202896,0.0442145681286083,0.10519272827658553,0.22765328381374458,-0.036952665081365674,-0.05027617578865447,0.3976190476190475,226.12435362857576,1.0
10.34035,72,274.153788,0.31657804722018706,0.025794854297655174,0.08388150393814338,0.21419008827358033,0.004166951196860254,-0.0148723010090208,0.34143518518518523,206.78059283905137,1.0
9.484042,60,274.319241,0.27977996233729935,0.05364283436864795,0.10685850793683951,0.25936740681007603,0.016903029017610035,-0.012610465172048169,0.3458333333333334,221.76305212674623,1.0
11.349803,61,274.48143,0.2821977844493534,0.030613859379183154,0.08398354688860891,0.26284631940620634,0.008341057100364929,-0.0010091519028517743,0.34562841530054655,210.9519314311478,1.0
-1.761709,162,274.886436,0.4176916410631226,0.01711945094629014,0.06873618104598693,0.10567956014399472,0.002899615753253107,0.018318377544835732,0.3487654320987654,207.36057064630987,1.0
12.732631,71,275.090049,0.3057456802028196,0.026744212954084162,0.08938307469298891,0.23074016520409746,-0.01792282464538057,-0.036855655242597436,0.3826291079812207,214.8166170962319,1.0
12.430211,63,275.245628,0.27855817284558665,0.030244026645254062,0.07490353867577396,0.26496251172210744,-0.017969228259260818,-0.03697384780581611,0.34788359788359785,227.08312743335594,1.0
8.814744,89,275.476334,0.3538982283017375,0.058517420597973276,0.09284152627127328,0.17267506340422567,-0.048820144191132536,-0.0343453426980239,0.3642322097378278,215.40127777262376,1.0
8.931999,61,275.653678,0.28712848294605403,0.08209714625395181,0.11885843473227106,0.2542461073258168,-0.06607597060202278,-0.06221937803521167,0.3524590163934426,229.943337105749,1.0
12.706832,70,275.819533,0.2975319376130988,0.023693693229104463,0.07458778430098749,0.24264568059081054,-0.013802192047651124,-0.03223203889246973,0.35595238095238085,219.88108362234794,1.0
11.815438,63,275.975527,0.28548666787909127,0.03359170916478834,0.10311096817387096,0.2556049497362369,0.012338382299770908,-0.04228161078367974,0.34788359788359785,215.06189991701154,1.0
11.04938,69,276.140086,0.3034565473239003,0.02053470001716785,0.0643891927158042,0.23562500081976756,0.007791709665077705,0.009388237822123311,0.3309178743961352,218.66185580651714,1.0
11.853548,69,276.33713,0.30373131189611174,0.017996167414755678,0.07214112358243331,0.237206669805938,-0.007381622537513565,-0.0073750918085204765,0.33695652173913054,209.35365524095332,1.0
12.048064,57,276.484482,0.2730922086236739,0.03439912434486848,0.09310396000678255,0.28395344438392184,-0.02667134656956212,-0.028416323929023678,0.3391812865497076,221.69817077064093,1.0
8.413448,61,276.633064,0.28703601406535784,0.03363605136886664,0.18077077675058972,0.25640010161055765,-0.026649202984558765,-0.12542450325498755,0.3497267759562842,235.72411079561851,1.0
12.041691,70,276.806331,0.30515634018663507,0.02104467001415497,0.06456357285558799,0.23325040985215567,0.009480350606252436,-0.017061989041909736,0.36071428571428577,210.0897415584079,1.0
12.283922,68,276.999562,0.2985575229079971,0.02260425291506361,0.07988012254269637,0.2383894894494965,-0.009598525995177116,-0.02167171087718869,0.3443627450980392,214.07258711279366,1.0
11.435721,70,277.170547,0.30001984904896306,0.02454142786821109,0.11560784631946144,0.24191586362139372,-0.0066168184119953285,-0.05395483939350352,0.3809523809523808,225.72333477743905,1.0
11.247092,60,277.326497,0.27514596724646256,0.04506089574045409,0.09980751367872348,0.27811684840688405,0.0010532227980761526,-0.028766233975042684,0.33333333333333326,230.5874676964304,1.0
12.267587,65,277.48527,0.29000390551469296,0.023598433116775563,0.07434794406666248,0.25572813525978405,0.00452934994949399,-0.015944770107389445,0.3346153846153846,218.55509799815513,1.0
11.563928,73,277.704115,0.31410920883169285,0.013290292420993312,0.0642705998477871,0.21991866483598543,0.002744574852479373,-0.0015844487411991065,0.32990867579908684,214.96634794321056,1.0
13.026484,71,277.880193,0.3083821267389856,0.020745603504296946,0.09070133482272681,0.23488407690990123,-0.014284438161679942,-0.03540491073431661,0.35563380281690143,219.54091467435535,1.0
11.484595,58,278.019782,0.2806237361817644,0.04001481605716927,0.10591892907966438,0.2768747704555081,-0.032609806840218435,-0.04368266985729068,0.34913793103448276,236.19587031985895,1.0
11.577452,63,278.166163,0.2884423782066672,0.0294509481942577,0.08747242348114696,0.25579830817844135,0.0034364643606484605,-0.02916551873942556,0.35978835978836,227.88256213901963,1.0
11.217677,74,278.36611,0.3150522395739749,0.04200069625970631,0.11668769170342932,0.21847442574371725,-0.037442865289178964,-0.056711954529953736,0.3783783783783782,232.05082150122462,1.0
11.776444,59,278.510187,0.2773797690319912,0.027100503720928776,0.08746349376193521,0.27260248280669197,-0.006889888461396436,0.013064055006331121,0.3615819209039549,216.36269009121665,1.0
12.027847,88,278.728175,0.34262720296226495,0.028755010278516503,0.0870884206907825,0.19134185427535677,-0.020528448597680837,-0.043587674806018835,0.3617424242424243,220.24396680770357,1.0
12.771233,69,278.933497,0.2991076757576462,0.022214549396665263,0.06838402346279862,0.24134841130676868,-6.0864896685218675e-06,0.007808810118135919,0.34420289855072467,215.19443425247326,1.0
12.192919,70,279.110792,0.30764483792413927,0.024057880040224484,0.07242123654315749,0.23399269137181378,-0.017418614085917127,-0.019181332838262163,0.32619047619047625,219.20221072099832,1.0
12.032585,81,279.307203,0.3327482518879264,0.021541765350136258,0.07625416978211778,0.20222145889340026,-0.008752718811968959,-0.02093713310399622,0.3641975308641976,216.26195548761623,1.0
10.937715,68,279.48377,0.2969354589145844,0.02544723814682314,0.13058682146219708,0.24040104030861484,-0.005170466975695638,-0.04676195128897263,0.35171568627450983,218.41435136064555,1.0
9.264657,69,279.690875,0.30678419042119043,0.06190762925152088,0.14792822010241713,0.22936757312341347,-0.050935234183902514,-0.07625001913969703,0.35507246376811585,230.61925873768823,1.0
11.47868,56,279.827744,0.2725603761723766,0.03689504609681936,0.11744568093769309,0.27623249734878347,-0.015801175813740586,-0.0543973503580659,0.3303571428571428,226.9233914951905,1.0
11.965609,71,279.997082,0.3084408777401086,0.02624235807744123,0.10437041519677667,0.23004376350169795,-0.019402275980175698,-0.07031161982515975,0.3744131455399062,215.71732591217514,1.0
11.929603,66,280.164433,0.2960455609036926,0.032333439748094224,0.06873767900186914,0.24440773510445435,-0.002743068786780788,-0.0246852317141483,0.35858585858585856,219.25809987534072,1.0
11.621932,69,280.355624,0.30454708494492816,0.025776341662151786,0.06561298214952398,0.23444436357906287,0.004137497408486785,0.019601828035229297,0.36835748792270534,214.67089617895002,1.0
11.04608,68,280.524128,0.3059414857300862,0.031645208613607985,0.12461310757667074,0.23379412931977867,-0.021352828397938253,-0.02648886029163031,0.3737745098039216,236.13904888512158,1.0
12.26609,70,280.691609,0.30651123323445184,0.03472947497888821,0.09550300693808526,0.2321454592904589,-0.02955839734620758,-0.036353719235205494,0.3404761904761905,225.08139978550585,1.0
12.255346,68,280.855726,0.3027479437840736,0.019454547381463433,0.0952990116634151,0.23624856656871132,-0.009656646425912515,-0.039939160557289057,0.36274509803921573,218.34305502703316,1.0
11.186306,78,281.066489,0.33194080517831337,0.038051784365658835,0.08689305924190291,0.1967456138532885,-0.0008944390447910349,-0.022027232109834205,0.35790598290598274,223.65130415413017,1.0
11.990004,70,281.22943,0.30739457262721825,0.03228294306012314,0.09475411093122538,0.22986090644626556,-0.023876817676888436,-0.04166304807232337,0.37738095238095243,224.81718101495872,1.0
9.271603,79,281.409159,0.33107173883001806,0.04300541916612925,0.08565615799129309,0.19979490354938415,0.0272693062920784,-0.01251606384147116,0.36814345991561176,209.4450590216405,1.0
12.181403,64,281.580103,0.29742865579888406,0.015911773531689842,0.06323264659150966,0.23659126810107062,-0.0009352865379453894,-0.02879385471329269,0.33984374999999994,208.7539869898184,1.0
7.375039,78,281.76683,0.3306800849392259,0.05133304789153528,0.14428397656295486,0.20168353940500028,0.020130496946079997,-0.027675960675305724,0.34829059829059833,222.8418511914737,1.0
12.518455,71,281.9299,0.3078199531450548,0.027696645567075746,0.08300319407197189,0.23035425215558106,-0.013479655280890785,-0.026536705997998702,0.3732394366197184,220.5448062606358,1.0
6.259754,86,282.149698,0.3565799469358006,0.0883248646119697,0.10192311927192031,0.16610916738011144,-0.0644745623503319,-0.0591696405166284,0.3730620155038759,232.38596177917853,1.0
11.41138,84,282.350881,0.3436502499686993,0.02083616075290933,0.08038984654219024,0.18976140787521803,-0.014993394073845402,-0.015070328573771061,0.3551587301587301,213.94877189748587,1.0
12.479492,76,282.534615,0.3246085535098321,0.033564464727711144,0.08175120978886417,0.2094295489281527,-0.02425763485132082,-0.04910518480593576,0.3519736842105263,215.47777873121694,1.0
11.457943,70,282.711593,0.31339150963029655,0.038962534523453815,0.08707314139332652,0.22149108331748033,-0.029592804277379234,-0.02254102166503799,0.3714285714285715,211.82923643748163,1.0
12.330614,67,282.888757,0.30119086671587353,0.034870766491571066,0.10728533480073807,0.23521471173171604,-0.029396922800576486,-0.03338046333310692,0.38557213930348255,229.98367482866541,1.0
13.695189,66,283.048043,0.2938548779001752,0.014887524663225227,0.05564004702078856,0.24429950211788934,-0.010356313950165057,-0.018526539164137924,0.3636363636363637,211.86950400668474,1.0
13.209964,65,283.19888,0.2878507168027164,0.026800458908386164,0.05309585002826496,0.25497570826802707,-0.014899105206626151,-0.006329807630449749,0.3602564102564102,222.7524692153539,1.0
10.361707,74,283.371515,0.32748740015334077,0.042734812188660876,0.11307257137102066,0.20084904415146043,-0.03694635734213788,-0.06481082210707265,0.36599099099099097,223.4359581632325,1.0
9.88331,70,283.578134,0.306111841054991,0.05273475695267887,0.07849025787124339,0.23094714696286495,0.02423213516019592,0.0283241019558331,0.3464285714285715,219.22871711759987,1.0
12.256958,74,283.759304,0.31822906054822087,0.016150841136378147,0.09017736000593983,0.21361539088932333,-0.004368564886451206,-0.03162726398482287,0.3637387387387387,208.72283699642216,1.0
9.735751,95,283.988913,0.3641843338137598,0.05850792272108388,0.07340750722337715,0.16379425573308334,-0.04512431700934154,-0.02619927135892114,0.3526315789473686,223.83993087205187,1.0
12.634164,67,284.178188,0.2994869039045408,0.018150916000586707,0.07678875100517432,0.2389671822943861,0.004828431046663032,-0.01889680042090597,0.3519900497512438,211.2748634662925,1.0
12.950454,67,284.346568,0.2945560350756752,0.0219226626090281,0.0648415304776753,0.2485705699251795,0.004487480874105612,0.006289891713213606,0.36442786069651745,219.82662496095972,1.0
9.646511,72,284.53429,0.31533191536071087,0.0498316070421751,0.13665208793176203,0.22239446270931873,-0.0016358760526131832,-0.06461356426003023,0.3680555555555556,235.5781990648121,1.0
12.129968,79,284.747501,0.33131540268767173,0.018569229110755068,0.07318559619917872,0.20056014987786114,-0.007046715175532282,-0.02437867979495469,0.37974683544303806,215.86737779931474,1.0
12.096674,79,284.943462,0.3271774596354792,0.01156589671949741,0.05727191314794978,0.2053989991541065,-0.0001339084881105099,0.02159628342351368,0.3575949367088608,208.7030394338946,1.0
9.929138,76,285.125532,0.3239937721755948,0.03504761318737442,0.10123892817654602,0.20788883222167817,0.008407566863857545,-0.003077229070506965,0.35855263157894735,216.53549224290796,1.0
7.410803,111,285.41835,0.3808958469911953,0.03570325788718058,0.0910977678659687,0.14790106882729626,0.013506586773618889,-0.0022449289989128307,0.3753753753753755,217.04610521584257,1.0
11.806136,77,285.614187,0.31938909581228064,0.033812787223470336,0.11758204580962127,0.21604635329787608,-0.027975978481566424,-0.05295836710098614,0.38311688311688313,225.75273868546853,1.0
10.476342,63,285.772748,0.28948040564273847,0.027330729319414195,0.14355570346440238,0.2505589887730957,-0.007659850478626818,-0.08825262952262858,0.36904761904761924,233.23158505312048,1.0
11.767735,73,285.953432,0.310253173936765,0.01853982705609479,0.08050246337522814,0.22777776902187347,0.005195775098643492,-0.008551109901626865,0.35844748858447484,216.66806784962174,1.0
11.216347,68,286.150512,0.3029414789654735,0.040318052997313676,0.09516034657270941,0.2338251773531936,0.018550017696983213,-0.014556514286804507,0.349264705882353,214.9559320840763,1.0
9.835564,63,286.313905,0.2899009643627562,0.037175336678370745,0.1493223076139939,0.24539487174750133,-0.0052875567317523745,-0.07735338271464458,0.376984126984127,225.7295647474376,1.0
9.46549,67,286.483125,0.30049209127947674,0.05401177498615162,0.10915574393492306,0.23781069301568397,0.029040870941805828,-0.017251506672883783,0.3383084577114428,219.15400844911443,1.0
11.633139,64,286.639421,0.2916946014217912,0.029454294992740947,0.08135603603635953,0.24959051563103007,0.010941992934898209,-0.0017643296423555405,0.36328125,216.75828974160257,1.0
11.908701,59,286.802651,0.28625441759590486,0.024947280063931775,0.07128463410099502,0.2642102015071635,-0.013364966049011655,-0.01136040814867788,0.3276836158192091,216.91602042512508,1.0
12.743718,69,286.963704,0.30722963432426115,0.014615701204574257,0.0797017288111041,0.23183056800976326,-0.00473689221594463,-0.03295473290444646,0.35386473429951687,210.8701443341454,1.0
10.720606,82,287.15999,0.3387209201103166,0.03717307282868533,0.09556549968769713,0.19351205194705554,0.008466001186886183,-0.024490562131782655,0.3912601626016259,214.9612997404449,1.0
11.771611,69,287.362596,0.3064269988202477,0.027034016586614817,0.12482379306789804,0.23206067748655734,-0.01770442046819982,-0.046875301807780614,0.39251207729468596,221.4868666672938,1.0
11.403843,75,287.560261,0.3203257160745266,0.04234234870453196,0.09327912288239293,0.2204055866768683,-0.03579865061036315,-0.005174990504080457,0.3966666666666668,231.30885621507056,1.0
10.625766,68,287.736339,0.30123355692233456,0.03301797348591561,0.13905421360521747,0.23505031953901168,-0.01730693874121428,-0.05602550486063453,0.3860294117647059,225.46910746269145,1.0
11.794557,66,287.907992,0.29206726550158957,0.02619216794833107,0.1227436168195992,0.25404925188765193,-0.010119905248146701,-0.06139259224328085,0.36489898989899,229.4411567267598,1.0
12.950465,71,288.102662,0.307988749185052,0.02339215672843551,0.0639410598489999,0.22831597384964292,-0.011725354966896143,-0.005196651597645552,0.36971830985915494,217.13978310311217,1.0
12.36243,58,288.243484,0.27630705294283026,0.029341766000012388,0.06039777292870303,0.2713467359434432,-0.0194051756063502,-0.010027362659980468,0.35775862068965514,216.49445972619426,1.0
11.425042,64,288.399123,0.29488391142552967,0.03588417016882028,0.07469437163258998,0.24138689500828997,0.005073546893545795,0.02153252783128232,0.3776041666666667,215.56864311910655,1.0
12.111861,72,288.575122,0.30812465586484017,0.027002730514690848,0.06308602343470882,0.23010369260881092,0.012610014200044064,0.020351507429310703,0.37037037037037046,221.6650032565115,1.0
11.98874,58,288.731652,0.27489420719541197,0.02264098456090847,0.11032448115332663,0.2743785418081943,0.0005513634753645685,-0.04705677254405459,0.3606321839080459,225.762126636289,1.0
11.679605,60,288.876031,0.28261748428283406,0.050689406146860204,0.08446252423054751,0.2606361547726625,-0.04352483999986145,-0.02092582189428376,0.3944444444444443,229.4427530363169,1.0
10.955758,83,289.079442,0.34079904894928387,0.021547896878207858,0.08191338923001366,0.1912715093619174,-0.005032762680359791,-0.029055408534837204,0.4036144578313252,217.1235280704417,1.0
11.140133,63,289.232219,0.2975790950474028,0.053637598273194,0.0866850559671989,0.24596445463347022,-0.04751373702437435,-0.055643738926873285,0.38756613756613756,242.5317218108196,1.0
12.442334,69,289.415775,0.3121085804378917,0.013967395832636445,0.058427289852941364,0.21925431128787942,-0.0004570350521311854,0.016285234805113492,0.3852657004830918,210.75510923495708,1.0
13.815591,63,289.573209,0.2911580325325406,0.025072075538782528,0.06042142312475414,0.25261113703741195,-0.015771185065289038,-0.01970944065315863,0.3452380952380953,229.7799808092283,1.0
11.636524,60,289.738462,0.29019599966375126,0.03036592089313824,0.11014658524968003,0.2576854773511382,-0.022415944286810145,-0.06159643315281289,0.3861111111111111,230.75254574590332,1.0
12.842578,59,289.899503,0.28702394600482234,0.03348289279654259,0.06259276750739681,0.2594892053330564,-0.028313512166465386,-0.01359237574999009,0.384180790960452,226.27499242470415,1.0
10.941011,98,290.159817,0.370151336007798,0.04162191018371751,0.04659549034098812,0.15881831841549193,-0.03137713831254501,-0.0015730903242093825,0.4209183673469387,219.40106152094563,1.0
10.765628,83,290.369802,0.34299197054728314,0.02754919885750332,0.07620448027493634,0.19106434053932722,3.6280780884460404e-05,-0.009853219774965461,0.41566265060240964,221.61977176983547,1.0
10.803566,89,290.585986,0.35760860387720755,0.0455853090191381,0.06487649180548093,0.17352283888104475,-0.03774029438998149,-0.029344991779367908,0.4204119850187265,232.00235951666514,1.0
11.074703,59,290.749949,0.2853351927328231,0.03295338063048215,0.11697383695447273,0.26237117828207185,-0.019409798176490696,-0.043650192771684866,0.4223163841807909,240.20856689736803,1.0
11.847533,69,290.924176,0.3165926256928297,0.03634446498452662,0.06866878284842344,0.2172596252601267,-0.03046428309945726,-0.00641326302099227,0.40700483091787437,230.80824915525852,1.0
9.148287,82,291.130998,0.3454398994394521,0.03744216434481999,0.12137104836071394,0.18491343684975967,-0.013712794921251365,-0.031362896574048255,0.42378048780487804,236.11533535895822,1.0
11.016256,71,291.317021,0.31906596467006637,0.05573742613809604,0.06569710936208735,0.21534598422215,-0.04351347314854114,-0.027788774346855668,0.4014084507042254,220.60639478183583,1.0
11.484857,92,291.539187,0.36255354975497334,0.03108402243848606,0.04450037815378943,0.167769244744447,-0.022057334544184126,0.0019458885767264136,0.4275362318840578,215.3938321289152,1.0
10.069695,86,291.749683,0.35329584169294714,0.04834180922735572,0.09763709321106447,0.17501561338000804,-0.03904151554048146,-0.005070323767181719,0.41569767441860467,226.9967212933933,1.0
11.597365,69,291.918439,0.3148684386135154,0.043772930714957727,0.07717689370311906,0.21956015966449643,-0.03467479144083187,-0.032126062867034365,0.40338164251207725,230.1261476176322,1.0
11.287966,63,292.090787,0.29634196795876,0.019157655367392615,0.09206216632710419,0.2447319790544166,-0.01224975204855088,0.05653025457232951,0.39550264550264547,217.9836792338004,1.0
11.13376,67,292.25031,0.30156070400391316,0.030651205591027554,0.0988294096868373,0.23571004502701864,-0.019234109048443457,0.0365763489986474,0.4079601990049751,216.57214017989423,1.0
7.114354,91,292.477215,0.35819503699846217,0.016896010501932863,0.084063905993199,0.17464208092189373,0.011642422449771064,0.04423261251074835,0.42765567765567764,217.02546823014714,1.0
12.523113,61,292.654287,0.2904483050016781,0.021103320982782153,0.061185541712526756,0.25029318963711117,-0.014047638816666744,0.010061022587245123,0.41256830601092886,217.37007632863398,1.0
8.107844,71,292.83426,0.3300048062631258,0.08396214441594275,0.0832480911782704,0.19836477352888476,-0.06673659176925156,0.002642515053979149,0.4178403755868545,227.37607080345109,1.0
10.90712,59,292.977258,0.2875271096965508,0.054634749337276696,0.09910597078094026,0.25456277864089266,-0.044619298154345594,0.006987257534531801,0.4053672316384181,223.12764497113162,1.0
9.645033,60,293.124447,0.2859315581725558,0.06760650997155265,0.10546765031326623,0.2550952705785879,-0.049988771111493614,0.0520745052841523,0.4138888888888888,219.18598666202132,1.0
10.386281,107,293.406501,0.3786238090755309,0.0213968981394351,0.05028859445366019,0.15037292822007708,-0.006748113559824119,0.012069064356766735,0.427570093457944,207.60213029303674,1.0
9.8628,90,293.622437,0.36102441508797284,0.04600632369526649,0.06584286356962091,0.16799494076408808,-0.03402710917767284,0.0041660972891691675,0.41944444444444445,216.4218917138672,1.0
9.877507,95,293.860261,0.36143301416256673,0.024637993612154904,0.07907348199587315,0.16857492718754627,0.011490021124632314,0.015221268460174442,0.42894736842105263,213.95772111223803,1.0
10.558609,81,294.075349,0.345475901396054,0.041771430622344445,0.07749928946373921,0.18415528679089055,-0.035654264187543805,-0.015045823521324301,0.4351851851851852,235.3801089163038,1.0
12.084119,66,294.235463,0.30281727132987923,0.021866933720509577,0.07409165548546993,0.2327521959765065,-0.009736595340352096,0.031550954560601994,0.41792929292929293,225.5969386421699,1.0
11.953347,56,294.369009,0.27175884653014454,0.035131179469119485,0.07769605600459456,0.2809519967036037,-0.02663781694052317,0.045546487694826124,0.38839285714285704,223.03538819435542,1.0
13.209352,66,294.55388,0.2939914233479268,0.03579582195558447,0.06172374902682679,0.24540748836102105,-0.02681629463063339,0.021373736165047164,0.40530303030303033,218.94071165440565,1.0
11.700184,58,294.696593,0.2805959908962831,0.02789021147166343,0.08134223970147969,0.26622962073248063,-0.019027293268114052,-0.036781794081847015,0.4209770114942529,224.41431239049118,1.0
12.159863,69,294.862881,0.30746928121190303,0.030738005225198324,0.08760635410149725,0.2283487151162264,-0.023547784383580427,-0.04218202167368346,0.40096618357487923,223.07875385540686,1.0
11.996476,64,295.020725,0.28983845474054243,0.012057133049777773,0.08031284252204789,0.245618401925087,0.0021931361004670787,-0.0005735713513692854,0.4036458333333334,213.94181963292726,1.0
12.358193,57,295.165819,0.27604517012479174,0.020878221452805594,0.0830686423941063,0.27595786184671883,-0.0103081611265419,-0.035535019394821635,0.39327485380116955,220.83859178860385,1.0
11.186714,67,295.36091,0.30230366058268876,0.06699759751265222,0.08283944667676973,0.2338425983142575,-0.05901218542444686,-0.01001177810729066,0.4116915422885572,225.47183400359168,1.0
12.2291,64,295.52775,0.2937196961762441,0.03676442593664939,0.07732308530471572,0.2451165689706891,-0.0263793189417136,0.013493236231959567,0.3984375,214.57144379356234,1.0
11.956202,68,295.691905,0.2975174949459484,0.027636826407010113,0.06575725826649823,0.24030417240737315,-0.02056978597406984,0.01772080438003011,0.4276960784313726,222.13544343412843,1.0
9.048303,84,295.915316,0.33987959079235147,0.04004468406259287,0.12867359913742016,0.1937500906721843,0.004676747142950317,-0.026123099625585018,0.42857142857142866,221.22366637071212,1.0
6.70088,76,296.096788,0.33383293619333493,0.06959207135857884,0.1457081393386615,0.19756045126634697,-0.05951897911201283,-0.07366037650805364,0.42982456140350883,243.83409916802177,1.0
10.542512,78,296.283744,0.33124787040949927,0.057256703566663784,0.06813323292773629,0.2005725336933955,-0.04485662846977504,-0.01996147191124267,0.42628205128205127,221.82372540573044,1.0
12.567517,58,296.431595,0.27591920837867756,0.021669326221527205,0.07497301217827898,0.2814097935961502,-0.010211820333297176,-0.0003644731607179882,0.41235632183908044,229.44351413444681,1.0
10.706855,80,296.656296,0.3311837066872025,0.0549139044837395,0.08723704677482345,0.20150436441335554,-0.043916732166873466,-0.04017836033162047,0.4208333333333332,223.3555913179344,1.0
11.646045,66,296.817155,0.29089976455023314,0.04403722193427059,0.09406046321525104,0.25348774179711864,-0.0254216877635247,-0.011781352963568671,0.41666666666666663,213.48887443858806,1.0
12.321498,78,297.00708,0.32257335784321345,0.04381253838610871,0.07249480691864173,0.21360756235971465,-0.034273917736551474,-0.01603771559805329,0.4230769230769231,215.95928114492804,1.0
11.119251,63,297.181968,0.28985693220520603,0.06833378874672043,0.09631291111076001,0.2494698933068689,-0.049788327884893284,-0.040631725224419234,0.42592592592592604,216.72799561119527,1.0
11.354397,64,297.335974,0.28222933852011045,0.024702458389621772,0.0858141733096559,0.26404148471220457,-0.017600746995768204,-0.008426307108447023,0.39322916666666674,222.9561641114737,1.0
12.402904,61,297.490843,0.2894845002262627,0.04181181061420575,0.0797444942847517,0.25431784212955266,-0.034629269470032066,-0.02686193982560125,0.39754098360655754,225.21122408915278,1.0
10.960654,61,297.644436,0.27924101759810416,0.03682828834639791,0.09246279986252341,0.2697042863874542,0.011088502446917349,-0.02557348522606701,0.4030054644808744,227.57205883254684,1.0
10.233256,63,297.825942,0.2885888002309612,0.06334632215738341,0.09949500516092893,0.2561661501259481,-0.04970781303910393,-0.025596435745903555,0.41666666666666663,229.386000585137,1.0
11.807646,55,297.966253,0.2770005685123553,0.048405613540868773,0.05936081634946541,0.28779789737427997,-0.03510850931699636,0.008535881886034501,0.3712121212121212,215.9658343440422,1.0
14.084997,60,298.11227,0.280040036364446,0.013067540316953957,0.0659988742316276,0.2685803798955127,-0.008152450401764225,-0.004780994657056769,0.4000000000000001,215.28602766846552,1.0
11.820288,66,298.282678,0.28982754758124385,0.053601573020817306,0.09332348680679438,0.2546624900865086,-0.04546783723410138,-0.031083100285275025,0.41035353535353536,236.73328727045504,1.0
12.118401,64,298.508762,0.28793213878656515,0.03303362628874484,0.08647578156738955,0.25325283358568773,-0.027119784164275934,0.002894188087033002,0.4231770833333333,229.8891663235333,1.0
10.415935,58,298.734844,0.27710165955522703,0.03520446972519327,0.09102868634586425,0.2693644434784942,0.008219222165586636,0.0011955603130990966,0.39655172413793094,223.34167432622783,1.0
10.84778,68,298.895905,0.29516040451339404,0.036089673896919645,0.09959570036344281,0.24346766140342874,-0.023778277482517304,0.005221069558980915,0.4056372549019609,220.4025365728461,1.0
9.301915,64,299.043606,0.2890899247830354,0.044231292589282364,0.1561057309441261,0.25478185895010436,-0.014781727013382316,-0.06908206897204267,0.43098958333333326,235.54180172040122,1.0
12.331666,65,299.196694,0.2885741677345282,0.014768527887312003,0.09133882585264518,0.2571571156886389,0.002259696356982608,-0.006182122184967114,0.3987179487179487,219.11797943100163,1.0
12.962235,66,299.391479,0.29359940911987364,0.03145236700437914,0.08176642865591645,0.25032886589122716,-0.02716379757313972,-0.0360835861383607,0.41414141414141403,228.7894945746242,1.0
5.121841,68,299.552825,0.31441526993452684,0.10418028599552255,0.12355737643236354,0.2149353688881427,-0.08251324643565079,-0.06547822062319035,0.42524509803921573,226.03985332554063,1.0
12.685962,60,299.689894,0.2746475608859784,0.013226703033137622,0.061545706361221954,0.2794782647919465,0.0008746876148684166,0.008704029605522499,0.38333333333333336,225.86407902668876,1.0
11.665462,68,299.872223,0.29816907515239893,0.026953503295367297,0.08166398753998133,0.24676313321972135,-0.0071186107852412184,-0.010345751560849457,0.40686274509803927,226.05886741682502,1.0
11.303469,67,300.033044,0.2947237685007498,0.04724739304631495,0.08776450259484021,0.248755662371179,-0.03844290341498594,-0.015019410705864525,0.42039800995024873,223.94271451383767,1.0
12.34286,72,300.202013,0.30612225260250175,0.027044085828879346,0.08425154027363509,0.23583847072343467,-0.019035361209188837,-0.042045322314923944,0.39930555555555564,218.33980946347484,1.0
10.637355,56,300.337441,0.27033844727776885,0.03584883217038892,0.10383372442952855,0.2844231529641768,-0.017546244638796303,0.03588959939577947,0.3809523809523811,220.55455891041888,1.0
9.718617,79,300.554592,0.3268107754054399,0.02607315740113789,0.07024326929344897,0.20805852971154234,0.011316667282700262,0.022559166358920236,0.42510548523206754,212.9491096509506,1.0
12.376887,67,300.721304,0.3011629223289642,0.019930117781883142,0.05027828257796067,0.23626966061891796,-0.0031126606391602926,0.014067726430807802,0.3942786069651741,209.2383105491896,1.0
11.141414,62,300.875237,0.27950047306167825,0.046669838440595725,0.10714881936015343,0.2711344403694933,-0.038856702275007385,-0.020191397553944564,0.4032258064516128,229.53413128944575,1.0
12.179457,64,301.031208,0.2949650561483568,0.020668332296049204,0.0946528495067991,0.2502660247469261,-0.012057725447666909,-0.033521182932188566,0.41015625000000006,220.00153834467855,1.0
12.957092,69,301.22218,0.2969637633113404,0.027047460449604106,0.06363227913160274,0.24530927714814588,-0.013743489439428946,0.01589177314265409,0.3792270531400966,228.96813979988653,1.0
10.099395,65,301.387619,0.2935150724896886,0.052605488268192814,0.1341541850448589,0.2492267132582048,-0.04436449726117797,-0.0667283807923162,0.408974358974359,227.975441081977,1.0
11.428448,71,301.561447,0.3083794957522901,0.04809098621385415,0.08637930645037765,0.23255682406520087,-0.04156227610133797,-0.03501472072270109,0.4178403755868544,233.86483089235858,1.0
10.460647,71,301.729755,0.3164176915390954,0.04210530680164171,0.12555522461452684,0.21692755570854233,-0.033383692397306666,-0.06385839555501412,0.3896713615023473,224.78938326888203,1.0
12.15317,60,301.910383,0.27103061134551737,0.0317643424766922,0.07864553142743569,0.283607177439367,-0.022644099181908354,-0.004492429313301924,0.3944444444444443,232.5892371806858,1.0
12.451794,64,302.07153,0.28814710436094476,0.03633396107369972,0.08243252564439489,0.2567835560490767,-0.007690338791827971,-0.02070113702348499,0.3919270833333334,233.23006184619757,1.0
11.454784,59,302.216776,0.2814349257257685,0.012100327323352748,0.07582510412490094,0.2686556786011866,-0.0001705573087260374,-0.006397160008009088,0.3912429378531074,216.34818196144926,1.0
10.999839,74,302.39769,0.31235844048288564,0.018544328962201855,0.08930789461443446,0.2297391076912163,0.0038343578316352863,-0.016978938156264483,0.408783783783784,224.08062129802857,1.0
11.691064,74,302.619081,0.3115034982969025,0.021625940049476558,0.10172181166972354,0.23047817486144337,-0.013773740313405142,-0.034196829174888733,0.384009009009009,220.480051569837,1.0
7.681593,76,302.805274,0.3222151647612016,0.0592080928342328,0.12553790582973146,0.21258997858296347,0.024670131892679574,0.0020165567439588256,0.3837719298245615,218.9590112217367,1.0
11.187864,59,302.953659,0.2772758164102585,0.018007094896082716,0.0804243917927592,0.27028948491597726,-0.00557925451015888,0.029360055410068277,0.3728813559322035,225.6495667343882,1.0
9.555761,72,303.145723,0.3152213659906538,0.05254167986334327,0.12947406250657809,0.2207740291715887,-0.038069691053435065,-0.07688052916983998,0.4074074074074073,224.38274945415398,1.0
11.746906,70,303.314814,0.3020026657122966,0.022001787831637757,0.09120110529963919,0.23619958468960714,-0.01258720583811386,-0.017401290943315526,0.3857142857142858,211.89681371049573,1.0
10.876217,58,303.466231,0.27393862125772095,0.035366210937222226,0.10392880993203048,0.2910234724900836,-0.024875087159548406,0.0247980514902837,0.37931034482758613,229.39565535058978,1.0
12.2948,60,303.611707,0.2784396933332696,0.03459063063786658,0.0828712973512609,0.27235331815303604,-0.027652273747926333,0.0037959002007014455,0.4027777777777777,226.29983230411457,1.0
11.87523,66,303.774339,0.2940212019041547,0.0236905976790506,0.08006274046280545,0.24678648902174657,0.005844435902258694,-0.005963976307578612,0.3863636363636364,217.8054268088353,1.0
9.114182,66,303.968888,0.29189617626422937,0.025499873427238612,0.11858232802287583,0.2471180988466276,0.017673319898821687,0.054828700432049016,0.38131313131313144,224.17704845996354,1.0
11.847759,67,304.134371,0.3011931979101185,0.023924552217715323,0.11075842409875473,0.23809356427675765,-0.01791006595473851,-0.0534748387341196,0.3855721393034825,221.41043167443394,1.0
11.646823,61,304.285147,0.2792589958473176,0.02209286537374036,0.08943078429336505,0.2724703153298613,-0.009788511520013999,0.028343350917407015,0.37431693989071047,230.70579681695062,1.0
13.149649,60,304.441683,0.27961626203552903,0.02574776649565427,0.08625282889565399,0.2662876807599407,-0.021266180961287753,0.004387417752566621,0.37083333333333335,226.63995507025246,1.0
11.855714,64,304.628586,0.2919278871527842,0.02585693167065326,0.09086649948609923,0.2564661296301897,-0.0042047422167909515,0.01360037193140122,0.37500000000000006,226.35678564362155,1.0
12.825377,67,304.801655,0.302378940787194,0.015606722058723758,0.08102405550596206,0.2372027344539734,-0.011087874642833732,-0.021152206973678898,0.3805970149253731,224.6171662685916,1.0
10.712021,64,304.960808,0.2860598273939738,0.025000588134390697,0.12268621514175562,0.2594995733603865,-0.007201163495887515,0.03531523412058827,0.3528645833333333,220.46913717145927,1.0
12.08753,73,305.623471,0.312548696050782,0.0211141209211287,0.06957964977900209,0.22935985507268672,0.006673918535227454,0.011211982411553835,0.37214611872146114,228.27377378421636,1.0
12.121986,75,305.810144,0.312736715338466,0.02566677814551505,0.1026619051347613,0.2290573345411389,-0.015368213139975176,0.017174924928817968,0.3644444444444444,222.80384919342492,1.0
12.120063,60,305.956706,0.28273678401182695,0.0168165395072668,0.08252732108774215,0.2699773138250443,-0.004079944876767576,0.04232112648822089,0.3472222222222222,231.42133754396963,1.0
11.702019,84,306.166801,0.34385462914986836,0.02032706103887722,0.0732052484235229,0.188565412514915,-0.01058704096442007,-0.0040806382088012915,0.390873015873016,210.41368677094647,1.0
11.046327,88,306.407762,0.3484115526132592,0.0122402348847719,0.06007739761026628,0.1829077695275526,-0.007391334063164733,0.021023324444721696,0.37878787878787884,207.8391918716368,1.0
12.5674,65,306.560411,0.2956851500770621,0.028492958099899858,0.07458948490311525,0.2528304464724145,-0.015729409526079496,0.0017232881084063218,0.3948717948717951,220.07875443535417,1.0
12.834402,65,306.721454,0.2918993410383057,0.022691440193203526,0.08171271431843441,0.25580801049013174,-0.014065470952404586,-0.019366085512770154,0.3782051282051282,224.91904494760252,1.0
11.085252,58,306.861157,0.28417498447115536,0.03257924030021965,0.12942103434646332,0.27491232189600057,-0.025940294027732947,-0.06901767499314623,0.35201149425287354,235.97521680227246,1.0
9.722694,60,307.039119,0.2801336427599979,0.05092722864665428,0.13719423712128806,0.26931912262684904,-0.02983596792284972,0.016595233335422878,0.3625,222.56862674116093,1.0
11.105024,75,307.222231,0.32158832955777666,0.02043227385991168,0.07757699455441079,0.21298627072969223,0.0029330824536287392,0.0091190375272318,0.37555555555555564,210.99150297679077,1.0
12.056102,61,307.373498,0.2849806369901232,0.03482311826355998,0.1072290787830574,0.26633866874562484,-0.027122919176032833,0.027612641895516,0.3442622950819672,230.3768644212315,1.0
10.362265,54,307.506131,0.27107010132156156,0.06295034249427563,0.12240612461704949,0.2874786817559557,-0.052640903937983076,-0.035036098911663545,0.34567901234567905,225.44920728811084,1.0
12.633484,61,307.683672,0.2917219972400637,0.01723064595014112,0.0705775097196683,0.2556102226339877,-0.008893843803530335,-0.01734846953115397,0.3442622950819672,216.18747649096326,1.0
11.080019,58,307.821225,0.27660965355376793,0.053810732267009886,0.11113056719528774,0.27114089873632724,-0.041124265939392425,0.03375100917645212,0.35344827586206884,220.87283848996262,1.0
11.403897,63,307.972504,0.2917272419095863,0.01594191463904623,0.09334633689065779,0.25461129967721374,-0.007377859144418366,0.01759551026469181,0.3518518518518518,220.4833989244632,1.0
11.624933,66,308.130449,0.29934291109402966,0.06472758101095401,0.09524536884384358,0.24043283648758138,-0.05096892534477045,-0.022134745844659704,0.35858585858585856,229.12225686254098,1.0
7.30832,68,308.317169,0.3056773401816457,0.06436081494495444,0.16680100763400665,0.23657804325372891,0.02992863482163362,-0.03918316123715146,0.3651960784313725,225.83815906505987,1.0
11.49392,61,308.461997,0.29147719032912106,0.05398291404630284,0.10095863888000989,0.25210185181784756,-0.04396169286770772,-0.06873170120617657,0.36475409836065564,229.91112900502102,1.0
13.320656,65,308.617367,0.2932928681801293,0.023778701948358846,0.05822051874037204,0.24959295839170553,-0.006634323588177177,0.024310339341824735,0.37051282051282053,222.6294506213426,1.0
10.523119,102,308.901414,0.3713396998439368,0.02694593785951962,0.0692745228857016,0.15888433623777412,-0.011568719068568082,0.014547192894134918,0.3709150326797386,209.00947106183312,1.0
13.051881,66,309.067509,0.30222838651793293,0.0158920444483725,0.06492033911845191,0.23805410437098456,-0.011032557448298539,-0.008240156060674514,0.3623737373737374,218.9633348776418,1.0
9.619468,72,309.241647,0.32439379262814244,0.06877438403593283,0.09725202289935143,0.2094293130518123,-0.048652590790880544,-0.03090673742792578,0.37037037037037046,221.25126699358768,1.0
12.379572,65,309.40217,0.2968465304217937,0.021840068956056113,0.08764828326652034,0.24625400334091962,-0.014176730505333378,0.02828717225172376,0.3602564102564103,216.16401533193704,1.0
11.848294,68,309.591225,0.30077816588724854,0.04312964012533317,0.10492230579855463,0.23936851210598267,-0.02654858503915795,0.016429518754110587,0.3799019607843137,214.6841911920185,1.0
9.101384,60,309.741708,0.291412306575049,0.08150400964048733,0.12699641321407912,0.25141625981214494,-0.06669744663876183,0.016880542344990406,0.3541666666666667,226.9664877854325,1.0
12.037021,63,309.887773,0.2956656737837542,0.0442102937298187,0.09198044016510497,0.24484473828626832,-0.03146826753654088,-0.0017974672745523041,0.36507936507936495,216.30736917843709,1.0
12.889459,71,310.063963,0.3093773310527131,0.01900616279118153,0.07653377189928452,0.23073324216957994,0.0012435417453964537,0.021417675854072622,0.34741784037558676,220.31490561592128,1.0
14.25751,67,310.249105,0.2975326033331024,0.02508127054624798,0.06785722186160667,0.24755472907419096,-0.018758527758749526,0.0007993841059619638,0.3470149253731343,218.49431348861606,1.0
12.184031,66,310.409604,0.30408824868888945,0.0367356327216335,0.08835001112447638,0.2315622632668013,-0.022271141675708418,-0.04151440056973784,0.3598484848484848,216.2994534586218,1.0
10.872843,79,310.602285,0.33150634244708327,0.025763020550482407,0.12624382183779478,0.2024156014858078,-0.0031959801452975446,-0.04800444776392022,0.3523206751054853,225.71616629302136,1.0
12.447136,80,310.816463,0.33371901829424777,0.013486190376948327,0.07009288902922907,0.2016241427987689,-0.003030589189461026,0.007339748517315077,0.3552083333333333,217.23866937263114,1.0
9.944448,63,310.965018,0.2959175527704324,0.049213778010444895,0.14508423510805465,0.2470706131466823,-0.031369449960711254,0.03243396577479664,0.3425925925925926,214.35911662791688,1.0
9.660546,66,311.124133,0.3000049388312896,0.04538741086421102,0.141636883102319,0.24218510319168773,-0.02566745784782456,0.03185122561359804,0.34090909090909083,213.0825456961413,1.0
11.9514,66,311.285259,0.30340612377082515,0.018187628480951224,0.08522971849518736,0.23160307397998753,-0.004183721307471547,0.03258460017238175,0.36616161616161613,215.80490704335887,1.0
10.361497,76,311.494381,0.3252568317191545,0.050181993603399706,0.11095188894264578,0.21282945858060381,-0.04046676919702322,-0.02007072688988217,0.3541666666666666,223.27863183454997,1.0
11.029668,62,311.644474,0.282531872452207,0.034571577560849776,0.14527103684527404,0.26521746103856003,-0.01516300718211719,0.05209950322795221,0.34274193548387094,223.91523441090672,1.0
12.164325,58,311.779232,0.28670686070721363,0.03356546677966119,0.08406581797905045,0.2561269740381182,-0.023313311960476008,-0.02433660365272439,0.3491379310344827,216.64501563107115,1.0
13.366109,65,311.940167,0.2963165514421067,0.03023417193978,0.08739339707270324,0.2419684129082691,-0.023826952954282044,-0.05040158828095686,0.35128205128205114,220.68221263730948,1.0
10.940958,62,312.12109,0.2904693506847917,0.02815759142464731,0.11455414018738241,0.2498451158394718,-0.005266806531965524,0.0016936904977446115,0.34543010752688175,212.8900781743065,1.0
11.287161,80,312.320447,0.33130127507292617,0.02594406219275661,0.12313504323707285,0.20593471070011535,-0.002337607537106231,-0.06521873168489371,0.37500000000000006,231.40595626709347,1.0
13.017458,71,312.499393,0.31032544957304803,0.018460607137077305,0.07139687743286979,0.22700669716757804,-0.006231491467218006,-0.014350503280915375,0.3509389671361502,215.0294744655669,1.0
11.595962,78,312.694185,0.3355576436798875,0.04067059600450236,0.10270631955394727,0.1996143811498311,-0.0327121216431725,-0.06086620788101024,0.3707264957264957,239.2883389479919,1.0
10.72423,101,312.983217,0.3746168936812914,0.043700239329107535,0.08300692895724976,0.15451483651598263,-0.0318333953492364,-0.03896015461485143,0.38366336633663367,232.29187457313853,1.0
11.22331,98,313.234317,0.36373988190344114,0.01252605885964699,0.06848743052010697,0.17003805049498627,-0.0018844743242101374,0.01001773857193956,0.37755102040816324,212.69945472615657,1.0
13.791171,67,313.398245,0.2977066297439391,0.028329354206260822,0.08249509485603652,0.24370238970133662,-0.020398613833928513,-0.016705516074542872,0.38059701492537323,222.2700078461848,1.0
11.895565,83,313.628089,0.3403635212954903,0.027099259652171716,0.06595114693839407,0.19325717416457902,-0.014590325937239836,-0.0020301680034035203,0.37951807228915674,213.30634304422267,1.0
10.655404,63,313.782258,0.28929011280865496,0.03281668053363573,0.14013360075244954,0.25541540386837513,-0.0139487414534733,0.04844573507076858,0.33994708994709,223.76108723506442,1.0
9.468555,74,313.963846,0.3252743587149124,0.034700713655068625,0.1555781228161806,0.20875707272781063,-0.02141982866008948,-0.08033196640980023,0.3704954954954956,239.73895259199216,1.0
12.92255,67,314.157116,0.3023230206624178,0.031522020044184244,0.09449968233055833,0.23691223099159603,-0.02535851890208608,-0.005731409690074113,0.33208955223880593,223.03159412508262,1.0
10.588745,71,314.330246,0.3112481186911909,0.02680939537947655,0.10950534298243318,0.22505170106077352,0.0003419884942605665,0.030962551450519675,0.347417840375587,213.95751644064356,1.0
10.982168,87,314.543974,0.3511166988397233,0.038042165111086136,0.10295650390751318,0.1808469644414051,-0.027261124566916844,-0.007896261621195395,0.3668582375478929,220.11499767684612,1.0
12.018073,92,314.800432,0.3562184269569438,0.03306366727897723,0.08252286650481996,0.17496511392146633,-0.022018256694626707,-0.044588468972320675,0.39039855072463764,225.1666798143041,1.0
10.24861,93,315.028489,0.35852484098534687,0.022784447905794,0.08588529614581254,0.17099074567670808,-0.0073855086366329805,0.01862500599883351,0.36738351254480284,207.39448706947508,1.0
12.845983,71,315.212092,0.3113797113096554,0.0261239976598517,0.10389251160868193,0.22491083517010022,-0.02154790352264001,-0.05077184942966103,0.36971830985915505,226.85149804460514,1.0
9.757115,65,315.380038,0.30141623263038414,0.024242615257272084,0.16435099153372307,0.2412142798287268,0.003378093442194101,-0.09572964309693234,0.3410256410256411,239.24336674012238,1.0
11.937638,63,315.553419,0.2892477108451959,0.02871621367519304,0.11854667814515832,0.25345180077975427,-0.01843743766882519,0.03185061754908307,0.3452380952380952,217.51570430472768,1.0
8.377809,68,315.726749,0.31455301969810406,0.06969748104268174,0.1401386007197358,0.21831887896504867,-0.05100723935581781,-0.032655794792915804,0.3480392156862745,226.62575703833116,1.0
12.54144,80,315.924342,0.33050696002375185,0.01476884905467168,0.06487240853518805,0.20311227416048036,0.00538740039874227,-0.0012993875110512304,0.3635416666666666,211.78305172147984,1.0
11.865069,94,316.183704,0.3569159305204272,0.024141780737421053,0.08352358947061658,0.1766784542484076,-0.015887749671254264,0.0004201557782653611,0.35638297872340435,216.33807179044766,1.0
8.332595,61,316.341279,0.28728865169918905,0.04337555808673659,0.1778447009515822,0.25780178389229175,-0.025329908848426595,0.048501652137570704,0.34699453551912585,217.97063373023437,1.0
12.868919,86,316.560892,0.34148589393024725,0.017283598609442098,0.06838745853718908,0.19259156695900262,-0.0013803995372568196,0.0006468717685598286,0.3624031007751939,219.727199409158,1.0
9.022303,100,316.831692,0.3694558044916244,0.01598734081753404,0.08509825929458996,0.1582647141230389,-0.002952703296245993,0.02479985405668851,0.3408333333333332,209.66840553579405,1.0
9.922622,77,317.034175,0.32696304776331425,0.05381405414338904,0.13340223405379953,0.2048198340604784,-0.04044369911360654,-0.009360610750701197,0.3571428571428571,213.14644592677575,1.0
11.384377,72,317.218479,0.31702188561159317,0.04344159080691012,0.11267373264439556,0.21618415494855336,-0.03464423271684487,-0.05491682834336155,0.3518518518518518,235.32681578248852,1.0
8.191591,79,317.434999,0.33602299972463245,0.07824751873422596,0.12471760013819026,0.19572576345527737,-0.05590262923049098,-0.05818510880549363,0.35548523206751065,229.05309542342494,1.0
10.843153,88,317.655388,0.34484407367046654,0.04084930143198359,0.11507025064363217,0.1868413533252216,-0.029255622859799324,0.009788100650371511,0.3607954545454544,214.73322233221188,1.0
7.634814,84,317.865089,0.3402452729483482,0.016642419940998365,0.13441885652448896,0.1907802125619137,0.0032069600145603477,0.03895194738594739,0.3462301587301589,219.4030516658809,1.0
13.556626,72,318.050964,0.3130545508657351,0.016436019509548594,0.08123793861345709,0.22433227547043957,-0.010295295511231503,-0.0015145047479762285,0.3414351851851851,224.7332705879994,1.0
11.397339,79,318.294408,0.3261243688546722,0.010142766281167543,0.08773545278168206,0.20826811988982996,0.0012155798369616357,0.02520111628082074,0.3470464135021097,215.9073086666784,1.0
12.273782,63,318.448204,0.28620329241037507,0.014432661429641776,0.11144607432962711,0.2625277861741033,-0.0033567619909434655,0.025585256617551573,0.3214285714285714,225.4631776074864,1.0
12.209812,75,318.630131,0.3205514664019601,0.03277306655235704,0.11315944350338984,0.2164514117941331,-0.027759402694540376,-0.055696236515601544,0.34666666666666673,231.62885528414392,1.0
10.606002,73,318.840494,0.31394086040655994,0.042251151102076244,0.1224571344034338,0.2235376841320297,-0.032320158450187444,0.00524775749312741,0.3207762557077626,215.96684082856407,1.0
12.913353,80,319.047365,0.32974771420735766,0.020899220897547362,0.09283928230036036,0.20436606335579038,-0.01362075645747827,0.006992312195928256,0.3427083333333333,227.05816328735241,1.0
8.983282,126,319.363962,0.3970622609577558,0.036107004887308634,0.07194802100055604,0.12950158391690123,-0.018506117276378284,-0.003159162270159944,0.3544973544973544,210.94721258447242,1.0
10.297787,76,319.571648,0.3188669992408618,0.03251117562945431,0.1177714264821618,0.2123455721840356,-0.012482368605684713,0.030237781482554626,0.31469298245614047,211.2873367764915,1.0
9.980554,89,319.794392,0.3574947846369608,0.06585848397184971,0.0779023062016148,0.17082196043739298,-0.04826592046105728,-0.013744364307752752,0.3295880149812734,222.19119659889645,1.0
11.999259,90,320.019658,0.3528454000401304,0.03168111837215111,0.08037523672110641,0.1777925022144325,-0.021512622722049683,-0.04332820905043478,0.3342592592592593,222.8630396081123,1.0
11.960703,60,320.197963,0.285365805807947,0.03369078630731455,0.11589808070648208,0.2547731654365207,-0.022123804191184798,-0.026191731139229044,0.3236111111111111,224.57192240493376,1.0
10.504092,95,320.428169,0.36344075312750895,0.04720249097323136,0.09745425013480999,0.16555231968998604,-0.03421433444274655,-0.04027517779070005,0.35438596491228075,220.1103996944299,1.0
12.998661,71,320.602813,0.3167921015446163,0.017744568492550638,0.07144421718562122,0.21615873856009138,-0.01117300482579331,-0.022722157907212725,0.3368544600938968,216.28020960692064,1.0
11.719967,78,320.823544,0.33124963184102807,0.04230948447296734,0.10144179150053854,0.20133128968616637,-0.035102865686202835,-0.010305896518151156,0.327991452991453,223.921216405178,1.0
11.530992,71,320.993927,0.31372146493542385,0.028736730909699967,0.10696734716992302,0.2205878572085643,-0.018423239396427284,0.0013663937973945567,0.3251173708920187,216.48073016760202,1.0
12.429709,70,321.167953,0.30755435980704693,0.01709307917578162,0.09825942125597761,0.22819357338702534,-0.011712694421250407,0.007877684577932292,0.3226190476190476,211.89199466638846,1.0
12.627019,98,321.436085,0.3651278901052645,0.01842907617718572,0.05636138745382689,0.16646830886161115,-0.01022576027549149,-0.006158364991598526,0.3375850340136055,216.9397298285781,1.0
10.62057,70,321.601484,0.30892636368855303,0.04473051006064996,0.13029202464456424,0.22489715994890327,-0.0326467235462116,0.0381322890477217,0.3130952380952382,221.46240221254524,1.0
11.22121,98,321.828653,0.36739110323619545,0.03308224081209178,0.08753937577625634,0.15960405804658764,-0.026729933726966998,-0.02000445611096051,0.32908163265306123,222.03889521404633,1.0
9.948223,69,321.995363,0.30585134793548674,0.056310608498643853,0.14972438542543193,0.2305362593245798,-0.04418737816855282,0.002314400968513914,0.32004830917874405,217.81954698614024,1.0
10.299388,67,322.173332,0.3003885273167003,0.05106145709005992,0.14048871848029815,0.23702622520980718,-0.03378674065325335,0.02629998141220055,0.32462686567164184,212.44133177730757,1.0
9.789496,67,322.335105,0.30585680391528436,0.06855537181394804,0.1322291344434463,0.22896397157569803,-0.05612844907486384,-0.022278203768944373,0.3345771144278607,222.63272371032122,1.0
4.925366,67,322.493367,0.31473613767828135,0.06399841463592364,0.23600917294109866,0.21713428556477876,-0.05346144320720102,-0.14868925437863853,0.3333333333333333,246.00591888193236,1.0
10.110081,75,322.70042,0.3188810020529174,0.04432529352074431,0.13078034681548578,0.2147810136811666,-0.028667423853075334,0.02496368560704984,0.3166666666666667,208.43525362208402,1.0
12.667152,70,322.870723,0.30132114082493455,0.02287688253051026,0.1029006998540898,0.23691846735992036,-0.01846172165622443,-0.011107973168886903,0.3250000000000001,218.76248871389558,1.0
12.170316,76,323.051924,0.3267142177074944,0.03353483659304639,0.09478278709261619,0.20835181265210334,-0.027964500569418082,-0.012908540377141325,0.32785087719298245,224.6881534501553,1.0
12.154275,70,323.232368,0.3061559943362738,0.04402098683483283,0.09789860882990388,0.2315883541387279,-0.030474062497569905,-0.00822071334897532,0.3273809523809524,215.439808583257,1.0
7.710623,72,323.436938,0.3240064508115666,0.09517375709554184,0.10751880551290542,0.20503175140141272,-0.07567261315127216,-0.025813918641148303,0.32291666666666663,232.62140296191558,1.0
8.28826,98,323.670029,0.3657282337472412,0.026794571360076652,0.13957371318919767,0.16638143908024855,0.007765041798678998,-0.04072588273810393,0.3086734693877551,220.26094537841846,1.0
5.139039,99,323.906837,0.3804453438213537,0.08371318054306345,0.10516795668501942,0.1443688027412224,-0.06187870274154594,-0.05623722060618048,0.32828282828282834,229.75184170972094,1.0
13.055379,74,324.112284,0.3205469802059358,0.014198029724744345,0.0684805159863338,0.21278673711048046,-0.009006171267024216,-0.008119935426541859,0.3243243243243244,218.57492542577864,1.0
10.380489,63,324.257757,0.2968999430754399,0.06577001453338326,0.1269835896368429,0.24221126244796382,-0.05234104011619488,-0.03689330190424339,0.3187830687830687,229.3902700495757,1.0
12.675539,77,324.443523,0.3192578112124461,0.009755480035046886,0.07641630527348187,0.21723123743104344,-0.0020270131954532628,0.024363173913461173,0.3246753246753246,218.80552483847526,1.0
10.651113,69,324.627163,0.3123945121323753,0.0524012676391001,0.11311753866982337,0.22113439456408557,-0.039166487035699825,-0.04998237353708364,0.318840579710145,214.80624930565222,1.0
10.971023,69,324.798522,0.31049790929236387,0.04490467312912489,0.1279428940943179,0.22321302014880642,-0.035367316236351296,-0.07940824126870885,0.320048309178744,226.5869139880646,1.0
11.096544,79,324.991802,0.3283605706989858,0.03304914816176936,0.08522158151434171,0.20683282346377055,0.008083539923298159,-0.004954396291637312,0.33755274261603374,219.14162105229363,1.0
9.983593,76,325.181541,0.32721551543272687,0.021690639986338148,0.1281185435389571,0.20622832172183306,0.008549619833559577,-0.06328101456723122,0.31359649122807015,216.87231664794476,1.0
11.764577,75,325.395961,0.3208835409500296,0.034741042438444614,0.11062690703789121,0.2125775178696718,-0.030221955028632265,-0.04854134481258593,0.34777777777777763,228.49584758639992,1.0
11.040964,73,325.579651,0.3180179779768915,0.02027038259597103,0.13485951868213927,0.2135307922760564,-0.0020337413004365553,-0.0730083767956431,0.3310502283105021,223.9335638958291,1.0
10.906399,94,325.821054,0.3544942442151231,0.030417688751237994,0.08586593120963962,0.18006316864901672,0.008764015821561126,-0.014957579005811641,0.3386524822695037,217.6665067586002,1.0
13.536099,66,326.020957,0.2993465221331002,0.01235506480362747,0.07210548130090073,0.23949149931780334,-0.002048597742286227,-0.02461586559069066,0.33712121212121204,210.24792172563818,1.0
12.864106,73,326.200402,0.31539752269396804,0.023001801980816448,0.09604370294141526,0.21846121506257277,-0.0027747266597340004,-0.04895158854824174,0.3344748858447488,222.5956274429323,1.0
12.667731,68,326.366407,0.29977130163315646,0.016591564214561552,0.06889984818094244,0.24246458838972734,0.013884794993842778,0.016474020935942933,0.3063725490196078,221.01264261300537,1.0
7.602717,76,326.551425,0.33318529574690153,0.08973931769536457,0.1118909390358473,0.19955077416340614,-0.06424399707924677,-0.037185168769376706,0.32894736842105265,221.0177602471542,1.0
12.470339,67,326.740881,0.2998638877718131,0.04244099958397817,0.08797513898734471,0.23973418823305676,-0.02703022621114553,-0.03461234037272606,0.32711442786069655,210.3236148637996,1.0
12.674424,76,326.930212,0.32182425431825035,0.03634492025670411,0.09590415220581103,0.21328238818602605,-0.032443334618402056,-0.04493911038717285,0.33223684210526316,230.30586338682483,1.0
11.99732,61,327.086798,0.285389947588444,0.0272863467350431,0.11853721461193086,0.2567026557453486,-0.0036470692714071686,-0.07585843911344733,0.3469945355191256,226.82210101860238,1.0
12.758106,73,327.282538,0.3121230060194072,0.02891095973249643,0.08280607583121437,0.22492080784018528,-0.02440910017039497,-0.04535268276354656,0.3447488584474887,219.28083766568602,1.0
12.192555,65,327.441823,0.2909074417653964,0.02907588862723731,0.09420399315710024,0.2527867840183623,-0.0016634533616860555,-0.034370597441885024,0.32307692307692304,225.12020987106158,1.0
7.519254,104,327.693782,0.37832092986584176,0.02761416835183196,0.14725059639567378,0.14789137981394393,-0.019200170241023745,-0.07819630218696694,0.35096153846153855,236.84882035458648,1.0
9.894429,84,327.935591,0.34412430770218333,0.023583138059460045,0.11279657618279973,0.1861867552297292,-0.017053594270448186,-0.017321263151388603,0.3720238095238096,222.71298755258422,1.0
11.081374,74,328.128316,0.3166906603153025,0.022942774451988557,0.11345300926310914,0.21959613491024407,-0.009752282748102798,0.010160177697435623,0.320945945945946,216.13253611313294,1.0
12.273478,75,328.361799,0.3197981033327268,0.01170667742273967,0.07224435498857314,0.21523973247943426,-0.0031473810856908883,0.0029819106145586795,0.32666666666666677,219.24060168763899,1.0
12.027797,70,328.583669,0.3061727361633185,0.02926434614910673,0.09116877711205837,0.22940419991801925,-0.01925755699738149,0.00078096075804141,0.3416666666666666,218.17049625457622,1.0
10.838879,82,328.82807,0.33594522290654577,0.03052067792848396,0.12374650498355987,0.19678888728367397,-0.02370796655631839,-0.05596249011181834,0.36178861788617894,229.9275896369885,1.0
12.091302,80,329.019048,0.336818762172092,0.021948897327831857,0.07436192041201192,0.19416252966445538,-0.004678149688498169,-0.014720897502932404,0.34375000000000006,220.16462201022665,1.0
12.987663,76,329.195381,0.32082065300274326,0.02113882198601285,0.07502468837534398,0.2144026728516819,0.002221025829553288,-0.013811549661080294,0.34539473684210537,222.71949115855205,1.0
13.076479,66,329.386423,0.2986406878561682,0.01613078042969326,0.07056660862068229,0.24056727078068385,0.0017841932951154758,-0.03713397580854774,0.3282828282828281,216.63115047359193,1.0
8.146985,95,329.610292,0.3606507936139038,0.046064457333697434,0.10426124944662717,0.16952810678386393,0.018819772954380167,-0.021545722694639773,0.35000000000000014,219.07649727571666,1.0
11.081153,60,329.760084,0.2886657919351932,0.060878645710840486,0.10174048920005185,0.25097972962300025,-0.04680265553167127,-0.01949791144689576,0.33472222222222214,220.18172873174257,1.0
11.404535,60,329.902548,0.2792282511959155,0.029988651060002713,0.1197430298417984,0.268839003318568,-0.006183019238378881,0.006154939850954434,0.3458333333333333,221.2320739246585,1.0
12.367189,71,330.092442,0.3089496389787829,0.03462531972876944,0.0950047735441446,0.22784922118514458,-0.025594109487239496,-0.009267079871843133,0.3615023474178404,218.99983165024693,1.0
13.536017,74,330.268311,0.3140027099317207,0.0159261642745383,0.05139590456178247,0.22352576820724454,-0.004896089263777368,-0.009086122387510108,0.3378378378378379,218.47484258226598,1.0
12.292049,87,330.478812,0.3441256119539118,0.02240606674320033,0.08208569309296603,0.19040748015136277,-0.014674475549768761,-0.05021553628154652,0.35344827586206895,214.70879217990208,1.0
11.860009,78,330.699287,0.322759418493918,0.011163046761478926,0.0665358321885753,0.21382421983343766,0.003505332017256452,0.0008428900747934636,0.3504273504273504,214.12512770254136,1.0
12.337845,81,330.901281,0.33144370240612264,0.01982045843341872,0.056884047074756354,0.2042660722853342,-0.01171921059382481,0.0005221659096709033,0.36008230452674905,214.10536571745737,1.0
13.384863,62,331.057029,0.2838369862233276,0.020608938419343557,0.08534989544875508,0.2653331352085225,-0.014902289307463306,-0.02657601464137977,0.34005376344086025,218.99694717826753,1.0
9.646272,76,331.241669,0.324135476353179,0.04139453154949003,0.10852537756556083,0.20821452379994554,0.02649148181261245,-0.022252525936146912,0.3541666666666666,219.54842968077116,1.0
9.46281,63,331.429881,0.2931449757269195,0.04518938426334905,0.10196459291422831,0.2460025074307634,0.03275428285536981,0.038530096151293644,0.3280423280423281,215.71810992514955,1.0
13.397015,64,331.589772,0.2926792806477576,0.03719695338486991,0.06522049622605353,0.24817101780564896,-0.02657787759271974,-0.013921396886698802,0.33984375,214.96192517178793,1.0
11.992648,74,331.778072,0.3194336483645752,0.030845274723214786,0.09217379987108623,0.21711147031653352,-0.02300069751476134,-0.029166716371850598,0.3795045045045045,216.77060998350788,1.0
12.224853,72,331.975749,0.314092719590673,0.01366227815423692,0.06786441218114216,0.22210732199574332,0.00020485020726052498,0.0032349576109575572,0.3553240740740742,214.7516473765081,1.0
12.894311,59,332.126871,0.2786392686954411,0.028113994345805228,0.09666817609842504,0.2680524049009802,-0.019044090267250385,-0.03077459489875557,0.3615819209039548,216.29172471413318,1.0
11.791213,58,332.266489,0.2779708109510348,0.026004426490961997,0.12756015995199335,0.26963522786678273,0.003551312858072279,-0.06974076581839289,0.3591954022988505,222.81407397237578,1.0
12.310781,68,332.428918,0.3028440266220209,0.013913880660576477,0.08188401168626969,0.23606418365737866,0.004609619675893335,0.006290884467006542,0.34313725490196073,211.40206808473175,1.0
11.354132,66,332.615302,0.2935389194112079,0.03997831341856644,0.12237543329687638,0.2469877076462857,-0.028287360700926877,-0.021684792002868637,0.3686868686868687,216.17412992336313,1.0
13.260819,64,332.779831,0.288276745340912,0.018253312940733762,0.07342731807646743,0.2552260797502378,0.010512431780309616,-0.005266209125338574,0.33984375000000006,218.55794754594456,1.0
11.719292,66,332.945395,0.28956079522802863,0.020018784793556912,0.11231537349864688,0.25352325463517345,0.00457590945558929,0.02011779165176334,0.3484848484848486,220.69206488894716,1.0
12.048658,63,333.104552,0.29112219558688557,0.020034053900790584,0.0977305633389919,0.24837355336515843,-0.006113989162628597,-0.022400196195334548,0.3492063492063491,209.31263442062152,1.0
12.363716,62,333.279535,0.28602760226282264,0.033934095010059444,0.07452986934744504,0.2571325424199171,0.020640540450864303,-0.029119401063563668,0.35349462365591394,219.517543863379,1.0
12.659182,61,333.434522,0.28066946375014123,0.024190237887805388,0.09327227460171252,0.26538865089308633,-0.01367817573640328,0.0012354119079119356,0.33333333333333326,211.96018177771091,1.0
11.962911,56,333.576828,0.2766311647071586,0.0218731957241726,0.09003846894476053,0.27138249672366443,0.014409362239835822,-0.04985411760534341,0.3303571428571429,208.79667075848099,1.0
12.303067,67,333.738408,0.29923812496339114,0.012907497185784248,0.11443587761937753,0.2394157147838367,0.00014101323693893462,-0.060577559501024995,0.33084577114427854,218.1979880733518,1.0
12.319417,60,333.883565,0.28327151451050414,0.026565283121975123,0.09901869254444465,0.26280511273777,-0.017895544411994698,0.008417797330558427,0.3583333333333334,214.3750118579819,1.0
11.671344,64,334.063658,0.2829687145814282,0.01800358508562183,0.09741426322856528,0.25927068183382934,-0.000398448182097965,0.03041531466251491,0.3658854166666667,218.87238450163724,1.0
12.37474,67,334.222374,0.29861769861966525,0.016597538858985135,0.048351433759530806,0.23999234695786964,0.012910905346654842,0.01759662632879279,0.3594527363184081,211.74567417616518,1.0
13.389161,69,334.393038,0.3010806173420307,0.01702991586143549,0.061378013693238434,0.23819180281714783,0.01301290570774753,-0.015807234518764153,0.36111111111111116,217.78140160932313,1.0
13.14898,62,334.565284,0.2819367173782823,0.025802463353420138,0.08053269450880544,0.2588975127893373,0.01542350193755337,-0.009064246145144929,0.35483870967741943,213.3397362571661,1.0
11.098653,67,334.731338,0.2929501994411292,0.032590945305971654,0.11388122055487505,0.24830619391414283,0.021621942783762105,0.03787229304318061,0.3656716417910449,223.1526475989592,1.0
13.782301,61,334.883834,0.2768064367092077,0.017599578022943145,0.08242499980015644,0.2719435765212903,-0.006513142372035575,-0.03044058590823114,0.353825136612022,222.98063356463754,1.0
13.51641,63,335.039083,0.28428804304080846,0.010493805578679393,0.07149451735855704,0.26107759695479943,-0.0010111703348737737,-0.022611563106020995,0.33465608465608465,214.03725120877414,1.0
12.222827,63,335.197871,0.2903164947459321,0.026549974223586306,0.05961130929532427,0.2495511582731957,0.019548625309433527,0.01627874041883525,0.33994708994709,211.12728197456659,1.0
12.482732,64,335.379309,0.2856476601173343,0.018158799054296394,0.09873373865854439,0.25338030284670676,0.010285911897011689,0.03531198273461727,0.3463541666666667,218.6382086058416,1.0
11.475257,55,335.516572,0.2762519477944365,0.0289682881242723,0.061020709519955654,0.2730183068887644,0.021223418033725454,-0.007560995567077534,0.3469696969696969,208.62892890557956,1.0
12.722921,64,335.678868,0.2903515647981671,0.019368696077243966,0.07415334332810876,0.25165787843719467,0.01349161866800413,0.027182742343648026,0.34765624999999994,211.34219423136895,1.0
12.776011,67,335.840361,0.3004226586591828,0.019167662367438356,0.06701015331899539,0.24139645846787378,-0.005371043839710917,-0.009366013223173934,0.3743781094527363,215.94747800239864,1.0
12.639283,63,336.013594,0.28698916913799777,0.03571159806292869,0.1063283872257268,0.25771751928233066,-0.026783983741067958,-0.07572213556315759,0.3478835978835979,216.85590364668292,1.0
11.868056,57,336.155914,0.26963205641027044,0.024400812697062374,0.10633772046736485,0.2804213691338665,-0.003926713516648558,-0.016332749942574415,0.32894736842105265,211.89602215908704,1.0
11.661558,65,336.314899,0.28609643015374353,0.026231350606827363,0.09247628061762787,0.25549869090013855,0.018682099175263353,0.043266754899200295,0.33846153846153854,221.0385999054579,1.0
12.112987,64,336.473307,0.28664408253194906,0.023677543715461633,0.06165779393379847,0.2547509881561054,0.015564390040807835,0.02162167424602561,0.3606770833333333,215.54237189994853,1.0
11.953662,60,336.645559,0.2780518706128123,0.014243093189450497,0.12152949709057105,0.26417549816932456,-0.002409084165128437,-0.06723998057320378,0.37083333333333324,213.35335963363707,1.0
12.269932,62,336.794714,0.2877820822864427,0.03367838963313796,0.10106259374860617,0.2574149106778276,-0.019400082756084795,-0.016656299473329136,0.35483870967741926,213.31424349273183,1.0
12.360049,58,336.929796,0.2748598979678131,0.02139252157015769,0.07029274631912004,0.28035576046831695,0.00786377921311388,0.022496725861383474,0.33620689655172414,214.64946347555758,1.0
13.4493,72,337.105321,0.3052582300630423,0.013917915205196672,0.06225033216549452,0.23732032013133125,0.0061168521561074,-0.015191373687099044,0.35069444444444436,222.96720288579468,1.0
12.658522,68,337.298096,0.29835296022687524,0.021961167691246064,0.07994002941990172,0.24095195091899257,-0.013255734843720113,-0.00722854427342404,0.3713235294117647,217.16725118211951,1.0
8.041951,100,337.545144,0.3641906770753162,0.025518684848779696,0.06265510224636744,0.16552783281464165,0.020550695260156758,0.025430014575143885,0.3599999999999999,213.95285187041904,1.0
9.433051,94,337.767884,0.3558994532759742,0.01506063468951583,0.1357703609951718,0.17291383823244658,-0.004759807610337222,-0.05348004347298353,0.3758865248226949,218.54701008474584,1.0
12.829441,61,337.959946,0.2800266762734575,0.015463038029531188,0.08607917801757795,0.2739672483545673,0.0038516326922892123,-0.0035672756204762177,0.33879781420765037,218.40527525030342,1.0
11.673176,75,338.138538,0.31728085505787224,0.019284810028037478,0.08747603424483995,0.21670889661919995,-0.012153981857799298,-0.0067204496766528074,0.3722222222222222,214.94182786194332,1.0
13.067815,66,338.301572,0.29145310148256304,0.02177171884357944,0.08810169666623548,0.25532304321565374,0.01110340941747879,-0.0034838429892870846,0.3522727272727273,219.47270480124502,1.0
11.767549,64,338.459551,0.2893735692315342,0.036774287381214445,0.12966032080470344,0.25105734501875493,-0.02935890662117184,-0.06965525011902941,0.37109375,223.29534518114906,1.0
12.99582,64,338.650283,0.2867258000756351,0.016654265826558424,0.105148272933342,0.25545583871135275,0.0029828825062220865,-0.03347254867557658,0.33984374999999994,216.54861458038937,1.0
12.532629,69,338.838106,0.30125021010575576,0.01913031865088344,0.1108180133381976,0.2380312402921339,-0.012743171560358407,-0.0416326377748827,0.3707729468599034,223.1384883440498,1.0
11.466621,66,338.996301,0.28700696116766755,0.03927024796322443,0.0931294532018304,0.2575318546188023,0.025139618091512186,0.03152803324237638,0.3207070707070707,224.43424845414503,1.0
13.076797,65,339.172155,0.2880406580374984,0.02215914756198482,0.06742214052935047,0.2569292821789683,-0.011656497970200066,-0.010828864403864493,0.35897435897435914,211.5924087207896,1.0
13.77199,66,339.327298,0.29374628983947587,0.039468198659382774,0.08357511077802011,0.25018897370536397,-0.030658003678243097,-0.039460840751306604,0.3547979797979798,224.4794111570076,1.0
12.794835,65,339.481726,0.28891631489861674,0.02352673723454181,0.06132345307471174,0.25682990538590905,0.010651346206894535,-0.00031459221187833203,0.3564102564102565,224.77482101764716,1.0
10.78372,70,339.644939,0.30865365322678256,0.030118656409094256,0.1264479777564425,0.22929301765998464,0.007240515111934114,-0.05890938074263968,0.3690476190476191,220.96700887894568,1.0
8.320882,87,339.876865,0.34269264781531855,0.04289824345968861,0.13718310412892984,0.1913286739867916,0.021137236973373753,-0.04635350482297169,0.3601532567049809,215.18918692383818,1.0
12.887446,72,340.060364,0.31256973569207247,0.019415243430806535,0.09393699878714812,0.22808269095146405,-0.014493402014746646,-0.0592955803491676,0.3530092592592592,222.1519923558924,1.0
10.561845,58,340.210649,0.2771512588896777,0.038755822644664276,0.12210394688249555,0.2745582293034725,-0.019025627534975477,0.019003685904475685,0.35632183908045967,212.6410848503919,1.0
11.919542,70,340.385461,0.30492309269457774,0.014627532656936544,0.12334410934534054,0.23218494896249123,0.004186872208488116,-0.05368942196152359,0.3583333333333334,222.01482617594866,1.0
11.738204,66,340.577865,0.2943773856501853,0.024016704130441095,0.06734555394212509,0.2460300508449615,0.01954061183155692,0.014563043111710465,0.3446969696969698,215.99190841541918,1.0
8.674688,61,340.727977,0.2875871462570506,0.046002669410734685,0.09850860828861326,0.251298011813917,0.04044216701680978,0.06499155166665202,0.3387978142076503,221.17851081749077,1.0
12.141989,73,340.901634,0.311538692434684,0.02620341930370631,0.06491185312413197,0.22508656945790614,0.021562402173509392,0.0042486579062479025,0.341324200913242,212.99554963703108,1.0
11.850794,60,341.044442,0.28169452180779725,0.03507027102464805,0.08314383646947812,0.26452189826470435,0.02016485219748051,-0.01895501871213739,0.33055555555555544,213.98149393681385,1.0
12.030414,69,341.250011,0.2998385183141752,0.01891535136996151,0.09537603886790812,0.24089955541463154,0.0016945457273049485,0.03417927957452904,0.3357487922705315,218.385778561323,1.0
13.13536,71,341.430846,0.3024355449155786,0.017110341024697107,0.09265906882360433,0.2391404794693487,0.004145478483491167,-0.042911473142880636,0.33333333333333337,221.84273297396985,1.0
13.445097,76,341.621935,0.3162652238471564,0.017353263183365112,0.08453967619570522,0.22234774968538562,-0.006602136657340475,-0.03728791709610885,0.343201754385965,214.83999537759593,1.0
11.271611,85,341.855508,0.3356318561792,0.013918661509637754,0.06178785744480936,0.19647779855030803,0.006716279777494273,0.00801002806068635,0.319607843137255,213.16609928918334,1.0
12.148043,67,342.015815,0.3005272978083587,0.025129545800733816,0.12592295207786888,0.23577817378832816,-0.021684871166329295,-0.0627656015627195,0.3445273631840796,227.80590379131445,1.0
7.810084,73,342.190217,0.31603318617910103,0.0532884495591444,0.12289410899350983,0.21900581696551225,0.03525667885561579,-0.024954648676499505,0.34018264840182644,218.48184603061367,1.0
14.291367,71,342.361785,0.30180861188752395,0.017978790364774816,0.07553881959326221,0.2379712445393902,-0.01293802961541738,-0.0510656078640039,0.35680751173708924,222.44535188210625,1.0
11.722851,77,342.573889,0.31418414683478685,0.024166988124242554,0.07205807100157756,0.22241271569953863,0.016483473501973118,0.004007992993274048,0.3344155844155844,223.0956947266944,1.0
11.777891,70,342.748362,0.3027059245226862,0.029748035643319164,0.06012814140565346,0.23549597196238473,0.01183171621340907,0.014384487773607457,0.3357142857142858,215.12708415964897,1.0
11.822727,70,342.920721,0.3054512888063578,0.03219732807031515,0.12832122425493583,0.23374511543528312,-0.026284452456532294,-0.06826711657289807,0.35476190476190483,224.17502289845092,1.0
12.040026,71,343.117442,0.30512082142957747,0.013274167405550256,0.07786787949220245,0.23487337915730852,0.00967947924207972,-0.00895716728415096,0.32394366197183105,218.89706041481668,1.0
12.304105,82,343.328573,0.3254260548876678,0.020252226376945293,0.06919128533848463,0.21221134659848057,-0.004803471033302906,0.010615948851081974,0.3302845528455284,217.53982042625753,1.0
6.778938,72,343.502617,0.31815543315013217,0.07164615076198971,0.18730980135086103,0.2170467629948747,-0.053409467015506404,-0.11578635940795756,0.3506944444444444,243.16140377383414,1.0
13.308391,60,343.649106,0.2736172561816861,0.013150752543362771,0.08044959451227558,0.2785847974549666,-0.003722313472392141,-0.014443455753848687,0.32083333333333347,222.3759484453194,1.0
11.885747,86,343.889673,0.3363701558653895,0.015113650949968672,0.0992880164708832,0.19805625500732602,0.005478802693719494,-0.050385658693818086,0.33914728682170553,217.313790635178,1.0
12.501201,71,344.068287,0.3061141530659294,0.0307837143624604,0.09174520474755615,0.23180039853929774,-0.02089935291258687,-0.016050406021648977,0.3215962441314554,216.06344326701503,1.0
11.370207,68,344.239981,0.29725466423722474,0.016115382878997782,0.13827984819650269,0.24153459762660912,-0.004776169825139837,-0.08144145938476773,0.33700980392156865,224.90701344727097,1.0
13.340688,86,344.478721,0.3360803645273899,0.014963009994997754,0.05145515224311109,0.19755820374150895,-0.007846519308881503,-0.025303786191272458,0.3401162790697674,214.20655925089306,1.0
13.312304,69,344.649635,0.29741043844796866,0.012556958895810873,0.07649351566685188,0.24198164473148773,0.002581647894100574,0.016689049203711396,0.31280193236714976,220.77967661127622,1.0
12.085464,68,344.825737,0.296643907523924,0.016500601752319443,0.12893958762737848,0.24229204474660662,-0.008380150869424324,-0.06578726500064036,0.3149509803921569,224.06341604963947,1.0
13.253165,72,345.016079,0.3056523841567184,0.010925662313276399,0.06685647192914751,0.23246929436800873,-0.0018274346960194833,-0.02163030388390638,0.33680555555555564,219.17705825284426,1.0
11.496906,70,345.219278,0.30552499419274604,0.023441617090951983,0.1364889297912691,0.23205804134567554,0.004286832204496416,-0.07603263300760763,0.32619047619047625,216.54547006287422,1.0
11.036778,64,345.381848,0.2915156030420963,0.04295375666400359,0.08109434493929049,0.24674801118127376,0.036435452094955856,0.04912224374696949,0.2864583333333334,219.80230846298,1.0
8.39137,65,345.54519,0.29573984033905787,0.062239911380103416,0.08746340552922065,0.24015836373790253,0.04888082404622898,0.031318596307773734,0.2961538461538462,217.3637460702712,1.0
13.954037,66,345.705317,0.2872716484161831,0.01848192867793144,0.06136534917434197,0.2546995626835898,0.005713297629869265,-0.02273491008343256,0.3257575757575759,219.7757181627042,1.0
7.699743,72,345.898346,0.31001055864080174,0.06482120073526058,0.15119420142464232,0.22471171131218012,0.0389305834433913,-0.02784235795366778,0.3252314814814813,222.82497083771173,1.0
10.92594,73,346.079373,0.3097881128786053,0.02375068623070568,0.07460108135750534,0.22364600138025106,0.021073377505329307,0.03065809005985194,0.32191780821917815,215.83694835849505,1.0
12.034305,84,346.281488,0.3318967163136747,0.01321495942894749,0.07334903660205369,0.20302907592738995,0.011022593713814624,0.008748418507706152,0.33630952380952384,216.93627537971628,1.0
5.342227,73,346.485977,0.3213559593054163,0.05675351645939119,0.08912009554135915,0.20715714751814618,0.051534415095344906,0.05040730125504595,0.32420091324200917,223.98073606091873,1.0
13.319182,69,346.656942,0.29556178486459017,0.031032754506018802,0.05420580222249848,0.24305453341817193,0.025264389111909015,0.016870038779785636,0.3285024154589372,216.64302721040127,1.0
11.892029,76,346.848228,0.3116901748084006,0.01489087392265765,0.06900308211641847,0.22480513734630084,0.0046461081278644295,0.030538918335413497,0.35526315789473684,220.64152994812474,1.0
13.35639,87,347.086789,0.34032138067131606,0.03750331817439441,0.0762011774871312,0.19020670744366686,-0.028106753223754728,-0.026646096174632115,0.3400383141762452,224.61946371697888,1.0
10.037593,71,347.260273,0.30930051362359007,0.04887176708644976,0.08134467729575773,0.22722106048650495,0.03528954116953605,0.04211948968148097,0.3169014084507043,221.4375349130457,1.0
4.95491,115,347.548929,0.39677517714839644,0.07991819745474324,0.08487434648367356,0.12657082435275857,-0.04974063090713018,-0.04940243957968718,0.3543478260869565,228.45186183808147,1.0
8.059183,70,348.259334,0.3095411312270606,0.057321504575030754,0.09238194430045507,0.22363945567608068,0.045150970926896364,0.0600911578707271,0.32857142857142857,227.3424990036716,1.0
13.375589,70,348.432899,0.30022030618674145,0.010964290863808158,0.06415459185479643,0.23797656205878498,0.002228717075264895,0.017902625046141207,0.3333333333333333,214.35453326055344,1.0
10.449916,70,348.608937,0.3064682583647088,0.02392744825789756,0.09193678788973608,0.2273352590940125,0.015247187382134467,0.037409617693522496,0.3226190476190475,212.31671817892075,1.0
11.748275,99,348.859467,0.36421463995796916,0.012572243761708696,0.04672089816236265,0.16669279994224376,0.00386212673402519,-0.012825305930277184,0.3358585858585858,211.7370222587503,1.0
11.345056,76,349.091699,0.32118554595855814,0.026745585093877193,0.048573047590817785,0.21059850629210566,0.02216208664371983,0.018396630052664356,0.3092105263157895,214.11515547095743,1.0
6.394767,121,349.381141,0.3906273772907674,0.023191550120340004,0.05614010391180234,0.13602420602012297,0.01393585553480504,0.02292080353128462,0.3560606060606059,212.2352978690671,1.0
12.93411,69,349.585589,0.29711190467591425,0.020860952758550374,0.10117541322961374,0.24403871206296512,-0.01399706664747967,0.020906449716167334,0.3345410628019324,222.00062406253,1.0
9.101947,83,349.783965,0.333551360848873,0.043144811259516594,0.08172803012884397,0.19622598879924594,0.030505457619067963,0.04720073419715411,0.3263052208835342,220.27815958955497,1.0
9.226461,71,349.962099,0.3095806962514041,0.0402044481374724,0.08864469559627647,0.22382866502483506,0.03178829327184789,0.05522961605919099,0.32863849765258213,218.558121736487,1.0
13.654205,71,350.142356,0.3011346969666866,0.0386630623490878,0.07432494692507394,0.24142381919698758,-0.029354919563587618,0.008533797471617668,0.3215962441314554,227.8619147451535,1.0
12.234603,73,350.354715,0.31071366695438085,0.025158727845885458,0.10558006146867721,0.22295472710048458,0.010714527833010795,-0.026262844099101262,0.3413242009132419,222.89583928411366,1.0
13.624051,77,350.544382,0.31848621157825213,0.013649997323721186,0.06834697798323662,0.21651814102406225,-0.005924367792292929,-0.01961042737663381,0.3279220779220779,220.56663993555378,1.0
11.019173,116,350.827324,0.3856325798897287,0.01847563479336786,0.08026805786904802,0.14242292173318585,-0.009830964192130521,-0.027891402717608343,0.36135057471264365,215.5093557971424,1.0
10.469621,74,351.031755,0.31045711219159156,0.03556267761246983,0.08193350918036903,0.22463117554920659,0.027663660578435566,0.02789389116227931,0.3423423423423424,222.98867044682643,1.0
8.059105,149,351.396625,0.4151337884493305,0.03527309012085914,0.05933518513240826,0.1049732487043486,-0.020501762226824025,-0.012764970163146918,0.3736017897091722,210.11565710556985,1.0
12.751378,86,351.631207,0.34059725827753695,0.011340618485687685,0.06918115336750262,0.1931236632345928,0.004452280157707573,-0.002092146645905667,0.35465116279069775,212.17267214606656,1.0
13.58728,78,351.828243,0.3225525326447232,0.01582478197381959,0.056160498713283324,0.21086606652293455,-0.004867381443750969,0.00021670343865185957,0.3429487179487179,218.84181942926838,1.0
11.186609,70,351.999952,0.30017880817239495,0.046331574661511284,0.1321256880951489,0.23758609303162492,-0.031422279325384765,0.01739874310581324,0.3416666666666667,216.3790530304604,1.0
10.36725,103,352.270778,0.3660375646772964,0.013762774531224254,0.050435523687968394,0.1669597430787189,0.004807609504730242,0.014364758838855156,0.3567961165048545,217.7059492144403,1.0
12.535116,67,352.444434,0.2993234578976009,0.022072760136110595,0.10424704929342639,0.23788331125129678,0.010233795137688146,-0.018830875616002312,0.31716417910447764,217.28155364903785,1.0
13.706796,68,352.614578,0.3031724223400366,0.013197701263300535,0.0627162224990233,0.2325798351581048,-0.003928947642084011,-0.016208991732826267,0.3026960784313725,213.18554742770812,1.0
5.752258,134,352.970125,0.3982075048244461,0.02087114600166552,0.044720564746974674,0.12913120200627615,0.00964725575449823,0.01363157756617114,0.347636815920398,211.8295958034927,1.0
13.530017,73,353.148602,0.30827191090087686,0.01918019097906895,0.05926680090032481,0.22877201985384402,-0.011868721986633721,-0.0036603732105363637,0.341324200913242,214.50980855081605,1.0
11.605921,85,353.368947,0.3375438052584965,0.055623523512096124,0.08674128543201702,0.19499598921528283,-0.04306789828425635,-0.04117621278739051,0.35588235294117654,227.23461989528104,1.0
12.435718,81,353.609614,0.3291055616005748,0.015514262952885554,0.06690815455008875,0.20350384805051963,0.00561972144154587,-0.01050272550020258,0.3199588477366254,218.81487154882495,1.0
10.846076,66,353.767291,0.29070676653025274,0.030506272941557323,0.09058878575607442,0.24987398782346568,0.028283044529385633,0.04355244138801276,0.3143939393939394,223.2105395010058,1.0
11.057814,83,353.970797,0.33199468460852855,0.024672002785360584,0.058705625372067985,0.2020853565586957,0.016976288728931487,0.009830067767151741,0.33433734939759024,219.26697012888894,1.0
12.586672,72,354.140511,0.3103876494097792,0.01866419255773796,0.09186712826225392,0.22780640693958581,-0.0010438926196937488,-0.02562814153337602,0.3124999999999999,224.06032550395796,1.0
8.811985,94,354.396154,0.3629505863619789,0.05312227935964617,0.11524868187491827,0.16486779167426718,-0.041810799329685046,-0.05023440159147397,0.3510638297872341,233.39347834387982,1.0
11.71455,68,354.559101,0.29926693717869046,0.03119146705607675,0.07824129542374147,0.23358488785399198,0.017052639534348445,0.037730289927733904,0.31127450980392163,213.46561835874297,1.0
0.119283,96,354.774252,0.3636338060322247,0.06184742718881582,0.1123299837173967,0.16289858108693697,0.04600101097574172,0.05702002788284231,0.3272569444444445,232.0855651744264,1.0
12.921729,74,354.969255,0.31323730393443316,0.04723146456541578,0.0782314793224607,0.22049839003502222,-0.02812430119225502,-0.04426089509981571,0.3445945945945946,217.25686187388905,1.0
12.827532,73,355.140168,0.30628760903041324,0.01570744280521346,0.05779566972226026,0.23264052223744264,0.0065225347851362745,0.015742807193615246,0.30593607305936077,217.1064560333495,1.0
11.68646,73,355.31335,0.3082793056311297,0.024135922654428068,0.06930031487412235,0.2256686723682561,0.021658236802581166,0.04771261745382802,0.3093607305936072,214.5055098722147,1.0
11.872406,83,355.534224,0.32814150961538535,0.02153655120805347,0.06571076874073083,0.2058576681595511,0.015188161011634917,0.01037435110450257,0.3263052208835342,214.74031816492538,1.0
13.81657,73,355.708563,0.3052633902088775,0.01620351743571398,0.0556967759220282,0.2330376127580825,-0.005881929399225367,-0.013664808889252596,0.3538812785388127,216.87907266463716,1.0
6.848658,94,355.929693,0.3552663903807102,0.033367639221824265,0.06391088435876809,0.17325226621578182,0.02927931682061747,0.03738431446826584,0.3386524822695035,224.28004582376892,1.0
12.081301,68,356.108015,0.2939161729888715,0.031374832526996674,0.09434536956064328,0.24613099674231412,-0.016797959554303604,-0.003605023286266268,0.32107843137254904,212.5149936180963,1.0
14.239067,65,356.258824,0.28683438877163137,0.01643794794324267,0.0875115005660158,0.2573671703981047,-0.011300584059792054,-0.037818187232728624,0.3282051282051283,216.55156227657247,1.0
11.838489,74,356.434391,0.3097681433014567,0.022970908823929125,0.07198612752298797,0.22668861383616734,0.01543827483779077,0.026125494230670437,0.30630630630630634,214.64239251017113,1.0
12.596408,68,356.606345,0.2953905953193578,0.027599371604077973,0.07941478645390426,0.2456067174076834,-0.010285161798967254,0.004676314011536865,0.32475490196078427,210.99285306362833,1.0
12.096171,70,356.798761,0.29977584054559175,0.04334254075476212,0.11304994117854733,0.24127811988392942,-0.03162815504368573,-0.04616964905012306,0.33095238095238094,218.95158797598745,1.0
12.818399,55,356.928567,0.2669589976276314,0.024492263407875206,0.0886182984901898,0.2833147245911466,-0.00789132300720938,-0.0464523717633093,0.33333333333333326,204.7184192399772,1.0
11.255076,68,357.092648,0.29644906480050687,0.05350053314739272,0.07904916734054684,0.24260638937011864,0.03426529618931585,0.0257383919207476,0.3002450980392157,224.0478078221186,1.0
14.008339,73,357.271724,0.30865997440244375,0.019449996791852588,0.08482002084405273,0.22793125249284005,-0.011519021116958322,-0.03149884081731072,0.3207762557077625,212.79784823014143,1.0
11.961221,68,357.456976,0.29857130318405944,0.057570449479984874,0.11378224313701117,0.2389644676698733,-0.043030168320063227,-0.04521634660275967,0.32352941176470573,214.19900605923047,1.0
11.549744,63,357.605442,0.27814897277612827,0.03162325217754582,0.12987800787797152,0.26536639452195854,-0.014803186720070962,0.022253997171426197,0.33068783068783064,211.69289266212886,1.0
11.94795,75,357.779232,0.31871941328898157,0.030466973099061247,0.09693172473071969,0.21557379115342737,0.008279922607292638,-0.044278813631147745,0.3166666666666667,213.48804653988356,1.0
13.439993,86,358.02124,0.3357146347550378,0.03553194467936878,0.06291262596289829,0.1996422661812352,-0.02085263583578059,-0.027247526507909094,0.3255813953488373,212.64278509842515,1.0
12.485075,75,358.201491,0.32154391604050936,0.0183848399880972,0.0914528044834457,0.20968339141147604,-0.010457893794871302,-0.04084305225414863,0.32333333333333336,210.28568754093672,1.0
11.303599,64,358.412759,0.28402978124678224,0.038207058063363775,0.08727799094562863,0.25695921462793236,0.030818275025724852,0.049687194977014834,0.31640625000000006,222.4529683543461,1.0
13.058177,66,358.613303,0.28798155507124323,0.021624506765262178,0.08860991039964157,0.25340386698530615,0.0031657879653675444,0.020020724425058988,0.3080808080808081,212.44444418877285,1.0
9.485475,65,358.807528,0.29283168513512325,0.03363688921262632,0.10601103663078269,0.24291943553037876,0.029910791286651618,0.05586759251153517,0.3012820512820512,210.91319817033389,1.0
13.067663,66,358.96761,0.2928452391921854,0.03245120628425816,0.0945435251882376,0.24585498055829838,-0.021609697085231326,-0.019138661552541476,0.3093434343434343,213.40686499660012,1.0
10.712219,74,359.144953,0.31718931227857394,0.06077150395150762,0.1298156189708165,0.2156784513639022,-0.04813252457721698,-0.06056410548542856,0.3513513513513514,226.02076847470158,1.0
12.842219,66,359.298152,0.2939237239578544,0.02768864516101995,0.08975464657080659,0.24610933000071952,-0.017576614070083967,-0.02511791505638435,0.3333333333333333,212.54817300429968,1.0
12.781436,65,359.472992,0.2931116060276782,0.021112688928330303,0.07484833436267613,0.24639847220424488,0.007281819812837496,-0.005497657255435748,0.32179487179487176,210.2733321435,1.0
14.227225,66,359.629045,0.28964222973018044,0.014454372793618765,0.06859384718479435,0.2561973792500219,-0.005391490740930857,0.01587408630140802,0.33207070707070707,214.909334182426,1.0
11.774055,60,359.770901,0.27956458378646076,0.021007991160969405,0.08058356105900527,0.261939818365296,0.017286690408113165,0.04278226798429256,0.32083333333333347,205.15046295643097,1.0
13.24124,82,359.995616,0.33032964734901193,0.01699318439487271,0.05659721623430195,0.20335655645475187,-0.004132311201367452,-0.0033787938514403355,0.3333333333333334,212.22209833254118,1.0
12.790277,71,360.17726,0.3009922088297726,0.0391999284026937,0.08757100929987195,0.2401657328710299,-0.01923969844344556,-0.01459844276740581,0.3380281690140846,217.05131507291944,1.0
13.712363,70,360.350235,0.3013515879872118,0.014179605616487163,0.08014126369048244,0.2361703065538177,0.005058021472019807,-0.021276514539771158,0.35000000000000003,208.7996268941185,1.0
12.062125,63,360.503699,0.28833400908652135,0.03028072977069183,0.09306967861507774,0.250297851886628,0.019931173179771704,-0.0013723101853254222,0.3320105820105819,214.57211195884506,1.0
13.544073,70,360.691348,0.3001985154079722,0.015626595753052593,0.0869709138823886,0.2371450046721066,-0.008855374185036374,-0.04381925139343634,0.33928571428571436,210.20404649372747,1.0
13.097896,79,360.887978,0.3238812700653603,0.018121257179361194,0.09377813971213723,0.21378757824738848,-0.009383439855298268,-0.04012556264145627,0.33755274261603374,217.87892066822508,1.0
12.504075,70,361.062261,0.3018518297851116,0.021904044069343452,0.09351516877575522,0.2374711844089282,0.013709813498248966,-0.023297900402861667,0.32142857142857145,217.35667959380746,1.0
12.846554,88,361.294407,0.341407244503468,0.02064865694687306,0.06549842214882126,0.19133931097700885,0.0024104555205302436,-0.026635410026892282,0.3418560606060606,212.8424871048308,1.0
12.883259,61,361.445536,0.27981284465576584,0.011125536983513231,0.09235864192530244,0.2646700078843686,0.001029785743262458,0.02730271353846057,0.31557377049180324,212.79662312843237,1.0
11.919624,75,361.628654,0.3137656683405269,0.027613779638309986,0.09178401991079507,0.22107618164512832,0.01896309664396606,-0.01170172117054626,0.3333333333333333,216.5938773219812,1.0
13.066007,63,361.775907,0.2813399822929784,0.016932745934764674,0.12635738176575018,0.2645930414774321,-0.012837885096937153,-0.08049102831950689,0.32407407407407407,216.85121768588039,1.0
7.131605,66,361.948771,0.29830717569210224,0.061501121924628,0.2009747400419315,0.2363532054263582,-0.046767657705392596,-0.12154579583953885,0.3282828282828282,228.95765813851938,1.0
13.327146,65,362.115522,0.2878467970271043,0.01688478558440516,0.0771328836780783,0.25456607141147775,0.00892095517665062,0.016743250132414532,0.335897435897436,213.33048449778332,1.0
12.383284,63,362.266848,0.2855825396149011,0.03444066134618804,0.14230471517261756,0.2582117035625279,-0.025652231953204215,-0.07521921966285673,0.3121693121693122,218.55940403839082,1.0
12.443684,72,362.437526,0.30991739251992984,0.03527221502596027,0.07976795059224809,0.22568048790875242,0.016782668271052847,-0.010999176013608404,0.3402777777777779,211.47532281940315,1.0
12.303681,57,362.589837,0.2643375916313869,0.031079126566191825,0.09990476814870529,0.2906179657823023,0.026021340868760897,0.058671978569794725,0.3055555555555556,221.3210579351012,1.0
11.6939,59,362.726418,0.2777924461855287,0.05958683951970276,0.1075122601993729,0.268140422626085,-0.03147323580726394,-0.0380700664498162,0.3531073446327682,213.96801754431706,1.0
12.830073,69,362.886832,0.3020713525601195,0.018770087334885395,0.11349354179228369,0.23538057522479397,-0.007451300417660891,-0.06538753407349987,0.3260869565217392,214.42350839745922,1.0
13.334574,70,363.063209,0.30320316420481436,0.025702715226691226,0.08682527528085883,0.2338989512460229,0.01238300509632875,-0.02108733034647576,0.34285714285714286,214.487987902361,1.0
13.582698,60,363.235425,0.2749539852037144,0.0160071638462423,0.07442064612536918,0.27846261797610183,0.002247215399254128,-0.014056686358854651,0.3236111111111112,212.25027881250588,1.0
11.253087,55,363.371745,0.2642156899071595,0.01860484490726338,0.1256407277325635,0.29569993634915376,0.004188033113291403,0.025403665600441265,0.31969696969696976,221.50451267610285,1.0
12.786187,56,363.507474,0.26628476754306607,0.013570903679761779,0.09645227841478915,0.2881069891991439,0.004789619210383948,-0.017347844861582033,0.31845238095238093,214.36199006741097,1.0
11.40054,58,363.648575,0.27452034875319564,0.02519352151576249,0.12538712764930487,0.2774645074232614,0.014774643946769781,-0.08015702533392294,0.3290229885057472,209.9743506046654,1.0
12.612649,67,363.812195,0.2927447608898615,0.0388770042056353,0.059543670974116884,0.24516827393085316,0.03615993902055054,0.01567469357620699,0.3407960199004976,222.91992194176393,1.0
13.397414,63,363.988674,0.28188324415553234,0.021937626572187258,0.11843824581108027,0.26531536338771583,-0.017720259736134735,-0.04452111057352087,0.3412698412698414,219.42740931570947,1.0
9.292303,56,364.118523,0.2702226202442362,0.05800372553176997,0.11040185144898405,0.28189559475761305,0.04508365928696736,0.057091821681208584,0.3511904761904761,218.1488447761695,1.0
12.493059,68,364.277196,0.2951872894870028,0.016291870112477333,0.13559898590843497,0.2460292866168214,-0.008701758186132988,-0.06073429518734385,0.3492647058823529,216.0953865819008,1.0
9.116274,57,364.418181,0.2768125867205187,0.04104304714313164,0.17812241764845058,0.2735113414353547,0.02449972498224303,-0.09248837946702504,0.3157894736842105,208.52075952294592,1.0
4.794261,71,364.616991,0.3179436951324693,0.07524618453506447,0.09014179145586633,0.21189326668340666,0.06458857649968984,0.06023122072226732,0.3145539906103286,233.4005900772267,1.0
12.322886,57,364.756514,0.27146600757948486,0.02740939977429766,0.11614842641172078,0.27885232516048175,-0.009457863643715071,-0.030188662428033558,0.3245614035087717,217.63964866659424,1.0
11.078815,64,364.916008,0.2861243649968984,0.039663543354759266,0.08947585494002133,0.25432134145187213,0.03773136571717256,0.04147933463303595,0.35156249999999994,223.56063950634865,1.0
9.99343,64,365.084736,0.29396246408823273,0.05465482353421843,0.09637140194316812,0.2451695522487703,0.041419372650742435,-0.011621258776900897,0.3541666666666667,215.35193239238438,1.0
13.812264,66,365.280352,0.29151317265278964,0.015489212411607835,0.08770700059334402,0.249184655768929,0.0024224074452331257,-0.004809950890560683,0.3358585858585858,221.73431552327042,1.0
12.4914,74,365.475628,0.314796311223327,0.017554757722516426,0.05679563722967095,0.22216534245923858,0.013121785607293384,-0.016677233350869018,0.33783783783783783,222.58310780223715,1.0
9.933957,78,365.677224,0.32631656711857127,0.02003547306562776,0.16808154433948366,0.20869115926685483,0.0015259244020024358,-0.08553203057146858,0.3354700854700855,221.27981764709207,1.0
10.003515,83,365.921793,0.33397292121294003,0.03573714752347626,0.16379940639241425,0.20240782150108214,-0.020146711449418642,-0.07425133868455688,0.34738955823293177,223.50597775374482,1.0
13.171638,79,366.122787,0.32866730616547846,0.019839428938021486,0.052951463112582434,0.20719365076274088,-0.0003856852964564183,-0.01537588734578319,0.34599156118143454,207.67220970143651,1.0
10.063269,77,366.311837,0.3268315282153345,0.024992730000223944,0.14223914147583602,0.20583173059051965,0.015731550852079036,-0.051835528437439556,0.3593073593073593,215.50988280691763,1.0
11.275997,72,366.495525,0.3160024824128563,0.0483715356293461,0.12055379445645209,0.2191770860399376,-0.03469033931811842,-0.0767223297767276,0.3657407407407407,223.2470835701596,1.0
13.508179,80,366.729216,0.32823509526191436,0.011606559186507723,0.0695258991308243,0.2092048625868741,-0.001174934529419911,-0.030108870814551353,0.33020833333333327,216.2960879677359,1.0
14.100131,74,366.923234,0.30932012467883613,0.016041250658714094,0.07812973772030307,0.22911172362243068,-0.006803552473775758,-0.002448813569221257,0.3581081081081082,216.78026957786096,1.0
6.395079,78,367.119118,0.34084587864326105,0.1080442474456883,0.10617095234143191,0.18971116929135967,-0.07529769817274844,-0.06252572771421527,0.3461538461538462,237.1007036930707,1.0
13.473405,59,367.286612,0.2732462392536154,0.02472569152500385,0.06764694356232025,0.27639751298382315,0.017397451034981158,-0.02430005904846198,0.35593220338983056,219.4097017443971,1.0
13.311679,60,367.433164,0.27731671706736694,0.017318693740912307,0.06994082373999204,0.26983537264871865,0.014772965061254114,0.005816552919553192,0.31388888888888894,212.91723125039616,1.0
7.588061,68,367.598169,0.3027054101844403,0.06387303562395714,0.10817615570138417,0.2305185169994081,0.04873847750254606,0.0664019743575209,0.30024509803921573,220.08502506131015,1.0
12.756561,75,367.780287,0.31345273801628265,0.02131654976656902,0.05267488127130482,0.21984586431054812,0.012969931083324875,-0.008472200514145156,0.34222222222222226,216.55915639946028,1.0
12.462206,67,367.98476,0.2910539112524739,0.028574764918316693,0.10226492753829888,0.24778331846538212,-0.007442486201252219,0.029177236207085375,0.34701492537313433,215.31378453819104,1.0
13.877458,63,368.140742,0.2840389200464656,0.016948259452382066,0.0681380452286781,0.2598303134886198,0.0021744977441975257,-0.006598483048242251,0.34656084656084657,218.3758936454365,1.0
13.371736,68,368.324404,0.29647935142309073,0.04026419274730405,0.08532408916531481,0.24188398340664055,-0.027278445877965084,-0.005078486057593947,0.34436274509803927,213.53418323208578,1.0
11.741212,74,368.515761,0.3149400818809121,0.02476326827078953,0.12883625469704282,0.2235734287906776,0.011550673996942616,-0.06393203332957649,0.36373873873873863,224.723477619068,1.0
13.190852,68,368.709381,0.29842277308885984,0.025397461381747265,0.07856744870842977,0.2420140927372604,-0.008637487937964098,0.0026989258905250244,0.34681372549019607,217.77009026045565,1.0
12.158391,69,368.881611,0.3043724215443327,0.027627357725656096,0.12744929444794473,0.23588110737693843,-0.021121038671196846,-0.07705527363522334,0.3852657004830919,222.1682726094301,1.0
13.45371,66,369.040284,0.29553786304113866,0.01120468329410545,0.08558349342569815,0.24404012527639346,0.003405758160296279,-0.031028106537476573,0.35227272727272735,215.67099742857653,1.0
13.035847,62,369.22973,0.2757329238517316,0.015575443980851537,0.10943167971334573,0.27089649809697386,0.0062672151852497205,0.04674612893819259,0.3508064516129033,223.1264816628444,1.0
13.249965,61,369.384067,0.28373899110060713,0.04822609189354148,0.0688143685761404,0.25737337381745146,-0.03426887761084896,-0.0221753841677401,0.34699453551912574,218.35672014475153,1.0
11.261482,70,369.557072,0.3065836840336784,0.03983091618633063,0.11657580542450775,0.23090746702612397,0.02161532680344311,-0.0353881174951759,0.34166666666666673,222.2060270979467,1.0
8.988931,68,369.719163,0.30708434128331913,0.08891421774420373,0.13487076393590428,0.2271308085507822,-0.06358246514957566,-0.06714022588750036,0.36519607843137264,231.28184822218697,1.0
8.949354,93,369.965935,0.3617641789254448,0.053643689441884274,0.12704556740261702,0.16647037783736612,-0.03799438334202764,-0.06511863934957214,0.3888888888888888,234.7442791027424,1.0
10.323111,71,370.138472,0.311600693837743,0.05726067277728154,0.14589141214221193,0.22520675044442168,-0.041780248155850276,-0.10392187340964322,0.36971830985915505,220.60944609924,1.0
12.355677,67,370.292841,0.2930879431376759,0.026066595923334716,0.11642542030020601,0.24901596568052434,-0.009330753096401188,0.030687897193032665,0.35323383084577115,216.38577830184764,1.0
11.580536,68,370.450322,0.2998890669242581,0.04286655395898139,0.10918531918895613,0.23796813190582058,-0.029328269451521578,0.014405405630419832,0.35171568627450994,214.14384933670033,1.0
11.218345,77,370.645783,0.32020116673067106,0.04050829012295377,0.05745662612289293,0.21613012026083586,0.03126021536347006,0.005683327711153623,0.3690476190476191,222.8549225239148,1.0
11.580456,72,370.816891,0.3087388397242762,0.027179391293820937,0.08022963456674165,0.22726780336236663,0.015130323634375005,0.01635130589228158,0.3773148148148149,216.35669038428674,1.0
11.276927,72,370.99223,0.3122994999043217,0.015493466399421651,0.14450609497262,0.22369446900425297,-0.004795884350262399,-0.07401034170532797,0.38773148148148145,215.1507077951245,1.0
13.925238,61,371.161298,0.2808365494186188,0.021676203275745848,0.07792261191416587,0.265064626655717,-0.009971957225002286,-0.02572382031890666,0.3674863387978141,220.42048358416417,1.0
14.420834,70,371.335746,0.30054955998923255,0.014553713545564706,0.06906751930650487,0.24388123089523583,-0.004512844653887507,0.00880583936350741,0.36428571428571416,212.5041853414843,1.0
11.33136,60,371.481776,0.2712024079794178,0.022028524242834715,0.12351342476911353,0.27913326850297104,0.007511028529088179,0.032855528608907295,0.3263888888888889,221.9428562993567,1.0
12.655567,65,371.640773,0.2920675548481567,0.03328001617638243,0.10355118472893944,0.24650306934884292,-0.01940431187532157,-0.009789684046823342,0.33461538461538465,211.268420030255,1.0
12.209836,74,371.840807,0.31417201307195153,0.03767718725264919,0.05005760498129868,0.22048075679342913,0.031154876367821327,-0.0012764944125667984,0.37274774774774794,222.95609176525514,1.0
12.274556,66,371.99644,0.29114669433890816,0.013448361952358157,0.1102789920948623,0.2514793898850147,-0.0010541534704779133,0.0018590960813038495,0.36994949494949503,216.59712086236314,1.0
12.328793,64,372.145899,0.2850831536558904,0.023756314324966006,0.07939845606555108,0.25671611453526116,0.0191826470649503,0.009059720517849713,0.35286458333333337,223.33390649882105,1.0
12.332782,56,372.276064,0.2655401301935752,0.010537333093566876,0.09344906293607506,0.28723613947575416,0.005326559346299786,0.02042194608142524,0.3407738095238095,214.28003334692113,1.0
13.835101,71,372.470266,0.30922730880046606,0.0072389226914796375,0.08254311122871451,0.23011694981527347,-0.0021528777318837386,-0.02906160238411724,0.38615023474178395,216.01017913802013,1.0
13.060703,68,372.628077,0.2944359433590533,0.015825182600295813,0.07143452573372143,0.2463196163605481,0.0023829387419325777,-0.02928102474325315,0.37500000000000017,215.28586615857904,1.0
13.308591,70,372.793408,0.30039916417746493,0.014512636698868937,0.10667569317197298,0.2369386080044661,0.0040766340899786495,-0.05530653201841676,0.37500000000000006,223.2068571914211,1.0
9.869451,62,372.937142,0.2816418360782146,0.04500176099515323,0.1072734046102908,0.25757828139375755,0.035156339009062926,0.06233880825406181,0.3561827956989247,216.53174435648205,1.0
14.097295,63,373.115539,0.2856320383809939,0.02139531841256229,0.0559580842280748,0.25815372226320077,0.0035377193129309554,-0.003250621153958468,0.37433862433862436,216.4526931249428,1.0
13.396755,61,373.257035,0.278870624310271,0.020817777606826217,0.09161574656180664,0.26744386972550394,-0.010099374836728587,-0.05245172084796447,0.3592896174863388,214.26281000575094,1.0
12.971663,63,373.405332,0.28154199590257584,0.03340304678858486,0.07756652963381092,0.26017956438544526,0.015906926616841222,0.023098270266395538,0.36772486772486773,215.78488426169497,1.0
12.608969,58,373.547475,0.2729873295619639,0.027664713637327067,0.11974233414218166,0.27433754044978165,-0.017148893862516824,-0.06803663154582297,0.35632183908045967,213.92207398751324,1.0
11.471163,60,373.725718,0.275264998352292,0.05157742706611861,0.11428395747757211,0.2696488862019333,-0.024091625218986817,-0.017339507873175633,0.38611111111111107,215.46551730484097,1.0
13.078293,73,373.904759,0.30940150494872026,0.0342729887098097,0.1039982918872817,0.22830319140804953,-0.025410146851043744,-0.04552093395990152,0.38356164383561653,219.809479892826,1.0
14.069488,66,374.071014,0.2858047894340189,0.01446157055182425,0.0576233722383941,0.25551220283725423,0.009197312148027124,0.019835206405200898,0.35227272727272746,216.7421992736084,1.0
12.555478,67,374.24193,0.2978502719366502,0.03264055820847692,0.08839268512757059,0.24046083139076627,0.021466783630715195,-0.03820228337324071,0.3743781094527364,216.28318790140332,1.0
13.908256,66,374.432824,0.2877499995770944,0.01121594424893101,0.07917257644193457,0.25477454760907936,0.004729050227640372,-0.01845847591620457,0.36994949494949503,217.59682248593,1.0
14.681425,65,374.584078,0.2819381101968339,0.039653319842882014,0.07845337304147197,0.2653233530227322,-0.030488089696629216,-0.032337843988374464,0.38974358974358975,221.45499349799098,1.0
11.079153,60,374.730856,0.27783199806814207,0.02740924450479028,0.10101144703487727,0.26475443523500947,0.024866853225602406,0.063193572555463,0.35694444444444434,218.82049232962171,1.0
13.551701,57,374.861876,0.2724147584317402,0.01187708689786978,0.0694112503575077,0.28522686896112454,0.005821910592121527,-0.009221796773008493,0.3713450292397661,203.17329861105287,1.0
12.770596,61,375.029131,0.2767903697317808,0.03829020406992389,0.11242615182300622,0.2692044542967581,-0.02674175563145115,-0.00138763930453963,0.36748633879781417,218.39788070701567,1.0
13.983802,62,375.17456,0.27946793527241326,0.013620169576205184,0.07965347233726111,0.2654527790460084,-0.005495482712884161,-0.020627502271455832,0.38440860215053757,212.81363517145846,1.0
12.929678,57,375.311762,0.2718368348760735,0.025792592524122887,0.09806543297997662,0.2809598182835562,-0.014930307069651996,-0.03507814134703515,0.3640350877192981,213.1079550309863,1.0
13.460033,62,375.45947,0.27790440887118245,0.030861428409764576,0.108687447059722,0.2676478222271013,-0.023172258003640707,-0.03363158147077932,0.3870967741935483,218.11332477915172,1.0
13.286116,66,375.638678,0.29125833455873185,0.023755464707704645,0.05600489921852829,0.24665268823499223,0.018973524209533587,0.005626139261613392,0.38257575757575757,217.1330727477702,1.0
13.055967,62,375.782086,0.27965092839604155,0.02619433106413069,0.06931649593225599,0.26096126239120215,-0.0039848888435030025,-0.0028939961592894235,0.3736559139784945,211.76770303071203,1.0
14.745812,64,375.93775,0.2830646094657485,0.013298279323853695,0.05656939223852986,0.26065494796625643,-0.0068011379222486165,0.007542448035269872,0.36588541666666663,219.51285103215372,1.0
12.226254,58,376.07643,0.2721650869649969,0.027056298186970352,0.0974756974159972,0.2723480394293512,-0.010234050146884782,0.01816438698202036,0.3749999999999999,214.57791008554491,1.0
11.857425,65,376.253372,0.2907741018503861,0.05398965889748517,0.10431408758056676,0.2478555057687162,-0.03683214302592022,-0.02271373676984337,0.3923076923076923,212.20944896655897,1.0
13.398649,65,376.4125,0.2872670734911828,0.02797056310531538,0.0909099082789151,0.2516150127363461,-0.01760236584509267,-0.02293943621906952,0.36153846153846153,217.95009207145378,1.0
11.354802,57,376.547043,0.2666939776824946,0.021900870047140426,0.11627871101245074,0.2816740033294743,0.011433320650341135,0.04603160928685098,0.3421052631578947,212.8967081389679,1.0
12.980086,72,376.714064,0.30933027829885607,0.017270182856058573,0.060179565233912095,0.22494211455187887,0.0022068618020660517,0.015073176285216816,0.36226851851851843,210.00022879920522,1.0
11.208389,71,376.899943,0.3081160123469231,0.05018314840910912,0.06757820620630212,0.22753827522706221,0.030574582127274205,0.01273505219750483,0.3779342723004695,221.27524124018865,1.0
12.896277,59,377.053383,0.26974863241225294,0.028170291410060673,0.10260901891298023,0.27792754607257397,-0.01640877566939033,-0.01083890090117999,0.38135593220338976,214.76983515232726,1.0
12.684186,59,377.194283,0.2742508896425815,0.021422585612037345,0.08036455020546933,0.27051298696530274,-0.002043309189865874,-0.014470970848915427,0.3799435028248587,217.9379444393687,1.0
12.9143,58,377.344068,0.26756221083649345,0.01987948521666629,0.09559130526856736,0.28376036625246664,-0.007333958179366545,0.016496867530505527,0.3706896551724138,215.61062544196344,1.0
13.547547,58,377.4814,0.2702437775011863,0.019846175728290567,0.0715056392157562,0.2777551024588888,-0.007115656576097301,0.02043784761583098,0.3807471264367817,210.39878698291528,1.0
12.278772,64,377.664909,0.29138300784909665,0.04290473419097942,0.10499230748494766,0.24877244015362454,-0.0283537738496991,-0.05753755734887366,0.38802083333333326,214.87227553049942,1.0
13.34949,61,377.808634,0.27548306176383536,0.01282862608000389,0.05913527132272159,0.26666648246756325,0.006407170283765941,0.02173770236897009,0.37431693989071035,220.18480233423477,1.0
13.246289,78,377.991108,0.31854863556728624,0.021109134275985864,0.05527871542288259,0.21882244975008816,0.015245743705730787,0.0021554102574103634,0.40064102564102566,212.67533586381867,1.0
11.911798,73,378.186719,0.30613223840721027,0.048712539982634286,0.09724030608947974,0.23235877624333412,-0.02513985838189607,0.006766457533956285,0.39269406392694056,216.8388644687715,1.0
13.508258,58,378.321505,0.27369112268495066,0.0319962475223019,0.07857154336904577,0.270678034206185,-0.02328851081583397,-0.019319343291742636,0.3778735632183908,218.16554685888696,1.0
11.652201,62,378.461549,0.2880828196924188,0.025733789701185613,0.14562645988786144,0.24847581807319236,-0.02137698786563261,-0.07141225705709535,0.3723118279569893,222.61637214071027,1.0
11.894323,56,378.593346,0.2609907917846206,0.031328373711651855,0.105874876578019,0.2900694584239482,0.004346689055291457,0.0487242028108638,0.3586309523809523,210.93037675404062,1.0
13.692675,64,378.770115,0.28690162659163465,0.018740544873287836,0.08045092384492394,0.2534166491467625,0.005610087257123357,-0.03387770003712578,0.3997395833333333,217.06851688510858,1.0
12.482703,58,378.91184,0.2700083801921364,0.026783345665520552,0.09406446421645319,0.2752841739820151,-0.005942786043159965,0.03106351850074791,0.3520114942528736,210.2369573343012,1.0
12.214776,64,379.069746,0.28888719906106364,0.016622349911832108,0.0946298158553044,0.24665540714762824,0.007903312323402304,0.039948060228262756,0.3684895833333332,208.4469576442308,1.0
13.512142,62,379.216935,0.28274708145847627,0.0179716273577357,0.06595934217624033,0.2584384408847264,-0.0018475921286050985,0.013961587868218195,0.3790322580645162,211.6938973602499,1.0
13.017744,66,379.383095,0.29488850097256764,0.055835292432605245,0.08897671207058926,0.24302185539806226,-0.04450700996927853,-0.022270309960723822,0.3939393939393939,216.69002239460306,1.0
11.696242,67,379.579369,0.30274302813983933,0.051805819425293755,0.11982493684189549,0.23049922999070813,-0.04045608632175501,-0.0678021128026761,0.3594527363184081,225.37072260964084,1.0
14.43494,67,379.747002,0.2946725443322634,0.028878200552361823,0.0805660780541659,0.24238271341952738,-0.024590572703252152,-0.010675013984603002,0.37437810945273625,222.95231096110388,1.0
12.168331,60,379.890716,0.2780757263468825,0.02813080031509022,0.07150492442435627,0.2617228762025471,0.026235885951233183,0.016122618141594467,0.3708333333333334,208.50806737100447,1.0
11.70636,54,380.031782,0.265160560544781,0.02075861318390505,0.09954985452597691,0.2853203034652875,0.01342329881319982,0.06100911928389758,0.3487654320987654,210.81202491055095,1.0
13.552386,66,380.217879,0.2981534981198191,0.03486226458294485,0.09118482717825835,0.24197972082293015,-0.023904339243831764,-0.030277221615013065,0.39141414141414144,224.9714900464812,1.0
11.677137,69,380.390157,0.30621133859818456,0.01891867732398318,0.12453583092102394,0.2288259472962056,-0.0035936906329343014,-0.049189806487180326,0.38888888888888895,217.4481037842721,1.0
12.424179,59,380.534161,0.27540648246225413,0.030410954669785963,0.10203738264570494,0.2670071173945084,-0.0216716805892602,0.03339782470586942,0.3742937853107345,211.79659354412257,1.0
14.093359,64,380.689229,0.2882734646341467,0.01724112331866955,0.05834087491678011,0.2505907574682954,0.012503706941127122,-0.016689626010944116,0.39192708333333315,211.62048305854807,1.0
13.004768,61,380.864883,0.2837104846827622,0.02249269082198358,0.1046909190865161,0.25694417396876357,-0.01260855803987525,-0.05128978678519374,0.3620218579234971,223.49547361656636,1.0
13.127829,58,381.003654,0.2744531745169915,0.013434838947267968,0.07492946342409339,0.2689374555205358,-0.002602687199167785,0.02031493597647474,0.36494252873563204,214.74196290030184,1.0
13.730014,59,381.149431,0.2797869525643095,0.03565811951749075,0.07143407220771897,0.2605727144631074,-0.02049517961801499,-0.0016891419604180332,0.33615819209039544,212.72823499952975,1.0
14.549056,69,381.321844,0.299736987125804,0.01767294430356565,0.06982449443278896,0.23938236430738297,-0.0023528571060192805,0.01889104241246597,0.36111111111111105,221.2922604537558,1.0
13.284405,64,381.512613,0.2922358133572641,0.016560611553520618,0.09118123911645366,0.2452849501606223,0.0016552956140497396,-0.05389343861170538,0.3697916666666667,223.11410671033713,1.0
13.216753,69,381.682525,0.3017975852902643,0.023792907685931917,0.07071464383199215,0.23265287455904382,0.016987287625675116,0.024156952323282164,0.36835748792270534,222.69133451969853,1.0
10.286972,68,381.85025,0.30244123433017256,0.041927245823352964,0.13862614942073823,0.23712478711056195,0.028830811857314474,-0.01687798820551691,0.3823529411764707,219.32645983562205,1.0
10.658153,83,382.074526,0.34014724041512173,0.04186370647611085,0.10912700121512038,0.19159777236668424,0.005315428530309957,-0.022073383772505808,0.40562248995983935,229.23983340983312,1.0
12.064006,70,382.244389,0.3070412181228787,0.022112108212449095,0.12876595097898078,0.22800198282345138,-0.006977119056544893,-0.06121188021594186,0.38690476190476186,227.18679899072086,1.0
13.897183,65,382.403005,0.29206448895811443,0.02073986871800583,0.07391102586971375,0.24487858026336234,0.0016661506622008082,0.006706871868123955,0.3961538461538462,212.44878257021185,1.0
12.406599,59,382.541951,0.28412618666294703,0.0315229905289884,0.07694433313619642,0.25764072464243304,0.015941868026967985,-0.015284433682322244,0.3686440677966102,214.35419246562716,1.0
10.684794,74,382.741194,0.31989661995427227,0.053890764736427614,0.09466932976756912,0.21476247200816503,0.026837588581226104,0.014547736211267863,0.35698198198198217,223.70217828913601,1.0
12.938344,65,382.901321,0.29308686699130665,0.021655560782219,0.08688660274968764,0.24564051443701856,0.011184321209748374,0.029390446303544204,0.3948717948717949,215.55680802615686,1.0
12.307941,85,383.1144,0.3388853133278439,0.03516645398401955,0.05304326166684804,0.19445216304137802,0.024926031455490993,0.013707322815908456,0.4098039215686274,220.52390344259612,1.0
12.980098,73,383.296909,0.3144108276103973,0.024688383701346517,0.06659749851125274,0.2202201038185403,0.00709125936463544,0.031611981457249784,0.37785388127853886,223.58339045016834,1.0
13.380754,59,383.458989,0.2772583968909748,0.01879862723207451,0.08801384513609121,0.26134665048600336,0.000688920045369763,0.03316868926996763,0.39124293785310743,215.8310637268252,1.0
10.035411,88,383.673888,0.3471188697442347,0.04329616369940737,0.12090870527579377,0.18491522765168675,0.018805891142034167,-0.03955247440791586,0.40814393939393945,223.3155144177804,1.0
12.408911,61,383.822997,0.28406234029592375,0.031709772210733025,0.07170334182704251,0.25684975292888246,0.021842776467854083,0.03970785126220542,0.383879781420765,218.64691778552833,1.0
13.651794,66,384.010698,0.29500436472474373,0.025351525217449978,0.0664075601212234,0.24237700332439416,0.015709578746344707,0.0016549193881489036,0.39015151515151514,213.32967647957483,1.0
14.167909,64,384.167284,0.28936307682288875,0.01671602235617931,0.0710080205462725,0.2500214403780756,-0.0029930821258321366,-0.0003782515662776923,0.3997395833333334,215.20352154067595,1.0
13.930886,64,384.323621,0.2835342699137587,0.020311758062796573,0.08017583019043108,0.258512061210463,0.005420972801349747,0.0419592324762562,0.4010416666666667,214.99082682822888,1.0
13.266004,67,384.492272,0.29668730523644654,0.031086247715382827,0.07323588865398273,0.2415021357332154,0.018775831230500126,0.005626296451226563,0.39676616915422885,219.3484235059092,1.0
12.370978,62,384.655617,0.29023277388416907,0.03298879729022546,0.091761633265379,0.24531246111898117,0.00416511065442423,0.005479613519975429,0.3723118279569892,224.67904273173485,1.0
11.259399,62,384.802835,0.2864850284815713,0.04919650435549562,0.11022405728781869,0.2541477125172087,0.02978107660258074,-0.016707293140386586,0.3870967741935483,216.96631357681161,1.0
12.887708,62,384.958596,0.2807104782750835,0.02500884429524362,0.12154914385693555,0.2616216302462921,0.01133555968768357,-0.04129285958251026,0.3965053763440861,218.78753957713076,1.0
13.375556,62,385.125435,0.2832760369237873,0.01818516734172033,0.07862661740296767,0.25720853853719894,0.012837700241212462,0.007561924455883551,0.3911290322580645,210.47117509905908,1.0
13.164699,64,385.297595,0.29236547491072973,0.022042451148887365,0.1093549488632551,0.24551495204412174,-0.012227650026571626,-0.03957214356464727,0.40494791666666674,215.98517128771013,1.0
13.160037,57,385.441134,0.2700443949466807,0.01750074107528924,0.07610541602427337,0.2770596549640673,0.011532965459595671,-0.02974274477692094,0.38742690058479545,212.01495927512232,1.0
14.313351,60,385.594112,0.2757234901753237,0.02863401584833527,0.0733807180426463,0.2675584000381384,-0.017056558715372417,-0.021234814195742822,0.37916666666666676,212.9259500361604,1.0
13.291631,69,385.769798,0.30522467174296475,0.01814793503003851,0.06325916527504552,0.2291082468264596,0.01119286380652766,0.00276758836599519,0.4166666666666667,211.27404398339743,1.0
14.125646,63,385.930109,0.2850143981655166,0.014187392900549607,0.07371600059139578,0.2570312977799429,-0.0027022357195039767,0.017543300031498274,0.4126984126984127,214.14099423879424,1.0
13.520302,64,386.101356,0.29256854087999123,0.02550344413826332,0.05729852065555246,0.24485174168306342,0.014225713597796999,0.007279317922511954,0.41145833333333326,211.2146718088369,1.0
12.98815,60,386.246617,0.27947391277134453,0.021484725057965857,0.11698622694013985,0.2604745485565673,-0.007900445079159126,-0.03883198443260341,0.41111111111111104,224.46290852660883,1.0
11.358273,50,386.370737,0.2579045429470874,0.021710233638109352,0.09440620727268335,0.30293362817506114,0.008089356767109855,0.02004123400745069,0.39666666666666667,208.7355399592986,1.0
10.9583,59,386.506941,0.2772796973059199,0.04956617990468144,0.09898822337280018,0.2674365521227271,0.03748888694605351,-0.020677961109832117,0.3926553672316386,209.56516758800822,1.0
12.676234,57,386.661821,0.26994003928659405,0.03745857970296997,0.10524213399094388,0.2814233637628805,-0.019766106479973188,-0.006315821909373229,0.412280701754386,206.6646254361053,1.0
13.065529,58,386.804391,0.2690555815325124,0.014232972617528225,0.081810788849758,0.27981210182944594,0.003924918468352306,0.016032291165901654,0.4051724137931036,211.3183623857306,1.0
12.831367,65,386.963462,0.2846779531751507,0.043680539801853935,0.09891542701549777,0.25883990776239,0.021141293028963108,-0.0008735144716657227,0.4115384615384616,222.66612106227774,1.0
10.433935,61,387.117158,0.2789641785548135,0.05400007558739591,0.10350730670439823,0.2633487933689902,0.03752121937674011,0.06130116285782203,0.3770491803278687,214.5350063566738,1.0
13.712054,60,387.284825,0.27565697330313504,0.018420100191520093,0.0730101000447587,0.26778914828377826,0.007004628343805577,0.009852899448118568,0.40138888888888896,211.52539618822505,1.0
13.049784,57,387.430508,0.27002383411138287,0.013884981332363674,0.0921537047787088,0.2752729449800299,-0.00344397845104972,0.0019000009946094152,0.4108187134502924,210.0985524398976,1.0
12.296698,69,387.60149,0.30383181091629774,0.046234440965210864,0.12559611476238097,0.22829878245541904,-0.037568917695840254,-0.04863234947069659,0.4166666666666668,234.87059927401884,1.0
12.715635,57,387.742937,0.2751442919001718,0.039374853818864436,0.06355619032088819,0.27107581901464384,0.028925250872628507,0.02118015218414614,0.35964912280701755,200.51223873005466,1.0
13.247579,61,387.913098,0.2760656119817712,0.0270186191075644,0.1323313271126172,0.2688629147866484,-0.020476087564785927,-0.05307683490476347,0.41803278688524587,225.33278625560786,1.0
14.050082,59,388.052476,0.2688975198153177,0.014986566576967956,0.06384023898358776,0.28234685151799815,0.008512161253252295,0.01820646816594032,0.3813559322033899,208.73091791734294,1.0
13.687751,57,388.195918,0.2696786333892177,0.022552998482337223,0.08252070361164539,0.2760810143658473,-0.010112691940853178,-0.02247454112735317,0.391812865497076,217.0436254048993,1.0
12.504634,60,388.391986,0.2781127032637841,0.03695012305890719,0.07011327910781986,0.2670065298282035,0.027829850466946422,0.003689802836481776,0.3944444444444445,212.15562945046898,1.0
12.958167,55,388.561936,0.2667934781302677,0.019340000134196563,0.08525189318796739,0.28189434383171685,0.009664348229163327,-0.023938325906834992,0.41515151515151505,200.79948460185383,1.0
10.970217,53,388.728399,0.2661296368791135,0.030905493536305624,0.10467600010495041,0.2845054805527366,0.016954925857092212,0.006292868801225951,0.36477987421383645,203.38786639921705,1.0
13.834915,61,388.879562,0.2803559486752124,0.024181692098852597,0.06842809927399617,0.2612928429048671,0.014099739745354398,0.014451502829997725,0.4030054644808743,203.5689445191592,1.0
13.60783,59,389.025595,0.2773211777693605,0.01375155330566182,0.09839257595963274,0.2667205407516906,-0.0005658620476980019,-0.035783561663760656,0.37288135593220334,206.39724435424174,1.0
13.743682,56,389.157992,0.26785802610130294,0.03129073627432937,0.0757927134708145,0.28023079439032367,-0.01815898318003145,-0.03074646711887895,0.40029761904761907,212.87019886061086,1.0
13.625667,62,389.334629,0.2849370231974503,0.030964790232956098,0.10482900790600153,0.25474053997160034,-0.02452507264618077,-0.04899212391747102,0.3897849462365592,215.3736470915271,1.0
14.299588,63,389.482106,0.28198897937124034,0.028940958147742123,0.09748508535471434,0.26241356381412484,-0.01958341927905144,-0.044622710398951416,0.4193121693121694,220.64133066530226,1.0
12.106542,62,389.639153,0.28579941299432604,0.048677512388819594,0.12481351156958317,0.2536818731564952,-0.033317917661536633,-0.06423114493755301,0.4086021505376344,222.17531798256582,1.0
13.98341,59,389.778526,0.26964800701253744,0.026007399870559802,0.09655982833036843,0.2777969509591715,-0.01697066544791066,-0.04176787997530489,0.3940677966101694,227.8725490484499,1.0
14.160745,62,390.354692,0.28301530137450986,0.01692649724099109,0.05791533594464844,0.26014816411787695,0.006272623805627592,-0.004011655838339139,0.3978494623655914,210.85998110216357,1.0
14.061474,62,390.50554,0.2839233749446717,0.01880959646419197,0.07765860194908605,0.25521369065316196,0.003166693609822068,-0.03573043141612272,0.40725806451612906,210.60840145368746,1.0
12.91001,55,390.64434,0.2694656503112756,0.016575793771988798,0.09396939788669172,0.2781090321785766,-0.001903589761153467,0.009986169558966375,0.3757575757575758,208.14976264173043,1.0
13.588129,63,390.796505,0.2883832374582108,0.038502470672249066,0.08598351103414882,0.24850659860883142,-0.02635935335609176,-0.030079616885259872,0.41137566137566123,216.16591646487151,1.0
14.773983,65,390.954635,0.28702935020372977,0.031476316424270026,0.06002976086956255,0.25250495324281086,-0.020966223952870455,-0.011013342106163003,0.4038461538461539,215.61773649773554,1.0
12.354884,57,391.11956,0.26531807888698944,0.015411444091277716,0.1066182727951416,0.2888507825899382,0.011655779875155196,0.0355706672918178,0.39619883040935666,214.63861368523166,1.0
13.377873,60,391.266788,0.2756558207044332,0.020462145576642984,0.062047169417076095,0.27023136917298596,0.014389259975081394,0.03374131829113628,0.4027777777777779,215.74277575894524,1.0
14.699648,68,391.433575,0.2963281926782789,0.02217405186209623,0.06271658035263597,0.2442932635681705,-0.0075948306933878796,-0.016641412596715487,0.4178921568627451,211.7971779767048,1.0
13.607133,57,391.569896,0.2661692233268214,0.03065584495892286,0.07896699760312516,0.28439637893998226,-0.013095812895476221,0.015950536183313543,0.4005847953216373,205.4758673695336,1.0
12.359574,67,391.759459,0.3012506896608282,0.025420565044224692,0.07881679591307669,0.23378624784701235,0.016763818931599186,0.017320917933504036,0.40422885572139294,207.3154252186141,1.0
13.174053,59,391.90004,0.27461919941004426,0.026056167398196127,0.04531083697368156,0.2701060123683198,0.01968307794817618,0.026442069485952152,0.38559322033898313,208.76391687715207,1.0
12.971924,73,392.069877,0.3101085361247098,0.027937273527267603,0.10725584066299526,0.227041978669772,0.007640570182655969,-0.022400411396485447,0.4166666666666666,218.99146157393773,1.0
12.994237,61,392.219304,0.2871466223402655,0.02852739577296996,0.06732410738555668,0.24977759305192307,0.01909677838872983,0.017175624851899492,0.39617486338797814,206.86556808333324,1.0
12.922773,59,392.389915,0.2823764375466798,0.020327787266551243,0.0681978577852581,0.25486775395841005,0.006968058533696612,0.004758596594494531,0.3954802259887004,204.7288959920958,1.0
13.019498,78,392.589357,0.3267330195552885,0.024762930780864802,0.06454490473430126,0.20578767247429874,0.015046601117049732,0.0028822573330936677,0.4166666666666666,213.53046078783953,1.0
14.610629,59,392.736635,0.27795409077199773,0.030379258747164118,0.05654303583036257,0.26394330196814486,-0.020404111697557605,-0.011619226071477364,0.4011299435028248,215.09375979624363,1.0
12.602985,63,392.892064,0.2903860091204368,0.025633131920774686,0.12965137817011393,0.24771431787889903,-0.015228428683111488,-0.034169591874813325,0.3981481481481482,224.10895990518924,1.0
13.559758,66,393.079486,0.29867118820839395,0.02796631076146946,0.08463358300594101,0.23608220586149042,-0.019177703795382132,-0.036722265452682694,0.4040404040404039,220.2340228286317,1.0
13.280155,69,393.253384,0.3045606001513013,0.0188871301762788,0.07767499263768535,0.22959266441583634,0.010522381137527466,0.007230608699987268,0.3647342995169083,216.4622640756091,1.0
13.11074,63,393.412642,0.29070991240269023,0.0390053754721516,0.11478969457600217,0.24911631371743675,-0.029359670709367222,-0.03522613716872952,0.3928571428571427,228.4958014478178,1.0
13.422989,86,393.652487,0.34106451456371073,0.040718807679306385,0.07200270571882017,0.19433396699104907,-0.025486411452928733,-0.017422170075618793,0.41182170542635665,219.58953652502535,1.0
13.766872,66,393.821625,0.29673165550866026,0.041298377310133055,0.07664283608974817,0.24271400134192764,-0.024612786508435423,-0.02300974190654471,0.3825757575757576,212.25043458744173,1.0
12.368121,87,394.039619,0.3428264385261312,0.0208253955794668,0.10857161520612894,0.18908636573903717,-0.005694218759277761,-0.03859244006893471,0.4099616858237549,216.17211732917346,1.0
13.73892,71,394.212477,0.3114412455381115,0.018415698375146932,0.07377759601639455,0.22290717805312818,0.0062771769301188515,-0.0018962097744236414,0.42840375586854457,213.41629644737736,1.0
13.50886,71,394.405469,0.31227640941218937,0.026205711169908646,0.07293249240370522,0.22231979494694157,0.006699423321291456,-0.006772958668981212,0.3967136150234741,220.5009377409056,1.0
13.289325,61,394.559698,0.2881670533647841,0.03564662590894953,0.09523510861231892,0.25222318081857414,-0.024561646347410062,-0.05413691924195831,0.39890710382513667,225.26469670203252,1.0
13.35591,66,394.722329,0.3003172076860334,0.05131675448319888,0.08167582603059431,0.2365788136218454,-0.03588497728522561,-0.017561048600157895,0.4015151515151516,224.28220998389847,1.0
7.43766,64,394.881613,0.3098847079972707,0.07636367037492175,0.15974672621614872,0.21932576094480508,-0.061396925054797165,-0.06223764193976608,0.4075520833333333,236.6576961596622,1.0
13.867852,67,395.065447,0.2997278705487071,0.02999775530672685,0.06168770817625485,0.23671514447873745,-0.010895468924571711,0.015355859856871858,0.3967661691542289,213.68655294006953,1.0
12.82003,84,395.274978,0.34536047797952196,0.02424054130627391,0.07667373068350586,0.1834448984635295,-0.0014705144190331962,-0.009231166623822562,0.4176587301587301,218.91307738312395,1.0
9.698978,90,395.498417,0.35243839501727525,0.03964940290962091,0.06293669728155966,0.17795346728216982,0.029355572996111877,0.0282998512064378,0.41481481481481486,215.455380331547,1.0
13.426329,79,395.729729,0.3299795998832563,0.025457914228805237,0.06569026625967235,0.2012381637658339,-0.012236203694511566,0.00164617200952879,0.4135021097046416,219.60988899050662,1.0
11.097858,75,395.915658,0.3254814161012169,0.06534766928184917,0.1138289222437169,0.2062829530072693,-0.04698017836844773,-0.045784590591467576,0.4099999999999999,234.20631530554675,1.0
12.544883,68,396.081383,0.31020859371609794,0.043273780258846074,0.09437065005634362,0.22125710322682876,-0.03072239411953374,-0.04204582611935262,0.4142156862745097,230.74388348597287,1.0
12.063303,73,396.286572,0.31971162178164936,0.027091275264607705,0.12266811223041364,0.2132537113698188,-0.014015529086772473,-0.048199732774008894,0.4166666666666666,228.72344501011864,1.0
7.209256,87,396.520624,0.3484774787939458,0.05687300092036125,0.09047624663803058,0.18023227909336045,0.04108274031175182,0.04177583139746369,0.40996168582375503,214.2793386381327,1.0
10.096337,113,396.789957,0.3844950760186239,0.019899430432562187,0.0623777714177416,0.14382510885801994,0.00962481408619474,0.006640825705800187,0.43067846607669613,214.80261541318322,1.0
11.574862,77,396.99422,0.33123199500991296,0.06729253667120537,0.05849283530123801,0.20031691468733578,-0.042096213973480914,-0.007006592636451819,0.40909090909090917,219.96397282671109,1.0
12.901817,68,397.178166,0.30375346735260406,0.05334248691165453,0.08706761150932517,0.2316140223998234,-0.036497553752946305,-0.013383202758119894,0.42279411764705876,220.5518908047575,1.0
11.160833,85,397.391129,0.341792423499057,0.04067905473515799,0.07539280072958121,0.19183887193660856,0.020625507064263176,0.024244500886489828,0.41274509803921555,222.5562860853804,1.0
12.391687,75,397.595821,0.3244164274771397,0.046088789208171235,0.10481749573036378,0.20876705214555982,-0.03374621866307057,-0.036071915681038985,0.4377777777777778,231.48717737975554,1.0
13.134687,80,397.798287,0.328476077188685,0.01741744752829934,0.06610687605240692,0.2026715001301565,0.003592122223485984,0.01783568577053512,0.4114583333333333,221.64670641200846,1.0
10.165048,87,398.015793,0.3479467851400775,0.03894593036824947,0.10637886234001966,0.18345462190554862,0.018663870186504814,-0.001792207403897698,0.413793103448276,229.41323937577545,1.0
13.805901,64,398.177904,0.2882238931713061,0.025452518877965197,0.07570609594491795,0.24744428660505075,-0.013628515360517087,0.04254559063017492,0.4036458333333334,217.18389865566598,1.0
14.098334,63,398.432491,0.289876030063537,0.023427237208432088,0.08246531976134035,0.24994265912407815,-0.01342233175376661,-0.004815611544402408,0.4232804232804233,228.60607555275132,1.0
12.745594,58,398.575673,0.2753089089206453,0.018309867800797842,0.0854679496324496,0.26633515446380784,0.008569163511031075,0.053598260251316934,0.39511494252873564,207.50087336926444,1.0
13.316175,69,398.739721,0.30742336438209467,0.02856155014836374,0.08833152994835904,0.22583489445870153,-0.0013801615052905635,-0.037462788619485154,0.4202898550724637,213.41348164329588,1.0
10.189868,64,398.902191,0.3071218732900509,0.06216670119599643,0.12125413873606053,0.22253931484616715,-0.04938935647082981,-0.042845745243470366,0.42968749999999994,239.49150479847955,1.0
12.98511,74,399.116421,0.31674718669866436,0.02444139266958073,0.05141877208972689,0.21484332340523116,0.014721241456200202,0.028521488684561946,0.4009009009009009,211.16794328980575,1.0
13.445295,69,399.29868,0.30640767941628216,0.05928839540400814,0.06752759761507972,0.2280021822745776,-0.044137713695825434,-0.009180885387052284,0.39613526570048296,227.1318345843026,1.0
13.120602,76,399.483602,0.3261189788104693,0.03441055456146384,0.09137138759537579,0.20534411365272762,-0.023712312825244098,-0.019739209029169702,0.4089912280701755,228.84824257432615,1.0
12.816072,87,399.717579,0.346243399997633,0.0252177759810058,0.07031645188051523,0.18545207400589464,0.013925236374167314,-0.0071318742145029925,0.40038314176245204,218.90915445447777,1.0
14.473114,68,399.883565,0.3007000324204744,0.025207991530582657,0.08213705688254198,0.23706688911893076,-0.014787135248397662,-0.01571212630882081,0.4240196078431373,224.03930546384035,1.0
10.937996,65,400.039631,0.298268258109304,0.05854781752549187,0.08998278632048293,0.23496720982454455,0.042890533646129755,0.013242215844251571,0.40641025641025647,210.82619555379543,1.0
12.520612,71,400.214833,0.3075395288017896,0.03702466998543553,0.09690390641043989,0.2283037638227619,0.01861227202198528,0.012991558769352603,0.4319248826291079,222.80144718137413,1.0
12.169072,66,400.402325,0.306336202992608,0.041514459087445096,0.10035922780943282,0.22456361067116934,-0.03162083993859326,-0.03785713387361196,0.4255050505050506,226.19912452332701,1.0
14.887078,72,400.573654,0.30663338489421754,0.020340716082273648,0.06624466323529896,0.23305668387438258,-0.002807979415381928,0.008019190794382654,0.4224537037037037,226.13376676442874,1.0
10.457155,125,400.880968,0.394424753104675,0.019195260232027864,0.06360687929355445,0.13314756189175767,0.004119557640349014,-0.0029484295820403164,0.4460000000000001,220.95591559353568,1.0
10.184461,76,401.098151,0.32486682473391,0.056018160943799765,0.07744939972114637,0.20660766379405116,0.03462995601206065,0.036276995389460776,0.41118421052631576,218.21430968223572,1.0
2.349282,125,401.41655,0.416364005266536,0.08614024082224617,0.08009933470709037,0.10250976076991579,-0.051764730541580435,-0.0315735692272157,0.4573333333333332,246.7131997230897,1.0
11.943775,68,401.583212,0.3007530843379366,0.032401070826977414,0.11942933903980613,0.23477418074424022,0.013280892307810047,-0.023755280837251157,0.43259803921568624,217.00990115546685,1.0
12.558157,90,401.849092,0.34846507635587226,0.020846880559011797,0.0872586066103009,0.18570109132068077,0.003996712008900606,-0.01613782254293428,0.452777777777778,221.82095422570472,1.0
13.401867,72,402.029751,0.31146466164746167,0.025121600871329038,0.09685579224063492,0.22410582033780896,-0.005051711935046628,-0.0263412637535119,0.4189814814814814,226.75766943112816,1.0
11.333575,60,402.179399,0.28396048816307007,0.05261372352484153,0.1321536498171169,0.2544514864426285,-0.032252688475566886,-0.06428793583530136,0.4180555555555555,217.674559312467,1.0
11.874629,65,402.362471,0.2910773316585871,0.03882625840731155,0.08806807607806695,0.2456677876637996,0.028282588542012568,0.042616119944217774,0.4128205128205128,220.14848304800543,1.0
12.550171,71,402.535686,0.313442837863183,0.029307298559836957,0.11507673541837278,0.22018753705849523,-0.012875958260948808,-0.032995390468240356,0.43544600938967126,224.05561665058693,1.0
12.29443,74,402.721069,0.3160947775906836,0.035809218398775995,0.08932643367748554,0.21801411301008916,0.01474196111610419,0.00747292376509604,0.41666666666666663,223.04850198847117,1.0
13.032219,73,402.901521,0.3148399595126373,0.038606109015185595,0.07663773418181413,0.21874231440280867,0.019724770341652532,-0.010002012495486066,0.406392694063927,218.86264855461695,1.0
11.937919,64,403.087635,0.29366550890693494,0.04480922157178729,0.07004024718754463,0.24138029334707595,0.032283819856692694,0.03619937428779002,0.4153645833333334,210.19646762876755,1.0
13.701109,78,403.287038,0.3260576658489055,0.023642319364198004,0.07856127416855943,0.20827214630282362,-0.008449631285402676,-0.026071348678409077,0.41559829059829057,225.83857952865205,1.0
12.564765,81,403.485997,0.3333509194225804,0.026922604611270422,0.05782847781698543,0.20043339622147366,0.015152723008671114,0.01799074420015408,0.40432098765432106,214.68924397410066,1.0
14.384205,68,403.66621,0.29431324093133987,0.0329548124111166,0.058744489243180584,0.24587091977037562,0.015239193619236738,0.029060674285569684,0.4338235294117648,226.92557189624628,1.0
12.426608,85,403.869447,0.3434968803629785,0.03598186998970845,0.054566204220161514,0.18962075131456346,0.019450815901871643,0.005205457924199521,0.4235294117647059,212.79932847097504,1.0
13.374195,85,404.073236,0.34570699352839085,0.04341442403028129,0.06401806210791575,0.1860748660280343,-0.027791205020810342,-0.02722646652545212,0.4352941176470587,227.42739468295028,1.0
13.078687,64,404.257162,0.2954327028122936,0.04655220020627852,0.08819019606346798,0.24235994902507496,-0.03068315938302752,-0.04141517800728332,0.4192708333333331,224.2839630418869,1.0
6.383281,106,404.510067,0.3801512841723644,0.060225400661579,0.09060128290683576,0.14717960018880805,0.03539084032702306,0.004293170001440957,0.4174528301886793,221.0190068094076,1.0
9.936792,67,404.664068,0.30085817789692776,0.04980465342282846,0.08517773991524592,0.23170035570085723,0.040215853234769845,0.05200980985527308,0.4054726368159205,214.54930749214634,1.0
14.126746,71,404.833756,0.31034972360383445,0.028098937842514417,0.07755033254278702,0.22598799871461295,-0.016879146419664395,-0.02045268963279511,0.4424882629107981,230.08662120682246,1.0
14.306376,64,405.007534,0.29117619941775064,0.01647330690416231,0.057423315735534455,0.24678265727880547,0.0044880944452095695,0.008093175187996068,0.38281250000000006,217.15086407403112,1.0
12.529,86,405.214601,0.3441593504544927,0.03703553329351798,0.06718126269594374,0.18856658639130483,0.01618250258157625,-0.0024201419976247807,0.41957364341085285,219.8331365425608,1.0
10.838601,91,405.438569,0.3552543043048714,0.04245120949073274,0.08378187165417861,0.1768698573718037,0.023703264762887352,0.0025410298846849843,0.4221611721611722,222.23294309069695,1.0
15.069686,77,405.651519,0.320305505390122,0.023739142856624425,0.06154419412265074,0.21792373593003533,0.0005461586697618932,-0.013696219211471603,0.39826839826839844,218.8249611858206,1.0
10.102281,62,405.802767,0.28498487429282543,0.06809526013177984,0.07781326914305696,0.2547170420481656,0.05280549881744082,0.05257114396077432,0.3991935483870967,218.62382681204983,1.0
14.197204,71,405.970247,0.30647024869148537,0.02200761425699107,0.03826756203948645,0.23072067907205768,0.008262143115226986,0.0038828125156981984,0.4072769953051643,212.97000805308522,1.0
11.125214,83,406.232109,0.3382415762037232,0.03934837763751769,0.11104483584818041,0.19700421754236178,0.021686166072001127,-0.03849210982978196,0.42068273092369485,224.0893471804847,1.0
14.194966,67,406.399218,0.29983237883356106,0.020103072402785062,0.08116473158079555,0.23732714477403558,0.00242863719114166,-0.0004299046827807101,0.4067164179104477,217.4141988276676,1.0
13.431635,62,406.555594,0.2853703657996816,0.02962359549969716,0.07117669405527613,0.2548451840560534,0.01843536783733625,0.036934134867487096,0.41532258064516137,210.24594527186665,1.0
13.664303,72,406.732855,0.3135814375378162,0.020598902683945135,0.09538486286235622,0.22271927811729497,0.003506608717819127,-0.02247625218090739,0.4305555555555556,229.41270314318956,1.0
14.133953,71,406.927818,0.3092799549520501,0.018445385028941465,0.08541974708150074,0.22673876681919106,0.0004139721713163304,-0.008525016645927084,0.4389671361502348,226.97213974610466,1.0
13.893565,66,407.08088,0.29464421616174613,0.030822885458639617,0.0504240016630813,0.24556892321891263,0.024059000537632345,0.017139737531036245,0.3952020202020201,217.13780808073835,1.0
9.758529,66,407.23827,0.29747173768259233,0.0761038559855634,0.07828445564279192,0.24132081047158294,0.05234853718227503,0.04156986159272302,0.404040404040404,218.7962115631917,1.0
13.693059,66,407.399218,0.2920768473286107,0.035182101426244686,0.07128451494197892,0.2474094579300873,0.022930634135510067,-0.024329338032583525,0.42676767676767685,218.13630373389384,1.0
14.704454,73,407.616107,0.3116266685293143,0.032181645570828296,0.07089254503474567,0.22728897211074908,-0.019607908277330572,-0.026926731904967513,0.43378995433789963,228.47421771943013,1.0
3.267591,132,407.92759,0.40355014247848664,0.04859718366285005,0.07081895330504163,0.12058892139638258,0.03482915543008351,0.005574704306037797,0.4135101010101012,211.70510545584222,1.0
12.891904,81,408.118602,0.3381005818248617,0.04692973415472674,0.08332526983662177,0.1945372873269587,-0.029817921201018137,-0.024907632841118438,0.4146090534979423,232.44467883263164,1.0
13.329007,70,408.319923,0.3044609574012141,0.03881767911870539,0.07235780112972365,0.23250226895463838,0.018492178252059205,-0.006480528866361836,0.4083333333333334,215.6604369800058,1.0
9.836515,60,408.471144,0.2929804855510299,0.08463278569249226,0.12234294260649733,0.24230557765058833,-0.06562173925176605,-0.048320318346998056,0.39583333333333326,231.8793550671571,1.0
13.401302,72,408.642089,0.310680926921792,0.033768056466294716,0.0528797622877765,0.22692947805055727,0.0213774727617742,-0.010004704561959213,0.40625,211.33565907033673,1.0
14.04941,69,408.827874,0.305925876814257,0.030175860644848382,0.05669781311879114,0.23016719093256285,-0.011418428197750033,-0.010596505016061717,0.4009661835748793,209.5643562329212,1.0
14.537786,78,409.022863,0.3256728634937666,0.028472226918939934,0.05534193182008924,0.20901050445269398,-0.016242427242690236,-0.010074740748912141,0.41773504273504275,213.33375791628563,1.0
12.810117,65,409.179926,0.28665465036747917,0.03168982308439491,0.07948052549946186,0.2525614853114095,0.028280220595261227,0.044606014835809074,0.417948717948718,213.5648069230792,1.0
13.952896,79,409.369817,0.32570732901273497,0.024486274059525068,0.052426378563565586,0.20937983889531556,0.007910707092391207,0.0033319963005424033,0.4345991561181435,216.34533498814932,1.0
12.450094,69,409.558408,0.30274777539521575,0.04365847073162384,0.08156538956130971,0.23456441175716597,0.030262363408739227,0.009048472784718915,0.4033816425120772,208.1972572564412,1.0
11.960768,62,409.708972,0.28714059157095034,0.07710688722356922,0.09773348543054844,0.25333724777143957,-0.054257462104575764,-0.032510609622907964,0.42069892473118287,222.99732422622583,1.0
14.587447,65,409.876723,0.2864939098764219,0.017325665224061256,0.06539394355703448,0.25562381885110724,0.007816403807160276,0.020141352305560547,0.42179487179487174,220.3129173088673,1.0
14.371381,65,410.036638,0.29053049262781305,0.018922508937613956,0.08944702702702834,0.2531737779798407,0.0004910482294024782,-0.034644677669762904,0.39743589743589736,217.8083929234138,1.0
14.240891,68,410.213853,0.29495648198126484,0.02170623197648074,0.0667786724963791,0.2446946657841737,0.007763399364260324,0.031923723523707474,0.4093137254901959,213.70026150534252,1.0
13.998956,66,410.386959,0.29376779394396313,0.021826929162316416,0.07310078392791873,0.24568461344520864,0.010504311232580811,0.0001109544897782813,0.4166666666666665,219.90206973769423,1.0
14.851876,66,410.543249,0.29300920458247,0.024795925587559685,0.06152718980890227,0.24943339856388236,-0.0009477910147453439,-0.023497305215299358,0.43813131313131315,208.82306461371195,1.0
12.789729,67,410.702268,0.29090140122262353,0.04200493030552148,0.059616194586558105,0.2501770367253668,0.032915099345089724,0.03653328230195682,0.41169154228855714,220.31703910020113,1.0
13.998669,68,410.901871,0.2973813603213171,0.02470004219982428,0.08954628830599852,0.24293631272372346,0.007601478147345619,-0.007169277229111669,0.41789215686274506,213.93542627459445,1.0
13.332222,59,411.050684,0.26859324613867674,0.020067896100309287,0.08338095424684887,0.28062994846739425,0.013139532129205002,0.04111389969352246,0.4166666666666667,217.5698714141519,1.0
12.757072,60,411.192585,0.2853467991352849,0.029823866200740044,0.10468215049943196,0.2559632943443668,0.0037033350487372155,-0.021746159820690846,0.4124999999999999,214.3205689129497,1.0
12.771282,67,411.366233,0.30126480477002004,0.05024259301249597,0.119671704931434,0.23525743441931896,-0.038490355242306144,-0.04791674082151546,0.4179104477611939,229.74177607946046,1.0
11.906721,66,411.571174,0.2992498991065651,0.05916668420813958,0.12470658772123248,0.23724059833291244,-0.04662795598183007,-0.04776221413871227,0.4217171717171717,232.4147655312297,1.0
15.234636,65,411.729543,0.28954426276145784,0.017337771284532892,0.06027615653172961,0.2520140175745703,-0.004397830546289906,-0.018605554447094576,0.4102564102564102,217.01239232342513,1.0
13.122724,62,411.882186,0.2866989178252423,0.038644198540443875,0.11743232876868752,0.25734079120389747,-0.027114567298782758,-0.06160170040101016,0.4193548387096775,221.75226321465868,1.0
6.897692,61,412.03267,0.2832608682754257,0.08706203067328909,0.11122110124376798,0.2548993853047839,0.07173414272094279,0.07759581122110285,0.3989071038251366,220.1881115774457,1.0
14.148498,62,412.20896,0.28836610993054707,0.02513388550362193,0.05175416749087267,0.2526117980514186,0.0068200821782601435,-0.020410728166697444,0.40860215053763443,199.96504577135147,1.0
12.772256,88,412.431509,0.34461003783274463,0.027267159711858585,0.08091704519299633,0.18982438659806,0.009935229780575002,-0.022979891336863786,0.42992424242424243,221.910926719295,1.0
14.338468,67,412.591803,0.2955257500091387,0.028004051554565645,0.06541975499347559,0.24456810201117643,-0.0129257244568274,-0.006840684224435792,0.4203980099502488,215.55805085873723,1.0
12.332968,76,412.791801,0.3163062215970414,0.03147383201568924,0.06474958983946864,0.22017727326465675,0.021454082818931644,0.037653443131307085,0.44407894736842096,212.68376971998023,1.0
11.908919,68,412.957398,0.3062665743440071,0.04937642903728369,0.1245523733211,0.2273001554605715,-0.03441180227899391,-0.04652835861177401,0.42156862745098034,234.30036606910343,1.0
14.523143,58,413.0969,0.2700824086796009,0.019454941856154474,0.060100762252443755,0.2829965571939509,0.006274987029301182,0.00919765609902236,0.3994252873563217,207.66259185291477,1.0
12.939155,57,413.24486,0.27163408984197035,0.02750810277333666,0.0773039820768774,0.28153582876902056,0.016576085072649245,0.03935325090417659,0.40350877192982443,209.89234358977546,1.0
13.068419,62,413.430175,0.2860587867033817,0.04336323339571455,0.11646599131708502,0.25443332086843845,-0.03259846073660924,-0.055877684821495265,0.4233870967741936,229.98807412404418,1.0
13.829625,70,413.60775,0.3070091430171108,0.022871501600886517,0.08925950082916428,0.22845378014778506,-0.011526427879123271,-0.024169264802534902,0.42261904761904756,213.30775813175308,1.0
11.846834,61,413.754425,0.2770781478012603,0.06361589000570969,0.08931574870604693,0.27043657288044515,0.03673612090072303,0.0435734812300448,0.4071038251366119,220.3306714413581,1.0
12.499632,58,413.896064,0.2702931906578565,0.048843132006949404,0.07341573746531872,0.2829622650175385,0.03472509466365262,0.03412128710563208,0.41379310344827586,218.42673417753025,1.0
13.79746,60,414.075435,0.2730946283434438,0.03398381125894142,0.06380610317571826,0.27677444970410986,0.02320593832082831,0.03697577594332684,0.4027777777777778,214.46908170094247,1.0
15.027936,68,414.23408,0.29443599938098597,0.020677461441448355,0.07868869777165695,0.24908263423948326,-0.007779001198593216,0.01890256007344046,0.41544117647058826,214.3242129397505,1.0
14.186674,72,414.417066,0.30668722014236177,0.043576661488827356,0.0800447754432028,0.2332547561230277,-0.026939562103819994,-0.024051229498141338,0.41666666666666663,224.02483394436766,1.0
12.811141,69,414.577584,0.3016150361876697,0.03284600202615368,0.06381572924927026,0.2368596357653173,0.024365367566946676,0.02410400456562367,0.42512077294685996,211.8583058927969,1.0
13.471051,61,414.747488,0.28180448539134273,0.028818671645190263,0.10450629038979284,0.26123331176398373,-0.018704775328628832,-0.01804472351497684,0.4193989071038251,220.17500776714758,1.0
14.703168,63,414.888762,0.28472192737000646,0.029691028388624974,0.07240059737585548,0.2586062726905292,0.00788777032757859,-0.013940805633818285,0.4404761904761905,214.94112119348011,1.0
15.028885,66,415.038475,0.292416275085685,0.01818646455589339,0.05803779124793756,0.2496574659563532,0.00023579412525102618,-0.021640349453396462,0.4154040404040403,223.16440810715923,1.0
13.626187,61,415.182444,0.2799103858919442,0.025338085554794398,0.07309802409384011,0.26669737292627876,0.01855583014285214,0.032998575183017874,0.4275956284153005,208.23317654089723,1.0
14.142739,61,415.361034,0.27458603106102025,0.0534010482885356,0.08818131020086536,0.2732352338191947,-0.037992345021967515,-0.011764544749714403,0.40437158469945356,222.94152155283493,1.0
13.695171,55,415.491899,0.26409597871308715,0.01703723733246102,0.08586577941866866,0.29722943882190317,-0.0013907459430470203,0.003330508695579022,0.4075757575757575,211.6990963804532,1.0
13.690463,72,415.659603,0.3070760889575308,0.029047835652474235,0.07873463905887171,0.23055394433647608,0.01333266315664029,0.0008715511062440356,0.4305555555555554,210.1544448200218,1.0
13.367108,54,415.787995,0.26168519359437425,0.022010575810642936,0.08154678178362398,0.2996255945705644,0.0072325455966312496,0.0481153211566607,0.43672839506172845,212.9954489269397,1.0
14.290656,66,415.97314,0.29233101313599186,0.026977646558337277,0.05328682301967359,0.2474141836483505,0.014612349748212303,0.015864520792652045,0.44318181818181823,213.44695919741227,1.0
14.541483,60,416.114291,0.27898067223326034,0.02749572896636358,0.07196603619877134,0.26969188523239296,-0.007199344402006527,-0.02959703439027013,0.4361111111111111,221.6643142726977,1.0
14.72226,64,416.267621,0.28693387530576814,0.02241392722076588,0.08699911852832813,0.2573986295029514,0.008321413616991387,-0.008580553534199502,0.43489583333333326,217.85100879086824,1.0
13.606992,63,416.431546,0.28574448263278496,0.05574606714455508,0.09051516461025916,0.2577484379188672,-0.0406776870834364,-0.035387323051173473,0.41798941798941797,230.77500649044842,1.0
14.355478,59,416.59697,0.2756157279461223,0.025130159146545338,0.06461871263059887,0.2675162813061672,0.00563075687818831,0.03013445754810459,0.4025423728813559,208.46676630971166,1.0
12.858077,53,416.724426,0.26790790243696605,0.04827134514150322,0.07422419732881602,0.2870572843318778,-0.03193659922930555,0.007774517480673543,0.4088050314465408,209.30735760004706,1.0
13.921852,57,416.860535,0.27080488201399017,0.014664912117756746,0.07206312699952096,0.2819311447372637,0.0006195458011026378,0.034239161593287125,0.4137426900584795,207.40084204910133,1.0
13.112619,58,416.995704,0.2697813443702572,0.020244326235220288,0.08909647696513996,0.2789375873072885,0.01268963022961167,0.0576860530706374,0.42816091954023006,218.23834243242084,1.0
14.531104,62,417.141586,0.28054042186080375,0.03435223571306518,0.06939727753022185,0.26348516993383403,-0.02079181313336719,0.020186785446107493,0.43548387096774205,215.23848621537417,1.0
12.517383,61,417.311544,0.27454183441999674,0.028410271300471204,0.09381528767277839,0.27077252997680423,0.024635401309690337,0.0518608360167126,0.41530054644808745,214.29009478608054,1.0
13.43678,57,417.446427,0.2630952452115785,0.017347519122552807,0.09290089652259305,0.29387934059132076,0.012393690930006309,0.03669547429198025,0.41228070175438586,215.86664412870155,1.0
13.931004,62,417.598137,0.28377612270342867,0.02136967794673806,0.08398085091852099,0.2591836902122181,0.001724248005881826,-0.007349938252099386,0.43010752688172027,219.86303530684856,1.0
13.636246,56,417.739967,0.27303252733661904,0.05085747316266939,0.07285043554564855,0.2748129556059125,-0.033588674368418635,-0.018943811648337965,0.41220238095238104,215.4125072323189,1.0
13.795002,65,417.926425,0.2933425042584747,0.02880487691526596,0.05203954470151489,0.24575152615136456,0.018434635756731488,0.0014577872082463111,0.41153846153846146,205.10375677586805,1.0
14.399054,61,418.075696,0.2820057630491311,0.0350043988606811,0.06996431211197798,0.2617798163431132,-0.015089965534507154,-0.005549500808961542,0.4303278688524591,212.30322163208012,1.0
13.051552,57,418.218024,0.2712945897430207,0.04044776418520626,0.11312171035987374,0.27795215918639327,-0.03013063080522324,-0.04664825577557761,0.41666666666666685,218.55494963622274,1.0
11.954877,58,418.390597,0.2769189509695011,0.06550624207628697,0.10110594712019286,0.2653999389706652,-0.04483300317943962,0.00602416432862562,0.43390804597701144,211.92026897553964,1.0
13.105527,56,418.570295,0.2727280114140769,0.03589779520965208,0.06345913983745631,0.27672418324777504,-0.009969663930725533,0.017735944014223938,0.43452380952380965,210.17413781069232,1.0
13.079225,64,418.771617,0.2921293983962703,0.05714492478993295,0.09169020085184934,0.2462948306028621,-0.04010446075184589,-0.033467149097616625,0.4375,223.2630604763503,1.0
13.107588,57,418.906984,0.27288416098018814,0.06229981551340993,0.08194168201705837,0.2740691321102295,-0.0437432988672538,-0.04550754693204637,0.4327485380116959,210.58702020950756,1.0
13.91483,62,419.053421,0.27673715700191964,0.03185670418467631,0.07704570135581601,0.26917960230428706,0.020755330343757747,0.013347996816740766,0.4314516129032258,214.6665599189581,1.0
13.47197,57,419.188751,0.267483187227397,0.018059474637000805,0.08739320562816484,0.28555023399541507,0.0023256940004532573,0.053802853098372606,0.43421052631578955,218.4163286713953,1.0
14.040106,59,419.35049,0.2773154249360614,0.023547100039065263,0.06414865947321656,0.2674488203036963,-0.0016356266301544825,0.022035295652883213,0.4223163841807909,208.57731127231736,1.0
13.878677,69,419.508274,0.30375330682287605,0.04555667381919283,0.08257636974157402,0.23427891799573441,-0.025975723283274126,-0.0454467615517595,0.43357487922705296,214.65074542117543,1.0
14.082792,62,419.656252,0.2833138230076815,0.030896328226794483,0.08059237559290745,0.256364878972695,-0.022482941433266502,0.009229049855696263,0.4489247311827956,215.33751381599038,1.0
14.138331,66,419.815057,0.2882406908855821,0.034235812394695114,0.0936747164325015,0.2550693194144216,-0.02486200744985455,-0.011335582161951824,0.4280303030303031,228.50549141993048,1.0
13.432619,61,419.98084,0.2827460398615926,0.06214441067924941,0.07153224822809594,0.25628949003887264,-0.044855199634449464,-0.028993127187286003,0.43579234972677594,222.6625761431831,1.0
11.714681,54,420.104434,0.2717517954322819,0.05417255490420712,0.11162229926394661,0.2755420151365711,-0.035668372966760835,-0.04097868641523504,0.40277777777777773,211.0319442266547,1.0
14.20276,59,420.242634,0.26758067076357145,0.03621576535208087,0.0822397529113377,0.28506892256060945,-0.014661725461501482,0.01459448044176879,0.4491525423728815,212.50245598761435,1.0
8.211461,61,420.392224,0.29432889374252835,0.10666032902731538,0.12821391810330188,0.23924287209231512,-0.07830297465698204,-0.06321477607419285,0.42486338797814205,236.44393587925526,1.0
13.776695,62,420.553854,0.2843137511995913,0.03570722105848612,0.0735494415877906,0.25962385291657897,-0.015616190832654543,0.006260518473240348,0.40456989247311825,212.4551396883831,1.0
14.618197,63,420.713476,0.282758387429479,0.024301731323087352,0.06043180003473318,0.2659732148168385,-0.006965796330247814,-0.002394922920690349,0.4087301587301587,213.08985709802747,1.0
13.770157,56,420.84322,0.26738867569237057,0.02308647382332147,0.05991634532972513,0.28674740861050024,0.009081639942208158,-0.01074251060401862,0.43154761904761896,204.47149896230823,1.0
14.168522,59,420.980379,0.2707242722132583,0.020932798798537836,0.0649706087646124,0.2802144084390156,0.007709061052449976,0.026407020448649517,0.41101694915254244,217.4266724084147,1.0
11.874563,68,421.159862,0.30118080840468553,0.053977310001531636,0.1350395970062731,0.23311554391412684,-0.04221510947410707,-0.012739730421448716,0.4264705882352941,233.8055801655158,1.0
14.4888,67,421.316184,0.29617501818488856,0.0219170690123104,0.07701290589037003,0.24190097583502734,-0.01179793140354354,-0.02188281704125464,0.4315920398009949,214.26162483279847,1.0
10.34355,58,421.455545,0.27238325113958334,0.0536350706799183,0.11057421027426301,0.2791735938333518,0.040649732767087984,0.07867344318839439,0.38936781609195387,216.01350971740197,1.0
13.975271,57,421.59816,0.2621818704094463,0.03694388982276348,0.0738032924547573,0.296406264744266,-0.021341235868216468,-0.011266519701969416,0.4093567251461988,215.76475428113324,1.0
13.416213,62,421.747544,0.2846760473867677,0.03083779823107044,0.08884141537779001,0.2573189117222466,-0.017249221066780413,-0.021081593255047625,0.42338709677419356,210.62116690206992,1.0
13.932558,66,421.936014,0.28817428419006413,0.018313519260429036,0.06909260089500413,0.2561745111115734,0.011184867417381374,0.02293942946993601,0.3876262626262625,216.77724368790516,1.0
13.278441,57,422.073156,0.26815146161015313,0.040731549390556114,0.0802473707989052,0.2826543630792909,-0.0204202787215932,0.003709684082290726,0.3947368421052633,211.78935930602765,1.0
13.102901,59,422.216134,0.2728984352431793,0.0368848567384583,0.06578519487366612,0.2790098493383327,0.027462913188936264,0.02872291827588164,0.38983050847457607,217.57127375855202,1.0
9.327946,66,422.376026,0.300226372503523,0.10085814410839476,0.11819154044200578,0.23428074274266142,-0.07157018391197498,-0.038826887291875604,0.409090909090909,231.56329709435857,1.0
14.378053,59,422.542969,0.2664662758501147,0.024639288030680554,0.08164887381723415,0.2836701316251434,-0.013994977940002071,-0.002592947172926652,0.3954802259887004,223.84128385715186,1.0
13.856591,63,422.695274,0.2788550605879811,0.032001730674018,0.1007385026294733,0.2680770210380857,-0.02094483895989143,-0.013954113293349018,0.4417989417989418,224.57457085001118,1.0
6.792805,61,422.844576,0.29391433566006475,0.11656912988279379,0.13713575268322603,0.2400697452548749,-0.0850675694136544,-0.07000091797821194,0.40300546448087415,233.54009223673125,1.0
1.783558,62,422.998007,0.3244331116568203,0.1528492669965546,0.11035969669370053,0.2009398865435006,-0.11169539089776168,-0.05960192218918303,0.40725806451612895,241.93176844071613,1.0
6.792979,59,423.177902,0.2872190926881145,0.11707970780979383,0.1449625989912308,0.24840977730455974,-0.08703218023740995,-0.07120651971019923,0.41384180790960456,234.766513798009,1.0
14.456213,60,423.333981,0.2733468632080278,0.019843278968077544,0.07370725860834897,0.27858603929747866,-0.011507548987855389,-0.008388304949367157,0.3958333333333332,212.7574435713546,1.0
13.349795,62,423.486307,0.2767961377797329,0.027951941881429538,0.10903521266968762,0.27678807002726713,-0.010691261981030127,0.03033285870814734,0.40322580645161293,216.01178945729106,1.0
11.642557,66,423.655972,0.29769840994480257,0.07846265971542073,0.09204583513385582,0.23883002175753726,-0.05290757809084735,-0.03983042057012975,0.4141414141414142,219.78311790435058,1.0
7.469935,65,423.845662,0.28879843095200153,0.08664659971873097,0.10735173475916303,0.25292254160685995,0.06073482956173989,0.06873260303854008,0.38076923076923075,227.21367137801383,1.0
11.112869,60,423.988045,0.27952316573748837,0.09217370962838618,0.08638957197973475,0.26423199468165814,-0.06203158811949499,-0.036323049369584554,0.3972222222222222,219.85687831617741,1.0
7.753789,63,424.142949,0.2989213616400717,0.11614553158969032,0.12136298804942926,0.23601848288493957,-0.08685189256500707,-0.04569034533498558,0.40873015873015867,241.7441109381549,1.0
11.812279,80,424.347508,0.3287303813976795,0.06520013087017523,0.10569282414089504,0.20476981761666754,-0.043207082698749524,-0.036485556259901214,0.40208333333333324,230.0215490100408,1.0
14.567857,65,424.526056,0.2821277815556449,0.02555561964060687,0.10453390782272574,0.2645617304798529,-0.017708051602353975,-0.03586033877392322,0.40641025641025647,225.57449562625123,1.0
6.955696,65,424.683142,0.30505930181428714,0.11859008340758546,0.12538944376720426,0.2275836106238771,-0.0807254973811538,-0.0761267956397342,0.4141025641025642,231.35664851951526,1.0
6.581169,63,424.839941,0.2958804250807196,0.1109229224184525,0.15569041914108703,0.2374699226841149,-0.07512046788479476,-0.09980192987894604,0.37433862433862447,234.16765948204508,1.0
6.79956,63,424.992481,0.29586288092726926,0.1277852418736768,0.11866734669583803,0.24082255440059905,-0.08684328720303197,-0.06419920274048473,0.3796296296296296,228.02089217205008,1.0
12.745594,65,425.189731,0.2871226886801072,0.049386620155031355,0.1220043935769827,0.258194200301366,-0.03361484747719497,-0.048992994864848795,0.40769230769230747,223.85587302323174,1.0
13.400704,61,425.343984,0.2741783080845769,0.03860607811457387,0.068351276957723,0.2752274496497166,0.024934040504550458,0.022194590441990306,0.3784153005464481,220.8297670292083,1.0
13.395428,67,425.50182,0.29049625906356924,0.04587266510997873,0.05588266742779485,0.2513430158401218,0.03131401671843424,0.016740573896877768,0.38184079601990045,221.02250323485768,1.0
9.852266,62,425.65767,0.2890219827785476,0.09285522340950382,0.1200114411695763,0.2503478342211493,-0.06357039730198111,-0.05708329800797747,0.37634408602150543,226.1089170146786,1.0
15.116793,65,425.838145,0.28379088802398544,0.02291727579232365,0.06344345835153578,0.2638851355431404,-0.004122460814243077,-0.0297940862379437,0.3935897435897434,218.7446293405824,1.0
5.298785,55,425.96832,0.2757747106000319,0.13254073900103278,0.15936705670929566,0.2650592791405068,-0.09823357031418903,-0.09066008351282412,0.4045454545454545,232.00600123362122,1.0
8.499424,58,426.105427,0.2846295027951384,0.10198225760012454,0.1178165718699147,0.2500652523335012,-0.07716784474157243,-0.04275995966477193,0.42816091954022995,233.62352928252164,1.0
3.686812,66,426.263791,0.31448991823694533,0.14487930545297564,0.11751579423218168,0.21569739180464742,-0.10256451982945076,-0.05388518420437452,0.42676767676767674,242.7557741384468,1.0
6.97929,65,426.444241,0.30718387007002723,0.11669888924513964,0.11764239214020666,0.22486218257207705,-0.08118320099768399,-0.06803026319788173,0.40512820512820513,237.59247721173435,1.0
13.131194,62,426.586977,0.2740262620037253,0.025804877285944286,0.09500089330093203,0.27533678412336193,0.01806461437352949,0.041981012845562285,0.41129032258064524,224.20105593607138,1.0
8.162911,65,426.740718,0.30346485759989283,0.11233459263585957,0.10567246336045931,0.22954817525190563,-0.07673160087263262,-0.06272461135043028,0.4217948717948717,229.84133691728672,1.0
15.040437,67,426.88934,0.28776950404039625,0.028512525093899302,0.06967359173300201,0.25788906799322564,-0.01726546978679981,-0.02181601182094487,0.4241293532338309,228.03604207641408,1.0
13.991858,60,427.054587,0.2739426421534003,0.01554146362264217,0.07985406576720631,0.27555946337640197,0.0047504871317563405,-0.00280645884355381,0.40555555555555556,222.85748400205978,1.0
11.820114,55,427.182439,0.26819052167321117,0.0711064806928477,0.11056575694373104,0.2874626100358598,-0.05407727562259173,-0.03795229714535126,0.39696969696969703,231.16263942698504,1.0
8.081637,62,427.323298,0.2922039805199307,0.10655903173928069,0.12455400248260619,0.24477818182723013,-0.07818678448864425,-0.0427344656936903,0.42204301075268813,239.73281035742517,1.0
10.558503,63,427.472187,0.2862388992902449,0.06566846637561805,0.070308916400135,0.255498496321106,0.047071131438208944,0.032541007197273306,0.41137566137566145,220.81020547151314,1.0
14.057808,62,427.647345,0.2756981169265898,0.024063708856479557,0.06382951241452742,0.2719164668152085,0.018305434698350102,0.021477543067889376,0.4193548387096775,218.44561067157778,1.0
5.796343,71,427.81933,0.3271104985990359,0.11254852342880439,0.12853444086221938,0.1992027096228825,-0.08081992368545325,-0.05617492611206142,0.4154929577464789,245.90871813672072,1.0
14.366836,67,427.983514,0.29201055098571843,0.02083556391286306,0.08702819643762619,0.2523232785387494,-0.0036237978374959318,-0.0006888398197816248,0.40547263681592044,228.90977930998793,1.0
7.634623,70,428.141775,0.319627397375473,0.11230983888952188,0.09718767723224803,0.20940271645811015,-0.07458579141647195,-0.053346554379275817,0.42023809523809535,238.76369864008677,1.0
13.144035,64,428.304613,0.28813749052402376,0.020676182623043295,0.1182652513683877,0.2543426708005317,0.0037816881584417077,-0.02977676093240147,0.4322916666666665,225.29566351141696,1.0
14.725189,65,428.457429,0.2818458672583765,0.01561351666173234,0.0805025250123744,0.26766247482567374,0.0013016361275745801,0.027240887553651682,0.4064102564102563,222.6902519783156,1.0
14.109196,62,428.595219,0.2806171895800968,0.04724597572567094,0.07922772258520022,0.26747832763401136,-0.030186882917758694,-0.0019295090497489097,0.44220430107526887,223.84232981919797,1.0
10.373218,65,428.739867,0.2922072974249451,0.09930863894730374,0.10335125921208434,0.2501333998378564,-0.07001845394591232,-0.04191315327156819,0.43205128205128196,243.60697039316437,1.0
12.592203,76,428.930849,0.316278644474702,0.04740760128982904,0.07473885167842292,0.2220402817837229,0.026297116192692774,0.014723366209779145,0.4276315789473684,225.0519864171255,1.0
12.230715,58,429.079343,0.27732631335999214,0.03977342511843283,0.12131432868371995,0.2655476348698546,-0.027895958440387364,-0.051543553444500845,0.4339080459770116,224.96508899359907,1.0
10.504359,92,429.296137,0.3591886940274028,0.0662235911873078,0.09684598712760809,0.1708365419662574,-0.04546036356508385,-0.016876608080378486,0.44021739130434784,243.21752346552915,1.0
9.482724,75,429.508645,0.32756041771849864,0.07786906020327862,0.1146592764963916,0.2019412888577424,-0.059509479954083656,-0.012520344763760521,0.44444444444444436,241.7685518717322,1.0
13.609534,58,429.646009,0.2765607453780184,0.0242442966556881,0.062280682043751735,0.26708355002637735,0.009079544895724956,0.016273611129893166,0.41522988505747127,206.437422353441,1.0
4.645386,65,429.797095,0.32064356677885214,0.12567592861832655,0.11876148721305418,0.20626329835503032,-0.0930446864594821,-0.04804041497865745,0.4269230769230767,246.72132161736795,1.0
12.510217,60,429.94683,0.27053113106388105,0.022185079543465856,0.11264236789476109,0.27695411563370115,0.01855423679941358,0.06999516980058335,0.398611111111111,220.59377499953555,1.0
11.24087,68,430.149994,0.2967449104305383,0.05826559054055921,0.07781748844797852,0.24207663839480104,0.04533351968106455,0.02894221773742811,0.4301470588235294,223.30993410185303,1.0
11.770238,75,430.336704,0.32649831051641415,0.07334997724140961,0.06600705713512267,0.2042215501161713,-0.05271246057969707,-0.007322101195551648,0.42333333333333345,241.17882943282044,1.0
10.560784,66,430.496109,0.28809471170910483,0.0667611048384154,0.08756932949990108,0.252667176431152,0.047593106456583545,0.05928686565999216,0.43308080808080796,226.19419356424908,1.0
9.364176,72,430.66769,0.3232552377288445,0.09418473544259517,0.09302873457182305,0.20723594545348084,-0.06893575771157862,-0.03552328256600327,0.4594907407407407,243.34834020752845,1.0
7.07865,68,430.853079,0.3242435787643581,0.10427393526796398,0.10721288502502964,0.20414285401290322,-0.07790683447496125,-0.03451321070317092,0.44730392156862747,250.56047989549782,1.0
5.505217,67,431.015401,0.30197327155991716,0.08007412819160087,0.13127516625383445,0.23232037537723163,0.061176068499501815,0.09967161461086867,0.41044776119402987,231.71918018670257,1.0
13.756204,92,431.24271,0.35054728066149565,0.02144695686939137,0.07465457803441344,0.18778379845227752,-0.011031039252103783,-0.019070531737274538,0.45742753623188426,237.90915025440086,1.0
14.233815,63,431.420091,0.28211627700353153,0.040159342459666,0.07035938863378173,0.26434597217893013,-0.020728428554513956,0.030922287423737857,0.4007936507936507,218.1394103621142,1.0
11.271716,57,431.553782,0.276169365982887,0.05437965672474843,0.12777517477505101,0.26494156702658694,-0.041627116958542404,-0.03965991483503183,0.42690058479532145,232.29548774830894,1.0
8.861433,67,431.721814,0.3104643934421529,0.11194868331089546,0.08275409139291555,0.22332162620558174,-0.08157902388921275,-0.02449389776148841,0.43905472636815907,245.21251098759544,1.0
10.834145,79,431.921045,0.32627404862171155,0.05414168732881761,0.09796499253104439,0.21201454060416378,0.03154809866748168,-0.00619056346821713,0.4430379746835442,228.25258712815858,1.0
14.958782,66,432.61587,0.28775664291186026,0.020943064548456916,0.066756961514953,0.2597950981665265,0.008664219550352336,0.01300167616626217,0.422979797979798,219.25846935864658,1.0
14.210652,69,432.782618,0.29827970418880995,0.021559167032298855,0.06623056191217803,0.2412414416988048,0.013243371650644114,0.016714361038423595,0.42270531400966177,225.65857929017486,1.0
14.510674,65,432.945496,0.28900682566870717,0.018769327094201812,0.09054085064124766,0.25499048602860847,0.0024830721215154433,0.0030606189086681656,0.423076923076923,234.24033992391884,1.0
14.102066,68,433.123365,0.29399896781755397,0.04077847179049169,0.07569457807004729,0.2490572430232522,-0.02524907905679384,-0.012095388353982812,0.43504901960784315,232.95114306771546,1.0
12.949706,66,433.338726,0.29107172412854165,0.04240820786442677,0.07841862963584664,0.2514430861000364,0.023593093285118338,0.029913666650286913,0.42424242424242425,227.3056416410592,1.0
10.335868,58,433.483726,0.2703044035320825,0.055288865296388434,0.10521129778049218,0.2764908769511036,0.04377296927947772,0.07760609630580999,0.418103448275862,221.45512550048747,1.0
14.285041,62,433.632539,0.2846075715260972,0.03547433862960264,0.07441524975269494,0.25728354923336555,-0.023235984689019544,-0.01789638351114653,0.43413978494623645,225.00083644928017,1.0
14.51519,68,433.795196,0.2969192423888498,0.022426877234380416,0.06599269984980977,0.24482712554331557,0.0024427976358616143,-0.017512520167150113,0.43504901960784315,223.32804898494282,1.0
13.391596,67,433.975588,0.29489086890516053,0.050710900668654836,0.0987754070429454,0.2445212090521092,-0.04037704457798408,-0.008083145899334778,0.4577114427860697,245.37110155810362,1.0
14.083094,66,434.132715,0.29181728840472315,0.027221707033500405,0.09093562129588963,0.24702665144660663,-0.015435763848639733,-0.009843570339731173,0.4507575757575757,229.3989206453246,1.0
10.294972,62,434.288106,0.28414391491919727,0.06976772001181601,0.07922939430984281,0.25487782602522335,0.04841376639451666,0.044769397376029446,0.4435483870967742,220.23277110254952,1.0
7.973223,59,434.434445,0.26971674564014,0.07010159808979997,0.14328918105854396,0.2800450163802325,0.05369295337587381,0.11166933956236424,0.4194915254237288,226.6606426833328,1.0
12.812229,57,434.628971,0.26439461200618625,0.03915977070971732,0.0842282466542372,0.28959318042498655,0.02853192711911673,0.05301551840394612,0.44883040935672514,224.1960290298278,1.0
13.497652,64,434.787531,0.2876279900466467,0.04470559132142879,0.10804115156102972,0.25664739600858555,-0.029977549098114245,-0.04958925961414344,0.44401041666666663,231.36380332727543,1.0
9.704055,59,434.938124,0.26833900797877747,0.06562857344864088,0.11645292324609079,0.28271168652005885,0.04766718998848786,0.08387371602098688,0.4322033898305086,227.88711591435785,1.0
13.378326,58,435.085416,0.2664069918393879,0.020744852377606614,0.08739858991329523,0.28345617322970657,0.010798342299053394,0.0352856708201711,0.44683908045977,224.77447584608024,1.0
12.403098,66,435.271725,0.2963990618337734,0.05708840604871784,0.10216400131142661,0.24054974702768553,-0.04154425858092679,-0.026673359839442,0.4532828282828281,241.33092242265445,1.0
15.005939,62,435.431176,0.2736000210203038,0.02819733969081814,0.06866775237188284,0.28162409621433526,-0.019784870861468448,0.008085961628900263,0.4260752688172043,232.15845803369024,1.0
8.340521,67,435.593401,0.3111767637415877,0.10327379202224579,0.11348517929513909,0.221892885844162,-0.07066405689609942,-0.05392081237321183,0.4577114427860696,243.75360690791777,1.0
9.878945,61,435.742235,0.2906010379535085,0.10218929995900007,0.0812723107970706,0.245704957876478,-0.07145369895001771,-0.03416625399157729,0.4672131147540984,233.0864021154123,1.0
13.209454,70,435.933256,0.3033310264872406,0.023177356419521795,0.12272961737624523,0.2337493211642646,-0.010858047532002743,-0.018227652980991937,0.4761904761904761,226.97748203405183,1.0
14.877637,62,436.083032,0.27843582517817683,0.015816261214059248,0.06256395696590562,0.2691777138700954,-0.006928965358719544,-0.0054678316041993835,0.4583333333333335,229.68223784389562,1.0
8.147973,63,436.241921,0.28401654203699445,0.07832916678554103,0.10199926719361001,0.25490909706531745,0.06271624469571328,0.07318699102608837,0.42063492063492053,225.8081004229253,1.0
14.038564,60,436.393785,0.27307940537866765,0.018096843997815217,0.08688294115025666,0.2715272607612519,-0.00979268704412886,0.010032502227520796,0.4569444444444445,223.71725074203238,1.0
12.955234,65,436.571449,0.2898875571643173,0.049339819979312624,0.07829244572902191,0.25118793232841247,0.027717131690328033,0.01920768030288483,0.46794871794871784,229.37699564069987,1.0
14.789007,66,436.729797,0.28843501854048464,0.028944400559244705,0.08631068054906943,0.25740909827043823,-0.019205383362535192,-0.014298389811640007,0.46590909090909083,234.87204647889945,1.0
14.641908,74,436.902894,0.312319791355134,0.01928630082687004,0.06990638922738773,0.22742024207930484,-0.006176089855388694,-0.0164284910011628,0.4448198198198198,222.13485511651527,1.0
11.729516,66,437.055549,0.29342641869278485,0.05361231328162085,0.07634515905921761,0.2450247910520446,0.038935576645648236,0.011221671735769188,0.4545454545454545,226.6817957987572,1.0
13.575126,69,437.251491,0.3033713848935453,0.031430252790837054,0.0640512937980036,0.2333787441942424,0.014068782057851786,0.00941711512683838,0.4541062801932366,226.18009251433415,1.0
10.058513,70,437.419075,0.31391953787594457,0.0771893579854862,0.12695484533785756,0.2189994240474347,-0.051586575250598066,-0.059972850063486745,0.45833333333333326,243.1539212362282,1.0
10.817618,72,437.604114,0.3121954431797688,0.036883453507551824,0.1561500414359075,0.22310461156183958,-0.020249297691311986,-0.06177374606269153,0.4629629629629629,244.17030160659746,1.0
11.063767,65,437.760009,0.2981188824190363,0.0646967741776115,0.12403074506925137,0.23580284779944807,-0.050069206599912354,-0.013354350781285843,0.4846153846153846,250.21259015677646,1.0
12.990281,62,437.93794,0.28205502695409446,0.029190982385063746,0.10283298567991471,0.2622152276770469,0.01420509722408025,-0.046802227246781174,0.44489247311827945,224.37019597271654,1.0
10.428909,63,438.093165,0.2820256544925121,0.05952632928272666,0.10918534331341176,0.2607169301574389,0.04177706753177044,0.06425008055900155,0.4404761904761905,223.08352919660732,1.0
7.724579,65,438.257831,0.2862809450763395,0.08501052540922922,0.12463888226119593,0.25384353573847407,0.057748287340868634,0.07581375216686134,0.4205128205128205,231.69343907943278,1.0
12.463606,62,438.409999,0.27796274330899323,0.05209286960198573,0.06365110931937334,0.26872640252875596,0.038158379107465425,0.027177341296959853,0.45026881720430095,222.02106168537563,1.0
6.638522,68,438.594496,0.3160609496805445,0.10251161701769576,0.13733077602092297,0.21515127902639525,-0.07316043423863496,-0.060722504554154205,0.4669117647058824,253.9994984500693,1.0
14.967247,70,438.760451,0.2954069259172945,0.03254651068822631,0.08072262915920991,0.24888117229418658,-0.02221735432260007,-0.009269996290195337,0.46666666666666684,240.2239107116267,1.0
12.264838,67,438.921743,0.29418448449458934,0.054208356345438094,0.0751067903259822,0.2473772685582143,0.03815895083974945,0.008082570210228837,0.4490049751243781,227.73982470226423,1.0
4.136575,56,439.055332,0.2658526260074038,0.10591909398406603,0.1569469863751771,0.28274697190918185,0.0775783616235537,0.1057597445475367,0.4508928571428572,233.20269264088168,1.0
13.437839,78,439.265624,0.31648512407642543,0.018542870162973332,0.09659652048871425,0.2232112460975498,0.0025613714000476606,-0.013993066709154808,0.4668803418803418,235.8481531824159,1.0
12.499552,68,439.436667,0.2968030191272712,0.038569206463439504,0.06949712003538122,0.24273124080308364,0.03160377205078417,-0.004846783878115206,0.4558823529411765,220.28232890932864,1.0
12.768759,69,439.602696,0.30318731781564395,0.04397490942424264,0.10775400050661907,0.23124785013457005,-0.032674037853164785,-0.04702203152918333,0.47222222222222227,243.21378909285687,1.0
13.346372,60,439.748253,0.2725435224039944,0.016807852706504776,0.11327979997247727,0.2764872588762262,0.00022223008915287057,-0.022876767680492193,0.4736111111111112,225.07716106268973,1.0
13.123777,65,439.935205,0.29069142919589747,0.042483834091422326,0.0739819342596329,0.2515707505243805,0.0234319302885759,-0.0033122011950094264,0.4435897435897435,223.29582305901516,1.0
13.097389,61,440.074116,0.28076393060488813,0.02305685783922058,0.10245018040435928,0.2630369160331302,0.0011944667641255304,-0.053282019209028635,0.45081967213114726,225.6570672418137,1.0
14.34538,74,440.249991,0.30631255548077907,0.014968187453425605,0.09977004807139764,0.23540985242608012,-0.006318821886112544,-0.03561104761032183,0.4515765765765766,229.25655697594132,1.0
6.989106,57,440.385798,0.2680757572816961,0.0844048097456771,0.13637316894927282,0.2789263721315806,0.06504663764163711,0.08209386007796975,0.44444444444444436,226.89730096361308,1.0
12.968667,61,440.550124,0.2739097757177805,0.04672858453756723,0.07738141404657321,0.27280298710966355,0.030123875947781233,0.005826482969033358,0.43169398907103823,219.47157922792877,1.0
10.870347,66,440.705609,0.28656218645447623,0.06832240450927382,0.08636935532821581,0.25745465430245973,0.0435808425016305,0.05100451837523439,0.45202020202020204,227.4202372543527,1.0
13.40544,72,440.878428,0.3061961721982956,0.031407774868459935,0.10683949244156674,0.23437388631116363,-0.019567510858158728,-0.04010601579485691,0.46759259259259245,236.76992714831718,1.0
14.162393,62,441.028547,0.27778198147623756,0.02458159807226483,0.06469338236519208,0.27298564888172117,0.012851383294274795,-0.014232812248428433,0.44892473118279563,223.42093736573068,1.0
10.958588,66,441.204019,0.2949940452987682,0.05530819919848029,0.1423063019049013,0.24236861716438388,-0.038427622734634036,-0.06939262411406061,0.4482323232323233,232.73593851379664,1.0
10.820884,61,441.361629,0.2705584523222728,0.0679802402386293,0.09268083961061058,0.2759239514752889,0.04101724569947888,0.04647255238480422,0.44125683060109294,230.75043975510184,1.0
14.528488,61,441.502727,0.27207580497174366,0.014371335691231505,0.08904903596106169,0.2804272729075286,0.0033447350093437004,-0.02620617656808615,0.4398907103825136,234.4983008658948,1.0
14.744769,66,441.652338,0.2886776285190623,0.017777225717567798,0.08815725252025339,0.2555689372449592,-0.004989911950969655,-0.018267990557543256,0.4469696969696969,229.96653663677057,1.0
11.915966,66,441.824903,0.2890465059773387,0.04471443634564304,0.11696507267607213,0.25477559638298225,0.025914648663408913,-0.015747419702685155,0.4318181818181819,227.57667141233776,1.0
11.891417,63,441.969936,0.2772900880857972,0.055232534266896005,0.08185957447478574,0.27133472956398014,0.037916300088607885,0.04069164188028911,0.45899470899470896,227.848789043577,1.0
14.033962,65,442.124496,0.28145189139635984,0.03664568551858443,0.054430318049400295,0.267792989470757,0.02932594455426095,-0.0035661188507325,0.4448717948717948,222.02967613234352,1.0
13.580209,60,442.26418,0.2701237327375308,0.03416790395405567,0.06921632349142122,0.2813647943902902,0.023930719526628615,0.015354063943705669,0.43750000000000006,226.39369492459846,1.0
9.579731,63,442.432221,0.2795542895865032,0.07961774785465081,0.10272321531720909,0.26995957034578005,0.04824651590694227,0.017200266850583054,0.4193121693121694,228.9937411639827,1.0
11.679678,64,442.583094,0.280407258833522,0.062330970819835116,0.08201245839937604,0.26399297925999754,0.04204043420204477,0.013380234018019365,0.4348958333333332,225.31335248012698,1.0
14.730066,63,442.730852,0.2781685069490814,0.014987016607125049,0.07414552486216268,0.26799054499098235,0.0052393973916770465,-0.009059224349339147,0.42195767195767186,225.4265719264118,1.0
7.554216,60,442.868523,0.2886365919576601,0.11093377003976906,0.12895013854752133,0.24830732123835986,-0.07751193341071201,-0.08152329835242601,0.4402777777777778,241.34527272697292,1.0
12.414367,66,443.045167,0.28594973796194173,0.05512658859035527,0.0688991840775986,0.25855403299818414,0.039743328519242005,0.0009619211284317932,0.4444444444444444,223.64374793768718,1.0
13.605835,63,443.195738,0.2853099970567956,0.028351967754606446,0.09481228595142754,0.26147435753848064,0.016945997814161434,-0.04217750476205535,0.45502645502645506,218.15563791989396,1.0
15.154949,61,443.353878,0.266663674065032,0.011491124416270636,0.06923989993151627,0.287197064590114,-0.003920550320515269,-0.003001619163092273,0.43852459016393436,230.05648156980087,1.0
13.143319,62,443.510064,0.2745752977104238,0.04333712972505405,0.08925213158960099,0.28083365623777146,0.027551460029509825,-0.02038393408570939,0.43145161290322576,232.64446361401144,1.0
7.628333,58,443.664347,0.2827134934235906,0.10888583847477436,0.14373452320130659,0.25749277805766163,-0.08004158607764525,-0.07618818106565406,0.4540229885057471,240.77931260961336,1.0
12.894498,82,443.858615,0.3247253868144012,0.02707234484868035,0.08687597657930796,0.21357477107073208,0.014428321003749535,-0.012702461873289307,0.4400406504065039,228.96028240398206,1.0
5.821093,56,443.989098,0.2786543825381602,0.1238633454727221,0.1543632297686083,0.2642465087097648,-0.09085248564768278,-0.08638895448813103,0.41517857142857134,240.47948115548283,1.0
12.709655,61,444.132409,0.2776654909793549,0.06829385495547372,0.09334619539450772,0.26823053803043695,-0.049801653747308015,-0.04519570256861388,0.4262295081967211,232.2221445755525,1.0
14.52664,67,444.322481,0.2867784050689318,0.018786809867897648,0.0935884751370089,0.2620186890413579,0.008808938411926455,-0.043629291097206924,0.40422885572139305,229.2045838924743,1.0
2.16995,64,444.480767,0.30362508794481013,0.15589697159379579,0.1528581331527589,0.22906504017352597,-0.1050741211195306,-0.10256256464825421,0.4127604166666666,246.2801484761614,1.0
7.300031,61,444.621346,0.2901093962560076,0.11540621772882459,0.1340951746300297,0.24781835523152557,-0.08231807429451757,-0.06986789885335574,0.42349726775956287,236.20318848897955,1.0
10.558619,67,444.775311,0.29190601187240806,0.06574522594243959,0.07087029568871334,0.2492075639402893,0.05144876015434531,0.02690821179849926,0.4241293532338308,228.66250163669253,1.0
7.457729,60,444.951571,0.2743603875723213,0.09407732098645251,0.10085941580666541,0.2712721659017386,0.06996192148922692,0.05817023345136526,0.40833333333333327,223.91628523786633,1.0
6.173956,62,445.094089,0.27900321613971996,0.10597349457914344,0.11217999684349238,0.2633191109085011,0.07916700194821198,0.06962460146855552,0.38978494623655907,231.49475696246193,1.0
9.896881,63,445.24357,0.28166661760982126,0.07947927792119736,0.08519731257437511,0.2668474865482113,0.056715255689168534,0.040263736066819295,0.40608465608465605,222.30009965072148,1.0
11.467193,66,445.402839,0.28784626895320065,0.06847490667718029,0.09396320374998526,0.2568603179193519,0.040008419962751327,-0.010668085250943732,0.4154040404040404,229.7113960388568,1.0
9.122062,69,445.590297,0.3039772962919648,0.0762588176120763,0.09117923799224752,0.23708431022019455,0.05170781622590832,-0.00037606325665696033,0.4057971014492754,213.42096844490456,1.0
13.746042,69,445.750838,0.29201378110459597,0.032320767526207425,0.07886699851007054,0.25445406336360776,0.021523191396015086,-0.0062576107826001395,0.4275362318840579,230.30288821986662,1.0
13.687536,59,445.886634,0.2726972235826976,0.025346082822204692,0.0879125871684096,0.2796415353231423,-0.004379414401197692,-0.054443713665308466,0.4392655367231639,215.86374243331676,1.0
10.363779,72,446.059289,0.30737909576235256,0.08536169736681416,0.11303080919360502,0.23043577991857608,-0.06145965777881974,-0.05141262476877837,0.4548611111111111,247.36518826984846,1.0
13.299429,59,446.227221,0.2711380785476384,0.04597944306195822,0.10496392836497045,0.28198221284333297,-0.031732492849326895,-0.06581881933008646,0.42514124293785316,231.8673752927775,1.0
8.154672,63,446.382004,0.2778650377399899,0.092760739001211,0.09451172659264356,0.26682872844885985,0.0657033208177061,0.050030567764470776,0.4087301587301587,234.3545118560799,1.0
14.314006,66,446.542676,0.2808525792114775,0.017195887422259373,0.09625376172328969,0.27031087587991204,-0.0021230919079436353,-0.03394357161323956,0.4229797979797979,226.26333593289482,1.0
12.973008,57,446.679069,0.26128732152486817,0.02995147088885632,0.07929851159485583,0.30359289631450836,0.02356816574064481,-0.010722202914212478,0.42397660818713456,225.0586148501258,1.0
14.095566,58,446.872082,0.26158596336234075,0.015935619815643346,0.07920704080463982,0.29362618594908885,0.004882726175896003,0.004879380262056055,0.4152298850574714,224.41959185064502,1.0
14.362831,63,447.014302,0.2777965739249087,0.017482194604489035,0.09238674313204136,0.2772869599615496,-0.00861098805822133,-0.03819139440768578,0.4338624338624338,228.64848585067148,1.0
-6.628184,62,447.161249,0.30305561250437346,0.16975002643954873,0.15527313968705736,0.22880832606690796,0.12534794639519978,0.09409407138684714,0.38575268817204295,242.68085179001415,1.0
12.639023,63,447.310937,0.28327817441163905,0.04094464229267612,0.12542091916173712,0.26305964245956237,-0.02693604040522415,-0.0659282184700182,0.4206349206349205,225.1915866020857,1.0
5.258098,59,447.489136,0.26685963540473157,0.09458486318606507,0.1417980276789134,0.28155909098349674,0.0764409846001533,0.09318808136463565,0.40112994350282494,238.3293764425951,1.0
11.031746,59,447.636157,0.2644373513679731,0.0623783217935531,0.07157546797650162,0.28965094015431814,0.05044222786494812,0.022466574971612325,0.4307909604519773,228.47664317280945,1.0
10.77749,55,447.763344,0.25714833939612586,0.04194505025449266,0.10977810925835957,0.30917491225504107,0.03578651468532695,0.06443422972539382,0.4272727272727274,223.92321157123925,1.0
12.494954,68,447.918857,0.28978498842848055,0.052297221813676166,0.13728772386626348,0.2532825637499288,-0.034107919532510335,-0.068646600259507,0.41789215686274495,233.45296868092737,1.0
13.818809,70,448.113297,0.2950769006423159,0.027666801650434336,0.09778259169198784,0.2504977355157488,0.009801519121097734,-0.04133907085717218,0.43214285714285716,223.87823517484696,1.0
11.146202,61,448.261369,0.27274389111132813,0.058773617632499685,0.10774156247763339,0.2748576691105829,0.03637954713390885,0.017158390476934536,0.4139344262295082,226.45982367630918,1.0
12.595495,77,448.536521,0.3131714812899153,0.03374435984747332,0.09029230525323607,0.22950118202139005,0.014722319395717054,-0.004212332570480445,0.4383116883116883,230.04111533901812,1.0
10.126902,65,448.744072,0.28471033515903005,0.07976928668757888,0.07942678901574218,0.26199747417363267,0.05529811856462619,0.006449989040857174,0.39615384615384613,228.1277016601572,1.0
12.319344,66,448.925869,0.2896818673155121,0.07665856478081376,0.09132790051555996,0.25295272892732784,-0.04931674375239415,-0.05373934564019336,0.4494949494949494,237.24269966577373,1.0
7.67717,57,449.054092,0.2735318346765443,0.10347350892294412,0.15822847837306245,0.2777826450033831,-0.07530334588009628,-0.11049076422436686,0.4488304093567252,244.3129754811405,1.0
12.750632,67,449.212891,0.29144540089993154,0.04438996283308719,0.13013926777948168,0.25212455478883633,-0.031517314382074973,-0.06439758495828778,0.4340796019900499,227.7590665150165,1.0
3.779788,63,449.361183,0.2889134152068025,0.11994118483328903,0.10255783311664958,0.2469275111658037,0.08707811946276443,0.051988229025750475,0.39285714285714285,233.18455243798059,1.0
8.542856,66,449.532882,0.2854312077551043,0.08577215595403506,0.09516743673800712,0.2567987266195416,0.06447018082557211,0.027547452549304952,0.4015151515151515,232.03254304150917,1.0
13.110748,65,449.682374,0.28664734611441,0.04326912580000558,0.10791994151670913,0.25821305434818825,-0.030193143220375192,-0.06199006838481821,0.46153846153846156,229.2230844447895,1.0
12.206471,63,449.826526,0.2847629828862115,0.0427274442675154,0.1260026452795194,0.26181165033590464,-0.025312549598421556,-0.07006188493671689,0.42460317460317454,227.2992180721788,1.0
14.311609,61,449.963303,0.26628078404859157,0.01546509738661624,0.09006449061447006,0.29208725849498085,0.0009882609706988535,-0.006991368087016762,0.4248633879781421,226.56612721883442,1.0
12.699084,65,450.180066,0.2806541074286124,0.04579119678759308,0.09792565978479802,0.2695367614692427,0.02414343165271668,-0.01672031268871918,0.40769230769230774,228.97736351054633,1.0
12.989977,69,450.336691,0.2942864399132093,0.05184956870811664,0.11302894254047643,0.2509928371449297,-0.036427126750923,-0.05647613913587866,0.4227053140096618,231.71140006367622,1.0
11.377942,61,450.486743,0.2688969385389027,0.05920598257518462,0.09281415756372798,0.28488600841808526,0.037623621862055645,0.04212575995839229,0.4153005464480875,227.6130328940729,1.0
10.587345,64,450.637019,0.2881423329019261,0.08335221990223388,0.11834904686119573,0.24955284241626552,-0.06185986727208809,-0.062295730624858,0.43229166666666663,236.88287636230683,1.0
8.045689,63,450.822321,0.28892990336453067,0.12403978117059676,0.10938767871811715,0.2516567893064413,-0.0842602763145354,-0.05842721806075346,0.42328042328042337,243.80090305466103,1.0
14.442668,70,450.984429,0.29185603348999206,0.030614417433499318,0.08062499796645037,0.2549263435124871,-0.023915051925504326,-0.0003952947999768816,0.43571428571428567,237.91292272569282,1.0
8.957943,65,451.144062,0.2928107861708068,0.10733871571846566,0.12250611354975995,0.2451107324776059,-0.07883444045919452,-0.049971295691961536,0.43333333333333335,237.99210310729035,1.0
7.497357,60,451.286965,0.28495921965680815,0.1104734852186391,0.14072365171009626,0.25592779336006616,-0.07371256452330967,-0.09108142097744472,0.41805555555555557,229.12216538363245,1.0
13.194305,62,451.470368,0.2795722956783697,0.02966848714460584,0.11830655305263395,0.2665163142417885,-0.02352720934218752,-0.06025544969498697,0.43817204301075274,231.4724724248754,1.0
10.464189,60,451.617215,0.2780776559185705,0.07221320680639261,0.1391074238511616,0.26716732155384704,-0.054126785000568445,-0.06061719788645689,0.40833333333333327,233.93780885542384,1.0
1.679578,62,451.76448,0.31163980547898557,0.16369067722092734,0.1231362775343899,0.2192188110971184,-0.1150871521515103,-0.08718501114779924,0.43010752688172027,250.691901348081,1.0
4.440823,57,451.90125,0.2762570791211094,0.1331318630582928,0.18793212454470173,0.2723748000420113,-0.09467099910233669,-0.10696594133634219,0.44298245614035076,241.21147615208537,1.0
13.85179,62,452.074587,0.27156613491940734,0.03691753210207332,0.10690496670412893,0.2828127714763802,-0.03096956371474632,-0.03447560820773955,0.44892473118279563,232.563053300269,1.0
10.049289,62,452.22744,0.283112955777373,0.0984258032571734,0.10106453873896029,0.25932906794652927,-0.06962841680608914,-0.0459538070532986,0.44892473118279563,237.46340325953062,1.0
4.849657,59,452.375679,0.28459852354179255,0.11443482870779348,0.19542916437819757,0.25307019921133456,-0.08476962138376315,-0.10576852952619652,0.4350282485875704,244.33564702617556,1.0
11.099576,73,452.56441,0.30649646996270213,0.06892337264183225,0.11735947469682242,0.23328301826618164,-0.0472917385467837,-0.049001455246597866,0.44292237442922366,240.98775158318068,1.0
12.19758,63,452.756664,0.28315832618446135,0.04981714547560342,0.11864312473380441,0.26092774044664035,-0.034635892023447176,-0.06583124252797183,0.44576719576719576,234.8714064295454,1.0
11.579274,61,452.906919,0.26865644254575316,0.046045789152598375,0.09722652377649052,0.2858833284755667,0.03584109241130771,0.050061476690638866,0.43306010928961736,226.73491223096084,1.0
13.048612,66,453.064955,0.28762025199866154,0.057848341341361284,0.09444282585953652,0.2539023680176203,-0.04263909329438877,-0.034890384212817344,0.4242424242424242,236.65863518602302,1.0
-0.737492,62,453.215478,0.3211223783668853,0.17093550648380146,0.14127983037153302,0.2081526309349711,-0.12419614498353944,-0.09991794150442147,0.44623655913978494,255.47079533748408,1.0
10.509963,64,453.41551,0.28375124873184826,0.06987163746061693,0.09726297024108328,0.26331903922303296,0.04387196391069892,-0.032674087821302454,0.4231770833333335,221.04472306342592,1.0
14.322392,62,453.581738,0.2715643062881635,0.027532007757535892,0.0751155099440764,0.2869986429316991,0.015297153364454561,-0.028873001335669647,0.4153225806451612,229.37615270284752,1.0
10.008753,63,453.742928,0.28591992152784607,0.07581189296475126,0.146262364310983,0.25387043061478926,-0.05646608436972315,-0.06190836876345456,0.4325396825396826,239.20307437798425,1.0
12.944102,71,453.919764,0.2948995893550068,0.030579608692199754,0.0801148194426392,0.25072672121355305,0.019652546732860654,0.025600932237904016,0.4424882629107982,228.66270183140017,1.0
8.753973,60,454.087012,0.2754827302825504,0.11892756882780015,0.11304847278612894,0.27085571195481806,-0.08422492609447749,-0.058359101905706354,0.44722222222222224,245.2426029225598,1.0
14.764358,62,454.235369,0.2697116298187105,0.019904171217223893,0.06310430524026327,0.28706924159448166,0.00931314874555005,-0.012259343898218674,0.42069892473118276,231.54453206590122,1.0
12.304999,60,454.391141,0.2679840234926843,0.05883862766002648,0.05998609970832003,0.28890537684803713,0.04065008140981767,0.010713167876229302,0.42083333333333345,224.58208479244738,1.0
1.600177,61,454.544218,0.30932586478543617,0.1669510922221742,0.12571737263239485,0.22064791113902152,-0.11698751318753077,-0.07335942862511229,0.44125683060109294,237.68865097048254,1.0
7.665293,64,454.719481,0.27994575993734777,0.09107030842220191,0.10583713857385735,0.26726190132364586,0.06430461260112547,0.06152989431558324,0.4244791666666667,233.63853752325545,1.0
3.020647,59,454.856745,0.2890155751854077,0.15349179508209526,0.150962492984639,0.24911007222852521,-0.11134225736483508,-0.08729406474405353,0.4209039548022599,247.362259052944,1.0
14.417422,62,454.999977,0.27587732559696054,0.038630497217923,0.0733188927053335,0.2753155046838608,-0.02688350224365062,-0.027608116883332215,0.40994623655913964,228.7070198904542,1.0
6.343534,68,455.156691,0.30680636667704314,0.1240668408108612,0.12319917389269429,0.22678754314344599,-0.09013249757968628,-0.04700591177766301,0.42401960784313725,253.10577148506775,1.0
10.29965,74,455.352089,0.30615173528728284,0.0633617176350369,0.09194635973951441,0.23821283053935832,0.036932858032783386,0.02262580883223312,0.4234234234234233,226.84770670052612,1.0
13.684558,63,455.499921,0.2791632490816498,0.046009280224294166,0.08216361094952518,0.2674294379840299,-0.030442458727805745,-0.02714882178943279,0.4074074074074073,225.81661550717135,1.0
9.81523,62,455.65389,0.2840643433227907,0.09637077788113213,0.12520723560948718,0.26110520920088853,-0.06941197100182962,-0.0683067294348569,0.4260752688172043,236.491301910154,1.0
14.605505,72,455.826885,0.30058528023605663,0.017584346090008186,0.07832875438343535,0.24470924349440143,-0.013583574256952665,0.006639194585433556,0.44675925925925924,232.0408373569655,1.0
3.433608,58,455.987215,0.29254197839959806,0.14870943321013502,0.14641774227975424,0.24245450713155672,-0.11079372086831982,-0.07946438539844508,0.4324712643678161,249.5343490188027,1.0
6.968227,67,456.153175,0.2878497980107285,0.07508909116994235,0.12064380449155741,0.25129718394622286,0.054792943607694246,0.07257752767484166,0.40422885572139305,230.70571898897902,1.0
13.85961,61,456.305594,0.2754325228063803,0.050728456198474596,0.08337164886333857,0.27479091697629077,-0.03929812375729094,-0.016942769665123446,0.43852459016393447,236.65317721283267,1.0
11.767661,63,456.461982,0.2838969878089767,0.08557173891591557,0.0787283638942715,0.2574939940251795,-0.0575725208071969,-0.021218881452934955,0.4166666666666666,234.57393090368984,1.0
14.724387,60,456.628655,0.2672378479972745,0.017770314012679565,0.07506100654341227,0.28856951031905415,-0.010706898837303875,0.00429992460494267,0.425,228.38687105253013,1.0
13.464394,67,456.782131,0.2874826081593071,0.03189326402586319,0.10745270892163722,0.2621046749758274,-0.017386878712764908,-0.033132558081514274,0.40671641791044766,231.12340634348269,1.0
9.719229,65,456.934796,0.29097613890735025,0.09223080715440715,0.12924699912577092,0.25013076778887944,-0.06515566705933225,-0.05542321546289123,0.4128205128205128,240.50310253253923,1.0
0.461068,75,457.109635,0.35019171526915516,0.15097384494453225,0.09421801941203875,0.1773035452484127,-0.10602874416569143,-0.026006607305894755,0.42333333333333345,257.109052472114,1.0
9.629728,64,457.280185,0.29099556611064314,0.0967827166774193,0.11631586751429149,0.25072897753418627,-0.06854788584474619,-0.060907562492131466,0.4101562499999999,233.44370835435873,1.0
11.885546,62,457.433186,0.28432396632639334,0.08153533810016349,0.08909209238616124,0.25702088822167635,-0.05943986868063203,-0.042637689024650954,0.41935483870967744,231.67376704056977,1.0
5.178191,56,457.569958,0.28891798388151324,0.12884935435475497,0.1419576637696633,0.24849902280737735,-0.10203966860470527,-0.08270184676077674,0.4181547619047618,252.32257990099384,1.0
12.956359,64,457.721925,0.27690234195046864,0.03444216903663047,0.07822081941279667,0.2729523773360842,0.027470873722010385,0.018497243616872838,0.40494791666666674,227.78404577433227,1.0
10.661071,66,457.891814,0.2921736943974343,0.08551196601133831,0.10354418637383515,0.24862150694702587,-0.05779479602349508,-0.019608663151108766,0.41666666666666674,231.00966041998026,1.0
13.975794,61,458.032334,0.27174816027505466,0.045068187547757606,0.06497696133396313,0.28350740253251694,-0.027440371780883648,0.005661867539242429,0.43852459016393436,227.2942910586259,1.0
5.533465,61,458.176844,0.29318706461253297,0.13684129439581325,0.12710474084533693,0.2451927267038485,-0.09447876833829101,-0.06611239706217062,0.43579234972677594,241.95524772875729,1.0
13.643023,71,458.344832,0.29569866750735907,0.03401368869907095,0.07718365737926315,0.24796145729004263,0.021663372326700406,0.013188742442769465,0.4131455399061033,228.76673028116736,1.0
12.302114,71,458.577623,0.29787843093675265,0.07125082557340011,0.09796744438207401,0.24504381512951057,-0.047223761610538685,-0.035121270435735256,0.43427230046948345,234.49487453114597,1.0
-2.748474,57,458.705374,0.3291236715593986,0.1738093874742373,0.13722201341071893,0.1990279186020357,-0.1303765780932028,-0.09156011035612444,0.3815789473684211,258.3692478463196,1.0
4.406544,58,458.839466,0.2972828872070968,0.14153783298320996,0.12419245615824545,0.23840396758388965,-0.1013611985952495,-0.07520379532062849,0.40517241379310337,249.5437787047338,1.0
12.253028,65,458.986933,0.2790748531629863,0.03253830031018313,0.10792904153084375,0.2715811767108072,0.017011473294916455,0.05397703369702387,0.4358974358974357,230.39862205142424,1.0
11.264716,65,459.176146,0.2933877652782769,0.08686700361759311,0.0992477109561991,0.25050138110306186,-0.06153542783727592,-0.0496202260443157,0.4243589743589743,238.8678521042124,1.0
14.862135,71,459.358336,0.2963188286655598,0.026388611505921165,0.07598667514143186,0.24609111640485656,-0.019704926918691808,0.005319504790590214,0.40492957746478875,236.8859475555756,1.0
14.34999,63,459.513776,0.2736877415611831,0.05658295365071926,0.07778444525675238,0.27914833983389065,-0.0392148562069146,-0.03139198684406932,0.4497354497354496,233.94100389058235,1.0
14.836233,65,459.678605,0.27755239680523813,0.010024863862849303,0.07626768890531142,0.2744844480563553,-0.002197767856501623,0.007389239001739906,0.4064102564102564,228.82606216591213,1.0
10.373132,69,459.86073,0.3039152693934835,0.09874668107201401,0.08578458789400818,0.233854513100098,-0.07438882978663701,-0.02957241928622818,0.4227053140096618,243.84717469077324,1.0
12.815961,63,460.022475,0.27071535288212034,0.01309115863164344,0.11615963501211114,0.28393349099213455,0.009719857022681973,0.039369154941488446,0.4232804232804233,225.8800435705666,1.0
14.197838,66,460.185767,0.2801508654520812,0.024728896299190277,0.07359674660439963,0.2710044838945315,0.013909487525723433,-0.010262126264157645,0.43434343434343425,228.24041494934866,1.0
-2.086833,60,460.331386,0.3169151437478099,0.18258925021371494,0.16169818463952773,0.21373859332808198,-0.13128268672075485,-0.10646893074013081,0.4263888888888889,263.3459481725878,1.0
5.235311,66,460.533529,0.3086473618703599,0.13444213901500549,0.10927913395308876,0.22465479925386592,-0.09651803443509083,-0.05997532218787254,0.4141414141414142,246.25860706925286,1.0
11.929573,59,460.681346,0.2583586412439147,0.018969791318736096,0.1287669182490504,0.3046956087173766,0.014269656087274745,0.058971017272876985,0.423728813559322,229.67790850593641,1.0
13.860888,70,460.859119,0.2928419033464069,0.05044264603121261,0.06767545928546978,0.25048265769738304,-0.031762959529205985,-0.021358330807696425,0.4297619047619046,236.43843029309386,1.0
10.434962,59,461.005918,0.2679501238811079,0.05669123711920277,0.12048449487433815,0.2849981107027732,0.03816345757479919,0.07159028629552028,0.4110169491525425,227.4907421411259,1.0
14.192701,67,461.198358,0.28533770087568716,0.031460914517984113,0.09498507614732007,0.2608301357016345,-0.020505632396703947,-0.015372326657531165,0.4129353233830846,235.13599252805753,1.0
14.952495,66,461.359154,0.2817290256886132,0.0376106711223264,0.060290921485587616,0.2675364871671618,-0.027010562266707363,-0.010923324019918945,0.4166666666666667,235.37412876219602,1.0
13.75704,68,461.533269,0.2886701770542347,0.061025900636910976,0.07850508210379396,0.25559579612878347,-0.04182476997369296,-0.04343526384145806,0.4374999999999999,235.985309107155,1.0
2.414111,59,461.688905,0.26651003382510274,0.11112225221778961,0.16457159552777684,0.2801660281949526,0.08644035064301618,0.10705211674571917,0.41807909604519766,237.29536524033463,1.0
12.107178,63,461.871166,0.2791470027428121,0.07999122017320873,0.09780825791111916,0.26867836541120854,-0.059902900144992555,-0.01236705023382707,0.40740740740740733,237.21492958261894,1.0
7.603983,86,462.079915,0.3462609586698651,0.09809176391962288,0.10053630861404661,0.1823860055740033,-0.06579745402355412,-0.028508271441844226,0.4253875968992247,255.42267536098916,1.0
9.280626,70,462.255863,0.2962126285272337,0.08314194985964589,0.08159842854096841,0.24554007237099346,0.05714856185345821,0.021177370933587167,0.4119047619047619,227.4884141803021,1.0
14.33675,66,462.416885,0.27789814326897155,0.016407460537921328,0.0873774204160341,0.27636932695842836,0.008134381251558442,0.014094110042620265,0.4255050505050504,232.24876374820278,1.0
15.344614,66,462.614066,0.2804691702993268,0.015000357121857079,0.0662497679378829,0.26730814911767475,-0.006859880332385447,-0.004402951910456536,0.4368686868686868,227.9327859199259,1.0
10.441222,63,462.767626,0.271775668751222,0.06279839297362262,0.11402442727993338,0.27977494726014485,0.04353123264802183,0.05609511192092172,0.4193121693121694,235.04958133307798,1.0
14.657542,66,462.933055,0.2785817663514961,0.011553164116911417,0.07875937340309762,0.27328067106661114,0.0006797731258427247,0.027260663058232836,0.4141414141414142,231.76944485660252,1.0
-0.441424,68,463.124072,0.3333529978977273,0.15752774354791674,0.15658206932450663,0.19587486423685774,-0.10511078907112148,-0.08970199804818822,0.4080882352941175,258.0488884528733,1.0
10.832099,64,463.294907,0.28061882703368896,0.05590603364601209,0.0872277659114434,0.2633019203201491,0.043048703227619764,0.04483843167729676,0.43229166666666674,228.1873565935555,1.0
8.376706,68,463.46414,0.30446125645706984,0.11090646521274145,0.08821088881392934,0.22965128628737103,-0.07719397862416955,-0.03599094420634231,0.44117647058823506,247.10082989893453,1.0
13.498659,65,463.628592,0.280626788756188,0.036104664373916746,0.06958556806500911,0.26758815915166506,0.024774278584441946,0.026429162807818055,0.4051282051282051,226.9516503856355,1.0
12.153293,63,463.815932,0.28044005518250503,0.08200043753778403,0.09626322716909391,0.2691278085758129,-0.055506437689778663,-0.04732670362559114,0.41931216931216914,233.71216804950828,1.0
13.515092,60,463.960957,0.2620902636517421,0.026827089768649216,0.08655722756157133,0.29547543198071785,0.018210881227188783,0.030355913924934808,0.4347222222222222,230.5148558845162,1.0
7.488776,77,464.150959,0.3162307008269155,0.08428673326364514,0.08957393764192802,0.22150235891413847,0.05500934496404072,0.029843462847000544,0.41017316017316013,230.46492381397775,1.0
5.997923,63,464.30737,0.2730537875396993,0.07358896525843456,0.17383539010404966,0.27229617088193475,0.05995242706985388,0.08284154866017525,0.4325396825396826,240.03993732190753,1.0
14.578026,63,464.500912,0.2756568657548788,0.015513226904841464,0.07683446596487874,0.274874739041152,-0.003644289805037917,-0.023139597823009422,0.4060846560846561,229.17922254910192,1.0
-3.283034,57,464.640088,0.2723591359047341,0.15640228298391862,0.17840040361214354,0.2704199304542647,0.11019465183907705,0.12290833201671122,0.37280701754385975,238.16996783189728,1.0
15.058777,72,464.813496,0.2969824485552522,0.020040339260632898,0.08463538304783139,0.2462237840661045,-0.012258073522656478,-0.009473101326156154,0.4247685185185185,231.6924107549048,1.0
12.503037,61,464.965583,0.2624774743437568,0.025199115841410907,0.12421322410302979,0.2965413050015661,0.013311830212721906,0.05309734694625107,0.4193989071038251,231.41110358496965,1.0
11.19026,59,465.152395,0.2752450312733503,0.08559553559803915,0.09634298409725116,0.2675701871419267,-0.06256585145970939,-0.005600018482270968,0.41666666666666663,233.68664831767106,1.0
15.070287,65,465.312129,0.277075538849471,0.010956486338562386,0.08249525121741326,0.2761251961800851,-0.0024327861532232584,-0.018125825480146407,0.3961538461538461,230.85328834185933,1.0
5.031538,64,465.471037,0.2813999985277791,0.09720470684630567,0.13145955964730247,0.2557870055344004,0.07663468265769262,0.08538090740731541,0.4075520833333333,232.55358900948903,1.0
14.374955,60,465.627513,0.2684497829719527,0.03450505200921131,0.08285522450927703,0.287171393009633,-0.02410158540043256,-0.022919335895196305,0.39999999999999986,230.18847611198572,1.0
12.929468,82,465.853942,0.32604339539162486,0.037664255354111865,0.04961001543358209,0.21222555989919253,0.022805805596108966,0.0038298707497773942,0.41666666666666674,224.8962875008623,1.0
14.372558,62,466.018575,0.2650141072065572,0.013916692835834818,0.08900045635199648,0.28807850110979166,0.009104760921973532,0.02656148957873631,0.4032258064516128,229.85582049604258,1.0
14.120726,62,466.172518,0.26958732067441554,0.02822781548479953,0.06881381266812496,0.27994531082718527,0.019210664737468686,0.00233756061846687,0.42204301075268824,235.40438250752712,1.0
14.108376,58,466.327014,0.2597849390163665,0.01467035764153425,0.08059823927567757,0.2971416723369412,-0.002817325622296976,0.01807227706257038,0.4152298850574713,233.4678536598566,1.0
14.005695,68,466.521452,0.2921085918668965,0.04126987835073835,0.08311122051795754,0.2498893325631157,-0.026673653691114237,-0.02627408198339214,0.409313725490196,226.38414618588118,1.0
5.118388,57,466.661,0.2632634358396847,0.09297627291725345,0.1587231608051846,0.28913529747393735,0.0707362739945183,0.11442893124771693,0.3830409356725147,228.71977854036157,1.0
13.503604,65,466.823093,0.28293390100115884,0.05900296663148638,0.09070574359025134,0.2614372993417945,-0.04212842984845062,-0.039781676159018106,0.41923076923076924,236.14440079662472,1.0
13.750827,73,467.007996,0.3011967308827923,0.016868083305221604,0.09427729350690917,0.24096400580455105,-0.009089270164141582,0.00858188243351271,0.4075342465753425,227.73317425041805,1.0
13.320059,60,467.184268,0.26439338509544325,0.03525159228710971,0.11843928078446637,0.2906487978028209,-0.02782054471647098,0.0001669326561194636,0.4138888888888888,229.95106826346736,1.0
11.053806,64,467.337317,0.27347635058063186,0.04955252919813056,0.10228285603096159,0.2743016277590605,0.0346579714659352,0.02826106976898547,0.3971354166666666,233.8522138582721,1.0
13.451654,58,467.479784,0.2583085198207784,0.02360234911628087,0.08801498966069973,0.3046807240954745,-0.003944783841947522,0.0005976389021810647,0.41522988505747127,226.45941546686097,1.0
9.548452,71,467.660074,0.30835873631200567,0.09765376799560432,0.0967468391423692,0.2251318430702547,-0.06932546056358568,-0.042463755214454134,0.3908450704225352,243.95953563194294,1.0
13.757632,61,467.837729,0.26768148130908825,0.03372509707023864,0.09334554747015644,0.28740618621852687,-0.020977531410495645,-0.005138342426323349,0.4207650273224044,232.61118532743814,1.0
14.100696,60,467.991793,0.2665605567421065,0.011876039466705112,0.08190558843146968,0.2840205840428958,-0.0052908279081276405,-0.005959323914756383,0.3847222222222223,226.27024997608083,1.0
13.314998,76,468.177367,0.30718958073197283,0.02045014485317991,0.0939656489879846,0.23801887237716582,0.005035900716462896,-0.03663211626233207,0.4473684210526317,232.69389178509797,1.0
14.773939,64,468.347496,0.2715238038170853,0.017657539677887517,0.07897195564860032,0.2817375323095793,0.009459243050234855,-0.017601922926726094,0.4231770833333333,229.4943096750833,1.0
13.114128,63,468.523635,0.27948673406712016,0.04787854695482507,0.10906798039419112,0.2652811034671706,-0.037818899958102656,-0.037089937120915364,0.4047619047619047,241.87252595535182,1.0
10.298169,59,468.672435,0.2615961519657224,0.055756548674244975,0.10889448337729582,0.2906779933954095,0.04498094878768233,0.05456567413195245,0.40254237288135597,232.22840108889167,1.0
9.551058,86,468.88353,0.33201323835717944,0.05259821540168696,0.09072845192040252,0.2067276981307858,0.03050575212797282,0.018974796277629775,0.4360465116279068,227.40706918003283,1.0
10.707391,60,469.028776,0.2672352136848072,0.054166520808607024,0.09775082316748,0.2814807164369771,0.048318249763023395,0.04760560961463727,0.3888888888888889,225.48768292001537,1.0
14.128667,61,469.211261,0.26628342399695015,0.02189455236115741,0.07527529322242726,0.2870769521825042,0.011226227885431135,0.0037732440482891112,0.41803278688524587,229.2040208561975,1.0
15.083304,66,469.380878,0.2791158921495252,0.015987318034982025,0.06552338805376332,0.2692286774059144,-0.005036420699432247,0.0076232433882670435,0.417929292929293,229.32052762978546,1.0
14.449261,65,469.542718,0.2814290204809295,0.04312533109517636,0.09008866607132507,0.26344921867478205,-0.034610050197015685,-0.029077165569100484,0.4294871794871795,234.97278036300634,1.0
13.59628,59,469.687361,0.26444503674982667,0.01613783245819789,0.0723675544276738,0.29224066287802014,0.011549666392876336,0.000636833745864474,0.3898305084745763,224.02677620576713,1.0
14.005604,62,469.844136,0.26687025648140317,0.014782141538126906,0.08700858548372614,0.28814461848217005,-0.0027305822457944317,0.015211101173806625,0.40188172043010756,234.07967991293592,1.0
13.95365,62,469.986087,0.27785392245133644,0.0149042736132002,0.07369801293057361,0.26811787029925366,0.0033806075332825274,0.011794709784548996,0.40322580645161266,223.64332087468742,1.0
7.564144,61,470.124137,0.2683023569416945,0.0626230069223267,0.15289183254469485,0.2778584666749715,0.04870836925920295,0.08387481360901461,0.3989071038251365,231.90189880412686,1.0
6.945464,86,470.335494,0.3471526016373719,0.09865632497158432,0.10282521117451104,0.18506301416310672,-0.06270599441116956,-0.0541474247891877,0.42538759689922473,244.70503362905737,1.0
8.196295,62,470.507806,0.27250782991375083,0.08567117400281679,0.10736343366809363,0.27051329541360536,0.06404002139129002,0.0655905360377437,0.37768817204301086,233.2482915353024,1.0
12.924212,82,470.706187,0.32540112895017104,0.04998461361391348,0.07335155543512721,0.21316936128463373,-0.031440951888970725,-0.012175383637090769,0.40853658536585363,232.3791440131625,1.0
14.060972,66,470.875929,0.2863178712458883,0.042749237419416115,0.09155989584310126,0.25847801897469513,-0.03348917994194895,-0.02488285268287204,0.38636363636363635,236.33504760987043,1.0
9.045146,65,471.03782,0.28293187378376533,0.07878078199302081,0.09758811542137566,0.261168783532244,0.059193815218035184,0.043483731617756226,0.3858974358974359,224.6195136683863,1.0
6.198693,62,471.20889,0.2761903460279992,0.0773384330348826,0.14386440233803396,0.26388664823329483,0.06539167026870844,0.07778949049066612,0.3803763440860215,237.0868297867477,1.0
10.336429,65,471.368851,0.2791434992715345,0.06380980337665047,0.09859972036819302,0.26538585386474306,0.045531201998343075,0.04810851360889774,0.3743589743589744,228.98428314947526,1.0
12.420422,67,471.537136,0.28454501035181473,0.04246669164726235,0.07717815108005982,0.25788000000318584,0.03457735480778902,0.016242082320853952,0.37686567164179097,225.44919855161527,1.0
13.904968,66,471.72924,0.2768787484069069,0.01504074872672786,0.09292499063674758,0.2727245860827637,0.002343213374081411,0.025580640077965944,0.38383838383838387,228.82984145214996,1.0
13.469921,68,471.900465,0.29114756603908437,0.04573779064100367,0.09503085652003768,0.2521038223959867,-0.03220338178010179,0.002087948548926097,0.40808823529411764,228.71429980009603,1.0
8.815135,61,472.054387,0.2701489326720076,0.07034464081635607,0.12385509926247533,0.27886931596622117,0.05222373938822635,0.07726684076328717,0.3920765027322405,225.15290127459073,1.0
3.303708,57,472.196206,0.2664059814407298,0.10627411890164275,0.16543098638344722,0.2802018575800134,0.07859364537792338,0.10866589436756616,0.34795321637426907,235.2468441641062,1.0
14.557311,72,472.410246,0.2986585073750665,0.0163387384120638,0.07841276730168378,0.24339907111128575,0.007756854302902171,0.017488891353819567,0.3773148148148149,228.74291642418535,1.0
12.033092,59,472.559442,0.26397700861971074,0.038211509008210104,0.10376258872089365,0.2888323962397797,0.03189801955757842,0.05252047169969194,0.38276836158192085,229.3311400147194,1.0
12.476528,73,472.736331,0.31026271099189073,0.062395491854509565,0.09894683773312597,0.2258474902076937,-0.04467284387832132,-0.04055578225382826,0.4041095890410958,237.77829428651046,1.0
14.970667,69,472.898149,0.29088401785166834,0.015090577720455843,0.07082974201307989,0.25503409302686825,-0.008607321890810917,-0.0093284634471243,0.40096618357487923,232.85437695179047,1.0
11.969517,56,473.065038,0.25741205487830493,0.020672918972745744,0.1255493571946108,0.29900256817925575,-0.0008967004207402785,0.023483264813796593,0.3988095238095238,227.09747175121467,1.0
13.33641,65,473.224589,0.2843553442153242,0.02786436608324872,0.08402012173892737,0.25910760156143964,0.01994007544795771,0.013754004161051013,0.37692307692307697,224.8252870606804,1.0
14.249271,63,473.383341,0.27552184249038325,0.03842655819628373,0.09255451730499956,0.2713835935481653,-0.03266522288918564,-0.0014543973856414513,0.3716931216931216,232.606743538639,1.0
14.704591,63,473.534997,0.27678118599961316,0.023984056952140155,0.0805202591888525,0.2710431313952613,-0.015530547826131237,-0.02036870388995065,0.3783068783068783,227.1549542336598,1.0
12.753205,64,473.722853,0.2861265300224045,0.05458578890858585,0.10972892671547221,0.25488434292074796,-0.04164559540165954,-0.05275925614280498,0.38671875000000006,233.01497191275845,1.0
5.867376,59,473.86672,0.2956461776777319,0.13035210248623355,0.11423025108245592,0.23790681104701747,-0.09516184112008334,-0.058220071418662596,0.37429378531073443,241.6995050916625,1.0
13.91448,68,474.02423,0.29684681621255876,0.04808269458148105,0.0878683704433359,0.2418547180282283,-0.03567810540169293,-0.024577465286377238,0.41789215686274506,232.24162583229258,1.0
11.778036,63,474.17582,0.27132702210981124,0.031245904721645446,0.13164371621666882,0.2754521101082699,0.02086901165626839,0.05663893110527626,0.3849206349206349,225.22857418431892,1.0
12.629315,63,474.799548,0.2691633764289382,0.044558784465542435,0.13499184170014478,0.28141394073588144,-0.032024573770466726,0.03729237981473451,0.39021164021164023,229.71278534146018,1.0
13.410443,60,474.949005,0.26852801567600293,0.013916924414772644,0.09600495156808685,0.281397050936252,0.0013168803090333192,0.015032974853046225,0.3902777777777777,223.78481472366622,1.0
14.281007,62,475.117825,0.27133395562181256,0.011932090791975892,0.08274473386987648,0.27693554441754226,-0.0020067542276103446,0.017578478822286518,0.3803763440860215,223.15364811130726,1.0
0.267114,55,475.245647,0.2647527006879757,0.11509295204970753,0.1848954403133961,0.28194073978660883,0.09564497462639023,0.1228725056162984,0.340909090909091,237.61631821776854,1.0
14.598275,59,475.393595,0.267077521480184,0.03866877577852192,0.06928118877444507,0.2876911055526638,-0.024871682210087055,-0.009260727031706025,0.4011299435028248,225.95043137946774,1.0
11.905499,61,475.572482,0.2764027761675067,0.04600112663494061,0.15246685501694493,0.2684024914122311,-0.03283997583699792,-0.08694122532698015,0.39344262295081966,233.83418390998585,1.0
12.300319,61,475.718777,0.2758490722577355,0.07491021544875684,0.10198348262200356,0.2737158879257039,-0.04992970343534219,-0.07258312864844683,0.40027322404371585,226.66291232145167,1.0
14.10281,63,475.87074,0.27614627042683354,0.019384024006049192,0.0833012616692024,0.26995072383896784,0.00832657542808378,0.014478514337057592,0.39153439153439146,229.14590499246842,1.0
9.595026,59,476.014473,0.2623696417976001,0.07218100031208186,0.11278702998306477,0.291522271363312,0.04916466877589167,0.07455916273861568,0.37853107344632764,235.4706249971835,1.0
11.724336,64,476.191203,0.28325692401139607,0.08665224993346636,0.09903103232709937,0.25819363590378086,-0.06225547500019501,-0.048051460181695656,0.39192708333333326,236.0372091750344,1.0
14.153059,66,476.353746,0.2780430875992781,0.012648652574950011,0.08722955425754066,0.26850964763042556,-0.004907208888034241,0.028614747101453307,0.38888888888888895,229.61402594466307,1.0
8.913832,59,476.503501,0.2641882850284008,0.05892545400230186,0.1377673302934693,0.2838369593020577,0.05158585939064239,0.07318899870902595,0.3545197740112994,230.52430745343938,1.0
13.155062,58,476.642095,0.2621279044383826,0.026279671124410913,0.09589852562955355,0.29218939461477933,0.01421105650425877,0.05111653288536164,0.3706896551724138,225.47618409755077,1.0
11.710489,57,476.806231,0.2528096899487002,0.012467402013242056,0.14367943770837255,0.31148246322821177,0.006274952852797371,0.07075174555231571,0.4064327485380117,232.07132522969036,1.0
11.246806,61,476.95571,0.26681449483252256,0.05165923682898545,0.10878227669202388,0.2850958594688681,0.031571016604267664,0.06463595470403588,0.3756830601092896,227.99726340410834,1.0
11.38589,61,477.107058,0.2776954831875002,0.06937493615899068,0.13185727612268916,0.2657500681392228,-0.049516580390184896,-0.07289773035514366,0.401639344262295,234.2173195427286,1.0
14.973551,64,477.267074,0.27607035764550497,0.029959951424318336,0.08161663643654372,0.2716849265048294,-0.02264247301020705,-0.018218112498997834,0.3854166666666667,233.6605683097246,1.0
13.439109,63,477.451396,0.2764508158941706,0.03186386543388127,0.08299847067077266,0.27140262155824846,0.019412841238667242,0.03337170490168344,0.38095238095238093,223.65838227121503,1.0
14.306611,61,477.607142,0.27282163201678034,0.011514196253450543,0.09716417182065253,0.2795755065099036,-0.0003231945933031043,-0.0037085455898390207,0.3729508196721312,218.37924941800293,1.0
5.201202,64,477.773112,0.3072711198250697,0.11933233065368413,0.14227269871754097,0.2250616040265555,-0.08686027240056271,-0.08407195623582622,0.4075520833333334,254.202465208297,1.0
13.428618,60,477.922561,0.26950916401411146,0.015051329217753626,0.08985897698066965,0.2778400605568173,0.010115092968658765,0.022688962144714955,0.3777777777777777,221.32658242648137,1.0
13.502299,64,478.103063,0.27736462452758415,0.030574883317460572,0.07957853598644621,0.2674918200633832,0.017952270540277603,0.03555063889651476,0.3841145833333332,221.68203727423722,1.0
9.960031,62,478.251688,0.2776771404223386,0.07679851793912076,0.08051710816766383,0.2654843076571331,0.055732903251985856,0.04049301123362246,0.37634408602150554,224.24792077366206,1.0
14.639145,64,478.457029,0.27975305336718087,0.017264209392158447,0.06260087219235452,0.26535526420705796,0.01082637932577396,-0.011706873165294764,0.3971354166666666,217.46468356038366,1.0
13.395015,63,478.661545,0.28006357876217747,0.044331008986706756,0.07682071866337101,0.26769234527099944,0.02803582468150998,0.009055717525411405,0.35846560846560843,224.34362254519382,1.0
13.237124,61,478.816896,0.2727121733412939,0.0356546506257152,0.11915233441734245,0.27464515777448434,-0.02456122892168634,-0.052588583877850426,0.3852459016393444,228.7012345711173,1.0
13.905527,62,478.988624,0.27298216994313035,0.014404128144976778,0.07813154831539915,0.271759679095063,0.010066005728982032,0.017861558840484723,0.39381720430107525,224.25081075343797,1.0
13.086982,64,479.139649,0.28225105266909745,0.0626015074802999,0.09164277573604464,0.25867948337996366,-0.04707619729555052,-0.012416103616212463,0.40234374999999994,233.8629165943889,1.0
14.397933,64,479.285999,0.2742266461592236,0.023922518937428843,0.061349002363189714,0.27728554712961556,0.01284548075303567,0.011806582799702458,0.3815104166666667,230.05915107775053,1.0
14.900415,63,479.434219,0.2747768578170643,0.03467587677871158,0.08013292007688551,0.2736442253239802,-0.024525822351976524,-0.02745533774035647,0.40211640211640215,230.68187545956405,1.0
11.767915,56,479.587684,0.2597436444230009,0.03972483958751705,0.10423649897892488,0.30006284000552874,0.03008374831031068,0.04850438907503125,0.38392857142857145,222.58284900523125,1.0
13.88421,60,479.729233,0.27143250994021717,0.019205104053550137,0.1023955709796178,0.27888954873802374,-0.014794327546662538,-0.027381459328615354,0.38472222222222224,226.73490276430803,1.0
14.972761,61,479.877589,0.27004591588898036,0.024649339871755094,0.06244078610149941,0.27934672623301093,-0.007475030417356306,-0.023956649840612528,0.39480874316939885,220.43698461505704,1.0
14.458152,61,480.024448,0.2705142669731748,0.025822113082393548,0.0715753422737963,0.2807611889236847,0.012081853738719239,0.0057386781966697244,0.3989071038251366,225.02827970474556,1.0
10.26368,60,480.191764,0.2703380279161007,0.06616601949780493,0.0955650647395479,0.27671363456841985,0.05012545876687283,0.04281028250461518,0.3958333333333333,221.58079682972672,1.0
13.737106,59,480.343076,0.26164695640984936,0.02915986456334972,0.09371829019978482,0.2938318743680139,-0.014848937951078476,0.03044705729903205,0.40819209039548027,225.1323038122969,1.0
14.020004,64,480.497729,0.27963090863836926,0.021264384509889753,0.0830026036387367,0.26668756920036296,0.011146310420243777,-0.01816066963186314,0.3697916666666666,227.7269115693355,1.0
14.610682,63,480.658727,0.2792213444179783,0.01880854786262734,0.07092024587514997,0.26631677615317945,-0.003712442799862831,-0.029523944329730906,0.39417989417989424,223.5284875357395,1.0
13.299426,61,480.836104,0.2747983052360158,0.024167810310978394,0.10532864375428537,0.27304383079260025,-0.015253302311748512,-0.02840010032719984,0.3879781420765026,231.0451923471246,1.0
8.461425,63,480.98978,0.2813356693531004,0.06812413106612715,0.10648919361392892,0.25819790351658345,0.055665392372087626,0.06188748254460427,0.3888888888888889,224.26062908053825,1.0
14.90707,67,481.147429,0.2831775540996095,0.018246094490546563,0.08419493628562635,0.2621532081327361,-0.010637221869994698,-0.009928584646836838,0.3768656716417909,226.48251819689634,1.0
14.858261,63,481.294214,0.2756773276704965,0.020001928422243312,0.07276182973341598,0.2710703699243362,-0.012711845862225452,-0.002978736338906305,0.3849206349206351,227.0634031792718,1.0
13.802469,58,481.457253,0.26044013004584315,0.012452849479133629,0.09167972687342829,0.2929671082937853,0.005852977085611081,0.035654901307769514,0.3821839080459769,229.0380863693751,1.0
13.972321,59,481.593777,0.2692144482851339,0.05299280029081462,0.07538066729768568,0.2821571454880364,-0.03738383191804463,-0.014614144750188768,0.4251412429378531,218.9631652282885,1.0
14.509703,71,481.770983,0.29935832089362235,0.022087045133269433,0.06272635529895768,0.243759785953942,0.012758547786248162,-0.0036823174655160732,0.37910798122065736,220.5091323518984,1.0
10.054283,58,481.91318,0.2613088303653121,0.0605555290817376,0.10967021071062637,0.29298934147364086,0.048351300521743065,0.07742088598598583,0.3591954022988506,221.02194521737422,1.0
14.394937,61,482.079901,0.2640428567776368,0.02754523749112636,0.0905827164144874,0.28820014442212,-0.015804638366826367,-0.020040094885255596,0.4180327868852459,226.72581499750396,1.0
13.039804,62,482.22816,0.2719357345711815,0.04104406281888439,0.08203842349964068,0.2812622610895768,0.026902679812091598,0.02579718186111424,0.38440860215053757,223.79897854646688,1.0
12.899241,59,482.370517,0.2596308326742981,0.026900658108286454,0.08345777295361788,0.2954689871277507,0.0247510717653729,0.03589201196457206,0.38700564971751406,220.84099672199505,1.0
13.456457,58,482.510214,0.26568876940247227,0.055212356889958944,0.08706107090639192,0.28320144426327815,-0.043410326589014656,0.025555654866708816,0.39224137931034475,227.50365520034623,1.0
13.914584,63,482.685775,0.27707528257822595,0.04801990347132162,0.09077005387412075,0.26595353296788576,-0.03710371011650901,-0.006135947161175014,0.4007936507936508,237.93369122934413,1.0
13.677165,62,482.831903,0.27593344002791154,0.039733056981766365,0.08734123785137075,0.26864983910232293,-0.024584150294748634,0.00316615381093347,0.37634408602150543,222.46700509023196,1.0
14.271923,63,482.984082,0.2774935791799305,0.021367810917262815,0.08177817432494948,0.2696404361454631,-0.006964920288215542,0.006630571051142724,0.38095238095238093,221.17258964164208,1.0
14.576296,68,483.144861,0.28701105439267194,0.034092629424483545,0.08548018077853461,0.2569127194661207,-0.026176693503986225,0.010222658252073418,0.3737745098039215,233.33190172438765,1.0
14.395547,64,483.314037,0.28368819740342105,0.020429711220462093,0.07226448778285278,0.2590577412667163,-0.009881964105182706,-0.021636458455762536,0.3867187499999999,226.92837915017023,1.0
14.339305,62,483.457424,0.27271465399297656,0.015290576912365461,0.06740664418494895,0.2705937906299637,0.009901557678572865,0.026751403376669855,0.36424731182795705,220.6498973709981,1.0
13.664731,66,483.617934,0.27850944606036543,0.012295444895363843,0.08954711586997803,0.27170784124319264,0.009497836296123304,0.035661172943434356,0.37499999999999983,226.9478934684851,1.0
14.382753,65,483.776902,0.2805410659224793,0.02482102816719358,0.05720028734467038,0.26555483244375017,0.012686575839722984,0.016822554412798552,0.39487179487179497,222.7603167873879,1.0
11.008721,61,483.953686,0.2663720933090013,0.04062050347109794,0.11692799132049507,0.2796409133208923,0.03604538966584815,0.041885871921512094,0.3961748633879782,220.12069248430353,1.0
9.65149,78,484.146059,0.33087768743069185,0.0869841193351767,0.0914842660532991,0.20017617423257622,-0.05956046166963162,-0.02371891396450305,0.3846153846153846,241.80703065339802,1.0
14.085812,58,484.281439,0.26356003498766317,0.021440151595068572,0.06995564311599067,0.28888601769609207,-0.0005622875066553953,0.013929426196317969,0.3735632183908044,216.2481186910084,1.0
14.222807,63,484.436312,0.27799629365674783,0.02121774481188013,0.07350730224136436,0.26678204551254076,-0.012006992259565707,0.006852840980716275,0.37433862433862436,222.83702523232176,1.0
14.174496,67,484.604521,0.2845909725067464,0.01320626959753146,0.08194290806503375,0.2593849714655255,0.0036982973534932582,0.021522849864258446,0.38308457711442795,227.8001265446444,1.0
13.389888,64,484.755224,0.28891724996579904,0.0494343381043264,0.09155072065345772,0.25179112829009337,-0.03720487253627368,-0.038755490030032085,0.3880208333333334,230.13402284441455,1.0
11.412942,61,484.909409,0.26848578054063377,0.04125371505553748,0.11170667491073119,0.2799380132908319,0.029536698049526737,0.060724403478786694,0.35382513661202186,218.21563124880035,1.0
14.304461,60,485.062012,0.2694967433916102,0.013079404089745245,0.07676813310626933,0.27835537220970413,0.003052418893238526,0.0003755609747330418,0.3666666666666666,216.89219559872362,1.0
13.845053,61,485.232285,0.27225171243185003,0.0214692873394944,0.08893321628472349,0.27638553295301926,-0.0075218184285425,0.016564962758910555,0.3797814207650274,219.89180213988772,1.0
13.062075,58,485.375015,0.26585621976698476,0.07350563843800119,0.06713478360929018,0.28832989597666936,-0.049496633483230364,-0.02783177336847806,0.36781609195402293,223.9132556550258,1.0
12.429921,60,485.509506,0.26622331256022114,0.031842846548853505,0.10003348664695405,0.2853455557483768,0.026772768067394214,0.03462596224973081,0.35555555555555574,218.6842275467763,1.0
15.289239,67,485.663777,0.28510837224969793,0.020431644328579093,0.054082143336835475,0.259918929303509,-0.004946960657706004,-0.01970050780456333,0.35572139303482586,219.82721654821708,1.0
13.11189,62,485.807505,0.27359683940013,0.048729539940213416,0.10107790166974978,0.2769969639494442,-0.03211240956806346,0.006172910118671878,0.3817204301075269,222.96012388599257,1.0
14.851155,70,486.004538,0.29549267994689055,0.02641859223498721,0.0698449522294549,0.24654599921093545,-0.013205001611102598,-0.020422785510253522,0.40238095238095234,219.54374238915364,1.0
10.464574,63,486.151204,0.2920850080170856,0.0912014203217316,0.1043441850736459,0.24445845051251527,-0.06356825405194329,-0.062454632883021846,0.36375661375661383,229.24985406119575,1.0
14.926906,68,486.322432,0.28690718070889915,0.014616770687001705,0.05549280936405368,0.25610530384262403,0.0075738420151778355,0.0024237217999565496,0.36764705882352944,221.69183322605448,1.0
14.026547,61,486.46807,0.2744997633947989,0.02031203997273361,0.07076581339510454,0.2728517394029333,0.014473170481754075,0.014783887145611052,0.37431693989071035,211.6025944830083,1.0
14.762023,63,486.643806,0.27304859853063745,0.009907299207298699,0.06610927927398541,0.27605996826589224,0.0003555238690636306,0.0019190429582177948,0.3862433862433861,224.1148356423019,1.0
13.783518,59,486.791334,0.26442290935180923,0.020762585504623593,0.08681455135640556,0.28571276056175554,-0.0063739282477249,0.01781143755008774,0.3658192090395481,217.90876220104943,1.0
13.996609,66,486.95897,0.2847160659039105,0.03512930426809411,0.04790694556883944,0.2605710814834808,0.030538666274938044,0.010410652827137075,0.36868686868686873,215.7017079694321,1.0
13.810796,64,487.109515,0.27372603755630437,0.03335508460646906,0.049860265965227184,0.2723684685996963,0.02813463123342693,0.014674224978734385,0.3854166666666666,223.57424459833197,1.0
13.855608,75,487.312051,0.30672215510414014,0.02418880028378567,0.058292729878444374,0.23499157612861818,0.015695784585893307,0.007381187523776511,0.3944444444444444,219.06474488552436,1.0
14.397897,60,487.456855,0.2635908377712868,0.010527939079823013,0.08141601775008252,0.29128185664844874,0.003041587903804879,0.026580383969510856,0.39444444444444443,216.62474683633886,1.0
12.604574,59,487.594837,0.2623495696026786,0.022023195229910465,0.11269954595057563,0.2896625301693271,-0.0016863158528770735,0.019800146375812965,0.38276836158192096,214.65893307459856,1.0
13.985946,61,487.73952,0.271858716900468,0.049773196846583184,0.08118272617674213,0.27251736804703125,-0.03501843424108486,-0.02097396897638296,0.3879781420765028,220.92151749891505,1.0
10.078718,61,487.912086,0.267077880298438,0.06878170190993861,0.09418453554518084,0.28204678928747884,0.05601605082086108,0.062357281979314304,0.37978142076502724,230.35777126408874,1.0
14.512271,61,488.054443,0.2682477790795595,0.014539169921162377,0.07225528355636494,0.2851330089183261,0.006698858615087163,-0.01618466634202081,0.3688524590163935,221.7766931503363,1.0
13.915021,58,488.191405,0.2634442477216787,0.020106664465509506,0.068442954420347,0.2896408342252734,0.0013902468009749191,0.013607647545187883,0.389367816091954,215.85714036384104,1.0
12.278344,72,488.375831,0.29842651559241634,0.03456752005213747,0.06650944937900864,0.23910100824486374,0.02859652436147376,0.02848153403629705,0.4062500000000001,221.7552193467667,1.0
10.438424,62,488.546805,0.2729210097969482,0.06598944144320941,0.0912205641642612,0.26851026263485167,0.0564341838825627,0.03839907516798717,0.3736559139784945,230.95601612795738,1.0
14.450372,62,488.699743,0.2788942454884823,0.02606606566425762,0.0628868666189778,0.2677406584000269,-0.012925395868379746,-0.03215807864348577,0.39919354838709686,212.69193182818498,1.0
15.113564,65,488.864857,0.2788777594833063,0.029653623062900553,0.06574696830710336,0.26464829204776535,-0.01838834227498968,0.005638605696458828,0.3897435897435898,221.0687932936959,1.0
13.829734,67,489.027952,0.28760932225875335,0.033258956630808634,0.08527186520607158,0.25618090837990176,-0.01766258697782392,-0.032873817014574605,0.4029850746268657,217.8543663632226,1.0
12.180006,60,489.198127,0.2676881649039798,0.037416423679472795,0.079332529286864,0.2787006993909432,0.03594036374087409,0.03380789305077968,0.3875,213.54974379741083,1.0
12.484906,57,489.339047,0.2589014560568573,0.03899349386278386,0.07241950524519965,0.29546820711075167,0.03490921440697252,0.030543514749934116,0.4005847953216375,218.74572234036967,1.0
10.543853,60,489.486499,0.2660735345088773,0.04596318512993542,0.0986314367449624,0.2786772727364327,0.043467520846977116,0.048256305620760775,0.35416666666666663,221.10144396043052,1.0
2.529877,60,489.638043,0.274212638882761,0.12770328098050812,0.1234324465261625,0.26516616550466027,0.09493152196347168,0.0781699898992873,0.3819444444444444,232.52961970890067,1.0
14.851917,60,489.808263,0.2698952985791398,0.03290942637953963,0.06874314865627726,0.27880183805597697,-0.022590817440449384,-0.015223679355901494,0.3902777777777777,219.84630962657482,1.0
5.805929,59,489.958288,0.2930124965869885,0.13293080362919976,0.11507307438476905,0.2399688734530575,-0.09643292720535838,-0.06929003681624625,0.39406779661016944,235.8671598451453,1.0
10.181937,70,490.12794,0.2939592536074421,0.05073634195928413,0.09493261031954228,0.24461129057989314,0.039018026399255334,0.049744325098017385,0.38452380952380966,222.28932268872262,1.0
12.66846,60,490.278894,0.27513106789809605,0.0447567153315117,0.10071534333882434,0.26942628814807595,-0.027897139096605027,-0.049319538787463056,0.38055555555555554,217.14151767407418,1.0
15.229701,66,490.473384,0.28324023351499156,0.013763420149500119,0.057078064637131554,0.26059486504065016,0.00026278547603508936,-0.010023544365979409,0.37247474747474757,218.52317868219347,1.0
6.450374,61,490.625916,0.2658014333334733,0.09069876391828227,0.1327172656405629,0.2804273346524939,0.06800866171656862,0.0639450047955873,0.37568306010928953,231.57115153198328,1.0
14.388929,65,490.785301,0.283424184440312,0.04625813971163945,0.07398679563444835,0.25737206444959204,-0.03418145492240018,-0.0012501676843071185,0.4051282051282051,221.9593745430678,1.0
13.040158,62,490.931469,0.2748916059372804,0.0375972448481585,0.055576449090747534,0.2681616718366746,0.03236361362429886,1.8002763207910785e-05,0.3575268817204301,213.7698851460877,1.0
13.556561,67,491.118834,0.2802646161588045,0.020863421413102528,0.07786581224908003,0.263666776008872,0.015821787034707886,0.015219271979620978,0.3917910447761195,219.90667890269847,1.0
12.510404,61,491.271627,0.2650314244958069,0.032204682447777876,0.08137213301057687,0.2856244830481849,0.029015685145853364,0.02168117904466738,0.3879781420765028,221.74358073743608,1.0
12.04978,65,491.430071,0.2829789378970135,0.07560848895514251,0.09393164729167626,0.25676145928681726,-0.049233319918130104,-0.03315518080015376,0.3948717948717949,221.7548415920462,1.0
14.425304,65,491.582855,0.2768969314579175,0.02687051768509426,0.0698862061814688,0.2666850861909032,-0.018288206432973412,0.012008589397546312,0.38974358974358975,224.81043704194835,1.0
13.203084,60,491.772003,0.265629971404106,0.015012015691013385,0.09535757992542421,0.28354435293899977,0.013534139411314717,0.01551884850783483,0.375,220.38076888842372,1.0
13.867614,83,491.969837,0.32808716303621793,0.028420882241739297,0.08097975721222318,0.20659892701766408,-0.018018040320061896,-0.007558381422758386,0.39257028112449793,225.30209650331423,1.0
12.987765,62,492.119561,0.2729048332254095,0.07848125673618622,0.07095215488277083,0.27413991287924294,-0.05228163504362141,-0.01557384832777019,0.39516129032258057,228.95502830233434,1.0
1.390827,61,492.274163,0.30993553787192374,0.15855116891159715,0.12662235256497195,0.2203185592382487,-0.1137956525988654,-0.09168310597556864,0.39754098360655743,248.4525439121612,1.0
10.12933,77,492.48732,0.3271598109577805,0.08636881517291056,0.0701470397695642,0.20363875583002042,-0.06016052757742604,-0.03748601758833129,0.380952380952381,233.30458783612352,1.0
6.771221,62,492.646786,0.2941710529553664,0.12402247520185979,0.10705606761412925,0.23948989507597024,-0.09230226672425915,-0.058077278550922345,0.4045698924731183,247.1435796213786,1.0
12.944121,68,492.816583,0.2817367257390097,0.023947018827558317,0.0881241158248689,0.26449416096002903,0.01570973836375396,0.010901743307177011,0.409313725490196,226.94973710150245,1.0
12.480613,72,492.994529,0.30782418894187874,0.058883743087843415,0.0863159615795203,0.22698899677265658,-0.03985898823252873,-0.01745600201134336,0.39004629629629634,224.85753569930074,1.0
12.968708,78,493.212848,0.31879236160711627,0.05350047730832651,0.08739499482498155,0.21718179003538443,-0.038679298957868945,-0.0222591858788618,0.4113247863247862,233.91623610314718,1.0
11.254195,64,493.379483,0.29168219053183686,0.07840028045262096,0.0867420571797488,0.24486366163139797,-0.05492691765565657,-0.04646295189281217,0.41015625000000017,230.40330907684435,1.0
14.26606,64,493.537169,0.27772958243925466,0.014104267625958834,0.06850938943980171,0.2667274005410219,0.0012836348124329348,0.006061644616702215,0.39583333333333337,220.319716702193,1.0
12.458661,64,493.721239,0.28578207803902517,0.08101543461614216,0.07093256042257069,0.2522270952407534,-0.05593126542090168,-0.026740253770099167,0.43229166666666663,231.3247904885192,1.0
11.68312,64,493.883014,0.2895811784081848,0.07464210352260175,0.0960056278857934,0.24687145539916533,-0.057360510364454186,-0.039182259150032796,0.3958333333333333,231.59351454647415,1.0
7.066612,57,494.025043,0.25811893095964605,0.07981559439711414,0.13126186933028106,0.2888525792646231,0.07109372800963004,0.062246679285572655,0.3669590643274854,231.29993053241103,1.0
12.80135,64,494.192161,0.28212768400350974,0.07218577535843136,0.09511157267916634,0.26194613521811366,-0.05080091920130261,-0.048335561443934305,0.39713541666666663,232.32203830695556,1.0
10.246069,68,494.386471,0.28951055891136934,0.06076067114873122,0.07371581584572054,0.24993757250221957,0.04777667569801631,0.03266753780624193,0.3872549019607844,220.016630978207,1.0
14.325508,63,494.543853,0.27384064788314255,0.02194665865613284,0.08450832880731216,0.2697642196383241,-0.013905037831467931,-0.002046686057829566,0.40476190476190477,220.45834622437576,1.0
4.433825,70,494.719942,0.32890273132703,0.1323955494567605,0.09977870505517096,0.19730171863260518,-0.09153837055164524,-0.05090101497882487,0.40119047619047615,248.7339308394165,1.0
10.965501,74,494.898537,0.3020654003151359,0.05417615323543701,0.07149234716788937,0.2374623044522037,0.040521731113678086,0.01787791649973782,0.40540540540540526,220.71495538990212,1.0
14.587354,62,495.064101,0.2701009508178484,0.01422531228476197,0.06470731839323966,0.2786569145342689,-0.0006884478207269326,0.01785749554859541,0.3911290322580645,215.97631937984477,1.0
14.194948,68,495.223814,0.28527735445258345,0.025464789543453145,0.06272745903161127,0.2586752924605333,0.01360898872424685,0.02065774165954135,0.383578431372549,223.73978949397198,1.0
6.587284,61,495.379392,0.27055179366231136,0.07985416896070774,0.1215463753397383,0.2713680643932536,0.07012371438616653,0.06935594108830914,0.39480874316939885,233.15927614724976,1.0
8.706317,63,495.525842,0.27263759565732915,0.06488776125604451,0.11718171224206758,0.2687886103667549,0.052705814979483394,0.06038359666286182,0.3955026455026455,226.45934794334678,1.0
14.205517,61,495.693971,0.2644860999432713,0.010493094692955379,0.08134353603756007,0.2898220260286586,-0.0015980012215716208,-0.004267987315143761,0.41120218579234963,226.06464582839888,1.0
14.757078,68,495.858898,0.2857110825455854,0.017134689720233062,0.07344154895302847,0.25588516906359926,-0.008490683745344424,0.00693432375143694,0.43749999999999994,221.94251441136979,1.0
12.687736,68,496.024055,0.29433973316740003,0.07034933127371251,0.08740653266867937,0.24574495719884706,-0.047222447924706555,-0.04070789574931802,0.4154411764705881,228.90133710010164,1.0
13.378429,60,496.16393,0.2695808712022309,0.05387735154564143,0.08903513301443496,0.27514826442864515,-0.03987241031485717,-0.012647596406144298,0.42083333333333334,225.824584530363,1.0
15.006414,65,496.343603,0.2797512751505581,0.018298333716733336,0.07395120961570736,0.26717590345993153,-0.009898862488139808,-0.013276568424323718,0.40897435897435896,227.14378399918212,1.0
11.605544,61,496.48404,0.2743947485899058,0.09058054946962424,0.09126214806630238,0.26913375312386806,-0.06522181214657424,-0.0297392772971129,0.4057377049180328,228.83989918578288,1.0
14.322726,65,496.634576,0.2773707513343482,0.020493621332370447,0.0804530146251849,0.2691385232039363,-0.009547591352370193,0.01028452381935319,0.4320512820512822,222.16291750424432,1.0
11.553561,59,496.76984,0.276668845632328,0.08764015264916424,0.07218100295902748,0.2613448130025847,-0.06676218467830779,-0.014375771510155552,0.4194915254237288,232.84401334701644,1.0
8.879508,62,496.946574,0.2726717269720658,0.07426129923646224,0.0996642037234526,0.27185001132705494,0.05725218993759964,0.04822029009047138,0.40053763440860224,225.12026161457896,1.0
14.384144,65,497.095168,0.2778889296218985,0.012708052763901979,0.06059398423487102,0.2671043962252341,0.0030347767763872907,0.005733190271403811,0.4371794871794872,222.47843402036952,1.0
-0.179139,59,497.232917,0.31392184102362747,0.17252306943956916,0.12462747523536442,0.21304898501371433,-0.12465245546757799,-0.0817328819629827,0.41666666666666663,249.5374765230387,1.0
13.596316,61,497.37936,0.26804041013737734,0.01278008496904753,0.08691790903965263,0.28189798110325326,-0.0032214187972902995,0.02864579106492056,0.42076502732240445,216.95416197783126,1.0
8.993059,67,497.556098,0.30121070977150616,0.1037758370696423,0.09471147050656006,0.23028799518839363,-0.07668206185148845,-0.04014130811632236,0.4291044776119402,242.9317758746693,1.0
12.14047,72,497.717725,0.2991189177331156,0.037346733399828455,0.06378361495644394,0.23916254552123498,0.026851688532656105,0.02314209160795163,0.435185185185185,222.63859259885575,1.0
2.977579,64,497.868155,0.32329679796744043,0.146355939272683,0.08507324453101973,0.20411991454567713,-0.108602367209981,-0.04552542013558305,0.42317708333333326,249.90454932557773,1.0
15.179436,68,498.02436,0.28768157113412746,0.018839063912684723,0.07781790305957621,0.25618364529659543,-0.009962555610860362,-0.02522166340606969,0.4240196078431372,226.79211383054374,1.0
13.390222,60,498.193622,0.26219465215863946,0.027848333403016436,0.06746869344083066,0.2872727518198393,0.02051011707962066,0.013251666712435677,0.4125,221.1368657745748,1.0
13.683488,72,498.362462,0.30501055096459745,0.050934500558092746,0.06905737858689898,0.23216114722281944,-0.03325492557618428,-0.022366409958150854,0.40972222222222227,226.62571541069505,1.0
13.625614,59,498.502064,0.26348166732120915,0.02685704766098688,0.08397057558269225,0.2838239531347672,-0.011051334064933666,0.014331650857896698,0.3954802259887005,218.14851178724604,1.0
13.738206,58,498.638394,0.2580718416424244,0.025506595212197825,0.08121411734613913,0.29831650449083985,-0.012246022086082225,0.025605180163095088,0.3979885057471265,216.2899245492952,1.0
14.672479,69,498.836705,0.2887441277780508,0.014784130371245395,0.0662297778669931,0.2541797131550347,0.003482699916638529,0.009482464476556707,0.4239130434782609,219.7182283428452,1.0
11.561536,57,498.972208,0.26208776406523354,0.04439982519892422,0.09423056459550767,0.29155417995594407,0.03413218786958045,0.053144475670589574,0.3991228070175438,217.1223237493182,1.0
14.566362,72,499.149642,0.29652837733909937,0.017132636580013568,0.07460472205471869,0.24748307025361369,-0.005747643120920173,-0.018896503506262045,0.4143518518518519,222.5030019945944,1.0
14.313366,58,499.296622,0.26268075854705303,0.021226998415029587,0.06234615240958053,0.2912674088490977,0.010873973503999919,-0.012857443650855676,0.43103448275862055,216.10197755131514,1.0
11.150552,65,499.504347,0.28390515552525925,0.05756890107218849,0.06764791076557376,0.25432235787570767,0.035888612519655506,0.039812994202561854,0.41538461538461546,219.3786815754338,1.0
13.414269,63,499.669026,0.2830378613600137,0.05443824412948528,0.08315552648033755,0.2580655915550219,-0.03744321948944371,-0.04388010071978688,0.414021164021164,222.17696090344705,1.0
14.550962,65,499.838882,0.27891202633167705,0.013568435635016207,0.061315952281666086,0.2643985894499877,0.0070234731234734725,0.013771157707818237,0.40641025641025624,214.2994364306852,1.0
10.675818,59,499.985085,0.27613415154538107,0.09431133910134962,0.09317259109431152,0.2630850588941522,-0.07097299943768944,-0.021459158751124092,0.4209039548022599,229.80819599362425,1.0
15.205559,62,500.15498,0.2704064287304744,0.03018707857982411,0.05848766872103718,0.2807299664703354,-0.019583124907853317,-0.016020946251703385,0.3938172043010752,220.78427782962984,1.0
14.684142,70,500.32728,0.2936512140875644,0.023441522635041446,0.06975952174917151,0.24725662058823003,-0.009432268559149382,-0.015959654621969882,0.40952380952380957,219.91482073942512,1.0
14.925065,65,500.495697,0.2827656557771046,0.043069853336025136,0.06124248967557026,0.26055041963011305,-0.03268059668513855,-0.014732322779799823,0.4000000000000001,227.3028699132316,1.0
12.491825,62,500.647902,0.26696743990143806,0.0218253869479947,0.11134842881408227,0.2809651693506176,0.020643530186145082,0.058525290072082056,0.40053763440860213,218.17618032683194,1.0
11.60127,56,500.821181,0.25380138480073805,0.03675999790839858,0.10161813931017769,0.303779001060137,0.026994024346817906,0.04840291905351303,0.4032738095238095,215.88164462906562,1.0
11.456634,73,501.000984,0.30213904419934434,0.04734435254844546,0.06573085408411575,0.2355532567383377,0.038064869659396504,0.013864567855701263,0.4200913242009133,218.66876415830436,1.0
14.125985,82,501.200631,0.3232285128296462,0.013277348206187442,0.06920855613423361,0.2173875782089892,0.0013405343732104875,-0.021247413224259524,0.40853658536585374,221.22246160594057,1.0
9.98743,58,501.345736,0.28296130706618033,0.09245650161047618,0.09819431573174171,0.25303605538726465,-0.0687121499107756,-0.05620883493831035,0.4008620689655172,232.45450780167732,1.0
13.087135,58,501.53105,0.2627705065306317,0.06375151684319498,0.08074840948585461,0.2845628709480541,-0.04886242855705129,-0.0051693946078715915,0.4267241379310344,227.71896933215254,1.0
12.957259,67,501.705571,0.28608908799403354,0.04210377753455261,0.0507631351493825,0.2556945840765829,0.030871638238353295,0.012880893614444826,0.417910447761194,218.38705117358373,1.0
14.977502,62,501.851907,0.26867646265568473,0.03286186022768227,0.06832580808916862,0.2799722259235343,-0.02090446596459218,0.0010203728817095089,0.3978494623655913,221.63186953595505,1.0
14.856579,64,502.00059,0.2741383130839945,0.01776765119404914,0.06252570363785342,0.2720484413857987,-0.007016706917025435,0.018718713377619312,0.41796874999999994,220.1512907663151,1.0
14.287461,60,502.157813,0.2678943271469634,0.0486173003967664,0.06988604544720903,0.27754717541893964,-0.03388758049962644,-0.02260666562176031,0.40694444444444444,221.22652219913672,1.0
13.266283,63,502.305178,0.2811842923283362,0.06419529052210558,0.0875646473001264,0.2601108794064475,-0.04563019429122852,-0.020346859379656888,0.39682539682539686,223.30945394464328,1.0
13.868178,59,502.447148,0.26427310361564443,0.014878297246545677,0.083716708376648,0.2834203968663547,-0.0050106942660847935,0.04765341334388623,0.4166666666666665,216.465602552169,1.0
13.67607,76,502.640021,0.30935054502987575,0.03441266981886373,0.05417522946192114,0.23089008116481757,0.017283547448307818,0.00022500339215047723,0.43201754385964913,227.59496190385423,1.0
9.948026,63,502.807097,0.2771947400676724,0.0745130993195415,0.07839715888134868,0.26327458983698737,0.05276246838233599,0.03668564853238917,0.4074074074074075,224.24548960074446,1.0
9.745076,64,502.960588,0.2803879339782781,0.06801328270402075,0.0998952706357361,0.2596878731845701,0.05308817656388781,0.03662575643951549,0.41015625000000006,227.26072036588664,1.0
10.750067,63,503.114475,0.27698434792092574,0.05245780597632594,0.08970354549418631,0.2626376684433474,0.04470626770713645,0.058237671612934735,0.40608465608465616,220.0705822799654,1.0
13.27625,66,503.26717,0.2904428823699291,0.055815676860029854,0.07364697581073226,0.24647266728189976,-0.0387984389636176,-0.019578462766388725,0.42550505050505055,226.97448758814963,1.0
12.836746,68,503.449128,0.299065838173336,0.05111606822002987,0.09153525464807873,0.235155577166221,-0.036964127025365626,-0.031813405571826436,0.4338235294117648,235.0660995941905,1.0
12.97573,64,503.606736,0.28061718436196537,0.04355892225375084,0.08726161070948367,0.26324225087933734,0.022089936408917214,-5.00506055566511e-05,0.41406250000000006,227.32375640618125,1.0
14.052992,61,503.768833,0.2713694882552917,0.0505087192108842,0.07627520617652424,0.274413916439679,-0.03675107203078336,-0.022788312964182048,0.41256830601092886,230.46975126624105,1.0
6.933034,58,503.914898,0.26259779583073317,0.08874366537296988,0.13016061634180867,0.2836598016456734,0.07092523985876484,0.06274151433779268,0.3951149425287356,225.08672830759505,1.0
10.073286,70,504.098312,0.3127409976755401,0.08847973308697815,0.0798410110759119,0.21706983956482595,-0.06449712633372359,-0.021604556423815157,0.43214285714285716,243.55626526925894,1.0
14.135079,56,504.228959,0.2633717620664096,0.027594210656086884,0.056261776965775286,0.2877869728258234,-0.01663042865569873,-0.0019149403099794047,0.42857142857142844,217.06450195683692,1.0
13.031596,66,504.388737,0.28460363058916405,0.036064094125195706,0.07573048067167527,0.2545174965060018,0.020726358837069282,0.03254475586589019,0.422979797979798,220.53065806666095,1.0
12.33833,68,504.54961,0.29245684744708667,0.0456676453337534,0.07017488236419023,0.24656990915381397,0.03365830704222365,0.019877639006680672,0.4215686274509805,214.17899075556699,1.0
12.078339,60,504.721802,0.26103182106865164,0.04749308987554092,0.08100677218318347,0.28793035496305,0.03830318232496245,0.0513988259070837,0.44583333333333336,226.28511493645098,1.0
12.442637,63,504.882163,0.2688317965823512,0.037706747521423355,0.08198385664770128,0.27718016557637715,0.031164495603418125,0.053661028471109276,0.4378306878306878,223.46128973960433,1.0
13.452617,60,505.02181,0.26279256271572954,0.012024084340287044,0.08366558576291667,0.288089147433567,0.007847665275317958,0.033658957889831934,0.4222222222222221,222.5126176342072,1.0
12.224083,58,505.154355,0.2617514041150208,0.03758089785397692,0.08998178486999794,0.2893624120306855,0.03434054790416683,0.044519483317076385,0.4080459770114942,214.34426919237893,1.0
13.989903,63,505.324775,0.2712856721095065,0.0105186067063991,0.09123841038525211,0.2780857671347624,0.0037808669793690367,0.025837790083565737,0.4285714285714285,219.74878533635297,1.0
6.387848,54,505.451841,0.2554098990716295,0.07934398292085147,0.12922463230805684,0.2936560113772832,0.06909319033824743,0.09052757739546283,0.412037037037037,227.9331821188793,1.0
14.528503,62,505.596289,0.27523259127104105,0.02303915389800591,0.059031780283575294,0.26905080432835476,-0.012989784829066884,0.00230575960758448,0.40860215053763443,221.14771916248853,1.0
11.5394,56,505.736094,0.25799291349879117,0.019137604870719763,0.13947867872502465,0.2973629370684407,0.01164299800576481,0.07123284300734621,0.375,210.88162499078288,1.0
10.375896,69,505.89874,0.2877222378190462,0.05756568700460258,0.10385327456212688,0.25322845518427994,0.03732439441788892,0.051902619300077855,0.4057971014492754,227.69785834606733,1.0
13.494861,63,506.091921,0.27849470990817626,0.023344917916707147,0.08273820563292542,0.26443296916639747,0.015375008706915721,0.03565427863126722,0.4113756613756613,211.35509370756319,1.0
14.801759,68,506.264357,0.29154423209369024,0.017129802373120034,0.07971949650544886,0.24930291235912835,-0.006791192088923907,-0.004131031237889315,0.41299019607843135,228.2094651363171,1.0
15.509175,68,506.440497,0.2832433731964224,0.014871390228382903,0.06731605406611868,0.2598405554095749,-0.005571808572942855,0.01300883525138485,0.39583333333333337,225.350422963457,1.0
10.152616,55,506.577794,0.261579300663797,0.06074810497400723,0.09992553360600731,0.2923481166662268,0.05075938925093941,0.0684611589167572,0.3893939393939393,210.2251776722899,1.0
14.640506,58,506.745246,0.26045553511803937,0.011742571822135346,0.05311572979299937,0.29329390657266335,0.0010734026030176788,0.011338986286576678,0.3850574712643678,219.60858024758545,1.0
10.911226,61,506.89175,0.2653272909786841,0.032670778350717834,0.1184291033439837,0.28129122500340353,0.031115091254567837,0.048699670967573924,0.39890710382513656,223.95922345067768,1.0
13.592175,57,507.023707,0.2603568368604642,0.022703674581196376,0.07615425568041506,0.2898116293531851,0.016149411502767715,0.03198899149223525,0.4283625730994152,217.76249396067004,1.0
13.88125,63,507.179508,0.2781688263952439,0.01657247643718397,0.0921208639349678,0.26733683791436563,0.005578849860385404,-0.00771856703477773,0.41534391534391535,215.65270527681912,1.0
14.000993,60,507.349425,0.26774380846175244,0.015033260053106198,0.0635053078395997,0.2767114195391743,0.00380102768901731,0.024376342635523063,0.4124999999999999,215.97928472251698,1.0
12.539265,60,507.499953,0.2647443252315059,0.03149437376318685,0.0976118477915794,0.28162027211564794,0.024817919626820114,0.04434066561427422,0.4083333333333333,221.02172117838026,1.0
13.707173,63,507.658311,0.27603480297779576,0.041092661603703076,0.06548456096552928,0.2691969674353769,0.020021818760739774,0.012783433043161823,0.3968253968253968,223.34560898856046,1.0
13.506543,80,507.845048,0.32043920557197964,0.03182783011356007,0.07513961517158614,0.21668259037759235,0.009840065149784437,-0.014923778746772925,0.42499999999999993,225.78267674966796,1.0
11.174981,58,508.004627,0.2597901069092231,0.05962481988457536,0.08964859586093217,0.29428614676549325,0.04837553052444929,0.05342447188656246,0.42097701149425293,223.16003936101853,1.0
14.537835,62,508.150537,0.27293287563211316,0.012745569263926062,0.07273408821614405,0.276335920723924,-0.0016833600056698427,0.0006827058848086716,0.3870967741935485,220.35546453415694,1.0
14.690254,62,508.30593,0.27470899938783006,0.016141062576035932,0.06122713507661878,0.26920872839277715,0.00017801331677039513,-0.0006048259293402358,0.3911290322580644,216.0457192669392,1.0
8.583244,61,508.524758,0.2769124042981751,0.0803709067946923,0.10053728939862659,0.2616567579984084,0.054799780883739206,0.0513635227379966,0.4043715846994535,217.38153020852806,1.0
14.399686,58,508.719434,0.26478266694164454,0.03613563282420056,0.06483457404860078,0.2834463307927639,-0.02402025110978445,-0.007179838648146252,0.41522988505747127,218.78582164636325,1.0
14.376395,68,508.882189,0.293490546851745,0.02374069364102823,0.06850458698155192,0.24832546772001785,0.010808126912252367,-0.01429775368351219,0.3982843137254901,215.14508460700904,1.0
14.980873,61,509.020268,0.27211718052092276,0.027114841993555773,0.07525360644024366,0.2715791386704956,-0.022496336711899354,-0.005431384643409314,0.40027322404371574,225.24298196364947,1.0
13.368438,57,509.150901,0.2617731103954217,0.013528231664547762,0.0802807937966359,0.2881725628100911,0.007467630398484655,0.022335690325857797,0.3830409356725145,215.47888643824555,1.0
13.659837,63,509.32707,0.27729285675374615,0.050413848611015485,0.09610761851740496,0.2638984755615654,-0.041350986102364505,-0.008111582931647104,0.41666666666666663,229.9315269161888,1.0
13.985435,60,509.46887,0.27465776301641287,0.04512474322345204,0.08605782075578267,0.2675831053705476,-0.03335207507211969,-0.01713993519755442,0.4111111111111111,224.16330981737306,1.0
11.628563,61,509.612381,0.27512052663789527,0.04406101999274818,0.0805551461503081,0.2678806501931688,0.03682251110935088,0.042333260534972696,0.3907103825136613,211.35576109095095,1.0
9.669172,56,509.746433,0.254672529268439,0.04852500584752795,0.12360438414829623,0.295214924450041,0.04437765772132758,0.05793983023213524,0.38839285714285715,217.59894800280537,1.0
14.368015,59,509.88969,0.26631392905440027,0.032575191282240436,0.07407657294190288,0.282926511967144,-0.019542075541751493,0.0031518669210475994,0.3983050847457627,217.63395773112143,1.0
13.340258,60,510.049865,0.2662491107396544,0.017026269588311813,0.10521922147192976,0.2778892234330605,-0.004598597767590932,0.05254937383334244,0.4,221.25457645103734,1.0
14.454434,60,510.192006,0.2675123503124833,0.015215494232731733,0.058829179721565386,0.27736517820820494,0.0037625177345910034,-0.007863490631965361,0.4027777777777777,218.8079082845289,1.0
14.151742,64,510.346203,0.2819224033130477,0.052544043258796524,0.0726520785793908,0.25893575888947257,-0.03581355173953357,-0.008905932990718674,0.3984374999999999,225.462194615325,1.0
13.373393,58,510.500359,0.26472156400311464,0.0317887832882483,0.08437494730671126,0.2831394935605768,-0.01903238742736404,0.015973998182891785,0.38793103448275856,214.4055268296108,1.0
14.387664,66,510.684163,0.28474822377929987,0.04715202996586109,0.06971873448084698,0.2592794103337837,-0.03131069271602785,0.0075580437610734885,0.4191919191919192,219.83436185430963,1.0
13.483608,57,510.827193,0.2648694734043617,0.009751721874340504,0.09138002034923667,0.28414158502909675,0.004700705859636424,0.010287009516033853,0.38450292397660807,215.2215039769039,1.0
14.905251,67,510.997951,0.28853028886325954,0.025681893253171557,0.08414788418134321,0.25092211046042145,-0.021255128360738104,-0.006919268251527603,0.38557213930348266,229.093604778354,1.0
10.077646,56,511.134738,0.2528193750508857,0.03595258438174751,0.14022509091399557,0.30041186454572755,0.03388458633569559,0.039117767886132464,0.3854166666666667,226.64039797464778,1.0
14.677127,61,511.311006,0.2762994237174596,0.01630189240932215,0.06423057956329326,0.2655640762065823,-0.00704198945095089,-0.004855023230561243,0.3989071038251366,221.76787370112686,1.0
14.58542,60,511.461651,0.2670481801242773,0.011047201510608562,0.07309075978201474,0.28443201674144997,0.0023616461615479267,-0.005348929948549272,0.4069444444444444,223.67503782024687,1.0
14.481643,60,511.609148,0.27381982795197235,0.028621531165663947,0.07195170873231838,0.2686507364056481,-0.021926806020975468,-0.014800469973875787,0.38333333333333336,218.6845331003261,1.0
14.26292,66,511.768216,0.2903275053472907,0.048245737578007604,0.07575224354719089,0.24707523150846472,-0.037728913980303286,-0.009990942622693276,0.42171717171717177,233.2360501183256,1.0
14.393594,67,511.952869,0.2881896363214292,0.042608495913195286,0.0829064188212307,0.253146132755763,-0.02977387468133966,0.011828726856222183,0.3905472636815918,219.37394333193166,1.0
14.147287,78,512.140399,0.3216296079737442,0.030553716580954033,0.06391720545337387,0.21235609447184545,-0.02297910036449187,0.0008276883213237901,0.40491452991452986,222.46199180544457,1.0
13.698597,71,512.317694,0.3018325180746799,0.037510014354173345,0.0951432239659714,0.23590435216814823,-0.02991361806930783,0.02181079221451811,0.3955399061032864,226.30076529927624,1.0
13.037353,55,512.448542,0.2612500151255966,0.0583207090705973,0.0699977298584339,0.28566766716326814,-0.044032111391061765,-0.008089918651052203,0.3666666666666667,223.1827960773385,1.0
12.999871,58,512.615721,0.2639861095885802,0.011640316998388753,0.0974556325110575,0.2834543812889315,0.008927781660454902,0.023173243457835883,0.3663793103448276,213.64468617619585,1.0
13.423917,78,512.81641,0.3226660304737626,0.041384905462347264,0.0914662866545894,0.21266670532153434,-0.03172454237851869,-0.023795105485886505,0.39957264957264954,234.44705687949886,1.0
11.675071,61,512.963355,0.2711071558477331,0.04171655187456161,0.10776711611348239,0.27448156592664863,0.02706842222775448,0.06131433837248993,0.4002732240437158,223.35499948502323,1.0
12.984291,61,513.117148,0.27458427818805614,0.04882100598231298,0.05799030755513869,0.26766564718195723,0.028705818113663968,0.024524446927470436,0.40163934426229514,224.43001143743444,1.0
13.836798,65,513.312796,0.2879489723195025,0.012221773673121186,0.07702552760548613,0.24792404449686403,-0.0014874006648982654,0.025145828563772777,0.4076923076923078,218.9618585164943,1.0
13.049848,57,513.447947,0.2621335503238768,0.018221906851391963,0.07997869848405867,0.2858890525888374,0.016372090488370922,0.030543376110152627,0.4005847953216373,216.5337384282918,1.0
14.854761,65,513.607489,0.2807146444395714,0.011309762603991231,0.07159197599723417,0.25920324280828805,-9.979592631354333e-05,0.020210204086780315,0.39615384615384613,219.99537514870136,1.0
9.416044,65,513.765367,0.30896558769098653,0.07256955385119025,0.11325388835347168,0.2181156605853755,-0.05791374702745174,-0.046124283400757436,0.38717948717948697,255.36607745342587,1.0
13.767091,62,513.949267,0.28097566989933825,0.04740478962420384,0.08110829140161413,0.2588195179754293,-0.03665506822278604,0.0023487398290717356,0.37096774193548376,225.5215031649688,1.0
14.693671,67,514.104138,0.2905770937333457,0.0207724365841113,0.07397330242245449,0.24699541986012216,-0.015629367334405547,0.01565741105767561,0.3843283582089553,230.92901797771978,1.0
14.44706,62,514.244273,0.27916122058654114,0.013257499751548604,0.07245565171662026,0.2622042435425923,-0.0053430890550267935,0.005687822038671713,0.3938172043010752,223.89467016686248,1.0
12.604235,56,514.376844,0.26567514820575155,0.04925577544692211,0.09505220480476984,0.27951101859738,-0.04021469925662653,-0.010483741500688306,0.3764880952380952,227.14501507165505,1.0
13.343289,58,514.538594,0.25928411750161534,0.02986849730735612,0.07919242181071637,0.2921078453769427,0.022055460333972973,0.038802753838697905,0.37068965517241365,218.93821341040885,1.0
13.425814,74,514.722464,0.30486663265702824,0.029001274054164337,0.08228357752057618,0.23491773855035988,0.009994068665540349,0.01545726183018911,0.37274774774774777,229.01707303076648,1.0
13.071697,60,514.870229,0.26929423890058996,0.028820987084582785,0.08028372384351244,0.2767853189345311,0.021045438403928963,0.03839494568356781,0.37361111111111106,213.96136442998048,1.0
12.771264,60,515.020783,0.2698570866953895,0.050151544550228334,0.06959297003817762,0.27702013963200556,0.0294551819680985,0.018278600869890745,0.3777777777777778,220.30709952925562,1.0
14.527392,59,515.181878,0.26728722727190635,0.014224760593433554,0.0726896305088813,0.2796741838410208,-0.002979525253656471,0.020060468655622797,0.37429378531073443,216.2986796883767,1.0
15.093688,67,515.351763,0.2912387237371178,0.01603434279461043,0.07134117230522131,0.2485865585494137,-0.0039930609897042895,-0.008681928334453854,0.35696517412935314,222.6072243171421,1.0
12.3595,58,515.492418,0.25977859647703777,0.019831561725640916,0.11276731286361696,0.29477696747793375,0.017910674562690035,0.028501135778641672,0.35775862068965514,220.6867434826603,1.0
11.618009,64,515.657186,0.2808170322674012,0.060272830558132026,0.07971127478647555,0.2620623913127409,0.040743865603934115,0.03957738107892055,0.36458333333333337,216.23030188109738,1.0
12.108686,61,515.837694,0.266651033641302,0.033857090246308855,0.10286600189229453,0.277337181644306,0.02519519710071337,0.047561081607481646,0.37295081967213095,223.7710817014482,1.0
12.948109,65,515.998481,0.2798550856689269,0.041618893805531236,0.08251336325988361,0.26053722384359196,0.02756222642631459,0.02957421545691503,0.36282051282051286,219.30164783669034,1.0
9.715199,83,516.202585,0.34581198053545237,0.06987511864925823,0.09780826840263208,0.1821389640493278,-0.051729552502823,-0.0358085211091975,0.3885542168674699,243.22186379583604,1.0
15.184731,66,516.369144,0.28421784891636054,0.015301028025174116,0.07601604543222555,0.25968807051696163,-0.004356601633186752,-0.005741455559657396,0.3952020202020201,225.87240799541277,1.0
8.937811,71,517.024456,0.3159311523032597,0.083286635267658,0.12949684496292044,0.21609212225516966,-0.06546680167421115,-0.04735215424197659,0.39436619718309857,247.53606112473165,1.0
9.472621,74,517.211002,0.3258446232400401,0.08331991595633399,0.10100845997430456,0.2035188369055784,-0.06598827645384782,-0.04551402466471175,0.38851351351351354,254.52301850091416,1.0
14.496689,71,517.38774,0.2987362888011312,0.016495263188193682,0.07472103781466252,0.23832347500662576,-0.004069802960381567,0.019362832956170972,0.3873239436619717,224.0261189612097,1.0
12.351599,57,517.529155,0.2575679763366793,0.025915190172404182,0.11214660673409912,0.295776590972833,0.020131359223031654,0.04471609006455155,0.38011695906432746,216.50036221319903,1.0
8.243757,61,517.698306,0.29052121638627604,0.10650447710672512,0.11952409738568212,0.24498691365744032,-0.07955688092515208,-0.057519267508170865,0.3797814207650273,246.6968098046293,1.0
12.604396,62,517.84596,0.27356026329979943,0.04114628950435832,0.0842099929151744,0.2719043108763731,0.02868609298116985,0.00763700995518254,0.3709677419354839,218.8654268608843,1.0
13.837262,61,517.991826,0.2727320128885083,0.026524111534785,0.08909521354936915,0.2713738040128911,0.0074138463646675114,-0.005095470832769653,0.3633879781420765,219.34056890966852,1.0
15.045316,67,518.156884,0.289659266153716,0.021534164943981218,0.07600923082013215,0.24875031679162016,-0.011700902173963214,-0.002868302753722156,0.37935323383084574,223.90482977304742,1.0
14.844348,64,518.350823,0.27820145534711194,0.03178861988385744,0.08688130025362288,0.266539147636191,-0.02671901702056329,-0.025053038029344808,0.4010416666666665,234.95011608021807,1.0
6.874333,57,518.489354,0.2631116824204557,0.09337296339839567,0.11777086104079743,0.28267393966358045,0.07580613393226732,0.06733682216178227,0.3669590643274853,226.04350297199005,1.0
12.73403,56,518.626261,0.2595701888270027,0.011250943904114697,0.1089296229352758,0.29463273271274587,0.0031419061673032813,0.020088375850355472,0.35267857142857145,217.30224115362597,1.0
14.724043,63,518.773558,0.2749723892659654,0.01796108536644413,0.0746683326340769,0.27019948648897446,-0.0020246358247370047,-0.024257080014806875,0.373015873015873,219.38679151979986,1.0
10.748933,64,518.959307,0.2821596404210642,0.056979696554335546,0.09630250445820968,0.25766272137114177,0.04043196144463849,0.04587577175502632,0.3723958333333334,215.01335680522587,1.0
14.929216,63,519.107467,0.27634293393491627,0.038703771338630295,0.06031043886013799,0.2709569463250349,-0.02495568953119213,-0.012119990928325594,0.3809523809523809,219.39047060598133,1.0
13.160296,76,519.295347,0.317970567728135,0.029590754530343457,0.1172780327894192,0.21652558361322558,-0.014578777975504446,-0.022405774685514,0.3717105263157894,242.64429626285687,1.0
14.545138,74,519.472414,0.301357449561749,0.016562714406480064,0.08496874643429397,0.23792500543028972,-0.0066309511579625505,-0.005164646540403248,0.3907657657657658,224.75271239412405,1.0
13.057525,61,519.64719,0.26393506538154843,0.04727142991640327,0.08491206456393273,0.28619352802792886,0.027012495865953945,0.042063202698416464,0.3729508196721312,229.82350502414397,1.0
12.904641,63,519.795987,0.27629116316654134,0.05057826379405644,0.07585955704112378,0.26974548778829915,0.027239646065297347,0.008895870012930573,0.3611111111111111,221.01418962834822,1.0
10.035496,78,519.994357,0.33140276005219094,0.08145818414169176,0.09015832651363807,0.19596414765615125,-0.060146310659151915,-0.04047419018156251,0.3664529914529914,240.34360305153592,1.0
11.223467,60,520.136334,0.26975283629833957,0.059831664552789016,0.09790306819679459,0.27524180992709457,0.03953073956070301,0.025901354799672132,0.3569444444444444,221.04459146445242,1.0
13.874089,60,520.302956,0.27175705476184325,0.013651225352630006,0.08885487338094249,0.2731182200879052,-0.008672867172688172,-0.004479330294636702,0.3694444444444446,216.5647088414332,1.0
15.178868,69,520.478364,0.28876614699118625,0.023057213713241313,0.06821258604228715,0.2528935325826703,0.0038142377662344533,-0.01169646505462195,0.3526570048309179,227.39021908952546,1.0
14.028871,65,520.648862,0.2793924735509853,0.01623574144110486,0.07853490218435759,0.2639635888732655,0.008756568482835087,-0.006917257711823232,0.358974358974359,220.9975459751669,1.0
11.164957,61,520.791661,0.2691208073519338,0.06376993870072661,0.09931520441027626,0.2742678247448715,0.03663624831818928,0.03455177451320242,0.3428961748633879,219.59076432038782,1.0
7.434774,74,520.980488,0.3254574487321639,0.10638996912144676,0.1065808898759733,0.20374470581583223,-0.0816821222497184,-0.02194290852575016,0.36711711711711703,247.0437218178365,1.0
8.673606,66,521.13593,0.28849475451176354,0.08149470796654128,0.08052105120300841,0.24714132013978882,0.05674441480126724,0.04097034429535455,0.34848484848484856,223.14858628844522,1.0
11.846727,58,521.270147,0.2613843804948921,0.050165798371058765,0.08759120638388732,0.2883900027455103,0.03322103674738602,0.04556981145939957,0.33764367816091945,222.4860683647549,1.0
14.354065,63,521.439704,0.27182497249503057,0.013866146482002838,0.10145664330174878,0.2754387893906632,-0.009653931586890123,-0.014289211530269814,0.34656084656084646,218.77188132614356,1.0
10.250645,63,521.59026,0.27514147733809396,0.0676067881794937,0.10649753780692994,0.26983984242565484,0.0436350008947951,0.039257786965054914,0.32275132275132284,223.79231217078157,1.0
14.097439,68,521.762705,0.2886224856663592,0.030507760284138246,0.06689718697718566,0.25170017326118327,0.013460982634402483,-0.021055740809529554,0.37009803921568624,220.15994505673368,1.0
13.886701,63,521.914691,0.27290406323563615,0.011253796463709088,0.09539574207067594,0.27093379751367935,0.004222209305007849,0.020485036691421318,0.32671957671957663,218.76392774063785,1.0
14.113803,70,522.118768,0.2929182540464661,0.03482399658766627,0.09740940445473363,0.24843230743705885,-0.0265270334664403,-0.03915568133568873,0.36428571428571427,230.07088085195298,1.0
13.472121,81,522.317558,0.32164371140341397,0.025094235814187703,0.07682110430016482,0.2163816634900534,0.007224650707524944,0.008177655875269946,0.36213991769547327,220.4359079673993,1.0
13.626594,68,522.484928,0.282799182151153,0.03815164216391396,0.06893779401432125,0.26112700178042514,0.023187187122063593,0.023903031278018436,0.35294117647058826,226.47925699488403,1.0
14.076302,69,522.656027,0.2936078827226576,0.049927890364053575,0.07619820906077651,0.24654337538006196,-0.03700252243352036,-0.033524087512691605,0.36835748792270534,226.5660292915343,1.0
13.838488,63,522.865173,0.2780829844726506,0.012230510350714636,0.08716663553924148,0.2648028932249388,-0.004657214681385927,0.016948924093386976,0.3756613756613757,217.14633318018159,1.0
9.513157,67,523.027179,0.28413407906892213,0.06427700884737217,0.11170425960770602,0.25426560720100483,0.03908834411746642,0.05748710063194656,0.3420398009950248,228.44814815090749,1.0
12.059616,73,523.208604,0.30555968525051813,0.051359487615228266,0.07795377414746893,0.23331852398814837,0.02023885354397554,-0.006147115600567123,0.35844748858447495,224.814725026068,1.0
13.475192,69,523.377813,0.2934487821062955,0.03655928000920263,0.0623101688236171,0.245106044206,0.019286072468460116,0.008872261582234899,0.3466183574879226,222.16591907139073,1.0
12.309507,71,523.601784,0.29329618767661025,0.05190444782236641,0.0612952442072161,0.24964859232727507,0.028281061135963383,0.015205833606330746,0.36619718309859145,222.38494440921997,1.0
13.471784,74,523.779473,0.3100316761778919,0.04906863700345034,0.09482014597139259,0.22477413858309356,-0.038982668084146535,-0.01827641562781952,0.3524774774774776,230.59461020778372,1.0
11.407981,64,523.929602,0.2731188335048246,0.055811350944378856,0.09947660754341633,0.2756214281959464,0.03242815581180421,0.037952200330687,0.3424479166666667,229.8013426898791,1.0
14.026828,73,524.140081,0.2986653785623367,0.019642741833773538,0.0893421907393996,0.24700083482721957,-0.00829913289575802,0.011191047383991315,0.3652968036529681,228.0182104874044,1.0
9.137526,70,524.312166,0.2933949633078111,0.04905380973295493,0.12629988505429343,0.24583333744737798,0.027072391997524186,0.0484740555786539,0.38333333333333336,223.06614691033656,1.0
10.979804,67,524.473072,0.28309952809587713,0.04156502566267404,0.11464654775314337,0.25922065365531116,0.02586545793021526,0.04510913636090982,0.3482587064676617,222.6924064682142,1.0
13.230459,83,524.671211,0.3236801462520711,0.025855505694433917,0.07144686809849982,0.21464382548960134,0.00954726112474333,0.0011224780388194478,0.37951807228915674,221.2106505295749,1.0
14.461211,69,524.859992,0.2907789023957966,0.03896164164338621,0.08932653930467624,0.24859025178705738,-0.030643134439669352,-0.02640912571312066,0.35990338164251195,234.93363241709713,1.0
12.756223,58,525.001178,0.26446014163435627,0.024219339043978768,0.10985827586550233,0.28704877832758285,0.008940127283683484,0.013651785427273173,0.3505747126436781,217.90071335812797,1.0
13.614682,62,525.148949,0.27231260755426323,0.03242611071639068,0.08878810320084495,0.2725424759917961,0.009576548258387172,-0.01900959599148434,0.3736559139784945,230.0185651739877,1.0
14.195497,64,525.301791,0.27403184592226426,0.02116769536809794,0.08798840667018373,0.2719297747527443,0.0035225688898654975,0.004688362006727629,0.3723958333333334,229.69685340365433,1.0
13.567689,63,525.500329,0.2715618666198863,0.00812614911420117,0.10943290831837851,0.2755204407851527,-0.0026332135935958063,0.02243618036621623,0.3730158730158729,223.74715269577524,1.0
14.767977,60,525.642484,0.26408675959456696,0.013102888737978005,0.06360363881910203,0.28509789733114893,-0.005261443550623457,-0.002584751736299386,0.3430555555555554,217.3291748467861,1.0
14.083268,71,525.817754,0.29560848488379093,0.01663444675624455,0.07795488087865464,0.24449463310322003,-0.0022150028284386326,0.007338014932691016,0.397887323943662,225.20299044253068,1.0
14.369234,63,525.9697,0.2691218443163581,0.008893506472150115,0.09057158257428109,0.28133681837804336,-0.0009629339724615772,0.019766022860509866,0.3822751322751323,224.69467498611263,1.0
9.868688,75,526.184886,0.3082612888415385,0.06466511176313446,0.09956129944948977,0.23158906136246324,0.03989183526608403,0.009941249083259397,0.3822222222222221,228.5870708785982,1.0
12.776825,74,526.368296,0.3034553946993959,0.041844755283159576,0.08705312558787809,0.23836681890514239,0.01949107117735221,-0.00363062542730362,0.3795045045045045,227.3702762619996,1.0
14.041907,61,526.516442,0.26608505456966997,0.01369197666398632,0.07843731807206547,0.284776492396809,0.007762452248159268,0.00995919054638405,0.3565573770491804,225.78971777339592,1.0
9.935856,61,526.667534,0.26887835392105797,0.05424715182598579,0.10770747299132309,0.27250217916980957,0.03876868145613044,0.05171405076917642,0.33333333333333326,223.48836759738057,1.0
13.989744,70,526.857112,0.2894446170157656,0.02712716218425781,0.08104886227682359,0.2547552665482592,0.0025278182981907137,0.0036731124608111025,0.3916666666666666,229.66777182589738,1.0
11.598704,62,527.016474,0.2675567179125856,0.03681029008298641,0.12511735658854506,0.2835666603024693,0.025095876355947812,0.04760006775187728,0.37499999999999994,226.62356324155186,1.0
12.738842,62,527.166907,0.26944630673103803,0.051447519008138265,0.06862871511837593,0.27941996149582576,0.029112865129642514,0.03213252387315435,0.36424731182795694,230.47005200966544,1.0
12.751573,56,527.30807,0.2583865153219018,0.02874776956697258,0.09585064238355473,0.30538202768750916,0.017377208755626955,0.052895451723749744,0.3318452380952381,219.01141075199135,1.0
12.158696,57,527.471905,0.2562107942519025,0.022816223211943588,0.1095733651172238,0.3025660497707903,0.01494208625176565,0.04164324527293864,0.36842105263157887,224.28872492729096,1.0
12.458508,73,527.653104,0.30702239206044635,0.05214796560874643,0.11709562194644337,0.22990295441957867,-0.042124592934875915,-0.053721570052080427,0.3961187214611872,233.92513381102162,1.0
11.314806,88,527.880428,0.3428590110334997,0.07354762116331033,0.08990864153687902,0.19034424627945948,-0.053085747594639125,-0.03157724250776094,0.400568181818182,240.37799929891278,1.0
11.001537,66,528.059168,0.28293085588337935,0.06136281875781009,0.09481103812519215,0.262037347187041,0.030919751582653723,0.04661154170340678,0.3598484848484849,226.47117795797868,1.0
15.163174,71,528.2356,0.2969344601397215,0.03518299640809702,0.07292980890250547,0.24423724635578986,-0.027975610964275015,-0.03313728899412122,0.397887323943662,229.43558305848956,1.0
14.660386,64,528.396052,0.2727592967771525,0.026099051736432104,0.08311396135043966,0.27384272355891603,-0.003941948492841646,-0.0004963593591611041,0.39583333333333337,228.08573365003878,1.0
10.987855,59,528.539084,0.2607444360211961,0.058325459710314956,0.08102086494750876,0.2897748739608482,0.04608889651039779,0.048769791269584965,0.3375706214689265,226.93017870209744,1.0
15.265898,69,528.740459,0.29252032193373373,0.019229569668573875,0.05811158600656582,0.24835812657659334,0.003649152872694243,-0.01135506003260263,0.37318840579710144,222.21126531857396,1.0
13.083143,59,528.881621,0.25901848444791037,0.02127423267163709,0.08819970603109026,0.2970028811971301,0.01593097513701251,0.033511610509430106,0.3672316384180791,222.65597515905577,1.0
14.199424,60,529.028088,0.25965720760080324,0.029398264481813374,0.07678743156291665,0.29509938406737957,0.016306266025263663,0.0026299896617449055,0.37083333333333324,231.8545376911649,1.0
14.010843,59,529.164701,0.25620245466353464,0.02465028588210635,0.07367109306825549,0.2998637043709197,0.011774784290887526,0.0181052515912746,0.36016949152542366,228.07840228726047,1.0
13.882316,62,529.344941,0.2700830783650585,0.030518901050006614,0.07796419193684298,0.28212127877473037,0.01959406477661145,0.008405232484174855,0.3897849462365592,224.15471345818577,1.0
14.032929,59,529.492054,0.2671384096023701,0.014303922700364327,0.08744348698073509,0.2829205861609027,-0.009641536635446781,0.013096019315280457,0.3728813559322034,217.09387695633754,1.0
13.929705,59,529.635926,0.2619483956044461,0.014102770738418938,0.07067041140774555,0.28937338313285943,0.010311130714382938,0.0214569872308023,0.3742937853107345,215.1529208821329,1.0
13.945744,59,529.783812,0.2630710188533971,0.0219486088939462,0.06907360699767019,0.28724002454690967,0.015032689797114784,0.017488333592489035,0.35169491525423724,222.283991314082,1.0
8.048413,58,529.929224,0.2630476530724059,0.07080927561544567,0.1230272033549164,0.2836748195796825,0.04970573221373093,0.0721111832578891,0.3534482758620689,228.4458138813255,1.0
12.508453,60,530.108266,0.2649685567356723,0.03468455032550821,0.13081506565784548,0.28506717130858267,-0.02066798968473469,0.016866391623706064,0.373611111111111,219.40667584759896,1.0
14.099806,60,530.253367,0.2652135524019443,0.023187317505527893,0.09856165968592553,0.2862257035359937,0.0006520421491586463,0.014039525501134542,0.3611111111111111,225.1916548777595,1.0
14.568156,61,530.407597,0.26892211590242104,0.04140027042669963,0.08419447882406919,0.2780581859611543,-0.03348756909636628,-0.007895720866500318,0.3852459016393442,226.56736304423592,1.0
11.780896,54,530.544962,0.25606045193266713,0.0171663236324341,0.1116670154662945,0.30163138149398766,0.014850643068438496,0.04465843272625666,0.3672839506172839,212.87139003132992,1.0
13.394273,61,530.718408,0.2726585023368723,0.044538055394855176,0.11032642463348223,0.2727909189105382,-0.038793941753966235,-0.031180161936018694,0.40300546448087426,229.88066915424017,1.0
8.043541,52,530.849895,0.25299283580937737,0.04466908935618017,0.14600700866164315,0.30696882795588043,0.04127559698605438,0.08467979690833885,0.35576923076923084,219.05768064060987,1.0
13.203902,67,531.016448,0.2937681483709629,0.054451524385155936,0.10036123188544625,0.24313785145625483,-0.04582225070641337,-0.04178423979690727,0.3930348258706468,232.63923475533423,1.0
13.380714,59,531.165305,0.2547054436345425,0.02444714932317202,0.08668496218604024,0.30336830013913446,0.017992086117931863,0.038610571662031835,0.39265536723163835,230.97485900833342,1.0
14.535106,62,531.351373,0.2702515771963093,0.0246164445375039,0.10266389778379195,0.28163730584062185,-0.022846057019809362,0.010280827961310642,0.39112903225806445,229.3037726534881,1.0
14.162827,64,531.508286,0.275836499195894,0.016847962595045087,0.07266188827886852,0.2685886241079234,0.002874779309449061,0.0040334555805661195,0.4140625,225.7770573840209,1.0
11.337318,58,531.647959,0.26565920047431996,0.04826264287491383,0.08332376600635592,0.28361493883448385,0.03527725241080438,0.05218291559724717,0.396551724137931,222.7156373172399,1.0
14.015536,59,531.793376,0.2642892131006515,0.025517251949028628,0.08857411521405882,0.28585673750198626,-0.019542030445556725,0.0014212338720198381,0.40395480225988706,222.11524886191805,1.0
13.802598,57,531.928589,0.25905947468412666,0.0228091472995849,0.06800025431520276,0.2990977004444839,0.01009787944827253,0.008750219075606419,0.3815789473684211,220.9525695814734,1.0
14.872454,59,532.109282,0.2672854067089612,0.013804695164268861,0.060508732279967545,0.27984072346979727,-0.008119717132894005,-0.009028728771569204,0.3926553672316383,215.88750712388935,1.0
8.879028,57,532.246186,0.2606344478372044,0.06789598711536483,0.12395519662194684,0.29093501377354886,0.05380561995487187,0.07315828084001104,0.3669590643274854,228.2072003078697,1.0
14.455579,59,532.390774,0.2651402210501468,0.009898394864407316,0.07081521743939964,0.28595467182474377,-0.005598890710009971,0.007940263446418419,0.3799435028248587,220.57272209209708,1.0
14.254627,61,532.541284,0.2661159631211822,0.013108682887312652,0.09890647190039942,0.2876895194174099,-0.0058306893150971454,0.004431680763036564,0.39344262295081955,226.76717900372924,1.0
11.897963,57,532.703296,0.2587936082483899,0.018511900854810616,0.12081768285786183,0.29920033579117444,0.014054027023421924,0.037800990658789356,0.3976608187134503,220.12174724039832,1.0
14.290804,65,532.863568,0.2774824314857148,0.03832216604199716,0.11153439261458205,0.2681341518216151,-0.03506553468867791,-0.007111131381064496,0.4141025641025641,235.20762563581485,1.0
14.769867,64,533.017892,0.28010468610416484,0.02273751158321774,0.072098848310441,0.26433916275357794,-0.016539958664141895,-0.026426245340938122,0.40364583333333337,226.8811645854704,1.0
13.915182,59,533.160797,0.2690949402317173,0.04788557407802281,0.08325336277711044,0.2791070468122354,-0.03716416149009862,0.0007891688088117391,0.39689265536723156,220.58390796391674,1.0
14.280988,63,533.338309,0.2702794352901336,0.018223071241340778,0.0862464985489525,0.28020059588000357,3.6909807132062224e-05,0.023801643741037787,0.4113756613756614,220.26900772612538,1.0
14.004977,61,533.486629,0.2724961680269307,0.017481722298591323,0.08792306097341701,0.2737783530752433,-0.0056070147372721734,0.0034433765410673816,0.41120218579234963,220.98763133824062,1.0
14.527804,59,533.631918,0.26573392753264763,0.021830268569687332,0.06592352857426882,0.28598704787274487,-0.00480765148199002,0.0026826247733281244,0.41384180790960456,223.82512201073393,1.0
14.290223,61,533.776118,0.2701764420423987,0.029126117038015945,0.061262734575537915,0.28107649700628673,0.005443553529773009,0.009624661200653297,0.39754098360655743,223.91500379586194,1.0
14.181686,58,533.927412,0.2667448396773821,0.019591007970107113,0.08711264982070423,0.2861874106314508,-0.015274003583169443,-0.0023924117744888135,0.41091954022988497,222.23731675481557,1.0
9.941021,74,534.108316,0.3261008647691233,0.07587971800178091,0.10611497730729676,0.20426119635608025,-0.05888158846248356,-0.04828626464171625,0.4346846846846846,245.08508732040949,1.0
14.134789,60,534.254466,0.26871726639162247,0.018119578147027585,0.09306275218534485,0.28408775540503856,0.0016300403171889044,-0.011543574461028584,0.40833333333333327,222.93577879905004,1.0
14.798358,64,534.40685,0.28123163700698073,0.016585701722958396,0.07221627293952214,0.26155929197677297,-0.011562498510818793,-0.010876306453185974,0.41536458333333326,225.86342084407946,1.0
12.565315,58,534.574071,0.26023846767084496,0.028831882632643375,0.10405216710712843,0.29201977020566205,0.014861747818465075,0.05404475468591455,0.39511494252873564,218.61876168834803,1.0
12.812547,60,534.717587,0.2657818297181232,0.026737146474801143,0.10029497628188568,0.2846057571123619,0.019258863689323485,0.05160922895517093,0.41111111111111104,217.42475247757514,1.0
14.368646,63,534.864386,0.27451916108088936,0.016439428869608703,0.0900024065025728,0.2729791209602196,-0.011760332513560358,-0.002508821123604592,0.4087301587301587,226.1865597387584,1.0
13.852177,60,535.001362,0.2664172744999402,0.02576482169925557,0.10353835356517246,0.2836386940817795,-0.018114835670183363,0.010877348165099247,0.4111111111111111,224.03953903136224,1.0
14.127906,62,535.150564,0.2721442887198738,0.02558376994770777,0.06503170549433032,0.2776307101232132,0.013503535183923056,0.021981728398034337,0.3857526881720431,216.1930409097926,1.0
13.628004,64,535.323525,0.2830586567675236,0.026008789019224925,0.11705801984153477,0.26088127191642596,-0.014805196211653788,-0.019259466254336527,0.3997395833333334,219.65763431579225,1.0
14.144491,65,535.478382,0.28411651143676686,0.025139949520357537,0.08004196731918702,0.26041441335598614,0.0007666062386059482,0.012148873873633137,0.4166666666666665,225.5283329357915,1.0
13.410536,63,535.629251,0.2704392023811453,0.021877084142402265,0.10520387388772914,0.28120205779573465,0.00674406121854398,0.03560222860980138,0.4034391534391534,228.9690168375226,1.0
13.552161,60,535.773179,0.2664395368085363,0.02314257010585468,0.08702606229383832,0.28672258903313436,-0.0062579091259028835,0.023913626529738274,0.4222222222222222,222.53384684722886,1.0
11.405167,55,535.924673,0.26006966684966504,0.037131223404388666,0.10708680181105788,0.2983359807428734,0.028960809718543493,0.06289416596406927,0.39696969696969686,220.65798132104283,1.0
14.76461,59,536.065045,0.27129469822498214,0.028903819339924478,0.07485486014655636,0.27766649586276276,-0.023300227218798927,0.0062237343881255975,0.3912429378531073,230.88102236188027,1.0
12.463668,63,536.217001,0.28016982284540665,0.05169119186673257,0.10209518673026786,0.26716930312946013,0.01518341897247391,-0.016047671822064142,0.3955026455026455,220.59539428966323,1.0
12.835985,64,536.370537,0.27839477297675586,0.04530586364088962,0.08143850685492798,0.2684484297616957,0.025365280855980814,0.032586837218511196,0.3776041666666667,219.59810554398453,1.0
12.493969,64,536.541817,0.2850146971823401,0.04921382449963442,0.08157560409154883,0.2583189269618467,0.020889662517243106,0.009167182444570198,0.39192708333333337,223.39268461145366,1.0
9.551144,59,536.681834,0.2695990028407421,0.045045621533942995,0.11913026539820012,0.27200751553306046,0.03360038216660393,0.057994948087668974,0.37711864406779666,210.35932752616898,1.0
12.999482,78,536.871791,0.32714617408844243,0.05191585085927814,0.08498260426549065,0.20815360025256632,-0.0405296531941568,-0.023359080909690137,0.41452991452991444,235.11459510230466,1.0
13.841061,63,537.018641,0.279053836430108,0.024059386589655198,0.06677195042896061,0.2665364799963568,0.010732401964521795,0.013652102538499094,0.39021164021164023,211.43361089021278,1.0
14.647019,60,537.191536,0.27225180116310044,0.04505351082376874,0.08133469426054876,0.27657338716126795,-0.04021626815929988,0.0022905860131444506,0.3833333333333332,232.28456117345988,1.0
14.361881,68,537.366513,0.28899728573554995,0.03238002439616749,0.08197118041995784,0.25731718043653573,-0.005183027401611496,0.01642118303661791,0.3909313725490196,231.7312647006571,1.0
12.382923,60,537.518133,0.2689057888798399,0.02950661734802627,0.08636639040937134,0.2767494313364972,0.013767894378352923,0.04156056142594384,0.37777777777777766,216.47276919959683,1.0
8.630288,66,537.672935,0.29101771543976757,0.075809953825736,0.08959238851225451,0.24934446894164078,0.05097876291585088,0.052271523164941394,0.38510101010100994,226.87078473034515,1.0
13.177157,65,537.861289,0.29041256012582245,0.05534108426075132,0.0952616980141956,0.24899216189398507,-0.043536377602139874,-0.0011275870322298325,0.40897435897435896,217.42042925923835,1.0
12.928543,64,538.02202,0.2796068106376473,0.01642925241543516,0.10883339887775556,0.26248353492381316,0.007048667110575136,0.043826080108214205,0.37760416666666663,218.40532623802585,1.0
13.781757,69,538.197223,0.2999006906050064,0.04142552004338661,0.1003188622230634,0.23991000847542865,-0.03469468835508571,-0.03001948777837585,0.3913043478260871,233.09023426772657,1.0
14.63521,70,538.425896,0.3009832130460691,0.0326532020139099,0.07833150570745702,0.23958087207454853,-0.026437825910881948,0.024052639888271242,0.39047619047619053,219.24646810067043,1.0
12.436907,56,538.666716,0.2614202226405581,0.014599665341286133,0.10561073774928757,0.293728882970854,0.0009329742567654227,0.04464725001597677,0.3779761904761906,214.85093368061243,1.0
13.323157,82,538.871274,0.33076412602124783,0.03059622131559887,0.0871136757289954,0.2086531088658498,-0.003221067115043329,-0.008448227511619767,0.40650406504065034,230.06937389196221,1.0
10.003677,58,539.012947,0.26944430411928877,0.04726764681910815,0.12110205969426477,0.2751768698050004,0.02979610410161655,0.0619123288727606,0.37931034482758613,212.46551427318303,1.0
13.9258,68,539.180058,0.29262445670135095,0.023865878010100632,0.08469735548631467,0.24916194377403955,-0.0006006670668002295,0.03231996590209569,0.3884803921568627,225.9188471713708,1.0
14.127411,62,539.365782,0.2712670466883762,0.016973587504049086,0.08563304581850337,0.27882672639781336,0.005940446409734706,0.03990795295186031,0.4045698924731183,222.79830210576603,1.0
12.916823,57,539.500371,0.26163730308426425,0.0112521298801059,0.09333980367556424,0.29507943183796814,0.0066906432733709695,0.045774857603319764,0.3859649122807016,212.04793218753585,1.0
14.887348,65,539.671613,0.2850028826889365,0.0254156825402309,0.06837898699675529,0.26339279837444374,0.00425113517788005,-0.0038571535300405495,0.40641025641025647,219.70484489104305,1.0
12.194039,60,539.815079,0.2709799397428898,0.045770270144371294,0.10039413271497405,0.27845382655155404,0.018571251055232958,0.035645704543245844,0.375,221.23274409964768,1.0
14.098593,65,539.999505,0.2817375166167218,0.028234004417161656,0.08366209815285469,0.2647718374722646,0.0012960236348838314,0.024086779162244304,0.41282051282051274,223.06185858341374,1.0
12.160456,62,540.158607,0.2762010451711439,0.04225035601075517,0.09655256939709711,0.27051696016277277,0.023121098174540635,0.04808949314331998,0.39247311827956993,215.86390338013436,1.0
10.541682,59,540.307543,0.2677047810741029,0.06092880523746007,0.0899397031788758,0.2811703027439427,0.03745824933000816,0.04317049475400293,0.37853107344632786,228.0639934303883,1.0
13.343207,71,540.484661,0.30851435607584854,0.05315369664776137,0.0956868331308633,0.2311169645742765,-0.04497344004614957,-0.03628528751609351,0.4154929577464789,234.31124812089973,1.0
14.601492,67,540.677195,0.2921116377500833,0.02414015943261699,0.08873780304773177,0.2510609833719616,-0.011925607877075866,-0.01477166498618889,0.4291044776119403,228.82035222290006,1.0
11.395882,59,540.820384,0.26583754067039533,0.045940723614872954,0.10719050642252294,0.28272682338727434,0.03146953951998929,0.05978539359882864,0.40819209039548016,222.64659404577412,1.0
14.546774,70,540.98455,0.29756980203045436,0.025492967515711937,0.08047516452309861,0.24430057049373408,-0.011182910996635789,0.014333150984550486,0.417857142857143,227.37685465778762,1.0
9.146967,72,541.175913,0.3273724463991169,0.10012713220382032,0.07433744152993502,0.2023880467887843,-0.08112330410030834,-0.010312067794028998,0.4074074074074072,241.6705204602874,1.0
14.09924,71,541.34126,0.30452730037168,0.027744609933778853,0.08044180241140152,0.23723172907715936,-0.0061001152093265055,-0.0009827796322906402,0.42605633802816895,223.02847060557414,1.0
13.008594,61,541.485629,0.272087635975781,0.018496061630022664,0.12950143584179452,0.2759354404750391,-0.010365717492234304,0.04990660506180644,0.4330601092896174,216.56968977229548,1.0
13.863397,59,541.629734,0.270366649352849,0.017555671045181315,0.10136117964112182,0.2768056435583233,-0.013066450137911748,-0.0066818388070597305,0.39971751412429374,221.54435995071546,1.0
12.561107,60,541.769376,0.27003151777976436,0.021218959556214532,0.1058118535632672,0.2763007551313195,0.012736392395535751,0.03134273123386172,0.42083333333333334,213.14267231804016,1.0
14.203981,70,541.954237,0.30293219489609363,0.04778233821890828,0.06686104912881001,0.2348103088546982,-0.04046193079115222,0.011511982366323836,0.44166666666666676,228.89509540169306,1.0
12.814121,57,542.092009,0.2628630388201837,0.04189169254727541,0.1218352678337425,0.2890580216041551,-0.03302494411446656,0.024094190680031057,0.42397660818713456,224.97577153211566,1.0
12.045,56,542.222187,0.25866616192255,0.012555954613515012,0.1294409333472087,0.29540386682089287,0.005385984179230424,0.05689968995619182,0.4181547619047618,218.4096113232827,1.0
14.867825,72,542.390736,0.30194216281392894,0.022227032432644525,0.0696468723670705,0.24093623674003967,0.004698849485634527,0.012893451423234292,0.42939814814814825,220.83602343284107,1.0
13.576991,61,542.55468,0.2759899633306315,0.020195452314200266,0.07945452550801134,0.269791021765042,0.00949621749934352,0.04453151238072282,0.40300546448087415,213.55145814300968,1.0
12.870999,53,542.682053,0.26692342285848825,0.04946801332729986,0.06312445204016373,0.2800737316749817,-0.0360401393509832,0.004876937178162963,0.4135220125786164,212.81203685041004,1.0
13.92169,59,542.823384,0.2690740161322371,0.019257285099355304,0.08409792796480364,0.28319070528400414,-0.014428402216167686,0.028190313425478637,0.42937853107344626,220.04397849804243,1.0
9.790176,63,542.976089,0.30178334768425863,0.09854971742484774,0.08514568437372592,0.23346117735426034,-0.07855299440844694,-0.04179822757460517,0.43783068783068785,237.2358185253079,1.0
10.365054,55,543.13662,0.25691666276193426,0.031274020195132174,0.1353534827183837,0.3002514676432574,0.02582685975637463,0.07083569840775907,0.42272727272727273,218.21755141120084,1.0
13.748193,59,543.28447,0.26780531104639294,0.017532266315599742,0.08499698748160357,0.28128628419058216,0.0022477636922310375,0.005347160561251131,0.4124293785310734,216.8183478296624,1.0
13.461533,59,543.436672,0.2697087951474031,0.010837279881470539,0.10309126690171437,0.2755990984787419,-0.0004221565203973225,0.024545705486675874,0.4180790960451978,210.7208366269151,1.0
14.03484,60,543.583168,0.27486642479376416,0.032486312458350625,0.09377103183414985,0.27260416923991476,-0.02600980782401096,0.01260556553251353,0.4458333333333334,219.94718027218948,1.0
14.135489,62,543.753483,0.27818911284189163,0.016572952603374713,0.08123317380996702,0.26787145222374487,-0.0005820429778874838,-0.007669610829426216,0.44086021505376344,212.88871592957705,1.0
12.898993,54,543.881804,0.25679962646513427,0.0069470793317869765,0.09848048432074313,0.3078648035534268,0.0015980655454617008,0.035591556440014174,0.41975308641975323,214.3824197922193,1.0
11.872123,51,543.998245,0.25926663865342603,0.013940696630162721,0.08954131006749103,0.30275329705453674,0.007573720058625663,0.017281114263189356,0.4264705882352941,207.1937620763878,1.0
12.895051,58,544.133326,0.26843306467596484,0.013621971968983376,0.10909252428851135,0.28076146135302066,-0.0023936029601503944,0.03548053318893452,0.4468390804597701,214.56638101239776,1.0
14.69883,57,544.266911,0.26141114453570874,0.020713644055318347,0.07751354278300107,0.2962323664599359,-0.01702988235747588,-0.020952489210500507,0.4166666666666667,222.31261797397272,1.0
13.689294,59,544.42832,0.26534978690010563,0.02314870641204772,0.08525497252825724,0.29000285258631825,0.0079720934247437,0.023231323425729134,0.4533898305084747,221.20620936078052,1.0
14.612935,62,544.581329,0.28106926530392257,0.02143131658738554,0.07485448668234367,0.26151632122253526,-0.013635529523662624,-0.034056416898441445,0.4650537634408602,220.1903332142243,1.0
13.897296,58,544.727596,0.26493217056100543,0.014612989375395081,0.10289785255972188,0.29028336531090976,-0.012060942690792298,0.029465913604713474,0.43534482758620696,218.9418797650671,1.0
12.654716,60,544.871302,0.28188401488606335,0.0323402094157084,0.1076283026942553,0.2593453497107919,-0.014291443783603388,-0.05107539269252712,0.45138888888888906,229.46797842903013,1.0
13.802323,61,545.042274,0.2724920973175282,0.020275402974413548,0.10947451802408896,0.27647402388616493,-0.01542127666593077,-0.012990751898286135,0.44125683060109294,217.12669345553468,1.0
14.539029,57,545.191514,0.2664740968601767,0.021116159054159773,0.06065447197368192,0.28925552248148806,0.0009723087124368441,-0.00782186140829798,0.45467836257309957,220.80130739272482,1.0
12.117912,55,545.324997,0.25813039296832235,0.009412678371954716,0.11362795971123858,0.2996284854059078,0.0004067910158040458,0.03391469837711908,0.4287878787878788,214.64280747405445,1.0
14.976634,65,545.488756,0.28557227974880545,0.020449817604079504,0.07320973812411531,0.2586933173554562,-0.010951629452275728,-0.028423302531095953,0.45256410256410257,223.47926312745918,1.0
12.214949,57,545.626635,0.27940856095477573,0.04791747652495499,0.10581038014547296,0.26187437955112897,-0.04287509928230883,-0.03832430244422629,0.4415204678362572,235.07742814180654,1.0
14.065507,59,545.801127,0.2740842735142128,0.020883111879754283,0.0888780300571335,0.2720251181120614,-0.011909528883358007,-0.03477422099609412,0.4533898305084746,221.3406456556873,1.0
14.238438,60,545.952973,0.2688398109298069,0.029493039216783222,0.09627961942220618,0.2801980487722193,-0.02618299492467579,0.03937436358388766,0.43055555555555547,214.40021027945537,1.0
12.862066,58,546.093522,0.26613985699789106,0.019113209334070805,0.08203328000070637,0.2853898369157308,0.004549434858574849,0.021862042781706684,0.4295977011494252,215.32886048025327,1.0
13.520987,62,546.247598,0.28077402920263494,0.012289255547666302,0.09238799289417368,0.2613632208151595,0.004635265631803292,-0.004761889131149514,0.4502688172043012,207.17246945234342,1.0
12.389992,56,546.41111,0.26424100249522037,0.01483473292837535,0.10610318626921922,0.28769771727390114,0.012304471702216987,0.02022746569597397,0.43898809523809534,210.2181751814756,1.0
13.506704,57,546.553347,0.2649526048123987,0.018535238055247198,0.08042733444539506,0.2873719072506961,0.008084707247365316,0.013524139910251101,0.4269005847953216,213.6011838514519,1.0
12.191244,60,546.706487,0.27127824336411827,0.03794756444393243,0.10821090138934766,0.2779232748839796,0.021886984502885735,0.024598629741702193,0.4625000000000001,213.69639852740255,1.0
14.560222,58,546.850574,0.26622855714482524,0.025855841228017856,0.08517643802760333,0.28263958896375685,-0.021383702331009884,-0.022086909622641423,0.42816091954022995,224.28297193311778,1.0
14.457684,61,547.024469,0.2765937844997153,0.017832056671845096,0.061015464476267454,0.2749763324863337,-0.007567064950458648,0.0026077749682156723,0.43032786885245905,214.10789880076607,1.0
12.80706,58,547.166112,0.2722492544775665,0.016618061499832852,0.09471260450681826,0.27487522274647314,0.005353055779579759,0.00340828555474697,0.4339080459770116,216.39547152044034,1.0
14.792679,64,547.333291,0.28540766012577756,0.02620084213808154,0.08124920630200966,0.2621730851131775,-0.019394869105813138,-0.02719424932302125,0.43880208333333315,223.78661377021697,1.0
11.967857,58,547.470393,0.26514805142715153,0.021025765700905488,0.1170813759632021,0.2885325282439544,0.0047237340769349405,0.029414499701040864,0.4281609195402299,218.0037422869069,1.0
13.342817,71,547.671826,0.30247275019060593,0.031358544589773114,0.09874616491596058,0.24012852372169932,0.003464290115588413,-0.0016984586675286065,0.44718309859154926,223.86310157780818,1.0
14.326002,61,547.818397,0.2740958276137916,0.023392344319152183,0.07412371947084756,0.27656634116484446,-0.0026107306403017143,0.011902788107883375,0.4480874316939892,215.95487377445008,1.0
12.605419,61,547.963381,0.2773958381723037,0.011183130936680753,0.1126852981147893,0.26857069004439504,0.00818933061576552,0.022258900748794302,0.45355191256830585,211.9121990163955,1.0
14.033031,64,548.115125,0.28720722787482167,0.03232233493499499,0.09422067172874357,0.2546558192921476,-0.02481637074458475,-0.027525724631002432,0.4518229166666667,229.7925474542057,1.0
13.608345,53,548.240463,0.25811463719696226,0.018437012836037034,0.0795234346736622,0.30150187834904546,-0.012699265935794292,0.013195386113761046,0.41823899371069184,210.62593861853284,1.0
12.645381,68,548.419963,0.2938285265537675,0.04067797422875479,0.09734278069264907,0.25224516931001206,0.016576528951577404,0.005697204522538888,0.463235294117647,222.4435893526321,1.0
13.966024,58,548.554889,0.2690812230147945,0.011757325264725865,0.08912611205777854,0.28126974758263995,-0.00826207894352676,0.006252966405474942,0.46264367816091967,214.91247726629902,1.0
14.756368,61,548.698045,0.27425788303403337,0.03004989524508069,0.0763962596649668,0.27392286887213646,-0.023989035806035702,-0.0031505188013966454,0.4398907103825137,226.6140657659067,1.0
13.808936,62,548.85069,0.2849149934445125,0.025868807694250342,0.08326689886430001,0.2539238824555031,-0.01926977836479488,-0.010810167563993466,0.4543010752688172,226.04624426349807,1.0
11.535553,69,549.034138,0.31505811658746746,0.0718920218365995,0.07919987181792419,0.21763904823865612,-0.0618096320760762,-0.0130817048948745,0.44927536231884047,244.94255516914015,1.0
11.116807,56,549.167323,0.26483042296911075,0.026507798829295666,0.11371937690360151,0.2853185231068077,0.020604091010362015,0.04857248921428958,0.43601190476190477,212.3116837668774,1.0
11.830489,67,549.332778,0.29603043622110786,0.038621220803678545,0.09903871128522757,0.24449891457135903,0.015358551611665635,-0.006272670360958734,0.44776119402985076,218.3113779053684,1.0
13.268233,56,549.464331,0.266409468506493,0.015772434786517787,0.08481718261330579,0.2868099884958592,0.00985976019096963,-0.004491238309933623,0.4241071428571428,210.54797536981258,1.0
13.291046,60,549.620553,0.2741521897663651,0.027908633062987975,0.09180435868433406,0.27299885860535666,0.00663421487562045,0.006358009944261874,0.44444444444444453,220.1139164186563,1.0
13.76652,63,549.769352,0.28944240951282385,0.03700985406905366,0.08296951305106899,0.2510795806598381,-0.031053694815266823,-0.02202756116550031,0.4391534391534392,226.99272238810488,1.0
13.484492,60,549.917154,0.28370683625494725,0.05011039076711183,0.06778529887367149,0.2579153661314664,-0.04440279574373271,-0.02047551724615304,0.4430555555555557,232.485746017494,1.0
14.127076,71,550.086559,0.3090896103385003,0.021660257795068923,0.08116595019772334,0.22856036000233906,-0.014869107744630903,-0.013045476446963357,0.4765258215962443,222.5466169452269,1.0
13.999285,62,550.252065,0.2763738353024748,0.028847211818983802,0.08691545224876646,0.2712132727572789,0.0030686818180213162,0.009818071881267838,0.4448924731182795,221.37517383995566,1.0
14.736554,68,550.41391,0.2981123861909248,0.020884315703008208,0.06584199680380623,0.2429780822840718,-0.008498791674272121,-0.011899683278634273,0.47058823529411764,221.7600944712152,1.0
14.055715,62,550.556582,0.27607446243115963,0.031684987122928894,0.06768330339137413,0.27565259581935336,0.009436294363422271,0.001638369309257162,0.4556451612903224,221.54551450955498,1.0
14.723326,66,550.712028,0.2969688521832568,0.03467334941398089,0.06496028929575659,0.24255481975910223,-0.027845226157542164,-0.0018224955452707055,0.46085858585858597,228.12613012255918,1.0
14.646549,66,550.894121,0.29134081800049527,0.028710198813925947,0.08157754686060321,0.2486787995737777,-0.023812439288908378,0.004967470326269936,0.4684343434343436,222.94177223919837,1.0
12.455259,57,551.021144,0.26931921874259673,0.031800660560926404,0.08135447142969651,0.2789331524256047,0.019928045957949763,0.023896821934670374,0.4517543859649124,219.49159795746394,1.0
13.992927,57,551.161391,0.26833342172052804,0.02286951775926154,0.070514457412924,0.2836953268111062,-0.00502115004314889,-0.008029989313886208,0.4488304093567253,223.63400583503443,1.0
12.677187,62,551.308837,0.28436945868292546,0.031565455321462155,0.08206987410932128,0.25978841847092765,0.012442122102883986,0.004397315910055759,0.46505376344086014,218.9563436976172,1.0
13.616961,58,551.463672,0.2657608219053821,0.021806084154345033,0.09886874336085319,0.2854364030283128,-0.013371507951420282,0.04803620273204805,0.4468390804597702,220.6610671023988,1.0
13.946495,69,551.632304,0.3012209873029425,0.02838438818281771,0.09668264075248917,0.24271576239067727,-0.007991080773625283,-0.025873498028196426,0.48429951690821255,231.88263859015103,1.0
14.28996,58,551.771889,0.2707180125472859,0.02941866983848892,0.062297197255649035,0.2761356740471656,-0.021495121688403337,0.019103474821199517,0.4597701149425286,228.42688670910405,1.0
12.773441,59,551.905296,0.26753164820843284,0.01530028609266162,0.12116292061207574,0.2792522249125286,-0.00603201652297327,0.024868637569424066,0.46045197740113003,211.98315292686456,1.0
11.052015,77,552.100415,0.3319749200168296,0.055503549240932266,0.1149399473576681,0.2003026870175332,-0.046467726194814776,-0.024478620733092635,0.488095238095238,246.05343380516027,1.0
13.458831,64,552.262167,0.29312427952183673,0.027847674844518132,0.0885872393573577,0.24482471576636788,-0.01960344023003222,0.005578794487433139,0.47265625000000006,226.15787005335542,1.0
13.460587,61,552.409621,0.2777815027138617,0.015840240346691875,0.10130713564295182,0.266465890588197,-0.00038265069101785714,0.028914596690583473,0.4562841530054646,216.38671079794256,1.0
12.739941,51,552.539528,0.2555987405453848,0.02469955397428754,0.06402264173949306,0.30126952732616297,0.007240254473842804,0.014927124444880405,0.4411764705882353,213.0910020581131,1.0
1.761248,77,552.752783,0.36912150126524446,0.1088748408559229,0.11063855712983946,0.16098010905003035,-0.0906285998931543,-0.07848928961126994,0.461038961038961,265.850337757201,1.0
13.088042,70,552.931106,0.30561893313742405,0.03530966997196411,0.09643723968948358,0.23360772090622198,0.004313961628254452,-0.00877923786925366,0.48333333333333345,224.86735718258325,1.0
12.474077,63,553.08738,0.2842890563364197,0.04238291562345285,0.10749288492344555,0.2584103353769797,0.010831900369722845,0.002548461219022308,0.4669312169312171,222.73478644448628,1.0
13.386575,57,553.231082,0.2681106719644958,0.03271944275498499,0.06293541240775458,0.28215514471933323,0.010219689727949175,0.028884870787256677,0.4619883040935673,220.07271419854115,1.0
12.607654,62,553.412042,0.2847656184407559,0.030531228350511315,0.08088075623489022,0.25591222028359867,0.013230948319787415,0.03492764203102528,0.46774193548387094,214.2988187850455,1.0
12.473896,61,553.565821,0.2826009573426427,0.035423950975564486,0.07992977149012749,0.2606298025317453,0.022790880024889163,0.020040308212226216,0.45765027322404384,213.26626171698192,1.0
13.462352,57,553.705626,0.2709123455058844,0.01961997139515017,0.07609799398377463,0.27600502649500913,0.0060770129023640955,0.02115227210251237,0.4517543859649123,217.29725340923358,1.0
10.57331,68,553.873727,0.29918549954999396,0.05127155170463334,0.08413451340458848,0.240781321495959,0.03147290408300618,0.02954280144439431,0.4730392156862746,220.44007664057764,1.0
13.691477,71,554.074136,0.3066567298581586,0.02708701942945972,0.1010332925074472,0.23111432968302956,-0.01963975022942738,-0.013920266124308378,0.47065727699530524,221.6295840258913,1.0
9.610386,76,554.269543,0.3203086819552545,0.06053874531872079,0.08384683680490299,0.21560555619619395,0.035868729121529774,0.027397690473769745,0.49780701754385986,220.75339593285958,1.0
13.602365,68,554.435764,0.29945835327921194,0.03380978332446734,0.062376930210963244,0.23907327669032277,0.009272164255534484,-4.627335334482324e-05,0.47058823529411775,219.0394412100313,1.0
12.237506,71,554.607737,0.3043265617095456,0.05070757198328605,0.08930430683603187,0.23829390380045573,0.014385208013060327,0.014204090952824842,0.46713615023474186,226.93897483488362,1.0
7.766824,70,554.802153,0.3314459104645388,0.0835817467525764,0.10415688807165395,0.19940868132891595,-0.06826959991077841,-0.040344726519986045,0.4857142857142857,256.0068499008927,1.0
5.342638,63,554.958035,0.29504752253553584,0.09231051164944963,0.13065492927629546,0.24250891098306082,0.0582786761768408,0.031513837942676,0.4722222222222223,220.57442041846838,1.0
7.563348,72,555.133576,0.3189532316858457,0.07172647862542075,0.09333717218033996,0.21625150712952396,0.042275044654833,0.03251033502085718,0.48148148148148145,220.50035996168927,1.0
8.634275,87,555.375415,0.3436342699701248,0.06177893817255114,0.1046628355370323,0.19227540382392588,0.028297326573988212,0.0030593141920802823,0.4980842911877394,224.65691425363875,1.0
12.972099,64,555.535666,0.289764168264039,0.033722466984063754,0.09140109447142539,0.2515881335379846,0.005686774332705718,0.019934207808439994,0.4713541666666667,227.8222966407331,1.0
7.473027,60,555.688958,0.28191945603752055,0.07689968400353994,0.09912117080828116,0.2594408545817167,0.05363111484029867,0.04884811585610536,0.4527777777777777,222.1651280874268,1.0
13.703368,72,555.865907,0.3096387971582468,0.03728407281099132,0.08585705370300532,0.22982008911129215,0.0015180426416573486,0.02275034422822751,0.48726851851851855,231.69077753424946,1.0
13.813599,61,556.034588,0.2833007350954432,0.025643045262717983,0.08120442510003051,0.25892191940946363,-0.014002359286960787,0.014583179155751214,0.46721311475409844,223.4245434247285,1.0
14.359287,63,556.198638,0.2863888492745692,0.03519905221280545,0.0721824607356274,0.2522782748993687,-0.027037515288136065,0.007929602638832337,0.4722222222222222,223.4023991059854,1.0
13.293974,66,556.361031,0.29322146657435894,0.02953137022569649,0.08066014089873612,0.24840416854888112,0.005735719477101893,0.01901270639894604,0.4747474747474749,225.60459193017095,1.0
13.407536,64,556.519444,0.2932147113372545,0.03397308048343835,0.08926708018066865,0.24639598150204914,-0.008453381477033112,-0.006316863777180426,0.47135416666666663,231.00814911196775,1.0
10.429611,80,556.736156,0.33701103883051775,0.06436272075842911,0.11091193223257154,0.19682461150343186,-0.05238452930657909,-0.020508981661964798,0.5052083333333331,251.74544741711142,1.0
11.559185,94,556.965675,0.357800197946682,0.03390726585851205,0.10189868301908944,0.1796077121943779,0.0019522224345207282,-0.018657160767545,0.4955673758865247,235.52940129914884,1.0
12.533225,65,557.122764,0.290865440535979,0.046662804132211175,0.06446709995194679,0.24990748102946572,0.023641307248337223,0.017885963318519382,0.47051282051282073,215.54969069146838,1.0
5.816343,82,557.344701,0.3418214383396005,0.08391938584711531,0.07972151404289675,0.1924165176477059,0.04877216756722121,0.009972898090645516,0.4898373983739838,223.7644129583473,1.0
13.313478,64,557.502081,0.2811842744310736,0.045635171697892524,0.0610284188747237,0.2656868311377203,0.022875978550958822,0.024329091883398164,0.4882812500000001,219.73392504929535,1.0
14.247556,69,557.672955,0.3000367960096833,0.03684530746322095,0.08503568087895742,0.24261637239593192,-0.019210693911733454,-0.021698249812698436,0.46980676328502413,233.5587848678243,1.0
13.737611,66,557.825335,0.2969298536346305,0.03353102845249682,0.08686574373968724,0.24199467404121233,-0.0155544069621667,-0.010372570955835901,0.4760101010101012,230.27790397292947,1.0
13.897308,68,558.004943,0.2980188471484496,0.02638378576273565,0.06969046037970375,0.2434393623156328,0.004278475223734748,-0.009025248249511744,0.4791666666666668,221.60512172108827,1.0
11.823153,69,558.165061,0.30459424309731636,0.05465020806886989,0.10014826384616118,0.23533457855348927,0.02211649632172101,-0.03390897736622454,0.4830917874396137,229.7101553758163,1.0
11.993387,59,558.311649,0.27634773485115943,0.04834696328109826,0.05847421313518647,0.2675923145953291,0.02269581711986418,-0.0032492380729289153,0.45762711864406785,215.29790244389784,1.0
13.527469,60,558.450475,0.27307096738755154,0.04453906192028323,0.0548971974225371,0.27603429181089495,0.013175611704296545,-0.0050102532236888705,0.4611111111111112,222.34022058598984,1.0
10.795515,63,559.070159,0.2854448665564851,0.06690218045722306,0.07899007543026376,0.2590614317850568,0.032808385241358574,0.029601718613169396,0.4695767195767196,223.97999221039746,1.0
14.531753,69,559.235514,0.3000673791527262,0.028911101109353944,0.07067815556295577,0.24228949207565095,-0.0022062300274978282,-0.019598990829064654,0.47101449275362317,228.07962602250484,1.0
14.482549,72,559.427299,0.3089872444781508,0.034564061739492426,0.0760493215625826,0.2298964163091734,-0.02682376382602659,-0.00992720690501518,0.4895833333333333,228.8607540371027,1.0
13.07809,70,559.612044,0.3020758292135706,0.04739935426474271,0.08058846147815216,0.23996298334539706,0.007292221040027881,-0.021822787387359877,0.4773809523809526,226.374053189119,1.0
11.954148,65,559.791858,0.2886929783587719,0.04120192423530743,0.06988244533457304,0.25155501954981724,0.02806101433071931,0.03579890554526327,0.4833333333333332,212.22395998793957,1.0
14.600169,58,559.930543,0.27097642676265415,0.026646545683893384,0.059142039514562,0.2742826031467649,-0.014601877674163691,0.0046610168158237025,0.474137931034483,217.65248203069464,1.0
11.644802,61,560.081759,0.28109716088011266,0.0659174854374107,0.06556843748535814,0.265077338059166,0.031803079201071414,0.006726080531863681,0.46721311475409844,217.44236565899618,1.0
12.757326,67,560.249022,0.2948287655538277,0.05183416171973794,0.06148894308943211,0.24899092980062468,0.020343415759617116,-0.003934002992401287,0.4651741293532338,222.2936219287748,1.0
13.580353,69,560.443661,0.30476853781256263,0.035899659613485325,0.08716659517257665,0.23320880526737747,-0.02566582714987637,-0.02222552049911772,0.4867149758454107,232.4862529325679,1.0
12.742594,54,560.574504,0.26394011136012924,0.022458161745546545,0.10781966538999206,0.2911539991742163,-0.010184419932998333,0.032457033031657395,0.46141975308641997,218.27983017805437,1.0
14.695743,59,560.718128,0.2719535694014598,0.025551200575842346,0.0768142620403031,0.2781993201040857,-0.01627633910621903,-0.010897328685708816,0.47881355932203395,225.82364189640995,1.0
9.872136,69,560.888539,0.3018661528520275,0.06451286417439851,0.06571944842472172,0.2354532798120981,0.04117747901350622,0.013700812446754059,0.48792270531400983,220.23403869953987,1.0
12.22242,57,561.046442,0.2650076163128967,0.03550230941452467,0.0852737803724655,0.28425659803130376,0.023183080168479465,0.02129286725101801,0.4488304093567253,215.11658948862637,1.0
11.718198,55,561.180856,0.261178434833769,0.041421947594299256,0.09516234203543056,0.29615735479412447,0.02537280904316452,0.029557392999979983,0.46818181818181825,213.70330463322486,1.0
13.581607,64,561.341743,0.2825909162955851,0.04124658094396203,0.06255656946269969,0.2628883774011699,0.014476421959044552,0.003982596996502105,0.47526041666666685,217.10086820029431,1.0
13.645234,68,561.501682,0.30073033771712177,0.02555757270993124,0.0742615320557035,0.2392358000619168,0.002415886940137863,-0.033217040627995444,0.482843137254902,214.5110160149943,1.0
11.910002,65,561.666224,0.2907861675540758,0.053551983166517804,0.08443302372758568,0.2527669729028877,0.022665834399218134,-0.01950916422246018,0.4730769230769232,220.43378125026018,1.0
13.225443,54,561.792511,0.26002311537655215,0.019087176097855228,0.08669504233769826,0.29358130144822153,-0.00951152462554222,0.013551753942023877,0.45370370370370383,213.04223587522088,1.0
13.575589,60,561.93455,0.2736868036961924,0.033879556981438186,0.062281181125752615,0.2764804738408079,0.01959665438005825,-0.0023704043743492885,0.4986111111111112,216.60436042986115,1.0
13.741991,58,562.067311,0.26794798345515725,0.022089730083089888,0.08923475310821147,0.2825405867229164,-0.0030619955923233185,-0.00819305660482522,0.47413793103448265,217.59791264646873,1.0
13.428892,58,562.218143,0.2673596771564494,0.02980805065248349,0.06903408370617307,0.28089494836107887,0.017819225313035855,-0.01306028044963413,0.4899425287356325,219.76610324359163,1.0
13.671691,59,562.352971,0.27026809654519135,0.025553039829945418,0.09891447122914486,0.28126119191378507,-0.0006949010425369076,-0.010958065374035866,0.4802259887005651,221.57039656770883,1.0
14.274713,70,562.517576,0.30538919199374764,0.025955128719133923,0.08413861543205178,0.2340548503960617,-0.010599442148616687,-0.02154885332058695,0.4857142857142858,221.9508358147103,1.0
12.776515,53,562.642348,0.2572537739964243,0.030525949041426716,0.059693274385765625,0.30316117897500405,0.020711547331096147,-0.01100186351421604,0.4685534591194969,211.8169281740527,1.0
10.868594,57,562.773936,0.2698902491959523,0.05344432461828645,0.08638439278895903,0.2798780259916125,0.034707097739275515,0.03098423108922542,0.4590643274853802,214.60551795254358,1.0
12.503179,58,562.928229,0.27494521597795024,0.049234328088373816,0.0569307156958294,0.2708225266514138,0.03407496177402789,-0.008816665301770216,0.4612068965517242,206.70758465712737,1.0
13.686945,57,563.058817,0.26521237672236064,0.037832980209912,0.05911724879260162,0.2900470604240588,0.011679084918205932,-0.0050053257875185,0.4839181286549709,220.71955878868764,1.0
12.987188,56,563.18803,0.26269344064168026,0.03690150401353338,0.05972042175515654,0.29136766565907474,0.023644691582508932,0.020543979764904158,0.47321428571428575,215.1697081517632,1.0
13.251534,58,563.326132,0.26730270062100786,0.027687574009966347,0.10127318865273419,0.2855172840454382,-0.011274173122128663,-0.041106161596772856,0.4712643678160919,230.36639683919773,1.0
13.013737,66,563.504657,0.2874228390891165,0.053097643477687154,0.059539276813615157,0.25804713283046615,0.028763774941552012,-0.0006714382481577341,0.4987373737373738,218.9130999134406,1.0
12.812102,57,563.636337,0.26391786960352887,0.03686809452399656,0.06924507322055916,0.28797542483619337,0.020394743443964337,-0.02744885260876729,0.47076023391812877,218.92413769884328,1.0
14.39342,62,563.778707,0.27700733289575813,0.02145093066233452,0.08766294452520394,0.2730638555052321,-0.0031381143776435666,-0.006561658757678651,0.4973118279569893,224.53886634737336,1.0
13.743471,56,563.908955,0.26016602995903776,0.027196425980306606,0.06198921186984893,0.29761068539261243,0.00902185180624396,-0.0029486540760537247,0.4702380952380953,218.66964785951194,1.0
14.456129,58,564.067986,0.2616933463907119,0.015991807142330366,0.07082750393195805,0.29455228004767453,-0.00217683814268529,-0.000575021918676611,0.4885057471264368,217.01169444206232,1.0
12.497291,53,564.190567,0.2590486930940941,0.031584266556414206,0.05512006216208362,0.3032345965191213,0.021181799946121373,-0.004359877855230175,0.4764150943396226,216.6736660719746,1.0
12.013234,58,564.328369,0.2686911478600841,0.03237901253047488,0.10028755588785063,0.2804702218998805,0.021734126774933842,-0.015523777226408204,0.4798850574712644,214.17360850043232,1.0
13.964527,56,564.459888,0.26006693460881947,0.012747522751411099,0.07195945319157894,0.2945752556238556,0.0007701455695992962,0.009082347950340394,0.4776785714285716,215.16558087710175,1.0
11.87581,58,564.591844,0.2618218195562581,0.03717096720636452,0.09024597166275732,0.2912440452211457,0.029518508145715557,0.015246863595932343,0.47701149425287365,220.47251612164237,1.0
11.526775,59,564.75449,0.2690503433593159,0.054808131211070504,0.0785044254893759,0.27893729020803487,0.03991804067517377,0.01618652856898856,0.48163841807909613,220.31172789068333,1.0
13.836509,60,564.893855,0.27537367913408234,0.02745565574913009,0.07224759916790291,0.27452816921579765,0.01095436046882694,-0.025421153275408562,0.4750000000000002,217.0222061464418,1.0
14.069858,64,565.043439,0.2848827152091372,0.028063766970015277,0.06491697118475666,0.2588728600066528,0.012036018945073185,-0.01925954102019668,0.4843750000000001,220.98944213901115,1.0
12.465103,57,565.182678,0.2662314417500991,0.03070451709194606,0.07608209451227764,0.28180579583499904,0.0224351492786495,0.022770379519874876,0.4663742690058479,210.36581124525605,1.0
14.149294,67,565.371715,0.2913825255295176,0.03155216141002052,0.08498861484497136,0.2544313563583061,-0.003188351802793502,-0.03793005212395995,0.5049751243781094,226.90619882294254,1.0
13.002775,57,565.512032,0.2644762665820165,0.026498836977394722,0.07898952145066299,0.2872060606792985,0.013014663899649654,0.010884610835020223,0.46491228070175444,214.1793780845877,1.0
14.483994,65,565.669864,0.287747983109518,0.024289615220310232,0.0855100261622271,0.25746567999875136,-0.015131523058304694,-0.005893735143533403,0.48461538461538456,221.36054208614294,1.0
13.009709,59,565.825545,0.26906044453543415,0.04490272646061402,0.06415717951072493,0.28038971836142884,0.024450922868003787,0.00739249695238877,0.47740112994350303,215.90474417835944,1.0
12.89832,60,565.996585,0.27549613917126325,0.03224905584805754,0.09736399329736257,0.27362520514446576,0.01709388054748482,-0.010270663186104406,0.4847222222222223,214.96218248124248,1.0
13.151828,54,566.126683,0.2559522634081281,0.0178977050786965,0.07875399079048233,0.3047315132553144,0.003985550584523354,-0.02613295403309007,0.4861111111111114,214.02631600649968,1.0
14.37055,69,566.296314,0.2951789373879754,0.02338553550762297,0.06754699087878445,0.2505435627390625,0.0007574549421247832,-0.022173104730229577,0.49396135265700486,221.01855922248873,1.0
12.949233,55,566.435086,0.25793292731531675,0.0228224304743697,0.07770685280954309,0.3021163755502575,0.01260368036234526,-0.008022396891557405,0.45757575757575764,211.4591280607542,1.0
13.300396,59,566.580487,0.2679294056689835,0.0490543707385304,0.07107955421141887,0.28457705560220864,0.025304172573725622,-0.010804884480288936,0.478813559322034,222.7743390525046,1.0
12.415567,55,566.735879,0.2636682559652192,0.04323894758319376,0.08194544865508449,0.292773859766161,0.022117936457808844,-0.02745934808699035,0.4621212121212122,212.9522468673527,1.0
14.582857,62,566.892612,0.2771500926119792,0.032582006122158155,0.06058844925533461,0.27389420314907004,0.010150533287126565,-0.020824909595337567,0.48252688172043023,211.98151307278118,1.0
14.106767,64,567.049284,0.28239679400681994,0.024594577272667756,0.08846819302638757,0.27026123442120537,0.0038665000244391904,-0.05262567525444045,0.46875,218.6900143464763,1.0
14.236635,58,567.188469,0.2679615221122371,0.02067532316093402,0.06187249815593181,0.28552988308282085,-0.008320273532093974,-0.013487804808512806,0.4813218390804598,219.29540592197029,1.0
12.198901,53,567.342043,0.2568143799140553,0.031410769088878715,0.07885309882279495,0.30501986282922644,0.02491130874162669,0.005679020006090602,0.4465408805031446,210.6037977871932,1.0
12.645975,56,567.483134,0.26244246998131243,0.05421127176466172,0.07664124013741185,0.29308091247971274,0.018372859087925974,-0.029137332287326945,0.474702380952381,218.08667833661278,1.0
13.619185,60,567.635911,0.2705116946042209,0.01773150668863821,0.07847227263665518,0.28092746644184063,0.0052837802304979585,-0.026115343058082652,0.47500000000000014,214.65080168838142,1.0
13.445768,55,567.774978,0.26268416092086416,0.02296925256751574,0.07342849468837516,0.29967522816055725,0.008629610015100379,-0.019826670854104996,0.4712121212121213,210.9874615141117,1.0
13.076309,59,567.911774,0.26784727306872474,0.030802889541164617,0.06954302354643443,0.2828806188612625,0.020768504159277112,-0.0004891959971861817,0.46610169491525427,207.4634651419585,1.0
14.729569,67,568.095639,0.28786341243695057,0.031330217219446135,0.07780477674265801,0.2598112987875177,0.0021440450298673423,-0.012316885289477914,0.4738805970149253,220.3815279613354,1.0
13.908649,58,568.237983,0.2632306786277318,0.02090701913185011,0.08428435023908944,0.29437651213841176,0.006315032371740333,-0.01662031516916419,0.45833333333333337,215.34774613414922,1.0
13.357844,55,568.416599,0.26514259519243016,0.020649657141506135,0.07855993005732458,0.2921366595490915,-0.004160196423226689,-0.04263426864624817,0.46363636363636357,209.24050777413157,1.0
11.551218,57,568.610455,0.2641806714030193,0.0557532307224681,0.07410657152884349,0.2902503487382502,0.03589796566601219,-0.015051536361815675,0.47076023391812866,214.1952665813049,1.0
13.089468,57,568.792438,0.2642085932087482,0.030434801283511666,0.05462163968683151,0.2916718599126163,0.02020346310603248,-0.0009041768315817682,0.4634502923976609,211.33572112551883,1.0
11.002286,57,568.933065,0.2651892380654339,0.05373777590443631,0.07214464579668346,0.2864582852038052,0.045060342413636253,-0.004321019623329924,0.47076023391812855,211.86591559878397,1.0
15.10026,63,569.090527,0.2791138222904974,0.01946709045335604,0.06500367486372943,0.26965142064985387,3.1452294000208373e-06,-0.022245887511921237,0.4828042328042329,216.44173463184782,1.0
11.918524,56,569.224994,0.2583081704896773,0.05388143795643295,0.07359581921129385,0.2998840404175057,0.035670031960328745,0.010415317083388649,0.47321428571428564,214.78132952605367,1.0
13.662701,58,569.394758,0.2707502669786881,0.02006477633244739,0.07966420420859534,0.2774126273255088,-0.0015399839038313776,-0.01720600963393111,0.4468390804597703,207.4340161585988,1.0
10.755097,54,569.525253,0.2631829861273035,0.04127919180426811,0.09871237126269981,0.2904850492318396,0.030994333323228346,-0.02838223707980759,0.45679012345679015,209.26308024887092,1.0
13.812049,64,569.687748,0.28064871587724227,0.03447305376917272,0.08757372894722552,0.2685787942670374,0.0033423227359793686,-0.036916127453105296,0.4817708333333334,220.03657559283744,1.0
12.334681,55,569.820152,0.2605068041575025,0.03704884743228274,0.08711616644012739,0.2967759223959053,0.023483455980652417,-0.006485632649301717,0.45909090909090927,213.89645473431156,1.0
13.792287,54,569.957542,0.25762917013066705,0.02224465608705738,0.07797722341862665,0.3093871959920737,-0.007759072737628457,-0.011608498360180023,0.4783950617283952,214.48579678950045,1.0
12.969045,53,570.106804,0.25508660091140434,0.01470594468220804,0.07402619831351655,0.3032744019994428,0.0003008565502558453,0.010436938286870485,0.4559748427672958,208.14488723780818,1.0
11.752595,59,570.249382,0.2668715966952211,0.05275693106518311,0.07499268611909828,0.28765590540165875,0.039079912334056284,-2.548037994423713e-05,0.47881355932203384,212.31786181708844,1.0
11.396196,56,570.392696,0.26469077141890657,0.04815593552576734,0.09165167222828682,0.2928854781609889,0.030879156887504203,-0.00885511131898397,0.4702380952380953,214.80605017334545,1.0
13.535647,55,570.529898,0.26338049003929337,0.01855124610793718,0.07195853729576045,0.30034114763049524,-0.009808736721531897,-0.005963568908726278,0.46515151515151526,205.30745613445376,1.0
11.703241,56,570.689907,0.2628006003138104,0.04427351308508741,0.0959228017239781,0.29771107983529477,0.027320834978377322,-0.009222881840753868,0.45684523809523825,215.1210113901684,1.0
14.209832,57,570.823643,0.26636190352852773,0.03283399357926706,0.09019403520623112,0.2863984747737275,-0.029980136581571306,-0.02368218974422873,0.46491228070175433,222.66108526386063,1.0
13.114135,61,570.983725,0.2804895832173106,0.06304079847527808,0.09682711300181762,0.26276842840014764,-0.05191276274854878,-0.04487500561989683,0.46994535519125696,224.11328593599745,1.0
12.965372,58,571.120821,0.2720854803600299,0.03587734400039426,0.11550195277963023,0.2767816333038085,-0.027982509604701205,-0.04752388478081335,0.4813218390804598,229.25472278148817,1.0
14.392199,60,571.262638,0.2749968184093866,0.050471462353778265,0.07951878604578257,0.27484931649064276,-0.04016685185059962,-0.048888688223388224,0.4833333333333334,219.76953585350304,1.0
13.887796,59,571.420715,0.26773448262573374,0.027940319533847437,0.09439158775681854,0.2856277751718731,0.003067093094050649,-0.001786709165463246,0.47881355932203407,220.40190797343544,1.0
14.129406,56,571.552504,0.264236058977924,0.013993111978269945,0.0699283348150884,0.290894589137801,-0.006807672636236469,-0.008225698632102336,0.46279761904761907,207.64918701253984,1.0
13.345253,56,571.682712,0.2661188137473182,0.02100206724277548,0.07848015898500349,0.28195714670036826,-0.0068417417722491675,-0.004808673677738303,0.46577380952380976,206.54702800890385,1.0
13.470305,56,571.812578,0.26117178610990194,0.02685471655342225,0.08202481675360838,0.3032224332562738,0.008949956334914114,-0.03618018727517382,0.4895833333333334,218.34763565462427,1.0
11.577735,55,571.966272,0.2639650524470462,0.043377207543069556,0.07899288503254857,0.2891241321344769,0.031506316700624065,0.022165928012839974,0.47272727272727294,210.64357723168678,1.0
13.887178,62,572.110299,0.2814465379125775,0.024356558546684188,0.060083558462877135,0.2623098730592641,0.003245547663748235,-0.009355784308863588,0.47983870967741943,207.9914408447492,1.0
11.52485,60,572.251987,0.27105196683240435,0.06318244261657793,0.08486072915960303,0.28308854033563985,0.039027144356139486,-0.009754589713630883,0.4736111111111112,217.1391368649815,1.0
14.519914,56,572.390598,0.26519596773777815,0.022351747363314505,0.07361852053964414,0.2937620594765895,-0.011624812781877587,-0.030743560036754464,0.47470238095238093,218.49544998957353,1.0
13.872215,59,572.52997,0.27633965056970744,0.04755304717383298,0.07908541056076036,0.2705780822121188,-0.03665175301017715,0.0011737433420420432,0.4802259887005651,218.46484972648645,1.0
14.948765,62,572.706638,0.27898890314948416,0.021672904794050638,0.07092030788605129,0.2719202142267428,-0.008676498542704584,-0.01565237211353055,0.49193548387096797,214.6827510327755,1.0
14.580907,60,572.845866,0.27492482863610107,0.03843031892019384,0.0659488179113875,0.26954976242159584,-0.026758815589461415,0.0011199950961107395,0.4847222222222223,212.13743241133278,1.0
12.64652,59,572.990126,0.2809839613725763,0.0668715245183911,0.09131755263418477,0.2615548154060202,-0.053335935022769024,-0.029241509776855034,0.46468926553672335,220.78861238707987,1.0
13.90952,57,573.12346,0.27122431793109303,0.03166607336636368,0.07691821769779345,0.27416631277585074,-0.023831723416928748,-0.018682025197899632,0.46491228070175455,216.74048152066996,1.0
12.032138,58,573.286664,0.26857628539147527,0.04793418705474105,0.07176055030693149,0.2811363429438978,0.028978522648712222,0.01604198103243003,0.48132183908045983,212.33601897276864,1.0
14.736769,59,573.435302,0.2725405955216938,0.018907130608475167,0.06117563963204868,0.2783325185298526,-0.012221818687388716,0.012585712624174522,0.46327683615819215,213.23869959977787,1.0
11.819087,59,573.574874,0.28812880459900597,0.06465292250259115,0.0923810307285359,0.2523296324752122,-0.05679898250937457,-0.02908935825431201,0.48163841807909624,232.3902621922986,1.0
12.788409,51,573.701893,0.2560017907402238,0.036803003150277666,0.06718678742474819,0.3051092202498585,-0.02499488958852888,-0.00931629152302161,0.45424836601307206,209.76262729447328,1.0
13.728156,59,573.873352,0.2775804309924257,0.04037629743758741,0.0866858071863794,0.26831162118013097,-0.03328363949893881,-0.005226708740475263,0.4533898305084746,227.4406044063418,1.0
11.654359,66,574.028598,0.30193564075063956,0.07268810879545018,0.10505042436601272,0.2364582838149519,-0.05529564876228632,-0.03408911007330635,0.4671717171717172,221.17771795998874,1.0
14.274215,55,574.163634,0.26415185460460083,0.016142737943171993,0.05844901777396481,0.2917563892630812,-0.008943401634766803,-0.005350213081942791,0.45909090909090916,210.80936229163456,1.0
10.962565,61,574.320413,0.29127498575720484,0.06969594647854668,0.11417161941483675,0.24666615605846753,-0.05877874033360585,-0.03591084529509165,0.46038251366120214,224.82207534092228,1.0
13.606556,59,574.467792,0.2787840610394288,0.03715021103172475,0.08336910777795375,0.2628592189030676,-0.031315619520348996,-0.014388606599989548,0.4675141242937853,223.26262166228096,1.0
13.703873,59,574.633369,0.2738107294070187,0.055653947768295145,0.08729576815488928,0.27449120141400013,-0.04780912802537927,-0.010626190088977423,0.4661016949152544,235.65968073752666,1.0
14.480495,59,574.778469,0.2710675605249115,0.01318947259414273,0.06463248479535373,0.2822814825740283,2.3359099889118442e-05,0.009514459451079907,0.4548022598870056,210.3372272074844,1.0
14.563325,65,574.93809,0.28586773089565587,0.028553940745688608,0.07044883165743052,0.2587024297290842,0.002628946223223276,0.00958292329925265,0.4961538461538463,215.23331800606212,1.0
14.558429,66,575.097158,0.2891912772098582,0.033444734512261216,0.0812882623234301,0.25258466263974,-0.02419000874913702,-0.002748141398109228,0.47348484848484845,218.32849277532804,1.0
13.549119,55,575.257187,0.2677407230378673,0.026347914998542533,0.06862398518437302,0.28464983435816205,-0.008070285366476793,0.0014858224013053673,0.46212121212121227,218.52584932520386,1.0
11.638637,55,575.392468,0.27419191107152047,0.06879180506456771,0.0851616934994518,0.27131437597190006,-0.05762251482943027,-0.01612806335992162,0.4515151515151515,225.8154000741352,1.0
13.350052,67,575.555001,0.29745256281431787,0.04499611240351734,0.06708102804680846,0.24583320341964454,0.010880152419040232,0.003753383828288089,0.48258706467661705,221.39664200658044,1.0
11.544802,60,575.697827,0.2721217486994468,0.04448647768711701,0.0935408649065168,0.27533083709659933,0.03320855431385638,0.039331443908952476,0.47361111111111126,214.2627663669985,1.0
12.883915,53,575.857742,0.2621375990856365,0.015422355265356515,0.07576272213930334,0.29628068799929064,0.008676095310492307,-0.006642274707928256,0.44496855345911956,205.59631226367725,1.0
12.305823,65,576.010916,0.3021283922772266,0.05134785353926375,0.09764718865096457,0.23402947726541473,-0.044237781596708464,-0.02015392286047519,0.4807692307692309,237.25531882072573,1.0
13.73072,60,576.150349,0.28169423749396794,0.02201048088976725,0.07248480130219184,0.2638079569514754,-0.0017905164972936943,-0.02313648987338192,0.46805555555555556,210.32740198539747,1.0
13.624,55,576.277094,0.2643754016580097,0.03161439805847917,0.06244816673975961,0.2841139349708266,-0.020180843897655527,-0.011197737560174784,0.45454545454545475,209.08146327640281,1.0
12.788398,59,576.434575,0.27927590234700206,0.04781894974794953,0.10238128268953216,0.2643897723636743,-0.038507226624408315,-0.03171646756910809,0.4632768361581921,226.08128990498773,1.0
14.417362,59,576.570547,0.2790625334261784,0.03076897727264117,0.06669437326209704,0.2651548179402126,-0.018617677919111644,-0.002912112056244402,0.47740112994350287,217.5451516417516,1.0
14.357514,58,576.706162,0.2703419505621723,0.027464288593995672,0.0563639851007169,0.2833636384665911,-0.006282572874775842,-0.004841400464180341,0.46695402298850586,217.01198045808948,1.0
12.117335,57,576.836585,0.2678665744664883,0.031751936599251324,0.11007433808930811,0.2880100405129839,0.013257219709363954,0.008050556927445933,0.4707602339181288,213.01361970917577,1.0
13.774317,64,576.991608,0.2849753415100185,0.0314830885849493,0.0633436603804068,0.26359439628042663,0.01984788925059224,-0.008212964908947568,0.46093750000000006,211.54359221574146,1.0
13.326036,63,577.164221,0.2871485310138876,0.06219218995000948,0.08688767696865789,0.25545768259296764,-0.05048115171815142,-0.011980734587935013,0.48544973544973546,228.5592975007475,1.0
12.952252,55,577.292671,0.2592400441966832,0.021782436388688948,0.09506804593368418,0.3045449137644355,0.009509711156011392,-0.00433421878384881,0.440909090909091,209.96203062387875,1.0
14.520527,60,577.439622,0.2733247944438831,0.013298760368119094,0.06546530538632207,0.2780941090337679,0.0015097054539293744,-0.02449608939474824,0.47361111111111126,210.68512259074652,1.0
14.637397,67,577.6017,0.2952382550429742,0.03534940356573945,0.08852260453569219,0.24946881642163307,-0.02428801819271282,-0.02937067714124432,0.48258706467661694,219.75113886794531,1.0
14.440337,61,577.76897,0.2783619005442091,0.027609636373925557,0.08704789374745822,0.26780028764536223,-0.011988080670830641,-0.02027610183981866,0.4877049180327871,227.41312878016345,1.0
13.783814,61,577.922182,0.28178812258393066,0.03942029442265984,0.09397921447506744,0.263361155751916,-0.030742018938325098,-0.023958519308716415,0.48224043715847,215.8081151689627,1.0
12.828764,62,578.080808,0.2875018303249197,0.0477859018969684,0.10758830256824092,0.2532785148549573,-0.03985337557714826,-0.015159417510007163,0.5013440860215055,224.47142688719543,1.0
12.785161,61,578.236854,0.27819291662149126,0.038089913022374855,0.07807015592799217,0.2689615391131828,0.018178694182992377,-0.007748138764888542,0.4603825136612022,210.01781455900806,1.0
11.185164,59,578.402934,0.2850263686495042,0.07407601430887592,0.1040773326715509,0.2567015581478094,-0.059023783289944336,-0.048094117369184335,0.4562146892655367,222.9688976384206,1.0
14.221634,57,578.539408,0.26582340815476696,0.03460202350534362,0.0838067128208504,0.2925009084729648,-0.027803290494253417,-0.018661365963986546,0.4663742690058481,225.20964041864835,1.0
13.941747,63,578.688981,0.28292718865152044,0.025124530498468498,0.0913171005580008,0.26782639771730954,-0.009073238031528784,-0.03691805184690859,0.46957671957671965,216.03652467154774,1.0
14.192237,55,578.829692,0.2648850359397921,0.023679982284593573,0.06095311200237219,0.2949955542518497,-0.010991299640224281,-0.02482071440912767,0.4772727272727273,203.60163776610193,1.0
14.398319,63,579.000272,0.2834763235966131,0.028431812846609898,0.1010465068932818,0.26435792448276396,-0.02383298994385409,-0.04492267281308946,0.4775132275132276,220.4596888513703,1.0
13.628425,54,579.128066,0.2604449757139371,0.037785364246869325,0.08797647896300673,0.2970302966336933,-0.029466659210980017,0.004019539119826115,0.46759259259259267,211.66307957393371,1.0
14.330319,62,579.276348,0.2815359199826759,0.02262496803230556,0.08648235836730649,0.2654815669784802,-0.009412423980160485,-0.032583137109447366,0.4704301075268817,211.52490108811404,1.0
13.02069,58,579.422319,0.2695031838581623,0.018113256432602826,0.09038959877743953,0.28190049651711324,0.013789346868933577,-0.015501869038566731,0.48132183908045983,211.29014555976542,1.0
12.649721,54,579.55114,0.2675965917404748,0.06088658615919941,0.07658491020059821,0.2883348537335806,-0.04735745734732371,-0.03202132344007494,0.46604938271604945,215.3402708933712,1.0
13.270701,57,579.717451,0.26648664876846456,0.02085391634494616,0.08783619690225476,0.290886300261416,0.001025345292333179,-0.011975058977603238,0.47953216374269003,210.74416623797575,1.0
13.29357,58,579.859668,0.27483556496151273,0.05066503003670049,0.09006565647936612,0.2744376678519713,-0.043677713198576266,-0.04303808160639299,0.49856321839080486,224.74523960422852,1.0
13.504703,64,580.008734,0.2885288764407277,0.04856395771612916,0.10727406235956297,0.26100361463184074,-0.04246133109898581,-0.040174910266923915,0.47916666666666663,232.6095091241967,1.0
13.758513,56,580.141608,0.26531215209677306,0.03861114358035729,0.07997642791100505,0.2947959359774826,-0.030760039000227248,-0.01471061416633677,0.45982142857142877,217.60872696370598,1.0
12.699792,60,580.310315,0.2690973654501022,0.03770709168299718,0.08260458337088594,0.2813917474244782,0.026977575066682573,0.021423629342565018,0.4819444444444446,213.62170053714257,1.0
12.830703,53,580.444327,0.2626346607512979,0.029076994041278774,0.08550932687644983,0.2944617817597312,-0.02187438823000137,-0.034245803052214016,0.4779874213836478,210.91067496867248,1.0
12.432046,52,580.582703,0.2653003799212745,0.05474037028212878,0.07431382698076627,0.28893952902808057,-0.04847392222120615,-0.03563945417242352,0.46955128205128216,226.43333393594304,1.0
14.103157,58,580.724744,0.26679069109034537,0.032883440417077185,0.06803541262470593,0.2884745089374161,0.0024082601930794116,-0.023165151170397323,0.4698275862068966,218.6251832671108,1.0
13.80186,55,580.856005,0.2617634367041634,0.017215432976847286,0.06834820779132826,0.2977675751648172,-0.012896568798612682,-0.003966327531223096,0.46666666666666684,209.0934800324075,1.0
13.796386,56,581.014475,0.26598105091657825,0.023536458545265194,0.07297166112554206,0.28986260713357614,-0.011356868537852704,-0.018856305549641905,0.46875000000000006,209.14048640103874,1.0
14.522131,55,581.15319,0.2584158498392201,0.01126991371210365,0.06207303418895502,0.3034604888504433,0.002483154223910446,-0.0016138559325335137,0.4772727272727274,210.70518267741946,1.0
13.295644,55,581.283597,0.26148767949654605,0.01372140299604096,0.07230748855559971,0.2928820915582314,0.008464065264977595,0.0050449522081231594,0.4696969696969698,206.04430108479036,1.0
14.034303,60,581.439806,0.2744559782664256,0.02119290184491235,0.09577406207164561,0.2767234128317854,-0.010511846741863841,-0.012720075634020882,0.476388888888889,216.74556498281032,1.0
13.569869,59,581.592569,0.27071795140962446,0.02822972200760629,0.062257586535830314,0.28479996529054674,0.015369555178228918,0.0060486136561334345,0.4731638418079096,209.92996481623064,1.0
14.411609,60,581.732875,0.27816295872140284,0.02459448221895836,0.07915520987655666,0.2724161023413012,-0.01672544465412958,-0.02889177352680328,0.49722222222222234,222.86446313342137,1.0
14.122801,54,581.855585,0.26216313539496744,0.02334780874978228,0.06973739348696607,0.299652983315852,-0.016856656820243978,0.012535738912152762,0.48611111111111116,209.67820155513365,1.0
13.797326,57,581.988091,0.2648305111864013,0.0220732117517594,0.08944630155415784,0.2910603885450853,-0.01389462214431466,-0.012426351446041282,0.4912280701754385,211.8772631723847,1.0
14.011768,59,582.127111,0.27286614598441744,0.018332611485908475,0.08020731819690671,0.27715565363735856,-0.008480422993752632,-0.0072772324696236314,0.498587570621469,214.93385441414853,1.0
14.206177,59,582.287472,0.2744465931280902,0.017847982843059027,0.056149961461157395,0.2772575670750228,0.006526329984390146,-0.008888206103656968,0.48587570621468923,208.90238224505435,1.0
15.076678,61,582.436258,0.27463090769619986,0.025770560507614487,0.07435087669249897,0.2769907522047901,-0.017642133664867103,-0.02143594841861842,0.5000000000000002,216.93822332957714,1.0
14.068198,55,582.566267,0.26117570921376765,0.013224169000830356,0.06977228761333953,0.29693010844222406,8.545199727493094e-05,-0.013540522062841488,0.4833333333333334,209.43155285909938,1.0
14.160423,59,582.707715,0.2700029991667312,0.019600085387865507,0.08675663880737623,0.28656247754542497,-0.0031561958075873716,-0.038655441438191815,0.4759887005649718,211.0153812102713,1.0
10.67744,51,582.853282,0.26153104005015865,0.08673073833033791,0.0747085742196819,0.2924609027554852,-0.06585871079825731,0.0007605093137568017,0.4803921568627452,215.11084472359377,1.0
15.51589,62,583.013021,0.27441823748170036,0.022797516934494118,0.06362700328760898,0.2810163009903269,-0.014715014083609517,-0.0054612740049363355,0.502688172043011,215.80952035862737,1.0
12.100823,54,583.146481,0.2572762806043758,0.02922843069317355,0.08855246895608206,0.3027677113959302,0.024156453386849262,-0.014374427394729564,0.4814814814814817,214.2393483258476,1.0
13.950744,63,583.302802,0.28642882767321143,0.02844826524866827,0.07616281523345234,0.2583014804782721,-0.010416302467170836,-0.017646461549496194,0.5211640211640212,208.4229108834206,1.0
12.433371,52,583.431446,0.26058882092817315,0.029534715933078506,0.069381765609871,0.2945331141840584,-0.01525049284948707,0.009274957841533954,0.496794871794872,203.22372555915666,1.0
13.885705,56,583.587542,0.2611872708494706,0.01943549384794231,0.07491871977374377,0.29783798195369116,0.004463719867208123,-0.0023258206695126083,0.492559523809524,206.45043935145426,1.0
13.569018,56,583.732033,0.26145104683425047,0.015453845439174527,0.07282361864293445,0.3026404026038158,0.011089497298308012,0.008151876285079544,0.4910714285714287,212.76818070881933,1.0
13.706889,54,583.865472,0.26315780729107713,0.04226713129668569,0.060761114687979616,0.2936999565505773,-0.028114425097494473,0.0015163260194829802,0.4861111111111112,208.0136459688011,1.0
12.108162,52,583.992858,0.26879141008107715,0.05903516224715673,0.05973608579323242,0.2806873297946378,-0.0453108520956819,-0.016971530451048572,0.4711538461538463,213.89027787384373,1.0
12.698826,53,584.123138,0.2648115326415743,0.07029874096311156,0.06283609765957404,0.2903757405537672,-0.049287620973176224,-0.011834677565532813,0.47955974842767307,209.97936186168766,1.0
13.936007,56,584.285716,0.26623645733664136,0.0154389897137035,0.07175456079629941,0.28964574513163865,0.0049399085009193865,-0.021383040359170016,0.5029761904761905,209.760539665657,1.0
14.219183,59,584.43423,0.26935690315781124,0.019467638035713452,0.08592485317856988,0.2923610002684188,-0.004185378902779383,0.003975323919947339,0.4915254237288135,222.1156618233476,1.0
13.286003,54,584.563344,0.26278652210639597,0.03790755323572372,0.08623742296010974,0.2958606492548357,-0.022166270667139474,0.01450287647535575,0.4783950617283952,206.08840097261432,1.0
12.182937,51,584.687997,0.26443481391057866,0.05465683696467889,0.06060417884016588,0.2886971892402629,-0.04091685237977484,-0.005662123684462818,0.46405228758169936,211.4385007165564,1.0
11.505295,53,584.841311,0.2589247359237979,0.02977594207495173,0.09876071506096096,0.30521314733439814,0.025629840283355958,0.04059943400014548,0.47169811320754723,214.60493984832038,1.0
13.22669,54,584.972011,0.2595488662863995,0.018989072260389282,0.0750108704884356,0.3027574290566641,0.009174591085256704,0.002521785610005986,0.4830246913580247,208.43296251908384,1.0
7.499969,56,585.109288,0.290726626591435,0.12474060308152979,0.0784358465996614,0.25226284314645214,-0.10131846485724283,-0.034116429175244024,0.4657738095238096,235.44841156814783,1.0
14.259187,57,585.252427,0.2652537610709886,0.030658347624083912,0.07857489465934038,0.2914920856968971,-0.017738320030659928,-0.017240163063495198,0.4956140350877195,214.85434876638018,1.0
13.066419,53,585.385941,0.25971820267437823,0.024999867225395597,0.05379545517007536,0.3107220223676871,0.01894157881521491,-0.012989882676200602,0.4779874213836479,213.1324015255728,1.0
12.101516,58,585.557514,0.2820472096055785,0.07247443960633826,0.088680483106464,0.26222692284500565,-0.05599283908787514,-0.038590026224799276,0.471264367816092,220.64254338671566,1.0
12.338766,57,585.700818,0.26884774345184076,0.02258833329355997,0.10526662971166147,0.2821915751248082,0.011705238971031503,-0.008832417030601412,0.476608187134503,216.08525049752197,1.0
13.110041,57,585.833342,0.27670002998726845,0.05643956325721478,0.08034998301032426,0.2724631033545022,-0.04728372444277251,-0.04789724174080658,0.47514619883040937,221.31476827662462,1.0
14.333774,59,585.985568,0.27389459777496294,0.020829674290340723,0.07175192369516552,0.27516133148306904,-0.010643822064192803,-0.008912559923363365,0.48870056497175146,213.25787011812338,1.0
13.336113,54,586.145191,0.25989749296597764,0.02048943900048615,0.07109969046098988,0.29561817212731445,-0.0019386616969773657,0.01942010446654452,0.4722222222222222,209.31568595316435,1.0
6.835291,57,586.28181,0.29245236567277016,0.12323883658019126,0.10589577821498307,0.24433176056332573,-0.08833136277320594,-0.04512702112092856,0.4839181286549708,222.06883532182312,1.0
14.612172,60,586.426487,0.27224525355489193,0.022443166650872825,0.07369263870876178,0.2797166959035701,-0.0027242889210513928,-0.01894253086714205,0.5,210.60567042680205,1.0
13.863306,60,586.569052,0.27814489867719383,0.025200179801188303,0.0957103190314878,0.26789795781406256,-0.009438682411253048,-0.03098503521959655,0.48472222222222244,210.4584923610331,1.0
13.529764,53,586.693331,0.2604583092609057,0.03771745517437279,0.0683917241997338,0.3029791788468918,-0.02170639220622316,-0.005131660677698718,0.49371069182389954,205.49490955999363,1.0
13.684737,62,586.859915,0.28297584607314213,0.03558287694346542,0.09861116522695285,0.2658732729623597,-0.022635084125909886,-0.025036760254857935,0.49462365591397867,212.1127898529613,1.0
13.983187,59,587.004186,0.27309358506515524,0.01815363396846436,0.09317538455471486,0.27950707174380607,-0.009712425515003037,-0.017303388880311812,0.5084745762711865,213.3987351862931,1.0
14.651907,65,587.168157,0.28728704512498965,0.023752480210680993,0.08768399520785117,0.2615529885386381,-0.013663436560959025,-0.008916143569679772,0.49230769230769234,216.2940770100095,1.0
14.550632,58,587.31375,0.27245487660696127,0.02634524714631051,0.051477598107872,0.27837056466956106,-0.017368414411403715,-0.018395409677150764,0.48850574712643696,210.99201618849665,1.0
14.773403,62,587.495326,0.2823245716091412,0.014630104276144714,0.07420091092777242,0.26732905066866375,-0.004263745922309912,-0.010496852638923112,0.5067204301075269,217.2247274854214,1.0
13.815119,61,587.64457,0.2741940660585159,0.027703433384009123,0.07041357140039126,0.2778299670066953,0.014925131221964968,0.020449711994758635,0.5136612021857925,223.29792265794705,1.0
12.061657,57,587.785005,0.2639966743127079,0.02827464306945276,0.11024582244263799,0.2903631594337754,0.026545339406159687,-0.004962276194588021,0.497076023391813,214.3578769775945,1.0
14.160114,64,587.940693,0.28536213499614727,0.0217068489652448,0.09495524135679483,0.264957968293164,-0.015676232172964433,-0.031577692270308155,0.5000000000000002,222.8318840683275,1.0
13.553536,58,588.103149,0.27127783898784097,0.011404476674327643,0.094025404888947,0.28367926009137323,0.002568610529512224,-0.020810799512219022,0.47413793103448276,214.8898760045146,1.0
13.234005,57,588.23737,0.2644523923179492,0.03201564723100153,0.09666441399056555,0.29358543676145227,-0.008474441936855372,0.015598004708150448,0.4941520467836259,215.10007305772112,1.0
13.155176,52,588.369511,0.2592720035463191,0.02455426275795472,0.042053933965501195,0.3087140670747862,0.015090924171130773,0.005183226511500303,0.48878205128205143,206.03015962139904,1.0
14.521847,57,588.509585,0.26489124811398324,0.016911020413709975,0.07435940574528974,0.2944189323558363,-0.008157896263341086,-0.020648035569755557,0.4912280701754387,219.08129030718362,1.0
7.31651,60,588.654091,0.3102530676819022,0.11542657455055909,0.07847672751461683,0.22572894228411575,-0.08873225929092453,-0.030121493629998074,0.48472222222222233,233.83576829106656,1.0
13.376985,53,588.804366,0.26607633743080034,0.04819369634648071,0.06169734110070221,0.28996690109639217,-0.03505255195790981,-0.0021035908815998793,0.48427672955974854,217.16951455627287,1.0
11.45407,58,588.939632,0.2690633132663818,0.05744330912887643,0.08464220297321813,0.2807629263284127,0.045967319366208806,-0.004799346616615017,0.4798850574712644,212.08694833849867,1.0
14.128467,64,589.105485,0.2857664625146374,0.021587686979730396,0.0797955618241936,0.2608737875328681,0.0074525684789533515,-0.011023859782733708,0.5026041666666669,219.10101191197717,1.0
13.937925,59,589.252243,0.26921029733582774,0.016421239129638467,0.07635130946091119,0.2855869627226199,0.013753734189369558,-0.00594768018344423,0.4887005649717514,213.35327619633455,1.0
13.262416,56,589.414847,0.2664151763378396,0.049514906598883426,0.10941625138582542,0.2919721917129588,-0.0368850730462883,-0.022263181250055556,0.48660714285714307,219.48856261489087,1.0
14.319749,55,589.549337,0.26374273516473346,0.015559379634963216,0.06535594423585929,0.3003781230221298,-0.00040495753178457976,0.004250887616337775,0.4772727272727273,212.33006386228433,1.0
11.502326,64,589.703512,0.2843374116865846,0.05081015539060633,0.0817950237743745,0.25923067286659135,0.040441295696892664,0.004252841640959632,0.5013020833333335,214.75950112936084,1.0
12.923822,55,589.83372,0.2630649310596345,0.025538808444977478,0.07979239109412034,0.29488112526884547,0.020981842350310802,-0.0173621642345508,0.4712121212121213,212.17754258840986,1.0
13.444685,56,589.96825,0.2700449375292643,0.05664619703158035,0.07540972265212866,0.28599073260136115,-0.039719394024954516,-0.007345497698548033,0.49107142857142855,216.56947814324306,1.0
10.930806,60,590.143007,0.27361137682865067,0.07178608046893806,0.07455411600354156,0.2743923644986893,0.05019277949951417,-0.01276619182877949,0.47638888888888886,219.163825738202,1.0
13.73189,56,590.285483,0.2652819372607369,0.01962736341454791,0.0691450408075544,0.2903913649140427,0.0003125270189773614,-0.027089614571005383,0.48065476190476203,214.46529943194918,1.0
13.341798,59,590.432832,0.26942749433294105,0.02863142148907237,0.08822206414424175,0.2893011008131199,0.020203048230520035,-0.02105303589224729,0.4915254237288135,221.27121867776066,1.0
5.139763,59,590.578752,0.3170507643391593,0.12592835590486157,0.0811470781572776,0.2135111194573913,-0.09558742480098595,-0.040090350077925795,0.4759887005649718,230.81571244696903,1.0
10.530284,63,590.752091,0.305012776009801,0.09231702806056073,0.07188871188137627,0.23110011830076582,-0.06971474408636438,-0.00962119542152023,0.49470899470899476,235.0441476184897,1.0
12.244216,66,590.911443,0.29970053406202185,0.07848783147053398,0.08350579316006583,0.23691147800786316,-0.05818408106114762,-0.011089417175554244,0.51010101010101,230.8477660721559,1.0
14.536565,63,591.064449,0.2833857850564632,0.028278451280466164,0.08999967537407133,0.2642082983036208,-0.018528486849471382,-0.01809043801038748,0.4801587301587302,218.62199055510263,1.0
14.646411,60,591.212054,0.2723317639841333,0.01508670972487435,0.07371565578540658,0.2803128508273527,-0.0010192514288157415,-0.005957585871311857,0.4958333333333334,216.45904996776764,1.0
13.814638,55,591.365523,0.2612206103703847,0.020428751131060456,0.07236142611868274,0.2972633849302495,0.007235709103760738,-0.011796252784555398,0.4954545454545455,212.01177536104805,1.0
13.400331,61,591.528156,0.2827084575037222,0.05580741371561305,0.08140754729086463,0.26247267445830025,-0.037807328139984754,-0.032231577866943424,0.48633879781420764,217.82458824090114,1.0
13.21772,63,591.68346,0.2846525040834446,0.024788352072033858,0.09245106309697258,0.26323429563933065,0.011452836478156245,-0.03738512370574868,0.5000000000000001,215.05684067909016,1.0
13.938794,60,591.828998,0.28010761527162387,0.013509305749156106,0.06138853033937192,0.2638123862084242,0.003003910636980962,-0.012607686987918849,0.4944444444444445,209.94579176674915,1.0
11.712197,68,592.01537,0.29557729819383327,0.06702441424520689,0.0675225123521545,0.249514232905174,0.04442919735805909,-0.005563334874835273,0.5122549019607843,216.60392544195622,1.0
14.029054,57,592.154381,0.2705295440583405,0.027776085496057364,0.08683275747860524,0.2850071805057645,-0.020122773728421358,-0.029861369575404074,0.4780701754385966,220.7096144648563,1.0
9.146097,63,592.313157,0.28594040166769585,0.08198941421124009,0.10876531323605733,0.2590361498330755,0.05389479035478572,-0.011828444471378659,0.5000000000000001,216.86019025395834,1.0
14.211633,66,592.469738,0.2929270960702202,0.0384845457244873,0.09207565460204253,0.25446862134660425,-0.030056802266307192,-0.019718966308146135,0.5075757575757577,226.2361008917318,1.0
9.225158,67,592.648366,0.3237706396067867,0.08738023473165456,0.0848876538037601,0.20842090967620566,-0.06990792833472147,-0.017475309646440357,0.4900497512437809,239.60502312566794,1.0
14.460525,67,592.815373,0.29677743040233007,0.025330802673403232,0.08695583783846085,0.25022713954483744,-0.01575415066478577,-0.03613900880984297,0.5000000000000001,224.04134951266286,1.0
4.33319,52,592.939552,0.2665390945930477,0.11530839023687287,0.10876319245523183,0.2906839704075187,0.09321600495892428,-0.031777132529773836,0.4631410256410256,224.04983262046238,1.0
13.165324,65,593.097494,0.2931753019651805,0.04167352327577487,0.10132998278451093,0.24882469888305891,-0.030169306469423618,-0.04364288839721646,0.5012820512820513,222.594768847238,1.0
7.715389,54,593.231678,0.267343350961993,0.0887843845595082,0.10562950325409542,0.2865711394447988,0.0684996802745116,-0.02900557679338397,0.4706790123456791,219.4945300531313,1.0
13.328839,64,593.408344,0.28448101558986516,0.016148334896114582,0.11575640094425281,0.2651876759018338,-0.004202171894658982,-0.05901476167691222,0.5052083333333335,218.38838360014915,1.0
12.026965,63,593.56203,0.2835627275728429,0.05474026324599227,0.0913279709758514,0.26836781566249646,0.03402473799607363,-0.03274873267354989,0.48941798941798936,216.82700266324153,1.0
13.957615,61,593.707956,0.28103512864909425,0.04420437562744246,0.07582615493804208,0.2661276289656952,-0.029345843779758712,-0.023703242504211127,0.5040983606557379,220.01872860021942,1.0
14.315445,69,593.871606,0.29911636070957,0.023072770406957856,0.08164361997259131,0.24680522267803223,-0.009372441418434728,-0.014272019739318027,0.5144927536231882,211.30957097199135,1.0
14.591966,60,594.031761,0.27513033614334437,0.020625755437129984,0.0810518569718903,0.2790094190657447,-0.00949945151867833,0.003638723128844853,0.48611111111111127,219.171992456327,1.0
9.348942,52,594.157107,0.271989720324209,0.1051696074896557,0.08525823195559958,0.27607687053907326,-0.07947209490867145,-0.04708980614510071,0.46314102564102577,223.81656160572308,1.0
14.493777,62,594.309558,0.2769402255552723,0.02461774875289204,0.08106369413270482,0.2802357975970889,0.008518721855260604,-0.02957561609568535,0.5013440860215054,221.53472322603386,1.0
10.670744,55,594.455344,0.26877637396899934,0.07157433267926532,0.09066200926437665,0.28987637183564346,0.046906148471450776,-0.020452030061505914,0.48333333333333345,214.5162252862981,1.0
14.595732,66,594.632048,0.2900872866666466,0.01972990404221543,0.08532871082130156,0.2585138834039395,-0.013321035063133172,-0.016627205895283173,0.5126262626262627,224.40678116923118,1.0
10.690443,66,594.794167,0.2951297020048227,0.06162245486713907,0.0936602244551323,0.24915042408118768,0.03987792620895777,-0.029783665566990587,0.47348484848484856,215.83095552508433,1.0
14.613455,68,594.95851,0.299547791536529,0.026402604286055655,0.07722624229322074,0.2455801008918265,-0.019330050538595194,-0.031188301279448293,0.5012254901960784,220.97562882904307,1.0
13.599539,70,595.129487,0.31005265007064725,0.035198910667037,0.08018911299757885,0.23074341524415648,-0.02112312234044602,-0.03973175830541553,0.48095238095238074,215.65520258689435,1.0
13.752192,68,595.322264,0.2958983308759226,0.020480442571474057,0.09005840316762366,0.2539539853691671,0.008105841664570073,-0.04001035443257184,0.48774509803921584,218.30159950114904,1.0
14.192222,63,595.478857,0.2886092272827541,0.029312799633953276,0.08286813184400689,0.25781967438601444,-0.01938165422833367,-0.03665943152780224,0.474867724867725,216.1901640315915,1.0
7.13482,58,595.622828,0.2751200472613414,0.09813570285715267,0.11082453193149276,0.27307691408199253,0.07509620350249784,-0.006762163748506199,0.4382183908045977,221.67487842385205,1.0
11.88551,67,595.793964,0.29418146870830475,0.05362076529848737,0.07012780943393467,0.24958829705802205,0.03292034994469994,-0.014262251544467378,0.4713930348258707,213.7911063311361,1.0
0.446819,62,595.966418,0.2992395050733248,0.14030978856392762,0.09388618372029801,0.23595175224487072,0.10710278056190843,-0.023329954993222487,0.46102150537634407,221.73431713666363,1.0
6.275571,96,596.201344,0.38188728903837016,0.08681532847952682,0.08018935786998917,0.14344803630011715,-0.05942349441733924,-0.008383337841533728,0.4869791666666666,231.91998942363148,1.0
13.581461,63,596.358323,0.2814323579443014,0.022490233238582825,0.1011205428274186,0.2726508101235845,0.015419046952960511,-0.03401436713507023,0.4841269841269841,216.54425854394063,1.0
11.562847,72,596.547571,0.30723490271578735,0.0484061762821273,0.10531826701129095,0.24026450752038025,0.026413940109605575,-0.03152878097963649,0.4884259259259259,223.30370540654974,1.0
12.558954,71,596.718487,0.3023583230802621,0.040313759909410427,0.07609713389263076,0.24449054063952091,0.021512357767205816,-0.027221182867369003,0.4718309859154929,216.82443024285007,1.0
11.376464,73,596.887351,0.318480705700461,0.06296127478436515,0.11715371488603214,0.2216222728618273,-0.04931803804080525,-0.036619380678647145,0.4726027397260274,229.62885665606638,1.0
13.328414,73,597.060559,0.3143357065555297,0.036709143234937375,0.08804320919069683,0.22791176885971284,-0.020484722121348956,-0.04477263442534257,0.4840182648401827,211.3240299198537,1.0
11.464193,84,597.275909,0.3374402683826303,0.026757940457031427,0.09925547156419266,0.2048734387685038,0.013987194071781627,-0.04087858903838025,0.49503968253968256,214.77074468192868,1.0
14.389314,74,597.461691,0.3109278243758608,0.03775275265451897,0.08061644245864646,0.23373852903042178,-0.0245423800166191,-0.041128162818536984,0.47409909909909914,214.71715750446643,1.0
12.182348,58,597.606828,0.2705176684347509,0.05020560998403725,0.08551950451627686,0.2847385287228167,0.03522178437971281,-0.013017628437525753,0.44109195402298856,219.18244301850248,1.0
14.753779,62,597.775401,0.2798336869658632,0.03271899717591843,0.08659257483926511,0.2715644529619356,-0.01997989669586079,-0.03996969243829133,0.44489247311827956,209.77641330427832,1.0
13.005962,67,597.937731,0.29208089187709446,0.026980113758867438,0.11653559493429982,0.2543480886182405,0.011367492079061983,-0.04202677721907534,0.4539800995024876,216.41355910509103,1.0
13.566363,73,598.109138,0.3120635128684872,0.020906827259022993,0.08975142101090794,0.231918458843546,-0.0093069835442563,-0.01427375980753302,0.4931506849315068,217.46780398589416,1.0
14.42052,64,598.263742,0.28759868234364755,0.019174285396375463,0.08449069421081669,0.265286073517156,-0.00836549552458126,-0.031807362844143865,0.4479166666666666,213.6619531521414,1.0
10.912877,59,598.488677,0.27557714320774024,0.06433620294319174,0.0743150121106693,0.27507184762087966,0.04905703580619428,-0.03595077676874431,0.423728813559322,215.30279057218326,1.0
13.957839,75,598.717321,0.31664264998421177,0.033945466448567205,0.08974678741129644,0.22932681269299715,-0.02066077908747424,-0.02281886088984139,0.4844444444444444,214.53062626187483,1.0
13.923147,66,598.884591,0.28863823106311776,0.020106777143280873,0.09196555729095206,0.2601410463100487,0.00756393280226363,-0.038876734330899894,0.4583333333333334,215.0906755728942,1.0
12.326417,71,599.066123,0.3069496268645518,0.04311367986493466,0.08549054754788285,0.23758963149370121,0.026720208357651855,-0.02308607171533853,0.46361502347417827,214.2047425510594,1.0
13.883114,65,599.25273,0.2868273615510266,0.02276602980490308,0.09937485855373812,0.2633284697185869,-0.010264801061053428,-0.042164043172895294,0.4512820512820513,218.22857135491887,1.0
11.769688,59,599.400877,0.2733407157309182,0.056742493560854666,0.09830786610935002,0.28431905537262786,0.037288567913590115,-0.03364733989939219,0.4293785310734464,215.50680914258336,1.0
11.321152,59,599.546399,0.2682110112762996,0.0636816624985467,0.1059645377254108,0.28761086322198953,0.04312585348514633,-0.0539028891645037,0.4519774011299434,220.56249339099858,1.0
11.208376,55,599.676574,0.2627519051898834,0.056081235280680035,0.0865940941539651,0.2956910238431659,0.0500927928877119,-0.04862140007755385,0.4333333333333333,212.72623405198667,1.0
7.389764,67,599.85892,0.3205856017415749,0.10622317907670496,0.10133843297968123,0.21013106452426492,-0.07917434002787334,-0.024336341680719683,0.4639303482587065,229.0390182350468,1.0
10.937907,68,600.019346,0.30836360885736236,0.07994107626310516,0.1017163189833484,0.22994242995272474,-0.059218190447583995,-0.037147016212956116,0.46446078431372545,223.44406198464264,1.0
14.489591,60,600.167406,0.27377716150106374,0.026583239974435516,0.07862564381712724,0.2787056552956285,-0.017450922470577276,-0.03783286690053233,0.43055555555555564,213.70509846042458,1.0
13.581366,59,600.314662,0.27682113049268603,0.05352062754848942,0.09401735078623867,0.27569896736435184,-0.03766055569814608,-0.03893868950950875,0.4533898305084746,214.6778138885976,1.0
14.596392,61,600.923949,0.27871987530246967,0.04565523825864503,0.08721243383789162,0.27382550045084775,-0.03513427021084675,-0.0313537537957082,0.45355191256830596,223.50120193007615,1.0
13.796608,63,601.079584,0.2833142180540306,0.02256696360940788,0.09720445173561008,0.26714468184607165,0.0031245592829024635,-0.037006683589544884,0.4656084656084656,217.580564216347,1.0
12.875712,56,601.220615,0.2681366786227877,0.01703173767481158,0.08138698601524115,0.28725628800355574,0.014371178282895988,-0.024449778703312323,0.45535714285714285,211.74552486973855,1.0
13.328436,63,601.376175,0.2893963167209103,0.04575552516779645,0.09254931918079042,0.2556213896050926,-0.032856133938805675,-0.046268004369409976,0.44444444444444436,215.45306120919008,1.0
12.552339,57,601.51804,0.2680700091257207,0.020026450382527167,0.11005993787458807,0.2859453873944114,0.011684901733071972,-0.0465826250553098,0.4619883040935672,207.2996632349071,1.0
6.263201,57,601.691232,0.2771165188133372,0.11405414161000473,0.08288574854730749,0.26897796405743657,0.08705863712191418,-0.04641983842987629,0.41374269005847963,218.3967840927209,1.0
14.109073,63,601.846546,0.28467232824300154,0.03877837449630199,0.0997351926533543,0.2638932942108678,-0.030852065339737177,-0.0562628468031631,0.4563492063492063,219.3409061613033,1.0
10.275091,55,601.981063,0.2650508487687572,0.06442412611813272,0.08478281614666199,0.29316694958493755,0.05276263457218365,-0.05206518857902584,0.4242424242424242,217.1149233525499,1.0
8.793741,51,602.108468,0.2696938962161261,0.1072487932385478,0.0837977643679092,0.2804674597331268,-0.08077434255993443,-0.046397185414084594,0.42156862745098034,216.60662495969947,1.0
14.324486,65,602.302501,0.28588609822170696,0.020100887040800583,0.09480663251849718,0.26254701642933054,0.0002848027687350669,-0.037234958646398024,0.4435897435897436,215.55836483883837,1.0
14.342967,63,602.45356,0.2857828640242644,0.015203898921876999,0.08443473320371607,0.2647417002772796,-0.009469103904614019,-0.03473081568068608,0.4484126984126984,213.17489965025896,1.0
15.371349,60,602.60629,0.2728561212991758,0.029190991873127296,0.065601369248494,0.28097204646392254,-0.019442035422502748,-0.00954990197486564,0.45000000000000007,213.05359204362165,1.0
9.952902,54,602.742444,0.26179027926549486,0.0704872334178886,0.09159475960484931,0.29788886663927333,0.05671123841154006,-0.04773897244683517,0.42746913580246926,212.72006815791158,1.0
13.878221,62,602.916703,0.2819352137564036,0.05094316545140655,0.0933088240355336,0.2634807256711283,-0.03837239440593904,-0.04223327427416563,0.43010752688172044,216.32993087203218,1.0
13.59567,59,603.063389,0.2713788188969929,0.015814998195580715,0.0930266099301999,0.28175886082579754,0.0047338296795648585,-0.05406848094943586,0.45197740112994345,208.79023584207164,1.0
12.888041,59,603.210849,0.27288754246595576,0.0414319424933714,0.09819263678821655,0.28940476882947014,0.021148627540091367,-0.03899226710419533,0.42937853107344637,221.33428264883358,1.0
13.776237,59,603.357644,0.2722598348080304,0.026451380055060127,0.0915699526913899,0.2814133091964231,0.01664235758046929,-0.04673472968937826,0.44067796610169485,212.3773388200107,1.0
12.862691,58,603.498975,0.27399320309976144,0.06718820348996442,0.08899323840217563,0.2750591098435875,-0.047080811205513544,-0.03471699975521323,0.4612068965517241,215.5965410692884,1.0
14.128987,66,603.683885,0.28467539547197085,0.027565123162225747,0.07550693400285152,0.2680706840894196,0.01936479935963786,-0.016288433897155376,0.47095959595959597,211.36872190136904,1.0
13.227965,60,603.837867,0.27498645816055084,0.038048828649477624,0.07068501415849392,0.2749475325617938,0.02948113039960713,-0.04280444256004395,0.44305555555555537,215.16657578824882,1.0
14.152219,70,604.019173,0.30392428447297853,0.03638317447686474,0.08185121503799596,0.23986319795164932,-0.023809044705800135,-0.032647480249823245,0.47261904761904766,215.27890967993358,1.0
9.539512,60,604.163057,0.27245252694475436,0.08340221271360895,0.08324635864279022,0.27376050407576663,0.061089795297416954,-0.033962759928675125,0.42916666666666675,220.24754602370692,1.0
14.330719,65,604.349358,0.2861132009825626,0.023694279291360146,0.06789383249443053,0.2623317426229143,0.009431729393135248,-0.016996819836651127,0.46794871794871806,214.1221511188859,1.0
13.101871,70,604.531565,0.30259430803519083,0.025336025810386995,0.1000224472709507,0.24164276393441989,0.013733052659968024,-0.03475249623713335,0.4535714285714285,218.71236293895512,1.0
13.402593,58,604.685905,0.2689624661003321,0.02073342280074077,0.08901825037947347,0.2846638588223906,0.01140916070715057,-0.047345831296818235,0.47126436781609193,210.27204172613386,1.0
13.98107,62,604.843847,0.28252347293776064,0.03392998018427383,0.09958085305038845,0.26606586711844515,-0.0235538339740771,-0.04358264993626358,0.452956989247312,219.08067542085507,1.0
10.773054,67,605.034675,0.2948069023728973,0.06818891044879667,0.07365376302526293,0.24797017453918263,0.0507696405209238,-0.031515986835100984,0.46393034825870655,217.30440870769763,1.0
10.856375,59,605.187288,0.2727360572010921,0.07311252372335024,0.06231999471921712,0.27793153074781834,0.05562525205656606,-0.010609758393550469,0.44491525423728817,216.5436893651581,1.0
12.628304,55,605.321907,0.2704679841549041,0.05219498168701459,0.09010177685878053,0.2784168717863199,-0.036935619988646855,-0.044750834619920764,0.4515151515151514,214.09953845408037,1.0
14.272374,61,605.468818,0.2786818430522573,0.014630194373115753,0.07957539639751814,0.27623715966687246,0.005231883454617433,-0.026977553236421172,0.44945355191256836,213.6469340726718,1.0
13.121749,55,605.646636,0.2636249062841222,0.023818544030299118,0.08204998862621522,0.3029456379240764,0.01800629659903818,-0.01008682577184942,0.440909090909091,211.8434072513385,1.0
13.908086,60,605.79999,0.27316541180274545,0.023319815726834208,0.0829664189837559,0.28410715577091106,0.015391348457282784,-0.03956940315728767,0.4249999999999999,209.7370192333728,1.0
14.072406,58,605.938556,0.273203476063692,0.0161799380951653,0.06572345091827499,0.2807463863257066,0.003901099170444433,-0.03259942451733477,0.45833333333333326,215.05599861040713,1.0
12.541977,61,606.083952,0.28848601544064073,0.06141313650003826,0.10068674904740148,0.25317213816529593,-0.05091088364699662,-0.04744911064985358,0.46448087431693985,226.30345051889347,1.0
14.226818,58,606.247834,0.27063116644369833,0.03448148857860567,0.07523627922067924,0.2856212924623345,-0.026696612604939635,-0.04061816744492543,0.44396551724137934,215.54546188731007,1.0
13.848427,59,606.389987,0.2694898856222759,0.02912223821499325,0.08473300500551705,0.2899715057001109,0.01306260409184924,-0.03096967922067947,0.45056497175141247,218.93474248989372,1.0
13.270102,70,606.567176,0.30549984211952447,0.05220867248969795,0.09427464715243254,0.23934988989623873,-0.035284282732461335,-0.0403244875736003,0.47261904761904777,219.88910873073453,1.0
14.769789,61,606.727845,0.2774604181236445,0.026317216073439884,0.07372095901853189,0.2767174381480391,-0.019345095156551036,-0.027709417126344636,0.4480874316939891,219.06127923565103,1.0
14.645598,60,606.895611,0.27314524326545714,0.017012926504400762,0.08528199475916438,0.28247943629677447,-0.0029856656319778947,-0.03871826180120027,0.44166666666666676,215.0960439587058,1.0
10.937402,63,607.049789,0.30107879955420375,0.07452269853464924,0.09402402357137167,0.23449033244280595,-0.057219041861528055,-0.023409639897503453,0.439153439153439,224.1630023259436,1.0
13.653184,58,607.19813,0.274035572586497,0.03642396326270057,0.1037155644074636,0.2800213615041413,-0.02678874315380544,-0.043582895396884695,0.4367816091954025,217.34247211089414,1.0
13.873516,58,607.340602,0.26808669367260113,0.04480741394504449,0.08467839780530803,0.28904048297478513,-0.029498219332094112,-0.010921976102734168,0.432471264367816,214.7724525150594,1.0
11.871407,53,607.471664,0.2605329241539199,0.034134431617887435,0.09410499573236247,0.31020238015596036,0.023101523157530068,-0.03257859740179374,0.40880503144654085,219.48369719647215,1.0
13.772204,55,607.626801,0.264800921609123,0.017739902697727086,0.07341234844557158,0.29817300926030094,-0.005432508578123445,-0.010810164062382718,0.4303030303030302,215.1317066447993,1.0
14.298299,57,607.766411,0.2702781986887282,0.027894738981686863,0.05887184359943138,0.2857679492139379,-0.012765326868211921,-0.012918374780996104,0.4415204678362573,211.58733428530962,1.0
11.777947,57,607.908505,0.27645481104803393,0.07348765899615158,0.11151970279363292,0.27657039798568944,-0.05965140317190416,-0.03018314804291341,0.41081871345029247,223.75576782406947,1.0
13.81605,66,608.06509,0.29190908878772975,0.04893510101371813,0.09215967553145396,0.25413777585183345,-0.033514868642922885,-0.03349921646317,0.4671717171717173,220.26999526551705,1.0
8.167035,62,608.235405,0.31124904330313496,0.10456935445397916,0.08684232105848795,0.22175234790915974,-0.08270277734893099,-0.024962409081346792,0.4247311827956988,226.78201304461925,1.0
12.184222,61,608.387555,0.29030817317358043,0.08413595970653676,0.06990116560091827,0.2541041304426305,-0.06583684310003186,-0.01208858538778447,0.4166666666666665,229.60564299659922,1.0
14.089412,69,608.55695,0.303767159889104,0.030402832396706034,0.08161098498544785,0.24018766179162243,-0.02040862813955302,-0.01698061546966885,0.4444444444444446,222.07956134511167,1.0
11.596968,78,608.750844,0.33368864962306555,0.06627321632090134,0.0921152418098486,0.20069042038753002,-0.04766606973958843,-0.020701945233536283,0.44230769230769224,224.34567796719355,1.0
13.990513,64,608.920926,0.2894079160661889,0.02174621866900341,0.09072182379212987,0.2580519871331181,0.00450617363166469,-0.032463326473785616,0.4036458333333333,219.10485722650805,1.0
13.268239,58,609.058019,0.2769933003225286,0.04899376604068556,0.09326086334488304,0.27381544988081225,-0.03855253188450565,-0.026820663162010143,0.43965517241379315,218.05791008745047,1.0
14.321804,59,609.200987,0.278114359333868,0.03147704778945046,0.08490089619134096,0.27606516947882465,-0.025071563599277005,-0.026934153691497792,0.4265536723163842,223.3796110812481,1.0
14.665066,65,609.358582,0.2941618256080589,0.037470748525929805,0.06332440699104258,0.24932497947294557,-0.02660410994285935,-0.0038554165698831454,0.4115384615384616,220.87989625102927,1.0
14.767578,65,609.535471,0.28999811099920964,0.019563423338332213,0.05860130638263364,0.25995927794213963,0.007060702198562704,-0.01746302974643283,0.41794871794871796,214.37552728488092,1.0
13.420617,66,609.697825,0.29742472958996097,0.026157440135849436,0.09561110194168922,0.2455355649816955,-0.006080663641228472,-0.010605560641740504,0.3989898989898991,211.99794836649775,1.0
10.967526,61,609.848087,0.2843298219048271,0.05629366429141916,0.0781982604442395,0.2598578803700509,0.038540365512034255,-0.026177233929906146,0.39344262295081955,214.08970044139787,1.0
9.95516,63,610.003969,0.30913750374141774,0.09061737098189256,0.0845872534843302,0.22769534560641505,-0.07349569112571556,0.0030285450160490355,0.3835978835978835,230.67097635023288,1.0
14.279265,73,610.208931,0.3147107071120887,0.03247774865202198,0.07298116421334183,0.22709693064253056,-0.01781966106634161,0.001746148823750986,0.39611872146118715,223.36036996465546,1.0
13.619241,72,610.389127,0.3181863294992984,0.056835779584490646,0.06804648990073504,0.2204107092173631,-0.042516432075781374,0.0037190274934053085,0.3969907407407407,225.24020098175384,1.0
15.02231,66,610.552136,0.2923375889817971,0.026824820995167097,0.06646643750883122,0.2545386452752011,-0.01839717112346463,-0.0035060560417636607,0.41792929292929304,218.3365799717933,1.0
1.781819,63,610.700001,0.3577832408784484,0.10700843868931882,0.10180948502747304,0.1758961512517742,-0.09197129566831805,-0.0403359724957143,0.36111111111111116,236.9562662031992,1.0
11.147186,111,610.980313,0.38873443605236546,0.04558821613385299,0.07240722393952706,0.14083892875867615,-0.03067170187277911,-0.0016372138956649524,0.39864864864864874,236.75180047234076,1.0
12.427531,91,611.199707,0.3598630279206922,0.048350764897850854,0.07774404643109967,0.17466305696932918,-0.035974103501379216,0.009535954895923723,0.3836996336996337,236.35015564758365,1.0
12.954465,62,611.354478,0.2934943462829481,0.06278947308720942,0.07724270158313366,0.24809125590959455,-0.04673665075977255,0.028884140609405928,0.3750000000000001,219.158225845763,1.0
4.1735,56,611.500577,0.32600795129998894,0.10271204551108458,0.0954086919921911,0.20967366773667767,-0.08774401799408287,-0.004017869078503233,0.34821428571428586,232.3312299795954,1.0
2.331638,90,611.720793,0.40266046841753117,0.07993064947862802,0.06592652393575808,0.12472995828389834,-0.06721000092906594,-0.014077212029458698,0.3537037037037037,243.03098772280944,1.0
8.039551,131,612.059155,0.41203442950578434,0.052285353627080776,0.07397963670358672,0.11183603450985381,-0.036102575647850334,0.003287211489329481,0.3657760814249365,240.11399159911068,1.0
1.700778,65,612.223562,0.36856916107210547,0.10714522493845259,0.059839138042017175,0.1648230794762707,-0.08975026671218017,-0.012840181523085284,0.3653846153846153,223.7863879184796,1.0
13.365326,66,612.386256,0.2952743454444587,0.03732563491028753,0.06972583244554055,0.25093751541488624,0.012650189278180207,0.013165815782450983,0.3749999999999999,221.15907679115452,1.0
13.106448,96,612.625257,0.36429044368659247,0.0392173511197775,0.06761915728198918,0.17120661290522995,-0.02555760079627957,0.007779451688483936,0.38368055555555575,221.02299913386946,1.0
11.868322,92,612.875357,0.36772927275801776,0.03612153402603803,0.07251592946612996,0.1648396884520004,-0.024281342937622456,0.01798249294722467,0.35507246376811585,232.85989237710876,1.0
3.405634,101,613.121178,0.41054048277651956,0.07128052358834785,0.04884964160792874,0.11528355893770263,-0.059497733932582814,-0.017166710502898624,0.35891089108910884,247.5374707437804,1.0
3.098585,61,613.270089,0.3552731512857137,0.10124092730082818,0.06798378570233247,0.17856576989176873,-0.08532205935083792,-0.019982133792989413,0.35109289617486317,223.4542944642108,1.0
9.313783,123,613.587955,0.4062482751672069,0.041947838976794986,0.07290439172470128,0.11850334488767958,-0.030983992370225547,0.004555933675248776,0.37601626016260165,234.31282288839142,1.0
10.378351,105,613.839219,0.37813659148183526,0.03285892343335024,0.0649834906810243,0.1558558218370831,0.013138780934873069,0.009560258386683732,0.3746031746031745,217.40107683459618,1.0
10.083935,97,614.087014,0.37940925437771644,0.047732478264709464,0.06633203516852633,0.1479538778148176,-0.035891973916156394,0.01643607884969472,0.3591065292096217,232.49895349693,1.0
-1.629229,54,614.214306,0.35858162209267713,0.11512772782866551,0.11574245504720869,0.18265033834327762,-0.09662098013079434,0.036130349451325844,0.3395061728395061,216.75021502544857,1.0
-1.740478,69,614.378025,0.39093367419442854,0.10685983790131232,0.0965407080343991,0.14031472624433175,-0.09222319694820671,-0.02735685730310285,0.3768115942028988,213.96720101205835,1.0
1.7306,72,614.553065,0.3796013085474677,0.0957058878511741,0.08435011063804596,0.1508892521849912,-0.08058838146530567,0.0017878280893596121,0.34953703703703703,227.424742480762,1.0
11.629428,109,614.834239,0.38750775304905116,0.03135543118358284,0.0640338715588202,0.14066123118955015,-0.01753822033410887,0.019904371667787794,0.3547400611620795,229.23255629970438,1.0
7.406902,149,615.178087,0.42425223179092025,0.03947896001815115,0.07151619144691844,0.09604928718726635,-0.025250142580600803,0.02712375990406135,0.35794183445190153,232.8145299970952,1.0
6.158473,75,615.384185,0.36370195878020983,0.056571419020327085,0.09486319164350979,0.16695192474156648,-0.04742760983073799,0.03785265950609754,0.36444444444444446,237.67239580427875,1.0
10.787322,102,615.625327,0.38117632837260973,0.03861926802756009,0.07901303284098374,0.14844809988800828,-0.02376906186952618,0.03996306024972899,0.3725490196078431,238.25806526554265,1.0
9.837298,120,615.940865,0.3999821079470239,0.03626682040181162,0.08721452994695245,0.12627542529921112,-0.020057972594504404,0.028373298784255246,0.3520833333333334,230.8155243199644,1.0
3.282001,60,616.084103,0.34785413479487226,0.09374878926586398,0.0815075755272631,0.18650895233671652,-0.0805661185226115,0.0018753599844083541,0.33888888888888874,231.80198557200367,1.0
8.147417,59,616.227597,0.31503628489177343,0.06945649111762622,0.10677815089458123,0.22522617051927452,-0.05429055169277259,0.06389564327496,0.3290960451977402,230.11517975182204,1.0
11.607159,58,616.371628,0.29116479599912587,0.040547815081669866,0.09066996250799653,0.25974836233091175,-0.027236994446675798,0.05750762583756332,0.3749999999999999,235.14420741684202,1.0
1.441645,68,616.589612,0.3773962378215367,0.0871333319984935,0.08537604975588092,0.15630588697190387,-0.07688405087551402,-0.008146748697741834,0.3749999999999999,222.58463976423403,1.0
2.370994,98,616.837328,0.41220375314459273,0.07058990880343761,0.05923543901186389,0.11293075646527734,-0.0583137960408824,0.0018831000540108665,0.35969387755102034,237.61259445899293,1.0
10.683714,93,617.064942,0.3693918599141235,0.03158905030194924,0.08035822831549275,0.15890138859877267,-0.019736650679453766,0.04384164438840844,0.35931899641577064,226.87933864027124,1.0
12.633648,71,617.283304,0.3114913071704119,0.025955538406511037,0.08032653166458972,0.22669874846895985,-0.006566156961172176,0.04516569640810244,0.37676056338028174,222.34566961966036,1.0
-0.619869,74,617.466301,0.3960580939363986,0.09739519775825642,0.07017297793403997,0.13404400122221863,-0.08463475333572,-0.028339535105843184,0.38626126126126115,218.21457758633588,1.0
11.041813,92,617.696739,0.367829281961228,0.047041994387725786,0.08320936228833677,0.16279904840030057,-0.035927480691869726,0.0324529741174556,0.3713768115942029,239.62264553525276,1.0
3.812027,60,617.841465,0.3470302499116331,0.0993186303036679,0.08260640490728327,0.186208477153239,-0.08028028498031835,0.03403688191862069,0.35000000000000003,224.93822892007472,1.0
11.869747,99,618.113981,0.37437554320373234,0.041979725047251934,0.07636398944173595,0.15782195902641755,-0.030147456628099076,0.03340876569290013,0.3602693602693604,235.73748864119312,1.0
12.701951,78,618.306091,0.32810892898273814,0.03321526449435907,0.08760836854058572,0.21123697695211235,-0.000646430402117071,0.03861102978247647,0.3493589743589745,222.10145146133073,1.0
10.70607,76,618.497631,0.3384883940914738,0.05860300800547515,0.09861080567608804,0.19210257620423593,-0.04772514134839672,0.06003369284048623,0.3541666666666665,233.10061878170018,1.0
13.023445,76,618.717485,0.32844323605819076,0.043386582780675885,0.0742866969330474,0.21332901492988326,-0.008604703277462171,0.02446739272338304,0.3552631578947367,238.0066533314749,1.0
11.732911,89,618.93714,0.35658491134594394,0.046123115057494404,0.09720878012201292,0.17702856591562166,-0.03337180135521182,0.04431451092962999,0.3698501872659175,234.10471090074734,1.0
12.557687,82,619.136314,0.3435273145428666,0.03864861210130277,0.08904428374380921,0.19162339972362125,-0.026624755599915624,0.022615419043529476,0.3709349593495934,232.62257937238394,1.0
6.706533,81,619.375924,0.369838120712932,0.07258406680504158,0.08027597858104558,0.15761381883727807,-0.0617828340426969,0.024216439859453258,0.3364197530864197,242.66764887014236,1.0
14.656552,72,619.554432,0.3129636544511848,0.027481863539750136,0.05818392722441627,0.22969507900093156,-0.01044349269561885,0.030084567299346863,0.3657407407407407,228.22454493295487,1.0
5.763421,96,619.791974,0.3920512129345698,0.06407414516594855,0.09234139689678529,0.1333995673086724,-0.0522534499968516,0.024015083738011044,0.3333333333333334,245.6996481436679,1.0
9.311315,67,619.981829,0.33186056571789685,0.07198804430142586,0.06994497328051592,0.19932314774441762,-0.06033694251271047,-0.0034764412191916737,0.35199004975124376,229.89973024383477,1.0
11.791385,56,620.115912,0.2754921352824762,0.029848906223687795,0.12372465215449863,0.27592698944756217,-0.020537159642961537,0.05964076468663464,0.36309523809523825,221.3659712557614,1.0
12.986092,101,620.369191,0.37326110563833503,0.04074752394771424,0.06593598744966207,0.1604887606298124,-0.026460479905693227,0.02338358524305203,0.3663366336633664,233.0950552441993,1.0
13.582147,69,620.562017,0.30555435009398774,0.03719523785472137,0.09727232282222492,0.2333965331504601,-0.02539142562708709,0.037623646729980295,0.3707729468599034,220.03117743229927,1.0
10.788531,142,620.920885,0.40954667122196764,0.023232637936796616,0.059376004187357355,0.12246935697531033,-0.0009287365136447967,-0.002814223843958622,0.3615023474178403,216.15951199677545,1.0
12.882004,71,621.092899,0.32160430559044617,0.0404320181444042,0.08095635568913281,0.2152091197954496,-0.03180683792491152,0.01373837469397377,0.363849765258216,222.8124905056428,1.0
12.142691,72,621.291436,0.309175435906989,0.04421903173117859,0.09907876237419225,0.23341662820480133,0.011502064416884592,0.022869671211119134,0.3773148148148149,222.03144446262579,1.0
12.935875,59,621.43971,0.27354299614071775,0.022267433784209645,0.09753394785884062,0.27491023734570785,0.004332408349286901,0.01156639847702375,0.3658192090395479,218.38065047024094,1.0
12.488156,58,621.581613,0.27875786092945376,0.03993223935188561,0.11412887746603378,0.2677916749829304,-0.028916991984928878,0.04499211520516662,0.375,215.43622206120224,1.0
13.307043,74,621.766809,0.31951709001032896,0.03409514833739261,0.07392186324635888,0.2226655964118984,0.006920064260167874,0.010799215712742513,0.3828828828828829,219.84837291319351,1.0
12.736445,59,621.932855,0.2719540243352804,0.030704668507804362,0.10062568168875484,0.2798304688596983,0.019915717546089073,0.04668029306113401,0.3728813559322034,223.1531163808126,1.0
6.383339,67,622.094432,0.34646111442156025,0.07973868400719906,0.07199080545703575,0.1857093749940349,-0.0714049167417505,0.0008440942448468071,0.3507462686567165,247.3561792831461,1.0
13.616095,72,622.262259,0.321577066170682,0.052350075221020004,0.054905619631525404,0.2160272044799458,-0.041879882052013276,-0.0011841996723202072,0.3587962962962964,231.39164221428487,1.0
13.773298,63,622.418677,0.284458024737707,0.02091894221907881,0.08034149509901739,0.26425480111428706,0.003790876828339806,0.030145415594393803,0.3664021164021165,218.8381633930785,1.0
14.521162,67,622.605854,0.30304114837334883,0.04196001694902845,0.07397974338089083,0.24189985640494957,-0.03483708442378202,-0.0004178874651947228,0.39179104477611937,228.5194237773811,1.0
14.110466,62,622.752844,0.29260964046360133,0.044351899633295055,0.0676381539446449,0.2508194797374673,-0.03666069722836881,0.011124241214603123,0.3884408602150538,221.75280425287963,1.0
14.616369,64,622.906687,0.294122061865396,0.030117960743794518,0.0557828290280239,0.24757558859957476,-0.016632230502993416,0.0128216332797001,0.3776041666666667,224.07117828179938,1.0
13.955936,66,623.061672,0.29149132832787666,0.022099906359914687,0.0920961571339264,0.2528733811601917,0.0005736777692545391,0.026571553999686092,0.3787878787878788,216.91202103597908,1.0
14.840453,67,623.251412,0.3030234501617972,0.03180705459124724,0.067744664696498,0.24198012719095008,-0.017354859642375337,-0.014974634058129552,0.3843283582089552,225.5305733996602,1.0
11.764219,71,623.425382,0.3269989866865895,0.05722462761466625,0.08204871413621741,0.2078696306809948,-0.04830804795801737,-0.0006822744508102106,0.38028169014084495,241.93173813349557,1.0
14.740657,59,623.567757,0.27894478811949514,0.022283328853989925,0.07158352383224113,0.27995608821011764,-0.005929620252315922,0.008314472956069737,0.3827683615819209,225.11901246869337,1.0
13.529826,59,623.713126,0.2741990489587871,0.014480490650182773,0.09285849495414686,0.27860235058268007,0.0062241641376265715,0.03440522430279434,0.37711864406779655,214.31069140792457,1.0
14.685662,60,623.886948,0.2744234159858393,0.019043513520475484,0.0736436779510839,0.2787571245436889,0.0012329849381471538,0.019797095836992722,0.4,221.1286820043514,1.0
12.723013,63,624.052639,0.2842421215773085,0.0308114055490377,0.06963673195034227,0.2598454676834585,0.0234023183541772,0.008092237966274035,0.38492063492063483,212.9750990807428,1.0
15.160984,63,624.218318,0.2852639384711607,0.02356012455224347,0.06599343749480785,0.2615394596028525,-0.013623076029051903,0.011160450977546183,0.4007936507936507,214.6257819838013,1.0
8.951042,104,624.506354,0.3902624512346131,0.05789401397438947,0.06878741706401603,0.13623436444148387,-0.044570956004585015,0.014591205586821837,0.39182692307692296,239.74859765871682,1.0
10.354279,75,624.697606,0.31892219389063337,0.06414122013957319,0.08563996904530816,0.22225446743922808,0.0380116754207866,0.0036672571617306876,0.38888888888888884,220.45914720818317,1.0
10.43705,67,624.865664,0.2962563958727348,0.07145751560220877,0.06773324760479586,0.2487250932666377,0.05034088016459258,-0.006211522290416019,0.39925373134328357,221.5845277527651,1.0
12.07062,64,625.026673,0.2871489237358627,0.057504978047149075,0.055371590242800806,0.2588696677876646,0.03767286062752162,-0.0004543931122011866,0.3984374999999999,221.40582279216395,1.0
13.119745,67,625.225606,0.2953650072743342,0.041601473317501275,0.06637991986709424,0.25300678810073296,0.025671087462122336,-0.014982708908955592,0.39552238805970136,221.52911851566986,1.0
9.856019,59,625.36803,0.2800099462668316,0.08150421599957994,0.07760520191592062,0.27265440950970893,0.053473929581698394,0.029314003813392994,0.3898305084745763,224.54440032751404,1.0
14.435171,63,625.532369,0.2832087462324437,0.027594687679557205,0.06817269548795754,0.2675695440625966,0.010637761187095427,0.007350345878444125,0.3928571428571429,219.19062794655034,1.0
13.800886,56,625.673931,0.266320593021008,0.01809419966172955,0.09473222892412755,0.2899339475801847,0.0015935463648267692,0.012678395940393794,0.3898809523809523,213.03988357680592,1.0
13.584535,81,625.901632,0.34159098973067253,0.04256953307044524,0.06328041406364755,0.19454550900054954,-0.03130345291588084,-0.0006506584188212708,0.4125514403292181,231.49932889208966,1.0
8.521512,58,626.042123,0.2736135238066387,0.09541172701706492,0.06721099121437486,0.27888937475732833,0.06753169620412493,-0.0069481844479448735,0.39367816091954,228.67096635971177,1.0
13.55738,64,626.197535,0.2965761372964303,0.04265885853493093,0.07280589289471025,0.24328568937896636,-0.029636020761357927,-0.01891991875124004,0.40494791666666663,212.11337096196806,1.0
12.165142,55,626.332592,0.2639686853713716,0.04303796482684152,0.07387137988791322,0.2934453434840744,0.031161422084842953,-0.010627016862068663,0.39242424242424234,212.4161870088765,1.0
10.164576,57,626.518374,0.27075250919958815,0.07630276753231678,0.09404691685280062,0.28377236283183443,0.05052206641663561,0.027661720989543295,0.3669590643274854,221.01834595475566,1.0
13.50077,56,626.657885,0.26499198561423576,0.027175212542684724,0.06676401923102035,0.2972577427925799,0.016833377696634975,0.010942635970546928,0.3854166666666667,222.48174343418006,1.0
12.849561,58,626.798121,0.2685379888362016,0.053866721287246934,0.04817337118585871,0.2850481279549691,0.04048839058293128,-0.010739354589858207,0.41522988505747127,215.73538637185231,1.0
13.807152,69,626.976499,0.3095536830401462,0.04180465275714143,0.08079036206232808,0.2323524071817431,-0.0331303411855594,-3.908071617148656e-05,0.41183574879227053,232.5520105562482,1.0
13.595219,57,627.133688,0.2672552347477039,0.015363570588083469,0.08430160230280713,0.29572118708150846,0.008310218336867344,0.011754152381099182,0.4195906432748539,219.711108013017,1.0
11.285873,59,627.27426,0.2706757398358541,0.04886004859744294,0.09668222705119633,0.28156618872383005,0.04127415470990998,0.020641316975729972,0.405367231638418,218.49430450009922,1.0
12.621487,59,627.424777,0.2727618672495608,0.043423389602472266,0.06643339064296659,0.27836923683351616,0.035128907675802956,-0.0013236113267759845,0.4138418079096046,216.16131141083008,1.0
6.474731,55,627.553508,0.2724671768886886,0.11377511326894747,0.06851494496930063,0.2775176621987978,0.08470868838792081,0.022438234511279416,0.396969696969697,226.6282887837386,1.0
14.351901,66,627.722506,0.28916142002900863,0.032850731265627105,0.07166604847164285,0.26150602771419834,0.015689681789092188,0.010919525279883865,0.38888888888888884,220.94914894556655,1.0
13.736119,55,627.874095,0.26842187942599094,0.020313608881507506,0.05341611709018158,0.292281438426853,0.009875999366835014,0.007228884482709491,0.3999999999999999,213.69139195630876,1.0
14.709806,67,628.047829,0.29320384741324174,0.023529030554505538,0.08257681507449749,0.25113112089399603,-0.01055734737797413,0.003726974897336232,0.40920398009950243,212.32124713551224,1.0
9.75759,60,628.191137,0.2761166712902225,0.08919945956910709,0.05811436153873359,0.27456425747289176,0.06595980240549429,0.00010791280990392673,0.39027777777777767,223.50118053002706,1.0
6.918875,58,628.343962,0.27660105201590446,0.10059858349089268,0.08368392856020963,0.26847701113564376,0.08027008802350853,0.009242128023600733,0.38218390804597707,222.3047251735579,1.0
14.41167,63,628.59159,0.28350746579572855,0.029031626226745356,0.062867634233291,0.26573322357668205,0.013468179124182373,-0.006689851156515684,0.4021164021164021,214.6103445512622,1.0
13.705075,57,628.747111,0.2662529565854455,0.027721951560511045,0.07320212694351799,0.2915236642396557,0.015483233232065527,0.004578885543992867,0.40204678362573104,212.8037508433879,1.0
15.012682,64,628.909508,0.2848496043448708,0.022363368277793987,0.07276360900077619,0.26608221959609124,-0.009396420555776346,-0.00809685255002612,0.39453124999999994,222.22404007272166,1.0
14.764618,59,629.049093,0.26845733024398416,0.014640008662657912,0.07766439242743084,0.2890716540757985,-0.003734717312311646,0.015546371620691946,0.403954802259887,215.50761420872286,1.0
12.287452,62,629.219914,0.27900853504875495,0.05754201523148586,0.07666025508838688,0.2727464997412709,0.03756119410118684,0.001976522584812254,0.41263440860215045,218.98296326952934,1.0
13.993429,59,629.371405,0.27432784098517715,0.029639381781049804,0.0847579532441235,0.28384122453739336,-0.019672553486130027,0.005002596986898255,0.42372881355932207,232.27918431192182,1.0
14.846527,58,629.514202,0.27154505534427437,0.02512501244858266,0.06908680576990257,0.2858019333202176,-0.018446624777728376,0.00957826290067646,0.410919540229885,218.2182924898915,1.0
12.906325,55,629.649517,0.2596469213534062,0.04600594835222837,0.06428083656047288,0.303723894317159,0.03717660377915826,0.015526396880711668,0.3969696969696971,215.33162034219967,1.0
14.66005,62,629.801645,0.2839894219441605,0.028854146974088387,0.08197312204270325,0.2674428836697136,-0.020744255682375267,-0.016619221039960063,0.40994623655913986,220.47519218679437,1.0
13.762032,73,630.009708,0.3103723533673157,0.030215152454351867,0.07507654731921093,0.23231300705436286,0.010542479083474157,0.005209808688652221,0.3949771689497717,216.18790052359853,1.0
14.979743,60,630.157165,0.2706348033818942,0.01870876983408752,0.048687781759416036,0.2822535849964568,0.008475768626412198,-0.0010614087115869621,0.41666666666666663,217.07923475092176,1.0
14.966509,72,630.335783,0.30842783699986775,0.025913362162422033,0.0707977991195154,0.23717138021071926,-0.010369618155424561,-0.01607381024652582,0.41435185185185175,220.08603564172836,1.0
13.763047,54,630.469834,0.26252382248347655,0.02059779080759401,0.07625166869625086,0.3100293075856739,-0.006509316999492225,0.005808617014460459,0.36574074074074076,220.44229864756622,1.0
14.300441,65,630.656488,0.2894464628148925,0.038992052840185504,0.09506363215558583,0.25760893379155797,-0.027161210850731955,-0.026413057985913323,0.4012820512820512,221.31939410496113,1.0
14.809585,59,630.791589,0.27184819106915975,0.02107772803343689,0.07677041351366211,0.2832031311291502,-0.009240684539819593,0.009077933072668088,0.42655367231638414,220.45901074291694,1.0
7.627368,50,630.908499,0.2587337547205443,0.08626187237816485,0.09922441654247995,0.3222285977370455,0.07113431942044732,0.022941586596337635,0.3766666666666667,223.61154658688233,1.0
13.77344,69,631.089746,0.29798346625666766,0.02148671048830915,0.09921947760540878,0.25179346212421205,-0.002354188848550693,-0.00900842478841154,0.42512077294686,217.21769626026418,1.0
14.439232,60,631.263165,0.27187627986890917,0.021210749608783157,0.07144739271873138,0.2817315654624281,0.01096765473192936,0.00921516326549199,0.41944444444444445,210.91635310077217,1.0
14.857862,61,631.423108,0.27981116333903844,0.018629902134855117,0.060599737844003874,0.27091453664185117,0.0008667087943049248,0.010227491268746055,0.39890710382513656,223.19216962418963,1.0
9.119132,59,631.570791,0.2752544265191806,0.09148132655139911,0.06726292660943266,0.27230170446198104,0.0695305292540653,-0.0004669315850416121,0.38983050847457623,223.23852317236296,1.0
10.008452,60,631.718027,0.27870713431011174,0.083824461827255,0.07811309752099473,0.269807083757682,0.05891385780844982,-0.007695424498495332,0.3902777777777778,219.93378641494823,1.0
15.241093,63,631.905082,0.2836784279752129,0.027290856942847573,0.06505144560592019,0.2657550522840713,-0.017084298238399995,-0.0011377930509945456,0.421957671957672,218.4471371477897,1.0
14.241752,59,632.050563,0.2703823447582037,0.022577131095077318,0.05530150940182056,0.28145699839749655,0.01725199856868051,-0.02353146628399568,0.39265536723163846,212.4627497514914,1.0
12.966512,61,632.198746,0.27905236834382746,0.04012782361199362,0.07337076819389765,0.2701843290088496,0.021169945157211274,-0.011377989409523396,0.3852459016393442,215.07105623773126,1.0
14.04139,62,632.356472,0.2786687090943752,0.02950904367712422,0.0840527456733716,0.2788384577912828,0.011146800085107203,-0.019592008465616033,0.4153225806451613,215.5785935253708,1.0
13.687837,76,632.571659,0.3203202238527101,0.031402231012527336,0.07364992727361597,0.22537501475850497,0.010275147725672557,-0.022586439058923637,0.4265350877192982,220.97879795672188,1.0
12.939679,58,632.71367,0.2699354357027243,0.022219042329009196,0.09487757291642113,0.28906560226453865,0.0070173125981532565,-0.01563588547567466,0.42241379310344823,219.380701520977,1.0
13.303324,59,632.860994,0.2712400833484502,0.04315957301654614,0.07594333180616163,0.28323731474592984,0.022048533268149314,-0.02438660273219509,0.4081920903954802,216.60153468763238,1.0
15.03745,69,633.027761,0.30348707173537026,0.034721821491635774,0.06258004759475448,0.24021898866252342,-0.028153467308410167,-0.008173691830409911,0.4239130434782608,224.55617801760647,1.0
14.038142,65,633.224162,0.28358638296712047,0.04032931695756475,0.06854799116757332,0.2661557077020187,0.024374963981285164,-0.01569274891117719,0.4141025641025641,216.10919593434534,1.0
11.046181,53,633.366997,0.26251068269001804,0.05432199250882493,0.07654799008822126,0.296515791756834,0.04050441201844213,-0.0012357900476163675,0.36477987421383645,215.5768432991946,1.0
13.629733,67,633.53521,0.3019636378216823,0.043110977790643386,0.0840753794252656,0.23608042899128523,-0.029375786680380808,-0.005492454698769236,0.41915422885572134,213.79672265080976,1.0
11.668772,63,633.690056,0.2834901904061622,0.062054562776555536,0.08908797543583503,0.26690539426390203,0.03567942629118997,-0.018500564328160315,0.4100529100529101,224.28719059826588,1.0
14.40277,60,633.861581,0.27766266389782424,0.02255442003983474,0.07823101880269087,0.2710521902691126,-0.014115509006523329,-0.013053530073680219,0.39444444444444454,213.04744512098426,1.0
14.140106,62,634.01702,0.278559530960837,0.02815217147842538,0.06345556735935691,0.27464286109119934,0.016779380779886804,-0.011689230418926843,0.41129032258064513,212.8120412079643,1.0
13.524789,79,634.202276,0.33379407300120995,0.04216875523060121,0.06882106110220694,0.20251806753459917,-0.030478254224741562,-0.02148299069955871,0.4324894514767933,225.41140013304926,1.0
12.116478,57,634.343236,0.26590385324276855,0.044734684895297076,0.07234966923621508,0.2879860427752666,0.03339823197255129,-0.016263951682173938,0.3961988304093567,217.73163882593022,1.0
14.763898,61,634.5226,0.28078794656387085,0.034578565508906804,0.06997338325463387,0.26560928929654337,-0.02383648206787042,-0.007664781710654395,0.4166666666666665,219.08506453336148,1.0
13.673791,63,634.683775,0.28989597955578367,0.05737949691981914,0.05979662020372855,0.25194922246559825,-0.04011325305188098,-0.01629267890749373,0.42063492063492064,219.89440821541788,1.0
11.536416,58,634.826421,0.2665655998434217,0.05868384333892862,0.07355312830985578,0.2871723535810659,0.0476195771202863,-0.010144095864118616,0.40086206896551724,216.9176940321358,1.0
13.820045,58,634.967666,0.27403189495548214,0.020149896644240366,0.07981771971885364,0.2843066167816996,0.004055773611817932,0.012228855563760662,0.4152298850574713,218.27925959067574,1.0
9.829458,65,635.153812,0.2958187262989203,0.07486873107470915,0.0640880474324553,0.24652605360297652,0.0556450749202852,0.011392104064664082,0.4025641025641025,218.10388634702235,1.0
13.083169,56,635.290992,0.26453983291230376,0.041148954608026075,0.055237893495494066,0.2914275791817212,0.031157188031998073,-0.0062540766445580275,0.42113095238095244,214.96386593309916,1.0
8.834749,60,635.443816,0.2750804414384738,0.08655835991984638,0.07863222191774731,0.2705396175303531,0.06714367620682984,0.003723028864584288,0.40416666666666656,220.9407509212357,1.0
13.779552,59,635.586319,0.2709301578597679,0.02759634350191507,0.06009467704877827,0.2864353265024752,0.019036113236874177,-0.013443381240299193,0.41384180790960445,215.5309771143858,1.0
12.787919,62,635.748744,0.2832022201482669,0.04387204016275846,0.07049110167935711,0.26346875420399607,0.02936591210003284,0.01690959860224161,0.4059139784946237,215.3065439457635,1.0
13.797347,59,635.916569,0.27202303731913474,0.035328122380261125,0.06654004966676338,0.2831726928272334,0.01842117391400024,0.008342260050332877,0.4152542372881356,220.95575118037658,1.0
13.718308,59,636.061978,0.2709843843131268,0.041004976853751915,0.054848160583715624,0.28544486208093717,0.026827775807271304,-0.0006174057255878559,0.3898305084745763,219.90393345545627,1.0
10.455133,75,636.256089,0.33945598065936555,0.06881035744971095,0.08051526950029182,0.1933793250745361,-0.0569244914309728,0.000753469791822298,0.4211111111111112,243.20539573658792,1.0
13.965815,59,636.406146,0.2757742269292546,0.02073860423113881,0.06788690809345194,0.2726637449964231,-0.004187391128000713,-0.029678511748039996,0.423728813559322,214.06613423183933,1.0
12.414539,56,636.560452,0.2631233913964826,0.050988177544610054,0.057081026621688256,0.30095491034125166,0.04017728558643326,0.013552879966300568,0.3988095238095238,220.18998919068272,1.0
12.361066,66,636.729362,0.2909319073401223,0.037653020084479155,0.08513603348140651,0.2549947466784277,0.024579825258513956,-0.02171698827899225,0.417929292929293,216.20659144992533,1.0
13.486385,55,636.863008,0.2658162537961022,0.016715641112409224,0.09290065592970634,0.2917145011389443,0.0016936367368292438,0.0013610427667924984,0.41060606060606064,218.18357170455315,1.0
14.804824,63,637.012545,0.2841290568860433,0.042657498646958884,0.07130735622238356,0.265093417727569,-0.027499808527935248,-0.0002923305350357697,0.41931216931216914,222.33604396167027,1.0
13.024306,64,637.182976,0.2924373635351128,0.06306749855809965,0.0976372911776586,0.2528327006759182,-0.04835072697136386,0.01079479417240802,0.4257812500000001,221.72027557638881,1.0
14.418648,56,637.319986,0.26745391119414275,0.03090857300253694,0.06915280931649417,0.2890797616784528,-0.019623848499481393,0.00800390096304895,0.4285714285714285,214.56609224457227,1.0
14.304489,67,637.484443,0.2937916612979108,0.01927861285731965,0.06249878086398569,0.2532901892734059,0.0013646093625268394,0.017116536951898985,0.43159203980099503,215.38806308244747,1.0
14.302652,56,637.621318,0.2637824640205937,0.012996356299015684,0.07361097961819624,0.29842630143022675,-0.0007172896294829865,0.020140058826608357,0.4092261904761905,221.27100008242283,1.0
14.738608,59,637.793826,0.27171708736869143,0.013894771977764994,0.07317040044132879,0.2783947063758068,0.002970725936378527,0.014462104845171377,0.42514124293785305,216.91030739739193,1.0
13.792603,57,637.932681,0.27375920193444986,0.019686202489739704,0.058551213589439224,0.2730006558654606,0.00919424057914762,0.014917186345069743,0.41081871345029236,210.69333372101988,1.0
13.701335,65,638.095699,0.28667388862987125,0.02591965016336787,0.07541357919130344,0.2575505123963868,0.02005521383116488,0.016628070859234092,0.4166666666666666,214.99985806560196,1.0
13.749068,62,638.249725,0.2788074086501178,0.03966672812830676,0.06472184739689417,0.2748482650713644,0.017463503842246104,-0.01320174206276238,0.42741935483870963,225.32526305642895,1.0
14.886953,69,638.438853,0.3050323774920354,0.04161352576275716,0.06382776257986543,0.2390806421757989,-0.031257909588039964,0.007900877768492746,0.4251207729468598,227.11464674074665,1.0
11.83667,58,638.590954,0.2702827393911675,0.04189142112118815,0.08028984452455593,0.27948202980290243,0.03393475251368212,0.01806060514786148,0.4066091954022989,219.64439691005845,1.0
13.51912,56,638.734831,0.26460186805151553,0.02445919242498793,0.06700607794699232,0.2918057194787007,0.011017378431953303,0.006837995834619577,0.40476190476190477,215.49424920093801,1.0
14.693947,60,638.882043,0.2752395665337909,0.020822362382270695,0.07369613457848213,0.2769690735779519,0.0032552219063431078,0.007558499329936447,0.4208333333333333,223.85956592666318,1.0
13.916892,59,639.026964,0.2727188039622235,0.027113238543644433,0.05601742099851472,0.2787928265347248,0.015993579023818996,0.006431487457613062,0.4152542372881356,212.7699608186185,1.0
13.484039,61,639.191005,0.2839669049549574,0.026813753414919254,0.0925267189731904,0.26618399880380933,3.8133916486128126e-06,-0.0038639453595604267,0.42349726775956265,222.7037696036587,1.0
8.245646,61,639.340566,0.2827952459837413,0.08189176130178102,0.09260121618766848,0.26382241355259684,0.056643085967743555,-0.01011748691893114,0.40437158469945345,223.1162500120194,1.0
13.245936,59,639.486832,0.268810221218466,0.03918044471597617,0.05903279223584146,0.2846965870268433,0.029727292036440586,0.00216895353867683,0.42372881355932196,212.99501115385445,1.0
13.56227,74,639.669463,0.3171466528121659,0.024925439283594267,0.08141359630506412,0.22256217163767447,-0.0074645138002418145,-0.02026768237698312,0.42342342342342343,217.27379307098414,1.0
13.646764,55,639.820623,0.2623804937337258,0.020632116469668792,0.07698636064408051,0.30252000041971583,0.0058487230259708185,-0.009499754335464636,0.4075757575757577,214.0885129279917,1.0
14.639999,64,639.975981,0.28425177967449566,0.016313583274140456,0.07098014496728718,0.2684726054745783,-0.0014352205628965404,-0.015835592725971452,0.4322916666666666,216.5909550911905,1.0
14.567035,64,640.130373,0.2825598474506739,0.024985943606742736,0.09018767003715124,0.27145854422856286,-0.005932512429574235,-0.011764971717881644,0.39713541666666663,228.07922864855118,1.0
12.590673,58,640.267667,0.2694764185352957,0.047211307512767614,0.07020666170797284,0.28415014602457017,0.031484772516975255,-0.005594241534283791,0.396551724137931,217.3694258815821,1.0
10.765383,55,640.416401,0.2603013746156793,0.05842910979737995,0.0714078767181624,0.2990547152365229,0.04863027310562433,0.000918645226656941,0.4060606060606061,219.4672305285885,1.0
13.690476,66,640.566278,0.29491184292664224,0.01939866588826614,0.09976973491191858,0.2505922902211948,-0.007119870908528209,-0.027718739178341754,0.40909090909090906,215.50184829044846,1.0
15.048158,62,640.719783,0.27760090096731455,0.012883713385347089,0.07896189299616015,0.28328552907490173,-0.00718084360795315,-0.03139309350898389,0.38575268817204295,217.75388645973692,1.0
12.300726,61,640.872101,0.27737897154203334,0.048662598135125024,0.09382412193332648,0.27726748434603204,0.03364280196683943,-0.031666081424318114,0.4098360655737705,215.61295828293615,1.0
14.755568,59,641.046408,0.270447631263212,0.0144585227177896,0.06692489070573102,0.28578263736176646,0.006225401347501269,-0.011442938613182175,0.3940677966101695,219.955325817917,1.0
11.951732,60,641.196707,0.27270158004178097,0.05310435600974437,0.07752849857162498,0.2804755393484218,0.038492140579971454,-0.027145937322976203,0.38749999999999996,215.86446370358638,1.0
7.721919,58,641.343834,0.3051563451366983,0.09666721545759217,0.09632737048116724,0.22980715634482546,-0.08109994684229582,-0.033143745739883886,0.3893678160919542,239.81210207152697,1.0
13.891665,61,641.496128,0.2752557908929801,0.03117261778251713,0.06417030095235386,0.27548249890826715,0.0205981961802873,-0.012466034666064019,0.40300546448087426,214.87627730010757,1.0
14.413948,70,641.680622,0.29955861169326303,0.027100679847452402,0.0772901585886652,0.2467825676332516,0.003072875096025003,-0.014050557754665044,0.40476190476190477,215.2220990565881,1.0
13.826817,59,641.838174,0.26968349226343913,0.032488488577414834,0.0821337857107498,0.2894239197177357,0.008294987216303115,-0.023021571071920807,0.37429378531073443,218.07596144490068,1.0
10.842222,68,642.013613,0.3148359567490115,0.07364975689843901,0.10358341447871224,0.2222194861623836,-0.06013776043441334,-0.0347599833874818,0.3982843137254901,224.5467498013986,1.0
12.58031,54,642.145511,0.2655463812716413,0.02263041170555893,0.08840179200559065,0.3135588771783372,0.005380403199297556,-0.02377957351132184,0.3750000000000001,226.18813040208747,1.0
10.452573,54,642.277668,0.26196036061250166,0.04627964435459878,0.1167662621656254,0.30620616765944864,0.03670390011375609,-0.024923136640147666,0.37808641975308643,222.66339794364782,1.0
10.817648,76,642.486049,0.31839667116381326,0.055342879914113866,0.11741733304692657,0.2295346143480089,0.011880959878814653,-0.036648382511515205,0.4035087719298246,222.64895989201074,1.0
14.726635,62,642.63968,0.27656572092207815,0.01619535671904019,0.06978778330903883,0.27571325350996917,0.006745233214488983,-0.01686450708409152,0.3951612903225806,212.7618617352809,1.0
9.805732,62,642.793732,0.3021563329799205,0.0942143701586415,0.08374604372738313,0.23431834303231314,-0.07375863539085009,-0.029062821754563522,0.3924731182795699,228.39261596886158,1.0
13.756964,59,642.946777,0.27056782997927187,0.022255049768851887,0.08621845119138287,0.29434681072887897,0.00748078831344241,-0.011130469082995096,0.3855932203389832,226.65867026532757,1.0
14.469767,69,643.565417,0.29944776041292953,0.043373025925158064,0.08383591102992995,0.25148665334393855,-0.033293017065579335,-0.034848404529654715,0.3852657004830918,217.52362367011662,1.0
14.136752,62,643.720975,0.28199575995670106,0.02754186101757373,0.09660102724904897,0.27010159507672576,-0.016271024921355133,-0.01022497390841983,0.3615591397849462,221.34353198450987,1.0
14.776466,68,643.887215,0.2942115785290429,0.03204218066082771,0.08033468222018546,0.25630040241391655,-0.023900998332406168,-0.03095664677118731,0.4044117647058822,217.36215398756184,1.0
12.909248,58,644.035102,0.2725234223791098,0.04131123422930765,0.07547640323196746,0.2881128792587669,0.026090670397473138,-0.01722285235223132,0.3721264367816092,214.60339686400255,1.0
12.936719,63,644.204874,0.28370539036547515,0.031333295328878095,0.10139367625828859,0.26760261848499967,0.0077864410236695835,-0.04484149472459857,0.3862433862433862,213.6495756535205,1.0
13.000969,61,644.362888,0.27623812501958556,0.03275145489839636,0.10139289130354838,0.28299401959083703,0.018668390727304043,-0.03265207966639948,0.35928961748633886,214.26161120557123,1.0
12.012778,69,644.529378,0.3118487476672588,0.06360831997455267,0.09780358905228434,0.22791836859404763,-0.0519230035564208,-0.02930811817380286,0.39130434782608703,228.52581755098453,1.0
14.040073,65,644.690518,0.2869258532516632,0.020719000425843143,0.09603790604360672,0.2675149226279445,-0.009600614240768518,-0.042313370827640015,0.3897435897435897,216.38479214213072,1.0
11.446148,65,644.86812,0.2985365203190909,0.07038123947720532,0.11757477965522627,0.2474023732948395,-0.060233207422943025,-0.037224292303152315,0.3641025641025642,233.8473630517092,1.0
12.984155,65,645.023041,0.2853080076622663,0.02576016102630438,0.11152589617411211,0.2728211382649664,-0.0003033301630744672,-0.0595080744931798,0.3833333333333334,216.75729765917927,1.0
11.855394,60,645.165897,0.2748706116257711,0.05145425138826215,0.1154335190371039,0.29540269236208444,0.012462751652771463,-0.04192417975457371,0.37083333333333346,230.78306383168152,1.0
12.599249,57,645.302789,0.270732148594537,0.037431709553163106,0.08488363773004148,0.29637933087287394,0.014251961633917846,-0.04156439306431134,0.37865497076023397,215.6030213083988,1.0
13.582567,70,645.492798,0.2991467571572188,0.022698738513877024,0.09252963043227368,0.24734311187898247,-0.0010151013529883608,-0.04413576113345293,0.3714285714285714,211.1609002170388,1.0
12.964036,64,645.655538,0.28213474090709545,0.02331559774374808,0.12725301291340743,0.27487234453015963,0.0012801418321274549,-0.03644438384861013,0.3567708333333333,217.13594620945702,1.0
12.782648,74,645.833336,0.3135883645099664,0.049203235462926764,0.11725048717921766,0.2328042887568721,-0.042216632069229106,-0.04836418252286754,0.3851351351351349,236.33878283770537,1.0
13.463887,58,645.970303,0.27629823700193756,0.017355789777743085,0.08647462364834424,0.2973742767362378,-0.005348541961384561,-0.04977764402785739,0.35919540229885055,229.46499131160525,1.0
13.073937,62,646.136274,0.28185193761084787,0.038660732170981586,0.11981466562894841,0.28524616314228135,-0.03468679245811402,-0.050765145171289154,0.36155913978494625,232.08175589349645,1.0
13.652706,62,646.284445,0.2801447148841693,0.04371654482750911,0.09697972777839728,0.2717154601764651,-0.03930483321657156,-0.04554553522133328,0.3991935483870968,218.93109529910126,1.0
12.450088,56,646.426826,0.27144852226170996,0.015877391478782407,0.10800700711284107,0.30862115591848693,0.007417552070799574,-0.03880690206008637,0.3363095238095237,225.74352640700894,1.0
12.653064,62,646.579345,0.2819574409044386,0.021980431000507287,0.11597171227496367,0.27355217681658134,-0.014396841706813627,-0.03963506270632763,0.3682795698924732,212.6489718493426,1.0
14.337274,68,646.772497,0.29392976090031625,0.023361835929621055,0.10521031282700376,0.25542624072523035,-0.01949186127707319,-0.041952884951474874,0.3786764705882353,214.4257782189433,1.0
13.104583,63,646.927683,0.2830691377613986,0.024768349874128907,0.08684409051864073,0.27061547205407854,0.014985160622902305,-0.025810385911565693,0.37037037037037046,214.0920514391152,1.0
14.412254,63,647.091163,0.2800877426626368,0.015001957288814819,0.08321891336720949,0.27458116685533784,-0.0030478473834245953,-0.0357354401682346,0.376984126984127,212.59400679313822,1.0
12.792866,60,647.242129,0.28210686413240255,0.049807384376747324,0.10951734275177698,0.2755737501381264,-0.044344941774857885,-0.0468291015836255,0.3597222222222222,223.2304061156813,1.0
10.989281,58,647.41253,0.2745818594871191,0.049837449989138145,0.10646602349300145,0.30036443839426635,0.030164767154022165,-0.030467531401360305,0.3405172413793103,223.35534516042765,1.0
9.810256,57,647.556622,0.2716357055536278,0.07090665938007881,0.09084899749021737,0.2872141121416562,0.05161854808344436,-0.009809374374616563,0.3377192982456139,224.2198382494847,1.0
12.794888,60,647.703512,0.27394641983230034,0.032259003283099705,0.10418093753840144,0.2889509102331862,0.011807238044383358,-0.012275490330975782,0.35277777777777786,221.59629223457256,1.0
12.825936,63,647.862595,0.28148341467901883,0.03597629958577396,0.0889206325558274,0.2748062091142813,0.015942966258410428,-0.04714678501259973,0.37037037037037024,219.02120145952486,1.0
12.5482,66,648.046351,0.29212109520939683,0.030354636032565472,0.12008348981411217,0.25931156136725836,-0.010829401421874395,-0.05604071336111375,0.3775252525252523,220.81159886242676,1.0
9.333194,74,648.22437,0.3284896953547255,0.08233279560466232,0.11869583093315902,0.20687160184744285,-0.06591392975221992,-0.024587794751750464,0.3806306306306306,227.4744980273012,1.0
14.146635,70,648.400784,0.3001586994821453,0.03263275244082697,0.09093623096844937,0.24695517112503554,-0.026145825960714613,-0.028039635925040128,0.3654761904761906,214.52493260020498,1.0
14.014513,65,648.551528,0.28361956520483333,0.04039109861844117,0.10798461941338992,0.270579456701039,-0.03345340775381928,-0.027843807683823472,0.3923076923076922,216.0613721954652,1.0
13.452819,58,648.703109,0.2712759767973879,0.02487291419181976,0.08110869851609175,0.2909306523837032,0.01177039639381853,-0.03239132118223468,0.3462643678160919,218.09058189166691,1.0
14.011967,62,648.847388,0.2774950658148854,0.018336885350441305,0.08484998681196829,0.27835864125796406,0.0009969323423186453,-0.0265528905549954,0.36693548387096775,215.84943835747535,1.0
13.912056,64,649.007618,0.2835499858199445,0.037286841163139066,0.10406559321886141,0.2722253381691902,-0.028852148980690977,-0.035542454399473775,0.35546874999999983,223.38139431462398,1.0
6.937576,65,649.164155,0.3218844419247994,0.11493296690645381,0.08697246184307593,0.21319157412368672,-0.0934583676714519,-0.04093939318142237,0.3461538461538462,239.07345113991977,1.0
13.907091,65,649.34573,0.28905375807803485,0.04011851576875206,0.10483982811243371,0.2596323676954863,-0.03505780490700886,-0.01741209578209108,0.38589743589743575,217.73485090133863,1.0
14.4045,65,649.506966,0.2876429606063674,0.02241015100272398,0.09561194662979526,0.26447836231947347,-0.015485681938928757,-0.037518990663888974,0.3717948717948719,216.5845835069141,1.0
10.064476,68,649.667108,0.3055031549327658,0.08902638309818546,0.12630121560821084,0.2396427557730344,-0.0722862025500902,-0.05136167251686052,0.38725490196078427,235.17055126468753,1.0
11.766526,61,649.813041,0.28592135492832,0.0831329493003431,0.08743410727004894,0.25540719887519947,-0.06600407244944508,-0.0033841831478315116,0.3797814207650273,213.98186909473174,1.0
13.776602,63,649.996049,0.2832791514183473,0.028285415093377734,0.1053115985614397,0.2744403530333133,-0.020413735080832093,-0.027751053569690716,0.38227513227513227,221.69883640742037,1.0
14.055207,60,650.149905,0.27315452394936707,0.01420846649810056,0.0902278852876156,0.28122239006843447,-0.005476976694520686,-0.016170252924514364,0.36388888888888893,209.431507123331,1.0
14.369925,60,650.2974,0.27344750096418413,0.028383501566308797,0.08106215042107434,0.2851801035810776,-0.0223744216102473,-0.009898149282767018,0.37361111111111106,215.2887860665409,1.0
14.408107,68,650.462782,0.295698175281457,0.017669966322090083,0.07785915487374341,0.25501137883277136,-0.008161336807522722,-0.01469763859526109,0.37745098039215697,211.12324350273838,1.0
13.944437,61,650.639963,0.27310827579546276,0.01450956878675269,0.07530875822857007,0.27997183600493347,0.010749175683640647,-0.03885842806177702,0.36885245901639346,212.58323829417378,1.0
13.996573,61,650.791149,0.27552229754992125,0.024044780533660205,0.08089814068717452,0.2803364851167192,-0.003864262260211322,-0.016016043636629933,0.3825136612021859,219.13123027222352,1.0
13.981316,68,650.955556,0.2941973145949582,0.038665725749809185,0.09725863008213545,0.2556482446644379,-0.033018417277211096,-0.03999587538433789,0.38235294117647056,224.7044945049854,1.0
14.336478,61,651.104889,0.26905930625998253,0.021450787116292416,0.09127913221931325,0.29212567908191617,0.0012086342538879433,-0.012696586632748636,0.3565573770491802,216.25610967216528,1.0
12.375924,67,651.289772,0.29884971047536957,0.03906602460690822,0.11602552109753946,0.24470658219959343,-0.03105334570441025,-0.02071873814933533,0.400497512437811,217.0944408356089,1.0
14.465458,65,651.447151,0.2868276112743,0.02737035496016244,0.08107126992313812,0.2648687554145166,-0.020050961924992457,-0.021696179147052307,0.3820512820512819,214.6813825404436,1.0
14.751755,66,651.605245,0.28629145622018554,0.020386184718400834,0.07800458296502134,0.26511174915492614,0.0022759272888786776,-0.023447746126850546,0.3888888888888889,216.8812646587335,1.0
14.056179,63,651.752877,0.28369281662906304,0.049057373001971515,0.08392459571825171,0.26621005679208426,-0.039976105432487925,-0.034159022236566534,0.3915343915343917,218.03757086519047,1.0
14.515893,70,651.947111,0.3008771950325294,0.026560239704052826,0.08225203422166073,0.24529891816413613,-0.01986199987990706,-0.029103833061086132,0.39047619047619053,215.9457537733725,1.0
13.761583,59,652.089031,0.27010950717396554,0.043065032987376774,0.09233853269962472,0.28570876809620166,-0.029187470950857927,0.004360081171756568,0.39548022598870053,212.0717902872852,1.0
9.65555,58,652.233831,0.2886025568784038,0.09224604172776243,0.09991894026099037,0.2557243215382026,-0.07956249985525764,-0.02826340148550853,0.38074712643678166,245.0656660884952,1.0
14.155747,67,652.3959,0.29130974841000173,0.024179766192321362,0.08122498298642634,0.26105435114807035,-0.008253320989734712,-0.013210399403403916,0.37810945273631846,219.83437579177885,1.0
13.330514,59,652.559293,0.2723020863650551,0.021575815418096847,0.07333916431709817,0.2820080868617029,0.01734730075202504,-0.001312081849162499,0.4025423728813559,215.83211938240132,1.0
13.693851,55,652.690917,0.2613545948381266,0.014045408652374311,0.08265754904412272,0.3055241302575502,-0.0024487684370109587,-0.0014145603504006864,0.37575757575757573,218.92581951702599,1.0
14.360969,60,652.834412,0.26824507269388764,0.013681967029383419,0.08653608476539021,0.294612270608747,0.0017072747049676688,-0.028353181025849265,0.3888888888888889,214.85153315694865,1.0
11.399069,56,652.973709,0.2649151030784691,0.058097051911224364,0.06474422945160972,0.2933092339897591,0.04159004880344684,-0.003621838081245805,0.3705357142857144,217.57896365586024,1.0
11.949138,62,653.152343,0.2846353469535836,0.09021787774041948,0.07319697004831006,0.26020944035043425,-0.06503560271601899,-0.03698032747776102,0.42338709677419345,224.56815418605765,1.0
14.42572,62,653.31596,0.2790911597874852,0.011863384973531219,0.0763165666913245,0.27425959704187064,-0.0018063810488214975,-0.011371829543394775,0.4166666666666667,214.66815151486648,1.0
13.991645,59,653.462414,0.2709072023352331,0.02009405611915321,0.07340370022363253,0.28304054227128245,-0.0019177238356090595,-0.022802617414123923,0.38983050847457634,220.30667398562548,1.0
13.942118,57,653.603882,0.26477628810001114,0.013898764810024118,0.07905321002403566,0.29797225960301443,-0.009561653067922931,-0.03693460583794759,0.412280701754386,216.36218207951066,1.0
11.304032,55,653.739558,0.2721255243389437,0.08524583555184397,0.08826749297875121,0.2824347346479409,-0.0647498273288471,-0.03614610904258957,0.39393939393939376,224.28078820858704,1.0
13.251423,58,653.909845,0.2655826932155954,0.03151460925830609,0.06408074576822484,0.2948144244407918,0.02583814214359924,0.0029708704521899092,0.37356321839080464,213.69648504726203,1.0
13.15497,56,654.047894,0.2608333308340463,0.03593663467576617,0.08921774180835894,0.299674647043492,-0.015430800234055209,-0.013366728319326551,0.38839285714285715,215.66424145049618,1.0
12.297295,62,654.19857,0.27501681721538124,0.03867102709266414,0.06823864702314565,0.27536187548341684,0.033896839796293675,-0.00791205660264669,0.37768817204301075,219.59100744909858,1.0
13.248755,60,654.345988,0.2760850244936089,0.026397018783825575,0.08362479040952088,0.2791433394444022,0.006061335758217943,-0.028023514352815537,0.3944444444444445,221.56341984488876,1.0
