#{"t_start": 1785490810.5293012, "env_id": "Go2Locomotion-v0"}
r,l,t,episode_vx_rmse,episode_vy_rmse,episode_yaw_rmse,episode_mean_vx,episode_mean_vy,episode_mean_yaw_rate,episode_action_saturation,episode_torque_sq,termination_code
-80.004628,1000,8.469183,0.501507864851165,0.020325647335016146,0.08534853432300334,-0.0009283669077013067,0.00022307653921896915,-0.00045735319465383935,0.0,174.27327966373394,0.0
-72.733653,1000,10.965868,0.5008767932764587,0.0227110235723345,0.07887043077696201,-0.00015235466727519376,-0.000798998779544224,0.0004665256248702471,0.0,159.44203848482442,0.0
-68.859127,1000,13.501549,0.49914497562802546,0.022018183421536087,0.07684930477512072,0.0014491889578039712,-6.0991846008851454e-05,-0.0009095829680094512,0.0,151.6951607635298,0.0
-66.758849,1000,15.984884,0.4979008266624009,0.020507579035012206,0.07399662725751398,0.0026098796503556004,-0.00085037158575867,-0.00010175270743260734,0.0,153.2403994994104,0.0
-52.303861,1000,18.484534,0.4934354604567785,0.01879130364501936,0.0666995832276764,0.007092254985965531,-0.0007461394298308242,-6.412821371222855e-06,0.00025,164.35203773015488,0.0
-30.35522,585,19.914407,0.4828513969026781,0.019828814283620964,0.0683242902081796,0.018259340813363563,-0.0042176479011285396,0.000539396357992738,0.001282051282051282,191.1923671934385,1.0
-18.80842,397,20.92287,0.4756295483375084,0.01823278565999589,0.07022768792126545,0.026104553521994003,-0.005453973126984343,0.00030929961863504886,0.003778337531486145,196.82378669930145,1.0
-9.665404,203,21.431946,0.45497610132108807,0.019735897124459195,0.06561656724365733,0.0486624332497189,-0.003807730071734515,-0.0032080182467120353,0.0049261083743842365,211.32179068779448,1.0
-15.95126,313,22.219002,0.4710460230539711,0.020788533263399786,0.06704517546298261,0.03131641501078482,-0.007024530888083582,0.0017789816385599903,0.010649627263045797,206.89038714563426,1.0
-7.366306,113,22.497734,0.42870276058474355,0.017624462417495133,0.07231574894160726,0.07659243191968242,-0.00704543200693736,-0.0046405179139441585,0.014011799410029497,206.99874003878043,1.0
-12.390429,198,22.995889,0.4603107253137302,0.019694890967338424,0.06679855638667362,0.04244403564572752,-0.01119051629206301,-0.010343073007542912,0.013888888888888892,203.5588774399838,1.0
-12.902709,239,23.606351,0.46523019732904647,0.020721719762839933,0.06332387703423499,0.03823621862312896,-0.007438071459342102,-0.0077192656485803495,0.023012552301255214,206.00063376670047,1.0
-7.677684,135,23.962387,0.43881347998025494,0.025980770246475406,0.06231904840331714,0.06731872910694772,-0.007761132492904433,0.005787648668863432,0.02654320987654322,217.46301741890537,1.0
-13.115069,243,24.579443,0.4646184796259443,0.01683332241314071,0.07106662022225547,0.03840834514784589,-0.004156341513448345,0.006822998018860791,0.029149519890260604,202.5650395838745,1.0
-9.010491,104,24.837721,0.43447338057630264,0.019302788674966088,0.04989964661748132,0.07119559740681211,-0.01066336948440345,-0.003174287112231321,0.03846153846153848,206.0229903740416,1.0
-10.163576,139,25.181387,0.4491846915147555,0.022286653918012232,0.05437311124543937,0.05565237247473945,-0.015424271001747819,0.0022620312397226834,0.03717026378896881,210.99369972001028,1.0
-3.162523,49,25.314155,0.33322754660070936,0.022587607868387566,0.1256725290438846,0.17982926592937898,-0.007122407361296633,-0.03790424463641277,0.040816326530612235,199.4049375342614,1.0
-8.491418,120,25.618648,0.43478029572500554,0.028882312340140773,0.06827600990730859,0.0717047716948359,-0.016332646074510824,0.00019142415538844776,0.04513888888888889,209.93961707088727,1.0
-10.406857,136,25.976467,0.444980115914999,0.03135564267216907,0.06964896980370525,0.061034896290177505,-0.0126746870090481,0.002075483120725648,0.0386029411764706,216.6757825718548,1.0
-11.923009,143,26.317658,0.4511451101774129,0.02246873359742583,0.06278230489668173,0.053748398045563694,-0.014631495121612607,-0.004422723271465875,0.05419580419580416,208.5319244519578,1.0
-7.878135,120,26.630499,0.4354488276029317,0.01811712237172966,0.08040942462316962,0.07202468242682687,-0.007474329155182844,0.006003125969451702,0.04861111111111109,212.6657408231907,1.0
-10.127684,150,26.998879,0.44912457527110816,0.020394180946326276,0.07514810854198926,0.05502741988786339,-0.015441113177749329,-0.015117687771981166,0.05277777777777776,210.07188141886257,1.0
-7.537364,99,27.263834,0.42299779721100783,0.024002327177078318,0.07802619903512224,0.08335144446125592,-0.018402270073406165,0.001424540307428846,0.07154882154882149,210.9068700139632,1.0
-10.051312,141,27.622197,0.4487637110781303,0.027735010801216833,0.06986372988374256,0.05602426259699936,-0.019549379307681546,-0.005507275928458026,0.07446808510638298,214.86965376820206,1.0
-8.49922,52,27.748849,0.36791007513617086,0.04618748758700052,0.13001808059362402,0.14494067954181078,-0.030201932163289504,-0.031877467911765454,0.06410256410256412,202.82412454895717,1.0
-11.917076,160,28.286752,0.45702802938275894,0.02046308819893683,0.05885876058674772,0.048106388472081416,-0.006161310089331301,0.0058999498261734454,0.08125000000000002,209.22361168258394,1.0
-10.287365,132,28.631829,0.44613911019050356,0.02957501053672231,0.07708563778167525,0.061048555592386686,-2.6145076585418103e-05,-0.004072357425393096,0.07133838383838384,221.28309639863204,1.0
-8.545835,77,28.816603,0.4067911007713495,0.04560474833965808,0.08020216015421062,0.10063396367500792,-0.03877361015629635,-0.005794694109962635,0.07683982683982679,207.53988098364826,1.0
-8.624147,56,28.950775,0.381698030933669,0.05418522494481817,0.09075593989474372,0.12972196374556075,-0.04325084012837911,-0.011222090701444089,0.08482142857142858,196.07567035927633,1.0
-15.915674,270,29.638339,0.47278649151336616,0.02174940765385267,0.05491267830873785,0.02975406182008527,-0.007662580372053126,-0.0043864253751773495,0.08549382716049377,208.1759185132568,1.0
-9.410813,105,29.908217,0.43285992139489354,0.02557773530459594,0.06827949651918004,0.07383251618102006,-0.011182122555000692,-0.0055397664287247265,0.08015873015873015,210.91919118230595,1.0
-11.604699,65,30.069558,0.4077718379142851,0.05195837199932173,0.10383649816794839,0.10303258904684992,-0.03442075667849158,-0.015976568954537338,0.07435897435897436,207.00291757136745,1.0
-9.89152,134,30.381361,0.44634410673985736,0.02510864899874732,0.06040007674194435,0.060225969210924914,-0.009302011943192566,-0.0029019705635930557,0.09266169154228854,215.1381035966226,1.0
-9.171751,88,30.610159,0.421319028274564,0.02342959821785658,0.08622321974623919,0.08850994127560784,-0.0021069024133425745,-0.007117023496051533,0.08428030303030302,214.21697278272393,1.0
-7.903214,62,30.7627,0.3941626833294264,0.04234204356971578,0.062155889146484955,0.1180414641256174,-0.024763470012981424,-0.009118541011284455,0.06720430107526884,202.47746569066044,1.0
-15.668538,246,31.402392,0.47031600336360047,0.021695983307331124,0.06655385554280627,0.03307457546123338,-0.005571386346073012,-0.0006485694129071552,0.09281842818428186,214.95520781807426,1.0
-8.847717,88,31.621719,0.4235412716940026,0.024337074753661755,0.06829127097470662,0.08520473846913977,-0.015775134858817094,-0.014967025098862734,0.084280303030303,203.14437591524165,1.0
-7.270072,101,31.903193,0.42574421441651294,0.027070253960505462,0.08130880397285076,0.08259341831801932,-0.008839116342061814,-0.014008932598086742,0.09900990099009901,214.1178326683895,1.0
-7.310318,90,32.127095,0.417971218325013,0.036627310802978416,0.07651345638981956,0.0894950887447108,-0.028986554480217846,-0.010280292260825068,0.08518518518518516,205.7826757036832,1.0
-9.021319,118,32.416417,0.4386588018942682,0.0298547315489153,0.07070166423451403,0.06833208506565991,-0.01671774152581633,-0.02280231801999711,0.09180790960451979,211.15533308870226,1.0
-6.616206,58,32.585354,0.37076070722972326,0.049437036039205684,0.10168962799826971,0.14170432423770443,-0.02700482143596597,-0.03350559323401357,0.07040229885057472,209.34026390164303,1.0
-8.154703,78,32.771833,0.40793083402472735,0.02987415357976224,0.08438795209738412,0.10228544616729225,-0.012982339165767293,-0.016140478095465812,0.09081196581196582,212.85448815401833,1.0
-7.702253,50,32.892714,0.36286107102475784,0.0427636726555401,0.08995113586906218,0.15189159492340845,-0.029412947875403366,0.00455780519279184,0.0866666666666667,207.07885694779202,1.0
-6.986601,42,32.999494,0.3387035048877063,0.028044843372296784,0.09436025292486588,0.17855144295453235,-0.02060200475783476,-0.015022647077189881,0.08531746031746035,186.4459350380332,1.0
-8.971186,95,33.267909,0.42132723259511135,0.04225648765353721,0.08102276024763867,0.08646075452299096,-0.0158692793763229,-0.0186189623683738,0.09649122807017543,218.34718413805754,1.0
-8.036371,140,33.616663,0.44104883090292396,0.027367954878294697,0.06637865493769471,0.06559596550916859,-0.01376544591246785,-0.018761295686989622,0.10297619047619053,210.19564515836268,1.0
-8.560299,115,33.922644,0.43148595104323045,0.04681435104352204,0.07065688593234058,0.07607266633237185,-0.01041684054154926,-0.009277809607927729,0.11231884057971014,221.92404555913575,1.0
-7.917171,115,34.221603,0.4342461011606623,0.0402742069425984,0.05921400969153511,0.07243134965412568,-0.01688461122525034,-0.0015942502972958478,0.11521739130434783,221.40267108409554,1.0
-8.994379,136,34.586986,0.4451779192919524,0.028064109434829225,0.06231524582402557,0.06090006409381328,-0.01639967878997775,-0.006297497535542717,0.11151960784313726,212.30995663915442,1.0
-8.052048,53,34.714754,0.36847614851518307,0.06297165803635567,0.09296869469234173,0.1448410938426783,-0.04351253288395345,-0.05100201773493912,0.10062893081761007,201.77748885846793,1.0
-8.734549,84,34.920715,0.4201963224022497,0.035545957096305474,0.07628644007842554,0.08969526402367975,-0.02027184271490054,-0.012891756405772089,0.1359126984126984,209.3328254696801,1.0
-6.129896,59,35.078754,0.3763136079353185,0.0356735778296558,0.06907782402027642,0.13525935755849497,-0.02870059919534524,-0.029760049425735412,0.12429378531073448,204.46170919185195,1.0
-8.599541,110,35.409347,0.4322002893298898,0.028507330798742306,0.07469294106741353,0.07398445820116482,-0.013200288221156913,-0.006704859751948161,0.11818181818181824,211.72014812053632,1.0
-9.939035,77,35.600117,0.41651353433160326,0.035587921217548404,0.08967834485723034,0.093472408197602,-0.012839264042715183,-0.019807981862750953,0.1147186147186147,211.47495702852217,1.0
-7.819384,58,35.740056,0.376458646762992,0.062103103140098447,0.11060968235987229,0.13426757636347933,-0.03929948634666217,-0.010052503614872439,0.09770114942528738,201.05877351484625,1.0
-11.052573,110,36.070898,0.4387152679246128,0.0316456630743222,0.08195780067331297,0.06734490931974338,-0.019636880798896573,-0.01663680288401215,0.11818181818181821,208.70794169737155,1.0
-7.661642,68,36.247316,0.3935617674500186,0.03523378321382843,0.08580008954019484,0.11641201014282128,-0.0192990623385718,-0.014940368199445057,0.11151960784313722,208.99742449515162,1.0
-7.596572,47,36.363994,0.3570609133539325,0.05669892416328021,0.07678953652740032,0.15632355128343833,-0.04603988594045748,-0.0031070916309599134,0.10638297872340426,193.1775931463541,1.0
-6.209719,75,36.589219,0.397174170110269,0.03491282535218474,0.08043582838554499,0.11272346269981999,-0.014792428735525803,-0.019805491862543968,0.11555555555555555,207.68409268925384,1.0
-6.443666,145,36.953281,0.4415056378683411,0.01721911281071561,0.07503815287800586,0.06476705035229743,-0.009314994448561967,-0.02344478285756958,0.1252873563218391,207.1588351743665,1.0
-8.597805,65,37.116578,0.39068702332142785,0.058111947958367,0.07570684569745001,0.1196951532611628,-0.0361631710079432,-0.03359152930800958,0.1358974358974359,216.29500452638777,1.0
-7.485327,97,37.392836,0.4208274148201525,0.029212339224030413,0.08687641408305251,0.08778683845126645,-0.011162051491305922,-0.008134774509083897,0.10567010309278349,211.20440981739407,1.0
-7.670069,50,37.518362,0.359913207132211,0.04144767356069217,0.08759041395794463,0.15303091210016528,-0.0210719494932462,-0.0226724111829782,0.10333333333333333,197.86229308452948,1.0
-7.684745,81,37.718739,0.40681362126390874,0.036106160107607865,0.09757945083756163,0.10196413521638768,-0.013272650549920956,-0.010303111179681987,0.11728395061728397,210.2711901774254,1.0
-5.494375,69,37.915899,0.38404837938443065,0.03421996601467716,0.09101659798453615,0.1247297706615588,-0.025794465215139565,-0.018685202581605928,0.10748792270531402,204.98703137789045,1.0
-6.946342,89,38.139697,0.4151713540028155,0.030001356299718923,0.0743815611006199,0.09290760390766094,-0.015731008319645884,-0.004869809516370451,0.13108614232209742,205.68355570500725,1.0
-7.113586,101,38.399883,0.42091382897474655,0.038138032388068045,0.08435219133395992,0.08611786000847473,-0.01904766596058975,-0.032798616704882176,0.10891089108910892,223.22091051444372,1.0
-6.653059,53,38.530608,0.35848287636373005,0.06180429036265104,0.10403931754761339,0.15243895104032573,-0.0501733117916585,-0.04358949438134454,0.10534591194968557,203.0792815494206,1.0
-6.01525,72,38.766033,0.3921453044459059,0.042018704664895615,0.08547911986339601,0.11865145630153101,-0.021375970512099118,0.005996867393207382,0.12384259259259256,211.56071991078363,1.0
-7.000559,95,39.002554,0.4221095781459886,0.027174833147954835,0.059726415341180394,0.08517498886501766,-0.014338273674693416,-0.012016843378768436,0.10526315789473686,206.5450862550362,1.0
-7.564438,62,39.168152,0.38639414181408677,0.034474476213215206,0.09057577128296834,0.12468228535507475,-0.023003273741308224,-0.003065594280495532,0.11693548387096774,203.41588940859626,1.0
-5.24326,60,39.334479,0.3736352173045273,0.0369966329483382,0.06889009263654432,0.1371968687573096,-0.024683767723783976,-0.03429570962431624,0.12499999999999999,196.96950309687057,1.0
-7.226118,59,39.481557,0.37735000274839114,0.03139611648973351,0.09913010817838319,0.13243518722860134,-0.020187828650447093,-0.024788686859463695,0.12429378531073446,198.8022488602279,1.0
-7.423983,85,39.687287,0.41267878480441816,0.0424756646766849,0.06294530052573952,0.09470611003881786,-0.0315794752960212,-0.008432199668904777,0.12843137254901965,207.50428284018045,1.0
-7.597526,50,39.804509,0.3680388928333103,0.05472690871194741,0.08745016012172503,0.14672738662963647,-0.04039692237886052,-0.03761239244272517,0.13166666666666665,195.95615689328798,1.0
-5.698217,69,40.007049,0.38215588819016044,0.03732003502566701,0.09219870492077134,0.12828879247423056,-0.02213151020609787,-0.03298073499574836,0.12077294685990339,215.9413239982524,1.0
-7.748621,62,40.163222,0.38238072297708936,0.04347613214854231,0.0961660421534919,0.12755600365955944,-0.03225000660951731,-0.033698829965777104,0.12500000000000003,201.32464108989862,1.0
-6.314158,79,40.358428,0.40501569280942834,0.040842006729183776,0.08415124536744324,0.1046348971405125,-0.02643462783301982,-0.027109073435233076,0.12763713080168776,211.9804583318007,1.0
-6.475872,71,40.534845,0.3964803729350804,0.032821256253790156,0.0906877951520555,0.11323282409544808,-0.020491484198485583,-0.032288162512112244,0.11384976525821594,203.61371679064627,1.0
-6.520332,50,40.677341,0.36296899977996844,0.0468717381488999,0.07703476196414914,0.1494724199050305,-0.0395562398505692,-0.02255755823503804,0.12833333333333333,188.21779896315655,1.0
-6.816566,76,40.856302,0.4005737928106887,0.030347072409869832,0.07741305702407995,0.10819959778683867,-0.020567186374394694,0.0020662467057596732,0.12609649122807018,205.7300061632005,1.0
-8.084324,67,41.018309,0.39430734279833085,0.04647757908857879,0.08345195292253672,0.11639597072675663,-0.03103113689329807,-0.01882552317834997,0.13308457711442787,208.46409900577024,1.0
-5.442073,57,41.155602,0.36774884117967277,0.04796433663486065,0.07896756578769316,0.14307950808737932,-0.024658004063191165,-0.003282192681535656,0.13157894736842105,201.93576446485548,1.0
-8.213606,78,41.369864,0.40670691065625975,0.05643509386810552,0.0731118892089331,0.10240336064098829,-0.043877859706682024,-0.022906618068240975,0.1292735042735043,215.54153668036886,1.0
-8.884628,85,41.580505,0.41497237172745594,0.04499861248401907,0.09042555060836474,0.0923863935078632,-0.024475487064760337,-0.004801968690457103,0.11862745098039212,211.97696865542252,1.0
-8.862151,68,41.757145,0.40238387250271623,0.04653395078949753,0.07737088853723727,0.1064715251198558,-0.03288707933911824,-0.024342198459141377,0.10784313725490192,197.06479982429397,1.0
-6.836987,46,41.893764,0.35088515985712665,0.055108967371760194,0.07246486973371025,0.16274498459135672,-0.04355747928077598,-0.0081261813763021,0.12318840579710144,193.02948766177423,1.0
-6.564102,54,42.026717,0.35859145735412845,0.06407090204813276,0.1257519328600921,0.15183808177826685,-0.04729160982147523,-0.055996251018022976,0.11419753086419752,198.19281849693562,1.0
-6.934666,52,42.152172,0.36537160459900575,0.04269387309051968,0.06912596864856557,0.1462081481590784,-0.02882556698523072,-0.009190714821074758,0.1330128205128205,194.1137961596624,1.0
-7.262382,69,42.33229,0.3931621232055428,0.0507059453151239,0.10537786321691898,0.11727489578429981,-0.0328603811557486,-0.017042309803206993,0.11352657004830917,206.8566825691953,1.0
-6.179193,60,42.489488,0.3663705001616005,0.06234969008643052,0.10140561353307823,0.1416229552654657,-0.051797607563926124,-0.012005961604280763,0.1111111111111111,196.61732503315207,1.0
-6.913945,53,42.657046,0.3568596274954705,0.07312954351574928,0.12368022004467204,0.1544700702063626,-0.06359176826676555,-0.05350737641685985,0.1147798742138365,200.14403130610202,1.0
-5.727694,58,42.803806,0.36555271535257683,0.057107112827898675,0.08341686865672,0.14515080676613332,-0.03859863099579887,-0.03313489809135842,0.11637931034482761,203.30627519458753,1.0
-7.659219,70,42.985679,0.3938214866193864,0.0556294765902326,0.09764735539766431,0.11534362915040146,-0.033031773722340216,-0.03558650758698549,0.11904761904761908,211.03512088497772,1.0
-6.070545,52,43.115265,0.35646497745389777,0.07387150512664875,0.07217989006136345,0.15321836458777274,-0.06136417280351355,-0.03294769180156797,0.09935897435897437,190.23075872161095,1.0
-6.242866,47,43.264839,0.34157744123003253,0.07892104138144773,0.07817101816713842,0.17069476905370798,-0.07027682272927457,-0.027778468268563655,0.09929078014184399,196.03400848779603,1.0
-5.357404,40,43.366863,0.3232144460996142,0.06134860084427184,0.09881183926874654,0.193996461951297,-0.05067198017664807,-0.05311787577945952,0.12291666666666665,178.11653685695114,1.0
-3.577671,38,43.470577,0.3054683157481176,0.04763383985354151,0.08019768650528873,0.2165496204300141,-0.036904005296503374,-0.028751476839200284,0.11842105263157893,179.57598848619708,1.0
-4.076576,43,43.58321,0.3276186930027801,0.042578391702151296,0.07843782240243424,0.18703058678356846,-0.03677203880180399,-0.030666717516817703,0.11046511627906977,182.21323370926368,1.0
-3.19947,46,43.705045,0.3218860589636629,0.06055207523683165,0.08217859152774246,0.19155652348461014,-0.04457916306662929,-0.015100270591007573,0.10507246376811595,192.0311643231302,1.0
-6.217317,68,43.874724,0.38293198574162934,0.03955706927985483,0.08951164225980165,0.12620142759447095,-0.027172544306420986,-0.02240001187423396,0.1017156862745098,210.55410236864307,1.0
-3.188323,46,44.098808,0.3205744358278687,0.054637250586844086,0.09820029092165856,0.19466436205915225,-0.042928564288691955,-0.039391002105633156,0.11231884057971013,193.1923691862419,1.0
-5.038784,45,44.21274,0.333672970648154,0.07312465470112788,0.0801063621106412,0.17966961843964174,-0.05035997640133452,-0.029982149115619784,0.0962962962962963,189.88286861073357,1.0
-5.124084,48,44.331662,0.3343904527676775,0.05103595811479386,0.15090882848740356,0.17757104506479449,-0.03875248222463641,-0.0725303625081521,0.09375000000000001,191.05117401014365,1.0
-6.507599,43,44.436691,0.32320286696029765,0.06671758343742916,0.1452071726486038,0.19250498258003965,-0.051140909889827224,-0.060069266066218714,0.0891472868217054,197.71218541992556,1.0
-5.013233,48,44.555074,0.33891990747646417,0.06387235920819324,0.09736097434306769,0.17543473068438534,-0.05089352053011414,-0.04779029232972306,0.12152777777777775,200.75040602842466,1.0
-5.157575,42,44.66431,0.32551340349799635,0.054706881752845285,0.0982668387487407,0.1904680262037033,-0.04512075807750692,-0.018921311429773994,0.08928571428571429,181.7584386782411,1.0
-4.602525,54,44.827412,0.3563645676231116,0.04440168139240333,0.0884960287830865,0.15368389508083607,-0.02626860376483525,-0.014516701359519,0.09722222222222222,192.38903565925563,1.0
-4.431271,49,44.953909,0.3435632794826243,0.04714472100009852,0.08519549337682099,0.1694760431016134,-0.0392831141550548,-0.02403509956754571,0.08843537414965984,193.16889326442748,1.0
-3.138674,48,45.075813,0.3255349644049509,0.05821307254566055,0.08156498140639855,0.18823224560922827,-0.04275874041254265,-0.014691027862990662,0.09722222222222221,200.89073086223604,1.0
-6.423433,73,45.264651,0.38962327709902916,0.03880130899013343,0.11576875969378103,0.11948594764509538,-0.01207255202696125,-0.0346710949865368,0.10730593607305937,210.17242570167582,1.0
-5.286949,50,45.419104,0.3455870066300053,0.06183520352501866,0.08621360278456656,0.1665033225025805,-0.04922199914428324,-0.01044182425677593,0.10499999999999994,195.5323067619719,1.0
-4.62568,50,45.542192,0.3423500797287631,0.04590421341154248,0.08287092108793895,0.17092253441693836,-0.028345032905011048,-0.01759088910088574,0.09833333333333334,200.79366258525476,1.0
-2.112188,43,45.653073,0.3092146036461194,0.042984018785556036,0.08110528701408562,0.20961441078476528,-0.037569290829487595,-0.006685933888718681,0.10852713178294576,188.45840032724593,1.0
-4.723735,59,45.79833,0.3659334392287896,0.05269316707293109,0.07245089781960898,0.14224963904438473,-0.04342874163237721,-0.02794889176647578,0.09463276836158188,194.94861575095504,1.0
-4.207864,58,45.945703,0.3587646556483385,0.05879030857201797,0.09246798024715493,0.15024081493901195,-0.04494453026687242,-0.033468980584727595,0.09195402298850575,201.658823565758,1.0
-5.91463,47,46.089504,0.3428754239409166,0.04539836281982019,0.10895444250572567,0.1697363050950596,-0.03435886165573313,-0.0035718327799484,0.12588652482269502,188.1361845136239,1.0
-2.505744,52,46.220129,0.3353299792032821,0.041098848912456624,0.10145701936407416,0.1770029850824468,-0.02851445687022576,-0.04003737899335388,0.1169871794871795,196.89217040086962,1.0
-5.711808,40,46.320744,0.3182495596126209,0.06677732465234902,0.11212967067489428,0.19966807934052863,-0.056858550667532905,-0.06672206424341212,0.09999999999999998,186.93107699633296,1.0
-4.360123,51,46.447354,0.34575883892292686,0.03668270750792253,0.08175113338840506,0.16587124814744428,-0.024844046635694984,-0.029722680264705384,0.08986928104575163,196.98906676600083,1.0
-4.051174,49,46.566938,0.33872061020025873,0.04954391064488563,0.08308229677523554,0.17546862512142763,-0.03088741738349966,-0.017598029098142395,0.08843537414965988,199.75941170909437,1.0
-2.121014,54,46.733816,0.3383414029692231,0.046511843619425466,0.08508227957802827,0.17377317722271304,-0.03913798718414921,-0.037714068011824226,0.11265432098765435,196.31173349507625,1.0
-3.826078,50,46.853055,0.3411115088996452,0.030539982756269173,0.08543723881024787,0.1711155519658868,-0.025121124257100256,-0.015198316051850918,0.105,189.97378899214485,1.0
-2.502877,48,46.971597,0.3265438479406978,0.0285498028232888,0.09873879636703539,0.18703901553788252,-0.014926670316923728,-0.023354284567977526,0.09374999999999999,191.68227370450424,1.0
-4.466564,40,47.075654,0.30672074008046385,0.04934530629614751,0.13167403066475603,0.21384828056552455,-0.03688822088615716,-0.053274208425272515,0.08541666666666667,187.8598584395972,1.0
-4.153251,43,47.182692,0.32197393553779685,0.03584844759526098,0.09903208322049403,0.1928831421881632,-0.017519702128539955,-0.036612353306118436,0.1027131782945736,190.56896732506945,1.0
-2.994778,45,47.295544,0.31295101276390713,0.04191797723077953,0.11971423346949178,0.20311721063177382,-0.03386213414492245,-0.03865648389143279,0.09074074074074073,189.93926776736552,1.0
-3.033809,43,47.431286,0.3136955597914433,0.048438352307818414,0.08642022846897492,0.20392966680452435,-0.033674871293423,-0.011857446243706988,0.10465116279069765,184.5590139321768,1.0
-2.519066,45,47.548432,0.3194030325169428,0.04014378919555,0.0869874965444087,0.19619692788792717,-0.034518195959842735,-0.04450793578462751,0.10555555555555557,189.7419652443506,1.0
-5.193043,42,47.656932,0.3233545146289751,0.04580319527294794,0.11643292084515194,0.1921986791592715,-0.03369561517019914,-0.03746523002219228,0.10515873015873019,180.09046228007657,1.0
-2.588148,42,47.759361,0.309446316519518,0.0391508396471589,0.08555948381226833,0.2096660551088472,-0.02899299061422293,-0.00480456078951568,0.09325396825396826,197.37219012820384,1.0
-2.185394,45,47.868848,0.3198398168312552,0.03756053558597498,0.07785577120896647,0.1947748005636787,-0.03128110367528125,-0.041045709721623705,0.09814814814814814,186.60215113672714,1.0
-3.11398,51,47.999162,0.3332031013776464,0.045169999012016064,0.1225718364081396,0.17839902232742025,-0.035322396413167756,-0.08251063345955573,0.09313725490196079,187.8809316091756,1.0
-2.789695,43,48.433558,0.3102844958845027,0.01955140597451455,0.11438833267380119,0.20801904171719396,-0.0076504394215962754,0.015007647239239762,0.11240310077519378,185.82312952689244,1.0
-2.442146,42,48.541689,0.31137860979151694,0.02567172462585271,0.0849894814277261,0.20767790134333075,-0.01202269884521708,0.00162868753209832,0.09920634920634919,183.58138392598224,1.0
-2.916005,59,48.695129,0.35631976953838784,0.027089756254567315,0.08730788899258975,0.15385106986895233,-0.0094053977580223,0.004741984972222669,0.076271186440678,196.4769081640719,1.0
-2.414722,41,48.796572,0.29901076081955574,0.07113871389084901,0.10369417386271512,0.22223410811344102,-0.05657223685604827,-0.02012336825035176,0.08739837398373985,193.06378060186103,1.0
-2.515473,46,48.907364,0.3249002176505508,0.053304747133097484,0.08179862189261809,0.18912850483065646,-0.04094943246535447,-0.026451568201685084,0.09057971014492754,185.19936644198404,1.0
-2.8375,58,49.12182,0.34995708829544747,0.055398056511333386,0.09977530069526938,0.1595257307491747,-0.02683303030987883,-0.010900847065790125,0.0862068965517241,199.6431676656445,1.0
-1.781701,47,49.240404,0.3242384771283301,0.050457349005296574,0.07347489370911055,0.18947638879993783,-0.040951853852252654,-0.02364446436094218,0.08510638297872339,183.3078086981447,1.0
-7.503856,56,49.383233,0.3659363521996953,0.06753247185450915,0.1111702244130514,0.14346936125544543,-0.053681011951612456,-0.051591263019740284,0.09077380952380953,212.23182678744433,1.0
0.671045,51,49.507269,0.3182389048198104,0.02538874982307959,0.09703653009764616,0.19652074207390086,-0.01224824651993365,0.006705562173690438,0.09803921568627451,192.2852318509891,1.0
-1.180409,45,49.620305,0.30281196617430756,0.05058345240862076,0.12087207297800279,0.2154341844076802,-0.03403081819175943,-0.018118092475686368,0.09259259259259257,195.69082271323273,1.0
-0.848727,39,49.829051,0.2846051650016741,0.03527663137570896,0.09085108302997795,0.24639082530865777,-0.022690298992026972,-0.025341431134777537,0.07692307692307693,181.41790920619894,1.0
-0.544215,45,49.938083,0.30807806406167776,0.03495705396943694,0.09884936608040408,0.2093647024001291,-0.021288160377418024,0.01930966722398693,0.09814814814814815,190.7675359264388,1.0
-4.094605,38,50.032198,0.3018206263788124,0.04167881123073426,0.08870615641108177,0.22178888796320365,-0.023672143268642597,-0.02517142747059861,0.09429824561403509,185.65837600711794,1.0
-1.894639,45,50.14158,0.31272103072184904,0.039842889268229854,0.08211208313248886,0.20311544278882154,-0.018051270776662305,-0.0037753254028945124,0.08333333333333333,189.03673497469805,1.0
-1.079772,45,50.250106,0.30328481814783237,0.029031653090786536,0.10216414035238784,0.21688538278925737,-0.01811651618463307,-0.01658180086916912,0.11111111111111108,192.8834464482411,1.0
-1.785197,43,50.351127,0.30636019047953433,0.04808818682660771,0.07019468847263559,0.21370823786918536,-0.029311512246587224,0.013401497417777795,0.08527131782945738,191.2776055893867,1.0
-2.949434,42,50.484086,0.30380591165689813,0.05627893628403272,0.11277035190235316,0.2163262066943391,-0.005877056754711226,-0.015277060063279552,0.0912698412698413,197.810438771454,1.0
-2.045221,40,50.58345,0.29371874166183726,0.045584501862329235,0.09744664293585807,0.2287399707167035,-0.03173731196591388,-0.02248752884683826,0.09375000000000003,184.5271560700828,1.0
-0.952509,46,50.706459,0.3061464404096936,0.04925467149560184,0.11924894470127587,0.21020585664686556,-0.03986041341262297,-0.012514004429378113,0.07608695652173914,194.6727783143424,1.0
-4.098344,42,50.810535,0.32198375303118976,0.03622139173951739,0.07356069226697863,0.1947341676278599,-0.023739645357070332,-0.013028130008932801,0.08928571428571429,186.62933748582122,1.0
-1.74461,47,50.929488,0.31814639673726225,0.03230749967383855,0.09797679526012544,0.19570275007021662,-0.021890483978011358,-0.02897105249767947,0.09397163120567377,188.9196809470253,1.0
-3.342809,47,51.047656,0.3272156457107642,0.05673631477288239,0.10659608983018595,0.18589843496857367,-0.04003341978279871,-0.025217170023645107,0.07801418439716312,184.51886493195138,1.0
-2.667169,42,51.207995,0.3054656698508836,0.042483769651257365,0.09690008067939532,0.213920311042432,-0.03426289368812412,-0.0019839949622933147,0.0892857142857143,193.63440935445544,1.0
-2.645622,40,51.307836,0.3018886651163744,0.03990488417961758,0.06523743877038553,0.22144561629646833,-0.027740511902479538,0.0018772203962685251,0.11458333333333333,193.5893690543968,1.0
-3.156521,46,51.422015,0.32140518374559385,0.03644675008816926,0.10525580710535315,0.19315695972676575,-0.027804133625029277,-0.01366788054607549,0.09601449275362317,193.37247444497424,1.0
-2.295111,37,51.521208,0.2891389364968895,0.03728562300170106,0.0679304747132024,0.23909968129998527,-0.026120958678884105,-0.02634285765808125,0.0855855855855856,177.18193098670565,1.0
-0.6443,48,51.642602,0.3124108162804142,0.03239644399699305,0.11690307385863521,0.20344646298867772,-0.024285271374377748,-0.045024578630312645,0.09201388888888891,188.71976686707683,1.0
-1.790941,42,51.756368,0.3028659068959295,0.041790028771593,0.08875057774214805,0.217685911263009,-0.03566647242571758,-0.026722288976648825,0.0912698412698413,180.62187352467518,1.0
-1.644793,47,51.900046,0.3188984289170405,0.04269468781551449,0.09250023403908655,0.1949343844130238,-0.030796115695755702,0.004200068321646904,0.07269503546099293,192.84708612961313,1.0
-3.160839,39,51.998372,0.29832070700689894,0.026766556413133837,0.08278791059616844,0.22480482086367212,-0.009919696380180525,-0.03243634059788817,0.08974358974358976,187.49325331514504,1.0
-3.021371,40,52.101107,0.2991108016448517,0.033231289905353074,0.11435968058471847,0.2239436604252782,-0.015320799109846656,-0.007100699375099663,0.08333333333333334,188.48909906950536,1.0
-0.676012,45,52.212646,0.3045579063674956,0.044785411136524754,0.09798277665419455,0.21364879295007894,-0.03382556829815656,-0.0014234899675468753,0.08333333333333333,193.93407532443658,1.0
-2.363684,49,52.334558,0.32337253586516224,0.025777152742631537,0.1265578278190012,0.1906807449410456,-0.01835461545740726,-0.0244152726015731,0.08843537414965989,191.1831102148015,1.0
-1.391142,49,52.460822,0.32269804260219914,0.04178570353985333,0.10117115669723215,0.19170374525478945,-0.033985459465679775,-0.05934399977500827,0.09183673469387756,190.12706349574114,1.0
-1.754697,40,52.59421,0.297000514876102,0.02968842193478124,0.09480005450050255,0.22711314584407888,-0.009677759430069205,-0.031685710803952646,0.08750000000000001,183.5141675339131,1.0
-2.579783,45,52.714556,0.32447008392819676,0.03102105632641052,0.06911579756464474,0.18962129549154128,-0.022621709024371266,0.0033115653443210108,0.0925925925925926,183.77052419520535,1.0
-3.466509,38,52.814292,0.29470164752451766,0.04891592520144684,0.0884847433369097,0.2299758082224301,-0.0210901900246035,-0.002128636065387803,0.07017543859649125,192.34643677219074,1.0
-0.590789,53,52.943645,0.33314472337932427,0.02482299592964624,0.06272739044158414,0.18024121038053484,-0.009867457569499792,0.013513177203448752,0.10691823899371064,191.38054924708928,1.0
-1.361504,47,53.066747,0.31513743002239253,0.027418447910452677,0.08612812135536815,0.20130935772311973,-0.021080542800079653,-0.028889923200689026,0.09042553191489364,193.32632586502547,1.0
-1.192586,42,53.179639,0.29807688913472363,0.04117053727107655,0.08638884145420746,0.22157253688154568,-0.029284515145701247,-0.03089878072540541,0.07936507936507935,185.94287577464226,1.0
-2.151851,45,53.3146,0.31513832806373904,0.02690403887916166,0.07832075992683477,0.20059023717934626,-0.017733804204295153,0.019955599025236744,0.0962962962962963,186.4074946291717,1.0
-1.261758,46,53.424523,0.3101100616297002,0.052681439692717394,0.12665200600148865,0.20709841550827687,-0.035021645993140844,0.012494861153701065,0.09601449275362317,188.88644413834965,1.0
-0.967663,44,53.533917,0.3059207044151078,0.041623441676143694,0.0711730491169632,0.212261109953661,-0.028031559957437734,-0.015567823558787152,0.08522727272727272,185.14925822255233,1.0
-0.957476,39,53.633289,0.28862310175100797,0.02113017429265341,0.09999378359628602,0.23848115310247572,-0.014582038670710614,-0.025548775856484632,0.09829059829059829,182.97639880330652,1.0
-2.625944,53,53.774044,0.3368786839504881,0.027835547632924906,0.10213826627679438,0.1762818500721618,-0.019557910648951744,0.020948900537385837,0.1069182389937107,194.1557341725544,1.0
-1.639359,42,53.909248,0.30049009176925434,0.05154150510686936,0.09469121389286508,0.21979585809469568,-0.03789550333153904,-0.039991469953174916,0.08531746031746032,194.78395348009823,1.0
-1.784875,38,54.009871,0.2937609588872329,0.03321564453778613,0.06824465020310079,0.2327858595968353,-0.025429825463382873,0.01569774294389814,0.08991228070175439,176.25047151451705,1.0
-2.311495,42,54.109589,0.30906912722643054,0.04666142996431623,0.08471624941071161,0.21091085911469112,-0.03627152164352885,-0.024811342458579824,0.10119047619047619,180.47055883696564,1.0
-3.262368,47,54.220385,0.3224050026302272,0.03214717767088647,0.0976600018126606,0.19324631013423282,-0.020515901050270794,0.006454719743047803,0.10638297872340424,194.89221555921313,1.0
-2.842763,42,54.328021,0.30865924861976024,0.04390026298850396,0.09371130047112824,0.20968061504430524,-0.023649924408102103,-0.014205413092473917,0.10317460317460317,188.95461631132946,1.0
-1.125083,43,54.436334,0.30077963187031714,0.04280557067809239,0.09363083379395472,0.22066385405475528,-0.030253564027288158,0.018130284261874276,0.09496124031007754,188.83858968209287,1.0
0.25299,42,54.56196,0.29220804961740926,0.02359775334973439,0.08058795865663212,0.2315179027051054,-0.0077833503818954585,-0.014184515711655082,0.0773809523809524,179.64927608790228,1.0
-3.642961,36,54.648168,0.2959004789150585,0.04067400580080891,0.06494118801156999,0.2320094825113609,-0.026121006947450596,0.010943602341267514,0.09722222222222224,182.13430569106393,1.0
-0.76238,49,54.772676,0.3198121578095144,0.04669959043188858,0.08799202675393235,0.19479057525036378,-0.036832580073420385,-0.01537548538908416,0.10714285714285712,190.70883902314165,1.0
-2.371734,46,54.886332,0.3173344945155839,0.03312830791091651,0.06903834264441379,0.1990166612649039,-0.007451999141712128,0.011431741614738797,0.11050724637681161,196.361669063963,1.0
-2.784736,35,54.979235,0.27757894441519965,0.061638656042392936,0.09753581468400778,0.2607624591637659,-0.05051198931270705,0.004261060122662624,0.11666666666666665,185.49592114659595,1.0
-1.694129,46,55.091154,0.314083385692541,0.04544479481168061,0.07630166752560483,0.201755744496227,-0.020378677762719614,-0.006894071238957112,0.10869565217391307,193.12625112924695,1.0
-1.103355,41,55.213216,0.292134375314513,0.027815116813113747,0.08953565786071363,0.23334020990951876,-0.016624053716775004,0.0004656837842642219,0.13008130081300817,184.02657822449768,1.0
-2.026312,39,55.317376,0.29362410446329656,0.02146552717910273,0.09862560339706163,0.23154404441475096,-0.006756407735002743,-0.0068123050114856105,0.1111111111111111,177.93351533687488,1.0
-2.955902,39,55.414202,0.3007206405085813,0.02292260107567338,0.0999591431717919,0.22245035043931174,-0.010567820684420795,0.015306689662799614,0.108974358974359,187.3096389954774,1.0
-2.841268,35,55.497967,0.28307401646417757,0.03811587789685279,0.12159329573189734,0.2522519509257274,-0.030342126853109105,-0.04564146652556048,0.10238095238095239,173.9346698496855,1.0
-3.315419,36,55.585968,0.2895461176895692,0.061712014412323754,0.10741505617532392,0.2401331058498189,-0.04825625169933564,0.0036644915102370538,0.1111111111111111,177.79029202332296,1.0
-1.001094,38,55.681068,0.27783272805610953,0.03933162418295031,0.119205018828735,0.25597065738599173,-0.02480764534311547,-0.031289807944592914,0.09649122807017547,178.83206640187635,1.0
-2.955906,41,55.780887,0.2995967293631798,0.06354864459124955,0.11186360083249629,0.22306311042092042,-0.04920689267525312,-0.03570606186402262,0.11585365853658534,187.66903620800161,1.0
-0.559343,42,55.90434,0.29293589248541096,0.02628162161116215,0.11896072822608128,0.23194680040356144,-0.02024719098166766,-0.031216520608551016,0.11507936507936507,180.32637977177788,1.0
-1.392577,43,56.025911,0.30878208843576227,0.04376511633471146,0.0630001005645761,0.2096519546352581,-0.033158742768560526,-0.012734774173779457,0.13178294573643412,183.98752644103755,1.0
-1.869993,38,56.123567,0.2863811027860762,0.03582432689068046,0.09236094721605738,0.24342512228950175,-0.02247775060913161,0.02960618060829225,0.13157894736842107,183.57855460479178,1.0
-2.666376,39,56.220954,0.29966119596003404,0.027992652989877544,0.08900172489839547,0.2234732130783105,-0.01668578005468689,0.01324827912845087,0.1111111111111111,182.10865656057265,1.0
-2.161377,37,56.311681,0.28964391303690495,0.050840788723594654,0.07052218069737914,0.2407979319936209,-0.0398792598747557,-0.006621331393704916,0.11711711711711713,184.22848960255067,1.0
-3.588457,34,56.396732,0.2844840591428941,0.0566608180453469,0.10130138970585992,0.2501742945169794,-0.03957946383315866,0.05295002140507361,0.13235294117647056,171.77413296893354,1.0
-0.640017,39,56.493021,0.28620222766546666,0.03227287683113131,0.08999002167849772,0.24205769617851358,-0.020436960330935575,-0.003555184510922255,0.12393162393162395,184.07956555231632,1.0
-0.838988,38,56.61294,0.2797582191365473,0.030426989292526484,0.09986695859627191,0.25343092846719617,-0.01376346059667009,0.03162732050272264,0.13815789473684212,181.3665985359449,1.0
-3.624645,37,56.712651,0.2963012673826824,0.047621919878276735,0.07219544180092742,0.22971961414109116,-0.03396130746491911,0.014332257251155694,0.14189189189189189,186.3431444601991,1.0
-0.6002,47,56.83093,0.3103665505193948,0.05231244254369899,0.10510497731189455,0.20746331982389762,-0.033191740113777436,0.0026749971999352256,0.11879432624113473,190.29083408513017,1.0
-2.465736,40,56.933546,0.2977219360491414,0.04180778303584493,0.10261864183440769,0.22650795567428136,-0.025372710339357812,0.032667040788031294,0.13541666666666669,182.6173287936079,1.0
-2.545745,36,57.024146,0.2874211337748542,0.041435508938819886,0.07451262350733899,0.2437451126743792,-0.022452089727429483,0.000650196394118677,0.1388888888888889,177.19925199226407,1.0
-3.392957,35,57.112224,0.2880814745500781,0.0671045715595757,0.08010349064758518,0.2434718112457065,-0.04363156403976453,-0.005188303007632211,0.12619047619047621,176.2697881568022,1.0
-1.456841,36,57.245952,0.27640259217458507,0.03228757135938886,0.09667092387113012,0.26185992778684897,-0.02143276594632797,-0.009709722506352306,0.11342592592592592,184.0818626243479,1.0
-1.148392,43,57.353759,0.30787794623611187,0.03947542989378096,0.07672718911770297,0.2111546255056931,-0.027709115368540264,-0.026564813799914894,0.1375968992248062,179.8230859525115,1.0
-2.69347,40,57.452052,0.3027819222315163,0.04932166501370372,0.08294832712514182,0.22016873671699497,-0.03562168962874536,-0.020724758571855753,0.1354166666666667,183.40720389962897,1.0
-3.194849,36,57.540921,0.2869052307359962,0.07325980597095225,0.07758009475880544,0.24533811996691737,-0.05678141128494913,0.023668391026241693,0.14120370370370372,179.73362525209652,1.0
-1.271059,39,57.643248,0.29069911678115923,0.06139966653296611,0.05257242012293222,0.23658620974186084,-0.05101081867199028,0.004634026022019502,0.14316239316239318,177.9542350231053,1.0
-1.798292,43,57.753953,0.30359354053320087,0.04188130539934569,0.09096631961765274,0.21723246565295148,-0.016275198305770535,-0.008381740885516508,0.11240310077519382,190.3542236573345,1.0
-2.549238,36,57.852093,0.2874262681331994,0.06035358171443856,0.06384860995472412,0.24409325137624657,-0.0426981567497107,0.022010072886576814,0.12962962962962965,172.91488843503154,1.0
-3.490757,33,58.032018,0.282674203945115,0.03295345461164562,0.06475735249743482,0.2569865638140097,-0.016412532384799172,-0.022129646582968843,0.14898989898989898,174.7587704627204,1.0
0.187115,39,58.158632,0.2806724360634924,0.03140811819135308,0.0821458737950895,0.24953196102951053,-0.014960245281655987,-0.02788079007616207,0.12606837606837606,182.25810594516054,1.0
-1.615844,38,58.258391,0.2873110784947468,0.03984349469193458,0.0850087101377173,0.24285052016118475,-0.028772201677436812,0.0054796795168720255,0.12061403508771928,176.22966599139124,1.0
-1.278881,35,58.345494,0.27949329341021767,0.020770778848260747,0.07443969342626307,0.25718685241005945,-0.007263844892302453,0.008195984719165213,0.12857142857142856,174.01086261899673,1.0
-2.953368,34,58.42596,0.27965079898905215,0.03362608088362491,0.11670314790478854,0.25979854451153067,-0.013639016566810437,-0.010174417172482624,0.14950980392156865,172.74026800525905,1.0
-1.700858,39,58.521237,0.291712512878339,0.03665039552410349,0.09244435757319433,0.23361303380317558,-0.024425575462924613,-0.0091207808571086,0.13034188034188035,174.35885887491708,1.0
-1.218266,42,58.62328,0.2988472501502175,0.04765455515290955,0.0867287796093674,0.22313685890283894,-0.03755752108953274,-0.035036251869640024,0.12103174603174605,186.20312279457025,1.0
-2.263294,37,58.753833,0.29303921746813355,0.02128374119560027,0.06991467634553725,0.2353930010745917,-0.0024901094596175904,0.0003095808574726035,0.13963963963963966,177.62074391902786,1.0
-1.202506,41,58.854892,0.29741115018152975,0.03055755384193074,0.0904062807244755,0.2273097901961235,-0.01591579740005569,0.0013495975349512768,0.13414634146341464,183.79231899440722,1.0
-0.150855,46,58.965525,0.3125004308024138,0.034103313346148564,0.09073330567049874,0.20538975253894362,-0.01388664961875694,-0.0037255278937698296,0.11231884057971016,175.0314431839318,1.0
-1.254164,36,59.05336,0.2828840831809802,0.03269345013763432,0.06743352960945509,0.25164559197128883,-0.023182902973706884,-0.0037568213620744148,0.13194444444444445,172.1948365754173,1.0
-0.763992,41,59.154391,0.2935375452839059,0.04476511710073887,0.0901781919497996,0.2331819050741583,-0.02970255758783347,-0.006822384176200079,0.11178861788617886,182.86936234883,1.0
-1.37197,41,59.26266,0.29659869914384684,0.044052699516304576,0.08203802556653036,0.22669828643254758,-0.030888952213199015,-0.02839131469261323,0.1382113821138211,178.40233559244567,1.0
-1.595499,36,59.376287,0.2821195589074648,0.018011906552306882,0.07046140019573227,0.25296711952818407,-0.006615426466803267,0.0321300004222507,0.13425925925925927,179.18803243473337,1.0
-0.637017,38,59.470106,0.2864021076381614,0.024030050356879457,0.07194721537304777,0.24428986699468017,-0.019504422632422982,0.02801199017199275,0.13815789473684212,181.86166999801353,1.0
-0.602575,42,59.566743,0.29584501374780003,0.04180103721892659,0.0946813469463155,0.22801779683822598,-0.03037858411805917,0.004934115730267545,0.10119047619047616,177.30223636516115,1.0
-2.206354,40,59.659817,0.3014072542239687,0.02964971592535877,0.09634995315291264,0.22143339470145226,-0.020545824083461416,-0.0121792531419221,0.10208333333333333,181.12792136214964,1.0
-0.775684,38,59.749629,0.2833670779074066,0.04415869751905484,0.07173030659042917,0.24894992025419374,-0.034506387355252195,0.02101245517780522,0.12500000000000006,176.70695623250376,1.0
-0.034324,45,59.849902,0.3059989648946387,0.02078601134769498,0.0933211807977895,0.2142291921644453,-0.008551579347174806,0.011788389266775903,0.1314814814814815,187.36781205688425,1.0
0.59678,45,59.990892,0.3010586059634663,0.021995209162887237,0.08671478047514186,0.22092548725856062,0.002818710979967242,0.03513681023488931,0.12962962962962965,185.81192186847963,1.0
-1.177764,38,60.081924,0.2856240149695076,0.03689137236140949,0.08499672945988558,0.24386282738593537,-0.021386256075553212,-0.029908239835327217,0.12061403508771928,181.01842884591636,1.0
-0.759919,43,60.186463,0.2989513038686914,0.040528617657778696,0.09455564585211176,0.22428758187984893,-0.028738604934456617,-0.012413726688992894,0.1356589147286822,184.0007807286818,1.0
-0.952157,39,60.278703,0.2902593717585763,0.03999224278471787,0.06849228738312985,0.2385761722613268,-0.023912497601887638,0.007423239209239201,0.11965811965811966,179.42268912995098,1.0
-1.438325,40,60.375937,0.29437705088066757,0.022669500829827077,0.08281576898163971,0.23061396254705774,-0.0008206695144608687,-0.009514990129858682,0.11666666666666665,184.82157790470302,1.0
-1.596216,41,60.478914,0.3035522418397391,0.048032001580474534,0.08466901667523956,0.21794890538853348,-0.03253628721727014,-0.029328252629211512,0.12601626016260165,179.31058647436367,1.0
-2.174973,38,60.569894,0.2967516554776169,0.026394792543191475,0.05781159232854279,0.22910416204993192,-0.008416385903760515,0.016898061143511618,0.11842105263157894,172.63519416971877,1.0
-1.824915,38,60.682631,0.2912578851781778,0.027010569400884237,0.10373035103614571,0.2376083871529024,-0.01704736346478376,-0.04882018652475107,0.14035087719298248,169.8861797701591,1.0
0.58572,38,60.776584,0.2787727893465632,0.030580801188782744,0.060313384294009384,0.2559863095303186,-0.01739816637120661,-0.012899757526234915,0.14254385964912283,180.01329982536254,1.0
-1.885806,43,60.879325,0.30262062572389903,0.05171683230813485,0.10991185791003964,0.21963281724319134,-0.03809524478394979,-0.040479168439420204,0.1453488372093023,190.16895167895527,1.0
-1.25582,37,60.969231,0.2811622711061894,0.037901170318862906,0.08076295205724449,0.25510415237779477,-0.027694581198572873,0.02711349861165116,0.13063063063063066,175.4541715164238,1.0
-0.620835,37,61.054335,0.2837343766197845,0.033916070110074255,0.06650014865572038,0.24765962935924685,-0.006210428171447067,-0.017797357081682886,0.10360360360360361,175.62296312920233,1.0
-0.349073,40,61.150519,0.28741733446550555,0.030210894767224435,0.06704334358038114,0.24185682968637892,-0.017168960834199144,0.0014005997640977794,0.13958333333333336,185.109064470487,1.0
-1.955297,34,61.237128,0.2778391927643525,0.021341453995974927,0.08879551467998524,0.26165135026075026,0.0005449757041971634,-0.0010702617374440302,0.1421568627450981,173.56675369997097,1.0
-1.743477,38,61.348709,0.29329166092125447,0.05083997773807303,0.07967590392354708,0.23370028007573493,-0.037474565207202125,-0.03374940368156506,0.15570175438596492,177.98053763008002,1.0
0.328976,39,61.440301,0.28420834435849474,0.042178454769728035,0.05563206623807451,0.2475213786148494,-0.02784631773762004,-0.026542953997251158,0.1282051282051282,171.59326162812906,1.0
-1.923369,41,61.531156,0.29966706492254197,0.03417016773297779,0.06610083045944892,0.22397101511133505,-0.00813598826301214,0.011132030596406689,0.1422764227642276,182.162787654094,1.0
0.29834,48,61.647168,0.30976079713399807,0.019027267801150858,0.10694127961506779,0.20933129881297993,0.007442482983212807,0.008165883591765559,0.14409722222222224,180.01235018028308,1.0
-1.387325,40,61.744798,0.29677414101248845,0.046144055754438675,0.08720917264466137,0.2283750500889017,-0.0342120985362186,-0.0190095505562139,0.13749999999999998,181.71136312671118,1.0
-1.099648,44,61.852229,0.3068221371047767,0.03922295357373092,0.078287330506065,0.21486060870418794,-0.024914502638347758,0.011964487867776792,0.15530303030303025,182.69767289406036,1.0
-0.118972,44,61.990754,0.2980423818911085,0.03866784073551857,0.0704260688445784,0.22556695402794366,-0.022264204964242314,-0.006879367370607698,0.1458333333333334,188.7482854106089,1.0
-0.900821,39,62.092861,0.2874370558690981,0.04364885249386631,0.07694475588073674,0.2414248079632135,-0.03032681071383152,-0.0034991947436769813,0.14316239316239318,177.20154868399825,1.0
-0.925807,39,62.193774,0.294293973163001,0.0321365867732778,0.07278872459583333,0.2325117730522303,-0.015727345595511737,0.003536509546351484,0.14316239316239318,177.5746155443182,1.0
-0.688334,37,62.289032,0.2817635690383242,0.026254735820662713,0.06617050834754913,0.2505314650895669,-0.0033388667926547134,-0.0069099563504567635,0.14414414414414412,176.9038667265292,1.0
0.047177,39,62.38744,0.2807566096832993,0.014856891289220074,0.09237211916400664,0.25323032973048726,2.2461662036545838e-05,-0.010742347442870486,0.15598290598290598,183.90872694227104,1.0
-2.510704,39,62.486014,0.29986078168311503,0.02616992408857094,0.09685723664563299,0.22424627278104176,-0.008226762847537315,0.023056849074277914,0.14102564102564105,177.8722595591339,1.0
-0.512616,38,62.620542,0.2809920642637376,0.032170934727012115,0.06293423562894658,0.25361131885060806,-0.014912469007079316,-0.0032350419222870294,0.13815789473684212,182.10300222057248,1.0
-1.492952,38,62.715122,0.284371069548706,0.014164581416423168,0.09094285859326993,0.24735105539163796,-0.004413559354316949,-0.001662275171747964,0.14473684210526314,177.78630972367043,1.0
-0.640344,38,62.805591,0.28298409748639886,0.022074343679117245,0.06824397402227567,0.25082663324829996,0.008843954779665321,0.018553555809446745,0.1557017543859649,182.39132826361208,1.0
-1.637713,37,62.894815,0.28685996087625637,0.017658874977687096,0.09177722742674303,0.2411431832476037,0.006297136363921276,-0.011109765122757562,0.12387387387387389,171.7916999252504,1.0
-1.103339,40,62.996218,0.2898018959265702,0.040066402202720314,0.08391899930691185,0.23706405043307982,-0.02122644802320145,0.004282185755235762,0.14583333333333331,184.5880864947199,1.0
-1.210766,37,63.091921,0.28681443787309974,0.01255237555155234,0.06381774874168814,0.24529272345419428,-0.0003742136741160792,0.021597968898977964,0.11711711711711711,181.32439895532124,1.0
-1.25844,36,63.185031,0.27813119926795443,0.03945119189539154,0.0763218107856886,0.2607980264251267,-0.019857785369291565,0.001992039767232833,0.13194444444444445,178.23463746945728,1.0
0.4875,38,63.314435,0.27800824326229173,0.031082967254086182,0.07086635737434623,0.2562857956796818,-0.017758149603699577,0.03459469241088149,0.1425438596491228,174.45333611878993,1.0
-1.7416,39,63.410967,0.3000534527117773,0.020395090110892893,0.06859447922901217,0.22414771677398881,0.0011455045085123142,0.02479221354847019,0.16025641025641027,172.0124128208556,1.0
0.041858,42,63.52033,0.29607134682846165,0.037003080183514,0.07587136513754277,0.226434954980703,-0.008811784555258736,0.01557906026559731,0.14285714285714285,180.22620949902995,1.0
0.280113,43,63.633792,0.29398256054669947,0.03755746593732024,0.09252723280405474,0.23053027579465973,-0.020329458577217015,0.024556680343248694,0.14534883720930236,185.88969753300134,1.0
-1.449383,35,63.721221,0.27561064896099974,0.023803732686326858,0.07694600552254709,0.26242947805134564,-0.010001535780169872,0.02049406773609342,0.11666666666666668,177.83207423336165,1.0
-0.872295,38,63.819337,0.2840844609407268,0.03001727921981553,0.10437262576309489,0.2458664474687227,-0.009981593894018592,0.01945148017865486,0.15350877192982457,174.78234266840582,1.0
-0.860464,41,63.922017,0.2868997772100486,0.0419630943807585,0.13656680721480982,0.23983717299192386,-0.031168191642320292,-0.05772436383246814,0.1443089430894309,185.52388341191346,1.0
0.326228,39,64.0523,0.2843761372562197,0.02463287643154857,0.06846592967676635,0.24346276162695282,-0.013828683428306362,-0.007830506859398642,0.1388888888888889,183.3323217322625,1.0
-2.300215,38,64.145244,0.29542598200472486,0.045977584607210506,0.07846453391526227,0.23065340384035507,-0.03156627152537745,0.018805707071668107,0.17763157894736836,172.11566575972563,1.0
-1.383836,36,64.236443,0.28240727390927595,0.026670358527302308,0.08368804113803603,0.254371195531736,-0.007878432833979354,0.03617123604791545,0.1412037037037037,174.43447000905337,1.0
-1.2555,35,64.325765,0.27395084699789174,0.0334232254383944,0.08159240623943588,0.2657258808247025,-0.017369800456348096,-0.03377513987800268,0.1452380952380952,176.9159097152968,1.0
-0.880882,44,64.437236,0.30743373729662377,0.024480753972599724,0.07698100567721623,0.21270749618415133,0.0016958730846970379,0.026350949758022726,0.16856060606060608,184.80315071678254,1.0
-1.698946,40,64.536416,0.2982931138552651,0.027630847194698754,0.07439814932340233,0.22669769469160683,-0.003712867899056336,0.036851617777993305,0.12291666666666665,178.30619999556134,1.0
0.0515,41,64.676015,0.2943561103888928,0.03659377503796554,0.06993762471365593,0.2310639381476791,-0.0245181911500064,-0.0276385376540129,0.15650406504065043,176.22039922453627,1.0
-2.211695,35,64.766732,0.2786814584023297,0.043826988506840796,0.07525903424497456,0.2586474695729652,-0.026556191145432076,-0.02156785312791462,0.12857142857142856,172.70024562092905,1.0
-0.850475,41,64.872437,0.2972252988920595,0.037341059558146594,0.06174594000815476,0.2273662696318871,-0.023554969936447477,0.004174038783776122,0.14634146341463414,180.08936811302428,1.0
0.348337,40,64.978804,0.2845911622678634,0.027278978010319265,0.10034924630821287,0.24949158057597795,-0.012023819572314744,-0.01833244039452838,0.16041666666666668,172.56829147418551,1.0
-1.442822,39,65.077166,0.29080262496752673,0.02996932909613463,0.09521644596465384,0.2387236085576803,-0.004659107534328744,-0.011999075412378366,0.1346153846153846,177.14287135617795,1.0
-0.098994,37,65.170971,0.27448043910353853,0.019565066687447223,0.07282944525496482,0.2636417018386995,-0.004044924283373466,0.011589226718682908,0.15315315315315317,177.6952093925575,1.0
0.027893,42,65.283541,0.28953231573895793,0.01913815427166919,0.11115400498927033,0.23779999597335716,-0.0005025668322462867,0.038188779768639894,0.14484126984126983,180.00504602202884,1.0
-0.005665,42,65.414758,0.29549292433635316,0.02376941455281423,0.0824678312337242,0.229557154851978,-0.013930068931157119,-0.006830664809311137,0.15674603174603174,179.52765004288798,1.0
-0.055574,44,65.523873,0.3046079519804098,0.04170828104318057,0.07860886373689145,0.21612921693084325,-0.0274277332557342,-0.02182154214437029,0.14772727272727268,177.31522730948777,1.0
-2.093105,34,65.608578,0.2753611063284608,0.021908926929950424,0.1067419422528071,0.2707541103108458,-0.005194438682212466,-0.012672252631527364,0.15196078431372548,175.98156465485263,1.0
-0.644277,37,65.700439,0.28115394810022304,0.029694936772240867,0.06846909875163897,0.25425955095697256,-0.009854426505968182,-0.023817938345097826,0.14864864864864866,168.62546664070294,1.0
-1.379303,46,65.813794,0.31202754259048976,0.03815912160979806,0.07384245922644123,0.20782492668944014,-0.02292901213370745,-0.004345433371409709,0.17753623188405795,187.2911415709573,1.0
-0.709349,45,65.924628,0.3042410076226715,0.057162958696342615,0.0793350238704991,0.21588108920566723,-0.038830635759114204,-0.01715056916570841,0.16111111111111115,185.29005136657162,1.0
-1.483011,38,66.046295,0.2856901227298649,0.023308765600946794,0.10984453716690429,0.2461236820967973,-0.00246195521110739,0.039955605442133064,0.15789473684210523,177.6317236089327,1.0
-1.533283,37,66.141387,0.2832237823910151,0.027456774169486785,0.11422675410748599,0.25149345722819527,-0.015272611892498619,-0.032565949320676094,0.1599099099099099,172.5864512991008,1.0
-1.127081,38,66.24441,0.28587926300232885,0.04395065314249039,0.08156056606541617,0.24558123633185538,-0.027589185117188803,0.03400243467084792,0.14912280701754388,179.68006796691955,1.0
-1.118946,37,66.337451,0.27888630527078884,0.046472261435797,0.08943310290142749,0.25723105785811146,-0.03394330441633749,0.020258979973830648,0.15765765765765766,180.97432036252965,1.0
-1.568092,38,66.429965,0.29852222299376585,0.016134382629335343,0.06442849739883716,0.22878094186674475,-0.003514178653457788,0.019185376800154596,0.15570175438596492,166.4582709727481,1.0
0.100179,43,66.537743,0.2947792236978724,0.030931885589274146,0.09608969275266727,0.229605872553298,-0.017415641774751064,0.0069872579671617805,0.15310077519379844,179.15502709163252,1.0
-3.374365,35,66.627627,0.28514352646724156,0.04335909612559341,0.1002656692823216,0.24930384253371096,0.008951465989549367,0.042327640910434915,0.17142857142857143,177.60001428981104,1.0
0.975945,43,66.762558,0.2920357703411793,0.027428270485274825,0.06909235924662793,0.23356819243790558,-0.015048607882259502,-0.006749250152329481,0.17054263565891475,185.6409979953659,1.0
-0.42557,40,66.86554,0.2888808900102384,0.02897960935172202,0.08566426295961295,0.23982317138509385,-0.012723239574452126,-0.007629388538003316,0.15833333333333335,181.1707378228326,1.0
-1.959179,35,66.955997,0.279397587215167,0.027110310066009856,0.09258324721971412,0.2569651245116515,-0.01088015324357671,-0.025307525633878,0.1738095238095238,173.94895393812695,1.0
-0.913779,36,67.049887,0.2765408619242919,0.02295865069192715,0.0975875488591555,0.2639495873876919,0.004105472480683778,0.008412563044498798,0.15972222222222227,171.99848180053107,1.0
-2.141927,37,67.1459,0.2848039349720556,0.049283368345181176,0.10757600382263462,0.24765477500701188,-0.027175104106760446,0.012862090508946994,0.1779279279279279,175.71908212001955,1.0
-1.515785,38,67.241463,0.28710274301486005,0.04761985644891406,0.07999119098787079,0.24322093626480462,-0.03113970930238283,0.002250346619598889,0.16008771929824564,178.6903349156054,1.0
-1.89214,35,67.351598,0.2796042836337582,0.03505919446404709,0.0705322296294721,0.2611076271098516,-0.01985092413016233,-0.0060332525668486256,0.16190476190476194,172.18163495359966,1.0
-1.635969,37,67.443906,0.2819063706137694,0.05318397084712044,0.10140572560876021,0.25204088619748666,-0.0377225539628072,0.013941952184068811,0.1644144144144144,178.80867391960845,1.0
0.648447,39,67.546882,0.27924357268800437,0.02608787929576493,0.08018623847279373,0.25443790896692753,0.00017257960288193574,0.02613470553998021,0.1581196581196581,174.5453282579133,1.0
-0.620348,42,67.654744,0.29550177719225207,0.056806173955400364,0.07261574197700171,0.23152914926726234,-0.04256140600812525,-0.005711853923193451,0.1706349206349207,188.42183665222205,1.0
-1.285771,38,67.754101,0.2791744234832223,0.03198376761248351,0.1265386920175578,0.2560762199999964,-0.013980042738659236,0.0012164027360727608,0.14035087719298245,182.3834884494316,1.0
-1.886921,33,67.839909,0.27076908606148975,0.02979387478932767,0.09603297354940238,0.28117844886476173,-0.018345813637139417,-0.009615284810962584,0.18434343434343436,168.9346524702796,1.0
-1.931951,37,67.931395,0.28582279792208554,0.051345141374584874,0.0963073192211114,0.24699374243126498,-0.030258135483758636,0.009190773330952277,0.15315315315315317,174.5308998179177,1.0
-0.550466,42,68.059526,0.2921437511605299,0.04415436132172947,0.08632728992478189,0.23332321105327222,-0.031055213564276065,0.020056661582243174,0.16468253968253968,184.47591773033173,1.0
-1.101036,37,68.155178,0.28655575873039607,0.03252305949734069,0.049478077387385765,0.2441661059225086,-0.014208000959186345,-0.0074903308045099785,0.1666666666666667,168.20157934547572,1.0
-1.190491,36,68.25222,0.2835367236057467,0.03486619843768538,0.05989619122239095,0.25033195551594317,-0.017172657580986975,-0.0037518023225493855,0.15277777777777782,169.75455945952933,1.0
-1.733112,37,68.344014,0.2850112131556122,0.018848085439284696,0.08505042587218023,0.24783954250122303,0.0046915438037773245,-0.01694427088592881,0.16441441441441443,172.50397650975265,1.0
-0.555885,36,68.431454,0.2730953850223746,0.02458427117184804,0.09808308569635553,0.26827145250197254,-0.0070328858702906,0.028258121188990397,0.1689814814814815,169.68412344683856,1.0
-0.165115,39,68.530159,0.2804189172826096,0.04777431562914691,0.08182790762230048,0.2526504360557359,-0.022334181426130015,0.03270130815743006,0.1388888888888889,179.4836454597172,1.0
0.298464,39,68.627316,0.2838114562444005,0.038462024865849084,0.06531702115593868,0.2501798647152184,-0.017653047109776193,0.012313471258316406,0.14316239316239313,176.17534481174832,1.0
0.008365,42,68.753762,0.2928826230576828,0.03549000565856443,0.08643836720978207,0.23226806664729685,0.0036895146737607114,0.02496856558395272,0.14087301587301587,188.70711321792194,1.0
-2.589289,39,68.84937,0.29743500382961374,0.04529997248487326,0.09431818356115994,0.22862782225926948,-0.019059539725493735,0.036129248666462825,0.1346153846153846,179.69621333620015,1.0
-0.958897,38,68.938955,0.287556293011134,0.058084865604573724,0.06716435459949816,0.24288616843410424,-0.04726447511229487,-0.016514307058928302,0.15131578947368424,173.52388534092705,1.0
-1.99713,39,69.035575,0.2830830906416297,0.030088080807239334,0.13350110975222354,0.24969776452335152,0.02253663425441366,0.03382841527808001,0.14529914529914537,184.4977892339119,1.0
-1.182351,38,69.127159,0.28622469997451,0.03128498825038225,0.0773191417869021,0.2440772785037724,-0.0035650442282936456,0.0069327025380907905,0.15789473684210525,173.12610151494255,1.0
-0.472222,39,69.227357,0.28997814577454845,0.027991626345661956,0.08571273630332789,0.23842748031473476,-0.011164944200357008,0.0026522748885230295,0.155982905982906,169.7278976373927,1.0
-2.730968,37,69.355359,0.2861960403232631,0.041426741919606394,0.10151317699551343,0.24620655981908013,-0.023144524877445238,0.043409563647270485,0.14639639639639637,181.55273953998832,1.0
-0.790437,40,69.452654,0.28865910719406757,0.04876989422080477,0.08484464583032594,0.24042870650111453,-0.030554096302993734,-0.020820984543121594,0.15000000000000002,174.9933644405064,1.0
0.695682,38,69.54831,0.2817207689377395,0.03729243942641256,0.06591607164666649,0.25391584573559034,-0.021827103565958645,-0.005872548861091964,0.1337719298245614,170.99014218912546,1.0
0.191327,40,69.650177,0.2862182889377164,0.01836025950269015,0.05760704009668539,0.2442151347479201,0.012048194284151891,0.0017605179841099362,0.11874999999999998,177.9797013302301,1.0
-2.412028,33,69.733805,0.2726812842930801,0.0605378437895066,0.07901097652056382,0.2730382977769821,-0.04307333277691236,0.00421472544045769,0.14646464646464646,172.2086026142567,1.0
0.343342,39,69.836504,0.2768314461043032,0.03356782663247189,0.07241530479368997,0.257094891679959,-0.019085928935509734,0.006907456981367313,0.15811965811965814,185.21552189887254,1.0
-0.526566,37,69.91925,0.27751875340544335,0.04091785209099365,0.0794489987140919,0.26014691589467426,-0.028715228062092032,0.0019423057370258382,0.15540540540540543,172.19001724624195,1.0
-0.845831,38,70.038747,0.2847575121446513,0.033544192217977095,0.07977753564295421,0.2475559937503044,-0.01778526545177934,0.0021523220322058043,0.16008771929824556,171.7430049161392,1.0
-1.673133,37,70.130388,0.2833633749067557,0.060951484184962275,0.0727803106136214,0.25180322441170877,-0.04139086455886547,0.014381863736512833,0.14864864864864866,178.7454562726231,1.0
-1.146599,41,70.230208,0.2982000232359817,0.04029130606523677,0.08482720162644124,0.22530315047516705,-0.024021749450698588,0.017778715551620382,0.14634146341463422,178.7279703687138,1.0
-0.905077,38,70.32456,0.2873075213221201,0.0537768389569077,0.06355731089937652,0.24376465144236445,-0.033575834605276,0.01127902313426413,0.16666666666666666,174.10140314824898,1.0
-0.651203,42,70.427953,0.298224043060904,0.0419302925515789,0.0831291723262585,0.22585025652185958,-0.028732114554340354,0.017810278125851772,0.14880952380952378,184.54555755339675,1.0
-2.166325,38,70.521369,0.28620182407394307,0.04407262352706796,0.08646963156749256,0.24375636911279272,-0.028324677911584002,-0.0019432140117628624,0.13815789473684212,183.57478206352704,1.0
-1.672315,37,70.617031,0.28120250485119586,0.04682329914475249,0.09700652288615426,0.25214333956686963,-0.032882666218657555,-0.021502332308276122,0.1418918918918919,181.3784081372015,1.0
-1.570569,36,70.722663,0.28531606843688895,0.048519519897594184,0.07685084654514654,0.24783966217807527,-0.031046434258634792,-0.030422813448329065,0.17129629629629628,170.19338193976364,1.0
-2.412634,36,70.814737,0.2795660851164619,0.0423887400458591,0.10016208092958727,0.25660240301966186,-0.020350987706722407,-0.010717610081585033,0.1712962962962963,185.4071577903208,1.0
-2.161598,37,70.90663,0.2888325698487663,0.03047652990718762,0.10284710406136305,0.24297955551762634,-0.010924258479698586,0.010339777029219864,0.20045045045045043,173.95492824825126,1.0
0.312457,40,71.006517,0.2853476898791066,0.03571434851695128,0.07350226103564764,0.2433952796117899,-0.015666491696469276,0.0025812503313743015,0.16250000000000003,175.11228173484426,1.0
-2.286137,34,71.088058,0.2750914991509616,0.05135103586884147,0.09276021758278719,0.27020131690116433,-0.03436712797105621,-0.015625384413049847,0.17647058823529416,168.83105017554698,1.0
-0.878095,37,71.177963,0.2829287501302908,0.03440784993258206,0.07311318769961235,0.2502044273774876,-0.01653079859197021,0.02402702818349982,0.14864864864864868,176.74672305550604,1.0
-1.933329,37,71.263608,0.2872844003494001,0.030865878974214955,0.09235936225185953,0.2459288337857637,-0.003328016857991586,-0.0022353877654792916,0.16666666666666669,173.18838751731607,1.0
-1.441769,38,71.376885,0.28630476530402693,0.052283509249689095,0.07946688467655894,0.24547570419289622,-0.03540699737977439,0.011395411235829043,0.14473684210526314,175.70608125644216,1.0
0.85436,43,71.49054,0.28662367451897347,0.04562414858206723,0.08874357674796009,0.2404555917144212,-0.02862605236007863,-0.010837910894334722,0.1686046511627907,187.9748029711714,1.0
-0.028835,41,71.590091,0.29141689867898596,0.03624184971420241,0.08493100524613982,0.23613038197608022,-0.019376187070182,0.013933461059858175,0.18902439024390244,174.12738954454335,1.0
-1.09398,35,71.676969,0.2690978726827502,0.03848137042192199,0.07971826153947448,0.2777295201921573,-0.019434720161116845,-0.015962383871647234,0.1785714285714286,174.6813108008967,1.0
-0.898853,36,71.765815,0.27552138867260945,0.030042910090955707,0.0910894068809095,0.2617072990938354,-0.01211956156654397,-0.005283921344511628,0.1782407407407408,171.6243450030108,1.0
-2.872705,36,71.85731,0.2841538941701951,0.049498108144914524,0.11157824947542966,0.24888497190119535,-0.01708644506733601,-0.015639779782175938,0.1851851851851852,180.19607490830745,1.0
-0.869802,37,71.950555,0.2792991456729888,0.05121170038391702,0.07596003698011067,0.25685149726438494,-0.03018965886469072,-0.028056291784685827,0.15990990990990991,174.16224203248657,1.0
-2.447317,35,72.060657,0.28027010393072777,0.04382986215091161,0.1065879932307282,0.25752448837882824,-0.01945951283044665,-0.04232077619855697,0.17142857142857149,172.31912969635525,1.0
-1.920708,34,72.147385,0.27671839442506907,0.034305975496729486,0.08855946300194945,0.2667650896511569,-0.015854995690434352,-0.0014416416335913448,0.15931372549019607,169.82311739070855,1.0
-0.668374,39,72.236934,0.28515851066398995,0.05037938054769564,0.0720005681061037,0.24777565145869027,-0.025013371105755758,0.008461871032390239,0.15384615384615388,179.65435303667243,1.0
-1.570873,35,72.32457,0.2795100253217427,0.04363664888935091,0.08508272775538729,0.2592464146399154,-0.02381780720463863,-0.0026442841139687223,0.1380952380952381,164.33316231784428,1.0
0.231324,37,72.4149,0.27107589071837146,0.04187931798227768,0.0805376337878567,0.2715689927078521,-0.023856408378929987,0.008845594213461785,0.18693693693693694,172.4264873693683,1.0
-0.837,38,72.504505,0.283812983280175,0.03768471084436608,0.08525244082245084,0.24778694744880544,-0.018328922397913387,0.0007060404852326979,0.16228070175438594,169.20405694028491,1.0
-1.07934,37,72.593309,0.28164747392340983,0.06883983790845306,0.06106065628353084,0.25387787797249733,-0.049584397562348594,-0.005666469771702068,0.14414414414414414,173.7176811649985,1.0
-0.867297,41,72.712662,0.2909534184032114,0.06634541127351103,0.06722399940190418,0.23829486115763154,-0.04555745594863683,-0.0024649183560709973,0.1605691056910569,183.3618957963184,1.0
-0.914652,37,72.80382,0.27923879719183486,0.052717817808539326,0.09670476027521081,0.2566855196699265,-0.03995483274065228,0.031660566658428854,0.1463963963963964,175.90365439002338,1.0
-1.86444,38,72.889208,0.2829277013595205,0.06338144964499447,0.11417309424026335,0.2481066277334966,-0.04223510387053252,-0.0007487702047036003,0.14912280701754385,176.75822075458763,1.0
-1.218551,37,72.980253,0.2771833910067066,0.05489361353025111,0.10159987434840217,0.26052693711296804,-0.03868725515734023,0.025903996919818137,0.16441441441441448,175.5439913641453,1.0
-3.523458,36,73.064671,0.2890400614788313,0.09081588118122788,0.08341705843900558,0.24562590466742373,-0.06724265137811818,-0.013659556753489585,0.18287037037037035,178.28470784869035,1.0
-1.191816,37,73.154609,0.276502760980203,0.0612298166026847,0.10748940701518024,0.26153488920080903,-0.04348556280308327,-0.03737554852855272,0.18243243243243243,170.90956231509944,1.0
-2.243867,34,73.259325,0.2725030707575645,0.0396257074623601,0.1196737080857674,0.27244844555856035,-0.021593288550515444,-0.027700280925738296,0.18382352941176472,174.12569899525928,1.0
-2.276931,35,73.345807,0.27721970547207764,0.07308625653066031,0.10120904726172102,0.2614312750218793,-0.05127239791662793,-0.010934684113643072,0.180952380952381,177.73469609622285,1.0
-0.881901,37,73.439241,0.2825967248007621,0.07385115125763841,0.06699910308292278,0.25157664496614723,-0.05739155784567907,0.0035302102220020315,0.1734234234234234,168.67199540950122,1.0
-0.403989,36,73.529322,0.27357015877726504,0.03425430940188887,0.10411649517941006,0.2670117052821651,-0.012166427632349102,-0.05492286173385119,0.16203703703703706,164.53370816486276,1.0
-3.605007,34,73.61203,0.28348274886766417,0.07705108956898264,0.09348400638612621,0.2549560490786132,-0.05804638168431849,0.02367579191146726,0.18382352941176472,174.6277657282241,1.0
-2.081331,36,73.702969,0.28171317717268524,0.0709545993954617,0.08938124087990112,0.254659363170384,-0.04969075991559167,-0.0060928433766047705,0.17824074074074078,176.83547797076497,1.0
-2.320033,35,73.793997,0.2706742801237499,0.08054558145482385,0.11266759644749094,0.2775092292793168,-0.061095818234040526,-0.0332447844982884,0.1738095238095238,172.76849143847247,1.0
-3.16662,33,73.879343,0.2734826919244196,0.0699738363808842,0.11092683859341383,0.27482808958118427,-0.0517260767978207,0.00556071763846286,0.16414141414141417,175.02952117231484,1.0
-3.314665,36,74.000488,0.2883133345557294,0.09001193842162453,0.07572218765418533,0.24557170415791654,-0.06624371406023148,-0.0075350582196734095,0.1875,170.45998179300412,1.0
-1.362963,34,74.087996,0.27170949288948404,0.07351108590392576,0.06001238209016058,0.2763814519619363,-0.053402509010014344,-0.012158457631941733,0.17401960784313725,171.96474221154455,1.0
-2.295642,33,74.172948,0.27316702690430267,0.04848165000436254,0.07096806123030358,0.2736298850834843,-0.02484252665299104,0.011609176986939565,0.17676767676767682,167.4793468052735,1.0
-1.132961,35,74.263459,0.2746623984597657,0.06085200379158246,0.08543923619651132,0.2674409767267241,-0.04724586888266314,-0.011031084973063637,0.1880952380952381,170.83876045570753,1.0
-2.406725,34,74.348575,0.2683283153078527,0.08714495941611096,0.09676642423745134,0.2879185851479979,-0.06334227877272035,0.00821949974026717,0.15196078431372548,177.09382803998582,1.0
-2.093578,35,74.436587,0.27945200189821684,0.0700599728034675,0.07529827065776236,0.26148749562572704,-0.05218823296468956,0.027112693731315588,0.18095238095238098,174.7900937038037,1.0
-1.609173,32,74.516617,0.2689767710090872,0.03594491850491984,0.07200443619667933,0.2908049478418573,-0.01142122739696966,0.014642532807668179,0.18489583333333334,158.6482052282373,1.0
-1.96645,35,74.635051,0.27942544620780885,0.05188595489765791,0.09690249753817973,0.2605078335970145,-0.03818536543049525,-0.024223036779674533,0.16904761904761903,165.72301523511047,1.0
-0.925921,38,74.732607,0.2791900550612135,0.05949389018824965,0.10973395163786402,0.25860895370594866,-0.035442915976402534,0.027791219786627387,0.19736842105263158,177.0467405167671,1.0
-1.032564,36,74.824339,0.2781020194534442,0.05343115249884546,0.08988657406387203,0.2631041480775736,-0.03561194013832872,-0.010894507074719346,0.16898148148148148,164.6710056228716,1.0
-2.204702,37,74.913308,0.2807360390695261,0.06979947934698835,0.11430276786227683,0.25513566122032616,-0.053013086924170214,0.0037182926606730694,0.17792792792792797,182.02581294612256,1.0
0.056874,36,75.009636,0.2702787295286159,0.05073194224583712,0.0760113863349327,0.276750268770659,-0.0289209841954994,0.012865695758288017,0.17361111111111108,167.41871994241436,1.0
-1.282418,39,75.107248,0.28840035287728744,0.06755415194724572,0.09269467159351008,0.2408394785004311,-0.053943917918932854,-0.008551142514573156,0.16025641025641027,173.35736730402883,1.0
-1.752647,37,75.200408,0.27879613854901786,0.0488492175202984,0.13567062851653527,0.2588595994634467,-0.030158470013093183,-0.001260937667366056,0.1644144144144144,175.64808669764236,1.0
-1.57854,36,75.338706,0.2807580416136143,0.04995769269451263,0.10221537455412678,0.25409262589633824,-0.026330556365428512,-0.01604530251546625,0.15509259259259262,170.27056310040007,1.0
-1.060543,37,75.434874,0.27954411107566646,0.06403021020436274,0.06811016397973964,0.25638396959599186,-0.04394403589736421,0.004794772002642462,0.15315315315315317,171.32190508344354,1.0
-1.322525,36,75.534458,0.27922900368828496,0.055273166654348414,0.07765454679641252,0.2592034464619571,-0.03947897889224465,-0.010721583813754163,0.1550925925925926,171.68634179819662,1.0
-2.21557,36,75.629719,0.2813024285196234,0.0760582771813305,0.10675696066331322,0.25553654319125796,-0.05614707842568171,-0.017829676336875256,0.16435185185185186,172.07178306239032,1.0
1.358566,41,75.734772,0.28503737479180496,0.03838370848232536,0.09754314269553646,0.24408512187266088,-0.024962533582885072,0.04832140654442988,0.1910569105691057,177.62139149806438,1.0
-1.49351,37,75.826967,0.2807063616750609,0.048197219450314126,0.09672764163192732,0.255194741318938,-0.03163986871866837,0.00024150608638520474,0.17117117117117117,174.6540574674956,1.0
-2.427898,35,75.910423,0.28108431118849114,0.05543926572728646,0.07555345927201297,0.25707410911663187,-0.034788793567459994,0.015276898433887659,0.16190476190476188,170.7375631612826,1.0
-1.775282,35,76.020026,0.27802347994703397,0.0592657545201595,0.09048737228633047,0.261011217525935,-0.044832720605361975,-0.04383954734469558,0.16904761904761906,167.5901624625793,1.0
-1.418553,39,76.117852,0.287457966216818,0.07838768005593359,0.07907728424343423,0.24213640685038398,-0.06053942269458839,-0.007327297357903401,0.2008547008547009,185.62920312992705,1.0
-2.552051,36,76.20919,0.2846852000926814,0.06845653113353102,0.0892618514879179,0.24946884075023254,-0.04957755317973283,-0.017353943043570488,0.1736111111111111,173.67833671314463,1.0
-0.265441,36,76.302634,0.27433696342864433,0.04675812060207728,0.07669976286393979,0.2688633754954743,-0.028803258140043735,0.016787410324207285,0.1828703703703704,172.34489060552707,1.0
-1.150305,35,76.395562,0.27685371979100837,0.05246606035809338,0.09825238563793033,0.26508137670719856,-0.03600367651744397,-0.005835891147877215,0.17619047619047623,167.54259166060746,1.0
-1.529018,35,76.487512,0.2747053134898834,0.05420437109702756,0.07581340904252128,0.26500079361335627,-0.0350108528082247,-0.019963799789092705,0.1976190476190476,174.09039274377278,1.0
-0.886124,36,76.578859,0.27516292256999536,0.03879903672005408,0.09973504940828715,0.26791270197622924,-0.021199144908873906,0.034020852627994154,0.1620370370370371,173.17818304556755,1.0
-2.168865,35,76.688829,0.2781023568034765,0.053351249532786214,0.09241839119227649,0.2634701472529727,-0.031651185430814466,0.005062826530859768,0.18333333333333332,170.27819072877807,1.0
-2.92339,41,76.792618,0.294808289621795,0.07865181032180894,0.111836940164901,0.22901719137904727,-0.060506587343657894,-0.009159141019425235,0.18292682926829273,187.66732296251135,1.0
-0.655214,40,76.889483,0.28880487456723597,0.043978162029109806,0.09047816578665162,0.23943214250217001,-0.020187519204935632,-0.013890902680451376,0.20625,184.86294245774224,1.0
-1.548535,36,76.978636,0.27878011830206195,0.0705867309220195,0.07327582956839443,0.2588075002869924,-0.04992980486384495,0.0279254241957635,0.18750000000000003,173.8474705540215,1.0
-1.514963,37,77.070275,0.27716999411025833,0.03957347426654125,0.10958291518021038,0.26093196325081874,-0.018467622889285697,0.004720090017443499,0.18468468468468466,179.18932243329428,1.0
-1.992979,36,77.160012,0.2815897958392791,0.06999542731618062,0.09128084210623785,0.25703462165370505,-0.04212874470521497,0.042405611989949576,0.16435185185185186,171.0344055334762,1.0
-1.31135,40,77.261486,0.2855556141788401,0.05133670502010148,0.12011246450266347,0.24454615569285024,-0.033239124690040395,0.002503264475536591,0.18333333333333332,187.043685161067,1.0
-1.439489,35,77.38283,0.27376408813919095,0.05050720419644377,0.08687321949389586,0.2699197878242954,-0.033639124040496314,0.017217492792037978,0.18095238095238098,176.04554190124637,1.0
-3.117092,32,77.465716,0.2735020454394013,0.02808370764476211,0.10714756530618298,0.28108532500747785,-0.004094771019977095,0.004766515946393933,0.18489583333333331,163.02955989051208,1.0
-1.041447,41,77.569816,0.2904749712828446,0.06806944373705869,0.0877372575311508,0.236428851097978,-0.0486216548078277,-0.04462201580308187,0.1910569105691057,179.23802133595595,1.0
-1.56584,33,77.65245,0.26973755238411706,0.03051732392680195,0.09059465736160249,0.2850105631540071,-0.01964882193163123,0.003069947609046561,0.18181818181818177,173.41857077583276,1.0
-1.268244,36,77.7405,0.27851635351871856,0.029668963953385082,0.06747049081843107,0.26025746012488576,-0.0008850354518397308,0.006244269846257633,0.20601851851851852,174.9932861207682,1.0
-1.925941,33,77.823535,0.274008733677818,0.06565533715742695,0.08604885865739129,0.2730569458982348,-0.04564917228516048,-0.01527028382007144,0.19696969696969693,163.19592561821094,1.0
-3.238179,38,77.917538,0.2890075787430027,0.08985079094171812,0.10962662922877299,0.24303641223698064,-0.07010903241970584,0.04427215000483211,0.18859649122807015,190.14647344978908,1.0
-1.727845,39,78.035448,0.294802261874597,0.04712978815731334,0.09437847726756324,0.23216724244737413,-0.028084405676333715,0.01103079917800184,0.18162393162393162,175.2538296392325,1.0
-1.77554,35,78.12434,0.27390186432725305,0.04204716088346983,0.10077025434427687,0.27064432629380775,-0.025415660491320033,-0.006584905499381879,0.1547619047619048,176.9654208015353,1.0
-2.835599,34,78.213794,0.2732281532958817,0.06257380249595715,0.12724332792583917,0.27270353902192496,-0.04090248904717614,-0.035818812770374846,0.1715686274509804,170.5588861301111,1.0
-3.107757,37,78.309991,0.2865179895636488,0.05554313883640156,0.11128507677451031,0.24458133558320674,-0.03300275447661185,-0.007888328525828412,0.17342342342342337,176.96643126436066,1.0
-0.103868,39,78.402063,0.27635250924277577,0.047951287102895895,0.08342105979214658,0.25893898960382133,-0.031121873506760052,0.002749497688555725,0.1901709401709402,181.6004223412318,1.0
-1.052148,35,78.490863,0.2724867299922211,0.07773356600052722,0.07757804897456753,0.27469816568469635,-0.05681441631779314,0.0035911694679503906,0.1619047619047619,163.57339161603207,1.0
-1.481037,35,78.57695,0.27368092781038544,0.04186680810281335,0.10966047675994929,0.26915560122369303,-0.02754407498744291,-0.010610210993280954,0.16904761904761906,174.1301988671983,1.0
-2.453009,34,78.677046,0.2724360305771119,0.057630823230437035,0.10769666282482333,0.2700582040063928,-0.03729985159704757,-0.00030506818228263,0.1715686274509804,171.73467954370597,1.0
-1.295025,40,78.772841,0.2961921524225577,0.0755241437691233,0.06092071359551125,0.22900918743654142,-0.05725491901451798,0.00800952597232479,0.18125,169.29987035469165,1.0
-0.871038,36,78.861402,0.27661236356558977,0.05217614329932289,0.08845233606553024,0.2647523976335028,-0.033233719617099956,-0.027631282792000958,0.1736111111111111,168.662567231877,1.0
-1.632078,39,78.951413,0.29031152128329657,0.06948344709764559,0.09787630515360769,0.2378628402536183,-0.0511066386820129,-0.017799269883156377,0.17307692307692304,170.55262758147833,1.0
-1.719988,34,79.042275,0.26735144500651437,0.07075666230654383,0.06722212617710308,0.2842830470093348,-0.04971260938796464,-0.018591377929869816,0.16176470588235295,177.3856636065744,1.0
-1.709472,36,79.135318,0.28278197119711057,0.07802485706911809,0.07289028375364359,0.2542597610305186,-0.0589381049560026,-0.03147631680688869,0.16898148148148148,168.0677608716182,1.0
0.268245,40,79.235714,0.2837559727661851,0.04681522059882727,0.09258638528475754,0.2470754310892088,-0.03230724937938083,-0.003763413534283199,0.16458333333333333,170.11888969797783,1.0
-1.501279,35,79.357837,0.2826166158840037,0.04147901790783207,0.058535121151805,0.2545510690666285,-0.02328209000532628,-0.029444764663818613,0.1595238095238095,165.95142495079074,1.0
-1.185008,36,79.447601,0.27433340089226443,0.0324241679869501,0.11643726887347451,0.2734530247219367,-0.017390257770538167,-0.0053223596438101844,0.16898148148148148,169.79238777710646,1.0
-0.449933,36,79.535771,0.27365468693438255,0.04566949501026773,0.0712073045736081,0.2692664743943803,-0.024054661128448937,-0.013962866173616917,0.17824074074074076,173.52172795591352,1.0
-2.021623,39,79.631034,0.2916370120949584,0.06833399162278482,0.07566715264170781,0.23566936945091863,-0.0475044173799601,-0.004677530898766361,0.19444444444444445,174.91910375624892,1.0
-2.181099,42,79.747257,0.300702955976366,0.07309050427687622,0.10024329526980974,0.22005003610345408,-0.05807666985930644,-0.025605999114136472,0.19444444444444442,185.4199766168903,1.0
-0.303998,40,79.856194,0.29237042878607855,0.052339611701307354,0.061271166407989776,0.2325238821573019,-0.035872682338188064,-0.026576081621803443,0.15416666666666667,170.9853952531021,1.0
-1.341248,35,79.947529,0.2724261218752549,0.08338537448060653,0.07468909644596074,0.2712048308490851,-0.057340339648574865,0.02811598165022524,0.14761904761904757,164.29990065433776,1.0
-1.469226,40,80.091763,0.291413373855562,0.07987212794077052,0.08696681489396488,0.23391167558007703,-0.059543224684761434,-0.02556672213823948,0.1666666666666666,173.87535048569066,1.0
-1.983984,36,80.177352,0.2822907952162494,0.04319479498202666,0.10511904753060936,0.2546392828015215,-0.018391571962739564,-0.008842503222682558,0.16435185185185192,175.6126927416803,1.0
-0.630837,38,80.26997,0.27480243776431146,0.052658436360115815,0.11500990185876026,0.2644425068976661,-0.036716019066527356,-0.011399420621410831,0.1732456140350877,177.5274820703293,1.0
-1.65577,37,80.358591,0.27715221575006055,0.04272244658743687,0.14072594618225506,0.2632141127325089,-0.02330257914027764,-0.04514876783538393,0.14864864864864863,173.67356234444543,1.0
-2.4639,35,80.443776,0.2727620375754259,0.06687531521431522,0.12176115581517526,0.26909500621795285,-0.04664085538470974,0.023982458672572485,0.1357142857142857,178.41568840486258,1.0
-0.579918,40,80.550191,0.28338513547640254,0.05949646026580796,0.08802116702443036,0.24774062446417178,-0.04061561516922755,0.017476539932988755,0.15208333333333332,180.85043401468627,1.0
-0.911648,36,80.642972,0.27403271506823745,0.053579646223438325,0.06511010857789404,0.2674205128827775,-0.034209485520899835,-0.004558285852802237,0.1597222222222222,171.36472049820173,1.0
-1.111427,37,80.765804,0.2803789355245447,0.07227648124422492,0.08601121744003161,0.25548028404993073,-0.056431689137421706,-0.014583389891658855,0.15765765765765766,167.52142945101392,1.0
-0.879596,39,80.874359,0.2819911918846445,0.07272704567207226,0.08165239974137713,0.25104312911550025,-0.05005396855498465,0.018219714065446688,0.14957264957264957,180.3102761375391,1.0
-0.461718,36,80.964385,0.2756670012157374,0.029100453130668183,0.08455063363186836,0.2636145074697202,-0.010524995505661876,-0.016979436866980863,0.15509259259259256,167.36762050728993,1.0
-0.828922,40,81.065703,0.2911463534673584,0.0634603328799159,0.08881474199077509,0.23458232230622061,-0.04748506804264427,-0.05501733467458936,0.18125000000000002,174.09361870851748,1.0
-1.546857,35,81.151629,0.2703220722000325,0.06795891957271992,0.12116203655811225,0.2756332562304179,-0.047174791324266184,-0.007550047015751561,0.13333333333333336,171.83526501869994,1.0
-1.176003,39,81.251477,0.2920243154391326,0.06155030181183568,0.08150203633487098,0.23611168906480784,-0.0448110642870322,0.01003722092479999,0.14102564102564102,173.42251671676755,1.0
-0.044712,39,81.353602,0.2821285196890275,0.054104280615746216,0.09660830264953305,0.24964047497145223,-0.033264395609224826,0.021143718014228086,0.17094017094017094,173.4607688528692,1.0
-3.053411,36,81.467391,0.28400142246972077,0.0942592267022671,0.07103385217548853,0.24941517701460336,-0.07419123602140516,-0.023869233816440013,0.15046296296296297,171.7812614203019,1.0
-1.887009,41,81.56741,0.2895181237385479,0.07352594393849646,0.1376939115558023,0.2347362292475211,-0.05509975027773525,-0.0391694592241491,0.17073170731707318,188.03297370574253,1.0
0.179489,41,81.671486,0.28546308660955033,0.05466886456294081,0.09607283468994575,0.24232162225703802,-0.0360232884422127,0.00021351138480688037,0.1565040650406504,173.59449509685464,1.0
-1.492936,38,81.769804,0.28828357367834667,0.06906310226727971,0.08580034592742403,0.24111764234904276,-0.0557594452313375,-0.0015497448055655093,0.1381578947368421,174.08651979401367,1.0
-1.789598,38,81.864493,0.2810295850242402,0.0750938963451929,0.11350445087667355,0.2517786730843361,-0.05309972446815356,-0.026531210244451972,0.162280701754386,179.96137415324415,1.0
-0.797361,39,81.965808,0.2828936880670822,0.04774992889280266,0.10410591390367398,0.2491547023578552,-0.02782605195215944,-0.015798453480416332,0.14743589743589747,173.96710401652453,1.0
-1.744449,42,82.093431,0.29519961460947947,0.09686287177426114,0.09196920429065103,0.22927797856309912,-0.07506496824017489,-0.00730774094378077,0.14087301587301587,180.47513788964253,1.0
-0.488465,37,82.185551,0.27743217380334223,0.06416165625420318,0.07314624148611293,0.261358313370608,-0.04746694078370155,-0.03510021820151667,0.1418918918918919,174.03081701079645,1.0
-1.454272,36,82.278446,0.2732334221305262,0.07057377097739069,0.10117952364034494,0.2665096945877255,-0.05321361047288718,-0.03310840692723156,0.13888888888888887,180.63261070321488,1.0
-2.521576,34,82.360902,0.27672258713545095,0.06710836990018129,0.09396148451574655,0.26818453634775763,-0.04955963192805347,0.0054921642532067515,0.15441176470588236,172.5284761817775,1.0
-1.207677,34,82.438051,0.2702059928254982,0.04734415456625803,0.09671445551781416,0.28031723476374404,-0.03077491464779713,-0.0227741467231439,0.1495098039215686,170.09732818992367,1.0
0.104203,43,82.539814,0.29164767929521507,0.0809133891988598,0.0885208467948047,0.23283843655563954,-0.06526660199947348,-0.018956755117501486,0.14147286821705424,189.16735530601025,1.0
-1.517018,40,82.637284,0.28936520588395453,0.07635696646627027,0.08861340863953296,0.23814879070913322,-0.04943311543098009,0.022104150980095542,0.15416666666666665,188.59116675802804,1.0
-2.648652,36,82.754393,0.28625126135103574,0.07205882952075239,0.1102659137379762,0.24699310361211685,-0.05536829451434588,-0.007004278209255875,0.16203703703703703,170.6696771862942,1.0
-0.444638,37,82.843178,0.27936204692047706,0.05750606641700944,0.07241479414093,0.2540427444729354,-0.039882231452895205,-0.03159841164934823,0.15315315315315317,169.3792365731329,1.0
-0.515396,36,82.927121,0.27256661071942667,0.06922171846803737,0.07627158744391965,0.2683669463399229,-0.05022988699157041,0.01125617305369988,0.11342592592592592,175.74589611562655,1.0
-0.205013,44,83.034302,0.3013043402861203,0.06251460132901164,0.0753119728933381,0.21786880255504085,-0.04342840257927851,-0.025622043438889252,0.1553030303030303,175.24704627216371,1.0
-0.174383,39,83.125319,0.27865120880539296,0.04064972666577564,0.11412711661364751,0.2545100420902282,-0.02229367892338629,0.004890311392139195,0.170940170940171,179.33212376418987,1.0
-1.409838,43,83.226309,0.29980264737373696,0.051509901210039066,0.13977386039951653,0.22104463364789942,-0.02780033976902987,-0.05287753193861319,0.1472868217054264,178.89409577143437,1.0
-0.276347,38,83.338798,0.2838958212510747,0.04958009632831089,0.06536240300447249,0.24835914422532177,-0.032944832993946495,0.0009277918208836657,0.16008771929824564,168.1317837188871,1.0
-1.868631,35,83.422381,0.2794512313721358,0.07704183303282879,0.09254578586318866,0.2596426136187752,-0.05768529203943646,-0.046166830403029685,0.1547619047619047,164.91953859865515,1.0
-1.469011,44,83.527589,0.30783696271083627,0.07248477204867235,0.11588040313289678,0.21103445340134763,-0.05675263837123199,-0.0274437758428304,0.16287878787878785,181.17706121086974,1.0
-0.832146,39,83.621099,0.29238164304970843,0.048089176577200826,0.07618375582817283,0.2350584503522711,-0.026136706956636415,-0.037283651207371954,0.14743589743589744,165.61129322353344,1.0
-1.425786,37,83.710207,0.27987078157315837,0.06566569865760975,0.12685129781669527,0.26011655070961937,-0.05018706209773619,-0.022832452341402194,0.12162162162162163,162.26206362697042,1.0
0.059922,39,83.811527,0.2812345171719626,0.05474624502554342,0.08867599309254803,0.25359510754812514,-0.027794141934568185,-0.044114966271641354,0.15170940170940173,168.72042218515284,1.0
0.650722,39,83.908904,0.27600275106380523,0.04755917856774053,0.08735416431701339,0.2596768669911965,-0.03402863552175312,0.014379709094773641,0.14529914529914525,174.0844772013557,1.0
-1.25184,36,84.026824,0.27648378020728864,0.055801366621500016,0.09962335938217215,0.2631886990429575,-0.03502283007886839,-0.04919838609196818,0.14814814814814814,174.31165975357888,1.0
-2.180869,37,84.116896,0.29237660592345194,0.06419345952642241,0.07400545394636163,0.2352175691175438,-0.04401677711457006,0.004249070654057669,0.15090090090090091,172.06410318281164,1.0
-1.749777,43,84.224406,0.30223534796077806,0.09666199233326529,0.07768862307443893,0.21827528587866607,-0.07796228453400514,-0.047803162523939347,0.1511627906976744,176.9122473246382,1.0
-1.33973,41,84.328147,0.28830332085157734,0.039293926733677695,0.13809012461702846,0.23663208427791751,-0.018177947919092458,0.001539366560399877,0.15447154471544713,187.46250177668105,1.0
-1.37166,35,84.419029,0.27352012849179375,0.07046140715735387,0.05999307534277846,0.2680632167903669,-0.04518021516464448,-0.014926274877347006,0.17619047619047615,166.37834797364133,1.0
-1.594914,42,84.518748,0.3016255259494624,0.06298224922243165,0.09123222068131398,0.2196437717262573,-0.046718574895005235,-0.021594270488383933,0.1626984126984127,178.36847504996072,1.0
-0.314754,43,84.629308,0.29107410409072365,0.06607206941545087,0.10948686233812932,0.23307821037441284,-0.05114337980917876,-0.025428394429329267,0.15116279069767444,184.47958342496383,1.0
-0.75221,41,84.789443,0.2914502782955494,0.051676641813004215,0.11651270480909176,0.2351002408154359,-0.035508036319915094,-0.027535267410440913,0.16463414634146345,179.95199254816075,1.0
-0.84917,41,84.891791,0.28925960337058615,0.048798119079553684,0.07426798896160315,0.2387220680987645,-0.027465771405911547,-0.015705363893825666,0.1727642276422764,182.40691113399686,1.0
-0.202726,40,84.992208,0.2875899945431357,0.048481986716698955,0.0777952560406499,0.23941414509959347,-0.028163883085085245,0.004064680282025924,0.15625,176.07574819059363,1.0
-2.326458,36,85.080726,0.28733693642477703,0.07367644513405798,0.10195659620845296,0.2453882092157612,-0.059150575782883026,-0.04733941254383657,0.15046296296296297,164.9258863888581,1.0
0.04177,40,85.178076,0.2919579682894229,0.0388232800251576,0.06679266576105053,0.23378808857774375,-0.018278247145213176,-0.0001864004687191922,0.15,168.91672602287306,1.0
-1.647017,40,85.276397,0.29073690761420795,0.08264155265070088,0.06728560949766461,0.23521318315026774,-0.06064703722327127,-0.00626989624857527,0.1625,178.75106038660232,1.0
-1.327699,45,85.419364,0.30699835410889764,0.06527667167252109,0.0915772759927588,0.2117318262161677,-0.047239933842957035,-0.009802826067929793,0.1777777777777778,183.67943662520986,1.0
-0.80617,41,85.521779,0.2924776044006768,0.07349544381657944,0.0996939245372376,0.23428805244097484,-0.052436329057338846,-0.007249163469930585,0.16463414634146345,171.384188981429,1.0
-0.883013,37,85.616543,0.2721657616557514,0.06452348743841904,0.10567458493614766,0.2690084040267915,-0.04471902993664971,-0.06423663293693929,0.13738738738738737,178.12483618556817,1.0
-0.345264,43,85.725332,0.2988139527629498,0.08279667011339899,0.06907277219333753,0.22465546583454876,-0.06369477338883756,-0.03364780898555731,0.1550387596899225,175.46973926672948,1.0
-0.905057,41,85.826339,0.29037561028981074,0.06443425333711908,0.10314509557494068,0.23503849720141914,-0.04350470046423804,-0.013252737801732634,0.16666666666666669,180.75000903688866,1.0
-2.403394,38,85.918541,0.2895949868097153,0.07818043851443272,0.10515525273858979,0.2378604542374163,-0.06150584980026476,-0.031057082832384647,0.15350877192982457,176.05222405890746,1.0
-0.994854,41,86.04095,0.2953882620379592,0.06323877585183224,0.07808804135928565,0.22810054234877158,-0.043597080687212825,-0.02244121362080233,0.1382113821138211,174.96366505377972,1.0
-1.43308,39,86.135301,0.28279476560830463,0.06267217934430143,0.1200421051304891,0.246788535565412,-0.03894916612108843,-0.018276246901928805,0.14102564102564105,177.29108330454653,1.0
-1.684838,41,86.234771,0.2968387035354767,0.06821107296469343,0.08144920251481082,0.22692612238919815,-0.048753073905973374,-0.00011673018155781639,0.16056910569105695,176.23554151266808,1.0
-0.282955,40,86.33259,0.2832229749472996,0.07081876405454844,0.07943411411494021,0.24647880585783075,-0.05148893857704971,0.005648866813381051,0.16249999999999998,175.54447912327606,1.0
-0.335309,48,86.444346,0.31339720232482343,0.0484047069092459,0.09306363217865926,0.20225854482603553,-0.034076050042289106,-0.01674653243566591,0.15798611111111116,183.76664831872176,1.0
-0.768565,35,86.528184,0.26995585116672166,0.05033652046911353,0.09017864807690125,0.27249533126473807,-0.025538043751976353,-0.034893530539263674,0.16428571428571428,177.35147004191322,1.0
-0.698809,38,86.619833,0.2865713806539965,0.046652729308738546,0.08188490896209003,0.24383697539217267,-0.02562856749418977,0.013706202087151769,0.12280701754385966,168.04225076156374,1.0
0.94635,42,86.767799,0.28802836548680005,0.0638504080076294,0.07480644906019344,0.23695822610336137,-0.04480376785836491,0.008812272060620522,0.1626984126984127,176.63492749448127,1.0
-1.553899,43,86.873648,0.3042383644595373,0.061002872813376297,0.08600828709044635,0.2149232053784734,-0.0435091582106274,-0.020316210046509443,0.15503875968992248,185.11817396779654,1.0
-2.892711,41,86.979575,0.30008518118228794,0.08255712705298139,0.11444829013473612,0.22023897216157937,-0.05950295167834476,-0.06959600937058681,0.16666666666666669,196.80424422908064,1.0
-0.146127,41,87.077245,0.28967283147050477,0.057798145177769794,0.0891555183694145,0.23580955683205404,-0.0321318782008023,-0.02032944129876535,0.13211382113821138,183.75409872637863,1.0
-1.936511,41,87.175506,0.2977346198185428,0.06461967887319653,0.08955934198677565,0.22453817565170353,-0.04064330932305578,-0.027255116606711448,0.1686991869918699,184.22235280178054,1.0
0.534079,40,87.276899,0.28362733608568685,0.05321643128695291,0.06876722299549701,0.24640833657545294,-0.03346645287824967,-0.027039913527224207,0.13541666666666666,175.16528346730806,1.0
-0.61839,41,87.401141,0.28898224411664314,0.06963700520818722,0.10013301182746617,0.2364031460738817,-0.04966060713669667,-0.014201163996181316,0.16260162601626016,178.37883872229145,1.0
-0.844842,40,87.503362,0.28722727508411955,0.05995107385074909,0.10523714477248797,0.2383176455316726,-0.03229754573851217,-0.042264887989733456,0.18541666666666662,180.45198370125246,1.0
-0.536647,36,87.592963,0.2753109921300414,0.03197908643536584,0.10690046773025898,0.26622868740371014,-0.010308800661166647,-0.037896607888422626,0.1412037037037037,160.78634747776698,1.0
-0.535619,37,87.684678,0.27926161517754766,0.03926112265091043,0.10086342057235242,0.25687679133734825,-0.018400879031097384,0.0271863939335918,0.15315315315315317,169.47410901360462,1.0
1.121455,49,87.804525,0.30724622648828165,0.031499944761112626,0.09911967321407623,0.2097214499726273,-0.011459516531071117,0.012156954708383693,0.17346938775510207,179.98897892965033,1.0
-0.814792,38,87.931467,0.28058025405518205,0.04453822502662023,0.10040964937755456,0.25324840724213393,-0.02748133576262055,0.03354348775683246,0.14912280701754388,173.46652644967898,1.0
-1.541883,40,88.102205,0.2940211377758786,0.0801864847883103,0.08483914104197113,0.23058835373962658,-0.05978065188776114,-0.007683692112015053,0.15416666666666667,174.09053939850529,1.0
-1.209992,40,88.21414,0.2866380685230747,0.08000935353829812,0.11731835113041934,0.2413919593608565,-0.06155814370220288,-0.04167126783294449,0.16666666666666666,188.08425451481696,1.0
-0.760977,38,88.310053,0.2851733409454881,0.06817683307137035,0.0781988027594258,0.2464228329321693,-0.049550570154598496,-0.0070438684957349175,0.16885964912280702,181.1178630609489,1.0
-0.590303,39,88.417545,0.28560961085419134,0.06586910256889933,0.07008262030942428,0.24396685050046882,-0.045738876996228875,-0.027642526289287705,0.14957264957264957,175.09271387963295,1.0
1.50448,44,88.531949,0.2895466858337404,0.04417296403326255,0.08613440188213667,0.2362282470911183,-0.021929128042235395,-0.01011371718204581,0.16666666666666669,177.5954592021383,1.0
-0.198021,43,88.63806,0.2918791355190069,0.04032713647512326,0.1303310524284334,0.23303325290284402,-0.011756609699787894,-0.005935588954762296,0.16860465116279066,180.71271439911482,1.0
-1.602628,38,88.732868,0.2889717224726027,0.08007962883553403,0.07225751134658095,0.24053181627891165,-0.06169319689416789,-0.029641625249093407,0.16008771929824564,168.96945773088862,1.0
1.221875,46,88.87004,0.3007075340102124,0.05499467425200722,0.07511497544924248,0.218768619525384,-0.03410362622500151,-0.015113786699200072,0.16847826086956522,186.1793550241435,1.0
0.110039,43,88.976626,0.29828160003986215,0.054342782736756634,0.07687533845104044,0.2252026898302354,-0.04102719796025285,0.014062085153066374,0.1724806201550388,183.80330578646343,1.0
0.082536,47,89.092136,0.31099940310365237,0.057993461507595254,0.07841069400000876,0.2068680029165672,-0.040939767652879336,0.018171580614057943,0.1524822695035461,186.72180802390145,1.0
-0.392687,40,89.189107,0.2846757749206468,0.06844612064253353,0.10494822071897222,0.2436075518456015,-0.052876534222665486,0.038251848427057866,0.13125,175.45787496469129,1.0
-0.192769,37,89.280092,0.270833207930676,0.06534624316151792,0.07284352866921653,0.2725946118699846,-0.04334400759019984,-0.042375879360375165,0.1554054054054054,170.5427624837667,1.0
-0.261679,39,89.374788,0.2880653964512585,0.03453957190427719,0.08421431910891011,0.24180733540138413,-0.011415061518454039,0.006415516555881147,0.17094017094017092,170.60684718144066,1.0
0.376535,42,89.508459,0.29104435507694115,0.06693587998605369,0.05951312009067156,0.23499946913488304,-0.04401386036509381,-0.01847844219124581,0.18452380952380953,173.9395187634591,1.0
-0.246037,42,89.612067,0.2904494768470004,0.04337470964226816,0.09127928340140963,0.23487666233416774,-0.024126212122215003,-0.0005516194357332813,0.17658730158730157,176.50774083795758,1.0
1.939772,43,89.720412,0.2836934872483013,0.04225681687888785,0.0845670906263623,0.24536988154356146,-0.023624281604366578,-0.002413794392738781,0.1744186046511628,174.84772752181024,1.0
1.107641,43,89.826846,0.284406199054272,0.062395301500711264,0.10953483977184153,0.24243774798182743,-0.018898237902697346,0.027806778657333706,0.1317829457364341,186.48560384829972,1.0
-0.471551,42,89.930831,0.2971529775245033,0.03743654804793731,0.09802885652310026,0.2266942208675174,-0.011080040006256063,0.03763140233030775,0.16666666666666666,179.9701823297582,1.0
-1.906337,36,90.027389,0.2810448910147524,0.039865715363142706,0.11663759674725169,0.2534006571536218,-0.01601716752430908,0.013237984523945619,0.17129629629629622,167.67873244717188,1.0
-0.079119,41,90.158818,0.2928546178132528,0.07617836716358836,0.06773547888135349,0.23179868988479266,-0.053419645541577084,-0.01815747516943256,0.16869918699186995,164.08828749271237,1.0
-0.762065,42,90.266864,0.2945181133898733,0.06909827179491285,0.10575161085417488,0.22891267902135745,-0.049965639414131575,0.01519386704255545,0.1686507936507937,181.0680088458542,1.0
0.900728,42,90.369588,0.28021599867025127,0.03155424419619321,0.11893439055451367,0.24962885936961104,-8.408160392294744e-05,-0.001174440815557052,0.18055555555555555,180.81840501302048,1.0
1.14889,46,90.482725,0.294926322988017,0.04163440896277402,0.11282184194721101,0.22656333548868499,-0.024450753826128886,-0.01752556897694651,0.1521739130434783,189.95419061363143,1.0
-0.475928,50,90.616353,0.3195813696459873,0.07411015293205513,0.087251340410594,0.19501642054328897,-0.058985249471320896,-0.027515149824362185,0.16000000000000003,185.46006077300171,1.0
0.470812,43,90.725405,0.2934806030387513,0.054184103590249076,0.0964634346482395,0.2307108885051678,-0.030388513514852118,0.026470054216612728,0.1782945736434108,181.57228922058732,1.0
1.195114,43,90.860338,0.2880750320429134,0.04925114222854694,0.08355431852291993,0.2358137549374071,-0.026305639724496857,0.004365794008913338,0.1627906976744186,181.57611999108428,1.0
-0.163768,40,90.96234,0.28930637782118857,0.05019707012690381,0.08418360739677305,0.23606459500856056,-0.031265512376029383,0.01046593691969143,0.17500000000000002,177.0997739965599,1.0
-0.327425,43,91.073833,0.29553097073652906,0.049439901844495475,0.09576734001173849,0.22548146840173908,-0.014969908650159215,-0.0022267182396716557,0.17248062015503873,179.06750003449415,1.0
0.569925,48,91.193134,0.3091822029369894,0.030282961989344957,0.10156752215739177,0.20911459686118736,-0.0018560759683223591,0.0401904467106265,0.15624999999999997,179.41303298898285,1.0
0.982207,48,91.313497,0.3071007684717461,0.04574844327600592,0.1038758579338534,0.21077873633454905,-0.024707624574224877,0.012494407768123475,0.15798611111111113,179.92840004678985,1.0
-1.187363,45,91.728184,0.3057121083407875,0.07731142942566127,0.07749750726532838,0.212890039569154,-0.057242929150553304,-0.010973902496438159,0.18703703703703706,182.71889246424527,1.0
-0.088739,40,91.830762,0.2844292446659378,0.04590538447240285,0.06877771834885284,0.24347018772600185,-0.0009092316450626383,0.020888459425104568,0.1583333333333333,181.38873277300354,1.0
0.411802,42,91.940696,0.28763603000669086,0.03414415758792945,0.09064305175913002,0.23804072978593274,0.0019370835682652743,-0.017366193577110757,0.16468253968253974,176.5575820867502,1.0
1.505238,44,92.050661,0.2857611409424782,0.05003844832992182,0.10688867155526834,0.24040244916294695,-0.029873552489512914,0.014626973569929574,0.1609848484848485,185.53473203630838,1.0
-0.726938,38,92.144686,0.27931313134401436,0.03490350074667939,0.10234709894218218,0.2532876795185497,-0.010331685749991708,0.03432687670700395,0.1666666666666667,172.44896451378628,1.0
0.98393,40,92.243752,0.2805197404631535,0.043451346180620694,0.07257976678542853,0.24874028685191102,-0.028441945161894373,-0.01611808655720281,0.1625,179.3169976471141,1.0
1.824317,43,92.355564,0.27927755491330597,0.028116092203663776,0.11106884329536798,0.2501353550912004,0.007012579593608099,0.019414063472928077,0.16666666666666666,182.90262984037975,1.0
0.723887,46,92.495236,0.3030135615190481,0.03476127434363757,0.10434307207505909,0.2162797320830361,-0.01644137469525224,0.03410104496829196,0.16666666666666669,181.43901892883724,1.0
-0.708691,41,92.598455,0.2965102385654775,0.04204796761560864,0.06601418466739914,0.22759768447469225,-0.018615221671822273,0.0005387604205038583,0.16260162601626016,170.19114253031915,1.0
0.862929,38,92.689795,0.2780552639407457,0.03817565240267053,0.056529350650579804,0.2576643832851544,-0.0165441605195591,-0.001083638164164547,0.1578947368421053,169.93375947109197,1.0
0.211243,49,92.809931,0.3151926662407453,0.05694268126619596,0.09599573939233533,0.20140492835541485,-0.040522872436320814,-0.007210549341188504,0.16496598639455784,189.2224512571716,1.0
-0.1454,41,92.90975,0.2917626559455593,0.04035224104074348,0.08257643411251091,0.23270951181035418,-0.01428932178752667,0.0022015635535873055,0.17073170731707313,167.9818681288733,1.0
1.034259,51,93.072091,0.31678754038895013,0.027539283607074035,0.08776753527395312,0.19844631394337187,-0.008487840210670061,0.020757249376029813,0.1797385620915033,186.39433885622844,1.0
-0.760337,41,93.172508,0.29274268903025763,0.04617722383665326,0.1150518558928966,0.2313202638206365,-0.02709367349399909,-0.015155751563312026,0.16463414634146348,179.44572055663923,1.0
-0.746551,40,93.271634,0.28516846595297285,0.04098122591535341,0.10573079551524493,0.24172340052180724,-0.020496993341624532,0.048730277568043025,0.16666666666666669,180.74771612406533,1.0
-0.053816,39,93.370884,0.28552056086710303,0.0310577993156774,0.07884370970575497,0.24357151617648334,-0.006948002140757797,-0.015133393175541134,0.15170940170940175,168.78929058368516,1.0
0.186874,39,93.46561,0.28167025681811947,0.05899669110289174,0.07725338056251642,0.2497855806130336,-0.03492558193890585,-0.033091472076344775,0.17094017094017094,174.14933089496893,1.0
0.593353,41,93.566539,0.28735429079704894,0.0340709209642795,0.08451323617172396,0.23919648951149883,-0.005529174458925771,0.01050077627012561,0.1585365853658537,181.05620362548933,1.0
0.471336,47,93.68373,0.304659191388347,0.029450043112570132,0.11233870749519487,0.21496827600687232,-0.002268336614540547,0.06452513453618207,0.1719858156028369,176.93061756460673,1.0
0.469068,39,93.804618,0.27743520083953394,0.0330324387144927,0.10963199770614479,0.25527331907669276,-0.010061185988176614,-0.019042371438424854,0.16025641025641027,172.50341085,1.0
0.068749,52,93.933824,0.32315200750686607,0.03541424096023037,0.08153388929221947,0.1919971736735301,-0.014074015090940988,0.024882688534597727,0.17307692307692307,193.10779238957633,1.0
-1.183281,42,94.039395,0.29669730025816643,0.034215553344088934,0.10438416459337777,0.22744065116816362,-0.014026695832118402,0.02066201712377904,0.1567460317460318,186.01054686217392,1.0
0.527717,48,94.155306,0.3081928920886757,0.031713707655260014,0.0928856094161656,0.20871341178610672,-0.0017006589837830946,0.01385902632548923,0.17187500000000003,178.76006488603127,1.0
1.430953,45,94.268697,0.2913612257870417,0.034262036602928495,0.07980145431426712,0.23189467864757213,-0.010110693972538377,0.017329863543928275,0.162962962962963,187.37983150071426,1.0
0.35739,67,94.466962,0.35826189985861395,0.044058937084577886,0.07574607285511335,0.1526530711729529,-0.020160646395573276,-0.007687040012287639,0.19154228855721392,199.95727267172586,1.0
1.895984,47,94.577881,0.2918525545268001,0.02502101514820711,0.10736632175001212,0.2316590363657512,0.004078563693542599,-0.0009515149182492493,0.18085106382978725,184.89363394946915,1.0
0.259859,46,94.687437,0.30155819990778376,0.04745136720010719,0.1039506616015948,0.21830975885463497,-0.015006215407559259,0.004241452450135149,0.1702898550724638,195.6382525115877,1.0
0.864438,42,94.789574,0.2870250623950099,0.02120025697197254,0.11386162094297789,0.2404075040789214,0.004366481763750053,-0.004198038469536333,0.1527777777777778,175.49619943086745,1.0
-0.724551,39,94.885105,0.2839693315938305,0.05601286472808601,0.09602817030593096,0.24532705410397881,-0.03522474345498857,0.008683256813179815,0.188034188034188,181.51340957644032,1.0
1.35692,47,95.068603,0.3023612715538935,0.02647402259218707,0.07017353671319561,0.21699912879271582,-0.008089425754463432,0.010025951856463508,0.18085106382978727,181.56016203280063,1.0
-0.819266,37,95.159512,0.278139727526459,0.04613911009828498,0.09798106642210853,0.2557983859690644,-0.010043415064968537,-0.0099358441811741,0.18693693693693691,178.73167264964613,1.0
1.457255,42,95.261184,0.28774239045782257,0.030674600411145638,0.06830757784447414,0.23854814164696325,-0.008989968101428322,0.010808317063458403,0.17857142857142855,173.86961981559668,1.0
0.433672,45,95.372165,0.30325671229233864,0.036642394148401425,0.06691432121985663,0.2167897292880717,-0.0014221803819714168,0.01475820035112577,0.18518518518518515,182.73508322851643,1.0
0.34629,38,95.470964,0.2805109400439602,0.04440953379690431,0.07282518432166417,0.25264572013765596,-0.021951236022061626,-0.008215303853804725,0.1995614035087719,176.7897931910068,1.0
0.341398,40,95.573792,0.28394881132432387,0.053484014518222794,0.08304282894978667,0.2461143834359647,-0.03138929817976995,0.039952852047872675,0.17500000000000002,175.15429561767863,1.0
-0.261567,40,95.672566,0.2870631804550586,0.05844472994931118,0.08515450284416817,0.24085610198967355,-0.03594564768684881,-0.004391696559974237,0.17083333333333334,176.57144234455572,1.0
-0.654434,49,95.818366,0.31788019512306365,0.0455026336498957,0.07049568176511857,0.19838097739258212,-0.024175925370311015,0.002038162086124657,0.18027210884353748,193.5250387208302,1.0
-0.966746,47,95.932785,0.31986277143396913,0.05272748858550369,0.06716256506838537,0.19406470679749943,-0.03883315869436641,0.014061775830570352,0.15602836879432624,180.76596791474603,1.0
-0.057092,41,96.03732,0.28990451092450403,0.02479721930001749,0.08508764120043111,0.2355219046972151,0.0010305628255118712,0.007800554329900201,0.1585365853658537,182.57790273851148,1.0
-1.073567,39,96.134396,0.28935563692093735,0.036221337729715856,0.08374035370925084,0.2375529470315361,-0.006291579238386315,0.02220535394523573,0.16452991452991453,169.58130170239158,1.0
0.397441,44,96.242988,0.29807631290120284,0.0298183562515842,0.10315817750578116,0.2235291991646305,0.0021489360130979664,0.00471612374386462,0.15719696969696972,176.10871159573807,1.0
-0.147058,45,96.359119,0.30547907431995863,0.02808000431670595,0.07607675164915745,0.21383025896579155,-0.006790658469083082,0.018868471554899992,0.16296296296296298,178.13136634817985,1.0
-0.195454,49,96.517728,0.32063362991305905,0.027892811314747787,0.08597548336843856,0.19465857041835355,-0.004521634970551914,0.018391464253545004,0.13945578231292519,180.40311925497093,1.0
1.141858,63,96.675448,0.3508104039060497,0.04112467591241344,0.07671407302334175,0.15966923345650563,-0.024203160291341178,-0.002604235754694089,0.15873015873015867,195.6887225409702,1.0
0.906013,51,96.803659,0.31361851495436605,0.03142796485674371,0.09711603932331511,0.20249474630690442,0.0018566757701500834,0.03189882610094625,0.1584967320261438,185.51086817598832,1.0
0.305734,43,96.904064,0.29559628662530796,0.029071526114551306,0.09709917969017547,0.22607658815449963,0.004609176014641555,0.0231049552820267,0.16860465116279072,182.219664920796,1.0
0.229373,44,97.013226,0.3015852056857613,0.024076839012210412,0.0638357549327019,0.217907688901409,-0.003227597399038894,0.008113027293159221,0.14772727272727273,182.03901433884576,1.0
-0.821176,46,97.176,0.30454914859511145,0.02971316120526848,0.1217345351509715,0.21497079769151703,0.0013287065891856651,-0.012891181094080684,0.17391304347826084,189.4192469036455,1.0
0.127175,46,97.284406,0.30168204149864086,0.06586654089016593,0.07258559901531085,0.21921756120317956,-0.04204751238645425,-0.022996364135551946,0.16485507246376813,181.46832674880807,1.0
1.020095,43,97.38704,0.2921140014699052,0.039059543099523336,0.08213250097137818,0.2325702858600284,-0.011877275740762229,0.023889992863781476,0.18410852713178294,175.1882718826414,1.0
0.530047,41,97.487498,0.29122989012252926,0.041678969456475694,0.07795013140392386,0.23305410341725968,-0.015425762375044815,0.003523052932709301,0.16056910569105692,179.27533456188627,1.0
-0.370498,37,97.576083,0.27752562570468675,0.03587992398868327,0.0922086571319623,0.25851846616064866,-0.008442673972989001,0.03610957466827902,0.15765765765765768,173.03279993973763,1.0
0.551947,41,97.678575,0.2904179176541744,0.04333330708481039,0.06973640516217695,0.2344942972168398,-0.02316117183171397,-0.03342865221068017,0.1890243902439025,176.9364298841427,1.0
-0.139403,47,97.810329,0.30618589165226934,0.05390507399559869,0.0829616902701219,0.21043071058090654,-0.03240533422978346,0.006692060155706617,0.1790780141843972,180.0037699817171,1.0
-1.095017,47,97.921696,0.3113851342119812,0.03688770024006597,0.12202384089662226,0.2055765501554751,0.019930735622034908,0.052513694848253155,0.19680851063829782,179.34788860158304,1.0
0.537451,46,98.049708,0.3024149231128956,0.04006174263723202,0.08353829004677982,0.21674403747613083,-0.018990105180247418,0.01155643334442485,0.17391304347826086,185.6423824919581,1.0
-0.967379,42,98.155777,0.29540736020455355,0.06283782053085697,0.09104315052207933,0.228704549581623,-0.03366125281541563,-0.0052597477234613485,0.18253968253968253,181.6307455279944,1.0
0.355429,45,98.271613,0.3042768084975194,0.04507457144992517,0.07982289344984751,0.21548338274575773,-0.017455734161852265,0.022285000690708878,0.18703703703703706,177.84425998543443,1.0
-0.910192,43,98.403479,0.29996493783367123,0.03584360854376327,0.09796918745359594,0.22084548087335693,-0.007229754521203637,0.006821379187729208,0.1821705426356589,178.80713154506236,1.0
-0.966714,41,98.507994,0.29479171573271273,0.03167246836390916,0.09310956095444818,0.22957981011794854,-0.002995132913595514,-0.0011532412754108221,0.20934959349593496,178.93318669501596,1.0
0.007195,45,98.626169,0.2985098113075879,0.05232503953872192,0.08587731078940596,0.22309103535917316,0.0022983089623535803,0.011951677819502748,0.17962962962962964,172.28589929300168,1.0
-1.202173,36,98.712183,0.2772683665148157,0.05102834856297088,0.0808314059291253,0.25946321395406213,-0.025269214764282732,-0.011960857239411843,0.1875,174.5080964564476,1.0
0.865919,41,98.810772,0.2845296833356665,0.05798769922096075,0.059000840582617405,0.24295899127129372,-0.03319662222562129,-0.017307287912445766,0.16463414634146342,175.0168915192156,1.0
0.068698,47,98.925185,0.3114901468003248,0.031999638042461635,0.07857926380655919,0.204675197274299,-0.008112337451747186,0.015966260585419008,0.1719858156028369,180.0678343353009,1.0
0.553175,42,99.030145,0.2913592098488763,0.03771388571920735,0.09512132156623884,0.23382120151813796,-0.018409475214590677,0.023729545921633417,0.1765873015873016,178.9759790333961,1.0
-1.256502,47,99.180427,0.31201348444267,0.029938470400241314,0.09871523627317862,0.20524530987695871,0.009260051714183827,0.01685920151885517,0.16489361702127664,185.94205876838447,1.0
0.560276,51,99.310698,0.3186796133920237,0.03806217242813007,0.10503979046329623,0.195766071245496,-0.01519585662271132,0.011515404102057931,0.1781045751633987,181.73491335081042,1.0
-0.112646,43,99.419584,0.2998019595953841,0.029927172326129108,0.08233168405194048,0.22196758225665725,-0.0030510730699870128,0.021190509988822794,0.16666666666666663,177.35160126665863,1.0
0.151235,45,99.526727,0.30721979526256665,0.031024611013328734,0.061069707588911094,0.21012410433666093,-0.007550677804750736,0.004576521314775843,0.18703703703703703,175.58850457555658,1.0
0.443917,46,99.636094,0.30198216975629144,0.04343460888000787,0.07881961903854583,0.21907182095037303,-0.015784081591048205,0.01024002693579636,0.1829710144927536,180.78820137723574,1.0
-0.892117,41,99.769284,0.2882649230473896,0.032193081863898056,0.11491592531774648,0.2379528357335963,-0.003108655571845783,0.053547989287172575,0.17276422764227645,183.58256795913135,1.0
-1.004365,43,99.87781,0.30051802077743006,0.03905849960911221,0.0892538521443791,0.2203196613864032,-0.014188349859838146,-0.007418987748814799,0.17054263565891473,182.66053481025753,1.0
-0.299935,39,99.977534,0.285019451895437,0.04750168842103277,0.07301103156683471,0.2443480406605646,-0.029284266161376075,0.017993909647096816,0.16666666666666666,178.2676836849506,1.0
0.10994,44,100.082407,0.29803580235046234,0.0541409612145557,0.0927473782122325,0.22285884322557667,-0.02863373022296056,0.013543352930139679,0.17613636363636365,180.050341412023,1.0
1.480314,48,100.203579,0.3078142396461507,0.04243727948181215,0.06084716070801603,0.20988615709379618,-0.02292096226689479,-0.007979251612616693,0.16319444444444445,190.94401173732123,1.0
0.30173,41,100.307876,0.2870609541049102,0.0359112042403161,0.08038926585754828,0.23962250422160852,-0.007808824015294934,0.015069178033596633,0.17682926829268292,186.80169346550343,1.0
-0.137868,45,100.460853,0.3031821580914838,0.02685274926932488,0.08698345361387565,0.2161235542732755,0.000638036678545136,0.00668713520831379,0.15925925925925924,179.25062704429007,1.0
-1.0028,41,100.562298,0.2983485012859436,0.028064774272062495,0.07521737918714379,0.22507954257830481,0.00483930208939091,0.03136806286051509,0.16666666666666669,176.3692088705507,1.0
0.859065,45,100.676442,0.2959641927993275,0.04777744601802103,0.0952601519446251,0.22615362778491288,-0.024619064547101818,0.04874670867780077,0.16666666666666669,189.45921102883028,1.0
-0.548173,43,100.787907,0.30285033854178967,0.02633143128951893,0.08135715266687404,0.2178259639347235,0.0029391219466962906,0.03944778134963477,0.16279069767441856,182.22103792325726,1.0
0.75582,46,100.902406,0.2987732768573283,0.025917866099866568,0.10921483174690623,0.22082032292399809,0.011064598929030887,0.04791981735380552,0.16123188405797098,182.74466826877344,1.0
-0.302298,41,101.009169,0.2912943286610862,0.03312599810059259,0.10176870975276642,0.23328427317547581,-0.006908606085920688,-0.006156983138745648,0.15040650406504066,170.60131617569073,1.0
0.807638,44,101.146724,0.29363664153823377,0.041983108322661916,0.09086681419313496,0.22863059074637226,-0.018078025350513803,0.038337325706075065,0.14962121212121213,184.451013231481,1.0
-0.923426,39,101.249483,0.28634253467874726,0.04250956565349338,0.07377009433534616,0.24310635705761938,-0.011433953320481178,0.023428801512010697,0.16025641025641027,179.61221463394946,1.0
-0.569921,47,101.365605,0.3094686563188341,0.04782460596110088,0.094311659775192,0.208137278618524,-0.02815294514858799,-0.016749565461161943,0.19326241134751773,192.33626768872168,1.0
1.155689,41,101.46987,0.28301217961847,0.04874358288376334,0.08021266386744595,0.2496343867965035,-0.021370474977770358,0.015351671466889146,0.1504065040650407,176.48622002616446,1.0
-1.792798,37,101.568039,0.2830844014279997,0.06442907553336367,0.07924857278126346,0.24944941986304606,-0.029680045518053328,0.043757274470719185,0.14864864864864866,180.70374081944541,1.0
0.68759,47,101.688715,0.3076463738940569,0.03182454004384934,0.07894266467870711,0.2109335936149086,0.00702655576654641,0.01789599962949565,0.17375886524822698,185.76517870882748,1.0
-0.43909,41,101.814498,0.293009244620947,0.04584543874182854,0.07248236058141246,0.23161113215091833,-0.02388118309807307,-0.03461666321490487,0.18699186991869915,183.63169563669805,1.0
1.500788,45,101.924817,0.29814191875662527,0.04050572052400243,0.05152092797938243,0.22304400645534844,-0.019440656828540345,0.01695778350060818,0.16111111111111115,172.75007862008698,1.0
-0.447551,41,102.033266,0.2929576519147638,0.030824903801021906,0.09294223619279304,0.23201427611176823,0.007930481184121404,0.008810120930182219,0.17886178861788618,171.4108952905702,1.0
1.19001,44,102.14058,0.2942686511510178,0.03960769211387312,0.06453795958651176,0.22933214113187173,-0.0034027465865415292,0.03066187181450597,0.17045454545454541,173.58035334574367,1.0
1.665171,46,102.255717,0.2976984420064765,0.033826981585985676,0.08101907913930677,0.2231971708808025,0.0021932316342815894,0.012655749969103557,0.17572463768115942,177.62593902535545,1.0
-0.489027,40,102.354336,0.2889609610325239,0.03332231147249167,0.1029106416668621,0.24027880120499895,0.023380586505844993,0.02061128007154495,0.17083333333333342,177.83642018307722,1.0
0.722813,45,102.492794,0.2986390237152823,0.03835117888924209,0.08742237587885891,0.22289550780263984,0.0008529806436611985,0.04228650569612296,0.16481481481481483,180.1184139312537,1.0
0.08102,45,102.605948,0.3032308414240189,0.040451220673209325,0.08912472085387876,0.21500544275536965,-0.01515935141169281,0.006472095161552805,0.18703703703703703,179.97257519567364,1.0
-0.359553,46,102.723156,0.30128421120348686,0.04304033567581475,0.10925020806522863,0.21936298598746518,0.02352226642151829,0.01774288905876993,0.1884057971014493,189.33876116404,1.0
-0.708357,42,102.831873,0.2903996741576857,0.03457330305473265,0.12338521886705078,0.23440869068255124,0.02257752033500195,0.06263025265363321,0.16071428571428573,176.81313058928504,1.0
1.83879,42,102.935326,0.2812384608569882,0.029047730961949125,0.08086397177237545,0.24625623174526443,-0.0035583070481932265,0.028188921548856577,0.16666666666666674,183.79837414401223,1.0
0.407418,41,103.040566,0.28105632965335187,0.0437576859732637,0.10023139369403576,0.24696092117424337,-0.014858585071468536,-0.006121726769643939,0.18495934959349591,177.89832674953635,1.0
-0.289402,39,103.165168,0.2833862525329894,0.03240632474610297,0.08347445697823953,0.2452646414621367,0.014729969847115058,0.03642733273845216,0.17735042735042733,172.35123511938,1.0
0.495718,43,103.266287,0.2880189935769843,0.030383954289922258,0.09356948694877737,0.23638651587078405,0.006188317693641416,0.03674433823384757,0.16666666666666669,179.93064591065,1.0
1.994108,41,103.364172,0.27651069079611273,0.05371442946298021,0.06838884463947698,0.25499061792828986,-0.02083159881916954,-0.026746935133323865,0.17276422764227642,171.35175167518483,1.0
-0.221179,48,103.486865,0.30967293903559157,0.036214969702297733,0.08802532813170572,0.2082003981072753,-0.00919720102209737,0.0008561390779176272,0.1927083333333334,190.0373140488343,1.0
0.662524,45,103.596879,0.29903767760773997,0.02640113150880198,0.08972945570126464,0.2201104686478423,0.00673751122536756,0.05009518584556014,0.16481481481481483,177.13089638549573,1.0
1.385517,45,103.714017,0.2899868323337194,0.0259639956346289,0.09272708454199566,0.2341385912012675,0.0024109980273180663,0.03064738265056615,0.16296296296296298,191.93634029325133,1.0
-0.093913,46,103.848974,0.29870873515845936,0.03571236549180402,0.08683807021889477,0.22084326316044683,-0.004780942179202322,0.008437842311298816,0.1576086956521739,186.983183016351,1.0
-0.322064,45,103.960304,0.30225981661483725,0.026511935023488312,0.1102873162263442,0.2190100183395239,0.006330880547628152,0.001925197648403973,0.17037037037037037,184.74179864126094,1.0
1.949821,48,104.07835,0.30551435345993044,0.025311638053072964,0.07106104020829607,0.21196548462402617,0.0022977357106703914,0.020053798993353727,0.1684027777777778,182.9450104414027,1.0
1.938322,46,104.186783,0.2928964779671827,0.03304282819924034,0.08663233408799052,0.22968245130043768,0.019268901714823997,0.02603935675344182,0.1594202898550725,189.20564681276886,1.0
1.192049,41,104.292832,0.2844745373162081,0.030188757806322877,0.08453800666491694,0.24270828155909194,0.0026032165622957935,0.014663796324621014,0.17479674796747965,176.14640296967022,1.0
0.065264,46,104.425265,0.30248658431083403,0.03544533290565456,0.10947293462695948,0.2162920019010203,0.014583188046862539,0.058572820494667166,0.18478260869565222,177.8997585190927,1.0
1.324538,49,104.552572,0.30789980419313173,0.029144219941526717,0.09570958526198248,0.2108386582498966,0.0005499932293755488,0.027059960459732624,0.1802721088435374,184.27228203203558,1.0
-0.530886,40,104.65344,0.28839546977532077,0.04105346031806976,0.0918342426908592,0.23868352674125665,0.006601365337353821,-0.022315893394352974,0.16875000000000004,173.66000180676036,1.0
2.231018,47,104.772893,0.2993851311103017,0.0422676933935875,0.06749383070017355,0.21968185326592862,-0.019378947932883837,0.01732049478162515,0.18794326241134754,179.0551220017445,1.0
-0.155167,39,104.86898,0.29003062903253585,0.035931956438418684,0.05798691924845641,0.23786781867415227,-0.012760938067826003,0.008460283224824908,0.15598290598290598,175.82752233737395,1.0
0.080144,41,104.973661,0.28986373422144884,0.043096834098522024,0.07874622541279898,0.2354765271195454,-0.018818595762151755,0.01218719130476852,0.1707317073170732,174.12253329695105,1.0
0.535304,43,105.116015,0.28514315447196537,0.030917888131372577,0.08570235504313975,0.2415550642144698,0.0005108099208097079,0.04873923763832508,0.1802325581395349,184.2699114604504,1.0
1.082189,57,105.257051,0.3241672160999391,0.03814784331819452,0.10162349085087283,0.19075689818185432,0.008990045148735136,0.027898506945005314,0.16520467836257308,180.1499473153792,1.0
0.454993,41,105.358414,0.277801859095049,0.04823051076309916,0.12205208421563904,0.25200963335215726,-0.023140008542594945,-0.01636059117455886,0.15853658536585366,184.9935345815367,1.0
0.052898,40,105.455561,0.2864740667779972,0.030722427214161355,0.08943198554547292,0.2433067529251105,-0.005999589476403383,-0.006692032730739264,0.19375,177.15114691895556,1.0
0.221508,44,105.566878,0.29706775600303426,0.03140762949141194,0.09422216144518382,0.22446018478041269,0.002592085169762687,0.005171914353408912,0.17424242424242425,179.1237389441277,1.0
1.469628,48,105.680086,0.305672577693999,0.04200335514924054,0.07281469748831297,0.2136652975785532,-0.015399058561064561,-0.006511617919500681,0.21006944444444442,182.16613093559602,1.0
0.558209,46,105.822769,0.3007652419866839,0.029389982610751174,0.09933421644587653,0.21826030892689377,-0.00577289942547288,0.05891483014434974,0.1920289855072464,183.9453265740582,1.0
-0.161338,40,105.921046,0.28443965791073245,0.03814503376362619,0.10588929531688875,0.24321875422349803,-0.012809753213667683,-0.0042022557436885155,0.17916666666666664,175.84133431022,1.0
1.404922,45,106.043372,0.29530104859471695,0.03596618177372302,0.08273724576688177,0.2269352389469467,-0.013567325633721025,0.0379752482163086,0.18888888888888894,186.1816117349945,1.0
-0.605862,50,106.170844,0.31928391142277057,0.02555122164590154,0.0969536260284194,0.1949010987051849,0.007587237305051275,0.04097722754794714,0.17000000000000004,178.98814877488132,1.0
1.015027,49,106.294306,0.30930368285942833,0.044680922147591416,0.07571278451578221,0.20812229630827092,-0.0216435616009145,-0.003528864559327237,0.17517006802721088,182.23209568511547,1.0
0.517903,42,106.39849,0.2910498247002326,0.027587464555410307,0.08207766250921851,0.23359994911493334,0.006968744502081459,0.01138775456605907,0.20634920634920634,180.48196697758453,1.0
-0.031094,45,106.535478,0.3057817437386294,0.0498073163948323,0.07561328987341043,0.2120503295171361,-0.02519872294974778,0.010195913781644044,0.1962962962962963,183.1663555225128,1.0
1.284312,49,106.657866,0.30571946112779924,0.03864722839085031,0.08277594516949381,0.21270044496054868,-0.013992238829013732,0.0151956025110845,0.19387755102040816,182.02040338795794,1.0
0.502094,54,106.794374,0.3278775171602651,0.03608402672200745,0.09138018528230477,0.18607835013396873,-0.015346388081703664,0.0068362144033684335,0.2037037037037037,193.67991822801298,1.0
0.3185,46,106.910902,0.30235687107896564,0.04767102023335197,0.11224805123632473,0.21674472751572144,-0.02533092255860138,0.005738363185654194,0.17028985507246377,178.69918848330016,1.0
-0.531708,41,107.023322,0.2799658472797,0.02353322601746125,0.1420667941803536,0.24952976623840561,0.00816757873137177,0.08124513475427356,0.19918699186991867,193.82843540803023,1.0
-0.767682,38,107.143616,0.28195543703021747,0.03873817454778635,0.09915694108378065,0.2500737650778679,-0.016364148070994334,0.008808454601921352,0.18421052631578952,175.3733688834629,1.0
0.173758,53,107.278318,0.3240758277479876,0.029927118180085824,0.11660067645467422,0.19011924163018964,-0.00292178402332355,0.006647048857426317,0.2075471698113208,186.8902652547111,1.0
1.122558,54,107.413458,0.31828682849415213,0.03915985441786292,0.09183638737893172,0.1972316539694978,0.008673071397814385,0.031584970727702694,0.18672839506172842,187.3234015552849,1.0
1.434986,45,107.531009,0.29756774136086417,0.05458758135552151,0.07825595045117839,0.22458979519133007,-0.03386906918626728,-0.017354825221596325,0.18888888888888888,179.74363161804135,1.0
0.717901,45,107.651321,0.30013972744969375,0.05310134528699035,0.09185377356907568,0.2212436536554934,-0.03779265354739991,-0.0021526117747527954,0.18518518518518515,189.72181975625543,1.0
0.689809,45,107.789306,0.29737440387672187,0.031139181219483204,0.09039585361775547,0.2253846887719403,0.007604282671435069,-0.0015578509959031039,0.19999999999999996,177.93914522359157,1.0
0.801258,47,107.910341,0.3026772613672059,0.05793334725998842,0.06447019234748813,0.2166750537419831,-0.022539060027742964,0.007564828540927636,0.20390070921985812,184.067799231943,1.0
-0.264231,49,108.036161,0.3134393521316607,0.046455248776080295,0.09448227620061461,0.202611143187387,-0.016055607236961488,-0.0031353292883630826,0.20578231292517007,185.77963233726487,1.0
-0.252261,49,108.161124,0.3146549837543905,0.043563992910297875,0.08222992009043244,0.20105561884299897,-0.023257978420782435,0.025388819736194577,0.19387755102040813,192.16887901478887,1.0
2.876848,52,108.292357,0.307038940503251,0.037558121493961906,0.07886441598160522,0.21113604089659332,-0.018927152907839914,0.022499974084409045,0.18108974358974358,193.8980113939809,1.0
0.667522,42,108.401934,0.28910630504139273,0.040627965071884084,0.07764969678841563,0.23784479683477935,-0.011814232621376724,-0.0007905805316515997,0.18452380952380953,179.69598010395833,1.0
0.857786,53,108.565342,0.3213718622074031,0.042909630673265566,0.0830537658291039,0.19345758840563368,-0.027607699162299562,-0.027539432903926693,0.18710691823899367,193.94203190164245,1.0
0.889199,49,108.688193,0.309326729656573,0.04450836185687273,0.07674289542821949,0.20864688342581922,-0.02862996275063566,0.018891417914003235,0.20748299319727895,190.1155759160044,1.0
1.661181,48,108.813752,0.30570487482912373,0.0451672771505064,0.07536063682276328,0.211526717875925,-0.023561926236808087,0.00214432408201584,0.19791666666666663,179.36074054083224,1.0
-0.203111,53,108.957813,0.3267776798932638,0.06214699909843408,0.07750580540127187,0.1848648682149607,-0.04601964155964036,-0.03374912271079421,0.19654088050314464,186.12788716191503,1.0
-0.175078,54,109.103526,0.33006926365876393,0.047403189582469994,0.09939174880164789,0.18200391975687294,-0.03245216454095735,-0.018688418060302484,0.20524691358024685,194.7726336034395,1.0
0.792946,43,109.235968,0.28832401389371903,0.041308334990519384,0.11266666557412891,0.23777181022561228,-0.028489528739842847,-0.002164561643326495,0.18217054263565893,182.35264557918086,1.0
0.532556,58,109.377403,0.33324386371651105,0.03789897970788189,0.10451853788357685,0.1797992190414016,-0.015879462737673898,0.004601499039905377,0.19109195402298845,196.66737404853495,1.0
0.186405,63,109.545123,0.35003771884327195,0.050230401526651494,0.09069634730315622,0.15952813162146998,-0.03686272768520177,-0.012713588836690637,0.1732804232804233,187.9714591831605,1.0
1.378473,48,109.670636,0.30018424636810126,0.05429509114156129,0.08214518137756614,0.22010653889929266,-0.036421426370936906,0.011265988018541812,0.20312500000000003,184.68340286383773,1.0
-0.671704,39,109.772132,0.28185966135861895,0.03776022219840465,0.11795396388840237,0.24739865846151007,-0.012709078114807036,0.01991630676059258,0.155982905982906,179.04932417022442,1.0
2.240289,61,109.939668,0.33217274846553946,0.03073156570769458,0.09285963446952908,0.18134188367752097,-0.010803868793214872,0.0318312285324707,0.19672131147540978,193.3054706866988,1.0
0.372665,41,110.046742,0.28815168204293634,0.04722441944638624,0.08026146116279155,0.24024601062810225,-0.023223525739062015,0.015475484051507947,0.1707317073170732,176.1456308220248,1.0
0.874762,44,110.152678,0.2948040520497546,0.0332599873495665,0.08405881252734314,0.22835575220732218,-0.004103012119161026,0.006400330959734473,0.17045454545454547,183.2008837443419,1.0
0.192506,52,110.282964,0.32309663709986386,0.0478168581917211,0.08112752913561165,0.1918552980792284,-0.02676004505093454,-0.03291212177799571,0.17628205128205127,184.69708711887458,1.0
1.362606,56,110.420902,0.3217376974297269,0.042376287631701634,0.10652437351632178,0.1923207313553519,-0.02295582753132791,0.0019117974444485357,0.18452380952380945,190.24452467915867,1.0
1.028866,46,110.559693,0.3015088967601229,0.03493944865407349,0.08062301537551625,0.21726542111703978,-0.018099701851159618,-0.00988064418849667,0.16304347826086962,183.33628494327047,1.0
1.975326,54,110.697075,0.31718392694217007,0.02591954206400257,0.10311345042677186,0.19772871012728568,-0.0028393109122609827,0.04228639854576087,0.18672839506172834,184.62042040138073,1.0
1.569392,49,110.828322,0.3045970596711851,0.0389905170655972,0.09465737880261663,0.21390337720860134,-0.01635788702863105,0.004900717707967087,0.18197278911564632,182.08212212777576,1.0
1.569209,49,110.955211,0.30839921427347666,0.03234980746907044,0.06759211794158355,0.21009231949951918,-0.009519930279688818,-0.004265653885183399,0.1989795918367346,182.3919603568092,1.0
1.024137,48,111.083131,0.30274078050926095,0.0294733681876697,0.11548693107629354,0.21659613090813798,-0.002810167655204292,0.015693468451670054,0.18923611111111113,184.60595400349814,1.0
0.53584,46,111.214799,0.30128037260884644,0.02721213622957228,0.10210748064760851,0.2174771960119781,-0.005298254507756028,0.012601902149367227,0.20108695652173908,185.97976480474023,1.0
0.009045,40,111.313858,0.28763800071429896,0.03837746421852816,0.09431459408727941,0.238940660167195,-0.01718759583181559,0.01790382868477352,0.2104166666666667,173.60561682874567,1.0
0.500925,50,111.438267,0.31257715089399923,0.05169917684638251,0.08128012819742456,0.20322997022397477,-0.031088850606861826,0.015361266720042737,0.215,187.46990696617752,1.0
2.909177,49,111.560291,0.30280013056139454,0.03172121202375757,0.0803348305812453,0.2161851590776301,-0.011392128956973292,0.015190293627790133,0.19557823129251697,182.7399706286527,1.0
0.785512,42,111.660514,0.2865312912937397,0.05313517752561072,0.0958933164165368,0.24095452576298393,-0.03339131846190856,-0.023028418889998025,0.19444444444444442,180.96179610051823,1.0
0.742371,45,111.773101,0.29918803256086857,0.04181994478030719,0.09391376708457431,0.22241222935693084,-0.01810257722932404,0.025294331694996265,0.2055555555555556,178.76714298568365,1.0
-0.257375,40,111.899246,0.28474789655634763,0.05094573622166685,0.0683240048291678,0.24455618124337236,-0.024242769106804313,0.023216528362105797,0.2104166666666667,179.29988684327114,1.0
1.398026,49,112.02383,0.30826480208396767,0.03855735007506907,0.09101298636928422,0.20897489797157776,-0.01626922359801072,0.009369511834081391,0.21428571428571425,181.24576067485773,1.0
0.849482,45,112.132089,0.296891399166509,0.038520484184557044,0.10864103420473835,0.22461989308688374,-0.012559952032000408,-0.006713131297490164,0.1925925925925926,175.3500080453681,1.0
-0.097893,39,112.228006,0.2855841772398552,0.034028853384571185,0.0898481821349492,0.24418930102614297,-0.012712749792486992,0.011429076561125457,0.20085470085470084,170.95588768302542,1.0
0.938846,43,112.332453,0.2973153751840883,0.03961414754937256,0.07208788054227405,0.22514156064317897,-0.006209159454942001,0.02771033312812832,0.19186046511627908,170.69349730306928,1.0
0.140616,49,112.453113,0.31317137219182983,0.03405554685176453,0.11061568138349105,0.20332738982934884,-0.013479143932828772,-0.011567779956948663,0.20748299319727898,187.77365393489572,1.0
0.130897,44,112.580925,0.2954901254200088,0.05055053973869771,0.0888166434809218,0.2271445974847473,-0.02524916954611839,0.0035770965371728237,0.21969696969696964,183.52412395513085,1.0
0.083847,55,112.713547,0.330499366294469,0.033879693444047114,0.0857774256264373,0.18220187298306798,-0.00588087352432561,0.0018753511380591448,0.22727272727272727,180.62901903219606,1.0
-0.561279,40,112.809298,0.28593912925353243,0.06191710036946945,0.10673593448505377,0.2412033397955872,-0.03717272918712818,-0.07669882043510026,0.2270833333333334,176.2398125903686,1.0
0.064397,47,112.924932,0.30779146802524276,0.03875630052236783,0.10304445987914576,0.2104920575532934,-0.020962746629878782,0.006344077790770068,0.23581560283687944,182.8396851572808,1.0
-0.607101,39,113.025907,0.28917567800565386,0.046996813067150575,0.08296057090158865,0.23961440998256292,-0.021952154830358027,-0.0018084382403263182,0.1987179487179487,173.44011088829913,1.0
1.588031,49,113.166741,0.31199941336480375,0.04202384205745791,0.06708133062926887,0.20549438090715336,-0.020153475220041607,-0.010684333793599433,0.20408163265306123,179.51368408811004,1.0
-0.11031,37,113.255582,0.2755595422820967,0.03816137165790814,0.09212503248708137,0.2627570902230188,-0.011251481908147237,0.010068646566921774,0.20720720720720723,176.86693130784545,1.0
2.240253,58,113.397707,0.32736613364274564,0.03637373423998559,0.07822111803678396,0.1864936707000014,-0.00491774593252336,0.0033972181887218585,0.2327586206896552,182.76674443979306,1.0
0.590481,46,113.512285,0.29696043176683706,0.03358492612253952,0.11539948739829607,0.2251840499505421,-0.006874078592452395,0.018035854541429353,0.2264492753623188,180.82723267021206,1.0
1.443424,45,113.624601,0.2921676628790241,0.03374924276481751,0.088905199472654,0.23092321045501324,-0.008098004322417432,0.021923224384834895,0.2222222222222222,183.60919787663337,1.0
-0.483689,49,113.744699,0.31726762485408405,0.053580113656189345,0.08696966656131808,0.1989783396643389,-0.026675409116872408,0.004770119357456855,0.2261904761904762,187.22792833379253,1.0
0.469616,43,113.868449,0.28719446547575056,0.04055549263612752,0.13024208362981446,0.23951836054412592,-0.01524278897670647,-0.032735784125057454,0.22674418604651156,179.8884327030615,1.0
0.461111,49,113.991874,0.31142022198421093,0.0391066724099746,0.0690896456326112,0.2065704246283269,-0.005403107035520645,0.008014671502436631,0.24829931972789115,179.97571117329423,1.0
-0.64349,40,114.099134,0.28741420264699996,0.03286884402995056,0.09222970860078596,0.24127140284727672,0.003230612019280238,-0.00907498919957547,0.2229166666666667,183.28336965551412,1.0
-0.026001,41,114.19974,0.2855101488376835,0.026241834780557298,0.11017743498158766,0.24268711737330786,0.00901195908260425,-0.006739156749932311,0.22560975609756098,182.85815113027684,1.0
1.083936,43,114.307487,0.2916472473808186,0.02919179027384919,0.0825097777079084,0.23274074563453517,-0.002160080000607425,0.02131762340390688,0.22093023255813948,182.9054129169209,1.0
-0.240786,43,114.414512,0.30040563398630726,0.05688850703320993,0.05321066170098371,0.22145255660671295,-0.0279916553256839,0.0047057530980198735,0.2286821705426357,176.66973866457536,1.0
1.035451,47,114.551896,0.3033433856145098,0.03507093642963207,0.07867673533462259,0.21573579675008914,-0.00034274401566192,0.016219795375875732,0.2304964539007092,177.70715516988736,1.0
0.130583,45,114.657662,0.3013181162814406,0.0562511512364422,0.06116273843870662,0.21845559626367844,-0.029481242190952706,-0.014098076815529496,0.2388888888888889,177.82504764956377,1.0
-0.074982,43,114.76793,0.2942108952683908,0.03699369744217609,0.09796619605844697,0.22965727511301046,-0.00535642117003523,0.0037213612581489305,0.2616279069767442,184.96393291567682,1.0
1.38959,53,114.901119,0.3164139043828117,0.02485359286784458,0.08467450361253837,0.19970870052991607,0.004937660194450903,0.034415519337146275,0.22169811320754718,185.42456668399214,1.0
-0.938458,60,115.060363,0.3459338873929023,0.06396854895881947,0.07280832558846345,0.1668982704022529,-0.03280971951378302,-0.023516926503290927,0.24305555555555552,184.14750789111525,1.0
-0.527441,42,115.187317,0.29466796519548166,0.060869721618076696,0.08996281355957408,0.23089020306938468,-0.021321471269718704,0.008089505083720912,0.23214285714285715,171.38294765587207,1.0
-0.646232,41,115.291154,0.2916917401776758,0.03816209300653591,0.11807171177336043,0.23303194913291492,-0.007872897339076364,0.012606913516488485,0.23780487804878045,173.54211556194613,1.0
0.491361,54,115.421721,0.3207804746679692,0.03024235037866452,0.0955458217108524,0.19485823845136305,0.006476728927111013,0.03961248727521272,0.23919753086419748,182.95143528000844,1.0
0.97776,49,115.549063,0.30961387016361314,0.050829419271648954,0.07223947939859289,0.20868639921644433,-0.02857387464819236,-0.016569124099602282,0.24659863945578234,183.5614310412956,1.0
0.575154,37,115.64424,0.27253436941110953,0.03192215507183443,0.07221095600312562,0.2680174072259891,-0.0018112504799318607,0.015860229008567206,0.23648648648648649,178.39797977360604,1.0
-1.659637,49,115.789927,0.3183276582415792,0.029850191182483072,0.1139234434120635,0.19845370678011803,-0.005716470155892798,0.012453388198629938,0.24149659863945575,186.52454206910733,1.0
0.14373,52,115.921163,0.3214001923043381,0.04068635198990185,0.08511663039798761,0.19405267565221226,-0.003948008547997592,0.0006332518782809768,0.23878205128205127,184.0671627837581,1.0
0.807465,46,116.039331,0.2974903046163571,0.026787482731205795,0.10647120900931067,0.22423896533889465,0.011922080713474744,0.05079616640692004,0.22463768115942023,180.10248577010677,1.0
-0.280221,44,116.148595,0.2937012169487161,0.02863617733790112,0.11958765161684332,0.229289758588351,0.005006379300272332,0.04826528075736705,0.24810606060606064,185.51861288765093,1.0
-2.019589,38,116.242723,0.28984399753070655,0.04748367906771538,0.11504622748465,0.23833932537429695,-0.021420573485794042,0.055638684047787546,0.23684210526315788,178.13669146016895,1.0
0.253862,51,116.362767,0.3194648937490578,0.029177648097878348,0.09878277315397155,0.19658098184519457,-0.00850268615247412,-0.0007973792841067115,0.2483660130718955,182.2648015344056,1.0
1.038794,43,116.488434,0.29355144799749516,0.041530360044655996,0.07815669500088761,0.23033200414240362,-0.0031792858878449816,0.008187658234852888,0.24999999999999997,178.85119482593427,1.0
0.428045,44,116.595734,0.2948181962621233,0.03396753344444705,0.11699516964450396,0.22889423421280852,0.006028935758896753,-0.00312320723015173,0.23106060606060605,173.18489965558513,1.0
1.8039,54,116.727092,0.32078403592368016,0.0410102795169309,0.09071379691715509,0.1946361001363769,-0.011576777201920237,0.032124578724933836,0.2608024691358024,182.36810887989483,1.0
-1.220303,43,116.832825,0.2942303877342421,0.048387992775294424,0.11221497272702197,0.2296637661675717,0.019566070852367418,0.03051582782856688,0.246124031007752,184.3938112426075,1.0
0.213245,44,116.944775,0.29829846551096606,0.04360305487936042,0.07878386712652002,0.22361220779553195,-0.009730060637796335,-0.00532929464355721,0.24431818181818177,175.16661326844692,1.0
-1.5915,42,117.050701,0.30438922575100963,0.03137254423786406,0.07537349119888509,0.21681773084659972,0.012405073583417615,0.03935453742786782,0.2321428571428571,179.3071202178916,1.0
-0.67728,46,117.18247,0.31198365880765755,0.05560657533521488,0.09129459851340561,0.2056611233163752,-0.03017793602838843,0.02035171792480044,0.25,176.20053218219604,1.0
0.592705,47,117.293556,0.3008590058274092,0.03610970378509656,0.10833661758766354,0.21967493030910254,0.004429878121668528,0.009585014244919352,0.25354609929078026,181.98403129301838,1.0
1.41463,43,117.398939,0.29134164879523416,0.03753847531704925,0.06897161123474217,0.23344823315646027,-0.008579896300028693,0.0006045252644605466,0.24806201550387597,179.780094246966,1.0
-1.562675,42,117.501159,0.3010813041545531,0.05270821058448687,0.0742550818465833,0.2216974997369275,-0.013680879145198907,0.007435680406765795,0.261904761904762,178.5000918060097,1.0
0.51053,45,117.61329,0.30186335500919276,0.046688041636781245,0.08075896027392411,0.21886088749796478,-0.014379141938537145,0.026476726894653684,0.25,182.7555661083474,1.0
-0.725456,48,117.752311,0.3146312504899025,0.030038072183328775,0.10662764503433217,0.20314071127821512,0.007177027488366869,0.0295830666162904,0.24652777777777782,185.45614159131802,1.0
0.271819,63,117.935398,0.3472324616966326,0.03471616912650523,0.0913295571735733,0.1649274253043561,-0.011761699464526165,0.023516550472179588,0.24338624338624346,188.2822841092809,1.0
-0.185699,55,118.117789,0.32558813769548006,0.04753699140660101,0.07859691489465252,0.18858422283527376,-0.008681128645881728,0.009111823344890333,0.26060606060606056,186.95147411033625,1.0
0.966905,57,118.286748,0.33076871605425734,0.042430144169816206,0.08912728525951569,0.1829368214757732,-0.004103716006427393,0.028907843756425675,0.2704678362573099,180.65262758896404,1.0
-0.040656,45,118.399892,0.30397825005906265,0.048300472322197634,0.07280971990529712,0.21546764493484397,-0.00354932832258018,0.017602620978592526,0.24259259259259267,175.21423006354874,1.0
-0.754189,53,118.554581,0.3219580450755592,0.036064591977317595,0.13074096132393365,0.19390624892052194,0.02587959648543899,0.04624833998205285,0.2562893081761007,191.0479585350804,1.0
-0.852574,55,118.688815,0.3354293123369859,0.06045563421358212,0.07625547777330392,0.1774030909165892,-0.024834855928313092,0.007619299462952268,0.2545454545454545,174.57871629036714,1.0
0.186834,43,118.788693,0.29378312347193547,0.05678126971360628,0.07371468681130577,0.2306395385229924,-0.006493495644768927,0.0121447997860802,0.21899224806201548,175.57168929432663,1.0
0.491302,44,118.899053,0.29687306869634433,0.05668635485324252,0.06589862869165475,0.22513647653787575,-0.007673165002566554,0.02563332394936192,0.2632575757575758,174.65002529804227,1.0
-0.721652,45,119.014594,0.30122015265475977,0.05492761394145515,0.07511339396201838,0.2194597667792535,0.010872399049879486,0.048422236553146765,0.28333333333333344,180.23774188964092,1.0
-0.483992,54,119.174011,0.32621684608555096,0.03590505274646171,0.10677417714173894,0.1884395560279224,0.002920121108734613,0.024981673496931697,0.26543209876543217,188.8759779493469,1.0
0.020812,51,119.308317,0.32001553711199326,0.053542700645673076,0.07176532267936962,0.19631322256335917,-0.01607146708811473,0.02082953488876167,0.24346405228758175,178.7359127988064,1.0
1.303179,50,119.435915,0.30923810468852203,0.04396609058821854,0.08474383523129199,0.20939091331992948,-0.013802696243482493,0.003979911005627474,0.22666666666666657,184.38022588766336,1.0
-0.694172,43,119.539666,0.30313995943218863,0.04406206725737688,0.07693295815540784,0.21821836551191914,-0.010391114664760604,-0.007587359009317147,0.25581395348837216,176.36901133660825,1.0
-0.39759,49,119.665212,0.31469678407126495,0.04536347419753495,0.09110706952158332,0.20187731910816564,-0.005877601727846064,0.012943552619927395,0.25340136054421775,181.522899667446,1.0
-0.852212,40,119.765606,0.291253096076385,0.043803576109127565,0.07834466395517227,0.23584789363214304,-0.012836614372531354,-0.020304405619620474,0.2520833333333333,180.01625239155445,1.0
-1.182634,43,119.897595,0.30241253939840096,0.05256591857308683,0.09202463594408186,0.21923928761676575,-0.01461245573571191,-0.011478229673389191,0.23255813953488372,179.53365668623596,1.0
0.191457,47,120.022632,0.30769918948064184,0.04645458093283623,0.08502298356353269,0.21070481650275716,-0.002505362754593364,0.033082527156211856,0.23581560283687944,177.661268515065,1.0
1.241355,54,120.157151,0.3173380133991493,0.0392277926935952,0.10705420598390859,0.1984827808177727,-0.009259664223270651,0.05616141889762544,0.2638888888888889,183.6376581683648,1.0
0.607126,43,120.2718,0.29269988620753434,0.035970546453075555,0.09743857675719535,0.23231013541660273,0.0022375870315087445,0.019864214969358227,0.2403100775193799,171.3963385850472,1.0
0.89028,58,120.417858,0.33372071101008705,0.03669573264524417,0.09131968413897225,0.17915015162262457,0.00036901704578977363,0.03145854442069605,0.2413793103448276,186.33855141363668,1.0
-0.357969,50,120.58059,0.31877186925758266,0.04262733203374463,0.095135815362145,0.19631682549631332,-0.004592396414610447,-0.0013060480760066584,0.2616666666666667,175.3483043603058,1.0
0.977724,47,120.696527,0.3014107076071488,0.03445097458231633,0.10187269050735841,0.21921835781330778,0.004319217647343373,0.031176619140391142,0.2553191489361702,182.56211007907376,1.0
0.668878,44,120.807147,0.29704138402863095,0.04618056964560911,0.07950399728576821,0.2245976177856007,-0.018864904837395207,0.006780144812602815,0.268939393939394,181.98206274060345,1.0
-0.219053,56,120.957657,0.3325298293036172,0.036205407371532154,0.09536292814032263,0.18061472870888667,0.0020367646650147203,0.033050623666016965,0.287202380952381,181.90170900585358,1.0
0.241706,50,121.085565,0.3134074841202832,0.05259155414998997,0.08558032648415145,0.2027051659942675,-0.019030418119551168,-0.002072663300609154,0.2650000000000001,182.8483443150126,1.0
-0.070755,56,121.24125,0.3379735499048697,0.040261271016639004,0.060545172586769946,0.17458617428201625,-0.01049148156866185,0.01341341918834542,0.2574404761904762,180.21559188815272,1.0
0.342603,53,121.365177,0.3218001446206413,0.04608382550199773,0.0844204062285736,0.19467040743518454,-0.004749389722016798,-0.0013174933332768196,0.2720125786163522,183.09771480124502,1.0
0.676895,43,121.46717,0.2942833943703733,0.03877983988355701,0.08601323805752958,0.2292071323485461,0.025416304797020013,0.006080273769900768,0.25387596899224807,168.9354046859843,1.0
-0.299773,52,121.592352,0.3254646202694979,0.04544305560157256,0.07684463248406657,0.1896279617269005,-0.009980971669333814,0.013742789460189487,0.24198717948717946,176.94779709762545,1.0
0.066692,42,121.695924,0.28877578838087026,0.06056320773776226,0.0871635361538316,0.23808407298079376,-0.02777614840605012,-0.03420589366241926,0.25,170.83460524349172,1.0
0.834646,47,121.831811,0.30908125171220635,0.04343049294839731,0.0699033777950761,0.20958744845064226,-0.014094353075417227,0.008500499654291277,0.27482269503546103,178.48313627719074,1.0
0.679117,54,121.970052,0.32706760476932895,0.04402361448872255,0.06655630132650812,0.1884374425386114,-0.013579470161944841,0.010195261815337277,0.27006172839506165,180.27023444800597,1.0
0.191853,45,122.084648,0.29879021809946904,0.039644872164202025,0.10691871470199478,0.22282912938967828,-0.003120988859067184,0.018883180093740678,0.2518518518518519,173.0445455977605,1.0
0.748655,50,122.204523,0.31397507069819147,0.042187902209995846,0.09015204325038591,0.20287367246073063,-0.017773705327253603,-0.025198821391016174,0.25833333333333336,175.89262802304577,1.0
-0.675371,47,122.315054,0.31003686582491796,0.05189026872956776,0.07728009301755911,0.20947667804911263,-0.0053954122982040305,0.02590049915921499,0.2783687943262411,181.2182158345098,1.0
0.08287,42,122.414758,0.2905292183593339,0.037639811136601954,0.10584946568786034,0.2352576623309591,-0.006317570819226997,0.01779788140180625,0.30753968253968256,176.39066076587437,1.0
0.306513,48,122.555141,0.30678936200730306,0.03521719848219532,0.10914008731578113,0.21181236292147512,-0.007130706614402478,0.016531713605401444,0.26388888888888895,182.2466107382271,1.0
0.529184,42,122.663033,0.2877254244921741,0.05382821121863314,0.07719967617874898,0.23933634016493502,-0.01466079463874188,-0.016716320844598665,0.257936507936508,175.6172418514008,1.0
0.028728,49,122.790035,0.3124725885269661,0.03169058359759061,0.1188652382560239,0.20454993630140667,0.0059032029882499885,0.03257929842435144,0.261904761904762,176.58450857121255,1.0
1.048824,45,122.898319,0.2948743149480522,0.054708663730961865,0.07444269450279044,0.22889301624250294,0.004178001853682319,0.018612964997866212,0.25000000000000006,179.1487390416237,1.0
-0.92192,43,123.012363,0.29590054745615924,0.049106294840275386,0.11552044093106847,0.22725618247599796,-0.011637670149259385,0.02290128130573663,0.26356589147286813,177.11625037362217,1.0
0.968975,49,123.163069,0.3063005963988752,0.05704743591405238,0.0769054505421383,0.2127585784452831,0.0016064888856978808,0.0267260100997931,0.2619047619047619,177.04439374168828,1.0
0.470964,45,123.278037,0.2946790583959554,0.05442653181982419,0.0874753769004129,0.22797839236214273,-0.010639077357851487,-0.005779914888686778,0.26851851851851855,181.9844337626044,1.0
1.499267,47,123.397059,0.3012178240624588,0.03393317661045435,0.09270154792777559,0.21938165213427563,-0.004476930212824858,0.008005372910661359,0.27127659574468094,181.98095264102417,1.0
0.795035,46,123.510022,0.30171141200557694,0.05082847622095165,0.07122648333975362,0.2192416715796608,-0.0017223632795414765,0.03202195225331254,0.2681159420289856,177.1111572967654,1.0
0.962556,51,123.641679,0.31194459876215686,0.038589710380799655,0.09878810264794476,0.2080216716221255,0.011242883186837551,0.02726354970771468,0.2516339869281046,175.07709976908404,1.0
-0.10891,46,123.755118,0.30665050427047336,0.04877842854938531,0.0762395056532674,0.212749865218975,-0.012009471755306343,0.02356505723144724,0.282608695652174,176.08340418473597,1.0
0.482204,44,123.883075,0.29334517554604655,0.04904997055670413,0.08432575021698448,0.23252287439531705,0.008184480264570292,0.02222096931614814,0.2556818181818182,178.07417959824855,1.0
-0.984192,42,123.990651,0.2950681610911173,0.038034847968312906,0.10406831686253605,0.23036046549311512,0.003160970326534713,0.029681946661663523,0.2539682539682539,181.56213541895744,1.0
0.390425,44,124.098588,0.29816674739183335,0.04094792411424378,0.06508041857527927,0.22565759867610147,-0.014406696639581483,0.014711659500938702,0.28409090909090906,186.69857217459932,1.0
1.184685,43,124.205367,0.2861781069109316,0.031164573577659786,0.10950145369057697,0.2406731600428974,0.004506342956185012,0.030704491470666513,0.26744186046511625,179.44793915511107,1.0
1.925226,42,124.308136,0.2769105683133039,0.054944912451087916,0.07272333629969131,0.25286636456119044,-0.009544666957084882,0.03858567125560869,0.25396825396825395,172.95785645840172,1.0
-1.894285,52,124.436304,0.32708756584576276,0.04403272414401267,0.10326787519266513,0.18832446219944757,-0.0019857955116523193,0.04851401561145107,0.27403846153846156,186.79215286614487,1.0
0.751996,47,124.577061,0.299107270897734,0.04101981482364363,0.09004403528650573,0.22235838623112889,0.014593661179350263,0.048817507615223764,0.23049645390070922,183.61123335508873,1.0
-0.238976,47,124.690318,0.306670294663823,0.05405896643452453,0.08796483880948174,0.21191173157122908,0.0038896284920433757,0.022185217091354226,0.28723404255319157,173.406257585351,1.0
1.299114,47,124.80507,0.30332545335375033,0.034141959878788264,0.08121099494203639,0.2166208382226702,0.0019408572318408647,0.04060938212548927,0.28191489361702127,173.86378457653353,1.0
1.328093,48,124.919482,0.3028937339504564,0.032487774854870415,0.09138365876840428,0.21731534813925332,0.010566537434815037,0.03221640728757492,0.26562500000000006,179.59992608616065,1.0
0.345682,45,125.038343,0.29172052155149186,0.03973861080989942,0.11644558120257507,0.23068744638095176,0.0076844350181022114,0.07619364240729119,0.2648148148148148,182.98977949909334,1.0
1.507329,45,125.176595,0.29281806082161993,0.043569935430653274,0.07535053516624983,0.23076948156284766,-0.008862424234686658,0.039332211616292384,0.2518518518518519,174.7917288378594,1.0
1.078216,41,125.278201,0.2742302349058811,0.03259040642104921,0.12227287135128881,0.2606777082407979,0.020679680868352597,0.05135835388344026,0.25609756097560976,181.4206604811522,1.0
0.482267,45,125.389331,0.29407378209485935,0.05371188873231719,0.08409503243406932,0.2303462016452065,0.003276789812518086,0.015387779340184128,0.2759259259259259,180.26323810232273,1.0
0.926615,45,125.501697,0.2965544114948738,0.04050749943910294,0.09422415946690137,0.22498257133028743,0.00808584078319501,0.040713585488034366,0.2814814814814815,172.67318661485768,1.0
1.294845,43,125.608726,0.2847399099314972,0.04262014183569345,0.08883011301979281,0.24295023058205356,0.01480709481282843,0.0336777841271005,0.2558139534883721,173.93089487284533,1.0
0.963671,47,125.726025,0.30221897248042995,0.04532269606519768,0.0718283391283317,0.21913033057208028,-0.007452152842890431,0.025437387419394056,0.27304964539007087,178.48642476797497,1.0
2.192462,44,125.854838,0.2843841435914342,0.03856989644615916,0.08061970316511076,0.24243401918372098,0.0012641252779832088,0.009467930255389102,0.25568181818181823,176.58610322636494,1.0
0.309726,45,125.976638,0.29376570026271354,0.057465095410531,0.08457285392907167,0.23008395295826278,-0.0020800852700494344,0.02612281929360217,0.26296296296296295,178.63554811746442,1.0
0.125922,47,126.102827,0.3076482010822853,0.041050046541829865,0.09332664857446163,0.21172874858439472,0.000444492980517577,0.04641802580188909,0.2659574468085106,175.5080454832485,1.0
-0.080392,39,126.206454,0.28365323813883114,0.04492009437647671,0.08203422223755817,0.2490057648239351,-0.01087242141444255,0.02742362571746557,0.2542735042735043,169.0326488608583,1.0
-0.726103,42,126.306943,0.29512143946477,0.04004046878393493,0.08807221747363587,0.22922695694188747,0.0031982665663096285,0.012146242235700176,0.2698412698412699,176.9628821127228,1.0
1.130174,44,126.414314,0.2872790125976547,0.04227502895214802,0.09821842371504833,0.23940346404982235,-0.011400809771706872,0.001353008102702966,0.2708333333333333,181.09277370725178,1.0
0.546203,48,126.563535,0.3006592753951708,0.03562493836302728,0.12074390334041779,0.2198107508466004,0.020994624181802816,0.052007161998951196,0.2708333333333333,180.8057399715082,1.0
1.33076,45,126.670732,0.2898883502266304,0.0371509982240851,0.10116717718809477,0.23449268938681506,0.007162522330011304,0.031048769894438714,0.28518518518518515,180.2004320231284,1.0
1.178238,41,126.782809,0.28279600229948776,0.03716829186303864,0.07993372024280035,0.24615497433557787,0.004134237619593032,0.013914494258629903,0.2764227642276422,168.05815959998284,1.0
-0.317256,49,126.898655,0.31585422203011343,0.04497466691636613,0.09593445808108111,0.20088460631180435,-0.008491293332492272,0.020658414188540045,0.2585034013605443,174.06871515075343,1.0
-0.031306,42,127.006205,0.28946354165974564,0.06370274305303489,0.07496943171602272,0.2383709253648002,-0.0005760606353244768,0.04513654316248791,0.2698412698412698,173.7878749207276,1.0
2.247994,44,127.115549,0.2854059836057395,0.040061135415397756,0.07295678505210496,0.24373336830305392,-0.0018091198779290323,-0.009853866174896043,0.2727272727272727,173.88648304550392,1.0
-0.205854,40,127.248064,0.28165362975940617,0.05964288402146292,0.07272973193026136,0.24827614471983597,0.00047869988828647196,0.030757715549082326,0.26458333333333334,179.2284943972913,1.0
0.828964,38,127.341648,0.27535584179854355,0.05248204612621038,0.07103415520525241,0.262703480092309,-0.022909402972836317,0.02388514712232595,0.24342105263157898,161.72278552435841,1.0
-0.274721,38,127.438888,0.2731064178885729,0.046616842451551135,0.11218407858475044,0.26618106136054204,0.01939751032049267,0.02470449096999822,0.2828947368421052,168.5470554807958,1.0
2.351308,50,127.566392,0.30242406004283906,0.038255955271219555,0.08332188755856151,0.21738400520735277,0.010334700963413844,0.049233752079022676,0.26166666666666666,180.75497905540487,1.0
0.527731,42,127.669542,0.2895799919385584,0.0424709512175987,0.09158368964534097,0.23866622634682785,-0.004538256311208779,0.023978853673764438,0.27579365079365087,169.15727841904408,1.0
1.429865,41,127.766701,0.27601492191803395,0.052724661423361095,0.07761157663438237,0.2572023413655172,0.002389417530029595,0.03843770691533041,0.2865853658536585,176.29241797758405,1.0
0.293174,41,127.901216,0.28418027380137245,0.04671371577632552,0.09731337073414573,0.24574643113422714,0.006685930607329215,0.016934758843113774,0.24796747967479668,177.4932257914914,1.0
-0.158155,38,127.994678,0.27589041532417563,0.04267099129085707,0.09207833050270278,0.26119362319794465,0.029380774097974932,0.043992561228769704,0.2521929824561403,170.01562817631827,1.0
1.665203,42,128.098353,0.28445709374601497,0.04906710850914561,0.061589040230049096,0.24495887144633371,-0.013044285646088557,-0.0009630858804412488,0.2698412698412698,172.22917297985455,1.0
2.677619,54,128.235993,0.31340347543231184,0.034176983466464965,0.07130918688727574,0.20375946386197674,0.0024899086868752506,0.01687503596436009,0.27932098765432095,183.6101254810515,1.0
2.522118,52,128.35647,0.31013034684871377,0.03647916912887031,0.09875756066970102,0.2094954865826368,0.0026287257435952884,0.05813105471440359,0.2612179487179488,177.25285986217048,1.0
0.78932,44,128.484301,0.2897577133881137,0.048548287344043796,0.09697965708044473,0.23611064526297357,0.0027804667552192124,0.03717372124734828,0.2424242424242424,174.28210165798518,1.0
0.595397,46,128.594952,0.3025178628285624,0.04428575621233853,0.09814935947240776,0.21997902070893124,-0.013056155173718362,0.04199160087248669,0.26268115942028997,172.94962934351452,1.0
0.009094,46,128.70936,0.30716853124296717,0.040567794651794144,0.08265373698832679,0.21231741302609808,-0.009028805495122938,0.019904891005764758,0.27717391304347827,173.106223315651,1.0
0.96764,42,128.811301,0.2895810662228056,0.051640168005304105,0.08442294180281347,0.23577364056844533,-0.018666061292695508,0.04502077971155471,0.27182539682539675,163.85983683938107,1.0
0.746821,41,128.916933,0.28416984384144783,0.055438046156618556,0.06774478095656149,0.24553875702820133,-0.005384497765115166,0.028900882641779226,0.2682926829268293,168.83678065712482,1.0
-1.090319,39,129.015609,0.28553902649383467,0.04669201607893215,0.09534855600534298,0.24453553932942426,0.012167966608575534,0.04563338407745999,0.2564102564102564,173.21922125162973,1.0
0.428679,41,129.144732,0.2824920960394829,0.04604556245399392,0.0923072816254888,0.24759016817149176,0.016246113652170328,0.015006567540144594,0.2784552845528455,171.43580435409993,1.0
1.029396,43,129.253741,0.2899226312175043,0.042854089319045226,0.08679865186067172,0.2354397408818936,-0.0018112994624384109,0.04558261288282048,0.2771317829457365,171.82521195687872,1.0
1.461492,47,129.372043,0.2978587784135847,0.03536917756128286,0.08875940607646264,0.2233725162241303,0.012978144272384352,0.0626079161310574,0.2783687943262412,181.30489370787694,1.0
0.504657,45,129.487373,0.2995742946560679,0.04395042708713561,0.08921748252163546,0.2224317125227581,-0.009483081642055803,0.027341436469151444,0.2574074074074074,173.98929522415918,1.0
0.409428,64,129.655632,0.34230224085524846,0.03177833116082073,0.11277822138426306,0.17087518918074812,0.023549995163926505,0.054969292927886035,0.28385416666666663,183.91599334539987,1.0
-0.352465,41,129.7592,0.29056697651279745,0.03886074808683541,0.10451184532716815,0.23683486585815627,-0.002302618696401601,0.05015057766926772,0.28658536585365857,171.44128114854826,1.0
1.143967,45,129.900057,0.2925139971871039,0.04173656995573997,0.1109767111392122,0.22987399241376572,0.011221507226601896,0.0774740577456503,0.274074074074074,172.8176595466122,1.0
1.349661,50,130.024272,0.3092650922946583,0.04290341587307307,0.08582964976619985,0.2082912593213375,0.01760529332031259,0.030022065030946416,0.2683333333333333,177.72134767300793,1.0
0.938036,43,130.130075,0.28886054385801935,0.04616081350059706,0.08202518407909012,0.23700561375030618,-0.020603540733256574,0.03930852997037259,0.2713178294573643,176.37976841364656,1.0
2.76269,46,130.249519,0.2956046481221467,0.03983991844700565,0.06676337975838362,0.22827279345903226,-0.0027162409380365603,0.017967604747061775,0.28079710144927533,172.0188441565238,1.0
2.999462,53,130.380622,0.3108247120668693,0.044247596492456784,0.08769644189983196,0.206454354772563,-0.006083982427158711,0.01581097013760109,0.2767295597484278,174.67257346554874,1.0
-0.237265,48,130.520372,0.30714652962770567,0.047580100720341315,0.09823696778335579,0.21132911654347217,-0.0002295379512204544,0.039835620769707925,0.2708333333333333,174.06032471646373,1.0
2.911058,55,130.655658,0.3148395691346203,0.04390436043142536,0.08964281534070201,0.20163134795199386,-0.015067191358356973,0.041564097690405644,0.25757575757575757,180.6103941062485,1.0
1.950141,49,130.780954,0.30163011072587187,0.03202334809850915,0.09119209140261222,0.21799114484239673,0.014889658220859525,0.04752662177614552,0.260204081632653,179.16720633375937,1.0
1.095172,52,130.911939,0.318505971520817,0.030275742614166816,0.0951057107165827,0.1969733524883409,0.009004663973418547,0.04030216888445301,0.27724358974358976,182.98729449962346,1.0
1.482523,54,131.052895,0.31363702245033404,0.03891978975417347,0.11721900045598763,0.20359110225588997,0.017261653698981597,0.055006098813182504,0.2716049382716048,180.8745424167845,1.0
2.934831,49,131.238882,0.29915269084210777,0.024976944840724834,0.09504278603656893,0.22124099627775728,0.012182355659406898,0.03503937368084305,0.2670068027210884,179.61167591131996,1.0
1.556068,55,131.378786,0.319038174660801,0.02485924520078628,0.11480536287678234,0.19754651271074564,0.007779076445400795,0.058770521686203676,0.246969696969697,184.64712678084848,1.0
1.500289,50,131.503477,0.30881458194834693,0.03832468874364397,0.08921958932963076,0.20963241195176452,0.000816525866310801,0.05715176674841171,0.2683333333333333,178.87179788891885,1.0
0.075863,40,131.605379,0.28186015025589645,0.03449957278587268,0.12476762831358804,0.25017340760847867,0.015357456483956769,0.05074629645397989,0.25,169.38594214682539,1.0
1.042513,45,131.718893,0.29484132268351604,0.04922286230202255,0.09233019052966589,0.2270675899294695,-0.01075683929330885,0.05988979982915727,0.24259259259259258,172.94495220087114,1.0
2.362524,50,131.935693,0.3038828027103489,0.044697593131011376,0.08133475084962123,0.21550105205218004,-0.014375095003551986,0.05247559172402707,0.2616666666666666,180.28541769964622,1.0
0.252376,43,132.042613,0.2912375604970956,0.03138060154397349,0.11265972363389155,0.2332454782082663,0.001422558338785382,0.045011189029897154,0.2635658914728683,180.65987161466632,1.0
0.303597,42,132.151525,0.28851587977952947,0.03933165154009564,0.10679280211874198,0.23749060897208968,-0.014226346711270882,0.06365310171196056,0.2857142857142857,179.92353994683822,1.0
3.718188,48,132.271095,0.29106788075708745,0.03501667573232348,0.09841500424086636,0.23334574457284504,-0.006773931649006674,0.04311105652753417,0.2534722222222222,177.84019928575276,1.0
1.359924,61,132.426472,0.3418747431438544,0.03635401347875585,0.07395377431974207,0.17156313504235896,-0.008689764676441437,0.03426633689913407,0.28415300546448086,180.7663033715899,1.0
0.741785,47,132.538732,0.30364101826592865,0.04272869724595962,0.10519466013677314,0.21654699078336762,-0.010612842577961258,0.061962699175102706,0.2712765957446808,182.70218964686578,1.0
0.795493,48,132.677784,0.2991675157053388,0.058058052175929124,0.08231407140053296,0.22100798104847397,0.013236094745403701,0.03958778775093411,0.26388888888888895,183.2862163114278,1.0
0.9622,46,132.789042,0.2969018418107928,0.03963628799225638,0.10792774324281862,0.22347453559672134,-0.004900664167844678,0.02211338230851798,0.2554347826086957,178.25502016942897,1.0
2.087035,54,132.927087,0.3144303086046152,0.042443650580581374,0.09714818513048191,0.2021373706511534,-0.003906188973640298,0.028416363783321765,0.2731481481481482,182.67087862842106,1.0
0.478959,50,133.051635,0.312562115679736,0.0377899835245188,0.09398410587938398,0.20361002399537317,0.011322261500176855,0.05020615232835075,0.28666666666666674,180.66412044649667,1.0
0.469121,50,133.174461,0.31115449504991166,0.04459837740971126,0.09636766751469678,0.20533321917121491,0.018481746633929163,0.037290513870476924,0.2583333333333334,177.03980186251135,1.0
-0.789426,43,133.304292,0.29738929117015883,0.05799799239471292,0.10021857842876208,0.2247003325096299,-0.007335432108677238,0.06293679646960022,0.27131782945736427,174.51220587277805,1.0
1.233961,56,133.438015,0.32274111973042785,0.039390112787816574,0.0890746022302912,0.19266537802779135,0.00795461103312278,0.05175819907979694,0.287202380952381,181.84293487832107,1.0
0.85464,52,133.564127,0.3125671738058007,0.048380500145423035,0.10583818227935649,0.20509572059281272,0.0032886121372493844,0.0489912524169486,0.27243589743589747,177.309360518782,1.0
0.926732,53,133.689544,0.31610372089451166,0.046251083826400516,0.08773476312086471,0.1993799425169233,0.012293582973177647,0.05348502702521875,0.26100628930817615,178.98339028938446,1.0
0.339418,45,133.804759,0.3019388641837702,0.04025377620193344,0.07770585315557804,0.21916886227916607,0.011857264351125173,0.03249356228480878,0.24444444444444435,170.9217421403312,1.0
0.863687,55,133.963145,0.31738093947292845,0.03476723054337965,0.1165793574305716,0.19770415859894402,0.015886181486521572,0.09070285830339528,0.2833333333333333,186.0402344532801,1.0
0.970595,45,134.076291,0.29433291284091695,0.04749532460227939,0.0820959205326708,0.22848284803301447,0.000626485516373206,0.037431337556224416,0.26851851851851855,173.47460991258347,1.0
0.89144,85,134.287764,0.3759070390791363,0.026055930095554476,0.0972638813443946,0.13630787224921795,0.011745726299505597,0.051412843164291226,0.2970588235294117,186.54974401521434,1.0
1.62852,48,134.403179,0.2992823723901178,0.03272243396749926,0.0994960755612076,0.22165932939868413,0.016359357687594906,0.021272797642854096,0.2916666666666666,178.35184430584658,1.0
1.875697,48,134.874766,0.29717874415926737,0.03671581133700153,0.08834741297105157,0.22341813882798137,0.014809255569679464,0.037772053962649044,0.25347222222222215,184.37543460925795,1.0
1.682188,43,134.990758,0.29030645711796654,0.05162099913975774,0.06630435527277234,0.23639589800038227,-0.011128755107247701,0.02440491583554711,0.2771317829457363,176.63846145771478,1.0
-0.125879,45,135.11312,0.30049119892121473,0.043016459948887344,0.08283658121912789,0.220127715538795,0.02048701060021296,0.025951114270610566,0.2925925925925927,179.38474628715977,1.0
2.873103,47,135.22987,0.2939906060901479,0.025430574792290685,0.09684313706123966,0.22900659564353182,0.004223596988100986,0.027684413192399733,0.2624113475177306,174.3210353802582,1.0
2.999689,50,135.35372,0.3026468745270822,0.04372264254990362,0.08598625506234285,0.21883921631789968,-0.02371052431814734,0.021578717325291735,0.2516666666666667,185.08669670459497,1.0
0.862812,49,135.474984,0.30978277217872924,0.03200313892261443,0.1019654484287465,0.20651739398971775,0.01449306259542415,0.03648030525646831,0.28741496598639454,172.53276301797834,1.0
3.117977,62,135.650117,0.3309260319864506,0.03233386061648849,0.07883692327405216,0.18399873206981163,-0.003432600247728136,0.03270922951096979,0.2728494623655914,180.8256126550756,1.0
2.270785,50,135.777201,0.3018890225931006,0.025084282409276206,0.11508116568978806,0.21642461116521342,0.008924167497589178,0.06897944547809393,0.26499999999999996,180.09219297017145,1.0
2.245724,48,135.89266,0.29653780799543267,0.04576804652038454,0.07688813230228307,0.22468461777857685,0.007047521776450228,0.04486564181977038,0.27951388888888895,182.028099681865,1.0
3.4927,48,136.013008,0.2953396900296027,0.03515947153777301,0.08582079890880293,0.22564237817984825,-0.010108837635949107,0.02884601356039078,0.25173611111111116,176.69377911516406,1.0
1.850961,52,136.147765,0.31055204809911563,0.03269764663028445,0.09740878508497954,0.2072274744893163,0.013013020062965857,0.033194073198857435,0.2644230769230769,182.35554390950972,1.0
2.428284,55,136.320522,0.31686143456473276,0.024205500623113343,0.09777717770270951,0.1987944406209667,-0.0032475900480698826,0.03274780239613426,0.26666666666666666,181.33057760267684,1.0
2.049747,50,136.44557,0.3028760258038237,0.04164664908005297,0.09411037328120271,0.21685012550653304,0.006250742668427709,0.05013826512040364,0.22000000000000003,179.03911358775494,1.0
1.417999,51,136.569791,0.3126011189786742,0.03554106120940617,0.09669418302009554,0.20480158060410916,0.018104095868481943,0.0615911547782161,0.23366013071895422,180.0284452422599,1.0
2.862264,54,136.697564,0.3117752577712193,0.03634363762159772,0.08324898954826644,0.20522398909747278,-0.0005474799993708755,0.035681433800861743,0.271604938271605,176.32893692589846,1.0
2.724479,50,136.818051,0.2986031515915164,0.04890534744271244,0.06494643796727029,0.22147034702136456,0.004378981749099936,0.033913093349715366,0.2816666666666667,184.73907636566565,1.0
1.814055,51,136.980383,0.3045380273672785,0.022994639519889035,0.13549433774206018,0.21336781521431017,0.015594065915918309,0.05619374314180515,0.24346405228758175,184.698702528808,1.0
2.48482,43,137.085411,0.2777537689315871,0.03917484519508103,0.09495171117626701,0.2546782739811857,0.016788521659688596,0.0553724913296742,0.22868217054263568,177.68806564216828,1.0
0.986509,46,137.206349,0.2967045745025136,0.03772464542999446,0.09916047097927838,0.22515514300519432,0.02424172681361775,0.05514179310345586,0.23007246376811596,183.69777307903877,1.0
2.191238,50,137.327683,0.30074291326532737,0.03108302532314098,0.0888277662626639,0.21827715487329297,0.005103633265301717,0.06373434030302087,0.26,179.32153182717073,1.0
1.526531,48,137.44949,0.2985900559899376,0.034876624225797376,0.08459759862770115,0.22192194159090203,0.0027194290916041307,0.044381376495073614,0.26909722222222215,182.2793833401199,1.0
1.287486,52,137.606274,0.30755904272070267,0.0342318596824894,0.1129419381577511,0.210265886954505,0.02490507232976992,0.051927596529976534,0.2435897435897436,186.18939208503312,1.0
3.948185,57,137.748744,0.3122455916356113,0.04911856487543898,0.07932152213304602,0.2049671073882883,-0.02024873073999136,0.023902538977222307,0.25146198830409355,187.40069586820968,1.0
2.703015,51,137.870405,0.3057862434353812,0.033150206318515445,0.08646853609143026,0.21297574814474754,-0.00010018433961456947,0.021162438285634664,0.2630718954248366,178.7293221699406,1.0
3.534546,67,138.0347,0.3452454447399067,0.026293143468055422,0.07380999975916222,0.1676611249493526,-0.0091843010831256,0.032328397188808165,0.2475124378109453,186.8911921254979,1.0
1.451219,72,138.239352,0.3552665904440531,0.03068788802884987,0.08707813542399571,0.15786502742626793,0.008268696444012857,0.055040658651042636,0.24652777777777773,186.6075433416772,1.0
1.399121,45,138.348844,0.2880742571084198,0.030604589233128893,0.10312993787208102,0.237154507081641,0.016345628391914876,0.04661988725329368,0.22037037037037044,181.0014852401856,1.0
4.4141,54,138.48356,0.3037531429501786,0.062145463242660855,0.09137326131162349,0.21624296588997577,-0.0396671400055186,0.0007826822584223078,0.220679012345679,180.89019512932572,1.0
2.823494,47,138.608651,0.28696730166538187,0.03027476407072688,0.10183664296664689,0.2375938244013545,0.00013884076626565037,0.03734115123837779,0.24290780141843973,182.06891862963386,1.0
3.111642,49,138.724943,0.2927216076390852,0.030587539751529454,0.10870976832303149,0.2299766007435309,0.009456085242767523,0.017304351731272895,0.25170068027210885,178.42821338565486,1.0
1.322914,56,138.890718,0.3223337959081075,0.02423967414218992,0.09628636859487714,0.19246639553583172,0.01234734683061262,0.023029893306257508,0.2276785714285714,184.8877195869045,1.0
3.418522,51,139.024025,0.2985998709179086,0.052935128564648645,0.0750695454497174,0.22285528633060672,-0.02811799567225729,-0.0215649528034602,0.23529411764705885,189.99707387437843,1.0
4.500881,49,139.139063,0.29345881328038864,0.0419588449592171,0.0661102226186001,0.2305869503695364,-0.014389170958632427,-0.026307346375174463,0.23299319727891152,179.38440220107236,1.0
4.325216,56,139.27661,0.3093583313205731,0.029542342416498606,0.08674608923836641,0.20805258793273113,0.01616637511655589,0.03454897584503303,0.22916666666666669,183.79815755215003,1.0
3.768654,48,139.391816,0.29214735967149397,0.04143284460799163,0.080747843269457,0.23128278491984602,-0.015830149335874975,0.02143103169267314,0.22222222222222224,178.2773967378149,1.0
3.947347,48,139.541701,0.279114592537402,0.030410725007438875,0.13177944038537637,0.2498720162834133,0.014079719386802908,0.09260230797546103,0.23263888888888887,187.85277277187973,1.0
3.041817,53,139.673664,0.3067035349157587,0.036665882385705596,0.08718870946440888,0.21049887225718955,-0.0069405557451243565,0.04650724937709968,0.240566037735849,182.19427277332892,1.0
4.14283,49,139.794317,0.28821076026246506,0.039399243434092186,0.08828416080369854,0.23695966460883425,-0.006295995714467542,0.010889348872651984,0.23979591836734693,179.5910154049896,1.0
2.944774,46,139.912323,0.29099610193643777,0.034393561210893875,0.06515832118814925,0.23343477545785754,-0.012353122174272417,0.012990153728581757,0.2228260869565217,176.20039004061792,1.0
3.931155,47,140.026848,0.28142031092615494,0.028728149935461945,0.09824102861751746,0.24656207290103327,-0.0005170034610966509,0.0446433746571475,0.22517730496453903,181.29766240811009,1.0
4.535456,47,140.137575,0.28237236291501805,0.03053826144972955,0.09453645968826054,0.2462042614348904,0.01566904841577527,0.029011842150645718,0.2340425531914893,179.79581348256409,1.0
4.200982,54,140.303658,0.3087853041461375,0.04179004396306088,0.07685297617865906,0.2103520452848399,-0.020556475173153305,-5.254876843314838e-05,0.25462962962962965,180.80528431516026,1.0
6.500234,62,140.446083,0.31823119649965415,0.03812349043461062,0.0738268003763234,0.20055422462378378,-0.005896845819352772,0.04730286908550415,0.23521505376344085,183.6142670844303,1.0
4.304421,50,140.562899,0.2914762429457765,0.052315688205432184,0.06768751605530335,0.23176321863933605,-0.009483679827219354,0.04861702569364069,0.235,186.02937555162436,1.0
4.986329,54,140.691782,0.30393350265119135,0.032798589722196056,0.0682242217025443,0.21625644804323965,0.005463810575589921,0.02528127982985892,0.22530864197530873,180.9898661282908,1.0
3.544386,58,140.856065,0.3187975623940186,0.021162052743194937,0.10446919199882305,0.19663221612222662,-0.002980266315651745,0.04159920289763456,0.23132183908045983,184.78493940639106,1.0
3.215914,46,140.966086,0.28654523829315603,0.030893068290447363,0.10075136276189953,0.23930630017748503,-0.0029618923517573527,0.04450971559469829,0.24094202898550723,177.2103117631896,1.0
3.876978,53,141.101281,0.3022659135849023,0.02992196141917978,0.09435086052989929,0.21770101617525192,0.005070631297603441,0.018328307401694652,0.24528301886792456,184.12133653199518,1.0
1.990856,47,141.218776,0.2933510379347019,0.034836278648050396,0.11234780975906362,0.22931237256970957,0.010019114359116277,0.05805508868708031,0.25354609929078015,173.8507473654669,1.0
2.727294,43,141.318996,0.28449173036193404,0.05487696799211371,0.08327494425250873,0.2439006384256914,-0.0382070148695366,0.05579997433714501,0.23255813953488372,181.2480153202061,1.0
4.983846,52,141.443356,0.29665217630110796,0.031806669524021315,0.08400503923387787,0.2265200957069415,0.006490571456974685,0.033686736605035635,0.24679487179487178,173.81998258586975,1.0
3.561092,54,141.606263,0.3095125329994504,0.03139175671908989,0.09762181443299199,0.20883383495660246,-0.011464108563439109,0.024431167437462462,0.25462962962962965,185.66585943499123,1.0
4.098213,61,141.759463,0.32655400143101415,0.04066439742768657,0.07333646793884124,0.18862260545727283,-0.02322893103596484,0.017179590323251767,0.2581967213114755,182.31638819926596,1.0
5.272701,51,141.878313,0.2948559652652585,0.028539711450831222,0.07538133569753339,0.22685149570660465,-0.0016826393947291436,0.028612901357752463,0.24509803921568626,178.95570575538173,1.0
4.216074,47,141.995184,0.28543409725279395,0.027126180659192773,0.08672535115478198,0.24015638380559848,0.005326532535784844,0.002554187984277551,0.2340425531914893,178.51227218275017,1.0
4.858356,53,142.149904,0.3025042861715279,0.04227481977162464,0.06801257871399816,0.21722546149263225,-0.015480620397311197,0.027685323657126334,0.24842767295597476,176.8366546087384,1.0
4.025512,62,142.307512,0.3284483110777444,0.045906095101523874,0.0707477683549056,0.18803070825175,-0.01123919525857756,0.03162439856949176,0.2768817204301075,181.5197282594212,1.0
3.578119,43,142.412712,0.2734181545640759,0.03661299399301523,0.08797336908267799,0.26511195370557383,-0.012370650514778363,0.05215936524379455,0.246124031007752,181.05426556124982,1.0
5.565437,54,142.548416,0.29838430855924686,0.03130791776536956,0.09267162355452155,0.22325006437741812,0.005636539710063979,0.04662390313271717,0.25000000000000006,182.66964480767322,1.0
4.251096,75,142.736777,0.35769152080698646,0.03786043356980487,0.06774063362095192,0.1551960341760214,-0.01791314359415111,0.021011673838714252,0.2700000000000001,184.86599922022393,1.0
2.26305,50,142.896126,0.30278658162004335,0.03186586881154139,0.0989443144633629,0.21605807407533892,0.019260164954394397,0.029416631561232195,0.26833333333333337,177.63180974028495,1.0
3.786368,49,143.018929,0.295811322887506,0.029600370080954282,0.08171513682063322,0.22654803233266219,-0.008993287524688077,0.036332943231422846,0.24829931972789118,179.12931497245847,1.0
4.371391,52,143.149872,0.2986074785668349,0.04334091150648795,0.09163356726900125,0.22202430379819169,-0.01727787249155274,0.05083051451081437,0.22275641025641024,177.07443856581295,1.0
4.134807,49,143.273882,0.29146390858637294,0.024284357623743834,0.11750935856347856,0.23477586548502194,-0.0005622540130960648,0.030207129030982965,0.24319727891156467,182.24044609643926,1.0
4.327281,49,143.397164,0.29294951701070515,0.028393087614343046,0.09114353761783268,0.22893811400861516,-0.0020984469991816835,0.036556027246977825,0.23299319727891155,180.2913271641096,1.0
5.119847,50,143.544756,0.2866289301354624,0.04741418665681612,0.07143561707508114,0.23814809995090447,-0.017093873918736166,0.020383577692529478,0.23,180.97746118877564,1.0
5.559074,54,143.676727,0.3026275673152616,0.041188336605752406,0.08059920333685662,0.21677281113737534,-0.012811726520774017,-0.01160728602308809,0.24382716049382708,178.39281464982776,1.0
3.890043,50,143.800164,0.2979762034427637,0.026983278049551227,0.08887159649228327,0.2234897061051768,0.007886937201558572,0.027028244678890614,0.25000000000000006,182.78393335148436,1.0
5.736756,63,143.961368,0.3221715947805901,0.024390179215504952,0.09637169495150068,0.1945373361192562,0.007420738088694311,0.04993417254183056,0.2288359788359788,187.16454599633425,1.0
2.748138,61,144.114068,0.3291311234127283,0.02247440177424183,0.10643783939890814,0.18544412944560637,0.0058966380507217385,0.048213140073308056,0.23770491803278693,184.7111491794589,1.0
5.041139,52,144.269927,0.2955046341325113,0.05548918316895249,0.04542649907147838,0.226207125405032,-0.016200352581300346,-0.008058008050064538,0.22756410256410262,179.1321265147785,1.0
4.920906,52,144.396207,0.29782267362218184,0.03233513560011571,0.08798061966841388,0.22363518961895495,-0.0025813260530237695,0.02795228015730332,0.24999999999999997,183.47719356245292,1.0
4.581083,57,144.537841,0.3152521584211698,0.024357282041453637,0.08516802286015389,0.20201065698325027,-0.0010432620238313391,0.034328497069689094,0.24415204678362576,181.54514467777977,1.0
4.558485,53,144.669467,0.2986372757321116,0.04341401932460999,0.10234142310468423,0.22153525583536332,-0.02803800638486707,0.0033979951297128607,0.26415094339622636,186.22614202211594,1.0
5.092432,66,144.864457,0.3379295852972931,0.028296238676580418,0.06917965668978286,0.17551376185008558,-0.013132167815548892,0.02971071906569747,0.24621212121212127,184.65446827343428,1.0
4.876147,57,145.0106,0.3137121039473422,0.035890039840582276,0.09381148624588542,0.20244595063328122,-0.015537619471691678,-0.01048526554075221,0.2309941520467836,186.62595141774125,1.0
3.430912,49,145.135915,0.294163393409065,0.03205057872403133,0.09668169815120926,0.22858988891438162,0.010027688294667405,0.028656250154324756,0.22619047619047616,174.32614405039325,1.0
6.142295,50,145.260189,0.28242423376580955,0.041216810117099156,0.06207787312057328,0.24496284491815593,0.010286212266461146,-0.0041730542372137094,0.26666666666666666,178.92757498731905,1.0
5.706241,60,145.4062,0.3126042325991517,0.02994664798860485,0.09748367336372385,0.20532655108184558,-0.006002097555807112,0.03899963509836856,0.24027777777777776,183.338741258845,1.0
5.426861,57,145.591805,0.3105546039848459,0.02541237110909363,0.07310465810736724,0.20847355935037729,-0.00618918322169163,0.00896906289301706,0.24269005847953218,183.03449112868887,1.0
2.71072,81,145.797665,0.3651388875803184,0.05487879970375677,0.07913222889841087,0.14925460619466027,-0.019735593398790423,-0.008252674626453564,0.2541152263374485,188.5166762373905,1.0
6.148822,49,145.920205,0.2863984337794526,0.03022806935543147,0.0782049360681648,0.24305575720480058,-0.010091653145235725,0.04512217201212655,0.2380952380952381,178.49786811001835,1.0
6.195224,54,146.060199,0.2968065777667805,0.029137141711323117,0.08066640694440594,0.22717343766303,-0.0026905319000899543,-0.0037406232654416133,0.2623456790123457,179.81456393178317,1.0
3.606883,77,146.330607,0.3583424961109685,0.049778443556863894,0.06128530864709772,0.15587619191942784,-0.02383479341793541,-0.007570319485172412,0.2640692640692641,183.10873523627566,1.0
4.491506,55,146.465866,0.30740061782182965,0.06570545900499436,0.05770316540920703,0.212838793221266,-0.018790335766514437,0.004970890618619934,0.22272727272727272,177.76468905721092,1.0
4.404681,65,146.623334,0.33385563056594536,0.04716487118926211,0.08626961822644405,0.18004741282847508,-0.034088780494083704,-0.01923984567923215,0.22948717948717948,189.02985194687326,1.0
3.14601,49,146.744808,0.2957115959116806,0.06484824059314905,0.07449297036210005,0.22607161626255065,-0.039527256313745124,0.007279996292352746,0.2380952380952381,175.94798639002934,1.0
5.522424,55,146.90875,0.3010058280165761,0.05376267820961735,0.07754834969886391,0.2195819666767314,-0.019830458920005633,0.001111866674551776,0.22878787878787873,180.5707118176355,1.0
6.797208,57,147.052085,0.30227089508383037,0.036696854264812506,0.08506150378764868,0.21974411904313962,-0.02236549846277835,0.0342821947618155,0.22076023391812868,189.23328718502734,1.0
4.848371,56,147.190248,0.30690377205231717,0.053435963270134904,0.07475987027598197,0.21284835024804952,-0.02150884467273271,0.0007226354396939506,0.2217261904761905,179.93652363715336,1.0
2.524686,64,147.345409,0.3327857401104447,0.08055786747197353,0.10723934663901277,0.18155787827176215,-0.05675827550149317,-0.06458135336748325,0.25130208333333337,186.21129791309818,1.0
5.234297,92,147.617877,0.3771653398600583,0.03016334975340067,0.06622341202456156,0.137354197098201,-0.009425597406863906,0.003105410058953004,0.23188405797101447,183.16227497439445,1.0
7.591416,63,147.771354,0.3156405639913858,0.038933757054723975,0.07161618085655194,0.2045723225166122,-0.018840499742622065,0.02651468232775427,0.24867724867724872,193.76400860281726,1.0
7.503589,62,147.952814,0.31242133012218287,0.029973530635002205,0.08791945814983285,0.20829376536661678,-0.01691454236995696,0.01079489886533768,0.24731182795698925,202.85342341593375,1.0
6.622309,54,148.142374,0.2921531661258726,0.0355320865861039,0.08695365713499768,0.231574604947111,-0.013238394847020954,0.01451903118555697,0.22993827160493827,181.79494862025626,1.0
5.239857,57,148.38911,0.3022622758304226,0.03395608159452493,0.11550211695743738,0.2187802944530746,0.02131317635833502,0.039115356059043496,0.22660818713450293,186.65396058529714,1.0
3.223092,51,148.514247,0.29945346249944393,0.06438671209488733,0.10078229972183735,0.22148299491795115,-0.04546125540529233,-0.05280166531373385,0.23202614379084976,180.27178456251977,1.0
5.717183,54,148.645908,0.30188036961765374,0.034399102824221955,0.07267861131257762,0.22017916669881957,-0.015983463457362207,-0.011762030540067813,0.25000000000000006,186.6513104689499,1.0
5.596066,49,148.764622,0.28627429816300415,0.03777283746857959,0.08246186955334771,0.24276618112665246,-0.013366633408064607,0.03276933190446869,0.22619047619047616,182.20166967913283,1.0
5.260752,71,148.93405,0.34008098373025336,0.05485710701658675,0.06196569038158837,0.17472528591927045,-0.01638468605312184,0.00693113295498333,0.23239436619718315,187.77271249124047,1.0
4.709236,54,149.107753,0.3039522802149491,0.056081848840827966,0.09133657745148219,0.21616277710009169,-0.030455362609248585,-0.012988479225665053,0.23148148148148145,177.0596640186106,1.0
6.872476,59,149.255433,0.3070158245736093,0.04630989938174344,0.07718940814666934,0.2117776690333802,-0.024592534880442,0.027757445082600734,0.2387005649717514,190.3861208945341,1.0
6.928727,59,149.397897,0.306523993602476,0.03831843653106516,0.08349869020004821,0.21344853804378633,-0.01691907825508078,0.01643339528824135,0.23728813559322035,187.2315836314741,1.0
5.785905,52,149.521962,0.2919542718757198,0.030610186718855133,0.08039636878430405,0.23337958154480248,0.0055334777899251,0.043657322905126236,0.23237179487179488,184.02575727239554,1.0
7.729608,57,149.664524,0.30079532658242647,0.036968632661802094,0.06596535290492395,0.221789043133399,-0.018371911957039726,0.0014948317521497588,0.22807017543859653,184.57423653677375,1.0
7.350548,59,149.834231,0.30699883245418597,0.03456732447362698,0.08161018633819128,0.21714306809162645,-0.023954137299195575,-0.014730301725281857,0.25,190.88579271980254,1.0
7.458679,57,149.975285,0.30254435024257426,0.03870443737035968,0.05897501852910101,0.2184373337084592,-0.016106137912005294,0.03182562042747279,0.26023391812865493,184.72977190197503,1.0
5.54242,56,150.112135,0.3030579244555079,0.03835850040329434,0.06587402508867093,0.21752446892623994,0.003551767532180605,0.0240798841625801,0.2529761904761906,187.33415232453802,1.0
6.196989,53,150.236191,0.2906888592167544,0.06035394033592479,0.0667069297472664,0.23272626898436563,-0.01997023589776346,0.02425953719955168,0.23113207547169815,184.6164435900767,1.0
4.321137,50,150.372787,0.29009209130099717,0.026502141946085987,0.10927534282225214,0.2349370100336489,-0.0005602230733156787,0.04863050863546442,0.23500000000000007,183.57514820952872,1.0
6.258853,51,150.487498,0.28121339258916994,0.042645026436090874,0.08910727350619162,0.24595240965827592,-0.010973763050657611,0.030989822696093287,0.22058823529411764,184.3109001128809,1.0
5.858531,50,150.611995,0.2871644154223251,0.05778028896846549,0.0805300156605899,0.2445007118883254,-0.027383338183312938,-0.015405858161792702,0.2366666666666667,177.70644634093821,1.0
4.647241,49,150.728976,0.2822565147590521,0.05517026035528971,0.07402019258302152,0.24648169939383682,-0.02191327462933197,0.04460537537368323,0.2670068027210884,184.93333322560332,1.0
5.716635,50,150.845202,0.28717431909864977,0.03175329664793356,0.07996478979119094,0.23996206994193653,-0.0008761173314440018,0.021514010069403112,0.2316666666666667,179.35072760961367,1.0
4.987837,52,150.993664,0.29148080305689095,0.07853648121330581,0.07140758862907683,0.23207124156866163,-0.043678758738507045,-0.01480779039898671,0.2371794871794872,181.5363829244056,1.0
3.111288,42,151.095446,0.2681653214341546,0.04857099180163103,0.08094266665428342,0.26721257204217114,-0.022423172594810022,0.02562235255284457,0.25000000000000006,181.9967997582152,1.0
6.977866,55,151.229784,0.29052745569106814,0.03063758755069989,0.09450660039361652,0.23538060126632515,-0.004738983895803389,0.004520163493821353,0.2484848484848485,184.93015240070076,1.0
4.294496,48,151.350852,0.2909778218991172,0.030441863569270897,0.07816227422211905,0.2331745932529411,0.01295376620426737,0.03253201791018247,0.2534722222222222,175.0633275176134,1.0
6.819668,50,151.464524,0.2774372998003198,0.021686476192813612,0.10359206001352843,0.2629861457601982,0.007915211974116354,0.008919641345696732,0.26166666666666666,193.7426538567748,1.0
4.271149,49,151.602812,0.2830365931213651,0.07105163944191609,0.06286615488037135,0.24573410254199396,-0.021380204110507877,0.01212403218412922,0.2585034013605442,188.67045554278437,1.0
4.512433,57,151.738564,0.3083058566226918,0.05184141699582791,0.09081322298316959,0.20908333996988754,-0.019098147169802043,0.04050399618077656,0.26608187134502925,182.50829173231804,1.0
4.075629,50,151.851363,0.2911410954217197,0.06400531134666217,0.06854662588965682,0.23371045847988692,-0.031706564134215194,0.013961668857309437,0.2783333333333333,174.73775964177716,1.0
4.988806,44,151.952059,0.2666486417014753,0.03717320138185293,0.07202980890505715,0.2726273353088828,0.001165212011190712,0.010334223902653287,0.2556818181818181,183.96382933247494,1.0
4.915733,50,152.069979,0.29165395707966124,0.030542745776435048,0.09005854188567564,0.23335405699076342,0.014877392162297571,0.024360527373203295,0.26833333333333337,179.37825964221258,1.0
4.621745,47,152.17163,0.2814433859465713,0.04382015187552646,0.07109328517114627,0.24715968854021636,-0.0011439095376431778,-0.002406555998733498,0.26418439716312053,171.19830886762057,1.0
5.275018,51,152.308679,0.2934612111498935,0.0571943185059651,0.06506071298133952,0.2302971385916158,-0.02546040427579452,-0.016066683658199545,0.27124183006535946,175.65353288048965,1.0
5.609668,51,152.429418,0.2941791594307239,0.03951095708154584,0.06367519365541328,0.22803897715496896,-0.01261476616197848,-0.0005566797978928848,0.29411764705882343,177.91189116700545,1.0
3.564354,56,152.56634,0.30922884583492116,0.07487036082110035,0.10346456584012696,0.21208842208057563,-0.042249572085804425,-0.0578920510335442,0.2857142857142857,180.86097880901895,1.0
5.100222,49,152.684901,0.2793843801522041,0.05216171634045539,0.07098210173140707,0.24908707718030942,-0.0017098350095271042,-0.005251358050807571,0.26360544217687076,186.4987893398637,1.0
5.150356,49,152.807465,0.2879903601319797,0.04594045069700563,0.07451517764547547,0.23916011737186135,-0.019565775826483046,-0.0007473145813101214,0.28571428571428575,178.4566782936126,1.0
6.952781,54,152.968636,0.2929684954228916,0.033619782433205486,0.08999396432760585,0.2360378169163662,-0.011012009863838292,-0.014158701706348534,0.2854938271604939,193.3370877576073,1.0
3.741016,52,153.09465,0.29808777048008944,0.038495482383715605,0.10338673188829174,0.22300478146941036,0.021890279253236104,0.046709210983404824,0.26121794871794873,175.4957849560719,1.0
4.259762,46,153.20488,0.28428847428560056,0.049017504986279214,0.09401479979287049,0.2430514584436934,-0.03642314406874654,-0.008703742682479271,0.28079710144927533,182.62058203562748,1.0
5.782042,49,153.323035,0.2832364186596917,0.03340980284281868,0.08130911511024931,0.245191784434645,0.012362433207025517,0.03475238252891598,0.282312925170068,179.03341191148854,1.0
4.655425,50,153.44202,0.2907415280295485,0.03981282224967097,0.0799710170271195,0.23533949811916546,0.015639517222402696,0.03123359383685189,0.28833333333333333,178.19992417797417,1.0
4.360478,49,153.593369,0.2861781167939667,0.04434578691265744,0.08029178484025358,0.23808769631989377,0.002004833796094539,0.036750539554347754,0.2636054421768708,179.37836690274136,1.0
4.356976,53,153.72206,0.29725306708231874,0.0899786558746856,0.07076916591228269,0.22598877169148798,-0.05502620399749319,-0.03328010953771712,0.2751572327044025,180.81411408790416,1.0
3.639365,47,153.836902,0.285393528944223,0.05264868671796475,0.05907897098750212,0.24216275543823892,0.0035083593715117397,-0.0017161854461871444,0.28014184397163117,176.5482303734516,1.0
6.32287,49,153.96502,0.27813670704599175,0.049582641595692624,0.061549945947721764,0.25035884644728706,-0.00328980069564873,-0.00817068542440184,0.29081632653061223,180.04864658849027,1.0
6.003455,53,154.097906,0.2913313210759299,0.038115136963346445,0.07613383377781076,0.2339697408403978,0.011077010544482959,0.005892689685383792,0.279874213836478,184.22933053493364,1.0
6.2264,49,154.2412,0.2823709573859299,0.026050869274471998,0.09160929800305266,0.24402126930587556,0.0011578633662028273,0.018447866711525113,0.26870748299319724,178.8821800228212,1.0
4.534256,48,154.362301,0.27911138412908226,0.04517493585220684,0.09733713514556068,0.249745702519329,-0.004718079053475863,-0.013475591930334247,0.27604166666666663,179.61244394457682,1.0
5.073941,48,154.475433,0.2773401479696318,0.06590260891618639,0.07530933701969099,0.2532169726729691,-0.033749752813862936,0.013720958502970582,0.2638888888888889,181.54591422860156,1.0
6.004497,55,154.605953,0.29615625400516693,0.039499768256497016,0.08577268848751943,0.22660894834879447,0.0013854975969142232,0.005525630218232517,0.28030303030303033,185.92437372528633,1.0
3.376053,45,154.710144,0.28167698032411936,0.054911304249304106,0.07328713286307162,0.24905027083494463,-0.006823010275473533,-0.010686236539725013,0.24074074074074073,175.78818230663256,1.0
5.214516,56,154.86267,0.30550307181744735,0.04859879064325861,0.05467543453554863,0.21487210464994824,0.0057677267866172765,0.0194347032133516,0.2782738095238095,176.67403097991922,1.0
5.937199,48,154.978557,0.2782960062656552,0.03372377683169317,0.08208157296713416,0.25259895627541357,0.008692591091959023,0.035800092375160054,0.2847222222222223,180.53122820108138,1.0
4.395811,52,155.104783,0.2940465416766981,0.06957896227158503,0.0754529773994626,0.23022084657864714,-0.027532609563877188,-0.03990425558408206,0.23878205128205124,174.441332682388,1.0
4.544687,52,155.242191,0.29745677826696415,0.05979402728842102,0.07592894000516917,0.22558868677491967,-0.02578302940335173,-0.005926674094425579,0.2548076923076923,176.54028938540247,1.0
5.57878,45,155.355196,0.2680787979588277,0.0430382881541546,0.060774441409229274,0.2661738912896799,-0.021209719491081594,0.026006507741408537,0.26481481481481484,188.6547387593855,1.0
6.565614,54,155.530158,0.29215087376204546,0.049243063892610704,0.07701951673340915,0.23299009526548037,-0.00958242755268205,0.021961350407647424,0.28703703703703703,180.32214460329422,1.0
5.361226,52,155.654117,0.2928809501955289,0.0477672021046132,0.06336503741728251,0.2309972744372723,-0.009569774107987981,0.0030981902993480834,0.27083333333333337,179.3349609096563,1.0
5.679947,52,155.776148,0.291233983490521,0.03234237083524935,0.0848267215181281,0.2318788690004347,-0.0038945973729053738,0.001786175259267215,0.24519230769230768,179.58607867944494,1.0
5.395749,56,155.93038,0.2968869502896778,0.032392018036706306,0.10533036061211275,0.22568456581857507,0.0136307510615639,0.06210938303636647,0.2633928571428571,186.72192454224225,1.0
5.926981,54,156.066596,0.2954400502318865,0.043335923122398104,0.06980780167318099,0.22753772318540938,-0.013563577648886112,-0.005489019899578984,0.2762345679012345,186.32581233383425,1.0
1.781395,60,156.247489,0.3228322033490622,0.09655203027929056,0.06209723720311609,0.1945858983964232,-0.03998690830327494,-0.023654774995454216,0.2833333333333334,179.5407539793779,1.0
6.332991,58,156.393017,0.3064005672905982,0.02370578886807532,0.08885033321280549,0.21297342068179065,0.002871211406129001,0.026224565067601412,0.2916666666666667,183.1429166654207,1.0
6.231874,53,156.520471,0.29369819176140044,0.02775487647742518,0.0772444238119617,0.23025945312185744,-0.01196942361868145,0.028939488926903935,0.2783018867924529,184.76836226078908,1.0
5.130092,57,156.648561,0.30770276706774924,0.06396788611814212,0.06871422538244577,0.21105633933036655,-0.027224851572626208,0.013176259231163839,0.29532163742690054,182.11768308759068,1.0
5.274664,52,156.801511,0.29171884627266503,0.05209568105283089,0.051970844204417596,0.23205137623834482,0.0015783359493293041,0.01928169715865687,0.2788461538461538,189.25878424500513,1.0
6.065452,51,156.922998,0.2853862805732387,0.06259535241346333,0.08178342629750003,0.2421489366944034,-0.037547847417083585,-0.0077393376838437835,0.29411764705882354,187.08390872791333,1.0
4.463695,48,157.039345,0.2862501045389685,0.055413560681385435,0.06822674445733905,0.24028406849948833,-0.023660008461469633,0.027291016257666976,0.26909722222222215,179.23053046726898,1.0
6.436888,55,157.169131,0.2948427929004556,0.027413532363959468,0.07894973423867999,0.22808199982034097,0.006101761853092925,0.03181334173964313,0.2696969696969697,187.75279426509312,1.0
5.795588,63,157.317347,0.3152351879661992,0.0456436005677864,0.06606002370193154,0.20358764614706823,0.0018485692556326277,0.02427621676240875,0.2843915343915345,194.1112979158485,1.0
5.087184,54,157.476422,0.3027393992403,0.03358523023602007,0.07908832367020911,0.21667222725754498,0.006392718734457067,0.026439087630683873,0.2901234567901234,178.9779512440868,1.0
6.523514,59,157.616651,0.305764404425451,0.05223177119416965,0.07660229882377917,0.21624963618742885,-0.017483530299206816,0.0022764555462222707,0.28248587570621464,184.71094214226562,1.0
5.937567,53,157.741979,0.2945833926041993,0.060198989504748106,0.06245517165897813,0.22796340200014484,-0.03659153529911934,-0.011951831781776225,0.2861635220125786,182.81524809348562,1.0
4.250752,44,157.842625,0.27634756986336384,0.045076906941055234,0.08401449897003331,0.25796673232138023,-0.019012679313070633,0.0315543316140197,0.25378787878787884,176.59369887603773,1.0
6.887764,56,157.980471,0.29275731373808966,0.03372938913884385,0.06761776797427765,0.23214632395217238,0.0038027971685941735,0.017790910212021702,0.2619047619047619,185.93704445538387,1.0
2.994422,49,158.123632,0.28581404415709016,0.03705160614711409,0.14633254859921488,0.23963175698515823,0.02082760975386289,0.024077161615705823,0.31972789115646255,191.15488579410192,1.0
5.986191,53,158.250379,0.2949080315118349,0.04076912558695914,0.06671602005531775,0.22762487526699374,0.004931746113276709,0.04150742277666485,0.2751572327044025,175.144700221589,1.0
6.557528,55,158.380547,0.2945988105346832,0.038191179165542065,0.07853030642734284,0.22815551890789973,-0.0014639141617266587,0.027448954235325774,0.28484848484848485,184.66909650016223,1.0
6.406638,66,158.536214,0.32369310227159764,0.04027215811544326,0.06725350985523411,0.19484296664225512,0.0049602375817783,0.019141602798260264,0.28661616161616166,187.80662269668872,1.0
5.990818,65,158.748335,0.3210576902532614,0.05121808909723502,0.06288550144171273,0.19755085041007867,-0.00533521822239601,0.02224585645347669,0.31410256410256393,188.06392495173543,1.0
7.051732,54,158.887234,0.2896222380041553,0.052541930763816996,0.06836944371684192,0.2347765044068876,-0.02037344072435973,-0.019542181985393797,0.2932098765432099,186.31746088290834,1.0
5.412625,57,159.036714,0.30730896432264215,0.058062806770483893,0.08414258121798804,0.2130748572289528,-0.034065393963137035,-0.034341966092397945,0.29532163742690054,188.09917996308198,1.0
6.109097,56,159.17853,0.3058591837798588,0.04536195005962713,0.07621310068093035,0.2139996758350184,-0.014073269125302724,-0.0067822505701456625,0.3020833333333333,181.36704344614296,1.0
5.556794,54,159.312259,0.29172640105739905,0.03443814412635556,0.10233640191957896,0.22994725503471017,0.007923187910907323,0.03035288779625303,0.29012345679012347,189.85545458635985,1.0
4.460312,46,159.447249,0.2786376201069587,0.05693797816177976,0.07923881067653733,0.2514828004456426,-0.03366872942089842,0.005842164112918368,0.3043478260869566,179.14368123163604,1.0
6.060373,59,159.594934,0.3094569428375381,0.03136884836295802,0.07811619341492598,0.20933827003817146,0.005604792412032621,0.05172840058275855,0.2895480225988701,186.1773654292505,1.0
6.119815,57,159.735837,0.30143334870740973,0.06548856469533947,0.053393953249523445,0.21933396856762855,-0.029801754188641224,-0.005668634498105776,0.2894736842105263,186.32548342318768,1.0
6.708841,68,159.90309,0.3335361487610657,0.03558224958322098,0.06993494180360837,0.18287157349615535,-0.008978243776105446,0.03166174295501998,0.321078431372549,181.99738909519337,1.0
5.008616,59,160.068063,0.30836315977809753,0.045089571846807903,0.07809614642552436,0.21105562870441344,0.02138984463728116,0.047251032530331534,0.3107344632768362,183.39014089054825,1.0
8.146905,55,160.205888,0.2887942572104583,0.03737056406061515,0.059790873325350755,0.23782912491884894,-0.011847180432165509,0.016498876206296895,0.3212121212121211,185.62806898702695,1.0
5.247112,45,160.323102,0.27636107060390136,0.05039560220105212,0.06986123833481296,0.2583607393864595,-0.01528304773703339,0.00025247085097850796,0.2925925925925927,170.38432498353046,1.0
6.067642,50,160.446621,0.284778371086332,0.04184170236000133,0.0611557035906789,0.24180794639978395,-0.006116785369426099,0.02781045645317219,0.32666666666666677,179.31966887881677,1.0
7.441031,58,160.59172,0.2927590581412282,0.04319389485905124,0.08006576513304535,0.23315389351392285,0.004866822302689025,0.04473255024218417,0.31752873563218387,200.60613397559757,1.0
4.096503,49,160.73659,0.2891731456423516,0.051269570993598135,0.07260850135524605,0.2344930476998009,0.01226646145153212,0.02613282162632677,0.28741496598639454,177.74484180398733,1.0
4.774419,45,160.846898,0.2793909370225494,0.047139578024411787,0.06143401044427024,0.25125301443577935,-0.013620303425860467,0.01082803654131105,0.312962962962963,171.05527081683428,1.0
5.599375,52,160.983618,0.2918556327019844,0.041701907786323655,0.06793709712729748,0.2313002236208372,-0.0036246483386229455,0.007808072530127787,0.3317307692307692,177.62886839343554,1.0
6.237322,52,161.115052,0.28821542092733915,0.03328157952424992,0.09374013907026432,0.2376420352898787,-0.0038176401864834972,0.024302433569635445,0.31249999999999994,187.3158366902938,1.0
4.379406,44,161.222937,0.26965389652813115,0.07052890913580388,0.0721517555115202,0.26841846398799485,-0.039854116374184505,-0.01513088139891388,0.3143939393939394,179.65940324428072,1.0
5.600818,77,161.443736,0.3483883487524058,0.03129171661941145,0.07039379048076161,0.1688928926040642,0.008621654846693309,0.02345657521497525,0.31709956709956705,188.71392336354893,1.0
3.436055,56,161.579574,0.31283656477972116,0.069877405858877,0.06743904350275359,0.20580979500186533,-0.02592013099057467,-0.032162706622061714,0.3482142857142857,179.77044965606288,1.0
5.382749,52,161.711371,0.2879763249678945,0.04482522383131371,0.08833339470696183,0.23686435331275954,0.026288268193393322,0.03725490028720969,0.3189102564102564,184.95584374055335,1.0
6.028005,52,161.843863,0.290293844697869,0.05711228309015244,0.08393027653530102,0.23348048586668715,-0.026062829146868208,-0.017380673612357136,0.328525641025641,177.9030486828385,1.0
5.602315,50,161.979461,0.28515607271486126,0.05795776184790357,0.07274659562317026,0.24145860000292718,-0.028259570604867078,-0.01227150695829094,0.3316666666666667,179.53899072717476,1.0
6.860385,61,162.155251,0.31057591825359654,0.05095885238200466,0.055366186779698824,0.21117410376432025,0.0017545948614412887,0.0029251920312571853,0.28825136612021857,177.65806938739857,1.0
4.966606,54,162.28845,0.3026413831622007,0.051391094413683655,0.0538697807871922,0.21764788756464176,-0.0021497255856366493,0.009587031100667638,0.33024691358024694,174.56192563838678,1.0
4.448586,48,162.409848,0.2824444690653442,0.05714004422142897,0.09415786893467498,0.2450700034291368,-0.02312955454965511,-0.0280084721926693,0.32465277777777773,174.07411861659713,1.0
4.636916,49,162.532472,0.2819674548037744,0.070419392212278,0.07052401086604125,0.24560125079193637,-0.03752256226347055,-0.01527106793115009,0.3316326530612246,177.58615038468085,1.0
7.27745,53,162.667036,0.29196441877800455,0.04951493041867381,0.0696323038043181,0.2317093605743464,-0.021615542362051952,-0.024828974199540162,0.30503144654088055,179.1348826464064,1.0
5.733581,46,162.805701,0.27123014358169695,0.05777888584882815,0.06627887113928711,0.2647715354483364,-0.01804393187011983,-0.03469955908175431,0.3134057971014493,171.21235656524084,1.0
7.003632,58,162.952556,0.30674090801581566,0.05198912442079033,0.05571101920980693,0.21481064729147542,-0.018735050715500214,0.004480897823171336,0.3218390804597701,174.2149967949035,1.0
6.114829,49,163.074389,0.27727345282433974,0.025840220085464227,0.09473505579576143,0.25107957687254634,-0.006976482792418432,-0.0012727952760561445,0.3095238095238095,183.11547208478237,1.0
6.569126,61,163.225462,0.31705840759924675,0.054684739234774835,0.06165547489249432,0.20104494292420255,-0.02798666793036899,-0.002197911062945528,0.301912568306011,180.27913344732121,1.0
5.584628,53,163.361321,0.2929887119873931,0.06361015829713554,0.09568423046203388,0.2294953768351456,-0.036835648877289844,-0.03673364706249181,0.3081761006289308,179.0341914555432,1.0
6.787999,62,163.539678,0.31342761466745367,0.02334667788664361,0.09781510724353341,0.2050711193390626,0.0032198886946065886,0.03350109959677501,0.28763440860215056,191.1819796533004,1.0
5.957035,59,163.691096,0.30423338160326696,0.03930407008542748,0.09326038590496846,0.2170097900607935,0.02343784326614492,0.03534282112116211,0.3347457627118645,187.5041001777868,1.0
7.405483,54,163.822957,0.2856662261821233,0.025924862512143723,0.09098470859350728,0.2409608577173835,0.0026867052355575745,0.011268180035258757,0.2932098765432098,181.5623004849215,1.0
5.042869,57,163.968683,0.3103272145655545,0.04780105897365826,0.06803866574634855,0.2077807452868236,0.0027543087878225086,0.01658631275988467,0.28508771929824556,176.96714665394566,1.0
8.542038,54,164.122455,0.2825943623546037,0.05091402109923103,0.0708562700921401,0.24457090356736585,-0.024070751025023467,-0.02539506267344798,0.2962962962962963,183.8944927467762,1.0
6.507575,54,164.252125,0.29072228103162523,0.032665992811755876,0.10156621673166888,0.2343374379817025,-0.009098264191912179,0.024718247103977388,0.27777777777777773,187.7928611796509,1.0
7.854004,56,164.390601,0.28674173162608424,0.06580237160209551,0.06699317991758622,0.24095004065937653,-0.0265391535479595,-0.010839441501814718,0.30357142857142866,188.01200381530273,1.0
2.783293,59,164.534457,0.31527068234589795,0.09621512761332889,0.09478032051372419,0.20355510893866638,-0.04863344477251054,-0.057728231679390056,0.30649717514124303,177.51398939831222,1.0
6.572682,47,164.643255,0.27566330885496415,0.03386838781621125,0.06326195113604595,0.25678753502664176,-0.01093933552908711,0.028633292991135696,0.29609929078014185,181.14972007138795,1.0
6.331201,55,164.800328,0.2962888056848398,0.03539496915738173,0.07636603263802141,0.22681212969088654,-0.003387040838231822,0.014636215551082155,0.32121212121212117,182.12943460521322,1.0
7.098596,56,164.930347,0.29898438445834064,0.05298312316432603,0.04696620236033896,0.22219538250215298,-0.024099937730211695,0.0015975177921353479,0.3244047619047619,180.1030770964167,1.0
5.831863,49,165.048666,0.29019701850478924,0.04294270773740123,0.0689065630370294,0.23551273130896888,-0.03053856800926951,-0.016621095562893415,0.29421768707483,185.053060191887,1.0
8.983465,59,165.194578,0.29497352867808213,0.05634330971507078,0.05384706709372264,0.2305872887712208,-0.027449360619030288,-0.027828818570871102,0.3022598870056497,189.71151195472808,1.0
5.412029,50,165.316317,0.2839655298843749,0.04164733651154472,0.07475078052829233,0.24115751915650807,0.0009130201098636818,0.04010002514440394,0.3016666666666667,181.78355470558657,1.0
8.012806,58,165.48858,0.29977488546106845,0.03037559705301024,0.06074086883630785,0.22127790030532585,-0.0015968808233402729,0.022303249487905498,0.29741379310344823,183.39215150649295,1.0
8.117605,53,165.615268,0.28394082548006394,0.0349194457008855,0.0770458099420389,0.24213720031828084,-0.016186725442661455,0.018799394333012674,0.31289308176100633,190.74808942468508,1.0
7.565891,55,165.747879,0.2861056671986325,0.053310102230145345,0.1037594086634735,0.24117948580822737,-0.023438488133683315,-0.015209792485121866,0.25909090909090915,189.81103123802563,1.0
7.667898,57,165.884429,0.29782947173849744,0.06118226337001371,0.05365557162973322,0.2254291957316901,-0.03521240998945402,-0.00424312272762063,0.28216374269005834,184.41891666951412,1.0
4.434697,54,166.04169,0.29688902297664055,0.0839480702881059,0.08791215062111565,0.22687092328615122,-0.04540822022491648,-0.0412323116257776,0.29012345679012347,182.72728316068574,1.0
8.792605,60,166.182604,0.30362649884095827,0.03557602659352028,0.060813678221080573,0.2181145548710875,-0.016164377426187305,0.0029792144143149365,0.2888888888888889,187.7799563914973,1.0
6.683847,55,166.315826,0.29643567294749634,0.046691610004333875,0.06672625908322259,0.22509427556349842,-0.016677660125267956,0.018380877207878198,0.2909090909090909,182.76736551081382,1.0
8.685751,62,166.46714,0.3090761525210182,0.030347219446564624,0.07123652131441204,0.21125161136456674,-0.01833169561757059,0.0053889468131660635,0.2876344086021505,189.49854470586695,1.0
7.847052,64,166.638928,0.31203243487924276,0.023448340178365976,0.0914851306685732,0.2082375588057899,0.006972830363511809,0.02093970502629572,0.29687500000000006,192.71563567029318,1.0
5.584903,50,166.758186,0.28343190255676237,0.06783551376890737,0.057449269350892625,0.24127784934538302,-0.024911141255869323,0.019897891468114902,0.2833333333333334,182.48800188163233,1.0
7.597616,53,166.886502,0.2817497161832269,0.059442155826889984,0.06190862404590543,0.2479725668677719,-0.014334386174107459,-0.004618946560491472,0.30503144654088055,184.4226936043276,1.0
8.496203,62,167.034645,0.306622348489379,0.033372646836905516,0.0715100196400089,0.21402053068607255,-0.014846162372927808,0.003914136238028633,0.29838709677419356,189.86902722409914,1.0
6.806234,67,167.192623,0.31601807489882106,0.04438458451728531,0.08521855716768842,0.20290931261150427,0.016645328395796757,0.05895198489984091,0.2885572139303483,195.16369146064514,1.0
7.994147,54,167.343127,0.2845313113188281,0.035009689963960734,0.09166101190727284,0.24243685924664563,-0.015887729740776915,-0.00576598178291739,0.2839506172839506,186.70760103012802,1.0
7.205592,71,167.512615,0.3312880061817789,0.06085539401052873,0.05856585900200649,0.18862919115964805,-0.02021301650311254,0.006235754717695768,0.28521126760563387,184.24748536251028,1.0
8.065631,49,167.629542,0.2689241596853044,0.05070541668086751,0.07313996416585743,0.26694213892236157,-0.030550650935317194,-0.022389450020433115,0.29591836734693877,195.4256738869083,1.0
5.675998,117,167.928333,0.3959313590186283,0.018931719175924927,0.06814621207037354,0.12104612636717016,0.008113038597736044,0.03094395714216142,0.2955840455840456,193.3051702018125,1.0
6.366867,63,168.093681,0.31779331361708246,0.06829149457351791,0.07642844392679854,0.20026567342081525,-0.028409736044837486,-0.01624700270004964,0.27248677248677244,186.56339630477305,1.0
8.595807,56,168.235555,0.2855647145191666,0.05371630584056469,0.06832267613643107,0.24519606576324468,-0.005206313303439367,0.03233512435229859,0.27083333333333337,195.30926296982315,1.0
8.922461,62,168.387696,0.30084511720823237,0.028944063646020236,0.09101895014585994,0.22333094117888158,0.0053257405443228115,0.04523773521983227,0.288978494623656,186.95761346135814,1.0
6.160832,64,168.568168,0.3144496982735472,0.034315111817351224,0.10125713032101966,0.20488996009082092,0.02550734439187481,0.07444359434501018,0.2942708333333332,191.7965506181767,1.0
7.938582,62,168.722419,0.3063379540768793,0.03512626589750386,0.06955836454381314,0.21420686931332975,0.01229256607343187,0.03674583848289976,0.27553763440860224,186.2177184289458,1.0
9.409011,57,168.871663,0.28538483988007046,0.030140944544316907,0.06716179515683487,0.24256719021159615,0.0033460975747089624,0.031996008972058995,0.2923976608187135,189.10832791112207,1.0
6.791166,61,169.021642,0.31205064332910815,0.022810133591717224,0.1073050480701266,0.20587035383114569,0.002249901382652674,0.039917852198073624,0.29644808743169404,197.03737929970677,1.0
9.6037,57,169.160646,0.28439994381981387,0.037292186677984895,0.06507848563408722,0.24414276088078948,-0.007829443194052571,0.03933154633080979,0.2909356725146199,193.42226544527367,1.0
6.916191,67,169.353608,0.32259662518536264,0.05451092774872894,0.09477309141903424,0.19610168319215876,-0.02685997657349548,0.03580009938290815,0.2860696517412935,186.26304092950107,1.0
6.09254,64,169.504648,0.3189356602660911,0.058209056803059434,0.0651719977493097,0.19979654791458806,-0.014895075819764715,0.022971138619409106,0.29296875,186.2333010838203,1.0
8.048147,59,169.646203,0.2980600443774844,0.06974273908846397,0.07349901045706532,0.22681289131974786,-0.043855235984904366,0.0024822191292872306,0.3022598870056497,193.3033428259297,1.0
8.204021,62,169.795257,0.31227620782192383,0.04101937588250281,0.06989136358829082,0.20641037073893165,-0.013564733255182478,0.004694484980386392,0.29166666666666674,186.23460446909021,1.0
6.234999,74,169.990764,0.3358362873795265,0.06008701488385729,0.08657413533434946,0.18515770508657736,-0.013796675551818944,0.03774397849318013,0.2984234234234233,199.32342101900625,1.0
7.223396,73,170.16449,0.3324090485528047,0.02617729917255797,0.0896091548504856,0.187928709982793,0.011783040863056414,0.05474678025857319,0.28310502283105016,194.9525431899102,1.0
7.041728,60,170.322131,0.30277478143727693,0.02380996928357832,0.10016163308884161,0.2181625878582682,0.011729526019590784,0.045160966625806646,0.2958333333333334,188.59596527243463,1.0
5.302719,56,170.463064,0.2826980062698127,0.08681613579941219,0.13807576011477019,0.2469424343363866,-0.03096502197032858,0.05984940656904354,0.28869047619047616,193.8986342497083,1.0
9.337222,69,170.65335,0.31778550839542535,0.02758679918208512,0.08110733046565048,0.20497326208598796,-0.005962370357518377,0.02197186540695223,0.2922705314009662,197.35157892449035,1.0
8.835926,63,170.806935,0.30619509023026137,0.05428724632909832,0.0852078190814684,0.21624918830039025,-0.03530246880645759,0.0016264765948211736,0.29629629629629634,200.67535906380027,1.0
7.243878,53,170.93945,0.2863451721570228,0.06709776433941345,0.06616217344386131,0.24532680012713112,-0.03219751132936693,0.017513923539637447,0.28459119496855345,184.69508346808405,1.0
8.476002,59,171.085091,0.29222926260660587,0.042190334219729654,0.08865222099705487,0.2331236345462273,-0.008171982559491418,0.05520953017906531,0.306497175141243,189.49310585804463,1.0
7.768336,50,171.234018,0.27474533250748734,0.025417455875839802,0.0883140752957503,0.25780765727211713,-0.0024310318162754367,0.02812333450659259,0.29166666666666663,188.29601543141334,1.0
9.030308,58,171.384288,0.2892237942352507,0.042057590965907866,0.07624729955396573,0.23720933922297802,-0.025156830827366663,0.0193394156242103,0.29310344827586216,202.43626941423696,1.0
4.914635,57,171.532237,0.30067753087657095,0.06692033980190805,0.10921850311434234,0.22028489950872757,-0.01801184825843889,0.050813072615280674,0.29239766081871355,185.99258444648225,1.0
7.4241,57,171.670431,0.2933881033801336,0.022181166142560528,0.10344640805186361,0.2297039465136822,0.004416286380715176,0.02661932945033238,0.28362573099415195,199.87334220337758,1.0
8.779596,58,171.844547,0.2908679213817872,0.0362250850166335,0.08429408196357477,0.23468181845258848,-0.010130153642071064,0.0393838631082606,0.293103448275862,190.64091168427424,1.0
6.633071,47,171.969464,0.26515980212330886,0.031177572796105956,0.12680257199514736,0.28170155064082025,-0.004359577922522754,0.07405031889650496,0.2854609929078014,200.82647566364474,1.0
7.848995,54,172.105328,0.28251829097045955,0.051136876585709826,0.09750797337897504,0.246717167861706,-0.03506817722722421,-0.006040609767634891,0.28240740740740733,196.36001190210155,1.0
8.663529,68,172.277994,0.32197692467892197,0.033280352111411345,0.07481302259200523,0.19744122736072828,-0.007740965532160559,0.032142043903358807,0.29656862745098045,193.40265060972993,1.0
6.672507,55,172.413558,0.2886291998536512,0.07923701766353962,0.09186659738843131,0.23822954084515086,-0.03853593589076767,0.038890821955864914,0.28787878787878785,188.22992986120644,1.0
7.186538,53,172.562073,0.2903529658062564,0.07426167169094153,0.0840507267798269,0.23774033485513213,-0.05358111172057123,-0.014200005437990937,0.27515723270440245,189.83557235124135,1.0
10.112179,51,172.688087,0.2728628472185452,0.02758043473050886,0.06687502957416608,0.2784283952998979,-0.013347453705099835,0.025991857478645266,0.28104575163398693,205.6678309738678,1.0
4.503993,52,172.816996,0.2840496630503388,0.10252236023688746,0.09837111083523407,0.2446872170346076,-0.05742365183601443,-0.0009249441114317687,0.27564102564102566,186.7115594225718,1.0
6.608394,58,172.963281,0.28886671160161015,0.03321334461067212,0.14679039701548705,0.2385124256387554,-0.006075938498045188,0.09498830929963874,0.2413793103448276,197.67272468293305,1.0
7.485602,56,173.1037,0.2959310367604444,0.055975071373308656,0.06998934964556112,0.22956535396630204,-0.019624698675442764,0.0336310842530255,0.2589285714285715,188.60546253685538,1.0
8.576491,55,173.253683,0.2876605451733628,0.02748318237058526,0.08629399848974638,0.23918630920173004,0.003064957731161922,0.00399862376001103,0.27575757575757576,189.65867382091346,1.0
6.933797,55,173.390203,0.29135178775841025,0.045339227947926,0.09901906602219153,0.23262812605939165,-0.007929830057079196,0.05188986245555844,0.2772727272727273,189.45002362571535,1.0
7.860034,55,173.530486,0.28262169090605227,0.05786144868955591,0.09279774372413792,0.2450435047114626,-0.027851144633426746,0.02455231892080152,0.2636363636363637,190.40821633967357,1.0
4.837124,53,173.662271,0.2849259648533071,0.10132397760846418,0.10729517418920839,0.24204478289560674,-0.058928899761658916,-0.022359345614086364,0.24685534591194974,193.98250156563282,1.0
9.008436,58,173.819743,0.2888054691473454,0.02272638142143731,0.08503425121295645,0.23732403622636292,-0.005970877564402231,0.04753080282811645,0.26724137931034486,191.27820832814342,1.0
8.085417,63,173.976576,0.31364376020174756,0.03566464137101825,0.07007272259513965,0.2066264363504073,-0.0086625045211979,-0.006618309642156379,0.2698412698412698,189.81671857848488,1.0
6.416542,55,174.116686,0.28775123466814595,0.08733377576424665,0.08968355040719932,0.24073590032761494,-0.044768138008963454,-0.021705565489561936,0.25000000000000006,189.90899886371267,1.0
8.402782,73,174.304409,0.3310921200237463,0.039989204657231894,0.09233425776845601,0.1874293337775361,-0.025836216080179393,0.032062071789057886,0.25114155251141546,192.93709561088625,1.0
6.038624,75,174.529922,0.3403513588187591,0.05428642223391065,0.07373980500044307,0.17885436584634906,-0.004545292981063932,0.04695591704493851,0.2722222222222222,193.96378349855095,1.0
3.460386,54,174.670989,0.2959428833931369,0.10861422287216145,0.12061051586794248,0.22928792866149295,-0.07902397854285502,-0.0626781986839042,0.2669753086419753,200.47282706505177,1.0
6.638182,64,174.832494,0.32156580112107397,0.06905285287210244,0.059464307285500825,0.19709843378303996,-0.04260185127939669,0.00087218215340948,0.2669270833333334,191.5822135177806,1.0
9.701289,74,175.024252,0.3300712676123221,0.040353008047985764,0.06322126707872017,0.1911590383019292,-0.01924239318925684,0.0065272947344496976,0.26689189189189205,195.68535172430035,1.0
5.429056,91,175.282482,0.3695961416760515,0.06557623376697384,0.08430172620323201,0.14982032340920284,-0.032455834663769355,-0.019352120848184114,0.27289377289377287,195.123254186906,1.0
5.735822,81,175.490822,0.3557664612212959,0.0628758982397831,0.07507927730858419,0.16092542380194483,-0.03243880728458132,0.006866886497040571,0.27160493827160503,189.5960716663126,1.0
8.70038,67,175.668581,0.3148744982285291,0.04686832930743222,0.09807921701338149,0.20529485578244122,-0.024091848612841544,0.007067002118778896,0.26741293532338306,195.43524402654973,1.0
7.689651,56,175.807699,0.29447889661772814,0.049414955898399435,0.08944736311529757,0.2294865695180582,-0.0301760870724004,-0.0432919112755199,0.255952380952381,195.74239797452168,1.0
7.4647,55,175.971379,0.2851816200469966,0.061897756050127775,0.08733507554069082,0.2407108143513633,-0.030292197139607,0.018114817495586084,0.25454545454545446,190.6173188354907,1.0
8.110329,69,176.144983,0.3178277241528263,0.042555274566060744,0.07832163089208001,0.20252783610446323,-0.005051505559889032,0.03689885047892512,0.24999999999999994,199.01284872071682,1.0
3.985388,135,176.489644,0.41680878640194297,0.057493917713143,0.053178238740986525,0.09799430880226379,-0.030412543457470593,0.004646273185806334,0.2833333333333331,191.41816233110336,1.0
-0.692111,133,176.851242,0.41060133337532834,0.03861610851301788,0.08042266200540901,0.10617814550634672,-0.0013481884295321871,0.03573571220607813,0.26942355889724307,204.57795221700582,1.0
8.205346,79,177.049651,0.34362074056059777,0.031523589110194414,0.07655384330225984,0.17461901182148382,-0.010002453640716657,0.02747582878720902,0.26265822784810117,195.65441123786243,1.0
5.635079,60,177.673368,0.30332899668039776,0.08096407737722158,0.10983253730618826,0.2211408886110771,-0.03844079743958944,0.0361314734713203,0.2763888888888889,192.54380990949284,1.0
8.278615,59,177.822307,0.30024771882828943,0.07670260888243902,0.07193923744487203,0.22395718717460253,-0.05143258209348186,-0.023461645192997718,0.25988700564971745,194.22914106171805,1.0
3.801074,59,178.024921,0.30644424783720275,0.09755157484399236,0.12000357701702441,0.21520752589585976,-0.06513154825062417,-0.023621562067321782,0.26977401129943507,195.73305534490984,1.0
3.706399,66,178.236279,0.32237492410353064,0.09333422933260475,0.11693759366263,0.19856448864440843,-0.04940250439629167,-0.017192104047436766,0.27651515151515144,192.9410382540118,1.0
7.854587,57,178.381973,0.2981795349701552,0.06171251575871461,0.06360445453368538,0.22405646449302533,-0.03853195848644717,-0.0013876874241279015,0.260233918128655,191.4193553862787,1.0
6.542188,53,178.531206,0.2816169627095495,0.08707534330452954,0.08439855049583556,0.24739783234640053,-0.04977956705462779,0.010179099927024418,0.30503144654088055,192.64711181741652,1.0
6.121658,69,178.69523,0.32112530722992433,0.06824116212956217,0.10405567568759173,0.20187898400427118,-0.032480001491706954,0.004796533222566445,0.2983091787439614,197.27839428555683,1.0
9.583373,63,178.845049,0.3019501282232065,0.06015380879589427,0.06941313463905724,0.22552767436577315,-0.03280966519379138,0.006118091132169137,0.29497354497354494,202.36797853657205,1.0
6.916077,55,178.980728,0.2890353960490593,0.07957063232660981,0.08338417778779128,0.23768164827365468,-0.051813159292760855,-0.0007059428668831021,0.2833333333333334,190.3563094281811,1.0
9.147835,63,179.153626,0.30207003906729524,0.05018166667815092,0.09624171312189159,0.22278483098065321,-0.03191370715554511,0.007900146547440354,0.30687830687830675,193.16941137749197,1.0
7.181745,57,179.297144,0.2908969047063461,0.05856320019917275,0.12107635702288225,0.239854289890981,-0.01401948928476429,0.06529945562000891,0.2514619883040936,192.922697700169,1.0
6.949591,66,179.468946,0.3174021389000823,0.04356096319507783,0.10641801346727815,0.20189839961653822,-0.022368732291259713,0.04112212677814412,0.3181818181818182,197.11282057276054,1.0
8.50406,61,179.61146,0.2979434892936789,0.052918506147330076,0.08842885918406113,0.2251989214531844,-0.031175477907162782,0.002024876486881465,0.28688524590163933,197.51866705125855,1.0
7.983334,61,179.84276,0.29389342849696215,0.058387623581118084,0.10565089396932756,0.2342237685376422,-0.01965288118896312,0.03622207025931215,0.2991803278688525,204.7927110096505,1.0
4.632977,61,179.988494,0.30389015517167284,0.0706817130359587,0.12719622778766368,0.21815518632010808,-0.021176531640876635,0.06895684816124142,0.31010928961748635,198.46249333289177,1.0
5.624231,97,180.218332,0.37701870413938177,0.059817780901066674,0.0734798138349041,0.14250677411823,-0.026907599301400242,-0.009146700905364156,0.33762886597938135,195.14277148624444,1.0
1.651983,105,180.492636,0.39233712817541505,0.07373848035449468,0.09351103300705799,0.1259278793413966,-0.03463166097211692,0.009661917331916084,0.33571428571428563,187.43440899820447,1.0
1.241892,129,180.793602,0.4156256478596335,0.05396397867171009,0.06481384267129682,0.09919427468380437,-0.02215052100253359,0.007010295181602198,0.33527131782945724,184.71520001752452,1.0
7.224913,62,180.940666,0.3052979264757561,0.07466836084996162,0.10231005340584115,0.21691453537811897,-0.049633717443093875,0.004193382320363082,0.31317204301075263,201.76972194752364,1.0
5.245783,66,181.127429,0.32031806965935156,0.07116512458541702,0.10142584368850625,0.20046699852348593,-0.029040391820620508,0.029877118726546022,0.35101010101010105,195.86318176978025,1.0
5.558602,62,181.279516,0.3121445511830037,0.08184684842527261,0.08274424259735436,0.20816101449228647,-0.04894275632950486,-0.01694703198180876,0.3145161290322581,197.73933604432187,1.0
4.558542,55,181.414285,0.28825330696933826,0.09039186816773129,0.12464024613664589,0.2397347215788044,-0.036886034005891896,-0.017555388465968793,0.32878787878787874,197.16928574615667,1.0
6.946238,71,181.596544,0.3335096484659756,0.05839084547871123,0.06938645389326649,0.18439398198715157,-0.03258625075607762,0.01106949157677951,0.3509389671361503,193.8800663041208,1.0
5.917616,56,181.749694,0.28967591671362813,0.07533646425311111,0.1271164249757524,0.23637743647197698,-0.036707307183254094,0.0022494439493774103,0.3348214285714285,196.32384688022012,1.0
4.981938,64,181.906211,0.32274853925874847,0.046794249912312555,0.10191988543350491,0.19516915263272216,-0.013476569967471277,0.05440825619521208,0.3216145833333333,191.40122980066278,1.0
2.909656,62,182.064804,0.3151366941475258,0.09428705916146729,0.12543941586086713,0.2057079157854285,-0.04687403625782741,0.015230659030593804,0.34005376344086025,192.29184335543977,1.0
8.764787,61,182.216902,0.30391434651800225,0.05560530852283373,0.07962239161328667,0.22145323220232094,-0.03265212617697463,-0.009867515891559356,0.34562841530054633,201.49693060152188,1.0
5.232934,70,182.4248,0.3264524022670656,0.07269891681874673,0.10024665012409459,0.19660409091780431,-0.028604965348831543,0.017821411544342632,0.3440476190476191,197.55265675248964,1.0
3.977288,57,182.565535,0.3024836741361947,0.07330087113402516,0.1127823717183232,0.22134928393713887,-0.012457417694427281,0.056808346011913646,0.34649122807017557,200.02330146253374,1.0
6.331125,60,182.702657,0.3037250552282594,0.043239850073365296,0.12457795625299264,0.22044189770870481,-0.018431372310536508,0.0633213674303156,0.3541666666666667,196.62572509338437,1.0
6.430077,57,182.847718,0.2950987803289029,0.06395318652215383,0.09977602777867808,0.22869986371134218,-0.03708468269325549,0.03388514769893868,0.3362573099415205,195.9674980671579,1.0
7.639799,60,183.061695,0.3042127159766461,0.048242495533713715,0.08936946232086233,0.21766728649739345,-0.02524329492350981,0.039409124521144596,0.35277777777777775,197.53617746485514,1.0
5.259776,85,183.284456,0.3611247987037944,0.029551214262908965,0.0829106284168143,0.15699520456827623,-0.0021975868416454617,0.033574550383518205,0.36176470588235293,199.40891570510558,1.0
-3.912956,175,183.736082,0.43354616109780236,0.040092043646663675,0.06278536927371917,0.07967913419771716,-0.008026576406332926,0.02112607883102846,0.3699999999999998,196.2012958946689,1.0
8.153233,74,183.924539,0.33316988099625017,0.03640644630966849,0.07039155229215101,0.18777648611780764,-0.012849508149794317,0.013999550940422835,0.3716216216216216,195.17549370996127,1.0
7.74513,58,184.071516,0.2912144737924661,0.06575648232980383,0.0898883925631214,0.2362847833769837,-0.02192011322397732,0.017908721823959507,0.34482758620689646,201.86707644417953,1.0
3.841767,54,184.206963,0.29519928293181164,0.08969063433685548,0.10922719703950623,0.22770450783377585,-0.04672012736307568,0.0388765876911947,0.3287037037037038,193.142984013865,1.0
5.330776,62,184.36587,0.3088739399520541,0.07909161557509872,0.1051286180277275,0.21343370297052858,-0.05058354743461809,-0.050125334497593245,0.35483870967741943,196.14755935340415,1.0
4.299589,85,184.615353,0.36738888024736854,0.05795664588701787,0.0638922524790674,0.1487299062685088,-0.02219533125537772,0.004385020874123622,0.3862745098039217,188.3218018900706,1.0
2.17976,75,184.802297,0.35341671679304815,0.08535461813474411,0.07806295188387956,0.16569740685644427,-0.037115902411360494,0.013571288435896521,0.37333333333333346,195.5609088729579,1.0
6.045838,55,184.932071,0.2945780826114426,0.06304089452185149,0.09813714943236032,0.22855036346169055,-0.035842417373399195,-0.04808127257654904,0.3393939393939394,191.36748969978845,1.0
2.349747,100,185.218245,0.3842256007852307,0.05736499970537861,0.07848166584276244,0.1339013633160403,-0.013961041984941408,0.025731648162183016,0.3666666666666666,199.58601649391508,1.0
7.772091,54,185.350894,0.2827483631593112,0.055548919435629666,0.09487658118421277,0.2457279628242057,-0.03037106521924629,0.03855794380785291,0.3657407407407408,196.2890564252537,1.0
6.151123,60,185.498978,0.3103564021945517,0.05037961611152547,0.0784480011799149,0.20837515244910368,-0.024714697724812877,-0.0058581739258557995,0.3527777777777778,186.40012387532911,1.0
8.866756,60,185.647986,0.2972496250002613,0.05897921837989456,0.06798486718577514,0.22779423002536825,-0.025555031978632698,0.007106895060616706,0.36250000000000004,188.86613129747587,1.0
7.570078,69,185.86748,0.32549622922364135,0.04080896857021399,0.06156240318396101,0.19361425226862064,-0.016010663129594628,0.015066066516509513,0.3707729468599034,192.0016409228068,1.0
6.527201,66,186.03062,0.3186020892526729,0.07763651979895261,0.07300865517027504,0.20313317125421668,-0.031767626202863025,0.0006241293083199221,0.369949494949495,191.63639467881194,1.0
7.749142,67,186.197115,0.31643774789914386,0.06676372161379489,0.08330304803725476,0.20674553148897326,-0.03687745511494761,-0.01938464222246143,0.3843283582089552,194.62782833883497,1.0
7.61312,65,186.361956,0.3144127092917301,0.05049441709598518,0.07541092013685081,0.20764028930566053,-0.01861966666278606,0.011168527558061343,0.36153846153846153,195.05348010409043,1.0
6.247001,62,186.539072,0.3120541989392317,0.06941889708261198,0.07746379526383908,0.20915555313621917,-0.029185722814728074,-0.034758952294211005,0.36290322580645173,189.87276781538026,1.0
7.633641,63,186.69433,0.31019159274176167,0.05145484481720195,0.0774723002459602,0.21101070316860784,-0.016635153192296984,0.006931862879334333,0.3809523809523809,192.71526371409388,1.0
6.685359,59,186.83573,0.29646105398572026,0.08152949476521708,0.07518140643333625,0.2300218607658167,-0.034822830340584886,-0.008229150879053055,0.3700564971751414,194.73668157622436,1.0
6.578565,69,187.008718,0.327841467598515,0.07936019117010995,0.0859607040439107,0.19537394993856522,-0.044792951504082884,-0.03265594578246518,0.3888888888888889,196.68419761761925,1.0
6.651533,60,187.188828,0.30324233675217477,0.07709439642335138,0.08301075741393063,0.2181215231821451,-0.048379018273424376,-0.026812970944595414,0.3958333333333333,199.4878942428156,1.0
7.770098,61,187.345454,0.29724639954989873,0.06280411994797888,0.10323069636571465,0.23443133625949478,-0.029598259236216916,0.0003496334393221883,0.37295081967213106,211.80279711033214,1.0
7.571628,80,187.547546,0.34379165291764996,0.036014093125544995,0.08223992597219588,0.17716981079303878,-0.020640039081661267,0.029764687910667952,0.3979166666666666,200.86201833653598,1.0
4.67662,68,187.720309,0.32347053840586043,0.08925710164314604,0.10349508311616153,0.1984496308789833,-0.05029350083990061,-0.006975876847137925,0.3995098039215686,199.3046641472005,1.0
7.300168,62,187.911998,0.3076894609538051,0.075924715923645,0.0880091868286489,0.21616994478439697,-0.04685252327103004,0.002150041100536291,0.37096774193548393,198.10858261229237,1.0
4.570402,64,188.077475,0.3175068161674507,0.08122493048015891,0.0955487297868177,0.2044918490699477,-0.020742154902804878,0.021539887408617283,0.3919270833333333,195.44537310869694,1.0
4.845095,56,188.213796,0.287832434380174,0.09591569377560195,0.11855087633304291,0.24174312858701194,-0.04512644632921092,0.004885440459016369,0.3630952380952382,198.71492998622261,1.0
1.500606,69,188.379,0.33956973553985415,0.10081402265422465,0.1082706767980252,0.17915171919743264,-0.058153624250513646,-0.02192723914149746,0.3997584541062803,193.6737282946115,1.0
2.675098,57,188.580943,0.2961941928806995,0.11682050765469437,0.1291943030603761,0.2309931837279278,-0.067938845273134,-0.027182365081411662,0.38742690058479534,194.93771286760014,1.0
6.083364,59,188.721052,0.3052639249825234,0.07325812506448817,0.08527775907404088,0.21857305827354404,-0.04217348076076787,-0.005197582223223892,0.4096045197740113,194.5154370776665,1.0
6.685739,74,188.89541,0.34012382211600434,0.07166478987940164,0.07488806009300165,0.17944370283806704,-0.037344829542424816,0.00797320237776743,0.40540540540540543,191.29481887891504,1.0
8.286887,55,189.024431,0.28254840545822957,0.07081631083073318,0.08333089561474191,0.24775286349709885,-0.04069728779010292,-0.025495329473083476,0.37424242424242427,201.43704509768187,1.0
5.309635,59,189.193674,0.299575964096561,0.09195093403483137,0.1026084207483938,0.225102144450879,-0.052787986157828794,-0.026039663022241963,0.3926553672316385,193.42017457033762,1.0
6.208709,71,189.370086,0.3375437974333165,0.06267268574241804,0.08540953758293501,0.18011043723439554,-0.042396878532140234,-0.037838083229942726,0.403755868544601,195.2596738964783,1.0
4.898766,49,189.490803,0.27350696173238137,0.07191285930272788,0.12326903692277098,0.2602627260667794,-0.021037551328577223,0.05658812132647315,0.38265306122448967,191.98830557188668,1.0
7.559673,64,189.646072,0.3095048153876686,0.06788718114884665,0.07389261410522943,0.2147611179078895,-0.031227991780163052,0.03066543453322878,0.38802083333333326,199.0814224692786,1.0
7.354518,66,189.825298,0.310017009566833,0.06958093083857758,0.0956188102221403,0.21240700812408753,-0.04199319943529748,0.0024745003273575275,0.4078282828282828,200.35691141669412,1.0
1.75292,90,190.038188,0.37676069327316675,0.08348988975739567,0.09610148508941821,0.1420335532497894,-0.04645934813096592,-0.02284001201782978,0.4185185185185184,191.846700486456,1.0
6.87325,62,190.195062,0.30643348877929677,0.040611693698504064,0.11063242517152082,0.21548196007262196,-0.0042935846539791135,0.02594028919293349,0.370967741935484,197.5829401136598,1.0
6.982961,63,190.356409,0.3106727926977812,0.08040898135205934,0.09081655227274132,0.2121741226644934,-0.056388567809036866,-0.00519212303755181,0.3875661375661375,200.4431593991893,1.0
7.545568,60,190.527753,0.3057631527070718,0.028524128005225448,0.08367745232846482,0.2153909301977501,-0.0022053490025281956,0.02832127146439393,0.4041666666666668,193.72644936153253,1.0
6.609603,56,190.658841,0.29288799516025954,0.0941852956264297,0.08316305092372683,0.23385846644497424,-0.0618496436670115,0.011970707060581356,0.39434523809523814,192.97410140656487,1.0
6.279668,63,190.804506,0.3078727670550605,0.08497853374962906,0.1052749389464128,0.21611254262342228,-0.05363746762910655,0.009811972348236084,0.4140211640211641,207.36217411804668,1.0
6.8011,62,190.952377,0.30334046199033077,0.0840716529070807,0.09977300071724117,0.22356918879656296,-0.036081281200190045,0.007582193520735323,0.39516129032258074,198.572455526702,1.0
4.917132,90,191.20487,0.3657759771247759,0.06383787742995059,0.07869230646541035,0.15558464342110562,-0.02032645130456379,0.016421908915673862,0.4175925925925926,200.20438713643017,1.0
8.353148,61,191.365736,0.29880088967569185,0.05105243866199609,0.09721050749671038,0.22814773173614405,-0.020407568193327775,0.008308372523593975,0.3893442622950819,202.75026930974568,1.0
6.251682,66,191.535848,0.3213640723319821,0.07065542076465171,0.0900747622705333,0.19993218847297997,-0.030722484069118167,-0.0164111956753223,0.4002525252525252,196.29345913605127,1.0
5.67306,59,191.676886,0.2986116939505277,0.08270704805407059,0.11442603725462412,0.2256053829347853,-0.043577607095027275,-0.026631387049568887,0.38559322033898313,190.80377966657798,1.0
8.456094,60,191.84669,0.2905706368356622,0.055261563446643285,0.08599110384689729,0.23893237642528664,-0.017734446504387942,0.03590991674121537,0.3902777777777779,208.36110308276767,1.0
6.895699,52,191.969332,0.26695544400852195,0.07698029308353392,0.12571694848363016,0.2725967795711534,-0.03568452896436526,0.04986967209453718,0.4022435897435899,203.83899023015218,1.0
4.851534,127,192.292766,0.4022065166314558,0.029041585495379038,0.06522842302223825,0.1182726302969271,-0.00338694451851336,0.024643827139974192,0.4363517060367454,198.62926849774686,1.0
7.48422,57,192.462937,0.2984381553640832,0.05893901572134968,0.1013100222918496,0.22662545421759595,-0.03842134485049285,-0.03845067417506719,0.39912280701754393,203.78872252048424,1.0
8.397719,57,192.602424,0.28596140967040085,0.041152397994914866,0.11515485028806514,0.24446488239599085,-0.009050664429140742,0.06263727032688725,0.35233918128654973,202.12880268415506,1.0
7.403159,54,192.734171,0.2873433273344023,0.06270329686931717,0.07047863327390431,0.24200258850066514,-0.029379698938239822,0.01844604751489806,0.3827160493827161,193.29531860329553,1.0
6.694768,63,192.892688,0.30649299183161366,0.06544279579610877,0.11497063124879844,0.2164434530424305,-0.03644597921756436,-0.03385395686640851,0.40343915343915326,204.97684730521493,1.0
4.744526,66,193.080915,0.3221985398570064,0.09660979203367724,0.11172613708085963,0.20086877364714747,-0.07349548553505539,-0.07341288030641006,0.3977272727272727,209.49568290956603,1.0
6.958774,57,193.217689,0.2882328314660463,0.07935981877180742,0.11986123725999444,0.24570924248687448,-0.04802168754094351,-0.06598280187709964,0.38742690058479534,206.14925402529335,1.0
8.758862,58,193.356883,0.29635601008250023,0.06122215415971122,0.06704830770318733,0.23281329333633557,-0.029845110996371656,-0.005922879818033735,0.3764367816091955,199.84701231991363,1.0
6.813676,60,193.49951,0.2994413292913698,0.07688179439919339,0.10825214343278891,0.22855668888587202,-0.03891130939858294,-0.02680925823215968,0.39722222222222225,196.94082105906,1.0
8.810567,53,193.62697,0.2733966849900214,0.053487272176437235,0.08070131349393495,0.2644419089463479,-0.02378287568696331,-0.00994840010034453,0.3820754716981131,202.6707617118549,1.0
5.473113,52,193.776403,0.2767892608104819,0.09396221553348244,0.1304859475115076,0.26208240492600016,-0.05714714195162432,-0.002590849087958171,0.3541666666666667,201.84039132466245,1.0
8.696995,64,193.927123,0.30451636845307795,0.06820647356126738,0.07323232889371875,0.22187674863494586,-0.03647872888898901,-0.021406747559375106,0.3945312500000001,202.44284919714292,1.0
8.641511,58,194.070987,0.29820672420904376,0.054027149148743465,0.08006356984738201,0.23011510717481712,-0.03633120731317529,-0.026954095079041146,0.389367816091954,202.35835763340384,1.0
5.96206,62,194.224487,0.30231994071229396,0.08350136860785769,0.12021780253633516,0.22453138662479108,-0.04750549392871654,7.184441058732187e-05,0.40322580645161293,201.11895457588867,1.0
7.92424,56,194.400121,0.2887418737100494,0.08417006512276186,0.08567443769423733,0.24275780774277805,-0.05273201322931111,-0.01856452107720056,0.39583333333333337,198.861794328102,1.0
8.135068,57,194.542175,0.292518088188633,0.055324102792574936,0.07415618755843421,0.23249224941630714,-0.033832021451941016,-0.0244421346436968,0.4108187134502923,197.5222249817601,1.0
9.77345,67,194.711823,0.31225215744069723,0.047001386804840124,0.0847916577821999,0.21155755202886364,-0.031064967387188825,-0.02763725194879956,0.40049751243781095,207.68255992273018,1.0
7.062378,63,194.872689,0.3079524994634875,0.08699780765862258,0.08471099850224505,0.2194574638210141,-0.04655570164711912,-0.025687595616634466,0.3822751322751324,195.15587595744054,1.0
7.318675,66,195.073267,0.3080266669972251,0.0580441182571416,0.12095891325058912,0.21875038608055364,-0.022209405147243632,0.04452039862167045,0.37500000000000006,207.24512635298814,1.0
10.143557,65,195.234549,0.3031826109977482,0.027411758561025647,0.09385844481709107,0.22460925719960148,-0.0031866351251733996,0.04931157412266144,0.3884615384615383,206.58542360125466,1.0
10.382805,57,195.374264,0.28031615984379893,0.041320492355994706,0.08162206934169633,0.250648516868261,-0.011999968707587036,-0.009069437974697505,0.39766081871345027,200.87111509067643,1.0
10.3297,66,195.537807,0.3093901157576848,0.026241795901603145,0.07842800811880433,0.21503379765599692,-0.0109216993506669,0.013802118141442126,0.4027777777777777,206.74945477090444,1.0
8.470106,59,195.712922,0.292483029706637,0.06736268718457575,0.08542278238613736,0.23685328761217633,-0.029805441384009652,0.0015234444632411393,0.405367231638418,193.4820589618625,1.0
10.007585,65,195.873073,0.3047190126259011,0.03142383518548917,0.08997603644377346,0.22075867530894178,-0.0222087775180491,0.003554705660705579,0.4038461538461538,216.1446155335219,1.0
7.023117,123,196.182908,0.40734092778414477,0.03615547895925593,0.05595932803456337,0.10954466328896667,-0.022073085457137827,-0.013245067863485211,0.426829268292683,201.6842244946921,1.0
6.554971,50,196.332989,0.26748271125009543,0.058630211431537405,0.14912010892082048,0.2826252766877774,-0.024419613421736094,0.07956951371103217,0.36333333333333345,201.95413806055282,1.0
9.852326,64,196.494098,0.30829879358661083,0.03015029888454993,0.09563729676607431,0.22239721833619727,-0.012959203735073862,-0.006050452781739251,0.3763020833333334,207.18502874569268,1.0
10.166877,72,196.680692,0.31793616290355503,0.022603992091967937,0.0991717920045106,0.20771946404960545,0.0035502176381861333,0.0038929467294005374,0.3969907407407407,214.56333043079997,1.0
11.10021,70,196.848652,0.3100899174392121,0.04678882657356161,0.08175971425984853,0.21664179352724913,-0.025181319457225442,0.021148204907267376,0.38928571428571435,204.4996014341312,1.0
9.580584,57,197.029794,0.2889780090000487,0.06289203501618076,0.06670848294074144,0.24265432285394134,-0.04046130127160254,-0.016307008482441772,0.3728070175438597,204.98983074342175,1.0
9.488662,71,197.202484,0.3183232892319051,0.01637796102469046,0.10181179133925616,0.20739437397653646,0.009959076502466874,0.04657348061645051,0.4002347417840376,208.01103138837223,1.0
10.777,73,197.384754,0.32413734956523466,0.020174348217230114,0.08022518391410716,0.19963404597678702,-0.008955686243884878,0.017182828757858586,0.37214611872146125,211.9154676252699,1.0
9.128117,57,197.524575,0.2807991217271873,0.041361787834423305,0.09656374744341899,0.2569286885782953,-0.00287026032497485,0.05485915471750077,0.3640350877192984,207.5456575509044,1.0
10.995686,62,197.706937,0.2933083883675119,0.03507813188976528,0.08032152843640665,0.23530776213751486,-0.015333056639872854,0.02627878891058799,0.4099462365591398,204.663994255794,1.0
10.024754,60,197.857668,0.2888253549093736,0.04228702140959884,0.09487363225232608,0.24088254283882063,-0.021230656173193804,0.0022649911620973547,0.39722222222222225,202.48454183788897,1.0
9.048356,88,198.074989,0.35805519767238514,0.03369432181855545,0.06792472869996197,0.16242458122772957,-0.019817749661719012,-0.008722311565895584,0.403409090909091,205.89549670847484,1.0
10.498128,65,198.231879,0.3063825681395452,0.04271541301709028,0.06833454378110428,0.21847027923679133,-0.027164683701457287,-0.00595110044911839,0.38717948717948725,202.13155225269765,1.0
9.897081,58,198.395118,0.28518093523862914,0.03060432660417669,0.11447023923387716,0.2575325228088856,-0.004684568818388625,0.06990674406586249,0.3520114942528736,207.70867469127504,1.0
9.154934,73,198.572785,0.32325838060481255,0.046518105159790914,0.0836863831445892,0.20050673446190898,-0.014790264104755585,0.02427024342482716,0.39611872146118715,201.39938673254713,1.0
10.87486,74,198.750588,0.3234800437035891,0.018981354706156,0.07932553492247311,0.19820061720078436,-0.004305380729072464,0.016154941467475512,0.36486486486486486,207.9990278363909,1.0
11.035877,66,198.910698,0.3046373793370545,0.01848468081225524,0.08189730603745983,0.22337107032660927,-0.007934434587514375,0.028291817610782508,0.36363636363636354,201.2309317244162,1.0
10.672021,57,199.073485,0.2834180000838288,0.027738572594095897,0.08460259115619412,0.25940813197988044,-0.00936865759773784,0.016673283963838686,0.3216374269005848,214.75981338016553,1.0
8.747049,60,199.214257,0.28749722430798347,0.02571405201876578,0.11078942151282926,0.24313560594303138,0.0009913239802900012,0.07617155683461106,0.3375,209.2838655547938,1.0
9.651334,55,199.339337,0.2773367140277069,0.03042420332706322,0.08237956134569172,0.2593770879115188,0.01958132534685361,0.046441541206037516,0.35151515151515156,198.01726079768721,1.0
10.95798,64,199.487319,0.2980358030863779,0.04652641131957592,0.07250189658981147,0.2315713295831396,-0.029548956785497023,-0.009136845478544209,0.3841145833333334,208.45136960574996,1.0
10.030066,63,199.661976,0.2948581292891483,0.03454936070811769,0.12450774990109441,0.23597383377506448,0.013078161360039612,0.029398351286822763,0.37962962962962965,215.24041379898208,1.0
10.392005,59,199.79443,0.2861405329686441,0.04945018862727831,0.0748920461152459,0.24741800305279554,-0.018888021272865978,-0.011348133633959747,0.37146892655367236,199.55985260431189,1.0
10.50255,68,199.944651,0.3067626656204326,0.01559765077645357,0.0968046903627757,0.2193973122705526,0.002087388556819181,0.027248409763299588,0.35661764705882354,201.45922378181083,1.0
4.635292,85,200.140824,0.35029716383443343,0.045015697974471566,0.11432176170415799,0.17053275568747786,0.03656636768295133,0.06834902133599582,0.35686274509803934,208.94997087329492,1.0
9.122758,59,200.321356,0.28633174910429293,0.03409422315381729,0.09894998460128752,0.24676749056936773,-0.0005583503851867381,0.041613200390982666,0.3516949152542373,203.15706817794535,1.0
8.611682,77,200.508611,0.3397345759150095,0.02789428688019468,0.10243793812073328,0.1816094759950341,-0.004001479034377463,0.018662075066206908,0.38419913419913426,217.9932428982041,1.0
10.762418,59,200.652223,0.28876720162193475,0.018925865278327795,0.07674580829640973,0.2377486006571286,-0.0032129866029785084,0.005533820061645813,0.37146892655367225,203.73771696468324,1.0
11.09483,61,200.803275,0.2947842336848091,0.01957508256344982,0.07787136138411128,0.23308486547984486,-0.0017663260796719573,0.02813604835564106,0.37021857923497264,195.3128664696096,1.0
10.134899,58,201.010676,0.2870767548515408,0.040037081602311335,0.059189921912362935,0.24084397020677592,-0.020869428213319784,0.010045776543585854,0.40948275862068967,198.89849401534966,1.0
8.406443,52,201.137925,0.27513905396500654,0.029326781405915863,0.10540601579879405,0.26229725971839585,-0.006941990705482345,0.060535746648875254,0.3541666666666667,197.53279951931,1.0
9.86744,56,201.277176,0.28352463277828266,0.05764766717881824,0.0907602904568175,0.25162678586978,-0.03504889283403245,0.01529482222124646,0.36607142857142855,196.21370367118087,1.0
6.785277,96,201.514138,0.37220989021556244,0.027918415730585854,0.07620642423831467,0.14739284605142425,-0.008229595052766827,0.01245710330103103,0.3984375,190.3218461779406,1.0
10.625112,65,201.709129,0.29942049527464093,0.031435317141051584,0.08832950595758696,0.22655794152125028,-0.021894239104856803,0.016356787852066824,0.38717948717948725,210.29548931402178,1.0
9.806437,70,201.875873,0.31268383572716074,0.04501965203342399,0.10914861813874378,0.21173020251533756,-0.03403662999982221,-0.05489785557583958,0.3797619047619047,222.56458022640425,1.0
11.600677,64,202.033842,0.2941408080457211,0.02078680798028225,0.08085303882521228,0.23623628962444598,0.0029323468351286188,0.038379085988771634,0.3789062500000001,198.9604452640316,1.0
9.104233,56,202.174573,0.2772770075280169,0.06607189355103031,0.09246416669572466,0.2565848867738324,-0.0251098577094445,-0.013857200361764526,0.37053571428571425,194.38359102024523,1.0
10.118869,54,202.331241,0.27661906988625395,0.026287624938305124,0.06555250674676347,0.25907790475907927,-0.011170518328316526,0.0030322161337690786,0.3811728395061728,201.32060077753087,1.0
11.528871,69,202.507097,0.3119296174397389,0.025396343541203285,0.06826878504271057,0.21196133779756166,-0.016275370378854282,6.888067450857685e-05,0.4106280193236715,204.03974800007708,1.0
9.771482,62,202.662909,0.3028589905706638,0.03150745551015481,0.06127305741776431,0.22387319847592912,-0.01437592657985006,-0.01162894176479335,0.37634408602150526,194.42371005978444,1.0
10.58188,61,202.815578,0.29060516129077657,0.02872715827365758,0.11469313899107074,0.23508189793183665,-0.012386747735929954,-0.04505282778358398,0.35792349726775946,212.08653305039323,1.0
8.645011,63,203.003011,0.2999187996015949,0.0551593307470239,0.14075152345781916,0.22948146662870017,-0.0427020081523715,-0.10274583789816165,0.38492063492063483,220.2828304336893,1.0
10.394842,58,203.149981,0.2892477264673173,0.034135298876463625,0.0858058209783422,0.24267048907978542,-0.021350318612247846,-0.019642789040842684,0.38793103448275873,203.79212910408094,1.0
11.169252,56,203.288283,0.2725060939654764,0.018531833961281677,0.10222613652061964,0.2671993578710335,0.010941562232483158,0.01963728056475245,0.36607142857142855,211.67490065072167,1.0
10.951698,62,203.449632,0.2959935440200847,0.020393932654551392,0.08683224571677296,0.2335541679262453,-0.011008265279653784,0.005658255903444441,0.3897849462365592,207.2382395280356,1.0
10.646103,61,203.636506,0.2942069250003946,0.021993720716150588,0.08387484991954139,0.23304806287399552,0.005366415297474615,-0.004947692997324427,0.37841530054644806,198.83966601635717,1.0
10.674027,63,203.788492,0.2956561808922138,0.023870107658906303,0.11719430241578148,0.23205828340011184,-0.002188628226501993,-0.028294167472333147,0.39153439153439157,211.11052409291577,1.0
10.866162,56,203.930861,0.27600170321454515,0.05047566186457637,0.0668283343189849,0.26207940386264134,-0.024250603896605615,-0.015090444186046801,0.3779761904761905,198.47157359907413,1.0
11.562421,55,204.074064,0.2794140595504647,0.0142410451872897,0.07335673174825122,0.26730033330009173,0.0001252793874563311,-0.0023867937011530665,0.33787878787878783,205.01095952960003,1.0
9.260732,60,204.250098,0.2911683234910287,0.029432128290956316,0.10481645547014994,0.2361197186425525,0.01660849632557871,0.04885372545647468,0.36527777777777776,202.33736120545618,1.0
10.077181,53,204.385032,0.27729300233579196,0.021324596925712612,0.08629463550693707,0.2636742665482639,0.003282885101659782,-0.025693284562896206,0.36477987421383645,200.28363764738765,1.0
11.83707,59,204.54419,0.2869061621654357,0.015770847145747963,0.07170623501560655,0.2497917545419663,0.0004481295524841397,0.02400832137078515,0.3629943502824859,210.1771726213738,1.0
11.82916,56,204.682046,0.2797878141599844,0.027013534963041833,0.08365375882398085,0.2665832043075426,-0.021455947922916403,-0.03808946963497436,0.3898809523809523,213.22110551759974,1.0
10.584462,70,204.853815,0.31324517644497135,0.019233326241488997,0.12390757799764593,0.21283974025022115,-0.005166775792416966,-0.006274005083392973,0.38095238095238093,213.12133225167983,1.0
9.153018,54,205.012619,0.2792420307158352,0.022875498008790122,0.09762520904616963,0.2568634834589114,0.006052565302548276,0.0548995399188312,0.3549382716049384,195.0386236214915,1.0
11.575812,57,205.152783,0.27674328113371094,0.031945625694157084,0.09978065858764794,0.2638735901856557,-0.025906313539050072,-0.05594325186812398,0.3830409356725147,218.46081403345335,1.0
10.992525,80,205.350458,0.33505808735754955,0.02391416471722428,0.08678463944761135,0.18838432553121243,-0.009498139417757184,-0.021543883198286706,0.4,208.3626592271226,1.0
11.386878,56,205.48553,0.2823541764767886,0.017988275507378214,0.09278036602083321,0.257023735961693,-0.003094002485006512,-0.018328102007296676,0.37946428571428575,205.89729387150177,1.0
10.67399,55,205.641243,0.2769045866399021,0.021025237445285797,0.08535067697114382,0.2639012119943211,-0.002066901165387086,0.035064333842570614,0.3818181818181819,201.0388362274823,1.0
11.317224,56,205.773088,0.2787513098194349,0.027264286018882096,0.05834771041742102,0.2596834539753611,0.0072452337434272636,0.03204934735083541,0.3735119047619046,194.7092299674334,1.0
11.423528,59,205.913358,0.28834489175475825,0.020745231797772684,0.08001214755265874,0.2545828406266877,0.003652532958275747,0.008323348468663215,0.3870056497175141,211.47369852525395,1.0
6.626556,56,206.054622,0.2885279182105753,0.056376000475341234,0.1687600894313817,0.24304544459037464,-0.04496198044913506,-0.11965191136006507,0.3973214285714285,220.2442730727705,1.0
10.859952,58,206.221446,0.28186848692430894,0.04911845138917964,0.08562810335874538,0.25172355815973996,-0.028001072809336572,-0.007454646654654356,0.38936781609195414,197.30849490309086,1.0
11.4443,56,206.369853,0.2775760619000843,0.038903649669027096,0.08485651493951167,0.2684229492321909,-0.02595073485110075,-0.031564132659497444,0.3883928571428571,208.98733963317886,1.0
10.944723,51,206.494659,0.26627927695836295,0.03550441263604159,0.08162080680555615,0.290692479109064,-0.027344336177950252,-0.019952937533338426,0.3627450980392157,204.8812172288511,1.0
11.993176,56,206.637492,0.2707899325304336,0.025335139411756535,0.09009216104169697,0.2778264982365108,-0.018497094098526512,-0.005559294962323309,0.34970238095238093,215.06195420824457,1.0
10.368794,58,206.780031,0.28708362388154185,0.043667827624778034,0.09299993967785251,0.24388805072999642,-0.03546871547680252,-0.043503832194113974,0.37068965517241376,216.55285930984033,1.0
10.706728,56,206.940316,0.27351000977975043,0.01877579579967309,0.10209943189155997,0.2852518820257109,0.010391660247045367,0.05617737089450264,0.35267857142857123,214.57698024211572,1.0
11.145848,61,207.094759,0.296273332738424,0.02535162710161163,0.08892605306266664,0.23901166348197295,-0.00574672835197668,0.02201243135672127,0.3825136612021858,205.89015484999715,1.0
10.722334,55,207.229268,0.27114186697877035,0.0198566400758955,0.08755132876962694,0.27416016298409035,-0.005392907768729768,0.04830618922561908,0.3803030303030303,209.00017250360696,1.0
10.315289,58,207.373065,0.2815627076065302,0.02643488784774678,0.10315119800808646,0.24971078378482806,-0.004679205978382477,0.014159923440416182,0.36206896551724127,210.8816375833929,1.0
10.825169,54,207.507872,0.2676585251847457,0.03658694372368619,0.08472551417750808,0.28389851235588004,-0.02502070932448806,-0.004526632641582811,0.353395061728395,208.25527334621236,1.0
10.924131,55,207.674031,0.2735423603861041,0.017288040201415632,0.0838829391416567,0.26673975717773024,0.0006080566658191917,-0.04622478734331827,0.36818181818181817,201.51650001058442,1.0
11.979852,56,207.812032,0.27439024039260135,0.018537264696310028,0.0651023359146761,0.27378045280590996,0.008875865714199823,0.02230103404094665,0.3333333333333333,205.89668550934167,1.0
11.268388,54,207.992446,0.27423533694323377,0.019741142550503826,0.11215957250269083,0.27587877752294804,0.001682214568846836,-0.06174303679999861,0.36574074074074087,209.81799519690722,1.0
12.353894,66,208.201228,0.2992628392193271,0.027328606799980813,0.08282104981485645,0.2318057592109544,-0.01517412732061378,-0.03209714045987409,0.3699494949494949,206.49791153096504,1.0
10.447384,68,208.407564,0.31227213948825844,0.022133304774855006,0.08104103601809584,0.2113598608430236,0.006858614207747307,0.0013320770287587856,0.39215686274509803,201.3851285629006,1.0
12.673384,58,208.54688,0.2731596227083189,0.027695702401044388,0.07750099051642857,0.2761814553592854,-0.005930543439769353,-0.03946586973098802,0.3663793103448275,218.87894651390695,1.0
11.303018,57,208.685287,0.2790370577395707,0.018772556674052105,0.07790951363057906,0.2563834811838087,-0.004795949600883904,0.02097360698023637,0.3611111111111112,203.58139049523143,1.0
10.650663,58,208.821839,0.2785244570141681,0.0306905649971039,0.10957467121083203,0.260870793944088,-0.022704306428616993,0.030053920808574237,0.3778735632183909,215.1553538676847,1.0
8.401319,60,208.992371,0.28766180501199096,0.051943923607530126,0.12333166357833691,0.2449548027427248,0.02978192863209922,0.06053078681621207,0.3583333333333334,207.96481420588415,1.0
11.69212,66,209.143515,0.30466239573742127,0.03549495385065647,0.09248789449284628,0.22346287643171875,-0.02450389000396165,-0.04713200840275827,0.3699494949494949,225.75316378129244,1.0
10.93383,57,209.279582,0.2760399914710397,0.031595983791744775,0.11705324952397882,0.27341180287653916,0.002297335399438633,-0.0034244423313066273,0.3625730994152047,224.7333968903708,1.0
11.269946,60,209.423355,0.2890366411032771,0.03635083822940418,0.08026455596757186,0.25214250908685915,0.021167929655664938,0.022878579575484916,0.3444444444444444,211.16057998879097,1.0
12.633459,70,209.603731,0.3091877205298125,0.026374150325716165,0.07731264774407834,0.2188512210451475,-0.01922761983592605,-0.029809227040590656,0.3642857142857143,216.46537196279996,1.0
10.915818,58,209.743915,0.2761142709151672,0.025341724425680483,0.10027006862277504,0.26311064092273817,0.0107398900847844,0.05427469049511641,0.331896551724138,213.01205562118565,1.0
10.721683,57,209.882073,0.27685921707082956,0.024833520197963546,0.10548202960328436,0.2701266454331459,0.013361544808531195,0.049755933838293284,0.34356725146198835,211.04222924278173,1.0
11.590369,57,210.019231,0.2756736540162558,0.025917428909666574,0.09335858863087362,0.2611895400922877,0.0008630985457382128,-0.005020255766477175,0.34064327485380125,216.22659751811156,1.0
9.894556,66,210.176951,0.30240709361133217,0.053224098875279444,0.09804341257080611,0.2258312519104707,-0.02825468518225548,0.012559937066061169,0.35227272727272724,203.73603412719515,1.0
10.763275,54,210.32504,0.2727612088383287,0.022042958593376533,0.10335888628301498,0.2839074983449024,-0.004964884885689253,0.05186561684870085,0.3070987654320987,221.95391727235528,1.0
11.659934,57,210.469447,0.27688532823755346,0.04893583930737732,0.07013114669341343,0.2727245470094415,-0.032399226192148856,-9.935418900290106e-05,0.32602339181286544,216.23841195246837,1.0
11.971127,61,210.614493,0.2872988472840478,0.027967424515656338,0.10904457268378738,0.24930014399397993,-0.019389151075569547,-0.05024155418849482,0.3333333333333333,220.03394147670235,1.0
11.509052,54,210.754006,0.2725046615715246,0.020661452330277885,0.09021366021389128,0.27546946051558613,0.004608837063921632,0.012826006758933927,0.3179012345679012,207.66119599651012,1.0
11.63631,59,210.923021,0.284145486902905,0.0437718631658994,0.09582965030730325,0.25546148276641634,-0.03830040887922307,-0.04068853893464657,0.3403954802259888,216.28557270552275,1.0
12.653038,59,211.076485,0.2811421965595042,0.01801786950201462,0.0798196619638643,0.2605252387500886,-0.007411735727019072,-0.0179275941183417,0.29661016949152536,210.26053639666642,1.0
12.317728,68,211.247361,0.3054668228933181,0.03275491603089367,0.09767826658169276,0.22751350583322585,-0.024317298746684382,-0.04606937068796032,0.33455882352941174,216.90160780312397,1.0
10.203368,55,211.38136,0.27506070813046296,0.03355833767621824,0.09211630130145676,0.27639458604064904,0.018357743125339523,0.040343992704389715,0.3075757575757576,212.6680707530688,1.0
9.196262,58,211.534617,0.2838836431407436,0.03461357414509894,0.10598957329752227,0.2558790604409906,0.024641687532412776,0.05703844776368946,0.30316091954022995,207.3860880779408,1.0
12.027278,67,211.708234,0.2997261318639978,0.03821568198956895,0.08703191543820016,0.23091280899946254,-0.033637260067407096,-0.030880047768401024,0.31343283582089576,220.45794517211138,1.0
10.438938,65,211.867952,0.2992117269117541,0.03732178038165988,0.09329001014953144,0.2343550818662848,0.012079721025291508,0.03806868302428563,0.29230769230769216,210.19269825993513,1.0
10.942271,59,212.014585,0.28566357955282795,0.025960566727717457,0.08144169489092781,0.2523638102413232,0.011798808498890317,0.007412383035233481,0.27966101694915246,211.08264701893856,1.0
11.210872,67,212.18931,0.29705363849531646,0.02239286202456823,0.09724782622893802,0.23609781025387255,0.004963334048193432,0.03254086928922514,0.28606965174129345,220.37924520291168,1.0
10.938881,60,212.339283,0.287819372923471,0.034517951285602866,0.09288570810521807,0.25943286770572566,0.012724805286922535,0.03921322290347655,0.2819444444444444,219.79257677358513,1.0
10.943,63,212.490674,0.29696053664264266,0.023454148838441248,0.10567848438631713,0.23676228613878633,-0.0017639250420884455,-0.025878198943370637,0.2843915343915344,215.31050701645725,1.0
11.428208,65,212.644044,0.29601483266484446,0.03008487419477834,0.11442765195220245,0.23717842457868413,0.006088725964788368,0.008884767711444332,0.27307692307692305,215.44194560331874,1.0
10.206964,56,212.787325,0.2789291194559453,0.030291566082575345,0.09065880791282245,0.2686355851127623,0.012656167001490687,0.034659683859986544,0.2574404761904762,215.02905499324928,1.0
9.382454,57,212.941229,0.281851408305138,0.025999013570203976,0.10909013522736541,0.2804228764538451,0.013113710055452385,0.07546548963752221,0.2514619883040935,230.8357799571519,1.0
9.668744,54,213.082654,0.2777446081043619,0.03993524014359703,0.10644565437110523,0.2787010244577215,0.019522061587377532,-0.0075774504772253,0.22685185185185186,213.78429601290227,1.0
11.622516,56,213.223352,0.2835141254103604,0.019254214667247842,0.07557582374154194,0.28120548782828986,-0.003140385143758318,0.026232391422522167,0.2678571428571428,220.59624742712808,1.0
11.399834,69,213.388629,0.3056604219356118,0.02899395406642539,0.08569883640457432,0.23075413564510122,0.00783936270692431,-0.015970768383576386,0.27536231884057977,219.32230569059175,1.0
11.806426,62,213.563696,0.29315573138181117,0.029999282715498263,0.08064700585758583,0.24734893976103495,-0.01935240515258751,-0.0167970190653934,0.2674731182795699,208.83373864562995,1.0
8.514142,61,213.717065,0.2890219823655404,0.06124047464976839,0.13345735608436526,0.2547721630399769,0.0199286034973568,-0.01211061382850389,0.23770491803278687,219.8864652733412,1.0
11.67666,69,213.890332,0.30170996162620095,0.028498057688277612,0.08152120673302297,0.23356519015159016,0.012991531835903236,0.027673931924330035,0.23550724637681164,214.8114011567941,1.0
11.707647,65,214.04955,0.2961866032053503,0.02314103245344807,0.11258681538543915,0.2438666007772166,-0.015512096985377413,-0.02131804615956125,0.24743589743589742,216.72650517172542,1.0
8.070303,64,214.220115,0.30283522846225314,0.05114010139167413,0.14518474855972416,0.2298404386733331,0.010016676213279669,-0.006608673659101482,0.24869791666666666,217.1829477061224,1.0
3.313371,71,214.394693,0.3277152362529998,0.07665423172140776,0.14768648369184248,0.2091129505755728,0.04637847862759519,0.05804750145285651,0.21244131455399068,220.75325613064555,1.0
9.23634,59,214.534483,0.28496787324638856,0.03560365662375292,0.11127700143252858,0.25993134364704845,0.014853669540480917,0.06553995784304784,0.22881355932203393,220.25596113542446,1.0
11.20876,62,214.689501,0.29212675618179074,0.015450389563986151,0.07798540822244071,0.25725979241167835,-0.0005680832488921156,0.010271359340748907,0.22177419354838707,222.9216492078123,1.0
7.97668,57,214.840087,0.2966909100057182,0.04121240777009306,0.1649702498681805,0.2676725377315268,0.0058652623725307515,-0.08943158001313868,0.20029239766081874,224.6997160117578,1.0
11.805575,59,214.985803,0.2888376865597409,0.029287659217485364,0.09226085259689656,0.26075329410454573,-0.012028190376081,-0.04341766910780702,0.23870056497175143,225.19203358676035,1.0
11.694961,71,215.153836,0.312141201764121,0.025312993763874077,0.10773014977923033,0.22085825250029611,-0.016960314823590634,-0.06229763400033517,0.22887323943661972,215.73118484836976,1.0
11.518201,70,215.322814,0.31051517510173815,0.02664947097301934,0.07000377273751177,0.2300089847652334,0.0004608731951754739,-0.0041035002195879905,0.22619047619047614,220.5328649010917,1.0
11.622156,62,215.48444,0.2974251310880467,0.0214901989999168,0.08890198539528509,0.24423645457019963,-0.0055317568745849996,-0.01351564299175394,0.2298387096774194,210.49901239605586,1.0
9.380904,60,215.633646,0.2932443678399406,0.05421913187575255,0.08489407206078933,0.25433208296966403,0.023735856815123513,0.037981243504708134,0.2236111111111111,220.9491578862759,1.0
1.104794,204,216.16592,0.4374646430928137,0.02375178902946469,0.06396236637452432,0.07963150433859355,0.010052914620236404,0.008419586480180487,0.2209967320261439,197.40508670120965,1.0
10.524124,69,216.343358,0.30339746021804775,0.043335483759060746,0.09713062701754484,0.23691181332214603,0.004311790896010132,-0.023130418415435713,0.2270531400966183,233.00406567366082,1.0
11.263353,68,216.517767,0.30950386223203485,0.015259699879526705,0.06488779575618724,0.22532438991732,-0.0014425609394204271,0.009543006873046695,0.22426470588235303,214.5280808042118,1.0
10.928823,61,216.662957,0.2865012687088944,0.03380588718383373,0.07983242856894847,0.257752134772352,0.006307330393699338,0.01546066520612322,0.25136612021857924,228.6330737074347,1.0
12.413509,67,216.85912,0.30206509776041596,0.019394790040802766,0.07103752139351513,0.2403485685140866,-0.0040530104104146095,0.016680729602593057,0.25,219.7346982504694,1.0
10.267881,77,217.041468,0.3239700243769082,0.029930431395777873,0.09896974907501319,0.20971315135995167,0.007757741551871587,0.0010055938996334697,0.2294372294372294,210.86906511432852,1.0
11.552644,60,217.18315,0.28315010153772674,0.019361600699577777,0.075016374958894,0.26598060039409926,-0.006558084592713883,-0.0028678207129378647,0.22361111111111112,218.95889930183233,1.0
10.894399,65,217.366319,0.2996298986320298,0.02718145686507355,0.07596397699441286,0.2394763500624487,0.003953919806560867,-0.002243818891404565,0.25000000000000006,218.3573454311064,1.0
12.028056,72,217.535797,0.3125567482271122,0.019638525786299644,0.07730525470706232,0.21896458408810351,-0.0077768059923441785,-0.02160234744606324,0.23263888888888895,216.66645193459001,1.0
13.086585,63,217.684009,0.2885414957731135,0.011397269511629117,0.06572794374703333,0.25500097323522875,-0.0025925329483180823,0.0006642992412404535,0.22751322751322742,213.07561018945833,1.0
11.134433,67,217.841158,0.3062806302134511,0.036643421669229376,0.08597437366093945,0.23382633358448734,0.005787537038171556,-0.023012014855299003,0.24253731343283588,226.80017333043938,1.0
12.098152,61,218.008038,0.2842028438055167,0.03288543575795266,0.08730389375132593,0.2601955724453122,-0.0248202038110472,-0.03491341058247643,0.20765027322404375,218.3337949761506,1.0
9.662354,68,218.172664,0.3032307608134182,0.045892858013702215,0.13978050612423787,0.23640636215928446,0.0006244897535358368,-0.06108673396300695,0.22794117647058829,227.5654428117166,1.0
9.508391,58,218.317535,0.2851224666650207,0.0262378774477464,0.10841228158808824,0.2630071122562547,-0.0015338098117396927,-0.01666198869738985,0.2255747126436782,223.41201799451898,1.0
12.228231,62,218.461962,0.28327881916796843,0.02189351242212814,0.07168518645824744,0.2646491585346422,-0.011265160658394039,0.005761166489939183,0.24731182795698922,229.9849040170726,1.0
12.512912,63,218.646024,0.29169436552506783,0.026983108796341693,0.06426741356778702,0.26006145013007925,-0.015854049529299717,-0.002962626861471645,0.24206349206349206,224.84428927042526,1.0
9.347859,70,218.821454,0.30959257667734946,0.04485050526916477,0.15926848324205242,0.2251023010947314,-0.031839782117734375,-0.07414481629173557,0.22500000000000003,245.4112472854816,1.0
10.101225,76,219.006428,0.32961946255406704,0.0403531378238066,0.11105432534032468,0.20455260179780968,-0.03611494527934198,-0.06379111869495385,0.24451754385964905,231.00610105563703,1.0
11.815131,61,219.155439,0.2942451362077431,0.02277133945222848,0.081172127557951,0.26615474728314087,-0.018339901721617806,-0.0363920092993464,0.23087431693989066,222.31493697542746,1.0
11.425647,62,219.334546,0.28921770654406365,0.0345168821032236,0.08606235491189566,0.25881343432008813,0.002460439306670103,-0.011617578390103099,0.20430107526881722,225.97100991622705,1.0
9.972405,63,219.488878,0.29485153254989266,0.0325991670230468,0.10077298802113324,0.25241686238147637,-0.021789815786246162,0.020421458681726887,0.2261904761904762,218.518549736343,1.0
12.102417,72,219.663946,0.3060243884947843,0.021039421423278616,0.09448083920887955,0.2349294174323226,-0.004165482044640147,-0.045387673414181366,0.2037037037037036,224.9662471342604,1.0
9.212382,70,219.83884,0.3096037024676377,0.047599686403030465,0.11508531342703636,0.22905834451154164,0.00625897289561127,-0.038706120364133366,0.23809523809523797,227.5094990105612,1.0
11.239768,67,220.483031,0.30500466928377884,0.03661139365490123,0.07980687613746867,0.23656350506978702,-0.02918435464253266,-0.033393337351324236,0.24502487562189063,222.33363125543943,1.0
12.133117,64,220.650875,0.28800121315176364,0.015714604647907367,0.07057032417962875,0.25991639974651304,-0.004533482925334059,0.011019786545968403,0.22526041666666666,221.8108220784605,1.0
2.117719,89,220.870917,0.3668513886065082,0.10308716241404202,0.1136163409193923,0.15484568138635063,-0.08189340330719523,-0.0689107886140643,0.24625468164794004,239.21843579015217,1.0
11.67256,76,221.089527,0.3226505267394188,0.01950733074774408,0.07323179983569371,0.2111972764677228,-0.0021735283318704978,0.005268353390783124,0.22258771929824558,215.5256015218057,1.0
8.899584,67,221.254303,0.3047844433507561,0.05193991365794642,0.15078529547487135,0.229711555140289,-0.04680161603956318,-0.08725263971572156,0.2338308457711443,234.02923417233384,1.0
12.055362,64,221.417867,0.2884784028997992,0.025858210142492833,0.07810805278038896,0.254656344489916,-0.019941857138881487,-0.016821753183503138,0.2239583333333333,218.6886832165683,1.0
8.999214,61,221.578968,0.2904724436512908,0.04344070864862802,0.14868586110450976,0.25608385508648346,-0.012110341884631542,-0.0707729160580164,0.20901639344262296,232.51898970426114,1.0
1.832108,84,221.821127,0.3654330481870513,0.11373713951498851,0.09760286480851327,0.1564058804126947,-0.08115289959198517,-0.06067817542795996,0.22619047619047614,216.223312166345,1.0
13.034426,67,221.988796,0.29284515923604576,0.02444630752826217,0.07223082395655343,0.24682827041316452,-0.01557769261470878,-0.01926484380515385,0.22636815920398015,218.53276673161926,1.0
10.559417,72,222.166875,0.3131228582732185,0.03329072466999096,0.12437080673570182,0.2231442533888999,-0.02816335624089709,-0.07707858672134904,0.22916666666666663,224.7881462714383,1.0
6.887926,161,222.592855,0.4157477110300543,0.017412194919010564,0.06982900296893739,0.10706111497761776,-0.0019844809528321646,-0.017274961426163127,0.2380952380952381,202.64012264471634,1.0
4.562447,128,222.905564,0.4062783758013838,0.07123990835324608,0.07746428452472914,0.11436522507551829,-0.0476887457927505,-0.036258231970783816,0.24544270833333323,220.38959438076589,1.0
11.4376,60,223.074602,0.27203309380358665,0.0289405001642057,0.09370645604545619,0.27309958682291147,-0.018559887571834698,-0.0017537261889365263,0.24166666666666664,219.01605736091608,1.0
11.518857,60,223.217089,0.27471571590740185,0.018096326334296052,0.0859908659416509,0.2733478688627998,-0.011985633883691954,0.0011286091867640765,0.23611111111111122,219.63520381813257,1.0
4.654384,83,223.419966,0.35198014997774846,0.08506467269764355,0.12262258074974605,0.1686755524664887,-0.06616803125786423,-0.0765329171488418,0.26405622489959835,234.1712798752209,1.0
11.825906,65,223.575761,0.2911396661175025,0.026575024397664942,0.09613753881581784,0.25251328743940665,-0.019860194411734235,0.004186142296088727,0.22564102564102562,221.81146882145342,1.0
5.255967,128,223.894459,0.40523307910266054,0.0503802543357093,0.10664537462633449,0.11333759504842904,-0.037421984813703804,-0.04144399490456945,0.23828125000000008,231.47919032161207,1.0
11.509631,59,224.034983,0.28024160366183387,0.02591009091400051,0.09378562154674848,0.26913506209264626,-0.020128380306761614,-0.04662635503911993,0.23446327683615822,211.09792230108457,1.0
12.38352,68,224.190052,0.30237585541718903,0.026021683493953004,0.07812547141863181,0.2308277247216084,-0.020867961175775215,-0.0041087011097286335,0.2377450980392157,207.92832196757365,1.0
10.140399,65,224.364364,0.2998086816297111,0.034187062902723483,0.13057408568630546,0.22847875320008884,-0.027834105833692484,-0.08120564053718037,0.26410256410256405,219.012693790167,1.0
3.515366,99,224.592404,0.3804104976932654,0.0844547791254308,0.10928179618004692,0.1425291087555024,-0.06535385428754673,-0.07545475045330069,0.2323232323232323,231.90615733852158,1.0
11.564235,83,224.801567,0.3347237933381523,0.03457871445902877,0.08191645951642416,0.19826269859519155,0.0037760675582088365,-0.025775691625157433,0.2098393574297189,219.52524281089853,1.0
7.092906,81,225.038688,0.3420134753622438,0.07359399051958432,0.12493647389539857,0.18656395135965192,-0.06327920823161953,-0.07880120926653957,0.22736625514403297,239.20568603678086,1.0
11.726361,79,225.239566,0.32863435286718923,0.03881276103459486,0.08341703535481187,0.2037596404178079,-0.028863940688127428,-0.029394937926453566,0.22995780590717296,210.82235176234002,1.0
12.088859,59,225.386451,0.28233388000507786,0.01414648419180345,0.06822427416380575,0.2678870861667071,0.00011028536376885969,-0.02072497848324767,0.22881355932203393,215.11342945579162,1.0
10.122959,57,225.524123,0.2748053292948834,0.07381938077765603,0.10880796021559128,0.27720148167252556,-0.05489794677337822,-0.03945722013715663,0.23830409356725146,216.0459729153138,1.0
12.130791,70,225.716484,0.3046856483977365,0.031942167004928995,0.0875386704260151,0.23014684937291063,-0.007013649612516609,0.006132660494531493,0.22857142857142856,212.98974166540728,1.0
7.957546,62,225.872794,0.2892002099464591,0.05515839378490918,0.18526649525790975,0.24908974731262082,-0.047840801910131826,-0.1165336183427347,0.22715053763440862,225.77700331491423,1.0
12.20626,64,226.024866,0.28698860431268874,0.027379205254262847,0.09259666898019751,0.25191447175601855,-0.0227373118461603,-0.021391601446694008,0.2239583333333333,209.66542289720527,1.0
11.248008,90,226.24515,0.34527272700843015,0.025187182455178304,0.07535771025182299,0.1864682435470232,0.002552363578721127,0.0015333508863762011,0.22685185185185192,206.5366403890065,1.0
12.225108,67,226.439564,0.29645680561394955,0.023026972554424565,0.07065547274411274,0.24205334204701384,0.013335227884610931,0.028627393006189297,0.23880597014925364,211.58675062966677,1.0
4.247015,70,226.618057,0.3223429677143725,0.09986416292042784,0.14565516184306115,0.2066516820860281,-0.08072678142466408,-0.0841430338233566,0.26309523809523816,232.25338908687004,1.0
10.749212,76,226.805503,0.3135299052304516,0.021092610818548328,0.05869927833791993,0.22151855366451573,0.01547357920167725,0.02128868410094091,0.2302631578947369,216.055229912597,1.0
11.848906,81,227.028574,0.33107306990116686,0.016748316039709162,0.06692710021387435,0.19973649802904625,-0.002097548090829207,-0.019647529652604967,0.2325102880658437,210.90391766986835,1.0
12.087808,64,227.181561,0.28374539305820057,0.028149006993427025,0.07156474657910455,0.2589845224841274,0.0036449964295071297,-0.019790597734132206,0.24869791666666663,216.9355707808965,1.0
11.550588,69,227.342033,0.29662626700958833,0.01621311263982311,0.08392997680876563,0.2399851382077162,-0.009355213731332175,-0.02170720010341565,0.21376811594202902,211.71088541154248,1.0
12.576077,62,227.488253,0.2864561588371072,0.029254411509968787,0.08190524920906654,0.25593319310053614,-0.023451784073871586,-0.022464241396544134,0.23387096774193544,218.4667570372324,1.0
10.62661,70,227.681322,0.3031873423961228,0.03646587272971595,0.12107115084245011,0.23226847350129032,-0.00769591070215134,-0.04793850949399909,0.2369047619047619,222.9624940301728,1.0
10.692156,63,227.826704,0.28689465722317364,0.04986989279802234,0.12284787676517687,0.2515226982102381,-0.04139205287679937,-0.029820224648998576,0.2658730158730159,215.98898965496343,1.0
11.307817,60,227.969903,0.28009445567147373,0.03912837874136948,0.11159858150843094,0.27059457795494224,-0.019950585445240178,-0.054689242723806694,0.2541666666666667,226.79184732610713,1.0
12.783658,75,228.146848,0.30848781092839517,0.026520898825132276,0.08417743246334833,0.22656661929612829,-0.02061420788339785,-0.01770641653665368,0.24333333333333343,213.7277656325335,1.0
11.684703,60,228.316971,0.27480101682829067,0.03309798622205872,0.12007646252746956,0.27727647765447855,0.00516360259733832,-0.06823649638169883,0.2375,215.6515953388756,1.0
11.854661,71,228.486915,0.30260141131856266,0.014501717513788637,0.08533905409106333,0.23447006317062433,-0.008461267283164944,-0.04637420191186371,0.23826291079812204,213.68320295567338,1.0
12.487207,62,228.633623,0.2778139232928508,0.0227273661731145,0.07652023389874901,0.26671741624451306,0.00568185128772018,-0.009423217040622605,0.2365591397849462,218.8807976464808,1.0
9.834927,57,228.773993,0.2748699561501543,0.04223403546960985,0.0703287422577548,0.27034738010016257,0.030709683552687356,0.002887179929329615,0.23684210526315796,212.64893476615873,1.0
11.161499,62,228.956253,0.28535346571579084,0.023592269963682917,0.06946837384162645,0.2568704324550032,0.006521978756070869,-0.015458594896185614,0.21236559139784947,216.90676422148627,1.0
11.627716,68,229.117459,0.29570827045340636,0.021862577311232978,0.07546083803691395,0.23644570127355777,-0.009186770390775196,0.007971040677031818,0.23161764705882354,209.98979768833263,1.0
10.917973,58,229.25314,0.2814414417379866,0.031201683079144824,0.09876895480343305,0.2706596395601134,0.006650685128784832,-0.033818732593313146,0.2428160919540229,217.10819904985289,1.0
10.688237,56,229.385458,0.2694300516088286,0.020639522769562345,0.10158768507664678,0.29337873839118506,-0.012438418698057936,-0.04805363466528512,0.22619047619047625,219.83536259702413,1.0
11.099823,86,229.612802,0.3396168146298474,0.02647205786272961,0.08615044713792266,0.189398555611496,0.0026913037732589867,-0.03574203218445172,0.22965116279069772,212.66182202529643,1.0
11.010712,56,229.749276,0.26737322453088713,0.02592878189796514,0.09286915054081134,0.2877097401727902,0.00941846550188202,-0.014719245695877459,0.22321428571428562,221.0481287096213,1.0
11.954645,74,229.926997,0.3130617673204114,0.016115062488237013,0.08347758919852857,0.22073202376264786,-0.010532753912956817,-0.02202664534160889,0.21959459459459468,208.42102471063708,1.0
13.117638,62,230.075651,0.2768952405133836,0.04233277093215327,0.07107172051170639,0.27218822475896687,-0.034207390223323295,-0.015272478537366348,0.22043010752688172,216.63734027725928,1.0
12.063981,68,230.263362,0.2949492191958251,0.030709450555028692,0.09812706642366364,0.24610694980106243,-0.0035270470890968477,-0.05436066122635497,0.22303921568627447,211.4075335629088,1.0
13.4974,67,230.425869,0.2917721989035951,0.016285396883363522,0.08540277200282277,0.25343524481623037,-0.010705049971973706,-0.046092410423504454,0.2064676616915423,218.94161844804722,1.0
12.626091,81,230.618785,0.32314835371701306,0.024376013746659073,0.08404165944895363,0.21091529947086057,-0.010349320927832901,-0.02725484196136238,0.2098765432098766,219.5866601083109,1.0
12.151031,69,230.81767,0.29613217269252745,0.01478500085868086,0.06531944379408144,0.24629323028541686,-0.0010632103774630757,-0.024754341895737865,0.2053140096618357,215.37844573050023,1.0
12.481855,73,230.998269,0.30828122918155354,0.03153948965211421,0.07328786713611372,0.22614541879458225,0.011128580279337335,-0.015005947910122375,0.2031963470319634,212.92340831994787,1.0
10.85761,61,231.139437,0.27824145005270884,0.03189896357291174,0.10550511631050392,0.2719271764708935,0.01864391417307076,-0.03705004459179909,0.1844262295081967,220.34086546153648,1.0
8.763531,64,231.28845,0.28911496825950017,0.05552341610766152,0.14406462557785468,0.24551586982951085,0.019356430433993807,-0.049610718023013846,0.19661458333333337,218.49602074917132,1.0
11.998925,56,231.43693,0.2748944575767121,0.024828109895735435,0.06299525467564954,0.29056483387639725,0.007101391175441055,-0.016566076597752714,0.20535714285714288,227.5027469416727,1.0
12.028033,78,231.624916,0.32336642058902576,0.024261003359471345,0.0816450848465287,0.20623624235964558,0.015154881413769737,-0.02021711376126262,0.18376068376068375,207.79354356248754,1.0
10.414848,89,231.835856,0.34228194048116534,0.027763471492537918,0.06262346894081913,0.19055258916985007,0.016187123467472985,0.004823477757245427,0.18071161048689138,209.96881150340258,1.0
12.808039,63,231.991941,0.2769332621351383,0.025273701768611424,0.1000457710567061,0.26771963968706597,-0.0034065103245785565,-0.037459875284057906,0.19312169312169314,224.66239824440518,1.0
12.542391,62,232.158009,0.28361601662673874,0.013633216579982382,0.0840827884782094,0.26969824059589037,0.006503348536135049,0.004786691741477327,0.18010752688172044,219.5256051423875,1.0
8.969983,65,232.309325,0.2961943572607142,0.06271247547525485,0.14333159636228682,0.24990101839585604,0.020686867200290282,-0.04189452329995208,0.1653846153846154,232.56952176776645,1.0
12.103167,64,232.461248,0.28752104559956543,0.0163621608995651,0.07490804134741873,0.2554770382996029,0.01411989481707968,0.019249139897788176,0.1940104166666667,210.54593942939266,1.0
12.548074,64,232.613418,0.2878743310814194,0.028986583387912934,0.06107843527482824,0.25452254823137926,0.01712860143706606,-0.0315466934395229,0.19270833333333331,211.21408847150278,1.0
11.769684,60,232.787258,0.2828368260468858,0.025883574922964114,0.06830114571717014,0.2713078606650938,0.019060053737083475,-0.007559061710394749,0.16944444444444445,218.50998879036038,1.0
10.156809,62,232.937541,0.2815335964872954,0.016860784659795357,0.09736043880399321,0.2684791694686743,0.011753058404851422,0.025574755412697228,0.1895161290322581,225.0238151361621,1.0
9.774567,64,233.102308,0.29974839977987167,0.03880007845740846,0.059600530288242984,0.2406722908719817,0.02912946918858233,0.01406891760419432,0.1666666666666666,221.73268711365057,1.0
11.481585,66,233.265536,0.28561375031975,0.021870363266552638,0.08484717475035483,0.2566812783605395,0.015964609732260576,0.024973804753029336,0.1944444444444444,221.242788280399,1.0
10.619512,67,233.480982,0.29242257517038034,0.05582347001941584,0.10423871965486609,0.2460731240648362,0.011134296852847125,-0.033245810651178855,0.208955223880597,227.7245139374011,1.0
11.798551,60,233.634125,0.2812011236013837,0.017690528051134,0.08887092531256685,0.26562734222767675,0.008194879906804104,-0.03287841548722195,0.2013888888888888,212.8971746693547,1.0
10.468026,86,233.840992,0.3408545645395956,0.04068530630334827,0.0741564682330679,0.18836229419027792,0.017303262620181163,-0.010321476072590145,0.17344961240310075,214.69085127279905,1.0
3.681018,88,234.092673,0.3497934287357602,0.04659681752708303,0.07157697903507595,0.18067026665757022,0.04132515076116331,0.041266772025578054,0.1647727272727273,235.645798753262,1.0
11.049164,67,234.262731,0.3046573616531085,0.021406013253714138,0.09257553518970005,0.23906914273002516,0.005563630448368803,-0.031212090352557724,0.18159203980099495,216.41694700713418,1.0
10.085154,68,234.427282,0.2976527015555692,0.03130327762376675,0.06764812512067152,0.24460885496658769,0.025222957317780178,0.012916035834131477,0.16911764705882354,226.656670750781,1.0
13.347408,75,234.607244,0.3159936756295355,0.023653053909997727,0.08117581730907103,0.2252751554684409,-0.01518465970892255,-0.05201396783536177,0.1922222222222222,221.39517325136578,1.0
11.077676,65,234.795564,0.2896217243147307,0.025686734233229033,0.122437997272914,0.25324193924962757,-0.012666595892191403,-0.01404617558329229,0.1948717948717949,207.82432978790905,1.0
9.228169,79,235.000263,0.3258376732168924,0.03424544400646101,0.06520610298738258,0.20567610439158315,0.027043774666750342,0.030844180613209968,0.18037974683544303,214.99254509820108,1.0
11.324569,68,235.176627,0.29600728369768825,0.02287078367937117,0.0905838685747885,0.24541054488298808,0.014358680944161121,0.026298758426734983,0.18014705882352944,214.68102466131967,1.0
12.524556,74,235.389429,0.3065457695889835,0.020108849620049257,0.055686834055100144,0.2322890296885663,0.015253250584276474,0.004000669106563363,0.1948198198198198,221.3322612187915,1.0
11.408637,62,235.537492,0.2797037855327493,0.034016283025920385,0.123522400642431,0.27334081849012376,0.01030889851692401,-0.06400468950028367,0.21370967741935487,221.0767397839725,1.0
9.104092,86,235.746953,0.3393761493362131,0.03957280342240907,0.11547408654341214,0.1922101207332095,0.018740807874416066,-0.04041417029357421,0.16472868217054265,211.7533128925395,1.0
12.217351,68,235.91359,0.2955440047172761,0.012907817513275952,0.09932771300544303,0.24220700770937775,-0.0003443131123879834,-0.0646370526967613,0.21078431372549022,212.97351489827287,1.0
9.990231,60,236.091202,0.2789971631411908,0.021724868136215568,0.09288995913413553,0.2647670753126225,0.017318329000803996,-0.011530233915074822,0.19444444444444436,214.78705409080104,1.0
11.947577,61,236.249307,0.2841135947426271,0.0203271547621418,0.09571203943322601,0.26283467250412024,-0.012545258726890534,-0.042890418168671174,0.2062841530054645,218.90404835853195,1.0
11.04344,60,236.399535,0.27876271816882986,0.04057174329748631,0.08457833293418925,0.27209443207063433,0.01953503745502114,0.011701065853977307,0.19861111111111107,215.83113202157958,1.0
10.080587,74,236.583735,0.30902255168547915,0.024226921421552767,0.06570809989455356,0.22342758633727103,0.021077702667990264,0.016213570940717393,0.17792792792792786,221.18760758849794,1.0
12.209447,74,236.795047,0.30698024259209467,0.025627639036931462,0.07847095269470789,0.22956531957908535,0.0032054852775024968,-0.012531936241587067,0.20157657657657663,215.19353344070385,1.0
10.472727,69,236.968394,0.29906257611296616,0.03749924500417509,0.10125213298255219,0.2389847329790009,0.01587486499730961,-0.02185156730516958,0.2113526570048309,221.8165825530527,1.0
12.631732,62,237.126673,0.2842612034413805,0.029784716595841386,0.08080973385004843,0.2695517949319847,-0.018053455760125927,-0.04547050962089539,0.23655913978494628,219.92524643990095,1.0
10.341078,70,237.301664,0.29940326128584627,0.04459714396234119,0.07691201641857827,0.23921376358193497,0.027233362700749084,-0.004246452388162575,0.17500000000000007,213.62278829444742,1.0
13.691184,68,237.494413,0.2915113760791696,0.016749866287215812,0.07513596078477905,0.25019656415478303,0.0029958855653933803,-0.040740925715255165,0.2426470588235294,219.1623540350314,1.0
10.335629,60,237.642022,0.28160579689478454,0.024756007604076837,0.15250959099747982,0.2740438823752095,-0.0038943682068747734,-0.10478749768419264,0.2027777777777778,220.5130372551226,1.0
7.646882,69,237.807974,0.2994266807732866,0.039935382305755614,0.19447998089670845,0.24083189180358625,0.005672024012020721,-0.10021397666754232,0.23550724637681159,223.67077556628826,1.0
11.716604,75,238.108505,0.3117011257700785,0.020619217603986897,0.11026527148720852,0.22602394294072103,0.000546445796655316,-0.04922876371658331,0.228888888888889,214.73146014409105,1.0
12.824998,65,238.308117,0.2889006906988987,0.026124842524698474,0.1002775650636621,0.2576111666424827,-0.020288417337991912,-0.018788640813331377,0.24102564102564106,217.93256413638395,1.0
10.214251,72,238.495882,0.3106111403511341,0.05308113071516346,0.12485040908347807,0.22538019746844956,-0.04487687833536036,-0.07432952150136204,0.22685185185185183,224.51484263833396,1.0
10.600435,58,238.637038,0.27910103584244167,0.02612434363058402,0.13230725933457083,0.27676177658093004,-0.004298840521108926,-0.08474594678625655,0.23132183908045978,219.24566364760216,1.0
10.946661,57,238.797662,0.2739959185609424,0.014394933582530224,0.12697452455062655,0.28317622342549986,-0.007656485447937279,-0.04729342033155431,0.21052631578947367,213.7587192933406,1.0
9.894949,58,238.94367,0.2756958101613135,0.028990404644352766,0.12637814093376593,0.275378201707552,-0.006031443581815465,0.011608447790352465,0.21408045977011494,214.5730689610761,1.0
12.539992,68,239.11443,0.2963160070560016,0.01847802160769149,0.07417482843941457,0.24139047778743095,-0.006434540031375394,-0.012316038782660675,0.20220588235294118,212.30522114554705,1.0
11.764446,66,239.280061,0.2893587903337982,0.036183647275232704,0.13864304210751371,0.2551041773527824,0.004269606352510028,-0.07036232550418842,0.22601010101010097,226.82683264178382,1.0
12.826663,81,239.491373,0.3272079731152931,0.017618381250706406,0.09247132057925218,0.2088297331571437,-0.007867499627205236,-0.043282741193505336,0.24176954732510286,222.1813475392256,1.0
8.336896,54,239.614641,0.270209719645098,0.05016946605197278,0.1656922573019341,0.2915906013744011,0.007287154031354757,-0.09283157854534523,0.22530864197530867,232.49820205929083,1.0
9.024466,75,239.790588,0.3207874593979096,0.046069750120628784,0.1296515691161256,0.2121430796891098,0.027039320154560786,-0.03373744911732562,0.21777777777777782,211.403604298573,1.0
9.831219,67,239.949683,0.2965037568393891,0.043782983987979494,0.1364569976996499,0.24329998577926468,0.020492729094794448,-0.06483263009581704,0.22139303482587064,222.20869630740717,1.0
12.454205,80,240.163329,0.3211362324379883,0.0176305935903822,0.07025218009508383,0.21521633950091773,0.001603773843015279,-0.01103352171079816,0.23333333333333345,215.4484835618643,1.0
12.312651,67,240.321284,0.2996324572018172,0.02033739495130314,0.10736577318569442,0.24015208210432495,-0.0076905929650882224,-0.07075681218556994,0.23134328358208953,215.4545296358866,1.0
8.575537,109,240.574536,0.3768898026715631,0.03237802391714985,0.0810620651962038,0.15152631983421846,0.012634930932323516,-0.01085820339498849,0.23394495412844027,210.49518657051993,1.0
13.089506,67,240.780671,0.2926673979364111,0.019127958004768637,0.06228984512088677,0.24749727053015072,0.013978788567664916,0.0021819495043020314,0.2126865671641791,215.6116737200173,1.0
11.115949,63,240.939881,0.2877874470020731,0.04334404393796453,0.11434791463427893,0.25644647765518863,-0.0271041034627525,-0.03583297489436504,0.24603174603174602,213.0677956071983,1.0
11.007268,82,241.139816,0.330160092742415,0.03806130448313712,0.10417702117108067,0.201024586448462,-0.031295974350125856,-0.036818729562565065,0.21341463414634146,213.27545308595117,1.0
12.602698,71,241.325755,0.29858336055811757,0.00963689070872579,0.10557850844446735,0.24541557916070525,-0.0007908417171609418,-0.008027338850490224,0.23708920187793425,221.2927091738064,1.0
12.556187,58,241.508872,0.27357928257668007,0.021345583542684718,0.085026286152242,0.2806032195375547,-0.015770006475666946,-0.022390044860764426,0.22844827586206903,216.32340332061415,1.0
11.003385,71,241.692385,0.31283622423741425,0.028726436695778065,0.13332250304706708,0.22337345808443063,-0.02115987288924259,-0.0834702247962378,0.2323943661971831,226.59907358951108,1.0
9.79175,87,241.910939,0.33989283349856303,0.03365514096617513,0.0669181710943969,0.19322489887771974,0.02734880864418142,0.02021226098362936,0.22222222222222213,216.49505636287844,1.0
10.681009,65,242.114854,0.29674525306316185,0.022149367778408074,0.1518130937432559,0.24070052491245514,-0.007472519213225801,-0.08358683291456331,0.2051282051282051,212.3428136472126,1.0
12.118343,62,242.271892,0.2848925389678755,0.029673464397647037,0.10051293197309592,0.2589034145687691,-0.018425511595020844,-0.022436928834497178,0.21774193548387094,209.92962912287516,1.0
11.991621,71,242.449428,0.3082777516941883,0.021800937248547984,0.07023013712179718,0.2311790343381183,0.008058417901497573,0.014365358197494531,0.22652582159624413,213.11368396581526,1.0
10.719106,96,242.684082,0.3601994059579459,0.044947186344241156,0.10301772043179801,0.1669558561206841,-0.038366681187210296,-0.04302232607288705,0.22916666666666663,223.60147475988848,1.0
13.276154,66,242.875447,0.29202959759931585,0.018198401356997747,0.05884911038848313,0.2479250922688504,-0.008962003429143682,0.0011834141020967911,0.22474747474747475,208.49004884739765,1.0
11.745436,62,243.027565,0.2830511956116587,0.025579115353061562,0.1015456170156062,0.2594559303835917,-0.015636273089832002,0.017829365765106412,0.2607526881720431,210.1169399510336,1.0
9.236629,85,243.241012,0.34014829842792665,0.02783117254238701,0.0673358025418483,0.19103136764132905,0.020961158617334004,0.027689077581281658,0.20294117647058815,212.65927524413445,1.0
10.615128,95,243.507509,0.356644381610993,0.012261374892273623,0.06835361705271141,0.17549559451457314,0.005715596987503182,0.019375068031604697,0.21140350877192982,210.46387591738463,1.0
12.132001,64,243.661424,0.2930916541030423,0.03268664351789421,0.11238583011746588,0.2503728373534491,-0.02589443305531225,-0.06435609751393973,0.24088541666666669,229.48442206043484,1.0
11.660116,74,243.836408,0.31932523456398265,0.03376987718763127,0.11179631620706534,0.21482210285387632,-0.026827002094111076,-0.07359098669680891,0.25112612612612606,223.88340981345783,1.0
11.972572,80,244.050476,0.32470689061755154,0.01706301188971383,0.07051492274633597,0.21291817508062055,-0.0035493519479331765,0.012129851620969665,0.2166666666666667,215.79710207654813,1.0
10.554777,67,244.208689,0.30582241676219313,0.03291481112180613,0.07050660100083679,0.2336613818116068,0.012236635779099584,0.03306188050708894,0.22388059701492535,224.30520154639788,1.0
12.788365,67,244.368283,0.2950444870724486,0.03602531171777359,0.09543832168548792,0.24556549835307787,-0.03090161447856406,-0.035629294065384995,0.22512437810945274,220.4050481912194,1.0
11.67748,69,244.534144,0.3057666430340821,0.03040269636258779,0.06451991179383901,0.22931024728070917,0.012453572402581072,0.01321675342635667,0.22584541062801927,217.09107898304453,1.0
11.31299,71,244.732434,0.30809731867998175,0.023340831514977657,0.07758161087722495,0.22907989086776706,0.00023731995841713742,0.02321958989496464,0.2476525821596244,218.19720022725926,1.0
10.782648,86,244.939607,0.34683824768479865,0.03681633492772891,0.10487589169628006,0.1892038619254988,-0.027138449602085574,-0.06178668834809908,0.23934108527131787,224.20936994833212,1.0
12.119305,66,245.108292,0.29229732006042247,0.020652128125329784,0.08407852423266991,0.24695310849281496,0.0010676726134688636,0.004669504068787405,0.22348484848484856,214.32922654414196,1.0
12.920907,70,245.285182,0.3046858117635646,0.017708185820871577,0.06355545081581514,0.2375336905866807,0.0018977979163790147,-0.008923620737605078,0.23333333333333325,220.18489500927112,1.0
12.687466,78,245.497847,0.323036434356732,0.01715230183375796,0.08501806212341956,0.21099560699930697,0.00020201129158557872,-0.023691821546513062,0.22649572649572655,221.98920337738826,1.0
12.089251,61,245.649003,0.2788067771511986,0.026223454746567974,0.08368295091972094,0.270683700628065,-0.015927051264340845,-0.005040181802455939,0.23770491803278684,217.6698650885077,1.0
12.870284,72,245.825075,0.3078555202034325,0.024056030414344513,0.06124153347354291,0.23046592990279954,0.004231714659872699,-0.012257966865421278,0.24652777777777773,220.0307177714818,1.0
12.296656,71,246.025439,0.3101792218457533,0.018390629505353712,0.062402713258521855,0.2291699427670853,-0.004997121694113917,-0.02775018521321773,0.2523474178403757,213.7930987742333,1.0
13.039763,69,246.196941,0.3004441627002702,0.013243096741507638,0.10236755244021367,0.24200396431537413,-0.005659025076393943,-0.06461431139987141,0.2681159420289854,221.93201736953105,1.0
12.908592,76,246.381455,0.3176634800071094,0.01627771054023747,0.07352685149888821,0.21887275308609075,-0.008572623896178005,-0.026682850855070307,0.25,218.4951284169342,1.0
12.158884,62,246.542281,0.27859926294224086,0.02430123963691242,0.11087869591625614,0.2681226451882223,0.004848135013552614,-0.04649081995020381,0.24999999999999997,225.2552866625955,1.0
12.271894,70,246.74425,0.304582427359567,0.014653238846920593,0.043732822841051164,0.23489639204472185,0.002423455239822794,-0.0022051354923400606,0.2380952380952381,217.9885089066176,1.0
12.126151,79,246.94151,0.32191117085502213,0.02128601920776117,0.053644118370337564,0.21566226713016487,-0.000838862361267641,-0.003916386153853826,0.25738396624472587,218.24329133805773,1.0
11.899222,62,247.105166,0.27963557293965,0.016864052410364476,0.1124591543117875,0.2690774482162745,0.0049423550194626145,-0.03506601547985019,0.2567204301075269,222.11882361777623,1.0
10.807669,59,247.24758,0.2799799869076217,0.029460821931895195,0.11405180114192699,0.276401325071498,-0.020308892065842778,0.003937566164439048,0.26271186440677974,228.88543066602512,1.0
11.481582,92,247.506004,0.35004468589187876,0.02031106956721802,0.07148760176315412,0.18249078014881495,-0.008994117024824501,-0.01253350227814201,0.256340579710145,216.95934833649395,1.0
11.679825,71,247.681771,0.3113351862170576,0.018603494091923963,0.07411698976785018,0.22649425356173114,-0.010122571502039811,-0.0033133083241062206,0.2582159624413145,215.5050168915212,1.0
11.673254,76,247.867807,0.3169602712517307,0.027075440804588694,0.08814026770637087,0.2199978307024948,-0.01477587383954338,0.0183880148509217,0.2576754385964912,209.9476324558938,1.0
9.08692,57,248.041436,0.2842103732591536,0.04250031284952607,0.1303283563727705,0.2662071313509002,-0.03058933370056302,0.015678812342370407,0.26900584795321636,215.89704511557412,1.0
12.882517,69,248.216772,0.2964542724089011,0.03215573970334057,0.08232336535902157,0.24441218622534797,-0.025026196400026242,-0.026529295626010894,0.2922705314009662,216.50584222524586,1.0
11.287368,65,248.37536,0.29050067642672006,0.02544184355752827,0.09724776131932235,0.25364780194298336,-0.009778727513034406,0.0027661969552456095,0.2756410256410256,221.51044550609615,1.0
9.707342,57,248.519587,0.2762882893839632,0.03609244314025223,0.13317513823535387,0.2733860826958689,0.008507066002379887,-0.06702833516314992,0.27631578947368424,216.03981947314188,1.0
10.9263,66,248.697467,0.2891110654368048,0.04991938394008176,0.12135552597293336,0.25308499960857767,-0.038372890655880454,-0.0007704424386587395,0.28914141414141425,217.15681798617004,1.0
12.857961,66,248.859112,0.2917478558632923,0.019365822446112985,0.08931212250261114,0.24737102613095457,-0.003365514474348882,-0.048723925150871726,0.27904040404040403,216.26729263761518,1.0
11.99509,75,249.04531,0.31123510382513125,0.015029213481431571,0.07942204432602692,0.22319955371769912,-0.006986174972037259,-0.018172161588446912,0.2933333333333333,214.63961958299356,1.0
11.9277,66,249.20619,0.2953009634886789,0.022689825375876223,0.11551994165752813,0.24326402896152768,-0.016696960064533403,-0.07489056257251892,0.2840909090909091,217.7032762103126,1.0
10.217656,66,249.386098,0.2952897301178443,0.03003194503881551,0.14416550456573957,0.24438493721624685,0.0023312924323705183,-0.05182949331874551,0.3131313131313131,224.29147956968427,1.0
8.78183,60,249.544155,0.27577029687537985,0.07621189022095559,0.13718540700694679,0.2683339309920128,-0.059773148044604985,-0.029326252104573132,0.2819444444444444,227.8983138077935,1.0
11.092441,88,249.762582,0.3441535231849725,0.027140466228643852,0.07556121763675396,0.18800547478250065,0.005346020900537025,-0.0033101366394003755,0.2850378787878789,209.1592835127863,1.0
12.075862,71,249.934824,0.3010702922825529,0.018544450890915335,0.09321518781383367,0.2424654237657097,0.002381563785722491,-0.048366383161748294,0.29107981220657275,226.47412703452267,1.0
11.884495,65,250.113453,0.2920263709183814,0.042217420682885184,0.10114250991874586,0.2571206548879329,-0.0358767598356056,-0.06735750650570065,0.2935897435897435,228.90627977077844,1.0
11.066848,58,250.252204,0.2787091846579268,0.030890531977705547,0.07488341460500215,0.27839568081023164,0.019899284781134594,-0.041130658599161665,0.30890804597701144,225.33841198373585,1.0
10.314492,64,250.408102,0.29424268868729037,0.04297723878899548,0.11140309870256454,0.2481573776439063,-0.02066114545933981,0.002623077122163031,0.3059895833333333,211.081711543693,1.0
11.872141,63,250.566444,0.2849260179202531,0.020774663322652428,0.10502037570147361,0.2592422563960641,-0.016906701561982193,-0.04247754780396276,0.2936507936507938,219.41218787698404,1.0
10.3781,68,250.752688,0.3009063127615881,0.029919187325058934,0.10229536272177836,0.23213599288661382,-0.016450879072476634,0.009574272821796348,0.28921568627450983,207.49033398787628,1.0
11.167557,94,250.999809,0.3532223459174332,0.019948591150621205,0.07549683914589372,0.1792450215195416,-0.012315792893664251,-0.03372931146175335,0.3200354609929078,211.39769194174923,1.0
12.910913,60,251.14484,0.2746868877689399,0.03649270086102166,0.08709490809016826,0.2796758331905503,-0.03118784677728359,-0.04514463412590641,0.29861111111111105,219.6542997140483,1.0
11.89868,76,251.343371,0.3222564112344957,0.020619452211462153,0.0732185209836351,0.21130467039099524,-0.0108276641015583,-0.0070171744599402935,0.29605263157894735,210.1352970248585,1.0
9.069064,65,251.504104,0.2986835444018563,0.05458890293648216,0.14475100689178452,0.24173856833055138,-0.04812489465264626,-0.09726690462694666,0.33205128205128215,225.17638500609624,1.0
11.87721,69,251.665301,0.30039813165034845,0.03134872638860554,0.0703951242165441,0.2381817671891053,-0.0238904289540797,-0.028874192206540795,0.3393719806763285,222.08532816773806,1.0
12.279995,71,251.834011,0.310672287553866,0.017650577314551396,0.07944101187937172,0.22440734812732743,-0.009610400373180518,-0.02938311302439177,0.3215962441314554,211.61393814881717,1.0
9.039364,72,252.052864,0.31383614983658964,0.0629093048891618,0.12967713310161946,0.22027227153275677,-0.05282387134115173,-0.08093205833433698,0.3333333333333333,232.25535277940435,1.0
10.65478,62,252.211799,0.281714769575876,0.041620573750504625,0.13497995678734695,0.26567972136643736,-0.034237234260823944,-0.09641762693855463,0.34274193548387083,227.09595971867353,1.0
12.515391,78,252.401149,0.3225193026682476,0.025557435331549437,0.069133990880179,0.21191798805100598,0.005808972498717288,-0.026404443254705735,0.33333333333333326,219.64932326687287,1.0
12.670266,68,252.597126,0.2989026569329189,0.029017533377676864,0.08754193505372186,0.2418948305563024,-0.02436310952851129,-0.02926238524890178,0.33578431372549017,219.9499588481393,1.0
10.189656,82,252.802922,0.3369159231609329,0.020437943210036166,0.08357329038497276,0.19479703476774926,-0.011254475233781473,0.008763764096487063,0.3313008130081301,212.11007224099524,1.0
1.836242,141,253.1584,0.42123332661968704,0.07684645445196367,0.08172530888454847,0.09699695930997795,-0.048459364167317914,-0.054770438735895884,0.35047281323877066,218.83500154470764,1.0
11.012772,68,253.366806,0.29673010103390884,0.01916208167770822,0.09913819073201312,0.2434687984298174,-0.009846079763863891,-0.043155449288535715,0.33333333333333337,233.34345951431814,1.0
7.850208,102,253.615922,0.3759864474579346,0.06317580667704173,0.07077676839486555,0.15366730215611257,-0.042567930872759674,-0.017697683797706625,0.33006535947712407,211.8690354165432,1.0
10.982588,70,253.790411,0.30601610438421945,0.03580519596387626,0.10412265356016039,0.2310880238769344,-0.02764543611310099,-0.020293128374189964,0.34404761904761916,215.39769797111083,1.0
12.058872,71,254.004884,0.3047302673434204,0.0238654127643257,0.08173822687984034,0.23626456985333802,-0.012844617013577211,0.0003402925728679218,0.3345070422535212,218.90515014474278,1.0
10.656064,86,254.218137,0.3412516091871747,0.030335504717427873,0.07498186026624397,0.195314777955207,-0.024293541479972317,-0.026891002275644033,0.34108527131782934,217.54716372782812,1.0
11.397563,64,254.379269,0.29532570702250394,0.023398793049147798,0.06721781508313814,0.2413717059143655,0.01320776524267664,-0.006207440923633526,0.31249999999999994,212.18803189603523,1.0
9.68392,81,254.593381,0.3346316139054313,0.037178886674534756,0.09849227528724379,0.1992089850583678,0.006148191982611982,-0.027479656118050845,0.3436213991769548,222.75991955025808,1.0
4.748736,139,254.916576,0.40681838067055714,0.020215689092589775,0.05347922479540606,0.11628925905825188,0.008244377514917887,0.014711243241283681,0.3147482014388489,200.84045321114976,1.0
12.035958,72,255.098341,0.3138483067904812,0.021942603636956493,0.07232053606444314,0.2214921472181574,-0.014451722899047828,-0.00437941885793455,0.3171296296296297,220.2024973964412,1.0
11.047864,80,255.308245,0.33176005187839785,0.045999206325644096,0.08680684255235774,0.19640875815953063,-0.036954425510975615,-0.03547749487381114,0.32083333333333336,218.49076142802068,1.0
11.061077,75,255.486414,0.31672155510899125,0.020702691384426257,0.09083518170915743,0.21875605002686452,-0.012882977734178675,-0.0004066158899473717,0.2955555555555554,212.55452532734844,1.0
7.784193,111,255.752559,0.38394708807943495,0.0337251284430094,0.07125324548853147,0.1441711150936391,-0.020531168566879202,-0.009296328590507085,0.304054054054054,205.54295517224796,1.0
10.701793,69,255.957899,0.30250088911741885,0.04499039571052841,0.1089797917931498,0.23637232241724115,-0.03716020331002586,-0.04529877583672783,0.32125603864734303,233.24875229500324,1.0
9.450727,71,256.130854,0.31024455030077014,0.04352300747510918,0.11568312189398425,0.2261017152882593,-0.028083323629792843,-0.0066543900966242854,0.30399061032863856,211.0756439105953,1.0
9.968846,123,256.424358,0.39442937367859054,0.021197458342978988,0.06297450973680943,0.13260874312915094,-0.014441098995618545,-0.034739059469088125,0.30826558265582665,208.79161242641297,1.0
7.046178,93,256.682375,0.3637296876487096,0.045103022369582677,0.13885160322306467,0.16215346587556692,-0.03578566333063351,-0.08509646785738055,0.3216845878136202,224.20310982255708,1.0
10.617037,80,256.873501,0.3280977612671463,0.023119170337093976,0.07440076034992955,0.20601055441989433,-0.014467837415582002,-0.027632657300017426,0.290625,209.6008691786448,1.0
12.313509,75,257.061096,0.31779286679424784,0.017528470601511907,0.07962427829142239,0.21631406676895826,-0.00947963291358313,-0.02692291772106104,0.31999999999999995,212.34505320981697,1.0
10.132822,68,257.240568,0.30163345910055395,0.03750199162613425,0.12211028074518789,0.23325599153471585,-0.03177890994833463,-0.06706714988700997,0.32720588235294135,220.19574603928405,1.0
11.720711,68,257.403023,0.300338136686764,0.02705601698842859,0.07341578899453574,0.23817555950586394,0.004478204190899498,-0.04470915355476769,0.3051470588235294,214.42293505276007,1.0
10.886533,74,257.578547,0.3164004804286685,0.03056659916880809,0.11940372978925284,0.21894516117907303,-0.01258345695924583,-0.07535594342081772,0.3310810810810812,228.65222379038352,1.0
9.537141,78,257.774743,0.3305267545557659,0.04304030753461902,0.121675714614366,0.19912222688463269,-0.03634134748670189,-0.08464978032548726,0.32478632478632463,226.07364891998827,1.0
9.25288,67,257.962797,0.2990495609934361,0.056436129744401674,0.1545740015195896,0.24119724539805393,-0.05011422431486462,-0.10137588791707157,0.32960199004975127,244.56770756116472,1.0
8.365532,58,258.102961,0.27834850100995245,0.049608969394285225,0.1738311087377394,0.2664252775072966,0.0007723638356886163,-0.11524242173032855,0.31178160919540215,227.26981851367987,1.0
12.175692,67,258.263954,0.29901079790373813,0.031624392016292184,0.084536421049069,0.23982696298948455,-0.01242048503366952,-0.03294962339137835,0.3097014925373135,222.78687566107982,1.0
9.810021,65,258.452935,0.29432639285615314,0.03480221919814828,0.14577833286872255,0.2436178973998628,-0.030074578313416568,-0.10358937280114663,0.362820512820513,232.27819189281823,1.0
9.329478,94,258.686481,0.35755877711055994,0.023460704348217558,0.12327664036093468,0.17132181717755937,-0.010945107788300556,-0.06465561229476076,0.3244680851063828,221.69696517398805,1.0
9.885454,76,258.86992,0.3214195741283859,0.0422035641518444,0.09795632368846048,0.21182558440575314,0.015292355165076807,-0.04398353750290795,0.30153508771929827,217.53450346658303,1.0
11.851653,60,259.0183,0.28102070403203644,0.03187374522274245,0.1047497115198271,0.267787960174987,-0.021826779160968906,-0.058766577346809776,0.32500000000000007,221.67837623602006,1.0
10.405071,68,259.207678,0.30167449934354357,0.033089462768386715,0.09210209895413698,0.2355491219461604,0.0075026210746051425,-0.02765303571355672,0.32352941176470584,216.78512537480097,1.0
10.942138,69,259.373405,0.3071821080517256,0.03440269909363768,0.09119344469757833,0.22887919666963216,-0.0038107105284688183,-0.05812128598584372,0.3369565217391303,225.7421494973916,1.0
7.299529,82,259.572345,0.33355963026870267,0.04643457971525887,0.10248828589986285,0.20281425333246642,0.023657265473655615,-0.021388928421932154,0.3191056910569107,216.4868533507927,1.0
11.39447,61,259.720504,0.28792286771946013,0.017579803354102752,0.06233055309928959,0.258038871506004,0.011987657572770496,-0.0374072738122136,0.3210382513661202,215.7826521693931,1.0
10.985605,76,259.931366,0.3225468396770148,0.022658827223018197,0.09705108874204511,0.21434796248961285,-0.003906214460198719,-0.05195016334628854,0.29824561403508776,217.2902701933915,1.0
11.480793,67,260.098504,0.2958601715343312,0.029856140964529897,0.11400106440073654,0.24630541763727698,-0.0016480418714985602,-0.05284586784882555,0.32835820895522383,221.01894581179081,1.0
11.696834,61,260.239761,0.2805025833146335,0.02423045015656562,0.08921433073895606,0.2684690339621754,-0.015693415585819902,-0.028129241792243527,0.3292349726775956,222.21314512104087,1.0
10.171381,70,260.419609,0.300032986073853,0.03606157078532831,0.11186905893276153,0.2374153764256485,-0.007130816346368841,-0.05256426848310786,0.31071428571428583,222.59154667047633,1.0
10.058909,66,260.574577,0.2911213558291385,0.03937282070540707,0.1321576246582909,0.25251536952056364,-0.004673512546283808,-0.07522935429655311,0.2954545454545454,223.1945011758782,1.0
8.556114,68,260.731466,0.3025031496658823,0.04789187476792401,0.16819923376337498,0.23659344650281408,-0.0018948733324962118,-0.10361988603945843,0.2941176470588235,231.39578918211822,1.0
10.365051,63,260.880498,0.28536106130387734,0.03821242314938248,0.13749391548044104,0.2620422659075157,-0.01076995095574666,-0.0744126235076526,0.30687830687830686,229.8402631696589,1.0
10.552209,90,261.114218,0.34610753546253287,0.03069387502160654,0.10197469711359808,0.18522493152173286,-0.007473041424232651,-0.047753255646744534,0.2842592592592593,219.3537962715633,1.0
5.10754,67,261.26946,0.3041642936112358,0.07962635664186979,0.19984388456664393,0.23089046814102424,-0.06895057847482487,-0.12054869858919473,0.33706467661691536,250.7990806918071,1.0
11.125147,66,261.420791,0.2930060645549594,0.030567201716027274,0.12267207401623749,0.2501164614334094,-0.024705647983924675,-0.05064438240557524,0.2651515151515152,218.14106393082176,1.0
12.019149,66,261.57725,0.2885853063533876,0.03190057942637608,0.0952021098228833,0.2569283376188926,-0.021810840025305023,-0.03582886831870285,0.308080808080808,224.82531367610517,1.0
1.145125,59,261.740316,0.2755168163585435,0.11073943278666694,0.2368594628847699,0.2756845023123303,0.030193614084852733,-0.09942006095888659,0.2641242937853108,244.3759342130673,1.0
11.194832,74,261.923264,0.3121259238954382,0.03181560782596,0.10531542783917326,0.22545026842741592,-0.0067062725002437745,-0.05388757245535099,0.2815315315315315,219.7125586202094,1.0
9.720746,68,262.09403,0.2969243847605778,0.056664811084123946,0.13784082987859755,0.24602816959551485,-0.050622687627876514,-0.08159780828634229,0.2892156862745097,232.86260231890626,1.0
11.542475,70,262.76538,0.30188940926957997,0.022092523428329347,0.0807849446906533,0.23448389512685774,-0.006991844847621339,-0.030542846424275197,0.2607142857142857,214.23436805824684,1.0
12.053323,80,262.961319,0.3245210310248229,0.026896265226111115,0.08493697307883863,0.21409004594760694,0.0010433638923334396,-0.047859607513561234,0.26666666666666655,216.52037992789806,1.0
12.643419,64,263.12478,0.28893296241393995,0.026890476894669585,0.07153946168193728,0.2591736463707191,-0.020280205409211605,0.000674329828076897,0.29296875000000006,225.73422991274137,1.0
11.49881,68,263.291806,0.2972186324535767,0.03113116211703321,0.08271316190681212,0.24718541396929236,0.008166950403215818,-0.02856661899378438,0.25735294117647056,220.56997165770946,1.0
10.393023,92,263.539398,0.34767433807944215,0.016243397811245525,0.06638810109471457,0.19011855559129404,0.006026956847950608,-0.009162202183853557,0.2536231884057972,211.08434141715188,1.0
12.355899,79,263.727542,0.3224277706416656,0.030496612878428454,0.0721679385853988,0.2152565420770451,-0.025214043106760915,-0.03091695154146495,0.29746835443037967,222.90124097105277,1.0
9.372827,75,263.914178,0.319652774408763,0.06522181862235737,0.11553242278329512,0.21720936479437233,-0.05306084173444465,-0.0563869874986155,0.2666666666666666,220.67894786205784,1.0
6.967278,69,264.104036,0.3059628526663998,0.07578351320385673,0.15492307841702785,0.2312114237301488,-0.06657056908891759,-0.09857830802955511,0.2946859903381642,256.9036664816464,1.0
11.029808,67,264.270597,0.2958729330958765,0.04207839262081246,0.11477962943955625,0.245852155824375,-0.03460588073502555,-0.07311994066418935,0.2885572139303482,223.944161460139,1.0
10.547958,90,264.491871,0.3460687283439355,0.03665061494445925,0.09235673655048957,0.18714102419387524,-0.008082540702902988,-0.04387386967051647,0.29074074074074063,224.84087581518295,1.0
12.0317,65,264.648674,0.28574774188302254,0.03288476120600556,0.09615509584704914,0.2571534527482129,-0.012282584628004436,-0.030004205677693872,0.28846153846153844,221.73920107091212,1.0
11.186353,58,264.809783,0.268257245948569,0.03530279470658503,0.10936449741716867,0.28414296862629873,-0.0029958581554860946,-0.048278410425838636,0.2600574712643678,227.3676202973395,1.0
11.805488,68,264.980506,0.2986259380176412,0.034309049869726584,0.11492560692863509,0.23952069595846717,-0.02655820209152268,-0.07516927062959852,0.30637254901960786,225.89780736506134,1.0
11.734555,64,265.140274,0.2844368101022287,0.020291182628915733,0.10508551231075386,0.26004609102129445,-0.013428361327345517,-0.07678838716097224,0.3072916666666668,214.9722938836166,1.0
10.367471,89,265.384054,0.34437820681261966,0.031236496639121477,0.1290251899735117,0.18510144655582,-0.022697134533305786,-0.06967246048415456,0.2968164794007491,224.73007747805397,1.0
10.587177,75,265.568121,0.3172512161823953,0.024160950935192892,0.10002086182159806,0.21686237551274387,0.01047138373073831,-0.015497078999998762,0.30666666666666664,206.43477876542738,1.0
9.799734,61,265.723179,0.27745634154501025,0.04315418325078191,0.13031817936109227,0.274576060980605,-0.03313271625775116,-0.06842762195439865,0.3142076502732241,227.1154411645094,1.0
8.83773,78,265.912703,0.32369669096684295,0.03697743943369894,0.16405642982137345,0.20601451149704517,-0.004659601403254258,-0.0880745189117776,0.3151709401709401,229.75652121658683,1.0
11.877221,71,266.133445,0.30464427997202653,0.03916520229065388,0.10117229873296214,0.23762633272991932,-0.03104847754273053,-0.0489598970800797,0.357981220657277,217.37417401901672,1.0
11.155097,58,266.281368,0.26938408826681653,0.02810660006133488,0.10354048386727714,0.28718571934489867,0.0012320122460158654,-0.03887583324510509,0.30603448275862066,222.28170920796006,1.0
10.634849,58,266.423877,0.2728370590104432,0.02980800764962769,0.13170376500051564,0.2824203671330703,-0.011789632463606071,-0.06971081653728664,0.293103448275862,219.89112420467495,1.0
5.901456,74,266.605541,0.3185990042609245,0.06748815513378768,0.1050871573851639,0.21576821877991365,0.04590037756855474,0.028059819565426632,0.27815315315315325,220.38475755524397,1.0
11.498247,82,266.838459,0.3313473517233835,0.0186414714798838,0.06460749808043102,0.2012853980955754,0.0014020591045169777,-0.02881394316746652,0.30995934959349597,206.5086985740273,1.0
11.75994,67,267.003896,0.29189252557937073,0.032978321061517823,0.09586583810875494,0.2511494624941087,-0.02356502894433236,-0.019784597288016237,0.33457711442786076,219.60231238154432,1.0
12.028594,64,267.158626,0.2847496285099094,0.03516298063687017,0.09991241732296904,0.2587589285307802,-0.004318864503524126,-0.05990221850432279,0.3177083333333333,225.60890709949632,1.0
12.560506,76,267.358857,0.3156820075842271,0.020763991537815076,0.07334980308691702,0.22166920246616764,-0.015339490140455433,-0.022702143925865986,0.33004385964912286,211.1839062206343,1.0
1.617259,120,267.647318,0.3903765829922195,0.03033894099643391,0.06893287737828313,0.1347428885810292,0.025545608561494623,0.028829690583835707,0.3041666666666665,213.43850908370538,1.0
11.614529,74,267.825376,0.3083784041279849,0.01943545204711803,0.07138149430773791,0.22986864853083272,0.004376727401006188,0.018883252873779597,0.3277027027027027,217.4761412101148,1.0
11.642571,65,268.072395,0.2923976229353763,0.016251842110776644,0.05524104754981346,0.24901637450157102,-0.004110929863002671,-0.0031305633334952434,0.2820512820512821,213.52679460130418,1.0
11.644853,67,268.289858,0.30052294783576006,0.019256095281530945,0.055176977014921524,0.23635385478915252,0.002969593612251355,-0.018551154129953677,0.3196517412935323,208.9724114919272,1.0
10.619201,84,268.495861,0.3404915568453679,0.023923115576395718,0.06311128843422345,0.19191971336379124,0.0062781658236041645,-0.01292666654500918,0.34027777777777796,210.43084869440892,1.0
11.486722,63,268.648504,0.288686142228365,0.02803730687889357,0.08927691158630868,0.2443067879447722,-0.017227921479353026,-0.013177259140357424,0.36111111111111127,214.84790310257694,1.0
10.332811,57,268.797981,0.2718956249425523,0.029681200569137024,0.111868551608748,0.28993716822274795,-0.016082128863764703,-0.008534019087527378,0.3362573099415204,220.0569440086679,1.0
9.929395,108,269.070041,0.3804419418461812,0.04466195028181879,0.08123946281236503,0.14688770438630133,-0.03410241986860162,-0.04129088261643789,0.3665123456790123,220.26465979051665,1.0
11.879589,63,269.227436,0.2888710733842725,0.03444713709218386,0.07172251778399844,0.2536271184355253,-0.010289630267712542,-0.010139604603175553,0.3611111111111112,217.82588692698357,1.0
12.674818,69,269.409094,0.2996287518743046,0.021811129044177726,0.06796908638276018,0.2339669654987631,-0.013933076507256373,-0.012869794226659648,0.3695652173913044,218.44351462589424,1.0
10.474416,84,269.60528,0.34264924224383675,0.03074358097531489,0.09256141371526462,0.18660110571743738,-0.02065937141160174,-0.03850002629804665,0.35714285714285715,209.2880435178732,1.0
11.197428,67,269.758219,0.2982771182555325,0.025762780564661615,0.13533284115052385,0.23971789204602556,-0.01811125690434952,-0.09216186937067761,0.35820895522388047,221.41296165610532,1.0
11.179954,62,269.903973,0.28533228411123274,0.017637161138849236,0.10433601605719056,0.25629457325145905,-0.006820347700102791,-0.056884161244463445,0.37768817204301075,215.69528215786306,1.0
8.454193,113,270.203729,0.3846771061760825,0.028568590182171647,0.0959770758924187,0.14203917094565066,0.003301672574391675,-0.011323725994029686,0.37610619469026535,211.43603920396058,1.0
9.80869,85,270.415515,0.3488038751739085,0.054596418012414084,0.09850829007897637,0.17867771270493918,-0.04711788589369921,-0.05206988967754621,0.3715686274509804,228.4635265883669,1.0
10.639396,79,270.616124,0.330243631916007,0.059413638643130186,0.09023191883339125,0.20431689965391342,-0.04739099018275726,-0.052094812237588856,0.3438818565400844,215.42728907008095,1.0
9.434181,124,270.929674,0.3955049489551143,0.021592859720173864,0.07157646383528295,0.12756534322838137,-0.014089608315256375,-0.022555554776350538,0.3823924731182794,211.75974674207976,1.0
10.666316,64,271.085437,0.29220650913282864,0.0379808252258874,0.07507990995835538,0.24324079432371962,0.015446090662131913,-0.0018395960779924473,0.3515625,211.12102119705358,1.0
9.279186,103,271.359116,0.3766396688033841,0.04413285209485574,0.09458705384563301,0.14848254707634395,-0.034830913077234134,-0.04747045982929752,0.3859223300970874,228.67237872030708,1.0
13.142767,73,271.535699,0.3057175015345659,0.020762755547116225,0.07349064089198495,0.23053411946711003,-0.01211241318503318,-0.023662237917186933,0.36986301369863017,212.3280448455026,1.0
11.718667,67,271.692778,0.3005863807985427,0.05331980246532437,0.08771491053746511,0.23458562807885613,-0.04792774339894554,-0.038889050579346884,0.3768656716417909,228.09101790893072,1.0
11.53608,90,271.90702,0.3500162108911831,0.023934261229440878,0.06435023445088425,0.18238018288163782,-0.011405274433994372,-0.028692286337949652,0.36851851851851863,217.0712150610723,1.0
11.370335,76,272.122098,0.31821155915315175,0.03958705969685994,0.07641606897575712,0.2164139693600301,-0.003669398317388436,-0.013682617873247632,0.38377192982456143,225.00879465329112,1.0
11.359143,70,272.295907,0.31030948163207644,0.020941684580120648,0.08321110726689297,0.22603079576685217,0.008764078435485097,0.021309533833874773,0.3452380952380953,208.0157507349951,1.0
11.169923,84,272.49767,0.337788510429962,0.0391384438157946,0.11094259973825915,0.195445935169089,-0.027061439990610746,-0.04986237754941762,0.3869047619047619,229.41817786518857,1.0
12.315764,59,272.696613,0.2740383204720723,0.01607310526998807,0.05668794958141517,0.26781509097327255,0.003744145711755651,-0.006707431119895087,0.3587570621468926,212.28734541345585,1.0
9.434069,94,272.928732,0.3599432570456863,0.05878630059022101,0.08189175457465153,0.1711072746756847,-0.04395729036969274,-0.03304060489574367,0.3785460992907801,211.79498740330877,1.0
9.018965,80,273.133755,0.33657850285246116,0.0700874260389269,0.09886801909639727,0.19561639701751304,-0.05512361301743224,-0.038978427190503345,0.378125,222.90263313730443,1.0
11.362491,73,273.36033,0.31600234262081733,0.04072070223189241,0.08656834387617951,0.2173646396760402,-0.033044137479215765,-0.012580226858994174,0.386986301369863,214.87359420734086,1.0
11.978308,78,273.555475,0.32637082248910165,0.015603771564334385,0.061489095727328885,0.20744497621292277,-0.008777930160201465,-0.02205667303935649,0.3611111111111111,210.58119510956217,1.0
10.863647,83,273.749677,0.340886423547803,0.03458913712338011,0.11240422686120988,0.1865164553030083,-0.029400737765785816,-0.06416976508501797,0.37248995983935734,229.75922309469325,1.0
9.392123,75,273.927763,0.317242377525428,0.03686116143961407,0.11380644536755341,0.21684113146813264,0.013625724680844312,-0.017887920377247984,0.3777777777777778,216.10744915403544,1.0
11.519617,59,274.099428,0.2747691216602116,0.041307183784237374,0.11932187641888313,0.2694335451530912,-0.03695798495805811,-0.039911777274051055,0.35734463276836165,229.87285108897007,1.0
12.913265,63,274.271028,0.2836836422406083,0.04345215643207935,0.08606201756215097,0.25966024178066865,-0.03552778424381663,-0.024838171294076138,0.35582010582010576,219.80776099718648,1.0
9.230107,70,274.439606,0.30935781555629366,0.045963995076903685,0.10378523889190935,0.22153012699822436,0.024670553020104836,0.009758361267893676,0.35119047619047616,212.25490154581306,1.0
11.872745,63,274.596536,0.2787414791684624,0.030096657694605188,0.0916935537931404,0.2678022288394122,-0.008099678459935464,-0.017838640029459424,0.3425925925925926,229.56257259687706,1.0
11.450158,70,274.796597,0.3007866530888792,0.03505010755163698,0.0845220466357214,0.23736039790421729,-0.023260932134255133,-0.0137371719208941,0.36428571428571427,211.942516238898,1.0
11.368913,74,274.988038,0.31918148666999646,0.023475064095921875,0.07684499454571546,0.20935371384395593,-0.0007645308516216866,-0.017792339790172317,0.3457207207207206,209.13887971088644,1.0
11.91056,69,275.160878,0.29903129915039717,0.0343577504249663,0.08359908984432067,0.23931353216374018,-0.029256387500401205,-0.04216677712028916,0.3562801932367148,223.33936481139386,1.0
12.535029,66,275.348775,0.28779528286461,0.014982353595682191,0.06594633879985551,0.25392915026714236,-0.001244569715279509,0.0039013588867530258,0.3522727272727273,215.47191558594852,1.0
12.127574,67,275.510514,0.2967362015713672,0.023214028109807737,0.10238253629039817,0.23988873706217217,-0.015917679921332067,-0.04165564079520391,0.3694029850746269,214.1459302377575,1.0
9.242152,74,275.689556,0.3233952328804774,0.06049887443130503,0.12926652530262953,0.2079909259525081,-0.05010718318028908,-0.07909536249849858,0.36599099099099086,229.19427767651516,1.0
12.000185,79,275.875884,0.3266044737322426,0.020989103409964828,0.08756658126794759,0.20520703071603955,-0.016427817116144685,-0.029711003089476776,0.35970464135021096,208.62832336410216,1.0
9.875492,78,276.108603,0.32896070199745614,0.05526178405143429,0.10992282112986806,0.2023420925291992,-0.04454962418717699,-0.03851930416832283,0.3408119658119657,214.79492005783476,1.0
11.583129,87,276.318572,0.3390874658335701,0.028574212153882835,0.10191086209171783,0.1935016374800761,-0.024734684015494245,-0.03424539817899502,0.36302681992337166,219.59217612542224,1.0
11.367768,75,276.504361,0.31680515403705645,0.026917472864085485,0.10005542053442473,0.2150708292615948,-0.001319994856816893,-0.017178584778456574,0.35888888888888903,215.93682095545574,1.0
12.607536,70,276.703395,0.30224907916418725,0.025356982193593728,0.08705204454819514,0.23470836919036167,-0.0017778639442760603,-0.03713106583450606,0.33928571428571436,219.4940916031949,1.0
10.756159,78,276.894764,0.32597618685631014,0.04536353781982943,0.0945909116921066,0.20407019859573047,-0.03906985200101956,-0.028789374609103753,0.35042735042735046,223.25841538194794,1.0
11.570586,58,277.04345,0.28318431603039024,0.021552741486046845,0.08085227416424494,0.26093602419245954,-0.009034677502510314,0.010311936044901195,0.3577586206896552,207.79533357932212,1.0
11.756998,67,277.210442,0.2874918437778131,0.027272975871387675,0.0901914808855041,0.26146710825815267,-0.011459290520706992,-0.0020211929439019082,0.34328358208955223,220.91101049474466,1.0
3.848414,112,277.52588,0.3838775376097136,0.033557417309649715,0.06384442578907301,0.14295311721474444,0.02829034202392295,0.021129800730819374,0.33482142857142866,208.35900031104174,1.0
10.089531,55,277.657137,0.2676260394994506,0.024976603451647848,0.1138106661921819,0.2957353224771285,-0.0013345462899875351,0.041894529207060056,0.3333333333333333,218.05350227151152,1.0
10.331081,65,277.809537,0.29827037063770867,0.06750870319502296,0.10567638985759198,0.24543548871099483,-0.05534556162883449,-0.06854795360057737,0.35256410256410253,220.11365429473662,1.0
12.19621,58,277.970868,0.27237290169804673,0.014647775901622017,0.07245382878737813,0.27627247318674875,-0.0012351647056542856,-0.03136332201525803,0.33333333333333326,208.97291807797217,1.0
11.96937,66,278.127856,0.2946535960076895,0.032028854000491276,0.0945266159318177,0.2473600164083146,0.009598951530046052,-0.024136275423749055,0.3547979797979799,218.4560975328565,1.0
10.920685,76,278.319454,0.3229205640065772,0.04560536733749436,0.1059804280054911,0.21326134671870994,-0.037061459870978995,-0.05999019202987086,0.37828947368421045,224.11367537895526,1.0
11.68335,62,278.471418,0.28653299517800856,0.0143011856921049,0.07446303945686622,0.25440071447633467,0.0032482420410499284,0.02454947093870392,0.3387096774193548,214.53398918733927,1.0
11.678315,65,278.670201,0.2958052876243245,0.023082091331465243,0.07467440344367997,0.24408838083765622,0.0024424522582096003,-0.006069573869882444,0.3448717948717948,218.68514345380387,1.0
12.080206,61,278.821596,0.2871255406947413,0.022651369035215863,0.07881281535305773,0.25485189321224994,-0.015362399935281674,-0.022975041538733153,0.34426229508196726,216.09838070953748,1.0
11.419681,64,278.977274,0.2859084512772164,0.034924650268237156,0.11443525964400117,0.2634244257119785,-0.017915201989851245,-0.037199136011200985,0.3567708333333334,235.56124818313393,1.0
12.733433,68,279.152835,0.3037155150730496,0.017597881665463822,0.07284301855826109,0.23439950625983327,-0.002438201484325144,-0.025867954114579473,0.366421568627451,212.4468953305472,1.0
12.492122,75,279.376264,0.32085089862658217,0.025223321511867635,0.08573284641220416,0.2134342440977153,-0.015202978924720603,-0.02784619236399985,0.3377777777777778,210.10623274987165,1.0
9.655307,79,279.564217,0.3324083573874694,0.05352356516317803,0.12218243390982204,0.19775865779426707,-0.04204189405388125,-0.06515113827236808,0.3481012658227847,225.24972537005522,1.0
11.65109,56,279.701802,0.27334822446705315,0.017729760892056332,0.06634899911119664,0.27870901241689416,-0.010491548472746493,0.0030698143031970895,0.32738095238095244,216.9839382312187,1.0
2.966675,164,280.131835,0.43008873770376665,0.057337415248323795,0.057313555805201415,0.0860841409489112,-0.03439803131411558,-0.023623289640838967,0.3882113821138209,209.3931484885875,1.0
8.117654,73,280.309455,0.323325205026506,0.07103934523670759,0.13085496746705036,0.20385648331941977,-0.057907423845547035,-0.06716197001399178,0.3858447488584475,234.24858460089706,1.0
11.642936,73,280.483708,0.3121877777489078,0.03391142245677753,0.07137888966582247,0.22693449303055463,-0.028028693213980497,-0.036803929217737105,0.37442922374429216,222.22536225602312,1.0
11.021653,78,280.696709,0.32842408712930693,0.04688877172064944,0.10852369625522873,0.20787632676365406,-0.039244971118571226,-0.05647733944585809,0.3803418803418802,242.23802955975515,1.0
11.150474,68,280.853979,0.3051558235880481,0.036267873094669806,0.09346881277111296,0.2319548956648514,-0.025432721657423614,-0.003677000551276493,0.3725490196078431,216.960796631475,1.0
10.445242,93,281.066377,0.356407006121513,0.034763723598715976,0.06962109596300681,0.17414308854307656,-0.02639690416386445,0.0025051585688301496,0.3539426523297491,210.06451782587243,1.0
11.726726,91,281.307171,0.35192687741458145,0.02134019797240681,0.07667895233179978,0.17739795268553119,-0.012774093789933707,-0.008565161387487467,0.3745421245421245,205.81608203177257,1.0
9.327467,73,281.474953,0.3186990224708945,0.05314340735836264,0.10945230815308316,0.21546103640597292,0.01958780584002191,0.0030693602875168555,0.31621004566210026,216.99465892878268,1.0
10.062644,95,281.688771,0.36037826018431507,0.025508257000568205,0.07840296869934779,0.16888525432205542,0.005114300826469705,0.004425924914670304,0.36140350877192995,213.32709432036276,1.0
13.12773,71,281.879152,0.304111386102124,0.02138219216829964,0.06561559196383383,0.2320083622365424,-0.0158670917057099,0.006711515074674843,0.3661971830985915,215.6176338811495,1.0
10.80135,66,282.037223,0.2919637922026056,0.0349549641378649,0.14776200132889047,0.24770894827604767,-0.01264991280174728,-0.07052898001516976,0.3648989898989899,234.19146002118993,1.0
10.631519,69,282.205545,0.3033823045077532,0.06694526502841179,0.09284757539263744,0.22965470210740158,-0.053283745624050124,-0.04378238229082813,0.393719806763285,225.86589635193218,1.0
13.001476,64,282.368203,0.2901181046562453,0.028289740639992723,0.07916564040234336,0.2513570190239448,-0.018301652052644377,-0.04314744524397832,0.33203125000000017,216.66435691686863,1.0
10.181168,79,282.573878,0.3349584543957888,0.05584448155149943,0.10101215956150371,0.19353269652389327,-0.0488340368807273,-0.04022143499736678,0.3681434599156119,230.81272038181874,1.0
12.616729,64,282.729858,0.2946275531277687,0.022790171267353266,0.08547692192903583,0.2493041989980505,0.0022349538377349435,-0.022264668685269957,0.35026041666666663,207.66630971910604,1.0
13.201327,70,282.889783,0.30570030572476453,0.029733567679278733,0.08549882894908814,0.23156930640421508,-0.024961718329904438,-0.014512534469430042,0.3630952380952381,217.0858564371885,1.0
12.391711,66,283.079091,0.2987796740424075,0.013870072681299668,0.0828485324575399,0.23943989207823108,-0.001340670506463942,0.001932733618875297,0.3611111111111111,213.2625802074984,1.0
11.309931,89,283.296767,0.34726149385582805,0.025098402692631666,0.09453921540013384,0.18337794684613887,-0.0022866976598885196,-0.020179324202565553,0.3745318352059926,226.37633796562758,1.0
12.225982,80,283.489588,0.33625514787309857,0.033779945674531166,0.08578133732413865,0.19682227365871363,-0.029299019431452383,-0.04622806030212383,0.38125,221.14203843808315,1.0
1.086015,104,283.770221,0.3946617074781568,0.0979282423802572,0.099342396008125,0.12694226440590514,-0.06880754268277603,-0.054905672100959084,0.38541666666666663,245.36375072002764,1.0
12.859238,69,283.939629,0.3022340537667769,0.033108224250858014,0.08834182525127963,0.23943428280003415,-0.024403345142384198,-0.040815576043502104,0.36231884057971026,222.9656980542195,1.0
12.860571,79,284.148063,0.3303901705663899,0.020710617249177655,0.060275749229638825,0.19989985560478,-0.012086896590262516,-0.011766159991691038,0.3691983122362869,215.5004652567964,1.0
10.319343,85,284.356439,0.34303488402946253,0.03343359400356775,0.0933176226855649,0.18861344107216413,0.0008520470219573091,-0.03367862772621755,0.39803921568627454,215.08396761223725,1.0
10.052678,127,284.688277,0.39706821869921305,0.019731560345272982,0.06475949067450341,0.12619345891500616,-0.003922177305412125,-0.007777611802080052,0.3891076115485563,214.07915827229806,1.0
9.441514,87,284.896748,0.35015626945289285,0.037469802168268715,0.07984363823254251,0.17904167700106072,0.01632710344575774,0.01848231781542892,0.37643678160919547,207.02061574610775,1.0
8.921178,129,285.244109,0.400347939578855,0.03345090675402239,0.05932910194327461,0.12395185473378642,-0.01866740230611647,-0.023768922430384906,0.3811369509043927,203.23789180362928,1.0
11.789348,62,285.399924,0.2831060973644771,0.057014525220786934,0.09020721666821833,0.26115105005960804,-0.04035850039593683,-0.035318445875690274,0.36962365591397844,214.57669322808485,1.0
11.260662,68,285.568182,0.3001754112481582,0.042673416825285,0.07585451153393374,0.24168722032859424,0.01831506097140145,0.002294268636112909,0.36274509803921573,226.5793913642709,1.0
10.897684,68,285.765249,0.3029346369245283,0.034942093611709114,0.13651941873744644,0.23219854008329238,-0.027706823482215162,-0.05553314478624278,0.375,225.03024115181472,1.0
10.824308,65,285.926088,0.2979451734266845,0.03383759890179757,0.11212373512549852,0.2378706130344828,0.0037061635633361036,-0.04989027229434123,0.35512820512820503,220.3660987651257,1.0
12.802393,60,286.081155,0.28099108600302314,0.011431940460480067,0.07607333731997175,0.26579193430368286,0.0004534043063753801,-0.01652593915366752,0.35694444444444445,215.9023707597968,1.0
12.968819,63,286.242042,0.2860298242634467,0.01647234529605344,0.08740776101151274,0.25374838128201255,-0.0049750943084662285,-0.027856625657653768,0.36375661375661383,217.47833642708707,1.0
9.670543,59,286.404347,0.28513237562136734,0.07554825177599869,0.11481601613144617,0.26364033380274365,-0.059539003192752744,-0.02493492942230294,0.38559322033898297,223.69366445710443,1.0
10.760399,63,286.553631,0.2914526533857755,0.04193781170642391,0.09688220644432367,0.249705063994827,0.013817019297640438,-0.0005618619972765615,0.3531746031746032,221.5462568959794,1.0
11.900871,60,286.693723,0.2827454644763754,0.027438161468115313,0.12109544603078806,0.2631373583576013,0.0014029045707570993,-0.05976331939872343,0.34861111111111104,218.98678978500317,1.0
12.578719,64,286.849509,0.29072984150723935,0.02539817499395387,0.06542955186050903,0.2549917189750054,-0.020106032494207355,0.005908252679404246,0.3736979166666667,218.82555886155083,1.0
10.392625,96,287.125372,0.36330447224895407,0.01925470717460276,0.06600311193401101,0.1673635516640656,9.59564029053804e-05,0.00030431408263194873,0.3819444444444445,209.80656264428455,1.0
9.500225,58,287.279178,0.2827879427404195,0.053368124971300245,0.12958128902663346,0.25614031495636075,0.01926244744705232,-0.039646792210021216,0.36350574712643674,218.29583423333153,1.0
9.762926,72,287.464031,0.3222457700646885,0.04457404728116003,0.13375574284163583,0.21078819553033618,-0.03529753770365343,-0.06555546718818013,0.3912037037037037,248.53071585038737,1.0
12.390331,74,287.651519,0.3200874495770651,0.03206556261042755,0.08769320485372087,0.21693008695857072,-0.017446854851370142,-0.041327397449309314,0.3795045045045045,227.04511676498396,1.0
8.963831,66,287.833818,0.30508055363922626,0.06104495539560738,0.15214251175305046,0.22703519139538655,-0.05004053037753123,-0.08097652662728388,0.37373737373737376,236.86050501039745,1.0
12.922735,72,288.007857,0.3141275680419785,0.02229498607114483,0.06982892240216673,0.2215945783072254,-0.013997614266167397,0.01645309991708194,0.369212962962963,217.93016906399745,1.0
11.398994,67,288.169904,0.3019904183538028,0.03640331730285518,0.09134469236518425,0.23304875153878404,0.011548455078315596,-0.007960554798628033,0.3644278606965175,213.40408631920798,1.0
13.017101,69,288.35504,0.30641924758122846,0.02018680507423216,0.07347782135483055,0.23222480773884122,-0.0153880498563661,-0.021551219907785458,0.39855072463768126,219.0002734137544,1.0
11.796746,77,288.540817,0.3304858745535137,0.022654954759458442,0.0708692953063495,0.2010212135518107,-0.008890551862497731,-0.009051082452323512,0.395021645021645,212.59333007283448,1.0
12.207425,66,288.703827,0.2977005335308616,0.014748898546784942,0.06147113387955328,0.24707781024581066,-0.00340181804647152,0.010692205709418007,0.37752525252525254,224.76254837313803,1.0
12.365655,73,288.880324,0.3199423952799187,0.02075709864713224,0.07246578621843273,0.21243539192750097,-0.007454576215334256,0.011157855529757406,0.39840182648401823,211.9969135742631,1.0
12.189907,70,289.066514,0.31381692384624565,0.019451235514110647,0.06533720424585875,0.22398087038996803,-0.005274521667818975,0.0007297776337891762,0.38333333333333325,214.9037474594793,1.0
12.113085,68,289.235143,0.30339470798051477,0.02920542628370513,0.08113971138757184,0.23955220495627227,-0.0092958990249792,-0.01706801683109191,0.3958333333333333,233.5783683530483,1.0
12.815869,72,289.432701,0.31693244248582464,0.021853416914425636,0.08527848790513137,0.21653263896301758,-0.012605619713801933,-0.0029125749855206206,0.3946759259259258,218.09342769987623,1.0
12.535169,74,289.634108,0.32036958028698537,0.03570548437757134,0.06611630726697891,0.21385873195520397,-0.0293146951132801,-0.013011096942036102,0.40427927927927915,229.41710081777376,1.0
7.911972,67,289.812461,0.3155954182929322,0.0871915579957414,0.12171128795941279,0.21932425224167068,-0.062238495776682244,-0.07742430364888325,0.4104477611940299,229.13567578927166,1.0
12.672155,62,289.973627,0.29204509800824063,0.03564606347565555,0.08015322241376285,0.25545450335360004,-0.027386082982811,-0.012527634631561825,0.40456989247311825,224.70711111006526,1.0
11.57138,65,290.131268,0.30411176376431565,0.047160767524915694,0.07175956566671668,0.2343247647048081,-0.03441856312639013,0.0048659988035139965,0.38333333333333336,221.56018310146263,1.0
12.30229,70,290.315975,0.3143066713358822,0.03248988255449695,0.05661045572709228,0.22078443235993764,-0.023020983986352345,0.02080490406798135,0.40952380952380957,220.18087054423793,1.0
11.670972,75,290.504164,0.32974328301851724,0.034334196659354464,0.06794870201733577,0.20552223434018707,-0.028278056623032177,-0.01193491543329873,0.4088888888888888,225.61744706935326,1.0
10.065908,57,290.649017,0.2921425423319415,0.06674048566833796,0.07597065082459047,0.25122496901500924,-0.05361968237140295,-0.001268826857882555,0.3961988304093567,232.51329463561063,1.0
11.837675,80,290.848429,0.33604085749932283,0.029876864936997618,0.08250168387344715,0.1939644998393043,-0.022855550033388,0.011221213044732668,0.4125,221.3807024459971,1.0
7.789534,83,291.062936,0.35729244595693926,0.07331252183803186,0.07384207690214804,0.17236844696873663,-0.05673051998635056,-0.006365310793046115,0.41566265060240964,225.45773849264864,1.0
9.073081,79,291.255786,0.3451629810394979,0.06034068048511342,0.07047874590258386,0.18109088147860422,-0.038447837380753656,-0.00046376175896682865,0.40084388185654,208.46464600544917,1.0
11.541285,75,291.436778,0.3275229453160896,0.04861812287516246,0.07419105587922133,0.20663342011844604,-0.035000012649402695,-0.023352473278102494,0.42444444444444446,222.61831107995667,1.0
12.485116,76,291.645892,0.32240853223778454,0.027051197181476527,0.0692718196474706,0.2154065121543557,-0.018431248715205188,0.016642902543354553,0.4100877192982456,226.0693103020868,1.0
10.84229,99,291.880996,0.37350184505677936,0.032605917279698464,0.061551343232664917,0.15358591548276113,-0.025010290746650874,-0.023370478486386355,0.4292929292929295,217.23505192710323,1.0
10.872076,71,292.050724,0.31545810050317735,0.028963126368640082,0.08302073685318084,0.2172266414352091,-0.010453008466112856,0.027869023373437624,0.40492957746478864,226.42507398306705,1.0
10.759633,97,292.323673,0.36532983168771943,0.030633758890943334,0.06207480646201957,0.16334146092702767,-0.018902512528358978,0.0016728640608999444,0.4243986254295531,211.732961375372,1.0
10.43856,81,292.527496,0.34501076759110744,0.056824732640891946,0.06786727639113299,0.18394559046088912,-0.04047978845733367,-0.020228721860386902,0.4156378600823046,218.73130748881408,1.0
9.911909,104,292.781397,0.37449423861952247,0.01861415848562332,0.050155161421584056,0.1569372333774876,-0.009551349343671155,0.008796461917514615,0.4350961538461538,206.99413941217227,1.0
10.014452,77,292.990477,0.32992887813757543,0.027931214779309366,0.09069264516083674,0.2037210557277291,0.015357269557673662,0.014773388060481217,0.4047619047619048,219.66593625440967,1.0
11.721343,77,293.176597,0.3256371755927024,0.021257367186771337,0.06611591458699449,0.20831465239564834,-0.01492195335718925,0.002063165874506474,0.42640692640692635,221.61451033024645,1.0
12.013285,72,293.355778,0.3228529483336735,0.02627942407843051,0.05215394286184861,0.21104788160029997,-0.018237137746936367,0.013047100063895777,0.392361111111111,214.1087460289009,1.0
12.49882,67,293.519908,0.306076163922331,0.03494524503060198,0.058308806381693126,0.2292177571118375,-0.026933691837154678,-0.0034061262942384225,0.400497512437811,222.65688389005808,1.0
10.382067,79,293.729929,0.33956519494165044,0.05514783566373465,0.09038030587034072,0.19498652536384792,-0.046936179771861104,-0.045487502685862095,0.4071729957805908,230.14033012567262,1.0
11.175851,82,293.930047,0.3435896986404754,0.037954808709023215,0.061142594339386375,0.1887771775701824,-0.028379002190775764,-0.013485795463291046,0.41666666666666674,216.4520953218237,1.0
10.194069,68,294.092531,0.3168910968083444,0.06656077690373395,0.073464562134713,0.21694495999951643,-0.055332930283047324,-0.021791414558359385,0.42769607843137253,233.6277501820729,1.0
10.741756,87,294.331649,0.345696750179938,0.014518988180941226,0.06254949934422978,0.18636261037520063,-0.005814859051701377,0.02246800847990543,0.4109195402298849,216.06938341936328,1.0
10.668093,62,294.480067,0.28642471062908903,0.01273469818228764,0.09789505271475135,0.25373196005634185,-0.000485149265348756,0.038513653842732566,0.3763440860215054,213.7998902437051,1.0
11.614208,69,294.650524,0.3079922174034126,0.03790674255498381,0.08650233084590793,0.22679444129474852,-0.028302271607327574,0.001315841934688167,0.4070048309178744,218.65847025579345,1.0
8.94468,72,294.850818,0.32350325436005006,0.07109017190241008,0.07504964847500026,0.21096119269174296,-0.05343450076096015,-0.019053682573778263,0.39120370370370366,221.62805248092386,1.0
10.170897,79,295.058092,0.33389431945393855,0.039809585945396804,0.08926883577517278,0.1975588925186988,-0.024016508155736353,0.015578747420774426,0.4135021097046414,215.89025010211813,1.0
11.605207,61,295.213542,0.28163992418696004,0.01407061255834472,0.0655246391135771,0.26626903750322134,0.005880268800042033,0.03329275513314913,0.3852459016393443,221.08132733451347,1.0
12.242844,81,295.40954,0.33412878856782613,0.03368865561964041,0.061868231940215374,0.19923560733991294,-0.02767037815090192,-0.006333481513127087,0.4146090534979424,218.2551113315111,1.0
12.477873,70,295.598622,0.3059420988665412,0.03695124462889779,0.07756037448857755,0.23084040383788101,-0.02762666992393229,0.003119591763134391,0.40714285714285714,221.33736035897002,1.0
11.155251,65,295.753603,0.2894016146317556,0.023447074722517204,0.09136601259283468,0.2558328645833927,-0.012862410408630067,0.009089884987816467,0.3846153846153846,218.85125623299973,1.0
12.017477,74,295.932381,0.31498762036916317,0.02048314721326066,0.05902477983266426,0.22142630778956277,-0.010610933900020743,-0.01908017734108346,0.40653153153153154,211.14355176442012,1.0
12.247498,66,296.097937,0.29306317413993943,0.045032820711993465,0.09955792268651774,0.25181480564944164,-0.038426965958593504,-0.05525956892050516,0.393939393939394,234.46302456784676,1.0
12.684508,65,296.282894,0.2967763817163377,0.01570673463467393,0.053495950634422994,0.2459374674264159,-0.004744604490429094,-0.010985487570225213,0.42435897435897435,215.0740913298607,1.0
11.679751,57,296.425048,0.273465732647326,0.0405557462663242,0.1073213838346599,0.27454214980371466,-0.03327863439528722,-0.0472337199229674,0.3669590643274852,219.2832163547144,1.0
11.009225,99,296.66654,0.360622726402808,0.024423927517612284,0.07338702698373706,0.17174645869708813,-0.01779975699378371,-0.01765459963674716,0.4250841750841751,214.46731941321494,1.0
11.336561,63,296.841254,0.28871772648682165,0.042353540936015066,0.0827141130508419,0.25104699130540137,-0.02676179856429544,-0.004166456779468227,0.41798941798941797,213.69044780576294,1.0
12.340976,63,296.99303,0.2907664924382031,0.035278036146897535,0.08497715739041294,0.25559804802031894,-0.02834219712859568,-0.0005762933115697636,0.41005291005291,221.90477885267128,1.0
10.571136,61,297.148309,0.2868576326207426,0.04310802745388874,0.1253101011758566,0.25450975796365727,-0.037275968153884294,-0.08742774314685525,0.4193989071038251,222.4802760369541,1.0
12.118236,60,297.297899,0.27799145727165786,0.02395221935357636,0.06668164261258265,0.27503045894941214,-0.01529485868838044,-0.005817832373682113,0.38611111111111107,220.8465525160492,1.0
12.040815,57,297.437124,0.27058806849955347,0.019845926513561284,0.06555224934640398,0.2861472406422709,-0.011677472645832458,-0.011591840657417892,0.40204678362573093,224.62425350028715,1.0
12.888897,63,297.625893,0.2817356871709672,0.02391431277468055,0.06219151983591485,0.26086818364410735,-0.012768379124311969,-0.013084053345215313,0.4047619047619048,220.50750522611165,1.0
11.333533,60,297.771229,0.2844300039432334,0.030673264371141293,0.11654384209257479,0.2675898231467897,-0.02560092298063403,-0.0502546155568953,0.41666666666666674,231.7694389727685,1.0
11.030894,65,297.936719,0.2892741795342272,0.046945943534008695,0.1117883759229894,0.25110047174297456,-0.04218466936460536,-0.06992681647311658,0.40384615384615385,238.43273037911288,1.0
10.714511,58,298.144224,0.2679586699681407,0.04958809773896514,0.08986852451988324,0.28974047088225835,-0.03801710605628848,0.0285905258161593,0.3936781609195402,226.20532384481015,1.0
12.631406,69,298.403493,0.30110999390426973,0.012954849115982452,0.058506981257942445,0.24046611027362794,-0.0013940584238276168,-0.011411309255739443,0.4118357487922705,208.88964635839133,1.0
6.621831,59,298.54421,0.28004615595859567,0.04829100400940565,0.227554158146713,0.2818388707305257,0.006754229697794871,-0.09698199414501223,0.3997175141242937,234.71961814555823,1.0
12.548732,59,298.677606,0.27656195610326695,0.024847944680213244,0.06713212173423218,0.2753497390727263,-0.016238260148023823,-0.01360304017089713,0.3742937853107345,216.53236591809787,1.0
12.233889,64,298.831459,0.28554215224825613,0.020655927320127644,0.09736243637532019,0.26392450933121236,-0.016080675348608617,-0.06918869592619775,0.4036458333333335,225.16131504161308,1.0
10.864164,97,299.098289,0.3568371061869096,0.017210891453754134,0.0822016852557908,0.17700681029017137,-0.0057077904298038435,-0.012590991153201048,0.43728522336769765,215.54179555915718,1.0
10.639122,64,299.250461,0.29854465269564695,0.027219133298834252,0.13998095981415223,0.24358497000050225,-0.01512527117446219,-0.07787702519536792,0.39453125000000006,228.4908896450835,1.0
11.803199,60,299.384995,0.27466741766835007,0.016611205244192247,0.09012258215749498,0.27747771802342763,-0.0049284626191033465,-0.002694923197148907,0.41527777777777786,222.95387452492392,1.0
12.533662,61,299.553508,0.2793483528027345,0.03502752842773978,0.08554679725150445,0.26862895481901516,-0.02675013807615738,-0.029407418072046543,0.40983606557377045,214.83532704968394,1.0
10.65667,67,299.71475,0.3027006583539923,0.03614708284521652,0.1254547103300284,0.23559855726086942,-0.028759840544559642,-0.06143835461066138,0.4216417910447761,230.2801968185413,1.0
11.03979,98,299.94182,0.36283958498926966,0.019009350366416884,0.058916747873843434,0.16691120468944798,-0.01279148060657279,-0.028180915805910797,0.4319727891156464,211.29824948850532,1.0
10.631292,72,300.120959,0.31085740482977714,0.024489230249714364,0.08375955600458328,0.22995467219026558,-0.010622955679767657,-0.0019766473228675038,0.4247685185185185,215.29759760555652,1.0
11.377195,69,300.315208,0.3027785371879235,0.018162368581886298,0.07652367894643759,0.2368451887746337,-0.003308981479629959,0.01048871243528408,0.40942028985507234,217.46072186655226,1.0
10.912637,70,300.489583,0.3057966219551993,0.023862447270891745,0.11844512495409801,0.2314860671174417,-0.007901952680956762,-0.04902137105128145,0.40952380952380957,218.16839412014752,1.0
12.194707,59,300.635345,0.2834155151644938,0.030703666274108907,0.07540932097260464,0.26818956189168597,-0.022137317253026895,-0.0324293942270148,0.3926553672316382,219.64913348166934,1.0
11.733292,67,300.797917,0.2985886886387336,0.030475169745635574,0.09579865922839462,0.24466693636557701,-0.024418093241242732,-0.032302699319763026,0.4042288557213931,224.4707226249117,1.0
11.30509,69,300.994176,0.29653061332522945,0.017677468503361493,0.06962250034838753,0.24591883320019708,0.006390720641707893,0.010983779846698792,0.39975845410628025,224.52009472447884,1.0
9.744195,56,301.131131,0.2758291227552766,0.07216246966202952,0.11983316226938161,0.2814001419667225,-0.05625087082638836,0.003151282151863305,0.3779761904761904,221.73387403265016,1.0
12.348373,75,301.313818,0.31926001702071405,0.031227183571143284,0.06217260960956494,0.21497089207982947,-0.023819429796160883,-0.006353841902652926,0.4255555555555555,212.63193572789774,1.0
12.452478,64,301.499687,0.2845327475368636,0.015156830989912877,0.06790381742612596,0.261048951335835,-0.008502679539528312,-0.014085578026394884,0.3919270833333333,220.19593986418823,1.0
13.099748,70,301.674908,0.30625728692722226,0.014022079115090093,0.07016571134478768,0.23633202937844122,-0.006388593581615418,-0.007966320738829325,0.39642857142857146,220.58971994764593,1.0
9.487138,60,301.824085,0.27177739781416144,0.03172288222574706,0.13379323411115376,0.2791082724164456,-0.01921272236031608,0.04123407597437325,0.39305555555555544,224.73461043609683,1.0
11.635178,56,301.96244,0.27914141814688875,0.03077783625451359,0.0701640202831543,0.2720683098343638,-0.025676573006821586,-0.003943453621860124,0.37351190476190477,219.73591026755875,1.0
12.270932,59,302.10309,0.27242260570145005,0.03716188134488641,0.1028413074686224,0.2805200289253564,-0.030714213461841788,0.021679639040667494,0.3785310734463276,225.35404005503523,1.0
12.906512,68,302.316671,0.2998187408244221,0.027182571972765454,0.07550922263597451,0.24019534788064684,-0.020585361346135412,-0.0033967122123233,0.3786764705882353,216.0561951860937,1.0
11.168837,60,302.460135,0.28252735111676086,0.041968438607558986,0.08905486447877595,0.26024609812967153,-0.030051772739073293,0.012050495034267934,0.37916666666666665,215.65025683707617,1.0
10.282919,85,302.667523,0.34411616748177404,0.0542669605850301,0.07068934591947645,0.18684263729957065,-0.03508847285420419,-0.022794384387035457,0.40098039215686276,208.64297141441463,1.0
13.722215,69,302.855166,0.2976153858250183,0.015276711654123224,0.05496785650232782,0.24623181169936936,-0.00763012361108853,-0.0298833284946034,0.391304347826087,219.30638174359459,1.0
11.214696,61,303.009854,0.28902276087901224,0.050563501781851414,0.07258236169858107,0.25861061251509276,-0.02955614150220426,-0.006020489025503291,0.3866120218579234,217.9587095182421,1.0
10.971399,80,303.206306,0.32788338877609496,0.02470655142833735,0.08359843019106385,0.20908840981186955,0.002714695728835973,-0.015434206561415134,0.4052083333333332,212.80401305662022,1.0
13.026557,68,303.371866,0.3009123195973795,0.022037889095607433,0.07431504434847278,0.23642106787085157,-0.01778673414013145,-0.02889163304787992,0.38602941176470595,224.24190014253477,1.0
12.217141,64,303.559351,0.2880581895582996,0.020625753646238733,0.07380506998683974,0.2626589659402596,-0.012567617528405106,-0.025846519288537362,0.3684895833333334,226.32084931214712,1.0
13.175208,64,303.721383,0.29396704185211653,0.022545230417913845,0.06387359865920167,0.25054372695392363,-0.014468911070113288,0.01149241515291056,0.3645833333333332,217.6527502401617,1.0
12.445068,70,303.894352,0.3070349777908308,0.012778108487177751,0.07748347721855688,0.23405982528967786,-0.0048626479518763385,-0.03412618439302641,0.3797619047619047,213.92428162253196,1.0
12.483725,62,304.055191,0.28306864634843976,0.016608502835824178,0.07028095394198805,0.2643719030073875,0.0020378203361250302,0.024740448058566615,0.3588709677419354,220.50375951155505,1.0
13.201109,68,304.253695,0.30263353393324816,0.03300146974048653,0.0691245322135308,0.24114514479838073,-0.02652686030238577,-0.013828648858904502,0.3860294117647058,225.21053419068045,1.0
10.974687,64,304.414463,0.2903132282760496,0.03299873833596362,0.11252616480761131,0.25355163633430633,0.011234883260534335,-0.006154164296045485,0.35156249999999994,224.11776775081412,1.0
9.968538,104,304.67746,0.366229330630079,0.023733376500888706,0.04957439030299478,0.16517383307858086,0.007086437175836013,0.012161806457192418,0.3878205128205128,212.02229525255422,1.0
8.947248,109,305.428157,0.3874409836026534,0.042687869968407656,0.06579027854550905,0.1392537475051621,-0.029871574893724977,-0.010195600876467932,0.39831804281345556,207.4381922289274,1.0
12.817549,66,305.59151,0.29221818624100493,0.027279500932030527,0.0854103768260602,0.25617386488701627,-0.023204860759823722,-0.006373253488219853,0.3674242424242424,225.7083529360304,1.0
12.702514,67,305.757449,0.300722756123062,0.027474611582738177,0.06338114512599448,0.24587362190197762,-0.018285838258128698,-0.019212897376706766,0.38557213930348255,220.8407045898028,1.0
11.837463,62,305.935207,0.2870564301502685,0.031548548540441916,0.0917561477402197,0.2580674191384286,-0.014227194172601034,0.023730931411103415,0.3494623655913978,214.27477288559783,1.0
11.680428,66,306.098571,0.3003699362544553,0.02495171794571634,0.08299634195663327,0.24216526509915987,-0.012344073609881883,0.010417419349037433,0.3535353535353535,214.48759594060053,1.0
12.139549,70,306.264806,0.30884553933652437,0.04245332218430493,0.07966168270398137,0.2302419055248118,-0.0335729079536702,-0.00038941597908261516,0.38214285714285706,229.22069500535414,1.0
6.708881,97,306.5014,0.3727317589090441,0.06902527494152409,0.11237220559549276,0.15285172690408041,-0.049153459737008,-0.05959230134965749,0.3788659793814433,232.44574473558743,1.0
12.279831,71,306.705845,0.30846826790116066,0.02177882697181429,0.08071692411122765,0.23550258861492274,0.007844254257137695,0.008385067261429407,0.374413145539906,224.95610612165373,1.0
11.731343,60,306.852812,0.2804949561230444,0.03659762600055839,0.11507666559563201,0.2677418376966803,-0.02743013898796352,0.03826220852089232,0.3652777777777778,223.45771944158722,1.0
9.881986,58,306.997985,0.2770634987097692,0.047460138128271684,0.1413671093676993,0.270495367848841,-0.03253379010192717,0.014757989675747766,0.36206896551724127,215.88554417139554,1.0
12.708113,76,307.1821,0.3220521142409586,0.03283960027656027,0.06839211354800508,0.21645810751474487,-0.023534460648859185,-0.0004885832816742998,0.36951754385964913,215.23933271677933,1.0
4.256575,69,307.379179,0.33139273062394575,0.08964100130616075,0.17191005423656983,0.2022361643407554,-0.07252459801116613,-0.10520617733640862,0.3864734299516908,244.99301093085498,1.0
13.205775,66,307.533235,0.3017147864530519,0.02270031469617527,0.06440055017727696,0.24678624363931814,-0.01223097883771561,-0.007763077972005025,0.3623737373737374,230.7553259768635,1.0
13.231325,67,307.697968,0.3022974789194837,0.01726486853532482,0.06244815244359203,0.23695998185896328,-0.0016190865286691983,-0.013127706092305791,0.3743781094527365,218.5747635082548,1.0
11.900873,66,307.875232,0.2981226345977659,0.020495498618298708,0.06850026212751918,0.24418134045287362,0.008365129852515633,0.012096817183298442,0.36363636363636376,224.25676611304135,1.0
13.236348,66,308.035455,0.30104376848582326,0.027906064647728882,0.05688215237990195,0.23767776700887108,-0.01989601969958211,-0.020422647317380332,0.3585858585858585,214.3736068851971,1.0
12.730536,64,308.188211,0.2946128097331919,0.0565375509144892,0.08494090050757923,0.2478248832497955,-0.04530662166068811,-0.039910681641411365,0.3450520833333333,226.13169848449766,1.0
12.543011,65,308.354759,0.2956423452316725,0.01826691389679911,0.07547469603970604,0.25124883706274564,-0.006402514973120626,0.022481018053614653,0.3564102564102564,223.78458106785848,1.0
12.129833,58,308.521548,0.2827813034903707,0.043751744730482094,0.09554400341437803,0.27257522904341286,-0.03296828474664459,0.004777393261992551,0.33477011494252873,219.57430941618628,1.0
11.500804,67,308.692786,0.30074453956429664,0.017277844662368397,0.07986845260781206,0.23899696156931943,0.0020211699172716585,0.03761608552593998,0.3507462686567163,213.9136419003449,1.0
11.674114,68,308.85667,0.3030397492962411,0.03980510752200658,0.10233647570619923,0.23617319287740343,-0.027426988513886905,-0.004872770170379561,0.36274509803921584,217.76698992681634,1.0
12.829994,66,309.018573,0.29413777472276353,0.03010319820731123,0.08296609569898569,0.2484216991133993,-0.017016051087667947,-0.00011423775759963432,0.35227272727272735,213.88146002711832,1.0
12.3575,75,309.224453,0.31945852461007473,0.02697015372768918,0.08498093335584866,0.21326856319436685,-0.02126570960532924,-0.003516694033019931,0.3644444444444444,214.68943401520482,1.0
12.092475,60,309.375089,0.2785274565164486,0.03304523392341991,0.11292736161059604,0.27124829092867775,-0.02216624034244981,0.034050676508822146,0.34027777777777785,221.92913492301346,1.0
11.285842,75,309.549227,0.3285426375445171,0.05870704064108068,0.09093921829079757,0.206811307709861,-0.04786003418255125,-0.023559345866339156,0.3566666666666667,231.58923756739105,1.0
10.345759,74,309.732658,0.31869312090880497,0.039313743370211776,0.11991583232027864,0.21562361120881696,-0.02119164494228085,0.018587502098627876,0.367117117117117,213.52343594338853,1.0
9.991843,62,309.906729,0.2847006210842836,0.05394312877894149,0.15589287271913838,0.25491793056872286,-0.0370600497215069,0.03364330572091829,0.34811827956989233,216.61535063623126,1.0
11.675327,64,310.062049,0.29333337526360953,0.017489139295053868,0.09359466506794817,0.24271758377678448,-0.007011416936587654,0.025336770025870196,0.33984375,207.17689861328813,1.0
10.716765,86,310.270669,0.34376077304564695,0.039421513194099075,0.10425611507340198,0.190424007209183,-0.024766074369925617,0.00643507449457389,0.3711240310077519,211.36381743392104,1.0
13.636629,71,310.464084,0.3115698119337121,0.025271226789584125,0.07311812612461831,0.22878910667188054,-0.01599900945294424,-0.004183930107336031,0.35328638497652576,219.47957708031274,1.0
8.742153,57,310.598727,0.2787742287482817,0.0781754396996367,0.15414825878361246,0.2734505325827011,-0.0532128674730991,0.011415123352297397,0.3450292397660819,221.07466768372439,1.0
12.622839,73,310.773479,0.3158723534120127,0.026272176399300826,0.07849077010288273,0.21857953204079245,-0.012218917713966531,0.0073135692250878995,0.3584474885844748,216.33649527704304,1.0
10.819453,98,311.017511,0.37178776280906545,0.014993415568131397,0.07408732781271744,0.15802990985427517,0.0037484147387427725,-0.02176229105721393,0.3792517006802719,214.39436418598711,1.0
12.342897,82,311.235013,0.3395238938157613,0.018703636133756498,0.08076325196805008,0.19630800891383934,-0.005526507012674848,-0.022953650477429224,0.37195121951219506,222.0558356691008,1.0
11.497204,77,311.417922,0.33168612604550135,0.049759456389883196,0.08269049129213486,0.20119384763448517,-0.03719389054360493,-0.011863878552208159,0.3766233766233767,218.39347467807946,1.0
12.995759,73,311.597635,0.31885003493296477,0.019897609862713495,0.08500480434272038,0.2147337536141432,-0.014835622961572377,-0.01172522796544688,0.37899543378995415,221.26474161235518,1.0
11.407083,64,311.782546,0.29853295293390425,0.03385569820291826,0.12601061715155987,0.23862765236031558,-0.02502153998641003,-0.05998386835405553,0.3606770833333334,230.44028797253912,1.0
12.240141,76,311.971735,0.326872849245219,0.02470693447169576,0.07778000412495953,0.20877789236230482,-0.017017349052505456,-0.013720115840351292,0.37938596491228066,222.24106220754578,1.0
11.595053,76,312.164258,0.328067857650629,0.03743568936837193,0.08573085195610597,0.203960770160917,-0.022834015894820987,0.011285062345665706,0.3706140350877193,211.4489215651067,1.0
12.423983,67,312.330347,0.30697098300663106,0.03833788250313817,0.09701289424646899,0.22971702882079872,-0.03238109274084575,-0.05154807441244787,0.3606965174129353,231.79814866906995,1.0
12.678062,70,312.541654,0.31288103514165083,0.028665958418329435,0.09726073846608102,0.22724074749083883,-0.02273143795234953,-0.03911966109836865,0.3571428571428572,231.41944825396618,1.0
9.703654,62,312.699641,0.2952797168924355,0.07198949329701675,0.11149393354483346,0.24334701551181534,-0.05174622225628782,0.018861301143683038,0.36827956989247324,218.91461830377108,1.0
10.966187,79,312.901889,0.33462859781188814,0.01903601462403935,0.0869367526387801,0.1996012026133292,-0.008680578658005554,0.004235169661607254,0.35548523206751065,211.3020304024216,1.0
11.998691,72,313.105065,0.3175813711515011,0.03468633275708921,0.09966984246118078,0.21694613355832368,-0.018498360255675615,-0.053260416219773773,0.37152777777777785,233.41348264878343,1.0
11.841338,69,313.269735,0.3033873736073587,0.03482475170770603,0.11871927314666587,0.23620123207387514,-0.022213385887586708,0.028222320830251356,0.3526570048309178,217.22811575002518,1.0
8.544778,143,313.622756,0.410406799643423,0.022318852943645738,0.042395366906946196,0.11471596480575276,-0.007268812162249704,-0.004880618584461004,0.3857808857808857,207.78876161732148,1.0
10.759567,62,313.805437,0.28751283311245635,0.029390273673466027,0.14027007999741054,0.25616473824871666,-0.01620165933314478,0.03891418434631227,0.35215053763440857,221.80935015922805,1.0
13.027617,68,313.970578,0.30433000671104343,0.014969695213729395,0.06675838011682735,0.23057051331130898,0.0025159827348060237,-0.003603056956208873,0.3431372549019608,216.4490540997014,1.0
11.44866,61,314.120688,0.28749630708951307,0.021401061656036835,0.1259031231641252,0.25786917324753394,-0.011578106158710253,0.019715678365900272,0.34562841530054644,218.05666621351656,1.0
11.280299,74,314.300881,0.3187098659939676,0.019696806467025547,0.10059539802547843,0.21805984526036812,-0.00729439193998154,0.017401801494421415,0.3761261261261262,217.49114417394094,1.0
12.053281,77,314.523779,0.3247043235944474,0.039578306344203985,0.11490718678602595,0.21117443480534545,-0.03199669408903857,-0.06892044904754326,0.3744588744588746,237.32256206862561,1.0
13.10822,66,314.683089,0.29769540044461057,0.024405710197400027,0.06824511637708727,0.2431364641419733,-0.011189475642941676,-0.005922051250497431,0.36363636363636365,218.30912120922812,1.0
12.439341,68,314.85943,0.29944943195259804,0.024815032862995055,0.10559356022935021,0.24012932607863302,-0.013141627111452298,0.01838731333009751,0.3553921568627451,215.33612654720844,1.0
11.316157,64,315.026203,0.292674659740646,0.014843268612596196,0.11230658976245231,0.24614417235034833,0.004669644252152473,0.042137629491559914,0.34244791666666663,222.99545614098872,1.0
12.024408,86,315.258859,0.341691247581045,0.029030453971249492,0.09233549567387972,0.1942648949030427,-0.01715045594884338,0.01445318650255596,0.37984496124031003,218.5463184185712,1.0
13.172367,63,315.415227,0.2858324780549792,0.0319103428158703,0.09768309903951779,0.2617914688687171,-0.02073070731456434,-0.021175741880210822,0.3346560846560846,224.9403976654216,1.0
12.761672,74,315.599069,0.31978074497180525,0.02783461888315925,0.09657171048673002,0.21658938277771098,-0.022467079381626974,0.01385214596217422,0.3513513513513515,228.09710146059567,1.0
12.35158,70,315.796441,0.3081517101747057,0.034540013206236043,0.10398282702625157,0.22766672944441785,-0.026243403818970546,-0.01572593147962157,0.3702380952380953,221.88492118323077,1.0
9.869194,60,315.950923,0.27970401079422885,0.020753528429921023,0.1524435291641109,0.2660709570317847,-0.000841210447449192,0.04863077585128459,0.3277777777777778,217.64710956361975,1.0
12.954713,74,316.139436,0.32053588800489474,0.016091003458479303,0.08496135206072748,0.21413014878158304,-0.002623462589335073,-0.008799846024258755,0.33671171171171177,217.67351675821442,1.0
13.378915,64,316.305497,0.2920033160150251,0.03876955277488508,0.08907624288672063,0.250125983079584,-0.03303776616231581,-0.014311478580301152,0.3515625,232.4575350766186,1.0
10.200484,125,316.645533,0.3988502962648648,0.021990453740642558,0.05994989534337637,0.1270885416532018,-0.013588129924342617,-0.005083548777040841,0.37066666666666664,209.44776002105831,1.0
12.23148,71,316.827438,0.3043802018537833,0.03321582852906649,0.10195057508821403,0.23487446203910978,-0.018698741918445876,-0.010001278988531011,0.3509389671361501,223.0151682555154,1.0
11.204591,73,317.010243,0.3144710852081195,0.03383965874702721,0.10915558027442333,0.221692780115489,-0.017202481186716252,0.0007293451317338798,0.34589041095890405,213.62546928258897,1.0
11.919225,67,317.193704,0.2944147659683085,0.013754475146926442,0.09478875328270614,0.24525488655647312,-0.0006121788452996747,0.009871736494073038,0.3445273631840796,216.18991100007344,1.0
10.89999,64,317.359557,0.2820629001093046,0.013316744794023486,0.15160567023604854,0.2652902852772633,-0.002241168988791404,0.05479819781191657,0.33203125,224.8609075550963,1.0
6.415154,69,317.530068,0.3104705049251818,0.1026599067705993,0.15094224264232872,0.22883011877840592,-0.07681754559459333,-0.0066107692413615365,0.3393719806763285,236.0654272849349,1.0
12.790859,69,317.707766,0.3044901386646109,0.019639213359463222,0.09975545826777861,0.2332772383867632,-0.013261414615917988,-0.020746943349904224,0.3466183574879227,222.21012544228316,1.0
8.979098,59,317.899962,0.27819159114839276,0.05467321318113522,0.18078590418990223,0.27074789550669653,-0.03773690522111428,0.04552225909557279,0.34322033898305077,221.67986274682366,1.0
7.871982,76,318.089301,0.3226835052586058,0.019789954677366526,0.12804582196632228,0.21167149865891047,0.008305814993417064,0.06395015213471503,0.33114035087719296,221.02279400827993,1.0
11.568227,79,318.279512,0.32793570388324467,0.013567998188297396,0.07255262623606873,0.20300915550299983,0.0022453302264323653,0.0014576214342944798,0.3301687763713079,217.55340953840894,1.0
11.720028,81,318.509356,0.33638951749284846,0.05118081752057147,0.09646845213082784,0.19699077295626885,-0.03988506580472108,-0.04465537206392169,0.35493827160493824,229.31261861832442,1.0
8.308572,85,318.733907,0.3458011806063771,0.06954047563237709,0.11102505009135424,0.1860706110437057,-0.04298446202523822,-0.015061073618517424,0.3441176470588236,216.8064944170391,1.0
10.785495,61,318.885882,0.2826615230938204,0.027697775863323525,0.15152832237821973,0.263631290770685,-0.01526948837422456,0.055747718245199154,0.32377049180327877,219.22063854771307,1.0
11.299368,93,319.134811,0.35375350812101114,0.017725078845794686,0.09212041705348385,0.17836570621353035,-0.010311428073229465,0.001550632285515365,0.34318996415770603,210.09584841005886,1.0
12.579555,71,319.3088,0.312921133722499,0.025947793740493018,0.11436787409870017,0.22355866561306392,-0.02004083453118336,-0.0493180729586127,0.3403755868544602,233.79736133602847,1.0
9.998387,122,319.615277,0.39243874586682914,0.020603854617474993,0.10321974907935837,0.1329756024619539,-0.011201549631511841,-0.04279945813485174,0.33606557377049184,223.35968391837312,1.0
11.742705,75,319.830709,0.31913222877946323,0.03769999223961697,0.08163462034348512,0.21707374032756424,-0.022144630409874296,-0.007205939904587385,0.3444444444444446,216.1454305062389,1.0
11.95152,84,320.037912,0.3425260843115651,0.030711810966458856,0.11855538183815878,0.19387078185003273,-0.027075048261884744,-0.0470590749398618,0.34920634920634924,240.03513885890897,1.0
10.408952,104,320.293104,0.3746000288258728,0.03200444959489638,0.08954249222628001,0.15606641692228623,-0.022035558346849775,-0.0027132532499670407,0.3509615384615383,216.51828083824253,1.0
11.307763,83,320.523165,0.33465623790939625,0.017174937463039042,0.09208722193576392,0.2000932528968885,0.0005614836168423487,0.016877574294066257,0.323293172690763,217.8303158380145,1.0
11.176865,76,320.706371,0.3270611953875014,0.043953037841148616,0.1028675032722822,0.20287060358720863,-0.03454166331390477,-0.007537901927616753,0.3212719298245614,218.854241785474,1.0
9.524141,115,321.000458,0.3898880066112118,0.04139314734855294,0.06371899694741036,0.136314606162646,-0.02704749298814318,-0.0164252247783331,0.3449275362318841,210.56163050510983,1.0
13.673222,70,321.187948,0.3023190751112338,0.022152732808649465,0.08371802794689774,0.23771314570288427,-0.01225411325975938,0.0074103012814675795,0.31190476190476196,222.67158341471196,1.0
9.969877,61,321.326896,0.28113975957701653,0.05445710357440648,0.15595395187247002,0.2656529482996618,-0.031807418412704215,0.0023498775160871793,0.3128415300546448,218.36732625700543,1.0
13.522227,70,321.493278,0.30807798535210584,0.02158995833165913,0.07042504855705439,0.23044445322623136,-0.010321983358523737,-0.015284391000408291,0.3142857142857142,219.14415956434098,1.0
8.713792,113,321.784348,0.38461168656294853,0.05057139205753555,0.07621594491340561,0.14323915616864852,-0.03051553849058589,-0.009062178466464106,0.33997050147492625,209.5460140238788,1.0
11.488359,64,321.934021,0.2895116453583306,0.02637257852983482,0.1323175845322561,0.25515181547437304,-0.01531741321367238,-0.0031313380330919476,0.31640625,221.04946034487836,1.0
11.796138,65,322.091981,0.2930480171207385,0.035713040574753614,0.12763419290562367,0.2446835157807095,-0.026109320826997767,0.03605913303935994,0.3384615384615384,219.89790351315622,1.0
12.426022,70,322.255846,0.3062155177752739,0.017684191694599737,0.09083021310332542,0.2303024682005428,-0.005991705551891394,0.005105154713930132,0.3095238095238095,217.94031509672897,1.0
11.90024,88,322.498555,0.3443738080869049,0.018477176508055252,0.07752812220931392,0.18985553152434323,0.009410422199802261,-0.0184188385117076,0.3115530303030302,215.31661522052275,1.0
-5.649117,183,322.947159,0.44490433701016,0.07448853265727697,0.12355484500860817,0.06890495273571015,-0.040642081512242814,-0.07739608712100648,0.3337887067395265,245.12831224839402,1.0
11.821707,67,323.140909,0.30522811664258565,0.026023638210489183,0.08580857776637645,0.22948321621286538,-0.014821212884743341,0.01219829323400058,0.2997512437810946,216.19648357456427,1.0
11.757528,96,323.372568,0.36279891525448493,0.022049960152598046,0.07854936310318208,0.1666369618375426,-0.015484417769097203,-0.014478700953416758,0.3333333333333335,211.98457752868808,1.0
10.914866,95,323.596872,0.36593849115394295,0.020221558069537942,0.09292542079099177,0.1650906419372586,-0.004546823928778452,-0.05083906338349798,0.3254385964912282,221.879273852246,1.0
7.533763,70,323.792718,0.31945426437155827,0.07403212385170779,0.1490048359811966,0.21340429786554435,-0.05436378865907938,-0.10335177208247136,0.3226190476190476,227.18405062974668,1.0
8.091589,91,324.008029,0.3648140952931852,0.046516248008347534,0.12266626106106605,0.16392203138613787,-0.03832498680928294,-0.07441106967438023,0.33516483516483503,238.8272150535163,1.0
10.391186,80,324.197834,0.3316594707339056,0.01982474133626005,0.1167131143367704,0.20390533405833194,-0.005302110688502993,0.02407368515303127,0.32395833333333335,217.70026889834625,1.0
5.410743,73,324.396313,0.3308151022074627,0.0783079138708746,0.1756153663177803,0.1954925499387769,-0.06359919258614313,-0.11267244024640309,0.33333333333333337,244.04146539141624,1.0
10.434895,65,324.553855,0.3005766325072413,0.07002188020284461,0.11743325730130097,0.23868285231654915,-0.05162184632794947,-0.05790267729591583,0.33974358974358976,225.74548547337486,1.0
10.940062,73,324.733843,0.31084939334402467,0.02591680202898751,0.10619696404628677,0.22611113605554983,-0.006519963549185719,0.005675444080001275,0.30821917808219185,222.16940855190944,1.0
12.024563,62,324.896172,0.2860062500910021,0.03809355779275722,0.12756126593267375,0.2603189294853193,-0.026617198755745752,-0.012513196229560757,0.2997311827956988,221.93318389011245,1.0
9.39593,71,325.098459,0.31174533381958863,0.024912353069485617,0.1766683237791124,0.22383362334060794,0.001011357644288624,-0.09888982926362697,0.3169014084507042,228.57140642683373,1.0
11.786019,63,325.255062,0.28471370373939736,0.028147330394816195,0.10453892346737632,0.2601265100788895,-0.011451893135198241,0.006934077576285266,0.32275132275132284,213.16214992214424,1.0
11.562417,65,325.42095,0.296815973996603,0.06444175589976488,0.10546735646216722,0.24491513657499517,-0.051362892708610663,-0.036431666829089354,0.32435897435897426,227.70668170350822,1.0
12.053762,69,325.630607,0.3039842944487625,0.05147936788204843,0.0965096186005693,0.23702959346125688,-0.03360007115119163,-0.02261784908200189,0.323671497584541,222.76081704452946,1.0
13.063258,64,325.787358,0.2900268019821039,0.011149468401467933,0.07783483411401937,0.2605446709339812,-0.0037585672466965083,-0.007441132189904422,0.31901041666666663,226.2310896862528,1.0
12.815829,62,325.939754,0.2850756659485967,0.018811447428236282,0.07991936722361691,0.25758907032482375,-0.0008555608669953527,-0.004723623080141948,0.3467741935483871,224.27822233134646,1.0
12.001762,65,326.098279,0.2847175066477013,0.03820296654690324,0.1136394559381368,0.25924720158968023,-0.020974639842194855,0.014288574982007777,0.308974358974359,223.69779981513997,1.0
10.86079,73,326.302595,0.31327593397159165,0.0298042901944875,0.10782786214987632,0.22412537931632875,-0.012609001453662321,0.0031364326699530767,0.31735159817351605,213.72893500323556,1.0
10.046171,66,326.462398,0.29303511328674414,0.03309606564413924,0.1318607578068745,0.24559817274333792,-0.01741650749260645,0.020025920923714965,0.32828282828282834,217.7703913283014,1.0
9.659666,78,326.659686,0.3275522913399324,0.042471492491059255,0.14667509781382582,0.20579608419421624,-0.034217121818241526,-0.08700925388981262,0.3301282051282052,234.0075055931078,1.0
10.376141,113,326.962061,0.38085055768200454,0.016486432221606652,0.08572299325545325,0.149043369475927,-0.007766637673647293,-0.013108843962611173,0.3259587020648968,212.49427194437774,1.0
12.171761,91,327.177317,0.35668708526570747,0.027957983609318785,0.07101138850561253,0.17282701562493116,-0.02250847871937679,-0.031963450523235716,0.35347985347985356,222.05817426524663,1.0
11.474134,65,327.338392,0.2880279858334489,0.02663893406475183,0.11918181077376602,0.25356160008046785,-0.020220059863163636,0.0026229650629338245,0.3346153846153846,220.65976503404545,1.0
10.866111,58,327.48142,0.2768827936911735,0.030114340216605005,0.13089715448137068,0.27241146631954455,-0.020774864051403823,0.012860506897161193,0.33045977011494254,219.6442472865172,1.0
11.752075,85,327.730004,0.34319431882995916,0.03248273916922222,0.08461400668236713,0.1901704390073514,-0.0232891909203617,-0.004646442865005158,0.35490196078431385,219.95911434759952,1.0
13.185339,70,327.91668,0.30266091936456196,0.03677719919426554,0.09007535903907417,0.24103737655642052,-0.031072542716266836,-0.005594961745723032,0.369047619047619,227.9440905135202,1.0
11.172639,66,328.150207,0.2946598498042161,0.01567043395451058,0.12271341775913613,0.24716201727871892,-0.004672685569610253,0.004545831995123193,0.3383838383838384,221.67285703445546,1.0
11.345682,69,328.379579,0.3035385219424501,0.028535832269327606,0.11130866340689331,0.2332804148533718,-0.016886486464919886,0.015822882187822154,0.33333333333333337,215.06291172740598,1.0
11.179344,61,328.529472,0.29112828150351494,0.02449507736677568,0.09023053351011365,0.24898139478996814,0.0046500352236423315,-0.010951911329448852,0.314207650273224,211.3803277012547,1.0
10.249425,81,328.72351,0.33577242322482764,0.015649127339200763,0.05653930948547616,0.19823804499225403,0.0054985822361906765,0.002631823558076029,0.33024691358024694,213.58004969522122,1.0
8.407558,107,329.009035,0.38053375736610473,0.047158590997255195,0.10030463251501877,0.14629083522854414,-0.03630575990842236,-0.029605457631852652,0.34890965732087237,220.28693898513075,1.0
12.064154,76,329.185825,0.31929512960382933,0.01500784133654498,0.09648422332809484,0.21509516881268992,-0.002710580620600905,0.007128443664485464,0.3322368421052633,212.32694867820499,1.0
11.069182,81,329.383242,0.3296637590003047,0.016490843823863264,0.06654918673376162,0.20272566069338294,0.01132811390898013,0.006414755103121444,0.34979423868312753,213.89976853517555,1.0
12.875334,64,329.53958,0.29251762601715703,0.012158716050865366,0.07520066877547638,0.24797778427311537,0.0046023565492178155,-0.016702061426369694,0.32682291666666663,214.6565859693767,1.0
11.761698,77,329.74256,0.32144511435305045,0.025846571446868458,0.07373533815244822,0.21378602053467027,-0.0005700160737675589,0.004790878814778961,0.33874458874458874,218.34307890545503,1.0
12.648189,71,329.911747,0.311084779198549,0.018996374493150458,0.1015778009494871,0.2257134852986472,-0.012815467288420519,-0.044707823782706504,0.3450704225352113,220.78320547824472,1.0
12.805017,64,330.06546,0.2931874676164586,0.00722338353537033,0.09146856301108636,0.246656565039532,0.0009826173286624623,-0.03397741179392054,0.33723958333333337,221.91990414573885,1.0
12.791997,70,330.242193,0.305468003113377,0.023567479670880995,0.09072388738720155,0.23535855191854305,0.006208785346868302,0.011188279343730574,0.325,221.23248024327177,1.0
13.053626,67,330.431654,0.3023832828504687,0.022917448007421036,0.08351352845697406,0.23810123159019606,-0.0050070672437134214,-0.03964042541235889,0.3445273631840796,224.662238008671,1.0
9.739727,70,330.605996,0.3096849110265906,0.03871592845779586,0.15441391629104806,0.22553790934158335,0.008651075467322652,-0.06825410141951453,0.3464285714285715,228.04227557492484,1.0
0.826391,73,330.786841,0.3455936114249832,0.11214695159189825,0.1595573420158227,0.1801359600085332,-0.08998259565155278,-0.09159551287503304,0.3561643835616439,258.05102744578693,1.0
11.800699,82,331.015369,0.33801640385331744,0.045967038889691926,0.07862283165107647,0.19116271256196274,-0.03606885966718794,-0.030811190953701207,0.3526422764227642,216.53952336544188,1.0
13.63217,72,331.200434,0.3085148216020212,0.013964381681172078,0.07454709921979846,0.23032133776570932,-0.007492773362155498,-0.015178908007340754,0.33796296296296285,223.4365838218096,1.0
13.188424,68,331.369038,0.29761024893168353,0.024697942851132332,0.07019919895587912,0.2423575296793757,0.004515025206510096,0.02205548019538718,0.35661764705882354,224.67110055801652,1.0
12.297845,60,331.520916,0.28175384418922783,0.020738212868216883,0.08702102388556027,0.2654235613243044,0.006936845316503853,0.01507566194321858,0.31111111111111106,222.7224101635059,1.0
12.534963,63,331.700911,0.2825253229648079,0.013319087275833195,0.09086690306544772,0.25996372215772323,-0.0018576973244755263,-0.04017100250087041,0.3637566137566138,218.9467210828774,1.0
13.933468,61,331.849871,0.2755456908129303,0.019122140149050636,0.07687214107316216,0.2711900073098247,0.004262282907304211,-0.01929374436525744,0.34289617486338786,224.65751856158866,1.0
12.54972,60,331.99298,0.28204964180540776,0.03808887186403537,0.08074976600490379,0.26961187575990986,-0.02816238519922715,-0.0137793105321699,0.35694444444444445,225.56321615683183,1.0
12.86846,61,332.143858,0.2831504248467103,0.037210230700583005,0.11077920581069682,0.2679501132541313,-0.03407373500902298,-0.041939562175212275,0.35109289617486333,229.32114157823753,1.0
12.00098,67,332.334838,0.2992908796897044,0.022821338955343707,0.13099771360696116,0.23951125196312378,-0.01554692269704836,-0.06579585691849572,0.3582089552238806,228.68255733113895,1.0
12.396248,60,332.48817,0.28321720800361194,0.01332394186528761,0.07703272148778352,0.2580371508256202,-0.005459347552038612,-0.0032922262024953175,0.3458333333333334,212.05825974033013,1.0
9.421478,61,332.640224,0.28598669944188504,0.031136323885282684,0.1923894486805833,0.25544376062806856,-0.010756287059722487,-0.11433586325325283,0.35928961748633875,232.83954373408665,1.0
13.164721,58,332.78641,0.2700965536448485,0.025556833371966323,0.06503188522639754,0.2805513901084763,0.008235963988220737,0.02713014788109039,0.34195402298850575,220.4377052564493,1.0
12.605302,59,332.953217,0.279379455787545,0.023664289998997032,0.08431802087024871,0.26740018676325766,-0.010219827603209252,-0.03542134539941644,0.3375706214689266,214.21739595404563,1.0
11.468876,65,333.120375,0.29627245079328257,0.0135482274200295,0.0728656337401277,0.24112028576917532,0.005893272139774513,0.005976531464421638,0.3564102564102564,203.64567837793854,1.0
12.180919,58,333.26541,0.2770873068513275,0.018785302789396267,0.09615126770019922,0.274767680043776,-0.003761103498127693,0.022908048520651463,0.339080459770115,209.51276081990153,1.0
11.865841,60,333.411347,0.27072375648721236,0.027393836612018555,0.11848113090107264,0.2813516948923367,0.004012016957093571,0.022871758398721763,0.3611111111111111,222.20886919480196,1.0
12.183679,67,333.597926,0.2959050285626265,0.04404926405767574,0.10245259084205245,0.24524658710871997,-0.03131218175071194,-0.04015768857091761,0.35945273631840813,214.76113153748028,1.0
12.165615,60,333.742154,0.2830284866143268,0.01751272385471472,0.10107189161362058,0.2606428865130429,-0.00385618586512485,-0.025109520510261614,0.34861111111111104,211.99533078285842,1.0
11.831212,63,333.890763,0.2847994316770807,0.020500517839016002,0.07833386499624868,0.2561794783599499,0.017977588911379468,0.0412671766809752,0.35582010582010587,219.78335063321063,1.0
11.918405,63,334.047718,0.28721598321463704,0.03173179092471192,0.10498763101314933,0.2591240916065461,0.013191874771709656,-0.03858848211325576,0.3492063492063492,227.58642520639313,1.0
12.23134,70,334.24006,0.2997418933412613,0.020727431853012603,0.10309293517964643,0.24090645893798657,-0.008954916147207627,0.021361509711353786,0.36785714285714294,216.71939511836695,1.0
13.25133,64,334.398205,0.2853531301569755,0.01726498224805809,0.08860703150832905,0.2621644886576849,-0.010774009100288636,-0.01991867646136719,0.3541666666666665,224.9060076951241,1.0
11.784478,82,334.60073,0.33163969745868543,0.02718282132619149,0.08658533727694852,0.2047387066313726,0.016989566210462565,-0.0063225771395793145,0.36585365853658547,209.4184220265937,1.0
7.31622,66,334.767506,0.3072796164919062,0.05852221962053018,0.09969549298450918,0.22608696656433766,0.05145420809292014,0.04108050367403256,0.32702020202020193,215.32357810088556,1.0
12.648707,58,334.932296,0.2818773751358095,0.01833100236681226,0.04854893114876743,0.27285298086372123,0.012603641179018445,-0.009120515136501419,0.33045977011494243,214.47345384226992,1.0
10.712557,79,335.13064,0.32769248143018403,0.027238763646522505,0.06841564207565268,0.2075396439369457,0.02093178115449059,0.0216081873403973,0.3354430379746835,213.65283206372223,1.0
12.634317,59,335.280687,0.2736538530569154,0.027877050801819382,0.06844997817178944,0.2707890392644674,0.014533425608358932,0.011899216211148948,0.3319209039548023,216.98227230033808,1.0
11.765138,71,335.456342,0.30921664617701206,0.026461611419031125,0.05731690964430601,0.22643417927334963,0.02006352591100246,0.01619172233393911,0.335680751173709,212.36487858612276,1.0
12.79325,67,335.638069,0.29286858335799304,0.014084940578730972,0.07085670937405932,0.24668693026281946,0.008405864005590838,0.015161726796985799,0.35074626865671643,213.88168349254371,1.0
11.50068,67,335.801406,0.3041222324833919,0.034583445212473495,0.11783879982598912,0.23017768606651678,-0.027289631745497603,-0.04637183097182951,0.35945273631840813,220.73549559641455,1.0
13.018309,62,335.952858,0.28496772811129784,0.01652250555968875,0.06539129573610225,0.2601038260318013,0.00919647376910535,0.01738922415974616,0.3454301075268818,222.34268859245526,1.0
13.127235,65,336.114255,0.2877235348910266,0.02239368430962745,0.09251717281990632,0.2571625580516924,-0.015985428455157335,-0.025049041409978812,0.34358974358974365,224.90101890567354,1.0
12.693272,59,336.286795,0.27416657084872914,0.030332595680959463,0.07674647746726274,0.2800425368192537,0.012499061452631,0.0047036230707929,0.34745762711864403,216.22147631940223,1.0
11.517173,59,336.425977,0.27230202232009815,0.017957861643835817,0.10872766062779915,0.28211187850446334,-0.004244406896471479,0.02476217397849901,0.34039548022598853,219.39196926341353,1.0
9.844788,70,336.592124,0.30441502577655305,0.035109838309002904,0.07711437540923646,0.22958989074702904,0.029710507558495244,0.039890176717574416,0.34761904761904755,223.48978302585323,1.0
10.84487,57,336.730245,0.2804196289530467,0.042373299692103475,0.13636216868177922,0.2697378887786607,-0.025190205332045513,-0.08395824029227175,0.3669590643274853,216.77916632582074,1.0
12.611433,78,336.94664,0.3245426024488097,0.01373169470418058,0.0768650563432502,0.21125126429430383,-0.0051913855696235816,-0.022872567362766945,0.3536324786324788,212.57027345961222,1.0
13.300832,57,337.088655,0.27641476793366543,0.02406266067116508,0.06434074015742157,0.2794617252110747,-0.014523376284244143,-0.02670399405068522,0.35087719298245607,217.83551835174896,1.0
13.186288,75,337.271322,0.3136631624973342,0.01861752930039188,0.07759514357007943,0.22733867889450338,-0.004419775282666533,-0.03173410698770429,0.3922222222222222,215.1078400993362,1.0
11.230788,67,337.429189,0.301549593830055,0.027265159380861805,0.0878009085569556,0.23421061252283942,0.004423927901187433,-0.004450436601836658,0.373134328358209,210.55970798177748,1.0
12.612057,62,337.623986,0.28864449777455786,0.014917627334730794,0.0932480774000508,0.2563613598232137,-0.008639671625146181,-0.06086582887847882,0.35887096774193555,216.90017152611898,1.0
13.724685,59,337.766095,0.2742918534166172,0.016920547568002587,0.07231927492169923,0.2780752118889318,-0.010104766489416234,-0.036267971622269704,0.365819209039548,219.79503731040128,1.0
13.1998,59,337.911482,0.27396962390270796,0.023303126217020378,0.07411327140699775,0.2787893906500593,-0.011947164449675899,-0.005052534566398458,0.36158192090395486,219.87003520476435,1.0
9.749254,66,338.072936,0.2979796819273159,0.02730548431394912,0.17072661233930436,0.23960456752390186,-0.022447912913619684,-0.07953229329722769,0.3686868686868686,228.71690884434403,1.0
12.67655,76,338.292958,0.31843382828759376,0.02179535789660291,0.0912945205236885,0.2167444643055892,-0.01223091233433042,-0.03917527893425416,0.36184210526315796,223.5870813424397,1.0
11.689895,57,338.448989,0.269052288118345,0.022243396300777932,0.08389726334575806,0.2850985548109828,0.01651607554739735,0.021145606833708905,0.3260233918128655,214.34600757256806,1.0
12.279932,75,338.634224,0.3183714092515398,0.020873953158173916,0.07338429954328955,0.21934361368327315,0.003262445468820764,-0.021211546719248964,0.36777777777777765,211.7032973539053,1.0
13.528241,66,338.785028,0.2857738458505354,0.03143534760721026,0.09418848274400131,0.2640110565376128,-0.018478232190492747,-0.005638168681574963,0.3434343434343435,224.45742549449304,1.0
12.415476,67,338.967498,0.29401077277094784,0.02351352313637466,0.08274204660885197,0.24805569353365173,0.006082317243927607,0.0207982282301236,0.3445273631840795,219.74291312221604,1.0
9.708295,81,339.160215,0.333734986940653,0.03827176736261671,0.16142895157623177,0.20030501589993235,-0.030835847158255922,-0.08334737263213333,0.37448559670781895,233.79379185228436,1.0
11.454204,56,339.290907,0.277847817979843,0.03219876161352695,0.07105052943355884,0.2895309330879809,0.027926844598293664,0.019435447390371712,0.3273809523809524,219.78345571082693,1.0
13.298901,67,339.470752,0.2953101321555608,0.025980907906553875,0.0768973795270152,0.2472641396486978,-0.019927810432154615,-0.03291011998829115,0.34950248756218905,218.5905009078365,1.0
13.923363,67,339.640239,0.2928711725888358,0.016648582069013044,0.06734520046252926,0.24870742238802374,-0.005568493829433984,-0.025639132215556755,0.3432835820895521,213.128758938668,1.0
8.672321,65,339.809838,0.29362417600196694,0.06384962037567377,0.10149696250999204,0.2473081134917168,0.05267869960784295,0.07612137522927306,0.317948717948718,228.14942697547394,1.0
12.115243,76,340.000805,0.3194837493048195,0.031013346756386753,0.11531912525940738,0.21655422766692334,-0.024751890123298658,-0.06585295046535872,0.35964912280701755,226.76044209262446,1.0
12.558612,67,340.197865,0.3019946217501833,0.016751817560045346,0.08337438638553613,0.2371130456220597,0.007294926049882385,-0.03885026387647621,0.35945273631840796,211.37548508277862,1.0
7.971348,92,340.419054,0.35204958194016456,0.03883687707975052,0.0966052191825859,0.17873749921184473,0.026345484029184324,0.008988365608502443,0.36322463768115926,212.61826157779524,1.0
12.87936,66,340.577543,0.2949863320015905,0.011913796631619325,0.08200143419961116,0.24525534337311,-0.002892948384537826,-0.02438177571460955,0.33964646464646453,217.42158618178655,1.0
13.464185,63,340.72904,0.2852515926427807,0.011930097025787187,0.08527045964460281,0.26163486080136683,-0.006326788647252572,-0.03662767415228862,0.3227513227513227,218.7177804534556,1.0
9.820825,83,340.974393,0.34222585673110223,0.06993774424487685,0.08750767900242704,0.19034190043979568,-0.04709528732902415,-0.04163586309136158,0.3765060240963855,218.7123112407205,1.0
12.748435,65,341.133317,0.2937331715337558,0.009479669430137928,0.08765826092723393,0.24794063389383572,-0.0019125159639872354,-0.043417812451985255,0.33205128205128204,219.31019972925293,1.0
11.159993,81,341.33569,0.32812632657428964,0.015297644935996925,0.08012787832834198,0.20615078212297822,0.0053554764954887564,-0.0001566521147119787,0.35699588477366256,216.02897892344433,1.0
13.35239,66,341.52413,0.29268605593008856,0.010943923064796685,0.06582397463154546,0.2510533919626402,0.0029524330061244425,-0.00119481094580531,0.32702020202020193,217.6600473580711,1.0
12.422654,71,341.694343,0.31285828897317797,0.03372728974693855,0.09745746529242119,0.2240893304588099,-0.02737139002761396,-0.05067268956475042,0.34976525821596255,220.73499411984224,1.0
11.849397,79,341.882507,0.3256166877341381,0.014063564279510159,0.10558942294883712,0.20943585785109936,-6.197824269010907e-05,-0.055688021075980615,0.3502109704641351,213.69079965491628,1.0
12.651066,67,342.046236,0.2921453286845367,0.023732899850472267,0.05242608660339911,0.25124707960176834,0.01675190145182623,0.005664456064425937,0.33457711442786064,220.00704636115734,1.0
10.013904,76,342.255736,0.32112139120696376,0.06638939212323954,0.12165996685715699,0.21561357119219016,-0.045727636486802094,-0.07218078131304613,0.34100877192982465,225.79080921811064,1.0
11.29571,65,342.417109,0.29171457181046057,0.0156421806787664,0.06228829838160333,0.24911189877366843,0.011872800851552942,0.021189309667338212,0.3115384615384615,221.75686624715033,1.0
11.982363,74,342.599181,0.3157156895327025,0.03640913730388867,0.11478333684795891,0.222971145465921,-0.02523320762314181,-0.06717740410890992,0.3648648648648649,218.12920257518567,1.0
4.658824,82,342.824587,0.3375793480528914,0.06291769368749014,0.10522149773190606,0.19261970644065807,0.050353755603631915,0.028741917536612042,0.34451219512195125,229.01185206972283,1.0
11.343065,74,343.013701,0.31113014689585744,0.02223817610397052,0.07128847668636662,0.22514438749113505,0.018237506737250685,0.02482955221382576,0.3164414414414415,225.31896044450264,1.0
11.359329,80,343.207597,0.3247232885315471,0.019979757132763416,0.07506691111897762,0.2097758523308726,0.01725541283428096,0.006994028182681666,0.3333333333333333,217.29598853685593,1.0
12.637545,61,343.356627,0.281425447119516,0.016655134069919676,0.05848882285241598,0.2648324920000375,0.007115886570231661,0.01674404777062822,0.30874316939890706,215.42706048400967,1.0
9.457164,77,343.578226,0.31965308818571236,0.03315488920545517,0.07485023259000793,0.21515006983064922,0.029958969573111168,0.03252270142889131,0.3084415584415584,221.4761802781758,1.0
10.81561,70,343.751928,0.3058244450783246,0.042125190621693925,0.0688584229019203,0.2291637219009567,0.03462244601337131,0.031147113548855597,0.3166666666666666,214.82592404059886,1.0
11.632254,92,343.988094,0.35012159859926323,0.011190432668571589,0.06448406411794945,0.18053752781470642,-0.00032936885703482426,6.550269846077522e-05,0.32065217391304346,211.31209428254743,1.0
10.656344,66,344.174226,0.29703460769428286,0.04099061242388627,0.06430951668323845,0.23781188916232637,0.03301900992562637,0.03132364283865298,0.3131313131313132,215.58787675205974,1.0
11.55853,80,344.375863,0.3313284110395719,0.04472099290260529,0.10277051587939023,0.19985762617480496,-0.034149433790059955,-0.050201114505867006,0.32187500000000013,221.5142308328904,1.0
13.014403,69,344.558098,0.2987191396020533,0.017616128033159324,0.05442408393887455,0.2395333995186741,0.006396200215605803,-0.012565771620148596,0.31763285024154586,218.78728040574745,1.0
5.44339,88,344.811732,0.35565713247307285,0.08462266067379695,0.14134989672743228,0.1727044679559141,-0.06634634829094085,-0.06914831451061715,0.33049242424242425,243.71680452793234,1.0
12.695189,75,345.001678,0.3108488960532065,0.027290191891722326,0.06809319193967955,0.22661951305034872,0.018550320337704776,0.003576482407887711,0.32777777777777783,218.31924272488357,1.0
10.988784,79,345.197681,0.32141916878827925,0.015808671466607173,0.13129148734157767,0.2186691601704334,0.0007735648865036403,-0.06706055676538017,0.33016877637130804,227.46255577647395,1.0
13.626444,68,345.362226,0.2894363249598123,0.02134659657361147,0.06255352968512437,0.2524261783757118,0.017738270097524864,0.026929746441018976,0.31862745098039214,224.83960032846483,1.0
11.013916,98,345.62232,0.3605720419995118,0.011455825454658631,0.06928838738979978,0.17072278869597235,0.0016779681012825437,-0.011902099552203133,0.33928571428571436,211.71792703709625,1.0
13.063062,70,345.791911,0.29830917181447275,0.017254074821793627,0.07830215462675848,0.24334558377788984,0.013921601841400452,-0.01046135755408677,0.31666666666666654,221.67557671115804,1.0
7.170195,62,345.940726,0.2798851502644957,0.057741285781164726,0.13974468125636452,0.261959275097611,0.047516803626232784,0.09667691367802084,0.32526881720430106,230.39094679255956,1.0
11.641962,62,346.115841,0.28192231678729257,0.04124387005874777,0.07376509745742665,0.26294224686225864,0.028594522611917594,0.02978156824429808,0.3091397849462366,221.95658668597417,1.0
12.696436,75,346.304595,0.3173079672785182,0.017904637462344317,0.06415286735833056,0.21622245783735014,0.012190584625959839,0.008881469292713336,0.33222222222222225,214.23028150617236,1.0
8.799735,68,346.47136,0.3034072155859097,0.03801046951038004,0.09745088457509136,0.22899195213578433,0.034338287908298466,0.061490363760710785,0.3112745098039215,219.59709902824463,1.0
9.88412,69,346.651283,0.3012754554310887,0.04236465642482601,0.09563308021088983,0.23621581221188084,0.03026278334068777,0.056961178419074714,0.32246376811594196,217.2618042112923,1.0
6.232443,84,346.875087,0.3426028838195161,0.05003753113661211,0.07320191293559619,0.1842941199413497,0.04412949494139052,0.049077124786507755,0.3025793650793651,223.41712041250867,1.0
8.452693,86,347.092703,0.33821022096818704,0.04199419795047295,0.08512238813870972,0.1932720011413328,0.03479954874625821,0.015400354617549888,0.3333333333333333,217.3232078982949,1.0
12.662776,79,347.283905,0.329654979888848,0.04398543973109621,0.0813462885124783,0.2026096625716569,-0.033299449122141264,-0.005887652973571602,0.35021097046413496,218.63030925138054,1.0
13.131055,72,348.007873,0.30565246038219884,0.020254096997872447,0.061193581488333385,0.2318957813486856,0.010835308242889951,0.000991405267359074,0.3159722222222223,215.16256076998988,1.0
12.639961,80,348.201093,0.32571399782502064,0.018740104243792126,0.08231107887209935,0.2088330948275071,0.003347261968625472,0.008980563867903187,0.3343749999999999,214.2225012047839,1.0
0.245024,259,348.889924,0.45088711938175424,0.024980250822625626,0.0341610582218493,0.06432580008280112,-0.007676066521988844,-0.006625485672636262,0.3519948519948521,191.97518923769363,1.0
12.247011,70,349.058758,0.3037549865326091,0.01706116502454665,0.06951997953077751,0.23267103732186412,0.008439117725239231,0.009036245876599394,0.33095238095238094,220.74211659999554,1.0
12.834782,72,349.268548,0.3054636084043019,0.025365796340765027,0.06306648879688337,0.23293039565186735,0.014194566254067426,0.039124841075884056,0.3333333333333333,221.1672778519312,1.0
13.098694,67,349.429368,0.29316120045240995,0.026051286661602786,0.08817678298619262,0.24756336874648494,0.011887607214888563,0.006299844548057737,0.3233830845771144,222.7796222663887,1.0
12.928914,77,349.621603,0.3216268708142241,0.01683697275073356,0.07169964078191626,0.21051514148831782,0.0006491920307266724,0.023891464946310347,0.33549783549783535,220.25861948885324,1.0
11.35573,79,349.821681,0.33038992511900567,0.07533050084756866,0.0654095027108639,0.203735073155248,-0.05225258355160472,-0.02356645177642922,0.3459915611814345,227.97048628769937,1.0
12.969863,72,350.030593,0.3113745195579803,0.02013333463721523,0.07939356660431558,0.22088411898465954,-0.013944744100947851,-0.0018970304908686334,0.3483796296296297,226.15776255026884,1.0
13.199191,86,350.243801,0.3372116008245593,0.01465571750275302,0.05890118429673693,0.19918406562053792,-0.00508751965981182,-0.00010421712520492149,0.33527131782945735,218.54455414195806,1.0
7.063285,67,350.411103,0.29958994857609333,0.046068968868205475,0.12383730630390487,0.232715874748178,0.038847311971741426,0.0892162702164787,0.2935323383084577,219.28547191925668,1.0
10.831145,86,350.642758,0.33890829994819016,0.018152242227059082,0.07458082102200078,0.1937928572229911,0.012871721191764876,0.033665707237917335,0.33430232558139544,223.89906704016082,1.0
4.756753,108,350.904407,0.37611268996822694,0.026290944816565603,0.07334389449225849,0.1502718129284606,0.02328775708661146,0.03992496091710935,0.34336419753086417,220.46320435955607,1.0
14.073594,74,351.084157,0.3117119511193219,0.025655946442570667,0.06829800366499811,0.22286022736439692,-0.015336724755651485,0.013537904173975818,0.32432432432432434,219.7842032298702,1.0
6.347907,140,351.460379,0.40387063137432644,0.021070600023360454,0.06035802909046086,0.12272815319306941,0.013994223358481231,0.005893974337717851,0.35416666666666674,209.800896319465,1.0
8.190887,80,351.655594,0.32734507208794966,0.03944608990734809,0.10337743332320684,0.20221085256522042,0.03360162253850966,0.04360336557303187,0.3187499999999999,220.9391654466104,1.0
11.463496,70,351.825073,0.294629033511753,0.024472812682451325,0.10174658090791974,0.24331763059703698,0.011004308013263388,0.044002163907200235,0.3107142857142858,221.31154970323811,1.0
13.590268,72,352.026154,0.3054952762773497,0.022600874639759527,0.08489901632494536,0.23769237889139547,-0.016603392188362796,-0.031662589268837124,0.3414351851851851,223.1171753584458,1.0
10.892518,64,352.188622,0.2883922045830701,0.04074516123195267,0.08237162571301496,0.2565843915790342,0.0301417712261552,0.04538051448450067,0.29427083333333337,222.33451222473823,1.0
11.028196,71,352.365392,0.30349707538578946,0.03443450172537515,0.08050615632520618,0.23190206800403726,0.022163402408021997,0.04491912204869973,0.312206572769953,223.54727396677885,1.0
13.259487,68,352.559039,0.29416364799980377,0.029127840056276628,0.07540646473246773,0.2488570779008274,0.016807201915850917,-0.01202650221158778,0.32598039215686286,218.92096309844783,1.0
13.512238,69,352.729055,0.2979037931799273,0.025654218776497855,0.06943191147703014,0.24229180947663634,-0.0070136063182814675,0.008583504032951937,0.3369565217391304,212.33664682155793,1.0
7.607676,71,352.905398,0.30619464854546236,0.04654649527295113,0.10911291769085403,0.22752426306032741,0.03933871923195521,0.05778650619662006,0.3004694835680751,227.74536450431728,1.0
13.183174,76,353.09854,0.3132612941821803,0.03464639600865315,0.09652155849500636,0.22431129033744823,-0.02585674442112742,-0.04268453265842019,0.3322368421052632,225.8397001661398,1.0
12.44044,62,353.293242,0.2853212236653794,0.024100149892706813,0.10152612907015568,0.25814871088027647,-0.014682063346218051,-0.0005942501701474325,0.33064516129032245,215.29048198363503,1.0
14.090702,66,353.450779,0.29265411353950066,0.011009720853840083,0.06652050852158836,0.24741506661748003,-0.004690658856028724,-0.0032729178666028847,0.3207070707070707,217.78919896298734,1.0
12.66745,63,353.604664,0.28420118496768804,0.012904628347169421,0.07743076804665905,0.25872596221679683,0.008033224704654231,0.0412646864980776,0.30820105820105814,218.5794841364718,1.0
13.091877,104,353.885707,0.369335171237875,0.020918077504751657,0.05299026679602174,0.16162246596350338,-0.013629101648090244,-0.011922045901279755,0.3509615384615383,214.70443208993632,1.0
12.542886,65,354.038527,0.29526382043703814,0.02493186413025937,0.08352500075536774,0.24631228143654618,0.0057005433669714495,-0.0234132783425819,0.3192307692307692,213.95712288276872,1.0
10.261769,70,354.207354,0.2994872230633544,0.022209798403861454,0.09158429392561174,0.23743244098433547,0.019606348211220696,0.05324397976499358,0.31190476190476174,224.12502973579365,1.0
12.620766,77,354.381228,0.31969402066952396,0.0411436149804471,0.11477668968110388,0.2163448818107726,-0.0304473243769843,-0.055752899899936904,0.3246753246753247,225.19441513581904,1.0
11.98153,71,354.565886,0.3001921985733422,0.016611168641615222,0.08410914960111578,0.2389295128284878,0.013366387355607785,0.011728172343818413,0.34624413145539906,218.47444404686902,1.0
11.035974,75,354.741511,0.3161167196403593,0.06564673064908402,0.10318722780553602,0.22340007469446999,-0.04505891427399779,-0.06008245790686035,0.3377777777777778,229.12883318402334,1.0
11.371346,72,354.909414,0.30677279807286584,0.022073964341236235,0.0809738352502277,0.22869063080783836,0.01501728649327588,0.030803401411386686,0.31712962962962954,220.3828414744238,1.0
11.78551,67,355.09375,0.29496950164401037,0.039717487822045414,0.08158365899631755,0.2465727212088718,0.02837106441833037,0.01512362065731503,0.3258706467661691,218.61085547727745,1.0
13.490657,67,355.253956,0.288437893451666,0.02969720739073549,0.08994912812984618,0.2514246229283896,-0.015140802662729083,0.019533849993266184,0.32213930348258696,211.0850459672035,1.0
13.057696,66,355.410517,0.29285238334673913,0.03225237429920358,0.08512787887606138,0.2456585728562188,-0.021805716996602605,-0.00807102718667119,0.3194444444444444,215.0637608360024,1.0
13.991907,67,355.569852,0.28823938629907475,0.015820161100649342,0.0869198859707874,0.25460031048864407,-0.009944883584710407,-0.04399811596344274,0.31467661691542287,224.16842037364216,1.0
12.822548,62,355.731665,0.28458738717292126,0.013518687620991319,0.0634501793603668,0.25722593008924033,-0.0015101921681971093,0.03148998704672587,0.32258064516129037,210.267074842718,1.0
13.259953,73,355.902327,0.30882376279222357,0.025160776555876885,0.09146676811371292,0.22898116965258244,-0.018205428679250575,-0.0355629349360121,0.33333333333333315,214.61499369066638,1.0
11.692366,72,356.073223,0.3052410476671781,0.05334416720665137,0.09095900490685631,0.23145296573054974,-0.033748039299217575,-0.027127141917201236,0.3287037037037037,215.25458282333685,1.0
13.02022,70,356.249768,0.2988106481093112,0.013177009247482847,0.06176915522762731,0.24129334479439107,0.0007172606231761156,-0.007096870853550675,0.3238095238095239,213.0751022201163,1.0
12.70558,71,356.443041,0.30171296989374036,0.04300754309810774,0.09776180590652163,0.24005935264526013,-0.0265938373769081,-0.03859841404263159,0.346244131455399,218.9443534067613,1.0
13.418361,78,356.626803,0.3206958624853893,0.012713531623110124,0.04453154548126381,0.2127981438710838,-0.0005754326730403009,-0.010815236306137,0.33547008547008544,213.3422432717897,1.0
13.986602,65,356.787528,0.2836101382582088,0.02626055769620335,0.08382140059233278,0.2597942007232977,-0.013743549337558914,-0.032095944456593806,0.34358974358974365,215.33319962929616,1.0
10.594881,67,356.950823,0.2997534169901105,0.08026241088590375,0.09466978019032064,0.23902416664642387,-0.05604511854801057,-0.03380639399696254,0.342039800995025,218.82352329998204,1.0
12.724007,65,357.127894,0.2893818926242974,0.040707346564736284,0.08270056362997702,0.2508278684601707,-0.022112542992138853,-0.027103908465389917,0.3128205128205129,212.18711281975627,1.0
12.257049,62,357.274468,0.28089903377083664,0.016492259522327957,0.07542658234607133,0.2589400219278787,0.0058376370235064525,0.01905092927810258,0.31182795698924737,213.24309079335308,1.0
10.379616,69,357.432738,0.3081728612470687,0.05930353892894868,0.1345064030654798,0.2258830961405506,-0.04663053961836819,-0.0748761560846592,0.3369565217391305,222.34579550809593,1.0
12.705633,61,357.585023,0.28191923884314585,0.01616312954873158,0.07667752620837921,0.25761093465583434,0.0015635063371818962,-0.024726136659649164,0.30464480874316946,206.95357512333837,1.0
13.504538,61,357.761301,0.2734517910071949,0.02208587736093584,0.06271540175017677,0.27030393342901027,-0.010470039298230623,0.00404597651928387,0.3183060109289617,211.82127602503144,1.0
13.735853,69,357.935219,0.2972185950487429,0.015377324091333279,0.08880150031260454,0.2428629809464983,-0.001885908673981889,-0.022377873244183326,0.3260869565217391,208.15741374002442,1.0
12.801938,65,358.160719,0.28781462571440847,0.01881733297280348,0.07697179980058629,0.2540118036734409,0.009591567137819185,0.02276570186982452,0.30512820512820515,213.20254948918318,1.0
12.071475,81,358.414,0.32626026633395566,0.024598956125299925,0.059126251784345704,0.2077721899731218,0.01608221602674344,-0.002192631600040476,0.3251028806584362,216.05149996805366,1.0
13.287359,78,358.605948,0.3197762611591068,0.012377282214410056,0.08080475280622271,0.2168093895707648,0.0014352697346109269,-0.03480231046637236,0.3301282051282052,209.95026690430387,1.0
11.403717,60,358.746923,0.28423294953917616,0.04097425903088668,0.121613302003452,0.25752533379512,-0.025644493576293073,-0.05000833259013497,0.33194444444444443,203.27294968312617,1.0
10.259587,79,358.933891,0.32534724487782485,0.04320496432840513,0.07686936278495014,0.20836424845270135,0.03092434316253438,0.029703026502206804,0.3364978902953587,214.19051520792132,1.0
12.658118,70,359.121495,0.2999515421620193,0.01476487090798775,0.07022586141227764,0.235352277475041,0.006627249428896553,0.010686961815438569,0.3369047619047618,210.90877379494876,1.0
13.517412,61,359.263681,0.2776311656744004,0.01843790218065433,0.07794301395898903,0.26427500125705533,-0.0034598715961112864,0.019789298905814108,0.3169398907103825,212.88649565797039,1.0
13.886228,69,359.428212,0.29535501595569486,0.013867403484626032,0.06939713852865868,0.24489774664971758,0.007239962513743986,-0.032173386195809825,0.3152173913043479,217.01043722891106,1.0
13.488864,62,359.578015,0.2804416467889568,0.02673054149569829,0.08358238870018461,0.26253707162513573,-0.014122277377215385,-0.006194095093726633,0.3413978494623657,210.81982834582305,1.0
12.632698,81,359.809477,0.32979834086120113,0.03516132464018718,0.0915300180637554,0.20626634004173094,-0.019019657762999256,-0.05784423977852943,0.352880658436214,211.44300844474478,1.0
12.650157,59,359.955038,0.2716157393617636,0.019590916805478788,0.07558054919786006,0.27569735571443293,0.016291270071501992,0.04117532646902937,0.3022598870056497,216.76962576854118,1.0
12.494396,62,360.106768,0.2771735329962183,0.020885276022719286,0.09893985296349524,0.26954743746076515,0.004034943395559746,0.03380955881473151,0.314516129032258,217.27599258169596,1.0
12.310362,71,360.281484,0.3060852747787198,0.01532048249622015,0.11071359887410025,0.2313755590680945,-0.0011914121789961421,-0.03096986278506015,0.33802816901408445,216.84525601018146,1.0
13.767645,75,360.486862,0.3087359559558606,0.011998347527828704,0.07687895537065213,0.22910528078752607,-0.0013830211437689743,-0.01613303028139596,0.3300000000000001,214.36119603606497,1.0
13.090476,67,360.649963,0.2930273932503422,0.022978800077757867,0.07589101790984773,0.24515650234616015,0.01879453809753259,0.025853679786480784,0.3208955223880598,216.0684221583169,1.0
12.991635,72,360.825042,0.30402489020643014,0.027174245869080328,0.06529865332757831,0.23453421655056297,0.01997109880139254,0.024548044775784362,0.34375,220.25954702143864,1.0
13.693189,64,361.004654,0.28663182767644585,0.03531928731756725,0.08877829990503161,0.25443572326260944,-0.018297464946630555,-0.02515206462719497,0.3372395833333334,215.7123968615117,1.0
13.281099,71,361.171766,0.30692648656983196,0.013905617004358599,0.11238289555818114,0.22929936330879747,-0.006710964642124923,-0.0624606956788654,0.3450704225352112,212.6213204205088,1.0
13.932053,66,361.336612,0.2910168380765634,0.014331411318025709,0.07311028176517795,0.25151744178003826,0.0025766412549620694,-0.013375513467537896,0.3421717171717172,215.76656714141498,1.0
12.226285,62,361.477893,0.2834271552186795,0.04045952953002195,0.1300013375361171,0.2616664840385275,-0.03338016952081323,-0.06143243678885811,0.33198924731182794,219.58928870520757,1.0
11.15426,77,361.684464,0.31713023782538957,0.04087085017896754,0.10998086329090613,0.22130667458158176,0.02076673407137062,-0.02157629754658626,0.3528138528138527,219.71813765285148,1.0
13.966642,67,361.84962,0.29282714401820653,0.011202322190906647,0.07011167518464492,0.24758195598326846,0.0005195981973746626,-0.01501438456917486,0.33955223880597,215.42399680926337,1.0
12.722933,63,362.004971,0.27824375393645245,0.03498236346262278,0.11599360800140611,0.27127914183601554,-0.022318739092936874,-0.008398473557789929,0.3253968253968254,218.67180966307876,1.0
13.883933,62,362.146608,0.2816373922168231,0.015679813432375,0.079317546511953,0.26482047878285564,-0.0053218518248686454,-0.019167167173573273,0.31989247311827945,219.8620985411563,1.0
12.059701,84,362.362392,0.33182455805043554,0.016767329336731192,0.05842460235318625,0.20219172872988952,0.014238424575850653,0.0026622896155114564,0.3313492063492062,223.44549143194408,1.0
12.361815,58,362.496415,0.26329749200673647,0.03022853782599718,0.07656086572192994,0.2899379054096381,0.02225112560147734,0.03941189113768183,0.33045977011494254,221.93257780544675,1.0
11.985822,63,362.649483,0.28684804820630355,0.017316960282475723,0.13817493136150202,0.2554648040471012,-0.010894763519007674,-0.07368200060099224,0.33068783068783075,216.53994494860228,1.0
13.793352,64,362.813712,0.2830932300380698,0.014256151879440454,0.0936651878733941,0.26170707629791196,0.005931123121403993,-0.051266644362300794,0.34375000000000006,216.44211128680993,1.0
13.32873,62,362.990687,0.2819723633772815,0.040287131087968955,0.09663546974982899,0.26217979207016767,-0.026826977132863285,-0.057484949068351686,0.32392473118279574,219.88604911918588,1.0
13.810522,65,363.145924,0.2887082323482202,0.017490755415377205,0.07133877307330577,0.25394253791221666,0.015152599062936556,-0.04074224441551298,0.3166666666666666,215.66295112422654,1.0
10.778912,62,363.298406,0.2825188092188006,0.018888827953215802,0.1781610926094129,0.2652709455823487,-0.012046160382035619,-0.107444212769957,0.32795698924731176,217.3497956361817,1.0
13.345854,60,363.44305,0.2782011280040583,0.01317027931269459,0.06170279149862833,0.2668404868577704,0.009233267042306427,-0.013789098436603746,0.33055555555555566,222.92896909305063,1.0
14.63164,61,363.619328,0.2765586743067517,0.013526925688064224,0.06949423768835716,0.2747984102886331,-0.005530525842408301,-0.013881055861526008,0.33060109289617484,217.10561727700386,1.0
12.479083,68,363.775371,0.29374774768271605,0.032743943967850436,0.08435285360198423,0.24571783482456208,0.025989986561930162,-0.028048552467167007,0.31740196078431376,218.29680346517492,1.0
13.611522,64,363.924829,0.28254971821992964,0.027456463055823936,0.08475321642638055,0.26263167269716214,0.013094256000118674,-0.02670803388083881,0.3502604166666666,218.52099068307615,1.0
12.823043,64,364.082721,0.29087904580993296,0.013888187490382247,0.1165177873308389,0.2509036696084647,0.0026825698080944456,-0.06384711279047313,0.32161458333333337,208.06069589728654,1.0
10.803182,66,364.2686,0.29442464321514344,0.04236315110305045,0.08376770808047988,0.24315997288934466,0.033311538937658314,0.04785123512134832,0.33333333333333337,222.16494263377012,1.0
14.189203,63,364.423877,0.28607720733014114,0.02253434758654785,0.07698107184842742,0.2586453934681385,-0.011126360786267,-0.04227207253697926,0.34126984126984133,210.01785184404355,1.0
11.521328,79,364.627762,0.3252901518343609,0.02938929918809383,0.11056775595184791,0.21182069623760114,0.022194177592121493,-0.05235800400688683,0.34493670886075944,217.6132357745089,1.0
9.858994,70,364.832655,0.307701488094044,0.03451687933874923,0.15451246589511541,0.22863384964116673,0.02621820534855191,-0.07974419104595272,0.35000000000000003,212.3003834532648,1.0
11.952193,67,365.008524,0.2985035121982779,0.019340521350280845,0.11003149449199422,0.23956404389426764,0.015591453144885439,-0.05289517443661035,0.3345771144278608,214.15254190250337,1.0
10.997173,84,365.228071,0.33502160904832506,0.0315160058232409,0.058059709701045265,0.2014664397688075,0.025937809945337214,0.000995520287294296,0.3442460317460318,222.17659174224016,1.0
10.622068,74,365.415113,0.31498659133758006,0.029805316181460272,0.13719446769039492,0.22072966154681622,0.020805871593228744,-0.06364409486583669,0.3502252252252253,214.63210682484197,1.0
12.309286,77,365.647263,0.3244815598260452,0.05232537946273005,0.07676507532186003,0.21274527398093998,-0.031023598233494324,-0.03746540397382985,0.367965367965368,221.13975149016238,1.0
13.518313,74,365.832323,0.308007570785152,0.028189078118435906,0.09122271289547536,0.23503772727457378,-0.012250144285247322,-0.012728020260043842,0.3524774774774775,220.87688955934794,1.0
13.167318,70,366.003775,0.30322437986584616,0.016187051445618043,0.06571233970877832,0.23428537035078958,0.008894541210603577,-0.004005275958065647,0.3380952380952381,214.19010298437524,1.0
11.289791,74,366.226975,0.31656302716915186,0.03347853243841973,0.058173468633516,0.21575428851592918,0.030254824495733953,0.0010554525065786862,0.34909909909909903,219.9343155800124,1.0
13.36404,63,366.382839,0.2823809003470252,0.0194128818595032,0.09959022482992817,0.2624604328645112,0.0002000325675283776,-0.037267378252029575,0.34259259259259256,218.794230541208,1.0
12.623177,63,366.549052,0.285375825358448,0.026770586738837587,0.052774504498965334,0.25689556171503275,0.023346857398287138,0.012554411900317811,0.32539682539682535,218.12607973997527,1.0
11.593194,63,366.709287,0.289056734071472,0.043979831315670674,0.0891850725858923,0.25696742531764394,0.02895989086777553,-0.02118600966594821,0.32804232804232814,223.70982862961333,1.0
13.094504,70,366.904945,0.30609423574886324,0.017868449184026185,0.061989609124850784,0.22975575890739514,0.015829407263359737,-0.0023582256410626845,0.3285714285714287,207.1299048900965,1.0
9.240981,85,367.112262,0.338374771683565,0.04407316593998876,0.07298446113621647,0.1940761055368755,0.036647480338322054,0.028558304126621574,0.3519607843137254,220.79237433330076,1.0
13.265411,64,367.267242,0.2820069729546105,0.018410229629646592,0.07382056848784915,0.2586430727595295,-0.0012603120529144024,0.019857760247354753,0.3489583333333334,213.41669766676577,1.0
12.869805,68,367.432949,0.30112019145554086,0.019940595497832874,0.056924775953380365,0.23514724887368815,0.01674273737103234,-0.023452653428719862,0.329656862745098,210.94172726037638,1.0
10.857954,73,367.652265,0.31623187735219693,0.03886159918426872,0.08596240789832944,0.21638932635148253,0.02578209347023053,0.015450693010983185,0.33904109589041104,214.94665174032102,1.0
13.163434,66,367.81488,0.2910639477212989,0.012691698013855272,0.08713312907941327,0.2495172919785859,0.003086791535276341,0.03444733164245092,0.332070707070707,213.8938854808235,1.0
13.201643,69,367.999946,0.29534237032420546,0.020472160705112274,0.05394860507176655,0.2434213780403653,0.017509747937839094,0.022947290573299164,0.3562801932367149,222.40065217291576,1.0
11.93387,71,368.185096,0.31372596409669695,0.021340002202754168,0.12263301018258649,0.22220170488803126,-0.011137008025763534,-0.05102932594546498,0.36971830985915494,224.59448161093675,1.0
13.649139,77,368.399465,0.3231012986912622,0.017602027670595967,0.07346261839417549,0.2122423295683981,-0.0025973335461371588,-0.03752079681448606,0.3701298701298701,213.4170936039446,1.0
9.060729,76,368.589548,0.32712822686974313,0.07870266784413747,0.12215565307180361,0.20596354322332808,-0.057336662040281074,-0.016585232086082972,0.3826754385964913,221.94831177321038,1.0
11.257466,67,368.751308,0.30194434503951983,0.025930866850754467,0.15450927881485352,0.23498988539490506,-0.02197250583246295,-0.08242337324833918,0.3544776119402986,234.6354324242415,1.0
12.870729,61,368.937829,0.27785573463084207,0.01654382159142592,0.10315132518068504,0.2648033063997613,0.0010080435930970018,0.015790710280669997,0.34699453551912574,213.9963198806721,1.0
12.764139,67,369.106313,0.2966581983539732,0.03998117146024763,0.10781413705960663,0.24308539418590233,-0.022797396576921224,-0.034825111949052814,0.36815920398009955,210.9740167347373,1.0
11.377153,70,369.278728,0.3033107238062635,0.033207756505030585,0.07883102089189738,0.23364072152644988,0.02578512993714971,0.02422174371503326,0.34880952380952374,220.78414258319486,1.0
12.012661,67,369.438683,0.29870860503595803,0.02882604745279298,0.09877521092911455,0.2411738723057817,-0.007295950254370663,-0.009279947863194592,0.35199004975124376,217.321698876892,1.0
13.047855,60,369.605482,0.27468803664456065,0.016231335455609074,0.102396948066923,0.2743617270416402,-0.0004598645285561996,0.011693494426292224,0.35,216.7473880181663,1.0
10.119947,64,369.763096,0.28247268928047004,0.03596468369230004,0.15016086887190164,0.2608441555673019,-0.005128902743435848,0.03967494734458483,0.35546874999999994,221.2749924759031,1.0
12.331029,61,369.903357,0.2839760951139189,0.021728583716051252,0.11107451500769129,0.2576532881799101,0.009925221295613022,-0.04233644003895471,0.32650273224043713,206.9843689422919,1.0
8.9738,68,370.063277,0.3051587607032379,0.07051507512231237,0.1557492950317524,0.23248685075472994,-0.05297341361593219,-0.08334913313354046,0.3700980392156863,235.21920965859314,1.0
10.896074,109,370.330953,0.37838139610065397,0.0132671604006966,0.0777447237676092,0.15308080606431376,-0.00407666602333914,-0.03726012024189607,0.38761467889908263,211.84781343765204,1.0
12.157771,78,370.514508,0.3220732174722615,0.022505490818975134,0.11294452596842897,0.21692162044406785,-0.0055281236671369,-0.06133714431859701,0.38782051282051283,217.35243428141206,1.0
12.401605,69,370.687841,0.2988236595738603,0.031112437373874077,0.07648890907885816,0.23818691637662975,0.023713925197438424,0.03455813693883897,0.3623188405797099,222.82689561524148,1.0
12.469756,66,370.868428,0.29100584532687435,0.023842805015755156,0.10919621868672216,0.2541334121732284,-0.007233837947442542,-8.324192085180043e-06,0.3535353535353535,224.75745051970588,1.0
10.897538,57,371.011966,0.27440865779108686,0.05587989176693278,0.1247840701285621,0.2720167892681407,-0.03825138678624258,-0.03715835953674467,0.3654970760233917,217.11577625666064,1.0
13.000581,76,371.194748,0.320755728998241,0.024727580549227978,0.09083519801332172,0.21591133554725248,-0.017642047198232615,-0.03943681937231566,0.38596491228070173,218.31871417132433,1.0
13.46973,66,371.356419,0.28848011317893335,0.028681897664844545,0.08304826949553364,0.25452262613642207,0.01638877901690083,-0.013895511067176528,0.3598484848484848,221.60323036665028,1.0
8.278511,73,371.550693,0.3193077026455185,0.047961133210412586,0.1858355840530544,0.2113087923735947,-0.040046617547169726,-0.08630383474022042,0.3869863013698629,235.45596527625054,1.0
14.085841,61,371.69395,0.28058546702002446,0.012104801546727582,0.07670806123975317,0.26673794524692584,0.00024643079701698644,-0.03732146790178364,0.35382513661202186,215.3651308418427,1.0
11.377709,73,371.866834,0.31214458121519145,0.034422452981140626,0.08200582648188355,0.2253372979765258,0.022906277103660336,0.03967740663983846,0.3767123287671232,218.29275166626778,1.0
13.942276,66,372.022547,0.2903573314963706,0.01613994946059527,0.09017677950591298,0.25210733613963765,-0.010910899590041013,-0.02945284800897041,0.3560606060606062,219.5292717879354,1.0
13.486408,84,372.24263,0.33567233397577095,0.010613125958488382,0.06584148080924367,0.19706632032295074,-0.002021370814970231,-0.024929599769166977,0.39980158730158744,213.89802199106256,1.0
13.346851,60,372.384612,0.27691753308027905,0.022415592295168544,0.0563528724018982,0.26719669340601154,0.012080322259915243,0.0020047683718222406,0.3416666666666667,216.21470637086207,1.0
13.767873,64,372.532745,0.2778835070738806,0.020963797730274562,0.05970745402049922,0.2677006940778967,0.017565871793820343,0.0133207703622663,0.3671875,225.43609715747047,1.0
12.044946,59,372.701374,0.2680668651381436,0.013761141973909576,0.10281283451140749,0.2803517526850199,0.010263341300590765,0.023630833628056253,0.3573446327683614,215.929852325818,1.0
13.330422,59,372.841298,0.2682391464960344,0.02760734878062641,0.0680132245585893,0.28300011486254284,0.021309646362981147,0.011322207395264608,0.37005649717514116,224.90487702291907,1.0
14.184915,66,372.995892,0.28782469761583196,0.011198050175763148,0.0760753701523916,0.25363648449832343,0.002841050175933124,0.0016220286479819571,0.36616161616161613,217.84003715742776,1.0
11.897633,57,373.126443,0.26479723200830596,0.022604289923821942,0.11455441435142061,0.28607116907882263,0.0029458365608142677,0.023561010181066978,0.3538011695906433,215.09556239505787,1.0
13.193107,62,373.284286,0.28087193159808516,0.019922574003594026,0.062348247755274096,0.2619336134272018,0.018250240085168838,0.004692998730809297,0.3803763440860215,208.70557180303157,1.0
11.660523,80,373.511206,0.3241284071494033,0.034006805673932466,0.06327696334588141,0.21230389848213305,0.02610879249739072,0.014643499917772135,0.4,216.97721527170066,1.0
13.550687,63,373.667936,0.2809042829303962,0.02848853233906151,0.08516906273489636,0.26123632746962344,-0.008264937308291437,-0.025482359823833442,0.3902116402116401,212.18599436321767,1.0
12.752067,64,373.829365,0.28404377215795723,0.024037755711602254,0.0656931608471303,0.2583025293939864,0.021543724054911687,0.013083045026446437,0.3815104166666666,220.0884329626246,1.0
12.88177,60,374.011851,0.27422393134031947,0.017475715783118934,0.08397977605661675,0.27320885038338016,0.014038935889776952,0.011397690008598341,0.37638888888888894,215.00287928461827,1.0
12.859273,61,374.157155,0.2794826036817343,0.0378372691266708,0.10748843917721126,0.2687424072934377,-0.02139251334972638,-0.03028120167110514,0.3797814207650273,216.94065388791313,1.0
12.11688,60,374.298536,0.2748893622998533,0.04047451827655783,0.06606957543300931,0.2696447603504719,0.032953712891541836,0.03640215659514157,0.34861111111111115,215.88461772891114,1.0
11.83586,58,374.435399,0.26612747290263156,0.025232625105614966,0.11732958734163339,0.28728383921189166,0.02167221155010279,0.06035805299435637,0.3635057471264368,221.61798037474446,1.0
13.611409,61,374.578187,0.2777082868599567,0.02149912566173789,0.08675377410788276,0.2686180619959204,-0.013138121444944242,-0.027886996098595743,0.3907103825136612,215.05477555941934,1.0
10.171379,67,374.758159,0.2911550026925945,0.024158657124033964,0.1264627331744942,0.24825424812905938,0.01585027908055386,0.05252651511032062,0.3582089552238806,216.51560300287156,1.0
12.588745,58,374.895933,0.2741834421489365,0.036219499532297576,0.08155759193556404,0.27046947121070086,-0.016051800088753718,0.0033201038673970665,0.37068965517241376,213.858703996694,1.0
14.13994,68,375.060238,0.2962995206388073,0.031318456549234194,0.062319154365869,0.2433478421181998,-0.016151139195135236,-0.005754564501186856,0.40686274509803916,211.15185393561168,1.0
13.776428,75,375.258075,0.31224909537684814,0.013316195926634026,0.08479461124527025,0.22772921941783167,-0.0008761314357559699,-0.026490274923352642,0.38000000000000006,219.6534645319523,1.0
12.0686,64,375.409584,0.28683258923209726,0.022387998533969167,0.09391699911586499,0.2504910816268613,0.011963050092413096,0.009806448129681036,0.3671874999999999,211.86514759980946,1.0
11.38739,56,375.54156,0.2670828238412087,0.05798300584012896,0.1073106569538364,0.2830539253530983,-0.024926993998131503,-0.0041808536824496445,0.3482142857142857,210.5673018622885,1.0
13.181639,64,375.698954,0.2862322309062905,0.02102005137603561,0.08838305073297807,0.253727722500056,-0.008497327217060879,-0.0237392758742302,0.3684895833333333,211.11447682538747,1.0
12.891107,61,375.844612,0.2825270786198515,0.034770153082910496,0.07888662591237372,0.2585243885036928,-0.018253316761144927,-0.003973319293994938,0.3674863387978142,209.63571738379733,1.0
13.259303,67,376.029396,0.29526793410699986,0.025150102586172854,0.07875146723221972,0.2419610854431302,0.011846946550660783,-0.009033122276103624,0.37686567164179097,211.66946753751472,1.0
12.133222,63,376.177545,0.28975850261649255,0.020434627337904614,0.12465036617420494,0.24872551263391993,-0.011518343822457375,-0.062262008839919246,0.3703703703703705,215.36950712362,1.0
14.063439,67,376.335289,0.289681866895882,0.01060655191272038,0.07150700288454857,0.253563282198721,-0.0005035738162899939,-0.0048302562069109,0.38805970149253727,218.0014978022869,1.0
9.807483,57,376.467859,0.27459439619334747,0.06237014848960247,0.12210569774905788,0.2669282314691474,-0.024636874956966228,0.003651492020266949,0.35672514619883045,206.32720582200074,1.0
13.133404,66,376.647682,0.29180800513765814,0.05938522035309896,0.08987454281724133,0.24814832197715378,-0.04332863492350972,-0.046932678271582366,0.38762626262626254,215.6821982730398,1.0
10.03047,59,376.80151,0.27703831691168007,0.0463980682303104,0.18918041303023728,0.2630430827089951,-0.033654951267299886,-0.0971223936036383,0.38983050847457634,224.22454245238427,1.0
11.801045,60,376.949369,0.27098541656062414,0.022639977026822262,0.10364815896532217,0.2724853851116454,0.011435859480557371,0.029778342823906352,0.3694444444444444,213.9048390544651,1.0
13.345797,62,377.099969,0.27992171867984417,0.031656712907178176,0.07398484902067015,0.2639816003544874,-0.011343007807140442,0.003663442015390167,0.36424731182795683,210.98816644343978,1.0
10.876994,61,377.27432,0.2791820510218517,0.040102607495734695,0.11119980643053273,0.26248861465930795,0.03194635810182976,0.05280262760230928,0.34836065573770497,218.1909619466807,1.0
13.209494,68,377.434479,0.2927121419183676,0.023978049462075053,0.06420909327579662,0.24635988433467773,0.01102444399727696,0.02107525741040105,0.35539215686274506,215.66682522563602,1.0
10.488122,77,377.6167,0.32414618041841015,0.028274508512224027,0.16181010498516232,0.20630281957212332,-0.021033062134996266,-0.06761877403266824,0.3712121212121212,234.30378224328894,1.0
13.912877,61,377.76052,0.2764393772396058,0.013418895774518307,0.08802883337049239,0.26742050057014805,0.002957551988405364,-0.04139720032217338,0.36612021857923494,216.04538078621846,1.0
13.119907,64,377.932086,0.28804419377677676,0.01207616436350394,0.08178108219726422,0.2510253348616443,0.008926014026866864,0.005554717803155743,0.37369791666666663,216.71464539251957,1.0
12.468793,56,378.060854,0.26801848053139643,0.025108784647906546,0.10040629548644997,0.2792986865962367,-0.012967794124757357,0.0189496544393016,0.34821428571428564,206.88812797135452,1.0
13.264868,63,378.205023,0.28438900772157955,0.02176517586943292,0.09177613344688253,0.25653809227138036,-0.008353531316596167,0.005630975389490372,0.3743386243386242,207.17312660442659,1.0
12.459647,67,378.365565,0.29896335633480875,0.03630772299077921,0.12217369101779814,0.23684763717514767,-0.028957091091094435,-0.03841544126908725,0.4017412935323383,232.2184313681798,1.0
12.554632,61,378.537235,0.2793915249964511,0.03217202748388641,0.08806794706165273,0.2618545213564152,-0.015161772480337926,-0.012474608146723161,0.37978142076502736,212.3570163933428,1.0
13.718996,65,378.697507,0.2895032973667861,0.023619297973117407,0.092481768095376,0.24877607969141308,-0.01734358908237865,-0.013374286019758198,0.38589743589743586,223.1312077172001,1.0
13.687023,65,378.852592,0.28949618962869744,0.02518326009191671,0.07795124397037491,0.24759011713420756,0.014353045143120628,0.007677734926936727,0.35897435897435914,216.9958523318492,1.0
12.458975,63,379.010884,0.29098886486036357,0.026895727872755123,0.06458747589989212,0.24558330465405884,0.020207458798927696,0.002842529439570834,0.3611111111111111,203.48785530927904,1.0
12.936984,63,379.196262,0.28423717708488183,0.018561361552051646,0.09413223330248019,0.25414806534723366,-0.008776869350622602,0.038044373051086086,0.39153439153439157,211.31013538389402,1.0
13.236324,67,379.36575,0.29966135594580884,0.04140325110385425,0.0816776050423813,0.2346260032323285,-0.032183923001684434,-0.01107350076220522,0.3656716417910447,221.30196749076472,1.0
12.784092,58,379.505645,0.2759419154132899,0.04539146113772902,0.08219710883210447,0.2671041144332523,-0.031045856127193884,-0.005696726354298139,0.37931034482758635,212.8886735598527,1.0
14.038163,63,379.663188,0.28935927921610083,0.021891708234953313,0.06872899008338232,0.2513249266831809,-0.015297420128883446,-0.039416050147246286,0.3849206349206351,216.75003811356083,1.0
13.399107,61,379.841421,0.27756251446634594,0.021195832052173697,0.08172563021275174,0.2667835972600004,0.007497643306658769,0.034090381606707326,0.37295081967213123,222.26174648731973,1.0
12.286128,53,379.973447,0.26343347524126215,0.016221285903542635,0.07091650224222264,0.28366352534463884,0.0021517602623201456,0.029020775244309415,0.360062893081761,215.51386214804236,1.0
8.30252,55,380.107922,0.2648043598118188,0.0525915053895917,0.16933470296384293,0.27941977764856474,-0.018937196867530533,0.07613605459563065,0.36666666666666664,208.55384057160754,1.0
13.561082,77,380.295962,0.31971931831151795,0.024021808449800616,0.05149320489967599,0.21414887936964527,-0.0017474528656651917,0.010796655130482825,0.4015151515151515,214.80695415681953,1.0
13.527992,67,380.485358,0.29827963638243815,0.03142020284700176,0.0892198587346193,0.23920224053214162,-0.024189662717742852,-0.027737202271002778,0.3606965174129353,227.52142454442796,1.0
11.801133,54,380.615624,0.26697177028265545,0.015189077129353395,0.09372151968485952,0.28137998464326014,0.011962583458800382,0.05678971303340475,0.34567901234567905,203.53596149024455,1.0
11.307115,60,380.764229,0.2811275415502348,0.037352010594854004,0.1534602970390941,0.26015931408393494,-0.03156267067899073,-0.06469918784163163,0.38194444444444436,225.06487805236574,1.0
13.922001,61,380.910552,0.2846840112152701,0.020401797017746158,0.056752721771193386,0.25370819564698116,-0.00892765252709615,-0.009334331359290605,0.3292349726775956,207.74517440325585,1.0
12.399184,60,381.093627,0.28180575989980244,0.03711674803878672,0.10955326236901863,0.259556268011606,0.01786471101320439,-0.013027803294919241,0.3444444444444444,217.2796633513369,1.0
12.936786,72,381.272622,0.3144238121300991,0.014901650571192384,0.05795919187876881,0.2187581869029138,0.005306426549918636,0.01377278520785507,0.3796296296296297,217.10747075096606,1.0
11.122698,72,381.450711,0.3132536681174358,0.052029994682792166,0.1359400202631328,0.2200525374644171,-0.03666280287394049,-0.05853291960180371,0.3796296296296297,227.02603018298066,1.0
11.744355,63,381.601495,0.29195684700303715,0.0511545213732695,0.06660792564277244,0.24385600000070215,0.03502636236926235,0.007052418954751671,0.37169312169312163,215.71378705998674,1.0
11.956768,67,381.789695,0.2972108421961557,0.03340811539753569,0.0763200487293353,0.23909442889746652,0.028055163570226083,0.04708268398712197,0.37064676616915426,218.7345365092105,1.0
12.162971,75,381.973573,0.31750463957895186,0.027833450087560347,0.13735597707428376,0.2182020363891375,-0.01659625302409309,-0.05205134211545329,0.3877777777777777,231.40575563957836,1.0
13.004796,62,382.122299,0.28366997505379543,0.013692403182921031,0.11229227010272066,0.25772946990970264,-0.0030953022392209272,0.04663513221897938,0.3736559139784947,214.47272215370418,1.0
12.75187,70,382.288797,0.30207054306036213,0.015156668083887359,0.10326682436314061,0.23355501124091793,-0.0030855417195527254,0.06369155337057494,0.3654761904761904,215.26614072859672,1.0
11.530808,63,382.462504,0.2891980269065747,0.03928777983169861,0.08523326895269623,0.24658361225232006,0.026231550699243877,0.038565615523901774,0.3664021164021165,217.16932136039793,1.0
12.555994,69,382.630869,0.30880331948214257,0.02072667903871189,0.07620772243349797,0.22468129668429004,0.012585580085087715,-0.015948418130624045,0.39492753623188404,220.17202420317554,1.0
10.276434,75,382.821698,0.3173704436954109,0.03095844119142528,0.09631071934488071,0.21591055215482824,0.026165151245213226,0.054913899914763045,0.4022222222222222,219.95406206597636,1.0
14.077652,67,382.988545,0.2979134131201651,0.018252747812321793,0.09294582672875433,0.2413702166020709,-0.011226754796432854,0.014423864025039035,0.383084577114428,226.35692034088862,1.0
10.888247,82,383.202504,0.3333749055266221,0.02899372976542883,0.07299850959822471,0.20112666285785036,0.020612422593960043,0.03995621821776244,0.3932926829268293,215.26630162682204,1.0
12.023863,70,383.377799,0.3096020644811633,0.03620317869878126,0.0881160317313511,0.2247935969723331,0.015948717051077647,-0.00542277523253919,0.380952380952381,222.1658960036331,1.0
13.4612,74,383.560854,0.31367323499638267,0.025425185947233284,0.063183919616579,0.22336897881232248,0.013615814618617035,0.007223184445222472,0.39189189189189205,218.3375679201981,1.0
12.455287,65,383.745047,0.2957859499705574,0.035623220813604785,0.08240895571667417,0.2412161101563351,0.02460798958676457,-0.009773925401162972,0.4089743589743589,214.88716936490482,1.0
14.021717,61,383.889264,0.2823818972383648,0.014420321568983709,0.05994893476640146,0.2569835832973702,-0.0032112581716329715,0.0037321934891796104,0.39071038251366114,216.85170556418262,1.0
13.291009,58,384.035958,0.27459454358466745,0.020077619407624148,0.060829225654047636,0.268902747489856,0.010060608765741965,0.028176055351488188,0.3864942528735632,210.7352386197142,1.0
12.535244,67,384.19933,0.2976930321973434,0.026284564031634212,0.10424495915027482,0.23984614114979333,0.010994929978257656,-0.02674199761351239,0.41791044776119407,220.59368242794557,1.0
8.102196,73,384.390412,0.3170912261627775,0.07011557184412853,0.09470273931267142,0.21576026832726525,0.05298382596640838,0.025926305021840814,0.37100456621004557,219.90513750910384,1.0
13.094357,60,384.532519,0.27272444107937527,0.018063752734761043,0.0955381504963566,0.27178605644035786,0.0036546786168609236,0.03899153968585856,0.4,211.22735221292132,1.0
13.706407,61,384.6954,0.2809558292376091,0.03334587924862825,0.07255048268546509,0.2625267400615381,0.014091138741288332,-0.02749028488183504,0.3811475409836065,216.49250276891783,1.0
12.737582,68,384.869965,0.30187109055706896,0.021240953009467472,0.1182711415285952,0.23450896394690735,0.0020540036572044727,-0.032051217390602536,0.42769607843137236,220.73597390110731,1.0
13.362465,60,385.037918,0.273515582536151,0.015416759708322028,0.09429435925098414,0.2737434976674258,0.0001291011157625245,0.02455456291781783,0.38611111111111107,213.91932973420958,1.0
14.0758,58,385.182407,0.2709327565726665,0.017539206082197313,0.08497642224750483,0.2805589372480323,0.009544410249715819,-0.0065101770755121545,0.41666666666666674,219.52067954514618,1.0
11.952482,60,385.336138,0.27603329514423053,0.038366965916424266,0.099621063385533,0.2670952036938464,0.029999635688443785,0.015093179334208968,0.40694444444444444,210.4401888257907,1.0
11.901658,69,385.510031,0.3010425658231133,0.02583823664342481,0.16456568505406424,0.23432648176112142,-0.016939049209215913,-0.052379705839733545,0.4106280193236714,225.811920308989,1.0
14.188597,59,385.674627,0.2731578534137973,0.025284420401618414,0.0754731746879943,0.27411846711263094,-0.011507776375688545,-0.015136730007037464,0.41384180790960445,216.01791205505256,1.0
14.607685,67,385.836197,0.295018893437921,0.018571823178652094,0.06390389075533498,0.24296874818993192,-0.005576380484986464,0.009599116290132012,0.39179104477611937,209.52338098121012,1.0
14.846729,60,385.981194,0.2691991757794692,0.01766516635742216,0.07806757659236697,0.28193622163326043,-0.008643140839189446,0.00246340586316074,0.3875,221.1245277998779,1.0
11.600296,58,386.118993,0.2771759840571509,0.051298682135597656,0.09523949056145246,0.2618141299662398,0.02812033477005544,0.019004272428816353,0.389367816091954,211.87525495549008,1.0
13.302543,58,386.273375,0.27284679940286705,0.01581428804832923,0.0790497215854517,0.27412006469990235,-0.0016220436652573324,0.021135263482261683,0.3951149425287356,205.9997475062513,1.0
12.814005,53,386.404814,0.2631466633436598,0.01808461673953878,0.0705150442764249,0.28860740269130475,0.008998885276945869,-0.0035998848884662257,0.38207547169811323,202.3478100506279,1.0
14.358902,74,386.588217,0.31313700519991555,0.017125804492024013,0.07825321171552681,0.22057416852958314,-0.003990259864653498,0.0011243687069359724,0.4324324324324325,217.06274669644233,1.0
13.106187,60,386.738137,0.2785204217282442,0.039343224660444015,0.08100396261094288,0.2626725608532726,0.017638272628299187,-0.01573374690800858,0.4055555555555555,217.89715575254422,1.0
13.03915,60,386.882934,0.28033799581562446,0.01924399426812387,0.07166296740774977,0.2606806290070112,0.008882124550176574,0.023248834484444772,0.3861111111111111,204.5045767471216,1.0
13.073834,57,387.049981,0.2691116640074255,0.029467420279665722,0.1158605043764989,0.2787619249277969,-0.021930527046678614,-0.05573746037253595,0.39181286549707606,218.71706929814545,1.0
12.609351,54,387.184488,0.2665391572491028,0.02771353515757411,0.09130212967885318,0.2874029078313249,0.010466710807444681,-0.017650708556988286,0.4212962962962963,214.5912140895485,1.0
13.37938,63,387.34289,0.28489735612410066,0.022317384301231983,0.08510404426584252,0.2576137847959734,0.01016788706313855,0.004566308053932752,0.40211640211640204,211.44402787787297,1.0
13.292977,56,387.476926,0.26755983544182455,0.016234817654799394,0.06619992783542636,0.2817912859445229,0.0084388825522753,0.0072478577897593975,0.38839285714285715,206.99415555854685,1.0
13.224032,61,387.646556,0.27896595010257524,0.02531791591749795,0.05090208138548482,0.2630435166507078,0.014011981404429039,-0.0002566726431686567,0.4030054644808744,209.00477029340377,1.0
13.217585,55,387.780299,0.2659752277111304,0.021317664890123083,0.10746288861111057,0.2929860939638565,-0.014431902733889546,-0.04549856223460101,0.4015151515151514,209.5555023175692,1.0
13.259402,57,387.923206,0.27048315150287633,0.027040235120356172,0.05730447746414958,0.2792462388087768,0.01879398390379071,0.013590881825302163,0.3801169590643276,213.0903255586025,1.0
12.702664,61,388.139855,0.28021013823494717,0.04082842257224761,0.08554802381382484,0.2627999122243253,0.02862536128987135,-0.001352069671178288,0.41530054644808745,211.23731344224987,1.0
14.152751,61,388.336689,0.28068955473432483,0.022013859335455285,0.07471820663240508,0.2625673165376295,-0.012902024103926261,0.002426072375017827,0.37295081967213106,207.494982225772,1.0
13.81285,57,388.484375,0.26568426377103344,0.01748362030074217,0.0952855652265666,0.2832972481376611,-0.004536131213790796,0.01662040414535294,0.3888888888888889,211.35965983866666,1.0
13.691618,55,388.614985,0.2662961128665584,0.025432064564598362,0.07911071919070224,0.28655472794389253,-0.014490893366226958,-0.009208076884701799,0.396969696969697,214.4485234778935,1.0
13.841859,57,388.754292,0.2697901568590406,0.013684862008554564,0.08160732937959911,0.28090812618256594,-0.0010278651167340504,-0.023874362307887705,0.40204678362573104,212.9113377508028,1.0
13.783058,62,388.905385,0.28547962806202765,0.01696265608477011,0.058638100000864314,0.2528079110993025,0.010040629109674648,-0.010229871561034302,0.40188172043010767,204.33355413949735,1.0
14.593758,63,389.080057,0.2808106227221394,0.024263461272038333,0.04877761962770392,0.2633447819950875,0.009185059886766607,-0.00194211541593475,0.39417989417989413,212.3018233224389,1.0
12.442027,56,389.213464,0.2681038198615176,0.022755376770962215,0.1335511916216481,0.28258591284834084,-0.008263988308617897,-0.05500768090710294,0.4077380952380952,214.10828466299543,1.0
13.688476,65,389.379396,0.2911086697001264,0.018389120327511718,0.09764037428266321,0.24764394623753883,0.0025507957903254854,-0.02949487797389336,0.42179487179487174,214.49517547321406,1.0
13.95091,58,389.514878,0.27294484673774333,0.02435453986445632,0.08359846155293146,0.27519506013304984,0.007883186684727097,-0.012669817321279647,0.3778735632183908,211.54657644547297,1.0
12.273664,53,390.072564,0.2642054863282813,0.017335180645576098,0.10620956392974562,0.2945579672499144,-0.007871671789584195,-0.009499275652688616,0.38364779874213834,208.148440157326,1.0
14.130758,57,390.208814,0.2692307056417191,0.016290175990020826,0.05842285115960049,0.28171594233081154,0.00011733102811404883,0.015131743881580523,0.38450292397660824,212.11814770010298,1.0
12.263086,65,390.372387,0.2926659254457582,0.03283383768928601,0.08148541424499976,0.2481339737236749,0.028934160420915137,0.015481850935866412,0.37692307692307686,205.89816002813362,1.0
10.950584,51,390.496928,0.25750513339069536,0.029642235667763573,0.11255612844594523,0.3005941494664239,-0.009220052747673527,0.04086619589428778,0.38071895424836605,208.31925595473024,1.0
14.44637,64,390.671848,0.286080216119646,0.02772907289141607,0.07541198656740171,0.2560622260776056,-0.014437936587982774,-0.04228250479676543,0.41796875,207.8857860517242,1.0
11.619888,57,390.814919,0.26935505537900967,0.030983911189555142,0.08908727733974868,0.27627739089679415,0.022746399218809558,0.053261783518773476,0.4093567251461988,214.64597265824338,1.0
13.51966,59,390.963543,0.2760158784437661,0.02624700683764472,0.08471067916721184,0.2698247750810964,0.009211251868966243,-0.011824153526413793,0.38559322033898313,211.34559149507905,1.0
14.096875,59,391.10531,0.2739497672354355,0.024464952423152143,0.05672671419326364,0.2734133638899025,-0.0069793692305680465,-0.003522684140759637,0.3912429378531074,211.18260615541735,1.0
12.983739,56,391.239754,0.2714545807361414,0.017442713053600335,0.0832657204348726,0.27566946511372586,0.006403124082382332,-0.024256638534802543,0.37499999999999994,207.19588909908197,1.0
11.885682,61,391.414545,0.28750349229916833,0.031003834318450604,0.09124198283628711,0.24771425364612912,0.02020754641657885,0.028786566120053956,0.3934426229508196,205.11098478218193,1.0
14.408646,68,391.576562,0.2987000576326282,0.014717164904166299,0.05299716686227185,0.24093717089875474,-0.0036367928300464133,0.011940978974474123,0.3897058823529411,208.77330992711427,1.0
12.55193,63,391.722291,0.29065806559855,0.0310388143799656,0.10510349840066607,0.24526974428079826,0.009460544064118108,-0.03451514596973335,0.40343915343915354,214.3853937092565,1.0
13.301722,66,391.884567,0.2911783200094937,0.01922174450498547,0.07557496738025563,0.2490996422992855,0.006976545521867909,0.045060050303867706,0.4015151515151515,210.03569569358422,1.0
12.768016,56,392.047295,0.2726335535281588,0.024498793196988673,0.08334084062037042,0.2721925710073217,-0.007900695547633726,-0.03292111118225511,0.40476190476190477,204.38650051876112,1.0
13.883027,62,392.205568,0.28353557400365553,0.015622738013453355,0.0542130636907894,0.25577021544869694,0.004203366842219826,0.01049227557494375,0.38709677419354843,211.59690984695797,1.0
13.842699,59,392.353129,0.27741482869664,0.0182852316293869,0.0750571472011395,0.2635392128592267,-0.009835644578086876,0.02190327845624844,0.38983050847457634,209.35432507903025,1.0
10.63731,57,392.49317,0.2813834372993906,0.06971512298750525,0.11421286484857622,0.2573750207223712,-0.05457232977158619,-0.054209425540273415,0.40935672514619886,225.77596256649866,1.0
12.579838,65,392.677846,0.29525007207728204,0.0380090541190812,0.09670866497872799,0.24332961737505662,0.012845996965504205,0.004271621209671111,0.4038461538461539,219.80559819826126,1.0
14.606263,69,392.852052,0.3034788114166997,0.02423917620801277,0.07400481738167788,0.23304264690013443,-0.013216619555407953,-0.021658432536630922,0.3864734299516907,217.70439507294088,1.0
13.865066,57,392.99466,0.2726998131423277,0.0344720927207094,0.08955030612074441,0.27694798316526775,-0.026144183670706297,-0.03782234020429307,0.3757309941520467,222.34440605119667,1.0
13.607804,62,393.152526,0.2864242572005652,0.018467379420542555,0.08991013662843733,0.2529950940222996,-0.0062359723066010815,-0.030276874736526495,0.3870967741935484,208.78521188718452,1.0
13.818718,68,393.347159,0.29658477855222826,0.020488231242256832,0.06997106220409173,0.24242128308760091,-0.004157210389437436,0.03509491669055269,0.38602941176470607,207.96345814556872,1.0
12.126538,69,393.524538,0.3095913784614729,0.036668470255829255,0.11973794877076613,0.22387056743069325,-0.01615370212999061,-0.05473107534923951,0.4021739130434783,215.06241437950519,1.0
14.579189,67,393.6918,0.2981427753386518,0.023704060003533086,0.054162323781176684,0.23998806909340947,-0.01507173752735945,-0.0023042156641256135,0.39427860696517414,211.75262941031076,1.0
12.35707,74,393.871677,0.31787187817501555,0.024560424066947938,0.13260199652317475,0.21797987506440344,-0.013889563967487393,-0.044488208413284,0.4076576576576577,228.14323964718338,1.0
13.936595,73,394.070142,0.3120187997832856,0.01676601393828949,0.08317674099728951,0.22404290229367899,0.003492992151150047,-0.01168314913084071,0.38127853881278534,215.16638679747567,1.0
7.115546,58,394.216111,0.29467776121559053,0.09643111671613434,0.14226225433588527,0.23964863283436375,-0.07114971298615695,-0.07843144888663746,0.4051724137931034,222.4578799980108,1.0
14.272928,73,394.396746,0.3141558184206734,0.02121984791615601,0.06602265846797781,0.2199904995747412,0.0019418193108142166,-0.0151781754992262,0.39954337899543374,213.7494316716688,1.0
12.716138,72,394.59564,0.31833723557958826,0.03876667665594284,0.06294271219788082,0.21122454275291447,-0.0200117047464415,-0.018258553939161523,0.40277777777777785,210.7379380462442,1.0
11.104893,61,394.744227,0.29266386820372614,0.0754712924219261,0.09465080585870267,0.24193059339861167,-0.058923207965388545,-0.0332200104112047,0.39480874316939896,232.12747202661723,1.0
11.340389,89,394.967042,0.3540537700325285,0.05135648192211452,0.09625574943916175,0.1756795224890353,-0.03486720306890164,-0.02857463026339266,0.41573033707865176,224.50416084069914,1.0
13.185659,70,395.140859,0.305766027234083,0.021652615300944842,0.09983226540179616,0.23059210937428318,0.002867287450696244,-0.010672167019200072,0.4047619047619047,224.4345302351579,1.0
12.445597,60,395.319449,0.2906542112907585,0.04155977205993059,0.08802930122128506,0.24315132941194975,-0.029969180679621732,-0.03336735113891953,0.3958333333333333,218.03993927406324,1.0
11.617174,69,395.494281,0.3088021048060523,0.052820325799856016,0.0863316246836082,0.22770859695924386,0.02907795641033278,-0.0007118368864995263,0.4070048309178745,215.08856570977625,1.0
13.38735,76,395.679326,0.32267499661550597,0.01899227455737431,0.07911234221562786,0.21223189324000646,0.0038048297900785157,0.0003804982559473039,0.4089912280701754,219.57956432444266,1.0
13.285381,74,395.863858,0.3195424079624763,0.02367685959332326,0.05966215509869374,0.21312263207388188,0.00892545173596692,0.018599785571307825,0.41554054054054057,215.65081444511483,1.0
13.781711,70,396.069368,0.31012363704789836,0.03737866735371709,0.0788869611387136,0.2230334903000671,-0.026110625529331525,-0.0020372004802253407,0.42857142857142877,223.03061297287462,1.0
4.962227,98,396.319235,0.38359982155523775,0.08370343454516666,0.10142035729377723,0.1392052771448656,-0.0578271858628649,-0.026564065882053758,0.4251700680272109,236.85031694300537,1.0
-2.961642,146,396.687456,0.41971400765639805,0.06930064830443794,0.08193377612405268,0.10076165307024872,0.03832188497621759,0.02285064201906028,0.4286529680365297,216.77669839454614,1.0
7.216362,89,396.923405,0.36059008328574277,0.07770884688521773,0.13102597690625226,0.16590734546206462,-0.0522220812452508,-0.049790026336649154,0.4344569288389514,240.4503646770841,1.0
13.671806,60,397.073434,0.27933996899258,0.017661994332903656,0.07990760116656062,0.2614568377828599,0.002399614255555281,0.02644544381845518,0.4083333333333334,209.67797453642734,1.0
14.173057,64,397.25243,0.28935566080843195,0.01879348716025593,0.05983283059942554,0.24938947625769517,0.0027154031229109908,0.024489819195786452,0.3945312500000001,206.49920128402783,1.0
10.088873,83,397.462816,0.3500177774516281,0.06363979771510932,0.10389175046650304,0.1786634035931892,-0.043920004499965165,-0.03892293681724467,0.4257028112449799,238.25806880466715,1.0
6.405194,67,397.631766,0.3263989362193027,0.0987099224572533,0.11724699691113648,0.20095852235262238,-0.07744477194829555,-0.049200970550197703,0.445273631840796,244.19321139419282,1.0
13.004357,77,397.825279,0.33045645404943996,0.026057984047106204,0.07518527201346681,0.19948690590935703,-0.012971066368981047,-0.02030980911927413,0.41883116883116883,225.79092666416432,1.0
10.0962,79,398.119135,0.33975972987493624,0.05619147890990491,0.1036321692930059,0.18745156009822453,-0.041237923040436386,-0.03485086750565099,0.43037974683544306,237.1500129271407,1.0
12.814458,73,398.296699,0.3126169021122119,0.035750629755557976,0.08163041612872761,0.2229174674625377,0.018536754032702406,0.019351568575246517,0.40981735159817356,217.6828858622631,1.0
12.493984,82,398.49888,0.33539785705223013,0.03219861140525702,0.06875032793059166,0.19904752853330954,0.01809521410327065,0.01964688433063131,0.42378048780487815,223.14225232562538,1.0
11.320467,71,398.70836,0.31076448347399094,0.051191521207861794,0.067468123833627,0.22382402660794815,0.03801897526460632,0.01363701938196022,0.4084507042253522,212.78881445098855,1.0
12.966991,80,398.910185,0.3327172989276933,0.019802062257581653,0.07558179471638822,0.19761332125729403,0.010078222343353605,-0.003962014375693126,0.415625,218.6476617089615,1.0
14.595495,66,399.077647,0.29060927058893204,0.024225678308848697,0.05507832615659086,0.251643703821391,0.006929004223991728,-0.004086353149945113,0.41414141414141425,217.04189526278947,1.0
12.876895,67,399.238007,0.29568355397215046,0.04295110960927004,0.0638575923730407,0.2440040181152642,0.032021066007367045,0.020876376028951406,0.4129353233830844,218.43704896608605,1.0
5.672161,102,399.511932,0.3849837018408001,0.07163659684154115,0.11828969223469991,0.13855922590763314,-0.04685491429943309,-0.038030202428480715,0.44362745098039214,243.13713578950728,1.0
11.624537,62,399.662272,0.29320878707962406,0.07578310831925032,0.08930683138042601,0.24353097581622676,-0.05293221125874366,-0.03714932269667414,0.41801075268817206,218.9103959923548,1.0
13.214511,67,399.825612,0.3053040545311856,0.018666254059511105,0.0842373528149848,0.22738672499437845,-0.002399073413592405,-0.02389147543910256,0.3955223880597014,218.6560418253837,1.0
11.632264,74,400.032375,0.3158782446814534,0.043784402773469705,0.08348566288306547,0.2187097610308787,0.03158923707358595,0.020574914588993378,0.41779279279279274,223.70117621496934,1.0
8.141433,79,400.221176,0.33234548325564645,0.06723628757872153,0.06930379090584803,0.19757107043807137,0.05247654593409356,0.02728186926823881,0.42616033755274274,220.09325732175822,1.0
10.915821,103,400.469709,0.36872608473602553,0.02467130691912654,0.09425408047410146,0.16244922812683338,0.01238446703998205,-0.01813774588225051,0.4498381877022654,225.59394338325686,1.0
13.020568,63,400.660226,0.292909705883151,0.025163332895412883,0.10239241314965387,0.24225632378563464,0.004311391403409614,-0.03962050540581926,0.4404761904761904,221.86347592975358,1.0
13.700976,74,400.841003,0.31981423966141326,0.02355648470116772,0.08350731697919492,0.21391101157287576,-0.013611657209450883,-0.013812787037593432,0.43468468468468463,225.80346754398406,1.0
14.335398,79,401.046356,0.3268632522211379,0.026515112054072306,0.06792313210793482,0.2082848327617154,-0.013319703512712666,0.002515072076920757,0.4377637130801687,231.33082896936085,1.0
11.186186,73,401.226212,0.31480685553385257,0.05087047296691081,0.07831809991185455,0.2207822312108645,0.033422511581794566,0.0223697095322364,0.4269406392694064,223.5801624258262,1.0
13.470784,67,401.43571,0.29852383275364186,0.03388222750527843,0.061960308219926714,0.23759904079600058,0.020692021985129597,0.005403389821327618,0.414179104477612,217.94698580149984,1.0
9.509551,121,401.734832,0.39277092236606154,0.021032259430051634,0.11260161255096886,0.13474857469295093,-0.007036505565705938,-0.024537043355534423,0.4304407713498622,230.77015471600666,1.0
11.777548,70,401.909843,0.3069994210778732,0.04877600343152628,0.0990944654415108,0.2290734104045483,0.02585481509804137,0.013098575946823801,0.42500000000000016,226.06578162388277,1.0
8.970643,107,402.195307,0.3809945002903358,0.05909259286371673,0.10388902556908002,0.14606642812449322,-0.034818897616284455,-0.0287950678629919,0.4369158878504672,239.78238387362626,1.0
11.20591,63,402.352061,0.2952971377472013,0.038942560756521874,0.07747199614037362,0.23835016994944394,0.0301652114160449,0.053946406526285955,0.4246031746031746,209.27306353383895,1.0
10.165345,77,402.543712,0.32822408121633007,0.04795092944940189,0.06833077701773405,0.2014115891518201,0.03659346165587843,0.03306585486357611,0.41450216450216454,219.38221199696125,1.0
13.218897,71,402.747213,0.30972770613222733,0.029281304987777944,0.0753935352860974,0.22549745630180226,0.021532574914452887,0.00017822046302825526,0.4143192488262911,215.80952246657046,1.0
13.679152,71,402.928841,0.3101825410446305,0.026957647671442837,0.08352076408149206,0.22578119254131185,0.009265625853471482,0.022196005629232463,0.4225352112676055,219.12607068572532,1.0
12.752595,73,403.108112,0.3194067674641728,0.029942423605511,0.10079956320994708,0.20959645749914946,-0.01332310836692664,-0.01039725706651599,0.4292237442922374,232.019329088484,1.0
11.794831,77,403.312223,0.3232278714417984,0.04104099579937955,0.09708862659079179,0.21264352014926186,0.021753934461600097,-0.00957295454361599,0.41341991341991347,221.67134054870277,1.0
14.543813,62,403.458341,0.2880654164342194,0.021377000654610397,0.0724011591355721,0.2529652626480701,-0.007442390840375467,-0.0006061960842465154,0.41666666666666663,226.67265472573067,1.0
13.524939,69,403.622343,0.3045665032890729,0.03483809151840482,0.07891066186630266,0.23360343475704193,-0.017964805179690218,0.02783484577160364,0.4106280193236715,217.95586202410894,1.0
12.042105,101,403.866806,0.3720756369807762,0.027824184219892655,0.09269212422547844,0.15638631460084745,-0.0036291136405176005,-0.025328939552160482,0.44966996699669953,228.71899297627738,1.0
-1.404304,92,404.117394,0.3697969019798946,0.10601979876304558,0.0973844352114796,0.15533367303104964,0.0694323090400017,0.04643321923031994,0.40307971014492755,225.50709657288562,1.0
10.679669,96,404.338673,0.36659446344206176,0.03659211660023095,0.07079433140321445,0.16113282488505057,0.019784794250496812,0.0012832678795154254,0.4262152777777777,218.13581390539207,1.0
13.225355,64,404.493167,0.29221085604187175,0.03613477394022997,0.0611723571066415,0.2443636826719905,0.024892252189730582,0.004703629379257945,0.3997395833333333,218.69241372085517,1.0
12.218149,77,404.696857,0.3301878037366498,0.026530504766747263,0.10698701272304341,0.20177819857256596,-0.0070587079200197,-0.016707719968804473,0.42532467532467544,228.093772359057,1.0
13.611336,68,404.861434,0.2989851986454441,0.025949563146833773,0.07239976573764285,0.23911319639232367,0.01494894954667472,-0.014440242317415008,0.4044117647058824,226.08235130145277,1.0
12.536578,71,405.036269,0.30887979659392634,0.045241034562092906,0.07352319017224261,0.22901943135337496,0.027123386578401694,0.006030101990298429,0.41314553990610337,225.38761183338218,1.0
13.827591,60,405.209318,0.27706283986426894,0.01801617546953158,0.06625827395973954,0.26862660795814935,0.012303913305183397,0.0008678602567379035,0.423611111111111,219.2937282791415,1.0
11.482587,62,405.358744,0.2821480721006812,0.04398694502476682,0.09494484056450428,0.2571894415356672,0.03184553582755069,0.05253142817734961,0.38844086021505386,219.5995755738581,1.0
15.087797,71,405.529542,0.3041189254813185,0.01981696884537037,0.04946315444666758,0.23570632476877063,0.0037092513945473403,-0.012419318678545595,0.40845070422535207,219.98264104889594,1.0
9.364673,71,405.702103,0.31153874733262277,0.06734684449005982,0.07930196810090473,0.22240619876087475,0.044518474673983274,0.0531622498302841,0.4025821596244132,221.91856701568452,1.0
13.176867,75,405.942382,0.3156895720486226,0.028666404758108232,0.0875018043237789,0.22043180906512366,0.01268730347861271,-0.015503682651248548,0.4055555555555555,224.75681136735423,1.0
10.850769,80,406.145685,0.32820565574036326,0.043046878172870444,0.125149301922726,0.2080493598350853,0.02523389746033684,-0.026998478049720914,0.4302083333333334,223.0164767798338,1.0
10.912561,70,406.319742,0.3071221182313577,0.06236161699330184,0.08388303059589777,0.22886172658672552,0.04208288978929496,0.02616218780239568,0.41071428571428575,219.50288460375748,1.0
5.004226,65,406.477323,0.30296763452445796,0.09268906711457185,0.11894347672171937,0.22916706137615153,0.07064799991616445,0.09175705385465259,0.3987179487179487,222.3550319918571,1.0
12.457424,54,406.628851,0.26512741177861127,0.020356127623240163,0.11713489910045392,0.2848365212214846,-0.0047719514389786685,-0.00520248651342442,0.42129629629629634,219.3044258997108,1.0
13.430306,70,406.792375,0.3059257745681793,0.02670475019728569,0.08520808321907086,0.22979957071950272,0.012656729476706183,-0.00963447905235448,0.40476190476190477,219.3536881943294,1.0
8.969382,84,406.995876,0.35359630264673303,0.07593702863704803,0.10523121625681513,0.1737195557407191,-0.053148161847081106,-0.04240140295348998,0.4285714285714285,242.05658078058877,1.0
10.477038,61,407.184661,0.28332486034137383,0.04746712212215514,0.09487939811827527,0.25591399206915866,0.04311078993100819,0.06297002972592769,0.40573770491803274,213.14188809034627,1.0
13.313101,70,407.350485,0.30160535057251203,0.04503272285953787,0.04863232647120727,0.232896777907595,0.036628752093400656,0.019688708890505207,0.3988095238095239,214.31403412735358,1.0
13.086566,59,407.492643,0.2801510734244957,0.06014903254882804,0.07605618526619627,0.26188385558023275,-0.042728127127284896,0.005828843635099539,0.39830508474576265,221.49134661169768,1.0
9.526848,59,407.629604,0.2739899597864083,0.04688879410499862,0.12197028105577895,0.27006236974791087,0.04326826081081506,0.07917463931565444,0.39406779661016955,217.3576559222135,1.0
13.259931,60,407.770947,0.2830953991510041,0.040193138425872334,0.07225794326292974,0.2575203405814865,0.02361894667141505,-0.014921395192569705,0.41111111111111115,210.66667265600427,1.0
13.892571,79,407.995338,0.32682865824177343,0.024517232461386117,0.09102355766218347,0.21075584459880997,-0.006612949342632341,-0.032355132999610126,0.41772151898734167,230.84385634073328,1.0
12.292218,87,408.209956,0.346162613413828,0.03073229687911955,0.0922144591285311,0.18607321358607254,0.006960132911327547,-0.01768239177584562,0.43582375478927216,225.97529586531343,1.0
13.36818,66,408.364652,0.29175424589410714,0.04118571328071484,0.058770818987053865,0.251606476477921,0.029176789231820814,0.026898245665822263,0.40656565656565663,217.54512794955338,1.0
11.981319,94,408.616554,0.3545296008583962,0.02734540624385911,0.04911086718878442,0.178088852045948,0.017981640989540627,0.0064090226099030615,0.42021276595744694,210.39387763701947,1.0
14.197169,69,408.786312,0.30034263853430754,0.028556000095972332,0.08645854728047485,0.23703010575258407,-0.01792389088015909,-0.00018802894261148596,0.4106280193236714,223.21925449004428,1.0
14.52993,63,408.937946,0.2859578078686099,0.021190237196038797,0.0529718750820747,0.2570042995083589,0.015055087216177893,0.015546452172376555,0.39814814814814814,212.51940919946966,1.0
12.557776,74,409.136011,0.31076789147961,0.03779644278441075,0.05795898645684096,0.22556253508891688,0.031853071913200734,0.02716169422480453,0.43355855855855857,215.50688802590173,1.0
14.096576,71,409.310488,0.30313543610432864,0.021707196211245595,0.09470403883690778,0.23546283133510887,-0.006882151966927009,-0.03461439768666499,0.4284037558685445,220.7713816115226,1.0
14.96514,65,409.472026,0.2905818092502426,0.020350595495643914,0.06641278645693027,0.24978860050297857,-0.006445784216301999,0.003923016237582657,0.4153846153846154,224.66340938391855,1.0
13.278944,64,409.632036,0.2922456158663045,0.030659278011627482,0.11377508196792313,0.2456636028955431,-0.0232066146257573,-0.032806331912340704,0.44921874999999994,229.065134949499,1.0
6.167252,76,409.834987,0.3248462440094513,0.08449054724452293,0.08214863964924432,0.206450252274212,0.0596514955186015,0.04259681022336204,0.41008771929824556,222.16626779930687,1.0
13.113814,62,409.992546,0.28198328567198566,0.02270124329014472,0.08629354622487308,0.2641034291034237,0.010681120392796032,0.045583943170957944,0.42204301075268824,216.47713766628098,1.0
13.361894,60,410.139174,0.2818203348671778,0.04005867511498633,0.09832436591374528,0.2613326082456659,-0.02351174183181733,-0.04764249554269232,0.4388888888888889,217.33987327232634,1.0
14.370185,67,410.297146,0.29426408235069507,0.02711101934640115,0.081662386963782,0.2454983969894751,-0.015290869030481168,-0.02246529198562192,0.41791044776119407,217.6144324521652,1.0
9.514376,62,410.476155,0.2832166570769042,0.05753617984018254,0.08838805551729098,0.2545249493742692,0.05075792388531378,0.06470834056204637,0.3951612903225806,221.43109396041288,1.0
12.545597,72,410.660956,0.31622444449630477,0.049995970759844625,0.10579195843372648,0.2172614863675086,-0.03633543473928259,-0.044942609984188336,0.4340277777777778,232.89361964087144,1.0
12.80895,67,410.822658,0.2989136737589734,0.04111540069815997,0.06765516791264414,0.24162830515791775,0.022913470296330552,-0.014196990872653073,0.41666666666666674,215.29401354674022,1.0
14.652125,65,410.982503,0.28771151495095254,0.018186496382289388,0.06289479563769401,0.2562545587718768,0.009064246588958975,0.0177993164605375,0.41923076923076924,215.42202630470123,1.0
14.44869,66,411.188486,0.2928305573598783,0.020193613856813696,0.06699195235255172,0.24850240522906894,-0.0012324177732323859,0.000560144239643793,0.412878787878788,215.69972353680188,1.0
10.445681,73,411.3718,0.31875286890343885,0.07212391731891023,0.12875218200337887,0.21588494387922427,-0.05071693036101402,-0.053791937156935414,0.430365296803653,241.1725678006347,1.0
12.131217,60,411.521053,0.27470303091709986,0.041126580742962694,0.08439191841174241,0.2706519875187359,0.031934219998051405,0.0405139078043517,0.423611111111111,214.7884587156979,1.0
14.078024,61,411.669513,0.2758123448815646,0.012720641935171055,0.0771793123988128,0.27070437257314006,0.003935195377006689,0.013485808629548571,0.40437158469945367,223.76734325750866,1.0
13.883658,73,411.873147,0.3151026729509483,0.020667082475919776,0.09490703656627869,0.21941911213571735,-0.0016274660075259407,-0.028267875646469275,0.4372146118721461,218.24800490430212,1.0
11.572655,63,412.036125,0.28604252738343783,0.05525855919842552,0.08645041261827426,0.25341659370656244,0.04015565817468808,0.046486464212869526,0.40343915343915354,216.643670419254,1.0
13.048468,67,412.197303,0.2975973111273328,0.05121733641099764,0.05191496734949301,0.24378567470363963,0.03320449270972378,0.011314510205332855,0.41044776119402987,214.6884846584136,1.0
14.373617,65,412.350594,0.28669160195062904,0.021017003494171096,0.06573406191543187,0.2584843285275644,0.009231013787819485,0.026040858143138643,0.4371794871794872,215.15499184801263,1.0
5.745321,69,412.536739,0.3078124824408867,0.09075467822202339,0.09591627551697697,0.22399647441747847,0.07085111725164676,0.056815044662651665,0.4202898550724637,220.94998068627743,1.0
9.530136,59,412.679406,0.2785017827098601,0.06903387523324447,0.08483036987402924,0.2658238444284476,0.05866899142904522,0.05891926991941461,0.39124293785310726,212.54820546079569,1.0
14.900705,61,412.828299,0.274718856594528,0.021210091690383195,0.08289050914166128,0.2746485154576567,-0.014777235548534435,-0.010315298547350738,0.41939890710382505,222.95011203988588,1.0
12.528749,68,413.007066,0.29903274082641684,0.035346732469941584,0.11543710266234966,0.24227157777729655,0.012964507419190025,-0.028674600413190688,0.43137254901960764,222.25905266995161,1.0
14.197502,77,413.228958,0.3193477911205997,0.027928641830301262,0.06856074812026669,0.21872042563082353,0.009226916213508334,-0.0014824030969807153,0.4242424242424243,221.41365423916253,1.0
14.185409,64,413.385104,0.2863554506766111,0.03182766034186538,0.05726390639080143,0.25678675436911863,0.01479951432162187,0.018585160336594325,0.4114583333333334,219.37878086130513,1.0
15.186268,60,413.530833,0.27226936595134976,0.019009638859935063,0.05416159871518007,0.28045414668261337,0.01031813738559598,0.013805579724469006,0.425,212.25230416904066,1.0
13.736598,58,413.678303,0.2724879435735651,0.037612579214879614,0.06910507142355247,0.27678732220774904,-0.021656526983561193,0.008121571041484494,0.4008620689655172,214.63402224663758,1.0
13.851262,60,413.84816,0.28137530106080944,0.03449645110241629,0.08650946987397774,0.262677779831715,-0.02523078395616939,-0.0394913853792816,0.4152777777777778,216.67375326947936,1.0
11.605361,62,413.999734,0.2902991785432219,0.07735311538097138,0.10166444965535443,0.24704606897931544,-0.054218863686638495,-0.057270438486151716,0.4327956989247312,223.64958990055325,1.0
13.73085,61,414.150056,0.27756067405634327,0.03464886302122795,0.06624644666257216,0.26832698634527447,0.018644429965656236,-0.004100384124050506,0.40983606557377045,216.21847329460505,1.0
13.482909,64,414.301058,0.2944408760172125,0.027524749944154468,0.10463338074325022,0.24343201602385953,-0.009627054691701139,-0.049599770504736414,0.4218749999999999,224.7933875767912,1.0
13.988365,64,414.470439,0.283500937822152,0.016460320143216547,0.07408857288581228,0.26022280550046134,0.009536110355603259,0.038319389410079396,0.4153645833333335,214.49487395123387,1.0
12.192365,63,414.615753,0.28189624086308157,0.03722302642094326,0.10329468313567725,0.26198174787853595,0.02762816962640217,0.05729529017244582,0.44708994708994715,217.48063382138827,1.0
14.149153,68,414.772761,0.29470772954486574,0.025383423469687364,0.09915961551838248,0.24503061611808477,-0.004226433362168219,-0.00012556053195770506,0.41176470588235287,222.33160281443307,1.0
14.523024,61,414.915182,0.27426887944144973,0.016547985617242557,0.0803412377638857,0.2738276460823634,0.0030947576924216583,0.03069313878143434,0.41530054644808745,219.13556764110228,1.0
14.310066,62,415.096089,0.2838795571245242,0.03455668932043151,0.07789102129891665,0.25914311315125477,-0.025186393042426054,-0.025337820406479705,0.4381720430107527,223.4592998005061,1.0
12.887961,57,415.230332,0.2694345926879543,0.02914243724010257,0.09712262648917377,0.28454993290013736,-0.00769200084544696,0.025607575827367637,0.4429824561403509,211.54710098307893,1.0
13.577033,58,415.367386,0.2750658324998561,0.02767359795774024,0.05781565460426106,0.27208270208223073,0.01518373165892376,0.012301758734473934,0.41954022988505735,203.1213133182572,1.0
10.159577,68,415.529485,0.30157932079330224,0.06177002674830147,0.07858801821288365,0.23510156649654199,0.051515721346193,0.04898408061982812,0.40318627450980393,215.4318846719444,1.0
14.8196,66,415.71116,0.2987886179514961,0.022268313088123853,0.05178842960694871,0.23989179654772727,-0.004870317847082,-0.009512783760470942,0.42424242424242414,213.94297507421567,1.0
13.631982,58,415.849223,0.27746082611672784,0.026976013026619474,0.09334871778369225,0.2716235382512202,-0.009191381689642687,-0.026097081769132783,0.4195402298850575,215.0191995315927,1.0
13.604684,75,416.043933,0.32437569363517393,0.038268095768137,0.09465885547198993,0.20803164123133955,-0.026390809590575236,-0.03448713943617218,0.43555555555555564,232.24996506675143,1.0
14.265818,60,416.185507,0.2808877650979605,0.028031057754601622,0.05709185172410475,0.2630816184473132,-0.013249380784066367,-0.020755739035002798,0.42777777777777776,212.08752316829387,1.0
10.783369,63,416.359929,0.29720333576819336,0.08217051338487932,0.11273077019274613,0.24007883070185476,-0.05790885456465089,-0.05268426424509402,0.4378306878306879,230.38310689578887,1.0
12.302929,56,416.493787,0.2630085739126269,0.026014597293882023,0.09656853357877332,0.29558241756844045,0.019341066978582334,0.054253112521941815,0.38690476190476186,214.54251695297435,1.0
14.310416,75,416.671351,0.31464107383692896,0.023324484732539248,0.07298795458772561,0.22495053591792066,-0.007258925248596456,-0.017174100503509225,0.42333333333333345,223.41121028880983,1.0
15.074831,59,416.810286,0.2746402622465875,0.03765586135245738,0.055072328256014304,0.27368419857060916,-0.024117439607963368,-0.011218240950239934,0.4265536723163842,220.47049838373317,1.0
14.738801,59,416.976155,0.27448697711098896,0.022005617219042792,0.06383769018513041,0.27317529227116016,-0.0004053129969375954,0.011633205654314287,0.422316384180791,209.16975420670738,1.0
14.004024,58,417.114339,0.27218880341425045,0.027514933162013793,0.07983245245454534,0.27428850074784333,-0.01448044719516274,-0.02035656207501398,0.41810344827586216,211.4015179803376,1.0
12.233834,60,417.260487,0.28320213292121116,0.07054463267902711,0.09067373599894792,0.2572500032310689,-0.05132464914324612,-0.027334004922382384,0.4291666666666668,223.27424670616946,1.0
14.305871,60,417.411179,0.2775734972062776,0.04743946725228624,0.06819142782829472,0.2695396874783153,-0.0321815864784614,-0.030937792357552663,0.4402777777777779,226.28112899635317,1.0
14.010489,58,417.581116,0.26963127690191935,0.031421830661374446,0.08742328970557821,0.281911105421058,-0.01617731287478212,0.017044298516308405,0.4238505747126436,214.99870688980238,1.0
14.215152,58,417.722059,0.26991136512249747,0.021572739614449638,0.05427787161916515,0.28194698416778874,0.012230354395963391,0.028541766893080658,0.4209770114942528,214.0621485740106,1.0
14.087048,58,417.868224,0.2740459067495292,0.025702984788137435,0.0701212637479901,0.2757262978838679,-0.009061536938416773,0.00933828350558156,0.418103448275862,207.91570168786217,1.0
14.741131,67,418.064558,0.29781194876728717,0.029179775349444402,0.05528434480391519,0.23929039383101375,-0.00868327550119279,-0.01566002624075649,0.44402985074626866,213.93661356238727,1.0
12.632019,59,418.289353,0.2689655538486419,0.02896361497453066,0.08662150013721963,0.281222260655706,0.01907426620161786,0.054657161618310114,0.4307909604519773,210.88808078639298,1.0
14.451003,59,418.439396,0.2692085837359535,0.033575696198560386,0.07411975915423372,0.2815124675317185,-0.01680557199069941,0.011839513613333873,0.4223163841807908,217.76169470343655,1.0
14.488766,60,418.579742,0.27675996950236914,0.02479246391549721,0.06416000451328187,0.26823064781560324,-0.013455992805848164,-0.025022928451791666,0.427777777777778,219.558276028531,1.0
12.193793,57,418.71534,0.277747085906356,0.06745606248751682,0.0981475094432512,0.26630482503468333,-0.053567681559628724,-0.018151482060415083,0.4166666666666668,227.72630426165716,1.0
15.12404,63,418.864186,0.2834613657656659,0.03996997212561324,0.05585141654926444,0.26119097692327764,-0.026320644615195277,0.00043602160750799923,0.44841269841269843,217.2430088371843,1.0
11.757351,54,419.014521,0.2600734552189041,0.024866720771623458,0.1285590589852279,0.29654758610237075,-0.005360441790309323,0.05755098555583312,0.4166666666666667,208.24265752442045,1.0
7.940153,57,419.145007,0.28310869026640767,0.11150995918074681,0.1257763598750346,0.2569356503591008,-0.0812927021635812,-0.0564127814538407,0.43859649122807026,227.92000151724235,1.0
13.883635,63,419.294827,0.28644870025332897,0.06028551620525194,0.06584400978019686,0.2542140555160384,-0.03667643099719465,-0.02967570582218084,0.4497354497354496,214.57591153945395,1.0
3.091886,64,419.448318,0.32402340406912833,0.13643110563890176,0.12831824412273074,0.20434894298023132,-0.09922131370909311,-0.072493928470992,0.4479166666666666,243.9697102570074,1.0
10.938868,58,419.607813,0.27987212867118294,0.08289337584090523,0.1115589683644103,0.26295468744690526,-0.06062975521264941,-0.052269053929537415,0.40229885057471254,223.01862111433468,1.0
14.21102,60,419.745181,0.28093750037256404,0.03339136583146659,0.06574722922799917,0.2632394330979318,-0.017429607585275047,-0.017304453694722825,0.4319444444444443,208.8858865653605,1.0
4.779623,56,419.876675,0.2872594093756952,0.13391025432513184,0.15599759690144008,0.25156599395879553,-0.10153852075726295,-0.08931776509458267,0.4226190476190477,234.7094429881109,1.0
14.66829,65,420.034329,0.2856578814465326,0.03808637989012973,0.08461070274740778,0.2575982768542232,-0.019417641815598817,-0.018116092739085377,0.423076923076923,213.6336611448984,1.0
14.443529,62,420.19739,0.27782774320474013,0.023734618012689702,0.08880086978935763,0.2661775075739857,-0.014238836699819705,-0.007006271417589436,0.41801075268817206,218.4839232697131,1.0
13.354559,63,420.356055,0.28175622258050154,0.0622080560897634,0.08281943169127964,0.2600606756412267,-0.043901277178554535,-0.014649218172542326,0.4219576719576721,222.518020064259,1.0
12.38571,57,420.489843,0.268111528764921,0.06832264098476187,0.09552913621778916,0.2878329991043749,-0.04760449965165988,0.002692626981625446,0.41374269005847963,220.50857103463716,1.0
13.263664,75,420.664347,0.319711850261392,0.05615064779840076,0.07087815924036764,0.21610668509545344,-0.03530094533755789,-0.03264712734601073,0.43,217.0298851604814,1.0
9.011694,62,420.828342,0.2892444404058867,0.1137829913637171,0.10207506673682881,0.24766482663511658,-0.08083517310701756,-0.040170274495849104,0.44892473118279574,225.58384028167058,1.0
10.215757,72,420.996733,0.31725776902583513,0.07997798811424574,0.11395764643442975,0.21555979889087643,-0.057500212697788426,-0.04952318019785155,0.4409722222222221,229.17540845421365,1.0
10.645535,57,421.13667,0.27312222338697595,0.06927409858413387,0.1394180453653703,0.27411138460062273,-0.05132236039873255,-0.06583188007629946,0.4166666666666665,217.98212479738407,1.0
14.36978,62,421.289337,0.2796398432107448,0.0216799189290862,0.08173169623212995,0.26464425390094365,-0.008502522405278693,-0.004273501063720431,0.4301075268817204,210.1253075980601,1.0
12.239802,63,421.463075,0.2854781596109866,0.08869884709941325,0.08266774778473657,0.25905144925866463,-0.05832654397124237,-0.024229664674762185,0.41931216931216925,218.36993347258723,1.0
13.843714,59,421.612132,0.274613016977182,0.021169426913452898,0.06774452671042965,0.2774558681805326,0.0028251499552551652,-0.01067453718455913,0.403954802259887,205.8781932210634,1.0
13.835068,63,421.76489,0.2809189788442762,0.06151035087771726,0.07034772954147493,0.2664762639731612,-0.036721917965324896,-0.007640266174921413,0.41269841269841256,217.7468098733736,1.0
14.567582,62,421.913733,0.2782019361056691,0.029637545173493016,0.08915269918602937,0.2699235722807268,-0.018127173361954317,-0.025071559843503996,0.4166666666666667,218.88604374828813,1.0
13.826539,59,422.057072,0.26818361725517526,0.015225078883828286,0.08313275989442137,0.28631207935131414,-0.0006303696629467392,0.018628926657286635,0.42372881355932196,215.31004798984847,1.0
8.708064,65,422.236977,0.2990634050919186,0.11819082645341925,0.09390731427210156,0.23464563533039087,-0.08508645369940691,-0.0483554489163238,0.4115384615384614,233.766756090759,1.0
8.076187,64,422.393368,0.2975701772531343,0.11931658303880921,0.11125064988725987,0.23738240098698798,-0.0829008622858929,-0.0458327314960458,0.4153645833333333,242.3627817929803,1.0
6.4072,58,422.5359,0.29202104052885325,0.11050531159090722,0.14463769281036215,0.24102107752528956,-0.08282823102370666,-0.055847066801302775,0.3951149425287358,232.26024226573384,1.0
9.721625,61,422.686906,0.2854646273584702,0.09969162465718202,0.126029669428193,0.25527835461519793,-0.07525580825072674,-0.041980949179927715,0.412568306010929,238.42057958655707,1.0
13.261047,66,422.886037,0.29254975691640517,0.029511603672535663,0.10996514883328665,0.24579591913121054,-0.01647329371035103,-0.03550781996728401,0.4166666666666667,225.67784537162066,1.0
11.828597,70,423.06504,0.30629520594293835,0.07395060910968741,0.10394921696409166,0.22945590306346147,-0.04966644789664333,-0.044153675237590666,0.41547619047619044,231.5484206674955,1.0
9.705446,65,423.227285,0.29944743046362277,0.09998404513859627,0.09456099195359198,0.23569475063180723,-0.07085390588430289,-0.040284052698635324,0.4038461538461539,231.88086283001664,1.0
13.37064,59,423.378572,0.26661896994678,0.011873888944510027,0.09873570819617129,0.28340703466058265,0.0035155763172644407,0.03714905875467113,0.41242937853107353,221.78369269410692,1.0
14.528986,65,423.565695,0.28543722580232,0.029387980642109512,0.08135668853251216,0.2571630710905417,-0.01822067621144279,-0.017137155226838,0.38461538461538475,220.72556437058645,1.0
3.842027,57,423.702614,0.28971140083350405,0.13538513810729338,0.16245414658402865,0.2420733568929807,-0.09988212316126877,-0.08972048412781015,0.4093567251461989,238.29967484916978,1.0
12.814113,63,423.854687,0.28466343813139466,0.06419153391532921,0.09140085865098822,0.25943048733284874,-0.042715055179451906,-0.046135184479310025,0.4126984126984126,226.3499464578495,1.0
12.957028,64,424.02109,0.2836698034928899,0.059874312605083205,0.09817985316666215,0.2637561737352668,-0.0433108742683318,-0.021058526320029955,0.3997395833333332,225.20158381756556,1.0
10.76439,67,424.204561,0.29525439320897395,0.09245191262205339,0.10673740518681493,0.24379262405279875,-0.06022331784031519,-0.05763336192614232,0.394278606965174,227.10527615403188,1.0
7.175883,73,424.381451,0.3182547232175747,0.1185528245008268,0.10887390856453755,0.21178978553589783,-0.0781619509849166,-0.04939325943862751,0.3995433789954338,231.8718144941209,1.0
11.141569,79,424.575857,0.32570066016023985,0.07158720723757897,0.10574571695168089,0.20918925247904177,-0.043943306179329865,-0.050699529465496905,0.3924050632911392,225.9992267708914,1.0
10.048976,62,424.764997,0.28532994177315674,0.10402326791785967,0.10443074828508156,0.2545503490149208,-0.07407640971260898,-0.044938308714831926,0.3830645161290323,230.2987553722749,1.0
14.868216,68,424.935066,0.28815376068969356,0.0167154701896208,0.07970544067896283,0.2571954067180772,0.0025242157553010715,0.019520086002266356,0.4154411764705883,219.50926626228195,1.0
2.926964,60,425.080125,0.30190922812811744,0.1466285464852142,0.14207277910999186,0.23026307710971863,-0.10809511226014062,-0.07662797960168097,0.4180555555555555,249.0315638891859,1.0
13.474437,75,425.258415,0.3090380981168602,0.030709735404450596,0.09185473787572276,0.2338231688112809,0.00623711646079066,-0.0013635321289242682,0.42888888888888893,229.2945833458853,1.0
14.719584,65,425.445791,0.28748789550193204,0.027619054244744253,0.07905340934608876,0.25234851454523455,-0.017320645436369752,-0.01829381628968752,0.39230769230769236,219.38606072427595,1.0
12.619234,62,425.596789,0.28004057379796987,0.06288762237695297,0.11055440891379548,0.261186177440534,-0.04890021167257126,-0.03595223094646806,0.4180107526881719,233.80760341537044,1.0
2.312801,60,425.737451,0.3017064172955212,0.15863184540146663,0.134976433176538,0.22952829785162174,-0.10748960065694582,-0.09677021514057396,0.42499999999999993,237.6944429241213,1.0
-2.084964,57,425.869745,0.32558538254986896,0.17173464269669386,0.14659107414628128,0.20403920266573627,-0.13145689764397245,-0.09581271516088309,0.40058479532163754,256.8534935079431,1.0
14.43678,68,426.058837,0.2940853344432745,0.025579613376485802,0.09189720390291525,0.24432937945079503,-0.020246535641337167,-0.017084898106760348,0.417892156862745,230.1130713030148,1.0
14.115875,63,426.208133,0.27796163512368277,0.030528649477331173,0.060003085454245014,0.2705473654727476,0.020597162239520232,0.0036371903983412226,0.4246031746031747,221.53270364398412,1.0
4.074693,59,426.347263,0.2981637866585475,0.13487004044220563,0.13998381449009056,0.23197012227374333,-0.10030564404673133,-0.06544910766333956,0.43220338983050843,245.58867211542938,1.0
10.666791,64,426.493156,0.2943401684004083,0.09223479466921389,0.10120971141013047,0.24093821506148383,-0.06638378484755915,-0.038186831924972825,0.4049479166666667,231.6274089166347,1.0
3.057934,63,426.660118,0.3140405621307936,0.15036894694751646,0.11965494815632967,0.21640905769993818,-0.10861173568333089,-0.06811031730936931,0.42460317460317465,247.02448758436773,1.0
13.865392,62,426.804155,0.2739682629386855,0.01565398106058042,0.09109759697296332,0.27496133973857295,0.009645245508475404,0.04168561816985624,0.41129032258064513,215.2034086524729,1.0
14.305447,65,426.951825,0.28685240336837386,0.034472300816743746,0.07794717934470935,0.25601285285573483,-0.023605473484362177,-0.014258699395699704,0.4307692307692309,224.3150018701694,1.0
14.626187,64,427.103631,0.28316375007044703,0.018421205399169173,0.05190948710669874,0.2632212451251714,0.013227837397701706,0.02596601717747398,0.4049479166666666,216.0655841835218,1.0
15.179866,63,427.279175,0.2786793282445932,0.01457382441330403,0.058732286704630196,0.27024870037501897,-0.007328277245893231,0.015900908615425095,0.43253968253968245,221.34419612188574,1.0
13.082345,62,427.429188,0.2835450734159364,0.07325541252842334,0.07575977873075164,0.2605132240600135,-0.05439200493084678,-0.019107053806496844,0.4260752688172044,231.73240791571737,1.0
0.943126,69,427.595802,0.34266428083521994,0.1539393847843612,0.10347890762614069,0.18545257705286253,-0.10988051453013123,-0.06325240982373609,0.4227053140096618,252.35555921555653,1.0
14.788205,65,427.748657,0.2852021279087429,0.034430647877555294,0.05901782391809453,0.26076418916440225,-0.021084572231828573,-0.010407380978041522,0.4358974358974359,218.98800062330253,1.0
13.053123,58,427.897182,0.261156281617936,0.01417062078372408,0.12329444098962128,0.29284056846491824,-0.0033320478910307434,0.06007788997889225,0.41379310344827586,219.7409352958881,1.0
12.616949,65,428.049971,0.28354449620521754,0.024387489591659952,0.10411239429056718,0.2599514852903659,0.012625171325171576,0.05993968990376113,0.4230769230769232,226.52373469546794,1.0
13.748003,69,428.209371,0.2972920885977951,0.06099262796663929,0.07677851514415251,0.24527089024155313,-0.03760696432409414,-0.01828516610660039,0.4565217391304346,226.81447457450037,1.0
13.588876,61,428.340946,0.27901606258886774,0.05941788803522029,0.06874215452849777,0.26761035917333104,-0.03694360639092448,-0.016906060166749653,0.4344262295081967,214.80724168363955,1.0
12.675901,66,428.510173,0.2869832263660156,0.041732790026525884,0.08630106949758636,0.25551767824292243,0.03024410082205995,0.04464188001715374,0.43434343434343425,225.8706696886783,1.0
5.288922,58,428.645331,0.2980035911650534,0.12430493353952657,0.13697429689727236,0.23731948798429395,-0.09045178796962469,-0.08118804685980698,0.410919540229885,237.96434765244373,1.0
12.345054,54,428.784008,0.26152771222175936,0.011053833127462678,0.09907003795072919,0.2964803801206233,0.005517463038647407,0.047108129511984655,0.4135802469135803,218.1542428072364,1.0
13.148603,68,428.941208,0.3029964867664885,0.052163244418989826,0.09440807795403983,0.23388926525610346,-0.03766626096856349,-0.023443096089458798,0.40808823529411764,233.54270568463033,1.0
5.451996,65,429.107577,0.2917344160291809,0.08774960427140338,0.13772599002239816,0.24600557643590765,0.06561023828353996,0.09883198681813389,0.38333333333333347,223.34296355084163,1.0
10.247747,74,429.305119,0.32290291993510095,0.0869878876312795,0.09076182464125203,0.20889398950638224,-0.06089824889569628,-0.038455240926398,0.43806306306306314,248.25063993334874,1.0
7.933188,65,429.456222,0.306611266868019,0.11044718757172238,0.10724483053912794,0.22502683663207482,-0.07955304177741633,-0.04639177362204678,0.41538461538461535,238.57380985506754,1.0
14.014703,63,429.614703,0.2822503128800568,0.024743244127250756,0.049833848279294164,0.26189006612603477,0.01664514708324439,0.006179346628992656,0.41798941798941786,217.49924636948455,1.0
14.053084,72,429.827063,0.3108297595336549,0.036120657315772575,0.08513097145465591,0.2247861082291856,-0.026413988336507967,-0.008873417301709825,0.4236111111111111,232.65353233575908,1.0
13.369648,64,429.987321,0.2822858675011985,0.028388505726066837,0.08387152725501197,0.2632153813607471,0.016672384206175075,0.042911705142728934,0.43749999999999983,227.37200850368086,1.0
9.083001,83,430.184994,0.3348121374807762,0.05883982508760496,0.0717413494961256,0.1977356857148807,0.04396966356971287,0.050920267142969634,0.41967871485943786,222.29734949707913,1.0
12.961014,63,430.336923,0.27841522847560535,0.02565348048891848,0.09846784272911853,0.2711034979667481,0.015807755085231006,0.058013244521130505,0.4312169312169313,223.20497179464905,1.0
12.556813,61,430.504626,0.28274618609746777,0.0660394655595751,0.10246961972737961,0.2595700909912331,-0.04929093822835755,-0.0460293669158991,0.42486338797814205,235.19868446850253,1.0
8.409304,78,430.692448,0.336694846934629,0.1046317876643866,0.07192794358003177,0.19351331961757426,-0.0696786403224701,-0.003443609715623599,0.4519230769230769,238.45602497043896,1.0
15.132575,63,430.852536,0.28259285213732604,0.03128156397454449,0.05059069344013059,0.26303827520728706,-0.015583743975228052,-0.008393101327979482,0.44179894179894175,223.02729636460515,1.0
13.278007,65,431.012062,0.28831186286564076,0.023782830377541628,0.095078287800623,0.25437776121658146,0.010705184880751216,0.05089349891058972,0.4294871794871794,221.7523090605837,1.0
10.130913,73,431.205891,0.3223693373965192,0.06833303073966492,0.12482821813374655,0.20685075859037955,-0.049150653490364814,-0.041660544231822964,0.43949771689497713,249.27164021943085,1.0
14.330268,64,431.368205,0.2846208747613999,0.020943205697116305,0.07400096583744281,0.260224330463719,0.008780126728118072,-0.0033290978021019596,0.42708333333333326,225.41417773688124,1.0
13.786213,65,431.529883,0.2852011861209815,0.024867655396360044,0.06623459724264819,0.25880986215855445,0.018699150471321268,0.030127076161988228,0.4115384615384615,219.30147194805815,1.0
14.420917,68,431.706398,0.29787640481340105,0.024987135813594515,0.05650798784412417,0.2445455822267024,0.011869240627261244,0.015900876823929273,0.43872549019607837,221.2141606926962,1.0
14.999485,63,432.382502,0.2818985901675255,0.029355684271395236,0.07293243476760507,0.26370167627114377,-0.0206783496582193,-0.015826828754742114,0.45899470899470907,234.16857859060266,1.0
13.865233,60,432.530588,0.27641962522993374,0.020528844708293473,0.10082674476312342,0.2709879654850496,-0.00740274398950229,-0.019071208854662063,0.44583333333333325,219.99207787660265,1.0
14.063592,73,432.716447,0.31018181345631984,0.02075710847079717,0.06418006895848136,0.22615107419275748,-0.0040979828923757835,0.015680935214718857,0.4269406392694063,221.8820397131549,1.0
12.931396,63,432.885261,0.2823082388271939,0.05002030694838732,0.07568158339193451,0.2616394775256228,0.029481257470536187,0.036494369558633624,0.42989417989417983,223.24745086306007,1.0
14.659897,63,433.088478,0.27781974928058895,0.02471889003176827,0.0808873125272847,0.27275367651471943,-0.01300905606106057,-0.025484187039775518,0.43518518518518506,231.48422411789494,1.0
15.1258,67,433.253726,0.2889741140137443,0.018245681451150263,0.06417519461321942,0.2557292879851774,0.0004919692073605495,0.030897504658159984,0.45149253731343286,223.71865163206797,1.0
12.62854,59,433.392841,0.26764283962784247,0.04210448178821793,0.12689152700314565,0.28371936553450156,-0.032042115181009356,0.05893628501624082,0.46045197740113,226.91950081490901,1.0
-0.613556,80,433.602231,0.37073372293459456,0.14276461511974264,0.11487212261273795,0.1533716540121252,-0.09661940091546387,-0.06412650495601677,0.459375,260.42969934175255,1.0
13.427804,58,433.738972,0.2710698863996143,0.0184503330551642,0.06422613042060357,0.28032036117336073,0.014252352550810895,0.01529103971345976,0.4482758620689656,221.74343408737914,1.0
7.698741,56,433.884001,0.2638253270781384,0.07685945490615888,0.13034130063751256,0.2882307058923358,0.06463357440502034,0.08545074872259331,0.42857142857142866,224.26012401172525,1.0
13.770346,63,434.035973,0.2792541345346341,0.016151165976406843,0.09556744249347797,0.2671300595137665,0.006539703031713244,0.04105002149959573,0.4537037037037037,221.66280204595532,1.0
7.21561,71,434.266325,0.30479205792759195,0.07667055370794527,0.11495108163824275,0.2301733557692369,0.05453086188920432,0.07755149562191195,0.43544600938967126,229.6689467312153,1.0
3.918304,63,434.422212,0.28452775575360023,0.11433728577836062,0.12454353035158057,0.25390236607947003,0.08101241282078962,0.09592794618817714,0.4034391534391534,233.83560861956227,1.0
15.323298,70,434.600098,0.29753665927053247,0.027281354995880722,0.06356951469599421,0.24440226600898923,-0.01737533412050058,-0.007149251460352151,0.4476190476190475,229.6406699784898,1.0
12.810859,67,434.769004,0.2904512945984816,0.046843764793591335,0.06802622728880262,0.2516292997458154,0.028134087363937885,0.023500955061910314,0.44900497512437815,229.6086658036702,1.0
13.538738,61,434.944343,0.2762432717584611,0.01744313803472297,0.08737074329945865,0.26947962579498047,0.009815667737134914,0.0452181862734229,0.43579234972677594,224.30691358237635,1.0
12.934355,54,435.081651,0.2595767675393249,0.0168277038598748,0.07382231020104013,0.29650695369286784,0.0036780059348041597,0.02804983930067949,0.441358024691358,217.98321118784082,1.0
11.83689,67,435.244916,0.2907345640214234,0.04907145529184112,0.09388391386410401,0.2503406113490983,0.033677095612244766,0.03615066439768346,0.4614427860696516,228.38474356987763,1.0
14.072188,64,435.401853,0.2841875191710325,0.027774611938102392,0.10071492306408956,0.25961891667945297,-0.011930232399556623,-0.022751643913870107,0.47005208333333326,229.69710884547374,1.0
12.06307,60,435.547391,0.27364307877256433,0.05318409171070574,0.06474268192969299,0.2740269279667555,0.03904356809497443,0.02568957815764885,0.4347222222222222,217.4461023090484,1.0
11.71756,61,435.717606,0.27564182616198857,0.037562533586584054,0.11107179751864749,0.27064623931152143,0.02302599882385655,0.07216444559642962,0.44125683060109283,222.7021294888004,1.0
13.300238,61,435.869447,0.27771503807133474,0.03929525474477768,0.06524532356412376,0.2717348417598235,0.02651770075626302,0.018703556044680204,0.46311475409836067,221.96478368283297,1.0
11.135113,69,436.041172,0.30702012511973203,0.07483932870654549,0.10370509805039932,0.22747510943177604,-0.05257425957597536,-0.04386254001293585,0.45289855072463764,239.8420972209418,1.0
12.689586,69,436.229856,0.29710033469955077,0.03219487589329076,0.08843053751986638,0.24186636358939514,0.022761384728185063,0.024924962095107354,0.46376811594202877,223.76337271566814,1.0
14.077899,61,436.377787,0.2784774618568538,0.03578250581307678,0.08252497837647418,0.2682918734597413,-0.018876289293819133,-0.019852747351642136,0.45765027322404367,222.6998490370299,1.0
3.754956,62,436.523365,0.2902797406204941,0.1026335902250937,0.12553908680138162,0.2429177808591852,0.07676500762575954,0.09056452140937132,0.45295698924731165,233.60224378599113,1.0
14.249263,70,436.686833,0.30694195792939094,0.016096233921380942,0.0791823812646365,0.23033439821716462,-0.0015428769823239185,-0.03465393128339199,0.4654761904761905,229.74809616702618,1.0
5.260888,62,436.864508,0.30159561318918404,0.12996158198711688,0.1309728356171026,0.23215330995527214,-0.09288203192573356,-0.08047892123358714,0.4596774193548387,247.3272140879222,1.0
12.278312,62,437.011894,0.2877137885411364,0.057103933649810826,0.11189628294806792,0.2513715635083068,-0.04434896565769567,-0.04204652034266571,0.461021505376344,237.9836615652051,1.0
12.95334,64,437.174549,0.2799397034636989,0.02008991147276086,0.11134230088491155,0.26593883794467077,0.015261118217461699,0.03969152237366561,0.4427083333333334,224.6169287697684,1.0
8.650215,68,437.340709,0.29793373416441404,0.07555489190382528,0.10334138115422223,0.2389511245611749,0.05168575377245947,0.055787786071075506,0.4705882352941176,226.068547776982,1.0
14.295711,64,437.523634,0.28335586231738913,0.014736547600842576,0.07280533071815812,0.2592498666795307,0.003660480361396848,0.012368940113558236,0.44401041666666663,227.29449898602252,1.0
7.193707,62,437.672776,0.2861562921930706,0.08312808475019881,0.10386882685676302,0.2509183531041787,0.06825493054908251,0.08147965204409456,0.45430107526881713,223.5235924836808,1.0
12.477159,65,437.83787,0.28797041178524746,0.04875833086072811,0.07564835599789915,0.25170964890404157,0.03709782964296289,0.0243702510678533,0.4615384615384615,224.78560854947156,1.0
14.605761,65,437.997762,0.2868084048752758,0.019132552214284722,0.0695926909794637,0.2538696351710396,0.008054825977053296,0.012479533562456829,0.4576923076923076,223.83118517112052,1.0
7.713719,55,438.129514,0.25732981363246593,0.0565445255246364,0.16443622301047353,0.2959872017178739,0.046553509485991115,0.12475068550005614,0.4363636363636363,227.26190926596132,1.0
13.211802,61,438.300181,0.2735930660661575,0.04327855594238612,0.06451336853511815,0.275927437863733,0.029549389610359758,0.008207925681924078,0.46038251366120214,228.29474671299678,1.0
13.454899,69,438.463356,0.2978101334399102,0.03483283973887671,0.08075057926140362,0.24178585849784617,0.017068048330779455,0.009544516838840174,0.47222222222222215,229.10162255940483,1.0
13.618712,63,438.617773,0.2832102418290305,0.0330357791137824,0.0730890092295097,0.26118111336918937,0.02232105998270316,0.015942531110209063,0.4682539682539681,226.07816745215595,1.0
8.996138,65,438.768986,0.29264799050501333,0.08163888701833506,0.10132561765256393,0.24412153752258223,0.05562253006893119,0.012181147156850161,0.4423076923076923,226.77319580767156,1.0
11.444585,69,438.957955,0.3018872999760204,0.07659813377616687,0.115955307897529,0.23674814440567515,-0.051889172579552736,-0.05133836327160625,0.45531400966183566,235.82267875653926,1.0
12.726698,58,439.105904,0.268122176703675,0.04569940893979737,0.08018691494739609,0.28441071800321577,0.027403950159751625,0.018377316493728157,0.4640804597701151,220.72575214556002,1.0
14.80036,64,439.258719,0.2877528646815052,0.015306308953987836,0.055844437226764056,0.2545600238485721,-0.004164498146331947,0.0006411829308246787,0.48177083333333326,224.40102710122682,1.0
4.083463,59,439.402967,0.2754842782904467,0.09915515342634697,0.15175474526907323,0.2632597963709944,0.07147417673832916,0.10667808447999326,0.4449152542372881,225.50834653696995,1.0
14.114175,62,439.585619,0.27761650384169273,0.022798947615497177,0.10191766401589186,0.2732761592201858,-0.01783102722686257,-0.01617508342067295,0.44489247311827956,235.5542870167939,1.0
10.283887,61,439.724127,0.27665242163194886,0.06626670258362453,0.09252187973348677,0.2685918182162531,0.048085233396394256,0.060464793542545164,0.4631147540983606,229.88376248110157,1.0
9.30886,62,439.868637,0.27624367765604485,0.07379552308323026,0.09104199054672289,0.26497629257499017,0.05625195727746215,0.06773308292067776,0.46639784946236545,227.68137377651863,1.0
10.012389,66,440.027314,0.298062574693558,0.07287626310026762,0.15079822335178894,0.24076436872517326,-0.05614553892251451,-0.060493578938234344,0.47727272727272735,249.7847733606297,1.0
14.65726,65,440.201013,0.27969354458502166,0.02345898122504209,0.059466987043466105,0.26774270221974955,0.01361240342154473,-0.013782693254912957,0.4538461538461539,231.01961413574733,1.0
13.98773,70,440.365034,0.3031682144798243,0.028908596353484507,0.08749484148041034,0.23630992932579373,-0.01839015687794873,-0.03719923303217909,0.45833333333333337,228.13658116072057,1.0
9.090119,71,440.535788,0.3132682638376119,0.08459647033844138,0.13892616259757404,0.22008588802884482,-0.05824311028894783,-0.06214930985173548,0.48004694835680756,248.42287936106712,1.0
5.511172,70,440.718947,0.3066888885116988,0.104558169950571,0.1015947782587563,0.22900868485151682,0.07359761231172278,0.03444650799181977,0.4476190476190475,230.0464462194546,1.0
13.985698,65,440.879966,0.28139764245319576,0.023866571409537338,0.09143341698131834,0.2686464882954826,0.01326901552686378,0.0074647771906839735,0.44743589743589723,227.22989095099516,1.0
10.298263,57,441.026374,0.2639325328302964,0.07378079948384919,0.07986057309964381,0.28973259874480817,0.05532062265396473,0.044101525627534444,0.43567251461988304,225.7237465482104,1.0
10.770007,58,441.160291,0.2671250828022761,0.06724160409407841,0.07718275734790758,0.2880402726975596,0.052264837594656756,0.04680959390365554,0.435344827586207,221.61086162409072,1.0
9.4464,59,441.293609,0.2708738481088582,0.06536763085529083,0.10810314268925433,0.282363074580531,0.05196378200275997,0.06187461299368645,0.4350282485875705,226.72851871025944,1.0
11.301061,59,441.445029,0.27553762524078795,0.08019969341689251,0.10511574304135188,0.27258808463076734,-0.05352438979608809,-0.057890734730215915,0.44491525423728817,229.65169581679615,1.0
12.903257,67,441.605362,0.2877801158218943,0.04989809376384996,0.062415438137159364,0.25647901808348306,0.03385807350104656,0.03158018371460615,0.44900497512437804,225.05532695842726,1.0
11.690133,61,441.750419,0.2780652177272496,0.062481856819293934,0.05633902515045676,0.2671989922931728,0.048211372148798545,0.02215403105346504,0.42896174863387987,219.70734061454647,1.0
11.749714,57,441.880497,0.2687067737854368,0.04597322709187086,0.07117569597563832,0.2807516310900215,0.036617114937861905,0.01258249790212925,0.42982456140350866,217.1572191406987,1.0
13.556515,65,442.055129,0.28598675970356313,0.03905171162275363,0.049608189140087855,0.25799663990553395,0.02967341886321895,0.00028716612128160764,0.42435897435897435,216.73608262532952,1.0
14.595755,66,442.208928,0.2851183105568959,0.019586200909102236,0.0957750158852823,0.26177190836324526,-0.007140240524246983,-0.03010994695866129,0.4444444444444444,224.39374101050177,1.0
14.394416,70,442.373073,0.2965999682646645,0.036300824205869775,0.0940905911583822,0.24669084021350335,-0.023874275153299776,-0.02386611870010952,0.4249999999999999,228.72476559453003,1.0
3.9736,61,442.515997,0.27708445669393933,0.11291919636617578,0.13864268851849892,0.26483709167699643,0.08186020941721114,0.09638477967358224,0.4166666666666666,227.38457542228534,1.0
10.765784,73,442.707327,0.3058871094351999,0.05958346136814341,0.07764890231153164,0.2346528636050012,0.0423554052007495,0.026458375167493497,0.42694063926940645,222.65518551640247,1.0
10.545691,58,442.846779,0.2614247701449332,0.06131236190622992,0.10308710506052798,0.2894783136680368,0.041659477144979376,0.05656410645660988,0.4152298850574713,226.28812868061596,1.0
7.353356,68,443.020733,0.3074127901191376,0.10380903106898251,0.14250512727153036,0.22645402005928525,-0.07245024366671408,-0.07165878758143775,0.4534313725490198,244.33494000758466,1.0
7.132697,62,443.177923,0.27773747418430594,0.09648750539961838,0.10133316833728678,0.2643778144155564,0.07049971436091682,0.06451807842530179,0.3830645161290322,227.9710042437135,1.0
10.81344,67,443.353568,0.2893187439195753,0.07371313502560048,0.07701458097491702,0.256984129417829,0.05228218264245382,0.014885083847021535,0.41542288557213924,225.99737221736308,1.0
12.324453,62,443.49903,0.27140550674522307,0.034553151373376625,0.0982441972736205,0.2835465264141776,0.026966836464025177,0.03884347457443823,0.40591397849462374,225.93812467687798,1.0
5.90057,56,443.629602,0.2701129537376,0.10197692270192718,0.10407138867963919,0.2761512431956984,0.08100283947921175,0.06922274017292283,0.4047619047619047,227.926805534614,1.0
9.261051,64,443.782623,0.2903325113670091,0.09906778417662546,0.14053903152101627,0.25077444592238934,-0.06678075209738077,-0.07810099207410381,0.453125,232.75442344088134,1.0
7.938239,73,443.983834,0.31658684239402857,0.10873247617432465,0.11843234760180181,0.2149724947622056,-0.07189003564157172,-0.0594864118795611,0.42351598173515975,240.34636913633102,1.0
10.231087,61,444.136259,0.2816842260735842,0.09417483469729203,0.12060650406874188,0.26192630810751766,-0.06853881260319253,-0.049363123624407944,0.4316939890710383,245.01777575978028,1.0
9.234306,60,444.274772,0.27194370058460715,0.07365573387065177,0.10488312936043055,0.28256903248211784,0.0581775666392476,0.05828983160400601,0.41805555555555546,225.77896342045238,1.0
13.599898,71,444.437622,0.2985981801930479,0.0454233421770985,0.09578472340941363,0.24626154845802387,-0.0272622095081655,-0.051745080375968346,0.43309859154929575,229.10813036428863,1.0
14.218433,60,444.6134,0.2710087663825801,0.018222710998676298,0.05317121789537125,0.2803331311366105,0.01382468679828545,0.008273016926076997,0.41666666666666663,215.71642156536322,1.0
13.235303,78,444.792962,0.3173911954969259,0.05393567273374352,0.08191451596644499,0.22409564430352538,-0.03005669737607059,-0.035857489526798986,0.4337606837606838,232.06176422045232,1.0
10.412054,66,444.951123,0.2856468857965726,0.07460873787173622,0.08576331319324165,0.2582741585773926,0.05289358839669932,0.009960724752227682,0.4141414141414142,225.25933967906673,1.0
1.19091,57,445.086385,0.27054551844469865,0.12805713974893435,0.15390060182471704,0.273337914075952,0.1001196110740723,0.10271853603853688,0.4064327485380117,235.05401035603322,1.0
11.270703,59,445.252239,0.2657503955375741,0.06502295861804074,0.08244485172982909,0.28948591179041805,0.046603662731516435,0.03614779671520189,0.41807909604519783,228.14359004156023,1.0
12.840374,64,445.399069,0.27750797762481344,0.05943740531452041,0.11925457498664882,0.2762839413191382,-0.03721645921304541,-0.06676737892018497,0.4140625000000001,236.9731997637766,1.0
11.598705,65,445.550793,0.2890686834320905,0.061477851406349135,0.13123690957991763,0.25474875266605335,-0.04244045755207057,-0.07009287763458434,0.4205128205128205,233.81022899783014,1.0
12.641545,68,445.712465,0.29111494327420945,0.04867830114373346,0.09011020858985766,0.2549581512102395,0.03111227261258104,-0.025378447937180873,0.42524509803921573,229.66642132269374,1.0
14.573496,64,445.893485,0.27329647936253465,0.010677835343040518,0.09343596245663521,0.2830871647859786,0.0024674224914782725,-0.012221448111109904,0.4244791666666666,234.91818378249175,1.0
14.712993,62,446.046406,0.2731286868841926,0.027561606454528438,0.0736044304063686,0.2807886599489064,-0.014419642943318127,-0.016125295152444853,0.4018817204301075,223.26154065841217,1.0
13.099387,62,446.197968,0.26864077275026127,0.03641846178136108,0.07801096116608379,0.28639861806812383,0.030919386328158844,0.018662919921922032,0.4086021505376343,227.81613239306319,1.0
11.92359,59,446.338938,0.26557542097680276,0.04434389017864984,0.08968686751606984,0.2875567890386653,0.032227561137810765,0.031272711282189836,0.4110169491525423,226.58634509848082,1.0
9.820066,65,446.547433,0.2917936353655453,0.082940150022147,0.14158632132926605,0.2516967406987466,-0.05673877960963147,-0.0890999691270378,0.43974358974358974,238.66824110257303,1.0
6.818881,59,446.681066,0.26980614957512966,0.09794621382647149,0.11025219084826417,0.2763937884560393,0.07386217524347488,0.06265760316766142,0.3827683615819209,230.84595124534863,1.0
13.46546,76,446.860256,0.31379171801895567,0.030281903554073054,0.10308292569306277,0.22661747258111112,-0.014430453265653398,-0.04254683474206783,0.44956140350877183,229.0948583352127,1.0
7.902847,60,447.002628,0.2629744474777595,0.08444654927217825,0.12439068784020998,0.2887240328481277,0.06209067956074137,0.07796391435717315,0.3972222222222222,237.5697759548708,1.0
8.384276,67,447.206301,0.3023643374283,0.10600246186366823,0.12094360437109608,0.23387794881041082,-0.07134342413305257,-0.07431656021997317,0.4452736318407961,241.90928362648984,1.0
14.071166,63,447.358034,0.2758913244312258,0.037859512978493604,0.10400996957126911,0.2763766450757507,-0.02476417484007049,-0.04465280209981732,0.4484126984126983,230.60839259283435,1.0
11.4888,68,447.508952,0.2936065770896526,0.054068046598452595,0.14184634311168381,0.2513853906768114,-0.03228068583559708,-0.06746829894242173,0.4338235294117646,231.3172071419587,1.0
13.312568,58,447.64866,0.2646761143861063,0.02890092149873875,0.09772448408393893,0.29378934389592953,0.013428950438137315,-0.027385071513920244,0.4123563218390805,227.47893730919657,1.0
14.608437,63,447.821116,0.27554029966978605,0.023316059917360816,0.0985996711050579,0.2760677402665073,-0.01802871024781456,-0.016098724495190817,0.4179894179894179,234.47834892893056,1.0
11.086041,60,447.996061,0.26409392087695943,0.0669154092397757,0.08798671386684706,0.2901256726513779,0.046704975538167784,0.043706547373679676,0.41666666666666663,234.51737663313992,1.0
14.796043,68,448.234632,0.28757997225329374,0.011439617374157484,0.0908918125258281,0.26119291930087735,-0.0018021140015845756,-0.03355877605936163,0.44975490196078427,227.2665540717492,1.0
13.735682,68,448.43917,0.2896261009435613,0.06868261080169863,0.07324904430491812,0.25650451361165255,-0.04672629290945359,-0.024345584471199323,0.43995098039215697,230.11839505973975,1.0
14.214045,63,448.612578,0.2726727038411228,0.016904306479834267,0.06572468055452814,0.2815552695984568,0.01228850867617754,-0.009278513156296821,0.42724867724867727,228.35036845218477,1.0
12.097556,67,448.764236,0.2908959712986392,0.07352490193829132,0.1069379689981068,0.25641946650514413,-0.046701323658170084,-0.058245457392351666,0.4104477611940298,230.590840241208,1.0
13.652148,62,448.912653,0.2740655136603648,0.033022963485782,0.10942595824431794,0.27659929688128454,-0.022744112902967486,-0.03750126366348098,0.4489247311827957,230.3152134961021,1.0
6.841187,61,449.054714,0.28986908926388627,0.10768168059829446,0.16102914211368186,0.24703241377764193,-0.07617269034891984,-0.07524768854451477,0.44125683060109294,237.47446922886974,1.0
10.314153,64,449.222589,0.2855680235314412,0.07546845868710222,0.15019343624488826,0.2531930275173083,-0.05554798399340657,-0.07324872449336062,0.44661458333333337,237.675980922296,1.0
12.937236,61,449.363014,0.26959322517280515,0.04075665694478755,0.08194543719274204,0.2835647489308251,0.029550343940209715,0.012009674162641466,0.4139344262295081,230.9601569945436,1.0
12.045078,58,449.4951,0.26326758002551853,0.055794351593821845,0.07718835097443422,0.2967277293812599,0.04337112592398,0.018742354523299018,0.4051724137931034,233.19744885737992,1.0
11.811757,76,449.67266,0.31180245580628074,0.06849983342097422,0.10773548923053987,0.2268675373396252,-0.047881266494764756,-0.04795468988020387,0.4276315789473684,233.65242290471778,1.0
8.583526,64,449.878099,0.29250985108539757,0.09567371062247289,0.14675509430699304,0.24457771760957456,-0.0718909913712187,-0.0639644432482226,0.41406250000000006,244.29047083045114,1.0
9.676205,68,450.036735,0.2910218552220509,0.07323310210872887,0.07962337546225667,0.2517905477304548,0.05476718311531209,0.034624998913851554,0.42769607843137253,226.60106101471757,1.0
14.159499,63,450.192193,0.27194501351502653,0.02626131104628766,0.11089850824273659,0.28430962956015227,-0.01879176077176168,-0.03827658609142165,0.4470899470899471,235.31651555431384,1.0
10.725283,63,450.336346,0.28662863429295565,0.0875804320337631,0.11305989270546163,0.2557007350216633,-0.06246385073755049,-0.058031059282979476,0.42460317460317454,236.4704829210442,1.0
10.15093,71,450.540098,0.3098332778225728,0.09367987130940526,0.10728825151222125,0.2252517062229809,-0.06395005690318382,-0.05649553605758599,0.42370892018779344,234.9849442644367,1.0
-1.839415,67,450.697008,0.33304634558138274,0.17820031489028176,0.12644114596066208,0.193709660912153,-0.12686430139978466,-0.072558784163852,0.43034825870646765,256.09111600842556,1.0
12.833699,61,450.849607,0.2670922940108698,0.035476379372473645,0.09678166010050654,0.2876152816221978,0.021958381526338513,0.018845356559788605,0.42213114754098363,226.29222835632908,1.0
7.977561,63,451.029811,0.2873338378516853,0.12498589705383262,0.10955207636585744,0.25188450595683837,-0.08734471350656582,-0.07826785474954706,0.41402116402116407,241.5760279906501,1.0
12.937842,62,451.184894,0.27487110787767016,0.026749914819254872,0.1121848876182629,0.28042424807350746,0.011028414936841183,-0.030697345540379607,0.4354838709677419,231.17986743556654,1.0
7.844324,75,451.364498,0.3201831477493077,0.09274069304455103,0.13564152539046162,0.21156451361851994,-0.06851757669402171,-0.04910392571690407,0.44888888888888884,247.14131222372808,1.0
2.356038,60,451.508348,0.29574277311687847,0.15997951666956708,0.14608842713338477,0.24061452048394263,-0.11211180548032099,-0.09437406911167102,0.45000000000000007,246.1880445965634,1.0
-0.165257,58,451.651593,0.2982040344520813,0.16818133947412048,0.16956842490549015,0.2353655227386912,-0.12227027382665198,-0.1088614080753186,0.42528735632183906,256.24039124184304,1.0
13.743846,60,451.819809,0.26873538974350236,0.022553098557287935,0.08985122079321657,0.29097131014718836,-0.014485620207260968,-0.007107800994589638,0.4402777777777776,227.25857133570102,1.0
12.836857,71,451.997825,0.30172819571140963,0.028985342802542346,0.1281341510328017,0.24023000054738655,-0.020432781034572946,-0.03789887587929386,0.42488262910798125,239.4991625526609,1.0
12.399951,66,452.165229,0.28131426021489636,0.047919890660995085,0.07340650677269091,0.26799798494906224,0.033843834952032706,0.024467778576115016,0.4368686868686867,223.37931277996887,1.0
13.741643,60,452.348406,0.26699312624717464,0.017496134535271744,0.0897075512548935,0.29107945728535045,-0.00972096260170355,-0.012063942501108494,0.4347222222222221,230.46804159323668,1.0
3.483266,65,452.511415,0.31036849304347663,0.14313274345628052,0.12797805121860084,0.22026292333578598,-0.09911592317604005,-0.09004234496988234,0.43846153846153846,247.41774477399503,1.0
14.585434,62,452.660114,0.27502031519149517,0.032654109290623366,0.0846897150855332,0.2740416018977713,-0.024575031791303457,-0.034296680764802384,0.422043010752688,228.12507584124907,1.0
9.581976,66,452.820354,0.2964584551772655,0.10073078593844431,0.11532422307012256,0.24252216523359632,-0.07164503885105682,-0.06382846750639047,0.4393939393939393,244.84706732685225,1.0
13.937251,64,453.01756,0.27939218112390185,0.04254240459216365,0.09575949937801764,0.2727404711017326,-0.03318826752125591,-0.02989843298455988,0.4348958333333333,228.1273801632316,1.0
5.46198,71,453.208391,0.31805193746115035,0.13675434179607948,0.09065674124199456,0.21417682240568414,-0.09501234327852803,-0.03531654220465826,0.43427230046948356,242.3684001843643,1.0
2.798457,62,453.365923,0.3037235216020666,0.14972548479523864,0.14077720954042985,0.2285363983832711,-0.10704160698112208,-0.08642952398182542,0.4354838709677418,244.8887339934004,1.0
13.764174,57,453.508873,0.2595133884524716,0.014125062989366818,0.07672748734818445,0.308109422025453,-0.00445561698887433,0.0036521454708084633,0.43859649122807015,230.137014625306,1.0
14.123805,63,453.660355,0.2733599058184278,0.010639722980896315,0.0886514289588858,0.2804997486324623,-0.001658958055377526,-0.01254803618161853,0.443121693121693,226.74251303271194,1.0
13.260195,69,453.851931,0.29125326848866984,0.06629151074189941,0.0944146528898326,0.2564558439023932,-0.04690147561276407,-0.05085895965587636,0.4528985507246377,232.45890616438584,1.0
-2.091436,61,454.011752,0.3246652238219876,0.17265930053937453,0.15708842847931487,0.2023088156089285,-0.12697407807348485,-0.10112160383481508,0.43169398907103823,257.46050574582443,1.0
2.904429,66,454.173769,0.31391013745917407,0.15312485091282513,0.11799405304503532,0.21948956613854612,-0.1024252250772568,-0.07237285397916003,0.4368686868686869,245.80629593804568,1.0
12.692145,64,454.34887,0.2826588929149631,0.06356228902938357,0.10087502283486667,0.2637411306595887,-0.043479977064680854,-0.06114317437356211,0.44791666666666663,238.7889146548628,1.0
14.85595,68,454.510204,0.29185420735623596,0.022131474777348878,0.07644769493609324,0.2524615943137854,-0.015258055237028067,-0.004856817050928813,0.43014705882352944,232.72120684496804,1.0
14.793423,64,454.657642,0.2806549299136117,0.02978700174159752,0.058502742573414514,0.26605746424606186,-0.021109463345498135,-0.011970368529114565,0.4205729166666666,227.5178698334753,1.0
10.23014,63,454.802845,0.2874748054151238,0.09938794792868821,0.09134918542988221,0.2511186713134018,-0.07131241057152926,-0.04308961318401269,0.4206349206349206,232.68396854175296,1.0
6.940652,71,454.98921,0.3165888570242378,0.10252026295711433,0.1378675672169313,0.21506027913526904,-0.06870556936382265,-0.06188063126575855,0.42136150234741765,240.39334783690987,1.0
14.563714,68,455.150111,0.2889466049830357,0.03034571991249735,0.07633798794921066,0.2565010637726991,-0.022482842986013968,-0.02377071068052737,0.4178921568627451,236.13778423697897,1.0
4.968706,63,455.307854,0.3029893458480697,0.15046632227226792,0.09497803475868843,0.2319221716981068,-0.10808144204200942,-0.0625903772346593,0.40211640211640204,244.69149060831506,1.0
14.581849,67,455.466256,0.2857790155225428,0.03988600943562419,0.08822127744051633,0.2662299742446557,-0.02933855426508411,-0.006885317078579938,0.4278606965174129,232.43895661703414,1.0
2.002518,65,455.64439,0.3221804922688634,0.15549683241348217,0.1133081244804133,0.20925738567152408,-0.11097176380419935,-0.0706968158462031,0.40897435897435896,250.15187327642306,1.0
14.881686,64,455.803166,0.276017130151387,0.02014144138365178,0.06789882761332165,0.2812409802942063,0.006359265287130384,-0.0008780244186732383,0.43359375000000006,232.38277989535797,1.0
4.591915,72,455.982339,0.32243506970592833,0.14159730790493716,0.10815055611829938,0.20987674783139793,-0.09505421261800771,-0.06164769819008163,0.4212962962962961,247.0620534286924,1.0
10.064287,64,456.140445,0.2822354837795609,0.06542730041766609,0.10396521069979743,0.2631508470231967,0.042173140334863815,0.04647611093915432,0.40234375,222.34373827962878,1.0
14.352606,71,456.332051,0.3013650238319625,0.033317417388744705,0.07811120179055582,0.23863957023222165,-0.023621610994198974,-0.013973185967712382,0.38028169014084506,229.58146829435876,1.0
6.665237,77,456.511789,0.32922728001562673,0.11796783938607236,0.09612792964565472,0.20357272092866532,-0.07681569633595783,-0.03977554165505302,0.42207792207792205,243.48612351471712,1.0
9.516105,57,456.643602,0.269492696739825,0.10577232471991081,0.11008413947344248,0.2806478566756826,-0.07885022141706567,-0.043634597054775376,0.4210526315789473,236.90842261348928,1.0
14.492041,69,456.803418,0.28584831652879966,0.03134501166950615,0.07246366968558114,0.2642704023356422,0.01292541644848536,0.000923032052989101,0.42391304347826086,231.9998154453854,1.0
12.89914,83,457.02123,0.32797619598499955,0.03949163716752023,0.08956590149624415,0.21320555697521093,-0.02803916921740003,0.01345951285777196,0.45180722891566255,233.60928303710614,1.0
10.357559,68,457.188787,0.29056977621082264,0.055940408250065236,0.10692588477378243,0.25358567585166314,0.03507036159428927,0.0448300269115202,0.42401960784313736,230.40779258380377,1.0
14.315877,64,457.344785,0.27751049888665674,0.02815161365036817,0.10135608881359986,0.2752311508337073,-0.02199205048128856,-0.01594993089759239,0.40625000000000006,233.51205551806916,1.0
9.978829,63,457.509043,0.2831706846309714,0.09646213045673335,0.10933643695685528,0.2599148180526673,-0.06922088306358504,-0.03989203329819535,0.4298941798941799,238.30449530908496,1.0
13.980756,73,457.675976,0.3042413467361952,0.03404310851254346,0.08806797413659716,0.23627578016335413,-0.024395502932814662,-0.0058860832994660035,0.4121004566210046,232.46558663307667,1.0
14.38281,73,457.848036,0.30102131005961397,0.02167677710294794,0.0729401208275159,0.24384217469133626,0.004491537729617077,0.0016359614766772268,0.43378995433789963,231.1649003930768,1.0
12.86244,63,457.99713,0.2839750471330024,0.06213944140485994,0.09598419798487995,0.26084245811930273,-0.043564091736813366,-0.04201699944682377,0.42063492063492064,236.52037638546634,1.0
6.851596,65,458.214505,0.30494072707855874,0.12472380287764682,0.09891994024929292,0.2308546658914134,-0.08903721359539807,-0.05058126231063092,0.4333333333333333,242.65378762829178,1.0
-1.150713,65,458.363267,0.3394859061840709,0.16260834386603568,0.11379544359230882,0.18828153231295544,-0.11791237523331105,-0.08045198410922781,0.4076923076923076,259.43498208974216,1.0
8.554337,70,458.524501,0.3080022537629194,0.11474495445803497,0.08920460681006853,0.22991071932226817,-0.07970010261507347,-0.02136933682388566,0.4380952380952381,241.327105544841,1.0
1.718747,86,458.721038,0.3658441022982972,0.14112941886757527,0.07818061063599618,0.16255241841879334,-0.09271699694462053,-0.04003383069402226,0.40213178294573637,251.05163276822879,1.0
12.83947,58,458.894138,0.26137186007361873,0.025174762925730565,0.1091746945800015,0.3023554274699466,-0.01899125377350302,0.04612846696327828,0.435344827586207,236.0720074544542,1.0
13.060833,70,459.079788,0.3019873772823637,0.05922873353538306,0.08971909381969591,0.23885931362957002,-0.03949564648080495,-0.031121204566693157,0.43333333333333307,228.6648975871869,1.0
5.815234,65,459.239855,0.2851771883455775,0.07778872641721604,0.15947550668390445,0.254750802750917,0.0595959329308188,0.08927211064724598,0.3910256410256409,232.04317208853837,1.0
14.705677,65,459.39963,0.28211666791827705,0.03591339433739556,0.06619150838929813,0.260677651665255,-0.024726952069941924,-0.004774581865432041,0.41794871794871796,226.31533487229925,1.0
7.894735,70,459.589179,0.3088500915031845,0.11114798023220727,0.12087562503087683,0.2255340077454755,-0.07794618405484213,-0.06297579460589192,0.42023809523809524,248.13131230812868,1.0
6.705692,66,459.755943,0.3072748888265743,0.13160947182160415,0.09566210145881383,0.22861428293152578,-0.08893117688456621,-0.056909387623767446,0.4255050505050505,250.44507543908946,1.0
13.421435,62,459.906492,0.26835336871468235,0.025890756084986425,0.0947016575847851,0.28624819947678426,0.012913313751610717,0.033875740178439986,0.4112903225806452,227.82793469912195,1.0
9.812945,66,460.070316,0.3000671818837664,0.10276927320271588,0.08112164998911553,0.23528191807503232,-0.07340984199947856,-0.04424265657501058,0.4255050505050504,238.23683893033098,1.0
14.814047,68,460.277544,0.2871265274344653,0.027903462326646988,0.06893774334431921,0.26397356954624196,-0.018849315415358975,0.013784187450860477,0.4227941176470588,229.60556451854856,1.0
6.18946,63,460.440368,0.30177874811572525,0.12446928644381285,0.1154462320309092,0.2320868659376276,-0.09047205228309675,-0.05726564634901648,0.41798941798941786,248.6426188001741,1.0
12.107399,75,460.62629,0.30991507884822556,0.07130296582327984,0.1025396462238345,0.22956130497856841,-0.0511896075911614,-0.02950941747768739,0.44666666666666666,243.34484677541056,1.0
-0.945126,63,460.80542,0.32462110271288197,0.17551250411124972,0.1195568975664163,0.20773682913981734,-0.12718866202838472,-0.08838771642048142,0.40740740740740733,268.7031584351136,1.0
14.758603,68,460.975705,0.284891246615741,0.028791920912653382,0.06040410585766527,0.26321045888833483,0.017994345904373543,-0.00781509557868546,0.43750000000000006,229.97013500540055,1.0
12.421198,66,461.138504,0.2826830816866785,0.04177266648795501,0.09625541665877732,0.2623888549914927,0.027550266077967706,0.042448553353046384,0.4116161616161616,228.26366976220507,1.0
14.131297,65,461.308905,0.27416332135767457,0.010528984330968124,0.0903462616985984,0.28005849987054526,0.003739959883808012,0.026147900375940118,0.441025641025641,229.8282076567792,1.0
11.223934,60,461.49004,0.26648836426946826,0.051170905144016246,0.10737550260727811,0.2868065692347574,0.03538335488408514,0.05528641232571985,0.4166666666666667,228.90062649823446,1.0
13.1833,61,461.637533,0.26912214670536444,0.0454178448660872,0.06923125378271122,0.2845182501550899,0.03117550564472661,0.016843141529762986,0.419398907103825,235.0743828684668,1.0
9.815845,63,461.791318,0.2782104316392033,0.08136776868122701,0.08558777042900458,0.2707611103374509,0.05307984205664124,0.04854311222353769,0.40079365079365087,227.8610511074537,1.0
13.401873,69,461.965643,0.2966287949434496,0.05634879351227466,0.09593538759314182,0.2474736880576143,-0.04144483224759555,-0.04319734107118314,0.4335748792270532,233.9813573448164,1.0
-0.014245,62,462.152254,0.2872708925575261,0.1259816119081724,0.14675984185863258,0.24815494894425372,0.0980234951176553,0.10650117938064176,0.3897849462365592,236.50258123367456,1.0
12.863572,66,462.313004,0.28772489568267856,0.07116986751367395,0.07951854538659896,0.25455893969344245,-0.048910986279371065,-0.024739115938045418,0.41792929292929293,233.3336045397594,1.0
14.484565,70,462.485247,0.29206653643233804,0.023796337998332185,0.08214654426347122,0.2549693273547067,0.0028573939960883105,-0.006836285820709871,0.42619047619047623,234.81778794034975,1.0
10.031895,59,462.633246,0.2708661324157696,0.09638591870142972,0.11578712300496431,0.2837165034530872,-0.06398310520867091,-0.010074826611991241,0.4096045197740115,237.8901875343573,1.0
14.987777,65,462.814689,0.2786127332509705,0.025259075983289428,0.08028651508090544,0.2693800438593448,-0.014951172255515597,-0.04650544358868804,0.41794871794871796,229.26528905529517,1.0
10.151131,66,462.991418,0.2952318832476423,0.09209213697398064,0.11274489004913951,0.24411895441371445,-0.0650868353045381,-0.045130906438924694,0.4595959595959596,239.93436423593147,1.0
5.308761,65,463.155697,0.3086092854870517,0.12859501888027255,0.12865052205093366,0.22540784907610004,-0.08724991840370197,-0.08004242666745165,0.40897435897435896,246.01659549151947,1.0
10.295727,61,463.30711,0.2741125880008646,0.07718249828430768,0.07349648624359768,0.2734969417544135,0.05862484658337793,0.040018675963595415,0.38797814207650283,228.03790498499214,1.0
-0.572778,59,463.484449,0.26889885711081507,0.1330623091388092,0.1726902256341963,0.2739893336029047,0.0982958575301235,0.11142889823791574,0.3771186440677966,243.04773298934563,1.0
13.250217,57,463.622991,0.26579541546920965,0.01423255393418448,0.08092002539473496,0.2941624791442921,0.0012433854793653261,0.0064021584865200706,0.4064327485380116,216.93450223052926,1.0
13.628962,69,463.79296,0.29089803527004704,0.03879280938348947,0.06938255600134205,0.25537966591237815,0.021379274568136642,0.014944183104511422,0.4202898550724637,229.96517473154802,1.0
11.496864,70,463.966938,0.3054222383077453,0.08332739714293988,0.08235456548847886,0.23054424891262829,-0.06034370211729608,-0.02831933795352466,0.4369047619047619,240.72508942115797,1.0
8.15532,68,464.172574,0.29227681209608075,0.07807413708498047,0.11142422219249355,0.24834132110408239,0.056251788753056586,0.03511839349512024,0.3958333333333334,232.44176733653848,1.0
13.83936,81,464.367995,0.31827179132109684,0.04060402380275053,0.0677396451070161,0.22676175975837326,-0.022136375265359377,-0.021566107493784063,0.4269547325102882,235.2404126824547,1.0
14.167698,60,464.51233,0.27054500273936344,0.021375498892301618,0.09220904976077693,0.28230050384009586,-0.012103904804563283,-0.04317863052462346,0.41111111111111115,233.21070004418905,1.0
13.397613,68,464.6879,0.2828155301989664,0.03264576453205318,0.09587327790726752,0.2634537548242956,0.01865812389425851,0.0483918603401248,0.4240196078431373,230.8928004226864,1.0
13.815361,61,464.873816,0.2687875601647218,0.029984451812036794,0.08549150094232064,0.2824209901280116,-0.013505471573227292,-0.017161875077061777,0.41120218579234974,226.43887062690618,1.0
13.342336,61,465.027415,0.2675240711685494,0.0554653541495794,0.09666873214718191,0.28559664574178173,-0.03664080387944387,-0.04593827297719891,0.4221311475409837,233.16783620315965,1.0
14.915507,65,465.188605,0.27634208701534496,0.0301725138324047,0.08233397483826786,0.2735560232426034,-0.020492118092999008,-0.0057408331707895725,0.42948717948717946,230.85693309145663,1.0
14.334773,78,465.387073,0.3117636843424127,0.012473832322241292,0.07698797537988163,0.22942158327014858,1.5486882439032067e-05,-0.009921386358914822,0.40491452991452986,229.59589286766618,1.0
13.343103,61,465.570523,0.27344567927389585,0.06342407566128735,0.08812246238856249,0.27269401328430243,-0.044433993990327256,-0.014337661152582133,0.4467213114754097,234.32519802558488,1.0
9.969027,57,465.715775,0.25733052393522726,0.044900102964145344,0.13522049874367495,0.29915362951197944,0.03824676537401006,0.058381830926747286,0.3991228070175439,230.18383434081574,1.0
14.881315,65,465.877962,0.2809532423964948,0.025768411547020597,0.05869597730865584,0.2671566736787115,-0.010941002294277254,-0.013557342448419635,0.4153846153846153,222.9075643943479,1.0
8.671533,66,466.055472,0.28666264536390024,0.07016363112621858,0.10534881881579412,0.2536873314712006,0.05248645444845526,0.07240482186892937,0.39898989898989906,230.5122184176737,1.0
7.688812,61,466.227209,0.2707171024471682,0.08443582723188216,0.11031555192121575,0.2752828785844274,0.06374746416349562,0.06713146263417229,0.3866120218579236,241.01139791726808,1.0
13.878031,61,466.378954,0.2635496929422236,0.02561431992121425,0.10187960846301165,0.2921039925634748,-0.016758297226910204,-0.010035705467877708,0.4193989071038251,232.07369146150612,1.0
14.6492,63,466.53556,0.2696810633710747,0.022761257660739012,0.06051802963468697,0.28039649063048777,0.014071974002645983,-0.013101110307814615,0.41137566137566123,231.25843308099178,1.0
3.206954,61,466.693275,0.27925572194891096,0.11271791948116111,0.14908598829451483,0.26123220785022727,0.07891231656384919,0.07978863992807456,0.3770491803278688,236.85956998719718,1.0
11.220449,68,466.885723,0.28734534185064825,0.053645996909911724,0.07633829380185264,0.25482232591220805,0.04347879180378753,0.03442932829330134,0.4154411764705882,231.68276031479382,1.0
12.587544,63,467.03432,0.2735110164492527,0.037848096851475256,0.09364222006429959,0.2769041116032295,0.0276869252660496,0.036589863794402884,0.39947089947089953,224.47677171195429,1.0
14.30465,71,467.215257,0.28977245121158857,0.019158091796269427,0.06051680489648697,0.25600505958457265,0.01246673327869689,-0.00030728708472971657,0.3838028169014085,227.25058122737485,1.0
13.761031,63,467.373701,0.2696039486350461,0.01329373895408301,0.10818494106315991,0.2874235603602272,-0.006587413288670481,0.02693741168957497,0.3875661375661376,232.18482673336192,1.0
14.114567,63,467.554342,0.2790090807411231,0.04704919882779732,0.08679880998205641,0.26642159097810375,-0.03512928531178784,-0.04034321589506589,0.3955026455026454,233.82157108594714,1.0
10.923659,65,467.719738,0.28412826672004365,0.07845784475649277,0.1198177942124228,0.2542418170428273,-0.05767278770249052,-0.05647160920091696,0.41410256410256413,246.4752353039574,1.0
14.211841,67,467.889377,0.281460116177303,0.04798696286584747,0.0813946911158869,0.2643189174634888,-0.03309837183615598,-0.030231934518125187,0.40422885572139294,238.01737457861347,1.0
14.909345,69,468.064162,0.28755875118178514,0.02353614537298206,0.08913169185498881,0.25814678881246245,-0.013985376963966484,-0.009005855507910198,0.4009661835748793,232.88871605033262,1.0
14.777235,72,468.269329,0.30016984677687486,0.03236571396982563,0.07314740272511153,0.24157768150297226,-0.02522553444222099,-0.005815874579367658,0.41203703703703703,234.42998758815565,1.0
13.375223,67,468.433284,0.28170818555778626,0.03734076102960362,0.07433921946275622,0.2668403509996552,0.023258990257275285,-0.0006629894355264887,0.3917910447761195,226.42190790322934,1.0
10.063876,66,468.594405,0.284653866701147,0.06758510456523042,0.08902208646401509,0.25730188705297513,0.05226150719752746,0.035307542423651056,0.38762626262626254,229.28309353331466,1.0
14.697166,63,468.743804,0.27475521586820706,0.021426994849151875,0.07937833717824697,0.27533383408479123,-0.011366982758608226,-0.03985749159365443,0.39153439153439157,230.3301488253098,1.0
14.850052,64,468.938907,0.27404221711235144,0.01635688259804767,0.07010211629988171,0.27898609273878366,0.009374986417218272,-0.004993425989426205,0.3893229166666666,230.54703955350877,1.0
13.847663,62,469.096801,0.2718625347056784,0.012399778287308687,0.08126045696392087,0.27769175802033275,0.009119841631582052,0.0258758938623191,0.40188172043010745,223.84956973933674,1.0
13.740678,65,469.259379,0.2742061341327466,0.012112417101287408,0.09618167347647583,0.2744016368366352,0.004317814374745309,-0.004304601007037683,0.417948717948718,231.83691232922413,1.0
14.688199,68,469.421262,0.28590874493304685,0.02675783189992192,0.07200226292542376,0.2617108566724632,0.007618385535415051,0.004607003882874316,0.39460784313725494,231.86852189912707,1.0
14.227422,75,469.606617,0.30167676648411246,0.013980472697102921,0.0777167999918643,0.2415931800746124,-0.0009828401271801174,-0.0013705793336605961,0.39888888888888907,230.60844935416094,1.0
5.402444,59,469.740842,0.2629138423728548,0.08354832509073133,0.1601144091961891,0.28125085847422854,0.06375181294250404,0.09142845400449448,0.37711864406779666,236.2979871475984,1.0
14.807225,70,469.908028,0.2909123403829088,0.029303514061853067,0.08754735888057803,0.25532207770365667,-0.020887565339307284,-0.0020427098158773654,0.39999999999999986,235.15128329490122,1.0
11.285874,64,470.087688,0.2731858307101098,0.05395241901084306,0.0839400597961367,0.2715076598146167,0.04049657617733327,0.04559162885985958,0.3997395833333333,233.15056348032718,1.0
-0.877317,65,470.243426,0.3344239114921535,0.1557534367797492,0.137682028130029,0.19309970704348972,-0.11206715511782048,-0.10023977636672252,0.37692307692307697,262.17000941516943,1.0
14.271126,65,470.406906,0.2798648872040804,0.019717393472068554,0.08175168899459136,0.26630042633715834,-0.011393913744442251,-0.00535695593047053,0.40128205128205136,229.1762870495449,1.0
14.437718,64,470.565827,0.27812029939183197,0.04987867286933489,0.0803859902985598,0.2696191416832765,-0.03684002223013063,-0.01644452753913041,0.39843749999999994,232.48716592211414,1.0
14.123395,72,470.77073,0.29286337693360043,0.013371726195930855,0.08754016942798436,0.25122113403216484,0.002047269611409845,0.011265270265352003,0.39467592592592593,230.24858611082593,1.0
11.969068,66,470.926782,0.29064104183386663,0.07807465373257727,0.09701092326017478,0.2479679840045677,-0.05986406092032077,-0.03940302081968197,0.3977272727272726,246.4134852582505,1.0
12.493995,70,471.102794,0.292666686029318,0.03967112015397021,0.07664887522933761,0.24843355270296844,0.027874087212955905,0.03121212034703237,0.3845238095238095,228.65252985838947,1.0
14.614028,62,471.253855,0.2705091786730747,0.018882997624374898,0.07886908668487141,0.28285752168939343,0.0063724852274147144,0.007262469518222492,0.39112903225806445,230.0540773652694,1.0
14.14612,75,471.47048,0.30697498852497157,0.030726140943371703,0.06441589702399962,0.23538116455120323,0.01348113539277867,0.0012529731842920448,0.37999999999999995,228.89671035332196,1.0
7.554241,81,471.673106,0.3392082316965059,0.08187470462601203,0.13784249892665318,0.18964624699867325,-0.05725912728474188,-0.060759036117695016,0.40946502057613154,254.77756761344372,1.0
14.575529,62,471.829679,0.26952928571472085,0.016313168514280125,0.061334975455968235,0.28139101515361825,0.007811183350329707,-8.220545017711026e-05,0.38844086021505386,225.47591296708654,1.0
12.497964,57,471.977558,0.2633942224580071,0.009142238642626555,0.09881721274414774,0.28753277925177206,0.002621121646370096,0.02253607168002133,0.3845029239766083,223.69009983612807,1.0
8.563605,58,472.153597,0.2617573351076869,0.053058378365133343,0.15240163304218343,0.2889691017778391,0.04566278825580122,0.08459341065943901,0.367816091954023,230.04226164675188,1.0
14.46113,66,472.318759,0.2860723130543227,0.046429446429836034,0.08499703650029122,0.26072662315484824,-0.035619172870256476,-0.00785994828297001,0.41035353535353536,233.7679758033605,1.0
6.823764,64,472.466773,0.2788440723402934,0.09278381584849041,0.11921377567087404,0.26330629718826115,0.07083329826179531,0.07617843226379685,0.36848958333333337,232.31049640097504,1.0
13.672461,60,472.611845,0.2658216232583956,0.010438559764950658,0.10415885643360238,0.2870876377911292,-0.004540914173222673,0.015248135093625907,0.398611111111111,227.3607115669225,1.0
15.028935,66,472.803005,0.2814448404971391,0.0262464309922307,0.08204246720808567,0.2653527404585838,-0.019238848607103076,0.003375610162953309,0.3964646464646464,232.5571021658609,1.0
3.471812,64,472.966357,0.3125723463155309,0.13463274628670227,0.14457076521747111,0.21685871241659616,-0.09661082790871836,-0.07378765971678329,0.38411458333333326,252.17451073871592,1.0
13.820628,64,473.120147,0.27531319024781603,0.03736279785772739,0.07213553562677576,0.27406013219178854,0.019610490182887574,0.014019745559679928,0.3880208333333333,230.528801087223,1.0
13.86602,66,473.28192,0.2830032929161713,0.03201966765514687,0.05652843755847258,0.26073424872424733,0.027745297440210023,0.021994774344594386,0.4027777777777778,221.55511547988647,1.0
9.719226,61,473.461201,0.2727100031160631,0.06589107805061194,0.1098733715832341,0.27439834513935746,0.048815881830424034,0.06855142091350787,0.389344262295082,220.1780433615005,1.0
15.165185,66,473.616751,0.28774937518562993,0.0160575439535474,0.07231750380134593,0.2586677120187045,-0.004726427601626998,-0.015904217072918173,0.39772727272727265,224.33950691843398,1.0
11.166518,60,473.759062,0.27850110921566934,0.0743471662210963,0.12635144547411079,0.26364731311976436,-0.05445107194992681,-0.06807850810237653,0.39305555555555566,231.5884805578108,1.0
11.927859,63,473.908437,0.27711714890295264,0.05427300171950087,0.09624294123948214,0.2693465041129805,0.03621650234931496,0.0538430163037774,0.39285714285714296,226.73970751128834,1.0
14.177407,64,474.54454,0.28047568893942454,0.042179094811374794,0.10333362476529274,0.2626326963334323,-0.029699045908679333,-0.0521803330870519,0.40364583333333337,235.63933699676798,1.0
12.841053,66,474.709441,0.28997978654131323,0.06569817982242264,0.10438051282733087,0.2506342760208054,-0.04870364989896233,-0.052249907954123216,0.3977272727272727,232.90657181439553,1.0
13.713771,64,474.870013,0.277333158660242,0.029635935046102593,0.08411951845549252,0.2688215419634614,0.019807200333149966,0.010362887644535579,0.43489583333333337,224.38248394287663,1.0
7.423921,60,475.017498,0.2715766460804446,0.09093472211051912,0.11903211221266956,0.2751798993457404,0.06924274173807715,0.05335592752189849,0.36666666666666653,229.79705819628907,1.0
7.81449,54,475.178625,0.25613433204082525,0.06645308628208985,0.14609681516427805,0.30374828039865354,0.052522295910950444,0.0834391972238789,0.3780864197530864,225.55265608279097,1.0
14.72075,65,475.340953,0.2784126512014846,0.013767648378307344,0.0903336389170097,0.2696306805313241,-0.0014096670714201036,0.00277307219019272,0.3935897435897435,228.1168655675323,1.0
12.916316,61,475.484938,0.26693823730912963,0.04393903092841329,0.12520821028229584,0.28251549446939467,-0.03697307023320645,0.033527120667454904,0.3756830601092896,235.41757785111963,1.0
14.88291,60,475.631687,0.2683565238052395,0.01865519882104731,0.0637129421963382,0.28546544162647775,0.009433255044989208,0.003675989317273205,0.3736111111111111,217.37237299120233,1.0
13.533983,56,475.788355,0.2555340473312818,0.013840751324153933,0.08214834126483253,0.3043632890472578,0.010688964235878628,0.040188261912504464,0.3943452380952381,223.01647125508325,1.0
14.652804,60,475.933098,0.2718933527637997,0.02660383870358612,0.0787361323409313,0.2788285086808661,-0.0189636909615846,-0.01343398150466273,0.34444444444444444,227.40768753924112,1.0
14.050284,61,476.083844,0.2699785693834265,0.015671837876720877,0.07033523223941998,0.2802608415720738,0.012506753910925105,0.02594267651182644,0.3715846994535518,224.44975937864305,1.0
15.215967,62,476.239743,0.2674218206457213,0.02273445900365241,0.0814849568176741,0.28591672937116996,-0.014494337335250919,-0.02141432039283271,0.39112903225806456,229.56629698997065,1.0
14.2304,60,476.386622,0.2688263139595964,0.028031516878214924,0.06277427717501216,0.28191167392338945,0.021114428983069426,0.0022886711139590327,0.37083333333333335,226.67236517657474,1.0
11.631007,59,476.551837,0.2729007182527729,0.075915536994905,0.10974622549793688,0.27419163556433457,-0.05389470195256142,-0.05420056071508516,0.4039548022598869,235.35399420162244,1.0
14.163029,60,476.702202,0.2658117945720162,0.04602111725609097,0.08349977180949716,0.2860430918513496,-0.03239856410851701,0.004283966384257082,0.39861111111111114,226.42848072948354,1.0
11.741596,59,476.848549,0.26569962522898005,0.03311994826528129,0.1133613044198776,0.286506399314007,0.026506081415851878,0.06463668104208962,0.3771186440677966,222.55941447190082,1.0
14.159562,63,477.004343,0.27329971329428726,0.028572883377187316,0.07938398244520613,0.27598916756629216,0.013683848551335162,0.01751504414789529,0.37962962962962965,225.42130785472372,1.0
11.334565,62,477.192719,0.27394734610158067,0.05899737413487251,0.08509798169222368,0.2700901830761697,0.044008462369383126,0.04587953200661509,0.3615591397849462,224.29747221784444,1.0
11.168999,58,477.34037,0.27246297793467106,0.07439674491598997,0.11901624077135231,0.2753520470849147,-0.05521481732486618,-0.05780920388300603,0.39511494252873547,234.9337677698604,1.0
12.330242,58,477.486576,0.2636252716300327,0.05724253766354353,0.07181883871104362,0.2891394825663196,0.0393515134750957,-0.008244305213171347,0.3908045977011494,226.84222796291255,1.0
14.051298,61,477.641776,0.2678500842212159,0.02672040826394081,0.07363454795621178,0.2815409806596125,0.016492256982094652,0.008159453466616222,0.4043715846994535,227.63483505241553,1.0
13.706858,67,477.825166,0.2879004857564171,0.049212449262224615,0.09738312235805678,0.2538795724172941,-0.03778439449186353,-0.03089243263688166,0.406716417910448,230.76873966397514,1.0
14.579706,64,477.986799,0.2805268224451748,0.038115314667695674,0.09499920591925143,0.2648887429663543,-0.029468628986683922,-0.03602418976687453,0.40885416666666663,235.29791263215677,1.0
11.062034,60,478.197268,0.26548210791202126,0.053832338869012834,0.10957674233107773,0.2877759955711776,0.04084447033302215,0.04036398946514043,0.37361111111111106,232.34766359886055,1.0
10.713638,58,478.372787,0.26736579674861966,0.05431821751699629,0.09819986977195472,0.2826414073323838,0.040043121581907246,0.05741795531446307,0.3908045977011494,223.69674217320667,1.0
9.220675,59,478.543331,0.2681341087097497,0.06463551270441842,0.11855766281662147,0.2775964360766692,0.04790811414957566,0.0658998899189146,0.3686440677966102,226.9078405566745,1.0
14.740482,62,478.686417,0.27451565214406665,0.01556286233606174,0.07295036359118634,0.2752345443645537,-0.005467698078332273,-0.03857637204073723,0.3736559139784946,228.74570435081253,1.0
14.153125,58,478.825202,0.2637243061971793,0.011467340600304647,0.09610497185436587,0.28999212262159185,-0.007526085447654428,-0.0050864608301217275,0.410919540229885,224.44864083012808,1.0
14.049002,57,478.956533,0.26007569135070485,0.02662223150010953,0.06634753097513069,0.29860076609169733,0.01321405286613691,-0.014873160723000428,0.37865497076023386,226.71456263057127,1.0
13.505529,65,479.107817,0.2868799090073338,0.055677274466685765,0.08756300875668091,0.25208694668385445,-0.03798124258316873,-0.04247251036529521,0.387179487179487,228.17226373824928,1.0
14.287693,72,479.297484,0.299804401291552,0.02507107222464703,0.09924820559849436,0.2428532564736119,-0.01236348993704322,-0.044946531994034394,0.3912037037037038,226.69194015644746,1.0
14.053947,60,479.442914,0.2688220128398861,0.014940031512992967,0.07982175581628215,0.2871226869438645,0.00961588228098433,0.015098567488083584,0.38472222222222224,221.5542098937164,1.0
14.46178,62,479.592384,0.27000340049428195,0.016131406981873462,0.09155798809267073,0.2814169815580321,-0.009665681534379592,0.007575566977541189,0.3844086021505376,227.0109986340783,1.0
12.005642,69,479.782857,0.28858931048251524,0.05370181343576417,0.0945260708781805,0.25468614374438103,0.02716355206345999,0.01094808739641455,0.4057971014492753,235.11523291304104,1.0
13.166394,58,479.925249,0.26100987831458744,0.027889917627611432,0.08609240881697758,0.29498495923322954,0.022686364903794495,0.029409431797301242,0.3879310344827587,218.03286803547257,1.0
15.027362,65,480.089126,0.2765083503350595,0.016113608560518865,0.058356708629664696,0.2681033493411718,-0.0017279197282426167,-0.023171073658600414,0.37564102564102564,225.1419686398389,1.0
14.47179,57,480.226461,0.25895732747449596,0.013825399460186663,0.06523359753784223,0.2950525506786112,0.0018861413025620345,-0.014943502524482444,0.38596491228070173,222.85862176708872,1.0
11.503307,62,480.386474,0.2748130032943622,0.06456821928039795,0.0773180420495217,0.2723965755043565,0.04408724029022525,0.03325240102068986,0.36827956989247324,226.97133843551651,1.0
14.657433,67,480.575892,0.28865140310069864,0.010951794688598209,0.0705815781242828,0.25522678418553985,-0.004152479334983133,0.0035447024545887025,0.3980099502487562,221.31546879726108,1.0
14.494747,65,480.730745,0.2815447228864733,0.029341767876161554,0.07405249971079929,0.2658837656035686,-0.014212176909142303,-0.038036201671428294,0.4051282051282051,223.36896180835885,1.0
14.591372,76,480.908585,0.31076997519575333,0.014907595183254616,0.07283536501150203,0.228113741844169,-0.010863443552484389,-0.007484013687415497,0.3980263157894736,225.74504282116212,1.0
14.512348,59,481.076302,0.2609845638529278,0.011295418788385192,0.0679439764326992,0.29272321284458813,0.006501688111244194,-0.001264714831616276,0.40536723163841804,219.30615855354796,1.0
10.981507,59,481.213019,0.2638520266125012,0.05055355034078243,0.09558602565139784,0.28927331562152037,0.04140033281114359,0.051951167407512974,0.4025423728813558,220.208969647848,1.0
7.952746,59,481.349997,0.2698008979552989,0.07160987407189212,0.11578499166329825,0.27350947614220106,0.062363551048694114,0.0743016675754408,0.384180790960452,220.67677157182413,1.0
12.04988,71,481.529738,0.29679887471261635,0.050763044941118274,0.05922311659322843,0.24466466316469684,0.03539193792088422,0.016428374771352998,0.39201877934272306,229.58654450859967,1.0
11.964124,62,481.677316,0.26614808296228604,0.014791803027672667,0.15146154717841592,0.2864638836775636,-0.003502243017956362,0.06532006706744471,0.3870967741935484,225.09759552483004,1.0
14.077084,63,481.852168,0.2788202392666482,0.012705964273080716,0.08224664488760092,0.2631417264246178,0.002453431206164026,-0.017617241589278458,0.3968253968253968,221.50903751442348,1.0
9.291124,59,481.995634,0.2672041529057438,0.056775185960091915,0.11455540465461371,0.27736113035094007,0.05131892968427528,0.065651725661108,0.3700564971751413,222.8287385269454,1.0
12.319912,60,482.137748,0.2665237872316162,0.036866823696221664,0.08850878948032824,0.28514861147417375,0.030664804186024235,0.05368248365161274,0.35833333333333334,215.89190979118337,1.0
13.090655,57,482.273388,0.2594754134069774,0.030076793879448283,0.07797732156924521,0.29872277625989485,0.02224640868696726,0.03298573354366321,0.371345029239766,224.52306632967225,1.0
14.544336,62,482.448765,0.2689968030728219,0.027679359019428525,0.07525340587933185,0.2825953440191567,-0.010443282017607854,0.01500722035191602,0.39381720430107514,221.4217298314906,1.0
14.398313,63,482.597842,0.270160108495222,0.027376849009715834,0.0792614941479852,0.2781885222636927,-0.01706612457179943,-0.007236609393682587,0.3743386243386243,229.20958672507612,1.0
14.448539,65,482.753446,0.28364344438885625,0.02965565008651989,0.08154514292119198,0.2619276746549916,-0.013992151611229221,-0.03660345339798452,0.3743589743589743,222.40175833709958,1.0
11.067901,61,482.892536,0.27479447332293433,0.08006249415012215,0.12214104669008084,0.26756584043467013,-0.05849521667615556,-0.05941884267503604,0.3852459016393442,236.3134316374112,1.0
13.974698,64,483.065529,0.27320612101006087,0.016441870107237758,0.09318940543472896,0.27736697165138324,0.007483917360237427,0.035080190712884846,0.3710937499999999,227.37332610951583,1.0
11.478083,68,483.22501,0.301301757939672,0.07723493421730307,0.10071665425087563,0.23256696716845082,-0.05765585104623386,-0.027155435746630787,0.39950980392156854,239.50568140455925,1.0
14.356106,60,483.374835,0.26539083484173726,0.014698633638216219,0.08298781720937783,0.2881014607423632,0.004722281627708738,0.0058483283938367036,0.3902777777777777,226.72084879078574,1.0
12.864362,59,483.517729,0.2685143413481738,0.058624613648388314,0.09990551990567458,0.27871651077049747,-0.041967083196916485,-0.002096969323917861,0.38983050847457623,228.4279849268523,1.0
12.431674,59,483.688022,0.27377517937100543,0.07168060632094198,0.07459182354536038,0.26758921757330023,-0.05288150097797996,-0.022644410212356813,0.38841807909604537,225.78925997945504,1.0
14.927243,59,483.83549,0.2670021624526083,0.007919275017865747,0.05498818493062893,0.28495057792175144,-0.0007968330829279713,0.006116471533022509,0.3700564971751414,223.93293397346366,1.0
13.726688,62,483.982781,0.2802547759003221,0.05817193459375751,0.06372613541597398,0.2607170595439817,-0.04104430224961266,-0.0256373205909002,0.3790322580645161,226.15719474402795,1.0
10.896627,60,484.124469,0.26303430311062753,0.041555132557237216,0.12585720259912486,0.29117976432581744,0.03409547195916786,0.06539351036618887,0.3777777777777776,224.49443204431265,1.0
12.650851,62,484.284325,0.27088178783752,0.024734972011393623,0.10538117509618386,0.2779918702827395,0.020353284303016677,0.03867172991482918,0.36827956989247324,223.9944218485569,1.0
12.592677,60,484.424163,0.2729660154505274,0.061345178618305345,0.09802294440429381,0.2749152643507523,-0.04427350094751671,0.01745781839374064,0.35277777777777786,223.2353998567896,1.0
13.17059,78,484.623488,0.3189144322456089,0.04684467643826937,0.0950413872466824,0.21683934061344673,-0.032934611821263234,-0.021802499780669813,0.3878205128205127,231.03979959067016,1.0
13.383382,59,484.77154,0.2741574083064942,0.04742840742876201,0.08299026395747387,0.26938228413025833,-0.03289130202966876,0.0012353025106029783,0.36158192090395486,219.3311706710956,1.0
14.49028,69,484.960981,0.29219322672906933,0.042912309213945656,0.07886358513030126,0.25247427297318387,-0.02924677833809972,-0.01246502782522105,0.3647342995169083,224.84362090997405,1.0
13.844053,64,485.110262,0.28468665126860204,0.03926842632911896,0.08135059263759029,0.25650034719547604,-0.026955902579289977,-0.03271151759125511,0.3958333333333333,220.68508628079874,1.0
5.621821,60,485.245572,0.29470799261702385,0.11961491793653589,0.1442440086752206,0.23699782104782602,-0.09370658909095836,-0.06385805290075526,0.3624999999999998,250.36299511604508,1.0
13.970952,61,485.387324,0.27397628777762045,0.04800600214540308,0.07955763392068027,0.2701513661058206,-0.035440373338103126,-0.004616955529402255,0.3743169398907103,221.47482338517594,1.0
14.790988,61,485.568685,0.2685847922408674,0.038585038861902135,0.0729595288743881,0.28646610919345394,-0.023990733301086118,-0.009757332972109269,0.38114754098360637,222.58615062118832,1.0
11.078475,68,485.719972,0.28812678070199127,0.05607741836628169,0.07418283214219297,0.2524488187241674,0.04727870876187703,0.041279633718841545,0.36519607843137253,229.04211219906458,1.0
14.101147,60,485.863779,0.26076862181110194,0.02503773615012444,0.06690125636674728,0.29479354584573564,0.021102782727833783,0.02108346901035697,0.3847222222222222,223.47578662019683,1.0
14.685709,66,486.03249,0.2816734237310616,0.014843644814549271,0.07227539407149561,0.26132794288644123,0.008605632299188062,-0.0008025878540340773,0.36489898989898994,219.82011979705425,1.0
14.171991,61,486.196185,0.26997688225749117,0.017504115632537558,0.08023296979483097,0.27859204835455237,-0.0022004105384352416,0.011316947785589638,0.38387978142076506,210.42795523433406,1.0
14.178697,62,486.349231,0.27014647964043,0.016688720734051695,0.06182689684533976,0.2809259908319677,0.010350595247298321,0.004302077928513686,0.34677419354838696,224.69531550225938,1.0
13.075869,61,486.506277,0.27313706174487473,0.05605243038464154,0.11264755641011569,0.27218469762448394,-0.04300507838007133,-0.020476646693534353,0.36612021857923505,228.87920019073516,1.0
14.440958,70,486.678407,0.2937023177312751,0.017165552931305627,0.054552894265445,0.24880052500115873,0.01393479920274375,0.010272522005612857,0.37976190476190486,212.42746310093585,1.0
10.662247,58,486.835443,0.2625541252733564,0.0639127405914549,0.08382793530314923,0.2896217658038598,0.051080401274150936,0.039365444025573286,0.3548850574712645,221.66109919432395,1.0
14.315653,63,486.989513,0.27559509758892037,0.01531077944190846,0.07752677647261132,0.2738686157709201,-0.0003154228149382612,-0.0006320685317758616,0.38095238095238093,217.4351419487518,1.0
14.06881,57,487.124806,0.2579133422638585,0.03641012818862372,0.08897108463415578,0.2946669784144604,-0.022817004199862302,-0.01857493756717901,0.3830409356725147,221.08978678162237,1.0
13.793903,62,487.272125,0.27544071395502967,0.029669962355166085,0.05761685175487612,0.273354588749124,0.02235876029549216,0.0035377137332133044,0.38172043010752676,214.6970437122972,1.0
12.958022,55,487.40186,0.25525774527788075,0.031120010817193882,0.0829188808241697,0.3039664593562862,-0.00324713977117486,-0.005686227689833081,0.36515151515151517,216.96619261221693,1.0
14.901785,70,487.594772,0.2905186177953383,0.018069839134590746,0.072839766736399,0.2529943534211503,-0.0015313137793618447,-0.004533157268459577,0.3904761904761905,223.19801595473794,1.0
14.739594,61,487.736444,0.2640606147967114,0.02030273616837271,0.06426369483860621,0.28754926576977413,-0.006509713300248707,-0.005692054865474509,0.4139344262295081,226.65711668067112,1.0
13.092096,56,487.872163,0.2607422593410559,0.03645309532444844,0.10177246897702184,0.29583636157890775,-0.021868933240539158,-0.037302757618433435,0.3913690476190476,220.37817682074004,1.0
14.748991,63,488.033396,0.269655642883645,0.027401839714593274,0.07715755663550009,0.28144792846446104,-0.016788752142455184,0.010400885371473191,0.3664021164021164,223.25632177406,1.0
15.305656,67,488.216423,0.28530922170252443,0.016051291934099144,0.050973684775860686,0.2590048453586327,-0.0046018154998409095,-0.009077046558278927,0.3880597014925374,222.7224695979671,1.0
10.876487,63,488.372495,0.2853636511739376,0.07913948387172477,0.11328534217169976,0.2528459988816654,-0.05731908551164408,-0.053010026724994906,0.4021164021164022,236.34891808794507,1.0
13.40038,59,488.521987,0.26228751681166024,0.019585711414276997,0.10026489846340408,0.2865587401465371,-0.004430847870689757,0.03064487275402045,0.40960451977401136,217.0791277973872,1.0
13.320919,58,488.662695,0.2659289567666243,0.018193099509922338,0.07300252830430023,0.2857012104241658,0.011086116537697236,-0.022857056249374983,0.3735632183908047,216.96186804639578,1.0
14.218156,66,488.847662,0.2859598153741878,0.019199731586332015,0.04230467076275907,0.25500493452478107,0.014060606222048577,0.007789677839642567,0.3901515151515152,213.71965436524795,1.0
14.264753,61,488.99866,0.27021648321126424,0.01882422488785268,0.06143167618283175,0.27746865579078334,0.013324614769215759,0.012403990484985918,0.39071038251366125,220.24206841329053,1.0
11.364092,62,489.151173,0.2859606594826144,0.0791897966574147,0.0986852655681599,0.24992287011650735,-0.05587999469516816,-0.05017690376081646,0.3911290322580645,229.70730365674848,1.0
13.33639,60,489.30321,0.2591805862313906,0.02933618265658924,0.09015593403164425,0.2951804507945786,0.023482992593592013,0.038149754452106895,0.3638888888888888,223.32089875949865,1.0
14.99547,60,489.472673,0.2652719521525308,0.016411065331161902,0.05871712425430524,0.2893477686009892,-0.003509556224173957,-0.001905054098717116,0.3916666666666667,217.9621326735185,1.0
13.429185,61,489.627845,0.2630129100057515,0.017129153230055996,0.10280506738585032,0.29034470714823774,0.00401273667495508,0.034076724466209275,0.3920765027322403,218.22824659171457,1.0
12.832158,69,489.796086,0.2963468803244602,0.062100354688364966,0.08896380473717062,0.24305451883647738,-0.03676557946621786,-0.04864416433162799,0.39613526570048324,223.24971394656723,1.0
13.655772,60,489.945415,0.2646981659286497,0.015481228422503567,0.08474224477527637,0.2900417952251175,0.012397875497928154,0.021917229687710083,0.36805555555555547,217.98842684609502,1.0
9.058159,74,490.158195,0.3216223833710191,0.10774675216334709,0.06664509644182975,0.2078295195894263,-0.07254773328995645,-0.023115907583448246,0.40315315315315314,230.41009019618247,1.0
14.742272,64,490.321292,0.27797987990972417,0.019411041998097508,0.06520272864828888,0.2680252249683616,0.0007662900113294092,-0.013083892634752351,0.37890625,214.31573982209443,1.0
13.150483,67,490.482896,0.2891573427944559,0.06761202442640707,0.08649983707305393,0.2501402610101766,-0.045178043643790515,-0.03377622378922694,0.3843283582089552,224.40540901315373,1.0
9.080972,64,490.635931,0.2957290527713579,0.09909462721472806,0.1070412560079214,0.23821800200059576,-0.07143223008231736,-0.05021314719304958,0.3815104166666666,238.38961316841556,1.0
14.543906,60,490.807553,0.26522818446762125,0.04464870108796728,0.06839242323036412,0.2840428770057032,-0.027612327523214023,-0.015797297026331137,0.38888888888888873,221.89942399028948,1.0
8.826675,81,491.01055,0.33910152187788806,0.08743019695856746,0.08989173208612326,0.18900099510944093,-0.0590420654421441,-0.04442396569382894,0.4084362139917696,230.82126978426993,1.0
14.465845,65,491.163819,0.2780868564755846,0.019342710293956462,0.0666545601019294,0.26898014765231587,-0.00037992735226307495,-0.0002511010724117441,0.36282051282051286,215.43827015943654,1.0
13.381448,62,491.312069,0.2674198543708454,0.026618981700160128,0.06560890586736587,0.2791482406060743,0.02318758774767842,0.014033593027911642,0.3696236559139785,221.46731636574535,1.0
12.42862,71,491.525563,0.29393720637189363,0.033895389001660975,0.0803605221773046,0.2456233165997009,0.0259826362403334,0.02044052395548083,0.37910798122065725,221.46527209548648,1.0
7.705406,72,491.695569,0.3206587581505338,0.10589107240512553,0.09379725497559144,0.2086052368028971,-0.07084005216294562,-0.04121650099205191,0.3900462962962964,234.87746381735099,1.0
6.591454,66,491.860831,0.30664628803537003,0.1278582801077167,0.08021588006008422,0.22392194026602075,-0.08891978998708384,-0.042815770800902805,0.38636363636363635,233.49238424349252,1.0
12.385855,64,492.045254,0.2771492864204931,0.031392015718948646,0.07382997989470312,0.2632644591904542,0.02684358045434189,0.046636560577419474,0.4010416666666667,220.8855111416579,1.0
14.045269,60,492.190191,0.2664690493581996,0.05519207167071276,0.0723074210659994,0.2826452840694556,-0.036716544096983196,-0.004789581247401242,0.3833333333333334,225.4450399766744,1.0
14.117975,64,492.355666,0.2772963153609791,0.015220623456096835,0.06228626560360351,0.2685906984552247,0.004433934277758153,0.00736834758059801,0.3932291666666665,220.75626440257258,1.0
7.202551,97,492.593373,0.36750400371820563,0.08530029326183543,0.0897639236980519,0.1594242527919656,-0.052981593059009076,-0.02820799913089517,0.41151202749140914,228.77186878133048,1.0
14.460405,74,492.803515,0.306006099362776,0.011596057867867575,0.06771724657989404,0.2325933502105873,-0.0033806394859636213,-0.004822271206555155,0.39076576576576577,221.80821189516655,1.0
12.994802,59,492.957038,0.2624866929545385,0.018964184974972497,0.10529699238669028,0.2895930600111908,-0.0012715786131680706,0.020880796416100647,0.3884180790960452,218.47053452766363,1.0
10.411798,65,493.121372,0.2778791737739425,0.04378067508827557,0.11111760485731201,0.26560189036795917,0.037393993362851236,0.062497539359249996,0.3974358974358974,220.64790768509613,1.0
11.799172,71,493.297381,0.3064310459273496,0.07125833386127275,0.07709587024618048,0.2281859177777592,-0.04969188368558158,-0.019443918756767386,0.39788732394366194,230.07989593379912,1.0
8.692548,75,493.508655,0.32912095514770634,0.09114741359330739,0.08961054127686024,0.19966304225143996,-0.06322882322527282,-0.03189371174611908,0.40888888888888886,243.1757980190902,1.0
11.268964,72,493.689636,0.30812395287151473,0.08383096001723493,0.06466073666648699,0.22779156113870355,-0.051633902075537454,-0.015178370344702877,0.4039351851851851,220.92301501695323,1.0
8.988131,75,493.881924,0.32611124509437184,0.09874055130136362,0.06738750665267214,0.2032459718948638,-0.07080687250584132,-0.019964953319962255,0.39333333333333326,236.67010895991828,1.0
14.879915,73,494.092606,0.3011016898760689,0.011454416028075879,0.06959240554731537,0.2384786233463255,-0.0036723936114007303,-0.011816338300826179,0.3949771689497718,221.13120634961925,1.0
14.58715,67,494.257554,0.28503002070116207,0.019158621011063897,0.07778981041864418,0.25516558875726975,-0.008556871111056907,0.007994371337083653,0.407960199004975,218.27627125112153,1.0
7.075508,72,494.438685,0.3176630805040197,0.11955560335580429,0.09278617903086447,0.214917865799585,-0.08185562289164035,-0.0444965258440753,0.40624999999999994,236.6131067271357,1.0
15.277461,71,494.605021,0.2953017359114172,0.02843665100036867,0.062457284990501766,0.24609029116376785,-0.018398105927037642,-0.009231815941237858,0.3943661971830985,222.1618802577309,1.0
13.31283,68,494.787675,0.2886426200080111,0.028341569394991724,0.05530941360968945,0.25162912247897234,0.023173914501414882,0.020024594225168713,0.40318627450980393,220.8911062161545,1.0
14.483507,62,494.935826,0.2757684573536419,0.0340467169295806,0.0738643712900936,0.267983507469299,-0.023867713378886497,-0.0075724497702164195,0.3978494623655913,221.4574145657974,1.0
13.424263,61,495.08786,0.26850155875618076,0.038390324328308585,0.08544513795491368,0.28141547549220397,-0.02388713637425373,-0.0032482397925142747,0.41666666666666674,226.22732385578007,1.0
13.584496,62,495.229134,0.27855944478882305,0.0508987466684889,0.08830655896978308,0.2643455107441694,-0.03530398120230857,-0.03688891120146431,0.4086021505376344,231.3015988570095,1.0
12.759514,65,495.410418,0.2750328395941783,0.043861537927414554,0.06696341938394451,0.2683254831712968,0.03546923795490424,0.01886453131460481,0.39743589743589736,223.41114130144462,1.0
12.972899,64,495.57028,0.27349084472370816,0.03589062148356849,0.08324844957709017,0.2727623864165945,0.026736789082453218,0.036586317962670645,0.3984374999999999,223.35469889727923,1.0
9.349903,57,495.704536,0.25846391399437585,0.06678040384405276,0.09863836186836944,0.2884564575899626,0.05872632867033829,0.04067240732864914,0.40643274853801165,223.58524161367723,1.0
14.175864,68,495.866551,0.2892977229042675,0.04328849039669111,0.07221648263834804,0.2532386872147961,-0.027038489280512445,-0.022957818114379004,0.42279411764705865,219.87797203227166,1.0
14.689598,58,496.02706,0.26172528313307436,0.017597753591058158,0.06541757714147467,0.2907883911822072,-0.011538841474753049,-0.008836315083723841,0.4080459770114943,221.8822862809597,1.0
14.924704,68,496.18226,0.290574695934905,0.03432934664708997,0.06484385205537588,0.25000172390763337,-0.02397869746815035,-0.00928847240768013,0.40196078431372545,219.1593626838647,1.0
0.086807,62,496.326545,0.3361921075288963,0.15718054387614078,0.09504243449429016,0.190374674382752,-0.11661717273842184,-0.07126344984338658,0.4032258064516129,249.932041829586,1.0
14.771777,62,496.470604,0.26822305851763767,0.013363868870002472,0.06760747901117474,0.27982521784672026,-0.0028475790040728647,0.015026253615353116,0.4018817204301075,225.41591946796208,1.0
13.277214,64,496.650267,0.28024019334046524,0.05104777122621812,0.07743643124596229,0.2629833548567232,-0.03140928895553925,-0.00821387086191553,0.4335937499999999,220.71605862525698,1.0
14.836694,63,496.794804,0.276989926951399,0.033789368029004695,0.07328970332799851,0.2682360704470819,-0.027417229841602133,-0.016437172715983422,0.39947089947089937,229.53649794701374,1.0
14.586718,61,496.938299,0.27314825637398094,0.0208796913078939,0.07665233673254873,0.2736353335487856,-0.009234846962567751,-0.009785667614539383,0.41939890710382505,217.63419401852377,1.0
14.740636,60,497.083237,0.26067965196093,0.008531054085737943,0.07001734477913925,0.2943157631850493,0.003983487218836308,0.012837617946600547,0.3916666666666666,220.5109663319425,1.0
11.974703,80,497.285886,0.32024762243451227,0.03834920452560803,0.08599209791292071,0.217916260133032,0.023328250184548628,-0.010450651750610307,0.44895833333333324,218.87397891009624,1.0
14.431043,62,497.426089,0.27259482846150274,0.03898514561051999,0.07847801349316652,0.2753650302625125,-0.025371749909907346,0.0021325193650011025,0.4045698924731183,220.57840433792495,1.0
14.294,62,497.571952,0.27447815198305603,0.03574135556707181,0.06654553907348676,0.2675684773944299,-0.02000670991356939,0.014433995423234766,0.4327956989247311,213.9733790845525,1.0
9.166014,61,497.711554,0.28781672122318186,0.11222104524498856,0.08930028544504313,0.2471011499039766,-0.08339342764175617,-0.037554403563098256,0.4275956284153006,242.13132262013946,1.0
13.812262,63,497.887762,0.2740886392825107,0.034389523969784896,0.06691990803274599,0.2689357002723811,-0.017198667949153347,-0.00175747267741526,0.41931216931216936,218.75993794611418,1.0
6.261542,64,498.037888,0.3105809578226172,0.12872038947571676,0.08062975696777822,0.21715688388024265,-0.09321516183662126,-0.03489546666413734,0.41796874999999994,236.8009225186885,1.0
14.706112,69,498.200004,0.2941506842286416,0.02515882636958552,0.0787064300303611,0.2482346450817347,-0.015391666666246374,-0.02484593921163049,0.42028985507246375,225.36839684125565,1.0
2.09096,75,498.376104,0.3553710401218459,0.13636875358155948,0.07734251987512437,0.17078117311591529,-0.10009641764875138,-0.03810138834681081,0.42333333333333334,250.99365995101678,1.0
12.239666,56,498.548038,0.25446768271242,0.045625007320584006,0.07210312837044457,0.30362210421277147,0.03909580081020965,0.03407702133355792,0.4077380952380953,217.31612194356876,1.0
13.071204,62,498.696553,0.27433556014256055,0.0333254136867974,0.0690390054062106,0.2718798987896742,0.024113987254071226,0.013775833538468354,0.4381720430107527,218.1813047194947,1.0
13.073562,58,498.8431,0.25976779742102724,0.030756773354120092,0.07395992162799787,0.29489739457099107,0.02203493767173498,0.025348226692374576,0.3994252873563218,215.71781855805378,1.0
15.257779,68,499.01677,0.2861733553621449,0.023487288341724817,0.04384474741460291,0.25915501567161026,-0.010925274196801324,-0.00861748565339754,0.41911764705882354,218.02932260412842,1.0
0.649047,68,499.229007,0.3432529527366209,0.1446724963777065,0.11293040090874307,0.18130870007098415,-0.10632478557150614,-0.0728117730075507,0.4252450980392157,250.0467721949908,1.0
14.517094,65,499.406617,0.2795932535831134,0.011187610089310627,0.08150179881830565,0.2636511153049526,0.003403350770741238,0.010183733044118666,0.4025641025641026,220.6266802601136,1.0
14.374011,61,499.555387,0.2698381491859767,0.02474205376136796,0.05947055558621521,0.2773577795598243,-0.0038470222596401304,0.005921310696578088,0.4166666666666667,210.45920325088917,1.0
14.757743,62,499.709509,0.27631643281552826,0.019819109039716124,0.05357209297892436,0.26900061439795364,0.0054124170072122404,-0.008872518517011995,0.40860215053763427,215.55377663981648,1.0
14.723742,69,499.895435,0.29498988191369874,0.02833787395388564,0.06542038732928725,0.24459597082605444,-0.02085803969901854,-0.02285223859854832,0.42028985507246375,222.27167275292697,1.0
11.735634,64,500.052329,0.28827806654746696,0.06540937846633535,0.10170326504079863,0.24467828464536237,-0.048985542301500005,-0.011466417805264147,0.40625000000000006,229.27339224110332,1.0
13.057011,71,500.233706,0.2966317785612814,0.024745483153721715,0.08226165191463551,0.24509435704461774,0.015432239881502642,0.011481004007465481,0.4354460093896713,221.43893078518835,1.0
8.019212,72,500.409767,0.31986077539255126,0.10298625037373002,0.09379578112795638,0.21064104775623682,-0.07675195802439966,-0.03692655188849827,0.42708333333333326,252.12977505302348,1.0
14.543153,61,500.596562,0.27059868374454005,0.03570261567300531,0.07057066190692708,0.2773888062762799,-0.02594770721230097,-0.021081003240916857,0.4057377049180329,223.03356589197756,1.0
9.635597,61,500.74528,0.26455748658496936,0.06543771113022767,0.10751607235359524,0.28069322605842095,0.050838343858138145,0.05994652265274035,0.39754098360655726,227.41611328073955,1.0
14.082649,69,500.918355,0.2915787243355465,0.03550716606955596,0.07401845360830414,0.25081834518300145,-0.025048979130769856,0.004761176454139172,0.41062801932367154,225.1818675660119,1.0
14.008505,73,501.095782,0.30676681783468257,0.03405963582284973,0.07984421304562617,0.22940711830593966,-0.02086314479666726,-0.03962411629975408,0.42237442922374424,227.73147751118952,1.0
12.853047,69,501.32056,0.2896228633517499,0.04065634362208009,0.06307922226777211,0.25237058900846804,0.029162545417218102,0.015416691220310566,0.41183574879227053,228.43884281532053,1.0
13.593015,63,501.471084,0.2775201534019854,0.060152299567828374,0.08492242440470923,0.2626691848838153,-0.04615100137647152,-0.020671052765378773,0.4193121693121692,232.20918436976902,1.0
14.702797,66,501.6226,0.281352391056733,0.010765795412357735,0.0727014209745007,0.26393626605540865,-0.0009285874628703964,0.013736764113051247,0.42550505050505044,226.9138287252007,1.0
10.663728,58,501.760918,0.25857503185445974,0.043599039763652044,0.12156095917551846,0.2895002938676116,0.03188066664254662,0.06936415115214214,0.3922413793103448,223.64312505309803,1.0
12.614375,67,501.933033,0.2850626274749953,0.040919010940326024,0.06742409157779974,0.2568924803747022,0.030705823933278108,0.024297260013656057,0.4278606965174129,220.02044957699002,1.0
12.210808,59,502.075418,0.26074540168800175,0.02440517722770449,0.11142122434259534,0.28923485423520684,0.01955507220015219,0.058497075361636654,0.4096045197740112,218.44980642558383,1.0
13.791433,58,502.222972,0.260418074189874,0.026849036347663734,0.054865666118083425,0.29377178539103155,0.023460533576583315,0.005683793977700363,0.4166666666666665,218.68355522976714,1.0
9.238291,74,502.419692,0.3182743661558269,0.098993435185414,0.07441557604028065,0.21666423287774128,-0.0683924336825346,-0.026635727379093112,0.4177927927927927,239.01087658494131,1.0
12.680735,57,502.554615,0.263240226087676,0.019754163568624302,0.07637262385557386,0.2842525292037805,0.017654471038524175,0.036151670824108,0.4064327485380117,214.9841000991268,1.0
14.167246,75,502.737554,0.31263723278229955,0.034926134271248375,0.06556924227187094,0.22192534518242904,-0.024847031886004713,-0.01210389159142367,0.41333333333333316,222.5713448799868,1.0
13.149046,65,502.889165,0.2760732063850125,0.017688844275177713,0.07836338364848534,0.26641447097858373,0.014527250434318753,0.03886173871430757,0.4397435897435896,221.39397230598829,1.0
8.931984,66,503.0653,0.29813174511821744,0.10226145668785573,0.11415022672343524,0.23516596142128174,-0.07923518079077277,-0.05128850397996925,0.4255050505050505,248.8465344200901,1.0
14.233485,59,503.208668,0.2691685666379924,0.028904783177257875,0.06038101123865414,0.27705145559096067,-0.017524888934891215,0.005172282361806821,0.4194915254237287,220.3918942614035,1.0
10.859482,72,503.398852,0.30369811327206886,0.057434458766528536,0.07857181809420737,0.2359856887487675,0.039781763386378816,0.00725209597832526,0.4212962962962962,223.50328294461522,1.0
10.277804,60,503.549993,0.2621478164398311,0.05675280032638818,0.11308002552237637,0.284026813191592,0.04945147428574909,0.056947997051176515,0.413888888888889,226.24121845724358,1.0
10.207564,58,503.705983,0.2583353601573765,0.05253983633323192,0.11866221910799585,0.29099032345934844,0.0430767579455774,0.06569895500565946,0.4152298850574713,225.3817573612823,1.0
13.814525,65,503.857225,0.27814852371173626,0.020284116688657584,0.08540820891947348,0.2656103488885876,0.013845349008314927,0.035683628388906936,0.4192307692307692,226.02981032957692,1.0
12.387536,61,504.005282,0.2672677166997114,0.029109239653509925,0.09523257185873582,0.2781409157153967,0.02285240066276282,0.05174647136122013,0.424863387978142,221.41314344303532,1.0
9.412229,59,504.144216,0.26521224781160435,0.06640088907983133,0.09335802423643003,0.2811051571321097,0.05647131359268042,0.04301996247613912,0.4110169491525424,225.90885228220117,1.0
11.761283,65,504.300183,0.2907252795745675,0.06486711968535179,0.12108960017786574,0.2468359942461036,-0.04902333314427002,-0.05552112070124069,0.43333333333333324,241.3097870873759,1.0
10.360997,52,504.461791,0.25265079186443806,0.029949606290125386,0.11527294236924984,0.3066846708187349,0.023934237045091237,0.06736963442078209,0.4118589743589744,210.4957931184693,1.0
13.622837,59,504.603551,0.26010812769596175,0.010880598804332639,0.11153047382487172,0.2907242042610262,-0.00445589174936134,0.04514826433795572,0.4223163841807909,221.63391436784812,1.0
13.799345,60,504.741396,0.2660837855977017,0.02334468941944588,0.06829613967330667,0.2831139340506931,0.018470704210625122,0.0321805230131786,0.4333333333333334,219.78439811574972,1.0
14.387733,57,504.872516,0.26428934648860536,0.02435004669137763,0.06769316856434288,0.28490405977509975,-0.011321228623954668,-0.016868473358555847,0.39181286549707595,219.2179214995113,1.0
13.747225,68,505.053534,0.29781650350479816,0.05400651861616124,0.07708154568883918,0.23776983921268588,-0.036448898975208484,-0.024149003432318593,0.4154411764705883,226.87197471137227,1.0
13.772716,60,505.194155,0.2592264929425181,0.02672051497270172,0.08176786098720089,0.2930174394203793,0.019718858337315813,0.03886182591745014,0.4083333333333332,222.92383999841084,1.0
14.837008,70,505.367942,0.2982544573784055,0.013610947764521101,0.06278577613222691,0.24214072546534934,6.844913987035616e-05,0.009395445763733412,0.43095238095238103,224.7082106636651,1.0
11.769202,61,505.511516,0.269195666475173,0.04623796421567085,0.09340077995451748,0.2755367881391958,0.03810521155756204,0.05919758458701075,0.4016393442622951,218.60271267288408,1.0
10.452689,61,505.695851,0.26831323701700877,0.05348151650333985,0.10601773560866663,0.2767562929850128,0.04214286986982184,0.06285789819502638,0.3907103825136612,219.0601209492723,1.0
13.441735,67,505.866805,0.2835431432240945,0.04403398568208835,0.0647693503222821,0.2610930498089226,0.026535693487095512,0.029550752341848494,0.4141791044776119,221.51847067604848,1.0
14.020942,61,506.018981,0.2629084292130256,0.008832395892833684,0.08820534786423614,0.2896694148395938,0.003489355928433964,0.03965921370979791,0.41530054644808745,222.8838940301835,1.0
10.482717,58,506.169702,0.2566847367403971,0.06478802112811886,0.0853897026201857,0.2924142637097365,0.04964303767690702,0.0508397102847845,0.41666666666666663,230.66625738275675,1.0
11.627981,70,506.369982,0.2941960748489274,0.056478973087768294,0.05441274041945114,0.24451512994733932,0.040657378163332425,0.012766851244193751,0.41428571428571426,224.4471543068826,1.0
12.526333,57,506.503874,0.25622879797056247,0.01780147599421438,0.09909894511997404,0.29251338650248726,0.013188261610145014,0.03512477527598199,0.3786549707602339,215.54215641917997,1.0
13.665783,62,506.652148,0.272606403307271,0.03364556685187144,0.07866607398249005,0.269891473388441,0.022986316082725073,0.023294518894505876,0.4166666666666666,222.13079063207402,1.0
9.645821,62,506.801585,0.2797838198942854,0.07369464336578432,0.08108044101296438,0.256946076845564,0.05695271108172495,0.033428953879017814,0.41935483870967744,218.91045661245616,1.0
14.292534,67,506.98847,0.28002508106507085,0.026707278379983632,0.06400574337646801,0.2636171042973409,0.015543324596846026,0.0023764505653731728,0.4154228855721393,231.1845333287159,1.0
14.167138,62,507.143977,0.2679410932397418,0.01174905272544394,0.07221888950552612,0.28020487171440617,0.00609104901520731,-0.005637128169889894,0.4018817204301075,219.73702512386583,1.0
13.656433,61,507.296397,0.27140449968807356,0.01878297208039791,0.0735419118501758,0.273924341012127,0.013479238462779826,-0.0018516367557947686,0.3975409836065574,215.46821775562725,1.0
10.008288,62,507.44325,0.2750748487368255,0.07242252834280659,0.08689417355990309,0.26597719853797364,0.048040848220017605,0.05620307469579159,0.40456989247311825,223.19776675977513,1.0
14.381802,63,507.615808,0.2740254847541841,0.02377677823279996,0.06802784930231762,0.270535521710886,0.015386122446405422,0.020628156013668714,0.43783068783068774,223.04616937083034,1.0
12.409371,56,507.745829,0.2550930275027192,0.03154040346630778,0.08424025854529903,0.2975128602811332,0.02868549718456311,0.05316933998372075,0.41815476190476175,220.7907830077458,1.0
13.08002,63,507.894063,0.2689120818427398,0.025011450519613974,0.10012166977674379,0.279029390434863,0.02120292587992952,0.0346529005734995,0.41931216931216925,219.10963946785193,1.0
13.804746,64,508.10371,0.27818058348857627,0.01952562159506587,0.07641441630052626,0.26411047345641886,0.014635484031638779,0.019071284995821777,0.42057291666666663,221.64302693201878,1.0
13.598955,62,508.330647,0.2714854073306515,0.016356501062906145,0.07876820661735741,0.2724173506889741,0.014275316871291893,0.03721118687988141,0.400537634408602,211.21678711619555,1.0
13.6022,53,508.461378,0.2560716625574375,0.032606497109181384,0.05781031402118653,0.2998791861480009,-0.020249168218756153,-0.022830166336935943,0.39937106918238996,214.37709865036237,1.0
9.076214,65,508.613171,0.3010112630281428,0.09842404549908154,0.10542297251913704,0.23226369511209846,-0.07941741993272902,-0.032448407363115835,0.4153846153846154,242.78927234890708,1.0
13.566448,58,508.744744,0.2643834759169655,0.052967363173326884,0.08528456343833923,0.2822187550129841,-0.042186770604203845,-0.0234988306482593,0.37931034482758613,232.81471133893874,1.0
14.582869,61,508.887011,0.27016651820012016,0.012503120664021245,0.07752400430237849,0.2762915076543236,-0.002662221542271216,0.006651734187665803,0.4234972677595628,225.31983864951678,1.0
14.231863,71,509.081263,0.29540944791493096,0.023814434972668268,0.07675144274413875,0.2458927190444917,0.007167917125923783,0.014368862795798574,0.4237089201877932,222.8229986815302,1.0
12.791618,53,509.204566,0.25108939872238173,0.03817185919902641,0.08570329652507384,0.3090357231970956,-0.02606266429057549,0.012293809037237171,0.3883647798742138,218.32153104691756,1.0
14.478319,65,509.362981,0.2842971969951955,0.013022447105708658,0.07915756094435218,0.2573453636057006,0.001162406649864202,-0.02156355270716476,0.4141025641025641,220.86590344551644,1.0
13.778403,57,509.498999,0.2618093538121279,0.02384212142875733,0.07007802799372885,0.28601360999868053,0.009440897336290893,-0.0014506424098371443,0.4122807017543859,218.71835631216388,1.0
12.850525,61,509.664943,0.2683872921639291,0.044303329730281935,0.0866953423548251,0.2812700783049217,0.03018689050775682,0.004034761607878592,0.3989071038251366,220.0296183158292,1.0
14.809175,66,509.819792,0.28860221297363553,0.014310079691704633,0.05585524542679535,0.2512991532701942,-0.003004295088232172,-0.014182270576034068,0.41287878787878785,217.41210093697282,1.0
13.72314,57,509.954628,0.2623570848515119,0.011316736649611178,0.0849161272426103,0.2870373744259572,0.00564389221187748,0.013700756642913325,0.3786549707602339,214.3610333043284,1.0
12.763211,60,510.107615,0.2712725115749415,0.039718602644592295,0.08567388799169,0.2745736525101997,0.02755933485215199,0.03821788415482112,0.40138888888888874,214.07942228300232,1.0
13.236198,61,510.285264,0.2750954344833752,0.023649281229399702,0.08790766056118422,0.26544612908345855,0.008250849548640964,0.03394717080586723,0.39890710382513656,213.56781837729216,1.0
12.958839,63,510.441305,0.287718117866118,0.0729438457503458,0.06823610692898485,0.24613164680479593,-0.060100614998034485,-0.00010082803798210721,0.4179894179894179,235.75773929350848,1.0
13.146165,60,510.593872,0.2766414207884052,0.056626601332736365,0.06402928438810862,0.2611418734322675,-0.04140425229836239,-0.006868350118905565,0.39166666666666655,223.81387837872688,1.0
12.027338,67,510.760686,0.2819890336757167,0.05520075221143423,0.0870221063864197,0.2619037867242493,0.03792414861584889,0.03519907379128355,0.4004975124378109,225.76989554818735,1.0
14.405429,61,510.934178,0.2717879989456688,0.01382626033923444,0.07026694932247268,0.2714480080883019,-2.4228384148320137e-05,0.0225354116818174,0.40437158469945356,215.57942299571272,1.0
12.269784,60,511.085848,0.2824398889073524,0.06435701405633436,0.09564680737474907,0.25177683774657755,-0.054292143276611554,-0.01996950820018253,0.39722222222222225,237.8338861936723,1.0
13.71313,59,511.230533,0.26210452164017817,0.02229697680750703,0.07887376624028127,0.2895197386280372,0.012729509283058708,0.03632179599643292,0.39124293785310726,224.1615099370441,1.0
13.218445,60,511.377261,0.26603620972606556,0.0231951087361502,0.10044197778330963,0.2779693238736958,0.020195875924488387,0.045949824547777296,0.3861111111111111,215.81818559448737,1.0
13.386916,64,511.552289,0.276478151297741,0.019679648589632538,0.08758449601475318,0.2688736872787074,0.010095651309953194,0.031126764757785426,0.4023437499999999,221.89390296040378,1.0
10.88056,52,511.680456,0.25207211468321045,0.018589869110805565,0.13607490877656792,0.3052058105880747,-0.0015203990732598723,0.0754332427827677,0.40224358974358976,212.9237975726657,1.0
12.49424,70,511.850889,0.2957970692172153,0.041174600347066416,0.07413868541474869,0.24480910189867996,0.028148881860641708,0.031034503811645825,0.3988095238095238,221.16669915963212,1.0
14.569652,59,511.996706,0.2657466925775645,0.014957007848555647,0.078749041191335,0.2842302496495454,-0.005542529126950242,-0.027074371339140643,0.3841807909604519,220.81744044755482,1.0
13.425456,59,512.137456,0.2628563638259067,0.02549664216511376,0.07945782232683728,0.2875145385063079,0.01799700630635749,0.03964763582158724,0.3813559322033898,218.6791368094809,1.0
12.638105,59,512.31125,0.2685995105368751,0.02039189232864254,0.11760991459802966,0.27540124970951735,0.008012027291487122,0.04900054575211507,0.3954802259887005,221.03095874685903,1.0
13.609642,67,512.481339,0.28465135805708197,0.03341374396460672,0.061166871987963646,0.25546979307973994,0.018686958551446628,0.013300970847934556,0.3681592039800995,221.32510028109462,1.0
4.771576,73,512.660388,0.34281096615435525,0.11426868617761268,0.1074465323682776,0.18284678051019618,-0.08646373798979501,-0.03822643517891751,0.3938356164383562,257.50649939906907,1.0
15.076267,69,512.859387,0.29789704701352765,0.02711063625331774,0.07369438796112243,0.24042243587187778,-0.02122237561689115,-0.020380230182475614,0.40700483091787437,232.43202917492627,1.0
12.357629,57,513.005738,0.26215313045150074,0.015427783348299239,0.11054482065704742,0.28759037819233413,0.010958964556363977,0.07207228530594981,0.3976608187134502,211.7034733811675,1.0
13.127752,61,513.149133,0.2721694668842429,0.016500010068275724,0.11754589103427289,0.270059014965485,-0.005265214715174105,0.024402134073451844,0.3866120218579235,220.38003350279806,1.0
12.75077,61,513.301286,0.28008223908981617,0.07047437731057518,0.08858973855526153,0.2566750976971179,-0.05498777960377611,-0.01403828620697657,0.38114754098360654,229.8511532604741,1.0
14.241923,67,513.463261,0.29010397518313424,0.04541925623990637,0.06876697856867672,0.24812228943015563,-0.03276121170665267,0.0028750791845177427,0.38557213930348255,223.07643551477065,1.0
14.439094,68,513.65959,0.2891091494574201,0.021384394504767805,0.07421801338355062,0.25070371167515315,0.004385307445013646,0.008704969820704418,0.3897058823529411,222.8259711970799,1.0
15.112175,64,513.807698,0.27805046895315755,0.02052123316477093,0.06397022981434684,0.2647423931265626,0.0017345761769957666,0.0014862617513998829,0.39453125000000006,225.79214602683757,1.0
13.576489,57,513.935491,0.26728471300142775,0.03310573881290578,0.0839261102254322,0.27885658291030635,-0.019837053928931675,0.004401491264287508,0.39473684210526305,210.47034109681806,1.0
14.810253,61,514.083478,0.2685202685835903,0.021686196800996087,0.06764300278159913,0.2776264701504168,-0.009581685407197577,0.0031911217367044087,0.37978142076502724,223.36179734590414,1.0
13.398821,66,514.26658,0.28005105752116805,0.037593906680930114,0.08439792164867314,0.26273945078532884,0.022280916554097075,0.013859241710905034,0.37626262626262613,224.20675854149624,1.0
14.002817,62,514.419481,0.2754681879567996,0.040714484980490066,0.050847981714120714,0.26743592863208465,0.025046335899065884,0.006859688464340958,0.36693548387096775,217.49672633635214,1.0
14.757872,66,514.58348,0.2841689575007788,0.024993812838469746,0.06530228988176869,0.2590909464219679,0.014360310964686996,0.0036432977024492114,0.36742424242424254,225.64483458127512,1.0
13.956509,57,514.722973,0.26204160467436943,0.03154527972791961,0.0848872746656445,0.28728895117610376,-0.01856358144751913,-0.001788262153680213,0.39035087719298245,216.05161337390143,1.0
14.564222,66,514.902381,0.2833855581436302,0.02670000823001641,0.09420372499541313,0.2562789020979913,-0.021648663173632416,-0.014397214890938717,0.37373737373737376,235.31832617772903,1.0
11.992466,68,515.075211,0.28634355801573486,0.05344062563014334,0.08947564055518317,0.2553273845175292,0.03141807559676352,0.039366204151078506,0.38235294117647056,224.99118851594017,1.0
14.249877,65,515.235519,0.284280268591726,0.047757354083760896,0.08113346256408772,0.2555745642420325,-0.039877859104670454,0.007534802468522781,0.3846153846153846,226.88187726021604,1.0
14.389181,79,515.465212,0.3203603810865507,0.01707477239368929,0.07466268359038036,0.21589352310678075,-0.0014162522634501341,0.019816170641214985,0.3755274261603376,220.8932490271912,1.0
9.175204,87,515.679574,0.33763506208790245,0.05786510388289307,0.07575807958577889,0.1963833018135831,0.03737308266526614,0.014806216235721193,0.39080459770114934,221.2704050343672,1.0
14.699523,64,515.837298,0.27875004822925675,0.009210560770164038,0.07584049357181476,0.2642501949323369,-7.798108285423104e-05,0.008258029028469092,0.3671875,218.8854182802247,1.0
13.54156,69,516.010025,0.30411617959334747,0.04003828489045289,0.09031219485324223,0.22838458523058608,-0.030916506525023035,-0.024115220475382556,0.3695652173913043,231.39848325438163,1.0
13.880217,72,516.668585,0.3102638441455897,0.04431809145266773,0.08165282337106063,0.22532959860951568,-0.036237834301097664,-0.02695850941338648,0.3726851851851853,232.53379140416337,1.0
8.388232,60,516.823099,0.2680610960694791,0.08384822573626988,0.11457405183245085,0.2768526408114882,0.059357724733082255,0.0725815195166276,0.3513888888888889,224.23787669914765,1.0
8.085036,71,516.997629,0.3132008399773218,0.11450149880111866,0.09732083972998679,0.21825891626319804,-0.0821934764320166,-0.026641454080457865,0.3838028169014085,239.7061979415793,1.0
14.022277,65,517.158369,0.2791552987862605,0.021855575498512872,0.09241241325682543,0.2621537831928146,-0.000565017477320137,0.024145072542957488,0.3717948717948718,220.63195924292128,1.0
14.231595,63,517.335106,0.27274074713493796,0.03252472882553479,0.0825916719465942,0.27561518655511597,0.012039973324042315,0.016351239238257074,0.3849206349206349,226.97868417001305,1.0
10.381734,66,517.491998,0.28319548390587024,0.06165187098845738,0.10522253961570455,0.2588933916542082,0.040040863571631724,0.040595737853903316,0.3813131313131314,230.53383833692916,1.0
14.357388,67,517.651573,0.28609238002395215,0.028577330156925713,0.06087006006107415,0.25553061336305904,0.016470281240883827,-0.0020519014351867006,0.39676616915422885,227.22397182625883,1.0
15.126995,64,517.80994,0.2774370698229797,0.020873622335970808,0.07315499001478111,0.26798473269533535,-0.012508712979194274,-0.030399257486200832,0.3841145833333332,227.15872630650114,1.0
12.897556,60,517.990878,0.2776245681316152,0.04499949075925635,0.11342492137473088,0.26323614191529776,-0.03412489325736958,-0.05438321983094993,0.3916666666666668,227.93426118378127,1.0
13.365059,54,518.123043,0.25587764194577345,0.04671839602872377,0.07071409799771468,0.30048704581359875,-0.03704154162941013,-0.005205414837222267,0.36882716049382724,220.75908763778165,1.0
8.746919,65,518.284028,0.30209235755309183,0.10558816862994207,0.10019581684995114,0.22998358564060234,-0.07797826688834436,-0.038533234834104625,0.38461538461538464,244.4569599536515,1.0
14.020345,68,518.442264,0.29574988423548004,0.029159149568285664,0.08646782710399467,0.24204904581278985,-0.02001376191749542,-0.046777183825214376,0.3762254901960784,226.66147057319813,1.0
13.490145,58,518.614338,0.2612693353647396,0.016316953973547276,0.09400191704483621,0.2873438699936741,0.00072370014572148,0.02629584902274369,0.37356321839080464,222.89780885810268,1.0
11.842526,68,518.775523,0.30258639644301105,0.08011153596024449,0.09302207530784146,0.23129554749184195,-0.058770559939128664,-0.03900805044006008,0.3578431372549021,240.39271566560708,1.0
12.722446,58,518.918831,0.2578578038816128,0.030224357090428925,0.10155806983645962,0.2991706677102395,0.024380340260143577,0.036595102367534146,0.35919540229885066,224.77636950464404,1.0
15.31885,67,519.081242,0.2863101575271524,0.016753233088603457,0.06811776040958457,0.25541049399537336,-0.0076236407505724515,0.006858186477341621,0.36069651741293546,230.87734488474624,1.0
13.589719,64,519.256009,0.2855250323129289,0.047324074588301936,0.09181223667016701,0.25262943444054864,-0.03765252183556593,-0.022909380829686493,0.3815104166666667,222.1716501597468,1.0
14.572885,65,519.416758,0.2810059430857367,0.0213223241722207,0.0751955182727444,0.2632989095501156,-0.00023580628520854615,-0.0012811619997076468,0.36153846153846153,222.819860974854,1.0
11.493404,62,519.565089,0.2726036313739954,0.06112392556642579,0.07941977286817327,0.27098032710282,0.043885219226912214,0.034482592581997804,0.3830645161290322,224.10206294366705,1.0
13.523053,62,519.722936,0.27228493294259676,0.03806067309189448,0.09379654189247671,0.2746930499584633,0.009901465917227474,0.00030843838182628073,0.3870967741935483,227.651461579092,1.0
15.509276,64,519.894913,0.27509383706646723,0.01384600053002686,0.06632743211068849,0.27224337630254813,-0.004170035554960229,-0.002561012917524723,0.36328124999999994,220.92059596575314,1.0
9.06978,73,520.078247,0.322039117116991,0.09576205929937578,0.0929684771240832,0.2062970315569529,-0.07217128337720095,-0.03867526448793316,0.36415525114155256,244.8895851909912,1.0
6.607035,74,520.271059,0.33283707607415286,0.10449280098988942,0.11700191271728222,0.1925429959649056,-0.07718725251400209,-0.06274157250556274,0.3840090090090091,251.670237449017,1.0
12.423866,64,520.426855,0.27784023491289783,0.03634598958780496,0.09468764071578961,0.2633468643700241,0.02434888976501909,0.032747753642969515,0.3567708333333335,218.47472111755621,1.0
12.681144,60,520.581348,0.26086051187003373,0.029980120022898182,0.08283155451877273,0.28738844183054396,0.024908943996358502,0.026920488088047128,0.3569444444444444,219.915552514041,1.0
13.792242,62,520.727168,0.2714451067130447,0.03550415971419576,0.07688070567624927,0.2741653075117031,0.01971955758774769,0.005299721807071702,0.35618279569892475,220.99567082760345,1.0
13.000185,70,520.888889,0.2975772945856473,0.07007716219443484,0.09106030554930444,0.2393692775724857,-0.051423117075346324,-0.03444371033486767,0.3857142857142857,228.86844989470768,1.0
14.258165,62,521.036182,0.2722913374239673,0.021931433006217773,0.07441861675084728,0.27357166805330224,0.012757394395412373,-0.006827178248735615,0.34543010752688175,220.95743961062269,1.0
11.42906,62,521.204052,0.2697838806218076,0.050040626357087926,0.106018993211867,0.27817835615747244,0.03442674710737154,0.04355031029355779,0.3454301075268817,227.28818152257884,1.0
14.688946,72,521.38454,0.29552327633637765,0.03123188222492234,0.08540683568400544,0.24578662661049488,-0.026638129269150032,0.008129192036701585,0.35300925925925924,227.05991193676192,1.0
9.170764,62,521.535475,0.2684854334693509,0.06383082602758068,0.12082315445679724,0.2746865996820242,0.050206903336884906,0.06197108159221585,0.34677419354838696,228.35798633072164,1.0
13.369712,58,521.677945,0.2680088462475173,0.021269067199346313,0.10403314155011674,0.2802858615725914,-0.015376445977186851,-0.035059706010429625,0.35488505747126414,224.44077598850558,1.0
12.66005,62,521.860797,0.2695286330356261,0.04002630745370947,0.09491831989672275,0.2777359069636704,0.02335463432296936,0.038199964367988365,0.35215053763440857,222.31951733690016,1.0
12.610716,91,522.08523,0.349038816126203,0.04291344001686706,0.08792339578805919,0.182873689659678,-0.027684728539388217,-0.03778831318797812,0.37637362637362654,229.41615834177426,1.0
13.969176,65,522.246857,0.27892535750190134,0.015923531836144134,0.08775470662782171,0.26331555032194986,5.7343606403703405e-05,0.018464572693497973,0.34743589743589753,223.37192581783367,1.0
14.50331,65,522.458619,0.2760914698837944,0.01884201462771719,0.07451219283434043,0.2681348170365061,0.0013641551949012064,0.012118514688744149,0.3538461538461538,229.07410956063563,1.0
14.275212,68,522.63033,0.28391164212677683,0.011603344744760956,0.08597191110872916,0.2579745147302451,-0.0010102923443858587,0.027785693065614507,0.35661764705882354,217.13346555393173,1.0
14.682908,67,522.793958,0.2839682503084468,0.014457151583120552,0.06799344449148959,0.2586928596594175,-0.0037080636321765005,0.014092034792557042,0.37064676616915415,224.62308142440585,1.0
10.757857,61,522.942356,0.2697277700011772,0.05577784871965749,0.10179456275898867,0.27572010161830385,0.039440249760505426,0.04904007465257371,0.35792349726775946,221.87714824264413,1.0
11.852588,69,523.161165,0.2866603782223771,0.03608470933805008,0.10947701573509795,0.25444295922253674,0.0226360380579058,0.03481822873628516,0.35869565217391297,222.46766768068008,1.0
14.442103,72,523.33659,0.3008996201676179,0.03862966579699212,0.07768979895089344,0.24040428478699585,-0.03125470582233401,-0.008281785352212894,0.3506944444444444,231.0487794804227,1.0
11.126145,58,523.472796,0.26017044119787636,0.03810961543588706,0.1203005385192123,0.289900532876871,0.031126086281502197,0.05131124870880446,0.36494252873563215,224.90572939229935,1.0
11.502615,61,523.621872,0.2690443989480094,0.04615847942875129,0.10245735883109816,0.2757741450023159,0.030712761398886936,0.05096308090881616,0.34426229508196715,223.3297073707384,1.0
10.777525,58,523.791312,0.25765261167905973,0.026780962889519637,0.1409739920906537,0.2940204753326364,0.015770697702141855,0.04979897940385738,0.3663793103448275,224.87534213280358,1.0
13.518096,70,523.963783,0.2941948204077099,0.02490378734487516,0.10194165771768832,0.24545118201916927,0.00655343427378224,0.019476413516766305,0.36904761904761907,227.52885485386338,1.0
13.914919,63,524.116284,0.27154373398089404,0.023752154252507568,0.10532943997144804,0.2746531421503721,-0.010029530578039889,-0.0006423135603809508,0.3624338624338624,228.46602096963855,1.0
13.249588,61,524.259659,0.2745772921880202,0.046787415522047585,0.060719480691078846,0.26944201447074334,0.026777082364612365,-0.008026673707069245,0.3237704918032787,215.9530575899745,1.0
14.49309,68,524.447166,0.2906638651693823,0.0218507104851765,0.08136405240967155,0.24937862182665177,-0.018369782886662408,-0.0168691314673407,0.36029411764705865,232.73099162575505,1.0
13.695158,63,524.597527,0.2751736200142336,0.021263365817537523,0.06276442354340284,0.27064109576651313,0.005633503214515396,0.018193073300276016,0.3690476190476191,221.39374007159066,1.0
11.60423,78,524.786457,0.32255927189169464,0.06734368741462692,0.11007669040468747,0.21081506279381848,-0.05237821677122838,-0.044203880647045134,0.36645299145299143,248.0830187000803,1.0
13.814933,69,524.950765,0.298872823781481,0.04579325612316583,0.08242330248888904,0.23520711594584132,-0.03868231750820767,-0.010033641804892001,0.3526570048309179,232.47891573342895,1.0
9.066045,65,525.154883,0.28309569020768904,0.07649491104589781,0.10403352674889255,0.2544584699730031,0.04518148092634816,0.05104009028390888,0.3499999999999998,223.3245441971817,1.0
11.071944,56,525.288038,0.25525829901941055,0.0345323822072964,0.11891683043060919,0.304470636309642,0.025270238840064855,0.067505492830794,0.3526785714285716,219.39304436658432,1.0
14.447608,64,525.442926,0.2767283970765515,0.020191106129599203,0.0854742077620822,0.26939385210558464,-0.009105435279465005,-0.019433676941868684,0.3710937499999999,227.47474142296034,1.0
7.316173,61,525.591982,0.27054346128207146,0.08573459653676209,0.1254567185429897,0.273037963398334,0.06122094985869221,0.05457349997265494,0.34016393442622955,231.91621724707835,1.0
11.603969,76,525.80811,0.32029868994783967,0.06722351831545689,0.09945640107376752,0.21311455788275116,-0.05446053840384035,-0.04252306114246063,0.38157894736842113,245.95949056632716,1.0
13.572514,62,525.964385,0.27067990176904205,0.03429543195757289,0.08196189771600418,0.27463811434835705,0.006627576156701811,0.01365047294689078,0.3629032258064516,223.474933586456,1.0
12.410848,77,526.153556,0.31745590008502855,0.05673941071680045,0.09655922185371166,0.21979209377989964,-0.045207195910636246,-0.040197421959846165,0.3733766233766235,242.21085407622675,1.0
13.758869,62,526.304192,0.2709526339990625,0.013854126588900714,0.0889261505525906,0.2751701934815043,-0.0045255372376880485,0.026836180845633835,0.3709677419354839,221.58975055572762,1.0
13.044644,61,526.474417,0.27065344861186325,0.02995805488920506,0.08912780464484762,0.2813104917109052,0.015097924015159428,0.033419289047549025,0.34699453551912557,221.3160763565301,1.0
13.785027,62,526.628469,0.2670807357900962,0.02885613224937668,0.07701921632250684,0.2823815733656416,0.009318774370993333,0.009161200918459789,0.3494623655913978,223.65949593430582,1.0
13.62981,63,526.785012,0.26901612286121374,0.013096399045404694,0.10270393574110478,0.27840734331968026,-0.00399432547800216,0.02908637639071468,0.3783068783068783,219.4151500344427,1.0
11.970146,61,526.936448,0.27661807217992096,0.08451054444300546,0.08376587316135856,0.2654784295722986,-0.0606218122720838,-0.0423059644620457,0.3551912568306011,230.8148074702276,1.0
14.229988,69,527.131166,0.2867554467731962,0.03138167522467701,0.09671468609572174,0.2567380221589044,-0.026877920601261037,0.0004179690943435824,0.37922705314009664,229.99774236004885,1.0
13.147997,65,527.2945,0.27995391400493924,0.03321545804562304,0.08657324066944283,0.2628730124560041,0.012957757832978497,0.014738167759643947,0.3910256410256411,222.37541689842496,1.0
13.223628,63,527.455806,0.27274362263810903,0.03948329276662695,0.07354211067637573,0.2723890647840989,0.02305695050605589,0.003509182251969629,0.37433862433862436,224.77150892421713,1.0
10.555504,60,527.602597,0.26669690209236313,0.06963911582004964,0.09081475101006507,0.281798246269957,0.04581672762899148,0.05096704144901731,0.3527777777777778,225.4991295240602,1.0
14.491971,66,527.78455,0.2806139969868276,0.020904370245826188,0.09153987745648978,0.2667852416377016,-0.014853105503328152,-0.0168241320399592,0.39015151515151514,229.26955527327172,1.0
14.445658,57,527.927338,0.2585958291896071,0.01505995290431417,0.07383163579768474,0.2966029098357762,-0.01219628194232758,0.012468321184406111,0.37573099415204675,216.16945343851404,1.0
11.820686,59,528.07457,0.2590492564937479,0.04644474434865642,0.08767277056100613,0.29642788781940527,0.02608994393215091,0.053903780540389336,0.3742937853107344,226.06445228539317,1.0
10.670504,54,528.205196,0.24940204935941918,0.025236729819012295,0.13519433592851268,0.3126788559596194,0.022120321916593275,0.05095436414867584,0.35493827160493824,222.10513316054445,1.0
10.323542,56,528.375766,0.2503676775794265,0.040610888784732686,0.12788438764966767,0.30956619413946507,0.031885952727840866,0.06195113401409239,0.3511904761904761,230.10040927656482,1.0
14.271682,62,528.522306,0.26835187470279637,0.021248285691133042,0.06880226142369655,0.2824868174398413,0.010912085372365748,-0.013823212583005305,0.3803763440860215,232.5874371468725,1.0
14.676606,61,528.673237,0.2675153964206797,0.015371036316458885,0.06719643484382536,0.2806997105067097,-0.0037440020317054184,-0.01910327647064301,0.3715846994535519,222.18217851193188,1.0
10.835826,56,528.802716,0.2554766484638787,0.05237094310634116,0.10393444019504153,0.3015168858763089,0.03749427433193147,0.06569391925832271,0.3630952380952382,225.2539204293606,1.0
14.670495,62,528.95958,0.26700205929712917,0.016178139147236745,0.07912998274256723,0.28753416969737905,-0.010102237758926247,-0.010532837174557693,0.39784946236559143,231.58182936181854,1.0
8.907601,55,529.118564,0.25691194735957934,0.06953522459277912,0.09735051796877119,0.2955200873827133,0.052884629949922504,0.0506604944606015,0.3303030303030303,226.4083599734137,1.0
13.473191,55,529.254056,0.2535396148187551,0.010612918014011884,0.07415770197817667,0.307370518325375,0.0042016364172323606,0.021775720709308187,0.3560606060606062,216.69889733661338,1.0
13.224604,58,529.400047,0.2600658859067983,0.007671481172251629,0.11395320290600226,0.3021949124791681,-0.003317753402016231,0.03326222992450012,0.3663793103448275,217.38844438841622,1.0
14.130092,65,529.561787,0.28179599508466374,0.01305593880365943,0.08498527611509965,0.2616844586201504,-0.010390527821864148,-0.025121146209343023,0.36923076923076925,218.56390720508895,1.0
15.011566,66,529.755882,0.2815228110019079,0.024541367531377773,0.0783800121108747,0.2633918290014069,-0.020461622546719283,-0.01739418553039516,0.4204545454545454,226.03685456425194,1.0
13.85623,63,529.907594,0.2677797325769797,0.012352129211156226,0.10014127732307157,0.28498117811737034,0.0030551835341180744,0.015867062429277674,0.384920634920635,224.771783135939,1.0
14.748444,61,530.061887,0.2685825413602282,0.010768488423651556,0.07451515249681247,0.27958940031650176,-0.005988662944844989,0.0038485242645214337,0.37978142076502736,218.87741372032806,1.0
14.360178,61,530.216005,0.2694426810401549,0.02181172096934153,0.08446840621542451,0.2769892167945328,0.0004251367219894793,0.012588769998848824,0.3797814207650273,219.92822940204468,1.0
13.795619,59,530.385378,0.2697754545113611,0.017919319316539287,0.08850004799989256,0.276369027765669,-0.0006216756600114842,-0.008596919160452588,0.3855932203389831,217.95576282977964,1.0
12.926526,60,530.535448,0.2585704783888014,0.014854450569286413,0.10142543678259733,0.2913931504458612,0.002141847844154443,0.041431865806986205,0.38333333333333325,223.53979974170377,1.0
14.66297,60,530.684965,0.26607102126815163,0.013694652670653765,0.04287069600147256,0.2833364019969486,0.006521316667395535,-0.005276827160137341,0.3930555555555555,218.17276324235485,1.0
14.161916,57,530.830042,0.2626319861547785,0.020298050570197,0.08214513252412206,0.28797348677452883,-0.018091871457574148,0.007096754430612243,0.39912280701754393,215.14995348604077,1.0
10.994471,57,531.003822,0.25263277139945045,0.024027229594569953,0.13346667199288886,0.30124740226945884,0.02096457043880429,0.062035319121577136,0.35964912280701755,223.56812222778308,1.0
14.069303,65,531.163053,0.28034517923321534,0.040810391915729716,0.08846115662868026,0.2655596420180945,-0.034536129778895454,-0.044620147982530035,0.396153846153846,224.6519804589248,1.0
13.646056,55,531.296226,0.2572932501095734,0.027280362083001396,0.07906528379867343,0.3030230328397508,-0.017990408005796363,0.00024348258705571407,0.38939393939393935,217.52983716974086,1.0
10.962392,55,531.431292,0.25850125668199786,0.034167214939734514,0.10724352422394244,0.2955634075655015,0.026668585116919715,0.05803907343747458,0.3742424242424242,215.01607850230238,1.0
9.874287,59,531.572495,0.25987654494014867,0.06776659283902729,0.11733116404923484,0.2931729442477159,0.04430981678342446,0.06114770670609654,0.38276836158192096,228.2038596014093,1.0
12.059976,56,531.743133,0.25536982796149255,0.028074260244959053,0.0957708103818078,0.30149353039079196,0.021622195207898365,0.041559643493300866,0.4047619047619047,222.393754296683,1.0
12.406036,59,531.884663,0.2593491055463663,0.045257703396594746,0.091409212289154,0.29599582984082196,0.029782537850051756,0.033508415961022206,0.37994350282485884,225.6052914009534,1.0
14.434141,62,532.038772,0.26709885593347044,0.012173002009366418,0.09607799587611653,0.2865699761369192,-0.008439423354830555,0.030568800389747113,0.38575268817204306,221.84836569073124,1.0
12.345915,59,532.183707,0.2630285853286999,0.04135875865540848,0.09181859949756375,0.29058735848205103,0.021075043443951887,0.04018479915683366,0.38983050847457634,222.37759196835063,1.0
9.828078,55,532.338202,0.2614139592381291,0.048586143244011004,0.11509325035118105,0.29261084173598434,0.04096883260073128,0.05622239795342012,0.36666666666666664,216.9499783136078,1.0
11.750843,57,532.480392,0.2566795431379232,0.029509705385887625,0.1150734578188466,0.3041910531585061,0.015110459931869854,0.06798286115380234,0.36988304093567254,217.03953276144853,1.0
9.593894,55,532.616005,0.2579069180293328,0.05316620023646715,0.12000029711736838,0.2969150922690939,0.03705619565290504,0.06900329865729164,0.38333333333333325,219.30766493163213,1.0
14.547836,60,532.75997,0.2664138943852629,0.03378266074874031,0.07890356289331887,0.28558620988732425,-0.026028041029964775,0.0078284782954885,0.37638888888888894,214.2832559242967,1.0
9.4544,55,532.899449,0.253954936594012,0.03709665747343379,0.1550437440030858,0.3003678804051983,0.03177091737904613,0.06824928540832596,0.3833333333333332,225.59692102158962,1.0
11.828443,59,533.061999,0.2625351511088606,0.03774361014570677,0.1089846058908951,0.28473932072547825,0.026074186455747102,0.05640446454506659,0.37570621468926546,219.264640828345,1.0
12.354393,55,533.200724,0.2582112929458673,0.010771167863041007,0.10753761889436808,0.30470146282844957,-0.0030620058673762273,0.040538101013219814,0.37727272727272726,215.17503734105114,1.0
13.942236,61,533.343533,0.270234352062175,0.010579733721935209,0.08249659573481646,0.2777692009930576,0.0017367399525502752,0.01216737245677914,0.4057377049180328,222.50331844843254,1.0
13.516156,61,533.488953,0.2677651924115676,0.019523310473224736,0.08400720167354588,0.2853076741813897,0.0069153416117258395,0.025502296862497338,0.4084699453551912,230.20365542491626,1.0
14.005787,66,533.659842,0.28725188452304795,0.04027550358932744,0.10105554945782115,0.2564423754910066,-0.032480151541753106,-0.03738049163077951,0.4027777777777777,235.5839652164921,1.0
13.948333,56,533.797127,0.2606261340023735,0.012774751367752149,0.08998789190588466,0.30154642577960106,-0.006486986300113329,-0.015424952619574096,0.40625000000000006,219.29323860590745,1.0
12.017579,56,533.931945,0.25362360002058043,0.02143606069707069,0.12383818309473546,0.30543019210303113,0.009925015310727937,0.06755884542078698,0.3928571428571428,219.83103992942196,1.0
13.485799,60,534.077596,0.2661413798363493,0.008627852659482491,0.10947377270318899,0.28166073800337194,0.000658927472120196,0.045567801243508656,0.4027777777777777,220.59405915850328,1.0
12.283505,58,534.242543,0.26328708393533257,0.024272234465307668,0.1055855201704983,0.28954144671546006,0.020369907444723227,0.04516215746004315,0.3836206896551725,213.422433507053,1.0
13.97106,57,534.380022,0.25735910127855033,0.013396696411118675,0.08899370699433504,0.3021976787942916,-0.0077783586779638664,0.02027221510557903,0.38596491228070173,222.85453620216327,1.0
13.218195,54,534.505963,0.25714759194466286,0.011630641584847808,0.09053574271937403,0.2979540844075083,0.0006614792795742718,0.04203332012336233,0.39660493827160487,216.44335215396725,1.0
13.623513,64,534.652607,0.28507016883855674,0.050160905868641296,0.10349080552073218,0.25397816464086714,-0.04343067171160023,-0.01682270490664373,0.3932291666666667,229.9835665093484,1.0
13.816131,60,534.796848,0.266550043592413,0.012608829383701704,0.10352868973693326,0.28411831832146195,-0.001940096712732933,0.024196868815578445,0.3944444444444445,220.8216987861948,1.0
14.201939,61,534.958687,0.2739098402754069,0.027366166585679853,0.06962513189970182,0.276962468057493,0.013430833762423646,0.0073019860781726184,0.40983606557377056,217.42111894521645,1.0
14.414582,61,535.106097,0.2704911364501049,0.018392199899703046,0.07786957580694145,0.27569882964683906,-0.011431724429639321,0.022404262872242335,0.4030054644808743,217.60974256761756,1.0
9.670843,58,535.247563,0.26054245530989123,0.05756007046412295,0.13964413065739056,0.2920766227747784,0.036782570922369605,0.07896972280439578,0.367816091954023,221.92201411168745,1.0
14.277008,60,535.388478,0.2668064687934378,0.02048211826020841,0.07803725081639362,0.28754817155051865,0.0038527747907315278,0.02458939214750672,0.39444444444444443,215.07166584597056,1.0
14.289361,59,535.549726,0.2670641739496977,0.015596464435754154,0.07876332336375558,0.2819560458905453,-0.0027164067148630405,0.024073352374749404,0.38418079096045193,223.11997769308843,1.0
14.455111,71,535.720829,0.29851496867061406,0.02975039601882676,0.08456120161443821,0.24616971907939256,-0.014464974785895002,0.0009642426871664107,0.4284037558685445,223.21282692891288,1.0
14.206393,64,535.8744,0.2735384665078341,0.0279887100264449,0.07791766801855911,0.2752351653717348,0.010185976369525515,0.024567404716392873,0.3932291666666667,218.53442991560996,1.0
13.488515,66,536.032921,0.28482421532364927,0.03273929958296906,0.08246615551642074,0.25917570146050095,0.014134249788634295,0.007825576115571073,0.39772727272727265,222.66178722878897,1.0
11.152507,60,536.194604,0.27295084379331014,0.05601964279862788,0.08652656167052974,0.2753064343573484,0.036851966449068546,0.027086260819485737,0.3805555555555556,217.56460354431957,1.0
8.194601,60,536.336792,0.2715318522822257,0.07987580961662288,0.11488378456651265,0.2727625303429345,0.05413416084483044,0.07167167596566891,0.375,221.12958291868895,1.0
12.395607,77,536.524132,0.3238982111757006,0.06735457200069969,0.0880579239977737,0.2122494695975507,-0.05449746667766382,-0.0019361784957605773,0.4231601731601731,242.91828206730412,1.0
14.080205,68,536.683524,0.2949949702780685,0.028539815200327206,0.0954171095542748,0.2451739468230214,-0.021367381563255714,-0.017039088921739033,0.3872549019607842,228.6157332574746,1.0
12.318539,85,536.917671,0.34114039652755007,0.050174834607721416,0.09261669468665913,0.19185590012762613,-0.03928788506846235,-0.010620002572776713,0.41078431372549024,234.19652246765818,1.0
11.093853,58,537.070891,0.265656258054638,0.04455291529405648,0.11367107892949853,0.28794351144055136,0.025055071789953646,0.04526478778689,0.37068965517241365,221.12086594753686,1.0
13.515993,74,537.250614,0.30958930920892136,0.06368847058209239,0.08345755115663177,0.22879984793103647,-0.05115388941186734,-0.003293475011015836,0.41666666666666663,226.63802187119285,1.0
12.510281,63,537.43234,0.2742552153278521,0.03472032119312524,0.1122334700327891,0.2743324423230469,0.010654359985612115,0.029857284085498422,0.3888888888888889,227.0480495757273,1.0
13.147324,59,537.576075,0.27111292933909054,0.019166248730268738,0.08331182268655313,0.2774742299742192,0.000502476671406924,0.034075023407976794,0.37570621468926557,218.86842066438294,1.0
13.706635,59,537.728118,0.2666802511203765,0.024274387519000604,0.07830875112645411,0.28344086778342076,0.013872654030797441,0.04336333926407636,0.3954802259887004,221.46112541990348,1.0
14.758021,71,537.906893,0.30261605688877374,0.021966496640522328,0.07740959458739087,0.23838624839229755,-0.0017566415847525146,-0.012881563325845646,0.41197183098591555,222.82163468340454,1.0
14.756477,67,538.19849,0.2913577664805225,0.017126885384979675,0.07322426159952238,0.24861144315889858,-0.0035826598543143014,-0.0006977440763126528,0.3818407960199004,216.94381137541518,1.0
10.301909,70,538.40063,0.3006474133948481,0.061579372560129846,0.10781982536349337,0.23646860225464508,0.02525765500489424,0.04491078894268091,0.3952380952380951,221.2009739380263,1.0
14.571155,70,538.574163,0.29795124605511697,0.020088479836557316,0.08025855390010934,0.24596757366329167,-0.0036500145934069282,0.011094494934156963,0.40476190476190477,219.6427688315349,1.0
13.453592,57,538.713476,0.26426304146821555,0.020302562271367914,0.08270605654905516,0.2850858692470025,0.00973995902500165,0.016567174535860887,0.3859649122807016,215.4433047956854,1.0
13.452444,65,538.897855,0.29254633602634783,0.056046848455944924,0.08114289170489006,0.24198919738458669,-0.04523695991825404,-0.008842481708780464,0.41025641025641024,223.86529557771215,1.0
0.06168,88,539.119366,0.38886639472230355,0.11456562455434588,0.10627581126007633,0.1357300067992654,-0.08823879222442184,-0.06912620812006952,0.3977272727272727,255.57800942234653,1.0
13.95394,65,539.284514,0.2826538039428379,0.01850780411346869,0.07084576458570566,0.26050481147168286,0.006132827661373853,0.025972021206884004,0.3910256410256409,217.5524121765944,1.0
8.046809,57,539.424152,0.26394765209513193,0.061871356727168626,0.15008869827146665,0.2865287106469099,0.04603389745781779,0.08259758899211359,0.36111111111111105,222.98708298205466,1.0
14.357679,71,539.622752,0.29558113516649903,0.015176310131967677,0.07420645660526295,0.24913400661622667,-0.006884390073882485,0.0029105702246982634,0.42605633802816895,222.6321428658513,1.0
12.358862,65,539.79035,0.2884081585383267,0.03288582837850039,0.08744113953306129,0.2525140505788131,0.01977421487530056,0.03472281928328069,0.39743589743589736,212.0256852762146,1.0
13.240042,53,539.920721,0.2601591702995773,0.015040388463008482,0.06779267868195549,0.29522161063125707,0.0025005937565812306,0.02523873654019798,0.380503144654088,215.95718247908948,1.0
13.393793,68,540.096817,0.2972176289908244,0.03491803257757377,0.06676435606334709,0.24374400688012793,0.009503518019750051,0.014867177958070832,0.4093137254901961,220.43199249109722,1.0
14.926124,65,540.278727,0.28737407654971237,0.027145797208062372,0.06379415839499952,0.25745085698745873,-0.02078621904596413,-0.016122385889950182,0.41538461538461535,228.48044240054526,1.0
13.837322,61,540.431094,0.27786401006919215,0.023746394205476855,0.08553312575311776,0.2651184554015992,-0.016967067284044682,0.027998142148953194,0.42076502732240434,217.20840022846548,1.0
14.837767,72,540.600911,0.30728411654821763,0.02182178728964647,0.07536966575619447,0.2332226973368527,-0.013858299409752908,-0.01418064597717302,0.42013888888888884,224.67794136415537,1.0
13.001402,61,540.745366,0.26993708782138953,0.017445120702711998,0.09685266595970198,0.2778975167496851,0.011883428577905948,0.04423727110671105,0.4057377049180329,214.90773468378075,1.0
14.218947,63,540.910862,0.27803698231603025,0.023833218426018012,0.08854635615325486,0.2694038425938973,-0.005148135339501777,0.03179365385975038,0.4206349206349206,224.60007871865392,1.0
11.982325,60,541.055576,0.2744173329992261,0.04886195651903855,0.08505762825293288,0.2712676841452328,0.028356752416052452,0.03921642896520976,0.40694444444444444,217.7523237378356,1.0
13.555768,61,541.197923,0.275456127386645,0.019930863547709163,0.07979971376885416,0.268777444846023,0.007107249658669246,0.01475650630972145,0.41256830601092886,212.17629786135169,1.0
14.070674,69,541.366928,0.29818936016527975,0.038183341637246945,0.06863193708681854,0.24704564958006162,0.006142314488733128,-0.007716417686803839,0.4227053140096618,229.69008037737157,1.0
14.523258,62,541.530753,0.2778515281033543,0.03566891086905794,0.08345388630170669,0.2668501637288626,-0.03113278146660222,0.004847446343216881,0.42741935483870974,227.27867410504174,1.0
14.568816,59,541.670708,0.2694478055530224,0.017426784303267783,0.07291692680293461,0.2787937787923783,-0.00175089890795137,0.012932819950065691,0.40536723163841804,220.79163475114223,1.0
14.319518,65,541.826177,0.2864233609347252,0.02480203561013056,0.08612285805309382,0.25884342907797775,-0.01694908460834743,-0.0057704634121891795,0.4243589743589743,223.25553108261437,1.0
14.51019,61,541.968795,0.27404847060365595,0.0140524413697061,0.07482294540100998,0.27199997354920097,-0.006349987345973199,0.020197773196895107,0.44125683060109294,218.07763757043074,1.0
14.066204,63,542.137403,0.27903675965518765,0.015240422477208804,0.07405206504533113,0.2649480560792586,0.005073857107793979,0.013126095629437343,0.40079365079365076,217.60347099956624,1.0
14.176012,63,542.285771,0.28838691267675953,0.028003811288385912,0.0698391854103248,0.25144405762384375,-0.005275458916557415,0.0010125479930839223,0.4259259259259258,223.30270271792244,1.0
14.659463,63,542.437435,0.2802772156909944,0.01703529698858007,0.07096909826528215,0.2624661406208221,-0.0019341855969545914,0.016237409492844235,0.43121693121693105,221.96234879102607,1.0
13.624301,60,542.581731,0.27031506738080263,0.03428816190691836,0.07320555646175007,0.2803102803499505,0.020021498915355693,0.007548408174622934,0.40555555555555556,218.5230041100422,1.0
13.740648,61,542.755693,0.27253685659245613,0.03765019191315226,0.09863896531405376,0.2703066729631027,-0.027205231698923294,0.031160009135774172,0.4275956284153006,216.99997764396147,1.0
15.009922,68,542.924495,0.2949533995551141,0.019160428068301927,0.07664870799924882,0.24756698290533685,-0.005166769703608763,-0.03525455735843781,0.44730392156862736,219.69821061092736,1.0
12.244073,56,543.066335,0.2596828555506015,0.025112266777696027,0.09527697373509317,0.29550070400231504,0.017626327404012425,0.04080473826975891,0.42857142857142866,217.7072323208781,1.0
12.497242,59,543.215324,0.2732722752087482,0.016507456886393546,0.10789135544576105,0.2734817945827243,0.007469983776043213,0.04045095203815848,0.43644067796610175,218.20430458910434,1.0
10.90161,51,543.335318,0.25507866283408714,0.022310446484457416,0.12881157649819766,0.30260219763417573,0.006121668928000197,0.03788314775086952,0.43954248366013066,205.12006578451374,1.0
13.248527,59,543.499642,0.26897239319492106,0.018982421983802733,0.10164845301681699,0.28015097531604166,-0.00895399820099567,0.021818150149124978,0.43079096045197734,209.03516964981077,1.0
13.925507,58,543.635435,0.2667570156082179,0.03590481627172855,0.08888782025077391,0.28801130538719144,-0.028303195923359826,0.007616527921544181,0.42241379310344823,218.00694861755045,1.0
12.469254,61,543.77844,0.27830681153080694,0.02825099880033496,0.12249783338346802,0.270833782254765,0.009345827680387967,-0.01535734386480938,0.4385245901639344,221.0675651059489,1.0
14.524601,56,543.908982,0.26589034235009745,0.019325212999968193,0.061270214557566996,0.2871905818226806,-0.011328652164871597,-0.010753122501504384,0.4300595238095239,217.45412336172504,1.0
14.186873,55,544.058472,0.26056585397895693,0.028041282263076756,0.07119790012096411,0.29375007469703873,-0.017621941859871565,-0.004925928893237401,0.42878787878787883,214.58502972576144,1.0
12.94593,53,544.189644,0.2581691381303265,0.02035738554466912,0.08583283795003463,0.30098378344999854,-0.013293233161054154,0.016732041715445817,0.43081761006289315,207.41880480930348,1.0
14.218107,58,544.333522,0.26624877460771446,0.017987107050714816,0.06925869857149154,0.2872557645095753,0.005015671591540713,-0.022327491644095872,0.44396551724137917,214.82969351419288,1.0
12.807115,56,544.473744,0.26250052911337957,0.013323098878682705,0.10876986194782311,0.28892095444256294,-0.0009541773875580364,0.04278831199653695,0.43750000000000006,208.53712857786323,1.0
14.001832,60,544.612913,0.2781134907751216,0.03217296726700117,0.08625870367708137,0.2660782071249024,-0.028475617852437147,-0.023033502636355344,0.4361111111111112,223.1339585855677,1.0
13.049191,54,544.774349,0.2611182672938759,0.014210220626753447,0.07653245166842976,0.28987026657284176,-0.005717180732738523,0.018267958947512732,0.4320987654320988,208.4324629918176,1.0
13.829209,55,544.912878,0.2653337790263475,0.04905438036943586,0.06532767888879523,0.2859828190557323,-0.03721992514383916,-0.023165115515873552,0.4530303030303031,219.96920903122458,1.0
13.671275,56,545.052001,0.26656530598054917,0.039967193680708585,0.08562557175273584,0.2856732181293148,-0.031897525189254185,-0.039776463597233094,0.45089285714285726,214.93297766905306,1.0
13.892363,56,545.192577,0.259531772474182,0.011513917376791895,0.07768670201856127,0.29455812948448495,-0.006246937764983053,0.02027574908701268,0.4538690476190477,209.83254899183825,1.0
8.647296,55,545.347541,0.26353122218722974,0.054509668062466175,0.12997954272888332,0.28756698019945104,0.04539822220583105,0.04019458659475622,0.4151515151515152,215.09963915560542,1.0
13.970481,58,545.498721,0.2674844240767764,0.010724223425027372,0.07583976534494265,0.2822503001090186,-0.00044929785539417236,0.010730230345181613,0.42672413793103436,212.3537703123025,1.0
13.958037,55,545.634373,0.2588097188362759,0.018538539938098078,0.0785797131636696,0.30019435280053647,-0.015758204036769922,-0.007157528711820141,0.43181818181818177,217.59305406549106,1.0
14.154066,58,545.779402,0.2719186156775305,0.03695464591116682,0.08340980428014132,0.2754078122763639,-0.031415636433260424,-0.019331005553556036,0.4382183908045976,227.29792013662583,1.0
14.513502,61,545.927773,0.27144913368575324,0.01623904543797559,0.07982585891839819,0.27788606780820946,-0.006113942681680812,0.0028499891677728154,0.44125683060109283,214.02793255839396,1.0
14.101662,60,546.102534,0.27622288508816456,0.04162783538230864,0.08305035200072926,0.27144865177160127,-0.03478101534311292,-0.007594410852303143,0.4166666666666668,217.48134318522185,1.0
13.116291,56,546.242085,0.26398568915787124,0.04101049557412741,0.10031524628587216,0.2938190296106285,-0.0263713605239299,0.007778557481684065,0.4389880952380952,214.82843358595574,1.0
13.543499,58,546.390702,0.2680696694496721,0.025204482258438556,0.0995278679569524,0.2836271978163464,-0.018738313590586274,-0.012873535073270832,0.45689655172413807,220.9312277434413,1.0
11.3346,60,546.538718,0.27199223614032386,0.038010219481669584,0.11235879124523938,0.2774204343792847,0.026632487440479878,0.02935185940395419,0.42638888888888893,221.49613694033638,1.0
13.276235,59,546.707809,0.2673358387772212,0.04301119148421715,0.08118218949635145,0.2860117104501072,0.016756484103880618,-0.03829658340305811,0.41807909604519766,222.35021720381957,1.0
14.242856,57,546.848991,0.2662773153609535,0.01155611676066786,0.06645945166821861,0.2826389097158634,-0.007343823979157258,-0.016226466737569303,0.46783625730994177,213.00400372685812,1.0
14.612931,63,547.010879,0.27959104275732133,0.023974503274750918,0.0756662271411025,0.26943779753086056,-0.001787744651508292,-0.00994012309380042,0.4484126984126984,220.72192462658748,1.0
14.15501,65,547.168062,0.28796602706902197,0.024676315350922753,0.08312774656284216,0.25679176017892036,0.0029513727234680774,-0.01949456787059116,0.4397435897435898,214.5966190125103,1.0
13.67999,61,547.343385,0.276248363076861,0.022165981436277873,0.06186385574544402,0.2712295310927189,0.01261646827513482,-0.004202489974517714,0.4426229508196723,215.06638583647097,1.0
12.032056,57,547.480677,0.26462602980128697,0.021679843800007897,0.11748278582817052,0.2863558610456686,0.01427711021125741,0.026761329205222718,0.4429824561403509,210.8558633360611,1.0
13.756671,61,547.62568,0.27822402703611415,0.02713422449172861,0.09050198437333998,0.2653584375530487,-0.021310370036757988,-0.03662720370524795,0.44535519125683054,221.95751330531613,1.0
13.435102,64,547.777057,0.2826823849475676,0.04424143656779333,0.09271514809840341,0.2660718240314358,0.008809685113343436,-0.019751100951085246,0.44531249999999983,224.0456862946602,1.0
14.151245,66,547.949149,0.2949331397132212,0.043896330884441705,0.09180809448133563,0.2450915823333359,-0.0379709186340816,-0.022373471275392777,0.44949494949494945,228.91210213347625,1.0
12.299714,56,548.084212,0.2678846106560164,0.021813539843767205,0.10606346535188792,0.28237704663335444,0.002968133197557755,0.010559503571944484,0.45089285714285726,216.50381894518114,1.0
13.952649,61,548.225853,0.27559311905305134,0.01866975866317248,0.0925425051246112,0.273022138692164,0.000607563359567335,-0.024299124170248203,0.45765027322404384,214.44562007555078,1.0
13.5504,57,548.360298,0.2641089113253894,0.012907557130696301,0.09148692398552999,0.29114824798369465,0.0025605542867778086,-0.008289870527955934,0.43567251461988304,214.6528538265725,1.0
13.722383,62,548.513292,0.2843928684077605,0.042465997597438715,0.07567900582321897,0.2574493242073139,-0.03420546525734812,-0.009346998915959765,0.4354838709677418,222.4074475596032,1.0
14.051539,57,548.666159,0.26575243242283697,0.019132000406769413,0.07360032351547553,0.28229766075069307,-0.013563265930819152,0.004422909515513083,0.45321637426900596,212.08104219291653,1.0
13.734323,59,548.807576,0.2742946877469436,0.02134050207964397,0.0900283343749909,0.2745080317290694,-0.01463760463352055,-0.007200582787673793,0.44915254237288144,219.89545999065584,1.0
13.662836,61,548.954012,0.2716334685707037,0.018154537438357238,0.09305310186994946,0.2772495344568129,0.0031622720948610993,0.014815806855330243,0.46311475409836056,221.48772813765305,1.0
12.734205,52,549.08234,0.2551918661200744,0.02590011438871305,0.09500714916057038,0.30596599579443146,-0.01991058251073261,0.03128667087765852,0.4262820512820514,217.1895921450616,1.0
13.28621,64,549.246337,0.2882613586292835,0.03423865921245024,0.07229674260962092,0.2533335304665719,0.01532239449241938,0.009193472265629832,0.47005208333333337,219.3624480481167,1.0
13.976344,59,549.387312,0.2779213901020806,0.03287328723630456,0.07895815051697362,0.26500172414349343,-0.024982971618911883,-0.025677605747337233,0.42514124293785316,229.05687020521862,1.0
13.305627,56,549.521575,0.2645395711155824,0.02678530036682207,0.09980666320698138,0.2864996360856232,-0.02246409577201263,0.03092178786096573,0.4538690476190478,225.72620116881623,1.0
8.744991,68,549.685373,0.3142747031313149,0.09903795805521542,0.10409263280494144,0.2203020042588387,-0.07477924667560791,-0.04035857135557713,0.4338235294117647,239.33131056547,1.0
14.740533,63,549.853105,0.28437756070147907,0.034670433487117,0.06923546934335142,0.2614312742766477,-0.028713506960261592,-0.0024046441822315723,0.45899470899470907,222.8544867156504,1.0
14.166845,62,550.005039,0.2782475953165577,0.02273327135030928,0.0970788980553718,0.2661448014108084,-0.013758399120903346,0.02695355437346022,0.4663978494623658,221.99581989427668,1.0
14.349832,58,550.137712,0.2735987753416297,0.026559718346999262,0.0669100345106872,0.2742470153376749,-0.013361589389572485,-0.015400006180937896,0.4525862068965518,226.80594947067308,1.0
13.566441,65,550.28894,0.2887839105870392,0.02229020141571331,0.08512588859237198,0.25318973051610305,-0.005777392691314897,0.017021636018476522,0.47307692307692323,220.34830399287418,1.0
12.22668,57,550.450638,0.2664265122434561,0.016404676914358762,0.1072489117275878,0.2799304633684612,0.008396666147052052,0.03172110880184705,0.42397660818713445,210.95304665284783,1.0
11.756048,54,550.575273,0.2612968564423193,0.02504959376166983,0.10857086334146977,0.29554547295426076,0.0149209384599153,0.039812627762073304,0.4506172839506172,213.95284793213347,1.0
13.034943,61,550.714155,0.27833316697433,0.026994871208289983,0.10730183423535318,0.268126085278462,-0.0031891701453475,0.005988022573642189,0.453551912568306,224.83587332144413,1.0
12.249751,58,550.856115,0.26932560721076193,0.023419944376269226,0.11274076236718453,0.2798470812604065,0.013287398667333795,0.03808155195865108,0.4324712643678161,217.65082173409644,1.0
12.165597,57,550.995839,0.27104294108742066,0.018863451098943718,0.1279406571013895,0.2753161456671985,-0.010862038760911928,0.056780307943440744,0.46637426900584816,212.91970942031907,1.0
12.52148,52,551.131899,0.26097191076931925,0.02984950723143474,0.09707197644585486,0.2926112613979358,-0.02328118444464113,0.0206798877253944,0.4535256410256412,211.9669693019108,1.0
12.901036,64,551.287905,0.29187955927790005,0.029545840449077262,0.08996670546720238,0.2484839296295016,0.00456549441418582,-0.008604025902259086,0.4648437500000001,215.21580403078931,1.0
14.753642,65,551.444816,0.28853884781574857,0.029026189436086473,0.07938493768027392,0.25504973865142355,-0.016460191417191957,-0.017608365162198693,0.4717948717948719,224.3751283087043,1.0
13.338946,60,551.580398,0.27855111613674544,0.037530495128591496,0.07186781141550119,0.2662712193018148,0.009019951822916037,0.015268307417693883,0.44722222222222224,217.27634968474874,1.0
14.592763,61,551.739328,0.27754479594018083,0.027060658190172115,0.08001790058929674,0.27196140064425106,-0.008735764652111169,-0.0065376385344357215,0.4549180327868853,225.14804177585336,1.0
11.496235,58,551.883394,0.2738496946445449,0.04125836725829624,0.10630394164920308,0.2748146606467942,0.023798347315137258,0.02551802721299847,0.4468390804597702,219.37385881093184,1.0
13.35431,69,552.053952,0.30615194844911664,0.03170984364541069,0.0768867268424259,0.23131335825111424,0.004503893656573381,-0.011680530344902133,0.48309178743961334,221.14588064460986,1.0
13.863551,60,552.203996,0.2725834727706788,0.027302785506056918,0.08017344408860089,0.27563573001111785,0.005701055496965711,0.030521648514433015,0.4694444444444446,223.39171952774905,1.0
13.637176,62,552.375546,0.28747088712861146,0.03728846048065685,0.07475530850990841,0.2559534268543398,-0.00202030627165091,-0.019318335677125917,0.474462365591398,232.55730138773734,1.0
12.705855,60,552.532093,0.275401252564335,0.03132745507352863,0.08726936222416398,0.27064540255031366,0.0142461294174362,0.028445788709138876,0.45277777777777783,211.72196200830555,1.0
12.785401,65,552.69397,0.2886878772765077,0.03755916983382929,0.10514244006432494,0.25342302286359586,0.006463299475600556,0.018167269745689676,0.5089743589743592,227.90820882417452,1.0
13.919786,63,552.85228,0.2849361041315206,0.029609105716447946,0.08114319995146163,0.25876800099685593,0.0012752050563809363,-0.017294985101988177,0.474867724867725,223.50921167421433,1.0
11.674371,70,553.054793,0.30690143230044675,0.04975665573583485,0.08948801945777002,0.23157682615633596,0.020462385594730154,0.011636171459013253,0.48214285714285715,219.2812174900722,1.0
8.251964,70,553.230691,0.3079514391991325,0.0689812933317072,0.13075358546541382,0.231743494124543,0.033129347673443436,0.01139840556067081,0.476190476190476,229.62849987719514,1.0
11.509316,59,553.374663,0.2706912462149632,0.0574466290968815,0.1009849010466815,0.27729125851079667,0.03260857987744472,0.02493394463532978,0.4562146892655367,218.4349090407036,1.0
13.238103,64,553.532391,0.2876484246419216,0.029843972755849848,0.08909483540318416,0.2539168139877746,0.007944106933860882,0.010900049335174668,0.48437499999999994,223.13594265635874,1.0
11.044264,63,553.712023,0.28355468784019316,0.052205043848545844,0.0969948646319032,0.25775633083771765,0.031499352584304745,0.03317004916709953,0.4603174603174604,217.6312356652421,1.0
13.222422,62,553.872678,0.28132717482170694,0.032616247837394266,0.08428328380472701,0.26274076232770965,0.015508546592301713,0.04075187026257466,0.46908602150537626,221.4554386514232,1.0
11.812728,69,554.044032,0.30373368204598905,0.056940634194350394,0.0768835171582375,0.2371196592343505,0.020306344689472497,-0.008131098660722777,0.4770531400966183,224.62119811066307,1.0
12.070101,61,554.191915,0.2765210054048885,0.03986407780884697,0.09592157263147386,0.26594351772398833,0.021327153438902322,0.06111012203670869,0.4672131147540986,217.56046339365236,1.0
9.541235,64,554.368215,0.28571650581242536,0.05611045126641196,0.11163150331391357,0.2560891236161672,0.03732785929167728,0.007903694905595076,0.4804687500000001,218.5272493134916,1.0
13.825861,66,554.536109,0.2885624369450873,0.033564671438080465,0.07697584030339531,0.25567595196500303,0.003814418656468206,0.013798647262540547,0.4621212121212122,225.2185576026311,1.0
13.437062,75,554.719361,0.31610297581997565,0.032415872717440265,0.0770440383997314,0.22290897226173917,0.00047891612044622,0.013137413621326439,0.4855555555555554,230.64078641962274,1.0
13.200359,67,554.882417,0.30382591897397687,0.028471496194223823,0.0937094803657777,0.2322180074392487,-0.016020633025516706,-0.0035797050114140735,0.4838308457711443,231.90399700517298,1.0
13.240385,78,555.102139,0.33014254871868925,0.029422696916478617,0.08751096039291849,0.20547621111786718,-0.016403878726307632,-0.017289256718057856,0.5138888888888888,239.06760869229475,1.0
8.007833,73,555.286805,0.31534533891169947,0.0790961364944708,0.09783547221193471,0.22265946258787628,0.04561821644603898,0.01557079604063955,0.47716894977168955,223.45833613464578,1.0
12.501158,66,555.451062,0.2875293334610792,0.043642184486883825,0.08198791106631077,0.2519768784166172,0.016838447475270264,0.03895197897446753,0.470959595959596,219.07422642312818,1.0
12.924178,60,555.596534,0.27670608926734946,0.03676910463271955,0.08638073737705562,0.26817898907628046,0.0049898191783762594,0.03684296475026778,0.46944444444444433,228.56913371397917,1.0
13.679312,75,555.807833,0.32132018729341777,0.0260255854207129,0.0528685006198983,0.21352440846084184,-0.003435136298888591,5.186850761267477e-05,0.46444444444444427,221.0009810953916,1.0
13.147798,56,555.949808,0.2667055267133507,0.023702182364097654,0.08296087127760188,0.2814259684060528,-0.0037280960679603138,0.03854974767341462,0.4568452380952383,221.32362121179156,1.0
13.057266,63,556.102751,0.28451026600363594,0.032038135919220986,0.07313653905246296,0.256990473763535,0.014397931477379848,0.0312741000192129,0.46031746031746035,216.59833650546543,1.0
12.279736,63,556.259672,0.29270196088613426,0.034142111237896275,0.11381913210345872,0.24483058347100167,-0.016752095295746474,-0.027171068986163897,0.48412698412698424,235.52751572858458,1.0
13.948579,62,556.431421,0.28170436174097385,0.02490817591591409,0.07126513248941853,0.26232265419493417,0.004092542222632871,0.01756688494676116,0.4637096774193549,220.3254201061378,1.0
13.471961,59,556.575546,0.2750723029964381,0.030433486410631486,0.08380259210117347,0.2718361239280244,-0.0030473488690582707,-0.005430571810915091,0.47457627118644075,225.97334985390117,1.0
9.397822,60,556.719391,0.2744113735175124,0.06637020713892072,0.10218160071965425,0.2710599140091951,0.04533419544776383,0.02619345593902449,0.4416666666666665,220.40448047251581,1.0
11.495045,65,556.881387,0.29088813976845074,0.061181439127478844,0.065920421237467,0.250392326853702,0.03401697657523509,0.01212513945427568,0.4666666666666668,220.19831622159063,1.0
11.732406,66,557.06155,0.2959516620562072,0.05765385942732195,0.08790498646389727,0.24433470479175998,0.021515628150264407,-0.01917441899815575,0.4772727272727274,227.32251974655026,1.0
13.133917,78,557.258437,0.32248249005412105,0.035675075767248925,0.09271776753952221,0.2178951075130268,-0.0017560349687460047,-0.02268372040240172,0.48824786324786335,229.01764130546098,1.0
13.047746,66,557.413713,0.29893175496676155,0.03320059339010227,0.08986910200078116,0.23869534249866659,-0.014419886580835158,-0.013663203236250025,0.4835858585858588,230.89661659325208,1.0
12.448892,60,557.554103,0.27336388881580875,0.03444831161129425,0.10590567657991022,0.2737476233572424,0.017214733131070737,0.012753993927109892,0.48888888888888904,220.0121288545087,1.0
12.200098,67,557.728714,0.2950609282745222,0.057793515430631485,0.06421668473493436,0.24620092264544885,0.025601493239521104,-0.012719657672853046,0.4763681592039801,217.88166806316437,1.0
9.13549,86,557.93341,0.3429631269725103,0.0632959187618359,0.07913117551737352,0.19480897843937472,0.03096840237054895,-0.010930245334994848,0.5145348837209303,223.4097951100719,1.0
12.878696,57,558.07179,0.27108709753318766,0.0358944768111979,0.07428716375979964,0.27567592469264196,0.017378253999112428,-0.018389412066054277,0.45175438596491224,214.58287833983456,1.0
14.181885,61,558.685546,0.2787408603750788,0.02954533984574639,0.05512689910102917,0.2673397507758674,0.007568232129877042,-0.012175712388359908,0.46038251366120214,226.52855617552623,1.0
12.441334,65,558.837353,0.2901006271105605,0.0483425816042782,0.06419067590844567,0.2533195431062851,0.023655539057231396,-0.0019659666033405993,0.46923076923076934,217.36360752565665,1.0
8.883023,56,558.986343,0.26276058174176004,0.0793196895128577,0.09881693107629493,0.28879025372769057,0.0556162544454191,0.06062530076499104,0.4449404761904762,222.9165323467047,1.0
13.343111,64,559.156193,0.2838675313625743,0.043346374473951954,0.05716622171310141,0.26002233651439943,0.017066009236472394,0.015390110612105545,0.46484375000000006,219.73463908074035,1.0
12.435922,59,559.306686,0.274119067140927,0.04864121788120055,0.06022458048114997,0.27120191129843907,0.02682610763764072,0.005333018246636409,0.4604519774011301,216.8684455341584,1.0
12.929118,68,559.491265,0.2966572596780603,0.02881507275919192,0.12322464069334392,0.24753656945160446,-0.009888294114845333,-0.005478033215221628,0.4620098039215687,229.45524589138654,1.0
13.30883,65,559.649998,0.2866768409811403,0.036430589670977204,0.06887679382964486,0.2596920685633252,0.011618754434737118,-0.015832105611686555,0.47179487179487173,219.52886861658777,1.0
13.360535,68,559.816632,0.29980715961415133,0.03916315356671428,0.09609559872426549,0.24134499972960513,-0.003347969322213245,-0.03165559101259155,0.4767156862745098,230.05119759772145,1.0
13.977643,55,559.955792,0.2600584955976566,0.014482353281606932,0.0691457336007522,0.29628092722473276,-0.0013201830054499503,0.005168955840929637,0.47272727272727283,211.5869606440545,1.0
13.630201,61,560.127714,0.27742236009554794,0.04195636623208628,0.08300121192758915,0.2690546076003264,0.010227236208704459,-0.0009423968045854906,0.47404371584699456,220.5715753646247,1.0
13.388662,61,560.279278,0.27383874699071875,0.04022553473664467,0.0709515161240455,0.275200610377419,0.0141039235323392,0.015695620230964356,0.4631147540983607,221.526931299318,1.0
13.341638,60,560.423208,0.2774697942565174,0.024374679334881653,0.08649160348720868,0.2677783919942202,0.009139580996232789,0.014037568823165108,0.4652777777777778,214.7494186100963,1.0
13.497805,60,560.571778,0.2716832076914554,0.033080381595250855,0.06865270232671232,0.277697019781258,0.016464705101330294,0.01777305576371126,0.4777777777777778,220.90327357829588,1.0
12.563411,55,560.723952,0.25848230718230986,0.03346598701961022,0.08974576573477401,0.2969432784987486,0.023176058909750098,0.022387481925916178,0.46212121212121215,213.97115574401107,1.0
11.896079,60,560.876993,0.26889554688100215,0.049006202834903374,0.07411008997236179,0.2797317357063693,0.03366990453017227,0.015929259655622807,0.47500000000000003,214.16490370874268,1.0
11.776446,58,561.017332,0.266258153230221,0.03008188264328587,0.10835129481520557,0.28701022193812237,0.023289669633669043,-0.0005134271909686667,0.4683908045977011,211.645390109061,1.0
13.103302,56,561.150418,0.26151366285549194,0.015228405196619539,0.09335369610634753,0.29265815591905653,0.0007392516662633175,-0.010232851259829636,0.4598214285714285,214.3677140197506,1.0
13.699162,57,561.29555,0.26849186661515917,0.024480607155022968,0.06730684905971664,0.2794629310509888,0.003933286724860005,-0.01569904677369494,0.46491228070175444,220.43092314171605,1.0
11.34542,57,561.428138,0.26452936865789856,0.05765053955179761,0.08734288550633544,0.29095632191294646,0.03620958355887964,0.005076924958593254,0.4663742690058481,216.2151953855428,1.0
12.777547,62,561.574012,0.27853181069280314,0.04720862303406523,0.06983233538009594,0.2688193657523149,0.025529297331146752,-0.018495441517360444,0.47849462365591394,221.28480447499757,1.0
12.062358,55,561.701192,0.26268715816659094,0.030772755831720768,0.08425783329068721,0.2866466841790908,0.01437272435603592,0.015154930627436771,0.48636363636363644,215.15578526630222,1.0
14.342139,60,561.84041,0.2736004237601097,0.026963597251809412,0.062170851866876646,0.27624950387349567,0.0005205805198074986,-0.015076476084686864,0.48333333333333334,221.50020467355003,1.0
12.629829,68,562.012115,0.296896508286026,0.05598433440911115,0.06823512357380165,0.2476928883482726,0.01949303752499763,0.005102759998138508,0.48161764705882365,219.86053128112184,1.0
12.367983,56,562.141774,0.26317120499227165,0.039846188837442016,0.087708754710881,0.28869816205639126,0.01617159726180602,0.006378780311989226,0.4821428571428573,215.05967099835206,1.0
13.138229,53,562.26803,0.25882651379713933,0.012776181800141477,0.08251241085147577,0.2982469741977495,-0.0056854374427750785,-0.018144254531425343,0.4638364779874215,211.25305864730575,1.0
13.636464,60,562.406035,0.27124057235504084,0.02889275339125424,0.07808620819550523,0.2804993024266098,0.012226567955196666,0.002932477149107062,0.501388888888889,216.63066743326578,1.0
13.000617,56,562.55451,0.2654298386866188,0.028321834587808757,0.07471115636013412,0.2875791142495913,0.01380972249435992,0.02539729012687667,0.4940476190476192,212.63954569577274,1.0
12.924883,55,562.683685,0.264111728154082,0.03426970186352216,0.09957602111545105,0.28648724062614567,-0.026694709781503904,-0.018861244808989482,0.47575757575757593,220.04044550297348,1.0
14.034627,65,562.835515,0.2883121596715444,0.03303528411475563,0.09558280230883939,0.2554217879816219,-0.02382362248367029,-0.023263794143041566,0.49487179487179495,226.0077613254295,1.0
11.195485,57,562.968451,0.2664644182506725,0.06044014942668129,0.07517703739231968,0.2862256360884329,0.03914608634561797,0.025153114382527115,0.49122807017543857,215.78490947840504,1.0
11.667808,54,563.119296,0.26182246204602894,0.04740665890330267,0.0665641976275424,0.29179028241970045,0.03737811085755643,0.004242050612261673,0.4660493827160493,215.01411113227,1.0
13.358816,54,563.244172,0.25898591381260555,0.020758247808724557,0.0711519795251088,0.2956271531572784,3.18398455196196e-05,-0.008428872874229458,0.47530864197530875,221.1608483077022,1.0
12.954803,61,563.385346,0.2769188670334724,0.04547532261898223,0.07574766096445966,0.26867838450078074,0.01855335557555394,-0.022670540226462723,0.4781420765027322,222.62474598376133,1.0
13.263544,62,563.529262,0.2872116470996277,0.044800123659983204,0.0957193697270574,0.2549030083039613,-0.036865052442007586,-0.04001977314977336,0.48252688172043023,233.71222109172254,1.0
13.41332,57,563.661744,0.2645913324721297,0.02661301775731773,0.0787229672682903,0.2891109085041082,0.009930464033638746,-0.010613308280419122,0.48391812865497086,214.70929173182694,1.0
11.431315,52,563.806038,0.2550431176893022,0.04689762671193995,0.06048506724873107,0.30503059423935786,0.032387719373651216,-0.013762517905303556,0.4583333333333334,211.05338634363548,1.0
11.090283,53,563.930514,0.25710715697989633,0.029263993117492358,0.11650943390088046,0.29868516790637323,0.022598674910739778,0.043467626028177775,0.4748427672955976,210.02028760645752,1.0
12.589596,52,564.05227,0.2542212523838429,0.009366028368474449,0.08323888059794415,0.311442318235969,0.005969145229569816,0.026029018023551724,0.47435897435897445,205.5665201438688,1.0
11.483185,55,564.181669,0.26052116034652784,0.048342578947493484,0.06643046233504447,0.29518459170972255,0.03409148375119299,-0.006004053262305488,0.46515151515151526,210.87574628665993,1.0
13.735429,63,564.348716,0.28293763688964446,0.035538244249584246,0.09802368979509324,0.2636727183659851,-0.001300511779371185,-0.002170975711081416,0.48544973544973546,227.38519502591876,1.0
11.692854,62,564.495912,0.2794851518909586,0.0557269518837505,0.06564292707390215,0.2664452361577184,0.038007981766571775,0.003349075257991901,0.4637096774193549,214.34209096127205,1.0
12.201717,52,564.618994,0.2555210413850444,0.029275397425218178,0.08529201684348961,0.2978547407923464,0.014260343146811237,0.0022367712260705215,0.467948717948718,213.12757140245037,1.0
12.29364,53,564.738816,0.2540545298401276,0.028583024783624438,0.08157882207981587,0.30762683344020425,0.02362974765560487,0.015298024318697163,0.4732704402515724,211.1839811821941,1.0
12.995519,55,564.876397,0.2635043705848079,0.019556474145262105,0.09129748596628172,0.2899915146868643,0.0031578350319683276,-0.03645382603882165,0.46666666666666673,212.10124829331207,1.0
12.191085,56,565.038595,0.2647004618265528,0.03493767150727583,0.07931452394579372,0.2854468914558498,0.025870257370574214,-0.0020991684539117127,0.4895833333333332,210.91908281627198,1.0
13.290349,62,565.190863,0.2770449781818228,0.04387471219765064,0.0522298731031074,0.2705659144471338,0.027625837669435455,-0.010775114269129759,0.4811827956989248,213.32045765700627,1.0
10.944516,52,565.31696,0.2543342087107809,0.03397532656397511,0.10661051639603768,0.31013675062880214,0.02874668039487567,0.025870910992489025,0.4583333333333333,207.7280816096855,1.0
12.410199,54,565.456785,0.2565910607980298,0.040853396980002864,0.056501643475628416,0.301677626521418,0.02807716874808093,0.006833259344015864,0.4660493827160494,216.09686571060033,1.0
13.877775,61,565.619806,0.27765189105355054,0.02221331694343051,0.08482258852943529,0.26603965257981427,-0.009090856232446725,-0.003796289382087568,0.47540983606557374,215.5397299444183,1.0
13.256271,56,565.769347,0.26182597743826186,0.035984070038452824,0.08008157838526109,0.2983429175299757,0.014210418730721592,-0.017175947688381717,0.46428571428571436,217.121869065232,1.0
11.997702,53,565.901344,0.25314020302594425,0.03343994141324032,0.08462294120222952,0.3074455491504086,0.019133864796997555,0.007541608215916263,0.4732704402515724,213.2355060755248,1.0
13.876083,58,566.045813,0.26570063080360135,0.03700880751637178,0.0727485556832435,0.2881268107063818,0.00726183351586438,-0.032426853396622525,0.46839080459770127,219.95873969132379,1.0
13.170734,60,566.194632,0.2747031211684382,0.04223694161943657,0.08444727701018877,0.27599929496169207,0.01209525196121752,-0.027604053395184083,0.46666666666666684,218.04774862217758,1.0
13.957811,57,566.35091,0.26349154074332815,0.012113080601911342,0.07776785452271372,0.2932662695936492,0.00018378027152537768,-0.011249926589739709,0.4707602339181287,217.5873711859107,1.0
13.696138,59,566.501813,0.2678054484880871,0.03952773711461303,0.06366355204280444,0.28478998701293745,0.01701629248965505,-0.007137069879520309,0.47598870056497206,214.72986110084705,1.0
13.108983,65,566.659094,0.2916005045377045,0.030282699552864258,0.09967059343176829,0.2502980967919502,0.0025502168812522995,-0.01704643332037036,0.48846153846153845,217.45603070381662,1.0
12.454574,51,566.785361,0.2514026891589436,0.01925193081981072,0.0836679613016777,0.3215631226981999,-0.010809426595248545,-0.018663817226414057,0.47058823529411764,214.31969811627752,1.0
13.84904,58,566.941267,0.26743479277051224,0.018538299934094896,0.07661174561624771,0.28452244073368554,0.0061668997535061386,-0.024999347556822312,0.4913793103448276,210.22899198020744,1.0
12.539778,64,567.110022,0.2838763946961549,0.045800047037038175,0.09716066078127993,0.26268996706370906,0.017282602055076552,-0.019239392553019895,0.48958333333333354,222.84113017975116,1.0
11.509064,57,567.25394,0.2695537966025,0.062010260191263135,0.07260858780210934,0.28050683395226267,0.040796999102553855,-0.041037783007817914,0.46783625730994155,211.84625563262327,1.0
11.737407,61,567.41069,0.2694837286120741,0.05729871764076513,0.08100565098087381,0.2822032888410698,0.041721893562322115,-0.016038736537866718,0.4795081967213116,218.23076215580693,1.0
14.254824,64,567.560261,0.2839490358477882,0.030603406578464016,0.06501711868063711,0.26178817712857083,0.01161186520640598,-0.010750864281340818,0.47265625,215.92087760555907,1.0
13.45556,61,567.728044,0.27649024450574156,0.030217755272978934,0.10335962342034428,0.27432311153317296,-0.008776177923953524,-0.044362791737314076,0.4849726775956285,224.49636587161913,1.0
12.295968,59,567.871211,0.27248034284245154,0.04112577903650451,0.10548968381746258,0.2808607433315046,0.016270720842095382,-0.05981208475124134,0.4830508474576272,216.49872947684997,1.0
10.713709,58,568.05258,0.2677308314641656,0.0618542769172081,0.08089647710667855,0.28415739611658447,0.03740549386876246,0.020448913341742727,0.46982758620689663,216.6684430068145,1.0
13.62125,60,568.255477,0.2762665428583562,0.045682963674695425,0.1001990787187292,0.2729208376925504,-0.03699240312227005,-0.035413759742370085,0.4805555555555557,228.21524769611625,1.0
12.201231,59,568.446101,0.26825483832752134,0.0549239035314624,0.06903666847622414,0.28325329050647546,0.03619459190256801,0.0008608454008308996,0.4703389830508476,217.79514066021162,1.0
11.783025,56,568.58468,0.26280868369624916,0.04341636986728359,0.07991073324362956,0.29319055985102344,0.030421559122745183,-0.009285511760970517,0.45982142857142866,212.22237751037662,1.0
12.337773,55,568.721766,0.2613880345800182,0.03817801600380418,0.06392381599328195,0.2955838819314651,0.02622543415720298,-0.01617429916321521,0.4545454545454545,211.98898947793757,1.0
11.116333,58,568.861443,0.27348047077233845,0.05852807162768044,0.08098081507150824,0.27574683371650077,0.0406984844437872,-7.1237661546364e-05,0.45977011494252884,208.54205509429295,1.0
12.559528,60,569.037121,0.2743756780913331,0.052568119004993794,0.08786011258596466,0.2790659361855406,0.021424028713931585,-0.04762447175917009,0.45694444444444465,218.6471892742817,1.0
12.18653,59,569.179502,0.2692041137074829,0.04503947693103249,0.0960595766857335,0.2862067635953559,0.02621521501480872,-0.03479225502032118,0.47598870056497194,213.60114179208426,1.0
13.322655,57,569.325448,0.2685742080953565,0.026653425976828127,0.09246085088894253,0.2812168380431276,-0.017536755983134263,-0.010845480773360444,0.4751461988304095,214.15211323527964,1.0
12.938773,56,569.460052,0.26314349271573373,0.03877836528434608,0.0774513520746505,0.29812850697451265,0.019999038742401668,-0.030305035404862114,0.45833333333333315,219.81019392914203,1.0
13.828983,63,569.619331,0.2778981851349597,0.03121489581737519,0.07477985415887949,0.2724332049155955,0.014791857269480319,-0.019201994212303945,0.4775132275132277,212.4065946874617,1.0
11.111089,56,569.775456,0.26564879610214787,0.06364624300134769,0.06816629274503017,0.2887535068486115,0.04266464143275133,0.00831555354384293,0.4657738095238095,215.66277491391835,1.0
13.397995,62,569.926816,0.2756830323116236,0.02266712641444401,0.10471546556291193,0.2802828296969925,0.006511658274921848,-0.045800177296435346,0.4798387096774195,218.43027795306358,1.0
10.962019,60,570.080907,0.27476997923081525,0.0553061060638229,0.06637384020575933,0.2728450277757213,0.0400971671230655,-0.023253564105463125,0.49166666666666686,216.3708600371796,1.0
14.104493,59,570.228535,0.2709048222001976,0.021192561717242615,0.08692077581811178,0.28443925566439693,0.0024723022220103363,-0.051707284513380095,0.478813559322034,214.63057030015162,1.0
13.928942,55,570.380592,0.26191975350099633,0.021174590532861432,0.059735699483409975,0.2914675298411646,0.007359939977967756,-0.00832516257611122,0.4787878787878789,208.66235193732695,1.0
13.62921,59,570.524909,0.27408046223548654,0.027744088023512827,0.0748453681947619,0.2765691916799229,0.0056302092426736075,-0.025703914674231818,0.4759887005649718,211.28455124745742,1.0
13.644831,55,570.665326,0.2667410998258746,0.022623300530862055,0.06776888073560763,0.2863023089495158,-0.01090299790177248,-0.019331343407879176,0.4742424242424243,210.41812178715367,1.0
13.663198,58,570.803052,0.2728720782775357,0.012373053662149384,0.0798747730502586,0.27434125350220795,-0.0033254047520673235,0.001633254158049619,0.46120689655172414,207.4370264687649,1.0
13.418021,55,570.935808,0.2640098248838681,0.021252058539700566,0.06981158204104014,0.2888501610514905,-0.003181931751645255,-0.0012551852323514669,0.4712121212121213,203.13879664030293,1.0
12.747781,60,571.094146,0.28387593442236075,0.06309579128592996,0.08219319545764486,0.2567965371178757,-0.0506099387150007,-0.040445861368919145,0.475,221.6294223414788,1.0
12.936258,55,571.223205,0.26287625170284207,0.03385383784879361,0.07375313414494061,0.29279465947012645,0.018677466378075717,-0.018597236222528478,0.4696969696969697,213.5732489214526,1.0
13.93564,54,571.348845,0.26192661601831063,0.017411535534347218,0.05816193723236803,0.2943820344076085,-0.005458602040930586,-0.014866380872074626,0.47222222222222227,206.48949726863046,1.0
13.305256,57,571.481759,0.26220604110770457,0.03108350637685026,0.0848063948290572,0.2938678270938645,0.018755046064786007,-0.01545003738664628,0.4678362573099416,211.55521757803484,1.0
13.012881,59,571.644037,0.2716908316845064,0.021809669102182273,0.0959392535532043,0.27549220465318763,0.014404352597064766,-0.008828446455555304,0.4731638418079096,206.25362742030998,1.0
13.582128,62,571.788176,0.27741126020296347,0.029766622390311637,0.07797050774572585,0.26908027024622744,0.012569069267847455,-0.010243495444208321,0.4717741935483871,215.6914250120781,1.0
12.707938,55,571.91837,0.2621484624915042,0.03274864288776355,0.07318431187868737,0.29444787886659934,0.022811435810471483,0.02585052601162461,0.4666666666666667,208.5779874956562,1.0
14.378917,61,572.068904,0.2763096291968662,0.02310671590920311,0.06548965372391487,0.27218744973720554,0.013318091145642358,0.002096356430727757,0.4740437158469946,207.78354088650786,1.0
14.648643,60,572.240616,0.2755574498499238,0.04178419260012872,0.06802164567233425,0.2726148306619611,-0.03275353195014697,-0.023753565903451575,0.46388888888888885,218.0559575598378,1.0
12.755438,54,572.369315,0.26310716556447,0.04851294062433205,0.0976130415000763,0.2894171599165614,-0.04062235418947614,-0.04942953225803696,0.45679012345679026,217.73642884249415,1.0
14.819261,63,572.514848,0.28323938303302276,0.03188082282862765,0.07276849421748012,0.26312795023725655,-0.022129598591932836,-0.01972836320053606,0.4841269841269842,223.03965222508972,1.0
13.342028,61,572.662611,0.2730747752174687,0.02296647637833828,0.09808296607270058,0.27477918555577235,0.008901308905868937,0.00451614142818175,0.47131147540983603,212.02743574916036,1.0
14.683774,62,572.808463,0.2734587267795768,0.01827927449750909,0.07091432895037147,0.2811070002211113,-0.0033126283742336304,-0.0036827981908005105,0.47580645161290336,219.87521191453257,1.0
15.063075,63,572.986733,0.2819382946539425,0.015067730749995942,0.06933637568690083,0.2640025257865844,-0.005574717254932551,-0.016048125378394403,0.47619047619047644,207.70215706848816,1.0
13.050295,56,573.125865,0.2736079747725739,0.05968473098143625,0.07919559496064313,0.273820083353532,-0.050448220161457266,-0.013463483172248892,0.4538690476190478,218.39990062221085,1.0
12.864742,51,573.245483,0.25642629844858994,0.030044336298177935,0.07521494568808562,0.3070987633115315,-0.02087252910649383,0.023387259166974213,0.46568627450980415,215.98909062032197,1.0
13.7726,63,573.401219,0.2783834790039953,0.017858787062671615,0.09273332981825275,0.2655962325258581,0.004870632435152545,-0.0019835272626846623,0.49470899470899465,209.2079611925751,1.0
12.970037,60,573.57582,0.2727740331468095,0.0438214489922119,0.0737763415680421,0.2799531241727541,0.02912942157720194,-0.0027829036857222474,0.4597222222222222,213.05979285452742,1.0
14.379942,59,573.714699,0.2707336431333083,0.016655393959126845,0.06262156229057057,0.278232206370207,0.002486117666938019,0.014290327017069981,0.45762711864406785,211.58146701631887,1.0
13.460934,57,573.856122,0.26573027513418324,0.02589761060240281,0.0679095634405431,0.28663340252575553,0.013929235582132124,0.004978828070806885,0.47222222222222227,210.50232105826194,1.0
14.56584,59,574.007487,0.27397759256438386,0.021130228158497383,0.07459721304035209,0.2785748596941919,-0.017579615145409237,-0.01994520454606693,0.442090395480226,220.38604644650155,1.0
12.021145,55,574.146168,0.26140837115429594,0.04201413004461215,0.06831218235374362,0.29239386263856,0.03271828188199827,0.02500997306865499,0.48333333333333334,209.02066783610607,1.0
14.69975,68,574.334809,0.29454930573159505,0.025493819676415563,0.07286998033035251,0.24941557123237051,-0.0006131528691582001,0.003295781789124244,0.4791666666666668,217.8074860282397,1.0
14.23771,66,574.494955,0.29299890350385954,0.030764034657170647,0.08664017052421176,0.25012808502394346,-0.007998324526697687,-0.024946030620948162,0.49116161616161624,224.37152641335652,1.0
12.632417,64,574.651158,0.28712377073076384,0.05250283359902232,0.07828219919367553,0.2619339657865191,0.01727608651936197,-0.001848947795409425,0.4687500000000001,221.0803666111563,1.0
14.251679,78,574.867472,0.3246661937734073,0.02799292838798022,0.07576163825249994,0.21291396130833506,-0.008937196863008244,-0.009381072350404756,0.49572649572649563,220.98631915655167,1.0
12.769677,57,575.007142,0.2716115055563297,0.032916420323206456,0.0900024849221267,0.2822707068048718,0.0069240443045008775,-0.0024481414141037925,0.4576023391812865,218.57151151643677,1.0
13.751426,67,575.168097,0.2960511457507682,0.0336102904861464,0.10515633040282468,0.24721881810759788,-0.02273371849204208,-0.009454348909814893,0.4962686567164179,229.1317227307721,1.0
11.282174,59,575.309295,0.27558395738273395,0.04997005148312481,0.09309437886142796,0.27731128182773385,0.033599586631405144,-0.0020777526669785366,0.43785310734463284,214.170052403002,1.0
8.232153,77,575.526602,0.3431175416611377,0.08953568787560857,0.09502286885646442,0.18887191928352845,-0.07028592420611804,-0.03330107856084027,0.47510822510822504,246.23598781575748,1.0
9.969181,75,575.703053,0.33305459973874946,0.07162228002295604,0.10632517331978905,0.19993230484097343,-0.05906547302453293,-0.019036277392375414,0.4766666666666667,245.9656065312537,1.0
14.607844,67,575.858092,0.29566742001235713,0.03344509809209346,0.06905443844568387,0.24939751794949905,-0.010364275230096675,0.01483375169924999,0.49004975124378125,224.30402788281714,1.0
13.650467,54,575.988144,0.2669203684235068,0.04492158668953078,0.058577581736865864,0.2837235445713926,-0.035858174095968656,-0.01378099895696543,0.46141975308641986,214.55645703670936,1.0
14.3683,59,576.139845,0.2775132509446183,0.04101787009324623,0.059987877960713684,0.26868078686442687,-0.03389490018071385,-0.009569838121861794,0.4548022598870057,216.5353424651987,1.0
13.962645,65,576.296313,0.29630530660934745,0.035272202146633055,0.08184196992164082,0.2428067566703382,-0.02992583349510677,-0.020318739075115735,0.47435897435897434,218.3017445569929,1.0
13.89643,55,576.417132,0.26380517949072013,0.03730580666751023,0.07735904274278292,0.2896548799681513,-0.03147401569120961,-0.011592158811053572,0.4636363636363635,221.07030366670222,1.0
14.27368,61,576.558644,0.28107106209009275,0.032375251614366454,0.08191721979904874,0.26922922858656123,-0.02529465311987602,-0.011901012473137143,0.4699453551912568,224.31132172719,1.0
13.682564,62,576.732184,0.2797380072707535,0.02495869240836069,0.09103079575557832,0.2661238441170469,0.0011248431575960598,-0.006008774136323113,0.48924731182795705,216.35184899415853,1.0
13.849383,58,576.870911,0.2691734400649077,0.03231445738204691,0.07139342558412919,0.2876665302756329,0.010093492944673715,-0.00837613487055328,0.45689655172413807,217.23713557124623,1.0
15.377234,64,577.019915,0.2805366752222173,0.028289505307789276,0.06558937099404714,0.2724419757500752,-0.018502109269136126,-0.012451256861418042,0.4713541666666668,222.42146002644486,1.0
6.884929,75,577.207674,0.34230347031848374,0.09996876074064641,0.09867185662735126,0.18735427065206336,-0.07670335321549376,-0.04083725874055838,0.4888888888888889,240.63198883497952,1.0
12.84352,55,577.355039,0.26273501210931777,0.021525119402356713,0.09654583449414142,0.2981980100210485,0.010195648824240695,-0.014526273440240144,0.4696969696969698,207.33653775364198,1.0
12.817428,54,577.487255,0.26228731811289635,0.032832385461108775,0.06295848328638161,0.29887760147395,0.010013131937498957,-0.00227016003427526,0.4537037037037038,217.7923680378274,1.0
11.787087,62,577.650738,0.28205789127909864,0.055241998611259446,0.09253532378596699,0.2685405642987468,0.02405393822228177,-0.027226296701873487,0.46236559139784955,218.59012764980287,1.0
13.365336,58,577.793497,0.27805860546920047,0.05833557373475098,0.07281722204892535,0.2682507174415422,-0.047675258815449574,-0.04015952925786679,0.48275862068965525,221.4431789117879,1.0
14.733732,64,577.963656,0.2880375460518169,0.028683689108561467,0.058876077131681345,0.25465495559659934,-0.023501866365863138,0.0007849811158310788,0.48697916666666685,211.38673963700168,1.0
13.82289,56,578.113526,0.2634364725035513,0.03227642959633354,0.06914727696402968,0.29155579548854016,-0.017523563563028692,-0.017992310956334995,0.4687500000000001,209.04767388971828,1.0
14.136897,56,578.247714,0.2698337207819962,0.018430829424933674,0.06899985358797531,0.2835716058269186,-0.01277345915846645,-0.026983621121239067,0.47767857142857134,207.90201312628324,1.0
14.389843,62,578.401267,0.277973332975022,0.043578062736293104,0.08221903454056306,0.2714060554921311,-0.032245483610052604,-0.03198313927337388,0.478494623655914,213.4100774981546,1.0
13.095978,62,578.557394,0.2806945225542135,0.04579772112376446,0.06995453409904538,0.26651455276864966,0.014962141715766231,-0.01197574230285609,0.4663978494623656,212.844363270979,1.0
12.931021,58,578.711702,0.2692196374489574,0.03555561076075604,0.0632485772221006,0.28555216764751895,0.018554014384826335,-0.012812210367659142,0.45833333333333326,212.92692820083545,1.0
13.11172,58,578.84953,0.26916801545728714,0.02938271321931448,0.09119657362769115,0.28616992814846876,0.008660050133401863,-0.029094760620822026,0.46120689655172425,215.45916363571584,1.0
14.408883,59,579.000208,0.2722656399832272,0.024600304063497776,0.07271409960944782,0.2808538994729935,-0.015714187300176586,-0.026027362153557693,0.477401129943503,216.6236663716458,1.0
14.135834,58,579.137795,0.2668561451139042,0.022798319996105137,0.08903687421252372,0.2919646988302238,-0.002344483358460016,-0.01538246676084402,0.4798850574712644,217.17746994698575,1.0
12.904093,55,579.270614,0.26354921619391747,0.03382956017606757,0.07178537870802562,0.29884201892474344,0.01025667614882987,-0.02477708216468644,0.4636363636363638,212.30312339757137,1.0
13.623614,59,579.441724,0.2727006222279124,0.023207358411134308,0.07366617309938799,0.2812072987734089,0.0006900207436675025,-0.016087419452541236,0.47175141242937857,213.6889242759691,1.0
13.872878,57,579.579334,0.2719898608829724,0.02180435961043788,0.07836098504558403,0.2843354013257026,-0.015870811921139937,-0.0371986809658232,0.4751461988304095,212.354114593945,1.0
12.857676,55,579.707189,0.26761987668012593,0.04172250263052311,0.09604439163703393,0.28462881733261963,-0.03400130096579842,-0.04235097353367613,0.48787878787878797,215.23991374926993,1.0
13.566596,57,579.842143,0.2715993611999331,0.050097916916980956,0.07068636973943032,0.2811425057653951,-0.04191449419944294,-0.019862579479099723,0.4649122807017544,214.81056508857702,1.0
14.073663,63,580.023472,0.2810335038094096,0.031609845399123614,0.09392020061129622,0.27225193243499596,-0.013424529866264556,-0.04793173155614975,0.48544973544973546,229.55084147577003,1.0
13.928226,56,580.167364,0.2639693974818957,0.02930212213096322,0.0710290453358137,0.2927563961746927,-0.0010775376965480503,-0.014717983941896691,0.47767857142857156,216.6472869706033,1.0
14.060065,57,580.313035,0.2672745482440332,0.04636910471393779,0.07715760050508334,0.29121147840383793,-0.03593928927352767,-0.019598486729086966,0.4605263157894737,216.80782802785313,1.0
13.789084,65,580.467655,0.2912431131446562,0.022501309744842737,0.09100881883327483,0.2510102003881752,-0.0062490850887829815,-0.025139774685396177,0.5025641025641029,216.8591924803502,1.0
13.72785,56,580.625273,0.27016933030876494,0.03773346115035593,0.09031350393166432,0.28309416520781194,-0.03390037837223657,-0.030592698968603723,0.4791666666666668,224.65034892728158,1.0
14.912516,60,580.772965,0.27015762258131465,0.014764963073148712,0.07288013419213656,0.2844091271784925,-0.007064552673874453,-0.00324964533633237,0.4916666666666668,216.60348301143796,1.0
13.120311,56,580.908859,0.2649123695300798,0.03226639474199731,0.07601532491009075,0.29025602920023913,0.020612362511092563,0.021407119251909513,0.45982142857142855,209.8845306156547,1.0
13.917832,57,581.057513,0.2642080733067505,0.0196271626539329,0.07602529605948793,0.2923828212280096,0.00297639030190599,-0.01834094565383434,0.4926900584795324,214.40059951028792,1.0
13.156542,56,581.186985,0.26618327169521705,0.04079815173255104,0.10872821248374766,0.29090145341415496,-0.033500218564987264,-0.030192705435761146,0.48511904761904756,221.72160821260678,1.0
13.434957,56,581.336292,0.2648632619842875,0.020571371839112,0.07947645584122483,0.28878912226869924,0.012395881524623526,0.009444035124454605,0.4776785714285715,205.83333368732494,1.0
14.526769,59,581.469642,0.2736320009042625,0.03967086260815924,0.07604820963335976,0.27886848967326267,-0.03337451637297953,-0.015195929830427697,0.4957627118644069,223.8277240620382,1.0
13.383423,57,581.604537,0.27424335965487456,0.038976924910055055,0.09650125107054548,0.2749044846969225,-0.03420267409587969,-0.043867907829104456,0.476608187134503,221.34939680224673,1.0
10.05585,60,581.746208,0.2792087154659098,0.06119247652572471,0.07593533432477524,0.2676123118309754,0.04174996891187055,0.003961244162161456,0.4708333333333333,216.4587918015139,1.0
13.877909,56,581.89944,0.2673167326425707,0.03282637911852101,0.06919622426955312,0.28444216202071865,-0.023290892629586665,-0.01229170085741461,0.49851190476190466,211.24895491472245,1.0
14.337298,61,582.045813,0.2794127070336092,0.05220361421118438,0.06982144513229965,0.2665325245801056,-0.04190189350611742,0.0068054676794303,0.49453551912568305,222.72817091539716,1.0
13.984172,55,582.175164,0.26369908387882574,0.03707920326812644,0.07815548580122104,0.29897831217263543,-0.027932086603370754,-0.009556482203070232,0.46212121212121215,223.12292849133678,1.0
14.675766,64,582.328705,0.2851808238204732,0.04425312014308318,0.07600316467217981,0.26209739966443535,-0.03700775720319456,0.0013448632520791392,0.4934895833333334,223.72886825240158,1.0
12.934166,54,582.459901,0.26635063028575656,0.023148539196150418,0.08449269303234583,0.2969842681786244,0.004265850332933797,-0.028730261533827076,0.4691358024691359,216.1816323385136,1.0
12.798437,51,582.612371,0.25739195797838016,0.020048600486599687,0.06983465302155899,0.3079773052327773,0.009686018408431718,0.0013693495982801923,0.4918300653594771,205.84629804507077,1.0
13.043641,53,582.744417,0.25816997407717845,0.0423112211991525,0.0780657480030548,0.3035144401659174,-0.023061525236162124,-0.0041197358378721035,0.5015723270440253,207.34167170567142,1.0
13.67696,53,582.87486,0.2616860372670408,0.04123845999552783,0.06298846324947206,0.3030713656686323,-0.02937974260961038,-0.005725228259082861,0.48584905660377364,214.2394780747512,1.0
14.431077,59,583.023508,0.27201450347806844,0.016300755451663842,0.06950284065750743,0.2769539506231977,-0.00582732452315046,-0.00616457939952698,0.4887005649717515,215.51871066605375,1.0
12.791707,53,583.171274,0.2575102806110742,0.017700516548401372,0.08493144462315487,0.303524108933971,0.007873262952791518,0.0007801745891207184,0.4937106918238993,212.89978851290155,1.0
12.794275,53,583.304308,0.2570613396917831,0.015056733462359305,0.08602242408614108,0.3074193390512432,0.0056379082109157845,-0.030078882252846065,0.48742138364779886,207.33997841136124,1.0
12.044797,51,583.434645,0.25875449110808496,0.047311991949009556,0.08288608956505916,0.29657228516382544,-0.03480305048066511,-0.01844967084157112,0.4918300653594773,210.7489583923035,1.0
13.436957,57,583.57435,0.2687104676323874,0.018448168313961472,0.10650443894236084,0.2843847937092355,-0.0065822008566861516,-0.013456728614127623,0.48538011695906447,210.16277153306632,1.0
13.372035,54,583.706737,0.2620309557168094,0.016187490751501794,0.09618415701936246,0.30155271916861137,-0.006978232957180473,-0.019502722289146686,0.48302469135802467,212.91295363705134,1.0
12.411964,59,583.872133,0.26942928550723927,0.03817549650276499,0.09528438168841999,0.2845386438912222,0.026575825607336095,-0.003677298687705856,0.48446327683615836,210.88153930430022,1.0
14.669843,56,584.019058,0.2635890374609111,0.021087566216273525,0.05600607973681345,0.29384443476857797,-0.00538889759040792,0.0020675562564296803,0.4970238095238097,213.17936127732114,1.0
13.342718,56,584.152769,0.2653312626566115,0.015698200991026395,0.08758429079543929,0.28905155198401217,-0.0005463843289315295,0.007379444505498648,0.48958333333333337,209.47579327042476,1.0
12.100817,61,584.300621,0.2906688263140997,0.07020340715869183,0.08295352690633188,0.2480899583106946,-0.05712828219977926,-0.03134385157623486,0.5122950819672133,225.697545933373,1.0
11.620193,61,584.471734,0.28691704544418073,0.08242740698269731,0.09416352726567577,0.25418471794546244,-0.06384600411623675,-0.027718002637209124,0.510928961748634,225.21090391079326,1.0
6.299818,68,584.638614,0.32766701688971855,0.11764693635991764,0.10081023069110265,0.2029326438558981,-0.09138952545176292,-0.048125753756414445,0.49142156862745107,234.71480259360106,1.0
13.548266,63,584.794343,0.2772343715498684,0.020641140524563884,0.10656959382332286,0.27498559120226634,0.006413815086382428,-0.019282726792101273,0.4947089947089947,217.3743670955648,1.0
13.839143,58,584.94015,0.2749756266715018,0.03683742510382651,0.08178440481020638,0.2724709127489097,-0.02836008499019415,-0.03573982195472359,0.4885057471264368,215.2532817998799,1.0
10.994095,52,585.069369,0.2661160861049603,0.07758864177777522,0.09254895840916738,0.28799707961990195,-0.05506171460183791,-0.03892469756942331,0.46955128205128216,209.19456338548508,1.0
13.711028,68,585.266991,0.3011480453015526,0.046550233580620035,0.07637517672366116,0.23887162043419938,-0.031107413205670224,-0.02762785050717973,0.4852941176470588,215.47893928685767,1.0
13.042945,61,585.417951,0.2839542783907676,0.05899935263111114,0.08969341984368316,0.2605066330029097,-0.039959236581857724,-0.03231757134877729,0.5013661202185793,213.1397548849409,1.0
13.401529,55,585.547671,0.2614330065592052,0.02265909628285525,0.06564225359933053,0.2994425603898873,0.016483980280415943,-0.013578560178701586,0.4742424242424243,214.6793287573997,1.0
14.328371,56,585.689074,0.26829908286567405,0.040310239985852404,0.058219098574913815,0.28730233940438865,-0.02595280886033164,-0.022519963762409435,0.47619047619047616,210.12952552477282,1.0
13.841344,56,585.854876,0.2670500401834156,0.012883808703027157,0.08855431902276063,0.28914715787800266,-0.0003713473468507167,-0.014414783868965378,0.47172619047619074,212.5697851456754,1.0
14.276095,57,585.992757,0.2659394039613683,0.03561790986431005,0.07090873796742607,0.28879857080056165,-0.02436756927586175,-0.0035004547675793088,0.5000000000000001,214.84797271485095,1.0
15.232922,60,586.135573,0.2695874834591412,0.026814534576214723,0.074506715437942,0.2855733405091159,-0.016227243135888855,-0.008108068368119788,0.49861111111111106,211.68845677793095,1.0
12.446373,58,586.272255,0.2789994814762166,0.06575696970193944,0.09707590968419266,0.268984207035544,-0.05013561810740185,-0.026992176257078955,0.48419540229885066,219.2160963459835,1.0
13.098552,57,586.427408,0.264677286190504,0.04080577414901136,0.06480180320176623,0.28769992054847415,0.03144635530521268,-0.013293663082485089,0.4780701754385965,210.93441178049764,1.0
12.74154,56,586.559289,0.2621905798120157,0.03373787439790742,0.0855244398613758,0.29777577211307654,0.027850818518268095,0.017242045103022925,0.4791666666666667,210.26494036664275,1.0
13.023846,59,586.706232,0.2738337752600769,0.02055827955064962,0.11587001931573838,0.27835708531992526,-0.0032258436253924526,-0.014030401191668257,0.4858757062146894,216.1609846432076,1.0
13.124936,71,586.88454,0.3071879017653215,0.060349177701440514,0.08453677302535799,0.23222872872747258,-0.03847346269630773,-0.0290692320172926,0.501173708920188,220.17772623412668,1.0
14.087593,58,587.032227,0.2710479103100586,0.017320566378172638,0.07006503128092915,0.28259542886579486,-0.0026374802020725863,-0.02379871278416389,0.4899425287356323,210.75213171540258,1.0
14.407219,64,587.215351,0.2886824227490357,0.04218768765769253,0.07116919047811465,0.2582372860443907,-0.03170824408451354,-0.01651823015117014,0.4895833333333334,221.29484990052146,1.0
15.082666,59,587.361254,0.2688361194774042,0.026832080676500513,0.0667897067065423,0.2859127277122157,-0.01721142750153386,-0.0045791151648250355,0.5042372881355933,213.53096810678824,1.0
13.128799,57,587.502033,0.27473075299685557,0.06280414905637925,0.06095609502211094,0.272987264370571,-0.04132274288160595,-0.014627453014269888,0.47368421052631593,213.04235038247307,1.0
13.233849,59,587.64278,0.27348579599838263,0.02786728575299787,0.05221401223493626,0.2754724177329085,0.020076772658340538,0.004993527843097948,0.4915254237288136,212.2703693341018,1.0
12.795746,54,587.794707,0.2685402239677242,0.05776501828655093,0.0772149100224549,0.28229795946468994,-0.042267771148897876,-0.04326347136537018,0.4814814814814814,216.0179387092842,1.0
9.026369,57,587.932706,0.2649161640767365,0.07723079358649501,0.09987834721325967,0.28530368046670107,0.06688966072373004,0.02562579827758943,0.47222222222222227,217.53680121997076,1.0
13.04173,57,588.074719,0.2678854031156834,0.022564571105675047,0.08770063841172815,0.2841820801924731,0.01746790217375023,-0.0026732989437425075,0.5058479532163743,212.62576183567222,1.0
14.142406,61,588.22243,0.2784973839652921,0.048617870996029704,0.08684142929298722,0.27219019272991984,-0.03746166136836491,-0.015628106768408135,0.5000000000000001,226.310579397,1.0
11.533313,55,588.380936,0.2621644243626407,0.03201397116650408,0.099595518967213,0.29380476234515673,0.02981300398595975,0.025494832581436925,0.4833333333333334,205.84508391599897,1.0
7.390173,54,588.508135,0.2853064554724781,0.11371563951318696,0.09442653486161233,0.25270358328569853,-0.08743270845777718,-0.00489242994929583,0.48456790123456794,224.27557140008662,1.0
9.27653,56,588.640885,0.2686869070782641,0.07689226438161409,0.0971386029519452,0.2820949952912967,0.06188847084535629,0.006308403017105081,0.46726190476190477,217.33764928190502,1.0
11.583035,58,588.790955,0.2829788204185613,0.0775087151447423,0.08194748484855238,0.25823228713129676,-0.055227186007251676,-0.020067002240866338,0.49856321839080464,223.56299064076987,1.0
15.118083,61,588.942041,0.2773383507070458,0.034500828896962515,0.06530449860286532,0.27183406310992053,-0.024056384101890645,-0.025427402451755277,0.4849726775956284,216.24318765255597,1.0
14.607051,58,589.111208,0.26718600928084046,0.02005257067174506,0.07064304213526518,0.2915451076866613,-0.006784592367441461,-0.028912999122922348,0.4784482758620689,215.3191319284352,1.0
13.113737,54,589.24362,0.2610246805254587,0.015682410669863863,0.07156719985273423,0.2979419094228189,0.010419386102151897,-1.6323329480124955e-05,0.4830246913580246,209.86868117696287,1.0
13.427274,55,589.374232,0.26634795341489026,0.028583793121591723,0.09313256548884502,0.2912564582844522,-0.012840803828606,-0.02147877042649289,0.47575757575757593,212.55076462478817,1.0
12.872209,58,589.511609,0.26804918427522956,0.032444464923371656,0.07638361281895581,0.2860505047337287,0.026693375529724714,-0.0038509643331844684,0.48419540229885066,218.69447993151718,1.0
14.618732,61,589.690551,0.27764586312472517,0.031054643376351696,0.07319466757014743,0.2743209380255804,-0.017965710497887057,-0.01084779978513748,0.4767759562841531,215.8428742904128,1.0
12.66827,62,589.839783,0.2800752167892406,0.04122394936349657,0.056339853332719146,0.26688119781028213,0.03444867672418793,-0.008577115706975629,0.4973118279569893,213.45691698615366,1.0
14.96399,62,589.996711,0.27905493741935083,0.026403739352322726,0.062264374448247395,0.2722605397337608,-0.011768588499625178,-0.0186436308673505,0.5000000000000002,218.04138962256744,1.0
14.195258,59,590.144587,0.27014860382918165,0.012977747889693487,0.07515827748502774,0.28469087214116745,0.004124730376646316,-0.0009864289754529432,0.5127118644067797,217.08552429386415,1.0
14.257534,57,590.287024,0.26453765766777504,0.01969488966954405,0.05765700266732146,0.29161507468981257,0.01366335536888393,-0.002431144494629178,0.48538011695906436,216.8091830149515,1.0
13.4017,54,590.436481,0.26631319670145465,0.033973514834583884,0.06474420559079429,0.2862979563926688,-0.0218205371991066,0.021340356915377414,0.49691358024691384,214.12195960729218,1.0
12.781326,54,590.566449,0.2651098585232052,0.06063852399898596,0.0749834893406857,0.29066120161514053,-0.04402172372150544,-0.03432119676797923,0.4830246913580249,220.18909580003776,1.0
12.913389,58,590.708047,0.26486699408114556,0.04693979250554938,0.08247167352270297,0.2938909965486076,0.031002148210699784,-0.021266639607621835,0.48419540229885055,221.84847737419017,1.0
14.409318,60,590.853555,0.27503624263664617,0.02618981153422039,0.0829464413525664,0.2772914862718462,-0.01060658948238493,-0.03733642495174553,0.4888888888888888,217.70021889106832,1.0
8.86184,57,591.012265,0.26932006209119713,0.08542203345708865,0.08904321924109343,0.2844504890494487,0.06563745456893755,0.001971506155623673,0.5000000000000001,225.304642077083,1.0
11.256902,67,591.18954,0.29618593593398773,0.06525456717492346,0.060415680958019434,0.24624641839908545,0.043299796828135804,-0.0029003148537706533,0.4975124378109454,221.86625240724842,1.0
14.769454,61,591.339373,0.2726776704924232,0.017185135250786996,0.06116070019863932,0.27934707205204873,0.011133892204108983,-0.01524471939174778,0.5000000000000001,215.83069392835552,1.0
8.852643,60,591.486896,0.27527525905555994,0.09253401781766074,0.09220872649329206,0.2750471155135277,0.0573143677245388,-0.017277609644652855,0.4736111111111109,224.7957213549184,1.0
13.575911,57,591.641668,0.264064442130102,0.027192765732655957,0.0894041761046876,0.2950384968161654,0.018663387173761477,-0.010154617717392142,0.5029239766081873,217.1572941757119,1.0
14.510461,64,591.802869,0.2839639460506426,0.013409436491151058,0.07067687329755216,0.26514180736696413,0.004565436218613614,-0.02589332707668393,0.4934895833333334,215.3499355643372,1.0
13.73126,76,591.991314,0.3219282342076773,0.025011779905949317,0.09451637453379179,0.22144980580493806,-0.016525180765597645,-0.030600106909459843,0.525219298245614,225.4454382178361,1.0
14.391755,72,592.163393,0.3095448929771846,0.03748353648364481,0.083719618658503,0.2345765891291379,-0.025163434786432834,-0.023020076437493445,0.5266203703703702,227.91152058720257,1.0
11.600428,60,592.324108,0.2744590950793256,0.06623579954672244,0.07204295531209579,0.2796316268909621,0.04366316434785143,-0.01929268893306596,0.49722222222222234,222.13412666812795,1.0
12.509278,61,592.476677,0.27454707105013154,0.046492631663908095,0.09173574898859749,0.27712022475309167,0.030123722244881322,-0.02778331528319625,0.4890710382513661,219.3567869251822,1.0
12.800689,74,592.651565,0.3158501236799194,0.03645732664968921,0.06539712161408708,0.22676080832678755,0.023581224139752065,-0.020872237252666903,0.5033783783783786,216.05593297948454,1.0
13.821719,62,592.803413,0.2828790064151972,0.03061938696361702,0.09225155849777292,0.2629864463313997,-0.017162723250107273,-0.02436713429784007,0.4946236559139785,213.61858269451116,1.0
13.888101,62,592.976191,0.2838039736722862,0.020000531618068567,0.09313481098222606,0.2629999659777268,-0.007788453129199884,-0.03564225773800481,0.5,221.46619485077503,1.0
14.205902,62,593.128835,0.28627141603250966,0.028479708023690167,0.0695201965081443,0.25561807101228284,-0.020269991635492264,-0.017152217280235645,0.48521505376344104,214.3445019417814,1.0
13.207197,59,593.273971,0.26883470689506395,0.02979698442127661,0.0820163554974072,0.2853269274883839,0.026449818460717138,-0.008410749963981242,0.4872881355932203,215.68033755999843,1.0
11.103764,60,593.416946,0.27688988263493497,0.06580000627547859,0.08019780249212714,0.27555010181055306,0.048182977458828186,-0.03507068097997249,0.5041666666666667,212.7616054041998,1.0
13.889954,61,593.579822,0.27585374004039187,0.02163016773483446,0.08463408494434342,0.276558676923782,1.4073032415211032e-05,-0.029906382252785857,0.4726775956284153,220.558547350917,1.0
13.835447,70,593.746508,0.3079339942679876,0.036706776529091184,0.08649377619207171,0.2347116836950207,-0.02868456874537698,-0.036970639458230065,0.4833333333333334,227.121020488481,1.0
13.817425,59,593.890303,0.26964277490111493,0.04242140970469971,0.06479907663974033,0.2831097216490524,0.023636286662046428,-0.012252056318834378,0.4943502824858757,217.55126660289545,1.0
14.202038,63,594.052627,0.2886954975390303,0.04463940096726077,0.07716795825079474,0.25671530867046455,-0.034255207639909746,-0.022815243120412918,0.48677248677248675,223.81572702908173,1.0
14.121805,59,594.216035,0.27604908990599925,0.022452999082537322,0.08094586616905901,0.2743072799604516,-0.013323918416591743,-0.04573767163093121,0.47881355932203407,216.23876555447063,1.0
14.73874,57,594.352566,0.26739916245267936,0.01185169777840546,0.06376169455369411,0.29050263274554566,-0.00258349290173503,-0.011854541964345796,0.4634502923976609,217.51227526603247,1.0
9.506796,63,594.510306,0.2876310547135338,0.07237925402420164,0.10257422613455723,0.25768728097308324,0.052685536354741186,-0.04112005515352431,0.4986772486772488,217.61757863181333,1.0
14.531089,61,594.65572,0.2765829735495354,0.020311199858234406,0.06794221319590604,0.27539602586477874,0.013355189683972939,-0.027881850387843368,0.4767759562841531,212.67958849202617,1.0
14.938005,61,594.809083,0.2746946046580738,0.02050539378180567,0.05770581659384261,0.27705927341283415,-0.007768966250502186,-0.012059089827881623,0.4808743169398908,214.89718434021458,1.0
13.79215,66,594.993918,0.2930534200879413,0.03286629646197463,0.10077363566772829,0.2521281354461741,-0.024244801142000665,-0.03635479812789119,0.48989898989899006,220.44711522121932,1.0
10.283054,68,595.161934,0.3012241728410329,0.056455364958207334,0.10300500261989855,0.2415751350759992,0.037588340151178415,-0.017938058931268538,0.4681372549019608,218.19685573050498,1.0
14.26015,57,595.305465,0.27077312223939265,0.029642786861530226,0.078776647988987,0.28270329742977185,-0.01898480814086013,-0.03758460270405018,0.48976608187134496,217.2248032018737,1.0
11.312451,69,595.481673,0.300057757491111,0.051549138549435984,0.09217205265163561,0.24310136571761287,0.036322879388620624,-0.028801432178978043,0.49516908212560384,215.17413230644365,1.0
14.051819,62,595.655253,0.28380269531952207,0.03583608964277213,0.08349768689724282,0.2643397358116821,-0.025420970259163025,-0.0445229825758045,0.4502688172043012,217.07484234230108,1.0
9.717573,63,595.806722,0.30284258037942874,0.09733207621286102,0.08821286886656377,0.23226707722615683,-0.0703020226038784,-0.023424170801825486,0.46296296296296313,221.7735956108117,1.0
14.906269,69,595.978196,0.2944856512280778,0.012608829562221507,0.08120085254032426,0.2567117662119183,0.00021732260160559888,-0.020434552898022897,0.47342995169082125,215.5240464544344,1.0
12.579104,75,596.176164,0.31927364499615485,0.06291206359626327,0.09176961279743505,0.22305114828856645,-0.0427282990492776,-0.049541656826233356,0.49333333333333323,220.57928299780946,1.0
13.812101,72,596.347537,0.3107965986025558,0.03740937123561269,0.09341481702538108,0.23315695105440545,-0.028767445966996034,-0.03808269454289341,0.480324074074074,221.47565024625632,1.0
14.827663,61,596.491707,0.2748514519662588,0.012895372262988872,0.08202773604484205,0.28094157092216826,4.030833262173451e-05,-0.022825678925410018,0.453551912568306,212.8410291799762,1.0
8.712323,60,596.631064,0.2785492290167031,0.09772903657177608,0.07736093475874538,0.2701688283400864,0.06830903353153008,-0.019525504542833447,0.4486111111111112,223.20937354628316,1.0
12.421077,68,596.807236,0.3053559090858013,0.06561339913329084,0.0999544735960788,0.2349149109474613,-0.05163265139142233,-0.03968714848357968,0.4754901960784315,226.51443388072886,1.0
9.296707,65,596.964359,0.28937457786246734,0.08477470146940991,0.08045822030051339,0.2563430323068991,0.05996052477669168,-0.033050546571012134,0.4692307692307691,216.0574538253173,1.0
11.288228,76,597.155811,0.3184338627500006,0.037395189160583084,0.1130275216375564,0.22592005336849716,0.023484286610148432,-0.019849468736359354,0.4890350877192981,211.97959280178034,1.0
13.760858,72,597.333257,0.30594177524536253,0.021443049550354164,0.09815557312711037,0.2392238141921548,-0.008989319869402199,-0.03689044472421361,0.45949074074074076,212.55928194688272,1.0
10.41995,68,597.51582,0.2961493024724338,0.06854915754503635,0.08709481550886854,0.24771592992581315,0.04823409441272623,-0.031552941273836115,0.4485294117647059,215.57508872380228,1.0
11.003628,62,597.667557,0.2811200399034176,0.06026281738313561,0.09550062446198414,0.26796073353006444,0.045156049296386905,-0.05398856936553827,0.4516129032258065,215.52855594742448,1.0
9.28922,65,597.820391,0.3079387115533924,0.10476739843049526,0.09732024619369717,0.23049042496391786,-0.07270067848496102,-0.01490316511118432,0.44999999999999984,222.93379893625485,1.0
12.215384,68,597.987442,0.2931176676767584,0.038476976496286557,0.11121094912595066,0.25667545208981524,0.022961809296039214,-0.04914294524236183,0.4558823529411764,218.06839063446057,1.0
14.107706,64,598.256858,0.28904397504460827,0.03794218621372087,0.07674393299618613,0.2553070408856367,-0.022522904735163406,-0.05136273412742561,0.45572916666666663,212.68883541940684,1.0
15.057574,62,598.421396,0.27822643292849975,0.03514172262224689,0.07547587247333938,0.2757428148562305,-0.020601500855502445,-0.02864636825817286,0.4462365591397849,220.18653104140006,1.0
1.061836,55,598.558305,0.27555139671025936,0.15387450437544206,0.09496526303476825,0.27354026330253184,0.114473107594537,-0.01699908041523681,0.41818181818181815,226.34010931820623,1.0
12.25535,68,598.732202,0.2956088040135713,0.04626096835949459,0.10056468221782443,0.25167987525991775,0.02574260425375765,-0.046412572040958666,0.4558823529411765,218.49550121885466,1.0
13.49716,58,598.902164,0.27084305707719725,0.020248489801162575,0.09918276834870604,0.29118503837728943,0.011143661201928078,-0.03328997757926195,0.44109195402298856,216.7523013842312,1.0
15.061682,65,599.065012,0.2868718729575998,0.016671873030764377,0.0784997119814056,0.26122502992314783,-0.009505681687486127,-0.02950649738379035,0.45128205128205134,218.8769958760001,1.0
14.072291,69,599.235409,0.29763206331015013,0.013935798209863529,0.09920327090020162,0.24846785675506708,-0.001690037826825387,-0.04062238268451087,0.45169082125603854,217.76867468291778,1.0
13.938102,64,599.384292,0.2866062659935277,0.017444997096988865,0.0727407113970174,0.258659506776424,0.011550359884257249,-0.025284665341532304,0.46744791666666663,208.52284544332622,1.0
3.677928,69,599.573913,0.34917137559920475,0.12462376545412493,0.08498287013183839,0.18152875265588816,-0.09196470371005346,-0.043997782928489514,0.4432367149758453,229.47098461716888,1.0
13.914568,61,599.721883,0.281246019045394,0.024412242725241836,0.10072024116047845,0.2705339304037207,-0.014417836740602813,-0.03863774108772533,0.44262295081967207,215.9889722582104,1.0
13.699274,63,599.871815,0.28555194110537835,0.02363258979222242,0.07961189470753811,0.2604684001437739,0.01554899024556054,-0.03139233298237018,0.4497354497354497,208.38296598078594,1.0
12.511153,71,600.04689,0.30978720529264375,0.057980516034736154,0.1031875609815618,0.23356363754717474,-0.03780997697244551,-0.037783899072080795,0.47535211267605626,217.036013274193,1.0
11.417973,58,600.652734,0.273817219746617,0.0526968461474066,0.09256867862936224,0.276197415422681,0.03628594134959731,-0.04310912120947962,0.43103448275862083,215.03721557817565,1.0
11.563384,64,600.811433,0.28416388850157814,0.05935258217411402,0.09351254100208542,0.2657356655985516,0.03960412904504556,-0.027949505257426243,0.4596354166666666,217.44346591532118,1.0
13.44071,56,600.953583,0.26504938200178463,0.026715525004071497,0.08780444985047861,0.2965446496456608,0.016434926159704953,-0.03709522654386703,0.45238095238095244,211.27134605664511,1.0
12.0197,69,601.123872,0.3081362232276721,0.0652048109939928,0.10601967557599563,0.2318103688480612,-0.04846561809057331,-0.04007966012859037,0.4746376811594204,223.0015298611843,1.0
14.131401,59,601.299477,0.2667828483609467,0.012479147297955226,0.08688213139072853,0.29094867772806565,0.006032829731939519,-0.037325960344817506,0.4533898305084745,213.4060754721947,1.0
14.438386,61,601.449775,0.2767131739081032,0.02439402092642046,0.09716747921683255,0.2777948885673007,-0.015179453877430006,-0.050373379297912385,0.4685792349726776,223.04494039098478,1.0
14.377088,60,601.598017,0.2736543700125748,0.022303039402274905,0.0972331069365647,0.2816628630873173,-0.016768869116099223,-0.04061810510108251,0.45833333333333326,215.36259305448485,1.0
14.496483,68,601.768262,0.2952255200428576,0.021578588803896067,0.0977008154492541,0.24960185303806834,-0.012747619390038458,-0.03724992888298705,0.46813725490196073,219.09469369637222,1.0
14.190677,63,601.955778,0.28327124248003654,0.024121683517225528,0.09422288548450798,0.2650901932055942,-0.016546915967448648,-0.035008790159759016,0.41798941798941797,214.9043951556802,1.0
9.948774,63,602.107694,0.29580943008512345,0.10025485008492825,0.0973488613428057,0.2437723247422716,-0.06886739060142787,-0.05787924156934511,0.4457671957671957,213.95000558584252,1.0
10.481759,56,602.248942,0.2665714184308227,0.07022722468658549,0.07305163393398365,0.28761930745335684,0.055356691832283686,-0.03055951511998745,0.425595238095238,217.34396235536096,1.0
13.640028,67,602.417549,0.2901805047277249,0.02922174432377984,0.08546040808397316,0.25869624524837526,0.022999351666586825,-0.02521283547616961,0.4465174129353234,213.7803891968085,1.0
13.992547,60,602.587672,0.27077405220900935,0.028685279039672253,0.08436722288907285,0.2854227469594442,0.020710080614213106,-0.03474226116929217,0.46388888888888896,212.71195886561193,1.0
10.872006,61,602.740876,0.2849327949321634,0.09462570906115246,0.09683982425761926,0.25800270321528535,-0.06731691700017317,-0.040675642683368374,0.44535519125683043,219.54716017865297,1.0
14.074998,63,602.896224,0.2868708150307293,0.016923975107115585,0.09757727295070785,0.26251669989972437,-0.00931921001741046,-0.03993318657029029,0.44973544973544965,210.60966580087907,1.0
13.186083,60,603.047455,0.27538550646330195,0.026863028896138213,0.09176310305946776,0.2757559348897965,0.021069262510385267,-0.0488127561592385,0.4513888888888888,213.02703634131285,1.0
14.19332,62,603.222426,0.2795082366809436,0.012828938179131433,0.08645421443445145,0.27172577566252104,0.005279639455885795,-0.035553313065418014,0.4435483870967743,214.18225667688054,1.0
13.343008,59,603.366305,0.2712193675835581,0.031989643850535265,0.08984122294320722,0.2843383821919553,0.02024457584040932,-0.012330335064835631,0.4505649717514125,212.41502475121266,1.0
10.815106,55,603.507175,0.26466745865345215,0.060823042194462176,0.0726794048306106,0.2892057242857023,0.05346343217388434,-0.04600845967256673,0.46666666666666684,209.4978171190927,1.0
14.276178,63,603.669892,0.28070830847690187,0.012445716046129455,0.09141106182878321,0.27331435964604256,-0.0004992046564689116,-0.040583747769737895,0.46031746031746035,209.71901801588143,1.0
14.255961,64,603.824946,0.2832249890648194,0.01643810246693171,0.09407785533680024,0.2652347628220631,-0.004092937921222498,-0.03227217749467435,0.47005208333333337,210.24010130460238,1.0
13.477178,56,603.989742,0.268914773881474,0.028915505100575833,0.09212497547111123,0.2860916164625556,-0.013620953495371449,-0.05441156418395203,0.44047619047619035,207.5439875291998,1.0
14.735849,61,604.14618,0.27736944207916525,0.020866983904133014,0.0849959701721148,0.2756531989259213,-0.010668307840868417,-0.03605165848470616,0.4508196721311475,218.94189521569947,1.0
14.111465,58,604.296803,0.2687725205161534,0.01489519060571241,0.08670758069186675,0.28647845487736096,-0.0030592237316498117,-0.038170788018794775,0.46264367816091945,209.62146597809294,1.0
13.401841,56,604.443775,0.26438219860612955,0.021353673948591778,0.08159853215314636,0.29193128973307136,0.017133173833181106,-0.026014253277614953,0.43303571428571425,212.03100801985107,1.0
14.586532,57,604.608927,0.2681169981713366,0.020810730332463244,0.07458191348918077,0.2922123544535316,-0.0023598426911429654,-0.028060731980009638,0.4502923976608187,212.5557456014783,1.0
12.830013,57,604.755867,0.2670796042540768,0.03210708187984343,0.08532284300245789,0.2888769902279196,0.02702256300663683,-0.04311991999270358,0.45906432748538006,213.83566749978877,1.0
9.588091,65,604.91849,0.2901986006652053,0.0788053917347507,0.09747518796867434,0.2540927220317977,0.055239061965053765,-0.030389503725578287,0.45000000000000007,214.08812541726476,1.0
15.484968,64,605.074401,0.2862030870602596,0.026005914572018774,0.06818691839990365,0.26214467841847566,-0.018258460497238404,-0.007278001505937239,0.45572916666666685,214.79611786475857,1.0
14.01445,60,605.262814,0.2756234334060506,0.01092673551032962,0.08376181016571728,0.2759213667531094,0.004761788816407126,-0.03415215028012771,0.4527777777777778,213.11385167560744,1.0
11.8482,65,605.426798,0.28853503013080245,0.049006182557749065,0.09017856123556296,0.25700795369938245,0.03233539869786566,-0.021891605991184074,0.4397435897435896,215.34214876344197,1.0
12.540484,58,605.569885,0.2704585052888861,0.04379676226665152,0.08423419130862687,0.28419334404609947,0.030403321462318646,-0.04298131297664995,0.4454022988505748,213.42476365356256,1.0
14.149329,62,605.717261,0.27795076252213335,0.020978799949981204,0.09833120186017087,0.27806278525783484,-0.004967350409930591,-0.03764953981251313,0.42741935483870974,217.3109115127252,1.0
13.428061,67,605.90283,0.3003824085532336,0.03314109032288041,0.10324192563979526,0.2436126971861594,-0.02236997497111966,-0.02780275981037457,0.4626865671641792,225.18817620770028,1.0
13.934525,68,606.068116,0.29690933947719267,0.026131932535961952,0.09878198006994245,0.24911395979211204,-0.010324838511596464,-0.04603314115906096,0.471813725490196,210.26179477481517,1.0
13.845683,70,606.245335,0.30764823593282997,0.030952975512464925,0.09150420373346559,0.23388120603009754,-0.025185142552876915,-0.03999061604813035,0.47738095238095224,218.31619236252413,1.0
8.464122,56,606.392304,0.2659689996747515,0.09790684616550892,0.07687933587391986,0.28769540865279913,0.07429046732317053,-0.031081097761816955,0.44047619047619063,220.44761245276257,1.0
14.208101,66,606.577075,0.29455856934833924,0.025496232784053715,0.09516923918659569,0.2534984866402705,-0.01543561096404509,-0.025271308481014353,0.43560606060606066,217.3934216135239,1.0
9.310344,59,606.718458,0.2765742586026575,0.08328156819537386,0.09718338197113505,0.27269700109776623,0.05567917917135336,-0.054580806705466646,0.4124293785310734,221.06384533616574,1.0
14.595921,68,606.892,0.29822233467586323,0.032029456056568394,0.08557596002897402,0.2509977238979072,-0.021728049507042387,-0.03668219107408343,0.46813725490196073,215.7432783540837,1.0
13.349372,64,607.050259,0.2947285396719964,0.050996622353663326,0.07671341259438119,0.2470190385867059,-0.04172926887718613,-0.03546236455916203,0.45312499999999994,219.08864930125742,1.0
11.851794,63,607.226357,0.2855288353857095,0.04799590253800823,0.10857637350844307,0.26083634152694146,0.02077301096016841,-0.02907009433508891,0.4285714285714285,216.39760201753697,1.0
14.207386,71,607.399188,0.3044976197312574,0.030154300189674157,0.07780304488536273,0.24526583698971663,-0.0002486094184030135,-0.026790809002189827,0.44483568075117363,220.96252914919754,1.0
14.139363,57,607.539613,0.2681745229411353,0.01664467768967093,0.0855142601122759,0.291199136989767,-0.007667597230790035,-0.020733346494098068,0.4137426900584795,216.27351109585203,1.0
14.923606,61,607.687253,0.27666737298286276,0.018425302494886376,0.07753104893932758,0.27622267222997743,-0.01378647863353206,-0.019476319774922136,0.4467213114754097,217.19306394868144,1.0
13.856197,59,607.843838,0.27090561412885594,0.029515633027993832,0.05803955592256802,0.278934458411472,0.022308970622087327,-0.036119147163782936,0.42937853107344626,211.98523041594268,1.0
14.170833,63,608.007594,0.2856365529897976,0.026338863463355153,0.08617953953126392,0.26117798405064546,-0.015499508074512176,0.002582525074997409,0.42857142857142855,211.9056796705748,1.0
14.97724,68,608.171921,0.2955612209157655,0.02539813164980928,0.07689701283910923,0.25026590093917256,-0.013943275167450734,-0.01973048727950249,0.42401960784313725,212.9729419350502,1.0
14.237944,61,608.321786,0.28316142837122626,0.0251729530650229,0.08137463949742142,0.2652240176872671,-0.018472056159562517,-0.033598273173207696,0.4289617486338798,216.9334488531526,1.0
13.475503,62,608.477583,0.28242043671335426,0.034050931391576306,0.07277827377913096,0.26885887684578413,0.015496918026587776,-0.04588140294423108,0.4274193548387097,216.66472838927893,1.0
14.175994,57,608.625537,0.27263919385472407,0.023514428990873023,0.061109286351731025,0.28276606981690483,-0.015432680681253889,0.004313977592744053,0.3903508771929824,218.35299173575444,1.0
3.778232,87,608.835539,0.38944345277660375,0.0890258948314,0.07386164574357344,0.1368410407761199,-0.07022007106797026,-0.03054302232683695,0.38888888888888873,241.97762977415408,1.0
14.802712,60,608.982547,0.27678860539189887,0.03218002632253842,0.06080852327150728,0.2758198291205506,-0.02473814431726414,-0.004862038390773276,0.4249999999999999,219.36168890029847,1.0
12.500073,63,609.150449,0.28364803630839036,0.03657824861978927,0.07181677029061131,0.2638557083041808,0.03054942850836038,-0.0008152344333980363,0.4166666666666667,212.75571005653035,1.0
14.42428,59,609.300473,0.2808389316760025,0.0335027472144946,0.055360413728100036,0.26443312679911257,-0.025057901036758878,0.005658477255662716,0.4053672316384181,216.75736131452697,1.0
12.451619,55,609.432795,0.26267459071293076,0.03853759372784561,0.07441808106307009,0.29709196038269625,0.028403704888245528,0.027258425721320322,0.40606060606060607,219.2752176731249,1.0
13.896233,67,609.600727,0.30384240751998465,0.05008129099285964,0.08421809823972204,0.23853594228519873,-0.04014713380143778,-0.039756520991780946,0.42412935323383083,225.95876500806497,1.0
14.684711,66,609.779668,0.2929350890758528,0.02845813200901695,0.06991811400791367,0.25154300609038566,-0.008222056815800599,-0.007295238542123079,0.3964646464646464,219.16021650237204,1.0
-2.291767,53,609.917214,0.3463367201732566,0.14123854478399875,0.12045221766571042,0.18969243515415457,-0.11854391178189726,-0.0685932085236038,0.3867924528301886,215.7017307020466,1.0
14.148411,62,610.073641,0.283787030414479,0.018575914808307864,0.06984318677874511,0.2668689073208198,-0.00017404046727874741,-0.018104033638754565,0.39919354838709664,217.18241726292186,1.0
13.96889,64,610.232327,0.2862818879968162,0.0169138254483341,0.06639610277766479,0.25876749818729117,0.001783262151978697,-0.0018758874860346727,0.3893229166666667,213.29354274266072,1.0
9.4491,78,610.432455,0.3280367070167911,0.06725282890168706,0.06968831070092517,0.2114012626840025,0.03879617248062859,-0.011255639590042702,0.3985042735042734,214.87743693001306,1.0
8.038684,60,610.572965,0.3076276340939752,0.08731988856128063,0.11639508588738966,0.2318377722249304,-0.07385974407062666,0.014906230596399962,0.3680555555555556,233.58078654936793,1.0
4.649391,67,610.734303,0.35030126804945894,0.09060931482127893,0.10063778181105601,0.1794885911664328,-0.07932091490486166,0.029620472442134258,0.37189054726368154,233.77565973886817,1.0
1.418033,51,610.856706,0.32706318909140625,0.12466252353949317,0.09297673789979749,0.21077094874151517,-0.10343781753615906,-0.036645000663361696,0.3660130718954248,225.21990494815162,1.0
-2.63276,68,611.02562,0.38175516154316547,0.126293143314246,0.12043080691989407,0.14883900149461593,-0.10259511138663885,-0.03858753370105011,0.36887254901960786,209.73384150209012,1.0
13.257713,67,611.200551,0.30218004556858846,0.031541722576654704,0.07979060817911868,0.2434129227753546,0.00967303929291554,0.011649540938613276,0.3942786069651741,222.1037292889922,1.0
0.839562,81,611.396462,0.39712266538159,0.08435418509684038,0.08965325306501017,0.13359783628642086,-0.07477773906620329,-0.03553882533907311,0.367283950617284,231.67887519819752,1.0
10.45667,97,611.635577,0.3726054127892375,0.05519692357331281,0.0856594501995386,0.15683833916854723,-0.04195021853245993,0.015510043518506903,0.3805841924398627,237.66216098070174,1.0
9.450282,64,611.810947,0.31671734751075764,0.077135564688233,0.10233649362346343,0.21744544704899144,-0.06412211932535407,0.03550636223787508,0.37109375,231.57036494685616,1.0
13.346774,71,611.990087,0.3161372365752943,0.04990747317457577,0.079729141092047,0.22272397707306962,-0.03852329119603599,0.03288271363024336,0.37558685446009393,230.32253453801098,1.0
12.605865,96,612.22749,0.3660095192202669,0.030356139913632816,0.06199522236354581,0.16926060281105668,-0.008404487769696956,0.007041950929420233,0.390625,221.1683015082373,1.0
4.108355,66,612.412389,0.35926450766011025,0.09754549062775152,0.07100094827991509,0.17218664099512992,-0.07907345154258962,0.00501964820549471,0.33459595959595967,224.4000423449696,1.0
2.302373,113,612.692794,0.42496898066876143,0.06306695510213448,0.06312892898546003,0.09795902940947869,-0.05135753912483546,-0.013963648433820714,0.35914454277286123,233.94146868214722,1.0
11.271128,115,612.972993,0.39034870784846754,0.03267474724372164,0.05601344740377472,0.1441554755901238,0.0013841348906409882,-3.79139829928951e-05,0.37391304347826076,225.20049253458518,1.0
2.848934,69,613.157944,0.36577289006225433,0.0977377164584561,0.08151675424876932,0.16163882037438482,-0.07887218749537353,0.018050144384856297,0.3586956521739131,222.34448859049496,1.0
13.77569,67,613.317362,0.3035118797413436,0.039858601341817686,0.0848033038642064,0.23488021495165096,-0.031437432939450206,0.039688556719068596,0.373134328358209,227.51249898008956,1.0
1.379299,86,613.526767,0.404472648360467,0.08156307725838817,0.06059524800796843,0.1263411707676288,-0.07003408266215151,-0.010708200038386862,0.37596899224806196,237.92730733292308,1.0
3.291123,67,613.703984,0.3650251652066643,0.07690935132785025,0.08968957148130413,0.16694094818920763,-0.06877924006243546,0.013316352582412445,0.35572139303482586,233.9092356219796,1.0
5.66359,68,613.862462,0.3484876295422758,0.09658422669220278,0.07625324632394237,0.18543076037624068,-0.07987527460710192,0.038031777379601,0.3492647058823529,235.9226725495808,1.0
12.455769,76,614.04243,0.33795939590296836,0.03776746465564798,0.06460753545710506,0.1977934317601979,-0.02562572615701065,0.021814349592407366,0.35855263157894735,232.05745352485658,1.0
3.371404,142,614.403256,0.43392498447317407,0.04327803392186539,0.06760806071193638,0.08527280035073857,-0.033382395756939555,0.010499793684710794,0.3497652582159625,243.18247191666842,1.0
3.719011,125,614.693984,0.4226817833719412,0.05138952478976575,0.08396040096101118,0.09870627793299114,-0.0409088186827956,0.029665943651954876,0.36399999999999993,235.72844271213833,1.0
3.857702,80,614.910315,0.3822933021311908,0.0710504659409335,0.09297418235152811,0.1470866944152584,-0.062359202863731825,0.029392844530794972,0.359375,241.53896848798058,1.0
12.302796,78,615.090978,0.33649931415018375,0.03694731948983623,0.10154989635064166,0.19775418172159515,-0.023114516438404484,0.04163106197344781,0.3611111111111111,220.27421381156884,1.0
0.582459,62,615.241246,0.36858415880292006,0.10806266123651667,0.08213248177952345,0.17031212444890093,-0.09208994825218149,-0.01490952866613722,0.3723118279569893,225.2554621378497,1.0
3.331296,83,615.438451,0.39482586302771516,0.06888769136586037,0.06369700578227575,0.13285585182856685,-0.05988528166130768,0.014046744404877767,0.352409638554217,233.92518213401877,1.0
4.562133,101,615.708958,0.4075734168090266,0.060319022091818435,0.06307965816946136,0.11986317250588154,-0.050511653145015864,0.011147583778560566,0.3572607260726073,242.17847739928618,1.0
-0.176378,64,615.865691,0.37947839085432794,0.10730586222021528,0.07093496840954079,0.15478344814614828,-0.0936773323720301,-0.01890149208013092,0.35416666666666663,215.02450020513075,1.0
-0.41175,65,616.024726,0.3815115973284112,0.10835466547968352,0.06862865516762445,0.15143492273013642,-0.09247611521345198,-0.032415503266160876,0.3564102564102563,216.4813730242471,1.0
0.051651,55,616.205463,0.3498286471926117,0.127130172473696,0.0723580061111278,0.18793739274578078,-0.10720431379539451,-0.012405789172986079,0.3515151515151515,225.26553397276223,1.0
7.058083,112,616.494847,0.4035071900471976,0.048247146394276935,0.08099314284147356,0.12083521970339131,-0.038360952880487784,0.02542484383277041,0.3482142857142857,237.6656585140791,1.0
8.143491,86,616.704034,0.37163668796634725,0.043904713227135336,0.09630564572825596,0.1571176587139504,-0.035825005290071245,0.04419601308923744,0.35465116279069747,232.00244468929728,1.0
10.562621,68,616.913691,0.3243994491202154,0.06428155402969297,0.08149711402745762,0.2148942885958241,-0.05243855107711622,0.04833486395285286,0.3566176470588235,236.7382700077181,1.0
10.662461,95,617.149596,0.3687091544685635,0.04321091685006308,0.09474077071564273,0.1615206284938816,-0.029401773042466467,0.041096506309642594,0.37631578947368405,233.02496207422845,1.0
0.691127,64,617.311563,0.3759567004047051,0.09311690762385999,0.08250154714869071,0.15912572419743717,-0.08188523507404838,-0.013863847170764812,0.37630208333333326,223.960303228382,1.0
12.217198,78,617.5005,0.34011376617574807,0.04145507968643752,0.0834771397099733,0.19447068555658825,-0.02921417050358194,0.05226124914609118,0.35149572649572647,232.16475599881102,1.0
1.742034,88,617.748509,0.40231026984887486,0.07458966236397657,0.08748836706994732,0.12670332369239604,-0.06489005261196697,-0.024447979093811148,0.3626893939393938,242.75473713683456,1.0
12.504185,105,618.005989,0.3759870409021833,0.027947870251659162,0.07644665345980958,0.16036502415255807,-0.00479886883919749,0.021403567429250942,0.36666666666666675,230.39863102770354,1.0
12.01402,69,618.177664,0.3212309310919711,0.04707597622112425,0.09281265706977943,0.21737071091611818,-0.03945885029490378,0.029588102138190096,0.37198067632850246,233.08633700613487,1.0
13.877814,65,618.372351,0.29181985208296696,0.03276039271005082,0.08252089112221382,0.2578564025599363,0.002058782838460648,0.033074048656357255,0.3551282051282051,227.0320415058816,1.0
13.470796,112,618.648304,0.38259046407449016,0.03268432282176673,0.052322064668703455,0.15172942445419196,-0.016868444028131698,0.016816483126934675,0.3467261904761903,226.07121750043754,1.0
5.738304,62,618.798648,0.33079303616689565,0.07280247022607654,0.12145600464909843,0.20299143335295422,-0.06475248212702304,0.04100295150871811,0.37768817204301064,237.21702192519456,1.0
13.846062,67,619.000944,0.3001167736554857,0.027440086121646178,0.08298854134730402,0.2405617555156209,0.0014667227151642153,0.04000704342915814,0.3532338308457712,219.54075858762803,1.0
11.119433,99,619.251767,0.37245310407591214,0.03901612814896138,0.08002419907861204,0.15658852934093384,-0.01988402422287416,0.03076231581302897,0.35690235690235683,214.10317771983793,1.0
10.255765,92,619.475909,0.37261641762809167,0.05161394143293935,0.08145937025475739,0.15737756313936027,-0.04220788041755376,0.02862358780492992,0.3686594202898551,242.35291911058576,1.0
13.053008,67,619.663946,0.3005790672404847,0.02744379427553219,0.0827836505629843,0.2404161597537391,0.0018943328296520993,0.02458162944842242,0.36194029850746257,220.21114394714846,1.0
13.505598,72,619.841316,0.31070547318538844,0.026792553267078814,0.08394501540337676,0.22944917861743747,0.004104150020404131,0.03313224262195483,0.3877314814814814,217.94100169610618,1.0
13.332179,70,620.016483,0.30331761080343067,0.032252136268714524,0.07491012671294221,0.24236828985082357,0.009030240414098705,0.017922100622546892,0.37261904761904746,223.67010322870644,1.0
14.303263,65,620.195449,0.2938981500738183,0.04567116193237035,0.07757575979431884,0.25079161399205524,-0.03198265543533102,0.045342072550176964,0.3615384615384614,219.5636858593807,1.0
10.428506,90,620.42784,0.35577887099923694,0.046953837234625116,0.06134521079804654,0.18155673528038968,0.021115250596155353,0.014009092741104975,0.36666666666666664,221.18478396002666,1.0
13.193775,79,620.62329,0.33607006299840797,0.03699969683550724,0.0798592674290671,0.19989620950331163,-0.025661892945438643,0.018009495487846805,0.3723628691983122,228.49766397544536,1.0
12.095421,101,620.89047,0.37838138553162115,0.035910137501616396,0.07396453931736237,0.15315800519060221,-0.017982129038714566,0.006241159787068433,0.363036303630363,239.39677030052258,1.0
0.220455,66,621.056691,0.37260432174174973,0.09404878114236401,0.1182006910254194,0.16532029209123883,-0.08356107490418328,-0.021343869041657353,0.34974747474747475,240.09138581356598,1.0
11.941513,84,621.263693,0.34868632245057485,0.0641997902137697,0.06807027490478673,0.18374436119627047,-0.04724112497524204,0.003924564658103073,0.3819444444444445,230.4846540328405,1.0
14.108033,65,621.426236,0.2905161395638554,0.03095193471548748,0.0682431792305458,0.2587818408246951,0.011489159851163295,0.018973841394020575,0.38461538461538475,223.58627008862283,1.0
11.666904,102,621.697913,0.36979173894290585,0.029158319618408767,0.07850635536768653,0.16839849026393144,0.004179588041572173,0.010669662943267075,0.3880718954248367,218.83746484733143,1.0
13.423774,74,621.871701,0.3213657886390567,0.05018449229564393,0.08136204165441914,0.21740582137136044,-0.038843284744397896,0.017708404194380384,0.3896396396396397,224.623034735558,1.0
12.407874,60,622.015455,0.28993340484907104,0.05071816894493337,0.09111302341894152,0.24776564421576702,-0.03851301005648681,0.03727349680279705,0.3805555555555555,222.66318636781497,1.0
12.917115,60,622.187312,0.27486214334097103,0.04158813701555154,0.07820230448832384,0.2775348817706165,0.02420950774681403,0.01423600980943947,0.3708333333333334,223.56544338122455,1.0
14.147792,66,622.348206,0.3011331561963834,0.029397333108918285,0.07357554156053965,0.24057709108868805,-0.017679899267811754,0.006994278797208114,0.3762626262626261,220.5248434342491,1.0
13.549069,67,622.504643,0.30848457366506676,0.04993811758162694,0.05718638854341044,0.22994421566068363,-0.040971917652750475,-0.0073471953020727045,0.36442786069651745,227.6056811433104,1.0
14.15292,69,622.669075,0.31054878285125004,0.03072420987970097,0.07554949264418723,0.23213702238728745,-0.02169987447323206,0.020810889936684257,0.37198067632850246,228.94651953207503,1.0
13.340348,63,622.841547,0.2806697804915417,0.02530035741721735,0.09315738398275444,0.2688749892417824,0.014564444994237606,0.0269426898214491,0.3822751322751324,216.3793060874364,1.0
14.503311,63,623.003364,0.2877624449696854,0.03523234042602453,0.07273531009916952,0.2584640701571598,-0.02569404150647901,0.02087919241284038,0.39550264550264547,222.59759549474873,1.0
13.353577,70,623.168685,0.3117989276293811,0.06370140580678402,0.0649471250245063,0.22591727001754494,-0.045764194836816444,-0.006626168032086508,0.39404761904761904,221.66869454954298,1.0
14.643787,63,623.326539,0.28210931276885026,0.018565270576266394,0.08353480471287934,0.2714828059386366,-0.004026615539593982,0.0157780239304667,0.3862433862433863,220.1946912128093,1.0
12.664369,61,623.505876,0.28363151880873244,0.04266477380318913,0.08021737432844563,0.2679913714639164,0.011670378304606531,0.018405881707133143,0.3688524590163934,228.12094852235074,1.0
9.95077,60,623.656852,0.29580655563980973,0.08897356285191674,0.10376854325303676,0.24179011057935243,-0.06702194300245432,0.009981794574417028,0.3791666666666666,218.05028616352402,1.0
15.53192,61,623.815444,0.27580287583891555,0.02179676400322701,0.05652027238270438,0.27896269447245614,-0.004456903444240938,0.009923177904342264,0.396174863387978,221.3034853463888,1.0
14.117978,62,623.976142,0.28211409388401804,0.03275530272551176,0.08824423801570647,0.27311343172146085,-0.002374163817772248,0.014445817627997928,0.3991935483870967,225.14010118193605,1.0
13.116216,66,624.167542,0.29686590822652165,0.04078511802456175,0.07231335764816663,0.24804614534991554,0.016348967379379294,0.01492978316670733,0.3838383838383837,220.99060697368628,1.0
12.671802,107,624.437147,0.37926126944711924,0.023177679548054837,0.06459037141464236,0.15794717137675507,0.00015282367225251172,-0.005194286626915784,0.4228971962616823,228.68011774342,1.0
4.139341,91,624.669299,0.3633095393241322,0.09158041690521712,0.07981053202779907,0.1699166447622575,0.050584325560831374,0.0021912484110228124,0.40384615384615385,220.99604942921448,1.0
13.476612,67,624.868878,0.304058145683987,0.05929032178872016,0.08778227287288613,0.23959270761735046,-0.0475999755695537,-0.003399200871235663,0.41417910447761186,230.44385036097003,1.0
13.88677,61,625.016804,0.2819726413631698,0.02183639196150471,0.10069728269736071,0.2714048346129796,-0.003283530783583563,-0.005743676613434641,0.4002732240437157,218.11349775880453,1.0
10.656112,60,625.172425,0.27394727319633927,0.07258942218732169,0.0724720618067394,0.27495017963688567,0.05623867775478229,0.01591810234462942,0.39583333333333326,224.92640199549157,1.0
14.085747,61,625.326303,0.2863610442934674,0.02229420876759161,0.061946394742581984,0.2599207423459122,0.00813644023099895,-0.0002989688064995819,0.3893442622950819,216.66481618006554,1.0
13.002649,61,625.503668,0.2788273786134516,0.041070998772482055,0.08719702184049592,0.2771148624013829,0.019518635531010638,0.025738146083628226,0.4084699453551913,223.89755222452624,1.0
4.03316,73,625.681475,0.3678122383993953,0.08952245957031481,0.08737526357526235,0.16382190190887128,-0.07693556944653544,-0.0206293898916067,0.37214611872146114,243.98306368358854,1.0
15.242285,64,625.837776,0.28771350717317545,0.016030899531762566,0.051252537992344575,0.2582218721984921,-0.002103059760365894,0.0038072029224963284,0.41796875,222.8219580530974,1.0
13.262404,58,625.979575,0.26998175521106155,0.019413047616155088,0.10184215150670735,0.2853318773114087,-0.007884328312911058,0.02105559585986709,0.42097701149425293,216.5513074594549,1.0
13.456965,88,626.24165,0.344382013373805,0.02467116742458113,0.059537137975185755,0.19779173794937474,0.007415681995721479,-0.008997528128992082,0.40624999999999983,213.99076067855586,1.0
13.888249,71,626.418126,0.3089429818027931,0.018812457174992865,0.077737602042746,0.23495597452858302,0.0028377456445382327,-0.016680064047264045,0.40610328638497645,219.00668426080483,1.0
14.551182,61,626.572058,0.2813121310758483,0.021002741196538346,0.06252694420668367,0.2669199485889707,0.002772985819775136,0.010493207962359793,0.3811475409836065,219.34422245101896,1.0
14.100674,62,626.723398,0.2819053585154062,0.03068265940665567,0.06527909036447464,0.27048954196078456,0.015805074758056193,-0.0037332818825509644,0.40322580645161293,221.61184641778132,1.0
14.977079,66,626.903127,0.29842416497854396,0.03712782165921201,0.061587317722884456,0.25057705758383453,-0.024228823404923883,-0.010941500617762279,0.42171717171717155,236.95399435880117,1.0
10.862886,61,627.056685,0.28273441085185214,0.061790569496522896,0.07351057499323267,0.26225151494861915,0.04616648344728082,-0.0022288903924849927,0.3934426229508197,213.88856496763515,1.0
14.063191,57,627.191856,0.26734962748917607,0.030928524402575767,0.07138503142078413,0.29233156179370373,0.01723811774737516,0.01420025981091496,0.3976608187134503,224.58602336323847,1.0
13.856012,59,627.337895,0.27192419883190916,0.030086231864588996,0.05766939017588268,0.28624822143385087,0.017910023681981385,0.0017823579177999654,0.40112994350282494,217.9422599182764,1.0
13.829942,62,627.513952,0.2786637838796639,0.03341543074629566,0.0619483876393833,0.2737206833791816,0.023286794919209867,0.010775510723749413,0.4193548387096773,221.21010028792534,1.0
14.333397,60,627.663138,0.2743849624215641,0.01918911758308018,0.06667416198736083,0.2781224828696284,0.009132417875785125,0.014979361610462226,0.39166666666666683,216.33233222576274,1.0
13.92753,57,627.804585,0.2683142245223525,0.016974727779465335,0.07535098837720994,0.2958420334364488,-0.0007703778405382534,-0.0014637298233701294,0.40789473684210525,221.3886646482789,1.0
13.662313,66,627.969606,0.29059891545957234,0.038084944425133264,0.08166347681895489,0.2613951939562697,0.01602363030014673,-0.01264419183433696,0.3977272727272726,218.2664538471944,1.0
13.901732,61,628.212291,0.2778084849029859,0.027198764110670355,0.06264685298749577,0.2766116138552002,0.011165383444117761,-0.003249963613338713,0.3920765027322404,215.84314906043335,1.0
13.544645,74,628.416141,0.3136304660241769,0.04172119417860591,0.06318266733352201,0.2304062077505761,0.012983990345822517,-0.003149046885190623,0.4279279279279278,217.5837709847994,1.0
14.121949,65,628.582349,0.2891058236778637,0.024852249305018392,0.07063489283702612,0.2592723849844289,0.01016091836962633,-0.018583411010506475,0.4076923076923076,217.49735562942635,1.0
13.972578,56,628.713487,0.2664832122351368,0.02026195436564888,0.07137075823911267,0.29548322390774767,0.012409318892188948,0.011829162580696186,0.4107142857142857,210.4814316476541,1.0
13.262943,63,628.887158,0.2831408923637737,0.04433198394393916,0.06393259569542117,0.26572646390583027,0.02941597119211838,-0.008353496415725036,0.4047619047619048,212.85027105913974,1.0
13.121017,58,629.035456,0.2690005735764129,0.0384387523251742,0.07137121175116129,0.28369874127661443,0.027196047318917106,0.014087191996836768,0.40660919540229884,215.0722286035159,1.0
14.562889,58,629.178926,0.26758322813262087,0.01828313716213207,0.07530994298592501,0.29045566230684,0.004166469734800398,-0.009646923095279874,0.3864942528735632,209.13995747057643,1.0
13.083898,57,629.318032,0.26482572857910824,0.034522670136992846,0.07668914674860489,0.29130303855432077,0.02968486726144238,0.003208936278416033,0.40789473684210514,214.83444220542907,1.0
11.64647,54,629.450441,0.2625944020934534,0.04903784256434696,0.06827441308127084,0.302077921816734,0.035355379899521845,0.0026365591198457437,0.3827160493827159,217.96901747958285,1.0
13.464781,62,629.632095,0.2770738129804847,0.03649774830537182,0.07941690917364162,0.27214323933164897,0.026641489497376995,0.005501746573841846,0.3884408602150538,215.47668293263362,1.0
14.405253,65,629.792806,0.2895111381088056,0.02102725160834471,0.06846255412055278,0.2609526081383411,0.008055494608111533,0.009482162462894331,0.40512820512820524,218.99825453791607,1.0
6.046432,55,629.926523,0.2714402344507622,0.11652149792681764,0.06735563188470944,0.27999396733239856,0.0916638074424366,0.01683874938860163,0.36666666666666675,223.80240752374914,1.0
13.682131,63,630.083569,0.27615242728355,0.044334913412741754,0.06613517865982502,0.27635427759862874,0.030741843255529554,-0.016473307227768862,0.4034391534391533,216.4276714149779,1.0
12.618815,60,630.255934,0.27097998473526475,0.049425061487909754,0.07512722625087853,0.28292528751710583,0.04102193216044535,-0.010646040842772616,0.4027777777777778,213.32617575993385,1.0
12.332177,60,630.401721,0.27737203376376,0.058353299577321584,0.06762765685433929,0.27700840626123496,0.03658007681474199,-0.008714857903239535,0.37500000000000006,217.62898274348905,1.0
13.823499,61,630.54174,0.27812666662207275,0.03598650255424617,0.07238996956723834,0.27341422270856214,0.019398064689572243,-0.001069805168270279,0.4180327868852458,217.0439915795553,1.0
9.207761,60,630.696174,0.2794482662040383,0.0894254558699188,0.07438120446631333,0.26914553638790817,0.06308279139602277,0.018955175596650154,0.37500000000000006,221.62416595979911,1.0
13.980381,56,630.865944,0.2694919148147311,0.038828969106498044,0.08209270551896779,0.2879626049686812,-0.03095260029908751,-0.023735273933528856,0.41220238095238093,227.1875101172971,1.0
14.644446,61,631.018431,0.2764510198073585,0.01667257547185696,0.06258457568677062,0.27285157492387635,0.007031460443278221,-0.012359283517825559,0.40710382513661203,213.54692214224593,1.0
14.980972,62,631.176306,0.2776981479174405,0.02770316471222111,0.07073382880443836,0.27384030381165797,-0.015310878747703446,-0.017286467913870385,0.4260752688172043,219.64608115853977,1.0
14.858169,60,631.32782,0.2695548377933722,0.017991026674532354,0.06841269715745076,0.2893176255124868,0.008377926519499864,-0.002628510067362193,0.4013888888888888,216.06342334045385,1.0
14.184212,62,631.508812,0.28057013655170915,0.03202902371938224,0.06502502046600901,0.2716510031409595,0.01883189977252921,0.001961183690175587,0.4193548387096773,214.11800387955572,1.0
14.830354,62,631.664586,0.28278819312134074,0.021305446972466974,0.07120767107924458,0.2696313553735373,-0.00414979794582669,-0.004113366418213323,0.4287634408602149,220.20481047509253,1.0
12.304834,62,631.813709,0.27877985525787335,0.048479036932618014,0.08044263069155476,0.27113649198739054,0.0377077417701007,0.014052092503295652,0.4005376344086022,218.4515948305203,1.0
14.439988,59,631.96175,0.2677792553863623,0.03546749641898689,0.058843941016070864,0.29419244848456944,0.02354648075212884,-0.0010712478677636546,0.40536723163841804,220.6696921276822,1.0
14.089304,56,632.100548,0.2615365512543088,0.026627103550800005,0.05945708163077063,0.30190827980204216,0.01872787654481866,0.007192483739961261,0.39732142857142844,219.0498335735543,1.0
13.818193,66,632.292989,0.29368817738653175,0.018883530485176596,0.08490408117074705,0.25025404583979355,0.009342932407046645,-0.014278189564885085,0.41035353535353536,215.07970800325413,1.0
10.29663,80,632.487367,0.34200648237814946,0.08367295966896302,0.08355461531603847,0.19439348829942424,-0.056749366675997545,-0.034787899510900895,0.43125,231.49287027444848,1.0
7.394108,61,632.64185,0.2783244459920344,0.09852029421440911,0.10558920989443188,0.26797431506703634,0.07001172197931067,-7.39808608135267e-05,0.38114754098360654,222.2408694234925,1.0
9.971456,61,632.822982,0.2795805761004954,0.08033745106725249,0.07471808014005775,0.2661998738082947,0.053918579921075016,0.006912696421146312,0.3811475409836064,220.33726369816512,1.0
15.05633,65,632.99296,0.2874529522575786,0.02391150416398942,0.0680590984312828,0.2615136350148229,-0.0040973795851321935,-0.009914084875483295,0.4089743589743589,217.91630936035884,1.0
13.173134,59,633.145617,0.27506781133040603,0.04519783108898232,0.08081289633407304,0.2811194549308505,0.02719176032932837,0.002496453611748065,0.3954802259887004,219.2738560847953,1.0
15.08701,71,633.319563,0.305070572527059,0.0220199100183668,0.0678646908530162,0.23870135407877818,-0.012983190060175287,-0.015915416401174665,0.43192488262910783,220.0829087083336,1.0
15.002282,71,633.517833,0.3050199151203993,0.026353217614339272,0.07188752329465638,0.24168879109119581,-0.014157477469183383,-0.010084199628817715,0.42840375586854457,221.55242532403486,1.0
14.889405,70,633.692121,0.3052008436722155,0.024408911428140227,0.07092434196451865,0.23825480450707193,-0.014152822959744602,-0.013429091152688621,0.4369047619047618,217.68377723330175,1.0
12.339196,58,633.829784,0.2670477001261064,0.04983206161437607,0.07157677931825446,0.28985655497155494,0.03652195423161882,-0.006510285799559081,0.43103448275862066,220.6806625376357,1.0
13.430591,74,634.010477,0.3153526269967622,0.02319747307275929,0.09046935991306729,0.226106411945393,0.002750547622843578,-0.017309710318203577,0.42342342342342343,221.43847676674676,1.0
12.244527,53,634.170911,0.25369194127185324,0.04376396445265998,0.06625963644370064,0.31628430859866474,0.03458255435479964,0.004893068739697292,0.4072327044025157,220.58706539016003,1.0
9.748295,56,634.307056,0.2616721803248319,0.08016765541481942,0.07808550192828514,0.2951550673314185,0.06263345098818565,-0.00854353203175331,0.39732142857142855,222.87698272245183,1.0
9.80619,56,634.453929,0.26507836174877414,0.07279778043860279,0.08089692372903245,0.2916788992833853,0.05901059534224596,0.009450382757654575,0.4032738095238095,220.10365302072546,1.0
14.51388,57,634.591109,0.2695601703737252,0.02119708276159188,0.08705009221366859,0.2880942907721968,-0.013803877588905424,-0.014761563553024633,0.42690058479532156,218.89910615680301,1.0
14.758694,62,634.742638,0.28144483565227413,0.01592693551339381,0.062034678659709144,0.27113546407745504,-0.003939681394610768,-0.0156938631693183,0.418010752688172,214.0176628230591,1.0
15.22784,64,634.925518,0.287937303307077,0.024025645354505406,0.06473869822965696,0.25955906909676957,-0.014225317236537405,-0.00877236807780363,0.41536458333333326,220.30114325186997,1.0
14.01427,58,635.073416,0.268956702266824,0.019310801458421945,0.0762622719679013,0.28611371285387704,0.005965718722762127,-0.0017497181239532077,0.4295977011494252,218.87269740087643,1.0
13.146422,58,635.213988,0.26742636289193333,0.049244003917267236,0.06183312410062622,0.2880727079071425,0.03586653984295133,-0.002326630340830234,0.42385057471264365,217.295138891028,1.0
14.975938,63,635.379324,0.28231692314562784,0.020410816014718336,0.06636725491513876,0.26915189352144964,0.008054922423094621,-0.01196883803081535,0.4021164021164021,218.17400220198826,1.0
14.732315,61,635.550869,0.2722491793192972,0.020841933757911504,0.05316025827810245,0.2829182239636544,0.014934459185248711,-0.002576950628364416,0.4153005464480874,216.76530675934745,1.0
13.272165,62,635.705514,0.2788282718544284,0.04535878440884034,0.08021944425129048,0.2787615103528434,0.024075995338051322,-0.026115699028585872,0.4247311827956989,218.89543690684036,1.0
14.789317,57,635.851936,0.27150009202969233,0.03538049242737524,0.05586614874212942,0.28592726010116143,-0.024182560140908946,-0.02507133441925775,0.42836257309941517,218.28848156354792,1.0
13.75182,69,636.0262,0.3080406604874265,0.039266327678405634,0.09192637586901488,0.23307739107589323,-0.03141299681693508,-0.02326699104062581,0.4166666666666666,229.45579462741,1.0
13.47763,64,636.202952,0.2872948772767754,0.025344262976800428,0.05859723016108668,0.2567870606953236,0.01641805685904143,-0.006345868164689514,0.421875,208.16407932638845,1.0
12.847454,63,636.36293,0.28622864294628475,0.03814098048722909,0.07091383125608938,0.25933416546095045,0.02017209694450968,-0.009031360045924638,0.39153439153439157,218.39463135004874,1.0
14.064893,67,636.527783,0.2985580228440954,0.04160335009751883,0.07154946792868754,0.2436193793517522,-0.02293198382347011,-0.01454179713888147,0.417910447761194,210.78307232796107,1.0
11.881284,66,636.684702,0.29586833846438493,0.04627347456498548,0.07789616614980123,0.24801590725201741,0.031049536676080076,-0.011161622595996085,0.4053030303030303,217.34375003800486,1.0
14.007606,60,636.844964,0.27413000311002644,0.020369146911310754,0.07950240413266177,0.2738797977649156,0.01166454884276525,0.017006966134304524,0.4194444444444445,213.07793613462024,1.0
13.792921,62,636.996691,0.28516216079301043,0.019541282479254487,0.07114345098455212,0.26053319059103364,0.006261629375227447,-0.0022928011432894703,0.4072580645161291,210.92445391737354,1.0
12.432803,56,637.131428,0.2639671878073286,0.05216508302040411,0.060537032172120975,0.2935320187565594,0.03536522132647239,-0.011569831425360047,0.394345238095238,220.1896107366663,1.0
14.696421,66,637.297624,0.2901003456273771,0.03730599560327123,0.06832220456634004,0.2577652679277426,-0.0250377312156475,-0.009712045150366487,0.42424242424242414,221.51905426278506,1.0
14.263622,60,637.469641,0.27845922947211266,0.02729691395122493,0.06508868006171496,0.27061743557848417,-0.012108783966459083,0.0012598443345708387,0.42777777777777787,215.70161651758795,1.0
12.938872,58,637.61136,0.2692186465123773,0.030099269428565445,0.07907800135290506,0.2830300775704639,0.019055166985247403,0.014476201971818828,0.4339080459770114,214.0702664133287,1.0
12.349192,54,637.748157,0.2558772568961975,0.029346393637720465,0.09972554840980918,0.30572924522795875,0.022243208203451388,0.018707243660296614,0.4259259259259259,217.4248317975252,1.0
13.219999,58,637.892578,0.2627000687041454,0.03840832885478307,0.07322656999395698,0.2934580280892417,0.026816086986977503,0.025816840927573387,0.41235632183908044,222.4640013114182,1.0
11.460156,57,638.034177,0.26992170555859507,0.05609017493928497,0.06266994865087491,0.28313820163809933,0.04283168457282162,0.015354862243032381,0.4108187134502924,221.1980316349405,1.0
12.949348,55,638.192245,0.26527185929055525,0.018099169828250324,0.08542027998725327,0.29203085114135074,0.0013957565266757479,0.02195010423919016,0.4106060606060606,209.59921082397696,1.0
11.670912,56,638.336551,0.2667819644910028,0.0358567364232947,0.09706965580388112,0.29415392342793145,0.023721464891093308,-0.022806782972708505,0.40029761904761896,221.80586706823058,1.0
13.983968,55,638.477625,0.2699891421598835,0.022036600885400666,0.05319802751023548,0.2847957784854099,-0.013421300179206013,0.011805536100929886,0.4106060606060606,215.9815249719717,1.0
13.377279,55,638.610188,0.2654501030317312,0.024895284009923815,0.08328367403765989,0.29294501245498644,0.005286282140839128,0.004033374734629822,0.3999999999999999,216.84257447217084,1.0
15.00949,76,638.808501,0.31649260874725155,0.023923388036139862,0.0561635632676875,0.22270251339233688,-0.01157519586865708,0.005755892866831756,0.4166666666666665,215.0528645523944,1.0
9.97538,54,638.939225,0.2609555920155937,0.06864238231682751,0.0921287331587286,0.2962255815898911,0.05398207996429269,-0.015264426415504797,0.4043209876543209,218.71311035112828,1.0
13.96075,59,639.091036,0.2771029490070221,0.0446911272071476,0.07334943502932391,0.270610196776954,-0.032941304624456574,-0.01659834576465197,0.43644067796610164,222.46617579187048,1.0
13.454917,54,639.222671,0.2620178416291631,0.048358074495242764,0.06367420765781415,0.29488464486486604,-0.022608304457785833,-0.015098548855290309,0.4089506172839506,210.6646531610099,1.0
13.825581,65,639.401618,0.29594945002594775,0.042643065392130294,0.07740918657362897,0.250049461339275,-0.028000038288954022,-0.022020263075995312,0.4256410256410256,224.51782384801717,1.0
10.406456,54,639.530627,0.2601949422936122,0.06143042029183304,0.07467103563924686,0.30761793178837915,0.045809682169936944,-0.012971632096255613,0.3935185185185184,224.09882033943427,1.0
11.212184,56,639.667345,0.26780598241547515,0.05364312765201951,0.07173073762016122,0.28971942993023386,0.038576276572235155,-0.014168568923716365,0.40029761904761907,218.52176945551832,1.0
15.340275,60,639.810019,0.2685228310303285,0.015116569890164152,0.062498472700393416,0.2904553210192413,0.004876716468458936,0.006665487344112343,0.41944444444444434,218.40578369467818,1.0
11.969579,75,639.992018,0.3304164741566434,0.06063694619231201,0.07660661634248926,0.20316195415979318,-0.04273983195694918,-0.016353820003729265,0.44222222222222207,232.08629465129852,1.0
13.753773,55,640.134257,0.2679823357351487,0.025202365541185403,0.08592838547389246,0.2920389016154548,-0.017327326533527664,-0.011133230917911827,0.3999999999999999,219.55502436204048,1.0
13.427942,70,640.298242,0.30586184413528106,0.02629775247122766,0.07531293461365374,0.24074619494653215,0.0026613422133331104,-0.0036773852407558294,0.4392857142857142,218.61279279318094,1.0
4.842861,53,640.435405,0.3137478103579057,0.10936016270391626,0.072089331606245,0.2207682626728323,-0.09311356348226658,-0.020028386890547412,0.3946540880503144,230.17793159997774,1.0
13.483937,52,640.564085,0.2584291288149023,0.014157192225678003,0.06016335926666415,0.31342574687484326,-0.004241675785858873,-0.00754496525127729,0.38461538461538464,223.2298533957851,1.0
13.615602,63,640.746431,0.27951719713730555,0.024598347460407895,0.09961961142834874,0.27387612802597877,0.00935585480856883,-0.04817245412763757,0.41005291005290995,215.58718097222558,1.0
12.330664,57,640.891176,0.270642029128735,0.040583560667252404,0.06942324650525797,0.2872938459099033,0.02828307997845832,-0.012929022477802574,0.37719298245614047,217.40099514488242,1.0
13.353183,64,641.050558,0.2875522406416192,0.017028687212439525,0.10921389198887248,0.2608085679507878,-0.003717621216740525,-0.04831236324700153,0.41666666666666663,214.43726873362738,1.0
13.964608,67,641.215417,0.29165734393463183,0.02282335219316887,0.06940442966286679,0.25562165673590787,0.012742513587890877,-0.023676841049140758,0.42288557213930356,211.9263505642875,1.0
14.189786,58,641.374318,0.26766934885295757,0.017433786333126877,0.07522331974376593,0.2927801646258992,0.004175705557105911,-0.013064371713144994,0.39080459770114945,216.48580849896723,1.0
12.198165,78,641.579828,0.32447036709654326,0.03377396694567916,0.10200648275543261,0.22169130073195953,0.0002953553940361103,-0.03406608250446149,0.4134615384615384,220.94154580878006,1.0
14.459332,74,641.76404,0.3145473467626801,0.049640973431407796,0.07445399512268554,0.22983466936171776,-0.03660870046178222,-0.012563428130818682,0.3975225225225226,220.480084971291,1.0
14.063174,58,641.906756,0.27073415527615663,0.024602487302267585,0.07556926320588137,0.2953799747530905,0.00023333549992409026,-0.028981678402374204,0.3864942528735632,215.9045470334023,1.0
11.046208,76,642.116903,0.32669761981840095,0.07795898966559309,0.09669599922718218,0.21059450462637172,-0.05672197707514114,-0.04167789212906517,0.3947368421052633,218.0383837198531,1.0
15.304985,62,642.269295,0.27798208759754833,0.0284163257793007,0.06625424421375904,0.2732947154134926,-0.022333287696225494,-0.023641233101853048,0.3696236559139785,221.2113644403882,1.0
12.347125,71,642.446376,0.3116023156865212,0.0566724043377209,0.11105075774324753,0.23099550407374878,-0.04592772831865776,-0.04149619558213891,0.3967136150234742,227.96248922620833,1.0
12.92322,65,642.614181,0.2943804579453396,0.058530532553198636,0.09081581303610625,0.2517396024872274,-0.04562070288533305,-0.037749068184269596,0.4115384615384615,223.440262516637,1.0
13.109856,57,643.201776,0.26956833197586877,0.027046146184696935,0.09920669969191999,0.29542280765051593,0.011726979114236558,-0.03152275325397773,0.3640350877192983,216.01677735921496,1.0
14.194023,61,643.354617,0.27053121080705705,0.02394614587723561,0.1011103232065063,0.2926184615362277,0.0013624895052203431,-0.03775251233547786,0.3770491803278688,221.18376653310563,1.0
14.669479,65,643.514757,0.2892351885372381,0.021518973124325477,0.09567643909130397,0.2661423613843266,-0.016938246548360653,-0.031164678514741005,0.3948717948717949,218.75908405085372,1.0
13.405807,60,643.664088,0.27173043529313745,0.031627042405595135,0.0708472915986243,0.28308440806035645,0.023378018288539353,-0.024501774504202715,0.3597222222222222,213.24822834098322,1.0
11.850213,62,643.83456,0.28258105942630685,0.04509067845949227,0.10367273536282712,0.2728148847721586,0.02264059941593734,-0.04384666832777743,0.3588709677419356,219.5954890779333,1.0
12.939181,59,643.987802,0.2777059386980792,0.036188775492860356,0.1148936506780788,0.2912606794577637,-0.02963222052010961,-0.033469594741314695,0.3545197740112995,226.21260576020987,1.0
13.29168,65,644.145244,0.29342437313416964,0.04634125821821278,0.1012730294696094,0.2528985197148219,-0.03907934512496308,-0.02725565594303005,0.4051282051282053,217.95303784972205,1.0
12.430257,68,644.31221,0.30533402465497933,0.07043303875596203,0.09655628766844931,0.23723358057237853,-0.055403841230735225,-0.029403188207113684,0.38480392156862747,223.27496706208444,1.0
11.993611,84,644.537439,0.3450737514053467,0.055587948745943805,0.0969629877429664,0.19407507142702568,-0.04240798781001461,-0.03484616178135918,0.38095238095238093,224.77958207949308,1.0
13.400064,57,644.672496,0.2683094449732924,0.027196041020203943,0.0864942017050302,0.30250633150316797,0.011801534348000905,-0.029698091978179283,0.37573099415204675,223.38032250211765,1.0
13.245313,72,644.844795,0.3088832475727358,0.039305945014266395,0.11048183824393433,0.2358225566533886,-0.029050566753941076,-0.020921109868762357,0.38078703703703703,215.3192683602597,1.0
13.587766,68,645.029585,0.2959689750607441,0.015300759898031452,0.09662917629424722,0.25711254063821487,-0.00474478062378118,-0.03723238195634814,0.36029411764705876,211.074625024328,1.0
14.066277,74,645.21064,0.30947368375353246,0.02305329361649872,0.0928037028397232,0.23939750510427718,-0.013757675250671703,-0.03200693363208154,0.38063063063063074,209.93499107559796,1.0
13.799131,67,645.374916,0.2920559637049367,0.0346209852050563,0.11362444886868808,0.2598290414658904,-0.029163115070186183,-0.030383845770664185,0.38432835820895517,221.63223302805503,1.0
13.433574,70,645.544899,0.2998994312861876,0.022944799820706133,0.10599875477825434,0.25220673996172815,-0.017374968245162235,-0.0374386977038173,0.38928571428571435,216.47695928979658,1.0
14.030406,62,645.707964,0.2801077890892818,0.019416530885900465,0.09133916359785225,0.28446391030267776,-0.014073804932165401,-0.04748980494481824,0.35887096774193555,218.79246596052252,1.0
11.355679,65,645.863494,0.28421614149903585,0.04047529719711838,0.1458491370446707,0.2746835477102193,0.0027041377011001247,-0.04511991152030552,0.35769230769230775,223.88812853467445,1.0
10.902431,61,646.018927,0.2906520435888328,0.0831503920988857,0.11365667379782271,0.26125934987499455,-0.06383187142395819,-0.05900827371687043,0.36612021857923494,221.88042540204117,1.0
11.552124,56,646.154125,0.2678584562731136,0.04067760857036125,0.10616538130722959,0.302007478144031,0.019939501874289826,-0.0417555373404361,0.33779761904761896,218.26935358145903,1.0
13.392545,57,646.317132,0.2700346342483684,0.024455737941618795,0.10740695317951804,0.3045839009755695,-0.019830879128335276,-0.036019584849737364,0.35526315789473684,227.0132570606884,1.0
12.441929,63,646.474448,0.28718541142584725,0.0442566524133995,0.1311733900320806,0.2628383324095687,-0.03841757477405543,-0.05192207455170499,0.3611111111111111,223.82904558961303,1.0
12.637235,60,646.626841,0.2768661751081938,0.059873936638339065,0.1238107167110681,0.2814532611580747,-0.04983836831294228,-0.06070528887806756,0.3555555555555555,225.17896998078263,1.0
6.171515,74,646.816007,0.33866742146328715,0.11193886006102273,0.10052954231254739,0.19772060719772705,-0.08491711596591205,-0.05636905850087897,0.37950450450450446,235.80055278401952,1.0
12.200363,71,647.023824,0.3015919854742534,0.031192029811805258,0.12052465623914146,0.24820376014148343,-0.0010134751646425429,-0.054777514502094976,0.36267605633802824,220.65580587971965,1.0
12.14559,62,647.175248,0.28575671461939894,0.0788778550397154,0.10630747386743175,0.2651735927892691,-0.06491381217623442,-0.04411595282484429,0.35752688172043023,221.4334700752925,1.0
13.007841,55,647.311101,0.2700669823909177,0.01919008115849753,0.09615824682612638,0.2976508888657123,-0.01341032260827124,-0.014957922139406426,0.3575757575757576,212.77943776318608,1.0
13.662949,65,647.474585,0.2826729534613027,0.02407014454587648,0.0935764098504826,0.2714047253137653,0.005205079491891931,-0.03590544144268794,0.3679487179487179,219.2768643519855,1.0
12.185,55,647.610113,0.26455904295162347,0.028311716177666018,0.10646844782813737,0.3128763558267973,0.00662644503978887,-0.029355635392640817,0.3757575757575756,221.74515608413626,1.0
12.545993,61,647.781457,0.27527762172829184,0.05186185319507459,0.08186928455245528,0.28158117306350544,0.030695610241297737,-0.037192520371507116,0.360655737704918,217.32816565708637,1.0
11.777392,67,647.943167,0.29818211669763495,0.0675493497129104,0.11345047984723668,0.2456556947929909,-0.05232084212352622,-0.04368656208692606,0.38308457711442795,216.6492124135249,1.0
14.021069,71,648.12031,0.30194302976179604,0.02039972476951056,0.0955118168200974,0.24686451733784523,-0.004215705703617425,-0.030280591830664182,0.37206572769953056,212.20260785176202,1.0
14.107457,69,648.294232,0.2936990498314706,0.022339659068767434,0.09590163532148872,0.25709166375353454,-0.011748234367844375,-0.02763284568641028,0.37077294685990325,212.44410363726683,1.0
13.018644,57,648.429523,0.26836987576210797,0.015470893415180174,0.0852597446503026,0.2911723584621798,0.00989822206058865,-0.030023490513248124,0.35526315789473684,214.34061789201417,1.0
13.172966,64,648.576642,0.2859823452886562,0.036726544412341564,0.08872821581575799,0.2668995295123857,0.008600472678375888,-0.02751119107619277,0.35286458333333337,218.37630460385483,1.0
13.727769,67,648.748638,0.2893766691261846,0.023654976330090133,0.1167930815258246,0.26434811349350984,-0.01586159857916345,-0.03215572623116336,0.3569651741293532,211.577268562435,1.0
14.376158,60,648.908644,0.2706156932864914,0.013639768444874701,0.07673361785763026,0.2920746998347831,-0.004576629101219972,-0.01634932391835562,0.37638888888888883,213.6995871114066,1.0
14.234502,66,649.078438,0.28650089804563605,0.02052294454679525,0.08630019438345622,0.2683374840788991,0.008228876052633774,-0.01424533570853311,0.35353535353535354,218.19632182041235,1.0
12.376491,68,649.242322,0.2941931052264575,0.026561307693438497,0.12765162007681077,0.2566972039785555,-0.00045609597447465315,-0.02783998065973981,0.36887254901960786,221.85193285817226,1.0
14.285793,61,649.385044,0.2743992177150722,0.034657001703525314,0.08939602881510866,0.28056593641897326,-0.027883410532124887,-0.020930380940115772,0.3907103825136613,213.83151431241885,1.0
13.915522,60,649.552697,0.2758711698427334,0.03259073581964208,0.08943502073153846,0.2789732407506938,-0.023263030054292484,-0.033737680618157614,0.36944444444444435,211.548469082104,1.0
11.447896,67,649.726308,0.305762423610055,0.07932761810444046,0.1014879412066367,0.23430524691772636,-0.06759922284612749,-0.0347981315042437,0.3905472636815919,235.11138047403384,1.0
13.707725,63,649.885667,0.2802261838548803,0.01531323787879056,0.09950973165910676,0.28172586660261173,-0.010886443651779903,-0.01988738546008069,0.3690476190476191,225.55117985593463,1.0
12.457485,60,650.033337,0.272051974700524,0.03713656189715765,0.09441394843321747,0.2921049403898676,0.009937777698502041,-0.048441444933900374,0.34444444444444444,224.91745338319782,1.0
13.442838,57,650.174487,0.2708915977370028,0.04202920278808111,0.09423057702483512,0.28499562444565696,-0.03506477558666536,-0.05194780302475287,0.39181286549707595,215.7970314746398,1.0
12.602579,60,650.344909,0.2686472263369756,0.034790252067633906,0.0852564750093917,0.28714517376550225,0.02493063817587374,0.0017383320649192566,0.3791666666666666,216.90836785140752,1.0
9.868762,61,650.499778,0.28901510000699737,0.09631527963910293,0.11949326903594848,0.25503585230145737,-0.07694127000734914,-0.061905451585560524,0.38387978142076506,230.92414291256097,1.0
13.609698,58,650.637394,0.27477787994407404,0.06623023122416931,0.06424369635933637,0.27953409330963314,-0.05331041414204213,-0.020350005055231424,0.3908045977011495,222.59666606701953,1.0
13.580064,62,650.787546,0.27944502858050285,0.03125964715263121,0.10606861011567283,0.2708819821019995,-0.02299735781117783,-0.024671066828151164,0.3776881720430107,215.2102425013589,1.0
13.500109,56,650.946316,0.26680700192206996,0.015611535346219159,0.07413686682834965,0.2934627806013871,-0.0007488115717679483,-0.013526190499060202,0.3809523809523808,217.51220499750457,1.0
13.943008,61,651.093117,0.27461105777972994,0.012435947142290219,0.08566835876318034,0.2827498570833876,-3.888234190397507e-05,-0.022886338460757195,0.3920765027322404,218.5772456811227,1.0
14.58199,58,651.233358,0.26760331088150763,0.03881671423171926,0.08142907125154639,0.2899046474665767,-0.032284773858296346,-0.0163068924558648,0.3936781609195403,216.17628139176904,1.0
12.839685,67,651.391284,0.299345466748074,0.05064240420166105,0.10411818351192703,0.24265371667576394,-0.038785976573081804,-0.032534046495908915,0.40049751243781095,219.4682144960547,1.0
14.007255,62,651.566832,0.27539902744446804,0.017787316410644256,0.08807827588241497,0.27574822105017105,-0.00535797286428651,-0.015847009875967977,0.3830645161290323,216.1722647910149,1.0
13.180893,59,651.707883,0.27530401559323814,0.05326473925497788,0.09996613027763827,0.2752689487717627,-0.04432459943393494,-0.019214447696243683,0.40395480225988706,224.66894542483948,1.0
13.960304,62,651.86166,0.2799257343427433,0.05989196244912771,0.0859289897271066,0.27155026862125864,-0.04656909290194805,-0.01793396933988998,0.39247311827956977,223.12528764060193,1.0
14.13925,64,652.016288,0.28459400206889895,0.017146229709817277,0.08129875558239502,0.26792069139839503,-0.005323556639672011,-0.021365620232449842,0.3802083333333334,221.71167383114064,1.0
14.360846,66,652.19789,0.29167304955815865,0.03923871790449142,0.0718065539347679,0.2550067381942263,-0.03073752415664681,-0.022202743988640028,0.3775252525252525,218.5682646908589,1.0
14.488947,58,652.33551,0.26744502837715506,0.014502460818124584,0.06034719002395786,0.2890115910642564,-0.0015618404276828161,-0.0027784256229868988,0.39942528735632166,210.60278251666787,1.0
14.63273,63,652.487745,0.28200049217007384,0.028189361914434247,0.0748159350837907,0.2691648870571052,-0.01964694444957141,-0.02982694906642345,0.4113756613756613,219.45216255327978,1.0
12.888427,57,652.62774,0.2648635189824786,0.01580615261876534,0.0830541888108092,0.2947001057221776,0.011519206423541805,-0.02254785946308324,0.3859649122807016,215.09722532271763,1.0
13.62399,61,652.80275,0.2780097005695838,0.05182473863629514,0.09616818475824801,0.2741717113371689,-0.043130074630636124,-0.03931544046407607,0.4084699453551912,225.7498035069011,1.0
13.966862,59,652.956638,0.26951850355449697,0.019934216734221445,0.07841316480293488,0.291105953867784,-0.00011291993465077502,-0.03587671836381022,0.3954802259887006,220.12703980163317,1.0
12.893816,53,653.09254,0.2582367978563123,0.02237291064628595,0.08139292288344428,0.31698810621236323,-0.005810250545561497,0.012304279205852319,0.3899371069182391,220.44518613391264,1.0
13.215909,75,653.27934,0.3211183634698693,0.05364819662023022,0.08601052530570116,0.2217669541785353,-0.0433055547508867,-0.03340566362871233,0.4066666666666666,231.48174609541564,1.0
14.228633,63,653.431119,0.28036575236419053,0.019942024305338552,0.07295144132282287,0.2772356565058957,-0.0015255402838900082,-0.022128243345336064,0.414021164021164,220.90539062906115,1.0
13.124085,58,653.602521,0.26516757087642523,0.025094987234515774,0.1021060018889966,0.295414776332157,-0.01713536239759912,0.016981042382960398,0.4209770114942529,214.75418377229948,1.0
13.931293,58,653.744575,0.2676051139769881,0.013263104912989498,0.07273401013533237,0.29138315854519875,-0.005025619088654777,-0.005564063863416136,0.4166666666666667,219.17158816363687,1.0
14.267972,60,653.89157,0.2716062016754978,0.03898184226234796,0.09229120456518088,0.2836748134363239,-0.03207506274198409,-0.016522799892535186,0.3833333333333334,223.56244459036967,1.0
13.894384,70,654.064144,0.30190898435545155,0.023084503966813837,0.08947842184803655,0.2415667784720911,-0.007775393503597177,-0.024854815100659802,0.39285714285714285,217.18009417689714,1.0
